   1.5381945E+03   7.2600000E+02   0.0000000E+00   0.0000000E+00   0.0000000E+00
   1.5382021E+03   7.4200000E+02   0.0000000E+00   0.0000000E+00   0.0000000E+00
   1.5382096E+03   7.7200000E+02   1.0000000E+00   5.4114785E-04   4.1776614E-01
   1.5382171E+03   7.0900000E+02   0.0000000E+00   0.0000000E+00   0.0000000E+00
   1.5382246E+03   7.5100000E+02   0.0000000E+00   0.0000000E+00   0.0000000E+00
   1.5382322E+03   7.3200000E+02   0.0000000E+00   0.0000000E+00   0.0000000E+00
   1.5382397E+03   7.7500000E+02   0.0000000E+00   0.0000000E+00   0.0000000E+00
   1.5382472E+03   7.7900000E+02   0.0000000E+00   0.0000000E+00   0.0000000E+00
   1.5382548E+03   7.0200000E+02   1.0000000E+00   9.5563290E-04   6.7085429E-01
   1.5382623E+03   7.7500000E+02   0.0000000E+00   0.0000000E+00   0.0000000E+00
   1.5382698E+03   7.7800000E+02   0.0000000E+00   0.0000000E+00   0.0000000E+00
   1.5382773E+03   7.3800000E+02   0.0000000E+00   0.0000000E+00   0.0000000E+00
   1.5382849E+03   7.6800000E+02   0.0000000E+00   0.0000000E+00   0.0000000E+00
   1.5382924E+03   7.1300000E+02   0.0000000E+00   0.0000000E+00   0.0000000E+00
   1.5382999E+03   7.4400000E+02   0.0000000E+00   0.0000000E+00   0.0000000E+00
   1.5383075E+03   7.5300000E+02   0.0000000E+00   0.0000000E+00   0.0000000E+00
   1.5383150E+03   8.0400000E+02   0.0000000E+00   0.0000000E+00   0.0000000E+00
   1.5383225E+03   7.4800000E+02   0.0000000E+00   0.0000000E+00   0.0000000E+00
   1.5383300E+03   7.8900000E+02   0.0000000E+00   0.0000000E+00   0.0000000E+00
   1.5383376E+03   7.4600000E+02   0.0000000E+00   0.0000000E+00   0.0000000E+00
   1.5383451E+03   7.3500000E+02   0.0000000E+00   0.0000000E+00   0.0000000E+00
   1.5383526E+03   7.7700000E+02   0.0000000E+00   0.0000000E+00   0.0000000E+00
   1.5383602E+03   7.5700000E+02   0.0000000E+00   0.0000000E+00   0.0000000E+00
   1.5383677E+03   7.1800000E+02   0.0000000E+00   0.0000000E+00   0.0000000E+00
   1.5383752E+03   7.3800000E+02   0.0000000E+00   0.0000000E+00   0.0000000E+00
   1.5383827E+03   7.6800000E+02   1.0000000E+00   1.8162656E-04   1.3948920E-01
   1.5383903E+03   7.4400000E+02   0.0000000E+00   0.0000000E+00   0.0000000E+00
   1.5383978E+03   7.4400000E+02   0.0000000E+00   0.0000000E+00   0.0000000E+00
   1.5384053E+03   7.7700000E+02   0.0000000E+00   0.0000000E+00   0.0000000E+00
   1.5384128E+03   7.1900000E+02   0.0000000E+00   0.0000000E+00   0.0000000E+00
   1.5384204E+03   7.8000000E+02   0.0000000E+00   0.0000000E+00   0.0000000E+00
   1.5384279E+03   7.3100000E+02   0.0000000E+00   0.0000000E+00   0.0000000E+00
   1.5384354E+03   7.4300000E+02   0.0000000E+00   0.0000000E+00   0.0000000E+00
   1.5384430E+03   7.6800000E+02   0.0000000E+00   0.0000000E+00   0.0000000E+00
   1.5384505E+03   7.6700000E+02   0.0000000E+00   0.0000000E+00   0.0000000E+00
   1.5384580E+03   7.4400000E+02   0.0000000E+00   0.0000000E+00   0.0000000E+00
   1.5384655E+03   7.9500000E+02   0.0000000E+00   0.0000000E+00   0.0000000E+00
   1.5384731E+03   7.6800000E+02   0.0000000E+00   0.0000000E+00   0.0000000E+00
   1.5384806E+03   6.9100000E+02   0.0000000E+00   0.0000000E+00   0.0000000E+00
   1.5384881E+03   7.5100000E+02   0.0000000E+00   0.0000000E+00   0.0000000E+00
   1.5384957E+03   7.4900000E+02   0.0000000E+00   0.0000000E+00   0.0000000E+00
   1.5385032E+03   7.7200000E+02   0.0000000E+00   0.0000000E+00   0.0000000E+00
   1.5385107E+03   7.5200000E+02   0.0000000E+00   0.0000000E+00   0.0000000E+00
   1.5385182E+03   7.4900000E+02   0.0000000E+00   0.0000000E+00   0.0000000E+00
   1.5385258E+03   7.4800000E+02   0.0000000E+00   0.0000000E+00   0.0000000E+00
   1.5385333E+03   7.9100000E+02   0.0000000E+00   0.0000000E+00   0.0000000E+00
   1.5385408E+03   7.7100000E+02   0.0000000E+00   0.0000000E+00   0.0000000E+00
   1.5385484E+03   7.6000000E+02   0.0000000E+00   0.0000000E+00   0.0000000E+00
   1.5385559E+03   7.6200000E+02   0.0000000E+00   0.0000000E+00   0.0000000E+00
   1.5385634E+03   7.4100000E+02   0.0000000E+00   0.0000000E+00   0.0000000E+00
   1.5385709E+03   7.3900000E+02   0.0000000E+00   0.0000000E+00   0.0000000E+00
   1.5385785E+03   7.2300000E+02   0.0000000E+00   0.0000000E+00   0.0000000E+00
   1.5385860E+03   8.0600000E+02   0.0000000E+00   0.0000000E+00   0.0000000E+00
   1.5385935E+03   7.7700000E+02   0.0000000E+00   0.0000000E+00   0.0000000E+00
   1.5386011E+03   8.0000000E+02   0.0000000E+00   0.0000000E+00   0.0000000E+00
   1.5386086E+03   7.4700000E+02   0.0000000E+00   0.0000000E+00   0.0000000E+00
   1.5386161E+03   7.4300000E+02   0.0000000E+00   0.0000000E+00   0.0000000E+00
   1.5386236E+03   7.1400000E+02   0.0000000E+00   0.0000000E+00   0.0000000E+00
   1.5386312E+03   6.8600000E+02   0.0000000E+00   0.0000000E+00   0.0000000E+00
   1.5386387E+03   7.5500000E+02   0.0000000E+00   0.0000000E+00   0.0000000E+00
   1.5386462E+03   7.7700000E+02   0.0000000E+00   0.0000000E+00   0.0000000E+00
   1.5386538E+03   7.2600000E+02   0.0000000E+00   0.0000000E+00   0.0000000E+00
   1.5386613E+03   7.8000000E+02   0.0000000E+00   0.0000000E+00   0.0000000E+00
   1.5386688E+03   7.6600000E+02   0.0000000E+00   0.0000000E+00   0.0000000E+00
   1.5386763E+03   7.5800000E+02   0.0000000E+00   0.0000000E+00   0.0000000E+00
   1.5386839E+03   7.6500000E+02   1.0000000E+00   9.6022522E-05   7.3457229E-02
   1.5386914E+03   7.4500000E+02   0.0000000E+00   0.0000000E+00   0.0000000E+00
   1.5386989E+03   7.3100000E+02   0.0000000E+00   0.0000000E+00   0.0000000E+00
   1.5387065E+03   7.2900000E+02   0.0000000E+00   0.0000000E+00   0.0000000E+00
   1.5387140E+03   7.9900000E+02   0.0000000E+00   0.0000000E+00   0.0000000E+00
   1.5387215E+03   7.4100000E+02   0.0000000E+00   0.0000000E+00   0.0000000E+00
   1.5387290E+03   7.7800000E+02   0.0000000E+00   0.0000000E+00   0.0000000E+00
   1.5387366E+03   7.6500000E+02   0.0000000E+00   0.0000000E+00   0.0000000E+00
   1.5387441E+03   7.4000000E+02   1.0000000E+00   1.2513532E-03   9.2600137E-01
   1.5387516E+03   7.3400000E+02   0.0000000E+00   0.0000000E+00   0.0000000E+00
   1.5387592E+03   7.4400000E+02   0.0000000E+00   0.0000000E+00   0.0000000E+00
   1.5387667E+03   7.2100000E+02   0.0000000E+00   0.0000000E+00   0.0000000E+00
   1.5387742E+03   7.1900000E+02   0.0000000E+00   0.0000000E+00   0.0000000E+00
   1.5387817E+03   7.8500000E+02   0.0000000E+00   0.0000000E+00   0.0000000E+00
   1.5387893E+03   7.6100000E+02   1.0000000E+00   1.2815042E-03   9.7522468E-01
   1.5387968E+03   7.6600000E+02   0.0000000E+00   0.0000000E+00   0.0000000E+00
   1.5388043E+03   7.5200000E+02   0.0000000E+00   0.0000000E+00   0.0000000E+00
   1.5388119E+03   7.4700000E+02   0.0000000E+00   0.0000000E+00   0.0000000E+00
   1.5388194E+03   7.3200000E+02   0.0000000E+00   0.0000000E+00   0.0000000E+00
   1.5388269E+03   7.9700000E+02   0.0000000E+00   0.0000000E+00   0.0000000E+00
   1.5388344E+03   6.6600000E+02   0.0000000E+00   0.0000000E+00   0.0000000E+00
   1.5388420E+03   7.2500000E+02   0.0000000E+00   0.0000000E+00   0.0000000E+00
   1.5388495E+03   7.8400000E+02   0.0000000E+00   0.0000000E+00   0.0000000E+00
   1.5388570E+03   7.3000000E+02   0.0000000E+00   0.0000000E+00   0.0000000E+00
   1.5388646E+03   7.5200000E+02   0.0000000E+00   0.0000000E+00   0.0000000E+00
   1.5388721E+03   7.6000000E+02   0.0000000E+00   0.0000000E+00   0.0000000E+00
   1.5388796E+03   7.6800000E+02   1.0000000E+00   4.3842439E-04   3.3670993E-01
   1.5388871E+03   7.1300000E+02   0.0000000E+00   0.0000000E+00   0.0000000E+00
   1.5388947E+03   7.9300000E+02   0.0000000E+00   0.0000000E+00   0.0000000E+00
   1.5389022E+03   7.9100000E+02   0.0000000E+00   0.0000000E+00   0.0000000E+00
   1.5389097E+03   7.5100000E+02   0.0000000E+00   0.0000000E+00   0.0000000E+00
   1.5389172E+03   7.4000000E+02   0.0000000E+00   0.0000000E+00   0.0000000E+00
   1.5389248E+03   7.0100000E+02   0.0000000E+00   0.0000000E+00   0.0000000E+00
   1.5389323E+03   7.4400000E+02   0.0000000E+00   0.0000000E+00   0.0000000E+00
   1.5389398E+03   7.3400000E+02   0.0000000E+00   0.0000000E+00   0.0000000E+00
   1.5389474E+03   7.4200000E+02   0.0000000E+00   0.0000000E+00   0.0000000E+00
   1.5389549E+03   7.8100000E+02   0.0000000E+00   0.0000000E+00   0.0000000E+00
   1.5389624E+03   7.7800000E+02   1.0000000E+00   2.1748566E-04   1.6920384E-01
   1.5389699E+03   7.4400000E+02   0.0000000E+00   0.0000000E+00   0.0000000E+00
   1.5389775E+03   7.3400000E+02   0.0000000E+00   0.0000000E+00   0.0000000E+00
   1.5389850E+03   7.6700000E+02   0.0000000E+00   0.0000000E+00   0.0000000E+00
   1.5389925E+03   7.5400000E+02   0.0000000E+00   0.0000000E+00   0.0000000E+00
   1.5390001E+03   8.2800000E+02   0.0000000E+00   0.0000000E+00   0.0000000E+00
   1.5390076E+03   7.6700000E+02   0.0000000E+00   0.0000000E+00   0.0000000E+00
   1.5390151E+03   7.4900000E+02   0.0000000E+00   0.0000000E+00   0.0000000E+00
   1.5390226E+03   7.3300000E+02   0.0000000E+00   3.9207887E-05   0.0000000E+00
   1.5390302E+03   8.0100000E+02   0.0000000E+00   0.0000000E+00   0.0000000E+00
   1.5390377E+03   7.7600000E+02   0.0000000E+00   0.0000000E+00   0.0000000E+00
   1.5390452E+03   7.4500000E+02   0.0000000E+00   0.0000000E+00   0.0000000E+00
   1.5390528E+03   7.7700000E+02   0.0000000E+00   0.0000000E+00   0.0000000E+00
   1.5390603E+03   7.3200000E+02   0.0000000E+00   0.0000000E+00   0.0000000E+00
   1.5390678E+03   7.5000000E+02   1.0000000E+00   3.5113893E-04   2.6335420E-01
   1.5390753E+03   7.5400000E+02   0.0000000E+00   0.0000000E+00   0.0000000E+00
   1.5390829E+03   7.5000000E+02   0.0000000E+00   0.0000000E+00   0.0000000E+00
   1.5390904E+03   7.7100000E+02   0.0000000E+00   0.0000000E+00   0.0000000E+00
   1.5390979E+03   7.4100000E+02   0.0000000E+00   0.0000000E+00   0.0000000E+00
   1.5391055E+03   7.6800000E+02   0.0000000E+00   0.0000000E+00   0.0000000E+00
   1.5391130E+03   7.7000000E+02   0.0000000E+00   0.0000000E+00   0.0000000E+00
   1.5391205E+03   7.5300000E+02   0.0000000E+00   0.0000000E+00   0.0000000E+00
   1.5391280E+03   7.9700000E+02   0.0000000E+00   0.0000000E+00   0.0000000E+00
   1.5391356E+03   7.7500000E+02   0.0000000E+00   0.0000000E+00   0.0000000E+00
   1.5391431E+03   7.2100000E+02   0.0000000E+00   0.0000000E+00   0.0000000E+00
   1.5391506E+03   7.5900000E+02   0.0000000E+00   0.0000000E+00   0.0000000E+00
   1.5391582E+03   7.5600000E+02   0.0000000E+00   0.0000000E+00   0.0000000E+00
   1.5391657E+03   7.3100000E+02   0.0000000E+00   0.0000000E+00   0.0000000E+00
   1.5391732E+03   7.2600000E+02   0.0000000E+00   0.0000000E+00   0.0000000E+00
   1.5391807E+03   7.5500000E+02   0.0000000E+00   0.0000000E+00   0.0000000E+00
   1.5391883E+03   7.4700000E+02   0.0000000E+00   0.0000000E+00   0.0000000E+00
   1.5391958E+03   8.1700000E+02   0.0000000E+00   0.0000000E+00   0.0000000E+00
   1.5392033E+03   7.7200000E+02   0.0000000E+00   0.0000000E+00   0.0000000E+00
   1.5392109E+03   7.9100000E+02   0.0000000E+00   0.0000000E+00   0.0000000E+00
   1.5392184E+03   7.3600000E+02   0.0000000E+00   0.0000000E+00   0.0000000E+00
   1.5392259E+03   7.6100000E+02   0.0000000E+00   0.0000000E+00   0.0000000E+00
   1.5392334E+03   7.8100000E+02   0.0000000E+00   0.0000000E+00   0.0000000E+00
   1.5392410E+03   7.6400000E+02   1.0000000E+00   1.1006819E-03   8.4092097E-01
   1.5392485E+03   7.3100000E+02   0.0000000E+00   0.0000000E+00   0.0000000E+00
   1.5392560E+03   7.7300000E+02   0.0000000E+00   0.0000000E+00   0.0000000E+00
   1.5392636E+03   7.7000000E+02   1.0000000E+00   2.3060726E-04   1.7756759E-01
   1.5392711E+03   7.8200000E+02   0.0000000E+00   0.0000000E+00   0.0000000E+00
   1.5392786E+03   7.6500000E+02   0.0000000E+00   0.0000000E+00   0.0000000E+00
   1.5392861E+03   7.2500000E+02   0.0000000E+00   0.0000000E+00   0.0000000E+00
   1.5392937E+03   7.8400000E+02   0.0000000E+00   0.0000000E+00   0.0000000E+00
   1.5393012E+03   8.0200000E+02   0.0000000E+00   0.0000000E+00   0.0000000E+00
   1.5393087E+03   7.5100000E+02   0.0000000E+00   0.0000000E+00   0.0000000E+00
   1.5393162E+03   7.1800000E+02   0.0000000E+00   0.0000000E+00   0.0000000E+00
   1.5393238E+03   8.2200000E+02   0.0000000E+00   0.0000000E+00   0.0000000E+00
   1.5393313E+03   8.0200000E+02   0.0000000E+00   0.0000000E+00   0.0000000E+00
   1.5393388E+03   7.5000000E+02   1.0000000E+00   3.9365345E-04   2.9524009E-01
   1.5393464E+03   7.0900000E+02   0.0000000E+00   0.0000000E+00   0.0000000E+00
   1.5393539E+03   7.7000000E+02   0.0000000E+00   0.0000000E+00   0.0000000E+00
   1.5393614E+03   7.6000000E+02   0.0000000E+00   0.0000000E+00   0.0000000E+00
   1.5393689E+03   8.0000000E+02   0.0000000E+00   0.0000000E+00   0.0000000E+00
   1.5393765E+03   7.5600000E+02   0.0000000E+00   0.0000000E+00   0.0000000E+00
   1.5393840E+03   7.8400000E+02   0.0000000E+00   0.0000000E+00   0.0000000E+00
   1.5393915E+03   7.2900000E+02   0.0000000E+00   0.0000000E+00   0.0000000E+00
   1.5393991E+03   7.6800000E+02   0.0000000E+00   0.0000000E+00   0.0000000E+00
   1.5394066E+03   8.1400000E+02   1.0000000E+00   6.8740173E-04   5.5954501E-01
   1.5394141E+03   7.6300000E+02   0.0000000E+00   0.0000000E+00   0.0000000E+00
   1.5394216E+03   7.8400000E+02   0.0000000E+00   0.0000000E+00   0.0000000E+00
   1.5394292E+03   7.3600000E+02   0.0000000E+00   0.0000000E+00   0.0000000E+00
   1.5394367E+03   7.4100000E+02   0.0000000E+00   0.0000000E+00   0.0000000E+00
   1.5394442E+03   7.2900000E+02   0.0000000E+00   0.0000000E+00   0.0000000E+00
   1.5394518E+03   7.3900000E+02   0.0000000E+00   0.0000000E+00   0.0000000E+00
   1.5394593E+03   7.0800000E+02   0.0000000E+00   0.0000000E+00   0.0000000E+00
   1.5394668E+03   7.3800000E+02   0.0000000E+00   0.0000000E+00   0.0000000E+00
   1.5394743E+03   8.0300000E+02   1.0000000E+00   2.4664203E-04   1.9805355E-01
   1.5394819E+03   7.4500000E+02   0.0000000E+00   0.0000000E+00   0.0000000E+00
   1.5394894E+03   7.2600000E+02   0.0000000E+00   0.0000000E+00   0.0000000E+00
   1.5394969E+03   7.6900000E+02   0.0000000E+00   0.0000000E+00   0.0000000E+00
   1.5395045E+03   7.8800000E+02   0.0000000E+00   0.0000000E+00   0.0000000E+00
   1.5395120E+03   7.6300000E+02   0.0000000E+00   0.0000000E+00   0.0000000E+00
   1.5395195E+03   7.9800000E+02   0.0000000E+00   0.0000000E+00   0.0000000E+00
   1.5395270E+03   7.2900000E+02   0.0000000E+00   0.0000000E+00   0.0000000E+00
   1.5395346E+03   7.6100000E+02   0.0000000E+00   0.0000000E+00   0.0000000E+00
   1.5395421E+03   7.8600000E+02   0.0000000E+00   0.0000000E+00   0.0000000E+00
   1.5395496E+03   7.4300000E+02   0.0000000E+00   0.0000000E+00   0.0000000E+00
   1.5395572E+03   7.9200000E+02   1.0000000E+00   1.0845599E-03   8.5897147E-01
   1.5395647E+03   7.7300000E+02   0.0000000E+00   0.0000000E+00   0.0000000E+00
   1.5395722E+03   7.7200000E+02   0.0000000E+00   0.0000000E+00   0.0000000E+00
   1.5395797E+03   7.6500000E+02   0.0000000E+00   0.0000000E+00   0.0000000E+00
   1.5395873E+03   7.0100000E+02   0.0000000E+00   0.0000000E+00   0.0000000E+00
   1.5395948E+03   8.0400000E+02   0.0000000E+00   0.0000000E+00   0.0000000E+00
   1.5396023E+03   7.4200000E+02   0.0000000E+00   0.0000000E+00   0.0000000E+00
   1.5396099E+03   7.2600000E+02   0.0000000E+00   0.0000000E+00   0.0000000E+00
   1.5396174E+03   7.4500000E+02   0.0000000E+00   0.0000000E+00   0.0000000E+00
   1.5396249E+03   7.4000000E+02   0.0000000E+00   0.0000000E+00   0.0000000E+00
   1.5396324E+03   7.5000000E+02   0.0000000E+00   0.0000000E+00   0.0000000E+00
   1.5396400E+03   7.5400000E+02   0.0000000E+00   0.0000000E+00   0.0000000E+00
   1.5396475E+03   6.9300000E+02   0.0000000E+00   0.0000000E+00   0.0000000E+00
   1.5396550E+03   7.7100000E+02   0.0000000E+00   0.0000000E+00   0.0000000E+00
   1.5396626E+03   7.4100000E+02   0.0000000E+00   0.0000000E+00   0.0000000E+00
   1.5396701E+03   7.1600000E+02   0.0000000E+00   0.0000000E+00   0.0000000E+00
   1.5396776E+03   8.2600000E+02   0.0000000E+00   0.0000000E+00   0.0000000E+00
   1.5396851E+03   7.5300000E+02   0.0000000E+00   0.0000000E+00   0.0000000E+00
   1.5396927E+03   7.4600000E+02   0.0000000E+00   0.0000000E+00   0.0000000E+00
   1.5397002E+03   7.8100000E+02   0.0000000E+00   0.0000000E+00   0.0000000E+00
   1.5397077E+03   7.3500000E+02   0.0000000E+00   0.0000000E+00   0.0000000E+00
   1.5397153E+03   7.5500000E+02   0.0000000E+00   0.0000000E+00   0.0000000E+00
   1.5397228E+03   7.7700000E+02   0.0000000E+00   0.0000000E+00   0.0000000E+00
   1.5397303E+03   7.5300000E+02   0.0000000E+00   0.0000000E+00   0.0000000E+00
   1.5397378E+03   8.0900000E+02   0.0000000E+00   0.0000000E+00   0.0000000E+00
   1.5397454E+03   6.9400000E+02   1.0000000E+00   1.2929596E-03   8.9731399E-01
   1.5397529E+03   7.7600000E+02   0.0000000E+00   0.0000000E+00   0.0000000E+00
   1.5397604E+03   7.8200000E+02   1.0000000E+00   1.2226994E-03   9.5615097E-01
   1.5397679E+03   7.2800000E+02   2.0000000E+00   4.8894197E-04   1.7797488E-01
   1.5397755E+03   7.1700000E+02   0.0000000E+00   0.0000000E+00   0.0000000E+00
   1.5397830E+03   7.4500000E+02   0.0000000E+00   0.0000000E+00   0.0000000E+00
   1.5397905E+03   7.7900000E+02   0.0000000E+00   0.0000000E+00   0.0000000E+00
   1.5397981E+03   7.7500000E+02   1.0000000E+00   8.5374959E-04   6.6165593E-01
   1.5398056E+03   6.9900000E+02   0.0000000E+00   0.0000000E+00   0.0000000E+00
   1.5398131E+03   8.0700000E+02   0.0000000E+00   0.0000000E+00   0.0000000E+00
   1.5398206E+03   7.4900000E+02   0.0000000E+00   0.0000000E+00   0.0000000E+00
   1.5398282E+03   7.4000000E+02   0.0000000E+00   0.0000000E+00   0.0000000E+00
   1.5398357E+03   7.4600000E+02   0.0000000E+00   0.0000000E+00   0.0000000E+00
   1.5398432E+03   7.6600000E+02   0.0000000E+00   0.0000000E+00   0.0000000E+00
   1.5398508E+03   7.4500000E+02   0.0000000E+00   0.0000000E+00   0.0000000E+00
   1.5398583E+03   7.2800000E+02   0.0000000E+00   0.0000000E+00   0.0000000E+00
   1.5398658E+03   7.5800000E+02   0.0000000E+00   0.0000000E+00   0.0000000E+00
   1.5398733E+03   7.4400000E+02   0.0000000E+00   0.0000000E+00   0.0000000E+00
   1.5398809E+03   7.3800000E+02   0.0000000E+00   0.0000000E+00   0.0000000E+00
   1.5398884E+03   7.2500000E+02   0.0000000E+00   0.0000000E+00   0.0000000E+00
   1.5398959E+03   8.0000000E+02   0.0000000E+00   0.0000000E+00   0.0000000E+00
   1.5399035E+03   7.5800000E+02   0.0000000E+00   0.0000000E+00   0.0000000E+00
   1.5399110E+03   7.4500000E+02   0.0000000E+00   0.0000000E+00   0.0000000E+00
   1.5399185E+03   7.4500000E+02   0.0000000E+00   0.0000000E+00   0.0000000E+00
   1.5399260E+03   7.1400000E+02   0.0000000E+00   0.0000000E+00   0.0000000E+00
   1.5399336E+03   7.6600000E+02   0.0000000E+00   0.0000000E+00   0.0000000E+00
   1.5399411E+03   7.1800000E+02   0.0000000E+00   0.0000000E+00   0.0000000E+00
   1.5399486E+03   7.7000000E+02   1.0000000E+00   1.0932622E-03   8.4181189E-01
   1.5399562E+03   7.1800000E+02   0.0000000E+00   0.0000000E+00   0.0000000E+00
   1.5399637E+03   7.4700000E+02   0.0000000E+00   0.0000000E+00   0.0000000E+00
   1.5399712E+03   7.3300000E+02   0.0000000E+00   0.0000000E+00   0.0000000E+00
   1.5399787E+03   7.2400000E+02   1.0000000E+00   1.1536075E-03   8.3521180E-01
   1.5399863E+03   7.5900000E+02   0.0000000E+00   0.0000000E+00   0.0000000E+00
   1.5399938E+03   7.4400000E+02   0.0000000E+00   0.0000000E+00   0.0000000E+00
   1.5400013E+03   7.8700000E+02   0.0000000E+00   0.0000000E+00   0.0000000E+00
   1.5400089E+03   7.1400000E+02   0.0000000E+00   0.0000000E+00   0.0000000E+00
   1.5400164E+03   7.3800000E+02   0.0000000E+00   0.0000000E+00   0.0000000E+00
   1.5400239E+03   7.1700000E+02   0.0000000E+00   0.0000000E+00   0.0000000E+00
   1.5400314E+03   7.5500000E+02   0.0000000E+00   0.0000000E+00   0.0000000E+00
   1.5400390E+03   7.8000000E+02   0.0000000E+00   0.0000000E+00   0.0000000E+00
   1.5400465E+03   7.7400000E+02   0.0000000E+00   0.0000000E+00   0.0000000E+00
   1.5400540E+03   7.6100000E+02   0.0000000E+00   0.0000000E+00   0.0000000E+00
   1.5400616E+03   7.8000000E+02   0.0000000E+00   0.0000000E+00   0.0000000E+00
   1.5400691E+03   7.5000000E+02   0.0000000E+00   0.0000000E+00   0.0000000E+00
   1.5400766E+03   7.0800000E+02   0.0000000E+00   0.0000000E+00   0.0000000E+00
   1.5400841E+03   7.4500000E+02   0.0000000E+00   0.0000000E+00   0.0000000E+00
   1.5400917E+03   6.9800000E+02   0.0000000E+00   0.0000000E+00   0.0000000E+00
   1.5400992E+03   8.1300000E+02   0.0000000E+00   0.0000000E+00   0.0000000E+00
   1.5401067E+03   7.7000000E+02   0.0000000E+00   0.0000000E+00   0.0000000E+00
   1.5401143E+03   7.6900000E+02   0.0000000E+00   0.0000000E+00   0.0000000E+00
   1.5401218E+03   7.6400000E+02   0.0000000E+00   0.0000000E+00   0.0000000E+00
   1.5401293E+03   7.2900000E+02   0.0000000E+00   0.0000000E+00   0.0000000E+00
   1.5401368E+03   7.3000000E+02   0.0000000E+00   0.0000000E+00   0.0000000E+00
   1.5401444E+03   7.7700000E+02   0.0000000E+00   0.0000000E+00   0.0000000E+00
   1.5401519E+03   7.9100000E+02   0.0000000E+00   0.0000000E+00   0.0000000E+00
   1.5401594E+03   7.4700000E+02   0.0000000E+00   0.0000000E+00   0.0000000E+00
   1.5401670E+03   7.7400000E+02   0.0000000E+00   0.0000000E+00   0.0000000E+00
   1.5401745E+03   7.8800000E+02   0.0000000E+00   0.0000000E+00   0.0000000E+00
   1.5401820E+03   7.7100000E+02   0.0000000E+00   0.0000000E+00   0.0000000E+00
   1.5401895E+03   7.2300000E+02   0.0000000E+00   0.0000000E+00   0.0000000E+00
   1.5401971E+03   8.0100000E+02   0.0000000E+00   0.0000000E+00   0.0000000E+00
   1.5402046E+03   7.7500000E+02   0.0000000E+00   0.0000000E+00   0.0000000E+00
   1.5402121E+03   7.2300000E+02   0.0000000E+00   0.0000000E+00   0.0000000E+00
   1.5402197E+03   7.6200000E+02   0.0000000E+00   0.0000000E+00   0.0000000E+00
   1.5402272E+03   7.4400000E+02   0.0000000E+00   0.0000000E+00   0.0000000E+00
   1.5402347E+03   7.5600000E+02   0.0000000E+00   0.0000000E+00   0.0000000E+00
   1.5402422E+03   7.3100000E+02   0.0000000E+00   0.0000000E+00   0.0000000E+00
   1.5402498E+03   8.2700000E+02   0.0000000E+00   0.0000000E+00   0.0000000E+00
   1.5402573E+03   7.3600000E+02   0.0000000E+00   0.0000000E+00   0.0000000E+00
   1.5402648E+03   7.6700000E+02   0.0000000E+00   0.0000000E+00   0.0000000E+00
   1.5402723E+03   7.8400000E+02   0.0000000E+00   1.9446260E-04   0.0000000E+00
   1.5402799E+03   7.4200000E+02   0.0000000E+00   0.0000000E+00   0.0000000E+00
   1.5402874E+03   7.6000000E+02   1.0000000E+00   8.8916035E-04   6.7576186E-01
   1.5402949E+03   7.6000000E+02   0.0000000E+00   0.0000000E+00   0.0000000E+00
   1.5403025E+03   7.3400000E+02   0.0000000E+00   0.0000000E+00   0.0000000E+00
   1.5403100E+03   7.7000000E+02   0.0000000E+00   0.0000000E+00   0.0000000E+00
   1.5403175E+03   7.4200000E+02   0.0000000E+00   0.0000000E+00   0.0000000E+00
   1.5403250E+03   7.6700000E+02   0.0000000E+00   0.0000000E+00   0.0000000E+00
   1.5403326E+03   7.3100000E+02   0.0000000E+00   0.0000000E+00   0.0000000E+00
   1.5403401E+03   7.8200000E+02   0.0000000E+00   0.0000000E+00   0.0000000E+00
   1.5403476E+03   7.6800000E+02   0.0000000E+00   0.0000000E+00   0.0000000E+00
   1.5403552E+03   7.6300000E+02   0.0000000E+00   0.0000000E+00   0.0000000E+00
   1.5403627E+03   7.6600000E+02   0.0000000E+00   0.0000000E+00   0.0000000E+00
   1.5403702E+03   7.9400000E+02   1.0000000E+00   1.3354392E-04   1.0603387E-01
   1.5403777E+03   7.3800000E+02   0.0000000E+00   0.0000000E+00   0.0000000E+00
   1.5403853E+03   7.7900000E+02   0.0000000E+00   0.0000000E+00   0.0000000E+00
   1.5403928E+03   8.0800000E+02   0.0000000E+00   0.0000000E+00   0.0000000E+00
   1.5404003E+03   7.6800000E+02   0.0000000E+00   0.0000000E+00   0.0000000E+00
   1.5404079E+03   7.6600000E+02   0.0000000E+00   0.0000000E+00   0.0000000E+00
   1.5404154E+03   7.6800000E+02   0.0000000E+00   0.0000000E+00   0.0000000E+00
   1.5404229E+03   7.8400000E+02   1.0000000E+00   9.4228786E-04   7.3875369E-01
   1.5404304E+03   7.6600000E+02   0.0000000E+00   0.0000000E+00   0.0000000E+00
   1.5404380E+03   7.4000000E+02   0.0000000E+00   0.0000000E+00   0.0000000E+00
   1.5404455E+03   7.7600000E+02   0.0000000E+00   0.0000000E+00   0.0000000E+00
   1.5404530E+03   7.5900000E+02   1.0000000E+00   4.5744578E-04   3.4720135E-01
   1.5404606E+03   7.4600000E+02   0.0000000E+00   0.0000000E+00   0.0000000E+00
   1.5404681E+03   7.4500000E+02   0.0000000E+00   0.0000000E+00   0.0000000E+00
   1.5404756E+03   7.5600000E+02   0.0000000E+00   0.0000000E+00   0.0000000E+00
   1.5404831E+03   7.2900000E+02   0.0000000E+00   0.0000000E+00   0.0000000E+00
   1.5404907E+03   7.6300000E+02   0.0000000E+00   0.0000000E+00   0.0000000E+00
   1.5404982E+03   7.5200000E+02   0.0000000E+00   0.0000000E+00   0.0000000E+00
   1.5405057E+03   7.7300000E+02   0.0000000E+00   0.0000000E+00   0.0000000E+00
   1.5405133E+03   7.4300000E+02   0.0000000E+00   0.0000000E+00   0.0000000E+00
   1.5405208E+03   7.9500000E+02   0.0000000E+00   0.0000000E+00   0.0000000E+00
   1.5405283E+03   7.4200000E+02   0.0000000E+00   0.0000000E+00   0.0000000E+00
   1.5405358E+03   7.5400000E+02   0.0000000E+00   7.2983312E-04   0.0000000E+00
   1.5405434E+03   7.9300000E+02   0.0000000E+00   0.0000000E+00   0.0000000E+00
   1.5405509E+03   7.4600000E+02   0.0000000E+00   0.0000000E+00   0.0000000E+00
   1.5405584E+03   7.1400000E+02   0.0000000E+00   0.0000000E+00   0.0000000E+00
   1.5405660E+03   7.7300000E+02   0.0000000E+00   0.0000000E+00   0.0000000E+00
   1.5405735E+03   7.7000000E+02   0.0000000E+00   0.0000000E+00   0.0000000E+00
   1.5405810E+03   7.5700000E+02   0.0000000E+00   0.0000000E+00   0.0000000E+00
   1.5405885E+03   7.8800000E+02   0.0000000E+00   0.0000000E+00   0.0000000E+00
   1.5405961E+03   7.3800000E+02   0.0000000E+00   0.0000000E+00   0.0000000E+00
   1.5406036E+03   7.6200000E+02   0.0000000E+00   0.0000000E+00   0.0000000E+00
   1.5406111E+03   7.7400000E+02   0.0000000E+00   0.0000000E+00   0.0000000E+00
   1.5406187E+03   7.7100000E+02   0.0000000E+00   0.0000000E+00   0.0000000E+00
   1.5406262E+03   7.0200000E+02   0.0000000E+00   0.0000000E+00   0.0000000E+00
   1.5406337E+03   7.5200000E+02   0.0000000E+00   0.0000000E+00   0.0000000E+00
   1.5406412E+03   7.5300000E+02   0.0000000E+00   0.0000000E+00   0.0000000E+00
   1.5406488E+03   7.0100000E+02   0.0000000E+00   0.0000000E+00   0.0000000E+00
   1.5406563E+03   7.6200000E+02   0.0000000E+00   0.0000000E+00   0.0000000E+00
   1.5406638E+03   7.5400000E+02   0.0000000E+00   0.0000000E+00   0.0000000E+00
   1.5406713E+03   7.9100000E+02   0.0000000E+00   0.0000000E+00   0.0000000E+00
   1.5406789E+03   7.4300000E+02   0.0000000E+00   0.0000000E+00   0.0000000E+00
   1.5406864E+03   7.5700000E+02   0.0000000E+00   0.0000000E+00   0.0000000E+00
   1.5406939E+03   7.2200000E+02   0.0000000E+00   0.0000000E+00   0.0000000E+00
   1.5407015E+03   7.4800000E+02   0.0000000E+00   0.0000000E+00   0.0000000E+00
   1.5407090E+03   7.3800000E+02   0.0000000E+00   0.0000000E+00   0.0000000E+00
   1.5407165E+03   7.5900000E+02   1.0000000E+00   7.6902928E-04   5.8369322E-01
   1.5407240E+03   7.3600000E+02   0.0000000E+00   0.0000000E+00   0.0000000E+00
   1.5407316E+03   7.2200000E+02   0.0000000E+00   0.0000000E+00   0.0000000E+00
   1.5407391E+03   7.3800000E+02   0.0000000E+00   0.0000000E+00   0.0000000E+00
   1.5407466E+03   7.9000000E+02   0.0000000E+00   0.0000000E+00   0.0000000E+00
   1.5407542E+03   7.0600000E+02   0.0000000E+00   0.0000000E+00   0.0000000E+00
   1.5407617E+03   7.4300000E+02   0.0000000E+00   0.0000000E+00   0.0000000E+00
   1.5407692E+03   7.1700000E+02   0.0000000E+00   0.0000000E+00   0.0000000E+00
   1.5407767E+03   7.5500000E+02   0.0000000E+00   0.0000000E+00   0.0000000E+00
   1.5407843E+03   7.4300000E+02   0.0000000E+00   0.0000000E+00   0.0000000E+00
   1.5407918E+03   7.3600000E+02   0.0000000E+00   0.0000000E+00   0.0000000E+00
   1.5407993E+03   7.9200000E+02   0.0000000E+00   0.0000000E+00   0.0000000E+00
   1.5408069E+03   7.1300000E+02   0.0000000E+00   0.0000000E+00   0.0000000E+00
   1.5408144E+03   7.5700000E+02   0.0000000E+00   0.0000000E+00   0.0000000E+00
   1.5408219E+03   7.6800000E+02   0.0000000E+00   0.0000000E+00   0.0000000E+00
   1.5408294E+03   7.4100000E+02   1.0000000E+00   7.7506857E-04   5.7432581E-01
   1.5408370E+03   7.9000000E+02   1.0000000E+00   6.1042327E-04   4.8223438E-01
   1.5408445E+03   7.6200000E+02   0.0000000E+00   0.0000000E+00   0.0000000E+00
   1.5408520E+03   7.2200000E+02   1.0000000E+00   2.7415426E-04   1.9793937E-01
   1.5408596E+03   7.9500000E+02   0.0000000E+00   0.0000000E+00   0.0000000E+00
   1.5408671E+03   7.6900000E+02   0.0000000E+00   0.0000000E+00   0.0000000E+00
   1.5408746E+03   7.5800000E+02   0.0000000E+00   0.0000000E+00   0.0000000E+00
   1.5408821E+03   7.7900000E+02   0.0000000E+00   0.0000000E+00   0.0000000E+00
   1.5408897E+03   7.3000000E+02   0.0000000E+00   0.0000000E+00   0.0000000E+00
   1.5408972E+03   7.6100000E+02   0.0000000E+00   0.0000000E+00   0.0000000E+00
   1.5409047E+03   7.9900000E+02   0.0000000E+00   1.1841554E-03   0.0000000E+00
   1.5409123E+03   7.3800000E+02   0.0000000E+00   0.0000000E+00   0.0000000E+00
   1.5409198E+03   7.4700000E+02   0.0000000E+00   0.0000000E+00   0.0000000E+00
   1.5409273E+03   7.4400000E+02   2.0000000E+00   1.6187182E-03   6.0216316E-01
   1.5409348E+03   7.7500000E+02   0.0000000E+00   0.0000000E+00   0.0000000E+00
   1.5409424E+03   7.3800000E+02   0.0000000E+00   0.0000000E+00   0.0000000E+00
   1.5409499E+03   7.3000000E+02   1.0000000E+00   7.4677325E-04   5.4514447E-01
   1.5409574E+03   7.2100000E+02   0.0000000E+00   0.0000000E+00   0.0000000E+00
   1.5409650E+03   7.6000000E+02   0.0000000E+00   0.0000000E+00   0.0000000E+00
   1.5409725E+03   7.0900000E+02   0.0000000E+00   0.0000000E+00   0.0000000E+00
   1.5409800E+03   7.5800000E+02   0.0000000E+00   0.0000000E+00   0.0000000E+00
   1.5409875E+03   7.6400000E+02   0.0000000E+00   0.0000000E+00   0.0000000E+00
   1.5409951E+03   7.1700000E+02   1.0000000E+00   1.1076818E-03   7.9420783E-01
   1.5410026E+03   7.3300000E+02   0.0000000E+00   0.0000000E+00   0.0000000E+00
   1.5410101E+03   7.9100000E+02   0.0000000E+00   0.0000000E+00   0.0000000E+00
   1.5410177E+03   7.5300000E+02   0.0000000E+00   0.0000000E+00   0.0000000E+00
   1.5410252E+03   7.1500000E+02   0.0000000E+00   0.0000000E+00   0.0000000E+00
   1.5410327E+03   7.4200000E+02   2.0000000E+00   1.4758501E-03   5.4754039E-01
   1.5410402E+03   7.4500000E+02   0.0000000E+00   0.0000000E+00   0.0000000E+00
   1.5410478E+03   7.9500000E+02   0.0000000E+00   0.0000000E+00   0.0000000E+00
   1.5410553E+03   7.8900000E+02   0.0000000E+00   0.0000000E+00   0.0000000E+00
   1.5410628E+03   7.7500000E+02   0.0000000E+00   0.0000000E+00   0.0000000E+00
   1.5410704E+03   7.6400000E+02   0.0000000E+00   0.0000000E+00   0.0000000E+00
   1.5410779E+03   8.0500000E+02   0.0000000E+00   0.0000000E+00   0.0000000E+00
   1.5410854E+03   7.5900000E+02   0.0000000E+00   0.0000000E+00   0.0000000E+00
   1.5410929E+03   7.2700000E+02   1.0000000E+00   1.0898146E-03   7.9229518E-01
   1.5411005E+03   7.3500000E+02   0.0000000E+00   0.0000000E+00   0.0000000E+00
   1.5411080E+03   7.5000000E+02   0.0000000E+00   0.0000000E+00   0.0000000E+00
   1.5411155E+03   7.4000000E+02   0.0000000E+00   0.0000000E+00   0.0000000E+00
   1.5411230E+03   7.4100000E+02   0.0000000E+00   0.0000000E+00   0.0000000E+00
   1.5411306E+03   7.5500000E+02   0.0000000E+00   0.0000000E+00   0.0000000E+00
   1.5411381E+03   7.7100000E+02   0.0000000E+00   0.0000000E+00   0.0000000E+00
   1.5411456E+03   7.6900000E+02   0.0000000E+00   0.0000000E+00   0.0000000E+00
   1.5411532E+03   7.2800000E+02   0.0000000E+00   0.0000000E+00   0.0000000E+00
   1.5411607E+03   7.4400000E+02   0.0000000E+00   0.0000000E+00   0.0000000E+00
   1.5411682E+03   7.8000000E+02   0.0000000E+00   0.0000000E+00   0.0000000E+00
   1.5411757E+03   7.4100000E+02   0.0000000E+00   0.0000000E+00   0.0000000E+00
   1.5411833E+03   7.0700000E+02   0.0000000E+00   0.0000000E+00   0.0000000E+00
   1.5411908E+03   7.5600000E+02   0.0000000E+00   0.0000000E+00   0.0000000E+00
   1.5411983E+03   7.4700000E+02   0.0000000E+00   0.0000000E+00   0.0000000E+00
   1.5412059E+03   7.5500000E+02   0.0000000E+00   0.0000000E+00   0.0000000E+00
   1.5412134E+03   7.6400000E+02   0.0000000E+00   0.0000000E+00   0.0000000E+00
   1.5412209E+03   7.1200000E+02   1.0000000E+00   3.9534365E-04   2.8148468E-01
   1.5412284E+03   7.6600000E+02   0.0000000E+00   0.0000000E+00   0.0000000E+00
   1.5412360E+03   7.3300000E+02   0.0000000E+00   0.0000000E+00   0.0000000E+00
   1.5412435E+03   7.0900000E+02   0.0000000E+00   0.0000000E+00   0.0000000E+00
   1.5412510E+03   7.2700000E+02   0.0000000E+00   0.0000000E+00   0.0000000E+00
   1.5412586E+03   7.2100000E+02   0.0000000E+00   0.0000000E+00   0.0000000E+00
   1.5412661E+03   7.2100000E+02   0.0000000E+00   0.0000000E+00   0.0000000E+00
   1.5412736E+03   7.4500000E+02   0.0000000E+00   0.0000000E+00   0.0000000E+00
   1.5412811E+03   7.1300000E+02   0.0000000E+00   0.0000000E+00   0.0000000E+00
   1.5412887E+03   7.3900000E+02   0.0000000E+00   0.0000000E+00   0.0000000E+00
   1.5412962E+03   7.4800000E+02   0.0000000E+00   0.0000000E+00   0.0000000E+00
   1.5413037E+03   7.2900000E+02   0.0000000E+00   0.0000000E+00   0.0000000E+00
   1.5413113E+03   7.6600000E+02   1.0000000E+00   6.2280808E-04   4.7707099E-01
   1.5413188E+03   6.9900000E+02   0.0000000E+00   0.0000000E+00   0.0000000E+00
   1.5413263E+03   7.7600000E+02   1.0000000E+00   1.2354284E-03   9.5869241E-01
   1.5413338E+03   8.0400000E+02   0.0000000E+00   0.0000000E+00   0.0000000E+00
   1.5413414E+03   7.1500000E+02   1.0000000E+00   2.0105999E-04   1.4375789E-01
   1.5413489E+03   7.5400000E+02   0.0000000E+00   0.0000000E+00   0.0000000E+00
   1.5413564E+03   7.2000000E+02   0.0000000E+00   0.0000000E+00   0.0000000E+00
   1.5413640E+03   7.7700000E+02   0.0000000E+00   0.0000000E+00   0.0000000E+00
   1.5413715E+03   7.6000000E+02   0.0000000E+00   0.0000000E+00   0.0000000E+00
   1.5413790E+03   8.0500000E+02   0.0000000E+00   0.0000000E+00   0.0000000E+00
   1.5413865E+03   7.4700000E+02   0.0000000E+00   0.0000000E+00   0.0000000E+00
   1.5413941E+03   8.0000000E+02   0.0000000E+00   0.0000000E+00   0.0000000E+00
   1.5414016E+03   7.6100000E+02   0.0000000E+00   0.0000000E+00   0.0000000E+00
   1.5414091E+03   7.4600000E+02   0.0000000E+00   0.0000000E+00   0.0000000E+00
   1.5414167E+03   7.9800000E+02   0.0000000E+00   0.0000000E+00   0.0000000E+00
   1.5414242E+03   7.7000000E+02   0.0000000E+00   0.0000000E+00   0.0000000E+00
   1.5414317E+03   7.6200000E+02   1.0000000E+00   6.3142444E-04   4.8114542E-01
   1.5414392E+03   7.7200000E+02   1.0000000E+00   4.8713088E-04   3.7606504E-01
   1.5414468E+03   7.6900000E+02   0.0000000E+00   0.0000000E+00   0.0000000E+00
   1.5414543E+03   6.9000000E+02   0.0000000E+00   0.0000000E+00   0.0000000E+00
   1.5414618E+03   7.8900000E+02   1.0000000E+00   1.1503456E-03   9.0762269E-01
   1.5414694E+03   7.3000000E+02   1.0000000E+00   6.3127099E-04   4.6082782E-01
   1.5414769E+03   7.9300000E+02   0.0000000E+00   0.0000000E+00   0.0000000E+00
   1.5414844E+03   7.3200000E+02   0.0000000E+00   0.0000000E+00   0.0000000E+00
   1.5414919E+03   7.7200000E+02   0.0000000E+00   0.0000000E+00   0.0000000E+00
   1.5414995E+03   7.4800000E+02   1.0000000E+00   8.0289136E-04   6.0056274E-01
   1.5415070E+03   7.3700000E+02   0.0000000E+00   0.0000000E+00   0.0000000E+00
   1.5415145E+03   7.5800000E+02   0.0000000E+00   0.0000000E+00   0.0000000E+00
   1.5415221E+03   7.5700000E+02   0.0000000E+00   0.0000000E+00   0.0000000E+00
   1.5415296E+03   7.6300000E+02   1.0000000E+00   3.1891923E-04   2.4333538E-01
   1.5415371E+03   7.0800000E+02   0.0000000E+00   4.1286270E-05   0.0000000E+00
   1.5415446E+03   7.7200000E+02   0.0000000E+00   0.0000000E+00   0.0000000E+00
   1.5415522E+03   7.2600000E+02   0.0000000E+00   0.0000000E+00   0.0000000E+00
   1.5415597E+03   7.1500000E+02   0.0000000E+00   0.0000000E+00   0.0000000E+00
   1.5415672E+03   7.0700000E+02   0.0000000E+00   0.0000000E+00   0.0000000E+00
   1.5415747E+03   7.2800000E+02   0.0000000E+00   0.0000000E+00   0.0000000E+00
   1.5415823E+03   7.2300000E+02   0.0000000E+00   0.0000000E+00   0.0000000E+00
   1.5415898E+03   7.1100000E+02   0.0000000E+00   0.0000000E+00   0.0000000E+00
   1.5415973E+03   7.3000000E+02   0.0000000E+00   0.0000000E+00   0.0000000E+00
   1.5416049E+03   7.4100000E+02   0.0000000E+00   0.0000000E+00   0.0000000E+00
   1.5416124E+03   7.8600000E+02   0.0000000E+00   0.0000000E+00   0.0000000E+00
   1.5416199E+03   7.1500000E+02   0.0000000E+00   0.0000000E+00   0.0000000E+00
   1.5416274E+03   7.5100000E+02   0.0000000E+00   0.0000000E+00   0.0000000E+00
   1.5416350E+03   7.5600000E+02   1.0000000E+00   8.8727841E-04   6.7078248E-01
   1.5416425E+03   6.9900000E+02   0.0000000E+00   0.0000000E+00   0.0000000E+00
   1.5416500E+03   7.3100000E+02   0.0000000E+00   0.0000000E+00   0.0000000E+00
   1.5416576E+03   7.6500000E+02   0.0000000E+00   0.0000000E+00   0.0000000E+00
   1.5416651E+03   7.4600000E+02   0.0000000E+00   0.0000000E+00   0.0000000E+00
   1.5416726E+03   7.5000000E+02   1.0000000E+00   3.7082493E-04   2.7811870E-01
   1.5416801E+03   7.4200000E+02   0.0000000E+00   0.0000000E+00   0.0000000E+00
   1.5416877E+03   7.6700000E+02   0.0000000E+00   0.0000000E+00   0.0000000E+00
   1.5416952E+03   7.8500000E+02   0.0000000E+00   0.0000000E+00   0.0000000E+00
   1.5417027E+03   7.5000000E+02   0.0000000E+00   0.0000000E+00   0.0000000E+00
   1.5417103E+03   7.7300000E+02   0.0000000E+00   0.0000000E+00   0.0000000E+00
   1.5417178E+03   7.7100000E+02   0.0000000E+00   0.0000000E+00   0.0000000E+00
   1.5417253E+03   7.7700000E+02   0.0000000E+00   0.0000000E+00   0.0000000E+00
   1.5417328E+03   7.4100000E+02   0.0000000E+00   0.0000000E+00   0.0000000E+00
   1.5417404E+03   7.4600000E+02   0.0000000E+00   0.0000000E+00   0.0000000E+00
   1.5417479E+03   7.4900000E+02   0.0000000E+00   0.0000000E+00   0.0000000E+00
   1.5417554E+03   7.7300000E+02   0.0000000E+00   1.2073057E-04   0.0000000E+00
   1.5417630E+03   7.5600000E+02   0.0000000E+00   0.0000000E+00   0.0000000E+00
   1.5417705E+03   7.2100000E+02   0.0000000E+00   0.0000000E+00   0.0000000E+00
   1.5417780E+03   7.4800000E+02   0.0000000E+00   0.0000000E+00   0.0000000E+00
   1.5417855E+03   7.6100000E+02   0.0000000E+00   0.0000000E+00   0.0000000E+00
   1.5417931E+03   7.9800000E+02   0.0000000E+00   0.0000000E+00   0.0000000E+00
   1.5418006E+03   7.5900000E+02   1.0000000E+00   7.2328161E-04   5.4897074E-01
   1.5418081E+03   7.9000000E+02   0.0000000E+00   0.0000000E+00   0.0000000E+00
   1.5418157E+03   7.5200000E+02   1.0000000E+00   4.4178545E-04   3.3222266E-01
   1.5418232E+03   7.2400000E+02   1.0000000E+00   8.6908343E-04   6.2921640E-01
   1.5418307E+03   7.7000000E+02   0.0000000E+00   0.0000000E+00   0.0000000E+00
   1.5418382E+03   7.5800000E+02   0.0000000E+00   0.0000000E+00   0.0000000E+00
   1.5418458E+03   7.4300000E+02   0.0000000E+00   0.0000000E+00   0.0000000E+00
   1.5418533E+03   8.0400000E+02   0.0000000E+00   0.0000000E+00   0.0000000E+00
   1.5418608E+03   7.8400000E+02   0.0000000E+00   0.0000000E+00   0.0000000E+00
   1.5418684E+03   7.4900000E+02   0.0000000E+00   0.0000000E+00   0.0000000E+00
   1.5418759E+03   7.0900000E+02   0.0000000E+00   0.0000000E+00   0.0000000E+00
   1.5418834E+03   7.7100000E+02   0.0000000E+00   0.0000000E+00   0.0000000E+00
   1.5418909E+03   7.3800000E+02   1.0000000E+00   7.4934529E-04   5.5301682E-01
   1.5418985E+03   7.8000000E+02   0.0000000E+00   0.0000000E+00   0.0000000E+00
   1.5419060E+03   7.8100000E+02   0.0000000E+00   0.0000000E+00   0.0000000E+00
   1.5419135E+03   7.5200000E+02   0.0000000E+00   0.0000000E+00   0.0000000E+00
   1.5419211E+03   7.1400000E+02   0.0000000E+00   0.0000000E+00   0.0000000E+00
   1.5419286E+03   7.2100000E+02   0.0000000E+00   0.0000000E+00   0.0000000E+00
   1.5419361E+03   7.0200000E+02   0.0000000E+00   0.0000000E+00   0.0000000E+00
   1.5419436E+03   7.9700000E+02   0.0000000E+00   0.0000000E+00   0.0000000E+00
   1.5419512E+03   7.6100000E+02   0.0000000E+00   0.0000000E+00   0.0000000E+00
   1.5419587E+03   7.3500000E+02   1.0000000E+00   1.2789095E-03   9.3999849E-01
   1.5419662E+03   7.5900000E+02   0.0000000E+00   0.0000000E+00   0.0000000E+00
   1.5419738E+03   7.6900000E+02   0.0000000E+00   3.6301362E-05   0.0000000E+00
   1.5419813E+03   7.5500000E+02   0.0000000E+00   0.0000000E+00   0.0000000E+00
   1.5419888E+03   7.1800000E+02   1.0000000E+00   4.9504089E-04   3.5543936E-01
   1.5419963E+03   7.4100000E+02   0.0000000E+00   0.0000000E+00   0.0000000E+00
   1.5420039E+03   8.1100000E+02   1.0000000E+00   1.1176306E-03   9.0639845E-01
   1.5420114E+03   7.5000000E+02   0.0000000E+00   0.0000000E+00   0.0000000E+00
   1.5420189E+03   7.5200000E+02   0.0000000E+00   0.0000000E+00   0.0000000E+00
   1.5420264E+03   7.4400000E+02   0.0000000E+00   0.0000000E+00   0.0000000E+00
   1.5420340E+03   7.8600000E+02   0.0000000E+00   0.0000000E+00   0.0000000E+00
   1.5420415E+03   7.5300000E+02   0.0000000E+00   0.0000000E+00   0.0000000E+00
   1.5420490E+03   7.1100000E+02   0.0000000E+00   0.0000000E+00   0.0000000E+00
   1.5420566E+03   7.6100000E+02   0.0000000E+00   0.0000000E+00   0.0000000E+00
   1.5420641E+03   7.2700000E+02   1.0000000E+00   9.3339522E-04   6.7857833E-01
   1.5420716E+03   7.6400000E+02   0.0000000E+00   0.0000000E+00   0.0000000E+00
   1.5420791E+03   7.5700000E+02   0.0000000E+00   0.0000000E+00   0.0000000E+00
   1.5420867E+03   7.8300000E+02   0.0000000E+00   0.0000000E+00   0.0000000E+00
   1.5420942E+03   7.6300000E+02   0.0000000E+00   0.0000000E+00   0.0000000E+00
   1.5421017E+03   7.4200000E+02   0.0000000E+00   0.0000000E+00   0.0000000E+00
   1.5421093E+03   7.6100000E+02   1.0000000E+00   1.1627086E-03   8.8482128E-01
   1.5421168E+03   7.6400000E+02   0.0000000E+00   0.0000000E+00   0.0000000E+00
   1.5421243E+03   7.2700000E+02   1.0000000E+00   1.3073590E-03   9.5044996E-01
   1.5421318E+03   7.5400000E+02   0.0000000E+00   0.0000000E+00   0.0000000E+00
   1.5421394E+03   7.6400000E+02   0.0000000E+00   0.0000000E+00   0.0000000E+00
   1.5421469E+03   7.7700000E+02   0.0000000E+00   0.0000000E+00   0.0000000E+00
   1.5421544E+03   7.1100000E+02   0.0000000E+00   0.0000000E+00   0.0000000E+00
   1.5421620E+03   7.2500000E+02   0.0000000E+00   0.0000000E+00   0.0000000E+00
   1.5421695E+03   6.9600000E+02   0.0000000E+00   0.0000000E+00   0.0000000E+00
   1.5421770E+03   7.0700000E+02   0.0000000E+00   0.0000000E+00   0.0000000E+00
   1.5421845E+03   7.3500000E+02   0.0000000E+00   0.0000000E+00   0.0000000E+00
   1.5421921E+03   7.6500000E+02   1.0000000E+00   2.0411541E-04   1.5614829E-01
   1.5421996E+03   7.5600000E+02   0.0000000E+00   0.0000000E+00   0.0000000E+00
   1.5422071E+03   8.1400000E+02   1.0000000E+00   9.2841967E-04   7.5573361E-01
   1.5422147E+03   8.0800000E+02   0.0000000E+00   0.0000000E+00   0.0000000E+00
   1.5422222E+03   7.4100000E+02   0.0000000E+00   0.0000000E+00   0.0000000E+00
   1.5422297E+03   7.8500000E+02   0.0000000E+00   0.0000000E+00   0.0000000E+00
   1.5422372E+03   7.5000000E+02   0.0000000E+00   0.0000000E+00   0.0000000E+00
   1.5422448E+03   7.6500000E+02   1.0000000E+00   8.7541646E-04   9.1280215E-01
   1.5422523E+03   7.2600000E+02   1.0000000E+00   1.2888171E-03   9.3568122E-01
   1.5422598E+03   8.1300000E+02   0.0000000E+00   0.0000000E+00   0.0000000E+00
   1.5422674E+03   7.2200000E+02   0.0000000E+00   0.0000000E+00   0.0000000E+00
   1.5422749E+03   7.7200000E+02   0.0000000E+00   3.2868079E-04   0.0000000E+00
   1.5422824E+03   7.4700000E+02   1.0000000E+00   4.9683473E-04   3.7113555E-01
   1.5422899E+03   7.4300000E+02   0.0000000E+00   0.0000000E+00   0.0000000E+00
   1.5422975E+03   7.4800000E+02   0.0000000E+00   0.0000000E+00   0.0000000E+00
   1.5423050E+03   7.6500000E+02   0.0000000E+00   0.0000000E+00   0.0000000E+00
   1.5423125E+03   7.1100000E+02   0.0000000E+00   0.0000000E+00   0.0000000E+00
   1.5423201E+03   7.6900000E+02   0.0000000E+00   0.0000000E+00   0.0000000E+00
   1.5423276E+03   7.3100000E+02   0.0000000E+00   0.0000000E+00   0.0000000E+00
   1.5423351E+03   7.3600000E+02   1.0000000E+00   1.2637517E-03   9.3012127E-01
   1.5423426E+03   7.0400000E+02   0.0000000E+00   0.0000000E+00   0.0000000E+00
   1.5423502E+03   7.6700000E+02   0.0000000E+00   0.0000000E+00   0.0000000E+00
   1.5423577E+03   7.6100000E+02   0.0000000E+00   0.0000000E+00   0.0000000E+00
   1.5423652E+03   7.4300000E+02   0.0000000E+00   0.0000000E+00   0.0000000E+00
   1.5423728E+03   7.7000000E+02   0.0000000E+00   0.0000000E+00   0.0000000E+00
   1.5423803E+03   7.1300000E+02   0.0000000E+00   0.0000000E+00   0.0000000E+00
   1.5423878E+03   7.7100000E+02   0.0000000E+00   0.0000000E+00   0.0000000E+00
   1.5423953E+03   8.2500000E+02   0.0000000E+00   0.0000000E+00   0.0000000E+00
   1.5424029E+03   7.5700000E+02   1.0000000E+00   1.8555703E-04   1.4305632E-01
   1.5424104E+03   7.5300000E+02   0.0000000E+00   0.0000000E+00   0.0000000E+00
   1.5424179E+03   7.6000000E+02   1.0000000E+00   1.1964023E-03   9.0926576E-01
   1.5424255E+03   7.2300000E+02   0.0000000E+00   0.0000000E+00   0.0000000E+00
   1.5424330E+03   7.9800000E+02   0.0000000E+00   0.0000000E+00   0.0000000E+00
   1.5424405E+03   7.6500000E+02   1.0000000E+00   8.6027205E-04   6.5810812E-01
   1.5424480E+03   7.5900000E+02   0.0000000E+00   0.0000000E+00   0.0000000E+00
   1.5424556E+03   7.7500000E+02   0.0000000E+00   0.0000000E+00   0.0000000E+00
   1.5424631E+03   7.2800000E+02   0.0000000E+00   0.0000000E+00   0.0000000E+00
   1.5424706E+03   7.4500000E+02   0.0000000E+00   0.0000000E+00   0.0000000E+00
   1.5424781E+03   7.5700000E+02   0.0000000E+00   0.0000000E+00   0.0000000E+00
   1.5424857E+03   7.2300000E+02   0.0000000E+00   0.0000000E+00   0.0000000E+00
   1.5424932E+03   7.6100000E+02   0.0000000E+00   0.0000000E+00   0.0000000E+00
   1.5425007E+03   7.4200000E+02   0.0000000E+00   0.0000000E+00   0.0000000E+00
   1.5425083E+03   7.3500000E+02   1.0000000E+00   3.0756201E-04   2.2605808E-01
   1.5425158E+03   7.4900000E+02   0.0000000E+00   0.0000000E+00   0.0000000E+00
   1.5425233E+03   7.6300000E+02   0.0000000E+00   0.0000000E+00   0.0000000E+00
   1.5425308E+03   7.5700000E+02   0.0000000E+00   0.0000000E+00   0.0000000E+00
   1.5425384E+03   7.1100000E+02   0.0000000E+00   0.0000000E+00   0.0000000E+00
   1.5425459E+03   7.9700000E+02   1.0000000E+00   6.2316700E-04   4.9666410E-01
   1.5425534E+03   7.9900000E+02   1.0000000E+00   4.7391907E-04   3.7866134E-01
   1.5425610E+03   7.5400000E+02   1.0000000E+00   1.0827030E-03   8.1635804E-01
   1.5425685E+03   7.3800000E+02   0.0000000E+00   0.0000000E+00   0.0000000E+00
   1.5425760E+03   7.6800000E+02   0.0000000E+00   0.0000000E+00   0.0000000E+00
   1.5425835E+03   7.8300000E+02   1.0000000E+00   8.6122439E-04   6.7433869E-01
   1.5425911E+03   7.1800000E+02   0.0000000E+00   0.0000000E+00   0.0000000E+00
   1.5425986E+03   7.0200000E+02   0.0000000E+00   0.0000000E+00   0.0000000E+00
   1.5426061E+03   7.7600000E+02   1.0000000E+00   2.6974512E-04   2.0932222E-01
   1.5426137E+03   7.6000000E+02   1.0000000E+00   5.0636939E-04   3.8484074E-01
   1.5426212E+03   7.5200000E+02   0.0000000E+00   0.0000000E+00   0.0000000E+00
   1.5426287E+03   7.4600000E+02   0.0000000E+00   0.0000000E+00   0.0000000E+00
   1.5426362E+03   7.7200000E+02   0.0000000E+00   0.0000000E+00   0.0000000E+00
   1.5426438E+03   7.5300000E+02   0.0000000E+00   0.0000000E+00   0.0000000E+00
   1.5426513E+03   7.6600000E+02   0.0000000E+00   0.0000000E+00   0.0000000E+00
   1.5426588E+03   7.6600000E+02   0.0000000E+00   0.0000000E+00   0.0000000E+00
   1.5426664E+03   7.5900000E+02   0.0000000E+00   0.0000000E+00   0.0000000E+00
   1.5426739E+03   7.7600000E+02   0.0000000E+00   0.0000000E+00   0.0000000E+00
   1.5426814E+03   7.6800000E+02   0.0000000E+00   0.0000000E+00   0.0000000E+00
   1.5426889E+03   7.4000000E+02   0.0000000E+00   0.0000000E+00   0.0000000E+00
   1.5426965E+03   7.5300000E+02   0.0000000E+00   0.0000000E+00   0.0000000E+00
   1.5427040E+03   7.1600000E+02   0.0000000E+00   0.0000000E+00   0.0000000E+00
   1.5427115E+03   7.6800000E+02   0.0000000E+00   0.0000000E+00   0.0000000E+00
   1.5427191E+03   7.5500000E+02   0.0000000E+00   0.0000000E+00   0.0000000E+00
   1.5427266E+03   7.7900000E+02   0.0000000E+00   0.0000000E+00   0.0000000E+00
   1.5427341E+03   7.4200000E+02   0.0000000E+00   0.0000000E+00   0.0000000E+00
   1.5427416E+03   7.3700000E+02   0.0000000E+00   0.0000000E+00   0.0000000E+00
   1.5427492E+03   7.2900000E+02   1.0000000E+00   1.0463853E-03   7.6281486E-01
   1.5427567E+03   7.2200000E+02   0.0000000E+00   0.0000000E+00   0.0000000E+00
   1.5427642E+03   6.8800000E+02   0.0000000E+00   0.0000000E+00   0.0000000E+00
   1.5427718E+03   7.8400000E+02   0.0000000E+00   0.0000000E+00   0.0000000E+00
   1.5427793E+03   7.3900000E+02   0.0000000E+00   0.0000000E+00   0.0000000E+00
   1.5427868E+03   7.4000000E+02   0.0000000E+00   0.0000000E+00   0.0000000E+00
   1.5427943E+03   7.2200000E+02   0.0000000E+00   0.0000000E+00   0.0000000E+00
   1.5428019E+03   7.6700000E+02   1.0000000E+00   7.1168385E-04   5.4586152E-01
   1.5428094E+03   7.1800000E+02   0.0000000E+00   0.0000000E+00   0.0000000E+00
   1.5428169E+03   7.5400000E+02   0.0000000E+00   0.0000000E+00   0.0000000E+00
   1.5428245E+03   7.0400000E+02   0.0000000E+00   4.3695598E-04   0.0000000E+00
   1.5428320E+03   7.4100000E+02   0.0000000E+00   0.0000000E+00   0.0000000E+00
   1.5428395E+03   7.4000000E+02   1.0000000E+00   9.0590665E-04   6.7037092E-01
   1.5428470E+03   7.6800000E+02   0.0000000E+00   0.0000000E+00   0.0000000E+00
   1.5428546E+03   7.8100000E+02   0.0000000E+00   0.0000000E+00   0.0000000E+00
   1.5428621E+03   7.4100000E+02   0.0000000E+00   1.1752608E-03   0.0000000E+00
   1.5428696E+03   7.1600000E+02   0.0000000E+00   0.0000000E+00   0.0000000E+00
   1.5428772E+03   7.4400000E+02   0.0000000E+00   0.0000000E+00   0.0000000E+00
   1.5428847E+03   7.0500000E+02   2.0000000E+00   8.3088037E-04   2.9288533E-01
   1.5428922E+03   7.5700000E+02   0.0000000E+00   0.0000000E+00   0.0000000E+00
   1.5428997E+03   7.4600000E+02   2.0000000E+00   8.8032560E-04   3.2836145E-01
   1.5429073E+03   7.9700000E+02   0.0000000E+00   0.0000000E+00   0.0000000E+00
   1.5429148E+03   7.4900000E+02   1.0000000E+00   1.2095210E-03   9.0593121E-01
   1.5429223E+03   7.3800000E+02   0.0000000E+00   0.0000000E+00   0.0000000E+00
   1.5429298E+03   7.8000000E+02   0.0000000E+00   0.0000000E+00   0.0000000E+00
   1.5429374E+03   7.0800000E+02   0.0000000E+00   0.0000000E+00   0.0000000E+00
   1.5429449E+03   7.2600000E+02   0.0000000E+00   0.0000000E+00   0.0000000E+00
   1.5429524E+03   7.3500000E+02   0.0000000E+00   0.0000000E+00   0.0000000E+00
   1.5429600E+03   7.6700000E+02   2.0000000E+00   1.3258383E-03   5.0845900E-01
   1.5429675E+03   7.6700000E+02   0.0000000E+00   0.0000000E+00   0.0000000E+00
   1.5429750E+03   7.8200000E+02   1.0000000E+00   4.3890756E-04   3.4322571E-01
   1.5429825E+03   6.8900000E+02   1.0000000E+00   9.4763844E-04   6.4757797E-01
   1.5429901E+03   7.8600000E+02   0.0000000E+00   0.0000000E+00   0.0000000E+00
   1.5429976E+03   7.6200000E+02   0.0000000E+00   0.0000000E+00   0.0000000E+00
   1.5430051E+03   7.2200000E+02   0.0000000E+00   0.0000000E+00   0.0000000E+00
   1.5430127E+03   7.2400000E+02   0.0000000E+00   0.0000000E+00   0.0000000E+00
   1.5430202E+03   7.5500000E+02   0.0000000E+00   0.0000000E+00   0.0000000E+00
   1.5430277E+03   7.3000000E+02   0.0000000E+00   0.0000000E+00   0.0000000E+00
   1.5430352E+03   7.6200000E+02   1.0000000E+00   1.1522105E-03   8.7798442E-01
   1.5430428E+03   7.5700000E+02   0.0000000E+00   0.0000000E+00   0.0000000E+00
   1.5430503E+03   7.8400000E+02   0.0000000E+00   0.0000000E+00   0.0000000E+00
   1.5430578E+03   7.9600000E+02   1.0000000E+00   1.0870249E-03   8.6527181E-01
   1.5430654E+03   8.0000000E+02   0.0000000E+00   0.0000000E+00   0.0000000E+00
   1.5430729E+03   7.2600000E+02   0.0000000E+00   0.0000000E+00   0.0000000E+00
   1.5430804E+03   7.4400000E+02   0.0000000E+00   0.0000000E+00   0.0000000E+00
   1.5430879E+03   7.7200000E+02   0.0000000E+00   0.0000000E+00   0.0000000E+00
   1.5430955E+03   8.4500000E+02   1.0000000E+00   8.9934466E-04   7.5994623E-01
   1.5431030E+03   7.6100000E+02   0.0000000E+00   0.0000000E+00   0.0000000E+00
   1.5431105E+03   7.0800000E+02   0.0000000E+00   0.0000000E+00   0.0000000E+00
   1.5431181E+03   7.8800000E+02   1.0000000E+00   1.0894511E-03   8.5848747E-01
   1.5431256E+03   7.5200000E+02   0.0000000E+00   0.0000000E+00   0.0000000E+00
   1.5431331E+03   7.6300000E+02   0.0000000E+00   0.0000000E+00   0.0000000E+00
   1.5431406E+03   7.3800000E+02   0.0000000E+00   0.0000000E+00   0.0000000E+00
   1.5431482E+03   7.9700000E+02   1.0000000E+00   1.1572322E-03   9.2231407E-01
   1.5431557E+03   7.4100000E+02   0.0000000E+00   0.0000000E+00   0.0000000E+00
   1.5431632E+03   7.2100000E+02   1.0000000E+00   1.8875305E-04   1.3609095E-01
   1.5431708E+03   7.7700000E+02   1.0000000E+00   4.6770138E-04   3.6340397E-01
   1.5431783E+03   7.6100000E+02   2.0000000E+00   2.2310661E-03   8.4892064E-01
   1.5431858E+03   7.8300000E+02   0.0000000E+00   0.0000000E+00   0.0000000E+00
   1.5431933E+03   7.6800000E+02   0.0000000E+00   0.0000000E+00   0.0000000E+00
   1.5432009E+03   7.8700000E+02   0.0000000E+00   0.0000000E+00   0.0000000E+00
   1.5432084E+03   7.6500000E+02   1.0000000E+00   4.1829347E-04   3.1999450E-01
   1.5432159E+03   7.2600000E+02   0.0000000E+00   0.0000000E+00   0.0000000E+00
   1.5432235E+03   7.7300000E+02   0.0000000E+00   0.0000000E+00   0.0000000E+00
   1.5432310E+03   6.9200000E+02   1.0000000E+00   2.7837620E-04   1.9263633E-01
   1.5432385E+03   7.1400000E+02   0.0000000E+00   0.0000000E+00   0.0000000E+00
   1.5432460E+03   7.8600000E+02   0.0000000E+00   0.0000000E+00   0.0000000E+00
   1.5432536E+03   7.5700000E+02   0.0000000E+00   0.0000000E+00   0.0000000E+00
   1.5432611E+03   7.4800000E+02   0.0000000E+00   0.0000000E+00   0.0000000E+00
   1.5432686E+03   7.5600000E+02   0.0000000E+00   0.0000000E+00   0.0000000E+00
   1.5432762E+03   7.2100000E+02   1.0000000E+00   4.2228444E-04   3.0446708E-01
   1.5432837E+03   7.2500000E+02   0.0000000E+00   0.0000000E+00   0.0000000E+00
   1.5432912E+03   7.6700000E+02   1.0000000E+00   9.7077769E-04   7.4458648E-01
   1.5432987E+03   7.7400000E+02   0.0000000E+00   0.0000000E+00   0.0000000E+00
   1.5433063E+03   7.4200000E+02   0.0000000E+00   0.0000000E+00   0.0000000E+00
   1.5433138E+03   7.5000000E+02   0.0000000E+00   0.0000000E+00   0.0000000E+00
   1.5433213E+03   7.7000000E+02   0.0000000E+00   0.0000000E+00   0.0000000E+00
   1.5433289E+03   7.6100000E+02   1.0000000E+00   1.2223353E-03   9.3019715E-01
   1.5433364E+03   7.8500000E+02   0.0000000E+00   0.0000000E+00   0.0000000E+00
   1.5433439E+03   7.3500000E+02   0.0000000E+00   0.0000000E+00   0.0000000E+00
   1.5433514E+03   7.1800000E+02   0.0000000E+00   0.0000000E+00   0.0000000E+00
   1.5433590E+03   7.5200000E+02   0.0000000E+00   0.0000000E+00   0.0000000E+00
   1.5433665E+03   7.6100000E+02   0.0000000E+00   0.0000000E+00   0.0000000E+00
   1.5433740E+03   7.1800000E+02   0.0000000E+00   0.0000000E+00   0.0000000E+00
   1.5433815E+03   8.0600000E+02   0.0000000E+00   0.0000000E+00   0.0000000E+00
   1.5433891E+03   7.7400000E+02   0.0000000E+00   0.0000000E+00   0.0000000E+00
   1.5433966E+03   7.7100000E+02   0.0000000E+00   0.0000000E+00   0.0000000E+00
   1.5434041E+03   7.3500000E+02   0.0000000E+00   0.0000000E+00   0.0000000E+00
   1.5434117E+03   7.6300000E+02   0.0000000E+00   0.0000000E+00   0.0000000E+00
   1.5434192E+03   7.9800000E+02   0.0000000E+00   0.0000000E+00   0.0000000E+00
   1.5434267E+03   7.1200000E+02   0.0000000E+00   0.0000000E+00   0.0000000E+00
   1.5434342E+03   6.9500000E+02   0.0000000E+00   4.6611959E-05   0.0000000E+00
   1.5434418E+03   7.4300000E+02   0.0000000E+00   0.0000000E+00   0.0000000E+00
   1.5434493E+03   7.3600000E+02   1.0000000E+00   5.1264468E-04   3.7730649E-01
   1.5434568E+03   7.6000000E+02   0.0000000E+00   0.0000000E+00   0.0000000E+00
   1.5434644E+03   7.3200000E+02   0.0000000E+00   0.0000000E+00   0.0000000E+00
   1.5434719E+03   7.4300000E+02   1.0000000E+00   1.2342802E-03   9.1707019E-01
   1.5434794E+03   7.2200000E+02   1.0000000E+00   7.2017907E-04   5.1996929E-01
   1.5434869E+03   7.4400000E+02   0.0000000E+00   1.3889976E-05   0.0000000E+00
   1.5434945E+03   7.6200000E+02   0.0000000E+00   4.9744643E-04   0.0000000E+00
   1.5435020E+03   7.5800000E+02   0.0000000E+00   8.9427346E-05   0.0000000E+00
   1.5435095E+03   7.0500000E+02   1.0000000E+00   1.2090621E-03   8.5238876E-01
   1.5435171E+03   7.6500000E+02   0.0000000E+00   5.5301414E-05   0.0000000E+00
   1.5435246E+03   7.6900000E+02   0.0000000E+00   0.0000000E+00   0.0000000E+00
   1.5435321E+03   7.5600000E+02   1.0000000E+00   8.9165715E-04   6.7409281E-01
   1.5435396E+03   8.1100000E+02   0.0000000E+00   0.0000000E+00   0.0000000E+00
   1.5435472E+03   7.6100000E+02   0.0000000E+00   4.6021821E-05   0.0000000E+00
   1.5435547E+03   7.3900000E+02   1.0000000E+00   1.2398924E-03   9.1628045E-01
   1.5435622E+03   6.9600000E+02   0.0000000E+00   0.0000000E+00   0.0000000E+00
   1.5435698E+03   7.1100000E+02   0.0000000E+00   0.0000000E+00   0.0000000E+00
   1.5435773E+03   7.4300000E+02   0.0000000E+00   0.0000000E+00   0.0000000E+00
   1.5435848E+03   8.0000000E+02   1.0000000E+00   6.8648707E-04   5.4918965E-01
   1.5435923E+03   7.6400000E+02   0.0000000E+00   0.0000000E+00   0.0000000E+00
   1.5435999E+03   8.0300000E+02   2.0000000E+00   1.6933952E-03   6.7989816E-01
   1.5436074E+03   7.6100000E+02   0.0000000E+00   0.0000000E+00   0.0000000E+00
   1.5436149E+03   7.6000000E+02   0.0000000E+00   0.0000000E+00   0.0000000E+00
   1.5436225E+03   8.0400000E+02   0.0000000E+00   0.0000000E+00   0.0000000E+00
   1.5436300E+03   7.9300000E+02   0.0000000E+00   0.0000000E+00   0.0000000E+00
   1.5436375E+03   7.4000000E+02   0.0000000E+00   0.0000000E+00   0.0000000E+00
   1.5436450E+03   7.9700000E+02   3.0000000E+00   2.9997579E-04   7.9693569E-02
   1.5436526E+03   7.6700000E+02   0.0000000E+00   0.0000000E+00   0.0000000E+00
   1.5436601E+03   7.3600000E+02   1.0000000E+00   9.0814714E-04   4.8980938E-01
   1.5436676E+03   7.2000000E+02   0.0000000E+00   0.0000000E+00   0.0000000E+00
   1.5436752E+03   7.9200000E+02   1.0000000E+00   8.4059837E-04   2.9859227E-01
   1.5436827E+03   7.5200000E+02   0.0000000E+00   0.0000000E+00   0.0000000E+00
   1.5436902E+03   7.6900000E+02   1.0000000E+00   6.2638685E-04   4.8169149E-01
   1.5436977E+03   7.1700000E+02   1.0000000E+00   1.0055461E-03   7.2097657E-01
   1.5437053E+03   7.7100000E+02   0.0000000E+00   0.0000000E+00   0.0000000E+00
   1.5437128E+03   8.1100000E+02   0.0000000E+00   0.0000000E+00   0.0000000E+00
   1.5437203E+03   7.4400000E+02   1.0000000E+00   2.9555565E-04   2.1989341E-01
   1.5437279E+03   7.7400000E+02   1.0000000E+00   7.0080259E-04   5.4242120E-01
   1.5437354E+03   7.7700000E+02   0.0000000E+00   0.0000000E+00   0.0000000E+00
   1.5437429E+03   7.3700000E+02   0.0000000E+00   0.0000000E+00   0.0000000E+00
   1.5437504E+03   6.8900000E+02   0.0000000E+00   0.0000000E+00   0.0000000E+00
   1.5437580E+03   7.6300000E+02   0.0000000E+00   0.0000000E+00   0.0000000E+00
   1.5437655E+03   7.4000000E+02   0.0000000E+00   0.0000000E+00   0.0000000E+00
   1.5437730E+03   7.4900000E+02   0.0000000E+00   0.0000000E+00   0.0000000E+00
   1.5437806E+03   7.6400000E+02   0.0000000E+00   0.0000000E+00   0.0000000E+00
   1.5437881E+03   7.5300000E+02   1.0000000E+00   9.1838684E-04   6.9154529E-01
   1.5437956E+03   7.4300000E+02   0.0000000E+00   0.0000000E+00   0.0000000E+00
   1.5438031E+03   7.5400000E+02   1.0000000E+00   1.2248058E-03   9.2350358E-01
   1.5438107E+03   7.3700000E+02   0.0000000E+00   0.0000000E+00   0.0000000E+00
   1.5438182E+03   7.3900000E+02   0.0000000E+00   0.0000000E+00   0.0000000E+00
   1.5438257E+03   8.2800000E+02   0.0000000E+00   0.0000000E+00   0.0000000E+00
   1.5438332E+03   7.3800000E+02   0.0000000E+00   0.0000000E+00   0.0000000E+00
   1.5438408E+03   7.1200000E+02   2.0000000E+00   1.3116146E-03   4.6693480E-01
   1.5438483E+03   8.1100000E+02   1.0000000E+00   1.0235196E-03   8.3007442E-01
   1.5438558E+03   7.2900000E+02   0.0000000E+00   0.0000000E+00   0.0000000E+00
   1.5438634E+03   7.3100000E+02   1.0000000E+00   1.0397166E-03   7.6003280E-01
   1.5438709E+03   7.8600000E+02   0.0000000E+00   0.0000000E+00   0.0000000E+00
   1.5438784E+03   7.3400000E+02   0.0000000E+00   0.0000000E+00   0.0000000E+00
   1.5438859E+03   7.9100000E+02   0.0000000E+00   1.8578013E-04   0.0000000E+00
   1.5438935E+03   8.0100000E+02   1.0000000E+00   1.1511551E-03   9.2207527E-01
   1.5439010E+03   7.8400000E+02   0.0000000E+00   0.0000000E+00   0.0000000E+00
   1.5439085E+03   7.8300000E+02   0.0000000E+00   0.0000000E+00   0.0000000E+00
   1.5439161E+03   7.2200000E+02   0.0000000E+00   0.0000000E+00   0.0000000E+00
   1.5439236E+03   7.3200000E+02   0.0000000E+00   0.0000000E+00   0.0000000E+00
   1.5439311E+03   7.4300000E+02   1.0000000E+00   1.1507919E-03   8.5503839E-01
   1.5439386E+03   7.7600000E+02   1.0000000E+00   1.1481410E-03   8.9095742E-01
   1.5439462E+03   8.0600000E+02   1.0000000E+00   1.0805064E-03   8.7088819E-01
   1.5439537E+03   7.3600000E+02   0.0000000E+00   0.0000000E+00   0.0000000E+00
   1.5439612E+03   7.4500000E+02   0.0000000E+00   0.0000000E+00   0.0000000E+00
   1.5439688E+03   7.4500000E+02   0.0000000E+00   0.0000000E+00   0.0000000E+00
   1.5439763E+03   7.2600000E+02   0.0000000E+00   0.0000000E+00   0.0000000E+00
   1.5439838E+03   7.3700000E+02   2.0000000E+00   8.0125225E-04   2.9526145E-01
   1.5439913E+03   7.4200000E+02   1.0000000E+00   1.5674840E-04   1.1630731E-01
   1.5439989E+03   7.4200000E+02   0.0000000E+00   0.0000000E+00   0.0000000E+00
   1.5440064E+03   7.6700000E+02   1.0000000E+00   9.0210584E-04   6.9191518E-01
   1.5440139E+03   7.1600000E+02   0.0000000E+00   0.0000000E+00   0.0000000E+00
   1.5440215E+03   7.5400000E+02   0.0000000E+00   0.0000000E+00   0.0000000E+00
   1.5440290E+03   7.3800000E+02   0.0000000E+00   0.0000000E+00   0.0000000E+00
   1.5440365E+03   7.9400000E+02   0.0000000E+00   0.0000000E+00   0.0000000E+00
   1.5440440E+03   7.4200000E+02   0.0000000E+00   0.0000000E+00   0.0000000E+00
   1.5440516E+03   7.2400000E+02   0.0000000E+00   0.0000000E+00   0.0000000E+00
   1.5440591E+03   7.6200000E+02   0.0000000E+00   0.0000000E+00   0.0000000E+00
   1.5440666E+03   7.0500000E+02   0.0000000E+00   0.0000000E+00   0.0000000E+00
   1.5440742E+03   7.6600000E+02   0.0000000E+00   0.0000000E+00   0.0000000E+00
   1.5440817E+03   7.4900000E+02   0.0000000E+00   1.4081909E-04   0.0000000E+00
   1.5440892E+03   7.3500000E+02   0.0000000E+00   0.0000000E+00   0.0000000E+00
   1.5440967E+03   7.1100000E+02   0.0000000E+00   0.0000000E+00   0.0000000E+00
   1.5441043E+03   6.9000000E+02   1.0000000E+00   1.2653554E-03   8.7309521E-01
   1.5441118E+03   7.3800000E+02   0.0000000E+00   3.5357181E-05   0.0000000E+00
   1.5441193E+03   7.5800000E+02   1.0000000E+00   1.2014393E-03   9.1069101E-01
   1.5441269E+03   7.8800000E+02   0.0000000E+00   0.0000000E+00   0.0000000E+00
   1.5441344E+03   7.3700000E+02   0.0000000E+00   0.0000000E+00   0.0000000E+00
   1.5441419E+03   7.4600000E+02   0.0000000E+00   0.0000000E+00   0.0000000E+00
   1.5441494E+03   7.2500000E+02   1.0000000E+00   9.1543062E-04   6.6368720E-01
   1.5441570E+03   8.0300000E+02   0.0000000E+00   0.0000000E+00   0.0000000E+00
   1.5441645E+03   7.4500000E+02   0.0000000E+00   0.0000000E+00   0.0000000E+00
   1.5441720E+03   7.8900000E+02   1.0000000E+00   1.1318831E-03   8.9305580E-01
   1.5441796E+03   7.6500000E+02   0.0000000E+00   0.0000000E+00   0.0000000E+00
   1.5441871E+03   7.4900000E+02   0.0000000E+00   0.0000000E+00   0.0000000E+00
   1.5441946E+03   7.6900000E+02   0.0000000E+00   0.0000000E+00   0.0000000E+00
   1.5442021E+03   6.9300000E+02   0.0000000E+00   0.0000000E+00   0.0000000E+00
   1.5442097E+03   7.4400000E+02   0.0000000E+00   0.0000000E+00   0.0000000E+00
   1.5442172E+03   7.8900000E+02   0.0000000E+00   0.0000000E+00   0.0000000E+00
   1.5442247E+03   7.4300000E+02   0.0000000E+00   4.0537087E-04   0.0000000E+00
   1.5442323E+03   7.2900000E+02   0.0000000E+00   0.0000000E+00   0.0000000E+00
   1.5442398E+03   7.4400000E+02   0.0000000E+00   0.0000000E+00   0.0000000E+00
   1.5442473E+03   7.6100000E+02   0.0000000E+00   0.0000000E+00   0.0000000E+00
   1.5442548E+03   7.1000000E+02   0.0000000E+00   0.0000000E+00   0.0000000E+00
   1.5442624E+03   7.1100000E+02   0.0000000E+00   0.0000000E+00   0.0000000E+00
   1.5442699E+03   7.2700000E+02   0.0000000E+00   0.0000000E+00   0.0000000E+00
   1.5442774E+03   7.1000000E+02   1.0000000E+00   3.3173770E-04   2.3553377E-01
   1.5442849E+03   7.6300000E+02   1.0000000E+00   6.5247913E-04   4.9784158E-01
   1.5442925E+03   7.6600000E+02   1.0000000E+00   5.7745818E-04   4.4233296E-01
   1.5443000E+03   8.0900000E+02   0.0000000E+00   0.0000000E+00   0.0000000E+00
   1.5443075E+03   7.0900000E+02   0.0000000E+00   0.0000000E+00   0.0000000E+00
   1.5443151E+03   7.6200000E+02   0.0000000E+00   0.0000000E+00   0.0000000E+00
   1.5443226E+03   7.3800000E+02   0.0000000E+00   0.0000000E+00   0.0000000E+00
   1.5443301E+03   7.0900000E+02   0.0000000E+00   5.8740544E-05   0.0000000E+00
   1.5443376E+03   7.8800000E+02   0.0000000E+00   1.5285518E-04   0.0000000E+00
   1.5443452E+03   7.5600000E+02   3.0000000E+00   2.7335007E-03   6.7355498E-01
   1.5443527E+03   7.2400000E+02   1.0000000E+00   7.2342615E-04   5.2376053E-01
   1.5443602E+03   7.2800000E+02   0.0000000E+00   7.0746604E-04   0.0000000E+00
   1.5443678E+03   6.8900000E+02   1.0000000E+00   1.2114061E-03   8.1955844E-01
   1.5443753E+03   7.7500000E+02   1.0000000E+00   2.6132773E-04   2.0252899E-01
   1.5443828E+03   7.3900000E+02   0.0000000E+00   0.0000000E+00   0.0000000E+00
   1.5443903E+03   7.6000000E+02   0.0000000E+00   4.7028990E-06   0.0000000E+00
   1.5443979E+03   7.7800000E+02   1.0000000E+00   2.9937102E-04   2.2398320E-01
   1.5444054E+03   7.8800000E+02   0.0000000E+00   0.0000000E+00   0.0000000E+00
   1.5444129E+03   7.3600000E+02   0.0000000E+00   0.0000000E+00   0.0000000E+00
   1.5444205E+03   7.8200000E+02   0.0000000E+00   0.0000000E+00   0.0000000E+00
   1.5444280E+03   7.5700000E+02   0.0000000E+00   3.9288326E-04   0.0000000E+00
   1.5444355E+03   7.3900000E+02   0.0000000E+00   0.0000000E+00   0.0000000E+00
   1.5444430E+03   7.6700000E+02   0.0000000E+00   0.0000000E+00   0.0000000E+00
   1.5444506E+03   7.5100000E+02   0.0000000E+00   0.0000000E+00   0.0000000E+00
   1.5444581E+03   7.5000000E+02   0.0000000E+00   3.1058515E-04   0.0000000E+00
   1.5444656E+03   7.6000000E+02   1.0000000E+00   6.4457805E-04   4.8987932E-01
   1.5444732E+03   7.6000000E+02   0.0000000E+00   0.0000000E+00   0.0000000E+00
   1.5444807E+03   7.2500000E+02   0.0000000E+00   9.5995018E-06   0.0000000E+00
   1.5444882E+03   7.0600000E+02   0.0000000E+00   1.0402627E-05   0.0000000E+00
   1.5444957E+03   7.4200000E+02   0.0000000E+00   0.0000000E+00   0.0000000E+00
   1.5445033E+03   7.3500000E+02   0.0000000E+00   0.0000000E+00   0.0000000E+00
   1.5445108E+03   7.6700000E+02   0.0000000E+00   0.0000000E+00   0.0000000E+00
   1.5445183E+03   7.4300000E+02   0.0000000E+00   0.0000000E+00   0.0000000E+00
   1.5445259E+03   7.8600000E+02   0.0000000E+00   0.0000000E+00   0.0000000E+00
   1.5445334E+03   7.2700000E+02   0.0000000E+00   0.0000000E+00   0.0000000E+00
   1.5445409E+03   7.4500000E+02   0.0000000E+00   1.0083136E-04   0.0000000E+00
   1.5445484E+03   7.9200000E+02   0.0000000E+00   1.1171070E-04   0.0000000E+00
   1.5445560E+03   7.7000000E+02   1.0000000E+00   5.5838392E-04   5.9093632E-01
   1.5445635E+03   7.4000000E+02   0.0000000E+00   0.0000000E+00   0.0000000E+00
   1.5445710E+03   7.7500000E+02   1.0000000E+00   1.1510760E-03   8.9208392E-01
   1.5445786E+03   7.7800000E+02   1.0000000E+00   9.6144846E-04   7.4800690E-01
   1.5445861E+03   7.4100000E+02   0.0000000E+00   0.0000000E+00   0.0000000E+00
   1.5445936E+03   7.3400000E+02   0.0000000E+00   0.0000000E+00   0.0000000E+00
   1.5446011E+03   7.3600000E+02   0.0000000E+00   0.0000000E+00   0.0000000E+00
   1.5446087E+03   7.2400000E+02   1.0000000E+00   1.0465776E-03   7.5772218E-01
   1.5446162E+03   7.5300000E+02   0.0000000E+00   0.0000000E+00   0.0000000E+00
   1.5446237E+03   7.3800000E+02   2.0000000E+00   9.7646016E-04   3.6031380E-01
   1.5446313E+03   7.8100000E+02   1.0000000E+00   1.1571995E-03   9.0377282E-01
   1.5446388E+03   7.3500000E+02   2.0000000E+00   8.2923307E-04   3.0474315E-01
   1.5446463E+03   7.5700000E+02   1.0000000E+00   6.9719174E-04   5.2777415E-01
   1.5446538E+03   7.3400000E+02   2.0000000E+00   8.8711034E-04   3.2556949E-01
   1.5446614E+03   7.1900000E+02   0.0000000E+00   0.0000000E+00   0.0000000E+00
   1.5446689E+03   7.4600000E+02   0.0000000E+00   0.0000000E+00   0.0000000E+00
   1.5446764E+03   7.9500000E+02   2.0000000E+00   1.2821434E-03   5.0965201E-01
   1.5446840E+03   7.4900000E+02   0.0000000E+00   0.0000000E+00   0.0000000E+00
   1.5446915E+03   7.5500000E+02   1.0000000E+00   9.4953562E-04   7.1689940E-01
   1.5446990E+03   7.2000000E+02   0.0000000E+00   0.0000000E+00   0.0000000E+00
   1.5447065E+03   7.0100000E+02   0.0000000E+00   0.0000000E+00   0.0000000E+00
   1.5447141E+03   7.0200000E+02   1.0000000E+00   5.6213328E-04   3.9461756E-01
   1.5447216E+03   7.4000000E+02   0.0000000E+00   1.7089375E-06   0.0000000E+00
   1.5447291E+03   7.6000000E+02   1.0000000E+00   1.1711200E-03   8.9005122E-01
   1.5447366E+03   7.1400000E+02   0.0000000E+00   0.0000000E+00   0.0000000E+00
   1.5447442E+03   7.3600000E+02   0.0000000E+00   0.0000000E+00   0.0000000E+00
   1.5447517E+03   7.7500000E+02   1.0000000E+00   4.7543053E-04   3.6845866E-01
   1.5447592E+03   7.2600000E+02   0.0000000E+00   0.0000000E+00   0.0000000E+00
   1.5447668E+03   7.9300000E+02   0.0000000E+00   0.0000000E+00   0.0000000E+00
   1.5447743E+03   7.3500000E+02   2.0000000E+00   1.6540640E-03   6.0786852E-01
   1.5447818E+03   7.6300000E+02   0.0000000E+00   0.0000000E+00   0.0000000E+00
   1.5447893E+03   7.2400000E+02   0.0000000E+00   0.0000000E+00   0.0000000E+00
   1.5447969E+03   7.5300000E+02   0.0000000E+00   0.0000000E+00   0.0000000E+00
   1.5448044E+03   7.4500000E+02   2.0000000E+00   1.5816218E-03   5.8915411E-01
   1.5448119E+03   7.0200000E+02   0.0000000E+00   0.0000000E+00   0.0000000E+00
   1.5448195E+03   7.2700000E+02   0.0000000E+00   0.0000000E+00   0.0000000E+00
   1.5448270E+03   7.7800000E+02   0.0000000E+00   0.0000000E+00   0.0000000E+00
   1.5448345E+03   7.3200000E+02   0.0000000E+00   0.0000000E+00   0.0000000E+00
   1.5448420E+03   7.5700000E+02   1.0000000E+00   5.9705302E-04   4.5196913E-01
   1.5448496E+03   7.3500000E+02   1.0000000E+00   1.6753611E-04   1.2313904E-01
   1.5448571E+03   7.8700000E+02   0.0000000E+00   0.0000000E+00   0.0000000E+00
   1.5448646E+03   7.3600000E+02   1.0000000E+00   3.6941455E-04   2.7188911E-01
   1.5448722E+03   7.7400000E+02   0.0000000E+00   9.0119396E-04   0.0000000E+00
   1.5448797E+03   7.7100000E+02   1.0000000E+00   8.7374736E-04   6.7365921E-01
   1.5448872E+03   7.1100000E+02   1.0000000E+00   5.0475430E-04   3.5888031E-01
   1.5448947E+03   7.9300000E+02   0.0000000E+00   0.0000000E+00   0.0000000E+00
   1.5449023E+03   7.1000000E+02   0.0000000E+00   0.0000000E+00   0.0000000E+00
   1.5449098E+03   7.2600000E+02   0.0000000E+00   0.0000000E+00   0.0000000E+00
   1.5449173E+03   7.6000000E+02   0.0000000E+00   8.3303050E-05   0.0000000E+00
   1.5449249E+03   7.7500000E+02   1.0000000E+00   4.9119076E-04   3.8067284E-01
   1.5449324E+03   7.6100000E+02   4.0000000E+00   2.0248389E-03   3.8522561E-01
   1.5449399E+03   7.5900000E+02   1.0000000E+00   7.8190074E-04   6.1087670E-01
   1.5449474E+03   7.6100000E+02   0.0000000E+00   0.0000000E+00   0.0000000E+00
   1.5449550E+03   7.4800000E+02   0.0000000E+00   0.0000000E+00   0.0000000E+00
   1.5449625E+03   7.6000000E+02   0.0000000E+00   0.0000000E+00   0.0000000E+00
   1.5449700E+03   7.2100000E+02   0.0000000E+00   0.0000000E+00   0.0000000E+00
   1.5449776E+03   7.6200000E+02   1.0000000E+00   7.7455236E-04   5.9020890E-01
   1.5449851E+03   7.6900000E+02   1.0000000E+00   1.0527931E-03   8.0959786E-01
   1.5449926E+03   7.6500000E+02   1.0000000E+00   5.6139443E-04   4.2946674E-01
   1.5450001E+03   7.4600000E+02   0.0000000E+00   6.9759935E-05   0.0000000E+00
   1.5450077E+03   7.6500000E+02   1.0000000E+00   5.5482980E-04   4.2444480E-01
   1.5450152E+03   7.5600000E+02   0.0000000E+00   0.0000000E+00   0.0000000E+00
   1.5450227E+03   7.6900000E+02   0.0000000E+00   0.0000000E+00   0.0000000E+00
   1.5450303E+03   7.7100000E+02   4.0000000E+00   1.9565916E-03   3.7713303E-01
   1.5450378E+03   7.3100000E+02   0.0000000E+00   0.0000000E+00   0.0000000E+00
   1.5450453E+03   7.1100000E+02   0.0000000E+00   0.0000000E+00   0.0000000E+00
   1.5450528E+03   7.0300000E+02   0.0000000E+00   0.0000000E+00   0.0000000E+00
   1.5450604E+03   7.5800000E+02   0.0000000E+00   5.8958126E-04   0.0000000E+00
   1.5450679E+03   7.8200000E+02   0.0000000E+00   0.0000000E+00   0.0000000E+00
   1.5450754E+03   8.0300000E+02   2.0000000E+00   1.4540819E-03   5.8381389E-01
   1.5450830E+03   7.5200000E+02   0.0000000E+00   0.0000000E+00   0.0000000E+00
   1.5450905E+03   7.7600000E+02   2.0000000E+00   2.7058348E-04   1.0498639E-01
   1.5450980E+03   8.0500000E+02   1.0000000E+00   9.0249738E-04   7.2651039E-01
   1.5451055E+03   7.3000000E+02   1.0000000E+00   9.5631340E-04   6.9810878E-01
   1.5451131E+03   7.9000000E+02   0.0000000E+00   3.2476257E-04   0.0000000E+00
   1.5451206E+03   7.5000000E+02   0.0000000E+00   0.0000000E+00   0.0000000E+00
   1.5451281E+03   7.7200000E+02   0.0000000E+00   0.0000000E+00   0.0000000E+00
   1.5451357E+03   7.6600000E+02   1.0000000E+00   6.3653679E-04   4.8758718E-01
   1.5451432E+03   7.6600000E+02   0.0000000E+00   0.0000000E+00   0.0000000E+00
   1.5451507E+03   7.3800000E+02   0.0000000E+00   0.0000000E+00   0.0000000E+00
   1.5451582E+03   7.6800000E+02   2.0000000E+00   5.2294404E-04   2.3756982E-01
   1.5451658E+03   7.7600000E+02   0.0000000E+00   0.0000000E+00   0.0000000E+00
   1.5451733E+03   7.5600000E+02   0.0000000E+00   0.0000000E+00   0.0000000E+00
   1.5451808E+03   7.7100000E+02   2.0000000E+00   3.8425530E-04   1.4813042E-01
   1.5451883E+03   7.9200000E+02   1.0000000E+00   3.0046370E-04   2.3796725E-01
   1.5451959E+03   7.8300000E+02   0.0000000E+00   0.0000000E+00   0.0000000E+00
   1.5452034E+03   7.2300000E+02   0.0000000E+00   0.0000000E+00   0.0000000E+00
   1.5452109E+03   7.1000000E+02   0.0000000E+00   0.0000000E+00   0.0000000E+00
   1.5452185E+03   8.0800000E+02   1.0000000E+00   6.5015322E-04   5.2532380E-01
   1.5452260E+03   8.0000000E+02   0.0000000E+00   0.0000000E+00   0.0000000E+00
   1.5452335E+03   7.2400000E+02   1.0000000E+00   3.1727115E-04   2.2970431E-01
   1.5452410E+03   7.6700000E+02   1.0000000E+00   6.1563713E-04   4.7219368E-01
   1.5452486E+03   8.1200000E+02   1.0000000E+00   3.2060256E-04   2.6032928E-01
   1.5452561E+03   7.5900000E+02   0.0000000E+00   0.0000000E+00   0.0000000E+00
   1.5452636E+03   7.7500000E+02   1.0000000E+00   4.9906942E-04   3.8677880E-01
   1.5452712E+03   7.4300000E+02   0.0000000E+00   0.0000000E+00   0.0000000E+00
   1.5452787E+03   7.6600000E+02   1.0000000E+00   7.2614814E-04   5.4812649E-01
   1.5452862E+03   7.3100000E+02   1.0000000E+00   1.1655511E-03   8.5201784E-01
   1.5452937E+03   7.3800000E+02   1.0000000E+00   1.1333828E-03   8.3643649E-01
   1.5453013E+03   7.8600000E+02   1.0000000E+00   8.7615586E-04   6.8865851E-01
   1.5453088E+03   7.6100000E+02   2.0000000E+00   1.6878255E-03   6.4221759E-01
   1.5453163E+03   7.7700000E+02   0.0000000E+00   0.0000000E+00   0.0000000E+00
   1.5453239E+03   7.5000000E+02   0.0000000E+00   0.0000000E+00   0.0000000E+00
   1.5453314E+03   7.0200000E+02   0.0000000E+00   0.0000000E+00   0.0000000E+00
   1.5453389E+03   7.7000000E+02   1.0000000E+00   6.0950213E-04   4.6931664E-01
   1.5453464E+03   7.7100000E+02   0.0000000E+00   0.0000000E+00   0.0000000E+00
   1.5453540E+03   7.5000000E+02   1.0000000E+00   9.9249025E-04   7.4436769E-01
   1.5453615E+03   7.7300000E+02   0.0000000E+00   0.0000000E+00   0.0000000E+00
   1.5453690E+03   7.1700000E+02   1.0000000E+00   4.0772024E-04   2.9233542E-01
   1.5453766E+03   7.3900000E+02   1.0000000E+00   4.2588174E-04   3.1472661E-01
   1.5453841E+03   7.3300000E+02   0.0000000E+00   0.0000000E+00   0.0000000E+00
   1.5453916E+03   7.2500000E+02   0.0000000E+00   0.0000000E+00   0.0000000E+00
   1.5453991E+03   7.5500000E+02   0.0000000E+00   0.0000000E+00   0.0000000E+00
   1.5454067E+03   7.6400000E+02   0.0000000E+00   1.8639964E-05   0.0000000E+00
   1.5454142E+03   7.8900000E+02   1.0000000E+00   9.3804780E-04   7.4011971E-01
   1.5454217E+03   7.5800000E+02   0.0000000E+00   0.0000000E+00   0.0000000E+00
   1.5454293E+03   7.8600000E+02   0.0000000E+00   2.3766657E-04   0.0000000E+00
   1.5454368E+03   7.3800000E+02   0.0000000E+00   0.0000000E+00   0.0000000E+00
   1.5454443E+03   7.7800000E+02   1.0000000E+00   9.9127728E-04   7.7121373E-01
   1.5454518E+03   8.1300000E+02   2.0000000E+00   1.6057982E-03   6.5275696E-01
   1.5454594E+03   7.5500000E+02   2.0000000E+00   6.4759801E-04   2.4446825E-01
   1.5454669E+03   7.6200000E+02   0.0000000E+00   3.4246543E-05   0.0000000E+00
   1.5454744E+03   7.9100000E+02   1.0000000E+00   2.5996769E-04   2.0563444E-01
   1.5454820E+03   7.2900000E+02   1.0000000E+00   7.4699630E-04   5.2556255E-01
   1.5454895E+03   7.4800000E+02   0.0000000E+00   0.0000000E+00   0.0000000E+00
   1.5454970E+03   7.8000000E+02   0.0000000E+00   6.5466047E-05   0.0000000E+00
   1.5455045E+03   7.8100000E+02   0.0000000E+00   1.1742882E-03   0.0000000E+00
   1.5455121E+03   7.7800000E+02   1.0000000E+00   6.2077971E-04   4.5562593E-01
   1.5455196E+03   7.4500000E+02   0.0000000E+00   0.0000000E+00   0.0000000E+00
   1.5455271E+03   8.4900000E+02   0.0000000E+00   0.0000000E+00   0.0000000E+00
   1.5455347E+03   7.8500000E+02   1.0000000E+00   1.0928023E-03   8.5784978E-01
   1.5455422E+03   7.3800000E+02   0.0000000E+00   0.0000000E+00   0.0000000E+00
   1.5455497E+03   7.5400000E+02   2.0000000E+00   1.3802126E-03   5.4285592E-01
   1.5455572E+03   7.8300000E+02   1.0000000E+00   1.7992509E-04   1.4088135E-01
   1.5455648E+03   7.3000000E+02   1.0000000E+00   5.9562191E-04   4.3480400E-01
   1.5455723E+03   7.8200000E+02   0.0000000E+00   0.0000000E+00   0.0000000E+00
   1.5455798E+03   7.2000000E+02   1.0000000E+00   6.7226195E-04   4.8402860E-01
   1.5455874E+03   7.5900000E+02   0.0000000E+00   0.0000000E+00   0.0000000E+00
   1.5455949E+03   7.4700000E+02   0.0000000E+00   0.0000000E+00   0.0000000E+00
   1.5456024E+03   7.4300000E+02   2.0000000E+00   1.1060568E-03   4.1090011E-01
   1.5456099E+03   7.6700000E+02   1.0000000E+00   6.5892100E-04   5.0539241E-01
   1.5456175E+03   7.1800000E+02   2.0000000E+00   5.3425568E-04   1.9179779E-01
   1.5456250E+03   7.4300000E+02   2.0000000E+00   5.5362461E-04   2.0567154E-01
   1.5456325E+03   7.9500000E+02   0.0000000E+00   0.0000000E+00   0.0000000E+00
   1.5456400E+03   7.5400000E+02   1.0000000E+00   9.3622208E-04   7.2051924E-01
   1.5456476E+03   7.9400000E+02   1.0000000E+00   8.7233990E-04   7.7568979E-01
   1.5456551E+03   7.9100000E+02   2.0000000E+00   4.4967903E-04   1.7784806E-01
   1.5456626E+03   7.8200000E+02   1.0000000E+00   7.9609298E-04   6.2254471E-01
   1.5456702E+03   7.4100000E+02   0.0000000E+00   0.0000000E+00   0.0000000E+00
   1.5456777E+03   7.1200000E+02   1.0000000E+00   6.6558845E-04   4.7389898E-01
   1.5456852E+03   7.9500000E+02   0.0000000E+00   6.1902835E-05   0.0000000E+00
   1.5456927E+03   7.8200000E+02   0.0000000E+00   1.0910293E-04   0.0000000E+00
   1.5457003E+03   7.3800000E+02   1.0000000E+00   1.4417606E-03   8.5249062E-01
   1.5457078E+03   6.9100000E+02   0.0000000E+00   0.0000000E+00   0.0000000E+00
   1.5457153E+03   7.4800000E+02   1.0000000E+00   7.8823583E-04   5.8960040E-01
   1.5457229E+03   7.6700000E+02   2.0000000E+00   3.1134214E-04   1.1939971E-01
   1.5457304E+03   7.3400000E+02   0.0000000E+00   0.0000000E+00   0.0000000E+00
   1.5457379E+03   7.3400000E+02   3.0000000E+00   6.9582830E-04   1.7024599E-01
   1.5457454E+03   7.3200000E+02   1.0000000E+00   2.5895886E-04   1.8955788E-01
   1.5457530E+03   6.9000000E+02   2.0000000E+00   3.0339846E-04   1.0467247E-01
   1.5457605E+03   8.0400000E+02   2.0000000E+00   7.4087372E-04   2.9783123E-01
   1.5457680E+03   7.3500000E+02   1.0000000E+00   6.1804379E-04   4.5426219E-01
   1.5457756E+03   7.3900000E+02   0.0000000E+00   8.8102623E-04   0.0000000E+00
   1.5457831E+03   8.0400000E+02   3.0000000E+00   1.4004489E-03   3.7532029E-01
   1.5457906E+03   7.9000000E+02   0.0000000E+00   2.0086834E-04   0.0000000E+00
   1.5457981E+03   7.3400000E+02   1.0000000E+00   7.2801250E-04   3.7629072E-01
   1.5458057E+03   7.6300000E+02   3.0000000E+00   1.4593526E-03   3.7116202E-01
   1.5458132E+03   7.6800000E+02   0.0000000E+00   0.0000000E+00   0.0000000E+00
   1.5458207E+03   7.3500000E+02   2.0000000E+00   1.0124880E-03   3.7208932E-01
   1.5458283E+03   7.5700000E+02   0.0000000E+00   0.0000000E+00   0.0000000E+00
   1.5458358E+03   7.3200000E+02   0.0000000E+00   0.0000000E+00   0.0000000E+00
   1.5458433E+03   7.4200000E+02   1.0000000E+00   1.0386621E-03   7.7068726E-01
   1.5458508E+03   8.6400000E+02   0.0000000E+00   0.0000000E+00   0.0000000E+00
   1.5458584E+03   7.6300000E+02   1.0000000E+00   3.2121147E-04   2.4508435E-01
   1.5458659E+03   7.5600000E+02   0.0000000E+00   0.0000000E+00   0.0000000E+00
   1.5458734E+03   7.1400000E+02   0.0000000E+00   0.0000000E+00   0.0000000E+00
   1.5458810E+03   7.2700000E+02   3.0000000E+00   1.5609648E-04   3.7827379E-02
   1.5458885E+03   7.9700000E+02   0.0000000E+00   1.5597042E-04   0.0000000E+00
   1.5458960E+03   7.5700000E+02   0.0000000E+00   0.0000000E+00   0.0000000E+00
   1.5459035E+03   7.1600000E+02   0.0000000E+00   0.0000000E+00   0.0000000E+00
   1.5459111E+03   7.5600000E+02   1.0000000E+00   1.2396861E-03   7.9668342E-01
   1.5459186E+03   7.0600000E+02   0.0000000E+00   1.1664846E-04   0.0000000E+00
   1.5459261E+03   7.5200000E+02   0.0000000E+00   6.1433036E-04   0.0000000E+00
   1.5459337E+03   7.3900000E+02   1.0000000E+00   1.1028309E-03   8.1499205E-01
   1.5459412E+03   7.1800000E+02   1.0000000E+00   8.5767302E-04   6.1580923E-01
   1.5459487E+03   7.6700000E+02   0.0000000E+00   0.0000000E+00   0.0000000E+00
   1.5459562E+03   7.7600000E+02   0.0000000E+00   0.0000000E+00   0.0000000E+00
   1.5459638E+03   7.9900000E+02   2.0000000E+00   9.5135441E-04   3.8006609E-01
   1.5459713E+03   7.9400000E+02   0.0000000E+00   0.0000000E+00   0.0000000E+00
   1.5459788E+03   7.8700000E+02   0.0000000E+00   0.0000000E+00   0.0000000E+00
   1.5459864E+03   7.7700000E+02   0.0000000E+00   9.3779940E-04   0.0000000E+00
   1.5459939E+03   7.0300000E+02   0.0000000E+00   0.0000000E+00   0.0000000E+00
   1.5460014E+03   7.7700000E+02   0.0000000E+00   9.5404037E-06   0.0000000E+00
   1.5460089E+03   7.4400000E+02   2.0000000E+00   1.0597568E-03   3.9613670E-01
   1.5460165E+03   7.5500000E+02   1.0000000E+00   4.7969228E-04   3.6216767E-01
   1.5460240E+03   7.8900000E+02   0.0000000E+00   0.0000000E+00   0.0000000E+00
   1.5460315E+03   7.7200000E+02   2.0000000E+00   7.8330612E-04   3.0235616E-01
   1.5460391E+03   7.2300000E+02   4.0000000E+00   8.8008626E-04   1.5907559E-01
   1.5460466E+03   7.9200000E+02   1.0000000E+00   7.0232531E-04   5.5624164E-01
   1.5460541E+03   7.5900000E+02   0.0000000E+00   0.0000000E+00   0.0000000E+00
   1.5460616E+03   8.3800000E+02   0.0000000E+00   0.0000000E+00   0.0000000E+00
   1.5460692E+03   7.2000000E+02   2.0000000E+00   6.2656118E-04   2.4250619E-01
   1.5460767E+03   7.8300000E+02   1.0000000E+00   2.9632614E-04   2.3202336E-01
   1.5460842E+03   6.9100000E+02   1.0000000E+00   6.2866346E-04   4.2868938E-01
   1.5460917E+03   7.1700000E+02   0.0000000E+00   0.0000000E+00   0.0000000E+00
   1.5460993E+03   7.6100000E+02   0.0000000E+00   0.0000000E+00   0.0000000E+00
   1.5461068E+03   7.1500000E+02   0.0000000E+00   0.0000000E+00   0.0000000E+00
   1.5461143E+03   7.2200000E+02   2.0000000E+00   1.6860730E-03   6.0919724E-01
   1.5461219E+03   7.2800000E+02   4.0000000E+00   1.2808560E-03   3.6623975E-01
   1.5461294E+03   7.9000000E+02   1.0000000E+00   7.7645453E-04   6.1339908E-01
   1.5461369E+03   7.7700000E+02   2.0000000E+00   1.3631451E-03   5.3844809E-01
   1.5461444E+03   6.8400000E+02   1.0000000E+00   6.5486431E-04   4.4792718E-01
   1.5461520E+03   7.4900000E+02   1.0000000E+00   4.3539531E-04   3.2611109E-01
   1.5461595E+03   7.8800000E+02   1.0000000E+00   1.0188927E-03   8.0288742E-01
   1.5461670E+03   7.1000000E+02   1.0000000E+00   2.1694122E-04   1.5402827E-01
   1.5461746E+03   7.4800000E+02   0.0000000E+00   0.0000000E+00   0.0000000E+00
   1.5461821E+03   7.5900000E+02   1.0000000E+00   4.6722488E-04   3.5462368E-01
   1.5461896E+03   6.8000000E+02   2.0000000E+00   1.3551705E-03   4.6075797E-01
   1.5461971E+03   8.0000000E+02   2.0000000E+00   1.4756364E-03   5.9025456E-01
   1.5462047E+03   7.9900000E+02   1.0000000E+00   6.5404977E-04   2.4404732E-01
   1.5462122E+03   7.7600000E+02   2.0000000E+00   8.6710306E-04   3.3643599E-01
   1.5462197E+03   7.2400000E+02   0.0000000E+00   0.0000000E+00   0.0000000E+00
   1.5462273E+03   7.4000000E+02   0.0000000E+00   1.4069028E-04   0.0000000E+00
   1.5462348E+03   7.2200000E+02   2.0000000E+00   4.9093257E-04   1.7722666E-01
   1.5462423E+03   7.5300000E+02   4.0000000E+00   7.0362236E-04   1.5359335E-01
   1.5462498E+03   7.7500000E+02   1.0000000E+00   5.7063854E-04   4.4791988E-01
   1.5462574E+03   7.6400000E+02   0.0000000E+00   8.3712524E-05   0.0000000E+00
   1.5462649E+03   7.7100000E+02   2.0000000E+00   8.7732210E-04   3.3820767E-01
   1.5462724E+03   7.7700000E+02   0.0000000E+00   0.0000000E+00   0.0000000E+00
   1.5462800E+03   7.3200000E+02   0.0000000E+00   0.0000000E+00   0.0000000E+00
   1.5462875E+03   7.8100000E+02   1.0000000E+00   1.0427952E-03   8.0751296E-01
   1.5462950E+03   7.9400000E+02   1.0000000E+00   3.4849466E-04   2.7670476E-01
   1.5463025E+03   7.9000000E+02   0.0000000E+00   4.3951034E-05   0.0000000E+00
   1.5463101E+03   7.6200000E+02   2.0000000E+00   2.6337775E-04   8.3346619E-02
   1.5463176E+03   7.5800000E+02   2.0000000E+00   1.1999790E-03   4.7904208E-01
   1.5463251E+03   8.1000000E+02   1.0000000E+00   5.5323907E-04   4.4812365E-01
   1.5463327E+03   7.2500000E+02   3.0000000E+00   4.7509170E-04   1.0676527E-01
   1.5463402E+03   7.6300000E+02   0.0000000E+00   0.0000000E+00   0.0000000E+00
   1.5463477E+03   7.4300000E+02   1.0000000E+00   9.5936560E-04   7.1280864E-01
   1.5463552E+03   7.4600000E+02   1.0000000E+00   9.2396571E-04   6.5996337E-01
   1.5463628E+03   7.5500000E+02   3.0000000E+00   5.4044642E-04   1.3601235E-01
   1.5463703E+03   7.2600000E+02   2.0000000E+00   1.4667583E-03   5.3243325E-01
   1.5463778E+03   7.1400000E+02   0.0000000E+00   0.0000000E+00   0.0000000E+00
   1.5463854E+03   7.4400000E+02   1.0000000E+00   3.4250566E-04   2.5482421E-01
   1.5463929E+03   7.5000000E+02   1.0000000E+00   5.6619844E-04   4.2464883E-01
   1.5464004E+03   7.9300000E+02   0.0000000E+00   0.0000000E+00   0.0000000E+00
   1.5464079E+03   7.1600000E+02   1.0000000E+00   3.5558094E-04   2.5459595E-01
   1.5464155E+03   8.2000000E+02   1.0000000E+00   5.0022822E-04   4.1018714E-01
   1.5464230E+03   7.3000000E+02   6.0000000E+00   1.2089250E-03   1.5375358E-01
   1.5464305E+03   6.9100000E+02   3.0000000E+00   1.1208974E-03   2.5818004E-01
   1.5464381E+03   7.6800000E+02   0.0000000E+00   0.0000000E+00   0.0000000E+00
   1.5464456E+03   7.4500000E+02   4.0000000E+00   1.9170810E-03   3.5705633E-01
   1.5464531E+03   7.5500000E+02   2.0000000E+00   1.3933212E-03   5.2597875E-01
   1.5464606E+03   7.5400000E+02   0.0000000E+00   1.5208110E-04   0.0000000E+00
   1.5464682E+03   7.1700000E+02   1.0000000E+00   4.1003387E-04   1.6632891E-01
   1.5464757E+03   7.8000000E+02   1.0000000E+00   4.1277270E-04   3.3807207E-01
   1.5464832E+03   7.4200000E+02   2.0000000E+00   1.1410078E-03   4.2331390E-01
   1.5464908E+03   7.4900000E+02   1.0000000E+00   1.0652885E-03   7.8483941E-01
   1.5464983E+03   7.3600000E+02   3.0000000E+00   1.3110145E-03   3.2163555E-01
   1.5465058E+03   7.7100000E+02   3.0000000E+00   2.9590492E-04   7.6047564E-02
   1.5465133E+03   7.8900000E+02   1.0000000E+00   4.1776178E-04   2.6848116E-01
   1.5465209E+03   8.1300000E+02   6.0000000E+00   1.9506736E-03   2.5892630E-01
   1.5465284E+03   7.6800000E+02   3.0000000E+00   1.3276450E-03   3.6496760E-01
   1.5465359E+03   7.0800000E+02   1.0000000E+00   6.3940497E-04   4.6401889E-01
   1.5465434E+03   7.5200000E+02   2.0000000E+00   1.2549406E-03   4.7185765E-01
   1.5465510E+03   7.5900000E+02   2.0000000E+00   1.6358782E-03   6.2081579E-01
   1.5465585E+03   8.0200000E+02   2.0000000E+00   2.7463821E-04   1.1818362E-01
   1.5465660E+03   7.3800000E+02   1.0000000E+00   8.7692112E-04   6.3367347E-01
   1.5465736E+03   7.3600000E+02   2.0000000E+00   1.0911429E-03   4.0154059E-01
   1.5465811E+03   7.6100000E+02   4.0000000E+00   1.1279828E-03   2.1459874E-01
   1.5465886E+03   7.9500000E+02   3.0000000E+00   5.3899127E-04   1.4283269E-01
   1.5465961E+03   7.3600000E+02   0.0000000E+00   0.0000000E+00   0.0000000E+00
   1.5466037E+03   7.4100000E+02   0.0000000E+00   3.0035753E-04   0.0000000E+00
   1.5466112E+03   7.1200000E+02   1.0000000E+00   3.8479887E-04   2.0170048E-01
   1.5466187E+03   7.8900000E+02   2.0000000E+00   4.2765644E-04   1.6871047E-01
   1.5466263E+03   7.3200000E+02   4.0000000E+00   1.1579061E-03   2.1189683E-01
   1.5466338E+03   7.3900000E+02   1.0000000E+00   9.0977315E-04   6.8011510E-01
   1.5466413E+03   7.1500000E+02   1.0000000E+00   2.4135259E-04   1.7256710E-01
   1.5466488E+03   7.7100000E+02   4.0000000E+00   5.4470773E-04   1.0499242E-01
   1.5466564E+03   7.7800000E+02   1.0000000E+00   4.9997574E-04   3.8898113E-01
   1.5466639E+03   7.5700000E+02   1.0000000E+00   8.7281958E-04   6.3254251E-01
   1.5466714E+03   7.6300000E+02   2.0000000E+00   1.2374547E-03   4.0249572E-01
   1.5466790E+03   7.5400000E+02   0.0000000E+00   0.0000000E+00   0.0000000E+00
   1.5466865E+03   7.3600000E+02   3.0000000E+00   1.2659352E-03   3.1057611E-01
   1.5466940E+03   7.3600000E+02   2.0000000E+00   8.1288625E-04   3.4262719E-01
   1.5467015E+03   8.1000000E+02   1.0000000E+00   4.0102737E-04   2.9735320E-01
   1.5467091E+03   7.7700000E+02   4.0000000E+00   1.7351927E-03   3.5959546E-01
   1.5467166E+03   7.0800000E+02   1.0000000E+00   7.8560925E-04   5.5621135E-01
   1.5467241E+03   7.2700000E+02   5.0000000E+00   1.3442258E-03   1.9545044E-01
   1.5467317E+03   7.5000000E+02   1.0000000E+00   9.8517254E-04   6.5089851E-01
   1.5467392E+03   7.7800000E+02   3.0000000E+00   7.4755505E-04   1.9386594E-01
   1.5467467E+03   7.4300000E+02   4.0000000E+00   1.7460214E-03   3.2432347E-01
   1.5467542E+03   7.3900000E+02   2.0000000E+00   1.2922652E-03   4.7749200E-01
   1.5467618E+03   7.1400000E+02   3.0000000E+00   1.0470714E-03   2.4920299E-01
   1.5467693E+03   8.0400000E+02   4.0000000E+00   1.4849472E-03   2.9847438E-01
   1.5467768E+03   7.2400000E+02   7.0000000E+00   3.7313537E-04   3.8592858E-02
   1.5467844E+03   7.6100000E+02   4.0000000E+00   8.2194804E-04   1.5637562E-01
   1.5467919E+03   7.6300000E+02   3.0000000E+00   7.1494397E-04   1.8183408E-01
   1.5467994E+03   7.1400000E+02   1.0000000E+00   2.6451978E-04   1.8886712E-01
   1.5468069E+03   7.5100000E+02   1.0000000E+00   9.9369448E-04   7.4626455E-01
   1.5468145E+03   7.3700000E+02   4.0000000E+00   1.0545096E-03   1.9429339E-01
   1.5468220E+03   7.4500000E+02   6.0000000E+00   1.1853375E-03   1.5034595E-01
   1.5468295E+03   7.6300000E+02   2.0000000E+00   6.7827071E-04   2.5528383E-01
   1.5468371E+03   6.9600000E+02   5.0000000E+00   1.1962288E-03   1.7324539E-01
   1.5468446E+03   8.0000000E+02   2.0000000E+00   1.0793897E-04   6.6063463E-02
   1.5468521E+03   7.7800000E+02   2.0000000E+00   1.7391363E-04   1.1805783E-01
   1.5468596E+03   7.1500000E+02   2.0000000E+00   5.9876976E-04   1.9578209E-01
   1.5468672E+03   7.3600000E+02   3.0000000E+00   2.1602828E-03   5.2749622E-01
   1.5468747E+03   7.0400000E+02   2.0000000E+00   1.3191461E-03   3.7361360E-01
   1.5468822E+03   7.2300000E+02   3.0000000E+00   1.7382319E-03   4.1891388E-01
   1.5468898E+03   7.2500000E+02   5.0000000E+00   4.8591022E-04   6.6968351E-02
   1.5468973E+03   7.4700000E+02   5.0000000E+00   1.7893183E-03   2.7560639E-01
   1.5469048E+03   7.2900000E+02   3.0000000E+00   5.7506358E-04   1.4754824E-01
   1.5469123E+03   7.6800000E+02   6.0000000E+00   1.5913179E-03   2.0368869E-01
   1.5469199E+03   7.2800000E+02   5.0000000E+00   1.6913364E-03   2.5732100E-01
   1.5469274E+03   7.4800000E+02   4.0000000E+00   7.9151073E-04   1.5186446E-01
   1.5469349E+03   7.1600000E+02   2.0000000E+00   2.3145058E-03   5.4224330E-01
   1.5469425E+03   7.6500000E+02   4.0000000E+00   5.7501032E-04   1.0997072E-01
   1.5469500E+03   7.5500000E+02   8.0000000E+00   5.6952274E-04   4.7453990E-02
   1.5469575E+03   7.8800000E+02   4.0000000E+00   1.4912607E-03   2.9377835E-01
   1.5469650E+03   7.1100000E+02   4.0000000E+00   7.6995861E-04   1.2471349E-01
   1.5469726E+03   7.2200000E+02   4.0000000E+00   8.2324468E-04   1.4013295E-01
   1.5469801E+03   7.3900000E+02   3.0000000E+00   8.6504153E-04   1.9408612E-01
   1.5469876E+03   7.6700000E+02   3.0000000E+00   1.0931628E-03   3.0122806E-01
   1.5469951E+03   7.3500000E+02   2.0000000E+00   9.5261680E-04   3.5008667E-01
   1.5470027E+03   7.2900000E+02   3.0000000E+00   1.4227066E-03   3.2181830E-01
   1.5470102E+03   7.2600000E+02   1.0000000E+00   3.4329510E-04   1.1032430E-01
   1.5470177E+03   7.3600000E+02   6.0000000E+00   9.3456237E-04   1.0722426E-01
   1.5470253E+03   7.4900000E+02   6.0000000E+00   2.6351684E-03   3.2895685E-01
   1.5470328E+03   7.4800000E+02   7.0000000E+00   2.8504597E-03   3.0459198E-01
   1.5470403E+03   7.6500000E+02   5.0000000E+00   1.4432348E-03   2.2485636E-01
   1.5470478E+03   8.0700000E+02   2.0000000E+00   6.3228519E-04   2.6160394E-01
   1.5470554E+03   7.3000000E+02   3.0000000E+00   1.3118787E-03   3.1922382E-01
   1.5470629E+03   7.5500000E+02   7.0000000E+00   1.5397362E-03   1.6551521E-01
   1.5470704E+03   7.1400000E+02   6.0000000E+00   1.3386835E-03   1.7117951E-01
   1.5470780E+03   7.3500000E+02   1.0000000E+00   2.5094956E-04   1.0734552E-01
   1.5470855E+03   7.5400000E+02   7.0000000E+00   1.0380307E-03   1.0820943E-01
   1.5470930E+03   7.9600000E+02   7.0000000E+00   1.2329413E-03   1.4020304E-01
   1.5471005E+03   7.5500000E+02   5.0000000E+00   3.4845963E-04   5.2649866E-02
   1.5471081E+03   7.4900000E+02   5.0000000E+00   7.6310079E-04   1.2819279E-01
   1.5471156E+03   7.3500000E+02   8.0000000E+00   1.1016275E-03   1.4666599E-01
   1.5471231E+03   7.7000000E+02   5.0000000E+00   1.2631686E-03   1.9452796E-01
   1.5471307E+03   7.4400000E+02   5.0000000E+00   1.5678919E-03   1.6322844E-01
   1.5471382E+03   7.4100000E+02   3.0000000E+00   1.3557584E-03   3.2633534E-01
   1.5471457E+03   7.2000000E+02   9.0000000E+00   2.9921083E-03   2.3936866E-01
   1.5471532E+03   7.1200000E+02   3.0000000E+00   9.2839866E-04   2.3129378E-01
   1.5471608E+03   6.9500000E+02   7.0000000E+00   2.2116371E-03   2.3354606E-01
   1.5471683E+03   7.6700000E+02   9.0000000E+00   1.2555847E-03   1.0700372E-01
   1.5471758E+03   7.7700000E+02   6.0000000E+00   4.8245746E-04   2.9088397E-02
   1.5471834E+03   7.2500000E+02   8.0000000E+00   2.4842420E-03   2.5573357E-01
   1.5471909E+03   7.2000000E+02   7.0000000E+00   1.0434646E-03   1.0544520E-01
   1.5471984E+03   7.4100000E+02   4.0000000E+00   1.0354651E-03   1.9181991E-01
   1.5472059E+03   7.6300000E+02   3.0000000E+00   1.3409888E-03   1.9150942E-01
   1.5472135E+03   6.9500000E+02   1.1000000E+01   2.8550136E-03   1.7547944E-01
   1.5472210E+03   7.0800000E+02   8.0000000E+00   1.4961406E-03   1.3240844E-01
   1.5472285E+03   7.3400000E+02   9.0000000E+00   1.4059250E-03   1.1466100E-01
   1.5472361E+03   7.3400000E+02   6.0000000E+00   1.0793731E-03   1.6819117E-01
   1.5472436E+03   7.4000000E+02   6.0000000E+00   1.0137461E-03   1.2491338E-01
   1.5472511E+03   7.2000000E+02   9.0000000E+00   1.4584766E-03   1.3549842E-01
   1.5472586E+03   7.3600000E+02   4.0000000E+00   2.5046991E-03   4.2536746E-01
   1.5472662E+03   7.4500000E+02   1.2000000E+01   1.0923216E-03   5.5890469E-02
   1.5472737E+03   7.3500000E+02   9.0000000E+00   1.6722918E-03   1.4043729E-01
   1.5472812E+03   7.2800000E+02   9.0000000E+00   1.2452992E-03   9.8809657E-02
   1.5472888E+03   7.2100000E+02   4.0000000E+00   8.5859039E-04   1.0562993E-01
   1.5472963E+03   7.2900000E+02   1.0000000E+01   1.0779648E-03   7.3608094E-02
   1.5473038E+03   7.5100000E+02   9.0000000E+00   1.1132679E-03   8.9978819E-02
   1.5473113E+03   7.5900000E+02   1.4000000E+01   3.0559015E-03   1.7208946E-01
   1.5473189E+03   6.9900000E+02   6.0000000E+00   1.0180995E-03   1.1860860E-01
   1.5473264E+03   7.6500000E+02   3.0000000E+00   1.0058922E-03   3.0319375E-01
   1.5473339E+03   7.2200000E+02   3.0000000E+00   5.2329896E-05   3.1689588E-02
   1.5473415E+03   6.7500000E+02   8.0000000E+00   2.8243968E-03   2.3122446E-01
   1.5473490E+03   6.8600000E+02   8.0000000E+00   2.1821332E-03   1.8464808E-01
   1.5473565E+03   7.9100000E+02   1.1000000E+01   2.2661088E-03   1.4707083E-01
   1.5473640E+03   7.1800000E+02   6.0000000E+00   5.8220212E-04   6.3420439E-02
   1.5473716E+03   7.1300000E+02   1.4000000E+01   2.2574739E-03   1.0627719E-01
   1.5473791E+03   6.6900000E+02   9.0000000E+00   1.4965464E-03   1.1124328E-01
   1.5473866E+03   7.3700000E+02   1.4000000E+01   1.0953040E-03   5.7770034E-02
   1.5473942E+03   7.3200000E+02   1.3000000E+01   1.0552946E-03   9.3460869E-02
   1.5474017E+03   7.0100000E+02   2.3000000E+01   3.0556711E-03   1.0146502E-01
   1.5474092E+03   7.3800000E+02   1.1000000E+01   1.2035336E-03   1.2287555E-01
   1.5474167E+03   6.8800000E+02   1.1000000E+01   2.8861335E-03   2.2539058E-01
   1.5474243E+03   7.4800000E+02   1.7000000E+01   1.9539172E-03   1.1362301E-01
   1.5474318E+03   6.6600000E+02   1.1000000E+01   2.2772461E-03   1.3828479E-01
   1.5474393E+03   6.9100000E+02   1.7000000E+01   2.9328135E-03   1.1629090E-01
   1.5474468E+03   6.9100000E+02   1.4000000E+01   2.0209343E-03   8.9547078E-02
   1.5474544E+03   6.4500000E+02   1.5000000E+01   1.6586652E-03   7.9244228E-02
   1.5474619E+03   6.7800000E+02   1.7000000E+01   2.2939153E-03   9.2441899E-02
   1.5474694E+03   6.6900000E+02   1.8000000E+01   2.9569230E-03   1.1232370E-01
   1.5474770E+03   6.9000000E+02   1.5000000E+01   1.0143645E-03   4.7803715E-02
   1.5474845E+03   6.5700000E+02   2.0000000E+01   1.5911504E-03   4.3545344E-02
   1.5474920E+03   7.2000000E+02   2.7000000E+01   1.8605660E-03   6.3511239E-02
   1.5474995E+03   6.5000000E+02   2.3000000E+01   2.6867420E-03   7.8352509E-02
   1.5475071E+03   5.5900000E+02   1.7000000E+01   1.2848751E-03   3.9756586E-02
   1.5475146E+03   5.9300000E+02   2.4000000E+01   3.5667542E-03   8.0808693E-02
   1.5475221E+03   5.5800000E+02   2.6000000E+01   2.5151597E-03   3.0716419E-02
   1.5475297E+03   4.1900000E+02   2.0000000E+01   4.8729333E-03   9.8050571E-02
   1.5475372E+03   3.1100000E+02   2.1000000E+01   4.3028958E-03   7.9292669E-02
   1.5475447E+03   1.8400000E+02   3.2000000E+01   1.0160160E-02   5.6536098E-02
   1.5475522E+03   8.3000000E+01   2.4000000E+01   3.1025643E-02   9.4285699E-02
   1.5475598E+03   5.1000000E+01   3.6000000E+01   3.2466239E-02   1.2920764E-02
   1.5475673E+03   3.4000000E+01   2.4000000E+01   2.8632156E-02   5.9831513E-02
   1.5475748E+03   2.9000000E+01   2.3000000E+01   7.5938799E-02   9.2402825E-02
   1.5475824E+03   3.1000000E+01   2.6000000E+01   2.9100685E-02   5.7857865E-03
   1.5475899E+03   2.9000000E+01   2.9000000E+01   4.5193955E-02   4.5193955E-02
   1.5475974E+03   3.5000000E+01   3.3000000E+01   5.2920090E-02   3.8087596E-02
   1.5476049E+03   5.5000000E+01   5.1000000E+01   3.9492502E-02   4.0656891E-02
   1.5476125E+03   3.7000000E+01   3.5000000E+01   2.8297831E-02   2.5761390E-02
   1.5476200E+03   2.9000000E+01   2.9000000E+01   7.4812921E-02   7.4812921E-02
   1.5476275E+03   3.0000000E+01   2.8000000E+01   1.2365935E-02   5.7725988E-03
   1.5476351E+03   2.4000000E+01   2.3000000E+01   4.0658209E-02   4.5166420E-02
   1.5476426E+03   3.2000000E+01   3.2000000E+01   4.1801123E-02   4.1801123E-02
   1.5476501E+03   4.7000000E+01   4.7000000E+01   4.2849710E-02   4.2849710E-02
   1.5476576E+03   2.7000000E+01   2.6000000E+01   4.7082703E-02   4.1825655E-02
   1.5476652E+03   3.1000000E+01   3.1000000E+01   3.8375337E-02   3.8375337E-02
   1.5476727E+03   2.8000000E+01   2.5000000E+01   2.8801476E-02   6.1886731E-02
   1.5476802E+03   2.9000000E+01   2.8000000E+01   2.9833326E-02   3.0836371E-02
   1.5476878E+03   2.4000000E+01   2.4000000E+01   6.7963723E-02   6.7963723E-02
   1.5476953E+03   2.8000000E+01   2.8000000E+01   6.7427514E-02   6.7427514E-02
   1.5477028E+03   2.4000000E+01   2.4000000E+01   4.4518912E-02   4.4518912E-02
   1.5477103E+03   2.5000000E+01   2.4000000E+01   2.4872363E-02   3.0043238E-02
   1.5477179E+03   2.0000000E+01   2.0000000E+01   2.4059657E-02   2.4059657E-02
   1.5477254E+03   2.5000000E+01   2.3000000E+01   9.5290776E-02   9.3553123E-02
   1.5477329E+03   2.9000000E+01   2.8000000E+01   4.1352629E-02   3.2095200E-02
   1.5477405E+03   3.3000000E+01   3.3000000E+01   1.9679775E-02   1.9679775E-02
   1.5477480E+03   3.0000000E+01   2.9000000E+01   5.2827403E-02   6.4006609E-02
   1.5477555E+03   2.8000000E+01   2.7000000E+01   9.7458854E-02   1.0639652E-01
   1.5477630E+03   3.1000000E+01   3.0000000E+01   6.3780969E-02   7.0963177E-02
   1.5477706E+03   2.5000000E+01   2.1000000E+01   8.9510899E-02   7.6604987E-02
   1.5477781E+03   2.0000000E+01   1.9000000E+01   7.0806934E-02   6.5261449E-02
   1.5477856E+03   2.0000000E+01   1.8000000E+01   3.2065404E-02   2.8956560E-02
   1.5477932E+03   3.2000000E+01   2.7000000E+01   2.1306731E-02   3.9640766E-02
   1.5478007E+03   3.6000000E+01   3.0000000E+01   2.7893128E-02   3.8354046E-02
   1.5478082E+03   3.5000000E+01   2.8000000E+01   1.3549409E-02   3.5727226E-02
   1.5478157E+03   2.7000000E+01   2.1000000E+01   7.3680761E-02   8.1428572E-02
   1.5478233E+03   3.6000000E+01   2.9000000E+01   1.0191015E-01   1.0890695E-01
   1.5478308E+03   2.9000000E+01   2.1000000E+01   7.6348626E-02   7.0424870E-02
   1.5478383E+03   2.9000000E+01   1.9000000E+01   4.3595151E-02   5.4455994E-02
   1.5478459E+03   3.4000000E+01   2.6000000E+01   6.7526585E-02   6.5991902E-02
   1.5478534E+03   3.7000000E+01   2.8000000E+01   4.2524886E-02   7.9021716E-02
   1.5478609E+03   4.1000000E+01   3.1000000E+01   5.9706409E-02   3.8344996E-02
   1.5478684E+03   4.5000000E+01   3.6000000E+01   5.4392261E-02   5.2363884E-02
   1.5478760E+03   3.6000000E+01   2.9000000E+01   3.4307052E-02   4.6050524E-02
   1.5478835E+03   5.2000000E+01   4.3000000E+01   1.3839759E-02   2.5229386E-02
   1.5478910E+03   7.7000000E+01   5.6000000E+01   4.4471373E-02   3.5786263E-02
   1.5478985E+03   6.3000000E+01   4.9000000E+01   3.9651636E-02   4.7633903E-02
   1.5479061E+03   6.5000000E+01   4.9000000E+01   6.3249844E-03   1.2556106E-02
   1.5479136E+03   8.2000000E+01   5.9000000E+01   1.3104007E-02   3.1243483E-02
   1.5479211E+03   8.0000000E+01   6.2000000E+01   6.7629426E-03   1.2198396E-02
   1.5479287E+03   9.0000000E+01   6.5000000E+01   3.5452303E-02   2.6808831E-02
   1.5479362E+03   1.1900000E+02   8.2000000E+01   4.9397317E-02   5.4984880E-02
   1.5479437E+03   1.0400000E+02   7.9000000E+01   1.4040928E-02   7.8890053E-03
   1.5479512E+03   1.1400000E+02   8.9000000E+01   1.3622744E-02   2.0271788E-02
   1.5479588E+03   1.2400000E+02   8.7000000E+01   1.6081179E-02   5.6583782E-03
   1.5479663E+03   1.3900000E+02   1.1700000E+02   1.3436622E-02   2.2327073E-02
   1.5479738E+03   1.0800000E+02   8.2000000E+01   4.4780662E-02   4.4825079E-02
   1.5479814E+03   1.2300000E+02   1.0000000E+02   9.2422046E-03   1.8154758E-02
   1.5479889E+03   1.3000000E+02   9.1000000E+01   1.4841960E-02   2.7442618E-02
   1.5479964E+03   1.5800000E+02   1.1900000E+02   1.5195253E-02   2.0103492E-02
   1.5480039E+03   1.6700000E+02   1.3300000E+02   4.1954840E-02   3.9734669E-02
   1.5480115E+03   1.6400000E+02   1.3400000E+02   1.6337507E-02   2.2787908E-02
   1.5480190E+03   1.7000000E+02   1.2800000E+02   5.2274641E-02   7.3320768E-02
   1.5480265E+03   1.8400000E+02   1.3300000E+02   2.8808665E-02   4.0842642E-02
   1.5480341E+03   2.1600000E+02   1.7700000E+02   2.3673208E-02   2.5656772E-02
   1.5480416E+03   1.7600000E+02   1.2900000E+02   3.5737872E-02   3.2162093E-02
   1.5480491E+03   2.2600000E+02   1.6900000E+02   1.3116539E-02   2.2075564E-02
   1.5480566E+03   1.9900000E+02   1.5200000E+02   2.6601513E-02   1.8508025E-02
   1.5480642E+03   2.1500000E+02   1.6200000E+02   1.8886486E-02   1.3380961E-02
   1.5480717E+03   2.0300000E+02   1.5500000E+02   3.0924415E-02   1.7645370E-02
   1.5480792E+03   2.2800000E+02   1.7200000E+02   2.3713186E-02   2.4360624E-02
   1.5480868E+03   2.5500000E+02   2.0400000E+02   1.1377477E-02   1.6485733E-02
   1.5480943E+03   2.6800000E+02   1.9700000E+02   6.9017614E-03   9.1403252E-03
   1.5481018E+03   2.9300000E+02   2.1300000E+02   3.9282376E-02   4.2165248E-02
   1.5481093E+03   3.1300000E+02   2.2300000E+02   3.6125044E-02   2.8091058E-02
   1.5481169E+03   3.2700000E+02   2.3700000E+02   2.2009897E-03   5.4220315E-03
   1.5481244E+03   3.3700000E+02   2.3500000E+02   3.5564889E-03   1.3970134E-02
   1.5481319E+03   3.8000000E+02   2.6800000E+02   1.8063589E-02   9.2274159E-03
   1.5481395E+03   3.4700000E+02   2.4900000E+02   1.6271599E-02   1.4135362E-02
   1.5481470E+03   3.9000000E+02   2.5900000E+02   1.3493139E-02   1.5731441E-02
   1.5481545E+03   4.0100000E+02   2.6100000E+02   2.0206086E-02   2.3097895E-02
   1.5481620E+03   4.5200000E+02   2.9400000E+02   2.1288897E-02   3.5265534E-03
   1.5481696E+03   4.3600000E+02   2.8600000E+02   1.1096363E-03   8.2812117E-03
   1.5481771E+03   4.6500000E+02   3.0800000E+02   7.5110659E-03   6.1508105E-03
   1.5481846E+03   4.9700000E+02   3.3000000E+02   1.7892121E-03   3.3120795E-03
   1.5481922E+03   5.5100000E+02   3.3800000E+02   7.7320195E-03   1.7140330E-02
   1.5481997E+03   5.5200000E+02   3.4300000E+02   8.6527365E-03   6.0215354E-03
   1.5482072E+03   6.7500000E+02   3.4100000E+02   1.3143800E-02   1.8295132E-02
   1.5482147E+03   8.0900000E+02   3.3500000E+02   1.5946475E-02   2.3347026E-02
   1.5482223E+03   1.0600000E+03   3.8100000E+02   1.8722557E-03   1.8704252E-02
   1.5482298E+03   1.4800000E+03   3.9500000E+02   8.0766001E-03   1.4968281E-02
   1.5482373E+03   1.8150000E+03   4.1400000E+02   2.2808327E-03   9.4743844E-03
   1.5482449E+03   2.0740000E+03   4.1100000E+02   8.7371026E-03   1.6500445E-02
   1.5482524E+03   2.5050000E+03   4.5300000E+02   1.0948337E-03   1.5369183E-02
   1.5482599E+03   2.6950000E+03   4.4400000E+02   9.0971476E-03   2.5045450E-02
   1.5482674E+03   2.9230000E+03   4.9300000E+02   3.0365871E-03   3.2219511E-03
   1.5482750E+03   3.0310000E+03   4.4700000E+02   8.1007590E-03   6.9585664E-03
   1.5482825E+03   3.0940000E+03   4.4200000E+02   4.2172380E-03   1.6210719E-02
   1.5482900E+03   3.0600000E+03   4.5300000E+02   5.1773818E-03   2.4232685E-02
   1.5482976E+03   3.0410000E+03   4.6600000E+02   5.6927221E-03   1.0296076E-02
   1.5483051E+03   3.0300000E+03   5.0900000E+02   4.4910242E-03   1.4035888E-02
   1.5483126E+03   2.8160000E+03   4.7900000E+02   1.9693468E-03   1.6080452E-03
   1.5483201E+03   2.8100000E+03   5.2100000E+02   5.9774973E-03   1.1611276E-02
   1.5483277E+03   2.6630000E+03   4.9400000E+02   1.9797208E-03   1.6386391E-02
   1.5483352E+03   2.6250000E+03   4.8400000E+02   6.0194085E-03   1.3305737E-02
   1.5483427E+03   2.4200000E+03   5.1400000E+02   1.7079885E-03   7.0087224E-03
   1.5483502E+03   2.3340000E+03   4.6900000E+02   1.1941334E-02   2.3376720E-02
   1.5483578E+03   2.1580000E+03   4.6300000E+02   8.8434954E-03   2.0572350E-02
   1.5483653E+03   1.9320000E+03   4.7200000E+02   7.7917771E-03   1.9297150E-02
   1.5483728E+03   1.9150000E+03   4.9300000E+02   6.9499707E-03   1.2613847E-02
   1.5483804E+03   1.9000000E+03   4.8900000E+02   1.4034334E-02   3.2122150E-02
   1.5483879E+03   1.8040000E+03   4.5700000E+02   3.6921909E-03   1.2384363E-02
   1.5483954E+03   1.7540000E+03   4.7400000E+02   3.9801806E-03   1.7171675E-02
   1.5484029E+03   1.6470000E+03   4.4600000E+02   4.7485640E-03   1.9074823E-02
   1.5484105E+03   1.5910000E+03   4.7400000E+02   8.1616138E-03   2.6066333E-02
   1.5484180E+03   1.5670000E+03   4.4500000E+02   6.7829958E-03   1.5277882E-02
   1.5484255E+03   1.4730000E+03   4.3400000E+02   8.7248130E-03   2.7205544E-02
   1.5484331E+03   1.4740000E+03   4.8400000E+02   8.2348275E-04   4.6917436E-03
   1.5484406E+03   1.4250000E+03   4.2500000E+02   3.1818795E-03   9.6343146E-03
   1.5484481E+03   1.4750000E+03   4.4000000E+02   4.1406916E-03   9.4483129E-03
   1.5484556E+03   1.3650000E+03   3.9400000E+02   5.6166754E-03   8.2042562E-03
   1.5484632E+03   1.4170000E+03   4.0600000E+02   1.4148494E-03   4.5670602E-03
   1.5484707E+03   1.2740000E+03   3.7800000E+02   5.9136022E-03   1.5290157E-02
   1.5484782E+03   1.3060000E+03   3.9900000E+02   4.1845936E-03   1.3139391E-02
   1.5484858E+03   1.2400000E+03   3.6900000E+02   4.9299118E-03   5.0644900E-03
   1.5484933E+03   1.2520000E+03   3.6400000E+02   5.6363944E-03   1.9565935E-02
   1.5485008E+03   1.2290000E+03   3.5000000E+02   7.4903177E-03   2.5546383E-02
   1.5485083E+03   1.2520000E+03   3.3800000E+02   5.6451792E-03   1.6490311E-02
   1.5485159E+03   1.1620000E+03   3.2500000E+02   2.0023489E-03   6.1515555E-03
   1.5485234E+03   1.1490000E+03   3.2400000E+02   1.0461914E-02   2.5630799E-02
   1.5485309E+03   1.1850000E+03   2.7900000E+02   7.3808500E-04   3.6448650E-03
   1.5485385E+03   1.1420000E+03   3.0300000E+02   8.6771604E-04   8.5753854E-03
   1.5485460E+03   1.1310000E+03   2.8800000E+02   4.5423153E-03   1.4455837E-02
   1.5485535E+03   1.1530000E+03   2.7400000E+02   8.1160583E-04   9.5510607E-03
   1.5485610E+03   1.1550000E+03   2.7100000E+02   1.9517510E-03   1.4771754E-02
   1.5485686E+03   1.1160000E+03   2.4700000E+02   1.8118576E-03   1.2580540E-02
   1.5485761E+03   1.1010000E+03   2.6100000E+02   2.3990927E-03   1.3794747E-02
   1.5485836E+03   1.0420000E+03   2.4200000E+02   4.6741467E-03   1.2178239E-02
   1.5485912E+03   1.0640000E+03   2.5300000E+02   4.8996009E-03   1.0251498E-02
   1.5485987E+03   1.0330000E+03   2.2100000E+02   4.9058821E-03   1.6479492E-02
   1.5486062E+03   9.8600000E+02   1.9600000E+02   5.1407519E-03   1.9334584E-02
   1.5486137E+03   1.0420000E+03   2.2000000E+02   2.6602609E-03   1.0914890E-02
   1.5486213E+03   9.7800000E+02   1.6700000E+02   4.0932806E-03   1.1714022E-02
   1.5486288E+03   9.9000000E+02   2.0000000E+02   6.1697134E-04   7.3614052E-03
   1.5486363E+03   9.7900000E+02   1.6700000E+02   5.6471489E-03   2.3140968E-02
   1.5486439E+03   9.1700000E+02   1.6100000E+02   3.5733485E-03   2.1825388E-02
   1.5486514E+03   9.2700000E+02   1.6800000E+02   3.5388318E-03   1.2596864E-02
   1.5486589E+03   9.2600000E+02   1.5200000E+02   4.3421797E-03   8.2776051E-03
   1.5486664E+03   9.2200000E+02   1.6600000E+02   1.8304977E-03   1.6685045E-02
   1.5486740E+03   9.8100000E+02   1.6500000E+02   1.3749432E-03   1.7134588E-02
   1.5486815E+03   9.1500000E+02   1.3300000E+02   5.3754285E-03   2.8625252E-02
   1.5486890E+03   8.8800000E+02   1.1600000E+02   1.3264410E-03   9.6237090E-03
   1.5486966E+03   8.9300000E+02   1.2800000E+02   5.2321951E-03   3.2330187E-02
   1.5487041E+03   8.6600000E+02   1.0400000E+02   1.3359151E-03   2.3883421E-02
   1.5487116E+03   9.3600000E+02   1.0400000E+02   2.8033223E-03   3.2507100E-02
   1.5487191E+03   8.5300000E+02   8.5000000E+01   9.0350534E-04   1.0598048E-02
   1.5487267E+03   8.8200000E+02   1.0000000E+02   3.1412205E-03   4.0022102E-02
   1.5487342E+03   8.3800000E+02   9.7000000E+01   2.6784696E-03   1.2585389E-02
   1.5487417E+03   8.4500000E+02   7.9000000E+01   4.8377289E-03   1.2200904E-02
   1.5487493E+03   8.5500000E+02   5.6000000E+01   7.9790729E-04   2.4025089E-02
   1.5487568E+03   8.7700000E+02   7.4000000E+01   8.6879739E-04   1.4983566E-02
   1.5487643E+03   8.1500000E+02   6.0000000E+01   2.2219779E-03   2.4331273E-02
   1.5487718E+03   8.6100000E+02   5.2000000E+01   3.0791055E-03   3.5879292E-02
   1.5487794E+03   9.0300000E+02   6.2000000E+01   2.8236616E-03   2.7535328E-02
   1.5487869E+03   8.2900000E+02   5.5000000E+01   1.9494045E-03   2.8508395E-02
   1.5487944E+03   8.3800000E+02   3.4000000E+01   1.2327217E-03   3.8004154E-02
   1.5488019E+03   8.0700000E+02   4.1000000E+01   6.6464234E-04   3.8105593E-03
   1.5488095E+03   8.1300000E+02   3.6000000E+01   3.0818788E-03   4.0726423E-02
   1.5488170E+03   7.8900000E+02   5.0000000E+01   1.7590795E-03   6.8426043E-03
   1.5488245E+03   8.1000000E+02   3.9000000E+01   2.0129782E-03   1.8704030E-02
   1.5488321E+03   7.8800000E+02   5.2000000E+01   6.8667966E-04   2.6758358E-02
   1.5488396E+03   7.2500000E+02   3.3000000E+01   4.1057854E-04   1.0743607E-02
   1.5488471E+03   7.6900000E+02   2.7000000E+01   1.1289829E-03   1.9433134E-02
   1.5488546E+03   7.6700000E+02   2.7000000E+01   3.5442406E-04   1.4806284E-02
   1.5488622E+03   7.4400000E+02   2.1000000E+01   6.0513770E-04   1.8858602E-02
   1.5488697E+03   8.3000000E+02   3.4000000E+01   1.6499219E-04   9.1919633E-03
   1.5488772E+03   7.5300000E+02   2.8000000E+01   1.5219459E-04   8.6423834E-03
   1.5488848E+03   7.9700000E+02   2.4000000E+01   5.7814646E-04   1.2877714E-02
   1.5488923E+03   8.0400000E+02   2.5000000E+01   3.1943766E-04   1.3492730E-02
   1.5488998E+03   7.8300000E+02   2.3000000E+01   4.0993184E-04   1.4818741E-02
   1.5489073E+03   7.6800000E+02   2.8000000E+01   4.6350021E-04   7.9545130E-03
   1.5489149E+03   8.2000000E+02   3.7000000E+01   4.3713158E-04   5.2475636E-03
   1.5489224E+03   8.4700000E+02   2.2000000E+01   3.1421724E-04   6.2131686E-03
   1.5489299E+03   8.1700000E+02   3.5000000E+01   3.1195505E-04   1.5103079E-02
   1.5489375E+03   7.8000000E+02   2.4000000E+01   1.0115485E-03   3.6622447E-02
   1.5489450E+03   7.5400000E+02   1.4000000E+01   4.4276588E-04   3.1049974E-02
   1.5489525E+03   7.6200000E+02   1.8000000E+01   6.0652937E-04   2.7705120E-02
   1.5489600E+03   7.9000000E+02   1.8000000E+01   4.1231159E-04   9.5188870E-03
   1.5489676E+03   7.8600000E+02   2.6000000E+01   1.2382896E-03   1.9263257E-02
   1.5489751E+03   7.5300000E+02   1.3000000E+01   7.7053151E-04   4.4080897E-02
   1.5489826E+03   7.4900000E+02   2.1000000E+01   5.3696917E-04   1.4902012E-02
   1.5489902E+03   7.6600000E+02   1.3000000E+01   1.9079566E-04   1.3740248E-02
   1.5489977E+03   7.5500000E+02   1.4000000E+01   5.2236573E-04   2.5541562E-02
   1.5490052E+03   7.0800000E+02   2.2000000E+01   7.0714273E-04   2.2047485E-02
   1.5490127E+03   7.7100000E+02   1.2000000E+01   4.0158376E-04   1.4064251E-02
   1.5490203E+03   7.2000000E+02   1.4000000E+01   3.0415492E-04   2.0801048E-02
   1.5490278E+03   7.4700000E+02   2.8000000E+01   8.3298783E-04   2.2222925E-02
   1.5490353E+03   7.2000000E+02   1.2000000E+01   4.9356650E-04   1.8754107E-02
   1.5490429E+03   7.6300000E+02   1.2000000E+01   6.2224007E-04   2.2392053E-02
   1.5490504E+03   8.3200000E+02   1.4000000E+01   8.2298726E-04   4.7886471E-02
   1.5490579E+03   7.9600000E+02   1.9000000E+01   1.2021193E-04   1.6211085E-02
   1.5490654E+03   7.5800000E+02   1.5000000E+01   1.1428474E-03   4.7959011E-02
   1.5490730E+03   7.5300000E+02   1.4000000E+01   6.8869536E-04   3.2750403E-02
   1.5490805E+03   7.5900000E+02   1.3000000E+01   5.3948193E-04   1.3548043E-02
   1.5490880E+03   7.8800000E+02   2.3000000E+01   4.8500961E-04   1.1811534E-02
   1.5490956E+03   7.0100000E+02   1.1000000E+01   2.0769196E-04   1.3235642E-02
   1.5491031E+03   7.7800000E+02   1.8000000E+01   4.4946446E-04   2.1420166E-02
   1.5491106E+03   7.6200000E+02   1.1000000E+01   2.6985319E-04   1.1047776E-02
   1.5491181E+03   7.9500000E+02   1.2000000E+01   3.8202669E-04   2.8256447E-02
   1.5491257E+03   7.7500000E+02   1.2000000E+01   4.2588848E-04   2.7505298E-02
   1.5491332E+03   7.5200000E+02   9.0000000E+00   2.0712477E-04   9.1442002E-03
   1.5491407E+03   7.5700000E+02   4.0000000E+00   3.1460545E-04   4.8965112E-02
   1.5491483E+03   7.7400000E+02   1.1000000E+01   5.6993395E-04   3.4605396E-02
   1.5491558E+03   7.1600000E+02   1.1000000E+01   2.4611097E-04   1.9479105E-02
   1.5491633E+03   7.3000000E+02   8.0000000E+00   3.0141938E-04   2.9746357E-02
   1.5491708E+03   7.9200000E+02   8.0000000E+00   1.7264751E-04   1.0548950E-02
   1.5491784E+03   7.5100000E+02   1.7000000E+01   2.3982534E-04   1.8629870E-02
   1.5491859E+03   7.5400000E+02   7.0000000E+00   1.9773580E-04   6.6743645E-03
   1.5491934E+03   7.5800000E+02   1.0000000E+01   1.9415765E-04   1.0380591E-02
   1.5492010E+03   7.6300000E+02   6.0000000E+00   3.4141692E-04   4.4838953E-02
   1.5492085E+03   7.5500000E+02   6.0000000E+00   4.8618429E-04   6.0387730E-02
   1.5492160E+03   7.3700000E+02   8.0000000E+00   1.4475342E-04   1.4466214E-02
   1.5492235E+03   7.2700000E+02   3.0000000E+00   1.9085828E-04   5.1456548E-02
   1.5492311E+03   7.7200000E+02   1.2000000E+01   7.9695319E-05   4.1343606E-03
   1.5492386E+03   7.9700000E+02   9.0000000E+00   3.6675049E-04   3.0744283E-02
   1.5492461E+03   7.6100000E+02   1.0000000E+01   1.1988148E-05   9.1229806E-04
   1.5492536E+03   7.5600000E+02   7.0000000E+00   2.4418710E-04   2.6280747E-02
   1.5492612E+03   7.4300000E+02   4.0000000E+00   3.2046472E-04   6.1314853E-02
   1.5492687E+03   8.0100000E+02   1.2000000E+01   5.9629507E-04   3.9011515E-02
   1.5492762E+03   7.6300000E+02   8.0000000E+00   3.2787094E-04   3.1270691E-02
   1.5492838E+03   7.4200000E+02   8.0000000E+00   3.1778450E-04   2.8407981E-02
   1.5492913E+03   7.3500000E+02   1.0000000E+01   1.0327426E-03   7.3157058E-02
   1.5492988E+03   7.4100000E+02   6.0000000E+00   2.5601394E-04   3.1709178E-02
   1.5493063E+03   7.3600000E+02   8.0000000E+00   2.8745937E-04   2.5152486E-02
   1.5493139E+03   7.1400000E+02   8.0000000E+00   3.4688830E-04   3.5755218E-02
   1.5493214E+03   7.4700000E+02   7.0000000E+00   6.6232227E-04   8.1066335E-02
   1.5493289E+03   7.2800000E+02   6.0000000E+00   6.0316417E-04   6.7116853E-02
   1.5493365E+03   7.3900000E+02   6.0000000E+00   3.4124248E-04   4.5651452E-02
   1.5493440E+03   7.0800000E+02   5.0000000E+00   5.1982914E-05   5.6887816E-03
   1.5493515E+03   7.4700000E+02   2.0000000E+00   2.2465294E-04   1.1690128E-01
   1.5493590E+03   7.4700000E+02   4.0000000E+00   4.7887737E-04   8.5673893E-02
   1.5493666E+03   7.8000000E+02   5.0000000E+00   4.1666551E-04   6.4999819E-02
   1.5493741E+03   7.6000000E+02   6.0000000E+00   5.3137585E-04   6.7179039E-02
   1.5493816E+03   7.4800000E+02   3.0000000E+00   2.1307106E-04   5.3125717E-02
   1.5493892E+03   7.5400000E+02   7.0000000E+00   5.1281100E-04   5.2499355E-02
   1.5493967E+03   7.5700000E+02   9.0000000E+00   3.9678085E-04   3.3373678E-02
   1.5494042E+03   7.6100000E+02   1.0000000E+00   1.0672906E-04   7.2342529E-02
   1.5494117E+03   7.4800000E+02   1.0000000E+00   1.8528031E-04   1.3841520E-01
   1.5494193E+03   7.4000000E+02   9.0000000E+00   7.5661990E-04   6.2210969E-02
   1.5494268E+03   7.5900000E+02   1.4000000E+01   1.3014503E-03   6.8630830E-02
   1.5494343E+03   7.3100000E+02   4.0000000E+00   4.1666816E-04   8.8682666E-02
   1.5494419E+03   7.0000000E+02   5.0000000E+00   8.3600544E-04   9.2634423E-02
   1.5494494E+03   7.2200000E+02   5.0000000E+00   4.6672753E-04   6.7395455E-02
   1.5494569E+03   8.3400000E+02   4.0000000E+00   2.9871180E-04   8.0406039E-02
   1.5494644E+03   7.5000000E+02   5.0000000E+00   5.6619242E-04   2.3936521E-02
   1.5494720E+03   7.5000000E+02   4.0000000E+00   5.3121778E-04   9.6565535E-02
   1.5494795E+03   7.5400000E+02   4.0000000E+00   1.5045048E-04   2.8359916E-02
   1.5494870E+03   7.2000000E+02   8.0000000E+00   2.7180871E-04   2.4972930E-02
   1.5494946E+03   7.6900000E+02   7.0000000E+00   1.3857551E-04   1.5888381E-02
   1.5495021E+03   7.4600000E+02   7.0000000E+00   4.3123062E-04   4.2946779E-02
   1.5495096E+03   7.6600000E+02   5.0000000E+00   5.0706426E-04   7.7253904E-02
   1.5495171E+03   7.7200000E+02   3.0000000E+00   6.5296143E-04   1.0153589E-01
   1.5495247E+03   7.3100000E+02   6.0000000E+00   8.0962433E-04   9.8639231E-02
   1.5495322E+03   7.4200000E+02   9.0000000E+00   8.5095339E-04   7.0156379E-02
   1.5495397E+03   7.2500000E+02   6.0000000E+00   5.4887223E-04   5.8898622E-02
   1.5495473E+03   7.6200000E+02   5.0000000E+00   3.1273722E-04   3.7210959E-02
   1.5495548E+03   7.5000000E+02   8.0000000E+00   1.9765863E-04   1.8817793E-02
   1.5495623E+03   7.7800000E+02   6.0000000E+00   1.3757431E-03   1.7838803E-01
   1.5495698E+03   7.2600000E+02   3.0000000E+00   2.9759978E-04   6.0119317E-02
   1.5495774E+03   7.5600000E+02   3.0000000E+00   7.1542123E-04   1.8008181E-01
   1.5495849E+03   8.0700000E+02   4.0000000E+00   8.4838827E-04   1.7543762E-01
   1.5495924E+03   7.4600000E+02   5.0000000E+00   3.9543171E-04   5.8805091E-02
   1.5496000E+03   7.6100000E+02   2.0000000E+00   8.6187400E-04   2.5333761E-01
   1.5496075E+03   7.3700000E+02   3.0000000E+00   5.1115098E-04   1.2557276E-01
   1.5496150E+03   8.2100000E+02   7.0000000E+00   3.0380450E-04   2.1560009E-02
   1.5496225E+03   7.2700000E+02   3.0000000E+00   3.6570915E-04   1.0870458E-01
   1.5496301E+03   7.6000000E+02   4.0000000E+00   6.1448231E-04   1.1675164E-01
   1.5496376E+03   7.2300000E+02   5.0000000E+00   2.3786017E-04   3.4394581E-02
   1.5496451E+03   7.2600000E+02   8.0000000E+00   4.6609526E-04   2.7756286E-02
   1.5496527E+03   7.7300000E+02   1.0000000E+00   1.3647544E-04   4.4601367E-07
   1.5496602E+03   7.5600000E+02   3.0000000E+00   5.1509653E-04   5.2492565E-02
   1.5496677E+03   7.3100000E+02   6.0000000E+00   7.0848995E-04   1.0269480E-01
   1.5496752E+03   7.2800000E+02   7.0000000E+00   5.8537199E-04   6.2312863E-02
   1.5496828E+03   7.4800000E+02   6.0000000E+00   1.7976954E-04   3.3058559E-02
   1.5496903E+03   7.2500000E+02   5.0000000E+00   1.2385173E-03   1.7958501E-01
   1.5496978E+03   7.5800000E+02   6.0000000E+00   8.8617155E-04   7.5684602E-02
   1.5497053E+03   7.3600000E+02   2.0000000E+00   2.5242554E-04   9.2892597E-02
   1.5497129E+03   7.7400000E+02   6.0000000E+00   1.0264136E-03   1.3240736E-01
   1.5497204E+03   7.2900000E+02   8.0000000E+00   1.8957811E-04   1.9292938E-02
   1.5497279E+03   7.6200000E+02   6.0000000E+00   9.6066592E-04   1.2200457E-01
   1.5497355E+03   7.0700000E+02   3.0000000E+00   3.8883442E-04   9.1635312E-02
   1.5497430E+03   7.1600000E+02   4.0000000E+00   4.7287638E-04   8.4650523E-02
   1.5497505E+03   7.3300000E+02   6.0000000E+00   8.8756480E-04   1.0729693E-01
   1.5497580E+03   7.5800000E+02   6.0000000E+00   8.6024625E-04   1.0867778E-01
   1.5497656E+03   7.1800000E+02   3.0000000E+00   4.7377757E-04   1.1339076E-01
   1.5497731E+03   7.4200000E+02   3.0000000E+00   6.6925854E-04   1.5356113E-01
   1.5497806E+03   7.9100000E+02   9.0000000E+00   8.0386110E-04   7.1692202E-02
   1.5497882E+03   7.5400000E+02   8.0000000E+00   1.6120858E-03   1.4802785E-01
   1.5497957E+03   7.3800000E+02   4.0000000E+00   5.9675724E-04   1.1010171E-01
   1.5498032E+03   7.1900000E+02   4.0000000E+00   2.0456516E-04   3.6770588E-02
   1.5498107E+03   7.5600000E+02   5.0000000E+00   1.4686049E-04   2.2205306E-02
   1.5498183E+03   7.2000000E+02   6.0000000E+00   4.8662817E-04   5.8385365E-02
   1.5498258E+03   7.6600000E+02   2.0000000E+00   2.8063748E-04   1.3204758E-01
   1.5498333E+03   7.6800000E+02   3.0000000E+00   3.9510013E-04   1.0114563E-01
   1.5498409E+03   7.8500000E+02   7.0000000E+00   6.5945250E-04   7.6864513E-02
   1.5498484E+03   7.2300000E+02   3.0000000E+00   3.2384266E-04   7.8046082E-02
   1.5498559E+03   7.3600000E+02   4.0000000E+00   9.6663775E-04   1.7786135E-01
   1.5498634E+03   7.1300000E+02   5.0000000E+00   6.7238504E-04   9.5882107E-02
   1.5498710E+03   7.2400000E+02   8.0000000E+00   2.3905329E-04   2.9580256E-02
   1.5498785E+03   7.1600000E+02   4.0000000E+00   8.7150099E-04   1.5599868E-01
   1.5498860E+03   7.3900000E+02   6.0000000E+00   1.5191543E-03   1.8710917E-01
   1.5498936E+03   7.1000000E+02   9.0000000E+00   8.1778936E-04   6.3639555E-02
   1.5499011E+03   7.4700000E+02   7.0000000E+00   1.0005565E-03   1.0492446E-01
   1.5499086E+03   7.1000000E+02   5.0000000E+00   1.4298379E-03   1.9517537E-01
   1.5499161E+03   7.2300000E+02   1.1000000E+01   1.3302977E-03   8.8659091E-02
   1.5499237E+03   8.0800000E+02   7.0000000E+00   1.0254955E-03   1.1837148E-01
   1.5499312E+03   7.5000000E+02   1.3000000E+01   1.6291137E-03   7.2012063E-02
   1.5499387E+03   7.8900000E+02   7.0000000E+00   1.5426118E-04   1.7387439E-02
   1.5499463E+03   7.4900000E+02   1.0000000E+01   1.4801477E-03   1.1139381E-01
   1.5499538E+03   7.1600000E+02   8.0000000E+00   1.4256190E-03   1.3501176E-01
   1.5499613E+03   8.1200000E+02   9.0000000E+00   9.0196913E-04   7.4786543E-02
   1.5499688E+03   7.0100000E+02   1.1000000E+01   3.1460810E-04   1.7369097E-02
   1.5499764E+03   6.8600000E+02   6.0000000E+00   8.4196551E-04   9.4858824E-02
   1.5499839E+03   6.7700000E+02   1.4000000E+01   1.5488971E-03   7.4900238E-02
   1.5499914E+03   8.0100000E+02   8.0000000E+00   8.9540323E-04   8.9652248E-02
   1.5499990E+03   7.4700000E+02   6.0000000E+00   1.3524475E-04   1.6837971E-02
   1.5500065E+03   7.1200000E+02   2.0000000E+00   6.3752744E-05   2.2696082E-02
   1.5500140E+03   6.8300000E+02   6.0000000E+00   1.1786485E-03   1.3416949E-01
   1.5500215E+03   6.9600000E+02   1.0000000E+01   8.7254124E-04   5.9825307E-02
   1.5500291E+03   7.1400000E+02   8.0000000E+00   1.3531430E-03   1.2517253E-01
   1.5500366E+03   6.9700000E+02   8.0000000E+00   6.1681478E-04   5.4247271E-02
   1.5500441E+03   7.0400000E+02   9.0000000E+00   7.9342320E-04   6.2063326E-02
   1.5500517E+03   7.4000000E+02   1.1000000E+01   1.2812979E-03   7.5010609E-02
   1.5500592E+03   7.3700000E+02   6.0000000E+00   7.2745254E-04   8.9355420E-02
   1.5500667E+03   7.0900000E+02   1.3000000E+01   2.1086540E-03   9.5395623E-02
   1.5500742E+03   7.1300000E+02   1.3000000E+01   1.1602718E-03   6.3636484E-02
   1.5500818E+03   7.2000000E+02   1.4000000E+01   1.4186826E-03   6.7139942E-02
   1.5500893E+03   6.8700000E+02   7.0000000E+00   5.3542859E-04   5.6664633E-02
   1.5500968E+03   6.2200000E+02   1.0000000E+01   7.5743528E-04   4.6875397E-02
   1.5501044E+03   6.5100000E+02   1.5000000E+01   8.5846892E-04   4.7468749E-02
   1.5501119E+03   5.6300000E+02   1.1000000E+01   1.1887207E-03   5.8006079E-02
   1.5501194E+03   5.0900000E+02   1.3000000E+01   2.3451603E-03   8.6801356E-02
   1.5501269E+03   3.7300000E+02   2.1000000E+01   3.8528257E-03   7.2807628E-02
   1.5501345E+03   2.2400000E+02   1.5000000E+01   4.6016387E-03   6.7981193E-02
   1.5501420E+03   9.9000000E+01   1.1000000E+01   4.5354298E-03   5.0249345E-02
   1.5501495E+03   5.4000000E+01   2.2000000E+01   2.3696705E-03   7.1827786E-03
   1.5501571E+03   3.0000000E+01   1.8000000E+01   1.9107773E-02   3.4512069E-02
   1.5501646E+03   3.0000000E+01   2.4000000E+01   1.1359046E-02   1.4194638E-02
   1.5501721E+03   3.3000000E+01   2.6000000E+01   2.3740723E-02   3.0130485E-02
   1.5501796E+03   3.0000000E+01   3.0000000E+01   2.4202851E-02   2.4202851E-02
   1.5501872E+03   3.1000000E+01   2.9000000E+01   1.1063529E-02   1.1826247E-02
   1.5501947E+03   3.1000000E+01   3.0000000E+01   1.3836473E-02   1.4297164E-02
   1.5502022E+03   3.4000000E+01   3.2000000E+01   1.0977160E-02   1.1664725E-02
   1.5502097E+03   2.6000000E+01   2.3000000E+01   1.7160295E-02   1.9397069E-02
   1.5502173E+03   2.6000000E+01   2.6000000E+01   2.3945175E-02   2.3945175E-02
   1.5502248E+03   2.5000000E+01   2.5000000E+01   2.4452643E-02   2.4452643E-02
   1.5502323E+03   1.5000000E+01   1.5000000E+01   3.2240129E-02   3.2240129E-02
   1.5502399E+03   3.1000000E+01   3.0000000E+01   2.4152000E-02   2.4956325E-02
   1.5502474E+03   2.7000000E+01   2.7000000E+01   8.8818756E-03   8.8818756E-03
   1.5502549E+03   2.6000000E+01   2.5000000E+01   1.3665500E-06   1.3808159E-06
   1.5502624E+03   2.1000000E+01   2.1000000E+01   2.2515693E-03   2.2515693E-03
   1.5502700E+03   2.7000000E+01   2.6000000E+01   1.7151284E-02   1.7812827E-02
   1.5502775E+03   2.3000000E+01   2.3000000E+01   5.0891488E-03   5.0891488E-03
   1.5502850E+03   1.5000000E+01   1.5000000E+01   2.7015252E-03   2.7015252E-03
   1.5502926E+03   2.2000000E+01   2.2000000E+01   2.3283447E-02   2.3283447E-02
   1.5503001E+03   3.1000000E+01   3.1000000E+01   1.3642062E-02   1.3642062E-02
   1.5503076E+03   2.2000000E+01   2.1000000E+01   3.0955137E-06   2.4941206E-06
   1.5503151E+03   2.8000000E+01   2.8000000E+01   1.4929373E-02   1.4929373E-02
   1.5503227E+03   1.7000000E+01   1.6000000E+01   5.7846824E-03   6.1460896E-03
   1.5503302E+03   1.5000000E+01   1.3000000E+01   1.7001934E-02   1.9618299E-02
   1.5503377E+03   3.1000000E+01   2.8000000E+01   9.2069872E-04   1.0199502E-03
   1.5503453E+03   1.8000000E+01   1.5000000E+01   1.6875983E-05   2.0362851E-05
   1.5503528E+03   2.5000000E+01   2.4000000E+01   9.8021972E-03   1.0210737E-02
   1.5503603E+03   2.1000000E+01   1.9000000E+01   6.2325475E-03   6.8886973E-03
   1.5503678E+03   2.4000000E+01   2.3000000E+01   4.7328871E-03   4.9385904E-03
   1.5503754E+03   2.1000000E+01   1.8000000E+01   1.0849799E-05   1.2172610E-05
   1.5503829E+03   2.2000000E+01   2.1000000E+01   8.0134891E-03   8.3962022E-03
   1.5503904E+03   3.1000000E+01   2.2000000E+01   3.7051666E-06   6.6460387E-06
   1.5503980E+03   2.1000000E+01   1.7000000E+01   4.0828512E-04   5.0453673E-04
   1.5504055E+03   2.3000000E+01   1.7000000E+01   2.4786754E-06   3.2058901E-06
   1.5504130E+03   3.0000000E+01   2.5000000E+01   4.0750547E-03   4.8935269E-03
   1.5504205E+03   4.0000000E+01   3.2000000E+01   5.2616841E-03   6.5814416E-03
   1.5504281E+03   3.7000000E+01   2.8000000E+01   9.0888347E-06   1.3950393E-05
   1.5504356E+03   5.2000000E+01   4.0000000E+01   8.7258578E-06   5.5033371E-06
   1.5504431E+03   4.4000000E+01   3.4000000E+01   8.6985304E-06   2.2413044E-06
   1.5504507E+03   4.6000000E+01   3.0000000E+01   4.0655486E-03   6.2356927E-03
   1.5504582E+03   6.5000000E+01   4.2000000E+01   1.6922818E-03   2.6172163E-03
   1.5504657E+03   5.7000000E+01   4.3000000E+01   1.7910347E-03   2.3730412E-03
   1.5504732E+03   6.9000000E+01   4.1000000E+01   3.0380748E-05   2.7799663E-05
   1.5504808E+03   8.0000000E+01   5.1000000E+01   1.0182138E-06   2.0385406E-06
   1.5504883E+03   7.7000000E+01   5.8000000E+01   1.2478938E-05   1.6605258E-05
   1.5504958E+03   8.2000000E+01   6.4000000E+01   1.4323776E-03   1.4733102E-05
   1.5505034E+03   8.4000000E+01   6.3000000E+01   2.9660673E-04   3.9560019E-04
   1.5505109E+03   9.6000000E+01   6.5000000E+01   3.0049152E-04   7.0378699E-06
   1.5505184E+03   8.9000000E+01   6.5000000E+01   4.1815360E-05   3.9949994E-06
   1.5505259E+03   1.1300000E+02   8.8000000E+01   3.9103756E-04   3.0545433E-04
   1.5505335E+03   1.1500000E+02   8.8000000E+01   7.7614248E-04   1.0990152E-03
   1.5505410E+03   1.0600000E+02   7.3000000E+01   7.7607052E-04   1.1274977E-03
   1.5505485E+03   1.3000000E+02   1.1000000E+02   4.6371491E-04   5.4773052E-04
   1.5505561E+03   1.2700000E+02   8.9000000E+01   2.1277031E-04   6.5192419E-04
   1.5505636E+03   1.5100000E+02   1.1900000E+02   7.8802707E-04   1.0006814E-03
   1.5505711E+03   1.4600000E+02   1.1300000E+02   4.4976761E-04   5.7530495E-04
   1.5505786E+03   1.4900000E+02   1.2000000E+02   4.9315946E-04   4.8308178E-04
   1.5505862E+03   1.5000000E+02   1.1800000E+02   5.5561138E-04   9.8544514E-06
   1.5505937E+03   1.4100000E+02   1.0600000E+02   6.5731251E-04   8.7238721E-04
   1.5506012E+03   1.3400000E+02   1.0400000E+02   3.4012927E-04   4.1866877E-04
   1.5506087E+03   1.8700000E+02   1.3400000E+02   1.0415471E-03   1.9886956E-05
   1.5506163E+03   1.9300000E+02   1.5300000E+02   6.9494196E-04   5.6707679E-04
   1.5506238E+03   1.9300000E+02   1.5100000E+02   6.3027084E-04   4.9442183E-04
   1.5506313E+03   2.0600000E+02   1.5700000E+02   1.4200280E-04   2.0306010E-04
   1.5506389E+03   2.0100000E+02   1.5600000E+02   3.1146672E-04   4.0323340E-04
   1.5506464E+03   2.4300000E+02   1.8100000E+02   2.0187148E-04   3.1526650E-04
   1.5506539E+03   2.3900000E+02   1.8400000E+02   8.4961533E-04   1.0629426E-03
   1.5506614E+03   2.6200000E+02   2.0800000E+02   7.1911378E-04   8.6133586E-04
   1.5506690E+03   2.2800000E+02   1.6500000E+02   4.8897011E-04   8.9082466E-04
   1.5506765E+03   2.8800000E+02   2.1000000E+02   4.6848147E-04   4.4145287E-04
   1.5506840E+03   2.6000000E+02   1.8700000E+02   1.0044027E-03   4.1737234E-04
   1.5506916E+03   3.0300000E+02   2.1000000E+02   7.1646843E-04   2.8211813E-04
   1.5506991E+03   3.2500000E+02   2.1500000E+02   1.9941740E-04   4.9817271E-04
   1.5507066E+03   3.2800000E+02   2.3300000E+02   7.6400709E-04   3.6987463E-04
   1.5507141E+03   3.9800000E+02   2.8400000E+02   8.8150369E-04   8.0550483E-04
   1.5507217E+03   3.6700000E+02   2.5700000E+02   3.5421720E-04   1.5721585E-04
   1.5507292E+03   3.7000000E+02   2.4100000E+02   5.4608409E-04   6.3491871E-04
   1.5507367E+03   4.4500000E+02   2.9100000E+02   4.6804219E-04   9.7657380E-04
   1.5507443E+03   4.8700000E+02   3.2500000E+02   6.4749638E-04   1.1164193E-03
   1.5507518E+03   4.5100000E+02   2.9700000E+02   2.6222665E-04   1.1149135E-03
   1.5507593E+03   5.5800000E+02   3.4900000E+02   4.6881136E-04   5.9937088E-04
   1.5507668E+03   5.6400000E+02   3.4700000E+02   5.0878888E-04   1.0760805E-03
   1.5507744E+03   6.3500000E+02   3.4700000E+02   2.5074319E-04   6.6261858E-04
   1.5507819E+03   6.7000000E+02   3.1400000E+02   2.8669465E-04   7.8740586E-04
   1.5507894E+03   8.3700000E+02   3.6900000E+02   6.4099318E-04   4.0808805E-04
   1.5507970E+03   1.1500000E+03   4.0000000E+02   5.3390826E-04   5.9542600E-04
   1.5508045E+03   1.4090000E+03   4.3100000E+02   1.5196668E-04   8.4577657E-04
   1.5508120E+03   1.7570000E+03   3.9000000E+02   4.4301575E-04   1.3028613E-03
   1.5508195E+03   2.1080000E+03   4.6600000E+02   1.0543932E-04   1.4260609E-04
   1.5508271E+03   2.3030000E+03   4.0700000E+02   1.1240167E-04   4.2067777E-04
   1.5508346E+03   2.6000000E+03   4.0300000E+02   1.6147968E-04   1.0253992E-03
   1.5508421E+03   2.6820000E+03   4.3900000E+02   6.2619915E-05   3.8403857E-04
   1.5508497E+03   2.9140000E+03   4.6800000E+02   1.4038435E-04   9.6874450E-04
   1.5508572E+03   2.8790000E+03   4.3800000E+02   8.0570048E-05   3.9426038E-04
   1.5508647E+03   3.0350000E+03   4.7000000E+02   1.0890099E-04   7.1074108E-04
   1.5508722E+03   3.0500000E+03   4.8900000E+02   2.0311611E-04   9.7207110E-04
   1.5508798E+03   2.8230000E+03   4.6000000E+02   1.7397891E-04   8.8887494E-04
   1.5508873E+03   2.8250000E+03   4.8200000E+02   2.6897371E-04   1.2714331E-03
   1.5508948E+03   2.7540000E+03   4.5900000E+02   2.4772913E-04   1.2295518E-03
   1.5509024E+03   2.6510000E+03   4.7900000E+02   3.3993143E-04   1.6018331E-03
   1.5509099E+03   2.5010000E+03   4.8400000E+02   1.6495728E-04   9.1220976E-04
   1.5509174E+03   2.4770000E+03   4.8900000E+02   1.9461490E-04   1.1885086E-03
   1.5509249E+03   2.2590000E+03   4.6800000E+02   3.1408337E-04   1.1694062E-03
   1.5509325E+03   2.1370000E+03   4.3400000E+02   1.4455854E-04   5.8893459E-04
   1.5509400E+03   2.0870000E+03   4.7900000E+02   6.4125677E-05   1.7981994E-04
   1.5509475E+03   2.0080000E+03   5.1500000E+02   3.0914541E-04   1.0878524E-03
   1.5509551E+03   1.9350000E+03   4.4900000E+02   1.8649817E-04   6.5419017E-04
   1.5509626E+03   1.8060000E+03   4.7300000E+02   4.4763090E-04   1.3418058E-03
   1.5509701E+03   1.7660000E+03   4.6800000E+02   6.1035829E-04   2.6736636E-03
   1.5509776E+03   1.6430000E+03   4.5400000E+02   3.7234300E-04   1.1103935E-03
   1.5509852E+03   1.7100000E+03   4.7900000E+02   3.1084798E-04   1.4560033E-03
   1.5509927E+03   1.6170000E+03   4.3600000E+02   4.8274806E-04   1.6220219E-03
   1.5510002E+03   1.5280000E+03   4.4100000E+02   2.8011111E-04   1.0634750E-03
   1.5510078E+03   1.4860000E+03   4.2100000E+02   2.7373449E-04   7.0563507E-04
   1.5510153E+03   1.4460000E+03   4.2000000E+02   8.9944741E-04   2.3406197E-03
   1.5510228E+03   1.4340000E+03   4.0700000E+02   1.1244124E-04   1.1627843E-03
   1.5510303E+03   1.3680000E+03   3.8100000E+02   4.7002628E-04   1.4518734E-03
   1.5510379E+03   1.3940000E+03   3.8800000E+02   5.0041337E-04   1.6908916E-03
   1.5510454E+03   1.3540000E+03   3.6400000E+02   5.5537827E-04   2.7131179E-03
   1.5510529E+03   1.2550000E+03   3.4200000E+02   2.2836599E-04   4.8582824E-04
   1.5510604E+03   1.3080000E+03   3.4700000E+02   5.9125046E-04   2.3122482E-03
   1.5510680E+03   1.2340000E+03   3.5100000E+02   4.2320666E-04   1.3840916E-03
   1.5510755E+03   1.1800000E+03   3.3400000E+02   1.4773496E-03   5.0391684E-03
   1.5510830E+03   1.2400000E+03   3.2500000E+02   3.6440847E-04   7.2983676E-04
   1.5510906E+03   1.2290000E+03   3.0800000E+02   9.5479741E-04   3.3446508E-03
   1.5510981E+03   1.1600000E+03   2.8500000E+02   3.6339273E-04   1.6986409E-03
   1.5511056E+03   1.1640000E+03   2.6900000E+02   2.4670080E-04   1.0242995E-03
   1.5511131E+03   1.1110000E+03   2.6800000E+02   7.9216344E-04   2.8855787E-03
   1.5511207E+03   1.0950000E+03   2.6200000E+02   1.0399469E-03   3.7212521E-03
   1.5511282E+03   1.1100000E+03   2.3900000E+02   8.8603511E-04   4.1744103E-03
   1.5511357E+03   1.0740000E+03   2.4100000E+02   1.6482183E-04   8.3634523E-04
   1.5511433E+03   1.0960000E+03   2.5400000E+02   1.0873345E-03   4.4750090E-03
   1.5511508E+03   1.0800000E+03   1.9600000E+02   3.3939024E-04   1.5129738E-03
   1.5511583E+03   1.0880000E+03   2.1900000E+02   3.1010147E-04   2.5786559E-03
   1.5511658E+03   1.0490000E+03   2.2800000E+02   7.0133487E-04   3.6866929E-03
   1.5511734E+03   1.0310000E+03   1.8800000E+02   4.6650426E-04   1.9289794E-03
   1.5511809E+03   9.9500000E+02   2.0600000E+02   1.3588522E-03   6.1072442E-03
   1.5511884E+03   9.8100000E+02   1.7400000E+02   2.2609283E-04   1.4295833E-03
   1.5511960E+03   9.5800000E+02   1.6600000E+02   6.9558274E-04   2.1425374E-03
   1.5512035E+03   9.9700000E+02   1.5900000E+02   2.7911155E-04   2.6205429E-03
   1.5512110E+03   9.4800000E+02   1.7000000E+02   5.2842270E-04   3.7110549E-03
   1.5512185E+03   9.4700000E+02   1.6700000E+02   1.1249445E-03   5.8843651E-03
   1.5512261E+03   9.9800000E+02   1.5700000E+02   1.7590433E-03   1.0312055E-02
   1.5512336E+03   9.1700000E+02   1.4100000E+02   1.9518652E-04   1.6198328E-03
   1.5512411E+03   9.0300000E+02   1.2100000E+02   1.5901675E-03   1.2362272E-02
   1.5512487E+03   9.4000000E+02   1.2300000E+02   7.3353494E-04   7.1694105E-03
   1.5512562E+03   9.2400000E+02   1.2100000E+02   9.5475930E-04   6.9468961E-03
   1.5512637E+03   8.5600000E+02   1.0000000E+02   6.2882384E-04   5.6635037E-03
   1.5512712E+03   8.8900000E+02   8.1000000E+01   1.0090229E-03   1.1809799E-02
   1.5512788E+03   8.5800000E+02   8.1000000E+01   1.1947171E-03   1.2359481E-02
   1.5512863E+03   8.7000000E+02   7.4000000E+01   1.2967889E-03   1.4340505E-02
   1.5512938E+03   8.3800000E+02   8.5000000E+01   4.1909301E-04   3.5762272E-03
   1.5513014E+03   8.4300000E+02   6.0000000E+01   2.0583224E-04   6.0846041E-03
   1.5513089E+03   8.6300000E+02   8.3000000E+01   1.2335980E-03   1.4204584E-02
   1.5513164E+03   8.1100000E+02   5.5000000E+01   7.3253750E-04   9.7807236E-03
   1.5513239E+03   8.1900000E+02   5.7000000E+01   1.7756006E-03   2.8028497E-02
   1.5513315E+03   8.2400000E+02   5.5000000E+01   1.6266059E-03   2.7103016E-02
   1.5513390E+03   8.1100000E+02   4.3000000E+01   1.0301678E-03   2.2980248E-02
   1.5513465E+03   8.3000000E+02   3.9000000E+01   1.1628747E-03   2.7942167E-02
   1.5513541E+03   8.3700000E+02   3.7000000E+01   8.1560698E-04   2.1130052E-02
   1.5513616E+03   7.7500000E+02   2.9000000E+01   1.6727508E-03   3.8456854E-02
   1.5513691E+03   8.0800000E+02   3.2000000E+01   3.0375418E-04   4.7383591E-03
   1.5513766E+03   7.6000000E+02   1.5000000E+01   8.3625130E-04   5.1903219E-02
   1.5513842E+03   7.9500000E+02   2.0000000E+01   9.7504276E-04   2.9874459E-02
   1.5513917E+03   7.5700000E+02   1.8000000E+01   7.7276387E-04   2.7417656E-02
   1.5513992E+03   7.9600000E+02   2.3000000E+01   1.8915340E-03   6.2746899E-02
   1.5514068E+03   8.0000000E+02   2.6000000E+01   1.8746603E-03   5.4208613E-02
   1.5514143E+03   7.4600000E+02   1.7000000E+01   1.7209425E-04   7.7250415E-03
   1.5514218E+03   7.8400000E+02   1.8000000E+01   1.4192930E-03   6.1818096E-02
   1.5514293E+03   7.4000000E+02   1.5000000E+01   2.8070192E-04   6.4832971E-03
   1.5514369E+03   7.5600000E+02   1.5000000E+01   1.0544730E-03   4.4668112E-02
   1.5514444E+03   7.5700000E+02   1.9000000E+01   1.2368137E-03   4.0336902E-02
   1.5514519E+03   7.4900000E+02   1.3000000E+01   7.6359265E-04   4.1847857E-02
   1.5514595E+03   7.5200000E+02   1.0000000E+01   4.2795516E-04   4.4645199E-02
   1.5514670E+03   6.9900000E+02   2.1000000E+01   1.5517962E-03   4.8466101E-02
   1.5514745E+03   7.6100000E+02   1.9000000E+01   1.2602514E-03   4.4755654E-02
   1.5514820E+03   7.3200000E+02   1.0000000E+01   1.5474790E-03   8.1912260E-02
   1.5514896E+03   7.7300000E+02   1.2000000E+01   1.5590336E-03   1.0042775E-01
   1.5514971E+03   7.3200000E+02   1.2000000E+01   7.3903183E-05   7.4830328E-03
   1.5515046E+03   7.8600000E+02   1.3000000E+01   1.9308394E-03   1.1809390E-01
   1.5515122E+03   7.6000000E+02   1.5000000E+01   1.0397541E-03   4.7491322E-02
   1.5515197E+03   7.9900000E+02   5.0000000E+00   9.0072355E-04   1.4393562E-01
   1.5515272E+03   7.8400000E+02   9.0000000E+00   5.2801926E-04   3.7076529E-02
   1.5515347E+03   8.1700000E+02   8.0000000E+00   1.2026024E-03   1.0587423E-01
   1.5515423E+03   8.3300000E+02   1.0000000E+01   7.9255941E-04   6.2830834E-02
   1.5515498E+03   7.5500000E+02   8.0000000E+00   1.2087446E-03   1.0061248E-01
   1.5515573E+03   7.7000000E+02   9.0000000E+00   5.2652758E-04   4.5047359E-02
   1.5515648E+03   7.8300000E+02   1.1000000E+01   1.2443588E-03   9.3383666E-02
   1.5515724E+03   7.6600000E+02   1.0000000E+01   1.9060002E-04   3.8001835E-02
   1.5515799E+03   7.7700000E+02   1.1000000E+01   9.4362534E-04   6.9158051E-02
   1.5515874E+03   7.8100000E+02   9.0000000E+00   7.7221696E-04   7.5871284E-02
   1.5515950E+03   7.2300000E+02   5.0000000E+00   1.7544606E-03   2.5532513E-01
   1.5516025E+03   7.0900000E+02   7.0000000E+00   2.8050172E-04   2.8410817E-02
   1.5516100E+03   7.4400000E+02   1.3000000E+01   4.0307144E-04   2.2473938E-02
   1.5516175E+03   7.1300000E+02   4.0000000E+00   2.5573666E-04   6.0097165E-02
   1.5516251E+03   7.5500000E+02   1.0000000E+01   1.2062470E-03   6.3914856E-02
   1.5516326E+03   7.6200000E+02   9.0000000E+00   1.5161145E-03   1.2940038E-01
   1.5516401E+03   7.2500000E+02   8.0000000E+00   1.1954551E-03   1.0833812E-01
   1.5516477E+03   7.4200000E+02   8.0000000E+00   5.5045120E-04   5.1054349E-02
   1.5516552E+03   7.4400000E+02   6.0000000E+00   8.9093130E-04   1.1063269E-01
   1.5516627E+03   7.2300000E+02   4.0000000E+00   2.9920644E-04   1.0114241E-01
   1.5516702E+03   7.7500000E+02   9.0000000E+00   1.6744417E-03   1.3623296E-01
   1.5516778E+03   7.1600000E+02   9.0000000E+00   7.3492250E-04   5.2829981E-02
   1.5516853E+03   7.3100000E+02   1.0000000E+00   2.7871294E-09   1.9939198E-06
   1.5516928E+03   7.6300000E+02   8.0000000E+00   3.3117978E-04   4.9403981E-02
   1.5517004E+03   7.2900000E+02   9.0000000E+00   7.6100486E-04   6.1641394E-02
   1.5517079E+03   7.5800000E+02   5.0000000E+00   2.7670720E-04   2.2123491E-02
   1.5517154E+03   7.3800000E+02   6.0000000E+00   7.1504889E-04   7.7142283E-02
   1.5517229E+03   7.8100000E+02   6.0000000E+00   1.1991806E-03   1.5609334E-01
   1.5517305E+03   7.4900000E+02   4.0000000E+00   6.2104505E-04   1.1805191E-01
   1.5517380E+03   7.6600000E+02   4.0000000E+00   1.3261742E-03   2.5658218E-01
   1.5517455E+03   7.6200000E+02   6.0000000E+00   6.1729590E-04   7.8396580E-02
   1.5517531E+03   7.9800000E+02   6.0000000E+00   9.3717652E-04   1.2464448E-01
   1.5517606E+03   7.0900000E+02   4.0000000E+00   7.6696843E-04   1.3569571E-01
   1.5517681E+03   7.0100000E+02   1.0000000E+00   6.1193588E-04   4.2896705E-01
   1.5517756E+03   7.4000000E+02   6.0000000E+00   1.6824868E-03   2.0609397E-01
   1.5517832E+03   7.5100000E+02   7.0000000E+00   1.4474879E-03   1.5489884E-01
   1.5517907E+03   7.8700000E+02   0.0000000E+00   7.0139230E-05   0.0000000E+00
   1.5517982E+03   7.2900000E+02   1.0000000E+00   6.5587477E-04   3.6574614E-01
   1.5518058E+03   7.5300000E+02   5.0000000E+00   1.1556126E-03   1.7403525E-01
   1.5518133E+03   7.6800000E+02   2.0000000E+00   3.7411628E-04   1.8127842E-01
   1.5518208E+03   7.3700000E+02   4.0000000E+00   5.8268720E-04   1.0736012E-01
   1.5518283E+03   7.6200000E+02   3.0000000E+00   5.8272604E-04   1.4801241E-01
   1.5518359E+03   7.8700000E+02   1.0000000E+00   1.2122214E-04   9.5401828E-02
   1.5518434E+03   7.7700000E+02   4.0000000E+00   5.2044915E-04   1.1120651E-01
   1.5518509E+03   7.7300000E+02   3.0000000E+00   1.1000729E-03   2.8345211E-01
   1.5518585E+03   7.3000000E+02   6.0000000E+00   6.1186992E-04   7.4444174E-02
   1.5518660E+03   7.3600000E+02   0.0000000E+00   0.0000000E+00   0.0000000E+00
   1.5518735E+03   7.6600000E+02   2.0000000E+00   9.6675962E-04   3.5546042E-01
   1.5518810E+03   7.7500000E+02   4.0000000E+00   5.1448995E-04   8.5535757E-02
   1.5518886E+03   7.8400000E+02   1.0000000E+00   6.8120353E-04   5.1353791E-01
   1.5518961E+03   7.4900000E+02   2.0000000E+00   2.4853058E-04   9.3074702E-02
   1.5519036E+03   7.5100000E+02   1.0000000E+00   1.9800533E-05   3.1849077E-04
   1.5519112E+03   7.6500000E+02   8.0000000E+00   1.0342738E-03   9.8902437E-02
   1.5519187E+03   7.5400000E+02   2.0000000E+00   9.9798088E-04   3.7623879E-01
   1.5519262E+03   7.8500000E+02   2.0000000E+00   4.9275699E-04   1.9340712E-01
   1.5519337E+03   7.6600000E+02   3.0000000E+00   8.2572295E-04   2.1363765E-01
   1.5519413E+03   7.2400000E+02   2.0000000E+00   6.2115638E-05   1.9820137E-06
   1.5519488E+03   7.5100000E+02   2.0000000E+00   1.0614997E-03   3.2838473E-01
   1.5519563E+03   7.7700000E+02   2.0000000E+00   7.6083554E-04   2.9558461E-01
   1.5519638E+03   7.6000000E+02   2.0000000E+00   4.6871954E-04   1.7811342E-01
   1.5519714E+03   7.3900000E+02   5.0000000E+00   1.2284837E-03   1.8156989E-01
   1.5519789E+03   7.9300000E+02   2.0000000E+00   7.2738348E-04   3.3132694E-01
   1.5519864E+03   7.7000000E+02   3.0000000E+00   1.6361307E-04   4.1994021E-02
   1.5519940E+03   7.7100000E+02   1.0000000E+00   5.4091853E-04   4.1704819E-01
   1.5520015E+03   7.6700000E+02   4.0000000E+00   7.6884124E-04   1.4742531E-01
   1.5520090E+03   7.6800000E+02   3.0000000E+00   5.8648910E-04   1.5014121E-01
   1.5520165E+03   7.3800000E+02   1.0000000E+00   2.8415177E-04   2.0970401E-01
   1.5520241E+03   7.1800000E+02   2.0000000E+00   2.1884355E-04   7.8564836E-02
   1.5520316E+03   7.1400000E+02   2.0000000E+00   6.5994325E-04   2.1285518E-01
   1.5520391E+03   7.2600000E+02   2.0000000E+00   3.4556621E-04   1.2544053E-01
   1.5520467E+03   7.7700000E+02   4.0000000E+00   3.8715246E-04   7.5204366E-02
   1.5520542E+03   7.4400000E+02   1.0000000E+00   7.4158862E-04   5.5174193E-01
   1.5520617E+03   7.4100000E+02   3.0000000E+00   4.2814779E-04   1.0575250E-01
   1.5520692E+03   7.3300000E+02   3.0000000E+00   9.0394952E-04   2.2086500E-01
   1.5520768E+03   7.3800000E+02   4.0000000E+00   5.2969691E-04   9.7729080E-02
   1.5520843E+03   7.3100000E+02   1.0000000E+00   5.7293726E-04   4.1881714E-01
   1.5520918E+03   7.3500000E+02   2.0000000E+00   9.8835810E-04   1.9837959E-01
   1.5520994E+03   7.3300000E+02   1.0000000E+00   9.2572062E-09   6.7855321E-06
   1.5521069E+03   7.6500000E+02   3.0000000E+00   1.2243539E-03   3.3160926E-01
   1.5521144E+03   7.2900000E+02   1.0000000E+00   4.4870036E-04   3.2710256E-01
   1.5521219E+03   7.3100000E+02   1.0000000E+00   1.0381873E-03   3.1202651E-01
   1.5521295E+03   7.7500000E+02   2.0000000E+00   8.9719925E-04   3.4766471E-01
   1.5521370E+03   7.7300000E+02   3.0000000E+00   1.0822127E-03   2.7885013E-01
   1.5521445E+03   7.5100000E+02   2.0000000E+00   1.0421629E-03   2.5278551E-01
   1.5521521E+03   7.1400000E+02   1.0000000E+00   7.6995123E-04   5.4974518E-01
   1.5521596E+03   7.3800000E+02   2.0000000E+00   6.5675360E-04   2.4234208E-01
   1.5521671E+03   7.2300000E+02   0.0000000E+00   1.3890819E-04   0.0000000E+00
   1.5521746E+03   7.7500000E+02   1.0000000E+00   1.6907131E-04   1.3103027E-01
   1.5521822E+03   7.5500000E+02   0.0000000E+00   0.0000000E+00   0.0000000E+00
   1.5521897E+03   7.5200000E+02   1.0000000E+00   7.1078114E-04   5.4706343E-01
   1.5521972E+03   7.4100000E+02   3.0000000E+00   1.0985305E-03   3.1509474E-01
   1.5522048E+03   7.6800000E+02   3.0000000E+00   9.0068863E-04   2.3057629E-01
   1.5522123E+03   7.3500000E+02   2.0000000E+00   9.6973009E-04   3.6772238E-01
   1.5522198E+03   7.5600000E+02   2.0000000E+00   3.4961716E-04   9.4022358E-02
   1.5522273E+03   7.8800000E+02   2.0000000E+00   2.6354924E-04   1.2021664E-01
   1.5522349E+03   7.1100000E+02   0.0000000E+00   0.0000000E+00   0.0000000E+00
   1.5522424E+03   7.6900000E+02   1.0000000E+00   4.3357379E-04   3.3341825E-01
   1.5522499E+03   7.6700000E+02   3.0000000E+00   1.6194795E-03   4.1559668E-01
   1.5522575E+03   7.6400000E+02   2.0000000E+00   4.2981647E-04   1.6418989E-01
   1.5522650E+03   7.2700000E+02   0.0000000E+00   3.9779181E-05   0.0000000E+00
   1.5522725E+03   7.6700000E+02   1.0000000E+00   3.2548272E-04   2.7071910E-01
   1.5522800E+03   7.6400000E+02   1.0000000E+00   8.3807730E-04   6.1395284E-01
   1.5522876E+03   7.4100000E+02   3.0000000E+00   8.5219189E-04   2.1049140E-01
   1.5522951E+03   7.4600000E+02   2.0000000E+00   8.8774650E-04   3.3112944E-01
   1.5523026E+03   7.7800000E+02   0.0000000E+00   0.0000000E+00   0.0000000E+00
   1.5523102E+03   7.6700000E+02   2.0000000E+00   6.3465085E-04   1.8570153E-01
   1.5523177E+03   7.7800000E+02   5.0000000E+00   3.5813820E-04   5.5726304E-02
   1.5523252E+03   7.2800000E+02   2.0000000E+00   5.9300893E-04   2.2304781E-01
   1.5523327E+03   7.5700000E+02   0.0000000E+00   0.0000000E+00   0.0000000E+00
   1.5523403E+03   7.4500000E+02   1.0000000E+00   2.9363722E-04   2.1875973E-01
   1.5523478E+03   7.7700000E+02   3.0000000E+00   1.5907839E-03   4.4410236E-01
   1.5523553E+03   7.2300000E+02   1.0000000E+00   8.5303551E-04   6.1674467E-01
   1.5523629E+03   7.8300000E+02   1.0000000E+00   5.6613497E-04   4.4328368E-01
   1.5523704E+03   7.2500000E+02   1.0000000E+00   8.8636518E-04   6.4261475E-01
   1.5523779E+03   6.7200000E+02   0.0000000E+00   1.0822568E-04   0.0000000E+00
   1.5523854E+03   7.2300000E+02   1.0000000E+00   8.8319472E-04   6.3854978E-01
   1.5523930E+03   7.0400000E+02   2.0000000E+00   1.1989827E-03   4.2204192E-01
   1.5524005E+03   7.5900000E+02   3.0000000E+00   1.2479365E-03   3.1572794E-01
   1.5524080E+03   8.0400000E+02   4.0000000E+00   8.0851351E-04   1.6251122E-01
   1.5524155E+03   7.3900000E+02   0.0000000E+00   0.0000000E+00   0.0000000E+00
   1.5524231E+03   7.4300000E+02   0.0000000E+00   1.9893271E-05   0.0000000E+00
   1.5524306E+03   7.3500000E+02   3.0000000E+00   2.9112236E-04   1.1064500E-01
   1.5524381E+03   7.6800000E+02   0.0000000E+00   0.0000000E+00   0.0000000E+00
   1.5524457E+03   7.2000000E+02   1.0000000E+00   5.8446407E-04   4.2081413E-01
   1.5524532E+03   7.8800000E+02   5.0000000E+00   5.3761157E-04   8.4727583E-02
   1.5524607E+03   7.4700000E+02   0.0000000E+00   9.1725710E-05   0.0000000E+00
   1.5524682E+03   7.6700000E+02   3.0000000E+00   6.5377891E-04   1.6714947E-01
   1.5524758E+03   7.5500000E+02   1.0000000E+00   2.1625721E-04   1.6327419E-01
   1.5524833E+03   7.5000000E+02   0.0000000E+00   0.0000000E+00   0.0000000E+00
   1.5524908E+03   7.3400000E+02   1.0000000E+00   9.7951390E-05   7.1896320E-02
   1.5524984E+03   7.8500000E+02   0.0000000E+00   1.4507834E-04   0.0000000E+00
   1.5525059E+03   7.7000000E+02   2.0000000E+00   6.1310924E-04   2.3604706E-01
   1.5525134E+03   7.4700000E+02   1.0000000E+00   7.7027610E-04   5.3065559E-01
   1.5525209E+03   7.6600000E+02   0.0000000E+00   7.2749901E-05   0.0000000E+00
   1.5525285E+03   7.5000000E+02   1.0000000E+00   2.5076435E-04   1.8807326E-01
   1.5525360E+03   7.6500000E+02   0.0000000E+00   0.0000000E+00   0.0000000E+00
   1.5525435E+03   7.4600000E+02   0.0000000E+00   0.0000000E+00   0.0000000E+00
   1.5525511E+03   7.3700000E+02   2.0000000E+00   6.1838509E-04   2.2952850E-01
   1.5525586E+03   7.7400000E+02   3.0000000E+00   9.1236575E-04   2.1027649E-01
   1.5525661E+03   7.6100000E+02   2.0000000E+00   5.1474126E-04   1.9585905E-01
   1.5525736E+03   7.3000000E+02   1.0000000E+00   8.5935406E-04   6.0532372E-01
   1.5525812E+03   7.6800000E+02   1.0000000E+00   8.3708598E-04   6.4288203E-01
   1.5525887E+03   7.8100000E+02   1.0000000E+00   3.2351931E-04   2.1860400E-01
   1.5525962E+03   7.4300000E+02   0.0000000E+00   0.0000000E+00   0.0000000E+00
   1.5526038E+03   7.4700000E+02   0.0000000E+00   0.0000000E+00   0.0000000E+00
   1.5526113E+03   7.3700000E+02   1.0000000E+00   9.2800623E-04   6.8394059E-01
   1.5526188E+03   7.4200000E+02   1.0000000E+00   1.0044027E-03   6.9138038E-01
   1.5526263E+03   7.5700000E+02   2.0000000E+00   1.1803007E-03   4.4674381E-01
   1.5526339E+03   7.5000000E+02   1.0000000E+00   6.3020022E-04   4.7265016E-01
   1.5526414E+03   7.2100000E+02   1.0000000E+00   1.7049743E-04   1.2292864E-01
   1.5526489E+03   7.6900000E+02   1.0000000E+00   1.2316858E-04   9.4716636E-02
   1.5526565E+03   7.4100000E+02   1.0000000E+00   5.5286269E-04   4.0967125E-01
   1.5526640E+03   7.4700000E+02   2.0000000E+00   6.5822241E-04   2.4584607E-01
   1.5526715E+03   7.4100000E+02   1.0000000E+00   4.7782385E-04   3.5406747E-01
   1.5526790E+03   7.5700000E+02   0.0000000E+00   0.0000000E+00   0.0000000E+00
   1.5526866E+03   7.8600000E+02   0.0000000E+00   0.0000000E+00   0.0000000E+00
   1.5526941E+03   7.6000000E+02   1.0000000E+00   8.4346366E-04   6.4103238E-01
   1.5527016E+03   7.3500000E+02   1.0000000E+00   9.2275991E-04   6.7822853E-01
   1.5527092E+03   7.5200000E+02   2.0000000E+00   8.9964692E-04   3.4259007E-01
   1.5527167E+03   7.7500000E+02   1.0000000E+00   1.1995532E-04   9.2965371E-02
   1.5527242E+03   7.4100000E+02   1.0000000E+00   1.6723221E-04   1.2391907E-01
   1.5527317E+03   7.1800000E+02   2.0000000E+00   4.6468241E-04   1.6682099E-01
   1.5527393E+03   6.8500000E+02   0.0000000E+00   7.1506969E-05   0.0000000E+00
   1.5527468E+03   7.0200000E+02   0.0000000E+00   9.7207500E-04   0.0000000E+00
   1.5527543E+03   7.3000000E+02   1.0000000E+00   2.7431722E-04   2.0025157E-01
   1.5527619E+03   7.1300000E+02   2.0000000E+00   1.0660203E-03   3.8003623E-01
   1.5527694E+03   7.3900000E+02   1.0000000E+00   9.3014614E-04   6.8737800E-01
   1.5527769E+03   7.5400000E+02   2.0000000E+00   1.0001153E-03   3.7865390E-01
   1.5527844E+03   7.9100000E+02   0.0000000E+00   0.0000000E+00   0.0000000E+00
   1.5527920E+03   7.2700000E+02   0.0000000E+00   0.0000000E+00   0.0000000E+00
   1.5527995E+03   7.8000000E+02   1.0000000E+00   4.9327069E-04   3.8475114E-01
   1.5528070E+03   7.4100000E+02   0.0000000E+00   0.0000000E+00   0.0000000E+00
   1.5528146E+03   7.2600000E+02   0.0000000E+00   0.0000000E+00   0.0000000E+00
   1.5528221E+03   7.6700000E+02   2.0000000E+00   1.1039117E-03   4.2335016E-01
   1.5528296E+03   7.1400000E+02   0.0000000E+00   0.0000000E+00   0.0000000E+00
   1.5528371E+03   7.2000000E+02   0.0000000E+00   0.0000000E+00   0.0000000E+00
   1.5528447E+03   7.8500000E+02   0.0000000E+00   8.2200430E-05   0.0000000E+00
   1.5528522E+03   7.6700000E+02   1.0000000E+00   8.7963104E-04   6.7467700E-01
   1.5528597E+03   7.5500000E+02   1.0000000E+00   5.8291801E-04   4.1989961E-01
   1.5528673E+03   7.4400000E+02   0.0000000E+00   0.0000000E+00   0.0000000E+00
   1.5528748E+03   7.5200000E+02   2.0000000E+00   1.1006568E-03   4.1290912E-01
   1.5528823E+03   8.0800000E+02   1.0000000E+00   6.4260303E-04   5.1922325E-01
   1.5528898E+03   7.5800000E+02   1.0000000E+00   3.5563036E-04   1.4721699E-01
   1.5528974E+03   7.4100000E+02   0.0000000E+00   0.0000000E+00   0.0000000E+00
   1.5529049E+03   7.7800000E+02   1.0000000E+00   9.2805434E-05   7.2202628E-02
   1.5529124E+03   7.5200000E+02   1.0000000E+00   8.5022942E-04   6.3937252E-01
   1.5529199E+03   7.3400000E+02   0.0000000E+00   0.0000000E+00   0.0000000E+00
   1.5529275E+03   7.5900000E+02   0.0000000E+00   0.0000000E+00   0.0000000E+00
   1.5529350E+03   7.3500000E+02   0.0000000E+00   0.0000000E+00   0.0000000E+00
   1.5529425E+03   7.5800000E+02   0.0000000E+00   1.1962503E-04   0.0000000E+00
   1.5529501E+03   7.2700000E+02   0.0000000E+00   0.0000000E+00   0.0000000E+00
   1.5529576E+03   7.3100000E+02   1.0000000E+00   8.2883575E-04   6.0587894E-01
   1.5529651E+03   7.5200000E+02   1.0000000E+00   6.9785243E-04   5.2478503E-01
   1.5529726E+03   8.1000000E+02   0.0000000E+00   0.0000000E+00   0.0000000E+00
   1.5529802E+03   7.6000000E+02   0.0000000E+00   0.0000000E+00   0.0000000E+00
   1.5529877E+03   7.4400000E+02   2.0000000E+00   1.3075548E-03   4.8641040E-01
   1.5529952E+03   7.5100000E+02   1.0000000E+00   8.3113169E-04   6.2417990E-01
   1.5530028E+03   7.7000000E+02   1.0000000E+00   3.9810010E-04   3.0653708E-01
   1.5530103E+03   7.6900000E+02   0.0000000E+00   0.0000000E+00   0.0000000E+00
   1.5530178E+03   7.4300000E+02   0.0000000E+00   8.3165659E-05   0.0000000E+00
   1.5530253E+03   7.2500000E+02   0.0000000E+00   1.1285477E-04   0.0000000E+00
   1.5530329E+03   7.5900000E+02   1.0000000E+00   3.4165101E-04   2.0244178E-01
   1.5530404E+03   7.4500000E+02   0.0000000E+00   0.0000000E+00   0.0000000E+00
   1.5530479E+03   7.6800000E+02   0.0000000E+00   0.0000000E+00   0.0000000E+00
   1.5530555E+03   7.4900000E+02   2.0000000E+00   2.5125755E-04   9.4095952E-02
   1.5530630E+03   7.6300000E+02   3.0000000E+00   8.6009737E-04   2.1875143E-01
   1.5530705E+03   7.1700000E+02   0.0000000E+00   1.1987970E-05   0.0000000E+00
   1.5530780E+03   7.7600000E+02   0.0000000E+00   0.0000000E+00   0.0000000E+00
   1.5530856E+03   7.8100000E+02   0.0000000E+00   0.0000000E+00   0.0000000E+00
   1.5530931E+03   7.4300000E+02   1.0000000E+00   1.4437110E-04   1.0726773E-01
   1.5531006E+03   7.3200000E+02   2.0000000E+00   1.4966646E-03   5.4777923E-01
   1.5531082E+03   7.4900000E+02   0.0000000E+00   7.0089134E-05   0.0000000E+00
   1.5531157E+03   7.4800000E+02   1.0000000E+00   6.4973803E-04   4.9142165E-01
   1.5531232E+03   7.3900000E+02   0.0000000E+00   0.0000000E+00   0.0000000E+00
   1.5531307E+03   7.7800000E+02   0.0000000E+00   2.9703120E-04   0.0000000E+00
   1.5531383E+03   7.9400000E+02   1.0000000E+00   2.7908765E-04   2.2159560E-01
   1.5531458E+03   7.4300000E+02   0.0000000E+00   0.0000000E+00   0.0000000E+00
   1.5531533E+03   7.8600000E+02   1.0000000E+00   1.9055194E-04   1.4977382E-01
   1.5531609E+03   7.1600000E+02   1.0000000E+00   4.8215543E-04   3.5194869E-01
   1.5531684E+03   7.3400000E+02   0.0000000E+00   0.0000000E+00   0.0000000E+00
   1.5531759E+03   7.2700000E+02   0.0000000E+00   0.0000000E+00   0.0000000E+00
   1.5531834E+03   7.4200000E+02   1.0000000E+00   2.8051900E-04   2.0814510E-01
   1.5531910E+03   7.5900000E+02   0.0000000E+00   0.0000000E+00   0.0000000E+00
   1.5531985E+03   7.6600000E+02   0.0000000E+00   2.8992172E-05   0.0000000E+00
   1.5532060E+03   7.5200000E+02   2.0000000E+00   1.4546107E-03   5.4693364E-01
   1.5532136E+03   7.3200000E+02   1.0000000E+00   7.2128710E-04   5.2798216E-01
   1.5532211E+03   7.8100000E+02   1.0000000E+00   2.9357545E-04   2.2928243E-01
   1.5532286E+03   7.3000000E+02   2.0000000E+00   1.0537067E-03   3.8460294E-01
   1.5532361E+03   7.3400000E+02   2.0000000E+00   6.3826023E-04   2.3424150E-01
   1.5532437E+03   7.0300000E+02   2.0000000E+00   6.3021847E-04   2.2152179E-01
   1.5532512E+03   7.4500000E+02   2.0000000E+00   1.2559166E-03   5.2011416E-01
   1.5532587E+03   7.6600000E+02   1.0000000E+00   7.8822435E-04   6.0377985E-01
   1.5532663E+03   7.4900000E+02   1.0000000E+00   3.7378644E-04   2.7996605E-01
   1.5532738E+03   7.7200000E+02   0.0000000E+00   0.0000000E+00   0.0000000E+00
   1.5532813E+03   8.1600000E+02   0.0000000E+00   0.0000000E+00   0.0000000E+00
   1.5532888E+03   7.5500000E+02   1.0000000E+00   5.2728208E-04   3.9809797E-01
   1.5532964E+03   7.1500000E+02   0.0000000E+00   0.0000000E+00   0.0000000E+00
   1.5533039E+03   7.2500000E+02   2.0000000E+00   9.9860610E-04   3.6199471E-01
   1.5533114E+03   7.8000000E+02   1.0000000E+00   9.4331066E-04   7.3578231E-01
   1.5533189E+03   7.7100000E+02   0.0000000E+00   1.7723021E-04   0.0000000E+00
   1.5533265E+03   8.1200000E+02   0.0000000E+00   0.0000000E+00   0.0000000E+00
   1.5533340E+03   7.2900000E+02   0.0000000E+00   0.0000000E+00   0.0000000E+00
   1.5533415E+03   7.4800000E+02   1.0000000E+00   5.4722306E-04   4.2876808E-01
   1.5533491E+03   7.2300000E+02   1.0000000E+00   1.0926222E-03   7.8996588E-01
   1.5533566E+03   7.6500000E+02   0.0000000E+00   0.0000000E+00   0.0000000E+00
   1.5533641E+03   7.7000000E+02   0.0000000E+00   0.0000000E+00   0.0000000E+00
   1.5533716E+03   7.9600000E+02   0.0000000E+00   0.0000000E+00   0.0000000E+00
   1.5533792E+03   7.9300000E+02   2.0000000E+00   5.4064531E-04   2.1436587E-01
   1.5533867E+03   7.7500000E+02   0.0000000E+00   0.0000000E+00   0.0000000E+00
   1.5533942E+03   8.1100000E+02   1.0000000E+00   6.7463561E-04   5.4712948E-01
   1.5534018E+03   7.3300000E+02   0.0000000E+00   1.3448002E-04   0.0000000E+00
   1.5534093E+03   7.2000000E+02   0.0000000E+00   0.0000000E+00   0.0000000E+00
   1.5534168E+03   7.6200000E+02   1.0000000E+00   1.6419517E-04   8.0737196E-02
   1.5534243E+03   7.6400000E+02   0.0000000E+00   0.0000000E+00   0.0000000E+00
   1.5534319E+03   7.7500000E+02   0.0000000E+00   1.3677398E-04   0.0000000E+00
   1.5534394E+03   7.8200000E+02   0.0000000E+00   0.0000000E+00   0.0000000E+00
   1.5534469E+03   7.3900000E+02   2.0000000E+00   8.4937031E-04   3.1384233E-01
   1.5534545E+03   7.2900000E+02   0.0000000E+00   0.0000000E+00   0.0000000E+00
   1.5534620E+03   7.8500000E+02   0.0000000E+00   0.0000000E+00   0.0000000E+00
   1.5534695E+03   7.3900000E+02   0.0000000E+00   0.0000000E+00   0.0000000E+00
   1.5534770E+03   7.2900000E+02   0.0000000E+00   0.0000000E+00   0.0000000E+00
   1.5534846E+03   7.2200000E+02   0.0000000E+00   0.0000000E+00   0.0000000E+00
   1.5534921E+03   7.1500000E+02   0.0000000E+00   0.0000000E+00   0.0000000E+00
   1.5534996E+03   8.0500000E+02   0.0000000E+00   6.8104189E-05   0.0000000E+00
   1.5535072E+03   7.4200000E+02   0.0000000E+00   0.0000000E+00   0.0000000E+00
   1.5535147E+03   7.3800000E+02   0.0000000E+00   0.0000000E+00   0.0000000E+00
   1.5535222E+03   7.8000000E+02   0.0000000E+00   0.0000000E+00   0.0000000E+00
   1.5535297E+03   7.4500000E+02   0.0000000E+00   0.0000000E+00   0.0000000E+00
   1.5535373E+03   7.4500000E+02   1.0000000E+00   8.2313304E-04   6.1323412E-01
   1.5535448E+03   7.5700000E+02   1.0000000E+00   9.4461233E-04   7.1507153E-01
   1.5535523E+03   7.5900000E+02   1.0000000E+00   5.5439466E-04   4.2078555E-01
   1.5535599E+03   7.6100000E+02   2.0000000E+00   4.2108229E-04   1.6022181E-01
   1.5535674E+03   7.3100000E+02   2.0000000E+00   1.4510654E-03   5.3036440E-01
   1.5535749E+03   7.2700000E+02   1.0000000E+00   8.5755754E-04   6.2344433E-01
   1.5535824E+03   7.3200000E+02   0.0000000E+00   0.0000000E+00   0.0000000E+00
   1.5535900E+03   7.8200000E+02   0.0000000E+00   0.0000000E+00   0.0000000E+00
   1.5535975E+03   7.3700000E+02   0.0000000E+00   0.0000000E+00   0.0000000E+00
   1.5536050E+03   7.6900000E+02   0.0000000E+00   0.0000000E+00   0.0000000E+00
   1.5536126E+03   7.2800000E+02   2.0000000E+00   9.7852587E-04   3.5618342E-01
   1.5536201E+03   7.3000000E+02   0.0000000E+00   0.0000000E+00   0.0000000E+00
   1.5536276E+03   7.5300000E+02   1.0000000E+00   1.0643597E-03   8.0146285E-01
   1.5536351E+03   7.5900000E+02   0.0000000E+00   0.0000000E+00   0.0000000E+00
   1.5536427E+03   7.9700000E+02   0.0000000E+00   0.0000000E+00   0.0000000E+00
   1.5536502E+03   7.3800000E+02   1.0000000E+00   3.7727209E-04   2.7842681E-01
   1.5536577E+03   8.0400000E+02   1.0000000E+00   2.8277665E-04   2.2735243E-01
   1.5536653E+03   7.5100000E+02   1.0000000E+00   8.9521983E-04   6.7231009E-01
   1.5536728E+03   7.6200000E+02   0.0000000E+00   0.0000000E+00   0.0000000E+00
   1.5536803E+03   7.4400000E+02   0.0000000E+00   0.0000000E+00   0.0000000E+00
   1.5536878E+03   7.2200000E+02   1.0000000E+00   5.6326632E-04   4.0667828E-01
   1.5536954E+03   7.2600000E+02   0.0000000E+00   0.0000000E+00   0.0000000E+00
   1.5537029E+03   7.4400000E+02   0.0000000E+00   0.0000000E+00   0.0000000E+00
   1.5537104E+03   7.8700000E+02   0.0000000E+00   0.0000000E+00   0.0000000E+00
   1.5537180E+03   7.4400000E+02   1.0000000E+00   9.7110590E-04   7.2250279E-01
   1.5537255E+03   7.2800000E+02   0.0000000E+00   0.0000000E+00   0.0000000E+00
   1.5537330E+03   8.1800000E+02   2.0000000E+00   3.9670029E-04   1.6225042E-01
   1.5537405E+03   7.4100000E+02   1.0000000E+00   1.9005620E-04   1.4083165E-01
   1.5537481E+03   7.1600000E+02   1.0000000E+00   1.0706821E-03   7.6660842E-01
   1.5537556E+03   8.3000000E+02   0.0000000E+00   0.0000000E+00   0.0000000E+00
   1.5537631E+03   6.9600000E+02   0.0000000E+00   0.0000000E+00   0.0000000E+00
   1.5537706E+03   7.6600000E+02   0.0000000E+00   0.0000000E+00   0.0000000E+00
   1.5537782E+03   7.3600000E+02   1.0000000E+00   1.0137971E-03   7.4615467E-01
   1.5537857E+03   7.8900000E+02   0.0000000E+00   0.0000000E+00   0.0000000E+00
   1.5537932E+03   6.8300000E+02   1.0000000E+00   1.5427867E-03   7.9865283E-01
   1.5538008E+03   7.3700000E+02   0.0000000E+00   0.0000000E+00   0.0000000E+00
   1.5538083E+03   7.5500000E+02   1.0000000E+00   9.9523831E-04   7.5140493E-01
   1.5538158E+03   7.7100000E+02   1.0000000E+00   9.7881714E-04   7.5466801E-01
   1.5538233E+03   7.5300000E+02   0.0000000E+00   0.0000000E+00   0.0000000E+00
   1.5538309E+03   7.4800000E+02   1.0000000E+00   1.0808487E-03   8.0847486E-01
   1.5538384E+03   7.8400000E+02   0.0000000E+00   0.0000000E+00   0.0000000E+00
   1.5538459E+03   7.9400000E+02   1.0000000E+00   1.9504508E-04   1.5486579E-01
   1.5538535E+03   7.5500000E+02   0.0000000E+00   0.0000000E+00   0.0000000E+00
   1.5538610E+03   7.2900000E+02   0.0000000E+00   0.0000000E+00   0.0000000E+00
   1.5538685E+03   7.9800000E+02   2.0000000E+00   1.1315613E-03   4.5149296E-01
   1.5538760E+03   7.6400000E+02   0.0000000E+00   0.0000000E+00   0.0000000E+00
   1.5538836E+03   7.6300000E+02   0.0000000E+00   0.0000000E+00   0.0000000E+00
   1.5538911E+03   7.3000000E+02   0.0000000E+00   0.0000000E+00   0.0000000E+00
   1.5538986E+03   6.9700000E+02   0.0000000E+00   0.0000000E+00   0.0000000E+00
   1.5539062E+03   7.3000000E+02   0.0000000E+00   0.0000000E+00   0.0000000E+00
   1.5539137E+03   7.2100000E+02   0.0000000E+00   0.0000000E+00   0.0000000E+00
   1.5539212E+03   7.8800000E+02   1.0000000E+00   7.3381589E-04   5.7824692E-01
   1.5539287E+03   7.7300000E+02   0.0000000E+00   0.0000000E+00   0.0000000E+00
   1.5539363E+03   7.6800000E+02   0.0000000E+00   0.0000000E+00   0.0000000E+00
   1.5539438E+03   7.2700000E+02   0.0000000E+00   0.0000000E+00   0.0000000E+00
   1.5539513E+03   7.2100000E+02   0.0000000E+00   0.0000000E+00   0.0000000E+00
   1.5539589E+03   7.4400000E+02   0.0000000E+00   0.0000000E+00   0.0000000E+00
   1.5539664E+03   8.0500000E+02   0.0000000E+00   0.0000000E+00   0.0000000E+00
   1.5539739E+03   7.2400000E+02   0.0000000E+00   0.0000000E+00   0.0000000E+00
   1.5539814E+03   7.9200000E+02   0.0000000E+00   1.3425601E-05   0.0000000E+00
   1.5539890E+03   7.5400000E+02   0.0000000E+00   9.4192239E-04   0.0000000E+00
   1.5539965E+03   7.0800000E+02   0.0000000E+00   0.0000000E+00   0.0000000E+00
   1.5540040E+03   7.8400000E+02   0.0000000E+00   0.0000000E+00   0.0000000E+00
   1.5540116E+03   6.7800000E+02   0.0000000E+00   0.0000000E+00   0.0000000E+00
   1.5540191E+03   6.9100000E+02   0.0000000E+00   0.0000000E+00   0.0000000E+00
   1.5540266E+03   7.2400000E+02   1.0000000E+00   1.0202479E-03   7.3865945E-01
   1.5540341E+03   7.2700000E+02   0.0000000E+00   0.0000000E+00   0.0000000E+00
   1.5540417E+03   7.6300000E+02   1.0000000E+00   2.3385530E-04   1.7843159E-01
   1.5540492E+03   7.5800000E+02   1.0000000E+00   1.1067221E-04   8.3889534E-02
   1.5540567E+03   7.3400000E+02   0.0000000E+00   1.1441673E-04   0.0000000E+00
   1.5540643E+03   7.0700000E+02   0.0000000E+00   0.0000000E+00   0.0000000E+00
   1.5540718E+03   7.2400000E+02   0.0000000E+00   0.0000000E+00   0.0000000E+00
   1.5540793E+03   7.3200000E+02   1.0000000E+00   7.1067972E-04   5.2021755E-01
   1.5540868E+03   7.6000000E+02   0.0000000E+00   0.0000000E+00   0.0000000E+00
   1.5540944E+03   7.5600000E+02   0.0000000E+00   0.0000000E+00   0.0000000E+00
   1.5541019E+03   7.6900000E+02   0.0000000E+00   0.0000000E+00   0.0000000E+00
   1.5541094E+03   7.3100000E+02   0.0000000E+00   3.0807633E-04   0.0000000E+00
   1.5541170E+03   7.6600000E+02   0.0000000E+00   0.0000000E+00   0.0000000E+00
   1.5541245E+03   8.0700000E+02   1.0000000E+00   5.0591508E-04   4.0827347E-01
   1.5541320E+03   7.3600000E+02   2.0000000E+00   9.7907370E-04   3.6029912E-01
   1.5541395E+03   7.4800000E+02   0.0000000E+00   0.0000000E+00   0.0000000E+00
   1.5541471E+03   8.0500000E+02   0.0000000E+00   0.0000000E+00   0.0000000E+00
   1.5541546E+03   7.6000000E+02   0.0000000E+00   0.0000000E+00   0.0000000E+00
   1.5541621E+03   7.3500000E+02   0.0000000E+00   1.7679474E-04   0.0000000E+00
   1.5541697E+03   7.3500000E+02   0.0000000E+00   0.0000000E+00   0.0000000E+00
   1.5541772E+03   7.0100000E+02   1.0000000E+00   3.8077378E-04   2.6692242E-01
   1.5541847E+03   7.7900000E+02   0.0000000E+00   0.0000000E+00   0.0000000E+00
   1.5541922E+03   7.7000000E+02   0.0000000E+00   0.0000000E+00   0.0000000E+00
   1.5541998E+03   7.0300000E+02   0.0000000E+00   0.0000000E+00   0.0000000E+00
   1.5542073E+03   7.3000000E+02   0.0000000E+00   0.0000000E+00   0.0000000E+00
   1.5542148E+03   7.1800000E+02   0.0000000E+00   0.0000000E+00   0.0000000E+00
   1.5542224E+03   7.4400000E+02   0.0000000E+00   0.0000000E+00   0.0000000E+00
   1.5542299E+03   7.2300000E+02   0.0000000E+00   0.0000000E+00   0.0000000E+00
   1.5542374E+03   7.4300000E+02   1.0000000E+00   7.6390701E-04   5.6758291E-01
   1.5542449E+03   7.6400000E+02   0.0000000E+00   0.0000000E+00   0.0000000E+00
   1.5542525E+03   7.4100000E+02   0.0000000E+00   0.0000000E+00   0.0000000E+00
   1.5542600E+03   7.4600000E+02   0.0000000E+00   0.0000000E+00   0.0000000E+00
   1.5542675E+03   7.2600000E+02   0.0000000E+00   0.0000000E+00   0.0000000E+00
   1.5542750E+03   7.9600000E+02   2.0000000E+00   1.2389491E-03   4.9310175E-01
   1.5542826E+03   7.7400000E+02   1.0000000E+00   1.0675556E-03   8.2628807E-01
   1.5542901E+03   7.3800000E+02   0.0000000E+00   0.0000000E+00   0.0000000E+00
   1.5542976E+03   7.1500000E+02   1.0000000E+00   1.1163132E-03   7.9816392E-01
   1.5543052E+03   7.2700000E+02   0.0000000E+00   0.0000000E+00   0.0000000E+00
   1.5543127E+03   7.2700000E+02   1.0000000E+00   5.6016417E-04   4.0723935E-01
   1.5543202E+03   7.2400000E+02   1.0000000E+00   8.7017306E-04   6.3000529E-01
   1.5543277E+03   7.8100000E+02   0.0000000E+00   8.4525582E-05   0.0000000E+00
   1.5543353E+03   7.3700000E+02   0.0000000E+00   0.0000000E+00   0.0000000E+00
   1.5543428E+03   7.6400000E+02   0.0000000E+00   0.0000000E+00   0.0000000E+00
   1.5543503E+03   7.5700000E+02   0.0000000E+00   0.0000000E+00   0.0000000E+00
   1.5543579E+03   7.8000000E+02   2.0000000E+00   1.5448857E-04   6.0250543E-02
   1.5543654E+03   7.9800000E+02   0.0000000E+00   0.0000000E+00   0.0000000E+00
   1.5543729E+03   7.6500000E+02   1.0000000E+00   1.1128374E-03   8.5132062E-01
   1.5543804E+03   7.7400000E+02   0.0000000E+00   0.0000000E+00   0.0000000E+00
   1.5543880E+03   7.6900000E+02   0.0000000E+00   0.0000000E+00   0.0000000E+00
   1.5543955E+03   7.9800000E+02   0.0000000E+00   0.0000000E+00   0.0000000E+00
   1.5544030E+03   7.9000000E+02   0.0000000E+00   0.0000000E+00   0.0000000E+00
   1.5544106E+03   7.3900000E+02   1.0000000E+00   1.9487795E-04   1.4401480E-01
   1.5544181E+03   7.4600000E+02   1.0000000E+00   5.0098510E-04   3.7373488E-01
   1.5544256E+03   7.3000000E+02   1.0000000E+00   2.8374766E-04   2.0713579E-01
   1.5544331E+03   7.7000000E+02   1.0000000E+00   9.0692092E-04   6.9832911E-01
   1.5544407E+03   7.8500000E+02   0.0000000E+00   0.0000000E+00   0.0000000E+00
   1.5544482E+03   7.7900000E+02   0.0000000E+00   0.0000000E+00   0.0000000E+00
   1.5544557E+03   7.3200000E+02   0.0000000E+00   0.0000000E+00   0.0000000E+00
   1.5544633E+03   7.5500000E+02   0.0000000E+00   0.0000000E+00   0.0000000E+00
   1.5544708E+03   7.9100000E+02   1.0000000E+00   6.7540098E-04   5.6126181E-01
   1.5544783E+03   7.9800000E+02   0.0000000E+00   0.0000000E+00   0.0000000E+00
   1.5544858E+03   7.7100000E+02   0.0000000E+00   0.0000000E+00   0.0000000E+00
   1.5544934E+03   7.3800000E+02   0.0000000E+00   1.6957181E-04   0.0000000E+00
   1.5545009E+03   7.6400000E+02   0.0000000E+00   0.0000000E+00   0.0000000E+00
   1.5545084E+03   7.5900000E+02   1.0000000E+00   1.6877806E-04   1.2810255E-01
   1.5545160E+03   7.7600000E+02   0.0000000E+00   1.5795229E-04   0.0000000E+00
   1.5545235E+03   7.4400000E+02   0.0000000E+00   0.0000000E+00   0.0000000E+00
   1.5545310E+03   7.4400000E+02   1.0000000E+00   1.0527475E-03   7.8324413E-01
   1.5545385E+03   7.4900000E+02   0.0000000E+00   0.0000000E+00   0.0000000E+00
   1.5545461E+03   7.5900000E+02   1.0000000E+00   9.7486290E-04   9.4626265E-02
   1.5545536E+03   7.1300000E+02   0.0000000E+00   6.7071301E-05   0.0000000E+00
   1.5545611E+03   7.4800000E+02   1.0000000E+00   1.1260514E-03   8.4228646E-01
   1.5545687E+03   7.4500000E+02   0.0000000E+00   2.2703612E-04   0.0000000E+00
   1.5545762E+03   7.9100000E+02   0.0000000E+00   0.0000000E+00   0.0000000E+00
   1.5545837E+03   7.5900000E+02   0.0000000E+00   0.0000000E+00   0.0000000E+00
   1.5545912E+03   7.1800000E+02   2.0000000E+00   1.0443092E-03   3.7490700E-01
   1.5545988E+03   7.1200000E+02   0.0000000E+00   0.0000000E+00   0.0000000E+00
   1.5546063E+03   7.9000000E+02   0.0000000E+00   0.0000000E+00   0.0000000E+00
   1.5546138E+03   7.3300000E+02   0.0000000E+00   0.0000000E+00   0.0000000E+00
   1.5546214E+03   7.6500000E+02   0.0000000E+00   0.0000000E+00   0.0000000E+00
   1.5546289E+03   7.7100000E+02   0.0000000E+00   0.0000000E+00   0.0000000E+00
   1.5546364E+03   7.7000000E+02   0.0000000E+00   0.0000000E+00   0.0000000E+00
   1.5546439E+03   7.0700000E+02   1.0000000E+00   6.0876820E-04   4.3039912E-01
   1.5546515E+03   7.4100000E+02   1.0000000E+00   3.9218487E-04   2.9060899E-01
   1.5546590E+03   7.4700000E+02   0.0000000E+00   0.0000000E+00   0.0000000E+00
   1.5546665E+03   7.5400000E+02   0.0000000E+00   0.0000000E+00   0.0000000E+00
   1.5546740E+03   7.5800000E+02   0.0000000E+00   0.0000000E+00   0.0000000E+00
   1.5546816E+03   7.6300000E+02   0.0000000E+00   2.1488948E-04   0.0000000E+00
   1.5546891E+03   7.6500000E+02   0.0000000E+00   0.0000000E+00   0.0000000E+00
   1.5546966E+03   7.6900000E+02   0.0000000E+00   0.0000000E+00   0.0000000E+00
   1.5547042E+03   7.0800000E+02   0.0000000E+00   0.0000000E+00   0.0000000E+00
   1.5547117E+03   7.1500000E+02   0.0000000E+00   0.0000000E+00   0.0000000E+00
   1.5547192E+03   7.5300000E+02   0.0000000E+00   3.3184110E-05   0.0000000E+00
   1.5547267E+03   7.0900000E+02   0.0000000E+00   0.0000000E+00   0.0000000E+00
   1.5547343E+03   7.2700000E+02   1.0000000E+00   5.0324224E-04   3.6585711E-01
   1.5547418E+03   7.6300000E+02   0.0000000E+00   0.0000000E+00   0.0000000E+00
   1.5547493E+03   7.5900000E+02   0.0000000E+00   0.0000000E+00   0.0000000E+00
   1.5547569E+03   8.0000000E+02   0.0000000E+00   0.0000000E+00   0.0000000E+00
   1.5547644E+03   7.3500000E+02   0.0000000E+00   0.0000000E+00   0.0000000E+00
   1.5547719E+03   7.6100000E+02   1.0000000E+00   2.9902152E-04   2.2755538E-01
   1.5547794E+03   7.7100000E+02   1.0000000E+00   1.0661091E-03   8.2197014E-01
   1.5547870E+03   7.6400000E+02   0.0000000E+00   0.0000000E+00   0.0000000E+00
   1.5547945E+03   7.6700000E+02   0.0000000E+00   0.0000000E+00   0.0000000E+00
   1.5548020E+03   7.6000000E+02   0.0000000E+00   0.0000000E+00   0.0000000E+00
   1.5548096E+03   7.3500000E+02   0.0000000E+00   1.7702386E-05   0.0000000E+00
   1.5548171E+03   7.4000000E+02   0.0000000E+00   0.0000000E+00   0.0000000E+00
   1.5548246E+03   7.3600000E+02   0.0000000E+00   0.0000000E+00   0.0000000E+00
   1.5548321E+03   7.9100000E+02   1.0000000E+00   2.8271505E-04   2.2362761E-01
   1.5548397E+03   7.2800000E+02   0.0000000E+00   0.0000000E+00   0.0000000E+00
   1.5548472E+03   7.2800000E+02   0.0000000E+00   0.0000000E+00   0.0000000E+00
   1.5548547E+03   7.3900000E+02   0.0000000E+00   0.0000000E+00   0.0000000E+00
   1.5548623E+03   7.2200000E+02   0.0000000E+00   0.0000000E+00   0.0000000E+00
   1.5548698E+03   7.7000000E+02   0.0000000E+00   0.0000000E+00   0.0000000E+00
   1.5548773E+03   7.7900000E+02   1.0000000E+00   9.0093817E-04   7.0183083E-01
   1.5548848E+03   7.3200000E+02   0.0000000E+00   0.0000000E+00   0.0000000E+00
   1.5548924E+03   7.7100000E+02   1.0000000E+00   7.3248862E-04   5.6474873E-01
   1.5548999E+03   7.2600000E+02   0.0000000E+00   0.0000000E+00   0.0000000E+00
   1.5549074E+03   7.3100000E+02   0.0000000E+00   0.0000000E+00   0.0000000E+00
   1.5549150E+03   7.8300000E+02   1.0000000E+00   2.4387093E-04   1.9095094E-01
   1.5549225E+03   7.7600000E+02   0.0000000E+00   0.0000000E+00   0.0000000E+00
   1.5549300E+03   7.4400000E+02   0.0000000E+00   0.0000000E+00   0.0000000E+00
   1.5549375E+03   7.5100000E+02   0.0000000E+00   0.0000000E+00   0.0000000E+00
   1.5549451E+03   7.5300000E+02   1.0000000E+00   1.1260447E-03   8.4218657E-01
   1.5549526E+03   7.7800000E+02   0.0000000E+00   0.0000000E+00   0.0000000E+00
   1.5549601E+03   7.3000000E+02   0.0000000E+00   0.0000000E+00   0.0000000E+00
   1.5549677E+03   7.4800000E+02   0.0000000E+00   0.0000000E+00   0.0000000E+00
   1.5549752E+03   7.6500000E+02   0.0000000E+00   0.0000000E+00   0.0000000E+00
   1.5549827E+03   7.3000000E+02   0.0000000E+00   0.0000000E+00   0.0000000E+00
   1.5549902E+03   7.2200000E+02   1.0000000E+00   1.2163521E-03   8.7820623E-01
   1.5549978E+03   7.7500000E+02   0.0000000E+00   2.6181883E-05   0.0000000E+00
   1.5550053E+03   7.9400000E+02   0.0000000E+00   0.0000000E+00   0.0000000E+00
   1.5550128E+03   7.5600000E+02   0.0000000E+00   0.0000000E+00   0.0000000E+00
   1.5550204E+03   7.4600000E+02   1.0000000E+00   3.1027227E-04   2.3146311E-01
   1.5550279E+03   7.7200000E+02   1.0000000E+00   1.0671859E-03   8.2386752E-01
   1.5550354E+03   7.6200000E+02   0.0000000E+00   0.0000000E+00   0.0000000E+00
   1.5550429E+03   7.6100000E+02   0.0000000E+00   0.0000000E+00   0.0000000E+00
   1.5550505E+03   7.7200000E+02   0.0000000E+00   0.0000000E+00   0.0000000E+00
   1.5550580E+03   7.7500000E+02   0.0000000E+00   0.0000000E+00   0.0000000E+00
   1.5550655E+03   7.7400000E+02   0.0000000E+00   0.0000000E+00   0.0000000E+00
   1.5550731E+03   7.8500000E+02   1.0000000E+00   1.0321891E-03   8.1026844E-01
   1.5550806E+03   7.3900000E+02   0.0000000E+00   0.0000000E+00   0.0000000E+00
   1.5550881E+03   7.4900000E+02   0.0000000E+00   0.0000000E+00   0.0000000E+00
   1.5550956E+03   7.8100000E+02   0.0000000E+00   0.0000000E+00   0.0000000E+00
   1.5551032E+03   7.9100000E+02   1.0000000E+00   8.7552513E-04   3.1736382E-01
   1.5551107E+03   7.5100000E+02   0.0000000E+00   0.0000000E+00   0.0000000E+00
   1.5551182E+03   7.4200000E+02   0.0000000E+00   0.0000000E+00   0.0000000E+00
   1.5551257E+03   7.4200000E+02   0.0000000E+00   0.0000000E+00   0.0000000E+00
   1.5551333E+03   7.2400000E+02   1.0000000E+00   8.5522864E-04   6.1918554E-01
   1.5551408E+03   7.6300000E+02   0.0000000E+00   0.0000000E+00   0.0000000E+00
   1.5551483E+03   7.4500000E+02   0.0000000E+00   2.1284745E-04   0.0000000E+00
   1.5551559E+03   7.1900000E+02   0.0000000E+00   9.9586156E-05   0.0000000E+00
   1.5551634E+03   7.4100000E+02   0.0000000E+00   0.0000000E+00   0.0000000E+00
   1.5551709E+03   7.5600000E+02   0.0000000E+00   1.0832497E-04   0.0000000E+00
   1.5551784E+03   7.1700000E+02   1.0000000E+00   5.2562702E-04   3.7687458E-01
   1.5551860E+03   7.1200000E+02   0.0000000E+00   0.0000000E+00   0.0000000E+00
   1.5551935E+03   7.9300000E+02   0.0000000E+00   0.0000000E+00   0.0000000E+00
   1.5552010E+03   7.8600000E+02   0.0000000E+00   0.0000000E+00   0.0000000E+00
   1.5552086E+03   7.3400000E+02   1.0000000E+00   2.6203235E-04   1.9233175E-01
   1.5552161E+03   7.5200000E+02   0.0000000E+00   0.0000000E+00   0.0000000E+00
   1.5552236E+03   7.7800000E+02   0.0000000E+00   0.0000000E+00   0.0000000E+00
   1.5552311E+03   7.5500000E+02   0.0000000E+00   0.0000000E+00   0.0000000E+00
   1.5552387E+03   7.3500000E+02   0.0000000E+00   0.0000000E+00   0.0000000E+00
   1.5552462E+03   7.6600000E+02   1.0000000E+00   1.0673076E-03   8.1755761E-01
   1.5552537E+03   7.9700000E+02   0.0000000E+00   0.0000000E+00   0.0000000E+00
   1.5552613E+03   7.1000000E+02   0.0000000E+00   0.0000000E+00   0.0000000E+00
   1.5552688E+03   7.4300000E+02   0.0000000E+00   0.0000000E+00   0.0000000E+00
   1.5552763E+03   7.5800000E+02   0.0000000E+00   0.0000000E+00   0.0000000E+00
   1.5552838E+03   7.3300000E+02   1.0000000E+00   7.1749846E-04   5.2592637E-01
   1.5552914E+03   7.4500000E+02   0.0000000E+00   0.0000000E+00   0.0000000E+00
   1.5552989E+03   7.4100000E+02   0.0000000E+00   0.0000000E+00   0.0000000E+00
   1.5553064E+03   7.5300000E+02   0.0000000E+00   0.0000000E+00   0.0000000E+00
   1.5553140E+03   7.0900000E+02   0.0000000E+00   3.5265280E-04   0.0000000E+00
   1.5553215E+03   7.5300000E+02   0.0000000E+00   0.0000000E+00   0.0000000E+00
   1.5553290E+03   7.5500000E+02   0.0000000E+00   9.9803176E-06   0.0000000E+00
   1.5553365E+03   7.2000000E+02   0.0000000E+00   0.0000000E+00   0.0000000E+00
   1.5553441E+03   7.3400000E+02   0.0000000E+00   0.0000000E+00   0.0000000E+00
   1.5553516E+03   7.3400000E+02   0.0000000E+00   0.0000000E+00   0.0000000E+00
   1.5553591E+03   7.2600000E+02   0.0000000E+00   0.0000000E+00   0.0000000E+00
   1.5553667E+03   7.6900000E+02   0.0000000E+00   0.0000000E+00   0.0000000E+00
   1.5553742E+03   7.9000000E+02   2.0000000E+00   1.0680896E-03   4.2189541E-01
   1.5553817E+03   7.6000000E+02   0.0000000E+00   0.0000000E+00   0.0000000E+00
   1.5553892E+03   7.7900000E+02   0.0000000E+00   0.0000000E+00   0.0000000E+00
   1.5553968E+03   7.0700000E+02   0.0000000E+00   0.0000000E+00   0.0000000E+00
   1.5554043E+03   7.6200000E+02   1.0000000E+00   1.0767399E-03   8.2047580E-01
   1.5554118E+03   7.8000000E+02   1.0000000E+00   2.6966167E-04   2.1033610E-01
   1.5554194E+03   7.7400000E+02   0.0000000E+00   0.0000000E+00   0.0000000E+00
   1.5554269E+03   7.1900000E+02   0.0000000E+00   0.0000000E+00   0.0000000E+00
   1.5554344E+03   7.4800000E+02   0.0000000E+00   0.0000000E+00   0.0000000E+00
   1.5554419E+03   7.3600000E+02   0.0000000E+00   0.0000000E+00   0.0000000E+00
   1.5554495E+03   7.2300000E+02   0.0000000E+00   0.0000000E+00   0.0000000E+00
   1.5554570E+03   7.5300000E+02   2.0000000E+00   2.1029243E-04   7.9175101E-02
   1.5554645E+03   7.5700000E+02   0.0000000E+00   0.0000000E+00   0.0000000E+00
   1.5554721E+03   7.0100000E+02   0.0000000E+00   0.0000000E+00   0.0000000E+00
   1.5554796E+03   7.6000000E+02   0.0000000E+00   0.0000000E+00   0.0000000E+00
   1.5554871E+03   7.5600000E+02   0.0000000E+00   0.0000000E+00   0.0000000E+00
   1.5554946E+03   7.4500000E+02   0.0000000E+00   0.0000000E+00   0.0000000E+00
   1.5555022E+03   7.8300000E+02   0.0000000E+00   0.0000000E+00   0.0000000E+00
   1.5555097E+03   7.2000000E+02   0.0000000E+00   0.0000000E+00   0.0000000E+00
   1.5555172E+03   7.9000000E+02   0.0000000E+00   0.0000000E+00   0.0000000E+00
   1.5555248E+03   7.9700000E+02   0.0000000E+00   0.0000000E+00   0.0000000E+00
   1.5555323E+03   7.4100000E+02   0.0000000E+00   0.0000000E+00   0.0000000E+00
   1.5555398E+03   7.5100000E+02   0.0000000E+00   0.0000000E+00   0.0000000E+00
   1.5555473E+03   7.4300000E+02   0.0000000E+00   0.0000000E+00   0.0000000E+00
   1.5555549E+03   7.1600000E+02   0.0000000E+00   0.0000000E+00   0.0000000E+00
   1.5555624E+03   7.6700000E+02   1.0000000E+00   5.9387351E-04   4.5550098E-01
   1.5555699E+03   8.1100000E+02   1.0000000E+00   2.3127018E-04   1.8756012E-01
   1.5555774E+03   7.7500000E+02   0.0000000E+00   0.0000000E+00   0.0000000E+00
   1.5555850E+03   7.4500000E+02   0.0000000E+00   0.0000000E+00   0.0000000E+00
   1.5555925E+03   7.7100000E+02   0.0000000E+00   9.6607367E-05   0.0000000E+00
   1.5556000E+03   7.7300000E+02   0.0000000E+00   0.0000000E+00   0.0000000E+00
   1.5556076E+03   7.7200000E+02   0.0000000E+00   0.0000000E+00   0.0000000E+00
   1.5556151E+03   7.2500000E+02   1.0000000E+00   1.1812670E-03   8.5641855E-01
   1.5556226E+03   7.6200000E+02   0.0000000E+00   0.0000000E+00   0.0000000E+00
   1.5556301E+03   7.4500000E+02   0.0000000E+00   0.0000000E+00   0.0000000E+00
   1.5556377E+03   7.4400000E+02   0.0000000E+00   0.0000000E+00   0.0000000E+00
   1.5556452E+03   7.8300000E+02   0.0000000E+00   0.0000000E+00   0.0000000E+00
   1.5556527E+03   7.0500000E+02   0.0000000E+00   0.0000000E+00   0.0000000E+00
   1.5556603E+03   7.7600000E+02   0.0000000E+00   0.0000000E+00   0.0000000E+00
   1.5556678E+03   7.9400000E+02   0.0000000E+00   0.0000000E+00   0.0000000E+00
   1.5556753E+03   7.8200000E+02   0.0000000E+00   0.0000000E+00   0.0000000E+00
   1.5556828E+03   7.7100000E+02   0.0000000E+00   0.0000000E+00   0.0000000E+00
   1.5556904E+03   7.9800000E+02   0.0000000E+00   0.0000000E+00   0.0000000E+00
   1.5556979E+03   7.0900000E+02   0.0000000E+00   0.0000000E+00   0.0000000E+00
   1.5557054E+03   7.5300000E+02   0.0000000E+00   0.0000000E+00   0.0000000E+00
   1.5557130E+03   7.5500000E+02   0.0000000E+00   0.0000000E+00   0.0000000E+00
   1.5557205E+03   7.5100000E+02   0.0000000E+00   0.0000000E+00   0.0000000E+00
   1.5557280E+03   7.2900000E+02   0.0000000E+00   0.0000000E+00   0.0000000E+00
   1.5557355E+03   7.7200000E+02   0.0000000E+00   0.0000000E+00   0.0000000E+00
   1.5557431E+03   7.3000000E+02   1.0000000E+00   1.2199070E-03   8.9053211E-01
   1.5557506E+03   7.7300000E+02   1.0000000E+00   6.9168751E-04   5.3467444E-01
   1.5557581E+03   7.2000000E+02   0.0000000E+00   0.0000000E+00   0.0000000E+00
   1.5557657E+03   7.2300000E+02   0.0000000E+00   0.0000000E+00   0.0000000E+00
   1.5557732E+03   7.7800000E+02   0.0000000E+00   0.0000000E+00   0.0000000E+00
   1.5557807E+03   7.8200000E+02   1.0000000E+00   4.5309419E-04   3.5431966E-01
   1.5557882E+03   8.0800000E+02   1.0000000E+00   1.0869249E-03   8.7823529E-01
   1.5557958E+03   7.4500000E+02   0.0000000E+00   0.0000000E+00   0.0000000E+00
   1.5558033E+03   8.0900000E+02   0.0000000E+00   0.0000000E+00   0.0000000E+00
   1.5558108E+03   7.2800000E+02   0.0000000E+00   0.0000000E+00   0.0000000E+00
   1.5558184E+03   8.2100000E+02   0.0000000E+00   0.0000000E+00   0.0000000E+00
   1.5558259E+03   7.6700000E+02   1.0000000E+00   4.8853456E-04   3.7470601E-01
   1.5558334E+03   7.9600000E+02   0.0000000E+00   0.0000000E+00   0.0000000E+00
   1.5558409E+03   7.2900000E+02   0.0000000E+00   0.0000000E+00   0.0000000E+00
   1.5558485E+03   7.5900000E+02   1.0000000E+00   1.7763395E-04   1.3482417E-01
   1.5558560E+03   7.7800000E+02   0.0000000E+00   0.0000000E+00   0.0000000E+00
   1.5558635E+03   7.7100000E+02   0.0000000E+00   0.0000000E+00   0.0000000E+00
   1.5558711E+03   7.7100000E+02   0.0000000E+00   0.0000000E+00   0.0000000E+00
   1.5558786E+03   7.4100000E+02   0.0000000E+00   0.0000000E+00   0.0000000E+00
   1.5558861E+03   7.8400000E+02   0.0000000E+00   0.0000000E+00   0.0000000E+00
   1.5558936E+03   7.5400000E+02   0.0000000E+00   0.0000000E+00   0.0000000E+00
   1.5559012E+03   7.7700000E+02   0.0000000E+00   0.0000000E+00   0.0000000E+00
   1.5559087E+03   7.9500000E+02   0.0000000E+00   0.0000000E+00   0.0000000E+00
   1.5559162E+03   7.7200000E+02   0.0000000E+00   0.0000000E+00   0.0000000E+00
   1.5559238E+03   7.6100000E+02   0.0000000E+00   0.0000000E+00   0.0000000E+00
   1.5559313E+03   7.8400000E+02   0.0000000E+00   0.0000000E+00   0.0000000E+00
   1.5559388E+03   7.8000000E+02   0.0000000E+00   0.0000000E+00   0.0000000E+00
   1.5559463E+03   7.7900000E+02   0.0000000E+00   0.0000000E+00   0.0000000E+00
   1.5559539E+03   7.1400000E+02   0.0000000E+00   0.0000000E+00   0.0000000E+00
   1.5559614E+03   7.2400000E+02   0.0000000E+00   0.0000000E+00   0.0000000E+00
   1.5559689E+03   7.4100000E+02   0.0000000E+00   0.0000000E+00   0.0000000E+00
   1.5559765E+03   7.5500000E+02   0.0000000E+00   0.0000000E+00   0.0000000E+00
   1.5559840E+03   7.5200000E+02   0.0000000E+00   0.0000000E+00   0.0000000E+00
   1.5559915E+03   7.7000000E+02   1.0000000E+00   5.8041983E-04   4.4692327E-01
   1.5559990E+03   7.9300000E+02   0.0000000E+00   0.0000000E+00   0.0000000E+00
   1.5560066E+03   7.8300000E+02   0.0000000E+00   7.0320831E-06   0.0000000E+00
   1.5560141E+03   7.5700000E+02   1.0000000E+00   1.5918101E-03   9.1762593E-01
   1.5560216E+03   6.9900000E+02   0.0000000E+00   0.0000000E+00   0.0000000E+00
   1.5560291E+03   7.2500000E+02   0.0000000E+00   4.0494812E-05   0.0000000E+00
   1.5560367E+03   7.3400000E+02   0.0000000E+00   0.0000000E+00   0.0000000E+00
   1.5560442E+03   7.5000000E+02   0.0000000E+00   0.0000000E+00   0.0000000E+00
   1.5560517E+03   7.7300000E+02   0.0000000E+00   0.0000000E+00   0.0000000E+00
   1.5560593E+03   7.2800000E+02   0.0000000E+00   0.0000000E+00   0.0000000E+00
   1.5560668E+03   7.1700000E+02   0.0000000E+00   0.0000000E+00   0.0000000E+00
   1.5560743E+03   7.3500000E+02   0.0000000E+00   0.0000000E+00   0.0000000E+00
   1.5560818E+03   7.4600000E+02   0.0000000E+00   0.0000000E+00   0.0000000E+00
   1.5560894E+03   7.2300000E+02   0.0000000E+00   0.0000000E+00   0.0000000E+00
   1.5560969E+03   7.6300000E+02   0.0000000E+00   0.0000000E+00   0.0000000E+00
   1.5561044E+03   7.4300000E+02   1.0000000E+00   2.3774950E-04   1.7664788E-01
   1.5561120E+03   7.5100000E+02   0.0000000E+00   0.0000000E+00   0.0000000E+00
   1.5561195E+03   7.7100000E+02   0.0000000E+00   0.0000000E+00   0.0000000E+00
   1.5561270E+03   7.3700000E+02   0.0000000E+00   0.0000000E+00   0.0000000E+00
   1.5561345E+03   7.5800000E+02   0.0000000E+00   0.0000000E+00   0.0000000E+00
   1.5561421E+03   7.4600000E+02   0.0000000E+00   0.0000000E+00   0.0000000E+00
   1.5561496E+03   7.3700000E+02   0.0000000E+00   0.0000000E+00   0.0000000E+00
   1.5561571E+03   7.7200000E+02   0.0000000E+00   0.0000000E+00   0.0000000E+00
   1.5561647E+03   7.2100000E+02   0.0000000E+00   0.0000000E+00   0.0000000E+00
   1.5561722E+03   7.8400000E+02   1.0000000E+00   5.2070754E-04   4.0823471E-01
   1.5561797E+03   7.7700000E+02   1.0000000E+00   1.1617004E-03   9.0264118E-01
   1.5561872E+03   7.4700000E+02   1.0000000E+00   2.9658101E-04   2.2154602E-01
   1.5561948E+03   7.2400000E+02   0.0000000E+00   0.0000000E+00   0.0000000E+00
   1.5562023E+03   7.6500000E+02   0.0000000E+00   0.0000000E+00   0.0000000E+00
   1.5562098E+03   7.6000000E+02   0.0000000E+00   0.0000000E+00   0.0000000E+00
   1.5562174E+03   7.7000000E+02   0.0000000E+00   0.0000000E+00   0.0000000E+00
   1.5562249E+03   7.5400000E+02   0.0000000E+00   0.0000000E+00   0.0000000E+00
   1.5562324E+03   7.9600000E+02   0.0000000E+00   0.0000000E+00   0.0000000E+00
   1.5562399E+03   7.8000000E+02   0.0000000E+00   0.0000000E+00   0.0000000E+00
   1.5562475E+03   8.0300000E+02   0.0000000E+00   0.0000000E+00   0.0000000E+00
   1.5562550E+03   7.9100000E+02   0.0000000E+00   0.0000000E+00   0.0000000E+00
   1.5562625E+03   7.9500000E+02   0.0000000E+00   0.0000000E+00   0.0000000E+00
   1.5562701E+03   7.4200000E+02   0.0000000E+00   0.0000000E+00   0.0000000E+00
   1.5562776E+03   7.2300000E+02   0.0000000E+00   0.0000000E+00   0.0000000E+00
   1.5562851E+03   7.6200000E+02   0.0000000E+00   0.0000000E+00   0.0000000E+00
   1.5562926E+03   7.3200000E+02   1.0000000E+00   8.6982280E-04   6.3671029E-01
   1.5563002E+03   7.3100000E+02   0.0000000E+00   0.0000000E+00   0.0000000E+00
   1.5563077E+03   7.6500000E+02   0.0000000E+00   0.0000000E+00   0.0000000E+00
   1.5563152E+03   7.1300000E+02   1.0000000E+00   6.4528090E-04   4.6008528E-01
   1.5563228E+03   7.3300000E+02   0.0000000E+00   0.0000000E+00   0.0000000E+00
   1.5563303E+03   7.5200000E+02   0.0000000E+00   0.0000000E+00   0.0000000E+00
   1.5563378E+03   7.7600000E+02   0.0000000E+00   0.0000000E+00   0.0000000E+00
   1.5563453E+03   8.0200000E+02   0.0000000E+00   0.0000000E+00   0.0000000E+00
   1.5563529E+03   7.9500000E+02   1.0000000E+00   6.4318448E-04   5.1133166E-01
   1.5563604E+03   7.6600000E+02   0.0000000E+00   0.0000000E+00   0.0000000E+00
   1.5563679E+03   7.3700000E+02   1.0000000E+00   7.2653456E-04   5.3545597E-01
   1.5563755E+03   7.9800000E+02   0.0000000E+00   0.0000000E+00   0.0000000E+00
   1.5563830E+03   7.7500000E+02   0.0000000E+00   0.0000000E+00   0.0000000E+00
   1.5563905E+03   7.9900000E+02   0.0000000E+00   0.0000000E+00   0.0000000E+00
   1.5563980E+03   7.7200000E+02   0.0000000E+00   0.0000000E+00   0.0000000E+00
   1.5564056E+03   7.5800000E+02   1.0000000E+00   1.0761124E-03   8.1569321E-01
   1.5564131E+03   7.4700000E+02   0.0000000E+00   0.0000000E+00   0.0000000E+00
   1.5564206E+03   7.2600000E+02   0.0000000E+00   0.0000000E+00   0.0000000E+00
   1.5564282E+03   7.3500000E+02   0.0000000E+00   0.0000000E+00   0.0000000E+00
   1.5564357E+03   7.4500000E+02   1.0000000E+00   3.3813509E-04   2.5191064E-01
   1.5564432E+03   7.3100000E+02   1.0000000E+00   1.3585243E-03   9.2650595E-01
   1.5564507E+03   7.7800000E+02   0.0000000E+00   0.0000000E+00   0.0000000E+00
   1.5564583E+03   7.3500000E+02   0.0000000E+00   1.8311440E-04   0.0000000E+00
   1.5564658E+03   7.8100000E+02   0.0000000E+00   0.0000000E+00   0.0000000E+00
   1.5564733E+03   7.2000000E+02   0.0000000E+00   0.0000000E+00   0.0000000E+00
   1.5564808E+03   7.6400000E+02   0.0000000E+00   0.0000000E+00   0.0000000E+00
   1.5564884E+03   7.9000000E+02   0.0000000E+00   0.0000000E+00   0.0000000E+00
   1.5564959E+03   7.0200000E+02   0.0000000E+00   0.0000000E+00   0.0000000E+00
   1.5565034E+03   7.5900000E+02   0.0000000E+00   0.0000000E+00   0.0000000E+00
   1.5565110E+03   7.2100000E+02   0.0000000E+00   0.0000000E+00   0.0000000E+00
   1.5565185E+03   7.5100000E+02   0.0000000E+00   0.0000000E+00   0.0000000E+00
   1.5565260E+03   7.8600000E+02   0.0000000E+00   4.6241801E-05   0.0000000E+00
   1.5565335E+03   7.2400000E+02   0.0000000E+00   0.0000000E+00   0.0000000E+00
   1.5565411E+03   7.3400000E+02   0.0000000E+00   0.0000000E+00   0.0000000E+00
   1.5565486E+03   8.1000000E+02   0.0000000E+00   0.0000000E+00   0.0000000E+00
   1.5565561E+03   7.5800000E+02   0.0000000E+00   0.0000000E+00   0.0000000E+00
   1.5565637E+03   7.4800000E+02   0.0000000E+00   0.0000000E+00   0.0000000E+00
   1.5565712E+03   7.6600000E+02   0.0000000E+00   0.0000000E+00   0.0000000E+00
   1.5565787E+03   7.4400000E+02   0.0000000E+00   0.0000000E+00   0.0000000E+00
   1.5565862E+03   7.4800000E+02   0.0000000E+00   0.0000000E+00   0.0000000E+00
   1.5565938E+03   7.4600000E+02   0.0000000E+00   0.0000000E+00   0.0000000E+00
   1.5566013E+03   7.4100000E+02   0.0000000E+00   0.0000000E+00   0.0000000E+00
   1.5566088E+03   7.6300000E+02   0.0000000E+00   0.0000000E+00   0.0000000E+00
   1.5566164E+03   7.6500000E+02   0.0000000E+00   0.0000000E+00   0.0000000E+00
   1.5566239E+03   7.3200000E+02   0.0000000E+00   0.0000000E+00   0.0000000E+00
   1.5566314E+03   7.5900000E+02   0.0000000E+00   1.3571405E-04   0.0000000E+00
   1.5566389E+03   7.8000000E+02   0.0000000E+00   0.0000000E+00   0.0000000E+00
   1.5566465E+03   7.1700000E+02   0.0000000E+00   0.0000000E+00   0.0000000E+00
   1.5566540E+03   7.6500000E+02   0.0000000E+00   0.0000000E+00   0.0000000E+00
   1.5566615E+03   7.3100000E+02   0.0000000E+00   0.0000000E+00   0.0000000E+00
   1.5566691E+03   7.0700000E+02   0.0000000E+00   0.0000000E+00   0.0000000E+00
   1.5566766E+03   7.4700000E+02   0.0000000E+00   0.0000000E+00   0.0000000E+00
   1.5566841E+03   7.3500000E+02   1.0000000E+00   5.7585221E-04   4.2325138E-01
   1.5566916E+03   7.4600000E+02   0.0000000E+00   0.0000000E+00   0.0000000E+00
   1.5566992E+03   7.3500000E+02   0.0000000E+00   0.0000000E+00   0.0000000E+00
   1.5567067E+03   7.2900000E+02   0.0000000E+00   0.0000000E+00   0.0000000E+00
   1.5567142E+03   7.5900000E+02   0.0000000E+00   0.0000000E+00   0.0000000E+00
   1.5567218E+03   7.5400000E+02   0.0000000E+00   0.0000000E+00   0.0000000E+00
   1.5567293E+03   7.1600000E+02   0.0000000E+00   0.0000000E+00   0.0000000E+00
   1.5567368E+03   7.8100000E+02   0.0000000E+00   0.0000000E+00   0.0000000E+00
   1.5567443E+03   7.5200000E+02   0.0000000E+00   0.0000000E+00   0.0000000E+00
   1.5567519E+03   7.8000000E+02   0.0000000E+00   0.0000000E+00   0.0000000E+00
   1.5567594E+03   8.0000000E+02   0.0000000E+00   0.0000000E+00   0.0000000E+00
   1.5567669E+03   7.0000000E+02   0.0000000E+00   0.0000000E+00   0.0000000E+00
   1.5567745E+03   7.3400000E+02   0.0000000E+00   0.0000000E+00   0.0000000E+00
   1.5567820E+03   7.2200000E+02   0.0000000E+00   0.0000000E+00   0.0000000E+00
   1.5567895E+03   7.6000000E+02   0.0000000E+00   0.0000000E+00   0.0000000E+00
   1.5567970E+03   7.3900000E+02   1.0000000E+00   5.3901116E-04   3.9832924E-01
   1.5568046E+03   7.3700000E+02   0.0000000E+00   0.0000000E+00   0.0000000E+00
   1.5568121E+03   7.4100000E+02   0.0000000E+00   0.0000000E+00   0.0000000E+00
   1.5568196E+03   7.4900000E+02   1.0000000E+00   5.9332046E-04   4.4439702E-01
   1.5568272E+03   7.3800000E+02   1.0000000E+00   3.0097937E-04   2.2212278E-01
   1.5568347E+03   7.5200000E+02   0.0000000E+00   0.0000000E+00   0.0000000E+00
   1.5568422E+03   7.0400000E+02   0.0000000E+00   0.0000000E+00   0.0000000E+00
   1.5568497E+03   7.7200000E+02   0.0000000E+00   0.0000000E+00   0.0000000E+00
   1.5568573E+03   7.5900000E+02   1.0000000E+00   7.0754198E-04   5.3702436E-01
   1.5568648E+03   7.5500000E+02   0.0000000E+00   0.0000000E+00   0.0000000E+00
   1.5568723E+03   7.7300000E+02   0.0000000E+00   0.0000000E+00   0.0000000E+00
   1.5568799E+03   7.4600000E+02   0.0000000E+00   0.0000000E+00   0.0000000E+00
   1.5568874E+03   7.5700000E+02   0.0000000E+00   0.0000000E+00   0.0000000E+00
   1.5568949E+03   7.3400000E+02   0.0000000E+00   0.0000000E+00   0.0000000E+00
   1.5569024E+03   7.4400000E+02   0.0000000E+00   0.0000000E+00   0.0000000E+00
   1.5569100E+03   6.9300000E+02   0.0000000E+00   0.0000000E+00   0.0000000E+00
   1.5569175E+03   7.7600000E+02   1.0000000E+00   7.1370049E-04   5.5383158E-01
   1.5569250E+03   7.5600000E+02   0.0000000E+00   0.0000000E+00   0.0000000E+00
   1.5569325E+03   7.6500000E+02   0.0000000E+00   0.0000000E+00   0.0000000E+00
   1.5569401E+03   7.6700000E+02   1.0000000E+00   9.5175801E-04   7.2999839E-01
   1.5569476E+03   7.3700000E+02   0.0000000E+00   0.0000000E+00   0.0000000E+00
   1.5569551E+03   7.4400000E+02   0.0000000E+00   0.0000000E+00   0.0000000E+00
   1.5569627E+03   7.4800000E+02   0.0000000E+00   0.0000000E+00   0.0000000E+00
   1.5569702E+03   7.7700000E+02   0.0000000E+00   0.0000000E+00   0.0000000E+00
   1.5569777E+03   7.5600000E+02   0.0000000E+00   0.0000000E+00   0.0000000E+00
   1.5569852E+03   7.3700000E+02   0.0000000E+00   0.0000000E+00   0.0000000E+00
   1.5569928E+03   7.8800000E+02   0.0000000E+00   0.0000000E+00   0.0000000E+00
   1.5570003E+03   7.7500000E+02   0.0000000E+00   0.0000000E+00   0.0000000E+00
   1.5570078E+03   7.2900000E+02   0.0000000E+00   0.0000000E+00   0.0000000E+00
   1.5570154E+03   7.9500000E+02   0.0000000E+00   0.0000000E+00   0.0000000E+00
   1.5570229E+03   6.9400000E+02   0.0000000E+00   0.0000000E+00   0.0000000E+00
   1.5570304E+03   7.3600000E+02   0.0000000E+00   0.0000000E+00   0.0000000E+00
   1.5570379E+03   7.4400000E+02   0.0000000E+00   2.5173696E-04   0.0000000E+00
   1.5570455E+03   7.4300000E+02   0.0000000E+00   0.0000000E+00   0.0000000E+00
   1.5570530E+03   7.2900000E+02   0.0000000E+00   0.0000000E+00   0.0000000E+00
   1.5570605E+03   7.8400000E+02   0.0000000E+00   0.0000000E+00   0.0000000E+00
   1.5570681E+03   7.3200000E+02   0.0000000E+00   0.0000000E+00   0.0000000E+00
   1.5570756E+03   7.6300000E+02   0.0000000E+00   0.0000000E+00   0.0000000E+00
   1.5570831E+03   7.7400000E+02   0.0000000E+00   0.0000000E+00   0.0000000E+00
   1.5570906E+03   7.4700000E+02   0.0000000E+00   0.0000000E+00   0.0000000E+00
   1.5570982E+03   7.3700000E+02   0.0000000E+00   0.0000000E+00   0.0000000E+00
   1.5571057E+03   7.4400000E+02   0.0000000E+00   0.0000000E+00   0.0000000E+00
   1.5571132E+03   7.7600000E+02   0.0000000E+00   0.0000000E+00   0.0000000E+00
   1.5571208E+03   7.5700000E+02   0.0000000E+00   1.3431880E-04   0.0000000E+00
   1.5571283E+03   7.7300000E+02   0.0000000E+00   0.0000000E+00   0.0000000E+00
   1.5571358E+03   7.7000000E+02   0.0000000E+00   0.0000000E+00   0.0000000E+00
   1.5571433E+03   8.3600000E+02   0.0000000E+00   0.0000000E+00   0.0000000E+00
   1.5571509E+03   7.4300000E+02   0.0000000E+00   0.0000000E+00   0.0000000E+00
   1.5571584E+03   7.3600000E+02   0.0000000E+00   0.0000000E+00   0.0000000E+00
   1.5571659E+03   7.3800000E+02   0.0000000E+00   0.0000000E+00   0.0000000E+00
   1.5571735E+03   7.1600000E+02   0.0000000E+00   0.0000000E+00   0.0000000E+00
   1.5571810E+03   7.3000000E+02   0.0000000E+00   0.0000000E+00   0.0000000E+00
   1.5571885E+03   7.0100000E+02   0.0000000E+00   0.0000000E+00   0.0000000E+00
   1.5571960E+03   6.8600000E+02   0.0000000E+00   0.0000000E+00   0.0000000E+00
   1.5572036E+03   7.1900000E+02   0.0000000E+00   0.0000000E+00   0.0000000E+00
   1.5572111E+03   7.5200000E+02   0.0000000E+00   0.0000000E+00   0.0000000E+00
   1.5572186E+03   7.7700000E+02   0.0000000E+00   0.0000000E+00   0.0000000E+00
   1.5572262E+03   8.0000000E+02   0.0000000E+00   0.0000000E+00   0.0000000E+00
   1.5572337E+03   7.3000000E+02   0.0000000E+00   0.0000000E+00   0.0000000E+00
   1.5572412E+03   7.4800000E+02   0.0000000E+00   0.0000000E+00   0.0000000E+00
   1.5572487E+03   7.6200000E+02   0.0000000E+00   0.0000000E+00   0.0000000E+00
   1.5572563E+03   8.0000000E+02   0.0000000E+00   0.0000000E+00   0.0000000E+00
   1.5572638E+03   7.5800000E+02   0.0000000E+00   0.0000000E+00   0.0000000E+00
   1.5572713E+03   7.5900000E+02   1.0000000E+00   3.0358816E-04   2.3042341E-01
   1.5572789E+03   7.8000000E+02   1.0000000E+00   1.0057163E-03   7.8445873E-01
   1.5572864E+03   7.2200000E+02   0.0000000E+00   0.0000000E+00   0.0000000E+00
   1.5572939E+03   7.7000000E+02   0.0000000E+00   0.0000000E+00   0.0000000E+00
   1.5573014E+03   7.5500000E+02   1.0000000E+00   3.7532419E-04   2.8336976E-01
   1.5573090E+03   7.7300000E+02   0.0000000E+00   0.0000000E+00   0.0000000E+00
   1.5573165E+03   7.8300000E+02   0.0000000E+00   0.0000000E+00   0.0000000E+00
   1.5573240E+03   7.4200000E+02   1.0000000E+00   1.0745751E-03   7.9733473E-01
   1.5573316E+03   7.5600000E+02   0.0000000E+00   0.0000000E+00   0.0000000E+00
   1.5573391E+03   7.3100000E+02   1.0000000E+00   1.2940939E-03   9.4598261E-01
   1.5573466E+03   7.4200000E+02   0.0000000E+00   0.0000000E+00   0.0000000E+00
   1.5573541E+03   7.6000000E+02   1.0000000E+00   2.4237052E-04   1.8420159E-01
   1.5573617E+03   7.8700000E+02   1.0000000E+00   8.3007786E-04   6.5327128E-01
   1.5573692E+03   7.6000000E+02   0.0000000E+00   0.0000000E+00   0.0000000E+00
   1.5573767E+03   7.2600000E+02   0.0000000E+00   0.0000000E+00   0.0000000E+00
   1.5573842E+03   7.5400000E+02   0.0000000E+00   0.0000000E+00   0.0000000E+00
   1.5573918E+03   7.6100000E+02   0.0000000E+00   0.0000000E+00   0.0000000E+00
   1.5573993E+03   7.8600000E+02   0.0000000E+00   0.0000000E+00   0.0000000E+00
   1.5574068E+03   7.2000000E+02   0.0000000E+00   0.0000000E+00   0.0000000E+00
   1.5574144E+03   7.7300000E+02   0.0000000E+00   0.0000000E+00   0.0000000E+00
   1.5574219E+03   7.4600000E+02   0.0000000E+00   0.0000000E+00   0.0000000E+00
   1.5574294E+03   7.0900000E+02   0.0000000E+00   0.0000000E+00   0.0000000E+00
   1.5574369E+03   7.4700000E+02   0.0000000E+00   0.0000000E+00   0.0000000E+00
   1.5574445E+03   7.6400000E+02   0.0000000E+00   0.0000000E+00   0.0000000E+00
   1.5574520E+03   7.7200000E+02   0.0000000E+00   0.0000000E+00   0.0000000E+00
   1.5574595E+03   7.7000000E+02   0.0000000E+00   0.0000000E+00   0.0000000E+00
   1.5574671E+03   7.5500000E+02   0.0000000E+00   0.0000000E+00   0.0000000E+00
   1.5574746E+03   7.3000000E+02   0.0000000E+00   0.0000000E+00   0.0000000E+00
   1.5574821E+03   7.5700000E+02   0.0000000E+00   0.0000000E+00   0.0000000E+00
   1.5574896E+03   7.4600000E+02   0.0000000E+00   0.0000000E+00   0.0000000E+00
   1.5574972E+03   7.1100000E+02   1.0000000E+00   1.0478697E-03   7.4503535E-01
   1.5575047E+03   7.6300000E+02   0.0000000E+00   0.0000000E+00   0.0000000E+00
   1.5575122E+03   7.8600000E+02   0.0000000E+00   0.0000000E+00   0.0000000E+00
   1.5575198E+03   7.6100000E+02   0.0000000E+00   0.0000000E+00   0.0000000E+00
   1.5575273E+03   7.7600000E+02   0.0000000E+00   0.0000000E+00   0.0000000E+00
   1.5575348E+03   7.5500000E+02   0.0000000E+00   0.0000000E+00   0.0000000E+00
   1.5575423E+03   7.4700000E+02   0.0000000E+00   0.0000000E+00   0.0000000E+00
   1.5575499E+03   7.4300000E+02   0.0000000E+00   0.0000000E+00   0.0000000E+00
   1.5575574E+03   7.5700000E+02   0.0000000E+00   0.0000000E+00   0.0000000E+00
   1.5575649E+03   7.5500000E+02   0.0000000E+00   0.0000000E+00   0.0000000E+00
   1.5575725E+03   7.7000000E+02   0.0000000E+00   0.0000000E+00   0.0000000E+00
   1.5575800E+03   7.5400000E+02   0.0000000E+00   0.0000000E+00   0.0000000E+00
   1.5575875E+03   7.4400000E+02   0.0000000E+00   0.0000000E+00   0.0000000E+00
   1.5575950E+03   7.4800000E+02   0.0000000E+00   0.0000000E+00   0.0000000E+00
   1.5576026E+03   7.8100000E+02   0.0000000E+00   0.0000000E+00   0.0000000E+00
   1.5576101E+03   7.7100000E+02   0.0000000E+00   1.1932559E-04   0.0000000E+00
   1.5576176E+03   7.5200000E+02   1.0000000E+00   6.4775800E-04   4.8711402E-01
   1.5576252E+03   7.1200000E+02   0.0000000E+00   0.0000000E+00   0.0000000E+00
   1.5576327E+03   7.3500000E+02   0.0000000E+00   0.0000000E+00   0.0000000E+00
   1.5576402E+03   7.4700000E+02   0.0000000E+00   0.0000000E+00   0.0000000E+00
   1.5576477E+03   7.7000000E+02   0.0000000E+00   0.0000000E+00   0.0000000E+00
   1.5576553E+03   7.1400000E+02   1.0000000E+00   6.3681864E-04   4.5468851E-01
   1.5576628E+03   7.7100000E+02   0.0000000E+00   0.0000000E+00   0.0000000E+00
   1.5576703E+03   7.5200000E+02   0.0000000E+00   0.0000000E+00   0.0000000E+00
   1.5576779E+03   7.2400000E+02   0.0000000E+00   0.0000000E+00   0.0000000E+00
   1.5576854E+03   7.5500000E+02   0.0000000E+00   0.0000000E+00   0.0000000E+00
   1.5576929E+03   7.3300000E+02   0.0000000E+00   0.0000000E+00   0.0000000E+00
   1.5577004E+03   7.6100000E+02   0.0000000E+00   0.0000000E+00   0.0000000E+00
   1.5577080E+03   7.5000000E+02   0.0000000E+00   0.0000000E+00   0.0000000E+00
   1.5577155E+03   7.4400000E+02   0.0000000E+00   0.0000000E+00   0.0000000E+00
   1.5577230E+03   7.6400000E+02   0.0000000E+00   0.0000000E+00   0.0000000E+00
   1.5577306E+03   7.4100000E+02   0.0000000E+00   0.0000000E+00   0.0000000E+00
   1.5577381E+03   7.5000000E+02   0.0000000E+00   0.0000000E+00   0.0000000E+00
   1.5577456E+03   7.4900000E+02   0.0000000E+00   0.0000000E+00   0.0000000E+00
   1.5577531E+03   6.9600000E+02   0.0000000E+00   0.0000000E+00   0.0000000E+00
   1.5577607E+03   7.6200000E+02   1.0000000E+00   6.6060175E-04   5.0337854E-01
   1.5577682E+03   7.1500000E+02   0.0000000E+00   0.0000000E+00   0.0000000E+00
   1.5577757E+03   7.7900000E+02   0.0000000E+00   0.0000000E+00   0.0000000E+00
   1.5577833E+03   7.9700000E+02   0.0000000E+00   0.0000000E+00   0.0000000E+00
   1.5577908E+03   8.3900000E+02   0.0000000E+00   0.0000000E+00   0.0000000E+00
   1.5577983E+03   7.4900000E+02   0.0000000E+00   0.0000000E+00   0.0000000E+00
   1.5578058E+03   7.6100000E+02   0.0000000E+00   0.0000000E+00   0.0000000E+00
   1.5578134E+03   7.7600000E+02   0.0000000E+00   0.0000000E+00   0.0000000E+00
   1.5578209E+03   7.5800000E+02   0.0000000E+00   0.0000000E+00   0.0000000E+00
   1.5578284E+03   7.7500000E+02   0.0000000E+00   0.0000000E+00   0.0000000E+00
   1.5578359E+03   7.3000000E+02   0.0000000E+00   0.0000000E+00   0.0000000E+00
   1.5578435E+03   7.3900000E+02   0.0000000E+00   0.0000000E+00   0.0000000E+00
   1.5578510E+03   7.4000000E+02   0.0000000E+00   0.0000000E+00   0.0000000E+00
   1.5578585E+03   7.6000000E+02   0.0000000E+00   0.0000000E+00   0.0000000E+00
   1.5578661E+03   7.8100000E+02   0.0000000E+00   0.0000000E+00   0.0000000E+00
   1.5578736E+03   7.5400000E+02   0.0000000E+00   0.0000000E+00   0.0000000E+00
   1.5578811E+03   7.0100000E+02   0.0000000E+00   0.0000000E+00   0.0000000E+00
   1.5578886E+03   7.3600000E+02   0.0000000E+00   0.0000000E+00   0.0000000E+00
   1.5578962E+03   7.4800000E+02   0.0000000E+00   0.0000000E+00   0.0000000E+00
   1.5579037E+03   7.6400000E+02   0.0000000E+00   0.0000000E+00   0.0000000E+00
   1.5579112E+03   7.7700000E+02   0.0000000E+00   0.0000000E+00   0.0000000E+00
   1.5579188E+03   7.8800000E+02   0.0000000E+00   0.0000000E+00   0.0000000E+00
   1.5579263E+03   7.4000000E+02   0.0000000E+00   0.0000000E+00   0.0000000E+00
   1.5579338E+03   7.7600000E+02   0.0000000E+00   0.0000000E+00   0.0000000E+00
   1.5579413E+03   7.2100000E+02   0.0000000E+00   0.0000000E+00   0.0000000E+00
   1.5579489E+03   7.6400000E+02   0.0000000E+00   0.0000000E+00   0.0000000E+00
   1.5579564E+03   7.3800000E+02   0.0000000E+00   0.0000000E+00   0.0000000E+00
   1.5579639E+03   7.2400000E+02   0.0000000E+00   0.0000000E+00   0.0000000E+00
   1.5579715E+03   8.0700000E+02   0.0000000E+00   0.0000000E+00   0.0000000E+00
   1.5579790E+03   7.5800000E+02   0.0000000E+00   0.0000000E+00   0.0000000E+00
   1.5579865E+03   7.4200000E+02   0.0000000E+00   0.0000000E+00   0.0000000E+00
   1.5579940E+03   7.3300000E+02   0.0000000E+00   0.0000000E+00   0.0000000E+00
   1.5580016E+03   7.8400000E+02   0.0000000E+00   0.0000000E+00   0.0000000E+00
   1.5580091E+03   7.5600000E+02   0.0000000E+00   0.0000000E+00   0.0000000E+00
   1.5580166E+03   7.5300000E+02   0.0000000E+00   0.0000000E+00   0.0000000E+00
   1.5580242E+03   7.6600000E+02   0.0000000E+00   0.0000000E+00   0.0000000E+00
   1.5580317E+03   7.6300000E+02   0.0000000E+00   0.0000000E+00   0.0000000E+00
   1.5580392E+03   7.8700000E+02   0.0000000E+00   0.0000000E+00   0.0000000E+00
   1.5580467E+03   7.1100000E+02   0.0000000E+00   0.0000000E+00   0.0000000E+00
   1.5580543E+03   7.2500000E+02   0.0000000E+00   0.0000000E+00   0.0000000E+00
   1.5580618E+03   7.3500000E+02   0.0000000E+00   0.0000000E+00   0.0000000E+00
   1.5580693E+03   7.6600000E+02   0.0000000E+00   0.0000000E+00   0.0000000E+00
   1.5580769E+03   7.7900000E+02   0.0000000E+00   0.0000000E+00   0.0000000E+00
   1.5580844E+03   7.1900000E+02   0.0000000E+00   0.0000000E+00   0.0000000E+00
   1.5580919E+03   7.4000000E+02   0.0000000E+00   0.0000000E+00   0.0000000E+00
   1.5580994E+03   7.4100000E+02   0.0000000E+00   0.0000000E+00   0.0000000E+00
   1.5581070E+03   6.8800000E+02   0.0000000E+00   0.0000000E+00   0.0000000E+00
   1.5581145E+03   8.1700000E+02   0.0000000E+00   0.0000000E+00   0.0000000E+00
   1.5581220E+03   7.6000000E+02   0.0000000E+00   0.0000000E+00   0.0000000E+00
   1.5581296E+03   7.2100000E+02   0.0000000E+00   0.0000000E+00   0.0000000E+00
   1.5581371E+03   7.4600000E+02   0.0000000E+00   0.0000000E+00   0.0000000E+00
   1.5581446E+03   7.6100000E+02   1.0000000E+00   5.2408105E-04   3.9882568E-01
   1.5581521E+03   8.1400000E+02   0.0000000E+00   0.0000000E+00   0.0000000E+00
   1.5581597E+03   7.3900000E+02   0.0000000E+00   0.0000000E+00   0.0000000E+00
   1.5581672E+03   7.4800000E+02   1.0000000E+00   1.4727873E-04   1.1016449E-01
   1.5581747E+03   7.7100000E+02   0.0000000E+00   0.0000000E+00   0.0000000E+00
   1.5581823E+03   7.3000000E+02   1.0000000E+00   6.0012083E-04   4.3808821E-01
   1.5581898E+03   7.6000000E+02   0.0000000E+00   0.0000000E+00   0.0000000E+00
   1.5581973E+03   7.3100000E+02   0.0000000E+00   0.0000000E+00   0.0000000E+00
   1.5582048E+03   7.3600000E+02   0.0000000E+00   0.0000000E+00   0.0000000E+00
   1.5582124E+03   7.5600000E+02   0.0000000E+00   0.0000000E+00   0.0000000E+00
   1.5582199E+03   7.6000000E+02   0.0000000E+00   0.0000000E+00   0.0000000E+00
   1.5582274E+03   7.2900000E+02   0.0000000E+00   0.0000000E+00   0.0000000E+00
   1.5582350E+03   7.2100000E+02   0.0000000E+00   0.0000000E+00   0.0000000E+00
   1.5582425E+03   7.5600000E+02   0.0000000E+00   0.0000000E+00   0.0000000E+00
   1.5582500E+03   7.4300000E+02   0.0000000E+00   0.0000000E+00   0.0000000E+00
   1.5582575E+03   7.5700000E+02   0.0000000E+00   0.0000000E+00   0.0000000E+00
   1.5582651E+03   7.2900000E+02   0.0000000E+00   0.0000000E+00   0.0000000E+00
   1.5582726E+03   7.2800000E+02   0.0000000E+00   0.0000000E+00   0.0000000E+00
   1.5582801E+03   7.6900000E+02   0.0000000E+00   0.0000000E+00   0.0000000E+00
   1.5582876E+03   7.5100000E+02   0.0000000E+00   0.0000000E+00   0.0000000E+00
   1.5582952E+03   7.2200000E+02   0.0000000E+00   0.0000000E+00   0.0000000E+00
   1.5583027E+03   7.3700000E+02   0.0000000E+00   0.0000000E+00   0.0000000E+00
   1.5583102E+03   7.7700000E+02   0.0000000E+00   0.0000000E+00   0.0000000E+00
   1.5583178E+03   7.3100000E+02   0.0000000E+00   0.0000000E+00   0.0000000E+00
   1.5583253E+03   7.5300000E+02   0.0000000E+00   0.0000000E+00   0.0000000E+00
   1.5583328E+03   7.7000000E+02   0.0000000E+00   0.0000000E+00   0.0000000E+00
   1.5583403E+03   7.9800000E+02   0.0000000E+00   0.0000000E+00   0.0000000E+00
   1.5583479E+03   7.5600000E+02   1.0000000E+00   4.2416145E-04   3.2066605E-01
   1.5583554E+03   7.4900000E+02   0.0000000E+00   0.0000000E+00   0.0000000E+00
   1.5583629E+03   7.8900000E+02   0.0000000E+00   0.0000000E+00   0.0000000E+00
   1.5583705E+03   7.4600000E+02   0.0000000E+00   0.0000000E+00   0.0000000E+00
   1.5583780E+03   7.5200000E+02   1.0000000E+00   1.2112617E-03   9.1086877E-01
   1.5583855E+03   7.2200000E+02   0.0000000E+00   0.0000000E+00   0.0000000E+00
   1.5583930E+03   7.9600000E+02   0.0000000E+00   0.0000000E+00   0.0000000E+00
   1.5584006E+03   8.1300000E+02   0.0000000E+00   0.0000000E+00   0.0000000E+00
   1.5584081E+03   7.7600000E+02   0.0000000E+00   0.0000000E+00   0.0000000E+00
   1.5584156E+03   7.8100000E+02   0.0000000E+00   0.0000000E+00   0.0000000E+00
   1.5584232E+03   7.6300000E+02   0.0000000E+00   0.0000000E+00   0.0000000E+00
   1.5584307E+03   7.4400000E+02   0.0000000E+00   0.0000000E+00   0.0000000E+00
   1.5584382E+03   7.5800000E+02   0.0000000E+00   0.0000000E+00   0.0000000E+00
   1.5584457E+03   7.2200000E+02   0.0000000E+00   0.0000000E+00   0.0000000E+00
   1.5584533E+03   7.5500000E+02   0.0000000E+00   0.0000000E+00   0.0000000E+00
   1.5584608E+03   7.5500000E+02   0.0000000E+00   0.0000000E+00   0.0000000E+00
   1.5584683E+03   7.5200000E+02   0.0000000E+00   1.2131844E-05   0.0000000E+00
   1.5584759E+03   7.1800000E+02   0.0000000E+00   0.0000000E+00   0.0000000E+00
   1.5584834E+03   7.6900000E+02   0.0000000E+00   0.0000000E+00   0.0000000E+00
   1.5584909E+03   7.4300000E+02   0.0000000E+00   0.0000000E+00   0.0000000E+00
   1.5584984E+03   7.3100000E+02   0.0000000E+00   0.0000000E+00   0.0000000E+00
   1.5585060E+03   7.8600000E+02   0.0000000E+00   0.0000000E+00   0.0000000E+00
   1.5585135E+03   7.7000000E+02   0.0000000E+00   0.0000000E+00   0.0000000E+00
   1.5585210E+03   7.2500000E+02   0.0000000E+00   0.0000000E+00   0.0000000E+00
   1.5585286E+03   7.7900000E+02   0.0000000E+00   0.0000000E+00   0.0000000E+00
   1.5585361E+03   7.5100000E+02   0.0000000E+00   0.0000000E+00   0.0000000E+00
   1.5585436E+03   7.4200000E+02   0.0000000E+00   0.0000000E+00   0.0000000E+00
   1.5585511E+03   7.4200000E+02   0.0000000E+00   0.0000000E+00   0.0000000E+00
   1.5585587E+03   7.6800000E+02   0.0000000E+00   0.0000000E+00   0.0000000E+00
   1.5585662E+03   7.6100000E+02   0.0000000E+00   0.0000000E+00   0.0000000E+00
   1.5585737E+03   7.4900000E+02   0.0000000E+00   0.0000000E+00   0.0000000E+00
   1.5585813E+03   7.4200000E+02   0.0000000E+00   0.0000000E+00   0.0000000E+00
   1.5585888E+03   7.2100000E+02   0.0000000E+00   0.0000000E+00   0.0000000E+00
   1.5585963E+03   7.4100000E+02   0.0000000E+00   0.0000000E+00   0.0000000E+00
   1.5586038E+03   7.6800000E+02   0.0000000E+00   0.0000000E+00   0.0000000E+00
   1.5586114E+03   7.4200000E+02   0.0000000E+00   0.0000000E+00   0.0000000E+00
   1.5586189E+03   7.4200000E+02   0.0000000E+00   0.0000000E+00   0.0000000E+00
   1.5586264E+03   7.2900000E+02   0.0000000E+00   0.0000000E+00   0.0000000E+00
   1.5586340E+03   7.2800000E+02   0.0000000E+00   0.0000000E+00   0.0000000E+00
   1.5586415E+03   7.6900000E+02   0.0000000E+00   0.0000000E+00   0.0000000E+00
   1.5586490E+03   7.6500000E+02   0.0000000E+00   0.0000000E+00   0.0000000E+00
   1.5586565E+03   7.5500000E+02   0.0000000E+00   0.0000000E+00   0.0000000E+00
   1.5586641E+03   7.9500000E+02   0.0000000E+00   0.0000000E+00   0.0000000E+00
   1.5586716E+03   7.4700000E+02   0.0000000E+00   0.0000000E+00   0.0000000E+00
   1.5586791E+03   7.8400000E+02   0.0000000E+00   0.0000000E+00   0.0000000E+00
   1.5586867E+03   7.5700000E+02   0.0000000E+00   0.0000000E+00   0.0000000E+00
   1.5586942E+03   7.7700000E+02   0.0000000E+00   0.0000000E+00   0.0000000E+00
   1.5587017E+03   7.1200000E+02   1.0000000E+00   1.3679348E-03   9.5054520E-01
   1.5587092E+03   7.6800000E+02   0.0000000E+00   0.0000000E+00   0.0000000E+00
   1.5587168E+03   7.3400000E+02   0.0000000E+00   0.0000000E+00   0.0000000E+00
   1.5587243E+03   7.8200000E+02   0.0000000E+00   0.0000000E+00   0.0000000E+00
   1.5587318E+03   7.6600000E+02   0.0000000E+00   0.0000000E+00   0.0000000E+00
   1.5587393E+03   6.6700000E+02   0.0000000E+00   0.0000000E+00   0.0000000E+00
   1.5587469E+03   7.6900000E+02   0.0000000E+00   0.0000000E+00   0.0000000E+00
   1.5587544E+03   7.6800000E+02   0.0000000E+00   0.0000000E+00   0.0000000E+00
   1.5587619E+03   8.1100000E+02   0.0000000E+00   0.0000000E+00   0.0000000E+00
   1.5587695E+03   7.5200000E+02   0.0000000E+00   0.0000000E+00   0.0000000E+00
   1.5587770E+03   7.7900000E+02   0.0000000E+00   0.0000000E+00   0.0000000E+00
   1.5587845E+03   7.3300000E+02   0.0000000E+00   0.0000000E+00   0.0000000E+00
   1.5587920E+03   7.5200000E+02   0.0000000E+00   0.0000000E+00   0.0000000E+00
   1.5587996E+03   7.5400000E+02   0.0000000E+00   0.0000000E+00   0.0000000E+00
   1.5588071E+03   7.6200000E+02   1.0000000E+00   2.6819928E-04   2.0436785E-01
   1.5588146E+03   7.4200000E+02   0.0000000E+00   0.0000000E+00   0.0000000E+00
   1.5588222E+03   7.7800000E+02   0.0000000E+00   0.0000000E+00   0.0000000E+00
   1.5588297E+03   8.3300000E+02   0.0000000E+00   0.0000000E+00   0.0000000E+00
   1.5588372E+03   7.7300000E+02   0.0000000E+00   0.0000000E+00   0.0000000E+00
   1.5588447E+03   7.9100000E+02   0.0000000E+00   0.0000000E+00   0.0000000E+00
   1.5588523E+03   7.5700000E+02   0.0000000E+00   0.0000000E+00   0.0000000E+00
   1.5588598E+03   7.2000000E+02   0.0000000E+00   0.0000000E+00   0.0000000E+00
   1.5588673E+03   7.3700000E+02   0.0000000E+00   0.0000000E+00   0.0000000E+00
   1.5588749E+03   7.6400000E+02   0.0000000E+00   0.0000000E+00   0.0000000E+00
   1.5588824E+03   7.5900000E+02   1.0000000E+00   7.6362937E-04   5.7959469E-01
   1.5588899E+03   7.3400000E+02   0.0000000E+00   0.0000000E+00   0.0000000E+00
   1.5588974E+03   7.7000000E+02   0.0000000E+00   0.0000000E+00   0.0000000E+00
   1.5589050E+03   7.2800000E+02   0.0000000E+00   0.0000000E+00   0.0000000E+00
   1.5589125E+03   8.0600000E+02   0.0000000E+00   0.0000000E+00   0.0000000E+00
   1.5589200E+03   7.3400000E+02   0.0000000E+00   0.0000000E+00   0.0000000E+00
   1.5589276E+03   7.4700000E+02   0.0000000E+00   0.0000000E+00   0.0000000E+00
   1.5589351E+03   7.9800000E+02   0.0000000E+00   0.0000000E+00   0.0000000E+00
   1.5589426E+03   7.7700000E+02   0.0000000E+00   0.0000000E+00   0.0000000E+00
   1.5589501E+03   7.6700000E+02   1.0000000E+00   1.0230695E-03   7.8469427E-01
   1.5589577E+03   7.5100000E+02   0.0000000E+00   0.0000000E+00   0.0000000E+00
   1.5589652E+03   7.7900000E+02   0.0000000E+00   0.0000000E+00   0.0000000E+00
   1.5589727E+03   7.0100000E+02   0.0000000E+00   0.0000000E+00   0.0000000E+00
   1.5589803E+03   7.4400000E+02   0.0000000E+00   0.0000000E+00   0.0000000E+00
   1.5589878E+03   7.9700000E+02   0.0000000E+00   0.0000000E+00   0.0000000E+00
   1.5589953E+03   7.7300000E+02   0.0000000E+00   0.0000000E+00   0.0000000E+00
   1.5590028E+03   7.3700000E+02   0.0000000E+00   0.0000000E+00   0.0000000E+00
   1.5590104E+03   7.2600000E+02   0.0000000E+00   0.0000000E+00   0.0000000E+00
   1.5590179E+03   7.4100000E+02   0.0000000E+00   0.0000000E+00   0.0000000E+00
   1.5590254E+03   7.5500000E+02   0.0000000E+00   0.0000000E+00   0.0000000E+00
   1.5590330E+03   7.3400000E+02   0.0000000E+00   0.0000000E+00   0.0000000E+00
   1.5590405E+03   7.2000000E+02   0.0000000E+00   0.0000000E+00   0.0000000E+00
   1.5590480E+03   8.0300000E+02   0.0000000E+00   0.0000000E+00   0.0000000E+00
   1.5590555E+03   8.3500000E+02   0.0000000E+00   0.0000000E+00   0.0000000E+00
   1.5590631E+03   7.7300000E+02   0.0000000E+00   0.0000000E+00   0.0000000E+00
   1.5590706E+03   7.5300000E+02   1.0000000E+00   1.2817869E-03   9.6518550E-01
   1.5590781E+03   7.4900000E+02   0.0000000E+00   0.0000000E+00   0.0000000E+00
   1.5590857E+03   7.3900000E+02   0.0000000E+00   0.0000000E+00   0.0000000E+00
   1.5590932E+03   7.5600000E+02   0.0000000E+00   0.0000000E+00   0.0000000E+00
   1.5591007E+03   7.9200000E+02   0.0000000E+00   0.0000000E+00   0.0000000E+00
   1.5591082E+03   7.0900000E+02   0.0000000E+00   0.0000000E+00   0.0000000E+00
   1.5591158E+03   7.8000000E+02   0.0000000E+00   0.0000000E+00   0.0000000E+00
   1.5591233E+03   7.3200000E+02   0.0000000E+00   0.0000000E+00   0.0000000E+00
   1.5591308E+03   7.7200000E+02   0.0000000E+00   0.0000000E+00   0.0000000E+00
   1.5591384E+03   7.8900000E+02   0.0000000E+00   0.0000000E+00   0.0000000E+00
   1.5591459E+03   7.6100000E+02   0.0000000E+00   0.0000000E+00   0.0000000E+00
   1.5591534E+03   7.5900000E+02   0.0000000E+00   0.0000000E+00   0.0000000E+00
   1.5591609E+03   7.4400000E+02   0.0000000E+00   0.0000000E+00   0.0000000E+00
   1.5591685E+03   7.9400000E+02   0.0000000E+00   0.0000000E+00   0.0000000E+00
   1.5591760E+03   7.2000000E+02   0.0000000E+00   4.0974806E-06   0.0000000E+00
   1.5591835E+03   7.6200000E+02   0.0000000E+00   0.0000000E+00   0.0000000E+00
   1.5591910E+03   7.1700000E+02   0.0000000E+00   0.0000000E+00   0.0000000E+00
   1.5591986E+03   7.4300000E+02   0.0000000E+00   0.0000000E+00   0.0000000E+00
   1.5592061E+03   7.4500000E+02   0.0000000E+00   0.0000000E+00   0.0000000E+00
   1.5592136E+03   7.2300000E+02   0.0000000E+00   0.0000000E+00   0.0000000E+00
   1.5592212E+03   7.4900000E+02   0.0000000E+00   0.0000000E+00   0.0000000E+00
   1.5592287E+03   7.6700000E+02   0.0000000E+00   0.0000000E+00   0.0000000E+00
   1.5592362E+03   7.6600000E+02   0.0000000E+00   0.0000000E+00   0.0000000E+00
   1.5592437E+03   6.6500000E+02   0.0000000E+00   0.0000000E+00   0.0000000E+00
   1.5592513E+03   7.4100000E+02   0.0000000E+00   0.0000000E+00   0.0000000E+00
   1.5592588E+03   7.3200000E+02   0.0000000E+00   0.0000000E+00   0.0000000E+00
   1.5592663E+03   7.3000000E+02   0.0000000E+00   0.0000000E+00   0.0000000E+00
   1.5592739E+03   7.5800000E+02   0.0000000E+00   0.0000000E+00   0.0000000E+00
   1.5592814E+03   7.3300000E+02   0.0000000E+00   0.0000000E+00   0.0000000E+00
   1.5592889E+03   7.7700000E+02   0.0000000E+00   0.0000000E+00   0.0000000E+00
   1.5592964E+03   7.2100000E+02   0.0000000E+00   0.0000000E+00   0.0000000E+00
   1.5593040E+03   8.0400000E+02   0.0000000E+00   0.0000000E+00   0.0000000E+00
   1.5593115E+03   7.2700000E+02   0.0000000E+00   0.0000000E+00   0.0000000E+00
   1.5593190E+03   7.2500000E+02   1.0000000E+00   1.3188522E-03   9.5616784E-01
   1.5593266E+03   7.5400000E+02   0.0000000E+00   0.0000000E+00   0.0000000E+00
   1.5593341E+03   7.5100000E+02   0.0000000E+00   0.0000000E+00   0.0000000E+00
   1.5593416E+03   7.3600000E+02   0.0000000E+00   3.2269397E-04   0.0000000E+00
   1.5593491E+03   7.8700000E+02   0.0000000E+00   0.0000000E+00   0.0000000E+00
   1.5593567E+03   7.9100000E+02   0.0000000E+00   0.0000000E+00   0.0000000E+00
   1.5593642E+03   7.4800000E+02   0.0000000E+00   0.0000000E+00   0.0000000E+00
   1.5593717E+03   7.6500000E+02   0.0000000E+00   0.0000000E+00   0.0000000E+00
   1.5593793E+03   7.8400000E+02   0.0000000E+00   0.0000000E+00   0.0000000E+00
   1.5593868E+03   7.5200000E+02   0.0000000E+00   0.0000000E+00   0.0000000E+00
   1.5593943E+03   7.6800000E+02   0.0000000E+00   0.0000000E+00   0.0000000E+00
   1.5594018E+03   7.7800000E+02   0.0000000E+00   0.0000000E+00   0.0000000E+00
   1.5594094E+03   7.4500000E+02   0.0000000E+00   0.0000000E+00   0.0000000E+00
   1.5594169E+03   7.2400000E+02   0.0000000E+00   0.0000000E+00   0.0000000E+00
   1.5594244E+03   7.7200000E+02   1.0000000E+00   1.0823438E-03   8.3556943E-01
   1.5594320E+03   7.5500000E+02   0.0000000E+00   0.0000000E+00   0.0000000E+00
   1.5594395E+03   7.2600000E+02   0.0000000E+00   0.0000000E+00   0.0000000E+00
   1.5594470E+03   7.2900000E+02   0.0000000E+00   0.0000000E+00   0.0000000E+00
   1.5594545E+03   7.9300000E+02   0.0000000E+00   0.0000000E+00   0.0000000E+00
   1.5594621E+03   7.5800000E+02   0.0000000E+00   0.0000000E+00   0.0000000E+00
   1.5594696E+03   7.6500000E+02   0.0000000E+00   0.0000000E+00   0.0000000E+00
   1.5594771E+03   7.5800000E+02   0.0000000E+00   0.0000000E+00   0.0000000E+00
   1.5594847E+03   7.4700000E+02   0.0000000E+00   0.0000000E+00   0.0000000E+00
   1.5594922E+03   8.1300000E+02   0.0000000E+00   0.0000000E+00   0.0000000E+00
   1.5594997E+03   7.4400000E+02   0.0000000E+00   0.0000000E+00   0.0000000E+00
   1.5595072E+03   7.1300000E+02   0.0000000E+00   0.0000000E+00   0.0000000E+00
   1.5595148E+03   7.4500000E+02   0.0000000E+00   0.0000000E+00   0.0000000E+00
   1.5595223E+03   7.2400000E+02   0.0000000E+00   0.0000000E+00   0.0000000E+00
   1.5595298E+03   7.4900000E+02   0.0000000E+00   0.0000000E+00   0.0000000E+00
   1.5595374E+03   7.2900000E+02   0.0000000E+00   0.0000000E+00   0.0000000E+00
   1.5595449E+03   7.7500000E+02   0.0000000E+00   0.0000000E+00   0.0000000E+00
   1.5595524E+03   7.5200000E+02   1.0000000E+00   9.6681592E-04   7.2704558E-01
   1.5595599E+03   7.7400000E+02   0.0000000E+00   0.0000000E+00   0.0000000E+00
   1.5595675E+03   7.6100000E+02   0.0000000E+00   0.0000000E+00   0.0000000E+00
   1.5595750E+03   7.5900000E+02   0.0000000E+00   0.0000000E+00   0.0000000E+00
   1.5595825E+03   7.6100000E+02   1.0000000E+00   1.1464355E-03   8.7243742E-01
   1.5595901E+03   7.5200000E+02   1.0000000E+00   1.9160067E-04   1.4408371E-01
   1.5595976E+03   7.3300000E+02   0.0000000E+00   5.9010392E-04   0.0000000E+00
   1.5596051E+03   7.5200000E+02   0.0000000E+00   0.0000000E+00   0.0000000E+00
   1.5596126E+03   7.0800000E+02   0.0000000E+00   0.0000000E+00   0.0000000E+00
   1.5596202E+03   7.6100000E+02   0.0000000E+00   0.0000000E+00   0.0000000E+00
   1.5596277E+03   7.4000000E+02   0.0000000E+00   0.0000000E+00   0.0000000E+00
   1.5596352E+03   7.4500000E+02   0.0000000E+00   0.0000000E+00   0.0000000E+00
   1.5596427E+03   7.6200000E+02   0.0000000E+00   0.0000000E+00   0.0000000E+00
   1.5596503E+03   7.5200000E+02   0.0000000E+00   0.0000000E+00   0.0000000E+00
   1.5596578E+03   7.2500000E+02   0.0000000E+00   0.0000000E+00   0.0000000E+00
   1.5596653E+03   7.6300000E+02   0.0000000E+00   0.0000000E+00   0.0000000E+00
   1.5596729E+03   7.8400000E+02   0.0000000E+00   0.0000000E+00   0.0000000E+00
   1.5596804E+03   7.4300000E+02   0.0000000E+00   0.0000000E+00   0.0000000E+00
   1.5596879E+03   7.4000000E+02   1.0000000E+00   3.5811271E-04   2.6500341E-01
   1.5596954E+03   7.3400000E+02   0.0000000E+00   0.0000000E+00   0.0000000E+00
   1.5597030E+03   7.5100000E+02   0.0000000E+00   0.0000000E+00   0.0000000E+00
   1.5597105E+03   7.5500000E+02   0.0000000E+00   0.0000000E+00   0.0000000E+00
   1.5597180E+03   6.9700000E+02   0.0000000E+00   0.0000000E+00   0.0000000E+00
   1.5597256E+03   7.7600000E+02   0.0000000E+00   0.0000000E+00   0.0000000E+00
   1.5597331E+03   7.6700000E+02   0.0000000E+00   0.0000000E+00   0.0000000E+00
   1.5597406E+03   7.4900000E+02   0.0000000E+00   0.0000000E+00   0.0000000E+00
   1.5597481E+03   7.6200000E+02   0.0000000E+00   0.0000000E+00   0.0000000E+00
   1.5597557E+03   7.3400000E+02   0.0000000E+00   0.0000000E+00   0.0000000E+00
   1.5597632E+03   7.8200000E+02   0.0000000E+00   0.0000000E+00   0.0000000E+00
   1.5597707E+03   7.5600000E+02   0.0000000E+00   1.7110168E-04   0.0000000E+00
   1.5597783E+03   7.3800000E+02   0.0000000E+00   0.0000000E+00   0.0000000E+00
   1.5597858E+03   7.9700000E+02   0.0000000E+00   0.0000000E+00   0.0000000E+00
   1.5597933E+03   7.1900000E+02   0.0000000E+00   0.0000000E+00   0.0000000E+00
   1.5598008E+03   8.0300000E+02   1.0000000E+00   7.1773497E-04   5.7634118E-01
   1.5598084E+03   7.5800000E+02   0.0000000E+00   0.0000000E+00   0.0000000E+00
   1.5598159E+03   7.3500000E+02   0.0000000E+00   0.0000000E+00   0.0000000E+00
   1.5598234E+03   7.4000000E+02   0.0000000E+00   0.0000000E+00   0.0000000E+00
   1.5598310E+03   7.2400000E+02   0.0000000E+00   0.0000000E+00   0.0000000E+00
   1.5598385E+03   7.2400000E+02   0.0000000E+00   0.0000000E+00   0.0000000E+00
   1.5598460E+03   7.3900000E+02   0.0000000E+00   0.0000000E+00   0.0000000E+00
   1.5598535E+03   6.9000000E+02   0.0000000E+00   0.0000000E+00   0.0000000E+00
   1.5598611E+03   7.4300000E+02   0.0000000E+00   0.0000000E+00   0.0000000E+00
   1.5598686E+03   7.7900000E+02   0.0000000E+00   0.0000000E+00   0.0000000E+00
   1.5598761E+03   6.9400000E+02   0.0000000E+00   0.0000000E+00   0.0000000E+00
   1.5598837E+03   7.3000000E+02   0.0000000E+00   0.0000000E+00   0.0000000E+00
   1.5598912E+03   7.4400000E+02   0.0000000E+00   0.0000000E+00   0.0000000E+00
   1.5598987E+03   7.3500000E+02   0.0000000E+00   0.0000000E+00   0.0000000E+00
   1.5599062E+03   7.2100000E+02   0.0000000E+00   0.0000000E+00   0.0000000E+00
   1.5599138E+03   7.5000000E+02   0.0000000E+00   0.0000000E+00   0.0000000E+00
   1.5599213E+03   7.1500000E+02   0.0000000E+00   0.0000000E+00   0.0000000E+00
   1.5599288E+03   7.4500000E+02   1.0000000E+00   6.0849852E-04   4.5333140E-01
   1.5599364E+03   7.2300000E+02   0.0000000E+00   0.0000000E+00   0.0000000E+00
   1.5599439E+03   7.5600000E+02   0.0000000E+00   0.0000000E+00   0.0000000E+00
   1.5599514E+03   7.6100000E+02   0.0000000E+00   0.0000000E+00   0.0000000E+00
   1.5599589E+03   7.4600000E+02   0.0000000E+00   0.0000000E+00   0.0000000E+00
   1.5599665E+03   7.3600000E+02   0.0000000E+00   0.0000000E+00   0.0000000E+00
   1.5599740E+03   7.4500000E+02   0.0000000E+00   0.0000000E+00   0.0000000E+00
   1.5599815E+03   7.5900000E+02   1.0000000E+00   1.1210597E-03   8.5088428E-01
   1.5599891E+03   7.0700000E+02   0.0000000E+00   0.0000000E+00   0.0000000E+00
   1.5599966E+03   7.6200000E+02   0.0000000E+00   0.0000000E+00   0.0000000E+00
   1.5600041E+03   7.6100000E+02   0.0000000E+00   0.0000000E+00   0.0000000E+00
   1.5600116E+03   7.4300000E+02   0.0000000E+00   0.0000000E+00   0.0000000E+00
   1.5600192E+03   7.7300000E+02   0.0000000E+00   0.0000000E+00   0.0000000E+00
   1.5600267E+03   7.6000000E+02   1.0000000E+00   4.4265155E-04   3.3641518E-01
   1.5600342E+03   8.0200000E+02   0.0000000E+00   0.0000000E+00   0.0000000E+00
   1.5600418E+03   7.5900000E+02   0.0000000E+00   0.0000000E+00   0.0000000E+00
   1.5600493E+03   7.9900000E+02   0.0000000E+00   0.0000000E+00   0.0000000E+00
   1.5600568E+03   7.9500000E+02   0.0000000E+00   0.0000000E+00   0.0000000E+00
   1.5600643E+03   7.7000000E+02   0.0000000E+00   0.0000000E+00   0.0000000E+00
   1.5600719E+03   7.3400000E+02   0.0000000E+00   0.0000000E+00   0.0000000E+00
   1.5600794E+03   7.3300000E+02   0.0000000E+00   0.0000000E+00   0.0000000E+00
   1.5600869E+03   7.0900000E+02   0.0000000E+00   0.0000000E+00   0.0000000E+00
   1.5600944E+03   7.7600000E+02   0.0000000E+00   0.0000000E+00   0.0000000E+00
   1.5601020E+03   7.1300000E+02   0.0000000E+00   0.0000000E+00   0.0000000E+00
   1.5601095E+03   7.7100000E+02   0.0000000E+00   0.0000000E+00   0.0000000E+00
   1.5601170E+03   7.3900000E+02   0.0000000E+00   0.0000000E+00   0.0000000E+00
   1.5601246E+03   7.7900000E+02   0.0000000E+00   0.0000000E+00   0.0000000E+00
   1.5601321E+03   7.4600000E+02   0.0000000E+00   0.0000000E+00   0.0000000E+00
   1.5601396E+03   6.9100000E+02   0.0000000E+00   0.0000000E+00   0.0000000E+00
   1.5601471E+03   7.4200000E+02   0.0000000E+00   0.0000000E+00   0.0000000E+00
   1.5601547E+03   6.9900000E+02   0.0000000E+00   0.0000000E+00   0.0000000E+00
   1.5601622E+03   7.3500000E+02   0.0000000E+00   0.0000000E+00   0.0000000E+00
   1.5601697E+03   7.2800000E+02   0.0000000E+00   0.0000000E+00   0.0000000E+00
   1.5601773E+03   7.3000000E+02   0.0000000E+00   0.0000000E+00   0.0000000E+00
   1.5601848E+03   6.8400000E+02   0.0000000E+00   0.0000000E+00   0.0000000E+00
   1.5601923E+03   7.4400000E+02   0.0000000E+00   0.0000000E+00   0.0000000E+00
   1.5601998E+03   7.7200000E+02   0.0000000E+00   0.0000000E+00   0.0000000E+00
   1.5602074E+03   7.3900000E+02   0.0000000E+00   0.0000000E+00   0.0000000E+00
   1.5602149E+03   7.7800000E+02   0.0000000E+00   0.0000000E+00   0.0000000E+00
   1.5602224E+03   7.7400000E+02   0.0000000E+00   0.0000000E+00   0.0000000E+00
   1.5602300E+03   7.3800000E+02   0.0000000E+00   0.0000000E+00   0.0000000E+00
   1.5602375E+03   7.5700000E+02   0.0000000E+00   0.0000000E+00   0.0000000E+00
   1.5602450E+03   7.9800000E+02   0.0000000E+00   0.0000000E+00   0.0000000E+00
   1.5602525E+03   7.1500000E+02   0.0000000E+00   0.0000000E+00   0.0000000E+00
   1.5602601E+03   7.3800000E+02   0.0000000E+00   0.0000000E+00   0.0000000E+00
   1.5602676E+03   7.3000000E+02   0.0000000E+00   0.0000000E+00   0.0000000E+00
   1.5602751E+03   7.8200000E+02   0.0000000E+00   0.0000000E+00   0.0000000E+00
   1.5602827E+03   7.3800000E+02   0.0000000E+00   0.0000000E+00   0.0000000E+00
   1.5602902E+03   7.4900000E+02   0.0000000E+00   0.0000000E+00   0.0000000E+00
   1.5602977E+03   7.3300000E+02   0.0000000E+00   0.0000000E+00   0.0000000E+00
   1.5603052E+03   7.6400000E+02   0.0000000E+00   0.0000000E+00   0.0000000E+00
   1.5603128E+03   7.7400000E+02   0.0000000E+00   0.0000000E+00   0.0000000E+00
   1.5603203E+03   7.4000000E+02   0.0000000E+00   0.0000000E+00   0.0000000E+00
   1.5603278E+03   7.7200000E+02   0.0000000E+00   0.0000000E+00   0.0000000E+00
   1.5603354E+03   7.5400000E+02   0.0000000E+00   0.0000000E+00   0.0000000E+00
   1.5603429E+03   7.7300000E+02   0.0000000E+00   0.0000000E+00   0.0000000E+00
   1.5603504E+03   7.5600000E+02   0.0000000E+00   0.0000000E+00   0.0000000E+00
   1.5603579E+03   7.1900000E+02   0.0000000E+00   0.0000000E+00   0.0000000E+00
   1.5603655E+03   7.7900000E+02   0.0000000E+00   0.0000000E+00   0.0000000E+00
   1.5603730E+03   7.3800000E+02   0.0000000E+00   0.0000000E+00   0.0000000E+00
   1.5603805E+03   7.7100000E+02   0.0000000E+00   0.0000000E+00   0.0000000E+00
   1.5603881E+03   7.9800000E+02   0.0000000E+00   0.0000000E+00   0.0000000E+00
   1.5603956E+03   7.8200000E+02   0.0000000E+00   0.0000000E+00   0.0000000E+00
   1.5604031E+03   7.4700000E+02   0.0000000E+00   0.0000000E+00   0.0000000E+00
   1.5604106E+03   7.1100000E+02   0.0000000E+00   0.0000000E+00   0.0000000E+00
   1.5604182E+03   7.5800000E+02   0.0000000E+00   0.0000000E+00   0.0000000E+00
   1.5604257E+03   7.2600000E+02   0.0000000E+00   0.0000000E+00   0.0000000E+00
   1.5604332E+03   7.3700000E+02   0.0000000E+00   0.0000000E+00   0.0000000E+00
   1.5604408E+03   7.5400000E+02   0.0000000E+00   0.0000000E+00   0.0000000E+00
   1.5604483E+03   7.6400000E+02   0.0000000E+00   0.0000000E+00   0.0000000E+00
   1.5604558E+03   7.3100000E+02   0.0000000E+00   0.0000000E+00   0.0000000E+00
   1.5604633E+03   7.0400000E+02   0.0000000E+00   0.0000000E+00   0.0000000E+00
   1.5604709E+03   7.3700000E+02   0.0000000E+00   0.0000000E+00   0.0000000E+00
   1.5604784E+03   7.6400000E+02   0.0000000E+00   0.0000000E+00   0.0000000E+00
   1.5604859E+03   7.0900000E+02   0.0000000E+00   0.0000000E+00   0.0000000E+00
   1.5604935E+03   7.3300000E+02   0.0000000E+00   0.0000000E+00   0.0000000E+00
   1.5605010E+03   7.3400000E+02   0.0000000E+00   0.0000000E+00   0.0000000E+00
   1.5605085E+03   7.4000000E+02   0.0000000E+00   0.0000000E+00   0.0000000E+00
   1.5605160E+03   7.5100000E+02   0.0000000E+00   0.0000000E+00   0.0000000E+00
   1.5605236E+03   7.4800000E+02   0.0000000E+00   0.0000000E+00   0.0000000E+00
   1.5605311E+03   7.6000000E+02   0.0000000E+00   0.0000000E+00   0.0000000E+00
   1.5605386E+03   8.0000000E+02   0.0000000E+00   0.0000000E+00   0.0000000E+00
   1.5605461E+03   7.3900000E+02   0.0000000E+00   0.0000000E+00   0.0000000E+00
   1.5605537E+03   7.6800000E+02   0.0000000E+00   0.0000000E+00   0.0000000E+00
   1.5605612E+03   8.2000000E+02   0.0000000E+00   0.0000000E+00   0.0000000E+00
   1.5605687E+03   7.6900000E+02   0.0000000E+00   0.0000000E+00   0.0000000E+00
   1.5605763E+03   7.4200000E+02   0.0000000E+00   0.0000000E+00   0.0000000E+00
   1.5605838E+03   7.5800000E+02   0.0000000E+00   0.0000000E+00   0.0000000E+00
   1.5605913E+03   7.7800000E+02   0.0000000E+00   0.0000000E+00   0.0000000E+00
   1.5605988E+03   7.5900000E+02   0.0000000E+00   0.0000000E+00   0.0000000E+00
   1.5606064E+03   8.1400000E+02   0.0000000E+00   0.0000000E+00   0.0000000E+00
   1.5606139E+03   7.5700000E+02   0.0000000E+00   0.0000000E+00   0.0000000E+00
   1.5606214E+03   7.9800000E+02   0.0000000E+00   0.0000000E+00   0.0000000E+00
   1.5606290E+03   7.5400000E+02   0.0000000E+00   0.0000000E+00   0.0000000E+00
   1.5606365E+03   7.6500000E+02   0.0000000E+00   0.0000000E+00   0.0000000E+00
   1.5606440E+03   7.2000000E+02   0.0000000E+00   0.0000000E+00   0.0000000E+00
   1.5606515E+03   7.8200000E+02   0.0000000E+00   0.0000000E+00   0.0000000E+00
   1.5606591E+03   7.8100000E+02   0.0000000E+00   0.0000000E+00   0.0000000E+00
   1.5606666E+03   7.3000000E+02   0.0000000E+00   0.0000000E+00   0.0000000E+00
   1.5606741E+03   7.6200000E+02   0.0000000E+00   0.0000000E+00   0.0000000E+00
   1.5606817E+03   8.0600000E+02   0.0000000E+00   0.0000000E+00   0.0000000E+00
   1.5606892E+03   7.2300000E+02   0.0000000E+00   0.0000000E+00   0.0000000E+00
   1.5606967E+03   7.4400000E+02   0.0000000E+00   0.0000000E+00   0.0000000E+00
   1.5607042E+03   7.2100000E+02   0.0000000E+00   0.0000000E+00   0.0000000E+00
   1.5607118E+03   7.5200000E+02   0.0000000E+00   0.0000000E+00   0.0000000E+00
   1.5607193E+03   7.4600000E+02   0.0000000E+00   0.0000000E+00   0.0000000E+00
   1.5607268E+03   7.0700000E+02   0.0000000E+00   0.0000000E+00   0.0000000E+00
   1.5607344E+03   7.5500000E+02   0.0000000E+00   0.0000000E+00   0.0000000E+00
   1.5607419E+03   7.7100000E+02   0.0000000E+00   0.0000000E+00   0.0000000E+00
   1.5607494E+03   8.1900000E+02   0.0000000E+00   0.0000000E+00   0.0000000E+00
   1.5607569E+03   7.8300000E+02   0.0000000E+00   0.0000000E+00   0.0000000E+00
   1.5607645E+03   7.7800000E+02   0.0000000E+00   0.0000000E+00   0.0000000E+00
   1.5607720E+03   7.3600000E+02   0.0000000E+00   0.0000000E+00   0.0000000E+00
