  -4.9933333E+00   6.0000000E+01   3.7000000E+01   0.0000000E+00   0.0000000E+00
  -4.9866667E+00   7.2000000E+01   3.5000000E+01   0.0000000E+00   0.0000000E+00
  -4.9800000E+00   7.6000000E+01   4.0000000E+01   0.0000000E+00   0.0000000E+00
  -4.9733333E+00   7.4000000E+01   4.4000000E+01   0.0000000E+00   0.0000000E+00
  -4.9666667E+00   7.9000000E+01   3.0000000E+01   0.0000000E+00   0.0000000E+00
  -4.9600000E+00   8.5000000E+01   3.8000000E+01   0.0000000E+00   0.0000000E+00
  -4.9533333E+00   1.0100000E+02   3.9000000E+01   0.0000000E+00   0.0000000E+00
  -4.9466667E+00   7.3000000E+01   4.8000000E+01   0.0000000E+00   0.0000000E+00
  -4.9400000E+00   8.7000000E+01   4.1000000E+01   0.0000000E+00   1.0000000E+00
  -4.9333333E+00   8.6000000E+01   4.3000000E+01   0.0000000E+00   0.0000000E+00
  -4.9266667E+00   8.9000000E+01   4.3000000E+01   0.0000000E+00   0.0000000E+00
  -4.9200000E+00   8.7000000E+01   4.6000000E+01   0.0000000E+00   0.0000000E+00
  -4.9133333E+00   8.3000000E+01   4.6000000E+01   0.0000000E+00   0.0000000E+00
  -4.9066667E+00   7.7000000E+01   4.8000000E+01   0.0000000E+00   0.0000000E+00
  -4.9000000E+00   9.0000000E+01   4.0000000E+01   0.0000000E+00   0.0000000E+00
  -4.8933333E+00   9.9000000E+01   5.4000000E+01   0.0000000E+00   0.0000000E+00
  -4.8866667E+00   9.1000000E+01   4.2000000E+01   0.0000000E+00   0.0000000E+00
  -4.8800000E+00   9.6000000E+01   4.1000000E+01   0.0000000E+00   0.0000000E+00
  -4.8733333E+00   9.5000000E+01   5.9000000E+01   0.0000000E+00   0.0000000E+00
  -4.8666667E+00   1.2100000E+02   5.4000000E+01   0.0000000E+00   0.0000000E+00
  -4.8600000E+00   1.0000000E+02   4.6000000E+01   0.0000000E+00   1.0000000E+00
  -4.8533333E+00   1.1300000E+02   5.0000000E+01   0.0000000E+00   1.0000000E+00
  -4.8466667E+00   9.7000000E+01   5.4000000E+01   0.0000000E+00   0.0000000E+00
  -4.8400000E+00   9.7000000E+01   4.6000000E+01   0.0000000E+00   0.0000000E+00
  -4.8333333E+00   1.0300000E+02   5.4000000E+01   0.0000000E+00   0.0000000E+00
  -4.8266667E+00   9.5000000E+01   4.2000000E+01   0.0000000E+00   0.0000000E+00
  -4.8200000E+00   9.5000000E+01   6.3000000E+01   0.0000000E+00   0.0000000E+00
  -4.8133333E+00   1.2200000E+02   6.0000000E+01   0.0000000E+00   1.0000000E+00
  -4.8066667E+00   1.1100000E+02   6.1000000E+01   0.0000000E+00   1.0000000E+00
  -4.8000000E+00   1.0700000E+02   7.0000000E+01   0.0000000E+00   0.0000000E+00
  -4.7933333E+00   1.1000000E+02   5.1000000E+01   0.0000000E+00   0.0000000E+00
  -4.7866667E+00   1.1800000E+02   6.5000000E+01   0.0000000E+00   0.0000000E+00
  -4.7800000E+00   1.2700000E+02   7.1000000E+01   0.0000000E+00   0.0000000E+00
  -4.7733333E+00   1.1600000E+02   4.3000000E+01   0.0000000E+00   0.0000000E+00
  -4.7666667E+00   1.2400000E+02   5.5000000E+01   0.0000000E+00   0.0000000E+00
  -4.7600000E+00   1.1700000E+02   5.4000000E+01   0.0000000E+00   0.0000000E+00
  -4.7533333E+00   1.2000000E+02   7.7000000E+01   0.0000000E+00   0.0000000E+00
  -4.7466667E+00   1.1300000E+02   6.2000000E+01   0.0000000E+00   0.0000000E+00
  -4.7400000E+00   1.4700000E+02   7.1000000E+01   0.0000000E+00   0.0000000E+00
  -4.7333333E+00   1.1400000E+02   5.0000000E+01   1.0000000E+00   0.0000000E+00
  -4.7266667E+00   1.3500000E+02   6.1000000E+01   0.0000000E+00   0.0000000E+00
  -4.7200000E+00   1.2300000E+02   5.1000000E+01   0.0000000E+00   0.0000000E+00
  -4.7133333E+00   1.3400000E+02   6.2000000E+01   0.0000000E+00   0.0000000E+00
  -4.7066667E+00   1.3800000E+02   7.1000000E+01   0.0000000E+00   0.0000000E+00
  -4.7000000E+00   1.1400000E+02   6.4000000E+01   0.0000000E+00   0.0000000E+00
  -4.6933333E+00   1.2900000E+02   8.0000000E+01   0.0000000E+00   1.0000000E+00
  -4.6866667E+00   1.2300000E+02   7.4000000E+01   0.0000000E+00   0.0000000E+00
  -4.6800000E+00   1.2000000E+02   6.8000000E+01   0.0000000E+00   0.0000000E+00
  -4.6733333E+00   1.4700000E+02   8.8000000E+01   0.0000000E+00   1.0000000E+00
  -4.6666667E+00   1.3900000E+02   9.5000000E+01   0.0000000E+00   0.0000000E+00
  -4.6600000E+00   1.4100000E+02   7.1000000E+01   0.0000000E+00   1.0000000E+00
  -4.6533333E+00   1.3200000E+02   6.5000000E+01   0.0000000E+00   0.0000000E+00
  -4.6466667E+00   1.6500000E+02   7.3000000E+01   1.0000000E+00   0.0000000E+00
  -4.6400000E+00   1.3200000E+02   6.4000000E+01   0.0000000E+00   0.0000000E+00
  -4.6333333E+00   1.4000000E+02   8.9000000E+01   0.0000000E+00   0.0000000E+00
  -4.6266667E+00   1.6400000E+02   7.5000000E+01   0.0000000E+00   0.0000000E+00
  -4.6200000E+00   1.4100000E+02   8.8000000E+01   0.0000000E+00   2.0000000E+00
  -4.6133333E+00   1.5700000E+02   6.6000000E+01   1.0000000E+00   0.0000000E+00
  -4.6066667E+00   1.7700000E+02   8.5000000E+01   0.0000000E+00   0.0000000E+00
  -4.6000000E+00   1.6200000E+02   9.2000000E+01   0.0000000E+00   0.0000000E+00
  -4.5933333E+00   1.5800000E+02   7.8000000E+01   0.0000000E+00   0.0000000E+00
  -4.5866667E+00   1.5300000E+02   7.1000000E+01   0.0000000E+00   0.0000000E+00
  -4.5800000E+00   1.5000000E+02   7.5000000E+01   0.0000000E+00   0.0000000E+00
  -4.5733333E+00   1.7900000E+02   6.7000000E+01   0.0000000E+00   0.0000000E+00
  -4.5666667E+00   1.5500000E+02   7.5000000E+01   0.0000000E+00   0.0000000E+00
  -4.5600000E+00   1.6900000E+02   9.1000000E+01   0.0000000E+00   0.0000000E+00
  -4.5533333E+00   1.4100000E+02   9.4000000E+01   0.0000000E+00   0.0000000E+00
  -4.5466667E+00   1.7700000E+02   8.8000000E+01   0.0000000E+00   0.0000000E+00
  -4.5400000E+00   1.9000000E+02   7.8000000E+01   0.0000000E+00   0.0000000E+00
  -4.5333333E+00   1.8800000E+02   1.0300000E+02   0.0000000E+00   0.0000000E+00
  -4.5266667E+00   2.0900000E+02   8.6000000E+01   0.0000000E+00   1.0000000E+00
  -4.5200000E+00   1.6900000E+02   8.5000000E+01   0.0000000E+00   0.0000000E+00
  -4.5133333E+00   1.9600000E+02   8.1000000E+01   0.0000000E+00   0.0000000E+00
  -4.5066667E+00   1.8100000E+02   1.0200000E+02   0.0000000E+00   0.0000000E+00
  -4.5000000E+00   1.7800000E+02   1.0200000E+02   0.0000000E+00   0.0000000E+00
  -4.4933333E+00   1.9700000E+02   9.1000000E+01   0.0000000E+00   0.0000000E+00
  -4.4866667E+00   1.9000000E+02   9.5000000E+01   0.0000000E+00   0.0000000E+00
  -4.4800000E+00   1.8000000E+02   9.6000000E+01   0.0000000E+00   0.0000000E+00
  -4.4733333E+00   1.9600000E+02   1.0400000E+02   0.0000000E+00   0.0000000E+00
  -4.4666667E+00   2.1300000E+02   1.0300000E+02   0.0000000E+00   1.0000000E+00
  -4.4600000E+00   2.1100000E+02   1.2000000E+02   0.0000000E+00   0.0000000E+00
  -4.4533333E+00   2.4200000E+02   1.1400000E+02   0.0000000E+00   0.0000000E+00
  -4.4466667E+00   2.0400000E+02   9.4000000E+01   0.0000000E+00   0.0000000E+00
  -4.4400000E+00   2.0200000E+02   1.0000000E+02   0.0000000E+00   0.0000000E+00
  -4.4333333E+00   2.2900000E+02   1.1400000E+02   0.0000000E+00   1.0000000E+00
  -4.4266667E+00   2.1800000E+02   9.7000000E+01   1.0000000E+00   0.0000000E+00
  -4.4200000E+00   2.2700000E+02   1.2800000E+02   0.0000000E+00   0.0000000E+00
  -4.4133333E+00   2.0800000E+02   1.2700000E+02   0.0000000E+00   0.0000000E+00
  -4.4066667E+00   2.2800000E+02   9.8000000E+01   0.0000000E+00   0.0000000E+00
  -4.4000000E+00   2.2200000E+02   1.2300000E+02   0.0000000E+00   0.0000000E+00
  -4.3933333E+00   2.1100000E+02   1.1200000E+02   1.0000000E+00   0.0000000E+00
  -4.3866667E+00   2.3800000E+02   1.1900000E+02   0.0000000E+00   0.0000000E+00
  -4.3800000E+00   2.5000000E+02   1.2700000E+02   0.0000000E+00   0.0000000E+00
  -4.3733333E+00   2.5700000E+02   1.4900000E+02   0.0000000E+00   2.0000000E+00
  -4.3666667E+00   2.7500000E+02   1.1900000E+02   0.0000000E+00   1.0000000E+00
  -4.3600000E+00   2.3400000E+02   1.4100000E+02   0.0000000E+00   0.0000000E+00
  -4.3533333E+00   2.4900000E+02   1.2100000E+02   0.0000000E+00   1.0000000E+00
  -4.3466667E+00   2.5500000E+02   1.1500000E+02   0.0000000E+00   0.0000000E+00
  -4.3400000E+00   2.6100000E+02   1.2000000E+02   0.0000000E+00   0.0000000E+00
  -4.3333333E+00   2.9300000E+02   1.1100000E+02   0.0000000E+00   0.0000000E+00
  -4.3266667E+00   2.7600000E+02   1.3600000E+02   0.0000000E+00   0.0000000E+00
  -4.3200000E+00   2.3600000E+02   1.3900000E+02   0.0000000E+00   0.0000000E+00
  -4.3133333E+00   3.0000000E+02   1.4500000E+02   0.0000000E+00   0.0000000E+00
  -4.3066667E+00   2.6000000E+02   1.1400000E+02   0.0000000E+00   1.0000000E+00
  -4.3000000E+00   2.6400000E+02   1.3100000E+02   0.0000000E+00   3.0000000E+00
  -4.2933333E+00   2.8000000E+02   1.0500000E+02   0.0000000E+00   1.0000000E+00
  -4.2866667E+00   2.5800000E+02   1.3100000E+02   1.0000000E+00   0.0000000E+00
  -4.2800000E+00   2.8600000E+02   1.3800000E+02   0.0000000E+00   2.0000000E+00
  -4.2733333E+00   2.8500000E+02   1.3200000E+02   0.0000000E+00   2.0000000E+00
  -4.2666667E+00   2.9900000E+02   1.2800000E+02   1.0000000E+00   1.0000000E+00
  -4.2600000E+00   2.9100000E+02   1.4700000E+02   0.0000000E+00   3.0000000E+00
  -4.2533333E+00   2.8800000E+02   1.5500000E+02   0.0000000E+00   4.0000000E+00
  -4.2466667E+00   2.9800000E+02   1.4600000E+02   0.0000000E+00   3.0000000E+00
  -4.2400000E+00   3.2000000E+02   1.3700000E+02   0.0000000E+00   1.0000000E+00
  -4.2333333E+00   2.9200000E+02   1.3800000E+02   1.0000000E+00   1.0000000E+00
  -4.2266667E+00   3.0400000E+02   1.4300000E+02   0.0000000E+00   3.0000000E+00
  -4.2200000E+00   3.1500000E+02   1.4000000E+02   0.0000000E+00   4.0000000E+00
  -4.2133333E+00   3.0200000E+02   1.1600000E+02   0.0000000E+00   1.0000000E+00
  -4.2066667E+00   3.3500000E+02   1.3400000E+02   0.0000000E+00   2.0000000E+00
  -4.2000000E+00   3.1600000E+02   1.3700000E+02   0.0000000E+00   1.0000000E+00
  -4.1933333E+00   3.0500000E+02   1.3400000E+02   0.0000000E+00   2.0000000E+00
  -4.1866667E+00   3.1700000E+02   1.4300000E+02   0.0000000E+00   5.0000000E+00
  -4.1800000E+00   3.3700000E+02   1.3900000E+02   0.0000000E+00   8.0000000E+00
  -4.1733333E+00   3.6500000E+02   1.3300000E+02   0.0000000E+00   4.0000000E+00
  -4.1666667E+00   3.4700000E+02   1.3600000E+02   0.0000000E+00   2.0000000E+00
  -4.1600000E+00   3.2200000E+02   1.3000000E+02   1.0000000E+00   6.0000000E+00
  -4.1533333E+00   3.2700000E+02   1.3200000E+02   0.0000000E+00   7.0000000E+00
  -4.1466667E+00   3.2700000E+02   1.2300000E+02   0.0000000E+00   5.0000000E+00
  -4.1400000E+00   3.7000000E+02   1.4300000E+02   0.0000000E+00   1.1000000E+01
  -4.1333333E+00   3.2100000E+02   8.7000000E+01   0.0000000E+00   5.0000000E+00
  -4.1266667E+00   3.6300000E+02   1.0600000E+02   0.0000000E+00   8.0000000E+00
  -4.1200000E+00   3.3200000E+02   1.0400000E+02   0.0000000E+00   1.1000000E+01
  -4.1133333E+00   3.6300000E+02   1.0100000E+02   0.0000000E+00   1.1000000E+01
  -4.1066667E+00   3.6700000E+02   1.1000000E+02   0.0000000E+00   1.4000000E+01
  -4.1000000E+00   3.8100000E+02   8.4000000E+01   0.0000000E+00   1.2000000E+01
  -4.0933333E+00   3.8300000E+02   1.0000000E+02   0.0000000E+00   1.2000000E+01
  -4.0866667E+00   3.9700000E+02   8.1000000E+01   0.0000000E+00   9.0000000E+00
  -4.0800000E+00   3.9200000E+02   6.9000000E+01   1.0000000E+00   1.0000000E+01
  -4.0733333E+00   4.0200000E+02   6.2000000E+01   1.0000000E+00   1.5000000E+01
  -4.0666667E+00   3.9900000E+02   7.0000000E+01   0.0000000E+00   1.0000000E+01
  -4.0600000E+00   4.3300000E+02   6.5000000E+01   3.0000000E+00   8.0000000E+00
  -4.0533333E+00   4.0900000E+02   7.0000000E+01   0.0000000E+00   1.4000000E+01
  -4.0466667E+00   3.8700000E+02   5.4000000E+01   0.0000000E+00   1.1000000E+01
  -4.0400000E+00   4.1400000E+02   5.6000000E+01   0.0000000E+00   1.1000000E+01
  -4.0333333E+00   4.3000000E+02   5.2000000E+01   0.0000000E+00   1.7000000E+01
  -4.0266667E+00   4.4500000E+02   5.3000000E+01   0.0000000E+00   1.5000000E+01
  -4.0200000E+00   4.5500000E+02   4.4000000E+01   0.0000000E+00   1.6000000E+01
  -4.0133333E+00   4.2200000E+02   3.9000000E+01   0.0000000E+00   1.5000000E+01
  -4.0066667E+00   4.3700000E+02   4.5000000E+01   0.0000000E+00   1.3000000E+01
  -4.0000000E+00   4.1400000E+02   3.5000000E+01   0.0000000E+00   1.2000000E+01
  -3.9933333E+00   4.5800000E+02   3.4000000E+01   0.0000000E+00   1.0000000E+01
  -3.9866667E+00   4.5000000E+02   3.5000000E+01   0.0000000E+00   1.5000000E+01
  -3.9800000E+00   4.0300000E+02   4.1000000E+01   0.0000000E+00   1.7000000E+01
  -3.9733333E+00   4.5700000E+02   5.2000000E+01   0.0000000E+00   2.4000000E+01
  -3.9666667E+00   4.7200000E+02   2.9000000E+01   0.0000000E+00   1.7000000E+01
  -3.9600000E+00   4.6900000E+02   3.0000000E+01   0.0000000E+00   1.1000000E+01
  -3.9533333E+00   4.9700000E+02   3.0000000E+01   0.0000000E+00   1.4000000E+01
  -3.9466667E+00   4.8800000E+02   2.3000000E+01   0.0000000E+00   9.0000000E+00
  -3.9400000E+00   5.3400000E+02   4.4000000E+01   0.0000000E+00   2.9000000E+01
  -3.9333333E+00   5.0400000E+02   3.7000000E+01   0.0000000E+00   1.5000000E+01
  -3.9266667E+00   5.5500000E+02   2.8000000E+01   1.0000000E+00   1.3000000E+01
  -3.9200000E+00   5.2300000E+02   3.0000000E+01   0.0000000E+00   1.4000000E+01
  -3.9133333E+00   5.2300000E+02   3.6000000E+01   0.0000000E+00   2.0000000E+01
  -3.9066667E+00   4.7900000E+02   2.5000000E+01   0.0000000E+00   1.2000000E+01
  -3.9000000E+00   5.1400000E+02   2.2000000E+01   0.0000000E+00   1.0000000E+01
  -3.8933333E+00   4.9900000E+02   3.5000000E+01   0.0000000E+00   1.9000000E+01
  -3.8866667E+00   5.4200000E+02   2.3000000E+01   0.0000000E+00   6.0000000E+00
  -3.8800000E+00   5.3500000E+02   3.8000000E+01   0.0000000E+00   2.4000000E+01
  -3.8733333E+00   5.6700000E+02   2.5000000E+01   0.0000000E+00   1.2000000E+01
  -3.8666667E+00   5.9100000E+02   3.4000000E+01   1.0000000E+00   1.5000000E+01
  -3.8600000E+00   5.3900000E+02   3.0000000E+01   0.0000000E+00   1.4000000E+01
  -3.8533333E+00   5.2200000E+02   2.4000000E+01   2.0000000E+00   1.6000000E+01
  -3.8466667E+00   5.6100000E+02   2.5000000E+01   0.0000000E+00   1.3000000E+01
  -3.8400000E+00   5.4800000E+02   2.0000000E+01   0.0000000E+00   1.4000000E+01
  -3.8333333E+00   5.7800000E+02   1.8000000E+01   0.0000000E+00   1.0000000E+01
  -3.8266667E+00   6.2300000E+02   1.8000000E+01   0.0000000E+00   1.1000000E+01
  -3.8200000E+00   6.1100000E+02   2.4000000E+01   0.0000000E+00   1.1000000E+01
  -3.8133333E+00   6.1100000E+02   2.5000000E+01   0.0000000E+00   1.2000000E+01
  -3.8066667E+00   5.9200000E+02   2.6000000E+01   0.0000000E+00   1.6000000E+01
  -3.8000000E+00   6.2500000E+02   2.7000000E+01   1.0000000E+00   1.4000000E+01
  -3.7933333E+00   6.1900000E+02   2.8000000E+01   0.0000000E+00   1.6000000E+01
  -3.7866667E+00   6.0900000E+02   2.5000000E+01   0.0000000E+00   1.5000000E+01
  -3.7800000E+00   6.2700000E+02   1.6000000E+01   1.0000000E+00   1.0000000E+01
  -3.7733333E+00   6.2500000E+02   2.3000000E+01   0.0000000E+00   1.5000000E+01
  -3.7666667E+00   6.3800000E+02   3.0000000E+01   0.0000000E+00   1.7000000E+01
  -3.7600000E+00   5.9700000E+02   2.2000000E+01   0.0000000E+00   1.4000000E+01
  -3.7533333E+00   6.7300000E+02   3.9000000E+01   0.0000000E+00   2.7000000E+01
  -3.7466667E+00   6.4400000E+02   2.3000000E+01   1.0000000E+00   1.3000000E+01
  -3.7400000E+00   6.9400000E+02   3.0000000E+01   1.0000000E+00   1.9000000E+01
  -3.7333333E+00   7.0200000E+02   2.3000000E+01   2.0000000E+00   1.3000000E+01
  -3.7266667E+00   6.6000000E+02   2.1000000E+01   0.0000000E+00   1.0000000E+01
  -3.7200000E+00   6.5900000E+02   3.2000000E+01   0.0000000E+00   1.7000000E+01
  -3.7133333E+00   7.3600000E+02   1.7000000E+01   0.0000000E+00   4.0000000E+00
  -3.7066667E+00   6.8900000E+02   2.2000000E+01   0.0000000E+00   1.2000000E+01
  -3.7000000E+00   7.1500000E+02   2.2000000E+01   0.0000000E+00   1.1000000E+01
  -3.6933333E+00   7.0700000E+02   2.0000000E+01   0.0000000E+00   1.2000000E+01
  -3.6866667E+00   7.2300000E+02   1.6000000E+01   0.0000000E+00   1.2000000E+01
  -3.6800000E+00   7.0300000E+02   2.8000000E+01   0.0000000E+00   2.1000000E+01
  -3.6733333E+00   7.5500000E+02   1.9000000E+01   0.0000000E+00   9.0000000E+00
  -3.6666667E+00   7.4600000E+02   1.9000000E+01   0.0000000E+00   1.4000000E+01
  -3.6600000E+00   7.3700000E+02   3.5000000E+01   2.0000000E+00   2.1000000E+01
  -3.6533333E+00   7.6200000E+02   2.4000000E+01   0.0000000E+00   1.4000000E+01
  -3.6466667E+00   7.2400000E+02   2.8000000E+01   1.0000000E+00   1.9000000E+01
  -3.6400000E+00   7.6900000E+02   2.8000000E+01   1.0000000E+00   1.7000000E+01
  -3.6333333E+00   8.2000000E+02   2.0000000E+01   0.0000000E+00   1.4000000E+01
  -3.6266667E+00   7.6500000E+02   1.9000000E+01   2.0000000E+00   1.0000000E+01
  -3.6200000E+00   8.1700000E+02   2.0000000E+01   0.0000000E+00   1.6000000E+01
  -3.6133333E+00   8.2200000E+02   1.7000000E+01   0.0000000E+00   1.3000000E+01
  -3.6066667E+00   8.0000000E+02   2.6000000E+01   1.0000000E+00   2.0000000E+01
  -3.6000000E+00   8.3000000E+02   2.0000000E+01   1.0000000E+00   1.4000000E+01
  -3.5933333E+00   8.0400000E+02   2.1000000E+01   1.0000000E+00   1.2000000E+01
  -3.5866667E+00   8.4500000E+02   2.0000000E+01   0.0000000E+00   1.0000000E+01
  -3.5800000E+00   8.6700000E+02   1.8000000E+01   1.0000000E+00   1.4000000E+01
  -3.5733333E+00   8.5100000E+02   1.8000000E+01   1.0000000E+00   1.7000000E+01
  -3.5666667E+00   8.8100000E+02   1.9000000E+01   1.0000000E+00   1.3000000E+01
  -3.5600000E+00   9.1700000E+02   1.5000000E+01   0.0000000E+00   1.2000000E+01
  -3.5533333E+00   8.3700000E+02   1.9000000E+01   1.0000000E+00   1.3000000E+01
  -3.5466667E+00   8.5800000E+02   1.7000000E+01   0.0000000E+00   1.1000000E+01
  -3.5400000E+00   9.2100000E+02   2.2000000E+01   0.0000000E+00   1.7000000E+01
  -3.5333333E+00   8.8100000E+02   1.0000000E+01   1.0000000E+00   5.0000000E+00
  -3.5266667E+00   9.1800000E+02   1.0000000E+01   2.0000000E+00   6.0000000E+00
  -3.5200000E+00   9.1900000E+02   1.6000000E+01   0.0000000E+00   1.1000000E+01
  -3.5133333E+00   8.4700000E+02   1.8000000E+01   0.0000000E+00   1.5000000E+01
  -3.5066667E+00   9.9200000E+02   6.0000000E+00   0.0000000E+00   6.0000000E+00
  -3.5000000E+00   9.7100000E+02   2.3000000E+01   0.0000000E+00   1.5000000E+01
  -3.4933333E+00   9.4100000E+02   1.5000000E+01   1.0000000E+00   1.3000000E+01
  -3.4866667E+00   9.5600000E+02   2.3000000E+01   1.0000000E+00   1.6000000E+01
  -3.4800000E+00   1.0060000E+03   1.8000000E+01   0.0000000E+00   1.4000000E+01
  -3.4733333E+00   9.8800000E+02   1.3000000E+01   0.0000000E+00   1.2000000E+01
  -3.4666667E+00   9.5300000E+02   1.6000000E+01   0.0000000E+00   1.3000000E+01
  -3.4600000E+00   1.0180000E+03   1.2000000E+01   0.0000000E+00   1.0000000E+01
  -3.4533333E+00   9.7200000E+02   1.4000000E+01   2.0000000E+00   1.1000000E+01
  -3.4466667E+00   1.0090000E+03   1.5000000E+01   0.0000000E+00   1.2000000E+01
  -3.4400000E+00   1.1180000E+03   1.2000000E+01   1.0000000E+00   1.1000000E+01
  -3.4333333E+00   1.0880000E+03   2.0000000E+01   0.0000000E+00   1.5000000E+01
  -3.4266667E+00   1.0110000E+03   1.3000000E+01   2.0000000E+00   9.0000000E+00
  -3.4200000E+00   1.0440000E+03   8.0000000E+00   0.0000000E+00   8.0000000E+00
  -3.4133333E+00   1.0750000E+03   1.3000000E+01   1.0000000E+00   1.3000000E+01
  -3.4066667E+00   1.0190000E+03   1.0000000E+01   2.0000000E+00   9.0000000E+00
  -3.4000000E+00   1.1190000E+03   1.5000000E+01   0.0000000E+00   1.2000000E+01
  -3.3933333E+00   1.0800000E+03   1.8000000E+01   1.0000000E+00   1.7000000E+01
  -3.3866667E+00   1.0730000E+03   1.7000000E+01   0.0000000E+00   1.5000000E+01
  -3.3800000E+00   1.0970000E+03   1.3000000E+01   2.0000000E+00   1.3000000E+01
  -3.3733333E+00   1.1580000E+03   1.6000000E+01   1.0000000E+00   1.5000000E+01
  -3.3666667E+00   1.1900000E+03   1.8000000E+01   0.0000000E+00   1.7000000E+01
  -3.3600000E+00   1.1470000E+03   1.3000000E+01   2.0000000E+00   1.2000000E+01
  -3.3533333E+00   1.1130000E+03   1.1000000E+01   0.0000000E+00   9.0000000E+00
  -3.3466667E+00   1.1480000E+03   1.8000000E+01   2.0000000E+00   1.8000000E+01
  -3.3400000E+00   1.1960000E+03   1.1000000E+01   0.0000000E+00   1.1000000E+01
  -3.3333333E+00   1.2220000E+03   7.0000000E+00   2.0000000E+00   6.0000000E+00
  -3.3266667E+00   1.1800000E+03   1.2000000E+01   1.0000000E+00   1.1000000E+01
  -3.3200000E+00   1.1820000E+03   1.6000000E+01   0.0000000E+00   1.5000000E+01
  -3.3133333E+00   1.2690000E+03   1.3000000E+01   1.0000000E+00   1.1000000E+01
  -3.3066667E+00   1.2930000E+03   2.2000000E+01   0.0000000E+00   2.1000000E+01
  -3.3000000E+00   1.2770000E+03   1.7000000E+01   0.0000000E+00   1.7000000E+01
  -3.2933333E+00   1.3240000E+03   1.0000000E+01   0.0000000E+00   9.0000000E+00
  -3.2866667E+00   1.3060000E+03   1.3000000E+01   2.0000000E+00   1.1000000E+01
  -3.2800000E+00   1.2850000E+03   1.6000000E+01   0.0000000E+00   1.5000000E+01
  -3.2733333E+00   1.2740000E+03   1.6000000E+01   0.0000000E+00   1.4000000E+01
  -3.2666667E+00   1.2940000E+03   1.5000000E+01   1.0000000E+00   1.4000000E+01
  -3.2600000E+00   1.3590000E+03   1.0000000E+01   1.0000000E+00   1.0000000E+01
  -3.2533333E+00   1.2830000E+03   1.7000000E+01   1.0000000E+00   1.7000000E+01
  -3.2466667E+00   1.3800000E+03   2.0000000E+01   0.0000000E+00   2.0000000E+01
  -3.2400000E+00   1.3880000E+03   2.8000000E+01   1.0000000E+00   2.8000000E+01
  -3.2333333E+00   1.3310000E+03   1.4000000E+01   3.0000000E+00   1.4000000E+01
  -3.2266667E+00   1.3470000E+03   9.0000000E+00   3.0000000E+00   9.0000000E+00
  -3.2200000E+00   1.3850000E+03   1.6000000E+01   2.0000000E+00   1.4000000E+01
  -3.2133333E+00   1.4570000E+03   1.5000000E+01   2.0000000E+00   1.5000000E+01
  -3.2066667E+00   1.3650000E+03   1.8000000E+01   2.0000000E+00   1.7000000E+01
  -3.2000000E+00   1.4760000E+03   1.4000000E+01   2.0000000E+00   1.3000000E+01
  -3.1933333E+00   1.4160000E+03   2.4000000E+01   1.0000000E+00   2.4000000E+01
  -3.1866667E+00   1.4180000E+03   1.9000000E+01   2.0000000E+00   1.9000000E+01
  -3.1800000E+00   1.4660000E+03   1.8000000E+01   0.0000000E+00   1.7000000E+01
  -3.1733333E+00   1.4680000E+03   1.7000000E+01   0.0000000E+00   1.5000000E+01
  -3.1666667E+00   1.4820000E+03   2.8000000E+01   2.0000000E+00   2.7000000E+01
  -3.1600000E+00   1.4120000E+03   1.8000000E+01   0.0000000E+00   1.8000000E+01
  -3.1533333E+00   1.5400000E+03   2.9000000E+01   0.0000000E+00   2.9000000E+01
  -3.1466667E+00   1.4620000E+03   3.3000000E+01   1.0000000E+00   3.0000000E+01
  -3.1400000E+00   1.5920000E+03   2.9000000E+01   2.0000000E+00   2.9000000E+01
  -3.1333333E+00   1.5580000E+03   2.7000000E+01   1.0000000E+00   2.7000000E+01
  -3.1266667E+00   1.6380000E+03   3.6000000E+01   0.0000000E+00   3.5000000E+01
  -3.1200000E+00   1.6190000E+03   2.9000000E+01   2.0000000E+00   2.9000000E+01
  -3.1133333E+00   1.5780000E+03   3.6000000E+01   0.0000000E+00   3.5000000E+01
  -3.1066667E+00   1.5690000E+03   3.4000000E+01   0.0000000E+00   3.3000000E+01
  -3.1000000E+00   1.5810000E+03   3.6000000E+01   3.0000000E+00   3.6000000E+01
  -3.0933333E+00   1.5860000E+03   3.3000000E+01   0.0000000E+00   3.2000000E+01
  -3.0866667E+00   1.5710000E+03   4.2000000E+01   2.0000000E+00   4.1000000E+01
  -3.0800000E+00   1.7690000E+03   3.5000000E+01   0.0000000E+00   3.2000000E+01
  -3.0733333E+00   1.6740000E+03   2.9000000E+01   1.0000000E+00   2.9000000E+01
  -3.0666667E+00   1.7300000E+03   4.5000000E+01   1.0000000E+00   4.5000000E+01
  -3.0600000E+00   1.8250000E+03   4.0000000E+01   1.0000000E+00   3.7000000E+01
  -3.0533333E+00   1.7370000E+03   4.2000000E+01   1.0000000E+00   4.0000000E+01
  -3.0466667E+00   1.8200000E+03   4.9000000E+01   2.0000000E+00   4.6000000E+01
  -3.0400000E+00   1.7960000E+03   5.3000000E+01   2.0000000E+00   4.9000000E+01
  -3.0333333E+00   1.7310000E+03   5.0000000E+01   2.0000000E+00   4.9000000E+01
  -3.0266667E+00   1.7700000E+03   3.2000000E+01   0.0000000E+00   2.9000000E+01
  -3.0200000E+00   1.7890000E+03   5.8000000E+01   0.0000000E+00   5.6000000E+01
  -3.0133333E+00   1.7560000E+03   3.9000000E+01   1.0000000E+00   3.6000000E+01
  -3.0066667E+00   1.8410000E+03   7.3000000E+01   2.0000000E+00   6.5000000E+01
  -3.0000000E+00   1.7830000E+03   6.0000000E+01   1.0000000E+00   5.6000000E+01
  -2.9933333E+00   1.8970000E+03   5.7000000E+01   2.0000000E+00   5.4000000E+01
  -2.9866667E+00   1.8340000E+03   5.0000000E+01   1.0000000E+00   4.5000000E+01
  -2.9800000E+00   1.8860000E+03   6.8000000E+01   1.0000000E+00   6.2000000E+01
  -2.9733333E+00   1.8240000E+03   5.7000000E+01   2.0000000E+00   5.4000000E+01
  -2.9666667E+00   1.9280000E+03   6.5000000E+01   3.0000000E+00   6.2000000E+01
  -2.9600000E+00   1.9370000E+03   6.9000000E+01   1.0000000E+00   6.2000000E+01
  -2.9533333E+00   1.9330000E+03   7.2000000E+01   1.0000000E+00   6.3000000E+01
  -2.9466667E+00   1.9830000E+03   7.2000000E+01   0.0000000E+00   6.6000000E+01
  -2.9400000E+00   1.9520000E+03   7.8000000E+01   1.0000000E+00   7.3000000E+01
  -2.9333333E+00   2.0160000E+03   7.4000000E+01   2.0000000E+00   6.5000000E+01
  -2.9266667E+00   1.9940000E+03   7.6000000E+01   1.0000000E+00   6.8000000E+01
  -2.9200000E+00   2.0040000E+03   7.9000000E+01   0.0000000E+00   7.1000000E+01
  -2.9133333E+00   2.0960000E+03   8.1000000E+01   2.0000000E+00   7.1000000E+01
  -2.9066667E+00   2.0210000E+03   7.3000000E+01   3.0000000E+00   6.7000000E+01
  -2.9000000E+00   2.1750000E+03   9.4000000E+01   1.0000000E+00   8.3000000E+01
  -2.8933333E+00   2.1620000E+03   8.8000000E+01   3.0000000E+00   7.6000000E+01
  -2.8866667E+00   2.0420000E+03   1.1000000E+02   1.0000000E+00   1.0300000E+02
  -2.8800000E+00   2.1020000E+03   1.0600000E+02   3.0000000E+00   9.2000000E+01
  -2.8733333E+00   2.1550000E+03   9.9000000E+01   2.0000000E+00   9.3000000E+01
  -2.8666667E+00   2.1060000E+03   8.9000000E+01   0.0000000E+00   7.6000000E+01
  -2.8600000E+00   2.1160000E+03   1.0200000E+02   2.0000000E+00   9.4000000E+01
  -2.8533333E+00   2.1640000E+03   9.9000000E+01   2.0000000E+00   9.0000000E+01
  -2.8466667E+00   2.1610000E+03   9.2000000E+01   1.0000000E+00   8.5000000E+01
  -2.8400000E+00   2.2080000E+03   1.0100000E+02   1.0000000E+00   8.8000000E+01
  -2.8333333E+00   2.2420000E+03   9.6000000E+01   1.0000000E+00   8.6000000E+01
  -2.8266667E+00   2.2560000E+03   1.0900000E+02   5.0000000E+00   9.4000000E+01
  -2.8200000E+00   2.3120000E+03   1.1900000E+02   1.0000000E+00   1.0500000E+02
  -2.8133333E+00   2.3900000E+03   1.1600000E+02   1.0000000E+00   1.0300000E+02
  -2.8066667E+00   2.2980000E+03   1.0800000E+02   3.0000000E+00   9.1000000E+01
  -2.8000000E+00   2.2350000E+03   1.1700000E+02   0.0000000E+00   1.0600000E+02
  -2.7933333E+00   2.4120000E+03   1.2500000E+02   3.0000000E+00   1.1200000E+02
  -2.7866667E+00   2.3990000E+03   1.3700000E+02   2.0000000E+00   1.1800000E+02
  -2.7800000E+00   2.3220000E+03   1.3200000E+02   2.0000000E+00   1.1300000E+02
  -2.7733333E+00   2.3400000E+03   1.3200000E+02   1.0000000E+00   1.1400000E+02
  -2.7666667E+00   2.3540000E+03   1.0400000E+02   4.0000000E+00   9.3000000E+01
  -2.7600000E+00   2.4180000E+03   1.3200000E+02   1.0000000E+00   1.0900000E+02
  -2.7533333E+00   2.4920000E+03   1.3700000E+02   3.0000000E+00   1.1600000E+02
  -2.7466667E+00   2.4730000E+03   1.2200000E+02   1.0000000E+00   1.0800000E+02
  -2.7400000E+00   2.4420000E+03   1.3500000E+02   4.0000000E+00   1.1300000E+02
  -2.7333333E+00   2.4900000E+03   1.2900000E+02   3.0000000E+00   1.0700000E+02
  -2.7266667E+00   2.4530000E+03   1.3400000E+02   4.0000000E+00   1.1600000E+02
  -2.7200000E+00   2.5920000E+03   1.3400000E+02   3.0000000E+00   1.1600000E+02
  -2.7133333E+00   2.5860000E+03   1.4300000E+02   2.0000000E+00   1.1500000E+02
  -2.7066667E+00   2.5810000E+03   1.4600000E+02   4.0000000E+00   1.2600000E+02
  -2.7000000E+00   2.6240000E+03   1.4700000E+02   5.0000000E+00   1.2500000E+02
  -2.6933333E+00   2.5930000E+03   1.6500000E+02   0.0000000E+00   1.3300000E+02
  -2.6866667E+00   2.6020000E+03   1.4900000E+02   3.0000000E+00   1.1800000E+02
  -2.6800000E+00   2.6410000E+03   1.5300000E+02   1.0000000E+00   1.3300000E+02
  -2.6733333E+00   2.6180000E+03   1.6900000E+02   3.0000000E+00   1.3000000E+02
  -2.6666667E+00   2.6350000E+03   1.5800000E+02   5.0000000E+00   1.2300000E+02
  -2.6600000E+00   2.7090000E+03   1.7000000E+02   2.0000000E+00   1.3400000E+02
  -2.6533333E+00   2.7670000E+03   1.6000000E+02   1.0000000E+00   1.2700000E+02
  -2.6466667E+00   2.8210000E+03   1.6800000E+02   5.0000000E+00   1.4100000E+02
  -2.6400000E+00   2.7730000E+03   1.8600000E+02   0.0000000E+00   1.5600000E+02
  -2.6333333E+00   2.8330000E+03   1.6700000E+02   5.0000000E+00   1.3500000E+02
  -2.6266667E+00   2.7940000E+03   1.5900000E+02   9.0000000E+00   1.3300000E+02
  -2.6200000E+00   2.7370000E+03   1.7700000E+02   5.0000000E+00   1.5000000E+02
  -2.6133333E+00   2.7580000E+03   1.7600000E+02   4.0000000E+00   1.4800000E+02
  -2.6066667E+00   2.8240000E+03   2.0600000E+02   7.0000000E+00   1.7100000E+02
  -2.6000000E+00   2.8730000E+03   1.8700000E+02   4.0000000E+00   1.5500000E+02
  -2.5933333E+00   2.9310000E+03   2.0600000E+02   4.0000000E+00   1.7100000E+02
  -2.5866667E+00   2.9510000E+03   2.2300000E+02   8.0000000E+00   1.8300000E+02
  -2.5800000E+00   2.9350000E+03   2.2200000E+02   4.0000000E+00   1.8000000E+02
  -2.5733333E+00   2.9190000E+03   2.2900000E+02   3.0000000E+00   1.8600000E+02
  -2.5666667E+00   2.8900000E+03   2.3700000E+02   2.0000000E+00   1.9300000E+02
  -2.5600000E+00   2.9850000E+03   2.2100000E+02   4.0000000E+00   1.9300000E+02
  -2.5533333E+00   2.9900000E+03   2.4100000E+02   2.0000000E+00   1.8900000E+02
  -2.5466667E+00   3.0230000E+03   2.5600000E+02   5.0000000E+00   2.0400000E+02
  -2.5400000E+00   2.9990000E+03   2.9900000E+02   1.0000000E+00   2.4500000E+02
  -2.5333333E+00   3.0150000E+03   2.9800000E+02   3.0000000E+00   2.6000000E+02
  -2.5266667E+00   3.0920000E+03   3.4600000E+02   7.0000000E+00   2.9800000E+02
  -2.5200000E+00   3.0270000E+03   3.6400000E+02   1.0000000E+01   3.0600000E+02
  -2.5133333E+00   3.0690000E+03   3.9100000E+02   2.0000000E+00   3.3500000E+02
  -2.5066667E+00   3.1710000E+03   4.1200000E+02   3.0000000E+00   3.5900000E+02
  -2.5000000E+00   3.1820000E+03   4.7600000E+02   2.0000000E+00   4.1200000E+02
  -2.4933333E+00   3.2020000E+03   4.7100000E+02   3.0000000E+00   4.2100000E+02
  -2.4866667E+00   3.2400000E+03   5.2200000E+02   5.0000000E+00   4.6100000E+02
  -2.4800000E+00   3.2810000E+03   5.7200000E+02   8.0000000E+00   5.1200000E+02
  -2.4733333E+00   3.3060000E+03   6.7800000E+02   6.0000000E+00   5.9500000E+02
  -2.4666667E+00   3.3010000E+03   6.3400000E+02   4.0000000E+00   5.5500000E+02
  -2.4600000E+00   3.3510000E+03   6.5600000E+02   4.0000000E+00   6.0000000E+02
  -2.4533333E+00   3.3510000E+03   7.7000000E+02   7.0000000E+00   6.8900000E+02
  -2.4466667E+00   3.3660000E+03   7.4700000E+02   7.0000000E+00   6.7500000E+02
  -2.4400000E+00   3.3940000E+03   7.8800000E+02   2.0000000E+00   7.1800000E+02
  -2.4333333E+00   3.4210000E+03   9.1000000E+02   5.0000000E+00   8.0700000E+02
  -2.4266667E+00   3.5130000E+03   9.5100000E+02   7.0000000E+00   8.2700000E+02
  -2.4200000E+00   3.4000000E+03   1.0000000E+03   8.0000000E+00   9.0500000E+02
  -2.4133333E+00   3.4550000E+03   1.0340000E+03   7.0000000E+00   9.1500000E+02
  -2.4066667E+00   3.4960000E+03   1.0790000E+03   1.0000000E+01   9.5700000E+02
  -2.4000000E+00   3.5440000E+03   1.0660000E+03   9.0000000E+00   9.1900000E+02
  -2.3933333E+00   3.6600000E+03   1.2030000E+03   8.0000000E+00   1.0720000E+03
  -2.3866667E+00   3.5470000E+03   1.2410000E+03   5.0000000E+00   1.0980000E+03
  -2.3800000E+00   3.6520000E+03   1.3100000E+03   7.0000000E+00   1.1490000E+03
  -2.3733333E+00   3.5440000E+03   1.4010000E+03   4.0000000E+00   1.2180000E+03
  -2.3666667E+00   3.5590000E+03   1.4080000E+03   1.2000000E+01   1.2160000E+03
  -2.3600000E+00   3.6460000E+03   1.4510000E+03   4.0000000E+00   1.2380000E+03
  -2.3533333E+00   3.6300000E+03   1.5920000E+03   7.0000000E+00   1.3620000E+03
  -2.3466667E+00   3.6930000E+03   1.5120000E+03   9.0000000E+00   1.3000000E+03
  -2.3400000E+00   3.7690000E+03   1.6450000E+03   8.0000000E+00   1.3880000E+03
  -2.3333333E+00   3.7530000E+03   1.6480000E+03   7.0000000E+00   1.4050000E+03
  -2.3266667E+00   3.6940000E+03   1.6840000E+03   7.0000000E+00   1.4120000E+03
  -2.3200000E+00   3.7670000E+03   1.7760000E+03   9.0000000E+00   1.4680000E+03
  -2.3133333E+00   3.7240000E+03   1.7900000E+03   8.0000000E+00   1.4930000E+03
  -2.3066667E+00   3.8140000E+03   1.8200000E+03   8.0000000E+00   1.4980000E+03
  -2.3000000E+00   3.7990000E+03   1.9720000E+03   1.0000000E+01   1.5980000E+03
  -2.2933333E+00   3.9590000E+03   1.9920000E+03   1.0000000E+01   1.6430000E+03
  -2.2866667E+00   4.0030000E+03   1.9790000E+03   9.0000000E+00   1.5750000E+03
  -2.2800000E+00   3.9010000E+03   2.0300000E+03   6.0000000E+00   1.6410000E+03
  -2.2733333E+00   3.9810000E+03   2.0790000E+03   1.1000000E+01   1.6880000E+03
  -2.2666667E+00   3.9060000E+03   2.0860000E+03   7.0000000E+00   1.6430000E+03
  -2.2600000E+00   3.9890000E+03   2.2400000E+03   6.0000000E+00   1.7710000E+03
  -2.2533333E+00   4.0450000E+03   2.2090000E+03   9.0000000E+00   1.7490000E+03
  -2.2466667E+00   4.0760000E+03   2.2750000E+03   1.1000000E+01   1.7650000E+03
  -2.2400000E+00   4.0800000E+03   2.3900000E+03   8.0000000E+00   1.8650000E+03
  -2.2333333E+00   4.1050000E+03   2.4480000E+03   1.0000000E+01   1.8410000E+03
  -2.2266667E+00   4.0680000E+03   2.4690000E+03   6.0000000E+00   1.8860000E+03
  -2.2200000E+00   4.2080000E+03   2.4750000E+03   1.2000000E+01   1.9070000E+03
  -2.2133333E+00   4.0520000E+03   2.5360000E+03   1.1000000E+01   1.8710000E+03
  -2.2066667E+00   4.2250000E+03   2.5380000E+03   8.0000000E+00   1.8800000E+03
  -2.2000000E+00   4.1510000E+03   2.6320000E+03   1.5000000E+01   1.9340000E+03
  -2.1933333E+00   4.2470000E+03   2.7500000E+03   1.2000000E+01   2.0460000E+03
  -2.1866667E+00   4.2240000E+03   2.7600000E+03   9.0000000E+00   2.0280000E+03
  -2.1800000E+00   4.2640000E+03   2.7600000E+03   1.3000000E+01   2.0140000E+03
  -2.1733333E+00   4.3470000E+03   2.7730000E+03   1.3000000E+01   2.0260000E+03
  -2.1666667E+00   4.2780000E+03   2.8170000E+03   1.4000000E+01   2.0270000E+03
  -2.1600000E+00   4.4820000E+03   2.9530000E+03   1.2000000E+01   2.1150000E+03
  -2.1533333E+00   4.3700000E+03   2.9280000E+03   1.0000000E+01   2.0760000E+03
  -2.1466667E+00   4.4020000E+03   3.0530000E+03   1.2000000E+01   2.1910000E+03
  -2.1400000E+00   4.4650000E+03   3.0040000E+03   1.1000000E+01   2.1080000E+03
  -2.1333333E+00   4.3610000E+03   3.1140000E+03   8.0000000E+00   2.1220000E+03
  -2.1266667E+00   4.5330000E+03   3.1380000E+03   1.5000000E+01   2.1960000E+03
  -2.1200000E+00   4.4710000E+03   3.1690000E+03   1.5000000E+01   2.1320000E+03
  -2.1133333E+00   4.5470000E+03   3.2170000E+03   1.4000000E+01   2.2240000E+03
  -2.1066667E+00   4.5260000E+03   3.2240000E+03   1.1000000E+01   2.1930000E+03
  -2.1000000E+00   4.7100000E+03   3.2920000E+03   1.2000000E+01   2.2090000E+03
  -2.0933333E+00   4.6580000E+03   3.3060000E+03   1.3000000E+01   2.2720000E+03
  -2.0866667E+00   4.6430000E+03   3.3890000E+03   1.9000000E+01   2.2360000E+03
  -2.0800000E+00   4.6170000E+03   3.4290000E+03   1.8000000E+01   2.2340000E+03
  -2.0733333E+00   4.6900000E+03   3.4050000E+03   1.5000000E+01   2.2930000E+03
  -2.0666667E+00   4.6290000E+03   3.4260000E+03   9.0000000E+00   2.2370000E+03
  -2.0600000E+00   4.6880000E+03   3.4410000E+03   1.6000000E+01   2.3140000E+03
  -2.0533333E+00   4.7620000E+03   3.5980000E+03   1.5000000E+01   2.3140000E+03
  -2.0466667E+00   4.7710000E+03   3.6420000E+03   1.9000000E+01   2.3670000E+03
  -2.0400000E+00   4.8990000E+03   3.6440000E+03   2.1000000E+01   2.4110000E+03
  -2.0333333E+00   4.7870000E+03   3.6830000E+03   9.0000000E+00   2.3650000E+03
  -2.0266667E+00   4.8600000E+03   3.6800000E+03   1.4000000E+01   2.3820000E+03
  -2.0200000E+00   4.9500000E+03   3.8290000E+03   1.1000000E+01   2.4260000E+03
  -2.0133333E+00   4.9970000E+03   3.7870000E+03   1.8000000E+01   2.3820000E+03
  -2.0066667E+00   4.9390000E+03   3.9190000E+03   1.4000000E+01   2.4530000E+03
  -2.0000000E+00   4.8500000E+03   3.8400000E+03   1.5000000E+01   2.3830000E+03
  -1.9933333E+00   4.8620000E+03   3.9440000E+03   1.7000000E+01   2.4570000E+03
  -1.9866667E+00   5.0590000E+03   3.9670000E+03   8.0000000E+00   2.4720000E+03
  -1.9800000E+00   5.0930000E+03   4.0220000E+03   1.3000000E+01   2.4590000E+03
  -1.9733333E+00   5.0490000E+03   3.9240000E+03   2.1000000E+01   2.3960000E+03
  -1.9666667E+00   5.0400000E+03   4.0270000E+03   2.0000000E+01   2.4860000E+03
  -1.9600000E+00   5.2210000E+03   4.1590000E+03   1.6000000E+01   2.5290000E+03
  -1.9533333E+00   5.1720000E+03   4.0280000E+03   1.5000000E+01   2.3980000E+03
  -1.9466667E+00   5.1610000E+03   4.0770000E+03   2.1000000E+01   2.4500000E+03
  -1.9400000E+00   5.3330000E+03   4.1230000E+03   2.0000000E+01   2.4400000E+03
  -1.9333333E+00   5.2970000E+03   4.2880000E+03   2.0000000E+01   2.5640000E+03
  -1.9266667E+00   5.3370000E+03   4.2670000E+03   1.5000000E+01   2.4910000E+03
  -1.9200000E+00   5.2500000E+03   4.2550000E+03   3.1000000E+01   2.5270000E+03
  -1.9133333E+00   5.2200000E+03   4.3080000E+03   1.4000000E+01   2.4670000E+03
  -1.9066667E+00   5.2210000E+03   4.3860000E+03   2.0000000E+01   2.5500000E+03
  -1.9000000E+00   5.2580000E+03   4.3610000E+03   1.8000000E+01   2.4610000E+03
  -1.8933333E+00   5.4320000E+03   4.4340000E+03   1.4000000E+01   2.5310000E+03
  -1.8866667E+00   5.4390000E+03   4.3260000E+03   1.7000000E+01   2.4610000E+03
  -1.8800000E+00   5.5510000E+03   4.4530000E+03   2.3000000E+01   2.5340000E+03
  -1.8733333E+00   5.5730000E+03   4.3940000E+03   2.0000000E+01   2.4670000E+03
  -1.8666667E+00   5.5330000E+03   4.5920000E+03   1.7000000E+01   2.5440000E+03
  -1.8600000E+00   5.4910000E+03   4.6570000E+03   1.4000000E+01   2.6400000E+03
  -1.8533333E+00   5.5680000E+03   4.5070000E+03   2.3000000E+01   2.4540000E+03
  -1.8466667E+00   5.4910000E+03   4.5720000E+03   2.0000000E+01   2.4900000E+03
  -1.8400000E+00   5.5500000E+03   4.5530000E+03   2.4000000E+01   2.4860000E+03
  -1.8333333E+00   5.6460000E+03   4.6300000E+03   2.4000000E+01   2.5270000E+03
  -1.8266667E+00   5.6590000E+03   4.7320000E+03   2.4000000E+01   2.4680000E+03
  -1.8200000E+00   5.6490000E+03   4.6870000E+03   2.3000000E+01   2.5080000E+03
  -1.8133333E+00   5.5890000E+03   4.7230000E+03   2.2000000E+01   2.4680000E+03
  -1.8066667E+00   5.6760000E+03   4.5410000E+03   2.2000000E+01   2.3940000E+03
  -1.8000000E+00   5.6990000E+03   4.7940000E+03   2.9000000E+01   2.4620000E+03
  -1.7933333E+00   5.8780000E+03   4.7820000E+03   2.8000000E+01   2.4220000E+03
  -1.7866667E+00   5.8160000E+03   4.8310000E+03   3.2000000E+01   2.4850000E+03
  -1.7800000E+00   5.9810000E+03   4.8610000E+03   2.1000000E+01   2.5220000E+03
  -1.7733333E+00   5.9940000E+03   4.7160000E+03   2.8000000E+01   2.3380000E+03
  -1.7666667E+00   5.8550000E+03   4.8620000E+03   3.4000000E+01   2.4480000E+03
  -1.7600000E+00   6.0070000E+03   4.6740000E+03   3.5000000E+01   2.2680000E+03
  -1.7533333E+00   6.0730000E+03   4.9400000E+03   3.9000000E+01   2.4510000E+03
  -1.7466667E+00   5.8930000E+03   4.8340000E+03   3.3000000E+01   2.3580000E+03
  -1.7400000E+00   6.1120000E+03   4.8830000E+03   3.0000000E+01   2.3260000E+03
  -1.7333333E+00   5.9980000E+03   4.8950000E+03   3.7000000E+01   2.3320000E+03
  -1.7266667E+00   5.9220000E+03   4.8670000E+03   5.1000000E+01   2.3160000E+03
  -1.7200000E+00   6.0320000E+03   4.7730000E+03   4.7000000E+01   2.2170000E+03
  -1.7133333E+00   5.9200000E+03   4.8560000E+03   3.9000000E+01   2.2620000E+03
  -1.7066667E+00   6.0150000E+03   4.8910000E+03   5.2000000E+01   2.2590000E+03
  -1.7000000E+00   6.0220000E+03   4.9550000E+03   5.9000000E+01   2.2750000E+03
  -1.6933333E+00   5.9810000E+03   4.9340000E+03   4.7000000E+01   2.2650000E+03
  -1.6866667E+00   5.9900000E+03   4.8790000E+03   6.9000000E+01   2.1880000E+03
  -1.6800000E+00   6.0170000E+03   4.8410000E+03   5.5000000E+01   2.1750000E+03
  -1.6733333E+00   6.1490000E+03   4.8930000E+03   6.2000000E+01   2.1330000E+03
  -1.6666667E+00   5.9430000E+03   4.8600000E+03   7.2000000E+01   2.0930000E+03
  -1.6600000E+00   6.0500000E+03   4.8720000E+03   9.0000000E+01   2.1250000E+03
  -1.6533333E+00   6.0630000E+03   4.7990000E+03   8.3000000E+01   2.0260000E+03
  -1.6466667E+00   5.9820000E+03   4.8270000E+03   8.9000000E+01   2.0170000E+03
  -1.6400000E+00   5.8850000E+03   4.7770000E+03   9.0000000E+01   1.9400000E+03
  -1.6333333E+00   5.9990000E+03   4.5550000E+03   1.0500000E+02   1.8660000E+03
  -1.6266667E+00   5.7940000E+03   4.6240000E+03   1.1800000E+02   1.7830000E+03
  -1.6200000E+00   5.7470000E+03   4.5640000E+03   1.1900000E+02   1.8620000E+03
  -1.6133333E+00   5.7110000E+03   4.6390000E+03   1.1700000E+02   1.8680000E+03
  -1.6066667E+00   5.7180000E+03   4.4560000E+03   1.5200000E+02   1.7250000E+03
  -1.6000000E+00   5.6820000E+03   4.4600000E+03   1.7400000E+02   1.7810000E+03
  -1.5933333E+00   5.4750000E+03   4.4950000E+03   1.4400000E+02   1.7140000E+03
  -1.5866667E+00   5.3220000E+03   4.3150000E+03   2.1200000E+02   1.6190000E+03
  -1.5800000E+00   5.2360000E+03   4.1350000E+03   2.1000000E+02   1.5580000E+03
  -1.5733333E+00   5.1480000E+03   4.1900000E+03   1.9600000E+02   1.4580000E+03
  -1.5666667E+00   4.8860000E+03   3.9790000E+03   2.1100000E+02   1.3680000E+03
  -1.5600000E+00   4.6860000E+03   4.0000000E+03   2.4800000E+02   1.3750000E+03
  -1.5533333E+00   4.6460000E+03   3.7630000E+03   2.8700000E+02   1.2050000E+03
  -1.5466667E+00   4.4440000E+03   3.6410000E+03   2.7500000E+02   1.2570000E+03
  -1.5400000E+00   4.2310000E+03   3.5190000E+03   3.0400000E+02   1.0760000E+03
  -1.5333333E+00   4.0340000E+03   3.4260000E+03   3.0600000E+02   1.0450000E+03
  -1.5266667E+00   3.9010000E+03   3.3030000E+03   3.3100000E+02   9.6600000E+02
  -1.5200000E+00   3.6230000E+03   3.0070000E+03   3.3500000E+02   8.8600000E+02
  -1.5133333E+00   3.4110000E+03   2.8940000E+03   3.6200000E+02   8.0600000E+02
  -1.5066667E+00   3.3240000E+03   2.8120000E+03   3.7900000E+02   7.8200000E+02
  -1.5000000E+00   3.0990000E+03   2.5670000E+03   4.0900000E+02   6.9200000E+02
  -1.4933333E+00   2.9620000E+03   2.4230000E+03   4.3400000E+02   6.5500000E+02
  -1.4866667E+00   2.6930000E+03   2.2490000E+03   4.2200000E+02   5.8100000E+02
  -1.4800000E+00   2.5750000E+03   2.1080000E+03   4.3800000E+02   5.6100000E+02
  -1.4733333E+00   2.3360000E+03   2.0140000E+03   4.5100000E+02   5.2300000E+02
  -1.4666667E+00   2.2040000E+03   1.9230000E+03   4.3300000E+02   5.1900000E+02
  -1.4600000E+00   1.9920000E+03   1.7670000E+03   4.2900000E+02   4.7200000E+02
  -1.4533333E+00   1.8740000E+03   1.5960000E+03   4.7900000E+02   4.2000000E+02
  -1.4466667E+00   1.7870000E+03   1.4900000E+03   4.6900000E+02   4.4000000E+02
  -1.4400000E+00   1.6390000E+03   1.3990000E+03   4.8500000E+02   4.1400000E+02
  -1.4333333E+00   1.5030000E+03   1.2520000E+03   4.7600000E+02   3.7400000E+02
  -1.4266667E+00   1.3100000E+03   1.2630000E+03   4.6000000E+02   3.7900000E+02
  -1.4200000E+00   1.2820000E+03   1.1720000E+03   4.6500000E+02   4.0800000E+02
  -1.4133333E+00   1.2310000E+03   1.0510000E+03   4.7000000E+02   3.7600000E+02
  -1.4066667E+00   1.2080000E+03   9.8000000E+02   5.0200000E+02   3.9200000E+02
  -1.4000000E+00   1.1330000E+03   9.5800000E+02   4.7400000E+02   3.9700000E+02
  -1.3933333E+00   9.8900000E+02   8.5700000E+02   4.6300000E+02   4.1000000E+02
  -1.3866667E+00   1.0650000E+03   7.9000000E+02   5.0500000E+02   3.4200000E+02
  -1.3800000E+00   9.2200000E+02   7.4000000E+02   4.8600000E+02   3.3800000E+02
  -1.3733333E+00   9.3700000E+02   7.5300000E+02   4.7600000E+02   4.0200000E+02
  -1.3666667E+00   9.3000000E+02   7.3300000E+02   4.7900000E+02   3.9400000E+02
  -1.3600000E+00   9.0000000E+02   6.6600000E+02   4.8800000E+02   3.6200000E+02
  -1.3533333E+00   8.7000000E+02   6.0200000E+02   4.7700000E+02   3.1200000E+02
  -1.3466667E+00   8.8900000E+02   5.5700000E+02   4.7300000E+02   3.2000000E+02
  -1.3400000E+00   9.4000000E+02   5.5400000E+02   5.1100000E+02   3.2000000E+02
  -1.3333333E+00   8.5000000E+02   5.6900000E+02   4.6500000E+02   3.3700000E+02
  -1.3266667E+00   8.3300000E+02   5.7800000E+02   4.6000000E+02   3.7500000E+02
  -1.3200000E+00   7.9700000E+02   5.6400000E+02   4.6300000E+02   3.2500000E+02
  -1.3133333E+00   8.4200000E+02   5.4700000E+02   4.8500000E+02   3.4200000E+02
  -1.3066667E+00   8.0600000E+02   5.2500000E+02   4.6200000E+02   3.1700000E+02
  -1.3000000E+00   8.1500000E+02   5.2600000E+02   4.7100000E+02   3.5100000E+02
  -1.2933333E+00   7.8200000E+02   4.7900000E+02   4.4300000E+02   2.8200000E+02
  -1.2866667E+00   8.0800000E+02   5.1100000E+02   4.6500000E+02   2.9900000E+02
  -1.2800000E+00   7.7200000E+02   4.9200000E+02   4.4900000E+02   3.0500000E+02
  -1.2733333E+00   7.8600000E+02   4.7100000E+02   4.2200000E+02   3.1300000E+02
  -1.2666667E+00   7.2200000E+02   4.5100000E+02   4.2800000E+02   2.7800000E+02
  -1.2600000E+00   7.5400000E+02   4.3400000E+02   4.4400000E+02   2.6700000E+02
  -1.2533333E+00   7.5300000E+02   4.9700000E+02   4.3300000E+02   3.2200000E+02
  -1.2466667E+00   7.1700000E+02   4.6200000E+02   4.2400000E+02   2.8700000E+02
  -1.2400000E+00   7.5600000E+02   4.3800000E+02   4.4200000E+02   2.8000000E+02
  -1.2333333E+00   7.6600000E+02   4.3800000E+02   4.4400000E+02   2.8500000E+02
  -1.2266667E+00   6.6200000E+02   4.4500000E+02   3.8400000E+02   2.7500000E+02
  -1.2200000E+00   7.0000000E+02   4.2100000E+02   4.2600000E+02   2.8800000E+02
  -1.2133333E+00   7.1900000E+02   4.5400000E+02   4.2500000E+02   2.8200000E+02
  -1.2066667E+00   6.8300000E+02   4.5700000E+02   3.9700000E+02   2.8900000E+02
  -1.2000000E+00   7.2200000E+02   3.9900000E+02   4.3700000E+02   2.6400000E+02
  -1.1933333E+00   6.5000000E+02   4.3100000E+02   4.1100000E+02   2.7400000E+02
  -1.1866667E+00   6.4800000E+02   4.0900000E+02   3.8800000E+02   2.7500000E+02
  -1.1800000E+00   6.1700000E+02   4.1900000E+02   3.7500000E+02   2.5800000E+02
  -1.1733333E+00   6.7900000E+02   4.2700000E+02   3.9600000E+02   2.9300000E+02
  -1.1666667E+00   6.2000000E+02   4.1100000E+02   3.8300000E+02   2.4700000E+02
  -1.1600000E+00   6.1600000E+02   3.6600000E+02   3.7900000E+02   2.3800000E+02
  -1.1533333E+00   6.1900000E+02   4.1800000E+02   3.8400000E+02   2.9500000E+02
  -1.1466667E+00   6.0600000E+02   4.2600000E+02   3.7500000E+02   2.7900000E+02
  -1.1400000E+00   6.2800000E+02   3.8100000E+02   4.0600000E+02   2.6000000E+02
  -1.1333333E+00   6.2000000E+02   4.0000000E+02   3.8000000E+02   2.6700000E+02
  -1.1266667E+00   5.9500000E+02   4.0800000E+02   3.8300000E+02   2.9000000E+02
  -1.1200000E+00   5.7200000E+02   3.9100000E+02   3.5400000E+02   2.7400000E+02
  -1.1133333E+00   5.3800000E+02   3.8400000E+02   3.4800000E+02   2.5300000E+02
  -1.1066667E+00   5.3500000E+02   3.8900000E+02   3.4800000E+02   2.6800000E+02
  -1.1000000E+00   5.1500000E+02   4.0300000E+02   3.1600000E+02   2.8100000E+02
  -1.0933333E+00   6.1600000E+02   3.8600000E+02   4.0800000E+02   2.7600000E+02
  -1.0866667E+00   5.5600000E+02   3.9900000E+02   3.6000000E+02   2.7700000E+02
  -1.0800000E+00   5.1800000E+02   3.5600000E+02   3.2400000E+02   2.5200000E+02
  -1.0733333E+00   5.7700000E+02   3.4000000E+02   3.8800000E+02   2.4400000E+02
  -1.0666667E+00   4.9900000E+02   3.9300000E+02   3.2600000E+02   2.7800000E+02
  -1.0600000E+00   4.9600000E+02   3.4600000E+02   3.3600000E+02   2.4500000E+02
  -1.0533333E+00   4.9000000E+02   3.5900000E+02   3.3800000E+02   2.5200000E+02
  -1.0466667E+00   4.9300000E+02   3.1800000E+02   3.5100000E+02   2.1400000E+02
  -1.0400000E+00   4.9300000E+02   3.2600000E+02   3.3000000E+02   2.3800000E+02
  -1.0333333E+00   4.6500000E+02   3.0800000E+02   3.2900000E+02   2.2600000E+02
  -1.0266667E+00   4.6800000E+02   3.5200000E+02   3.2900000E+02   2.4900000E+02
  -1.0200000E+00   4.6700000E+02   3.2000000E+02   3.2600000E+02   2.3500000E+02
  -1.0133333E+00   4.5900000E+02   3.0600000E+02   3.1000000E+02   2.1800000E+02
  -1.0066667E+00   4.4200000E+02   2.9500000E+02   3.2500000E+02   2.1600000E+02
  -1.0000000E+00   4.4400000E+02   3.2900000E+02   3.3100000E+02   2.3400000E+02
  -9.9333333E-01   4.1600000E+02   2.7600000E+02   2.9300000E+02   1.9400000E+02
  -9.8666667E-01   4.0800000E+02   3.0400000E+02   2.8900000E+02   2.3200000E+02
  -9.8000000E-01   4.2100000E+02   2.8100000E+02   3.1200000E+02   2.1600000E+02
  -9.7333333E-01   3.8500000E+02   2.7800000E+02   2.8300000E+02   2.1900000E+02
  -9.6666667E-01   4.0400000E+02   2.8500000E+02   2.9000000E+02   2.2700000E+02
  -9.6000000E-01   3.4300000E+02   2.7500000E+02   2.5800000E+02   2.1200000E+02
  -9.5333333E-01   4.0200000E+02   2.8200000E+02   2.9100000E+02   2.1100000E+02
  -9.4666667E-01   4.0000000E+02   2.6600000E+02   3.1600000E+02   2.0600000E+02
  -9.4000000E-01   3.7700000E+02   2.5300000E+02   2.9800000E+02   1.9200000E+02
  -9.3333333E-01   3.3200000E+02   2.6100000E+02   2.6600000E+02   2.0300000E+02
  -9.2666667E-01   3.7100000E+02   2.5300000E+02   2.9400000E+02   1.9500000E+02
  -9.2000000E-01   3.5600000E+02   2.3400000E+02   2.7300000E+02   1.8400000E+02
  -9.1333333E-01   3.5600000E+02   2.2300000E+02   2.7600000E+02   1.7900000E+02
  -9.0666667E-01   3.1600000E+02   2.5200000E+02   2.5000000E+02   1.9500000E+02
  -9.0000000E-01   3.3300000E+02   2.2600000E+02   2.6200000E+02   1.8300000E+02
  -8.9333333E-01   3.2800000E+02   2.3800000E+02   2.6600000E+02   1.9200000E+02
  -8.8666667E-01   3.0800000E+02   2.5400000E+02   2.4900000E+02   2.0100000E+02
  -8.8000000E-01   3.1000000E+02   2.3700000E+02   2.5500000E+02   1.8800000E+02
  -8.7333333E-01   2.8900000E+02   2.1900000E+02   2.3600000E+02   1.7300000E+02
  -8.6666667E-01   2.8200000E+02   2.2000000E+02   2.2900000E+02   1.9200000E+02
  -8.6000000E-01   3.0600000E+02   2.0400000E+02   2.6200000E+02   1.7600000E+02
  -8.5333333E-01   2.9100000E+02   2.2500000E+02   2.4700000E+02   1.8600000E+02
  -8.4666667E-01   2.8200000E+02   2.0600000E+02   2.4700000E+02   1.8000000E+02
  -8.4000000E-01   3.0600000E+02   1.9900000E+02   2.6700000E+02   1.6700000E+02
  -8.3333333E-01   2.5900000E+02   2.1800000E+02   2.2400000E+02   1.8900000E+02
  -8.2666667E-01   2.8700000E+02   1.9700000E+02   2.5100000E+02   1.7700000E+02
  -8.2000000E-01   2.5700000E+02   2.2000000E+02   2.2300000E+02   1.9300000E+02
  -8.1333333E-01   2.6300000E+02   2.2600000E+02   2.2300000E+02   2.0600000E+02
  -8.0666667E-01   2.7200000E+02   2.0800000E+02   2.4700000E+02   1.9000000E+02
  -8.0000000E-01   2.5900000E+02   1.7400000E+02   2.2500000E+02   1.5500000E+02
  -7.9333333E-01   2.3500000E+02   1.6600000E+02   2.2100000E+02   1.4700000E+02
  -7.8666667E-01   2.7000000E+02   2.1400000E+02   2.4700000E+02   1.9800000E+02
  -7.8000000E-01   2.1800000E+02   1.7900000E+02   1.9500000E+02   1.6500000E+02
  -7.7333333E-01   2.6700000E+02   1.8400000E+02   2.5000000E+02   1.6900000E+02
  -7.6666667E-01   2.4900000E+02   1.7500000E+02   2.2900000E+02   1.6400000E+02
  -7.6000000E-01   2.3800000E+02   1.7100000E+02   2.2000000E+02   1.5700000E+02
  -7.5333333E-01   2.4600000E+02   1.6500000E+02   2.2100000E+02   1.5400000E+02
  -7.4666667E-01   2.1900000E+02   1.7900000E+02   2.0300000E+02   1.6700000E+02
  -7.4000000E-01   2.1300000E+02   1.9200000E+02   1.9900000E+02   1.8200000E+02
  -7.3333333E-01   2.1200000E+02   1.5300000E+02   2.0000000E+02   1.4200000E+02
  -7.2666667E-01   2.7100000E+02   1.8700000E+02   2.5800000E+02   1.8300000E+02
  -7.2000000E-01   2.3200000E+02   2.0400000E+02   2.2500000E+02   1.9400000E+02
  -7.1333333E-01   2.3700000E+02   1.6100000E+02   2.2500000E+02   1.5500000E+02
  -7.0666667E-01   2.5500000E+02   1.6900000E+02   2.4500000E+02   1.6500000E+02
  -7.0000000E-01   2.3100000E+02   1.6900000E+02   2.2400000E+02   1.6000000E+02
  -6.9333333E-01   2.4300000E+02   1.8200000E+02   2.3200000E+02   1.7500000E+02
  -6.8666667E-01   2.4800000E+02   1.7400000E+02   2.3900000E+02   1.6400000E+02
  -6.8000000E-01   2.3200000E+02   1.8200000E+02   2.2700000E+02   1.7200000E+02
  -6.7333333E-01   2.2600000E+02   1.7400000E+02   2.1800000E+02   1.6600000E+02
  -6.6666667E-01   2.4600000E+02   1.8800000E+02   2.4100000E+02   1.8300000E+02
  -6.6000000E-01   2.4000000E+02   1.6600000E+02   2.3400000E+02   1.6300000E+02
  -6.5333333E-01   2.5200000E+02   2.0200000E+02   2.4600000E+02   1.9900000E+02
  -6.4666667E-01   2.5900000E+02   1.6300000E+02   2.5500000E+02   1.5500000E+02
  -6.4000000E-01   2.4200000E+02   1.9600000E+02   2.3700000E+02   1.8800000E+02
  -6.3333333E-01   2.4600000E+02   1.8300000E+02   2.3800000E+02   1.7700000E+02
  -6.2666667E-01   2.4200000E+02   1.6500000E+02   2.3700000E+02   1.6100000E+02
  -6.2000000E-01   2.6100000E+02   1.8900000E+02   2.5700000E+02   1.8500000E+02
  -6.1333333E-01   2.3800000E+02   1.9100000E+02   2.3700000E+02   1.8500000E+02
  -6.0666667E-01   2.5200000E+02   2.2700000E+02   2.4800000E+02   2.1900000E+02
  -6.0000000E-01   2.6800000E+02   1.8800000E+02   2.6400000E+02   1.8500000E+02
  -5.9333333E-01   2.8600000E+02   2.2800000E+02   2.7700000E+02   2.2500000E+02
  -5.8666667E-01   2.8300000E+02   1.9700000E+02   2.7700000E+02   1.9200000E+02
  -5.8000000E-01   2.9400000E+02   2.2400000E+02   2.9200000E+02   2.2000000E+02
  -5.7333333E-01   3.2500000E+02   2.2200000E+02   3.2000000E+02   2.1600000E+02
  -5.6666667E-01   3.0500000E+02   2.3000000E+02   3.0000000E+02   2.2800000E+02
  -5.6000000E-01   3.1600000E+02   2.2000000E+02   3.1300000E+02   2.1700000E+02
  -5.5333333E-01   3.2900000E+02   2.2400000E+02   3.2300000E+02   2.2000000E+02
  -5.4666667E-01   3.4900000E+02   2.2700000E+02   3.4600000E+02   2.2200000E+02
  -5.4000000E-01   3.5000000E+02   2.5000000E+02   3.4600000E+02   2.4600000E+02
  -5.3333333E-01   3.7900000E+02   2.6300000E+02   3.7300000E+02   2.6100000E+02
  -5.2666667E-01   3.6200000E+02   2.9400000E+02   3.6000000E+02   2.9000000E+02
  -5.2000000E-01   3.8500000E+02   2.4500000E+02   3.7600000E+02   2.4200000E+02
  -5.1333333E-01   3.9600000E+02   3.0000000E+02   3.8700000E+02   2.9400000E+02
  -5.0666667E-01   4.3300000E+02   3.3100000E+02   4.1900000E+02   3.2300000E+02
  -5.0000000E-01   3.8900000E+02   2.9600000E+02   3.8600000E+02   2.8800000E+02
  -4.9333333E-01   4.8100000E+02   2.9600000E+02   4.7700000E+02   2.8400000E+02
  -4.8666667E-01   4.6800000E+02   3.1200000E+02   4.5400000E+02   3.0900000E+02
  -4.8000000E-01   4.7100000E+02   3.3100000E+02   4.6100000E+02   3.1800000E+02
  -4.7333333E-01   5.0600000E+02   3.3800000E+02   4.9700000E+02   3.2900000E+02
  -4.6666667E-01   4.8600000E+02   3.7300000E+02   4.8200000E+02   3.6200000E+02
  -4.6000000E-01   5.2100000E+02   3.4100000E+02   5.0900000E+02   3.3400000E+02
  -4.5333333E-01   5.2300000E+02   3.7700000E+02   5.1100000E+02   3.6500000E+02
  -4.4666667E-01   5.6800000E+02   3.7400000E+02   5.5900000E+02   3.6400000E+02
  -4.4000000E-01   6.1200000E+02   3.7500000E+02   5.9300000E+02   3.6300000E+02
  -4.3333333E-01   5.6300000E+02   4.3600000E+02   5.5500000E+02   4.2600000E+02
  -4.2666667E-01   5.8000000E+02   4.0700000E+02   5.6800000E+02   3.9200000E+02
  -4.2000000E-01   6.2600000E+02   3.9200000E+02   6.1700000E+02   3.7800000E+02
  -4.1333333E-01   7.0200000E+02   4.1700000E+02   6.8000000E+02   4.0800000E+02
  -4.0666667E-01   6.5700000E+02   4.6300000E+02   6.3600000E+02   4.5500000E+02
  -4.0000000E-01   6.7700000E+02   4.5700000E+02   6.6500000E+02   4.3900000E+02
  -3.9333333E-01   7.1000000E+02   4.6700000E+02   6.9700000E+02   4.5700000E+02
  -3.8666667E-01   7.5800000E+02   4.9800000E+02   7.3900000E+02   4.8600000E+02
  -3.8000000E-01   8.1800000E+02   5.1700000E+02   7.9700000E+02   5.0700000E+02
  -3.7333333E-01   7.9800000E+02   5.2600000E+02   7.7600000E+02   5.0500000E+02
  -3.6666667E-01   8.1700000E+02   4.9900000E+02   7.9600000E+02   4.8000000E+02
  -3.6000000E-01   9.0500000E+02   5.4900000E+02   8.7100000E+02   5.3100000E+02
  -3.5333333E-01   8.9800000E+02   5.1600000E+02   8.7200000E+02   5.0500000E+02
  -3.4666667E-01   9.5100000E+02   5.7600000E+02   9.1800000E+02   5.5100000E+02
  -3.4000000E-01   9.5000000E+02   6.0300000E+02   9.2500000E+02   5.8700000E+02
  -3.3333333E-01   9.7700000E+02   6.2200000E+02   9.5300000E+02   6.0000000E+02
  -3.2666667E-01   9.6400000E+02   6.1800000E+02   9.3300000E+02   6.0200000E+02
  -3.2000000E-01   1.0450000E+03   6.3400000E+02   1.0120000E+03   6.0400000E+02
  -3.1333333E-01   1.0630000E+03   6.5300000E+02   1.0370000E+03   6.4100000E+02
  -3.0666667E-01   1.1250000E+03   6.7200000E+02   1.0890000E+03   6.5300000E+02
  -3.0000000E-01   1.1080000E+03   6.7900000E+02   1.0810000E+03   6.6300000E+02
  -2.9333333E-01   1.0790000E+03   6.7000000E+02   1.0370000E+03   6.4800000E+02
  -2.8666667E-01   1.1560000E+03   7.2300000E+02   1.1150000E+03   6.9300000E+02
  -2.8000000E-01   1.1810000E+03   7.2600000E+02   1.1430000E+03   6.7800000E+02
  -2.7333333E-01   1.1940000E+03   7.3700000E+02   1.1460000E+03   7.1300000E+02
  -2.6666667E-01   1.3040000E+03   7.1800000E+02   1.2530000E+03   6.9400000E+02
  -2.6000000E-01   1.3080000E+03   8.0100000E+02   1.2480000E+03   7.7900000E+02
  -2.5333333E-01   1.3430000E+03   8.0500000E+02   1.2770000E+03   7.7400000E+02
  -2.4666667E-01   1.3090000E+03   7.9200000E+02   1.2610000E+03   7.5500000E+02
  -2.4000000E-01   1.4020000E+03   8.3000000E+02   1.3570000E+03   8.0200000E+02
  -2.3333333E-01   1.3970000E+03   8.2900000E+02   1.3530000E+03   7.9600000E+02
  -2.2666667E-01   1.4590000E+03   8.4500000E+02   1.4080000E+03   8.1400000E+02
  -2.2000000E-01   1.4760000E+03   9.0000000E+02   1.4040000E+03   8.6200000E+02
  -2.1333333E-01   1.5130000E+03   9.1600000E+02   1.4470000E+03   8.8200000E+02
  -2.0666667E-01   1.5140000E+03   9.1300000E+02   1.4650000E+03   8.7000000E+02
  -2.0000000E-01   1.5710000E+03   9.5100000E+02   1.5120000E+03   9.1100000E+02
  -1.9333333E-01   1.5720000E+03   9.3700000E+02   1.5060000E+03   8.9800000E+02
  -1.8666667E-01   1.6770000E+03   9.7300000E+02   1.6050000E+03   9.3300000E+02
  -1.8000000E-01   1.7020000E+03   9.6600000E+02   1.6230000E+03   9.1500000E+02
  -1.7333333E-01   1.7380000E+03   1.0070000E+03   1.6640000E+03   9.7300000E+02
  -1.6666667E-01   1.7220000E+03   1.0600000E+03   1.6480000E+03   1.0050000E+03
  -1.6000000E-01   1.7520000E+03   1.0800000E+03   1.6750000E+03   1.0370000E+03
  -1.5333333E-01   1.8000000E+03   1.0520000E+03   1.7330000E+03   9.9900000E+02
  -1.4666667E-01   1.8590000E+03   1.0310000E+03   1.7700000E+03   9.8300000E+02
  -1.4000000E-01   1.9170000E+03   1.0790000E+03   1.8120000E+03   1.0170000E+03
  -1.3333333E-01   1.9180000E+03   1.1220000E+03   1.8220000E+03   1.0720000E+03
  -1.2666667E-01   1.9270000E+03   1.1240000E+03   1.8440000E+03   1.0690000E+03
  -1.2000000E-01   1.9860000E+03   1.1440000E+03   1.9090000E+03   1.0940000E+03
  -1.1333333E-01   2.0750000E+03   1.1970000E+03   1.9700000E+03   1.1470000E+03
  -1.0666667E-01   2.0720000E+03   1.1710000E+03   1.9930000E+03   1.1290000E+03
  -1.0000000E-01   2.0860000E+03   1.2000000E+03   2.0010000E+03   1.1440000E+03
  -9.3333333E-02   2.1290000E+03   1.2410000E+03   2.0130000E+03   1.1850000E+03
  -8.6666667E-02   2.2170000E+03   1.3240000E+03   2.1020000E+03   1.2580000E+03
  -8.0000000E-02   2.1980000E+03   1.2920000E+03   2.0930000E+03   1.2280000E+03
  -7.3333333E-02   2.3290000E+03   1.3760000E+03   2.2130000E+03   1.3090000E+03
  -6.6666667E-02   2.2530000E+03   1.4190000E+03   2.1510000E+03   1.3480000E+03
  -6.0000000E-02   2.4000000E+03   1.4280000E+03   2.2820000E+03   1.3510000E+03
  -5.3333333E-02   2.3930000E+03   1.4360000E+03   2.2950000E+03   1.3570000E+03
  -4.6666667E-02   2.5170000E+03   1.5050000E+03   2.4010000E+03   1.4500000E+03
  -4.0000000E-02   2.4420000E+03   1.5110000E+03   2.3390000E+03   1.4340000E+03
  -3.3333333E-02   2.5630000E+03   1.4930000E+03   2.4330000E+03   1.4320000E+03
  -2.6666667E-02   2.6530000E+03   1.6220000E+03   2.5370000E+03   1.5510000E+03
  -2.0000000E-02   2.6750000E+03   1.6150000E+03   2.5420000E+03   1.5370000E+03
  -1.3333333E-02   2.8110000E+03   1.6820000E+03   2.6770000E+03   1.6190000E+03
  -6.6666667E-03   2.8010000E+03   1.7940000E+03   2.6830000E+03   1.7160000E+03
   0.0000000E+00   2.9350000E+03   1.8350000E+03   2.7770000E+03   1.7510000E+03
   6.6666667E-03   3.0630000E+03   1.9210000E+03   2.9100000E+03   1.8410000E+03
   1.3333333E-02   3.1070000E+03   2.0450000E+03   2.9850000E+03   1.9610000E+03
   2.0000000E-02   3.1190000E+03   2.1780000E+03   2.9840000E+03   2.0960000E+03
   2.6666667E-02   3.2970000E+03   2.2280000E+03   3.1520000E+03   2.1390000E+03
   3.3333333E-02   3.4260000E+03   2.3190000E+03   3.2890000E+03   2.2270000E+03
   4.0000000E-02   3.6930000E+03   2.4530000E+03   3.5330000E+03   2.3640000E+03
   4.6666667E-02   3.7700000E+03   2.5710000E+03   3.6180000E+03   2.4560000E+03
   5.3333333E-02   4.0370000E+03   2.7420000E+03   3.8590000E+03   2.6340000E+03
   6.0000000E-02   4.1080000E+03   2.8460000E+03   3.9580000E+03   2.7440000E+03
   6.6666667E-02   4.4850000E+03   3.0760000E+03   4.3200000E+03   2.9580000E+03
   7.3333333E-02   4.6980000E+03   3.1410000E+03   4.5160000E+03   3.0360000E+03
   8.0000000E-02   4.9040000E+03   3.2980000E+03   4.7400000E+03   3.1890000E+03
   8.6666667E-02   5.3350000E+03   3.5830000E+03   5.1400000E+03   3.4560000E+03
   9.3333333E-02   5.5010000E+03   3.7110000E+03   5.2880000E+03   3.5620000E+03
   1.0000000E-01   6.0240000E+03   3.7880000E+03   5.7830000E+03   3.6550000E+03
   1.0666667E-01   6.3830000E+03   4.0800000E+03   6.1630000E+03   3.9180000E+03
   1.1333333E-01   6.6260000E+03   4.2350000E+03   6.4000000E+03   4.0430000E+03
   1.2000000E-01   7.0430000E+03   4.3780000E+03   6.8120000E+03   4.1950000E+03
   1.2666667E-01   7.3790000E+03   4.6750000E+03   7.0970000E+03   4.4700000E+03
   1.3333333E-01   7.7740000E+03   4.8830000E+03   7.5020000E+03   4.6840000E+03
   1.4000000E-01   8.3190000E+03   5.1280000E+03   8.0280000E+03   4.9140000E+03
   1.4666667E-01   8.5770000E+03   5.1820000E+03   8.2470000E+03   4.9160000E+03
   1.5333333E-01   8.9180000E+03   5.3570000E+03   8.5980000E+03   5.0730000E+03
   1.6000000E-01   9.3020000E+03   5.6490000E+03   8.9440000E+03   5.3670000E+03
   1.6666667E-01   9.9390000E+03   5.9230000E+03   9.5100000E+03   5.6140000E+03
   1.7333333E-01   1.0058000E+04   5.9950000E+03   9.6190000E+03   5.6540000E+03
   1.8000000E-01   1.0637000E+04   6.2560000E+03   1.0162000E+04   5.9180000E+03
   1.8666667E-01   1.1045000E+04   6.5480000E+03   1.0516000E+04   6.1930000E+03
   1.9333333E-01   1.1386000E+04   6.6320000E+03   1.0842000E+04   6.2040000E+03
   2.0000000E-01   1.1749000E+04   6.9240000E+03   1.1181000E+04   6.4910000E+03
   2.0666667E-01   1.2028000E+04   7.1010000E+03   1.1389000E+04   6.6420000E+03
   2.1333333E-01   1.2657000E+04   7.1380000E+03   1.1987000E+04   6.6090000E+03
   2.2000000E-01   1.3214000E+04   7.3990000E+03   1.2480000E+04   6.8720000E+03
   2.2666667E-01   1.3379000E+04   7.5690000E+03   1.2606000E+04   7.0850000E+03
   2.3333333E-01   1.3950000E+04   7.8370000E+03   1.3158000E+04   7.2550000E+03
   2.4000000E-01   1.4373000E+04   8.0970000E+03   1.3444000E+04   7.4910000E+03
   2.4666667E-01   1.4694000E+04   8.0880000E+03   1.3721000E+04   7.3960000E+03
   2.5333333E-01   1.5062000E+04   8.3730000E+03   1.4048000E+04   7.7110000E+03
   2.6000000E-01   1.5573000E+04   8.5230000E+03   1.4518000E+04   7.7440000E+03
   2.6666667E-01   1.6077000E+04   8.4350000E+03   1.4918000E+04   7.7370000E+03
   2.7333333E-01   1.6117000E+04   8.8820000E+03   1.4907000E+04   8.0860000E+03
   2.8000000E-01   1.6284000E+04   9.0270000E+03   1.5073000E+04   8.2310000E+03
   2.8666667E-01   1.6888000E+04   9.2340000E+03   1.5594000E+04   8.3970000E+03
   2.9333333E-01   1.7122000E+04   9.2770000E+03   1.5784000E+04   8.3960000E+03
   3.0000000E-01   1.7356000E+04   9.5380000E+03   1.5963000E+04   8.6230000E+03
   3.0666667E-01   1.7835000E+04   9.7130000E+03   1.6306000E+04   8.6550000E+03
   3.1333333E-01   1.8157000E+04   9.8870000E+03   1.6514000E+04   8.8440000E+03
   3.2000000E-01   1.8524000E+04   9.9690000E+03   1.6837000E+04   8.8650000E+03
   3.2666667E-01   1.8736000E+04   9.9050000E+03   1.7076000E+04   8.8020000E+03
   3.3333333E-01   1.9205000E+04   1.0078000E+04   1.7377000E+04   8.9580000E+03
   3.4000000E-01   1.9340000E+04   1.0321000E+04   1.7444000E+04   9.1780000E+03
   3.4666667E-01   1.9714000E+04   1.0324000E+04   1.7828000E+04   9.1350000E+03
   3.5333333E-01   2.0052000E+04   1.0616000E+04   1.7984000E+04   9.3540000E+03
   3.6000000E-01   2.0426000E+04   1.0873000E+04   1.8211000E+04   9.5740000E+03
   3.6666667E-01   2.0893000E+04   1.0809000E+04   1.8748000E+04   9.4280000E+03
   3.7333333E-01   2.1018000E+04   1.1007000E+04   1.8717000E+04   9.5970000E+03
   3.8000000E-01   2.1280000E+04   1.1017000E+04   1.8871000E+04   9.6080000E+03
   3.8666667E-01   2.1446000E+04   1.1168000E+04   1.8926000E+04   9.7520000E+03
   3.9333333E-01   2.1819000E+04   1.1222000E+04   1.9333000E+04   9.7330000E+03
   4.0000000E-01   2.2123000E+04   1.1435000E+04   1.9486000E+04   9.9060000E+03
   4.0666667E-01   2.2159000E+04   1.1634000E+04   1.9547000E+04   9.9980000E+03
   4.1333333E-01   2.2512000E+04   1.1729000E+04   1.9727000E+04   1.0094000E+04
   4.2000000E-01   2.2609000E+04   1.1730000E+04   1.9742000E+04   1.0035000E+04
   4.2666667E-01   2.2815000E+04   1.1973000E+04   1.9930000E+04   1.0288000E+04
   4.3333333E-01   2.3595000E+04   1.2117000E+04   2.0544000E+04   1.0303000E+04
   4.4000000E-01   2.3639000E+04   1.2095000E+04   2.0491000E+04   1.0334000E+04
   4.4666667E-01   2.3879000E+04   1.2388000E+04   2.0761000E+04   1.0591000E+04
   4.5333333E-01   2.3827000E+04   1.2354000E+04   2.0658000E+04   1.0462000E+04
   4.6000000E-01   2.4149000E+04   1.2685000E+04   2.0730000E+04   1.0694000E+04
   4.6666667E-01   2.4703000E+04   1.2571000E+04   2.1198000E+04   1.0596000E+04
   4.7333333E-01   2.4748000E+04   1.2752000E+04   2.1175000E+04   1.0804000E+04
   4.8000000E-01   2.4979000E+04   1.2794000E+04   2.1361000E+04   1.0735000E+04
   4.8666667E-01   2.5370000E+04   1.2900000E+04   2.1688000E+04   1.0804000E+04
   4.9333333E-01   2.5500000E+04   1.3004000E+04   2.1736000E+04   1.0841000E+04
   5.0000000E-01   2.5540000E+04   1.3145000E+04   2.1762000E+04   1.0985000E+04
   5.0666667E-01   2.5720000E+04   1.3003000E+04   2.1904000E+04   1.0925000E+04
   5.1333333E-01   2.6123000E+04   1.3346000E+04   2.2076000E+04   1.1059000E+04
   5.2000000E-01   2.6286000E+04   1.3348000E+04   2.2238000E+04   1.1084000E+04
   5.2666667E-01   2.6448000E+04   1.3337000E+04   2.2253000E+04   1.1024000E+04
   5.3333333E-01   2.6610000E+04   1.3443000E+04   2.2491000E+04   1.1078000E+04
   5.4000000E-01   2.7007000E+04   1.3786000E+04   2.2725000E+04   1.1362000E+04
   5.4666667E-01   2.6913000E+04   1.3896000E+04   2.2563000E+04   1.1452000E+04
   5.5333333E-01   2.7008000E+04   1.3906000E+04   2.2534000E+04   1.1447000E+04
   5.6000000E-01   2.7481000E+04   1.3882000E+04   2.3019000E+04   1.1262000E+04
   5.6666667E-01   2.7888000E+04   1.3849000E+04   2.3284000E+04   1.1239000E+04
   5.7333333E-01   2.7437000E+04   1.4186000E+04   2.2861000E+04   1.1548000E+04
   5.8000000E-01   2.8012000E+04   1.4098000E+04   2.3276000E+04   1.1505000E+04
   5.8666667E-01   2.8102000E+04   1.4363000E+04   2.3254000E+04   1.1687000E+04
   5.9333333E-01   2.7976000E+04   1.4182000E+04   2.3119000E+04   1.1404000E+04
   6.0000000E-01   2.8618000E+04   1.4246000E+04   2.3499000E+04   1.1460000E+04
   6.0666667E-01   2.8147000E+04   1.4295000E+04   2.3266000E+04   1.1532000E+04
   6.1333333E-01   2.8543000E+04   1.4543000E+04   2.3447000E+04   1.1778000E+04
   6.2000000E-01   2.8850000E+04   1.4350000E+04   2.3671000E+04   1.1536000E+04
   6.2666667E-01   2.8596000E+04   1.4660000E+04   2.3340000E+04   1.1721000E+04
   6.3333333E-01   2.8671000E+04   1.4376000E+04   2.3374000E+04   1.1515000E+04
   6.4000000E-01   2.8796000E+04   1.4547000E+04   2.3575000E+04   1.1509000E+04
   6.4666667E-01   2.9059000E+04   1.4494000E+04   2.3597000E+04   1.1507000E+04
   6.5333333E-01   2.9407000E+04   1.4647000E+04   2.3770000E+04   1.1722000E+04
   6.6000000E-01   2.9569000E+04   1.4794000E+04   2.3960000E+04   1.1781000E+04
   6.6666667E-01   2.9400000E+04   1.4815000E+04   2.3783000E+04   1.1698000E+04
   6.7333333E-01   2.9499000E+04   1.4703000E+04   2.3799000E+04   1.1519000E+04
   6.8000000E-01   2.9411000E+04   1.4823000E+04   2.3540000E+04   1.1701000E+04
   6.8666667E-01   2.9965000E+04   1.4897000E+04   2.4076000E+04   1.1668000E+04
   6.9333333E-01   2.9667000E+04   1.4783000E+04   2.3706000E+04   1.1565000E+04
   7.0000000E-01   2.9535000E+04   1.4880000E+04   2.3563000E+04   1.1560000E+04
   7.0666667E-01   2.9833000E+04   1.4624000E+04   2.3741000E+04   1.1454000E+04
   7.1333333E-01   2.9742000E+04   1.4799000E+04   2.3629000E+04   1.1565000E+04
   7.2000000E-01   2.9899000E+04   1.4969000E+04   2.3658000E+04   1.1599000E+04
   7.2666667E-01   2.9837000E+04   1.4546000E+04   2.3656000E+04   1.1230000E+04
   7.3333333E-01   2.9960000E+04   1.4899000E+04   2.3625000E+04   1.1433000E+04
   7.4000000E-01   3.0010000E+04   1.4779000E+04   2.3493000E+04   1.1336000E+04
   7.4666667E-01   2.9907000E+04   1.5030000E+04   2.3501000E+04   1.1568000E+04
   7.5333333E-01   3.0092000E+04   1.4762000E+04   2.3679000E+04   1.1198000E+04
   7.6000000E-01   3.0045000E+04   1.5020000E+04   2.3460000E+04   1.1417000E+04
   7.6666667E-01   3.0053000E+04   1.4700000E+04   2.3426000E+04   1.1187000E+04
   7.7333333E-01   2.9785000E+04   1.4677000E+04   2.3184000E+04   1.1098000E+04
   7.8000000E-01   2.9760000E+04   1.4671000E+04   2.2996000E+04   1.1115000E+04
   7.8666667E-01   3.0015000E+04   1.4977000E+04   2.3002000E+04   1.1294000E+04
   7.9333333E-01   2.9648000E+04   1.4850000E+04   2.2873000E+04   1.1222000E+04
   8.0000000E-01   3.0158000E+04   1.4837000E+04   2.3172000E+04   1.1114000E+04
   8.0666667E-01   2.9953000E+04   1.4523000E+04   2.3035000E+04   1.0734000E+04
   8.1333333E-01   2.9736000E+04   1.4715000E+04   2.2707000E+04   1.0994000E+04
   8.2000000E-01   2.9591000E+04   1.4408000E+04   2.2487000E+04   1.0639000E+04
   8.2666667E-01   2.9387000E+04   1.4473000E+04   2.2292000E+04   1.0788000E+04
   8.3333333E-01   2.9250000E+04   1.4545000E+04   2.2058000E+04   1.0687000E+04
   8.4000000E-01   2.9138000E+04   1.4082000E+04   2.2109000E+04   1.0299000E+04
   8.4666667E-01   2.9074000E+04   1.4439000E+04   2.1904000E+04   1.0520000E+04
   8.5333333E-01   2.8999000E+04   1.4268000E+04   2.1742000E+04   1.0506000E+04
   8.6000000E-01   2.8780000E+04   1.4238000E+04   2.1474000E+04   1.0306000E+04
   8.6666667E-01   2.8543000E+04   1.4079000E+04   2.1319000E+04   1.0121000E+04
   8.7333333E-01   2.8095000E+04   1.3835000E+04   2.0755000E+04   1.0002000E+04
   8.8000000E-01   2.8392000E+04   1.3794000E+04   2.0999000E+04   9.8610000E+03
   8.8666667E-01   2.8432000E+04   1.3647000E+04   2.1046000E+04   9.7080000E+03
   8.9333333E-01   2.7893000E+04   1.3742000E+04   2.0518000E+04   9.8080000E+03
   9.0000000E-01   2.7820000E+04   1.3546000E+04   2.0345000E+04   9.5200000E+03
   9.0666667E-01   2.7340000E+04   1.3695000E+04   1.9967000E+04   9.6330000E+03
   9.1333333E-01   2.7498000E+04   1.3298000E+04   2.0135000E+04   9.2760000E+03
   9.2000000E-01   2.6955000E+04   1.3108000E+04   1.9429000E+04   9.1210000E+03
   9.2666667E-01   2.6723000E+04   1.3195000E+04   1.9337000E+04   9.2300000E+03
   9.3333333E-01   2.6362000E+04   1.2807000E+04   1.8978000E+04   8.7340000E+03
   9.4000000E-01   2.6299000E+04   1.2983000E+04   1.8799000E+04   8.7990000E+03
   9.4666667E-01   2.5771000E+04   1.2750000E+04   1.8261000E+04   8.6250000E+03
   9.5333333E-01   2.5705000E+04   1.2388000E+04   1.8168000E+04   8.3860000E+03
   9.6000000E-01   2.5002000E+04   1.2482000E+04   1.7519000E+04   8.3450000E+03
   9.6666667E-01   2.4864000E+04   1.2458000E+04   1.7223000E+04   8.2800000E+03
   9.7333333E-01   2.3840000E+04   1.2201000E+04   1.6626000E+04   8.0820000E+03
   9.8000000E-01   2.3482000E+04   1.1766000E+04   1.6186000E+04   7.6310000E+03
   9.8666667E-01   2.2687000E+04   1.1783000E+04   1.5575000E+04   7.6060000E+03
   9.9333333E-01   2.2214000E+04   1.1798000E+04   1.5176000E+04   7.6300000E+03
   1.0000000E+00   2.1547000E+04   1.1353000E+04   1.4574000E+04   7.2210000E+03
   1.0066667E+00   2.0918000E+04   1.1272000E+04   1.3920000E+04   7.0050000E+03
   1.0133333E+00   2.0228000E+04   1.1049000E+04   1.3428000E+04   6.8600000E+03
   1.0200000E+00   1.9524000E+04   1.0986000E+04   1.2967000E+04   6.7980000E+03
   1.0266667E+00   1.8622000E+04   1.0593000E+04   1.2030000E+04   6.3750000E+03
   1.0333333E+00   1.7765000E+04   1.0341000E+04   1.1430000E+04   6.1480000E+03
   1.0400000E+00   1.7025000E+04   1.0235000E+04   1.0788000E+04   5.9300000E+03
   1.0466667E+00   1.5961000E+04   1.0049000E+04   1.0014000E+04   5.8920000E+03
   1.0533333E+00   1.5107000E+04   9.8270000E+03   9.2710000E+03   5.6050000E+03
   1.0600000E+00   1.4367000E+04   9.6320000E+03   8.8230000E+03   5.4290000E+03
   1.0666667E+00   1.3334000E+04   9.4560000E+03   8.0180000E+03   5.1820000E+03
   1.0733333E+00   1.2403000E+04   9.2700000E+03   7.5090000E+03   5.0050000E+03
   1.0800000E+00   1.1557000E+04   9.2350000E+03   6.8720000E+03   4.9460000E+03
   1.0866667E+00   1.0619000E+04   8.9000000E+03   6.1190000E+03   4.6370000E+03
   1.0933333E+00   1.0028000E+04   8.5490000E+03   5.7770000E+03   4.3110000E+03
   1.1000000E+00   9.1750000E+03   8.4690000E+03   5.1460000E+03   4.1500000E+03
   1.1066667E+00   8.3760000E+03   8.2070000E+03   4.6430000E+03   3.9870000E+03
   1.1133333E+00   7.8500000E+03   7.9710000E+03   4.4280000E+03   3.7750000E+03
   1.1200000E+00   7.2740000E+03   7.7550000E+03   4.1230000E+03   3.5980000E+03
   1.1266667E+00   6.7040000E+03   7.5340000E+03   3.8100000E+03   3.4090000E+03
   1.1333333E+00   5.9520000E+03   7.6530000E+03   3.2780000E+03   3.4750000E+03
   1.1400000E+00   5.5910000E+03   7.3910000E+03   3.1910000E+03   3.1390000E+03
   1.1466667E+00   5.0010000E+03   7.2830000E+03   2.8620000E+03   3.0410000E+03
   1.1533333E+00   4.6940000E+03   7.1280000E+03   2.8030000E+03   2.9060000E+03
   1.1600000E+00   4.4850000E+03   6.9810000E+03   2.6450000E+03   2.7640000E+03
   1.1666667E+00   4.1520000E+03   6.9320000E+03   2.5500000E+03   2.6710000E+03
   1.1733333E+00   3.7830000E+03   6.7180000E+03   2.4010000E+03   2.5150000E+03
   1.1800000E+00   3.6500000E+03   6.5690000E+03   2.3050000E+03   2.3540000E+03
   1.1866667E+00   3.1840000E+03   6.3570000E+03   2.0390000E+03   2.2550000E+03
   1.1933333E+00   3.1430000E+03   6.1270000E+03   2.1020000E+03   2.0750000E+03
   1.2000000E+00   2.8680000E+03   6.0050000E+03   2.0160000E+03   1.9920000E+03
   1.2066667E+00   2.7340000E+03   5.9680000E+03   1.9770000E+03   1.8930000E+03
   1.2133333E+00   2.6370000E+03   5.9180000E+03   1.8890000E+03   1.8720000E+03
   1.2200000E+00   2.4850000E+03   5.7530000E+03   1.8060000E+03   1.7710000E+03
   1.2266667E+00   2.3390000E+03   5.8000000E+03   1.7630000E+03   1.6970000E+03
   1.2333333E+00   2.2560000E+03   5.6100000E+03   1.7240000E+03   1.5910000E+03
   1.2400000E+00   2.1430000E+03   5.6790000E+03   1.5710000E+03   1.5160000E+03
   1.2466667E+00   2.0820000E+03   5.4480000E+03   1.6040000E+03   1.4190000E+03
   1.2533333E+00   1.9470000E+03   5.4560000E+03   1.4950000E+03   1.4120000E+03
   1.2600000E+00   1.8920000E+03   5.1990000E+03   1.4450000E+03   1.2430000E+03
   1.2666667E+00   1.8050000E+03   5.1670000E+03   1.4040000E+03   1.2450000E+03
   1.2733333E+00   1.8110000E+03   5.2120000E+03   1.4390000E+03   1.2390000E+03
   1.2800000E+00   1.7630000E+03   5.1820000E+03   1.3750000E+03   1.1290000E+03
   1.2866667E+00   1.6160000E+03   5.0040000E+03   1.2760000E+03   1.1230000E+03
   1.2933333E+00   1.6100000E+03   4.9560000E+03   1.2690000E+03   1.0340000E+03
   1.3000000E+00   1.6880000E+03   4.9180000E+03   1.3280000E+03   1.0300000E+03
   1.3066667E+00   1.5570000E+03   4.9790000E+03   1.1950000E+03   1.0020000E+03
   1.3133333E+00   1.5270000E+03   5.0190000E+03   1.1740000E+03   1.0120000E+03
   1.3200000E+00   1.4570000E+03   4.8720000E+03   1.1270000E+03   9.7500000E+02
   1.3266667E+00   1.4570000E+03   4.7540000E+03   1.1010000E+03   8.6800000E+02
   1.3333333E+00   1.5040000E+03   4.7090000E+03   1.1660000E+03   8.4700000E+02
   1.3400000E+00   1.4460000E+03   4.6990000E+03   1.1060000E+03   7.8600000E+02
   1.3466667E+00   1.4200000E+03   4.5680000E+03   1.0720000E+03   7.9300000E+02
   1.3533333E+00   1.3900000E+03   4.5490000E+03   1.0930000E+03   7.2100000E+02
   1.3600000E+00   1.3540000E+03   4.5330000E+03   1.0690000E+03   6.8700000E+02
   1.3666667E+00   1.3980000E+03   4.5480000E+03   1.0930000E+03   6.7100000E+02
   1.3733333E+00   1.3170000E+03   4.4240000E+03   1.0510000E+03   6.3400000E+02
   1.3800000E+00   1.3000000E+03   4.3560000E+03   1.0130000E+03   6.0700000E+02
   1.3866667E+00   1.3400000E+03   4.2200000E+03   1.0380000E+03   5.6600000E+02
   1.3933333E+00   1.2590000E+03   4.2230000E+03   1.0150000E+03   4.9700000E+02
   1.4000000E+00   1.2650000E+03   4.2470000E+03   1.0090000E+03   5.2800000E+02
   1.4066667E+00   1.2560000E+03   4.3410000E+03   1.0100000E+03   4.9600000E+02
   1.4133333E+00   1.2500000E+03   4.1390000E+03   9.9700000E+02   4.3300000E+02
   1.4200000E+00   1.2050000E+03   4.0690000E+03   9.7200000E+02   4.3000000E+02
   1.4266667E+00   1.2610000E+03   4.0740000E+03   1.0040000E+03   3.8500000E+02
   1.4333333E+00   1.1850000E+03   4.0810000E+03   9.4200000E+02   3.9500000E+02
   1.4400000E+00   1.2210000E+03   4.1050000E+03   9.9200000E+02   3.9900000E+02
   1.4466667E+00   1.2100000E+03   4.0830000E+03   9.7100000E+02   3.9100000E+02
   1.4533333E+00   1.0970000E+03   4.0550000E+03   8.9200000E+02   3.3100000E+02
   1.4600000E+00   1.1990000E+03   3.9050000E+03   9.9100000E+02   2.9900000E+02
   1.4666667E+00   1.0830000E+03   3.9690000E+03   8.8200000E+02   3.0200000E+02
   1.4733333E+00   1.0430000E+03   3.8800000E+03   8.7700000E+02   2.4600000E+02
   1.4800000E+00   1.1300000E+03   3.8540000E+03   9.2500000E+02   2.0900000E+02
   1.4866667E+00   1.0400000E+03   3.8360000E+03   8.7700000E+02   2.2400000E+02
   1.4933333E+00   1.0450000E+03   3.8010000E+03   8.9000000E+02   2.4100000E+02
   1.5000000E+00   1.0620000E+03   3.8050000E+03   8.6400000E+02   1.9500000E+02
   1.5066667E+00   1.0360000E+03   3.6380000E+03   8.6700000E+02   1.8900000E+02
   1.5133333E+00   9.7800000E+02   3.7630000E+03   8.1200000E+02   1.7700000E+02
   1.5200000E+00   9.9500000E+02   3.7210000E+03   8.4100000E+02   1.4900000E+02
   1.5266667E+00   9.4400000E+02   3.5800000E+03   7.9300000E+02   1.1800000E+02
   1.5333333E+00   9.6600000E+02   3.6350000E+03   8.3100000E+02   1.1300000E+02
   1.5400000E+00   9.5700000E+02   3.5380000E+03   8.3200000E+02   1.1500000E+02
   1.5466667E+00   9.3000000E+02   3.5880000E+03   8.0500000E+02   1.0200000E+02
   1.5533333E+00   9.4500000E+02   3.5040000E+03   8.0300000E+02   1.0200000E+02
   1.5600000E+00   9.5900000E+02   3.4980000E+03   8.2300000E+02   9.6000000E+01
   1.5666667E+00   9.0500000E+02   3.4640000E+03   7.5500000E+02   9.1000000E+01
   1.5733333E+00   9.2400000E+02   3.4080000E+03   7.9700000E+02   7.2000000E+01
   1.5800000E+00   8.7400000E+02   3.4170000E+03   7.5000000E+02   8.8000000E+01
   1.5866667E+00   8.6200000E+02   3.4350000E+03   7.3600000E+02   7.5000000E+01
   1.5933333E+00   8.4500000E+02   3.5140000E+03   7.4600000E+02   6.6000000E+01
   1.6000000E+00   8.1500000E+02   3.4030000E+03   7.1100000E+02   5.5000000E+01
   1.6066667E+00   8.2400000E+02   3.3790000E+03   7.2100000E+02   4.9000000E+01
   1.6133333E+00   8.6100000E+02   3.4400000E+03   7.6800000E+02   4.7000000E+01
   1.6200000E+00   8.1100000E+02   3.3180000E+03   7.1100000E+02   5.4000000E+01
   1.6266667E+00   7.6600000E+02   3.3460000E+03   6.7500000E+02   4.3000000E+01
   1.6333333E+00   7.6100000E+02   3.3870000E+03   6.8500000E+02   4.4000000E+01
   1.6400000E+00   7.5800000E+02   3.2540000E+03   6.7400000E+02   5.2000000E+01
   1.6466667E+00   7.5400000E+02   3.3550000E+03   6.8200000E+02   4.6000000E+01
   1.6533333E+00   7.7500000E+02   3.2460000E+03   6.9600000E+02   3.7000000E+01
   1.6600000E+00   7.3500000E+02   3.1750000E+03   6.7400000E+02   3.7000000E+01
   1.6666667E+00   6.9200000E+02   3.2000000E+03   6.2800000E+02   3.3000000E+01
   1.6733333E+00   7.1900000E+02   3.2210000E+03   6.6000000E+02   2.8000000E+01
   1.6800000E+00   7.0600000E+02   3.3460000E+03   6.3900000E+02   3.1000000E+01
   1.6866667E+00   6.5500000E+02   3.1180000E+03   6.0300000E+02   2.9000000E+01
   1.6933333E+00   6.4100000E+02   3.1460000E+03   5.9400000E+02   3.1000000E+01
   1.7000000E+00   6.6000000E+02   3.0860000E+03   6.1100000E+02   2.0000000E+01
   1.7066667E+00   6.0100000E+02   3.2470000E+03   5.5400000E+02   3.3000000E+01
   1.7133333E+00   6.3900000E+02   3.0960000E+03   5.9800000E+02   2.7000000E+01
   1.7200000E+00   6.3700000E+02   3.0390000E+03   5.9500000E+02   1.5000000E+01
   1.7266667E+00   5.9900000E+02   3.2520000E+03   5.6100000E+02   2.7000000E+01
   1.7333333E+00   5.7400000E+02   3.0690000E+03   5.2800000E+02   2.8000000E+01
   1.7400000E+00   5.7000000E+02   3.1000000E+03   5.3800000E+02   2.8000000E+01
   1.7466667E+00   5.8800000E+02   3.0980000E+03   5.5800000E+02   2.3000000E+01
   1.7533333E+00   5.4000000E+02   2.9880000E+03   5.1500000E+02   2.2000000E+01
   1.7600000E+00   5.8500000E+02   2.9680000E+03   5.5800000E+02   3.3000000E+01
   1.7666667E+00   5.6400000E+02   2.9400000E+03   5.3800000E+02   2.0000000E+01
   1.7733333E+00   5.3900000E+02   2.9800000E+03   5.1000000E+02   2.6000000E+01
   1.7800000E+00   5.6300000E+02   2.9860000E+03   5.3900000E+02   1.5000000E+01
   1.7866667E+00   5.5900000E+02   2.9360000E+03   5.3900000E+02   1.7000000E+01
   1.7933333E+00   5.4000000E+02   2.9870000E+03   5.2600000E+02   1.7000000E+01
   1.8000000E+00   5.0000000E+02   3.0320000E+03   4.8000000E+02   1.9000000E+01
   1.8066667E+00   4.9900000E+02   2.9810000E+03   4.8600000E+02   2.1000000E+01
   1.8133333E+00   5.2500000E+02   2.8760000E+03   5.0700000E+02   1.2000000E+01
   1.8200000E+00   4.8900000E+02   2.7960000E+03   4.7400000E+02   1.4000000E+01
   1.8266667E+00   4.6400000E+02   2.9120000E+03   4.5200000E+02   1.8000000E+01
   1.8333333E+00   4.6300000E+02   2.9940000E+03   4.4500000E+02   2.0000000E+01
   1.8400000E+00   4.9400000E+02   2.9110000E+03   4.7900000E+02   1.8000000E+01
   1.8466667E+00   4.6500000E+02   2.7960000E+03   4.4800000E+02   2.1000000E+01
   1.8533333E+00   4.8600000E+02   2.7920000E+03   4.7300000E+02   1.4000000E+01
   1.8600000E+00   4.3500000E+02   2.8120000E+03   4.2400000E+02   2.0000000E+01
   1.8666667E+00   4.4600000E+02   2.8540000E+03   4.3100000E+02   2.2000000E+01
   1.8733333E+00   5.2000000E+02   2.7830000E+03   5.1300000E+02   1.6000000E+01
   1.8800000E+00   4.6200000E+02   2.7790000E+03   4.6000000E+02   2.4000000E+01
   1.8866667E+00   4.5100000E+02   2.6770000E+03   4.4400000E+02   1.9000000E+01
   1.8933333E+00   4.2600000E+02   2.6950000E+03   4.2200000E+02   1.8000000E+01
   1.9000000E+00   4.5100000E+02   2.7540000E+03   4.4600000E+02   1.7000000E+01
   1.9066667E+00   4.4500000E+02   2.6950000E+03   4.3600000E+02   1.8000000E+01
   1.9133333E+00   4.3100000E+02   2.7280000E+03   4.2700000E+02   1.9000000E+01
   1.9200000E+00   4.3300000E+02   2.6780000E+03   4.2700000E+02   1.4000000E+01
   1.9266667E+00   4.2200000E+02   2.7000000E+03   4.1600000E+02   2.1000000E+01
   1.9333333E+00   4.3800000E+02   2.6700000E+03   4.3400000E+02   2.0000000E+01
   1.9400000E+00   4.4300000E+02   2.6530000E+03   4.4200000E+02   1.3000000E+01
   1.9466667E+00   4.1900000E+02   2.5930000E+03   4.1500000E+02   1.2000000E+01
   1.9533333E+00   4.3400000E+02   2.6550000E+03   4.2600000E+02   1.8000000E+01
   1.9600000E+00   4.6100000E+02   2.7160000E+03   4.5800000E+02   1.4000000E+01
   1.9666667E+00   4.4100000E+02   2.6000000E+03   4.3900000E+02   1.0000000E+01
   1.9733333E+00   4.5800000E+02   2.5910000E+03   4.5300000E+02   1.2000000E+01
   1.9800000E+00   4.6600000E+02   2.5810000E+03   4.6400000E+02   1.4000000E+01
   1.9866667E+00   4.5100000E+02   2.5640000E+03   4.5100000E+02   1.3000000E+01
   1.9933333E+00   4.5600000E+02   2.5390000E+03   4.5200000E+02   2.0000000E+01
   2.0000000E+00   4.0400000E+02   2.5580000E+03   4.0400000E+02   1.1000000E+01
   2.0066667E+00   4.4400000E+02   2.4310000E+03   4.4300000E+02   9.0000000E+00
   2.0133333E+00   4.4900000E+02   2.5620000E+03   4.4800000E+02   1.9000000E+01
   2.0200000E+00   5.0400000E+02   2.4910000E+03   4.9900000E+02   1.6000000E+01
   2.0266667E+00   5.3800000E+02   2.3880000E+03   5.3600000E+02   1.3000000E+01
   2.0333333E+00   4.7000000E+02   2.5220000E+03   4.6800000E+02   1.3000000E+01
   2.0400000E+00   4.3700000E+02   2.4430000E+03   4.3700000E+02   1.2000000E+01
   2.0466667E+00   5.0200000E+02   2.4190000E+03   5.0100000E+02   1.1000000E+01
   2.0533333E+00   5.3100000E+02   2.4440000E+03   5.3100000E+02   1.4000000E+01
   2.0600000E+00   5.5500000E+02   2.3570000E+03   5.5200000E+02   1.1000000E+01
   2.0666667E+00   5.3900000E+02   2.4560000E+03   5.3300000E+02   5.0000000E+00
   2.0733333E+00   5.5400000E+02   2.3780000E+03   5.5200000E+02   5.0000000E+00
   2.0800000E+00   6.0600000E+02   2.4130000E+03   6.0600000E+02   1.4000000E+01
   2.0866667E+00   6.4100000E+02   2.3680000E+03   6.3600000E+02   1.2000000E+01
   2.0933333E+00   6.1700000E+02   2.4440000E+03   6.1600000E+02   4.0000000E+00
   2.1000000E+00   5.8800000E+02   2.2910000E+03   5.8600000E+02   1.2000000E+01
   2.1066667E+00   6.2900000E+02   2.2940000E+03   6.2500000E+02   9.0000000E+00
   2.1133333E+00   6.8100000E+02   2.3650000E+03   6.7700000E+02   1.0000000E+01
   2.1200000E+00   6.6600000E+02   2.3470000E+03   6.6100000E+02   9.0000000E+00
   2.1266667E+00   7.2100000E+02   2.2870000E+03   7.1900000E+02   9.0000000E+00
   2.1333333E+00   7.4800000E+02   2.2340000E+03   7.4400000E+02   1.2000000E+01
   2.1400000E+00   7.5200000E+02   2.3030000E+03   7.4900000E+02   1.4000000E+01
   2.1466667E+00   7.7700000E+02   2.2070000E+03   7.7400000E+02   9.0000000E+00
   2.1533333E+00   8.1500000E+02   2.2580000E+03   8.1400000E+02   1.0000000E+01
   2.1600000E+00   7.8700000E+02   2.2420000E+03   7.8400000E+02   1.0000000E+01
   2.1666667E+00   8.5900000E+02   2.2150000E+03   8.5500000E+02   5.0000000E+00
   2.1733333E+00   8.8600000E+02   2.2150000E+03   8.8300000E+02   1.4000000E+01
   2.1800000E+00   9.1400000E+02   2.1710000E+03   9.0600000E+02   1.2000000E+01
   2.1866667E+00   8.9900000E+02   2.1940000E+03   8.9400000E+02   1.0000000E+01
   2.1933333E+00   9.1500000E+02   2.1760000E+03   9.1100000E+02   6.0000000E+00
   2.2000000E+00   9.9400000E+02   2.1040000E+03   9.9400000E+02   1.2000000E+01
   2.2066667E+00   1.0310000E+03   2.1620000E+03   1.0270000E+03   1.2000000E+01
   2.2133333E+00   1.0280000E+03   1.9750000E+03   1.0240000E+03   1.2000000E+01
   2.2200000E+00   1.0560000E+03   2.1500000E+03   1.0530000E+03   8.0000000E+00
   2.2266667E+00   1.1700000E+03   2.0910000E+03   1.1650000E+03   1.0000000E+01
   2.2333333E+00   1.1440000E+03   2.0610000E+03   1.1420000E+03   8.0000000E+00
   2.2400000E+00   1.1550000E+03   2.1020000E+03   1.1460000E+03   1.4000000E+01
   2.2466667E+00   1.1860000E+03   1.9810000E+03   1.1800000E+03   9.0000000E+00
   2.2533333E+00   1.2200000E+03   1.9960000E+03   1.2130000E+03   4.0000000E+00
   2.2600000E+00   1.2440000E+03   2.0540000E+03   1.2410000E+03   9.0000000E+00
   2.2666667E+00   1.2950000E+03   2.0350000E+03   1.2910000E+03   1.0000000E+01
   2.2733333E+00   1.2840000E+03   2.0530000E+03   1.2770000E+03   7.0000000E+00
   2.2800000E+00   1.3800000E+03   1.9820000E+03   1.3720000E+03   8.0000000E+00
   2.2866667E+00   1.3800000E+03   1.9420000E+03   1.3700000E+03   7.0000000E+00
   2.2933333E+00   1.4620000E+03   1.9530000E+03   1.4540000E+03   6.0000000E+00
   2.3000000E+00   1.4730000E+03   1.9590000E+03   1.4660000E+03   2.0000000E+00
   2.3066667E+00   1.4830000E+03   1.9260000E+03   1.4780000E+03   1.0000000E+01
   2.3133333E+00   1.5810000E+03   1.9540000E+03   1.5710000E+03   6.0000000E+00
   2.3200000E+00   1.5620000E+03   1.9550000E+03   1.5530000E+03   1.1000000E+01
   2.3266667E+00   1.5750000E+03   1.8650000E+03   1.5680000E+03   5.0000000E+00
   2.3333333E+00   1.5920000E+03   1.8710000E+03   1.5820000E+03   3.0000000E+00
   2.3400000E+00   1.6860000E+03   1.9020000E+03   1.6760000E+03   3.0000000E+00
   2.3466667E+00   1.7600000E+03   1.9650000E+03   1.7510000E+03   1.0000000E+00
   2.3533333E+00   1.7340000E+03   1.8220000E+03   1.7270000E+03   5.0000000E+00
   2.3600000E+00   1.7680000E+03   1.7660000E+03   1.7560000E+03   8.0000000E+00
   2.3666667E+00   1.8720000E+03   1.7760000E+03   1.8650000E+03   5.0000000E+00
   2.3733333E+00   1.9350000E+03   1.7490000E+03   1.9240000E+03   6.0000000E+00
   2.3800000E+00   1.8580000E+03   1.7860000E+03   1.8400000E+03   7.0000000E+00
   2.3866667E+00   1.9220000E+03   1.8150000E+03   1.9110000E+03   5.0000000E+00
   2.3933333E+00   2.0330000E+03   1.7120000E+03   2.0270000E+03   9.0000000E+00
   2.4000000E+00   2.0640000E+03   1.7790000E+03   2.0520000E+03   2.0000000E+00
   2.4066667E+00   2.1740000E+03   1.7710000E+03   2.1590000E+03   6.0000000E+00
   2.4133333E+00   2.0990000E+03   1.7780000E+03   2.0860000E+03   2.0000000E+00
   2.4200000E+00   2.2400000E+03   1.7140000E+03   2.2260000E+03   2.0000000E+00
   2.4266667E+00   2.2800000E+03   1.7310000E+03   2.2670000E+03   8.0000000E+00
   2.4333333E+00   2.2520000E+03   1.6980000E+03   2.2340000E+03   7.0000000E+00
   2.4400000E+00   2.2300000E+03   1.6650000E+03   2.2210000E+03   1.1000000E+01
   2.4466667E+00   2.3470000E+03   1.6900000E+03   2.3320000E+03   4.0000000E+00
   2.4533333E+00   2.3720000E+03   1.6490000E+03   2.3530000E+03   5.0000000E+00
   2.4600000E+00   2.4200000E+03   1.6770000E+03   2.4070000E+03   4.0000000E+00
   2.4666667E+00   2.4730000E+03   1.7470000E+03   2.4620000E+03   3.0000000E+00
   2.4733333E+00   2.4770000E+03   1.5930000E+03   2.4580000E+03   9.0000000E+00
   2.4800000E+00   2.4790000E+03   1.6450000E+03   2.4640000E+03   1.0000000E+00
   2.4866667E+00   2.5780000E+03   1.6630000E+03   2.5630000E+03   6.0000000E+00
   2.4933333E+00   2.6640000E+03   1.6170000E+03   2.6510000E+03   3.0000000E+00
   2.5000000E+00   2.6630000E+03   1.6010000E+03   2.6500000E+03   3.0000000E+00
   2.5066667E+00   2.6490000E+03   1.5150000E+03   2.6320000E+03   4.0000000E+00
   2.5133333E+00   2.8330000E+03   1.6160000E+03   2.8190000E+03   5.0000000E+00
   2.5200000E+00   2.8480000E+03   1.5560000E+03   2.8360000E+03   2.0000000E+00
   2.5266667E+00   2.8160000E+03   1.5970000E+03   2.8020000E+03   5.0000000E+00
   2.5333333E+00   2.9830000E+03   1.5620000E+03   2.9710000E+03   6.0000000E+00
   2.5400000E+00   2.8740000E+03   1.5850000E+03   2.8630000E+03   8.0000000E+00
   2.5466667E+00   2.9510000E+03   1.5440000E+03   2.9310000E+03   5.0000000E+00
   2.5533333E+00   2.9900000E+03   1.5050000E+03   2.9710000E+03   2.0000000E+00
   2.5600000E+00   3.1200000E+03   1.4670000E+03   3.1100000E+03   6.0000000E+00
   2.5666667E+00   3.1120000E+03   1.4830000E+03   3.0930000E+03   6.0000000E+00
   2.5733333E+00   3.2790000E+03   1.4950000E+03   3.2590000E+03   2.0000000E+00
   2.5800000E+00   3.3030000E+03   1.4720000E+03   3.2700000E+03   3.0000000E+00
   2.5866667E+00   3.3700000E+03   1.4640000E+03   3.3550000E+03   3.0000000E+00
   2.5933333E+00   3.3630000E+03   1.4810000E+03   3.3490000E+03   2.0000000E+00
   2.6000000E+00   3.5250000E+03   1.4300000E+03   3.5130000E+03   2.0000000E+00
   2.6066667E+00   3.7020000E+03   1.4400000E+03   3.6820000E+03   7.0000000E+00
   2.6133333E+00   3.7400000E+03   1.3960000E+03   3.7180000E+03   0.0000000E+00
   2.6200000E+00   3.7730000E+03   1.4300000E+03   3.7560000E+03   3.0000000E+00
   2.6266667E+00   3.8630000E+03   1.4240000E+03   3.8420000E+03   1.0000000E+00
   2.6333333E+00   4.0680000E+03   1.4090000E+03   4.0440000E+03   3.0000000E+00
   2.6400000E+00   4.0690000E+03   1.3990000E+03   4.0400000E+03   1.0000000E+00
   2.6466667E+00   4.2180000E+03   1.3100000E+03   4.1910000E+03   2.0000000E+00
   2.6533333E+00   4.2390000E+03   1.3850000E+03   4.2070000E+03   4.0000000E+00
   2.6600000E+00   4.4360000E+03   1.3650000E+03   4.4070000E+03   2.0000000E+00
   2.6666667E+00   4.6470000E+03   1.2870000E+03   4.6060000E+03   2.0000000E+00
   2.6733333E+00   4.7890000E+03   1.2560000E+03   4.7510000E+03   3.0000000E+00
   2.6800000E+00   4.8470000E+03   1.3770000E+03   4.8100000E+03   1.0000000E+01
   2.6866667E+00   5.0380000E+03   1.3110000E+03   5.0040000E+03   3.0000000E+00
   2.6933333E+00   5.1220000E+03   1.3020000E+03   5.0890000E+03   4.0000000E+00
   2.7000000E+00   5.2340000E+03   1.3280000E+03   5.1850000E+03   2.0000000E+00
   2.7066667E+00   5.2640000E+03   1.2550000E+03   5.2130000E+03   4.0000000E+00
   2.7133333E+00   5.4870000E+03   1.2970000E+03   5.4320000E+03   3.0000000E+00
   2.7200000E+00   5.6460000E+03   1.3030000E+03   5.6060000E+03   2.0000000E+00
   2.7266667E+00   5.8310000E+03   1.3120000E+03   5.7780000E+03   4.0000000E+00
   2.7333333E+00   5.9430000E+03   1.2690000E+03   5.8900000E+03   3.0000000E+00
   2.7400000E+00   6.1700000E+03   1.2300000E+03   6.0880000E+03   2.0000000E+00
   2.7466667E+00   6.1270000E+03   1.2600000E+03   6.0650000E+03   1.0000000E+00
   2.7533333E+00   6.2190000E+03   1.2810000E+03   6.1300000E+03   3.0000000E+00
   2.7600000E+00   6.6560000E+03   1.1560000E+03   6.5680000E+03   2.0000000E+00
   2.7666667E+00   6.6480000E+03   1.2290000E+03   6.5570000E+03   1.0000000E+00
   2.7733333E+00   6.8660000E+03   1.2070000E+03   6.7880000E+03   2.0000000E+00
   2.7800000E+00   6.8340000E+03   1.1980000E+03   6.7380000E+03   1.0000000E+00
   2.7866667E+00   7.1010000E+03   1.1550000E+03   7.0030000E+03   5.0000000E+00
   2.7933333E+00   7.1610000E+03   1.1700000E+03   7.0480000E+03   2.0000000E+00
   2.8000000E+00   7.2050000E+03   1.1590000E+03   7.0660000E+03   2.0000000E+00
   2.8066667E+00   7.3150000E+03   1.1450000E+03   7.2120000E+03   4.0000000E+00
   2.8133333E+00   7.5320000E+03   1.1490000E+03   7.4020000E+03   7.0000000E+00
   2.8200000E+00   7.7020000E+03   1.1770000E+03   7.5700000E+03   3.0000000E+00
   2.8266667E+00   7.7560000E+03   1.1480000E+03   7.5920000E+03   2.0000000E+00
   2.8333333E+00   7.7480000E+03   1.1480000E+03   7.5690000E+03   5.0000000E+00
   2.8400000E+00   7.9360000E+03   1.1370000E+03   7.7800000E+03   0.0000000E+00
   2.8466667E+00   8.2530000E+03   1.1120000E+03   8.0770000E+03   5.0000000E+00
   2.8533333E+00   8.0700000E+03   1.1300000E+03   7.8780000E+03   3.0000000E+00
   2.8600000E+00   8.2190000E+03   1.0640000E+03   8.0440000E+03   2.0000000E+00
   2.8666667E+00   8.3170000E+03   1.1040000E+03   8.1000000E+03   2.0000000E+00
   2.8733333E+00   8.4660000E+03   1.0640000E+03   8.2550000E+03   0.0000000E+00
   2.8800000E+00   8.5920000E+03   1.0280000E+03   8.3730000E+03   3.0000000E+00
   2.8866667E+00   8.6270000E+03   1.0220000E+03   8.4130000E+03   2.0000000E+00
   2.8933333E+00   8.5780000E+03   1.0780000E+03   8.3330000E+03   5.0000000E+00
   2.9000000E+00   8.7150000E+03   1.0650000E+03   8.4620000E+03   3.0000000E+00
   2.9066667E+00   8.9060000E+03   1.0370000E+03   8.6620000E+03   1.0000000E+00
   2.9133333E+00   9.0820000E+03   1.0080000E+03   8.8110000E+03   2.0000000E+00
   2.9200000E+00   9.1460000E+03   1.0270000E+03   8.8530000E+03   1.0000000E+00
   2.9266667E+00   9.0780000E+03   1.0020000E+03   8.7930000E+03   2.0000000E+00
   2.9333333E+00   9.2490000E+03   9.7400000E+02   8.9750000E+03   3.0000000E+00
   2.9400000E+00   9.3800000E+03   9.8400000E+02   9.0590000E+03   1.0000000E+00
   2.9466667E+00   9.2600000E+03   9.7100000E+02   8.9360000E+03   0.0000000E+00
   2.9533333E+00   9.4910000E+03   9.8800000E+02   9.1870000E+03   4.0000000E+00
   2.9600000E+00   9.6980000E+03   9.3100000E+02   9.3690000E+03   8.0000000E+00
   2.9666667E+00   9.6540000E+03   9.7700000E+02   9.3040000E+03   3.0000000E+00
   2.9733333E+00   9.7110000E+03   1.0030000E+03   9.3730000E+03   1.0000000E+00
   2.9800000E+00   9.8840000E+03   9.4500000E+02   9.5290000E+03   1.0000000E+00
   2.9866667E+00   9.7540000E+03   9.8200000E+02   9.3800000E+03   2.0000000E+00
   2.9933333E+00   9.8670000E+03   9.3100000E+02   9.4750000E+03   1.0000000E+00
   3.0000000E+00   1.0041000E+04   9.1200000E+02   9.6250000E+03   2.0000000E+00
   3.0066667E+00   1.0086000E+04   9.2600000E+02   9.6960000E+03   2.0000000E+00
   3.0133333E+00   1.0035000E+04   8.6900000E+02   9.6250000E+03   5.0000000E+00
   3.0200000E+00   1.0140000E+04   8.9500000E+02   9.7160000E+03   1.0000000E+00
   3.0266667E+00   1.0300000E+04   9.2600000E+02   9.8510000E+03   3.0000000E+00
   3.0333333E+00   1.0493000E+04   8.6000000E+02   1.0067000E+04   0.0000000E+00
   3.0400000E+00   1.0506000E+04   9.2500000E+02   1.0046000E+04   0.0000000E+00
   3.0466667E+00   1.0485000E+04   8.9300000E+02   1.0024000E+04   1.0000000E+00
   3.0533333E+00   1.0321000E+04   8.0300000E+02   9.8800000E+03   0.0000000E+00
   3.0600000E+00   1.0505000E+04   9.0400000E+02   1.0044000E+04   4.0000000E+00
   3.0666667E+00   1.0520000E+04   9.0200000E+02   1.0062000E+04   1.0000000E+00
   3.0733333E+00   1.0598000E+04   8.1600000E+02   1.0093000E+04   0.0000000E+00
   3.0800000E+00   1.0589000E+04   8.5800000E+02   1.0079000E+04   0.0000000E+00
   3.0866667E+00   1.0790000E+04   7.7800000E+02   1.0297000E+04   3.0000000E+00
   3.0933333E+00   1.0663000E+04   7.8600000E+02   1.0169000E+04   4.0000000E+00
   3.1000000E+00   1.0694000E+04   8.8900000E+02   1.0168000E+04   2.0000000E+00
   3.1066667E+00   1.0898000E+04   8.4600000E+02   1.0337000E+04   4.0000000E+00
   3.1133333E+00   1.0899000E+04   8.0500000E+02   1.0351000E+04   1.0000000E+00
   3.1200000E+00   1.0941000E+04   7.8500000E+02   1.0433000E+04   1.0000000E+00
   3.1266667E+00   1.0972000E+04   7.8100000E+02   1.0477000E+04   0.0000000E+00
   3.1333333E+00   1.0941000E+04   7.4600000E+02   1.0426000E+04   1.0000000E+00
   3.1400000E+00   1.1026000E+04   7.9400000E+02   1.0460000E+04   0.0000000E+00
   3.1466667E+00   1.1008000E+04   8.0300000E+02   1.0456000E+04   2.0000000E+00
   3.1533333E+00   1.1054000E+04   7.8300000E+02   1.0468000E+04   0.0000000E+00
   3.1600000E+00   1.1002000E+04   7.3200000E+02   1.0420000E+04   1.0000000E+00
   3.1666667E+00   1.1156000E+04   7.6400000E+02   1.0520000E+04   1.0000000E+00
   3.1733333E+00   1.1261000E+04   7.4000000E+02   1.0679000E+04   0.0000000E+00
   3.1800000E+00   1.1166000E+04   7.4400000E+02   1.0561000E+04   1.0000000E+00
   3.1866667E+00   1.1144000E+04   7.7700000E+02   1.0569000E+04   1.0000000E+00
   3.1933333E+00   1.0916000E+04   7.2600000E+02   1.0354000E+04   0.0000000E+00
   3.2000000E+00   1.1175000E+04   7.4300000E+02   1.0566000E+04   0.0000000E+00
   3.2066667E+00   1.1277000E+04   6.6200000E+02   1.0644000E+04   0.0000000E+00
   3.2133333E+00   1.1299000E+04   7.2000000E+02   1.0682000E+04   2.0000000E+00
   3.2200000E+00   1.1166000E+04   7.0100000E+02   1.0542000E+04   0.0000000E+00
   3.2266667E+00   1.1295000E+04   7.0700000E+02   1.0685000E+04   1.0000000E+00
   3.2333333E+00   1.1128000E+04   6.9600000E+02   1.0497000E+04   1.0000000E+00
   3.2400000E+00   1.1245000E+04   6.8700000E+02   1.0601000E+04   1.0000000E+00
   3.2466667E+00   1.1200000E+04   6.3300000E+02   1.0548000E+04   1.0000000E+00
   3.2533333E+00   1.1148000E+04   7.1200000E+02   1.0525000E+04   2.0000000E+00
   3.2600000E+00   1.1229000E+04   6.5200000E+02   1.0588000E+04   3.0000000E+00
   3.2666667E+00   1.1199000E+04   6.7800000E+02   1.0562000E+04   2.0000000E+00
   3.2733333E+00   1.1389000E+04   6.5600000E+02   1.0682000E+04   2.0000000E+00
   3.2800000E+00   1.1372000E+04   6.7200000E+02   1.0692000E+04   4.0000000E+00
   3.2866667E+00   1.1250000E+04   6.6400000E+02   1.0569000E+04   1.0000000E+00
   3.2933333E+00   1.1138000E+04   6.3700000E+02   1.0491000E+04   0.0000000E+00
   3.3000000E+00   1.0952000E+04   6.6600000E+02   1.0267000E+04   0.0000000E+00
   3.3066667E+00   1.1279000E+04   6.3500000E+02   1.0623000E+04   1.0000000E+00
   3.3133333E+00   1.1027000E+04   6.2100000E+02   1.0308000E+04   1.0000000E+00
   3.3200000E+00   1.0979000E+04   6.1000000E+02   1.0279000E+04   0.0000000E+00
   3.3266667E+00   1.1134000E+04   6.3700000E+02   1.0449000E+04   1.0000000E+00
   3.3333333E+00   1.0884000E+04   5.6300000E+02   1.0202000E+04   0.0000000E+00
   3.3400000E+00   1.0915000E+04   6.1200000E+02   1.0231000E+04   1.0000000E+00
   3.3466667E+00   1.0868000E+04   5.7400000E+02   1.0159000E+04   2.0000000E+00
   3.3533333E+00   1.0664000E+04   5.6400000E+02   9.9530000E+03   3.0000000E+00
   3.3600000E+00   1.0856000E+04   5.8200000E+02   1.0194000E+04   0.0000000E+00
   3.3666667E+00   1.0751000E+04   5.6400000E+02   1.0025000E+04   1.0000000E+00
   3.3733333E+00   1.0682000E+04   6.0000000E+02   9.9540000E+03   1.0000000E+00
   3.3800000E+00   1.0429000E+04   5.6500000E+02   9.7030000E+03   0.0000000E+00
   3.3866667E+00   1.0610000E+04   5.9700000E+02   9.8810000E+03   0.0000000E+00
   3.3933333E+00   1.0331000E+04   5.5700000E+02   9.5870000E+03   0.0000000E+00
   3.4000000E+00   1.0559000E+04   5.3600000E+02   9.8270000E+03   1.0000000E+00
   3.4066667E+00   1.0429000E+04   5.6000000E+02   9.7460000E+03   2.0000000E+00
   3.4133333E+00   1.0588000E+04   5.6900000E+02   9.7970000E+03   1.0000000E+00
   3.4200000E+00   1.0395000E+04   5.0500000E+02   9.6220000E+03   0.0000000E+00
   3.4266667E+00   1.0186000E+04   5.4000000E+02   9.4960000E+03   0.0000000E+00
   3.4333333E+00   1.0152000E+04   5.0800000E+02   9.3990000E+03   0.0000000E+00
   3.4400000E+00   9.9050000E+03   5.3800000E+02   9.1840000E+03   3.0000000E+00
   3.4466667E+00   9.8420000E+03   5.2900000E+02   9.1170000E+03   0.0000000E+00
   3.4533333E+00   9.8330000E+03   5.4400000E+02   9.0950000E+03   0.0000000E+00
   3.4600000E+00   9.8330000E+03   5.4400000E+02   9.1310000E+03   1.0000000E+00
   3.4666667E+00   9.8000000E+03   5.0800000E+02   9.1270000E+03   0.0000000E+00
   3.4733333E+00   9.6890000E+03   4.9500000E+02   8.9510000E+03   1.0000000E+00
   3.4800000E+00   9.6580000E+03   4.9700000E+02   8.9200000E+03   3.0000000E+00
   3.4866667E+00   9.3830000E+03   4.6200000E+02   8.6800000E+03   4.0000000E+00
   3.4933333E+00   9.4910000E+03   4.8200000E+02   8.7150000E+03   0.0000000E+00
   3.5000000E+00   9.4700000E+03   4.8700000E+02   8.7040000E+03   1.0000000E+00
   3.5066667E+00   9.1220000E+03   5.2500000E+02   8.4420000E+03   1.0000000E+00
   3.5133333E+00   9.0950000E+03   4.6100000E+02   8.3800000E+03   1.0000000E+00
   3.5200000E+00   8.9320000E+03   4.4700000E+02   8.2130000E+03   0.0000000E+00
   3.5266667E+00   8.8620000E+03   4.6300000E+02   8.0740000E+03   0.0000000E+00
   3.5333333E+00   8.6440000E+03   4.6800000E+02   7.9150000E+03   1.0000000E+00
   3.5400000E+00   8.7770000E+03   4.9500000E+02   8.0500000E+03   0.0000000E+00
   3.5466667E+00   8.4490000E+03   4.6200000E+02   7.7110000E+03   2.0000000E+00
   3.5533333E+00   8.5190000E+03   4.0000000E+02   7.7890000E+03   0.0000000E+00
   3.5600000E+00   8.1840000E+03   4.6700000E+02   7.4390000E+03   1.0000000E+00
   3.5666667E+00   8.0920000E+03   4.5700000E+02   7.3510000E+03   1.0000000E+00
   3.5733333E+00   8.1600000E+03   4.0800000E+02   7.4680000E+03   1.0000000E+00
   3.5800000E+00   8.0040000E+03   4.3300000E+02   7.2410000E+03   0.0000000E+00
   3.5866667E+00   7.7830000E+03   4.3800000E+02   7.0300000E+03   2.0000000E+00
   3.5933333E+00   7.6910000E+03   4.2900000E+02   6.9390000E+03   1.0000000E+00
   3.6000000E+00   7.5360000E+03   4.1800000E+02   6.8100000E+03   0.0000000E+00
   3.6066667E+00   7.3880000E+03   4.0400000E+02   6.6760000E+03   0.0000000E+00
   3.6133333E+00   7.1420000E+03   4.3300000E+02   6.4240000E+03   1.0000000E+00
   3.6200000E+00   7.0140000E+03   4.0600000E+02   6.3040000E+03   2.0000000E+00
   3.6266667E+00   6.8830000E+03   4.1100000E+02   6.1820000E+03   0.0000000E+00
   3.6333333E+00   6.8560000E+03   4.1300000E+02   6.1260000E+03   1.0000000E+00
   3.6400000E+00   6.5280000E+03   4.0300000E+02   5.8360000E+03   0.0000000E+00
   3.6466667E+00   6.3360000E+03   3.8300000E+02   5.6470000E+03   0.0000000E+00
   3.6533333E+00   6.2000000E+03   3.7500000E+02   5.5210000E+03   0.0000000E+00
   3.6600000E+00   6.0180000E+03   3.7500000E+02   5.3490000E+03   1.0000000E+00
   3.6666667E+00   5.9570000E+03   3.9000000E+02   5.2600000E+03   1.0000000E+00
   3.6733333E+00   5.7480000E+03   3.6400000E+02   5.0640000E+03   1.0000000E+00
   3.6800000E+00   5.6010000E+03   3.6200000E+02   4.9130000E+03   1.0000000E+00
   3.6866667E+00   5.3730000E+03   3.8600000E+02   4.7520000E+03   0.0000000E+00
   3.6933333E+00   5.2770000E+03   3.7700000E+02   4.5970000E+03   0.0000000E+00
   3.7000000E+00   5.1690000E+03   3.6600000E+02   4.4860000E+03   0.0000000E+00
   3.7066667E+00   5.0120000E+03   3.4500000E+02   4.3590000E+03   1.0000000E+00
   3.7133333E+00   4.8110000E+03   3.6500000E+02   4.1530000E+03   0.0000000E+00
   3.7200000E+00   4.7120000E+03   3.3600000E+02   4.0520000E+03   0.0000000E+00
   3.7266667E+00   4.5730000E+03   3.2900000E+02   3.9270000E+03   2.0000000E+00
   3.7333333E+00   4.5050000E+03   3.5100000E+02   3.9080000E+03   0.0000000E+00
   3.7400000E+00   4.3620000E+03   3.2100000E+02   3.7040000E+03   2.0000000E+00
   3.7466667E+00   4.1720000E+03   2.9000000E+02   3.5350000E+03   2.0000000E+00
   3.7533333E+00   4.0920000E+03   3.2900000E+02   3.4980000E+03   0.0000000E+00
   3.7600000E+00   4.1180000E+03   3.3900000E+02   3.4660000E+03   1.0000000E+00
   3.7666667E+00   3.9790000E+03   3.0300000E+02   3.3630000E+03   1.0000000E+00
   3.7733333E+00   3.7780000E+03   3.2100000E+02   3.1820000E+03   1.0000000E+00
   3.7800000E+00   3.6370000E+03   3.0200000E+02   3.0260000E+03   0.0000000E+00
   3.7866667E+00   3.5840000E+03   3.2000000E+02   3.0060000E+03   1.0000000E+00
   3.7933333E+00   3.4910000E+03   2.8400000E+02   2.8690000E+03   0.0000000E+00
   3.8000000E+00   3.4300000E+03   3.0600000E+02   2.8210000E+03   1.0000000E+00
   3.8066667E+00   3.3750000E+03   2.9200000E+02   2.7800000E+03   0.0000000E+00
   3.8133333E+00   3.3160000E+03   2.5900000E+02   2.7100000E+03   0.0000000E+00
   3.8200000E+00   3.1470000E+03   2.8400000E+02   2.5950000E+03   1.0000000E+00
   3.8266667E+00   3.0530000E+03   2.9200000E+02   2.5160000E+03   2.0000000E+00
   3.8333333E+00   3.0240000E+03   2.9500000E+02   2.4520000E+03   1.0000000E+00
   3.8400000E+00   2.8910000E+03   3.0800000E+02   2.3270000E+03   0.0000000E+00
   3.8466667E+00   2.8210000E+03   3.0600000E+02   2.2380000E+03   0.0000000E+00
   3.8533333E+00   2.7260000E+03   2.7900000E+02   2.1920000E+03   0.0000000E+00
   3.8600000E+00   2.6970000E+03   2.7900000E+02   2.1400000E+03   0.0000000E+00
   3.8666667E+00   2.5940000E+03   2.4900000E+02   2.0510000E+03   0.0000000E+00
   3.8733333E+00   2.4800000E+03   2.6700000E+02   1.9590000E+03   2.0000000E+00
   3.8800000E+00   2.4810000E+03   2.5200000E+02   1.9590000E+03   0.0000000E+00
   3.8866667E+00   2.3690000E+03   2.4200000E+02   1.9060000E+03   0.0000000E+00
   3.8933333E+00   2.3740000E+03   2.8100000E+02   1.8630000E+03   0.0000000E+00
   3.9000000E+00   2.2570000E+03   2.6400000E+02   1.7350000E+03   2.0000000E+00
   3.9066667E+00   2.2880000E+03   2.6400000E+02   1.7450000E+03   0.0000000E+00
   3.9133333E+00   2.2080000E+03   2.3800000E+02   1.6990000E+03   0.0000000E+00
   3.9200000E+00   2.0030000E+03   2.6400000E+02   1.5210000E+03   1.0000000E+00
   3.9266667E+00   1.9970000E+03   2.7800000E+02   1.4890000E+03   1.0000000E+00
   3.9333333E+00   1.9390000E+03   2.5500000E+02   1.4660000E+03   1.0000000E+00
   3.9400000E+00   1.8920000E+03   2.6900000E+02   1.4180000E+03   0.0000000E+00
   3.9466667E+00   1.7770000E+03   2.5600000E+02   1.2930000E+03   0.0000000E+00
   3.9533333E+00   1.7930000E+03   2.3400000E+02   1.3130000E+03   0.0000000E+00
   3.9600000E+00   1.6870000E+03   2.4500000E+02   1.2100000E+03   0.0000000E+00
   3.9666667E+00   1.6580000E+03   2.6600000E+02   1.1840000E+03   0.0000000E+00
   3.9733333E+00   1.6300000E+03   2.5300000E+02   1.1770000E+03   0.0000000E+00
   3.9800000E+00   1.5540000E+03   2.3300000E+02   1.0830000E+03   1.0000000E+00
   3.9866667E+00   1.4200000E+03   2.2400000E+02   9.6900000E+02   0.0000000E+00
   3.9933333E+00   1.4510000E+03   2.4800000E+02   1.0000000E+03   2.0000000E+00
   4.0000000E+00   1.3270000E+03   2.1500000E+02   9.1000000E+02   0.0000000E+00
   4.0066667E+00   1.2730000E+03   2.3500000E+02   8.7800000E+02   0.0000000E+00
   4.0133333E+00   1.2670000E+03   2.3700000E+02   8.0600000E+02   0.0000000E+00
   4.0200000E+00   1.2530000E+03   2.2000000E+02   8.0100000E+02   0.0000000E+00
   4.0266667E+00   1.2100000E+03   2.4200000E+02   7.6300000E+02   0.0000000E+00
   4.0333333E+00   1.0650000E+03   2.0000000E+02   6.8000000E+02   0.0000000E+00
   4.0400000E+00   1.0450000E+03   2.0700000E+02   6.5400000E+02   1.0000000E+00
   4.0466667E+00   9.6400000E+02   2.2600000E+02   5.5800000E+02   1.0000000E+00
   4.0533333E+00   9.8300000E+02   1.9200000E+02   5.6100000E+02   0.0000000E+00
   4.0600000E+00   9.1500000E+02   1.9900000E+02   5.0800000E+02   0.0000000E+00
   4.0666667E+00   8.8800000E+02   1.8000000E+02   5.0100000E+02   0.0000000E+00
   4.0733333E+00   8.6300000E+02   1.7600000E+02   4.5700000E+02   0.0000000E+00
   4.0800000E+00   7.6400000E+02   1.9400000E+02   3.8500000E+02   0.0000000E+00
   4.0866667E+00   7.7700000E+02   2.0100000E+02   3.7900000E+02   0.0000000E+00
   4.0933333E+00   6.7500000E+02   2.0600000E+02   3.2900000E+02   1.0000000E+00
   4.1000000E+00   6.8000000E+02   1.8100000E+02   3.2400000E+02   0.0000000E+00
   4.1066667E+00   6.8600000E+02   1.9900000E+02   2.9100000E+02   2.0000000E+00
   4.1133333E+00   6.6100000E+02   1.9400000E+02   2.5900000E+02   0.0000000E+00
   4.1200000E+00   6.0000000E+02   1.9400000E+02   2.1500000E+02   2.0000000E+00
   4.1266667E+00   6.0400000E+02   1.8200000E+02   2.0900000E+02   0.0000000E+00
   4.1333333E+00   5.2100000E+02   1.8600000E+02   1.7500000E+02   0.0000000E+00
   4.1400000E+00   5.5200000E+02   1.9700000E+02   1.8000000E+02   0.0000000E+00
   4.1466667E+00   5.0400000E+02   1.7600000E+02   1.4700000E+02   0.0000000E+00
   4.1533333E+00   4.6500000E+02   1.6800000E+02   1.2700000E+02   0.0000000E+00
   4.1600000E+00   4.5400000E+02   2.0200000E+02   1.3400000E+02   0.0000000E+00
   4.1666667E+00   4.7000000E+02   1.6700000E+02   1.1400000E+02   0.0000000E+00
   4.1733333E+00   4.6500000E+02   1.6900000E+02   1.1700000E+02   0.0000000E+00
   4.1800000E+00   4.5000000E+02   1.5600000E+02   1.0100000E+02   0.0000000E+00
   4.1866667E+00   3.9400000E+02   1.7900000E+02   9.2000000E+01   0.0000000E+00
   4.1933333E+00   3.7600000E+02   1.7300000E+02   8.2000000E+01   1.0000000E+00
   4.2000000E+00   3.9000000E+02   1.5200000E+02   8.9000000E+01   0.0000000E+00
   4.2066667E+00   3.6900000E+02   1.4200000E+02   8.2000000E+01   1.0000000E+00
   4.2133333E+00   3.6600000E+02   1.6100000E+02   6.1000000E+01   0.0000000E+00
   4.2200000E+00   3.8500000E+02   1.6300000E+02   5.6000000E+01   1.0000000E+00
   4.2266667E+00   3.4900000E+02   1.5800000E+02   5.6000000E+01   0.0000000E+00
   4.2333333E+00   3.2900000E+02   1.5300000E+02   4.9000000E+01   0.0000000E+00
   4.2400000E+00   3.1400000E+02   1.5200000E+02   4.1000000E+01   0.0000000E+00
   4.2466667E+00   3.6200000E+02   1.4600000E+02   5.5000000E+01   2.0000000E+00
   4.2533333E+00   3.5400000E+02   1.4000000E+02   4.8000000E+01   0.0000000E+00
   4.2600000E+00   3.1300000E+02   1.5700000E+02   4.2000000E+01   0.0000000E+00
   4.2666667E+00   3.4600000E+02   1.4500000E+02   3.0000000E+01   1.0000000E+00
   4.2733333E+00   3.0700000E+02   1.2800000E+02   3.4000000E+01   0.0000000E+00
   4.2800000E+00   3.1000000E+02   1.5100000E+02   4.2000000E+01   0.0000000E+00
   4.2866667E+00   3.0400000E+02   1.5700000E+02   4.0000000E+01   0.0000000E+00
   4.2933333E+00   3.4700000E+02   1.3200000E+02   4.2000000E+01   0.0000000E+00
   4.3000000E+00   2.7600000E+02   1.4200000E+02   3.1000000E+01   0.0000000E+00
   4.3066667E+00   3.2400000E+02   1.3700000E+02   4.6000000E+01   0.0000000E+00
   4.3133333E+00   2.9300000E+02   1.3000000E+02   3.8000000E+01   0.0000000E+00
   4.3200000E+00   3.0700000E+02   1.2900000E+02   3.2000000E+01   0.0000000E+00
   4.3266667E+00   2.7900000E+02   1.4900000E+02   3.8000000E+01   0.0000000E+00
   4.3333333E+00   2.7700000E+02   1.2600000E+02   3.0000000E+01   1.0000000E+00
   4.3400000E+00   2.7800000E+02   1.2900000E+02   2.7000000E+01   0.0000000E+00
   4.3466667E+00   2.7900000E+02   1.2700000E+02   2.6000000E+01   0.0000000E+00
   4.3533333E+00   3.0900000E+02   1.4100000E+02   2.1000000E+01   0.0000000E+00
   4.3600000E+00   2.6600000E+02   1.2800000E+02   1.9000000E+01   0.0000000E+00
   4.3666667E+00   2.6700000E+02   1.1400000E+02   2.7000000E+01   0.0000000E+00
   4.3733333E+00   2.5000000E+02   1.2000000E+02   3.2000000E+01   1.0000000E+00
   4.3800000E+00   2.7400000E+02   1.2000000E+02   2.4000000E+01   0.0000000E+00
   4.3866667E+00   2.7100000E+02   1.2100000E+02   2.2000000E+01   1.0000000E+00
   4.3933333E+00   2.6300000E+02   1.3000000E+02   2.2000000E+01   0.0000000E+00
   4.4000000E+00   2.4700000E+02   1.1100000E+02   1.9000000E+01   0.0000000E+00
   4.4066667E+00   2.1600000E+02   9.8000000E+01   2.0000000E+01   0.0000000E+00
   4.4133333E+00   2.7500000E+02   1.1600000E+02   3.4000000E+01   0.0000000E+00
   4.4200000E+00   2.0600000E+02   1.1300000E+02   1.9000000E+01   0.0000000E+00
   4.4266667E+00   2.2400000E+02   1.0600000E+02   1.8000000E+01   0.0000000E+00
   4.4333333E+00   2.5200000E+02   9.4000000E+01   2.1000000E+01   0.0000000E+00
   4.4400000E+00   2.6200000E+02   1.3000000E+02   2.6000000E+01   0.0000000E+00
   4.4466667E+00   2.3500000E+02   9.3000000E+01   2.3000000E+01   0.0000000E+00
   4.4533333E+00   2.2600000E+02   1.1100000E+02   2.0000000E+01   0.0000000E+00
   4.4600000E+00   1.9200000E+02   9.5000000E+01   1.6000000E+01   1.0000000E+00
   4.4666667E+00   2.2500000E+02   8.0000000E+01   2.4000000E+01   0.0000000E+00
   4.4733333E+00   2.3400000E+02   1.0700000E+02   2.2000000E+01   0.0000000E+00
   4.4800000E+00   2.0200000E+02   9.6000000E+01   1.7000000E+01   0.0000000E+00
   4.4866667E+00   2.2300000E+02   1.0400000E+02   3.0000000E+01   0.0000000E+00
   4.4933333E+00   2.2600000E+02   1.0500000E+02   3.2000000E+01   0.0000000E+00
   4.5000000E+00   2.2600000E+02   9.3000000E+01   2.1000000E+01   0.0000000E+00
   4.5066667E+00   2.3100000E+02   1.0600000E+02   1.3000000E+01   0.0000000E+00
   4.5133333E+00   2.2000000E+02   9.6000000E+01   2.0000000E+01   0.0000000E+00
   4.5200000E+00   2.0500000E+02   6.8000000E+01   1.8000000E+01   0.0000000E+00
   4.5266667E+00   2.0900000E+02   1.0100000E+02   2.3000000E+01   0.0000000E+00
   4.5333333E+00   1.7700000E+02   9.2000000E+01   1.1000000E+01   0.0000000E+00
   4.5400000E+00   1.8400000E+02   8.3000000E+01   1.8000000E+01   0.0000000E+00
   4.5466667E+00   1.9600000E+02   9.4000000E+01   1.6000000E+01   0.0000000E+00
   4.5533333E+00   1.7400000E+02   9.2000000E+01   1.1000000E+01   0.0000000E+00
   4.5600000E+00   1.6400000E+02   9.4000000E+01   1.1000000E+01   2.0000000E+00
   4.5666667E+00   1.7400000E+02   9.4000000E+01   9.0000000E+00   0.0000000E+00
   4.5733333E+00   1.8900000E+02   8.7000000E+01   2.0000000E+01   0.0000000E+00
   4.5800000E+00   1.5100000E+02   7.9000000E+01   1.5000000E+01   0.0000000E+00
   4.5866667E+00   1.7600000E+02   7.8000000E+01   1.7000000E+01   0.0000000E+00
   4.5933333E+00   1.8400000E+02   8.4000000E+01   9.0000000E+00   0.0000000E+00
   4.6000000E+00   1.7800000E+02   7.2000000E+01   1.1000000E+01   0.0000000E+00
   4.6066667E+00   1.5400000E+02   8.3000000E+01   1.3000000E+01   0.0000000E+00
   4.6133333E+00   1.8200000E+02   7.0000000E+01   1.7000000E+01   0.0000000E+00
   4.6200000E+00   1.5300000E+02   8.2000000E+01   1.7000000E+01   1.0000000E+00
   4.6266667E+00   1.8100000E+02   7.0000000E+01   1.3000000E+01   0.0000000E+00
   4.6333333E+00   1.4700000E+02   8.3000000E+01   9.0000000E+00   0.0000000E+00
   4.6400000E+00   1.3600000E+02   7.4000000E+01   1.0000000E+01   0.0000000E+00
   4.6466667E+00   1.5800000E+02   6.7000000E+01   1.4000000E+01   1.0000000E+00
   4.6533333E+00   1.4400000E+02   8.7000000E+01   1.3000000E+01   0.0000000E+00
   4.6600000E+00   1.5800000E+02   5.4000000E+01   8.0000000E+00   1.0000000E+00
   4.6666667E+00   1.4700000E+02   6.9000000E+01   9.0000000E+00   0.0000000E+00
   4.6733333E+00   1.5500000E+02   6.3000000E+01   9.0000000E+00   0.0000000E+00
   4.6800000E+00   1.2000000E+02   7.7000000E+01   5.0000000E+00   0.0000000E+00
   4.6866667E+00   1.5200000E+02   7.5000000E+01   1.5000000E+01   0.0000000E+00
   4.6933333E+00   1.1500000E+02   7.8000000E+01   1.1000000E+01   1.0000000E+00
   4.7000000E+00   1.3300000E+02   5.4000000E+01   8.0000000E+00   0.0000000E+00
   4.7066667E+00   1.5100000E+02   7.3000000E+01   1.1000000E+01   0.0000000E+00
   4.7133333E+00   1.4600000E+02   5.9000000E+01   8.0000000E+00   0.0000000E+00
   4.7200000E+00   1.4600000E+02   5.8000000E+01   1.5000000E+01   0.0000000E+00
   4.7266667E+00   1.2500000E+02   6.7000000E+01   8.0000000E+00   0.0000000E+00
   4.7333333E+00   1.1800000E+02   7.3000000E+01   4.0000000E+00   0.0000000E+00
   4.7400000E+00   1.2800000E+02   6.4000000E+01   9.0000000E+00   0.0000000E+00
   4.7466667E+00   1.3900000E+02   6.4000000E+01   8.0000000E+00   0.0000000E+00
   4.7533333E+00   1.0400000E+02   5.3000000E+01   7.0000000E+00   0.0000000E+00
   4.7600000E+00   1.1300000E+02   6.7000000E+01   8.0000000E+00   0.0000000E+00
   4.7666667E+00   1.0200000E+02   4.8000000E+01   6.0000000E+00   0.0000000E+00
   4.7733333E+00   1.2700000E+02   5.4000000E+01   6.0000000E+00   1.0000000E+00
   4.7800000E+00   1.1000000E+02   6.0000000E+01   6.0000000E+00   1.0000000E+00
   4.7866667E+00   1.1300000E+02   6.3000000E+01   8.0000000E+00   0.0000000E+00
   4.7933333E+00   1.3400000E+02   5.5000000E+01   1.4000000E+01   0.0000000E+00
   4.8000000E+00   1.0800000E+02   5.8000000E+01   5.0000000E+00   0.0000000E+00
   4.8066667E+00   1.0700000E+02   5.1000000E+01   3.0000000E+00   0.0000000E+00
   4.8133333E+00   1.2400000E+02   6.3000000E+01   1.6000000E+01   0.0000000E+00
   4.8200000E+00   1.0900000E+02   5.3000000E+01   3.0000000E+00   0.0000000E+00
   4.8266667E+00   9.7000000E+01   5.1000000E+01   5.0000000E+00   0.0000000E+00
   4.8333333E+00   9.5000000E+01   5.5000000E+01   5.0000000E+00   0.0000000E+00
   4.8400000E+00   1.0600000E+02   5.2000000E+01   6.0000000E+00   0.0000000E+00
   4.8466667E+00   1.0800000E+02   5.1000000E+01   7.0000000E+00   0.0000000E+00
   4.8533333E+00   1.1900000E+02   5.8000000E+01   4.0000000E+00   1.0000000E+00
   4.8600000E+00   1.1100000E+02   5.6000000E+01   8.0000000E+00   0.0000000E+00
   4.8666667E+00   1.1700000E+02   4.5000000E+01   6.0000000E+00   1.0000000E+00
   4.8733333E+00   1.0200000E+02   5.5000000E+01   8.0000000E+00   0.0000000E+00
   4.8800000E+00   9.3000000E+01   6.2000000E+01   7.0000000E+00   0.0000000E+00
   4.8866667E+00   1.0900000E+02   4.8000000E+01   4.0000000E+00   1.0000000E+00
   4.8933333E+00   9.6000000E+01   5.0000000E+01   5.0000000E+00   0.0000000E+00
   4.9000000E+00   8.2000000E+01   4.4000000E+01   5.0000000E+00   0.0000000E+00
   4.9066667E+00   8.8000000E+01   5.3000000E+01   2.0000000E+00   0.0000000E+00
   4.9133333E+00   7.7000000E+01   5.0000000E+01   5.0000000E+00   0.0000000E+00
   4.9200000E+00   9.2000000E+01   5.4000000E+01   6.0000000E+00   0.0000000E+00
   4.9266667E+00   9.1000000E+01   4.8000000E+01   6.0000000E+00   0.0000000E+00
   4.9333333E+00   8.2000000E+01   4.4000000E+01   6.0000000E+00   0.0000000E+00
   4.9400000E+00   9.2000000E+01   4.4000000E+01   2.0000000E+00   0.0000000E+00
   4.9466667E+00   1.0000000E+02   4.6000000E+01   6.0000000E+00   0.0000000E+00
   4.9533333E+00   8.6000000E+01   3.1000000E+01   2.0000000E+00   0.0000000E+00
   4.9600000E+00   8.1000000E+01   3.8000000E+01   3.0000000E+00   0.0000000E+00
   4.9666667E+00   8.9000000E+01   3.9000000E+01   4.0000000E+00   0.0000000E+00
   4.9733333E+00   7.8000000E+01   3.5000000E+01   3.0000000E+00   0.0000000E+00
   4.9800000E+00   7.4000000E+01   5.1000000E+01   4.0000000E+00   1.0000000E+00
   4.9866667E+00   7.0000000E+01   3.4000000E+01   3.0000000E+00   0.0000000E+00
   4.9933333E+00   7.7000000E+01   4.9000000E+01   1.0000000E+00   0.0000000E+00
   5.0000000E+00   9.4000000E+01   3.7000000E+01   2.0000000E+00   0.0000000E+00
