   1.5381945E+03   1.6350000E+03   1.0480000E+03   0.0000000E+00   0.0000000E+00
   1.5382021E+03   1.5970000E+03   9.9500000E+02   1.8358089E-05   0.0000000E+00
   1.5382096E+03   1.7120000E+03   1.1010000E+03   7.3643544E-05   1.1451203E-04
   1.5382171E+03   1.6900000E+03   1.0430000E+03   0.0000000E+00   0.0000000E+00
   1.5382246E+03   1.6360000E+03   1.0450000E+03   4.4260768E-05   6.9292455E-05
   1.5382322E+03   1.6630000E+03   1.0340000E+03   0.0000000E+00   0.0000000E+00
   1.5382397E+03   1.7090000E+03   1.0710000E+03   0.0000000E+00   0.0000000E+00
   1.5382472E+03   1.6280000E+03   1.0730000E+03   0.0000000E+00   0.0000000E+00
   1.5382548E+03   1.6500000E+03   1.0460000E+03   0.0000000E+00   0.0000000E+00
   1.5382623E+03   1.6200000E+03   1.0260000E+03   0.0000000E+00   0.0000000E+00
   1.5382698E+03   1.6500000E+03   1.0460000E+03   4.4153581E-05   6.9649531E-05
   1.5382773E+03   1.6080000E+03   1.0010000E+03   3.3126728E-04   5.5731234E-04
   1.5382849E+03   1.7050000E+03   1.0580000E+03   0.0000000E+00   0.0000000E+00
   1.5382924E+03   1.6960000E+03   1.0680000E+03   0.0000000E+00   0.0000000E+00
   1.5382999E+03   1.6340000E+03   1.0700000E+03   0.0000000E+00   0.0000000E+00
   1.5383075E+03   1.6440000E+03   1.0180000E+03   0.0000000E+00   0.0000000E+00
   1.5383150E+03   1.6760000E+03   1.0920000E+03   0.0000000E+00   0.0000000E+00
   1.5383225E+03   1.7260000E+03   1.0860000E+03   0.0000000E+00   0.0000000E+00
   1.5383300E+03   1.7010000E+03   1.0890000E+03   0.0000000E+00   0.0000000E+00
   1.5383376E+03   1.6500000E+03   1.0190000E+03   6.3703256E-05   1.0315051E-04
   1.5383451E+03   1.6750000E+03   1.0730000E+03   8.9815930E-05   1.4020660E-04
   1.5383526E+03   1.6720000E+03   1.0370000E+03   0.0000000E+00   0.0000000E+00
   1.5383602E+03   1.6920000E+03   1.0960000E+03   0.0000000E+00   0.0000000E+00
   1.5383677E+03   1.6880000E+03   1.0270000E+03   0.0000000E+00   0.0000000E+00
   1.5383752E+03   1.7380000E+03   1.1480000E+03   0.0000000E+00   0.0000000E+00
   1.5383827E+03   1.7020000E+03   1.1090000E+03   0.0000000E+00   0.0000000E+00
   1.5383903E+03   1.7130000E+03   1.0850000E+03   0.0000000E+00   0.0000000E+00
   1.5383978E+03   1.6880000E+03   1.0390000E+03   0.0000000E+00   0.0000000E+00
   1.5384053E+03   1.6790000E+03   1.0660000E+03   9.7012789E-06   0.0000000E+00
   1.5384128E+03   1.6440000E+03   1.0310000E+03   0.0000000E+00   0.0000000E+00
   1.5384204E+03   1.7080000E+03   1.0650000E+03   0.0000000E+00   0.0000000E+00
   1.5384279E+03   1.6940000E+03   1.0010000E+03   0.0000000E+00   0.0000000E+00
   1.5384354E+03   1.7160000E+03   1.0850000E+03   3.4570976E-05   5.4676309E-05
   1.5384430E+03   1.6970000E+03   1.0880000E+03   6.0827384E-06   9.4875065E-06
   1.5384505E+03   1.6920000E+03   1.0870000E+03   0.0000000E+00   0.0000000E+00
   1.5384580E+03   1.7630000E+03   1.1290000E+03   0.0000000E+00   0.0000000E+00
   1.5384655E+03   1.6660000E+03   1.0750000E+03   0.0000000E+00   0.0000000E+00
   1.5384731E+03   1.7640000E+03   1.0900000E+03   0.0000000E+00   0.0000000E+00
   1.5384806E+03   1.6930000E+03   1.1300000E+03   1.0300606E-09   1.5432678E-09
   1.5384881E+03   1.7610000E+03   1.1480000E+03   1.6578898E-04   2.5431568E-04
   1.5384957E+03   1.7260000E+03   1.1140000E+03   0.0000000E+00   0.0000000E+00
   1.5385032E+03   1.7180000E+03   1.1190000E+03   1.9313496E-05   2.9651998E-05
   1.5385107E+03   1.6360000E+03   1.0570000E+03   9.3445269E-06   1.4463241E-05
   1.5385182E+03   1.7070000E+03   1.1240000E+03   1.3149234E-06   0.0000000E+00
   1.5385258E+03   1.7100000E+03   1.0660000E+03   0.0000000E+00   0.0000000E+00
   1.5385333E+03   1.6720000E+03   1.0750000E+03   0.0000000E+00   0.0000000E+00
   1.5385408E+03   1.6350000E+03   1.0370000E+03   4.0656760E-04   6.4102027E-04
   1.5385484E+03   1.7090000E+03   1.0580000E+03   0.0000000E+00   0.0000000E+00
   1.5385559E+03   1.7700000E+03   1.0650000E+03   3.8536259E-04   6.4046178E-04
   1.5385634E+03   1.7030000E+03   1.0950000E+03   3.0326034E-04   4.7164599E-04
   1.5385709E+03   1.7540000E+03   1.0760000E+03   0.0000000E+00   0.0000000E+00
   1.5385785E+03   1.7180000E+03   1.0750000E+03   0.0000000E+00   0.0000000E+00
   1.5385860E+03   1.6890000E+03   1.1090000E+03   0.0000000E+00   0.0000000E+00
   1.5385935E+03   1.7110000E+03   1.0750000E+03   3.1889906E-05   5.0756865E-05
   1.5386011E+03   1.7340000E+03   1.0530000E+03   1.1113327E-04   1.8300578E-04
   1.5386086E+03   1.7380000E+03   1.1100000E+03   3.8628325E-05   6.0482909E-05
   1.5386161E+03   1.7040000E+03   1.0740000E+03   0.0000000E+00   0.0000000E+00
   1.5386236E+03   1.6920000E+03   1.0910000E+03   6.1268425E-05   9.5019409E-05
   1.5386312E+03   1.7180000E+03   1.1110000E+03   9.9462351E-06   1.5380407E-05
   1.5386387E+03   1.6920000E+03   1.0630000E+03   3.7990161E-04   6.0469758E-04
   1.5386462E+03   1.7590000E+03   1.1080000E+03   0.0000000E+00   0.0000000E+00
   1.5386538E+03   1.6870000E+03   1.0410000E+03   2.9423913E-04   4.7683133E-04
   1.5386613E+03   1.7690000E+03   1.1170000E+03   5.8162789E-04   9.2112779E-04
   1.5386688E+03   1.7120000E+03   1.0860000E+03   2.6848948E-05   4.2325414E-05
   1.5386763E+03   1.7290000E+03   1.0850000E+03   0.0000000E+00   0.0000000E+00
   1.5386839E+03   1.6620000E+03   1.0690000E+03   0.0000000E+00   0.0000000E+00
   1.5386914E+03   1.7530000E+03   1.1220000E+03   0.0000000E+00   0.0000000E+00
   1.5386989E+03   1.7980000E+03   1.1480000E+03   5.0877638E-04   8.4684781E-04
   1.5387065E+03   1.7520000E+03   1.1140000E+03   2.4448029E-05   3.8449684E-05
   1.5387140E+03   1.7560000E+03   1.1400000E+03   7.5406393E-05   1.2830438E-04
   1.5387215E+03   1.6880000E+03   1.0670000E+03   0.0000000E+00   0.0000000E+00
   1.5387290E+03   1.7940000E+03   1.1680000E+03   3.8704610E-05   5.9448690E-05
   1.5387366E+03   1.7730000E+03   1.1320000E+03   3.7050137E-05   5.8029941E-05
   1.5387441E+03   1.6970000E+03   1.0390000E+03   0.0000000E+00   0.0000000E+00
   1.5387516E+03   1.7240000E+03   1.1050000E+03   0.0000000E+00   0.0000000E+00
   1.5387592E+03   1.6990000E+03   1.0770000E+03   7.0455625E-05   1.1114587E-04
   1.5387667E+03   1.7520000E+03   1.1330000E+03   0.0000000E+00   0.0000000E+00
   1.5387742E+03   1.7340000E+03   1.0920000E+03   0.0000000E+00   0.0000000E+00
   1.5387817E+03   1.7490000E+03   1.0990000E+03   0.0000000E+00   0.0000000E+00
   1.5387893E+03   1.7370000E+03   1.1350000E+03   0.0000000E+00   0.0000000E+00
   1.5387968E+03   1.6820000E+03   1.0220000E+03   3.5562758E-04   7.8288405E-05
   1.5388043E+03   1.7840000E+03   1.0810000E+03   5.7249867E-04   9.4480816E-04
   1.5388119E+03   1.7540000E+03   1.1040000E+03   0.0000000E+00   0.0000000E+00
   1.5388194E+03   1.7940000E+03   1.1300000E+03   5.0397815E-05   8.0012107E-05
   1.5388269E+03   1.7600000E+03   1.1410000E+03   0.0000000E+00   0.0000000E+00
   1.5388344E+03   1.7310000E+03   1.0710000E+03   0.0000000E+00   0.0000000E+00
   1.5388420E+03   1.8010000E+03   1.1560000E+03   0.0000000E+00   0.0000000E+00
   1.5388495E+03   1.7680000E+03   1.1380000E+03   0.0000000E+00   0.0000000E+00
   1.5388570E+03   1.7420000E+03   1.0790000E+03   0.0000000E+00   0.0000000E+00
   1.5388646E+03   1.8150000E+03   1.1360000E+03   1.5979621E-04   2.5530820E-04
   1.5388721E+03   1.7850000E+03   1.1350000E+03   0.0000000E+00   0.0000000E+00
   1.5388796E+03   1.8450000E+03   1.1540000E+03   0.0000000E+00   0.0000000E+00
   1.5388871E+03   1.7770000E+03   1.1550000E+03   0.0000000E+00   0.0000000E+00
   1.5388947E+03   1.7410000E+03   1.0760000E+03   1.2404316E-04   1.7020689E-04
   1.5389022E+03   1.8260000E+03   1.1830000E+03   0.0000000E+00   0.0000000E+00
   1.5389097E+03   1.8490000E+03   1.1790000E+03   8.4751090E-06   1.3291329E-05
   1.5389172E+03   1.7090000E+03   1.0750000E+03   0.0000000E+00   0.0000000E+00
   1.5389248E+03   1.7940000E+03   1.1430000E+03   2.4590006E-04   3.8595338E-04
   1.5389323E+03   1.7580000E+03   1.1520000E+03   1.3492363E-04   2.0589902E-04
   1.5389398E+03   1.7610000E+03   1.1260000E+03   5.2288660E-04   8.1776492E-04
   1.5389474E+03   1.7820000E+03   1.1300000E+03   0.0000000E+00   0.0000000E+00
   1.5389549E+03   1.8060000E+03   1.1530000E+03   0.0000000E+00   0.0000000E+00
   1.5389624E+03   1.8410000E+03   1.1490000E+03   4.4880302E-05   7.1910041E-05
   1.5389699E+03   1.7940000E+03   1.1440000E+03   0.0000000E+00   0.0000000E+00
   1.5389775E+03   1.7840000E+03   1.1120000E+03   4.2796695E-04   2.4317767E-04
   1.5389850E+03   1.7620000E+03   1.1310000E+03   6.8537028E-06   1.0677475E-05
   1.5389925E+03   1.8240000E+03   1.1650000E+03   1.2050609E-04   1.8867219E-04
   1.5390001E+03   1.7550000E+03   1.1070000E+03   0.0000000E+00   0.0000000E+00
   1.5390076E+03   1.7980000E+03   1.1550000E+03   3.1717715E-05   5.1173001E-05
   1.5390151E+03   1.7840000E+03   1.1050000E+03   3.2495377E-04   1.3791385E-04
   1.5390226E+03   1.7620000E+03   1.1130000E+03   0.0000000E+00   0.0000000E+00
   1.5390302E+03   1.7720000E+03   1.1380000E+03   2.3783839E-04   1.4623005E-04
   1.5390377E+03   1.9230000E+03   1.1900000E+03   3.0786249E-05   4.9749544E-05
   1.5390452E+03   1.8080000E+03   1.1400000E+03   1.2009761E-04   1.9047059E-04
   1.5390528E+03   1.7420000E+03   1.0920000E+03   1.3634558E-04   2.1750366E-04
   1.5390603E+03   1.8110000E+03   1.1090000E+03   0.0000000E+00   0.0000000E+00
   1.5390678E+03   1.7890000E+03   1.1160000E+03   6.8392579E-05   1.0963649E-04
   1.5390753E+03   1.7890000E+03   1.1420000E+03   0.0000000E+00   0.0000000E+00
   1.5390829E+03   1.8180000E+03   1.1560000E+03   0.0000000E+00   0.0000000E+00
   1.5390904E+03   1.7780000E+03   1.1530000E+03   0.0000000E+00   0.0000000E+00
   1.5390979E+03   1.8270000E+03   1.1150000E+03   0.0000000E+00   0.0000000E+00
   1.5391055E+03   1.8440000E+03   1.1920000E+03   4.9282534E-05   0.0000000E+00
   1.5391130E+03   1.8010000E+03   1.1660000E+03   0.0000000E+00   0.0000000E+00
   1.5391205E+03   1.8060000E+03   1.1410000E+03   8.0582450E-05   1.2754768E-04
   1.5391280E+03   1.8620000E+03   1.2010000E+03   9.2557422E-05   1.2299129E-04
   1.5391356E+03   1.8350000E+03   1.2090000E+03   0.0000000E+00   0.0000000E+00
   1.5391431E+03   1.8500000E+03   1.1590000E+03   0.0000000E+00   0.0000000E+00
   1.5391506E+03   1.7970000E+03   1.1620000E+03   8.9230090E-05   1.3884257E-04
   1.5391582E+03   1.8110000E+03   1.1440000E+03   0.0000000E+00   0.0000000E+00
   1.5391657E+03   1.8850000E+03   1.1630000E+03   0.0000000E+00   0.0000000E+00
   1.5391732E+03   1.8250000E+03   1.1580000E+03   0.0000000E+00   0.0000000E+00
   1.5391807E+03   1.9140000E+03   1.2060000E+03   7.6140678E-05   1.2084018E-04
   1.5391883E+03   1.8370000E+03   1.1560000E+03   0.0000000E+00   0.0000000E+00
   1.5391958E+03   1.8680000E+03   1.1850000E+03   5.1791500E-05   8.1642635E-05
   1.5392033E+03   1.8030000E+03   1.1700000E+03   4.1192948E-05   6.3479390E-05
   1.5392109E+03   1.9150000E+03   1.2370000E+03   3.3060154E-04   5.1180432E-04
   1.5392184E+03   1.8010000E+03   1.1490000E+03   8.6442723E-05   1.3549464E-04
   1.5392259E+03   1.8120000E+03   1.1520000E+03   0.0000000E+00   0.0000000E+00
   1.5392334E+03   1.8560000E+03   1.1740000E+03   0.0000000E+00   0.0000000E+00
   1.5392410E+03   1.8500000E+03   1.1750000E+03   9.6096689E-05   1.5130117E-04
   1.5392485E+03   1.7600000E+03   1.1070000E+03   1.7001295E-04   2.7030062E-04
   1.5392560E+03   1.8420000E+03   1.1420000E+03   4.3731268E-04   7.0536773E-04
   1.5392636E+03   1.8980000E+03   1.1830000E+03   7.5820971E-05   1.2164683E-04
   1.5392711E+03   1.7590000E+03   1.1020000E+03   0.0000000E+00   0.0000000E+00
   1.5392786E+03   1.8380000E+03   1.1690000E+03   1.3574406E-09   2.1342822E-09
   1.5392861E+03   1.9010000E+03   1.2010000E+03   0.0000000E+00   0.0000000E+00
   1.5392937E+03   1.7450000E+03   1.0610000E+03   0.0000000E+00   0.0000000E+00
   1.5393012E+03   1.8080000E+03   1.1680000E+03   8.4706422E-05   1.3112090E-04
   1.5393087E+03   1.8190000E+03   1.1620000E+03   0.0000000E+00   0.0000000E+00
   1.5393162E+03   1.8300000E+03   1.1950000E+03   8.5792666E-05   1.3138124E-04
   1.5393238E+03   1.8760000E+03   1.1690000E+03   0.0000000E+00   0.0000000E+00
   1.5393313E+03   1.8090000E+03   1.1670000E+03   1.4114212E-04   2.1878843E-04
   1.5393388E+03   1.8990000E+03   1.2040000E+03   0.0000000E+00   0.0000000E+00
   1.5393464E+03   1.8690000E+03   1.1920000E+03   4.1148956E-04   6.4519630E-04
   1.5393539E+03   1.8950000E+03   1.2230000E+03   0.0000000E+00   0.0000000E+00
   1.5393614E+03   1.9130000E+03   1.2160000E+03   1.2631759E-04   1.9872145E-04
   1.5393689E+03   1.9170000E+03   1.2120000E+03   2.1727569E-05   3.4366130E-05
   1.5393765E+03   1.8780000E+03   1.2220000E+03   1.7913565E-04   2.7530012E-04
   1.5393840E+03   1.7810000E+03   1.0950000E+03   3.9537964E-05   6.4307866E-05
   1.5393915E+03   1.8260000E+03   1.1640000E+03   1.0845212E-04   1.7013193E-04
   1.5393991E+03   1.8500000E+03   1.2000000E+03   1.5869858E-04   2.4466031E-04
   1.5394066E+03   1.8520000E+03   1.1970000E+03   0.0000000E+00   0.0000000E+00
   1.5394141E+03   1.8040000E+03   1.1660000E+03   0.0000000E+00   0.0000000E+00
   1.5394216E+03   1.8840000E+03   1.1700000E+03   2.3945926E-04   3.0783215E-04
   1.5394292E+03   1.8560000E+03   1.1860000E+03   0.0000000E+00   0.0000000E+00
   1.5394367E+03   1.8390000E+03   1.1680000E+03   0.0000000E+00   0.0000000E+00
   1.5394442E+03   1.8770000E+03   1.1710000E+03   1.1264674E-04   1.8056186E-04
   1.5394518E+03   1.9140000E+03   1.2580000E+03   3.2277718E-04   4.9109342E-04
   1.5394593E+03   1.9140000E+03   1.2400000E+03   4.3317971E-05   6.6863385E-05
   1.5394668E+03   1.9110000E+03   1.2490000E+03   0.0000000E+00   0.0000000E+00
   1.5394743E+03   1.8860000E+03   1.2280000E+03   3.3341811E-05   5.1207375E-05
   1.5394819E+03   1.7980000E+03   1.1420000E+03   2.3240385E-04   3.6590379E-04
   1.5394894E+03   1.9070000E+03   1.2420000E+03   7.9654660E-05   1.2230389E-04
   1.5394969E+03   1.9050000E+03   1.1970000E+03   0.0000000E+00   0.0000000E+00
   1.5395045E+03   1.8690000E+03   1.1940000E+03   1.9918858E-05   3.1179519E-05
   1.5395120E+03   1.8560000E+03   1.2150000E+03   3.5576161E-05   5.4345148E-05
   1.5395195E+03   1.8420000E+03   1.1400000E+03   2.4602435E-04   3.9752356E-04
   1.5395270E+03   1.8270000E+03   1.1250000E+03   1.1471167E-04   1.8629176E-04
   1.5395346E+03   1.9130000E+03   1.2050000E+03   3.0396368E-05   4.8255810E-05
   1.5395421E+03   1.8110000E+03   1.1560000E+03   0.0000000E+00   0.0000000E+00
   1.5395496E+03   1.9000000E+03   1.1410000E+03   1.3433550E-04   2.2369627E-04
   1.5395572E+03   1.9510000E+03   1.2270000E+03   0.0000000E+00   0.0000000E+00
   1.5395647E+03   1.8670000E+03   1.1760000E+03   0.0000000E+00   0.0000000E+00
   1.5395722E+03   1.9000000E+03   1.1790000E+03   0.0000000E+00   0.0000000E+00
   1.5395797E+03   1.9400000E+03   1.2590000E+03   3.5668060E-04   5.4961109E-04
   1.5395873E+03   1.9340000E+03   1.2330000E+03   1.2579321E-04   1.9731068E-04
   1.5395948E+03   1.8590000E+03   1.1920000E+03   0.0000000E+00   0.0000000E+00
   1.5396023E+03   1.8360000E+03   1.1780000E+03   0.0000000E+00   0.0000000E+00
   1.5396099E+03   1.9560000E+03   1.2340000E+03   0.0000000E+00   0.0000000E+00
   1.5396174E+03   1.8840000E+03   1.2060000E+03   0.0000000E+00   0.0000000E+00
   1.5396249E+03   1.8910000E+03   1.2020000E+03   0.0000000E+00   0.0000000E+00
   1.5396324E+03   1.9010000E+03   1.1860000E+03   0.0000000E+00   0.0000000E+00
   1.5396400E+03   1.8670000E+03   1.1600000E+03   0.0000000E+00   0.0000000E+00
   1.5396475E+03   1.9130000E+03   1.2330000E+03   5.0534163E-05   7.8403775E-05
   1.5396550E+03   1.9450000E+03   1.2360000E+03   6.8953838E-05   1.0850746E-04
   1.5396626E+03   1.9230000E+03   1.2630000E+03   4.5659485E-05   6.9497578E-05
   1.5396701E+03   1.8600000E+03   1.1810000E+03   0.0000000E+00   0.0000000E+00
   1.5396776E+03   1.8990000E+03   1.2420000E+03   4.2359825E-04   6.4767559E-04
   1.5396851E+03   1.9860000E+03   1.2450000E+03   4.8744152E-04   7.7755731E-04
   1.5396927E+03   1.9160000E+03   1.2130000E+03   1.6367006E-05   2.5852584E-05
   1.5397002E+03   1.8560000E+03   1.1950000E+03   0.0000000E+00   0.0000000E+00
   1.5397077E+03   1.8980000E+03   1.2130000E+03   1.2763170E-04   1.9970732E-04
   1.5397153E+03   1.9020000E+03   1.1930000E+03   3.9439176E-05   6.2877882E-05
   1.5397228E+03   1.8670000E+03   1.1900000E+03   4.8582003E-05   7.6220671E-05
   1.5397303E+03   1.9020000E+03   1.2070000E+03   3.6508093E-05   5.7529737E-05
   1.5397378E+03   1.8840000E+03   1.2090000E+03   0.0000000E+00   0.0000000E+00
   1.5397454E+03   1.9740000E+03   1.2670000E+03   0.0000000E+00   0.0000000E+00
   1.5397529E+03   2.0020000E+03   1.3020000E+03   0.0000000E+00   0.0000000E+00
   1.5397604E+03   1.8790000E+03   1.1610000E+03   0.0000000E+00   0.0000000E+00
   1.5397679E+03   1.8480000E+03   1.1840000E+03   1.0553280E-04   1.6471673E-04
   1.5397755E+03   1.9230000E+03   1.2210000E+03   0.0000000E+00   0.0000000E+00
   1.5397830E+03   1.9630000E+03   1.2990000E+03   0.0000000E+00   0.0000000E+00
   1.5397905E+03   1.9530000E+03   1.2320000E+03   7.4451734E-05   1.1802292E-04
   1.5397981E+03   1.9500000E+03   1.2380000E+03   2.0512337E-05   3.2309416E-05
   1.5398056E+03   1.9110000E+03   1.1880000E+03   7.6640365E-05   1.2328261E-04
   1.5398131E+03   1.8110000E+03   1.1490000E+03   3.9293233E-05   6.1932155E-05
   1.5398206E+03   1.9050000E+03   1.2020000E+03   4.8106783E-05   7.6242447E-05
   1.5398282E+03   1.9990000E+03   1.2810000E+03   2.4411649E-11   3.8094369E-11
   1.5398357E+03   1.8880000E+03   1.1900000E+03   4.3889467E-05   6.9633037E-05
   1.5398432E+03   1.8840000E+03   1.2150000E+03   0.0000000E+00   0.0000000E+00
   1.5398508E+03   1.9500000E+03   1.2540000E+03   0.0000000E+00   0.0000000E+00
   1.5398583E+03   1.9080000E+03   1.2170000E+03   9.5558321E-05   1.4981535E-04
   1.5398658E+03   1.9320000E+03   1.2030000E+03   2.8352315E-04   4.4531634E-04
   1.5398733E+03   2.0280000E+03   1.2880000E+03   1.0225771E-05   1.6100826E-05
   1.5398809E+03   2.0140000E+03   1.2770000E+03   2.4622553E-04   4.6705740E-04
   1.5398884E+03   1.8840000E+03   1.2240000E+03   1.4527521E-04   2.2807063E-04
   1.5398959E+03   1.9030000E+03   1.2490000E+03   3.9447585E-04   1.9795281E-04
   1.5399035E+03   1.9610000E+03   1.2730000E+03   2.8027604E-04   0.0000000E+00
   1.5399110E+03   1.9220000E+03   1.1890000E+03   0.0000000E+00   0.0000000E+00
   1.5399185E+03   1.8950000E+03   1.1980000E+03   5.0045384E-06   7.9161939E-06
   1.5399260E+03   1.9760000E+03   1.2610000E+03   2.5447121E-05   3.9875901E-05
   1.5399336E+03   1.8860000E+03   1.1840000E+03   0.0000000E+00   0.0000000E+00
   1.5399411E+03   1.9450000E+03   1.2570000E+03   4.8775902E-04   7.5472656E-04
   1.5399486E+03   1.9270000E+03   1.2450000E+03   5.7439962E-05   8.8905065E-05
   1.5399562E+03   1.9330000E+03   1.2310000E+03   1.4863786E-05   2.3340129E-05
   1.5399637E+03   1.9350000E+03   1.2490000E+03   0.0000000E+00   0.0000000E+00
   1.5399712E+03   1.8450000E+03   1.1770000E+03   0.0000000E+00   0.0000000E+00
   1.5399787E+03   1.9670000E+03   1.2430000E+03   2.0734433E-05   3.2811449E-05
   1.5399863E+03   1.9750000E+03   1.2780000E+03   4.5787285E-04   7.0750097E-04
   1.5399938E+03   1.9300000E+03   1.2370000E+03   3.3977961E-04   5.3013310E-04
   1.5400013E+03   1.9470000E+03   1.2620000E+03   9.7935909E-05   1.5109447E-04
   1.5400089E+03   1.8400000E+03   1.1600000E+03   2.4920162E-05   3.9528532E-05
   1.5400164E+03   2.0000000E+03   1.2650000E+03   0.0000000E+00   0.0000000E+00
   1.5400239E+03   1.9420000E+03   1.2410000E+03   1.4645696E-04   2.1594249E-04
   1.5400314E+03   1.9540000E+03   1.2570000E+03   1.1790100E-05   0.0000000E+00
   1.5400390E+03   1.9220000E+03   1.1970000E+03   3.0979819E-04   4.9743703E-04
   1.5400465E+03   1.9830000E+03   1.2900000E+03   0.0000000E+00   0.0000000E+00
   1.5400540E+03   1.9490000E+03   1.2470000E+03   0.0000000E+00   0.0000000E+00
   1.5400616E+03   2.0290000E+03   1.2940000E+03   4.8514660E-05   7.6071287E-05
   1.5400691E+03   1.9490000E+03   1.2610000E+03   6.2867382E-05   9.7167747E-05
   1.5400766E+03   1.9530000E+03   1.2090000E+03   1.6192429E-04   2.6157000E-04
   1.5400841E+03   1.9690000E+03   1.2790000E+03   9.1969472E-05   1.4158553E-04
   1.5400917E+03   2.0380000E+03   1.2820000E+03   4.6095056E-04   7.3277477E-04
   1.5400992E+03   1.9600000E+03   1.2320000E+03   0.0000000E+00   0.0000000E+00
   1.5401067E+03   2.0260000E+03   1.3100000E+03   1.0039859E-10   1.5527294E-10
   1.5401143E+03   2.0330000E+03   1.3000000E+03   0.0000000E+00   0.0000000E+00
   1.5401218E+03   2.0360000E+03   1.3080000E+03   0.0000000E+00   0.0000000E+00
   1.5401293E+03   2.0390000E+03   1.2620000E+03   0.0000000E+00   0.0000000E+00
   1.5401368E+03   1.9190000E+03   1.2230000E+03   0.0000000E+00   0.0000000E+00
   1.5401444E+03   2.0280000E+03   1.2880000E+03   0.0000000E+00   0.0000000E+00
   1.5401519E+03   1.9510000E+03   1.2680000E+03   0.0000000E+00   0.0000000E+00
   1.5401594E+03   1.9560000E+03   1.2380000E+03   0.0000000E+00   0.0000000E+00
   1.5401670E+03   1.9510000E+03   1.2810000E+03   3.5298294E-05   5.3760313E-05
   1.5401745E+03   2.0130000E+03   1.2770000E+03   4.5927905E-05   7.2398491E-05
   1.5401820E+03   1.9190000E+03   1.2320000E+03   0.0000000E+00   0.0000000E+00
   1.5401895E+03   2.0300000E+03   1.2660000E+03   3.4533441E-04   5.9061890E-04
   1.5401971E+03   1.9400000E+03   1.2620000E+03   8.4469240E-05   1.2984970E-04
   1.5402046E+03   2.0650000E+03   1.3500000E+03   5.3291354E-04   8.1516034E-04
   1.5402121E+03   1.9450000E+03   1.2380000E+03   2.4467565E-09   3.8440561E-09
   1.5402197E+03   1.9630000E+03   1.2740000E+03   1.9514336E-05   3.0068008E-05
   1.5402272E+03   1.9750000E+03   1.2500000E+03   3.5954447E-05   5.6808026E-05
   1.5402347E+03   1.9760000E+03   1.2340000E+03   7.7455823E-10   1.2402975E-09
   1.5402422E+03   1.9770000E+03   1.2890000E+03   2.9519440E-05   4.5275355E-05
   1.5402498E+03   1.9890000E+03   1.2660000E+03   7.5531892E-06   0.0000000E+00
   1.5402573E+03   2.0100000E+03   1.2940000E+03   4.7194721E-04   0.0000000E+00
   1.5402648E+03   1.9670000E+03   1.2430000E+03   0.0000000E+00   0.0000000E+00
   1.5402723E+03   1.9400000E+03   1.2350000E+03   1.3404907E-04   2.1057101E-04
   1.5402799E+03   1.9930000E+03   1.2700000E+03   0.0000000E+00   0.0000000E+00
   1.5402874E+03   1.9870000E+03   1.2270000E+03   4.0423185E-06   6.5461180E-06
   1.5402949E+03   2.0040000E+03   1.2770000E+03   4.5009914E-05   7.0634196E-05
   1.5403025E+03   2.0910000E+03   1.3640000E+03   5.0250488E-04   7.7033557E-04
   1.5403100E+03   1.9420000E+03   1.2400000E+03   1.0069955E-05   0.0000000E+00
   1.5403175E+03   2.0530000E+03   1.2970000E+03   2.5984991E-09   4.1131215E-09
   1.5403250E+03   1.9220000E+03   1.2370000E+03   1.0013358E-04   1.1312936E-04
   1.5403326E+03   2.0130000E+03   1.2930000E+03   0.0000000E+00   0.0000000E+00
   1.5403401E+03   1.9770000E+03   1.2270000E+03   0.0000000E+00   0.0000000E+00
   1.5403476E+03   1.9700000E+03   1.2490000E+03   0.0000000E+00   0.0000000E+00
   1.5403552E+03   2.0910000E+03   1.3250000E+03   0.0000000E+00   0.0000000E+00
   1.5403627E+03   1.8800000E+03   1.1840000E+03   1.1153994E-04   1.7710734E-04
   1.5403702E+03   2.0620000E+03   1.3200000E+03   7.3188730E-05   1.3961987E-04
   1.5403777E+03   2.0480000E+03   1.2850000E+03   0.0000000E+00   0.0000000E+00
   1.5403853E+03   2.0280000E+03   1.2860000E+03   5.0900616E-05   8.0269401E-05
   1.5403928E+03   2.0610000E+03   1.3200000E+03   0.0000000E+00   0.0000000E+00
   1.5404003E+03   1.9870000E+03   1.2330000E+03   1.9988655E-04   3.2212050E-04
   1.5404079E+03   1.9690000E+03   1.2210000E+03   3.8973578E-05   6.2849284E-05
   1.5404154E+03   2.1010000E+03   1.3600000E+03   0.0000000E+00   0.0000000E+00
   1.5404229E+03   2.0690000E+03   1.2760000E+03   3.6744278E-05   5.9579868E-05
   1.5404304E+03   1.9520000E+03   1.2900000E+03   9.2700737E-05   1.4027274E-04
   1.5404380E+03   2.0020000E+03   1.2350000E+03   9.0600050E-05   1.4686745E-04
   1.5404455E+03   2.0180000E+03   1.2860000E+03   2.2200859E-04   3.4837741E-04
   1.5404530E+03   1.9860000E+03   1.2840000E+03   1.2510900E-04   1.9350971E-04
   1.5404606E+03   1.9650000E+03   1.2460000E+03   6.1033105E-05   1.2494861E-04
   1.5404681E+03   2.0190000E+03   1.2820000E+03   4.2628062E-05   6.7134210E-05
   1.5404756E+03   2.0000000E+03   1.2530000E+03   5.0697063E-05   8.0921091E-05
   1.5404831E+03   1.9600000E+03   1.2300000E+03   0.0000000E+00   0.0000000E+00
   1.5404907E+03   2.0500000E+03   1.2850000E+03   7.0089523E-05   1.1257555E-04
   1.5404982E+03   2.0340000E+03   1.3360000E+03   1.4372040E-04   2.1880785E-04
   1.5405057E+03   2.0310000E+03   1.3030000E+03   6.3563292E-05   9.9076781E-05
   1.5405133E+03   2.0630000E+03   1.3290000E+03   3.7606820E-04   5.8376877E-04
   1.5405208E+03   1.9970000E+03   1.2340000E+03   3.6516375E-04   5.9094977E-04
   1.5405283E+03   1.9980000E+03   1.2570000E+03   1.1431394E-04   8.7034196E-05
   1.5405358E+03   2.0610000E+03   1.3020000E+03   5.2772796E-04   8.3536661E-04
   1.5405434E+03   2.1040000E+03   1.3320000E+03   1.4227801E-04   2.1677369E-04
   1.5405509E+03   2.0760000E+03   1.3110000E+03   1.5012296E-04   2.3772331E-04
   1.5405584E+03   2.0830000E+03   1.3510000E+03   0.0000000E+00   0.0000000E+00
   1.5405660E+03   2.0270000E+03   1.2960000E+03   1.3762664E-04   2.1506245E-04
   1.5405735E+03   2.1010000E+03   1.3120000E+03   2.5538804E-05   4.0897125E-05
   1.5405810E+03   2.1000000E+03   1.3370000E+03   1.4013040E-04   2.2010011E-04
   1.5405885E+03   2.0490000E+03   1.2850000E+03   0.0000000E+00   0.0000000E+00
   1.5405961E+03   2.1080000E+03   1.3180000E+03   2.4163773E-04   3.8647370E-04
   1.5406036E+03   2.0790000E+03   1.3130000E+03   0.0000000E+00   0.0000000E+00
   1.5406111E+03   2.1080000E+03   1.2910000E+03   5.1101995E-04   8.3441522E-04
   1.5406187E+03   1.9990000E+03   1.2920000E+03   5.1683605E-05   7.9965578E-05
   1.5406262E+03   2.0790000E+03   1.3450000E+03   0.0000000E+00   0.0000000E+00
   1.5406337E+03   2.0140000E+03   1.2310000E+03   3.4623763E-04   0.0000000E+00
   1.5406412E+03   2.0660000E+03   1.3180000E+03   1.1806886E-04   1.9479998E-04
   1.5406488E+03   2.0110000E+03   1.2780000E+03   3.3845959E-05   5.3258391E-05
   1.5406563E+03   2.0520000E+03   1.3370000E+03   1.2457270E-04   2.0731816E-04
   1.5406638E+03   2.0230000E+03   1.2900000E+03   1.1060999E-05   1.7346048E-05
   1.5406713E+03   2.0650000E+03   1.3070000E+03   3.6334282E-04   5.7406497E-04
   1.5406789E+03   2.0370000E+03   1.2860000E+03   3.5067169E-04   5.5545742E-04
   1.5406864E+03   2.1200000E+03   1.3460000E+03   0.0000000E+00   0.0000000E+00
   1.5406939E+03   2.0380000E+03   1.2710000E+03   5.3065062E-04   8.5087802E-04
   1.5407015E+03   2.0450000E+03   1.3250000E+03   3.0410049E-04   4.6934755E-04
   1.5407090E+03   2.0440000E+03   1.2970000E+03   3.4725671E-06   5.4725729E-06
   1.5407165E+03   2.0230000E+03   1.2620000E+03   1.5058049E-05   2.4138220E-05
   1.5407240E+03   2.0700000E+03   1.3310000E+03   0.0000000E+00   0.0000000E+00
   1.5407316E+03   2.0990000E+03   1.3410000E+03   3.9665448E-04   6.2086335E-04
   1.5407391E+03   2.1230000E+03   1.3600000E+03   4.6210310E-04   7.1911599E-04
   1.5407466E+03   2.1160000E+03   1.3520000E+03   7.4919867E-05   1.1725624E-04
   1.5407542E+03   2.0560000E+03   1.3390000E+03   1.7299085E-05   2.6562299E-05
   1.5407617E+03   1.9930000E+03   1.2570000E+03   4.2838984E-04   6.7922113E-04
   1.5407692E+03   2.1690000E+03   1.4400000E+03   5.4917968E-05   8.2720190E-05
   1.5407767E+03   2.0820000E+03   1.3180000E+03   6.3189619E-05   9.9818503E-05
   1.5407843E+03   2.0470000E+03   1.2960000E+03   2.2311693E-04   3.5240769E-04
   1.5407918E+03   2.0680000E+03   1.2950000E+03   7.1488549E-05   1.1416086E-04
   1.5407993E+03   2.0390000E+03   1.2670000E+03   2.6754221E-04   4.2975229E-04
   1.5408069E+03   2.0960000E+03   1.3250000E+03   0.0000000E+00   0.0000000E+00
   1.5408144E+03   2.1400000E+03   1.3610000E+03   7.7783169E-05   1.2230417E-04
   1.5408219E+03   2.1370000E+03   1.3420000E+03   9.4744143E-07   1.5087052E-06
   1.5408294E+03   2.0770000E+03   1.2960000E+03   0.0000000E+00   0.0000000E+00
   1.5408370E+03   2.1190000E+03   1.3210000E+03   1.2864801E-04   2.0636270E-04
   1.5408445E+03   2.0190000E+03   1.3060000E+03   3.7780574E-05   5.8406569E-05
   1.5408520E+03   2.1950000E+03   1.3940000E+03   7.4853914E-05   1.1786538E-04
   1.5408596E+03   2.0160000E+03   1.2730000E+03   1.7738306E-04   2.8091458E-04
   1.5408671E+03   2.0380000E+03   1.3100000E+03   3.1748649E-04   4.9392172E-04
   1.5408746E+03   2.1100000E+03   1.3490000E+03   3.8202677E-05   5.9753631E-05
   1.5408821E+03   2.1420000E+03   1.3670000E+03   3.9015783E-04   2.6400611E-04
   1.5408897E+03   2.1370000E+03   1.3730000E+03   1.7948867E-04   2.7936438E-04
   1.5408972E+03   2.0430000E+03   1.3030000E+03   7.1545758E-06   0.0000000E+00
   1.5409047E+03   2.1300000E+03   1.3420000E+03   0.0000000E+00   0.0000000E+00
   1.5409123E+03   2.0330000E+03   1.2750000E+03   3.0151476E-05   4.8076824E-05
   1.5409198E+03   2.1230000E+03   1.3490000E+03   4.9011114E-05   7.7131650E-05
   1.5409273E+03   2.0820000E+03   1.3090000E+03   4.3769817E-05   6.9617082E-05
   1.5409348E+03   2.0730000E+03   1.2770000E+03   1.7492441E-04   2.8396109E-04
   1.5409424E+03   2.1100000E+03   1.3300000E+03   1.6419836E-04   2.6049514E-04
   1.5409499E+03   2.1040000E+03   1.3040000E+03   1.6763255E-04   2.7047460E-04
   1.5409574E+03   2.0880000E+03   1.3140000E+03   0.0000000E+00   0.0000000E+00
   1.5409650E+03   2.0790000E+03   1.3030000E+03   7.1709167E-05   1.1441547E-04
   1.5409725E+03   2.2010000E+03   1.4430000E+03   0.0000000E+00   0.0000000E+00
   1.5409800E+03   2.0400000E+03   1.2810000E+03   0.0000000E+00   0.0000000E+00
   1.5409875E+03   2.2150000E+03   1.3860000E+03   3.6119840E-04   5.7723987E-04
   1.5409951E+03   2.0770000E+03   1.3020000E+03   1.1072977E-04   1.7664034E-04
   1.5410026E+03   2.1050000E+03   1.3270000E+03   8.8139536E-05   1.3981441E-04
   1.5410101E+03   2.1810000E+03   1.4060000E+03   1.6874714E-04   2.6176210E-04
   1.5410177E+03   2.0780000E+03   1.3270000E+03   9.8755971E-05   1.5464575E-04
   1.5410252E+03   2.0870000E+03   1.3010000E+03   0.0000000E+00   0.0000000E+00
   1.5410327E+03   2.1820000E+03   1.3800000E+03   7.4449634E-05   1.1771674E-04
   1.5410402E+03   2.1160000E+03   1.3500000E+03   1.7474257E-04   2.7389279E-04
   1.5410478E+03   2.1060000E+03   1.3550000E+03   2.9831175E-04   4.6364912E-04
   1.5410553E+03   2.1120000E+03   1.3470000E+03   4.6895434E-04   7.3528698E-04
   1.5410628E+03   2.1010000E+03   1.3270000E+03   1.4903792E-04   2.3596735E-04
   1.5410704E+03   2.0940000E+03   1.3410000E+03   2.5329448E-04   3.9552471E-04
   1.5410779E+03   2.1470000E+03   1.3600000E+03   2.0087781E-04   3.1712107E-04
   1.5410854E+03   2.1080000E+03   1.3440000E+03   1.5373421E-04   2.4112479E-04
   1.5410929E+03   2.1440000E+03   1.3590000E+03   1.9818138E-04   3.1265702E-04
   1.5411005E+03   2.0960000E+03   1.3390000E+03   1.4573895E-04   2.2813207E-04
   1.5411080E+03   2.1610000E+03   1.3700000E+03   5.0309707E-05   7.9357137E-05
   1.5411155E+03   2.0920000E+03   1.2950000E+03   3.6047592E-09   5.8232866E-09
   1.5411230E+03   2.2420000E+03   1.4130000E+03   2.9771037E-05   4.7237555E-05
   1.5411306E+03   2.0750000E+03   1.2780000E+03   9.2452172E-05   1.5010818E-04
   1.5411381E+03   2.0720000E+03   1.3330000E+03   4.5670534E-04   7.0989757E-04
   1.5411456E+03   2.0680000E+03   1.3330000E+03   3.8924923E-05   4.5978510E-05
   1.5411532E+03   2.1300000E+03   1.2840000E+03   2.5813990E-04   3.6172130E-04
   1.5411607E+03   2.1540000E+03   1.3770000E+03   0.0000000E+00   0.0000000E+00
   1.5411682E+03   2.1430000E+03   1.4180000E+03   3.8958644E-04   5.8877556E-04
   1.5411757E+03   2.1480000E+03   1.3470000E+03   1.2331344E-04   1.8642444E-04
   1.5411833E+03   2.1000000E+03   1.3190000E+03   1.1312650E-04   8.4888516E-05
   1.5411908E+03   2.1870000E+03   1.3880000E+03   0.0000000E+00   0.0000000E+00
   1.5411983E+03   2.1380000E+03   1.3830000E+03   5.1198564E-05   7.9148612E-05
   1.5412059E+03   2.1220000E+03   1.3610000E+03   2.0308222E-04   3.1663518E-04
   1.5412134E+03   2.1080000E+03   1.3510000E+03   1.6312122E-05   2.5452223E-05
   1.5412209E+03   2.1120000E+03   1.3880000E+03   1.0394443E-04   1.5816328E-04
   1.5412284E+03   2.1450000E+03   1.3710000E+03   6.9956672E-05   1.1038542E-04
   1.5412360E+03   2.1540000E+03   1.3440000E+03   3.5910448E-04   5.7552905E-04
   1.5412435E+03   2.1060000E+03   1.3380000E+03   8.6105648E-05   1.3552952E-04
   1.5412510E+03   2.1280000E+03   1.3650000E+03   8.9477317E-05   1.3949284E-04
   1.5412586E+03   2.1990000E+03   1.4170000E+03   1.0450451E-05   2.9449297E-05
   1.5412661E+03   2.1790000E+03   1.3390000E+03   9.8873901E-06   1.6090084E-05
   1.5412736E+03   2.1570000E+03   1.4070000E+03   0.0000000E+00   0.0000000E+00
   1.5412811E+03   2.1070000E+03   1.3320000E+03   3.3216155E-04   5.2542372E-04
   1.5412887E+03   2.1060000E+03   1.3040000E+03   1.0772350E-04   1.7397676E-04
   1.5412962E+03   2.1450000E+03   1.3730000E+03   2.0264789E-06   3.1659120E-06
   1.5413037E+03   2.1170000E+03   1.3660000E+03   2.0028332E-04   3.1039516E-04
   1.5413113E+03   2.1150000E+03   1.3350000E+03   1.1693458E-04   1.8525591E-04
   1.5413188E+03   2.2150000E+03   1.4230000E+03   3.2963529E-04   5.1310061E-04
   1.5413263E+03   2.1750000E+03   1.3840000E+03   1.4999531E-04   2.3572240E-04
   1.5413338E+03   2.1040000E+03   1.3180000E+03   4.0295012E-11   6.4325269E-11
   1.5413414E+03   2.1940000E+03   1.4150000E+03   0.0000000E+00   0.0000000E+00
   1.5413489E+03   2.1670000E+03   1.3880000E+03   7.7288385E-05   1.2066566E-04
   1.5413564E+03   2.1510000E+03   1.4180000E+03   2.4313410E-04   1.1545212E-04
   1.5413640E+03   2.1640000E+03   1.3710000E+03   0.0000000E+00   0.0000000E+00
   1.5413715E+03   2.2010000E+03   1.4110000E+03   3.6096748E-04   1.7503073E-04
   1.5413790E+03   2.1030000E+03   1.3370000E+03   1.1465986E-04   1.8035130E-04
   1.5413865E+03   2.1490000E+03   1.3810000E+03   0.0000000E+00   0.0000000E+00
   1.5413941E+03   2.1410000E+03   1.3830000E+03   1.6573104E-04   2.5656555E-04
   1.5414016E+03   2.1900000E+03   1.3940000E+03   2.5158188E-04   3.9523983E-04
   1.5414091E+03   2.1820000E+03   1.3790000E+03   7.8665973E-05   5.7623352E-04
   1.5414167E+03   2.2010000E+03   1.4010000E+03   2.2774460E-05   5.8256114E-06
   1.5414242E+03   2.1690000E+03   1.3510000E+03   5.1546903E-05   8.2757389E-05
   1.5414317E+03   2.2440000E+03   1.4060000E+03   2.4741598E-05   3.9488012E-05
   1.5414392E+03   2.1740000E+03   1.3830000E+03   2.0337836E-04   0.0000000E+00
   1.5414468E+03   2.2740000E+03   1.4280000E+03   4.1237516E-04   6.7476785E-05
   1.5414543E+03   2.2150000E+03   1.4060000E+03   8.0913480E-10   1.2747038E-09
   1.5414618E+03   2.1980000E+03   1.4360000E+03   2.7533887E-05   4.2144487E-05
   1.5414694E+03   2.1440000E+03   1.3590000E+03   3.0039751E-04   4.7391631E-04
   1.5414769E+03   2.1910000E+03   1.3820000E+03   2.2317886E-04   3.5382408E-04
   1.5414844E+03   2.1390000E+03   1.3480000E+03   2.3738920E-04   3.7668806E-04
   1.5414919E+03   2.0860000E+03   1.3490000E+03   6.3126361E-05   9.7613873E-05
   1.5414995E+03   2.1500000E+03   1.3680000E+03   1.3065287E-04   2.1812846E-04
   1.5415070E+03   2.2670000E+03   1.4310000E+03   4.2049797E-04   6.6615577E-04
   1.5415145E+03   2.1600000E+03   1.3750000E+03   1.5675391E-04   2.4624614E-04
   1.5415221E+03   2.1490000E+03   1.3470000E+03   4.9370571E-05   1.2784868E-04
   1.5415296E+03   2.2080000E+03   1.4030000E+03   6.1388228E-05   1.0037442E-04
   1.5415371E+03   2.2060000E+03   1.3930000E+03   4.8317789E-05   7.6517619E-05
   1.5415446E+03   2.2210000E+03   1.4210000E+03   1.3560513E-04   2.1194863E-04
   1.5415522E+03   2.1880000E+03   1.3650000E+03   2.9454854E-06   0.0000000E+00
   1.5415597E+03   2.1430000E+03   1.3620000E+03   8.6181701E-09   1.3560014E-08
   1.5415672E+03   2.2280000E+03   1.4160000E+03   1.8228092E-04   2.8680924E-04
   1.5415747E+03   2.2240000E+03   1.4350000E+03   1.9188237E-04   3.2680331E-04
   1.5415823E+03   2.2040000E+03   1.3920000E+03   3.4510165E-04   3.6941934E-05
   1.5415898E+03   2.1880000E+03   1.3670000E+03   1.5856603E-04   2.5292439E-04
   1.5415973E+03   2.2070000E+03   1.4180000E+03   4.5831163E-04   6.7396594E-04
   1.5416049E+03   2.1480000E+03   1.3770000E+03   0.0000000E+00   0.0000000E+00
   1.5416124E+03   2.1750000E+03   1.3910000E+03   6.3325664E-05   9.7866124E-05
   1.5416199E+03   2.1320000E+03   1.3570000E+03   3.5808384E-04   0.0000000E+00
   1.5416274E+03   2.1420000E+03   1.3940000E+03   1.0951084E-04   1.6128354E-04
   1.5416350E+03   2.1150000E+03   1.3480000E+03   9.4623240E-05   1.4846302E-04
   1.5416425E+03   2.1770000E+03   1.3840000E+03   8.4747423E-06   0.0000000E+00
   1.5416500E+03   2.2110000E+03   1.3680000E+03   2.6691557E-05   4.3139643E-05
   1.5416576E+03   2.1620000E+03   1.3730000E+03   4.8378098E-05   1.1667435E-04
   1.5416651E+03   2.1160000E+03   1.3430000E+03   3.0189493E-04   3.0587643E-05
   1.5416726E+03   2.1790000E+03   1.3890000E+03   9.0836588E-05   1.4250031E-04
   1.5416801E+03   2.1610000E+03   1.3650000E+03   1.5973546E-04   2.5018990E-04
   1.5416877E+03   2.1660000E+03   1.4030000E+03   2.4738706E-04   3.8192471E-04
   1.5416952E+03   2.1590000E+03   1.3740000E+03   6.4616750E-06   1.0153389E-05
   1.5417027E+03   2.2180000E+03   1.4230000E+03   2.9082348E-04   3.1680049E-04
   1.5417103E+03   2.2550000E+03   1.4110000E+03   2.0821724E-04   3.3096750E-04
   1.5417178E+03   2.2100000E+03   1.4090000E+03   2.0414494E-05   4.3515001E-05
   1.5417253E+03   2.2250000E+03   1.3930000E+03   7.3880174E-05   1.6451477E-04
   1.5417328E+03   2.2240000E+03   1.3900000E+03   2.3609384E-04   3.4613872E-04
   1.5417404E+03   2.2360000E+03   1.4020000E+03   3.0890075E-05   4.9265484E-05
   1.5417479E+03   2.1490000E+03   1.3720000E+03   5.4320212E-05   1.0561785E-04
   1.5417554E+03   2.3080000E+03   1.5000000E+03   1.9029168E-04   2.9279547E-04
   1.5417630E+03   2.2650000E+03   1.4640000E+03   5.9292182E-05   9.1732782E-05
   1.5417705E+03   2.2520000E+03   1.4260000E+03   0.0000000E+00   0.0000000E+00
   1.5417780E+03   2.2730000E+03   1.4020000E+03   5.7520840E-05   8.2430601E-05
   1.5417855E+03   2.2080000E+03   1.3770000E+03   6.9953741E-04   7.4948514E-04
   1.5417931E+03   2.1980000E+03   1.3920000E+03   6.6036257E-05   8.5594057E-05
   1.5418006E+03   2.1990000E+03   1.4100000E+03   1.8647589E-04   2.9965251E-04
   1.5418081E+03   2.2170000E+03   1.3770000E+03   7.4042792E-06   1.1921051E-05
   1.5418157E+03   2.2290000E+03   1.3580000E+03   2.3415233E-04   3.8648435E-04
   1.5418232E+03   2.2620000E+03   1.4610000E+03   1.4969968E-05   2.3177322E-05
   1.5418307E+03   2.1900000E+03   1.3990000E+03   2.8814845E-04   2.1894412E-04
   1.5418382E+03   2.2880000E+03   1.4690000E+03   3.2260797E-04   5.6730258E-04
   1.5418458E+03   2.2310000E+03   1.4220000E+03   2.6836913E-04   1.0298682E-04
   1.5418533E+03   2.2850000E+03   1.4740000E+03   4.1001163E-04   6.2093291E-04
   1.5418608E+03   2.2110000E+03   1.4030000E+03   4.7398518E-05   3.4620847E-05
   1.5418684E+03   2.1930000E+03   1.3950000E+03   1.1917190E-04   2.4124463E-04
   1.5418759E+03   2.1840000E+03   1.3860000E+03   3.0045291E-05   4.7344096E-05
   1.5418834E+03   2.2960000E+03   1.5080000E+03   3.2999623E-04   5.1899189E-04
   1.5418909E+03   2.2880000E+03   1.4580000E+03   2.8504205E-05   4.0034939E-05
   1.5418985E+03   2.2270000E+03   1.4170000E+03   7.2424978E-05   1.4020754E-04
   1.5419060E+03   2.1880000E+03   1.4080000E+03   9.5896164E-05   1.4902046E-04
   1.5419135E+03   2.2580000E+03   1.4640000E+03   6.0429940E-04   9.7075985E-04
   1.5419211E+03   2.1960000E+03   1.4000000E+03   1.3606495E-04   2.1342760E-04
   1.5419286E+03   2.2080000E+03   1.3840000E+03   9.5191844E-05   1.5186676E-04
   1.5419361E+03   2.2380000E+03   1.4270000E+03   9.2561578E-05   1.4516665E-04
   1.5419436E+03   2.2770000E+03   1.4470000E+03   7.6561191E-05   1.1656051E-04
   1.5419512E+03   2.2780000E+03   1.4840000E+03   7.6231887E-05   1.1701903E-04
   1.5419587E+03   2.2420000E+03   1.4250000E+03   4.7318299E-04   7.3194054E-04
   1.5419662E+03   2.1800000E+03   1.4070000E+03   8.6031327E-05   1.3329658E-04
   1.5419738E+03   2.2280000E+03   1.4330000E+03   2.2569735E-04   3.4450573E-04
   1.5419813E+03   2.2150000E+03   1.4070000E+03   4.5405624E-10   7.1480780E-10
   1.5419888E+03   2.2500000E+03   1.4560000E+03   2.7477304E-04   3.8053239E-04
   1.5419963E+03   2.2360000E+03   1.4080000E+03   1.3871843E-04   1.8476157E-04
   1.5420039E+03   2.2640000E+03   1.4470000E+03   1.9065507E-04   3.0536315E-04
   1.5420114E+03   2.2480000E+03   1.4300000E+03   1.1997024E-04   1.8859658E-04
   1.5420189E+03   2.1860000E+03   1.3950000E+03   2.7527995E-04   4.0577525E-04
   1.5420264E+03   2.2160000E+03   1.4370000E+03   3.8976610E-04   6.0105893E-04
   1.5420340E+03   2.2730000E+03   1.4400000E+03   4.3645639E-04   7.2474434E-04
   1.5420415E+03   2.1390000E+03   1.3800000E+03   2.3966130E-04   3.7147502E-04
   1.5420490E+03   2.3090000E+03   1.4640000E+03   5.2505220E-04   8.2349775E-04
   1.5420566E+03   2.2640000E+03   1.4400000E+03   1.7208438E-04   2.7055488E-04
   1.5420641E+03   2.2890000E+03   1.4830000E+03   2.6052472E-04   4.0211807E-04
   1.5420716E+03   2.2960000E+03   1.4350000E+03   1.6646099E-04   3.2055342E-04
   1.5420791E+03   2.3210000E+03   1.5100000E+03   6.7569268E-05   1.5865828E-04
   1.5420867E+03   2.2730000E+03   1.4690000E+03   3.8025567E-05   7.2405139E-05
   1.5420942E+03   2.3340000E+03   1.5120000E+03   1.2508390E-04   1.8342354E-04
   1.5421017E+03   2.2520000E+03   1.4240000E+03   1.4993758E-05   1.0414258E-05
   1.5421093E+03   2.3140000E+03   1.4800000E+03   9.2150186E-06   8.0345817E-06
   1.5421168E+03   2.2770000E+03   1.4140000E+03   1.7308462E-04   2.7155120E-04
   1.5421243E+03   2.1780000E+03   1.3870000E+03   2.1955752E-04   2.7506330E-04
   1.5421318E+03   2.1930000E+03   1.3660000E+03   1.3883184E-04   2.0239229E-04
   1.5421394E+03   2.2810000E+03   1.4560000E+03   6.7101265E-05   9.6364664E-05
   1.5421469E+03   2.2880000E+03   1.4420000E+03   3.5739372E-04   2.5167761E-04
   1.5421544E+03   2.2790000E+03   1.4380000E+03   2.5181779E-04   3.3699164E-04
   1.5421620E+03   2.1730000E+03   1.3890000E+03   3.4847974E-05   5.4517385E-05
   1.5421695E+03   2.2550000E+03   1.4310000E+03   1.4961776E-04   2.4920535E-04
   1.5421770E+03   2.3020000E+03   1.4750000E+03   7.5535998E-05   1.1788737E-04
   1.5421845E+03   2.1990000E+03   1.4070000E+03   7.5992608E-04   1.1081125E-03
   1.5421921E+03   2.1850000E+03   1.4100000E+03   1.6669006E-04   2.5658532E-04
   1.5421996E+03   2.2800000E+03   1.4550000E+03   9.3720353E-05   1.4686076E-04
   1.5422071E+03   2.2510000E+03   1.4380000E+03   6.6088707E-04   6.4266587E-04
   1.5422147E+03   2.3340000E+03   1.5190000E+03   4.2449856E-04   6.5225783E-04
   1.5422222E+03   2.2540000E+03   1.4740000E+03   1.1827293E-04   2.2361857E-04
   1.5422297E+03   2.2240000E+03   1.4350000E+03   4.5553474E-05   1.1231507E-04
   1.5422372E+03   2.2670000E+03   1.4420000E+03   7.6043658E-05   1.0895768E-04
   1.5422448E+03   2.3070000E+03   1.4700000E+03   3.5433427E-04   6.4729651E-04
   1.5422523E+03   2.2940000E+03   1.4870000E+03   2.0522760E-04   3.1660533E-04
   1.5422598E+03   2.3780000E+03   1.4970000E+03   1.8921469E-04   3.0056950E-04
   1.5422674E+03   2.2340000E+03   1.4290000E+03   9.0542052E-05   1.1096697E-04
   1.5422749E+03   2.3310000E+03   1.4940000E+03   3.0292592E-04   2.6386406E-04
   1.5422824E+03   2.2490000E+03   1.4260000E+03   2.9922794E-05   4.1620146E-05
   1.5422899E+03   2.2080000E+03   1.3910000E+03   6.0368437E-05   1.0702580E-04
   1.5422975E+03   2.2410000E+03   1.3990000E+03   8.9820097E-05   1.4387908E-04
   1.5423050E+03   2.2210000E+03   1.4240000E+03   7.2468439E-05   1.0353071E-09
   1.5423125E+03   2.2410000E+03   1.4280000E+03   2.1720993E-04   3.4087356E-04
   1.5423201E+03   2.2890000E+03   1.4640000E+03   2.0601102E-04   3.4085334E-04
   1.5423276E+03   2.2730000E+03   1.4650000E+03   3.0125831E-04   2.7723453E-04
   1.5423351E+03   2.3100000E+03   1.4480000E+03   1.1926975E-04   1.9027149E-04
   1.5423426E+03   2.2680000E+03   1.4560000E+03   1.8903577E-04   2.4874282E-04
   1.5423502E+03   2.2240000E+03   1.4310000E+03   1.0423238E-03   9.4199458E-04
   1.5423577E+03   2.2700000E+03   1.4630000E+03   3.0264606E-04   3.4271265E-04
   1.5423652E+03   2.1900000E+03   1.4060000E+03   3.4401829E-04   5.0298406E-04
   1.5423728E+03   2.2830000E+03   1.4350000E+03   2.4067333E-05   6.1100526E-05
   1.5423803E+03   2.3190000E+03   1.5070000E+03   4.6248679E-04   7.1168338E-04
   1.5423878E+03   2.2910000E+03   1.4260000E+03   1.2831194E-04   2.2484043E-04
   1.5423953E+03   2.2660000E+03   1.4690000E+03   1.6666277E-04   2.5900722E-04
   1.5424029E+03   2.3100000E+03   1.4590000E+03   1.0856500E-04   1.7234034E-04
   1.5424104E+03   2.3490000E+03   1.4710000E+03   9.6492441E-05   1.1413613E-04
   1.5424179E+03   2.3060000E+03   1.4700000E+03   2.9853530E-05   5.2822193E-05
   1.5424255E+03   2.2280000E+03   1.4350000E+03   4.8316753E-05   7.5017231E-05
   1.5424330E+03   2.2480000E+03   1.4480000E+03   1.8923075E-04   4.1325439E-04
   1.5424405E+03   2.3150000E+03   1.4160000E+03   1.4779343E-04   2.8021505E-04
   1.5424480E+03   2.3460000E+03   1.4950000E+03   1.1020588E-04   9.8426953E-05
   1.5424556E+03   2.3360000E+03   1.4900000E+03   3.1188829E-04   4.5906904E-04
   1.5424631E+03   2.2470000E+03   1.4590000E+03   5.4620704E-04   4.1865804E-04
   1.5424706E+03   2.2590000E+03   1.4450000E+03   3.9783229E-04   5.0706540E-04
   1.5424781E+03   2.2880000E+03   1.4970000E+03   5.1995631E-04   7.7822195E-04
   1.5424857E+03   2.2930000E+03   1.4920000E+03   3.1039902E-04   4.9395222E-04
   1.5424932E+03   2.3150000E+03   1.4980000E+03   3.3245214E-04   3.3660779E-04
   1.5425007E+03   2.2620000E+03   1.4400000E+03   5.4197404E-05   8.3191328E-05
   1.5425083E+03   2.3600000E+03   1.4560000E+03   5.3711822E-04   8.3616738E-04
   1.5425158E+03   2.2090000E+03   1.4000000E+03   8.4825409E-05   1.0125355E-04
   1.5425233E+03   2.3100000E+03   1.4800000E+03   9.6823587E-05   1.5112330E-04
   1.5425308E+03   2.2990000E+03   1.4460000E+03   1.7809999E-04   2.8587810E-04
   1.5425384E+03   2.3710000E+03   1.5220000E+03   1.8191417E-04   2.8338929E-04
   1.5425459E+03   2.3210000E+03   1.4940000E+03   7.2625319E-05   1.1282688E-04
   1.5425534E+03   2.3460000E+03   1.5060000E+03   4.2867921E-04   3.1783396E-04
   1.5425610E+03   2.2270000E+03   1.4380000E+03   2.0915144E-04   1.5902222E-04
   1.5425685E+03   2.3340000E+03   1.5150000E+03   3.3778408E-04   5.6165761E-04
   1.5425760E+03   2.3740000E+03   1.4980000E+03   7.8343666E-05   3.8002056E-05
   1.5425835E+03   2.3260000E+03   1.4760000E+03   1.2972005E-04   1.8336165E-04
   1.5425911E+03   2.3820000E+03   1.5010000E+03   4.4051218E-04   6.9906730E-04
   1.5425986E+03   2.3740000E+03   1.5170000E+03   3.4113405E-04   5.2148080E-04
   1.5426061E+03   2.2620000E+03   1.4530000E+03   1.2278217E-04   8.4586284E-05
   1.5426137E+03   2.2460000E+03   1.4080000E+03   4.0730412E-04   6.5094977E-04
   1.5426212E+03   2.3470000E+03   1.5040000E+03   2.6207168E-05   3.1906549E-05
   1.5426287E+03   2.3110000E+03   1.4770000E+03   4.3635893E-04   6.8275206E-04
   1.5426362E+03   2.3470000E+03   1.5110000E+03   1.6010012E-04   2.3245588E-04
   1.5426438E+03   2.2930000E+03   1.4340000E+03   2.6973790E-04   3.8710975E-04
   1.5426513E+03   2.3060000E+03   1.4980000E+03   4.1981844E-04   6.4917041E-04
   1.5426588E+03   2.3360000E+03   1.5120000E+03   6.1349843E-04   8.6210357E-04
   1.5426664E+03   2.3660000E+03   1.5270000E+03   3.8466497E-04   5.9962285E-04
   1.5426739E+03   2.4020000E+03   1.5070000E+03   3.3545910E-04   6.4182363E-04
   1.5426814E+03   2.3210000E+03   1.4940000E+03   7.5632693E-04   1.1609017E-03
   1.5426889E+03   2.3290000E+03   1.5190000E+03   2.0918415E-04   3.5233681E-04
   1.5426965E+03   2.3200000E+03   1.4830000E+03   8.6551425E-05   1.3540075E-04
   1.5427040E+03   2.3600000E+03   1.5230000E+03   9.7187814E-04   1.5066461E-03
   1.5427115E+03   2.3720000E+03   1.5410000E+03   4.0210792E-04   4.0668458E-04
   1.5427191E+03   2.3860000E+03   1.5420000E+03   3.2827991E-04   1.0534283E-04
   1.5427266E+03   2.2920000E+03   1.4640000E+03   4.0786021E-04   6.4369641E-04
   1.5427341E+03   2.3550000E+03   1.5220000E+03   6.6305507E-04   5.5305929E-04
   1.5427416E+03   2.3090000E+03   1.4710000E+03   5.5544274E-04   8.3518575E-04
   1.5427492E+03   2.3260000E+03   1.4580000E+03   2.7038992E-05   2.0031990E-05
   1.5427567E+03   2.3640000E+03   1.5020000E+03   2.1849508E-04   3.4353662E-04
   1.5427642E+03   2.2710000E+03   1.4340000E+03   1.5672824E-04   2.7274389E-04
   1.5427718E+03   2.3380000E+03   1.4990000E+03   5.2789935E-04   7.4828130E-04
   1.5427793E+03   2.3190000E+03   1.4930000E+03   1.5511662E-04   2.3555576E-04
   1.5427868E+03   2.3370000E+03   1.5050000E+03   1.7820943E-04   3.7785712E-04
   1.5427943E+03   2.4050000E+03   1.5260000E+03   6.6607126E-05   1.0683431E-04
   1.5428019E+03   2.2860000E+03   1.4480000E+03   2.2781471E-04   3.3347301E-04
   1.5428094E+03   2.2700000E+03   1.4650000E+03   9.5344962E-05   2.4046176E-04
   1.5428169E+03   2.3170000E+03   1.4900000E+03   3.8001816E-04   5.9094099E-04
   1.5428245E+03   2.3710000E+03   1.5180000E+03   4.0931476E-04   6.2030113E-04
   1.5428320E+03   2.3270000E+03   1.5100000E+03   2.0154876E-04   3.7787703E-04
   1.5428395E+03   2.3840000E+03   1.5460000E+03   3.3325546E-04   5.1389458E-04
   1.5428470E+03   2.4300000E+03   1.5850000E+03   2.3641294E-04   2.4495848E-04
   1.5428546E+03   2.1940000E+03   1.4480000E+03   4.7296708E-04   4.4437198E-04
   1.5428621E+03   2.2780000E+03   1.4640000E+03   6.4398723E-04   6.0002881E-04
   1.5428696E+03   2.2820000E+03   1.4900000E+03   6.0459500E-04   9.5701570E-04
   1.5428772E+03   2.2950000E+03   1.4890000E+03   5.4756592E-04   6.7680146E-04
   1.5428847E+03   2.3240000E+03   1.5120000E+03   4.6490958E-04   7.4487089E-04
   1.5428922E+03   2.3010000E+03   1.5480000E+03   5.5054827E-04   4.4141268E-04
   1.5428997E+03   2.3080000E+03   1.5050000E+03   2.4200566E-04   1.4137473E-04
   1.5429073E+03   2.3020000E+03   1.5760000E+03   1.7208677E-04   9.0868715E-05
   1.5429148E+03   2.2700000E+03   1.5720000E+03   5.1083859E-04   4.5777361E-04
   1.5429223E+03   2.2080000E+03   1.5110000E+03   1.4500766E-04   1.4099176E-04
   1.5429298E+03   2.1920000E+03   1.5120000E+03   8.7346805E-04   8.1749324E-04
   1.5429374E+03   2.2490000E+03   1.5790000E+03   2.4668818E-04   3.7058614E-04
   1.5429449E+03   2.1630000E+03   1.4750000E+03   3.5599089E-04   4.8464371E-04
   1.5429524E+03   2.2200000E+03   1.5600000E+03   9.8518508E-04   8.0114985E-04
   1.5429600E+03   2.1020000E+03   1.4770000E+03   5.7569721E-04   4.2911035E-04
   1.5429675E+03   2.1270000E+03   1.5310000E+03   2.7284598E-04   1.3083427E-04
   1.5429750E+03   2.0780000E+03   1.5000000E+03   3.6593451E-04   1.7334025E-04
   1.5429825E+03   2.0300000E+03   1.5190000E+03   5.4375145E-04   1.3155387E-04
   1.5429901E+03   2.0660000E+03   1.5140000E+03   5.9975775E-04   2.7388461E-04
   1.5429976E+03   1.9920000E+03   1.5250000E+03   4.2190306E-04   4.5649407E-04
   1.5430051E+03   1.9420000E+03   1.4820000E+03   5.3083663E-04   1.4915120E-04
   1.5430127E+03   1.9590000E+03   1.5320000E+03   1.3811034E-03   1.5460403E-03
   1.5430202E+03   1.9500000E+03   1.5640000E+03   3.4404106E-04   2.0518458E-04
   1.5430277E+03   1.8100000E+03   1.4690000E+03   1.7489907E-04   5.4523425E-04
   1.5430352E+03   1.8410000E+03   1.4740000E+03   1.2619053E-03   8.9748498E-04
   1.5430428E+03   1.8000000E+03   1.4770000E+03   7.9098575E-04   2.6789492E-04
   1.5430503E+03   1.7750000E+03   1.4550000E+03   6.0639860E-04   1.4930722E-04
   1.5430578E+03   1.7370000E+03   1.4500000E+03   7.5750810E-04   2.6849218E-04
   1.5430654E+03   1.6930000E+03   1.4570000E+03   5.8190315E-04   4.5994904E-04
   1.5430729E+03   1.7070000E+03   1.4840000E+03   5.9664814E-04   2.9444173E-04
   1.5430804E+03   1.7300000E+03   1.5180000E+03   2.0524508E-04   3.1530998E-04
   1.5430879E+03   1.6990000E+03   1.5410000E+03   3.3072012E-04   3.1657934E-04
   1.5430955E+03   1.6520000E+03   1.4790000E+03   1.6051387E-03   5.0819380E-04
   1.5431030E+03   1.6180000E+03   1.4770000E+03   6.2778493E-04   2.8897486E-04
   1.5431105E+03   1.5920000E+03   1.4640000E+03   1.0331857E-03   6.8467172E-04
   1.5431181E+03   1.6390000E+03   1.5160000E+03   8.1771105E-04   1.5857349E-04
   1.5431256E+03   1.5480000E+03   1.4600000E+03   5.3452851E-04   3.9538953E-04
   1.5431331E+03   1.5590000E+03   1.4830000E+03   8.3541688E-04   2.8888364E-04
   1.5431406E+03   1.5470000E+03   1.4690000E+03   1.2555030E-03   4.4430612E-04
   1.5431482E+03   1.5810000E+03   1.5180000E+03   8.2312252E-04   3.3794378E-04
   1.5431557E+03   1.4690000E+03   1.4210000E+03   1.1816902E-03   2.2193012E-04
   1.5431632E+03   1.3650000E+03   1.3320000E+03   2.3026614E-03   7.3402906E-04
   1.5431708E+03   1.3970000E+03   1.3630000E+03   1.2320633E-03   1.4685172E-03
   1.5431783E+03   1.4190000E+03   1.3950000E+03   2.1479720E-04   2.0238368E-04
   1.5431858E+03   1.3760000E+03   1.3510000E+03   8.7527266E-04   6.1002756E-04
   1.5431933E+03   1.3420000E+03   1.3270000E+03   1.1351895E-03   6.4811519E-04
   1.5432009E+03   1.2730000E+03   1.2550000E+03   4.6817818E-04   3.2419000E-04
   1.5432084E+03   1.2920000E+03   1.2770000E+03   1.2479321E-03   1.4603642E-03
   1.5432159E+03   1.2450000E+03   1.2340000E+03   1.0649927E-03   4.2284166E-04
   1.5432235E+03   1.1760000E+03   1.1550000E+03   5.7999530E-05   1.4017671E-03
   1.5432310E+03   1.1770000E+03   1.1620000E+03   2.3165956E-04   5.3063706E-04
   1.5432385E+03   1.1540000E+03   1.1420000E+03   6.5177105E-04   4.0286759E-04
   1.5432460E+03   1.1780000E+03   1.1640000E+03   1.6022062E-03   2.1618634E-03
   1.5432536E+03   1.1450000E+03   1.1310000E+03   1.3987063E-03   9.5681384E-04
   1.5432611E+03   1.1630000E+03   1.1470000E+03   1.8731149E-03   1.2558287E-03
   1.5432686E+03   1.0720000E+03   1.0530000E+03   1.3517979E-03   1.0228308E-03
   1.5432762E+03   1.0190000E+03   1.0050000E+03   1.5386042E-03   8.3954704E-04
   1.5432837E+03   9.9500000E+02   9.8100000E+02   1.8781384E-03   1.6930335E-04
   1.5432912E+03   1.0640000E+03   1.0530000E+03   1.8540461E-03   6.5646622E-04
   1.5432987E+03   1.0150000E+03   1.0020000E+03   2.5642272E-03   1.9358406E-03
   1.5433063E+03   1.0070000E+03   9.9400000E+02   1.0526546E-03   1.0381312E-03
   1.5433138E+03   9.7600000E+02   9.5700000E+02   2.4861190E-03   4.0779676E-04
   1.5433213E+03   9.0200000E+02   8.9200000E+02   6.7886010E-04   6.5163408E-04
   1.5433289E+03   9.0900000E+02   8.9900000E+02   1.3562299E-03   1.1442114E-03
   1.5433364E+03   9.5600000E+02   9.4200000E+02   8.5862859E-04   1.6764724E-03
   1.5433439E+03   8.4700000E+02   8.3400000E+02   2.1774268E-03   1.0468250E-03
   1.5433514E+03   8.8600000E+02   8.7100000E+02   2.4328139E-03   2.1273685E-03
   1.5433590E+03   8.8100000E+02   8.7200000E+02   1.1106904E-03   1.6218148E-03
   1.5433665E+03   8.4200000E+02   8.3300000E+02   1.4390339E-03   1.3735688E-03
   1.5433740E+03   8.0900000E+02   7.9300000E+02   7.3395374E-04   2.3508658E-03
   1.5433815E+03   7.8700000E+02   7.6900000E+02   2.4463699E-03   1.1452672E-03
   1.5433891E+03   7.6600000E+02   7.5100000E+02   3.6383752E-03   2.4737932E-03
   1.5433966E+03   7.5300000E+02   7.3400000E+02   3.5262386E-03   2.5343690E-03
   1.5434041E+03   6.9800000E+02   6.8800000E+02   1.0513466E-03   1.2028765E-03
   1.5434117E+03   7.0100000E+02   6.7900000E+02   2.3589637E-03   1.9541825E-03
   1.5434192E+03   6.4600000E+02   6.1900000E+02   1.7070035E-03   1.1216519E-03
   1.5434267E+03   6.4600000E+02   6.2700000E+02   1.2819965E-03   1.1079978E-03
   1.5434342E+03   6.4800000E+02   6.3000000E+02   3.3014552E-03   4.3635148E-03
   1.5434418E+03   6.4400000E+02   6.1700000E+02   4.9640635E-03   1.6724676E-03
   1.5434493E+03   6.1300000E+02   5.9700000E+02   6.3118614E-03   4.3830160E-03
   1.5434568E+03   5.6800000E+02   5.4900000E+02   3.3251599E-03   2.1094178E-03
   1.5434644E+03   5.8400000E+02   5.6600000E+02   1.8679559E-03   2.6605429E-03
   1.5434719E+03   5.9000000E+02   5.6900000E+02   1.0490190E-02   8.4004911E-03
   1.5434794E+03   5.2400000E+02   5.0900000E+02   6.3781681E-04   1.2310790E-03
   1.5434869E+03   5.3600000E+02   5.1600000E+02   5.6574528E-03   3.4645430E-03
   1.5434945E+03   4.4800000E+02   4.3200000E+02   1.1320727E-03   5.1818985E-03
   1.5435020E+03   4.6600000E+02   4.4200000E+02   6.1358064E-03   8.5940334E-03
   1.5435095E+03   4.8400000E+02   4.5600000E+02   4.0837115E-03   2.9829220E-03
   1.5435171E+03   4.4700000E+02   4.1300000E+02   7.1258811E-03   4.9359431E-03
   1.5435246E+03   4.4000000E+02   4.0600000E+02   1.3013914E-02   7.9173785E-03
   1.5435321E+03   4.1000000E+02   3.7700000E+02   1.4312323E-02   1.1418312E-02
   1.5435396E+03   4.0600000E+02   3.7600000E+02   4.5444044E-03   3.2165865E-03
   1.5435472E+03   3.6200000E+02   3.3200000E+02   5.4473350E-03   7.9322143E-03
   1.5435547E+03   3.8800000E+02   3.5400000E+02   9.3318009E-03   1.0491319E-02
   1.5435622E+03   3.3700000E+02   2.9100000E+02   8.3363202E-03   3.4197619E-03
   1.5435698E+03   3.7000000E+02   3.2700000E+02   1.0857106E-02   8.2856653E-03
   1.5435773E+03   3.6000000E+02   3.2400000E+02   2.0571590E-03   4.1351706E-03
   1.5435848E+03   3.2900000E+02   2.9400000E+02   4.3902385E-03   2.1481264E-03
   1.5435923E+03   3.2300000E+02   2.8400000E+02   7.6819126E-03   1.3371688E-02
   1.5435999E+03   3.3000000E+02   2.8300000E+02   8.2986213E-03   5.2813529E-03
   1.5436074E+03   3.2500000E+02   2.8800000E+02   2.0693734E-02   1.3940377E-02
   1.5436149E+03   3.2100000E+02   2.7300000E+02   2.4839922E-03   5.8197596E-03
   1.5436225E+03   2.7000000E+02   2.3700000E+02   6.3226595E-03   7.3210061E-03
   1.5436300E+03   2.8800000E+02   2.5100000E+02   1.6144648E-02   1.6646647E-02
   1.5436375E+03   2.7000000E+02   2.3300000E+02   6.5668694E-03   3.7801548E-03
   1.5436450E+03   2.7900000E+02   2.2700000E+02   6.4713711E-03   8.1261636E-03
   1.5436526E+03   2.8500000E+02   2.2300000E+02   1.3158531E-02   1.0226452E-02
   1.5436601E+03   2.8400000E+02   2.5000000E+02   2.7391882E-03   3.1734632E-03
   1.5436676E+03   2.7300000E+02   2.2700000E+02   7.5688009E-03   6.0730610E-03
   1.5436752E+03   2.8000000E+02   2.3500000E+02   8.0339033E-03   1.0746481E-02
   1.5436827E+03   2.5400000E+02   2.1200000E+02   2.0678664E-02   1.0909716E-02
   1.5436902E+03   2.4400000E+02   2.0400000E+02   1.5040039E-02   4.4273489E-03
   1.5436977E+03   2.7100000E+02   2.1700000E+02   2.3146623E-02   1.9332762E-02
   1.5437053E+03   2.7100000E+02   2.2100000E+02   1.3738042E-02   1.4453285E-02
   1.5437128E+03   2.8100000E+02   2.2600000E+02   1.2902143E-02   5.8108011E-03
   1.5437203E+03   3.1300000E+02   2.5900000E+02   7.5302461E-03   5.2327136E-03
   1.5437279E+03   2.6800000E+02   2.1400000E+02   1.1100450E-03   3.5618871E-03
   1.5437354E+03   2.5100000E+02   2.0200000E+02   8.2303920E-03   1.7178017E-02
   1.5437429E+03   2.4900000E+02   1.9100000E+02   1.4747631E-02   7.2720603E-03
   1.5437504E+03   2.9300000E+02   2.2300000E+02   9.4782347E-03   1.4373692E-02
   1.5437580E+03   2.8700000E+02   2.2200000E+02   4.1553287E-03   1.7199585E-03
   1.5437655E+03   2.6500000E+02   2.0900000E+02   1.7861047E-02   1.0905189E-02
   1.5437730E+03   2.9100000E+02   2.2700000E+02   3.8069275E-04   1.0120636E-02
   1.5437806E+03   2.9700000E+02   2.3100000E+02   9.8187471E-03   6.3373305E-03
   1.5437881E+03   2.4200000E+02   1.8900000E+02   1.7872106E-02   9.2283519E-03
   1.5437956E+03   3.0000000E+02   2.4700000E+02   1.7926362E-02   1.5651296E-02
   1.5438031E+03   2.6700000E+02   2.0400000E+02   1.2051298E-02   1.2912531E-02
   1.5438107E+03   2.6800000E+02   2.1600000E+02   1.4132230E-02   1.9400411E-02
   1.5438182E+03   2.7900000E+02   2.1200000E+02   1.3809463E-02   1.4813050E-02
   1.5438257E+03   2.7000000E+02   1.9200000E+02   5.6199432E-03   1.9646767E-02
   1.5438332E+03   2.6400000E+02   2.1600000E+02   7.2953166E-03   5.6848421E-03
   1.5438408E+03   2.7600000E+02   2.1400000E+02   1.2085060E-02   8.2419385E-03
   1.5438483E+03   3.2000000E+02   2.3700000E+02   5.5559444E-03   1.4914593E-02
   1.5438558E+03   2.9400000E+02   2.0600000E+02   1.4728165E-03   5.4249430E-03
   1.5438634E+03   3.0900000E+02   2.4500000E+02   1.7941069E-02   2.8514905E-02
   1.5438709E+03   3.1000000E+02   2.2400000E+02   7.9319741E-03   1.4062191E-02
   1.5438784E+03   3.0700000E+02   2.2600000E+02   1.0049378E-02   6.3325306E-03
   1.5438859E+03   2.8300000E+02   2.1200000E+02   7.2115111E-03   6.7678452E-03
   1.5438935E+03   2.8000000E+02   2.1400000E+02   9.0540026E-03   1.6935581E-02
   1.5439010E+03   2.9900000E+02   2.3300000E+02   7.4573327E-03   5.8476850E-03
   1.5439085E+03   3.1900000E+02   2.4300000E+02   1.0897271E-02   8.7682709E-03
   1.5439161E+03   2.7800000E+02   2.1800000E+02   1.2960738E-02   1.4960647E-02
   1.5439236E+03   3.2300000E+02   2.4100000E+02   1.9648931E-02   2.0182579E-02
   1.5439311E+03   3.3100000E+02   2.4500000E+02   1.9336418E-02   1.1067995E-02
   1.5439386E+03   3.4300000E+02   2.5900000E+02   6.4017069E-03   1.7218169E-02
   1.5439462E+03   3.0600000E+02   2.3200000E+02   6.0577872E-03   1.2506840E-02
   1.5439537E+03   3.2800000E+02   2.5600000E+02   8.6286992E-03   8.6879525E-03
   1.5439612E+03   2.9500000E+02   2.1600000E+02   1.7678922E-02   1.6226443E-02
   1.5439688E+03   2.8300000E+02   2.1800000E+02   1.2801675E-02   1.0630125E-02
   1.5439763E+03   3.5000000E+02   2.6700000E+02   1.2031323E-02   1.8234944E-02
   1.5439838E+03   3.3500000E+02   2.5400000E+02   6.4160494E-03   6.4745458E-03
   1.5439913E+03   3.4100000E+02   2.5800000E+02   1.7862553E-02   5.3659265E-03
   1.5439989E+03   3.4300000E+02   2.5900000E+02   9.3476656E-03   7.0791295E-03
   1.5440064E+03   3.1200000E+02   2.3200000E+02   1.7672034E-02   4.0496068E-03
   1.5440139E+03   3.5700000E+02   2.8200000E+02   9.7599045E-03   1.4991171E-02
   1.5440215E+03   3.2600000E+02   2.4000000E+02   2.1931296E-02   3.2449718E-02
   1.5440290E+03   3.0400000E+02   2.4300000E+02   1.5422359E-02   2.0045296E-02
   1.5440365E+03   3.5300000E+02   2.6400000E+02   3.7505273E-03   4.2854217E-03
   1.5440440E+03   3.3900000E+02   2.4900000E+02   2.7103845E-03   5.8560503E-03
   1.5440516E+03   3.4600000E+02   2.5500000E+02   1.7937350E-02   9.2939379E-03
   1.5440591E+03   3.2600000E+02   2.6900000E+02   4.1256785E-03   1.2705874E-02
   1.5440666E+03   3.2100000E+02   2.5300000E+02   1.5740103E-02   1.2263388E-02
   1.5440742E+03   3.5900000E+02   2.6300000E+02   1.0343183E-02   1.1533386E-02
   1.5440817E+03   3.4600000E+02   2.6900000E+02   2.7301920E-03   8.9760828E-03
   1.5440892E+03   3.4500000E+02   2.6100000E+02   1.0416132E-02   1.4010393E-02
   1.5440967E+03   3.5200000E+02   2.5100000E+02   1.5426617E-02   6.8275648E-03
   1.5441043E+03   3.6000000E+02   2.8000000E+02   1.4882657E-02   8.2196871E-03
   1.5441118E+03   3.6400000E+02   2.6700000E+02   1.8852343E-02   1.7150625E-02
   1.5441193E+03   3.8800000E+02   2.9100000E+02   1.4903993E-02   8.4852455E-03
   1.5441269E+03   3.6400000E+02   2.7700000E+02   1.9294719E-02   1.7229463E-02
   1.5441344E+03   4.2400000E+02   3.0800000E+02   6.5797056E-03   1.1074827E-02
   1.5441419E+03   3.5300000E+02   2.7100000E+02   7.1267712E-03   1.6958355E-02
   1.5441494E+03   3.6200000E+02   2.7800000E+02   1.4638760E-02   6.7314178E-03
   1.5441570E+03   3.9900000E+02   3.1100000E+02   1.1592392E-02   1.2842972E-02
   1.5441645E+03   3.2300000E+02   2.4200000E+02   5.8982421E-03   8.7997841E-03
   1.5441720E+03   3.4600000E+02   2.6600000E+02   2.8840734E-02   2.6151702E-02
   1.5441796E+03   4.0100000E+02   3.0700000E+02   3.5110567E-03   5.5034696E-03
   1.5441871E+03   3.9600000E+02   3.0500000E+02   1.6375738E-02   1.7265029E-02
   1.5441946E+03   3.6600000E+02   2.8100000E+02   1.3201260E-02   5.1420194E-03
   1.5442021E+03   4.0800000E+02   3.1600000E+02   1.6706096E-02   2.4334473E-02
   1.5442097E+03   3.6200000E+02   2.7200000E+02   2.9630164E-02   2.3585350E-02
   1.5442172E+03   3.8200000E+02   2.9800000E+02   1.6181766E-02   2.0518228E-02
   1.5442247E+03   3.5500000E+02   2.8600000E+02   2.0317222E-02   1.6251008E-02
   1.5442323E+03   3.9800000E+02   2.9900000E+02   1.9574760E-02   9.1628365E-03
   1.5442398E+03   3.7100000E+02   2.8100000E+02   1.9221024E-02   1.7438716E-02
   1.5442473E+03   3.8100000E+02   2.8800000E+02   9.7663357E-03   7.1042886E-03
   1.5442548E+03   3.8900000E+02   2.9600000E+02   8.5476919E-03   1.3714640E-02
   1.5442624E+03   3.7900000E+02   2.9700000E+02   9.7727600E-03   1.5311290E-02
   1.5442699E+03   3.5700000E+02   2.6000000E+02   6.1166395E-03   1.1420081E-02
   1.5442774E+03   3.9700000E+02   3.1000000E+02   1.2862641E-02   1.4966269E-02
   1.5442849E+03   3.8400000E+02   3.0100000E+02   8.2358732E-03   1.4700139E-02
   1.5442925E+03   3.7800000E+02   2.9000000E+02   8.0760424E-03   8.7226730E-03
   1.5443000E+03   4.2000000E+02   3.0700000E+02   1.9619583E-02   8.9175839E-03
   1.5443075E+03   4.1300000E+02   3.1400000E+02   2.2179727E-02   3.0880825E-02
   1.5443151E+03   3.9600000E+02   3.0300000E+02   4.4595000E-03   9.5293170E-04
   1.5443226E+03   4.3800000E+02   3.3900000E+02   2.5881514E-02   3.3921367E-02
   1.5443301E+03   4.4700000E+02   3.3000000E+02   4.2553472E-03   1.1241744E-02
   1.5443376E+03   4.1000000E+02   3.1800000E+02   9.9437010E-03   1.2674349E-02
   1.5443452E+03   4.2000000E+02   3.1900000E+02   8.1378928E-03   7.4757400E-03
   1.5443527E+03   4.2100000E+02   3.2700000E+02   3.5687649E-03   1.1658243E-02
   1.5443602E+03   4.1400000E+02   3.3800000E+02   2.5610842E-02   1.4917373E-02
   1.5443678E+03   4.3000000E+02   3.3600000E+02   1.2154505E-02   9.2855439E-03
   1.5443753E+03   4.5500000E+02   3.5100000E+02   1.4089257E-02   1.5448270E-02
   1.5443828E+03   4.3100000E+02   3.2800000E+02   1.3308796E-02   1.8460336E-02
   1.5443903E+03   4.1200000E+02   3.2600000E+02   1.0233738E-02   8.9853537E-03
   1.5443979E+03   4.2800000E+02   3.3800000E+02   1.9558667E-02   2.3375597E-02
   1.5444054E+03   4.0400000E+02   3.0000000E+02   6.4696268E-03   1.1099131E-02
   1.5444129E+03   4.3700000E+02   3.5500000E+02   2.0099425E-02   1.0825710E-02
   1.5444205E+03   4.3200000E+02   3.3300000E+02   1.8836898E-02   8.2379075E-03
   1.5444280E+03   4.1000000E+02   3.0400000E+02   3.0446567E-03   8.0054883E-03
   1.5444355E+03   4.6300000E+02   3.6100000E+02   1.4042345E-02   1.5044059E-02
   1.5444430E+03   4.3800000E+02   3.4700000E+02   1.4445273E-02   1.2807834E-02
   1.5444506E+03   4.2100000E+02   3.2400000E+02   1.4840982E-02   1.2361147E-02
   1.5444581E+03   4.4300000E+02   3.5400000E+02   8.0937201E-03   5.6504157E-03
   1.5444656E+03   4.4100000E+02   3.3400000E+02   7.8128746E-03   6.6311006E-03
   1.5444732E+03   4.7700000E+02   3.8100000E+02   1.0680646E-02   1.4214947E-02
   1.5444807E+03   4.8700000E+02   3.8100000E+02   5.6154175E-03   7.7798661E-03
   1.5444882E+03   4.8400000E+02   3.7800000E+02   1.2103605E-02   1.5610117E-02
   1.5444957E+03   4.4600000E+02   3.4300000E+02   3.4021547E-03   6.4015757E-03
   1.5445033E+03   4.7800000E+02   3.7100000E+02   6.1468647E-03   6.4458004E-03
   1.5445108E+03   4.6700000E+02   3.7200000E+02   9.3637360E-03   1.3174033E-02
   1.5445183E+03   4.6600000E+02   3.6400000E+02   6.6791468E-03   1.5554849E-02
   1.5445259E+03   4.1900000E+02   3.4300000E+02   9.9421804E-03   7.0283440E-03
   1.5445334E+03   4.8900000E+02   3.7500000E+02   2.0704490E-02   1.5252146E-02
   1.5445409E+03   4.8100000E+02   3.6300000E+02   6.9155055E-03   9.2901368E-03
   1.5445484E+03   5.2200000E+02   4.1000000E+02   1.0549603E-02   9.9458252E-03
   1.5445560E+03   4.7100000E+02   3.5800000E+02   1.6182993E-02   1.3055408E-02
   1.5445635E+03   5.2900000E+02   4.1100000E+02   1.2100508E-02   1.6243263E-02
   1.5445710E+03   4.7600000E+02   3.7400000E+02   1.4575279E-02   1.6451311E-02
   1.5445786E+03   4.8100000E+02   3.8000000E+02   8.1097536E-03   9.6365020E-03
   1.5445861E+03   4.9300000E+02   3.9600000E+02   5.3562782E-03   6.5216509E-03
   1.5445936E+03   4.7500000E+02   3.7900000E+02   1.3596826E-02   1.0050976E-02
   1.5446011E+03   4.7600000E+02   3.7700000E+02   8.2856722E-03   9.2690544E-03
   1.5446087E+03   4.6600000E+02   3.6200000E+02   1.5288006E-02   2.0793329E-02
   1.5446162E+03   4.7400000E+02   3.7500000E+02   1.2733989E-02   7.4551110E-03
   1.5446237E+03   4.9000000E+02   3.8000000E+02   1.1615213E-02   1.0327285E-02
   1.5446313E+03   4.7900000E+02   3.6800000E+02   1.8135038E-03   4.1989454E-03
   1.5446388E+03   5.3300000E+02   4.2300000E+02   6.4104295E-03   1.4376154E-02
   1.5446463E+03   4.9700000E+02   3.9300000E+02   1.2925982E-02   1.5985777E-02
   1.5446538E+03   5.2600000E+02   4.0700000E+02   1.7928997E-02   1.9426482E-02
   1.5446614E+03   5.0700000E+02   3.9600000E+02   2.0597407E-02   1.4359804E-02
   1.5446689E+03   5.2300000E+02   3.8600000E+02   1.7936220E-02   1.5597808E-02
   1.5446764E+03   5.2000000E+02   3.9800000E+02   9.5695467E-03   6.6972615E-03
   1.5446840E+03   5.1700000E+02   4.0200000E+02   6.3247527E-03   7.4600044E-03
   1.5446915E+03   5.3100000E+02   4.2600000E+02   1.1533239E-02   5.1543301E-03
   1.5446990E+03   5.0800000E+02   3.9100000E+02   1.4125174E-02   2.1848143E-02
   1.5447065E+03   5.6600000E+02   4.6100000E+02   1.7021293E-02   1.1746326E-02
   1.5447141E+03   5.2100000E+02   4.1800000E+02   7.5148856E-03   1.7196512E-02
   1.5447216E+03   5.3800000E+02   4.2800000E+02   1.2526166E-02   2.1561290E-02
   1.5447291E+03   5.0700000E+02   3.9600000E+02   1.1831525E-02   1.1420132E-02
   1.5447366E+03   5.4400000E+02   4.2700000E+02   1.1027657E-02   6.2258310E-03
   1.5447442E+03   5.4800000E+02   4.4500000E+02   1.6454867E-02   1.6229179E-02
   1.5447517E+03   5.5700000E+02   4.3800000E+02   9.2936973E-03   3.6189734E-03
   1.5447592E+03   5.2400000E+02   4.2100000E+02   1.7925506E-02   1.1891655E-02
   1.5447668E+03   5.7900000E+02   4.6700000E+02   1.0969044E-02   4.0200904E-03
   1.5447743E+03   5.6300000E+02   4.6000000E+02   1.8871170E-02   1.4926906E-02
   1.5447818E+03   5.3500000E+02   4.0600000E+02   7.6573310E-03   9.1823242E-03
   1.5447893E+03   5.6000000E+02   4.3100000E+02   1.6876088E-03   3.9399478E-03
   1.5447969E+03   5.7600000E+02   4.6000000E+02   1.0328949E-02   9.6426057E-03
   1.5448044E+03   5.8100000E+02   4.6300000E+02   7.0176493E-03   7.8700565E-03
   1.5448119E+03   5.7700000E+02   4.4800000E+02   4.4965482E-03   9.6167564E-03
   1.5448195E+03   5.6600000E+02   4.4900000E+02   2.2154959E-02   1.7232133E-02
   1.5448270E+03   5.5900000E+02   4.4200000E+02   1.0897382E-02   1.8466458E-02
   1.5448345E+03   5.7500000E+02   4.5500000E+02   1.1084852E-02   1.0154364E-02
   1.5448420E+03   5.1400000E+02   4.1900000E+02   1.3193166E-02   4.6560202E-03
   1.5448496E+03   5.2400000E+02   4.0200000E+02   1.3153574E-03   2.7801319E-03
   1.5448571E+03   5.8300000E+02   4.5600000E+02   5.1939171E-03   6.3155382E-03
   1.5448646E+03   6.1200000E+02   4.7800000E+02   8.9371766E-03   8.2474537E-03
   1.5448722E+03   5.4400000E+02   4.1500000E+02   1.6484261E-02   1.7926032E-02
   1.5448797E+03   6.0200000E+02   4.8700000E+02   1.3943095E-02   1.9474858E-02
   1.5448872E+03   5.9100000E+02   4.6200000E+02   5.0908674E-03   6.5101450E-03
   1.5448947E+03   5.7300000E+02   4.6700000E+02   1.3142425E-02   5.5738913E-03
   1.5449023E+03   5.7600000E+02   4.6200000E+02   1.3010837E-02   1.1698558E-02
   1.5449098E+03   6.4200000E+02   5.0500000E+02   6.5504165E-03   2.7304140E-03
   1.5449173E+03   6.3400000E+02   5.0800000E+02   1.6966660E-02   9.0892817E-03
   1.5449249E+03   5.8900000E+02   4.6900000E+02   1.0176878E-02   1.2256040E-02
   1.5449324E+03   6.1500000E+02   4.9200000E+02   6.4958646E-03   9.1356001E-03
   1.5449399E+03   6.1600000E+02   4.8000000E+02   1.6616987E-02   2.1051728E-02
   1.5449474E+03   5.6900000E+02   4.6100000E+02   1.9005495E-02   1.8479100E-02
   1.5449550E+03   6.0900000E+02   4.9100000E+02   7.0962091E-03   1.6207706E-02
   1.5449625E+03   5.8900000E+02   4.6400000E+02   5.2093990E-03   4.7466266E-03
   1.5449700E+03   5.5200000E+02   4.4100000E+02   5.1469280E-03   1.3041419E-02
   1.5449776E+03   6.1200000E+02   4.8500000E+02   9.0458521E-03   1.1744224E-02
   1.5449851E+03   6.3800000E+02   4.9500000E+02   9.4534834E-03   6.4377105E-03
   1.5449926E+03   6.4000000E+02   5.0200000E+02   7.7695496E-03   2.4534767E-03
   1.5450001E+03   6.4900000E+02   5.2600000E+02   1.4161546E-02   1.3270978E-02
   1.5450077E+03   6.1700000E+02   4.8800000E+02   3.9304276E-03   1.3301755E-02
   1.5450152E+03   6.4800000E+02   5.1200000E+02   1.1364541E-03   6.9493792E-03
   1.5450227E+03   6.3800000E+02   5.0500000E+02   1.7602268E-02   1.8336271E-02
   1.5450303E+03   6.3100000E+02   5.0300000E+02   1.3067198E-02   1.4255160E-02
   1.5450378E+03   6.1100000E+02   4.7600000E+02   4.5416326E-03   1.4938671E-02
   1.5450453E+03   6.3600000E+02   5.1500000E+02   1.2508466E-02   1.6028043E-02
   1.5450528E+03   6.5400000E+02   5.2700000E+02   1.7364677E-02   1.6755397E-02
   1.5450604E+03   6.4400000E+02   5.1300000E+02   2.4421230E-03   8.9468322E-03
   1.5450679E+03   6.7600000E+02   5.2100000E+02   7.5532342E-03   7.6662595E-03
   1.5450754E+03   6.7200000E+02   5.3300000E+02   7.1640349E-03   2.0272957E-03
   1.5450830E+03   6.5600000E+02   5.2600000E+02   2.2529370E-02   2.7169502E-02
   1.5450905E+03   6.1300000E+02   4.6500000E+02   1.6321403E-02   1.0744226E-02
   1.5450980E+03   7.0700000E+02   5.5400000E+02   2.9212133E-03   6.7848726E-03
   1.5451055E+03   6.7100000E+02   5.3500000E+02   6.7016193E-03   8.7470977E-03
   1.5451131E+03   6.7400000E+02   5.3000000E+02   2.7485911E-03   1.3073650E-02
   1.5451206E+03   7.1400000E+02   5.9000000E+02   1.1106161E-02   6.1748302E-03
   1.5451281E+03   6.8200000E+02   5.5600000E+02   1.1830916E-02   8.8016937E-03
   1.5451357E+03   6.8200000E+02   5.4200000E+02   1.1455519E-02   9.4808633E-03
   1.5451432E+03   6.2800000E+02   4.7600000E+02   1.8134900E-02   1.5453244E-02
   1.5451507E+03   7.1900000E+02   5.7200000E+02   5.9693490E-03   6.2952075E-03
   1.5451582E+03   6.8100000E+02   5.4000000E+02   8.3050950E-03   9.0890014E-03
   1.5451658E+03   7.1700000E+02   5.5800000E+02   7.6834144E-03   7.7920855E-03
   1.5451733E+03   6.8000000E+02   5.3200000E+02   1.1734670E-02   9.0068092E-03
   1.5451808E+03   7.2400000E+02   5.8600000E+02   8.6043494E-03   1.2956693E-02
   1.5451883E+03   6.9600000E+02   5.4600000E+02   1.3164394E-02   1.2945476E-02
   1.5451959E+03   7.4600000E+02   5.8700000E+02   1.3515387E-02   1.6975682E-02
   1.5452034E+03   6.8500000E+02   5.3700000E+02   1.0987065E-02   1.1394956E-02
   1.5452109E+03   7.4500000E+02   5.9500000E+02   3.1543680E-03   2.1201010E-03
   1.5452185E+03   7.1200000E+02   5.6300000E+02   2.5169601E-03   8.9521801E-03
   1.5452260E+03   7.2600000E+02   6.0000000E+02   3.4729142E-03   1.3478634E-02
   1.5452335E+03   7.0800000E+02   5.5400000E+02   9.6101218E-03   1.3033216E-02
   1.5452410E+03   7.0400000E+02   5.5900000E+02   5.4489110E-03   4.9717711E-03
   1.5452486E+03   6.7500000E+02   5.2700000E+02   6.1634174E-03   8.4381350E-03
   1.5452561E+03   7.0100000E+02   5.3800000E+02   8.6603003E-03   2.1485267E-03
   1.5452636E+03   7.0700000E+02   5.6200000E+02   1.1507713E-02   1.6021988E-02
   1.5452712E+03   7.1600000E+02   5.6700000E+02   6.8269521E-03   1.4495367E-02
   1.5452787E+03   7.5600000E+02   6.0500000E+02   6.0261344E-03   1.0064754E-02
   1.5452862E+03   7.1600000E+02   5.5700000E+02   1.0177507E-02   1.6479347E-02
   1.5452937E+03   7.2800000E+02   5.8900000E+02   1.0956114E-02   1.2867745E-02
   1.5453013E+03   7.4200000E+02   5.7700000E+02   2.3636790E-03   2.7287833E-03
   1.5453088E+03   7.5800000E+02   5.9400000E+02   1.8885449E-03   1.5486251E-03
   1.5453163E+03   7.5100000E+02   5.9400000E+02   3.1933818E-03   9.5530694E-03
   1.5453239E+03   7.0400000E+02   5.7200000E+02   5.7490332E-03   7.5166086E-03
   1.5453314E+03   7.5600000E+02   5.9800000E+02   1.2420609E-02   1.2355744E-02
   1.5453389E+03   7.7400000E+02   6.1200000E+02   7.7497383E-03   1.4597888E-02
   1.5453464E+03   7.7500000E+02   6.2300000E+02   6.3350278E-03   8.9007690E-04
   1.5453540E+03   7.4600000E+02   5.9600000E+02   1.2741737E-02   7.9664386E-03
   1.5453615E+03   7.8400000E+02   6.3400000E+02   3.4005939E-03   7.6238788E-03
   1.5453690E+03   7.6600000E+02   6.0100000E+02   3.0309790E-03   1.0680090E-03
   1.5453766E+03   8.0900000E+02   6.5500000E+02   1.2601417E-02   1.5030847E-02
   1.5453841E+03   7.9700000E+02   6.1100000E+02   1.3526322E-02   1.2817265E-02
   1.5453916E+03   7.9100000E+02   6.2200000E+02   1.6304739E-02   1.7943770E-02
   1.5453991E+03   7.6000000E+02   6.0100000E+02   5.6722383E-03   1.3528178E-02
   1.5454067E+03   7.8300000E+02   6.0600000E+02   1.4712834E-02   1.3518558E-02
   1.5454142E+03   7.9500000E+02   6.0900000E+02   9.3384406E-03   1.2078278E-02
   1.5454217E+03   7.9600000E+02   6.2800000E+02   6.7391881E-03   1.2153784E-02
   1.5454293E+03   8.2100000E+02   6.6400000E+02   8.7779944E-03   6.4284459E-03
   1.5454368E+03   7.9100000E+02   6.1600000E+02   3.8160334E-03   4.8032696E-03
   1.5454443E+03   8.2100000E+02   6.5900000E+02   1.0105872E-02   1.2142335E-02
   1.5454518E+03   7.5800000E+02   5.9000000E+02   1.3493395E-02   8.0631451E-03
   1.5454594E+03   8.0900000E+02   6.5200000E+02   1.0437557E-02   9.3317619E-03
   1.5454669E+03   7.7700000E+02   6.1700000E+02   1.2454915E-02   2.1763327E-02
   1.5454744E+03   8.0800000E+02   6.4100000E+02   1.9762977E-02   2.1553796E-02
   1.5454820E+03   8.7200000E+02   7.0000000E+02   8.2260795E-03   5.8907579E-03
   1.5454895E+03   8.2600000E+02   6.5200000E+02   8.7721207E-03   1.2339330E-02
   1.5454970E+03   7.8900000E+02   6.3000000E+02   1.7641747E-02   1.5190989E-02
   1.5455045E+03   8.2900000E+02   6.5900000E+02   9.4378555E-03   6.3685345E-03
   1.5455121E+03   8.1900000E+02   6.5900000E+02   3.3330173E-03   1.0279228E-02
   1.5455196E+03   8.4100000E+02   6.9500000E+02   3.7718286E-03   5.9451293E-03
   1.5455271E+03   8.6700000E+02   7.0300000E+02   2.2429390E-02   2.2551522E-02
   1.5455347E+03   8.0300000E+02   6.5500000E+02   8.9279784E-03   3.2460846E-03
   1.5455422E+03   8.2100000E+02   6.7200000E+02   6.3773598E-03   7.4441865E-03
   1.5455497E+03   8.4500000E+02   7.0000000E+02   1.0682221E-02   1.5035889E-02
   1.5455572E+03   7.8500000E+02   6.4500000E+02   1.6721686E-02   2.3103293E-02
   1.5455648E+03   8.2000000E+02   6.7300000E+02   2.2266070E-02   2.1832494E-02
   1.5455723E+03   7.7600000E+02   6.3900000E+02   3.5819727E-03   1.4244541E-03
   1.5455798E+03   7.9600000E+02   6.5800000E+02   8.1945188E-03   9.6738454E-03
   1.5455874E+03   7.9800000E+02   6.8200000E+02   1.9985187E-02   1.9081248E-02
   1.5455949E+03   8.4500000E+02   7.1800000E+02   1.4697449E-02   1.5139985E-02
   1.5456024E+03   8.2200000E+02   7.0700000E+02   2.1616777E-02   2.6509021E-02
   1.5456099E+03   8.3700000E+02   7.0700000E+02   2.9731799E-03   4.7778057E-03
   1.5456175E+03   8.0500000E+02   6.9600000E+02   1.1813157E-02   1.7841399E-02
   1.5456250E+03   8.2200000E+02   7.0700000E+02   1.2381838E-02   1.2695054E-02
   1.5456325E+03   8.5100000E+02   7.5000000E+02   6.3162010E-03   1.1306117E-02
   1.5456400E+03   7.9800000E+02   7.0600000E+02   1.9423924E-02   1.7549513E-02
   1.5456476E+03   7.7300000E+02   7.0000000E+02   1.5215377E-03   2.5030024E-03
   1.5456551E+03   8.0500000E+02   7.1900000E+02   1.1822132E-02   1.0698721E-02
   1.5456626E+03   7.9200000E+02   7.1500000E+02   1.1241823E-02   1.0955572E-02
   1.5456702E+03   7.9600000E+02   7.1200000E+02   1.1141603E-02   1.2017959E-02
   1.5456777E+03   7.5500000E+02   6.8500000E+02   1.4028456E-02   1.3849560E-02
   1.5456852E+03   7.5700000E+02   7.0100000E+02   8.7326893E-03   9.0619715E-03
   1.5456927E+03   7.5700000E+02   6.9400000E+02   6.4238273E-03   6.7825770E-03
   1.5457003E+03   8.1300000E+02   7.4500000E+02   1.3995782E-02   9.5893629E-03
   1.5457078E+03   7.7000000E+02   7.1600000E+02   8.9858228E-03   1.0236056E-02
   1.5457153E+03   7.6400000E+02   7.1400000E+02   1.4066421E-02   1.5608049E-02
   1.5457229E+03   7.3400000E+02   6.9000000E+02   9.3530226E-03   1.1853382E-02
   1.5457304E+03   7.7500000E+02   7.2600000E+02   4.5868276E-03   5.1140496E-03
   1.5457379E+03   7.9600000E+02   7.5000000E+02   1.5685414E-02   1.5694583E-02
   1.5457454E+03   7.6100000E+02   7.2700000E+02   2.2409382E-02   2.3233429E-02
   1.5457530E+03   7.7400000E+02   7.3300000E+02   1.2555325E-02   1.3190829E-02
   1.5457605E+03   7.6400000E+02   7.2000000E+02   7.5594530E-03   1.0037016E-02
   1.5457680E+03   7.5500000E+02   7.2100000E+02   8.4762809E-03   9.1954361E-03
   1.5457756E+03   7.6100000E+02   7.3000000E+02   9.3717030E-03   9.2755850E-03
   1.5457831E+03   7.3200000E+02   7.0900000E+02   5.6066377E-03   5.5730677E-03
   1.5457906E+03   7.7400000E+02   7.5000000E+02   1.0916514E-02   1.1466476E-02
   1.5457981E+03   7.5200000E+02   7.3100000E+02   1.0462270E-02   1.0857667E-02
   1.5458057E+03   7.3600000E+02   7.1300000E+02   1.0113494E-02   1.0663621E-02
   1.5458132E+03   7.3600000E+02   7.1100000E+02   6.9530810E-03   7.7127109E-03
   1.5458207E+03   7.3900000E+02   7.1900000E+02   8.9122336E-03   9.5538198E-03
   1.5458283E+03   7.6400000E+02   7.4300000E+02   1.8801286E-02   1.8870370E-02
   1.5458358E+03   7.2900000E+02   7.1300000E+02   1.1896467E-02   1.2163357E-02
   1.5458433E+03   7.3100000E+02   7.1900000E+02   7.2803288E-03   7.4019033E-03
   1.5458508E+03   7.3300000E+02   7.1800000E+02   6.8494428E-03   6.9924573E-03
   1.5458584E+03   7.3300000E+02   7.2000000E+02   1.3269760E-02   1.3509322E-02
   1.5458659E+03   7.6700000E+02   7.5100000E+02   1.2628792E-02   1.2897852E-02
   1.5458734E+03   7.1800000E+02   7.0000000E+02   1.7654421E-02   1.8108361E-02
   1.5458810E+03   7.2400000E+02   7.0900000E+02   3.2680191E-03   3.3371447E-03
   1.5458885E+03   7.3800000E+02   7.2000000E+02   1.0270729E-02   1.0527471E-02
   1.5458960E+03   7.0300000E+02   6.8600000E+02   1.1639099E-02   1.1927529E-02
   1.5459035E+03   7.0000000E+02   6.8700000E+02   4.7939371E-03   4.8796842E-03
   1.5459111E+03   7.1200000E+02   6.9500000E+02   5.6964782E-03   5.8356196E-03
   1.5459186E+03   6.8800000E+02   6.6200000E+02   1.0419950E-02   1.0827672E-02
   1.5459261E+03   6.7600000E+02   6.5800000E+02   1.0472919E-02   1.0759559E-02
   1.5459337E+03   7.0200000E+02   6.8500000E+02   1.0513773E-02   1.0774469E-02
   1.5459412E+03   6.7200000E+02   6.5800000E+02   9.6801867E-03   9.8858231E-03
   1.5459487E+03   7.1600000E+02   6.9700000E+02   7.0862347E-03   7.2793381E-03
   1.5459562E+03   7.1600000E+02   7.0300000E+02   2.6736704E-02   2.7231171E-02
   1.5459638E+03   6.9200000E+02   6.6900000E+02   1.5980734E-02   1.6529957E-02
   1.5459713E+03   7.4100000E+02   7.1800000E+02   1.1801483E-02   1.2179144E-02
   1.5459788E+03   7.1700000E+02   7.0500000E+02   1.0519101E-02   1.0698075E-02
   1.5459864E+03   7.1000000E+02   6.9400000E+02   6.8056174E-03   6.9621574E-03
   1.5459939E+03   6.8700000E+02   6.6300000E+02   2.6664502E-02   2.7629686E-02
   1.5460014E+03   6.9300000E+02   6.7200000E+02   3.2798139E-03   3.3822019E-03
   1.5460089E+03   7.0700000E+02   6.8400000E+02   8.5336891E-03   8.8207484E-03
   1.5460165E+03   7.1100000E+02   6.9100000E+02   1.6388576E-02   1.6862835E-02
   1.5460240E+03   6.7000000E+02   6.4500000E+02   1.2311176E-02   1.2787734E-02
   1.5460315E+03   6.9600000E+02   6.7600000E+02   8.9293625E-03   9.1935621E-03
   1.5460391E+03   7.1900000E+02   7.0000000E+02   9.3271403E-03   9.5798874E-03
   1.5460466E+03   6.6700000E+02   6.4700000E+02   8.0372022E-03   8.2899789E-03
   1.5460541E+03   6.5800000E+02   6.3500000E+02   5.1960212E-03   5.3839731E-03
   1.5460616E+03   7.0900000E+02   6.8700000E+02   8.1217351E-03   8.3817520E-03
   1.5460692E+03   6.3800000E+02   6.1600000E+02   1.5967676E-02   1.6537888E-02
   1.5460767E+03   7.1500000E+02   6.8200000E+02   6.6132924E-03   6.9330411E-03
   1.5460842E+03   7.0600000E+02   6.7800000E+02   1.4292943E-02   1.4883322E-02
   1.5460917E+03   6.4800000E+02   6.2100000E+02   8.0543991E-03   8.4046811E-03
   1.5460993E+03   6.6600000E+02   6.4300000E+02   5.0393478E-03   5.2197136E-03
   1.5461068E+03   7.0100000E+02   6.7900000E+02   9.6503554E-03   9.9633733E-03
   1.5461143E+03   6.8800000E+02   6.6500000E+02   1.3054946E-02   1.3506495E-02
   1.5461219E+03   6.6000000E+02   6.2500000E+02   5.7958298E-03   6.1201474E-03
   1.5461294E+03   6.5000000E+02   6.2400000E+02   1.6487280E-02   1.7174134E-02
   1.5461369E+03   6.3900000E+02   6.1200000E+02   9.1453743E-03   9.5488788E-03
   1.5461444E+03   6.7400000E+02   6.4200000E+02   4.8981390E-03   5.1424354E-03
   1.5461520E+03   6.7400000E+02   6.4000000E+02   1.5642119E-02   1.6473026E-02
   1.5461595E+03   6.8700000E+02   6.5500000E+02   1.3606388E-02   1.4271085E-02
   1.5461670E+03   6.5900000E+02   6.2900000E+02   6.8974798E-03   7.2265356E-03
   1.5461746E+03   7.0400000E+02   6.6600000E+02   1.4144020E-02   1.4951901E-02
   1.5461821E+03   6.4400000E+02   6.0800000E+02   5.1356962E-03   5.4397989E-03
   1.5461896E+03   6.8600000E+02   6.3700000E+02   2.2352592E-03   2.4068907E-03
   1.5461971E+03   6.5800000E+02   6.2100000E+02   3.6248483E-03   3.8394261E-03
   1.5462047E+03   7.1000000E+02   6.7500000E+02   1.5654779E-02   1.6466330E-02
   1.5462122E+03   6.6000000E+02   6.2200000E+02   1.6133998E-02   1.7119597E-02
   1.5462197E+03   6.4300000E+02   5.9700000E+02   6.9392710E-03   7.4741639E-03
   1.5462273E+03   6.8400000E+02   6.2100000E+02   7.0879948E-03   7.8070375E-03
   1.5462348E+03   6.6400000E+02   6.2100000E+02   1.4175739E-02   1.5154609E-02
   1.5462423E+03   6.6600000E+02   6.1900000E+02   9.5979044E-04   1.0325689E-03
   1.5462498E+03   6.8800000E+02   6.4200000E+02   2.4086199E-03   2.5812004E-03
   1.5462574E+03   6.2600000E+02   5.7100000E+02   1.5648088E-02   1.7023699E-02
   1.5462649E+03   6.4200000E+02   6.0100000E+02   2.1060658E-02   2.2497689E-02
   1.5462724E+03   6.8000000E+02   6.3800000E+02   1.4635974E-02   1.5601132E-02
   1.5462800E+03   6.4200000E+02   5.9700000E+02   1.7994930E-02   1.9351442E-02
   1.5462875E+03   6.7000000E+02   6.2400000E+02   4.3999395E-03   4.7225066E-03
   1.5462950E+03   6.6400000E+02   6.1600000E+02   5.9053894E-03   6.3654974E-03
   1.5463025E+03   6.7900000E+02   6.3100000E+02   1.0112440E-02   1.0881935E-02
   1.5463101E+03   6.4500000E+02   5.9500000E+02   1.3569631E-02   1.4710369E-02
   1.5463176E+03   6.4400000E+02   5.9100000E+02   1.4624099E-02   1.5933793E-02
   1.5463251E+03   6.7900000E+02   6.2000000E+02   1.6359034E-02   1.7914879E-02
   1.5463327E+03   6.4400000E+02   5.8300000E+02   1.1545116E-02   1.2751298E-02
   1.5463402E+03   6.7300000E+02   6.2200000E+02   3.7938544E-03   4.1048344E-03
   1.5463477E+03   6.7900000E+02   6.2200000E+02   1.8907606E-02   2.0640561E-02
   1.5463552E+03   6.0400000E+02   5.3900000E+02   1.9417571E-02   2.1759724E-02
   1.5463628E+03   6.5800000E+02   5.9400000E+02   8.2376420E-03   9.1259396E-03
   1.5463703E+03   6.9400000E+02   6.4000000E+02   7.8200864E-03   8.4796050E-03
   1.5463778E+03   6.5300000E+02   6.0300000E+02   8.9024638E-03   9.6404243E-03
   1.5463854E+03   6.5300000E+02   5.9100000E+02   1.0898520E-02   1.2043312E-02
   1.5463929E+03   6.6500000E+02   5.9700000E+02   5.9440982E-03   6.6275192E-03
   1.5464004E+03   6.6400000E+02   6.0100000E+02   8.5027550E-03   9.3977177E-03
   1.5464079E+03   6.4100000E+02   5.8500000E+02   1.3764752E-02   1.5082941E-02
   1.5464155E+03   6.6300000E+02   6.0800000E+02   8.2868418E-03   8.9362050E-03
   1.5464230E+03   6.4200000E+02   5.8600000E+02   2.1329305E-02   2.3367340E-02
   1.5464305E+03   6.5800000E+02   6.0600000E+02   6.3230535E-03   6.8659579E-03
   1.5464381E+03   6.5600000E+02   5.8200000E+02   1.3967191E-02   1.5743341E-02
   1.5464456E+03   6.6500000E+02   5.8700000E+02   1.0061731E-02   1.1398427E-02
   1.5464531E+03   6.7600000E+02   6.1500000E+02   1.9252356E-03   2.1162377E-03
   1.5464606E+03   6.4400000E+02   5.8200000E+02   9.1180590E-03   1.0089523E-02
   1.5464682E+03   7.0700000E+02   6.2100000E+02   2.5067876E-03   2.8529261E-03
   1.5464757E+03   6.4500000E+02   5.9200000E+02   1.6026411E-02   1.7462159E-02
   1.5464832E+03   6.7600000E+02   6.0400000E+02   8.9548977E-03   1.0022096E-02
   1.5464908E+03   6.8400000E+02   6.1600000E+02   1.3742814E-02   1.5256743E-02
   1.5464983E+03   6.5400000E+02   5.8500000E+02   1.4562791E-02   1.6164811E-02
   1.5465058E+03   6.8800000E+02   6.0700000E+02   3.3778180E-03   3.8286483E-03
   1.5465133E+03   6.9400000E+02   6.2100000E+02   1.1651784E-02   1.3021822E-02
   1.5465209E+03   6.1300000E+02   5.3700000E+02   4.3420935E-03   4.9567333E-03
   1.5465284E+03   6.6600000E+02   6.0100000E+02   1.0481319E-03   1.1047587E-03
   1.5465359E+03   6.9000000E+02   6.2900000E+02   2.6340234E-03   2.8897369E-03
   1.5465434E+03   6.1900000E+02   5.4600000E+02   8.7984008E-03   9.9748165E-03
   1.5465510E+03   6.0000000E+02   5.3500000E+02   8.9388966E-03   1.0024884E-02
   1.5465585E+03   6.3800000E+02   5.7800000E+02   8.9136571E-03   9.8390817E-03
   1.5465660E+03   6.3500000E+02   5.7200000E+02   5.8100563E-03   6.4370154E-03
   1.5465736E+03   6.9800000E+02   6.1300000E+02   1.9905741E-03   2.2683741E-03
   1.5465811E+03   6.1800000E+02   5.4900000E+02   1.5368070E-02   1.7298797E-02
   1.5465886E+03   6.4600000E+02   5.7400000E+02   1.0946932E-02   1.2319899E-02
   1.5465961E+03   6.4900000E+02   5.7600000E+02   1.1009723E-02   1.2404234E-02
   1.5466037E+03   6.3100000E+02   5.6700000E+02   1.8974893E-03   2.1115041E-03
   1.5466112E+03   6.8500000E+02   6.1700000E+02   9.9841035E-03   1.1084171E-02
   1.5466187E+03   6.5900000E+02   5.7600000E+02   6.7298707E-03   7.6997855E-03
   1.5466263E+03   6.4300000E+02   5.4500000E+02   6.0168315E-03   7.5717857E-03
   1.5466338E+03   6.7500000E+02   5.8800000E+02   4.3384711E-03   4.9819099E-03
   1.5466413E+03   6.8200000E+02   5.9500000E+02   4.0834535E-03   4.6811261E-03
   1.5466488E+03   6.5000000E+02   5.6100000E+02   8.8628363E-03   1.0196770E-02
   1.5466564E+03   7.0600000E+02   6.3600000E+02   8.8028932E-03   9.9379510E-03
   1.5466639E+03   6.7100000E+02   5.8400000E+02   1.0778980E-02   1.2385918E-02
   1.5466714E+03   6.3900000E+02   5.6400000E+02   7.0064164E-03   7.9384330E-03
   1.5466790E+03   6.3800000E+02   5.5100000E+02   1.7024999E-02   1.9714582E-02
   1.5466865E+03   6.9800000E+02   6.1800000E+02   1.0532889E-02   1.1896065E-02
   1.5466940E+03   6.9500000E+02   5.9900000E+02   7.7172702E-03   8.9506950E-03
   1.5467015E+03   6.6700000E+02   5.9300000E+02   2.0180986E-03   2.2693097E-03
   1.5467091E+03   6.5300000E+02   5.6500000E+02   5.9634444E-03   6.8920267E-03
   1.5467166E+03   6.9500000E+02   6.1600000E+02   9.4423428E-03   1.0654148E-02
   1.5467241E+03   6.6000000E+02   5.9100000E+02   7.5090838E-03   8.3845386E-03
   1.5467317E+03   6.1900000E+02   5.3900000E+02   2.5847236E-03   2.9677723E-03
   1.5467392E+03   6.9300000E+02   6.0400000E+02   1.0351772E-02   1.1876041E-02
   1.5467467E+03   6.8700000E+02   6.0500000E+02   1.5357205E-02   1.7465812E-02
   1.5467542E+03   7.4100000E+02   6.3100000E+02   1.8686197E-02   2.1945643E-02
   1.5467618E+03   7.1000000E+02   6.2200000E+02   5.8466412E-03   6.6738136E-03
   1.5467693E+03   6.8800000E+02   5.8400000E+02   4.0530884E-03   4.7740739E-03
   1.5467768E+03   6.7800000E+02   5.9300000E+02   6.4768295E-03   7.4049793E-03
   1.5467844E+03   7.3700000E+02   6.5100000E+02   1.5214117E-02   1.7224249E-02
   1.5467919E+03   6.6300000E+02   5.6300000E+02   5.6737722E-03   6.6721612E-03
   1.5467994E+03   6.3800000E+02   5.4000000E+02   1.1598593E-02   1.3703734E-02
   1.5468069E+03   7.5100000E+02   6.5900000E+02   9.0057828E-03   1.0264768E-02
   1.5468145E+03   7.2800000E+02   6.1800000E+02   1.2486740E-02   1.4887539E-02
   1.5468220E+03   7.0700000E+02   6.1000000E+02   8.2167123E-03   9.5231147E-03
   1.5468295E+03   6.9700000E+02   6.0000000E+02   6.3455315E-03   7.3709926E-03
   1.5468371E+03   6.8600000E+02   5.9000000E+02   1.0455460E-02   1.2158307E-02
   1.5468446E+03   6.9200000E+02   5.9800000E+02   9.4219631E-03   1.0480572E-02
   1.5468521E+03   7.0100000E+02   6.0400000E+02   6.0026474E-03   6.9680013E-03
   1.5468596E+03   7.0200000E+02   6.0500000E+02   1.0045440E-02   1.1577127E-02
   1.5468672E+03   7.1400000E+02   6.2400000E+02   5.6511253E-03   6.4659544E-03
   1.5468747E+03   6.7000000E+02   5.7000000E+02   9.2287086E-03   1.0846965E-02
   1.5468822E+03   7.4800000E+02   6.2200000E+02   4.4196799E-03   5.3169785E-03
   1.5468898E+03   7.4400000E+02   6.3500000E+02   1.4083563E-02   1.6501651E-02
   1.5468973E+03   7.2800000E+02   6.5100000E+02   6.0263585E-03   6.7392897E-03
   1.5469048E+03   6.9100000E+02   5.9100000E+02   2.1634130E-03   2.4903645E-03
   1.5469123E+03   6.7800000E+02   5.8700000E+02   1.4482514E-02   1.6727528E-02
   1.5469199E+03   7.2800000E+02   6.2800000E+02   3.6819082E-03   4.2689174E-03
   1.5469274E+03   6.9900000E+02   5.9600000E+02   5.5012179E-03   6.4511929E-03
   1.5469349E+03   6.9800000E+02   5.9700000E+02   2.8137543E-03   3.2886754E-03
   1.5469425E+03   6.9000000E+02   5.6700000E+02   1.5383012E-02   1.8710094E-02
   1.5469500E+03   6.9200000E+02   5.8900000E+02   9.5869781E-03   1.1262347E-02
   1.5469575E+03   7.3900000E+02   6.3100000E+02   1.9814386E-03   2.3201879E-03
   1.5469650E+03   6.8400000E+02   5.6800000E+02   9.3544451E-03   1.1272685E-02
   1.5469726E+03   7.0400000E+02   5.9300000E+02   1.1915232E-02   1.4148072E-02
   1.5469801E+03   6.9200000E+02   5.8700000E+02   8.9585664E-03   1.0561603E-02
   1.5469876E+03   7.5700000E+02   6.3700000E+02   5.6087641E-03   6.6618189E-03
   1.5469951E+03   6.9800000E+02   5.8300000E+02   3.8736167E-03   4.6372339E-03
   1.5470027E+03   7.6000000E+02   6.4600000E+02   6.3726336E-03   7.6777615E-03
   1.5470102E+03   6.8100000E+02   5.7700000E+02   1.1467627E-02   1.3533872E-02
   1.5470177E+03   7.2900000E+02   6.0200000E+02   2.7462785E-03   3.3249275E-03
   1.5470253E+03   7.3600000E+02   6.0600000E+02   8.0842560E-03   9.8322353E-03
   1.5470328E+03   6.8400000E+02   5.8900000E+02   7.2767893E-03   8.4511249E-03
   1.5470403E+03   7.0500000E+02   5.9200000E+02   9.9666458E-03   1.1852731E-02
   1.5470478E+03   6.8400000E+02   5.7200000E+02   6.3474050E-03   7.5912471E-03
   1.5470554E+03   7.4400000E+02   6.2600000E+02   2.7662407E-03   3.4758834E-03
   1.5470629E+03   7.1200000E+02   5.9700000E+02   7.5165487E-03   8.9631687E-03
   1.5470704E+03   7.6100000E+02   6.5200000E+02   9.2939037E-03   1.0847745E-02
   1.5470780E+03   7.3200000E+02   6.1000000E+02   2.3194896E-03   2.7794346E-03
   1.5470855E+03   7.2700000E+02   6.1300000E+02   5.2734447E-03   6.2551043E-03
   1.5470930E+03   6.9600000E+02   5.6800000E+02   9.0152027E-03   1.1046499E-02
   1.5471005E+03   7.3700000E+02   6.1700000E+02   5.4790245E-03   6.4738705E-03
   1.5471081E+03   7.4900000E+02   6.2400000E+02   7.3253934E-03   8.7916006E-03
   1.5471156E+03   7.5100000E+02   6.1500000E+02   1.0483961E-02   1.2807834E-02
   1.5471231E+03   7.4900000E+02   6.3000000E+02   1.9691876E-03   2.3430055E-03
   1.5471307E+03   7.7200000E+02   6.3500000E+02   1.3038609E-02   1.5851575E-02
   1.5471382E+03   8.0700000E+02   6.6100000E+02   6.7445604E-03   8.2349894E-03
   1.5471457E+03   7.6800000E+02   6.5400000E+02   3.2122876E-03   4.1267135E-03
   1.5471532E+03   7.8900000E+02   6.6500000E+02   5.1192214E-03   6.0744265E-03
   1.5471608E+03   8.2700000E+02   6.7700000E+02   7.9666089E-03   9.7323839E-03
   1.5471683E+03   7.8400000E+02   6.4300000E+02   7.9787968E-03   9.7287903E-03
   1.5471758E+03   7.7900000E+02   6.5600000E+02   5.5812188E-03   6.2671701E-03
   1.5471834E+03   7.6700000E+02   6.2600000E+02   6.7208482E-03   8.3867306E-03
   1.5471909E+03   7.5300000E+02   6.1300000E+02   4.8419084E-03   5.9439159E-03
   1.5471984E+03   7.9500000E+02   6.7500000E+02   4.1872461E-04   4.9053601E-04
   1.5472059E+03   7.9300000E+02   6.6400000E+02   1.0757527E-02   1.2847693E-02
   1.5472135E+03   7.6600000E+02   6.3800000E+02   1.1131469E-02   1.3364101E-02
   1.5472210E+03   7.9800000E+02   6.4900000E+02   9.0701183E-03   1.1156044E-02
   1.5472285E+03   8.0600000E+02   6.5100000E+02   8.3003221E-03   1.0276523E-02
   1.5472361E+03   8.1900000E+02   6.8800000E+02   7.3538010E-03   8.7545932E-03
   1.5472436E+03   8.0500000E+02   6.4500000E+02   9.3198182E-03   1.1676262E-02
   1.5472511E+03   8.0600000E+02   6.4700000E+02   3.2865817E-03   4.1027228E-03
   1.5472586E+03   8.1300000E+02   6.5800000E+02   5.4944848E-03   6.7883273E-03
   1.5472662E+03   7.7000000E+02   6.2300000E+02   1.3510517E-02   1.6644459E-02
   1.5472737E+03   7.8600000E+02   6.4900000E+02   4.8643714E-03   5.8911217E-03
   1.5472812E+03   8.3000000E+02   6.7900000E+02   2.0145711E-03   2.3982666E-03
   1.5472888E+03   7.7500000E+02   6.3800000E+02   8.9655885E-03   1.0948892E-02
   1.5472963E+03   8.3500000E+02   6.9200000E+02   3.6776701E-03   4.4394527E-03
   1.5473038E+03   8.1900000E+02   6.9100000E+02   1.1647358E-02   1.3804004E-02
   1.5473113E+03   8.3900000E+02   6.9800000E+02   6.6679771E-03   8.0144239E-03
   1.5473189E+03   8.1200000E+02   6.6300000E+02   6.2556018E-03   7.6665916E-03
   1.5473264E+03   7.9900000E+02   6.5700000E+02   9.2746336E-03   1.1280262E-02
   1.5473339E+03   8.2700000E+02   6.7200000E+02   4.3762301E-03   5.3829364E-03
   1.5473415E+03   8.1300000E+02   6.5200000E+02   9.5221363E-03   1.2164927E-02
   1.5473490E+03   8.3400000E+02   6.6100000E+02   8.0642680E-03   1.0176145E-02
   1.5473565E+03   8.2900000E+02   6.7400000E+02   1.1123420E-02   1.3680543E-02
   1.5473640E+03   8.5500000E+02   7.0500000E+02   7.2709141E-03   8.8140722E-03
   1.5473716E+03   8.7600000E+02   7.1500000E+02   5.5922824E-03   6.8511028E-03
   1.5473791E+03   8.5600000E+02   6.7000000E+02   2.0112200E-03   2.5703803E-03
   1.5473866E+03   8.0900000E+02   6.6300000E+02   8.3066984E-03   1.0136181E-02
   1.5473942E+03   8.5500000E+02   6.8300000E+02   1.1909302E-02   1.4872227E-02
   1.5474017E+03   8.3900000E+02   6.7400000E+02   6.9959626E-03   8.7039269E-03
   1.5474092E+03   8.6300000E+02   6.9600000E+02   5.4724183E-03   6.7851363E-03
   1.5474167E+03   8.8300000E+02   7.1100000E+02   5.6394061E-03   7.0024716E-03
   1.5474243E+03   8.7800000E+02   7.0000000E+02   4.9654898E-03   6.2280668E-03
   1.5474318E+03   8.8800000E+02   7.0400000E+02   3.7858264E-03   4.7764496E-03
   1.5474393E+03   8.6300000E+02   6.9800000E+02   5.2153167E-03   6.4561843E-03
   1.5474468E+03   8.4900000E+02   6.7800000E+02   1.0932280E-02   1.3979637E-02
   1.5474544E+03   8.3200000E+02   6.6100000E+02   1.3968020E-03   1.7572365E-03
   1.5474619E+03   8.7900000E+02   7.0100000E+02   7.5748749E-03   9.4033453E-03
   1.5474694E+03   8.4200000E+02   6.7800000E+02   5.7162529E-03   7.0148231E-03
   1.5474770E+03   9.2400000E+02   7.4300000E+02   6.5098256E-03   8.1066789E-03
   1.5474845E+03   8.9000000E+02   7.2700000E+02   3.6131080E-03   4.4234533E-03
   1.5474920E+03   9.1700000E+02   7.2200000E+02   3.4493515E-03   4.0793382E-03
   1.5474995E+03   9.2300000E+02   7.2500000E+02   2.7033896E-03   3.4408674E-03
   1.5475071E+03   9.1000000E+02   7.1100000E+02   4.4060984E-03   5.6498338E-03
   1.5475146E+03   9.0900000E+02   7.2600000E+02   8.0153660E-03   1.0186529E-02
   1.5475221E+03   9.1800000E+02   7.3300000E+02   4.0018845E-03   4.9677276E-03
   1.5475297E+03   9.4400000E+02   7.7400000E+02   3.7593708E-03   4.8742364E-03
   1.5475372E+03   9.3500000E+02   7.6900000E+02   7.3759377E-03   8.8850747E-03
   1.5475447E+03   9.7600000E+02   7.7600000E+02   6.9991301E-03   8.8039364E-03
   1.5475522E+03   9.3600000E+02   7.3900000E+02   8.0394922E-04   1.0186041E-03
   1.5475598E+03   9.6200000E+02   7.6000000E+02   4.5276542E-03   5.7080167E-03
   1.5475673E+03   9.3800000E+02   7.4200000E+02   7.9574123E-03   1.0047732E-02
   1.5475748E+03   9.2200000E+02   7.2800000E+02   5.3242359E-03   6.8310032E-03
   1.5475824E+03   9.1400000E+02   7.2100000E+02   8.6393750E-03   1.0952318E-02
   1.5475899E+03   9.6800000E+02   7.6700000E+02   7.6516335E-03   9.8461975E-03
   1.5475974E+03   8.8300000E+02   7.1400000E+02   8.4652005E-04   1.2615783E-03
   1.5476049E+03   9.3500000E+02   7.5100000E+02   5.5178055E-03   6.8218863E-03
   1.5476125E+03   9.2200000E+02   7.0700000E+02   2.6674066E-03   3.4933255E-03
   1.5476200E+03   9.7100000E+02   7.6400000E+02   1.4242408E-03   1.8115306E-03
   1.5476275E+03   9.7900000E+02   7.7300000E+02   1.1797086E-03   1.4148734E-03
   1.5476351E+03   1.0340000E+03   8.1000000E+02   3.8106140E-03   4.9051074E-03
   1.5476426E+03   9.9700000E+02   7.8900000E+02   6.9112336E-03   8.7311221E-03
   1.5476501E+03   9.4300000E+02   7.6300000E+02   6.8447236E-03   8.7176429E-03
   1.5476576E+03   9.5300000E+02   7.3600000E+02   3.3553935E-03   4.3460427E-03
   1.5476652E+03   9.1800000E+02   7.0100000E+02   3.1234250E-03   4.5800693E-03
   1.5476727E+03   1.0100000E+03   7.8200000E+02   4.6801262E-03   5.9907738E-03
   1.5476802E+03   9.3300000E+02   7.1000000E+02   2.1781641E-03   2.4571514E-03
   1.5476878E+03   9.8000000E+02   7.7400000E+02   9.5939837E-04   1.1011657E-03
   1.5476953E+03   9.8400000E+02   7.6500000E+02   4.9230956E-03   6.0511991E-03
   1.5477028E+03   9.9500000E+02   8.0000000E+02   3.2514543E-03   4.0486587E-03
   1.5477103E+03   1.0060000E+03   7.8000000E+02   8.7470767E-03   1.1205024E-02
   1.5477179E+03   9.8000000E+02   7.7500000E+02   5.2152993E-03   6.8151857E-03
   1.5477254E+03   9.8400000E+02   7.7500000E+02   3.0797613E-03   3.7803156E-03
   1.5477329E+03   1.0440000E+03   8.0000000E+02   3.1737861E-03   3.9813832E-03
   1.5477405E+03   1.0290000E+03   7.9000000E+02   1.1906558E-03   1.4032166E-03
   1.5477480E+03   1.0400000E+03   8.2500000E+02   8.4618398E-04   1.2764143E-03
   1.5477555E+03   1.0400000E+03   7.9300000E+02   2.4401086E-03   3.3295839E-03
   1.5477630E+03   1.0300000E+03   7.8000000E+02   5.8142658E-03   7.6765397E-03
   1.5477706E+03   1.0350000E+03   8.0200000E+02   3.2851505E-03   4.3811564E-03
   1.5477781E+03   9.8300000E+02   7.6200000E+02   1.2864303E-03   1.6596884E-03
   1.5477856E+03   1.0410000E+03   8.0700000E+02   2.1776408E-03   2.4859380E-03
   1.5477932E+03   1.0330000E+03   7.8200000E+02   2.1384061E-03   2.8226157E-03
   1.5478007E+03   1.0520000E+03   8.0700000E+02   6.3660660E-03   8.2998250E-03
   1.5478082E+03   1.0140000E+03   7.9300000E+02   3.1203486E-03   3.9885495E-03
   1.5478157E+03   1.0900000E+03   8.4700000E+02   3.3774498E-03   4.2437554E-03
   1.5478233E+03   1.0600000E+03   8.0700000E+02   5.3441728E-03   7.0057186E-03
   1.5478308E+03   1.0890000E+03   8.5300000E+02   5.6640351E-03   7.1838293E-03
   1.5478383E+03   1.1350000E+03   8.6600000E+02   2.5474272E-03   3.3433654E-03
   1.5478459E+03   1.1150000E+03   8.5200000E+02   4.9127525E-03   6.2405535E-03
   1.5478534E+03   1.0990000E+03   8.4500000E+02   4.1731411E-03   5.5335799E-03
   1.5478609E+03   1.1800000E+03   9.0800000E+02   2.0126446E-03   2.7270379E-03
   1.5478684E+03   1.1590000E+03   8.9600000E+02   1.8209434E-03   2.3545320E-03
   1.5478760E+03   1.1330000E+03   8.4300000E+02   2.0530328E-03   2.9518952E-03
   1.5478835E+03   1.1490000E+03   8.6400000E+02   5.9899358E-03   7.9666426E-03
   1.5478910E+03   1.1090000E+03   8.5800000E+02   3.2890917E-03   4.2532110E-03
   1.5478985E+03   1.1350000E+03   8.6200000E+02   1.8184630E-03   2.3965226E-03
   1.5479061E+03   1.0990000E+03   8.3900000E+02   2.0978303E-03   2.7550725E-03
   1.5479136E+03   1.0810000E+03   8.2200000E+02   2.1788567E-03   2.8702425E-03
   1.5479211E+03   1.1520000E+03   8.7200000E+02   2.3886670E-03   3.1608557E-03
   1.5479287E+03   1.0880000E+03   8.3900000E+02   2.3175565E-03   3.3083427E-03
   1.5479362E+03   1.1780000E+03   8.8600000E+02   2.3651976E-03   3.1447261E-03
   1.5479437E+03   1.1480000E+03   8.6600000E+02   2.3413619E-03   3.1647213E-03
   1.5479512E+03   1.0880000E+03   8.4300000E+02   2.6741912E-03   3.2177666E-03
   1.5479588E+03   1.1060000E+03   8.4100000E+02   1.1279359E-03   1.3685743E-03
   1.5479663E+03   1.1370000E+03   8.9000000E+02   5.2937793E-03   6.7627995E-03
   1.5479738E+03   1.1750000E+03   9.3800000E+02   9.3999959E-04   1.2112063E-03
   1.5479814E+03   1.1410000E+03   8.7700000E+02   2.6531178E-03   3.4935577E-03
   1.5479889E+03   1.1870000E+03   9.0600000E+02   1.4581857E-03   1.8335414E-03
   1.5479964E+03   1.1290000E+03   8.6100000E+02   2.7487702E-03   3.5032191E-03
   1.5480039E+03   1.2240000E+03   9.4800000E+02   2.2671477E-03   2.9258719E-03
   1.5480115E+03   1.1930000E+03   9.0300000E+02   4.1909093E-03   5.5920655E-03
   1.5480190E+03   1.2310000E+03   9.4400000E+02   5.2384820E-03   6.8287972E-03
   1.5480265E+03   1.1500000E+03   8.7900000E+02   1.6639255E-03   2.2475727E-03
   1.5480341E+03   1.2000000E+03   9.2100000E+02   2.3388184E-03   2.9702529E-03
   1.5480416E+03   1.2150000E+03   9.1200000E+02   4.5565884E-03   6.0318876E-03
   1.5480491E+03   1.2730000E+03   9.5600000E+02   4.6941193E-04   6.2791681E-04
   1.5480566E+03   1.2970000E+03   9.9500000E+02   1.7905157E-03   2.2165162E-03
   1.5480642E+03   1.1920000E+03   9.1500000E+02   2.7529947E-03   3.5860899E-03
   1.5480717E+03   1.2380000E+03   9.3600000E+02   2.3332163E-03   3.1507792E-03
   1.5480792E+03   1.2360000E+03   9.4700000E+02   1.0888029E-03   1.4885059E-03
   1.5480868E+03   1.2190000E+03   9.5100000E+02   2.8576051E-03   3.6610460E-03
   1.5480943E+03   1.2280000E+03   9.4000000E+02   2.1508031E-03   2.7140926E-03
   1.5481018E+03   1.2050000E+03   9.0300000E+02   2.5680647E-03   3.2992322E-03
   1.5481093E+03   1.2700000E+03   9.5800000E+02   4.8776710E-03   6.7464592E-03
   1.5481169E+03   1.2480000E+03   9.5300000E+02   3.5486965E-03   4.5360681E-03
   1.5481244E+03   1.2490000E+03   9.4700000E+02   8.6509917E-04   1.3320841E-03
   1.5481319E+03   1.3270000E+03   9.6900000E+02   1.2051481E-03   1.8488684E-03
   1.5481395E+03   1.2370000E+03   9.1900000E+02   3.0143131E-03   4.1643243E-03
   1.5481470E+03   1.2510000E+03   9.3400000E+02   5.6992768E-03   7.3071457E-03
   1.5481545E+03   1.2690000E+03   9.5600000E+02   1.9389770E-03   2.5326921E-03
   1.5481620E+03   1.3290000E+03   9.8500000E+02   8.5544876E-04   1.1578343E-03
   1.5481696E+03   1.3640000E+03   1.0390000E+03   6.0258531E-03   7.9002815E-03
   1.5481771E+03   1.3160000E+03   9.7600000E+02   5.6112718E-03   7.7386742E-03
   1.5481846E+03   1.2990000E+03   9.8300000E+02   2.5146007E-03   3.2623008E-03
   1.5481922E+03   1.2950000E+03   9.7400000E+02   3.4780899E-03   4.6249174E-03
   1.5481997E+03   1.3030000E+03   9.8000000E+02   3.0358879E-03   4.1322584E-03
   1.5482072E+03   1.2880000E+03   9.8400000E+02   2.5491161E-03   3.2078710E-03
   1.5482147E+03   1.2920000E+03   9.6200000E+02   1.3700468E-03   1.9210999E-03
   1.5482223E+03   1.2700000E+03   9.5500000E+02   1.1526175E-03   1.3790412E-03
   1.5482298E+03   1.2990000E+03   9.8600000E+02   3.6066864E-03   4.8796108E-03
   1.5482373E+03   1.3700000E+03   9.9600000E+02   2.3828896E-03   3.1889670E-03
   1.5482449E+03   1.4040000E+03   1.0640000E+03   1.3537855E-03   1.5371477E-03
   1.5482524E+03   1.3990000E+03   1.0320000E+03   4.1011177E-03   5.5868912E-03
   1.5482599E+03   1.4030000E+03   1.0470000E+03   4.6622233E-03   6.2811144E-03
   1.5482674E+03   1.4610000E+03   1.1120000E+03   2.7542736E-03   3.6196348E-03
   1.5482750E+03   1.4380000E+03   1.0690000E+03   6.8141950E-04   9.1689865E-04
   1.5482825E+03   1.4200000E+03   1.0420000E+03   6.2105645E-04   8.8823419E-04
   1.5482900E+03   1.4350000E+03   1.0970000E+03   2.2901598E-03   3.0783683E-03
   1.5482976E+03   1.4000000E+03   1.0450000E+03   5.3855593E-04   6.2384301E-04
   1.5483051E+03   1.4520000E+03   1.0840000E+03   1.4389642E-03   1.9383230E-03
   1.5483126E+03   1.4310000E+03   1.0610000E+03   3.1569482E-03   4.3821398E-03
   1.5483201E+03   1.4510000E+03   1.0390000E+03   3.5926217E-03   5.3437774E-03
   1.5483277E+03   1.3850000E+03   1.0370000E+03   3.8233786E-03   5.3524215E-03
   1.5483352E+03   1.3830000E+03   1.0050000E+03   1.9772943E-03   2.7321559E-03
   1.5483427E+03   1.4560000E+03   1.0740000E+03   2.8324917E-03   3.9737668E-03
   1.5483502E+03   1.4660000E+03   1.1010000E+03   1.1975476E-03   1.6058451E-03
   1.5483578E+03   1.4840000E+03   1.0930000E+03   1.9936702E-03   2.4770881E-03
   1.5483653E+03   1.5180000E+03   1.1260000E+03   1.6247214E-03   2.1826791E-03
   1.5483728E+03   1.4850000E+03   1.0660000E+03   1.8052761E-03   2.3172067E-03
   1.5483804E+03   1.4950000E+03   1.1030000E+03   2.7162200E-03   3.5109524E-03
   1.5483879E+03   1.5560000E+03   1.1440000E+03   1.4615382E-03   1.9853540E-03
   1.5483954E+03   1.5030000E+03   1.0970000E+03   3.6128989E-03   4.8241079E-03
   1.5484029E+03   1.5690000E+03   1.1610000E+03   1.1070970E-03   2.1070886E-03
   1.5484105E+03   1.5100000E+03   1.1170000E+03   2.9659899E-03   3.9656586E-03
   1.5484180E+03   1.5390000E+03   1.0950000E+03   1.9328026E-03   2.7129024E-03
   1.5484255E+03   1.5170000E+03   1.0750000E+03   2.3155380E-03   3.3063295E-03
   1.5484331E+03   1.5450000E+03   1.1130000E+03   1.1354100E-03   1.5719239E-03
   1.5484406E+03   1.6110000E+03   1.1690000E+03   3.4164734E-03   4.7933350E-03
   1.5484481E+03   1.5070000E+03   1.1010000E+03   3.0639703E-03   4.1910823E-03
   1.5484556E+03   1.5970000E+03   1.1800000E+03   1.6620491E-03   1.9150009E-03
   1.5484632E+03   1.6720000E+03   1.2070000E+03   3.0181058E-03   4.1823821E-03
   1.5484707E+03   1.5340000E+03   1.1030000E+03   2.1946397E-03   3.2360688E-03
   1.5484782E+03   1.5740000E+03   1.1230000E+03   1.4106233E-03   1.9765948E-03
   1.5484858E+03   1.6250000E+03   1.1640000E+03   2.9282976E-03   3.9992503E-03
   1.5484933E+03   1.5950000E+03   1.1350000E+03   1.3691155E-03   1.9266592E-03
   1.5485008E+03   1.6370000E+03   1.1750000E+03   2.1995035E-03   3.0636283E-03
   1.5485083E+03   1.6490000E+03   1.2040000E+03   4.0549500E-03   5.2364818E-03
   1.5485159E+03   1.6170000E+03   1.1440000E+03   1.4128432E-03   1.9015318E-03
   1.5485234E+03   1.6680000E+03   1.2090000E+03   1.1070074E-03   1.2929697E-03
   1.5485309E+03   1.7150000E+03   1.2230000E+03   1.7875610E-03   2.6160083E-03
   1.5485385E+03   1.7090000E+03   1.1940000E+03   9.2712323E-04   1.3196411E-03
   1.5485460E+03   1.7040000E+03   1.2030000E+03   7.2811599E-04   1.0154079E-03
   1.5485535E+03   1.7520000E+03   1.2670000E+03   3.1100265E-03   4.2737383E-03
   1.5485610E+03   1.6710000E+03   1.1480000E+03   1.6383112E-03   2.2905836E-03
   1.5485686E+03   1.7100000E+03   1.2000000E+03   3.4796257E-03   4.8097813E-03
   1.5485761E+03   1.7360000E+03   1.2040000E+03   7.4895806E-04   1.0365821E-03
   1.5485836E+03   1.6990000E+03   1.1900000E+03   1.9492030E-03   3.0765151E-03
   1.5485912E+03   1.8030000E+03   1.2680000E+03   3.6221698E-04   6.0018871E-04
   1.5485987E+03   1.7640000E+03   1.2090000E+03   7.5420501E-04   1.0087388E-03
   1.5486062E+03   1.7540000E+03   1.1910000E+03   1.0461979E-03   1.4152861E-03
   1.5486137E+03   1.8650000E+03   1.2610000E+03   7.5207020E-04   1.0553270E-03
   1.5486213E+03   1.8110000E+03   1.2260000E+03   6.6043161E-04   9.7463115E-04
   1.5486288E+03   1.8090000E+03   1.2480000E+03   1.0540381E-03   1.6107114E-03
   1.5486363E+03   1.8190000E+03   1.2570000E+03   7.3422477E-04   1.1277688E-03
   1.5486439E+03   1.8640000E+03   1.2840000E+03   1.8613600E-03   2.6581844E-03
   1.5486514E+03   1.8300000E+03   1.2320000E+03   9.7449320E-04   1.7375432E-03
   1.5486589E+03   1.8780000E+03   1.2310000E+03   1.9600342E-03   2.9424960E-03
   1.5486664E+03   1.9270000E+03   1.3300000E+03   2.4252816E-03   3.5107758E-03
   1.5486740E+03   1.9290000E+03   1.2750000E+03   1.8536428E-03   2.7389257E-03
   1.5486815E+03   1.8970000E+03   1.2640000E+03   1.7024077E-03   2.6610530E-03
   1.5486890E+03   1.9170000E+03   1.2450000E+03   2.9479289E-03   4.5681528E-03
   1.5486966E+03   1.9020000E+03   1.2860000E+03   1.2788815E-03   2.0559790E-03
   1.5487041E+03   2.0080000E+03   1.3070000E+03   1.8139504E-03   3.0438957E-03
   1.5487116E+03   1.9800000E+03   1.3250000E+03   3.2617326E-03   4.7905194E-03
   1.5487191E+03   2.0130000E+03   1.3050000E+03   6.7690728E-04   1.0420843E-03
   1.5487267E+03   1.9810000E+03   1.3240000E+03   1.7749859E-03   2.4367229E-03
   1.5487342E+03   2.0180000E+03   1.3270000E+03   1.0723946E-03   1.6330984E-03
   1.5487417E+03   2.0870000E+03   1.3700000E+03   8.3136780E-04   1.2168859E-03
   1.5487493E+03   2.0190000E+03   1.3270000E+03   6.7007412E-04   1.0683816E-03
   1.5487568E+03   2.0700000E+03   1.3720000E+03   1.1065550E-03   1.8700622E-03
   1.5487643E+03   2.0450000E+03   1.3850000E+03   8.8689592E-04   1.1446828E-03
   1.5487718E+03   2.1590000E+03   1.4250000E+03   1.4507755E-03   2.1730986E-03
   1.5487794E+03   2.1250000E+03   1.3540000E+03   6.9228611E-04   1.2040547E-03
   1.5487869E+03   2.1360000E+03   1.3850000E+03   7.2978085E-04   1.1240478E-03
   1.5487944E+03   2.1010000E+03   1.3630000E+03   1.3904171E-03   2.1427449E-03
   1.5488019E+03   2.1280000E+03   1.3720000E+03   7.3123274E-04   1.1033815E-03
   1.5488095E+03   2.1010000E+03   1.3170000E+03   1.8474191E-03   3.5345535E-03
   1.5488170E+03   2.1740000E+03   1.3770000E+03   1.3555232E-03   2.2779860E-03
   1.5488245E+03   2.0850000E+03   1.3480000E+03   2.1491314E-03   3.2287134E-03
   1.5488321E+03   2.1560000E+03   1.4040000E+03   1.1864413E-03   1.7946272E-03
   1.5488396E+03   2.2330000E+03   1.4150000E+03   7.1314561E-04   1.1608130E-03
   1.5488471E+03   2.2150000E+03   1.4300000E+03   4.4591937E-04   8.7789155E-04
   1.5488546E+03   2.2700000E+03   1.4390000E+03   8.6012632E-04   1.3195199E-03
   1.5488622E+03   2.2630000E+03   1.4600000E+03   7.7272173E-04   1.4234846E-03
   1.5488697E+03   2.3320000E+03   1.4850000E+03   7.7844061E-04   1.2645267E-03
   1.5488772E+03   2.2880000E+03   1.4380000E+03   5.3417447E-04   8.3499025E-04
   1.5488848E+03   2.3160000E+03   1.4660000E+03   1.7134114E-03   2.8227275E-03
   1.5488923E+03   2.2520000E+03   1.4650000E+03   1.9864387E-03   3.0827075E-03
   1.5488998E+03   2.2940000E+03   1.4730000E+03   1.5028105E-03   2.0742952E-03
   1.5489073E+03   2.2410000E+03   1.4110000E+03   9.3129178E-04   1.4710452E-03
   1.5489149E+03   2.3990000E+03   1.5120000E+03   3.1893877E-04   5.0807733E-04
   1.5489224E+03   2.4330000E+03   1.5060000E+03   9.0892482E-04   1.5159109E-03
   1.5489299E+03   2.3970000E+03   1.5220000E+03   9.6618405E-04   1.4224863E-03
   1.5489375E+03   2.3510000E+03   1.4730000E+03   1.0428516E-03   1.7263620E-03
   1.5489450E+03   2.3620000E+03   1.4600000E+03   5.1359369E-04   7.4134308E-04
   1.5489525E+03   2.4140000E+03   1.4990000E+03   2.4532145E-03   3.9940587E-03
   1.5489600E+03   2.3840000E+03   1.4890000E+03   1.5922176E-03   2.6716423E-03
   1.5489676E+03   2.4150000E+03   1.5310000E+03   1.5989080E-03   2.0081260E-03
   1.5489751E+03   2.3960000E+03   1.5040000E+03   1.2808301E-03   1.9133199E-03
   1.5489826E+03   2.4690000E+03   1.5220000E+03   1.1689841E-03   1.7353517E-03
   1.5489902E+03   2.4750000E+03   1.5480000E+03   1.0588211E-03   1.7245166E-03
   1.5489977E+03   2.4530000E+03   1.6120000E+03   5.9679644E-04   1.2338200E-03
   1.5490052E+03   2.5810000E+03   1.6090000E+03   5.0514416E-04   2.6458597E-04
   1.5490127E+03   2.4800000E+03   1.6160000E+03   5.6428079E-04   7.4469336E-04
   1.5490203E+03   2.5620000E+03   1.6420000E+03   1.3133494E-03   2.0263937E-03
   1.5490278E+03   2.5940000E+03   1.6480000E+03   1.3328200E-03   1.8144967E-03
   1.5490353E+03   2.5290000E+03   1.6230000E+03   1.1205502E-03   1.6625862E-03
   1.5490429E+03   2.6040000E+03   1.6440000E+03   2.7966599E-04   3.1433749E-04
   1.5490504E+03   2.5070000E+03   1.5940000E+03   9.6842716E-04   1.2905186E-03
   1.5490579E+03   2.6140000E+03   1.6400000E+03   1.4987974E-03   2.2583170E-03
   1.5490654E+03   2.5720000E+03   1.6420000E+03   6.0764292E-04   1.0828066E-03
   1.5490730E+03   2.5860000E+03   1.6510000E+03   6.8369719E-04   1.0661132E-03
   1.5490805E+03   2.5840000E+03   1.5920000E+03   9.8003706E-04   1.5581136E-03
   1.5490880E+03   2.6660000E+03   1.6780000E+03   5.5732076E-04   1.0530021E-03
   1.5490956E+03   2.6360000E+03   1.6970000E+03   5.1790266E-04   8.8255474E-04
   1.5491031E+03   2.6640000E+03   1.7170000E+03   4.3054887E-04   6.6252518E-04
   1.5491106E+03   2.5970000E+03   1.6280000E+03   7.7930483E-04   1.2461178E-03
   1.5491181E+03   2.6080000E+03   1.6340000E+03   5.2580206E-04   9.4540666E-04
   1.5491257E+03   2.8570000E+03   1.8200000E+03   5.3869694E-04   6.3714591E-04
   1.5491332E+03   2.6620000E+03   1.7460000E+03   4.7480595E-04   7.6551691E-04
   1.5491407E+03   2.7640000E+03   1.7760000E+03   3.8303405E-04   6.9453036E-04
   1.5491483E+03   2.8370000E+03   1.8130000E+03   1.1537742E-04   1.7393770E-04
   1.5491558E+03   2.8600000E+03   1.8310000E+03   6.7887648E-04   8.2259577E-04
   1.5491633E+03   2.8040000E+03   1.8080000E+03   7.0322445E-04   9.6822800E-04
   1.5491708E+03   2.7630000E+03   1.7480000E+03   9.9587212E-04   1.7100328E-03
   1.5491784E+03   2.7200000E+03   1.7460000E+03   5.2114944E-04   6.7587986E-04
   1.5491859E+03   2.8050000E+03   1.7920000E+03   5.6127318E-04   8.9982171E-04
   1.5491934E+03   2.8870000E+03   1.8620000E+03   2.9185280E-04   5.2869616E-04
   1.5492010E+03   2.8530000E+03   1.8410000E+03   5.5891309E-04   8.9328847E-04
   1.5492085E+03   2.8560000E+03   1.8650000E+03   6.9025020E-04   9.0965938E-04
   1.5492160E+03   2.8430000E+03   1.8340000E+03   5.9002168E-04   1.1224733E-03
   1.5492235E+03   2.8350000E+03   1.8340000E+03   3.2793277E-04   5.5855288E-04
   1.5492311E+03   2.8740000E+03   1.8540000E+03   8.9711384E-05   1.1298050E-04
   1.5492386E+03   2.8800000E+03   1.7660000E+03   7.1522824E-04   1.1512583E-03
   1.5492461E+03   2.9780000E+03   1.9500000E+03   7.8797060E-04   1.1815781E-03
   1.5492536E+03   2.8970000E+03   1.9000000E+03   6.1697227E-05   1.8657857E-04
   1.5492612E+03   2.8640000E+03   1.8400000E+03   2.7748988E-04   4.2878511E-04
   1.5492687E+03   2.9760000E+03   1.9360000E+03   9.2718776E-04   1.4257402E-03
   1.5492762E+03   2.9920000E+03   1.9290000E+03   7.0914844E-04   1.1122379E-03
   1.5492838E+03   2.9650000E+03   1.9800000E+03   1.8452095E-04   2.2446663E-04
   1.5492913E+03   2.9670000E+03   1.9880000E+03   3.6146768E-04   6.7969642E-04
   1.5492988E+03   2.9820000E+03   1.9480000E+03   3.1119552E-04   2.6666992E-04
   1.5493063E+03   2.9850000E+03   1.9370000E+03   2.8124417E-04   4.7840297E-04
   1.5493139E+03   3.0590000E+03   1.9950000E+03   3.6835581E-04   5.6258206E-04
   1.5493214E+03   3.0760000E+03   2.0120000E+03   9.1787734E-04   1.5004676E-03
   1.5493289E+03   3.0890000E+03   2.0050000E+03   4.7460753E-04   5.9937554E-04
   1.5493365E+03   3.0630000E+03   2.0470000E+03   6.3379625E-05   9.8934193E-05
   1.5493440E+03   3.0910000E+03   2.0490000E+03   4.6529945E-04   7.9842567E-04
   1.5493515E+03   3.1860000E+03   2.1040000E+03   9.2702173E-05   4.6392216E-04
   1.5493590E+03   3.2290000E+03   2.1470000E+03   1.3885308E-04   2.4792888E-04
   1.5493666E+03   3.0620000E+03   1.9950000E+03   2.3720757E-04   2.2362687E-04
   1.5493741E+03   3.0470000E+03   2.0030000E+03   1.3297391E-04   1.5589093E-04
   1.5493816E+03   3.1270000E+03   2.0550000E+03   1.4471905E-04   2.3397508E-04
   1.5493892E+03   3.1280000E+03   2.0650000E+03   3.6292275E-04   5.7255610E-04
   1.5493967E+03   3.2150000E+03   2.1400000E+03   2.8101929E-04   3.8007730E-04
   1.5494042E+03   3.1550000E+03   2.1190000E+03   8.0173200E-04   1.1115584E-03
   1.5494117E+03   3.1930000E+03   2.1420000E+03   3.0436432E-04   4.0244583E-04
   1.5494193E+03   3.1890000E+03   2.1450000E+03   6.6854950E-04   1.0259835E-03
   1.5494268E+03   3.2020000E+03   2.1430000E+03   4.9891148E-04   6.6321568E-04
   1.5494343E+03   3.3030000E+03   2.2310000E+03   3.7077519E-04   4.6855514E-04
   1.5494419E+03   3.2350000E+03   2.1460000E+03   6.6541799E-04   8.1235593E-04
   1.5494494E+03   3.2420000E+03   2.1980000E+03   4.5667018E-04   7.6189726E-04
   1.5494569E+03   3.3730000E+03   2.3070000E+03   5.1693909E-04   3.9146658E-04
   1.5494644E+03   3.1770000E+03   2.1230000E+03   3.5556971E-04   5.9647339E-04
   1.5494720E+03   3.3230000E+03   2.2660000E+03   2.3918522E-05   4.9893102E-05
   1.5494795E+03   3.2840000E+03   2.2200000E+03   1.1215064E-04   1.9827306E-04
   1.5494870E+03   3.3970000E+03   2.3190000E+03   4.5422721E-04   4.9731827E-04
   1.5494946E+03   3.2930000E+03   2.1900000E+03   2.1103259E-04   4.3201236E-04
   1.5495021E+03   3.4700000E+03   2.3300000E+03   1.6425812E-04   1.1864861E-04
   1.5495096E+03   3.4550000E+03   2.4040000E+03   2.6589800E-04   3.5820673E-05
   1.5495171E+03   3.3360000E+03   2.3000000E+03   3.2728999E-04   6.1250206E-04
   1.5495247E+03   3.4440000E+03   2.3440000E+03   1.2626989E-04   1.7927167E-04
   1.5495322E+03   3.3660000E+03   2.2770000E+03   5.7996491E-04   4.4980400E-04
   1.5495397E+03   3.4260000E+03   2.3400000E+03   2.9867487E-04   2.7703833E-04
   1.5495473E+03   3.3600000E+03   2.2910000E+03   4.9683398E-04   6.9178925E-04
   1.5495548E+03   3.5070000E+03   2.3320000E+03   3.7143070E-05   1.1112349E-04
   1.5495623E+03   3.4710000E+03   2.3450000E+03   3.3492993E-04   5.0677078E-04
   1.5495698E+03   3.5840000E+03   2.4410000E+03   1.3391546E-04   2.9558132E-04
   1.5495774E+03   3.4470000E+03   2.3290000E+03   3.7888680E-04   5.3658431E-04
   1.5495849E+03   3.4780000E+03   2.3410000E+03   2.1343710E-04   2.4701865E-04
   1.5495924E+03   3.5070000E+03   2.3930000E+03   2.8231965E-04   2.4427243E-04
   1.5496000E+03   3.4900000E+03   2.3490000E+03   2.6098701E-04   2.2094193E-04
   1.5496075E+03   3.4870000E+03   2.3850000E+03   8.0039882E-04   1.0359220E-03
   1.5496150E+03   3.5170000E+03   2.3790000E+03   3.9784216E-04   5.8080331E-04
   1.5496225E+03   3.4950000E+03   2.3940000E+03   2.6435822E-04   3.9778176E-04
   1.5496301E+03   3.6390000E+03   2.5170000E+03   5.5520884E-04   5.2665902E-04
   1.5496376E+03   3.6220000E+03   2.4990000E+03   3.8478698E-04   5.0032644E-04
   1.5496451E+03   3.7610000E+03   2.6030000E+03   4.8661470E-04   6.7531742E-04
   1.5496527E+03   3.6100000E+03   2.4600000E+03   2.8070229E-04   3.7242365E-04
   1.5496602E+03   3.6450000E+03   2.4700000E+03   1.8004203E-04   2.2021440E-04
   1.5496677E+03   3.5750000E+03   2.4850000E+03   3.7629384E-04   4.6231767E-04
   1.5496752E+03   3.6580000E+03   2.4610000E+03   9.5477520E-05   1.3788569E-04
   1.5496828E+03   3.6950000E+03   2.5380000E+03   3.2336135E-05   7.8274272E-05
   1.5496903E+03   3.5990000E+03   2.4390000E+03   1.3301689E-04   1.6662954E-04
   1.5496978E+03   3.7150000E+03   2.5400000E+03   1.7740066E-04   4.6531753E-04
   1.5497053E+03   3.6560000E+03   2.5350000E+03   4.0695588E-04   5.5189806E-04
   1.5497129E+03   3.6150000E+03   2.4900000E+03   3.3341484E-04   4.0178530E-04
   1.5497204E+03   3.7870000E+03   2.5990000E+03   1.5394461E-04   2.9019468E-04
   1.5497279E+03   3.6010000E+03   2.4350000E+03   3.0882360E-04   3.6760218E-04
   1.5497355E+03   3.7810000E+03   2.6410000E+03   2.4889202E-04   2.3970704E-04
   1.5497430E+03   3.7330000E+03   2.6190000E+03   3.8149114E-04   5.5232666E-04
   1.5497505E+03   3.6840000E+03   2.5180000E+03   1.5357658E-04   2.4649709E-04
   1.5497580E+03   3.7810000E+03   2.6200000E+03   5.5968806E-04   5.4167513E-04
   1.5497656E+03   3.8030000E+03   2.5960000E+03   3.5876875E-04   6.5518629E-04
   1.5497731E+03   3.7830000E+03   2.6860000E+03   3.5709455E-04   5.4490973E-04
   1.5497806E+03   3.9210000E+03   2.7090000E+03   3.5257511E-04   4.7379954E-04
   1.5497882E+03   3.9030000E+03   2.7100000E+03   3.6958036E-04   5.0137349E-04
   1.5497957E+03   3.9020000E+03   2.6960000E+03   1.5185141E-04   2.1795856E-04
   1.5498032E+03   3.7750000E+03   2.6000000E+03   6.7265046E-04   6.7119253E-04
   1.5498107E+03   3.8360000E+03   2.6750000E+03   1.6025192E-04   4.2606964E-04
   1.5498183E+03   3.7960000E+03   2.6340000E+03   5.2241030E-04   8.2682132E-04
   1.5498258E+03   3.9630000E+03   2.7710000E+03   3.6131553E-04   5.0454952E-04
   1.5498333E+03   3.8560000E+03   2.6640000E+03   4.5209289E-04   6.6324704E-04
   1.5498409E+03   3.9310000E+03   2.7560000E+03   3.0522546E-04   4.9600517E-04
   1.5498484E+03   4.0870000E+03   2.8320000E+03   2.4650205E-04   3.1891509E-04
   1.5498559E+03   4.0060000E+03   2.7920000E+03   6.0402501E-05   2.2747875E-04
   1.5498634E+03   4.0410000E+03   2.7900000E+03   2.4352269E-04   4.3946573E-04
   1.5498710E+03   4.0430000E+03   2.7940000E+03   1.7078999E-04   2.4842324E-04
   1.5498785E+03   3.9170000E+03   2.7110000E+03   2.4396448E-04   4.2362626E-04
   1.5498860E+03   3.9820000E+03   2.7670000E+03   1.4052985E-04   2.0673238E-04
   1.5498936E+03   4.0020000E+03   2.7900000E+03   4.2744382E-04   5.7088603E-04
   1.5499011E+03   4.0790000E+03   2.8140000E+03   1.3713359E-04   2.6081025E-04
   1.5499086E+03   3.9470000E+03   2.7250000E+03   2.7640518E-04   3.7995423E-04
   1.5499161E+03   4.0420000E+03   2.8120000E+03   1.9939878E-04   2.6483985E-04
   1.5499237E+03   3.9960000E+03   2.8110000E+03   2.7892349E-04   2.1656651E-04
   1.5499312E+03   3.9900000E+03   2.8080000E+03   1.3184204E-04   6.3512571E-05
   1.5499387E+03   4.1260000E+03   2.8760000E+03   3.1539964E-04   4.3648042E-04
   1.5499463E+03   4.1570000E+03   2.8950000E+03   1.0263419E-04   9.2008326E-05
   1.5499538E+03   4.2540000E+03   2.9260000E+03   1.6320485E-04   3.1136845E-04
   1.5499613E+03   4.1140000E+03   2.8660000E+03   4.0366370E-05   5.2464544E-05
   1.5499688E+03   4.1410000E+03   2.8850000E+03   5.7860133E-04   7.1656363E-04
   1.5499764E+03   4.0940000E+03   2.8450000E+03   7.0161646E-05   3.2288850E-05
   1.5499839E+03   4.2260000E+03   2.9370000E+03   2.0811892E-04   2.4831896E-04
   1.5499914E+03   4.2180000E+03   2.9550000E+03   3.1979723E-04   4.3370860E-04
   1.5499990E+03   4.2140000E+03   3.0010000E+03   1.4270955E-04   1.2763767E-04
   1.5500065E+03   4.2240000E+03   2.9250000E+03   1.9156924E-04   3.7713274E-04
   1.5500140E+03   4.1860000E+03   2.9250000E+03   4.3449931E-04   5.3819444E-04
   1.5500215E+03   4.0500000E+03   2.8700000E+03   3.1858393E-04   4.6566689E-04
   1.5500291E+03   4.2520000E+03   3.0170000E+03   3.3060377E-04   2.9154955E-04
   1.5500366E+03   4.2450000E+03   2.9580000E+03   2.0630271E-04   1.6093282E-04
   1.5500441E+03   4.1700000E+03   2.9140000E+03   1.3717482E-04   1.4964498E-04
   1.5500517E+03   4.2970000E+03   3.0120000E+03   5.1326441E-04   5.9098874E-04
   1.5500592E+03   4.2690000E+03   3.0080000E+03   3.0243762E-04   3.6485866E-04
   1.5500667E+03   4.1990000E+03   2.9720000E+03   2.7825074E-04   4.1992868E-04
   1.5500742E+03   4.4130000E+03   3.1630000E+03   2.4543308E-04   3.5306587E-04
   1.5500818E+03   4.3830000E+03   3.0670000E+03   3.3844966E-04   4.9111510E-04
   1.5500893E+03   4.3150000E+03   3.0380000E+03   1.7120704E-04   2.3379743E-04
   1.5500968E+03   4.2780000E+03   2.9750000E+03   5.6806657E-04   6.3940707E-04
   1.5501044E+03   4.3880000E+03   3.0870000E+03   2.8813271E-04   4.2555235E-04
   1.5501119E+03   4.4070000E+03   3.1260000E+03   2.4968052E-04   3.8105132E-04
   1.5501194E+03   4.3640000E+03   3.0780000E+03   3.3760272E-04   3.4681998E-04
   1.5501269E+03   4.4100000E+03   3.0770000E+03   3.2997249E-04   4.2456022E-04
   1.5501345E+03   4.4000000E+03   3.1210000E+03   2.2497073E-04   3.1526171E-04
   1.5501420E+03   4.3010000E+03   3.0420000E+03   2.5349379E-04   3.6273521E-04
   1.5501495E+03   4.4730000E+03   3.1820000E+03   1.5920012E-04   2.0588328E-04
   1.5501571E+03   4.4480000E+03   3.1220000E+03   1.4538146E-04   2.0773345E-04
   1.5501646E+03   4.4300000E+03   3.1470000E+03   2.3323467E-04   3.2816890E-04
   1.5501721E+03   4.4710000E+03   3.1110000E+03   2.8729696E-04   3.6068559E-04
   1.5501796E+03   4.4680000E+03   3.1930000E+03   1.6208734E-04   2.2609989E-04
   1.5501872E+03   4.5230000E+03   3.1980000E+03   1.0165523E-04   4.3313407E-05
   1.5501947E+03   4.4420000E+03   3.2230000E+03   2.0300022E-04   1.6218056E-04
   1.5502022E+03   4.3760000E+03   3.0580000E+03   3.3299663E-04   6.0060122E-04
   1.5502097E+03   4.4630000E+03   3.1500000E+03   3.2638110E-04   3.5611711E-04
   1.5502173E+03   4.5350000E+03   3.2320000E+03   1.4708220E-04   3.9801843E-04
   1.5502248E+03   4.5900000E+03   3.2670000E+03   1.2727793E-04   2.7414688E-04
   1.5502323E+03   4.5280000E+03   3.1850000E+03   1.3824684E-04   3.3085876E-04
   1.5502399E+03   4.5400000E+03   3.2130000E+03   1.6759296E-04   1.0152328E-04
   1.5502474E+03   4.5280000E+03   3.2470000E+03   9.7254170E-05   4.0732095E-04
   1.5502549E+03   4.4860000E+03   3.1600000E+03   1.4498557E-04   2.4988331E-04
   1.5502624E+03   4.5650000E+03   3.2140000E+03   9.8915278E-05   2.3694629E-04
   1.5502700E+03   4.4550000E+03   3.0740000E+03   4.7634581E-04   3.5763382E-04
   1.5502775E+03   4.6400000E+03   3.3110000E+03   2.8333536E-04   3.4593968E-04
   1.5502850E+03   4.6140000E+03   3.3040000E+03   3.3978369E-04   3.9785148E-04
   1.5502926E+03   4.7060000E+03   3.3750000E+03   2.0568489E-04   1.5485651E-04
   1.5503001E+03   4.4650000E+03   3.1800000E+03   5.5687277E-04   5.5368640E-04
   1.5503076E+03   4.6270000E+03   3.2850000E+03   2.2023903E-04   2.7175689E-04
   1.5503151E+03   4.6930000E+03   3.3380000E+03   3.9450622E-04   2.7233724E-04
   1.5503227E+03   4.7340000E+03   3.4300000E+03   1.7609116E-04   1.8470658E-04
   1.5503302E+03   4.7290000E+03   3.4100000E+03   2.3524441E-04   2.6879045E-04
   1.5503377E+03   4.7660000E+03   3.4030000E+03   4.3612389E-04   4.7229516E-04
   1.5503453E+03   4.6180000E+03   3.2950000E+03   1.4975632E-04   3.7756962E-04
   1.5503528E+03   4.7150000E+03   3.3780000E+03   1.7109076E-04   3.1206970E-04
   1.5503603E+03   4.6570000E+03   3.3860000E+03   5.5468229E-04   7.0607843E-04
   1.5503678E+03   4.6780000E+03   3.3340000E+03   4.4444370E-04   4.7054951E-04
   1.5503754E+03   4.6740000E+03   3.3100000E+03   1.8308725E-04   2.8036815E-04
   1.5503829E+03   4.7260000E+03   3.3430000E+03   1.6046319E-04   2.4565857E-04
   1.5503904E+03   4.6520000E+03   3.2500000E+03   2.4426327E-04   4.4653585E-04
   1.5503980E+03   4.7660000E+03   3.4000000E+03   3.1484408E-04   1.8729785E-04
   1.5504055E+03   4.6950000E+03   3.3310000E+03   8.6078762E-05   2.0420872E-04
   1.5504130E+03   4.7400000E+03   3.3980000E+03   3.4854315E-04   2.4302557E-04
   1.5504205E+03   4.6880000E+03   3.3350000E+03   1.5688569E-04   5.3714804E-05
   1.5504281E+03   4.7190000E+03   3.2890000E+03   3.0754368E-04   4.5811150E-04
   1.5504356E+03   4.7850000E+03   3.4170000E+03   4.5293405E-04   1.0922876E-04
   1.5504431E+03   4.6210000E+03   3.3140000E+03   1.2080341E-04   1.9877563E-04
   1.5504507E+03   4.8830000E+03   3.5380000E+03   4.5755785E-04   2.1448105E-04
   1.5504582E+03   4.8050000E+03   3.4770000E+03   6.9565975E-04   5.0442978E-04
   1.5504657E+03   4.9230000E+03   3.5060000E+03   3.1458486E-04   1.2575363E-06
   1.5504732E+03   4.7100000E+03   3.3160000E+03   3.1425481E-04   2.0925449E-04
   1.5504808E+03   4.7860000E+03   3.4720000E+03   3.5343742E-04   6.2061745E-04
   1.5504883E+03   4.8900000E+03   3.4830000E+03   2.0621892E-04   1.5723977E-04
   1.5504958E+03   4.9270000E+03   3.5630000E+03   4.1833291E-04   1.9805809E-04
   1.5505034E+03   4.8440000E+03   3.4860000E+03   6.2509722E-04   3.4885986E-04
   1.5505109E+03   4.9230000E+03   3.5180000E+03   6.1839488E-04   1.2087388E-04
   1.5505184E+03   4.8670000E+03   3.5510000E+03   1.1989275E-04   1.5362237E-04
   1.5505259E+03   4.8080000E+03   3.5050000E+03   3.5787269E-04   2.0754685E-04
   1.5505335E+03   4.9360000E+03   3.5820000E+03   3.3060311E-04   2.0907797E-04
   1.5505410E+03   4.8150000E+03   3.4230000E+03   2.6132353E-04   6.7881100E-04
   1.5505485E+03   5.0130000E+03   3.6040000E+03   1.2788790E-04   1.9793091E-04
   1.5505561E+03   4.8990000E+03   3.5400000E+03   5.8922971E-04   3.7402218E-04
   1.5505636E+03   5.0410000E+03   3.5770000E+03   2.9548760E-04   2.4963091E-04
   1.5505711E+03   5.0710000E+03   3.6130000E+03   7.7322991E-04   1.1772800E-04
   1.5505786E+03   4.9570000E+03   3.6280000E+03   2.5945958E-04   8.7789535E-05
   1.5505862E+03   5.0260000E+03   3.5850000E+03   7.6598753E-05   4.5080636E-04
   1.5505937E+03   4.8910000E+03   3.5430000E+03   6.0532071E-04   9.7657766E-05
   1.5506012E+03   5.0820000E+03   3.7000000E+03   7.8752013E-05   4.3303120E-04
   1.5506087E+03   5.0270000E+03   3.6360000E+03   3.9906543E-04   7.5861573E-04
   1.5506163E+03   4.9390000E+03   3.5650000E+03   7.1251641E-04   3.5107537E-04
   1.5506238E+03   4.9250000E+03   3.5490000E+03   1.7989571E-04   2.7839275E-04
   1.5506313E+03   5.0760000E+03   3.6500000E+03   3.8830900E-05   1.3858865E-04
   1.5506389E+03   5.1190000E+03   3.7620000E+03   3.1333050E-04   4.4195692E-04
   1.5506464E+03   5.1780000E+03   3.7070000E+03   3.2869171E-04   2.5219324E-04
   1.5506539E+03   5.1200000E+03   3.6900000E+03   1.3998280E-04   1.0525670E-04
   1.5506614E+03   5.1040000E+03   3.6830000E+03   3.2794910E-04   1.5234647E-04
   1.5506690E+03   5.0320000E+03   3.6630000E+03   4.3958416E-04   2.5490898E-05
   1.5506765E+03   5.0140000E+03   3.6150000E+03   6.0129450E-04   6.6260949E-04
   1.5506840E+03   5.0880000E+03   3.6970000E+03   2.0025544E-04   1.6044705E-04
   1.5506916E+03   5.1530000E+03   3.7400000E+03   7.5833478E-04   3.6809479E-04
   1.5506991E+03   5.1320000E+03   3.7030000E+03   6.3735193E-04   4.1429304E-04
   1.5507066E+03   5.1910000E+03   3.7540000E+03   6.2638734E-04   4.8044051E-04
   1.5507141E+03   5.1850000E+03   3.7390000E+03   4.7037107E-04   7.0036341E-05
   1.5507217E+03   5.0100000E+03   3.5880000E+03   3.3033561E-04   2.3421810E-04
   1.5507292E+03   5.1270000E+03   3.6750000E+03   4.0319094E-04   2.6927714E-04
   1.5507367E+03   5.0950000E+03   3.7080000E+03   5.9087193E-04   3.8759985E-04
   1.5507443E+03   5.2820000E+03   3.7570000E+03   3.8079876E-04   7.9967420E-05
   1.5507518E+03   5.1550000E+03   3.7500000E+03   1.0252384E-03   4.0892175E-04
   1.5507593E+03   5.1280000E+03   3.7270000E+03   3.5460962E-04   4.5523050E-04
   1.5507668E+03   5.2340000E+03   3.8360000E+03   7.1421974E-04   7.9894571E-05
   1.5507744E+03   5.0900000E+03   3.7510000E+03   2.3258216E-04   4.7777557E-04
   1.5507819E+03   5.1550000E+03   3.7390000E+03   4.4699076E-04   1.0809072E-04
   1.5507894E+03   5.2430000E+03   3.8320000E+03   9.6677346E-05   3.1818552E-04
   1.5507970E+03   5.2650000E+03   3.8610000E+03   1.1184507E-04   3.6263555E-05
   1.5508045E+03   5.1930000E+03   3.7050000E+03   1.9211240E-04   1.2463171E-04
   1.5508120E+03   5.2550000E+03   3.8790000E+03   2.4601808E-04   4.0298425E-04
   1.5508195E+03   5.2010000E+03   3.7270000E+03   4.3386108E-04   3.5952077E-04
   1.5508271E+03   5.1930000E+03   3.7340000E+03   2.4292472E-04   2.7970551E-04
   1.5508346E+03   5.2380000E+03   3.7980000E+03   8.1472187E-04   2.3177077E-04
   1.5508421E+03   5.1630000E+03   3.7630000E+03   4.6867321E-04   2.4258298E-04
   1.5508497E+03   5.3720000E+03   3.9310000E+03   4.4174703E-05   1.8974780E-04
   1.5508572E+03   5.1150000E+03   3.6930000E+03   2.0654393E-04   1.4472722E-04
   1.5508647E+03   5.2800000E+03   3.8330000E+03   3.0223367E-04   1.1593873E-04
   1.5508722E+03   5.1670000E+03   3.7450000E+03   3.2599651E-04   4.3954720E-04
   1.5508798E+03   5.2980000E+03   3.8230000E+03   4.6575221E-04   5.4299229E-04
   1.5508873E+03   5.2600000E+03   3.8530000E+03   3.6967755E-04   1.0976834E-04
   1.5508948E+03   5.3140000E+03   3.8590000E+03   7.0533763E-04   1.8118741E-04
   1.5509024E+03   5.3210000E+03   3.8530000E+03   1.5565815E-04   3.5475831E-04
   1.5509099E+03   5.3130000E+03   3.8600000E+03   6.1502630E-04   1.5355658E-04
   1.5509174E+03   5.1940000E+03   3.7480000E+03   7.2556944E-04   2.7458951E-04
   1.5509249E+03   5.2650000E+03   3.8390000E+03   6.1454038E-04   2.7418482E-04
   1.5509325E+03   5.3300000E+03   3.9020000E+03   1.0017722E-03   4.4432577E-04
   1.5509400E+03   5.3280000E+03   3.8490000E+03   3.0287606E-04   2.3727089E-04
   1.5509475E+03   5.3370000E+03   3.8640000E+03   1.4383834E-04   2.5285610E-04
   1.5509551E+03   5.3040000E+03   3.7980000E+03   7.0847126E-04   2.0590575E-04
   1.5509626E+03   5.4410000E+03   3.9850000E+03   4.9203156E-04   1.0396279E-04
   1.5509701E+03   5.2620000E+03   3.8440000E+03   9.8393609E-04   2.4378224E-04
   1.5509776E+03   5.2220000E+03   3.7570000E+03   6.9316619E-04   2.8084896E-04
   1.5509852E+03   5.3230000E+03   3.8860000E+03   3.0764771E-04   2.5817970E-04
   1.5509927E+03   5.3320000E+03   3.9320000E+03   3.8750990E-04   1.0835823E-04
   1.5510002E+03   5.3540000E+03   3.9470000E+03   3.2199465E-04   3.7373897E-04
   1.5510078E+03   5.3570000E+03   3.8660000E+03   9.3888111E-05   6.9804591E-05
   1.5510153E+03   5.3520000E+03   3.9060000E+03   7.6919262E-04   1.7956964E-04
   1.5510228E+03   5.3860000E+03   3.9100000E+03   6.0045598E-04   1.8792600E-04
   1.5510303E+03   5.3050000E+03   3.8570000E+03   3.1457313E-04   1.6803345E-04
   1.5510379E+03   5.2750000E+03   3.8560000E+03   2.5171100E-04   2.4933946E-04
   1.5510454E+03   5.3780000E+03   3.9170000E+03   2.0396007E-04   4.7952211E-04
   1.5510529E+03   5.4610000E+03   4.0040000E+03   5.7562136E-04   1.2266456E-04
   1.5510604E+03   5.4390000E+03   3.8850000E+03   8.2090368E-04   1.5875164E-04
   1.5510680E+03   5.4830000E+03   3.9700000E+03   2.4366060E-04   1.1251653E-04
   1.5510755E+03   5.5400000E+03   3.9750000E+03   3.4551333E-04   7.1934692E-05
   1.5510830E+03   5.4700000E+03   4.0400000E+03   1.6430798E-04   1.6002901E-04
   1.5510906E+03   5.4730000E+03   4.0130000E+03   1.8305008E-04   3.6883694E-04
   1.5510981E+03   5.5000000E+03   3.9900000E+03   2.0288202E-04   3.5098374E-04
   1.5511056E+03   5.4920000E+03   4.0340000E+03   2.5583295E-04   2.1897642E-04
   1.5511131E+03   5.4870000E+03   4.0030000E+03   4.8704639E-04   9.6628234E-05
   1.5511207E+03   5.4220000E+03   3.9090000E+03   3.7551012E-04   2.3923049E-04
   1.5511282E+03   5.5150000E+03   4.0830000E+03   4.0347006E-04   2.3038547E-04
   1.5511357E+03   5.4120000E+03   3.9200000E+03   6.0881334E-04   1.6756768E-04
   1.5511433E+03   5.5240000E+03   3.9820000E+03   1.5617767E-04   1.7101769E-04
   1.5511508E+03   5.5280000E+03   4.0510000E+03   3.8024876E-04   1.1336983E-04
   1.5511583E+03   5.4770000E+03   3.9850000E+03   1.0904180E-04   1.3883637E-04
   1.5511658E+03   5.3730000E+03   3.9180000E+03   3.0766609E-04   1.2720371E-04
   1.5511734E+03   5.5940000E+03   4.0820000E+03   2.5376643E-04   3.6646928E-04
   1.5511809E+03   5.5500000E+03   4.0780000E+03   2.1114377E-04   9.7294653E-06
   1.5511884E+03   5.6050000E+03   4.1130000E+03   4.5824092E-04   2.8301394E-04
   1.5511960E+03   5.4300000E+03   3.9730000E+03   3.9984760E-04   3.7445566E-04
   1.5512035E+03   5.4880000E+03   3.9710000E+03   2.3250254E-04   3.7136178E-04
   1.5512110E+03   5.4340000E+03   3.9590000E+03   1.1401426E-04   3.4328543E-04
   1.5512185E+03   5.5680000E+03   4.0850000E+03   6.9801618E-04   2.8109104E-04
   1.5512261E+03   5.5340000E+03   4.0260000E+03   2.7566266E-04   1.5406030E-04
   1.5512336E+03   5.5620000E+03   4.1160000E+03   3.9685035E-05   1.9724896E-04
   1.5512411E+03   5.4900000E+03   4.0080000E+03   3.9338853E-04   1.7900358E-04
   1.5512487E+03   5.6340000E+03   4.0840000E+03   1.2563600E-04   2.3141429E-04
   1.5512562E+03   5.5960000E+03   4.0490000E+03   4.8071579E-04   4.1499989E-04
   1.5512637E+03   5.4890000E+03   4.0320000E+03   1.5194940E-04   2.2725135E-04
   1.5512712E+03   5.6220000E+03   4.0820000E+03   1.4549698E-04   3.7318824E-04
   1.5512788E+03   5.6040000E+03   4.0460000E+03   1.6691060E-04   3.1408529E-04
   1.5512863E+03   5.4770000E+03   3.9860000E+03   1.9708288E-04   3.0871952E-04
   1.5512938E+03   5.4710000E+03   3.9780000E+03   9.9680668E-05   1.7091659E-04
   1.5513014E+03   5.5400000E+03   4.0310000E+03   3.7459166E-04   6.9216677E-04
   1.5513089E+03   5.5290000E+03   4.0720000E+03   3.7293389E-04   3.7711604E-04
   1.5513164E+03   5.6170000E+03   4.0880000E+03   1.3905980E-04   2.2917806E-04
   1.5513239E+03   5.3940000E+03   3.9280000E+03   3.7191180E-04   2.9507279E-04
   1.5513315E+03   5.5290000E+03   4.0610000E+03   1.5187049E-04   1.8235812E-04
   1.5513390E+03   5.5920000E+03   4.1060000E+03   1.1435613E-04   1.0491463E-04
   1.5513465E+03   5.7490000E+03   4.2500000E+03   1.8463064E-04   2.0449898E-04
   1.5513541E+03   5.7290000E+03   4.1780000E+03   1.4203670E-04   1.4511216E-04
   1.5513616E+03   5.4970000E+03   3.9750000E+03   1.9837830E-04   2.6963563E-04
   1.5513691E+03   5.5140000E+03   4.0790000E+03   4.1336457E-04   1.5314715E-04
   1.5513766E+03   5.4340000E+03   3.9950000E+03   1.3338959E-04   1.6601674E-04
   1.5513842E+03   5.5350000E+03   4.0420000E+03   3.5806356E-04   4.4526560E-04
   1.5513917E+03   5.5870000E+03   4.0860000E+03   1.5533861E-04   2.5043944E-04
   1.5513992E+03   5.7140000E+03   4.1190000E+03   2.8542504E-04   3.8511083E-04
   1.5514068E+03   5.5270000E+03   4.0010000E+03   2.6975530E-04   3.3606998E-04
   1.5514143E+03   5.7520000E+03   4.1750000E+03   1.1164603E-04   2.6617303E-04
   1.5514218E+03   5.6630000E+03   4.1360000E+03   1.0073301E-04   1.5861695E-04
   1.5514293E+03   5.5850000E+03   4.1200000E+03   9.7934757E-05   1.5890737E-04
   1.5514369E+03   5.5920000E+03   4.0350000E+03   1.3603186E-04   1.5015421E-04
   1.5514444E+03   5.5760000E+03   4.1360000E+03   9.5472373E-05   1.2927011E-04
   1.5514519E+03   5.7720000E+03   4.2050000E+03   2.4269324E-04   3.4612355E-04
   1.5514595E+03   5.5330000E+03   3.9990000E+03   1.7373413E-04   1.3758921E-04
   1.5514670E+03   5.6210000E+03   4.1150000E+03   7.7172796E-05   9.6935076E-05
   1.5514745E+03   5.6980000E+03   4.1770000E+03   1.5891121E-04   1.7704466E-04
   1.5514820E+03   5.5690000E+03   4.0820000E+03   2.2942173E-04   3.1141710E-04
   1.5514896E+03   5.7500000E+03   4.2130000E+03   2.9546384E-04   3.7297366E-04
   1.5514971E+03   5.6670000E+03   4.1840000E+03   4.3301139E-05   6.0788727E-05
   1.5515046E+03   5.6960000E+03   4.0750000E+03   4.6196262E-04   4.6573913E-04
   1.5515122E+03   5.7180000E+03   4.1010000E+03   6.3488854E-05   8.4904170E-05
   1.5515197E+03   5.6530000E+03   4.0870000E+03   2.3464438E-04   4.2110047E-04
   1.5515272E+03   5.6250000E+03   4.0770000E+03   1.3411533E-04   1.8514871E-04
   1.5515347E+03   5.6240000E+03   4.0720000E+03   2.7037029E-04   3.7071962E-04
   1.5515423E+03   5.6450000E+03   4.0760000E+03   1.2304963E-04   1.5420512E-04
   1.5515498E+03   5.6740000E+03   4.1920000E+03   1.6930365E-04   1.7822611E-04
   1.5515573E+03   5.7680000E+03   4.2000000E+03   2.0154444E-04   1.7374613E-04
   1.5515648E+03   5.6820000E+03   4.1680000E+03   1.2827292E-04   1.1939462E-04
   1.5515724E+03   5.6990000E+03   4.1440000E+03   1.3125777E-04   2.3556010E-04
   1.5515799E+03   5.6430000E+03   4.1310000E+03   2.5728402E-04   1.5558184E-04
   1.5515874E+03   5.6110000E+03   4.0640000E+03   1.3283399E-04   1.8345212E-04
   1.5515950E+03   5.7140000E+03   4.1370000E+03   4.6895887E-05   6.5012904E-05
   1.5516025E+03   5.5520000E+03   4.0180000E+03   1.3368297E-04   1.5288404E-04
   1.5516100E+03   5.7430000E+03   4.1490000E+03   2.6700585E-04   1.9735209E-04
   1.5516175E+03   5.6740000E+03   4.1100000E+03   1.7123658E-04   2.3800316E-04
   1.5516251E+03   5.6570000E+03   4.1490000E+03   2.2418508E-04   2.4231749E-04
   1.5516326E+03   5.6690000E+03   4.1510000E+03   6.1100359E-05   8.1760414E-05
   1.5516401E+03   5.6290000E+03   4.0990000E+03   1.1191037E-04   1.5338321E-04
   1.5516477E+03   5.7620000E+03   4.1990000E+03   3.2698570E-04   4.4989927E-04
   1.5516552E+03   5.7000000E+03   4.1390000E+03   2.0868873E-04   2.8601052E-04
   1.5516627E+03   5.5330000E+03   4.0710000E+03   9.6470578E-05   1.3048102E-04
   1.5516702E+03   5.8170000E+03   4.1460000E+03   2.0492042E-04   2.5239925E-04
   1.5516778E+03   5.7540000E+03   4.2110000E+03   2.5102640E-04   3.4380997E-04
   1.5516853E+03   5.6430000E+03   4.1550000E+03   1.0678844E-04   1.4540146E-04
   1.5516928E+03   5.6820000E+03   4.1560000E+03   2.0339780E-04   2.7755325E-04
   1.5517004E+03   5.7070000E+03   4.2110000E+03   2.5331924E-04   1.9544276E-04
   1.5517079E+03   5.7940000E+03   4.2460000E+03   5.0107662E-05   8.4441290E-05
   1.5517154E+03   5.6220000E+03   4.0910000E+03   1.4568450E-04   1.9916511E-04
   1.5517229E+03   5.7690000E+03   4.1770000E+03   3.0247202E-04   4.1666433E-04
   1.5517305E+03   5.6560000E+03   4.1230000E+03   9.8301123E-05   1.3443293E-04
   1.5517380E+03   5.7180000E+03   4.1350000E+03   2.1640950E-04   3.0085741E-04
   1.5517455E+03   5.8360000E+03   4.2420000E+03   1.1066021E-04   1.3513910E-04
   1.5517531E+03   5.7610000E+03   4.1650000E+03   5.2703853E-05   8.1277673E-05
   1.5517606E+03   5.6430000E+03   4.0600000E+03   2.6551990E-04   2.9344758E-04
   1.5517681E+03   5.6880000E+03   4.1530000E+03   2.7848138E-04   4.1517888E-04
   1.5517756E+03   5.6040000E+03   4.0930000E+03   1.6444382E-04   2.2339279E-04
   1.5517832E+03   5.7310000E+03   4.0590000E+03   3.4944163E-04   3.8694661E-04
   1.5517907E+03   5.6640000E+03   4.0760000E+03   9.8852726E-05   1.5668122E-04
   1.5517982E+03   5.7170000E+03   4.1380000E+03   1.3859744E-04   1.9272058E-04
   1.5518058E+03   5.7520000E+03   4.1930000E+03   3.2366398E-04   2.8082546E-04
   1.5518133E+03   5.8510000E+03   4.2270000E+03   2.1078546E-04   2.5972419E-04
   1.5518208E+03   5.5760000E+03   4.0110000E+03   7.8308066E-05   1.1097804E-04
   1.5518283E+03   5.7390000E+03   4.1590000E+03   2.7383311E-04   3.8073141E-04
   1.5518359E+03   5.5840000E+03   4.1200000E+03   6.7932889E-05   6.9650077E-05
   1.5518434E+03   5.6450000E+03   4.1400000E+03   2.5632463E-04   3.3860924E-04
   1.5518509E+03   5.6240000E+03   4.0530000E+03   1.8728375E-04   2.6321236E-04
   1.5518585E+03   5.7640000E+03   4.1620000E+03   1.0225531E-04   1.4079547E-04
   1.5518660E+03   5.7580000E+03   4.0860000E+03   2.4370379E-04   3.7136576E-04
   1.5518735E+03   5.7580000E+03   4.1800000E+03   6.7763219E-05   9.4222175E-05
   1.5518810E+03   5.6870000E+03   4.1480000E+03   1.7024147E-04   2.4770178E-04
   1.5518886E+03   5.7460000E+03   4.1840000E+03   1.0754592E-04   2.9963556E-04
   1.5518961E+03   5.7980000E+03   4.2290000E+03   2.2402372E-04   3.0852237E-04
   1.5519036E+03   5.7260000E+03   4.1690000E+03   9.7400505E-05   1.3353641E-04
   1.5519112E+03   5.7940000E+03   4.1970000E+03   1.5986614E-04   2.0307562E-04
   1.5519187E+03   5.7600000E+03   4.1440000E+03   1.8081442E-04   2.1141433E-04
   1.5519262E+03   5.9170000E+03   4.3040000E+03   1.8113731E-04   3.3310891E-04
   1.5519337E+03   5.7170000E+03   4.1730000E+03   3.2603468E-04   4.4547981E-04
   1.5519413E+03   5.7640000E+03   4.1690000E+03   1.4265930E-04   2.1288957E-04
   1.5519488E+03   5.8200000E+03   4.1710000E+03   1.1671440E-04   1.8686143E-04
   1.5519563E+03   5.8600000E+03   4.2460000E+03   2.1129655E-04   4.1068926E-04
   1.5519638E+03   5.7390000E+03   4.1890000E+03   1.0343033E-04   1.9923150E-04
   1.5519714E+03   5.7260000E+03   4.1470000E+03   5.2593019E-05   7.2749969E-05
   1.5519789E+03   5.6910000E+03   4.0860000E+03   2.8011676E-04   3.7787540E-04
   1.5519864E+03   5.7160000E+03   4.1000000E+03   2.0937474E-04   2.9322215E-04
   1.5519940E+03   5.6240000E+03   4.0440000E+03   1.9110293E-04   2.6494549E-04
   1.5520015E+03   5.7000000E+03   4.0440000E+03   1.5732427E-04   2.2127796E-04
   1.5520090E+03   5.6690000E+03   4.1740000E+03   1.7156154E-04   2.3272627E-04
   1.5520165E+03   5.8070000E+03   4.1410000E+03   9.7599731E-05   1.5919764E-04
   1.5520241E+03   5.6310000E+03   4.0570000E+03   3.7983225E-05   5.2942806E-05
   1.5520316E+03   5.7280000E+03   4.1180000E+03   1.8770585E-04   2.6278342E-04
   1.5520391E+03   5.6940000E+03   4.0700000E+03   1.2544868E-04   1.7334310E-04
   1.5520467E+03   5.8090000E+03   4.1680000E+03   1.6735505E-04   2.5055445E-04
   1.5520542E+03   5.7680000E+03   4.1820000E+03   3.0314336E-04   3.8198749E-04
   1.5520617E+03   5.7930000E+03   4.2370000E+03   2.2547564E-04   3.0627980E-04
   1.5520692E+03   5.7130000E+03   4.1260000E+03   2.1642541E-04   2.9964193E-04
   1.5520768E+03   5.6320000E+03   4.0770000E+03   8.9767216E-05   1.2306147E-04
   1.5520843E+03   5.6850000E+03   4.0910000E+03   7.0685485E-05   9.7163581E-05
   1.5520918E+03   5.7700000E+03   4.2030000E+03   2.4158784E-04   3.3216675E-04
   1.5520994E+03   5.7200000E+03   4.1130000E+03   5.0333516E-05   7.0451833E-05
   1.5521069E+03   5.6570000E+03   4.0500000E+03   1.3964179E-04   2.4827563E-04
   1.5521144E+03   5.7470000E+03   4.1170000E+03   1.1346165E-04   1.6395677E-04
   1.5521219E+03   5.6740000E+03   4.1020000E+03   1.1726450E-04   1.6497596E-04
   1.5521295E+03   5.7300000E+03   4.1300000E+03   1.8079175E-04   2.4891436E-04
   1.5521370E+03   5.7400000E+03   4.1130000E+03   2.8102451E-04   3.9537007E-04
   1.5521445E+03   5.7270000E+03   4.1520000E+03   2.4278078E-04   3.1668543E-04
   1.5521521E+03   5.6420000E+03   4.0430000E+03   4.3802075E-05   6.1227448E-05
   1.5521596E+03   5.7460000E+03   4.0900000E+03   1.8518163E-04   2.6035916E-04
   1.5521671E+03   5.7550000E+03   4.0920000E+03   1.8993744E-04   2.5763516E-04
   1.5521746E+03   5.8400000E+03   4.1550000E+03   3.0466747E-04   4.2166848E-04
   1.5521822E+03   5.5520000E+03   4.0020000E+03   5.5819500E-05   1.3934368E-04
   1.5521897E+03   5.7050000E+03   4.0730000E+03   2.3326022E-04   3.2747953E-04
   1.5521972E+03   5.7520000E+03   4.1220000E+03   2.8220960E-04   1.8870055E-04
   1.5522048E+03   5.7480000E+03   4.0620000E+03   1.6595813E-05   1.9130957E-04
   1.5522123E+03   5.6950000E+03   4.0350000E+03   8.6591804E-05   1.2158431E-04
   1.5522198E+03   5.5300000E+03   3.9830000E+03   1.9612597E-04   2.7417887E-04
   1.5522273E+03   5.6030000E+03   3.9990000E+03   2.5572745E-04   3.5726557E-04
   1.5522349E+03   5.5860000E+03   4.0160000E+03   1.1731263E-04   1.6332103E-04
   1.5522424E+03   5.6760000E+03   4.0970000E+03   5.5550758E-05   1.2722437E-04
   1.5522499E+03   5.6260000E+03   4.0970000E+03   1.1899379E-04   1.5626325E-04
   1.5522575E+03   5.7640000E+03   4.1460000E+03   2.2198725E-04   2.8209991E-04
   1.5522650E+03   5.6600000E+03   4.0360000E+03   1.8309446E-04   2.5585074E-04
   1.5522725E+03   5.6710000E+03   4.0480000E+03   1.5890789E-04   1.2694743E-04
   1.5522800E+03   5.7440000E+03   4.1940000E+03   2.9168505E-04   3.4664967E-04
   1.5522876E+03   5.8500000E+03   4.1430000E+03   1.9499026E-04   2.6735902E-04
   1.5522951E+03   5.6370000E+03   4.0680000E+03   7.2184483E-05   1.3436709E-04
   1.5523026E+03   5.7430000E+03   4.1210000E+03   1.3547810E-04   1.8365598E-04
   1.5523102E+03   5.6820000E+03   4.0820000E+03   9.0284820E-05   2.3912898E-04
   1.5523177E+03   5.5520000E+03   3.9670000E+03   1.2815624E-04   2.1892159E-04
   1.5523252E+03   5.5500000E+03   3.9520000E+03   1.0335699E-04   1.5952276E-04
   1.5523327E+03   5.6450000E+03   4.0230000E+03   2.9257486E-04   4.1213765E-04
   1.5523403E+03   5.6690000E+03   4.0250000E+03   1.9678202E-04   2.8912290E-04
   1.5523478E+03   5.5890000E+03   3.9710000E+03   6.8581723E-04   9.0132332E-04
   1.5523553E+03   5.6120000E+03   3.9910000E+03   2.3650814E-04   3.2849239E-04
   1.5523629E+03   5.6570000E+03   4.0280000E+03   1.5825524E-04   2.2359780E-04
   1.5523704E+03   5.5020000E+03   3.8990000E+03   1.2058060E-04   1.6426367E-04
   1.5523779E+03   5.5680000E+03   4.0170000E+03   2.2289812E-04   3.3535239E-04
   1.5523854E+03   5.5730000E+03   3.9230000E+03   1.8270561E-04   2.5942456E-04
   1.5523930E+03   5.4920000E+03   3.9140000E+03   2.1820079E-04   3.0671487E-04
   1.5524005E+03   5.6090000E+03   4.0640000E+03   1.9351661E-05   1.9215191E-04
   1.5524080E+03   5.5720000E+03   3.9200000E+03   9.7570827E-05   1.3716864E-04
   1.5524155E+03   5.5010000E+03   3.9330000E+03   3.1348503E-04   4.3899431E-04
   1.5524231E+03   5.6910000E+03   4.0080000E+03   1.8493435E-04   2.6296378E-04
   1.5524306E+03   5.5950000E+03   4.0040000E+03   1.6979939E-04   2.6026083E-04
   1.5524381E+03   5.5410000E+03   3.9520000E+03   6.6087202E-05   1.8191971E-04
   1.5524457E+03   5.5820000E+03   4.0100000E+03   1.5156100E-04   1.8171014E-04
   1.5524532E+03   5.3050000E+03   3.7370000E+03   1.7915421E-04   2.5269422E-04
   1.5524607E+03   5.5920000E+03   3.9270000E+03   2.4367059E-04   4.5196950E-04
   1.5524682E+03   5.4020000E+03   3.8420000E+03   6.9901669E-05   9.2814442E-05
   1.5524758E+03   5.5640000E+03   3.9820000E+03   1.1271289E-04   1.5962502E-04
   1.5524833E+03   5.5130000E+03   3.9390000E+03   1.0143481E-04   1.4288439E-04
   1.5524908E+03   5.6420000E+03   4.0550000E+03   5.4239825E-04   7.5500491E-04
   1.5524984E+03   5.6030000E+03   4.0130000E+03   1.2288639E-04   1.6057372E-04
   1.5525059E+03   5.5250000E+03   3.8560000E+03   2.2254109E-04   2.7505001E-04
   1.5525134E+03   5.7150000E+03   4.1390000E+03   9.9100148E-05   1.3235032E-04
   1.5525209E+03   5.4420000E+03   3.8700000E+03   2.9487390E-04   4.1671435E-04
   1.5525285E+03   5.6040000E+03   3.9880000E+03   1.4888016E-04   2.0769655E-04
   1.5525360E+03   5.5680000E+03   3.9360000E+03   3.9923394E-05   6.8980637E-05
   1.5525435E+03   5.4990000E+03   3.9020000E+03   1.7527040E-04   1.9792015E-04
   1.5525511E+03   5.5690000E+03   3.9600000E+03   3.3957122E-05   4.2235912E-05
   1.5525586E+03   5.5630000E+03   3.9750000E+03   2.0025864E-04   3.2129107E-04
   1.5525661E+03   5.3900000E+03   3.8800000E+03   2.3525155E-04   3.3185841E-04
   1.5525736E+03   5.5770000E+03   3.9330000E+03   1.6336742E-04   2.1829324E-04
   1.5525812E+03   5.5380000E+03   3.9120000E+03   2.8621084E-04   3.9779069E-04
   1.5525887E+03   5.5920000E+03   3.9720000E+03   1.7121851E-04   3.5837372E-04
   1.5525962E+03   5.4660000E+03   3.8960000E+03   3.5622228E-05   9.0369405E-05
   1.5526038E+03   5.5740000E+03   3.9300000E+03   9.1330369E-05   1.7686843E-05
   1.5526113E+03   5.2450000E+03   3.7500000E+03   8.5717644E-05   1.1400547E-04
   1.5526188E+03   5.4850000E+03   3.8790000E+03   9.8349856E-05   1.0341048E-04
   1.5526263E+03   5.4370000E+03   3.7980000E+03   3.6044158E-05   1.1387397E-04
   1.5526339E+03   5.5410000E+03   3.9030000E+03   2.5063831E-04   3.7826864E-04
   1.5526414E+03   5.5980000E+03   3.9510000E+03   5.0891834E-04   5.3067119E-04
   1.5526489E+03   5.3810000E+03   3.7950000E+03   1.7931112E-04   2.0172145E-04
   1.5526565E+03   5.5150000E+03   3.9130000E+03   1.7274250E-04   2.4103390E-04
   1.5526640E+03   5.4380000E+03   3.8150000E+03   1.6765596E-04   2.4461880E-04
   1.5526715E+03   5.4470000E+03   3.8560000E+03   1.6533495E-04   1.7957680E-04
   1.5526790E+03   5.4140000E+03   3.8660000E+03   4.8443322E-05   8.3771272E-05
   1.5526866E+03   5.5240000E+03   3.9070000E+03   3.3455584E-05   1.0464945E-05
   1.5526941E+03   5.4200000E+03   3.8010000E+03   3.0934936E-04   8.9391669E-05
   1.5527016E+03   5.4680000E+03   3.8170000E+03   3.0061585E-04   4.4507197E-04
   1.5527092E+03   5.1920000E+03   3.6390000E+03   1.7548432E-04   2.3780154E-04
   1.5527167E+03   5.4760000E+03   3.8340000E+03   2.5237376E-04   3.6159603E-04
   1.5527242E+03   5.4440000E+03   3.7860000E+03   2.4308725E-04   2.8292884E-04
   1.5527317E+03   5.4230000E+03   3.8010000E+03   1.3528423E-04   1.9402103E-04
   1.5527393E+03   5.4300000E+03   3.8500000E+03   1.4684140E-04   1.1837695E-04
   1.5527468E+03   5.5270000E+03   3.8420000E+03   2.5460565E-04   3.4322319E-04
   1.5527543E+03   5.2850000E+03   3.7360000E+03   9.1974446E-05   1.8617661E-04
   1.5527619E+03   5.3800000E+03   3.7490000E+03   1.0365156E-04   2.1768170E-04
   1.5527694E+03   5.4920000E+03   3.8760000E+03   1.1040428E-04   1.6110475E-04
   1.5527769E+03   5.3070000E+03   3.7650000E+03   1.0016993E-04   1.4435924E-04
   1.5527844E+03   5.3620000E+03   3.7180000E+03   8.0875235E-05   9.4474087E-05
   1.5527920E+03   5.2580000E+03   3.6660000E+03   9.0276227E-05   1.3197057E-04
   1.5527995E+03   5.2780000E+03   3.6830000E+03   2.1865582E-04   2.7737415E-04
   1.5528070E+03   5.2190000E+03   3.6310000E+03   2.6357658E-04   3.6491618E-04
   1.5528146E+03   5.4090000E+03   3.7860000E+03   1.3455330E-04   1.8968970E-04
   1.5528221E+03   5.1940000E+03   3.6370000E+03   2.1882089E-04   2.6627988E-04
   1.5528296E+03   5.3900000E+03   3.7790000E+03   2.5695647E-04   3.2492319E-04
   1.5528371E+03   5.3130000E+03   3.7180000E+03   1.3773751E-04   2.3556460E-04
   1.5528447E+03   5.3390000E+03   3.7590000E+03   3.0061135E-04   4.2704505E-04
   1.5528522E+03   5.2760000E+03   3.6790000E+03   4.3003910E-05   2.7691359E-04
   1.5528597E+03   5.3330000E+03   3.7030000E+03   2.4035193E-04   2.8504698E-04
   1.5528673E+03   5.2560000E+03   3.6690000E+03   1.1912000E-04   1.7011851E-04
   1.5528748E+03   5.2590000E+03   3.6580000E+03   1.9702857E-04   2.4738194E-04
   1.5528823E+03   5.3960000E+03   3.7590000E+03   2.6823246E-04   4.1008588E-04
   1.5528898E+03   5.3000000E+03   3.6870000E+03   1.5211883E-04   1.9298436E-04
   1.5528974E+03   5.3180000E+03   3.6820000E+03   2.9374109E-04   3.9006379E-04
   1.5529049E+03   5.2360000E+03   3.6320000E+03   1.3499870E-04   7.3262059E-05
   1.5529124E+03   5.2380000E+03   3.6420000E+03   1.8426897E-04   2.6691017E-04
   1.5529199E+03   5.2320000E+03   3.6230000E+03   3.5232084E-04   4.5024133E-04
   1.5529275E+03   5.2260000E+03   3.6520000E+03   1.5823931E-04   1.8842142E-04
   1.5529350E+03   5.2960000E+03   3.6260000E+03   3.5930851E-04   4.7750477E-04
   1.5529425E+03   5.1290000E+03   3.5480000E+03   1.2789262E-04   1.8500861E-04
   1.5529501E+03   5.3130000E+03   3.6750000E+03   4.2690206E-04   6.5814713E-04
   1.5529576E+03   5.2210000E+03   3.5690000E+03   1.3463279E-04   1.8982076E-04
   1.5529651E+03   5.2010000E+03   3.5930000E+03   1.4885945E-04   1.7223500E-04
   1.5529726E+03   5.1740000E+03   3.5140000E+03   2.7014355E-04   3.3718835E-04
   1.5529802E+03   5.1330000E+03   3.5560000E+03   3.0388200E-05   4.7221981E-05
   1.5529877E+03   5.2830000E+03   3.6900000E+03   2.1308138E-04   3.1116845E-04
   1.5529952E+03   5.2650000E+03   3.5820000E+03   4.2264213E-04   6.2185975E-04
   1.5530028E+03   5.0330000E+03   3.4610000E+03   2.8110506E-04   3.1621400E-04
   1.5530103E+03   5.1670000E+03   3.5100000E+03   2.0802148E-04   3.1374542E-04
   1.5530178E+03   5.1240000E+03   3.4590000E+03   9.0782892E-05   1.3372889E-04
   1.5530253E+03   5.2290000E+03   3.6100000E+03   1.8353823E-04   2.5738712E-04
   1.5530329E+03   5.0100000E+03   3.4240000E+03   8.9283809E-05   1.3005199E-04
   1.5530404E+03   5.1490000E+03   3.4760000E+03   4.6016303E-04   6.6082721E-04
   1.5530479E+03   5.0880000E+03   3.4190000E+03   1.7765877E-04   2.9007473E-04
   1.5530555E+03   4.9960000E+03   3.3820000E+03   1.5429611E-04   2.5721067E-04
   1.5530630E+03   5.2650000E+03   3.6140000E+03   3.9630028E-04   5.8636336E-04
   1.5530705E+03   5.0890000E+03   3.4470000E+03   2.3666255E-04   3.3185693E-04
   1.5530780E+03   4.9620000E+03   3.3330000E+03   2.1914065E-04   2.8197580E-04
   1.5530856E+03   4.9870000E+03   3.3770000E+03   2.1974485E-04   3.2183850E-04
   1.5530931E+03   5.1210000E+03   3.4710000E+03   4.2860576E-04   5.6787692E-04
   1.5531006E+03   4.9680000E+03   3.3450000E+03   2.8906220E-04   4.2366329E-04
   1.5531082E+03   4.9940000E+03   3.3650000E+03   2.3344588E-04   2.2871863E-04
   1.5531157E+03   5.0320000E+03   3.3760000E+03   2.9891914E-04   3.9341658E-04
   1.5531232E+03   5.1170000E+03   3.4520000E+03   1.3515772E-04   3.6531017E-04
   1.5531307E+03   4.9920000E+03   3.3780000E+03   9.2453661E-05   1.5409346E-04
   1.5531383E+03   5.0870000E+03   3.4740000E+03   6.0655118E-04   7.6193163E-04
   1.5531458E+03   5.0250000E+03   3.3770000E+03   1.4661669E-04   2.1829433E-04
   1.5531533E+03   5.0300000E+03   3.3900000E+03   1.2267256E-04   1.4709803E-04
   1.5531609E+03   4.9970000E+03   3.3320000E+03   1.6855540E-04   2.5129738E-04
   1.5531684E+03   4.9880000E+03   3.3330000E+03   1.3229844E-04   1.9114793E-04
   1.5531759E+03   4.9000000E+03   3.2340000E+03   1.4641687E-04   1.4531241E-04
   1.5531834E+03   4.8600000E+03   3.2490000E+03   3.5431959E-05   8.8517777E-05
   1.5531910E+03   4.9340000E+03   3.3410000E+03   2.9204580E-04   3.8241373E-04
   1.5531985E+03   4.8720000E+03   3.2640000E+03   1.9525523E-04   3.1346685E-04
   1.5532060E+03   4.9520000E+03   3.2610000E+03   2.9433269E-04   3.5067098E-04
   1.5532136E+03   5.0130000E+03   3.3360000E+03   2.0688357E-04   4.0500655E-04
   1.5532211E+03   4.8880000E+03   3.1610000E+03   4.5698502E-05   1.1602842E-04
   1.5532286E+03   4.8630000E+03   3.1900000E+03   4.4176747E-05   8.0144563E-05
   1.5532361E+03   4.8170000E+03   3.1740000E+03   2.8244390E-04   4.1727680E-04
   1.5532437E+03   4.9970000E+03   3.2950000E+03   1.2429866E-04   1.9029655E-04
   1.5532512E+03   4.9960000E+03   3.3130000E+03   3.0814716E-05   9.6974404E-05
   1.5532587E+03   4.8450000E+03   3.1510000E+03   1.9486020E-04   3.3042043E-04
   1.5532663E+03   4.8370000E+03   3.1270000E+03   1.1145304E-04   1.7233701E-04
   1.5532738E+03   4.9020000E+03   3.1980000E+03   1.8777760E-04   2.7018466E-04
   1.5532813E+03   4.9110000E+03   3.1900000E+03   2.3569876E-04   3.5213269E-04
   1.5532888E+03   4.9100000E+03   3.2360000E+03   7.1584888E-05   1.0772069E-04
   1.5532964E+03   4.8140000E+03   3.1860000E+03   4.2875032E-04   3.8717185E-04
   1.5533039E+03   4.8480000E+03   3.0940000E+03   4.6857348E-05   5.9091985E-05
   1.5533114E+03   4.8380000E+03   3.1350000E+03   5.5617484E-05   1.9574812E-04
   1.5533189E+03   4.9340000E+03   3.1940000E+03   1.0655039E-04   1.3061284E-04
   1.5533265E+03   4.8860000E+03   3.1930000E+03   5.1643081E-04   7.5385948E-04
   1.5533340E+03   4.7210000E+03   3.0710000E+03   3.3435864E-05   9.8066690E-05
   1.5533415E+03   4.7450000E+03   3.0580000E+03   1.3255269E-04   2.0516973E-04
   1.5533491E+03   4.9080000E+03   3.1310000E+03   2.9377198E-04   4.1977835E-04
   1.5533566E+03   4.8880000E+03   3.1750000E+03   8.2643965E-05   1.0684092E-04
   1.5533641E+03   4.8190000E+03   3.1080000E+03   1.8645321E-04   2.1776923E-04
   1.5533716E+03   4.7790000E+03   3.0620000E+03   1.2662270E-04   1.7217975E-04
   1.5533792E+03   4.7000000E+03   3.0520000E+03   9.6327643E-05   7.0323161E-05
   1.5533867E+03   4.7800000E+03   3.1050000E+03   7.5351173E-05   1.3545549E-04
   1.5533942E+03   4.7270000E+03   3.0070000E+03   2.0141802E-04   3.0360278E-04
   1.5534018E+03   4.9100000E+03   3.1510000E+03   1.0293853E-04   1.9349673E-04
   1.5534093E+03   4.7150000E+03   3.0020000E+03   1.2543360E-04   1.9094742E-04
   1.5534168E+03   4.6250000E+03   2.9490000E+03   3.3795260E-04   6.1190792E-04
   1.5534243E+03   4.6430000E+03   2.9690000E+03   2.2653290E-04   4.0519443E-04
   1.5534319E+03   4.5500000E+03   2.8900000E+03   2.1239921E-04   3.5760256E-04
   1.5534394E+03   4.6420000E+03   2.9830000E+03   1.4003142E-04   2.2089438E-04
   1.5534469E+03   4.5730000E+03   2.9500000E+03   2.4257979E-04   3.5133470E-04
   1.5534545E+03   4.6350000E+03   2.9500000E+03   5.0130749E-05   6.8938927E-05
   1.5534620E+03   4.5390000E+03   2.9100000E+03   2.1154707E-04   3.4475594E-04
   1.5534695E+03   4.6390000E+03   3.0290000E+03   2.0403810E-04   3.1292267E-04
   1.5534770E+03   4.7030000E+03   2.9620000E+03   8.4908953E-05   9.9394975E-05
   1.5534846E+03   4.4990000E+03   2.8580000E+03   6.8103397E-05   1.6059697E-04
   1.5534921E+03   4.4730000E+03   2.9300000E+03   8.6970282E-05   1.1492499E-04
   1.5534996E+03   4.6640000E+03   2.9830000E+03   2.2871000E-04   3.5326410E-04
   1.5535072E+03   4.5180000E+03   2.8760000E+03   1.7442801E-04   2.5434153E-04
   1.5535147E+03   4.6050000E+03   2.8960000E+03   1.2942699E-04   2.1761436E-04
   1.5535222E+03   4.5200000E+03   2.8530000E+03   1.9087307E-04   2.9390855E-04
   1.5535297E+03   4.5910000E+03   2.8800000E+03   1.6475625E-04   2.3352053E-04
   1.5535373E+03   4.4760000E+03   2.9110000E+03   4.0046433E-05   5.5196429E-05
   1.5535448E+03   4.5860000E+03   2.8950000E+03   2.7205438E-04   3.4268259E-04
   1.5535523E+03   4.6130000E+03   2.9150000E+03   3.2123646E-04   2.9670476E-04
   1.5535599E+03   4.4870000E+03   2.9170000E+03   2.5647878E-04   2.9825223E-04
   1.5535674E+03   4.4180000E+03   2.8320000E+03   1.5763794E-04   1.6379154E-04
   1.5535749E+03   4.3590000E+03   2.7730000E+03   2.6048211E-04   4.5408886E-04
   1.5535824E+03   4.4480000E+03   2.8560000E+03   8.8381569E-05   2.6190599E-04
   1.5535900E+03   4.4250000E+03   2.8190000E+03   7.5679256E-05   1.6004865E-04
   1.5535975E+03   4.4090000E+03   2.7970000E+03   4.2045626E-04   5.8358455E-04
   1.5536050E+03   4.4510000E+03   2.8750000E+03   2.8841623E-04   4.1962154E-04
   1.5536126E+03   4.3650000E+03   2.7680000E+03   3.0470849E-04   5.5923055E-04
   1.5536201E+03   4.3890000E+03   2.8070000E+03   1.8176945E-04   2.9087329E-04
   1.5536276E+03   4.2740000E+03   2.7070000E+03   3.5565072E-04   5.4727024E-04
   1.5536351E+03   4.3390000E+03   2.8310000E+03   1.5545129E-04   1.6736864E-04
   1.5536427E+03   4.4510000E+03   2.8640000E+03   3.0844748E-04   2.8323133E-04
   1.5536502E+03   4.4060000E+03   2.8030000E+03   1.9257829E-04   4.1272830E-04
   1.5536577E+03   4.2760000E+03   2.7300000E+03   7.1833264E-05   6.4294609E-05
   1.5536653E+03   4.2470000E+03   2.7280000E+03   2.6763185E-04   4.1805628E-04
   1.5536728E+03   4.3280000E+03   2.7470000E+03   2.2783358E-04   4.0568548E-04
   1.5536803E+03   4.3650000E+03   2.7890000E+03   3.4210891E-04   6.5747280E-04
   1.5536878E+03   4.2220000E+03   2.7060000E+03   1.9376057E-04   3.8291007E-04
   1.5536954E+03   4.2790000E+03   2.7690000E+03   8.6199404E-05   1.3131096E-04
   1.5537029E+03   4.3050000E+03   2.7330000E+03   3.4659077E-04   5.2441114E-04
   1.5537104E+03   4.1950000E+03   2.7090000E+03   2.3620726E-04   3.6535210E-04
   1.5537180E+03   4.2370000E+03   2.7440000E+03   1.6693943E-04   2.7265388E-04
   1.5537255E+03   4.1280000E+03   2.6430000E+03   1.3658098E-04   2.6572629E-04
   1.5537330E+03   4.3200000E+03   2.7670000E+03   1.7497412E-04   2.7985724E-04
   1.5537405E+03   4.2130000E+03   2.7200000E+03   2.3167860E-04   1.9735539E-04
   1.5537481E+03   4.1750000E+03   2.6820000E+03   2.9897877E-04   5.3064155E-04
   1.5537556E+03   4.1840000E+03   2.6510000E+03   5.9081526E-04   4.0723313E-04
   1.5537631E+03   4.0910000E+03   2.6550000E+03   2.9755153E-04   3.8925588E-04
   1.5537706E+03   4.1050000E+03   2.6940000E+03   2.6901100E-04   4.7899993E-04
   1.5537782E+03   4.0780000E+03   2.5960000E+03   1.1432141E-03   1.9020225E-03
   1.5537857E+03   4.2120000E+03   2.7260000E+03   1.3559285E-04   4.1479031E-04
   1.5537932E+03   4.1820000E+03   2.6350000E+03   8.1074658E-05   2.6982238E-04
   1.5538008E+03   3.9230000E+03   2.5330000E+03   1.7331992E-04   4.7162880E-04
   1.5538083E+03   4.0990000E+03   2.6800000E+03   2.1841724E-04   3.2112905E-04
   1.5538158E+03   4.0580000E+03   2.6240000E+03   2.5989110E-04   3.5428866E-04
   1.5538233E+03   4.0110000E+03   2.6020000E+03   1.6159551E-04   6.2179322E-04
   1.5538309E+03   4.0750000E+03   2.6810000E+03   2.7023631E-04   4.3078332E-04
   1.5538384E+03   3.9760000E+03   2.6170000E+03   6.3184462E-05   1.4681930E-04
   1.5538459E+03   4.0350000E+03   2.6240000E+03   1.7961696E-04   2.7618200E-04
   1.5538535E+03   3.9490000E+03   2.5170000E+03   4.8382879E-04   5.9991163E-04
   1.5538610E+03   3.9470000E+03   2.5350000E+03   3.0881456E-04   4.7294718E-04
   1.5538685E+03   4.0420000E+03   2.6670000E+03   3.0319797E-04   4.1552759E-04
   1.5538760E+03   3.8920000E+03   2.4940000E+03   7.3209143E-04   7.7533590E-04
   1.5538836E+03   3.9680000E+03   2.5850000E+03   3.2697665E-04   3.1206912E-04
   1.5538911E+03   3.9540000E+03   2.6010000E+03   9.0887690E-05   8.1835678E-05
   1.5538986E+03   3.9440000E+03   2.5210000E+03   1.1217044E-04   2.6992192E-04
   1.5539062E+03   3.9130000E+03   2.5700000E+03   3.8696025E-04   4.7618384E-04
   1.5539137E+03   3.9420000E+03   2.5760000E+03   3.1563425E-04   4.5832525E-04
   1.5539212E+03   3.8530000E+03   2.5120000E+03   1.9518303E-04   3.8283907E-04
   1.5539287E+03   3.9810000E+03   2.5910000E+03   3.7787001E-04   6.0508732E-04
   1.5539363E+03   3.8220000E+03   2.4480000E+03   3.0787062E-04   3.0498207E-04
   1.5539438E+03   3.8630000E+03   2.5670000E+03   3.3769956E-04   5.5764620E-04
   1.5539513E+03   3.9550000E+03   2.4630000E+03   1.1033651E-04   2.3218447E-04
   1.5539589E+03   3.8170000E+03   2.5460000E+03   4.6134258E-04   6.4102959E-04
   1.5539664E+03   3.8520000E+03   2.4890000E+03   1.2245373E-04   2.3171371E-04
   1.5539739E+03   3.8790000E+03   2.5700000E+03   2.6090668E-04   3.2182395E-04
   1.5539814E+03   3.7980000E+03   2.4400000E+03   3.2983055E-04   5.7319584E-04
   1.5539890E+03   3.7760000E+03   2.4590000E+03   1.9851729E-04   2.9897711E-04
   1.5539965E+03   3.7210000E+03   2.4140000E+03   2.5727369E-04   5.0943934E-04
   1.5540040E+03   3.6850000E+03   2.3600000E+03   2.8037436E-04   3.6203528E-04
   1.5540116E+03   3.8700000E+03   2.5230000E+03   2.6563883E-04   4.1810625E-04
   1.5540191E+03   3.7770000E+03   2.4350000E+03   7.3549022E-05   1.8198928E-04
   1.5540266E+03   3.7180000E+03   2.4480000E+03   8.7533928E-05   1.3768970E-04
   1.5540341E+03   3.7380000E+03   2.4180000E+03   4.5122484E-04   6.1304017E-04
   1.5540417E+03   3.6360000E+03   2.3610000E+03   4.6949138E-05   1.0365661E-04
   1.5540492E+03   3.7300000E+03   2.4470000E+03   3.2617079E-04   3.7025016E-04
   1.5540567E+03   3.7860000E+03   2.4910000E+03   1.1791112E-04   2.5036960E-05
   1.5540643E+03   3.7450000E+03   2.4490000E+03   3.5116183E-04   5.7898848E-04
   1.5540718E+03   3.6410000E+03   2.3850000E+03   2.6910399E-04   4.6957335E-04
   1.5540793E+03   3.7880000E+03   2.4820000E+03   2.3626168E-04   2.3794460E-04
   1.5540868E+03   3.7740000E+03   2.4860000E+03   1.9320088E-04   2.4612684E-04
   1.5540944E+03   3.6770000E+03   2.3840000E+03   3.2585087E-04   7.8316750E-04
   1.5541019E+03   3.6220000E+03   2.3590000E+03   1.8571605E-04   3.2486572E-04
   1.5541094E+03   3.5790000E+03   2.3100000E+03   2.3835465E-04   3.6339258E-04
   1.5541170E+03   3.6910000E+03   2.4120000E+03   3.7661814E-05   5.5224533E-06
   1.5541245E+03   3.5610000E+03   2.3570000E+03   4.5014979E-04   6.4369318E-04
   1.5541320E+03   3.5490000E+03   2.3540000E+03   3.9010695E-04   6.3588955E-04
   1.5541395E+03   3.6390000E+03   2.3570000E+03   4.5942912E-04   5.3727112E-04
   1.5541471E+03   3.7380000E+03   2.3990000E+03   3.7016126E-04   4.9145284E-04
   1.5541546E+03   3.6090000E+03   2.3580000E+03   2.2610348E-04   2.3434488E-04
   1.5541621E+03   3.5410000E+03   2.3130000E+03   2.4079096E-04   4.2005487E-04
   1.5541697E+03   3.5650000E+03   2.2910000E+03   1.2405153E-04   1.1358942E-04
   1.5541772E+03   3.6380000E+03   2.4230000E+03   1.9729285E-04   8.5321480E-05
   1.5541847E+03   3.6030000E+03   2.3380000E+03   4.2531948E-04   5.1389996E-04
   1.5541922E+03   3.5010000E+03   2.3070000E+03   1.8936498E-04   2.8820527E-04
   1.5541998E+03   3.4930000E+03   2.3250000E+03   1.4807471E-04   1.8678235E-04
   1.5542073E+03   3.5250000E+03   2.3180000E+03   3.8586395E-04   5.6269320E-04
   1.5542148E+03   3.6070000E+03   2.3370000E+03   4.7217332E-04   6.3720034E-04
   1.5542224E+03   3.5020000E+03   2.2740000E+03   1.1249275E-04   1.7920385E-04
   1.5542299E+03   3.4830000E+03   2.2430000E+03   2.6114851E-04   5.0506024E-04
   1.5542374E+03   3.5130000E+03   2.2680000E+03   6.4083273E-04   1.0492405E-03
   1.5542449E+03   3.5470000E+03   2.2880000E+03   3.1229596E-04   3.0400295E-04
   1.5542525E+03   3.5180000E+03   2.2940000E+03   6.7570159E-04   1.1323897E-03
   1.5542600E+03   3.5070000E+03   2.2910000E+03   2.0154771E-04   8.1285725E-05
   1.5542675E+03   3.5860000E+03   2.3600000E+03   4.7552887E-04   3.3958160E-04
   1.5542750E+03   3.5230000E+03   2.2530000E+03   3.9942451E-04   5.6979621E-04
   1.5542826E+03   3.5000000E+03   2.2610000E+03   3.0230752E-04   3.1819806E-04
   1.5542901E+03   3.4430000E+03   2.2460000E+03   7.5473091E-05   1.3609798E-04
   1.5542976E+03   3.5080000E+03   2.2420000E+03   2.7588238E-04   4.1413747E-04
   1.5543052E+03   3.4640000E+03   2.2260000E+03   1.3300344E-04   2.0621107E-04
   1.5543127E+03   3.3550000E+03   2.2030000E+03   3.4731955E-04   4.6050627E-04
   1.5543202E+03   3.3970000E+03   2.2040000E+03   7.1697623E-05   1.7713701E-04
   1.5543277E+03   3.4560000E+03   2.2220000E+03   1.9298882E-04   1.6966495E-04
   1.5543353E+03   3.4480000E+03   2.1730000E+03   1.4162865E-04   1.3122311E-04
   1.5543428E+03   3.3290000E+03   2.1370000E+03   2.2412757E-04   4.8352704E-04
   1.5543503E+03   3.3210000E+03   2.1600000E+03   1.4531620E-04   3.8607300E-04
   1.5543579E+03   3.4440000E+03   2.2190000E+03   2.9467283E-04   5.0399199E-04
   1.5543654E+03   3.4550000E+03   2.2200000E+03   2.5850851E-05   1.0196256E-04
   1.5543729E+03   3.3600000E+03   2.1610000E+03   3.7388621E-04   3.1359961E-04
   1.5543804E+03   3.3960000E+03   2.1830000E+03   2.7272953E-04   3.4439223E-04
   1.5543880E+03   3.3190000E+03   2.1410000E+03   1.8337688E-04   2.8453598E-04
   1.5543955E+03   3.4330000E+03   2.2070000E+03   2.3938671E-04   2.7211560E-04
   1.5544030E+03   3.3860000E+03   2.1930000E+03   1.4112175E-04   3.3248655E-04
   1.5544106E+03   3.4180000E+03   2.1910000E+03   3.5952419E-04   5.9017971E-04
   1.5544181E+03   3.3370000E+03   2.1410000E+03   5.5507855E-04   8.1290382E-04
   1.5544256E+03   3.3620000E+03   2.2190000E+03   1.6520084E-04   1.1250328E-04
   1.5544331E+03   3.2400000E+03   2.0660000E+03   7.9756009E-05   1.2444531E-04
   1.5544407E+03   3.3150000E+03   2.1490000E+03   2.3490408E-04   3.6405106E-04
   1.5544482E+03   3.2950000E+03   2.1060000E+03   2.5208772E-04   4.0785748E-04
   1.5544557E+03   3.3520000E+03   2.1490000E+03   1.1359441E-04   3.1484807E-05
   1.5544633E+03   3.3720000E+03   2.1580000E+03   3.3300293E-04   5.3217803E-04
   1.5544708E+03   3.4060000E+03   2.1630000E+03   1.9221882E-04   3.0376374E-04
   1.5544783E+03   3.2610000E+03   2.0670000E+03   2.7964948E-04   5.2989779E-04
   1.5544858E+03   3.2700000E+03   2.0810000E+03   4.1095961E-04   4.1124976E-04
   1.5544934E+03   3.3070000E+03   2.1410000E+03   8.2530712E-05   3.8545479E-04
   1.5545009E+03   3.2430000E+03   2.1310000E+03   1.2583549E-04   1.9177443E-04
   1.5545084E+03   3.2050000E+03   2.0750000E+03   5.2017947E-04   7.2174403E-04
   1.5545160E+03   3.1990000E+03   2.0640000E+03   2.7740086E-04   6.3385461E-05
   1.5545235E+03   3.2730000E+03   2.1140000E+03   3.1412029E-04   4.9156824E-04
   1.5545310E+03   3.2850000E+03   2.1030000E+03   3.1152704E-04   5.4277347E-04
   1.5545385E+03   3.2280000E+03   2.1030000E+03   1.5038953E-04   3.1479932E-04
   1.5545461E+03   3.3100000E+03   2.1670000E+03   6.9800824E-05   1.0606479E-04
   1.5545536E+03   3.2780000E+03   2.1180000E+03   7.7435292E-04   8.3378607E-04
   1.5545611E+03   3.2750000E+03   2.1390000E+03   1.3906256E-04   3.3650492E-04
   1.5545687E+03   3.1760000E+03   2.0570000E+03   2.1689673E-04   5.6145928E-05
   1.5545762E+03   3.2090000E+03   2.1290000E+03   1.6708281E-04   2.5159418E-04
   1.5545837E+03   3.2040000E+03   2.0360000E+03   1.1989638E-04   3.0100059E-04
   1.5545912E+03   3.1250000E+03   2.0040000E+03   2.0269689E-04   3.3378608E-04
   1.5545988E+03   3.2280000E+03   2.0730000E+03   1.9289156E-04   2.0169114E-04
   1.5546063E+03   3.2600000E+03   2.1240000E+03   3.5652093E-04   5.4750783E-04
   1.5546138E+03   3.1080000E+03   2.0130000E+03   2.8730640E-04   1.2049838E-04
   1.5546214E+03   3.2560000E+03   2.0900000E+03   2.0277674E-04   4.4521682E-04
   1.5546289E+03   3.2710000E+03   2.0860000E+03   5.5287033E-04   8.6610366E-04
   1.5546364E+03   3.1900000E+03   1.9770000E+03   3.9489786E-04   6.3731363E-04
   1.5546439E+03   3.2550000E+03   2.1220000E+03   2.9789659E-04   4.2608346E-04
   1.5546515E+03   3.1970000E+03   2.0690000E+03   1.7183628E-04   2.7774085E-04
   1.5546590E+03   3.2250000E+03   2.0610000E+03   3.2827605E-04   3.5087761E-04
   1.5546665E+03   3.0350000E+03   1.9350000E+03   4.7480717E-04   4.1389351E-04
   1.5546740E+03   3.1910000E+03   2.0360000E+03   2.5534468E-04   4.3875005E-04
   1.5546816E+03   3.1000000E+03   2.0080000E+03   3.6624185E-04   3.2261673E-04
   1.5546891E+03   3.0510000E+03   1.9800000E+03   3.8622836E-04   6.6939688E-04
   1.5546966E+03   3.1180000E+03   1.9750000E+03   5.0302851E-05   7.9407644E-05
   1.5547042E+03   3.1260000E+03   2.0410000E+03   4.5773487E-04   5.0584764E-04
   1.5547117E+03   2.9880000E+03   1.9100000E+03   4.2532400E-04   6.5559891E-04
   1.5547192E+03   3.0210000E+03   1.9340000E+03   4.3019020E-04   6.5314281E-04
   1.5547267E+03   3.0610000E+03   1.9360000E+03   3.4282289E-04   5.4150162E-04
   1.5547343E+03   3.0690000E+03   1.9640000E+03   4.4774133E-04   5.8829010E-04
   1.5547418E+03   3.0500000E+03   1.9670000E+03   7.9800656E-04   1.5615030E-03
   1.5547493E+03   3.0920000E+03   2.0210000E+03   1.0225164E-04   1.7762264E-04
   1.5547569E+03   2.9820000E+03   1.9100000E+03   3.6103472E-04   5.8060133E-04
   1.5547644E+03   3.0760000E+03   1.9260000E+03   5.0618788E-04   4.8619121E-04
   1.5547719E+03   3.1100000E+03   2.0220000E+03   1.2903091E-05   2.1800252E-04
   1.5547794E+03   3.0650000E+03   1.9790000E+03   1.7484380E-04   2.7414907E-04
   1.5547870E+03   2.9760000E+03   1.9580000E+03   1.9584018E-04   1.4570567E-04
   1.5547945E+03   3.1500000E+03   2.0230000E+03   3.0370687E-04   5.5196704E-04
   1.5548020E+03   3.1130000E+03   2.0350000E+03   2.0739938E-04   1.9287573E-04
   1.5548096E+03   3.0680000E+03   1.9790000E+03   4.4271200E-04   4.0706575E-04
   1.5548171E+03   3.1120000E+03   1.9890000E+03   1.4995385E-04   1.4529346E-04
   1.5548246E+03   2.9380000E+03   1.8970000E+03   3.5388008E-04   1.6391533E-04
   1.5548321E+03   3.0170000E+03   1.9440000E+03   3.5482639E-04   4.7815146E-04
   1.5548397E+03   2.9830000E+03   1.8910000E+03   2.3866270E-04   3.7687228E-04
   1.5548472E+03   2.9770000E+03   1.9110000E+03   2.3872977E-04   8.0754147E-04
   1.5548547E+03   3.0280000E+03   1.9300000E+03   4.0053107E-04   6.3081225E-04
   1.5548623E+03   3.0960000E+03   1.9300000E+03   4.8319579E-04   4.7049660E-04
   1.5548698E+03   2.9020000E+03   1.8500000E+03   3.6033639E-04   5.5221871E-04
   1.5548773E+03   2.9560000E+03   1.9440000E+03   3.3867133E-04   6.4720188E-04
   1.5548848E+03   3.0000000E+03   1.9040000E+03   5.4289375E-04   4.9191394E-04
   1.5548924E+03   2.9440000E+03   1.8800000E+03   5.1660163E-05   7.6544171E-05
   1.5548999E+03   2.9960000E+03   1.8970000E+03   5.4316933E-04   2.6717171E-04
   1.5549074E+03   2.9370000E+03   1.8490000E+03   1.6833512E-05   7.3463651E-05
   1.5549150E+03   2.9180000E+03   1.8620000E+03   4.6348578E-04   5.6452900E-04
   1.5549225E+03   2.9960000E+03   1.9470000E+03   3.4320867E-04   5.2800762E-04
   1.5549300E+03   2.8790000E+03   1.8220000E+03   1.7847254E-04   1.0129243E-04
   1.5549375E+03   2.9250000E+03   1.8710000E+03   3.1148285E-04   3.3551182E-04
   1.5549451E+03   2.8440000E+03   1.8220000E+03   6.9725716E-05   1.0860482E-04
   1.5549526E+03   2.9000000E+03   1.8350000E+03   5.1713512E-04   8.3159797E-04
   1.5549601E+03   2.8800000E+03   1.8160000E+03   1.1872034E-04   5.7610882E-05
   1.5549677E+03   2.9460000E+03   1.8510000E+03   3.7063058E-04   6.7329254E-04
   1.5549752E+03   2.8890000E+03   1.8050000E+03   4.2208655E-04   6.7514123E-04
   1.5549827E+03   2.9590000E+03   1.9170000E+03   2.1302081E-04   2.9556098E-04
   1.5549902E+03   2.8550000E+03   1.8300000E+03   2.5019616E-04   3.9079085E-04
   1.5549978E+03   2.9670000E+03   1.9040000E+03   5.4424780E-04   1.1228042E-03
   1.5550053E+03   2.8190000E+03   1.7710000E+03   1.6495102E-04   2.6285664E-04
   1.5550128E+03   2.8780000E+03   1.8710000E+03   5.1832029E-04   5.1267724E-04
   1.5550204E+03   2.8930000E+03   1.8850000E+03   6.3532715E-04   6.0244054E-04
   1.5550279E+03   2.8020000E+03   1.7830000E+03   3.0951892E-04   4.8627945E-04
   1.5550354E+03   2.8540000E+03   1.8440000E+03   1.2880240E-04   2.6021137E-04
   1.5550429E+03   2.8790000E+03   1.8250000E+03   4.9078276E-04   7.7378821E-04
   1.5550505E+03   2.8000000E+03   1.7680000E+03   1.2457553E-04   1.3866393E-04
   1.5550580E+03   2.9020000E+03   1.8700000E+03   1.2148808E-04   4.7127455E-04
   1.5550655E+03   2.9210000E+03   1.8830000E+03   2.3061052E-04   4.1451142E-04
   1.5550731E+03   2.7660000E+03   1.7460000E+03   2.7937570E-04   2.2792463E-04
   1.5550806E+03   2.7350000E+03   1.7660000E+03   2.6890243E-04   3.7147234E-04
   1.5550881E+03   2.8390000E+03   1.8050000E+03   1.4907591E-04   2.3457919E-04
   1.5550956E+03   2.7820000E+03   1.7830000E+03   7.2653134E-05   1.1223900E-04
   1.5551032E+03   2.7820000E+03   1.7430000E+03   1.6408158E-04   2.6040693E-04
   1.5551107E+03   2.7130000E+03   1.6860000E+03   2.1880905E-04   3.5230059E-04
   1.5551182E+03   2.7460000E+03   1.7380000E+03   1.6922268E-04   3.0877207E-04
   1.5551257E+03   2.8850000E+03   1.8440000E+03   4.3938276E-04   5.4625441E-04
   1.5551333E+03   2.7550000E+03   1.7210000E+03   1.7969788E-04   3.7868847E-04
   1.5551408E+03   2.8230000E+03   1.7840000E+03   4.2828682E-05   1.0910121E-04
   1.5551483E+03   2.7580000E+03   1.7360000E+03   1.9861077E-04   2.9996849E-04
   1.5551559E+03   2.7740000E+03   1.7750000E+03   2.2957727E-04   1.7968469E-04
   1.5551634E+03   2.7700000E+03   1.7440000E+03   1.3945013E-04   2.2099250E-04
   1.5551709E+03   2.7010000E+03   1.7010000E+03   2.5739217E-04   4.8678423E-04
   1.5551784E+03   2.7690000E+03   1.7320000E+03   4.3741751E-04   2.5421045E-04
   1.5551860E+03   2.6720000E+03   1.6990000E+03   2.2111618E-05   2.6610840E-04
   1.5551935E+03   2.7570000E+03   1.7160000E+03   3.4597148E-04   4.3377471E-04
   1.5552010E+03   2.8330000E+03   1.7650000E+03   2.7851081E-04   7.9879595E-05
   1.5552086E+03   2.7710000E+03   1.7160000E+03   4.1382744E-04   7.3372216E-04
   1.5552161E+03   2.6680000E+03   1.7010000E+03   5.2239748E-04   7.4247091E-04
   1.5552236E+03   2.6930000E+03   1.7120000E+03   4.0822129E-04   6.4257775E-04
   1.5552311E+03   2.7000000E+03   1.7390000E+03   5.3142898E-04   8.2496528E-04
   1.5552387E+03   2.7480000E+03   1.7470000E+03   2.7818217E-04   3.5473959E-04
   1.5552462E+03   2.7720000E+03   1.7180000E+03   3.6292876E-04   5.2827870E-04
   1.5552537E+03   2.6860000E+03   1.6780000E+03   1.5358913E-04   2.4542806E-04
   1.5552613E+03   2.6410000E+03   1.6650000E+03   3.1481110E-04   3.9562454E-04
   1.5552688E+03   2.7410000E+03   1.7870000E+03   1.4834998E-04   2.3958082E-04
   1.5552763E+03   2.5950000E+03   1.6250000E+03   2.2792857E-04   3.6410827E-04
   1.5552838E+03   2.6820000E+03   1.7050000E+03   5.9526076E-04   5.1468022E-04
   1.5552914E+03   2.7600000E+03   1.7410000E+03   2.0542347E-04   7.5966056E-05
   1.5552989E+03   2.6750000E+03   1.6510000E+03   1.5343267E-04   5.7837217E-04
   1.5553064E+03   2.7820000E+03   1.7500000E+03   1.5478965E-04   2.0019111E-04
   1.5553140E+03   2.6400000E+03   1.6390000E+03   2.2817556E-04   3.6440523E-04
   1.5553215E+03   2.6990000E+03   1.7060000E+03   5.7303679E-04   9.1082944E-04
   1.5553290E+03   2.7360000E+03   1.7610000E+03   2.2016896E-04   3.4160570E-04
   1.5553365E+03   2.6400000E+03   1.6030000E+03   1.1678327E-04   9.8931932E-05
   1.5553441E+03   2.5720000E+03   1.6330000E+03   5.6732632E-04   8.9387072E-04
   1.5553516E+03   2.5810000E+03   1.6400000E+03   1.2558375E-04   4.4812873E-04
   1.5553591E+03   2.7000000E+03   1.6980000E+03   3.4977129E-04   6.3579628E-04
   1.5553667E+03   2.5970000E+03   1.6150000E+03   2.5483515E-05   5.2606086E-08
   1.5553742E+03   2.6530000E+03   1.6680000E+03   1.9685124E-04   3.1612421E-04
   1.5553817E+03   2.6290000E+03   1.6650000E+03   1.4721745E-04   9.7064032E-05
   1.5553892E+03   2.5480000E+03   1.6050000E+03   6.8414220E-05   1.5036739E-04
   1.5553968E+03   2.6170000E+03   1.6390000E+03   2.6076651E-04   3.9890357E-04
   1.5554043E+03   2.6390000E+03   1.6480000E+03   6.1399126E-04   9.8302278E-04
   1.5554118E+03   2.6700000E+03   1.7020000E+03   2.2063383E-05   3.1105697E-04
   1.5554194E+03   2.6070000E+03   1.6400000E+03   6.5809714E-04   7.9301652E-04
   1.5554269E+03   2.6400000E+03   1.6690000E+03   3.8184224E-06   5.9710240E-06
   1.5554344E+03   2.6510000E+03   1.7100000E+03   1.2332297E-04   1.9136207E-04
   1.5554419E+03   2.5440000E+03   1.5970000E+03   1.8742019E-04   2.0078411E-05
   1.5554495E+03   2.6050000E+03   1.6770000E+03   3.5520227E-04   5.5207366E-04
   1.5554570E+03   2.5810000E+03   1.5740000E+03   1.6856195E-04   2.2386359E-04
   1.5554645E+03   2.6740000E+03   1.6920000E+03   2.0705607E-04   3.1074722E-04
   1.5554721E+03   2.5920000E+03   1.6250000E+03   3.0160837E-04   3.9223744E-04
   1.5554796E+03   2.5730000E+03   1.6110000E+03   1.7431625E-04   2.9349610E-05
   1.5554871E+03   2.6160000E+03   1.5890000E+03   9.9461699E-05   8.4164610E-05
   1.5554946E+03   2.5450000E+03   1.6070000E+03   3.5164777E-04   5.5694520E-04
   1.5555022E+03   2.6110000E+03   1.6760000E+03   3.3115349E-04   5.1546584E-04
   1.5555097E+03   2.5670000E+03   1.5950000E+03   1.1960899E-04   6.0276404E-05
   1.5555172E+03   2.4490000E+03   1.5540000E+03   1.3451134E-04   6.1682916E-05
   1.5555248E+03   2.5080000E+03   1.5550000E+03   3.4737643E-05   5.6006917E-05
   1.5555323E+03   2.4970000E+03   1.5570000E+03   2.7788125E-04   6.1981292E-04
   1.5555398E+03   2.4940000E+03   1.5940000E+03   7.1121642E-04   5.8924551E-04
   1.5555473E+03   2.5550000E+03   1.6450000E+03   4.3023176E-04   6.6818554E-04
   1.5555549E+03   2.5380000E+03   1.6050000E+03   2.8971713E-04   4.5863163E-04
   1.5555624E+03   2.5280000E+03   1.6340000E+03   3.3850624E-04   2.6600296E-04
   1.5555699E+03   2.6180000E+03   1.6120000E+03   2.0251209E-04   2.4445407E-04
   1.5555774E+03   2.5010000E+03   1.5800000E+03   1.6141182E-04   8.8018267E-05
   1.5555850E+03   2.5510000E+03   1.5640000E+03   2.8935002E-04   4.7621422E-04
   1.5555925E+03   2.5190000E+03   1.5400000E+03   5.5869272E-04   6.9687912E-04
   1.5556000E+03   2.4510000E+03   1.5270000E+03   6.4068333E-05   1.0309506E-04
   1.5556076E+03   2.4440000E+03   1.5110000E+03   1.0079099E-04   1.6336906E-04
   1.5556151E+03   2.4250000E+03   1.5200000E+03   6.4377935E-04   7.0334033E-04
   1.5556226E+03   2.5000000E+03   1.5760000E+03   2.9155583E-04   5.6094554E-04
   1.5556301E+03   2.5780000E+03   1.5820000E+03   4.9251264E-04   8.0242466E-04
   1.5556377E+03   2.4820000E+03   1.5590000E+03   9.3712787E-04   1.4919008E-03
   1.5556452E+03   2.4990000E+03   1.5530000E+03   5.6741233E-04   7.8365338E-04
   1.5556527E+03   2.4780000E+03   1.5660000E+03   3.9774860E-05   6.2791664E-05
   1.5556603E+03   2.5390000E+03   1.5340000E+03   9.1692137E-04   1.1359608E-03
   1.5556678E+03   2.5240000E+03   1.5750000E+03   4.6291245E-04   7.4294022E-04
   1.5556753E+03   2.3810000E+03   1.5260000E+03   7.7114509E-04   1.0376696E-03
   1.5556828E+03   2.4750000E+03   1.5430000E+03   3.2523682E-04   5.2098291E-04
   1.5556904E+03   2.3930000E+03   1.4760000E+03   3.1251109E-04   5.0191010E-04
   1.5556979E+03   2.4950000E+03   1.5190000E+03   3.9276084E-04   2.9659979E-04
   1.5557054E+03   2.4550000E+03   1.5770000E+03   1.4114802E-04   2.8003859E-04
   1.5557130E+03   2.4540000E+03   1.5800000E+03   3.0796225E-04   4.7838514E-04
   1.5557205E+03   2.4430000E+03   1.5380000E+03   1.8094248E-06   1.9364368E-07
   1.5557280E+03   2.4780000E+03   1.5550000E+03   5.7419772E-04   9.1033489E-04
   1.5557355E+03   2.4570000E+03   1.5420000E+03   4.1042709E-04   6.5409569E-04
   1.5557431E+03   2.5590000E+03   1.5650000E+03   1.9010319E-04   3.8721049E-07
   1.5557506E+03   2.4470000E+03   1.5280000E+03   2.1569210E-04   3.8221051E-04
   1.5557581E+03   2.4380000E+03   1.5510000E+03   4.8028953E-04   4.3337409E-04
   1.5557657E+03   2.3360000E+03   1.4570000E+03   1.3542972E-04   2.1639703E-04
   1.5557732E+03   2.4370000E+03   1.5510000E+03   1.7700622E-04   3.7416561E-04
   1.5557807E+03   2.4900000E+03   1.5620000E+03   5.6807637E-04   7.5196589E-04
   1.5557882E+03   2.4490000E+03   1.5360000E+03   3.0751587E-04   4.9049441E-04
   1.5557958E+03   2.4020000E+03   1.5000000E+03   3.3339650E-04   1.3813856E-04
   1.5558033E+03   2.4870000E+03   1.5550000E+03   3.0877307E-04   4.9364305E-04
   1.5558108E+03   2.4210000E+03   1.5030000E+03   2.8467681E-04   8.0639206E-04
   1.5558184E+03   2.4610000E+03   1.5210000E+03   3.2300809E-04   5.2272141E-04
   1.5558259E+03   2.3560000E+03   1.4680000E+03   3.7419569E-04   5.3743240E-04
   1.5558334E+03   2.4140000E+03   1.5390000E+03   6.2847057E-04   5.4330464E-04
   1.5558409E+03   2.3220000E+03   1.4670000E+03   2.9374968E-04   4.6580349E-04
   1.5558485E+03   2.3500000E+03   1.4760000E+03   1.9152501E-04   3.0548537E-04
   1.5558560E+03   2.3800000E+03   1.4550000E+03   2.4724084E-04   4.0449256E-04
   1.5558635E+03   2.3580000E+03   1.4290000E+03   3.5822553E-04   1.0643229E-04
   1.5558711E+03   2.4460000E+03   1.5310000E+03   5.5458383E-04   7.8373285E-04
   1.5558786E+03   2.3820000E+03   1.4770000E+03   3.1471725E-04   5.0965271E-04
   1.5558861E+03   2.3790000E+03   1.4880000E+03   9.0397665E-05   2.1353621E-04
   1.5558936E+03   2.3560000E+03   1.4820000E+03   2.7988848E-05   4.4581206E-05
   1.5559012E+03   2.3250000E+03   1.4660000E+03   1.9138675E-04   3.0438322E-04
   1.5559087E+03   2.4220000E+03   1.4830000E+03   1.4563514E-04   2.3748025E-04
   1.5559162E+03   2.3570000E+03   1.4640000E+03   1.7791292E-05   2.8686462E-05
   1.5559238E+03   2.3720000E+03   1.4810000E+03   2.9920187E-04   4.7913404E-04
   1.5559313E+03   2.3560000E+03   1.4870000E+03   1.4613846E-04   2.2452098E-04
   1.5559388E+03   2.4050000E+03   1.5250000E+03   7.1203823E-05   1.1265447E-04
   1.5559463E+03   2.3820000E+03   1.4220000E+03   2.5324720E-04   2.6483644E-04
   1.5559539E+03   2.4080000E+03   1.5000000E+03   2.1525996E-04   3.7436489E-04
   1.5559614E+03   2.2990000E+03   1.4670000E+03   7.6640095E-05   1.2006563E-04
   1.5559689E+03   2.3910000E+03   1.4870000E+03   2.6834038E-04   4.3147171E-04
   1.5559765E+03   2.3080000E+03   1.4430000E+03   2.2727124E-04   3.6389990E-04
   1.5559840E+03   2.4530000E+03   1.5340000E+03   2.5479063E-04   6.4460989E-08
   1.5559915E+03   2.3120000E+03   1.4500000E+03   2.5809406E-04   3.2090692E-04
   1.5559990E+03   2.3370000E+03   1.4480000E+03   1.8955635E-04   3.0589521E-04
   1.5560066E+03   2.3410000E+03   1.4820000E+03   3.5013552E-04   5.9920966E-04
   1.5560141E+03   2.3750000E+03   1.5070000E+03   1.9641322E-04   3.0956986E-04
   1.5560216E+03   2.2780000E+03   1.4150000E+03   1.4602374E-04   5.1332878E-04
   1.5560291E+03   2.3180000E+03   1.4540000E+03   1.5729910E-04   2.5097961E-04
   1.5560367E+03   2.3300000E+03   1.4670000E+03   6.4808527E-04   1.0293189E-03
   1.5560442E+03   2.3690000E+03   1.4570000E+03   2.1598076E-04   3.5063574E-04
   1.5560517E+03   2.4320000E+03   1.4940000E+03   8.2041312E-05   1.3318880E-04
   1.5560593E+03   2.3400000E+03   1.4580000E+03   3.7163963E-04   6.0703542E-04
   1.5560668E+03   2.3460000E+03   1.5090000E+03   1.3564949E-04   2.1113599E-04
   1.5560743E+03   2.3750000E+03   1.4810000E+03   5.3189473E-05   8.5330105E-05
   1.5560818E+03   2.3350000E+03   1.4640000E+03   7.0247866E-08   2.0818989E-08
   1.5560894E+03   2.3060000E+03   1.4360000E+03   2.4104306E-04   3.5300141E-04
   1.5560969E+03   2.3220000E+03   1.4840000E+03   1.4839837E-04   5.0288623E-04
   1.5561044E+03   2.2600000E+03   1.4620000E+03   1.6044145E-05   2.4954866E-05
   1.5561120E+03   2.2560000E+03   1.3720000E+03   1.2782694E-04   5.7009917E-04
   1.5561195E+03   2.3280000E+03   1.4900000E+03   2.9506824E-04   4.6107216E-04
   1.5561270E+03   2.3170000E+03   1.4680000E+03   5.0145927E-05   7.9160171E-05
   1.5561345E+03   2.2340000E+03   1.4330000E+03   5.0614584E-05   5.4192731E-04
   1.5561421E+03   2.3030000E+03   1.4760000E+03   8.8958189E-05   1.3874610E-04
   1.5561496E+03   2.2900000E+03   1.4730000E+03   5.7437561E-04   5.5270365E-04
   1.5561571E+03   2.2280000E+03   1.4180000E+03   6.2109147E-05   9.7575968E-05
   1.5561647E+03   2.3280000E+03   1.5000000E+03   1.9980630E-04   3.3068673E-04
   1.5561722E+03   2.3030000E+03   1.4550000E+03   3.1758933E-05   5.0275924E-05
   1.5561797E+03   2.2620000E+03   1.4210000E+03   2.5648720E-04   8.5939251E-05
   1.5561872E+03   2.3090000E+03   1.4630000E+03   4.0168658E-04   6.3398253E-04
   1.5561948E+03   2.2940000E+03   1.4590000E+03   3.4973645E-04   5.4989590E-04
   1.5562023E+03   2.3020000E+03   1.4620000E+03   3.7477932E-04   5.9010946E-04
   1.5562098E+03   2.2980000E+03   1.4810000E+03   5.6149617E-09   6.2596437E-09
   1.5562174E+03   2.3400000E+03   1.4720000E+03   1.9318236E-04   4.5181040E-04
   1.5562249E+03   2.2420000E+03   1.4240000E+03   6.5634793E-05   1.0334320E-04
   1.5562324E+03   2.1590000E+03   1.3890000E+03   3.8069908E-04   9.4626451E-05
   1.5562399E+03   2.2010000E+03   1.3960000E+03   2.2068562E-04   3.4794324E-04
   1.5562475E+03   2.2720000E+03   1.4120000E+03   1.9427064E-05   2.6293940E-05
   1.5562550E+03   2.2190000E+03   1.4000000E+03   3.6075103E-04   5.7180828E-04
   1.5562625E+03   2.2780000E+03   1.4180000E+03   2.5313842E-04   2.1979432E-04
   1.5562701E+03   2.2330000E+03   1.4360000E+03   9.9814753E-05   1.3582394E-04
   1.5562776E+03   2.1930000E+03   1.3760000E+03   3.1556154E-04   5.0292560E-04
   1.5562851E+03   2.2410000E+03   1.4250000E+03   5.1142182E-04   2.8477642E-04
   1.5562926E+03   2.1980000E+03   1.4060000E+03   1.7348470E-04   2.7120704E-04
   1.5563002E+03   2.2780000E+03   1.4240000E+03   3.5278830E-04   1.0040070E-04
   1.5563077E+03   2.2820000E+03   1.4990000E+03   1.5997371E-04   2.4353570E-04
   1.5563152E+03   2.2780000E+03   1.4210000E+03   2.8960406E-04   4.6426048E-04
   1.5563228E+03   2.3270000E+03   1.4750000E+03   1.7831373E-04   5.1138288E-04
   1.5563303E+03   2.2930000E+03   1.4550000E+03   2.2428346E-04   1.5783519E-04
   1.5563378E+03   2.1990000E+03   1.3990000E+03   1.7311531E-04   2.7189424E-04
   1.5563453E+03   2.2640000E+03   1.4610000E+03   4.4298060E-04   1.0590720E-04
   1.5563529E+03   2.2330000E+03   1.4050000E+03   2.9332827E-05   4.6619362E-05
   1.5563604E+03   2.3530000E+03   1.4750000E+03   6.3710686E-05   1.0163474E-04
   1.5563679E+03   2.2420000E+03   1.4210000E+03   2.8310456E-04   4.4667165E-04
   1.5563755E+03   2.1760000E+03   1.4230000E+03   7.1194770E-05   3.7732367E-05
   1.5563830E+03   2.3150000E+03   1.4870000E+03   3.4371792E-04   3.2166571E-04
   1.5563905E+03   2.2350000E+03   1.4020000E+03   3.8307093E-04   6.1067299E-04
   1.5563980E+03   2.2370000E+03   1.3780000E+03   3.6068667E-04   1.6246948E-04
   1.5564056E+03   2.3040000E+03   1.4480000E+03   2.9065566E-05   4.6221682E-05
   1.5564131E+03   2.2700000E+03   1.4070000E+03   6.2547324E-05   2.4078151E-09
   1.5564206E+03   2.1960000E+03   1.3800000E+03   4.6071530E-04   7.3313826E-04
   1.5564282E+03   2.2140000E+03   1.4220000E+03   4.1380498E-04   6.4427864E-04
   1.5564357E+03   2.2040000E+03   1.3630000E+03   1.2583996E-04   1.6248641E-07
   1.5564432E+03   2.2330000E+03   1.3980000E+03   3.6522794E-04   5.8337195E-04
   1.5564507E+03   2.2540000E+03   1.4390000E+03   2.6382528E-04   4.1324683E-04
   1.5564583E+03   2.1870000E+03   1.3640000E+03   3.6324773E-04   5.8242139E-04
   1.5564658E+03   2.2310000E+03   1.4280000E+03   4.8922626E-04   8.9875428E-04
   1.5564733E+03   2.1810000E+03   1.3990000E+03   1.0440606E-04   4.4618907E-04
   1.5564808E+03   2.2160000E+03   1.4110000E+03   2.6174168E-10   4.1106986E-10
   1.5564884E+03   2.2000000E+03   1.4210000E+03   3.2073212E-04   6.2869524E-04
   1.5564959E+03   2.2800000E+03   1.4480000E+03   2.0633804E-04   3.2459545E-04
   1.5565034E+03   2.1830000E+03   1.3840000E+03   2.9512099E-04   4.7494540E-04
   1.5565110E+03   2.2880000E+03   1.4480000E+03   9.7506349E-05   1.5407081E-04
   1.5565185E+03   2.3020000E+03   1.4430000E+03   8.5484089E-04   1.3116950E-03
   1.5565260E+03   2.2840000E+03   1.4500000E+03   8.8014072E-05   1.5200033E-04
   1.5565335E+03   2.1490000E+03   1.3770000E+03   3.1976225E-04   4.1464807E-04
   1.5565411E+03   2.2330000E+03   1.4310000E+03   1.2511509E-04   1.9523550E-04
   1.5565486E+03   2.2340000E+03   1.4290000E+03   3.2464505E-04   3.1447431E-04
   1.5565561E+03   2.2600000E+03   1.4890000E+03   1.4494864E-04   2.2000263E-04
   1.5565637E+03   2.2240000E+03   1.3990000E+03   3.3221435E-04   5.2959038E-04
   1.5565712E+03   2.1200000E+03   1.3070000E+03   2.5213514E-04   4.0897207E-04
   1.5565787E+03   2.1800000E+03   1.3540000E+03   3.9730535E-04   6.3967921E-04
   1.5565862E+03   2.1890000E+03   1.3900000E+03   3.9978479E-04   0.0000000E+00
   1.5565938E+03   2.2640000E+03   1.4130000E+03   1.8250304E-04   1.8268278E-04
   1.5566013E+03   2.2480000E+03   1.4450000E+03   1.6079482E-04   7.9447915E-05
   1.5566088E+03   2.2510000E+03   1.4480000E+03   1.9997800E-04   3.1087740E-04
   1.5566164E+03   2.2820000E+03   1.4410000E+03   3.4335588E-04   4.9432859E-04
   1.5566239E+03   2.2750000E+03   1.4650000E+03   2.5305712E-04   3.9296649E-04
   1.5566314E+03   2.1430000E+03   1.3910000E+03   2.0389126E-04   3.1411860E-04
   1.5566389E+03   2.1530000E+03   1.3850000E+03   1.0247366E-04   1.5926547E-04
   1.5566465E+03   2.1700000E+03   1.4080000E+03   1.5488126E-04   2.3870194E-04
   1.5566540E+03   2.1320000E+03   1.3620000E+03   2.1514195E-04   6.6552391E-05
   1.5566615E+03   2.1410000E+03   1.4330000E+03   2.8286403E-04   1.2102506E-09
   1.5566691E+03   2.0630000E+03   1.3150000E+03   3.0276878E-04   4.7497508E-04
   1.5566766E+03   2.1590000E+03   1.3540000E+03   5.4268447E-05   8.4697006E-05
   1.5566841E+03   2.1720000E+03   1.3660000E+03   6.5263094E-05   1.0377119E-04
   1.5566916E+03   2.1280000E+03   1.3600000E+03   3.1753011E-05   4.9684123E-05
   1.5566992E+03   2.1820000E+03   1.3800000E+03   3.7444735E-04   5.9206096E-04
   1.5567067E+03   2.2050000E+03   1.3960000E+03   3.6856942E-04   5.8216015E-04
   1.5567142E+03   2.1320000E+03   1.3580000E+03   5.4868552E-04   8.6140965E-04
   1.5567218E+03   2.2400000E+03   1.4380000E+03   3.6030182E-04   5.5379214E-04
   1.5567293E+03   2.1550000E+03   1.3690000E+03   3.7506942E-04   5.9041242E-04
   1.5567368E+03   2.2070000E+03   1.3820000E+03   3.5443335E-09   6.5212393E-09
   1.5567443E+03   2.1970000E+03   1.4010000E+03   3.1311543E-04   4.9101684E-04
   1.5567519E+03   2.2270000E+03   1.4340000E+03   5.6978636E-04   7.4024865E-04
   1.5567594E+03   2.1610000E+03   1.3510000E+03   3.5014021E-04   2.1719027E-04
   1.5567669E+03   2.2660000E+03   1.4040000E+03   6.4664442E-04   5.9485925E-04
   1.5567745E+03   2.2020000E+03   1.3610000E+03   2.5984057E-04   4.2040790E-04
   1.5567820E+03   2.1790000E+03   1.4280000E+03   1.6209516E-05   2.4766346E-05
   1.5567895E+03   2.1910000E+03   1.3920000E+03   4.6838865E-05   7.3723997E-05
   1.5567970E+03   2.2440000E+03   1.4540000E+03   1.4734857E-05   2.2740728E-05
   1.5568046E+03   2.2610000E+03   1.4400000E+03   7.0253488E-05   1.1030990E-04
   1.5568121E+03   2.1000000E+03   1.3300000E+03   4.7059621E-05   7.4304664E-05
   1.5568196E+03   2.1960000E+03   1.4020000E+03   1.2797709E-04   2.0045484E-04
   1.5568272E+03   2.1770000E+03   1.3930000E+03   1.0087638E-04   1.5765103E-04
   1.5568347E+03   2.2650000E+03   1.4690000E+03   3.3776575E-04   3.5497585E-05
   1.5568422E+03   2.1590000E+03   1.3730000E+03   4.1606870E-10   1.9942793E-09
   1.5568497E+03   2.1660000E+03   1.3590000E+03   7.8334044E-05   1.2485029E-04
   1.5568573E+03   2.0750000E+03   1.2940000E+03   2.3861679E-04   2.7009562E-04
   1.5568648E+03   2.2140000E+03   1.3650000E+03   8.3732091E-05   0.0000000E+00
   1.5568723E+03   2.3240000E+03   1.4760000E+03   6.2129231E-05   7.8758168E-05
   1.5568799E+03   2.1650000E+03   1.3730000E+03   1.0286285E-09   1.6219816E-09
   1.5568874E+03   2.1640000E+03   1.3980000E+03   9.1507832E-05   1.4164732E-04
   1.5568949E+03   2.2020000E+03   1.4110000E+03   1.9799380E-04   3.0898820E-04
   1.5569024E+03   2.1690000E+03   1.3590000E+03   1.1033573E-04   1.7609875E-04
   1.5569100E+03   2.1710000E+03   1.3810000E+03   1.1112659E-04   1.2487810E-04
   1.5569175E+03   2.1690000E+03   1.3800000E+03   5.8006857E-04   5.9118372E-04
   1.5569250E+03   2.1760000E+03   1.3690000E+03   3.1002812E-04   5.5573837E-04
   1.5569325E+03   2.1460000E+03   1.4040000E+03   1.8036016E-04   2.7567870E-04
   1.5569401E+03   2.1680000E+03   1.3560000E+03   5.4017297E-04   8.6363937E-04
   1.5569476E+03   2.1770000E+03   1.3850000E+03   1.5779518E-06   5.7918329E-08
   1.5569551E+03   2.1500000E+03   1.3640000E+03   6.8747915E-09   1.0836365E-08
   1.5569627E+03   2.1700000E+03   1.3600000E+03   3.8187746E-04   1.7992883E-04
   1.5569702E+03   2.1410000E+03   1.3320000E+03   2.4034281E-04   3.8631745E-04
   1.5569777E+03   2.1060000E+03   1.3430000E+03   1.1338472E-05   1.7780210E-05
   1.5569852E+03   2.2220000E+03   1.4330000E+03   1.4962143E-04   4.4492181E-04
   1.5569928E+03   2.1660000E+03   1.3650000E+03   7.8462443E-04   7.5713095E-04
   1.5570003E+03   2.1900000E+03   1.4300000E+03   4.4022588E-05   6.7419207E-05
   1.5570078E+03   2.0950000E+03   1.2940000E+03   1.3383684E-04   2.1668328E-04
   1.5570154E+03   2.1580000E+03   1.3780000E+03   2.8680178E-05   4.4914242E-05
   1.5570229E+03   2.1570000E+03   1.3710000E+03   3.6908107E-05   5.9498357E-05
   1.5570304E+03   2.1580000E+03   1.3950000E+03   1.4460393E-10   2.2369554E-10
   1.5570379E+03   2.1150000E+03   1.3670000E+03   1.8839411E-04   2.9148028E-04
   1.5570455E+03   2.1880000E+03   1.3980000E+03   3.2664372E-04   7.3693088E-05
   1.5570530E+03   2.1990000E+03   1.3790000E+03   3.0945815E-05   4.9347242E-05
   1.5570605E+03   2.1370000E+03   1.3060000E+03   5.7949119E-04   9.4821798E-04
   1.5570681E+03   2.1490000E+03   1.3450000E+03   1.3960890E-05   2.2306284E-05
   1.5570756E+03   2.2390000E+03   1.4100000E+03   4.5527607E-04   7.2295122E-04
   1.5570831E+03   2.0790000E+03   1.3200000E+03   1.1668015E-04   1.8376692E-04
   1.5570906E+03   2.1600000E+03   1.3730000E+03   2.7649733E-04   0.0000000E+00
   1.5570982E+03   2.0860000E+03   1.3050000E+03   2.8407179E-04   1.1432186E-09
   1.5571057E+03   2.1760000E+03   1.4020000E+03   5.0732838E-04   6.6359077E-04
   1.5571132E+03   2.1250000E+03   1.3380000E+03   4.1514924E-04   6.5933642E-04
   1.5571208E+03   2.2050000E+03   1.3980000E+03   3.3656571E-04   1.2588057E-04
   1.5571283E+03   2.1760000E+03   1.4140000E+03   1.0559877E-04   1.6250561E-04
   1.5571358E+03   2.1740000E+03   1.3760000E+03   1.9626227E-08   3.1008298E-08
   1.5571433E+03   2.2020000E+03   1.3940000E+03   1.3848258E-04   1.3401763E-05
   1.5571509E+03   2.1490000E+03   1.3780000E+03   2.9017172E-04   4.5252470E-04
   1.5571584E+03   2.1680000E+03   1.3670000E+03   0.0000000E+00   0.0000000E+00
   1.5571659E+03   2.1760000E+03   1.3600000E+03   2.0573861E-05   1.1326176E-07
   1.5571735E+03   2.1140000E+03   1.3290000E+03   1.2404349E-04   1.9731221E-04
   1.5571810E+03   2.1280000E+03   1.3650000E+03   2.3662613E-04   3.6889407E-04
   1.5571885E+03   2.1280000E+03   1.3650000E+03   4.3482479E-04   3.4392635E-04
   1.5571960E+03   2.0520000E+03   1.2550000E+03   1.4173962E-04   2.3175275E-04
   1.5572036E+03   2.1370000E+03   1.3650000E+03   1.1865741E-04   1.8576622E-04
   1.5572111E+03   2.2460000E+03   1.4400000E+03   4.6728182E-04   7.2882984E-04
   1.5572186E+03   2.0530000E+03   1.2990000E+03   3.6155529E-04   5.7141879E-04
   1.5572262E+03   2.2270000E+03   1.4260000E+03   1.9387699E-04   3.0277984E-04
   1.5572337E+03   2.1290000E+03   1.3500000E+03   1.5201755E-04   2.3973730E-04
   1.5572412E+03   2.1110000E+03   1.3270000E+03   3.4038120E-09   5.4148056E-09
   1.5572487E+03   2.1110000E+03   1.3660000E+03   2.7522411E-05   4.6162851E-05
   1.5572563E+03   2.0600000E+03   1.3190000E+03   9.6429260E-05   8.2860289E-05
   1.5572638E+03   2.1500000E+03   1.3740000E+03   3.9862387E-04   6.2375642E-04
   1.5572713E+03   2.1440000E+03   1.3220000E+03   6.0188656E-05   9.7613070E-05
   1.5572789E+03   2.0950000E+03   1.3420000E+03   0.0000000E+00   0.0000000E+00
   1.5572864E+03   2.0750000E+03   1.2900000E+03   4.1029288E-04   6.8406886E-04
   1.5572939E+03   2.1350000E+03   1.3600000E+03   4.6561170E-05   7.3094189E-05
   1.5573014E+03   2.0540000E+03   1.2680000E+03   2.0122601E-04   3.2596074E-04
   1.5573090E+03   2.1440000E+03   1.3390000E+03   2.7318563E-04   4.3742344E-04
   1.5573165E+03   2.1110000E+03   1.3530000E+03   1.2151293E-09   1.8958890E-09
   1.5573240E+03   2.1340000E+03   1.3370000E+03   2.1838948E-04   3.4857379E-04
   1.5573316E+03   2.1640000E+03   1.3910000E+03   2.2693388E-04   3.5304451E-04
   1.5573391E+03   2.1130000E+03   1.3300000E+03   2.1711477E-04   3.4493496E-04
   1.5573466E+03   2.1010000E+03   1.3230000E+03   0.0000000E+00   0.0000000E+00
   1.5573541E+03   2.0880000E+03   1.2900000E+03   4.0722795E-04   6.5914105E-04
   1.5573617E+03   2.2030000E+03   1.4050000E+03   6.9883289E-04   1.1706483E-03
   1.5573692E+03   2.1320000E+03   1.3660000E+03   4.4605703E-04   6.9618857E-04
   1.5573767E+03   2.1190000E+03   1.3870000E+03   4.0408318E-10   6.1734121E-10
   1.5573842E+03   2.1250000E+03   1.3730000E+03   3.4802653E-04   7.6641989E-05
   1.5573918E+03   2.1950000E+03   1.4060000E+03   2.9580287E-04   2.5711055E-05
   1.5573993E+03   2.0540000E+03   1.3150000E+03   3.0622787E-04   4.7832095E-04
   1.5574068E+03   2.0070000E+03   1.2770000E+03   3.9201912E-04   6.1611775E-04
   1.5574144E+03   2.1500000E+03   1.3800000E+03   2.3559894E-09   3.6705632E-09
   1.5574219E+03   2.0710000E+03   1.3060000E+03   1.2816446E-04   2.0323783E-04
   1.5574294E+03   2.0870000E+03   1.3290000E+03   1.9658122E-04   3.0870204E-04
   1.5574369E+03   2.1120000E+03   1.3270000E+03   3.7013775E-04   1.0083134E-04
   1.5574445E+03   2.0310000E+03   1.2430000E+03   0.0000000E+00   0.0000000E+00
   1.5574520E+03   2.0800000E+03   1.3430000E+03   2.1419263E-04   3.3173542E-04
   1.5574595E+03   2.1200000E+03   1.3190000E+03   3.3057635E-04   5.3132818E-04
   1.5574671E+03   2.0320000E+03   1.2510000E+03   1.2906951E-04   2.0964767E-04
   1.5574746E+03   2.0850000E+03   1.3250000E+03   3.1191389E-04   1.0753516E-04
   1.5574821E+03   2.1730000E+03   1.3550000E+03   1.8157401E-04   2.9118844E-04
   1.5574896E+03   2.0950000E+03   1.3400000E+03   2.5908851E-05   4.0506748E-05
   1.5574972E+03   2.0730000E+03   1.3150000E+03   3.6232333E-04   5.7117587E-04
   1.5575047E+03   2.0360000E+03   1.3200000E+03   4.5648996E-04   7.0410118E-04
   1.5575122E+03   2.1180000E+03   1.3720000E+03   4.6526857E-05   7.1824988E-05
   1.5575198E+03   2.0780000E+03   1.3060000E+03   8.5889346E-05   1.3666008E-04
   1.5575273E+03   2.1110000E+03   1.3770000E+03   9.8477405E-05   3.1040157E-08
   1.5575348E+03   2.1060000E+03   1.3290000E+03   9.4299790E-05   1.4943217E-04
   1.5575423E+03   2.0400000E+03   1.3250000E+03   8.9992348E-05   8.3664585E-05
   1.5575499E+03   2.0450000E+03   1.3150000E+03   5.2545919E-05   8.1715898E-05
   1.5575574E+03   2.1050000E+03   1.2890000E+03   0.0000000E+00   0.0000000E+00
   1.5575649E+03   2.0210000E+03   1.2900000E+03   6.4996529E-04   1.0182789E-03
   1.5575725E+03   2.0600000E+03   1.3130000E+03   3.7673357E-04   5.9106714E-04
   1.5575800E+03   2.0670000E+03   1.3330000E+03   0.0000000E+00   0.0000000E+00
   1.5575875E+03   2.1030000E+03   1.3380000E+03   4.5053173E-04   7.0812273E-04
   1.5575950E+03   2.0760000E+03   1.3200000E+03   2.5632346E-04   4.0312690E-04
   1.5576026E+03   1.9860000E+03   1.2840000E+03   7.7566910E-04   1.1997499E-03
   1.5576101E+03   2.1570000E+03   1.3450000E+03   5.7251322E-05   9.1814945E-05
   1.5576176E+03   2.0590000E+03   1.3030000E+03   1.1762305E-04   1.8586789E-04
   1.5576252E+03   2.0460000E+03   1.2550000E+03   2.5453010E-09   4.1495504E-09
   1.5576327E+03   2.0940000E+03   1.3150000E+03   0.0000000E+00   0.0000000E+00
   1.5576402E+03   2.0090000E+03   1.3030000E+03   3.7674086E-04   5.8086907E-04
   1.5576477E+03   2.0410000E+03   1.2890000E+03   6.1238570E-04   9.6965029E-04
   1.5576553E+03   2.0870000E+03   1.3470000E+03   4.0113558E-04   5.8981765E-04
   1.5576628E+03   2.0150000E+03   1.2790000E+03   2.2146643E-04   3.4890920E-04
   1.5576703E+03   2.0730000E+03   1.3130000E+03   1.3431504E-04   2.1206023E-04
   1.5576779E+03   1.9890000E+03   1.2300000E+03   2.8371031E-04   0.0000000E+00
   1.5576854E+03   2.0170000E+03   1.2800000E+03   1.6358898E-09   2.5778045E-09
   1.5576929E+03   2.1320000E+03   1.3600000E+03   2.3925017E-04   3.7508971E-04
   1.5577004E+03   2.0010000E+03   1.2530000E+03   8.2964009E-08   1.3249081E-07
   1.5577080E+03   2.0770000E+03   1.3540000E+03   2.6775419E-05   3.4971708E-05
   1.5577155E+03   2.0480000E+03   1.2960000E+03   2.6729988E-04   4.2239981E-04
   1.5577230E+03   2.1120000E+03   1.3440000E+03   0.0000000E+00   0.0000000E+00
   1.5577306E+03   2.0620000E+03   1.3170000E+03   3.1195759E-04   4.8842563E-04
   1.5577381E+03   2.0540000E+03   1.3310000E+03   0.0000000E+00   0.0000000E+00
   1.5577456E+03   2.0140000E+03   1.2760000E+03   4.0986549E-04   6.4691935E-04
   1.5577531E+03   2.1320000E+03   1.3240000E+03   3.4499489E-04   5.5553557E-04
   1.5577607E+03   2.0460000E+03   1.3270000E+03   1.3770874E-08   2.1232259E-08
   1.5577682E+03   2.0150000E+03   1.2810000E+03   6.3207124E-05   9.9424164E-05
   1.5577757E+03   2.0010000E+03   1.3020000E+03   4.9988313E-10   7.6825357E-10
   1.5577833E+03   2.0050000E+03   1.2370000E+03   0.0000000E+00   0.0000000E+00
   1.5577908E+03   2.0010000E+03   1.3030000E+03   3.2011982E-04   4.9160381E-04
   1.5577983E+03   1.9710000E+03   1.2500000E+03   4.5407164E-05   4.4063541E-05
   1.5578058E+03   2.0060000E+03   1.2620000E+03   2.3606962E-04   3.7524219E-04
   1.5578134E+03   2.1080000E+03   1.3610000E+03   3.3045036E-05   0.0000000E+00
   1.5578209E+03   2.0840000E+03   1.3110000E+03   4.8120845E-06   0.0000000E+00
   1.5578284E+03   1.9960000E+03   1.2640000E+03   9.9642419E-09   1.5734673E-08
   1.5578359E+03   2.0860000E+03   1.3150000E+03   5.8937060E-05   9.3492553E-05
   1.5578435E+03   2.0680000E+03   1.3200000E+03   2.4327037E-04   1.3250807E-04
   1.5578510E+03   1.9480000E+03   1.2550000E+03   6.3697209E-05   9.8870249E-05
   1.5578585E+03   1.9960000E+03   1.2880000E+03   3.4000817E-04   1.0070917E-04
   1.5578661E+03   2.0810000E+03   1.3300000E+03   1.7038568E-04   2.6659594E-04
   1.5578736E+03   2.0750000E+03   1.3270000E+03   3.8884279E-04   6.0802471E-04
   1.5578811E+03   1.9920000E+03   1.2510000E+03   3.5140991E-05   5.5955918E-05
   1.5578886E+03   1.9950000E+03   1.2650000E+03   4.4315798E-10   6.9889342E-10
   1.5578962E+03   2.0840000E+03   1.3400000E+03   2.4026964E-04   3.7367308E-04
   1.5579037E+03   2.0450000E+03   1.2630000E+03   0.0000000E+00   0.0000000E+00
   1.5579112E+03   2.0180000E+03   1.2570000E+03   4.3749945E-05   7.0236587E-05
   1.5579188E+03   2.0720000E+03   1.3120000E+03   3.1932602E-04   5.0430146E-04
   1.5579263E+03   1.9990000E+03   1.2720000E+03   0.0000000E+00   0.0000000E+00
   1.5579338E+03   2.0170000E+03   1.3100000E+03   5.2154482E-04   8.0301978E-04
   1.5579413E+03   1.9570000E+03   1.2370000E+03   4.0049500E-04   6.3360446E-04
   1.5579489E+03   2.0290000E+03   1.3020000E+03   0.0000000E+00   0.0000000E+00
   1.5579564E+03   2.0550000E+03   1.3000000E+03   6.3762180E-05   6.8991358E-10
   1.5579639E+03   1.9840000E+03   1.2390000E+03   2.0961016E-04   1.5420829E-04
   1.5579715E+03   2.0780000E+03   1.3110000E+03   1.2559447E-04   3.6585694E-06
   1.5579790E+03   1.9800000E+03   1.2410000E+03   3.6639578E-04   5.8457989E-04
   1.5579865E+03   1.9830000E+03   1.2410000E+03   2.5461135E-05   4.0684473E-05
   1.5579940E+03   1.9100000E+03   1.1730000E+03   7.5340431E-05   0.0000000E+00
   1.5580016E+03   1.9610000E+03   1.2600000E+03   6.2471209E-06   8.1682220E-10
   1.5580091E+03   2.0090000E+03   1.2630000E+03   3.5001554E-04   5.5675472E-04
   1.5580166E+03   1.9510000E+03   1.2640000E+03   9.1451095E-05   1.4115592E-04
   1.5580242E+03   1.9860000E+03   1.2520000E+03   4.1361962E-10   6.5610909E-10
   1.5580317E+03   1.9440000E+03   1.2440000E+03   6.7995501E-05   1.0625663E-04
   1.5580392E+03   1.9770000E+03   1.2490000E+03   8.9327039E-05   1.4139276E-04
   1.5580467E+03   1.9840000E+03   1.2750000E+03   0.0000000E+00   0.0000000E+00
   1.5580543E+03   2.0540000E+03   1.3290000E+03   1.3516616E-04   2.0890241E-04
   1.5580618E+03   2.0110000E+03   1.2600000E+03   5.6948417E-05   9.0891482E-05
   1.5580693E+03   2.0050000E+03   1.2900000E+03   8.6156250E-06   1.3390952E-05
   1.5580769E+03   1.9950000E+03   1.2700000E+03   3.4693905E-04   5.4499481E-04
   1.5580844E+03   1.9460000E+03   1.2700000E+03   3.2880124E-04   5.0381670E-04
   1.5580919E+03   1.9880000E+03   1.2120000E+03   2.1122288E-08   3.4646128E-08
   1.5580994E+03   2.0030000E+03   1.2800000E+03   2.9342108E-04   4.5915814E-04
   1.5581070E+03   1.9580000E+03   1.2550000E+03   3.9430683E-04   6.1518149E-04
   1.5581145E+03   1.9310000E+03   1.2560000E+03   0.0000000E+00   0.0000000E+00
   1.5581220E+03   1.9720000E+03   1.2430000E+03   1.0363405E-04   1.6441545E-04
   1.5581296E+03   1.9490000E+03   1.2100000E+03   4.5493853E-04   7.3278941E-04
   1.5581371E+03   2.0220000E+03   1.2740000E+03   0.0000000E+00   0.0000000E+00
   1.5581446E+03   1.9480000E+03   1.2190000E+03   2.9480183E-05   4.7110252E-05
   1.5581521E+03   1.9570000E+03   1.2390000E+03   2.9122956E-04   3.0335252E-04
   1.5581597E+03   2.0220000E+03   1.2450000E+03   7.7632720E-06   1.3857959E-08
   1.5581672E+03   1.9960000E+03   1.3100000E+03   0.0000000E+00   0.0000000E+00
   1.5581747E+03   1.9980000E+03   1.2860000E+03   4.4752283E-04   6.9529596E-04
   1.5581823E+03   1.9370000E+03   1.1850000E+03   9.3118999E-09   1.5221224E-08
   1.5581898E+03   1.9340000E+03   1.2260000E+03   6.1827966E-12   9.7532860E-12
   1.5581973E+03   1.9640000E+03   1.2340000E+03   3.5085012E-11   5.5840327E-11
   1.5582048E+03   2.0430000E+03   1.2980000E+03   5.9458502E-09   9.3585301E-09
   1.5582124E+03   1.9670000E+03   1.2320000E+03   2.2811465E-04   3.6420577E-04
   1.5582199E+03   2.0460000E+03   1.2800000E+03   3.4034135E-04   5.4401437E-04
   1.5582274E+03   2.0150000E+03   1.2470000E+03   2.6868819E-06   4.3416737E-06
   1.5582350E+03   1.8980000E+03   1.2330000E+03   5.6461198E-05   8.6912695E-05
   1.5582425E+03   1.9490000E+03   1.2620000E+03   7.3773368E-04   1.1393367E-03
   1.5582500E+03   1.9720000E+03   1.2690000E+03   0.0000000E+00   0.0000000E+00
   1.5582575E+03   1.9410000E+03   1.2170000E+03   0.0000000E+00   0.0000000E+00
   1.5582651E+03   1.9530000E+03   1.2790000E+03   7.0028073E-05   6.2651662E-05
   1.5582726E+03   1.9630000E+03   1.2390000E+03   7.8950812E-05   7.1499984E-04
   1.5582801E+03   1.8820000E+03   1.2060000E+03   2.5245136E-05   3.9395809E-05
   1.5582876E+03   2.0010000E+03   1.2760000E+03   1.2694832E-08   1.9907804E-08
   1.5582952E+03   1.9360000E+03   1.2150000E+03   0.0000000E+00   0.0000000E+00
   1.5583027E+03   2.0040000E+03   1.2900000E+03   6.7906885E-10   1.0549256E-09
   1.5583102E+03   1.9830000E+03   1.2500000E+03   1.1548932E-04   1.8321226E-04
   1.5583178E+03   1.9890000E+03   1.2920000E+03   1.0166320E-08   1.5650782E-08
   1.5583253E+03   2.0080000E+03   1.2870000E+03   0.0000000E+00   0.0000000E+00
   1.5583328E+03   1.8950000E+03   1.2270000E+03   0.0000000E+00   0.0000000E+00
   1.5583403E+03   1.9680000E+03   1.2330000E+03   1.5645941E-09   2.4972597E-09
   1.5583479E+03   1.9510000E+03   1.2350000E+03   0.0000000E+00   0.0000000E+00
   1.5583554E+03   1.9700000E+03   1.2540000E+03   7.2300262E-05   1.1358175E-04
   1.5583629E+03   1.9140000E+03   1.2250000E+03   4.0736354E-04   6.3648475E-04
   1.5583705E+03   1.9280000E+03   1.2340000E+03   6.5261922E-05   1.0196514E-04
   1.5583780E+03   1.9590000E+03   1.2490000E+03   2.6139774E-05   4.0999054E-05
   1.5583855E+03   1.9500000E+03   1.2340000E+03   0.0000000E+00   0.0000000E+00
   1.5583930E+03   1.9260000E+03   1.2290000E+03   3.7224636E-06   5.8335759E-06
   1.5584006E+03   1.9980000E+03   1.2440000E+03   3.6673886E-04   5.8902270E-04
   1.5584081E+03   1.9280000E+03   1.2280000E+03   2.5071691E-04   3.9363372E-04
   1.5584156E+03   1.9670000E+03   1.2530000E+03   5.1074486E-04   8.0178383E-04
   1.5584232E+03   1.8510000E+03   1.2000000E+03   1.7446376E-05   2.6911035E-05
   1.5584307E+03   1.9580000E+03   1.2670000E+03   0.0000000E+00   0.0000000E+00
   1.5584382E+03   1.9820000E+03   1.2630000E+03   1.1823383E-08   1.8554192E-08
   1.5584457E+03   1.9730000E+03   1.2860000E+03   0.0000000E+00   0.0000000E+00
   1.5584533E+03   1.9610000E+03   1.2500000E+03   0.0000000E+00   0.0000000E+00
   1.5584608E+03   1.9900000E+03   1.2230000E+03   3.6811635E-05   9.6835694E-06
   1.5584683E+03   1.9760000E+03   1.2700000E+03   1.5590173E-08   2.4256836E-08
   1.5584759E+03   1.8440000E+03   1.1450000E+03   0.0000000E+00   0.0000000E+00
   1.5584834E+03   1.8520000E+03   1.1350000E+03   3.0157359E-11   4.9208307E-11
   1.5584909E+03   1.9050000E+03   1.2270000E+03   0.0000000E+00   0.0000000E+00
   1.5584984E+03   1.8760000E+03   1.2360000E+03   4.4115684E-04   6.6958756E-04
   1.5585060E+03   2.0020000E+03   1.2830000E+03   1.9664001E-04   3.0683811E-04
   1.5585135E+03   1.9170000E+03   1.2200000E+03   3.5556763E-04   6.2885630E-10
   1.5585210E+03   1.8990000E+03   1.1860000E+03   0.0000000E+00   0.0000000E+00
   1.5585286E+03   1.9690000E+03   1.2380000E+03   5.4253224E-05   8.6288044E-05
   1.5585361E+03   1.8620000E+03   1.1990000E+03   6.2902596E-05   9.7685265E-05
   1.5585436E+03   1.9130000E+03   1.2440000E+03   8.3298538E-05   1.2809494E-04
   1.5585511E+03   1.8900000E+03   1.2050000E+03   6.2431159E-05   9.7921071E-05
   1.5585587E+03   1.9520000E+03   1.2570000E+03   2.5894926E-04   4.0212327E-04
   1.5585662E+03   1.8780000E+03   1.1700000E+03   2.0986801E-04   3.3686506E-04
   1.5585737E+03   1.8940000E+03   1.2170000E+03   4.6447658E-06   7.2285838E-06
   1.5585813E+03   1.9200000E+03   1.2610000E+03   1.8055041E-04   2.7490626E-04
   1.5585888E+03   1.8680000E+03   1.1890000E+03   2.2615130E-04   0.0000000E+00
   1.5585963E+03   1.9850000E+03   1.2910000E+03   1.1180230E-08   1.7190362E-08
   1.5586038E+03   1.8590000E+03   1.1880000E+03   3.3753192E-04   5.2817494E-04
   1.5586114E+03   1.9340000E+03   1.2130000E+03   1.9672448E-10   0.0000000E+00
   1.5586189E+03   1.9550000E+03   1.2680000E+03   9.7768023E-05   1.8346287E-04
   1.5586264E+03   1.8290000E+03   1.1680000E+03   0.0000000E+00   0.0000000E+00
   1.5586340E+03   1.9240000E+03   1.2110000E+03   5.2244342E-09   8.3004223E-09
   1.5586415E+03   1.9910000E+03   1.2610000E+03   1.4133858E-04   2.2316028E-04
   1.5586490E+03   1.9110000E+03   1.1860000E+03   1.0885976E-04   4.5122624E-09
   1.5586565E+03   1.8550000E+03   1.1740000E+03   2.8439197E-09   4.4935869E-09
   1.5586641E+03   1.8990000E+03   1.2020000E+03   1.5221217E-04   2.4047497E-04
   1.5586716E+03   1.9470000E+03   1.2020000E+03   6.6516317E-07   0.0000000E+00
   1.5586791E+03   1.9200000E+03   1.2090000E+03   0.0000000E+00   0.0000000E+00
   1.5586867E+03   2.0380000E+03   1.2940000E+03   3.6601982E-04   5.7646708E-04
   1.5586942E+03   1.8400000E+03   1.1810000E+03   5.6084649E-04   8.7379978E-04
   1.5587017E+03   1.8920000E+03   1.2260000E+03   7.0648901E-09   1.0902750E-08
   1.5587092E+03   1.9160000E+03   1.2580000E+03   9.0927700E-06   0.0000000E+00
   1.5587168E+03   1.8640000E+03   1.1960000E+03   3.9950531E-04   6.2264038E-04
   1.5587243E+03   1.8510000E+03   1.1550000E+03   1.1667651E-09   1.8698547E-09
   1.5587318E+03   1.8270000E+03   1.1790000E+03   4.8390085E-04   1.5306009E-09
   1.5587393E+03   1.8300000E+03   1.1580000E+03   1.5480080E-09   2.4463340E-09
   1.5587469E+03   1.8350000E+03   1.1570000E+03   1.1780617E-04   1.8684042E-04
   1.5587544E+03   1.8300000E+03   1.1920000E+03   1.1283433E-04   1.7322721E-04
   1.5587619E+03   1.8240000E+03   1.1220000E+03   0.0000000E+00   0.0000000E+00
   1.5587695E+03   1.9200000E+03   1.2160000E+03   1.9809507E-04   3.1278169E-04
   1.5587770E+03   1.9120000E+03   1.2120000E+03   6.0685937E-05   9.5735413E-05
   1.5587845E+03   1.8640000E+03   1.1430000E+03   6.3947769E-05   1.0428578E-04
   1.5587920E+03   1.8240000E+03   1.1560000E+03   3.0060753E-04   4.7431494E-04
   1.5587996E+03   1.8650000E+03   1.1750000E+03   7.4847462E-04   7.9739334E-04
   1.5588071E+03   1.8470000E+03   1.1830000E+03   5.6041822E-10   8.7497249E-10
   1.5588146E+03   1.8530000E+03   1.1930000E+03   3.3721648E-04   1.0367317E-09
   1.5588222E+03   1.8350000E+03   1.1550000E+03   6.8070692E-05   1.0814694E-04
   1.5588297E+03   1.8370000E+03   1.1660000E+03   0.0000000E+00   0.0000000E+00
   1.5588372E+03   1.7850000E+03   1.1020000E+03   0.0000000E+00   0.0000000E+00
   1.5588447E+03   1.8980000E+03   1.2190000E+03   1.5589065E-04   2.4272392E-04
   1.5588523E+03   1.8070000E+03   1.1240000E+03   1.6293726E-10   2.6194629E-10
   1.5588598E+03   1.8400000E+03   1.1530000E+03   2.8231938E-04   4.6218681E-04
   1.5588673E+03   1.8330000E+03   1.1650000E+03   6.0495178E-10   9.5182541E-10
   1.5588749E+03   1.8170000E+03   1.1210000E+03   5.1810374E-06   0.0000000E+00
   1.5588824E+03   1.8910000E+03   1.2430000E+03   4.0811175E-09   6.2086831E-09
   1.5588899E+03   1.8250000E+03   1.1260000E+03   4.0686306E-04   6.5943614E-04
   1.5588974E+03   1.8710000E+03   1.2110000E+03   1.9031452E-04   2.9403672E-04
   1.5589050E+03   1.7970000E+03   1.1150000E+03   1.4013306E-04   2.2584674E-04
   1.5589125E+03   1.8710000E+03   1.2100000E+03   2.6269008E-04   2.1880234E-04
   1.5589200E+03   1.8800000E+03   1.1700000E+03   1.0512839E-04   1.6892426E-04
   1.5589276E+03   1.9130000E+03   1.1780000E+03   0.0000000E+00   0.0000000E+00
   1.5589351E+03   1.8060000E+03   1.1530000E+03   5.6421805E-11   8.8376219E-11
   1.5589426E+03   1.8800000E+03   1.2060000E+03   3.9731780E-04   6.1936772E-04
   1.5589501E+03   1.9160000E+03   1.2120000E+03   6.0587398E-06   9.5780079E-06
   1.5589577E+03   1.8260000E+03   1.1670000E+03   4.3339107E-09   6.7812519E-09
   1.5589652E+03   1.7980000E+03   1.1710000E+03   1.5888815E-05   1.3532606E-09
   1.5589727E+03   1.8810000E+03   1.1690000E+03   0.0000000E+00   0.0000000E+00
   1.5589803E+03   1.7910000E+03   1.1740000E+03   2.3212171E-05   3.5411412E-05
   1.5589878E+03   1.8170000E+03   1.1780000E+03   0.0000000E+00   0.0000000E+00
   1.5589953E+03   1.8330000E+03   1.1570000E+03   3.8318206E-04   6.0706371E-04
   1.5590028E+03   1.8230000E+03   1.1470000E+03   7.2378840E-09   1.1503629E-08
   1.5590104E+03   1.8230000E+03   1.1750000E+03   1.1405777E-05   1.7695941E-05
   1.5590179E+03   1.8550000E+03   1.1960000E+03   0.0000000E+00   0.0000000E+00
   1.5590254E+03   1.8810000E+03   1.1750000E+03   4.5961642E-04   7.3577744E-04
   1.5590330E+03   1.8090000E+03   1.1720000E+03   9.2851758E-06   1.4331811E-05
   1.5590405E+03   1.8910000E+03   1.2150000E+03   4.5886478E-04   0.0000000E+00
   1.5590480E+03   1.8310000E+03   1.1680000E+03   5.3762335E-04   8.4279826E-04
   1.5590555E+03   1.8070000E+03   1.1380000E+03   6.5168585E-09   1.0347947E-08
   1.5590631E+03   1.7960000E+03   1.1670000E+03   0.0000000E+00   0.0000000E+00
   1.5590706E+03   1.8720000E+03   1.1870000E+03   8.4477993E-05   0.0000000E+00
   1.5590781E+03   1.8660000E+03   1.1900000E+03   3.6684829E-10   4.0752173E-10
   1.5590857E+03   1.8180000E+03   1.1540000E+03   3.8798389E-04   9.5411220E-05
   1.5590932E+03   1.8830000E+03   1.1780000E+03   5.5905002E-05   8.9362580E-05
   1.5591007E+03   1.9360000E+03   1.2400000E+03   1.1955978E-09   1.8666753E-09
   1.5591082E+03   1.8970000E+03   1.2040000E+03   5.3958299E-04   8.9063128E-04
   1.5591158E+03   1.8220000E+03   1.1350000E+03   2.2938918E-05   3.7834996E-05
   1.5591233E+03   1.8370000E+03   1.1640000E+03   1.2439788E-05   1.9632208E-05
   1.5591308E+03   1.7540000E+03   1.0850000E+03   0.0000000E+00   0.0000000E+00
   1.5591384E+03   1.7680000E+03   1.1130000E+03   1.7630193E-04   3.0502743E-04
   1.5591459E+03   1.7850000E+03   1.1210000E+03   4.2044476E-05   6.6948609E-05
   1.5591534E+03   1.8570000E+03   1.1670000E+03   0.0000000E+00   0.0000000E+00
   1.5591609E+03   1.8140000E+03   1.1510000E+03   5.0536824E-09   7.9647088E-09
   1.5591685E+03   1.8260000E+03   1.1430000E+03   1.1081868E-04   0.0000000E+00
   1.5591760E+03   1.7550000E+03   1.1140000E+03   3.2941872E-05   5.1896756E-05
   1.5591835E+03   1.7590000E+03   1.1410000E+03   9.2840201E-05   1.4312525E-04
   1.5591910E+03   1.8370000E+03   1.1350000E+03   1.9993815E-10   3.2360033E-10
   1.5591986E+03   1.7480000E+03   1.1240000E+03   0.0000000E+00   0.0000000E+00
   1.5592061E+03   1.8180000E+03   1.1510000E+03   0.0000000E+00   0.0000000E+00
   1.5592136E+03   1.8250000E+03   1.1950000E+03   1.1658811E-04   1.7805297E-04
   1.5592212E+03   1.7740000E+03   1.1240000E+03   4.5269810E-10   7.1448970E-10
   1.5592287E+03   1.7380000E+03   1.1310000E+03   4.2851553E-04   6.5849690E-04
   1.5592362E+03   1.8720000E+03   1.1880000E+03   4.3867748E-05   6.9124935E-05
   1.5592437E+03   1.7830000E+03   1.1110000E+03   3.6989278E-04   5.9362631E-04
   1.5592513E+03   1.8430000E+03   1.2070000E+03   0.0000000E+00   0.0000000E+00
   1.5592588E+03   1.7100000E+03   1.1290000E+03   1.2671177E-05   1.9191952E-05
   1.5592663E+03   1.7420000E+03   1.0620000E+03   5.4943978E-04   9.0124680E-04
   1.5592739E+03   1.7280000E+03   1.1290000E+03   1.4994536E-09   2.2950007E-09
   1.5592814E+03   1.8190000E+03   1.1250000E+03   2.5883780E-04   4.1851196E-04
   1.5592889E+03   1.7130000E+03   1.0260000E+03   5.1021900E-04   8.5185687E-04
   1.5592964E+03   1.7650000E+03   1.1320000E+03   8.6907259E-06   2.5257360E-05
   1.5593040E+03   1.7990000E+03   1.1670000E+03   0.0000000E+00   0.0000000E+00
   1.5593115E+03   1.7280000E+03   1.1100000E+03   2.9041383E-10   4.5210369E-10
   1.5593190E+03   1.7680000E+03   1.1160000E+03   5.5053039E-05   4.5839371E-09
   1.5593266E+03   1.7360000E+03   1.1040000E+03   1.6425052E-04   0.0000000E+00
   1.5593341E+03   1.7570000E+03   1.1230000E+03   4.3850620E-06   6.8606892E-06
   1.5593416E+03   1.8580000E+03   1.1730000E+03   3.4909277E-04   5.5295343E-04
   1.5593491E+03   1.7860000E+03   1.1200000E+03   5.1990511E-10   8.2906297E-10
   1.5593567E+03   1.7790000E+03   1.1280000E+03   1.3517329E-05   2.1318553E-05
   1.5593642E+03   1.7410000E+03   1.1100000E+03   0.0000000E+00   0.0000000E+00
   1.5593717E+03   1.7520000E+03   1.0960000E+03   2.1489861E-05   3.4352406E-05
   1.5593793E+03   1.7050000E+03   1.0810000E+03   6.7759083E-09   1.0687256E-08
   1.5593868E+03   1.8230000E+03   1.1770000E+03   0.0000000E+00   0.0000000E+00
   1.5593943E+03   1.7610000E+03   1.0980000E+03   5.4620523E-04   8.7601768E-04
   1.5594018E+03   1.7850000E+03   1.1360000E+03   5.5024724E-05   8.6460503E-05
   1.5594094E+03   1.7620000E+03   1.1280000E+03   2.4157144E-10   3.7734829E-10
   1.5594169E+03   1.6870000E+03   1.0520000E+03   0.0000000E+00   0.0000000E+00
   1.5594244E+03   1.7820000E+03   1.1370000E+03   5.2716858E-04   8.2280696E-04
   1.5594320E+03   1.7740000E+03   1.1470000E+03   2.5640742E-09   3.9657085E-09
   1.5594395E+03   1.6870000E+03   1.0540000E+03   0.0000000E+00   0.0000000E+00
   1.5594470E+03   1.7780000E+03   1.1520000E+03   0.0000000E+00   0.0000000E+00
   1.5594545E+03   1.7460000E+03   1.1310000E+03   3.5887573E-04   0.0000000E+00
   1.5594621E+03   1.7510000E+03   1.1020000E+03   0.0000000E+00   0.0000000E+00
   1.5594696E+03   1.7660000E+03   1.1070000E+03   2.3749185E-09   3.7887138E-09
   1.5594771E+03   1.7530000E+03   1.1060000E+03   6.1554264E-04   7.7342809E-04
   1.5594847E+03   1.7850000E+03   1.1740000E+03   1.6782089E-04   2.5516208E-04
   1.5594922E+03   1.7790000E+03   1.1170000E+03   0.0000000E+00   0.0000000E+00
   1.5594997E+03   1.7530000E+03   1.1060000E+03   7.4003692E-05   3.8847691E-09
   1.5595072E+03   1.7510000E+03   1.1160000E+03   1.1326828E-04   1.7771752E-04
   1.5595148E+03   1.7540000E+03   1.0950000E+03   0.0000000E+00   0.0000000E+00
   1.5595223E+03   1.6810000E+03   1.0850000E+03   0.0000000E+00   0.0000000E+00
   1.5595298E+03   1.8330000E+03   1.1780000E+03   3.1750274E-04   4.9404289E-04
   1.5595374E+03   1.7090000E+03   1.1100000E+03   0.0000000E+00   0.0000000E+00
   1.5595449E+03   1.7330000E+03   1.1250000E+03   1.8081284E-09   2.7853213E-09
   1.5595524E+03   1.8350000E+03   1.2100000E+03   0.0000000E+00   0.0000000E+00
   1.5595599E+03   1.6740000E+03   1.0210000E+03   5.6582188E-04   9.2770404E-04
   1.5595675E+03   1.7730000E+03   1.1330000E+03   7.2354093E-05   1.1322490E-04
   1.5595750E+03   1.7810000E+03   1.1590000E+03   3.9059586E-10   6.0021677E-10
   1.5595825E+03   1.7840000E+03   1.1520000E+03   1.9243801E-09   3.6491084E-09
   1.5595901E+03   1.7130000E+03   1.0990000E+03   6.0928118E-05   9.4968032E-05
   1.5595976E+03   1.7170000E+03   1.1030000E+03   1.0233220E-09   1.5929681E-09
   1.5596051E+03   1.7150000E+03   1.1000000E+03   4.2825580E-04   6.6768973E-04
   1.5596126E+03   1.7440000E+03   1.0960000E+03   8.0186865E-04   1.4477646E-03
   1.5596202E+03   1.7020000E+03   1.0810000E+03   4.9684147E-10   7.8226104E-10
   1.5596277E+03   1.8090000E+03   1.1560000E+03   1.3142394E-04   2.0566256E-04
   1.5596352E+03   1.7840000E+03   1.1290000E+03   5.3386370E-04   8.4358977E-04
   1.5596427E+03   1.7230000E+03   1.0860000E+03   3.3759133E-05   5.3560761E-05
   1.5596503E+03   1.6660000E+03   1.0740000E+03   2.2457575E-05   3.4836424E-05
   1.5596578E+03   1.6650000E+03   1.0620000E+03   0.0000000E+00   0.0000000E+00
   1.5596653E+03   1.7540000E+03   1.1150000E+03   1.3424177E-09   2.1117495E-09
   1.5596729E+03   1.6950000E+03   1.0970000E+03   8.6388387E-05   1.3348069E-04
   1.5596804E+03   1.7350000E+03   1.1050000E+03   2.4971574E-04   3.9208760E-04
   1.5596879E+03   1.7470000E+03   1.1050000E+03   1.5073275E-04   2.9046826E-09
   1.5596954E+03   1.7390000E+03   1.0940000E+03   0.0000000E+00   0.0000000E+00
   1.5597030E+03   1.7430000E+03   1.1310000E+03   4.8921744E-11   7.5393988E-11
   1.5597105E+03   1.7330000E+03   1.0790000E+03   0.0000000E+00   0.0000000E+00
   1.5597180E+03   1.7080000E+03   1.0790000E+03   4.7809057E-05   8.3429205E-05
   1.5597256E+03   1.7360000E+03   1.1010000E+03   5.3070124E-05   8.3678234E-05
   1.5597331E+03   1.7680000E+03   1.1260000E+03   0.0000000E+00   0.0000000E+00
   1.5597406E+03   1.6850000E+03   1.0800000E+03   0.0000000E+00   0.0000000E+00
   1.5597481E+03   1.7460000E+03   1.1300000E+03   0.0000000E+00   0.0000000E+00
   1.5597557E+03   1.7300000E+03   1.0710000E+03   5.1072684E-05   8.2498360E-05
   1.5597632E+03   1.7000000E+03   1.0800000E+03   5.1788194E-04   8.1518453E-04
   1.5597707E+03   1.7660000E+03   1.1140000E+03   5.9756842E-05   9.4731223E-05
   1.5597783E+03   1.6520000E+03   1.0370000E+03   0.0000000E+00   0.0000000E+00
   1.5597858E+03   1.7500000E+03   1.1110000E+03   0.0000000E+00   0.0000000E+00
   1.5597933E+03   1.6970000E+03   1.0690000E+03   0.0000000E+00   0.0000000E+00
   1.5598008E+03   1.7570000E+03   1.0930000E+03   1.6631731E-04   2.6735545E-04
   1.5598084E+03   1.7250000E+03   1.1030000E+03   2.5058699E-04   3.9189716E-04
   1.5598159E+03   1.7360000E+03   1.1130000E+03   5.5375620E-04   8.6372036E-04
   1.5598234E+03   1.7400000E+03   1.1200000E+03   4.7542357E-05   7.3860447E-05
   1.5598310E+03   1.6290000E+03   1.0230000E+03   5.1584984E-04   8.2142658E-04
   1.5598385E+03   1.7380000E+03   1.1030000E+03   0.0000000E+00   0.0000000E+00
   1.5598460E+03   1.6420000E+03   1.0070000E+03   0.0000000E+00   0.0000000E+00
   1.5598535E+03   1.7070000E+03   1.0740000E+03   5.7160116E-05   9.0849458E-05
   1.5598611E+03   1.6240000E+03   9.9600000E+02   0.0000000E+00   0.0000000E+00
   1.5598686E+03   1.7670000E+03   1.1470000E+03   5.1483506E-09   7.9312428E-09
   1.5598761E+03   1.7350000E+03   1.1030000E+03   4.0107633E-05   6.3088616E-05
   1.5598837E+03   1.7470000E+03   1.0960000E+03   3.8974753E-06   0.0000000E+00
   1.5598912E+03   1.7150000E+03   1.1010000E+03   0.0000000E+00   0.0000000E+00
   1.5598987E+03   1.6210000E+03   1.0290000E+03   1.0212511E-03   1.6087931E-03
   1.5599062E+03   1.7060000E+03   1.0800000E+03   0.0000000E+00   0.0000000E+00
   1.5599138E+03   1.6350000E+03   1.0390000E+03   1.4085452E-04   2.2165269E-04
   1.5599213E+03   1.7040000E+03   1.0710000E+03   8.0109303E-05   0.0000000E+00
   1.5599288E+03   1.6580000E+03   1.0610000E+03   5.3030548E-04   8.2869602E-04
   1.5599364E+03   1.7150000E+03   1.1310000E+03   0.0000000E+00   0.0000000E+00
   1.5599439E+03   1.6790000E+03   1.0970000E+03   1.6232375E-04   2.4844264E-04
   1.5599514E+03   1.6950000E+03   1.0870000E+03   0.0000000E+00   0.0000000E+00
   1.5599589E+03   1.6820000E+03   1.1000000E+03   4.9460422E-11   7.5629481E-11
   1.5599665E+03   1.7250000E+03   1.1140000E+03   0.0000000E+00   0.0000000E+00
   1.5599740E+03   1.6650000E+03   1.0360000E+03   0.0000000E+00   0.0000000E+00
   1.5599815E+03   1.6380000E+03   1.0510000E+03   1.5020754E-04   3.6351230E-08
   1.5599891E+03   1.6190000E+03   1.0220000E+03   1.1088611E-09   1.7566009E-09
   1.5599966E+03   1.7690000E+03   1.1090000E+03   2.2033936E-10   3.5147009E-10
   1.5600041E+03   1.7120000E+03   1.0480000E+03   0.0000000E+00   0.0000000E+00
   1.5600116E+03   1.7270000E+03   1.1010000E+03   0.0000000E+00   0.0000000E+00
   1.5600192E+03   1.6460000E+03   1.0840000E+03   1.6860219E-04   2.5601403E-04
   1.5600267E+03   1.7200000E+03   1.0790000E+03   2.4205078E-10   3.8584554E-10
   1.5600342E+03   1.7100000E+03   1.0990000E+03   3.2029997E-10   4.9837392E-10
   1.5600418E+03   1.6010000E+03   1.0030000E+03   2.4778226E-09   3.9551286E-09
   1.5600493E+03   1.6640000E+03   1.0530000E+03   1.6720244E-08   2.6422114E-08
   1.5600568E+03   1.6290000E+03   1.0700000E+03   7.9655221E-09   0.0000000E+00
   1.5600643E+03   1.6620000E+03   1.0360000E+03   0.0000000E+00   0.0000000E+00
   1.5600719E+03   1.6590000E+03   1.0700000E+03   0.0000000E+00   0.0000000E+00
   1.5600794E+03   1.6930000E+03   1.0660000E+03   0.0000000E+00   0.0000000E+00
   1.5600869E+03   1.6410000E+03   1.0900000E+03   4.8421484E-04   0.0000000E+00
   1.5600944E+03   1.6800000E+03   1.0610000E+03   0.0000000E+00   0.0000000E+00
   1.5601020E+03   1.6400000E+03   1.0550000E+03   1.3389618E-04   2.8773254E-05
   1.5601095E+03   1.6430000E+03   1.0320000E+03   0.0000000E+00   0.0000000E+00
   1.5601170E+03   1.6090000E+03   9.9000000E+02   0.0000000E+00   0.0000000E+00
   1.5601246E+03   1.6690000E+03   1.0540000E+03   0.0000000E+00   0.0000000E+00
   1.5601321E+03   1.6420000E+03   1.0590000E+03   0.0000000E+00   0.0000000E+00
   1.5601396E+03   1.6510000E+03   1.0700000E+03   5.7109937E-04   8.8120099E-04
   1.5601471E+03   1.6280000E+03   1.0370000E+03   5.4734172E-05   8.5927900E-05
   1.5601547E+03   1.6610000E+03   1.0380000E+03   0.0000000E+00   0.0000000E+00
   1.5601622E+03   1.6640000E+03   1.0060000E+03   2.7916724E-04   8.5037978E-04
   1.5601697E+03   1.6570000E+03   1.0510000E+03   5.6719760E-04   8.9424018E-04
   1.5601773E+03   1.5790000E+03   1.0200000E+03   0.0000000E+00   0.0000000E+00
   1.5601848E+03   1.6800000E+03   1.0580000E+03   0.0000000E+00   0.0000000E+00
   1.5601923E+03   1.7270000E+03   1.0880000E+03   0.0000000E+00   0.0000000E+00
   1.5601998E+03   1.6090000E+03   1.0160000E+03   4.4946863E-04   7.1180613E-04
   1.5602074E+03   1.6130000E+03   1.0480000E+03   0.0000000E+00   0.0000000E+00
   1.5602149E+03   1.6120000E+03   1.0410000E+03   0.0000000E+00   0.0000000E+00
   1.5602224E+03   1.6980000E+03   1.0550000E+03   0.0000000E+00   0.0000000E+00
   1.5602300E+03   1.5840000E+03   9.9900000E+02   0.0000000E+00   0.0000000E+00
   1.5602375E+03   1.6360000E+03   1.0420000E+03   2.1380698E-04   9.2639524E-04
   1.5602450E+03   1.7070000E+03   1.0860000E+03   0.0000000E+00   0.0000000E+00
   1.5602525E+03   1.6310000E+03   1.0150000E+03   3.6717799E-05   5.9001704E-05
   1.5602601E+03   1.6070000E+03   1.0290000E+03   2.0986088E-09   3.2774192E-09
   1.5602676E+03   1.6290000E+03   1.0440000E+03   6.5872612E-05   1.0278399E-04
   1.5602751E+03   1.5970000E+03   1.0240000E+03   0.0000000E+00   0.0000000E+00
   1.5602827E+03   1.5590000E+03   9.7200000E+02   4.7901721E-04   7.6830024E-04
   1.5602902E+03   1.5850000E+03   1.0110000E+03   0.0000000E+00   0.0000000E+00
   1.5602977E+03   1.6250000E+03   9.9700000E+02   0.0000000E+00   0.0000000E+00
   1.5603052E+03   1.6150000E+03   1.0040000E+03   0.0000000E+00   0.0000000E+00
   1.5603128E+03   1.5450000E+03   9.7000000E+02   0.0000000E+00   0.0000000E+00
   1.5603203E+03   1.5930000E+03   1.0240000E+03   1.7743004E-04   2.7602153E-04
   1.5603278E+03   1.5740000E+03   9.9100000E+02   0.0000000E+00   0.0000000E+00
   1.5603354E+03   1.6320000E+03   1.0570000E+03   1.9527128E-04   6.3295706E-09
   1.5603429E+03   1.6360000E+03   1.0570000E+03   6.7758696E-04   1.0487533E-03
   1.5603504E+03   1.6130000E+03   1.0470000E+03   2.4851416E-04   3.8285897E-04
   1.5603579E+03   1.6590000E+03   1.0060000E+03   3.4300914E-04   5.6565821E-04
   1.5603655E+03   1.5840000E+03   1.0070000E+03   4.4139030E-04   0.0000000E+00
   1.5603730E+03   1.6270000E+03   1.0470000E+03   0.0000000E+00   0.0000000E+00
   1.5603805E+03   1.6840000E+03   1.0390000E+03   3.5692235E-04   5.7849589E-04
   1.5603881E+03   1.6500000E+03   1.0520000E+03   0.0000000E+00   0.0000000E+00
   1.5603956E+03   1.6710000E+03   1.0570000E+03   5.2255514E-04   8.2610183E-04
   1.5604031E+03   1.6350000E+03   1.0240000E+03   5.1898601E-04   8.2865441E-04
   1.5604106E+03   1.5810000E+03   1.0260000E+03   0.0000000E+00   0.0000000E+00
   1.5604182E+03   1.5860000E+03   1.0230000E+03   5.9578298E-04   9.2366746E-04
   1.5604257E+03   1.6230000E+03   1.0170000E+03   7.3184692E-05   0.0000000E+00
   1.5604332E+03   1.6630000E+03   1.0420000E+03   2.2852385E-09   3.6471705E-09
   1.5604408E+03   1.6570000E+03   1.0630000E+03   0.0000000E+00   0.0000000E+00
   1.5604483E+03   1.6440000E+03   1.0720000E+03   1.2200068E-08   1.8709806E-08
   1.5604558E+03   1.6060000E+03   1.0020000E+03   0.0000000E+00   0.0000000E+00
   1.5604633E+03   1.5930000E+03   9.9900000E+02   1.3128149E-08   2.0934076E-08
   1.5604709E+03   1.6080000E+03   1.0530000E+03   0.0000000E+00   0.0000000E+00
   1.5604784E+03   1.4950000E+03   9.3500000E+02   5.4420247E-04   8.7014192E-04
   1.5604859E+03   1.5890000E+03   1.0300000E+03   0.0000000E+00   0.0000000E+00
   1.5604935E+03   1.5620000E+03   9.6300000E+02   6.3169546E-06   1.0246192E-05
   1.5605010E+03   1.6020000E+03   1.0340000E+03   0.0000000E+00   0.0000000E+00
   1.5605085E+03   1.5910000E+03   1.0080000E+03   1.8524677E-05   2.9238850E-05
   1.5605160E+03   1.6180000E+03   1.0310000E+03   0.0000000E+00   0.0000000E+00
   1.5605236E+03   1.5240000E+03   9.6600000E+02   2.0564818E-04   3.2443874E-04
   1.5605311E+03   1.5740000E+03   1.0000000E+03   4.2968286E-05   6.7632082E-05
   1.5605386E+03   1.6470000E+03   1.0390000E+03   0.0000000E+00   0.0000000E+00
   1.5605461E+03   1.5440000E+03   1.0070000E+03   0.0000000E+00   0.0000000E+00
   1.5605537E+03   1.5160000E+03   9.6700000E+02   0.0000000E+00   0.0000000E+00
   1.5605612E+03   1.4780000E+03   9.2000000E+02   0.0000000E+00   0.0000000E+00
   1.5605687E+03   1.5680000E+03   9.6100000E+02   3.8464867E-05   0.0000000E+00
   1.5605763E+03   1.5580000E+03   9.7500000E+02   6.5968689E-09   1.0541458E-08
   1.5605838E+03   1.5440000E+03   9.7600000E+02   0.0000000E+00   0.0000000E+00
   1.5605913E+03   1.6060000E+03   1.0410000E+03   0.0000000E+00   0.0000000E+00
   1.5605988E+03   1.5970000E+03   1.0290000E+03   5.8568464E-04   9.0897801E-04
   1.5606064E+03   1.5720000E+03   9.9000000E+02   0.0000000E+00   0.0000000E+00
   1.5606139E+03   1.6080000E+03   1.0270000E+03   8.0716016E-05   1.2637912E-04
   1.5606214E+03   1.5740000E+03   9.8300000E+02   0.0000000E+00   0.0000000E+00
   1.5606290E+03   1.5100000E+03   9.3100000E+02   7.8860536E-10   1.2790484E-09
   1.5606365E+03   1.5960000E+03   1.0230000E+03   0.0000000E+00   0.0000000E+00
   1.5606440E+03   1.5470000E+03   9.5000000E+02   1.3798114E-09   2.2469139E-09
   1.5606515E+03   1.6300000E+03   1.0540000E+03   3.8364550E-04   5.9330377E-04
   1.5606591E+03   1.5880000E+03   1.0170000E+03   4.2709920E-04   6.6689630E-04
   1.5606666E+03   1.5580000E+03   1.0010000E+03   0.0000000E+00   0.0000000E+00
   1.5606741E+03   1.5950000E+03   1.0190000E+03   0.0000000E+00   0.0000000E+00
   1.5606817E+03   1.5920000E+03   1.0330000E+03   0.0000000E+00   0.0000000E+00
   1.5606892E+03   1.6100000E+03   1.0260000E+03   0.0000000E+00   0.0000000E+00
   1.5606967E+03   1.5500000E+03   9.7100000E+02   1.6164548E-04   2.5803347E-04
   1.5607042E+03   1.5470000E+03   9.6600000E+02   0.0000000E+00   0.0000000E+00
   1.5607118E+03   1.5410000E+03   9.6800000E+02   2.6220544E-04   4.1741590E-04
   1.5607193E+03   1.5610000E+03   9.7400000E+02   2.5282193E-04   4.0518998E-04
   1.5607268E+03   1.5520000E+03   9.9600000E+02   0.0000000E+00   0.0000000E+00
   1.5607344E+03   1.5730000E+03   1.0110000E+03   0.0000000E+00   0.0000000E+00
   1.5607419E+03   1.5000000E+03   9.2800000E+02   0.0000000E+00   0.0000000E+00
   1.5607494E+03   1.6320000E+03   1.0740000E+03   1.0462954E-04   1.5899014E-04
   1.5607569E+03   1.6400000E+03   1.0150000E+03   5.7723141E-05   9.3266946E-05
   1.5607645E+03   1.5330000E+03   9.9800000E+02   0.0000000E+00   0.0000000E+00
   1.5607720E+03   1.5700000E+03   1.0210000E+03   1.4677377E-09   2.2569522E-09
