   1.5381945E+03   7.8900000E+02   0.0000000E+00   0.0000000E+00   0.0000000E+00
   1.5382021E+03   7.6200000E+02   0.0000000E+00   0.0000000E+00   0.0000000E+00
   1.5382096E+03   7.2300000E+02   0.0000000E+00   0.0000000E+00   0.0000000E+00
   1.5382171E+03   7.5000000E+02   0.0000000E+00   0.0000000E+00   0.0000000E+00
   1.5382246E+03   7.8100000E+02   1.0000000E+00   1.1518247E-03   8.9957507E-01
   1.5382322E+03   7.8500000E+02   0.0000000E+00   0.0000000E+00   0.0000000E+00
   1.5382397E+03   7.4400000E+02   0.0000000E+00   0.0000000E+00   0.0000000E+00
   1.5382472E+03   7.4600000E+02   0.0000000E+00   0.0000000E+00   0.0000000E+00
   1.5382548E+03   7.2500000E+02   0.0000000E+00   0.0000000E+00   0.0000000E+00
   1.5382623E+03   7.4200000E+02   0.0000000E+00   0.0000000E+00   0.0000000E+00
   1.5382698E+03   7.0100000E+02   0.0000000E+00   0.0000000E+00   0.0000000E+00
   1.5382773E+03   7.2900000E+02   0.0000000E+00   0.0000000E+00   0.0000000E+00
   1.5382849E+03   7.0900000E+02   0.0000000E+00   0.0000000E+00   0.0000000E+00
   1.5382924E+03   7.7300000E+02   1.0000000E+00   1.1233974E-03   8.6838622E-01
   1.5382999E+03   7.4600000E+02   0.0000000E+00   0.0000000E+00   0.0000000E+00
   1.5383075E+03   6.9300000E+02   0.0000000E+00   0.0000000E+00   0.0000000E+00
   1.5383150E+03   7.6800000E+02   0.0000000E+00   0.0000000E+00   0.0000000E+00
   1.5383225E+03   7.2700000E+02   0.0000000E+00   0.0000000E+00   0.0000000E+00
   1.5383300E+03   7.4100000E+02   0.0000000E+00   0.0000000E+00   0.0000000E+00
   1.5383376E+03   7.3800000E+02   0.0000000E+00   0.0000000E+00   0.0000000E+00
   1.5383451E+03   7.7100000E+02   0.0000000E+00   0.0000000E+00   0.0000000E+00
   1.5383526E+03   7.8200000E+02   0.0000000E+00   0.0000000E+00   0.0000000E+00
   1.5383602E+03   8.1000000E+02   0.0000000E+00   0.0000000E+00   0.0000000E+00
   1.5383677E+03   7.4400000E+02   0.0000000E+00   0.0000000E+00   0.0000000E+00
   1.5383752E+03   7.5400000E+02   0.0000000E+00   0.0000000E+00   0.0000000E+00
   1.5383827E+03   7.8000000E+02   0.0000000E+00   0.0000000E+00   0.0000000E+00
   1.5383903E+03   7.9800000E+02   0.0000000E+00   0.0000000E+00   0.0000000E+00
   1.5383978E+03   6.9600000E+02   0.0000000E+00   0.0000000E+00   0.0000000E+00
   1.5384053E+03   7.6500000E+02   0.0000000E+00   0.0000000E+00   0.0000000E+00
   1.5384128E+03   7.6900000E+02   0.0000000E+00   0.0000000E+00   0.0000000E+00
   1.5384204E+03   7.1200000E+02   0.0000000E+00   0.0000000E+00   0.0000000E+00
   1.5384279E+03   7.5800000E+02   0.0000000E+00   0.0000000E+00   0.0000000E+00
   1.5384354E+03   7.1100000E+02   0.0000000E+00   0.0000000E+00   0.0000000E+00
   1.5384430E+03   7.5400000E+02   0.0000000E+00   0.0000000E+00   0.0000000E+00
   1.5384505E+03   7.8700000E+02   0.0000000E+00   0.0000000E+00   0.0000000E+00
   1.5384580E+03   7.7400000E+02   0.0000000E+00   0.0000000E+00   0.0000000E+00
   1.5384655E+03   7.3900000E+02   1.0000000E+00   9.6723913E-04   7.1478971E-01
   1.5384731E+03   7.0600000E+02   0.0000000E+00   2.0697616E-04   0.0000000E+00
   1.5384806E+03   7.4400000E+02   0.0000000E+00   0.0000000E+00   0.0000000E+00
   1.5384881E+03   7.9600000E+02   0.0000000E+00   0.0000000E+00   0.0000000E+00
   1.5384957E+03   7.6000000E+02   1.0000000E+00   9.5609064E-04   7.2662889E-01
   1.5385032E+03   7.7100000E+02   0.0000000E+00   0.0000000E+00   0.0000000E+00
   1.5385107E+03   7.5800000E+02   0.0000000E+00   0.0000000E+00   0.0000000E+00
   1.5385182E+03   7.7100000E+02   1.0000000E+00   9.0986807E-04   7.0150828E-01
   1.5385258E+03   7.6600000E+02   0.0000000E+00   0.0000000E+00   0.0000000E+00
   1.5385333E+03   7.2400000E+02   0.0000000E+00   0.0000000E+00   0.0000000E+00
   1.5385408E+03   7.4500000E+02   0.0000000E+00   0.0000000E+00   0.0000000E+00
   1.5385484E+03   7.9400000E+02   0.0000000E+00   0.0000000E+00   0.0000000E+00
   1.5385559E+03   7.1300000E+02   0.0000000E+00   0.0000000E+00   0.0000000E+00
   1.5385634E+03   7.6300000E+02   0.0000000E+00   0.0000000E+00   0.0000000E+00
   1.5385709E+03   7.3200000E+02   0.0000000E+00   0.0000000E+00   0.0000000E+00
   1.5385785E+03   7.7700000E+02   0.0000000E+00   0.0000000E+00   0.0000000E+00
   1.5385860E+03   7.3300000E+02   0.0000000E+00   0.0000000E+00   0.0000000E+00
   1.5385935E+03   7.7400000E+02   0.0000000E+00   0.0000000E+00   0.0000000E+00
   1.5386011E+03   7.3400000E+02   0.0000000E+00   0.0000000E+00   0.0000000E+00
   1.5386086E+03   7.3800000E+02   0.0000000E+00   0.0000000E+00   0.0000000E+00
   1.5386161E+03   7.3300000E+02   0.0000000E+00   0.0000000E+00   0.0000000E+00
   1.5386236E+03   7.8800000E+02   1.0000000E+00   7.6571058E-04   6.0337994E-01
   1.5386312E+03   7.4600000E+02   0.0000000E+00   0.0000000E+00   0.0000000E+00
   1.5386387E+03   7.7000000E+02   0.0000000E+00   0.0000000E+00   0.0000000E+00
   1.5386462E+03   7.7000000E+02   0.0000000E+00   0.0000000E+00   0.0000000E+00
   1.5386538E+03   7.9800000E+02   0.0000000E+00   0.0000000E+00   0.0000000E+00
   1.5386613E+03   7.4900000E+02   0.0000000E+00   0.0000000E+00   0.0000000E+00
   1.5386688E+03   7.3800000E+02   1.0000000E+00   1.0002900E-03   7.3821405E-01
   1.5386763E+03   7.1600000E+02   0.0000000E+00   0.0000000E+00   0.0000000E+00
   1.5386839E+03   7.4000000E+02   0.0000000E+00   0.0000000E+00   0.0000000E+00
   1.5386914E+03   7.0700000E+02   0.0000000E+00   0.0000000E+00   0.0000000E+00
   1.5386989E+03   7.6500000E+02   0.0000000E+00   0.0000000E+00   0.0000000E+00
   1.5387065E+03   7.6800000E+02   0.0000000E+00   0.0000000E+00   0.0000000E+00
   1.5387140E+03   8.2700000E+02   0.0000000E+00   0.0000000E+00   0.0000000E+00
   1.5387215E+03   7.5000000E+02   0.0000000E+00   0.0000000E+00   0.0000000E+00
   1.5387290E+03   8.1200000E+02   0.0000000E+00   0.0000000E+00   0.0000000E+00
   1.5387366E+03   7.6200000E+02   0.0000000E+00   0.0000000E+00   0.0000000E+00
   1.5387441E+03   7.2300000E+02   1.0000000E+00   3.4574935E-05   2.4997678E-02
   1.5387516E+03   7.5000000E+02   1.0000000E+00   1.6532956E-05   1.2399717E-02
   1.5387592E+03   7.6900000E+02   0.0000000E+00   0.0000000E+00   0.0000000E+00
   1.5387667E+03   7.2200000E+02   1.0000000E+00   2.3509868E-05   1.6974125E-02
   1.5387742E+03   8.0200000E+02   0.0000000E+00   0.0000000E+00   0.0000000E+00
   1.5387817E+03   7.7700000E+02   0.0000000E+00   0.0000000E+00   0.0000000E+00
   1.5387893E+03   7.6000000E+02   0.0000000E+00   0.0000000E+00   0.0000000E+00
   1.5387968E+03   7.6100000E+02   0.0000000E+00   0.0000000E+00   0.0000000E+00
   1.5388043E+03   7.6200000E+02   0.0000000E+00   0.0000000E+00   0.0000000E+00
   1.5388119E+03   7.7800000E+02   0.0000000E+00   0.0000000E+00   0.0000000E+00
   1.5388194E+03   7.7000000E+02   0.0000000E+00   0.0000000E+00   0.0000000E+00
   1.5388269E+03   8.3100000E+02   0.0000000E+00   0.0000000E+00   0.0000000E+00
   1.5388344E+03   7.6100000E+02   0.0000000E+00   0.0000000E+00   0.0000000E+00
   1.5388420E+03   8.4600000E+02   0.0000000E+00   0.0000000E+00   0.0000000E+00
   1.5388495E+03   7.6200000E+02   0.0000000E+00   0.0000000E+00   0.0000000E+00
   1.5388570E+03   7.6600000E+02   0.0000000E+00   0.0000000E+00   0.0000000E+00
   1.5388646E+03   7.9000000E+02   0.0000000E+00   0.0000000E+00   0.0000000E+00
   1.5388721E+03   7.5700000E+02   0.0000000E+00   0.0000000E+00   0.0000000E+00
   1.5388796E+03   7.6200000E+02   0.0000000E+00   0.0000000E+00   0.0000000E+00
   1.5388871E+03   7.6600000E+02   0.0000000E+00   0.0000000E+00   0.0000000E+00
   1.5388947E+03   7.1100000E+02   0.0000000E+00   0.0000000E+00   0.0000000E+00
   1.5389022E+03   7.8100000E+02   0.0000000E+00   0.0000000E+00   0.0000000E+00
   1.5389097E+03   7.6600000E+02   0.0000000E+00   0.0000000E+00   0.0000000E+00
   1.5389172E+03   7.0500000E+02   0.0000000E+00   0.0000000E+00   0.0000000E+00
   1.5389248E+03   7.2700000E+02   0.0000000E+00   0.0000000E+00   0.0000000E+00
   1.5389323E+03   7.6400000E+02   1.0000000E+00   1.2352355E-03   9.4371992E-01
   1.5389398E+03   7.7200000E+02   0.0000000E+00   0.0000000E+00   0.0000000E+00
   1.5389474E+03   7.4400000E+02   0.0000000E+00   0.0000000E+00   0.0000000E+00
   1.5389549E+03   7.4600000E+02   0.0000000E+00   0.0000000E+00   0.0000000E+00
   1.5389624E+03   7.5800000E+02   0.0000000E+00   0.0000000E+00   0.0000000E+00
   1.5389699E+03   7.4500000E+02   0.0000000E+00   0.0000000E+00   0.0000000E+00
   1.5389775E+03   7.3000000E+02   0.0000000E+00   0.0000000E+00   0.0000000E+00
   1.5389850E+03   7.9400000E+02   0.0000000E+00   0.0000000E+00   0.0000000E+00
   1.5389925E+03   7.4600000E+02   0.0000000E+00   0.0000000E+00   0.0000000E+00
   1.5390001E+03   7.4500000E+02   0.0000000E+00   0.0000000E+00   0.0000000E+00
   1.5390076E+03   7.6700000E+02   0.0000000E+00   0.0000000E+00   0.0000000E+00
   1.5390151E+03   7.3200000E+02   0.0000000E+00   0.0000000E+00   0.0000000E+00
   1.5390226E+03   7.0200000E+02   0.0000000E+00   0.0000000E+00   0.0000000E+00
   1.5390302E+03   7.5700000E+02   0.0000000E+00   0.0000000E+00   0.0000000E+00
   1.5390377E+03   7.9800000E+02   0.0000000E+00   0.0000000E+00   0.0000000E+00
   1.5390452E+03   7.0900000E+02   0.0000000E+00   5.8065920E-04   0.0000000E+00
   1.5390528E+03   7.8000000E+02   0.0000000E+00   0.0000000E+00   0.0000000E+00
   1.5390603E+03   7.3300000E+02   1.0000000E+00   3.2225556E-04   2.3621333E-01
   1.5390678E+03   7.4100000E+02   1.0000000E+00   1.7035470E-04   1.2623283E-01
   1.5390753E+03   7.2000000E+02   0.0000000E+00   0.0000000E+00   0.0000000E+00
   1.5390829E+03   7.7400000E+02   0.0000000E+00   0.0000000E+00   0.0000000E+00
   1.5390904E+03   7.9400000E+02   0.0000000E+00   0.0000000E+00   0.0000000E+00
   1.5390979E+03   7.5100000E+02   0.0000000E+00   0.0000000E+00   0.0000000E+00
   1.5391055E+03   7.5300000E+02   0.0000000E+00   0.0000000E+00   0.0000000E+00
   1.5391130E+03   7.2400000E+02   0.0000000E+00   0.0000000E+00   0.0000000E+00
   1.5391205E+03   7.5700000E+02   0.0000000E+00   0.0000000E+00   0.0000000E+00
   1.5391280E+03   7.9500000E+02   0.0000000E+00   0.0000000E+00   0.0000000E+00
   1.5391356E+03   7.8300000E+02   0.0000000E+00   0.0000000E+00   0.0000000E+00
   1.5391431E+03   7.5200000E+02   0.0000000E+00   0.0000000E+00   0.0000000E+00
   1.5391506E+03   7.8700000E+02   1.0000000E+00   1.2382049E-03   9.7446726E-01
   1.5391582E+03   7.5100000E+02   0.0000000E+00   0.0000000E+00   0.0000000E+00
   1.5391657E+03   7.4900000E+02   0.0000000E+00   0.0000000E+00   0.0000000E+00
   1.5391732E+03   7.3000000E+02   0.0000000E+00   0.0000000E+00   0.0000000E+00
   1.5391807E+03   6.9700000E+02   0.0000000E+00   0.0000000E+00   0.0000000E+00
   1.5391883E+03   7.5900000E+02   1.0000000E+00   1.2288643E-03   9.3270799E-01
   1.5391958E+03   7.2800000E+02   0.0000000E+00   0.0000000E+00   0.0000000E+00
   1.5392033E+03   7.5700000E+02   0.0000000E+00   0.0000000E+00   0.0000000E+00
   1.5392109E+03   7.9100000E+02   0.0000000E+00   0.0000000E+00   0.0000000E+00
   1.5392184E+03   7.4500000E+02   0.0000000E+00   0.0000000E+00   0.0000000E+00
   1.5392259E+03   7.3400000E+02   0.0000000E+00   0.0000000E+00   0.0000000E+00
   1.5392334E+03   7.3900000E+02   0.0000000E+00   0.0000000E+00   0.0000000E+00
   1.5392410E+03   7.3900000E+02   0.0000000E+00   0.0000000E+00   0.0000000E+00
   1.5392485E+03   7.2400000E+02   0.0000000E+00   0.0000000E+00   0.0000000E+00
   1.5392560E+03   7.1100000E+02   1.0000000E+00   1.3661291E-03   9.7131780E-01
   1.5392636E+03   7.3900000E+02   0.0000000E+00   0.0000000E+00   0.0000000E+00
   1.5392711E+03   7.4400000E+02   0.0000000E+00   0.0000000E+00   0.0000000E+00
   1.5392786E+03   7.6300000E+02   0.0000000E+00   0.0000000E+00   0.0000000E+00
   1.5392861E+03   7.6600000E+02   0.0000000E+00   0.0000000E+00   0.0000000E+00
   1.5392937E+03   7.4300000E+02   0.0000000E+00   0.0000000E+00   0.0000000E+00
   1.5393012E+03   7.5000000E+02   1.0000000E+00   1.1526319E-03   8.6447396E-01
   1.5393087E+03   6.9400000E+02   1.0000000E+00   8.4627042E-05   5.8731167E-02
   1.5393162E+03   7.0300000E+02   0.0000000E+00   0.0000000E+00   0.0000000E+00
   1.5393238E+03   7.2200000E+02   0.0000000E+00   0.0000000E+00   0.0000000E+00
   1.5393313E+03   7.7200000E+02   0.0000000E+00   0.0000000E+00   0.0000000E+00
   1.5393388E+03   7.3200000E+02   0.0000000E+00   0.0000000E+00   0.0000000E+00
   1.5393464E+03   7.4100000E+02   0.0000000E+00   0.0000000E+00   0.0000000E+00
   1.5393539E+03   7.4400000E+02   0.0000000E+00   0.0000000E+00   0.0000000E+00
   1.5393614E+03   7.5600000E+02   0.0000000E+00   0.0000000E+00   0.0000000E+00
   1.5393689E+03   7.6900000E+02   0.0000000E+00   0.0000000E+00   0.0000000E+00
   1.5393765E+03   7.6600000E+02   1.0000000E+00   8.1928732E-04   6.2757408E-01
   1.5393840E+03   7.5000000E+02   0.0000000E+00   5.0271180E-06   0.0000000E+00
   1.5393915E+03   7.5000000E+02   0.0000000E+00   0.0000000E+00   0.0000000E+00
   1.5393991E+03   7.7900000E+02   0.0000000E+00   0.0000000E+00   0.0000000E+00
   1.5394066E+03   7.6900000E+02   0.0000000E+00   0.0000000E+00   0.0000000E+00
   1.5394141E+03   8.0500000E+02   0.0000000E+00   0.0000000E+00   0.0000000E+00
   1.5394216E+03   7.1500000E+02   0.0000000E+00   0.0000000E+00   0.0000000E+00
   1.5394292E+03   7.2100000E+02   0.0000000E+00   0.0000000E+00   0.0000000E+00
   1.5394367E+03   7.3200000E+02   0.0000000E+00   0.0000000E+00   0.0000000E+00
   1.5394442E+03   7.6400000E+02   0.0000000E+00   0.0000000E+00   0.0000000E+00
   1.5394518E+03   7.3900000E+02   0.0000000E+00   0.0000000E+00   0.0000000E+00
   1.5394593E+03   7.6600000E+02   0.0000000E+00   0.0000000E+00   0.0000000E+00
   1.5394668E+03   6.9400000E+02   0.0000000E+00   0.0000000E+00   0.0000000E+00
   1.5394743E+03   7.2300000E+02   0.0000000E+00   0.0000000E+00   0.0000000E+00
   1.5394819E+03   7.5900000E+02   0.0000000E+00   0.0000000E+00   0.0000000E+00
   1.5394894E+03   7.2500000E+02   0.0000000E+00   0.0000000E+00   0.0000000E+00
   1.5394969E+03   7.3100000E+02   0.0000000E+00   0.0000000E+00   0.0000000E+00
   1.5395045E+03   7.5500000E+02   0.0000000E+00   0.0000000E+00   0.0000000E+00
   1.5395120E+03   7.8300000E+02   0.0000000E+00   0.0000000E+00   0.0000000E+00
   1.5395195E+03   8.0200000E+02   0.0000000E+00   0.0000000E+00   0.0000000E+00
   1.5395270E+03   8.0100000E+02   0.0000000E+00   0.0000000E+00   0.0000000E+00
   1.5395346E+03   7.7000000E+02   0.0000000E+00   0.0000000E+00   0.0000000E+00
   1.5395421E+03   7.5500000E+02   0.0000000E+00   0.0000000E+00   0.0000000E+00
   1.5395496E+03   7.4400000E+02   0.0000000E+00   0.0000000E+00   0.0000000E+00
   1.5395572E+03   7.6300000E+02   0.0000000E+00   0.0000000E+00   0.0000000E+00
   1.5395647E+03   7.9800000E+02   1.0000000E+00   2.2259898E-05   1.7763398E-02
   1.5395722E+03   7.7300000E+02   1.0000000E+00   4.5444509E-05   3.5128606E-02
   1.5395797E+03   7.2300000E+02   0.0000000E+00   0.0000000E+00   0.0000000E+00
   1.5395873E+03   7.4500000E+02   0.0000000E+00   0.0000000E+00   0.0000000E+00
   1.5395948E+03   6.9900000E+02   0.0000000E+00   0.0000000E+00   0.0000000E+00
   1.5396023E+03   7.7600000E+02   0.0000000E+00   0.0000000E+00   0.0000000E+00
   1.5396099E+03   7.4300000E+02   0.0000000E+00   0.0000000E+00   0.0000000E+00
   1.5396174E+03   7.2500000E+02   0.0000000E+00   0.0000000E+00   0.0000000E+00
   1.5396249E+03   7.4700000E+02   0.0000000E+00   0.0000000E+00   0.0000000E+00
   1.5396324E+03   7.2700000E+02   0.0000000E+00   0.0000000E+00   0.0000000E+00
   1.5396400E+03   7.6100000E+02   0.0000000E+00   0.0000000E+00   0.0000000E+00
   1.5396475E+03   7.6700000E+02   0.0000000E+00   0.0000000E+00   0.0000000E+00
   1.5396550E+03   7.6100000E+02   0.0000000E+00   0.0000000E+00   0.0000000E+00
   1.5396626E+03   7.4700000E+02   0.0000000E+00   0.0000000E+00   0.0000000E+00
   1.5396701E+03   7.3900000E+02   1.0000000E+00   1.1879146E-03   9.3520032E-01
   1.5396776E+03   7.4300000E+02   0.0000000E+00   0.0000000E+00   0.0000000E+00
   1.5396851E+03   7.5100000E+02   0.0000000E+00   0.0000000E+00   0.0000000E+00
   1.5396927E+03   7.3200000E+02   0.0000000E+00   0.0000000E+00   0.0000000E+00
   1.5397002E+03   7.5800000E+02   1.0000000E+00   1.2676191E-03   9.6085527E-01
   1.5397077E+03   7.9400000E+02   0.0000000E+00   0.0000000E+00   0.0000000E+00
   1.5397153E+03   7.6000000E+02   0.0000000E+00   0.0000000E+00   0.0000000E+00
   1.5397228E+03   7.3800000E+02   0.0000000E+00   0.0000000E+00   0.0000000E+00
   1.5397303E+03   7.6000000E+02   0.0000000E+00   0.0000000E+00   0.0000000E+00
   1.5397378E+03   7.3100000E+02   0.0000000E+00   0.0000000E+00   0.0000000E+00
   1.5397454E+03   7.6500000E+02   0.0000000E+00   0.0000000E+00   0.0000000E+00
   1.5397529E+03   7.4600000E+02   2.0000000E+00   2.0588399E-03   7.6794730E-01
   1.5397604E+03   7.6000000E+02   1.0000000E+00   5.4877324E-05   4.1706766E-02
   1.5397679E+03   7.7000000E+02   0.0000000E+00   0.0000000E+00   0.0000000E+00
   1.5397755E+03   7.7900000E+02   0.0000000E+00   1.0846571E-05   0.0000000E+00
   1.5397830E+03   7.3500000E+02   0.0000000E+00   0.0000000E+00   0.0000000E+00
   1.5397905E+03   7.7200000E+02   0.0000000E+00   0.0000000E+00   0.0000000E+00
   1.5397981E+03   7.5100000E+02   0.0000000E+00   0.0000000E+00   0.0000000E+00
   1.5398056E+03   7.9000000E+02   0.0000000E+00   0.0000000E+00   0.0000000E+00
   1.5398131E+03   7.6200000E+02   0.0000000E+00   0.0000000E+00   0.0000000E+00
   1.5398206E+03   7.4800000E+02   0.0000000E+00   0.0000000E+00   0.0000000E+00
   1.5398282E+03   7.7200000E+02   0.0000000E+00   0.0000000E+00   0.0000000E+00
   1.5398357E+03   7.5100000E+02   0.0000000E+00   0.0000000E+00   0.0000000E+00
   1.5398432E+03   7.2300000E+02   0.0000000E+00   0.0000000E+00   0.0000000E+00
   1.5398508E+03   7.4300000E+02   0.0000000E+00   0.0000000E+00   0.0000000E+00
   1.5398583E+03   7.7200000E+02   0.0000000E+00   0.0000000E+00   0.0000000E+00
   1.5398658E+03   7.7200000E+02   0.0000000E+00   0.0000000E+00   0.0000000E+00
   1.5398733E+03   7.5700000E+02   0.0000000E+00   0.0000000E+00   0.0000000E+00
   1.5398809E+03   7.3600000E+02   0.0000000E+00   0.0000000E+00   0.0000000E+00
   1.5398884E+03   8.1700000E+02   0.0000000E+00   0.0000000E+00   0.0000000E+00
   1.5398959E+03   7.4600000E+02   0.0000000E+00   0.0000000E+00   0.0000000E+00
   1.5399035E+03   6.9600000E+02   0.0000000E+00   0.0000000E+00   0.0000000E+00
   1.5399110E+03   7.2800000E+02   0.0000000E+00   0.0000000E+00   0.0000000E+00
   1.5399185E+03   7.4900000E+02   0.0000000E+00   0.0000000E+00   0.0000000E+00
   1.5399260E+03   7.2400000E+02   1.0000000E+00   1.2234005E-03   8.4832306E-01
   1.5399336E+03   7.9500000E+02   0.0000000E+00   0.0000000E+00   0.0000000E+00
   1.5399411E+03   7.1000000E+02   0.0000000E+00   0.0000000E+00   0.0000000E+00
   1.5399486E+03   7.3100000E+02   0.0000000E+00   0.0000000E+00   0.0000000E+00
   1.5399562E+03   7.3700000E+02   0.0000000E+00   0.0000000E+00   0.0000000E+00
   1.5399637E+03   7.4100000E+02   0.0000000E+00   0.0000000E+00   0.0000000E+00
   1.5399712E+03   7.3000000E+02   0.0000000E+00   0.0000000E+00   0.0000000E+00
   1.5399787E+03   7.9800000E+02   0.0000000E+00   0.0000000E+00   0.0000000E+00
   1.5399863E+03   7.5700000E+02   1.0000000E+00   1.0341902E-03   7.8288195E-01
   1.5399938E+03   7.1500000E+02   0.0000000E+00   0.0000000E+00   0.0000000E+00
   1.5400013E+03   7.3900000E+02   0.0000000E+00   0.0000000E+00   0.0000000E+00
   1.5400089E+03   7.6400000E+02   0.0000000E+00   0.0000000E+00   0.0000000E+00
   1.5400164E+03   7.4200000E+02   0.0000000E+00   0.0000000E+00   0.0000000E+00
   1.5400239E+03   7.7600000E+02   0.0000000E+00   0.0000000E+00   0.0000000E+00
   1.5400314E+03   7.2500000E+02   1.0000000E+00   6.0192419E-05   4.3639504E-02
   1.5400390E+03   7.1700000E+02   0.0000000E+00   0.0000000E+00   0.0000000E+00
   1.5400465E+03   7.7400000E+02   0.0000000E+00   0.0000000E+00   0.0000000E+00
   1.5400540E+03   7.8300000E+02   2.0000000E+00   8.3262020E-04   3.2597081E-01
   1.5400616E+03   7.8200000E+02   2.0000000E+00   9.1898595E-05   3.5932351E-02
   1.5400691E+03   7.0200000E+02   0.0000000E+00   0.0000000E+00   0.0000000E+00
   1.5400766E+03   8.1000000E+02   0.0000000E+00   0.0000000E+00   0.0000000E+00
   1.5400841E+03   7.0300000E+02   1.0000000E+00   2.1402975E-04   1.5046292E-01
   1.5400917E+03   7.7900000E+02   0.0000000E+00   0.0000000E+00   0.0000000E+00
   1.5400992E+03   7.4200000E+02   0.0000000E+00   1.9992852E-05   0.0000000E+00
   1.5401067E+03   7.3400000E+02   0.0000000E+00   0.0000000E+00   0.0000000E+00
   1.5401143E+03   7.6700000E+02   0.0000000E+00   0.0000000E+00   0.0000000E+00
   1.5401218E+03   7.8000000E+02   0.0000000E+00   0.0000000E+00   0.0000000E+00
   1.5401293E+03   7.4800000E+02   0.0000000E+00   0.0000000E+00   0.0000000E+00
   1.5401368E+03   7.7000000E+02   0.0000000E+00   0.0000000E+00   0.0000000E+00
   1.5401444E+03   7.7700000E+02   0.0000000E+00   0.0000000E+00   0.0000000E+00
   1.5401519E+03   7.7800000E+02   0.0000000E+00   0.0000000E+00   0.0000000E+00
   1.5401594E+03   7.2200000E+02   0.0000000E+00   0.0000000E+00   0.0000000E+00
   1.5401670E+03   7.6100000E+02   0.0000000E+00   0.0000000E+00   0.0000000E+00
   1.5401745E+03   7.8100000E+02   1.0000000E+00   7.9222574E-04   6.1872831E-01
   1.5401820E+03   7.7000000E+02   0.0000000E+00   0.0000000E+00   0.0000000E+00
   1.5401895E+03   7.5500000E+02   0.0000000E+00   0.0000000E+00   0.0000000E+00
   1.5401971E+03   7.4200000E+02   0.0000000E+00   0.0000000E+00   0.0000000E+00
   1.5402046E+03   7.6500000E+02   0.0000000E+00   0.0000000E+00   0.0000000E+00
   1.5402121E+03   8.1200000E+02   0.0000000E+00   0.0000000E+00   0.0000000E+00
   1.5402197E+03   7.2300000E+02   0.0000000E+00   0.0000000E+00   0.0000000E+00
   1.5402272E+03   7.6700000E+02   0.0000000E+00   0.0000000E+00   0.0000000E+00
   1.5402347E+03   7.2000000E+02   0.0000000E+00   0.0000000E+00   0.0000000E+00
   1.5402422E+03   7.4000000E+02   0.0000000E+00   0.0000000E+00   0.0000000E+00
   1.5402498E+03   7.4000000E+02   0.0000000E+00   0.0000000E+00   0.0000000E+00
   1.5402573E+03   7.5400000E+02   0.0000000E+00   0.0000000E+00   0.0000000E+00
   1.5402648E+03   7.8200000E+02   0.0000000E+00   0.0000000E+00   0.0000000E+00
   1.5402723E+03   7.1700000E+02   0.0000000E+00   0.0000000E+00   0.0000000E+00
   1.5402799E+03   7.2400000E+02   0.0000000E+00   0.0000000E+00   0.0000000E+00
   1.5402874E+03   7.9400000E+02   0.0000000E+00   0.0000000E+00   0.0000000E+00
   1.5402949E+03   7.0200000E+02   0.0000000E+00   0.0000000E+00   0.0000000E+00
   1.5403025E+03   7.1100000E+02   0.0000000E+00   0.0000000E+00   0.0000000E+00
   1.5403100E+03   7.7500000E+02   0.0000000E+00   0.0000000E+00   0.0000000E+00
   1.5403175E+03   7.1000000E+02   0.0000000E+00   0.0000000E+00   0.0000000E+00
   1.5403250E+03   7.5700000E+02   0.0000000E+00   0.0000000E+00   0.0000000E+00
   1.5403326E+03   7.2800000E+02   0.0000000E+00   0.0000000E+00   0.0000000E+00
   1.5403401E+03   7.5100000E+02   0.0000000E+00   0.0000000E+00   0.0000000E+00
   1.5403476E+03   7.5200000E+02   0.0000000E+00   0.0000000E+00   0.0000000E+00
   1.5403552E+03   7.4300000E+02   0.0000000E+00   0.0000000E+00   0.0000000E+00
   1.5403627E+03   7.7600000E+02   0.0000000E+00   0.0000000E+00   0.0000000E+00
   1.5403702E+03   7.4400000E+02   1.0000000E+00   1.0659151E-04   7.9304085E-02
   1.5403777E+03   7.1500000E+02   1.0000000E+00   9.3564205E-04   6.6898407E-01
   1.5403853E+03   7.4800000E+02   0.0000000E+00   0.0000000E+00   0.0000000E+00
   1.5403928E+03   7.6000000E+02   0.0000000E+00   0.0000000E+00   0.0000000E+00
   1.5404003E+03   7.8100000E+02   0.0000000E+00   0.0000000E+00   0.0000000E+00
   1.5404079E+03   7.2700000E+02   0.0000000E+00   0.0000000E+00   0.0000000E+00
   1.5404154E+03   7.7100000E+02   0.0000000E+00   0.0000000E+00   0.0000000E+00
   1.5404229E+03   7.3700000E+02   0.0000000E+00   0.0000000E+00   0.0000000E+00
   1.5404304E+03   8.0000000E+02   0.0000000E+00   0.0000000E+00   0.0000000E+00
   1.5404380E+03   7.4600000E+02   0.0000000E+00   9.9739489E-05   0.0000000E+00
   1.5404455E+03   7.8600000E+02   0.0000000E+00   0.0000000E+00   0.0000000E+00
   1.5404530E+03   7.4200000E+02   0.0000000E+00   4.0940948E-05   0.0000000E+00
   1.5404606E+03   7.7700000E+02   0.0000000E+00   0.0000000E+00   0.0000000E+00
   1.5404681E+03   7.6700000E+02   0.0000000E+00   1.1640007E-06   0.0000000E+00
   1.5404756E+03   7.4300000E+02   1.0000000E+00   8.0641809E-05   5.9916864E-02
   1.5404831E+03   7.5000000E+02   0.0000000E+00   0.0000000E+00   0.0000000E+00
   1.5404907E+03   7.1600000E+02   0.0000000E+00   0.0000000E+00   0.0000000E+00
   1.5404982E+03   7.7100000E+02   0.0000000E+00   0.0000000E+00   0.0000000E+00
   1.5405057E+03   7.4000000E+02   0.0000000E+00   0.0000000E+00   0.0000000E+00
   1.5405133E+03   7.2900000E+02   0.0000000E+00   0.0000000E+00   0.0000000E+00
   1.5405208E+03   7.0900000E+02   0.0000000E+00   0.0000000E+00   0.0000000E+00
   1.5405283E+03   7.4800000E+02   0.0000000E+00   0.0000000E+00   0.0000000E+00
   1.5405358E+03   7.2500000E+02   0.0000000E+00   0.0000000E+00   0.0000000E+00
   1.5405434E+03   7.7700000E+02   1.0000000E+00   1.7260600E-05   1.3411486E-02
   1.5405509E+03   7.7200000E+02   0.0000000E+00   0.0000000E+00   0.0000000E+00
   1.5405584E+03   7.3000000E+02   0.0000000E+00   0.0000000E+00   0.0000000E+00
   1.5405660E+03   7.4300000E+02   0.0000000E+00   0.0000000E+00   0.0000000E+00
   1.5405735E+03   7.6900000E+02   1.0000000E+00   5.1327756E-04   3.9471044E-01
   1.5405810E+03   7.6000000E+02   0.0000000E+00   0.0000000E+00   0.0000000E+00
   1.5405885E+03   7.5500000E+02   0.0000000E+00   0.0000000E+00   0.0000000E+00
   1.5405961E+03   7.3900000E+02   0.0000000E+00   0.0000000E+00   0.0000000E+00
   1.5406036E+03   7.4500000E+02   0.0000000E+00   0.0000000E+00   0.0000000E+00
   1.5406111E+03   7.1100000E+02   0.0000000E+00   0.0000000E+00   0.0000000E+00
   1.5406187E+03   7.9400000E+02   0.0000000E+00   0.0000000E+00   0.0000000E+00
   1.5406262E+03   7.2000000E+02   0.0000000E+00   0.0000000E+00   0.0000000E+00
   1.5406337E+03   7.6800000E+02   1.0000000E+00   1.1064370E-05   8.4974362E-03
   1.5406412E+03   8.2000000E+02   0.0000000E+00   0.0000000E+00   0.0000000E+00
   1.5406488E+03   6.9500000E+02   0.0000000E+00   0.0000000E+00   0.0000000E+00
   1.5406563E+03   7.5200000E+02   0.0000000E+00   0.0000000E+00   0.0000000E+00
   1.5406638E+03   7.3800000E+02   0.0000000E+00   0.0000000E+00   0.0000000E+00
   1.5406713E+03   7.7400000E+02   0.0000000E+00   0.0000000E+00   0.0000000E+00
   1.5406789E+03   7.0800000E+02   0.0000000E+00   0.0000000E+00   0.0000000E+00
   1.5406864E+03   7.2500000E+02   0.0000000E+00   0.0000000E+00   0.0000000E+00
   1.5406939E+03   7.4000000E+02   1.0000000E+00   1.2461761E-03   9.2217028E-01
   1.5407015E+03   7.1300000E+02   0.0000000E+00   0.0000000E+00   0.0000000E+00
   1.5407090E+03   7.6300000E+02   0.0000000E+00   0.0000000E+00   0.0000000E+00
   1.5407165E+03   7.1600000E+02   1.0000000E+00   5.5034556E-05   3.9404742E-02
   1.5407240E+03   7.3600000E+02   0.0000000E+00   0.0000000E+00   0.0000000E+00
   1.5407316E+03   7.3500000E+02   1.0000000E+00   1.2831453E-03   9.4311178E-01
   1.5407391E+03   7.3600000E+02   1.0000000E+00   4.2099832E-04   3.0985476E-01
   1.5407466E+03   7.7400000E+02   2.0000000E+00   1.3734798E-03   5.3153670E-01
   1.5407542E+03   7.4700000E+02   1.0000000E+00   6.3156625E-04   4.7177999E-01
   1.5407617E+03   6.9100000E+02   0.0000000E+00   0.0000000E+00   0.0000000E+00
   1.5407692E+03   7.3500000E+02   0.0000000E+00   0.0000000E+00   0.0000000E+00
   1.5407767E+03   7.6400000E+02   0.0000000E+00   0.0000000E+00   0.0000000E+00
   1.5407843E+03   7.5500000E+02   1.0000000E+00   1.1286444E-04   8.5212649E-02
   1.5407918E+03   7.8500000E+02   0.0000000E+00   2.0878808E-04   0.0000000E+00
   1.5407993E+03   7.5200000E+02   0.0000000E+00   0.0000000E+00   0.0000000E+00
   1.5408069E+03   7.7100000E+02   0.0000000E+00   0.0000000E+00   0.0000000E+00
   1.5408144E+03   7.5000000E+02   1.0000000E+00   1.2218857E-03   9.1641427E-01
   1.5408219E+03   7.7100000E+02   0.0000000E+00   0.0000000E+00   0.0000000E+00
   1.5408294E+03   8.0100000E+02   0.0000000E+00   0.0000000E+00   0.0000000E+00
   1.5408370E+03   6.7400000E+02   0.0000000E+00   0.0000000E+00   0.0000000E+00
   1.5408445E+03   7.6300000E+02   0.0000000E+00   0.0000000E+00   0.0000000E+00
   1.5408520E+03   7.7800000E+02   0.0000000E+00   0.0000000E+00   0.0000000E+00
   1.5408596E+03   7.3100000E+02   0.0000000E+00   1.9470000E-05   0.0000000E+00
   1.5408671E+03   7.7200000E+02   0.0000000E+00   0.0000000E+00   0.0000000E+00
   1.5408746E+03   7.7900000E+02   0.0000000E+00   0.0000000E+00   0.0000000E+00
   1.5408821E+03   7.4400000E+02   0.0000000E+00   0.0000000E+00   0.0000000E+00
   1.5408897E+03   7.6800000E+02   1.0000000E+00   1.2305903E-03   9.4509338E-01
   1.5408972E+03   7.6200000E+02   0.0000000E+00   0.0000000E+00   0.0000000E+00
   1.5409047E+03   7.6300000E+02   0.0000000E+00   0.0000000E+00   0.0000000E+00
   1.5409123E+03   7.7800000E+02   0.0000000E+00   0.0000000E+00   0.0000000E+00
   1.5409198E+03   7.5800000E+02   0.0000000E+00   0.0000000E+00   0.0000000E+00
   1.5409273E+03   7.4900000E+02   0.0000000E+00   0.0000000E+00   0.0000000E+00
   1.5409348E+03   7.1100000E+02   0.0000000E+00   0.0000000E+00   0.0000000E+00
   1.5409424E+03   7.1000000E+02   0.0000000E+00   0.0000000E+00   0.0000000E+00
   1.5409499E+03   7.5000000E+02   0.0000000E+00   0.0000000E+00   0.0000000E+00
   1.5409574E+03   7.7700000E+02   0.0000000E+00   0.0000000E+00   0.0000000E+00
   1.5409650E+03   7.6400000E+02   0.0000000E+00   0.0000000E+00   0.0000000E+00
   1.5409725E+03   7.5700000E+02   0.0000000E+00   0.0000000E+00   0.0000000E+00
   1.5409800E+03   8.3200000E+02   1.0000000E+00   1.1592520E-03   9.6449768E-01
   1.5409875E+03   7.3600000E+02   0.0000000E+00   0.0000000E+00   0.0000000E+00
   1.5409951E+03   7.6000000E+02   1.0000000E+00   2.1968128E-04   1.6695777E-01
   1.5410026E+03   7.8200000E+02   0.0000000E+00   0.0000000E+00   0.0000000E+00
   1.5410101E+03   7.2200000E+02   0.0000000E+00   0.0000000E+00   0.0000000E+00
   1.5410177E+03   7.3600000E+02   1.0000000E+00   3.1594923E-05   2.3253863E-02
   1.5410252E+03   7.2100000E+02   0.0000000E+00   0.0000000E+00   0.0000000E+00
   1.5410327E+03   7.6500000E+02   1.0000000E+00   1.4743960E-04   1.1279129E-01
   1.5410402E+03   7.4000000E+02   1.0000000E+00   6.7102444E-05   4.9655809E-02
   1.5410478E+03   7.3700000E+02   0.0000000E+00   0.0000000E+00   0.0000000E+00
   1.5410553E+03   7.6100000E+02   0.0000000E+00   0.0000000E+00   0.0000000E+00
   1.5410628E+03   7.2300000E+02   1.0000000E+00   2.5036293E-04   1.8101240E-01
   1.5410704E+03   7.7700000E+02   0.0000000E+00   0.0000000E+00   0.0000000E+00
   1.5410779E+03   7.3800000E+02   2.0000000E+00   1.4092467E-04   5.2001204E-02
   1.5410854E+03   7.7400000E+02   0.0000000E+00   0.0000000E+00   0.0000000E+00
   1.5410929E+03   7.3800000E+02   0.0000000E+00   0.0000000E+00   0.0000000E+00
   1.5411005E+03   7.5900000E+02   0.0000000E+00   0.0000000E+00   0.0000000E+00
   1.5411080E+03   6.8300000E+02   0.0000000E+00   0.0000000E+00   0.0000000E+00
   1.5411155E+03   6.9200000E+02   0.0000000E+00   0.0000000E+00   0.0000000E+00
   1.5411230E+03   7.4900000E+02   1.0000000E+00   1.4171356E-04   1.0614346E-01
   1.5411306E+03   7.3600000E+02   0.0000000E+00   0.0000000E+00   0.0000000E+00
   1.5411381E+03   7.4800000E+02   1.0000000E+00   2.0214988E-05   1.5120811E-02
   1.5411456E+03   7.8500000E+02   0.0000000E+00   0.0000000E+00   0.0000000E+00
   1.5411532E+03   7.3000000E+02   0.0000000E+00   0.0000000E+00   0.0000000E+00
   1.5411607E+03   7.6800000E+02   0.0000000E+00   0.0000000E+00   0.0000000E+00
   1.5411682E+03   7.6200000E+02   0.0000000E+00   0.0000000E+00   0.0000000E+00
   1.5411757E+03   7.7300000E+02   0.0000000E+00   0.0000000E+00   0.0000000E+00
   1.5411833E+03   6.8300000E+02   0.0000000E+00   0.0000000E+00   0.0000000E+00
   1.5411908E+03   8.1600000E+02   0.0000000E+00   0.0000000E+00   0.0000000E+00
   1.5411983E+03   7.2600000E+02   0.0000000E+00   0.0000000E+00   0.0000000E+00
   1.5412059E+03   7.3500000E+02   2.0000000E+00   1.4007679E-03   5.1478221E-01
   1.5412134E+03   7.4600000E+02   1.0000000E+00   2.4802293E-04   1.8502511E-01
   1.5412209E+03   7.3200000E+02   1.0000000E+00   1.3638965E-04   9.9837221E-02
   1.5412284E+03   7.4900000E+02   1.0000000E+00   4.3923523E-05   3.2898719E-02
   1.5412360E+03   7.1400000E+02   0.0000000E+00   0.0000000E+00   0.0000000E+00
   1.5412435E+03   7.8300000E+02   0.0000000E+00   0.0000000E+00   0.0000000E+00
   1.5412510E+03   7.9000000E+02   0.0000000E+00   0.0000000E+00   0.0000000E+00
   1.5412586E+03   7.1400000E+02   0.0000000E+00   0.0000000E+00   0.0000000E+00
   1.5412661E+03   7.3400000E+02   0.0000000E+00   7.8967241E-06   0.0000000E+00
   1.5412736E+03   7.6600000E+02   0.0000000E+00   0.0000000E+00   0.0000000E+00
   1.5412811E+03   7.4700000E+02   0.0000000E+00   0.0000000E+00   0.0000000E+00
   1.5412887E+03   7.5000000E+02   0.0000000E+00   0.0000000E+00   0.0000000E+00
   1.5412962E+03   7.4000000E+02   0.0000000E+00   0.0000000E+00   0.0000000E+00
   1.5413037E+03   7.4000000E+02   1.0000000E+00   8.0065070E-05   5.9248152E-02
   1.5413113E+03   7.3600000E+02   0.0000000E+00   0.0000000E+00   0.0000000E+00
   1.5413188E+03   7.1600000E+02   0.0000000E+00   0.0000000E+00   0.0000000E+00
   1.5413263E+03   7.5900000E+02   0.0000000E+00   0.0000000E+00   0.0000000E+00
   1.5413338E+03   7.6100000E+02   2.0000000E+00   1.7478555E-04   6.6505903E-02
   1.5413414E+03   7.5300000E+02   1.0000000E+00   1.2099022E-04   9.1105637E-02
   1.5413489E+03   7.9000000E+02   0.0000000E+00   0.0000000E+00   0.0000000E+00
   1.5413564E+03   7.8100000E+02   0.0000000E+00   0.0000000E+00   0.0000000E+00
   1.5413640E+03   7.7100000E+02   1.0000000E+00   5.2709567E-05   4.0639076E-02
   1.5413715E+03   7.4700000E+02   0.0000000E+00   0.0000000E+00   0.0000000E+00
   1.5413790E+03   7.5000000E+02   0.0000000E+00   0.0000000E+00   0.0000000E+00
   1.5413865E+03   7.1900000E+02   1.0000000E+00   3.4424229E-05   2.4751021E-02
   1.5413941E+03   7.5600000E+02   0.0000000E+00   0.0000000E+00   0.0000000E+00
   1.5414016E+03   7.1500000E+02   0.0000000E+00   0.0000000E+00   0.0000000E+00
   1.5414091E+03   7.8000000E+02   0.0000000E+00   0.0000000E+00   0.0000000E+00
   1.5414167E+03   7.4600000E+02   0.0000000E+00   0.0000000E+00   0.0000000E+00
   1.5414242E+03   7.4800000E+02   1.0000000E+00   1.6190518E-04   1.2110508E-01
   1.5414317E+03   7.2500000E+02   0.0000000E+00   0.0000000E+00   0.0000000E+00
   1.5414392E+03   7.5900000E+02   0.0000000E+00   0.0000000E+00   0.0000000E+00
   1.5414468E+03   7.6000000E+02   0.0000000E+00   0.0000000E+00   0.0000000E+00
   1.5414543E+03   7.1900000E+02   1.0000000E+00   1.3387002E-05   9.6252548E-03
   1.5414618E+03   7.2000000E+02   0.0000000E+00   0.0000000E+00   0.0000000E+00
   1.5414694E+03   7.6000000E+02   0.0000000E+00   0.0000000E+00   0.0000000E+00
   1.5414769E+03   7.1400000E+02   0.0000000E+00   0.0000000E+00   0.0000000E+00
   1.5414844E+03   7.4500000E+02   0.0000000E+00   0.0000000E+00   0.0000000E+00
   1.5414919E+03   7.7000000E+02   0.0000000E+00   0.0000000E+00   0.0000000E+00
   1.5414995E+03   7.0800000E+02   1.0000000E+00   2.8143889E-04   1.9925874E-01
   1.5415070E+03   7.2100000E+02   0.0000000E+00   2.1729655E-06   0.0000000E+00
   1.5415145E+03   7.2600000E+02   0.0000000E+00   0.0000000E+00   0.0000000E+00
   1.5415221E+03   7.4900000E+02   2.0000000E+00   5.1645983E-04   1.9341421E-01
   1.5415296E+03   8.5400000E+02   1.0000000E+00   6.5617871E-05   5.6037662E-02
   1.5415371E+03   8.1200000E+02   1.0000000E+00   8.9546710E-04   7.2711928E-01
   1.5415446E+03   7.8500000E+02   0.0000000E+00   0.0000000E+00   0.0000000E+00
   1.5415522E+03   7.7000000E+02   1.0000000E+00   1.7652231E-04   1.3592218E-01
   1.5415597E+03   7.6800000E+02   1.0000000E+00   4.0430081E-04   3.1050302E-01
   1.5415672E+03   7.7500000E+02   0.0000000E+00   0.0000000E+00   0.0000000E+00
   1.5415747E+03   7.6000000E+02   0.0000000E+00   0.0000000E+00   0.0000000E+00
   1.5415823E+03   7.3100000E+02   1.0000000E+00   8.5630400E-05   6.2595822E-02
   1.5415898E+03   7.6400000E+02   1.0000000E+00   1.3505797E-04   1.0318429E-01
   1.5415973E+03   7.4500000E+02   0.0000000E+00   0.0000000E+00   0.0000000E+00
   1.5416049E+03   7.0700000E+02   0.0000000E+00   5.0043828E-05   0.0000000E+00
   1.5416124E+03   7.6100000E+02   0.0000000E+00   1.9270786E-04   0.0000000E+00
   1.5416199E+03   7.8300000E+02   2.0000000E+00   4.7690310E-04   1.8670756E-01
   1.5416274E+03   7.4300000E+02   0.0000000E+00   0.0000000E+00   0.0000000E+00
   1.5416350E+03   7.8300000E+02   0.0000000E+00   0.0000000E+00   0.0000000E+00
   1.5416425E+03   7.6500000E+02   1.0000000E+00   2.4569470E-05   1.8795645E-02
   1.5416500E+03   7.7900000E+02   0.0000000E+00   0.0000000E+00   0.0000000E+00
   1.5416576E+03   7.5200000E+02   0.0000000E+00   0.0000000E+00   0.0000000E+00
   1.5416651E+03   7.2900000E+02   0.0000000E+00   7.3743254E-05   0.0000000E+00
   1.5416726E+03   7.3700000E+02   1.0000000E+00   1.2876099E-04   9.4896847E-02
   1.5416801E+03   7.7600000E+02   1.0000000E+00   1.2938050E-04   1.0039927E-01
   1.5416877E+03   7.9000000E+02   0.0000000E+00   0.0000000E+00   0.0000000E+00
   1.5416952E+03   7.1600000E+02   1.0000000E+00   1.4882076E-04   1.0655566E-01
   1.5417027E+03   7.4000000E+02   0.0000000E+00   1.9409266E-04   0.0000000E+00
   1.5417103E+03   7.6100000E+02   0.0000000E+00   0.0000000E+00   0.0000000E+00
   1.5417178E+03   7.7400000E+02   0.0000000E+00   0.0000000E+00   0.0000000E+00
   1.5417253E+03   7.4600000E+02   0.0000000E+00   0.0000000E+00   0.0000000E+00
   1.5417328E+03   7.8100000E+02   1.0000000E+00   4.0474944E-05   3.1610932E-02
   1.5417404E+03   8.1800000E+02   1.0000000E+00   2.4272855E-04   1.9855195E-01
   1.5417479E+03   7.5900000E+02   0.0000000E+00   0.0000000E+00   0.0000000E+00
   1.5417554E+03   7.8000000E+02   1.0000000E+00   2.6212054E-04   2.0445402E-01
   1.5417630E+03   7.6100000E+02   0.0000000E+00   0.0000000E+00   0.0000000E+00
   1.5417705E+03   6.7000000E+02   0.0000000E+00   0.0000000E+00   0.0000000E+00
   1.5417780E+03   7.5500000E+02   0.0000000E+00   0.0000000E+00   0.0000000E+00
   1.5417855E+03   7.7200000E+02   0.0000000E+00   0.0000000E+00   0.0000000E+00
   1.5417931E+03   7.3200000E+02   1.0000000E+00   2.5345890E-04   1.8553192E-01
   1.5418006E+03   7.6800000E+02   1.0000000E+00   1.0391359E-03   7.9805640E-01
   1.5418081E+03   7.3000000E+02   0.0000000E+00   4.3058833E-05   0.0000000E+00
   1.5418157E+03   7.4800000E+02   0.0000000E+00   0.0000000E+00   0.0000000E+00
   1.5418232E+03   7.3200000E+02   1.0000000E+00   1.2659353E-03   9.2666464E-01
   1.5418307E+03   7.4900000E+02   0.0000000E+00   0.0000000E+00   0.0000000E+00
   1.5418382E+03   7.0900000E+02   1.0000000E+00   1.2618115E-04   8.9462435E-02
   1.5418458E+03   7.3500000E+02   0.0000000E+00   0.0000000E+00   0.0000000E+00
   1.5418533E+03   7.6000000E+02   3.0000000E+00   8.4164669E-04   2.1321716E-01
   1.5418608E+03   7.3300000E+02   0.0000000E+00   0.0000000E+00   0.0000000E+00
   1.5418684E+03   7.6000000E+02   1.0000000E+00   1.0847861E-04   8.2443745E-02
   1.5418759E+03   7.2200000E+02   0.0000000E+00   0.0000000E+00   0.0000000E+00
   1.5418834E+03   7.5300000E+02   0.0000000E+00   0.0000000E+00   0.0000000E+00
   1.5418909E+03   7.1900000E+02   0.0000000E+00   0.0000000E+00   0.0000000E+00
   1.5418985E+03   7.0600000E+02   0.0000000E+00   0.0000000E+00   0.0000000E+00
   1.5419060E+03   7.6200000E+02   0.0000000E+00   0.0000000E+00   0.0000000E+00
   1.5419135E+03   7.3600000E+02   0.0000000E+00   0.0000000E+00   0.0000000E+00
   1.5419211E+03   7.1300000E+02   0.0000000E+00   0.0000000E+00   0.0000000E+00
   1.5419286E+03   7.2100000E+02   0.0000000E+00   0.0000000E+00   0.0000000E+00
   1.5419361E+03   7.2400000E+02   0.0000000E+00   0.0000000E+00   0.0000000E+00
   1.5419436E+03   7.1000000E+02   0.0000000E+00   0.0000000E+00   0.0000000E+00
   1.5419512E+03   7.5800000E+02   1.0000000E+00   2.3207858E-04   1.6635621E-01
   1.5419587E+03   7.3400000E+02   0.0000000E+00   0.0000000E+00   0.0000000E+00
   1.5419662E+03   7.2800000E+02   0.0000000E+00   0.0000000E+00   0.0000000E+00
   1.5419738E+03   7.4100000E+02   0.0000000E+00   0.0000000E+00   0.0000000E+00
   1.5419813E+03   7.2100000E+02   0.0000000E+00   0.0000000E+00   0.0000000E+00
   1.5419888E+03   7.3500000E+02   1.0000000E+00   3.7243873E-04   2.7208160E-01
   1.5419963E+03   7.9500000E+02   2.0000000E+00   2.7860290E-04   1.1074465E-01
   1.5420039E+03   7.2700000E+02   0.0000000E+00   0.0000000E+00   0.0000000E+00
   1.5420114E+03   7.5000000E+02   0.0000000E+00   0.0000000E+00   0.0000000E+00
   1.5420189E+03   7.5000000E+02   1.0000000E+00   2.4841727E-05   1.8631295E-02
   1.5420264E+03   7.4600000E+02   0.0000000E+00   0.0000000E+00   0.0000000E+00
   1.5420340E+03   7.4800000E+02   0.0000000E+00   0.0000000E+00   0.0000000E+00
   1.5420415E+03   7.3300000E+02   0.0000000E+00   0.0000000E+00   0.0000000E+00
   1.5420490E+03   7.2200000E+02   1.0000000E+00   2.7709972E-04   2.0006599E-01
   1.5420566E+03   8.2000000E+02   1.0000000E+00   4.6740160E-04   3.8326931E-01
   1.5420641E+03   7.3100000E+02   0.0000000E+00   0.0000000E+00   0.0000000E+00
   1.5420716E+03   7.9300000E+02   1.0000000E+00   3.6431240E-05   2.8525058E-02
   1.5420791E+03   7.4100000E+02   2.0000000E+00   7.8865597E-04   2.9219704E-01
   1.5420867E+03   7.1900000E+02   1.0000000E+00   1.5998262E-04   1.1502751E-01
   1.5420942E+03   7.8600000E+02   2.0000000E+00   7.8559578E-05   3.0873914E-02
   1.5421017E+03   7.4300000E+02   2.0000000E+00   3.5749555E-04   1.3280960E-01
   1.5421093E+03   7.6000000E+02   1.0000000E+00   3.4213057E-09   2.6001923E-06
   1.5421168E+03   7.6900000E+02   1.0000000E+00   1.2033552E-03   9.2538016E-01
   1.5421243E+03   7.7300000E+02   0.0000000E+00   0.0000000E+00   0.0000000E+00
   1.5421318E+03   7.6200000E+02   1.0000000E+00   1.1730483E-04   8.9386282E-02
   1.5421394E+03   7.5600000E+02   1.0000000E+00   1.2061883E-03   9.1187836E-01
   1.5421469E+03   7.8600000E+02   1.0000000E+00   2.2180313E-04   1.7433726E-01
   1.5421544E+03   7.6800000E+02   0.0000000E+00   0.0000000E+00   0.0000000E+00
   1.5421620E+03   7.5000000E+02   1.0000000E+00   6.5556058E-05   4.0881388E-02
   1.5421695E+03   7.2800000E+02   1.0000000E+00   1.3516632E-04   9.8401078E-02
   1.5421770E+03   7.5100000E+02   1.0000000E+00   4.0009523E-06   1.2171440E-06
   1.5421845E+03   7.5300000E+02   1.0000000E+00   1.4261177E-04   1.0738666E-01
   1.5421921E+03   7.2100000E+02   0.0000000E+00   6.9168373E-05   0.0000000E+00
   1.5421996E+03   7.3900000E+02   1.0000000E+00   1.1362195E-03   8.3966624E-01
   1.5422071E+03   7.5800000E+02   1.0000000E+00   3.0646864E-04   2.3230323E-01
   1.5422147E+03   7.5800000E+02   1.0000000E+00   2.8182768E-05   2.1362538E-02
   1.5422222E+03   7.5200000E+02   0.0000000E+00   0.0000000E+00   0.0000000E+00
   1.5422297E+03   7.8300000E+02   0.0000000E+00   0.0000000E+00   0.0000000E+00
   1.5422372E+03   7.4200000E+02   1.0000000E+00   8.6024080E-04   6.3829867E-01
   1.5422448E+03   7.3700000E+02   0.0000000E+00   0.0000000E+00   0.0000000E+00
   1.5422523E+03   7.4300000E+02   2.0000000E+00   9.4276530E-04   3.5023731E-01
   1.5422598E+03   7.7500000E+02   1.0000000E+00   7.1299004E-05   5.5256728E-02
   1.5422674E+03   7.1500000E+02   0.0000000E+00   1.0689567E-04   0.0000000E+00
   1.5422749E+03   7.5100000E+02   1.0000000E+00   1.9257100E-04   1.4462082E-01
   1.5422824E+03   7.6300000E+02   1.0000000E+00   1.1512619E-03   8.7841283E-01
   1.5422899E+03   7.4700000E+02   1.0000000E+00   3.2532726E-05   2.4301946E-02
   1.5422975E+03   7.9000000E+02   4.0000000E+00   1.9407158E-04   3.8329138E-02
   1.5423050E+03   7.9000000E+02   0.0000000E+00   5.9706097E-06   0.0000000E+00
   1.5423125E+03   7.6200000E+02   0.0000000E+00   1.3570535E-04   0.0000000E+00
   1.5423201E+03   7.3500000E+02   0.0000000E+00   0.0000000E+00   0.0000000E+00
   1.5423276E+03   7.9400000E+02   1.0000000E+00   1.9106830E-04   1.5170823E-01
   1.5423351E+03   7.4300000E+02   0.0000000E+00   0.0000000E+00   0.0000000E+00
   1.5423426E+03   7.5700000E+02   0.0000000E+00   0.0000000E+00   0.0000000E+00
   1.5423502E+03   7.4800000E+02   0.0000000E+00   0.0000000E+00   0.0000000E+00
   1.5423577E+03   7.6200000E+02   0.0000000E+00   0.0000000E+00   0.0000000E+00
   1.5423652E+03   7.8900000E+02   0.0000000E+00   0.0000000E+00   0.0000000E+00
   1.5423728E+03   7.4400000E+02   0.0000000E+00   0.0000000E+00   0.0000000E+00
   1.5423803E+03   7.4100000E+02   0.0000000E+00   0.0000000E+00   0.0000000E+00
   1.5423878E+03   7.8100000E+02   1.0000000E+00   8.9941730E-05   7.0244491E-02
   1.5423953E+03   7.8500000E+02   0.0000000E+00   0.0000000E+00   0.0000000E+00
   1.5424029E+03   7.2900000E+02   2.0000000E+00   1.3392614E-03   4.8816080E-01
   1.5424104E+03   7.4800000E+02   0.0000000E+00   0.0000000E+00   0.0000000E+00
   1.5424179E+03   7.4500000E+02   0.0000000E+00   0.0000000E+00   0.0000000E+00
   1.5424255E+03   7.9400000E+02   0.0000000E+00   8.6970350E-06   0.0000000E+00
   1.5424330E+03   7.5500000E+02   1.0000000E+00   8.7801202E-04   6.6289907E-01
   1.5424405E+03   7.6300000E+02   1.0000000E+00   3.0969671E-04   2.3629859E-01
   1.5424480E+03   7.5000000E+02   1.0000000E+00   1.8684337E-04   1.4013252E-01
   1.5424556E+03   7.4100000E+02   1.0000000E+00   1.1866305E-03   8.7929317E-01
   1.5424631E+03   7.6500000E+02   1.0000000E+00   1.0265157E-04   1.9339640E-01
   1.5424706E+03   7.2400000E+02   0.0000000E+00   0.0000000E+00   0.0000000E+00
   1.5424781E+03   8.0400000E+02   0.0000000E+00   0.0000000E+00   0.0000000E+00
   1.5424857E+03   7.6700000E+02   0.0000000E+00   0.0000000E+00   0.0000000E+00
   1.5424932E+03   7.7200000E+02   0.0000000E+00   0.0000000E+00   0.0000000E+00
   1.5425007E+03   8.0400000E+02   1.0000000E+00   5.9333166E-08   4.7703866E-05
   1.5425083E+03   7.6700000E+02   0.0000000E+00   0.0000000E+00   0.0000000E+00
   1.5425158E+03   7.5200000E+02   3.0000000E+00   1.2416352E-03   3.1123655E-01
   1.5425233E+03   7.4700000E+02   2.0000000E+00   2.9075027E-04   1.0859523E-01
   1.5425308E+03   7.4500000E+02   1.0000000E+00   3.6438603E-04   2.7146759E-01
   1.5425384E+03   7.2600000E+02   0.0000000E+00   0.0000000E+00   0.0000000E+00
   1.5425459E+03   7.1600000E+02   0.0000000E+00   0.0000000E+00   0.0000000E+00
   1.5425534E+03   7.4200000E+02   1.0000000E+00   2.5515495E-05   1.8932498E-02
   1.5425610E+03   7.4800000E+02   0.0000000E+00   0.0000000E+00   0.0000000E+00
   1.5425685E+03   7.4500000E+02   1.0000000E+00   6.2438717E-05   4.6516844E-02
   1.5425760E+03   7.8400000E+02   0.0000000E+00   0.0000000E+00   0.0000000E+00
   1.5425835E+03   7.3800000E+02   0.0000000E+00   0.0000000E+00   0.0000000E+00
   1.5425911E+03   7.7900000E+02   0.0000000E+00   0.0000000E+00   0.0000000E+00
   1.5425986E+03   7.6300000E+02   3.0000000E+00   1.0527412E-03   2.6774717E-01
   1.5426061E+03   7.8400000E+02   0.0000000E+00   0.0000000E+00   0.0000000E+00
   1.5426137E+03   7.3100000E+02   1.0000000E+00   1.7010424E-04   1.2434620E-01
   1.5426212E+03   7.6900000E+02   1.0000000E+00   2.4247984E-04   1.8646700E-01
   1.5426287E+03   7.5700000E+02   0.0000000E+00   1.0741196E-05   0.0000000E+00
   1.5426362E+03   7.5800000E+02   2.0000000E+00   3.1018685E-04   1.1687841E-01
   1.5426438E+03   7.2800000E+02   0.0000000E+00   0.0000000E+00   0.0000000E+00
   1.5426513E+03   7.3900000E+02   0.0000000E+00   0.0000000E+00   0.0000000E+00
   1.5426588E+03   7.3600000E+02   0.0000000E+00   0.0000000E+00   0.0000000E+00
   1.5426664E+03   7.1200000E+02   0.0000000E+00   5.5743054E-04   0.0000000E+00
   1.5426739E+03   7.3900000E+02   0.0000000E+00   0.0000000E+00   0.0000000E+00
   1.5426814E+03   7.4100000E+02   0.0000000E+00   1.2213211E-04   0.0000000E+00
   1.5426889E+03   7.9100000E+02   0.0000000E+00   0.0000000E+00   0.0000000E+00
   1.5426965E+03   7.2900000E+02   1.0000000E+00   1.7101021E-05   1.2466644E-02
   1.5427040E+03   7.2100000E+02   2.0000000E+00   8.2843866E-05   2.9865214E-02
   1.5427115E+03   7.1000000E+02   1.0000000E+00   1.2739921E-03   9.0453442E-01
   1.5427191E+03   7.5300000E+02   1.0000000E+00   6.7791061E-05   8.0899328E-02
   1.5427266E+03   7.3900000E+02   0.0000000E+00   0.0000000E+00   0.0000000E+00
   1.5427341E+03   7.5000000E+02   2.0000000E+00   2.3513477E-04   8.8175540E-02
   1.5427416E+03   7.4100000E+02   2.0000000E+00   5.2955941E-05   1.9620176E-02
   1.5427492E+03   7.8600000E+02   0.0000000E+00   0.0000000E+00   0.0000000E+00
   1.5427567E+03   7.8300000E+02   1.0000000E+00   1.0342746E-03   8.0983704E-01
   1.5427642E+03   7.3900000E+02   2.0000000E+00   3.5295217E-04   1.3041583E-01
   1.5427718E+03   7.1500000E+02   2.0000000E+00   1.4235750E-04   5.0892807E-02
   1.5427793E+03   7.4600000E+02   2.0000000E+00   2.7268865E-04   1.0171287E-01
   1.5427868E+03   7.5700000E+02   1.0000000E+00   8.5289690E-09   6.4564295E-06
   1.5427943E+03   7.2900000E+02   0.0000000E+00   0.0000000E+00   0.0000000E+00
   1.5428019E+03   7.6900000E+02   1.0000000E+00   3.3374908E-04   2.5665304E-01
   1.5428094E+03   7.5100000E+02   2.0000000E+00   1.6119464E-03   6.0528586E-01
   1.5428169E+03   7.2500000E+02   0.0000000E+00   0.0000000E+00   0.0000000E+00
   1.5428245E+03   7.1500000E+02   0.0000000E+00   0.0000000E+00   0.0000000E+00
   1.5428320E+03   7.7100000E+02   3.0000000E+00   4.3611230E-04   1.1208086E-01
   1.5428395E+03   7.7700000E+02   0.0000000E+00   0.0000000E+00   0.0000000E+00
   1.5428470E+03   8.2400000E+02   1.0000000E+00   3.0381805E-04   2.5034607E-01
   1.5428546E+03   7.1500000E+02   1.0000000E+00   7.4716308E-09   5.3422160E-06
   1.5428621E+03   7.1800000E+02   0.0000000E+00   0.0000000E+00   0.0000000E+00
   1.5428696E+03   7.5500000E+02   0.0000000E+00   0.0000000E+00   0.0000000E+00
   1.5428772E+03   7.2100000E+02   0.0000000E+00   7.7260852E-06   0.0000000E+00
   1.5428847E+03   7.6000000E+02   0.0000000E+00   0.0000000E+00   0.0000000E+00
   1.5428922E+03   7.8400000E+02   2.0000000E+00   1.9978983E-04   7.8317613E-02
   1.5428997E+03   7.3500000E+02   0.0000000E+00   0.0000000E+00   0.0000000E+00
   1.5429073E+03   7.1900000E+02   1.0000000E+00   4.0023655E-04   2.8777008E-01
   1.5429148E+03   7.6700000E+02   1.0000000E+00   1.7628653E-04   8.2911604E-02
   1.5429223E+03   8.0700000E+02   0.0000000E+00   0.0000000E+00   0.0000000E+00
   1.5429298E+03   7.6900000E+02   1.0000000E+00   3.6404662E-04   2.7995185E-01
   1.5429374E+03   7.5700000E+02   0.0000000E+00   0.0000000E+00   0.0000000E+00
   1.5429449E+03   7.2900000E+02   2.0000000E+00   5.3147019E-04   1.9359253E-01
   1.5429524E+03   7.5700000E+02   0.0000000E+00   0.0000000E+00   0.0000000E+00
   1.5429600E+03   7.4200000E+02   2.0000000E+00   3.6622986E-04   8.6349922E-02
   1.5429675E+03   7.7600000E+02   2.0000000E+00   1.9574518E-04   7.0344520E-02
   1.5429750E+03   7.6700000E+02   0.0000000E+00   6.1009317E-06   0.0000000E+00
   1.5429825E+03   7.5800000E+02   2.0000000E+00   3.7226304E-04   1.4108769E-01
   1.5429901E+03   7.1700000E+02   0.0000000E+00   0.0000000E+00   0.0000000E+00
   1.5429976E+03   7.3300000E+02   0.0000000E+00   0.0000000E+00   0.0000000E+00
   1.5430051E+03   7.8800000E+02   0.0000000E+00   0.0000000E+00   0.0000000E+00
   1.5430127E+03   7.2200000E+02   0.0000000E+00   0.0000000E+00   0.0000000E+00
   1.5430202E+03   7.4000000E+02   0.0000000E+00   0.0000000E+00   0.0000000E+00
   1.5430277E+03   7.1300000E+02   0.0000000E+00   0.0000000E+00   0.0000000E+00
   1.5430352E+03   7.0700000E+02   0.0000000E+00   0.0000000E+00   0.0000000E+00
   1.5430428E+03   7.1200000E+02   1.0000000E+00   2.8456941E-04   2.0261342E-01
   1.5430503E+03   7.7200000E+02   2.0000000E+00   1.3890969E-04   5.3619141E-02
   1.5430578E+03   7.6400000E+02   0.0000000E+00   2.2937719E-07   0.0000000E+00
   1.5430654E+03   7.7400000E+02   0.0000000E+00   0.0000000E+00   0.0000000E+00
   1.5430729E+03   7.3300000E+02   1.0000000E+00   1.2618868E-04   9.2496303E-02
   1.5430804E+03   7.2600000E+02   0.0000000E+00   4.6696384E-05   0.0000000E+00
   1.5430879E+03   6.6900000E+02   1.0000000E+00   1.1240564E-04   7.5199373E-02
   1.5430955E+03   7.3900000E+02   0.0000000E+00   0.0000000E+00   0.0000000E+00
   1.5431030E+03   7.5900000E+02   4.0000000E+00   3.0649830E-04   5.8158052E-02
   1.5431105E+03   7.5000000E+02   1.0000000E+00   3.5568596E-05   2.6676447E-02
   1.5431181E+03   7.2500000E+02   1.0000000E+00   2.8434675E-04   2.0615139E-01
   1.5431256E+03   7.8300000E+02   2.0000000E+00   1.5280648E-04   5.9823736E-02
   1.5431331E+03   7.6300000E+02   2.0000000E+00   8.3045137E-04   2.7880821E-01
   1.5431406E+03   7.6200000E+02   3.0000000E+00   1.2031279E-03   3.0559450E-01
   1.5431482E+03   7.5500000E+02   0.0000000E+00   0.0000000E+00   0.0000000E+00
   1.5431557E+03   7.5600000E+02   2.0000000E+00   3.5606148E-04   1.3459124E-01
   1.5431632E+03   7.4500000E+02   0.0000000E+00   0.0000000E+00   0.0000000E+00
   1.5431708E+03   7.6100000E+02   0.0000000E+00   0.0000000E+00   0.0000000E+00
   1.5431783E+03   7.1500000E+02   0.0000000E+00   0.0000000E+00   0.0000000E+00
   1.5431858E+03   8.2900000E+02   1.0000000E+00   6.7209495E-05   4.3453438E-02
   1.5431933E+03   7.6900000E+02   2.0000000E+00   1.1204705E-03   4.3422822E-01
   1.5432009E+03   7.5800000E+02   3.0000000E+00   1.3374993E-04   3.3794150E-02
   1.5432084E+03   7.7200000E+02   0.0000000E+00   0.0000000E+00   0.0000000E+00
   1.5432159E+03   7.7100000E+02   1.0000000E+00   6.9022978E-05   5.3216716E-02
   1.5432235E+03   7.1900000E+02   0.0000000E+00   0.0000000E+00   0.0000000E+00
   1.5432310E+03   7.4300000E+02   1.0000000E+00   1.6153205E-04   1.2001832E-01
   1.5432385E+03   7.7100000E+02   2.0000000E+00   7.0421876E-05   2.8546627E-02
   1.5432460E+03   7.4500000E+02   0.0000000E+00   0.0000000E+00   0.0000000E+00
   1.5432536E+03   7.5300000E+02   1.0000000E+00   9.5856110E-05   7.2179651E-02
   1.5432611E+03   7.6400000E+02   1.0000000E+00   1.1243624E-04   8.5901287E-02
   1.5432686E+03   7.4900000E+02   0.0000000E+00   0.0000000E+00   0.0000000E+00
   1.5432762E+03   7.4600000E+02   3.0000000E+00   1.6806430E-03   4.1791990E-01
   1.5432837E+03   7.9600000E+02   2.0000000E+00   3.2476024E-04   1.2925458E-01
   1.5432912E+03   7.7700000E+02   1.0000000E+00   2.8554703E-04   2.2187004E-01
   1.5432987E+03   7.2200000E+02   1.0000000E+00   2.2208129E-04   1.6034269E-01
   1.5433063E+03   6.9800000E+02   1.0000000E+00   1.4112061E-09   9.8502188E-07
   1.5433138E+03   7.6200000E+02   2.0000000E+00   1.1649256E-03   4.4383666E-01
   1.5433213E+03   7.2700000E+02   0.0000000E+00   0.0000000E+00   0.0000000E+00
   1.5433289E+03   7.8100000E+02   0.0000000E+00   0.0000000E+00   0.0000000E+00
   1.5433364E+03   7.5300000E+02   2.0000000E+00   5.4750893E-05   2.0613711E-02
   1.5433439E+03   7.3900000E+02   1.0000000E+00   3.1652356E-04   2.3391091E-01
   1.5433514E+03   7.3100000E+02   0.0000000E+00   0.0000000E+00   0.0000000E+00
   1.5433590E+03   7.7700000E+02   1.0000000E+00   2.2518684E-05   1.7497017E-02
   1.5433665E+03   7.0700000E+02   0.0000000E+00   1.0502043E-05   0.0000000E+00
   1.5433740E+03   7.4400000E+02   0.0000000E+00   0.0000000E+00   0.0000000E+00
   1.5433815E+03   7.2700000E+02   0.0000000E+00   0.0000000E+00   0.0000000E+00
   1.5433891E+03   7.4000000E+02   0.0000000E+00   0.0000000E+00   0.0000000E+00
   1.5433966E+03   7.0900000E+02   2.0000000E+00   1.1298072E-03   4.0051665E-01
   1.5434041E+03   7.4600000E+02   0.0000000E+00   0.0000000E+00   0.0000000E+00
   1.5434117E+03   7.4800000E+02   1.0000000E+00   2.1198487E-10   1.5856468E-07
   1.5434192E+03   7.6100000E+02   0.0000000E+00   4.2476996E-05   0.0000000E+00
   1.5434267E+03   7.6800000E+02   0.0000000E+00   0.0000000E+00   0.0000000E+00
   1.5434342E+03   7.0600000E+02   0.0000000E+00   0.0000000E+00   0.0000000E+00
   1.5434418E+03   7.3200000E+02   1.0000000E+00   7.5274287E-05   5.5100778E-02
   1.5434493E+03   7.5700000E+02   1.0000000E+00   1.2656990E-04   9.5813418E-02
   1.5434568E+03   7.3700000E+02   0.0000000E+00   0.0000000E+00   0.0000000E+00
   1.5434644E+03   7.3700000E+02   1.0000000E+00   7.5071164E-09   5.5327448E-06
   1.5434719E+03   6.9500000E+02   2.0000000E+00   1.8559876E-04   6.4495569E-02
   1.5434794E+03   7.5100000E+02   2.0000000E+00   4.1792077E-04   1.5692925E-01
   1.5434869E+03   6.9700000E+02   0.0000000E+00   0.0000000E+00   0.0000000E+00
   1.5434945E+03   7.5000000E+02   2.0000000E+00   8.6955181E-05   3.3965828E-02
   1.5435020E+03   7.3000000E+02   0.0000000E+00   0.0000000E+00   0.0000000E+00
   1.5435095E+03   7.2700000E+02   1.0000000E+00   5.3223142E-04   4.2136241E-01
   1.5435171E+03   7.0200000E+02   1.0000000E+00   1.6934267E-04   1.1887855E-01
   1.5435246E+03   7.5600000E+02   2.0000000E+00   9.8922073E-05   3.7392544E-02
   1.5435321E+03   7.1300000E+02   3.0000000E+00   6.2701000E-04   1.4901938E-01
   1.5435396E+03   7.1300000E+02   1.0000000E+00   3.1198025E-04   2.2244192E-01
   1.5435472E+03   7.6100000E+02   0.0000000E+00   6.9618263E-05   0.0000000E+00
   1.5435547E+03   7.2900000E+02   1.0000000E+00   1.0834534E-04   1.0620058E-01
   1.5435622E+03   7.1100000E+02   1.0000000E+00   1.0387446E-04   7.3854743E-02
   1.5435698E+03   7.5300000E+02   1.0000000E+00   1.4711803E-04   1.1077987E-01
   1.5435773E+03   7.8500000E+02   3.0000000E+00   1.7554404E-04   4.5934023E-02
   1.5435848E+03   7.3200000E+02   2.0000000E+00   8.8991334E-04   3.2378441E-01
   1.5435923E+03   7.8700000E+02   3.0000000E+00   1.2876248E-04   3.5394505E-02
   1.5435999E+03   7.8100000E+02   1.0000000E+00   1.2988655E-04   1.0144140E-01
   1.5436074E+03   7.2700000E+02   1.0000000E+00   2.1697954E-04   1.5774413E-01
   1.5436149E+03   7.3800000E+02   2.0000000E+00   7.6322971E-04   2.8163176E-01
   1.5436225E+03   7.5500000E+02   0.0000000E+00   2.5509640E-04   0.0000000E+00
   1.5436300E+03   7.4100000E+02   0.0000000E+00   0.0000000E+00   0.0000000E+00
   1.5436375E+03   7.3900000E+02   1.0000000E+00   1.0790449E-04   7.9741418E-02
   1.5436450E+03   7.2400000E+02   2.0000000E+00   1.2524912E-04   4.5340182E-02
   1.5436526E+03   7.0300000E+02   2.0000000E+00   1.3576001E-04   4.7719643E-02
   1.5436601E+03   7.4600000E+02   2.0000000E+00   3.0561817E-04   1.1399558E-01
   1.5436676E+03   7.7300000E+02   3.0000000E+00   1.3892023E-04   3.5795112E-02
   1.5436752E+03   7.3000000E+02   1.0000000E+00   2.0751334E-04   1.7348519E-01
   1.5436827E+03   7.1900000E+02   4.0000000E+00   3.4676280E-04   6.2330614E-02
   1.5436902E+03   7.1800000E+02   3.0000000E+00   4.3612729E-04   1.0437980E-01
   1.5436977E+03   7.4900000E+02   2.0000000E+00   1.2068673E-03   4.5197181E-01
   1.5437053E+03   7.5900000E+02   2.0000000E+00   8.1881871E-04   3.1074170E-01
   1.5437128E+03   7.9100000E+02   4.0000000E+00   3.3504096E-04   6.6254350E-02
   1.5437203E+03   7.3000000E+02   2.0000000E+00   1.6008020E-04   5.8429274E-02
   1.5437279E+03   7.5000000E+02   1.0000000E+00   1.2023203E-03   9.0968465E-01
   1.5437354E+03   7.5400000E+02   0.0000000E+00   1.7773107E-05   0.0000000E+00
   1.5437429E+03   6.9600000E+02   0.0000000E+00   0.0000000E+00   0.0000000E+00
   1.5437504E+03   7.2000000E+02   4.0000000E+00   7.2193999E-04   1.2994920E-01
   1.5437580E+03   7.6400000E+02   3.0000000E+00   1.1485780E-03   2.9250452E-01
   1.5437655E+03   6.8600000E+02   0.0000000E+00   0.0000000E+00   0.0000000E+00
   1.5437730E+03   7.1300000E+02   2.0000000E+00   5.4994687E-04   1.9605606E-01
   1.5437806E+03   7.0900000E+02   1.0000000E+00   2.1239606E-05   1.7576129E-02
   1.5437881E+03   7.1600000E+02   1.0000000E+00   1.1590319E-04   8.5119476E-02
   1.5437956E+03   7.8900000E+02   3.0000000E+00   6.8789310E-04   1.8184886E-01
   1.5438031E+03   7.3300000E+02   3.0000000E+00   4.1763788E-04   1.0666339E-01
   1.5438107E+03   7.2500000E+02   1.0000000E+00   4.1706392E-04   3.0237134E-01
   1.5438182E+03   7.4800000E+02   0.0000000E+00   8.8981125E-04   0.0000000E+00
   1.5438257E+03   7.2500000E+02   1.0000000E+00   3.2502635E-05   2.2783938E-02
   1.5438332E+03   6.9300000E+02   1.0000000E+00   1.2829797E-04   8.8910491E-02
   1.5438408E+03   7.5900000E+02   2.0000000E+00   1.9765086E-04   7.7956373E-02
   1.5438483E+03   7.5300000E+02   1.0000000E+00   2.5088213E-04   1.8891424E-01
   1.5438558E+03   7.5100000E+02   1.0000000E+00   1.6972623E-03   7.9625820E-01
   1.5438634E+03   7.0000000E+02   2.0000000E+00   6.6786391E-04   2.3375237E-01
   1.5438709E+03   7.0800000E+02   2.0000000E+00   7.9966196E-04   2.8308034E-01
   1.5438784E+03   7.6100000E+02   1.0000000E+00   2.6741490E-04   2.0350274E-01
   1.5438859E+03   7.7900000E+02   2.0000000E+00   1.2712204E-04   4.9514036E-02
   1.5438935E+03   7.3800000E+02   2.0000000E+00   2.9637733E-04   1.0936323E-01
   1.5439010E+03   7.3500000E+02   1.0000000E+00   2.2222677E-04   1.6333668E-01
   1.5439085E+03   7.3500000E+02   1.0000000E+00   4.3875842E-04   3.2248744E-01
   1.5439161E+03   7.2400000E+02   0.0000000E+00   7.5523164E-04   0.0000000E+00
   1.5439236E+03   7.5900000E+02   5.0000000E+00   5.5468822E-04   8.4201672E-02
   1.5439311E+03   7.8000000E+02   1.0000000E+00   1.2091298E-04   9.4312126E-02
   1.5439386E+03   7.4800000E+02   1.0000000E+00   3.6296012E-04   2.6677457E-01
   1.5439462E+03   7.5400000E+02   0.0000000E+00   0.0000000E+00   0.0000000E+00
   1.5439537E+03   6.9900000E+02   1.0000000E+00   7.2908227E-05   3.4169739E-02
   1.5439612E+03   7.4800000E+02   1.0000000E+00   3.2702546E-04   2.0971805E-01
   1.5439688E+03   7.7200000E+02   1.0000000E+00   3.3413544E-04   2.5795256E-01
   1.5439763E+03   7.3800000E+02   2.0000000E+00   2.8040905E-04   1.0347094E-01
   1.5439838E+03   7.1100000E+02   1.0000000E+00   1.2442591E-04   8.8466824E-02
   1.5439913E+03   7.3300000E+02   2.0000000E+00   1.0357739E-04   3.7961115E-02
   1.5439989E+03   7.3200000E+02   3.0000000E+00   7.5353928E-04   1.8386359E-01
   1.5440064E+03   7.5800000E+02   5.0000000E+00   1.2864863E-03   1.9477972E-01
   1.5440139E+03   6.9600000E+02   0.0000000E+00   0.0000000E+00   0.0000000E+00
   1.5440215E+03   7.1800000E+02   3.0000000E+00   1.3754210E-03   3.2918410E-01
   1.5440290E+03   7.4900000E+02   4.0000000E+00   2.0178188E-04   3.7783657E-02
   1.5440365E+03   7.7700000E+02   2.0000000E+00   2.2909018E-04   8.9001536E-02
   1.5440440E+03   7.5600000E+02   3.0000000E+00   3.5509465E-04   8.9483851E-02
   1.5440516E+03   7.2900000E+02   3.0000000E+00   2.1805232E-03   5.2986714E-01
   1.5440591E+03   7.1900000E+02   1.0000000E+00   2.5076219E-04   1.8391164E-01
   1.5440666E+03   7.7300000E+02   3.0000000E+00   1.3373758E-03   3.4459716E-01
   1.5440742E+03   7.3600000E+02   3.0000000E+00   3.8280082E-04   9.7183278E-02
   1.5440817E+03   7.3800000E+02   2.0000000E+00   4.0158970E-04   1.4818660E-01
   1.5440892E+03   6.8900000E+02   2.0000000E+00   5.8643256E-05   2.0371520E-02
   1.5440967E+03   7.0800000E+02   2.0000000E+00   1.5237680E-04   1.2245626E-02
   1.5441043E+03   6.8200000E+02   3.0000000E+00   4.0471543E-04   8.8044868E-02
   1.5441118E+03   7.4400000E+02   2.0000000E+00   1.2643455E-04   4.7033652E-02
   1.5441193E+03   7.0900000E+02   4.0000000E+00   7.8768739E-04   1.3961759E-01
   1.5441269E+03   7.2900000E+02   2.0000000E+00   5.5443930E-04   2.0640302E-01
   1.5441344E+03   7.3300000E+02   2.0000000E+00   1.2931447E-03   4.7393752E-01
   1.5441419E+03   7.2100000E+02   1.0000000E+00   3.8266437E-04   2.7590101E-01
   1.5441494E+03   6.8800000E+02   3.0000000E+00   1.0200543E-04   2.3393246E-02
   1.5441570E+03   7.0000000E+02   1.0000000E+00   1.3824900E-04   9.1988033E-02
   1.5441645E+03   7.3900000E+02   1.0000000E+00   2.9421490E-04   2.1027023E-01
   1.5441720E+03   7.3600000E+02   3.0000000E+00   6.7958017E-04   1.6223749E-01
   1.5441796E+03   7.1100000E+02   0.0000000E+00   0.0000000E+00   0.0000000E+00
   1.5441871E+03   7.4000000E+02   2.0000000E+00   4.8151842E-05   1.4949297E-02
   1.5441946E+03   7.4400000E+02   3.0000000E+00   1.9652371E-04   4.8730346E-02
   1.5442021E+03   7.3600000E+02   3.0000000E+00   2.3341485E-04   5.8163725E-02
   1.5442097E+03   7.2100000E+02   0.0000000E+00   0.0000000E+00   0.0000000E+00
   1.5442172E+03   7.7300000E+02   6.0000000E+00   6.1758432E-04   8.4200652E-02
   1.5442247E+03   7.3200000E+02   0.0000000E+00   0.0000000E+00   0.0000000E+00
   1.5442323E+03   7.5900000E+02   3.0000000E+00   4.9886330E-04   1.2621242E-01
   1.5442398E+03   7.6100000E+02   5.0000000E+00   1.2837306E-03   2.0046779E-01
   1.5442473E+03   6.8600000E+02   5.0000000E+00   7.4038581E-04   9.9877179E-02
   1.5442548E+03   6.6900000E+02   2.0000000E+00   4.4769114E-04   1.4945820E-01
   1.5442624E+03   6.8200000E+02   2.0000000E+00   2.7831992E-04   9.5800572E-02
   1.5442699E+03   7.2800000E+02   1.0000000E+00   1.7426187E-04   1.2686264E-01
   1.5442774E+03   7.0100000E+02   3.0000000E+00   4.7216164E-04   1.1032844E-01
   1.5442849E+03   7.4100000E+02   1.0000000E+00   8.1567598E-05   6.0441590E-02
   1.5442925E+03   7.3300000E+02   2.0000000E+00   1.9033142E-04   7.0841203E-02
   1.5443000E+03   7.3800000E+02   3.0000000E+00   3.3301770E-04   8.1922354E-02
   1.5443075E+03   7.4400000E+02   3.0000000E+00   1.3859710E-03   3.4372080E-01
   1.5443151E+03   6.9700000E+02   4.0000000E+00   1.4008971E-04   2.4410632E-02
   1.5443226E+03   7.1300000E+02   5.0000000E+00   1.0070965E-03   1.4361197E-01
   1.5443301E+03   7.6600000E+02   5.0000000E+00   5.2573117E-04   7.6584124E-02
   1.5443376E+03   7.6400000E+02   4.0000000E+00   1.2043191E-04   2.0796043E-02
   1.5443452E+03   7.7300000E+02   1.0000000E+00   3.7862911E-04   3.0036181E-01
   1.5443527E+03   7.5200000E+02   5.0000000E+00   6.7258236E-04   9.8494711E-02
   1.5443602E+03   7.3600000E+02   2.0000000E+00   8.1377497E-05   2.9946919E-02
   1.5443678E+03   7.3100000E+02   5.0000000E+00   3.1424817E-04   4.5156328E-02
   1.5443753E+03   7.3800000E+02   3.0000000E+00   4.9994311E-04   1.2298601E-01
   1.5443828E+03   7.6400000E+02   2.0000000E+00   9.2603426E-05   3.5374509E-02
   1.5443903E+03   7.0400000E+02   2.0000000E+00   2.4805582E-04   8.7315650E-02
   1.5443979E+03   6.9700000E+02   2.0000000E+00   1.3096951E-03   4.5642873E-01
   1.5444054E+03   7.0900000E+02   4.0000000E+00   3.6496464E-04   6.4689983E-02
   1.5444129E+03   7.0500000E+02   5.0000000E+00   3.8588911E-04   3.4730560E-02
   1.5444205E+03   7.1800000E+02   5.0000000E+00   1.4403987E-03   2.0865313E-01
   1.5444280E+03   6.9700000E+02   1.0000000E+00   9.1478456E-05   6.3760484E-02
   1.5444355E+03   7.4400000E+02   4.0000000E+00   4.0258425E-04   7.5103687E-02
   1.5444430E+03   6.4700000E+02   3.0000000E+00   7.3859023E-04   1.5836861E-01
   1.5444506E+03   6.7400000E+02   4.0000000E+00   6.3146422E-05   1.4220565E-02
   1.5444581E+03   6.7300000E+02   1.0000000E+00   3.9087583E-04   2.6305943E-01
   1.5444656E+03   6.2500000E+02   4.0000000E+00   2.0450220E-04   2.7171242E-02
   1.5444732E+03   6.1400000E+02   5.0000000E+00   4.2356676E-04   5.1130880E-02
   1.5444807E+03   5.9700000E+02   1.0000000E+00   2.9084633E-04   1.7445554E-01
   1.5444882E+03   6.3000000E+02   4.0000000E+00   9.5365774E-05   1.5020109E-02
   1.5444957E+03   5.7700000E+02   2.0000000E+00   1.5883713E-04   4.2887592E-02
   1.5445033E+03   5.3600000E+02   0.0000000E+00   5.1660235E-06   0.0000000E+00
   1.5445108E+03   5.1200000E+02   6.0000000E+00   1.4810724E-03   8.6504999E-02
   1.5445183E+03   4.4600000E+02   3.0000000E+00   3.0888379E-04   3.9132285E-02
   1.5445259E+03   4.1200000E+02   4.0000000E+00   1.1354864E-03   1.1506966E-01
   1.5445334E+03   3.7100000E+02   8.0000000E+00   1.0897694E-03   5.1063892E-02
   1.5445409E+03   3.2700000E+02   2.0000000E+00   1.0369620E-03   3.9318162E-02
   1.5445484E+03   2.6600000E+02   4.0000000E+00   5.3871469E-04   3.7458392E-02
   1.5445560E+03   2.5900000E+02   6.0000000E+00   3.7181595E-03   1.0825295E-01
   1.5445635E+03   2.0000000E+02   9.0000000E+00   1.3499261E-03   3.0324495E-02
   1.5445710E+03   1.4300000E+02   3.0000000E+00   6.0479113E-03   1.6227645E-01
   1.5445786E+03   1.0300000E+02   4.0000000E+00   3.2157195E-03   3.9464861E-02
   1.5445861E+03   8.8000000E+01   5.0000000E+00   1.0806736E-02   1.9573618E-01
   1.5445936E+03   5.8000000E+01   2.0000000E+00   6.9125474E-03   5.5295555E-02
   1.5446011E+03   3.9000000E+01   5.0000000E+00   2.4581287E-02   1.8791119E-01
   1.5446087E+03   3.0000000E+01   7.0000000E+00   7.2150150E-03   5.4871515E-02
   1.5446162E+03   1.1000000E+01   0.0000000E+00   8.6981302E-03   0.0000000E+00
   1.5446237E+03   1.5000000E+01   3.0000000E+00   3.3644644E-02   1.9906815E-02
   1.5446313E+03   1.5000000E+01   5.0000000E+00   3.7166401E-02   8.8648506E-02
   1.5446388E+03   1.5000000E+01   6.0000000E+00   7.7038294E-02   1.2638152E-01
   1.5446463E+03   1.3000000E+01   4.0000000E+00   2.8280933E-02   3.6729329E-02
   1.5446538E+03   5.0000000E+00   2.0000000E+00   2.3722045E-01   2.5732152E-01
   1.5446614E+03   1.4000000E+01   6.0000000E+00   4.6605442E-02   7.2380133E-02
   1.5446689E+03   1.3000000E+01   2.0000000E+00   5.1157489E-02   6.4798035E-02
   1.5446764E+03   1.5000000E+01   9.0000000E+00   6.4698596E-03   2.6381236E-02
   1.5446840E+03   1.8000000E+01   5.0000000E+00   4.7367371E-02   1.8895394E-02
   1.5446915E+03   1.2000000E+01   7.0000000E+00   1.0151367E-02   1.1331108E-02
   1.5446990E+03   1.0000000E+01   4.0000000E+00   8.0114853E-02   8.1619220E-02
   1.5447065E+03   1.2000000E+01   6.0000000E+00   2.4805272E-02   8.3680270E-02
   1.5447141E+03   1.0000000E+01   7.0000000E+00   9.7182159E-02   1.4472688E-01
   1.5447216E+03   2.0000000E+01   1.5000000E+01   3.4219974E-02   3.2966322E-02
   1.5447291E+03   1.9000000E+01   1.2000000E+01   6.6400162E-02   3.5610977E-02
   1.5447366E+03   1.7000000E+01   1.0000000E+01   1.1913509E-01   9.3415290E-02
   1.5447442E+03   1.4000000E+01   9.0000000E+00   1.0963117E-02   3.8242662E-02
   1.5447517E+03   1.6000000E+01   1.0000000E+01   4.6963898E-02   4.0534762E-02
   1.5447592E+03   1.2000000E+01   1.0000000E+01   5.5212444E-02   3.7983312E-02
   1.5447668E+03   2.1000000E+01   1.5000000E+01   1.1922980E-01   9.3397274E-02
   1.5447743E+03   2.0000000E+01   1.7000000E+01   7.6789034E-02   8.3457668E-02
   1.5447818E+03   9.0000000E+00   6.0000000E+00   3.4526609E-02   4.1662100E-02
   1.5447893E+03   1.2000000E+01   8.0000000E+00   4.8077360E-02   8.9034390E-02
   1.5447969E+03   1.2000000E+01   8.0000000E+00   2.4337350E-02   7.7914211E-02
   1.5448044E+03   1.2000000E+01   1.2000000E+01   3.2290895E-02   3.2290895E-02
   1.5448119E+03   1.1000000E+01   8.0000000E+00   3.2874057E-02   1.1165918E-01
   1.5448195E+03   1.5000000E+01   9.0000000E+00   6.6763449E-02   7.0838598E-02
   1.5448270E+03   1.6000000E+01   1.6000000E+01   5.5033498E-02   5.5033498E-02
   1.5448345E+03   1.0000000E+01   9.0000000E+00   2.9911205E-02   6.0024466E-03
   1.5448420E+03   1.8000000E+01   1.6000000E+01   4.9214509E-02   5.1215292E-02
   1.5448496E+03   1.7000000E+01   1.4000000E+01   5.8010343E-02   8.8695860E-02
   1.5448571E+03   1.9000000E+01   1.5000000E+01   5.1639575E-02   7.9487797E-02
   1.5448646E+03   1.5000000E+01   1.3000000E+01   3.6713862E-02   3.9341619E-02
   1.5448722E+03   1.1000000E+01   1.1000000E+01   8.4083417E-02   8.4083417E-02
   1.5448797E+03   1.5000000E+01   1.2000000E+01   5.9288778E-02   6.1969131E-02
   1.5448872E+03   1.7000000E+01   1.4000000E+01   3.6759140E-02   5.9321356E-02
   1.5448947E+03   1.7000000E+01   1.4000000E+01   5.2975680E-02   6.1049390E-02
   1.5449023E+03   2.0000000E+01   1.9000000E+01   4.1856502E-02   2.4863320E-02
   1.5449098E+03   2.3000000E+01   1.6000000E+01   7.0027058E-02   7.7591130E-02
   1.5449173E+03   1.1000000E+01   9.0000000E+00   1.2374537E-01   1.6293408E-01
   1.5449249E+03   1.8000000E+01   1.4000000E+01   6.3796952E-02   5.4457335E-02
   1.5449324E+03   1.2000000E+01   1.2000000E+01   4.1086866E-02   4.1086866E-02
   1.5449399E+03   1.3000000E+01   1.2000000E+01   8.2646218E-02   7.8214396E-02
   1.5449474E+03   6.0000000E+00   4.0000000E+00   7.9623655E-02   7.9627408E-02
   1.5449550E+03   1.5000000E+01   1.3000000E+01   5.9571617E-02   7.6217869E-02
   1.5449625E+03   9.0000000E+00   9.0000000E+00   7.0266456E-02   7.0266456E-02
   1.5449700E+03   1.9000000E+01   1.8000000E+01   1.0484704E-01   1.1040545E-01
   1.5449776E+03   2.4000000E+01   2.2000000E+01   2.0785273E-02   2.6923751E-02
   1.5449851E+03   1.8000000E+01   1.4000000E+01   4.2081109E-02   1.4245419E-02
   1.5449926E+03   2.3000000E+01   1.9000000E+01   2.6783576E-02   2.0428109E-02
   1.5450001E+03   2.0000000E+01   1.6000000E+01   1.7938027E-02   3.7403476E-03
   1.5450077E+03   1.7000000E+01   1.5000000E+01   4.8431895E-02   2.0220650E-02
   1.5450152E+03   1.7000000E+01   1.2000000E+01   1.0461386E-01   9.9393017E-02
   1.5450227E+03   1.8000000E+01   1.7000000E+01   8.0772665E-02   7.7486975E-02
   1.5450303E+03   2.1000000E+01   1.5000000E+01   9.4818234E-02   7.2688266E-02
   1.5450378E+03   1.3000000E+01   1.0000000E+01   4.8202448E-02   6.5478841E-02
   1.5450453E+03   1.2000000E+01   1.1000000E+01   1.1125115E-01   1.0953074E-01
   1.5450528E+03   2.0000000E+01   1.6000000E+01   2.0130173E-02   4.3360169E-02
   1.5450604E+03   2.3000000E+01   1.8000000E+01   2.5817269E-02   5.8740613E-02
   1.5450679E+03   8.0000000E+00   7.0000000E+00   1.3262956E-01   1.0616437E-01
   1.5450754E+03   1.7000000E+01   1.4000000E+01   7.5766929E-02   5.3495892E-02
   1.5450830E+03   1.7000000E+01   1.4000000E+01   3.3314842E-02   1.6975528E-02
   1.5450905E+03   1.8000000E+01   1.1000000E+01   6.3356657E-02   7.8733374E-02
   1.5450980E+03   1.6000000E+01   1.5000000E+01   4.5862606E-02   5.2497416E-02
   1.5451055E+03   2.0000000E+01   1.8000000E+01   9.5529551E-02   1.3037457E-01
   1.5451131E+03   2.4000000E+01   1.5000000E+01   4.2423745E-02   4.7883350E-02
   1.5451206E+03   1.7000000E+01   1.5000000E+01   8.9471350E-02   5.2712230E-02
   1.5451281E+03   2.2000000E+01   1.2000000E+01   3.9307747E-02   3.0293419E-02
   1.5451357E+03   2.0000000E+01   1.5000000E+01   9.6754689E-03   3.4281800E-02
   1.5451432E+03   2.0000000E+01   1.8000000E+01   5.3170757E-02   6.4719656E-02
   1.5451507E+03   2.6000000E+01   2.0000000E+01   6.0429072E-02   3.1786249E-02
   1.5451582E+03   2.3000000E+01   1.4000000E+01   1.1304977E-01   1.4313563E-01
   1.5451658E+03   2.0000000E+01   1.3000000E+01   4.9543019E-02   4.5768561E-02
   1.5451733E+03   2.2000000E+01   1.2000000E+01   1.5294583E-02   3.7603043E-02
   1.5451808E+03   3.3000000E+01   2.4000000E+01   2.1418781E-02   4.0136842E-02
   1.5451883E+03   2.0000000E+01   1.6000000E+01   4.9231624E-02   2.5103186E-02
   1.5451959E+03   2.2000000E+01   1.5000000E+01   3.3224217E-02   4.6835242E-02
   1.5452034E+03   2.1000000E+01   1.5000000E+01   5.5192099E-02   4.8618790E-02
   1.5452109E+03   2.0000000E+01   1.6000000E+01   3.4692327E-02   4.5528961E-02
   1.5452185E+03   2.8000000E+01   2.2000000E+01   6.9118346E-02   3.0616167E-02
   1.5452260E+03   3.5000000E+01   2.3000000E+01   2.3305735E-02   4.4735517E-03
   1.5452335E+03   2.8000000E+01   1.5000000E+01   6.2347568E-02   5.6355826E-02
   1.5452410E+03   3.5000000E+01   2.4000000E+01   5.6553167E-02   8.7147341E-02
   1.5452486E+03   2.4000000E+01   1.9000000E+01   4.9098315E-02   6.4496572E-02
   1.5452561E+03   2.5000000E+01   1.8000000E+01   4.5456860E-02   8.0937422E-02
   1.5452636E+03   2.0000000E+01   1.2000000E+01   2.6685960E-02   2.9627965E-02
   1.5452712E+03   2.4000000E+01   1.6000000E+01   5.7375477E-02   5.9722647E-02
   1.5452787E+03   2.2000000E+01   1.3000000E+01   3.3989564E-02   4.1981735E-02
   1.5452862E+03   2.1000000E+01   1.2000000E+01   5.9660724E-02   6.9097849E-02
   1.5452937E+03   3.2000000E+01   1.6000000E+01   2.9775553E-02   7.5725232E-02
   1.5453013E+03   3.1000000E+01   2.2000000E+01   2.9816168E-02   5.4008382E-02
   1.5453088E+03   3.5000000E+01   1.8000000E+01   5.9827096E-02   6.5166813E-02
   1.5453163E+03   3.7000000E+01   2.7000000E+01   6.2894351E-02   9.3812779E-02
   1.5453239E+03   2.5000000E+01   1.5000000E+01   5.9468453E-02   1.0605990E-02
   1.5453314E+03   3.3000000E+01   2.0000000E+01   3.9944458E-02   1.9524231E-02
   1.5453389E+03   3.5000000E+01   1.7000000E+01   2.0107153E-02   5.8092549E-02
   1.5453464E+03   3.5000000E+01   2.0000000E+01   3.0064671E-02   5.7465965E-02
   1.5453540E+03   3.2000000E+01   2.2000000E+01   6.6688355E-02   5.4201658E-02
   1.5453615E+03   4.3000000E+01   2.0000000E+01   9.1018826E-02   7.6424673E-02
   1.5453690E+03   3.5000000E+01   2.3000000E+01   6.6845589E-02   4.9006603E-02
   1.5453766E+03   3.6000000E+01   2.3000000E+01   1.1047056E-02   5.2142147E-02
   1.5453841E+03   2.5000000E+01   1.4000000E+01   1.0531763E-02   3.1298617E-02
   1.5453916E+03   3.7000000E+01   2.2000000E+01   4.6351319E-02   2.2130663E-02
   1.5453991E+03   4.0000000E+01   2.5000000E+01   2.1828222E-02   5.6256081E-02
   1.5454067E+03   4.1000000E+01   2.3000000E+01   7.2763354E-02   1.2164242E-01
   1.5454142E+03   3.2000000E+01   2.1000000E+01   9.1263820E-02   9.2999935E-02
   1.5454217E+03   5.1000000E+01   2.7000000E+01   4.7117785E-02   3.5074965E-02
   1.5454293E+03   3.0000000E+01   1.7000000E+01   4.4896032E-02   4.1412495E-02
   1.5454368E+03   4.1000000E+01   2.6000000E+01   2.4607701E-02   6.6673328E-02
   1.5454443E+03   4.2000000E+01   2.9000000E+01   1.2035470E-02   3.7298373E-02
   1.5454518E+03   3.6000000E+01   2.5000000E+01   3.8813847E-02   6.4740328E-02
   1.5454594E+03   4.3000000E+01   2.9000000E+01   4.5135122E-02   5.9539860E-02
   1.5454669E+03   5.2000000E+01   2.9000000E+01   2.2866248E-02   3.8343756E-02
   1.5454744E+03   4.2000000E+01   2.3000000E+01   4.7456891E-02   1.1176990E-01
   1.5454820E+03   6.5000000E+01   4.4000000E+01   4.2584899E-03   2.3711976E-02
   1.5454895E+03   4.6000000E+01   3.0000000E+01   7.0453163E-03   3.9773426E-02
   1.5454970E+03   4.3000000E+01   3.2000000E+01   5.1571613E-02   1.3665244E-02
   1.5455045E+03   5.7000000E+01   3.3000000E+01   4.9718736E-02   5.3945703E-02
   1.5455121E+03   4.4000000E+01   3.0000000E+01   4.0213474E-02   5.8296294E-02
   1.5455196E+03   5.4000000E+01   3.6000000E+01   2.5221109E-02   2.7299060E-02
   1.5455271E+03   6.5000000E+01   4.5000000E+01   7.2376048E-02   5.4696602E-02
   1.5455347E+03   5.4000000E+01   3.1000000E+01   6.9429682E-03   6.2497571E-02
   1.5455422E+03   5.2000000E+01   3.6000000E+01   5.4469226E-03   2.3338070E-02
   1.5455497E+03   4.4000000E+01   2.7000000E+01   8.1863986E-02   9.9292952E-02
   1.5455572E+03   6.0000000E+01   4.7000000E+01   5.9523041E-02   6.8754475E-02
   1.5455648E+03   5.4000000E+01   4.0000000E+01   2.3234016E-02   5.0129557E-02
   1.5455723E+03   6.5000000E+01   3.8000000E+01   3.4248949E-02   2.8169003E-02
   1.5455798E+03   6.4000000E+01   4.1000000E+01   7.9917493E-03   3.4728361E-02
   1.5455874E+03   6.5000000E+01   4.2000000E+01   7.7473715E-02   6.4765458E-02
   1.5455949E+03   6.6000000E+01   4.4000000E+01   4.7172912E-02   4.9723886E-02
   1.5456024E+03   6.5000000E+01   3.8000000E+01   4.6141895E-02   2.9150454E-02
   1.5456099E+03   8.0000000E+01   5.2000000E+01   3.9157554E-02   4.5877024E-02
   1.5456175E+03   5.7000000E+01   3.9000000E+01   5.9707583E-02   7.1236910E-02
   1.5456250E+03   6.3000000E+01   4.7000000E+01   4.8174774E-02   5.1740208E-02
   1.5456325E+03   6.4000000E+01   4.7000000E+01   2.6900221E-02   2.0407274E-02
   1.5456400E+03   7.4000000E+01   4.8000000E+01   5.5209168E-02   5.9566880E-02
   1.5456476E+03   6.4000000E+01   4.5000000E+01   1.7961377E-02   6.0501516E-02
   1.5456551E+03   5.9000000E+01   4.1000000E+01   3.4706948E-02   3.6085857E-02
   1.5456626E+03   5.8000000E+01   4.2000000E+01   6.6809661E-02   5.4430680E-02
   1.5456702E+03   6.2000000E+01   4.2000000E+01   8.9915919E-03   3.3308763E-02
   1.5456777E+03   7.6000000E+01   5.0000000E+01   2.8472030E-02   3.8637091E-02
   1.5456852E+03   7.4000000E+01   5.3000000E+01   6.4826129E-02   7.4476288E-02
   1.5456927E+03   8.1000000E+01   4.8000000E+01   3.7677394E-02   3.6423377E-02
   1.5457003E+03   6.1000000E+01   4.8000000E+01   2.7975783E-02   2.1993448E-02
   1.5457078E+03   8.2000000E+01   5.6000000E+01   3.5314394E-02   4.5954019E-02
   1.5457153E+03   7.2000000E+01   5.0000000E+01   4.4976213E-02   7.1377061E-02
   1.5457229E+03   7.6000000E+01   5.6000000E+01   3.9345167E-02   4.8977664E-02
   1.5457304E+03   7.7000000E+01   5.5000000E+01   8.0817425E-03   8.9643531E-03
   1.5457379E+03   8.8000000E+01   6.9000000E+01   1.2963483E-02   1.7987871E-02
   1.5457454E+03   8.7000000E+01   6.2000000E+01   2.8542724E-02   2.4337812E-02
   1.5457530E+03   9.6000000E+01   6.7000000E+01   1.7926488E-02   2.6171810E-02
   1.5457605E+03   7.3000000E+01   5.4000000E+01   7.8743767E-03   8.2151834E-03
   1.5457680E+03   8.1000000E+01   5.8000000E+01   1.5038866E-02   2.5656175E-02
   1.5457756E+03   8.8000000E+01   6.0000000E+01   2.8734321E-02   3.5668597E-02
   1.5457831E+03   8.9000000E+01   6.5000000E+01   4.7414998E-02   2.3003855E-02
   1.5457906E+03   9.3000000E+01   6.3000000E+01   4.1536666E-02   4.6657053E-02
   1.5457981E+03   7.9000000E+01   6.4000000E+01   1.1920965E-02   2.0518591E-02
   1.5458057E+03   8.0000000E+01   6.5000000E+01   3.1977389E-02   3.8347403E-02
   1.5458132E+03   8.2000000E+01   5.5000000E+01   1.1139520E-02   1.6663343E-02
   1.5458207E+03   8.3000000E+01   6.0000000E+01   7.3591429E-02   5.9776118E-02
   1.5458283E+03   7.9000000E+01   5.5000000E+01   5.5586979E-02   3.9706426E-02
   1.5458358E+03   8.1000000E+01   6.0000000E+01   2.7834023E-02   5.7428921E-03
   1.5458433E+03   9.4000000E+01   6.6000000E+01   1.2850646E-02   2.7768123E-02
   1.5458508E+03   9.9000000E+01   7.3000000E+01   4.0959600E-02   2.2072490E-02
   1.5458584E+03   1.0400000E+02   7.2000000E+01   1.9422640E-03   1.5670322E-02
   1.5458659E+03   1.1300000E+02   8.6000000E+01   4.8740300E-02   3.2812517E-02
   1.5458734E+03   1.0500000E+02   7.9000000E+01   2.3222916E-02   3.8686724E-02
   1.5458810E+03   1.0100000E+02   6.8000000E+01   2.9783983E-02   1.2891638E-02
   1.5458885E+03   9.8000000E+01   7.9000000E+01   1.5606493E-02   5.5885488E-03
   1.5458960E+03   8.0000000E+01   6.3000000E+01   1.9395445E-02   3.3835385E-02
   1.5459035E+03   8.4000000E+01   6.0000000E+01   8.0667464E-03   1.5594276E-02
   1.5459111E+03   1.0400000E+02   8.0000000E+01   1.9130278E-02   1.6818892E-02
   1.5459186E+03   8.5000000E+01   6.1000000E+01   4.4690988E-02   5.3541188E-02
   1.5459261E+03   8.9000000E+01   7.2000000E+01   8.9953498E-03   2.3809432E-02
   1.5459337E+03   8.9000000E+01   6.4000000E+01   2.9830150E-02   3.3682385E-02
   1.5459412E+03   9.8000000E+01   7.3000000E+01   7.0293354E-02   5.8294515E-02
   1.5459487E+03   1.2500000E+02   9.2000000E+01   3.0510278E-02   4.1393465E-02
   1.5459562E+03   1.0000000E+02   7.4000000E+01   1.3015886E-02   1.7788211E-02
   1.5459638E+03   8.7000000E+01   7.1000000E+01   5.2836854E-02   3.7397226E-02
   1.5459713E+03   9.4000000E+01   6.9000000E+01   3.5118347E-02   1.0107717E-02
   1.5459788E+03   1.1200000E+02   8.1000000E+01   1.6930261E-02   2.5972230E-02
   1.5459864E+03   1.0400000E+02   7.3000000E+01   7.2727696E-03   4.7646707E-02
   1.5459939E+03   1.1500000E+02   8.2000000E+01   3.9650243E-02   4.3536891E-02
   1.5460014E+03   1.1100000E+02   8.6000000E+01   7.3249145E-03   7.6019258E-03
   1.5460089E+03   1.1400000E+02   8.1000000E+01   5.7452892E-03   1.0821282E-02
   1.5460165E+03   1.0500000E+02   7.2000000E+01   5.0143328E-03   7.6682604E-03
   1.5460240E+03   1.0100000E+02   7.9000000E+01   1.6761725E-02   4.2633265E-02
   1.5460315E+03   1.1900000E+02   9.2000000E+01   3.4173015E-02   3.2149068E-02
   1.5460391E+03   9.3000000E+01   7.0000000E+01   5.2327366E-02   4.0097839E-02
   1.5460466E+03   1.1700000E+02   9.1000000E+01   2.8581218E-03   1.7238994E-02
   1.5460541E+03   1.2100000E+02   8.8000000E+01   1.0026541E-02   5.2049617E-03
   1.5460616E+03   1.0200000E+02   7.9000000E+01   2.7111504E-02   1.7211142E-02
   1.5460692E+03   1.1900000E+02   9.6000000E+01   9.9956014E-03   1.5055226E-02
   1.5460767E+03   1.2100000E+02   9.4000000E+01   7.7341973E-03   1.3644963E-02
   1.5460842E+03   1.1500000E+02   8.3000000E+01   2.1592892E-02   6.0766999E-03
   1.5460917E+03   1.3300000E+02   1.0200000E+02   1.5403249E-02   2.0282177E-02
   1.5460993E+03   1.1000000E+02   8.7000000E+01   2.7280515E-02   2.3716963E-02
   1.5461068E+03   1.1600000E+02   8.8000000E+01   3.6482771E-02   2.6907294E-02
   1.5461143E+03   1.0700000E+02   8.0000000E+01   1.0960730E-02   1.5052038E-02
   1.5461219E+03   1.3600000E+02   1.0700000E+02   1.7424073E-02   1.6787378E-02
   1.5461294E+03   1.3700000E+02   1.0200000E+02   5.1227011E-02   6.2588462E-02
   1.5461369E+03   1.2700000E+02   1.0600000E+02   2.9589951E-02   3.6877448E-02
   1.5461444E+03   1.1600000E+02   9.0000000E+01   1.6074593E-02   1.4339342E-02
   1.5461520E+03   1.3200000E+02   1.0000000E+02   5.0284996E-03   1.6367478E-02
   1.5461595E+03   1.2800000E+02   9.5000000E+01   5.0194632E-02   2.9536209E-02
   1.5461670E+03   1.2100000E+02   9.9000000E+01   3.0475835E-02   3.5869406E-02
   1.5461746E+03   1.2100000E+02   8.8000000E+01   3.0961868E-02   3.3646433E-02
   1.5461821E+03   1.4400000E+02   1.1600000E+02   4.1600304E-02   3.5066867E-02
   1.5461896E+03   1.1900000E+02   7.7000000E+01   1.2408458E-02   2.2245107E-02
   1.5461971E+03   1.2800000E+02   1.0100000E+02   1.2838556E-02   2.4687470E-02
   1.5462047E+03   1.4500000E+02   1.2600000E+02   1.7629162E-02   1.1164369E-02
   1.5462122E+03   1.3300000E+02   1.0300000E+02   1.4443834E-02   2.4557232E-02
   1.5462197E+03   1.4300000E+02   1.1300000E+02   2.1546091E-02   1.4199999E-02
   1.5462273E+03   1.5000000E+02   1.1500000E+02   1.2803773E-02   1.2557257E-02
   1.5462348E+03   1.6200000E+02   1.2900000E+02   5.9038268E-03   1.6620008E-02
   1.5462423E+03   1.5400000E+02   1.1400000E+02   2.1988618E-02   3.6468470E-02
   1.5462498E+03   1.2900000E+02   9.9000000E+01   4.9182967E-02   4.8064553E-02
   1.5462574E+03   1.4500000E+02   1.0200000E+02   1.8121213E-02   8.6792908E-03
   1.5462649E+03   1.2800000E+02   9.9000000E+01   1.4125220E-02   1.4055968E-02
   1.5462724E+03   1.3200000E+02   9.9000000E+01   3.9132506E-02   4.3545286E-02
   1.5462800E+03   1.6200000E+02   1.2800000E+02   1.7371387E-02   2.9863929E-02
   1.5462875E+03   1.5400000E+02   1.2300000E+02   1.6780912E-02   1.2470913E-02
   1.5462950E+03   1.4400000E+02   1.1200000E+02   4.4730368E-02   5.2372189E-02
   1.5463025E+03   1.8000000E+02   1.4000000E+02   1.0683150E-02   1.7616356E-02
   1.5463101E+03   1.7400000E+02   1.3700000E+02   3.5652366E-02   4.1420967E-02
   1.5463176E+03   1.5600000E+02   1.1200000E+02   3.2401184E-02   4.2718345E-02
   1.5463251E+03   1.4900000E+02   1.2200000E+02   8.4733135E-03   1.7214089E-02
   1.5463327E+03   1.3800000E+02   1.0600000E+02   1.2362798E-02   1.5937002E-02
   1.5463402E+03   1.3700000E+02   1.0500000E+02   1.5130204E-02   3.6673841E-02
   1.5463477E+03   1.7400000E+02   1.3200000E+02   2.3319553E-02   3.0924603E-02
   1.5463552E+03   1.6300000E+02   1.2100000E+02   1.8272889E-02   7.9465564E-03
   1.5463628E+03   1.7500000E+02   1.3600000E+02   3.3668809E-03   1.9552791E-02
   1.5463703E+03   1.7200000E+02   1.3800000E+02   2.0761057E-02   3.3475928E-02
   1.5463778E+03   1.7300000E+02   1.3800000E+02   2.3618623E-02   1.9965765E-02
   1.5463854E+03   1.4200000E+02   1.1300000E+02   3.8527559E-02   3.2001785E-02
   1.5463929E+03   1.6800000E+02   1.3000000E+02   3.2935909E-03   1.8871821E-02
   1.5464004E+03   1.6500000E+02   1.3400000E+02   1.2590123E-02   1.7148966E-02
   1.5464079E+03   1.5800000E+02   1.2500000E+02   7.1774352E-03   2.9243435E-03
   1.5464155E+03   1.9100000E+02   1.4800000E+02   5.2290483E-03   1.1144336E-02
   1.5464230E+03   1.9300000E+02   1.6000000E+02   3.7791492E-02   4.4884796E-02
   1.5464305E+03   1.6000000E+02   1.2000000E+02   3.4105648E-03   5.6272046E-03
   1.5464381E+03   1.5300000E+02   1.2100000E+02   2.8646696E-02   3.1276015E-02
   1.5464456E+03   2.0100000E+02   1.6000000E+02   2.8157761E-02   2.7939915E-02
   1.5464531E+03   1.7600000E+02   1.3500000E+02   1.2379765E-02   1.4834253E-02
   1.5464606E+03   1.9100000E+02   1.5400000E+02   2.2262488E-02   1.3009594E-02
   1.5464682E+03   2.0100000E+02   1.6200000E+02   1.0542566E-02   4.2022385E-03
   1.5464757E+03   1.8900000E+02   1.4100000E+02   2.7565405E-02   2.3534018E-02
   1.5464832E+03   2.0000000E+02   1.6300000E+02   5.0392073E-02   4.6529784E-02
   1.5464908E+03   1.6200000E+02   1.2400000E+02   1.6318586E-02   1.4121734E-02
   1.5464983E+03   1.8600000E+02   1.5800000E+02   1.4523606E-02   2.0815734E-02
   1.5465058E+03   1.9400000E+02   1.4400000E+02   2.3497646E-02   1.9897776E-02
   1.5465133E+03   1.7800000E+02   1.5000000E+02   1.0300086E-02   1.1953372E-02
   1.5465209E+03   1.8700000E+02   1.4600000E+02   9.6531400E-03   8.5952174E-03
   1.5465284E+03   1.7800000E+02   1.4600000E+02   4.0278117E-02   4.3883990E-02
   1.5465359E+03   2.2300000E+02   1.8000000E+02   1.3916046E-02   6.5544485E-03
   1.5465434E+03   1.8200000E+02   1.4300000E+02   1.2069566E-02   4.3068994E-03
   1.5465510E+03   1.8500000E+02   1.4600000E+02   6.2152301E-03   1.3874961E-02
   1.5465585E+03   2.1000000E+02   1.7000000E+02   4.3602446E-02   5.0015104E-02
   1.5465660E+03   2.0100000E+02   1.5800000E+02   1.7191248E-02   2.1822168E-02
   1.5465736E+03   1.9200000E+02   1.4500000E+02   1.9351333E-02   2.1916892E-02
   1.5465811E+03   1.8400000E+02   1.2900000E+02   9.3124487E-03   3.1261382E-03
   1.5465886E+03   2.0400000E+02   1.6500000E+02   1.4472182E-02   1.3273674E-02
   1.5465961E+03   1.9400000E+02   1.5300000E+02   4.1786690E-02   4.7038707E-02
   1.5466037E+03   1.9900000E+02   1.6200000E+02   2.8029846E-02   2.5017642E-02
   1.5466112E+03   2.2200000E+02   1.8300000E+02   1.7107699E-02   2.8629604E-02
   1.5466187E+03   1.9700000E+02   1.5900000E+02   1.9368532E-02   2.3644042E-02
   1.5466263E+03   1.7100000E+02   1.3100000E+02   1.7030681E-02   3.2658677E-02
   1.5466338E+03   2.1300000E+02   1.7200000E+02   1.7585696E-02   2.3998782E-02
   1.5466413E+03   2.2800000E+02   1.8000000E+02   8.6221734E-03   1.0620626E-02
   1.5466488E+03   2.0100000E+02   1.4700000E+02   2.3420483E-02   1.3842227E-02
   1.5466564E+03   2.1100000E+02   1.5900000E+02   6.8749351E-03   9.1791933E-03
   1.5466639E+03   2.3700000E+02   1.9700000E+02   1.0674822E-02   2.3347021E-02
   1.5466714E+03   2.0200000E+02   1.5400000E+02   3.9378646E-03   3.1930751E-03
   1.5466790E+03   1.9800000E+02   1.5200000E+02   1.8214643E-02   1.7452101E-02
   1.5466865E+03   2.2700000E+02   1.9000000E+02   1.5270499E-02   2.0172818E-02
   1.5466940E+03   2.0700000E+02   1.5100000E+02   1.5396891E-02   4.4160941E-03
   1.5467015E+03   2.1900000E+02   1.7900000E+02   1.9078606E-02   3.0747596E-02
   1.5467091E+03   2.3800000E+02   1.8600000E+02   2.0325011E-02   2.6148578E-02
   1.5467166E+03   2.2900000E+02   1.7400000E+02   6.2927457E-03   1.4062415E-02
   1.5467241E+03   2.4200000E+02   1.8900000E+02   2.8357934E-02   3.0329450E-02
   1.5467317E+03   2.3900000E+02   1.9100000E+02   1.4588863E-02   2.1371400E-02
   1.5467392E+03   2.1500000E+02   1.7600000E+02   2.2593995E-02   1.9590805E-02
   1.5467467E+03   2.5600000E+02   1.8600000E+02   1.4879767E-02   1.2641140E-02
   1.5467542E+03   2.1600000E+02   1.6000000E+02   1.9362339E-02   1.9251497E-02
   1.5467618E+03   2.2700000E+02   1.7700000E+02   1.3214794E-02   1.6004123E-02
   1.5467693E+03   2.3800000E+02   1.8200000E+02   1.9337867E-02   1.9295303E-02
   1.5467768E+03   2.5000000E+02   1.9400000E+02   2.1273803E-02   1.5954153E-02
   1.5467844E+03   2.7700000E+02   2.1500000E+02   1.9814260E-02   2.3881293E-02
   1.5467919E+03   2.3700000E+02   1.7700000E+02   6.7337111E-03   1.7039894E-02
   1.5467994E+03   2.7400000E+02   2.0300000E+02   2.6969420E-02   3.3760579E-02
   1.5468069E+03   2.4000000E+02   1.9400000E+02   2.3055415E-02   2.8014107E-02
   1.5468145E+03   2.4700000E+02   1.9600000E+02   1.9057382E-02   1.6217608E-02
   1.5468220E+03   2.6600000E+02   2.0000000E+02   1.4174580E-02   7.4421993E-03
   1.5468295E+03   2.2900000E+02   1.7400000E+02   5.9956415E-03   1.3686581E-02
   1.5468371E+03   2.5800000E+02   2.0400000E+02   6.9887974E-03   1.4416134E-02
   1.5468446E+03   2.5800000E+02   1.9100000E+02   2.3806810E-02   1.3374053E-02
   1.5468521E+03   2.5700000E+02   1.8200000E+02   2.0860605E-02   2.6868339E-02
   1.5468596E+03   2.6200000E+02   1.8800000E+02   1.3825841E-02   1.3191545E-02
   1.5468672E+03   2.6200000E+02   2.0400000E+02   8.7025762E-03   1.7003161E-02
   1.5468747E+03   2.6800000E+02   2.0300000E+02   3.1270634E-02   3.3216863E-02
   1.5468822E+03   2.5000000E+02   1.9300000E+02   2.3561451E-02   3.2578304E-02
   1.5468898E+03   2.8400000E+02   2.2500000E+02   5.7594853E-03   1.2960231E-02
   1.5468973E+03   2.6000000E+02   2.0100000E+02   1.6046413E-02   1.5358958E-02
   1.5469048E+03   2.4900000E+02   1.8200000E+02   3.1648069E-02   2.4773859E-02
   1.5469123E+03   2.6200000E+02   1.9800000E+02   3.3204298E-02   4.1974376E-02
   1.5469199E+03   2.6100000E+02   1.9900000E+02   2.1362114E-02   4.3964274E-02
   1.5469274E+03   2.7100000E+02   1.9600000E+02   3.0138387E-02   4.3265806E-02
   1.5469349E+03   2.5700000E+02   2.0900000E+02   1.8125507E-02   7.5051686E-03
   1.5469425E+03   2.5300000E+02   1.8700000E+02   1.4668332E-02   1.5906741E-02
   1.5469500E+03   2.5400000E+02   1.9200000E+02   2.2870073E-02   1.3713424E-02
   1.5469575E+03   2.9700000E+02   2.1800000E+02   1.1907586E-02   3.6418709E-02
   1.5469650E+03   2.6000000E+02   1.9600000E+02   1.7786521E-02   2.1204227E-02
   1.5469726E+03   2.8800000E+02   2.1100000E+02   2.2197270E-02   3.5414764E-02
   1.5469801E+03   2.7700000E+02   1.9500000E+02   9.1083304E-03   5.3156143E-03
   1.5469876E+03   2.6400000E+02   2.1000000E+02   4.1199822E-02   4.4363101E-02
   1.5469951E+03   3.0300000E+02   2.2600000E+02   2.6523367E-02   3.6324734E-02
   1.5470027E+03   2.7100000E+02   1.9200000E+02   1.8609572E-02   2.5868769E-02
   1.5470102E+03   2.8600000E+02   2.2600000E+02   2.4518584E-02   2.4852136E-02
   1.5470177E+03   2.9700000E+02   2.2200000E+02   1.4109651E-02   1.1105946E-02
   1.5470253E+03   3.2100000E+02   2.3500000E+02   8.2114143E-03   1.7807177E-02
   1.5470328E+03   3.2900000E+02   2.5000000E+02   1.8611139E-02   2.4071246E-02
   1.5470403E+03   2.8100000E+02   2.1400000E+02   9.5060799E-03   1.9693175E-02
   1.5470478E+03   3.2500000E+02   2.4600000E+02   1.4037417E-02   1.9101278E-02
   1.5470554E+03   3.2600000E+02   2.4100000E+02   1.5559321E-02   1.8140738E-02
   1.5470629E+03   2.9400000E+02   2.1800000E+02   1.8438415E-02   3.3448747E-02
   1.5470704E+03   3.1900000E+02   2.5100000E+02   4.0699570E-03   2.4657453E-03
   1.5470780E+03   2.8600000E+02   2.1700000E+02   2.5146376E-02   3.3983300E-02
   1.5470855E+03   3.1700000E+02   2.4100000E+02   1.6326860E-02   1.3207744E-02
   1.5470930E+03   3.4100000E+02   2.5300000E+02   1.9566807E-02   1.8896473E-02
   1.5471005E+03   3.0400000E+02   2.1700000E+02   1.8812992E-02   2.1079357E-02
   1.5471081E+03   3.3200000E+02   2.4500000E+02   1.2516786E-02   1.4437661E-02
   1.5471156E+03   3.1900000E+02   2.4400000E+02   9.5557174E-03   1.3564187E-02
   1.5471231E+03   3.1000000E+02   2.3200000E+02   1.1303461E-02   5.2547329E-03
   1.5471307E+03   3.2200000E+02   2.5100000E+02   1.8914633E-02   3.0017375E-02
   1.5471382E+03   2.7800000E+02   2.1200000E+02   2.3451144E-02   1.8261638E-02
   1.5471457E+03   3.0400000E+02   2.3100000E+02   8.9153711E-03   1.1789485E-02
   1.5471532E+03   3.1800000E+02   2.4500000E+02   1.2176388E-02   8.9620831E-03
   1.5471608E+03   3.0900000E+02   2.3500000E+02   1.1614333E-02   1.3086258E-02
   1.5471683E+03   3.3800000E+02   2.6900000E+02   2.3179671E-02   1.4609815E-02
   1.5471758E+03   3.2700000E+02   2.4900000E+02   1.2838921E-02   1.0544320E-02
   1.5471834E+03   3.0000000E+02   2.4000000E+02   1.8160324E-02   1.7488985E-02
   1.5471909E+03   3.0300000E+02   2.5600000E+02   2.0819288E-02   2.4297269E-02
   1.5471984E+03   2.8500000E+02   2.4000000E+02   1.7632722E-02   1.9977808E-02
   1.5472059E+03   3.1400000E+02   2.7000000E+02   4.5568165E-03   6.0645660E-03
   1.5472135E+03   3.0500000E+02   2.5700000E+02   1.3219249E-02   1.5464020E-02
   1.5472210E+03   2.9300000E+02   2.4500000E+02   1.2365774E-02   2.5369385E-02
   1.5472285E+03   2.7400000E+02   2.3400000E+02   1.4688731E-02   1.0499452E-02
   1.5472361E+03   3.0500000E+02   2.7100000E+02   5.8210529E-03   5.9352881E-03
   1.5472436E+03   2.9600000E+02   2.5100000E+02   1.0335455E-02   1.0198572E-02
   1.5472511E+03   2.8900000E+02   2.5700000E+02   3.2162101E-02   3.3656676E-02
   1.5472586E+03   3.0200000E+02   2.6500000E+02   1.4846937E-02   1.8795812E-02
   1.5472662E+03   2.7900000E+02   2.5500000E+02   8.7650204E-03   6.0911209E-03
   1.5472737E+03   2.8000000E+02   2.5300000E+02   2.4754060E-02   2.1069048E-02
   1.5472812E+03   2.8200000E+02   2.6000000E+02   1.0900877E-02   1.4001332E-02
   1.5472888E+03   3.0600000E+02   2.8800000E+02   1.5573318E-02   1.3232032E-02
   1.5472963E+03   2.8200000E+02   2.7000000E+02   2.6659294E-02   2.3435264E-02
   1.5473038E+03   2.8000000E+02   2.6700000E+02   2.8135635E-02   2.8291531E-02
   1.5473113E+03   3.0800000E+02   2.9400000E+02   1.2404422E-02   1.3266025E-02
   1.5473189E+03   2.7800000E+02   2.6100000E+02   9.2989884E-03   7.2543455E-03
   1.5473264E+03   2.7200000E+02   2.6400000E+02   3.3493079E-02   3.3778257E-02
   1.5473339E+03   2.7800000E+02   2.6800000E+02   2.0589906E-02   2.0985204E-02
   1.5473415E+03   2.2500000E+02   2.2100000E+02   3.1576232E-02   3.2735285E-02
   1.5473490E+03   2.5800000E+02   2.5200000E+02   3.9499598E-02   3.9772889E-02
   1.5473565E+03   2.9600000E+02   2.8700000E+02   1.5998711E-02   1.2975004E-02
   1.5473640E+03   2.4300000E+02   2.4000000E+02   7.7912477E-03   7.8885004E-03
   1.5473716E+03   2.5400000E+02   2.4900000E+02   1.0850330E-02   1.1067982E-02
   1.5473791E+03   2.4400000E+02   2.4100000E+02   6.5246790E-03   6.6062018E-03
   1.5473866E+03   2.7100000E+02   2.6700000E+02   1.4235762E-02   1.4449096E-02
   1.5473942E+03   2.6800000E+02   2.6400000E+02   1.3008376E-02   1.3205447E-02
   1.5474017E+03   2.5600000E+02   2.5100000E+02   2.8988080E-02   2.9565597E-02
   1.5474092E+03   2.2400000E+02   2.2100000E+02   1.0545857E-02   1.0689033E-02
   1.5474167E+03   2.3900000E+02   2.3400000E+02   2.7437066E-02   2.8026825E-02
   1.5474243E+03   2.6300000E+02   2.5800000E+02   1.5111153E-02   1.5403939E-02
   1.5474318E+03   2.4600000E+02   2.4600000E+02   9.0198873E-03   9.0198873E-03
   1.5474393E+03   2.5400000E+02   2.5000000E+02   3.7844564E-03   3.8451176E-03
   1.5474468E+03   2.3800000E+02   2.3800000E+02   1.1825019E-02   1.1825019E-02
   1.5474544E+03   2.5200000E+02   2.4900000E+02   4.3642107E-02   4.4167940E-02
   1.5474619E+03   2.2300000E+02   2.1900000E+02   2.8002953E-03   2.8515105E-03
   1.5474694E+03   2.4000000E+02   2.3700000E+02   2.8313426E-02   2.8671769E-02
   1.5474770E+03   2.3100000E+02   2.3000000E+02   1.7057428E-02   1.7131417E-02
   1.5474845E+03   2.3900000E+02   2.3600000E+02   2.7061107E-02   2.7405077E-02
   1.5474920E+03   2.2600000E+02   2.2600000E+02   1.0903141E-02   1.0903141E-02
   1.5474995E+03   2.4700000E+02   2.4100000E+02   1.8857150E-02   1.9326688E-02
   1.5475071E+03   2.1200000E+02   2.0700000E+02   5.2119713E-03   5.3378458E-03
   1.5475146E+03   2.1700000E+02   2.1700000E+02   3.2018277E-02   3.2018277E-02
   1.5475221E+03   2.0800000E+02   2.0500000E+02   2.5320399E-02   2.5691088E-02
   1.5475297E+03   2.2700000E+02   2.2200000E+02   7.8394618E-03   8.0160663E-03
   1.5475372E+03   2.2500000E+02   2.2100000E+02   8.0341590E-03   8.1796528E-03
   1.5475447E+03   2.1600000E+02   2.1500000E+02   1.4723243E-02   1.4791789E-02
   1.5475522E+03   1.9700000E+02   1.9300000E+02   1.6580433E-02   1.6923714E-02
   1.5475598E+03   2.0600000E+02   2.0400000E+02   3.3032765E-02   3.3356701E-02
   1.5475673E+03   2.0100000E+02   1.9900000E+02   8.4969355E-03   8.5823277E-03
   1.5475748E+03   2.2200000E+02   2.1800000E+02   1.6405480E-02   1.6706448E-02
   1.5475824E+03   2.1500000E+02   2.1000000E+02   1.5052445E-02   1.5410731E-02
   1.5475899E+03   1.9200000E+02   1.9000000E+02   2.0186965E-02   2.0399455E-02
   1.5475974E+03   2.0000000E+02   1.9800000E+02   2.3047714E-02   2.3280522E-02
   1.5476049E+03   1.8000000E+02   1.7700000E+02   1.0857769E-02   1.1041643E-02
   1.5476125E+03   1.9200000E+02   1.8500000E+02   2.0045804E-02   2.0804343E-02
   1.5476200E+03   1.8300000E+02   1.8200000E+02   3.7009064E-03   3.7210692E-03
   1.5476275E+03   2.3300000E+02   2.3000000E+02   1.2931779E-02   1.3100448E-02
   1.5476351E+03   2.0900000E+02   2.0300000E+02   9.1874033E-03   9.4588319E-03
   1.5476426E+03   1.9900000E+02   1.9200000E+02   2.1033360E-02   2.1800465E-02
   1.5476501E+03   2.1300000E+02   2.1000000E+02   2.7984069E-02   2.8383820E-02
   1.5476576E+03   1.8300000E+02   1.8200000E+02   2.2889919E-02   2.3015676E-02
   1.5476652E+03   2.0100000E+02   1.9600000E+02   1.0933614E-02   1.1212493E-02
   1.5476727E+03   2.0800000E+02   2.0200000E+02   2.3060653E-02   2.3745842E-02
   1.5476802E+03   1.7800000E+02   1.7300000E+02   1.1662814E-02   1.1999911E-02
   1.5476878E+03   1.9000000E+02   1.8500000E+02   1.7491635E-02   1.7964405E-02
   1.5476953E+03   2.0200000E+02   1.9800000E+02   1.4502543E-02   1.4795614E-02
   1.5477028E+03   1.9600000E+02   1.8800000E+02   1.8688194E-02   1.9483476E-02
   1.5477103E+03   2.1200000E+02   2.0900000E+02   4.3245300E-03   4.3865725E-03
   1.5477179E+03   1.9000000E+02   1.8300000E+02   1.9184575E-02   1.9918542E-02
   1.5477254E+03   1.8000000E+02   1.8000000E+02   2.1654295E-03   2.1654295E-03
   1.5477329E+03   1.6700000E+02   1.6200000E+02   3.5155074E-02   3.6240212E-02
   1.5477405E+03   1.6400000E+02   1.5600000E+02   2.8056025E-02   2.9494736E-02
   1.5477480E+03   1.7000000E+02   1.6400000E+02   2.0231011E-02   2.0971119E-02
   1.5477555E+03   1.8800000E+02   1.8000000E+02   3.8882124E-03   4.0610153E-03
   1.5477630E+03   2.1300000E+02   2.0600000E+02   1.8756979E-02   1.9393456E-02
   1.5477706E+03   1.7300000E+02   1.6700000E+02   1.8268422E-02   1.8924904E-02
   1.5477781E+03   1.8700000E+02   1.8300000E+02   8.3333026E-03   8.5154276E-03
   1.5477856E+03   1.6900000E+02   1.6300000E+02   1.5322179E-03   1.5883445E-03
   1.5477932E+03   1.7500000E+02   1.6800000E+02   2.0697064E-02   2.1559392E-02
   1.5478007E+03   2.0600000E+02   1.9700000E+02   1.6986813E-02   1.7762988E-02
   1.5478082E+03   1.7700000E+02   1.6800000E+02   9.9308670E-03   1.0464373E-02
   1.5478157E+03   1.9000000E+02   1.8200000E+02   2.2108877E-02   2.3079349E-02
   1.5478233E+03   1.9100000E+02   1.8400000E+02   7.9616968E-03   8.2649087E-03
   1.5478308E+03   1.5600000E+02   1.4200000E+02   2.8566322E-02   3.1384403E-02
   1.5478383E+03   1.6300000E+02   1.5100000E+02   2.5971710E-02   2.8035971E-02
   1.5478459E+03   1.8700000E+02   1.7700000E+02   1.4017739E-02   1.4668781E-02
   1.5478534E+03   2.0700000E+02   1.9200000E+02   1.3677250E-02   1.4745776E-02
   1.5478609E+03   1.7600000E+02   1.6700000E+02   2.0563025E-02   2.1671641E-02
   1.5478684E+03   1.5900000E+02   1.4300000E+02   6.5460703E-03   7.2784028E-03
   1.5478760E+03   1.5100000E+02   1.4000000E+02   9.3084384E-03   1.0039810E-02
   1.5478835E+03   1.6700000E+02   1.5600000E+02   2.8709750E-02   3.0733663E-02
   1.5478910E+03   1.7900000E+02   1.6800000E+02   1.5152184E-02   1.6144219E-02
   1.5478985E+03   1.9200000E+02   1.7400000E+02   1.5133784E-02   1.6699343E-02
   1.5479061E+03   1.9100000E+02   1.8500000E+02   1.3786776E-02   1.4233669E-02
   1.5479136E+03   1.7900000E+02   1.7000000E+02   3.5269806E-02   3.7137141E-02
   1.5479211E+03   1.8500000E+02   1.7300000E+02   2.1864861E-02   2.3382002E-02
   1.5479287E+03   1.6600000E+02   1.5700000E+02   3.7300219E-02   3.9438297E-02
   1.5479362E+03   1.7600000E+02   1.6300000E+02   2.6092527E-02   2.8173250E-02
   1.5479437E+03   1.6100000E+02   1.5000000E+02   2.1357115E-02   2.2923284E-02
   1.5479512E+03   1.8000000E+02   1.6200000E+02   2.0141295E-02   2.2378991E-02
   1.5479588E+03   1.6200000E+02   1.4700000E+02   1.6019470E-03   1.7657003E-03
   1.5479663E+03   1.5700000E+02   1.4700000E+02   3.2748022E-02   3.4975845E-02
   1.5479738E+03   1.7100000E+02   1.5600000E+02   2.4437999E-02   2.6787710E-02
   1.5479814E+03   1.6900000E+02   1.6300000E+02   4.0138313E-03   4.1615378E-03
   1.5479889E+03   2.0600000E+02   1.8800000E+02   1.1584420E-02   1.2694068E-02
   1.5479964E+03   1.8000000E+02   1.6900000E+02   1.0881944E-02   1.1590056E-02
   1.5480039E+03   1.5700000E+02   1.4300000E+02   1.8298217E-02   2.0091912E-02
   1.5480115E+03   1.5700000E+02   1.3800000E+02   7.3041290E-03   8.7793870E-03
   1.5480190E+03   1.6400000E+02   1.4800000E+02   1.6972449E-02   1.8807110E-02
   1.5480265E+03   1.7900000E+02   1.5800000E+02   2.1710250E-02   2.4598048E-02
   1.5480341E+03   1.7500000E+02   1.5900000E+02   5.8342240E-03   6.4216113E-03
   1.5480416E+03   1.3700000E+02   1.2700000E+02   3.4107926E-02   3.6793856E-02
   1.5480491E+03   1.6600000E+02   1.5000000E+02   3.1984418E-02   3.5395026E-02
   1.5480566E+03   1.9300000E+02   1.7300000E+02   1.6598258E-02   1.8517366E-02
   1.5480642E+03   1.5700000E+02   1.3600000E+02   1.6568679E-04   2.0473635E-04
   1.5480717E+03   1.7400000E+02   1.5700000E+02   2.6088124E-02   2.8913133E-02
   1.5480792E+03   1.4800000E+02   1.3700000E+02   2.6876880E-02   2.9034715E-02
   1.5480868E+03   1.5200000E+02   1.3700000E+02   3.1602688E-02   3.5070633E-02
   1.5480943E+03   1.6500000E+02   1.4700000E+02   4.1263280E-03   4.6312328E-03
   1.5481018E+03   1.6800000E+02   1.4400000E+02   1.4204480E-02   1.6572253E-02
   1.5481093E+03   1.7600000E+02   1.5300000E+02   1.6165239E-02   1.8592194E-02
   1.5481169E+03   1.8800000E+02   1.6500000E+02   6.2100188E-03   7.0765175E-03
   1.5481244E+03   1.6000000E+02   1.3800000E+02   1.7153794E-02   1.9888722E-02
   1.5481319E+03   1.4600000E+02   1.2300000E+02   1.0942322E-02   1.2989651E-02
   1.5481395E+03   1.7000000E+02   1.6000000E+02   2.0866175E-02   2.2285561E-02
   1.5481470E+03   1.7000000E+02   1.4900000E+02   2.3539917E-02   2.6858266E-02
   1.5481545E+03   1.7600000E+02   1.5400000E+02   1.8985662E-02   2.1698383E-02
   1.5481620E+03   1.4600000E+02   1.2800000E+02   1.7775528E-02   2.0275268E-02
   1.5481696E+03   1.7000000E+02   1.5300000E+02   3.3910074E-02   3.7678070E-02
   1.5481771E+03   1.5500000E+02   1.3000000E+02   3.8386585E-02   4.5769025E-02
   1.5481846E+03   1.5100000E+02   1.2600000E+02   4.6679410E-03   5.5951292E-03
   1.5481922E+03   1.2700000E+02   1.1600000E+02   1.0554452E-02   1.1556342E-02
   1.5481997E+03   1.5600000E+02   1.4400000E+02   3.4035669E-02   3.6871525E-02
   1.5482072E+03   1.4000000E+02   1.2400000E+02   2.2672813E-02   2.5598253E-02
   1.5482147E+03   1.5900000E+02   1.4300000E+02   2.4571071E-02   2.7320035E-02
   1.5482223E+03   1.8000000E+02   1.6400000E+02   4.9493650E-02   5.4323411E-02
   1.5482298E+03   1.6700000E+02   1.3600000E+02   1.2425264E-02   1.5262498E-02
   1.5482373E+03   1.4800000E+02   1.3200000E+02   2.0934961E-02   2.3472922E-02
   1.5482449E+03   1.7400000E+02   1.5400000E+02   3.5248104E-02   3.9824898E-02
   1.5482524E+03   1.2300000E+02   1.0600000E+02   1.0553362E-02   1.2244615E-02
   1.5482599E+03   2.0400000E+02   1.8700000E+02   4.4647633E-02   4.8706666E-02
   1.5482674E+03   1.7000000E+02   1.4800000E+02   1.2492472E-02   1.4349767E-02
   1.5482750E+03   1.6700000E+02   1.4400000E+02   2.0521287E-02   2.3798900E-02
   1.5482825E+03   1.9100000E+02   1.6300000E+02   2.0211094E-02   2.3683211E-02
   1.5482900E+03   1.6700000E+02   1.4400000E+02   5.3661173E-03   6.2229132E-03
   1.5482976E+03   1.4200000E+02   1.1600000E+02   2.0275299E-02   2.4819957E-02
   1.5483051E+03   1.7500000E+02   1.5500000E+02   9.7885978E-03   1.1051944E-02
   1.5483126E+03   1.6700000E+02   1.5200000E+02   3.2652502E-02   3.5874733E-02
   1.5483201E+03   1.5000000E+02   1.2700000E+02   1.0174390E-02   1.2017147E-02
   1.5483277E+03   1.5600000E+02   1.2700000E+02   1.4056205E-02   1.7265817E-02
   1.5483352E+03   1.8900000E+02   1.6800000E+02   2.5945984E-03   2.9171995E-03
   1.5483427E+03   1.7700000E+02   1.5000000E+02   3.3314057E-03   3.9328855E-03
   1.5483502E+03   1.7100000E+02   1.4300000E+02   2.3799729E-02   2.8460873E-02
   1.5483578E+03   1.6500000E+02   1.3200000E+02   1.6827140E-02   2.1033592E-02
   1.5483653E+03   1.8600000E+02   1.6400000E+02   1.7920797E-02   2.0321860E-02
   1.5483728E+03   1.7200000E+02   1.3900000E+02   1.5397834E-02   1.9053055E-02
   1.5483804E+03   1.6300000E+02   1.3700000E+02   6.0575564E-03   7.2063664E-03
   1.5483879E+03   1.7500000E+02   1.4700000E+02   1.3533391E-02   1.6115164E-02
   1.5483954E+03   1.5100000E+02   1.3200000E+02   2.3751502E-02   2.7170429E-02
   1.5484029E+03   1.6600000E+02   1.4100000E+02   1.4174619E-02   1.6688798E-02
   1.5484105E+03   1.6700000E+02   1.2900000E+02   1.2551000E-02   1.6250205E-02
   1.5484180E+03   1.5900000E+02   1.3900000E+02   2.6364498E-02   3.0157534E-02
   1.5484255E+03   1.6200000E+02   1.4200000E+02   6.5232212E-03   7.4367905E-03
   1.5484331E+03   1.6800000E+02   1.4100000E+02   1.7514603E-02   2.0864988E-02
   1.5484406E+03   1.6200000E+02   1.2900000E+02   7.1990985E-03   9.0387887E-03
   1.5484481E+03   1.6600000E+02   1.3500000E+02   2.8929389E-02   3.5572132E-02
   1.5484556E+03   1.7700000E+02   1.4400000E+02   6.5263672E-03   8.0208111E-03
   1.5484632E+03   1.7200000E+02   1.3400000E+02   1.7199679E-02   2.2075706E-02
   1.5484707E+03   1.5500000E+02   1.2500000E+02   8.2669842E-03   1.0372978E-02
   1.5484782E+03   1.8200000E+02   1.5500000E+02   1.9120214E-02   2.2427391E-02
   1.5484858E+03   1.7000000E+02   1.4400000E+02   9.9121194E-03   1.1701856E-02
   1.5484933E+03   1.6100000E+02   1.3400000E+02   3.6312316E-03   4.3630294E-03
   1.5485008E+03   1.8700000E+02   1.5200000E+02   9.0769342E-03   1.1167511E-02
   1.5485083E+03   1.8900000E+02   1.5300000E+02   1.1991427E-02   1.4814807E-02
   1.5485159E+03   1.6600000E+02   1.3900000E+02   2.2672288E-02   2.7078425E-02
   1.5485234E+03   1.7300000E+02   1.4600000E+02   1.3314059E-02   1.5777015E-02
   1.5485309E+03   1.7300000E+02   1.4200000E+02   1.0404206E-02   1.2676181E-02
   1.5485385E+03   1.7900000E+02   1.4500000E+02   2.2283905E-02   2.7509810E-02
   1.5485460E+03   1.9800000E+02   1.7400000E+02   1.5732793E-02   1.7929217E-02
   1.5485535E+03   1.4100000E+02   1.1500000E+02   5.0940175E-03   6.1703510E-03
   1.5485610E+03   1.8500000E+02   1.4900000E+02   6.8662141E-03   8.5421360E-03
   1.5485686E+03   1.7900000E+02   1.4400000E+02   1.5609773E-02   1.9408498E-02
   1.5485761E+03   1.9400000E+02   1.5700000E+02   1.2637831E-02   1.5322416E-02
   1.5485836E+03   1.8600000E+02   1.3900000E+02   3.1162205E-02   4.1700240E-02
   1.5485912E+03   1.9700000E+02   1.5200000E+02   3.8409415E-03   4.9775539E-03
   1.5485987E+03   1.8500000E+02   1.4700000E+02   1.2667953E-02   1.5944764E-02
   1.5486062E+03   1.9200000E+02   1.4600000E+02   1.8455998E-02   2.3791878E-02
   1.5486137E+03   1.8100000E+02   1.4800000E+02   2.2628017E-02   2.7674922E-02
   1.5486213E+03   1.6400000E+02   1.2400000E+02   2.4618124E-03   3.2575648E-03
   1.5486288E+03   1.6200000E+02   1.3700000E+02   1.2999348E-02   1.5372209E-02
   1.5486363E+03   1.6700000E+02   1.3000000E+02   9.3668050E-03   1.1990416E-02
   1.5486439E+03   1.8600000E+02   1.5200000E+02   6.0251382E-03   7.3700560E-03
   1.5486514E+03   2.0800000E+02   1.5900000E+02   1.7090841E-02   2.2356640E-02
   1.5486589E+03   1.8400000E+02   1.4000000E+02   5.3056088E-03   6.9542460E-03
   1.5486664E+03   1.6100000E+02   1.2300000E+02   1.4856797E-02   1.9444171E-02
   1.5486740E+03   1.7500000E+02   1.3800000E+02   9.5067455E-03   1.2057687E-02
   1.5486815E+03   2.0100000E+02   1.4500000E+02   1.5749180E-02   2.1830841E-02
   1.5486890E+03   1.7900000E+02   1.3900000E+02   7.6896372E-03   9.9029428E-03
   1.5486966E+03   2.0300000E+02   1.4900000E+02   1.0812603E-02   1.4689991E-02
   1.5487041E+03   1.9100000E+02   1.3300000E+02   8.0966130E-03   1.1632241E-02
   1.5487116E+03   2.1700000E+02   1.7000000E+02   1.0090718E-02   1.2883504E-02
   1.5487191E+03   2.1100000E+02   1.5900000E+02   1.0229270E-02   1.3593657E-02
   1.5487267E+03   1.7100000E+02   1.3700000E+02   1.3495037E-02   1.6844755E-02
   1.5487342E+03   2.3600000E+02   1.6300000E+02   1.9314404E-02   2.7965131E-02
   1.5487417E+03   2.2400000E+02   1.6500000E+02   9.7105425E-03   1.3180436E-02
   1.5487493E+03   2.1500000E+02   1.6500000E+02   2.5137951E-03   3.2769228E-03
   1.5487568E+03   2.3600000E+02   1.8100000E+02   1.4292310E-02   1.8634645E-02
   1.5487643E+03   2.0400000E+02   1.4100000E+02   4.0279208E-03   5.8298751E-03
   1.5487718E+03   2.3400000E+02   1.5300000E+02   6.4233648E-03   9.6978793E-03
   1.5487794E+03   2.1400000E+02   1.5400000E+02   3.6875869E-03   5.1250303E-03
   1.5487869E+03   2.1600000E+02   1.5600000E+02   1.8250960E-02   2.5270335E-02
   1.5487944E+03   2.2300000E+02   1.4600000E+02   1.2875363E-02   1.9665341E-02
   1.5488019E+03   2.0400000E+02   1.4100000E+02   1.7517402E-02   2.5342731E-02
   1.5488095E+03   2.0400000E+02   1.3700000E+02   1.1034999E-02   1.5028588E-02
   1.5488170E+03   2.2100000E+02   1.5700000E+02   8.7005553E-03   1.2243700E-02
   1.5488245E+03   2.1000000E+02   1.4200000E+02   1.3569716E-02   2.1752037E-02
   1.5488321E+03   2.1000000E+02   1.4600000E+02   6.4636947E-03   9.3000311E-03
   1.5488396E+03   2.4900000E+02   1.7400000E+02   1.4645575E-02   2.0901920E-02
   1.5488471E+03   2.5700000E+02   1.8000000E+02   2.6181658E-03   3.4793255E-03
   1.5488546E+03   2.2900000E+02   1.5100000E+02   2.7469713E-03   4.1643129E-03
   1.5488622E+03   2.3200000E+02   1.6100000E+02   4.4501881E-03   6.3985903E-03
   1.5488697E+03   2.3500000E+02   1.5900000E+02   2.4705187E-03   3.6530437E-03
   1.5488772E+03   2.3400000E+02   1.7600000E+02   6.2669961E-03   8.3386294E-03
   1.5488848E+03   2.4200000E+02   1.7100000E+02   1.1723727E-02   1.6146288E-02
   1.5488923E+03   2.5300000E+02   1.6000000E+02   5.8990899E-03   9.3637836E-03
   1.5488998E+03   2.4600000E+02   1.5500000E+02   6.9532205E-03   1.1034910E-02
   1.5489073E+03   2.8700000E+02   1.8700000E+02   5.5126064E-03   8.4639216E-03
   1.5489149E+03   2.6200000E+02   1.8000000E+02   3.8208861E-03   5.6250663E-03
   1.5489224E+03   2.4200000E+02   1.6200000E+02   2.4642622E-03   3.6780584E-03
   1.5489299E+03   2.5600000E+02   1.6500000E+02   1.0724602E-02   1.6637429E-02
   1.5489375E+03   2.7300000E+02   1.8000000E+02   4.6762249E-03   7.0842410E-03
   1.5489450E+03   2.5700000E+02   1.5800000E+02   3.1859140E-03   5.1776976E-03
   1.5489525E+03   2.7200000E+02   1.8500000E+02   1.7529033E-03   2.5814666E-03
   1.5489600E+03   2.7100000E+02   1.7000000E+02   2.9390687E-03   3.9805090E-03
   1.5489676E+03   2.7100000E+02   1.7500000E+02   7.1177969E-03   1.1025568E-02
   1.5489751E+03   2.8000000E+02   1.7800000E+02   3.6053849E-03   5.2721897E-03
   1.5489826E+03   3.1500000E+02   2.0500000E+02   5.9092640E-03   9.0798013E-03
   1.5489902E+03   3.0300000E+02   1.7500000E+02   6.9146042E-03   1.1791797E-02
   1.5489977E+03   2.9200000E+02   1.9800000E+02   4.1100709E-03   6.0631353E-03
   1.5490052E+03   3.1000000E+02   2.0600000E+02   3.3785637E-03   5.5300330E-03
   1.5490127E+03   2.9700000E+02   2.0900000E+02   4.0650956E-03   5.7805406E-03
   1.5490203E+03   2.9300000E+02   1.8600000E+02   3.0342595E-03   4.7779056E-03
   1.5490278E+03   2.8800000E+02   1.8900000E+02   5.8870913E-03   8.9725469E-03
   1.5490353E+03   3.4200000E+02   2.1900000E+02   6.2570820E-03   9.9396891E-03
   1.5490429E+03   2.9500000E+02   1.7900000E+02   5.1827970E-03   8.5406204E-03
   1.5490504E+03   3.2800000E+02   2.2700000E+02   1.8968191E-03   2.7199420E-03
   1.5490579E+03   2.9400000E+02   1.8000000E+02   5.1614668E-03   7.8282241E-03
   1.5490654E+03   3.0700000E+02   1.8500000E+02   6.1531679E-03   1.0209313E-02
   1.5490730E+03   3.2000000E+02   2.2200000E+02   7.6985361E-03   1.1097045E-02
   1.5490805E+03   3.2800000E+02   2.2700000E+02   1.9459159E-03   2.8143750E-03
   1.5490880E+03   3.5400000E+02   2.4100000E+02   1.6386423E-03   2.3976199E-03
   1.5490956E+03   3.3800000E+02   2.1500000E+02   3.7638840E-03   5.9184173E-03
   1.5491031E+03   3.4000000E+02   2.2900000E+02   5.0829088E-03   7.5459739E-03
   1.5491106E+03   3.6100000E+02   2.3800000E+02   2.7125051E-03   4.1138416E-03
   1.5491181E+03   3.6100000E+02   2.3700000E+02   2.7464395E-03   4.1811680E-03
   1.5491257E+03   3.6000000E+02   2.3600000E+02   3.8373887E-03   5.8531822E-03
   1.5491332E+03   3.5600000E+02   2.2900000E+02   1.6281964E-03   2.5176734E-03
   1.5491407E+03   3.5200000E+02   2.3600000E+02   9.1081230E-03   1.3361590E-02
   1.5491483E+03   3.1000000E+02   2.1900000E+02   2.6062551E-03   3.6730814E-03
   1.5491558E+03   3.6100000E+02   2.2700000E+02   1.9249013E-03   3.0590625E-03
   1.5491633E+03   3.7100000E+02   2.4700000E+02   3.3737536E-03   5.0706352E-03
   1.5491708E+03   3.5000000E+02   2.5600000E+02   4.7456394E-03   6.4858469E-03
   1.5491784E+03   3.6300000E+02   2.4500000E+02   3.1377963E-03   4.6469227E-03
   1.5491859E+03   3.9000000E+02   2.4400000E+02   6.3886667E-04   9.7636961E-04
   1.5491934E+03   3.4800000E+02   2.3700000E+02   8.8305547E-04   1.2921055E-03
   1.5492010E+03   3.9600000E+02   2.6300000E+02   2.3869432E-03   3.5922988E-03
   1.5492085E+03   4.0500000E+02   2.6100000E+02   9.9350821E-04   1.5627334E-03
   1.5492160E+03   3.7300000E+02   2.3500000E+02   3.2401385E-03   5.4019070E-03
   1.5492235E+03   3.9200000E+02   2.5800000E+02   4.0121161E-03   5.8215549E-03
   1.5492311E+03   3.7800000E+02   2.5100000E+02   1.6637507E-03   2.5027830E-03
   1.5492386E+03   3.8600000E+02   2.5400000E+02   2.0083441E-03   3.1341253E-03
   1.5492461E+03   3.9800000E+02   2.4600000E+02   3.6391362E-03   5.8876149E-03
   1.5492536E+03   3.9800000E+02   2.6300000E+02   3.5537101E-03   5.3551169E-03
   1.5492612E+03   3.8900000E+02   2.5900000E+02   2.1914121E-03   2.5906931E-03
   1.5492687E+03   4.2200000E+02   2.6900000E+02   1.5051888E-03   2.1964056E-03
   1.5492762E+03   3.9800000E+02   2.6200000E+02   4.5063905E-03   6.9171833E-03
   1.5492838E+03   4.0400000E+02   2.7000000E+02   1.3598650E-03   2.3109284E-03
   1.5492913E+03   4.1700000E+02   2.8700000E+02   7.9447944E-04   1.2261821E-03
   1.5492988E+03   4.3400000E+02   2.8900000E+02   3.1122931E-03   4.3123340E-03
   1.5493063E+03   4.1200000E+02   2.8000000E+02   3.7105497E-03   3.5348612E-03
   1.5493139E+03   4.2400000E+02   2.9700000E+02   1.2952823E-03   2.3146755E-03
   1.5493214E+03   4.5000000E+02   3.1300000E+02   1.8766445E-03   2.7155675E-03
   1.5493289E+03   4.1300000E+02   2.8900000E+02   2.6333082E-03   3.2090766E-03
   1.5493365E+03   4.6000000E+02   3.2400000E+02   3.1608955E-03   4.4884567E-03
   1.5493440E+03   4.5400000E+02   2.8500000E+02   3.0552182E-04   4.1728396E-04
   1.5493515E+03   4.3100000E+02   2.7900000E+02   2.1531848E-03   4.4658755E-03
   1.5493590E+03   4.8500000E+02   3.3500000E+02   2.7302878E-03   3.9507913E-03
   1.5493666E+03   4.7200000E+02   3.2200000E+02   2.2871997E-03   3.3519402E-03
   1.5493741E+03   4.5900000E+02   2.9300000E+02   2.1800824E-03   2.6727169E-03
   1.5493816E+03   4.6500000E+02   3.1200000E+02   1.5483578E-03   2.9009628E-03
   1.5493892E+03   5.1700000E+02   3.3400000E+02   5.9838771E-04   9.2284335E-04
   1.5493967E+03   4.9100000E+02   3.3800000E+02   6.5155712E-04   6.7457686E-04
   1.5494042E+03   4.8800000E+02   3.2400000E+02   2.2780922E-03   3.2505394E-03
   1.5494117E+03   4.8800000E+02   3.3500000E+02   1.5679941E-03   2.1453859E-03
   1.5494193E+03   4.9000000E+02   3.3600000E+02   1.3576213E-03   1.9808047E-03
   1.5494268E+03   5.0400000E+02   3.5700000E+02   5.9404314E-04   8.7484038E-04
   1.5494343E+03   4.5400000E+02   3.1400000E+02   6.2647077E-04   9.0046472E-04
   1.5494419E+03   4.9200000E+02   3.4900000E+02   9.0284070E-04   9.9925728E-04
   1.5494494E+03   5.2100000E+02   3.7200000E+02   1.2316276E-03   1.7266638E-03
   1.5494569E+03   5.0200000E+02   3.6000000E+02   2.4674504E-03   3.2780682E-03
   1.5494644E+03   5.6900000E+02   4.0900000E+02   6.8198877E-04   1.2072829E-03
   1.5494720E+03   4.8600000E+02   3.2500000E+02   1.7385498E-03   2.5994208E-03
   1.5494795E+03   5.3700000E+02   3.7600000E+02   6.1734079E-04   8.6962692E-04
   1.5494870E+03   5.1700000E+02   3.6700000E+02   1.2175358E-03   1.7660149E-03
   1.5494946E+03   4.9900000E+02   3.6200000E+02   1.8785574E-03   2.3237515E-03
   1.5495021E+03   4.9800000E+02   3.3500000E+02   1.3510932E-03   8.3311642E-04
   1.5495096E+03   5.0500000E+02   3.4100000E+02   5.1004699E-04   8.1953399E-04
   1.5495171E+03   5.5600000E+02   3.8900000E+02   6.2837897E-04   9.9663966E-04
   1.5495247E+03   5.4000000E+02   3.7800000E+02   3.4584626E-05   1.0789527E-03
   1.5495322E+03   5.1100000E+02   3.6100000E+02   1.1616724E-03   1.6453529E-03
   1.5495397E+03   5.9100000E+02   4.0100000E+02   2.0630898E-03   3.6701164E-03
   1.5495473E+03   5.6100000E+02   4.0800000E+02   1.4273280E-03   1.0349609E-03
   1.5495548E+03   5.5900000E+02   4.0100000E+02   2.3005485E-03   3.2952645E-03
   1.5495623E+03   5.3300000E+02   3.8500000E+02   2.4374942E-03   3.3631023E-03
   1.5495698E+03   5.5400000E+02   3.8100000E+02   6.8384316E-04   9.9268927E-04
   1.5495774E+03   5.3600000E+02   3.6900000E+02   5.2132592E-04   7.5536427E-04
   1.5495849E+03   5.9800000E+02   4.0300000E+02   1.7071365E-04   2.5407797E-04
   1.5495924E+03   5.8000000E+02   4.1000000E+02   1.3375839E-03   1.7262797E-03
   1.5496000E+03   5.7000000E+02   4.1200000E+02   8.6113433E-04   1.0383460E-03
   1.5496075E+03   5.9600000E+02   4.0900000E+02   6.2446955E-04   9.2064372E-04
   1.5496150E+03   5.3900000E+02   4.0400000E+02   4.4640627E-05   5.1365690E-04
   1.5496225E+03   5.6600000E+02   4.1100000E+02   4.6207738E-04   7.9357079E-04
   1.5496301E+03   6.0700000E+02   4.5300000E+02   8.1461622E-04   1.1491898E-03
   1.5496376E+03   5.9000000E+02   4.1700000E+02   1.7700547E-03   2.0595296E-03
   1.5496451E+03   6.2100000E+02   4.4600000E+02   1.8036108E-03   2.8800762E-03
   1.5496527E+03   6.1000000E+02   4.3500000E+02   1.0293584E-03   1.4415515E-03
   1.5496602E+03   6.6900000E+02   4.8900000E+02   1.3139473E-03   1.0503807E-03
   1.5496677E+03   6.6200000E+02   4.5100000E+02   4.6440061E-04   4.1048769E-04
   1.5496752E+03   6.0100000E+02   4.2400000E+02   1.2190079E-03   1.7286282E-03
   1.5496828E+03   6.3600000E+02   4.3900000E+02   1.4061185E-03   2.0341591E-03
   1.5496903E+03   6.4500000E+02   4.5500000E+02   9.6724291E-04   1.3695495E-03
   1.5496978E+03   6.3300000E+02   4.6600000E+02   4.9922912E-04   6.4954853E-04
   1.5497053E+03   6.0000000E+02   4.3100000E+02   6.7322912E-04   5.1623093E-04
   1.5497129E+03   6.4000000E+02   4.6900000E+02   1.1941945E-03   7.1745792E-04
   1.5497204E+03   6.2100000E+02   4.3400000E+02   1.4814801E-03   2.3489923E-03
   1.5497279E+03   6.5500000E+02   4.8800000E+02   3.8133192E-04   5.1119249E-04
   1.5497355E+03   6.6200000E+02   4.7500000E+02   1.3083242E-03   1.8233618E-03
   1.5497430E+03   6.6200000E+02   4.9100000E+02   1.5661721E-03   2.3567392E-03
   1.5497505E+03   6.6700000E+02   4.7000000E+02   9.6853873E-04   1.3642325E-03
   1.5497580E+03   6.4600000E+02   4.7000000E+02   2.8000926E-04   2.7577147E-04
   1.5497656E+03   6.9600000E+02   5.1600000E+02   5.1178152E-04   6.8341160E-04
   1.5497731E+03   6.3100000E+02   4.7000000E+02   1.5424512E-03   1.9225768E-03
   1.5497806E+03   6.7200000E+02   4.9800000E+02   1.1115618E-03   1.2630431E-03
   1.5497882E+03   7.0800000E+02   5.1100000E+02   5.1068619E-04   7.0603189E-04
   1.5497957E+03   6.6700000E+02   4.9100000E+02   1.1404566E-03   1.5551468E-03
   1.5498032E+03   6.9500000E+02   5.2700000E+02   9.3163217E-04   1.2317839E-03
   1.5498107E+03   7.0700000E+02   5.2800000E+02   1.4985220E-03   2.3463261E-03
   1.5498183E+03   6.6400000E+02   5.0100000E+02   6.3463582E-04   6.3180881E-04
   1.5498258E+03   6.9500000E+02   5.0600000E+02   1.2515631E-03   1.3344015E-03
   1.5498333E+03   7.1700000E+02   5.2200000E+02   6.7543229E-04   5.6232296E-04
   1.5498409E+03   6.9000000E+02   5.0300000E+02   5.8294897E-04   7.5265794E-04
   1.5498484E+03   6.8300000E+02   4.9700000E+02   7.2427475E-04   1.1875886E-03
   1.5498559E+03   6.9100000E+02   5.1800000E+02   1.6618695E-03   1.6827646E-03
   1.5498634E+03   6.8300000E+02   5.1600000E+02   9.4782335E-04   1.2202247E-03
   1.5498710E+03   6.9600000E+02   5.1700000E+02   1.7493670E-03   1.7388270E-03
   1.5498785E+03   7.0500000E+02   5.2000000E+02   6.6941478E-04   3.8051077E-04
   1.5498860E+03   6.6700000E+02   4.9100000E+02   9.0104294E-04   1.2221352E-03
   1.5498936E+03   7.3200000E+02   5.4000000E+02   7.2984447E-04   1.0721967E-03
   1.5499011E+03   7.3500000E+02   5.3700000E+02   4.3070111E-04   7.4308777E-04
   1.5499086E+03   7.8400000E+02   6.1500000E+02   7.5981218E-04   1.0051556E-03
   1.5499161E+03   6.5900000E+02   4.9600000E+02   5.3263086E-04   5.4786612E-04
   1.5499237E+03   6.9500000E+02   5.0600000E+02   7.5415301E-04   1.0365739E-03
   1.5499312E+03   7.7700000E+02   5.9400000E+02   8.8331462E-05   1.6789466E-04
   1.5499387E+03   7.2300000E+02   5.3400000E+02   5.5951895E-04   7.9255858E-04
   1.5499463E+03   7.4300000E+02   5.6000000E+02   4.1622706E-04   5.2080287E-04
   1.5499538E+03   7.0600000E+02   5.2700000E+02   4.4147464E-04   5.7953963E-04
   1.5499613E+03   7.6800000E+02   5.7400000E+02   4.0944338E-04   5.4470944E-04
   1.5499688E+03   7.6300000E+02   5.5000000E+02   5.3849650E-04   3.6223498E-04
   1.5499764E+03   7.7500000E+02   5.8200000E+02   5.4160679E-04   7.2314779E-04
   1.5499839E+03   7.3100000E+02   5.4400000E+02   6.5727232E-04   5.7667353E-04
   1.5499914E+03   8.3400000E+02   6.0100000E+02   7.0509026E-04   8.7995727E-04
   1.5499990E+03   7.9100000E+02   5.8500000E+02   2.0402827E-03   1.9792886E-03
   1.5500065E+03   7.7900000E+02   5.6500000E+02   1.1150905E-03   1.7659548E-03
   1.5500140E+03   7.8500000E+02   5.7600000E+02   4.0018279E-04   3.3287737E-04
   1.5500215E+03   8.4000000E+02   6.1700000E+02   7.3602100E-04   7.1676274E-04
   1.5500291E+03   7.6800000E+02   5.6300000E+02   2.5712645E-04   3.4513917E-04
   1.5500366E+03   8.0500000E+02   5.9900000E+02   1.4037836E-03   1.6720356E-03
   1.5500441E+03   8.0500000E+02   5.7800000E+02   8.4223222E-04   1.1596984E-03
   1.5500517E+03   8.2800000E+02   6.0300000E+02   1.6863725E-04   6.5609177E-04
   1.5500592E+03   8.2700000E+02   6.2800000E+02   1.4208525E-03   1.3350603E-03
   1.5500667E+03   7.9800000E+02   5.8400000E+02   3.2824494E-04   3.2280043E-04
   1.5500742E+03   8.0900000E+02   6.0800000E+02   5.4371110E-04   7.1622807E-04
   1.5500818E+03   8.2400000E+02   6.0400000E+02   2.8261973E-04   2.8465386E-04
   1.5500893E+03   8.6500000E+02   6.3300000E+02   8.8986474E-04   1.2182017E-03
   1.5500968E+03   8.6700000E+02   6.4000000E+02   3.0697700E-04   5.6229890E-04
   1.5501044E+03   8.4300000E+02   6.1200000E+02   9.1427705E-04   1.2587404E-03
   1.5501119E+03   8.5900000E+02   6.1800000E+02   5.3036467E-04   7.0443754E-04
   1.5501194E+03   8.4300000E+02   6.0200000E+02   3.5817964E-04   5.0481128E-04
   1.5501269E+03   8.4600000E+02   6.1200000E+02   2.1939630E-04   4.3088759E-04
   1.5501345E+03   8.5500000E+02   5.8600000E+02   5.4332932E-04   7.9917202E-04
   1.5501420E+03   8.6200000E+02   6.3000000E+02   3.9676421E-04   3.9573274E-04
   1.5501495E+03   8.5200000E+02   6.2400000E+02   1.3578631E-03   1.0071196E-03
   1.5501571E+03   8.6700000E+02   6.2600000E+02   2.6910821E-04   3.8121290E-04
   1.5501646E+03   8.5100000E+02   6.1500000E+02   7.6221750E-04   8.9231522E-04
   1.5501721E+03   8.8800000E+02   6.4800000E+02   5.1570018E-04   7.0572155E-04
   1.5501796E+03   8.5800000E+02   6.0400000E+02   4.8697457E-04   5.3306904E-04
   1.5501872E+03   9.2000000E+02   6.6100000E+02   6.3664873E-04   9.2416314E-04
   1.5501947E+03   9.2300000E+02   6.6600000E+02   5.7682433E-04   7.0445870E-04
   1.5502022E+03   8.9800000E+02   6.4300000E+02   3.4806910E-04   4.8061603E-04
   1.5502097E+03   8.6100000E+02   6.2600000E+02   2.5905091E-04   3.4946742E-04
   1.5502173E+03   8.9900000E+02   6.4500000E+02   3.5730365E-04   5.2394222E-04
   1.5502248E+03   9.1400000E+02   6.6600000E+02   5.5821449E-04   7.6672361E-04
   1.5502323E+03   9.8600000E+02   7.2300000E+02   9.0380433E-04   1.2333471E-03
   1.5502399E+03   9.3800000E+02   6.6900000E+02   6.0903664E-04   5.0244550E-04
   1.5502474E+03   9.3200000E+02   6.6200000E+02   1.9794904E-04   2.7872752E-04
   1.5502549E+03   9.3900000E+02   6.6100000E+02   3.2787026E-04   4.6430624E-04
   1.5502624E+03   1.0020000E+03   7.0100000E+02   5.4855744E-04   7.9405076E-04
   1.5502700E+03   9.5500000E+02   6.6400000E+02   7.6241923E-04   1.0898731E-03
   1.5502775E+03   9.7800000E+02   6.8400000E+02   8.6239193E-04   1.0248505E-03
   1.5502850E+03   9.8100000E+02   6.8600000E+02   1.7996223E-04   2.7768588E-04
   1.5502926E+03   9.1900000E+02   6.3100000E+02   2.6112782E-04   3.3520332E-04
   1.5503001E+03   1.0080000E+03   7.1300000E+02   3.7528631E-04   5.3644221E-04
   1.5503076E+03   9.9700000E+02   6.9100000E+02   3.9610534E-04   7.5257241E-04
   1.5503151E+03   9.7300000E+02   6.6500000E+02   2.5985172E-04   3.6119224E-04
   1.5503227E+03   9.8400000E+02   6.8700000E+02   1.2164099E-04   1.6742931E-04
   1.5503302E+03   9.7800000E+02   6.9000000E+02   9.6608736E-04   9.4711960E-04
   1.5503377E+03   1.0260000E+03   7.2400000E+02   1.0147433E-04   1.3033180E-04
   1.5503453E+03   1.0230000E+03   6.9600000E+02   3.4601501E-04   1.0587414E-04
   1.5503528E+03   1.0020000E+03   6.7000000E+02   8.3006434E-04   7.3740702E-04
   1.5503603E+03   9.8900000E+02   6.7000000E+02   6.1004375E-04   9.0712071E-04
   1.5503678E+03   9.7700000E+02   6.6400000E+02   8.2617876E-04   1.2135932E-03
   1.5503754E+03   1.0410000E+03   7.0000000E+02   3.9628218E-04   8.6674211E-04
   1.5503829E+03   1.0730000E+03   7.3000000E+02   3.4877313E-04   4.8489336E-04
   1.5503904E+03   1.0950000E+03   7.2200000E+02   5.0317751E-04   7.6799255E-04
   1.5503980E+03   1.0620000E+03   6.9600000E+02   1.0029976E-03   1.2464520E-03
   1.5504055E+03   1.0940000E+03   6.9300000E+02   8.9522067E-04   8.5612722E-04
   1.5504130E+03   1.0870000E+03   7.2000000E+02   3.1896412E-04   5.3027524E-04
   1.5504205E+03   1.0660000E+03   6.8800000E+02   7.2865084E-04   9.1267052E-04
   1.5504281E+03   1.1220000E+03   7.0900000E+02   2.5842023E-04   4.0866772E-04
   1.5504356E+03   1.1690000E+03   7.1400000E+02   7.5546214E-04   1.2691514E-03
   1.5504431E+03   1.1530000E+03   7.2300000E+02   2.7810907E-04   5.5472881E-04
   1.5504507E+03   1.1350000E+03   7.0600000E+02   9.7704276E-04   1.5691937E-03
   1.5504582E+03   1.1460000E+03   6.8500000E+02   4.2735482E-04   7.1463945E-04
   1.5504657E+03   1.2260000E+03   7.2000000E+02   2.4931440E-04   1.4156846E-04
   1.5504732E+03   1.2180000E+03   7.3800000E+02   3.2944438E-04   5.4481013E-04
   1.5504808E+03   1.2480000E+03   6.9500000E+02   4.6582963E-04   8.3672354E-04
   1.5504883E+03   1.2740000E+03   6.9800000E+02   7.9552035E-05   1.5524813E-04
   1.5504958E+03   1.3400000E+03   7.2300000E+02   1.5883071E-04   1.4060061E-04
   1.5505034E+03   1.3790000E+03   7.4500000E+02   7.0751335E-04   1.1451332E-03
   1.5505109E+03   1.3720000E+03   7.1900000E+02   2.2520419E-04   2.0814377E-04
   1.5505184E+03   1.3520000E+03   7.2000000E+02   4.6749611E-04   8.7495783E-04
   1.5505259E+03   1.4220000E+03   7.0900000E+02   4.0167676E-04   6.4669076E-04
   1.5505335E+03   1.5560000E+03   8.1600000E+02   3.6501033E-04   8.5707765E-04
   1.5505410E+03   1.5770000E+03   7.4500000E+02   5.8094027E-04   4.9184609E-04
   1.5505485E+03   1.5200000E+03   7.0200000E+02   5.2395788E-05   3.0509138E-04
   1.5505561E+03   1.5480000E+03   7.2500000E+02   3.9370120E-04   1.2954337E-03
   1.5505636E+03   1.5640000E+03   7.2700000E+02   1.2658428E-04   2.6930712E-04
   1.5505711E+03   1.6100000E+03   7.5700000E+02   1.3178710E-04   1.8725296E-04
   1.5505786E+03   1.6850000E+03   7.6400000E+02   2.9856395E-04   5.0997184E-04
   1.5505862E+03   1.6780000E+03   7.1600000E+02   1.5486177E-04   1.9584756E-04
   1.5505937E+03   1.8040000E+03   7.6800000E+02   2.3334793E-04   9.4683431E-04
   1.5506012E+03   1.8600000E+03   7.9400000E+02   4.9977124E-04   3.4500944E-04
   1.5506087E+03   1.8590000E+03   7.5900000E+02   7.6243596E-05   7.8129174E-05
   1.5506163E+03   1.9140000E+03   7.9300000E+02   1.9878428E-04   6.0428210E-04
   1.5506238E+03   1.9440000E+03   7.7500000E+02   2.4690110E-04   7.4740733E-04
   1.5506313E+03   1.9560000E+03   7.6600000E+02   2.6874486E-04   5.3046319E-04
   1.5506389E+03   1.8830000E+03   7.8300000E+02   4.2864416E-04   7.5068769E-04
   1.5506464E+03   2.0270000E+03   7.9200000E+02   3.0558098E-04   6.1487706E-04
   1.5506539E+03   2.0380000E+03   7.4900000E+02   2.0470128E-04   4.2793462E-04
   1.5506614E+03   2.0430000E+03   8.1800000E+02   3.4914866E-04   8.3865055E-04
   1.5506690E+03   2.0470000E+03   7.9500000E+02   4.4354862E-04   6.2835642E-04
   1.5506765E+03   2.0620000E+03   7.3400000E+02   9.4822946E-04   1.1227575E-03
   1.5506840E+03   2.0990000E+03   7.7200000E+02   5.6022987E-04   1.3438798E-03
   1.5506916E+03   2.0620000E+03   7.7000000E+02   8.8303852E-04   1.4668488E-03
   1.5506991E+03   2.1750000E+03   8.0900000E+02   3.0215178E-04   5.3478106E-04
   1.5507066E+03   2.2400000E+03   8.3800000E+02   2.4662750E-04   2.4166031E-04
   1.5507141E+03   2.1620000E+03   7.9000000E+02   2.3901938E-04   1.3533076E-04
   1.5507217E+03   2.1310000E+03   8.2200000E+02   8.7177839E-04   1.7416849E-03
   1.5507292E+03   2.1600000E+03   7.7800000E+02   4.6221524E-04   9.3780489E-04
   1.5507367E+03   2.2250000E+03   8.2300000E+02   4.7214473E-04   1.2414478E-03
   1.5507443E+03   2.1440000E+03   7.5000000E+02   9.7442811E-05   8.9440494E-04
   1.5507518E+03   2.2850000E+03   8.2100000E+02   1.2615257E-04   1.9957552E-04
   1.5507593E+03   2.2990000E+03   8.2000000E+02   4.5438173E-04   9.0597780E-04
   1.5507668E+03   2.1980000E+03   7.5100000E+02   2.5437693E-04   6.2403921E-05
   1.5507744E+03   2.2910000E+03   8.1700000E+02   2.6392450E-04   5.6122958E-04
   1.5507819E+03   2.2360000E+03   7.6200000E+02   2.4671385E-04   5.8746567E-04
   1.5507894E+03   2.2520000E+03   8.3200000E+02   3.4634115E-04   3.0546655E-05
   1.5507970E+03   2.2810000E+03   8.4700000E+02   6.2916495E-04   8.9644762E-04
   1.5508045E+03   2.3070000E+03   8.0200000E+02   1.4805464E-04   3.7332913E-04
   1.5508120E+03   2.2700000E+03   7.8500000E+02   4.2392369E-04   1.1130901E-03
   1.5508195E+03   2.3070000E+03   7.4200000E+02   5.4905685E-04   2.6595736E-04
   1.5508271E+03   2.2670000E+03   7.8100000E+02   6.9253773E-05   6.2513681E-04
   1.5508346E+03   2.3000000E+03   8.2700000E+02   5.3734542E-04   4.0656871E-04
   1.5508421E+03   2.3470000E+03   8.1400000E+02   6.0011871E-05   1.8534400E-04
   1.5508497E+03   2.2330000E+03   7.6600000E+02   1.8945280E-04   5.1986581E-04
   1.5508572E+03   2.3010000E+03   8.0800000E+02   1.7814495E-04   2.8876176E-04
   1.5508647E+03   2.2990000E+03   7.9300000E+02   2.9102378E-04   8.3823424E-04
   1.5508722E+03   2.3300000E+03   7.9400000E+02   3.0265860E-04   8.5968233E-04
   1.5508798E+03   2.2680000E+03   7.8700000E+02   2.3995354E-04   4.2408585E-04
   1.5508873E+03   2.3440000E+03   7.7200000E+02   4.0640230E-04   5.8978699E-04
   1.5508948E+03   2.3880000E+03   8.2100000E+02   4.8614740E-04   8.2187403E-04
   1.5509024E+03   2.4210000E+03   8.2700000E+02   1.2411284E-04   2.0027932E-04
   1.5509099E+03   2.4540000E+03   7.9000000E+02   2.0752216E-04   1.8504743E-04
   1.5509174E+03   2.3650000E+03   8.1600000E+02   1.9412480E-04   3.9850753E-04
   1.5509249E+03   2.4620000E+03   8.7800000E+02   1.1622200E-04   6.4236006E-04
   1.5509325E+03   2.4220000E+03   8.3900000E+02   1.2858339E-04   3.6402009E-04
   1.5509400E+03   2.3530000E+03   8.1600000E+02   1.7126965E-04   2.1617188E-04
   1.5509475E+03   2.4490000E+03   8.2000000E+02   2.0505485E-04   6.1496670E-04
   1.5509551E+03   2.4250000E+03   8.3400000E+02   9.2507631E-05   7.5964516E-05
   1.5509626E+03   2.3490000E+03   7.9900000E+02   4.1939890E-04   5.3822060E-04
   1.5509701E+03   2.4000000E+03   8.1700000E+02   1.3632020E-04   3.7799061E-04
   1.5509776E+03   2.4500000E+03   8.5400000E+02   1.3680789E-04   5.6690211E-04
   1.5509852E+03   2.4270000E+03   7.7800000E+02   5.3372288E-04   6.1941128E-04
   1.5509927E+03   2.5120000E+03   8.3500000E+02   4.9803132E-05   3.2429314E-04
   1.5510002E+03   2.4180000E+03   8.0700000E+02   3.8742775E-04   1.1590524E-03
   1.5510078E+03   2.4000000E+03   8.0600000E+02   1.9166772E-04   9.0561898E-04
   1.5510153E+03   2.4410000E+03   8.2100000E+02   2.8006491E-04   8.1314751E-04
   1.5510228E+03   2.5260000E+03   8.6500000E+02   6.8702758E-05   1.9729795E-04
   1.5510303E+03   2.3440000E+03   7.4300000E+02   8.4334627E-05   2.6244578E-04
   1.5510379E+03   2.5640000E+03   8.6700000E+02   2.2975371E-04   4.5997209E-04
   1.5510454E+03   2.5220000E+03   8.2900000E+02   1.2717080E-04   3.8669165E-04
   1.5510529E+03   2.4200000E+03   8.2500000E+02   2.6751693E-04   7.8650666E-04
   1.5510604E+03   2.5010000E+03   8.2600000E+02   4.1585296E-05   8.0238631E-04
   1.5510680E+03   2.5510000E+03   8.4000000E+02   2.9559465E-04   9.0514063E-04
   1.5510755E+03   2.3790000E+03   8.1100000E+02   4.2301903E-04   1.2545749E-03
   1.5510830E+03   2.4410000E+03   8.4500000E+02   4.2238407E-04   8.3787529E-04
   1.5510906E+03   2.3630000E+03   7.7400000E+02   2.5927400E-04   5.2283742E-04
   1.5510981E+03   2.4240000E+03   7.9700000E+02   1.9524284E-04   3.9657870E-04
   1.5511056E+03   2.3970000E+03   7.8400000E+02   9.7153036E-05   4.2107130E-04
   1.5511131E+03   2.4950000E+03   8.2500000E+02   1.8035372E-04   5.4735001E-04
   1.5511207E+03   2.3110000E+03   7.8800000E+02   7.6426030E-05   2.0775148E-04
   1.5511282E+03   2.4030000E+03   8.5700000E+02   2.7778502E-04   8.1773783E-04
   1.5511357E+03   2.3850000E+03   7.9000000E+02   2.5136772E-04   3.2660177E-04
   1.5511433E+03   2.4160000E+03   8.1100000E+02   1.9823824E-04   3.8785979E-04
   1.5511508E+03   2.4500000E+03   8.3000000E+02   1.1960924E-04   4.1824013E-04
   1.5511583E+03   2.3630000E+03   8.4400000E+02   2.7095891E-04   7.5244386E-04
   1.5511658E+03   2.3550000E+03   8.4400000E+02   1.2802660E-04   9.4860384E-05
   1.5511734E+03   2.3830000E+03   7.8900000E+02   2.9435878E-04   8.9986708E-04
   1.5511809E+03   2.4150000E+03   8.1200000E+02   2.4640210E-04   7.3518371E-04
   1.5511884E+03   2.4330000E+03   8.4000000E+02   5.3559695E-05   1.2323627E-04
   1.5511960E+03   2.4990000E+03   8.7500000E+02   2.1395494E-04   5.5005007E-04
   1.5512035E+03   2.2940000E+03   8.0600000E+02   3.6331742E-04   1.0141354E-03
   1.5512110E+03   2.3900000E+03   8.4500000E+02   3.7352462E-04   1.0733805E-03
   1.5512185E+03   2.3670000E+03   8.4200000E+02   5.1443254E-04   1.3871710E-03
   1.5512261E+03   2.3460000E+03   7.9200000E+02   9.2063941E-05   2.7464660E-04
   1.5512336E+03   2.3030000E+03   7.9500000E+02   1.4483676E-04   5.5919601E-04
   1.5512411E+03   2.4020000E+03   8.0700000E+02   2.3731207E-04   7.0666918E-04
   1.5512487E+03   2.2960000E+03   8.5500000E+02   3.0413684E-04   8.4249388E-04
   1.5512562E+03   2.3530000E+03   8.4900000E+02   2.6209669E-04   4.3502609E-04
   1.5512637E+03   2.3130000E+03   8.0900000E+02   5.3992941E-05   1.6234792E-04
   1.5512712E+03   2.3520000E+03   8.4800000E+02   1.1887439E-04   3.3996834E-04
   1.5512788E+03   2.3250000E+03   8.6100000E+02   1.4139925E-04   3.8482415E-04
   1.5512863E+03   2.2490000E+03   7.8900000E+02   1.1850284E-04   5.1414177E-04
   1.5512938E+03   2.2860000E+03   7.8800000E+02   2.8512789E-04   8.4782832E-04
   1.5513014E+03   2.2610000E+03   8.1300000E+02   8.9731951E-05   2.5802421E-04
   1.5513089E+03   2.3070000E+03   8.5100000E+02   2.1102403E-04   5.6402589E-04
   1.5513164E+03   2.2970000E+03   8.4200000E+02   3.5006498E-05   9.7269419E-05
   1.5513239E+03   2.2950000E+03   8.0800000E+02   3.9723160E-04   1.1243433E-03
   1.5513315E+03   2.2290000E+03   7.8800000E+02   1.2777704E-04   3.5656905E-04
   1.5513390E+03   2.2100000E+03   8.0600000E+02   1.4854687E-04   4.6506711E-04
   1.5513465E+03   2.1970000E+03   7.8700000E+02   2.7254096E-04   7.5576548E-04
   1.5513541E+03   2.2430000E+03   8.3800000E+02   2.5900098E-04   8.0499304E-04
   1.5513616E+03   2.2340000E+03   8.6800000E+02   6.2984451E-04   1.6203525E-03
   1.5513691E+03   2.1480000E+03   8.3000000E+02   2.3839478E-04   6.1734350E-04
   1.5513766E+03   2.2260000E+03   8.3900000E+02   2.3202624E-04   6.1249322E-04
   1.5513842E+03   2.1180000E+03   8.2000000E+02   9.2739838E-05   6.0783833E-04
   1.5513917E+03   2.0990000E+03   7.7800000E+02   2.5485833E-04   6.8794435E-04
   1.5513992E+03   2.1390000E+03   7.8100000E+02   3.0218197E-04   8.2440371E-04
   1.5514068E+03   2.1350000E+03   8.0100000E+02   3.0198986E-04   8.1247917E-04
   1.5514143E+03   2.0740000E+03   7.8200000E+02   1.6488267E-04   4.3663272E-04
   1.5514218E+03   2.1270000E+03   7.9100000E+02   2.1472853E-04   5.7905340E-04
   1.5514293E+03   2.1100000E+03   8.3200000E+02   2.2873830E-04   5.4380800E-04
   1.5514369E+03   2.0720000E+03   8.0100000E+02   1.6086324E-04   4.1912653E-04
   1.5514444E+03   2.1040000E+03   7.9800000E+02   3.7612098E-04   1.0038193E-03
   1.5514519E+03   2.0920000E+03   8.0100000E+02   2.7475238E-04   7.1157887E-04
   1.5514595E+03   2.0480000E+03   7.6300000E+02   2.0383350E-04   4.5405313E-04
   1.5514670E+03   2.0870000E+03   8.0700000E+02   7.9896128E-05   2.0625969E-04
   1.5514745E+03   2.0360000E+03   7.6000000E+02   5.6327052E-04   1.5137824E-03
   1.5514820E+03   2.1230000E+03   8.2100000E+02   3.1096989E-04   8.7545977E-04
   1.5514896E+03   2.0260000E+03   7.5500000E+02   2.3160605E-04   6.2502449E-04
   1.5514971E+03   2.0170000E+03   7.8500000E+02   2.2064675E-04   2.6116800E-04
   1.5515046E+03   2.0370000E+03   7.7500000E+02   2.5442835E-04   6.7236247E-04
   1.5515122E+03   1.9960000E+03   7.8600000E+02   1.3897408E-04   3.4723488E-04
   1.5515197E+03   2.0540000E+03   8.0200000E+02   3.1832412E-04   8.0860255E-04
   1.5515272E+03   1.9650000E+03   7.9900000E+02   2.9373859E-04   5.4187748E-04
   1.5515347E+03   1.9330000E+03   7.3700000E+02   2.3368347E-04   7.1431125E-04
   1.5515423E+03   2.0410000E+03   7.4600000E+02   3.7766767E-05   9.9498157E-05
   1.5515498E+03   2.0340000E+03   7.8100000E+02   2.0345673E-04   5.2742041E-04
   1.5515573E+03   1.9690000E+03   7.7200000E+02   2.5715674E-04   6.5463301E-04
   1.5515648E+03   1.8930000E+03   7.4100000E+02   5.2319564E-04   1.3377461E-03
   1.5515724E+03   1.9570000E+03   8.0200000E+02   1.5871433E-04   3.7480145E-04
   1.5515799E+03   1.9820000E+03   8.0900000E+02   1.8471481E-04   4.4079107E-04
   1.5515874E+03   1.9700000E+03   7.5900000E+02   3.1015325E-04   6.4135798E-04
   1.5515950E+03   1.8950000E+03   7.3900000E+02   5.5478837E-04   1.2066595E-03
   1.5516025E+03   2.0150000E+03   8.3600000E+02   2.4203279E-04   6.0192406E-04
   1.5516100E+03   1.9790000E+03   7.7700000E+02   1.3786638E-04   3.7466916E-04
   1.5516175E+03   1.9350000E+03   7.9600000E+02   9.7304978E-05   2.3305126E-04
   1.5516251E+03   1.9220000E+03   7.9900000E+02   9.5919376E-05   2.2845574E-04
   1.5516326E+03   1.8570000E+03   7.2000000E+02   3.0854777E-04   7.9756453E-04
   1.5516401E+03   1.8620000E+03   7.4800000E+02   4.8205790E-04   1.2029574E-03
   1.5516477E+03   1.9310000E+03   8.2000000E+02   4.9529579E-04   7.3308997E-04
   1.5516552E+03   1.8580000E+03   7.5500000E+02   2.9780809E-04   1.0357968E-03
   1.5516627E+03   1.9260000E+03   7.3200000E+02   1.8584085E-04   4.6710232E-04
   1.5516702E+03   1.8780000E+03   7.4100000E+02   4.9809983E-04   1.2646301E-03
   1.5516778E+03   1.8380000E+03   7.8900000E+02   3.6058758E-04   8.3662870E-04
   1.5516853E+03   1.8820000E+03   7.6100000E+02   1.7710074E-04   4.3704866E-04
   1.5516928E+03   1.8670000E+03   7.6200000E+02   9.8227753E-04   1.9536928E-03
   1.5517004E+03   1.8450000E+03   7.7000000E+02   3.2807155E-04   7.9315126E-04
   1.5517079E+03   1.8310000E+03   7.5000000E+02   1.5845260E-04   3.9664331E-04
   1.5517154E+03   1.9150000E+03   7.8000000E+02   3.6839896E-05   1.0548437E-04
   1.5517229E+03   1.8210000E+03   7.1400000E+02   2.8657301E-04   6.7376639E-04
   1.5517305E+03   1.8750000E+03   7.4200000E+02   2.3477166E-04   5.9162655E-04
   1.5517380E+03   1.7900000E+03   7.0200000E+02   7.3802019E-05   1.6353628E-04
   1.5517455E+03   1.8430000E+03   7.3700000E+02   2.8020726E-04   7.7948691E-04
   1.5517531E+03   1.7930000E+03   7.1300000E+02   4.4871026E-04   1.1300975E-03
   1.5517606E+03   1.8210000E+03   7.5200000E+02   3.0808931E-04   6.9381676E-04
   1.5517681E+03   1.7800000E+03   7.1500000E+02   2.4736139E-04   7.5398063E-04
   1.5517756E+03   1.7490000E+03   7.2100000E+02   4.4765618E-04   1.0879606E-03
   1.5517832E+03   1.8380000E+03   7.2100000E+02   1.4379469E-04   3.5796157E-04
   1.5517907E+03   1.7500000E+03   6.9600000E+02   6.0364667E-04   1.5258164E-03
   1.5517982E+03   1.7970000E+03   7.7000000E+02   3.6075830E-04   8.3997814E-04
   1.5518058E+03   1.7530000E+03   7.1200000E+02   1.8156098E-04   4.3025874E-04
   1.5518133E+03   1.8380000E+03   7.3600000E+02   2.6469680E-04   6.6740938E-04
   1.5518208E+03   1.7630000E+03   7.1400000E+02   4.9746074E-04   1.2294771E-03
   1.5518283E+03   1.7980000E+03   7.1300000E+02   4.4464051E-04   1.1229698E-03
   1.5518359E+03   1.7570000E+03   7.4700000E+02   1.6510437E-04   3.8607784E-04
   1.5518434E+03   1.6950000E+03   7.2000000E+02   3.5017353E-04   8.3768332E-04
   1.5518509E+03   1.7410000E+03   6.9200000E+02   2.2813735E-04   5.2787908E-04
   1.5518585E+03   1.7620000E+03   7.3600000E+02   2.8825850E-04   8.0774429E-04
   1.5518660E+03   1.7280000E+03   6.7800000E+02   2.6987825E-04   6.8777931E-04
   1.5518735E+03   1.7450000E+03   6.9700000E+02   4.5158167E-04   1.1291499E-03
   1.5518810E+03   1.7150000E+03   7.1200000E+02   2.2455071E-04   4.6936909E-04
   1.5518886E+03   1.7270000E+03   6.9900000E+02   3.1784931E-04   8.4733182E-04
   1.5518961E+03   1.7560000E+03   7.3400000E+02   7.0978493E-04   1.7107350E-03
   1.5519036E+03   1.6520000E+03   7.0700000E+02   3.5748762E-04   8.2645080E-04
   1.5519112E+03   1.5970000E+03   6.0600000E+02   3.9604808E-04   7.9497799E-04
   1.5519187E+03   1.6840000E+03   7.0000000E+02   4.1326557E-04   9.9490353E-04
   1.5519262E+03   1.7170000E+03   7.0200000E+02   5.8923086E-04   1.7673615E-03
   1.5519337E+03   1.7270000E+03   6.9000000E+02   4.0387155E-04   9.8709925E-04
   1.5519413E+03   1.6810000E+03   7.0900000E+02   2.0809676E-04   4.6634944E-04
   1.5519488E+03   1.6670000E+03   6.7800000E+02   3.2305332E-04   7.9350380E-04
   1.5519563E+03   1.6930000E+03   6.7800000E+02   2.7631129E-05   6.9958283E-05
   1.5519638E+03   1.6750000E+03   6.5200000E+02   4.6306210E-04   1.1880518E-03
   1.5519714E+03   1.6810000E+03   6.8100000E+02   5.3550519E-04   1.3282153E-03
   1.5519789E+03   1.7240000E+03   6.8100000E+02   1.5489982E-04   3.9422373E-04
   1.5519864E+03   1.6510000E+03   6.7400000E+02   4.2930029E-05   8.1949806E-05
   1.5519940E+03   1.6860000E+03   6.6200000E+02   1.6634356E-04   4.2614300E-04
   1.5520015E+03   1.6420000E+03   6.4200000E+02   7.1625855E-05   1.8690759E-04
   1.5520090E+03   1.6320000E+03   6.6600000E+02   2.8085045E-04   6.8972082E-04
   1.5520165E+03   1.6930000E+03   6.3700000E+02   4.9204951E-04   1.2650463E-03
   1.5520241E+03   1.6630000E+03   7.0600000E+02   2.8119370E-04   6.6343749E-04
   1.5520316E+03   1.7100000E+03   6.6000000E+02   6.7654784E-04   1.8506276E-03
   1.5520391E+03   1.7120000E+03   6.9800000E+02   3.7558879E-05   9.3078790E-05
   1.5520467E+03   1.6500000E+03   6.7700000E+02   4.4831772E-04   1.1142783E-03
   1.5520542E+03   1.6540000E+03   6.4100000E+02   2.9344083E-04   8.7799846E-04
   1.5520617E+03   1.5790000E+03   6.4000000E+02   4.5689882E-04   1.1253362E-03
   1.5520692E+03   1.6140000E+03   6.3100000E+02   4.2534548E-04   1.0879872E-03
   1.5520768E+03   1.6260000E+03   6.0700000E+02   2.3288302E-04   6.3520505E-04
   1.5520843E+03   1.6700000E+03   6.3200000E+02   5.7031639E-04   1.5404346E-03
   1.5520918E+03   1.6080000E+03   6.3200000E+02   3.5770233E-04   9.1070265E-04
   1.5520994E+03   1.5720000E+03   6.4200000E+02   2.9701860E-04   7.2930816E-04
   1.5521069E+03   1.5220000E+03   5.8600000E+02   6.7276817E-04   1.7442702E-03
   1.5521144E+03   1.6650000E+03   6.9300000E+02   3.7078951E-04   9.1327548E-04
   1.5521219E+03   1.5500000E+03   6.2600000E+02   2.1084379E-04   5.2161758E-04
   1.5521295E+03   1.5710000E+03   6.6000000E+02   3.0862232E-04   7.3650655E-04
   1.5521370E+03   1.6070000E+03   6.3400000E+02   9.4980080E-05   1.6989862E-04
   1.5521445E+03   1.6150000E+03   6.0900000E+02   7.1792351E-04   1.8544875E-03
   1.5521521E+03   1.6100000E+03   6.2900000E+02   2.5850061E-04   8.5758468E-04
   1.5521596E+03   1.5340000E+03   5.9200000E+02   4.7636324E-04   1.2314007E-03
   1.5521671E+03   1.5360000E+03   6.0500000E+02   4.0192807E-04   1.0399819E-03
   1.5521746E+03   1.5610000E+03   5.9900000E+02   8.8368408E-05   2.4263343E-04
   1.5521822E+03   1.6340000E+03   6.3100000E+02   3.3378606E-04   8.6415831E-04
   1.5521897E+03   1.5530000E+03   6.3000000E+02   7.4050724E-04   1.8671521E-03
   1.5521972E+03   1.5910000E+03   6.1400000E+02   4.1748776E-04   8.6276418E-04
   1.5522048E+03   1.5200000E+03   5.9300000E+02   5.1307272E-04   1.3147115E-03
   1.5522123E+03   1.5770000E+03   5.9800000E+02   4.5524893E-04   8.9030347E-04
   1.5522198E+03   1.6080000E+03   6.0600000E+02   1.8709453E-04   5.6741752E-04
   1.5522273E+03   1.5730000E+03   5.7200000E+02   3.2656396E-04   8.9799836E-04
   1.5522349E+03   1.5090000E+03   6.0900000E+02   5.3927438E-04   1.2662317E-03
   1.5522424E+03   1.5520000E+03   5.9300000E+02   1.6962787E-04   4.4352780E-04
   1.5522499E+03   1.5410000E+03   5.9200000E+02   3.9219962E-04   1.0233614E-03
   1.5522575E+03   1.5140000E+03   5.5100000E+02   1.4221608E-04   6.1859366E-04
   1.5522650E+03   1.5580000E+03   6.2700000E+02   4.5399178E-04   1.1611071E-03
   1.5522725E+03   1.5430000E+03   5.3200000E+02   2.0181567E-04   5.8621795E-04
   1.5522800E+03   1.5210000E+03   5.8400000E+02   7.1331787E-04   1.8614425E-03
   1.5522876E+03   1.5310000E+03   6.0200000E+02   6.6146284E-04   1.1278752E-03
   1.5522951E+03   1.5310000E+03   5.7500000E+02   3.4430822E-05   9.1209181E-05
   1.5523026E+03   1.5150000E+03   5.6700000E+02   1.8753984E-04   4.7325879E-04
   1.5523102E+03   1.4820000E+03   5.3700000E+02   2.2349162E-04   6.1983482E-04
   1.5523177E+03   1.5160000E+03   5.5400000E+02   4.7667401E-04   1.3003419E-03
   1.5523252E+03   1.5090000E+03   5.6300000E+02   4.0421775E-04   1.0827908E-03
   1.5523327E+03   1.4980000E+03   5.4300000E+02   1.5117376E-05   4.0048790E-05
   1.5523403E+03   1.5030000E+03   5.5200000E+02   1.0051688E-04   2.7180499E-04
   1.5523478E+03   1.4480000E+03   4.9600000E+02   3.5823311E-04   1.0621609E-03
   1.5523553E+03   1.3980000E+03   4.9300000E+02   4.1302796E-04   9.9799201E-04
   1.5523629E+03   1.4780000E+03   5.4400000E+02   1.1285844E-03   2.9655725E-03
   1.5523704E+03   1.4530000E+03   5.3400000E+02   3.4431643E-04   1.2204990E-03
   1.5523779E+03   1.4290000E+03   5.0000000E+02   5.1891818E-04   1.4901271E-03
   1.5523854E+03   1.5270000E+03   5.8200000E+02   4.1157960E-04   1.0857151E-03
   1.5523930E+03   1.4780000E+03   5.1600000E+02   5.3538391E-04   1.5262785E-03
   1.5524005E+03   1.4340000E+03   5.1500000E+02   4.4973460E-04   1.0034297E-03
   1.5524080E+03   1.4410000E+03   5.2600000E+02   2.4879180E-04   6.8018631E-04
   1.5524155E+03   1.4050000E+03   4.7700000E+02   6.2560297E-04   1.7463593E-03
   1.5524231E+03   1.4140000E+03   4.8000000E+02   1.2204596E-03   3.5961298E-03
   1.5524306E+03   1.4230000E+03   4.9800000E+02   5.6820629E-04   1.2559601E-03
   1.5524381E+03   1.4500000E+03   5.0200000E+02   9.0774139E-05   8.5279108E-05
   1.5524457E+03   1.4710000E+03   5.2000000E+02   4.2819345E-05   1.3453838E-04
   1.5524532E+03   1.4940000E+03   5.1000000E+02   1.2566285E-04   4.3834123E-04
   1.5524607E+03   1.4310000E+03   4.8300000E+02   5.8113508E-05   1.7269903E-04
   1.5524682E+03   1.4330000E+03   4.8700000E+02   6.2639306E-04   1.8479143E-03
   1.5524758E+03   1.3580000E+03   4.4700000E+02   3.7938768E-04   1.1538049E-03
   1.5524833E+03   1.3820000E+03   4.6000000E+02   2.7551767E-04   8.7122518E-04
   1.5524908E+03   1.4380000E+03   4.8600000E+02   7.1955760E-05   1.3225315E-04
   1.5524984E+03   1.3730000E+03   4.6900000E+02   6.9065431E-04   2.0215079E-03
   1.5525059E+03   1.4200000E+03   4.9800000E+02   1.0510573E-03   2.9969802E-03
   1.5525134E+03   1.4990000E+03   5.1000000E+02   1.0753791E-03   3.1616739E-03
   1.5525209E+03   1.4060000E+03   4.6400000E+02   3.5667045E-04   1.1103961E-03
   1.5525285E+03   1.3940000E+03   4.5800000E+02   7.4173357E-04   2.2554391E-03
   1.5525360E+03   1.4310000E+03   4.9500000E+02   4.9401828E-04   1.4277946E-03
   1.5525435E+03   1.3730000E+03   4.5500000E+02   7.0971251E-04   2.1403095E-03
   1.5525511E+03   1.4660000E+03   4.9500000E+02   2.9011437E-04   8.5133251E-04
   1.5525586E+03   1.3900000E+03   4.3500000E+02   4.6188453E-04   1.4952339E-03
   1.5525661E+03   1.3280000E+03   4.0500000E+02   2.2525130E-04   7.3945947E-04
   1.5525736E+03   1.3780000E+03   4.3000000E+02   4.6039478E-04   1.4747829E-03
   1.5525812E+03   1.3620000E+03   4.2600000E+02   3.7518806E-04   1.2075766E-03
   1.5525887E+03   1.3940000E+03   4.4700000E+02   2.4295916E-04   7.7073866E-04
   1.5525962E+03   1.3280000E+03   4.1000000E+02   4.7266967E-04   1.5362915E-03
   1.5526038E+03   1.4280000E+03   4.7700000E+02   2.4474815E-04   7.3114558E-04
   1.5526113E+03   1.3450000E+03   4.3500000E+02   2.1003065E-04   6.4820128E-04
   1.5526188E+03   1.3410000E+03   4.1400000E+02   7.3936975E-04   2.3939600E-03
   1.5526263E+03   1.3310000E+03   4.1600000E+02   4.3908802E-05   1.3799240E-04
   1.5526339E+03   1.3770000E+03   4.1300000E+02   4.2647305E-04   2.0462746E-03
   1.5526414E+03   1.3400000E+03   4.7900000E+02   7.0525670E-04   1.9739781E-03
   1.5526489E+03   1.3110000E+03   4.0600000E+02   3.0338326E-04   9.9365735E-04
   1.5526565E+03   1.3410000E+03   4.1300000E+02   1.2199524E-04   3.9474773E-04
   1.5526640E+03   1.3510000E+03   4.2600000E+02   2.0937794E-04   3.1424316E-04
   1.5526715E+03   1.3570000E+03   4.0400000E+02   4.3415242E-04   1.4556336E-03
   1.5526790E+03   1.3180000E+03   4.1600000E+02   3.3549316E-04   1.0641385E-03
   1.5526866E+03   1.3000000E+03   3.6500000E+02   2.0419045E-04   5.7039813E-04
   1.5526941E+03   1.3150000E+03   4.0600000E+02   5.1987030E-04   2.6344299E-03
   1.5527016E+03   1.2850000E+03   3.9500000E+02   9.0734393E-05   1.3803382E-04
   1.5527092E+03   1.3150000E+03   3.6500000E+02   3.3917843E-04   1.4193215E-03
   1.5527167E+03   1.2890000E+03   3.6300000E+02   7.9563241E-04   2.8165322E-03
   1.5527242E+03   1.3060000E+03   3.6100000E+02   5.4926029E-04   1.6365554E-03
   1.5527317E+03   1.3830000E+03   4.3300000E+02   2.6170875E-04   1.9026109E-03
   1.5527393E+03   1.2820000E+03   3.8100000E+02   5.4700059E-06   1.6767815E-06
   1.5527468E+03   1.2650000E+03   3.6600000E+02   1.0781662E-04   3.2446953E-04
   1.5527543E+03   1.2300000E+03   3.7000000E+02   3.1515881E-04   1.0940133E-03
   1.5527619E+03   1.2970000E+03   3.7100000E+02   8.5753831E-04   2.9503553E-03
   1.5527694E+03   1.2960000E+03   3.5300000E+02   2.8594203E-05   2.2812242E-04
   1.5527769E+03   1.2900000E+03   3.6600000E+02   2.8505321E-04   5.7038294E-04
   1.5527844E+03   1.3210000E+03   4.0000000E+02   1.1966296E-03   3.7620173E-03
   1.5527920E+03   1.2620000E+03   3.7100000E+02   3.9196697E-04   1.3350122E-03
   1.5527995E+03   1.2620000E+03   3.4500000E+02   9.4276704E-05   3.1875553E-04
   1.5528070E+03   1.2780000E+03   3.5800000E+02   1.8154845E-04   6.6211425E-04
   1.5528146E+03   1.2600000E+03   3.4900000E+02   5.8795644E-04   1.4416702E-03
   1.5528221E+03   1.2370000E+03   3.3200000E+02   5.4366647E-04   2.0243862E-03
   1.5528296E+03   1.2230000E+03   3.1700000E+02   1.2964992E-03   5.6475209E-03
   1.5528371E+03   1.2730000E+03   2.9400000E+02   4.6288497E-04   2.0015413E-03
   1.5528447E+03   1.2600000E+03   3.2300000E+02   2.7857060E-04   1.0847279E-03
   1.5528522E+03   1.1930000E+03   2.8100000E+02   6.3779508E-04   2.6874505E-03
   1.5528597E+03   1.2250000E+03   2.9900000E+02   2.0543541E-04   1.2887124E-03
   1.5528673E+03   1.2730000E+03   3.2800000E+02   1.3292692E-03   5.2579622E-03
   1.5528748E+03   1.2030000E+03   3.4800000E+02   2.3225282E-04   1.0498188E-03
   1.5528823E+03   1.1850000E+03   2.8200000E+02   3.9893438E-04   3.2295416E-04
   1.5528898E+03   1.1930000E+03   3.0300000E+02   2.2799849E-04   9.4446446E-04
   1.5528974E+03   1.2380000E+03   3.1200000E+02   3.8072617E-04   1.3919252E-03
   1.5529049E+03   1.2120000E+03   3.1000000E+02   5.5757681E-04   1.8818646E-03
   1.5529124E+03   1.1860000E+03   2.8700000E+02   4.8064432E-04   3.0982354E-03
   1.5529199E+03   1.2580000E+03   3.0900000E+02   9.9336253E-05   7.7545524E-04
   1.5529275E+03   1.1870000E+03   2.7700000E+02   9.9920906E-05   4.2747260E-04
   1.5529350E+03   1.1860000E+03   3.0800000E+02   8.0319613E-05   3.0761373E-04
   1.5529425E+03   1.1450000E+03   2.4200000E+02   1.9218965E-04   6.1035630E-04
   1.5529501E+03   1.1540000E+03   2.8600000E+02   6.3340094E-04   2.1286914E-03
   1.5529576E+03   1.1650000E+03   2.5200000E+02   3.6004879E-04   1.9003149E-03
   1.5529651E+03   1.1580000E+03   2.6500000E+02   1.7111620E-04   7.6351446E-04
   1.5529726E+03   1.1310000E+03   2.6000000E+02   1.2926546E-04   5.7262810E-04
   1.5529802E+03   1.1950000E+03   2.6000000E+02   9.9497680E-04   3.7392195E-03
   1.5529877E+03   1.1880000E+03   2.7400000E+02   4.0056895E-04   1.5465526E-03
   1.5529952E+03   1.2130000E+03   2.6100000E+02   1.1247133E-04   1.2796292E-05
   1.5530028E+03   1.1440000E+03   2.7100000E+02   7.4070651E-05   1.6574070E-05
   1.5530103E+03   1.1490000E+03   2.4300000E+02   2.3573051E-04   1.1986740E-03
   1.5530178E+03   1.1650000E+03   2.6400000E+02   6.5405653E-04   1.4783490E-03
   1.5530253E+03   1.1370000E+03   2.5600000E+02   1.5454031E-03   6.8588599E-03
   1.5530329E+03   1.1250000E+03   2.4300000E+02   8.8239426E-04   4.0770463E-03
   1.5530404E+03   1.1200000E+03   2.2300000E+02   2.8691336E-04   1.5286340E-03
   1.5530479E+03   1.0740000E+03   2.2400000E+02   4.1144565E-04   1.9465704E-03
   1.5530555E+03   1.0970000E+03   2.3700000E+02   7.0927318E-04   2.8860475E-03
   1.5530630E+03   1.0780000E+03   2.2100000E+02   8.9734906E-05   1.4942097E-03
   1.5530705E+03   1.0980000E+03   2.3700000E+02   1.2378313E-03   4.1889252E-03
   1.5530780E+03   1.0690000E+03   2.5000000E+02   2.2801030E-04   4.1493249E-04
   1.5530856E+03   1.0810000E+03   2.0400000E+02   1.2961675E-04   1.3820956E-03
   1.5530931E+03   1.1070000E+03   2.0800000E+02   2.4523604E-04   1.7717003E-03
   1.5531006E+03   1.0730000E+03   2.0300000E+02   5.3328444E-06   5.5334509E-06
   1.5531082E+03   1.0630000E+03   1.9100000E+02   2.4967139E-04   7.2796008E-04
   1.5531157E+03   1.0550000E+03   2.1300000E+02   3.7907052E-04   1.9051397E-03
   1.5531232E+03   1.0990000E+03   2.0400000E+02   6.6075733E-04   3.5554040E-03
   1.5531307E+03   1.0300000E+03   1.8700000E+02   1.7976331E-04   1.9906654E-04
   1.5531383E+03   1.0720000E+03   1.9500000E+02   9.5941288E-04   5.5034892E-03
   1.5531458E+03   1.0880000E+03   2.2100000E+02   1.7818253E-04   8.7396184E-04
   1.5531533E+03   1.0560000E+03   1.8700000E+02   6.4931926E-04   2.2962168E-03
   1.5531609E+03   1.0730000E+03   1.8600000E+02   4.6141489E-04   2.7115573E-03
   1.5531684E+03   1.0430000E+03   1.8600000E+02   1.4745096E-03   7.6936974E-03
   1.5531759E+03   1.0620000E+03   1.6100000E+02   3.9811997E-04   2.6391915E-03
   1.5531834E+03   1.1090000E+03   1.8400000E+02   5.0480896E-04   3.6790099E-03
   1.5531910E+03   1.1000000E+03   1.7000000E+02   6.1060640E-04   3.9546603E-03
   1.5531985E+03   1.0310000E+03   1.9400000E+02   3.1254537E-04   1.3939332E-03
   1.5532060E+03   1.0850000E+03   1.8000000E+02   4.9156266E-04   3.2541425E-03
   1.5532136E+03   9.6400000E+02   1.5200000E+02   1.7952417E-03   7.6766750E-03
   1.5532211E+03   1.0920000E+03   1.8500000E+02   7.9527123E-04   1.7892803E-03
   1.5532286E+03   1.0130000E+03   1.7900000E+02   9.8736681E-04   5.3088632E-03
   1.5532361E+03   1.0360000E+03   1.7300000E+02   2.4707154E-04   1.5672079E-03
   1.5532437E+03   1.0090000E+03   1.4700000E+02   4.7895681E-04   1.6113370E-03
   1.5532512E+03   1.0370000E+03   1.6600000E+02   3.2169736E-04   2.8168434E-03
   1.5532587E+03   9.8700000E+02   1.5700000E+02   1.0122288E-04   1.1397562E-03
   1.5532663E+03   1.0160000E+03   1.4900000E+02   5.8725954E-04   3.2402538E-03
   1.5532738E+03   9.9500000E+02   1.2800000E+02   2.0945804E-04   3.9740024E-06
   1.5532813E+03   1.0210000E+03   1.4200000E+02   1.0576376E-03   9.9389153E-03
   1.5532888E+03   1.0030000E+03   1.4200000E+02   6.0900160E-04   4.6824529E-03
   1.5532964E+03   1.0230000E+03   1.3600000E+02   8.9124896E-04   6.6829623E-03
   1.5533039E+03   1.0020000E+03   1.4400000E+02   3.2105280E-04   6.9437350E-04
   1.5533114E+03   9.5700000E+02   1.4900000E+02   2.9045051E-04   1.8337217E-03
   1.5533189E+03   9.4400000E+02   1.3600000E+02   1.7011956E-03   9.2118692E-03
   1.5533265E+03   9.9600000E+02   1.3200000E+02   1.6996205E-04   8.4129603E-04
   1.5533340E+03   9.6600000E+02   1.2900000E+02   1.3483711E-04   1.3823783E-03
   1.5533415E+03   9.9100000E+02   1.2600000E+02   6.7098730E-04   5.9671949E-03
   1.5533491E+03   1.0150000E+03   1.2400000E+02   5.3056009E-04   4.3274383E-03
   1.5533566E+03   9.6500000E+02   1.1900000E+02   7.0972286E-04   5.9318011E-03
   1.5533641E+03   9.7700000E+02   1.1600000E+02   4.9322548E-04   3.8855768E-03
   1.5533716E+03   1.0030000E+03   1.2100000E+02   9.3442442E-04   2.0009424E-03
   1.5533792E+03   9.8200000E+02   1.1300000E+02   1.5164204E-03   1.3175291E-02
   1.5533867E+03   9.5200000E+02   1.2300000E+02   3.7041132E-04   2.8636808E-03
   1.5533942E+03   9.1300000E+02   1.0400000E+02   9.8330641E-04   8.1816786E-03
   1.5534018E+03   9.1300000E+02   1.1400000E+02   9.5139113E-04   7.7778157E-03
   1.5534093E+03   8.9700000E+02   1.0700000E+02   5.2973812E-04   7.5553724E-03
   1.5534168E+03   9.4300000E+02   9.8000000E+01   5.2401136E-04   2.8182641E-03
   1.5534243E+03   9.3900000E+02   1.1500000E+02   5.0289514E-04   4.1073263E-03
   1.5534319E+03   9.3400000E+02   1.0200000E+02   3.5338395E-04   3.2315164E-03
   1.5534394E+03   9.6000000E+02   1.1200000E+02   7.7636213E-04   5.3179489E-03
   1.5534469E+03   9.8600000E+02   1.1400000E+02   5.9837181E-04   5.1737363E-03
   1.5534545E+03   9.6300000E+02   1.0100000E+02   4.1874643E-04   2.1331921E-03
   1.5534620E+03   9.4000000E+02   1.1300000E+02   1.4852993E-03   9.7273859E-03
   1.5534695E+03   9.3400000E+02   1.1100000E+02   2.4411297E-04   2.0565193E-03
   1.5534770E+03   9.2300000E+02   1.0900000E+02   2.6738772E-04   6.5485635E-04
   1.5534846E+03   8.8100000E+02   7.0000000E+01   1.2969917E-06   4.7539531E-06
   1.5534921E+03   9.4000000E+02   8.5000000E+01   1.6493970E-04   2.0452402E-03
   1.5534996E+03   8.6400000E+02   8.0000000E+01   3.8527742E-04   3.0087107E-03
   1.5535072E+03   8.9600000E+02   8.2000000E+01   6.0404680E-04   7.3106890E-03
   1.5535147E+03   9.1300000E+02   8.8000000E+01   4.9750022E-04   7.9659396E-03
   1.5535222E+03   9.2800000E+02   8.7000000E+01   1.0306667E-03   9.6983971E-03
   1.5535297E+03   9.0800000E+02   7.6000000E+01   5.9012341E-05   7.1534443E-04
   1.5535373E+03   8.8600000E+02   7.6000000E+01   7.6332955E-04   7.9850721E-03
   1.5535448E+03   8.7400000E+02   9.4000000E+01   1.7937533E-04   3.0359837E-03
   1.5535523E+03   9.1100000E+02   9.0000000E+01   1.9079142E-04   1.9241454E-03
   1.5535599E+03   8.9400000E+02   7.1000000E+01   8.4630222E-06   1.1022094E-04
   1.5535674E+03   8.6400000E+02   6.7000000E+01   4.7660523E-04   1.2332070E-05
   1.5535749E+03   8.0800000E+02   7.8000000E+01   3.5665266E-04   1.4102445E-06
   1.5535824E+03   8.6600000E+02   7.4000000E+01   1.1070829E-04   3.1950344E-03
   1.5535900E+03   8.6000000E+02   6.7000000E+01   2.9665370E-04   6.1736956E-03
   1.5535975E+03   8.9100000E+02   8.1000000E+01   5.3794445E-04   5.9202893E-03
   1.5536050E+03   9.0600000E+02   8.2000000E+01   1.1885794E-04   5.0463821E-03
   1.5536126E+03   8.5100000E+02   6.8000000E+01   1.7737119E-04   3.2236214E-03
   1.5536201E+03   8.3100000E+02   5.5000000E+01   2.6339071E-04   3.9797123E-03
   1.5536276E+03   8.8500000E+02   8.9000000E+01   1.2858057E-03   8.6232700E-03
   1.5536351E+03   8.5200000E+02   6.2000000E+01   5.1533151E-04   5.7468111E-03
   1.5536427E+03   8.4600000E+02   6.8000000E+01   6.5362151E-05   4.0811424E-03
   1.5536502E+03   8.9500000E+02   6.8000000E+01   5.2624219E-04   6.9162135E-03
   1.5536577E+03   9.0800000E+02   7.6000000E+01   1.4985948E-03   1.7239124E-02
   1.5536653E+03   8.9500000E+02   6.2000000E+01   4.0121259E-04   5.7933965E-03
   1.5536728E+03   8.9800000E+02   8.3000000E+01   7.1250177E-04   1.0559574E-02
   1.5536803E+03   8.2800000E+02   6.8000000E+01   1.1098755E-04   2.4175441E-03
   1.5536878E+03   8.7600000E+02   6.4000000E+01   8.8102995E-04   1.2059512E-02
   1.5536954E+03   8.8600000E+02   6.1000000E+01   1.2743536E-03   2.0021225E-02
   1.5537029E+03   8.8200000E+02   6.0000000E+01   1.7878341E-04   2.6257489E-03
   1.5537104E+03   8.4800000E+02   6.6000000E+01   1.2262390E-03   1.5525937E-02
   1.5537180E+03   8.6900000E+02   5.6000000E+01   7.8090438E-04   1.1086187E-02
   1.5537255E+03   8.7500000E+02   6.0000000E+01   1.4267017E-04   9.0089486E-06
   1.5537330E+03   8.3900000E+02   5.6000000E+01   1.0456874E-04   2.1759208E-03
   1.5537405E+03   8.3900000E+02   4.7000000E+01   8.0638337E-04   1.5638828E-02
   1.5537481E+03   8.6100000E+02   5.3000000E+01   9.4847166E-05   1.1366218E-02
   1.5537556E+03   8.2600000E+02   5.1000000E+01   7.3220799E-08   1.0247575E-06
   1.5537631E+03   8.2300000E+02   6.0000000E+01   8.5132455E-04   1.1440100E-02
   1.5537706E+03   8.7700000E+02   4.2000000E+01   3.6024858E-05   7.5009587E-04
   1.5537782E+03   8.4100000E+02   4.6000000E+01   1.3345971E-04   2.4712233E-03
   1.5537857E+03   8.5400000E+02   4.3000000E+01   2.7753226E-04   5.5113945E-03
   1.5537932E+03   8.0100000E+02   4.7000000E+01   9.6776029E-04   1.6548425E-02
   1.5538008E+03   8.2100000E+02   3.9000000E+01   1.0092724E-03   2.1247132E-02
   1.5538083E+03   8.4000000E+02   5.6000000E+01   9.3598611E-04   1.4039882E-02
   1.5538158E+03   8.2400000E+02   5.2000000E+01   2.3206716E-04   3.6773730E-03
   1.5538233E+03   8.6400000E+02   4.7000000E+01   4.3132774E-04   4.4163782E-03
   1.5538309E+03   7.8800000E+02   4.1000000E+01   5.8494928E-04   1.5223115E-02
   1.5538384E+03   8.5400000E+02   3.9000000E+01   7.1981376E-05   1.5777666E-03
   1.5538459E+03   8.1200000E+02   3.4000000E+01   1.0494593E-03   2.5072454E-02
   1.5538535E+03   8.3700000E+02   5.0000000E+01   1.5781561E-03   1.9552574E-02
   1.5538610E+03   8.0900000E+02   3.5000000E+01   3.0520051E-04   7.0756498E-03
   1.5538685E+03   7.5800000E+02   3.8000000E+01   5.6810098E-05   6.4101449E-03
   1.5538760E+03   8.4300000E+02   4.7000000E+01   1.6417939E-03   2.2781340E-02
   1.5538836E+03   7.7400000E+02   4.7000000E+01   1.6858572E-03   2.7763155E-02
   1.5538911E+03   8.3900000E+02   2.6000000E+01   3.2579631E-07   9.5402847E-06
   1.5538986E+03   8.4300000E+02   4.0000000E+01   2.3712782E-04   5.0462207E-03
   1.5539062E+03   7.5500000E+02   2.4000000E+01   7.3106272E-07   1.9972898E-05
   1.5539137E+03   8.7100000E+02   3.4000000E+01   4.0068842E-04   1.0267454E-02
   1.5539212E+03   8.1500000E+02   3.5000000E+01   1.0226397E-03   2.3815453E-02
   1.5539287E+03   7.8200000E+02   2.7000000E+01   8.9492154E-04   8.6115110E-06
   1.5539363E+03   8.6800000E+02   3.4000000E+01   3.2886847E-04   8.4084593E-03
   1.5539438E+03   8.4400000E+02   3.3000000E+01   7.5865549E-04   1.9404698E-02
   1.5539513E+03   7.8800000E+02   3.5000000E+01   8.6570044E-04   1.9484035E-02
   1.5539589E+03   8.1600000E+02   3.5000000E+01   8.1074198E-04   1.8900610E-02
   1.5539664E+03   8.4700000E+02   3.2000000E+01   8.3376353E-04   5.9488279E-03
   1.5539739E+03   7.6300000E+02   2.7000000E+01   6.9217028E-07   1.1971868E-05
   1.5539814E+03   8.3100000E+02   3.3000000E+01   2.6348201E-04   5.8074403E-03
   1.5539890E+03   8.0400000E+02   3.1000000E+01   7.9717916E-04   2.0183636E-02
   1.5539965E+03   8.1600000E+02   2.3000000E+01   8.8055536E-08   3.3037463E-06
   1.5540040E+03   7.8900000E+02   2.0000000E+01   1.0438556E-03   4.1185573E-02
   1.5540116E+03   7.6000000E+02   2.3000000E+01   3.9896680E-04   1.3185343E-02
   1.5540191E+03   7.9300000E+02   2.4000000E+01   4.7793764E-04   1.6369144E-02
   1.5540266E+03   7.4400000E+02   2.0000000E+01   1.6820316E-03   6.2571721E-02
   1.5540341E+03   7.7500000E+02   2.1000000E+01   6.6746700E-04   2.4658622E-02
   1.5540417E+03   7.8200000E+02   1.6000000E+01   1.4312131E-04   1.0930432E-05
   1.5540492E+03   8.5100000E+02   2.3000000E+01   4.5730037E-04   1.6921639E-02
   1.5540567E+03   7.8700000E+02   1.8000000E+01   1.3473445E-03   3.0375622E-02
   1.5540643E+03   7.8300000E+02   2.1000000E+01   7.1936757E-04   2.6858077E-02
   1.5540718E+03   8.1700000E+02   1.9000000E+01   9.6896756E-05   4.1643322E-03
   1.5540793E+03   7.4800000E+02   2.2000000E+01   4.9990261E-04   1.6998021E-02
   1.5540868E+03   7.3600000E+02   1.6000000E+01   7.8067986E-04   3.5896591E-02
   1.5540944E+03   7.6400000E+02   1.5000000E+01   5.6058129E-04   2.8468025E-02
   1.5541019E+03   7.1300000E+02   1.7000000E+01   8.3106087E-04   3.4860290E-02
   1.5541094E+03   7.9100000E+02   1.8000000E+01   2.1585213E-04   9.4789150E-03
   1.5541170E+03   8.0500000E+02   1.5000000E+01   9.4495360E-05   2.9620641E-05
   1.5541245E+03   8.3300000E+02   1.3000000E+01   5.9656062E-07   3.2705017E-05
   1.5541320E+03   7.8900000E+02   1.1000000E+01   1.0444339E-03   7.4918942E-02
   1.5541395E+03   7.2700000E+02   1.5000000E+01   5.6549735E-08   1.3533041E-06
   1.5541471E+03   8.1000000E+02   1.3000000E+01   1.5283487E-04   5.9861747E-03
   1.5541546E+03   7.4100000E+02   1.2000000E+01   1.3053660E-03   8.0566519E-02
   1.5541621E+03   7.4000000E+02   6.0000000E+00   2.6261433E-04   3.3040931E-02
   1.5541697E+03   7.8700000E+02   1.0000000E+01   1.0292019E-04   2.9803318E-06
   1.5541772E+03   7.6100000E+02   1.4000000E+01   6.6530055E-04   3.8750266E-03
   1.5541847E+03   8.0800000E+02   1.1000000E+01   6.8383033E-05   4.6086146E-06
   1.5541922E+03   7.5900000E+02   7.0000000E+00   5.7115493E-05   6.1394096E-03
   1.5541998E+03   7.5500000E+02   8.0000000E+00   1.4339125E-07   1.5210694E-05
   1.5542073E+03   7.6200000E+02   7.0000000E+00   4.6145031E-04   1.4715053E-02
   1.5542148E+03   8.0700000E+02   9.0000000E+00   5.2248099E-05   4.6882824E-03
   1.5542224E+03   8.0500000E+02   8.0000000E+00   1.6332962E-03   1.6433242E-01
   1.5542299E+03   8.0400000E+02   5.0000000E+00   6.7260855E-04   1.2246389E-01
   1.5542374E+03   8.0800000E+02   4.0000000E+00   1.9597082E-06   6.0893922E-05
   1.5542449E+03   7.5700000E+02   5.0000000E+00   1.2077733E-03   1.8285316E-01
   1.5542525E+03   7.5900000E+02   3.0000000E+00   1.0880685E-07   9.0590637E-06
   1.5542600E+03   7.4200000E+02   5.0000000E+00   1.4103734E-03   2.0931049E-01
   1.5542675E+03   7.7800000E+02   7.0000000E+00   1.3352155E-03   1.3409965E-01
   1.5542750E+03   7.6600000E+02   5.0000000E+00   2.9431071E-06   4.4731465E-04
   1.5542826E+03   7.5200000E+02   3.0000000E+00   1.7471026E-07   4.3483772E-06
   1.5542901E+03   7.6000000E+02   3.0000000E+00   1.3969217E-03   4.7035028E-01
   1.5542976E+03   7.5900000E+02   5.0000000E+00   8.4952877E-04   1.5973715E-02
   1.5543052E+03   7.3200000E+02   1.0000000E+00   8.9291136E-08   1.3742223E-05
   1.5543127E+03   7.4700000E+02   2.0000000E+00   1.1578011E-03   4.3242939E-01
   1.5543202E+03   7.5600000E+02   1.0000000E+00   3.8846334E-04   5.1377568E-06
   1.5543277E+03   8.0400000E+02   1.0000000E+00   6.7772926E-07   6.2368233E-06
   1.5543353E+03   7.6900000E+02   2.0000000E+00   8.6851473E-04   3.3392912E-01
   1.5543428E+03   7.6000000E+02   2.0000000E+00   1.4890344E-04   5.6604158E-02
   1.5543503E+03   7.5700000E+02   1.0000000E+00   7.8865078E-04   6.9713157E-06
   1.5543579E+03   7.2400000E+02   1.0000000E+00   3.5228241E-04   2.4231872E-01
   1.5543654E+03   7.8100000E+02   3.0000000E+00   1.5133019E-04   1.1014758E-01
   1.5543729E+03   7.6600000E+02   1.0000000E+00   4.3156186E-08   1.8965006E-06
   1.5543804E+03   7.2600000E+02   1.0000000E+00   7.0451771E-08   1.1161131E-05
   1.5543880E+03   8.2000000E+02   0.0000000E+00   1.0089909E-08   0.0000000E+00
   1.5543955E+03   7.3100000E+02   4.0000000E+00   1.1376914E-04   2.0791310E-02
   1.5544030E+03   7.1800000E+02   1.0000000E+00   5.8461068E-08   6.3421898E-06
   1.5544106E+03   7.4100000E+02   2.0000000E+00   3.8383284E-04   1.4222046E-01
   1.5544181E+03   7.4300000E+02   2.0000000E+00   6.0177383E-04   2.2356913E-01
   1.5544256E+03   7.6500000E+02   3.0000000E+00   1.0827971E-03   2.0434659E-01
   1.5544331E+03   7.8600000E+02   2.0000000E+00   9.5217549E-04   3.7420497E-01
   1.5544407E+03   7.5800000E+02   1.0000000E+00   4.7864053E-08   3.5344890E-05
   1.5544482E+03   7.4800000E+02   4.0000000E+00   2.0889370E-03   3.9063122E-01
   1.5544557E+03   7.6200000E+02   2.0000000E+00   5.3107541E-04   2.1995740E-01
   1.5544633E+03   7.9300000E+02   0.0000000E+00   2.9969597E-09   0.0000000E+00
   1.5544708E+03   7.7600000E+02   4.0000000E+00   1.3521083E-03   2.6230901E-01
   1.5544783E+03   7.9200000E+02   3.0000000E+00   6.9821544E-04   1.8432888E-01
   1.5544858E+03   7.8600000E+02   1.0000000E+00   5.7920229E-04   4.0904308E-01
   1.5544934E+03   7.7200000E+02   1.0000000E+00   1.0019167E-08   2.0142611E-07
   1.5545009E+03   7.3100000E+02   4.0000000E+00   7.9541504E-04   1.4536208E-01
   1.5545084E+03   7.2500000E+02   1.0000000E+00   5.2244111E-04   1.5259397E-05
   1.5545160E+03   7.7600000E+02   1.0000000E+00   8.0922481E-10   6.2795845E-07
   1.5545235E+03   7.2900000E+02   2.0000000E+00   1.2106854E-03   4.2563542E-01
   1.5545310E+03   7.7800000E+02   1.0000000E+00   4.8896525E-04   3.8041496E-01
   1.5545385E+03   7.5600000E+02   1.0000000E+00   1.1612527E-03   5.8531294E-01
   1.5545461E+03   7.5200000E+02   1.0000000E+00   5.8614396E-04   4.4078026E-01
   1.5545536E+03   7.6300000E+02   1.0000000E+00   8.2059306E-04   6.2611251E-01
   1.5545611E+03   7.7500000E+02   2.0000000E+00   8.2778710E-04   3.2076750E-01
   1.5545687E+03   7.8500000E+02   3.0000000E+00   5.0732627E-04   1.3275037E-01
   1.5545762E+03   7.9700000E+02   2.0000000E+00   1.1644594E-03   4.6403708E-01
   1.5545837E+03   7.7700000E+02   3.0000000E+00   1.8254017E-03   4.5971358E-01
   1.5545912E+03   7.7900000E+02   2.0000000E+00   6.6809351E-04   1.5671821E-01
   1.5545988E+03   7.7300000E+02   1.0000000E+00   1.1295733E-08   8.7316019E-06
   1.5546063E+03   7.2300000E+02   0.0000000E+00   0.0000000E+00   0.0000000E+00
   1.5546138E+03   7.7600000E+02   2.0000000E+00   1.0865760E-07   4.2159150E-05
   1.5546214E+03   7.1000000E+02   2.0000000E+00   1.3428942E-03   4.7672743E-01
   1.5546289E+03   7.8100000E+02   3.0000000E+00   4.9188049E-08   1.2805289E-05
   1.5546364E+03   7.9500000E+02   1.0000000E+00   9.1353320E-09   9.2909517E-06
   1.5546439E+03   7.4500000E+02   3.0000000E+00   1.0390241E-03   2.4213143E-01
   1.5546515E+03   7.2700000E+02   3.0000000E+00   1.3662048E-03   3.3107697E-01
   1.5546590E+03   8.0700000E+02   0.0000000E+00   0.0000000E+00   0.0000000E+00
   1.5546665E+03   7.1300000E+02   2.0000000E+00   8.1468121E-04   2.9043385E-01
   1.5546740E+03   7.7000000E+02   1.0000000E+00   1.1185120E-04   8.6125428E-02
   1.5546816E+03   7.1600000E+02   1.0000000E+00   1.2026247E-03   8.6107930E-01
   1.5546891E+03   7.7000000E+02   5.0000000E+00   6.4487654E-04   9.9310987E-02
   1.5546966E+03   7.4700000E+02   0.0000000E+00   0.0000000E+00   0.0000000E+00
   1.5547042E+03   7.2500000E+02   0.0000000E+00   2.5475100E-05   0.0000000E+00
   1.5547117E+03   7.2100000E+02   2.0000000E+00   7.7327087E-04   1.5886633E-02
   1.5547192E+03   7.5600000E+02   2.0000000E+00   4.3708694E-04   1.6521886E-01
   1.5547267E+03   7.5300000E+02   0.0000000E+00   6.8447599E-05   0.0000000E+00
   1.5547343E+03   7.2500000E+02   1.0000000E+00   7.4334517E-04   5.3892745E-01
   1.5547418E+03   7.5700000E+02   1.0000000E+00   7.4456216E-04   5.6363356E-01
   1.5547493E+03   7.8700000E+02   1.0000000E+00   1.6205487E-04   1.2753718E-01
   1.5547569E+03   7.4900000E+02   3.0000000E+00   9.9620516E-04   2.4871922E-01
   1.5547644E+03   7.6100000E+02   3.0000000E+00   3.8130880E-05   9.6725332E-03
   1.5547719E+03   6.9500000E+02   1.0000000E+00   2.4913858E-04   1.7315132E-01
   1.5547794E+03   7.0800000E+02   1.0000000E+00   1.8595584E-04   1.3165673E-01
   1.5547870E+03   7.6900000E+02   2.0000000E+00   5.3157401E-04   2.0439021E-01
   1.5547945E+03   7.3200000E+02   0.0000000E+00   0.0000000E+00   0.0000000E+00
   1.5548020E+03   7.5400000E+02   1.0000000E+00   8.5543923E-04   6.4500118E-01
   1.5548096E+03   7.6400000E+02   4.0000000E+00   7.8630265E-04   1.5018381E-01
   1.5548171E+03   7.4300000E+02   0.0000000E+00   0.0000000E+00   0.0000000E+00
   1.5548246E+03   7.7600000E+02   2.0000000E+00   5.8543744E-04   2.2714972E-01
   1.5548321E+03   7.3100000E+02   0.0000000E+00   1.6000381E-06   0.0000000E+00
   1.5548397E+03   7.5400000E+02   3.0000000E+00   1.0211882E-04   2.5665864E-02
   1.5548472E+03   7.3800000E+02   0.0000000E+00   0.0000000E+00   0.0000000E+00
   1.5548547E+03   7.4800000E+02   1.0000000E+00   7.9876680E-09   5.9747756E-06
   1.5548623E+03   7.5100000E+02   2.0000000E+00   1.1929638E-03   4.4625902E-01
   1.5548698E+03   7.4900000E+02   2.0000000E+00   1.0626809E-04   3.9796474E-02
   1.5548773E+03   7.6400000E+02   0.0000000E+00   0.0000000E+00   0.0000000E+00
   1.5548848E+03   8.2100000E+02   1.0000000E+00   9.9993434E-11   8.2094609E-08
   1.5548924E+03   7.3300000E+02   1.0000000E+00   9.4918697E-05   6.9575405E-02
   1.5548999E+03   7.4100000E+02   3.0000000E+00   4.6443863E-04   1.1471634E-01
   1.5549074E+03   7.6700000E+02   0.0000000E+00   0.0000000E+00   0.0000000E+00
   1.5549150E+03   7.4800000E+02   0.0000000E+00   7.4983993E-09   0.0000000E+00
   1.5549225E+03   7.8800000E+02   0.0000000E+00   0.0000000E+00   0.0000000E+00
   1.5549300E+03   8.0900000E+02   2.0000000E+00   6.3080731E-04   2.5516156E-01
   1.5549375E+03   7.4300000E+02   0.0000000E+00   0.0000000E+00   0.0000000E+00
   1.5549451E+03   7.6000000E+02   0.0000000E+00   0.0000000E+00   0.0000000E+00
   1.5549526E+03   7.5200000E+02   2.0000000E+00   6.8134009E-04   2.4297017E-01
   1.5549601E+03   7.2600000E+02   0.0000000E+00   0.0000000E+00   0.0000000E+00
   1.5549677E+03   7.7900000E+02   1.0000000E+00   9.9796819E-04   3.5607345E-01
   1.5549752E+03   7.5700000E+02   1.0000000E+00   9.6629575E-04   7.0333642E-01
   1.5549827E+03   7.4900000E+02   4.0000000E+00   8.0836190E-04   1.5136577E-01
   1.5549902E+03   7.7200000E+02   1.0000000E+00   9.3069981E-05   7.1850025E-02
   1.5549978E+03   7.9400000E+02   3.0000000E+00   6.2982825E-04   1.6669454E-01
   1.5550053E+03   7.4800000E+02   2.0000000E+00   1.2047653E-04   4.5058222E-02
   1.5550128E+03   7.6100000E+02   2.0000000E+00   9.4198168E-05   3.5842403E-02
   1.5550204E+03   7.3900000E+02   0.0000000E+00   0.0000000E+00   0.0000000E+00
   1.5550279E+03   7.3600000E+02   0.0000000E+00   0.0000000E+00   0.0000000E+00
   1.5550354E+03   7.2400000E+02   1.0000000E+00   4.7161202E-04   3.4144710E-01
   1.5550429E+03   7.6700000E+02   1.0000000E+00   4.7434169E-04   3.6382008E-01
   1.5550505E+03   7.3400000E+02   0.0000000E+00   0.0000000E+00   0.0000000E+00
   1.5550580E+03   7.8900000E+02   1.0000000E+00   7.9922053E-05   6.3058500E-02
   1.5550655E+03   7.6800000E+02   2.0000000E+00   1.2323515E-08   4.7322299E-06
   1.5550731E+03   7.3300000E+02   1.0000000E+00   1.0700149E-03   7.8432094E-01
   1.5550806E+03   7.1200000E+02   0.0000000E+00   0.0000000E+00   0.0000000E+00
   1.5550881E+03   7.4600000E+02   0.0000000E+00   0.0000000E+00   0.0000000E+00
   1.5550956E+03   7.4500000E+02   1.0000000E+00   4.5994634E-09   3.4266002E-06
   1.5551032E+03   8.0000000E+02   0.0000000E+00   0.0000000E+00   0.0000000E+00
   1.5551107E+03   7.2100000E+02   0.0000000E+00   0.0000000E+00   0.0000000E+00
   1.5551182E+03   7.6200000E+02   1.0000000E+00   5.2332326E-04   3.9877232E-01
   1.5551257E+03   7.2400000E+02   0.0000000E+00   0.0000000E+00   0.0000000E+00
   1.5551333E+03   8.1100000E+02   2.0000000E+00   4.5979798E-04   1.8644808E-01
   1.5551408E+03   7.3700000E+02   0.0000000E+00   0.0000000E+00   0.0000000E+00
   1.5551483E+03   7.0100000E+02   0.0000000E+00   0.0000000E+00   0.0000000E+00
   1.5551559E+03   7.1600000E+02   1.0000000E+00   1.9500552E-04   1.3962409E-01
   1.5551634E+03   7.4800000E+02   0.0000000E+00   0.0000000E+00   0.0000000E+00
   1.5551709E+03   7.7300000E+02   1.0000000E+00   1.6554583E-04   1.2796693E-01
   1.5551784E+03   7.3700000E+02   1.0000000E+00   7.8330126E-04   5.7729303E-01
   1.5551860E+03   7.5800000E+02   1.0000000E+00   1.0022913E-05   7.5973680E-03
   1.5551935E+03   7.3300000E+02   0.0000000E+00   0.0000000E+00   0.0000000E+00
   1.5552010E+03   7.5400000E+02   0.0000000E+00   0.0000000E+00   0.0000000E+00
   1.5552086E+03   7.7200000E+02   0.0000000E+00   0.0000000E+00   0.0000000E+00
   1.5552161E+03   7.4500000E+02   3.0000000E+00   1.9766663E-07   4.9087214E-05
   1.5552236E+03   7.6300000E+02   1.0000000E+00   1.4079656E-05   5.7061745E-04
   1.5552311E+03   7.5200000E+02   2.0000000E+00   5.6328862E-04   2.1179652E-01
   1.5552387E+03   7.2800000E+02   1.0000000E+00   1.1085060E-03   8.0699239E-01
   1.5552462E+03   8.3300000E+02   1.0000000E+00   5.2159092E-05   4.3448524E-02
   1.5552537E+03   7.8200000E+02   0.0000000E+00   0.0000000E+00   0.0000000E+00
   1.5552613E+03   7.6300000E+02   0.0000000E+00   0.0000000E+00   0.0000000E+00
   1.5552688E+03   7.5800000E+02   0.0000000E+00   0.0000000E+00   0.0000000E+00
   1.5552763E+03   7.7100000E+02   1.0000000E+00   4.3971412E-04   3.3901959E-01
   1.5552838E+03   7.6900000E+02   1.0000000E+00   2.2084645E-08   1.6983092E-05
   1.5552914E+03   7.5000000E+02   1.0000000E+00   1.1027850E-03   8.2708876E-01
   1.5552989E+03   7.3900000E+02   1.0000000E+00   5.3461844E-05   3.6839167E-02
   1.5553064E+03   7.7100000E+02   2.0000000E+00   8.4404275E-04   3.1493462E-01
   1.5553140E+03   7.0400000E+02   0.0000000E+00   0.0000000E+00   0.0000000E+00
   1.5553215E+03   7.5200000E+02   0.0000000E+00   0.0000000E+00   0.0000000E+00
   1.5553290E+03   7.5100000E+02   2.0000000E+00   8.5183102E-04   3.1986255E-01
   1.5553365E+03   7.4900000E+02   1.0000000E+00   2.8938786E-04   2.1675151E-01
   1.5553441E+03   7.6800000E+02   0.0000000E+00   0.0000000E+00   0.0000000E+00
   1.5553516E+03   7.4500000E+02   1.0000000E+00   1.0542203E-04   7.8539412E-02
   1.5553591E+03   7.4900000E+02   2.0000000E+00   1.1145165E-03   4.1738642E-01
   1.5553667E+03   7.4900000E+02   0.0000000E+00   0.0000000E+00   0.0000000E+00
   1.5553742E+03   7.1600000E+02   0.0000000E+00   1.9388707E-04   0.0000000E+00
   1.5553817E+03   7.2000000E+02   2.0000000E+00   6.6232346E-04   2.3843645E-01
   1.5553892E+03   7.6900000E+02   0.0000000E+00   0.0000000E+00   0.0000000E+00
   1.5553968E+03   7.3800000E+02   3.0000000E+00   8.5296587E-04   2.0982960E-01
   1.5554043E+03   7.1800000E+02   1.0000000E+00   1.2499264E-03   8.9744716E-01
   1.5554118E+03   7.3600000E+02   1.0000000E+00   4.2073000E-04   3.0965728E-01
   1.5554194E+03   7.5800000E+02   0.0000000E+00   0.0000000E+00   0.0000000E+00
   1.5554269E+03   7.5100000E+02   0.0000000E+00   0.0000000E+00   0.0000000E+00
   1.5554344E+03   7.3000000E+02   2.0000000E+00   3.3275227E-04   1.2145458E-01
   1.5554419E+03   7.5000000E+02   0.0000000E+00   0.0000000E+00   0.0000000E+00
   1.5554495E+03   7.3100000E+02   1.0000000E+00   7.1552711E-10   5.2305032E-07
   1.5554570E+03   7.7200000E+02   1.0000000E+00   5.6666207E-04   4.3746311E-01
   1.5554645E+03   7.2800000E+02   2.0000000E+00   8.4259149E-05   3.0670330E-02
   1.5554721E+03   7.6000000E+02   1.0000000E+00   2.1552708E-04   1.6380058E-01
   1.5554796E+03   7.7700000E+02   2.0000000E+00   1.1291723E-03   4.3868343E-01
   1.5554871E+03   8.2000000E+02   0.0000000E+00   0.0000000E+00   0.0000000E+00
   1.5554946E+03   7.1800000E+02   0.0000000E+00   0.0000000E+00   0.0000000E+00
   1.5555022E+03   7.8200000E+02   0.0000000E+00   0.0000000E+00   0.0000000E+00
   1.5555097E+03   7.6700000E+02   1.0000000E+00   1.9251518E-04   1.4765914E-01
   1.5555172E+03   7.3700000E+02   1.0000000E+00   8.2158977E-04   6.2718932E-01
   1.5555248E+03   8.1500000E+02   0.0000000E+00   0.0000000E+00   0.0000000E+00
   1.5555323E+03   6.9500000E+02   0.0000000E+00   0.0000000E+00   0.0000000E+00
   1.5555398E+03   7.6400000E+02   0.0000000E+00   0.0000000E+00   0.0000000E+00
   1.5555473E+03   7.4800000E+02   0.0000000E+00   0.0000000E+00   0.0000000E+00
   1.5555549E+03   7.6300000E+02   2.0000000E+00   1.1920286E-03   4.5475893E-01
   1.5555624E+03   7.4600000E+02   1.0000000E+00   5.9565434E-04   1.7458809E-02
   1.5555699E+03   7.4200000E+02   1.0000000E+00   5.3116196E-04   7.8511468E-03
   1.5555774E+03   7.4200000E+02   1.0000000E+00   2.8124273E-08   2.0868211E-05
   1.5555850E+03   7.2200000E+02   0.0000000E+00   0.0000000E+00   0.0000000E+00
   1.5555925E+03   7.6500000E+02   2.0000000E+00   6.3510855E-04   2.4292902E-01
   1.5556000E+03   7.7400000E+02   0.0000000E+00   0.0000000E+00   0.0000000E+00
   1.5556076E+03   7.7400000E+02   1.0000000E+00   2.3549809E-04   2.2601043E-01
   1.5556151E+03   7.5000000E+02   1.0000000E+00   4.8000490E-05   3.6000368E-02
   1.5556226E+03   7.5400000E+02   0.0000000E+00   0.0000000E+00   0.0000000E+00
   1.5556301E+03   7.3500000E+02   0.0000000E+00   0.0000000E+00   0.0000000E+00
   1.5556377E+03   7.6900000E+02   3.0000000E+00   2.1056150E-03   5.3973930E-01
   1.5556452E+03   7.5400000E+02   1.0000000E+00   1.1532161E-04   8.6952496E-02
   1.5556527E+03   7.6700000E+02   0.0000000E+00   0.0000000E+00   0.0000000E+00
   1.5556603E+03   7.7500000E+02   2.0000000E+00   7.3312230E-04   2.8408489E-01
   1.5556678E+03   7.6800000E+02   0.0000000E+00   0.0000000E+00   0.0000000E+00
   1.5556753E+03   7.0200000E+02   0.0000000E+00   0.0000000E+00   0.0000000E+00
   1.5556828E+03   7.1200000E+02   0.0000000E+00   4.6447453E-09   0.0000000E+00
   1.5556904E+03   7.3100000E+02   1.0000000E+00   6.5898519E-04   4.8171817E-01
   1.5556979E+03   7.5000000E+02   1.0000000E+00   1.4918421E-09   1.1188816E-06
   1.5557054E+03   7.7400000E+02   0.0000000E+00   1.5464097E-04   0.0000000E+00
   1.5557130E+03   7.5900000E+02   0.0000000E+00   1.3581266E-04   0.0000000E+00
   1.5557205E+03   7.6600000E+02   0.0000000E+00   0.0000000E+00   0.0000000E+00
   1.5557280E+03   7.1800000E+02   0.0000000E+00   1.3496080E-04   0.0000000E+00
   1.5557355E+03   7.6900000E+02   2.0000000E+00   8.1216082E-04   3.1227584E-01
   1.5557431E+03   7.8100000E+02   3.0000000E+00   1.2000555E-04   3.1241446E-02
   1.5557506E+03   7.7100000E+02   2.0000000E+00   5.7336212E-04   2.2103110E-01
   1.5557581E+03   7.7100000E+02   1.0000000E+00   6.8039992E-09   5.2458834E-06
   1.5557657E+03   8.0400000E+02   0.0000000E+00   0.0000000E+00   0.0000000E+00
   1.5557732E+03   7.2600000E+02   0.0000000E+00   0.0000000E+00   0.0000000E+00
   1.5557807E+03   7.7100000E+02   1.0000000E+00   3.1554370E-05   2.4328419E-02
   1.5557882E+03   7.6800000E+02   0.0000000E+00   2.9436287E-06   0.0000000E+00
   1.5557958E+03   7.3500000E+02   0.0000000E+00   3.0077432E-04   0.0000000E+00
   1.5558033E+03   7.4700000E+02   1.0000000E+00   6.5066119E-04   4.8604391E-01
   1.5558108E+03   7.8900000E+02   3.0000000E+00   1.0986712E-03   2.8895053E-01
   1.5558184E+03   7.0400000E+02   0.0000000E+00   0.0000000E+00   0.0000000E+00
   1.5558259E+03   7.5000000E+02   1.0000000E+00   6.4897411E-04   4.8673058E-01
   1.5558334E+03   7.3800000E+02   0.0000000E+00   8.7451816E-09   0.0000000E+00
   1.5558409E+03   7.3900000E+02   1.0000000E+00   5.7484293E-04   4.2480893E-01
   1.5558485E+03   8.0700000E+02   2.0000000E+00   8.4098384E-04   3.3933698E-01
   1.5558560E+03   7.2000000E+02   0.0000000E+00   0.0000000E+00   0.0000000E+00
   1.5558635E+03   7.5400000E+02   0.0000000E+00   0.0000000E+00   0.0000000E+00
   1.5558711E+03   8.1100000E+02   0.0000000E+00   0.0000000E+00   0.0000000E+00
   1.5558786E+03   7.3700000E+02   1.0000000E+00   1.2860830E-06   9.4784315E-04
   1.5558861E+03   7.4100000E+02   2.0000000E+00   3.2902063E-04   1.2190214E-01
   1.5558936E+03   7.5000000E+02   0.0000000E+00   0.0000000E+00   0.0000000E+00
   1.5559012E+03   7.6500000E+02   2.0000000E+00   1.4001424E-04   5.3555446E-02
   1.5559087E+03   7.6700000E+02   0.0000000E+00   0.0000000E+00   0.0000000E+00
   1.5559162E+03   7.3700000E+02   1.0000000E+00   6.9452253E-04   5.1186311E-01
   1.5559238E+03   7.1600000E+02   0.0000000E+00   0.0000000E+00   0.0000000E+00
   1.5559313E+03   7.3000000E+02   1.0000000E+00   3.1086894E-04   2.2693433E-01
   1.5559388E+03   7.3700000E+02   0.0000000E+00   0.0000000E+00   0.0000000E+00
   1.5559463E+03   7.1500000E+02   1.0000000E+00   9.3767861E-09   6.7044021E-06
   1.5559539E+03   7.5700000E+02   0.0000000E+00   0.0000000E+00   0.0000000E+00
   1.5559614E+03   7.6200000E+02   0.0000000E+00   0.0000000E+00   0.0000000E+00
   1.5559689E+03   7.3800000E+02   1.0000000E+00   7.8638985E-08   5.8035571E-05
   1.5559765E+03   7.4100000E+02   0.0000000E+00   2.3135745E-04   0.0000000E+00
   1.5559840E+03   7.3200000E+02   1.0000000E+00   2.4165143E-09   1.7688885E-06
   1.5559915E+03   8.1500000E+02   0.0000000E+00   0.0000000E+00   0.0000000E+00
   1.5559990E+03   7.5500000E+02   0.0000000E+00   0.0000000E+00   0.0000000E+00
   1.5560066E+03   7.6700000E+02   0.0000000E+00   0.0000000E+00   0.0000000E+00
   1.5560141E+03   7.5200000E+02   0.0000000E+00   0.0000000E+00   0.0000000E+00
   1.5560216E+03   7.3000000E+02   0.0000000E+00   0.0000000E+00   0.0000000E+00
   1.5560291E+03   8.3800000E+02   0.0000000E+00   0.0000000E+00   0.0000000E+00
   1.5560367E+03   7.8100000E+02   0.0000000E+00   0.0000000E+00   0.0000000E+00
   1.5560442E+03   7.3200000E+02   0.0000000E+00   0.0000000E+00   0.0000000E+00
   1.5560517E+03   7.5000000E+02   0.0000000E+00   0.0000000E+00   0.0000000E+00
   1.5560593E+03   7.6900000E+02   0.0000000E+00   0.0000000E+00   0.0000000E+00
   1.5560668E+03   7.4200000E+02   0.0000000E+00   0.0000000E+00   0.0000000E+00
   1.5560743E+03   7.9500000E+02   0.0000000E+00   0.0000000E+00   0.0000000E+00
   1.5560818E+03   7.3000000E+02   0.0000000E+00   6.5536913E-05   0.0000000E+00
   1.5560894E+03   7.0600000E+02   0.0000000E+00   0.0000000E+00   0.0000000E+00
   1.5560969E+03   7.1600000E+02   1.0000000E+00   7.4443379E-09   5.3301459E-06
   1.5561044E+03   7.3100000E+02   0.0000000E+00   0.0000000E+00   0.0000000E+00
   1.5561120E+03   7.7300000E+02   1.0000000E+00   9.6299060E-04   7.4439173E-01
   1.5561195E+03   7.5300000E+02   0.0000000E+00   0.0000000E+00   0.0000000E+00
   1.5561270E+03   7.5700000E+02   0.0000000E+00   0.0000000E+00   0.0000000E+00
   1.5561345E+03   7.7600000E+02   1.0000000E+00   3.3810080E-10   2.6236622E-07
   1.5561421E+03   7.2000000E+02   1.0000000E+00   6.9526979E-04   5.0059425E-01
   1.5561496E+03   7.6300000E+02   1.0000000E+00   3.1034491E-04   2.3679316E-01
   1.5561571E+03   7.5600000E+02   0.0000000E+00   0.0000000E+00   0.0000000E+00
   1.5561647E+03   7.4500000E+02   1.0000000E+00   1.1308583E-03   8.4248943E-01
   1.5561722E+03   7.6200000E+02   0.0000000E+00   0.0000000E+00   0.0000000E+00
   1.5561797E+03   7.9100000E+02   0.0000000E+00   0.0000000E+00   0.0000000E+00
   1.5561872E+03   7.5000000E+02   1.0000000E+00   1.5156088E-04   1.1367066E-01
   1.5561948E+03   7.5900000E+02   0.0000000E+00   0.0000000E+00   0.0000000E+00
   1.5562023E+03   7.9200000E+02   3.0000000E+00   1.0395789E-03   2.7444883E-01
   1.5562098E+03   7.3200000E+02   1.0000000E+00   7.9232048E-09   5.7997859E-06
   1.5562174E+03   7.8500000E+02   1.0000000E+00   7.1804390E-04   5.6366446E-01
   1.5562249E+03   7.3200000E+02   0.0000000E+00   0.0000000E+00   0.0000000E+00
   1.5562324E+03   7.6800000E+02   1.0000000E+00   1.1265135E-03   8.6516236E-01
   1.5562399E+03   7.3600000E+02   0.0000000E+00   0.0000000E+00   0.0000000E+00
   1.5562475E+03   7.2300000E+02   1.0000000E+00   2.1707808E-09   1.5694745E-06
   1.5562550E+03   7.5400000E+02   0.0000000E+00   3.2673445E-04   0.0000000E+00
   1.5562625E+03   7.9900000E+02   0.0000000E+00   0.0000000E+00   0.0000000E+00
   1.5562701E+03   7.6600000E+02   0.0000000E+00   0.0000000E+00   0.0000000E+00
   1.5562776E+03   7.8100000E+02   0.0000000E+00   0.0000000E+00   0.0000000E+00
   1.5562851E+03   7.3100000E+02   0.0000000E+00   0.0000000E+00   0.0000000E+00
   1.5562926E+03   7.7400000E+02   0.0000000E+00   0.0000000E+00   0.0000000E+00
   1.5563002E+03   7.5900000E+02   0.0000000E+00   7.4836430E-05   0.0000000E+00
   1.5563077E+03   7.8600000E+02   0.0000000E+00   0.0000000E+00   0.0000000E+00
   1.5563152E+03   7.8000000E+02   0.0000000E+00   1.0675672E-03   0.0000000E+00
   1.5563228E+03   7.8500000E+02   0.0000000E+00   0.0000000E+00   0.0000000E+00
   1.5563303E+03   7.6600000E+02   0.0000000E+00   0.0000000E+00   0.0000000E+00
   1.5563378E+03   7.3600000E+02   1.0000000E+00   1.0780429E-08   7.9343959E-06
   1.5563453E+03   7.5900000E+02   0.0000000E+00   0.0000000E+00   0.0000000E+00
   1.5563529E+03   7.8400000E+02   1.0000000E+00   1.2158073E-04   9.5319294E-02
   1.5563604E+03   7.7600000E+02   0.0000000E+00   1.7421615E-05   0.0000000E+00
   1.5563679E+03   7.4500000E+02   0.0000000E+00   0.0000000E+00   0.0000000E+00
   1.5563755E+03   7.5000000E+02   0.0000000E+00   0.0000000E+00   0.0000000E+00
   1.5563830E+03   7.5200000E+02   1.0000000E+00   2.5856669E-04   1.9444215E-01
   1.5563905E+03   7.2900000E+02   0.0000000E+00   0.0000000E+00   0.0000000E+00
   1.5563980E+03   7.3400000E+02   0.0000000E+00   0.0000000E+00   0.0000000E+00
   1.5564056E+03   7.6700000E+02   1.0000000E+00   5.5004357E-05   4.2188342E-02
   1.5564131E+03   7.5400000E+02   0.0000000E+00   0.0000000E+00   0.0000000E+00
   1.5564206E+03   7.7300000E+02   0.0000000E+00   1.8565293E-06   0.0000000E+00
   1.5564282E+03   7.6800000E+02   0.0000000E+00   0.0000000E+00   0.0000000E+00
   1.5564357E+03   7.8400000E+02   0.0000000E+00   0.0000000E+00   0.0000000E+00
   1.5564432E+03   7.5600000E+02   0.0000000E+00   0.0000000E+00   0.0000000E+00
   1.5564507E+03   7.6200000E+02   0.0000000E+00   0.0000000E+00   0.0000000E+00
   1.5564583E+03   7.4100000E+02   1.0000000E+00   8.2560977E-04   6.1177684E-01
   1.5564658E+03   7.4400000E+02   0.0000000E+00   0.0000000E+00   0.0000000E+00
   1.5564733E+03   7.4300000E+02   1.0000000E+00   7.1674264E-09   5.3253978E-06
   1.5564808E+03   7.2700000E+02   0.0000000E+00   0.0000000E+00   0.0000000E+00
   1.5564884E+03   7.6100000E+02   0.0000000E+00   0.0000000E+00   0.0000000E+00
   1.5564959E+03   7.8400000E+02   1.0000000E+00   5.5553508E-04   4.3553950E-01
   1.5565034E+03   7.6200000E+02   0.0000000E+00   0.0000000E+00   0.0000000E+00
   1.5565110E+03   7.8200000E+02   0.0000000E+00   0.0000000E+00   0.0000000E+00
   1.5565185E+03   7.1100000E+02   0.0000000E+00   0.0000000E+00   0.0000000E+00
   1.5565260E+03   7.5400000E+02   0.0000000E+00   5.0948360E-04   0.0000000E+00
   1.5565335E+03   7.4900000E+02   1.0000000E+00   4.3127437E-09   3.2302451E-06
   1.5565411E+03   7.4700000E+02   1.0000000E+00   1.2526255E-03   9.3571123E-01
   1.5565486E+03   8.0800000E+02   0.0000000E+00   0.0000000E+00   0.0000000E+00
   1.5565561E+03   7.8000000E+02   0.0000000E+00   0.0000000E+00   0.0000000E+00
   1.5565637E+03   7.2100000E+02   0.0000000E+00   1.2540659E-04   0.0000000E+00
   1.5565712E+03   7.2900000E+02   1.0000000E+00   4.0331953E-07   2.9401994E-04
   1.5565787E+03   7.6500000E+02   0.0000000E+00   0.0000000E+00   0.0000000E+00
   1.5565862E+03   7.3300000E+02   1.0000000E+00   5.7574438E-05   4.2202063E-02
   1.5565938E+03   8.4700000E+02   0.0000000E+00   0.0000000E+00   0.0000000E+00
   1.5566013E+03   7.5100000E+02   0.0000000E+00   0.0000000E+00   0.0000000E+00
   1.5566088E+03   7.2700000E+02   0.0000000E+00   0.0000000E+00   0.0000000E+00
   1.5566164E+03   7.5500000E+02   1.0000000E+00   5.9349049E-06   1.2892400E-08
   1.5566239E+03   7.3200000E+02   1.0000000E+00   2.5249856E-04   1.8482895E-01
   1.5566314E+03   7.5600000E+02   1.0000000E+00   2.8897365E-04   2.1846408E-01
   1.5566389E+03   7.5800000E+02   1.0000000E+00   7.6713793E-05   5.8149055E-02
   1.5566465E+03   7.5800000E+02   0.0000000E+00   0.0000000E+00   0.0000000E+00
   1.5566540E+03   7.3500000E+02   0.0000000E+00   0.0000000E+00   0.0000000E+00
   1.5566615E+03   7.5500000E+02   0.0000000E+00   0.0000000E+00   0.0000000E+00
   1.5566691E+03   8.0100000E+02   0.0000000E+00   0.0000000E+00   0.0000000E+00
   1.5566766E+03   7.4800000E+02   0.0000000E+00   0.0000000E+00   0.0000000E+00
   1.5566841E+03   7.8600000E+02   0.0000000E+00   0.0000000E+00   0.0000000E+00
   1.5566916E+03   7.3200000E+02   0.0000000E+00   0.0000000E+00   0.0000000E+00
   1.5566992E+03   7.7400000E+02   0.0000000E+00   0.0000000E+00   0.0000000E+00
   1.5567067E+03   7.4300000E+02   0.0000000E+00   0.0000000E+00   0.0000000E+00
   1.5567142E+03   7.9600000E+02   1.0000000E+00   2.0726148E-08   1.6498014E-05
   1.5567218E+03   7.2000000E+02   0.0000000E+00   0.0000000E+00   0.0000000E+00
   1.5567293E+03   7.1200000E+02   1.0000000E+00   8.9444988E-04   6.3684831E-01
   1.5567368E+03   7.4100000E+02   0.0000000E+00   0.0000000E+00   0.0000000E+00
   1.5567443E+03   7.7200000E+02   0.0000000E+00   0.0000000E+00   0.0000000E+00
   1.5567519E+03   7.6200000E+02   1.0000000E+00   6.9253826E-04   5.2771415E-01
   1.5567594E+03   7.5600000E+02   0.0000000E+00   1.0809295E-04   0.0000000E+00
   1.5567669E+03   7.4200000E+02   1.0000000E+00   5.9169454E-04   4.2604610E-01
   1.5567745E+03   7.9400000E+02   1.0000000E+00   1.9800203E-04   8.4761119E-06
   1.5567820E+03   7.4400000E+02   0.0000000E+00   0.0000000E+00   0.0000000E+00
   1.5567895E+03   7.3500000E+02   1.0000000E+00   1.8297966E-05   1.3449005E-02
   1.5567970E+03   7.6800000E+02   0.0000000E+00   0.0000000E+00   0.0000000E+00
   1.5568046E+03   7.4900000E+02   0.0000000E+00   0.0000000E+00   0.0000000E+00
   1.5568121E+03   7.3600000E+02   1.0000000E+00   4.4921145E-04   3.3061963E-01
   1.5568196E+03   7.0500000E+02   0.0000000E+00   0.0000000E+00   0.0000000E+00
   1.5568272E+03   7.4800000E+02   1.0000000E+00   1.6036832E-09   1.1995550E-06
   1.5568347E+03   7.7100000E+02   1.0000000E+00   1.5388061E-09   1.1864195E-06
   1.5568422E+03   7.7500000E+02   1.0000000E+00   6.7325904E-09   5.2177575E-06
   1.5568497E+03   7.5300000E+02   0.0000000E+00   0.0000000E+00   0.0000000E+00
   1.5568573E+03   7.7200000E+02   1.0000000E+00   1.0670544E-05   6.7223379E-03
   1.5568648E+03   6.9700000E+02   0.0000000E+00   0.0000000E+00   0.0000000E+00
   1.5568723E+03   7.7100000E+02   0.0000000E+00   0.0000000E+00   0.0000000E+00
   1.5568799E+03   7.4200000E+02   1.0000000E+00   1.3989073E-05   1.0379892E-02
   1.5568874E+03   7.6400000E+02   0.0000000E+00   0.0000000E+00   0.0000000E+00
   1.5568949E+03   7.5400000E+02   0.0000000E+00   0.0000000E+00   0.0000000E+00
   1.5569024E+03   7.7200000E+02   0.0000000E+00   0.0000000E+00   0.0000000E+00
   1.5569100E+03   7.1700000E+02   0.0000000E+00   0.0000000E+00   0.0000000E+00
   1.5569175E+03   7.7800000E+02   2.0000000E+00   5.4578799E-05   2.1231153E-02
   1.5569250E+03   7.3000000E+02   1.0000000E+00   2.4365064E-10   1.7786497E-07
   1.5569325E+03   7.0600000E+02   0.0000000E+00   2.8212316E-07   0.0000000E+00
   1.5569401E+03   7.8000000E+02   0.0000000E+00   0.0000000E+00   0.0000000E+00
   1.5569476E+03   7.0800000E+02   0.0000000E+00   0.0000000E+00   0.0000000E+00
   1.5569551E+03   7.6500000E+02   1.0000000E+00   8.9602040E-05   6.8545560E-02
   1.5569627E+03   7.3000000E+02   0.0000000E+00   2.2593177E-04   0.0000000E+00
   1.5569702E+03   7.3400000E+02   0.0000000E+00   0.0000000E+00   0.0000000E+00
   1.5569777E+03   7.4900000E+02   0.0000000E+00   0.0000000E+00   0.0000000E+00
   1.5569852E+03   7.7000000E+02   0.0000000E+00   0.0000000E+00   0.0000000E+00
   1.5569928E+03   7.4900000E+02   0.0000000E+00   0.0000000E+00   0.0000000E+00
   1.5570003E+03   7.3300000E+02   0.0000000E+00   0.0000000E+00   0.0000000E+00
   1.5570078E+03   7.8500000E+02   0.0000000E+00   0.0000000E+00   0.0000000E+00
   1.5570154E+03   7.6300000E+02   0.0000000E+00   0.0000000E+00   0.0000000E+00
   1.5570229E+03   7.3600000E+02   2.0000000E+00   1.1598408E-03   4.2682140E-01
   1.5570304E+03   7.6400000E+02   0.0000000E+00   0.0000000E+00   0.0000000E+00
   1.5570379E+03   7.5200000E+02   0.0000000E+00   0.0000000E+00   0.0000000E+00
   1.5570455E+03   7.6600000E+02   0.0000000E+00   0.0000000E+00   0.0000000E+00
   1.5570530E+03   7.6600000E+02   0.0000000E+00   0.0000000E+00   0.0000000E+00
   1.5570605E+03   7.5100000E+02   0.0000000E+00   0.0000000E+00   0.0000000E+00
   1.5570681E+03   6.9600000E+02   1.0000000E+00   7.1428211E-05   3.8501118E-07
   1.5570756E+03   7.3300000E+02   1.0000000E+00   1.1674237E-08   8.5572155E-06
   1.5570831E+03   7.7500000E+02   0.0000000E+00   0.0000000E+00   0.0000000E+00
   1.5570906E+03   7.4000000E+02   0.0000000E+00   0.0000000E+00   0.0000000E+00
   1.5570982E+03   7.4700000E+02   0.0000000E+00   0.0000000E+00   0.0000000E+00
   1.5571057E+03   7.8900000E+02   0.0000000E+00   4.9779472E-05   0.0000000E+00
   1.5571132E+03   7.2500000E+02   0.0000000E+00   0.0000000E+00   0.0000000E+00
   1.5571208E+03   7.3500000E+02   1.0000000E+00   2.0336346E-09   1.4947215E-06
   1.5571283E+03   7.7600000E+02   0.0000000E+00   0.0000000E+00   0.0000000E+00
   1.5571358E+03   7.3600000E+02   1.0000000E+00   3.1233725E-04   2.2988022E-01
   1.5571433E+03   7.3800000E+02   0.0000000E+00   0.0000000E+00   0.0000000E+00
   1.5571509E+03   7.0700000E+02   0.0000000E+00   0.0000000E+00   0.0000000E+00
   1.5571584E+03   7.3500000E+02   0.0000000E+00   0.0000000E+00   0.0000000E+00
   1.5571659E+03   7.1700000E+02   1.0000000E+00   7.3971760E-05   5.3037752E-02
   1.5571735E+03   6.8000000E+02   1.0000000E+00   4.1006840E-04   7.2786270E-02
   1.5571810E+03   7.0300000E+02   0.0000000E+00   0.0000000E+00   0.0000000E+00
   1.5571885E+03   7.6600000E+02   0.0000000E+00   0.0000000E+00   0.0000000E+00
   1.5571960E+03   7.8900000E+02   0.0000000E+00   0.0000000E+00   0.0000000E+00
   1.5572036E+03   7.3300000E+02   0.0000000E+00   0.0000000E+00   0.0000000E+00
   1.5572111E+03   7.5400000E+02   0.0000000E+00   0.0000000E+00   0.0000000E+00
   1.5572186E+03   7.2200000E+02   0.0000000E+00   0.0000000E+00   0.0000000E+00
   1.5572262E+03   7.7100000E+02   0.0000000E+00   0.0000000E+00   0.0000000E+00
   1.5572337E+03   7.3900000E+02   2.0000000E+00   1.3231243E-03   4.8889444E-01
   1.5572412E+03   7.3700000E+02   0.0000000E+00   0.0000000E+00   0.0000000E+00
   1.5572487E+03   7.4100000E+02   1.0000000E+00   9.6043723E-11   7.1168399E-08
   1.5572563E+03   7.0400000E+02   0.0000000E+00   0.0000000E+00   0.0000000E+00
   1.5572638E+03   7.3800000E+02   0.0000000E+00   0.0000000E+00   0.0000000E+00
   1.5572713E+03   7.3400000E+02   1.0000000E+00   1.2611633E-03   9.2569386E-01
   1.5572789E+03   7.5700000E+02   0.0000000E+00   0.0000000E+00   0.0000000E+00
   1.5572864E+03   7.3700000E+02   0.0000000E+00   0.0000000E+00   0.0000000E+00
   1.5572939E+03   7.1600000E+02   0.0000000E+00   0.0000000E+00   0.0000000E+00
   1.5573014E+03   7.5200000E+02   0.0000000E+00   0.0000000E+00   0.0000000E+00
   1.5573090E+03   7.9400000E+02   0.0000000E+00   0.0000000E+00   0.0000000E+00
   1.5573165E+03   7.4100000E+02   0.0000000E+00   0.0000000E+00   0.0000000E+00
   1.5573240E+03   7.7100000E+02   0.0000000E+00   0.0000000E+00   0.0000000E+00
   1.5573316E+03   7.8800000E+02   2.0000000E+00   6.7198644E-06   2.6476266E-03
   1.5573391E+03   7.6000000E+02   0.0000000E+00   0.0000000E+00   0.0000000E+00
   1.5573466E+03   7.4200000E+02   1.0000000E+00   2.8604684E-08   2.1224676E-05
   1.5573541E+03   6.9800000E+02   0.0000000E+00   0.0000000E+00   0.0000000E+00
   1.5573617E+03   8.0900000E+02   2.0000000E+00   3.0655126E-04   1.2399998E-01
   1.5573692E+03   7.4700000E+02   1.0000000E+00   3.3559698E-04   2.5069095E-01
   1.5573767E+03   7.7800000E+02   0.0000000E+00   0.0000000E+00   0.0000000E+00
   1.5573842E+03   7.3100000E+02   0.0000000E+00   0.0000000E+00   0.0000000E+00
   1.5573918E+03   7.6200000E+02   0.0000000E+00   0.0000000E+00   0.0000000E+00
   1.5573993E+03   7.2700000E+02   0.0000000E+00   0.0000000E+00   0.0000000E+00
   1.5574068E+03   7.6000000E+02   1.0000000E+00   1.1758263E-03   8.9362795E-01
   1.5574144E+03   7.4500000E+02   0.0000000E+00   0.0000000E+00   0.0000000E+00
   1.5574219E+03   7.6000000E+02   2.0000000E+00   2.8071563E-04   1.0667194E-01
   1.5574294E+03   7.4300000E+02   0.0000000E+00   0.0000000E+00   0.0000000E+00
   1.5574369E+03   7.3800000E+02   0.0000000E+00   0.0000000E+00   0.0000000E+00
   1.5574445E+03   7.4800000E+02   1.0000000E+00   6.7231489E-05   5.0289154E-02
   1.5574520E+03   7.1400000E+02   0.0000000E+00   0.0000000E+00   0.0000000E+00
   1.5574595E+03   8.0500000E+02   0.0000000E+00   0.0000000E+00   0.0000000E+00
   1.5574671E+03   7.8900000E+02   0.0000000E+00   0.0000000E+00   0.0000000E+00
   1.5574746E+03   7.4500000E+02   0.0000000E+00   0.0000000E+00   0.0000000E+00
   1.5574821E+03   7.2700000E+02   0.0000000E+00   0.0000000E+00   0.0000000E+00
   1.5574896E+03   7.7900000E+02   0.0000000E+00   4.2659824E-05   0.0000000E+00
   1.5574972E+03   7.5400000E+02   0.0000000E+00   0.0000000E+00   0.0000000E+00
   1.5575047E+03   8.0000000E+02   0.0000000E+00   0.0000000E+00   0.0000000E+00
   1.5575122E+03   7.3000000E+02   0.0000000E+00   6.7098103E-04   0.0000000E+00
   1.5575198E+03   7.1400000E+02   0.0000000E+00   0.0000000E+00   0.0000000E+00
   1.5575273E+03   7.5700000E+02   0.0000000E+00   0.0000000E+00   0.0000000E+00
   1.5575348E+03   7.4800000E+02   0.0000000E+00   0.0000000E+00   0.0000000E+00
   1.5575423E+03   7.8200000E+02   0.0000000E+00   0.0000000E+00   0.0000000E+00
   1.5575499E+03   7.8800000E+02   0.0000000E+00   0.0000000E+00   0.0000000E+00
   1.5575574E+03   7.5800000E+02   0.0000000E+00   0.0000000E+00   0.0000000E+00
   1.5575649E+03   7.3500000E+02   0.0000000E+00   0.0000000E+00   0.0000000E+00
   1.5575725E+03   7.6900000E+02   0.0000000E+00   0.0000000E+00   0.0000000E+00
   1.5575800E+03   7.8700000E+02   0.0000000E+00   0.0000000E+00   0.0000000E+00
   1.5575875E+03   7.9900000E+02   0.0000000E+00   0.0000000E+00   0.0000000E+00
   1.5575950E+03   7.5800000E+02   0.0000000E+00   0.0000000E+00   0.0000000E+00
   1.5576026E+03   7.8100000E+02   0.0000000E+00   0.0000000E+00   0.0000000E+00
   1.5576101E+03   8.3800000E+02   0.0000000E+00   0.0000000E+00   0.0000000E+00
   1.5576176E+03   7.6900000E+02   1.0000000E+00   5.0798619E-04   3.9064138E-01
   1.5576252E+03   7.2700000E+02   0.0000000E+00   5.5989590E-05   0.0000000E+00
   1.5576327E+03   7.6100000E+02   0.0000000E+00   0.0000000E+00   0.0000000E+00
   1.5576402E+03   7.7000000E+02   0.0000000E+00   0.0000000E+00   0.0000000E+00
   1.5576477E+03   7.6800000E+02   0.0000000E+00   0.0000000E+00   0.0000000E+00
   1.5576553E+03   7.3900000E+02   0.0000000E+00   0.0000000E+00   0.0000000E+00
   1.5576628E+03   7.1800000E+02   1.0000000E+00   7.7513263E-04   5.5654523E-01
   1.5576703E+03   7.5300000E+02   0.0000000E+00   0.0000000E+00   0.0000000E+00
   1.5576779E+03   7.7600000E+02   0.0000000E+00   0.0000000E+00   0.0000000E+00
   1.5576854E+03   7.7900000E+02   0.0000000E+00   0.0000000E+00   0.0000000E+00
   1.5576929E+03   7.8600000E+02   1.0000000E+00   5.5720829E-09   4.3796571E-06
   1.5577004E+03   7.3200000E+02   0.0000000E+00   0.0000000E+00   0.0000000E+00
   1.5577080E+03   7.6800000E+02   0.0000000E+00   0.0000000E+00   0.0000000E+00
   1.5577155E+03   7.8300000E+02   0.0000000E+00   0.0000000E+00   0.0000000E+00
   1.5577230E+03   7.2700000E+02   0.0000000E+00   0.0000000E+00   0.0000000E+00
   1.5577306E+03   7.5800000E+02   0.0000000E+00   3.3405871E-05   0.0000000E+00
   1.5577381E+03   7.9000000E+02   0.0000000E+00   0.0000000E+00   0.0000000E+00
   1.5577456E+03   7.6600000E+02   0.0000000E+00   8.2122586E-04   0.0000000E+00
   1.5577531E+03   7.7500000E+02   0.0000000E+00   1.7841973E-04   0.0000000E+00
   1.5577607E+03   7.5000000E+02   0.0000000E+00   0.0000000E+00   0.0000000E+00
   1.5577682E+03   7.4000000E+02   0.0000000E+00   1.3158479E-05   0.0000000E+00
   1.5577757E+03   7.8000000E+02   0.0000000E+00   0.0000000E+00   0.0000000E+00
   1.5577833E+03   7.6300000E+02   0.0000000E+00   0.0000000E+00   0.0000000E+00
   1.5577908E+03   7.4000000E+02   0.0000000E+00   0.0000000E+00   0.0000000E+00
   1.5577983E+03   7.2100000E+02   1.0000000E+00   1.1392368E-03   8.2138971E-01
   1.5578058E+03   7.7100000E+02   0.0000000E+00   0.0000000E+00   0.0000000E+00
   1.5578134E+03   7.9200000E+02   0.0000000E+00   0.0000000E+00   0.0000000E+00
   1.5578209E+03   7.7000000E+02   0.0000000E+00   0.0000000E+00   0.0000000E+00
   1.5578284E+03   7.4500000E+02   0.0000000E+00   1.0839261E-10   0.0000000E+00
   1.5578359E+03   7.6900000E+02   0.0000000E+00   1.0136242E-05   0.0000000E+00
   1.5578435E+03   7.3600000E+02   0.0000000E+00   0.0000000E+00   0.0000000E+00
   1.5578510E+03   7.6300000E+02   1.0000000E+00   1.2067624E-03   9.2075968E-01
   1.5578585E+03   7.6200000E+02   0.0000000E+00   2.3197019E-10   0.0000000E+00
   1.5578661E+03   7.1200000E+02   2.0000000E+00   1.0000539E-03   3.5601918E-01
   1.5578736E+03   7.1600000E+02   1.0000000E+00   5.1685077E-10   3.7006515E-07
   1.5578811E+03   7.2800000E+02   0.0000000E+00   0.0000000E+00   0.0000000E+00
   1.5578886E+03   7.9400000E+02   0.0000000E+00   0.0000000E+00   0.0000000E+00
   1.5578962E+03   7.0900000E+02   0.0000000E+00   0.0000000E+00   0.0000000E+00
   1.5579037E+03   7.3700000E+02   0.0000000E+00   0.0000000E+00   0.0000000E+00
   1.5579112E+03   8.0300000E+02   0.0000000E+00   0.0000000E+00   0.0000000E+00
   1.5579188E+03   8.0300000E+02   0.0000000E+00   0.0000000E+00   0.0000000E+00
   1.5579263E+03   7.7500000E+02   1.0000000E+00   1.0754571E-03   8.3347925E-01
   1.5579338E+03   7.4000000E+02   0.0000000E+00   0.0000000E+00   0.0000000E+00
   1.5579413E+03   7.5200000E+02   1.0000000E+00   3.1379539E-09   2.3597413E-06
   1.5579489E+03   6.9000000E+02   0.0000000E+00   0.0000000E+00   0.0000000E+00
   1.5579564E+03   7.5900000E+02   1.0000000E+00   2.4206424E-09   1.8372676E-06
   1.5579639E+03   7.6500000E+02   0.0000000E+00   0.0000000E+00   0.0000000E+00
   1.5579715E+03   7.9300000E+02   1.0000000E+00   4.8653042E-05   3.8581863E-02
   1.5579790E+03   7.8500000E+02   1.0000000E+00   8.9613803E-04   7.0346836E-01
   1.5579865E+03   7.4800000E+02   0.0000000E+00   0.0000000E+00   0.0000000E+00
   1.5579940E+03   7.3600000E+02   0.0000000E+00   0.0000000E+00   0.0000000E+00
   1.5580016E+03   7.4600000E+02   0.0000000E+00   0.0000000E+00   0.0000000E+00
   1.5580091E+03   7.4200000E+02   0.0000000E+00   0.0000000E+00   0.0000000E+00
   1.5580166E+03   7.6900000E+02   0.0000000E+00   0.0000000E+00   0.0000000E+00
   1.5580242E+03   7.2200000E+02   1.0000000E+00   1.2997216E-03   9.3839900E-01
   1.5580317E+03   7.2500000E+02   0.0000000E+00   0.0000000E+00   0.0000000E+00
   1.5580392E+03   7.1300000E+02   1.0000000E+00   1.3222623E-03   9.4277300E-01
   1.5580467E+03   7.3600000E+02   0.0000000E+00   0.0000000E+00   0.0000000E+00
   1.5580543E+03   7.0800000E+02   1.0000000E+00   1.1157054E-03   7.8991940E-01
   1.5580618E+03   7.5700000E+02   0.0000000E+00   0.0000000E+00   0.0000000E+00
   1.5580693E+03   7.4500000E+02   0.0000000E+00   0.0000000E+00   0.0000000E+00
   1.5580769E+03   6.6600000E+02   1.0000000E+00   7.3493394E-10   4.8946600E-07
   1.5580844E+03   7.6800000E+02   0.0000000E+00   0.0000000E+00   0.0000000E+00
   1.5580919E+03   7.3200000E+02   0.0000000E+00   0.0000000E+00   0.0000000E+00
   1.5580994E+03   7.7100000E+02   0.0000000E+00   0.0000000E+00   0.0000000E+00
   1.5581070E+03   7.6200000E+02   1.0000000E+00   5.6483511E-04   4.3040436E-01
   1.5581145E+03   7.5900000E+02   1.0000000E+00   3.2865802E-05   2.4945144E-02
   1.5581220E+03   7.7300000E+02   0.0000000E+00   0.0000000E+00   0.0000000E+00
   1.5581296E+03   7.5000000E+02   1.0000000E+00   1.4269563E-08   1.0702172E-05
   1.5581371E+03   7.5400000E+02   1.0000000E+00   5.2016836E-04   3.9220695E-01
   1.5581446E+03   7.4600000E+02   0.0000000E+00   0.0000000E+00   0.0000000E+00
   1.5581521E+03   7.2100000E+02   0.0000000E+00   0.0000000E+00   0.0000000E+00
   1.5581597E+03   7.5800000E+02   0.0000000E+00   0.0000000E+00   0.0000000E+00
   1.5581672E+03   7.6800000E+02   1.0000000E+00   3.5338408E-05   2.7139898E-02
   1.5581747E+03   7.1900000E+02   0.0000000E+00   1.5216004E-04   0.0000000E+00
   1.5581823E+03   7.9700000E+02   1.0000000E+00   1.1772225E-03   9.3824630E-01
   1.5581898E+03   7.3800000E+02   0.0000000E+00   0.0000000E+00   0.0000000E+00
   1.5581973E+03   7.3600000E+02   0.0000000E+00   0.0000000E+00   0.0000000E+00
   1.5582048E+03   7.6500000E+02   0.0000000E+00   0.0000000E+00   0.0000000E+00
   1.5582124E+03   7.6300000E+02   0.0000000E+00   0.0000000E+00   0.0000000E+00
   1.5582199E+03   7.4300000E+02   0.0000000E+00   0.0000000E+00   0.0000000E+00
   1.5582274E+03   7.8600000E+02   0.0000000E+00   0.0000000E+00   0.0000000E+00
   1.5582350E+03   7.7600000E+02   0.0000000E+00   0.0000000E+00   0.0000000E+00
   1.5582425E+03   7.6900000E+02   0.0000000E+00   0.0000000E+00   0.0000000E+00
   1.5582500E+03   7.4400000E+02   0.0000000E+00   0.0000000E+00   0.0000000E+00
   1.5582575E+03   7.2900000E+02   0.0000000E+00   0.0000000E+00   0.0000000E+00
   1.5582651E+03   7.1900000E+02   0.0000000E+00   0.0000000E+00   0.0000000E+00
   1.5582726E+03   7.3500000E+02   0.0000000E+00   0.0000000E+00   0.0000000E+00
   1.5582801E+03   7.7000000E+02   0.0000000E+00   3.7557451E-05   0.0000000E+00
   1.5582876E+03   7.4800000E+02   0.0000000E+00   0.0000000E+00   0.0000000E+00
   1.5582952E+03   7.6400000E+02   1.0000000E+00   1.1052973E-03   8.4444716E-01
   1.5583027E+03   7.4500000E+02   0.0000000E+00   0.0000000E+00   0.0000000E+00
   1.5583102E+03   7.3500000E+02   0.0000000E+00   0.0000000E+00   0.0000000E+00
   1.5583178E+03   7.6500000E+02   0.0000000E+00   0.0000000E+00   0.0000000E+00
   1.5583253E+03   7.9800000E+02   0.0000000E+00   0.0000000E+00   0.0000000E+00
   1.5583328E+03   7.7700000E+02   0.0000000E+00   0.0000000E+00   0.0000000E+00
   1.5583403E+03   7.3400000E+02   0.0000000E+00   0.0000000E+00   0.0000000E+00
   1.5583479E+03   7.3100000E+02   0.0000000E+00   0.0000000E+00   0.0000000E+00
   1.5583554E+03   8.1400000E+02   0.0000000E+00   0.0000000E+00   0.0000000E+00
   1.5583629E+03   7.4700000E+02   0.0000000E+00   0.0000000E+00   0.0000000E+00
   1.5583705E+03   7.8400000E+02   0.0000000E+00   0.0000000E+00   0.0000000E+00
   1.5583780E+03   7.5400000E+02   1.0000000E+00   2.9952284E-09   2.2584022E-06
   1.5583855E+03   7.6100000E+02   1.0000000E+00   4.1142446E-04   3.1309402E-01
   1.5583930E+03   7.9700000E+02   0.0000000E+00   0.0000000E+00   0.0000000E+00
   1.5584006E+03   7.1500000E+02   0.0000000E+00   0.0000000E+00   0.0000000E+00
   1.5584081E+03   7.3800000E+02   0.0000000E+00   0.0000000E+00   0.0000000E+00
   1.5584156E+03   7.3900000E+02   0.0000000E+00   0.0000000E+00   0.0000000E+00
   1.5584232E+03   7.3900000E+02   0.0000000E+00   0.0000000E+00   0.0000000E+00
   1.5584307E+03   7.3600000E+02   1.0000000E+00   5.7232662E-04   4.2123239E-01
   1.5584382E+03   7.8000000E+02   0.0000000E+00   0.0000000E+00   0.0000000E+00
   1.5584457E+03   7.9900000E+02   0.0000000E+00   0.0000000E+00   0.0000000E+00
   1.5584533E+03   7.8600000E+02   0.0000000E+00   0.0000000E+00   0.0000000E+00
   1.5584608E+03   7.8100000E+02   0.0000000E+00   0.0000000E+00   0.0000000E+00
   1.5584683E+03   7.8300000E+02   0.0000000E+00   0.0000000E+00   0.0000000E+00
   1.5584759E+03   7.5000000E+02   0.0000000E+00   0.0000000E+00   0.0000000E+00
   1.5584834E+03   7.5000000E+02   0.0000000E+00   0.0000000E+00   0.0000000E+00
   1.5584909E+03   7.9400000E+02   0.0000000E+00   0.0000000E+00   0.0000000E+00
   1.5584984E+03   7.4900000E+02   0.0000000E+00   0.0000000E+00   0.0000000E+00
   1.5585060E+03   7.4100000E+02   0.0000000E+00   0.0000000E+00   0.0000000E+00
   1.5585135E+03   7.4200000E+02   0.0000000E+00   0.0000000E+00   0.0000000E+00
   1.5585210E+03   7.3800000E+02   0.0000000E+00   0.0000000E+00   0.0000000E+00
   1.5585286E+03   6.9200000E+02   1.0000000E+00   4.9036394E-04   3.3933185E-01
   1.5585361E+03   7.9900000E+02   0.0000000E+00   0.0000000E+00   0.0000000E+00
   1.5585436E+03   7.7200000E+02   0.0000000E+00   0.0000000E+00   0.0000000E+00
   1.5585511E+03   7.4500000E+02   0.0000000E+00   0.0000000E+00   0.0000000E+00
   1.5585587E+03   7.4500000E+02   1.0000000E+00   6.0497334E-04   4.5070514E-01
   1.5585662E+03   7.3600000E+02   0.0000000E+00   0.0000000E+00   0.0000000E+00
   1.5585737E+03   7.2800000E+02   0.0000000E+00   0.0000000E+00   0.0000000E+00
   1.5585813E+03   7.0100000E+02   0.0000000E+00   0.0000000E+00   0.0000000E+00
   1.5585888E+03   7.4700000E+02   0.0000000E+00   0.0000000E+00   0.0000000E+00
   1.5585963E+03   7.0200000E+02   0.0000000E+00   0.0000000E+00   0.0000000E+00
   1.5586038E+03   7.8800000E+02   0.0000000E+00   0.0000000E+00   0.0000000E+00
   1.5586114E+03   7.2200000E+02   0.0000000E+00   0.0000000E+00   0.0000000E+00
   1.5586189E+03   7.3400000E+02   0.0000000E+00   0.0000000E+00   0.0000000E+00
   1.5586264E+03   7.6900000E+02   0.0000000E+00   1.1628327E-04   0.0000000E+00
   1.5586340E+03   7.6400000E+02   0.0000000E+00   0.0000000E+00   0.0000000E+00
   1.5586415E+03   7.6900000E+02   0.0000000E+00   0.0000000E+00   0.0000000E+00
   1.5586490E+03   7.3600000E+02   0.0000000E+00   0.0000000E+00   0.0000000E+00
   1.5586565E+03   7.0300000E+02   0.0000000E+00   0.0000000E+00   0.0000000E+00
   1.5586641E+03   6.8700000E+02   0.0000000E+00   0.0000000E+00   0.0000000E+00
   1.5586716E+03   7.2200000E+02   0.0000000E+00   0.0000000E+00   0.0000000E+00
   1.5586791E+03   7.5800000E+02   0.0000000E+00   0.0000000E+00   0.0000000E+00
   1.5586867E+03   7.6700000E+02   0.0000000E+00   0.0000000E+00   0.0000000E+00
   1.5586942E+03   8.2900000E+02   0.0000000E+00   0.0000000E+00   0.0000000E+00
   1.5587017E+03   7.8800000E+02   0.0000000E+00   0.0000000E+00   0.0000000E+00
   1.5587092E+03   7.5400000E+02   0.0000000E+00   0.0000000E+00   0.0000000E+00
   1.5587168E+03   7.4200000E+02   0.0000000E+00   0.0000000E+00   0.0000000E+00
   1.5587243E+03   7.6600000E+02   1.0000000E+00   7.4447333E-04   5.7026657E-01
   1.5587318E+03   6.9000000E+02   0.0000000E+00   0.0000000E+00   0.0000000E+00
   1.5587393E+03   8.0800000E+02   0.0000000E+00   0.0000000E+00   0.0000000E+00
   1.5587469E+03   7.4400000E+02   0.0000000E+00   0.0000000E+00   0.0000000E+00
   1.5587544E+03   7.2400000E+02   0.0000000E+00   0.0000000E+00   0.0000000E+00
   1.5587619E+03   8.0300000E+02   0.0000000E+00   0.0000000E+00   0.0000000E+00
   1.5587695E+03   7.4600000E+02   0.0000000E+00   0.0000000E+00   0.0000000E+00
   1.5587770E+03   7.3100000E+02   0.0000000E+00   0.0000000E+00   0.0000000E+00
   1.5587845E+03   7.8100000E+02   1.0000000E+00   9.7810636E-04   7.6390107E-01
   1.5587920E+03   7.7400000E+02   1.0000000E+00   1.1880158E-03   9.1952425E-01
   1.5587996E+03   7.6400000E+02   0.0000000E+00   0.0000000E+00   0.0000000E+00
   1.5588071E+03   7.2200000E+02   0.0000000E+00   0.0000000E+00   0.0000000E+00
   1.5588146E+03   8.0400000E+02   0.0000000E+00   0.0000000E+00   0.0000000E+00
   1.5588222E+03   7.1000000E+02   0.0000000E+00   0.0000000E+00   0.0000000E+00
   1.5588297E+03   7.5600000E+02   0.0000000E+00   0.0000000E+00   0.0000000E+00
   1.5588372E+03   7.7600000E+02   0.0000000E+00   0.0000000E+00   0.0000000E+00
   1.5588447E+03   7.3200000E+02   0.0000000E+00   0.0000000E+00   0.0000000E+00
   1.5588523E+03   7.5700000E+02   0.0000000E+00   0.0000000E+00   0.0000000E+00
   1.5588598E+03   7.0000000E+02   0.0000000E+00   0.0000000E+00   0.0000000E+00
   1.5588673E+03   7.2200000E+02   0.0000000E+00   0.0000000E+00   0.0000000E+00
   1.5588749E+03   7.6200000E+02   0.0000000E+00   0.0000000E+00   0.0000000E+00
   1.5588824E+03   7.7300000E+02   0.0000000E+00   0.0000000E+00   0.0000000E+00
   1.5588899E+03   7.4900000E+02   0.0000000E+00   0.0000000E+00   0.0000000E+00
   1.5588974E+03   7.8500000E+02   0.0000000E+00   0.0000000E+00   0.0000000E+00
   1.5589050E+03   7.4300000E+02   0.0000000E+00   0.0000000E+00   0.0000000E+00
   1.5589125E+03   7.4000000E+02   0.0000000E+00   0.0000000E+00   0.0000000E+00
   1.5589200E+03   6.9600000E+02   0.0000000E+00   0.0000000E+00   0.0000000E+00
   1.5589276E+03   7.4600000E+02   0.0000000E+00   0.0000000E+00   0.0000000E+00
   1.5589351E+03   7.2900000E+02   0.0000000E+00   0.0000000E+00   0.0000000E+00
   1.5589426E+03   7.8500000E+02   0.0000000E+00   0.0000000E+00   0.0000000E+00
   1.5589501E+03   7.4300000E+02   0.0000000E+00   0.0000000E+00   0.0000000E+00
   1.5589577E+03   7.3200000E+02   1.0000000E+00   7.4567045E-04   5.4583077E-01
   1.5589652E+03   7.8500000E+02   1.0000000E+00   1.6403300E-04   1.2876590E-01
   1.5589727E+03   7.1700000E+02   0.0000000E+00   0.0000000E+00   0.0000000E+00
   1.5589803E+03   7.1800000E+02   0.0000000E+00   3.0827263E-06   0.0000000E+00
   1.5589878E+03   7.5500000E+02   0.0000000E+00   0.0000000E+00   0.0000000E+00
   1.5589953E+03   7.3900000E+02   0.0000000E+00   0.0000000E+00   0.0000000E+00
   1.5590028E+03   7.4600000E+02   0.0000000E+00   7.1226787E-06   0.0000000E+00
   1.5590104E+03   7.4000000E+02   0.0000000E+00   0.0000000E+00   0.0000000E+00
   1.5590179E+03   7.6100000E+02   0.0000000E+00   0.0000000E+00   0.0000000E+00
   1.5590254E+03   7.0100000E+02   0.0000000E+00   0.0000000E+00   0.0000000E+00
   1.5590330E+03   8.0300000E+02   0.0000000E+00   0.0000000E+00   0.0000000E+00
   1.5590405E+03   7.6300000E+02   0.0000000E+00   0.0000000E+00   0.0000000E+00
   1.5590480E+03   7.1900000E+02   0.0000000E+00   0.0000000E+00   0.0000000E+00
   1.5590555E+03   7.5900000E+02   0.0000000E+00   0.0000000E+00   0.0000000E+00
   1.5590631E+03   7.6300000E+02   0.0000000E+00   0.0000000E+00   0.0000000E+00
   1.5590706E+03   7.8600000E+02   0.0000000E+00   0.0000000E+00   0.0000000E+00
   1.5590781E+03   7.5600000E+02   0.0000000E+00   0.0000000E+00   0.0000000E+00
   1.5590857E+03   7.0200000E+02   0.0000000E+00   0.0000000E+00   0.0000000E+00
   1.5590932E+03   7.4900000E+02   0.0000000E+00   0.0000000E+00   0.0000000E+00
   1.5591007E+03   7.2800000E+02   0.0000000E+00   0.0000000E+00   0.0000000E+00
   1.5591082E+03   7.7300000E+02   0.0000000E+00   0.0000000E+00   0.0000000E+00
   1.5591158E+03   7.4100000E+02   0.0000000E+00   0.0000000E+00   0.0000000E+00
   1.5591233E+03   7.6100000E+02   0.0000000E+00   0.0000000E+00   0.0000000E+00
   1.5591308E+03   7.5300000E+02   0.0000000E+00   0.0000000E+00   0.0000000E+00
   1.5591384E+03   7.5300000E+02   0.0000000E+00   2.5931089E-04   0.0000000E+00
   1.5591459E+03   7.7400000E+02   0.0000000E+00   0.0000000E+00   0.0000000E+00
   1.5591534E+03   8.0500000E+02   0.0000000E+00   0.0000000E+00   0.0000000E+00
   1.5591609E+03   7.3100000E+02   0.0000000E+00   0.0000000E+00   0.0000000E+00
   1.5591685E+03   7.3700000E+02   0.0000000E+00   0.0000000E+00   0.0000000E+00
   1.5591760E+03   7.4200000E+02   0.0000000E+00   0.0000000E+00   0.0000000E+00
   1.5591835E+03   8.0700000E+02   0.0000000E+00   0.0000000E+00   0.0000000E+00
   1.5591910E+03   7.5800000E+02   0.0000000E+00   0.0000000E+00   0.0000000E+00
   1.5591986E+03   8.2700000E+02   0.0000000E+00   0.0000000E+00   0.0000000E+00
   1.5592061E+03   7.2900000E+02   0.0000000E+00   0.0000000E+00   0.0000000E+00
   1.5592136E+03   8.2200000E+02   0.0000000E+00   0.0000000E+00   0.0000000E+00
   1.5592212E+03   7.2000000E+02   0.0000000E+00   0.0000000E+00   0.0000000E+00
   1.5592287E+03   7.8100000E+02   1.0000000E+00   6.1791341E-08   4.8259037E-05
   1.5592362E+03   7.7200000E+02   0.0000000E+00   0.0000000E+00   0.0000000E+00
   1.5592437E+03   7.3800000E+02   0.0000000E+00   0.0000000E+00   0.0000000E+00
   1.5592513E+03   8.0000000E+02   0.0000000E+00   0.0000000E+00   0.0000000E+00
   1.5592588E+03   7.5600000E+02   0.0000000E+00   0.0000000E+00   0.0000000E+00
   1.5592663E+03   7.5200000E+02   0.0000000E+00   0.0000000E+00   0.0000000E+00
   1.5592739E+03   7.4500000E+02   0.0000000E+00   0.0000000E+00   0.0000000E+00
   1.5592814E+03   7.4700000E+02   0.0000000E+00   0.0000000E+00   0.0000000E+00
   1.5592889E+03   7.3100000E+02   0.0000000E+00   0.0000000E+00   0.0000000E+00
   1.5592964E+03   7.6600000E+02   0.0000000E+00   0.0000000E+00   0.0000000E+00
   1.5593040E+03   7.5800000E+02   0.0000000E+00   0.0000000E+00   0.0000000E+00
   1.5593115E+03   7.6700000E+02   0.0000000E+00   0.0000000E+00   0.0000000E+00
   1.5593190E+03   7.1600000E+02   0.0000000E+00   0.0000000E+00   0.0000000E+00
   1.5593266E+03   7.2800000E+02   0.0000000E+00   5.3458275E-04   0.0000000E+00
   1.5593341E+03   7.5600000E+02   0.0000000E+00   1.3200973E-04   0.0000000E+00
   1.5593416E+03   7.6700000E+02   0.0000000E+00   0.0000000E+00   0.0000000E+00
   1.5593491E+03   7.3300000E+02   0.0000000E+00   0.0000000E+00   0.0000000E+00
   1.5593567E+03   7.4600000E+02   0.0000000E+00   0.0000000E+00   0.0000000E+00
   1.5593642E+03   7.4500000E+02   1.0000000E+00   4.1851035E-04   3.1179021E-01
   1.5593717E+03   7.6200000E+02   0.0000000E+00   0.0000000E+00   0.0000000E+00
   1.5593793E+03   7.5100000E+02   0.0000000E+00   0.0000000E+00   0.0000000E+00
   1.5593868E+03   7.5200000E+02   0.0000000E+00   0.0000000E+00   0.0000000E+00
   1.5593943E+03   7.1400000E+02   0.0000000E+00   0.0000000E+00   0.0000000E+00
   1.5594018E+03   7.5500000E+02   0.0000000E+00   0.0000000E+00   0.0000000E+00
   1.5594094E+03   7.8100000E+02   0.0000000E+00   0.0000000E+00   0.0000000E+00
   1.5594169E+03   7.5900000E+02   0.0000000E+00   0.0000000E+00   0.0000000E+00
   1.5594244E+03   7.5300000E+02   0.0000000E+00   0.0000000E+00   0.0000000E+00
   1.5594320E+03   7.3100000E+02   0.0000000E+00   0.0000000E+00   0.0000000E+00
   1.5594395E+03   7.7400000E+02   0.0000000E+00   0.0000000E+00   0.0000000E+00
   1.5594470E+03   7.5100000E+02   0.0000000E+00   0.0000000E+00   0.0000000E+00
   1.5594545E+03   7.0900000E+02   0.0000000E+00   1.4459802E-04   0.0000000E+00
   1.5594621E+03   7.5900000E+02   0.0000000E+00   0.0000000E+00   0.0000000E+00
   1.5594696E+03   7.2000000E+02   0.0000000E+00   0.0000000E+00   0.0000000E+00
   1.5594771E+03   7.6300000E+02   0.0000000E+00   0.0000000E+00   0.0000000E+00
   1.5594847E+03   7.8900000E+02   0.0000000E+00   0.0000000E+00   0.0000000E+00
   1.5594922E+03   8.1700000E+02   0.0000000E+00   0.0000000E+00   0.0000000E+00
   1.5594997E+03   7.6700000E+02   0.0000000E+00   0.0000000E+00   0.0000000E+00
   1.5595072E+03   7.6300000E+02   0.0000000E+00   0.0000000E+00   0.0000000E+00
   1.5595148E+03   7.5100000E+02   0.0000000E+00   0.0000000E+00   0.0000000E+00
   1.5595223E+03   7.8200000E+02   0.0000000E+00   0.0000000E+00   0.0000000E+00
   1.5595298E+03   7.7400000E+02   0.0000000E+00   0.0000000E+00   0.0000000E+00
   1.5595374E+03   7.3600000E+02   0.0000000E+00   0.0000000E+00   0.0000000E+00
   1.5595449E+03   7.5500000E+02   0.0000000E+00   0.0000000E+00   0.0000000E+00
   1.5595524E+03   7.6700000E+02   0.0000000E+00   0.0000000E+00   0.0000000E+00
   1.5595599E+03   6.9100000E+02   1.0000000E+00   4.9606978E-04   3.4278422E-01
   1.5595675E+03   7.5900000E+02   0.0000000E+00   0.0000000E+00   0.0000000E+00
   1.5595750E+03   7.6600000E+02   0.0000000E+00   9.2607438E-05   0.0000000E+00
   1.5595825E+03   7.1700000E+02   0.0000000E+00   0.0000000E+00   0.0000000E+00
   1.5595901E+03   7.5100000E+02   1.0000000E+00   4.6428760E-04   3.4867999E-01
   1.5595976E+03   7.5100000E+02   0.0000000E+00   0.0000000E+00   0.0000000E+00
   1.5596051E+03   7.5900000E+02   0.0000000E+00   0.0000000E+00   0.0000000E+00
   1.5596126E+03   7.5100000E+02   0.0000000E+00   0.0000000E+00   0.0000000E+00
   1.5596202E+03   7.8600000E+02   0.0000000E+00   0.0000000E+00   0.0000000E+00
   1.5596277E+03   7.7600000E+02   0.0000000E+00   0.0000000E+00   0.0000000E+00
   1.5596352E+03   7.2100000E+02   0.0000000E+00   0.0000000E+00   0.0000000E+00
   1.5596427E+03   7.2800000E+02   0.0000000E+00   0.0000000E+00   0.0000000E+00
   1.5596503E+03   7.8700000E+02   0.0000000E+00   0.0000000E+00   0.0000000E+00
   1.5596578E+03   7.3600000E+02   0.0000000E+00   0.0000000E+00   0.0000000E+00
   1.5596653E+03   7.4800000E+02   0.0000000E+00   0.0000000E+00   0.0000000E+00
   1.5596729E+03   7.4300000E+02   0.0000000E+00   0.0000000E+00   0.0000000E+00
   1.5596804E+03   7.1900000E+02   0.0000000E+00   0.0000000E+00   0.0000000E+00
   1.5596879E+03   7.6100000E+02   0.0000000E+00   0.0000000E+00   0.0000000E+00
   1.5596954E+03   7.7800000E+02   0.0000000E+00   0.0000000E+00   0.0000000E+00
   1.5597030E+03   7.1600000E+02   0.0000000E+00   0.0000000E+00   0.0000000E+00
   1.5597105E+03   7.2200000E+02   0.0000000E+00   0.0000000E+00   0.0000000E+00
   1.5597180E+03   7.3400000E+02   1.0000000E+00   4.0535607E-11   2.9753135E-08
   1.5597256E+03   7.4700000E+02   0.0000000E+00   0.0000000E+00   0.0000000E+00
   1.5597331E+03   7.6500000E+02   0.0000000E+00   0.0000000E+00   0.0000000E+00
   1.5597406E+03   7.7700000E+02   0.0000000E+00   0.0000000E+00   0.0000000E+00
   1.5597481E+03   7.4000000E+02   0.0000000E+00   0.0000000E+00   0.0000000E+00
   1.5597557E+03   7.5500000E+02   0.0000000E+00   0.0000000E+00   0.0000000E+00
   1.5597632E+03   8.0200000E+02   0.0000000E+00   1.8648380E-04   0.0000000E+00
   1.5597707E+03   7.6400000E+02   0.0000000E+00   0.0000000E+00   0.0000000E+00
   1.5597783E+03   7.3100000E+02   0.0000000E+00   0.0000000E+00   0.0000000E+00
   1.5597858E+03   7.4200000E+02   0.0000000E+00   0.0000000E+00   0.0000000E+00
   1.5597933E+03   7.3200000E+02   0.0000000E+00   0.0000000E+00   0.0000000E+00
   1.5598008E+03   7.6300000E+02   1.0000000E+00   9.9382894E-04   7.5829148E-01
   1.5598084E+03   6.9600000E+02   0.0000000E+00   0.0000000E+00   0.0000000E+00
   1.5598159E+03   7.4800000E+02   0.0000000E+00   0.0000000E+00   0.0000000E+00
   1.5598234E+03   7.6800000E+02   0.0000000E+00   0.0000000E+00   0.0000000E+00
   1.5598310E+03   7.6500000E+02   0.0000000E+00   0.0000000E+00   0.0000000E+00
   1.5598385E+03   7.4100000E+02   0.0000000E+00   0.0000000E+00   0.0000000E+00
   1.5598460E+03   7.6200000E+02   0.0000000E+00   0.0000000E+00   0.0000000E+00
   1.5598535E+03   7.9300000E+02   0.0000000E+00   0.0000000E+00   0.0000000E+00
   1.5598611E+03   7.8600000E+02   0.0000000E+00   0.0000000E+00   0.0000000E+00
   1.5598686E+03   7.7300000E+02   0.0000000E+00   0.0000000E+00   0.0000000E+00
   1.5598761E+03   7.5100000E+02   0.0000000E+00   0.0000000E+00   0.0000000E+00
   1.5598837E+03   7.4000000E+02   0.0000000E+00   0.0000000E+00   0.0000000E+00
   1.5598912E+03   7.1400000E+02   0.0000000E+00   0.0000000E+00   0.0000000E+00
   1.5598987E+03   7.3000000E+02   0.0000000E+00   0.0000000E+00   0.0000000E+00
   1.5599062E+03   7.0300000E+02   0.0000000E+00   0.0000000E+00   0.0000000E+00
   1.5599138E+03   7.1300000E+02   0.0000000E+00   0.0000000E+00   0.0000000E+00
   1.5599213E+03   7.4400000E+02   0.0000000E+00   0.0000000E+00   0.0000000E+00
   1.5599288E+03   7.4900000E+02   0.0000000E+00   0.0000000E+00   0.0000000E+00
   1.5599364E+03   7.8300000E+02   0.0000000E+00   0.0000000E+00   0.0000000E+00
   1.5599439E+03   7.4900000E+02   0.0000000E+00   0.0000000E+00   0.0000000E+00
   1.5599514E+03   7.2700000E+02   0.0000000E+00   0.0000000E+00   0.0000000E+00
   1.5599589E+03   7.6800000E+02   0.0000000E+00   0.0000000E+00   0.0000000E+00
   1.5599665E+03   7.3300000E+02   0.0000000E+00   0.0000000E+00   0.0000000E+00
   1.5599740E+03   7.5300000E+02   0.0000000E+00   0.0000000E+00   0.0000000E+00
   1.5599815E+03   7.9300000E+02   0.0000000E+00   0.0000000E+00   0.0000000E+00
   1.5599891E+03   7.6000000E+02   0.0000000E+00   0.0000000E+00   0.0000000E+00
   1.5599966E+03   7.3700000E+02   0.0000000E+00   0.0000000E+00   0.0000000E+00
   1.5600041E+03   7.6600000E+02   0.0000000E+00   4.1155072E-05   0.0000000E+00
   1.5600116E+03   7.8800000E+02   0.0000000E+00   0.0000000E+00   0.0000000E+00
   1.5600192E+03   7.3900000E+02   0.0000000E+00   0.0000000E+00   0.0000000E+00
   1.5600267E+03   7.6900000E+02   0.0000000E+00   0.0000000E+00   0.0000000E+00
   1.5600342E+03   7.8900000E+02   0.0000000E+00   0.0000000E+00   0.0000000E+00
   1.5600418E+03   7.6600000E+02   0.0000000E+00   0.0000000E+00   0.0000000E+00
   1.5600493E+03   7.7200000E+02   0.0000000E+00   0.0000000E+00   0.0000000E+00
   1.5600568E+03   7.4000000E+02   0.0000000E+00   0.0000000E+00   0.0000000E+00
   1.5600643E+03   7.4100000E+02   0.0000000E+00   0.0000000E+00   0.0000000E+00
   1.5600719E+03   7.4200000E+02   0.0000000E+00   0.0000000E+00   0.0000000E+00
   1.5600794E+03   7.5400000E+02   0.0000000E+00   0.0000000E+00   0.0000000E+00
   1.5600869E+03   7.3700000E+02   0.0000000E+00   0.0000000E+00   0.0000000E+00
   1.5600944E+03   7.3800000E+02   0.0000000E+00   0.0000000E+00   0.0000000E+00
   1.5601020E+03   7.3100000E+02   0.0000000E+00   0.0000000E+00   0.0000000E+00
   1.5601095E+03   8.0000000E+02   1.0000000E+00   1.1658524E-03   9.3268192E-01
   1.5601170E+03   7.2800000E+02   0.0000000E+00   0.0000000E+00   0.0000000E+00
   1.5601246E+03   7.6700000E+02   0.0000000E+00   0.0000000E+00   0.0000000E+00
   1.5601321E+03   7.5100000E+02   0.0000000E+00   0.0000000E+00   0.0000000E+00
   1.5601396E+03   7.1200000E+02   0.0000000E+00   0.0000000E+00   0.0000000E+00
   1.5601471E+03   8.2100000E+02   0.0000000E+00   0.0000000E+00   0.0000000E+00
   1.5601547E+03   7.6100000E+02   0.0000000E+00   0.0000000E+00   0.0000000E+00
   1.5601622E+03   7.2800000E+02   0.0000000E+00   0.0000000E+00   0.0000000E+00
   1.5601697E+03   7.2700000E+02   0.0000000E+00   0.0000000E+00   0.0000000E+00
   1.5601773E+03   7.5200000E+02   1.0000000E+00   1.2729257E-03   9.5724016E-01
   1.5601848E+03   7.3500000E+02   1.0000000E+00   6.2134225E-04   4.5668655E-01
   1.5601923E+03   7.4100000E+02   0.0000000E+00   0.0000000E+00   0.0000000E+00
   1.5601998E+03   7.6700000E+02   0.0000000E+00   0.0000000E+00   0.0000000E+00
   1.5602074E+03   7.9200000E+02   0.0000000E+00   0.0000000E+00   0.0000000E+00
   1.5602149E+03   7.3600000E+02   0.0000000E+00   0.0000000E+00   0.0000000E+00
   1.5602224E+03   7.5100000E+02   0.0000000E+00   0.0000000E+00   0.0000000E+00
   1.5602300E+03   7.3100000E+02   0.0000000E+00   0.0000000E+00   0.0000000E+00
   1.5602375E+03   7.5100000E+02   0.0000000E+00   0.0000000E+00   0.0000000E+00
   1.5602450E+03   7.3500000E+02   0.0000000E+00   0.0000000E+00   0.0000000E+00
   1.5602525E+03   7.6200000E+02   0.0000000E+00   0.0000000E+00   0.0000000E+00
   1.5602601E+03   7.6400000E+02   0.0000000E+00   0.0000000E+00   0.0000000E+00
   1.5602676E+03   7.0100000E+02   0.0000000E+00   0.0000000E+00   0.0000000E+00
   1.5602751E+03   7.6600000E+02   1.0000000E+00   1.6793117E-04   1.2863528E-01
   1.5602827E+03   7.1600000E+02   0.0000000E+00   0.0000000E+00   0.0000000E+00
   1.5602902E+03   7.3100000E+02   0.0000000E+00   0.0000000E+00   0.0000000E+00
   1.5602977E+03   7.2300000E+02   0.0000000E+00   0.0000000E+00   0.0000000E+00
   1.5603052E+03   7.5900000E+02   0.0000000E+00   0.0000000E+00   0.0000000E+00
   1.5603128E+03   7.4900000E+02   1.0000000E+00   1.2213692E-03   9.1480551E-01
   1.5603203E+03   7.9700000E+02   0.0000000E+00   0.0000000E+00   0.0000000E+00
   1.5603278E+03   7.8600000E+02   0.0000000E+00   0.0000000E+00   0.0000000E+00
   1.5603354E+03   8.0600000E+02   0.0000000E+00   0.0000000E+00   0.0000000E+00
   1.5603429E+03   7.1200000E+02   0.0000000E+00   0.0000000E+00   0.0000000E+00
   1.5603504E+03   7.4100000E+02   0.0000000E+00   0.0000000E+00   0.0000000E+00
   1.5603579E+03   7.6700000E+02   0.0000000E+00   0.0000000E+00   0.0000000E+00
   1.5603655E+03   7.5700000E+02   0.0000000E+00   0.0000000E+00   0.0000000E+00
   1.5603730E+03   7.6700000E+02   0.0000000E+00   0.0000000E+00   0.0000000E+00
   1.5603805E+03   7.5000000E+02   0.0000000E+00   0.0000000E+00   0.0000000E+00
   1.5603881E+03   7.0800000E+02   1.0000000E+00   1.3073355E-03   9.2559356E-01
   1.5603956E+03   7.2500000E+02   0.0000000E+00   1.1697292E-04   0.0000000E+00
   1.5604031E+03   7.3300000E+02   0.0000000E+00   0.0000000E+00   0.0000000E+00
   1.5604106E+03   7.4800000E+02   0.0000000E+00   0.0000000E+00   0.0000000E+00
   1.5604182E+03   7.1300000E+02   0.0000000E+00   0.0000000E+00   0.0000000E+00
   1.5604257E+03   7.6200000E+02   0.0000000E+00   0.0000000E+00   0.0000000E+00
   1.5604332E+03   7.7900000E+02   0.0000000E+00   0.0000000E+00   0.0000000E+00
   1.5604408E+03   7.5800000E+02   0.0000000E+00   0.0000000E+00   0.0000000E+00
   1.5604483E+03   7.6100000E+02   0.0000000E+00   0.0000000E+00   0.0000000E+00
   1.5604558E+03   7.4800000E+02   0.0000000E+00   0.0000000E+00   0.0000000E+00
   1.5604633E+03   8.1700000E+02   0.0000000E+00   0.0000000E+00   0.0000000E+00
   1.5604709E+03   7.2200000E+02   0.0000000E+00   0.0000000E+00   0.0000000E+00
   1.5604784E+03   7.7000000E+02   0.0000000E+00   0.0000000E+00   0.0000000E+00
   1.5604859E+03   7.0300000E+02   0.0000000E+00   0.0000000E+00   0.0000000E+00
   1.5604935E+03   7.7600000E+02   0.0000000E+00   0.0000000E+00   0.0000000E+00
   1.5605010E+03   7.5700000E+02   0.0000000E+00   0.0000000E+00   0.0000000E+00
   1.5605085E+03   7.8600000E+02   0.0000000E+00   0.0000000E+00   0.0000000E+00
   1.5605160E+03   7.3000000E+02   0.0000000E+00   0.0000000E+00   0.0000000E+00
   1.5605236E+03   7.6400000E+02   0.0000000E+00   0.0000000E+00   0.0000000E+00
   1.5605311E+03   7.5200000E+02   0.0000000E+00   0.0000000E+00   0.0000000E+00
   1.5605386E+03   7.2900000E+02   0.0000000E+00   0.0000000E+00   0.0000000E+00
   1.5605461E+03   7.9800000E+02   0.0000000E+00   0.0000000E+00   0.0000000E+00
   1.5605537E+03   7.7400000E+02   1.0000000E+00   1.5979292E-04   1.2367972E-01
   1.5605612E+03   7.0000000E+02   0.0000000E+00   0.0000000E+00   0.0000000E+00
   1.5605687E+03   7.3600000E+02   0.0000000E+00   0.0000000E+00   0.0000000E+00
   1.5605763E+03   7.6400000E+02   0.0000000E+00   0.0000000E+00   0.0000000E+00
   1.5605838E+03   7.6600000E+02   0.0000000E+00   0.0000000E+00   0.0000000E+00
   1.5605913E+03   7.6000000E+02   0.0000000E+00   0.0000000E+00   0.0000000E+00
   1.5605988E+03   7.2900000E+02   0.0000000E+00   0.0000000E+00   0.0000000E+00
   1.5606064E+03   7.4100000E+02   0.0000000E+00   0.0000000E+00   0.0000000E+00
   1.5606139E+03   7.4300000E+02   0.0000000E+00   0.0000000E+00   0.0000000E+00
   1.5606214E+03   6.8800000E+02   0.0000000E+00   0.0000000E+00   0.0000000E+00
   1.5606290E+03   7.4900000E+02   0.0000000E+00   0.0000000E+00   0.0000000E+00
   1.5606365E+03   7.1600000E+02   0.0000000E+00   0.0000000E+00   0.0000000E+00
   1.5606440E+03   7.4600000E+02   0.0000000E+00   0.0000000E+00   0.0000000E+00
   1.5606515E+03   7.5600000E+02   0.0000000E+00   0.0000000E+00   0.0000000E+00
   1.5606591E+03   7.4300000E+02   1.0000000E+00   3.9708965E-04   2.9503761E-01
   1.5606666E+03   7.5500000E+02   0.0000000E+00   0.0000000E+00   0.0000000E+00
   1.5606741E+03   7.8000000E+02   0.0000000E+00   0.0000000E+00   0.0000000E+00
   1.5606817E+03   7.6700000E+02   0.0000000E+00   0.0000000E+00   0.0000000E+00
   1.5606892E+03   7.5400000E+02   0.0000000E+00   0.0000000E+00   0.0000000E+00
   1.5606967E+03   7.5200000E+02   0.0000000E+00   0.0000000E+00   0.0000000E+00
   1.5607042E+03   7.3900000E+02   0.0000000E+00   0.0000000E+00   0.0000000E+00
   1.5607118E+03   7.2600000E+02   0.0000000E+00   0.0000000E+00   0.0000000E+00
   1.5607193E+03   7.3800000E+02   1.0000000E+00   1.2759915E-03   9.4168171E-01
   1.5607268E+03   7.5200000E+02   0.0000000E+00   0.0000000E+00   0.0000000E+00
   1.5607344E+03   7.6400000E+02   0.0000000E+00   0.0000000E+00   0.0000000E+00
   1.5607419E+03   7.1100000E+02   0.0000000E+00   0.0000000E+00   0.0000000E+00
   1.5607494E+03   7.3300000E+02   0.0000000E+00   0.0000000E+00   0.0000000E+00
   1.5607569E+03   7.7800000E+02   0.0000000E+00   0.0000000E+00   0.0000000E+00
   1.5607645E+03   7.7800000E+02   0.0000000E+00   0.0000000E+00   0.0000000E+00
   1.5607720E+03   7.3200000E+02   0.0000000E+00   0.0000000E+00   0.0000000E+00
