   1.5381945E+03   6.8800000E+02   4.3100000E+02   0.0000000E+00   0.0000000E+00
   1.5382021E+03   6.7700000E+02   4.4100000E+02   0.0000000E+00   0.0000000E+00
   1.5382096E+03   7.0800000E+02   4.3700000E+02   0.0000000E+00   0.0000000E+00
   1.5382171E+03   7.0500000E+02   4.6600000E+02   0.0000000E+00   0.0000000E+00
   1.5382246E+03   7.0700000E+02   4.8300000E+02   0.0000000E+00   0.0000000E+00
   1.5382322E+03   7.5600000E+02   4.6700000E+02   0.0000000E+00   0.0000000E+00
   1.5382397E+03   7.1000000E+02   4.5700000E+02   0.0000000E+00   0.0000000E+00
   1.5382472E+03   7.5600000E+02   4.8900000E+02   0.0000000E+00   0.0000000E+00
   1.5382548E+03   7.0600000E+02   4.5100000E+02   4.4396966E-04   6.9499464E-04
   1.5382623E+03   7.9800000E+02   5.0200000E+02   0.0000000E+00   0.0000000E+00
   1.5382698E+03   7.4400000E+02   4.8800000E+02   0.0000000E+00   0.0000000E+00
   1.5382773E+03   7.0100000E+02   4.2900000E+02   0.0000000E+00   0.0000000E+00
   1.5382849E+03   7.0700000E+02   4.6100000E+02   0.0000000E+00   0.0000000E+00
   1.5382924E+03   7.2700000E+02   4.5200000E+02   0.0000000E+00   0.0000000E+00
   1.5382999E+03   7.1500000E+02   4.6100000E+02   0.0000000E+00   0.0000000E+00
   1.5383075E+03   7.5200000E+02   4.6200000E+02   6.3382691E-04   1.0316836E-03
   1.5383150E+03   7.6700000E+02   4.8300000E+02   0.0000000E+00   0.0000000E+00
   1.5383225E+03   7.3500000E+02   4.6400000E+02   0.0000000E+00   0.0000000E+00
   1.5383300E+03   7.7300000E+02   4.8700000E+02   0.0000000E+00   0.0000000E+00
   1.5383376E+03   7.6100000E+02   5.0100000E+02   0.0000000E+00   0.0000000E+00
   1.5383451E+03   7.6500000E+02   4.6400000E+02   0.0000000E+00   0.0000000E+00
   1.5383526E+03   7.2000000E+02   4.3800000E+02   0.0000000E+00   0.0000000E+00
   1.5383602E+03   7.5500000E+02   4.8000000E+02   0.0000000E+00   0.0000000E+00
   1.5383677E+03   7.4000000E+02   4.6300000E+02   0.0000000E+00   0.0000000E+00
   1.5383752E+03   7.4500000E+02   4.8300000E+02   0.0000000E+00   0.0000000E+00
   1.5383827E+03   7.6100000E+02   5.0800000E+02   0.0000000E+00   0.0000000E+00
   1.5383903E+03   7.7000000E+02   4.9100000E+02   0.0000000E+00   0.0000000E+00
   1.5383978E+03   7.6700000E+02   4.7500000E+02   1.2732532E-03   2.0559689E-03
   1.5384053E+03   7.7400000E+02   4.6200000E+02   0.0000000E+00   0.0000000E+00
   1.5384128E+03   7.7500000E+02   4.8400000E+02   0.0000000E+00   0.0000000E+00
   1.5384204E+03   7.5500000E+02   5.0500000E+02   0.0000000E+00   0.0000000E+00
   1.5384279E+03   7.7700000E+02   4.7500000E+02   0.0000000E+00   0.0000000E+00
   1.5384354E+03   7.8700000E+02   4.9000000E+02   0.0000000E+00   0.0000000E+00
   1.5384430E+03   7.7200000E+02   4.9400000E+02   0.0000000E+00   0.0000000E+00
   1.5384505E+03   8.0700000E+02   5.2500000E+02   0.0000000E+00   0.0000000E+00
   1.5384580E+03   7.7800000E+02   5.1100000E+02   0.0000000E+00   0.0000000E+00
   1.5384655E+03   7.6800000E+02   4.8900000E+02   0.0000000E+00   0.0000000E+00
   1.5384731E+03   7.5700000E+02   4.4100000E+02   0.0000000E+00   0.0000000E+00
   1.5384806E+03   7.8800000E+02   4.9300000E+02   0.0000000E+00   0.0000000E+00
   1.5384881E+03   8.1100000E+02   5.1900000E+02   0.0000000E+00   0.0000000E+00
   1.5384957E+03   8.0400000E+02   5.1200000E+02   0.0000000E+00   0.0000000E+00
   1.5385032E+03   7.4200000E+02   4.7500000E+02   0.0000000E+00   0.0000000E+00
   1.5385107E+03   7.7900000E+02   4.9600000E+02   0.0000000E+00   0.0000000E+00
   1.5385182E+03   7.2300000E+02   4.5800000E+02   0.0000000E+00   0.0000000E+00
   1.5385258E+03   8.0200000E+02   5.1200000E+02   0.0000000E+00   0.0000000E+00
   1.5385333E+03   7.9200000E+02   5.1300000E+02   3.0416853E-04   4.6959352E-04
   1.5385408E+03   8.1600000E+02   5.1300000E+02   0.0000000E+00   0.0000000E+00
   1.5385484E+03   7.9300000E+02   5.0000000E+02   0.0000000E+00   0.0000000E+00
   1.5385559E+03   8.0100000E+02   5.2100000E+02   0.0000000E+00   0.0000000E+00
   1.5385634E+03   8.6600000E+02   5.5900000E+02   0.0000000E+00   0.0000000E+00
   1.5385709E+03   8.0000000E+02   5.1100000E+02   0.0000000E+00   0.0000000E+00
   1.5385785E+03   8.1000000E+02   5.0800000E+02   0.0000000E+00   0.0000000E+00
   1.5385860E+03   8.1000000E+02   4.9300000E+02   0.0000000E+00   0.0000000E+00
   1.5385935E+03   8.1700000E+02   5.2100000E+02   1.1841749E-03   0.0000000E+00
   1.5386011E+03   8.0600000E+02   5.0800000E+02   0.0000000E+00   0.0000000E+00
   1.5386086E+03   8.3700000E+02   5.4800000E+02   0.0000000E+00   0.0000000E+00
   1.5386161E+03   8.5600000E+02   5.3600000E+02   0.0000000E+00   0.0000000E+00
   1.5386236E+03   8.8300000E+02   5.6700000E+02   0.0000000E+00   0.0000000E+00
   1.5386312E+03   8.4800000E+02   5.6000000E+02   0.0000000E+00   0.0000000E+00
   1.5386387E+03   8.5200000E+02   5.5000000E+02   8.0590828E-04   1.2484252E-03
   1.5386462E+03   8.0500000E+02   5.0000000E+02   3.3942861E-04   0.0000000E+00
   1.5386538E+03   8.0000000E+02   4.9800000E+02   0.0000000E+00   0.0000000E+00
   1.5386613E+03   7.7800000E+02   4.9500000E+02   0.0000000E+00   0.0000000E+00
   1.5386688E+03   8.1000000E+02   5.3100000E+02   0.0000000E+00   0.0000000E+00
   1.5386763E+03   8.4100000E+02   5.1200000E+02   0.0000000E+00   0.0000000E+00
   1.5386839E+03   8.6300000E+02   5.6600000E+02   9.2338411E-04   1.4079161E-03
   1.5386914E+03   8.5800000E+02   5.6100000E+02   0.0000000E+00   0.0000000E+00
   1.5386989E+03   8.3800000E+02   5.1900000E+02   6.5385770E-04   1.0557471E-03
   1.5387065E+03   8.5300000E+02   5.2700000E+02   0.0000000E+00   0.0000000E+00
   1.5387140E+03   8.5800000E+02   5.5600000E+02   0.0000000E+00   0.0000000E+00
   1.5387215E+03   8.7400000E+02   5.5000000E+02   0.0000000E+00   0.0000000E+00
   1.5387290E+03   8.7900000E+02   5.7000000E+02   0.0000000E+00   0.0000000E+00
   1.5387366E+03   8.8900000E+02   5.6800000E+02   0.0000000E+00   0.0000000E+00
   1.5387441E+03   8.9100000E+02   5.6600000E+02   0.0000000E+00   0.0000000E+00
   1.5387516E+03   8.4700000E+02   5.5200000E+02   0.0000000E+00   0.0000000E+00
   1.5387592E+03   8.3100000E+02   5.1700000E+02   0.0000000E+00   0.0000000E+00
   1.5387667E+03   8.9900000E+02   5.7600000E+02   0.0000000E+00   0.0000000E+00
   1.5387742E+03   8.1300000E+02   5.4300000E+02   0.0000000E+00   0.0000000E+00
   1.5387817E+03   8.8600000E+02   5.5000000E+02   0.0000000E+00   0.0000000E+00
   1.5387893E+03   8.7300000E+02   5.3500000E+02   0.0000000E+00   0.0000000E+00
   1.5387968E+03   8.7800000E+02   5.5400000E+02   0.0000000E+00   0.0000000E+00
   1.5388043E+03   8.8500000E+02   5.8000000E+02   0.0000000E+00   0.0000000E+00
   1.5388119E+03   9.1400000E+02   5.8100000E+02   0.0000000E+00   0.0000000E+00
   1.5388194E+03   9.3600000E+02   6.2700000E+02   0.0000000E+00   0.0000000E+00
   1.5388269E+03   9.6100000E+02   6.2900000E+02   0.0000000E+00   0.0000000E+00
   1.5388344E+03   8.9500000E+02   5.7200000E+02   0.0000000E+00   0.0000000E+00
   1.5388420E+03   9.2500000E+02   5.8800000E+02   0.0000000E+00   0.0000000E+00
   1.5388495E+03   8.9500000E+02   5.5800000E+02   0.0000000E+00   0.0000000E+00
   1.5388570E+03   8.7500000E+02   5.4000000E+02   0.0000000E+00   0.0000000E+00
   1.5388646E+03   9.5400000E+02   6.1200000E+02   0.0000000E+00   0.0000000E+00
   1.5388721E+03   8.9000000E+02   5.6600000E+02   0.0000000E+00   0.0000000E+00
   1.5388796E+03   8.7500000E+02   5.4800000E+02   0.0000000E+00   0.0000000E+00
   1.5388871E+03   9.5400000E+02   5.8900000E+02   0.0000000E+00   0.0000000E+00
   1.5388947E+03   8.6500000E+02   5.2000000E+02   0.0000000E+00   0.0000000E+00
   1.5389022E+03   9.1200000E+02   5.8500000E+02   4.4001339E-04   6.8596959E-04
   1.5389097E+03   9.1900000E+02   5.8500000E+02   2.0157910E-04   3.1666871E-04
   1.5389172E+03   9.1500000E+02   5.8500000E+02   0.0000000E+00   0.0000000E+00
   1.5389248E+03   9.5700000E+02   5.7500000E+02   0.0000000E+00   0.0000000E+00
   1.5389323E+03   9.0200000E+02   5.8900000E+02   0.0000000E+00   0.0000000E+00
   1.5389398E+03   8.9700000E+02   5.7500000E+02   0.0000000E+00   0.0000000E+00
   1.5389474E+03   8.7900000E+02   5.6600000E+02   0.0000000E+00   0.0000000E+00
   1.5389549E+03   9.0000000E+02   6.0900000E+02   0.0000000E+00   0.0000000E+00
   1.5389624E+03   9.4000000E+02   6.1100000E+02   0.0000000E+00   0.0000000E+00
   1.5389699E+03   9.6700000E+02   6.0800000E+02   0.0000000E+00   0.0000000E+00
   1.5389775E+03   1.0490000E+03   6.6000000E+02   0.0000000E+00   0.0000000E+00
   1.5389850E+03   9.6000000E+02   6.3500000E+02   1.4721454E-04   2.2256056E-04
   1.5389925E+03   8.9000000E+02   5.7200000E+02   0.0000000E+00   0.0000000E+00
   1.5390001E+03   9.2900000E+02   5.7800000E+02   0.0000000E+00   0.0000000E+00
   1.5390076E+03   9.7800000E+02   6.0200000E+02   0.0000000E+00   0.0000000E+00
   1.5390151E+03   9.7800000E+02   6.2000000E+02   0.0000000E+00   0.0000000E+00
   1.5390226E+03   9.4200000E+02   6.0200000E+02   0.0000000E+00   0.0000000E+00
   1.5390302E+03   9.6000000E+02   6.1600000E+02   0.0000000E+00   0.0000000E+00
   1.5390377E+03   9.5200000E+02   5.9000000E+02   0.0000000E+00   0.0000000E+00
   1.5390452E+03   9.8500000E+02   6.2900000E+02   0.0000000E+00   0.0000000E+00
   1.5390528E+03   9.5200000E+02   5.7800000E+02   0.0000000E+00   0.0000000E+00
   1.5390603E+03   9.6400000E+02   6.2000000E+02   0.0000000E+00   0.0000000E+00
   1.5390678E+03   9.3700000E+02   6.0100000E+02   0.0000000E+00   0.0000000E+00
   1.5390753E+03   9.9500000E+02   6.2400000E+02   0.0000000E+00   0.0000000E+00
   1.5390829E+03   1.0010000E+03   6.1600000E+02   0.0000000E+00   0.0000000E+00
   1.5390904E+03   9.3900000E+02   6.1700000E+02   0.0000000E+00   0.0000000E+00
   1.5390979E+03   9.7500000E+02   6.1500000E+02   0.0000000E+00   0.0000000E+00
   1.5391055E+03   9.8000000E+02   5.9200000E+02   0.0000000E+00   0.0000000E+00
   1.5391130E+03   9.5000000E+02   5.9500000E+02   0.0000000E+00   0.0000000E+00
   1.5391205E+03   1.0090000E+03   6.3200000E+02   0.0000000E+00   0.0000000E+00
   1.5391280E+03   1.0360000E+03   6.6300000E+02   0.0000000E+00   0.0000000E+00
   1.5391356E+03   9.9100000E+02   6.4100000E+02   0.0000000E+00   0.0000000E+00
   1.5391431E+03   9.6200000E+02   6.0300000E+02   0.0000000E+00   0.0000000E+00
   1.5391506E+03   1.0140000E+03   6.4000000E+02   0.0000000E+00   0.0000000E+00
   1.5391582E+03   9.7100000E+02   6.2600000E+02   0.0000000E+00   0.0000000E+00
   1.5391657E+03   1.0030000E+03   6.5200000E+02   0.0000000E+00   0.0000000E+00
   1.5391732E+03   1.0470000E+03   6.5700000E+02   0.0000000E+00   0.0000000E+00
   1.5391807E+03   1.0500000E+03   6.6700000E+02   0.0000000E+00   0.0000000E+00
   1.5391883E+03   9.4100000E+02   5.7200000E+02   0.0000000E+00   0.0000000E+00
   1.5391958E+03   1.0240000E+03   6.6200000E+02   2.1059662E-04   3.2575670E-04
   1.5392033E+03   9.9400000E+02   6.2600000E+02   0.0000000E+00   0.0000000E+00
   1.5392109E+03   1.0470000E+03   6.9000000E+02   0.0000000E+00   0.0000000E+00
   1.5392184E+03   1.0320000E+03   6.3700000E+02   0.0000000E+00   0.0000000E+00
   1.5392259E+03   1.0440000E+03   6.6400000E+02   0.0000000E+00   0.0000000E+00
   1.5392334E+03   1.0600000E+03   6.7200000E+02   0.0000000E+00   0.0000000E+00
   1.5392410E+03   1.0390000E+03   6.6400000E+02   0.0000000E+00   0.0000000E+00
   1.5392485E+03   9.7300000E+02   6.0700000E+02   0.0000000E+00   0.0000000E+00
   1.5392560E+03   1.0750000E+03   6.8000000E+02   0.0000000E+00   0.0000000E+00
   1.5392636E+03   1.0780000E+03   6.9300000E+02   0.0000000E+00   0.0000000E+00
   1.5392711E+03   1.0700000E+03   6.8400000E+02   3.4049512E-04   0.0000000E+00
   1.5392786E+03   1.0400000E+03   6.5200000E+02   0.0000000E+00   0.0000000E+00
   1.5392861E+03   1.0530000E+03   6.6100000E+02   8.0088016E-05   1.2758348E-04
   1.5392937E+03   1.0870000E+03   6.7700000E+02   0.0000000E+00   0.0000000E+00
   1.5393012E+03   1.0480000E+03   6.7000000E+02   0.0000000E+00   0.0000000E+00
   1.5393087E+03   1.0670000E+03   6.7400000E+02   0.0000000E+00   0.0000000E+00
   1.5393162E+03   1.0530000E+03   6.8200000E+02   9.6670336E-05   1.4925787E-04
   1.5393238E+03   1.0820000E+03   6.9400000E+02   8.0509960E-04   1.2552129E-03
   1.5393313E+03   1.0330000E+03   6.3100000E+02   0.0000000E+00   0.0000000E+00
   1.5393388E+03   1.0410000E+03   6.7100000E+02   0.0000000E+00   0.0000000E+00
   1.5393464E+03   1.0610000E+03   6.9600000E+02   0.0000000E+00   0.0000000E+00
   1.5393539E+03   1.0330000E+03   6.4800000E+02   0.0000000E+00   0.0000000E+00
   1.5393614E+03   1.0990000E+03   6.8300000E+02   0.0000000E+00   0.0000000E+00
   1.5393689E+03   1.0420000E+03   6.6700000E+02   0.0000000E+00   0.0000000E+00
   1.5393765E+03   1.0950000E+03   6.8900000E+02   0.0000000E+00   0.0000000E+00
   1.5393840E+03   1.0960000E+03   7.0100000E+02   0.0000000E+00   0.0000000E+00
   1.5393915E+03   1.0810000E+03   6.7400000E+02   0.0000000E+00   0.0000000E+00
   1.5393991E+03   1.0960000E+03   6.7800000E+02   0.0000000E+00   0.0000000E+00
   1.5394066E+03   1.0760000E+03   6.9100000E+02   0.0000000E+00   0.0000000E+00
   1.5394141E+03   1.0820000E+03   6.9100000E+02   0.0000000E+00   0.0000000E+00
   1.5394216E+03   1.1700000E+03   7.3300000E+02   7.6186009E-04   1.2160659E-03
   1.5394292E+03   1.0880000E+03   7.0500000E+02   0.0000000E+00   0.0000000E+00
   1.5394367E+03   1.1250000E+03   7.2500000E+02   0.0000000E+00   0.0000000E+00
   1.5394442E+03   1.0960000E+03   7.2500000E+02   0.0000000E+00   0.0000000E+00
   1.5394518E+03   1.1070000E+03   6.9100000E+02   0.0000000E+00   0.0000000E+00
   1.5394593E+03   1.1450000E+03   6.9600000E+02   1.5066766E-04   2.7410788E-04
   1.5394668E+03   1.1060000E+03   7.0500000E+02   0.0000000E+00   0.0000000E+00
   1.5394743E+03   1.1310000E+03   7.1900000E+02   0.0000000E+00   0.0000000E+00
   1.5394819E+03   1.1240000E+03   7.0400000E+02   0.0000000E+00   0.0000000E+00
   1.5394894E+03   1.1670000E+03   7.3400000E+02   0.0000000E+00   0.0000000E+00
   1.5394969E+03   1.1370000E+03   7.1300000E+02   0.0000000E+00   0.0000000E+00
   1.5395045E+03   1.1150000E+03   7.2200000E+02   0.0000000E+00   0.0000000E+00
   1.5395120E+03   1.1570000E+03   7.2500000E+02   8.2591991E-04   1.3180543E-03
   1.5395195E+03   1.2020000E+03   7.4700000E+02   0.0000000E+00   0.0000000E+00
   1.5395270E+03   1.1440000E+03   6.9800000E+02   0.0000000E+00   0.0000000E+00
   1.5395346E+03   1.1380000E+03   7.4000000E+02   0.0000000E+00   0.0000000E+00
   1.5395421E+03   1.1160000E+03   7.0100000E+02   0.0000000E+00   0.0000000E+00
   1.5395496E+03   1.1740000E+03   7.2700000E+02   0.0000000E+00   0.0000000E+00
   1.5395572E+03   1.1340000E+03   7.2200000E+02   8.2613958E-04   1.2975655E-03
   1.5395647E+03   1.1530000E+03   7.1800000E+02   0.0000000E+00   0.0000000E+00
   1.5395722E+03   1.1340000E+03   7.2400000E+02   0.0000000E+00   0.0000000E+00
   1.5395797E+03   1.1280000E+03   7.0300000E+02   0.0000000E+00   0.0000000E+00
   1.5395873E+03   1.1530000E+03   7.1900000E+02   0.0000000E+00   0.0000000E+00
   1.5395948E+03   1.1630000E+03   7.0900000E+02   0.0000000E+00   0.0000000E+00
   1.5396023E+03   1.2350000E+03   7.5500000E+02   1.9373381E-05   3.1690232E-05
   1.5396099E+03   1.1710000E+03   7.5000000E+02   7.9146054E-04   1.2357337E-03
   1.5396174E+03   1.2470000E+03   8.2200000E+02   0.0000000E+00   0.0000000E+00
   1.5396249E+03   1.1500000E+03   7.2900000E+02   0.0000000E+00   0.0000000E+00
   1.5396324E+03   1.1370000E+03   7.2500000E+02   0.0000000E+00   0.0000000E+00
   1.5396400E+03   1.1500000E+03   7.5400000E+02   0.0000000E+00   0.0000000E+00
   1.5396475E+03   1.1880000E+03   7.3300000E+02   0.0000000E+00   0.0000000E+00
   1.5396550E+03   1.2090000E+03   7.6000000E+02   0.0000000E+00   0.0000000E+00
   1.5396626E+03   1.1950000E+03   7.6900000E+02   0.0000000E+00   0.0000000E+00
   1.5396701E+03   1.2000000E+03   7.7000000E+02   4.1327166E-04   1.7616737E-04
   1.5396776E+03   1.1820000E+03   7.3500000E+02   0.0000000E+00   0.0000000E+00
   1.5396851E+03   1.2130000E+03   7.6400000E+02   5.2630238E-05   8.3560836E-05
   1.5396927E+03   1.2300000E+03   7.8900000E+02   0.0000000E+00   0.0000000E+00
   1.5397002E+03   1.2120000E+03   7.8500000E+02   0.0000000E+00   0.0000000E+00
   1.5397077E+03   1.2370000E+03   8.2000000E+02   0.0000000E+00   0.0000000E+00
   1.5397153E+03   1.1710000E+03   7.4600000E+02   0.0000000E+00   0.0000000E+00
   1.5397228E+03   1.1900000E+03   7.1400000E+02   0.0000000E+00   0.0000000E+00
   1.5397303E+03   1.2260000E+03   7.6800000E+02   0.0000000E+00   0.0000000E+00
   1.5397378E+03   1.2530000E+03   8.2100000E+02   0.0000000E+00   0.0000000E+00
   1.5397454E+03   1.2340000E+03   7.7300000E+02   0.0000000E+00   0.0000000E+00
   1.5397529E+03   1.2160000E+03   7.6500000E+02   7.9878092E-04   1.2696962E-03
   1.5397604E+03   1.2610000E+03   7.8600000E+02   0.0000000E+00   0.0000000E+00
   1.5397679E+03   1.1810000E+03   7.5200000E+02   0.0000000E+00   0.0000000E+00
   1.5397755E+03   1.2000000E+03   7.6400000E+02   0.0000000E+00   0.0000000E+00
   1.5397830E+03   1.2230000E+03   7.6600000E+02   0.0000000E+00   0.0000000E+00
   1.5397905E+03   1.2570000E+03   8.0400000E+02   0.0000000E+00   0.0000000E+00
   1.5397981E+03   1.2320000E+03   7.8600000E+02   0.0000000E+00   0.0000000E+00
   1.5398056E+03   1.2510000E+03   7.8900000E+02   0.0000000E+00   0.0000000E+00
   1.5398131E+03   1.2490000E+03   8.0800000E+02   0.0000000E+00   0.0000000E+00
   1.5398206E+03   1.2030000E+03   7.5700000E+02   0.0000000E+00   0.0000000E+00
   1.5398282E+03   1.2830000E+03   7.9800000E+02   0.0000000E+00   0.0000000E+00
   1.5398357E+03   1.2890000E+03   8.4200000E+02   0.0000000E+00   0.0000000E+00
   1.5398432E+03   1.3020000E+03   8.2400000E+02   0.0000000E+00   0.0000000E+00
   1.5398508E+03   1.2440000E+03   8.1300000E+02   4.7018325E-04   7.1944399E-04
   1.5398583E+03   1.2330000E+03   7.5800000E+02   0.0000000E+00   0.0000000E+00
   1.5398658E+03   1.2360000E+03   7.7900000E+02   3.2958512E-04   5.2293609E-04
   1.5398733E+03   1.2850000E+03   7.9900000E+02   1.4891550E-04   0.0000000E+00
   1.5398809E+03   1.2660000E+03   8.0400000E+02   0.0000000E+00   0.0000000E+00
   1.5398884E+03   1.2720000E+03   8.1700000E+02   0.0000000E+00   0.0000000E+00
   1.5398959E+03   1.2920000E+03   8.3800000E+02   0.0000000E+00   0.0000000E+00
   1.5399035E+03   1.3210000E+03   8.3600000E+02   7.3145214E-04   1.1557994E-03
   1.5399110E+03   1.3410000E+03   8.6700000E+02   0.0000000E+00   0.0000000E+00
   1.5399185E+03   1.2780000E+03   8.5300000E+02   0.0000000E+00   0.0000000E+00
   1.5399260E+03   1.2920000E+03   8.3400000E+02   0.0000000E+00   0.0000000E+00
   1.5399336E+03   1.2290000E+03   7.9100000E+02   0.0000000E+00   0.0000000E+00
   1.5399411E+03   1.2350000E+03   7.6200000E+02   0.0000000E+00   0.0000000E+00
   1.5399486E+03   1.2870000E+03   8.3500000E+02   0.0000000E+00   0.0000000E+00
   1.5399562E+03   1.2630000E+03   8.0100000E+02   0.0000000E+00   0.0000000E+00
   1.5399637E+03   1.3230000E+03   8.2800000E+02   0.0000000E+00   0.0000000E+00
   1.5399712E+03   1.2670000E+03   8.2000000E+02   0.0000000E+00   0.0000000E+00
   1.5399787E+03   1.3790000E+03   8.8500000E+02   0.0000000E+00   0.0000000E+00
   1.5399863E+03   1.3120000E+03   8.2900000E+02   0.0000000E+00   0.0000000E+00
   1.5399938E+03   1.3250000E+03   8.6100000E+02   0.0000000E+00   0.0000000E+00
   1.5400013E+03   1.3000000E+03   8.1600000E+02   0.0000000E+00   0.0000000E+00
   1.5400089E+03   1.3480000E+03   8.3600000E+02   7.1266325E-04   1.1491269E-03
   1.5400164E+03   1.3360000E+03   8.3200000E+02   0.0000000E+00   0.0000000E+00
   1.5400239E+03   1.3440000E+03   8.5100000E+02   0.0000000E+00   0.0000000E+00
   1.5400314E+03   1.4070000E+03   8.7700000E+02   0.0000000E+00   0.0000000E+00
   1.5400390E+03   1.3430000E+03   9.0100000E+02   1.0481041E-04   1.5622684E-04
   1.5400465E+03   1.3900000E+03   8.7100000E+02   0.0000000E+00   0.0000000E+00
   1.5400540E+03   1.3840000E+03   9.0600000E+02   4.9928223E-04   7.6270046E-04
   1.5400616E+03   1.3410000E+03   8.7200000E+02   0.0000000E+00   0.0000000E+00
   1.5400691E+03   1.3510000E+03   8.8700000E+02   0.0000000E+00   0.0000000E+00
   1.5400766E+03   1.3730000E+03   8.3700000E+02   3.7362076E-04   6.1288089E-04
   1.5400841E+03   1.3070000E+03   8.2900000E+02   0.0000000E+00   0.0000000E+00
   1.5400917E+03   1.3780000E+03   8.9100000E+02   0.0000000E+00   0.0000000E+00
   1.5400992E+03   1.3440000E+03   8.4600000E+02   0.0000000E+00   0.0000000E+00
   1.5401067E+03   1.3450000E+03   8.3000000E+02   9.6897344E-06   1.5702039E-05
   1.5401143E+03   1.3300000E+03   8.5400000E+02   0.0000000E+00   0.0000000E+00
   1.5401218E+03   1.4170000E+03   8.6100000E+02   0.0000000E+00   0.0000000E+00
   1.5401293E+03   1.4820000E+03   9.3400000E+02   0.0000000E+00   0.0000000E+00
   1.5401368E+03   1.3990000E+03   8.5400000E+02   1.7197749E-04   2.8172893E-04
   1.5401444E+03   1.3010000E+03   8.5600000E+02   5.3371094E-04   8.1116581E-04
   1.5401519E+03   1.3670000E+03   8.7300000E+02   0.0000000E+00   0.0000000E+00
   1.5401594E+03   1.4460000E+03   9.4400000E+02   0.0000000E+00   0.0000000E+00
   1.5401670E+03   1.3690000E+03   8.8700000E+02   0.0000000E+00   0.0000000E+00
   1.5401745E+03   1.3670000E+03   8.4400000E+02   0.0000000E+00   0.0000000E+00
   1.5401820E+03   1.3490000E+03   8.6300000E+02   0.0000000E+00   0.0000000E+00
   1.5401895E+03   1.3930000E+03   9.0200000E+02   5.5695548E-04   8.6013191E-04
   1.5401971E+03   1.3760000E+03   8.4000000E+02   3.7162828E-04   6.0876251E-04
   1.5402046E+03   1.4540000E+03   9.4400000E+02   0.0000000E+00   0.0000000E+00
   1.5402121E+03   1.4760000E+03   9.6500000E+02   5.0335983E-04   7.6990582E-04
   1.5402197E+03   1.4620000E+03   9.4600000E+02   0.0000000E+00   0.0000000E+00
   1.5402272E+03   1.4130000E+03   8.9600000E+02   0.0000000E+00   0.0000000E+00
   1.5402347E+03   1.4200000E+03   8.5800000E+02   0.0000000E+00   0.0000000E+00
   1.5402422E+03   1.4280000E+03   8.8800000E+02   0.0000000E+00   0.0000000E+00
   1.5402498E+03   1.4700000E+03   9.2700000E+02   0.0000000E+00   0.0000000E+00
   1.5402573E+03   1.4920000E+03   9.2700000E+02   0.0000000E+00   0.0000000E+00
   1.5402648E+03   1.4320000E+03   9.1500000E+02   0.0000000E+00   0.0000000E+00
   1.5402723E+03   1.4710000E+03   9.3200000E+02   0.0000000E+00   0.0000000E+00
   1.5402799E+03   1.4920000E+03   9.7000000E+02   1.2557503E-04   1.9315252E-04
   1.5402874E+03   1.4480000E+03   9.0400000E+02   1.0471026E-04   1.6772175E-04
   1.5402949E+03   1.4620000E+03   9.4800000E+02   0.0000000E+00   0.0000000E+00
   1.5403025E+03   1.4480000E+03   9.3900000E+02   0.0000000E+00   0.0000000E+00
   1.5403100E+03   1.4620000E+03   9.2600000E+02   0.0000000E+00   0.0000000E+00
   1.5403175E+03   1.4650000E+03   9.3300000E+02   0.0000000E+00   0.0000000E+00
   1.5403250E+03   1.4850000E+03   9.3800000E+02   0.0000000E+00   0.0000000E+00
   1.5403326E+03   1.4660000E+03   9.3100000E+02   0.0000000E+00   0.0000000E+00
   1.5403401E+03   1.4320000E+03   8.9400000E+02   0.0000000E+00   0.0000000E+00
   1.5403476E+03   1.4150000E+03   9.0800000E+02   0.0000000E+00   0.0000000E+00
   1.5403552E+03   1.5300000E+03   9.9200000E+02   0.0000000E+00   0.0000000E+00
   1.5403627E+03   1.5310000E+03   9.8200000E+02   0.0000000E+00   0.0000000E+00
   1.5403702E+03   1.4890000E+03   9.4000000E+02   0.0000000E+00   0.0000000E+00
   1.5403777E+03   1.4830000E+03   9.5300000E+02   0.0000000E+00   0.0000000E+00
   1.5403853E+03   1.5350000E+03   9.7300000E+02   0.0000000E+00   0.0000000E+00
   1.5403928E+03   1.4550000E+03   9.1400000E+02   7.7132585E-05   1.2278765E-04
   1.5404003E+03   1.5030000E+03   9.6900000E+02   0.0000000E+00   0.0000000E+00
   1.5404079E+03   1.5440000E+03   9.7900000E+02   0.0000000E+00   0.0000000E+00
   1.5404154E+03   1.5030000E+03   9.6800000E+02   6.3760235E-04   9.8999620E-04
   1.5404229E+03   1.4420000E+03   9.3200000E+02   0.0000000E+00   0.0000000E+00
   1.5404304E+03   1.4800000E+03   9.2300000E+02   0.0000000E+00   0.0000000E+00
   1.5404380E+03   1.5320000E+03   9.8300000E+02   0.0000000E+00   0.0000000E+00
   1.5404455E+03   1.5790000E+03   1.0390000E+03   8.5370978E-05   1.2974088E-04
   1.5404530E+03   1.5610000E+03   1.0310000E+03   0.0000000E+00   0.0000000E+00
   1.5404606E+03   1.5150000E+03   9.5500000E+02   0.0000000E+00   0.0000000E+00
   1.5404681E+03   1.5490000E+03   9.9000000E+02   0.0000000E+00   0.0000000E+00
   1.5404756E+03   1.5240000E+03   9.8700000E+02   0.0000000E+00   0.0000000E+00
   1.5404831E+03   1.5550000E+03   9.6500000E+02   4.9349589E-04   7.9521876E-04
   1.5404907E+03   1.4850000E+03   9.3400000E+02   0.0000000E+00   0.0000000E+00
   1.5404982E+03   1.5480000E+03   9.4800000E+02   0.0000000E+00   0.0000000E+00
   1.5405057E+03   1.5560000E+03   1.0180000E+03   2.5647667E-04   3.9202131E-04
   1.5405133E+03   1.5400000E+03   9.9700000E+02   0.0000000E+00   0.0000000E+00
   1.5405208E+03   1.5620000E+03   9.8200000E+02   0.0000000E+00   0.0000000E+00
   1.5405283E+03   1.5500000E+03   9.7100000E+02   0.0000000E+00   0.0000000E+00
   1.5405358E+03   1.5350000E+03   9.5400000E+02   0.0000000E+00   0.0000000E+00
   1.5405434E+03   1.5640000E+03   9.8700000E+02   0.0000000E+00   0.0000000E+00
   1.5405509E+03   1.5580000E+03   9.9500000E+02   2.7706037E-04   4.3382920E-04
   1.5405584E+03   1.5520000E+03   9.9100000E+02   4.5987364E-04   7.2020574E-04
   1.5405660E+03   1.6100000E+03   1.0070000E+03   0.0000000E+00   0.0000000E+00
   1.5405735E+03   1.6390000E+03   1.0350000E+03   0.0000000E+00   0.0000000E+00
   1.5405810E+03   1.6430000E+03   1.0160000E+03   0.0000000E+00   0.0000000E+00
   1.5405885E+03   1.6320000E+03   1.0210000E+03   4.0504972E-04   6.4744480E-04
   1.5405961E+03   1.5730000E+03   9.9300000E+02   0.0000000E+00   0.0000000E+00
   1.5406036E+03   1.5680000E+03   1.0160000E+03   3.6258724E-04   5.5958346E-04
   1.5406111E+03   1.6230000E+03   1.0270000E+03   1.0576127E-04   2.8299454E-05
   1.5406187E+03   1.6640000E+03   1.0280000E+03   3.0469740E-04   4.9320669E-04
   1.5406262E+03   1.5920000E+03   1.0320000E+03   0.0000000E+00   0.0000000E+00
   1.5406337E+03   1.5850000E+03   1.0140000E+03   0.0000000E+00   0.0000000E+00
   1.5406412E+03   1.5790000E+03   1.0010000E+03   0.0000000E+00   0.0000000E+00
   1.5406488E+03   1.7010000E+03   1.0970000E+03   5.0363079E-04   7.8092613E-04
   1.5406563E+03   1.6490000E+03   1.0460000E+03   3.8040397E-04   5.3419455E-04
   1.5406638E+03   1.6200000E+03   1.0380000E+03   0.0000000E+00   0.0000000E+00
   1.5406713E+03   1.6690000E+03   1.0580000E+03   0.0000000E+00   0.0000000E+00
   1.5406789E+03   1.6170000E+03   1.0420000E+03   0.0000000E+00   0.0000000E+00
   1.5406864E+03   1.6580000E+03   1.0640000E+03   0.0000000E+00   0.0000000E+00
   1.5406939E+03   1.6840000E+03   1.0750000E+03   0.0000000E+00   0.0000000E+00
   1.5407015E+03   1.6640000E+03   1.0560000E+03   0.0000000E+00   0.0000000E+00
   1.5407090E+03   1.6610000E+03   1.0670000E+03   0.0000000E+00   0.0000000E+00
   1.5407165E+03   1.6200000E+03   1.0380000E+03   3.2645718E-05   5.0949965E-05
   1.5407240E+03   1.6020000E+03   9.9100000E+02   0.0000000E+00   0.0000000E+00
   1.5407316E+03   1.5740000E+03   1.0100000E+03   6.0196858E-04   9.3811738E-04
   1.5407391E+03   1.7160000E+03   1.0860000E+03   0.0000000E+00   0.0000000E+00
   1.5407466E+03   1.6590000E+03   1.0460000E+03   0.0000000E+00   0.0000000E+00
   1.5407542E+03   1.6530000E+03   1.0230000E+03   9.4140411E-05   0.0000000E+00
   1.5407617E+03   1.6790000E+03   1.0930000E+03   0.0000000E+00   0.0000000E+00
   1.5407692E+03   1.6530000E+03   1.0670000E+03   0.0000000E+00   0.0000000E+00
   1.5407767E+03   1.7260000E+03   1.1420000E+03   0.0000000E+00   0.0000000E+00
   1.5407843E+03   1.6710000E+03   1.0330000E+03   0.0000000E+00   0.0000000E+00
   1.5407918E+03   1.6960000E+03   1.0680000E+03   0.0000000E+00   0.0000000E+00
   1.5407993E+03   1.6100000E+03   1.0170000E+03   0.0000000E+00   0.0000000E+00
   1.5408069E+03   1.6830000E+03   1.0960000E+03   0.0000000E+00   0.0000000E+00
   1.5408144E+03   1.7720000E+03   1.1190000E+03   0.0000000E+00   0.0000000E+00
   1.5408219E+03   1.6840000E+03   1.0060000E+03   0.0000000E+00   0.0000000E+00
   1.5408294E+03   1.6900000E+03   1.0800000E+03   3.5420903E-04   5.5427153E-04
   1.5408370E+03   1.7310000E+03   1.1340000E+03   6.3035844E-05   9.6221381E-05
   1.5408445E+03   1.6650000E+03   1.0500000E+03   0.0000000E+00   0.0000000E+00
   1.5408520E+03   1.6930000E+03   1.0800000E+03   0.0000000E+00   0.0000000E+00
   1.5408596E+03   1.6520000E+03   1.0260000E+03   0.0000000E+00   0.0000000E+00
   1.5408671E+03   1.8220000E+03   1.1770000E+03   5.2480777E-04   8.1240420E-04
   1.5408746E+03   1.7310000E+03   1.0960000E+03   0.0000000E+00   0.0000000E+00
   1.5408821E+03   1.6860000E+03   1.0570000E+03   0.0000000E+00   0.0000000E+00
   1.5408897E+03   1.7760000E+03   1.1340000E+03   0.0000000E+00   0.0000000E+00
   1.5408972E+03   1.7010000E+03   1.1010000E+03   3.1081844E-05   4.8020179E-05
   1.5409047E+03   1.6860000E+03   1.0410000E+03   0.0000000E+00   0.0000000E+00
   1.5409123E+03   1.8020000E+03   1.1280000E+03   0.0000000E+00   0.0000000E+00
   1.5409198E+03   1.7860000E+03   1.1270000E+03   0.0000000E+00   0.0000000E+00
   1.5409273E+03   1.8020000E+03   1.1500000E+03   0.0000000E+00   0.0000000E+00
   1.5409348E+03   1.7500000E+03   1.1080000E+03   0.0000000E+00   0.0000000E+00
   1.5409424E+03   1.7710000E+03   1.1100000E+03   0.0000000E+00   0.0000000E+00
   1.5409499E+03   1.7930000E+03   1.1460000E+03   0.0000000E+00   0.0000000E+00
   1.5409574E+03   1.7890000E+03   1.1010000E+03   0.0000000E+00   0.0000000E+00
   1.5409650E+03   1.8550000E+03   1.1760000E+03   4.9150550E-04   7.7529141E-04
   1.5409725E+03   1.7270000E+03   1.1190000E+03   0.0000000E+00   0.0000000E+00
   1.5409800E+03   1.7570000E+03   1.1090000E+03   0.0000000E+00   0.0000000E+00
   1.5409875E+03   1.8370000E+03   1.1340000E+03   0.0000000E+00   0.0000000E+00
   1.5409951E+03   1.6860000E+03   1.0690000E+03   0.0000000E+00   0.0000000E+00
   1.5410026E+03   1.7390000E+03   1.1560000E+03   0.0000000E+00   0.0000000E+00
   1.5410101E+03   1.8470000E+03   1.1710000E+03   0.0000000E+00   0.0000000E+00
   1.5410177E+03   1.8420000E+03   1.1800000E+03   1.9983821E-04   3.1195083E-04
   1.5410252E+03   1.8290000E+03   1.1670000E+03   0.0000000E+00   0.0000000E+00
   1.5410327E+03   1.8880000E+03   1.2000000E+03   0.0000000E+00   0.0000000E+00
   1.5410402E+03   1.8350000E+03   1.1580000E+03   0.0000000E+00   0.0000000E+00
   1.5410478E+03   1.7850000E+03   1.1040000E+03   0.0000000E+00   0.0000000E+00
   1.5410553E+03   1.8010000E+03   1.1270000E+03   1.2629506E-04   2.0182556E-04
   1.5410628E+03   1.8080000E+03   1.1550000E+03   0.0000000E+00   0.0000000E+00
   1.5410704E+03   1.7630000E+03   1.1230000E+03   0.0000000E+00   0.0000000E+00
   1.5410779E+03   1.8030000E+03   1.1420000E+03   4.9151021E-04   7.7600080E-04
   1.5410854E+03   1.7790000E+03   1.1130000E+03   0.0000000E+00   0.0000000E+00
   1.5410929E+03   1.8960000E+03   1.2060000E+03   0.0000000E+00   0.0000000E+00
   1.5411005E+03   1.8780000E+03   1.2000000E+03   4.5310180E-06   0.0000000E+00
   1.5411080E+03   1.8330000E+03   1.1550000E+03   0.0000000E+00   0.0000000E+00
   1.5411155E+03   1.8470000E+03   1.1710000E+03   0.0000000E+00   0.0000000E+00
   1.5411230E+03   1.8240000E+03   1.1640000E+03   0.0000000E+00   0.0000000E+00
   1.5411306E+03   1.9100000E+03   1.1990000E+03   2.4037414E-04   0.0000000E+00
   1.5411381E+03   1.9200000E+03   1.2210000E+03   2.5748797E-04   4.0489509E-04
   1.5411456E+03   1.9400000E+03   1.2150000E+03   0.0000000E+00   0.0000000E+00
   1.5411532E+03   1.8990000E+03   1.2170000E+03   0.0000000E+00   0.0000000E+00
   1.5411607E+03   1.9260000E+03   1.2230000E+03   0.0000000E+00   0.0000000E+00
   1.5411682E+03   1.8770000E+03   1.1900000E+03   0.0000000E+00   0.0000000E+00
   1.5411757E+03   1.8490000E+03   1.1660000E+03   1.0819145E-04   0.0000000E+00
   1.5411833E+03   1.8850000E+03   1.1970000E+03   0.0000000E+00   0.0000000E+00
   1.5411908E+03   1.9560000E+03   1.2780000E+03   2.2899635E-04   3.5048268E-04
   1.5411983E+03   1.8840000E+03   1.1520000E+03   0.0000000E+00   0.0000000E+00
   1.5412059E+03   1.9260000E+03   1.2170000E+03   0.0000000E+00   0.0000000E+00
   1.5412134E+03   1.9230000E+03   1.2070000E+03   0.0000000E+00   0.0000000E+00
   1.5412209E+03   1.9480000E+03   1.2530000E+03   0.0000000E+00   0.0000000E+00
   1.5412284E+03   1.9140000E+03   1.2290000E+03   0.0000000E+00   0.0000000E+00
   1.5412360E+03   1.9150000E+03   1.2160000E+03   1.2208850E-04   1.9226930E-04
   1.5412435E+03   1.9190000E+03   1.1890000E+03   0.0000000E+00   0.0000000E+00
   1.5412510E+03   1.9040000E+03   1.1890000E+03   0.0000000E+00   0.0000000E+00
   1.5412586E+03   1.9740000E+03   1.2490000E+03   0.0000000E+00   0.0000000E+00
   1.5412661E+03   1.9500000E+03   1.2370000E+03   0.0000000E+00   0.0000000E+00
   1.5412736E+03   1.9020000E+03   1.2010000E+03   1.7626343E-04   2.7914492E-04
   1.5412811E+03   1.9400000E+03   1.2260000E+03   0.0000000E+00   0.0000000E+00
   1.5412887E+03   2.0210000E+03   1.2920000E+03   0.0000000E+00   0.0000000E+00
   1.5412962E+03   1.9770000E+03   1.2860000E+03   0.0000000E+00   0.0000000E+00
   1.5413037E+03   1.8850000E+03   1.1610000E+03   0.0000000E+00   0.0000000E+00
   1.5413113E+03   1.9220000E+03   1.2030000E+03   2.5173613E-04   4.0219189E-04
   1.5413188E+03   2.0120000E+03   1.3120000E+03   0.0000000E+00   0.0000000E+00
   1.5413263E+03   1.9900000E+03   1.2400000E+03   0.0000000E+00   0.0000000E+00
   1.5413338E+03   1.9650000E+03   1.2240000E+03   9.1244238E-05   1.4648278E-04
   1.5413414E+03   1.9750000E+03   1.2320000E+03   4.7378359E-04   7.5951510E-04
   1.5413489E+03   1.9920000E+03   1.2880000E+03   0.0000000E+00   0.0000000E+00
   1.5413564E+03   1.9570000E+03   1.2290000E+03   0.0000000E+00   0.0000000E+00
   1.5413640E+03   1.9710000E+03   1.2680000E+03   2.3390525E-04   3.6358616E-04
   1.5413715E+03   1.9990000E+03   1.2750000E+03   2.7236050E-05   4.2701854E-05
   1.5413790E+03   1.9320000E+03   1.2570000E+03   4.9273620E-04   7.5733201E-04
   1.5413865E+03   2.0020000E+03   1.3050000E+03   0.0000000E+00   0.0000000E+00
   1.5413941E+03   1.9890000E+03   1.2150000E+03   4.1293319E-04   6.7598693E-04
   1.5414016E+03   2.0700000E+03   1.3280000E+03   0.0000000E+00   0.0000000E+00
   1.5414091E+03   2.0060000E+03   1.2390000E+03   0.0000000E+00   0.0000000E+00
   1.5414167E+03   1.9600000E+03   1.2540000E+03   0.0000000E+00   0.0000000E+00
   1.5414242E+03   2.1410000E+03   1.3320000E+03   0.0000000E+00   0.0000000E+00
   1.5414317E+03   1.9970000E+03   1.2780000E+03   6.2370804E-04   9.7460482E-04
   1.5414392E+03   1.9840000E+03   1.2630000E+03   0.0000000E+00   0.0000000E+00
   1.5414468E+03   2.1280000E+03   1.3840000E+03   9.6960460E-05   1.4908371E-04
   1.5414543E+03   2.0820000E+03   1.3420000E+03   0.0000000E+00   0.0000000E+00
   1.5414618E+03   2.0960000E+03   1.3430000E+03   2.4445573E-04   3.8151840E-04
   1.5414694E+03   2.0020000E+03   1.2670000E+03   0.0000000E+00   0.0000000E+00
   1.5414769E+03   2.0820000E+03   1.3050000E+03   2.5418255E-04   4.0552342E-04
   1.5414844E+03   2.0780000E+03   1.3300000E+03   3.3047462E-05   5.1633553E-05
   1.5414919E+03   2.1020000E+03   1.2960000E+03   0.0000000E+00   0.0000000E+00
   1.5414995E+03   2.0040000E+03   1.3240000E+03   0.0000000E+00   0.0000000E+00
   1.5415070E+03   2.1290000E+03   1.3340000E+03   0.0000000E+00   0.0000000E+00
   1.5415145E+03   2.0180000E+03   1.2960000E+03   0.0000000E+00   0.0000000E+00
   1.5415221E+03   2.1620000E+03   1.3750000E+03   4.1939545E-04   6.5944216E-04
   1.5415296E+03   2.0350000E+03   1.2980000E+03   0.0000000E+00   0.0000000E+00
   1.5415371E+03   2.0210000E+03   1.2630000E+03   1.5073121E-04   2.4119381E-04
   1.5415446E+03   2.0820000E+03   1.3840000E+03   5.4862287E-05   5.5610550E-04
   1.5415522E+03   2.1310000E+03   1.3340000E+03   0.0000000E+00   0.0000000E+00
   1.5415597E+03   2.1190000E+03   1.3620000E+03   0.0000000E+00   0.0000000E+00
   1.5415672E+03   2.1310000E+03   1.3450000E+03   3.1764134E-04   5.0326668E-04
   1.5415747E+03   2.0830000E+03   1.3280000E+03   0.0000000E+00   0.0000000E+00
   1.5415823E+03   2.0680000E+03   1.3500000E+03   0.0000000E+00   0.0000000E+00
   1.5415898E+03   2.0570000E+03   1.2910000E+03   0.0000000E+00   0.0000000E+00
   1.5415973E+03   2.1880000E+03   1.3650000E+03   3.2212726E-04   5.1634758E-04
   1.5416049E+03   2.0870000E+03   1.3580000E+03   1.4159069E-04   2.1759925E-04
   1.5416124E+03   2.0790000E+03   1.3000000E+03   3.6667160E-04   5.8677210E-05
   1.5416199E+03   2.1120000E+03   1.3160000E+03   0.0000000E+00   0.0000000E+00
   1.5416274E+03   2.0980000E+03   1.3440000E+03   0.0000000E+00   0.0000000E+00
   1.5416350E+03   2.2430000E+03   1.4290000E+03   8.0180756E-05   1.5242013E-04
   1.5416425E+03   2.2460000E+03   1.4160000E+03   0.0000000E+00   0.0000000E+00
   1.5416500E+03   2.1340000E+03   1.3440000E+03   0.0000000E+00   0.0000000E+00
   1.5416576E+03   2.0600000E+03   1.3200000E+03   2.2800495E-04   3.5582591E-04
   1.5416651E+03   2.0950000E+03   1.3330000E+03   0.0000000E+00   0.0000000E+00
   1.5416726E+03   2.0370000E+03   1.3170000E+03   0.0000000E+00   0.0000000E+00
   1.5416801E+03   2.1370000E+03   1.3510000E+03   3.8483118E-06   6.0872259E-06
   1.5416877E+03   2.1620000E+03   1.3790000E+03   6.4382244E-05   1.0093866E-04
   1.5416952E+03   2.1540000E+03   1.3980000E+03   0.0000000E+00   0.0000000E+00
   1.5417027E+03   2.2110000E+03   1.4160000E+03   0.0000000E+00   0.0000000E+00
   1.5417103E+03   2.1890000E+03   1.4090000E+03   0.0000000E+00   0.0000000E+00
   1.5417178E+03   2.2270000E+03   1.3810000E+03   0.0000000E+00   0.0000000E+00
   1.5417253E+03   2.2060000E+03   1.3670000E+03   0.0000000E+00   0.0000000E+00
   1.5417328E+03   2.1900000E+03   1.4240000E+03   1.0671583E-04   1.6412055E-04
   1.5417404E+03   2.1690000E+03   1.3720000E+03   0.0000000E+00   0.0000000E+00
   1.5417479E+03   2.2300000E+03   1.3770000E+03   1.7142190E-04   2.7761136E-04
   1.5417554E+03   2.1760000E+03   1.3580000E+03   0.0000000E+00   0.0000000E+00
   1.5417630E+03   2.1500000E+03   1.3520000E+03   0.0000000E+00   0.0000000E+00
   1.5417705E+03   2.2750000E+03   1.4410000E+03   0.0000000E+00   0.0000000E+00
   1.5417780E+03   2.2280000E+03   1.4260000E+03   0.0000000E+00   0.0000000E+00
   1.5417855E+03   2.1930000E+03   1.3770000E+03   1.5157245E-04   0.0000000E+00
   1.5417931E+03   2.2800000E+03   1.4330000E+03   0.0000000E+00   0.0000000E+00
   1.5418006E+03   2.1480000E+03   1.3070000E+03   2.5932917E-05   4.2619668E-05
   1.5418081E+03   2.2540000E+03   1.4400000E+03   0.0000000E+00   0.0000000E+00
   1.5418157E+03   2.1330000E+03   1.3570000E+03   3.0137750E-05   4.7372012E-05
   1.5418232E+03   2.3250000E+03   1.4850000E+03   0.0000000E+00   0.0000000E+00
   1.5418307E+03   2.2640000E+03   1.4530000E+03   0.0000000E+00   0.0000000E+00
   1.5418382E+03   2.2420000E+03   1.3950000E+03   0.0000000E+00   0.0000000E+00
   1.5418458E+03   2.2940000E+03   1.4350000E+03   0.0000000E+00   0.0000000E+00
   1.5418533E+03   2.3430000E+03   1.5100000E+03   3.0165893E-04   4.6807078E-04
   1.5418608E+03   2.2850000E+03   1.4550000E+03   2.7148562E-04   4.2635371E-04
   1.5418684E+03   2.2400000E+03   1.3940000E+03   0.0000000E+00   0.0000000E+00
   1.5418759E+03   2.4030000E+03   1.5530000E+03   1.8181865E-04   2.8133305E-04
   1.5418834E+03   2.2780000E+03   1.4210000E+03   3.8133366E-04   6.1131462E-04
   1.5418909E+03   2.2710000E+03   1.4740000E+03   0.0000000E+00   0.0000000E+00
   1.5418985E+03   2.2170000E+03   1.4420000E+03   0.0000000E+00   0.0000000E+00
   1.5419060E+03   2.2310000E+03   1.4340000E+03   1.2270560E-04   1.9090390E-04
   1.5419135E+03   2.3100000E+03   1.4480000E+03   0.0000000E+00   0.0000000E+00
   1.5419211E+03   2.2610000E+03   1.4230000E+03   2.7381335E-04   4.3506113E-04
   1.5419286E+03   2.3230000E+03   1.4770000E+03   0.0000000E+00   0.0000000E+00
   1.5419361E+03   2.2510000E+03   1.4270000E+03   0.0000000E+00   0.0000000E+00
   1.5419436E+03   2.3410000E+03   1.4770000E+03   0.0000000E+00   0.0000000E+00
   1.5419512E+03   2.3200000E+03   1.5110000E+03   1.3069899E-04   2.0067615E-04
   1.5419587E+03   2.3070000E+03   1.4840000E+03   1.8722228E-04   0.0000000E+00
   1.5419662E+03   2.4300000E+03   1.5550000E+03   3.0011786E-04   4.6899446E-04
   1.5419738E+03   2.3350000E+03   1.4700000E+03   4.0185944E-04   0.0000000E+00
   1.5419813E+03   2.3780000E+03   1.4930000E+03   0.0000000E+00   0.0000000E+00
   1.5419888E+03   2.3290000E+03   1.4390000E+03   0.0000000E+00   0.0000000E+00
   1.5419963E+03   2.4450000E+03   1.5820000E+03   0.0000000E+00   0.0000000E+00
   1.5420039E+03   2.3640000E+03   1.5050000E+03   0.0000000E+00   0.0000000E+00
   1.5420114E+03   2.3690000E+03   1.4950000E+03   2.3567360E-04   2.0355781E-04
   1.5420189E+03   2.4050000E+03   1.5020000E+03   0.0000000E+00   0.0000000E+00
   1.5420264E+03   2.3410000E+03   1.4780000E+03   3.5601968E-04   0.0000000E+00
   1.5420340E+03   2.3540000E+03   1.4890000E+03   5.3428197E-04   8.4466069E-04
   1.5420415E+03   2.4060000E+03   1.5680000E+03   0.0000000E+00   0.0000000E+00
   1.5420490E+03   2.3840000E+03   1.4830000E+03   6.6850588E-06   1.0746581E-05
   1.5420566E+03   2.3270000E+03   1.5110000E+03   2.2963910E-04   3.5365333E-04
   1.5420641E+03   2.3160000E+03   1.4520000E+03   1.7319312E-04   2.7625018E-04
   1.5420716E+03   2.3580000E+03   1.5240000E+03   4.0465149E-04   6.2609463E-04
   1.5420791E+03   2.4100000E+03   1.5430000E+03   0.0000000E+00   0.0000000E+00
   1.5420867E+03   2.4650000E+03   1.5850000E+03   1.1456167E-04   1.7816688E-04
   1.5420942E+03   2.4020000E+03   1.5460000E+03   0.0000000E+00   0.0000000E+00
   1.5421017E+03   2.4440000E+03   1.5710000E+03   0.0000000E+00   0.0000000E+00
   1.5421093E+03   2.4430000E+03   1.5530000E+03   0.0000000E+00   0.0000000E+00
   1.5421168E+03   2.4630000E+03   1.5450000E+03   0.0000000E+00   0.0000000E+00
   1.5421243E+03   2.4200000E+03   1.6030000E+03   0.0000000E+00   0.0000000E+00
   1.5421318E+03   2.4230000E+03   1.5430000E+03   0.0000000E+00   0.0000000E+00
   1.5421394E+03   2.4950000E+03   1.5920000E+03   1.9468494E-04   3.0511239E-04
   1.5421469E+03   2.4750000E+03   1.5940000E+03   0.0000000E+00   0.0000000E+00
   1.5421544E+03   2.4130000E+03   1.5230000E+03   0.0000000E+00   0.0000000E+00
   1.5421620E+03   2.4750000E+03   1.5880000E+03   0.0000000E+00   0.0000000E+00
   1.5421695E+03   2.4750000E+03   1.5870000E+03   0.0000000E+00   0.0000000E+00
   1.5421770E+03   2.4110000E+03   1.5140000E+03   1.0301192E-04   1.6404342E-04
   1.5421845E+03   2.4890000E+03   1.5740000E+03   0.0000000E+00   0.0000000E+00
   1.5421921E+03   2.4630000E+03   1.5700000E+03   0.0000000E+00   0.0000000E+00
   1.5421996E+03   2.5290000E+03   1.5520000E+03   6.2533779E-05   1.0189944E-04
   1.5422071E+03   2.4070000E+03   1.5470000E+03   4.7843091E-05   7.4439767E-05
   1.5422147E+03   2.4290000E+03   1.5590000E+03   0.0000000E+00   0.0000000E+00
   1.5422222E+03   2.4890000E+03   1.5750000E+03   0.0000000E+00   0.0000000E+00
   1.5422297E+03   2.4290000E+03   1.5420000E+03   0.0000000E+00   0.0000000E+00
   1.5422372E+03   2.4950000E+03   1.5660000E+03   0.0000000E+00   0.0000000E+00
   1.5422448E+03   2.6150000E+03   1.6970000E+03   3.8732457E-04   4.1040997E-04
   1.5422523E+03   2.5940000E+03   1.6360000E+03   0.0000000E+00   0.0000000E+00
   1.5422598E+03   2.5530000E+03   1.6020000E+03   2.3833292E-04   3.7981519E-04
   1.5422674E+03   2.4790000E+03   1.6090000E+03   2.6922199E-04   4.1479262E-04
   1.5422749E+03   2.4900000E+03   1.6120000E+03   2.8309866E-04   4.3729259E-04
   1.5422824E+03   2.5120000E+03   1.5180000E+03   0.0000000E+00   0.0000000E+00
   1.5422899E+03   2.5000000E+03   1.6070000E+03   2.4065712E-04   1.6571556E-04
   1.5422975E+03   2.5880000E+03   1.6200000E+03   3.5693013E-04   0.0000000E+00
   1.5423050E+03   2.5490000E+03   1.5910000E+03   7.6159994E-05   1.2201875E-04
   1.5423125E+03   2.5860000E+03   1.6770000E+03   0.0000000E+00   0.0000000E+00
   1.5423201E+03   2.5840000E+03   1.7020000E+03   0.0000000E+00   0.0000000E+00
   1.5423276E+03   2.4140000E+03   1.5080000E+03   1.5906179E-04   2.5462544E-04
   1.5423351E+03   2.5420000E+03   1.6390000E+03   2.5589744E-04   3.9688304E-04
   1.5423426E+03   2.5460000E+03   1.6110000E+03   4.2182581E-05   6.6664712E-05
   1.5423502E+03   2.6100000E+03   1.6330000E+03   0.0000000E+00   0.0000000E+00
   1.5423577E+03   2.5780000E+03   1.6420000E+03   7.8832693E-05   1.2377021E-04
   1.5423652E+03   2.5830000E+03   1.6380000E+03   0.0000000E+00   0.0000000E+00
   1.5423728E+03   2.5650000E+03   1.6080000E+03   0.0000000E+00   0.0000000E+00
   1.5423803E+03   2.6590000E+03   1.7010000E+03   3.5655457E-04   5.5736543E-04
   1.5423878E+03   2.6290000E+03   1.6790000E+03   2.3299542E-04   3.6482726E-04
   1.5423953E+03   2.5580000E+03   1.6430000E+03   2.3876783E-04   2.8162979E-04
   1.5424029E+03   2.6790000E+03   1.6680000E+03   2.3952365E-04   3.8470255E-04
   1.5424104E+03   2.5140000E+03   1.5750000E+03   0.0000000E+00   0.0000000E+00
   1.5424179E+03   2.6200000E+03   1.6250000E+03   1.2497103E-04   2.0149176E-04
   1.5424255E+03   2.6490000E+03   1.7010000E+03   0.0000000E+00   0.0000000E+00
   1.5424330E+03   2.5750000E+03   1.6480000E+03   0.0000000E+00   0.0000000E+00
   1.5424405E+03   2.4990000E+03   1.5960000E+03   0.0000000E+00   0.0000000E+00
   1.5424480E+03   2.6770000E+03   1.6830000E+03   3.0308988E-04   4.8209840E-04
   1.5424556E+03   2.6020000E+03   1.6060000E+03   2.1226737E-05   3.4391015E-05
   1.5424631E+03   2.5990000E+03   1.6660000E+03   0.0000000E+00   0.0000000E+00
   1.5424706E+03   2.6210000E+03   1.6230000E+03   5.6834946E-04   8.6141327E-04
   1.5424781E+03   2.6180000E+03   1.6500000E+03   1.1282172E-04   0.0000000E+00
   1.5424857E+03   2.7460000E+03   1.7440000E+03   0.0000000E+00   0.0000000E+00
   1.5424932E+03   2.6590000E+03   1.6480000E+03   9.2575485E-05   1.4936785E-04
   1.5425007E+03   2.6550000E+03   1.6400000E+03   1.7857766E-04   2.8909981E-04
   1.5425083E+03   2.5600000E+03   1.6160000E+03   3.6529189E-04   5.7868022E-04
   1.5425158E+03   2.6260000E+03   1.6710000E+03   4.8647793E-04   7.6450691E-04
   1.5425233E+03   2.7280000E+03   1.7310000E+03   3.3651003E-04   5.3032892E-04
   1.5425308E+03   2.7310000E+03   1.7010000E+03   0.0000000E+00   0.0000000E+00
   1.5425384E+03   2.7430000E+03   1.7480000E+03   0.0000000E+00   0.0000000E+00
   1.5425459E+03   2.7550000E+03   1.7240000E+03   0.0000000E+00   0.0000000E+00
   1.5425534E+03   2.6610000E+03   1.7240000E+03   0.0000000E+00   0.0000000E+00
   1.5425610E+03   2.7290000E+03   1.7180000E+03   2.0224829E-04   3.2126635E-04
   1.5425685E+03   2.6070000E+03   1.6390000E+03   2.1040261E-05   0.0000000E+00
   1.5425760E+03   2.7270000E+03   1.7130000E+03   1.2521326E-04   1.9933249E-04
   1.5425835E+03   2.6670000E+03   1.6760000E+03   4.1832044E-04   6.6566863E-04
   1.5425911E+03   2.7160000E+03   1.6770000E+03   2.1766748E-04   2.3698498E-04
   1.5425986E+03   2.7230000E+03   1.7210000E+03   0.0000000E+00   0.0000000E+00
   1.5426061E+03   2.8200000E+03   1.7560000E+03   0.0000000E+00   0.0000000E+00
   1.5426137E+03   2.7500000E+03   1.7330000E+03   0.0000000E+00   0.0000000E+00
   1.5426212E+03   2.7460000E+03   1.7850000E+03   3.1264639E-04   4.8096750E-04
   1.5426287E+03   2.7530000E+03   1.7300000E+03   1.7801751E-04   2.8328451E-04
   1.5426362E+03   2.7890000E+03   1.7880000E+03   3.3493172E-04   5.2244104E-04
   1.5426438E+03   2.7750000E+03   1.7770000E+03   0.0000000E+00   0.0000000E+00
   1.5426513E+03   2.7750000E+03   1.7860000E+03   0.0000000E+00   0.0000000E+00
   1.5426588E+03   2.8180000E+03   1.7500000E+03   2.7001799E-04   4.3480611E-04
   1.5426664E+03   2.8470000E+03   1.7920000E+03   0.0000000E+00   0.0000000E+00
   1.5426739E+03   2.7280000E+03   1.7220000E+03   4.5146561E-05   7.1521381E-05
   1.5426814E+03   2.8160000E+03   1.7720000E+03   2.2072431E-04   3.5076730E-04
   1.5426889E+03   2.7310000E+03   1.7340000E+03   2.2366689E-04   3.5226890E-04
   1.5426965E+03   2.7000000E+03   1.6950000E+03   2.8525977E-04   4.5439609E-04
   1.5427040E+03   2.8210000E+03   1.8010000E+03   1.0701813E-04   0.0000000E+00
   1.5427115E+03   2.8030000E+03   1.8210000E+03   3.7205227E-04   5.7268671E-04
   1.5427191E+03   2.8090000E+03   1.7800000E+03   3.7972102E-05   1.7127891E-04
   1.5427266E+03   2.8070000E+03   1.8080000E+03   8.5201210E-05   1.5120588E-04
   1.5427341E+03   2.8440000E+03   1.8070000E+03   4.7504578E-04   7.4766474E-04
   1.5427416E+03   2.8550000E+03   1.8270000E+03   1.5660811E-05   2.4472695E-05
   1.5427492E+03   2.7960000E+03   1.7670000E+03   0.0000000E+00   0.0000000E+00
   1.5427567E+03   2.7700000E+03   1.7920000E+03   0.0000000E+00   0.0000000E+00
   1.5427642E+03   2.8440000E+03   1.8020000E+03   0.0000000E+00   0.0000000E+00
   1.5427718E+03   2.7580000E+03   1.7550000E+03   0.0000000E+00   0.0000000E+00
   1.5427793E+03   2.8560000E+03   1.8210000E+03   0.0000000E+00   0.0000000E+00
   1.5427868E+03   2.8310000E+03   1.7800000E+03   4.4866772E-05   1.0315062E-04
   1.5427943E+03   2.7920000E+03   1.7840000E+03   1.8220860E-04   2.8516055E-04
   1.5428019E+03   2.8740000E+03   1.8410000E+03   0.0000000E+00   0.0000000E+00
   1.5428094E+03   2.9030000E+03   1.8380000E+03   0.0000000E+00   0.0000000E+00
   1.5428169E+03   2.7940000E+03   1.7860000E+03   0.0000000E+00   0.0000000E+00
   1.5428245E+03   2.8680000E+03   1.9000000E+03   0.0000000E+00   0.0000000E+00
   1.5428320E+03   2.8570000E+03   1.8250000E+03   2.2587035E-04   3.2460103E-04
   1.5428395E+03   2.7990000E+03   1.7730000E+03   0.0000000E+00   0.0000000E+00
   1.5428470E+03   2.8230000E+03   1.7950000E+03   1.2448522E-04   1.9577815E-04
   1.5428546E+03   2.9120000E+03   1.8610000E+03   0.0000000E+00   0.0000000E+00
   1.5428621E+03   2.9550000E+03   1.8960000E+03   3.0046722E-04   4.6829147E-04
   1.5428696E+03   2.9590000E+03   1.9030000E+03   1.4839883E-04   0.0000000E+00
   1.5428772E+03   2.9810000E+03   1.8600000E+03   1.5508660E-04   2.4855546E-04
   1.5428847E+03   2.9380000E+03   1.8410000E+03   1.2139683E-04   1.9373379E-04
   1.5428922E+03   2.9460000E+03   1.9350000E+03   0.0000000E+00   0.0000000E+00
   1.5428997E+03   2.8080000E+03   1.7570000E+03   9.0018877E-05   1.4386625E-04
   1.5429073E+03   2.9380000E+03   1.8630000E+03   0.0000000E+00   0.0000000E+00
   1.5429148E+03   2.8640000E+03   1.8370000E+03   0.0000000E+00   0.0000000E+00
   1.5429223E+03   2.9240000E+03   1.8980000E+03   0.0000000E+00   0.0000000E+00
   1.5429298E+03   2.9930000E+03   1.8860000E+03   5.2031104E-05   8.2571100E-05
   1.5429374E+03   2.9000000E+03   1.8780000E+03   2.3353125E-04   3.6061800E-04
   1.5429449E+03   2.9600000E+03   1.8660000E+03   0.0000000E+00   0.0000000E+00
   1.5429524E+03   2.9880000E+03   1.9000000E+03   5.5609881E-04   8.7453855E-04
   1.5429600E+03   2.8860000E+03   1.8680000E+03   2.2116653E-04   3.4169518E-04
   1.5429675E+03   2.9300000E+03   1.8690000E+03   0.0000000E+00   0.0000000E+00
   1.5429750E+03   2.9570000E+03   1.9040000E+03   2.1988565E-04   3.4149258E-04
   1.5429825E+03   2.9750000E+03   1.9390000E+03   2.1061777E-06   3.2315001E-06
   1.5429901E+03   3.0110000E+03   1.9120000E+03   1.5797251E-04   2.4877366E-04
   1.5429976E+03   2.9920000E+03   1.9550000E+03   1.2592864E-04   1.9272558E-04
   1.5430051E+03   2.9720000E+03   1.8860000E+03   9.4080594E-05   0.0000000E+00
   1.5430127E+03   2.9890000E+03   1.8930000E+03   2.2079938E-04   3.4863674E-04
   1.5430202E+03   2.9720000E+03   1.9230000E+03   2.8289749E-04   4.3721858E-04
   1.5430277E+03   2.8880000E+03   1.8370000E+03   0.0000000E+00   0.0000000E+00
   1.5430352E+03   3.0580000E+03   1.9450000E+03   1.7245381E-04   2.7113818E-04
   1.5430428E+03   3.0970000E+03   1.9690000E+03   0.0000000E+00   0.0000000E+00
   1.5430503E+03   2.8840000E+03   1.8000000E+03   7.3292813E-05   1.1743137E-04
   1.5430578E+03   2.9390000E+03   1.8750000E+03   2.0794449E-04   3.2594606E-04
   1.5430654E+03   2.9810000E+03   1.8810000E+03   2.8701584E-04   4.5486136E-04
   1.5430729E+03   3.0730000E+03   1.9850000E+03   0.0000000E+00   0.0000000E+00
   1.5430804E+03   2.9540000E+03   1.8650000E+03   2.9051952E-04   4.6015800E-04
   1.5430879E+03   2.9820000E+03   1.8860000E+03   0.0000000E+00   0.0000000E+00
   1.5430955E+03   2.9270000E+03   1.8340000E+03   0.0000000E+00   0.0000000E+00
   1.5431030E+03   2.9680000E+03   1.9060000E+03   2.3501556E-04   3.6596337E-04
   1.5431105E+03   3.1150000E+03   2.0150000E+03   2.5905404E-04   4.0047312E-04
   1.5431181E+03   3.0760000E+03   1.9780000E+03   0.0000000E+00   0.0000000E+00
   1.5431256E+03   3.1090000E+03   1.9890000E+03   0.0000000E+00   0.0000000E+00
   1.5431331E+03   2.9900000E+03   1.8870000E+03   2.9870241E-04   4.7330164E-04
   1.5431406E+03   3.0880000E+03   1.9940000E+03   5.6663945E-05   0.0000000E+00
   1.5431482E+03   2.9980000E+03   1.9060000E+03   1.2885325E-04   2.0267683E-04
   1.5431557E+03   2.9900000E+03   1.8910000E+03   5.8986375E-05   9.3267722E-05
   1.5431632E+03   3.0570000E+03   1.9650000E+03   3.9238484E-04   6.1044297E-04
   1.5431708E+03   3.0130000E+03   1.9050000E+03   1.8908690E-04   2.7564490E-04
   1.5431783E+03   3.0090000E+03   1.9300000E+03   2.8984510E-05   4.5188803E-05
   1.5431858E+03   3.1330000E+03   1.9700000E+03   1.1336464E-04   1.8029005E-04
   1.5431933E+03   3.0530000E+03   1.9370000E+03   0.0000000E+00   0.0000000E+00
   1.5432009E+03   3.1040000E+03   1.9700000E+03   3.0069536E-04   6.0001999E-04
   1.5432084E+03   3.1290000E+03   1.9980000E+03   3.8009659E-04   3.6365051E-04
   1.5432159E+03   3.0630000E+03   1.9300000E+03   0.0000000E+00   0.0000000E+00
   1.5432235E+03   3.1060000E+03   1.9400000E+03   3.9945373E-04   2.7393544E-04
   1.5432310E+03   3.1670000E+03   2.0420000E+03   1.5123559E-04   6.1520709E-04
   1.5432385E+03   3.0670000E+03   1.9380000E+03   2.6562554E-04   4.2036817E-04
   1.5432460E+03   3.1390000E+03   2.0010000E+03   1.9260987E-05   3.0215012E-05
   1.5432536E+03   3.1070000E+03   1.9290000E+03   1.5343455E-04   0.0000000E+00
   1.5432611E+03   3.0940000E+03   1.9560000E+03   3.0843165E-05   0.0000000E+00
   1.5432686E+03   3.2530000E+03   2.0350000E+03   1.2225324E-04   1.9542497E-04
   1.5432762E+03   3.0570000E+03   1.9270000E+03   1.1611668E-04   1.8420793E-04
   1.5432837E+03   3.1450000E+03   1.9670000E+03   2.9170736E-04   0.0000000E+00
   1.5432912E+03   3.2240000E+03   2.1010000E+03   3.9509218E-04   6.0627186E-04
   1.5432987E+03   3.2070000E+03   2.0430000E+03   1.4360325E-04   2.2542126E-04
   1.5433063E+03   3.0790000E+03   1.9460000E+03   2.0447573E-04   2.3790846E-04
   1.5433138E+03   3.2230000E+03   2.0480000E+03   0.0000000E+00   0.0000000E+00
   1.5433213E+03   3.2490000E+03   2.1080000E+03   3.5285070E-04   5.4383867E-04
   1.5433289E+03   3.1680000E+03   2.0130000E+03   7.3170246E-05   1.1515317E-04
   1.5433364E+03   3.2020000E+03   2.0330000E+03   3.8914690E-04   5.9759105E-04
   1.5433439E+03   3.2590000E+03   2.0800000E+03   2.7254493E-04   4.2703074E-04
   1.5433514E+03   3.1660000E+03   1.9830000E+03   5.6346204E-04   8.9960708E-04
   1.5433590E+03   3.1530000E+03   2.0010000E+03   2.1498526E-04   3.3875488E-04
   1.5433665E+03   3.1230000E+03   1.9380000E+03   2.1732263E-04   3.5020567E-04
   1.5433740E+03   3.2300000E+03   2.0490000E+03   2.7547858E-04   4.3425857E-04
   1.5433815E+03   3.2250000E+03   2.0050000E+03   1.9849234E-04   3.1927073E-04
   1.5433891E+03   3.1650000E+03   2.0320000E+03   2.7955140E-04   4.3542331E-04
   1.5433966E+03   3.1500000E+03   2.0170000E+03   0.0000000E+00   0.0000000E+00
   1.5434041E+03   3.2770000E+03   2.0950000E+03   1.8953768E-04   2.9647493E-04
   1.5434117E+03   3.3880000E+03   2.1600000E+03   0.0000000E+00   0.0000000E+00
   1.5434192E+03   3.2460000E+03   2.0970000E+03   3.3523192E-04   5.1891407E-04
   1.5434267E+03   3.2190000E+03   2.0770000E+03   1.4640803E-04   2.2690777E-04
   1.5434342E+03   3.2120000E+03   2.0240000E+03   2.6273570E-04   4.1695013E-04
   1.5434418E+03   3.2510000E+03   2.0680000E+03   1.1353578E-04   5.9032779E-05
   1.5434493E+03   3.1550000E+03   2.0100000E+03   2.3881173E-04   3.7485125E-04
   1.5434568E+03   3.1980000E+03   2.0400000E+03   2.4362485E-04   3.7087843E-04
   1.5434644E+03   3.3220000E+03   2.1130000E+03   3.0122032E-04   4.7357023E-04
   1.5434719E+03   3.1170000E+03   1.9970000E+03   2.1286761E-04   3.2145838E-04
   1.5434794E+03   3.2370000E+03   2.0460000E+03   0.0000000E+00   0.0000000E+00
   1.5434869E+03   3.3510000E+03   2.1700000E+03   4.6361284E-05   4.1315465E-04
   1.5434945E+03   3.2940000E+03   2.1180000E+03   3.1416749E-04   6.1365840E-04
   1.5435020E+03   3.3120000E+03   2.0880000E+03   0.0000000E+00   0.0000000E+00
   1.5435095E+03   3.1950000E+03   2.0250000E+03   2.2690948E-04   3.5801273E-04
   1.5435171E+03   3.3220000E+03   2.1130000E+03   1.2348005E-04   1.9413191E-04
   1.5435246E+03   3.3270000E+03   2.0650000E+03   2.7322286E-04   4.4019974E-04
   1.5435321E+03   3.3180000E+03   2.0890000E+03   2.5996019E-04   0.0000000E+00
   1.5435396E+03   3.4180000E+03   2.1350000E+03   3.6730091E-04   5.8802554E-04
   1.5435472E+03   3.2680000E+03   2.0290000E+03   2.5640633E-04   4.3752616E-04
   1.5435547E+03   3.3490000E+03   2.1110000E+03   9.7904837E-05   1.5532132E-04
   1.5435622E+03   3.2540000E+03   2.0680000E+03   1.7515252E-04   0.0000000E+00
   1.5435698E+03   3.2770000E+03   2.0630000E+03   1.2508079E-04   1.2944083E-04
   1.5435773E+03   3.4040000E+03   2.1360000E+03   2.0459707E-04   3.2605264E-04
   1.5435848E+03   3.3090000E+03   2.1350000E+03   1.7216288E-04   2.6683230E-04
   1.5435923E+03   3.4350000E+03   2.2070000E+03   5.9210418E-04   9.2155771E-04
   1.5435999E+03   3.3890000E+03   2.1820000E+03   1.0166409E-04   1.5790083E-04
   1.5436074E+03   3.4490000E+03   2.1300000E+03   1.6692859E-04   2.0231792E-04
   1.5436149E+03   3.3510000E+03   2.1540000E+03   3.1538887E-04   4.9065371E-04
   1.5436225E+03   3.3370000E+03   2.1260000E+03   1.5550109E-04   2.4407673E-04
   1.5436300E+03   3.2640000E+03   2.0850000E+03   0.0000000E+00   0.0000000E+00
   1.5436375E+03   3.3820000E+03   2.1450000E+03   7.1844601E-05   1.1327666E-04
   1.5436450E+03   3.3830000E+03   2.1010000E+03   2.8542656E-04   5.1119579E-04
   1.5436526E+03   3.4430000E+03   2.1580000E+03   3.1768987E-04   5.0686109E-04
   1.5436601E+03   3.5230000E+03   2.2370000E+03   5.8655486E-05   9.2375179E-05
   1.5436676E+03   3.4530000E+03   2.1600000E+03   1.7289424E-04   2.7639066E-04
   1.5436752E+03   3.3870000E+03   2.1910000E+03   2.1605051E-05   0.0000000E+00
   1.5436827E+03   3.4180000E+03   2.1600000E+03   1.2118340E-05   1.9176152E-05
   1.5436902E+03   3.4530000E+03   2.2000000E+03   2.4260900E-04   4.0299804E-04
   1.5436977E+03   3.4660000E+03   2.1550000E+03   1.7547636E-04   0.0000000E+00
   1.5437053E+03   3.3160000E+03   2.1330000E+03   2.1870482E-04   3.4000244E-04
   1.5437128E+03   3.4300000E+03   2.2360000E+03   3.4511905E-04   3.3991297E-04
   1.5437203E+03   3.3460000E+03   2.0890000E+03   0.0000000E+00   0.0000000E+00
   1.5437279E+03   3.4560000E+03   2.2400000E+03   3.6572545E-04   5.6426212E-04
   1.5437354E+03   3.4640000E+03   2.1860000E+03   1.7107590E-04   2.7109191E-04
   1.5437429E+03   3.5430000E+03   2.2370000E+03   2.3741212E-04   3.7601749E-04
   1.5437504E+03   3.4350000E+03   2.1780000E+03   1.8487098E-04   0.0000000E+00
   1.5437580E+03   3.4540000E+03   2.1400000E+03   1.5790495E-04   2.5486154E-04
   1.5437655E+03   3.5040000E+03   2.2180000E+03   2.9531202E-04   4.6653441E-04
   1.5437730E+03   3.5060000E+03   2.2340000E+03   0.0000000E+00   0.0000000E+00
   1.5437806E+03   3.4900000E+03   2.1420000E+03   2.1415436E-04   3.4892563E-04
   1.5437881E+03   3.4940000E+03   2.2360000E+03   3.9261619E-04   6.1350669E-04
   1.5437956E+03   3.5020000E+03   2.2350000E+03   2.4308240E-05   3.8088347E-05
   1.5438031E+03   3.4900000E+03   2.2310000E+03   4.8984783E-04   7.6627921E-04
   1.5438107E+03   3.4890000E+03   2.1770000E+03   1.4204577E-05   2.2765167E-05
   1.5438182E+03   3.3770000E+03   2.1650000E+03   3.3308626E-04   5.1955303E-04
   1.5438257E+03   3.4760000E+03   2.2360000E+03   2.0654259E-04   3.2720160E-04
   1.5438332E+03   3.4930000E+03   2.2300000E+03   7.5936693E-05   1.1894478E-04
   1.5438408E+03   3.4420000E+03   2.2020000E+03   8.7484720E-04   1.3674950E-03
   1.5438483E+03   3.4540000E+03   2.1840000E+03   1.6093639E-04   2.5452120E-04
   1.5438558E+03   3.5110000E+03   2.2540000E+03   1.5239701E-04   2.3738504E-04
   1.5438634E+03   3.5260000E+03   2.2650000E+03   4.0304659E-04   6.2743588E-04
   1.5438709E+03   3.6020000E+03   2.3270000E+03   6.0881367E-05   9.4239228E-05
   1.5438784E+03   3.6320000E+03   2.3050000E+03   6.3826926E-06   1.3518449E-05
   1.5438859E+03   3.4800000E+03   2.2430000E+03   1.9974381E-04   3.0990123E-04
   1.5438935E+03   3.5140000E+03   2.1820000E+03   1.9432375E-04   3.1294852E-04
   1.5439010E+03   3.5060000E+03   2.2620000E+03   2.1856724E-04   4.0701483E-04
   1.5439085E+03   3.4550000E+03   2.1720000E+03   2.8783956E-04   4.5786633E-04
   1.5439161E+03   3.5620000E+03   2.2440000E+03   0.0000000E+00   0.0000000E+00
   1.5439236E+03   3.5800000E+03   2.2450000E+03   1.8398184E-04   2.9338752E-04
   1.5439311E+03   3.6710000E+03   2.2860000E+03   1.5995370E-04   3.1650460E-04
   1.5439386E+03   3.6070000E+03   2.2540000E+03   1.6320737E-04   2.6117523E-04
   1.5439462E+03   3.5810000E+03   2.2760000E+03   9.5159596E-05   1.4972167E-04
   1.5439537E+03   3.5020000E+03   2.2600000E+03   0.0000000E+00   0.0000000E+00
   1.5439612E+03   3.5270000E+03   2.2170000E+03   0.0000000E+00   0.0000000E+00
   1.5439688E+03   3.5050000E+03   2.2550000E+03   2.4465374E-04   3.8027112E-04
   1.5439763E+03   3.5230000E+03   2.2520000E+03   1.8794846E-04   3.4926756E-04
   1.5439838E+03   3.5020000E+03   2.2340000E+03   1.6548126E-04   2.5940706E-04
   1.5439913E+03   3.5960000E+03   2.2420000E+03   8.9153070E-05   1.4299484E-04
   1.5439989E+03   3.5440000E+03   2.2680000E+03   2.8780838E-04   4.4973232E-04
   1.5440064E+03   3.6060000E+03   2.2780000E+03   2.4887589E-04   0.0000000E+00
   1.5440139E+03   3.5930000E+03   2.2960000E+03   4.9225238E-04   7.7032352E-04
   1.5440215E+03   3.7020000E+03   2.3250000E+03   1.5589191E-04   0.0000000E+00
   1.5440290E+03   3.7160000E+03   2.3220000E+03   1.4740490E-04   1.0782917E-04
   1.5440365E+03   3.5850000E+03   2.2980000E+03   3.5854881E-05   5.5935486E-05
   1.5440440E+03   3.6320000E+03   2.3270000E+03   8.9669344E-05   1.3995662E-04
   1.5440516E+03   3.5830000E+03   2.2580000E+03   3.5468295E-04   3.3003416E-04
   1.5440591E+03   3.6630000E+03   2.3640000E+03   8.3504181E-05   1.2938909E-04
   1.5440666E+03   3.6650000E+03   2.2950000E+03   0.0000000E+00   0.0000000E+00
   1.5440742E+03   3.5880000E+03   2.2800000E+03   7.9659180E-05   1.2535839E-04
   1.5440817E+03   3.7330000E+03   2.3550000E+03   5.5384647E-05   8.7792309E-05
   1.5440892E+03   3.7060000E+03   2.3740000E+03   2.4364763E-04   3.8035303E-04
   1.5440967E+03   3.6700000E+03   2.2950000E+03   2.6196512E-04   0.0000000E+00
   1.5441043E+03   3.7300000E+03   2.3690000E+03   4.4814157E-06   7.0560070E-06
   1.5441118E+03   3.6760000E+03   2.3170000E+03   0.0000000E+00   0.0000000E+00
   1.5441193E+03   3.5960000E+03   2.2630000E+03   1.3315343E-04   2.2017564E-04
   1.5441269E+03   3.7380000E+03   2.3150000E+03   2.4925196E-04   1.8744035E-04
   1.5441344E+03   3.7280000E+03   2.3320000E+03   3.8045286E-04   4.5233813E-04
   1.5441419E+03   3.7120000E+03   2.3500000E+03   2.1439566E-04   3.3865391E-04
   1.5441494E+03   3.6620000E+03   2.3020000E+03   1.9164445E-04   3.0486620E-04
   1.5441570E+03   3.6350000E+03   2.3090000E+03   1.1203983E-04   1.6041076E-04
   1.5441645E+03   3.6690000E+03   2.2990000E+03   4.7219313E-05   7.5357834E-05
   1.5441720E+03   3.6280000E+03   2.2950000E+03   1.0350416E-04   1.6362227E-04
   1.5441796E+03   3.7750000E+03   2.4490000E+03   1.3189233E-04   1.9349058E-04
   1.5441871E+03   3.7550000E+03   2.3600000E+03   1.9591413E-04   2.5827028E-04
   1.5441946E+03   3.7310000E+03   2.3690000E+03   6.8965491E-05   1.0861555E-04
   1.5442021E+03   3.6930000E+03   2.3720000E+03   5.2504512E-04   8.1745010E-04
   1.5442097E+03   3.7420000E+03   2.3680000E+03   2.4811376E-04   4.0935272E-04
   1.5442172E+03   3.6370000E+03   2.2940000E+03   0.0000000E+00   0.0000000E+00
   1.5442247E+03   3.7200000E+03   2.3780000E+03   1.4702839E-05   8.8084287E-06
   1.5442323E+03   3.7810000E+03   2.4350000E+03   1.0345519E-04   1.6064233E-04
   1.5442398E+03   3.7730000E+03   2.3900000E+03   4.7235008E-04   7.4568069E-04
   1.5442473E+03   3.7460000E+03   2.3810000E+03   2.9546383E-04   5.1790237E-04
   1.5442548E+03   3.8410000E+03   2.4160000E+03   4.8566010E-04   7.7211112E-04
   1.5442624E+03   3.7560000E+03   2.4200000E+03   6.6289496E-05   1.0288568E-04
   1.5442699E+03   3.7960000E+03   2.4480000E+03   3.2134441E-04   3.2591127E-04
   1.5442774E+03   3.7550000E+03   2.4190000E+03   1.2536016E-04   1.9459587E-04
   1.5442849E+03   3.8060000E+03   2.4480000E+03   2.6162030E-04   4.0675117E-04
   1.5442925E+03   3.7250000E+03   2.3870000E+03   2.0594191E-04   6.0687905E-05
   1.5443000E+03   3.8020000E+03   2.3770000E+03   0.0000000E+00   0.0000000E+00
   1.5443075E+03   3.8410000E+03   2.4490000E+03   2.8867176E-04   4.5275142E-04
   1.5443151E+03   3.7510000E+03   2.4120000E+03   7.0271768E-05   1.6188819E-04
   1.5443226E+03   3.8270000E+03   2.4170000E+03   6.2257440E-05   9.8576427E-05
   1.5443301E+03   3.7650000E+03   2.3530000E+03   0.0000000E+00   0.0000000E+00
   1.5443376E+03   3.8260000E+03   2.3770000E+03   2.8921000E-04   5.5728836E-04
   1.5443452E+03   3.7600000E+03   2.3410000E+03   5.0930293E-05   7.9628447E-05
   1.5443527E+03   3.8270000E+03   2.3950000E+03   3.1182664E-04   4.9827163E-04
   1.5443602E+03   3.9020000E+03   2.4750000E+03   2.3506785E-05   3.2600684E-04
   1.5443678E+03   3.8970000E+03   2.4350000E+03   3.8751667E-04   6.2018582E-04
   1.5443753E+03   3.8180000E+03   2.3850000E+03   2.9604686E-04   4.7392323E-04
   1.5443828E+03   3.8340000E+03   2.4420000E+03   3.7016810E-04   5.8117300E-04
   1.5443903E+03   3.9100000E+03   2.4810000E+03   2.8395887E-04   4.4751277E-04
   1.5443979E+03   3.9240000E+03   2.5020000E+03   5.6799277E-04   1.0018946E-03
   1.5444054E+03   3.8110000E+03   2.3830000E+03   4.3504965E-04   6.9575082E-04
   1.5444129E+03   3.7170000E+03   2.3680000E+03   9.3360654E-05   1.4654626E-04
   1.5444205E+03   3.9070000E+03   2.5270000E+03   2.5184212E-04   3.8937364E-04
   1.5444280E+03   3.9120000E+03   2.5340000E+03   1.0452944E-04   1.6137300E-04
   1.5444355E+03   3.9760000E+03   2.5340000E+03   1.4231913E-04   2.9393936E-04
   1.5444430E+03   3.8470000E+03   2.4350000E+03   1.3945427E-04   2.2032057E-04
   1.5444506E+03   3.9100000E+03   2.4690000E+03   4.8406415E-04   7.6648011E-04
   1.5444581E+03   3.7370000E+03   2.3990000E+03   0.0000000E+00   0.0000000E+00
   1.5444656E+03   3.8600000E+03   2.4450000E+03   5.4866627E-05   1.0527215E-04
   1.5444732E+03   3.9440000E+03   2.4660000E+03   1.0685279E-04   2.5805187E-04
   1.5444807E+03   3.9680000E+03   2.5090000E+03   2.7700808E-04   2.4765008E-04
   1.5444882E+03   3.8730000E+03   2.4260000E+03   7.3108838E-05   5.7744243E-05
   1.5444957E+03   3.9360000E+03   2.4990000E+03   0.0000000E+00   0.0000000E+00
   1.5445033E+03   4.0310000E+03   2.5590000E+03   8.6817749E-05   1.3675746E-04
   1.5445108E+03   3.9680000E+03   2.4960000E+03   0.0000000E+00   0.0000000E+00
   1.5445183E+03   4.0200000E+03   2.4970000E+03   2.2424408E-04   3.6101771E-04
   1.5445259E+03   4.1090000E+03   2.6040000E+03   2.1906933E-04   4.4637807E-04
   1.5445334E+03   3.9490000E+03   2.5140000E+03   1.0033914E-04   0.0000000E+00
   1.5445409E+03   4.0140000E+03   2.5770000E+03   1.3328905E-04   2.0761437E-04
   1.5445484E+03   3.7770000E+03   2.3780000E+03   1.1228027E-04   1.7833583E-04
   1.5445560E+03   4.0280000E+03   2.5410000E+03   4.8408347E-04   7.6737041E-04
   1.5445635E+03   3.9250000E+03   2.5040000E+03   1.3921172E-04   7.1309497E-05
   1.5445710E+03   3.9290000E+03   2.5070000E+03   1.4264444E-04   1.9157077E-04
   1.5445786E+03   3.9260000E+03   2.4570000E+03   1.7910298E-04   0.0000000E+00
   1.5445861E+03   3.9630000E+03   2.4970000E+03   4.1330005E-04   6.5595038E-04
   1.5445936E+03   3.9730000E+03   2.4470000E+03   2.0508385E-04   0.0000000E+00
   1.5446011E+03   4.0760000E+03   2.5670000E+03   2.9774090E-05   2.0269095E-04
   1.5446087E+03   4.0170000E+03   2.5220000E+03   1.5367862E-04   2.6795088E-04
   1.5446162E+03   3.9810000E+03   2.5470000E+03   4.1346792E-04   6.4625669E-04
   1.5446237E+03   4.0350000E+03   2.4870000E+03   1.9685619E-04   3.1938669E-04
   1.5446313E+03   3.9740000E+03   2.4810000E+03   8.9614839E-05   1.0909971E-04
   1.5446388E+03   3.9340000E+03   2.4990000E+03   3.1232718E-04   3.4869708E-04
   1.5446463E+03   3.8860000E+03   2.4570000E+03   6.1381733E-05   7.1336023E-05
   1.5446538E+03   4.0090000E+03   2.5370000E+03   6.7380933E-05   1.0465055E-04
   1.5446614E+03   4.0600000E+03   2.5760000E+03   3.4589866E-04   5.4516637E-04
   1.5446689E+03   3.9870000E+03   2.5510000E+03   2.7080180E-04   4.2221720E-04
   1.5446764E+03   4.1130000E+03   2.5600000E+03   2.4350254E-04   4.5555501E-04
   1.5446840E+03   4.0410000E+03   2.5840000E+03   2.1507576E-04   3.3634719E-04
   1.5446915E+03   4.0030000E+03   2.5290000E+03   2.9681839E-04   4.6981575E-04
   1.5446990E+03   4.0950000E+03   2.6080000E+03   1.2591326E-05   1.4735077E-04
   1.5447065E+03   4.0380000E+03   2.5550000E+03   8.2530797E-05   1.3043419E-04
   1.5447141E+03   4.0330000E+03   2.5320000E+03   1.4806535E-04   2.4950190E-04
   1.5447216E+03   4.0500000E+03   2.5760000E+03   2.8234472E-05   1.7426032E-05
   1.5447291E+03   4.0690000E+03   2.5880000E+03   6.5873351E-05   0.0000000E+00
   1.5447366E+03   4.0490000E+03   2.5600000E+03   6.3253128E-04   1.0004372E-03
   1.5447442E+03   4.0470000E+03   2.5200000E+03   9.2485139E-05   2.8036140E-04
   1.5447517E+03   4.0380000E+03   2.5770000E+03   3.4401138E-04   5.3904460E-04
   1.5447592E+03   4.1940000E+03   2.6440000E+03   1.5837509E-04   2.6523403E-04
   1.5447668E+03   4.1420000E+03   2.6460000E+03   2.1791785E-04   2.9351956E-04
   1.5447743E+03   4.0930000E+03   2.5980000E+03   5.1452588E-04   5.9898488E-04
   1.5447818E+03   4.2100000E+03   2.6640000E+03   2.0308717E-04   3.2094482E-04
   1.5447893E+03   4.1420000E+03   2.6140000E+03   4.5413932E-04   7.1960407E-04
   1.5447969E+03   4.0640000E+03   2.5560000E+03   3.9184773E-04   6.1529118E-04
   1.5448044E+03   4.0440000E+03   2.5820000E+03   2.4498079E-04   3.8369571E-04
   1.5448119E+03   3.9900000E+03   2.5190000E+03   2.3472862E-04   3.3310365E-05
   1.5448195E+03   4.1240000E+03   2.6720000E+03   2.4701879E-04   1.9401400E-04
   1.5448270E+03   3.9450000E+03   2.5250000E+03   1.4509195E-05   2.2975977E-05
   1.5448345E+03   4.1090000E+03   2.6250000E+03   1.9696339E-04   1.2296690E-04
   1.5448420E+03   4.0260000E+03   2.5980000E+03   2.0235482E-04   3.1357986E-04
   1.5448496E+03   4.0800000E+03   2.5830000E+03   1.6952648E-04   4.5206550E-04
   1.5448571E+03   4.1490000E+03   2.5690000E+03   0.0000000E+00   0.0000000E+00
   1.5448646E+03   4.0620000E+03   2.5650000E+03   2.5447369E-04   4.0299108E-04
   1.5448722E+03   4.2310000E+03   2.6640000E+03   1.4800338E-05   2.3506093E-05
   1.5448797E+03   4.1790000E+03   2.6320000E+03   9.5761827E-05   1.5289311E-04
   1.5448872E+03   4.1570000E+03   2.6060000E+03   1.6860813E-04   3.1907603E-04
   1.5448947E+03   4.1070000E+03   2.6080000E+03   1.7153082E-04   7.4718930E-05
   1.5449023E+03   4.1370000E+03   2.6240000E+03   2.6435665E-04   4.1678485E-04
   1.5449098E+03   4.0780000E+03   2.5890000E+03   2.6711292E-04   3.9812083E-04
   1.5449173E+03   4.2160000E+03   2.6300000E+03   9.0741732E-05   1.4546279E-04
   1.5449249E+03   4.1100000E+03   2.5960000E+03   1.3867651E-04   2.5228030E-04
   1.5449324E+03   4.1070000E+03   2.6390000E+03   1.4658144E-04   2.3013034E-04
   1.5449399E+03   4.2150000E+03   2.6730000E+03   2.0776421E-04   2.4145285E-04
   1.5449474E+03   4.2790000E+03   2.7050000E+03   1.6698787E-04   2.6547551E-04
   1.5449550E+03   4.3290000E+03   2.7370000E+03   1.6220163E-04   2.5654763E-04
   1.5449625E+03   4.2560000E+03   2.6820000E+03   7.9809980E-05   8.1797422E-05
   1.5449700E+03   4.1950000E+03   2.6600000E+03   1.4030048E-04   2.2126335E-04
   1.5449776E+03   4.2910000E+03   2.7460000E+03   3.7826669E-04   2.1092076E-04
   1.5449851E+03   4.3130000E+03   2.7340000E+03   1.2754087E-04   2.0111733E-04
   1.5449926E+03   4.1430000E+03   2.6380000E+03   2.7466212E-04   3.8616452E-04
   1.5450001E+03   4.1040000E+03   2.6410000E+03   1.8418222E-04   2.8621122E-04
   1.5450077E+03   4.1700000E+03   2.6130000E+03   2.3698960E-04   5.2631012E-04
   1.5450152E+03   4.2870000E+03   2.7120000E+03   1.3922695E-04   2.3406488E-04
   1.5450227E+03   4.1810000E+03   2.6250000E+03   1.7300781E-04   2.7556026E-04
   1.5450303E+03   4.3350000E+03   2.7020000E+03   1.1023992E-04   1.7686531E-04
   1.5450378E+03   4.2450000E+03   2.6570000E+03   1.7894202E-04   3.1278863E-04
   1.5450453E+03   4.3220000E+03   2.7660000E+03   2.7284437E-04   1.5763248E-04
   1.5450528E+03   4.2780000E+03   2.6870000E+03   6.3028059E-04   1.0034761E-03
   1.5450604E+03   4.2400000E+03   2.6740000E+03   2.9811385E-04   4.9264464E-04
   1.5450679E+03   4.3450000E+03   2.7700000E+03   2.2972831E-04   2.4013397E-04
   1.5450754E+03   4.3010000E+03   2.6940000E+03   2.9655434E-04   5.1598029E-04
   1.5450830E+03   4.2440000E+03   2.6500000E+03   1.9946548E-04   3.1944586E-04
   1.5450905E+03   4.3130000E+03   2.7420000E+03   4.9424898E-04   6.6587679E-04
   1.5450980E+03   4.1860000E+03   2.6410000E+03   2.9778288E-04   4.5414292E-04
   1.5451055E+03   4.3550000E+03   2.7820000E+03   2.1211600E-04   3.4418635E-04
   1.5451131E+03   4.2650000E+03   2.6710000E+03   5.9552086E-04   9.4002655E-04
   1.5451206E+03   4.4460000E+03   2.7840000E+03   1.8841897E-04   3.0090184E-04
   1.5451281E+03   4.3110000E+03   2.7240000E+03   5.7755063E-05   9.1403111E-05
   1.5451357E+03   4.2350000E+03   2.7130000E+03   1.9325242E-04   2.0343149E-04
   1.5451432E+03   4.2630000E+03   2.6670000E+03   2.0476056E-04   3.2729444E-04
   1.5451507E+03   4.3610000E+03   2.7900000E+03   5.9255567E-05   9.2621337E-05
   1.5451582E+03   4.3060000E+03   2.7570000E+03   3.5367668E-04   3.5377880E-04
   1.5451658E+03   4.4480000E+03   2.7780000E+03   2.8398634E-04   3.4293077E-04
   1.5451733E+03   4.2590000E+03   2.6290000E+03   2.4606251E-04   3.9862313E-04
   1.5451808E+03   4.2010000E+03   2.7070000E+03   1.1025851E-04   1.8713430E-04
   1.5451883E+03   4.2360000E+03   2.6680000E+03   6.3411011E-04   1.0067805E-03
   1.5451959E+03   4.2400000E+03   2.7560000E+03   2.1179271E-04   4.2509454E-04
   1.5452034E+03   4.2840000E+03   2.7450000E+03   1.3032322E-04   2.0338967E-04
   1.5452109E+03   4.4030000E+03   2.8280000E+03   3.7070122E-04   5.7715611E-04
   1.5452185E+03   4.3240000E+03   2.7560000E+03   6.9264345E-05   1.0638126E-04
   1.5452260E+03   4.3120000E+03   2.7400000E+03   3.4050085E-04   2.7992494E-04
   1.5452335E+03   4.4070000E+03   2.7460000E+03   2.8173330E-04   4.9929256E-04
   1.5452410E+03   4.3340000E+03   2.7690000E+03   2.4032892E-04   3.7615946E-04
   1.5452486E+03   4.3220000E+03   2.7050000E+03   4.3529000E-05   1.3474131E-04
   1.5452561E+03   4.4460000E+03   2.8200000E+03   4.3958587E-05   6.9304921E-05
   1.5452636E+03   4.3160000E+03   2.7340000E+03   2.9904310E-04   4.8535634E-04
   1.5452712E+03   4.3660000E+03   2.7800000E+03   4.7518206E-04   7.4627514E-04
   1.5452787E+03   4.4110000E+03   2.7920000E+03   3.9522165E-04   6.1913912E-04
   1.5452862E+03   4.3120000E+03   2.7670000E+03   3.1625510E-04   4.9284134E-04
   1.5452937E+03   4.4490000E+03   2.8430000E+03   3.4663481E-04   4.0591889E-04
   1.5453013E+03   4.3350000E+03   2.7290000E+03   1.2355023E-04   3.9220440E-04
   1.5453088E+03   4.3380000E+03   2.7130000E+03   3.8980507E-05   6.2328581E-05
   1.5453163E+03   4.3790000E+03   2.8010000E+03   9.0453962E-05   1.1256467E-04
   1.5453239E+03   4.4230000E+03   2.8040000E+03   1.7888742E-04   2.7003693E-04
   1.5453314E+03   4.4500000E+03   2.8370000E+03   2.0505816E-04   3.4788643E-04
   1.5453389E+03   4.4620000E+03   2.9150000E+03   1.4438400E-04   2.2021397E-04
   1.5453464E+03   4.4200000E+03   2.8360000E+03   2.8140130E-04   4.9377414E-04
   1.5453540E+03   4.5490000E+03   2.8640000E+03   4.3108922E-04   7.8436330E-04
   1.5453615E+03   4.4730000E+03   2.8250000E+03   7.8815361E-05   1.2479331E-04
   1.5453690E+03   4.4800000E+03   2.8500000E+03   3.6993566E-04   5.6515827E-04
   1.5453766E+03   4.4630000E+03   2.8830000E+03   5.9179434E-04   5.5078821E-04
   1.5453841E+03   4.3500000E+03   2.7560000E+03   2.0647958E-04   3.6909285E-04
   1.5453916E+03   4.4220000E+03   2.8050000E+03   1.9633775E-04   3.0952068E-04
   1.5453991E+03   4.5510000E+03   2.9070000E+03   1.7938230E-04   2.8082863E-04
   1.5454067E+03   4.3990000E+03   2.8240000E+03   2.9480392E-04   4.5922183E-04
   1.5454142E+03   4.4990000E+03   2.8480000E+03   7.5341817E-05   1.1901785E-04
   1.5454217E+03   4.5550000E+03   2.9320000E+03   1.3912363E-04   2.1991763E-04
   1.5454293E+03   4.3970000E+03   2.7680000E+03   5.1524183E-04   8.1846761E-04
   1.5454368E+03   4.3420000E+03   2.7260000E+03   3.6458939E-04   5.8072162E-04
   1.5454443E+03   4.4960000E+03   2.8920000E+03   1.6122479E-04   1.5674056E-04
   1.5454518E+03   4.4840000E+03   2.8600000E+03   2.5478970E-04   3.6517030E-04
   1.5454594E+03   4.4990000E+03   2.9190000E+03   2.5961548E-04   3.3992445E-04
   1.5454669E+03   4.5010000E+03   2.8440000E+03   4.2196933E-04   6.6782136E-04
   1.5454744E+03   4.4350000E+03   2.7900000E+03   2.3278180E-04   2.3000083E-04
   1.5454820E+03   4.5620000E+03   2.9410000E+03   5.0187441E-04   7.7849408E-04
   1.5454895E+03   4.6140000E+03   2.9140000E+03   3.7111064E-04   5.7085070E-04
   1.5454970E+03   4.4750000E+03   2.8620000E+03   1.3199472E-04   2.0722072E-04
   1.5455045E+03   4.5250000E+03   2.8410000E+03   4.7307710E-04   6.7822103E-04
   1.5455121E+03   4.5330000E+03   2.9040000E+03   2.9913234E-04   4.6112476E-04
   1.5455196E+03   4.4700000E+03   2.8460000E+03   1.0764140E-04   1.6906433E-04
   1.5455271E+03   4.5140000E+03   2.8970000E+03   3.2510217E-04   4.7088097E-04
   1.5455347E+03   4.5050000E+03   2.8850000E+03   1.3980476E-04   2.2121063E-04
   1.5455422E+03   4.4620000E+03   2.8270000E+03   4.2813716E-04   5.3221343E-04
   1.5455497E+03   4.5550000E+03   2.9240000E+03   4.3326715E-04   6.7494250E-04
   1.5455572E+03   4.5830000E+03   2.9360000E+03   2.0767006E-04   3.2657642E-04
   1.5455648E+03   4.5640000E+03   2.8710000E+03   1.6154273E-04   2.5680287E-04
   1.5455723E+03   4.6390000E+03   2.9840000E+03   3.1525461E-04   3.1636024E-04
   1.5455798E+03   4.5590000E+03   2.9090000E+03   7.0655808E-04   1.1073215E-03
   1.5455874E+03   4.5480000E+03   2.8870000E+03   9.4574444E-05   2.2739388E-04
   1.5455949E+03   4.6990000E+03   2.9730000E+03   3.9118672E-05   1.0281382E-04
   1.5456024E+03   4.5430000E+03   2.8220000E+03   3.9331223E-04   5.7886963E-04
   1.5456099E+03   4.6460000E+03   2.9740000E+03   1.4464555E-04   9.4625445E-05
   1.5456175E+03   4.6910000E+03   2.9530000E+03   1.1608485E-04   1.6526848E-04
   1.5456250E+03   4.5550000E+03   2.9350000E+03   3.2994766E-04   5.4448061E-04
   1.5456325E+03   4.5740000E+03   2.9190000E+03   2.2742448E-04   5.7548744E-04
   1.5456400E+03   4.5390000E+03   2.9040000E+03   1.6980229E-04   2.6540378E-04
   1.5456476E+03   4.6720000E+03   2.9510000E+03   6.0053313E-05   9.5075933E-05
   1.5456551E+03   4.4640000E+03   2.8560000E+03   2.0236791E-04   3.0634065E-04
   1.5456626E+03   4.6230000E+03   2.9460000E+03   3.2581688E-04   4.4440076E-04
   1.5456702E+03   4.6760000E+03   2.9690000E+03   4.4891726E-04   7.0701822E-04
   1.5456777E+03   4.5420000E+03   2.8550000E+03   2.7244472E-04   4.0588437E-04
   1.5456852E+03   4.7380000E+03   3.0410000E+03   1.0659157E-04   1.6607394E-04
   1.5456927E+03   4.7040000E+03   2.9860000E+03   7.1803124E-05   4.3964438E-05
   1.5457003E+03   4.5770000E+03   2.9500000E+03   2.7085237E-04   5.1215959E-04
   1.5457078E+03   4.6120000E+03   3.0040000E+03   1.2821905E-04   3.2821302E-04
   1.5457153E+03   4.4950000E+03   2.8080000E+03   5.1506200E-04   8.4499550E-04
   1.5457229E+03   4.5430000E+03   2.9340000E+03   2.8728555E-04   4.4991656E-04
   1.5457304E+03   4.6710000E+03   2.9220000E+03   1.5719793E-04   2.7714682E-04
   1.5457379E+03   4.5970000E+03   2.9500000E+03   1.0403459E-04   1.6211763E-04
   1.5457454E+03   4.5390000E+03   2.8820000E+03   1.4314797E-04   3.2165699E-04
   1.5457530E+03   4.6470000E+03   2.9740000E+03   4.5785946E-04   5.8956453E-04
   1.5457605E+03   4.7580000E+03   2.9490000E+03   2.5560329E-04   1.4706601E-04
   1.5457680E+03   4.6980000E+03   2.9530000E+03   3.3793431E-04   6.4823524E-04
   1.5457756E+03   4.7130000E+03   2.9450000E+03   9.5306170E-05   1.5180122E-04
   1.5457831E+03   4.7470000E+03   3.0160000E+03   3.5031689E-04   3.1343159E-04
   1.5457906E+03   4.6530000E+03   2.9620000E+03   5.5179118E-04   5.8573171E-04
   1.5457981E+03   4.6380000E+03   2.9780000E+03   1.3334470E-05   1.8195991E-04
   1.5458057E+03   4.6310000E+03   2.9490000E+03   3.0695189E-04   4.8202584E-04
   1.5458132E+03   4.6100000E+03   2.9230000E+03   2.0589099E-04   4.1021273E-04
   1.5458207E+03   4.6370000E+03   2.9290000E+03   5.5122132E-04   6.5927921E-04
   1.5458283E+03   4.7350000E+03   2.9850000E+03   5.1464666E-04   8.1293165E-04
   1.5458358E+03   4.7850000E+03   3.0660000E+03   4.8190863E-04   4.5241949E-04
   1.5458433E+03   4.7170000E+03   2.9650000E+03   2.9625660E-04   4.7131278E-04
   1.5458508E+03   4.6020000E+03   2.9080000E+03   1.1206405E-04   1.1802396E-04
   1.5458584E+03   4.7550000E+03   3.0430000E+03   2.6262737E-04   2.7925727E-04
   1.5458659E+03   4.6500000E+03   2.9420000E+03   4.2899620E-04   6.7070954E-04
   1.5458734E+03   4.7160000E+03   3.0000000E+03   2.6428963E-04   4.1546329E-04
   1.5458810E+03   4.7220000E+03   3.0620000E+03   3.2899976E-04   3.1013208E-04
   1.5458885E+03   4.7330000E+03   2.9330000E+03   2.4519408E-04   4.1510668E-04
   1.5458960E+03   4.7320000E+03   2.9570000E+03   5.1952862E-04   8.6756635E-04
   1.5459035E+03   4.6890000E+03   2.9740000E+03   3.9176361E-04   6.1767974E-04
   1.5459111E+03   4.6860000E+03   2.9810000E+03   2.7679876E-04   4.3463343E-04
   1.5459186E+03   4.6210000E+03   2.9620000E+03   1.7837286E-04   1.8279533E-04
   1.5459261E+03   4.6880000E+03   2.9900000E+03   1.7599669E-04   5.0049310E-05
   1.5459337E+03   4.6410000E+03   2.9470000E+03   3.9712040E-04   7.4240573E-04
   1.5459412E+03   4.7400000E+03   3.0180000E+03   2.9626762E-04   5.0307142E-04
   1.5459487E+03   4.6170000E+03   2.9000000E+03   6.5572000E-04   7.0813212E-04
   1.5459562E+03   4.6640000E+03   2.9180000E+03   2.3212276E-04   2.7067099E-04
   1.5459638E+03   4.7340000E+03   3.0230000E+03   4.1948733E-04   6.6045972E-04
   1.5459713E+03   4.8000000E+03   3.0420000E+03   1.2861998E-04   3.1042318E-04
   1.5459788E+03   4.7300000E+03   3.0300000E+03   4.0803638E-04   6.4677704E-04
   1.5459864E+03   4.7660000E+03   2.9710000E+03   1.2120991E-04   1.6948498E-04
   1.5459939E+03   4.6860000E+03   2.9870000E+03   3.1371558E-04   3.9033469E-04
   1.5460014E+03   4.9140000E+03   3.1220000E+03   5.1767011E-04   7.6757492E-04
   1.5460089E+03   4.6620000E+03   2.9780000E+03   1.8956932E-04   5.0619831E-04
   1.5460165E+03   4.8090000E+03   3.0700000E+03   4.1697305E-04   4.3319083E-04
   1.5460240E+03   4.8180000E+03   3.0350000E+03   2.4098355E-04   3.3848594E-04
   1.5460315E+03   4.8110000E+03   3.0520000E+03   3.4843181E-04   5.5239647E-04
   1.5460391E+03   4.7950000E+03   3.0400000E+03   2.2867288E-04   3.6068634E-04
   1.5460466E+03   4.6980000E+03   2.9430000E+03   6.5794365E-04   1.0643490E-03
   1.5460541E+03   4.8000000E+03   3.0240000E+03   4.2992133E-04   5.7102433E-04
   1.5460616E+03   4.8440000E+03   3.1140000E+03   4.5571366E-04   7.0888792E-04
   1.5460692E+03   4.8810000E+03   3.1050000E+03   9.9982802E-05   6.7175740E-05
   1.5460767E+03   4.9820000E+03   3.1760000E+03   4.5735747E-04   6.9093545E-04
   1.5460842E+03   4.8200000E+03   3.0500000E+03   2.3711900E-04   2.2549219E-04
   1.5460917E+03   4.8630000E+03   3.0580000E+03   6.8947781E-04   6.6519599E-04
   1.5460993E+03   4.7800000E+03   2.9990000E+03   3.3789485E-04   4.9815742E-04
   1.5461068E+03   4.8400000E+03   3.0940000E+03   3.7938360E-04   3.8125866E-04
   1.5461143E+03   4.7910000E+03   3.0390000E+03   8.0485691E-05   1.7937182E-04
   1.5461219E+03   4.7090000E+03   2.9860000E+03   2.5801545E-04   2.9539848E-04
   1.5461294E+03   4.9210000E+03   3.1020000E+03   3.4616015E-04   3.7107985E-04
   1.5461369E+03   4.8550000E+03   3.1130000E+03   1.7990914E-04   2.9257475E-04
   1.5461444E+03   4.9080000E+03   3.1240000E+03   2.3076154E-04   3.1124600E-04
   1.5461520E+03   4.8920000E+03   3.0930000E+03   2.3491340E-04   1.7240052E-04
   1.5461595E+03   4.8750000E+03   3.1080000E+03   2.4210342E-05   2.5327144E-04
   1.5461670E+03   4.7480000E+03   2.9650000E+03   1.5996132E-04   2.1599509E-04
   1.5461746E+03   4.9070000E+03   3.1270000E+03   1.9373958E-04   5.6225928E-05
   1.5461821E+03   4.7850000E+03   3.0650000E+03   6.2436700E-05   1.9585595E-04
   1.5461896E+03   4.7830000E+03   3.0300000E+03   3.2985284E-04   4.9993286E-04
   1.5461971E+03   4.9020000E+03   3.1150000E+03   8.5992722E-04   1.2066695E-03
   1.5462047E+03   4.8740000E+03   3.1340000E+03   4.8570163E-04   7.4611591E-04
   1.5462122E+03   4.7210000E+03   2.9950000E+03   4.8692852E-04   5.8965645E-04
   1.5462197E+03   4.6490000E+03   2.9890000E+03   4.4950635E-04   7.7324888E-04
   1.5462273E+03   4.8860000E+03   3.0660000E+03   1.1576145E-04   3.2316922E-04
   1.5462348E+03   4.9320000E+03   3.1360000E+03   3.1661065E-04   2.0997040E-04
   1.5462423E+03   4.7670000E+03   2.9950000E+03   2.2755411E-04   3.6614931E-04
   1.5462498E+03   4.8300000E+03   3.0630000E+03   6.0504605E-04   9.0843322E-04
   1.5462574E+03   4.8370000E+03   3.1150000E+03   6.1255145E-04   9.7177870E-04
   1.5462649E+03   4.8690000E+03   3.1430000E+03   4.0289457E-04   6.2422762E-04
   1.5462724E+03   4.8330000E+03   3.0650000E+03   2.5756502E-04   2.3293605E-04
   1.5462800E+03   4.8320000E+03   3.1110000E+03   3.6685924E-04   6.5004272E-04
   1.5462875E+03   4.8490000E+03   3.0810000E+03   2.5132597E-04   2.6196762E-04
   1.5462950E+03   4.9510000E+03   3.0750000E+03   5.1845368E-04   9.1875180E-04
   1.5463025E+03   4.9220000E+03   3.1090000E+03   6.8340225E-04   7.1224670E-04
   1.5463101E+03   4.7540000E+03   2.9790000E+03   4.3734155E-04   5.4076096E-04
   1.5463176E+03   4.8530000E+03   3.1060000E+03   7.4166833E-05   1.2552650E-04
   1.5463251E+03   4.9060000E+03   3.1370000E+03   2.5705500E-04   4.4836411E-04
   1.5463327E+03   4.9440000E+03   3.1430000E+03   3.5722860E-04   6.1972235E-04
   1.5463402E+03   4.9490000E+03   3.1500000E+03   4.4448608E-04   6.6860378E-04
   1.5463477E+03   4.9120000E+03   3.0830000E+03   3.3274452E-04   5.0800967E-04
   1.5463552E+03   4.8740000E+03   3.0830000E+03   1.8944923E-04   2.5734088E-04
   1.5463628E+03   5.0410000E+03   3.1830000E+03   4.4049845E-04   3.5324309E-04
   1.5463703E+03   4.9520000E+03   3.1600000E+03   3.2982860E-04   2.7086380E-04
   1.5463778E+03   4.8670000E+03   3.0910000E+03   7.2399375E-04   1.2306828E-03
   1.5463854E+03   4.9780000E+03   3.1870000E+03   2.7640914E-04   4.9900552E-04
   1.5463929E+03   4.8810000E+03   3.0720000E+03   4.2761718E-04   7.4114345E-04
   1.5464004E+03   4.8490000E+03   3.0670000E+03   4.9708240E-04   7.8060549E-04
   1.5464079E+03   4.8040000E+03   3.0910000E+03   6.1502842E-04   7.4801184E-04
   1.5464155E+03   4.8670000E+03   3.1440000E+03   6.2259940E-04   9.5007704E-04
   1.5464230E+03   4.8280000E+03   3.0250000E+03   1.1729641E-04   2.8512297E-04
   1.5464305E+03   4.9470000E+03   3.1660000E+03   8.0748023E-04   1.1234470E-03
   1.5464381E+03   4.9660000E+03   3.1340000E+03   9.5609900E-04   1.2722555E-03
   1.5464456E+03   4.8630000E+03   3.1200000E+03   3.3312096E-04   5.9790441E-04
   1.5464531E+03   4.8880000E+03   3.1080000E+03   2.2139980E-04   2.6790643E-04
   1.5464606E+03   5.0620000E+03   3.1950000E+03   3.5962646E-04   6.9480696E-04
   1.5464682E+03   4.8800000E+03   3.0950000E+03   7.8670688E-04   8.7446530E-04
   1.5464757E+03   4.8910000E+03   3.0910000E+03   1.8424211E-04   2.7530051E-04
   1.5464832E+03   4.9860000E+03   3.1590000E+03   5.4262384E-04   8.5874324E-04
   1.5464908E+03   4.9290000E+03   3.0890000E+03   4.9818078E-04   7.7255687E-04
   1.5464983E+03   4.9100000E+03   3.1440000E+03   4.7135484E-04   5.1161602E-04
   1.5465058E+03   4.8900000E+03   3.1230000E+03   3.1667939E-04   4.5260086E-04
   1.5465133E+03   4.9810000E+03   3.1530000E+03   3.8937651E-04   6.2012523E-04
   1.5465209E+03   4.9000000E+03   3.0880000E+03   9.5180435E-05   2.4251235E-04
   1.5465284E+03   4.8400000E+03   3.1140000E+03   4.0164802E-04   3.4438073E-04
   1.5465359E+03   4.8650000E+03   3.1260000E+03   1.5386455E-04   1.7363076E-04
   1.5465434E+03   4.9800000E+03   3.2150000E+03   4.5580834E-04   8.5109301E-04
   1.5465510E+03   4.9870000E+03   3.2010000E+03   5.9741138E-04   6.8336836E-04
   1.5465585E+03   5.0520000E+03   3.2300000E+03   6.6869829E-04   8.6352868E-04
   1.5465660E+03   4.7360000E+03   2.9830000E+03   2.1468886E-04   3.8075415E-04
   1.5465736E+03   4.8860000E+03   3.1560000E+03   4.9912732E-04   7.7217084E-04
   1.5465811E+03   5.0130000E+03   3.2510000E+03   7.5412438E-04   9.7283531E-04
   1.5465886E+03   4.9420000E+03   3.2250000E+03   3.4964954E-04   3.9055418E-04
   1.5465961E+03   4.9100000E+03   3.1690000E+03   1.3822850E-04   5.6659286E-04
   1.5466037E+03   5.0060000E+03   3.1740000E+03   5.3457036E-04   8.6085429E-04
   1.5466112E+03   5.0770000E+03   3.2600000E+03   6.1277495E-04   6.8091592E-04
   1.5466187E+03   4.8960000E+03   3.1880000E+03   9.0550758E-04   1.3601001E-03
   1.5466263E+03   4.9930000E+03   3.2340000E+03   8.8390807E-05   3.0168644E-04
   1.5466338E+03   4.9160000E+03   3.1550000E+03   3.7853974E-04   6.5073361E-04
   1.5466413E+03   4.9390000E+03   3.1330000E+03   7.7366783E-04   1.2237212E-03
   1.5466488E+03   4.9460000E+03   3.1800000E+03   3.3055256E-04   6.1103853E-04
   1.5466564E+03   4.9850000E+03   3.1890000E+03   9.8078752E-04   1.1322824E-03
   1.5466639E+03   5.0410000E+03   3.2280000E+03   2.4322347E-04   5.7831971E-04
   1.5466714E+03   4.9660000E+03   3.2000000E+03   5.3438940E-04   9.8003422E-04
   1.5466790E+03   4.8390000E+03   3.0700000E+03   5.0790723E-04   1.1121290E-03
   1.5466865E+03   4.8550000E+03   3.0480000E+03   1.7118267E-04   3.2627933E-04
   1.5466940E+03   4.9510000E+03   3.2070000E+03   4.5807777E-04   4.7950406E-04
   1.5467015E+03   4.8850000E+03   3.0450000E+03   9.2546738E-05   9.6898831E-05
   1.5467091E+03   4.7770000E+03   3.0540000E+03   3.3148311E-04   3.5697215E-04
   1.5467166E+03   4.8570000E+03   3.1520000E+03   3.8824936E-04   8.1209949E-04
   1.5467241E+03   4.8450000E+03   3.1320000E+03   6.5153037E-04   1.1279670E-03
   1.5467317E+03   4.7720000E+03   3.0290000E+03   2.5187106E-04   5.9314920E-04
   1.5467392E+03   4.9100000E+03   3.1200000E+03   3.6125586E-04   3.3371472E-04
   1.5467467E+03   5.0380000E+03   3.1840000E+03   9.6734580E-04   1.3903520E-03
   1.5467542E+03   5.1050000E+03   3.2510000E+03   7.0754538E-04   1.0204697E-03
   1.5467618E+03   4.9680000E+03   3.2050000E+03   2.7504309E-04   2.3409969E-04
   1.5467693E+03   4.7910000E+03   3.1200000E+03   2.4127011E-04   1.7899678E-04
   1.5467768E+03   4.7040000E+03   3.0460000E+03   1.1383848E-04   4.5446125E-05
   1.5467844E+03   4.9390000E+03   3.1910000E+03   4.6080982E-04   9.3354091E-04
   1.5467919E+03   4.8490000E+03   3.1130000E+03   3.3532657E-04   2.6521042E-04
   1.5467994E+03   4.9770000E+03   3.2200000E+03   1.1132078E-03   1.4785744E-03
   1.5468069E+03   4.9260000E+03   3.1870000E+03   1.0699879E-03   1.2158615E-03
   1.5468145E+03   5.0780000E+03   3.2800000E+03   2.4300623E-04   3.4510711E-04
   1.5468220E+03   4.7880000E+03   3.0700000E+03   3.9643527E-04   2.8256771E-04
   1.5468295E+03   4.9290000E+03   3.1670000E+03   1.3180504E-03   1.7686455E-03
   1.5468371E+03   4.9210000E+03   3.2410000E+03   6.7148654E-04   9.2449484E-04
   1.5468446E+03   4.9190000E+03   3.2630000E+03   1.0714394E-03   1.6693464E-03
   1.5468521E+03   4.8280000E+03   3.0470000E+03   5.5026047E-04   9.4852554E-04
   1.5468596E+03   4.6990000E+03   3.0920000E+03   2.4852935E-04   4.4024386E-04
   1.5468672E+03   4.6580000E+03   3.1250000E+03   6.8609080E-04   8.6080510E-04
   1.5468747E+03   4.4590000E+03   3.0320000E+03   3.8545946E-04   4.4747016E-04
   1.5468822E+03   4.4580000E+03   3.1750000E+03   9.8826260E-04   9.6368253E-04
   1.5468898E+03   4.1180000E+03   2.9920000E+03   4.0917438E-04   3.0136647E-04
   1.5468973E+03   3.9500000E+03   3.0660000E+03   4.5621694E-04   1.4006743E-03
   1.5469048E+03   3.6870000E+03   3.0170000E+03   1.2948650E-03   4.2937915E-04
   1.5469123E+03   3.4750000E+03   2.9480000E+03   1.2801177E-03   1.1029093E-03
   1.5469199E+03   3.2940000E+03   2.9380000E+03   1.2734279E-03   7.1004643E-04
   1.5469274E+03   2.9640000E+03   2.7440000E+03   1.5438480E-03   1.8104387E-03
   1.5469349E+03   2.8770000E+03   2.7410000E+03   1.2695509E-03   1.3828059E-03
   1.5469425E+03   2.6480000E+03   2.5940000E+03   1.3596217E-03   6.2300358E-04
   1.5469500E+03   2.4640000E+03   2.4280000E+03   6.6669377E-04   7.6180626E-04
   1.5469575E+03   2.2550000E+03   2.2340000E+03   7.6132832E-04   1.2058384E-03
   1.5469650E+03   2.0770000E+03   2.0560000E+03   1.5141244E-03   1.8198375E-03
   1.5469726E+03   1.8810000E+03   1.8650000E+03   1.8795484E-03   2.4350929E-03
   1.5469801E+03   1.7260000E+03   1.7020000E+03   1.6662015E-03   1.3176571E-03
   1.5469876E+03   1.5550000E+03   1.5430000E+03   4.4353317E-04   6.6899746E-04
   1.5469951E+03   1.3660000E+03   1.3520000E+03   1.7360602E-03   1.7875631E-03
   1.5470027E+03   1.2400000E+03   1.2280000E+03   1.1882337E-03   8.9934121E-04
   1.5470102E+03   1.0450000E+03   1.0300000E+03   3.1434340E-03   2.9872411E-03
   1.5470177E+03   9.1400000E+02   9.0300000E+02   1.9043720E-03   1.8968605E-03
   1.5470253E+03   7.9900000E+02   7.8100000E+02   4.5861465E-03   3.6015763E-03
   1.5470328E+03   6.8000000E+02   6.7200000E+02   6.7232099E-03   8.0114834E-03
   1.5470403E+03   6.4300000E+02   6.3600000E+02   1.6273247E-03   2.8519964E-03
   1.5470478E+03   5.7600000E+02   5.6200000E+02   2.9687524E-03   4.6781365E-03
   1.5470554E+03   5.2600000E+02   5.0800000E+02   4.3980996E-03   1.9560656E-03
   1.5470629E+03   4.5500000E+02   4.4000000E+02   3.9397876E-03   3.6783766E-03
   1.5470704E+03   4.8400000E+02   4.6800000E+02   4.6978572E-03   6.2440736E-03
   1.5470780E+03   4.2300000E+02   4.0900000E+02   1.5924644E-02   1.7443401E-02
   1.5470855E+03   4.5100000E+02   4.3400000E+02   7.8092671E-03   7.5532876E-03
   1.5470930E+03   4.6000000E+02   4.4300000E+02   3.5610313E-03   6.1421691E-03
   1.5471005E+03   4.3800000E+02   4.0800000E+02   5.4827067E-03   6.2866222E-03
   1.5471081E+03   4.7100000E+02   4.3400000E+02   4.7104054E-03   5.6391590E-03
   1.5471156E+03   4.4900000E+02   4.2200000E+02   5.7732318E-03   3.5127844E-03
   1.5471231E+03   4.6400000E+02   4.2100000E+02   3.9015350E-03   1.5214669E-03
   1.5471307E+03   4.5200000E+02   3.9000000E+02   5.7268351E-03   5.1935282E-03
   1.5471382E+03   4.4900000E+02   4.0300000E+02   5.0544235E-03   4.6617837E-03
   1.5471457E+03   4.4400000E+02   3.9800000E+02   6.2902891E-03   1.0481876E-03
   1.5471532E+03   4.2200000E+02   3.5500000E+02   8.2493040E-03   1.0782475E-02
   1.5471608E+03   4.8400000E+02   4.0900000E+02   8.0050481E-03   5.7464320E-03
   1.5471683E+03   4.9400000E+02   4.0000000E+02   9.0222576E-03   8.2306148E-03
   1.5471758E+03   5.0100000E+02   4.0100000E+02   1.1824836E-02   6.1826900E-03
   1.5471834E+03   5.1400000E+02   4.1400000E+02   1.5256706E-02   1.5650995E-02
   1.5471909E+03   5.4800000E+02   4.3700000E+02   8.5081966E-03   9.1369918E-03
   1.5471984E+03   5.3700000E+02   4.1700000E+02   1.1520994E-02   7.2608861E-03
   1.5472059E+03   5.4800000E+02   4.1500000E+02   1.1660971E-02   9.8282294E-03
   1.5472135E+03   5.5300000E+02   4.1300000E+02   9.8655431E-03   1.6536759E-02
   1.5472210E+03   5.8000000E+02   4.4500000E+02   1.2746301E-02   5.5380213E-03
   1.5472285E+03   5.8900000E+02   4.5000000E+02   1.1696120E-02   8.0579264E-03
   1.5472361E+03   6.4500000E+02   4.7300000E+02   9.0644187E-03   9.3070344E-03
   1.5472436E+03   6.9000000E+02   5.1800000E+02   3.2940055E-03   4.8214793E-03
   1.5472511E+03   6.7700000E+02   5.1500000E+02   4.0449880E-03   3.5218799E-03
   1.5472586E+03   7.0300000E+02   5.1800000E+02   1.2757424E-02   7.7695511E-03
   1.5472662E+03   6.6200000E+02   5.0500000E+02   4.7292360E-03   5.6554431E-03
   1.5472737E+03   6.3500000E+02   4.6400000E+02   4.9978171E-03   1.2702327E-02
   1.5472812E+03   7.2300000E+02   5.2100000E+02   1.8701094E-02   2.3935329E-02
   1.5472888E+03   6.9900000E+02   5.3100000E+02   3.1641102E-03   6.5959943E-03
   1.5472963E+03   7.3700000E+02   5.5400000E+02   1.3176882E-02   1.2074244E-02
   1.5473038E+03   7.7800000E+02   5.9600000E+02   3.9108850E-03   2.1230867E-03
   1.5473113E+03   7.7500000E+02   5.9400000E+02   5.8034740E-03   9.2100026E-03
   1.5473189E+03   8.1300000E+02   6.4100000E+02   8.9098703E-03   9.5570280E-03
   1.5473264E+03   8.2800000E+02   6.3400000E+02   6.1276759E-03   5.9513680E-03
   1.5473339E+03   8.9100000E+02   6.8600000E+02   3.9669048E-03   4.1472376E-03
   1.5473415E+03   8.6800000E+02   6.6600000E+02   8.7091663E-03   1.0157259E-02
   1.5473490E+03   8.6300000E+02   6.8200000E+02   6.7663469E-03   8.0441745E-03
   1.5473565E+03   8.9500000E+02   6.8500000E+02   4.1532576E-03   6.9279610E-03
   1.5473640E+03   8.8300000E+02   6.7500000E+02   4.8494098E-03   2.5332102E-03
   1.5473716E+03   9.5900000E+02   7.6000000E+02   8.1335513E-03   7.8337915E-03
   1.5473791E+03   8.8100000E+02   6.8000000E+02   4.2194779E-03   1.1125468E-02
   1.5473866E+03   9.9600000E+02   7.8000000E+02   5.1540969E-03   1.1940168E-02
   1.5473942E+03   9.8400000E+02   7.7100000E+02   1.0018089E-03   1.8826140E-03
   1.5474017E+03   1.0310000E+03   8.2500000E+02   5.2185920E-03   3.8912213E-03
   1.5474092E+03   1.0610000E+03   8.2200000E+02   1.5085772E-02   1.7311479E-02
   1.5474167E+03   1.0540000E+03   8.5400000E+02   3.4390466E-03   2.9757759E-03
   1.5474243E+03   1.0680000E+03   8.2900000E+02   5.8262238E-03   1.0499503E-02
   1.5474318E+03   1.1070000E+03   8.6700000E+02   9.6927808E-03   7.7880230E-03
   1.5474393E+03   1.0800000E+03   8.4700000E+02   5.1355321E-03   9.2203967E-03
   1.5474468E+03   1.1130000E+03   8.7400000E+02   1.0771066E-03   2.2864037E-03
   1.5474544E+03   1.1410000E+03   8.7300000E+02   5.3346428E-03   9.9918291E-03
   1.5474619E+03   1.1570000E+03   9.2500000E+02   5.0609607E-03   7.1710048E-03
   1.5474694E+03   1.2090000E+03   9.5300000E+02   5.8554118E-03   1.2251718E-02
   1.5474770E+03   1.2350000E+03   9.4200000E+02   4.4665941E-03   6.1328225E-03
   1.5474845E+03   1.2580000E+03   9.7400000E+02   9.9444531E-03   8.0838253E-03
   1.5474920E+03   1.2630000E+03   1.0070000E+03   2.9736177E-03   3.5190230E-03
   1.5474995E+03   1.2860000E+03   1.0200000E+03   9.5815187E-03   1.4705282E-02
   1.5475071E+03   1.3170000E+03   1.0150000E+03   1.2990184E-02   1.3801287E-02
   1.5475146E+03   1.3130000E+03   1.0630000E+03   3.5013806E-04   1.4501886E-03
   1.5475221E+03   1.3510000E+03   1.0750000E+03   1.0914204E-02   8.6285067E-03
   1.5475297E+03   1.3860000E+03   1.0940000E+03   5.1352432E-03   6.3019404E-03
   1.5475372E+03   1.4450000E+03   1.1230000E+03   8.6558158E-03   1.4565630E-02
   1.5475447E+03   1.4520000E+03   1.1410000E+03   3.2293711E-03   2.4981921E-03
   1.5475522E+03   1.4920000E+03   1.1780000E+03   9.8244185E-03   7.8814857E-03
   1.5475598E+03   1.5680000E+03   1.2440000E+03   6.4120101E-03   9.7903093E-03
   1.5475673E+03   1.5450000E+03   1.2090000E+03   8.2450766E-03   7.7712729E-03
   1.5475748E+03   1.5770000E+03   1.2510000E+03   4.2044892E-03   6.8756456E-03
   1.5475824E+03   1.6450000E+03   1.2940000E+03   3.3614363E-03   7.7237055E-03
   1.5475899E+03   1.5210000E+03   1.2280000E+03   8.0826402E-03   1.0342449E-02
   1.5475974E+03   1.6740000E+03   1.3090000E+03   9.0639755E-03   8.8010381E-03
   1.5476049E+03   1.6300000E+03   1.2730000E+03   5.4502670E-03   8.3432852E-03
   1.5476125E+03   1.6950000E+03   1.3280000E+03   3.9875030E-03   2.5824693E-03
   1.5476200E+03   1.7180000E+03   1.3300000E+03   1.7529963E-03   2.4042460E-03
   1.5476275E+03   1.7400000E+03   1.3480000E+03   1.0544453E-02   1.2407435E-02
   1.5476351E+03   1.8050000E+03   1.4390000E+03   1.0194559E-02   7.7198580E-03
   1.5476426E+03   1.8400000E+03   1.4570000E+03   5.1070710E-03   4.6835335E-03
   1.5476501E+03   1.8710000E+03   1.4540000E+03   6.5534781E-03   1.1342972E-02
   1.5476576E+03   1.9940000E+03   1.5420000E+03   5.7512708E-03   7.9251151E-03
   1.5476652E+03   2.0150000E+03   1.5430000E+03   2.6206132E-03   5.3104883E-03
   1.5476727E+03   2.0760000E+03   1.5900000E+03   7.7095872E-03   9.8765254E-03
   1.5476802E+03   2.0720000E+03   1.5640000E+03   4.4077261E-03   5.1031698E-03
   1.5476878E+03   2.1400000E+03   1.6440000E+03   4.7861992E-03   6.7696965E-03
   1.5476953E+03   2.1200000E+03   1.6220000E+03   3.0235110E-03   2.5943166E-03
   1.5477028E+03   2.2870000E+03   1.6900000E+03   9.8515654E-03   8.6380308E-03
   1.5477103E+03   2.4560000E+03   1.7930000E+03   7.3879442E-03   1.4337611E-02
   1.5477179E+03   2.4100000E+03   1.7600000E+03   8.0268577E-03   8.4128470E-03
   1.5477254E+03   2.3910000E+03   1.6960000E+03   2.6025955E-03   7.5437993E-03
   1.5477329E+03   2.6130000E+03   1.8240000E+03   2.1411909E-03   2.0857479E-03
   1.5477405E+03   2.6240000E+03   1.8010000E+03   6.4757714E-03   7.1904503E-03
   1.5477480E+03   2.7350000E+03   1.7950000E+03   1.7401392E-03   3.9799949E-03
   1.5477555E+03   2.9150000E+03   1.9330000E+03   5.7505966E-03   7.9466802E-03
   1.5477630E+03   2.9880000E+03   1.9340000E+03   2.5194745E-03   3.8983726E-03
   1.5477706E+03   3.1310000E+03   1.9590000E+03   8.1564334E-03   7.9203637E-03
   1.5477781E+03   3.3860000E+03   2.0720000E+03   3.7986686E-03   5.4860850E-03
   1.5477856E+03   3.3580000E+03   2.0170000E+03   5.0610080E-03   6.5995630E-03
   1.5477932E+03   3.4570000E+03   2.0740000E+03   1.7108945E-03   5.3667258E-03
   1.5478007E+03   3.5380000E+03   2.1100000E+03   6.8467320E-03   9.5474200E-03
   1.5478082E+03   3.5670000E+03   2.0590000E+03   4.7825798E-03   5.6123466E-03
   1.5478157E+03   3.8380000E+03   2.2120000E+03   3.2820435E-03   2.2023912E-03
   1.5478233E+03   3.9010000E+03   2.2540000E+03   5.0587320E-03   8.9337553E-03
   1.5478308E+03   4.0630000E+03   2.3130000E+03   2.8692771E-03   4.2868693E-03
   1.5478383E+03   4.1330000E+03   2.4420000E+03   6.0614801E-03   5.2573755E-03
   1.5478459E+03   4.2450000E+03   2.4790000E+03   4.2763936E-03   3.7627365E-03
   1.5478534E+03   4.4140000E+03   2.6490000E+03   2.5446501E-03   4.9018311E-03
   1.5478609E+03   4.3680000E+03   2.6450000E+03   5.3635425E-03   6.2215990E-03
   1.5478684E+03   4.5060000E+03   2.7670000E+03   2.9637354E-03   4.9961237E-03
   1.5478760E+03   4.5790000E+03   2.8300000E+03   1.7604000E-03   5.2408658E-03
   1.5478835E+03   4.5720000E+03   2.8760000E+03   2.4865287E-03   2.7003021E-03
   1.5478910E+03   4.8690000E+03   3.0800000E+03   5.7663465E-03   8.2060356E-03
   1.5478985E+03   4.9700000E+03   3.1300000E+03   1.6094542E-03   4.4893193E-03
   1.5479061E+03   4.9960000E+03   3.1460000E+03   6.8433360E-03   8.6200326E-03
   1.5479136E+03   5.0140000E+03   3.3250000E+03   2.1413398E-03   1.2975020E-03
   1.5479211E+03   5.2890000E+03   3.4620000E+03   4.3796261E-03   5.6777954E-03
   1.5479287E+03   5.2790000E+03   3.4710000E+03   2.5578902E-03   2.7794470E-03
   1.5479362E+03   5.2370000E+03   3.5320000E+03   1.1455757E-03   1.8700594E-03
   1.5479437E+03   5.5050000E+03   3.7460000E+03   4.0299767E-03   2.5377893E-03
   1.5479512E+03   5.6560000E+03   3.8090000E+03   4.7242987E-03   5.1674415E-03
   1.5479588E+03   5.7120000E+03   3.8260000E+03   1.2230667E-03   3.8986835E-03
   1.5479663E+03   5.7550000E+03   3.8980000E+03   1.3361891E-03   1.9052463E-03
   1.5479738E+03   5.9860000E+03   4.0640000E+03   3.9643602E-03   2.9353441E-03
   1.5479814E+03   5.9150000E+03   4.0600000E+03   2.6546364E-03   1.9720329E-03
   1.5479889E+03   6.0750000E+03   4.1760000E+03   3.3798233E-03   2.3979305E-03
   1.5479964E+03   6.1390000E+03   4.2240000E+03   2.8739171E-03   6.9730778E-03
   1.5480039E+03   6.1590000E+03   4.2320000E+03   3.2801847E-03   4.0712164E-03
   1.5480115E+03   6.3990000E+03   4.3860000E+03   3.3688233E-03   5.3300459E-03
   1.5480190E+03   6.3790000E+03   4.4890000E+03   1.9540683E-03   2.3661341E-03
   1.5480265E+03   6.5230000E+03   4.5880000E+03   2.0892072E-03   3.3530858E-03
   1.5480341E+03   6.6570000E+03   4.6100000E+03   4.7864114E-03   5.5900224E-03
   1.5480416E+03   6.7420000E+03   4.6940000E+03   2.9337668E-03   5.8839293E-03
   1.5480491E+03   6.8310000E+03   4.8310000E+03   3.7709298E-03   4.0037401E-03
   1.5480566E+03   6.8530000E+03   4.8400000E+03   3.4831969E-03   2.2043901E-03
   1.5480642E+03   7.0610000E+03   4.9650000E+03   3.7705269E-03   4.4265797E-03
   1.5480717E+03   7.2460000E+03   5.1210000E+03   7.1259856E-04   2.0729797E-03
   1.5480792E+03   6.8850000E+03   4.8870000E+03   5.7670095E-03   4.9725705E-03
   1.5480868E+03   7.2750000E+03   5.2150000E+03   2.0752275E-03   4.0818030E-03
   1.5480943E+03   7.2410000E+03   5.2080000E+03   4.1751769E-03   3.9763494E-03
   1.5481018E+03   7.4900000E+03   5.3040000E+03   2.9513676E-03   3.6015005E-03
   1.5481093E+03   7.5680000E+03   5.4620000E+03   3.0406847E-03   3.1526002E-03
   1.5481169E+03   7.5680000E+03   5.5020000E+03   3.2141724E-03   2.3925100E-03
   1.5481244E+03   7.6040000E+03   5.4840000E+03   3.0652449E-03   3.8432138E-03
   1.5481319E+03   7.6980000E+03   5.5140000E+03   1.8126513E-03   3.3919967E-03
   1.5481395E+03   7.7940000E+03   5.5870000E+03   2.9459665E-03   2.5411654E-03
   1.5481470E+03   7.8160000E+03   5.6370000E+03   1.7740954E-03   2.9009567E-03
   1.5481545E+03   7.7000000E+03   5.6070000E+03   5.3336617E-03   5.7623701E-03
   1.5481620E+03   8.0750000E+03   5.8770000E+03   2.5512581E-03   4.1778281E-03
   1.5481696E+03   7.9790000E+03   5.8010000E+03   2.8286222E-03   4.6389301E-03
   1.5481771E+03   7.9670000E+03   5.8120000E+03   2.3752443E-03   1.3571682E-03
   1.5481846E+03   8.0210000E+03   5.8440000E+03   2.7340536E-03   2.6106809E-03
   1.5481922E+03   8.3140000E+03   6.0690000E+03   3.1281877E-03   3.6938481E-03
   1.5481997E+03   8.2630000E+03   6.0050000E+03   1.4475961E-03   2.8621745E-03
   1.5482072E+03   8.2730000E+03   6.0470000E+03   3.9489921E-03   4.5559112E-03
   1.5482147E+03   8.3390000E+03   6.1140000E+03   2.8720818E-03   4.2665076E-03
   1.5482223E+03   8.3330000E+03   6.1110000E+03   8.4128355E-04   2.0592575E-03
   1.5482298E+03   8.5260000E+03   6.3130000E+03   9.5333061E-04   2.8555476E-03
   1.5482373E+03   8.4270000E+03   6.1970000E+03   5.6179807E-03   4.4711965E-03
   1.5482449E+03   8.7310000E+03   6.4530000E+03   2.6445375E-03   2.8342031E-03
   1.5482524E+03   8.6200000E+03   6.4340000E+03   1.5655418E-03   1.2629185E-03
   1.5482599E+03   8.5910000E+03   6.4370000E+03   1.5481692E-03   2.8687387E-03
   1.5482674E+03   8.7860000E+03   6.5540000E+03   2.9191091E-03   3.9605562E-03
   1.5482750E+03   9.0740000E+03   6.7490000E+03   6.2297306E-04   1.3613246E-03
   1.5482825E+03   9.0420000E+03   6.6960000E+03   5.6825768E-03   6.2426078E-03
   1.5482900E+03   8.9760000E+03   6.6540000E+03   3.3349703E-03   2.7390808E-03
   1.5482976E+03   9.1020000E+03   6.7480000E+03   1.4756709E-03   1.7646852E-03
   1.5483051E+03   9.2600000E+03   6.8590000E+03   2.6084809E-03   2.4042747E-03
   1.5483126E+03   9.1990000E+03   6.8900000E+03   2.5017367E-03   3.9287439E-03
   1.5483201E+03   9.0280000E+03   6.7510000E+03   3.7280714E-03   3.8710436E-03
   1.5483277E+03   9.0490000E+03   6.7710000E+03   1.9841824E-03   2.1242729E-03
   1.5483352E+03   9.2850000E+03   6.9020000E+03   4.8845510E-03   5.2118874E-03
   1.5483427E+03   9.5350000E+03   7.0610000E+03   1.3022016E-03   2.5889034E-03
   1.5483502E+03   9.3560000E+03   6.9210000E+03   3.0040825E-03   2.6550763E-03
   1.5483578E+03   9.3820000E+03   7.0340000E+03   1.9563930E-04   6.3184596E-04
   1.5483653E+03   9.6060000E+03   7.2130000E+03   1.5933496E-03   2.6210298E-04
   1.5483728E+03   9.2590000E+03   6.8640000E+03   2.8618171E-03   3.8817707E-03
   1.5483804E+03   9.4800000E+03   7.0580000E+03   1.4665857E-03   8.5558931E-04
   1.5483879E+03   9.6670000E+03   7.2070000E+03   2.9191932E-03   3.4722970E-03
   1.5483954E+03   9.4620000E+03   7.0340000E+03   3.3066031E-03   3.5784116E-03
   1.5484029E+03   9.5970000E+03   7.1620000E+03   9.3200262E-04   1.6136441E-03
   1.5484105E+03   9.5130000E+03   7.0890000E+03   2.2903605E-03   2.5789236E-03
   1.5484180E+03   9.6670000E+03   7.2310000E+03   2.8341803E-03   3.5597078E-03
   1.5484255E+03   9.8080000E+03   7.1950000E+03   1.5099133E-03   2.3400699E-03
   1.5484331E+03   9.9230000E+03   7.3620000E+03   3.7063826E-03   4.4661939E-03
   1.5484406E+03   9.9790000E+03   7.3500000E+03   3.0400676E-03   1.7820718E-03
   1.5484481E+03   9.8450000E+03   7.2660000E+03   2.5237495E-03   6.3480883E-04
   1.5484556E+03   9.8710000E+03   7.3190000E+03   2.0252808E-03   3.2567034E-03
   1.5484632E+03   9.8210000E+03   7.2580000E+03   2.2294662E-03   2.9059600E-03
   1.5484707E+03   1.0042000E+04   7.4530000E+03   1.2209602E-03   1.8780147E-03
   1.5484782E+03   1.0089000E+04   7.3720000E+03   8.6773932E-04   7.7066484E-04
   1.5484858E+03   1.0249000E+04   7.5510000E+03   1.2061438E-03   2.4865279E-03
   1.5484933E+03   9.9760000E+03   7.2720000E+03   1.6197711E-03   1.9161817E-03
   1.5485008E+03   1.0117000E+04   7.3150000E+03   8.1480514E-04   8.1654749E-04
   1.5485083E+03   9.9670000E+03   7.2890000E+03   5.0076343E-03   5.0975133E-03
   1.5485159E+03   1.0052000E+04   7.3660000E+03   2.2058249E-03   2.4499811E-03
   1.5485234E+03   9.9870000E+03   7.1780000E+03   5.5902535E-04   1.4636750E-03
   1.5485309E+03   1.0146000E+04   7.4060000E+03   2.6064634E-03   3.0819411E-03
   1.5485385E+03   1.0076000E+04   7.3040000E+03   5.7018613E-04   1.4947483E-03
   1.5485460E+03   1.0092000E+04   7.3410000E+03   1.9755184E-03   3.8953111E-03
   1.5485535E+03   1.0205000E+04   7.4140000E+03   1.6653223E-03   1.5708537E-03
   1.5485610E+03   1.0155000E+04   7.4300000E+03   2.9848999E-03   4.1616306E-03
   1.5485686E+03   1.0339000E+04   7.4430000E+03   1.0118446E-03   2.2501072E-03
   1.5485761E+03   1.0042000E+04   7.3320000E+03   2.4409836E-03   4.2660279E-03
   1.5485836E+03   1.0447000E+04   7.5650000E+03   1.0018981E-03   1.1836210E-03
   1.5485912E+03   1.0140000E+04   7.3060000E+03   1.1571523E-03   2.3854823E-03
   1.5485987E+03   1.0269000E+04   7.3900000E+03   1.0812298E-03   1.9478409E-03
   1.5486062E+03   1.0240000E+04   7.3340000E+03   3.2805515E-03   2.9513869E-03
   1.5486137E+03   1.0164000E+04   7.2270000E+03   1.9373751E-03   2.3582897E-03
   1.5486213E+03   1.0150000E+04   7.3100000E+03   1.5919128E-03   2.5023656E-03
   1.5486288E+03   1.0180000E+04   7.4110000E+03   1.2147823E-03   2.5531573E-04
   1.5486363E+03   1.0226000E+04   7.3260000E+03   9.7006837E-04   1.6400504E-03
   1.5486439E+03   1.0118000E+04   7.2140000E+03   4.0858554E-03   4.1936580E-03
   1.5486514E+03   1.0095000E+04   7.1780000E+03   2.1086695E-03   3.0042188E-03
   1.5486589E+03   1.0085000E+04   7.2360000E+03   2.1669783E-03   2.9028898E-03
   1.5486664E+03   1.0002000E+04   7.0620000E+03   1.2449814E-03   1.5279016E-03
   1.5486740E+03   1.0153000E+04   7.2580000E+03   2.6817864E-03   3.0057234E-03
   1.5486815E+03   1.0064000E+04   7.1060000E+03   1.9674665E-03   1.8972486E-03
   1.5486890E+03   1.0065000E+04   7.0220000E+03   1.7255465E-03   7.4230621E-04
   1.5486966E+03   1.0049000E+04   7.0880000E+03   1.7791013E-03   2.0375206E-03
   1.5487041E+03   9.8510000E+03   6.9390000E+03   7.5098777E-04   2.3218472E-03
   1.5487116E+03   9.9460000E+03   6.7670000E+03   4.2745187E-04   5.0735697E-04
   1.5487191E+03   9.9920000E+03   6.9110000E+03   3.6389666E-03   2.9418439E-03
   1.5487267E+03   9.9660000E+03   6.9150000E+03   2.7029437E-03   2.3738397E-03
   1.5487342E+03   9.8840000E+03   6.9230000E+03   1.5999282E-03   2.3045538E-03
   1.5487417E+03   9.8420000E+03   6.8210000E+03   4.9531381E-04   2.3652529E-03
   1.5487493E+03   9.6640000E+03   6.5960000E+03   2.4613530E-03   1.3662139E-03
   1.5487568E+03   9.8600000E+03   6.7590000E+03   3.3495223E-03   3.7419420E-03
   1.5487643E+03   9.5880000E+03   6.4520000E+03   7.6504576E-04   2.7259243E-03
   1.5487718E+03   9.8110000E+03   6.6230000E+03   1.1441406E-03   2.1139082E-03
   1.5487794E+03   9.5680000E+03   6.4740000E+03   1.4969000E-03   1.8310968E-03
   1.5487869E+03   9.5360000E+03   6.3350000E+03   1.1527593E-03   2.1876945E-03
   1.5487944E+03   9.5910000E+03   6.3210000E+03   1.8689957E-03   1.7411136E-03
   1.5488019E+03   9.5260000E+03   6.2720000E+03   2.1701608E-03   1.6675729E-03
   1.5488095E+03   9.5100000E+03   6.1370000E+03   4.0243835E-04   2.1936865E-03
   1.5488170E+03   9.3400000E+03   5.9940000E+03   3.4522398E-03   2.5090593E-03
   1.5488245E+03   9.2310000E+03   5.9470000E+03   1.6372177E-03   9.4405090E-04
   1.5488321E+03   9.3040000E+03   5.9200000E+03   1.4429326E-03   2.0896913E-04
   1.5488396E+03   9.4410000E+03   5.9990000E+03   1.7594948E-03   2.0667964E-03
   1.5488471E+03   9.1850000E+03   5.7910000E+03   2.1080797E-03   1.7445279E-03
   1.5488546E+03   9.0610000E+03   5.5550000E+03   1.9455182E-03   2.8210580E-03
   1.5488622E+03   9.1250000E+03   5.7050000E+03   1.0532516E-03   8.1636251E-04
   1.5488697E+03   8.9910000E+03   5.6500000E+03   3.5601583E-03   4.1325935E-03
   1.5488772E+03   8.7080000E+03   5.4640000E+03   1.8522708E-03   5.8286632E-04
   1.5488848E+03   8.7160000E+03   5.4260000E+03   1.6239863E-03   2.4398340E-03
   1.5488923E+03   8.5590000E+03   5.2760000E+03   2.5445296E-03   1.6116187E-03
   1.5488998E+03   8.6590000E+03   5.3740000E+03   2.2332871E-03   2.3228913E-03
   1.5489073E+03   8.6210000E+03   5.4490000E+03   1.4125395E-03   1.9708820E-03
   1.5489149E+03   8.4590000E+03   5.3900000E+03   1.1982383E-03   2.2733077E-03
   1.5489224E+03   8.5160000E+03   5.3820000E+03   1.5171739E-03   1.2660845E-03
   1.5489299E+03   8.2380000E+03   5.2620000E+03   1.7713063E-03   1.4295311E-03
   1.5489375E+03   8.1180000E+03   5.2080000E+03   1.1559313E-03   4.6632941E-04
   1.5489450E+03   8.1550000E+03   5.2740000E+03   1.5188099E-03   2.2189912E-03
   1.5489525E+03   7.8260000E+03   5.0440000E+03   2.4130027E-03   3.3961217E-03
   1.5489600E+03   7.7850000E+03   5.0020000E+03   3.0319507E-03   3.7133309E-03
   1.5489676E+03   7.8840000E+03   5.1780000E+03   2.6763792E-03   3.4186687E-03
   1.5489751E+03   7.8570000E+03   5.0620000E+03   9.6805452E-04   1.7044997E-03
   1.5489826E+03   7.6080000E+03   5.0900000E+03   9.1751998E-04   1.0375042E-03
   1.5489902E+03   7.5710000E+03   4.9820000E+03   2.0278616E-03   1.2109447E-03
   1.5489977E+03   7.4250000E+03   4.8620000E+03   2.0806835E-03   4.0849462E-03
   1.5490052E+03   7.4640000E+03   4.9350000E+03   1.4689028E-03   9.7985469E-04
   1.5490127E+03   7.3830000E+03   4.7990000E+03   1.3115229E-03   1.8199245E-03
   1.5490203E+03   7.3770000E+03   4.9570000E+03   2.0274332E-03   2.4893845E-03
   1.5490278E+03   7.2630000E+03   4.8110000E+03   2.9004254E-04   2.1475144E-04
   1.5490353E+03   7.0890000E+03   4.6940000E+03   9.0555253E-04   8.0841894E-04
   1.5490429E+03   7.3000000E+03   4.7790000E+03   3.5275902E-03   5.2204938E-03
   1.5490504E+03   7.2760000E+03   4.8670000E+03   1.7713643E-03   1.5792708E-03
   1.5490579E+03   7.1730000E+03   4.7360000E+03   6.8769538E-04   1.3178580E-03
   1.5490654E+03   7.0290000E+03   4.6570000E+03   6.2009247E-04   9.9114856E-04
   1.5490730E+03   7.0000000E+03   4.6280000E+03   1.0710825E-03   1.1314912E-03
   1.5490805E+03   7.0280000E+03   4.6860000E+03   1.6916043E-03   1.7975743E-03
   1.5490880E+03   6.9660000E+03   4.5880000E+03   1.3672226E-03   9.0489871E-04
   1.5490956E+03   6.9730000E+03   4.6370000E+03   1.6157393E-03   1.8864601E-03
   1.5491031E+03   6.8290000E+03   4.5480000E+03   2.0370705E-03   3.5604814E-03
   1.5491106E+03   6.8860000E+03   4.5680000E+03   2.4272142E-03   3.1015691E-03
   1.5491181E+03   6.9600000E+03   4.6600000E+03   1.6943411E-03   2.0619336E-03
   1.5491257E+03   6.9110000E+03   4.5530000E+03   1.9926305E-03   1.5564617E-03
   1.5491332E+03   6.7790000E+03   4.5030000E+03   1.5608883E-03   1.8727033E-03
   1.5491407E+03   6.8030000E+03   4.4950000E+03   5.0936863E-04   6.9800107E-04
   1.5491483E+03   6.7160000E+03   4.3710000E+03   1.0522349E-04   5.5947414E-04
   1.5491558E+03   6.7750000E+03   4.3560000E+03   1.8147351E-03   3.0488722E-03
   1.5491633E+03   6.6030000E+03   4.2890000E+03   1.9739701E-03   3.3809942E-03
   1.5491708E+03   6.6020000E+03   4.3090000E+03   8.9492440E-04   4.0221612E-04
   1.5491784E+03   6.6080000E+03   4.3680000E+03   6.2402647E-04   9.0261654E-04
   1.5491859E+03   6.5700000E+03   4.2780000E+03   1.6436613E-03   1.3337221E-03
   1.5491934E+03   6.6080000E+03   4.3060000E+03   1.7637759E-03   2.6683976E-03
   1.5492010E+03   6.4890000E+03   4.2510000E+03   1.8993704E-03   2.7533584E-03
   1.5492085E+03   6.4900000E+03   4.2450000E+03   1.2755542E-03   1.8364182E-03
   1.5492160E+03   6.5800000E+03   4.3140000E+03   1.6690185E-03   2.4466838E-03
   1.5492235E+03   6.3810000E+03   4.1590000E+03   6.7571687E-04   2.2331562E-03
   1.5492311E+03   6.3620000E+03   4.1790000E+03   6.1969724E-04   9.6134667E-04
   1.5492386E+03   6.4320000E+03   4.2230000E+03   6.7698518E-04   9.2801170E-04
   1.5492461E+03   6.3750000E+03   4.1140000E+03   5.8928562E-04   8.8596984E-04
   1.5492536E+03   6.1990000E+03   4.0930000E+03   1.5769123E-03   1.9175804E-03
   1.5492612E+03   6.3700000E+03   4.1080000E+03   1.3254245E-03   2.4914305E-03
   1.5492687E+03   6.2840000E+03   3.9990000E+03   4.2424281E-04   7.3364675E-04
   1.5492762E+03   6.2860000E+03   4.0420000E+03   1.8843387E-03   1.7780880E-03
   1.5492838E+03   6.2060000E+03   4.0290000E+03   1.9966388E-03   2.6107404E-03
   1.5492913E+03   6.3000000E+03   4.0720000E+03   5.7775857E-04   1.3126824E-03
   1.5492988E+03   6.1410000E+03   3.9600000E+03   3.4624374E-04   8.6991506E-04
   1.5493063E+03   6.1340000E+03   3.9560000E+03   9.2208781E-04   6.8483399E-04
   1.5493139E+03   6.0160000E+03   3.8270000E+03   1.1244946E-03   1.4554452E-03
   1.5493214E+03   6.0230000E+03   3.8620000E+03   1.6089612E-03   2.3630658E-03
   1.5493289E+03   5.9710000E+03   3.8560000E+03   9.3911084E-04   2.0832756E-03
   1.5493365E+03   6.0020000E+03   3.8520000E+03   1.2534509E-03   5.4000648E-04
   1.5493440E+03   6.0470000E+03   3.9280000E+03   1.1513476E-03   7.7402132E-04
   1.5493515E+03   5.8510000E+03   3.7640000E+03   8.0938360E-04   9.7499676E-04
   1.5493590E+03   5.8940000E+03   3.7870000E+03   1.1805475E-03   1.2977247E-03
   1.5493666E+03   5.8120000E+03   3.7800000E+03   4.4275898E-04   1.0569243E-03
   1.5493741E+03   5.8830000E+03   3.7240000E+03   7.0837870E-04   1.1560679E-03
   1.5493816E+03   5.7260000E+03   3.5960000E+03   8.3245820E-04   4.0188699E-04
   1.5493892E+03   5.8010000E+03   3.7340000E+03   7.8447751E-04   5.8149317E-04
   1.5493967E+03   5.8990000E+03   3.6880000E+03   5.0524444E-05   8.6876158E-04
   1.5494042E+03   5.8020000E+03   3.6780000E+03   1.0794130E-03   6.2993138E-04
   1.5494117E+03   5.8510000E+03   3.7120000E+03   6.8281202E-04   9.9567584E-04
   1.5494193E+03   5.8240000E+03   3.6860000E+03   7.0325347E-04   4.9399011E-04
   1.5494268E+03   5.6230000E+03   3.5290000E+03   5.9933467E-04   4.7758844E-04
   1.5494343E+03   5.6210000E+03   3.6320000E+03   2.4609134E-04   7.3528802E-04
   1.5494419E+03   5.5240000E+03   3.5320000E+03   1.0700857E-03   8.4992236E-04
   1.5494494E+03   5.4910000E+03   3.6120000E+03   8.8055209E-05   4.9495404E-04
   1.5494569E+03   5.4270000E+03   3.6180000E+03   5.7534955E-04   6.5412501E-04
   1.5494644E+03   5.3310000E+03   3.5870000E+03   6.0287616E-04   4.0243303E-04
   1.5494720E+03   5.2280000E+03   3.6200000E+03   1.2000638E-04   4.7014451E-04
   1.5494795E+03   4.9150000E+03   3.5810000E+03   6.1321275E-05   2.9988736E-04
   1.5494870E+03   4.7280000E+03   3.5450000E+03   4.9918425E-04   2.4651548E-04
   1.5494946E+03   4.3390000E+03   3.4840000E+03   3.3335003E-04   5.0883696E-04
   1.5495021E+03   4.1980000E+03   3.5230000E+03   5.8069505E-04   8.5069571E-04
   1.5495096E+03   3.7040000E+03   3.2330000E+03   5.6861798E-04   6.2331875E-04
   1.5495171E+03   3.5730000E+03   3.2650000E+03   3.3222835E-04   4.5589815E-04
   1.5495247E+03   3.3400000E+03   3.1840000E+03   6.4063877E-04   6.6544431E-04
   1.5495322E+03   3.0240000E+03   2.9340000E+03   7.3147374E-04   7.5387814E-04
   1.5495397E+03   2.8900000E+03   2.8320000E+03   7.1001137E-04   7.2456970E-04
   1.5495473E+03   2.7660000E+03   2.7240000E+03   5.2532434E-04   5.3344746E-04
   1.5495548E+03   2.4520000E+03   2.4180000E+03   8.5301146E-04   8.6487134E-04
   1.5495623E+03   2.2940000E+03   2.2700000E+03   9.1246185E-04   9.2211972E-04
   1.5495698E+03   2.1010000E+03   2.0810000E+03   5.7670605E-04   5.8240711E-04
   1.5495774E+03   1.9540000E+03   1.9330000E+03   8.8846815E-04   8.9819032E-04
   1.5495849E+03   1.6560000E+03   1.6340000E+03   3.7594053E-04   3.8101532E-04
   1.5495924E+03   1.5610000E+03   1.5390000E+03   7.7606620E-04   7.8720276E-04
   1.5496000E+03   1.2530000E+03   1.2290000E+03   5.6758707E-04   5.7859455E-04
   1.5496075E+03   1.0860000E+03   1.0690000E+03   7.7785521E-04   7.9032792E-04
   1.5496150E+03   9.4700000E+02   9.3000000E+02   5.5450891E-04   5.6491351E-04
   1.5496225E+03   8.3900000E+02   8.1400000E+02   4.4187920E-04   4.5537947E-04
   1.5496301E+03   7.2600000E+02   7.0900000E+02   9.9996862E-04   1.0239279E-03
   1.5496376E+03   6.4900000E+02   6.3300000E+02   3.9171247E-03   4.0160912E-03
   1.5496451E+03   6.0900000E+02   5.9000000E+02   2.5724724E-03   2.6554166E-03
   1.5496527E+03   6.0900000E+02   5.8800000E+02   4.2349129E-03   4.3861288E-03
   1.5496602E+03   5.0300000E+02   4.7100000E+02   3.1162835E-03   3.3282277E-03
   1.5496677E+03   5.0100000E+02   4.7600000E+02   3.8557704E-03   4.0590343E-03
   1.5496752E+03   5.6700000E+02   5.4100000E+02   5.5494544E-04   5.5155457E-04
   1.5496828E+03   5.4600000E+02   5.0600000E+02   1.9788387E-03   2.1368476E-03
   1.5496903E+03   4.7900000E+02   4.4700000E+02   4.2991927E-03   4.6069523E-03
   1.5496978E+03   5.0400000E+02   4.5400000E+02   4.7178237E-03   5.2360333E-03
   1.5497053E+03   4.7400000E+02   4.3100000E+02   2.0578890E-03   2.2622012E-03
   1.5497129E+03   4.9400000E+02   4.4000000E+02   6.2476286E-04   7.0134011E-04
   1.5497204E+03   5.0300000E+02   4.4200000E+02   3.0610809E-03   3.4839690E-03
   1.5497279E+03   5.2700000E+02   4.4600000E+02   2.2812842E-03   2.6968837E-03
   1.5497355E+03   5.6400000E+02   4.5900000E+02   3.1210784E-03   3.8355811E-03
   1.5497430E+03   5.4000000E+02   4.5400000E+02   5.3029455E-03   6.2673202E-03
   1.5497505E+03   5.3700000E+02   4.3300000E+02   2.3699155E-03   2.9735714E-03
   1.5497580E+03   5.7200000E+02   4.5800000E+02   7.6776979E-04   9.5865056E-04
   1.5497656E+03   5.4000000E+02   4.1600000E+02   9.0157965E-05   1.1780278E-04
   1.5497731E+03   5.8600000E+02   4.6200000E+02   1.5537182E-03   1.9657428E-03
   1.5497806E+03   6.1300000E+02   4.7400000E+02   8.1056813E-04   1.0486798E-03
   1.5497882E+03   6.1700000E+02   4.8300000E+02   1.0058726E-03   1.2819607E-03
   1.5497957E+03   6.5500000E+02   4.9500000E+02   1.3826670E-03   1.8952256E-03
   1.5498032E+03   6.1900000E+02   4.6900000E+02   1.7031880E-03   2.2488507E-03
   1.5498107E+03   6.3800000E+02   4.8200000E+02   5.6443948E-04   8.3323170E-04
   1.5498183E+03   6.8400000E+02   5.2100000E+02   1.0430823E-03   1.3693672E-03
   1.5498258E+03   7.1800000E+02   5.4500000E+02   9.2307165E-04   1.2148170E-03
   1.5498333E+03   6.8500000E+02   5.0300000E+02   7.5795475E-04   1.1105250E-03
   1.5498409E+03   7.4300000E+02   5.5400000E+02   1.8251514E-03   2.3774399E-03
   1.5498484E+03   7.9600000E+02   6.2800000E+02   1.2000908E-03   1.4617085E-03
   1.5498559E+03   8.0000000E+02   6.1500000E+02   4.0676747E-04   3.8270081E-04
   1.5498634E+03   7.2600000E+02   5.6400000E+02   7.4775629E-04   7.1313887E-04
   1.5498710E+03   8.1200000E+02   5.9600000E+02   8.4791785E-04   1.1437598E-03
   1.5498785E+03   8.4100000E+02   6.5200000E+02   9.8624268E-04   1.1743307E-03
   1.5498860E+03   8.1600000E+02   6.4100000E+02   1.1243287E-03   1.2515424E-03
   1.5498936E+03   8.7200000E+02   6.7000000E+02   1.6515919E-03   2.0762081E-03
   1.5499011E+03   8.8500000E+02   6.9600000E+02   4.3200912E-04   6.5618933E-04
   1.5499086E+03   9.3000000E+02   7.2000000E+02   9.4653981E-04   1.3454472E-03
   1.5499161E+03   9.2500000E+02   7.1400000E+02   1.1145714E-03   1.4119008E-03
   1.5499237E+03   9.3600000E+02   7.3200000E+02   1.0427558E-03   1.3312826E-03
   1.5499312E+03   9.8000000E+02   7.6100000E+02   1.0161024E-03   1.3126831E-03
   1.5499387E+03   9.2500000E+02   7.2600000E+02   9.0839812E-04   1.0667926E-03
   1.5499463E+03   9.4400000E+02   7.3300000E+02   9.4392657E-04   1.2478621E-03
   1.5499538E+03   1.0200000E+03   7.9200000E+02   1.0602126E-03   1.4564244E-03
   1.5499613E+03   9.9200000E+02   7.7300000E+02   8.0401307E-04   1.0921206E-03
   1.5499688E+03   1.0970000E+03   8.7400000E+02   7.0162802E-04   5.6081291E-04
   1.5499764E+03   1.1270000E+03   8.6200000E+02   1.7802806E-04   3.2729189E-04
   1.5499839E+03   1.0580000E+03   8.4000000E+02   3.8174886E-04   4.6655015E-04
   1.5499914E+03   1.1280000E+03   8.8300000E+02   1.4985554E-04   3.1135510E-04
   1.5499990E+03   1.1590000E+03   9.0000000E+02   1.5111443E-04   7.1991060E-05
   1.5500065E+03   1.1440000E+03   9.0900000E+02   2.0937237E-04   1.7472940E-04
   1.5500140E+03   1.2300000E+03   9.7900000E+02   1.0193984E-03   1.3733306E-03
   1.5500215E+03   1.2080000E+03   9.7000000E+02   6.4596376E-04   7.8146918E-04
   1.5500291E+03   1.2620000E+03   9.9300000E+02   2.4757067E-04   2.2812707E-04
   1.5500366E+03   1.2380000E+03   9.8200000E+02   5.5819174E-04   8.8057392E-04
   1.5500441E+03   1.3040000E+03   1.0430000E+03   1.4086835E-03   1.6880554E-03
   1.5500517E+03   1.3290000E+03   1.0730000E+03   3.4752258E-04   4.1190972E-04
   1.5500592E+03   1.3610000E+03   1.0810000E+03   2.9019932E-04   2.9735537E-04
   1.5500667E+03   1.3890000E+03   1.1070000E+03   6.2569272E-04   6.9274127E-04
   1.5500742E+03   1.3800000E+03   1.0720000E+03   4.6597641E-04   1.8522049E-04
   1.5500818E+03   1.3700000E+03   1.0920000E+03   4.6229425E-04   5.7653686E-04
   1.5500893E+03   1.4130000E+03   1.1520000E+03   4.5338642E-04   6.3170583E-04
   1.5500968E+03   1.4020000E+03   1.1370000E+03   3.9530826E-04   3.8428952E-04
   1.5501044E+03   1.5150000E+03   1.2050000E+03   1.8200500E-04   2.6582840E-04
   1.5501119E+03   1.4930000E+03   1.2070000E+03   3.3698686E-04   4.9228561E-04
   1.5501194E+03   1.4970000E+03   1.1930000E+03   4.2218313E-04   5.4767134E-04
   1.5501269E+03   1.4990000E+03   1.1730000E+03   3.1602434E-04   4.2556816E-04
   1.5501345E+03   1.5420000E+03   1.2490000E+03   3.7668953E-04   1.5186546E-04
   1.5501420E+03   1.6170000E+03   1.2990000E+03   3.8038321E-04   1.9527308E-04
   1.5501495E+03   1.6070000E+03   1.2790000E+03   4.7538453E-04   5.8381569E-04
   1.5501571E+03   1.6930000E+03   1.3270000E+03   2.7784255E-04   3.1908171E-04
   1.5501646E+03   1.6770000E+03   1.3110000E+03   5.8087693E-04   6.7754056E-04
   1.5501721E+03   1.6990000E+03   1.3280000E+03   1.0683908E-04   1.4567716E-04
   1.5501796E+03   1.7540000E+03   1.4190000E+03   3.2382626E-04   4.6453356E-04
   1.5501872E+03   1.8400000E+03   1.4540000E+03   1.8414925E-04   1.7144883E-04
   1.5501947E+03   1.8220000E+03   1.4570000E+03   1.9441414E-04   3.2321266E-04
   1.5502022E+03   1.9160000E+03   1.4960000E+03   5.5391469E-05   2.6221229E-05
   1.5502097E+03   1.8900000E+03   1.4960000E+03   1.7617789E-04   1.4374401E-04
   1.5502173E+03   1.9250000E+03   1.5100000E+03   2.0860378E-04   1.4889065E-04
   1.5502248E+03   1.9020000E+03   1.5370000E+03   4.0260023E-04   5.3033613E-04
   1.5502323E+03   1.9160000E+03   1.5370000E+03   1.1346750E-04   3.1217264E-04
   1.5502399E+03   2.1130000E+03   1.6570000E+03   5.7341461E-05   5.7782545E-05
   1.5502474E+03   2.0990000E+03   1.6170000E+03   3.2871245E-04   1.6055476E-04
   1.5502549E+03   2.0960000E+03   1.6300000E+03   1.3205019E-04   3.8756481E-04
   1.5502624E+03   2.2810000E+03   1.7490000E+03   2.9966195E-04   3.5221705E-04
   1.5502700E+03   2.2460000E+03   1.6950000E+03   1.3709099E-04   3.7427646E-05
   1.5502775E+03   2.3100000E+03   1.7110000E+03   1.4022506E-04   1.0727529E-04
   1.5502850E+03   2.2700000E+03   1.7010000E+03   1.7936861E-04   2.1637595E-04
   1.5502926E+03   2.5180000E+03   1.8550000E+03   3.1379576E-04   4.1737660E-04
   1.5503001E+03   2.5750000E+03   1.8940000E+03   2.4930073E-04   2.1728163E-04
   1.5503076E+03   2.6390000E+03   1.8780000E+03   1.9684805E-04   2.0862673E-04
   1.5503151E+03   2.6980000E+03   1.8780000E+03   1.8516589E-04   6.6491988E-05
   1.5503227E+03   2.8030000E+03   1.9100000E+03   1.6221785E-04   2.2476175E-04
   1.5503302E+03   2.9280000E+03   1.9380000E+03   8.8384503E-05   1.2561638E-04
   1.5503377E+03   3.0330000E+03   1.9370000E+03   2.3893245E-04   2.0091430E-04
   1.5503453E+03   3.1560000E+03   2.0260000E+03   1.5094756E-04   2.4560367E-04
   1.5503528E+03   3.3140000E+03   2.0380000E+03   1.8472424E-04   3.4837501E-04
   1.5503603E+03   3.3130000E+03   2.0840000E+03   1.6887836E-04   2.1693144E-04
   1.5503678E+03   3.4930000E+03   2.0620000E+03   3.3824883E-04   5.3519402E-04
   1.5503754E+03   3.6340000E+03   2.1730000E+03   2.8884074E-04   2.2002651E-04
   1.5503829E+03   3.7710000E+03   2.2920000E+03   2.8516959E-04   2.8212206E-04
   1.5503904E+03   3.7670000E+03   2.2000000E+03   1.2125454E-04   8.6737451E-05
   1.5503980E+03   4.0170000E+03   2.4090000E+03   1.8875543E-04   1.0368884E-04
   1.5504055E+03   3.9660000E+03   2.3780000E+03   2.4317006E-04   2.3050888E-04
   1.5504130E+03   4.1090000E+03   2.4970000E+03   3.1754009E-04   4.5525783E-04
   1.5504205E+03   4.2570000E+03   2.5890000E+03   1.9403907E-04   2.2444893E-04
   1.5504281E+03   4.4260000E+03   2.6560000E+03   3.6235903E-05   1.3614145E-04
   1.5504356E+03   4.4790000E+03   2.7560000E+03   5.4264400E-05   2.4842098E-04
   1.5504431E+03   4.5290000E+03   2.7790000E+03   3.7225180E-05   2.2490666E-04
   1.5504507E+03   4.6780000E+03   2.9210000E+03   1.2963552E-04   1.4736145E-04
   1.5504582E+03   4.6220000E+03   2.9200000E+03   2.5079374E-04   3.6093547E-04
   1.5504657E+03   4.7560000E+03   3.0440000E+03   1.4451288E-04   3.0384973E-04
   1.5504732E+03   4.8780000E+03   3.1710000E+03   2.9743206E-04   2.9012327E-04
   1.5504808E+03   4.9140000E+03   3.1890000E+03   3.1747939E-04   2.7230780E-04
   1.5504883E+03   5.1220000E+03   3.3380000E+03   2.1504259E-04   1.6514555E-04
   1.5504958E+03   5.1080000E+03   3.3670000E+03   1.1697738E-04   2.1177618E-04
   1.5505034E+03   5.2290000E+03   3.5340000E+03   1.0715547E-04   1.6897790E-04
   1.5505109E+03   5.5290000E+03   3.7590000E+03   9.4908512E-05   3.9062799E-04
   1.5505184E+03   5.4100000E+03   3.6540000E+03   1.7695056E-04   2.2319508E-04
   1.5505259E+03   5.6540000E+03   3.8580000E+03   8.0618508E-05   6.7898067E-05
   1.5505335E+03   5.6690000E+03   3.8600000E+03   1.2680814E-04   1.8524901E-04
   1.5505410E+03   5.7950000E+03   3.9630000E+03   3.9641557E-04   5.6944344E-04
   1.5505485E+03   5.8360000E+03   3.9970000E+03   8.5523696E-05   3.8618374E-05
   1.5505561E+03   5.8690000E+03   4.0210000E+03   2.6582066E-04   3.7559956E-04
   1.5505636E+03   6.0840000E+03   4.1710000E+03   3.2327372E-04   2.6310568E-04
   1.5505711E+03   6.1050000E+03   4.1920000E+03   1.8246393E-04   2.5040220E-05
   1.5505786E+03   6.1070000E+03   4.3470000E+03   1.1657842E-04   1.6457308E-04
   1.5505862E+03   6.2870000E+03   4.3480000E+03   1.4989586E-04   2.4530909E-04
   1.5505937E+03   6.2920000E+03   4.4720000E+03   1.2483888E-04   1.4235402E-04
   1.5506012E+03   6.4420000E+03   4.4830000E+03   8.4555220E-05   9.4978606E-05
   1.5506087E+03   6.5880000E+03   4.6870000E+03   7.6542519E-05   1.0017308E-04
   1.5506163E+03   6.5010000E+03   4.6320000E+03   4.9187240E-05   1.0133073E-04
   1.5506238E+03   6.6720000E+03   4.6670000E+03   2.1577453E-04   2.6468639E-04
   1.5506313E+03   6.7260000E+03   4.7440000E+03   1.7853896E-04   2.8840541E-04
   1.5506389E+03   7.0200000E+03   4.9720000E+03   2.9017938E-04   2.7549162E-04
   1.5506464E+03   6.9300000E+03   5.0110000E+03   7.2742703E-05   5.2552116E-05
   1.5506539E+03   7.1370000E+03   5.0890000E+03   1.4412987E-04   1.9422053E-04
   1.5506614E+03   7.2640000E+03   5.2370000E+03   2.7081278E-04   1.3511392E-04
   1.5506690E+03   7.1000000E+03   5.0370000E+03   2.0591188E-04   2.5218304E-04
   1.5506765E+03   7.2680000E+03   5.2620000E+03   1.9757098E-04   2.4564274E-04
   1.5506840E+03   7.2450000E+03   5.2380000E+03   1.4295454E-04   2.2095090E-04
   1.5506916E+03   7.2710000E+03   5.2970000E+03   1.7860349E-04   1.9333373E-04
   1.5506991E+03   7.5090000E+03   5.5160000E+03   1.6510918E-04   1.0448386E-04
   1.5507066E+03   7.4430000E+03   5.3510000E+03   1.6192085E-04   1.3860307E-04
   1.5507141E+03   7.5290000E+03   5.4470000E+03   1.0033528E-04   2.5409257E-04
   1.5507217E+03   7.6180000E+03   5.5080000E+03   9.3845260E-05   1.5657449E-04
   1.5507292E+03   7.7810000E+03   5.7570000E+03   7.8718440E-05   9.1997370E-05
   1.5507367E+03   7.7940000E+03   5.7210000E+03   1.1366637E-04   4.9250343E-05
   1.5507443E+03   7.8130000E+03   5.6330000E+03   5.3013548E-04   6.1774513E-04
   1.5507518E+03   7.8990000E+03   5.8520000E+03   5.2789445E-05   1.0303712E-04
   1.5507593E+03   7.9040000E+03   5.9020000E+03   3.1318768E-05   4.0776831E-05
   1.5507668E+03   8.0430000E+03   5.9430000E+03   1.2027165E-04   1.1780268E-04
   1.5507744E+03   8.1720000E+03   6.0540000E+03   1.3982545E-04   1.2692632E-04
   1.5507819E+03   8.0920000E+03   6.0320000E+03   1.7285421E-04   2.8897457E-04
   1.5507894E+03   8.1290000E+03   6.1230000E+03   9.5139928E-05   6.4871952E-05
   1.5507970E+03   8.1810000E+03   6.0860000E+03   1.3875761E-04   2.0544516E-04
   1.5508045E+03   8.2830000E+03   6.1640000E+03   6.8232289E-05   1.0471538E-04
   1.5508120E+03   8.2760000E+03   6.1290000E+03   1.4834695E-04   1.1121011E-04
   1.5508195E+03   8.5700000E+03   6.3190000E+03   4.1666135E-05   6.9713209E-05
   1.5508271E+03   8.4910000E+03   6.4090000E+03   1.0744191E-04   1.4275791E-04
   1.5508346E+03   8.4230000E+03   6.2680000E+03   6.9833820E-05   1.2477756E-04
   1.5508421E+03   8.5720000E+03   6.4070000E+03   1.7504060E-04   2.4225303E-04
   1.5508497E+03   8.6610000E+03   6.4780000E+03   1.1849666E-04   9.7032999E-05
   1.5508572E+03   8.7050000E+03   6.6150000E+03   1.5308811E-04   2.0985621E-04
   1.5508647E+03   8.8010000E+03   6.6010000E+03   1.9727314E-04   1.6948560E-04
   1.5508722E+03   8.9160000E+03   6.6340000E+03   7.8015319E-05   2.0137467E-04
   1.5508798E+03   8.8840000E+03   6.6530000E+03   1.4657005E-04   1.4797676E-04
   1.5508873E+03   8.9210000E+03   6.6620000E+03   1.5067240E-04   2.4046234E-04
   1.5508948E+03   8.9230000E+03   6.7090000E+03   1.9528582E-04   2.4183701E-04
   1.5509024E+03   8.9560000E+03   6.7070000E+03   1.7179772E-04   2.1433697E-04
   1.5509099E+03   8.7430000E+03   6.5440000E+03   2.8867003E-04   2.6462042E-04
   1.5509174E+03   9.1510000E+03   6.8450000E+03   1.2913284E-04   1.6986730E-04
   1.5509249E+03   9.1000000E+03   6.7770000E+03   9.0754391E-05   1.8613985E-04
   1.5509325E+03   8.9890000E+03   6.7630000E+03   1.8645320E-04   2.5039102E-04
   1.5509400E+03   9.1840000E+03   6.8240000E+03   6.2505686E-05   1.6382591E-04
   1.5509475E+03   9.0610000E+03   6.7490000E+03   1.1384368E-04   1.1970150E-04
   1.5509551E+03   9.1560000E+03   6.8620000E+03   2.1228740E-04   2.0054195E-04
   1.5509626E+03   9.3970000E+03   7.0190000E+03   1.2628573E-04   1.1072915E-04
   1.5509701E+03   9.4110000E+03   7.0810000E+03   1.0058234E-04   1.5009034E-04
   1.5509776E+03   9.2920000E+03   6.8740000E+03   2.1593883E-04   3.7482497E-04
   1.5509852E+03   9.3090000E+03   6.9630000E+03   1.6177314E-05   8.9718772E-05
   1.5509927E+03   9.3940000E+03   7.0120000E+03   8.3833166E-05   1.0146473E-04
   1.5510002E+03   9.4240000E+03   7.0360000E+03   1.2254110E-04   1.3441383E-04
   1.5510078E+03   9.2490000E+03   6.8810000E+03   2.2921907E-04   3.1392682E-04
   1.5510153E+03   9.5940000E+03   7.0680000E+03   1.4545352E-04   2.1347058E-04
   1.5510228E+03   9.3930000E+03   6.9910000E+03   2.3506270E-04   3.3871602E-04
   1.5510303E+03   9.3650000E+03   6.9930000E+03   6.4378295E-05   1.9022037E-04
   1.5510379E+03   9.4300000E+03   7.0600000E+03   2.0839018E-05   1.0623258E-04
   1.5510454E+03   9.6970000E+03   7.2070000E+03   2.2176800E-04   2.8284058E-04
   1.5510529E+03   9.6490000E+03   7.1050000E+03   2.9503130E-04   3.8220644E-04
   1.5510604E+03   9.6480000E+03   7.1240000E+03   2.3385016E-04   2.7574061E-04
   1.5510680E+03   9.4500000E+03   6.9220000E+03   1.8371967E-04   3.5429260E-04
   1.5510755E+03   9.6170000E+03   7.0580000E+03   1.1321832E-04   2.1773775E-04
   1.5510830E+03   9.6790000E+03   7.1200000E+03   8.8340618E-05   1.6440214E-04
   1.5510906E+03   9.7840000E+03   7.1760000E+03   1.8976329E-05   4.3958751E-05
   1.5510981E+03   9.8590000E+03   7.2750000E+03   2.6307419E-04   3.3123351E-04
   1.5511056E+03   9.7060000E+03   7.0730000E+03   1.1574871E-04   1.2652066E-04
   1.5511131E+03   9.5890000E+03   6.9930000E+03   2.6049322E-04   3.0565644E-04
   1.5511207E+03   9.8830000E+03   7.3020000E+03   1.5208459E-04   1.0684303E-04
   1.5511282E+03   9.6730000E+03   7.0220000E+03   1.5774225E-04   2.9461785E-04
   1.5511357E+03   9.8160000E+03   7.1600000E+03   2.5220756E-04   2.7756903E-04
   1.5511433E+03   9.8000000E+03   7.1980000E+03   9.7385934E-05   7.6916409E-05
   1.5511508E+03   9.7230000E+03   7.1470000E+03   3.4364247E-05   1.1818940E-04
   1.5511583E+03   9.7430000E+03   7.1470000E+03   1.9467520E-04   2.8944778E-04
   1.5511658E+03   9.6580000E+03   6.9650000E+03   3.4375295E-04   4.0665903E-04
   1.5511734E+03   9.7690000E+03   7.1710000E+03   6.3109118E-05   1.0732063E-04
   1.5511809E+03   9.7670000E+03   7.1080000E+03   2.2616662E-04   2.7935850E-04
   1.5511884E+03   9.7330000E+03   7.0020000E+03   2.5454722E-04   3.4986527E-04
   1.5511960E+03   9.7210000E+03   7.0250000E+03   1.2740544E-04   6.4137852E-05
   1.5512035E+03   9.6120000E+03   6.8350000E+03   1.5366018E-04   2.1848923E-04
   1.5512110E+03   9.5240000E+03   6.8630000E+03   1.3386949E-04   1.9188228E-04
   1.5512185E+03   9.7940000E+03   7.0470000E+03   2.0825090E-04   3.5157999E-04
   1.5512261E+03   9.6530000E+03   6.9130000E+03   2.4263821E-04   3.7892245E-04
   1.5512336E+03   9.7150000E+03   6.8470000E+03   2.5340305E-04   3.9786740E-04
   1.5512411E+03   9.6580000E+03   6.8420000E+03   2.6465283E-04   3.0548427E-04
   1.5512487E+03   9.7040000E+03   6.8990000E+03   2.0443876E-04   2.4614358E-04
   1.5512562E+03   9.6110000E+03   6.8390000E+03   3.1088176E-04   3.3052001E-04
   1.5512637E+03   9.6590000E+03   6.7690000E+03   2.0292622E-04   2.6551968E-04
   1.5512712E+03   9.4430000E+03   6.6600000E+03   2.3043712E-04   2.6624978E-04
   1.5512788E+03   9.4530000E+03   6.6550000E+03   2.2671533E-04   3.3266459E-04
   1.5512863E+03   9.4240000E+03   6.6510000E+03   1.2805098E-04   1.4134635E-04
   1.5512938E+03   9.3430000E+03   6.4640000E+03   1.4305609E-04   1.9239737E-04
   1.5513014E+03   9.3970000E+03   6.5620000E+03   1.8951161E-04   2.9210970E-04
   1.5513089E+03   9.3960000E+03   6.5620000E+03   1.0068958E-04   2.0142978E-04
   1.5513164E+03   9.5360000E+03   6.5880000E+03   1.9715752E-04   2.6220259E-04
   1.5513239E+03   9.3900000E+03   6.4690000E+03   2.6459663E-04   4.4917971E-04
   1.5513315E+03   9.1890000E+03   6.2880000E+03   1.9924370E-04   2.9385493E-04
   1.5513390E+03   9.3430000E+03   6.3920000E+03   2.4516786E-04   3.8180732E-04
   1.5513465E+03   9.1510000E+03   6.2160000E+03   1.4412241E-04   1.8513651E-04
   1.5513541E+03   9.2000000E+03   6.2040000E+03   1.2125980E-04   1.9596986E-04
   1.5513616E+03   9.0220000E+03   6.0100000E+03   1.2984605E-04   3.6618271E-04
   1.5513691E+03   8.9980000E+03   5.9890000E+03   9.9187369E-05   1.5247531E-04
   1.5513766E+03   9.0140000E+03   5.9200000E+03   1.5020521E-04   1.7364030E-04
   1.5513842E+03   9.0160000E+03   5.8420000E+03   5.8958640E-05   1.3871526E-04
   1.5513917E+03   8.7590000E+03   5.6910000E+03   2.5523226E-05   1.3709787E-04
   1.5513992E+03   8.7520000E+03   5.6320000E+03   1.9620874E-04   3.0795208E-04
   1.5514068E+03   9.1260000E+03   5.8300000E+03   3.5809105E-04   4.6907856E-04
   1.5514143E+03   8.7070000E+03   5.6010000E+03   5.2898786E-05   1.8284611E-04
   1.5514218E+03   8.8000000E+03   5.5530000E+03   1.3983579E-04   1.2843656E-04
   1.5514293E+03   8.8140000E+03   5.5290000E+03   5.2418892E-04   8.3197584E-04
   1.5514369E+03   8.5020000E+03   5.2620000E+03   2.4782887E-04   1.8063088E-04
   1.5514444E+03   8.5560000E+03   5.3720000E+03   6.9628040E-05   5.4701636E-05
   1.5514519E+03   8.4050000E+03   5.2940000E+03   1.6844794E-04   2.6928278E-04
   1.5514595E+03   8.2150000E+03   5.1870000E+03   6.3864813E-05   2.0623335E-04
   1.5514670E+03   8.2930000E+03   5.1800000E+03   1.6903152E-04   2.4297515E-04
   1.5514745E+03   8.0020000E+03   5.0780000E+03   4.2748166E-04   7.4810631E-04
   1.5514820E+03   8.0750000E+03   5.0630000E+03   4.2486332E-04   6.3534096E-04
   1.5514896E+03   7.9860000E+03   5.0640000E+03   1.4522682E-04   1.4620838E-04
   1.5514971E+03   7.8820000E+03   5.0310000E+03   2.6567329E-04   3.0641352E-04
   1.5515046E+03   7.7590000E+03   4.9250000E+03   1.9885486E-04   2.7785479E-04
   1.5515122E+03   7.6950000E+03   4.8930000E+03   2.5324275E-04   4.2022627E-04
   1.5515197E+03   7.6230000E+03   4.9750000E+03   6.5341594E-05   2.2609777E-04
   1.5515272E+03   7.5230000E+03   4.8200000E+03   3.3467199E-04   5.4008911E-04
   1.5515347E+03   7.3990000E+03   4.7900000E+03   1.4960635E-04   2.7472307E-04
   1.5515423E+03   7.3600000E+03   4.8530000E+03   1.2660910E-04   5.1933341E-05
   1.5515498E+03   7.2700000E+03   4.7260000E+03   1.3049892E-04   2.9497719E-04
   1.5515573E+03   7.0100000E+03   4.6610000E+03   6.2133251E-04   8.9285049E-04
   1.5515648E+03   7.0810000E+03   4.7200000E+03   3.3121784E-04   5.1995809E-04
   1.5515724E+03   6.9240000E+03   4.5880000E+03   9.4860371E-05   1.9424470E-04
   1.5515799E+03   6.9220000E+03   4.5670000E+03   1.2941938E-04   2.4188337E-04
   1.5515874E+03   6.8200000E+03   4.5320000E+03   2.0170741E-04   2.1842458E-04
   1.5515950E+03   6.9960000E+03   4.6880000E+03   1.8106357E-04   4.4959428E-04
   1.5516025E+03   6.6270000E+03   4.3470000E+03   6.7892143E-05   4.2923245E-04
   1.5516100E+03   6.7130000E+03   4.4910000E+03   1.5205874E-04   1.8613997E-04
   1.5516175E+03   6.7270000E+03   4.4540000E+03   1.5921807E-04   2.9681358E-04
   1.5516251E+03   6.8030000E+03   4.5310000E+03   4.1184663E-04   5.1259821E-04
   1.5516326E+03   6.6070000E+03   4.3780000E+03   2.2196107E-04   5.6129129E-04
   1.5516401E+03   6.6140000E+03   4.3530000E+03   3.9606690E-04   2.3456090E-04
   1.5516477E+03   6.3930000E+03   4.1860000E+03   4.2377182E-04   6.2592620E-04
   1.5516552E+03   6.5990000E+03   4.3820000E+03   1.5490434E-04   1.0942971E-04
   1.5516627E+03   6.3730000E+03   4.1640000E+03   2.7765290E-04   3.3693392E-04
   1.5516702E+03   6.3970000E+03   4.1610000E+03   3.5535283E-04   4.2096039E-04
   1.5516778E+03   6.2670000E+03   4.1540000E+03   3.1992070E-04   4.5860073E-04
   1.5516853E+03   6.2850000E+03   4.0830000E+03   3.4468394E-04   2.3397099E-04
   1.5516928E+03   6.3480000E+03   4.1610000E+03   3.8178965E-04   3.2379982E-04
   1.5517004E+03   6.2680000E+03   4.1390000E+03   2.4779238E-04   3.2880446E-04
   1.5517079E+03   6.1530000E+03   4.0170000E+03   2.3751085E-04   2.4386171E-04
   1.5517154E+03   6.1260000E+03   3.9980000E+03   2.1275478E-04   2.6430732E-04
   1.5517229E+03   6.1640000E+03   4.0830000E+03   1.0633249E-04   2.1151614E-04
   1.5517305E+03   6.0780000E+03   4.0310000E+03   2.1702304E-04   1.1720728E-04
   1.5517380E+03   6.0330000E+03   3.9860000E+03   3.5756140E-04   5.5495370E-04
   1.5517455E+03   6.1150000E+03   3.9970000E+03   4.1651035E-04   5.4818383E-04
   1.5517531E+03   5.9990000E+03   3.9780000E+03   8.7419158E-05   1.7289362E-04
   1.5517606E+03   6.0390000E+03   3.9290000E+03   2.5928058E-04   2.4924964E-04
   1.5517681E+03   5.9610000E+03   3.8070000E+03   3.8619135E-04   4.5488583E-04
   1.5517756E+03   5.8770000E+03   3.9100000E+03   8.0535212E-05   1.8612734E-04
   1.5517832E+03   5.7730000E+03   3.7610000E+03   5.2515146E-04   6.9427795E-04
   1.5517907E+03   5.7750000E+03   3.8240000E+03   1.3608668E-04   2.5042951E-04
   1.5517982E+03   5.7540000E+03   3.7470000E+03   3.7239517E-04   2.8170581E-04
   1.5518058E+03   5.7930000E+03   3.7420000E+03   4.4565760E-04   3.3085345E-04
   1.5518133E+03   5.7400000E+03   3.7520000E+03   2.3884313E-04   2.4799600E-04
   1.5518208E+03   5.7980000E+03   3.7380000E+03   8.5026172E-05   1.5586838E-04
   1.5518283E+03   5.7120000E+03   3.7250000E+03   4.5565434E-04   4.8527790E-04
   1.5518359E+03   5.6860000E+03   3.6730000E+03   3.7036932E-04   5.6273928E-04
   1.5518434E+03   5.6240000E+03   3.5720000E+03   4.4043348E-04   7.3294454E-04
   1.5518509E+03   5.5370000E+03   3.5420000E+03   6.4850208E-04   7.2925694E-04
   1.5518585E+03   5.5540000E+03   3.5590000E+03   2.9898003E-04   5.1546191E-04
   1.5518660E+03   5.4920000E+03   3.5540000E+03   1.0053195E-04   5.7742157E-05
   1.5518735E+03   5.6850000E+03   3.5880000E+03   2.4405974E-04   2.8396717E-04
   1.5518810E+03   5.5560000E+03   3.5570000E+03   9.3599510E-05   1.1513206E-04
   1.5518886E+03   5.4360000E+03   3.5100000E+03   4.8622353E-04   8.4778743E-04
   1.5518961E+03   5.5150000E+03   3.5230000E+03   1.3442387E-04   7.8037418E-05
   1.5519036E+03   5.5980000E+03   3.5550000E+03   7.2003534E-05   1.4491894E-04
   1.5519112E+03   5.3470000E+03   3.3500000E+03   1.9169915E-04   2.0177402E-04
   1.5519187E+03   5.3380000E+03   3.3100000E+03   3.5404401E-04   6.8883047E-04
   1.5519262E+03   5.3080000E+03   3.3460000E+03   3.1141011E-04   4.7795688E-04
   1.5519337E+03   5.2210000E+03   3.2000000E+03   3.6693222E-04   5.4174014E-04
   1.5519413E+03   5.2670000E+03   3.3330000E+03   5.2507195E-04   6.9913322E-04
   1.5519488E+03   5.2500000E+03   3.3030000E+03   6.7759937E-04   7.2282118E-04
   1.5519563E+03   5.0740000E+03   3.1570000E+03   2.2779406E-04   4.7806267E-04
   1.5519638E+03   5.3730000E+03   3.3250000E+03   2.6324342E-04   4.7058323E-04
   1.5519714E+03   5.1860000E+03   3.2700000E+03   2.8796586E-04   3.4750297E-04
   1.5519789E+03   5.2090000E+03   3.1910000E+03   9.4590999E-05   2.7776224E-04
   1.5519864E+03   5.0650000E+03   3.1750000E+03   1.4243843E-04   2.0618560E-04
   1.5519940E+03   5.1390000E+03   3.1560000E+03   2.5613492E-04   3.0983973E-04
   1.5520015E+03   5.0750000E+03   3.2150000E+03   4.8764943E-04   8.0712599E-04
   1.5520090E+03   5.0650000E+03   3.1280000E+03   5.1477326E-04   5.8338974E-04
   1.5520165E+03   5.1970000E+03   3.2250000E+03   3.9629553E-04   6.7725866E-04
   1.5520241E+03   5.0040000E+03   3.0830000E+03   4.3704557E-04   5.2065112E-04
   1.5520316E+03   4.9780000E+03   3.1330000E+03   2.3529887E-04   4.7110870E-04
   1.5520391E+03   5.0980000E+03   3.1880000E+03   3.9856530E-04   7.3708006E-04
   1.5520467E+03   4.9560000E+03   3.1400000E+03   4.1722186E-04   6.2707540E-04
   1.5520542E+03   4.9120000E+03   3.1040000E+03   3.0335983E-04   5.3203658E-04
   1.5520617E+03   4.9070000E+03   3.0470000E+03   1.7177243E-04   2.6085265E-04
   1.5520692E+03   4.9080000E+03   3.1030000E+03   5.3452921E-04   1.0017677E-03
   1.5520768E+03   4.9000000E+03   3.1260000E+03   4.1556895E-04   5.4719497E-04
   1.5520843E+03   4.7340000E+03   3.0580000E+03   3.4789508E-04   4.4586484E-04
   1.5520918E+03   4.8040000E+03   3.0980000E+03   1.7578967E-04   3.0137378E-04
   1.5520994E+03   4.8230000E+03   3.0820000E+03   3.7223710E-04   3.2070023E-04
   1.5521069E+03   4.9250000E+03   3.0910000E+03   4.6060712E-04   5.3735244E-04
   1.5521144E+03   4.7470000E+03   3.1310000E+03   4.6040523E-05   2.0842909E-04
   1.5521219E+03   4.8530000E+03   3.1460000E+03   2.2409246E-04   3.3911815E-04
   1.5521295E+03   4.7710000E+03   3.0940000E+03   4.0901865E-05   3.5386865E-05
   1.5521370E+03   4.7390000E+03   3.0000000E+03   3.9788346E-04   5.6001688E-04
   1.5521445E+03   4.7550000E+03   2.9940000E+03   3.4711499E-04   4.7774640E-04
   1.5521521E+03   4.7590000E+03   3.0010000E+03   2.3986788E-04   3.3511838E-04
   1.5521596E+03   4.7290000E+03   2.9720000E+03   4.2212014E-04   5.5914526E-04
   1.5521671E+03   4.8490000E+03   3.0530000E+03   4.2641448E-04   4.7049244E-04
   1.5521746E+03   4.6400000E+03   3.0210000E+03   1.2273578E-04   1.6859567E-04
   1.5521822E+03   4.7250000E+03   2.9990000E+03   6.5186635E-04   8.7392122E-04
   1.5521897E+03   4.7450000E+03   3.0660000E+03   2.7513848E-04   3.4282183E-04
   1.5521972E+03   4.6780000E+03   3.0070000E+03   3.6854539E-04   7.2893844E-04
   1.5522048E+03   4.6980000E+03   3.0170000E+03   2.8086599E-04   3.1747879E-04
   1.5522123E+03   4.6770000E+03   3.0090000E+03   3.0008148E-04   5.7001886E-04
   1.5522198E+03   4.7260000E+03   3.0300000E+03   1.2226057E-04   2.1761459E-04
   1.5522273E+03   4.7570000E+03   3.0540000E+03   3.8828577E-04   6.0217844E-04
   1.5522349E+03   4.6940000E+03   3.0230000E+03   3.9740195E-04   4.2993122E-04
   1.5522424E+03   4.6990000E+03   2.9910000E+03   3.4819629E-04   4.4335913E-04
   1.5522499E+03   4.6710000E+03   2.9390000E+03   2.3643483E-04   3.2445732E-04
   1.5522575E+03   4.7920000E+03   3.0190000E+03   2.0415890E-04   3.8537112E-04
   1.5522650E+03   4.7890000E+03   3.0410000E+03   2.7827566E-04   3.8194555E-04
   1.5522725E+03   4.7490000E+03   3.0540000E+03   4.4504889E-04   7.8612590E-04
   1.5522800E+03   4.6020000E+03   2.9550000E+03   1.3237177E-04   2.0538432E-04
   1.5522876E+03   4.6390000E+03   2.9220000E+03   3.7324253E-04   7.5194331E-04
   1.5522951E+03   4.7400000E+03   2.9610000E+03   1.6955494E-04   1.0601248E-04
   1.5523026E+03   4.7500000E+03   3.0530000E+03   3.9115464E-04   6.3701484E-04
   1.5523102E+03   4.8230000E+03   3.0580000E+03   5.7563281E-04   8.3664145E-04
   1.5523177E+03   4.7090000E+03   2.9540000E+03   4.8447265E-04   9.1188961E-04
   1.5523252E+03   4.7220000E+03   2.9410000E+03   5.1332241E-04   6.8839620E-04
   1.5523327E+03   4.7820000E+03   3.1070000E+03   6.5280276E-05   1.6443433E-04
   1.5523403E+03   4.7270000E+03   2.9750000E+03   4.3648284E-04   6.3882612E-04
   1.5523478E+03   4.7500000E+03   3.0510000E+03   3.5361435E-04   6.8927492E-04
   1.5523553E+03   4.7380000E+03   3.0020000E+03   1.6304221E-04   4.1675234E-04
   1.5523629E+03   4.4970000E+03   2.8470000E+03   2.6932134E-04   2.9437501E-04
   1.5523704E+03   4.5110000E+03   2.8410000E+03   2.8728488E-04   6.0139405E-04
   1.5523779E+03   4.7110000E+03   2.9900000E+03   8.3558632E-05   8.2636661E-05
   1.5523854E+03   4.6740000E+03   2.9860000E+03   2.4317309E-04   2.7591615E-04
   1.5523930E+03   4.5790000E+03   2.9240000E+03   3.7620817E-04   6.1955001E-04
   1.5524005E+03   4.6240000E+03   2.9340000E+03   6.5829340E-04   1.0786650E-03
   1.5524080E+03   4.6400000E+03   2.9850000E+03   2.6349494E-04   4.5150326E-04
   1.5524155E+03   4.6000000E+03   2.9400000E+03   4.4347702E-05   6.0516022E-05
   1.5524231E+03   4.5440000E+03   2.8840000E+03   1.2986694E-04   1.9498432E-04
   1.5524306E+03   4.5380000E+03   2.9380000E+03   1.7286226E-04   2.7353654E-04
   1.5524381E+03   4.6000000E+03   2.8460000E+03   3.3441681E-04   6.0141176E-04
   1.5524457E+03   4.5470000E+03   2.9660000E+03   5.0714035E-04   7.1753921E-04
   1.5524532E+03   4.5450000E+03   2.8940000E+03   2.2428190E-04   2.8586268E-04
   1.5524607E+03   4.6620000E+03   3.0180000E+03   6.0509439E-04   9.1381105E-04
   1.5524682E+03   4.5880000E+03   2.9170000E+03   2.5205579E-04   3.5636519E-04
   1.5524758E+03   4.5830000E+03   2.9390000E+03   3.9569269E-04   5.8478686E-04
   1.5524833E+03   4.5700000E+03   2.9110000E+03   1.6450087E-04   2.7901736E-04
   1.5524908E+03   4.6900000E+03   3.0210000E+03   5.1535305E-05   8.9160533E-05
   1.5524984E+03   4.5710000E+03   2.9010000E+03   4.2501316E-04   3.0988253E-04
   1.5525059E+03   4.7160000E+03   3.0030000E+03   2.7398662E-04   4.2538872E-04
   1.5525134E+03   4.5310000E+03   2.8930000E+03   3.0504365E-04   3.3886972E-04
   1.5525209E+03   4.5470000E+03   2.8850000E+03   4.7772425E-04   8.1669276E-04
   1.5525285E+03   4.5230000E+03   2.8910000E+03   2.2619416E-05   7.0953881E-05
   1.5525360E+03   4.3670000E+03   2.8150000E+03   8.4039485E-05   1.5840106E-04
   1.5525435E+03   4.5400000E+03   2.8380000E+03   4.7462026E-04   7.5723460E-04
   1.5525511E+03   4.5240000E+03   2.8950000E+03   3.3561170E-04   3.9376842E-04
   1.5525586E+03   4.5430000E+03   2.9170000E+03   3.7539799E-04   5.8792867E-04
   1.5525661E+03   4.5110000E+03   2.8150000E+03   2.4220438E-04   3.4507235E-04
   1.5525736E+03   4.3670000E+03   2.7200000E+03   3.5972162E-04   6.4554070E-04
   1.5525812E+03   4.5450000E+03   2.8550000E+03   3.2763675E-04   6.6533641E-04
   1.5525887E+03   4.5230000E+03   2.8270000E+03   1.0226089E-04   1.7646970E-04
   1.5525962E+03   4.4880000E+03   2.8260000E+03   3.1635944E-04   3.7122886E-04
   1.5526038E+03   4.4340000E+03   2.8290000E+03   2.1066236E-04   3.4555931E-04
   1.5526113E+03   4.4770000E+03   2.8840000E+03   4.3016320E-04   5.8777035E-04
   1.5526188E+03   4.4760000E+03   2.7580000E+03   1.5140614E-04   2.3963359E-04
   1.5526263E+03   4.5850000E+03   2.9280000E+03   2.2352344E-04   3.2288345E-04
   1.5526339E+03   4.4650000E+03   2.8250000E+03   4.7576870E-04   5.0896272E-04
   1.5526414E+03   4.5660000E+03   2.9020000E+03   2.2113221E-04   3.6179715E-04
   1.5526489E+03   4.5660000E+03   2.8610000E+03   5.4801994E-04   8.3745372E-04
   1.5526565E+03   4.3950000E+03   2.7670000E+03   2.6553525E-04   3.3151790E-04
   1.5526640E+03   4.3950000E+03   2.8290000E+03   1.2308787E-04   4.3854440E-04
   1.5526715E+03   4.4790000E+03   2.8570000E+03   2.3125111E-04   2.2779189E-04
   1.5526790E+03   4.5570000E+03   2.8940000E+03   1.1757040E-04   2.4991754E-04
   1.5526866E+03   4.5000000E+03   2.8600000E+03   2.7464935E-04   3.4194903E-04
   1.5526941E+03   4.5050000E+03   2.9000000E+03   1.7623684E-04   2.7376950E-04
   1.5527016E+03   4.5020000E+03   2.8900000E+03   2.2248441E-04   4.2507471E-04
   1.5527092E+03   4.4980000E+03   2.8950000E+03   4.9403585E-04   7.3235220E-04
   1.5527167E+03   4.4320000E+03   2.8290000E+03   1.5835502E-04   3.0221544E-04
   1.5527242E+03   4.3760000E+03   2.7650000E+03   3.8154445E-04   3.4291736E-04
   1.5527317E+03   4.4670000E+03   2.8530000E+03   3.1269454E-04   4.4949400E-05
   1.5527393E+03   4.4580000E+03   2.8390000E+03   1.3900942E-04   7.0086933E-05
   1.5527468E+03   4.3560000E+03   2.7540000E+03   4.0682089E-04   6.2991708E-04
   1.5527543E+03   4.4350000E+03   2.7990000E+03   2.0148184E-04   3.3284599E-04
   1.5527619E+03   4.4800000E+03   2.8890000E+03   5.0427110E-04   5.0786004E-04
   1.5527694E+03   4.4780000E+03   2.8620000E+03   3.2259975E-04   3.7172912E-04
   1.5527769E+03   4.5000000E+03   2.7790000E+03   2.8412769E-04   4.6093907E-04
   1.5527844E+03   4.4610000E+03   2.7920000E+03   3.0750043E-05   1.0620150E-05
   1.5527920E+03   4.4820000E+03   2.8150000E+03   2.2868775E-04   1.5722843E-04
   1.5527995E+03   4.3550000E+03   2.7430000E+03   1.5139696E-04   2.4463602E-04
   1.5528070E+03   4.4880000E+03   2.7920000E+03   1.6327809E-04   3.7113447E-04
   1.5528146E+03   4.2990000E+03   2.7200000E+03   2.3419523E-04   3.9156825E-04
   1.5528221E+03   4.3640000E+03   2.7950000E+03   3.9199047E-04   2.9003305E-04
   1.5528296E+03   4.2990000E+03   2.7140000E+03   1.0317082E-04   1.6051303E-04
   1.5528371E+03   4.3680000E+03   2.7560000E+03   2.8602390E-04   4.4022418E-04
   1.5528447E+03   4.4590000E+03   2.8300000E+03   1.0500848E-04   2.6334017E-04
   1.5528522E+03   4.4240000E+03   2.7960000E+03   2.8796481E-04   4.5899012E-04
   1.5528597E+03   4.3930000E+03   2.7990000E+03   2.1070833E-04   3.4432430E-04
   1.5528673E+03   4.4210000E+03   2.7750000E+03   4.2709546E-04   4.0923100E-04
   1.5528748E+03   4.4240000E+03   2.7600000E+03   9.3146951E-05   3.0399369E-04
   1.5528823E+03   4.2980000E+03   2.7210000E+03   1.2190449E-04   1.9255623E-04
   1.5528898E+03   4.3750000E+03   2.8210000E+03   8.1150740E-04   9.9429898E-04
   1.5528974E+03   4.2950000E+03   2.7570000E+03   3.5020951E-04   3.0630830E-04
   1.5529049E+03   4.2590000E+03   2.7390000E+03   9.3795719E-05   9.6468646E-05
   1.5529124E+03   4.3290000E+03   2.7520000E+03   1.7462453E-04   2.2993551E-04
   1.5529199E+03   4.2400000E+03   2.6790000E+03   3.3083509E-04   4.2883107E-04
   1.5529275E+03   4.3450000E+03   2.7110000E+03   2.2724715E-04   3.0023908E-04
   1.5529350E+03   4.2200000E+03   2.6800000E+03   2.0500828E-04   3.2281473E-04
   1.5529425E+03   4.2780000E+03   2.6780000E+03   6.8506422E-05   1.0943632E-04
   1.5529501E+03   4.4050000E+03   2.7500000E+03   4.5417140E-04   6.3855582E-04
   1.5529576E+03   4.3910000E+03   2.8190000E+03   2.2854538E-04   3.0216611E-04
   1.5529651E+03   4.3840000E+03   2.7850000E+03   3.4280824E-04   5.3438673E-04
   1.5529726E+03   4.3630000E+03   2.7750000E+03   8.6871519E-05   1.5639182E-04
   1.5529802E+03   4.2260000E+03   2.7010000E+03   2.0719750E-04   9.6372374E-05
   1.5529877E+03   4.3490000E+03   2.7560000E+03   2.2250361E-04   2.7338517E-04
   1.5529952E+03   4.3300000E+03   2.7980000E+03   2.9539354E-04   5.1883569E-04
   1.5530028E+03   4.2340000E+03   2.6920000E+03   1.7735768E-04   2.7894963E-04
   1.5530103E+03   4.2850000E+03   2.6790000E+03   2.1590801E-04   3.6468646E-04
   1.5530178E+03   4.3660000E+03   2.7870000E+03   4.7341213E-04   8.1998940E-04
   1.5530253E+03   4.3390000E+03   2.7860000E+03   2.0178157E-04   3.1426067E-04
   1.5530329E+03   4.3250000E+03   2.7600000E+03   9.9512966E-05   1.5589855E-04
   1.5530404E+03   4.3260000E+03   2.7660000E+03   4.7245677E-04   7.4570772E-04
   1.5530479E+03   4.2870000E+03   2.7210000E+03   1.2633833E-04   1.0519729E-04
   1.5530555E+03   4.1830000E+03   2.6340000E+03   3.2981765E-04   5.2377647E-04
   1.5530630E+03   4.2230000E+03   2.6900000E+03   2.1509123E-04   2.7595114E-04
   1.5530705E+03   4.2520000E+03   2.7360000E+03   3.2095746E-05   1.2308855E-04
   1.5530780E+03   4.2930000E+03   2.7300000E+03   2.1218844E-04   2.6115945E-04
   1.5530856E+03   4.2630000E+03   2.6330000E+03   1.5983168E-04   1.6835465E-04
   1.5530931E+03   4.1930000E+03   2.6840000E+03   2.6382431E-04   1.5744598E-04
   1.5531006E+03   4.1280000E+03   2.6500000E+03   1.5750099E-04   1.0319027E-04
   1.5531082E+03   4.2630000E+03   2.7230000E+03   3.6005397E-04   5.6368347E-04
   1.5531157E+03   4.1970000E+03   2.7180000E+03   3.4957966E-04   5.3980347E-04
   1.5531232E+03   4.1330000E+03   2.5750000E+03   2.0923060E-04   3.4061066E-04
   1.5531307E+03   4.0580000E+03   2.5880000E+03   6.0245497E-04   9.3716442E-04
   1.5531383E+03   4.1140000E+03   2.6760000E+03   2.1386183E-04   2.3806911E-04
   1.5531458E+03   4.2200000E+03   2.6860000E+03   1.4752949E-04   2.3178498E-04
   1.5531533E+03   4.2140000E+03   2.6450000E+03   1.5671203E-04   2.2156314E-04
   1.5531609E+03   4.0870000E+03   2.5850000E+03   2.3378833E-04   3.1172574E-04
   1.5531684E+03   4.1230000E+03   2.6450000E+03   2.7028364E-04   4.2131548E-04
   1.5531759E+03   4.1800000E+03   2.6080000E+03   2.5420557E-04   3.2071769E-04
   1.5531834E+03   4.2310000E+03   2.7180000E+03   1.7499706E-04   2.7241080E-04
   1.5531910E+03   4.1140000E+03   2.6280000E+03   2.0307205E-04   3.2573460E-04
   1.5531985E+03   4.1790000E+03   2.6360000E+03   4.1459824E-04   4.4098654E-04
   1.5532060E+03   4.1630000E+03   2.5760000E+03   5.9605062E-05   9.6326038E-05
   1.5532136E+03   4.0880000E+03   2.5780000E+03   9.8031590E-05   1.5545118E-04
   1.5532211E+03   4.1100000E+03   2.6130000E+03   4.0361853E-04   6.3485348E-04
   1.5532286E+03   4.2200000E+03   2.6400000E+03   1.6787972E-04   2.4905866E-04
   1.5532361E+03   4.2030000E+03   2.6680000E+03   5.9298331E-05   9.6886172E-05
   1.5532437E+03   4.0700000E+03   2.6010000E+03   3.2246307E-04   4.2437524E-04
   1.5532512E+03   4.0510000E+03   2.5810000E+03   3.8883880E-04   1.8506554E-04
   1.5532587E+03   4.1130000E+03   2.6070000E+03   1.3652697E-04   2.1539525E-04
   1.5532663E+03   4.1630000E+03   2.6350000E+03   1.2636631E-04   1.0704822E-04
   1.5532738E+03   4.0610000E+03   2.6230000E+03   2.9021957E-04   4.4932584E-04
   1.5532813E+03   4.0950000E+03   2.5690000E+03   1.3903285E-04   2.2161912E-04
   1.5532888E+03   4.0550000E+03   2.6230000E+03   6.5473669E-04   1.0121835E-03
   1.5532964E+03   4.0750000E+03   2.5890000E+03   9.2387565E-05   1.4541496E-04
   1.5533039E+03   4.2110000E+03   2.6930000E+03   8.5424067E-05   7.8948520E-05
   1.5533114E+03   4.0630000E+03   2.5890000E+03   1.0604069E-04   1.3618655E-04
   1.5533189E+03   4.1370000E+03   2.6350000E+03   2.9966557E-04   3.4948607E-04
   1.5533265E+03   4.1100000E+03   2.6180000E+03   2.9059255E-04   3.5161255E-04
   1.5533340E+03   4.2150000E+03   2.7350000E+03   1.8570251E-04   2.8206226E-04
   1.5533415E+03   4.1540000E+03   2.5920000E+03   6.0116616E-04   8.5246976E-04
   1.5533491E+03   4.0270000E+03   2.5870000E+03   1.7204826E-04   3.9116113E-04
   1.5533566E+03   4.1510000E+03   2.6530000E+03   2.2488782E-04   3.5186934E-04
   1.5533641E+03   4.0910000E+03   2.6230000E+03   4.4022890E-04   6.8660939E-04
   1.5533716E+03   3.9770000E+03   2.5260000E+03   2.0459181E-04   3.2211465E-04
   1.5533792E+03   4.2240000E+03   2.6390000E+03   2.7194309E-04   2.3271589E-04
   1.5533867E+03   4.0170000E+03   2.5990000E+03   3.0620820E-04   4.5729086E-04
   1.5533942E+03   4.1300000E+03   2.6120000E+03   2.3685580E-04   3.7450784E-04
   1.5534018E+03   3.9470000E+03   2.5440000E+03   8.3879032E-05   6.1551815E-05
   1.5534093E+03   3.9690000E+03   2.5010000E+03   1.0968087E-04   1.7405974E-04
   1.5534168E+03   3.9560000E+03   2.5600000E+03   1.7353066E-04   2.6815909E-04
   1.5534243E+03   3.9540000E+03   2.5280000E+03   3.8404358E-05   6.0067576E-05
   1.5534319E+03   4.0290000E+03   2.5760000E+03   2.7799773E-04   4.2817515E-04
   1.5534394E+03   4.0710000E+03   2.6080000E+03   2.8448744E-04   3.7334517E-04
   1.5534469E+03   4.1230000E+03   2.5840000E+03   2.1630924E-04   3.2347581E-04
   1.5534545E+03   3.9900000E+03   2.5650000E+03   1.4692162E-04   2.1218062E-04
   1.5534620E+03   3.9530000E+03   2.4790000E+03   2.5783623E-04   8.1664748E-05
   1.5534695E+03   4.0210000E+03   2.5860000E+03   2.0134674E-04   3.1436167E-04
   1.5534770E+03   3.9370000E+03   2.4760000E+03   2.1982172E-04   1.5435867E-04
   1.5534846E+03   3.9620000E+03   2.5270000E+03   2.2748842E-04   1.3915394E-04
   1.5534921E+03   3.9190000E+03   2.5330000E+03   2.6332404E-04   5.7451007E-04
   1.5534996E+03   3.8940000E+03   2.5080000E+03   3.2004102E-04   5.9391455E-04
   1.5535072E+03   3.9960000E+03   2.5140000E+03   1.4588440E-04   2.3188308E-04
   1.5535147E+03   4.0550000E+03   2.5870000E+03   5.7135282E-05   8.9556848E-05
   1.5535222E+03   3.8390000E+03   2.4210000E+03   3.0308509E-04   4.7063565E-04
   1.5535297E+03   3.9920000E+03   2.5570000E+03   2.1591515E-04   1.6548520E-04
   1.5535373E+03   3.8910000E+03   2.4300000E+03   1.5132208E-04   2.2859311E-04
   1.5535448E+03   4.0280000E+03   2.5340000E+03   1.3598630E-04   1.7635219E-04
   1.5535523E+03   3.9590000E+03   2.4830000E+03   1.7666928E-04   3.4888963E-04
   1.5535599E+03   3.9310000E+03   2.5290000E+03   1.5160613E-04   3.4438290E-08
   1.5535674E+03   4.0110000E+03   2.5430000E+03   2.6179620E-04   4.1292353E-04
   1.5535749E+03   3.9740000E+03   2.5090000E+03   2.2137209E-04   1.9296276E-04
   1.5535824E+03   3.9430000E+03   2.4890000E+03   5.6072106E-05   0.0000000E+00
   1.5535900E+03   3.9120000E+03   2.5090000E+03   1.7241098E-04   3.4531019E-04
   1.5535975E+03   3.9660000E+03   2.5890000E+03   3.6473506E-04   5.5872508E-04
   1.5536050E+03   3.9420000E+03   2.4930000E+03   2.8402402E-04   4.4910657E-04
   1.5536126E+03   3.8310000E+03   2.3460000E+03   1.3991026E-04   1.8963848E-04
   1.5536201E+03   3.8440000E+03   2.4410000E+03   3.0661610E-04   4.8284813E-04
   1.5536276E+03   3.9590000E+03   2.5580000E+03   1.3713825E-04   2.1224798E-04
   1.5536351E+03   3.9270000E+03   2.4500000E+03   1.0550676E-04   1.6911226E-04
   1.5536427E+03   3.8310000E+03   2.4670000E+03   4.0796110E-04   3.7936026E-04
   1.5536502E+03   3.9400000E+03   2.5190000E+03   1.7646909E-04   2.7601756E-04
   1.5536577E+03   3.9220000E+03   2.5190000E+03   1.4804187E-04   2.3049632E-04
   1.5536653E+03   3.8670000E+03   2.4630000E+03   2.1451144E-04   3.3679080E-04
   1.5536728E+03   3.8830000E+03   2.4940000E+03   2.8560197E-04   4.4466418E-04
   1.5536803E+03   3.8670000E+03   2.4170000E+03   1.5175868E-04   1.4668523E-05
   1.5536878E+03   3.7750000E+03   2.3990000E+03   4.5443936E-04   7.1509320E-04
   1.5536954E+03   3.8130000E+03   2.4240000E+03   1.4425212E-04   7.1110889E-05
   1.5537029E+03   3.9090000E+03   2.4600000E+03   0.0000000E+00   0.0000000E+00
   1.5537104E+03   3.9380000E+03   2.4860000E+03   5.7077649E-04   9.0415037E-04
   1.5537180E+03   3.8200000E+03   2.4680000E+03   3.2332587E-04   5.0044766E-04
   1.5537255E+03   3.8130000E+03   2.4020000E+03   1.9116192E-04   2.7819878E-04
   1.5537330E+03   3.7970000E+03   2.3970000E+03   2.2754528E-05   0.0000000E+00
   1.5537405E+03   3.8290000E+03   2.4600000E+03   6.1881584E-05   9.6318937E-05
   1.5537481E+03   3.8560000E+03   2.4610000E+03   3.8900313E-04   5.6760444E-04
   1.5537556E+03   3.8100000E+03   2.4070000E+03   7.5654959E-05   7.7296423E-05
   1.5537631E+03   3.8170000E+03   2.4230000E+03   2.9131016E-04   2.4286487E-04
   1.5537706E+03   3.7290000E+03   2.4210000E+03   2.0427949E-04   3.2170486E-04
   1.5537782E+03   3.9690000E+03   2.5110000E+03   8.6548861E-05   1.3680304E-04
   1.5537857E+03   3.8050000E+03   2.4520000E+03   2.6917668E-04   4.1770687E-04
   1.5537932E+03   3.7980000E+03   2.4170000E+03   0.0000000E+00   0.0000000E+00
   1.5538008E+03   3.8170000E+03   2.4350000E+03   3.1380461E-04   4.9190645E-04
   1.5538083E+03   3.9010000E+03   2.4360000E+03   1.6302762E-04   2.6107174E-04
   1.5538158E+03   3.8170000E+03   2.4170000E+03   2.2539334E-04   3.5594802E-04
   1.5538233E+03   3.8450000E+03   2.4460000E+03   1.7606915E-04   2.8677816E-04
   1.5538309E+03   3.8130000E+03   2.4400000E+03   6.8588368E-05   1.5264520E-05
   1.5538384E+03   3.8110000E+03   2.4330000E+03   3.2688898E-04   4.9015070E-04
   1.5538459E+03   3.7820000E+03   2.4210000E+03   3.1063782E-04   1.8210137E-06
   1.5538535E+03   3.7330000E+03   2.3400000E+03   2.1098909E-04   3.3659071E-04
   1.5538610E+03   3.6890000E+03   2.3390000E+03   2.0895258E-04   3.1237993E-04
   1.5538685E+03   3.6950000E+03   2.3790000E+03   5.6296142E-04   4.4708997E-04
   1.5538760E+03   3.6250000E+03   2.3300000E+03   1.5141715E-04   1.8282307E-04
   1.5538836E+03   3.6680000E+03   2.3150000E+03   1.9480077E-04   3.0865194E-04
   1.5538911E+03   3.7720000E+03   2.3720000E+03   2.1535274E-04   3.4245806E-04
   1.5538986E+03   3.7530000E+03   2.3900000E+03   4.7727252E-04   7.1316754E-04
   1.5539062E+03   3.6940000E+03   2.3350000E+03   4.4263877E-09   7.0026022E-09
   1.5539137E+03   3.7140000E+03   2.2960000E+03   1.9605285E-04   3.9951138E-04
   1.5539212E+03   3.7060000E+03   2.3710000E+03   3.4525043E-05   5.3964492E-05
   1.5539287E+03   3.6390000E+03   2.3380000E+03   4.0518807E-04   6.3065843E-04
   1.5539363E+03   3.6380000E+03   2.2940000E+03   2.9656735E-04   4.7031910E-04
   1.5539438E+03   3.6670000E+03   2.3410000E+03   2.5688995E-04   2.9169233E-04
   1.5539513E+03   3.6020000E+03   2.3270000E+03   1.7698216E-04   2.7395348E-04
   1.5539589E+03   3.6330000E+03   2.3390000E+03   2.7152287E-04   4.2173689E-04
   1.5539664E+03   3.6960000E+03   2.3590000E+03   2.5397323E-04   3.9791651E-04
   1.5539739E+03   3.6050000E+03   2.3230000E+03   5.1260754E-04   7.9550158E-04
   1.5539814E+03   3.7480000E+03   2.3950000E+03   3.5147789E-04   5.5003722E-04
   1.5539890E+03   3.6090000E+03   2.2970000E+03   5.2746998E-04   8.4618725E-04
   1.5539965E+03   3.5140000E+03   2.2530000E+03   1.0038036E-04   1.5656306E-04
   1.5540040E+03   3.5670000E+03   2.2660000E+03   2.4195730E-04   2.3678753E-04
   1.5540116E+03   3.6670000E+03   2.3460000E+03   3.8939213E-04   4.2422308E-04
   1.5540191E+03   3.6270000E+03   2.2910000E+03   2.5577426E-04   4.0492940E-04
   1.5540266E+03   3.6360000E+03   2.3110000E+03   7.6959145E-05   1.2207849E-04
   1.5540341E+03   3.6350000E+03   2.2820000E+03   3.6872268E-04   5.6208026E-04
   1.5540417E+03   3.6010000E+03   2.2460000E+03   2.1381043E-04   3.4877261E-04
   1.5540492E+03   3.5880000E+03   2.1880000E+03   2.1834421E-04   3.5805256E-04
   1.5540567E+03   3.6970000E+03   2.3890000E+03   1.2389956E-04   1.9173573E-04
   1.5540643E+03   3.6380000E+03   2.3300000E+03   8.8042704E-05   1.3746754E-04
   1.5540718E+03   3.6220000E+03   2.2850000E+03   2.1806330E-04   3.4565658E-04
   1.5540793E+03   3.5800000E+03   2.2680000E+03   7.0147776E-04   1.1072709E-03
   1.5540868E+03   3.5050000E+03   2.2310000E+03   2.0305478E-04   3.1900806E-04
   1.5540944E+03   3.6240000E+03   2.2980000E+03   2.9994378E-04   4.7301839E-04
   1.5541019E+03   3.5330000E+03   2.2350000E+03   7.2897087E-05   1.1193220E-04
   1.5541094E+03   3.6150000E+03   2.2880000E+03   1.0330331E-04   1.6321742E-04
   1.5541170E+03   3.6790000E+03   2.3890000E+03   1.6885938E-04   3.7039013E-04
   1.5541245E+03   3.6010000E+03   2.2630000E+03   1.8056632E-04   2.8732626E-04
   1.5541320E+03   3.4260000E+03   2.1520000E+03   1.9269285E-04   3.0676845E-04
   1.5541395E+03   3.5990000E+03   2.2740000E+03   7.5802726E-05   1.1997098E-04
   1.5541471E+03   3.5480000E+03   2.2310000E+03   5.4824393E-04   5.3002720E-04
   1.5541546E+03   3.5890000E+03   2.3100000E+03   1.8867055E-04   2.9313359E-04
   1.5541621E+03   3.6900000E+03   2.3600000E+03   3.1027284E-04   1.2395210E-04
   1.5541697E+03   3.5970000E+03   2.3010000E+03   2.2970981E-04   4.0116035E-05
   1.5541772E+03   3.5150000E+03   2.2150000E+03   2.5732593E-04   4.0835244E-04
   1.5541847E+03   3.5960000E+03   2.2690000E+03   1.5128149E-04   2.3975683E-04
   1.5541922E+03   3.4710000E+03   2.1690000E+03   1.1141677E-04   3.9542056E-04
   1.5541998E+03   3.5210000E+03   2.2780000E+03   1.9601561E-04   3.6841748E-04
   1.5542073E+03   3.4900000E+03   2.1750000E+03   0.0000000E+00   0.0000000E+00
   1.5542148E+03   3.4970000E+03   2.2320000E+03   2.0362369E-04   3.1902869E-04
   1.5542224E+03   3.5370000E+03   2.1840000E+03   3.1238020E-04   5.0590146E-04
   1.5542299E+03   3.4840000E+03   2.1860000E+03   0.0000000E+00   0.0000000E+00
   1.5542374E+03   3.4320000E+03   2.1490000E+03   2.3575669E-04   2.7239822E-05
   1.5542449E+03   3.4930000E+03   2.2030000E+03   0.0000000E+00   0.0000000E+00
   1.5542525E+03   3.4220000E+03   2.1540000E+03   2.4183250E-04   3.7690024E-04
   1.5542600E+03   3.4960000E+03   2.2040000E+03   1.1664782E-04   1.8502758E-04
   1.5542675E+03   3.4150000E+03   2.2080000E+03   3.5139084E-04   5.4347814E-04
   1.5542750E+03   3.5510000E+03   2.2410000E+03   9.6432183E-05   1.5280262E-04
   1.5542826E+03   3.5170000E+03   2.2700000E+03   0.0000000E+00   0.0000000E+00
   1.5542901E+03   3.4600000E+03   2.1700000E+03   1.9728144E-04   3.8709247E-04
   1.5542976E+03   3.3750000E+03   2.1220000E+03   4.3424107E-04   5.0562684E-04
   1.5543052E+03   3.5940000E+03   2.3250000E+03   1.4332679E-04   3.3722128E-04
   1.5543127E+03   3.4410000E+03   2.1800000E+03   1.4172907E-04   2.2371088E-04
   1.5543202E+03   3.4280000E+03   2.1400000E+03   1.0798251E-04   8.7244969E-05
   1.5543277E+03   3.4710000E+03   2.2570000E+03   2.3573087E-04   3.5732594E-04
   1.5543353E+03   3.3960000E+03   2.1490000E+03   8.6853362E-06   0.0000000E+00
   1.5543428E+03   3.4130000E+03   2.1410000E+03   3.8937192E-05   0.0000000E+00
   1.5543503E+03   3.3760000E+03   2.1510000E+03   1.6042507E-04   2.5178756E-04
   1.5543579E+03   3.3950000E+03   2.1670000E+03   1.0620008E-04   0.0000000E+00
   1.5543654E+03   3.4700000E+03   2.1520000E+03   2.0657926E-04   1.4756367E-04
   1.5543729E+03   3.3820000E+03   2.1470000E+03   0.0000000E+00   0.0000000E+00
   1.5543804E+03   3.3910000E+03   2.1490000E+03   2.5637865E-04   4.4546622E-04
   1.5543880E+03   3.4030000E+03   2.1990000E+03   2.2316504E-04   3.4535272E-04
   1.5543955E+03   3.3830000E+03   2.1890000E+03   4.5701822E-04   6.5912220E-04
   1.5544030E+03   3.5300000E+03   2.2210000E+03   3.2493787E-05   5.1644786E-05
   1.5544106E+03   3.3650000E+03   2.1560000E+03   0.0000000E+00   0.0000000E+00
   1.5544181E+03   3.3850000E+03   2.1370000E+03   3.2759083E-04   5.1890265E-04
   1.5544256E+03   3.3780000E+03   2.0900000E+03   4.0554557E-05   6.5547031E-05
   1.5544331E+03   3.4540000E+03   2.1910000E+03   2.3894480E-04   4.8474207E-04
   1.5544407E+03   3.3600000E+03   2.1630000E+03   0.0000000E+00   0.0000000E+00
   1.5544482E+03   3.3400000E+03   2.1410000E+03   2.4145349E-04   4.0740179E-04
   1.5544557E+03   3.4990000E+03   2.1870000E+03   1.4482106E-04   2.3170045E-04
   1.5544633E+03   3.4500000E+03   2.2110000E+03   2.5886512E-04   4.9335341E-04
   1.5544708E+03   3.4150000E+03   2.1600000E+03   2.5426862E-04   4.0200340E-04
   1.5544783E+03   3.3350000E+03   2.1070000E+03   1.3216088E-04   2.0918677E-04
   1.5544858E+03   3.3430000E+03   2.0860000E+03   3.6075917E-04   5.7814856E-04
   1.5544934E+03   3.3480000E+03   2.1440000E+03   5.9022878E-06   9.2168188E-06
   1.5545009E+03   3.4280000E+03   2.2080000E+03   5.2042534E-04   4.6195572E-04
   1.5545084E+03   3.3080000E+03   2.1230000E+03   1.6242114E-04   2.5308014E-04
   1.5545160E+03   3.2750000E+03   2.0720000E+03   2.6796923E-04   4.2355176E-04
   1.5545235E+03   3.3200000E+03   2.1030000E+03   1.9631691E-04   3.0992493E-04
   1.5545310E+03   3.2830000E+03   2.1040000E+03   5.5396951E-05   8.6439254E-05
   1.5545385E+03   3.2830000E+03   2.1220000E+03   9.2382038E-04   1.1377053E-03
   1.5545461E+03   3.3490000E+03   2.1150000E+03   0.0000000E+00   0.0000000E+00
   1.5545536E+03   3.3570000E+03   2.1090000E+03   1.8507610E-04   2.2116367E-04
   1.5545611E+03   3.2500000E+03   2.0410000E+03   1.7105961E-04   2.7238792E-04
   1.5545687E+03   3.2580000E+03   2.0990000E+03   3.8447098E-04   5.9676344E-04
   1.5545762E+03   3.2760000E+03   2.0880000E+03   1.8382555E-04   2.8841595E-04
   1.5545837E+03   3.2210000E+03   2.0190000E+03   2.3901415E-04   1.8411352E-04
   1.5545912E+03   3.3590000E+03   2.1100000E+03   2.7284840E-04   4.3435914E-04
   1.5545988E+03   3.2080000E+03   2.0890000E+03   3.3801542E-04   5.1907778E-04
   1.5546063E+03   3.2040000E+03   1.9900000E+03   2.8021548E-04   3.6878228E-04
   1.5546138E+03   3.1900000E+03   2.0620000E+03   0.0000000E+00   0.0000000E+00
   1.5546214E+03   3.1920000E+03   2.0280000E+03   4.8629596E-05   1.2171518E-04
   1.5546289E+03   3.2540000E+03   2.0930000E+03   1.4797485E-04   2.3005741E-04
   1.5546364E+03   3.3030000E+03   2.1210000E+03   2.0001666E-04   4.1866084E-04
   1.5546439E+03   3.3620000E+03   2.1370000E+03   1.8321825E-04   2.8824509E-04
   1.5546515E+03   3.2060000E+03   2.0040000E+03   0.0000000E+00   0.0000000E+00
   1.5546590E+03   3.2610000E+03   2.0580000E+03   1.0387479E-04   3.5041584E-04
   1.5546665E+03   3.2910000E+03   2.1150000E+03   5.5507716E-05   8.6371581E-05
   1.5546740E+03   3.1930000E+03   2.0360000E+03   1.9841441E-04   3.1116758E-04
   1.5546816E+03   3.2550000E+03   2.0600000E+03   8.9300570E-05   0.0000000E+00
   1.5546891E+03   3.2140000E+03   2.0540000E+03   2.7304730E-04   4.2725123E-04
   1.5546966E+03   3.1410000E+03   2.0120000E+03   1.6191077E-05   2.5276427E-05
   1.5547042E+03   3.2760000E+03   2.0600000E+03   2.5382319E-04   4.0365280E-04
   1.5547117E+03   3.1560000E+03   1.9830000E+03   2.0952600E-04   2.7121952E-04
   1.5547192E+03   3.1830000E+03   2.0010000E+03   4.0079848E-04   3.7634636E-04
   1.5547267E+03   3.1580000E+03   2.0350000E+03   0.0000000E+00   0.0000000E+00
   1.5547343E+03   3.2190000E+03   2.0190000E+03   0.0000000E+00   0.0000000E+00
   1.5547418E+03   3.2090000E+03   2.0420000E+03   2.2931934E-04   3.7776928E-04
   1.5547493E+03   3.2220000E+03   2.0380000E+03   0.0000000E+00   0.0000000E+00
   1.5547569E+03   3.1930000E+03   2.0350000E+03   8.2983359E-05   1.3020436E-04
   1.5547644E+03   3.1850000E+03   2.0130000E+03   1.9191532E-04   3.0365141E-04
   1.5547719E+03   3.2260000E+03   2.0420000E+03   4.3045483E-04   6.8004274E-04
   1.5547794E+03   3.0270000E+03   1.9080000E+03   7.1709629E-05   1.1376575E-04
   1.5547870E+03   3.1440000E+03   1.9780000E+03   1.5542519E-05   2.4704591E-05
   1.5547945E+03   3.1140000E+03   2.0280000E+03   2.0418823E-04   0.0000000E+00
   1.5548020E+03   3.1770000E+03   2.0240000E+03   2.6782561E-04   4.2166178E-04
   1.5548096E+03   3.2920000E+03   2.1140000E+03   1.5103140E-04   2.3519175E-04
   1.5548171E+03   3.0000000E+03   1.9330000E+03   1.0838900E-04   1.6821883E-04
   1.5548246E+03   3.1240000E+03   1.9720000E+03   4.8229166E-04   7.6403608E-04
   1.5548321E+03   3.1750000E+03   1.9950000E+03   2.2062530E-04   3.7585264E-04
   1.5548397E+03   3.0250000E+03   1.9020000E+03   2.8133015E-04   0.0000000E+00
   1.5548472E+03   3.0550000E+03   1.9530000E+03   4.5058196E-04   7.0482739E-04
   1.5548547E+03   3.1390000E+03   2.0030000E+03   0.0000000E+00   0.0000000E+00
   1.5548623E+03   3.1170000E+03   2.0060000E+03   6.7429104E-06   1.0477394E-05
   1.5548698E+03   3.1850000E+03   2.0320000E+03   3.3168671E-04   5.3248417E-04
   1.5548773E+03   3.0960000E+03   1.9650000E+03   1.5298433E-04   2.9610500E-04
   1.5548848E+03   3.0900000E+03   1.9670000E+03   0.0000000E+00   0.0000000E+00
   1.5548924E+03   3.0960000E+03   1.9690000E+03   1.8048657E-04   2.8379199E-04
   1.5548999E+03   3.0870000E+03   1.9590000E+03   3.0206646E-04   4.7599753E-04
   1.5549074E+03   3.0950000E+03   1.9700000E+03   2.0827248E-04   4.1452283E-04
   1.5549150E+03   3.1030000E+03   1.9850000E+03   0.0000000E+00   0.0000000E+00
   1.5549225E+03   3.0760000E+03   1.9690000E+03   2.1588299E-04   3.3725550E-04
   1.5549300E+03   3.0520000E+03   1.9220000E+03   4.6260871E-05   7.3458990E-05
   1.5549375E+03   3.1290000E+03   1.9450000E+03   3.4280466E-04   5.0320085E-04
   1.5549451E+03   3.0410000E+03   1.9130000E+03   6.9682234E-05   1.1077035E-04
   1.5549526E+03   3.0120000E+03   1.9380000E+03   0.0000000E+00   0.0000000E+00
   1.5549601E+03   3.0530000E+03   1.8960000E+03   3.6895592E-05   0.0000000E+00
   1.5549677E+03   2.9690000E+03   1.8870000E+03   0.0000000E+00   0.0000000E+00
   1.5549752E+03   3.0030000E+03   1.9070000E+03   1.0328400E-04   1.6264386E-04
   1.5549827E+03   3.0940000E+03   1.9620000E+03   0.0000000E+00   0.0000000E+00
   1.5549902E+03   2.9990000E+03   1.9200000E+03   2.7845887E-04   4.3494696E-04
   1.5549978E+03   3.0130000E+03   1.9270000E+03   1.2288411E-04   1.9213794E-04
   1.5550053E+03   2.9640000E+03   1.8480000E+03   2.8553470E-04   0.0000000E+00
   1.5550128E+03   3.0540000E+03   1.9360000E+03   0.0000000E+00   0.0000000E+00
   1.5550204E+03   3.0000000E+03   1.8880000E+03   2.0005438E-04   3.1788301E-04
   1.5550279E+03   3.0200000E+03   1.9370000E+03   3.2971196E-04   6.8875425E-04
   1.5550354E+03   2.9550000E+03   1.8480000E+03   1.9270495E-05   0.0000000E+00
   1.5550429E+03   3.0040000E+03   1.9210000E+03   2.3620927E-04   5.6251300E-04
   1.5550505E+03   2.9870000E+03   1.8910000E+03   1.5819640E-04   2.4988506E-04
   1.5550580E+03   3.0650000E+03   2.0040000E+03   1.1243910E-04   1.7196899E-04
   1.5550655E+03   2.8920000E+03   1.8520000E+03   3.1375478E-04   4.8994537E-04
   1.5550731E+03   3.0190000E+03   1.9180000E+03   0.0000000E+00   0.0000000E+00
   1.5550806E+03   3.0240000E+03   1.9100000E+03   0.0000000E+00   0.0000000E+00
   1.5550881E+03   2.8590000E+03   1.8170000E+03   1.7260443E-04   1.5045331E-04
   1.5550956E+03   2.9510000E+03   1.8990000E+03   5.2324472E-04   3.9789672E-04
   1.5551032E+03   2.9030000E+03   1.8390000E+03   1.9377510E-05   0.0000000E+00
   1.5551107E+03   2.9420000E+03   1.8500000E+03   4.2533384E-04   5.8563359E-04
   1.5551182E+03   2.9310000E+03   1.8850000E+03   0.0000000E+00   0.0000000E+00
   1.5551257E+03   2.9600000E+03   1.9140000E+03   3.6653567E-04   5.6684723E-04
   1.5551333E+03   2.9960000E+03   1.8780000E+03   2.3868248E-04   0.0000000E+00
   1.5551408E+03   2.9500000E+03   1.8800000E+03   2.9256763E-04   4.5908219E-04
   1.5551483E+03   2.9220000E+03   1.8460000E+03   7.0384508E-05   0.0000000E+00
   1.5551559E+03   2.9680000E+03   1.8810000E+03   2.4042161E-04   3.7935744E-04
   1.5551634E+03   2.9240000E+03   1.8630000E+03   5.7209220E-04   8.9790532E-04
   1.5551709E+03   2.9100000E+03   1.8360000E+03   4.1936223E-04   6.6304510E-04
   1.5551784E+03   2.9760000E+03   1.8930000E+03   4.0374083E-04   6.3472409E-04
   1.5551860E+03   2.9500000E+03   1.8600000E+03   6.3054258E-05   3.6711246E-04
   1.5551935E+03   2.8250000E+03   1.7970000E+03   2.7855293E-04   4.3790319E-04
   1.5552010E+03   2.8840000E+03   1.8010000E+03   4.1686114E-05   6.6753333E-05
   1.5552086E+03   2.8770000E+03   1.8050000E+03   2.6310616E-04   4.1936643E-04
   1.5552161E+03   2.7990000E+03   1.7870000E+03   1.5858947E-04   2.4840063E-04
   1.5552236E+03   2.8430000E+03   1.7990000E+03   1.6407198E-05   2.5928662E-05
   1.5552311E+03   2.8320000E+03   1.7770000E+03   1.3914812E-04   1.5863124E-04
   1.5552387E+03   2.9460000E+03   1.9050000E+03   0.0000000E+00   0.0000000E+00
   1.5552462E+03   2.8430000E+03   1.8040000E+03   1.7213021E-04   2.7126729E-04
   1.5552537E+03   2.8930000E+03   1.8300000E+03   0.0000000E+00   0.0000000E+00
   1.5552613E+03   2.9130000E+03   1.8770000E+03   3.1108906E-04   4.8279299E-04
   1.5552688E+03   2.8060000E+03   1.7920000E+03   4.3346325E-04   6.7589793E-04
   1.5552763E+03   2.8300000E+03   1.7900000E+03   3.0413663E-04   0.0000000E+00
   1.5552838E+03   2.8390000E+03   1.7770000E+03   3.4231044E-05   0.0000000E+00
   1.5552914E+03   2.7830000E+03   1.7850000E+03   2.8171744E-04   4.3922669E-04
   1.5552989E+03   2.8320000E+03   1.7940000E+03   2.7943413E-04   4.4111341E-04
   1.5553064E+03   2.8910000E+03   1.8750000E+03   4.4183282E-04   6.8124730E-04
   1.5553140E+03   2.7740000E+03   1.7510000E+03   0.0000000E+00   0.0000000E+00
   1.5553215E+03   2.7840000E+03   1.8040000E+03   1.9060328E-04   2.9414608E-04
   1.5553290E+03   2.8360000E+03   1.7950000E+03   3.1444338E-04   4.9680303E-04
   1.5553365E+03   2.8120000E+03   1.8160000E+03   4.8123850E-04   4.4588529E-04
   1.5553441E+03   2.6800000E+03   1.6840000E+03   2.8354920E-04   0.0000000E+00
   1.5553516E+03   2.6550000E+03   1.6700000E+03   3.4914797E-04   5.5508255E-04
   1.5553591E+03   2.7050000E+03   1.7340000E+03   1.9417811E-04   4.0395325E-04
   1.5553667E+03   2.7960000E+03   1.7550000E+03   0.0000000E+00   0.0000000E+00
   1.5553742E+03   2.7730000E+03   1.7460000E+03   0.0000000E+00   0.0000000E+00
   1.5553817E+03   2.8000000E+03   1.7910000E+03   0.0000000E+00   0.0000000E+00
   1.5553892E+03   2.7300000E+03   1.7110000E+03   2.3042052E-04   3.6764933E-04
   1.5553968E+03   2.6230000E+03   1.6940000E+03   2.1659133E-04   3.3537134E-04
   1.5554043E+03   2.7540000E+03   1.7170000E+03   3.3134010E-04   5.3145639E-04
   1.5554118E+03   2.6850000E+03   1.7380000E+03   2.6183211E-04   3.8335472E-04
   1.5554194E+03   2.7690000E+03   1.7740000E+03   3.2779372E-04   5.1164645E-04
   1.5554269E+03   2.8120000E+03   1.7830000E+03   2.0642295E-05   3.2555318E-05
   1.5554344E+03   2.8520000E+03   1.7620000E+03   4.4485190E-04   7.2004404E-04
   1.5554419E+03   2.6350000E+03   1.6880000E+03   5.7798146E-05   8.6524337E-05
   1.5554495E+03   2.8110000E+03   1.8220000E+03   2.5835703E-05   3.9859584E-05
   1.5554570E+03   2.6820000E+03   1.7130000E+03   0.0000000E+00   0.0000000E+00
   1.5554645E+03   2.6550000E+03   1.7230000E+03   1.9894336E-04   3.0655520E-04
   1.5554721E+03   2.7770000E+03   1.7870000E+03   3.2771690E-04   5.0927244E-04
   1.5554796E+03   2.7940000E+03   1.8040000E+03   9.5863140E-05   0.0000000E+00
   1.5554871E+03   2.7190000E+03   1.6950000E+03   2.1289144E-04   3.4150550E-04
   1.5554946E+03   2.6860000E+03   1.7180000E+03   2.0420159E-05   0.0000000E+00
   1.5555022E+03   2.7990000E+03   1.7780000E+03   0.0000000E+00   0.0000000E+00
   1.5555097E+03   2.7630000E+03   1.7420000E+03   0.0000000E+00   0.0000000E+00
   1.5555172E+03   2.6860000E+03   1.6900000E+03   0.0000000E+00   0.0000000E+00
   1.5555248E+03   2.6370000E+03   1.6800000E+03   2.9906978E-04   4.6943275E-04
   1.5555323E+03   2.6910000E+03   1.6870000E+03   0.0000000E+00   0.0000000E+00
   1.5555398E+03   2.6460000E+03   1.6850000E+03   1.4901589E-05   2.3400358E-05
   1.5555473E+03   2.6810000E+03   1.7290000E+03   0.0000000E+00   0.0000000E+00
   1.5555549E+03   2.6270000E+03   1.6520000E+03   0.0000000E+00   0.0000000E+00
   1.5555624E+03   2.6880000E+03   1.7210000E+03   0.0000000E+00   0.0000000E+00
   1.5555699E+03   2.6530000E+03   1.6890000E+03   0.0000000E+00   0.0000000E+00
   1.5555774E+03   2.6000000E+03   1.6590000E+03   2.4360118E-04   3.8177401E-04
   1.5555850E+03   2.6230000E+03   1.6820000E+03   0.0000000E+00   0.0000000E+00
   1.5555925E+03   2.6680000E+03   1.6760000E+03   3.6472423E-04   5.8059920E-04
   1.5556000E+03   2.5330000E+03   1.5700000E+03   1.8329775E-04   2.9572815E-04
   1.5556076E+03   2.6050000E+03   1.6460000E+03   1.7905108E-04   0.0000000E+00
   1.5556151E+03   2.7000000E+03   1.7130000E+03   2.8375458E-05   4.4724890E-05
   1.5556226E+03   2.6540000E+03   1.6820000E+03   1.1343950E-04   1.6992668E-04
   1.5556301E+03   2.6530000E+03   1.6980000E+03   2.7089202E-04   4.2324884E-04
   1.5556377E+03   2.6050000E+03   1.6640000E+03   0.0000000E+00   0.0000000E+00
   1.5556452E+03   2.6900000E+03   1.7190000E+03   2.7913513E-04   4.3680831E-04
   1.5556527E+03   2.5310000E+03   1.5890000E+03   2.5214984E-04   4.0163074E-04
   1.5556603E+03   2.5880000E+03   1.6000000E+03   1.5359787E-04   2.4844456E-04
   1.5556678E+03   2.5700000E+03   1.6260000E+03   4.6779716E-04   7.2938205E-04
   1.5556753E+03   2.5210000E+03   1.5910000E+03   3.6161805E-05   1.4336321E-04
   1.5556828E+03   2.6340000E+03   1.6260000E+03   4.9326776E-04   7.9905736E-04
   1.5556904E+03   2.6220000E+03   1.6550000E+03   0.0000000E+00   0.0000000E+00
   1.5556979E+03   2.5660000E+03   1.6000000E+03   5.1752663E-04   8.2998333E-04
   1.5557054E+03   2.5210000E+03   1.5910000E+03   3.9471419E-04   6.2543965E-04
   1.5557130E+03   2.6150000E+03   1.6090000E+03   1.6461389E-04   2.6753593E-04
   1.5557205E+03   2.5900000E+03   1.6360000E+03   0.0000000E+00   0.0000000E+00
   1.5557280E+03   2.6310000E+03   1.6370000E+03   0.0000000E+00   0.0000000E+00
   1.5557355E+03   2.4490000E+03   1.5660000E+03   1.3608743E-05   2.1282128E-05
   1.5557431E+03   2.5400000E+03   1.6400000E+03   0.0000000E+00   0.0000000E+00
   1.5557506E+03   2.5550000E+03   1.6150000E+03   2.2720196E-04   3.5944334E-04
   1.5557581E+03   2.5140000E+03   1.6410000E+03   9.1469027E-05   1.4012988E-04
   1.5557657E+03   2.6320000E+03   1.6990000E+03   0.0000000E+00   0.0000000E+00
   1.5557732E+03   2.5460000E+03   1.6000000E+03   1.5903615E-04   2.5306627E-04
   1.5557807E+03   2.5150000E+03   1.6140000E+03   7.2420791E-05   1.1284900E-04
   1.5557882E+03   2.6280000E+03   1.6720000E+03   0.0000000E+00   0.0000000E+00
   1.5557958E+03   2.5770000E+03   1.6260000E+03   8.2260101E-05   1.3037164E-04
   1.5558033E+03   2.5900000E+03   1.6320000E+03   4.2367298E-04   6.7237317E-04
   1.5558108E+03   2.5180000E+03   1.6130000E+03   0.0000000E+00   0.0000000E+00
   1.5558184E+03   2.4320000E+03   1.5920000E+03   0.0000000E+00   0.0000000E+00
   1.5558259E+03   2.5510000E+03   1.5900000E+03   0.0000000E+00   0.0000000E+00
   1.5558334E+03   2.4980000E+03   1.5640000E+03   0.0000000E+00   0.0000000E+00
   1.5558409E+03   2.4910000E+03   1.5710000E+03   1.1434438E-04   1.8130608E-04
   1.5558485E+03   2.4540000E+03   1.5520000E+03   3.4021012E-04   5.3793533E-04
   1.5558560E+03   2.4590000E+03   1.5770000E+03   3.7106830E-04   5.2280261E-04
   1.5558635E+03   2.4560000E+03   1.6380000E+03   3.5942420E-04   5.3891687E-04
   1.5558711E+03   2.5850000E+03   1.6170000E+03   3.3670973E-04   5.3827747E-04
   1.5558786E+03   2.4830000E+03   1.6050000E+03   4.8298782E-04   7.4720171E-04
   1.5558861E+03   2.4220000E+03   1.5330000E+03   3.1082405E-04   4.9107361E-04
   1.5558936E+03   2.4110000E+03   1.5740000E+03   3.6691484E-04   5.6202776E-04
   1.5559012E+03   2.3960000E+03   1.5310000E+03   1.5165064E-05   2.3733176E-05
   1.5559087E+03   2.4600000E+03   1.5630000E+03   1.4360733E-04   2.4497047E-04
   1.5559162E+03   2.5040000E+03   1.6020000E+03   0.0000000E+00   0.0000000E+00
   1.5559238E+03   2.5310000E+03   1.6020000E+03   0.0000000E+00   0.0000000E+00
   1.5559313E+03   2.4750000E+03   1.5240000E+03   4.7942099E-06   7.7858723E-06
   1.5559388E+03   2.4180000E+03   1.5400000E+03   0.0000000E+00   0.0000000E+00
   1.5559463E+03   2.3800000E+03   1.5150000E+03   1.3858094E-04   2.1770472E-04
   1.5559539E+03   2.4860000E+03   1.5810000E+03   7.9719694E-05   1.2535304E-04
   1.5559614E+03   2.4040000E+03   1.5270000E+03   2.9744406E-04   4.6838525E-04
   1.5559689E+03   2.4060000E+03   1.5390000E+03   2.5163754E-04   4.9892033E-04
   1.5559765E+03   2.3830000E+03   1.4830000E+03   4.2125086E-04   7.4497210E-04
   1.5559840E+03   2.3820000E+03   1.4860000E+03   7.5516709E-05   1.2105034E-04
   1.5559915E+03   2.3670000E+03   1.4980000E+03   3.7642284E-04   5.9478829E-04
   1.5559990E+03   2.4120000E+03   1.5360000E+03   0.0000000E+00   0.0000000E+00
   1.5560066E+03   2.4590000E+03   1.5400000E+03   3.5935267E-04   5.7379754E-04
   1.5560141E+03   2.3930000E+03   1.5160000E+03   8.3316138E-04   1.3151419E-03
   1.5560216E+03   2.4360000E+03   1.5510000E+03   0.0000000E+00   0.0000000E+00
   1.5560291E+03   2.3480000E+03   1.5090000E+03   1.3195638E-04   0.0000000E+00
   1.5560367E+03   2.3550000E+03   1.4780000E+03   0.0000000E+00   0.0000000E+00
   1.5560442E+03   2.3490000E+03   1.4770000E+03   0.0000000E+00   0.0000000E+00
   1.5560517E+03   2.2870000E+03   1.4420000E+03   0.0000000E+00   0.0000000E+00
   1.5560593E+03   2.3720000E+03   1.4390000E+03   0.0000000E+00   0.0000000E+00
   1.5560668E+03   2.2370000E+03   1.4330000E+03   3.6635403E-05   5.7190089E-05
   1.5560743E+03   2.3730000E+03   1.5070000E+03   0.0000000E+00   0.0000000E+00
   1.5560818E+03   2.3190000E+03   1.4570000E+03   2.9322629E-04   4.6670677E-04
   1.5560894E+03   2.3450000E+03   1.5150000E+03   0.0000000E+00   0.0000000E+00
   1.5560969E+03   2.3210000E+03   1.4660000E+03   1.9192355E-04   3.0385713E-04
   1.5561044E+03   2.3250000E+03   1.4930000E+03   0.0000000E+00   0.0000000E+00
   1.5561120E+03   2.3580000E+03   1.4990000E+03   0.0000000E+00   0.0000000E+00
   1.5561195E+03   2.3440000E+03   1.4940000E+03   3.4772117E-04   5.4555450E-04
   1.5561270E+03   2.3200000E+03   1.5200000E+03   0.0000000E+00   0.0000000E+00
   1.5561345E+03   2.2240000E+03   1.4240000E+03   2.3045198E-04   3.5991939E-04
   1.5561421E+03   2.2450000E+03   1.4370000E+03   2.9246141E-04   4.5690735E-04
   1.5561496E+03   2.2990000E+03   1.4730000E+03   3.7650799E-04   5.8763874E-04
   1.5561571E+03   2.2840000E+03   1.4740000E+03   4.0697078E-04   6.3061144E-04
   1.5561647E+03   2.3290000E+03   1.4900000E+03   3.8928544E-04   6.0848710E-04
   1.5561722E+03   2.3120000E+03   1.5170000E+03   0.0000000E+00   0.0000000E+00
   1.5561797E+03   2.3040000E+03   1.4390000E+03   0.0000000E+00   0.0000000E+00
   1.5561872E+03   2.3160000E+03   1.4290000E+03   0.0000000E+00   0.0000000E+00
   1.5561948E+03   2.3350000E+03   1.4650000E+03   0.0000000E+00   0.0000000E+00
   1.5562023E+03   2.3210000E+03   1.4610000E+03   0.0000000E+00   0.0000000E+00
   1.5562098E+03   2.2590000E+03   1.4660000E+03   0.0000000E+00   0.0000000E+00
   1.5562174E+03   2.2610000E+03   1.4590000E+03   1.0402577E-05   0.0000000E+00
   1.5562249E+03   2.2580000E+03   1.4380000E+03   2.1248102E-04   3.3364544E-04
   1.5562324E+03   2.3450000E+03   1.4890000E+03   0.0000000E+00   0.0000000E+00
   1.5562399E+03   2.3160000E+03   1.4420000E+03   4.0119057E-04   6.4435323E-04
   1.5562475E+03   2.2130000E+03   1.3900000E+03   0.0000000E+00   0.0000000E+00
   1.5562550E+03   2.2800000E+03   1.4120000E+03   3.8601379E-04   6.2330839E-04
   1.5562625E+03   2.2010000E+03   1.4170000E+03   1.1612791E-04   1.8037934E-04
   1.5562701E+03   2.1170000E+03   1.3400000E+03   8.2525721E-05   1.3037832E-04
   1.5562776E+03   2.2360000E+03   1.3970000E+03   1.6789049E-05   0.0000000E+00
   1.5562851E+03   2.2440000E+03   1.4420000E+03   2.1548892E-04   3.3533782E-04
   1.5562926E+03   2.1340000E+03   1.3650000E+03   0.0000000E+00   0.0000000E+00
   1.5563002E+03   2.2330000E+03   1.3770000E+03   0.0000000E+00   0.0000000E+00
   1.5563077E+03   2.2480000E+03   1.4220000E+03   3.5554310E-05   0.0000000E+00
   1.5563152E+03   2.1970000E+03   1.4080000E+03   3.2349050E-04   5.0476465E-04
   1.5563228E+03   2.3250000E+03   1.4650000E+03   1.7710061E-04   1.7626780E-04
   1.5563303E+03   2.2440000E+03   1.4150000E+03   0.0000000E+00   0.0000000E+00
   1.5563378E+03   2.1140000E+03   1.3680000E+03   0.0000000E+00   0.0000000E+00
   1.5563453E+03   2.1920000E+03   1.4050000E+03   3.2215961E-06   0.0000000E+00
   1.5563529E+03   2.1930000E+03   1.3650000E+03   0.0000000E+00   0.0000000E+00
   1.5563604E+03   2.1590000E+03   1.3590000E+03   5.8449076E-05   9.2856184E-05
   1.5563679E+03   2.1280000E+03   1.3250000E+03   0.0000000E+00   0.0000000E+00
   1.5563755E+03   2.1960000E+03   1.3880000E+03   3.4792571E-04   5.5046459E-04
   1.5563830E+03   2.1710000E+03   1.3830000E+03   9.9141616E-05   5.6632946E-05
   1.5563905E+03   2.1700000E+03   1.3240000E+03   0.0000000E+00   0.0000000E+00
   1.5563980E+03   2.0650000E+03   1.2770000E+03   1.1816024E-05   1.9107353E-05
   1.5564056E+03   2.1190000E+03   1.3670000E+03   1.7368822E-04   0.0000000E+00
   1.5564131E+03   2.1410000E+03   1.3620000E+03   0.0000000E+00   0.0000000E+00
   1.5564206E+03   2.1550000E+03   1.3580000E+03   1.9107874E-04   3.0053418E-04
   1.5564282E+03   2.1750000E+03   1.3980000E+03   0.0000000E+00   0.0000000E+00
   1.5564357E+03   2.1620000E+03   1.3710000E+03   1.1404904E-04   1.7984976E-04
   1.5564432E+03   2.1400000E+03   1.3340000E+03   0.0000000E+00   0.0000000E+00
   1.5564507E+03   2.0950000E+03   1.3400000E+03   1.9255811E-04   3.0105167E-04
   1.5564583E+03   2.0600000E+03   1.3400000E+03   2.6610244E-04   4.0908285E-04
   1.5564658E+03   2.1250000E+03   1.3400000E+03   0.0000000E+00   0.0000000E+00
   1.5564733E+03   2.1340000E+03   1.3460000E+03   0.0000000E+00   0.0000000E+00
   1.5564808E+03   2.0970000E+03   1.3250000E+03   0.0000000E+00   0.0000000E+00
   1.5564884E+03   2.1210000E+03   1.3550000E+03   0.0000000E+00   0.0000000E+00
   1.5564959E+03   2.1210000E+03   1.2990000E+03   1.6014230E-04   2.6147946E-04
   1.5565034E+03   2.1680000E+03   1.3540000E+03   8.2026662E-04   1.3133959E-03
   1.5565110E+03   2.1430000E+03   1.3520000E+03   0.0000000E+00   0.0000000E+00
   1.5565185E+03   2.1390000E+03   1.3480000E+03   1.4034232E-04   2.2269453E-04
   1.5565260E+03   2.1330000E+03   1.3390000E+03   0.0000000E+00   0.0000000E+00
   1.5565335E+03   2.1270000E+03   1.4010000E+03   4.3795227E-04   6.6489970E-04
   1.5565411E+03   2.1730000E+03   1.3890000E+03   1.7836591E-05   2.7904184E-05
   1.5565486E+03   2.0150000E+03   1.2800000E+03   0.0000000E+00   0.0000000E+00
   1.5565561E+03   2.0800000E+03   1.2790000E+03   0.0000000E+00   0.0000000E+00
   1.5565637E+03   2.1480000E+03   1.3380000E+03   0.0000000E+00   0.0000000E+00
   1.5565712E+03   2.1310000E+03   1.3290000E+03   3.1536929E-04   5.0568244E-04
   1.5565787E+03   2.1880000E+03   1.4170000E+03   9.0321958E-05   1.3946679E-04
   1.5565862E+03   2.0140000E+03   1.3060000E+03   1.3909259E-04   2.1449654E-04
   1.5565938E+03   2.0920000E+03   1.3090000E+03   0.0000000E+00   0.0000000E+00
   1.5566013E+03   2.0360000E+03   1.2340000E+03   0.0000000E+00   0.0000000E+00
   1.5566088E+03   2.0860000E+03   1.3520000E+03   0.0000000E+00   0.0000000E+00
   1.5566164E+03   2.0460000E+03   1.2610000E+03   4.1407711E-05   6.7184915E-05
   1.5566239E+03   1.9960000E+03   1.2620000E+03   0.0000000E+00   0.0000000E+00
   1.5566314E+03   1.9890000E+03   1.2800000E+03   0.0000000E+00   0.0000000E+00
   1.5566389E+03   2.0830000E+03   1.2880000E+03   0.0000000E+00   0.0000000E+00
   1.5566465E+03   1.9900000E+03   1.3150000E+03   1.2780559E-05   1.9340923E-05
   1.5566540E+03   1.9800000E+03   1.2650000E+03   4.5633169E-04   7.1425829E-04
   1.5566615E+03   2.0600000E+03   1.3100000E+03   1.9278120E-04   3.0315211E-04
   1.5566691E+03   2.0520000E+03   1.3300000E+03   1.9114625E-04   2.9491135E-04
   1.5566766E+03   1.9540000E+03   1.2430000E+03   0.0000000E+00   0.0000000E+00
   1.5566841E+03   2.0120000E+03   1.2650000E+03   0.0000000E+00   0.0000000E+00
   1.5566916E+03   2.0220000E+03   1.3040000E+03   6.3200124E-04   9.7998966E-04
   1.5566992E+03   1.9950000E+03   1.2620000E+03   2.6536665E-04   4.1949799E-04
   1.5567067E+03   2.0520000E+03   1.3140000E+03   3.7609134E-04   5.8732073E-04
   1.5567142E+03   1.9840000E+03   1.2500000E+03   1.1237801E-04   1.7836638E-04
   1.5567218E+03   1.9600000E+03   1.2380000E+03   3.9643573E-04   6.2763654E-04
   1.5567293E+03   1.9140000E+03   1.2200000E+03   0.0000000E+00   0.0000000E+00
   1.5567368E+03   1.9820000E+03   1.2320000E+03   0.0000000E+00   0.0000000E+00
   1.5567443E+03   2.0350000E+03   1.2910000E+03   0.0000000E+00   0.0000000E+00
   1.5567519E+03   2.0110000E+03   1.2710000E+03   0.0000000E+00   0.0000000E+00
   1.5567594E+03   1.9640000E+03   1.2390000E+03   3.3606138E-04   5.3270746E-04
   1.5567669E+03   1.9450000E+03   1.2300000E+03   2.2279392E-04   3.9789403E-04
   1.5567745E+03   2.0090000E+03   1.2610000E+03   3.2762884E-04   5.2197172E-04
   1.5567820E+03   1.9750000E+03   1.2540000E+03   0.0000000E+00   0.0000000E+00
   1.5567895E+03   1.9290000E+03   1.2120000E+03   0.0000000E+00   0.0000000E+00
   1.5567970E+03   1.9120000E+03   1.2240000E+03   4.9036323E-05   7.6599224E-05
   1.5568046E+03   1.9480000E+03   1.2550000E+03   0.0000000E+00   0.0000000E+00
   1.5568121E+03   2.0050000E+03   1.2980000E+03   4.5823379E-04   7.0782646E-04
   1.5568196E+03   1.9750000E+03   1.2290000E+03   0.0000000E+00   0.0000000E+00
   1.5568272E+03   1.9390000E+03   1.2060000E+03   0.0000000E+00   0.0000000E+00
   1.5568347E+03   1.8620000E+03   1.2070000E+03   4.1885265E-04   6.4615049E-04
   1.5568422E+03   1.8790000E+03   1.1610000E+03   6.8262526E-04   7.6184689E-04
   1.5568497E+03   1.9360000E+03   1.2000000E+03   0.0000000E+00   0.0000000E+00
   1.5568573E+03   1.8990000E+03   1.1540000E+03   0.0000000E+00   0.0000000E+00
   1.5568648E+03   1.8840000E+03   1.1720000E+03   0.0000000E+00   0.0000000E+00
   1.5568723E+03   1.9320000E+03   1.2290000E+03   2.0800723E-04   3.2698940E-04
   1.5568799E+03   1.9080000E+03   1.1920000E+03   4.9096723E-04   7.8587708E-04
   1.5568874E+03   1.9680000E+03   1.2960000E+03   0.0000000E+00   0.0000000E+00
   1.5568949E+03   1.8970000E+03   1.2170000E+03   7.7498245E-06   1.2080047E-05
   1.5569024E+03   1.9690000E+03   1.2510000E+03   0.0000000E+00   0.0000000E+00
   1.5569100E+03   1.9830000E+03   1.2660000E+03   0.0000000E+00   0.0000000E+00
   1.5569175E+03   1.8610000E+03   1.1660000E+03   3.7929453E-04   6.0537489E-04
   1.5569250E+03   1.9050000E+03   1.2360000E+03   0.0000000E+00   0.0000000E+00
   1.5569325E+03   1.8340000E+03   1.1690000E+03   1.6010003E-04   2.5117491E-04
   1.5569401E+03   1.8750000E+03   1.1620000E+03   7.3901844E-04   1.1924781E-03
   1.5569476E+03   1.8990000E+03   1.1950000E+03   2.3908929E-04   3.7994189E-04
   1.5569551E+03   1.8500000E+03   1.1290000E+03   0.0000000E+00   0.0000000E+00
   1.5569627E+03   1.8520000E+03   1.1690000E+03   0.0000000E+00   0.0000000E+00
   1.5569702E+03   1.8260000E+03   1.1560000E+03   3.7426836E-04   5.9118861E-04
   1.5569777E+03   1.9170000E+03   1.1990000E+03   0.0000000E+00   0.0000000E+00
   1.5569852E+03   1.9410000E+03   1.2030000E+03   2.0149631E-05   3.2510751E-05
   1.5569928E+03   1.8490000E+03   1.1160000E+03   0.0000000E+00   0.0000000E+00
   1.5570003E+03   1.8860000E+03   1.1870000E+03   0.0000000E+00   0.0000000E+00
   1.5570078E+03   1.8320000E+03   1.1890000E+03   1.6669467E-04   2.5684158E-04
   1.5570154E+03   1.8420000E+03   1.1900000E+03   0.0000000E+00   0.0000000E+00
   1.5570229E+03   1.8640000E+03   1.1500000E+03   5.0269206E-04   8.1479825E-04
   1.5570304E+03   1.8910000E+03   1.2000000E+03   3.1339428E-05   4.9385715E-05
   1.5570379E+03   1.7760000E+03   1.1450000E+03   4.9176755E-04   7.6277657E-04
   1.5570455E+03   1.8500000E+03   1.1740000E+03   9.4697277E-05   1.4922484E-04
   1.5570530E+03   1.8170000E+03   1.1120000E+03   8.8241330E-06   1.4418570E-05
   1.5570605E+03   1.8030000E+03   1.1610000E+03   2.0989060E-04   3.2595413E-04
   1.5570681E+03   1.7810000E+03   1.1370000E+03   3.6371908E-04   5.6973060E-04
   1.5570756E+03   1.8380000E+03   1.1770000E+03   2.9448283E-04   0.0000000E+00
   1.5570831E+03   1.7540000E+03   1.1120000E+03   0.0000000E+00   0.0000000E+00
   1.5570906E+03   1.6600000E+03   1.0200000E+03   0.0000000E+00   0.0000000E+00
   1.5570982E+03   1.7540000E+03   1.1510000E+03   3.1160950E-04   4.7485930E-04
   1.5571057E+03   1.8270000E+03   1.1360000E+03   3.5335299E-04   5.6828866E-04
   1.5571132E+03   1.7590000E+03   1.1070000E+03   0.0000000E+00   0.0000000E+00
   1.5571208E+03   1.7040000E+03   1.1100000E+03   0.0000000E+00   0.0000000E+00
   1.5571283E+03   1.7750000E+03   1.1380000E+03   0.0000000E+00   0.0000000E+00
   1.5571358E+03   1.7610000E+03   1.1170000E+03   2.4760655E-04   3.9036271E-04
   1.5571433E+03   1.7600000E+03   1.1430000E+03   0.0000000E+00   0.0000000E+00
   1.5571509E+03   1.7810000E+03   1.1490000E+03   0.0000000E+00   0.0000000E+00
   1.5571584E+03   1.7230000E+03   1.1030000E+03   0.0000000E+00   0.0000000E+00
   1.5571659E+03   1.8090000E+03   1.1480000E+03   0.0000000E+00   0.0000000E+00
   1.5571735E+03   1.7390000E+03   1.0930000E+03   0.0000000E+00   0.0000000E+00
   1.5571810E+03   1.7230000E+03   1.0830000E+03   5.4072053E-04   8.6025990E-04
   1.5571885E+03   1.7470000E+03   1.1290000E+03   0.0000000E+00   0.0000000E+00
   1.5571960E+03   1.7030000E+03   1.0920000E+03   1.0928913E-04   1.7043899E-04
   1.5572036E+03   1.7220000E+03   1.0680000E+03   0.0000000E+00   0.0000000E+00
   1.5572111E+03   1.8270000E+03   1.1390000E+03   5.5792118E-05   0.0000000E+00
   1.5572186E+03   1.7560000E+03   1.1010000E+03   0.0000000E+00   0.0000000E+00
   1.5572262E+03   1.7970000E+03   1.1700000E+03   2.5672751E-04   3.9430713E-04
   1.5572337E+03   1.6150000E+03   1.0450000E+03   0.0000000E+00   0.0000000E+00
   1.5572412E+03   1.6990000E+03   1.0530000E+03   0.0000000E+00   0.0000000E+00
   1.5572487E+03   1.7060000E+03   1.0720000E+03   9.3626035E-05   1.4899815E-04
   1.5572563E+03   1.7000000E+03   1.0790000E+03   0.0000000E+00   0.0000000E+00
   1.5572638E+03   1.6700000E+03   1.0300000E+03   0.0000000E+00   0.0000000E+00
   1.5572713E+03   1.6480000E+03   1.0630000E+03   0.0000000E+00   0.0000000E+00
   1.5572789E+03   1.6740000E+03   1.0720000E+03   0.0000000E+00   0.0000000E+00
   1.5572864E+03   1.6580000E+03   1.0180000E+03   3.6840575E-04   0.0000000E+00
   1.5572939E+03   1.7530000E+03   1.1360000E+03   0.0000000E+00   0.0000000E+00
   1.5573014E+03   1.6670000E+03   1.0410000E+03   0.0000000E+00   0.0000000E+00
   1.5573090E+03   1.7540000E+03   1.1320000E+03   2.7182399E-06   0.0000000E+00
   1.5573165E+03   1.6800000E+03   1.0490000E+03   0.0000000E+00   0.0000000E+00
   1.5573240E+03   1.7220000E+03   1.1010000E+03   1.3744140E-04   0.0000000E+00
   1.5573316E+03   1.6270000E+03   9.9400000E+02   0.0000000E+00   0.0000000E+00
   1.5573391E+03   1.7200000E+03   1.1070000E+03   2.1578992E-04   3.3528334E-04
   1.5573466E+03   1.6280000E+03   1.0590000E+03   0.0000000E+00   0.0000000E+00
   1.5573541E+03   1.6750000E+03   1.0470000E+03   1.9115784E-04   3.0581603E-04
   1.5573617E+03   1.6600000E+03   1.0690000E+03   1.2772663E-04   0.0000000E+00
   1.5573692E+03   1.6640000E+03   1.0870000E+03   0.0000000E+00   0.0000000E+00
   1.5573767E+03   1.5720000E+03   9.8900000E+02   4.5325767E-04   7.2044596E-04
   1.5573842E+03   1.6350000E+03   1.0390000E+03   0.0000000E+00   0.0000000E+00
   1.5573918E+03   1.6810000E+03   1.0740000E+03   0.0000000E+00   0.0000000E+00
   1.5573993E+03   1.6780000E+03   1.0810000E+03   0.0000000E+00   0.0000000E+00
   1.5574068E+03   1.6790000E+03   1.0650000E+03   0.0000000E+00   0.0000000E+00
   1.5574144E+03   1.6740000E+03   1.0080000E+03   5.0309149E-04   8.3549122E-04
   1.5574219E+03   1.5880000E+03   9.8800000E+02   0.0000000E+00   0.0000000E+00
   1.5574294E+03   1.6760000E+03   1.0870000E+03   2.6940837E-04   3.6162292E-04
   1.5574369E+03   1.6690000E+03   1.0470000E+03   0.0000000E+00   0.0000000E+00
   1.5574445E+03   1.6100000E+03   1.0360000E+03   0.0000000E+00   0.0000000E+00
   1.5574520E+03   1.6100000E+03   1.0310000E+03   0.0000000E+00   0.0000000E+00
   1.5574595E+03   1.6640000E+03   1.0480000E+03   4.0412292E-04   6.4166081E-04
   1.5574671E+03   1.5850000E+03   1.0020000E+03   0.0000000E+00   0.0000000E+00
   1.5574746E+03   1.5900000E+03   1.0020000E+03   9.0438014E-05   1.4350942E-04
   1.5574821E+03   1.6300000E+03   1.0330000E+03   8.8347886E-05   1.3940664E-04
   1.5574896E+03   1.5620000E+03   1.0210000E+03   5.7339373E-04   8.7721940E-04
   1.5574972E+03   1.6150000E+03   1.0730000E+03   0.0000000E+00   0.0000000E+00
   1.5575047E+03   1.6030000E+03   1.0660000E+03   0.0000000E+00   0.0000000E+00
   1.5575122E+03   1.6810000E+03   1.0370000E+03   0.0000000E+00   0.0000000E+00
   1.5575198E+03   1.5570000E+03   1.0090000E+03   0.0000000E+00   0.0000000E+00
   1.5575273E+03   1.5770000E+03   9.6600000E+02   0.0000000E+00   0.0000000E+00
   1.5575348E+03   1.5640000E+03   1.0020000E+03   5.9895433E-04   9.3489479E-04
   1.5575423E+03   1.5700000E+03   9.8600000E+02   0.0000000E+00   0.0000000E+00
   1.5575499E+03   1.6500000E+03   1.0400000E+03   1.1740205E-05   0.0000000E+00
   1.5575574E+03   1.5650000E+03   9.9000000E+02   2.0953565E-04   3.3123564E-04
   1.5575649E+03   1.5810000E+03   9.6800000E+02   0.0000000E+00   0.0000000E+00
   1.5575725E+03   1.5510000E+03   9.7500000E+02   0.0000000E+00   0.0000000E+00
   1.5575800E+03   1.5400000E+03   9.7100000E+02   0.0000000E+00   0.0000000E+00
   1.5575875E+03   1.5810000E+03   9.8400000E+02   0.0000000E+00   0.0000000E+00
   1.5575950E+03   1.6150000E+03   1.0520000E+03   0.0000000E+00   0.0000000E+00
   1.5576026E+03   1.5350000E+03   9.8100000E+02   0.0000000E+00   0.0000000E+00
   1.5576101E+03   1.5290000E+03   9.7700000E+02   0.0000000E+00   0.0000000E+00
   1.5576176E+03   1.5640000E+03   9.5000000E+02   0.0000000E+00   0.0000000E+00
   1.5576252E+03   1.4770000E+03   9.2700000E+02   6.3632398E-04   1.0138625E-03
   1.5576327E+03   1.5430000E+03   9.6500000E+02   0.0000000E+00   0.0000000E+00
   1.5576402E+03   1.5480000E+03   9.9700000E+02   0.0000000E+00   0.0000000E+00
   1.5576477E+03   1.5340000E+03   9.6000000E+02   0.0000000E+00   0.0000000E+00
   1.5576553E+03   1.5710000E+03   9.8500000E+02   2.9724841E-04   4.7408859E-04
   1.5576628E+03   1.5360000E+03   1.0250000E+03   0.0000000E+00   0.0000000E+00
   1.5576703E+03   1.4470000E+03   9.3300000E+02   0.0000000E+00   0.0000000E+00
   1.5576779E+03   1.5330000E+03   9.8700000E+02   3.3366179E-04   5.1824065E-04
   1.5576854E+03   1.5630000E+03   9.7700000E+02   0.0000000E+00   0.0000000E+00
   1.5576929E+03   1.5150000E+03   9.4000000E+02   0.0000000E+00   0.0000000E+00
   1.5577004E+03   1.5100000E+03   9.4300000E+02   6.2077852E-04   9.9403559E-04
   1.5577080E+03   1.5880000E+03   9.8700000E+02   0.0000000E+00   0.0000000E+00
   1.5577155E+03   1.5280000E+03   9.5100000E+02   0.0000000E+00   0.0000000E+00
   1.5577230E+03   1.5000000E+03   9.5000000E+02   0.0000000E+00   0.0000000E+00
   1.5577306E+03   1.5040000E+03   9.5900000E+02   0.0000000E+00   0.0000000E+00
   1.5577381E+03   1.5590000E+03   9.8700000E+02   0.0000000E+00   0.0000000E+00
   1.5577456E+03   1.5350000E+03   9.9600000E+02   0.0000000E+00   0.0000000E+00
   1.5577531E+03   1.4370000E+03   9.3500000E+02   5.8281223E-05   8.9572318E-05
   1.5577607E+03   1.5880000E+03   9.6500000E+02   5.4487898E-04   8.9665060E-04
   1.5577682E+03   1.4840000E+03   9.4500000E+02   0.0000000E+00   0.0000000E+00
   1.5577757E+03   1.4010000E+03   9.0800000E+02   0.0000000E+00   0.0000000E+00
   1.5577833E+03   1.4830000E+03   9.6200000E+02   0.0000000E+00   0.0000000E+00
   1.5577908E+03   1.4820000E+03   9.2800000E+02   0.0000000E+00   0.0000000E+00
   1.5577983E+03   1.5170000E+03   9.7300000E+02   3.0124312E-04   7.4010650E-04
   1.5578058E+03   1.4320000E+03   9.2400000E+02   0.0000000E+00   0.0000000E+00
   1.5578134E+03   1.4700000E+03   9.4800000E+02   0.0000000E+00   0.0000000E+00
   1.5578209E+03   1.4030000E+03   8.4600000E+02   0.0000000E+00   0.0000000E+00
   1.5578284E+03   1.4210000E+03   9.0800000E+02   0.0000000E+00   0.0000000E+00
   1.5578359E+03   1.4220000E+03   9.0300000E+02   0.0000000E+00   0.0000000E+00
   1.5578435E+03   1.4790000E+03   9.2800000E+02   0.0000000E+00   0.0000000E+00
   1.5578510E+03   1.4290000E+03   9.2800000E+02   0.0000000E+00   0.0000000E+00
   1.5578585E+03   1.4430000E+03   9.0800000E+02   0.0000000E+00   0.0000000E+00
   1.5578661E+03   1.4150000E+03   8.9200000E+02   5.3437948E-04   8.4769839E-04
   1.5578736E+03   1.4400000E+03   9.1200000E+02   0.0000000E+00   0.0000000E+00
   1.5578811E+03   1.4090000E+03   8.8100000E+02   0.0000000E+00   0.0000000E+00
   1.5578886E+03   1.4180000E+03   9.1600000E+02   0.0000000E+00   0.0000000E+00
   1.5578962E+03   1.4460000E+03   9.3400000E+02   6.3204483E-04   0.0000000E+00
   1.5579037E+03   1.3650000E+03   8.4300000E+02   0.0000000E+00   0.0000000E+00
   1.5579112E+03   1.4210000E+03   8.8800000E+02   0.0000000E+00   0.0000000E+00
   1.5579188E+03   1.3990000E+03   8.9100000E+02   0.0000000E+00   0.0000000E+00
   1.5579263E+03   1.4300000E+03   9.0500000E+02   0.0000000E+00   0.0000000E+00
   1.5579338E+03   1.4200000E+03   8.7600000E+02   0.0000000E+00   0.0000000E+00
   1.5579413E+03   1.4120000E+03   8.9900000E+02   0.0000000E+00   0.0000000E+00
   1.5579489E+03   1.4290000E+03   9.1500000E+02   0.0000000E+00   0.0000000E+00
   1.5579564E+03   1.3850000E+03   8.6500000E+02   0.0000000E+00   0.0000000E+00
   1.5579639E+03   1.4030000E+03   8.4000000E+02   0.0000000E+00   0.0000000E+00
   1.5579715E+03   1.3980000E+03   8.9300000E+02   2.7307662E-05   0.0000000E+00
   1.5579790E+03   1.4420000E+03   9.0100000E+02   4.2343065E-04   6.7767702E-04
   1.5579865E+03   1.4170000E+03   9.1600000E+02   1.2635535E-04   1.9546456E-04
   1.5579940E+03   1.3400000E+03   8.3500000E+02   0.0000000E+00   0.0000000E+00
   1.5580016E+03   1.3760000E+03   8.8600000E+02   0.0000000E+00   0.0000000E+00
   1.5580091E+03   1.3040000E+03   8.2300000E+02   0.0000000E+00   0.0000000E+00
   1.5580166E+03   1.4310000E+03   8.7400000E+02   5.3118964E-04   0.0000000E+00
   1.5580242E+03   1.3350000E+03   8.4000000E+02   0.0000000E+00   0.0000000E+00
   1.5580317E+03   1.3780000E+03   8.7000000E+02   0.0000000E+00   0.0000000E+00
   1.5580392E+03   1.3290000E+03   8.2700000E+02   0.0000000E+00   0.0000000E+00
   1.5580467E+03   1.3690000E+03   8.4700000E+02   0.0000000E+00   0.0000000E+00
   1.5580543E+03   1.3130000E+03   8.1600000E+02   0.0000000E+00   0.0000000E+00
   1.5580618E+03   1.3180000E+03   8.5800000E+02   0.0000000E+00   0.0000000E+00
   1.5580693E+03   1.3370000E+03   8.4600000E+02   4.6474804E-04   8.8761357E-04
   1.5580769E+03   1.3390000E+03   8.5100000E+02   0.0000000E+00   0.0000000E+00
   1.5580844E+03   1.3170000E+03   8.4900000E+02   3.5070883E-04   5.4403243E-04
   1.5580919E+03   1.3120000E+03   8.3400000E+02   0.0000000E+00   0.0000000E+00
   1.5580994E+03   1.3820000E+03   8.7500000E+02   5.9910749E-04   9.4624748E-04
   1.5581070E+03   1.3570000E+03   8.7100000E+02   5.5517623E-06   8.6495309E-06
   1.5581145E+03   1.3800000E+03   8.9200000E+02   2.5169593E-04   7.7691109E-04
   1.5581220E+03   1.4000000E+03   8.5200000E+02   0.0000000E+00   0.0000000E+00
   1.5581296E+03   1.3970000E+03   8.7800000E+02   0.0000000E+00   0.0000000E+00
   1.5581371E+03   1.3020000E+03   8.2900000E+02   5.9616088E-04   0.0000000E+00
   1.5581446E+03   1.2670000E+03   7.9700000E+02   1.8948093E-04   3.0122000E-04
   1.5581521E+03   1.2280000E+03   7.5500000E+02   0.0000000E+00   0.0000000E+00
   1.5581597E+03   1.2690000E+03   7.8800000E+02   6.5659942E-04   1.0573917E-03
   1.5581672E+03   1.2230000E+03   7.9500000E+02   0.0000000E+00   0.0000000E+00
   1.5581747E+03   1.3070000E+03   8.2800000E+02   0.0000000E+00   0.0000000E+00
   1.5581823E+03   1.3150000E+03   8.2400000E+02   0.0000000E+00   0.0000000E+00
   1.5581898E+03   1.2420000E+03   7.6300000E+02   7.2024649E-04   1.1724065E-03
   1.5581973E+03   1.2410000E+03   7.8000000E+02   0.0000000E+00   0.0000000E+00
   1.5582048E+03   1.2830000E+03   8.3500000E+02   0.0000000E+00   0.0000000E+00
   1.5582124E+03   1.3040000E+03   8.1000000E+02   0.0000000E+00   0.0000000E+00
   1.5582199E+03   1.3040000E+03   8.1700000E+02   0.0000000E+00   0.0000000E+00
   1.5582274E+03   1.3280000E+03   8.5500000E+02   0.0000000E+00   0.0000000E+00
   1.5582350E+03   1.3250000E+03   8.1400000E+02   0.0000000E+00   0.0000000E+00
   1.5582425E+03   1.2410000E+03   7.6000000E+02   0.0000000E+00   0.0000000E+00
   1.5582500E+03   1.2330000E+03   7.7100000E+02   0.0000000E+00   0.0000000E+00
   1.5582575E+03   1.2020000E+03   7.9400000E+02   7.9024122E-04   0.0000000E+00
   1.5582651E+03   1.2490000E+03   7.4700000E+02   0.0000000E+00   0.0000000E+00
   1.5582726E+03   1.2430000E+03   7.9900000E+02   0.0000000E+00   0.0000000E+00
   1.5582801E+03   1.2460000E+03   8.1800000E+02   0.0000000E+00   0.0000000E+00
   1.5582876E+03   1.2320000E+03   7.5600000E+02   2.6399685E-04   0.0000000E+00
   1.5582952E+03   1.2170000E+03   7.5500000E+02   0.0000000E+00   0.0000000E+00
   1.5583027E+03   1.2400000E+03   7.9000000E+02   3.1690677E-04   4.9742329E-04
   1.5583102E+03   1.2550000E+03   7.8700000E+02   0.0000000E+00   0.0000000E+00
   1.5583178E+03   1.2430000E+03   7.9500000E+02   0.0000000E+00   0.0000000E+00
   1.5583253E+03   1.2320000E+03   7.8100000E+02   0.0000000E+00   0.0000000E+00
   1.5583328E+03   1.2040000E+03   7.5100000E+02   7.9553090E-04   1.2753918E-03
   1.5583403E+03   1.2390000E+03   8.0700000E+02   0.0000000E+00   0.0000000E+00
   1.5583479E+03   1.2300000E+03   7.6200000E+02   0.0000000E+00   0.0000000E+00
   1.5583554E+03   1.1960000E+03   7.5000000E+02   6.8927270E-04   1.0991602E-03
   1.5583629E+03   1.2370000E+03   7.8800000E+02   0.0000000E+00   0.0000000E+00
   1.5583705E+03   1.2280000E+03   7.5700000E+02   0.0000000E+00   0.0000000E+00
   1.5583780E+03   1.1600000E+03   7.6400000E+02   4.9969923E-04   7.5870564E-04
   1.5583855E+03   1.1860000E+03   7.7900000E+02   0.0000000E+00   0.0000000E+00
   1.5583930E+03   1.1810000E+03   7.3800000E+02   0.0000000E+00   0.0000000E+00
   1.5584006E+03   1.1460000E+03   7.1800000E+02   0.0000000E+00   0.0000000E+00
   1.5584081E+03   1.2040000E+03   7.7300000E+02   0.0000000E+00   0.0000000E+00
   1.5584156E+03   1.1510000E+03   7.3200000E+02   0.0000000E+00   0.0000000E+00
   1.5584232E+03   1.1930000E+03   7.9200000E+02   0.0000000E+00   0.0000000E+00
   1.5584307E+03   1.2130000E+03   7.7200000E+02   0.0000000E+00   0.0000000E+00
   1.5584382E+03   1.2150000E+03   7.3300000E+02   0.0000000E+00   0.0000000E+00
   1.5584457E+03   1.1970000E+03   7.4600000E+02   0.0000000E+00   0.0000000E+00
   1.5584533E+03   1.1870000E+03   7.7300000E+02   0.0000000E+00   0.0000000E+00
   1.5584608E+03   1.1900000E+03   7.5700000E+02   0.0000000E+00   0.0000000E+00
   1.5584683E+03   1.1500000E+03   7.4800000E+02   0.0000000E+00   0.0000000E+00
   1.5584759E+03   1.2330000E+03   8.0400000E+02   7.6532811E-04   1.1736935E-03
   1.5584834E+03   1.1360000E+03   7.1100000E+02   0.0000000E+00   0.0000000E+00
   1.5584909E+03   1.1720000E+03   7.4200000E+02   8.1244178E-04   1.2832638E-03
   1.5584984E+03   1.1460000E+03   7.5600000E+02   2.3432507E-04   0.0000000E+00
   1.5585060E+03   1.1000000E+03   6.9200000E+02   0.0000000E+00   0.0000000E+00
   1.5585135E+03   1.1890000E+03   7.5200000E+02   0.0000000E+00   0.0000000E+00
   1.5585210E+03   1.1380000E+03   7.0200000E+02   0.0000000E+00   0.0000000E+00
   1.5585286E+03   1.1760000E+03   7.5400000E+02   0.0000000E+00   0.0000000E+00
   1.5585361E+03   1.1660000E+03   7.0700000E+02   0.0000000E+00   0.0000000E+00
   1.5585436E+03   1.1020000E+03   6.8500000E+02   0.0000000E+00   0.0000000E+00
   1.5585511E+03   1.1280000E+03   7.2400000E+02   6.0494691E-04   9.4251398E-04
   1.5585587E+03   1.1200000E+03   7.3300000E+02   0.0000000E+00   0.0000000E+00
   1.5585662E+03   1.1800000E+03   7.3800000E+02   0.0000000E+00   0.0000000E+00
   1.5585737E+03   1.1090000E+03   7.2100000E+02   0.0000000E+00   0.0000000E+00
   1.5585813E+03   1.1240000E+03   7.1200000E+02   1.5083146E-03   2.3811034E-03
   1.5585888E+03   1.0610000E+03   6.5800000E+02   0.0000000E+00   0.0000000E+00
   1.5585963E+03   1.1440000E+03   7.3600000E+02   0.0000000E+00   0.0000000E+00
   1.5586038E+03   1.0820000E+03   6.4500000E+02   0.0000000E+00   0.0000000E+00
   1.5586114E+03   1.1390000E+03   7.5000000E+02   0.0000000E+00   0.0000000E+00
   1.5586189E+03   1.1150000E+03   6.7300000E+02   0.0000000E+00   0.0000000E+00
   1.5586264E+03   1.1140000E+03   7.1300000E+02   0.0000000E+00   0.0000000E+00
   1.5586340E+03   1.0780000E+03   6.8400000E+02   0.0000000E+00   0.0000000E+00
   1.5586415E+03   1.0660000E+03   6.5900000E+02   0.0000000E+00   0.0000000E+00
   1.5586490E+03   1.0900000E+03   7.0800000E+02   0.0000000E+00   0.0000000E+00
   1.5586565E+03   1.0780000E+03   6.6700000E+02   2.3846640E-04   0.0000000E+00
   1.5586641E+03   1.0630000E+03   6.6100000E+02   0.0000000E+00   0.0000000E+00
   1.5586716E+03   1.1420000E+03   7.1900000E+02   3.9918174E-04   6.3402718E-04
   1.5586791E+03   1.0640000E+03   6.7800000E+02   0.0000000E+00   0.0000000E+00
   1.5586867E+03   1.0700000E+03   6.6700000E+02   0.0000000E+00   0.0000000E+00
   1.5586942E+03   1.0780000E+03   6.9000000E+02   0.0000000E+00   0.0000000E+00
   1.5587017E+03   1.0950000E+03   6.9300000E+02   0.0000000E+00   0.0000000E+00
   1.5587092E+03   1.1100000E+03   6.8800000E+02   0.0000000E+00   0.0000000E+00
   1.5587168E+03   1.1150000E+03   7.0500000E+02   0.0000000E+00   0.0000000E+00
   1.5587243E+03   1.0930000E+03   6.8700000E+02   4.1322662E-04   6.5743332E-04
   1.5587318E+03   1.1090000E+03   6.8800000E+02   0.0000000E+00   0.0000000E+00
   1.5587393E+03   1.0700000E+03   6.8600000E+02   0.0000000E+00   0.0000000E+00
   1.5587469E+03   1.0510000E+03   6.6200000E+02   0.0000000E+00   0.0000000E+00
   1.5587544E+03   1.1030000E+03   7.1000000E+02   0.0000000E+00   0.0000000E+00
   1.5587619E+03   1.0320000E+03   6.5000000E+02   0.0000000E+00   0.0000000E+00
   1.5587695E+03   1.0660000E+03   6.8600000E+02   0.0000000E+00   0.0000000E+00
   1.5587770E+03   1.0860000E+03   6.9300000E+02   0.0000000E+00   0.0000000E+00
   1.5587845E+03   1.0970000E+03   6.6300000E+02   2.2183896E-04   0.0000000E+00
   1.5587920E+03   1.0050000E+03   6.3400000E+02   0.0000000E+00   0.0000000E+00
   1.5587996E+03   1.0510000E+03   6.6100000E+02   0.0000000E+00   0.0000000E+00
   1.5588071E+03   1.0260000E+03   6.7800000E+02   0.0000000E+00   0.0000000E+00
   1.5588146E+03   1.0630000E+03   6.8200000E+02   0.0000000E+00   0.0000000E+00
   1.5588222E+03   1.0730000E+03   6.7600000E+02   0.0000000E+00   0.0000000E+00
   1.5588297E+03   1.0310000E+03   6.2200000E+02   0.0000000E+00   0.0000000E+00
   1.5588372E+03   1.0640000E+03   6.5000000E+02   0.0000000E+00   0.0000000E+00
   1.5588447E+03   1.0200000E+03   6.2900000E+02   0.0000000E+00   0.0000000E+00
   1.5588523E+03   1.0360000E+03   6.6400000E+02   0.0000000E+00   0.0000000E+00
   1.5588598E+03   1.0590000E+03   6.7200000E+02   0.0000000E+00   0.0000000E+00
   1.5588673E+03   1.0380000E+03   6.7800000E+02   0.0000000E+00   0.0000000E+00
   1.5588749E+03   1.0460000E+03   6.7000000E+02   0.0000000E+00   0.0000000E+00
   1.5588824E+03   1.0370000E+03   6.6700000E+02   0.0000000E+00   0.0000000E+00
   1.5588899E+03   1.0000000E+03   6.3900000E+02   0.0000000E+00   0.0000000E+00
   1.5588974E+03   1.0080000E+03   6.4000000E+02   0.0000000E+00   0.0000000E+00
   1.5589050E+03   1.0090000E+03   6.2100000E+02   0.0000000E+00   0.0000000E+00
   1.5589125E+03   9.6200000E+02   5.8800000E+02   0.0000000E+00   0.0000000E+00
   1.5589200E+03   9.9100000E+02   6.3800000E+02   0.0000000E+00   0.0000000E+00
   1.5589276E+03   1.0030000E+03   6.2000000E+02   0.0000000E+00   0.0000000E+00
   1.5589351E+03   1.0030000E+03   6.4700000E+02   0.0000000E+00   0.0000000E+00
   1.5589426E+03   9.8900000E+02   6.3500000E+02   2.3666137E-04   0.0000000E+00
   1.5589501E+03   1.0190000E+03   6.6700000E+02   0.0000000E+00   0.0000000E+00
   1.5589577E+03   9.8300000E+02   6.0700000E+02   0.0000000E+00   0.0000000E+00
   1.5589652E+03   9.8200000E+02   6.5300000E+02   0.0000000E+00   0.0000000E+00
   1.5589727E+03   9.3800000E+02   5.9100000E+02   0.0000000E+00   0.0000000E+00
   1.5589803E+03   1.0590000E+03   6.5300000E+02   0.0000000E+00   0.0000000E+00
   1.5589878E+03   1.0320000E+03   6.2300000E+02   0.0000000E+00   0.0000000E+00
   1.5589953E+03   9.7800000E+02   6.1800000E+02   0.0000000E+00   0.0000000E+00
   1.5590028E+03   9.9000000E+02   6.1300000E+02   8.5752381E-04   1.3322274E-03
   1.5590104E+03   1.0100000E+03   6.3000000E+02   8.1651240E-05   1.3090119E-04
   1.5590179E+03   9.5800000E+02   6.1200000E+02   0.0000000E+00   0.0000000E+00
   1.5590254E+03   9.2600000E+02   6.0500000E+02   0.0000000E+00   0.0000000E+00
   1.5590330E+03   1.0200000E+03   6.4400000E+02   0.0000000E+00   0.0000000E+00
   1.5590405E+03   9.2900000E+02   5.7800000E+02   0.0000000E+00   0.0000000E+00
   1.5590480E+03   9.3800000E+02   5.9800000E+02   0.0000000E+00   0.0000000E+00
   1.5590555E+03   9.5000000E+02   6.0400000E+02   0.0000000E+00   0.0000000E+00
   1.5590631E+03   9.5500000E+02   6.1600000E+02   2.8994512E-04   0.0000000E+00
   1.5590706E+03   9.5100000E+02   6.1900000E+02   0.0000000E+00   0.0000000E+00
   1.5590781E+03   9.3500000E+02   6.0600000E+02   0.0000000E+00   0.0000000E+00
   1.5590857E+03   9.2600000E+02   5.7100000E+02   0.0000000E+00   0.0000000E+00
   1.5590932E+03   9.9500000E+02   6.6600000E+02   0.0000000E+00   0.0000000E+00
   1.5591007E+03   9.5600000E+02   6.4300000E+02   0.0000000E+00   0.0000000E+00
   1.5591082E+03   9.8100000E+02   6.2600000E+02   0.0000000E+00   0.0000000E+00
   1.5591158E+03   9.4200000E+02   6.0600000E+02   0.0000000E+00   0.0000000E+00
   1.5591233E+03   9.4400000E+02   5.9500000E+02   0.0000000E+00   0.0000000E+00
   1.5591308E+03   9.4600000E+02   6.0500000E+02   0.0000000E+00   0.0000000E+00
   1.5591384E+03   9.1200000E+02   5.6100000E+02   0.0000000E+00   0.0000000E+00
   1.5591459E+03   9.3200000E+02   5.8600000E+02   1.7930760E-04   2.8517864E-04
   1.5591534E+03   9.2100000E+02   6.0200000E+02   0.0000000E+00   0.0000000E+00
   1.5591609E+03   9.5100000E+02   6.0900000E+02   0.0000000E+00   0.0000000E+00
   1.5591685E+03   9.0800000E+02   5.6300000E+02   0.0000000E+00   0.0000000E+00
   1.5591760E+03   8.6000000E+02   5.5900000E+02   0.0000000E+00   0.0000000E+00
   1.5591835E+03   9.6400000E+02   6.0800000E+02   0.0000000E+00   0.0000000E+00
   1.5591910E+03   9.4300000E+02   5.7900000E+02   7.8547562E-04   1.2792807E-03
   1.5591986E+03   9.2000000E+02   5.7600000E+02   0.0000000E+00   0.0000000E+00
   1.5592061E+03   8.8500000E+02   5.5400000E+02   0.0000000E+00   0.0000000E+00
   1.5592136E+03   9.2200000E+02   6.0200000E+02   0.0000000E+00   0.0000000E+00
   1.5592212E+03   8.8900000E+02   5.4300000E+02   0.0000000E+00   0.0000000E+00
   1.5592287E+03   9.7800000E+02   6.0900000E+02   0.0000000E+00   0.0000000E+00
   1.5592362E+03   9.6800000E+02   6.3400000E+02   0.0000000E+00   0.0000000E+00
   1.5592437E+03   8.8800000E+02   5.7000000E+02   0.0000000E+00   0.0000000E+00
   1.5592513E+03   9.0500000E+02   5.6600000E+02   0.0000000E+00   0.0000000E+00
   1.5592588E+03   9.0300000E+02   5.6900000E+02   5.5324583E-05   0.0000000E+00
   1.5592663E+03   8.9700000E+02   5.6500000E+02   0.0000000E+00   0.0000000E+00
   1.5592739E+03   9.2800000E+02   5.9900000E+02   0.0000000E+00   0.0000000E+00
   1.5592814E+03   8.3200000E+02   5.5500000E+02   8.3234122E-04   0.0000000E+00
   1.5592889E+03   8.5300000E+02   5.5300000E+02   0.0000000E+00   0.0000000E+00
   1.5592964E+03   9.2400000E+02   5.6800000E+02   0.0000000E+00   0.0000000E+00
   1.5593040E+03   9.0200000E+02   5.6200000E+02   0.0000000E+00   0.0000000E+00
   1.5593115E+03   9.1400000E+02   5.7000000E+02   0.0000000E+00   0.0000000E+00
   1.5593190E+03   8.5000000E+02   5.2400000E+02   0.0000000E+00   0.0000000E+00
   1.5593266E+03   8.6900000E+02   5.6400000E+02   0.0000000E+00   0.0000000E+00
   1.5593341E+03   8.9000000E+02   5.8900000E+02   0.0000000E+00   0.0000000E+00
   1.5593416E+03   8.6700000E+02   5.3500000E+02   0.0000000E+00   0.0000000E+00
   1.5593491E+03   8.9400000E+02   5.6300000E+02   0.0000000E+00   0.0000000E+00
   1.5593567E+03   8.7400000E+02   5.6600000E+02   0.0000000E+00   0.0000000E+00
   1.5593642E+03   8.9000000E+02   5.6000000E+02   0.0000000E+00   0.0000000E+00
   1.5593717E+03   8.3800000E+02   5.2900000E+02   0.0000000E+00   0.0000000E+00
   1.5593793E+03   8.9500000E+02   5.9400000E+02   0.0000000E+00   0.0000000E+00
   1.5593868E+03   8.4100000E+02   5.3400000E+02   0.0000000E+00   0.0000000E+00
   1.5593943E+03   7.8800000E+02   5.1600000E+02   1.2199879E-03   1.8630823E-03
   1.5594018E+03   8.1300000E+02   5.0600000E+02   0.0000000E+00   0.0000000E+00
   1.5594094E+03   8.4700000E+02   5.4300000E+02   0.0000000E+00   0.0000000E+00
   1.5594169E+03   8.2000000E+02   5.3300000E+02   0.0000000E+00   0.0000000E+00
   1.5594244E+03   8.7300000E+02   5.5900000E+02   0.0000000E+00   0.0000000E+00
   1.5594320E+03   7.7100000E+02   4.7700000E+02   0.0000000E+00   0.0000000E+00
   1.5594395E+03   8.5200000E+02   5.4500000E+02   0.0000000E+00   0.0000000E+00
   1.5594470E+03   8.6300000E+02   5.4700000E+02   0.0000000E+00   0.0000000E+00
   1.5594545E+03   8.3200000E+02   5.2500000E+02   0.0000000E+00   0.0000000E+00
   1.5594621E+03   8.2100000E+02   5.1200000E+02   9.2739832E-05   1.4870977E-04
   1.5594696E+03   8.1400000E+02   5.0500000E+02   0.0000000E+00   0.0000000E+00
   1.5594771E+03   8.5400000E+02   5.2800000E+02   0.0000000E+00   0.0000000E+00
   1.5594847E+03   8.1000000E+02   5.3800000E+02   0.0000000E+00   0.0000000E+00
   1.5594922E+03   8.6900000E+02   5.5100000E+02   0.0000000E+00   0.0000000E+00
   1.5594997E+03   8.1300000E+02   5.1700000E+02   0.0000000E+00   0.0000000E+00
   1.5595072E+03   8.4900000E+02   5.6900000E+02   0.0000000E+00   0.0000000E+00
   1.5595148E+03   8.4700000E+02   5.1500000E+02   0.0000000E+00   0.0000000E+00
   1.5595223E+03   8.3000000E+02   5.0200000E+02   0.0000000E+00   0.0000000E+00
   1.5595298E+03   8.1100000E+02   4.9200000E+02   0.0000000E+00   0.0000000E+00
   1.5595374E+03   8.1200000E+02   5.0600000E+02   0.0000000E+00   0.0000000E+00
   1.5595449E+03   7.8500000E+02   4.7500000E+02   0.0000000E+00   0.0000000E+00
   1.5595524E+03   8.1200000E+02   5.2300000E+02   0.0000000E+00   0.0000000E+00
   1.5595599E+03   8.0400000E+02   5.1800000E+02   0.0000000E+00   0.0000000E+00
   1.5595675E+03   8.0200000E+02   5.1300000E+02   7.2123127E-04   1.1275390E-03
   1.5595750E+03   8.2100000E+02   4.8700000E+02   0.0000000E+00   0.0000000E+00
   1.5595825E+03   7.6000000E+02   4.7600000E+02   0.0000000E+00   0.0000000E+00
   1.5595901E+03   7.9500000E+02   5.0800000E+02   0.0000000E+00   0.0000000E+00
   1.5595976E+03   7.8100000E+02   5.1100000E+02   0.0000000E+00   0.0000000E+00
   1.5596051E+03   8.4200000E+02   5.3300000E+02   0.0000000E+00   0.0000000E+00
   1.5596126E+03   7.9800000E+02   5.0800000E+02   0.0000000E+00   0.0000000E+00
   1.5596202E+03   8.1000000E+02   5.3700000E+02   0.0000000E+00   0.0000000E+00
   1.5596277E+03   7.3500000E+02   4.7000000E+02   0.0000000E+00   0.0000000E+00
   1.5596352E+03   7.7600000E+02   4.8700000E+02   0.0000000E+00   0.0000000E+00
   1.5596427E+03   7.8200000E+02   4.8900000E+02   0.0000000E+00   0.0000000E+00
   1.5596503E+03   7.7900000E+02   4.8300000E+02   0.0000000E+00   0.0000000E+00
   1.5596578E+03   7.5000000E+02   4.9900000E+02   0.0000000E+00   0.0000000E+00
   1.5596653E+03   7.3200000E+02   4.5900000E+02   0.0000000E+00   0.0000000E+00
   1.5596729E+03   7.5800000E+02   4.8800000E+02   0.0000000E+00   0.0000000E+00
   1.5596804E+03   7.0000000E+02   4.6600000E+02   0.0000000E+00   0.0000000E+00
   1.5596879E+03   7.7200000E+02   4.7800000E+02   0.0000000E+00   0.0000000E+00
   1.5596954E+03   7.6600000E+02   4.9100000E+02   0.0000000E+00   0.0000000E+00
   1.5597030E+03   7.6600000E+02   4.7700000E+02   0.0000000E+00   0.0000000E+00
   1.5597105E+03   7.9900000E+02   5.1900000E+02   0.0000000E+00   0.0000000E+00
   1.5597180E+03   7.6900000E+02   4.9800000E+02   0.0000000E+00   0.0000000E+00
   1.5597256E+03   7.6800000E+02   4.8300000E+02   0.0000000E+00   0.0000000E+00
   1.5597331E+03   8.0100000E+02   4.9100000E+02   0.0000000E+00   0.0000000E+00
   1.5597406E+03   7.3700000E+02   4.8000000E+02   0.0000000E+00   0.0000000E+00
   1.5597481E+03   7.6000000E+02   4.6500000E+02   0.0000000E+00   0.0000000E+00
   1.5597557E+03   7.8300000E+02   4.6800000E+02   0.0000000E+00   0.0000000E+00
   1.5597632E+03   7.3700000E+02   4.5600000E+02   0.0000000E+00   0.0000000E+00
   1.5597707E+03   7.8300000E+02   5.2200000E+02   3.7351956E-04   5.6027934E-04
   1.5597783E+03   7.1900000E+02   4.7600000E+02   0.0000000E+00   0.0000000E+00
   1.5597858E+03   7.0800000E+02   4.3000000E+02   1.0638795E-03   1.7516900E-03
   1.5597933E+03   7.5000000E+02   4.7800000E+02   0.0000000E+00   0.0000000E+00
   1.5598008E+03   7.5200000E+02   4.6400000E+02   0.0000000E+00   0.0000000E+00
   1.5598084E+03   7.4000000E+02   4.7600000E+02   5.3569569E-04   8.3280422E-04
   1.5598159E+03   7.6500000E+02   4.6300000E+02   7.7979003E-04   1.2884220E-03
   1.5598234E+03   7.2800000E+02   4.4500000E+02   0.0000000E+00   0.0000000E+00
   1.5598310E+03   6.9700000E+02   4.1300000E+02   0.0000000E+00   0.0000000E+00
   1.5598385E+03   7.1900000E+02   4.5800000E+02   0.0000000E+00   0.0000000E+00
   1.5598460E+03   7.1100000E+02   4.4800000E+02   0.0000000E+00   0.0000000E+00
   1.5598535E+03   7.2500000E+02   4.7600000E+02   0.0000000E+00   0.0000000E+00
   1.5598611E+03   7.3000000E+02   4.6400000E+02   0.0000000E+00   0.0000000E+00
   1.5598686E+03   7.3500000E+02   4.7500000E+02   0.0000000E+00   0.0000000E+00
   1.5598761E+03   7.5400000E+02   4.7900000E+02   0.0000000E+00   0.0000000E+00
   1.5598837E+03   7.3600000E+02   4.5300000E+02   0.0000000E+00   0.0000000E+00
   1.5598912E+03   6.9100000E+02   4.2900000E+02   0.0000000E+00   0.0000000E+00
   1.5598987E+03   7.0100000E+02   4.3300000E+02   0.0000000E+00   0.0000000E+00
   1.5599062E+03   6.9300000E+02   4.3300000E+02   0.0000000E+00   0.0000000E+00
   1.5599138E+03   7.1800000E+02   4.4400000E+02   0.0000000E+00   0.0000000E+00
   1.5599213E+03   7.7900000E+02   4.8600000E+02   0.0000000E+00   0.0000000E+00
   1.5599288E+03   6.8600000E+02   4.2900000E+02   0.0000000E+00   0.0000000E+00
   1.5599364E+03   7.2200000E+02   4.6000000E+02   0.0000000E+00   0.0000000E+00
   1.5599439E+03   7.0600000E+02   4.6100000E+02   0.0000000E+00   0.0000000E+00
   1.5599514E+03   7.2000000E+02   4.6300000E+02   0.0000000E+00   0.0000000E+00
   1.5599589E+03   7.0600000E+02   4.3700000E+02   0.0000000E+00   0.0000000E+00
   1.5599665E+03   6.8100000E+02   4.2200000E+02   0.0000000E+00   0.0000000E+00
   1.5599740E+03   6.4200000E+02   3.9300000E+02   0.0000000E+00   0.0000000E+00
   1.5599815E+03   7.2300000E+02   4.4500000E+02   0.0000000E+00   0.0000000E+00
   1.5599891E+03   6.6000000E+02   3.9700000E+02   0.0000000E+00   0.0000000E+00
   1.5599966E+03   7.0400000E+02   4.5900000E+02   0.0000000E+00   0.0000000E+00
   1.5600041E+03   6.7400000E+02   4.3100000E+02   0.0000000E+00   0.0000000E+00
   1.5600116E+03   6.7400000E+02   4.2800000E+02   0.0000000E+00   0.0000000E+00
   1.5600192E+03   6.9300000E+02   4.2100000E+02   0.0000000E+00   0.0000000E+00
   1.5600267E+03   6.4000000E+02   3.8200000E+02   0.0000000E+00   0.0000000E+00
   1.5600342E+03   7.0300000E+02   4.3900000E+02   0.0000000E+00   0.0000000E+00
   1.5600418E+03   6.7400000E+02   4.2300000E+02   0.0000000E+00   0.0000000E+00
   1.5600493E+03   6.7500000E+02   4.2000000E+02   1.1081301E-03   1.7809234E-03
   1.5600568E+03   6.9200000E+02   4.5100000E+02   0.0000000E+00   0.0000000E+00
   1.5600643E+03   6.3600000E+02   4.1000000E+02   1.5283697E-03   2.3708370E-03
   1.5600719E+03   6.7400000E+02   4.3000000E+02   0.0000000E+00   0.0000000E+00
   1.5600794E+03   6.7800000E+02   4.3600000E+02   0.0000000E+00   0.0000000E+00
   1.5600869E+03   6.8600000E+02   4.4600000E+02   0.0000000E+00   0.0000000E+00
   1.5600944E+03   6.4600000E+02   3.9900000E+02   0.0000000E+00   0.0000000E+00
   1.5601020E+03   5.9900000E+02   3.7900000E+02   0.0000000E+00   0.0000000E+00
   1.5601095E+03   6.6300000E+02   4.2600000E+02   0.0000000E+00   0.0000000E+00
   1.5601170E+03   6.3800000E+02   4.1200000E+02   0.0000000E+00   0.0000000E+00
   1.5601246E+03   6.9700000E+02   4.5600000E+02   0.0000000E+00   0.0000000E+00
   1.5601321E+03   6.8000000E+02   4.1200000E+02   0.0000000E+00   0.0000000E+00
   1.5601396E+03   6.6700000E+02   4.1500000E+02   0.0000000E+00   0.0000000E+00
   1.5601471E+03   6.0800000E+02   3.8600000E+02   0.0000000E+00   0.0000000E+00
   1.5601547E+03   6.3100000E+02   4.0000000E+02   0.0000000E+00   0.0000000E+00
   1.5601622E+03   6.0800000E+02   3.8400000E+02   0.0000000E+00   0.0000000E+00
   1.5601697E+03   6.7400000E+02   4.1800000E+02   0.0000000E+00   0.0000000E+00
   1.5601773E+03   5.8000000E+02   3.8000000E+02   0.0000000E+00   0.0000000E+00
   1.5601848E+03   5.8000000E+02   3.8000000E+02   0.0000000E+00   0.0000000E+00
   1.5601923E+03   6.5900000E+02   4.1000000E+02   0.0000000E+00   0.0000000E+00
   1.5601998E+03   6.4300000E+02   3.9700000E+02   1.0111969E-03   1.6377824E-03
   1.5602074E+03   6.1200000E+02   3.7600000E+02   0.0000000E+00   0.0000000E+00
   1.5602149E+03   6.5200000E+02   4.2200000E+02   0.0000000E+00   0.0000000E+00
   1.5602224E+03   6.5100000E+02   4.1800000E+02   0.0000000E+00   0.0000000E+00
   1.5602300E+03   5.9500000E+02   3.7200000E+02   0.0000000E+00   0.0000000E+00
   1.5602375E+03   5.9200000E+02   3.7300000E+02   0.0000000E+00   0.0000000E+00
   1.5602450E+03   6.8800000E+02   4.2700000E+02   0.0000000E+00   0.0000000E+00
   1.5602525E+03   6.2500000E+02   3.9300000E+02   0.0000000E+00   0.0000000E+00
   1.5602601E+03   5.8200000E+02   3.4800000E+02   0.0000000E+00   0.0000000E+00
   1.5602676E+03   6.1700000E+02   3.8700000E+02   0.0000000E+00   0.0000000E+00
   1.5602751E+03   6.1600000E+02   3.9600000E+02   0.0000000E+00   0.0000000E+00
   1.5602827E+03   5.7500000E+02   3.6900000E+02   0.0000000E+00   0.0000000E+00
   1.5602902E+03   6.3200000E+02   3.9400000E+02   0.0000000E+00   0.0000000E+00
   1.5602977E+03   5.8700000E+02   3.8000000E+02   0.0000000E+00   0.0000000E+00
   1.5603052E+03   5.9200000E+02   3.6400000E+02   0.0000000E+00   0.0000000E+00
   1.5603128E+03   6.6300000E+02   4.3600000E+02   0.0000000E+00   0.0000000E+00
   1.5603203E+03   5.7500000E+02   3.7300000E+02   0.0000000E+00   0.0000000E+00
   1.5603278E+03   6.1300000E+02   3.9000000E+02   0.0000000E+00   0.0000000E+00
   1.5603354E+03   6.3400000E+02   3.9800000E+02   0.0000000E+00   0.0000000E+00
   1.5603429E+03   5.9700000E+02   3.8600000E+02   0.0000000E+00   0.0000000E+00
   1.5603504E+03   6.0600000E+02   3.9000000E+02   0.0000000E+00   0.0000000E+00
   1.5603579E+03   6.0100000E+02   3.7300000E+02   0.0000000E+00   0.0000000E+00
   1.5603655E+03   5.7100000E+02   3.7800000E+02   0.0000000E+00   0.0000000E+00
   1.5603730E+03   5.7000000E+02   3.5200000E+02   0.0000000E+00   0.0000000E+00
   1.5603805E+03   5.9700000E+02   3.7000000E+02   0.0000000E+00   0.0000000E+00
   1.5603881E+03   5.9500000E+02   3.8800000E+02   0.0000000E+00   0.0000000E+00
   1.5603956E+03   5.7600000E+02   3.5400000E+02   0.0000000E+00   0.0000000E+00
   1.5604031E+03   5.5800000E+02   3.5300000E+02   0.0000000E+00   0.0000000E+00
   1.5604106E+03   5.5100000E+02   3.5600000E+02   0.0000000E+00   0.0000000E+00
   1.5604182E+03   5.9500000E+02   3.6200000E+02   0.0000000E+00   0.0000000E+00
   1.5604257E+03   5.6400000E+02   3.7000000E+02   0.0000000E+00   0.0000000E+00
   1.5604332E+03   5.4100000E+02   3.4100000E+02   0.0000000E+00   0.0000000E+00
   1.5604408E+03   5.7000000E+02   3.5800000E+02   0.0000000E+00   0.0000000E+00
   1.5604483E+03   5.6000000E+02   3.2800000E+02   0.0000000E+00   0.0000000E+00
   1.5604558E+03   5.7100000E+02   3.5000000E+02   0.0000000E+00   0.0000000E+00
   1.5604633E+03   5.5100000E+02   3.4400000E+02   0.0000000E+00   0.0000000E+00
   1.5604709E+03   5.4700000E+02   3.3900000E+02   0.0000000E+00   0.0000000E+00
   1.5604784E+03   5.7700000E+02   3.4900000E+02   0.0000000E+00   0.0000000E+00
   1.5604859E+03   5.5700000E+02   3.5000000E+02   0.0000000E+00   0.0000000E+00
   1.5604935E+03   5.5900000E+02   3.5600000E+02   0.0000000E+00   0.0000000E+00
   1.5605010E+03   5.3800000E+02   3.4000000E+02   0.0000000E+00   0.0000000E+00
   1.5605085E+03   5.8700000E+02   3.7400000E+02   0.0000000E+00   0.0000000E+00
   1.5605160E+03   5.4500000E+02   3.6200000E+02   0.0000000E+00   0.0000000E+00
   1.5605236E+03   5.3600000E+02   3.3900000E+02   0.0000000E+00   0.0000000E+00
   1.5605311E+03   5.4900000E+02   3.6900000E+02   0.0000000E+00   0.0000000E+00
   1.5605386E+03   5.5900000E+02   3.6300000E+02   0.0000000E+00   0.0000000E+00
   1.5605461E+03   5.4000000E+02   3.3800000E+02   0.0000000E+00   0.0000000E+00
   1.5605537E+03   5.6800000E+02   3.6600000E+02   0.0000000E+00   0.0000000E+00
   1.5605612E+03   5.0500000E+02   3.0100000E+02   0.0000000E+00   0.0000000E+00
   1.5605687E+03   5.3700000E+02   3.2100000E+02   1.3219196E-03   2.2114357E-03
   1.5605763E+03   5.9500000E+02   3.8000000E+02   1.3389232E-03   2.0964718E-03
   1.5605838E+03   5.1000000E+02   3.1900000E+02   1.3401934E-04   2.1426289E-04
   1.5605913E+03   5.1100000E+02   3.4400000E+02   0.0000000E+00   0.0000000E+00
   1.5605988E+03   4.9300000E+02   3.1900000E+02   0.0000000E+00   0.0000000E+00
   1.5606064E+03   5.5800000E+02   3.6900000E+02   0.0000000E+00   0.0000000E+00
   1.5606139E+03   5.6500000E+02   3.6000000E+02   0.0000000E+00   0.0000000E+00
   1.5606214E+03   5.6100000E+02   3.6400000E+02   0.0000000E+00   0.0000000E+00
   1.5606290E+03   5.5400000E+02   3.5100000E+02   0.0000000E+00   0.0000000E+00
   1.5606365E+03   5.2800000E+02   3.5300000E+02   1.1671832E-04   0.0000000E+00
   1.5606440E+03   5.7200000E+02   3.7400000E+02   0.0000000E+00   0.0000000E+00
   1.5606515E+03   5.3100000E+02   3.2700000E+02   0.0000000E+00   0.0000000E+00
   1.5606591E+03   5.1100000E+02   3.2600000E+02   0.0000000E+00   0.0000000E+00
   1.5606666E+03   5.6000000E+02   3.6200000E+02   0.0000000E+00   0.0000000E+00
   1.5606741E+03   5.2200000E+02   3.2300000E+02   0.0000000E+00   0.0000000E+00
   1.5606817E+03   5.2900000E+02   3.4500000E+02   0.0000000E+00   0.0000000E+00
   1.5606892E+03   4.9800000E+02   3.2100000E+02   0.0000000E+00   0.0000000E+00
   1.5606967E+03   5.3100000E+02   3.3700000E+02   0.0000000E+00   0.0000000E+00
   1.5607042E+03   4.9800000E+02   3.0700000E+02   0.0000000E+00   0.0000000E+00
   1.5607118E+03   4.7400000E+02   3.0000000E+02   0.0000000E+00   0.0000000E+00
   1.5607193E+03   5.2500000E+02   3.0900000E+02   0.0000000E+00   0.0000000E+00
   1.5607268E+03   5.1800000E+02   3.2400000E+02   0.0000000E+00   0.0000000E+00
   1.5607344E+03   5.2400000E+02   3.2700000E+02   0.0000000E+00   0.0000000E+00
   1.5607419E+03   5.1700000E+02   3.3900000E+02   0.0000000E+00   0.0000000E+00
   1.5607494E+03   5.0700000E+02   3.4300000E+02   0.0000000E+00   0.0000000E+00
   1.5607569E+03   4.8500000E+02   2.9600000E+02   0.0000000E+00   0.0000000E+00
   1.5607645E+03   4.6700000E+02   2.8900000E+02   0.0000000E+00   0.0000000E+00
   1.5607720E+03   5.0800000E+02   2.9500000E+02   0.0000000E+00   0.0000000E+00
