                                                          Cloudy 17.03
                                                         www.nublado.org

                       **************************************17Jun01**************************************
                       *                                                                                 *
                       * title CIV QSO                                                                   *
                       * set punch prefix "CIV_QSO"                                                      *
                       * radius = 21.500 23.500                                                          *
                       * iterate to convergence                                                          *
                       * sphere                                                                          *
                       * init "dlaw_HI_exp.ini"                                                          *
                       * dlaw table                                                                      *
                       * table SED "QSO.sed"                                                             *
                       * no line transfer                                                                *
                       * nuL(nu) = 40.0 at 1 Ryd                                                         *
                       * stop temperature off                                                            *
                       * metals 0.01                                                                     *
                       * save last radius ".rad"                                                         *
                       * save last continuum ".cont"                                                     *
                       * save last physical conditions ".phy"                                            *
                       * save last overview ".ovr"                                                       *
                       * save last heating ".heat"                                                       *
                       * save last cooling ".cool"                                                       *
                       * save last optical depth ".opd"                                                  *
                       * save last element hydrogen ".ele_H"                                             *
                       * save last element helium ".ele_He"                                              *
                       * save last element carbon ".ele_C"                                               *
                       * save last element nitrogen ".ele_N"                                             *
                       * save last element oxygen ".ele_O"                                               *
                       * save last element argon ".ele_Ar"                                               *
                       * save last element neon ".ele_Ne"                                                *
                       * save last element sulphur ".ele_S"                                              *
                       * save last element chlorin ".ele_Cl"                                             *
                       * save last element iron ".ele_Fe"                                                *
                       * save last element silicon ".ele_Si"                                             *
                       * save last lines emissivity  ".emis"                                             *
                       *                                                                                 *
                       ***********************************************************************************



 NOTE NO LINE TRANSER set but fine opacities still computed.
 NOTE Turning off fine opacities.


 NOTE
 NOTE The simulation is going into neutral gas but cosmic rays are not included.
 NOTE Ion-molecule chemistry will not occur without a source of ionization.
 NOTE The chemistry network may collapse deep in molecular regions.
 NOTE Consider adding galactic background cosmic rays with the COSMIC RAYS BACKGROUND command.
 NOTE You may be making a BIG mistake.
 NOTE



 NOTE Setcon: continuum has zero intensity starting at  3.0447e-09 Ryd.
  3800 cells in the incident continuum have zero intensity.  Problems???

           8228CellPeak1.00E+00   Lo 3.04e-09=  29.98m   Hi-Con:7.13E+06 Ryd   E(hi):7.35E+06Ryd     E(hi):     100.00 MeV
           L(nu>1ryd):  40.1904   Average nu:2.632E+00   L( X-ray):  39.4171   L(BalC):  40.1154     Q(Balmer C):  51.0776
           Q(1.0-1.8):  50.2340   Q(1.8-4.0):  49.8640   Q(4.0-20):  49.3799   Q(20--):  48.2166     Ion pht flx:2.150E+06
           L(gam ray):  38.5061   Q(gam ray):  44.9900   L(Infred):  40.3499   Alf(ox):  -1.5331     Total lumin:  40.7070
           log L/Lsun:   7.1240   Abs bol mg: -13.0674   Abs V mag: -10.6281   Bol cor:  -2.4394     nuFnu(Bbet):  39.9467
           U(1.0----):9.542E-06   U(4.0----):9.053E-07   T(En-Den):1.156E+00   T(Comp):2.661E+06     nuJnu(912A):7.958E-05
           Occ(FarIR):0.000E+00   Occ(H n=6):3.303E-15   Occ(1Ryd):3.672E-21   Occ(4R):5.387E-24     Occ (Nu-hi):0.000E+00
           Tbr(FarIR):0.000E+00   Tbr(H n=6):1.447E-11   Tbr(1Ryd):5.795E-16   Tbr(4R):3.407E-18     Tbr (Nu-hi):0.000E+00
  
                                                  Gas Phase Chemical Composition
        H :  0.0000  He: -1.0000  Li:-10.6904  Be:-12.5800  B :-11.2097  C : -5.6108  N : -6.0701  O : -5.3098  F : -9.5200
        Ne: -6.0000  Na: -7.6696  Mg: -6.4597  Al: -7.5302  Si: -6.4597  P : -8.4949  S : -6.7352  Cl: -8.7190  Ar: -7.6003
        K : -8.8794  Ca: -7.6402  Sc:-10.8297  Ti: -8.9788  V :-10.0000  Cr: -8.3298  Mn: -8.5406  Fe: -6.5498  Co: -9.0799
                                               Ni: -7.7496  Cu: -9.7905  Zn: -9.4001
 
 ####  1  Te:1.016E+04 Hden:7.515E+00 Ne:5.617E+00 R:3.162E+21 R-R0:5.124E+13 dR:1.025E+14 NTR: 12 Htot:9.045E-23 T912: 1.00e+08###
 Hydrogen      3.07e-01 6.93e-01 H+o/Hden 1.00e+00 2.06e-08 H-    H2 1.17e-08 1.60e-09 H2+ HeH+ 2.11e-08 Ho+ ColD 2.37e+14 5.34e+14
 Helium        4.60e-01 5.35e-01 5.46e-03 HeI 2s3S 4.57e-09 Comp H,C 2.69e-30 1.03e-32 Fill Fac 1.00e+00 Gam1/tot 9.99e-01
 He singlet n  4.60e-01 4.04e-16 5.91e-23 2.98e-22 4.45e-23 5.62e-22 He tripl 4.57e-09 3.99e-20 1.02e-21 8.47e-21 1.60e-21
 Pressure      NgasTgas 1.41e+05 P(total) 1.95e-11 P( gas ) 1.95e-11 P(Radtn) 0.00e+00 Rad accl 1.57e-09 ForceMul 5.48e+05
 Texc(La)      2.59e+03 T(I con) 1.16e+00 T(D con) 1.39e-01 T(U tot) 1.16e+00 nT (c+d) 3.13e+05 Prad/Gas 0.00e+00 Pmag/Gas 0.00e+00
 Molecules     CH/Ctot: 2.00e-09 CH+/Ctot 3.15e-10 CO/Ctot: 4.81e-13 CO+/Ctot 2.71e-15 H2O/Otot 1.38e-17 OH/Ototl 1.08e-08
 Lithium       3.56e-03 9.96e-01 1.63e-05 0.00e+00 Berylliu 8.26e-01 1.48e-01 2.57e-02 1.55e-05 0.00e+00 sec ion: 2.60e-16
 Boron         8.01e-02 9.09e-01 1.04e-02 4.96e-04 0.00e+00 0.00e+00
 Carbon        1.16e-01 8.34e-01 4.97e-02 1.82e-06 0.00e+00 0.00e+00 0.00e+00 H2O+/O   3.26e-18 OH+/Otot 6.10e-09 Hex(tot) 0.00e+00
 Nitrogen      2.06e-01 7.93e-01 1.01e-03 0.00e+00 0.00e+00 0.00e+00 0.00e+00 0.00e+00 O2/Ototl 5.37e-15 O2+/Otot 2.20e-15
 Oxygen        3.54e-01 6.45e-01 7.46e-04 0.00e+00 0.00e+00 0.00e+00 0.00e+00 0.00e+00 0.00e+00
 Fluorine      1.08e-01 7.99e-01 9.23e-02 2.14e-06 0.00e+00 0.00e+00 0.00e+00 0.00e+00 0.00e+00 0.00e+00
 Neon          1.19e-01 7.43e-01 1.38e-01 6.12e-06 0.00e+00 0.00e+00 0.00e+00 0.00e+00 0.00e+00 0.00e+00 0.00e+00
 Sodium        4.83e-04 8.34e-01 1.65e-01 1.48e-05 0.00e+00 0.00e+00 0.00e+00 0.00e+00 0.00e+00 0.00e+00 0.00e+00 0.00e+00
 Magnesium     4.71e-02 7.82e-01 1.70e-01 6.35e-06 0.00e+00 0.00e+00 0.00e+00 0.00e+00 0.00e+00 0.00e+00 0.00e+00 0.00e+00 0.00e+00
 Aluminium  0  7.34e-04 9.65e-01 1.41e-02 2.01e-02 1.80e-06 0.00e+00 0.00e+00 0.00e+00 0.00e+00 0.00e+00 0.00e+00 0.00e+00 0.00e+00
 Silicon    0  6.63e-03 9.57e-01 3.64e-02 1.26e-04 0.00e+00 0.00e+00 0.00e+00 0.00e+00 0.00e+00 0.00e+00 0.00e+00 0.00e+00 0.00e+00
 Phosphorus 0  1.41e-03 9.82e-01 1.66e-02 2.71e-04 0.00e+00 0.00e+00 0.00e+00 0.00e+00 0.00e+00 0.00e+00 0.00e+00 0.00e+00 0.00e+00
 Sulphur    0  3.86e-02 8.95e-01 6.64e-02 1.31e-05 0.00e+00 0.00e+00 0.00e+00 0.00e+00 0.00e+00 0.00e+00 0.00e+00 0.00e+00 0.00e+00
 Chlorine   0  1.34e-03 9.21e-01 7.81e-02 1.37e-05 0.00e+00 0.00e+00 0.00e+00 0.00e+00 0.00e+00 0.00e+00 0.00e+00 0.00e+00 0.00e+00
 Argon      0  5.49e-02 5.24e-01 4.21e-01 1.44e-05 0.00e+00 0.00e+00 0.00e+00 0.00e+00 0.00e+00 0.00e+00 0.00e+00 0.00e+00 0.00e+00
 Potassium  0  1.25e-04 9.48e-01 5.17e-02 3.80e-06 1.34e-05 0.00e+00 0.00e+00 0.00e+00 0.00e+00 0.00e+00 0.00e+00 0.00e+00 0.00e+00
 Calcium    0  4.17e-03 8.17e-01 1.79e-01 1.84e-04 0.00e+00 0.00e+00 0.00e+00 0.00e+00 0.00e+00 0.00e+00 0.00e+00 0.00e+00 0.00e+00
 Scandium   0  1.54e-03 5.94e-01 3.75e-01 2.93e-02 2.51e-05 0.00e+00 0.00e+00 0.00e+00 0.00e+00 0.00e+00 0.00e+00 0.00e+00 0.00e+00
 Titanium   0  1.21e-04 8.07e-01 1.92e-01 4.52e-04 1.35e-04 0.00e+00 0.00e+00 0.00e+00 0.00e+00 0.00e+00 0.00e+00 0.00e+00 0.00e+00
 Vanadium   0  4.21e-03 6.23e-01 3.72e-01 1.18e-04 1.37e-04 0.00e+00 0.00e+00 0.00e+00 0.00e+00 0.00e+00 0.00e+00 0.00e+00 0.00e+00
 Chromium   0  5.79e-03 5.87e-01 4.07e-01 5.62e-05 2.25e-05 0.00e+00 0.00e+00 0.00e+00 0.00e+00 0.00e+00 0.00e+00 0.00e+00 0.00e+00
 Manganese  0  1.18e-04 7.26e-01 2.74e-01 3.28e-05 3.45e-05 0.00e+00 0.00e+00 0.00e+00 0.00e+00 0.00e+00 0.00e+00 0.00e+00 0.00e+00
 Iron       0  1.66e-04 8.35e-01 1.65e-01 1.00e-04 2.11e-06 0.00e+00 0.00e+00 0.00e+00 0.00e+00 0.00e+00 0.00e+00 0.00e+00 0.00e+00
 Cobalt     0  5.65e-02 9.40e-01 4.02e-03 1.31e-05 7.95e-06 0.00e+00 0.00e+00 0.00e+00 0.00e+00 0.00e+00 0.00e+00 0.00e+00 0.00e+00
 Nickel     0  2.48e-04 9.97e-01 2.32e-03 3.61e-06 1.63e-06 0.00e+00 0.00e+00 0.00e+00 0.00e+00 0.00e+00 0.00e+00 0.00e+00 0.00e+00
 Copper     0  6.96e-02 7.69e-01 1.61e-01 2.69e-05 0.00e+00 0.00e+00 0.00e+00 0.00e+00 0.00e+00 0.00e+00 0.00e+00 0.00e+00 0.00e+00
 Zinc       0  1.74e-01 5.66e-01 2.48e-01 1.19e-02 2.37e-04 0.00e+00 0.00e+00 0.00e+00 0.00e+00 0.00e+00 0.00e+00 0.00e+00 0.00e+00
 PROBLEM DISASTER - the kinetic temperature appears to be below the lower limit of the code, 2.800e+00K.  It does not bracket thermal balance.
 This calculation is aborting.
 Sorry.

 This is often due to mixing luminosity/intensity commands, having an unphysical SED, or too high a flux of cosmic rays.
 To find the problem, try setting a constant temperature (and STOP ZONE 1), rerun the model, and check the output to find what is happening.

 ####588  Te:2.800E+00 Hden:5.726E+00 Ne:1.144E-05 R:4.495E+22 R-R0:4.179E+22 dR:3.302E+20 NTR:  4 Htot:1.431E-30 T912: 1.02e+08###
 Hydrogen      1.00e+00 3.79e-07 H+o/Hden 1.00e+00 1.64e-14 H-    H2 7.13e-05 1.64e-15 H2+ HeH+ 1.04e-14 Ho+ ColD 2.73e+23 8.84e+18
 Helium        1.00e+00 1.04e-08 5.31e-17 HeI 2s3S 4.77e-20 Comp H,C 2.17e-38 3.18e-44 Fill Fac 1.00e+00 Gam1/tot 7.87e-03
 He singlet n  1.00e+00 1.45e-26 2.95e-32 5.33e-33 2.22e-32 9.72e-33 He tripl 4.77e-20 4.52e-31 7.67e-33 7.78e-32 2.66e-32
 Pressure      NgasTgas 1.76e+01 P(total) 2.43e-15 P( gas ) 2.43e-15 P(Radtn) 0.00e+00 Rad accl 1.40e-13 ForceMul 3.32e+09
 Texc(La)      3.10e+03 T(I con) 2.79e-01 T(D con) 2.45e-01 T(U tot) 3.13e-01 nT (c+d) 1.27e+05 Prad/Gas 0.00e+00 Pmag/Gas 0.00e+00
 Molecules     CH/Ctot: 2.73e-07 CH+/Ctot 3.27e-09 CO/Ctot: 8.53e-01 CO+/Ctot 1.29e-09 H2O/Otot 2.67e-10 OH/Ototl 9.91e-05
 Lithium       6.70e-03 9.93e-01 1.62e-13 0.00e+00 Berylliu 1.04e-02 9.90e-01 1.81e-08 0.00e+00 0.00e+00 sec ion: 2.90e-22
 Boron         1.47e-03 9.99e-01 0.00e+00 0.00e+00 0.00e+00 0.00e+00
 Carbon        2.89e-03 1.44e-01 1.17e-10 0.00e+00 0.00e+00 0.00e+00 0.00e+00 H2O+/O   1.00e-09 OH+/Otot 1.04e-07 Hex(tot) 0.00e+00
 Nitrogen      1.00e+00 1.21e-08 4.26e-12 0.00e+00 0.00e+00 0.00e+00 0.00e+00 0.00e+00 O2/Ototl 1.15e-10 O2+/Otot 2.03e-11
 Oxygen        5.73e-01 4.04e-12 1.78e-12 0.00e+00 0.00e+00 0.00e+00 0.00e+00 0.00e+00 0.00e+00
 Fluorine      1.00e+00 9.26e-06 3.18e-07 0.00e+00 0.00e+00 0.00e+00 0.00e+00 0.00e+00 0.00e+00 0.00e+00
 Neon          1.00e+00 4.73e-05 4.26e-07 0.00e+00 0.00e+00 0.00e+00 0.00e+00 0.00e+00 0.00e+00 0.00e+00 0.00e+00
 Sodium        9.29e-02 9.07e-01 7.12e-07 0.00e+00 0.00e+00 0.00e+00 0.00e+00 0.00e+00 0.00e+00 0.00e+00 0.00e+00 0.00e+00
 Magnesium     2.55e-02 9.74e-01 1.16e-07 0.00e+00 0.00e+00 0.00e+00 0.00e+00 0.00e+00 0.00e+00 0.00e+00 0.00e+00 0.00e+00 0.00e+00
 Aluminium  0  8.44e-04 9.99e-01 1.18e-06 1.11e-06 0.00e+00 0.00e+00 0.00e+00 0.00e+00 0.00e+00 0.00e+00 0.00e+00 0.00e+00 0.00e+00
 Silicon    0  5.03e-04 9.99e-01 4.27e-12 0.00e+00 0.00e+00 0.00e+00 0.00e+00 0.00e+00 0.00e+00 0.00e+00 0.00e+00 0.00e+00 0.00e+00
 Phosphorus 0  1.11e-02 9.89e-01 8.64e-06 0.00e+00 0.00e+00 0.00e+00 0.00e+00 0.00e+00 0.00e+00 0.00e+00 0.00e+00 0.00e+00 0.00e+00
 Sulphur    0  3.97e-03 9.96e-01 9.36e-08 0.00e+00 0.00e+00 0.00e+00 0.00e+00 0.00e+00 0.00e+00 0.00e+00 0.00e+00 0.00e+00 0.00e+00
 Chlorine   0  7.28e-01 2.65e-01 9.56e-07 0.00e+00 0.00e+00 0.00e+00 0.00e+00 0.00e+00 0.00e+00 0.00e+00 0.00e+00 0.00e+00 0.00e+00
 Argon      0  1.00e+00 1.70e-07 7.85e-10 0.00e+00 0.00e+00 0.00e+00 0.00e+00 0.00e+00 0.00e+00 0.00e+00 0.00e+00 0.00e+00 0.00e+00
 Potassium  0  1.95e-02 9.80e-01 1.00e-06 0.00e+00 0.00e+00 0.00e+00 0.00e+00 0.00e+00 0.00e+00 0.00e+00 0.00e+00 0.00e+00 0.00e+00
 Calcium    0  1.39e-02 6.68e-01 3.18e-01 0.00e+00 0.00e+00 0.00e+00 0.00e+00 0.00e+00 0.00e+00 0.00e+00 0.00e+00 0.00e+00 0.00e+00
 Scandium   0  1.22e-02 9.64e-01 2.39e-02 0.00e+00 0.00e+00 0.00e+00 0.00e+00 0.00e+00 0.00e+00 0.00e+00 0.00e+00 0.00e+00 0.00e+00
 Titanium   0  8.48e-03 9.91e-01 6.48e-05 0.00e+00 0.00e+00 0.00e+00 0.00e+00 0.00e+00 0.00e+00 0.00e+00 0.00e+00 0.00e+00 0.00e+00
 Vanadium   0  1.34e-01 8.66e-01 8.06e-07 0.00e+00 0.00e+00 0.00e+00 0.00e+00 0.00e+00 0.00e+00 0.00e+00 0.00e+00 0.00e+00 0.00e+00
 Chromium   0  5.77e-03 9.94e-01 3.35e-10 0.00e+00 0.00e+00 0.00e+00 0.00e+00 0.00e+00 0.00e+00 0.00e+00 0.00e+00 0.00e+00 0.00e+00
 Manganese  0  1.43e-01 8.57e-01 1.11e-10 0.00e+00 0.00e+00 0.00e+00 0.00e+00 0.00e+00 0.00e+00 0.00e+00 0.00e+00 0.00e+00 0.00e+00
 Iron       0  1.59e-02 9.84e-01 2.49e-11 0.00e+00 0.00e+00 0.00e+00 0.00e+00 0.00e+00 0.00e+00 0.00e+00 0.00e+00 0.00e+00 0.00e+00
 Cobalt     0  9.73e-02 9.03e-01 0.00e+00 0.00e+00 0.00e+00 0.00e+00 0.00e+00 0.00e+00 0.00e+00 0.00e+00 0.00e+00 0.00e+00 0.00e+00
 Nickel     0  3.28e-02 9.67e-01 7.61e-11 0.00e+00 0.00e+00 0.00e+00 0.00e+00 0.00e+00 0.00e+00 0.00e+00 0.00e+00 0.00e+00 0.00e+00
 Copper     0  3.37e-02 9.66e-01 2.89e-06 0.00e+00 0.00e+00 0.00e+00 0.00e+00 0.00e+00 0.00e+00 0.00e+00 0.00e+00 0.00e+00 0.00e+00
 Zinc       0  3.10e-02 9.69e-01 3.38e-06 2.69e-05 0.00e+00 0.00e+00 0.00e+00 0.00e+00 0.00e+00 0.00e+00 0.00e+00 0.00e+00 0.00e+00
   CIV QSO  
 W-Calculation stopped because calculation aborted. Iteration  1 of 10
   The geometry is spherical.
 W-Calculation stopped because calculation aborted.
 W-This was not intended.
 W-The calculation aborted.  Something REALLY went wrong!
 C-Continuum zero at some energies.
 C-A temperature discontinuity occurred from 7.73e+03K (zone 120) to 4.36e+03K (zone 121).
 C-The temperature varied by 77.2% between two zones
  !Bound Compton heating reached 5.88% of the local heating.
  !Background cosmic rays are not included - is this physical?  It affects the chemistry.
  !Ionization rate fell below background cosmic ray ionization rate.  Should this be added too?
  !   Use the COSMIC RAY BACKGROUND command.
  !Some input lines contained underscores, these were changed to spaces.
  !Suprathermal collisional ionization of H reached 99.21% of the local H ionization rate.
  !Charge transfer H => H+ reached 91.7% of the local H ionization rate.
  !Charge transfer heating reached 10.00% of the local heating.
  !AGE: Cloud age was not set.  Longest timescale was 7.38e+16 s = 2.34e+09 years.
  !The excitation temp of Lya exceeded the electron temp, largest value was 3.27e+03K (gas temp there was 2.25e+01K, zone 347)
  !Mutual neutralization production of H-alpha was significant.
  !The local H2 cooling rate reached 91.2% of the local cooling.
  !Incident radiation field energy density is less than 2.7K.  Add background with CMB command.
  !The CMB was not included.  This is added with the CMB command.
  !The intensity of the incident radiation field is less than 10 times the Habing diffuse ISM field.  Is this OK?
  !   Consider adding diffuse ISM emission with TABLE ISM command.
  !The fraction of C in CO reached 85.3% at some point in the cloud.
  !The optical depth in the H I 21 cm line is 9.90e+01
  !An ionization jump occurred elem Na 1, by 598% from 3.76e-03 (zone 119) to 4.35e-03 (zone 120) to 2.60e-02 (zone 121)
  !An ionization jump occurred elem P  3, by 257% from 8.91e-03 (zone 119) to 9.27e-03 (zone 120) to 2.38e-02 (zone 121)
  !An ionization jump occurred elem Cl 1, by 229% from 2.24e-03 (zone 119) to 2.37e-03 (zone 120) to 5.42e-03 (zone 121)
  !An ionization jump occurred elem Sc 4, by 161% from 2.17e-03 (zone 119) to 2.21e-03 (zone 120) to 3.57e-03 (zone 121)
  !An ionization jump occurred elem Cu 3, by 513% from 4.31e-03 (zone 119) to 4.43e-03 (zone 120) to 2.27e-02 (zone 121)
  !An ionization jump occurred elem Zn 4, by 497% from 5.17e-03 (zone 119) to 5.33e-03 (zone 120) to 2.65e-02 (zone 121)
  !The electron density varied by 19.1% between two zones
   Thermal collisional ionization of H reached 0.71% of the local ionization rate.
   Te-ne bounds of Case B lookup table exceeded, H I Case B line intensities set to zero.
   Te-ne bounds of Case B lookup table exceeded, He II Case B line intensities set to zero.
   The density is too low to l-mix the lowest H  I collapsed level.  More resolved levels are needed for accurate line ratios.
   The density is too low to l-mix the lowest He I collapsed level.  More resolved levels are needed for accurate line ratios.
   Grains were not present but might survive in this environment (energy density temperature was 1.16e+00K)
   Cloud thicker than smallest Jeans length=2.55e+19cm; stability problems? (smallest Jeans mass=5.84e+01Mo)
   The optical depth to Rayleigh scattering at 1300A is 1.84e+00
   The fraction of Cl in HCl reached 0.372% at some point in the cloud.
   The fraction of Cl in HCl+ reached 0.300% at some point in the cloud.

                       *********************************> Cloudy 17.03 <**********************************
                       * title CIV QSO                                                                   *
                       * set punch prefix "CIV_QSO"                                                      *
                       * radius = 21.500 23.500                                                          *
                       * iterate to convergence                                                          *
                       * sphere                                                                          *
                       * init "dlaw_HI_exp.ini"                                                          *
                       * table SED "QSO.sed"                                                             *
                       * no line transfer                                                                *
                       * nuL(nu) = 40.0 at 1 Ryd                                                         *
                       * stop temperature off                                                            *
                       * metals 0.01                                                                     *
                       * save last radius ".rad"                                                         *
                       * save last continuum ".cont"                                                     *
                       * save last physical conditions ".phy"                                            *
                       * save last overview ".ovr"                                                       *
                       * save last heating ".heat"                                                       *
                       * save last cooling ".cool"                                                       *
                       * save last optical depth ".opd"                                                  *
                       * save last element hydrogen ".ele_H"                                             *
                       * save last element helium ".ele_He"                                              *
                       * save last element carbon ".ele_C"                                               *
                       * save last element nitrogen ".ele_N"                                             *
                       * save last element oxygen ".ele_O"                                               *
                       * save last element argon ".ele_Ar"                                               *
                       * save last element neon ".ele_Ne"                                                *
                       * save last element sulphur ".ele_S"                                              *
                       * save last element chlorin ".ele_Cl"                                             *
                       * save last element iron ".ele_Fe"                                                *
                       * save last element silicon ".ele_Si"                                             *
                       * save last lines emissivity  ".emis"                                             *
                       * H  1  1215.67A                                                                  *
                       * H  1  1025.72A                                                                  *
                       * H  1  4861.33A                                                                  *
                       * H  1  6562.81A                                                                  *
                       * O  6  1031.91A                                                                  *
                       * O  6  1037.62A                                                                  *
                       * He 2  949.31A                                                                   *
                       * He 2  972.108A                                                                  *
                       * He 2  1025.27A                                                                  *
                       * He 2  1640.43A                                                                  *
                       * He 2  4859A                                                                     *
                       * He 2  4339A                                                                     *
                       * He 2  6527A                                                                     *
                       * He 2  6560A                                                                     *
                       * C  4  1550.78                                                                   *
                       * O  3  5006.84A                                                                  *
                       * N  5  1238.82                                                                   *
                       * N  5  1242.80                                                                   *
                       * c  4  1548.19                                                                   *
                       * c  4  1550.78                                                                   *
                       * mg 2  2795.53                                                                   *
                       * mg 2  2802.71                                                                   *
                       * end of lines                                                                    *
                       *********************************> Log(U): -5.02 <*********************************
  
                       >>>>>>>>>> Warning!
                       >>>>>>>>>> Warning!
                       >>>>>>>>>> Warning!  Warnings exist, this calculation has serious problems.
                       >>>>>>>>>> Warning!
                       >>>>>>>>>> Warning!
  
                       >>>>>>>>>> The calculation stopped for unintended reasons.

                     Emission Line Spectrum.  Special Density Lw Model.  Closed geometry.  Iteration 1 of 10.
                                    Luminosity (erg/s) emitted by a shell with full coverage.


                                                   Intrinsic line intensities
general properties.............................      Ca A                918.129A   36.936    0.0925      He 2                228.409A   35.698    0.0053
Inci                      0    40.707  545.9439      Ca A                917.181A   36.833    0.0729      He 2                228.356A   35.661    0.0049
TotH                      0    39.772   63.3557      Ca A                916.429A   36.738    0.0586      He 2                228.309A   35.637    0.0046
TotC                      0    39.771   63.3138      Ca A                915.824A   36.649    0.0478      He 2                228.269A   35.633    0.0046
BFH1                      0    39.575   40.3073      Ca A                915.329A   36.567    0.0395      He 2                228.234A   35.683    0.0052
BFHe                      0    39.263   19.6463      Ca A                914.919A   36.489    0.0331      He 2                228.203A   36.512    0.0349
TotM                      0    38.364    2.4791      Ca A                914.576A   36.417    0.0280      He 2                1640.43A   36.996    0.1062
Cbnd                      0    36.689    0.0524      Ca A                914.286A   36.349    0.0239      He 2                1215.13A   36.532    0.0365
CT H                      0    37.915    0.8812      Ca A                914.039A   36.284    0.0206      He 2                1084.94A   36.198    0.0169
H FB                      0    38.420    2.8195      Ca A                913.826A   36.224    0.0180      He 2                1025.27A   35.940    0.0093
HFBc                      0    38.420    2.8195      Ca A                913.641A   36.167    0.0158      He 2                992.360A   35.731    0.0058
H  1c                     0    39.616   44.3085      Ca A                913.480A   36.114    0.0139      He 2                972.108A   35.554    0.0038
He 1c                     0    35.018    0.0011      Ca A                913.339A   36.065    0.0124      He 2                958.694A   35.401    0.0027
COc                       0    38.261    1.9536      Ca A                3970.07A   37.135    0.1462      He 2                949.324A   35.267    0.0020
^13COc                    0    36.810    0.0692      Ca A                3889.05A   36.957    0.0970      He 2                942.508A   35.413    0.0028
Ar 2c                     0    35.698    0.0053      Ca A                3835.38A   36.801    0.0678      He 2                937.389A   35.327    0.0023
Ar 3c                     0    35.721    0.0056      Ca A                3797.89A   36.663    0.0494      He 2                933.444A   35.248    0.0019
C  1c                     0    37.458    0.3074      Ca A                3770.63A   36.539    0.0371      He 2                930.337A   35.174    0.0016
C  2c                     0    38.318    2.2272      Ca A                3750.15A   36.426    0.0286      He 2                927.846A   35.105    0.0014
Co 2c                     0    35.107    0.0014      Ca A                3734.36A   36.322    0.0225      He 2                925.817A   35.042    0.0012
Cr 2c                     0    35.436    0.0029      Ca A                3721.93A   36.226    0.0181      He 2                924.142A   34.982    0.0010
Fe 2c                     0    37.928    0.9076      Ca A                3711.97A   36.137    0.0147      He 2                917.221A   35.650    0.0048
Fe 3c                     0    35.663    0.0049      Ca A                3703.85A   36.054    0.0121      He 2                4685.64A   36.226    0.0181
Mg 1c                     0    36.119    0.0141      Ca A                3697.15A   35.976    0.0101      He 2                3203.04A   35.905    0.0086
Mn 2c                     0    35.405    0.0027      Ca A                3691.55A   35.902    0.0086      He 2                2733.24A   35.639    0.0047
N  1c                     0    36.608    0.0435      Ca A                3686.83A   35.832    0.0073      He 2                2511.15A   35.422    0.0028
Ne 2c                     0    36.616    0.0443      Ca A                3682.80A   35.766    0.0063      He 2                2385.35A   35.239    0.0019
Ne 3c                     0    36.132    0.0145      Ca A                3679.35A   35.703    0.0054      He 2                2306.15A   35.081    0.0013
O  1c                     0    37.620    0.4473      Ca A                3676.36A   35.643    0.0047      He 2                2079.84A   35.136    0.0015
O  2c                     0    37.149    0.1509      Ca A                3673.75A   35.586    0.0041      He 2                1.01233m   35.624    0.0045
P  2c                     0    36.008    0.0109      Ca A                3671.47A   35.531    0.0036      He 2                6559.91A   35.394    0.0027
S  2c                     0    37.412    0.2768      Ca A                9545.93A   36.602    0.0429      He 2                5411.37A   35.181    0.0016
S  3c                     0    36.194    0.0168      Ca A                9228.97A   36.443    0.0298      He 2                4859.18A   34.996    0.0011
Si 2c                     0    37.588    0.4154      Ca A                9014.87A   36.303    0.0215      He 2                1.86362m   35.119    0.0014
Al 2c                     0    35.814    0.0070      Ca A                8862.74A   36.177    0.0161      He-like iso-sequence...........................
Ca 2c                     0    37.085    0.1302      Ca A                8750.43A   36.063    0.0124      He 1                1202.81A   37.431    0.2892
Cl 2c                     0    35.457    0.0031      Ca A                8664.98A   35.958    0.0097      He 1                584.334A   38.239    1.8592
Mg 2c                     0    37.278    0.2035      Ca A                8598.35A   35.861    0.0078      He 1                537.030A   37.644    0.4718
N  2c                     0    36.949    0.0953      Ca A                8545.34A   35.771    0.0063      He 1                522.213A   37.251    0.1911
Ni 2c                     0    36.466    0.0313      Ca A                8502.44A   35.687    0.0052      He 1                515.617A   36.958    0.0973
continua.......................................      Ca A                8467.21A   35.608    0.0044      He 1                512.099A   36.718    0.0560
Bac                 3646.00A   39.782   64.8828      Ca A                8437.91A   35.534    0.0037      He 1                625.563A   38.887    8.2543
nFnu                3645.00A   39.833   73.0382      Ca A                8413.28A   35.464    0.0031      He 1                510.018A   37.382    0.2584
nFnu                3647.00A   38.881    8.1554      Ca A                8392.35A   35.398    0.0027      He 1                508.657A   37.242    0.1873
cout                3646.00A   39.782   64.8828      Ca A                8374.43A   35.334    0.0023      He 1                507.727A   37.119    0.1409
thin                3646.00A   39.782   64.8875      Ca A                8358.96A   35.274    0.0020      He 1                507.065A   37.008    0.1091
Inci                4860.00A   39.947   94.8410      Ca A                8345.51A   35.216    0.0018      He 1                506.576A   36.908    0.0867
Inci                1215.00A   40.436  292.6111      Ca A                8333.74A   35.161    0.0016      He 1                506.204A   36.815    0.0701
Ba C                      0    38.643    4.7064      Ca A                1.81740m   36.176    0.0161      He 1                505.916A   36.730    0.0576
PA C                      0    38.231    1.8248      Ca A                1.73620m   36.033    0.0116      He 1                505.687A   36.652    0.0481
FIR                 83.0000m   39.193   16.7047      Ca A                1.68064m   35.906    0.0086      He 1                505.502A   36.579    0.0407
TIR                 1800.00m   38.302    2.1466      Ca A                1.64071m   35.790    0.0066      He 1                505.352A   36.512    0.0349
NIRa                2.85000m   40.266  197.9709      Ca A                1.61092m   35.684    0.0052      He 1                505.227A   36.450    0.0302
NIRb                3.00000m   39.864   78.4114      Ca A                1.58804m   35.586    0.0041      He 1                505.122A   36.392    0.0264
MIRa                15.0000m   39.912   87.5098      Ca A                1.57006m   35.496    0.0034      He 1                505.033A   36.339    0.0234
MIRb                22.5000m   39.988  104.3802      Ca A                1.55563m   35.411    0.0028      He 1                504.958A   36.292    0.0210
NMIR                21.7500m   40.266  197.9709      Ca A                1.54388m   35.332    0.0023      He 1                504.893A   36.250    0.0191
TFIR                611.250m   38.363    2.4738      Ca A                1.53417m   35.257    0.0019      He 1                504.836A   36.217    0.0177
TALL                10000.0A   40.749  601.1478      Ca A                1.52604m   35.186    0.0016      He 1                504.787A   36.195    0.0168
F12                 12.0000m   39.469   31.5454      Ca A                1.51917m   35.120    0.0014      He 1                504.744A   36.195    0.0168
F25                 25.0000m   39.255   19.2845      Ca A                1.51331m   35.056    0.0012      He 1                504.706A   36.250    0.0191
F60                 60.0000m   39.092   13.2385      Ca A                1.50827m   34.995    0.0011      He 1                504.672A   37.094    0.1332
F100                100.000m   37.940    0.9332      Ca A                3.03835m   35.815    0.0070      TOTL                1.08303m   37.497    0.3365
MIPS                24.0000m   38.961    9.8049      Ca A                2.87219m   35.686    0.0052      He 1                1.08303m   37.497    0.3365
MIPS                70.0000m   38.549    3.7949      Ca A                2.75749m   35.569    0.0040      He 1                3888.63A   37.228    0.1810
MIPS                160.000m   38.305    2.1629      Ca A                2.67438m   35.463    0.0031      He 1                3187.74A   36.840    0.0741
IRAC                3.60000m   39.076   12.7550      Ca A                2.61191m   35.364    0.0025      He 1                2945.10A   36.526    0.0360
IRAC                4.50000m   39.112   13.8863      Ca A                2.56361m   35.273    0.0020      He 1                2829.08A   36.271    0.0200
IRAC                5.80000m   39.150   15.1386      Ca A                2.52538m   35.188    0.0017      He 1                2760.44A   35.558    0.0039
IRAC                8.00000m   39.300   21.4048      Ca A                2.49455m   35.108    0.0014      He 1                2721.00A   35.429    0.0029
SPR1                250.000m   35.840    0.0074      Ca A                2.46929m   35.033    0.0012      He 1                2694.61A   35.312    0.0022
SPR2                350.000m   36.222    0.0179      Ca A                12.3684m   36.105    0.0136      He 1                2676.05A   35.205    0.0017
SPR3                500.000m   35.709    0.0055      Ca A                7.50038m   35.937    0.0093      He 1                2662.47A   35.101    0.0014
PAC1                70.0000m   38.603    4.2923      Ca A                5.90655m   35.776    0.0064      He 1                2652.24A   35.012    0.0011
PAC2                100.000m   37.895    0.8412      Ca A                5.12722m   35.631    0.0046      He 1                2610.71A   35.304    0.0022
PAC3                160.000m   38.306    2.1700      Ca A                4.67119m   35.501    0.0034      He 1                5015.68A   35.046    0.0012
PAH                 3.30000m   38.220    1.7793      Ca A                4.37522m   35.383    0.0026      He 1                3355.42A   35.061    0.0012
PAHC                3.23000m   37.926    0.9036      Ca A                4.16962m   35.276    0.0020      He 1                7065.22A   36.508    0.0345
PAHC                3.37000m   37.910    0.8709      Ca A                4.01974m   35.177    0.0016      He 1                5875.64A   37.228    0.1814
PAH                 6.20000m   38.662    4.9196      Ca A                3.90645m   35.085    0.0013      He 1                4713.03A   35.835    0.0073
PAHC                5.65000m   38.699    5.3583      Ca A                3.81838m   34.999    0.0011      He 1                4471.49A   36.831    0.0726
PAH                 7.90000m   38.849    7.5682      Ca A                19.0565m   35.747    0.0060      He 1                4120.82A   35.414    0.0028
PAHC                6.90000m   38.913    8.7799      Ca A                11.3055m   35.609    0.0044      He 1                4026.20A   36.518    0.0353
PAH                 11.3000m   38.262    1.9578      Ca A                8.75760m   35.468    0.0031      He 1                3867.48A   35.110    0.0014
PAHC                10.9000m   38.284    2.0595      Ca A                7.50599m   35.339    0.0023      He 1                3819.61A   36.264    0.0197
PAH                 11.8000m   38.476    3.2049      Ca A                6.77008m   35.221    0.0018      He 1                3704.76A   36.183    0.0164
PAHC                12.6500m   38.451    3.0311      Ca A                6.29014m   35.113    0.0014      He 1                3634.08A   36.043    0.0118
PAH                 13.3000m   38.475    3.2004      Ca A                5.95517m   35.013    0.0011      He 1                3587.16A   35.918    0.0089
PAHC                14.1000m   38.443    2.9748      Ca A                27.7955m   35.431    0.0029      He 1                3554.34A   35.807    0.0069
Bcon                3640.00A   40.481  324.2064      Ca A                16.2045m   35.316    0.0022      He 1                3530.43A   35.704    0.0054
Pcon                5000.00A   39.707   54.5742      Ca A                12.3837m   35.192    0.0017      He 1                3512.47A   35.612    0.0044
O3bn                5007.00A   38.139    1.4755      Ca A                10.5005m   35.076    0.0013      He 1                3498.61A   35.527    0.0036
SX                  25.0000A   36.281    0.0205      Ca A                38.8589m   35.148    0.0015      He 1                3487.70A   35.449    0.0030
HX                  4.70000A   38.713    5.5384      Ca A                22.3342m   35.051    0.0012      He 1                3478.94A   35.376    0.0026
HFFc                      0    38.306    2.1690      Ca B                3970.07A   37.298    0.2130      He 1                3471.80A   35.309    0.0022
H FF                      0    38.237    1.8501      Ca B                3889.05A   37.118    0.1407      He 1                3465.91A   35.247    0.0019
HeFF                      0    37.299    0.2132      Ca B                3835.38A   36.961    0.0980      He 1                3460.99A   35.189    0.0017
ToFF                      0    38.284    2.0633      Ca B                3797.89A   36.821    0.0711      He 1                3456.84A   35.137    0.0015
nFnu                9993.08m   35.045    0.0012      Ca B                3770.63A   36.696    0.0532      He 1                3453.30A   35.089    0.0013
nFnu                6917.22m   35.192    0.0017      Ca B                3750.15A   36.582    0.0409      He 1                3450.26A   35.048    0.0012
nFnu                122.400m   36.590    0.0417      Ca B                3734.36A   36.477    0.0322      He 1                3447.63A   35.014    0.0011
nFnu                60.8322m   36.838    0.0739      Ca B                3721.93A   36.381    0.0258      He 1                3445.34A   34.992    0.0011
nInu                60.8322m   39.182   16.3093      Ca B                3711.97A   36.291    0.0210      He 1                3443.33A   34.992    0.0011
nFnu                41.2152m   36.995    0.1060      Ca B                3703.85A   36.207    0.0173      He 1                3441.56A   35.047    0.0012
nInu                41.2152m   39.405   27.2685      Ca B                3697.15A   36.129    0.0144      He 1                3439.99A   35.892    0.0084
nFnu                30.8695m   37.095    0.1333      Ca B                3691.55A   36.055    0.0122      He 1                7281.35A   35.773    0.0064
nInu                30.8695m   39.518   35.3037      Ca B                3686.83A   35.985    0.0104      He 1                6678.15A   36.675    0.0507
nFnu                24.7829m   37.173    0.1596      Ca B                3682.80A   35.919    0.0089      He 1                5047.64A   35.330    0.0023
nInu                24.7829m   39.577   40.4693      Ca B                3679.35A   35.856    0.0077      He 1                4921.93A   36.257    0.0194
nFnu                24.2998m   37.179    0.1617      Ca B                3676.36A   35.797    0.0067      He 1                4437.55A   35.004    0.0011
nInu                24.2998m   39.586   41.2868      Ca B                3673.75A   35.740    0.0059      He 1                4387.93A   35.942    0.0094
nFnu                22.8302m   37.208    0.1731      Ca B                3671.47A   35.687    0.0052      He 1                4143.76A   35.691    0.0053
nInu                22.8302m   39.603   42.9494      Ca B                9545.93A   36.665    0.0495      He 1                4009.05A   35.547    0.0038
nFnu                21.4199m   37.223    0.1790      Ca B                9228.97A   36.507    0.0344      He 1                3926.41A   35.404    0.0027
nInu                21.4199m   39.617   44.3310      Ca B                9014.87A   36.367    0.0249      He 1                3871.69A   35.278    0.0020
nFnu                21.1235m   37.228    0.1810      Ca B                8862.74A   36.241    0.0186      He 1                3833.48A   35.166    0.0016
nInu                21.1235m   39.620   44.7021      Ca B                8750.43A   36.126    0.0143      He 1                3805.69A   35.063    0.0012
nFnu                19.6199m   37.259    0.1947      Ca B                8664.98A   36.021    0.0113      He 1                3784.82A   34.970    0.0010
nInu                19.6199m   39.626   45.3159      Ca B                8598.35A   35.925    0.0090      He 1                3700.80A   35.247    0.0019
nFnu                17.6534m   37.309    0.2184      Ca B                8545.34A   35.835    0.0073      He 1                4.29459m   35.239    0.0019
nInu                17.6534m   39.649   47.7183      Ca B                8502.44A   35.751    0.0060      He 1                1.25274m   35.345    0.0024
nFnu                17.3700m   37.307    0.2175      Ca B                8467.21A   35.672    0.0050      He 1                9463.57A   35.269    0.0020
nInu                17.3700m   39.652   48.1176      Ca B                8437.91A   35.598    0.0042      He 1                8361.73A   35.095    0.0013
nFnu                15.6901m   37.333    0.2308      Ca B                8413.28A   35.528    0.0036      He 1                2.11180m   35.019    0.0011
nInu                15.6901m   39.665   49.5153      Ca B                8392.35A   35.461    0.0031      He 1                1.70027m   35.680    0.0051
nFnu                14.6036m   37.366    0.2489      Ca B                8374.43A   35.398    0.0027      He 1                1.19692m   35.522    0.0036
nInu                14.6036m   39.680   51.2789      Ca B                8358.96A   35.339    0.0023      He 1                1.03113m   35.324    0.0023
nFnu                12.4300m   37.426    0.2861      Ca B                8345.51A   35.281    0.0020      He 1                9515.06A   35.297    0.0021
nInu                12.4300m   39.695   53.1377      Ca B                8333.74A   35.227    0.0018      He 1                9062.39A   35.171    0.0016
nFnu                11.4000m   37.450    0.3019      Ca B                1.81740m   36.208    0.0173      He 1                8776.14A   35.057    0.0012
nInu                11.4000m   39.704   54.2275      Ca B                1.73620m   36.067    0.0125      He 1                7944.61A   35.058    0.0012
nFnu                10.4600m   37.492    0.3327      Ca B                1.68064m   35.940    0.0093      He 1                1.95430m   35.111    0.0014
nInu                10.4600m   39.714   55.4682      Ca B                1.64071m   35.824    0.0072      He 1                1.86854m   36.276    0.0203
nFnu                9.48002m   37.517    0.3523      Ca B                1.61092m   35.719    0.0056      He 1                1.27849m   35.964    0.0099
nInu                9.48002m   39.724   56.7605      Ca B                1.58804m   35.621    0.0045      He 1                1.09130m   35.703    0.0054
nFnu                9.32488m   37.522    0.3563      Ca B                1.57006m   35.531    0.0036      He 1                1.00275m   35.367    0.0025
nInu                9.32488m   39.727   57.2326      Ca B                1.55563m   35.446    0.0030      He 1                9526.01A   35.218    0.0018
nFnu                8.21035m   37.576    0.4034      Ca B                1.54388m   35.367    0.0025      He 1                9210.23A   35.087    0.0013
nInu                8.21035m   39.734   58.0824      Ca B                1.53417m   35.293    0.0021      He 1                8996.90A   34.972    0.0010
nFnu                7.58000m   37.597    0.4240      Ca B                1.52604m   35.222    0.0018      He 1                8298.68A   35.038    0.0012
nInu                7.58000m   39.742   59.2267      Ca B                1.51917m   35.156    0.0015      He 1                1.86972m   35.799    0.0067
nFnu                7.05026m   37.646    0.4746      Ca B                1.51331m   35.092    0.0013      He 1                1.27905m   35.486    0.0033
nInu                7.05026m   39.744   59.4357      Ca B                1.50827m   35.032    0.0012      He 1                1.09171m   35.226    0.0018
nFnu                4.11370m   37.853    0.7642      Ca B                1.50389m   34.974    0.0010      He 1                1.90894m   35.222    0.0018
nInu                4.11370m   39.742   59.2116      Ca B                3.03835m   35.836    0.0073      He 1                1.29684m   35.044    0.0012
nFnu                2.32440m   38.028    1.1431      Ca B                2.87219m   35.708    0.0055      He 1                4.03664m   35.217    0.0018
nInu                2.32440m   39.658   48.8256      Ca B                2.75749m   35.591    0.0042      He 1                2.61850m   35.099    0.0013
nFnu                1.64313m   38.996   10.6114      Ca B                2.67438m   35.485    0.0033      He 1                4.04791m   35.535    0.0037
nInu                1.64313m   39.503   34.1488      Ca B                2.61191m   35.387    0.0026      He 1                2.62338m   35.267    0.0020
nFnu                1.48022m   38.205    1.7187      Ca B                2.56361m   35.296    0.0021      He 1                4.04793m   35.058    0.0012
nInu                1.48022m   39.471   31.6908      Ca B                2.52538m   35.211    0.0017      Ca B                2945.10A   36.590    0.0417
nFnu                1.43649m   38.454    3.0465      Ca B                2.49455m   35.131    0.0014      Ca B                3187.74A   36.908    0.0868
nInu                1.43649m   39.464   31.2187      Ca B                2.46929m   35.056    0.0012      Ca B                3613.64A   36.007    0.0109
nFnu                1.11867m   38.395    2.6610      Ca B                2.44831m   34.986    0.0010      Ca B                3888.63A   37.307    0.2175
nInu                1.11867m   39.458   30.7550      Ca B                12.3684m   36.117    0.0140      Ca B                3964.73A   36.316    0.0222
nFnu                8329.68A   38.429    2.8786      Ca B                7.50038m   35.949    0.0095      Ca B                4026.20A   36.646    0.0475
nInu                8329.68A   39.522   35.6717      Ca B                5.90655m   35.789    0.0066      Ca B                4120.82A   35.534    0.0037
nFnu                8078.61A   38.828    7.2217      Ca B                5.12722m   35.645    0.0047      Ca B                4387.93A   36.072    0.0126
nInu                8078.61A   39.525   35.9099      Ca B                4.67119m   35.516    0.0035      Ca B                4437.55A   35.160    0.0015
nFnu                6209.66A   38.736    5.8306      Ca B                4.37522m   35.399    0.0027      Ca B                4471.49A   36.974    0.1009
nInu                6209.66A   39.587   41.3726      Ca B                4.16962m   35.291    0.0021      Ca B                4713.03A   35.950    0.0096
nFnu                4885.36A   38.745    5.9585      Ca B                4.01974m   35.193    0.0017      Ca B                4921.93A   36.407    0.0273
nInu                4885.36A   39.848   75.4865      Ca B                3.90645m   35.101    0.0014      Ca B                5015.68A   36.719    0.0561
nFnu                3704.34A   38.836    7.3455      Ca B                3.81838m   35.016    0.0011      Ca B                5047.64A   35.541    0.0037
nInu                3704.34A   39.764   62.2579      Ca B                19.0565m   35.758    0.0061      Ca B                5875.64A   37.427    0.2865
nFnu                3587.67A   39.472   31.7678      Ca B                11.3055m   35.619    0.0045      Ca B                6678.15A   36.882    0.0817
nInu                3587.67A   39.780   64.6586      Ca B                8.75760m   35.479    0.0032      Ca B                7065.22A   36.612    0.0438
nFnu                2430.05A   39.275   20.1963      Ca B                7.50599m   35.350    0.0024      Ca B                7281.35A   36.102    0.0136
nInu                2430.05A   39.903   85.7395      Ca B                6.77008m   35.233    0.0018      Ca B                9463.57A   35.333    0.0023
nFnu                2392.03A   39.275   20.2061      Ca B                6.29014m   35.125    0.0014      Ca B                1.08303m   37.623    0.4499
nInu                2392.03A   39.889   83.0048      Ca B                5.95517m   35.026    0.0011      Ca B                1.19692m   35.650    0.0048
nFnu                2071.34A   39.310   21.8885      Ca B                27.7955m   35.442    0.0030      Ca B                1.25274m   35.414    0.0028
nInu                2071.34A   39.906   86.2735      Ca B                16.2045m   35.326    0.0023      Ca B                1.27849m   36.181    0.0162
nFnu                2052.68A   39.316   22.1697      Ca B                12.3837m   35.202    0.0017      Ca B                1.27905m   35.703    0.0054
nInu                2052.68A   39.896   84.4101      Ca B                10.5005m   35.085    0.0013      Ca B                1.29684m   35.174    0.0016
nFnu                1793.44A   39.381   25.7556      Ca B                9.38937m   34.978    0.0010      Ca B                1.50837m   35.042    0.0012
nInu                1793.44A   39.923   89.8446      Ca B                38.8589m   35.159    0.0015      Ca B                1.70027m   35.823    0.0071
nFnu                1585.12A   39.434   29.1253      Ca B                22.3342m   35.061    0.0012      Ca B                1.86854m   36.562    0.0391
nInu                1585.12A   39.993  105.3795      H  1                2431.34A   39.309   21.8383      Ca B                1.86972m   36.084    0.0130
nFnu                1458.33A   39.440   29.5359      H  1                1215.67A   40.192  166.6996      Ca B                1.90894m   35.372    0.0025
nInu                1458.33A   39.932   91.5687      H  1                1025.72A   38.926    9.0472      Ca B                1.95430m   35.180    0.0016
nFnu                1356.96A   39.399   26.8565      H  1                972.537A   38.489    3.3026      Ca B                2.05813m   36.790    0.0660
nInu                1356.96A   39.967   99.3305      H  1                949.743A   38.179    1.6184      Ca B                2.11180m   35.134    0.0015
nFnu                1297.29A   39.287   20.7710      H  1                937.804A   37.920    0.8919      Ca B                2.16080m   35.108    0.0014
nInu                1297.29A   39.995  105.9836      H  1                930.748A   37.716    0.5577      Pho+                3889.00A   37.802    0.6790
nFnu                1262.79A   39.113   13.9013      H  1                926.226A   37.541    0.3727      extra Lyman....................................
nInu                1262.79A   40.080  128.7729      H  1                923.150A   37.387    0.2615      database lines.................................
nFnu                1218.08A   37.394    0.2656      H  1                920.963A   37.250    0.1907      CO                  2600.05m   38.191    1.6639
nInu                1218.08A   40.425  285.4647      H  1                919.351A   37.625    0.4516      CO                  1300.05m   37.429    0.2881
nFnu                1196.33A   37.396    0.2670      H  1                918.129A   37.533    0.3655      CO                  866.727m   35.152    0.0015
nInu                1196.33A   40.267  198.4400      H  1                917.181A   37.449    0.3011      ^13CO               2719.67m   36.732    0.0579
nFnu                1175.06A   37.400    0.2693      H  1                916.429A   37.371    0.2519      ^13CO               1359.86m   36.023    0.0113
nInu                1175.06A   40.110  138.0386      H  1                915.824A   37.300    0.2138      Ar 2                6.98337m   35.698    0.0053
nFnu                1143.64A   37.411    0.2761      H  1                915.329A   37.234    0.1838      Ar 3                7135.79A   35.364    0.0025
nInu                1143.64A   40.023  113.1187      H  1                914.919A   37.174    0.1599      Ar 3                8.98898m   35.341    0.0023
nFnu                1113.22A   37.424    0.2846      H  1                914.576A   37.119    0.1409      C  1                9824.13A   35.799    0.0067
nInu                1113.22A   40.014  110.7163      H  1                914.286A   37.069    0.1258      C  1                9850.26A   36.274    0.0201
nFnu                1103.23A   37.428    0.2870      H  1                914.039A   37.027    0.1140      C  1                370.269m   36.073    0.0127
nInu                1103.23A   40.002  107.6075      H  1                913.826A   36.992    0.1053      C  1                609.590m   37.398    0.2677
nFnu                1073.86A   37.073    0.1268      H  1                913.641A   36.970    0.1001      C  2                2323.50A   35.296    0.0021
nInu                1073.86A   39.632   45.9020      H  1                913.480A   36.971    0.1003      C  2                2324.69A   35.628    0.0046
nFnu                1064.34A   37.081    0.1291      H  1                913.339A   37.028    0.1142      C  2                2325.40A   36.008    0.0109
nInu                1064.34A   39.638   46.5403      H  1                913.215A   37.876    0.8052      C  2                2326.93A   36.079    0.0128
nFnu                1035.92A   37.103    0.1360      H  1                6562.81A   38.417    2.7978      C  2                2328.12A   35.681    0.0051
nInu                1035.92A   39.711   55.1389      H  1                4861.33A   37.970    1.0000      C  2                157.636m   38.310    2.1904
nFnu                1000.00A   37.137    0.1469      H  1                4340.46A   37.648    0.4763      Fe 2                25.9811m   36.924    0.0900
nInu                1000.00A   39.656   48.5376      H  1                4101.73A   37.385    0.2602      Fe 2                5.33881m   37.265    0.1974
nFnu                925.144A   37.191    0.1664      H  1                3970.07A   37.178    0.1613      Fe 2                1.25668m   37.158    0.1542
nInu                925.144A   39.628   45.4655      H  1                3889.05A   37.001    0.1074      Fe 2                4416.27A   35.236    0.0018
RRC............................................      H  1                3835.38A   36.847    0.0753      Fe 2                4287.39A   35.471    0.0032
H  1                911.753A   39.340   23.4557      H  1                3797.89A   36.710    0.0550      Fe 2                2599.40A   36.503    0.0341
H  1                3645.98A   38.210    1.7387      H  1                3770.63A   36.761    0.0618      Fe 2                2585.88A   35.556    0.0039
H  1                3645.98A   38.563    3.9162      H  1                3750.15A   36.669    0.0500      Fe 2                2382.04A   36.478    0.0322
H  1                8203.53A   37.470    0.3165      H  1                3734.36A   36.585    0.0412      Fe 2                2343.50A   35.875    0.0080
H  1                8203.53A   37.870    0.7950      H  1                3721.93A   36.508    0.0345      Fe 2                35.3394m   36.172    0.0159
H  1                8203.53A   37.779    0.6440      H  1                3711.97A   36.437    0.0293      Fe 2                1.32055m   36.580    0.0408
H  1                1.45841m   36.980    0.1023      H  1                3703.85A   36.371    0.0252      Fe 2                7637.54A   35.537    0.0037
H  1                1.45841m   37.386    0.2607      H  1                3697.15A   36.311    0.0219      Fe 2                4889.62A   35.085    0.0013
H  1                1.45841m   37.401    0.2697      H  1                3691.55A   36.256    0.0193      Fe 2                4359.33A   35.335    0.0023
H  1                1.45841m   37.076    0.1277      H  1                3686.83A   36.207    0.0173      Fe 2                2625.67A   35.638    0.0047
H  1                2.27876m   36.620    0.0446      H  1                3682.80A   36.164    0.0156      Fe 2                2611.87A   35.692    0.0053
H  1                2.27876m   37.025    0.1135      H  1                3679.35A   36.130    0.0144      Fe 2                2395.63A   35.644    0.0047
H  1                2.27876m   37.071    0.1262      H  1                3676.36A   36.108    0.0137      Fe 2                2364.83A   35.392    0.0026
H  1                2.27876m   36.891    0.0835      H  1                3673.75A   36.108    0.0138      Fe 2                51.2865m   35.536    0.0037
H  1                2.27876m   36.418    0.0281      H  1                3671.47A   36.165    0.0157      Fe 2                1.37182m   36.356    0.0243
H  1                3.28142m   36.337    0.0233      H  1                3669.46A   37.013    0.1105      Fe 2                1.29427m   35.478    0.0032
H  1                3.28142m   36.741    0.0590      H  1                1.87510m   37.582    0.4093      Fe 2                7686.94A   35.280    0.0020
H  1                3.28142m   36.798    0.0673      H  1                1.28180m   37.282    0.2050      Fe 2                4413.78A   35.182    0.0016
H  1                3.28142m   36.671    0.0503      H  1                1.09380m   37.023    0.1129      Fe 2                2631.32A   35.377    0.0026
H  1                3.28142m   36.369    0.0251      H  1                1.00493m   36.812    0.0695      Fe 2                2380.76A   35.115    0.0014
H  1                3.28142m   35.799    0.0067      H  1                9545.93A   36.632    0.0460      Fe 2                1.32778m   35.233    0.0018
H  1                4.46637m   36.106    0.0137      H  1                9228.97A   36.476    0.0321      Fe 2                1.27878m   35.127    0.0014
H  1                4.46637m   36.508    0.0345      H  1                9014.87A   36.338    0.0233      Fe 2                4452.10A   34.985    0.0010
H  1                4.46637m   36.569    0.0398      H  1                8862.74A   36.246    0.0189      Fe 2                17.9314m   36.237    0.0185
H  1                4.46637m   36.467    0.0314      H  1                8750.43A   36.154    0.0153      Fe 2                1.64355m   37.085    0.1304
H  1                4.46637m   36.234    0.0184      H  1                8664.98A   36.071    0.0126      Fe 2                1.53347m   35.534    0.0037
H  1                4.46637m   35.854    0.0077      H  1                8598.35A   35.994    0.0106      Fe 2                8616.95A   36.116    0.0140
H  1                4.46637m   35.218    0.0018      H  1                8545.34A   35.923    0.0090      Fe 2                5273.35A   35.201    0.0017
H  1                5.83363m   35.911    0.0087      H  1                8502.44A   35.857    0.0077      Fe 2                5158.78A   35.845    0.0075
H  1                5.83363m   36.311    0.0219      H  1                8467.21A   35.797    0.0067      Fe 2                4814.53A   35.236    0.0018
H  1                5.83363m   36.374    0.0254      H  1                8437.91A   35.742    0.0059      Fe 2                4243.97A   35.274    0.0020
H  1                5.83363m   36.284    0.0206      H  1                8413.28A   35.693    0.0053      Fe 2                24.5120m   35.501    0.0034
H  1                5.83363m   36.085    0.0130      H  1                8392.35A   35.650    0.0048      Fe 2                1.80939m   36.382    0.0258
H  1                5.83363m   35.788    0.0066      H  1                8374.43A   35.616    0.0044      Fe 2                1.67688m   35.394    0.0027
H  1                5.83363m   35.357    0.0024      H  1                8358.96A   35.594    0.0042      Fe 2                1.59947m   35.188    0.0017
H  1                7.38319m   35.742    0.0059      H  1                8345.51A   35.595    0.0042      Fe 2                9051.95A   35.458    0.0031
H  1                7.38319m   36.140    0.0148      H  1                8333.74A   35.652    0.0048      Fe 2                8891.91A   35.636    0.0046
H  1                7.38319m   36.204    0.0172      H  1                8323.38A   36.500    0.0339      Fe 2                5261.62A   35.404    0.0027
H  1                7.38319m   36.120    0.0141      H  1                4.05113m   36.956    0.0968      Fe 2                1.80002m   35.222    0.0018
H  1                7.38319m   35.941    0.0094      H  1                2.62513m   36.735    0.0582      Fe 2                9226.62A   35.380    0.0026
H  1                7.38319m   35.687    0.0052      H  1                2.16551m   36.530    0.0363      Fe 2                2755.74A   35.107    0.0014
H  1                7.38319m   35.350    0.0024      H  1                1.94454m   36.350    0.0240      Fe 3                22.9190m   35.141    0.0015
H  1                9.11505m   35.593    0.0042      H  1                1.81740m   36.194    0.0167      Mg 1                2852.13A   35.566    0.0039
H  1                9.11505m   35.990    0.0105      H  1                1.73620m   36.054    0.0122      Mg 1                4562.60A   35.812    0.0070
H  1                9.11505m   36.054    0.0121      H  1                1.68064m   35.876    0.0081      Mg 1                4571.10A   35.377    0.0026
H  1                9.11505m   35.974    0.0101      H  1                1.64071m   35.785    0.0065      Mn 2                2576.10A   35.026    0.0011
H  1                9.11505m   35.807    0.0069      H  1                1.61092m   35.702    0.0054      N  1                5197.90A   36.196    0.0168
H  1                9.11505m   35.578    0.0041      H  1                1.58804m   35.625    0.0045      N  1                5200.26A   36.371    0.0252
H  1                9.11505m   35.292    0.0021      H  1                1.57006m   35.555    0.0038      Ne 2                12.8101m   36.616    0.0443
H  1                11.0292m   36.556    0.0386      H  1                1.55563m   35.489    0.0033      Ne 3                15.5509m   35.895    0.0084
H  1                13.1257m   36.444    0.0298      H  1                1.54388m   35.429    0.0029      Ne 3                3868.76A   35.581    0.0041
H  1                15.4044m   36.341    0.0235      H  1                1.53417m   35.375    0.0025      Ne 3                3967.47A   35.063    0.0012
H  1                17.8655m   36.245    0.0188      H  1                1.52604m   35.326    0.0023      O  1                5577.34A   35.074    0.0013
H  1                20.5089m   36.155    0.0153      H  1                1.51917m   35.283    0.0021      O  1                6300.30A   36.739    0.0588
H  1                23.3345m   36.072    0.0126      H  1                1.51331m   35.249    0.0019      O  1                6363.78A   36.244    0.0188
H  1                26.3425m   35.993    0.0106      H  1                1.50827m   35.227    0.0018      O  1                63.1679m   37.506    0.3440
H  1                29.5328m   35.919    0.0089      H  1                1.50389m   35.228    0.0018      O  1                145.495m   36.353    0.0242
H  1                32.9053m   35.849    0.0076      H  1                1.50008m   35.285    0.0021      O  2                2470.34A   35.110    0.0014
H  1                36.4602m   35.783    0.0065      H  1                1.49672m   36.133    0.0146      O  2                3728.81A   36.915    0.0880
H  1                40.1974m   35.719    0.0056      H  1                7.45777m   36.439    0.0294      O  2                3726.03A   36.740    0.0589
H  1                44.1168m   35.659    0.0049      H  1                4.65247m   36.278    0.0203      P  2                60.6263m   35.589    0.0042
H  1                48.2186m   35.601    0.0043      H  1                3.73951m   36.110    0.0138      P  2                32.8620m   35.242    0.0019
H  1                52.5027m   35.546    0.0038      H  1                3.29607m   35.957    0.0097      P  2                1.14682m   35.077    0.0013
H  1                56.9691m   36.731    0.0577      H  1                3.03835m   35.819    0.0071      P  2                1.18828m   35.500    0.0034
He 2                227.838A   37.810    0.6918      H  1                2.87219m   35.587    0.0041      S  2                6730.82A   36.993    0.1054
He 2                911.351A   36.294    0.0211      H  1                2.75749m   35.497    0.0034      S  2                6716.44A   37.153    0.1525
He 2                911.351A   36.708    0.0547      H  1                2.67438m   35.414    0.0028      S  2                4076.35A   35.407    0.0027
He 2                2049.88A   35.767    0.0063      H  1                2.61191m   35.338    0.0023      S  2                4068.60A   35.897    0.0085
He 2                2049.88A   36.235    0.0184      H  1                2.56361m   35.268    0.0020      S  2                1.03364m   35.268    0.0020
He 2                2049.88A   36.247    0.0189      H  1                2.52538m   35.203    0.0017      S  2                1.02867m   35.271    0.0020
He 2                3644.36A   35.223    0.0018      H  1                2.49455m   35.143    0.0015      S  2                1.03205m   35.405    0.0027
He 2                3644.36A   35.701    0.0054      H  1                2.46929m   35.088    0.0013      S  3                33.4704m   35.721    0.0056
He 2                3644.36A   35.827    0.0072      H  1                2.44831m   35.039    0.0012      S  3                18.7078m   35.462    0.0031
He 2                3644.36A   35.620    0.0045      H  1                2.43068m   34.997    0.0011      S  3                9068.62A   35.316    0.0022
He 2                5694.36A   35.295    0.0021      H  1                2.38215m   34.998    0.0011      S  3                9530.62A   35.716    0.0056
He 2                5694.36A   35.459    0.0031      H  1                2.37371m   35.847    0.0075      Si 2                34.8046m   37.570    0.3985
He 2                5694.36A   35.406    0.0027      H  1                12.3684m   36.001    0.0107      Si 2                2334.41A   35.075    0.0013
He 2                5694.36A   35.041    0.0012      H  1                7.50038m   35.882    0.0082      Si 2                1808.01A   35.165    0.0016
He 2                8199.90A   34.973    0.0010      H  1                5.90655m   35.742    0.0059      Si 2                2350.17A   35.199    0.0017
He 2                8199.90A   35.151    0.0015      H  1                5.12722m   35.610    0.0044      Si 2                2344.20A   35.604    0.0043
He 2                8199.90A   35.158    0.0015      H  1                4.67119m   35.349    0.0024      Si 2                2334.60A   35.497    0.0034
He 2                8199.90A   34.973    0.0010      H  1                4.37522m   35.260    0.0019      Si 2                1816.93A   35.423    0.0028
He 2                14.2360m   35.161    0.0016      H  1                4.16962m   35.178    0.0016      Al 2                2669.15A   35.357    0.0024
He 1                504.259A   38.655    4.8472      H  1                4.01974m   35.102    0.0014      Al 2                2660.35A   35.541    0.0037
He 1                2599.69A   37.200    0.1698      H  1                3.90645m   35.032    0.0012      Ca 2                7323.89A   36.492    0.0333
He 1                3120.85A   36.690    0.0525      H  1                3.48198m   35.612    0.0044      Ca 2                7291.47A   36.660    0.0490
He 1                3421.00A   36.710    0.0549      H  1                19.0565m   35.619    0.0045      Ca 2                3968.47A   36.163    0.0156
He 1                3420.88A   37.187    0.1648      H  1                11.3055m   35.530    0.0036      Ca 2                3933.66A   36.456    0.0307
He 1                3420.88A   37.409    0.2746      H  1                8.75760m   35.415    0.0028      Cl 2                14.3639m   34.996    0.0011
He 1                3678.70A   36.992    0.1052      H  1                7.50599m   35.144    0.0015      Cl 2                8578.70A   35.145    0.0015
He 1                6632.16A   36.283    0.0206      H  1                6.77008m   35.057    0.0012      Mg 2                2802.71A   36.804    0.0682
He 1                7435.20A   35.865    0.0079      H  1                6.29014m   34.976    0.0010      Mg 2                2795.53A   37.100    0.1350
He 1                7843.44A   36.924    0.0900      H  1                4.84633m   35.414    0.0028      N  2                205.244m   35.682    0.0052
He 1                8188.36A   36.720    0.0563      H  1                27.7955m   35.282    0.0021      N  2                121.767m   35.603    0.0043
He 1                8190.64A   36.231    0.0183      H  1                16.2045m   35.216    0.0018      N  2                6548.05A   36.297    0.0212
He 1                8261.30A   36.316    0.0222      H  1                6.49914m   35.241    0.0019      N  2                6583.45A   36.767    0.0626
He 1                1.24779m   35.725    0.0057      H  1                38.8589m   34.981    0.0010      Ni 2                1.19102m   36.198    0.0169
He 1                1.35647m   35.342    0.0024      H  1                8.48253m   35.088    0.0013      Ni 2                6.63416m   35.660    0.0049
He 1                1.40934m   36.419    0.0281      Ca A                234.347A   36.351    0.0240      Ni 2                7377.83A   35.415    0.0028
He 1                1.45602m   36.343    0.0236      Ca A                232.584A   36.151    0.0152      level 1 lines..................................
He 1                1.45643m   35.851    0.0076      Ca A                231.454A   35.980    0.0102      recombination..................................
He 1                1.45759m   36.007    0.0109      Ca A                230.686A   35.831    0.0073      C  1                1.06950m   36.256    0.0193
He 1                1.45759m   35.530    0.0036      Ca A                230.139A   35.699    0.0054      C  1                9088.00A   35.433    0.0029
He 1                1.46631m   35.839    0.0074      Ca A                229.736A   35.580    0.0041      C  1                1657.00A   37.197    0.1689
He 1                2.01409m   35.329    0.0023      Ca A                229.431A   35.471    0.0032      level2 lines...................................
He 1                2.21672m   36.047    0.0119      Ca A                229.194A   35.371    0.0025      Ti 2                3364.74A   35.317    0.0022
He 1                2.27546m   36.013    0.0111      Ca A                229.006A   35.279    0.0020      Ti 2                3237.15A   35.074    0.0013
He 1                2.27605m   35.521    0.0036      Ca A                228.855A   35.192    0.0017      hyperfine structure............................
He 1                2.27752m   35.821    0.0071      Ca A                228.731A   35.112    0.0014      H  1                21.1207c   37.683    0.5162
He 1                2.27752m   35.344    0.0024      Ca A                228.629A   35.036    0.0012      inner shell....................................
He 1                2.27778m   35.351    0.0024      Ca A                992.360A   35.720    0.0056      molecules......................................
He 1                2.28864m   35.481    0.0032      Ca A                972.108A   35.540    0.0037      H2 l                2.00000m   38.728    5.7348
He 1                2.96255m   35.037    0.0012      Ca A                958.694A   35.384    0.0026      H2dH                      0    36.224    0.0180
He 1                3.20640m   35.757    0.0061      Ca A                949.324A   35.248    0.0019      H2 v                      0    37.930    0.9117
He 1                3.27715m   35.741    0.0059      Ca A                942.508A   35.125    0.0014      H-FB                      0    37.185    0.1640
He 1                3.27790m   35.245    0.0019      Ca A                937.389A   35.013    0.0011      H-FF                      0    36.994    0.1057
He 1                3.27968m   35.601    0.0043      Ca A                2385.35A   35.261    0.0020      H-CT                6562.81A   37.126    0.1432
He 1                3.27969m   35.123    0.0014      Ca A                2306.15A   35.098    0.0013      H- H                      0    35.770    0.0063
He 1                3.28001m   35.302    0.0021      Ca A                3.09074m   35.015    0.0011      H2+                       0    36.783    0.0651
He 1                3.29317m   35.198    0.0017      Ca B                992.360A   35.864    0.0078      HEH+                      0    36.329    0.0228
He 1                4.46460m   36.187    0.0165      Ca B                972.108A   35.683    0.0052      COdh                      0    35.044    0.0012
He 1                5.83132m   36.015    0.0111      Ca B                958.694A   35.527    0.0036      blends.........................................
He 1                7.38026m   35.864    0.0078      Ca B                949.324A   35.389    0.0026      Blnd                2798.00A   37.278    0.2032
He 1                9.11143m   35.728    0.0057      Ca B                942.508A   35.266    0.0020      Blnd                6720.00A   37.381    0.2579
He 1                11.0248m   35.606    0.0043      Ca B                937.389A   35.154    0.0015      Blnd                4074.00A   36.019    0.0112
He 1                13.1205m   35.493    0.0033      Ca B                933.444A   35.052    0.0012      Blnd                1.03300m   35.910    0.0087
He 1                15.3983m   35.390    0.0026      Ca B                2385.35A   35.308    0.0022      Blnd                2665.00A   35.760    0.0062
He 1                17.8584m   35.294    0.0021      Ca B                2306.15A   35.146    0.0015      Blnd                2335.00A   36.009    0.0109
He 1                20.5007m   35.205    0.0017      Ca B                2252.64A   35.004    0.0011      Ca2R                3933.00A   36.006    0.0109
He 1                23.3253m   35.121    0.0014      Ca B                3.09074m   35.020    0.0011      Blnd                8579.00A   35.145    0.0015
He 1                26.3321m   35.043    0.0012      He 2                607.567A   37.223    0.1790      Blnd                7306.00A   36.885    0.0823
He 1                61.5933m   35.740    0.0059      He 2                303.784A   38.034    1.1584      Blnd                3933.00A   36.635    0.0463
grains.........................................      He 2                256.317A   37.354    0.2421      Blnd                1657.00A   37.198    0.1690
H-like iso-sequence............................      He 2                243.027A   36.930    0.0912      C 1R                1656.00A   37.197    0.1689
Cool                1215.67A   39.398   26.7773      He 2                237.331A   36.623    0.0449      Blnd                9850.00A   36.399    0.0269
Crst                960.000A   39.214   17.5312      He 2                234.347A   36.381    0.0258      Blnd                2326.00A   36.521    0.0356
LA X                1215.67A   38.776    6.4052      He 2                232.584A   36.181    0.0163      Blnd                1335.00A   35.096    0.0013
CION                      0    37.063    0.1240      He 2                231.454A   36.010    0.0110      Blnd                5199.00A   36.594    0.0421
Q(H)                4861.33A   38.111    1.3849      He 2                230.686A   35.861    0.0078      Blnd                1.04030m   35.060    0.0012
Q(H)                1215.67A   39.645   47.3195      He 2                230.139A   35.727    0.0057      Blnd                2141.00A   35.016    0.0011
CaBo                4861.33A   38.141    1.4834      He 2                229.736A   36.277    0.0203      Blnd                6300.00A   36.860    0.0776
CaBo                1640.00A   37.218    0.1772      He 2                229.431A   36.190    0.0166      Blnd                2471.00A   35.213    0.0018
CaBo                4685.64A   36.409    0.0275      He 2                229.194A   36.111    0.0138      Blnd                3726.00A   36.740    0.0589
Ca A                937.804A   37.835    0.7329      He 2                229.006A   36.037    0.0117      Blnd                3729.00A   36.915    0.0880
Ca A                930.748A   37.633    0.4602      He 2                228.855A   35.968    0.0100      Blnd                7323.00A   35.045    0.0012
Ca A                926.226A   37.459    0.3085      He 2                228.731A   35.904    0.0086      Blnd                3727.00A   37.138    0.1472
Ca A                923.150A   37.307    0.2172      He 2                228.629A   35.845    0.0075      Blnd                7325.00A   35.307    0.0022
Ca A                920.963A   37.171    0.1588      He 2                228.543A   35.791    0.0066
Ca A                919.351A   37.048    0.1196      He 2                228.471A   35.741    0.0059

                                                    Emergent line intensities
 Caution: emergent intensities are not reliable on the first iteration.
general properties.............................      H  1                19.0565m   35.619    0.0045      He 1                8996.90A   34.971    0.0010
continua.......................................      H  1                11.3055m   35.530    0.0036      He 1                8298.68A   35.038    0.0012
FIR                 83.0000m   39.193   16.7055      H  1                8.75760m   35.415    0.0028      He 1                1.86972m   35.799    0.0067
TIR                 1800.00m   38.302    2.1467      H  1                7.50599m   35.144    0.0015      He 1                1.27905m   35.486    0.0033
NIRa                2.85000m   40.266  197.9807      H  1                6.77008m   35.057    0.0012      He 1                1.09171m   35.226    0.0018
NIRb                3.00000m   39.864   78.4153      H  1                6.29014m   34.976    0.0010      He 1                1.90894m   35.222    0.0018
MIRa                15.0000m   39.912   87.5141      H  1                4.84633m   35.414    0.0028      He 1                1.29684m   35.044    0.0012
MIRb                22.5000m   39.988  104.3854      H  1                27.7955m   35.282    0.0021      He 1                4.03664m   35.217    0.0018
NMIR                21.7500m   40.266  197.9807      H  1                16.2045m   35.216    0.0018      He 1                2.61850m   35.099    0.0013
TFIR                611.250m   38.363    2.4740      H  1                6.49914m   35.241    0.0019      He 1                4.04791m   35.535    0.0037
TALL                10000.0A   40.749  600.9308      H  1                38.8589m   34.981    0.0010      He 1                2.62338m   35.267    0.0020
F12                 12.0000m   39.469   31.5470      H  1                8.48253m   35.088    0.0013      He 1                4.04793m   35.058    0.0012
F25                 25.0000m   39.255   19.2854      He 2                303.784A   37.837    0.7363      extra Lyman....................................
F60                 60.0000m   39.092   13.2391      He 2                256.317A   37.181    0.1628      database lines.................................
F100                100.000m   37.940    0.9332      He 2                243.027A   36.765    0.0624      CO                  2600.05m   38.191    1.6640
MIPS                24.0000m   38.961    9.8054      He 2                237.331A   36.461    0.0310      CO                  1300.05m   37.429    0.2881
MIPS                70.0000m   38.549    3.7951      He 2                234.347A   36.221    0.0178      CO                  866.727m   35.152    0.0015
MIPS                160.000m   38.305    2.1630      He 2                232.584A   36.023    0.0113      ^13CO               2719.67m   36.732    0.0579
IRAC                3.60000m   39.076   12.7557      He 2                231.454A   35.852    0.0076      ^13CO               1359.86m   36.023    0.0113
IRAC                4.50000m   39.112   13.8869      He 2                230.686A   35.703    0.0054      Ar 2                6.98337m   35.698    0.0053
IRAC                5.80000m   39.150   15.1393      He 2                230.139A   35.570    0.0040      Ar 3                7135.79A   35.364    0.0025
IRAC                8.00000m   39.300   21.4059      He 2                229.736A   36.119    0.0141      Ar 3                8.98898m   35.341    0.0023
SPR1                250.000m   35.840    0.0074      He 2                229.431A   36.033    0.0116      C  1                9824.13A   35.799    0.0067
SPR2                350.000m   36.222    0.0179      He 2                229.194A   35.953    0.0096      C  1                9850.26A   36.274    0.0201
SPR3                500.000m   35.709    0.0055      He 2                229.006A   35.879    0.0081      C  1                370.269m   36.073    0.0127
PAC1                70.0000m   38.603    4.2925      He 2                228.855A   35.810    0.0069      C  1                609.590m   37.398    0.2678
PAC2                100.000m   37.895    0.8413      He 2                228.731A   35.746    0.0060      C  2                2323.50A   35.296    0.0021
PAC3                160.000m   38.306    2.1701      He 2                228.629A   35.687    0.0052      C  2                2324.69A   35.628    0.0046
PAH                 3.30000m   38.220    1.7794      He 2                228.543A   35.632    0.0046      C  2                2325.40A   36.008    0.0109
PAHC                3.23000m   37.926    0.9037      He 2                228.471A   35.583    0.0041      C  2                2326.93A   36.079    0.0128
PAHC                3.37000m   37.910    0.8709      He 2                228.409A   35.539    0.0037      C  2                2328.12A   35.681    0.0051
PAH                 6.20000m   38.662    4.9198      He 2                228.356A   35.503    0.0034      C  2                157.636m   38.310    2.1905
PAHC                5.65000m   38.699    5.3586      He 2                228.309A   35.478    0.0032      Fe 2                25.9811m   36.924    0.0900
PAH                 7.90000m   38.849    7.5686      He 2                228.269A   35.474    0.0032      Fe 2                5.33881m   37.265    0.1974
PAHC                6.90000m   38.913    8.7804      He 2                228.234A   35.524    0.0036      Fe 2                1.25668m   37.158    0.1542
PAH                 11.3000m   38.262    1.9579      He 2                228.203A   36.352    0.0241      Fe 2                4416.27A   35.236    0.0018
PAHC                10.9000m   38.284    2.0596      He 2                1640.43A   36.996    0.1062      Fe 2                4287.39A   35.471    0.0032
PAH                 11.8000m   38.476    3.2051      He 2                1215.13A   36.532    0.0365      Fe 2                2599.40A   36.503    0.0341
PAHC                12.6500m   38.451    3.0312      He 2                1084.94A   36.197    0.0169      Fe 2                2585.88A   35.556    0.0039
PAH                 13.3000m   38.475    3.2005      He 2                1025.27A   35.940    0.0093      Fe 2                2382.04A   36.478    0.0322
PAHC                14.1000m   38.443    2.9749      He 2                992.360A   35.731    0.0058      Fe 2                2343.50A   35.875    0.0080
Bcon                3640.00A   40.480  323.8848      He 2                972.108A   35.554    0.0038      Fe 2                35.3394m   36.172    0.0159
Pcon                5000.00A   39.707   54.5587      He 2                958.694A   35.401    0.0027      Fe 2                1.32055m   36.580    0.0408
O3bn                5007.00A   38.139    1.4751      He 2                949.324A   35.267    0.0020      Fe 2                7637.54A   35.537    0.0037
SX                  25.0000A   35.980    0.0102      He 2                942.508A   35.413    0.0028      Fe 2                4889.62A   35.085    0.0013
HX                  4.70000A   38.552    3.8235      He 2                937.389A   35.327    0.0023      Fe 2                4359.33A   35.335    0.0023
RRC............................................      He 2                933.444A   35.247    0.0019      Fe 2                2625.67A   35.638    0.0047
grains.........................................      He 2                930.337A   35.174    0.0016      Fe 2                2611.87A   35.692    0.0053
H-like iso-sequence............................      He 2                927.846A   35.105    0.0014      Fe 2                2395.63A   35.644    0.0047
H  1                1215.67A   40.190  165.8746      He 2                925.817A   35.042    0.0012      Fe 2                2364.83A   35.392    0.0026
H  1                1025.72A   38.926    9.0310      He 2                924.142A   34.982    0.0010      Fe 2                51.2865m   35.536    0.0037
H  1                972.537A   38.488    3.2970      He 2                917.221A   35.650    0.0048      Fe 2                1.37182m   36.356    0.0243
H  1                949.743A   38.178    1.6149      He 2                4685.64A   36.226    0.0181      Fe 2                1.29427m   35.478    0.0032
H  1                937.804A   37.919    0.8899      He 2                3203.04A   35.905    0.0086      Fe 2                7686.94A   35.280    0.0020
H  1                930.748A   37.715    0.5566      He 2                2733.24A   35.639    0.0047      Fe 2                4413.78A   35.182    0.0016
H  1                926.226A   37.540    0.3719      He 2                2511.15A   35.422    0.0028      Fe 2                2631.32A   35.377    0.0026
H  1                923.150A   37.386    0.2610      He 2                2385.35A   35.238    0.0019      Fe 2                2380.76A   35.115    0.0014
H  1                920.963A   37.249    0.1903      He 2                2306.15A   35.081    0.0013      Fe 2                1.32778m   35.233    0.0018
H  1                919.351A   37.623    0.4505      He 2                2079.84A   35.136    0.0015      Fe 2                1.27878m   35.127    0.0014
H  1                918.129A   37.532    0.3645      He 2                1.01233m   35.624    0.0045      Fe 2                4452.10A   34.985    0.0010
H  1                917.181A   37.447    0.3002      He 2                6559.91A   35.394    0.0027      Fe 2                17.9314m   36.237    0.0185
H  1                916.429A   37.370    0.2512      He 2                5411.37A   35.181    0.0016      Fe 2                1.64355m   37.085    0.1304
H  1                915.824A   37.298    0.2131      He 2                4859.18A   34.996    0.0011      Fe 2                1.53347m   35.534    0.0037
H  1                915.329A   37.233    0.1831      He 2                1.86362m   35.119    0.0014      Fe 2                8616.95A   36.116    0.0140
H  1                914.919A   37.172    0.1593      He-like iso-sequence...........................      Fe 2                5273.35A   35.201    0.0017
H  1                914.576A   37.117    0.1403      He 1                584.334A   37.426    0.2860      Fe 2                5158.78A   35.845    0.0075
H  1                914.286A   37.068    0.1252      He 1                537.030A   36.908    0.0868      Fe 2                4814.53A   35.236    0.0018
H  1                914.039A   37.025    0.1135      He 1                522.213A   36.539    0.0371      Fe 2                4243.97A   35.274    0.0020
H  1                913.826A   36.990    0.1048      He 1                515.617A   36.257    0.0194      Fe 2                24.5120m   35.501    0.0034
H  1                913.641A   36.968    0.0996      He 1                512.099A   36.022    0.0113      Fe 2                1.80939m   36.382    0.0258
H  1                913.480A   36.969    0.0997      He 1                625.563A   38.075    1.2741      Fe 2                1.67688m   35.394    0.0027
H  1                913.339A   37.025    0.1135      He 1                510.018A   36.707    0.0546      Fe 2                1.59947m   35.188    0.0017
H  1                913.215A   37.872    0.7987      He 1                508.657A   36.564    0.0393      Fe 2                9051.95A   35.458    0.0031
H  1                6562.81A   38.417    2.7977      He 1                507.727A   36.434    0.0291      Fe 2                8891.91A   35.636    0.0046
H  1                4861.33A   37.970    1.0000      He 1                507.065A   36.320    0.0224      Fe 2                5261.62A   35.404    0.0027
H  1                4340.46A   37.648    0.4763      He 1                506.576A   36.214    0.0175      Fe 2                1.80002m   35.222    0.0018
H  1                4101.73A   37.385    0.2602      He 1                506.204A   36.116    0.0140      Fe 2                9226.62A   35.380    0.0026
H  1                3970.07A   37.178    0.1613      He 1                505.916A   36.027    0.0114      Fe 2                2755.74A   35.107    0.0014
H  1                3889.05A   37.001    0.1074      He 1                505.687A   35.943    0.0094      Fe 3                22.9190m   35.141    0.0015
H  1                3835.38A   36.847    0.0754      He 1                505.502A   35.865    0.0079      Mg 1                2852.13A   35.566    0.0039
H  1                3797.89A   36.710    0.0550      He 1                505.352A   35.793    0.0066      Mg 1                4562.60A   35.812    0.0070
H  1                3770.63A   36.761    0.0618      He 1                505.227A   35.725    0.0057      Mg 1                4571.10A   35.377    0.0026
H  1                3750.15A   36.669    0.0500      He 1                505.122A   35.662    0.0049      Mn 2                2576.10A   35.026    0.0011
H  1                3734.36A   36.585    0.0412      He 1                505.033A   35.603    0.0043      N  1                5197.90A   36.196    0.0168
H  1                3721.93A   36.508    0.0345      He 1                504.958A   35.550    0.0038      N  1                5200.26A   36.371    0.0252
H  1                3711.97A   36.437    0.0293      He 1                504.893A   35.503    0.0034      Ne 2                12.8101m   36.616    0.0443
H  1                3703.85A   36.371    0.0252      He 1                504.836A   35.463    0.0031      Ne 3                15.5509m   35.895    0.0084
H  1                3697.15A   36.311    0.0219      He 1                504.787A   35.434    0.0029      Ne 3                3868.76A   35.581    0.0041
H  1                3691.55A   36.256    0.0193      He 1                504.744A   35.425    0.0029      Ne 3                3967.47A   35.063    0.0012
H  1                3686.83A   36.207    0.0173      He 1                504.706A   35.469    0.0032      O  1                5577.34A   35.074    0.0013
H  1                3682.80A   36.164    0.0156      He 1                504.672A   36.286    0.0207      O  1                6300.30A   36.739    0.0588
H  1                3679.35A   36.130    0.0144      He 1                1.08303m   37.497    0.3365      O  1                6363.78A   36.244    0.0188
H  1                3676.36A   36.108    0.0137      He 1                3888.63A   37.228    0.1810      O  1                63.1679m   37.506    0.3441
H  1                3673.75A   36.108    0.0138      He 1                3187.74A   36.840    0.0741      O  1                145.495m   36.353    0.0242
H  1                3671.47A   36.165    0.0157      He 1                2945.10A   36.526    0.0360      O  2                2470.34A   35.110    0.0014
H  1                3669.46A   37.013    0.1105      He 1                2829.08A   36.271    0.0200      O  2                3728.81A   36.915    0.0880
H  1                1.87510m   37.582    0.4093      He 1                2760.44A   35.558    0.0039      O  2                3726.03A   36.740    0.0589
H  1                1.28180m   37.282    0.2050      He 1                2721.00A   35.429    0.0029      P  2                60.6263m   35.589    0.0042
H  1                1.09380m   37.023    0.1129      He 1                2694.61A   35.312    0.0022      P  2                32.8620m   35.242    0.0019
H  1                1.00493m   36.812    0.0695      He 1                2676.05A   35.205    0.0017      P  2                1.14682m   35.077    0.0013
H  1                9545.93A   36.632    0.0460      He 1                2662.47A   35.101    0.0014      P  2                1.18828m   35.500    0.0034
H  1                9228.97A   36.476    0.0321      He 1                2652.24A   35.012    0.0011      S  2                6730.82A   36.992    0.1054
H  1                9014.87A   36.338    0.0233      He 1                2610.71A   35.304    0.0022      S  2                6716.44A   37.153    0.1525
H  1                8862.74A   36.245    0.0189      He 1                5015.68A   35.046    0.0012      S  2                4076.35A   35.407    0.0027
H  1                8750.43A   36.154    0.0153      He 1                3355.42A   35.061    0.0012      S  2                4068.60A   35.897    0.0085
H  1                8664.98A   36.071    0.0126      He 1                7065.22A   36.508    0.0345      S  2                1.03364m   35.268    0.0020
H  1                8598.35A   35.994    0.0106      He 1                5875.64A   37.228    0.1814      S  2                1.02867m   35.271    0.0020
H  1                8545.34A   35.923    0.0090      He 1                4713.03A   35.835    0.0073      S  2                1.03205m   35.405    0.0027
H  1                8502.44A   35.857    0.0077      He 1                4471.49A   36.831    0.0726      S  3                33.4704m   35.721    0.0056
H  1                8467.21A   35.797    0.0067      He 1                4120.82A   35.414    0.0028      S  3                18.7078m   35.462    0.0031
H  1                8437.91A   35.742    0.0059      He 1                4026.20A   36.518    0.0353      S  3                9068.62A   35.316    0.0022
H  1                8413.28A   35.693    0.0053      He 1                3867.48A   35.110    0.0014      S  3                9530.62A   35.716    0.0056
H  1                8392.35A   35.650    0.0048      He 1                3819.61A   36.264    0.0197      Si 2                34.8046m   37.570    0.3985
H  1                8374.43A   35.616    0.0044      He 1                3704.76A   36.183    0.0164      Si 2                2334.41A   35.075    0.0013
H  1                8358.96A   35.594    0.0042      He 1                3634.08A   36.043    0.0118      Si 2                1808.01A   35.165    0.0016
H  1                8345.51A   35.595    0.0042      He 1                3587.16A   35.918    0.0089      Si 2                2350.17A   35.199    0.0017
H  1                8333.74A   35.652    0.0048      He 1                3554.34A   35.807    0.0069      Si 2                2344.20A   35.604    0.0043
H  1                8323.38A   36.500    0.0339      He 1                3530.43A   35.704    0.0054      Si 2                2334.60A   35.497    0.0034
H  1                4.05113m   36.956    0.0968      He 1                3512.47A   35.612    0.0044      Si 2                1816.93A   35.423    0.0028
H  1                2.62513m   36.735    0.0582      He 1                3498.61A   35.527    0.0036      Al 2                2669.15A   35.357    0.0024
H  1                2.16551m   36.530    0.0363      He 1                3487.70A   35.449    0.0030      Al 2                2660.35A   35.541    0.0037
H  1                1.94454m   36.350    0.0240      He 1                3478.94A   35.376    0.0026      Ca 2                7323.89A   36.492    0.0333
H  1                1.81740m   36.194    0.0167      He 1                3471.80A   35.309    0.0022      Ca 2                7291.47A   36.660    0.0490
H  1                1.73620m   36.054    0.0122      He 1                3465.91A   35.247    0.0019      Ca 2                3968.47A   36.163    0.0156
H  1                1.68064m   35.876    0.0081      He 1                3460.99A   35.189    0.0017      Ca 2                3933.66A   36.456    0.0307
H  1                1.64071m   35.785    0.0065      He 1                3456.84A   35.137    0.0015      Cl 2                14.3639m   34.996    0.0011
H  1                1.61092m   35.702    0.0054      He 1                3453.30A   35.089    0.0013      Cl 2                8578.70A   35.145    0.0015
H  1                1.58804m   35.625    0.0045      He 1                3450.26A   35.047    0.0012      Mg 2                2802.71A   36.804    0.0682
H  1                1.57006m   35.555    0.0038      He 1                3447.63A   35.014    0.0011      Mg 2                2795.53A   37.100    0.1350
H  1                1.55563m   35.489    0.0033      He 1                3445.34A   34.992    0.0011      N  2                205.244m   35.682    0.0052
H  1                1.54388m   35.429    0.0029      He 1                3443.33A   34.992    0.0011      N  2                121.767m   35.603    0.0043
H  1                1.53417m   35.375    0.0025      He 1                3441.56A   35.047    0.0012      N  2                6548.05A   36.297    0.0212
H  1                1.52604m   35.326    0.0023      He 1                3439.99A   35.892    0.0084      N  2                6583.45A   36.767    0.0626
H  1                1.51917m   35.283    0.0021      He 1                7281.35A   35.773    0.0063      Ni 2                1.19102m   36.198    0.0169
H  1                1.51331m   35.249    0.0019      He 1                6678.15A   36.675    0.0507      Ni 2                6.63416m   35.660    0.0049
H  1                1.50827m   35.227    0.0018      He 1                5047.64A   35.330    0.0023      Ni 2                7377.83A   35.415    0.0028
H  1                1.50389m   35.228    0.0018      He 1                4921.93A   36.257    0.0194      level 1 lines..................................
H  1                1.50008m   35.285    0.0021      He 1                4437.55A   35.004    0.0011      recombination..................................
H  1                1.49672m   36.133    0.0146      He 1                4387.93A   35.941    0.0094      level2 lines...................................
H  1                7.45777m   36.439    0.0294      He 1                4143.76A   35.691    0.0053      Ti 2                3364.74A   35.317    0.0022
H  1                4.65247m   36.278    0.0203      He 1                4009.05A   35.547    0.0038      Ti 2                3237.15A   35.074    0.0013
H  1                3.73951m   36.110    0.0138      He 1                3926.41A   35.404    0.0027      hyperfine structure............................
H  1                3.29607m   35.957    0.0097      He 1                3871.69A   35.278    0.0020      H  1                21.1207c   37.683    0.5162
H  1                3.03835m   35.819    0.0071      He 1                3833.48A   35.166    0.0016      inner shell....................................
H  1                2.87219m   35.587    0.0041      He 1                3805.69A   35.063    0.0012      molecules......................................
H  1                2.75749m   35.497    0.0034      He 1                3784.82A   34.970    0.0010      blends.........................................
H  1                2.67438m   35.414    0.0028      He 1                3700.80A   35.247    0.0019      Blnd                2798.00A   37.278    0.2032
H  1                2.61191m   35.338    0.0023      He 1                4.29459m   35.239    0.0019      Blnd                6720.00A   37.381    0.2579
H  1                2.56361m   35.268    0.0020      He 1                1.25274m   35.345    0.0024      Blnd                4074.00A   36.019    0.0112
H  1                2.52538m   35.203    0.0017      He 1                9463.57A   35.269    0.0020      Blnd                1.03300m   35.910    0.0087
H  1                2.49455m   35.143    0.0015      He 1                8361.73A   35.094    0.0013      Blnd                2665.00A   35.760    0.0062
H  1                2.46929m   35.088    0.0013      He 1                2.11180m   35.019    0.0011      Blnd                2335.00A   36.009    0.0109
H  1                2.44831m   35.039    0.0012      He 1                1.70027m   35.680    0.0051      Ca2R                3933.00A   36.006    0.0109
H  1                2.43068m   34.997    0.0011      He 1                1.19692m   35.522    0.0036      Blnd                8579.00A   35.145    0.0015
H  1                2.38215m   34.998    0.0011      He 1                1.03113m   35.324    0.0023      Blnd                7306.00A   36.885    0.0823
H  1                2.37371m   35.847    0.0075      He 1                9515.06A   35.297    0.0021      Blnd                3933.00A   36.635    0.0463
H  1                12.3684m   36.001    0.0107      He 1                9062.39A   35.171    0.0016      Blnd                1657.00A   37.197    0.1689
H  1                7.50038m   35.882    0.0082      He 1                8776.14A   35.057    0.0012      C 1R                1656.00A   37.197    0.1688
H  1                5.90655m   35.742    0.0059      He 1                7944.61A   35.058    0.0012      Blnd                9850.00A   36.399    0.0269
H  1                5.12722m   35.610    0.0044      He 1                1.95430m   35.111    0.0014      Blnd                1335.00A   35.096    0.0013
H  1                4.67119m   35.349    0.0024      He 1                1.86854m   36.276    0.0203      Blnd                1.04030m   35.060    0.0012
H  1                4.37522m   35.260    0.0020      He 1                1.27849m   35.964    0.0099      Blnd                2141.00A   35.016    0.0011
H  1                4.16962m   35.178    0.0016      He 1                1.09130m   35.703    0.0054      Blnd                6300.00A   36.860    0.0776
H  1                4.01974m   35.102    0.0014      He 1                1.00275m   35.367    0.0025      Blnd                3726.00A   36.740    0.0589
H  1                3.90645m   35.032    0.0012      He 1                9526.01A   35.218    0.0018      Blnd                3729.00A   36.915    0.0880
H  1                3.48198m   35.612    0.0044      He 1                9210.23A   35.087    0.0013



 CIV QSO  
 Cooling:  H  1c                     0 :0.700 H2 l                2.00000m:0.091  
 Heating:  BFH1                      0 :0.636 BFHe                      0 :0.310  

 These are some of the most important databases used by Cloudy:
 Many recombination coefficients were taken from http://amdpp.phys.strath.ac.uk/tamoc/RR/ and http://amdpp.phys.strath.ac.uk/tamoc/DR/
      and are based on the following papers:
        Badnell N. R., et al., A&A 406, 1151 (2003) [http://adsabs.harvard.edu/abs/2003A%26A...406.1151B]
        Badnell N. R., ApJS 167, 334 (2006) [http://adsabs.harvard.edu/abs/2006ApJS..167..334B]
 Much of the molecular emission data is from LAMDA as accessed on June 30, 2015. This database is described in:
        Schoeier F.L., et al., A&A 432, 369 (2005) [http://adsabs.harvard.edu/abs/2005A%26A...432..369S]
      This database is in part based on the work of the following groups:
        JPL: Pickett H. M. et al., JQSRT, 60, 883 (1998). [http://adsabs.harvard.edu/abs/1998JQSRT..60..883P]
        CDMS: Mueller H. S. et al., A&A 370, L49 (2001). [http://adsabs.harvard.edu/abs/2001A%26A...370L..49M]
              Mueller H. S. et al., J. Mol. Struct. 742, 215 (2005). [http://adsabs.harvard.edu/abs/2005JMoSt.742..215M]
 Some of the ionic emission data is from version 7.1.4 of CHIANTI. CHIANTI is a collaborative project involving the NRL (USA), the
      Universities of Florence (Italy) and Cambridge (UK), and George Mason University (USA). These papers describe Chianti:
        Dere K. P., et al., A&AS, 125, 149 (1997) [http://adsabs.harvard.edu/abs/1997A%26AS..125..149D]
        Landi E., et al., ApJ, 744, 99 (2012) [http://adsabs.harvard.edu/abs/2012ApJ...744...99L]
 Much of the H_2 data is from this web site: http://molat.obspm.fr/index.php?page=pages/Molecules/H2/H2can94.php. These data are
      described in:
        Abgrall H. et al., Can. J. Phys., 72, 856 (1994) [http://adsabs.harvard.edu/abs/1994CaJPh..72..856A]
        Wrathmall S. A. & Flower D. R., J. Phys. B, 40, 3221 (2007) [http://adsabs.harvard.edu/abs/2007JPhB...40.3221W]
 The Case A and Case B recombination predictions for one-electron systems are from
	Storey, P.J. & Hummer, D.G., 1995, MNRAS 272, 41 http://adsabs.harvard.edu/abs/1995MNRAS.272...41S
 The He I recombination predictions are from
	Porter, R. L.; Ferland, G. J.; Storey, P. J.; Detisch, M. J., 2012, MNRAS, 425, 28p http://adsabs.harvard.edu/abs/2012MNRAS.425L..28P
		http://adsabs.harvard.edu/abs/2013MNRAS.433L..89P

 If you find some process or data set to be particularly critical to a result, please follow the trail of references back to the
 original source and cite that.  This will support and encourage atomic, molecular, and chemical physicists to continue their
 valuable work.

 IONIZE PARMET:  U(1-) -5.0203  U(4-): -6.0432  U(sp): -4.90  Q(ion):   46.831  L(ion) 39.095    Q(low): 53.572    L(low) 40.740
 ENERGY BUDGET:  Heat:  39.772  Coolg:  39.771  Error:  0.1%  Rec Lin:  39.322  F-F  H  0.000    P(rad/tot)max     0.00E+00    R(F Con):1.737e+05

     Col(Heff):      5.660E+22  snd travl time  1.71E+18 sec  Te-low: 2.85E+00  Te-hi: 1.02E+04  G0TH85: 4.40E-02  G0DB96:4.11E-02
  Emiss Measure    n(e)n(p) dl       7.770E+18  n(e)n(He+)dl         8.587E+17  En(e)n(He++) dl         1.273E+16  ne nC+:1.89E+14
 He/Ha:1.35E-01  =   1.35*true  Lthin:9.91E+08  itr/zn: 6.91  H2 itr/zn:  0.00  File Opacity: F  MassTot 5.43e+45  (gm)
   Temps(21 cm)   T(21cm/Ly a)  2.07E+03        T(<nH/Tkin>)  8.80E+00          T(<nH/Tspin>)    2.18E+03          TB21cm:2.18E+03
                   N(H0/Tspin)  1.26E+20        N(OH/Tkin)    6.30E+12          B(21cm)          0.00E+00
   <a>:1.21E-12  erdeFe6.2E+28  Tcompt2.75E+14  Tthr7.38E+16  <Tden>: 1.33E+01  <dens>:1.53E-23  <MolWgt>1.28E+00
     Mean Jeans  l(cm)5.52E+19  M(sun)5.92E+02  smallest:     len(cm):2.55E+19  M(sun):5.84E+01  a_ox tran: -1.78
 Rion:3.162E+21  Dist:0.00E+00  Diam:0.000E+00
 Hatom level 70  HatomType: add  HInducImp  F  He tot level: 63  He2 level:   70  ExecTime   262.3
 ConvrgError(%)  <eden>  0.071  MaxEden  0.951  <H-C>   0.08  Max(H-C)    0.50  <Press>   0.000  MaxPrs er  0.000
  Continuity(%)  chng Te  77.2  elec den  19.1  n(H2)    4.7  n(CO)       11.2

                                                        Averaged Quantities
             Te      Te(Ne)   Te(NeNp)  Te(NeHe+)Te(NeHe2+) Te(NeO+)  Te(NeO2+)  Te(H2)     N(H)     Ne(O2+)   Ne(Np)
 Radius:  1.27e+01  3.03e+03  9.68e+03  9.49e+03  9.50e+03  9.73e+03  9.91e+03  2.09e+01  6.58e+00  2.30e+00  8.79e-01
   Area:  8.76e+00  1.55e+03  9.68e+03  9.49e+03  9.50e+03  9.73e+03  9.91e+03  1.07e+01  6.32e+00  1.99e+00  5.85e-01
 Volume:  7.42e+00  3.43e+02  9.68e+03  9.48e+03  9.50e+03  9.73e+03  9.91e+03  8.23e+00  6.17e+00  1.51e+00  2.17e-01
 
 Peimbert T(OIIIr)9.09E+03 T(Bac)1.21E+03 T(Hth)0.00E+00 t2(Hstrc) 1.05e-02 T(O3-BAC)0.00E+00 t2(O3-BC) 0.00e+00 t2(O3str) 1.54e-03

 Contin Optical Depths: COMP: 7.23e-06    H-: 8.30e-05 R(1300): 1.84e+00  H2+: 8.95e-06  Bra:3.64E-06
                          Pa: 4.26e-06    Ba: 8.84e-05      Hb: 1.96e-04   La: 2.27e+03     1r:5.091E+07  1.8:1.21E+07 4.:1.756E+06

 Old, new H  1 continuum optical depths:
     1 1.00e+08     2 0.00e+00     3 0.00e+00     4 0.00e+00     5 0.00e+00     6 0.00e+00     7 0.00e+00     8 0.00e+00
     9 0.00e+00    10 0.00e+00    11 0.00e+00    12 0.00e+00    13 0.00e+00    14 0.00e+00    15 0.00e+00    16 0.00e+00
    17 0.00e+00    18 0.00e+00    19 0.00e+00    20 0.00e+00    21 0.00e+00    22 0.00e+00    23 0.00e+00    24 0.00e+00
    25 0.00e+00    26 0.00e+00    27 0.00e+00    28 0.00e+00    29 0.00e+00    30 0.00e+00    31 0.00e+00    32 0.00e+00
    33 0.00e+00    34 0.00e+00    35 0.00e+00    36 0.00e+00    37 0.00e+00    38 0.00e+00    39 0.00e+00    40 0.00e+00
    41 0.00e+00    42 0.00e+00    43 0.00e+00    44 0.00e+00    45 0.00e+00    46 0.00e+00    47 0.00e+00    48 0.00e+00
    49 0.00e+00    50 0.00e+00    51 0.00e+00    52 0.00e+00    53 0.00e+00    54 0.00e+00
     1 5.09e+07     2 2.16e-05     3 4.23e-05     4 4.23e-05     5 4.23e-05     6 1.08e-05     7 1.08e-05     8 1.08e-05
     9 1.08e-05    10 2.79e-17    11 2.79e-17    12 2.79e-17    13 2.79e-17    14 2.79e-17    15 6.90e-17    16 6.90e-17
    17 6.90e-17    18 6.90e-17    19 6.90e-17    20 6.90e-17    21 1.48e-16    22 1.48e-16    23 1.48e-16    24 1.48e-16
    25 1.48e-16    26 1.48e-16    27 1.48e-16    28 2.88e-16    29 2.88e-16    30 2.88e-16    31 2.88e-16    32 2.88e-16
    33 2.88e-16    34 2.88e-16    35 2.88e-16    36 5.20e-16    37 5.20e-16    38 5.20e-16    39 5.20e-16    40 5.20e-16
    41 5.20e-16    42 5.20e-16    43 5.20e-16    44 5.20e-16    45 8.83e-16    46 8.83e-16    47 8.83e-16    48 8.83e-16
    49 8.83e-16    50 8.83e-16    51 8.83e-16    52 8.83e-16    53 8.83e-16    54 8.83e-16

 Old, new H  1 mean line optical depths:
  2- 1 1.61e+20  3- 2 8.61e-07  4- 3 0.00e+00  5- 4 0.00e+00  6- 5 0.00e+00  7- 6 0.00e+00  8- 7 0.00e+00
  9- 8 0.00e+00 10- 9 0.00e+00 11-10 0.00e+00 12-11 0.00e+00 13-12 0.00e+00 14-13 0.00e+00 15-14 0.00e+00 16-15 0.00e+00
 17-16 0.00e+00 18-17 0.00e+00 19-18 0.00e+00 20-19 0.00e+00 21-20 0.00e+00 22-21 0.00e+00 23-22 0.00e+00 24-23 0.00e+00
 25-24 0.00e+00
  2- 1 9.44e+11  3- 2 1.49e-03  4- 3 2.40e-14  5- 4 4.94e-14  6- 5 7.64e-14  7- 6 5.55e-14  8- 7 1.77e-13
  9- 8 4.10e-13 10- 9 9.83e-13 11-10 3.31e-11 12-11 0.00e+00 13-12 0.00e+00 14-13 0.00e+00 15-14 0.00e+00 16-15 0.00e+00
 17-16 0.00e+00 18-17 0.00e+00 19-18 0.00e+00 20-19 0.00e+00 21-20 0.00e+00 22-21 0.00e+00 23-22 0.00e+00 24-23 0.00e+00
 25-24 0.00e+00

 Old, new He 2 continuum optical depths:
     1 3.43e+06     2 9.96e+07     3 0.00e+00     4 0.00e+00     5 0.00e+00     6 0.00e+00     7 0.00e+00     8 0.00e+00
     9 0.00e+00    10 0.00e+00    11 0.00e+00    12 0.00e+00    13 0.00e+00    14 0.00e+00    15 0.00e+00    16 0.00e+00
    17 0.00e+00    18 0.00e+00    19 0.00e+00    20 0.00e+00    21 0.00e+00    22 0.00e+00    23 0.00e+00    24 0.00e+00
    25 0.00e+00    26 0.00e+00    27 0.00e+00    28 0.00e+00    29 0.00e+00    30 0.00e+00    31 0.00e+00    32 0.00e+00
    33 0.00e+00    34 0.00e+00    35 0.00e+00    36 0.00e+00    37 0.00e+00    38 0.00e+00    39 0.00e+00    40 0.00e+00
    41 0.00e+00    42 0.00e+00    43 0.00e+00    44 0.00e+00    45 0.00e+00    46 0.00e+00    47 0.00e+00    48 0.00e+00
    49 0.00e+00    50 0.00e+00    51 0.00e+00    52 0.00e+00    53 0.00e+00    54 0.00e+00
     1 1.76e+06     2 5.07e+07     3 8.99e-05     4 8.99e-05     5 8.99e-05     6 2.16e-05     7 2.16e-05     8 2.16e-05
     9 2.16e-05    10 3.43e-05    11 3.43e-05    12 3.43e-05    13 3.43e-05    14 3.43e-05    15 4.23e-05    16 4.23e-05
    17 4.23e-05    18 4.23e-05    19 4.23e-05    20 4.23e-05    21 3.52e-05    22 3.52e-05    23 3.52e-05    24 3.52e-05
    25 3.52e-05    26 3.52e-05    27 3.52e-05    28 1.08e-05    29 1.08e-05    30 1.08e-05    31 1.08e-05    32 1.08e-05
    33 1.08e-05    34 1.08e-05    35 1.08e-05    36 1.63e-17    37 1.63e-17    38 1.63e-17    39 1.63e-17    40 1.63e-17
    41 1.63e-17    42 1.63e-17    43 1.63e-17    44 1.63e-17    45 2.79e-17    46 2.79e-17    47 2.79e-17    48 2.79e-17
    49 2.79e-17    50 2.79e-17    51 2.79e-17    52 2.79e-17    53 2.79e-17    54 2.79e-17

 Old, new He 2 mean line optical depths:
  2- 1 1.61e+19  3- 2 8.61e-08  4- 3 0.00e+00  5- 4 0.00e+00  6- 5 0.00e+00  7- 6 0.00e+00  8- 7 0.00e+00
  9- 8 0.00e+00 10- 9 0.00e+00 11-10 0.00e+00 12-11 0.00e+00 13-12 0.00e+00 14-13 0.00e+00 15-14 0.00e+00 16-15 0.00e+00
 17-16 0.00e+00 18-17 0.00e+00 19-18 0.00e+00 20-19 0.00e+00 21-20 0.00e+00 22-21 0.00e+00 23-22 0.00e+00 24-23 0.00e+00
 25-24 0.00e+00
  2- 1 2.91e+05  3- 2 1.20e-12  4- 3 5.39e-18  5- 4 7.94e-18  6- 5 1.34e-17  7- 6 2.26e-17  8- 7 1.64e-17
  9- 8 1.07e-16 10- 9 2.94e-16 11-10 5.68e-15 12-11 0.00e+00 13-12 0.00e+00 14-13 0.00e+00 15-14 0.00e+00 16-15 0.00e+00
 17-16 0.00e+00 18-17 0.00e+00 19-18 0.00e+00 20-19 0.00e+00 21-20 0.00e+00 22-21 0.00e+00 23-22 0.00e+00 24-23 0.00e+00
 25-24 0.00e+00

 Old He Is optical depths:    1 2.36e+07    2 0.00e+00    3 0.00e+00    4 0.00e+00    5 0.00e+00
 New He Is optical depths:    1 1.21e+07    2 1.44e-05    3 1.79e-05    4 2.00e-05    5 2.00e-05
          Old He Is Lines:  584 0.00e+00 3889 0.00e+00 5016 0.00e+00 5876 0.00e+00
          New He Is Lines:  584 6.01e+10 3889 2.39e-04 5016 2.39e-04 5876 2.39e-04
CIV QSO  

---------------Convergence statistics---------------
      2.42 mean iterations/state convergence
      2.69 mean cx acceleration loops/iteration
      1.18 mean iso convergence loops/ion solve
      1.01 mean steps/chemistry solve
         1 mean step length searches/chemistry step
----------------------------------------------------

 Cloudy ends: 588 zones, 1 iteration, ABORT DISASTER PROBLEM, 3 warnings, 3 cautions. (single thread) ExecTime(s) 262.27
 [Stop in cdMain at maincl.cpp:496, something went wrong]
