                                                          Cloudy 17.03
                                                         www.nublado.org

                       **************************************17Jun01**************************************
                       *                                                                                 *
                       * title CIV QSO                                                                   *
                       * set punch prefix "CIV_QSO"                                                      *
                       * radius = 21.500 23.500                                                          *
                       * iterate to convergence                                                          *
                       * sphere                                                                          *
                       * init "dlaw_HI_exp.ini"                                                          *
                       * dlaw table                                                                      *
                       * table SED "QSO.sed"                                                             *
                       * nuL(nu) = 44.0 at 1 Ryd                                                         *
                       * stop temperature off                                                            *
                       * metals 0.01                                                                     *
                       * save last radius ".rad"                                                         *
                       * save last continuum ".cont"                                                     *
                       * save last physical conditions ".phy"                                            *
                       * save last overview ".ovr"                                                       *
                       * save last heating ".heat"                                                       *
                       * save last cooling ".cool"                                                       *
                       * save last optical depth ".opd"                                                  *
                       * save last element hydrogen ".ele_H"                                             *
                       * save last element helium ".ele_He"                                              *
                       * save last element carbon ".ele_C"                                               *
                       * save last element nitrogen ".ele_N"                                             *
                       * save last element oxygen ".ele_O"                                               *
                       * save last element argon ".ele_Ar"                                               *
                       * save last element neon ".ele_Ne"                                                *
                       * save last element sulphur ".ele_S"                                              *
                       * save last element chlorin ".ele_Cl"                                             *
                       * save last element iron ".ele_Fe"                                                *
                       * save last element silicon ".ele_Si"                                             *
                       * save last lines emissivity  ".emis"                                             *
                       *                                                                                 *
                       ***********************************************************************************




 NOTE
 NOTE The simulation is going into neutral gas but cosmic rays are not included.
 NOTE Ion-molecule chemistry will not occur without a source of ionization.
 NOTE The chemistry network may collapse deep in molecular regions.
 NOTE Consider adding galactic background cosmic rays with the COSMIC RAYS BACKGROUND command.
 NOTE You may be making a BIG mistake.
 NOTE



 NOTE Setcon: continuum has zero intensity starting at  3.0447e-09 Ryd.
  3800 cells in the incident continuum have zero intensity.  Problems???

           8228CellPeak1.00E+00   Lo 3.04e-09=  29.98m   Hi-Con:7.13E+06 Ryd   E(hi):7.35E+06Ryd     E(hi):     100.00 MeV
           L(nu>1ryd):  44.1904   Average nu:2.632E+00   L( X-ray):  43.4171   L(BalC):  44.1154     Q(Balmer C):  55.0776
           Q(1.0-1.8):  54.2340   Q(1.8-4.0):  53.8640   Q(4.0-20):  53.3799   Q(20--):  52.2166     Ion pht flx:2.150E+10
           L(gam ray):  42.5061   Q(gam ray):  48.9900   L(Infred):  44.3499   Alf(ox):  -1.5331     Total lumin:  44.7070
           log L/Lsun:  11.1240   Abs bol mg: -23.0674   Abs V mag: -20.6281   Bol cor:  -2.4394     nuFnu(Bbet):  43.9467
           U(1.0----):2.982E+00   U(4.0----):2.829E-01   T(En-Den):1.156E+01   T(Comp):2.661E+06     nuJnu(912A):7.958E-01
           Occ(FarIR):0.000E+00   Occ(H n=6):3.303E-11   Occ(1Ryd):3.672E-17   Occ(4R):5.387E-20     Occ (Nu-hi):0.000E+00
           Tbr(FarIR):0.000E+00   Tbr(H n=6):1.447E-07   Tbr(1Ryd):5.795E-12   Tbr(4R):3.407E-14     Tbr (Nu-hi):0.000E+00
  
                                                  Gas Phase Chemical Composition
        H :  0.0000  He: -1.0000  Li:-10.6904  Be:-12.5800  B :-11.2097  C : -5.6108  N : -6.0701  O : -5.3098  F : -9.5200
        Ne: -6.0000  Na: -7.6696  Mg: -6.4597  Al: -7.5302  Si: -6.4597  P : -8.4949  S : -6.7352  Cl: -8.7190  Ar: -7.6003
        K : -8.8794  Ca: -7.6402  Sc:-10.8297  Ti: -8.9788  V :-10.0000  Cr: -8.3298  Mn: -8.5406  Fe: -6.5498  Co: -9.0799
                                               Ni: -7.7496  Cu: -9.7905  Zn: -9.4001
 
 ####  1  Te:7.523E+04 Hden:2.403E-01 Ne:2.884E-01 R:3.226E+21 R-R0:6.325E+19 dR:1.265E+20 NTR:  7 Htot:1.349E-25 T912: 1.00e+08###
 Hydrogen      5.02e-07 1.00e+00 H+o/Hden 1.00e+00 1.19e-16 H-    H2 5.14e-27 7.42e-18 H2+ HeH+ 9.14e-21 Ho+ ColD 1.52e+13 3.04e+19
 Helium        2.49e-10 1.27e-04 1.00e+00 HeI 2s3S 2.46e-14 Comp H,C 1.33e-27 3.76e-29 Fill Fac 1.00e+00 Gam1/tot 9.89e-01
 He singlet n  2.49e-10 3.68e-21 3.72e-27 2.50e-27 2.45e-27 3.13e-27 He tripl 2.46e-14 2.19e-25 7.12e-27 4.37e-26 8.66e-27
 Pressure      NgasTgas 4.16e+04 P(total) 5.74e-12 P( gas ) 5.74e-12 P(Radtn) 0.00e+00 Rad accl 2.02e-10 ForceMul 4.56e+00
 Texc(La)      3.37e+03 T(I con) 1.12e+01 T(D con) 1.04e+00 T(U tot) 1.12e+01 nT (c+d) 2.96e+06 Prad/Gas 0.00e+00 Pmag/Gas 0.00e+00
 Molecules     CH/Ctot: 2.66e-33 CH+/Ctot 3.27e-27 CO/Ctot: 5.46e-50 CO+/Ctot 1.68e-42 H2O/Otot 1.02e-55 OH/Ototl 5.71e-36
 Lithium       5.00e-14 3.83e-07 3.07e-03 9.97e-01 Berylliu 4.03e-14 4.84e-10 6.41e-05 2.83e-02 9.72e-01 sec ion: 0.00e+00
 Boron         4.45e-15 4.24e-10 3.48e-07 2.64e-03 1.41e-01 8.57e-01
 Carbon        8.92e-16 1.09e-10 2.61e-07 3.96e-05 3.76e-02 3.84e-01 5.78e-01 H2O+/O   1.34e-54 OH+/Otot 3.96e-35 Hex(tot) 0.00e+00
 Nitrogen      1.27e-16 1.86e-11 8.34e-08 2.84e-05 1.12e-03 2.03e-01 5.43e-01 2.53e-01 O2/Ototl 2.66e-49 O2+/Otot 3.34e-48
 Oxygen        1.19e-17 1.83e-12 1.49e-08 9.56e-06 7.67e-04 1.05e-02 4.94e-01 4.23e-01 7.13e-02
 Fluorine      1.19e-18 2.19e-13 1.92e-09 2.50e-06 3.91e-04 9.38e-03 4.77e-02 7.04e-01 2.23e-01 1.55e-02
 Neon          4.56e-20 1.77e-14 3.35e-10 4.90e-07 1.53e-04 7.02e-03 5.30e-02 1.32e-01 7.10e-01 9.50e-02 3.01e-03
 Sodium        4.31e-22 1.22e-15 6.45e-11 2.37e-07 8.39e-05 5.51e-03 7.70e-02 1.93e-01 2.12e-01 4.82e-01 3.01e-02 4.81e-04
 Magnesium     1.33e-21 5.43e-18 1.44e-12 1.47e-08 1.34e-05 1.23e-03 3.12e-02 1.91e-01 3.32e-01 2.11e-01 2.26e-01 7.22e-03 6.42e-05
 Aluminium  1  1.02e-16 3.80e-14 1.12e-09 2.16e-06 6.88e-04 1.73e-02 1.64e-01 4.26e-01 2.70e-01 7.65e-02 4.53e-02 8.37e-04 4.50e-06
 Silicon    1  1.05e-15 6.80e-13 7.45e-11 4.01e-07 1.89e-04 1.57e-02 2.10e-01 4.08e-01 2.83e-01 6.41e-02 1.47e-02 4.88e-03 5.44e-05
 Phosphorus 2  3.13e-12 3.47e-10 1.58e-08 2.24e-05 3.12e-03 6.99e-02 2.75e-01 4.68e-01 1.58e-01 2.36e-02 2.84e-03 6.71e-04 4.71e-06
 Sulphur    2  1.18e-11 1.44e-09 5.99e-08 1.30e-06 6.35e-04 3.41e-02 2.62e-01 3.38e-01 2.59e-01 9.60e-02 9.32e-03 7.23e-04 1.27e-04
 Chlorine   3  2.67e-09 1.36e-07 2.22e-06 2.76e-05 5.44e-03 9.43e-02 4.39e-01 3.69e-01 8.11e-02 1.04e-02 5.24e-04 4.07e-05 4.52e-06
 Argon      3  9.54e-10 3.30e-07 8.46e-06 5.68e-05 4.28e-04 3.84e-02 2.61e-01 4.19e-01 2.25e-01 5.26e-02 3.32e-03 1.03e-04 5.68e-06
 Potassium  3  3.97e-10 1.49e-07 1.78e-05 1.70e-04 5.50e-04 2.57e-03 1.15e-01 4.63e-01 3.47e-01 6.60e-02 4.87e-03 1.33e-04 5.77e-06
 Calcium    4  1.24e-07 1.69e-05 4.52e-04 2.11e-03 3.37e-03 1.06e-02 2.53e-01 4.92e-01 2.04e-01 3.21e-02 2.57e-03 1.14e-04 2.42e-06
 Scandium   4  2.15e-07 2.70e-05 7.63e-04 1.11e-02 2.07e-02 1.64e-02 2.92e-02 4.04e-01 3.81e-01 1.28e-01 8.37e-03 2.75e-04 8.69e-06
 Titanium   4  3.62e-07 4.13e-05 1.14e-03 1.94e-02 7.15e-02 7.27e-02 3.51e-02 6.20e-02 4.95e-01 2.07e-01 3.49e-02 1.80e-03 2.48e-05
 Vanadium   5  4.76e-05 1.25e-03 2.07e-02 8.89e-02 2.61e-01 1.06e-01 5.98e-02 6.68e-02 3.28e-01 6.28e-02 4.40e-03 1.45e-04 1.19e-06
 Chromium   5  2.84e-05 1.37e-03 2.21e-02 9.57e-02 3.28e-01 2.28e-01 6.88e-02 7.34e-02 3.63e-02 1.21e-01 2.43e-02 9.60e-04 1.61e-05
 Manganese  5  4.69e-05 2.96e-03 2.22e-02 9.68e-02 3.34e-01 2.69e-01 2.29e-01 3.05e-02 7.20e-03 2.42e-03 5.05e-03 6.43e-04 2.19e-05
 Iron       6  2.33e-03 7.79e-02 2.86e-01 3.76e-01 1.91e-01 5.07e-02 1.20e-02 2.50e-03 5.97e-04 3.35e-04 4.75e-04 3.67e-05 1.39e-06
 Cobalt     6  2.90e-04 1.20e-02 8.81e-02 2.81e-01 2.36e-01 2.25e-01 1.28e-01 2.60e-02 2.37e-03 3.92e-04 1.37e-04 1.23e-04 6.34e-06
 Nickel     6  1.16e-04 5.75e-03 5.41e-02 2.97e-01 2.42e-01 2.31e-01 1.34e-01 3.01e-02 5.91e-03 4.66e-04 5.59e-05 1.50e-05 1.05e-05
 Copper     6  7.16e-05 3.97e-03 4.40e-02 3.13e-01 3.84e-01 1.39e-01 9.00e-02 2.05e-02 4.24e-03 1.08e-03 3.84e-05 4.66e-06 6.97e-07
 Zinc       6  2.20e-05 1.61e-03 1.93e-02 1.68e-01 2.57e-01 3.41e-01 1.64e-01 3.90e-02 7.90e-03 2.11e-03 3.13e-04 9.87e-06 1.31e-06
 ####392  Te:5.479E+03 Hden:3.159E-02 Ne:2.297E-04 R:3.148E+23 R-R0:3.116E+23 dR:2.890E+21 NTR:  6 Htot:6.024E-31 T912: 1.00e+08###
 Hydrogen      9.93e-01 7.02e-03 H+o/Hden 1.00e+00 6.06e-10 H-    H2 1.03e-08 2.79e-10 H2+ HeH+ 2.30e-09 Ho+ ColD 2.11e+22 1.08e+22
 Helium        9.98e-01 2.44e-03 1.80e-06 HeI 2s3S 1.53e-15 Comp H,C 1.07e-34 2.38e-37 Fill Fac 1.00e+00 Gam1/tot 4.71e-02
 He singlet n  9.98e-01 2.46e-21 3.70e-26 3.13e-28 2.28e-27 2.41e-28 He tripl 1.53e-15 1.38e-26 3.01e-28 2.72e-27 6.50e-28
 Pressure      NgasTgas 1.92e+02 P(total) 2.65e-14 P( gas ) 2.65e-14 P(Radtn) 5.79e-18 Rad accl 1.48e-11 ForceMul 5.04e+05
 Texc(La)      3.14e+03 T(I con) 1.07e+00 T(D con) 8.61e-01 T(U tot) 1.17e+00 nT (c+d) 4.66e+05 Prad/Gas 2.19e-04 Pmag/Gas 0.00e+00
 Molecules     CH/Ctot: 4.78e-14 CH+/Ctot 1.13e-08 CO/Ctot: 2.15e-13 CO+/Ctot 6.70e-14 H2O/Otot 6.66e-18 OH/Ototl 6.56e-09
 Lithium       5.35e-06 1.00e+00 3.31e-08 0.00e+00 Berylliu 2.92e-05 9.92e-01 7.47e-03 2.22e-05 0.00e+00 sec ion: 6.03e-19
 Boron         2.35e-06 9.92e-01 2.41e-05 7.59e-03 0.00e+00 0.00e+00
 Carbon        1.35e-05 9.99e-01 8.49e-04 0.00e+00 0.00e+00 0.00e+00 0.00e+00 H2O+/O   1.66e-16 OH+/Otot 9.60e-09 Hex(tot) 0.00e+00
 Nitrogen      9.95e-01 5.17e-03 1.64e-06 0.00e+00 0.00e+00 0.00e+00 0.00e+00 0.00e+00 O2/Ototl 1.60e-14 O2+/Otot 1.90e-13
 Oxygen        9.94e-01 5.55e-03 3.79e-06 0.00e+00 0.00e+00 0.00e+00 0.00e+00 0.00e+00 0.00e+00
 Fluorine      4.50e-01 4.88e-01 6.19e-02 0.00e+00 0.00e+00 0.00e+00 0.00e+00 0.00e+00 0.00e+00 0.00e+00
 Neon          3.63e-01 5.33e-01 1.04e-01 0.00e+00 0.00e+00 0.00e+00 0.00e+00 0.00e+00 0.00e+00 0.00e+00 0.00e+00
 Sodium        5.79e-05 8.88e-01 1.12e-01 2.04e-06 4.81e-06 0.00e+00 0.00e+00 0.00e+00 0.00e+00 0.00e+00 0.00e+00 0.00e+00
 Magnesium     5.33e-05 9.70e-01 3.00e-02 0.00e+00 0.00e+00 0.00e+00 0.00e+00 0.00e+00 0.00e+00 0.00e+00 0.00e+00 0.00e+00 0.00e+00
 Aluminium  0  1.61e-06 9.06e-01 3.55e-02 5.86e-02 2.42e-06 0.00e+00 0.00e+00 0.00e+00 0.00e+00 0.00e+00 0.00e+00 0.00e+00 0.00e+00
 Silicon    0  2.28e-06 1.00e+00 1.00e-05 5.33e-06 0.00e+00 0.00e+00 0.00e+00 0.00e+00 0.00e+00 0.00e+00 0.00e+00 0.00e+00 0.00e+00
 Phosphorus 0  1.00e-05 9.94e-01 5.98e-03 2.74e-05 0.00e+00 0.00e+00 0.00e+00 0.00e+00 0.00e+00 0.00e+00 0.00e+00 0.00e+00 0.00e+00
 Sulphur    0  4.01e-06 9.46e-01 5.36e-02 1.30e-06 0.00e+00 0.00e+00 0.00e+00 0.00e+00 0.00e+00 0.00e+00 0.00e+00 0.00e+00 0.00e+00
 Chlorine   0  1.21e-05 9.01e-01 9.86e-02 2.27e-06 0.00e+00 0.00e+00 0.00e+00 0.00e+00 0.00e+00 0.00e+00 0.00e+00 0.00e+00 0.00e+00
 Argon      0  5.83e-01 4.16e-01 1.22e-03 0.00e+00 0.00e+00 0.00e+00 0.00e+00 0.00e+00 0.00e+00 0.00e+00 0.00e+00 0.00e+00 0.00e+00
 Potassium  0  8.60e-06 8.52e-01 1.37e-01 2.27e-06 1.05e-02 0.00e+00 0.00e+00 0.00e+00 0.00e+00 0.00e+00 0.00e+00 0.00e+00 0.00e+00
 Calcium    0  9.23e-09 1.43e-03 9.98e-01 7.55e-05 3.88e-06 0.00e+00 0.00e+00 0.00e+00 0.00e+00 0.00e+00 0.00e+00 0.00e+00 0.00e+00
 Scandium   0  6.00e-08 1.13e-02 9.85e-01 3.70e-03 1.52e-04 0.00e+00 0.00e+00 0.00e+00 0.00e+00 0.00e+00 0.00e+00 0.00e+00 0.00e+00
 Titanium   0  2.14e-06 4.96e-01 5.02e-01 1.59e-05 2.38e-03 0.00e+00 0.00e+00 0.00e+00 0.00e+00 0.00e+00 0.00e+00 0.00e+00 0.00e+00
 Vanadium   0  3.67e-05 8.55e-01 1.45e-01 2.67e-06 5.38e-05 0.00e+00 0.00e+00 0.00e+00 0.00e+00 0.00e+00 0.00e+00 0.00e+00 0.00e+00
 Chromium   0  2.52e-06 1.00e+00 1.73e-04 1.42e-06 1.06e-05 0.00e+00 0.00e+00 0.00e+00 0.00e+00 0.00e+00 0.00e+00 0.00e+00 0.00e+00
 Manganese  0  6.16e-05 1.00e+00 2.52e-04 1.63e-06 4.05e-05 0.00e+00 0.00e+00 0.00e+00 0.00e+00 0.00e+00 0.00e+00 0.00e+00 0.00e+00
 Iron       0  7.27e-06 1.00e+00 6.56e-05 6.38e-06 3.38e-06 0.00e+00 0.00e+00 0.00e+00 0.00e+00 0.00e+00 0.00e+00 0.00e+00 0.00e+00
 Cobalt     0  5.77e-05 1.00e+00 1.23e-05 8.14e-06 3.88e-05 0.00e+00 0.00e+00 0.00e+00 0.00e+00 0.00e+00 0.00e+00 0.00e+00 0.00e+00
 Nickel     0  3.46e-05 1.00e+00 1.00e-05 1.90e-06 6.76e-06 0.00e+00 0.00e+00 0.00e+00 0.00e+00 0.00e+00 0.00e+00 0.00e+00 0.00e+00
 Copper     0  2.43e-05 9.94e-01 5.86e-03 2.02e-06 0.00e+00 0.00e+00 0.00e+00 0.00e+00 0.00e+00 0.00e+00 0.00e+00 0.00e+00 0.00e+00
 Zinc       0  2.65e-05 6.20e-01 3.59e-01 1.67e-02 3.46e-03 0.00e+00 0.00e+00 0.00e+00 0.00e+00 0.00e+00 0.00e+00 0.00e+00 0.00e+00
   CIV QSO  
   Calculation stopped because outer radius reached. Iteration 1 of 10
   The geometry is spherical.
 C-Continuum zero at some energies.
  !Background cosmic rays are not included - is this physical?  It affects the chemistry.
  !Ionization rate fell below background cosmic ray ionization rate.  Should this be added too?
  !   Use the COSMIC RAY BACKGROUND command.
  !Some input lines contained underscores, these were changed to spaces.
  !Thermal collisional ionization of H reached 14.57% of the local ionization rate.
  !Suprathermal collisional ionization of H reached 95.29% of the local H ionization rate.
  !Charge transfer H => H+ reached 236.9% of the local H ionization rate.
  !AGE: Cloud age was not set.  Longest timescale was 6.47e+16 s = 2.05e+09 years.
  !The CMB was not included.  This is added with the CMB command.
  !The radiation pressure jumped by 1396% from 1.67e-13 (zone 157) to 6.19e-15 (zone 158) to 6.06e-15 (zone 159)
   Bound Compton heating reached 2.27% of the local heating.
   Te-ne bounds of Case B lookup table exceeded, H I Case B line intensities set to zero.
   Charge transfer heating reached 4.31% of the local heating.
   The density is too low to l-mix the lowest H  I collapsed level.  More resolved levels are needed for accurate line ratios.
   The density is too low to l-mix the lowest He I collapsed level.  More resolved levels are needed for accurate line ratios.
   Grains were not present but might survive in this environment (energy density temperature was 1.16e+01K)
   Cloud thicker than smallest Jeans length=8.41e+21cm; stability problems? (smallest Jeans mass=5.81e+07Mo)
   The optical depth to Rayleigh scattering at 1300A is 1.42e-01
   Is an outer radius of 3.16e+23 reasonable?
   The ratio of radiation to gas pressure reached 1.21e-01 at zone 155.  Caused by Lyman alpha.

                       *********************************> Cloudy 17.03 <**********************************
                       * title CIV QSO                                                                   *
                       * set punch prefix "CIV_QSO"                                                      *
                       * radius = 21.500 23.500                                                          *
                       * iterate to convergence                                                          *
                       * sphere                                                                          *
                       * init "dlaw_HI_exp.ini"                                                          *
                       * table SED "QSO.sed"                                                             *
                       * nuL(nu) = 44.0 at 1 Ryd                                                         *
                       * stop temperature off                                                            *
                       * metals 0.01                                                                     *
                       * save last radius ".rad"                                                         *
                       * save last continuum ".cont"                                                     *
                       * save last physical conditions ".phy"                                            *
                       * save last overview ".ovr"                                                       *
                       * save last heating ".heat"                                                       *
                       * save last cooling ".cool"                                                       *
                       * save last optical depth ".opd"                                                  *
                       * save last element hydrogen ".ele_H"                                             *
                       * save last element helium ".ele_He"                                              *
                       * save last element carbon ".ele_C"                                               *
                       * save last element nitrogen ".ele_N"                                             *
                       * save last element oxygen ".ele_O"                                               *
                       * save last element argon ".ele_Ar"                                               *
                       * save last element neon ".ele_Ne"                                                *
                       * save last element sulphur ".ele_S"                                              *
                       * save last element chlorin ".ele_Cl"                                             *
                       * save last element iron ".ele_Fe"                                                *
                       * save last element silicon ".ele_Si"                                             *
                       * save last lines emissivity  ".emis"                                             *
                       * H  1  1215.67A                                                                  *
                       * H  1  1025.72A                                                                  *
                       * H  1  4861.33A                                                                  *
                       * H  1  6562.81A                                                                  *
                       * O  6  1031.91A                                                                  *
                       * O  6  1037.62A                                                                  *
                       * He 2  949.31A                                                                   *
                       * He 2  972.108A                                                                  *
                       * He 2  1025.27A                                                                  *
                       * He 2  1640.43A                                                                  *
                       * He 2  4859A                                                                     *
                       * He 2  4339A                                                                     *
                       * He 2  6527A                                                                     *
                       * He 2  6560A                                                                     *
                       * C  4  1550.78                                                                   *
                       * O  3  5006.84A                                                                  *
                       * N  5  1238.82                                                                   *
                       * N  5  1242.80                                                                   *
                       * c  4  1548.19                                                                   *
                       * c  4  1550.78                                                                   *
                       * mg 2  2795.53                                                                   *
                       * mg 2  2802.71                                                                   *
                       * end of lines                                                                    *
                       *********************************> Log(U):  0.47 <*********************************
                       >>>>>>>>>> Cautions are present.

                     Emission Line Spectrum.  Special Density Lw Model.  Closed geometry.  Iteration 1 of 10.
                                    Luminosity (erg/s) emitted by a shell with full coverage.


                                                   Intrinsic line intensities
general properties.............................      Ca A                11.3055m   39.394    0.0015      Ca B                1.70027m   39.608    0.0024
Inci                      0    44.707  299.2190      Ca A                8.75760m   39.263    0.0011      Ca B                1.86854m   40.233    0.0101
TotH                      0    43.847   41.2671      Ca B                3970.07A   41.263    0.1077      Ca B                1.86972m   39.760    0.0034
TotC                      0    43.847   41.2679      Ca B                3889.05A   41.083    0.0711      Ca B                2.05813m   40.619    0.0245
BFH1                      0    43.597   23.2072      Ca B                3835.38A   40.925    0.0494      C  5                40.2678A   39.394    0.0015
BFHe                      0    43.482   17.8428      Ca B                3797.89A   40.785    0.0358      C  5                41.4721A   39.566    0.0022
TotM                      0    41.346    0.1303      Ca B                3770.63A   40.658    0.0267      Pho+                3889.00A   41.795    0.3668
Cbnd                      0    40.174    0.0088      Ca B                3750.15A   40.543    0.0205      extra Lyman....................................
ComH                      0    39.870    0.0044      Ca B                3734.36A   40.438    0.0161      database lines.................................
CT H                      0    40.732    0.0317      Ca B                3721.93A   40.340    0.0129      Al 3                1854.72A   39.913    0.0048
H FB                      0    42.900    4.6662      Ca B                3711.97A   40.250    0.0104      Al 3                1862.79A   39.773    0.0035
HFBc                      0    42.900    4.6662      Ca B                3703.85A   40.165    0.0086      Ar 1                1048.22A   39.484    0.0018
H  1c                     0    43.550   20.8678      Ca B                3697.15A   40.086    0.0072      Ar 1                1066.66A   39.362    0.0014
He 2c                     0    42.441    1.6235      Ca B                3691.55A   40.011    0.0060      Ar 2                6.98337m   39.235    0.0010
He 1c                     0    40.483    0.0179      Ca B                3686.83A   39.940    0.0051      Ar 3                7135.79A   39.446    0.0016
Al 3c                     0    39.677    0.0028      Ca B                3682.80A   39.874    0.0044      Ar 4                850.605A   39.324    0.0012
Al 6c                     0    39.358    0.0013      Ca B                3679.35A   39.810    0.0038      Ar 4                2853.66A   39.427    0.0016
Ar 2c                     0    39.233    0.0010      Ca B                3676.36A   39.750    0.0033      Ar 4                4711.26A   39.911    0.0048
Ar 3c                     0    39.701    0.0029      Ca B                3673.75A   39.693    0.0029      Ar 4                4740.12A   39.792    0.0036
Ar 4c                     0    40.308    0.0119      Ca B                3671.47A   39.638    0.0026      Ar 5                822.174A   39.328    0.0013
Ar 5c                     0    40.043    0.0065      Ca B                9545.93A   40.579    0.0223      Ar 5                827.366A   39.796    0.0037
Ar 6c                     0    39.548    0.0021      Ca B                9228.97A   40.423    0.0156      Ar 5                13.0985m   39.282    0.0011
C  2c                     0    40.877    0.0443      Ca B                9014.87A   40.284    0.0113      Ar 6                754.930A   39.455    0.0017
C  3c                     0    42.053    0.6630      Ca B                8862.74A   40.158    0.0085      Ar 6                4.52800m   39.277    0.0011
Ca 4c                     0    39.617    0.0024      Ca B                8750.43A   40.044    0.0065      C  2                687.053A   39.443    0.0016
Ca 6c                     0    39.389    0.0014      Ca B                8664.98A   39.939    0.0051      C  2                903.962A   39.452    0.0017
Fe 2c                     0    41.212    0.0957      Ca B                8598.35A   39.842    0.0041      C  2                904.142A   39.623    0.0025
Fe 3c                     0    39.590    0.0023      Ca B                8545.34A   39.752    0.0033      C  2                904.480A   39.563    0.0021
Fe 7c                     0    40.666    0.0272      Ca B                8502.44A   39.667    0.0027      C  2                1037.02A   40.353    0.0132
N  1c                     0    39.839    0.0041      Ca B                8467.21A   39.588    0.0023      C  2                1334.53A   39.848    0.0041
N  5c                     0    41.051    0.0660      Ca B                8437.91A   39.514    0.0019      C  2                1335.66A   40.085    0.0071
Ne 2c                     0    40.457    0.0168      Ca B                8413.28A   39.443    0.0016      C  2                1335.71A   39.510    0.0019
Ne 3c                     0    41.231    0.0999      Ca B                8392.35A   39.376    0.0014      C  2                2325.40A   39.479    0.0018
O  1c                     0    40.877    0.0443      Ca B                8374.43A   39.313    0.0012      C  2                2326.93A   39.603    0.0024
O  2c                     0    40.476    0.0176      Ca B                8358.96A   39.252    0.0011      C  2                157.636m   40.751    0.0331
O  3c                     0    42.445    1.6364      Ca B                1.81740m   40.084    0.0071      C  3                1908.73A   41.407    0.1498
O  5c                     0    41.575    0.2207      Ca B                1.73620m   39.945    0.0052      C  3                1906.68A   41.599    0.2334
P  2c                     0    39.244    0.0010      Ca B                1.68064m   39.820    0.0039      C  3                977.020A   41.693    0.2895
S  2c                     0    40.596    0.0232      Ca B                1.64071m   39.706    0.0030      C  3                386.203A   39.492    0.0018
S  3c                     0    41.064    0.0681      Ca B                1.61092m   39.601    0.0023      C  3                1175.59A   39.346    0.0013
Si 2c                     0    40.922    0.0490      Ca B                1.58804m   39.504    0.0019      C  3                1176.37A   39.567    0.0022
Si 3c                     0    41.438    0.1610      Ca B                1.57006m   39.414    0.0015      C  3                2296.87A   39.574    0.0022
Si 4c                     0    41.152    0.0833      Ca B                1.55563m   39.329    0.0013      Ca 4                655.998A   39.247    0.0010
Si 7c                     0    40.115    0.0077      Ca B                1.54388m   39.250    0.0010      Ca 4                669.696A   39.373    0.0014
Al 2c                     0    39.882    0.0045      Ca B                3.03835m   39.684    0.0028      Ca 4                3.20610m   39.511    0.0019
C  4c                     0    42.240    1.0204      Ca B                2.87219m   39.558    0.0021      Ca 6                629.602A   39.301    0.0012
Ca 5c                     0    39.465    0.0017      Ca B                2.75749m   39.444    0.0016      Ca 6                633.844A   39.512    0.0019
Cl 4c                     0    39.427    0.0016      Ca B                2.67438m   39.339    0.0013      Ca 6                641.904A   39.614    0.0024
Fe 4c                     0    41.377    0.1399      Ca B                2.61191m   39.242    0.0010      Cr 5                594.921A   39.537    0.0020
Fe 5c                     0    40.354    0.0133      Ca B                12.3684m   39.899    0.0047      Fe 2                25.9811m   40.119    0.0077
Fe 6c                     0    40.528    0.0198      Ca B                7.50038m   39.751    0.0033      Fe 2                5.33881m   40.636    0.0254
Mg 2c                     0    40.577    0.0222      Ca B                5.90655m   39.603    0.0024      Fe 2                1.25668m   40.495    0.0184
Mg 5c                     0    40.093    0.0073      Ca B                5.12722m   39.466    0.0017      Fe 2                2599.40A   39.284    0.0011
Mg 6c                     0    40.206    0.0094      Ca B                4.67119m   39.342    0.0013      Fe 2                2382.04A   39.891    0.0046
Mg 7c                     0    40.070    0.0069      Ca B                19.0565m   39.531    0.0020      Fe 2                35.3394m   39.466    0.0017
Mg 8c                     0    39.248    0.0010      Ca B                11.3055m   39.408    0.0015      Fe 2                1.32055m   39.917    0.0049
N  2c                     0    39.950    0.0052      Ca B                8.75760m   39.278    0.0011      Fe 2                2625.67A   39.935    0.0051
N  3c                     0    41.107    0.0752      H  1                2431.34A   43.516   19.2890      Fe 2                2611.87A   39.560    0.0021
N  4c                     0    41.538    0.2028      H  1                1215.67A   43.902   46.8566      Fe 2                2395.63A   39.628    0.0025
Ne 4c                     0    40.658    0.0267      H  1                1025.72A   40.738    0.0322      Fe 2                2364.83A   39.562    0.0021
Ne 5c                     0    40.963    0.0540      H  1                972.537A   40.612    0.0240      Fe 2                1.37182m   39.693    0.0029
Ne 6c                     0    40.622    0.0246      H  1                949.743A   40.554    0.0210      Fe 2                2631.32A   39.245    0.0010
Ne 7c                     0    39.833    0.0040      H  1                937.804A   40.484    0.0179      Fe 2                2380.76A   39.285    0.0011
Ne 8c                     0    39.712    0.0030      H  1                930.748A   40.455    0.0168      Fe 2                17.9314m   39.601    0.0023
Ni 2c                     0    39.757    0.0034      H  1                926.226A   40.428    0.0158      Fe 2                1.64355m   40.422    0.0155
O  4c                     0    41.582    0.2245      H  1                923.150A   40.408    0.0150      Fe 2                8616.95A   39.338    0.0013
O  6c                     0    41.506    0.1885      H  1                920.963A   40.392    0.0145      Fe 2                2493.29A   39.539    0.0020
S  4c                     0    41.220    0.0976      H  1                919.351A   40.120    0.0078      Fe 2                1.80939m   39.719    0.0031
S  5c                     0    40.005    0.0059      H  1                918.129A   40.109    0.0075      Fe 2                2755.74A   39.255    0.0011
S  6c                     0    40.031    0.0063      H  1                917.181A   40.097    0.0073      Fe 7                9.50763m   39.745    0.0033
Si 6c                     0    39.506    0.0019      H  1                916.429A   40.087    0.0072      Fe 7                5720.71A   39.726    0.0031
Si 8c                     0    39.615    0.0024      H  1                915.824A   40.076    0.0070      Fe 7                4988.55A   39.535    0.0020
continua.......................................      H  1                915.329A   40.066    0.0068      Fe 7                4893.37A   39.287    0.0011
Bac                 3646.00A   43.126    7.8568      H  1                914.919A   40.056    0.0067      Fe 7                7.81037m   39.233    0.0010
nFnu                3645.00A   43.464   17.1137      H  1                914.576A   40.045    0.0065      Fe 7                6086.97A   39.901    0.0047
nFnu                3647.00A   43.197    9.2570      H  1                914.286A   40.036    0.0064      Fe 7                5158.89A   39.421    0.0015
cout                3646.00A   43.126    7.8568      H  1                914.039A   40.029    0.0063      Fe 7                3586.32A   39.762    0.0034
thin                3646.00A   43.126    7.8611      H  1                913.826A   40.024    0.0062      Fe 7                3758.92A   39.915    0.0048
Inci                4860.00A   43.947   51.9801      H  1                913.641A   40.023    0.0062      Fe 9                171.073A   39.435    0.0016
Inci                1215.00A   44.436  160.3731      H  1                913.480A   40.032    0.0063      Mg 1                2852.13A   39.495    0.0018
Ba C                      0    42.761    3.3846      H  1                913.339A   40.078    0.0070      Mg 3                231.734A   39.320    0.0012
PA C                      0    42.303    1.1808      H  1                913.215A   40.814    0.0383      Mn 2                2576.10A   39.365    0.0014
FIR                 83.0000m   43.135    8.0131      H  1                6562.81A   42.691    2.8828      Mn 2                2593.72A   39.341    0.0013
TIR                 1800.00m   40.373    0.0139      H  1                4861.33A   42.231    1.0000      Mn 2                2605.68A   39.311    0.0012
NIRa                2.85000m   44.273  110.0286      H  1                4340.46A   41.904    0.4712      N  1                953.415A   39.415    0.0015
NIRb                3.00000m   43.873   43.9012      H  1                4101.73A   41.601    0.2346      N  1                953.655A   39.409    0.0015
MIRa                15.0000m   43.914   48.2480      H  1                3970.07A   41.389    0.1438      N  1                953.970A   39.344    0.0013
MIRb                22.5000m   43.989   57.3268      H  1                3889.05A   41.207    0.0947      N  1                1134.17A   39.772    0.0035
NMIR                21.7500m   44.273  110.0286      H  1                3835.38A   41.050    0.0659      N  1                1134.41A   39.813    0.0038
TFIR                611.250m   41.149    0.0827      H  1                3797.89A   40.911    0.0479      N  1                1134.98A   39.832    0.0040
TALL                10000.0A   44.726  312.9035      H  1                3770.63A   40.814    0.0383      N  1                1168.54A   39.429    0.0016
F12                 12.0000m   43.473   17.4396      H  1                3750.15A   40.707    0.0299      N  1                1199.55A   40.378    0.0140
F25                 25.0000m   43.256   10.5974      H  1                3734.36A   40.609    0.0239      N  1                1200.22A   40.362    0.0135
F60                 60.0000m   43.087    7.1747      H  1                3721.93A   40.519    0.0194      N  1                1200.71A   40.255    0.0106
F100                100.000m   42.000    0.5870      H  1                3711.97A   40.437    0.0161      N  1                5197.90A   39.590    0.0023
MIPS                24.0000m   42.962    5.3788      H  1                3703.85A   40.361    0.0135      N  1                5200.26A   39.668    0.0027
MIPS                70.0000m   42.517    1.9331      H  1                3697.15A   40.291    0.0115      N  5                1238.82A   40.969    0.0547
MIPS                160.000m   40.853    0.0419      H  1                3691.55A   40.226    0.0099      N  5                1242.80A   40.720    0.0308
IRAC                3.60000m   43.081    7.0852      H  1                3686.83A   40.167    0.0086      Ne 2                12.8101m   40.457    0.0168
IRAC                4.50000m   43.117    7.6865      H  1                3682.80A   40.114    0.0076      Ne 3                15.5509m   40.385    0.0143
IRAC                5.80000m   43.149    8.2886      H  1                3679.35A   40.068    0.0069      Ne 3                3868.76A   41.020    0.0615
IRAC                8.00000m   43.304   11.8210      H  1                3676.36A   40.032    0.0063      Ne 3                489.500A   39.385    0.0014
SPR1                250.000m   40.155    0.0084      H  1                3673.75A   40.014    0.0061      Ne 3                36.0036m   39.334    0.0013
SPR2                350.000m   40.037    0.0064      H  1                3671.47A   40.039    0.0064      Ne 3                3967.47A   40.502    0.0187
SPR3                500.000m   39.981    0.0056      H  1                3669.46A   40.751    0.0331      Ne 3                1814.56A   39.652    0.0026
PAC1                70.0000m   42.574    2.2053      H  1                1.87510m   41.612    0.2407      Ne 3                491.045A   39.692    0.0029
PAC2                100.000m   41.959    0.5344      H  1                1.28180m   41.336    0.1273      Ne 3                489.645A   39.299    0.0012
PAC3                160.000m   40.928    0.0498      H  1                1.09380m   41.062    0.0678      Ne 3                313.688A   39.255    0.0011
PAH                 3.30000m   42.225    0.9869      H  1                1.00493m   40.857    0.0422      Ne 3                490.311A   39.420    0.0015
PAHC                3.23000m   41.933    0.5035      H  1                9545.93A   40.679    0.0281      O  1                1040.94A   39.539    0.0020
PAHC                3.37000m   41.916    0.4847      H  1                9228.97A   40.524    0.0196      O  1                1304.86A   40.008    0.0060
PAH                 6.20000m   42.666    2.7198      H  1                9014.87A   40.386    0.0143      O  1                1306.03A   39.530    0.0020
PAHC                5.65000m   42.703    2.9656      H  1                8862.74A   40.298    0.0117      O  1                6300.30A   39.942    0.0051
PAH                 7.90000m   42.853    4.1861      H  1                8750.43A   40.192    0.0091      O  1                6363.78A   39.446    0.0016
PAHC                6.90000m   42.916    4.8454      H  1                8664.98A   40.094    0.0073      O  1                63.1679m   40.765    0.0342
PAH                 11.3000m   42.264    1.0790      H  1                8598.35A   40.005    0.0059      O  1                145.495m   39.740    0.0032
PAHC                10.9000m   42.286    1.1348      H  1                8545.34A   39.923    0.0049      O  2                833.330A   39.421    0.0015
PAH                 11.8000m   42.478    1.7671      H  1                8502.44A   39.847    0.0041      O  2                834.465A   39.550    0.0021
PAHC                12.6500m   42.451    1.6600      H  1                8467.21A   39.777    0.0035      O  2                3728.81A   40.201    0.0093
PAH                 13.3000m   42.478    1.7644      H  1                8437.91A   39.712    0.0030      O  2                3726.03A   40.029    0.0063
PAHC                14.1000m   42.447    1.6441      H  1                8413.28A   39.653    0.0026      O  3                88.3323m   41.064    0.0681
Bcon                3640.00A   44.415  152.7538      H  1                8392.35A   39.600    0.0023      O  3                51.8004m   40.866    0.0431
Pcon                5000.00A   43.778   35.2588      H  1                8374.43A   39.555    0.0021      O  3                4958.91A   41.670    0.2746
O3bn                5007.00A   42.459    1.6911      H  1                8358.96A   39.519    0.0019      O  3                5006.84A   42.144    0.8193
SX                  25.0000A   42.431    1.5850      H  1                8345.51A   39.500    0.0019      O  3                2320.95A   40.221    0.0098
HX                  4.70000A   42.804    3.7452      H  1                8333.74A   39.526    0.0020      O  3                4363.21A   40.820    0.0389
HFFc                      0    42.994    5.7937      H  1                8323.38A   40.238    0.0102      O  3                1660.81A   40.874    0.0440
H FF                      0    42.923    4.9254      H  1                4.05113m   40.922    0.0491      O  3                1666.15A   41.341    0.1287
HeFF                      0    42.162    0.8540      H  1                2.62513m   40.694    0.0290      O  3                835.289A   40.376    0.0140
MeFB                      0    39.416    0.0015      H  1                2.16551m   40.497    0.0185      O  3                833.749A   40.292    0.0115
ToFF                      0    42.993    5.7798      H  1                1.94454m   40.323    0.0124      O  3                835.092A   39.811    0.0038
nFnu                9993.08m   39.272    0.0011      H  1                1.81740m   40.170    0.0087      O  3                832.929A   39.783    0.0036
nFnu                6917.22m   39.413    0.0015      H  1                1.73620m   40.033    0.0063      O  3                833.715A   41.294    0.1157
nFnu                122.400m   40.916    0.0485      H  1                1.68064m   39.929    0.0050      O  3                835.059A   40.098    0.0074
nFnu                60.8322m   41.166    0.0860      H  1                1.64071m   39.823    0.0039      O  3                703.854A   39.482    0.0018
nInu                60.8322m   43.181    8.9223      H  1                1.61092m   39.726    0.0031      O  3                702.896A   40.540    0.0204
nFnu                41.2152m   41.307    0.1190      H  1                1.58804m   39.637    0.0025      O  3                703.851A   40.763    0.0340
nInu                41.2152m   43.405   14.9177      H  1                1.57006m   39.555    0.0021      O  3                702.838A   39.321    0.0012
nFnu                30.8695m   41.410    0.1510      H  1                1.55563m   39.479    0.0018      O  3                599.590A   39.284    0.0011
nInu                30.8695m   43.517   19.3135      H  1                1.54388m   39.410    0.0015      O  3                507.680A   39.966    0.0054
nFnu                24.7829m   41.488    0.1808      H  1                1.53417m   39.345    0.0013      O  3                508.178A   40.213    0.0096
nInu                24.7829m   43.576   22.1395      H  1                1.52604m   39.286    0.0011      O  5                1218.34A   40.925    0.0494
nFnu                24.2998m   41.495    0.1838      H  1                1.51917m   39.233    0.0010      O  5                1213.81A   41.100    0.0739
nInu                24.2998m   43.585   22.5866      H  1                1.49672m   39.871    0.0044      O  5                629.732A   40.954    0.0528
nFnu                22.8302m   41.517    0.1932      H  1                7.45777m   40.377    0.0140      O  5                172.169A   39.262    0.0011
nInu                22.8302m   43.602   23.4962      H  1                4.65247m   40.210    0.0095      P  4                950.657A   39.503    0.0019
nFnu                21.4199m   41.539    0.2033      H  1                3.73951m   40.044    0.0065      S  2                6730.82A   40.177    0.0088
nInu                21.4199m   43.616   24.2521      H  1                3.29607m   39.894    0.0046      S  2                6716.44A   40.340    0.0128
nFnu                21.1235m   41.545    0.2061      H  1                3.03835m   39.758    0.0034      S  2                1259.52A   39.657    0.0027
nInu                21.1235m   43.619   24.4551      H  1                2.87219m   39.640    0.0026      S  2                1253.81A   39.648    0.0026
nFnu                19.6199m   41.571    0.2190      H  1                2.75749m   39.535    0.0020      S  2                1250.58A   39.608    0.0024
nInu                19.6199m   43.625   24.7909      H  1                2.67438m   39.438    0.0016      S  3                33.4704m   40.270    0.0109
nFnu                17.6534m   41.609    0.2385      H  1                2.61191m   39.350    0.0013      S  3                18.7078m   40.094    0.0073
nInu                17.6534m   43.648   26.1052      H  1                2.56361m   39.268    0.0011      S  3                9068.62A   40.229    0.0099
nFnu                17.3700m   41.614    0.2417      H  1                2.37371m   39.585    0.0023      S  3                9530.62A   40.629    0.0250
nInu                17.3700m   43.651   26.3236      H  1                12.3684m   39.939    0.0051      S  3                3721.63A   39.342    0.0013
nFnu                15.6901m   41.650    0.2626      H  1                7.50038m   39.803    0.0037      S  3                6312.06A   39.615    0.0024
nInu                15.6901m   43.664   27.0882      H  1                5.90655m   39.662    0.0027      S  3                1713.11A   39.295    0.0012
nFnu                14.6036m   41.676    0.2786      H  1                5.12722m   39.530    0.0020      S  3                1728.94A   39.747    0.0033
nInu                14.6036m   43.679   28.0530      H  1                4.67119m   39.402    0.0015      S  3                1190.20A   39.488    0.0018
nFnu                12.4300m   41.735    0.3190      H  1                4.37522m   39.297    0.0012      S  3                1194.45A   39.719    0.0031
nInu                12.4300m   43.694   29.0700      H  1                3.48198m   39.350    0.0013      S  3                1194.06A   39.266    0.0011
nFnu                11.4000m   41.765    0.3418      H  1                19.0565m   39.564    0.0022      S  3                1200.97A   39.251    0.0010
nInu                11.4000m   43.703   29.6661      H  1                11.3055m   39.452    0.0017      S  3                1015.57A   39.299    0.0012
nFnu                10.4600m   41.797    0.3681      H  1                8.75760m   39.329    0.0013      S  3                1021.11A   39.502    0.0019
nInu                10.4600m   43.713   30.3449      H  1                27.7955m   39.236    0.0010      Si 2                34.8046m   40.855    0.0421
nFnu                9.48002m   41.830    0.3974      Ca A                303.784A   43.016    6.0933      Si 2                1808.01A   39.307    0.0012
nInu                9.48002m   43.723   31.0519      Ca A                256.317A   42.378    1.4027      Si 2                1260.42A   39.577    0.0022
nFnu                9.32488m   41.836    0.4027      Ca A                243.027A   41.969    0.5467      Si 2                1193.29A   39.456    0.0017
nInu                9.32488m   43.727   31.3101      Ca A                237.331A   41.665    0.2719      Si 2                2344.20A   39.235    0.0010
nFnu                8.21035m   41.883    0.4484      Ca A                234.347A   41.423    0.1557      Si 2                1816.93A   39.418    0.0015
nInu                8.21035m   43.733   31.7751      Ca A                232.584A   41.221    0.0977      Si 2                1533.43A   40.104    0.0075
nFnu                7.58000m   41.910    0.4775      Ca A                231.454A   41.047    0.0655      Si 2                1309.28A   39.891    0.0046
nInu                7.58000m   43.742   32.4010      Ca A                230.686A   40.894    0.0461      Si 2                1265.00A   40.405    0.0149
nFnu                7.05026m   41.940    0.5111      Ca A                230.139A   40.758    0.0336      Si 2                1197.39A   40.404    0.0149
nInu                7.05026m   43.743   32.5154      Ca A                229.736A   40.635    0.0253      Si 2                1194.50A   40.313    0.0121
nFnu                4.11370m   42.138    0.8079      Ca A                229.431A   40.522    0.0196      Si 3                1892.03A   40.891    0.0457
nInu                4.11370m   43.741   32.3928      Ca A                229.194A   40.419    0.0154      Si 3                1882.71A   41.079    0.0705
nFnu                2.32440m   42.342    1.2923      Ca A                229.006A   40.323    0.0124      Si 3                1206.50A   41.004    0.0593
nInu                2.32440m   43.658   26.7108      Ca A                228.855A   40.234    0.0101      Si 4                1393.75A   41.011    0.0602
nFnu                1.64313m   42.484    1.7920      Ca A                228.731A   40.151    0.0083      Si 4                1402.77A   40.745    0.0326
nInu                1.64313m   43.502   18.6817      Ca A                228.629A   40.073    0.0069      Si 7                2146.64A   39.818    0.0039
nFnu                1.48022m   42.517    1.9340      Ca A                228.543A   39.999    0.0059      Si 7                2.48071m   39.624    0.0025
nInu                1.48022m   43.470   17.3347      Ca A                228.471A   39.929    0.0050      Al 2                2669.15A   39.242    0.0010
nFnu                1.43649m   42.585    2.2598      Ca A                228.409A   39.863    0.0043      Al 2                2660.35A   39.426    0.0016
nInu                1.43649m   43.463   17.0757      Ca A                228.356A   39.800    0.0037      Al 2                1670.79A   40.176    0.0088
nFnu                1.11867m   42.666    2.7208      Ca A                228.309A   39.740    0.0032      Ar 7                585.754A   39.365    0.0014
nInu                1.11867m   43.457   16.8165      Ca A                228.269A   39.682    0.0028      C  4                1550.78A   41.779    0.3531
nFnu                8329.68A   42.764    3.4130      Ca A                228.234A   39.627    0.0025      C  4                1548.19A   42.072    0.6928
nInu                8329.68A   43.521   19.5026      Ca A                1640.43A   41.944    0.5168      C  4                312.452A   39.642    0.0026
nFnu                8078.61A   42.897    4.6397      Ca A                1215.13A   41.497    0.1843      C  4                312.421A   39.692    0.0029
nInu                8078.61A   43.524   19.6329      Ca A                1084.94A   41.173    0.0875      C  4                244.912A   39.316    0.0012
nFnu                6209.66A   42.981    5.6264      Ca A                1025.27A   40.920    0.0489      C  4                244.904A   39.456    0.0017
nInu                6209.66A   43.586   22.6212      Ca A                992.360A   40.711    0.0302      Fe 4                3095.77A   40.418    0.0154
nFnu                4885.36A   43.066    6.8435      Ca A                972.108A   40.533    0.0201      Fe 4                3094.96A   40.642    0.0257
nInu                4885.36A   43.847   41.2783      Ca A                958.694A   40.378    0.0140      Fe 4                3094.53A   40.360    0.0135
nFnu                3704.34A   43.183    8.9578      Ca A                949.324A   40.240    0.0102      Fe 4                2835.74A   40.792    0.0364
nInu                3704.34A   43.763   34.0483      Ca A                942.508A   40.115    0.0077      Fe 4                2829.36A   40.425    0.0156
nFnu                3587.67A   43.468   17.2523      Ca A                937.389A   40.002    0.0059      Fe 4                2823.50A   40.273    0.0110
nInu                3587.67A   43.780   35.3615      Ca A                933.444A   39.898    0.0046      Fe 4                2.83562m   39.467    0.0017
nFnu                2430.05A   43.565   21.5605      Ca A                930.337A   39.802    0.0037      Fe 4                2567.61A   39.863    0.0043
nInu                2430.05A   43.902   46.8962      Ca A                927.846A   39.712    0.0030      Fe 4                6739.82A   39.446    0.0016
nFnu                2392.03A   43.570   21.8070      Ca A                925.817A   39.629    0.0025      Fe 4                4906.56A   39.509    0.0019
nInu                2392.03A   43.888   45.4015      Ca A                924.142A   39.550    0.0021      Fe 5                4227.19A   39.822    0.0039
nFnu                2071.34A   43.619   24.4233      Ca A                922.743A   39.477    0.0018      Fe 6                19.5527m   39.393    0.0015
nInu                2071.34A   43.905   47.1977      Ca A                921.562A   39.407    0.0015      Fe 6                14.7670m   39.246    0.0010
nFnu                2052.68A   43.625   24.7516      Ca A                920.556A   39.340    0.0013      Fe 6                4972.48A   39.523    0.0020
nInu                2052.68A   43.895   46.1782      Ca A                919.693A   39.277    0.0011      Fe 6                5145.76A   39.539    0.0020
nFnu                1793.44A   43.681   28.2057      Ca A                4685.64A   41.147    0.0823      Fe 6                5176.05A   39.547    0.0021
nInu                1793.44A   43.923   49.1550      Ca A                3203.04A   40.821    0.0389      Fe 8                168.930A   39.303    0.0012
nFnu                1585.12A   43.718   30.7215      Ca A                2733.24A   40.562    0.0214      Mg 2                2802.71A   40.424    0.0156
nInu                1585.12A   43.993   57.7630      Ca A                2511.15A   40.349    0.0131      Mg 2                2795.53A   40.645    0.0259
nFnu                1458.33A   43.719   30.7607      Ca A                2385.35A   40.167    0.0086      Mg 5                5.60700m   39.407    0.0015
nInu                1458.33A   43.934   50.4391      Ca A                2306.15A   40.009    0.0060      Mg 5                2782.76A   39.847    0.0041
nFnu                1356.96A   43.678   27.9588      Ca A                2252.64A   39.869    0.0043      Mg 5                2928.09A   39.282    0.0011
nInu                1356.96A   43.968   54.6373      Ca A                2214.62A   39.743    0.0033      Mg 6                1806.00A   39.769    0.0035
nFnu                1297.29A   43.579   22.2986      Ca A                2186.56A   39.629    0.0025      Mg 6                1806.43A   39.873    0.0044
nInu                1297.29A   43.996   58.2556      Ca A                2165.20A   39.524    0.0020      Mg 6                403.308A   39.565    0.0022
nFnu                1262.79A   43.437   16.0674      Ca A                2148.55A   39.427    0.0016      Mg 6                400.663A   39.503    0.0019
nInu                1262.79A   44.081   70.7571      Ca A                2135.31A   39.337    0.0013      Mg 6                399.282A   39.387    0.0014
nFnu                1218.08A   42.811    3.8037      Ca A                2124.58A   39.253    0.0011      Mg 7                9.00655m   39.541    0.0020
nInu                1218.08A   44.426  156.7892      Ca A                1.01233m   40.544    0.0206      Mg 7                5.50177m   39.438    0.0016
nFnu                1196.33A   42.803    3.7331      Ca A                6559.91A   40.292    0.0115      Mg 7                2628.89A   39.512    0.0019
nInu                1196.33A   44.269  109.1878      Ca A                5411.37A   40.076    0.0070      Mg 7                431.194A   39.377    0.0014
nFnu                1175.06A   42.795    3.6668      Ca A                4859.18A   39.892    0.0046      Mg 8                430.455A   39.309    0.0012
nInu                1175.06A   44.112   75.9544      Ca A                4541.46A   39.732    0.0032      Mg 9                368.071A   39.477    0.0018
nFnu                1143.64A   42.782    3.5583      Ca A                4338.55A   39.590    0.0023      N  2                6548.05A   39.268    0.0011
nInu                1143.64A   44.025   62.2281      Ca A                4199.71A   39.463    0.0017      N  2                6583.45A   39.738    0.0032
nFnu                1113.22A   42.772    3.4737      Ca A                4099.92A   39.348    0.0013      N  2                1084.56A   39.606    0.0024
nInu                1113.22A   44.016   60.8957      Ca A                4025.48A   39.242    0.0010      N  2                916.020A   39.285    0.0011
nFnu                1103.23A   42.769    3.4543      Ca A                1.86362m   40.054    0.0067      N  2                916.710A   39.510    0.0019
nInu                1103.23A   44.003   59.1832      Ca A                1.16260m   39.853    0.0042      N  3                57.3238m   40.108    0.0075
nFnu                1073.86A   42.760    3.3836      Ca A                9344.62A   39.669    0.0027      N  3                1748.65A   39.852    0.0042
nInu                1073.86A   44.027   62.4565      Ca A                8236.51A   39.508    0.0019      N  3                1753.99A   39.867    0.0043
nFnu                1064.34A   42.757    3.3598      Ca A                7592.50A   39.365    0.0014      N  3                1746.82A   39.441    0.0016
nInu                1064.34A   44.030   62.9965      Ca A                7177.28A   39.237    0.0010      N  3                1752.16A   40.281    0.0112
nFnu                1035.92A   42.750    3.3036      Ca A                3.09074m   39.640    0.0026      N  3                1749.67A   40.338    0.0128
nInu                1035.92A   44.098   73.6194      Ca A                1.87427m   39.475    0.0018      N  3                989.799A   40.186    0.0090
nFnu                1000.00A   42.742    3.2436      Ca A                1.47599m   39.317    0.0012      N  3                991.511A   40.429    0.0158
nInu                1000.00A   44.033   63.3731      Ca A                4.76203m   39.281    0.0011      N  3                991.577A   39.908    0.0047
nFnu                925.144A   42.733    3.1781      Ca B                1640.43A   42.129    0.7914      N  3                764.351A   40.020    0.0062
nInu                925.144A   44.000   58.7938      Ca B                1215.13A   41.675    0.2779      N  3                685.515A   39.572    0.0022
RRC............................................      Ca B                1084.94A   41.346    0.1305      N  3                686.336A   40.105    0.0075
H  1                911.753A   43.571   21.8749      Ca B                1025.27A   41.090    0.0722      N  3                685.817A   40.057    0.0067
H  1                3645.98A   42.496    1.8404      Ca B                992.360A   40.878    0.0443      N  3                452.227A   39.483    0.0018
H  1                3645.98A   42.736    3.2002      Ca B                972.108A   40.698    0.0293      N  4                1486.50A   40.884    0.0450
H  1                8203.53A   41.825    0.3923      Ca B                958.694A   40.540    0.0204      N  4                1483.32A   41.069    0.0689
H  1                8203.53A   42.102    0.7429      Ca B                949.324A   40.401    0.0148      N  4                765.147A   41.128    0.0788
H  1                8203.53A   41.869    0.4348      Ca B                942.508A   40.275    0.0111      N  4                247.205A   39.390    0.0014
H  1                1.45841m   41.382    0.1417      Ca B                937.389A   40.161    0.0085      Ne 4                2421.66A   40.165    0.0086
H  1                1.45841m   41.662    0.2698      Ca B                933.444A   40.056    0.0067      Ne 4                2424.28A   40.317    0.0122
H  1                1.45841m   41.528    0.1981      Ca B                930.337A   39.959    0.0053      Ne 4                1601.45A   39.509    0.0019
H  1                1.45841m   41.074    0.0697      Ca B                927.846A   39.869    0.0043      Ne 4                541.126A   39.630    0.0025
H  1                2.27876m   41.055    0.0667      Ca B                925.817A   39.785    0.0036      Ne 4                542.076A   39.759    0.0034
H  1                2.27876m   41.333    0.1264      Ca B                924.142A   39.706    0.0030      Ne 4                543.886A   39.837    0.0040
H  1                2.27876m   41.227    0.0991      Ca B                922.743A   39.631    0.0025      Ne 5                24.2065m   40.053    0.0066
H  1                2.27876m   40.913    0.0481      Ca B                921.562A   39.561    0.0021      Ne 5                14.3228m   39.998    0.0058
H  1                2.27876m   40.334    0.0127      Ca B                920.556A   39.494    0.0018      Ne 5                3345.99A   40.051    0.0066
H  1                3.28142m   40.796    0.0367      Ca B                919.693A   39.431    0.0016      Ne 5                3426.03A   40.499    0.0185
H  1                3.28142m   41.071    0.0692      Ca B                918.945A   39.370    0.0014      Ne 5                1574.76A   39.408    0.0015
H  1                3.28142m   40.976    0.0556      Ca B                918.295A   39.313    0.0012      Ne 5                1136.51A   39.495    0.0018
H  1                3.28142m   40.713    0.0303      Ca B                917.724A   39.257    0.0011      Ne 5                1145.60A   39.948    0.0052
H  1                3.28142m   40.302    0.0118      Ca B                4685.64A   41.194    0.0918      Ne 5                568.422A   39.303    0.0012
H  1                3.28142m   39.647    0.0026      Ca B                3203.04A   40.880    0.0445      Ne 5                569.759A   40.014    0.0061
H  1                4.46637m   40.581    0.0224      Ca B                2733.24A   40.624    0.0247      Ne 5                481.363A   39.441    0.0016
H  1                4.46637m   40.855    0.0420      Ca B                2511.15A   40.413    0.0152      Ne 5                482.985A   39.630    0.0025
H  1                4.46637m   40.764    0.0341      Ca B                2385.35A   40.232    0.0100      Ne 5                359.375A   39.438    0.0016
H  1                4.46637m   40.524    0.0196      Ca B                2306.15A   40.075    0.0070      Ne 6                7.64318m   40.263    0.0108
H  1                4.46637m   40.180    0.0089      Ca B                2252.64A   39.935    0.0051      Ne 6                997.031A   39.253    0.0011
H  1                4.46637m   39.714    0.0030      Ca B                2214.62A   39.809    0.0038      Ne 6                558.685A   39.658    0.0027
H  1                5.83363m   40.398    0.0147      Ca B                2186.56A   39.695    0.0029      Ne 6                1005.69A   39.657    0.0027
H  1                5.83363m   40.670    0.0275      Ca B                2165.20A   39.590    0.0023      Ne 6                999.183A   39.641    0.0026
H  1                5.83363m   40.581    0.0224      Ca B                2148.55A   39.493    0.0018      Ne 6                562.798A   39.933    0.0050
H  1                5.83363m   40.353    0.0133      Ca B                2135.31A   39.403    0.0015      Ne 6                435.641A   39.650    0.0026
H  1                5.83363m   40.044    0.0065      Ca B                2124.58A   39.318    0.0012      Ne 6                403.270A   39.674    0.0028
H  1                5.83363m   39.659    0.0027      Ca B                2115.78A   39.240    0.0010      Ne 6                401.928A   39.687    0.0029
H  1                7.38319m   40.238    0.0102      Ca B                1.01233m   40.565    0.0216      Ne 7                887.279A   39.328    0.0012
H  1                7.38319m   40.509    0.0190      Ca B                6559.91A   40.320    0.0123      Ne 7                465.220A   39.972    0.0055
H  1                7.38319m   40.421    0.0155      Ca B                5411.37A   40.107    0.0075      Ne 8                780.325A   39.847    0.0041
H  1                7.38319m   40.200    0.0093      Ca B                4859.18A   39.925    0.0049      Ne 8                770.410A   39.989    0.0057
H  1                7.38319m   39.910    0.0048      Ca B                4541.46A   39.766    0.0034      Ni 2                1.19102m   39.508    0.0019
H  1                7.38319m   39.568    0.0022      Ca B                4338.55A   39.625    0.0025      O  4                25.8832m   40.563    0.0215
H  1                9.11505m   40.096    0.0073      Ca B                4199.71A   39.499    0.0019      O  4                1399.77A   40.216    0.0097
H  1                9.11505m   40.366    0.0136      Ca B                4099.92A   39.384    0.0014      O  4                1407.38A   40.206    0.0094
H  1                9.11505m   40.278    0.0112      Ca B                4025.48A   39.278    0.0011      O  4                1397.20A   39.765    0.0034
H  1                9.11505m   40.062    0.0068      Ca B                1.86362m   40.067    0.0069      O  4                1404.78A   40.651    0.0263
H  1                9.11505m   39.784    0.0036      Ca B                1.16260m   39.869    0.0043      O  4                1401.16A   40.638    0.0255
H  1                9.11505m   39.468    0.0017      Ca B                9344.62A   39.688    0.0029      O  4                787.710A   40.076    0.0070
H  1                11.0292m   40.764    0.0341      Ca B                8236.51A   39.528    0.0020      O  4                790.114A   41.058    0.0672
H  1                13.1257m   40.651    0.0263      Ca B                7592.50A   39.386    0.0014      O  4                790.201A   40.539    0.0203
H  1                15.4044m   40.548    0.0207      Ca B                7177.28A   39.259    0.0011      O  4                609.830A   40.434    0.0160
H  1                17.8655m   40.452    0.0166      Ca B                3.09074m   39.649    0.0026      O  4                554.076A   39.415    0.0015
H  1                20.5089m   40.362    0.0135      Ca B                1.87427m   39.486    0.0018      O  4                555.264A   40.549    0.0208
H  1                23.3345m   40.278    0.0112      Ca B                1.47599m   39.330    0.0013      O  4                554.514A   40.364    0.0136
H  1                26.3425m   40.200    0.0093      Ca B                4.76203m   39.288    0.0011      O  6                1037.62A   41.086    0.0716
H  1                29.5328m   40.125    0.0078      He 2                607.567A   42.803    3.7287      O  6                1031.91A   41.360    0.1346
H  1                32.9053m   40.055    0.0067      He 2                303.784A   43.098    7.3649      O  6                150.125A   39.331    0.0013
H  1                36.4602m   39.988    0.0057      He 2                256.317A   40.004    0.0059      O  6                150.090A   39.402    0.0015
H  1                40.1974m   39.925    0.0049      He 2                243.027A   39.895    0.0046      S  4                10.5076m   40.944    0.0516
H  1                44.1168m   39.865    0.0043      He 2                237.331A   39.842    0.0041      S  4                1404.81A   39.645    0.0026
H  1                48.2186m   39.807    0.0038      He 2                234.347A   39.808    0.0038      S  4                1423.84A   39.509    0.0019
H  1                52.5027m   39.751    0.0033      He 2                232.584A   39.781    0.0035      S  4                1416.89A   40.104    0.0075
H  1                56.9691m   40.902    0.0469      He 2                231.454A   39.762    0.0034      S  4                1406.02A   40.169    0.0087
He 2                227.838A   42.931    5.0073      He 2                230.686A   39.743    0.0033      S  4                1062.66A   40.052    0.0066
He 2                911.351A   41.740    0.3232      He 2                230.139A   39.725    0.0031      S  4                1073.52A   39.878    0.0044
He 2                911.351A   42.070    0.6907      He 2                229.736A   39.554    0.0021      S  4                1072.97A   40.037    0.0064
He 2                2049.88A   41.073    0.0695      He 2                229.431A   39.546    0.0021      S  4                815.941A   39.811    0.0038
He 2                2049.88A   41.459    0.1689      He 2                229.194A   39.538    0.0020      S  4                748.393A   39.373    0.0014
He 2                2049.88A   41.345    0.1300      He 2                229.006A   39.531    0.0020      S  4                753.760A   39.962    0.0054
He 2                3644.36A   40.599    0.0233      He 2                228.855A   39.524    0.0020      S  4                750.221A   39.927    0.0050
He 2                3644.36A   40.989    0.0573      He 2                228.731A   39.517    0.0019      S  4                657.319A   39.525    0.0020
He 2                3644.36A   40.980    0.0561      He 2                228.629A   39.511    0.0019      S  4                661.455A   39.914    0.0048
He 2                3644.36A   40.626    0.0248      He 2                228.543A   39.506    0.0019      S  4                554.027A   39.470    0.0017
He 2                5694.36A   40.248    0.0104      He 2                228.471A   39.501    0.0019      S  5                786.470A   40.137    0.0081
He 2                5694.36A   40.638    0.0255      He 2                228.409A   39.499    0.0019      S  6                944.524A   39.878    0.0044
He 2                5694.36A   40.659    0.0268      He 2                228.356A   39.501    0.0019      S  6                933.380A   40.078    0.0070
He 2                5694.36A   40.450    0.0166      He 2                228.309A   39.510    0.0019      Si 6                1.96247m   39.508    0.0019
He 2                5694.36A   39.943    0.0052      He 2                228.269A   39.536    0.0020      Si 8                1440.51A   39.317    0.0012
He 2                8199.90A   39.972    0.0055      He 2                228.234A   39.606    0.0024      Si 8                319.840A   39.440    0.0016
He 2                8199.90A   40.360    0.0135      He 2                228.203A   40.386    0.0143      Si 8                316.218A   39.373    0.0014
He 2                8199.90A   40.393    0.0145      He 2                1640.43A   42.130    0.7929      Si 8                314.356A   39.234    0.0010
He 2                8199.90A   40.237    0.0101      He 2                1215.13A   41.685    0.2844      level 1 lines..................................
He 2                8199.90A   39.902    0.0047      He 2                1084.94A   41.360    0.1345      recombination..................................
He 2                8199.90A   39.295    0.0012      He 2                1025.27A   41.104    0.0747      N  3                991.000A   39.304    0.0012
He 2                1.11610m   39.746    0.0033      He 2                992.360A   40.894    0.0460      O  4                789.400A   39.457    0.0017
He 2                1.11610m   40.132    0.0080      He 2                972.108A   40.716    0.0305      level2 lines...................................
He 2                1.11610m   40.170    0.0087      He 2                958.694A   40.561    0.0214      C  2                596.559A   39.295    0.0012
He 2                1.11610m   40.038    0.0064      He 2                949.324A   40.424    0.0156      C  3                271.090A   39.309    0.0012
He 2                1.11610m   39.773    0.0035      He 2                942.508A   40.409    0.0151      N  1                942.258A   39.772    0.0035
He 2                1.11610m   39.357    0.0013      He 2                937.389A   40.305    0.0119      N  3                293.510A   39.391    0.0014
He 2                1.45776m   39.554    0.0021      He 2                933.444A   40.209    0.0095      N  3                283.090A   39.272    0.0011
He 2                1.45776m   39.939    0.0051      He 2                930.337A   40.122    0.0078      O  1                976.791A   39.916    0.0048
He 2                1.45776m   39.979    0.0056      He 2                927.846A   40.041    0.0065      O  1                969.049A   39.804    0.0037
He 2                1.45776m   39.860    0.0043      He 2                925.817A   39.966    0.0054      O  1                946.387A   39.747    0.0033
He 2                1.45776m   39.630    0.0025      He 2                924.142A   39.897    0.0046      O  1                934.501A   39.723    0.0031
He 2                1.45776m   39.297    0.0012      He 2                922.743A   39.834    0.0040      O  1                973.577A   39.732    0.0032
He 2                1.84498m   39.388    0.0014      He 2                921.562A   39.775    0.0035      O  1                927.472A   39.695    0.0029
He 2                1.84498m   39.771    0.0035      He 2                920.556A   39.724    0.0031      O  1                948.506A   39.678    0.0028
He 2                1.84498m   39.812    0.0038      He 2                919.693A   39.679    0.0028      O  1                922.969A   39.647    0.0026
He 2                1.84498m   39.701    0.0029      He 2                918.945A   39.646    0.0026      O  1                919.912A   39.647    0.0026
He 2                1.84498m   39.491    0.0018      He 2                918.295A   39.632    0.0025      O  1                935.672A   39.647    0.0026
He 2                2.27776m   39.241    0.0010      He 2                917.724A   39.665    0.0027      O  1                917.726A   39.625    0.0025
He 2                2.27776m   39.623    0.0025      He 2                917.221A   40.401    0.0148      O  1                918.704A   39.613    0.0024
He 2                2.27776m   39.664    0.0027      He 2                4685.64A   41.161    0.0851      O  1                928.186A   39.609    0.0024
He 2                2.27776m   39.558    0.0021      He 2                3203.04A   40.870    0.0436      O  1                917.473A   39.591    0.0023
He 2                2.27776m   39.361    0.0013      He 2                2733.24A   40.623    0.0246      O  1                923.438A   39.566    0.0022
He 2                2.75608m   40.147    0.0082      He 2                2511.15A   40.415    0.0153      O  1                920.243A   39.540    0.0020
He 2                3.27997m   40.035    0.0064      He 2                2385.35A   40.237    0.0102      O  1                917.970A   39.469    0.0017
He 2                3.84941m   39.932    0.0050      He 2                2306.15A   40.082    0.0071      O  2                425.190A   39.372    0.0014
He 2                4.46440m   39.836    0.0040      He 2                2252.64A   39.945    0.0052      O  3                305.400A   39.853    0.0042
He 2                5.12495m   39.746    0.0033      He 2                2214.62A   39.894    0.0046      O  3                268.070A   39.652    0.0026
He 2                5.83106m   39.663    0.0027      He 2                2186.56A   39.790    0.0036      O  3                263.850A   39.638    0.0026
He 2                6.58272m   39.584    0.0023      He 2                2165.20A   39.695    0.0029      O  3                373.640A   39.805    0.0038
He 2                7.37993m   39.510    0.0019      He 2                2148.55A   39.607    0.0024      O  3                265.020A   39.622    0.0025
He 2                8.22270m   39.440    0.0016      He 2                2135.31A   39.527    0.0020      O  3                248.730A   39.591    0.0023
He 2                9.11102m   39.373    0.0014      He 2                2124.58A   39.452    0.0017      O  3                241.200A   39.548    0.0021
He 2                10.0449m   39.310    0.0012      He 2                2115.78A   39.383    0.0014      O  3                248.620A   39.526    0.0020
He 2                11.0243m   39.250    0.0010      He 2                2108.46A   39.320    0.0012      O  3                236.890A   39.505    0.0019
He 2                14.2360m   40.304    0.0118      He 2                2102.30A   39.262    0.0011      O  3                234.190A   39.463    0.0017
He 1                504.259A   42.788    3.6090      He 2                2079.84A   39.888    0.0045      O  3                276.900A   39.520    0.0019
He 1                2599.69A   41.422    0.1552      He 2                1.01233m   40.507    0.0189      O  3                241.140A   39.469    0.0017
He 1                3120.85A   40.889    0.0455      He 2                6559.91A   40.290    0.0115      O  3                280.450A   39.505    0.0019
He 1                3421.00A   40.792    0.0364      He 2                5411.37A   40.089    0.0072      O  3                263.230A   39.480    0.0018
He 1                3420.88A   41.269    0.1092      He 2                4859.18A   39.913    0.0048      O  3                232.380A   39.435    0.0016
He 1                3420.88A   41.491    0.1821      He 2                4541.46A   39.758    0.0034      O  3                236.860A   39.410    0.0015
He 1                3678.70A   41.040    0.0644      He 2                4338.55A   39.621    0.0025      O  3                231.110A   39.398    0.0015
He 1                6632.16A   40.610    0.0239      He 2                4199.71A   39.524    0.0020      O  3                255.390A   39.420    0.0015
He 1                7435.20A   40.148    0.0083      He 2                4099.92A   39.421    0.0015      O  3                232.350A   39.364    0.0014
He 1                7843.44A   41.072    0.0693      He 2                4025.48A   39.326    0.0012      O  3                234.180A   39.322    0.0012
He 1                8188.36A   40.704    0.0297      He 2                3968.32A   39.239    0.0010      O  3                231.100A   39.258    0.0011
He 1                8190.64A   40.211    0.0096      He 2                3740.11A   39.521    0.0020      O  3                244.650A   39.285    0.0011
He 1                8261.30A   40.416    0.0153      He 2                1.86362m   39.988    0.0057      O  4                239.130A   39.687    0.0029
He 1                1.24779m   40.116    0.0077      He 2                1.16260m   39.820    0.0039      O  4                207.610A   39.338    0.0013
He 1                1.35647m   39.679    0.0028      He 2                9344.62A   39.653    0.0026      O  4                196.560A   39.255    0.0011
He 1                1.40934m   40.615    0.0242      He 2                8236.51A   39.501    0.0019      O  4                214.760A   39.331    0.0013
He 1                1.45602m   40.363    0.0135      He 2                7592.50A   39.364    0.0014      O  4                280.550A   39.499    0.0019
He 1                1.45643m   39.867    0.0043      He 2                7177.28A   39.235    0.0010      O  5                135.810A   39.275    0.0011
He 1                1.45759m   39.901    0.0047      He 2                5931.63A   39.235    0.0010      O  5                139.140A   39.252    0.0010
He 1                1.45759m   39.423    0.0016      He 2                3.09074m   39.553    0.0021      Ne 3                250.920A   39.504    0.0019
He 1                1.46631m   39.979    0.0056      He 2                1.87427m   39.420    0.0015      Ne 3                281.580A   39.463    0.0017
He 1                2.01409m   39.761    0.0034      He 2                1.47599m   39.278    0.0011      Ne 3                265.510A   39.391    0.0014
He 1                2.15127m   39.338    0.0013      He-like iso-sequence...........................      Ne 5                143.350A   39.326    0.0012
He 1                2.21672m   40.277    0.0111      He 1                1202.81A   42.144    0.8188      Ne 6                122.920A   39.373    0.0014
He 1                2.27546m   40.061    0.0068      He 1                584.334A   41.343    0.1293      Mg 2                959.306A   39.346    0.0013
He 1                2.27605m   39.565    0.0022      He 1                537.030A   40.400    0.0147      Si 2                1179.59A   40.517    0.0193
He 1                2.27752m   39.739    0.0032      He 1                522.213A   40.274    0.0110      Si 2                993.354A   39.843    0.0041
He 1                2.27752m   39.262    0.0011      He 1                515.617A   40.201    0.0093      Si 2                1024.03A   39.632    0.0025
He 1                2.28864m   39.651    0.0026      He 1                512.099A   40.147    0.0082      S  3                667.049A   40.123    0.0078
He 1                2.96255m   39.494    0.0018      He 1                625.563A   42.867    4.3286      S  3                691.219A   39.805    0.0038
He 1                3.20640m   40.011    0.0060      He 1                510.018A   39.875    0.0044      S  3                704.220A   39.817    0.0039
He 1                3.27715m   39.810    0.0038      He 1                508.657A   39.850    0.0042      S  3                671.510A   39.402    0.0015
He 1                3.27790m   39.311    0.0012      He 1                507.727A   39.828    0.0040      Ar 1                918.493A   39.370    0.0014
He 1                3.27968m   39.537    0.0020      He 1                507.065A   39.807    0.0038      Ar 3                458.140A   39.285    0.0011
He 1                3.29317m   39.389    0.0014      He 1                506.576A   39.787    0.0036      Ar 4                444.680A   39.737    0.0032
He 1                4.46460m   40.274    0.0110      He 1                506.204A   39.766    0.0034      Ar 5                441.850A   39.546    0.0021
He 1                5.83132m   40.102    0.0074      He 1                505.916A   39.745    0.0033      Ar 5                455.901A   39.412    0.0015
He 1                7.38026m   39.950    0.0052      He 1                505.687A   39.723    0.0031      Ca 3                351.260A   39.380    0.0014
He 1                9.11143m   39.814    0.0038      He 1                505.502A   39.702    0.0030      Ca 4                310.370A   39.299    0.0012
He 1                11.0248m   39.691    0.0029      He 1                505.352A   39.680    0.0028      Ca 4                307.850A   39.282    0.0011
He 1                13.1205m   39.578    0.0022      He 1                505.227A   39.659    0.0027      Ca 4                323.400A   39.303    0.0012
He 1                15.3983m   39.474    0.0018      He 1                505.122A   39.638    0.0026      Ca 4                319.070A   39.270    0.0011
He 1                17.8584m   39.378    0.0014      He 1                505.033A   39.618    0.0024      Ca 5                314.530A   39.323    0.0012
He 1                20.5007m   39.289    0.0011      He 1                504.958A   39.517    0.0019      Ca 5                325.410A   39.253    0.0011
He 1                61.5933m   39.834    0.0040      He 1                504.893A   39.518    0.0019      Ca 6                330.390A   39.446    0.0016
O  2                353.073A   40.014    0.0061      He 1                504.836A   39.522    0.0020      Ca 7                338.000A   39.344    0.0013
grains.........................................      He 1                504.787A   39.485    0.0018      Fe 4                309.190A   39.375    0.0014
H-like iso-sequence............................      He 1                504.744A   39.507    0.0019      Fe 4                532.950A   39.632    0.0025
Cool                1215.67A   43.309   11.9641      He 1                504.706A   39.560    0.0021      Fe 4                275.130A   39.264    0.0011
Crst                960.000A   43.181    8.9037      He 1                504.672A   40.370    0.0138      Fe 5                391.409A   39.254    0.0011
LA X                1215.67A   41.766    0.3431      TOTL                1.08303m   41.456    0.1678      Fe 7                152.390A   39.254    0.0011
CION                      0    42.352    1.3210      He 1                1.08303m   41.456    0.1678      P  2                967.202A   39.532    0.0020
He2C                      0    40.223    0.0098      He 1                3888.63A   41.212    0.0957      P  2                963.828A   39.632    0.0025
Q(H)                4861.33A   42.108    0.7539      He 1                3187.74A   40.831    0.0398      Ti 2                3364.74A   39.273    0.0011
Q(H)                1215.67A   43.645   25.9347      He 1                2945.10A   40.518    0.0194      Ti 2                3237.15A   39.246    0.0010
CaBo                4861.33A   42.126    0.7846      He 1                2829.08A   40.263    0.0108      Ti 2                1907.36A   39.279    0.0011
CaBo                1640.00A   42.172    0.8730      He 1                2760.44A   39.584    0.0023      Cr 2                2059.78A   39.466    0.0017
CaBo                4685.64A   41.201    0.0933      He 1                2721.00A   39.425    0.0016      Mn 2                1198.85A   39.609    0.0024
Ca A                937.804A   41.836    0.4026      He 1                2694.61A   39.283    0.0011      Co 2                1575.91A   39.239    0.0010
Ca A                930.748A   41.633    0.2521      He 1                2.05813m   40.259    0.0107      Co 2                1470.18A   39.255    0.0011
Ca A                926.226A   41.457    0.1684      He 1                5015.68A   40.563    0.0215      Ni 2                1751.83A   39.491    0.0018
Ca A                923.150A   41.303    0.1181      He 1                3964.73A   40.180    0.0089      Ni 2                1744.24A   39.532    0.0020
Ca A                920.963A   41.166    0.0860      He 1                3613.64A   39.872    0.0044      Ni 2                1484.97A   39.395    0.0015
Ca A                919.351A   41.041    0.0646      He 1                3447.59A   39.617    0.0024      Ni 2                1472.74A   39.459    0.0017
Ca A                918.129A   40.928    0.0498      He 1                7065.22A   40.560    0.0213      Ni 2                1400.37A   39.484    0.0018
Ca A                917.181A   40.824    0.0391      He 1                5875.64A   41.124    0.0782      Ni 2                1375.73A   39.549    0.0021
Ca A                916.429A   40.727    0.0314      He 1                4713.03A   39.929    0.0050      Ni 2                1324.11A   39.519    0.0019
Ca A                915.824A   40.638    0.0255      He 1                4471.49A   40.731    0.0316      hyperfine structure............................
Ca A                915.329A   40.554    0.0210      He 1                4120.82A   39.528    0.0020      inner shell....................................
Ca A                914.919A   40.475    0.0176      He 1                4026.20A   40.422    0.0155      molecules......................................
Ca A                914.576A   40.402    0.0148      He 1                3867.48A   39.238    0.0010      H2 v                      0    40.146    0.0082
Ca A                914.286A   40.333    0.0126      He 1                3819.61A   40.168    0.0087      H-FB                      0    40.568    0.0217
Ca A                914.039A   40.267    0.0109      He 1                3704.76A   40.209    0.0095      H-FF                      0    40.375    0.0139
Ca A                913.826A   40.206    0.0094      He 1                3634.08A   40.039    0.0064      H- H                      0    40.736    0.0320
Ca A                913.641A   40.148    0.0083      He 1                3587.16A   39.890    0.0046      H2+                       0    40.244    0.0103
Ca A                913.480A   40.093    0.0073      He 1                3554.34A   39.757    0.0034      H2+p                      0    39.586    0.0023
Ca A                913.339A   40.042    0.0065      He 1                3530.43A   39.636    0.0025      blends.........................................
Ca A                3970.07A   41.084    0.0712      He 1                3512.47A   39.527    0.0020      Blnd                1304.00A   40.179    0.0089
Ca A                3889.05A   40.906    0.0473      He 1                3498.61A   39.427    0.0016      Blnd                1039.00A   39.757    0.0034
Ca A                3835.38A   40.751    0.0331      He 1                3487.70A   39.334    0.0013      Blnd                2798.00A   40.849    0.0415
Ca A                3797.89A   40.612    0.0241      He 1                3478.94A   39.249    0.0010      Blnd                6720.00A   40.567    0.0217
Ca A                3770.63A   40.487    0.0180      He 1                3439.99A   39.590    0.0023      Blnd                1256.00A   40.115    0.0077
Ca A                3750.15A   40.374    0.0139      He 1                7281.35A   40.023    0.0062      Blnd                1198.00A   40.103    0.0075
Ca A                3734.36A   40.269    0.0109      He 1                6678.15A   40.572    0.0219      Blnd                1720.00A   39.878    0.0044
Ca A                3721.93A   40.173    0.0087      He 1                5047.64A   39.481    0.0018      Blnd                3722.00A   39.347    0.0013
Ca A                3711.97A   40.083    0.0071      He 1                4921.93A   40.159    0.0085      Blnd                1406.00A   40.553    0.0210
Ca A                3703.85A   39.999    0.0059      He 1                4387.93A   39.846    0.0041      Blnd                1199.00A   39.259    0.0011
Ca A                3697.15A   39.920    0.0049      He 1                4143.76A   39.594    0.0023      Blnd                2665.00A   39.644    0.0026
Ca A                3691.55A   39.846    0.0041      He 1                4009.05A   39.573    0.0022      Blnd                1860.00A   40.150    0.0083
Ca A                3686.83A   39.775    0.0035      He 1                3926.41A   39.400    0.0015      Blnd                4725.00A   40.156    0.0084
Ca A                3682.80A   39.709    0.0030      He 1                3871.69A   39.250    0.0010      Blnd                2860.00A   39.587    0.0023
Ca A                3679.35A   39.645    0.0026      He 1                1.25274m   39.337    0.0013      Blnd                2335.00A   39.646    0.0026
Ca A                3676.36A   39.584    0.0023      He 1                9463.57A   39.261    0.0011      Blnd                1888.00A   41.296    0.1161
Ca A                3673.75A   39.526    0.0020      He 1                1.70027m   39.580    0.0022      Blnd                1397.00A   41.199    0.0929
Ca A                3671.47A   39.471    0.0017      He 1                1.19692m   39.425    0.0016      Blnd                2424.00A   40.549    0.0208
Ca A                9545.93A   40.503    0.0187      He 1                9515.06A   39.322    0.0012      Blnd                895.000A   39.561    0.0021
Ca A                9228.97A   40.346    0.0130      He 1                1.86854m   40.160    0.0085      Blnd                774.000A   40.225    0.0099
Ca A                9014.87A   40.207    0.0095      He 1                1.27849m   39.831    0.0040      Blnd                2326.00A   40.034    0.0063
Ca A                8862.74A   40.082    0.0071      He 1                1.09130m   39.568    0.0022      Blnd                1335.00A   40.375    0.0139
Ca A                8750.43A   39.968    0.0055      He 1                1.00275m   39.393    0.0015      Blnd                977.000A   41.693    0.2900
Ca A                8664.98A   39.863    0.0043      He 1                1.86972m   39.683    0.0028      Blnd                1909.00A   41.815    0.3836
Ca A                8598.35A   39.766    0.0034      He 1                1.27905m   39.354    0.0013      Blnd                1176.00A   39.935    0.0051
Ca A                8545.34A   39.676    0.0028      He 1                4.04791m   39.441    0.0016      Blnd                1549.00A   42.251    1.0463
Ca A                8502.44A   39.592    0.0023      He 1                343.773A   40.114    0.0076      Blnd                5199.00A   39.932    0.0050
Ca A                8467.21A   39.513    0.0019      Ca B                2945.10A   40.515    0.0192      Blnd                1085.00A   39.788    0.0036
Ca A                8437.91A   39.438    0.0016      Ca B                3187.74A   40.829    0.0397      Blnd                1750.00A   40.764    0.0341
Ca A                8413.28A   39.368    0.0014      Ca B                3613.64A   39.896    0.0046      Blnd                990.000A   40.718    0.0307
Ca A                8392.35A   39.301    0.0012      Ca B                3888.63A   41.214    0.0962      N 3R                990.000A   39.304    0.0012
Ca A                8374.43A   39.237    0.0010      Ca B                3964.73A   40.203    0.0094      Blnd                765.000A   41.128    0.0789
Ca A                1.81740m   40.041    0.0065      Ca B                4026.20A   40.448    0.0165      Blnd                1486.00A   41.288    0.1139
Ca A                1.73620m   39.902    0.0047      Ca B                4120.82A   39.570    0.0022      Blnd                1240.00A   41.163    0.0856
Ca A                1.68064m   39.776    0.0035      Ca B                4387.93A   39.866    0.0043      Blnd                6300.00A   40.062    0.0068
Ca A                1.64071m   39.662    0.0027      Ca B                4471.49A   40.758    0.0337      Blnd                3726.00A   40.029    0.0063
Ca A                1.61092m   39.557    0.0021      Ca B                4713.03A   39.969    0.0055      Blnd                3729.00A   40.201    0.0093
Ca A                1.58804m   39.459    0.0017      Ca B                4921.93A   40.184    0.0090      Blnd                833.000A   39.884    0.0045
Ca A                1.57006m   39.369    0.0014      Ca B                5015.68A   40.594    0.0231      Blnd                3727.00A   40.432    0.0159
Ca A                1.55563m   39.285    0.0011      Ca B                5047.64A   39.524    0.0020      Blnd                1666.00A   41.468    0.1727
Ca A                3.03835m   39.655    0.0027      Ca B                5875.64A   41.168    0.0864      Blnd                5007.00A   42.270    1.0940
Ca A                2.87219m   39.529    0.0020      Ca B                6678.15A   40.616    0.0243      Blnd                4363.00A   40.821    0.0389
Ca A                2.75749m   39.415    0.0015      Ca B                7065.22A   40.593    0.0230      Blnd                835.000A   41.425    0.1564
Ca A                2.67438m   39.310    0.0012      Ca B                7281.35A   40.064    0.0068      Blnd                1402.00A   41.102    0.0743
Ca A                12.3684m   39.884    0.0045      Ca B                9463.57A   39.257    0.0011      Blnd                789.000A   41.214    0.0962
Ca A                7.50038m   39.734    0.0032      Ca B                1.08303m   41.495    0.1838      O 4R                789.000A   39.457    0.0017
Ca A                5.90655m   39.584    0.0023      Ca B                1.19692m   39.452    0.0017      Blnd                630.000A   40.955    0.0529
Ca A                5.12722m   39.447    0.0016      Ca B                1.25274m   39.335    0.0013      Blnd                1218.00A   41.322    0.1234
Ca A                4.67119m   39.321    0.0012      Ca B                1.27849m   39.882    0.0045      Blnd                1035.00A   41.545    0.2063
Ca A                19.0565m   39.517    0.0019      Ca B                1.27905m   39.406    0.0015

                                                    Emergent line intensities
 Caution: emergent intensities are not reliable on the first iteration.
general properties.............................      He 1                505.916A   39.634    0.0025      Fe 4                6739.82A   39.446    0.0016
continua.......................................      He 1                505.687A   39.608    0.0024      Fe 4                4906.56A   39.509    0.0019
FIR                 83.0000m   43.135    8.0137      He 1                505.502A   39.583    0.0022      Fe 5                4227.19A   39.822    0.0039
TIR                 1800.00m   40.373    0.0139      He 1                505.352A   39.557    0.0021      Fe 6                19.5527m   39.393    0.0015
NIRa                2.85000m   44.273  110.0370      He 1                505.227A   39.532    0.0020      Fe 6                14.7670m   39.246    0.0010
NIRb                3.00000m   43.873   43.9045      He 1                505.122A   39.507    0.0019      Fe 6                4972.48A   39.523    0.0020
MIRa                15.0000m   43.914   48.2516      He 1                505.033A   39.483    0.0018      Fe 6                5145.76A   39.539    0.0020
MIRb                22.5000m   43.989   57.3312      He 1                504.958A   39.385    0.0014      Fe 6                5176.05A   39.547    0.0021
NMIR                21.7500m   44.273  110.0370      He 1                504.893A   39.382    0.0014      Fe 8                168.930A   39.264    0.0011
TFIR                611.250m   41.149    0.0827      He 1                504.836A   39.382    0.0014      Mg 2                2802.71A   40.424    0.0156
TALL                10000.0A   44.725  312.0841      He 1                504.787A   39.345    0.0013      Mg 2                2795.53A   40.645    0.0259
F12                 12.0000m   43.473   17.4409      He 1                504.744A   39.364    0.0014      Mg 5                5.60700m   39.407    0.0015
F25                 25.0000m   43.256   10.5982      He 1                504.706A   39.416    0.0015      Mg 5                2782.76A   39.847    0.0041
F60                 60.0000m   43.087    7.1752      He 1                504.672A   40.228    0.0099      Mg 5                2928.09A   39.282    0.0011
F100                100.000m   42.000    0.5871      He 1                1.08303m   41.456    0.1679      Mg 6                1806.00A   39.769    0.0035
MIPS                24.0000m   42.962    5.3792      He 1                3888.63A   41.212    0.0957      Mg 6                1806.43A   39.873    0.0044
MIPS                70.0000m   42.517    1.9332      He 1                3187.74A   40.831    0.0398      Mg 6                403.308A   39.552    0.0021
MIPS                160.000m   40.853    0.0419      He 1                2945.10A   40.518    0.0194      Mg 6                400.663A   39.490    0.0018
IRAC                3.60000m   43.081    7.0857      He 1                2829.08A   40.263    0.0108      Mg 6                399.282A   39.372    0.0014
IRAC                4.50000m   43.117    7.6871      He 1                2760.44A   39.584    0.0023      Mg 7                9.00655m   39.541    0.0020
IRAC                5.80000m   43.149    8.2892      He 1                2721.00A   39.425    0.0016      Mg 7                5.50177m   39.438    0.0016
IRAC                8.00000m   43.304   11.8219      He 1                2694.61A   39.283    0.0011      Mg 7                2628.89A   39.512    0.0019
SPR1                250.000m   40.155    0.0084      He 1                2.05813m   40.259    0.0107      Mg 7                431.194A   39.368    0.0014
SPR2                350.000m   40.037    0.0064      He 1                5015.68A   40.563    0.0215      Mg 8                430.455A   39.306    0.0012
SPR3                500.000m   39.981    0.0056      He 1                3964.73A   40.180    0.0089      Mg 9                368.071A   39.477    0.0018
PAC1                70.0000m   42.574    2.2055      He 1                3613.64A   39.872    0.0044      N  2                6548.05A   39.268    0.0011
PAC2                100.000m   41.959    0.5345      He 1                3447.59A   39.617    0.0024      N  2                6583.45A   39.738    0.0032
PAC3                160.000m   40.928    0.0498      He 1                7065.22A   40.560    0.0213      N  2                1084.56A   39.606    0.0024
PAH                 3.30000m   42.225    0.9870      He 1                5875.64A   41.124    0.0782      N  2                916.020A   39.285    0.0011
PAHC                3.23000m   41.933    0.5035      He 1                4713.03A   39.929    0.0050      N  2                916.710A   39.510    0.0019
PAHC                3.37000m   41.916    0.4847      He 1                4471.49A   40.731    0.0316      N  3                57.3238m   40.108    0.0075
PAH                 6.20000m   42.666    2.7200      He 1                4120.82A   39.528    0.0020      N  3                1748.65A   39.852    0.0042
PAHC                5.65000m   42.703    2.9659      He 1                4026.20A   40.422    0.0155      N  3                1753.99A   39.867    0.0043
PAH                 7.90000m   42.853    4.1864      He 1                3867.48A   39.238    0.0010      N  3                1746.82A   39.441    0.0016
PAHC                6.90000m   42.916    4.8458      He 1                3819.61A   40.168    0.0087      N  3                1752.16A   40.281    0.0112
PAH                 11.3000m   42.264    1.0791      He 1                3704.76A   40.209    0.0095      N  3                1749.67A   40.338    0.0128
PAHC                10.9000m   42.286    1.1349      He 1                3634.08A   40.039    0.0064      N  3                989.799A   40.186    0.0090
PAH                 11.8000m   42.478    1.7672      He 1                3587.16A   39.890    0.0046      N  3                991.511A   40.429    0.0158
PAHC                12.6500m   42.451    1.6601      He 1                3554.34A   39.757    0.0034      N  3                991.577A   39.908    0.0047
PAH                 13.3000m   42.478    1.7646      He 1                3530.43A   39.636    0.0025      N  3                764.351A   39.877    0.0044
PAHC                14.1000m   42.447    1.6442      He 1                3512.47A   39.527    0.0020      N  3                685.515A   39.488    0.0018
Bcon                3640.00A   44.415  152.6594      He 1                3498.61A   39.427    0.0016      N  3                686.336A   39.987    0.0057
Pcon                5000.00A   43.777   35.1840      He 1                3487.70A   39.334    0.0013      N  3                685.817A   39.943    0.0052
O3bn                5007.00A   42.458    1.6878      He 1                3478.94A   39.249    0.0010      N  3                452.227A   39.384    0.0014
SX                  25.0000A   42.132    0.7963      He 1                3439.99A   39.590    0.0023      N  4                1486.50A   40.884    0.0450
HX                  4.70000A   42.775    3.5027      He 1                7281.35A   40.023    0.0062      N  4                1483.32A   41.069    0.0689
RRC............................................      He 1                6678.15A   40.572    0.0219      N  4                765.147A   41.010    0.0601
grains.........................................      He 1                5047.64A   39.481    0.0018      N  4                247.205A   39.383    0.0014
H-like iso-sequence............................      He 1                4921.93A   40.159    0.0085      Ne 4                2421.66A   40.165    0.0086
H  1                1215.67A   43.902   46.8529      He 1                4387.93A   39.846    0.0041      Ne 4                2424.28A   40.317    0.0122
H  1                1025.72A   40.738    0.0322      He 1                4143.76A   39.594    0.0023      Ne 4                1601.45A   39.509    0.0019
H  1                972.537A   40.612    0.0240      He 1                4009.05A   39.573    0.0022      Ne 4                541.126A   39.569    0.0022
H  1                949.743A   40.554    0.0210      He 1                3926.41A   39.400    0.0015      Ne 4                542.076A   39.702    0.0030
H  1                937.804A   40.484    0.0179      He 1                3871.69A   39.250    0.0010      Ne 4                543.886A   39.782    0.0036
H  1                930.748A   40.455    0.0168      He 1                1.25274m   39.337    0.0013      Ne 5                24.2065m   40.053    0.0066
H  1                926.226A   40.428    0.0158      He 1                9463.57A   39.261    0.0011      Ne 5                14.3228m   39.998    0.0058
H  1                923.150A   40.408    0.0150      He 1                1.70027m   39.580    0.0022      Ne 5                3345.99A   40.051    0.0066
H  1                920.963A   40.392    0.0145      He 1                1.19692m   39.425    0.0016      Ne 5                3426.03A   40.499    0.0185
H  1                919.351A   40.120    0.0078      He 1                9515.06A   39.322    0.0012      Ne 5                1574.76A   39.408    0.0015
H  1                918.129A   40.109    0.0075      He 1                1.86854m   40.160    0.0085      Ne 5                1136.51A   39.495    0.0018
H  1                917.181A   40.097    0.0073      He 1                1.27849m   39.831    0.0040      Ne 5                1145.60A   39.948    0.0052
H  1                916.429A   40.087    0.0072      He 1                1.09130m   39.568    0.0022      Ne 5                568.422A   39.283    0.0011
H  1                915.824A   40.076    0.0070      He 1                1.00275m   39.393    0.0015      Ne 5                569.759A   39.968    0.0055
H  1                915.329A   40.066    0.0068      He 1                1.86972m   39.683    0.0028      Ne 5                481.363A   39.414    0.0015
H  1                914.919A   40.056    0.0067      He 1                1.27905m   39.354    0.0013      Ne 5                482.985A   39.602    0.0024
H  1                914.576A   40.045    0.0065      He 1                4.04791m   39.441    0.0016      Ne 5                359.375A   39.427    0.0016
H  1                914.286A   40.036    0.0064      He 1                343.773A   40.083    0.0071      Ne 6                7.64318m   40.263    0.0108
H  1                914.039A   40.029    0.0063      C  5                40.2678A   39.378    0.0014      Ne 6                997.031A   39.253    0.0011
H  1                913.826A   40.024    0.0062      C  5                41.4721A   39.533    0.0020      Ne 6                558.685A   39.647    0.0026
H  1                913.641A   40.023    0.0062      extra Lyman....................................      Ne 6                1005.69A   39.657    0.0027
H  1                913.480A   40.032    0.0063      database lines.................................      Ne 6                999.183A   39.641    0.0026
H  1                913.339A   40.078    0.0070      Al 3                1854.72A   39.913    0.0048      Ne 6                562.798A   39.898    0.0046
H  1                913.215A   40.814    0.0383      Al 3                1862.79A   39.773    0.0035      Ne 6                435.641A   39.639    0.0026
H  1                6562.81A   42.691    2.8827      Ar 1                1048.22A   39.484    0.0018      Ne 6                403.270A   39.665    0.0027
H  1                4861.33A   42.231    1.0000      Ar 1                1066.66A   39.362    0.0014      Ne 6                401.928A   39.680    0.0028
H  1                4340.46A   41.904    0.4712      Ar 2                6.98337m   39.235    0.0010      Ne 7                887.279A   39.268    0.0011
H  1                4101.73A   41.601    0.2346      Ar 3                7135.79A   39.446    0.0016      Ne 7                465.220A   39.966    0.0054
H  1                3970.07A   41.389    0.1438      Ar 4                2853.66A   39.427    0.0016      Ne 8                780.325A   39.837    0.0040
H  1                3889.05A   41.207    0.0947      Ar 4                4711.26A   39.911    0.0048      Ne 8                770.410A   39.979    0.0056
H  1                3835.38A   41.050    0.0659      Ar 4                4740.12A   39.792    0.0036      Ni 2                1.19102m   39.507    0.0019
H  1                3797.89A   40.911    0.0479      Ar 5                822.174A   39.239    0.0010      O  4                25.8832m   40.563    0.0215
H  1                3770.63A   40.814    0.0383      Ar 5                827.366A   39.679    0.0028      O  4                1399.77A   40.216    0.0097
H  1                3750.15A   40.707    0.0299      Ar 5                13.0985m   39.282    0.0011      O  4                1407.38A   40.206    0.0094
H  1                3734.36A   40.609    0.0239      Ar 6                754.930A   39.392    0.0014      O  4                1397.20A   39.765    0.0034
H  1                3721.93A   40.519    0.0194      Ar 6                4.52800m   39.277    0.0011      O  4                1404.78A   40.651    0.0263
H  1                3711.97A   40.437    0.0161      C  2                687.053A   39.302    0.0012      O  4                1401.16A   40.638    0.0255
H  1                3703.85A   40.361    0.0135      C  2                903.962A   39.263    0.0011      O  4                787.710A   40.008    0.0060
H  1                3697.15A   40.291    0.0115      C  2                904.142A   39.402    0.0015      O  4                790.114A   40.942    0.0515
H  1                3691.55A   40.226    0.0099      C  2                904.480A   39.342    0.0013      O  4                790.201A   40.423    0.0156
H  1                3686.83A   40.167    0.0086      C  2                1037.02A   40.353    0.0132      O  4                609.830A   40.370    0.0138
H  1                3682.80A   40.114    0.0076      C  2                1334.53A   39.848    0.0041      O  4                554.076A   39.398    0.0015
H  1                3679.35A   40.068    0.0069      C  2                1335.66A   40.085    0.0071      O  4                555.264A   40.494    0.0183
H  1                3676.36A   40.032    0.0063      C  2                1335.71A   39.510    0.0019      O  4                554.514A   40.313    0.0121
H  1                3673.75A   40.014    0.0061      C  2                2325.40A   39.479    0.0018      O  6                1037.62A   41.086    0.0716
H  1                3671.47A   40.039    0.0064      C  2                2326.93A   39.603    0.0024      O  6                1031.91A   41.360    0.1346
H  1                3669.46A   40.751    0.0331      C  2                157.636m   40.751    0.0331      O  6                150.125A   39.287    0.0011
H  1                1.87510m   41.612    0.2407      C  3                1908.73A   41.407    0.1498      O  6                150.090A   39.366    0.0014
H  1                1.28180m   41.336    0.1273      C  3                1906.68A   41.599    0.2334      S  4                10.5076m   40.944    0.0516
H  1                1.09380m   41.062    0.0678      C  3                977.020A   41.693    0.2895      S  4                1404.81A   39.645    0.0026
H  1                1.00493m   40.857    0.0423      C  3                386.203A   39.467    0.0017      S  4                1423.84A   39.509    0.0019
H  1                9545.93A   40.679    0.0281      C  3                1175.59A   39.346    0.0013      S  4                1416.89A   40.104    0.0075
H  1                9228.97A   40.524    0.0196      C  3                1176.37A   39.567    0.0022      S  4                1406.02A   40.169    0.0087
H  1                9014.87A   40.386    0.0143      C  3                2296.87A   39.574    0.0022      S  4                1062.66A   40.052    0.0066
H  1                8862.74A   40.298    0.0117      Ca 4                669.696A   39.236    0.0010      S  4                1073.52A   39.878    0.0044
H  1                8750.43A   40.192    0.0091      Ca 4                3.20610m   39.511    0.0019      S  4                1072.97A   40.037    0.0064
H  1                8664.98A   40.094    0.0073      Ca 6                629.602A   39.248    0.0010      S  4                815.941A   39.641    0.0026
H  1                8598.35A   40.005    0.0059      Ca 6                633.844A   39.463    0.0017      S  4                748.393A   39.272    0.0011
H  1                8545.34A   39.923    0.0049      Ca 6                641.904A   39.565    0.0022      S  4                753.760A   39.816    0.0038
H  1                8502.44A   39.847    0.0041      Cr 5                594.921A   39.437    0.0016      S  4                750.221A   39.787    0.0036
H  1                8467.21A   39.777    0.0035      Fe 2                25.9811m   40.119    0.0077      S  4                657.319A   39.451    0.0017
H  1                8437.91A   39.712    0.0030      Fe 2                5.33881m   40.636    0.0254      S  4                661.455A   39.793    0.0037
H  1                8413.28A   39.653    0.0026      Fe 2                1.25668m   40.495    0.0183      S  4                554.027A   39.374    0.0014
H  1                8392.35A   39.600    0.0023      Fe 2                2599.40A   39.284    0.0011      S  5                786.470A   40.019    0.0061
H  1                8374.43A   39.554    0.0021      Fe 2                2382.04A   39.891    0.0046      S  6                944.524A   39.878    0.0044
H  1                8358.96A   39.519    0.0019      Fe 2                35.3394m   39.466    0.0017      S  6                933.380A   40.078    0.0070
H  1                8345.51A   39.500    0.0019      Fe 2                1.32055m   39.917    0.0049      Si 6                1.96247m   39.508    0.0019
H  1                8333.74A   39.526    0.0020      Fe 2                2625.67A   39.935    0.0051      Si 8                1440.51A   39.317    0.0012
H  1                8323.38A   40.238    0.0102      Fe 2                2611.87A   39.560    0.0021      Si 8                319.840A   39.438    0.0016
H  1                4.05113m   40.922    0.0491      Fe 2                2395.63A   39.628    0.0025      Si 8                316.218A   39.370    0.0014
H  1                2.62513m   40.694    0.0290      Fe 2                2364.83A   39.562    0.0021      level 1 lines..................................
H  1                2.16551m   40.497    0.0185      Fe 2                1.37182m   39.693    0.0029      recombination..................................
H  1                1.94454m   40.323    0.0124      Fe 2                2631.32A   39.245    0.0010      level2 lines...................................
H  1                1.81740m   40.170    0.0087      Fe 2                2380.76A   39.285    0.0011      C  3                271.090A   39.253    0.0011
H  1                1.73620m   40.033    0.0063      Fe 2                17.9314m   39.601    0.0023      N  1                942.258A   39.772    0.0035
H  1                1.68064m   39.929    0.0050      Fe 2                1.64355m   40.422    0.0155      N  3                293.510A   39.338    0.0013
H  1                1.64071m   39.823    0.0039      Fe 2                8616.95A   39.337    0.0013      O  1                976.791A   39.916    0.0048
H  1                1.61092m   39.726    0.0031      Fe 2                2493.29A   39.538    0.0020      O  1                969.049A   39.804    0.0037
H  1                1.58804m   39.637    0.0025      Fe 2                1.80939m   39.719    0.0031      O  1                946.387A   39.747    0.0033
H  1                1.57006m   39.555    0.0021      Fe 2                2755.74A   39.254    0.0011      O  1                934.501A   39.723    0.0031
H  1                1.55563m   39.479    0.0018      Fe 7                9.50763m   39.745    0.0033      O  1                973.577A   39.732    0.0032
H  1                1.54388m   39.410    0.0015      Fe 7                5720.71A   39.726    0.0031      O  1                927.472A   39.695    0.0029
H  1                1.53417m   39.345    0.0013      Fe 7                4988.55A   39.535    0.0020      O  1                948.506A   39.678    0.0028
H  1                1.52604m   39.286    0.0011      Fe 7                4893.37A   39.287    0.0011      O  1                922.969A   39.647    0.0026
H  1                1.51917m   39.233    0.0010      Fe 7                7.81037m   39.233    0.0010      O  1                919.912A   39.647    0.0026
H  1                1.49672m   39.871    0.0044      Fe 7                6086.97A   39.901    0.0047      O  1                935.672A   39.647    0.0026
H  1                7.45777m   40.377    0.0140      Fe 7                5158.89A   39.421    0.0015      O  1                917.726A   39.625    0.0025
H  1                4.65247m   40.210    0.0095      Fe 7                3586.32A   39.762    0.0034      O  1                918.704A   39.613    0.0024
H  1                3.73951m   40.044    0.0065      Fe 7                3758.92A   39.915    0.0048      O  1                928.186A   39.609    0.0024
H  1                3.29607m   39.894    0.0046      Fe 9                171.073A   39.420    0.0015      O  1                917.473A   39.591    0.0023
H  1                3.03835m   39.758    0.0034      Mg 1                2852.13A   39.495    0.0018      O  1                923.438A   39.566    0.0022
H  1                2.87219m   39.640    0.0026      Mg 3                231.734A   39.278    0.0011      O  1                920.243A   39.540    0.0020
H  1                2.75749m   39.535    0.0020      Mn 2                2576.10A   39.364    0.0014      O  1                917.970A   39.469    0.0017
H  1                2.67438m   39.438    0.0016      Mn 2                2593.72A   39.341    0.0013      O  2                425.190A   39.252    0.0011
H  1                2.61191m   39.350    0.0013      Mn 2                2605.68A   39.311    0.0012      O  3                305.400A   39.823    0.0039
H  1                2.56361m   39.268    0.0011      N  1                953.415A   39.415    0.0015      O  3                268.070A   39.631    0.0025
H  1                2.37371m   39.585    0.0023      N  1                953.655A   39.409    0.0015      O  3                263.850A   39.617    0.0024
H  1                12.3684m   39.939    0.0051      N  1                953.970A   39.344    0.0013      O  3                373.640A   39.768    0.0034
H  1                7.50038m   39.803    0.0037      N  1                1134.17A   39.772    0.0035      O  3                265.020A   39.601    0.0023
H  1                5.90655m   39.662    0.0027      N  1                1134.41A   39.813    0.0038      O  3                248.730A   39.571    0.0022
H  1                5.12722m   39.530    0.0020      N  1                1134.98A   39.832    0.0040      O  3                241.200A   39.527    0.0020
H  1                4.67119m   39.402    0.0015      N  1                1168.54A   39.429    0.0016      O  3                248.620A   39.502    0.0019
H  1                4.37522m   39.297    0.0012      N  1                1199.55A   40.378    0.0140      O  3                236.890A   39.483    0.0018
H  1                3.48198m   39.350    0.0013      N  1                1200.22A   40.362    0.0135      O  3                234.190A   39.439    0.0016
H  1                19.0565m   39.564    0.0022      N  1                1200.71A   40.255    0.0106      O  3                276.900A   39.490    0.0018
H  1                11.3055m   39.452    0.0017      N  1                5197.90A   39.589    0.0023      O  3                241.140A   39.443    0.0016
H  1                8.75760m   39.329    0.0013      N  1                5200.26A   39.668    0.0027      O  3                280.450A   39.472    0.0017
H  1                27.7955m   39.236    0.0010      N  5                1238.82A   40.969    0.0548      O  3                263.230A   39.450    0.0017
He 2                303.784A   43.082    7.1026      N  5                1242.80A   40.720    0.0308      O  3                232.380A   39.409    0.0015
He 2                256.317A   40.003    0.0059      Ne 2                12.8101m   40.457    0.0168      O  3                236.860A   39.380    0.0014
He 2                243.027A   39.894    0.0046      Ne 3                15.5509m   40.385    0.0143      O  3                231.110A   39.369    0.0014
He 2                237.331A   39.842    0.0041      Ne 3                3868.76A   41.020    0.0615      O  3                255.390A   39.386    0.0014
He 2                234.347A   39.808    0.0038      Ne 3                489.500A   39.326    0.0012      O  3                232.350A   39.332    0.0013
He 2                232.584A   39.780    0.0035      Ne 3                36.0036m   39.334    0.0013      O  3                234.180A   39.289    0.0011
He 2                231.454A   39.761    0.0034      Ne 3                3967.47A   40.502    0.0187      O  3                244.650A   39.243    0.0010
He 2                230.686A   39.742    0.0032      Ne 3                1814.56A   39.652    0.0026      O  4                239.130A   39.682    0.0028
He 2                230.139A   39.724    0.0031      Ne 3                491.045A   39.596    0.0023      O  4                280.550A   39.489    0.0018
He 2                229.736A   39.553    0.0021      Ne 3                490.311A   39.326    0.0012      Ne 3                250.920A   39.474    0.0018
He 2                229.431A   39.545    0.0021      O  1                1040.94A   39.539    0.0020      Ne 3                281.580A   39.425    0.0016
He 2                229.194A   39.537    0.0020      O  1                1304.86A   40.008    0.0060      Ne 3                265.510A   39.351    0.0013
He 2                229.006A   39.529    0.0020      O  1                1306.03A   39.530    0.0020      Ne 5                143.350A   39.259    0.0011
He 2                228.855A   39.522    0.0020      O  1                6300.30A   39.941    0.0051      Ne 6                122.920A   39.344    0.0013
He 2                228.731A   39.516    0.0019      O  1                6363.78A   39.445    0.0016      Mg 2                959.306A   39.346    0.0013
He 2                228.629A   39.509    0.0019      O  1                63.1679m   40.765    0.0342      Si 2                1179.59A   40.517    0.0193
He 2                228.543A   39.504    0.0019      O  1                145.495m   39.740    0.0032      Si 2                993.354A   39.843    0.0041
He 2                228.471A   39.499    0.0019      O  2                834.465A   39.342    0.0013      Si 2                1024.03A   39.632    0.0025
He 2                228.409A   39.497    0.0018      O  2                3728.81A   40.201    0.0093      S  3                667.049A   40.004    0.0059
He 2                228.356A   39.499    0.0019      O  2                3726.03A   40.029    0.0063      S  3                691.219A   39.679    0.0028
He 2                228.309A   39.508    0.0019      O  3                88.3323m   41.064    0.0681      S  3                704.220A   39.678    0.0028
He 2                228.269A   39.533    0.0020      O  3                51.8004m   40.866    0.0431      S  3                671.510A   39.246    0.0010
He 2                228.234A   39.603    0.0024      O  3                4958.91A   41.670    0.2746      Ar 1                918.493A   39.370    0.0014
He 2                228.203A   40.383    0.0142      O  3                5006.84A   42.144    0.8194      Ar 4                444.680A   39.675    0.0028
He 2                1640.43A   42.130    0.7929      O  3                2320.95A   40.221    0.0098      Ar 5                441.850A   39.516    0.0019
He 2                1215.13A   41.685    0.2844      O  3                4363.21A   40.820    0.0389      Ar 5                455.901A   39.376    0.0014
He 2                1084.94A   41.360    0.1345      O  3                1660.81A   40.874    0.0440      Ca 3                351.260A   39.298    0.0012
He 2                1025.27A   41.104    0.0747      O  3                1666.15A   41.341    0.1287      Ca 4                310.370A   39.251    0.0010
He 2                992.360A   40.894    0.0460      O  3                835.289A   40.197    0.0093      Ca 4                307.850A   39.233    0.0010
He 2                972.108A   40.716    0.0305      O  3                833.749A   40.117    0.0077      Ca 4                323.400A   39.248    0.0010
He 2                958.694A   40.561    0.0214      O  3                835.092A   39.633    0.0025      Ca 5                314.530A   39.303    0.0012
He 2                949.324A   40.424    0.0156      O  3                832.929A   39.665    0.0027      Ca 6                330.390A   39.437    0.0016
He 2                942.508A   40.409    0.0151      O  3                833.715A   41.122    0.0778      Ca 7                338.000A   39.339    0.0013
He 2                937.389A   40.305    0.0119      O  3                835.059A   39.925    0.0049      Fe 4                309.190A   39.333    0.0013
He 2                933.444A   40.209    0.0095      O  3                703.854A   39.349    0.0013      Fe 4                532.950A   39.552    0.0021
He 2                930.337A   40.122    0.0078      O  3                702.896A   40.417    0.0153      P  2                967.202A   39.531    0.0020
He 2                927.846A   40.041    0.0065      O  3                703.851A   40.637    0.0255      P  2                963.828A   39.632    0.0025
He 2                925.817A   39.966    0.0054      O  3                507.680A   39.898    0.0046      Ti 2                3364.74A   39.273    0.0011
He 2                924.142A   39.897    0.0046      O  3                508.178A   40.141    0.0081      Ti 2                3237.15A   39.246    0.0010
He 2                922.743A   39.834    0.0040      O  5                1218.34A   40.925    0.0494      Ti 2                1907.36A   39.279    0.0011
He 2                921.562A   39.775    0.0035      O  5                1213.81A   41.100    0.0740      Cr 2                2059.78A   39.466    0.0017
He 2                920.556A   39.724    0.0031      O  5                629.732A   40.907    0.0475      Mn 2                1198.85A   39.609    0.0024
He 2                919.693A   39.679    0.0028      P  4                950.657A   39.503    0.0019      Co 2                1575.91A   39.239    0.0010
He 2                918.945A   39.646    0.0026      S  2                6730.82A   40.177    0.0088      Co 2                1470.18A   39.255    0.0011
He 2                918.295A   39.632    0.0025      S  2                6716.44A   40.339    0.0128      Ni 2                1751.83A   39.491    0.0018
He 2                917.724A   39.665    0.0027      S  2                1259.52A   39.657    0.0027      Ni 2                1744.24A   39.532    0.0020
He 2                917.221A   40.401    0.0148      S  2                1253.81A   39.648    0.0026      Ni 2                1484.97A   39.395    0.0015
He 2                4685.64A   41.161    0.0851      S  2                1250.58A   39.608    0.0024      Ni 2                1472.74A   39.459    0.0017
He 2                3203.04A   40.870    0.0436      S  3                33.4704m   40.270    0.0109      Ni 2                1400.37A   39.484    0.0018
He 2                2733.24A   40.623    0.0246      S  3                18.7078m   40.094    0.0073      Ni 2                1375.73A   39.549    0.0021
He 2                2511.15A   40.415    0.0153      S  3                9068.62A   40.229    0.0099      Ni 2                1324.11A   39.519    0.0019
He 2                2385.35A   40.237    0.0102      S  3                9530.62A   40.629    0.0250      hyperfine structure............................
He 2                2306.15A   40.082    0.0071      S  3                3721.63A   39.342    0.0013      inner shell....................................
He 2                2252.64A   39.945    0.0052      S  3                6312.06A   39.615    0.0024      molecules......................................
He 2                2214.62A   39.894    0.0046      S  3                1713.11A   39.295    0.0012      blends.........................................
He 2                2186.56A   39.790    0.0036      S  3                1728.94A   39.747    0.0033      Blnd                1304.00A   40.179    0.0089
He 2                2165.20A   39.695    0.0029      S  3                1190.20A   39.488    0.0018      Blnd                1039.00A   39.757    0.0034
He 2                2148.55A   39.607    0.0024      S  3                1194.45A   39.719    0.0031      Blnd                2798.00A   40.849    0.0415
He 2                2135.31A   39.527    0.0020      S  3                1194.06A   39.266    0.0011      Blnd                6720.00A   40.567    0.0217
He 2                2124.58A   39.452    0.0017      S  3                1200.97A   39.251    0.0010      Blnd                1256.00A   40.115    0.0077
He 2                2115.78A   39.383    0.0014      S  3                1015.57A   39.299    0.0012      Blnd                1198.00A   40.103    0.0075
He 2                2108.46A   39.320    0.0012      S  3                1021.11A   39.502    0.0019      Blnd                1720.00A   39.878    0.0044
He 2                2102.30A   39.262    0.0011      Si 2                34.8046m   40.855    0.0421      Blnd                3722.00A   39.347    0.0013
He 2                2079.84A   39.888    0.0045      Si 2                1808.01A   39.307    0.0012      Blnd                1406.00A   40.553    0.0210
He 2                1.01233m   40.507    0.0189      Si 2                1260.42A   39.577    0.0022      Blnd                1199.00A   39.259    0.0011
He 2                6559.91A   40.290    0.0115      Si 2                1193.29A   39.456    0.0017      Blnd                2665.00A   39.644    0.0026
He 2                5411.37A   40.089    0.0072      Si 2                2344.20A   39.235    0.0010      Blnd                1860.00A   40.150    0.0083
He 2                4859.18A   39.913    0.0048      Si 2                1816.93A   39.418    0.0015      Blnd                4725.00A   40.156    0.0084
He 2                4541.46A   39.758    0.0034      Si 2                1533.43A   40.104    0.0075      Blnd                2860.00A   39.587    0.0023
He 2                4338.55A   39.621    0.0025      Si 2                1309.28A   39.891    0.0046      Blnd                2335.00A   39.646    0.0026
He 2                4199.71A   39.524    0.0020      Si 2                1265.00A   40.405    0.0149      Blnd                1888.00A   41.296    0.1161
He 2                4099.92A   39.421    0.0015      Si 2                1197.39A   40.404    0.0149      Blnd                1397.00A   41.199    0.0929
He 2                4025.48A   39.326    0.0012      Si 2                1194.50A   40.313    0.0121      Blnd                2424.00A   40.549    0.0208
He 2                3968.32A   39.239    0.0010      Si 3                1892.03A   40.891    0.0457      Blnd                895.000A   39.500    0.0019
He 2                3740.11A   39.521    0.0020      Si 3                1882.71A   41.079    0.0705      Blnd                774.000A   40.215    0.0096
He 2                1.86362m   39.988    0.0057      Si 3                1206.50A   41.004    0.0593      Blnd                1335.00A   40.375    0.0139
He 2                1.16260m   39.820    0.0039      Si 4                1393.75A   41.011    0.0602      Blnd                977.000A   41.693    0.2900
He 2                9344.62A   39.653    0.0026      Si 4                1402.77A   40.745    0.0326      Blnd                1909.00A   41.815    0.3836
He 2                8236.51A   39.501    0.0019      Si 7                2146.64A   39.818    0.0039      Blnd                1176.00A   39.935    0.0051
He 2                7592.50A   39.364    0.0014      Si 7                2.48071m   39.624    0.0025      Blnd                1549.00A   42.251    1.0464
He 2                7177.28A   39.235    0.0010      Al 2                2669.15A   39.242    0.0010      Blnd                1085.00A   39.788    0.0036
He 2                5931.63A   39.235    0.0010      Al 2                2660.35A   39.426    0.0016      Blnd                1750.00A   40.764    0.0341
He 2                3.09074m   39.553    0.0021      Al 2                1670.79A   40.176    0.0088      Blnd                990.000A   40.718    0.0307
He 2                1.87427m   39.420    0.0015      Ar 7                585.754A   39.334    0.0013      N 3R                990.000A   39.304    0.0012
He 2                1.47599m   39.278    0.0011      C  4                1550.78A   41.779    0.3531      Blnd                765.000A   41.010    0.0601
He-like iso-sequence...........................      C  4                1548.19A   42.072    0.6929      Blnd                1486.00A   41.288    0.1139
He 1                584.334A   41.204    0.0941      C  4                312.452A   39.615    0.0024      Blnd                1240.00A   41.163    0.0856
He 1                537.030A   40.315    0.0121      C  4                312.421A   39.669    0.0027      Blnd                6300.00A   40.062    0.0068
He 1                522.213A   40.190    0.0091      C  4                244.912A   39.287    0.0011      Blnd                3726.00A   40.029    0.0063
He 1                515.617A   40.116    0.0077      C  4                244.904A   39.433    0.0016      Blnd                3729.00A   40.201    0.0093
He 1                512.099A   40.059    0.0067      Fe 4                3095.77A   40.418    0.0154      Blnd                833.000A   39.672    0.0028
He 1                625.563A   42.644    2.5869      Fe 4                3094.96A   40.642    0.0257      Blnd                5007.00A   42.270    1.0941
He 1                510.018A   39.789    0.0036      Fe 4                3094.53A   40.360    0.0135      Blnd                835.000A   41.253    0.1052
He 1                508.657A   39.761    0.0034      Fe 4                2835.74A   40.792    0.0364      Blnd                789.000A   41.102    0.0744
He 1                507.727A   39.735    0.0032      Fe 4                2829.36A   40.425    0.0156      O 4R                789.000A   39.361    0.0013
He 1                507.065A   39.709    0.0030      Fe 4                2823.50A   40.273    0.0110      Blnd                630.000A   40.908    0.0476
He 1                506.576A   39.685    0.0028      Fe 4                2.83562m   39.467    0.0017      Blnd                1218.00A   41.322    0.1234
He 1                506.204A   39.660    0.0027      Fe 4                2567.61A   39.863    0.0043      Blnd                1035.00A   41.545    0.2063



 CIV QSO  
 Cooling:  HFBc                      0 :0.113 H  1c                     0 :0.506 HFFc                      0 :0.140  
 Heating:  BFH1                      0 :0.562 BFHe                      0 :0.432  

 These are some of the most important databases used by Cloudy:
 Many recombination coefficients were taken from http://amdpp.phys.strath.ac.uk/tamoc/RR/ and http://amdpp.phys.strath.ac.uk/tamoc/DR/
      and are based on the following papers:
        Badnell N. R., et al., A&A 406, 1151 (2003) [http://adsabs.harvard.edu/abs/2003A%26A...406.1151B]
        Badnell N. R., ApJS 167, 334 (2006) [http://adsabs.harvard.edu/abs/2006ApJS..167..334B]
 Much of the molecular emission data is from LAMDA as accessed on June 30, 2015. This database is described in:
        Schoeier F.L., et al., A&A 432, 369 (2005) [http://adsabs.harvard.edu/abs/2005A%26A...432..369S]
      This database is in part based on the work of the following groups:
        JPL: Pickett H. M. et al., JQSRT, 60, 883 (1998). [http://adsabs.harvard.edu/abs/1998JQSRT..60..883P]
        CDMS: Mueller H. S. et al., A&A 370, L49 (2001). [http://adsabs.harvard.edu/abs/2001A%26A...370L..49M]
              Mueller H. S. et al., J. Mol. Struct. 742, 215 (2005). [http://adsabs.harvard.edu/abs/2005JMoSt.742..215M]
 Some of the ionic emission data is from version 7.1.4 of CHIANTI. CHIANTI is a collaborative project involving the NRL (USA), the
      Universities of Florence (Italy) and Cambridge (UK), and George Mason University (USA). These papers describe Chianti:
        Dere K. P., et al., A&AS, 125, 149 (1997) [http://adsabs.harvard.edu/abs/1997A%26AS..125..149D]
        Landi E., et al., ApJ, 744, 99 (2012) [http://adsabs.harvard.edu/abs/2012ApJ...744...99L]
 Much of the H_2 data is from this web site: http://molat.obspm.fr/index.php?page=pages/Molecules/H2/H2can94.php. These data are
      described in:
        Abgrall H. et al., Can. J. Phys., 72, 856 (1994) [http://adsabs.harvard.edu/abs/1994CaJPh..72..856A]
        Wrathmall S. A. & Flower D. R., J. Phys. B, 40, 3221 (2007) [http://adsabs.harvard.edu/abs/2007JPhB...40.3221W]
 The Case A and Case B recombination predictions for one-electron systems are from
	Storey, P.J. & Hummer, D.G., 1995, MNRAS 272, 41 http://adsabs.harvard.edu/abs/1995MNRAS.272...41S
 The He I recombination predictions are from
	Porter, R. L.; Ferland, G. J.; Storey, P. J.; Detisch, M. J., 2012, MNRAS, 425, 28p http://adsabs.harvard.edu/abs/2012MNRAS.425L..28P
		http://adsabs.harvard.edu/abs/2013MNRAS.433L..89P

 If you find some process or data set to be particularly critical to a result, please follow the trail of references back to the
 original source and cite that.  This will support and encourage atomic, molecular, and chemical physicists to continue their
 valuable work.

 IONIZE PARMET:  U(1-)  0.4745  U(4-): -0.5483  U(sp): -1.11  Q(ion):   51.310  L(ion) 43.255    Q(low): 57.148    L(low) 44.709
 ENERGY BUDGET:  Heat:  43.847  Coolg:  43.847  Error:  0.0%  Rec Lin:  43.609  F-F  H  0.000    P(rad/tot)max     1.21E-01    R(F Con):1.737e+05

     Col(Heff):      5.031E+21  snd travl time  4.13E+17 sec  Te-low: 5.48E+03  Te-hi: 7.52E+04  G0TH85: 4.23E+02  G0DB96:4.11E+02
  Emiss Measure    n(e)n(p) dl       2.482E+21  n(e)n(He+)dl         9.943E+19  En(e)n(He++) dl         1.490E+20  ne nC+:1.63E+14
 He/Ha:6.44E-02  =   0.64*true  Lthin:2.21E+08  itr/zn: 5.14  H2 itr/zn:  0.00  File Opacity: F  MassTot 1.76e+46  (gm)
   Temps(21 cm)   T(21cm/Ly a)  3.01E+03        T(<nH/Tkin>)  7.28E+03          T(<nH/Tspin>)    3.22E+03          TB21cm:5.48E+02
                   N(H0/Tspin)  6.56E+18        N(OH/Tkin)    7.91E+04          B(21cm)          0.00E+00
   <a>:6.61E-11  erdeFe6.2E+24  Tcompt5.36E+11  Tthr6.47E+16  <Tden>: 1.79E+04  <dens>:2.39E-25  <MolWgt>1.05E+00
     Mean Jeans  l(cm)2.73E+22  M(sun)3.95E+08  smallest:     len(cm):8.41E+21  M(sun):5.81E+07  a_ox tran: -1.55
 Rion:5.398E+22  Dist:0.00E+00  Diam:0.000E+00
 Hatom level 70  HatomType: add  HInducImp  F  He tot level: 63  He2 level:   70  ExecTime   163.9
 ConvrgError(%)  <eden>  0.029  MaxEden  0.278  <H-C>   0.09  Max(H-C)    0.49  <Press>   0.000  MaxPrs er  0.000
  Continuity(%)  chng Te   2.9  elec den   7.3  n(H2)    0.0  n(CO)        0.0

                                                        Averaged Quantities
             Te      Te(Ne)   Te(NeNp)  Te(NeHe+)Te(NeHe2+) Te(NeO+)  Te(NeO2+)  Te(H2)     N(H)     Ne(O2+)   Ne(Np)
 Radius:  1.21e+04  3.91e+04  4.15e+04  2.68e+04  5.13e+04  1.60e+04  2.81e+04  7.02e+03  1.02e-01  2.10e-01  2.30e-01
   Area:  7.35e+03  2.93e+04  3.35e+04  2.55e+04  4.78e+04  1.51e+04  2.65e+04  6.73e+03  7.00e-02  2.07e-01  1.92e-01
 Volume:  6.50e+03  2.01e+04  2.87e+04  2.43e+04  4.62e+04  1.41e+04  2.51e+04  6.51e+03  5.67e-02  2.05e-01  1.28e-01
 
 Peimbert T(OIIIr)2.07E+04 T(Bac)3.73E+04 T(Hth)0.00E+00 t2(Hstrc) 1.44e-01 T(O3-BAC)0.00E+00 t2(O3-BC) 0.00e+00 t2(O3str) 8.48e-02

 Contin Optical Depths: COMP: 8.25e-03    H-: 6.84e-04 R(1300): 1.42e-01  H2+: 4.46e-05  Bra:4.13E-03
                          Pa: 4.13e-03    Ba: 4.46e-03      Hb: 4.39e-03   La: 1.75e+02     1r:5.011E+07  1.8:1.18E+07 4.:1.719E+06

 Old, new H  1 continuum optical depths:
     1 1.00e+08     2 0.00e+00     3 0.00e+00     4 0.00e+00     5 0.00e+00     6 0.00e+00     7 0.00e+00     8 0.00e+00
     9 0.00e+00    10 0.00e+00    11 0.00e+00    12 0.00e+00    13 0.00e+00    14 0.00e+00    15 0.00e+00    16 0.00e+00
    17 0.00e+00    18 0.00e+00    19 0.00e+00    20 0.00e+00    21 0.00e+00    22 0.00e+00    23 0.00e+00    24 0.00e+00
    25 0.00e+00    26 0.00e+00    27 0.00e+00    28 0.00e+00    29 0.00e+00    30 0.00e+00    31 0.00e+00    32 0.00e+00
    33 0.00e+00    34 0.00e+00    35 0.00e+00    36 0.00e+00    37 0.00e+00    38 0.00e+00    39 0.00e+00    40 0.00e+00
    41 0.00e+00    42 0.00e+00    43 0.00e+00    44 0.00e+00    45 0.00e+00    46 0.00e+00    47 0.00e+00    48 0.00e+00
    49 0.00e+00    50 0.00e+00    51 0.00e+00    52 0.00e+00    53 0.00e+00    54 0.00e+00
     1 5.01e+07     2 1.81e-04     3 3.54e-04     4 3.54e-04     5 3.54e-04     6 8.90e-05     7 8.90e-05     8 8.90e-05
     9 8.90e-05    10 7.56e-16    11 7.56e-16    12 7.56e-16    13 7.56e-16    14 7.56e-16    15 1.66e-15    16 1.66e-15
    17 1.66e-15    18 1.66e-15    19 1.66e-15    20 1.66e-15    21 3.34e-15    22 3.34e-15    23 3.34e-15    24 3.34e-15
    25 3.34e-15    26 3.34e-15    27 3.34e-15    28 6.26e-15    29 6.26e-15    30 6.26e-15    31 6.26e-15    32 6.26e-15
    33 6.26e-15    34 6.26e-15    35 6.26e-15    36 1.11e-14    37 1.11e-14    38 1.11e-14    39 1.11e-14    40 1.11e-14
    41 1.11e-14    42 1.11e-14    43 1.11e-14    44 1.11e-14    45 1.86e-14    46 1.86e-14    47 1.86e-14    48 1.86e-14
    49 1.86e-14    50 1.86e-14    51 1.86e-14    52 1.86e-14    53 1.86e-14    54 1.86e-14

 Old, new H  1 mean line optical depths:
  2- 1 1.61e+20  3- 2 8.61e-03  4- 3 0.00e+00  5- 4 0.00e+00  6- 5 0.00e+00  7- 6 0.00e+00  8- 7 0.00e+00
  9- 8 0.00e+00 10- 9 0.00e+00 11-10 0.00e+00 12-11 0.00e+00 13-12 0.00e+00 14-13 0.00e+00 15-14 0.00e+00 16-15 0.00e+00
 17-16 0.00e+00 18-17 0.00e+00 19-18 0.00e+00 20-19 0.00e+00 21-20 0.00e+00 22-21 0.00e+00 23-22 0.00e+00 24-23 0.00e+00
 25-24 0.00e+00
  2- 1 2.59e+09  3- 2 1.51e-05  4- 3 5.03e-12  5- 4 5.66e-12  6- 5 8.75e-12  7- 6 1.12e-11  8- 7 1.75e-11
  9- 8 2.69e-11 10- 9 4.05e-11 11-10 9.73e-11 12-11 9.06e-12 13-12 1.90e-11 14-13 1.96e-11 15-14 2.74e-11 16-15 3.59e-11
 17-16 4.34e-11 18-17 8.44e-11 19-18 2.25e-11 20-19 1.85e-12 21-20 0.00e+00 22-21 0.00e+00 23-22 0.00e+00 24-23 0.00e+00
 25-24 0.00e+00

 Old, new He 2 continuum optical depths:
     1 3.43e+06     2 9.96e+07     3 0.00e+00     4 0.00e+00     5 0.00e+00     6 0.00e+00     7 0.00e+00     8 0.00e+00
     9 0.00e+00    10 0.00e+00    11 0.00e+00    12 0.00e+00    13 0.00e+00    14 0.00e+00    15 0.00e+00    16 0.00e+00
    17 0.00e+00    18 0.00e+00    19 0.00e+00    20 0.00e+00    21 0.00e+00    22 0.00e+00    23 0.00e+00    24 0.00e+00
    25 0.00e+00    26 0.00e+00    27 0.00e+00    28 0.00e+00    29 0.00e+00    30 0.00e+00    31 0.00e+00    32 0.00e+00
    33 0.00e+00    34 0.00e+00    35 0.00e+00    36 0.00e+00    37 0.00e+00    38 0.00e+00    39 0.00e+00    40 0.00e+00
    41 0.00e+00    42 0.00e+00    43 0.00e+00    44 0.00e+00    45 0.00e+00    46 0.00e+00    47 0.00e+00    48 0.00e+00
    49 0.00e+00    50 0.00e+00    51 0.00e+00    52 0.00e+00    53 0.00e+00    54 0.00e+00
     1 1.72e+06     2 4.99e+07     3 8.79e-05     4 8.79e-05     5 8.79e-05     6 1.81e-04     7 1.81e-04     8 1.81e-04
     9 1.81e-04    10 2.88e-04    11 2.88e-04    12 2.88e-04    13 2.88e-04    14 2.88e-04    15 3.54e-04    16 3.54e-04
    17 3.54e-04    18 3.54e-04    19 3.54e-04    20 3.54e-04    21 2.90e-04    22 2.90e-04    23 2.90e-04    24 2.90e-04
    25 2.90e-04    26 2.90e-04    27 2.90e-04    28 8.90e-05    29 8.90e-05    30 8.90e-05    31 8.90e-05    32 8.90e-05
    33 8.90e-05    34 8.90e-05    35 8.90e-05    36 4.46e-16    37 4.46e-16    38 4.46e-16    39 4.46e-16    40 4.46e-16
    41 4.46e-16    42 4.46e-16    43 4.46e-16    44 4.46e-16    45 7.56e-16    46 7.56e-16    47 7.56e-16    48 7.56e-16
    49 7.56e-16    50 7.56e-16    51 7.56e-16    52 7.56e-16    53 7.56e-16    54 7.56e-16

 Old, new He 2 mean line optical depths:
  2- 1 1.61e+19  3- 2 8.61e-04  4- 3 0.00e+00  5- 4 0.00e+00  6- 5 0.00e+00  7- 6 0.00e+00  8- 7 0.00e+00
  9- 8 0.00e+00 10- 9 0.00e+00 11-10 0.00e+00 12-11 0.00e+00 13-12 0.00e+00 14-13 0.00e+00 15-14 0.00e+00 16-15 0.00e+00
 17-16 0.00e+00 18-17 0.00e+00 19-18 0.00e+00 20-19 0.00e+00 21-20 0.00e+00 22-21 0.00e+00 23-22 0.00e+00 24-23 0.00e+00
 25-24 0.00e+00
  2- 1 1.70e+07  3- 2 5.96e-09  4- 3 2.51e-14  5- 4 2.88e-14  6- 5 4.27e-14  7- 6 7.69e-14  8- 7 1.37e-13
  9- 8 2.36e-13 10- 9 3.77e-13 11-10 1.50e-12 12-11 1.56e-14 13-12 4.15e-14 14-13 1.82e-14 15-14 1.24e-14 16-15 0.00e+00
 17-16 0.00e+00 18-17 0.00e+00 19-18 0.00e+00 20-19 0.00e+00 21-20 0.00e+00 22-21 0.00e+00 23-22 0.00e+00 24-23 0.00e+00
 25-24 0.00e+00

 Old He Is optical depths:    1 2.36e+07    2 0.00e+00    3 0.00e+00    4 0.00e+00    5 0.00e+00
 New He Is optical depths:    1 1.18e+07    2 1.20e-04    3 1.50e-04    4 1.68e-04    5 1.68e-04
          Old He Is Lines:  584 0.00e+00 3889 0.00e+00 5016 0.00e+00 5876 0.00e+00
          New He Is Lines:  584 1.65e+08 3889 5.36e-03 5016 7.10e-09 5876 5.99e-13
CIV QSO  


          Start Iteration Number 2                                                                     CIV QSO  


 ####  1  Te:7.543E+04 Hden:2.404E-01 Ne:2.885E-01 R:3.178E+21 R-R0:1.581E+19 dR:3.162E+19 NTR:  9 Htot:1.349E-25 T912: 1.34e+05###
 Hydrogen      4.86e-07 1.00e+00 H+o/Hden 1.00e+00 2.29e-19 H-    H2 2.38e-29 5.56e-21 H2+ HeH+ 8.34e-21 Ho+ ColD 3.70e+12 7.60e+18
 Helium        1.40e-10 1.23e-04 1.00e+00 HeI 2s3S 2.35e-15 Comp H,C 1.37e-27 3.88e-29 Fill Fac 1.00e+00 Gam1/tot 9.90e-01
 He singlet n  1.40e-10 3.05e-21 2.46e-27 2.27e-27 1.52e-27 2.92e-27 He tripl 2.35e-15 1.94e-25 6.81e-27 4.13e-26 8.10e-27
 Pressure      NgasTgas 4.17e+04 P(total) 5.76e-12 P( gas ) 5.76e-12 P(Radtn) 0.00e+00 Rad accl 2.34e-10 ForceMul 5.12e+00
 Texc(La)      3.38e+03 T(I con) 1.15e+01 T(D con) 7.93e-01 T(U tot) 1.15e+01 nT (c+d) 2.96e+06 Prad/Gas 0.00e+00 Pmag/Gas 0.00e+00
 Molecules     CH/Ctot: 1.45e-37 CH+/Ctot 2.66e-27 CO/Ctot: 2.00e-51 CO+/Ctot 1.20e-42 H2O/Otot 5.05e-59 OH/Ototl 1.51e-36
 Lithium       5.89e-18 3.60e-07 2.98e-03 9.97e-01 Berylliu 2.13e-18 4.41e-10 6.03e-05 2.75e-02 9.72e-01 sec ion: 0.00e+00
 Boron         2.17e-19 3.73e-10 3.17e-07 2.48e-03 1.37e-01 8.61e-01
 Carbon        5.27e-20 9.35e-11 2.32e-07 3.67e-05 3.58e-02 3.77e-01 5.87e-01 H2O+/O   3.14e-58 OH+/Otot 1.50e-36 Hex(tot) 0.00e+00
 Nitrogen      1.05e-16 1.59e-11 7.33e-08 2.60e-05 1.05e-03 1.96e-01 5.43e-01 2.60e-01 O2/Ototl 1.78e-49 O2+/Otot 2.30e-48
 Oxygen        9.88e-18 1.56e-12 1.31e-08 8.63e-06 7.12e-04 1.01e-02 4.86e-01 4.29e-01 7.45e-02
 Fluorine      9.72e-19 1.83e-13 1.66e-09 2.22e-06 3.57e-04 8.80e-03 4.60e-02 6.99e-01 2.29e-01 1.64e-02
 Neon          3.66e-20 1.46e-14 2.85e-10 4.28e-07 1.37e-04 6.47e-03 5.03e-02 1.28e-01 7.13e-01 9.84e-02 3.21e-03
 Sodium        3.33e-25 9.87e-16 5.41e-11 2.03e-07 7.41e-05 5.02e-03 7.22e-02 1.86e-01 2.11e-01 4.93e-01 3.18e-02 5.23e-04
 Magnesium     2.69e-25 4.42e-18 1.20e-12 1.25e-08 1.18e-05 1.11e-03 2.91e-02 1.83e-01 3.28e-01 2.15e-01 2.36e-01 7.78e-03 7.14e-05
 Aluminium  1  8.27e-17 3.16e-14 9.51e-10 1.89e-06 6.22e-04 1.61e-02 1.58e-01 4.21e-01 2.75e-01 8.01e-02 4.87e-02 9.27e-04 5.14e-06
 Silicon    1  8.51e-16 5.68e-13 6.38e-11 3.52e-07 1.71e-04 1.46e-02 2.02e-01 4.05e-01 2.90e-01 6.77e-02 1.59e-02 5.41e-03 6.22e-05
 Phosphorus 2  2.58e-12 2.95e-10 1.38e-08 1.99e-05 2.86e-03 6.62e-02 2.68e-01 4.70e-01 1.64e-01 2.53e-02 3.10e-03 7.50e-04 5.42e-06
 Sulphur    2  9.69e-12 1.22e-09 5.24e-08 1.16e-06 5.74e-04 3.18e-02 2.53e-01 3.36e-01 2.66e-01 1.02e-01 1.02e-02 8.04e-04 1.44e-04
 Chlorine   3  2.27e-09 1.19e-07 2.00e-06 2.52e-05 5.03e-03 9.01e-02 4.32e-01 3.76e-01 8.51e-02 1.13e-02 5.81e-04 4.60e-05 5.21e-06
 Argon      3  8.02e-10 2.86e-07 7.52e-06 5.19e-05 3.96e-04 3.61e-02 2.53e-01 4.19e-01 2.32e-01 5.60e-02 3.64e-03 1.16e-04 6.47e-06
 Potassium  3  3.30e-10 1.28e-07 1.57e-05 1.55e-04 5.14e-04 2.43e-03 1.10e-01 4.58e-01 3.54e-01 6.95e-02 5.28e-03 1.48e-04 6.53e-06
 Calcium    4  1.05e-07 1.47e-05 4.05e-04 1.94e-03 3.20e-03 1.01e-02 2.45e-01 4.92e-01 2.11e-01 3.42e-02 2.82e-03 1.28e-04 2.77e-06
 Scandium   4  1.78e-07 2.31e-05 6.73e-04 1.01e-02 1.94e-02 1.58e-02 2.84e-02 3.96e-01 3.86e-01 1.34e-01 9.00e-03 3.04e-04 9.80e-06
 Titanium   4  3.00e-07 3.53e-05 1.01e-03 1.76e-02 6.67e-02 6.98e-02 3.46e-02 6.15e-02 4.96e-01 2.14e-01 3.72e-02 1.97e-03 2.79e-05
 Vanadium   5  4.08e-05 1.10e-03 1.88e-02 8.34e-02 2.52e-01 1.05e-01 6.06e-02 6.82e-02 3.39e-01 6.69e-02 4.82e-03 1.63e-04 1.38e-06
 Chromium   5  2.45e-05 1.22e-03 2.02e-02 9.03e-02 3.19e-01 2.28e-01 7.05e-02 7.66e-02 3.82e-02 1.29e-01 2.67e-02 1.09e-03 1.86e-05
 Manganese  5  4.08e-05 2.65e-03 2.05e-02 9.21e-02 3.28e-01 2.71e-01 2.37e-01 3.24e-02 7.75e-03 2.64e-03 5.56e-03 7.30e-04 2.57e-05
 Iron       6  2.14e-03 7.38e-02 2.80e-01 3.78e-01 1.96e-01 5.34e-02 1.28e-02 2.72e-03 6.59e-04 3.73e-04 5.34e-04 4.26e-05 1.66e-06
 Cobalt     6  2.57e-04 1.09e-02 8.29e-02 2.72e-01 2.36e-01 2.31e-01 1.35e-01 2.81e-02 2.61e-03 4.38e-04 1.54e-04 1.40e-04 7.43e-06
 Nickel     6  1.02e-04 5.23e-03 5.07e-02 2.86e-01 2.41e-01 2.36e-01 1.41e-01 3.25e-02 6.51e-03 5.24e-04 6.35e-05 1.72e-05 1.22e-05
 Copper     6  6.36e-05 3.63e-03 4.15e-02 3.04e-01 3.85e-01 1.43e-01 9.52e-02 2.23e-02 4.70e-03 1.22e-03 4.44e-05 5.44e-06 8.20e-07
 Zinc       6  1.92e-05 1.44e-03 1.78e-02 1.60e-01 2.52e-01 3.45e-01 1.71e-01 4.17e-02 8.63e-03 2.36e-03 3.57e-04 1.14e-05 1.53e-06
 ####393  Te:5.478E+03 Hden:3.159E-02 Ne:2.297E-04 R:3.148E+23 R-R0:3.117E+23 dR:2.799E+21 NTR:  6 Htot:6.023E-31 T912: 2.68e+05###
 Hydrogen      9.93e-01 7.02e-03 H+o/Hden 1.00e+00 6.07e-10 H-    H2 1.03e-08 2.81e-10 H2+ HeH+ 2.30e-09 Ho+ ColD 2.11e+22 1.08e+22
 Helium        9.98e-01 2.44e-03 1.80e-06 HeI 2s3S 1.53e-15 Comp H,C 1.07e-34 2.38e-37 Fill Fac 1.00e+00 Gam1/tot 4.71e-02
 He singlet n  9.98e-01 2.46e-21 3.69e-26 3.13e-28 2.28e-27 2.41e-28 He tripl 1.53e-15 1.38e-26 3.01e-28 2.72e-27 6.50e-28
 Pressure      NgasTgas 1.92e+02 P(total) 2.65e-14 P( gas ) 2.65e-14 P(Radtn) 7.59e-20 Rad accl 1.47e-11 ForceMul 5.02e+05
 Texc(La)      2.75e+03 T(I con) 1.07e+00 T(D con) 8.61e-01 T(U tot) 1.17e+00 nT (c+d) 4.66e+05 Prad/Gas 2.87e-06 Pmag/Gas 0.00e+00
 Molecules     CH/Ctot: 4.91e-14 CH+/Ctot 1.13e-08 CO/Ctot: 2.16e-13 CO+/Ctot 6.71e-14 H2O/Otot 6.71e-18 OH/Ototl 6.58e-09
 Lithium       5.39e-06 1.00e+00 3.31e-08 0.00e+00 Berylliu 2.96e-05 9.92e-01 7.47e-03 2.22e-05 0.00e+00 sec ion: 6.03e-19
 Boron         2.38e-06 9.92e-01 2.41e-05 7.59e-03 0.00e+00 0.00e+00
 Carbon        1.39e-05 9.99e-01 8.49e-04 0.00e+00 0.00e+00 0.00e+00 0.00e+00 H2O+/O   1.67e-16 OH+/Otot 9.64e-09 Hex(tot) 0.00e+00
 Nitrogen      9.95e-01 5.17e-03 1.64e-06 0.00e+00 0.00e+00 0.00e+00 0.00e+00 0.00e+00 O2/Ototl 1.61e-14 O2+/Otot 1.90e-13
 Oxygen        9.94e-01 5.55e-03 3.79e-06 0.00e+00 0.00e+00 0.00e+00 0.00e+00 0.00e+00 0.00e+00
 Fluorine      4.50e-01 4.88e-01 6.19e-02 0.00e+00 0.00e+00 0.00e+00 0.00e+00 0.00e+00 0.00e+00 0.00e+00
 Neon          3.63e-01 5.33e-01 1.04e-01 0.00e+00 0.00e+00 0.00e+00 0.00e+00 0.00e+00 0.00e+00 0.00e+00 0.00e+00
 Sodium        5.87e-05 8.88e-01 1.12e-01 2.04e-06 4.81e-06 0.00e+00 0.00e+00 0.00e+00 0.00e+00 0.00e+00 0.00e+00 0.00e+00
 Magnesium     5.37e-05 9.70e-01 3.00e-02 0.00e+00 0.00e+00 0.00e+00 0.00e+00 0.00e+00 0.00e+00 0.00e+00 0.00e+00 0.00e+00 0.00e+00
 Aluminium  0  1.62e-06 9.06e-01 3.55e-02 5.86e-02 2.42e-06 0.00e+00 0.00e+00 0.00e+00 0.00e+00 0.00e+00 0.00e+00 0.00e+00 0.00e+00
 Silicon    0  2.30e-06 1.00e+00 1.00e-05 5.34e-06 0.00e+00 0.00e+00 0.00e+00 0.00e+00 0.00e+00 0.00e+00 0.00e+00 0.00e+00 0.00e+00
 Phosphorus 0  1.02e-05 9.94e-01 5.98e-03 2.74e-05 0.00e+00 0.00e+00 0.00e+00 0.00e+00 0.00e+00 0.00e+00 0.00e+00 0.00e+00 0.00e+00
 Sulphur    0  4.18e-06 9.46e-01 5.36e-02 1.30e-06 0.00e+00 0.00e+00 0.00e+00 0.00e+00 0.00e+00 0.00e+00 0.00e+00 0.00e+00 0.00e+00
 Chlorine   0  1.26e-05 9.01e-01 9.86e-02 2.27e-06 0.00e+00 0.00e+00 0.00e+00 0.00e+00 0.00e+00 0.00e+00 0.00e+00 0.00e+00 0.00e+00
 Argon      0  5.83e-01 4.16e-01 1.22e-03 0.00e+00 0.00e+00 0.00e+00 0.00e+00 0.00e+00 0.00e+00 0.00e+00 0.00e+00 0.00e+00 0.00e+00
 Potassium  0  8.68e-06 8.52e-01 1.37e-01 2.27e-06 1.05e-02 0.00e+00 0.00e+00 0.00e+00 0.00e+00 0.00e+00 0.00e+00 0.00e+00 0.00e+00
 Calcium    0  9.59e-09 1.48e-03 9.98e-01 7.55e-05 3.88e-06 0.00e+00 0.00e+00 0.00e+00 0.00e+00 0.00e+00 0.00e+00 0.00e+00 0.00e+00
 Scandium   0  6.31e-08 1.17e-02 9.84e-01 3.70e-03 1.52e-04 0.00e+00 0.00e+00 0.00e+00 0.00e+00 0.00e+00 0.00e+00 0.00e+00 0.00e+00
 Titanium   0  2.17e-06 4.96e-01 5.02e-01 1.59e-05 2.38e-03 0.00e+00 0.00e+00 0.00e+00 0.00e+00 0.00e+00 0.00e+00 0.00e+00 0.00e+00
 Vanadium   0  3.76e-05 8.55e-01 1.45e-01 2.67e-06 5.38e-05 0.00e+00 0.00e+00 0.00e+00 0.00e+00 0.00e+00 0.00e+00 0.00e+00 0.00e+00
 Chromium   0  2.55e-06 1.00e+00 1.73e-04 1.42e-06 1.06e-05 0.00e+00 0.00e+00 0.00e+00 0.00e+00 0.00e+00 0.00e+00 0.00e+00 0.00e+00
 Manganese  0  6.18e-05 1.00e+00 2.52e-04 1.63e-06 4.05e-05 0.00e+00 0.00e+00 0.00e+00 0.00e+00 0.00e+00 0.00e+00 0.00e+00 0.00e+00
 Iron       0  7.35e-06 1.00e+00 6.55e-05 6.38e-06 3.38e-06 0.00e+00 0.00e+00 0.00e+00 0.00e+00 0.00e+00 0.00e+00 0.00e+00 0.00e+00
 Cobalt     0  5.81e-05 1.00e+00 1.23e-05 8.14e-06 3.88e-05 0.00e+00 0.00e+00 0.00e+00 0.00e+00 0.00e+00 0.00e+00 0.00e+00 0.00e+00
 Nickel     0  3.48e-05 1.00e+00 1.00e-05 1.90e-06 6.76e-06 0.00e+00 0.00e+00 0.00e+00 0.00e+00 0.00e+00 0.00e+00 0.00e+00 0.00e+00
 Copper     0  2.48e-05 9.94e-01 5.87e-03 2.02e-06 0.00e+00 0.00e+00 0.00e+00 0.00e+00 0.00e+00 0.00e+00 0.00e+00 0.00e+00 0.00e+00
 Zinc       0  2.68e-05 6.20e-01 3.59e-01 1.67e-02 3.46e-03 0.00e+00 0.00e+00 0.00e+00 0.00e+00 0.00e+00 0.00e+00 0.00e+00 0.00e+00
   CIV QSO  
   Calculation stopped because outer radius reached. Iteration 2 of 10
   The geometry is spherical.
 C-Continuum zero at some energies.
  !Background cosmic rays are not included - is this physical?  It affects the chemistry.
  !Ionization rate fell below background cosmic ray ionization rate.  Should this be added too?
  !   Use the COSMIC RAY BACKGROUND command.
  !Some input lines contained underscores, these were changed to spaces.
  !Thermal collisional ionization of H reached 14.43% of the local ionization rate.
  !Suprathermal collisional ionization of H reached 95.29% of the local H ionization rate.
  !Charge transfer H => H+ reached 236.9% of the local H ionization rate.
  !Destruction of He 2TriS reached 29.7% of the total He0 dest rate at zone 3, 29.7% of that was photoionization.
  !AGE: Cloud age was not set.  Longest timescale was 6.47e+16 s = 2.05e+09 years.
  !The CMB was not included.  This is added with the CMB command.
  !An ionization jump occurred elem Ti 7, by 151% from 1.01e-03 (zone 1) to 1.27e-03 (zone 2) to 1.91e-03 (zone 3)
  !The radiation pressure jumped by 2925% from 1.63e-13 (zone 157) to 2.83e-15 (zone 158) to 2.51e-15 (zone 159)
   Bound Compton heating reached 2.27% of the local heating.
   Iteration not converged because Converged!.
   Te-ne bounds of Case B lookup table exceeded, H I Case B line intensities set to zero.
   Charge transfer heating reached 4.31% of the local heating.
   The density is too low to l-mix the lowest H  I collapsed level.  More resolved levels are needed for accurate line ratios.
   The density is too low to l-mix the lowest He I collapsed level.  More resolved levels are needed for accurate line ratios.
   Grains were not present but might survive in this environment (energy density temperature was 1.16e+01K)
   Cloud thicker than smallest Jeans length=8.41e+21cm; stability problems? (smallest Jeans mass=5.81e+07Mo)
   The continuum optical depth at the lowest energy considered (3.045e-09 Ryd) was 1.569e+00.
   The optical depth to Rayleigh scattering at 1300A is 1.42e-01
   Is an outer radius of 3.16e+23 reasonable?
   The ratio of radiation to gas pressure reached 1.20e-01 at zone 155.  Caused by Lyman alpha.

                       *********************************> Cloudy 17.03 <**********************************
                       * title CIV QSO                                                                   *
                       * set punch prefix "CIV_QSO"                                                      *
                       * radius = 21.500 23.500                                                          *
                       * iterate to convergence                                                          *
                       * sphere                                                                          *
                       * init "dlaw_HI_exp.ini"                                                          *
                       * table SED "QSO.sed"                                                             *
                       * nuL(nu) = 44.0 at 1 Ryd                                                         *
                       * stop temperature off                                                            *
                       * metals 0.01                                                                     *
                       * save last radius ".rad"                                                         *
                       * save last continuum ".cont"                                                     *
                       * save last physical conditions ".phy"                                            *
                       * save last overview ".ovr"                                                       *
                       * save last heating ".heat"                                                       *
                       * save last cooling ".cool"                                                       *
                       * save last optical depth ".opd"                                                  *
                       * save last element hydrogen ".ele_H"                                             *
                       * save last element helium ".ele_He"                                              *
                       * save last element carbon ".ele_C"                                               *
                       * save last element nitrogen ".ele_N"                                             *
                       * save last element oxygen ".ele_O"                                               *
                       * save last element argon ".ele_Ar"                                               *
                       * save last element neon ".ele_Ne"                                                *
                       * save last element sulphur ".ele_S"                                              *
                       * save last element chlorin ".ele_Cl"                                             *
                       * save last element iron ".ele_Fe"                                                *
                       * save last element silicon ".ele_Si"                                             *
                       * save last lines emissivity  ".emis"                                             *
                       * H  1  1215.67A                                                                  *
                       * H  1  1025.72A                                                                  *
                       * H  1  4861.33A                                                                  *
                       * H  1  6562.81A                                                                  *
                       * O  6  1031.91A                                                                  *
                       * O  6  1037.62A                                                                  *
                       * He 2  949.31A                                                                   *
                       * He 2  972.108A                                                                  *
                       * He 2  1025.27A                                                                  *
                       * He 2  1640.43A                                                                  *
                       * He 2  4859A                                                                     *
                       * He 2  4339A                                                                     *
                       * He 2  6527A                                                                     *
                       * He 2  6560A                                                                     *
                       * C  4  1550.78                                                                   *
                       * O  3  5006.84A                                                                  *
                       * N  5  1238.82                                                                   *
                       * N  5  1242.80                                                                   *
                       * c  4  1548.19                                                                   *
                       * c  4  1550.78                                                                   *
                       * mg 2  2795.53                                                                   *
                       * mg 2  2802.71                                                                   *
                       * end of lines                                                                    *
                       *********************************> Log(U):  0.47 <*********************************
                       >>>>>>>>>> Cautions are present.

                     Emission Line Spectrum.  Special Density Lw Model.  Closed geometry.  Iteration 2 of 10.
                                    Luminosity (erg/s) emitted by a shell with full coverage.


                                                   Intrinsic line intensities
general properties.............................      Ca B                3970.07A   41.265    0.1078      Ca B                1.86972m   39.761    0.0034
Inci                      0    44.707  298.0710      Ca B                3889.05A   41.085    0.0712      Ca B                2.05813m   40.620    0.0244
TotH                      0    43.846   41.0546      Ca B                3835.38A   40.927    0.0495      C  5                40.2678A   39.397    0.0015
TotC                      0    43.846   41.0704      Ca B                3797.89A   40.787    0.0358      C  5                41.4721A   39.569    0.0022
BFH1                      0    43.596   23.0768      Ca B                3770.63A   40.660    0.0268      Pho+                3889.00A   41.799    0.3684
BFHe                      0    43.482   17.7613      Ca B                3750.15A   40.545    0.0205      extra Lyman....................................
TotM                      0    41.347    0.1300      Ca B                3734.36A   40.440    0.0161      database lines.................................
Cbnd                      0    40.174    0.0087      Ca B                3721.93A   40.342    0.0129      Al 3                1854.72A   39.915    0.0048
ComH                      0    39.871    0.0043      Ca B                3711.97A   40.252    0.0104      Al 3                1862.79A   39.774    0.0035
CT H                      0    40.732    0.0316      Ca B                3703.85A   40.167    0.0086      Ar 1                1048.22A   39.484    0.0018
H FB                      0    42.902    4.6714      Ca B                3697.15A   40.088    0.0072      Ar 1                1066.66A   39.363    0.0013
HFBc                      0    42.902    4.6714      Ca B                3691.55A   40.013    0.0060      Ar 2                6.98337m   39.236    0.0010
H  1c                     0    43.547   20.6416      Ca B                3686.83A   39.943    0.0051      Ar 3                7135.79A   39.451    0.0017
He 2c                     0    42.450    1.6511      Ca B                3682.80A   39.876    0.0044      Ar 4                850.605A   39.328    0.0012
He 1c                     0    40.475    0.0175      Ca B                3679.35A   39.812    0.0038      Ar 4                2853.66A   39.428    0.0016
Al 3c                     0    39.680    0.0028      Ca B                3676.36A   39.752    0.0033      Ar 4                4711.26A   39.911    0.0048
Al 6c                     0    39.359    0.0013      Ca B                3673.75A   39.695    0.0029      Ar 4                4740.12A   39.792    0.0036
Ar 2c                     0    39.233    0.0010      Ca B                3671.47A   39.640    0.0026      Ar 5                822.174A   39.276    0.0011
Ar 3c                     0    39.705    0.0030      Ca B                9545.93A   40.581    0.0223      Ar 5                827.366A   39.819    0.0039
Ar 4c                     0    40.308    0.0119      Ca B                9228.97A   40.425    0.0156      Ar 5                13.0985m   39.284    0.0011
Ar 5c                     0    40.048    0.0065      Ca B                9014.87A   40.286    0.0113      Ar 6                754.930A   39.464    0.0017
Ar 6c                     0    39.553    0.0021      Ca B                8862.74A   40.160    0.0085      Ar 6                4.52800m   39.277    0.0011
C  2c                     0    40.877    0.0441      Ca B                8750.43A   40.046    0.0065      C  2                687.053A   39.331    0.0013
C  3c                     0    42.056    0.6658      Ca B                8664.98A   39.941    0.0051      C  2                687.352A   39.284    0.0011
Ca 4c                     0    39.618    0.0024      Ca B                8598.35A   39.844    0.0041      C  2                903.962A   39.308    0.0012
Ca 6c                     0    39.400    0.0015      Ca B                8545.34A   39.754    0.0033      C  2                904.142A   39.634    0.0025
Fe 2c                     0    41.212    0.0954      Ca B                8502.44A   39.669    0.0027      C  2                904.480A   39.647    0.0026
Fe 3c                     0    39.591    0.0023      Ca B                8467.21A   39.590    0.0023      C  2                1037.02A   40.362    0.0135
Fe 7c                     0    40.668    0.0273      Ca B                8437.91A   39.516    0.0019      C  2                1334.53A   39.729    0.0031
N  1c                     0    39.839    0.0040      Ca B                8413.28A   39.445    0.0016      C  2                1335.66A   40.141    0.0081
N  5c                     0    41.056    0.0666      Ca B                8392.35A   39.378    0.0014      C  2                1335.71A   39.513    0.0019
Ne 2c                     0    40.457    0.0167      Ca B                8374.43A   39.315    0.0012      C  2                2325.40A   39.480    0.0018
Ne 3c                     0    41.231    0.0997      Ca B                8358.96A   39.254    0.0011      C  2                2326.93A   39.604    0.0024
O  1c                     0    40.877    0.0441      Ca B                1.81740m   40.086    0.0071      C  2                157.636m   40.751    0.0330
O  2c                     0    40.475    0.0175      Ca B                1.73620m   39.947    0.0052      C  3                1908.73A   41.409    0.1502
O  3c                     0    42.446    1.6353      Ca B                1.68064m   39.822    0.0039      C  3                1906.68A   41.602    0.2340
O  5c                     0    41.585    0.2250      Ca B                1.64071m   39.708    0.0030      C  3                977.020A   41.697    0.2916
P  2c                     0    39.245    0.0010      Ca B                1.61092m   39.603    0.0023      C  3                386.203A   39.365    0.0014
S  2c                     0    40.596    0.0231      Ca B                1.58804m   39.506    0.0019      C  3                1175.59A   39.373    0.0014
S  3c                     0    41.066    0.0681      Ca B                1.57006m   39.416    0.0015      C  3                1176.37A   39.593    0.0023
Si 2c                     0    40.922    0.0489      Ca B                1.55563m   39.331    0.0013      C  3                2296.87A   39.595    0.0023
Si 3c                     0    41.441    0.1617      Ca B                1.54388m   39.252    0.0010      C  3                884.524A   39.261    0.0011
Si 4c                     0    41.151    0.0829      Ca B                3.03835m   39.686    0.0028      Ca 4                669.696A   39.451    0.0017
Si 7c                     0    40.118    0.0077      Ca B                2.87219m   39.560    0.0021      Ca 4                3.20610m   39.512    0.0019
Al 2c                     0    39.886    0.0045      Ca B                2.75749m   39.446    0.0016      Ca 6                629.602A   39.305    0.0012
C  4c                     0    42.240    1.0161      Ca B                2.67438m   39.341    0.0013      Ca 6                633.844A   39.517    0.0019
Ca 5c                     0    39.466    0.0017      Ca B                2.61191m   39.244    0.0010      Ca 6                641.904A   39.619    0.0024
Cl 4c                     0    39.428    0.0016      Ca B                12.3684m   39.901    0.0047      Cr 5                594.921A   39.539    0.0020
Fe 4c                     0    41.378    0.1396      Ca B                7.50038m   39.753    0.0033      Fe 2                25.9811m   40.119    0.0077
Fe 5c                     0    40.355    0.0132      Ca B                5.90655m   39.605    0.0024      Fe 2                5.33881m   40.636    0.0253
Fe 6c                     0    40.529    0.0198      Ca B                5.12722m   39.468    0.0017      Fe 2                1.25668m   40.495    0.0183
Mg 2c                     0    40.576    0.0221      Ca B                4.67119m   39.344    0.0013      Fe 2                2382.04A   39.887    0.0045
Mg 5c                     0    40.096    0.0073      Ca B                19.0565m   39.533    0.0020      Fe 2                35.3394m   39.467    0.0017
Mg 6c                     0    40.211    0.0095      Ca B                11.3055m   39.410    0.0015      Fe 2                1.32055m   39.917    0.0048
Mg 7c                     0    40.073    0.0069      Ca B                8.75760m   39.280    0.0011      Fe 2                2625.67A   39.958    0.0053
Mg 8c                     0    39.252    0.0010      H  1                2431.34A   43.517   19.2274      Fe 2                2611.87A   39.571    0.0022
N  2c                     0    39.949    0.0052      H  1                1215.67A   43.902   46.6605      Fe 2                2395.63A   39.633    0.0025
N  3c                     0    41.113    0.0758      H  1                1025.72A   40.561    0.0213      Fe 2                2364.83A   39.585    0.0022
N  4c                     0    41.541    0.2033      H  1                972.537A   40.422    0.0155      Fe 2                1.37182m   39.693    0.0029
Ne 4c                     0    40.661    0.0268      H  1                949.743A   40.361    0.0134      Fe 2                2631.32A   39.256    0.0011
Ne 5c                     0    40.967    0.0542      H  1                937.804A   40.295    0.0115      Fe 2                2380.76A   39.307    0.0012
Ne 6c                     0    40.628    0.0249      H  1                930.748A   40.267    0.0108      Fe 2                17.9314m   39.601    0.0023
Ne 7c                     0    39.843    0.0041      H  1                926.226A   40.241    0.0102      Fe 2                1.64355m   40.422    0.0155
Ne 8c                     0    39.717    0.0030      H  1                923.150A   40.221    0.0097      Fe 2                8616.95A   39.338    0.0013
Ni 2c                     0    39.757    0.0033      H  1                920.963A   40.208    0.0094      Fe 2                2493.29A   39.546    0.0021
O  4c                     0    41.589    0.2270      H  1                919.351A   39.854    0.0042      Fe 2                1.80939m   39.719    0.0031
O  6c                     0    41.513    0.1907      H  1                918.129A   39.842    0.0041      Fe 2                2755.74A   39.255    0.0011
S  4c                     0    41.223    0.0977      H  1                917.181A   39.830    0.0040      Fe 7                9.50763m   39.746    0.0033
S  5c                     0    40.009    0.0060      H  1                916.429A   39.819    0.0039      Fe 7                5720.71A   39.728    0.0031
S  6c                     0    40.036    0.0064      H  1                915.824A   39.808    0.0038      Fe 7                4988.55A   39.538    0.0020
Si 6c                     0    39.508    0.0019      H  1                915.329A   39.797    0.0037      Fe 7                4893.37A   39.290    0.0011
Si 8c                     0    39.620    0.0024      H  1                914.919A   39.787    0.0036      Fe 7                7.81037m   39.234    0.0010
continua.......................................      H  1                914.576A   39.776    0.0035      Fe 7                6086.97A   39.903    0.0047
Bac                 3646.00A   43.127    7.8377      H  1                914.286A   39.767    0.0034      Fe 7                5158.89A   39.423    0.0015
nFnu                3645.00A   43.465   17.0739      H  1                914.039A   39.760    0.0034      Fe 7                3586.32A   39.765    0.0034
nFnu                3647.00A   43.198    9.2361      H  1                913.826A   39.755    0.0033      Fe 7                3758.92A   39.918    0.0049
cout                3646.00A   43.127    7.8377      H  1                913.641A   39.754    0.0033      Fe 9                171.073A   39.436    0.0016
thin                3646.00A   43.127    7.8422      H  1                913.480A   39.763    0.0034      Mg 1                2852.13A   39.497    0.0018
Inci                4860.00A   43.947   51.7806      H  1                913.339A   39.809    0.0038      Mg 3                231.734A   39.318    0.0012
Inci                1215.00A   44.436  159.7578      H  1                913.215A   40.537    0.0201      Mn 2                2576.10A   39.351    0.0013
Ba C                      0    42.761    3.3773      H  1                6562.81A   42.692    2.8810      Mn 2                2593.72A   39.328    0.0012
PA C                      0    42.304    1.1782      H  1                4861.33A   42.233    1.0000      Mn 2                2605.68A   39.297    0.0012
FIR                 83.0000m   43.135    7.9827      H  1                4340.46A   41.906    0.4716      N  1                953.415A   39.304    0.0012
TIR                 1800.00m   40.374    0.0138      H  1                4101.73A   41.604    0.2353      N  1                953.655A   39.289    0.0011
NIRa                2.85000m   44.273  109.6220      H  1                3970.07A   41.393    0.1445      N  1                1134.17A   39.774    0.0035
NIRb                3.00000m   43.874   43.7424      H  1                3889.05A   41.212    0.0953      N  1                1134.41A   39.817    0.0038
MIRa                15.0000m   43.914   48.0644      H  1                3835.38A   41.055    0.0665      N  1                1134.98A   39.836    0.0040
MIRb                22.5000m   43.989   57.1086      H  1                3797.89A   40.918    0.0485      N  1                1168.54A   39.438    0.0016
NMIR                21.7500m   44.273  109.6220      H  1                3770.63A   40.818    0.0385      N  1                1199.55A   40.397    0.0146
TFIR                611.250m   41.149    0.0825      H  1                3750.15A   40.712    0.0301      N  1                1200.22A   40.381    0.0141
TALL                10000.0A   44.727  312.2531      H  1                3734.36A   40.614    0.0241      N  1                1200.71A   40.270    0.0109
F12                 12.0000m   43.473   17.3731      H  1                3721.93A   40.525    0.0196      N  1                5197.90A   39.596    0.0023
F25                 25.0000m   43.256   10.5570      H  1                3711.97A   40.444    0.0163      N  1                5200.26A   39.669    0.0027
F60                 60.0000m   43.087    7.1473      H  1                3703.85A   40.368    0.0137      N  5                1238.82A   40.974    0.0551
F100                100.000m   42.000    0.5848      H  1                3697.15A   40.298    0.0116      N  5                1242.80A   40.724    0.0310
MIPS                24.0000m   42.962    5.3583      H  1                3691.55A   40.234    0.0100      Ne 2                12.8101m   40.457    0.0168
MIPS                70.0000m   42.517    1.9257      H  1                3686.83A   40.175    0.0088      Ne 3                15.5509m   40.386    0.0142
MIPS                160.000m   40.853    0.0418      H  1                3682.80A   40.123    0.0078      Ne 3                3868.76A   41.021    0.0614
IRAC                3.60000m   43.081    7.0585      H  1                3679.35A   40.077    0.0070      Ne 3                36.0036m   39.335    0.0013
IRAC                4.50000m   43.117    7.6577      H  1                3676.36A   40.042    0.0064      Ne 3                3967.47A   40.503    0.0186
IRAC                5.80000m   43.149    8.2571      H  1                3673.75A   40.024    0.0062      Ne 3                1814.56A   39.653    0.0026
IRAC                8.00000m   43.304   11.7761      H  1                3671.47A   40.050    0.0066      Ne 3                491.045A   39.757    0.0033
SPR1                250.000m   40.156    0.0084      H  1                3669.46A   40.759    0.0336      Ne 3                489.645A   39.335    0.0013
SPR2                350.000m   40.038    0.0064      H  1                1.87510m   41.615    0.2410      Ne 3                313.688A   39.310    0.0012
SPR3                500.000m   39.981    0.0056      H  1                1.28180m   41.338    0.1274      Ne 3                490.311A   39.457    0.0017
PAC1                70.0000m   42.574    2.1969      H  1                1.09380m   41.065    0.0680      O  1                1040.94A   39.566    0.0022
PAC2                100.000m   41.959    0.5324      H  1                1.00493m   40.860    0.0424      O  1                1304.86A   40.029    0.0062
PAC3                160.000m   40.929    0.0497      H  1                9545.93A   40.683    0.0282      O  1                1306.03A   39.551    0.0021
PAH                 3.30000m   42.225    0.9832      H  1                9228.97A   40.528    0.0197      O  1                6300.30A   39.942    0.0051
PAHC                3.23000m   41.933    0.5016      H  1                9014.87A   40.391    0.0144      O  1                6363.78A   39.446    0.0016
PAHC                3.37000m   41.916    0.4829      H  1                8862.74A   40.303    0.0118      O  1                63.1679m   40.765    0.0341
PAH                 6.20000m   42.666    2.7095      H  1                8750.43A   40.197    0.0092      O  1                145.495m   39.740    0.0032
PAHC                5.65000m   42.703    2.9544      H  1                8664.98A   40.100    0.0074      O  2                833.330A   39.412    0.0015
PAH                 7.90000m   42.853    4.1703      H  1                8598.35A   40.011    0.0060      O  2                834.465A   39.540    0.0020
PAHC                6.90000m   42.916    4.8270      H  1                8545.34A   39.929    0.0050      O  2                3728.81A   40.202    0.0093
PAH                 11.3000m   42.264    1.0749      H  1                8502.44A   39.854    0.0042      O  2                3726.03A   40.029    0.0063
PAHC                10.9000m   42.286    1.1305      H  1                8467.21A   39.785    0.0036      O  3                88.3323m   41.065    0.0680
PAH                 11.8000m   42.478    1.7604      H  1                8437.91A   39.720    0.0031      O  3                51.8004m   40.867    0.0431
PAHC                12.6500m   42.451    1.6537      H  1                8413.28A   39.662    0.0027      O  3                4958.91A   41.671    0.2741
PAH                 13.3000m   42.478    1.7577      H  1                8392.35A   39.609    0.0024      O  3                5006.84A   42.145    0.8179
PAHC                14.1000m   42.447    1.6378      H  1                8374.43A   39.564    0.0021      O  3                2320.95A   40.222    0.0098
Bcon                3640.00A   44.414  151.9475      H  1                8358.96A   39.528    0.0020      O  3                4363.21A   40.822    0.0388
Pcon                5000.00A   43.780   35.2268      H  1                8345.51A   39.510    0.0019      O  3                1660.81A   40.875    0.0439
O3bn                5007.00A   42.460    1.6890      H  1                8333.74A   39.536    0.0020      O  3                1666.15A   41.342    0.1286
SX                  25.0000A   42.436    1.5981      H  1                8323.38A   40.245    0.0103      O  3                835.289A   40.379    0.0140
HX                  4.70000A   42.831    3.9696      H  1                4.05113m   40.925    0.0492      O  3                833.749A   40.285    0.0113
HFFc                      0    42.996    5.7922      H  1                2.62513m   40.697    0.0291      O  3                835.092A   39.845    0.0041
H FF                      0    42.925    4.9230      H  1                2.16551m   40.500    0.0185      O  3                832.929A   39.553    0.0021
HeFF                      0    42.165    0.8549      H  1                1.94454m   40.326    0.0124      O  3                833.715A   41.302    0.1174
MeFB                      0    39.418    0.0015      H  1                1.81740m   40.173    0.0087      O  3                835.059A   40.120    0.0077
ToFF                      0    42.994    5.7783      H  1                1.73620m   40.036    0.0064      O  3                703.854A   39.495    0.0018
nFnu                9993.08m   39.273    0.0011      H  1                1.68064m   39.934    0.0050      O  3                702.896A   40.523    0.0195
nFnu                6917.22m   39.414    0.0015      H  1                1.64071m   39.828    0.0039      O  3                703.851A   40.784    0.0356
nFnu                122.400m   40.917    0.0484      H  1                1.61092m   39.731    0.0032      O  3                702.838A   39.326    0.0012
nFnu                60.8322m   41.166    0.0859      H  1                1.58804m   39.643    0.0026      O  3                599.590A   39.290    0.0011
nInu                60.8322m   43.182    8.8906      H  1                1.57006m   39.561    0.0021      O  3                507.680A   39.936    0.0050
nFnu                41.2152m   41.308    0.1188      H  1                1.55563m   39.486    0.0018      O  3                508.178A   40.238    0.0101
nInu                41.2152m   43.405   14.8648      H  1                1.54388m   39.417    0.0015      O  5                1218.34A   40.932    0.0501
nFnu                30.8695m   41.411    0.1507      H  1                1.53417m   39.353    0.0013      O  5                1213.81A   41.107    0.0749
nInu                30.8695m   43.517   19.2450      H  1                1.52604m   39.294    0.0012      O  5                629.732A   41.096    0.0729
nFnu                24.7829m   41.489    0.1805      H  1                1.51917m   39.242    0.0010      P  4                950.657A   39.449    0.0016
nInu                24.7829m   43.576   22.0609      H  1                1.49672m   39.878    0.0044      S  2                6730.82A   40.177    0.0088
nFnu                24.2998m   41.496    0.1835      H  1                7.45777m   40.380    0.0140      S  2                6716.44A   40.340    0.0128
nInu                24.2998m   43.585   22.5065      H  1                4.65247m   40.213    0.0096      S  2                1259.52A   39.656    0.0027
nFnu                22.8302m   41.518    0.1929      H  1                3.73951m   40.047    0.0065      S  2                1253.81A   39.648    0.0026
nInu                22.8302m   43.602   23.4129      H  1                3.29607m   39.897    0.0046      S  2                1250.58A   39.608    0.0024
nFnu                21.4199m   41.540    0.2030      H  1                3.03835m   39.762    0.0034      S  3                33.4704m   40.273    0.0110
nInu                21.4199m   43.616   24.1661      H  1                2.87219m   39.645    0.0026      S  3                18.7078m   40.097    0.0073
nFnu                21.1235m   41.546    0.2057      H  1                2.75749m   39.540    0.0020      S  3                9068.62A   40.231    0.0100
nInu                21.1235m   43.619   24.3683      H  1                2.67438m   39.444    0.0016      S  3                9530.62A   40.631    0.0250
nFnu                19.6199m   41.572    0.2186      H  1                2.61191m   39.356    0.0013      S  3                3721.63A   39.343    0.0013
nInu                19.6199m   43.625   24.7029      H  1                2.56361m   39.274    0.0011      S  3                6312.06A   39.617    0.0024
nFnu                17.6534m   41.609    0.2381      H  1                2.37371m   39.592    0.0023      S  3                1713.11A   39.294    0.0012
nInu                17.6534m   43.648   26.0126      H  1                12.3684m   39.943    0.0051      S  3                1728.94A   39.746    0.0033
nFnu                17.3700m   41.615    0.2413      H  1                7.50038m   39.807    0.0038      S  3                1190.20A   39.323    0.0012
nInu                17.3700m   43.651   26.2302      H  1                5.90655m   39.665    0.0027      S  3                1194.45A   39.786    0.0036
nFnu                15.6901m   41.651    0.2622      H  1                5.12722m   39.533    0.0020      S  3                1194.06A   39.258    0.0011
nInu                15.6901m   43.664   26.9921      H  1                4.67119m   39.406    0.0015      S  3                1200.97A   39.246    0.0010
nFnu                14.6036m   41.677    0.2781      H  1                4.37522m   39.302    0.0012      S  3                1015.57A   39.327    0.0012
nInu                14.6036m   43.679   27.9536      H  1                3.48198m   39.358    0.0013      S  3                1021.11A   39.532    0.0020
nFnu                12.4300m   41.736    0.3184      H  1                19.0565m   39.568    0.0022      Si 2                34.8046m   40.855    0.0419
nInu                12.4300m   43.695   28.9668      H  1                11.3055m   39.456    0.0017      Si 2                1808.01A   39.286    0.0011
nFnu                11.4000m   41.766    0.3412      H  1                8.75760m   39.333    0.0013      Si 2                1260.42A   39.448    0.0016
nInu                11.4000m   43.703   29.5608      H  1                27.7955m   39.240    0.0010      Si 2                1193.29A   39.290    0.0011
nFnu                10.4600m   41.798    0.3675      Ca A                303.784A   43.016    6.0687      Si 2                2344.20A   39.236    0.0010
nInu                10.4600m   43.713   30.2373      Ca A                256.317A   42.378    1.3980      Si 2                1816.93A   39.419    0.0015
nFnu                9.48002m   41.831    0.3968      Ca A                243.027A   41.969    0.5450      Si 2                1533.43A   40.118    0.0077
nInu                9.48002m   43.723   30.9417      Ca A                237.331A   41.666    0.2711      Si 2                1309.28A   39.909    0.0047
nFnu                9.32488m   41.837    0.4020      Ca A                234.347A   41.424    0.1552      Si 2                1265.00A   40.422    0.0155
nInu                9.32488m   43.727   31.1991      Ca A                232.584A   41.221    0.0974      Si 2                1197.39A   40.420    0.0154
nFnu                8.21035m   41.884    0.4476      Ca A                231.454A   41.047    0.0653      Si 2                1194.50A   40.317    0.0121
nInu                8.21035m   43.733   31.6623      Ca A                230.686A   40.895    0.0459      Si 3                1892.03A   40.894    0.0459
nFnu                7.58000m   41.911    0.4767      Ca A                230.139A   40.758    0.0335      Si 3                1882.71A   41.083    0.0708
nInu                7.58000m   43.742   32.2861      Ca A                229.736A   40.635    0.0253      Si 3                1206.50A   41.006    0.0594
nFnu                7.05026m   41.940    0.5102      Ca A                229.431A   40.523    0.0195      Si 4                1393.75A   41.011    0.0600
nInu                7.05026m   43.743   32.4000      Ca A                229.194A   40.419    0.0154      Si 4                1402.77A   40.745    0.0325
nFnu                4.11370m   42.139    0.8065      Ca A                229.006A   40.324    0.0123      Si 7                2146.64A   39.822    0.0039
nInu                4.11370m   43.742   32.2779      Ca A                228.855A   40.235    0.0100      Si 7                2.48071m   39.626    0.0025
nFnu                2.32440m   42.343    1.2901      Ca A                228.731A   40.151    0.0083      Al 2                2669.15A   39.246    0.0010
nInu                2.32440m   43.658   26.6161      Ca A                228.629A   40.073    0.0069      Al 2                2660.35A   39.430    0.0016
nFnu                1.64313m   42.485    1.7888      Ca A                228.543A   39.999    0.0058      Al 2                1670.79A   40.178    0.0088
nInu                1.64313m   43.503   18.6154      Ca A                228.471A   39.929    0.0050      Ar 7                585.754A   39.368    0.0014
nFnu                1.48022m   42.518    1.9305      Ca A                228.409A   39.863    0.0043      C  4                1550.78A   41.779    0.3517
nInu                1.48022m   43.470   17.2733      Ca A                228.356A   39.800    0.0037      C  4                1548.19A   42.071    0.6899
nFnu                1.43649m   42.586    2.2555      Ca A                228.309A   39.740    0.0032      C  4                312.452A   39.642    0.0026
nInu                1.43649m   43.464   17.0151      Ca A                228.269A   39.682    0.0028      C  4                312.421A   39.692    0.0029
nFnu                1.11867m   42.667    2.7156      Ca A                228.234A   39.627    0.0025      C  4                244.912A   39.316    0.0012
nInu                1.11867m   43.457   16.7568      Ca A                1640.43A   41.944    0.5143      C  4                244.904A   39.456    0.0017
nFnu                8329.68A   42.765    3.4063      Ca A                1215.13A   41.496    0.1835      Fe 4                3095.77A   40.419    0.0154
nInu                8329.68A   43.521   19.4334      Ca A                1084.94A   41.173    0.0872      Fe 4                3094.96A   40.642    0.0257
nFnu                8078.61A   42.898    4.6301      Ca A                1025.27A   40.920    0.0487      Fe 4                3094.53A   40.361    0.0134
nInu                8078.61A   43.524   19.5633      Ca A                992.360A   40.711    0.0301      Fe 4                2835.74A   40.793    0.0363
nFnu                6209.66A   42.982    5.6146      Ca A                972.108A   40.533    0.0200      Fe 4                2829.36A   40.426    0.0156
nInu                6209.66A   43.586   22.5410      Ca A                958.694A   40.378    0.0140      Fe 4                2823.50A   40.274    0.0110
nFnu                4885.36A   43.067    6.8285      Ca A                949.324A   40.240    0.0102      Fe 4                2.83562m   39.468    0.0017
nInu                4885.36A   43.847   41.1318      Ca A                942.508A   40.115    0.0076      Fe 4                2567.61A   39.864    0.0043
nFnu                3704.34A   43.184    8.9377      Ca A                937.389A   40.002    0.0059      Fe 4                6739.82A   39.447    0.0016
nInu                3704.34A   43.763   33.9275      Ca A                933.444A   39.898    0.0046      Fe 4                4906.56A   39.510    0.0019
nFnu                3587.67A   43.468   17.2121      Ca A                930.337A   39.802    0.0037      Fe 5                4227.19A   39.823    0.0039
nInu                3587.67A   43.780   35.2361      Ca A                927.846A   39.712    0.0030      Fe 6                19.5527m   39.394    0.0014
nFnu                2430.05A   43.565   21.5097      Ca A                925.817A   39.629    0.0025      Fe 6                14.7670m   39.246    0.0010
nInu                2430.05A   43.902   46.7300      Ca A                924.142A   39.550    0.0021      Fe 6                4972.48A   39.525    0.0020
nFnu                2392.03A   43.570   21.7555      Ca A                922.743A   39.476    0.0018      Fe 6                5145.76A   39.541    0.0020
nInu                2392.03A   43.888   45.2405      Ca A                921.562A   39.407    0.0015      Fe 6                5176.05A   39.549    0.0021
nFnu                2071.34A   43.619   24.3653      Ca A                920.556A   39.340    0.0013      Fe 8                168.930A   39.303    0.0012
nInu                2071.34A   43.905   47.0304      Ca A                919.693A   39.277    0.0011      Mg 2                2802.71A   40.424    0.0155
nFnu                2052.68A   43.625   24.6922      Ca A                4685.64A   41.146    0.0819      Mg 2                2795.53A   40.645    0.0258
nInu                2052.68A   43.896   46.0145      Ca A                3203.04A   40.821    0.0387      Mg 5                5.60700m   39.409    0.0015
nFnu                1793.44A   43.682   28.1369      Ca A                2733.24A   40.562    0.0213      Mg 5                2782.76A   39.850    0.0041
nInu                1793.44A   43.923   48.9806      Ca A                2511.15A   40.348    0.0130      Mg 5                2928.09A   39.284    0.0011
nFnu                1585.12A   43.719   30.6488      Ca A                2385.35A   40.167    0.0086      Mg 6                1806.00A   39.773    0.0035
nInu                1585.12A   43.993   57.5580      Ca A                2306.15A   40.009    0.0060      Mg 6                1806.43A   39.878    0.0044
nFnu                1458.33A   43.720   30.6911      Ca A                2252.64A   39.869    0.0043      Mg 6                403.308A   39.567    0.0022
nInu                1458.33A   43.934   50.2602      Ca A                2214.62A   39.743    0.0032      Mg 6                400.663A   39.505    0.0019
nFnu                1356.96A   43.678   27.9013      Ca A                2186.56A   39.629    0.0025      Mg 6                399.282A   39.389    0.0014
nInu                1356.96A   43.969   54.4435      Ca A                2165.20A   39.524    0.0020      Mg 7                9.00655m   39.542    0.0020
nFnu                1297.29A   43.580   22.2614      Ca A                2148.55A   39.427    0.0016      Mg 7                5.50177m   39.439    0.0016
nInu                1297.29A   43.996   58.0490      Ca A                2135.31A   39.337    0.0013      Mg 7                2628.89A   39.516    0.0019
nFnu                1262.79A   43.438   16.0516      Ca A                2124.58A   39.253    0.0010      Mg 7                431.194A   39.415    0.0015
nInu                1262.79A   44.081   70.5063      Ca A                1.01233m   40.543    0.0205      Mg 8                430.455A   39.300    0.0012
nFnu                1218.08A   42.816    3.8290      Ca A                6559.91A   40.292    0.0115      Mg 9                368.071A   39.478    0.0018
nInu                1218.08A   44.426  156.2334      Ca A                5411.37A   40.076    0.0070      N  2                6548.05A   39.268    0.0011
nFnu                1196.33A   42.808    3.7595      Ca A                4859.18A   39.892    0.0046      N  2                6583.45A   39.738    0.0032
nInu                1196.33A   44.269  108.8004      Ca A                4541.46A   39.732    0.0032      N  2                1084.56A   39.655    0.0026
nFnu                1175.06A   42.800    3.6943      Ca A                4338.55A   39.590    0.0023      N  2                916.020A   39.313    0.0012
nInu                1175.06A   44.112   75.6851      Ca A                4199.71A   39.463    0.0017      N  2                916.710A   39.535    0.0020
nFnu                1143.64A   42.787    3.5878      Ca A                4099.92A   39.347    0.0013      N  3                57.3238m   40.111    0.0076
nInu                1143.64A   44.025   62.0073      Ca A                4025.48A   39.242    0.0010      N  3                1748.65A   39.856    0.0042
nFnu                1113.22A   42.777    3.5050      Ca A                1.86362m   40.053    0.0066      N  3                1753.99A   39.871    0.0043
nInu                1113.22A   44.016   60.6797      Ca A                1.16260m   39.852    0.0042      N  3                1746.82A   39.445    0.0016
nFnu                1103.23A   42.775    3.4861      Ca A                9344.62A   39.668    0.0027      N  3                1752.16A   40.285    0.0113
nInu                1103.23A   44.003   58.9734      Ca A                8236.51A   39.507    0.0019      N  3                1749.67A   40.342    0.0129
nFnu                1073.86A   42.766    3.4171      Ca A                7592.50A   39.364    0.0014      N  3                989.799A   40.053    0.0066
nInu                1073.86A   44.027   62.2349      Ca A                7177.28A   39.236    0.0010      N  3                991.511A   40.497    0.0184
nFnu                1064.34A   42.763    3.3940      Ca A                3.09074m   39.639    0.0025      N  3                991.577A   39.914    0.0048
nInu                1064.34A   44.030   62.7730      Ca A                1.87427m   39.474    0.0017      N  3                764.351A   40.051    0.0066
nFnu                1035.92A   42.756    3.3396      Ca A                1.47599m   39.316    0.0012      N  3                685.515A   39.378    0.0014
nInu                1035.92A   44.098   73.3581      Ca A                4.76203m   39.280    0.0011      N  3                686.336A   40.155    0.0084
nFnu                1000.00A   42.749    3.2820      Ca B                1640.43A   42.129    0.7880      N  3                685.817A   40.072    0.0069
nInu                1000.00A   44.033   63.1484      Ca B                1215.13A   41.675    0.2768      N  3                452.227A   39.518    0.0019
nFnu                925.144A   42.741    3.2213      Ca B                1084.94A   41.347    0.1300      N  4                1486.50A   40.885    0.0450
nInu                925.144A   44.000   58.5853      Ca B                1025.27A   41.090    0.0719      N  4                1483.32A   41.070    0.0688
RRC............................................      Ca B                992.360A   40.878    0.0442      N  4                765.147A   41.103    0.0742
H  1                3645.98A   42.483    1.7789      Ca B                972.108A   40.698    0.0292      N  4                247.205A   39.310    0.0012
H  1                3645.98A   42.732    3.1555      Ca B                958.694A   40.540    0.0203      Ne 4                2421.66A   40.168    0.0086
H  1                8203.53A   41.814    0.3814      Ca B                949.324A   40.401    0.0147      Ne 4                2424.28A   40.319    0.0122
H  1                8203.53A   42.098    0.7334      Ca B                942.508A   40.275    0.0110      Ne 4                1601.45A   39.511    0.0019
H  1                8203.53A   41.868    0.4315      Ca B                937.389A   40.161    0.0085      Ne 4                541.126A   39.633    0.0025
H  1                1.45841m   41.372    0.1379      Ca B                933.444A   40.056    0.0067      Ne 4                542.076A   39.762    0.0034
H  1                1.45841m   41.658    0.2663      Ca B                930.337A   39.959    0.0053      Ne 4                543.886A   39.841    0.0041
H  1                1.45841m   41.526    0.1966      Ca B                927.846A   39.869    0.0043      Ne 5                24.2065m   40.054    0.0066
H  1                1.45841m   41.073    0.0692      Ca B                925.817A   39.785    0.0036      Ne 5                14.3228m   39.998    0.0058
H  1                2.27876m   41.045    0.0649      Ca B                924.142A   39.706    0.0030      Ne 5                3345.99A   40.054    0.0066
H  1                2.27876m   41.329    0.1248      Ca B                922.743A   39.631    0.0025      Ne 5                3426.03A   40.501    0.0186
H  1                2.27876m   41.226    0.0984      Ca B                921.562A   39.561    0.0021      Ne 5                1574.76A   39.413    0.0015
H  1                2.27876m   40.913    0.0478      Ca B                920.556A   39.494    0.0018      Ne 5                1136.51A   39.500    0.0019
H  1                2.27876m   40.334    0.0126      Ca B                919.693A   39.431    0.0016      Ne 5                1145.60A   39.953    0.0053
H  1                3.28142m   40.786    0.0358      Ca B                918.945A   39.370    0.0014      Ne 5                568.422A   39.255    0.0011
H  1                3.28142m   41.068    0.0684      Ca B                918.295A   39.313    0.0012      Ne 5                569.759A   40.030    0.0063
H  1                3.28142m   40.975    0.0552      Ca B                917.724A   39.257    0.0011      Ne 5                481.363A   39.459    0.0017
H  1                3.28142m   40.712    0.0302      Ca B                4685.64A   41.193    0.0913      Ne 5                482.985A   39.648    0.0026
H  1                3.28142m   40.302    0.0117      Ca B                3203.04A   40.879    0.0443      Ne 5                359.375A   39.446    0.0016
H  1                3.28142m   39.647    0.0026      Ca B                2733.24A   40.624    0.0246      Ne 6                7.64318m   40.264    0.0107
H  1                4.46637m   40.571    0.0218      Ca B                2511.15A   40.413    0.0151      Ne 6                997.031A   39.261    0.0011
H  1                4.46637m   40.851    0.0415      Ca B                2385.35A   40.232    0.0100      Ne 6                558.685A   39.688    0.0029
H  1                4.46637m   40.763    0.0339      Ca B                2306.15A   40.074    0.0069      Ne 6                1005.69A   39.665    0.0027
H  1                4.46637m   40.523    0.0195      Ca B                2252.64A   39.935    0.0050      Ne 6                999.183A   39.649    0.0026
H  1                4.46637m   40.180    0.0089      Ca B                2214.62A   39.809    0.0038      Ne 6                562.798A   39.927    0.0049
H  1                4.46637m   39.714    0.0030      Ca B                2186.56A   39.694    0.0029      Ne 6                435.641A   39.676    0.0028
H  1                5.83363m   40.388    0.0143      Ca B                2165.20A   39.589    0.0023      Ne 6                403.270A   39.715    0.0030
H  1                5.83363m   40.666    0.0271      Ca B                2148.55A   39.493    0.0018      Ne 6                401.928A   39.699    0.0029
H  1                5.83363m   40.580    0.0222      Ca B                2135.31A   39.402    0.0015      Ne 7                887.279A   39.335    0.0013
H  1                5.83363m   40.353    0.0132      Ca B                2124.58A   39.318    0.0012      Ne 7                465.220A   39.980    0.0056
H  1                5.83363m   40.044    0.0065      Ca B                2115.78A   39.239    0.0010      Ne 8                780.325A   39.849    0.0041
H  1                5.83363m   39.659    0.0027      Ca B                1.01233m   40.564    0.0215      Ne 8                770.410A   39.991    0.0057
H  1                7.38319m   40.228    0.0099      Ca B                6559.91A   40.319    0.0122      Ni 2                1.19102m   39.508    0.0019
H  1                7.38319m   40.505    0.0187      Ca B                5411.37A   40.107    0.0075      O  4                25.8832m   40.565    0.0215
H  1                7.38319m   40.420    0.0154      Ca B                4859.18A   39.925    0.0049      O  4                1399.77A   40.221    0.0097
H  1                7.38319m   40.200    0.0093      Ca B                4541.46A   39.766    0.0034      O  4                1407.38A   40.211    0.0095
H  1                7.38319m   39.910    0.0048      Ca B                4338.55A   39.625    0.0025      O  4                1397.20A   39.770    0.0034
H  1                7.38319m   39.569    0.0022      Ca B                4199.71A   39.498    0.0018      O  4                1404.78A   40.656    0.0265
H  1                9.11505m   40.086    0.0071      Ca B                4099.92A   39.383    0.0014      O  4                1401.16A   40.643    0.0257
H  1                9.11505m   40.362    0.0135      Ca B                4025.48A   39.278    0.0011      O  4                787.710A   40.031    0.0063
H  1                9.11505m   40.277    0.0111      Ca B                1.86362m   40.066    0.0068      O  4                790.114A   41.071    0.0689
H  1                9.11505m   40.062    0.0067      Ca B                1.16260m   39.868    0.0043      O  4                790.201A   40.547    0.0206
H  1                9.11505m   39.784    0.0036      Ca B                9344.62A   39.687    0.0028      O  4                609.830A   40.448    0.0164
H  1                9.11505m   39.468    0.0017      Ca B                8236.51A   39.527    0.0020      O  4                554.076A   39.261    0.0011
H  1                11.0292m   40.761    0.0337      Ca B                7592.50A   39.386    0.0014      O  4                555.264A   40.567    0.0216
H  1                13.1257m   40.648    0.0260      Ca B                7177.28A   39.258    0.0011      O  4                554.514A   40.375    0.0139
H  1                15.4044m   40.545    0.0205      Ca B                3.09074m   39.648    0.0026      O  6                1037.62A   41.092    0.0723
H  1                17.8655m   40.449    0.0164      Ca B                1.87427m   39.485    0.0018      O  6                1031.91A   41.366    0.1361
H  1                20.5089m   40.359    0.0134      Ca B                1.47599m   39.329    0.0012      O  6                150.125A   39.331    0.0013
H  1                23.3345m   40.275    0.0110      Ca B                4.76203m   39.287    0.0011      O  6                150.090A   39.402    0.0015
H  1                26.3425m   40.197    0.0092      He 2                607.567A   42.805    3.7358      S  4                10.5076m   40.944    0.0514
H  1                29.5328m   40.122    0.0078      He 2                303.784A   43.082    7.0695      S  4                1404.81A   39.645    0.0026
H  1                32.9053m   40.052    0.0066      He 2                256.317A   39.835    0.0040      S  4                1423.84A   39.514    0.0019
H  1                36.4602m   39.985    0.0057      He 2                243.027A   39.711    0.0030      S  4                1416.89A   40.107    0.0075
H  1                40.1974m   39.922    0.0049      He 2                237.331A   39.653    0.0026      S  4                1406.02A   40.171    0.0087
H  1                44.1168m   39.862    0.0043      He 2                234.347A   39.618    0.0024      S  4                1062.66A   40.006    0.0059
H  1                48.2186m   39.804    0.0037      He 2                232.584A   39.590    0.0023      S  4                1073.52A   39.946    0.0052
H  1                52.5027m   39.748    0.0033      He 2                231.454A   39.571    0.0022      S  4                1072.97A   40.042    0.0064
H  1                56.9691m   40.899    0.0464      He 2                230.686A   39.554    0.0021      S  4                815.941A   39.848    0.0041
He 2                2049.88A   40.971    0.0548      He 2                230.139A   39.537    0.0020      S  4                753.760A   40.007    0.0060
He 2                2049.88A   41.388    0.1431      He 2                229.736A   39.282    0.0011      S  4                750.221A   39.942    0.0051
He 2                2049.88A   41.309    0.1191      He 2                229.431A   39.274    0.0011      S  4                657.319A   39.373    0.0014
He 2                3644.36A   40.535    0.0201      He 2                229.194A   39.265    0.0011      S  4                661.455A   39.970    0.0055
He 2                3644.36A   40.948    0.0519      He 2                229.006A   39.258    0.0011      S  4                554.027A   39.503    0.0019
He 2                3644.36A   40.960    0.0534      He 2                228.855A   39.250    0.0010      S  5                786.470A   40.138    0.0080
He 2                3644.36A   40.618    0.0243      He 2                228.731A   39.243    0.0010      S  6                944.524A   39.881    0.0045
He 2                5694.36A   40.195    0.0092      He 2                228.629A   39.237    0.0010      S  6                933.380A   40.082    0.0071
He 2                5694.36A   40.603    0.0235      He 2                228.309A   39.236    0.0010      Si 6                1.96247m   39.510    0.0019
He 2                5694.36A   40.643    0.0257      He 2                228.269A   39.261    0.0011      Si 8                1440.51A   39.322    0.0012
He 2                5694.36A   40.443    0.0162      He 2                228.234A   39.331    0.0013      Si 8                319.840A   39.440    0.0016
He 2                5694.36A   39.940    0.0051      He 2                228.203A   40.103    0.0074      Si 8                316.218A   39.373    0.0014
He 2                8199.90A   39.923    0.0049      He 2                1640.43A   42.131    0.7920      Si 8                314.356A   39.235    0.0010
He 2                8199.90A   40.328    0.0125      He 2                1215.13A   41.686    0.2839      level 1 lines..................................
He 2                8199.90A   40.378    0.0140      He 2                1084.94A   41.361    0.1344      recombination..................................
He 2                8199.90A   40.231    0.0100      He 2                1025.27A   41.106    0.0747      N  3                991.000A   39.303    0.0012
He 2                8199.90A   39.899    0.0046      He 2                992.360A   40.896    0.0461      O  4                789.400A   39.458    0.0017
He 2                8199.90A   39.292    0.0011      He 2                972.108A   40.719    0.0306      level2 lines...................................
He 2                1.11610m   39.699    0.0029      He 2                958.694A   40.565    0.0215      C  2                596.559A   39.294    0.0012
He 2                1.11610m   40.101    0.0074      He 2                949.324A   40.429    0.0157      C  3                271.090A   39.310    0.0012
He 2                1.11610m   40.155    0.0084      He 2                942.508A   40.411    0.0151      N  1                942.258A   39.772    0.0035
He 2                1.11610m   40.032    0.0063      He 2                937.389A   40.307    0.0119      N  3                293.510A   39.393    0.0014
He 2                1.11610m   39.770    0.0034      He 2                933.444A   40.212    0.0095      N  3                283.090A   39.274    0.0011
He 2                1.11610m   39.354    0.0013      He 2                930.337A   40.125    0.0078      O  1                976.791A   39.916    0.0048
He 2                1.45776m   39.508    0.0019      He 2                927.846A   40.045    0.0065      O  1                969.049A   39.805    0.0037
He 2                1.45776m   39.909    0.0047      He 2                925.817A   39.970    0.0055      O  1                946.387A   39.748    0.0033
He 2                1.45776m   39.964    0.0054      He 2                924.142A   39.902    0.0047      O  1                934.501A   39.723    0.0031
He 2                1.45776m   39.854    0.0042      He 2                922.743A   39.839    0.0040      O  1                973.577A   39.733    0.0032
He 2                1.45776m   39.627    0.0025      He 2                921.562A   39.781    0.0035      O  1                927.472A   39.695    0.0029
He 2                1.45776m   39.295    0.0012      He 2                920.556A   39.729    0.0031      O  1                948.506A   39.678    0.0028
He 2                1.84498m   39.343    0.0013      He 2                919.693A   39.686    0.0028      O  1                922.969A   39.648    0.0026
He 2                1.84498m   39.742    0.0032      He 2                918.945A   39.653    0.0026      O  1                919.912A   39.647    0.0026
He 2                1.84498m   39.798    0.0037      He 2                918.295A   39.639    0.0025      O  1                935.672A   39.647    0.0026
He 2                1.84498m   39.695    0.0029      He 2                917.724A   39.673    0.0028      O  1                917.726A   39.626    0.0025
He 2                1.84498m   39.488    0.0018      He 2                917.221A   40.406    0.0149      O  1                918.704A   39.614    0.0024
He 2                2.27776m   39.594    0.0023      He 2                4685.64A   41.162    0.0850      O  1                928.186A   39.609    0.0024
He 2                2.27776m   39.651    0.0026      He 2                3203.04A   40.871    0.0435      O  1                917.473A   39.592    0.0023
He 2                2.27776m   39.552    0.0021      He 2                2733.24A   40.624    0.0246      O  1                923.438A   39.567    0.0022
He 2                2.27776m   39.358    0.0013      He 2                2511.15A   40.416    0.0153      O  1                920.243A   39.540    0.0020
He 2                2.75608m   40.132    0.0079      He 2                2385.35A   40.239    0.0101      O  1                917.970A   39.470    0.0017
He 2                3.27997m   40.020    0.0061      He 2                2306.15A   40.084    0.0071      O  2                425.190A   39.367    0.0014
He 2                3.84941m   39.917    0.0048      He 2                2252.64A   39.947    0.0052      O  3                305.400A   39.843    0.0041
He 2                4.46440m   39.821    0.0039      He 2                2214.62A   39.896    0.0046      O  3                268.070A   39.650    0.0026
He 2                5.12495m   39.732    0.0032      He 2                2186.56A   39.793    0.0036      O  3                263.850A   39.636    0.0025
He 2                5.83106m   39.649    0.0026      He 2                2165.20A   39.698    0.0029      O  3                373.640A   39.803    0.0037
He 2                6.58272m   39.570    0.0022      He 2                2148.55A   39.611    0.0024      O  3                265.020A   39.621    0.0024
He 2                7.37993m   39.496    0.0018      He 2                2135.31A   39.531    0.0020      O  3                248.730A   39.589    0.0023
He 2                8.22270m   39.426    0.0016      He 2                2124.58A   39.456    0.0017      O  3                241.200A   39.548    0.0021
He 2                9.11102m   39.360    0.0013      He 2                2115.78A   39.388    0.0014      O  3                248.620A   39.526    0.0020
He 2                10.0449m   39.296    0.0012      He 2                2108.46A   39.325    0.0012      O  3                236.890A   39.505    0.0019
He 2                11.0243m   39.236    0.0010      He 2                2102.30A   39.267    0.0011      O  3                234.190A   39.463    0.0017
He 2                14.2360m   40.290    0.0114      He 2                2079.84A   39.893    0.0046      O  3                276.900A   39.520    0.0019
He 1                2599.69A   41.407    0.1492      He 2                1.01233m   40.509    0.0189      O  3                241.140A   39.469    0.0017
He 1                3120.85A   40.879    0.0443      He 2                6559.91A   40.291    0.0114      O  3                280.450A   39.505    0.0019
He 1                3421.00A   40.789    0.0360      He 2                5411.37A   40.090    0.0072      O  3                263.230A   39.480    0.0018
He 1                3420.88A   41.266    0.1081      He 2                4859.18A   39.914    0.0048      O  3                232.380A   39.435    0.0016
He 1                3420.88A   41.488    0.1801      He 2                4541.46A   39.760    0.0034      O  3                236.860A   39.410    0.0015
He 1                3678.70A   41.038    0.0639      He 2                4338.55A   39.622    0.0025      O  3                231.110A   39.398    0.0015
He 1                6632.16A   40.601    0.0234      He 2                4199.71A   39.527    0.0020      O  3                255.390A   39.420    0.0015
He 1                7435.20A   40.141    0.0081      He 2                4099.92A   39.424    0.0016      O  3                232.350A   39.364    0.0014
He 1                7843.44A   41.069    0.0687      He 2                4025.48A   39.329    0.0012      O  3                234.180A   39.322    0.0012
He 1                8188.36A   40.703    0.0295      He 2                3968.32A   39.243    0.0010      O  3                231.100A   39.259    0.0011
He 1                8190.64A   40.210    0.0095      He 2                3740.11A   39.526    0.0020      O  3                244.650A   39.285    0.0011
He 1                8261.30A   40.414    0.0152      He 2                1.86362m   39.990    0.0057      O  4                239.130A   39.691    0.0029
He 1                1.24779m   40.108    0.0075      He 2                1.16260m   39.822    0.0039      O  4                207.610A   39.340    0.0013
He 1                1.35647m   39.673    0.0028      He 2                9344.62A   39.654    0.0026      O  4                196.560A   39.257    0.0011
He 1                1.40934m   40.612    0.0240      He 2                8236.51A   39.502    0.0019      O  4                214.760A   39.332    0.0013
He 1                1.45602m   40.362    0.0135      He 2                7592.50A   39.366    0.0014      O  4                280.550A   39.500    0.0019
He 1                1.45643m   39.866    0.0043      He 2                7177.28A   39.238    0.0010      O  5                135.810A   39.275    0.0011
He 1                1.45759m   39.900    0.0046      He 2                5931.63A   39.240    0.0010      O  5                139.140A   39.253    0.0010
He 1                1.45759m   39.422    0.0015      He 2                3.09074m   39.555    0.0021      Ne 3                250.920A   39.499    0.0018
He 1                1.46631m   39.977    0.0056      He 2                1.87427m   39.422    0.0015      Ne 3                281.580A   39.460    0.0017
He 1                2.01409m   39.753    0.0033      He 2                1.47599m   39.280    0.0011      Ne 3                265.510A   39.389    0.0014
He 1                2.15127m   39.332    0.0013      He-like iso-sequence...........................      Ne 5                143.350A   39.325    0.0012
He 1                2.21672m   40.274    0.0110      He 1                1202.81A   42.162    0.8507      Ne 6                122.920A   39.373    0.0014
He 1                2.27546m   40.060    0.0067      He 1                584.334A   41.179    0.0884      Mg 2                959.306A   39.346    0.0013
He 1                2.27605m   39.564    0.0021      He 1                537.030A   40.261    0.0107      Si 2                1179.59A   40.517    0.0192
He 1                2.27752m   39.738    0.0032      He 1                522.213A   40.143    0.0081      Si 2                993.354A   39.843    0.0041
He 1                2.27752m   39.261    0.0011      He 1                515.617A   40.077    0.0070      Si 2                1024.03A   39.632    0.0025
He 1                2.28864m   39.649    0.0026      He 1                512.099A   40.029    0.0063      S  3                667.049A   40.104    0.0074
He 1                2.96255m   39.486    0.0018      He 1                625.563A   42.870    4.3390      S  3                691.219A   39.797    0.0037
He 1                3.20640m   40.009    0.0060      He 1                510.018A   39.620    0.0024      S  3                704.220A   39.808    0.0038
He 1                3.27715m   39.810    0.0038      He 1                508.657A   39.592    0.0023      S  3                671.510A   39.399    0.0015
He 1                3.27790m   39.310    0.0012      He 1                507.727A   39.568    0.0022      Ar 1                918.493A   39.370    0.0014
He 1                3.27968m   39.537    0.0020      He 1                507.065A   39.545    0.0021      Ar 3                458.140A   39.283    0.0011
He 1                3.29317m   39.387    0.0014      He 1                506.576A   39.525    0.0020      Ar 4                444.680A   39.738    0.0032
He 1                4.46460m   40.273    0.0110      He 1                506.204A   39.503    0.0019      Ar 5                441.850A   39.550    0.0021
He 1                5.83132m   40.101    0.0074      He 1                505.916A   39.480    0.0018      Ar 5                455.901A   39.415    0.0015
He 1                7.38026m   39.949    0.0052      He 1                505.687A   39.458    0.0017      Ca 3                351.260A   39.381    0.0014
He 1                9.11143m   39.813    0.0038      He 1                505.502A   39.437    0.0016      Ca 4                310.370A   39.299    0.0012
He 1                11.0248m   39.690    0.0029      He 1                505.352A   39.415    0.0015      Ca 4                307.850A   39.282    0.0011
He 1                13.1205m   39.577    0.0022      He 1                505.227A   39.393    0.0014      Ca 4                323.400A   39.303    0.0012
He 1                15.3983m   39.473    0.0017      He 1                505.122A   39.372    0.0014      Ca 4                319.070A   39.270    0.0011
He 1                17.8584m   39.377    0.0014      He 1                505.033A   39.352    0.0013      Ca 5                314.530A   39.324    0.0012
He 1                20.5007m   39.288    0.0011      He 1                504.958A   39.251    0.0010      Ca 5                325.410A   39.254    0.0011
He 1                61.5933m   39.833    0.0040      He 1                504.893A   39.253    0.0010      Ca 6                330.390A   39.448    0.0016
grains.........................................      He 1                504.836A   39.257    0.0011      Ca 7                338.000A   39.345    0.0013
H-like iso-sequence............................      He 1                504.744A   39.243    0.0010      Fe 4                309.190A   39.374    0.0014
Cool                1215.67A   43.306   11.8345      He 1                504.706A   39.297    0.0012      Fe 4                532.950A   39.631    0.0025
Crst                960.000A   43.177    8.8071      He 1                504.672A   40.097    0.0073      Fe 4                275.130A   39.263    0.0011
LA X                1215.67A   41.766    0.3418      TOTL                1.08303m   41.459    0.1684      Fe 5                391.409A   39.255    0.0011
CION                      0    42.351    1.3121      He 1                1.08303m   41.459    0.1684      Fe 7                152.390A   39.253    0.0010
He2C                      0    40.235    0.0100      He 1                3888.63A   41.214    0.0959      P  2                967.202A   39.532    0.0020
Q(H)                4861.33A   42.108    0.7510      He 1                3187.74A   40.833    0.0399      P  2                963.828A   39.633    0.0025
Q(H)                1215.67A   43.645   25.8352      He 1                2945.10A   40.521    0.0194      Ti 2                3364.74A   39.273    0.0011
CaBo                4861.33A   42.126    0.7829      He 1                2829.08A   40.265    0.0108      Ti 2                3237.15A   39.246    0.0010
CaBo                1640.00A   42.172    0.8698      He 1                2760.44A   39.591    0.0023      Ti 2                1907.36A   39.279    0.0011
CaBo                4685.64A   41.201    0.0929      He 1                2721.00A   39.433    0.0016      Cr 2                2059.78A   39.466    0.0017
Ca A                937.804A   41.838    0.4030      He 1                2694.61A   39.292    0.0011      Mn 2                1198.85A   39.609    0.0024
Ca A                930.748A   41.635    0.2523      He 1                2.05813m   40.287    0.0113      Co 2                1575.91A   39.239    0.0010
Ca A                926.226A   41.459    0.1686      He 1                5015.68A   40.575    0.0220      Co 2                1470.18A   39.255    0.0011
Ca A                923.150A   41.305    0.1182      He 1                3964.73A   40.196    0.0092      Ni 2                1751.83A   39.492    0.0018
Ca A                920.963A   41.168    0.0861      He 1                3613.64A   39.897    0.0046      Ni 2                1744.24A   39.532    0.0020
Ca A                919.351A   41.043    0.0647      He 1                3447.59A   39.652    0.0026      Ni 2                1484.97A   39.396    0.0015
Ca A                918.129A   40.930    0.0498      He 1                7065.22A   40.562    0.0213      Ni 2                1472.74A   39.460    0.0017
Ca A                917.181A   40.826    0.0392      He 1                5875.64A   41.129    0.0787      Ni 2                1400.37A   39.484    0.0018
Ca A                916.429A   40.729    0.0314      He 1                4713.03A   39.931    0.0050      Ni 2                1375.73A   39.549    0.0021
Ca A                915.824A   40.640    0.0255      He 1                4471.49A   40.735    0.0318      Ni 2                1324.11A   39.519    0.0019
Ca A                915.329A   40.556    0.0211      He 1                4120.82A   39.530    0.0020      hyperfine structure............................
Ca A                914.919A   40.478    0.0176      He 1                4026.20A   40.425    0.0156      inner shell....................................
Ca A                914.576A   40.404    0.0148      He 1                3867.48A   39.240    0.0010      molecules......................................
Ca A                914.286A   40.335    0.0127      He 1                3819.61A   40.172    0.0087      H2 v                      0    40.146    0.0082
Ca A                914.039A   40.269    0.0109      He 1                3704.76A   40.216    0.0096      H-FB                      0    40.568    0.0216
Ca A                913.826A   40.208    0.0094      He 1                3634.08A   40.047    0.0065      H-FF                      0    40.375    0.0139
Ca A                913.641A   40.150    0.0083      He 1                3587.16A   39.899    0.0046      H- H                      0    40.735    0.0318
Ca A                913.480A   40.095    0.0073      He 1                3554.34A   39.767    0.0034      H2+                       0    40.244    0.0103
Ca A                913.339A   40.044    0.0065      He 1                3530.43A   39.647    0.0026      H2+p                      0    39.585    0.0023
Ca A                3970.07A   41.086    0.0713      He 1                3512.47A   39.539    0.0020      blends.........................................
Ca A                3889.05A   40.908    0.0474      He 1                3498.61A   39.440    0.0016      Blnd                1304.00A   40.182    0.0089
Ca A                3835.38A   40.753    0.0331      He 1                3487.70A   39.349    0.0013      Blnd                1039.00A   39.746    0.0033
Ca A                3797.89A   40.614    0.0241      He 1                3478.94A   39.264    0.0011      Blnd                2798.00A   40.849    0.0413
Ca A                3770.63A   40.489    0.0181      He 1                3439.99A   39.605    0.0024      Blnd                6720.00A   40.567    0.0216
Ca A                3750.15A   40.376    0.0139      He 1                7281.35A   40.032    0.0063      Blnd                1256.00A   40.115    0.0076
Ca A                3734.36A   40.271    0.0109      He 1                6678.15A   40.577    0.0221      Blnd                1198.00A   40.100    0.0074
Ca A                3721.93A   40.175    0.0088      He 1                5047.64A   39.487    0.0018      Blnd                1720.00A   39.877    0.0044
Ca A                3711.97A   40.085    0.0071      He 1                4921.93A   40.163    0.0085      Blnd                3722.00A   39.349    0.0013
Ca A                3703.85A   40.001    0.0059      He 1                4387.93A   39.850    0.0041      Blnd                1406.00A   40.555    0.0210
Ca A                3697.15A   39.922    0.0049      He 1                4143.76A   39.598    0.0023      Blnd                1199.00A   39.260    0.0011
Ca A                3691.55A   39.848    0.0041      He 1                4009.05A   39.580    0.0022      Blnd                2665.00A   39.649    0.0026
Ca A                3686.83A   39.777    0.0035      He 1                3926.41A   39.408    0.0015      Blnd                1860.00A   40.151    0.0083
Ca A                3682.80A   39.711    0.0030      He 1                3871.69A   39.259    0.0011      Blnd                4725.00A   40.157    0.0084
Ca A                3679.35A   39.647    0.0026      He 1                1.25274m   39.339    0.0013      Blnd                2860.00A   39.588    0.0023
Ca A                3676.36A   39.586    0.0023      He 1                9463.57A   39.263    0.0011      Blnd                2335.00A   39.647    0.0026
Ca A                3673.75A   39.528    0.0020      He 1                1.70027m   39.584    0.0022      Blnd                1888.00A   41.300    0.1166
Ca A                3671.47A   39.473    0.0017      He 1                1.19692m   39.429    0.0016      Blnd                1397.00A   41.199    0.0925
Ca A                9545.93A   40.505    0.0187      He 1                9515.06A   39.329    0.0012      Blnd                2424.00A   40.551    0.0208
Ca A                9228.97A   40.348    0.0131      He 1                1.86854m   40.166    0.0086      Blnd                895.000A   39.568    0.0022
Ca A                9014.87A   40.209    0.0095      He 1                1.27849m   39.837    0.0040      Blnd                774.000A   40.227    0.0099
Ca A                8862.74A   40.084    0.0071      He 1                1.09130m   39.572    0.0022      Blnd                2326.00A   40.034    0.0063
Ca A                8750.43A   39.970    0.0055      He 1                1.00275m   39.400    0.0015      Blnd                1335.00A   40.375    0.0139
Ca A                8664.98A   39.865    0.0043      He 1                1.86972m   39.689    0.0029      Blnd                977.000A   41.698    0.2921
Ca A                8598.35A   39.768    0.0034      He 1                1.27905m   39.359    0.0013      Blnd                1909.00A   41.818    0.3845
Ca A                8545.34A   39.678    0.0028      He 1                4.04791m   39.448    0.0016      Blnd                1176.00A   39.936    0.0051
Ca A                8502.44A   39.594    0.0023      He 1                343.773A   40.121    0.0077      Blnd                1549.00A   42.251    1.0420
Ca A                8467.21A   39.515    0.0019      Ca B                2945.10A   40.515    0.0192      Blnd                5199.00A   39.935    0.0050
Ca A                8437.91A   39.440    0.0016      Ca B                3187.74A   40.830    0.0396      Blnd                1085.00A   39.788    0.0036
Ca A                8413.28A   39.370    0.0014      Ca B                3613.64A   39.897    0.0046      Blnd                1750.00A   40.768    0.0343
Ca A                8392.35A   39.303    0.0012      Ca B                3888.63A   41.215    0.0960      Blnd                990.000A   40.723    0.0309
Ca A                8374.43A   39.239    0.0010      Ca B                3964.73A   40.204    0.0094      N 3R                990.000A   39.303    0.0012
Ca A                1.81740m   40.043    0.0065      Ca B                4026.20A   40.449    0.0164      Blnd                765.000A   41.103    0.0742
Ca A                1.73620m   39.904    0.0047      Ca B                4120.82A   39.571    0.0022      Blnd                1486.00A   41.289    0.1137
Ca A                1.68064m   39.778    0.0035      Ca B                4387.93A   39.867    0.0043      Blnd                1240.00A   41.168    0.0861
Ca A                1.64071m   39.664    0.0027      Ca B                4471.49A   40.759    0.0336      Blnd                6300.00A   40.062    0.0067
Ca A                1.61092m   39.559    0.0021      Ca B                4713.03A   39.970    0.0055      Blnd                3726.00A   40.029    0.0063
Ca A                1.58804m   39.461    0.0017      Ca B                4921.93A   40.184    0.0089      Blnd                3729.00A   40.202    0.0093
Ca A                1.57006m   39.371    0.0014      Ca B                5015.68A   40.595    0.0230      Blnd                833.000A   39.875    0.0044
Ca A                1.55563m   39.287    0.0011      Ca B                5047.64A   39.525    0.0020      Blnd                3727.00A   40.432    0.0158
Ca A                3.03835m   39.657    0.0027      Ca B                5875.64A   41.168    0.0863      Blnd                1666.00A   41.470    0.1726
Ca A                2.87219m   39.531    0.0020      Ca B                6678.15A   40.617    0.0242      Blnd                5007.00A   42.271    1.0922
Ca A                2.75749m   39.417    0.0015      Ca B                7065.22A   40.594    0.0230      Blnd                4363.00A   40.822    0.0388
Ca A                2.67438m   39.312    0.0012      Ca B                7281.35A   40.065    0.0068      Blnd                835.000A   41.429    0.1570
Ca A                12.3684m   39.886    0.0045      Ca B                9463.57A   39.258    0.0011      Blnd                1402.00A   41.107    0.0749
Ca A                7.50038m   39.736    0.0032      Ca B                1.08303m   41.496    0.1834      Blnd                789.000A   41.221    0.0975
Ca A                5.90655m   39.586    0.0023      Ca B                1.19692m   39.452    0.0017      O 4R                789.000A   39.458    0.0017
Ca A                5.12722m   39.449    0.0016      Ca B                1.25274m   39.336    0.0013      Blnd                630.000A   41.096    0.0730
Ca A                4.67119m   39.323    0.0012      Ca B                1.27849m   39.883    0.0045      Blnd                1218.00A   41.329    0.1250
Ca A                19.0565m   39.519    0.0019      Ca B                1.27905m   39.407    0.0015      Blnd                1035.00A   41.552    0.2084
Ca A                11.3055m   39.396    0.0015      Ca B                1.70027m   39.608    0.0024
Ca A                8.75760m   39.265    0.0011      Ca B                1.86854m   40.234    0.0100

                                                    Emergent line intensities
general properties.............................      He 2                2148.55A   39.610    0.0024      S  3                1713.11A   39.294    0.0012
continua.......................................      He 2                2135.31A   39.530    0.0020      S  3                1728.94A   39.745    0.0033
FIR                 83.0000m   43.135    8.0145      He 2                2124.58A   39.456    0.0017      S  3                1190.20A   39.322    0.0012
TIR                 1800.00m   40.374    0.0139      He 2                2115.78A   39.387    0.0014      S  3                1194.45A   39.786    0.0036
NIRa                2.85000m   44.273  110.0591      He 2                2108.46A   39.324    0.0012      S  3                1194.06A   39.258    0.0011
NIRb                3.00000m   43.874   43.9168      He 2                2102.30A   39.266    0.0011      S  3                1200.97A   39.246    0.0010
MIRa                15.0000m   43.914   48.2560      He 2                2079.84A   39.892    0.0046      S  3                1015.57A   39.326    0.0012
MIRb                22.5000m   43.989   57.3363      He 2                1.01233m   40.506    0.0189      S  3                1021.11A   39.532    0.0020
NMIR                21.7500m   44.273  110.0591      He 2                6559.91A   40.289    0.0114      Si 2                34.8046m   40.855    0.0421
TFIR                611.250m   41.149    0.0828      He 2                5411.37A   40.088    0.0072      Si 2                1808.01A   39.286    0.0011
TALL                10000.0A   44.725  311.8127      He 2                4859.18A   39.913    0.0048      Si 2                1260.42A   39.447    0.0016
F12                 12.0000m   43.473   17.4424      He 2                4541.46A   39.758    0.0034      Si 2                1193.29A   39.290    0.0011
F25                 25.0000m   43.256   10.5991      He 2                4338.55A   39.621    0.0025      Si 2                2344.20A   39.235    0.0010
F60                 60.0000m   43.087    7.1758      He 2                4199.71A   39.525    0.0020      Si 2                1816.93A   39.418    0.0015
F100                100.000m   42.000    0.5872      He 2                4099.92A   39.422    0.0016      Si 2                1533.43A   40.118    0.0077
MIPS                24.0000m   42.962    5.3796      He 2                4025.48A   39.328    0.0013      Si 2                1309.28A   39.909    0.0048
MIPS                70.0000m   42.517    1.9334      He 2                3968.32A   39.241    0.0010      Si 2                1265.00A   40.422    0.0155
MIPS                160.000m   40.853    0.0419      He 2                3740.11A   39.525    0.0020      Si 2                1197.39A   40.419    0.0154
IRAC                3.60000m   43.081    7.0866      He 2                1.86362m   39.990    0.0057      Si 2                1194.50A   40.316    0.0122
IRAC                4.50000m   43.117    7.6883      He 2                1.16260m   39.820    0.0039      Si 3                1892.03A   40.894    0.0460
IRAC                5.80000m   43.149    8.2900      He 2                9344.62A   39.652    0.0026      Si 3                1882.71A   41.082    0.0710
IRAC                8.00000m   43.304   11.8231      He 2                8236.51A   39.500    0.0019      Si 3                1206.50A   41.006    0.0596
SPR1                250.000m   40.156    0.0084      He 2                7592.50A   39.363    0.0014      Si 4                1393.75A   41.010    0.0601
SPR2                350.000m   40.038    0.0064      He 2                7177.28A   39.235    0.0010      Si 4                1402.77A   40.744    0.0326
SPR3                500.000m   39.981    0.0056      He 2                5931.63A   39.238    0.0010      Si 7                2146.64A   39.821    0.0039
PAC1                70.0000m   42.574    2.2057      He 2                3.09074m   39.555    0.0021      Si 7                2.48071m   39.626    0.0025
PAC2                100.000m   41.959    0.5346      He 2                1.87427m   39.422    0.0016      Al 2                2669.15A   39.245    0.0010
PAC3                160.000m   40.929    0.0499      He 2                1.47599m   39.279    0.0011      Al 2                2660.35A   39.429    0.0016
PAH                 3.30000m   42.225    0.9872      He-like iso-sequence...........................      Al 2                1670.79A   40.177    0.0088
PAHC                3.23000m   41.933    0.5036      He 1                1.08303m   41.457    0.1682      C  4                1550.78A   41.778    0.3526
PAHC                3.37000m   41.916    0.4848      He 1                3888.63A   41.213    0.0959      C  4                1548.19A   42.071    0.6918
PAH                 6.20000m   42.666    2.7203      He 1                3187.74A   40.832    0.0399      Fe 4                3095.77A   40.418    0.0154
PAHC                5.65000m   42.703    2.9662      He 1                2945.10A   40.520    0.0194      Fe 4                3094.96A   40.641    0.0257
PAH                 7.90000m   42.853    4.1869      He 1                2829.08A   40.264    0.0108      Fe 4                3094.53A   40.360    0.0135
PAHC                6.90000m   42.916    4.8462      He 1                2760.44A   39.590    0.0023      Fe 4                2835.74A   40.792    0.0364
PAH                 11.3000m   42.264    1.0792      He 1                2721.00A   39.432    0.0016      Fe 4                2829.36A   40.425    0.0156
PAHC                10.9000m   42.286    1.1350      He 1                2694.61A   39.291    0.0011      Fe 4                2823.50A   40.273    0.0110
PAH                 11.8000m   42.478    1.7674      He 1                2.05813m   40.287    0.0114      Fe 4                2.83562m   39.468    0.0017
PAHC                12.6500m   42.451    1.6603      He 1                5015.68A   40.573    0.0220      Fe 4                2567.61A   39.863    0.0043
PAH                 13.3000m   42.478    1.7647      He 1                3964.73A   40.195    0.0092      Fe 4                6739.82A   39.445    0.0016
PAHC                14.1000m   42.447    1.6443      He 1                3613.64A   39.896    0.0046      Fe 4                4906.56A   39.509    0.0019
Bcon                3640.00A   44.414  152.3416      He 1                3447.59A   39.651    0.0026      Fe 5                4227.19A   39.822    0.0039
Pcon                5000.00A   43.778   35.2122      He 1                7065.22A   40.560    0.0213      Fe 6                19.5527m   39.394    0.0015
O3bn                5007.00A   42.459    1.6888      He 1                5875.64A   41.127    0.0787      Fe 6                14.7670m   39.246    0.0010
SX                  25.0000A   42.131    0.7943      He 1                4713.03A   39.929    0.0050      Fe 6                4972.48A   39.523    0.0020
HX                  4.70000A   42.775    3.5021      He 1                4471.49A   40.733    0.0318      Fe 6                5145.76A   39.539    0.0020
RRC............................................      He 1                4120.82A   39.528    0.0020      Fe 6                5176.05A   39.547    0.0021
grains.........................................      He 1                4026.20A   40.424    0.0156      Mg 2                2802.71A   40.423    0.0155
H-like iso-sequence............................      He 1                3867.48A   39.238    0.0010      Mg 2                2795.53A   40.644    0.0259
H  1                1215.67A   43.901   46.7926      He 1                3819.61A   40.170    0.0087      Mg 5                5.60700m   39.409    0.0015
H  1                1025.72A   40.561    0.0214      He 1                3704.76A   40.215    0.0096      Mg 5                2782.76A   39.849    0.0041
H  1                972.537A   40.422    0.0155      He 1                3634.08A   40.046    0.0065      Mg 5                2928.09A   39.283    0.0011
H  1                949.743A   40.360    0.0135      He 1                3587.16A   39.898    0.0046      Mg 6                1806.00A   39.773    0.0035
H  1                937.804A   40.295    0.0116      He 1                3554.34A   39.766    0.0034      Mg 6                1806.43A   39.877    0.0044
H  1                930.748A   40.266    0.0108      He 1                3530.43A   39.646    0.0026      Mg 7                9.00655m   39.542    0.0020
H  1                926.226A   40.240    0.0102      He 1                3512.47A   39.538    0.0020      Mg 7                5.50177m   39.439    0.0016
H  1                923.150A   40.221    0.0098      He 1                3498.61A   39.439    0.0016      Mg 7                2628.89A   39.515    0.0019
H  1                920.963A   40.207    0.0095      He 1                3487.70A   39.348    0.0013      N  2                6548.05A   39.266    0.0011
H  1                919.351A   39.854    0.0042      He 1                3478.94A   39.263    0.0011      N  2                6583.45A   39.736    0.0032
H  1                918.129A   39.841    0.0041      He 1                3439.99A   39.604    0.0024      N  2                1084.56A   39.655    0.0027
H  1                917.181A   39.829    0.0040      He 1                7281.35A   40.029    0.0063      N  2                916.020A   39.313    0.0012
H  1                916.429A   39.818    0.0039      He 1                6678.15A   40.575    0.0221      N  2                916.710A   39.535    0.0020
H  1                915.824A   39.808    0.0038      He 1                5047.64A   39.485    0.0018      N  3                57.3238m   40.111    0.0076
H  1                915.329A   39.797    0.0037      He 1                4921.93A   40.162    0.0085      N  3                1748.65A   39.855    0.0042
H  1                914.919A   39.787    0.0036      He 1                4387.93A   39.849    0.0041      N  3                1753.99A   39.870    0.0044
H  1                914.576A   39.776    0.0035      He 1                4143.76A   39.596    0.0023      N  3                1746.82A   39.445    0.0016
H  1                914.286A   39.767    0.0034      He 1                4009.05A   39.578    0.0022      N  3                1752.16A   40.284    0.0113
H  1                914.039A   39.760    0.0034      He 1                3926.41A   39.407    0.0015      N  3                1749.67A   40.342    0.0129
H  1                913.826A   39.754    0.0033      He 1                3871.69A   39.257    0.0011      N  3                989.799A   40.053    0.0066
H  1                913.641A   39.754    0.0033      He 1                1.25274m   39.338    0.0013      N  3                991.511A   40.496    0.0184
H  1                913.480A   39.763    0.0034      He 1                9463.57A   39.261    0.0011      N  3                991.577A   39.913    0.0048
H  1                913.339A   39.809    0.0038      He 1                1.70027m   39.584    0.0023      N  4                1486.50A   40.885    0.0451
H  1                913.215A   40.536    0.0202      He 1                1.19692m   39.427    0.0016      N  4                1483.32A   41.070    0.0690
H  1                6562.81A   42.690    2.8779      He 1                9515.06A   39.327    0.0012      Ne 4                2421.66A   40.167    0.0086
H  1                4861.33A   42.231    1.0000      He 1                1.86854m   40.166    0.0086      Ne 4                2424.28A   40.318    0.0122
H  1                4340.46A   41.905    0.4718      He 1                1.27849m   39.835    0.0040      Ne 4                1601.45A   39.511    0.0019
H  1                4101.73A   41.603    0.2355      He 1                1.09130m   39.570    0.0022      Ne 5                24.2065m   40.054    0.0066
H  1                3970.07A   41.391    0.1446      He 1                1.00275m   39.398    0.0015      Ne 5                14.3228m   39.998    0.0059
H  1                3889.05A   41.211    0.0954      He 1                1.86972m   39.689    0.0029      Ne 5                3345.99A   40.053    0.0066
H  1                3835.38A   41.054    0.0665      He 1                1.27905m   39.358    0.0013      Ne 5                3426.03A   40.500    0.0186
H  1                3797.89A   40.917    0.0485      He 1                4.04791m   39.448    0.0016      Ne 5                1574.76A   39.413    0.0015
H  1                3770.63A   40.817    0.0385      extra Lyman....................................      Ne 5                1136.51A   39.500    0.0019
H  1                3750.15A   40.710    0.0302      database lines.................................      Ne 5                1145.60A   39.953    0.0053
H  1                3734.36A   40.613    0.0241      Al 3                1854.72A   39.914    0.0048      Ne 6                7.64318m   40.264    0.0108
H  1                3721.93A   40.524    0.0196      Al 3                1862.79A   39.774    0.0035      Ne 6                997.031A   39.261    0.0011
H  1                3711.97A   40.442    0.0163      Ar 1                1048.22A   39.484    0.0018      Ne 6                1005.69A   39.664    0.0027
H  1                3703.85A   40.367    0.0137      Ar 1                1066.66A   39.362    0.0014      Ne 6                999.183A   39.649    0.0026
H  1                3697.15A   40.297    0.0116      Ar 2                6.98337m   39.236    0.0010      Ni 2                1.19102m   39.506    0.0019
H  1                3691.55A   40.233    0.0100      Ar 3                7135.79A   39.448    0.0016      O  4                25.8832m   40.565    0.0216
H  1                3686.83A   40.174    0.0088      Ar 4                2853.66A   39.427    0.0016      O  4                1399.77A   40.220    0.0098
H  1                3682.80A   40.122    0.0078      Ar 4                4711.26A   39.909    0.0048      O  4                1407.38A   40.210    0.0095
H  1                3679.35A   40.076    0.0070      Ar 4                4740.12A   39.791    0.0036      O  4                1397.20A   39.769    0.0035
H  1                3676.36A   40.040    0.0064      Ar 5                13.0985m   39.284    0.0011      O  4                1404.78A   40.655    0.0266
H  1                3673.75A   40.022    0.0062      Ar 6                4.52800m   39.277    0.0011      O  4                1401.16A   40.642    0.0258
H  1                3671.47A   40.049    0.0066      C  2                1037.02A   40.361    0.0135      O  6                1037.62A   41.092    0.0725
H  1                3669.46A   40.757    0.0336      C  2                1334.53A   39.729    0.0031      O  6                1031.91A   41.366    0.1364
H  1                1.87510m   41.615    0.2420      C  2                1335.66A   40.140    0.0081      S  4                10.5076m   40.944    0.0516
H  1                1.28180m   41.336    0.1275      C  2                1335.71A   39.512    0.0019      S  4                1404.81A   39.645    0.0026
H  1                1.09380m   41.063    0.0679      C  2                2325.40A   39.479    0.0018      S  4                1423.84A   39.514    0.0019
H  1                1.00493m   40.857    0.0423      C  2                2326.93A   39.603    0.0024      S  4                1416.89A   40.106    0.0075
H  1                9545.93A   40.680    0.0281      C  2                157.636m   40.751    0.0331      S  4                1406.02A   40.171    0.0087
H  1                9228.97A   40.525    0.0197      C  3                1908.73A   41.409    0.1506      S  4                1062.66A   40.006    0.0060
H  1                9014.87A   40.388    0.0144      C  3                1906.68A   41.601    0.2346      S  4                1073.52A   39.946    0.0052
H  1                8862.74A   40.301    0.0117      C  3                977.020A   41.697    0.2924      S  4                1072.97A   40.041    0.0065
H  1                8750.43A   40.195    0.0092      C  3                1175.59A   39.372    0.0014      S  6                944.524A   39.881    0.0045
H  1                8664.98A   40.097    0.0074      C  3                1176.37A   39.592    0.0023      S  6                933.380A   40.081    0.0071
H  1                8598.35A   40.009    0.0060      C  3                2296.87A   39.594    0.0023      Si 6                1.96247m   39.510    0.0019
H  1                8545.34A   39.927    0.0050      Ca 4                3.20610m   39.512    0.0019      Si 8                1440.51A   39.322    0.0012
H  1                8502.44A   39.852    0.0042      Fe 2                25.9811m   40.119    0.0077      level 1 lines..................................
H  1                8467.21A   39.782    0.0036      Fe 2                5.33881m   40.636    0.0254      recombination..................................
H  1                8437.91A   39.718    0.0031      Fe 2                1.25668m   40.493    0.0183      level2 lines...................................
H  1                8413.28A   39.659    0.0027      Fe 2                2382.04A   39.886    0.0045      N  1                942.258A   39.772    0.0035
H  1                8392.35A   39.607    0.0024      Fe 2                35.3394m   39.467    0.0017      O  1                976.791A   39.915    0.0048
H  1                8374.43A   39.561    0.0021      Fe 2                1.32055m   39.916    0.0048      O  1                969.049A   39.804    0.0037
H  1                8358.96A   39.526    0.0020      Fe 2                2625.67A   39.957    0.0053      O  1                946.387A   39.747    0.0033
H  1                8345.51A   39.508    0.0019      Fe 2                2611.87A   39.570    0.0022      O  1                934.501A   39.723    0.0031
H  1                8333.74A   39.534    0.0020      Fe 2                2395.63A   39.632    0.0025      O  1                973.577A   39.732    0.0032
H  1                8323.38A   40.243    0.0103      Fe 2                2364.83A   39.584    0.0023      O  1                927.472A   39.695    0.0029
H  1                4.05113m   40.925    0.0494      Fe 2                1.37182m   39.692    0.0029      O  1                948.506A   39.677    0.0028
H  1                2.62513m   40.697    0.0292      Fe 2                2631.32A   39.255    0.0011      O  1                922.969A   39.647    0.0026
H  1                2.16551m   40.500    0.0186      Fe 2                2380.76A   39.307    0.0012      O  1                919.912A   39.647    0.0026
H  1                1.94454m   40.326    0.0125      Fe 2                17.9314m   39.601    0.0023      O  1                935.672A   39.647    0.0026
H  1                1.81740m   40.173    0.0087      Fe 2                1.64355m   40.422    0.0155      O  1                917.726A   39.625    0.0025
H  1                1.73620m   40.036    0.0064      Fe 2                8616.95A   39.335    0.0013      O  1                918.704A   39.613    0.0024
H  1                1.68064m   39.934    0.0050      Fe 2                2493.29A   39.545    0.0021      O  1                928.186A   39.608    0.0024
H  1                1.64071m   39.828    0.0040      Fe 2                1.80939m   39.719    0.0031      O  1                917.473A   39.591    0.0023
H  1                1.61092m   39.731    0.0032      Fe 2                2755.74A   39.254    0.0011      O  1                923.438A   39.566    0.0022
H  1                1.58804m   39.643    0.0026      Fe 7                9.50763m   39.746    0.0033      O  1                920.243A   39.540    0.0020
H  1                1.57006m   39.561    0.0021      Fe 7                5720.71A   39.726    0.0031      O  1                917.970A   39.469    0.0017
H  1                1.55563m   39.486    0.0018      Fe 7                4988.55A   39.536    0.0020      Mg 2                959.306A   39.346    0.0013
H  1                1.54388m   39.417    0.0015      Fe 7                4893.37A   39.288    0.0011      Si 2                1179.59A   40.516    0.0193
H  1                1.53417m   39.352    0.0013      Fe 7                7.81037m   39.234    0.0010      Si 2                993.354A   39.843    0.0041
H  1                1.52604m   39.294    0.0012      Fe 7                6086.97A   39.901    0.0047      Si 2                1024.03A   39.632    0.0025
H  1                1.51917m   39.241    0.0010      Fe 7                5158.89A   39.421    0.0015      Ar 1                918.493A   39.370    0.0014
H  1                1.49672m   39.878    0.0044      Fe 7                3586.32A   39.764    0.0034      P  2                967.202A   39.531    0.0020
H  1                7.45777m   40.380    0.0141      Fe 7                3758.92A   39.917    0.0049      P  2                963.828A   39.632    0.0025
H  1                4.65247m   40.213    0.0096      Mg 1                2852.13A   39.496    0.0018      Ti 2                3364.74A   39.272    0.0011
H  1                3.73951m   40.047    0.0066      Mn 2                2576.10A   39.350    0.0013      Ti 2                3237.15A   39.245    0.0010
H  1                3.29607m   39.897    0.0046      Mn 2                2593.72A   39.327    0.0012      Ti 2                1907.36A   39.279    0.0011
H  1                3.03835m   39.762    0.0034      Mn 2                2605.68A   39.296    0.0012      Cr 2                2059.78A   39.466    0.0017
H  1                2.87219m   39.645    0.0026      N  1                953.415A   39.303    0.0012      Mn 2                1198.85A   39.609    0.0024
H  1                2.75749m   39.540    0.0020      N  1                953.655A   39.288    0.0011      Co 2                1575.91A   39.238    0.0010
H  1                2.67438m   39.444    0.0016      N  1                1134.17A   39.774    0.0035      Co 2                1470.18A   39.255    0.0011
H  1                2.61191m   39.356    0.0013      N  1                1134.41A   39.816    0.0039      Ni 2                1751.83A   39.491    0.0018
H  1                2.56361m   39.274    0.0011      N  1                1134.98A   39.836    0.0040      Ni 2                1744.24A   39.531    0.0020
H  1                2.37371m   39.592    0.0023      N  1                1168.54A   39.437    0.0016      Ni 2                1484.97A   39.395    0.0015
H  1                12.3684m   39.943    0.0051      N  1                1199.55A   40.397    0.0146      Ni 2                1472.74A   39.459    0.0017
H  1                7.50038m   39.807    0.0038      N  1                1200.22A   40.380    0.0141      Ni 2                1400.37A   39.483    0.0018
H  1                5.90655m   39.665    0.0027      N  1                1200.71A   40.269    0.0109      Ni 2                1375.73A   39.548    0.0021
H  1                5.12722m   39.533    0.0020      N  1                5197.90A   39.594    0.0023      Ni 2                1324.11A   39.519    0.0019
H  1                4.67119m   39.406    0.0015      N  1                5200.26A   39.667    0.0027      hyperfine structure............................
H  1                4.37522m   39.302    0.0012      N  5                1238.82A   40.973    0.0552      inner shell....................................
H  1                3.48198m   39.358    0.0013      N  5                1242.80A   40.723    0.0311      molecules......................................
H  1                19.0565m   39.568    0.0022      Ne 2                12.8101m   40.457    0.0168      blends.........................................
H  1                11.3055m   39.456    0.0017      Ne 3                15.5509m   40.386    0.0143      Blnd                1304.00A   40.181    0.0089
H  1                8.75760m   39.333    0.0013      Ne 3                3868.76A   41.019    0.0615      Blnd                1039.00A   39.746    0.0033
H  1                27.7955m   39.240    0.0010      Ne 3                36.0036m   39.335    0.0013      Blnd                2798.00A   40.848    0.0414
He 2                1640.43A   42.131    0.7941      Ne 3                3967.47A   40.502    0.0186      Blnd                6720.00A   40.565    0.0216
He 2                1215.13A   41.685    0.2847      Ne 3                1814.56A   39.652    0.0026      Blnd                1256.00A   40.115    0.0077
He 2                1084.94A   41.361    0.1348      O  1                1040.94A   39.565    0.0022      Blnd                1198.00A   40.099    0.0074
He 2                1025.27A   41.105    0.0749      O  1                1304.86A   40.028    0.0063      Blnd                1720.00A   39.877    0.0044
He 2                992.360A   40.896    0.0462      O  1                1306.03A   39.551    0.0021      Blnd                3722.00A   39.348    0.0013
He 2                972.108A   40.718    0.0307      O  1                6300.30A   39.939    0.0051      Blnd                1406.00A   40.555    0.0211
He 2                958.694A   40.564    0.0215      O  1                6363.78A   39.444    0.0016      Blnd                1199.00A   39.259    0.0011
He 2                949.324A   40.428    0.0158      O  1                63.1679m   40.765    0.0342      Blnd                2665.00A   39.648    0.0026
He 2                942.508A   40.411    0.0151      O  1                145.495m   39.740    0.0032      Blnd                1860.00A   40.151    0.0083
He 2                937.389A   40.307    0.0119      O  2                3728.81A   40.200    0.0093      Blnd                4725.00A   40.155    0.0084
He 2                933.444A   40.212    0.0096      O  2                3726.03A   40.028    0.0063      Blnd                2860.00A   39.587    0.0023
He 2                930.337A   40.125    0.0078      O  3                88.3323m   41.065    0.0683      Blnd                2335.00A   39.647    0.0026
He 2                927.846A   40.044    0.0065      O  3                51.8004m   40.867    0.0432      Blnd                1888.00A   41.299    0.1169
He 2                925.817A   39.970    0.0055      O  3                4958.91A   41.669    0.2741      Blnd                1397.00A   41.198    0.0927
He 2                924.142A   39.901    0.0047      O  3                5006.84A   42.144    0.8179      Blnd                2424.00A   40.550    0.0208
He 2                922.743A   39.838    0.0040      O  3                2320.95A   40.221    0.0098      Blnd                1335.00A   40.374    0.0139
He 2                921.562A   39.780    0.0035      O  3                4363.21A   40.820    0.0388      Blnd                977.000A   41.698    0.2929
He 2                920.556A   39.729    0.0031      O  3                1660.81A   40.875    0.0440      Blnd                1909.00A   41.817    0.3855
He 2                919.693A   39.685    0.0028      O  3                1666.15A   41.341    0.1290      Blnd                1176.00A   39.936    0.0051
He 2                918.945A   39.652    0.0026      O  5                1218.34A   40.932    0.0502      Blnd                1549.00A   42.250    1.0449
He 2                918.295A   39.638    0.0026      O  5                1213.81A   41.107    0.0751      Blnd                1085.00A   39.787    0.0036
He 2                917.724A   39.672    0.0028      P  4                950.657A   39.449    0.0017      Blnd                1750.00A   40.768    0.0344
He 2                917.221A   40.406    0.0150      S  2                6730.82A   40.175    0.0088      Blnd                990.000A   40.723    0.0310
He 2                4685.64A   41.160    0.0850      S  2                6716.44A   40.337    0.0128      N 3R                990.000A   39.303    0.0012
He 2                3203.04A   40.870    0.0435      S  2                1259.52A   39.656    0.0027      Blnd                1486.00A   41.288    0.1140
He 2                2733.24A   40.623    0.0247      S  2                1253.81A   39.648    0.0026      Blnd                1240.00A   41.167    0.0863
He 2                2511.15A   40.416    0.0153      S  2                1250.58A   39.608    0.0024      Blnd                6300.00A   40.060    0.0067
He 2                2385.35A   40.238    0.0102      S  3                33.4704m   40.273    0.0110      Blnd                3726.00A   40.028    0.0063
He 2                2306.15A   40.084    0.0071      S  3                18.7078m   40.097    0.0073      Blnd                3729.00A   40.200    0.0093
He 2                2252.64A   39.947    0.0052      S  3                9068.62A   40.229    0.0100      Blnd                5007.00A   42.269    1.0921
He 2                2214.62A   39.895    0.0046      S  3                9530.62A   40.629    0.0250      Blnd                1218.00A   41.329    0.1253
He 2                2186.56A   39.792    0.0036      S  3                3721.63A   39.342    0.0013      Blnd                1035.00A   41.551    0.2090
He 2                2165.20A   39.697    0.0029      S  3                6312.06A   39.615    0.0024



 CIV QSO  
 Cooling:  HFBc                      0 :0.114 H  1c                     0 :0.503 HFFc                      0 :0.141  
 Heating:  BFH1                      0 :0.562 BFHe                      0 :0.433  

 These are some of the most important databases used by Cloudy:
 Many recombination coefficients were taken from http://amdpp.phys.strath.ac.uk/tamoc/RR/ and http://amdpp.phys.strath.ac.uk/tamoc/DR/
      and are based on the following papers:
        Badnell N. R., et al., A&A 406, 1151 (2003) [http://adsabs.harvard.edu/abs/2003A%26A...406.1151B]
        Badnell N. R., ApJS 167, 334 (2006) [http://adsabs.harvard.edu/abs/2006ApJS..167..334B]
 Much of the molecular emission data is from LAMDA as accessed on June 30, 2015. This database is described in:
        Schoeier F.L., et al., A&A 432, 369 (2005) [http://adsabs.harvard.edu/abs/2005A%26A...432..369S]
      This database is in part based on the work of the following groups:
        JPL: Pickett H. M. et al., JQSRT, 60, 883 (1998). [http://adsabs.harvard.edu/abs/1998JQSRT..60..883P]
        CDMS: Mueller H. S. et al., A&A 370, L49 (2001). [http://adsabs.harvard.edu/abs/2001A%26A...370L..49M]
              Mueller H. S. et al., J. Mol. Struct. 742, 215 (2005). [http://adsabs.harvard.edu/abs/2005JMoSt.742..215M]
 Some of the ionic emission data is from version 7.1.4 of CHIANTI. CHIANTI is a collaborative project involving the NRL (USA), the
      Universities of Florence (Italy) and Cambridge (UK), and George Mason University (USA). These papers describe Chianti:
        Dere K. P., et al., A&AS, 125, 149 (1997) [http://adsabs.harvard.edu/abs/1997A%26AS..125..149D]
        Landi E., et al., ApJ, 744, 99 (2012) [http://adsabs.harvard.edu/abs/2012ApJ...744...99L]
 Much of the H_2 data is from this web site: http://molat.obspm.fr/index.php?page=pages/Molecules/H2/H2can94.php. These data are
      described in:
        Abgrall H. et al., Can. J. Phys., 72, 856 (1994) [http://adsabs.harvard.edu/abs/1994CaJPh..72..856A]
        Wrathmall S. A. & Flower D. R., J. Phys. B, 40, 3221 (2007) [http://adsabs.harvard.edu/abs/2007JPhB...40.3221W]
 The Case A and Case B recombination predictions for one-electron systems are from
	Storey, P.J. & Hummer, D.G., 1995, MNRAS 272, 41 http://adsabs.harvard.edu/abs/1995MNRAS.272...41S
 The He I recombination predictions are from
	Porter, R. L.; Ferland, G. J.; Storey, P. J.; Detisch, M. J., 2012, MNRAS, 425, 28p http://adsabs.harvard.edu/abs/2012MNRAS.425L..28P
		http://adsabs.harvard.edu/abs/2013MNRAS.433L..89P

 If you find some process or data set to be particularly critical to a result, please follow the trail of references back to the
 original source and cite that.  This will support and encourage atomic, molecular, and chemical physicists to continue their
 valuable work.

 IONIZE PARMET:  U(1-)  0.4745  U(4-): -0.5483  U(sp): -1.11  Q(ion):   51.310  L(ion) 43.255    Q(low): 57.148    L(low) 44.708
 ENERGY BUDGET:  Heat:  43.846  Coolg:  43.846  Error:  0.0%  Rec Lin:  43.610  F-F  H  0.000    P(rad/tot)max     1.20E-01    R(F Con):1.737e+05

     Col(Heff):      5.056E+21  snd travl time  4.13E+17 sec  Te-low: 5.48E+03  Te-hi: 7.54E+04  G0TH85: 4.35E+02  G0DB96:4.11E+02
  Emiss Measure    n(e)n(p) dl       2.484E+21  n(e)n(He+)dl         9.937E+19  En(e)n(He++) dl         1.492E+20  ne nC+:1.63E+14
 He/Ha:6.48E-02  =   0.65*true  Lthin:2.40E+03  itr/zn: 5.11  H2 itr/zn:  0.00  File Opacity: F  MassTot 1.76e+46  (gm)
   Temps(21 cm)   T(21cm/Ly a)  2.85E+03        T(<nH/Tkin>)  7.28E+03          T(<nH/Tspin>)    3.07E+03          TB21cm:5.48E+02
                   N(H0/Tspin)  6.89E+18        N(OH/Tkin)    7.93E+04          B(21cm)          0.00E+00
   <a>:6.57E-11  erdeFe6.2E+24  Tcompt5.36E+11  Tthr6.47E+16  <Tden>: 1.79E+04  <dens>:2.39E-25  <MolWgt>1.05E+00
     Mean Jeans  l(cm)2.73E+22  M(sun)3.97E+08  smallest:     len(cm):8.41E+21  M(sun):5.81E+07  a_ox tran: -1.55
 Rion:5.404E+22  Dist:0.00E+00  Diam:0.000E+00
 Hatom level 70  HatomType: add  HInducImp  F  He tot level: 63  He2 level:   70  ExecTime   327.2
 ConvrgError(%)  <eden>  0.031  MaxEden  0.518  <H-C>   0.10  Max(H-C)    0.48  <Press>   0.000  MaxPrs er  0.000
  Continuity(%)  chng Te   2.8  elec den   7.3  n(H2)    0.0  n(CO)        0.0

                                                        Averaged Quantities
             Te      Te(Ne)   Te(NeNp)  Te(NeHe+)Te(NeHe2+) Te(NeO+)  Te(NeO2+)  Te(H2)     N(H)     Ne(O2+)   Ne(Np)
 Radius:  1.21e+04  3.92e+04  4.17e+04  2.68e+04  5.15e+04  1.60e+04  2.82e+04  7.02e+03  1.02e-01  2.10e-01  2.30e-01
   Area:  7.35e+03  2.94e+04  3.36e+04  2.55e+04  4.80e+04  1.50e+04  2.65e+04  6.73e+03  7.00e-02  2.07e-01  1.92e-01
 Volume:  6.50e+03  2.01e+04  2.88e+04  2.43e+04  4.65e+04  1.41e+04  2.51e+04  6.51e+03  5.67e-02  2.05e-01  1.28e-01
 
 Peimbert T(OIIIr)2.07E+04 T(Bac)3.75E+04 T(Hth)0.00E+00 t2(Hstrc) 1.45e-01 T(O3-BAC)0.00E+00 t2(O3-BC) 0.00e+00 t2(O3str) 8.55e-02

 Contin Optical Depths: COMP: 8.26e-03    H-: 6.83e-04 R(1300): 1.42e-01  H2+: 4.46e-05  Bra:8.26E-03
                          Pa: 8.26e-03    Ba: 8.91e-03      Hb: 8.77e-03   La: 3.49e+02     1r:1.341E+05  1.8:4.18E+04 4.:7.055E+03

 Old, new H  1 continuum optical depths:
     1 1.34e+05     2 3.61e-04     3 7.07e-04     4 7.07e-04     5 7.07e-04     6 1.78e-04     7 1.78e-04     8 1.78e-04
     9 1.78e-04    10 1.51e-15    11 1.51e-15    12 1.51e-15    13 1.51e-15    14 1.51e-15    15 3.32e-15    16 3.32e-15
    17 3.32e-15    18 3.32e-15    19 3.32e-15    20 3.32e-15    21 6.69e-15    22 6.69e-15    23 6.69e-15    24 6.69e-15
    25 6.69e-15    26 6.69e-15    27 6.69e-15    28 1.25e-14    29 1.25e-14    30 1.25e-14    31 1.25e-14    32 1.25e-14
    33 1.25e-14    34 1.25e-14    35 1.25e-14    36 2.22e-14    37 2.22e-14    38 2.22e-14    39 2.22e-14    40 2.22e-14
    41 2.22e-14    42 2.22e-14    43 2.22e-14    44 2.22e-14    45 3.72e-14    46 3.72e-14    47 3.72e-14    48 3.72e-14
    49 3.72e-14    50 3.72e-14    51 3.72e-14    52 3.72e-14    53 3.72e-14    54 3.72e-14
     1 1.34e+05     2 3.61e-04     3 7.07e-04     4 7.07e-04     5 7.07e-04     6 1.78e-04     7 1.78e-04     8 1.78e-04
     9 1.78e-04    10 1.53e-15    11 1.53e-15    12 1.53e-15    13 1.53e-15    14 1.53e-15    15 3.35e-15    16 3.35e-15
    17 3.35e-15    18 3.35e-15    19 3.35e-15    20 3.35e-15    21 6.75e-15    22 6.75e-15    23 6.75e-15    24 6.75e-15
    25 6.75e-15    26 6.75e-15    27 6.75e-15    28 1.26e-14    29 1.26e-14    30 1.26e-14    31 1.26e-14    32 1.26e-14
    33 1.26e-14    34 1.26e-14    35 1.26e-14    36 2.24e-14    37 2.24e-14    38 2.24e-14    39 2.24e-14    40 2.24e-14
    41 2.24e-14    42 2.24e-14    43 2.24e-14    44 2.24e-14    45 3.75e-14    46 3.75e-14    47 3.75e-14    48 3.75e-14
    49 3.75e-14    50 3.75e-14    51 3.75e-14    52 3.75e-14    53 3.75e-14    54 3.75e-14

 Old, new H  1 mean line optical depths:
  2- 1 2.59e+09  3- 2 1.51e-05  4- 3 5.03e-12  5- 4 5.66e-12  6- 5 8.75e-12  7- 6 1.12e-11  8- 7 1.75e-11
  9- 8 2.69e-11 10- 9 4.05e-11 11-10 9.73e-11 12-11 9.06e-12 13-12 1.90e-11 14-13 1.96e-11 15-14 2.74e-11 16-15 3.59e-11
 17-16 4.34e-11 18-17 8.44e-11 19-18 2.25e-11 20-19 1.85e-12 21-20 0.00e+00 22-21 0.00e+00 23-22 0.00e+00 24-23 0.00e+00
 25-24 0.00e+00
  2- 1 2.59e+09  3- 2 1.15e-05  4- 3 5.15e-12  5- 4 5.82e-12  6- 5 9.01e-12  7- 6 1.16e-11  8- 7 1.83e-11
  9- 8 2.82e-11 10- 9 4.25e-11 11-10 1.04e-10 12-11 1.03e-11 13-12 2.07e-11 14-13 2.22e-11 15-14 3.11e-11 16-15 4.15e-11
 17-16 5.17e-11 18-17 9.47e-11 19-18 4.05e-11 20-19 1.58e-11 21-20 2.74e-14 22-21 0.00e+00 23-22 0.00e+00 24-23 0.00e+00
 25-24 0.00e+00

 Old, new He 2 continuum optical depths:
     1 7.06e+03     2 1.33e+05     3 1.76e-04     4 1.76e-04     5 1.76e-04     6 3.61e-04     7 3.61e-04     8 3.61e-04
     9 3.61e-04    10 5.76e-04    11 5.76e-04    12 5.76e-04    13 5.76e-04    14 5.76e-04    15 7.07e-04    16 7.07e-04
    17 7.07e-04    18 7.07e-04    19 7.07e-04    20 7.07e-04    21 5.81e-04    22 5.81e-04    23 5.81e-04    24 5.81e-04
    25 5.81e-04    26 5.81e-04    27 5.81e-04    28 1.78e-04    29 1.78e-04    30 1.78e-04    31 1.78e-04    32 1.78e-04
    33 1.78e-04    34 1.78e-04    35 1.78e-04    36 8.91e-16    37 8.91e-16    38 8.91e-16    39 8.91e-16    40 8.91e-16
    41 8.91e-16    42 8.91e-16    43 8.91e-16    44 8.91e-16    45 1.51e-15    46 1.51e-15    47 1.51e-15    48 1.51e-15
    49 1.51e-15    50 1.51e-15    51 1.51e-15    52 1.51e-15    53 1.51e-15    54 1.51e-15
     1 7.06e+03     2 1.33e+05     3 1.76e-04     4 1.76e-04     5 1.76e-04     6 3.61e-04     7 3.61e-04     8 3.61e-04
     9 3.61e-04    10 5.76e-04    11 5.76e-04    12 5.76e-04    13 5.76e-04    14 5.76e-04    15 7.07e-04    16 7.07e-04
    17 7.07e-04    18 7.07e-04    19 7.07e-04    20 7.07e-04    21 5.81e-04    22 5.81e-04    23 5.81e-04    24 5.81e-04
    25 5.81e-04    26 5.81e-04    27 5.81e-04    28 1.78e-04    29 1.78e-04    30 1.78e-04    31 1.78e-04    32 1.78e-04
    33 1.78e-04    34 1.78e-04    35 1.78e-04    36 9.00e-16    37 9.00e-16    38 9.00e-16    39 9.00e-16    40 9.00e-16
    41 9.00e-16    42 9.00e-16    43 9.00e-16    44 9.00e-16    45 1.53e-15    46 1.53e-15    47 1.53e-15    48 1.53e-15
    49 1.53e-15    50 1.53e-15    51 1.53e-15    52 1.53e-15    53 1.53e-15    54 1.53e-15

 Old, new He 2 mean line optical depths:
  2- 1 1.70e+07  3- 2 5.96e-09  4- 3 2.51e-14  5- 4 2.88e-14  6- 5 4.27e-14  7- 6 7.69e-14  8- 7 1.37e-13
  9- 8 2.36e-13 10- 9 3.77e-13 11-10 1.50e-12 12-11 1.56e-14 13-12 4.15e-14 14-13 1.82e-14 15-14 1.24e-14 16-15 0.00e+00
 17-16 0.00e+00 18-17 0.00e+00 19-18 0.00e+00 20-19 0.00e+00 21-20 0.00e+00 22-21 0.00e+00 23-22 0.00e+00 24-23 0.00e+00
 25-24 0.00e+00
  2- 1 1.70e+07  3- 2 6.12e-09  4- 3 2.55e-14  5- 4 2.94e-14  6- 5 4.38e-14  7- 6 7.85e-14  8- 7 1.39e-13
  9- 8 2.39e-13 10- 9 3.83e-13 11-10 1.53e-12 12-11 1.87e-14 13-12 4.44e-14 14-13 2.78e-14 15-14 2.79e-14 16-15 1.78e-14
 17-16 2.78e-16 18-17 0.00e+00 19-18 0.00e+00 20-19 0.00e+00 21-20 0.00e+00 22-21 0.00e+00 23-22 0.00e+00 24-23 0.00e+00
 25-24 0.00e+00

 Old He Is optical depths:    1 4.18e+04    2 2.39e-04    3 3.01e-04    4 3.35e-04    5 3.35e-04
 New He Is optical depths:    1 4.18e+04    2 2.39e-04    3 3.01e-04    4 3.35e-04    5 3.35e-04
          Old He Is Lines:  584 1.65e+08 3889 5.36e-03 5016 7.10e-09 5876 5.99e-13
          New He Is Lines:  584 1.65e+08 3889 5.38e-03 5016 7.47e-09 5876 6.01e-13
CIV QSO  


          Start Iteration Number 3                                                                     CIV QSO  


WARNING: no exact matching lines found for "HE 2" 949.310A
Taking best match as "He 2                949.324A"
WARNING: no exact matching lines found for "HE 2" 4859.00A
Taking best match as "He 2                4859.18A"
WARNING: no exact matching lines found for "HE 2" 4339.00A
WARNING: Line with incorrect label found close "O  2                4339.00A"
Taking best match as "He 2                4338.55A"
WARNING: no exact matching lines found for "HE 2" 6527.00A
Taking best match as "He 2                6526.88A"
WARNING: no exact matching lines found for "HE 2" 6560.00A
Taking best match as "He 2                6559.91A"
 ####  1  Te:7.543E+04 Hden:2.404E-01 Ne:2.885E-01 R:3.178E+21 R-R0:1.581E+19 dR:3.162E+19 NTR:  9 Htot:1.349E-25 T912: 1.34e+05###
 Hydrogen      4.86e-07 1.00e+00 H+o/Hden 1.00e+00 2.29e-19 H-    H2 2.38e-29 5.56e-21 H2+ HeH+ 8.34e-21 Ho+ ColD 3.70e+12 7.60e+18
 Helium        1.40e-10 1.23e-04 1.00e+00 HeI 2s3S 2.35e-15 Comp H,C 1.37e-27 3.88e-29 Fill Fac 1.00e+00 Gam1/tot 9.90e-01
 He singlet n  1.40e-10 3.05e-21 2.46e-27 2.27e-27 1.52e-27 2.92e-27 He tripl 2.35e-15 1.94e-25 6.81e-27 4.13e-26 8.10e-27
 Pressure      NgasTgas 4.17e+04 P(total) 5.76e-12 P( gas ) 5.76e-12 P(Radtn) 0.00e+00 Rad accl 2.33e-10 ForceMul 5.12e+00
 Texc(La)      3.38e+03 T(I con) 1.15e+01 T(D con) 7.93e-01 T(U tot) 1.15e+01 nT (c+d) 2.96e+06 Prad/Gas 0.00e+00 Pmag/Gas 0.00e+00
 Molecules     CH/Ctot: 1.45e-37 CH+/Ctot 2.66e-27 CO/Ctot: 2.00e-51 CO+/Ctot 1.20e-42 H2O/Otot 5.05e-59 OH/Ototl 1.51e-36
 Lithium       5.89e-18 3.60e-07 2.98e-03 9.97e-01 Berylliu 2.13e-18 4.41e-10 6.03e-05 2.75e-02 9.72e-01 sec ion: 0.00e+00
 Boron         2.17e-19 3.73e-10 3.17e-07 2.48e-03 1.37e-01 8.61e-01
 Carbon        5.27e-20 9.35e-11 2.32e-07 3.67e-05 3.58e-02 3.77e-01 5.87e-01 H2O+/O   3.14e-58 OH+/Otot 1.50e-36 Hex(tot) 0.00e+00
 Nitrogen      1.05e-16 1.59e-11 7.33e-08 2.60e-05 1.05e-03 1.96e-01 5.43e-01 2.60e-01 O2/Ototl 1.78e-49 O2+/Otot 2.30e-48
 Oxygen        9.88e-18 1.56e-12 1.31e-08 8.63e-06 7.12e-04 1.01e-02 4.86e-01 4.29e-01 7.45e-02
 Fluorine      9.72e-19 1.83e-13 1.66e-09 2.22e-06 3.57e-04 8.80e-03 4.60e-02 6.99e-01 2.29e-01 1.64e-02
 Neon          3.66e-20 1.46e-14 2.85e-10 4.28e-07 1.37e-04 6.47e-03 5.03e-02 1.28e-01 7.13e-01 9.84e-02 3.21e-03
 Sodium        3.33e-25 9.87e-16 5.41e-11 2.03e-07 7.41e-05 5.02e-03 7.22e-02 1.86e-01 2.11e-01 4.93e-01 3.18e-02 5.23e-04
 Magnesium     2.69e-25 4.42e-18 1.20e-12 1.25e-08 1.18e-05 1.11e-03 2.91e-02 1.83e-01 3.28e-01 2.15e-01 2.36e-01 7.78e-03 7.14e-05
 Aluminium  1  8.27e-17 3.16e-14 9.51e-10 1.89e-06 6.22e-04 1.61e-02 1.58e-01 4.21e-01 2.75e-01 8.01e-02 4.87e-02 9.27e-04 5.14e-06
 Silicon    1  8.51e-16 5.68e-13 6.38e-11 3.52e-07 1.71e-04 1.46e-02 2.02e-01 4.05e-01 2.90e-01 6.77e-02 1.59e-02 5.41e-03 6.22e-05
 Phosphorus 2  2.58e-12 2.95e-10 1.38e-08 1.99e-05 2.86e-03 6.62e-02 2.68e-01 4.70e-01 1.64e-01 2.53e-02 3.10e-03 7.50e-04 5.42e-06
 Sulphur    2  9.69e-12 1.22e-09 5.24e-08 1.16e-06 5.74e-04 3.18e-02 2.53e-01 3.36e-01 2.66e-01 1.02e-01 1.02e-02 8.04e-04 1.44e-04
 Chlorine   3  2.27e-09 1.19e-07 2.00e-06 2.52e-05 5.03e-03 9.01e-02 4.32e-01 3.76e-01 8.51e-02 1.13e-02 5.81e-04 4.60e-05 5.21e-06
 Argon      3  8.02e-10 2.86e-07 7.52e-06 5.19e-05 3.96e-04 3.61e-02 2.53e-01 4.19e-01 2.32e-01 5.60e-02 3.64e-03 1.16e-04 6.47e-06
 Potassium  3  3.30e-10 1.28e-07 1.57e-05 1.55e-04 5.14e-04 2.43e-03 1.10e-01 4.58e-01 3.54e-01 6.95e-02 5.28e-03 1.48e-04 6.53e-06
 Calcium    4  1.05e-07 1.47e-05 4.05e-04 1.94e-03 3.20e-03 1.01e-02 2.45e-01 4.92e-01 2.11e-01 3.42e-02 2.82e-03 1.28e-04 2.77e-06
 Scandium   4  1.78e-07 2.31e-05 6.73e-04 1.01e-02 1.94e-02 1.58e-02 2.84e-02 3.96e-01 3.86e-01 1.34e-01 9.00e-03 3.04e-04 9.80e-06
 Titanium   4  3.00e-07 3.53e-05 1.01e-03 1.76e-02 6.67e-02 6.98e-02 3.46e-02 6.15e-02 4.96e-01 2.14e-01 3.72e-02 1.97e-03 2.79e-05
 Vanadium   5  4.08e-05 1.10e-03 1.88e-02 8.34e-02 2.52e-01 1.05e-01 6.06e-02 6.82e-02 3.39e-01 6.69e-02 4.82e-03 1.63e-04 1.38e-06
 Chromium   5  2.45e-05 1.22e-03 2.02e-02 9.03e-02 3.19e-01 2.28e-01 7.05e-02 7.66e-02 3.82e-02 1.29e-01 2.67e-02 1.09e-03 1.86e-05
 Manganese  5  4.08e-05 2.65e-03 2.05e-02 9.21e-02 3.28e-01 2.71e-01 2.37e-01 3.24e-02 7.75e-03 2.64e-03 5.56e-03 7.30e-04 2.57e-05
 Iron       6  2.14e-03 7.38e-02 2.80e-01 3.78e-01 1.96e-01 5.34e-02 1.28e-02 2.72e-03 6.59e-04 3.73e-04 5.34e-04 4.26e-05 1.66e-06
 Cobalt     6  2.57e-04 1.09e-02 8.29e-02 2.72e-01 2.36e-01 2.31e-01 1.35e-01 2.81e-02 2.61e-03 4.38e-04 1.54e-04 1.40e-04 7.43e-06
 Nickel     6  1.02e-04 5.23e-03 5.07e-02 2.86e-01 2.41e-01 2.36e-01 1.41e-01 3.25e-02 6.51e-03 5.24e-04 6.35e-05 1.72e-05 1.22e-05
 Copper     6  6.36e-05 3.63e-03 4.15e-02 3.04e-01 3.85e-01 1.43e-01 9.52e-02 2.23e-02 4.70e-03 1.22e-03 4.44e-05 5.44e-06 8.20e-07
 Zinc       6  1.92e-05 1.44e-03 1.78e-02 1.60e-01 2.52e-01 3.45e-01 1.71e-01 4.17e-02 8.63e-03 2.36e-03 3.57e-04 1.14e-05 1.53e-06
 ####393  Te:5.478E+03 Hden:3.159E-02 Ne:2.297E-04 R:3.148E+23 R-R0:3.117E+23 dR:2.800E+21 NTR:  6 Htot:6.023E-31 T912: 2.68e+05###
 Hydrogen      9.93e-01 7.02e-03 H+o/Hden 1.00e+00 6.07e-10 H-    H2 1.03e-08 2.81e-10 H2+ HeH+ 2.30e-09 Ho+ ColD 2.11e+22 1.08e+22
 Helium        9.98e-01 2.44e-03 1.80e-06 HeI 2s3S 1.53e-15 Comp H,C 1.07e-34 2.38e-37 Fill Fac 1.00e+00 Gam1/tot 4.71e-02
 He singlet n  9.98e-01 2.46e-21 3.69e-26 3.13e-28 2.28e-27 2.41e-28 He tripl 1.53e-15 1.38e-26 3.01e-28 2.72e-27 6.50e-28
 Pressure      NgasTgas 1.92e+02 P(total) 2.65e-14 P( gas ) 2.65e-14 P(Radtn) 7.24e-20 Rad accl 1.47e-11 ForceMul 5.02e+05
 Texc(La)      2.75e+03 T(I con) 1.07e+00 T(D con) 8.61e-01 T(U tot) 1.17e+00 nT (c+d) 4.66e+05 Prad/Gas 2.74e-06 Pmag/Gas 0.00e+00
 Molecules     CH/Ctot: 4.91e-14 CH+/Ctot 1.13e-08 CO/Ctot: 2.16e-13 CO+/Ctot 6.71e-14 H2O/Otot 6.71e-18 OH/Ototl 6.58e-09
 Lithium       5.39e-06 1.00e+00 3.31e-08 0.00e+00 Berylliu 2.96e-05 9.92e-01 7.47e-03 2.22e-05 0.00e+00 sec ion: 6.03e-19
 Boron         2.38e-06 9.92e-01 2.41e-05 7.59e-03 0.00e+00 0.00e+00
 Carbon        1.39e-05 9.99e-01 8.49e-04 0.00e+00 0.00e+00 0.00e+00 0.00e+00 H2O+/O   1.67e-16 OH+/Otot 9.64e-09 Hex(tot) 0.00e+00
 Nitrogen      9.95e-01 5.17e-03 1.64e-06 0.00e+00 0.00e+00 0.00e+00 0.00e+00 0.00e+00 O2/Ototl 1.61e-14 O2+/Otot 1.90e-13
 Oxygen        9.94e-01 5.55e-03 3.79e-06 0.00e+00 0.00e+00 0.00e+00 0.00e+00 0.00e+00 0.00e+00
 Fluorine      4.50e-01 4.88e-01 6.19e-02 0.00e+00 0.00e+00 0.00e+00 0.00e+00 0.00e+00 0.00e+00 0.00e+00
 Neon          3.63e-01 5.33e-01 1.04e-01 0.00e+00 0.00e+00 0.00e+00 0.00e+00 0.00e+00 0.00e+00 0.00e+00 0.00e+00
 Sodium        5.87e-05 8.88e-01 1.12e-01 2.04e-06 4.81e-06 0.00e+00 0.00e+00 0.00e+00 0.00e+00 0.00e+00 0.00e+00 0.00e+00
 Magnesium     5.37e-05 9.70e-01 3.00e-02 0.00e+00 0.00e+00 0.00e+00 0.00e+00 0.00e+00 0.00e+00 0.00e+00 0.00e+00 0.00e+00 0.00e+00
 Aluminium  0  1.62e-06 9.06e-01 3.55e-02 5.86e-02 2.42e-06 0.00e+00 0.00e+00 0.00e+00 0.00e+00 0.00e+00 0.00e+00 0.00e+00 0.00e+00
 Silicon    0  2.30e-06 1.00e+00 1.00e-05 5.34e-06 0.00e+00 0.00e+00 0.00e+00 0.00e+00 0.00e+00 0.00e+00 0.00e+00 0.00e+00 0.00e+00
 Phosphorus 0  1.02e-05 9.94e-01 5.98e-03 2.74e-05 0.00e+00 0.00e+00 0.00e+00 0.00e+00 0.00e+00 0.00e+00 0.00e+00 0.00e+00 0.00e+00
 Sulphur    0  4.18e-06 9.46e-01 5.36e-02 1.30e-06 0.00e+00 0.00e+00 0.00e+00 0.00e+00 0.00e+00 0.00e+00 0.00e+00 0.00e+00 0.00e+00
 Chlorine   0  1.26e-05 9.01e-01 9.86e-02 2.27e-06 0.00e+00 0.00e+00 0.00e+00 0.00e+00 0.00e+00 0.00e+00 0.00e+00 0.00e+00 0.00e+00
 Argon      0  5.83e-01 4.16e-01 1.22e-03 0.00e+00 0.00e+00 0.00e+00 0.00e+00 0.00e+00 0.00e+00 0.00e+00 0.00e+00 0.00e+00 0.00e+00
 Potassium  0  8.68e-06 8.52e-01 1.37e-01 2.27e-06 1.05e-02 0.00e+00 0.00e+00 0.00e+00 0.00e+00 0.00e+00 0.00e+00 0.00e+00 0.00e+00
 Calcium    0  9.59e-09 1.48e-03 9.98e-01 7.55e-05 3.88e-06 0.00e+00 0.00e+00 0.00e+00 0.00e+00 0.00e+00 0.00e+00 0.00e+00 0.00e+00
 Scandium   0  6.31e-08 1.17e-02 9.84e-01 3.70e-03 1.52e-04 0.00e+00 0.00e+00 0.00e+00 0.00e+00 0.00e+00 0.00e+00 0.00e+00 0.00e+00
 Titanium   0  2.17e-06 4.96e-01 5.02e-01 1.59e-05 2.38e-03 0.00e+00 0.00e+00 0.00e+00 0.00e+00 0.00e+00 0.00e+00 0.00e+00 0.00e+00
 Vanadium   0  3.76e-05 8.55e-01 1.45e-01 2.67e-06 5.38e-05 0.00e+00 0.00e+00 0.00e+00 0.00e+00 0.00e+00 0.00e+00 0.00e+00 0.00e+00
 Chromium   0  2.55e-06 1.00e+00 1.73e-04 1.42e-06 1.06e-05 0.00e+00 0.00e+00 0.00e+00 0.00e+00 0.00e+00 0.00e+00 0.00e+00 0.00e+00
 Manganese  0  6.18e-05 1.00e+00 2.52e-04 1.63e-06 4.05e-05 0.00e+00 0.00e+00 0.00e+00 0.00e+00 0.00e+00 0.00e+00 0.00e+00 0.00e+00
 Iron       0  7.35e-06 1.00e+00 6.55e-05 6.38e-06 3.38e-06 0.00e+00 0.00e+00 0.00e+00 0.00e+00 0.00e+00 0.00e+00 0.00e+00 0.00e+00
 Cobalt     0  5.81e-05 1.00e+00 1.23e-05 8.14e-06 3.88e-05 0.00e+00 0.00e+00 0.00e+00 0.00e+00 0.00e+00 0.00e+00 0.00e+00 0.00e+00
 Nickel     0  3.48e-05 1.00e+00 1.00e-05 1.90e-06 6.76e-06 0.00e+00 0.00e+00 0.00e+00 0.00e+00 0.00e+00 0.00e+00 0.00e+00 0.00e+00
 Copper     0  2.48e-05 9.94e-01 5.87e-03 2.02e-06 0.00e+00 0.00e+00 0.00e+00 0.00e+00 0.00e+00 0.00e+00 0.00e+00 0.00e+00 0.00e+00
 Zinc       0  2.68e-05 6.20e-01 3.59e-01 1.67e-02 3.46e-03 0.00e+00 0.00e+00 0.00e+00 0.00e+00 0.00e+00 0.00e+00 0.00e+00 0.00e+00
   CIV QSO  
   Calculation stopped because outer radius reached. Iteration 3 of 3
   The geometry is spherical.
 C-Continuum zero at some energies.
  !Background cosmic rays are not included - is this physical?  It affects the chemistry.
  !Ionization rate fell below background cosmic ray ionization rate.  Should this be added too?
  !   Use the COSMIC RAY BACKGROUND command.
  !Some input lines contained underscores, these were changed to spaces.
  !Thermal collisional ionization of H reached 14.43% of the local ionization rate.
  !Suprathermal collisional ionization of H reached 95.29% of the local H ionization rate.
  !Charge transfer H => H+ reached 236.9% of the local H ionization rate.
  !Destruction of He 2TriS reached 29.7% of the total He0 dest rate at zone 3, 29.7% of that was photoionization.
  !AGE: Cloud age was not set.  Longest timescale was 6.47e+16 s = 2.05e+09 years.
  !The CMB was not included.  This is added with the CMB command.
  !An ionization jump occurred elem Ti 7, by 151% from 1.01e-03 (zone 1) to 1.27e-03 (zone 2) to 1.91e-03 (zone 3)
  !The radiation pressure jumped by 2961% from 1.63e-13 (zone 157) to 2.80e-15 (zone 158) to 2.48e-15 (zone 159)
   Bound Compton heating reached 2.27% of the local heating.
   Te-ne bounds of Case B lookup table exceeded, H I Case B line intensities set to zero.
   Charge transfer heating reached 4.31% of the local heating.
   The density is too low to l-mix the lowest H  I collapsed level.  More resolved levels are needed for accurate line ratios.
   The density is too low to l-mix the lowest He I collapsed level.  More resolved levels are needed for accurate line ratios.
   Grains were not present but might survive in this environment (energy density temperature was 1.16e+01K)
   Cloud thicker than smallest Jeans length=8.41e+21cm; stability problems? (smallest Jeans mass=5.81e+07Mo)
   The continuum optical depth at the lowest energy considered (3.045e-09 Ryd) was 1.567e+00.
   The optical depth to Rayleigh scattering at 1300A is 1.42e-01
   Is an outer radius of 3.16e+23 reasonable?
   The ratio of radiation to gas pressure reached 1.20e-01 at zone 155.  Caused by Lyman alpha.

                       *********************************> Cloudy 17.03 <**********************************
                       * title CIV QSO                                                                   *
                       * set punch prefix "CIV_QSO"                                                      *
                       * radius = 21.500 23.500                                                          *
                       * iterate to convergence                                                          *
                       * sphere                                                                          *
                       * init "dlaw_HI_exp.ini"                                                          *
                       * table SED "QSO.sed"                                                             *
                       * nuL(nu) = 44.0 at 1 Ryd                                                         *
                       * stop temperature off                                                            *
                       * metals 0.01                                                                     *
                       * save last radius ".rad"                                                         *
                       * save last continuum ".cont"                                                     *
                       * save last physical conditions ".phy"                                            *
                       * save last overview ".ovr"                                                       *
                       * save last heating ".heat"                                                       *
                       * save last cooling ".cool"                                                       *
                       * save last optical depth ".opd"                                                  *
                       * save last element hydrogen ".ele_H"                                             *
                       * save last element helium ".ele_He"                                              *
                       * save last element carbon ".ele_C"                                               *
                       * save last element nitrogen ".ele_N"                                             *
                       * save last element oxygen ".ele_O"                                               *
                       * save last element argon ".ele_Ar"                                               *
                       * save last element neon ".ele_Ne"                                                *
                       * save last element sulphur ".ele_S"                                              *
                       * save last element chlorin ".ele_Cl"                                             *
                       * save last element iron ".ele_Fe"                                                *
                       * save last element silicon ".ele_Si"                                             *
                       * save last lines emissivity  ".emis"                                             *
                       * H  1  1215.67A                                                                  *
                       * H  1  1025.72A                                                                  *
                       * H  1  4861.33A                                                                  *
                       * H  1  6562.81A                                                                  *
                       * O  6  1031.91A                                                                  *
                       * O  6  1037.62A                                                                  *
                       * He 2  949.31A                                                                   *
                       * He 2  972.108A                                                                  *
                       * He 2  1025.27A                                                                  *
                       * He 2  1640.43A                                                                  *
                       * He 2  4859A                                                                     *
                       * He 2  4339A                                                                     *
                       * He 2  6527A                                                                     *
                       * He 2  6560A                                                                     *
                       * C  4  1550.78                                                                   *
                       * O  3  5006.84A                                                                  *
                       * N  5  1238.82                                                                   *
                       * N  5  1242.80                                                                   *
                       * c  4  1548.19                                                                   *
                       * c  4  1550.78                                                                   *
                       * mg 2  2795.53                                                                   *
                       * mg 2  2802.71                                                                   *
                       * end of lines                                                                    *
                       *********************************> Log(U):  0.47 <*********************************
                       >>>>>>>>>> Cautions are present.

                     Emission Line Spectrum.  Special Density Lw Model.  Closed geometry.  Iteration 3 of 3.
                                    Luminosity (erg/s) emitted by a shell with full coverage.


                                                   Intrinsic line intensities
general properties.............................      Ca B                3970.07A   41.265    0.1078      Ca B                1.86972m   39.761    0.0034
Inci                      0    44.707  298.0710      Ca B                3889.05A   41.085    0.0712      Ca B                2.05813m   40.620    0.0244
TotH                      0    43.846   41.0546      Ca B                3835.38A   40.927    0.0495      C  5                40.2678A   39.397    0.0015
TotC                      0    43.846   41.0704      Ca B                3797.89A   40.787    0.0358      C  5                41.4721A   39.569    0.0022
BFH1                      0    43.596   23.0768      Ca B                3770.63A   40.660    0.0268      Pho+                3889.00A   41.799    0.3684
BFHe                      0    43.482   17.7613      Ca B                3750.15A   40.545    0.0205      extra Lyman....................................
TotM                      0    41.347    0.1300      Ca B                3734.36A   40.440    0.0161      database lines.................................
Cbnd                      0    40.174    0.0087      Ca B                3721.93A   40.342    0.0129      Al 3                1854.72A   39.915    0.0048
ComH                      0    39.871    0.0043      Ca B                3711.97A   40.252    0.0104      Al 3                1862.79A   39.774    0.0035
CT H                      0    40.732    0.0316      Ca B                3703.85A   40.167    0.0086      Ar 1                1048.22A   39.484    0.0018
H FB                      0    42.902    4.6714      Ca B                3697.15A   40.088    0.0072      Ar 1                1066.66A   39.363    0.0013
HFBc                      0    42.902    4.6714      Ca B                3691.55A   40.013    0.0060      Ar 2                6.98337m   39.236    0.0010
H  1c                     0    43.547   20.6416      Ca B                3686.83A   39.943    0.0051      Ar 3                7135.79A   39.451    0.0017
He 2c                     0    42.450    1.6511      Ca B                3682.80A   39.876    0.0044      Ar 4                850.605A   39.328    0.0012
He 1c                     0    40.475    0.0175      Ca B                3679.35A   39.812    0.0038      Ar 4                2853.66A   39.428    0.0016
Al 3c                     0    39.680    0.0028      Ca B                3676.36A   39.752    0.0033      Ar 4                4711.26A   39.911    0.0048
Al 6c                     0    39.359    0.0013      Ca B                3673.75A   39.695    0.0029      Ar 4                4740.12A   39.792    0.0036
Ar 2c                     0    39.233    0.0010      Ca B                3671.47A   39.640    0.0026      Ar 5                822.174A   39.276    0.0011
Ar 3c                     0    39.705    0.0030      Ca B                9545.93A   40.581    0.0223      Ar 5                827.366A   39.819    0.0039
Ar 4c                     0    40.308    0.0119      Ca B                9228.97A   40.425    0.0156      Ar 5                13.0985m   39.284    0.0011
Ar 5c                     0    40.048    0.0065      Ca B                9014.87A   40.286    0.0113      Ar 6                754.930A   39.464    0.0017
Ar 6c                     0    39.553    0.0021      Ca B                8862.74A   40.160    0.0085      Ar 6                4.52800m   39.277    0.0011
C  2c                     0    40.877    0.0441      Ca B                8750.43A   40.046    0.0065      C  2                687.053A   39.331    0.0013
C  3c                     0    42.056    0.6658      Ca B                8664.98A   39.941    0.0051      C  2                687.352A   39.284    0.0011
Ca 4c                     0    39.618    0.0024      Ca B                8598.35A   39.844    0.0041      C  2                903.962A   39.309    0.0012
Ca 6c                     0    39.400    0.0015      Ca B                8545.34A   39.754    0.0033      C  2                904.142A   39.634    0.0025
Fe 2c                     0    41.212    0.0954      Ca B                8502.44A   39.669    0.0027      C  2                904.480A   39.647    0.0026
Fe 3c                     0    39.591    0.0023      Ca B                8467.21A   39.590    0.0023      C  2                1037.02A   40.362    0.0135
Fe 7c                     0    40.668    0.0273      Ca B                8437.91A   39.516    0.0019      C  2                1334.53A   39.729    0.0031
N  1c                     0    39.839    0.0040      Ca B                8413.28A   39.445    0.0016      C  2                1335.66A   40.141    0.0081
N  5c                     0    41.056    0.0666      Ca B                8392.35A   39.378    0.0014      C  2                1335.71A   39.513    0.0019
Ne 2c                     0    40.457    0.0167      Ca B                8374.43A   39.315    0.0012      C  2                2325.40A   39.480    0.0018
Ne 3c                     0    41.231    0.0997      Ca B                8358.96A   39.254    0.0011      C  2                2326.93A   39.604    0.0024
O  1c                     0    40.877    0.0441      Ca B                1.81740m   40.086    0.0071      C  2                157.636m   40.751    0.0330
O  2c                     0    40.475    0.0175      Ca B                1.73620m   39.947    0.0052      C  3                1908.73A   41.409    0.1502
O  3c                     0    42.446    1.6353      Ca B                1.68064m   39.822    0.0039      C  3                1906.68A   41.602    0.2340
O  5c                     0    41.585    0.2250      Ca B                1.64071m   39.708    0.0030      C  3                977.020A   41.697    0.2916
P  2c                     0    39.245    0.0010      Ca B                1.61092m   39.603    0.0023      C  3                386.203A   39.365    0.0014
S  2c                     0    40.596    0.0231      Ca B                1.58804m   39.506    0.0019      C  3                1175.59A   39.373    0.0014
S  3c                     0    41.066    0.0681      Ca B                1.57006m   39.416    0.0015      C  3                1176.37A   39.593    0.0023
Si 2c                     0    40.922    0.0489      Ca B                1.55563m   39.331    0.0013      C  3                2296.87A   39.595    0.0023
Si 3c                     0    41.441    0.1617      Ca B                1.54388m   39.252    0.0010      C  3                884.524A   39.261    0.0011
Si 4c                     0    41.151    0.0829      Ca B                3.03835m   39.686    0.0028      Ca 4                669.696A   39.451    0.0017
Si 7c                     0    40.118    0.0077      Ca B                2.87219m   39.560    0.0021      Ca 4                3.20610m   39.512    0.0019
Al 2c                     0    39.886    0.0045      Ca B                2.75749m   39.446    0.0016      Ca 6                629.602A   39.305    0.0012
C  4c                     0    42.240    1.0161      Ca B                2.67438m   39.341    0.0013      Ca 6                633.844A   39.517    0.0019
Ca 5c                     0    39.466    0.0017      Ca B                2.61191m   39.244    0.0010      Ca 6                641.904A   39.619    0.0024
Cl 4c                     0    39.428    0.0016      Ca B                12.3684m   39.901    0.0047      Cr 5                594.921A   39.539    0.0020
Fe 4c                     0    41.378    0.1396      Ca B                7.50038m   39.753    0.0033      Fe 2                25.9811m   40.119    0.0077
Fe 5c                     0    40.355    0.0132      Ca B                5.90655m   39.605    0.0024      Fe 2                5.33881m   40.636    0.0253
Fe 6c                     0    40.529    0.0198      Ca B                5.12722m   39.468    0.0017      Fe 2                1.25668m   40.495    0.0183
Mg 2c                     0    40.576    0.0221      Ca B                4.67119m   39.344    0.0013      Fe 2                2382.04A   39.887    0.0045
Mg 5c                     0    40.096    0.0073      Ca B                19.0565m   39.533    0.0020      Fe 2                35.3394m   39.467    0.0017
Mg 6c                     0    40.211    0.0095      Ca B                11.3055m   39.410    0.0015      Fe 2                1.32055m   39.917    0.0048
Mg 7c                     0    40.073    0.0069      Ca B                8.75760m   39.280    0.0011      Fe 2                2625.67A   39.958    0.0053
Mg 8c                     0    39.252    0.0010      H  1                2431.34A   43.517   19.2274      Fe 2                2611.87A   39.571    0.0022
N  2c                     0    39.949    0.0052      H  1                1215.67A   43.902   46.6605      Fe 2                2395.63A   39.633    0.0025
N  3c                     0    41.113    0.0758      H  1                1025.72A   40.561    0.0213      Fe 2                2364.83A   39.585    0.0022
N  4c                     0    41.541    0.2033      H  1                972.537A   40.422    0.0155      Fe 2                1.37182m   39.693    0.0029
Ne 4c                     0    40.661    0.0268      H  1                949.743A   40.361    0.0134      Fe 2                2631.32A   39.256    0.0011
Ne 5c                     0    40.967    0.0542      H  1                937.804A   40.295    0.0115      Fe 2                2380.76A   39.307    0.0012
Ne 6c                     0    40.628    0.0249      H  1                930.748A   40.267    0.0108      Fe 2                17.9314m   39.601    0.0023
Ne 7c                     0    39.843    0.0041      H  1                926.226A   40.241    0.0102      Fe 2                1.64355m   40.422    0.0155
Ne 8c                     0    39.717    0.0030      H  1                923.150A   40.221    0.0097      Fe 2                8616.95A   39.338    0.0013
Ni 2c                     0    39.757    0.0033      H  1                920.963A   40.208    0.0094      Fe 2                2493.29A   39.545    0.0021
O  4c                     0    41.589    0.2270      H  1                919.351A   39.854    0.0042      Fe 2                1.80939m   39.719    0.0031
O  6c                     0    41.513    0.1907      H  1                918.129A   39.842    0.0041      Fe 2                2755.74A   39.255    0.0011
S  4c                     0    41.223    0.0977      H  1                917.181A   39.830    0.0040      Fe 7                9.50763m   39.746    0.0033
S  5c                     0    40.009    0.0060      H  1                916.429A   39.819    0.0039      Fe 7                5720.71A   39.728    0.0031
S  6c                     0    40.036    0.0064      H  1                915.824A   39.808    0.0038      Fe 7                4988.55A   39.538    0.0020
Si 6c                     0    39.508    0.0019      H  1                915.329A   39.797    0.0037      Fe 7                4893.37A   39.290    0.0011
Si 8c                     0    39.620    0.0024      H  1                914.919A   39.787    0.0036      Fe 7                7.81037m   39.234    0.0010
continua.......................................      H  1                914.576A   39.776    0.0035      Fe 7                6086.97A   39.903    0.0047
Bac                 3646.00A   43.127    7.8377      H  1                914.286A   39.767    0.0034      Fe 7                5158.89A   39.423    0.0015
nFnu                3645.00A   43.465   17.0739      H  1                914.039A   39.760    0.0034      Fe 7                3586.32A   39.765    0.0034
nFnu                3647.00A   43.198    9.2361      H  1                913.826A   39.755    0.0033      Fe 7                3758.92A   39.918    0.0049
cout                3646.00A   43.127    7.8377      H  1                913.641A   39.754    0.0033      Fe 9                171.073A   39.436    0.0016
thin                3646.00A   43.127    7.8422      H  1                913.480A   39.763    0.0034      Mg 1                2852.13A   39.497    0.0018
Inci                4860.00A   43.947   51.7806      H  1                913.339A   39.809    0.0038      Mg 3                231.734A   39.318    0.0012
Inci                1215.00A   44.436  159.7578      H  1                913.215A   40.537    0.0201      Mn 2                2576.10A   39.357    0.0013
Ba C                      0    42.761    3.3773      H  1                6562.81A   42.692    2.8810      Mn 2                2593.72A   39.334    0.0013
PA C                      0    42.304    1.1782      H  1                4861.33A   42.233    1.0000      Mn 2                2605.68A   39.304    0.0012
FIR                 83.0000m   43.135    7.9827      H  1                4340.46A   41.906    0.4716      N  1                953.415A   39.304    0.0012
TIR                 1800.00m   40.374    0.0138      H  1                4101.73A   41.604    0.2353      N  1                953.655A   39.289    0.0011
NIRa                2.85000m   44.273  109.6221      H  1                3970.07A   41.393    0.1445      N  1                1134.17A   39.774    0.0035
NIRb                3.00000m   43.874   43.7424      H  1                3889.05A   41.212    0.0953      N  1                1134.41A   39.817    0.0038
MIRa                15.0000m   43.914   48.0644      H  1                3835.38A   41.055    0.0665      N  1                1134.98A   39.836    0.0040
MIRb                22.5000m   43.989   57.1086      H  1                3797.89A   40.918    0.0485      N  1                1168.54A   39.438    0.0016
NMIR                21.7500m   44.273  109.6221      H  1                3770.63A   40.818    0.0385      N  1                1199.55A   40.397    0.0146
TFIR                611.250m   41.149    0.0825      H  1                3750.15A   40.712    0.0301      N  1                1200.22A   40.381    0.0141
TALL                10000.0A   44.727  312.2567      H  1                3734.36A   40.614    0.0241      N  1                1200.71A   40.270    0.0109
F12                 12.0000m   43.473   17.3731      H  1                3721.93A   40.525    0.0196      N  1                5197.90A   39.596    0.0023
F25                 25.0000m   43.256   10.5570      H  1                3711.97A   40.444    0.0163      N  1                5200.26A   39.669    0.0027
F60                 60.0000m   43.087    7.1473      H  1                3703.85A   40.368    0.0137      N  5                1238.82A   40.974    0.0551
F100                100.000m   42.000    0.5848      H  1                3697.15A   40.298    0.0116      N  5                1242.80A   40.724    0.0310
MIPS                24.0000m   42.962    5.3583      H  1                3691.55A   40.234    0.0100      Ne 2                12.8101m   40.457    0.0168
MIPS                70.0000m   42.517    1.9257      H  1                3686.83A   40.175    0.0088      Ne 3                15.5509m   40.386    0.0142
MIPS                160.000m   40.853    0.0418      H  1                3682.80A   40.123    0.0078      Ne 3                3868.76A   41.021    0.0614
IRAC                3.60000m   43.081    7.0585      H  1                3679.35A   40.077    0.0070      Ne 3                36.0036m   39.335    0.0013
IRAC                4.50000m   43.117    7.6577      H  1                3676.36A   40.042    0.0064      Ne 3                3967.47A   40.503    0.0186
IRAC                5.80000m   43.149    8.2571      H  1                3673.75A   40.024    0.0062      Ne 3                1814.56A   39.653    0.0026
IRAC                8.00000m   43.304   11.7761      H  1                3671.47A   40.050    0.0066      Ne 3                491.045A   39.757    0.0033
SPR1                250.000m   40.156    0.0084      H  1                3669.46A   40.759    0.0336      Ne 3                489.645A   39.335    0.0013
SPR2                350.000m   40.038    0.0064      H  1                1.87510m   41.615    0.2410      Ne 3                313.688A   39.310    0.0012
SPR3                500.000m   39.981    0.0056      H  1                1.28180m   41.338    0.1274      Ne 3                490.311A   39.457    0.0017
PAC1                70.0000m   42.574    2.1969      H  1                1.09380m   41.065    0.0680      O  1                1040.94A   39.566    0.0022
PAC2                100.000m   41.959    0.5324      H  1                1.00493m   40.860    0.0424      O  1                1304.86A   40.029    0.0062
PAC3                160.000m   40.929    0.0497      H  1                9545.93A   40.683    0.0282      O  1                1306.03A   39.551    0.0021
PAH                 3.30000m   42.225    0.9832      H  1                9228.97A   40.528    0.0197      O  1                6300.30A   39.942    0.0051
PAHC                3.23000m   41.933    0.5016      H  1                9014.87A   40.391    0.0144      O  1                6363.78A   39.446    0.0016
PAHC                3.37000m   41.916    0.4829      H  1                8862.74A   40.303    0.0118      O  1                63.1679m   40.765    0.0341
PAH                 6.20000m   42.666    2.7095      H  1                8750.43A   40.197    0.0092      O  1                145.495m   39.740    0.0032
PAHC                5.65000m   42.703    2.9544      H  1                8664.98A   40.100    0.0074      O  2                833.330A   39.412    0.0015
PAH                 7.90000m   42.853    4.1703      H  1                8598.35A   40.011    0.0060      O  2                834.465A   39.540    0.0020
PAHC                6.90000m   42.916    4.8270      H  1                8545.34A   39.929    0.0050      O  2                3728.81A   40.202    0.0093
PAH                 11.3000m   42.264    1.0749      H  1                8502.44A   39.854    0.0042      O  2                3726.03A   40.029    0.0063
PAHC                10.9000m   42.286    1.1305      H  1                8467.21A   39.785    0.0036      O  3                88.3323m   41.065    0.0680
PAH                 11.8000m   42.478    1.7604      H  1                8437.91A   39.720    0.0031      O  3                51.8004m   40.867    0.0431
PAHC                12.6500m   42.451    1.6537      H  1                8413.28A   39.662    0.0027      O  3                4958.91A   41.671    0.2741
PAH                 13.3000m   42.478    1.7577      H  1                8392.35A   39.609    0.0024      O  3                5006.84A   42.145    0.8179
PAHC                14.1000m   42.447    1.6378      H  1                8374.43A   39.564    0.0021      O  3                2320.95A   40.222    0.0098
Bcon                3640.00A   44.414  151.9476      H  1                8358.96A   39.528    0.0020      O  3                4363.21A   40.822    0.0388
Pcon                5000.00A   43.780   35.2269      H  1                8345.51A   39.510    0.0019      O  3                1660.81A   40.875    0.0439
O3bn                5007.00A   42.460    1.6890      H  1                8333.74A   39.536    0.0020      O  3                1666.15A   41.342    0.1286
SX                  25.0000A   42.433    1.5868      H  1                8323.38A   40.245    0.0103      O  3                835.289A   40.379    0.0140
HX                  4.70000A   42.831    3.9702      H  1                4.05113m   40.925    0.0492      O  3                833.749A   40.285    0.0113
HFFc                      0    42.996    5.7922      H  1                2.62513m   40.697    0.0291      O  3                835.092A   39.845    0.0041
H FF                      0    42.925    4.9230      H  1                2.16551m   40.500    0.0185      O  3                832.929A   39.553    0.0021
HeFF                      0    42.165    0.8549      H  1                1.94454m   40.326    0.0124      O  3                833.715A   41.302    0.1174
MeFB                      0    39.418    0.0015      H  1                1.81740m   40.173    0.0087      O  3                835.059A   40.120    0.0077
ToFF                      0    42.994    5.7783      H  1                1.73620m   40.036    0.0064      O  3                703.854A   39.495    0.0018
nFnu                9993.08m   39.273    0.0011      H  1                1.68064m   39.934    0.0050      O  3                702.896A   40.523    0.0195
nFnu                6917.22m   39.414    0.0015      H  1                1.64071m   39.828    0.0039      O  3                703.851A   40.784    0.0356
nFnu                122.400m   40.917    0.0484      H  1                1.61092m   39.731    0.0032      O  3                702.838A   39.326    0.0012
nFnu                60.8322m   41.166    0.0859      H  1                1.58804m   39.643    0.0026      O  3                599.590A   39.290    0.0011
nInu                60.8322m   43.182    8.8906      H  1                1.57006m   39.561    0.0021      O  3                507.680A   39.936    0.0050
nFnu                41.2152m   41.308    0.1188      H  1                1.55563m   39.486    0.0018      O  3                508.178A   40.238    0.0101
nInu                41.2152m   43.405   14.8648      H  1                1.54388m   39.417    0.0015      O  5                1218.34A   40.932    0.0501
nFnu                30.8695m   41.411    0.1507      H  1                1.53417m   39.353    0.0013      O  5                1213.81A   41.107    0.0749
nInu                30.8695m   43.517   19.2450      H  1                1.52604m   39.294    0.0012      O  5                629.732A   41.095    0.0729
nFnu                24.7829m   41.489    0.1805      H  1                1.51917m   39.242    0.0010      P  4                950.657A   39.458    0.0017
nInu                24.7829m   43.576   22.0609      H  1                1.49672m   39.878    0.0044      S  2                6730.82A   40.177    0.0088
nFnu                24.2998m   41.496    0.1835      H  1                7.45777m   40.380    0.0140      S  2                6716.44A   40.340    0.0128
nInu                24.2998m   43.585   22.5065      H  1                4.65247m   40.213    0.0096      S  2                1259.52A   39.656    0.0027
nFnu                22.8302m   41.518    0.1929      H  1                3.73951m   40.047    0.0065      S  2                1253.81A   39.648    0.0026
nInu                22.8302m   43.602   23.4129      H  1                3.29607m   39.897    0.0046      S  2                1250.58A   39.608    0.0024
nFnu                21.4199m   41.540    0.2030      H  1                3.03835m   39.762    0.0034      S  3                33.4704m   40.273    0.0110
nInu                21.4199m   43.616   24.1660      H  1                2.87219m   39.645    0.0026      S  3                18.7078m   40.097    0.0073
nFnu                21.1235m   41.546    0.2057      H  1                2.75749m   39.540    0.0020      S  3                9068.62A   40.231    0.0100
nInu                21.1235m   43.619   24.3683      H  1                2.67438m   39.444    0.0016      S  3                9530.62A   40.631    0.0250
nFnu                19.6199m   41.572    0.2186      H  1                2.61191m   39.356    0.0013      S  3                3721.63A   39.343    0.0013
nInu                19.6199m   43.625   24.7029      H  1                2.56361m   39.274    0.0011      S  3                6312.06A   39.617    0.0024
nFnu                17.6534m   41.609    0.2381      H  1                2.37371m   39.592    0.0023      S  3                1713.11A   39.294    0.0012
nInu                17.6534m   43.648   26.0125      H  1                12.3684m   39.943    0.0051      S  3                1728.94A   39.746    0.0033
nFnu                17.3700m   41.615    0.2413      H  1                7.50038m   39.807    0.0038      S  3                1190.20A   39.323    0.0012
nInu                17.3700m   43.651   26.2302      H  1                5.90655m   39.665    0.0027      S  3                1194.45A   39.786    0.0036
nFnu                15.6901m   41.651    0.2622      H  1                5.12722m   39.533    0.0020      S  3                1194.06A   39.258    0.0011
nInu                15.6901m   43.664   26.9921      H  1                4.67119m   39.406    0.0015      S  3                1200.97A   39.246    0.0010
nFnu                14.6036m   41.677    0.2781      H  1                4.37522m   39.302    0.0012      S  3                1015.57A   39.327    0.0012
nInu                14.6036m   43.679   27.9535      H  1                3.48198m   39.358    0.0013      S  3                1021.11A   39.532    0.0020
nFnu                12.4300m   41.736    0.3184      H  1                19.0565m   39.568    0.0022      Si 2                34.8046m   40.855    0.0419
nInu                12.4300m   43.695   28.9668      H  1                11.3055m   39.456    0.0017      Si 2                1808.01A   39.286    0.0011
nFnu                11.4000m   41.766    0.3412      H  1                8.75760m   39.333    0.0013      Si 2                1260.42A   39.448    0.0016
nInu                11.4000m   43.703   29.5608      H  1                27.7955m   39.240    0.0010      Si 2                1193.29A   39.290    0.0011
nFnu                10.4600m   41.798    0.3675      Ca A                303.784A   43.016    6.0687      Si 2                2344.20A   39.236    0.0010
nInu                10.4600m   43.713   30.2372      Ca A                256.317A   42.378    1.3980      Si 2                1816.93A   39.419    0.0015
nFnu                9.48002m   41.831    0.3968      Ca A                243.027A   41.969    0.5450      Si 2                1533.43A   40.118    0.0077
nInu                9.48002m   43.723   30.9417      Ca A                237.331A   41.666    0.2711      Si 2                1309.28A   39.909    0.0047
nFnu                9.32488m   41.837    0.4020      Ca A                234.347A   41.424    0.1552      Si 2                1265.00A   40.422    0.0155
nInu                9.32488m   43.727   31.1990      Ca A                232.584A   41.221    0.0974      Si 2                1197.39A   40.420    0.0154
nFnu                8.21035m   41.884    0.4476      Ca A                231.454A   41.047    0.0653      Si 2                1194.50A   40.317    0.0121
nInu                8.21035m   43.733   31.6622      Ca A                230.686A   40.895    0.0459      Si 3                1892.03A   40.894    0.0459
nFnu                7.58000m   41.911    0.4767      Ca A                230.139A   40.758    0.0335      Si 3                1882.71A   41.083    0.0708
nInu                7.58000m   43.742   32.2859      Ca A                229.736A   40.635    0.0253      Si 3                1206.50A   41.006    0.0594
nFnu                7.05026m   41.940    0.5102      Ca A                229.431A   40.523    0.0195      Si 4                1393.75A   41.011    0.0600
nInu                7.05026m   43.743   32.4000      Ca A                229.194A   40.419    0.0154      Si 4                1402.77A   40.745    0.0325
nFnu                4.11370m   42.139    0.8065      Ca A                229.006A   40.324    0.0123      Si 7                2146.64A   39.822    0.0039
nInu                4.11370m   43.742   32.2779      Ca A                228.855A   40.235    0.0100      Si 7                2.48071m   39.626    0.0025
nFnu                2.32440m   42.343    1.2901      Ca A                228.731A   40.151    0.0083      Al 2                2669.15A   39.246    0.0010
nInu                2.32440m   43.658   26.6161      Ca A                228.629A   40.073    0.0069      Al 2                2660.35A   39.430    0.0016
nFnu                1.64313m   42.485    1.7888      Ca A                228.543A   39.999    0.0058      Al 2                1670.79A   40.178    0.0088
nInu                1.64313m   43.503   18.6154      Ca A                228.471A   39.929    0.0050      Ar 7                585.754A   39.368    0.0014
nFnu                1.48022m   42.518    1.9305      Ca A                228.409A   39.863    0.0043      C  4                1550.78A   41.779    0.3517
nInu                1.48022m   43.470   17.2733      Ca A                228.356A   39.800    0.0037      C  4                1548.19A   42.071    0.6899
nFnu                1.43649m   42.586    2.2555      Ca A                228.309A   39.740    0.0032      C  4                312.452A   39.642    0.0026
nInu                1.43649m   43.463   17.0151      Ca A                228.269A   39.682    0.0028      C  4                312.421A   39.692    0.0029
nFnu                1.11867m   42.667    2.7156      Ca A                228.234A   39.627    0.0025      C  4                244.912A   39.316    0.0012
nInu                1.11867m   43.457   16.7568      Ca A                1640.43A   41.944    0.5143      C  4                244.904A   39.456    0.0017
nFnu                8329.68A   42.765    3.4063      Ca A                1215.13A   41.496    0.1835      Fe 4                3095.77A   40.419    0.0154
nInu                8329.68A   43.521   19.4334      Ca A                1084.94A   41.173    0.0872      Fe 4                3094.96A   40.642    0.0257
nFnu                8078.61A   42.898    4.6301      Ca A                1025.27A   40.920    0.0487      Fe 4                3094.53A   40.361    0.0134
nInu                8078.61A   43.524   19.5633      Ca A                992.360A   40.711    0.0301      Fe 4                2835.74A   40.793    0.0363
nFnu                6209.66A   42.982    5.6146      Ca A                972.108A   40.533    0.0200      Fe 4                2829.36A   40.426    0.0156
nInu                6209.66A   43.586   22.5410      Ca A                958.694A   40.378    0.0140      Fe 4                2823.50A   40.274    0.0110
nFnu                4885.36A   43.067    6.8285      Ca A                949.324A   40.240    0.0102      Fe 4                2.83562m   39.468    0.0017
nInu                4885.36A   43.847   41.1318      Ca A                942.508A   40.115    0.0076      Fe 4                2567.61A   39.864    0.0043
nFnu                3704.34A   43.184    8.9377      Ca A                937.389A   40.002    0.0059      Fe 4                6739.82A   39.447    0.0016
nInu                3704.34A   43.763   33.9275      Ca A                933.444A   39.898    0.0046      Fe 4                4906.56A   39.510    0.0019
nFnu                3587.67A   43.468   17.2120      Ca A                930.337A   39.802    0.0037      Fe 5                4227.19A   39.823    0.0039
nInu                3587.67A   43.780   35.2361      Ca A                927.846A   39.712    0.0030      Fe 6                19.5527m   39.394    0.0014
nFnu                2430.05A   43.565   21.5097      Ca A                925.817A   39.629    0.0025      Fe 6                14.7670m   39.246    0.0010
nInu                2430.05A   43.902   46.7299      Ca A                924.142A   39.550    0.0021      Fe 6                4972.48A   39.525    0.0020
nFnu                2392.03A   43.570   21.7555      Ca A                922.743A   39.476    0.0018      Fe 6                5145.76A   39.541    0.0020
nInu                2392.03A   43.888   45.2404      Ca A                921.562A   39.407    0.0015      Fe 6                5176.05A   39.549    0.0021
nFnu                2071.34A   43.619   24.3653      Ca A                920.556A   39.340    0.0013      Fe 8                168.930A   39.303    0.0012
nInu                2071.34A   43.905   47.0303      Ca A                919.693A   39.277    0.0011      Mg 2                2802.71A   40.424    0.0155
nFnu                2052.68A   43.625   24.6922      Ca A                4685.64A   41.146    0.0819      Mg 2                2795.53A   40.645    0.0258
nInu                2052.68A   43.896   46.0144      Ca A                3203.04A   40.821    0.0387      Mg 5                5.60700m   39.409    0.0015
nFnu                1793.44A   43.682   28.1369      Ca A                2733.24A   40.562    0.0213      Mg 5                2782.76A   39.850    0.0041
nInu                1793.44A   43.923   48.9806      Ca A                2511.15A   40.348    0.0130      Mg 5                2928.09A   39.284    0.0011
nFnu                1585.12A   43.719   30.6488      Ca A                2385.35A   40.167    0.0086      Mg 6                1806.00A   39.773    0.0035
nInu                1585.12A   43.993   57.5580      Ca A                2306.15A   40.009    0.0060      Mg 6                1806.43A   39.878    0.0044
nFnu                1458.33A   43.720   30.6911      Ca A                2252.64A   39.869    0.0043      Mg 6                403.308A   39.567    0.0022
nInu                1458.33A   43.934   50.2602      Ca A                2214.62A   39.743    0.0032      Mg 6                400.663A   39.505    0.0019
nFnu                1356.96A   43.678   27.9013      Ca A                2186.56A   39.629    0.0025      Mg 6                399.282A   39.389    0.0014
nInu                1356.96A   43.969   54.4434      Ca A                2165.20A   39.524    0.0020      Mg 7                9.00655m   39.542    0.0020
nFnu                1297.29A   43.580   22.2614      Ca A                2148.55A   39.427    0.0016      Mg 7                5.50177m   39.439    0.0016
nInu                1297.29A   43.996   58.0489      Ca A                2135.31A   39.337    0.0013      Mg 7                2628.89A   39.516    0.0019
nFnu                1262.79A   43.438   16.0516      Ca A                2124.58A   39.253    0.0010      Mg 7                431.194A   39.415    0.0015
nInu                1262.79A   44.081   70.5062      Ca A                1.01233m   40.543    0.0205      Mg 8                430.455A   39.300    0.0012
nFnu                1218.08A   42.816    3.8290      Ca A                6559.91A   40.292    0.0115      Mg 9                368.071A   39.478    0.0018
nInu                1218.08A   44.426  156.2332      Ca A                5411.37A   40.076    0.0070      N  2                6548.05A   39.268    0.0011
nFnu                1196.33A   42.808    3.7595      Ca A                4859.18A   39.892    0.0046      N  2                6583.45A   39.738    0.0032
nInu                1196.33A   44.269  108.8003      Ca A                4541.46A   39.732    0.0032      N  2                1084.56A   39.655    0.0026
nFnu                1175.06A   42.800    3.6943      Ca A                4338.55A   39.590    0.0023      N  2                916.020A   39.313    0.0012
nInu                1175.06A   44.112   75.6851      Ca A                4199.71A   39.463    0.0017      N  2                916.710A   39.535    0.0020
nFnu                1143.64A   42.787    3.5878      Ca A                4099.92A   39.347    0.0013      N  3                57.3238m   40.111    0.0076
nInu                1143.64A   44.025   62.0073      Ca A                4025.48A   39.242    0.0010      N  3                1748.65A   39.856    0.0042
nFnu                1113.22A   42.777    3.5050      Ca A                1.86362m   40.053    0.0066      N  3                1753.99A   39.871    0.0043
nInu                1113.22A   44.016   60.6797      Ca A                1.16260m   39.852    0.0042      N  3                1746.82A   39.445    0.0016
nFnu                1103.23A   42.775    3.4861      Ca A                9344.62A   39.668    0.0027      N  3                1752.16A   40.285    0.0113
nInu                1103.23A   44.003   58.9734      Ca A                8236.51A   39.507    0.0019      N  3                1749.67A   40.342    0.0129
nFnu                1073.86A   42.766    3.4171      Ca A                7592.50A   39.364    0.0014      N  3                989.799A   40.053    0.0066
nInu                1073.86A   44.027   62.2348      Ca A                7177.28A   39.236    0.0010      N  3                991.511A   40.497    0.0184
nFnu                1064.34A   42.763    3.3940      Ca A                3.09074m   39.639    0.0025      N  3                991.577A   39.914    0.0048
nInu                1064.34A   44.030   62.7730      Ca A                1.87427m   39.474    0.0017      N  3                764.351A   40.051    0.0066
nFnu                1035.92A   42.756    3.3396      Ca A                1.47599m   39.316    0.0012      N  3                685.515A   39.377    0.0014
nInu                1035.92A   44.098   73.3581      Ca A                4.76203m   39.280    0.0011      N  3                686.336A   40.155    0.0084
nFnu                1000.00A   42.749    3.2820      Ca B                1640.43A   42.129    0.7880      N  3                685.817A   40.072    0.0069
nInu                1000.00A   44.033   63.1482      Ca B                1215.13A   41.675    0.2768      N  3                452.227A   39.518    0.0019
nFnu                925.144A   42.741    3.2213      Ca B                1084.94A   41.347    0.1300      N  4                1486.50A   40.885    0.0450
nInu                925.144A   44.000   58.5853      Ca B                1025.27A   41.090    0.0719      N  4                1483.32A   41.070    0.0688
RRC............................................      Ca B                992.360A   40.878    0.0442      N  4                765.147A   41.103    0.0742
H  1                3645.98A   42.483    1.7789      Ca B                972.108A   40.698    0.0292      N  4                247.205A   39.310    0.0012
H  1                3645.98A   42.732    3.1555      Ca B                958.694A   40.540    0.0203      Ne 4                2421.66A   40.168    0.0086
H  1                8203.53A   41.814    0.3814      Ca B                949.324A   40.401    0.0147      Ne 4                2424.28A   40.319    0.0122
H  1                8203.53A   42.098    0.7334      Ca B                942.508A   40.275    0.0110      Ne 4                1601.45A   39.511    0.0019
H  1                8203.53A   41.868    0.4315      Ca B                937.389A   40.161    0.0085      Ne 4                541.126A   39.633    0.0025
H  1                1.45841m   41.372    0.1379      Ca B                933.444A   40.056    0.0067      Ne 4                542.076A   39.762    0.0034
H  1                1.45841m   41.658    0.2663      Ca B                930.337A   39.959    0.0053      Ne 4                543.886A   39.841    0.0041
H  1                1.45841m   41.526    0.1966      Ca B                927.846A   39.869    0.0043      Ne 5                24.2065m   40.054    0.0066
H  1                1.45841m   41.073    0.0692      Ca B                925.817A   39.785    0.0036      Ne 5                14.3228m   39.998    0.0058
H  1                2.27876m   41.045    0.0649      Ca B                924.142A   39.706    0.0030      Ne 5                3345.99A   40.054    0.0066
H  1                2.27876m   41.329    0.1248      Ca B                922.743A   39.631    0.0025      Ne 5                3426.03A   40.501    0.0186
H  1                2.27876m   41.226    0.0984      Ca B                921.562A   39.561    0.0021      Ne 5                1574.76A   39.413    0.0015
H  1                2.27876m   40.913    0.0478      Ca B                920.556A   39.494    0.0018      Ne 5                1136.51A   39.500    0.0019
H  1                2.27876m   40.334    0.0126      Ca B                919.693A   39.431    0.0016      Ne 5                1145.60A   39.953    0.0053
H  1                3.28142m   40.786    0.0358      Ca B                918.945A   39.370    0.0014      Ne 5                568.422A   39.255    0.0011
H  1                3.28142m   41.068    0.0684      Ca B                918.295A   39.313    0.0012      Ne 5                569.759A   40.030    0.0063
H  1                3.28142m   40.975    0.0552      Ca B                917.724A   39.257    0.0011      Ne 5                481.363A   39.459    0.0017
H  1                3.28142m   40.712    0.0302      Ca B                4685.64A   41.193    0.0913      Ne 5                482.985A   39.648    0.0026
H  1                3.28142m   40.302    0.0117      Ca B                3203.04A   40.879    0.0443      Ne 5                359.375A   39.446    0.0016
H  1                3.28142m   39.647    0.0026      Ca B                2733.24A   40.624    0.0246      Ne 6                7.64318m   40.264    0.0107
H  1                4.46637m   40.571    0.0218      Ca B                2511.15A   40.413    0.0151      Ne 6                997.031A   39.261    0.0011
H  1                4.46637m   40.851    0.0415      Ca B                2385.35A   40.232    0.0100      Ne 6                558.685A   39.689    0.0029
H  1                4.46637m   40.763    0.0339      Ca B                2306.15A   40.074    0.0069      Ne 6                1005.69A   39.665    0.0027
H  1                4.46637m   40.523    0.0195      Ca B                2252.64A   39.935    0.0050      Ne 6                999.183A   39.649    0.0026
H  1                4.46637m   40.180    0.0089      Ca B                2214.62A   39.809    0.0038      Ne 6                562.798A   39.927    0.0049
H  1                4.46637m   39.714    0.0030      Ca B                2186.56A   39.694    0.0029      Ne 6                435.641A   39.676    0.0028
H  1                5.83363m   40.388    0.0143      Ca B                2165.20A   39.589    0.0023      Ne 6                403.270A   39.715    0.0030
H  1                5.83363m   40.666    0.0271      Ca B                2148.55A   39.493    0.0018      Ne 6                401.928A   39.699    0.0029
H  1                5.83363m   40.580    0.0222      Ca B                2135.31A   39.402    0.0015      Ne 7                887.279A   39.335    0.0013
H  1                5.83363m   40.353    0.0132      Ca B                2124.58A   39.318    0.0012      Ne 7                465.220A   39.980    0.0056
H  1                5.83363m   40.044    0.0065      Ca B                2115.78A   39.239    0.0010      Ne 8                780.325A   39.849    0.0041
H  1                5.83363m   39.659    0.0027      Ca B                1.01233m   40.564    0.0215      Ne 8                770.410A   39.991    0.0057
H  1                7.38319m   40.228    0.0099      Ca B                6559.91A   40.319    0.0122      Ni 2                1.19102m   39.508    0.0019
H  1                7.38319m   40.505    0.0187      Ca B                5411.37A   40.107    0.0075      O  4                25.8832m   40.565    0.0215
H  1                7.38319m   40.420    0.0154      Ca B                4859.18A   39.925    0.0049      O  4                1399.77A   40.221    0.0097
H  1                7.38319m   40.200    0.0093      Ca B                4541.46A   39.766    0.0034      O  4                1407.38A   40.211    0.0095
H  1                7.38319m   39.910    0.0048      Ca B                4338.55A   39.625    0.0025      O  4                1397.20A   39.770    0.0034
H  1                7.38319m   39.569    0.0022      Ca B                4199.71A   39.498    0.0018      O  4                1404.78A   40.656    0.0265
H  1                9.11505m   40.086    0.0071      Ca B                4099.92A   39.383    0.0014      O  4                1401.16A   40.643    0.0257
H  1                9.11505m   40.362    0.0135      Ca B                4025.48A   39.278    0.0011      O  4                787.710A   40.031    0.0063
H  1                9.11505m   40.277    0.0111      Ca B                1.86362m   40.066    0.0068      O  4                790.114A   41.071    0.0689
H  1                9.11505m   40.062    0.0067      Ca B                1.16260m   39.868    0.0043      O  4                790.201A   40.547    0.0206
H  1                9.11505m   39.784    0.0036      Ca B                9344.62A   39.687    0.0028      O  4                609.830A   40.448    0.0164
H  1                9.11505m   39.468    0.0017      Ca B                8236.51A   39.527    0.0020      O  4                554.076A   39.261    0.0011
H  1                11.0292m   40.761    0.0337      Ca B                7592.50A   39.386    0.0014      O  4                555.264A   40.567    0.0216
H  1                13.1257m   40.648    0.0260      Ca B                7177.28A   39.258    0.0011      O  4                554.514A   40.375    0.0139
H  1                15.4044m   40.545    0.0205      Ca B                3.09074m   39.648    0.0026      O  6                1037.62A   41.092    0.0723
H  1                17.8655m   40.449    0.0164      Ca B                1.87427m   39.485    0.0018      O  6                1031.91A   41.366    0.1361
H  1                20.5089m   40.359    0.0134      Ca B                1.47599m   39.329    0.0012      O  6                150.125A   39.331    0.0013
H  1                23.3345m   40.275    0.0110      Ca B                4.76203m   39.287    0.0011      O  6                150.090A   39.402    0.0015
H  1                26.3425m   40.197    0.0092      He 2                607.567A   42.805    3.7358      S  4                10.5076m   40.944    0.0514
H  1                29.5328m   40.122    0.0078      He 2                303.784A   43.082    7.0695      S  4                1404.81A   39.645    0.0026
H  1                32.9053m   40.052    0.0066      He 2                256.317A   39.835    0.0040      S  4                1423.84A   39.514    0.0019
H  1                36.4602m   39.985    0.0057      He 2                243.027A   39.711    0.0030      S  4                1416.89A   40.107    0.0075
H  1                40.1974m   39.922    0.0049      He 2                237.331A   39.653    0.0026      S  4                1406.02A   40.171    0.0087
H  1                44.1168m   39.862    0.0043      He 2                234.347A   39.618    0.0024      S  4                1062.66A   40.006    0.0059
H  1                48.2186m   39.804    0.0037      He 2                232.584A   39.590    0.0023      S  4                1073.52A   39.946    0.0052
H  1                52.5027m   39.748    0.0033      He 2                231.454A   39.571    0.0022      S  4                1072.97A   40.042    0.0064
H  1                56.9691m   40.899    0.0464      He 2                230.686A   39.554    0.0021      S  4                815.941A   39.848    0.0041
He 2                2049.88A   40.971    0.0548      He 2                230.139A   39.537    0.0020      S  4                753.760A   40.007    0.0060
He 2                2049.88A   41.388    0.1431      He 2                229.736A   39.282    0.0011      S  4                750.221A   39.942    0.0051
He 2                2049.88A   41.309    0.1191      He 2                229.431A   39.274    0.0011      S  4                657.319A   39.373    0.0014
He 2                3644.36A   40.535    0.0201      He 2                229.194A   39.265    0.0011      S  4                661.455A   39.970    0.0055
He 2                3644.36A   40.948    0.0519      He 2                229.006A   39.258    0.0011      S  4                554.027A   39.503    0.0019
He 2                3644.36A   40.960    0.0534      He 2                228.855A   39.250    0.0010      S  5                786.470A   40.138    0.0080
He 2                3644.36A   40.618    0.0243      He 2                228.731A   39.243    0.0010      S  6                944.524A   39.881    0.0045
He 2                5694.36A   40.195    0.0092      He 2                228.629A   39.237    0.0010      S  6                933.380A   40.082    0.0071
He 2                5694.36A   40.603    0.0235      He 2                228.309A   39.236    0.0010      Si 6                1.96247m   39.510    0.0019
He 2                5694.36A   40.643    0.0257      He 2                228.269A   39.261    0.0011      Si 8                1440.51A   39.322    0.0012
He 2                5694.36A   40.443    0.0162      He 2                228.234A   39.331    0.0013      Si 8                319.840A   39.440    0.0016
He 2                5694.36A   39.940    0.0051      He 2                228.203A   40.103    0.0074      Si 8                316.218A   39.373    0.0014
He 2                8199.90A   39.923    0.0049      He 2                1640.43A   42.131    0.7920      Si 8                314.356A   39.235    0.0010
He 2                8199.90A   40.328    0.0125      He 2                1215.13A   41.686    0.2839      level 1 lines..................................
He 2                8199.90A   40.378    0.0140      He 2                1084.94A   41.361    0.1344      recombination..................................
He 2                8199.90A   40.231    0.0100      He 2                1025.27A   41.106    0.0747      N  3                991.000A   39.303    0.0012
He 2                8199.90A   39.899    0.0046      He 2                992.360A   40.896    0.0461      O  4                789.400A   39.458    0.0017
He 2                8199.90A   39.292    0.0011      He 2                972.108A   40.719    0.0306      level2 lines...................................
He 2                1.11610m   39.699    0.0029      He 2                958.694A   40.565    0.0215      C  2                596.559A   39.294    0.0012
He 2                1.11610m   40.101    0.0074      He 2                949.324A   40.429    0.0157      C  3                271.090A   39.310    0.0012
He 2                1.11610m   40.155    0.0084      He 2                942.508A   40.411    0.0151      N  1                942.258A   39.772    0.0035
He 2                1.11610m   40.032    0.0063      He 2                937.389A   40.307    0.0119      N  3                293.510A   39.393    0.0014
He 2                1.11610m   39.770    0.0034      He 2                933.444A   40.212    0.0095      N  3                283.090A   39.274    0.0011
He 2                1.11610m   39.354    0.0013      He 2                930.337A   40.125    0.0078      O  1                976.791A   39.916    0.0048
He 2                1.45776m   39.508    0.0019      He 2                927.846A   40.045    0.0065      O  1                969.049A   39.805    0.0037
He 2                1.45776m   39.909    0.0047      He 2                925.817A   39.970    0.0055      O  1                946.387A   39.748    0.0033
He 2                1.45776m   39.964    0.0054      He 2                924.142A   39.902    0.0047      O  1                934.501A   39.723    0.0031
He 2                1.45776m   39.854    0.0042      He 2                922.743A   39.839    0.0040      O  1                973.577A   39.733    0.0032
He 2                1.45776m   39.627    0.0025      He 2                921.562A   39.781    0.0035      O  1                927.472A   39.695    0.0029
He 2                1.45776m   39.295    0.0012      He 2                920.556A   39.729    0.0031      O  1                948.506A   39.678    0.0028
He 2                1.84498m   39.343    0.0013      He 2                919.693A   39.686    0.0028      O  1                922.969A   39.648    0.0026
He 2                1.84498m   39.742    0.0032      He 2                918.945A   39.653    0.0026      O  1                919.912A   39.647    0.0026
He 2                1.84498m   39.798    0.0037      He 2                918.295A   39.639    0.0025      O  1                935.672A   39.647    0.0026
He 2                1.84498m   39.695    0.0029      He 2                917.724A   39.673    0.0028      O  1                917.726A   39.626    0.0025
He 2                1.84498m   39.488    0.0018      He 2                917.221A   40.406    0.0149      O  1                918.704A   39.614    0.0024
He 2                2.27776m   39.594    0.0023      He 2                4685.64A   41.162    0.0850      O  1                928.186A   39.609    0.0024
He 2                2.27776m   39.651    0.0026      He 2                3203.04A   40.871    0.0435      O  1                917.473A   39.592    0.0023
He 2                2.27776m   39.552    0.0021      He 2                2733.24A   40.624    0.0246      O  1                923.438A   39.567    0.0022
He 2                2.27776m   39.358    0.0013      He 2                2511.15A   40.416    0.0153      O  1                920.243A   39.540    0.0020
He 2                2.75608m   40.132    0.0079      He 2                2385.35A   40.239    0.0101      O  1                917.970A   39.470    0.0017
He 2                3.27997m   40.020    0.0061      He 2                2306.15A   40.084    0.0071      O  2                425.190A   39.367    0.0014
He 2                3.84941m   39.917    0.0048      He 2                2252.64A   39.947    0.0052      O  3                305.400A   39.843    0.0041
He 2                4.46440m   39.821    0.0039      He 2                2214.62A   39.896    0.0046      O  3                268.070A   39.650    0.0026
He 2                5.12495m   39.732    0.0032      He 2                2186.56A   39.793    0.0036      O  3                263.850A   39.636    0.0025
He 2                5.83106m   39.649    0.0026      He 2                2165.20A   39.698    0.0029      O  3                373.640A   39.803    0.0037
He 2                6.58272m   39.570    0.0022      He 2                2148.55A   39.611    0.0024      O  3                265.020A   39.621    0.0024
He 2                7.37993m   39.496    0.0018      He 2                2135.31A   39.531    0.0020      O  3                248.730A   39.589    0.0023
He 2                8.22270m   39.426    0.0016      He 2                2124.58A   39.456    0.0017      O  3                241.200A   39.548    0.0021
He 2                9.11102m   39.360    0.0013      He 2                2115.78A   39.388    0.0014      O  3                248.620A   39.526    0.0020
He 2                10.0449m   39.296    0.0012      He 2                2108.46A   39.325    0.0012      O  3                236.890A   39.505    0.0019
He 2                11.0243m   39.236    0.0010      He 2                2102.30A   39.267    0.0011      O  3                234.190A   39.463    0.0017
He 2                14.2360m   40.290    0.0114      He 2                2079.84A   39.893    0.0046      O  3                276.900A   39.520    0.0019
He 1                2599.69A   41.407    0.1492      He 2                1.01233m   40.509    0.0189      O  3                241.140A   39.469    0.0017
He 1                3120.85A   40.879    0.0443      He 2                6559.91A   40.291    0.0114      O  3                280.450A   39.505    0.0019
He 1                3421.00A   40.789    0.0360      He 2                5411.37A   40.090    0.0072      O  3                263.230A   39.480    0.0018
He 1                3420.88A   41.266    0.1081      He 2                4859.18A   39.914    0.0048      O  3                232.380A   39.435    0.0016
He 1                3420.88A   41.488    0.1801      He 2                4541.46A   39.760    0.0034      O  3                236.860A   39.410    0.0015
He 1                3678.70A   41.038    0.0639      He 2                4338.55A   39.622    0.0025      O  3                231.110A   39.398    0.0015
He 1                6632.16A   40.601    0.0234      He 2                4199.71A   39.527    0.0020      O  3                255.390A   39.420    0.0015
He 1                7435.20A   40.141    0.0081      He 2                4099.92A   39.424    0.0016      O  3                232.350A   39.364    0.0014
He 1                7843.44A   41.069    0.0687      He 2                4025.48A   39.329    0.0012      O  3                234.180A   39.322    0.0012
He 1                8188.36A   40.703    0.0295      He 2                3968.32A   39.243    0.0010      O  3                231.100A   39.259    0.0011
He 1                8190.64A   40.210    0.0095      He 2                3740.11A   39.526    0.0020      O  3                244.650A   39.285    0.0011
He 1                8261.30A   40.414    0.0152      He 2                1.86362m   39.990    0.0057      O  4                239.130A   39.690    0.0029
He 1                1.24779m   40.108    0.0075      He 2                1.16260m   39.822    0.0039      O  4                207.610A   39.340    0.0013
He 1                1.35647m   39.673    0.0028      He 2                9344.62A   39.654    0.0026      O  4                196.560A   39.257    0.0011
He 1                1.40934m   40.612    0.0240      He 2                8236.51A   39.502    0.0019      O  4                214.760A   39.332    0.0013
He 1                1.45602m   40.362    0.0135      He 2                7592.50A   39.366    0.0014      O  4                280.550A   39.500    0.0019
He 1                1.45643m   39.866    0.0043      He 2                7177.28A   39.238    0.0010      O  5                135.810A   39.275    0.0011
He 1                1.45759m   39.900    0.0046      He 2                5931.63A   39.240    0.0010      O  5                139.140A   39.253    0.0010
He 1                1.45759m   39.422    0.0015      He 2                3.09074m   39.555    0.0021      Ne 3                250.920A   39.499    0.0018
He 1                1.46631m   39.977    0.0056      He 2                1.87427m   39.422    0.0015      Ne 3                281.580A   39.460    0.0017
He 1                2.01409m   39.753    0.0033      He 2                1.47599m   39.280    0.0011      Ne 3                265.510A   39.389    0.0014
He 1                2.15127m   39.332    0.0013      He-like iso-sequence...........................      Ne 5                143.350A   39.325    0.0012
He 1                2.21672m   40.274    0.0110      He 1                1202.81A   42.162    0.8507      Ne 6                122.920A   39.373    0.0014
He 1                2.27546m   40.060    0.0067      He 1                584.334A   41.179    0.0884      Mg 2                959.306A   39.346    0.0013
He 1                2.27605m   39.564    0.0021      He 1                537.030A   40.261    0.0107      Si 2                1179.59A   40.517    0.0192
He 1                2.27752m   39.738    0.0032      He 1                522.213A   40.143    0.0081      Si 2                993.354A   39.843    0.0041
He 1                2.27752m   39.261    0.0011      He 1                515.617A   40.077    0.0070      Si 2                1024.03A   39.632    0.0025
He 1                2.28864m   39.649    0.0026      He 1                512.099A   40.029    0.0063      S  3                667.049A   40.104    0.0074
He 1                2.96255m   39.486    0.0018      He 1                625.563A   42.870    4.3390      S  3                691.219A   39.797    0.0037
He 1                3.20640m   40.009    0.0060      He 1                510.018A   39.620    0.0024      S  3                704.220A   39.808    0.0038
He 1                3.27715m   39.810    0.0038      He 1                508.657A   39.592    0.0023      S  3                671.510A   39.399    0.0015
He 1                3.27790m   39.310    0.0012      He 1                507.727A   39.568    0.0022      Ar 1                918.493A   39.370    0.0014
He 1                3.27968m   39.537    0.0020      He 1                507.065A   39.545    0.0021      Ar 3                458.140A   39.283    0.0011
He 1                3.29317m   39.387    0.0014      He 1                506.576A   39.525    0.0020      Ar 4                444.680A   39.738    0.0032
He 1                4.46460m   40.273    0.0110      He 1                506.204A   39.503    0.0019      Ar 5                441.850A   39.550    0.0021
He 1                5.83132m   40.101    0.0074      He 1                505.916A   39.480    0.0018      Ar 5                455.901A   39.415    0.0015
He 1                7.38026m   39.949    0.0052      He 1                505.687A   39.458    0.0017      Ca 3                351.260A   39.381    0.0014
He 1                9.11143m   39.813    0.0038      He 1                505.502A   39.437    0.0016      Ca 4                310.370A   39.299    0.0012
He 1                11.0248m   39.690    0.0029      He 1                505.352A   39.415    0.0015      Ca 4                307.850A   39.282    0.0011
He 1                13.1205m   39.577    0.0022      He 1                505.227A   39.393    0.0014      Ca 4                323.400A   39.303    0.0012
He 1                15.3983m   39.473    0.0017      He 1                505.122A   39.372    0.0014      Ca 4                319.070A   39.270    0.0011
He 1                17.8584m   39.377    0.0014      He 1                505.033A   39.352    0.0013      Ca 5                314.530A   39.324    0.0012
He 1                20.5007m   39.288    0.0011      He 1                504.958A   39.251    0.0010      Ca 5                325.410A   39.254    0.0011
He 1                61.5933m   39.833    0.0040      He 1                504.893A   39.253    0.0010      Ca 6                330.390A   39.448    0.0016
grains.........................................      He 1                504.836A   39.257    0.0011      Ca 7                338.000A   39.345    0.0013
H-like iso-sequence............................      He 1                504.744A   39.243    0.0010      Fe 4                309.190A   39.374    0.0014
Cool                1215.67A   43.306   11.8346      He 1                504.706A   39.297    0.0012      Fe 4                532.950A   39.631    0.0025
Crst                960.000A   43.177    8.8071      He 1                504.672A   40.097    0.0073      Fe 4                275.130A   39.263    0.0011
LA X                1215.67A   41.766    0.3418      TOTL                1.08303m   41.459    0.1684      Fe 5                391.409A   39.255    0.0011
CION                      0    42.351    1.3121      He 1                1.08303m   41.459    0.1684      Fe 7                152.390A   39.253    0.0010
He2C                      0    40.235    0.0100      He 1                3888.63A   41.214    0.0959      P  2                967.202A   39.532    0.0020
Q(H)                4861.33A   42.108    0.7510      He 1                3187.74A   40.833    0.0399      P  2                963.828A   39.633    0.0025
Q(H)                1215.67A   43.645   25.8352      He 1                2945.10A   40.521    0.0194      Ti 2                3364.74A   39.273    0.0011
CaBo                4861.33A   42.126    0.7829      He 1                2829.08A   40.265    0.0108      Ti 2                3237.15A   39.246    0.0010
CaBo                1640.00A   42.172    0.8698      He 1                2760.44A   39.591    0.0023      Ti 2                1907.36A   39.279    0.0011
CaBo                4685.64A   41.201    0.0929      He 1                2721.00A   39.433    0.0016      Cr 2                2059.78A   39.466    0.0017
Ca A                937.804A   41.838    0.4030      He 1                2694.61A   39.292    0.0011      Mn 2                1198.85A   39.609    0.0024
Ca A                930.748A   41.635    0.2523      He 1                2.05813m   40.287    0.0113      Co 2                1575.91A   39.239    0.0010
Ca A                926.226A   41.459    0.1686      He 1                5015.68A   40.575    0.0220      Co 2                1470.18A   39.255    0.0011
Ca A                923.150A   41.305    0.1182      He 1                3964.73A   40.196    0.0092      Ni 2                1751.83A   39.492    0.0018
Ca A                920.963A   41.168    0.0861      He 1                3613.64A   39.897    0.0046      Ni 2                1744.24A   39.532    0.0020
Ca A                919.351A   41.043    0.0647      He 1                3447.59A   39.652    0.0026      Ni 2                1484.97A   39.396    0.0015
Ca A                918.129A   40.930    0.0498      He 1                7065.22A   40.562    0.0213      Ni 2                1472.74A   39.460    0.0017
Ca A                917.181A   40.826    0.0392      He 1                5875.64A   41.129    0.0787      Ni 2                1400.37A   39.484    0.0018
Ca A                916.429A   40.729    0.0314      He 1                4713.03A   39.931    0.0050      Ni 2                1375.73A   39.549    0.0021
Ca A                915.824A   40.640    0.0255      He 1                4471.49A   40.735    0.0318      Ni 2                1324.11A   39.519    0.0019
Ca A                915.329A   40.556    0.0211      He 1                4120.82A   39.530    0.0020      hyperfine structure............................
Ca A                914.919A   40.478    0.0176      He 1                4026.20A   40.425    0.0156      inner shell....................................
Ca A                914.576A   40.404    0.0148      He 1                3867.48A   39.240    0.0010      molecules......................................
Ca A                914.286A   40.335    0.0127      He 1                3819.61A   40.172    0.0087      H2 v                      0    40.146    0.0082
Ca A                914.039A   40.269    0.0109      He 1                3704.76A   40.216    0.0096      H-FB                      0    40.568    0.0216
Ca A                913.826A   40.208    0.0094      He 1                3634.08A   40.047    0.0065      H-FF                      0    40.375    0.0139
Ca A                913.641A   40.150    0.0083      He 1                3587.16A   39.899    0.0046      H- H                      0    40.735    0.0318
Ca A                913.480A   40.095    0.0073      He 1                3554.34A   39.767    0.0034      H2+                       0    40.244    0.0103
Ca A                913.339A   40.044    0.0065      He 1                3530.43A   39.647    0.0026      H2+p                      0    39.585    0.0023
Ca A                3970.07A   41.086    0.0713      He 1                3512.47A   39.539    0.0020      blends.........................................
Ca A                3889.05A   40.908    0.0474      He 1                3498.61A   39.440    0.0016      Blnd                1304.00A   40.182    0.0089
Ca A                3835.38A   40.753    0.0331      He 1                3487.70A   39.349    0.0013      Blnd                1039.00A   39.746    0.0033
Ca A                3797.89A   40.614    0.0241      He 1                3478.94A   39.264    0.0011      Blnd                2798.00A   40.849    0.0413
Ca A                3770.63A   40.489    0.0181      He 1                3439.99A   39.605    0.0024      Blnd                6720.00A   40.567    0.0216
Ca A                3750.15A   40.376    0.0139      He 1                7281.35A   40.032    0.0063      Blnd                1256.00A   40.115    0.0076
Ca A                3734.36A   40.271    0.0109      He 1                6678.15A   40.577    0.0221      Blnd                1198.00A   40.100    0.0074
Ca A                3721.93A   40.175    0.0088      He 1                5047.64A   39.487    0.0018      Blnd                1720.00A   39.877    0.0044
Ca A                3711.97A   40.085    0.0071      He 1                4921.93A   40.163    0.0085      Blnd                3722.00A   39.349    0.0013
Ca A                3703.85A   40.001    0.0059      He 1                4387.93A   39.850    0.0041      Blnd                1406.00A   40.555    0.0210
Ca A                3697.15A   39.922    0.0049      He 1                4143.76A   39.598    0.0023      Blnd                1199.00A   39.260    0.0011
Ca A                3691.55A   39.848    0.0041      He 1                4009.05A   39.580    0.0022      Blnd                2665.00A   39.649    0.0026
Ca A                3686.83A   39.777    0.0035      He 1                3926.41A   39.408    0.0015      Blnd                1860.00A   40.151    0.0083
Ca A                3682.80A   39.711    0.0030      He 1                3871.69A   39.259    0.0011      Blnd                4725.00A   40.157    0.0084
Ca A                3679.35A   39.647    0.0026      He 1                1.25274m   39.339    0.0013      Blnd                2860.00A   39.588    0.0023
Ca A                3676.36A   39.586    0.0023      He 1                9463.57A   39.263    0.0011      Blnd                2335.00A   39.647    0.0026
Ca A                3673.75A   39.528    0.0020      He 1                1.70027m   39.584    0.0022      Blnd                1888.00A   41.300    0.1166
Ca A                3671.47A   39.473    0.0017      He 1                1.19692m   39.429    0.0016      Blnd                1397.00A   41.199    0.0925
Ca A                9545.93A   40.505    0.0187      He 1                9515.06A   39.329    0.0012      Blnd                2424.00A   40.551    0.0208
Ca A                9228.97A   40.348    0.0131      He 1                1.86854m   40.166    0.0086      Blnd                895.000A   39.568    0.0022
Ca A                9014.87A   40.209    0.0095      He 1                1.27849m   39.837    0.0040      Blnd                774.000A   40.227    0.0099
Ca A                8862.74A   40.084    0.0071      He 1                1.09130m   39.572    0.0022      Blnd                2326.00A   40.034    0.0063
Ca A                8750.43A   39.970    0.0055      He 1                1.00275m   39.400    0.0015      Blnd                1335.00A   40.375    0.0139
Ca A                8664.98A   39.865    0.0043      He 1                1.86972m   39.689    0.0029      Blnd                977.000A   41.698    0.2921
Ca A                8598.35A   39.768    0.0034      He 1                1.27905m   39.359    0.0013      Blnd                1909.00A   41.818    0.3845
Ca A                8545.34A   39.678    0.0028      He 1                4.04791m   39.448    0.0016      Blnd                1176.00A   39.936    0.0051
Ca A                8502.44A   39.594    0.0023      He 1                343.773A   40.121    0.0077      Blnd                1549.00A   42.251    1.0420
Ca A                8467.21A   39.515    0.0019      Ca B                2945.10A   40.515    0.0192      Blnd                5199.00A   39.935    0.0050
Ca A                8437.91A   39.440    0.0016      Ca B                3187.74A   40.830    0.0396      Blnd                1085.00A   39.788    0.0036
Ca A                8413.28A   39.370    0.0014      Ca B                3613.64A   39.897    0.0046      Blnd                1750.00A   40.768    0.0343
Ca A                8392.35A   39.303    0.0012      Ca B                3888.63A   41.215    0.0960      Blnd                990.000A   40.723    0.0309
Ca A                8374.43A   39.239    0.0010      Ca B                3964.73A   40.204    0.0094      N 3R                990.000A   39.303    0.0012
Ca A                1.81740m   40.043    0.0065      Ca B                4026.20A   40.449    0.0164      Blnd                765.000A   41.103    0.0742
Ca A                1.73620m   39.904    0.0047      Ca B                4120.82A   39.571    0.0022      Blnd                1486.00A   41.289    0.1137
Ca A                1.68064m   39.778    0.0035      Ca B                4387.93A   39.867    0.0043      Blnd                1240.00A   41.168    0.0861
Ca A                1.64071m   39.664    0.0027      Ca B                4471.49A   40.759    0.0336      Blnd                6300.00A   40.062    0.0067
Ca A                1.61092m   39.559    0.0021      Ca B                4713.03A   39.970    0.0055      Blnd                3726.00A   40.029    0.0063
Ca A                1.58804m   39.461    0.0017      Ca B                4921.93A   40.184    0.0089      Blnd                3729.00A   40.202    0.0093
Ca A                1.57006m   39.371    0.0014      Ca B                5015.68A   40.595    0.0230      Blnd                833.000A   39.875    0.0044
Ca A                1.55563m   39.287    0.0011      Ca B                5047.64A   39.525    0.0020      Blnd                3727.00A   40.432    0.0158
Ca A                3.03835m   39.657    0.0027      Ca B                5875.64A   41.168    0.0863      Blnd                1666.00A   41.470    0.1726
Ca A                2.87219m   39.531    0.0020      Ca B                6678.15A   40.617    0.0242      Blnd                5007.00A   42.271    1.0922
Ca A                2.75749m   39.417    0.0015      Ca B                7065.22A   40.594    0.0230      Blnd                4363.00A   40.822    0.0388
Ca A                2.67438m   39.312    0.0012      Ca B                7281.35A   40.065    0.0068      Blnd                835.000A   41.429    0.1570
Ca A                12.3684m   39.886    0.0045      Ca B                9463.57A   39.258    0.0011      Blnd                1402.00A   41.107    0.0749
Ca A                7.50038m   39.736    0.0032      Ca B                1.08303m   41.496    0.1834      Blnd                789.000A   41.221    0.0975
Ca A                5.90655m   39.586    0.0023      Ca B                1.19692m   39.452    0.0017      O 4R                789.000A   39.458    0.0017
Ca A                5.12722m   39.449    0.0016      Ca B                1.25274m   39.336    0.0013      Blnd                630.000A   41.096    0.0730
Ca A                4.67119m   39.323    0.0012      Ca B                1.27849m   39.883    0.0045      Blnd                1218.00A   41.329    0.1250
Ca A                19.0565m   39.519    0.0019      Ca B                1.27905m   39.407    0.0015      Blnd                1035.00A   41.552    0.2084
Ca A                11.3055m   39.396    0.0015      Ca B                1.70027m   39.608    0.0024
Ca A                8.75760m   39.265    0.0011      Ca B                1.86854m   40.234    0.0100

                                                    Emergent line intensities
general properties.............................      He 2                2148.55A   39.610    0.0024      S  3                1713.11A   39.294    0.0012
continua.......................................      He 2                2135.31A   39.530    0.0020      S  3                1728.94A   39.745    0.0033
FIR                 83.0000m   43.135    8.0145      He 2                2124.58A   39.456    0.0017      S  3                1190.20A   39.322    0.0012
TIR                 1800.00m   40.374    0.0139      He 2                2115.78A   39.387    0.0014      S  3                1194.45A   39.786    0.0036
NIRa                2.85000m   44.273  110.0589      He 2                2108.46A   39.324    0.0012      S  3                1194.06A   39.258    0.0011
NIRb                3.00000m   43.874   43.9167      He 2                2102.30A   39.266    0.0011      S  3                1200.97A   39.246    0.0010
MIRa                15.0000m   43.914   48.2559      He 2                2079.84A   39.892    0.0046      S  3                1015.57A   39.326    0.0012
MIRb                22.5000m   43.989   57.3362      He 2                1.01233m   40.506    0.0189      S  3                1021.11A   39.532    0.0020
NMIR                21.7500m   44.273  110.0589      He 2                6559.91A   40.289    0.0114      Si 2                34.8046m   40.855    0.0421
TFIR                611.250m   41.149    0.0828      He 2                5411.37A   40.088    0.0072      Si 2                1808.01A   39.286    0.0011
TALL                10000.0A   44.725  311.8168      He 2                4859.18A   39.913    0.0048      Si 2                1260.42A   39.447    0.0016
F12                 12.0000m   43.473   17.4424      He 2                4541.46A   39.758    0.0034      Si 2                1193.29A   39.290    0.0011
F25                 25.0000m   43.256   10.5991      He 2                4338.55A   39.621    0.0025      Si 2                2344.20A   39.235    0.0010
F60                 60.0000m   43.087    7.1758      He 2                4199.71A   39.525    0.0020      Si 2                1816.93A   39.418    0.0015
F100                100.000m   42.000    0.5872      He 2                4099.92A   39.422    0.0016      Si 2                1533.43A   40.118    0.0077
MIPS                24.0000m   42.962    5.3796      He 2                4025.48A   39.328    0.0013      Si 2                1309.28A   39.909    0.0048
MIPS                70.0000m   42.517    1.9334      He 2                3968.32A   39.241    0.0010      Si 2                1265.00A   40.422    0.0155
MIPS                160.000m   40.853    0.0419      He 2                3740.11A   39.525    0.0020      Si 2                1197.39A   40.419    0.0154
IRAC                3.60000m   43.081    7.0866      He 2                1.86362m   39.990    0.0057      Si 2                1194.50A   40.316    0.0122
IRAC                4.50000m   43.117    7.6883      He 2                1.16260m   39.820    0.0039      Si 3                1892.03A   40.894    0.0460
IRAC                5.80000m   43.149    8.2900      He 2                9344.62A   39.652    0.0026      Si 3                1882.71A   41.082    0.0710
IRAC                8.00000m   43.304   11.8231      He 2                8236.51A   39.500    0.0019      Si 3                1206.50A   41.006    0.0596
SPR1                250.000m   40.156    0.0084      He 2                7592.50A   39.363    0.0014      Si 4                1393.75A   41.010    0.0601
SPR2                350.000m   40.038    0.0064      He 2                7177.28A   39.235    0.0010      Si 4                1402.77A   40.744    0.0326
SPR3                500.000m   39.981    0.0056      He 2                5931.63A   39.238    0.0010      Si 7                2146.64A   39.821    0.0039
PAC1                70.0000m   42.574    2.2056      He 2                3.09074m   39.555    0.0021      Si 7                2.48071m   39.626    0.0025
PAC2                100.000m   41.959    0.5346      He 2                1.87427m   39.422    0.0016      Al 2                2669.15A   39.245    0.0010
PAC3                160.000m   40.929    0.0499      He 2                1.47599m   39.279    0.0011      Al 2                2660.35A   39.429    0.0016
PAH                 3.30000m   42.225    0.9872      He-like iso-sequence...........................      Al 2                1670.79A   40.177    0.0088
PAHC                3.23000m   41.933    0.5036      He 1                1.08303m   41.457    0.1682      C  4                1550.78A   41.778    0.3526
PAHC                3.37000m   41.916    0.4848      He 1                3888.63A   41.213    0.0959      C  4                1548.19A   42.071    0.6918
PAH                 6.20000m   42.666    2.7203      He 1                3187.74A   40.832    0.0399      Fe 4                3095.77A   40.418    0.0154
PAHC                5.65000m   42.703    2.9662      He 1                2945.10A   40.520    0.0194      Fe 4                3094.96A   40.641    0.0257
PAH                 7.90000m   42.853    4.1869      He 1                2829.08A   40.264    0.0108      Fe 4                3094.53A   40.360    0.0135
PAHC                6.90000m   42.916    4.8462      He 1                2760.44A   39.590    0.0023      Fe 4                2835.74A   40.792    0.0364
PAH                 11.3000m   42.264    1.0792      He 1                2721.00A   39.432    0.0016      Fe 4                2829.36A   40.425    0.0156
PAHC                10.9000m   42.286    1.1350      He 1                2694.61A   39.291    0.0011      Fe 4                2823.50A   40.273    0.0110
PAH                 11.8000m   42.478    1.7674      He 1                2.05813m   40.287    0.0114      Fe 4                2.83562m   39.468    0.0017
PAHC                12.6500m   42.451    1.6603      He 1                5015.68A   40.573    0.0220      Fe 4                2567.61A   39.863    0.0043
PAH                 13.3000m   42.478    1.7647      He 1                3964.73A   40.195    0.0092      Fe 4                6739.82A   39.445    0.0016
PAHC                14.1000m   42.447    1.6443      He 1                3613.64A   39.896    0.0046      Fe 4                4906.56A   39.509    0.0019
Bcon                3640.00A   44.414  152.3416      He 1                3447.59A   39.651    0.0026      Fe 5                4227.19A   39.822    0.0039
Pcon                5000.00A   43.778   35.2123      He 1                7065.22A   40.560    0.0213      Fe 6                19.5527m   39.394    0.0015
O3bn                5007.00A   42.459    1.6888      He 1                5875.64A   41.127    0.0787      Fe 6                14.7670m   39.246    0.0010
SX                  25.0000A   42.132    0.7966      He 1                4713.03A   39.929    0.0050      Fe 6                4972.48A   39.523    0.0020
HX                  4.70000A   42.775    3.5030      He 1                4471.49A   40.733    0.0318      Fe 6                5145.76A   39.539    0.0020
RRC............................................      He 1                4120.82A   39.528    0.0020      Fe 6                5176.05A   39.547    0.0021
grains.........................................      He 1                4026.20A   40.424    0.0156      Mg 2                2802.71A   40.423    0.0155
H-like iso-sequence............................      He 1                3867.48A   39.238    0.0010      Mg 2                2795.53A   40.644    0.0259
H  1                1215.67A   43.901   46.7926      He 1                3819.61A   40.170    0.0087      Mg 5                5.60700m   39.409    0.0015
H  1                1025.72A   40.561    0.0214      He 1                3704.76A   40.215    0.0096      Mg 5                2782.76A   39.849    0.0041
H  1                972.537A   40.422    0.0155      He 1                3634.08A   40.046    0.0065      Mg 5                2928.09A   39.283    0.0011
H  1                949.743A   40.360    0.0135      He 1                3587.16A   39.898    0.0046      Mg 6                1806.00A   39.773    0.0035
H  1                937.804A   40.295    0.0116      He 1                3554.34A   39.766    0.0034      Mg 6                1806.43A   39.877    0.0044
H  1                930.748A   40.266    0.0108      He 1                3530.43A   39.646    0.0026      Mg 7                9.00655m   39.542    0.0020
H  1                926.226A   40.240    0.0102      He 1                3512.47A   39.538    0.0020      Mg 7                5.50177m   39.439    0.0016
H  1                923.150A   40.221    0.0098      He 1                3498.61A   39.439    0.0016      Mg 7                2628.89A   39.515    0.0019
H  1                920.963A   40.207    0.0095      He 1                3487.70A   39.348    0.0013      N  2                6548.05A   39.266    0.0011
H  1                919.351A   39.854    0.0042      He 1                3478.94A   39.263    0.0011      N  2                6583.45A   39.736    0.0032
H  1                918.129A   39.841    0.0041      He 1                3439.99A   39.604    0.0024      N  2                1084.56A   39.655    0.0027
H  1                917.181A   39.829    0.0040      He 1                7281.35A   40.029    0.0063      N  2                916.020A   39.313    0.0012
H  1                916.429A   39.818    0.0039      He 1                6678.15A   40.575    0.0221      N  2                916.710A   39.535    0.0020
H  1                915.824A   39.808    0.0038      He 1                5047.64A   39.485    0.0018      N  3                57.3238m   40.111    0.0076
H  1                915.329A   39.797    0.0037      He 1                4921.93A   40.162    0.0085      N  3                1748.65A   39.855    0.0042
H  1                914.919A   39.787    0.0036      He 1                4387.93A   39.849    0.0041      N  3                1753.99A   39.870    0.0044
H  1                914.576A   39.776    0.0035      He 1                4143.76A   39.596    0.0023      N  3                1746.82A   39.445    0.0016
H  1                914.286A   39.767    0.0034      He 1                4009.05A   39.578    0.0022      N  3                1752.16A   40.284    0.0113
H  1                914.039A   39.760    0.0034      He 1                3926.41A   39.407    0.0015      N  3                1749.67A   40.342    0.0129
H  1                913.826A   39.754    0.0033      He 1                3871.69A   39.257    0.0011      N  3                989.799A   40.052    0.0066
H  1                913.641A   39.754    0.0033      He 1                1.25274m   39.338    0.0013      N  3                991.511A   40.496    0.0184
H  1                913.480A   39.763    0.0034      He 1                9463.57A   39.261    0.0011      N  3                991.577A   39.913    0.0048
H  1                913.339A   39.809    0.0038      He 1                1.70027m   39.584    0.0023      N  4                1486.50A   40.885    0.0451
H  1                913.215A   40.536    0.0202      He 1                1.19692m   39.427    0.0016      N  4                1483.32A   41.070    0.0690
H  1                6562.81A   42.690    2.8779      He 1                9515.06A   39.327    0.0012      Ne 4                2421.66A   40.167    0.0086
H  1                4861.33A   42.231    1.0000      He 1                1.86854m   40.166    0.0086      Ne 4                2424.28A   40.318    0.0122
H  1                4340.46A   41.905    0.4718      He 1                1.27849m   39.835    0.0040      Ne 4                1601.45A   39.511    0.0019
H  1                4101.73A   41.603    0.2355      He 1                1.09130m   39.570    0.0022      Ne 5                24.2065m   40.054    0.0066
H  1                3970.07A   41.391    0.1446      He 1                1.00275m   39.398    0.0015      Ne 5                14.3228m   39.998    0.0059
H  1                3889.05A   41.211    0.0954      He 1                1.86972m   39.689    0.0029      Ne 5                3345.99A   40.053    0.0066
H  1                3835.38A   41.054    0.0665      He 1                1.27905m   39.358    0.0013      Ne 5                3426.03A   40.500    0.0186
H  1                3797.89A   40.917    0.0485      He 1                4.04791m   39.448    0.0016      Ne 5                1574.76A   39.413    0.0015
H  1                3770.63A   40.817    0.0385      extra Lyman....................................      Ne 5                1136.51A   39.500    0.0019
H  1                3750.15A   40.710    0.0302      database lines.................................      Ne 5                1145.60A   39.953    0.0053
H  1                3734.36A   40.613    0.0241      Al 3                1854.72A   39.914    0.0048      Ne 6                7.64318m   40.264    0.0108
H  1                3721.93A   40.524    0.0196      Al 3                1862.79A   39.774    0.0035      Ne 6                997.031A   39.261    0.0011
H  1                3711.97A   40.442    0.0163      Ar 1                1048.22A   39.484    0.0018      Ne 6                1005.69A   39.664    0.0027
H  1                3703.85A   40.367    0.0137      Ar 1                1066.66A   39.362    0.0014      Ne 6                999.183A   39.649    0.0026
H  1                3697.15A   40.297    0.0116      Ar 2                6.98337m   39.236    0.0010      Ni 2                1.19102m   39.506    0.0019
H  1                3691.55A   40.233    0.0100      Ar 3                7135.79A   39.448    0.0016      O  4                25.8832m   40.565    0.0216
H  1                3686.83A   40.174    0.0088      Ar 4                2853.66A   39.427    0.0016      O  4                1399.77A   40.220    0.0098
H  1                3682.80A   40.122    0.0078      Ar 4                4711.26A   39.909    0.0048      O  4                1407.38A   40.210    0.0095
H  1                3679.35A   40.076    0.0070      Ar 4                4740.12A   39.791    0.0036      O  4                1397.20A   39.769    0.0035
H  1                3676.36A   40.040    0.0064      Ar 5                13.0985m   39.284    0.0011      O  4                1404.78A   40.655    0.0266
H  1                3673.75A   40.022    0.0062      Ar 6                4.52800m   39.277    0.0011      O  4                1401.16A   40.642    0.0258
H  1                3671.47A   40.049    0.0066      C  2                1037.02A   40.361    0.0135      O  6                1037.62A   41.092    0.0725
H  1                3669.46A   40.757    0.0336      C  2                1334.53A   39.729    0.0031      O  6                1031.91A   41.366    0.1364
H  1                1.87510m   41.615    0.2420      C  2                1335.66A   40.140    0.0081      S  4                10.5076m   40.944    0.0516
H  1                1.28180m   41.336    0.1275      C  2                1335.71A   39.512    0.0019      S  4                1404.81A   39.645    0.0026
H  1                1.09380m   41.063    0.0679      C  2                2325.40A   39.479    0.0018      S  4                1423.84A   39.514    0.0019
H  1                1.00493m   40.857    0.0423      C  2                2326.93A   39.603    0.0024      S  4                1416.89A   40.106    0.0075
H  1                9545.93A   40.680    0.0281      C  2                157.636m   40.751    0.0331      S  4                1406.02A   40.171    0.0087
H  1                9228.97A   40.525    0.0197      C  3                1908.73A   41.409    0.1506      S  4                1062.66A   40.006    0.0060
H  1                9014.87A   40.388    0.0144      C  3                1906.68A   41.601    0.2346      S  4                1073.52A   39.946    0.0052
H  1                8862.74A   40.301    0.0117      C  3                977.020A   41.697    0.2924      S  4                1072.97A   40.041    0.0065
H  1                8750.43A   40.195    0.0092      C  3                1175.59A   39.372    0.0014      S  6                944.524A   39.881    0.0045
H  1                8664.98A   40.097    0.0074      C  3                1176.37A   39.592    0.0023      S  6                933.380A   40.081    0.0071
H  1                8598.35A   40.009    0.0060      C  3                2296.87A   39.594    0.0023      Si 6                1.96247m   39.510    0.0019
H  1                8545.34A   39.927    0.0050      Ca 4                3.20610m   39.512    0.0019      Si 8                1440.51A   39.322    0.0012
H  1                8502.44A   39.852    0.0042      Fe 2                25.9811m   40.119    0.0077      level 1 lines..................................
H  1                8467.21A   39.782    0.0036      Fe 2                5.33881m   40.636    0.0254      recombination..................................
H  1                8437.91A   39.718    0.0031      Fe 2                1.25668m   40.493    0.0183      level2 lines...................................
H  1                8413.28A   39.659    0.0027      Fe 2                2382.04A   39.887    0.0045      N  1                942.258A   39.772    0.0035
H  1                8392.35A   39.607    0.0024      Fe 2                35.3394m   39.467    0.0017      O  1                976.791A   39.915    0.0048
H  1                8374.43A   39.561    0.0021      Fe 2                1.32055m   39.916    0.0048      O  1                969.049A   39.804    0.0037
H  1                8358.96A   39.526    0.0020      Fe 2                2625.67A   39.957    0.0053      O  1                946.387A   39.747    0.0033
H  1                8345.51A   39.508    0.0019      Fe 2                2611.87A   39.570    0.0022      O  1                934.501A   39.723    0.0031
H  1                8333.74A   39.534    0.0020      Fe 2                2395.63A   39.632    0.0025      O  1                973.577A   39.732    0.0032
H  1                8323.38A   40.243    0.0103      Fe 2                2364.83A   39.584    0.0023      O  1                927.472A   39.695    0.0029
H  1                4.05113m   40.925    0.0494      Fe 2                1.37182m   39.692    0.0029      O  1                948.506A   39.677    0.0028
H  1                2.62513m   40.697    0.0292      Fe 2                2631.32A   39.255    0.0011      O  1                922.969A   39.647    0.0026
H  1                2.16551m   40.500    0.0186      Fe 2                2380.76A   39.307    0.0012      O  1                919.912A   39.647    0.0026
H  1                1.94454m   40.326    0.0125      Fe 2                17.9314m   39.601    0.0023      O  1                935.672A   39.647    0.0026
H  1                1.81740m   40.173    0.0087      Fe 2                1.64355m   40.422    0.0155      O  1                917.726A   39.625    0.0025
H  1                1.73620m   40.036    0.0064      Fe 2                8616.95A   39.335    0.0013      O  1                918.704A   39.613    0.0024
H  1                1.68064m   39.934    0.0050      Fe 2                2493.29A   39.545    0.0021      O  1                928.186A   39.608    0.0024
H  1                1.64071m   39.828    0.0040      Fe 2                1.80939m   39.719    0.0031      O  1                917.473A   39.591    0.0023
H  1                1.61092m   39.731    0.0032      Fe 2                2755.74A   39.254    0.0011      O  1                923.438A   39.566    0.0022
H  1                1.58804m   39.643    0.0026      Fe 7                9.50763m   39.746    0.0033      O  1                920.243A   39.540    0.0020
H  1                1.57006m   39.561    0.0021      Fe 7                5720.71A   39.726    0.0031      O  1                917.970A   39.469    0.0017
H  1                1.55563m   39.486    0.0018      Fe 7                4988.55A   39.536    0.0020      Mg 2                959.306A   39.346    0.0013
H  1                1.54388m   39.417    0.0015      Fe 7                4893.37A   39.288    0.0011      Si 2                1179.59A   40.516    0.0193
H  1                1.53417m   39.352    0.0013      Fe 7                7.81037m   39.234    0.0010      Si 2                993.354A   39.843    0.0041
H  1                1.52604m   39.294    0.0012      Fe 7                6086.97A   39.901    0.0047      Si 2                1024.03A   39.632    0.0025
H  1                1.51917m   39.241    0.0010      Fe 7                5158.89A   39.421    0.0015      Ar 1                918.493A   39.370    0.0014
H  1                1.49672m   39.878    0.0044      Fe 7                3586.32A   39.764    0.0034      P  2                967.202A   39.531    0.0020
H  1                7.45777m   40.380    0.0141      Fe 7                3758.92A   39.917    0.0049      P  2                963.828A   39.632    0.0025
H  1                4.65247m   40.213    0.0096      Mg 1                2852.13A   39.496    0.0018      Ti 2                3364.74A   39.272    0.0011
H  1                3.73951m   40.047    0.0066      Mn 2                2576.10A   39.356    0.0013      Ti 2                3237.15A   39.245    0.0010
H  1                3.29607m   39.897    0.0046      Mn 2                2593.72A   39.333    0.0013      Ti 2                1907.36A   39.279    0.0011
H  1                3.03835m   39.762    0.0034      Mn 2                2605.68A   39.303    0.0012      Cr 2                2059.78A   39.466    0.0017
H  1                2.87219m   39.645    0.0026      N  1                953.415A   39.303    0.0012      Mn 2                1198.85A   39.609    0.0024
H  1                2.75749m   39.540    0.0020      N  1                953.655A   39.288    0.0011      Co 2                1575.91A   39.238    0.0010
H  1                2.67438m   39.444    0.0016      N  1                1134.17A   39.774    0.0035      Co 2                1470.18A   39.255    0.0011
H  1                2.61191m   39.356    0.0013      N  1                1134.41A   39.816    0.0039      Ni 2                1751.83A   39.491    0.0018
H  1                2.56361m   39.274    0.0011      N  1                1134.98A   39.836    0.0040      Ni 2                1744.24A   39.531    0.0020
H  1                2.37371m   39.592    0.0023      N  1                1168.54A   39.437    0.0016      Ni 2                1484.97A   39.395    0.0015
H  1                12.3684m   39.943    0.0051      N  1                1199.55A   40.397    0.0146      Ni 2                1472.74A   39.459    0.0017
H  1                7.50038m   39.807    0.0038      N  1                1200.22A   40.380    0.0141      Ni 2                1400.37A   39.483    0.0018
H  1                5.90655m   39.665    0.0027      N  1                1200.71A   40.269    0.0109      Ni 2                1375.73A   39.548    0.0021
H  1                5.12722m   39.533    0.0020      N  1                5197.90A   39.594    0.0023      Ni 2                1324.11A   39.519    0.0019
H  1                4.67119m   39.406    0.0015      N  1                5200.26A   39.667    0.0027      hyperfine structure............................
H  1                4.37522m   39.302    0.0012      N  5                1238.82A   40.973    0.0552      inner shell....................................
H  1                3.48198m   39.358    0.0013      N  5                1242.80A   40.723    0.0311      molecules......................................
H  1                19.0565m   39.568    0.0022      Ne 2                12.8101m   40.457    0.0168      blends.........................................
H  1                11.3055m   39.456    0.0017      Ne 3                15.5509m   40.386    0.0143      Blnd                1304.00A   40.181    0.0089
H  1                8.75760m   39.333    0.0013      Ne 3                3868.76A   41.019    0.0615      Blnd                1039.00A   39.746    0.0033
H  1                27.7955m   39.240    0.0010      Ne 3                36.0036m   39.335    0.0013      Blnd                2798.00A   40.848    0.0414
He 2                1640.43A   42.131    0.7941      Ne 3                3967.47A   40.502    0.0186      Blnd                6720.00A   40.565    0.0216
He 2                1215.13A   41.685    0.2847      Ne 3                1814.56A   39.652    0.0026      Blnd                1256.00A   40.115    0.0077
He 2                1084.94A   41.361    0.1348      O  1                1040.94A   39.565    0.0022      Blnd                1198.00A   40.099    0.0074
He 2                1025.27A   41.105    0.0749      O  1                1304.86A   40.028    0.0063      Blnd                1720.00A   39.877    0.0044
He 2                992.360A   40.896    0.0462      O  1                1306.03A   39.551    0.0021      Blnd                3722.00A   39.348    0.0013
He 2                972.108A   40.718    0.0307      O  1                6300.30A   39.939    0.0051      Blnd                1406.00A   40.555    0.0211
He 2                958.694A   40.564    0.0215      O  1                6363.78A   39.444    0.0016      Blnd                1199.00A   39.259    0.0011
He 2                949.324A   40.428    0.0158      O  1                63.1679m   40.765    0.0342      Blnd                2665.00A   39.648    0.0026
He 2                942.508A   40.411    0.0151      O  1                145.495m   39.740    0.0032      Blnd                1860.00A   40.151    0.0083
He 2                937.389A   40.307    0.0119      O  2                3728.81A   40.200    0.0093      Blnd                4725.00A   40.155    0.0084
He 2                933.444A   40.212    0.0096      O  2                3726.03A   40.028    0.0063      Blnd                2860.00A   39.587    0.0023
He 2                930.337A   40.125    0.0078      O  3                88.3323m   41.065    0.0683      Blnd                2335.00A   39.647    0.0026
He 2                927.846A   40.044    0.0065      O  3                51.8004m   40.867    0.0432      Blnd                1888.00A   41.299    0.1169
He 2                925.817A   39.970    0.0055      O  3                4958.91A   41.669    0.2741      Blnd                1397.00A   41.198    0.0927
He 2                924.142A   39.901    0.0047      O  3                5006.84A   42.144    0.8179      Blnd                2424.00A   40.550    0.0208
He 2                922.743A   39.838    0.0040      O  3                2320.95A   40.221    0.0098      Blnd                1335.00A   40.374    0.0139
He 2                921.562A   39.780    0.0035      O  3                4363.21A   40.820    0.0388      Blnd                977.000A   41.698    0.2929
He 2                920.556A   39.729    0.0031      O  3                1660.81A   40.875    0.0440      Blnd                1909.00A   41.817    0.3855
He 2                919.693A   39.685    0.0028      O  3                1666.15A   41.341    0.1290      Blnd                1176.00A   39.936    0.0051
He 2                918.945A   39.652    0.0026      O  5                1218.34A   40.932    0.0502      Blnd                1549.00A   42.250    1.0449
He 2                918.295A   39.638    0.0026      O  5                1213.81A   41.107    0.0751      Blnd                1085.00A   39.787    0.0036
He 2                917.724A   39.672    0.0028      P  4                950.657A   39.457    0.0017      Blnd                1750.00A   40.768    0.0344
He 2                917.221A   40.406    0.0150      S  2                6730.82A   40.175    0.0088      Blnd                990.000A   40.723    0.0310
He 2                4685.64A   41.160    0.0850      S  2                6716.44A   40.337    0.0128      N 3R                990.000A   39.303    0.0012
He 2                3203.04A   40.870    0.0435      S  2                1259.52A   39.656    0.0027      Blnd                1486.00A   41.288    0.1140
He 2                2733.24A   40.623    0.0247      S  2                1253.81A   39.648    0.0026      Blnd                1240.00A   41.167    0.0863
He 2                2511.15A   40.416    0.0153      S  2                1250.58A   39.608    0.0024      Blnd                6300.00A   40.060    0.0067
He 2                2385.35A   40.238    0.0102      S  3                33.4704m   40.273    0.0110      Blnd                3726.00A   40.028    0.0063
He 2                2306.15A   40.084    0.0071      S  3                18.7078m   40.097    0.0073      Blnd                3729.00A   40.200    0.0093
He 2                2252.64A   39.947    0.0052      S  3                9068.62A   40.229    0.0100      Blnd                5007.00A   42.269    1.0921
He 2                2214.62A   39.895    0.0046      S  3                9530.62A   40.629    0.0250      Blnd                1218.00A   41.329    0.1253
He 2                2186.56A   39.792    0.0036      S  3                3721.63A   39.342    0.0013      Blnd                1035.00A   41.551    0.2090
He 2                2165.20A   39.697    0.0029      S  3                6312.06A   39.615    0.0024



 CIV QSO  
 Cooling:  HFBc                      0 :0.114 H  1c                     0 :0.503 HFFc                      0 :0.141  
 Heating:  BFH1                      0 :0.562 BFHe                      0 :0.433  

 These are some of the most important databases used by Cloudy:
 Many recombination coefficients were taken from http://amdpp.phys.strath.ac.uk/tamoc/RR/ and http://amdpp.phys.strath.ac.uk/tamoc/DR/
      and are based on the following papers:
        Badnell N. R., et al., A&A 406, 1151 (2003) [http://adsabs.harvard.edu/abs/2003A%26A...406.1151B]
        Badnell N. R., ApJS 167, 334 (2006) [http://adsabs.harvard.edu/abs/2006ApJS..167..334B]
 Much of the molecular emission data is from LAMDA as accessed on June 30, 2015. This database is described in:
        Schoeier F.L., et al., A&A 432, 369 (2005) [http://adsabs.harvard.edu/abs/2005A%26A...432..369S]
      This database is in part based on the work of the following groups:
        JPL: Pickett H. M. et al., JQSRT, 60, 883 (1998). [http://adsabs.harvard.edu/abs/1998JQSRT..60..883P]
        CDMS: Mueller H. S. et al., A&A 370, L49 (2001). [http://adsabs.harvard.edu/abs/2001A%26A...370L..49M]
              Mueller H. S. et al., J. Mol. Struct. 742, 215 (2005). [http://adsabs.harvard.edu/abs/2005JMoSt.742..215M]
 Some of the ionic emission data is from version 7.1.4 of CHIANTI. CHIANTI is a collaborative project involving the NRL (USA), the
      Universities of Florence (Italy) and Cambridge (UK), and George Mason University (USA). These papers describe Chianti:
        Dere K. P., et al., A&AS, 125, 149 (1997) [http://adsabs.harvard.edu/abs/1997A%26AS..125..149D]
        Landi E., et al., ApJ, 744, 99 (2012) [http://adsabs.harvard.edu/abs/2012ApJ...744...99L]
 Much of the H_2 data is from this web site: http://molat.obspm.fr/index.php?page=pages/Molecules/H2/H2can94.php. These data are
      described in:
        Abgrall H. et al., Can. J. Phys., 72, 856 (1994) [http://adsabs.harvard.edu/abs/1994CaJPh..72..856A]
        Wrathmall S. A. & Flower D. R., J. Phys. B, 40, 3221 (2007) [http://adsabs.harvard.edu/abs/2007JPhB...40.3221W]
 The Case A and Case B recombination predictions for one-electron systems are from
	Storey, P.J. & Hummer, D.G., 1995, MNRAS 272, 41 http://adsabs.harvard.edu/abs/1995MNRAS.272...41S
 The He I recombination predictions are from
	Porter, R. L.; Ferland, G. J.; Storey, P. J.; Detisch, M. J., 2012, MNRAS, 425, 28p http://adsabs.harvard.edu/abs/2012MNRAS.425L..28P
		http://adsabs.harvard.edu/abs/2013MNRAS.433L..89P

 If you find some process or data set to be particularly critical to a result, please follow the trail of references back to the
 original source and cite that.  This will support and encourage atomic, molecular, and chemical physicists to continue their
 valuable work.

 IONIZE PARMET:  U(1-)  0.4745  U(4-): -0.5483  U(sp): -1.11  Q(ion):   51.310  L(ion) 43.255    Q(low): 57.148    L(low) 44.708
 ENERGY BUDGET:  Heat:  43.846  Coolg:  43.846  Error:  0.0%  Rec Lin:  43.610  F-F  H  0.000    P(rad/tot)max     1.20E-01    R(F Con):1.737e+05

     Col(Heff):      5.056E+21  snd travl time  4.13E+17 sec  Te-low: 5.48E+03  Te-hi: 7.54E+04  G0TH85: 4.35E+02  G0DB96:4.11E+02
  Emiss Measure    n(e)n(p) dl       2.484E+21  n(e)n(He+)dl         9.937E+19  En(e)n(He++) dl         1.492E+20  ne nC+:1.63E+14
 He/Ha:6.48E-02  =   0.65*true  Lthin:2.41E+03  itr/zn: 5.10  H2 itr/zn:  0.00  File Opacity: F  MassTot 1.76e+46  (gm)
   Temps(21 cm)   T(21cm/Ly a)  2.85E+03        T(<nH/Tkin>)  7.28E+03          T(<nH/Tspin>)    3.06E+03          TB21cm:5.48E+02
                   N(H0/Tspin)  6.90E+18        N(OH/Tkin)    7.94E+04          B(21cm)          0.00E+00
   <a>:6.57E-11  erdeFe6.2E+24  Tcompt5.36E+11  Tthr6.47E+16  <Tden>: 1.79E+04  <dens>:2.39E-25  <MolWgt>1.05E+00
     Mean Jeans  l(cm)2.73E+22  M(sun)3.97E+08  smallest:     len(cm):8.41E+21  M(sun):5.81E+07  a_ox tran: -1.55
 Rion:5.404E+22  Dist:0.00E+00  Diam:0.000E+00
 Hatom level 70  HatomType: add  HInducImp  F  He tot level: 63  He2 level:   70  ExecTime   549.7
 ConvrgError(%)  <eden>  0.031  MaxEden  0.386  <H-C>   0.10  Max(H-C)    0.48  <Press>   0.000  MaxPrs er  0.000
  Continuity(%)  chng Te   2.8  elec den   7.3  n(H2)    0.0  n(CO)        0.0

                                                        Averaged Quantities
             Te      Te(Ne)   Te(NeNp)  Te(NeHe+)Te(NeHe2+) Te(NeO+)  Te(NeO2+)  Te(H2)     N(H)     Ne(O2+)   Ne(Np)
 Radius:  1.21e+04  3.92e+04  4.17e+04  2.68e+04  5.15e+04  1.60e+04  2.82e+04  7.02e+03  1.02e-01  2.10e-01  2.30e-01
   Area:  7.35e+03  2.94e+04  3.36e+04  2.55e+04  4.80e+04  1.50e+04  2.65e+04  6.73e+03  7.00e-02  2.07e-01  1.92e-01
 Volume:  6.50e+03  2.01e+04  2.88e+04  2.43e+04  4.65e+04  1.41e+04  2.51e+04  6.51e+03  5.67e-02  2.05e-01  1.28e-01
 
 Peimbert T(OIIIr)2.07E+04 T(Bac)3.75E+04 T(Hth)0.00E+00 t2(Hstrc) 1.45e-01 T(O3-BAC)0.00E+00 t2(O3-BC) 0.00e+00 t2(O3str) 8.55e-02

 Contin Optical Depths: COMP: 8.26e-03    H-: 6.83e-04 R(1300): 1.42e-01  H2+: 4.46e-05  Bra:8.26E-03
                          Pa: 8.26e-03    Ba: 8.92e-03      Hb: 8.78e-03   La: 3.49e+02     1r:1.341E+05  1.8:4.18E+04 4.:7.054E+03

 Old, new H  1 continuum optical depths:
     1 1.34e+05     2 3.61e-04     3 7.07e-04     4 7.07e-04     5 7.07e-04     6 1.78e-04     7 1.78e-04     8 1.78e-04
     9 1.78e-04    10 1.54e-15    11 1.54e-15    12 1.54e-15    13 1.54e-15    14 1.54e-15    15 3.38e-15    16 3.38e-15
    17 3.38e-15    18 3.38e-15    19 3.38e-15    20 3.38e-15    21 6.81e-15    22 6.81e-15    23 6.81e-15    24 6.81e-15
    25 6.81e-15    26 6.81e-15    27 6.81e-15    28 1.28e-14    29 1.28e-14    30 1.28e-14    31 1.28e-14    32 1.28e-14
    33 1.28e-14    34 1.28e-14    35 1.28e-14    36 2.26e-14    37 2.26e-14    38 2.26e-14    39 2.26e-14    40 2.26e-14
    41 2.26e-14    42 2.26e-14    43 2.26e-14    44 2.26e-14    45 3.79e-14    46 3.79e-14    47 3.79e-14    48 3.79e-14
    49 3.79e-14    50 3.79e-14    51 3.79e-14    52 3.79e-14    53 3.79e-14    54 3.79e-14
     1 1.34e+05     2 3.61e-04     3 7.07e-04     4 7.07e-04     5 7.07e-04     6 1.78e-04     7 1.78e-04     8 1.78e-04
     9 1.78e-04    10 1.54e-15    11 1.54e-15    12 1.54e-15    13 1.54e-15    14 1.54e-15    15 3.38e-15    16 3.38e-15
    17 3.38e-15    18 3.38e-15    19 3.38e-15    20 3.38e-15    21 6.81e-15    22 6.81e-15    23 6.81e-15    24 6.81e-15
    25 6.81e-15    26 6.81e-15    27 6.81e-15    28 1.28e-14    29 1.28e-14    30 1.28e-14    31 1.28e-14    32 1.28e-14
    33 1.28e-14    34 1.28e-14    35 1.28e-14    36 2.26e-14    37 2.26e-14    38 2.26e-14    39 2.26e-14    40 2.26e-14
    41 2.26e-14    42 2.26e-14    43 2.26e-14    44 2.26e-14    45 3.79e-14    46 3.79e-14    47 3.79e-14    48 3.79e-14
    49 3.79e-14    50 3.79e-14    51 3.79e-14    52 3.79e-14    53 3.79e-14    54 3.79e-14

 Old, new H  1 mean line optical depths:
  2- 1 2.59e+09  3- 2 1.15e-05  4- 3 5.15e-12  5- 4 5.82e-12  6- 5 9.01e-12  7- 6 1.16e-11  8- 7 1.83e-11
  9- 8 2.82e-11 10- 9 4.25e-11 11-10 1.04e-10 12-11 1.03e-11 13-12 2.07e-11 14-13 2.22e-11 15-14 3.11e-11 16-15 4.15e-11
 17-16 5.17e-11 18-17 9.47e-11 19-18 4.05e-11 20-19 1.58e-11 21-20 2.74e-14 22-21 0.00e+00 23-22 0.00e+00 24-23 0.00e+00
 25-24 0.00e+00
  2- 1 2.59e+09  3- 2 1.15e-05  4- 3 5.15e-12  5- 4 5.82e-12  6- 5 9.01e-12  7- 6 1.16e-11  8- 7 1.83e-11
  9- 8 2.82e-11 10- 9 4.25e-11 11-10 1.04e-10 12-11 1.03e-11 13-12 2.07e-11 14-13 2.22e-11 15-14 3.11e-11 16-15 4.15e-11
 17-16 5.17e-11 18-17 9.47e-11 19-18 4.05e-11 20-19 1.58e-11 21-20 2.74e-14 22-21 0.00e+00 23-22 0.00e+00 24-23 0.00e+00
 25-24 0.00e+00

 Old, new He 2 continuum optical depths:
     1 7.05e+03     2 1.33e+05     3 1.76e-04     4 1.76e-04     5 1.76e-04     6 3.61e-04     7 3.61e-04     8 3.61e-04
     9 3.61e-04    10 5.76e-04    11 5.76e-04    12 5.76e-04    13 5.76e-04    14 5.76e-04    15 7.07e-04    16 7.07e-04
    17 7.07e-04    18 7.07e-04    19 7.07e-04    20 7.07e-04    21 5.81e-04    22 5.81e-04    23 5.81e-04    24 5.81e-04
    25 5.81e-04    26 5.81e-04    27 5.81e-04    28 1.78e-04    29 1.78e-04    30 1.78e-04    31 1.78e-04    32 1.78e-04
    33 1.78e-04    34 1.78e-04    35 1.78e-04    36 9.08e-16    37 9.08e-16    38 9.08e-16    39 9.08e-16    40 9.08e-16
    41 9.08e-16    42 9.08e-16    43 9.08e-16    44 9.08e-16    45 1.54e-15    46 1.54e-15    47 1.54e-15    48 1.54e-15
    49 1.54e-15    50 1.54e-15    51 1.54e-15    52 1.54e-15    53 1.54e-15    54 1.54e-15
     1 7.05e+03     2 1.33e+05     3 1.76e-04     4 1.76e-04     5 1.76e-04     6 3.61e-04     7 3.61e-04     8 3.61e-04
     9 3.61e-04    10 5.76e-04    11 5.76e-04    12 5.76e-04    13 5.76e-04    14 5.76e-04    15 7.07e-04    16 7.07e-04
    17 7.07e-04    18 7.07e-04    19 7.07e-04    20 7.07e-04    21 5.81e-04    22 5.81e-04    23 5.81e-04    24 5.81e-04
    25 5.81e-04    26 5.81e-04    27 5.81e-04    28 1.78e-04    29 1.78e-04    30 1.78e-04    31 1.78e-04    32 1.78e-04
    33 1.78e-04    34 1.78e-04    35 1.78e-04    36 9.08e-16    37 9.08e-16    38 9.08e-16    39 9.08e-16    40 9.08e-16
    41 9.08e-16    42 9.08e-16    43 9.08e-16    44 9.08e-16    45 1.54e-15    46 1.54e-15    47 1.54e-15    48 1.54e-15
    49 1.54e-15    50 1.54e-15    51 1.54e-15    52 1.54e-15    53 1.54e-15    54 1.54e-15

 Old, new He 2 mean line optical depths:
  2- 1 1.70e+07  3- 2 6.12e-09  4- 3 2.55e-14  5- 4 2.94e-14  6- 5 4.38e-14  7- 6 7.85e-14  8- 7 1.39e-13
  9- 8 2.39e-13 10- 9 3.83e-13 11-10 1.53e-12 12-11 1.87e-14 13-12 4.44e-14 14-13 2.78e-14 15-14 2.79e-14 16-15 1.78e-14
 17-16 2.78e-16 18-17 0.00e+00 19-18 0.00e+00 20-19 0.00e+00 21-20 0.00e+00 22-21 0.00e+00 23-22 0.00e+00 24-23 0.00e+00
 25-24 0.00e+00
  2- 1 1.70e+07  3- 2 6.12e-09  4- 3 2.55e-14  5- 4 2.94e-14  6- 5 4.38e-14  7- 6 7.85e-14  8- 7 1.39e-13
  9- 8 2.39e-13 10- 9 3.83e-13 11-10 1.53e-12 12-11 1.87e-14 13-12 4.44e-14 14-13 2.78e-14 15-14 2.79e-14 16-15 1.78e-14
 17-16 2.78e-16 18-17 0.00e+00 19-18 0.00e+00 20-19 0.00e+00 21-20 0.00e+00 22-21 0.00e+00 23-22 0.00e+00 24-23 0.00e+00
 25-24 0.00e+00

 Old He Is optical depths:    1 4.18e+04    2 2.39e-04    3 3.01e-04    4 3.35e-04    5 3.35e-04
 New He Is optical depths:    1 4.18e+04    2 2.39e-04    3 3.01e-04    4 3.35e-04    5 3.35e-04
          Old He Is Lines:  584 1.65e+08 3889 5.38e-03 5016 7.47e-09 5876 6.01e-13
          New He Is Lines:  584 1.65e+08 3889 5.38e-03 5016 7.47e-09 5876 6.01e-13

==== H      compounds ====           Log10 column densities [cm^-2]
   H2        : 14.133   H2*       : 10.869   H2+       : 12.805   H3+       :  7.927
==== He     compounds ====
   HeH+      : 14.243
==== Li     compounds ====
   LiH       : -2.219   LiH+      : -0.916
==== C      compounds ====
   CH        :  3.231   CH+       :  8.615   CH2       : -4.920   CH2+      :  0.812   CH3       :-11.701   CH3+      : -7.911
   CH4       :-20.865   CH4+      :-22.576   CH5+      :-22.743   C2        : -6.152   C2+       : -1.399   C2H       :-15.020
   C2H+      : -9.045   C2H2      :-25.951   C2H2+     :-16.807   C2H3+     :-26.380   C3        :-27.833   C3+       :-19.070
   C3H       :-35.930   C3H+      :-26.391
==== N      compounds ====
   NH        :  7.268   NH+       :  8.008   NH2       : -2.541   NH2+      :  0.171   NH3       :-11.600   NH3+      : -8.235
   NH4+      :-20.361   CN        :  0.972   CN+       :  2.130   HCN       : -6.880   HCN+      : -5.303   HNC       :-14.021
   HCNH+     :-13.241   N2        :  1.992   N2+       :  2.672   N2H+      :-11.412
==== O      compounds ====
   OH        :  8.741   OH+       :  8.829   H2O       : -0.330   H2O+      :  0.830   H3O+      : -7.345   CO        :  3.761
   CO+       :  3.378   HCO+      : -2.658   NO        :  1.079   NO+       :  2.514   HNO       : -7.354   HNO+      : -5.586
   OCN       :-11.617   OCN+      :-10.514   N2O       :-12.460   O2        :  3.177   O2+       :  4.007   NO2       :-15.208
   NO2+      :-11.231
==== Ne     compounds ====
   NeH+      :  8.040
==== Si     compounds ====
   SiH       : -2.235   SiH2+     : -0.929   SiN       : -7.420   SiN+      :  1.128   SiO       : -2.339   SiO+      :  2.943
   SiOH+     : -5.390
==== S      compounds ====
   HS        :  1.387   HS+       :  6.234   CS        : -9.810   CS+       : -3.337   HCS+      : -9.746   NS        : -4.432
   NS+       :  0.799   SO        : -5.296   SO+       :  2.092   OCS       :-19.135   OCS+      :-17.138   S2        :-17.720
   S2+       :-18.883
==== Cl     compounds ====
   HCl       : -3.411   HCl+      :  5.484   H2Cl+     : -2.247   CCl       :-32.461   CCl+      : -8.746   H2CCl+    :-32.898
   ClO       :-35.930   ClO+      :-35.930
==== Ar     compounds ====
   ArH+      :  9.834


               1      2      3      4      5      6      7      8      9     10     11     12     13     14     15     16     17

 Hydrogen   22.325 22.033 14.134 (H2)                Log10 Column density (cm^-2)
 Helium     21.328 20.700 20.750
 Lithium     6.570 11.723 10.310 11.012
 Beryllium   5.794  9.737  9.144  8.858  8.915
 Boron       5.594 11.111  9.113 10.612 10.249  9.902
 Carbon     11.915 16.720 15.877 15.661 15.937 15.597 15.013
 Nitrogen   16.249 14.800 15.235 15.486 14.727 15.433 14.825 13.963
 Oxygen     17.017 15.293 16.371 15.672 15.795 15.592 16.022 15.194 14.030
 Fluorine   12.261 12.583 12.349 11.384 11.700 11.659 11.249 11.543 10.517  9.063
 Neon       15.703 16.094 15.932 14.730 15.148 15.312 14.986 14.577 14.734 13.502 11.782
 Sodium     10.342 14.563 14.259 13.243 13.450 13.612 13.501 13.011 12.542 12.576 11.145  9.194
 Magnesium  12.278 15.827 15.311 14.442 14.573 14.789 14.757 14.488 14.099 13.524 13.312 11.634  9.451
 Aluminium   9.699 14.727 13.672 14.227 13.467 13.820 13.670 13.493 13.195 12.566 11.768 11.394  9.521  7.070
 Silicon    10.295 15.876 14.669 14.592 14.768 14.704 14.917 14.768 14.187 13.597 12.710 11.940 11.359  9.298  6.240
 Phosphorus  8.876 13.835 12.696 12.860 11.930 12.643 12.852 12.761 12.360 12.009 11.195 10.178  9.144  8.439  6.115  2.952
 Sulphur    10.214 15.529 14.921 14.714 13.963 13.642 14.489 14.633 14.296 13.725 13.241 12.594 11.435 10.241  9.423  6.470-30.000
 Chlorine    8.630 13.491 13.079 12.884 12.159 11.858 11.704 12.494 12.419 12.178 11.574 10.615  9.553  8.140  6.961  5.876  2.854
-30.000
 Argon      14.318 14.514 13.411 13.986 13.590 13.396 12.858 12.817 13.523 13.353 12.929 12.301 11.447 10.103  8.507  7.129  5.546
-30.000-30.000
 Potassium   8.257 13.274 13.040 12.522 12.437 12.418 11.998 11.480 11.347 12.047 11.922 11.340 10.349  9.043  7.370  5.885  3.829
-30.000-30.000-30.000
 Calcium     7.065 11.889 14.711 13.901 13.347 13.590 13.548 13.087 12.465 12.396 13.102 12.899 12.188 11.178  9.946  8.501  6.622
  4.634-30.000-30.000-30.000
 Scandium    4.408  9.582 11.491 10.852 10.143 10.342 10.291 10.285  9.667  9.055  8.888  9.639  9.315  8.633  7.304  5.724  4.125
  1.811-30.000-30.000-30.000-30.000
 Titanium    7.688 12.988 13.104 12.410 12.499 12.192 12.112 12.135 11.818 11.246 10.603 10.600 11.238 10.664  9.755  8.365  6.422
  4.256-30.000-30.000-30.000-30.000-30.000
 Vanadium    7.840 12.172 11.831 11.037 11.535 11.299 11.117 11.083 10.787 10.651  9.842  9.428  9.279  9.798  8.942  7.692  6.140
  3.807  1.751-30.000-30.000-30.000-30.000-30.000
 Chromium    8.463 14.002 12.034 12.810 13.178 12.764 12.908 12.796 12.461 12.359 11.798 11.054 10.951 10.483 10.899 10.098  8.616
  6.766  4.472-30.000-30.000-30.000-30.000-30.000-30.000
 Manganese   9.594 13.792 11.834 12.671 12.940 12.613 12.794 12.378 12.146 12.087 11.609 11.318 10.266  9.577  8.988  9.239  8.254
  6.707  4.436-30.000-30.000-30.000-30.000-30.000-30.000-30.000
 Iron       10.786 15.783 13.617 15.056 14.112 14.226 14.705 14.812 14.310 13.872 13.250 12.481 11.730 10.957 10.264  9.957 10.041
  8.864  7.279  4.996-30.000-30.000-30.000-30.000-30.000-30.000-30.000
 Cobalt      9.064 13.254 10.802 12.031 12.416 11.883 12.030 12.181 11.912 11.669 11.117 10.820 10.383  9.569  8.448  7.619  7.100
  6.991  5.584  3.558-30.000-30.000-30.000-30.000-30.000-30.000-30.000-30.000
 Nickel     10.151 14.585 12.504 13.831 12.972 13.160 13.299 13.498 13.268 13.145 12.503 12.190 11.748 10.967 10.180  9.006  8.048
  7.409  7.195  5.146-30.000-30.000-30.000-30.000-30.000-30.000-30.000-30.000-30.000
 Copper      7.952 12.539 10.848 11.785 10.910 11.042 11.222 11.462 11.248 11.178 10.689  9.900  9.532  8.744  7.978  7.313  5.799
  4.784  3.004-30.000-30.000-30.000-30.000-30.000-30.000-30.000-30.000-30.000-30.000-30.000
 Zinc        8.295 12.622 12.620 12.231 11.448 11.404 11.549 11.862 11.636 11.581 11.109 10.830 10.266  9.484  8.687  8.037  7.144
  5.561  4.459  3.170-30.000-30.000-30.000-30.000-30.000-30.000-30.000-30.000-30.000-30.000-30.000
 Exc state                  He[2] 10.908                 C+[2] 13.077                  C[1] 11.902                  C[2] 10.296
                             C[3]  9.681                  O[1] 17.017                  O[2] 11.023                  O[3] 11.033
                           Si+[1] 15.876                C+2[2] 13.287                C+2[3]  4.125                C+2[4]  8.621


 Hydrogen   -0.012 -1.562 -7.768 (H2)                 Log10 Mean Ionisation (over volume)
 Helium     -0.009 -1.735 -2.544
 Lithium    -5.271 -0.002 -2.938 -2.634
 Beryllium  -4.218 -0.014 -1.539 -2.596 -2.970
 Boron      -5.619 -0.014 -3.085 -1.546 -2.748 -3.625
 Carbon     -4.839 -0.008 -1.952 -2.343 -2.573 -3.324 -4.444
 Nitrogen   -0.013 -1.876 -2.210 -2.097 -3.298 -2.846 -3.923 -5.247
 Oxygen     -0.011 -2.044 -1.874 -2.953 -3.066 -3.443 -3.300 -4.568 -6.064
 Fluorine   -0.448 -0.269 -0.990 -2.978 -2.919 -3.160 -3.807 -3.860 -5.243 -6.906
 Neon       -0.536 -0.256 -0.822 -3.110 -2.945 -2.977 -3.573 -4.291 -4.460 -5.929 -7.774
 Sodium     -4.286 -0.078 -0.797 -2.862 -2.935 -2.968 -3.352 -4.231 -5.010 -5.175 -6.735 -8.755
 Magnesium  -3.852 -0.031 -1.198 -2.814 -2.939 -2.914 -3.168 -3.791 -4.534 -5.359 -5.718 -7.496 -9.740
 Aluminium  -5.640 -0.061 -1.340 -1.088 -2.789 -2.737 -3.112 -3.624 -4.302 -5.229 -6.187 -6.640 -8.581-11.109
 Silicon    -5.659 -0.007 -2.323 -2.437 -2.401 -2.795 -2.818 -3.290 -4.376 -5.305 -6.351 -7.185 -7.811 -9.918-13.051
 Phosphorus -4.993 -0.010 -1.946 -2.170 -3.176 -2.724 -2.776 -3.137 -3.950 -4.702 -5.758 -6.882 -7.967 -8.706-11.101-14.304
 Sulphur    -5.380 -0.047 -1.047 -2.113 -2.991 -3.442 -2.831 -2.929 -3.666 -4.679 -5.431 -6.207 -7.435 -8.662 -9.505-12.546
 Chlorine   -4.941 -0.079 -0.814 -1.995 -3.001 -3.394 -3.673 -3.065 -3.398 -4.021 -4.982 -6.146 -7.301 -8.768 -9.983-11.115-14.177
 Argon      -0.312 -0.308 -2.187 -1.995 -2.735 -3.102 -3.782 -3.919 -3.418 -3.896 -4.654 -5.512 -6.496 -7.907 -9.543-10.973-12.605
 Potassium  -5.125 -0.116 -0.690 -2.201 -1.679 -2.808 -3.445 -4.077 -4.353 -3.884 -4.298 -5.124 -6.270 -7.662 -9.388-10.932-13.043
 Calcium    -7.961 -2.848 -0.006 -2.019 -2.862 -2.847 -3.139 -3.808 -4.605 -4.816 -4.350 -4.770 -5.639 -6.743 -8.030 -9.513-11.462
           -13.476
 Scandium   -7.164 -1.927 -0.016 -1.706 -2.792 -2.882 -3.183 -3.424 -4.328 -5.107 -5.464 -4.882 -5.337 -6.101 -7.482 -9.094-10.735
           -13.110
 Titanium   -5.667 -0.337 -0.285 -2.122 -1.946 -2.876 -3.170 -3.407 -4.020 -4.854 -5.661 -5.791 -5.280 -5.936 -6.892 -8.312-10.285
           -12.516
 Vanadium   -4.453 -0.112 -0.677 -2.451 -2.035 -2.692 -3.110 -3.390 -3.995 -4.411 -5.469 -5.967 -6.223 -5.780 -6.691 -7.972 -9.545
           -11.935-13.999
 Chromium   -5.574 -0.008 -2.758 -2.356 -2.081 -2.883 -2.955 -3.313 -3.949 -4.359 -5.169 -6.046 -6.225 -6.769 -6.395 -7.233 -8.738
           -10.614-12.949
 Manganese  -4.211 -0.008 -2.757 -2.293 -2.112 -2.861 -2.927 -3.615 -4.135 -4.490 -5.187 -5.596 -6.743 -7.459 -8.095 -7.866 -8.881
           -10.457-12.774
 Iron       -5.076 -0.007 -3.060 -1.923 -3.070 -3.105 -2.895 -3.029 -3.942 -4.744 -5.614 -6.502 -7.315 -8.126 -8.844 -9.169 -9.101
           -10.298-11.916-14.205
 Cobalt     -4.225 -0.007 -3.448 -2.377 -2.070 -2.946 -2.999 -3.063 -3.619 -4.192 -5.044 -5.515 -6.067 -6.939 -8.095 -8.944 -9.483
            -9.610-11.057-13.113
 Nickel     -4.455 -0.007 -3.110 -1.947 -3.003 -2.989 -3.056 -3.037 -3.522 -3.985 -4.961 -5.454 -6.023 -6.868 -7.690 -8.893 -9.869
           -10.532-10.761-12.855
 Copper     -4.602 -0.010 -2.181 -1.949 -3.022 -3.034 -3.074 -2.985 -3.436 -3.844 -4.681 -5.709 -6.183 -7.051 -7.853 -8.547-10.092
           -11.142-12.977
 Zinc       -4.596 -0.251 -0.392 -1.588 -2.302 -3.045 -3.114 -2.950 -3.394 -3.758 -4.569 -5.098 -5.812 -6.676 -7.519 -8.199 -9.117
           -10.737-11.883-13.181

               1      2      3      4      5      6      7      8      9     10     11     12     13     14     15     16     17
              18     19     20     21     22     23     24     25     26     27     28     29     30

 Hydrogen   -0.043 -1.029 -7.852 (H2)                 Log10 Mean Ionisation (over area)
 Helium     -0.040 -1.207 -1.599
 Lithium    -5.245 -0.013 -2.140 -1.668
 Beryllium  -4.139 -0.047 -1.129 -1.770 -1.952
 Boron      -5.624 -0.046 -2.550 -1.101 -1.846 -2.483
 Carbon     -4.861 -0.038 -1.415 -1.703 -1.703 -2.273 -3.123
 Nitrogen   -0.045 -1.715 -1.617 -1.441 -2.432 -1.871 -2.733 -3.801
 Oxygen     -0.041 -1.941 -1.261 -2.156 -2.153 -2.449 -2.185 -3.238 -4.543
 Fluorine   -0.523 -0.284 -0.817 -2.204 -2.022 -2.171 -2.712 -2.602 -3.792 -5.334
 Neon       -0.606 -0.280 -0.698 -2.354 -2.068 -2.013 -2.489 -3.059 -3.055 -4.388 -6.161
 Sodium     -4.333 -0.119 -0.683 -2.138 -2.078 -2.022 -2.288 -2.979 -3.590 -3.641 -5.126 -7.107
 Magnesium  -3.769 -0.069 -0.954 -2.116 -2.120 -2.006 -2.166 -2.626 -3.186 -3.871 -4.145 -5.864 -8.073
 Aluminium  -5.456 -0.100 -1.288 -0.921 -2.064 -1.866 -2.143 -2.505 -2.990 -3.751 -4.616 -5.023 -6.926 -9.411
 Silicon    -5.669 -0.036 -1.758 -1.853 -1.749 -1.987 -1.903 -2.238 -3.074 -3.807 -4.760 -5.557 -6.157 -8.238-11.331
 Phosphorus -5.017 -0.040 -1.604 -1.569 -2.540 -1.964 -1.892 -2.138 -2.758 -3.293 -4.209 -5.271 -6.327 -7.046 -9.402-12.584
 Sulphur    -5.415 -0.088 -0.925 -1.495 -2.315 -2.706 -1.980 -1.970 -2.529 -3.308 -3.905 -4.607 -5.795 -7.003 -7.832-10.826
 Chlorine   -4.992 -0.128 -0.727 -1.362 -2.235 -2.584 -2.802 -2.106 -2.325 -2.765 -3.533 -4.578 -5.679 -7.115 -8.310 -9.417-12.458
 Argon      -0.384 -0.300 -1.787 -1.369 -1.945 -2.230 -2.839 -2.929 -2.334 -2.667 -3.252 -3.982 -4.891 -6.264 -7.877 -9.278-10.885
 Potassium  -5.186 -0.173 -0.610 -1.564 -1.457 -1.934 -2.462 -3.043 -3.248 -2.667 -2.936 -3.631 -4.691 -6.034 -7.729 -9.240-11.323
 Calcium    -7.874 -2.870 -0.031 -1.404 -2.111 -1.989 -2.158 -2.729 -3.440 -3.578 -2.988 -3.292 -4.075 -5.127 -6.383 -7.844 -9.756
           -11.757
 Scandium   -7.173 -1.957 -0.047 -1.211 -2.107 -2.035 -2.213 -2.347 -3.111 -3.804 -4.057 -3.382 -3.764 -4.482 -5.835 -7.429 -9.047
           -11.391
 Titanium   -5.700 -0.381 -0.303 -1.530 -1.457 -2.030 -2.224 -2.340 -2.811 -3.509 -4.225 -4.283 -3.700 -4.310 -5.239 -6.643 -8.599
           -10.796
 Vanadium   -4.501 -0.163 -0.630 -1.869 -1.416 -1.873 -2.180 -2.347 -2.804 -3.077 -3.996 -4.447 -4.641 -4.155 -5.035 -6.298 -7.860
           -10.220-12.280
 Chromium   -5.593 -0.037 -2.392 -1.770 -1.452 -2.069 -2.039 -2.284 -2.781 -3.034 -3.707 -4.507 -4.642 -5.142 -4.745 -5.561 -7.054
            -8.916-11.229
 Manganese  -4.238 -0.037 -2.388 -1.702 -1.482 -2.028 -1.978 -2.542 -2.925 -3.124 -3.700 -4.042 -5.135 -5.835 -6.444 -6.203 -7.201
            -8.762-11.054
 Iron       -5.077 -0.037 -2.632 -1.320 -2.369 -2.334 -1.994 -2.025 -2.752 -3.362 -4.086 -4.904 -5.681 -6.470 -7.174 -7.489 -7.412
            -8.599-10.200-12.485
 Cobalt     -4.245 -0.036 -2.945 -1.794 -1.450 -2.161 -2.119 -2.085 -2.513 -2.925 -3.614 -3.985 -4.470 -5.309 -6.445 -7.282 -7.810
            -7.927 -9.353-11.393
 Nickel     -4.479 -0.036 -2.588 -1.345 -2.305 -2.208 -2.175 -2.075 -2.447 -2.748 -3.545 -3.937 -4.432 -5.240 -6.042 -7.228 -8.194
            -8.844 -9.065-11.135
 Copper     -4.630 -0.040 -2.009 -1.348 -2.323 -2.268 -2.200 -2.044 -2.392 -2.642 -3.296 -4.189 -4.602 -5.423 -6.204 -6.881 -8.409
            -9.440-11.247
 Zinc       -4.645 -0.307 -0.390 -1.210 -1.999 -2.287 -2.251 -2.021 -2.368 -2.589 -3.227 -3.617 -4.245 -5.061 -5.878 -6.541 -7.445
            -9.045-10.167-11.461

               1      2      3      4      5      6      7      8      9     10     11     12     13     14     15     16     17
              18     19     20     21     22     23     24     25     26     27     28     29     30

 Hydrogen   -0.179 -0.471 -8.069 (H2)                 Log10 Mean Ionisation (over radius)
 Helium     -0.176 -0.804 -0.754
 Lithium    -5.244 -0.091 -1.504 -0.802
 Beryllium  -4.130 -0.187 -0.780 -1.066 -1.010
 Boron      -5.700 -0.184 -2.181 -0.682 -1.045 -1.393
 Carbon     -4.979 -0.173 -1.016 -1.232 -0.956 -1.296 -1.881
 Nitrogen   -0.185 -1.634 -1.199 -0.948 -1.708 -1.002 -1.609 -2.471
 Oxygen     -0.178 -1.902 -0.823 -1.523 -1.399 -1.602 -1.172 -2.001 -3.164
 Fluorine   -0.723 -0.401 -0.635 -1.600 -1.284 -1.325 -1.735 -1.441 -2.467 -3.922
 Neon       -0.801 -0.410 -0.572 -1.774 -1.356 -1.192 -1.518 -1.928 -1.770 -3.002 -4.722
 Sodium     -4.493 -0.271 -0.576 -1.592 -1.384 -1.223 -1.333 -1.824 -2.293 -2.258 -3.689 -5.640
 Magnesium  -3.767 -0.218 -0.734 -1.602 -1.471 -1.255 -1.288 -1.556 -1.946 -2.521 -2.732 -4.410 -6.593
 Aluminium  -5.275 -0.247 -1.302 -0.747 -1.507 -1.154 -1.304 -1.481 -1.779 -2.408 -3.206 -3.580 -5.453 -7.904
 Silicon    -5.750 -0.168 -1.375 -1.452 -1.276 -1.341 -1.127 -1.276 -1.858 -2.447 -3.334 -4.105 -4.686 -6.747 -9.804
 Phosphorus -5.134 -0.175 -1.313 -1.149 -2.079 -1.367 -1.157 -1.248 -1.649 -2.000 -2.814 -3.832 -4.865 -5.571 -7.894-11.057
 Sulphur    -5.555 -0.240 -0.848 -1.055 -1.806 -2.127 -1.280 -1.136 -1.473 -2.044 -2.528 -3.175 -4.334 -5.528 -6.346 -9.299
 Chlorine   -5.155 -0.294 -0.706 -0.901 -1.626 -1.927 -2.081 -1.292 -1.366 -1.607 -2.211 -3.170 -4.232 -5.645 -6.825 -7.909-10.931
 Argon      -0.586 -0.390 -1.493 -0.918 -1.314 -1.508 -2.046 -2.086 -1.381 -1.550 -1.975 -2.603 -3.457 -4.800 -6.397 -7.774 -9.358
 Potassium  -5.368 -0.351 -0.585 -1.103 -1.187 -1.206 -1.627 -2.145 -2.278 -1.578 -1.703 -2.284 -3.276 -4.581 -6.255 -7.740 -9.796
 Calcium    -7.800 -2.975 -0.153 -0.963 -1.517 -1.274 -1.316 -1.777 -2.399 -2.468 -1.762 -1.965 -2.676 -3.686 -4.918 -6.363 -8.242
           -10.230
 Scandium   -7.266 -2.092 -0.184 -0.822 -1.531 -1.333 -1.383 -1.389 -2.008 -2.619 -2.786 -2.036 -2.359 -3.041 -4.371 -5.951 -7.550
            -9.864
 Titanium   -5.837 -0.537 -0.421 -1.115 -1.027 -1.334 -1.413 -1.391 -1.707 -2.280 -2.922 -2.925 -2.287 -2.862 -3.770 -5.160 -7.103
            -9.269
 Vanadium   -4.665 -0.332 -0.673 -1.467 -0.970 -1.205 -1.387 -1.421 -1.717 -1.853 -2.662 -3.076 -3.225 -2.706 -3.562 -4.812 -6.364
            -8.697-10.753
 Chromium   -5.712 -0.172 -2.140 -1.364 -0.997 -1.411 -1.266 -1.378 -1.713 -1.815 -2.377 -3.121 -3.223 -3.691 -3.276 -4.076 -5.558
            -7.408 -9.702
 Manganese  -4.369 -0.172 -2.129 -1.292 -1.023 -1.351 -1.170 -1.586 -1.818 -1.877 -2.355 -2.646 -3.698 -4.386 -4.976 -4.725 -5.709
            -7.257 -9.528
 Iron       -5.168 -0.171 -2.337 -0.899 -1.843 -1.728 -1.250 -1.143 -1.644 -2.083 -2.704 -3.474 -4.224 -4.997 -5.690 -5.998 -5.913
            -7.090 -8.676-10.958
 Cobalt     -4.360 -0.170 -2.622 -1.394 -1.008 -1.541 -1.394 -1.243 -1.513 -1.755 -2.307 -2.604 -3.042 -3.855 -4.976 -5.805 -6.324
            -6.434 -7.841 -9.866
 Nickel     -4.603 -0.170 -2.250 -0.924 -1.782 -1.595 -1.456 -1.257 -1.487 -1.610 -2.251 -2.565 -3.006 -3.788 -4.575 -5.748 -6.707
            -7.345 -7.559 -9.609
 Copper     -4.761 -0.175 -1.866 -0.929 -1.803 -1.671 -1.492 -1.252 -1.465 -1.536 -2.024 -2.814 -3.182 -3.970 -4.736 -5.401 -6.915
            -7.930 -9.709
 Zinc       -4.809 -0.482 -0.484 -0.873 -1.656 -1.700 -1.555 -1.242 -1.468 -1.523 -1.995 -2.274 -2.838 -3.620 -4.417 -5.067 -5.960
            -7.543 -8.645 -9.934

               1      2      3      4      5      6      7      8      9     10     11     12     13     14     15     16     17
              18     19     20     21     22     23     24     25     26     27     28     29     30

 Hydrogen   -0.673 -0.104 -8.579 (H2)         Log10 Mean Ionisation (over volume*electron density)
 Helium     -0.674 -0.203 -0.793
 Lithium    -4.894 -0.093 -1.219 -0.878
 Beryllium  -3.947 -0.667 -0.224 -0.899 -1.210
 Boron      -5.590 -0.648 -1.492 -0.200 -1.011 -1.855
 Carbon     -5.222 -0.649 -0.409 -0.675 -0.840 -1.562 -2.658
 Nitrogen   -0.683 -1.642 -0.557 -0.424 -1.562 -1.092 -2.146 -3.451
 Oxygen     -0.673 -1.761 -0.214 -1.232 -1.314 -1.678 -1.525 -2.779 -4.263
 Fluorine   -1.231 -0.885 -0.200 -1.264 -1.171 -1.396 -2.034 -2.074 -3.446 -5.102
 Neon       -1.308 -0.894 -0.195 -1.403 -1.199 -1.217 -1.801 -2.508 -2.665 -4.126 -5.968
 Sodium     -4.985 -0.758 -0.221 -1.168 -1.198 -1.211 -1.583 -2.447 -3.214 -3.373 -4.929 -6.948
 Magnesium  -3.661 -0.701 -0.264 -1.129 -1.211 -1.163 -1.405 -2.014 -2.743 -3.559 -3.914 -5.689 -7.932
 Aluminium  -4.633 -0.641 -1.315 -0.319 -1.095 -0.996 -1.354 -1.851 -2.513 -3.430 -4.383 -4.834 -6.774 -9.301
 Silicon    -5.664 -0.621 -0.682 -0.786 -0.729 -1.073 -1.070 -1.525 -2.590 -3.505 -4.546 -5.379 -6.004 -8.109-11.242
 Phosphorus -5.281 -0.619 -0.729 -0.517 -1.509 -1.018 -1.034 -1.377 -2.172 -2.907 -3.955 -5.076 -6.161 -6.899 -9.292-12.494
 Sulphur    -5.818 -0.715 -0.646 -0.452 -1.312 -1.744 -1.098 -1.174 -1.892 -2.887 -3.629 -4.402 -5.628 -6.855 -7.697-10.737
 Chlorine   -5.498 -0.778 -0.697 -0.329 -1.292 -1.673 -1.936 -1.308 -1.628 -2.236 -3.184 -4.342 -5.495 -6.960 -8.175 -9.307-12.368
 Argon      -1.093 -0.877 -0.877 -0.331 -1.019 -1.365 -2.029 -2.158 -1.645 -2.112 -2.858 -3.710 -4.691 -6.100 -7.736 -9.164-10.795
 Potassium  -5.820 -0.823 -0.465 -0.533 -1.049 -1.071 -1.684 -2.311 -2.578 -2.100 -2.504 -3.324 -4.466 -5.856 -7.580 -9.123-11.233
 Calcium    -7.249 -2.993 -0.441 -0.363 -1.160 -1.114 -1.380 -2.037 -2.826 -3.031 -2.556 -2.969 -3.834 -4.937 -6.223 -7.705 -9.654
           -11.667
 Scandium   -7.339 -2.529 -0.668 -0.236 -1.179 -1.151 -1.424 -1.653 -2.545 -3.318 -3.668 -3.080 -3.533 -4.295 -5.675 -7.286 -8.926
           -11.301
 Titanium   -6.215 -1.026 -0.856 -0.471 -0.541 -1.144 -1.417 -1.637 -2.238 -3.063 -3.864 -3.990 -3.475 -4.130 -5.085 -6.504 -8.477
           -10.707
 Vanadium   -5.117 -0.829 -1.036 -0.801 -0.379 -0.968 -1.360 -1.624 -2.215 -2.620 -3.670 -4.166 -4.418 -3.974 -4.884 -6.164 -7.737
           -10.126-12.190
 Chromium   -6.123 -0.665 -1.476 -0.704 -0.417 -1.159 -1.207 -1.548 -2.171 -2.569 -3.371 -4.244 -4.421 -4.963 -4.588 -5.425 -6.930
            -8.806-11.140
 Manganese  -4.849 -0.663 -1.444 -0.639 -0.450 -1.132 -1.171 -1.845 -2.354 -2.697 -3.387 -3.793 -4.938 -5.653 -6.288 -6.059 -7.073
            -8.649-10.965
 Iron       -5.475 -0.659 -1.632 -0.266 -1.384 -1.393 -1.145 -1.266 -2.164 -2.951 -3.812 -4.697 -5.508 -6.318 -7.036 -7.361 -7.293
            -8.490-10.107-12.396
 Cobalt     -4.642 -0.646 -1.851 -0.727 -0.410 -1.229 -1.256 -1.302 -1.846 -2.406 -3.247 -3.713 -4.262 -5.133 -6.288 -7.136 -7.675
            -7.802 -9.248-11.303
 Nickel     -4.995 -0.644 -1.489 -0.290 -1.320 -1.273 -1.311 -1.278 -1.751 -2.201 -3.165 -3.652 -4.218 -5.062 -5.883 -7.085 -8.061
            -8.724 -8.952-11.046
 Copper     -5.208 -0.670 -1.350 -0.292 -1.336 -1.323 -1.329 -1.229 -1.668 -2.063 -2.887 -3.908 -4.379 -5.245 -6.046 -6.739 -8.283
            -9.333-11.168
 Zinc       -5.292 -0.985 -0.928 -0.272 -1.255 -1.337 -1.371 -1.196 -1.628 -1.980 -2.778 -3.298 -4.008 -4.870 -5.712 -6.392 -7.309
            -8.929-10.074-11.371

               1      2      3      4      5      6      7      8      9     10     11     12     13     14     15     16     17
              18     19     20     21     22     23     24     25     26     27     28     29     30

 Hydrogen   -1.133 -0.033 -9.150 (H2)         Log10 Mean Ionisation (over area*electron density)
 Helium     -1.139 -0.228 -0.474
 Lithium    -4.993 -0.206 -1.050 -0.540
 Beryllium  -4.102 -1.115 -0.252 -0.675 -0.818
 Boron      -5.749 -1.076 -1.565 -0.183 -0.731 -1.337
 Carbon     -5.485 -1.084 -0.441 -0.665 -0.593 -1.136 -1.964
 Nitrogen   -1.154 -1.812 -0.594 -0.395 -1.321 -0.742 -1.582 -2.637
 Oxygen     -1.135 -1.915 -0.232 -1.062 -1.032 -1.317 -1.040 -2.079 -3.376
 Fluorine   -1.775 -1.318 -0.238 -1.119 -0.903 -1.039 -1.569 -1.446 -2.627 -4.165
 Neon       -1.846 -1.337 -0.241 -1.277 -0.954 -0.884 -1.347 -1.905 -1.892 -3.220 -4.991
 Sodium     -5.465 -1.224 -0.277 -1.074 -0.968 -0.897 -1.148 -1.824 -2.426 -2.473 -3.955 -5.935
 Magnesium  -3.822 -1.161 -0.318 -1.064 -1.022 -0.887 -1.033 -1.477 -2.026 -2.705 -2.975 -4.693 -6.901
 Aluminium  -4.735 -1.007 -1.462 -0.364 -0.998 -0.755 -1.015 -1.360 -1.832 -2.585 -3.447 -3.853 -5.754 -8.239
 Silicon    -5.825 -1.031 -0.747 -0.835 -0.710 -0.894 -0.784 -1.099 -1.916 -2.641 -3.590 -4.386 -4.986 -7.066-10.158
 Phosphorus -5.512 -1.021 -0.791 -0.547 -1.504 -0.886 -0.779 -1.006 -1.607 -2.130 -3.040 -4.101 -5.155 -5.875 -8.229-11.411
 Sulphur    -6.110 -1.171 -0.735 -0.465 -1.264 -1.634 -0.874 -0.843 -1.382 -2.147 -2.738 -3.437 -4.624 -5.832 -6.660 -9.653
 Chlorine   -5.845 -1.258 -0.827 -0.325 -1.152 -1.488 -1.691 -0.978 -1.184 -1.610 -2.368 -3.409 -4.509 -5.944 -7.138 -8.244-11.285
 Argon      -1.646 -1.293 -0.962 -0.336 -0.855 -1.119 -1.715 -1.798 -1.192 -1.513 -2.089 -2.814 -3.721 -5.093 -6.706 -8.106 -9.712
 Potassium  -6.275 -1.298 -0.567 -0.527 -0.946 -0.822 -1.332 -1.906 -2.104 -1.514 -1.774 -2.465 -3.522 -4.863 -6.557 -8.068-10.150
 Calcium    -7.378 -3.182 -0.694 -0.376 -1.033 -0.881 -1.028 -1.587 -2.291 -2.424 -1.827 -2.126 -2.906 -3.957 -5.212 -6.673 -8.584
           -10.584
 Scandium   -7.556 -2.932 -1.117 -0.261 -1.054 -0.929 -1.084 -1.206 -1.958 -2.646 -2.894 -2.215 -2.594 -3.312 -4.664 -6.258 -7.875
           -10.218
 Titanium   -6.572 -1.500 -1.238 -0.509 -0.513 -0.924 -1.098 -1.200 -1.659 -2.349 -3.061 -3.116 -2.530 -3.139 -4.068 -5.471 -7.427
            -9.623
 Vanadium   -5.557 -1.328 -1.334 -0.850 -0.387 -0.775 -1.057 -1.209 -1.653 -1.917 -2.831 -3.279 -3.472 -2.984 -3.863 -5.126 -6.688
            -9.047-11.107
 Chromium   -6.492 -1.123 -1.600 -0.750 -0.418 -0.971 -0.919 -1.148 -1.632 -1.875 -2.541 -3.339 -3.472 -3.971 -3.573 -4.390 -5.882
            -7.743-10.056
 Manganese  -5.287 -1.120 -1.565 -0.681 -0.447 -0.926 -0.852 -1.401 -1.772 -1.963 -2.533 -2.873 -3.964 -4.664 -5.273 -5.032 -6.029
            -7.589 -9.882
 Iron       -5.770 -1.112 -1.742 -0.296 -1.311 -1.250 -0.876 -0.892 -1.601 -2.200 -2.919 -3.734 -4.510 -5.299 -6.002 -6.317 -6.240
            -7.426 -9.027-11.312
 Cobalt     -4.934 -1.086 -1.968 -0.777 -0.420 -1.072 -1.005 -0.954 -1.369 -1.769 -2.449 -2.818 -3.300 -4.138 -5.273 -6.110 -6.638
            -6.755 -8.180-10.220
 Nickel     -5.354 -1.081 -1.596 -0.320 -1.249 -1.121 -1.060 -0.947 -1.306 -1.594 -2.382 -2.770 -3.262 -4.069 -4.871 -6.056 -7.022
            -7.672 -7.892 -9.962
 Copper     -5.615 -1.131 -1.471 -0.324 -1.268 -1.186 -1.087 -0.919 -1.253 -1.490 -2.134 -3.022 -3.432 -4.252 -5.032 -5.710 -7.237
            -8.267-10.073
 Zinc       -5.769 -1.501 -1.298 -0.312 -1.209 -1.208 -1.140 -0.897 -1.232 -1.440 -2.067 -2.451 -3.076 -3.891 -4.707 -5.370 -6.273
            -7.872 -8.994-10.288

               1      2      3      4      5      6      7      8      9     10     11     12     13     14     15     16     17
              18     19     20     21     22     23     24     25     26     27     28     29     30

 Hydrogen   -1.671 -0.009 -9.799 (H2)         Log10 Mean Ionisation (over radius*electron density)
 Helium     -1.684 -0.407 -0.231
 Lithium    -5.241 -0.426 -1.019 -0.276
 Beryllium  -4.407 -1.631 -0.430 -0.567 -0.477
 Boron      -6.044 -1.567 -1.795 -0.285 -0.529 -0.849
 Carbon     -5.836 -1.581 -0.626 -0.798 -0.447 -0.761 -1.330
 Nitrogen   -1.704 -2.128 -0.782 -0.506 -1.201 -0.476 -1.063 -1.916
 Oxygen     -1.675 -2.215 -0.402 -1.035 -0.886 -1.078 -0.634 -1.450 -2.608
 Fluorine   -2.393 -1.825 -0.425 -1.121 -0.774 -0.801 -1.199 -0.894 -1.913 -3.365
 Neon       -2.459 -1.847 -0.434 -1.304 -0.850 -0.671 -0.982 -1.382 -1.218 -2.446 -4.165
 Sodium     -6.014 -1.752 -0.482 -1.136 -0.883 -0.704 -0.799 -1.277 -1.740 -1.702 -3.132 -5.082
 Magnesium  -4.126 -1.688 -0.527 -1.160 -0.981 -0.743 -0.761 -1.014 -1.395 -1.966 -2.175 -3.852 -6.035
 Aluminium  -5.001 -1.426 -1.735 -0.562 -1.047 -0.649 -0.782 -0.942 -1.229 -1.854 -2.649 -3.022 -4.895 -7.345
 Silicon    -6.119 -1.503 -0.974 -1.045 -0.846 -0.853 -0.613 -0.742 -1.308 -1.892 -2.777 -3.547 -4.128 -6.188 -9.245
 Phosphorus -5.847 -1.479 -1.012 -0.736 -1.651 -0.892 -0.649 -0.720 -1.104 -1.447 -2.258 -3.274 -4.307 -5.012 -7.335-10.498
 Sulphur    -6.485 -1.690 -0.963 -0.633 -1.360 -1.658 -0.779 -0.614 -0.932 -1.492 -1.972 -2.618 -3.776 -4.970 -5.787 -8.740
 Chlorine   -6.255 -1.803 -1.084 -0.470 -1.146 -1.435 -1.575 -0.771 -0.832 -1.060 -1.657 -2.613 -3.674 -5.087 -6.266 -7.350-10.371
 Argon      -2.279 -1.799 -1.205 -0.492 -0.828 -1.002 -1.529 -1.563 -0.847 -1.005 -1.422 -2.047 -2.900 -4.242 -5.839 -7.215 -8.799
 Potassium  -6.779 -1.823 -0.802 -0.674 -0.956 -0.699 -1.104 -1.616 -1.743 -1.034 -1.152 -1.729 -2.719 -4.024 -5.696 -7.181 -9.237
 Calcium    -7.670 -3.492 -1.007 -0.542 -1.042 -0.769 -0.792 -1.243 -1.859 -1.923 -1.211 -1.411 -2.120 -3.129 -4.360 -5.804 -7.683
            -9.670
 Scandium   -7.896 -3.401 -1.636 -0.439 -1.064 -0.830 -0.861 -0.855 -1.463 -2.071 -2.234 -1.481 -1.803 -2.484 -3.813 -5.392 -6.991
            -9.304
 Titanium   -6.999 -2.045 -1.686 -0.702 -0.624 -0.832 -0.893 -0.857 -1.163 -1.729 -2.369 -2.370 -1.731 -2.304 -3.212 -4.601 -6.544
            -8.710
 Vanadium   -6.055 -1.899 -1.731 -1.058 -0.546 -0.710 -0.870 -0.889 -1.174 -1.303 -2.108 -2.520 -2.668 -2.148 -3.004 -4.253 -5.805
            -8.138-10.193
 Chromium   -6.935 -1.658 -1.890 -0.954 -0.570 -0.917 -0.751 -0.849 -1.171 -1.265 -1.822 -2.565 -2.666 -3.133 -2.718 -3.518 -4.999
            -6.849 -9.143
 Manganese  -5.799 -1.652 -1.853 -0.881 -0.595 -0.853 -0.650 -1.052 -1.274 -1.326 -1.800 -2.089 -3.141 -3.829 -4.417 -4.167 -5.151
            -6.698 -8.968
 Iron       -6.158 -1.640 -2.017 -0.484 -1.393 -1.249 -0.739 -0.615 -1.099 -1.530 -2.148 -2.916 -3.667 -4.439 -5.132 -5.439 -5.355
            -6.531 -8.116-10.399
 Cobalt     -5.316 -1.597 -2.252 -0.986 -0.586 -1.058 -0.887 -0.720 -0.975 -1.207 -1.754 -2.048 -2.484 -3.298 -4.418 -5.247 -5.766
            -5.875 -7.281 -9.307
 Nickel     -5.786 -1.590 -1.869 -0.510 -1.334 -1.113 -0.949 -0.736 -0.952 -1.064 -1.698 -2.009 -2.449 -3.230 -4.016 -5.190 -6.148
            -6.787 -7.000 -9.049
 Copper     -6.091 -1.670 -1.753 -0.516 -1.358 -1.196 -0.987 -0.734 -0.934 -0.991 -1.472 -2.258 -2.625 -3.412 -4.177 -4.842 -6.356
            -7.370 -9.149
 Zinc       -6.310 -2.092 -1.738 -0.510 -1.315 -1.228 -1.053 -0.727 -0.939 -0.981 -1.445 -1.719 -2.281 -3.062 -3.859 -4.509 -5.401
            -6.984 -8.085 -9.375

               1      2      3      4      5      6      7      8      9     10     11     12     13     14     15     16     17
              18     19     20     21     22     23     24     25     26     27     28     29     30

 Hydrogen    3.825  4.292  3.814 (H2)                  Log10 Mean Temperature (over volume)
 Helium      3.825  4.296  4.664
 Lithium     3.866  3.839  4.614  4.672
 Beryllium   3.865  3.825  4.166  4.599  4.676
 Boron       3.840  3.825  4.281  4.209  4.628  4.697
 Carbon      3.829  3.825  4.297  4.422  4.615  4.675  4.749
 Nitrogen    3.825  3.876  4.366  4.444  4.616  4.646  4.707  4.790
 Oxygen      3.825  3.866  4.393  4.608  4.649  4.660  4.686  4.750  4.817
 Fluorine    3.815  3.829  3.961  4.603  4.656  4.665  4.682  4.729  4.794  4.836
 Neon        3.816  3.827  3.922  4.590  4.662  4.667  4.683  4.722  4.779  4.826  4.849
 Sodium      3.821  3.823  3.910  4.543  4.656  4.667  4.680  4.728  4.784  4.824  4.848  4.859
 Magnesium   3.865  3.824  3.998  4.494  4.641  4.665  4.671  4.703  4.759  4.807  4.836  4.854  4.864
 Aluminium   3.982  3.824  3.853  3.952  4.529  4.653  4.668  4.693  4.747  4.804  4.835  4.849  4.861  4.871
 Silicon     3.837  3.825  4.328  4.352  4.430  4.610  4.660  4.680  4.744  4.810  4.842  4.853  4.860  4.867  4.876
 Phosphorus  3.829  3.825  4.094  4.370  4.412  4.559  4.650  4.671  4.712  4.780  4.828  4.848  4.857  4.862  4.871  4.876
 Sulphur     3.826  3.823  3.890  4.396  4.465  4.529  4.629  4.663  4.698  4.767  4.820  4.845  4.856  4.862  4.865  4.876
 Chlorine    3.821  3.821  3.864  4.418  4.562  4.590  4.620  4.656  4.678  4.728  4.794  4.834  4.851  4.860  4.865  4.871  4.876
 Argon       3.816  3.833  4.120  4.408  4.588  4.618  4.646  4.654  4.677  4.719  4.778  4.822  4.846  4.857  4.864  4.871  4.876
 Potassium   3.819  3.820  3.870  4.422  3.972  4.623  4.657  4.667  4.683  4.717  4.767  4.811  4.838  4.853  4.862  4.870  4.876
 Calcium     3.895  3.832  3.828  4.393  4.556  4.615  4.657  4.678  4.702  4.724  4.768  4.808  4.835  4.850  4.858  4.864  4.873
             4.876
 Scandium    3.832  3.825  3.825  4.258  4.489  4.612  4.657  4.678  4.718  4.746  4.783  4.815  4.838  4.851  4.859  4.863  4.869
             4.876
 Titanium    3.825  3.822  3.828  4.363  4.262  4.620  4.648  4.677  4.714  4.759  4.791  4.816  4.840  4.853  4.860  4.864  4.868
             4.876
 Vanadium    3.821  3.820  3.843  4.351  4.398  4.606  4.647  4.671  4.709  4.755  4.803  4.819  4.839  4.852  4.861  4.865  4.868
             4.875  4.876
 Chromium    3.828  3.825  4.057  4.357  4.412  4.613  4.643  4.669  4.702  4.751  4.799  4.825  4.839  4.853  4.859  4.865  4.868
             4.871  4.876
 Manganese   3.825  3.825  4.071  4.362  4.414  4.625  4.656  4.679  4.715  4.766  4.808  4.830  4.847  4.852  4.859  4.862  4.867
             4.871  4.876
 Iron        3.832  3.825  4.130  4.374  4.519  4.591  4.662  4.671  4.710  4.769  4.820  4.843  4.854  4.860  4.864  4.867  4.869
             4.871  4.875  4.876
 Cobalt      3.828  3.825  4.210  4.350  4.398  4.604  4.646  4.664  4.687  4.732  4.787  4.821  4.843  4.853  4.859  4.862  4.865
             4.868  4.872  4.876
 Nickel      3.827  3.825  4.247  4.374  4.513  4.604  4.658  4.664  4.680  4.723  4.782  4.817  4.842  4.853  4.859  4.863  4.866
             4.869  4.871  4.876
 Copper      3.826  3.825  3.928  4.372  4.511  4.593  4.658  4.663  4.675  4.712  4.771  4.818  4.838  4.853  4.859  4.863  4.868
             4.872  4.878
 Zinc        3.821  3.820  3.832  4.152  4.091  4.587  4.658  4.662  4.672  4.703  4.757  4.805  4.834  4.849  4.857  4.861  4.865
             4.870  4.875  4.876

               1      2      3      4      5      6      7      8      9     10     11     12     13     14     15     16     17
              18     19     20     21     22     23     24     25     26     27     28     29     30

 Hydrogen    3.845  4.459  3.828 (H2)                  Log10 Mean Temperature (over area)
 Helium      3.845  4.367  4.679
 Lithium     3.970  3.899  4.627  4.685
 Beryllium   3.917  3.845  4.297  4.634  4.698
 Boron       3.891  3.845  4.312  4.368  4.654  4.736
 Carbon      3.856  3.846  4.360  4.449  4.639  4.703  4.787
 Nitrogen    3.844  3.914  4.391  4.475  4.636  4.670  4.746  4.818
 Oxygen      3.845  3.918  4.416  4.628  4.655  4.668  4.711  4.785  4.835
 Fluorine    3.831  3.850  4.130  4.620  4.660  4.672  4.702  4.760  4.817  4.846
 Neon        3.832  3.847  4.072  4.606  4.664  4.671  4.702  4.751  4.804  4.838  4.854
 Sodium      3.840  3.842  4.046  4.561  4.660  4.670  4.699  4.759  4.809  4.837  4.854  4.862
 Magnesium   3.911  3.843  4.141  4.508  4.647  4.666  4.682  4.731  4.789  4.826  4.846  4.858  4.865
 Aluminium   4.129  3.846  3.905  4.111  4.551  4.657  4.676  4.718  4.778  4.824  4.845  4.855  4.863  4.872
 Silicon     3.886  3.847  4.339  4.362  4.446  4.624  4.666  4.702  4.779  4.829  4.850  4.858  4.863  4.868  4.876
 Phosphorus  3.859  3.847  4.224  4.384  4.431  4.582  4.657  4.685  4.744  4.806  4.841  4.854  4.860  4.864  4.872  4.876
 Sulphur     3.849  3.842  3.981  4.415  4.492  4.557  4.641  4.673  4.727  4.797  4.835  4.852  4.860  4.864  4.867  4.876
 Chlorine    3.842  3.839  3.921  4.445  4.589  4.613  4.635  4.663  4.697  4.759  4.816  4.845  4.856  4.863  4.867  4.872  4.876
 Argon       3.832  3.855  4.207  4.431  4.610  4.634  4.655  4.664  4.693  4.746  4.802  4.836  4.853  4.861  4.865  4.871  4.876
 Potassium   3.836  3.837  3.945  4.444  4.195  4.639  4.665  4.680  4.699  4.739  4.788  4.826  4.847  4.858  4.864  4.870  4.876
 Calcium     4.003  3.871  3.858  4.418  4.587  4.635  4.668  4.695  4.724  4.747  4.788  4.821  4.843  4.855  4.861  4.866  4.873
             4.876
 Scandium    3.862  3.846  3.845  4.350  4.569  4.633  4.667  4.697  4.744  4.772  4.803  4.828  4.845  4.855  4.861  4.865  4.869
             4.876
 Titanium    3.846  3.841  3.850  4.382  4.403  4.637  4.661  4.695  4.743  4.787  4.812  4.830  4.847  4.857  4.863  4.866  4.869
             4.876
 Vanadium    3.840  3.838  3.869  4.366  4.423  4.626  4.659  4.689  4.737  4.784  4.822  4.834  4.848  4.857  4.863  4.867  4.869
             4.875  4.876
 Chromium    3.850  3.845  4.121  4.372  4.435  4.631  4.655  4.684  4.730  4.781  4.820  4.838  4.848  4.857  4.862  4.866  4.869
             4.872  4.876
 Manganese   3.846  3.845  4.140  4.377  4.439  4.640  4.665  4.697  4.744  4.792  4.825  4.842  4.854  4.857  4.862  4.865  4.868
             4.871  4.876
 Iron        3.857  3.845  4.187  4.389  4.543  4.612  4.665  4.682  4.743  4.801  4.836  4.851  4.859  4.863  4.866  4.868  4.870
             4.872  4.875  4.876
 Cobalt      3.852  3.846  4.224  4.364  4.418  4.622  4.654  4.672  4.709  4.764  4.811  4.836  4.851  4.858  4.862  4.864  4.867
             4.868  4.873  4.876
 Nickel      3.849  3.846  4.258  4.387  4.536  4.622  4.660  4.669  4.698  4.753  4.807  4.833  4.850  4.858  4.862  4.865  4.867
             4.870  4.871  4.876
 Copper      3.846  3.845  4.033  4.384  4.530  4.612  4.661  4.667  4.690  4.742  4.799  4.834  4.848  4.858  4.862  4.865  4.869
             4.872  4.878
 Zinc        3.840  3.837  3.856  4.292  4.320  4.606  4.660  4.665  4.684  4.730  4.786  4.824  4.845  4.855  4.860  4.864  4.866
             4.870  4.875  4.876

               1      2      3      4      5      6      7      8      9     10     11     12     13     14     15     16     17
              18     19     20     21     22     23     24     25     26     27     28     29     30

 Hydrogen    3.868  4.587  3.846 (H2)                  Log10 Mean Temperature (over radius)
 Helium      3.868  4.407  4.709
 Lithium     4.110  4.015  4.640  4.714
 Beryllium   3.980  3.868  4.373  4.657  4.736
 Boron       3.971  3.870  4.338  4.470  4.686  4.778
 Carbon      3.895  3.870  4.402  4.480  4.664  4.742  4.815
 Nitrogen    3.867  3.951  4.421  4.510  4.652  4.700  4.784  4.836
 Oxygen      3.868  3.978  4.441  4.641  4.661  4.682  4.744  4.813  4.846
 Fluorine    3.851  3.873  4.279  4.634  4.664  4.685  4.728  4.790  4.833  4.853
 Neon        3.853  3.871  4.230  4.620  4.666  4.682  4.728  4.780  4.823  4.847  4.858
 Sodium      3.863  3.865  4.194  4.577  4.663  4.679  4.725  4.788  4.826  4.846  4.858  4.864
 Magnesium   3.969  3.866  4.248  4.522  4.651  4.670  4.701  4.763  4.812  4.839  4.853  4.861  4.867
 Aluminium   4.225  3.874  3.978  4.246  4.573  4.662  4.691  4.749  4.804  4.838  4.853  4.860  4.865  4.872
 Silicon     3.964  3.872  4.349  4.371  4.464  4.637  4.677  4.733  4.807  4.842  4.856  4.861  4.865  4.869  4.876
 Phosphorus  3.905  3.873  4.296  4.398  4.453  4.603  4.666  4.709  4.777  4.826  4.849  4.859  4.863  4.866  4.872  4.876
 Sulphur     3.881  3.865  4.095  4.436  4.522  4.585  4.652  4.691  4.761  4.819  4.845  4.857  4.863  4.866  4.868  4.876
 Chlorine    3.870  3.861  4.001  4.474  4.611  4.630  4.648  4.675  4.723  4.789  4.833  4.852  4.860  4.865  4.868  4.872  4.876
 Argon       3.851  3.878  4.263  4.457  4.627  4.646  4.665  4.676  4.715  4.773  4.821  4.846  4.858  4.863  4.867  4.871  4.876
 Potassium   3.859  3.859  4.053  4.468  4.421  4.652  4.676  4.696  4.719  4.762  4.808  4.838  4.853  4.861  4.865  4.871  4.876
 Calcium     4.103  3.933  3.906  4.443  4.611  4.650  4.682  4.715  4.746  4.769  4.805  4.833  4.850  4.859  4.864  4.867  4.873
             4.876
 Scandium    3.903  3.871  3.869  4.401  4.607  4.649  4.681  4.721  4.769  4.794  4.818  4.837  4.851  4.859  4.863  4.866  4.870
             4.876
 Titanium    3.873  3.863  3.877  4.404  4.480  4.650  4.676  4.719  4.771  4.808  4.827  4.840  4.853  4.860  4.864  4.867  4.870
             4.876
 Vanadium    3.863  3.860  3.896  4.384  4.449  4.642  4.672  4.712  4.766  4.807  4.835  4.844  4.854  4.860  4.865  4.868  4.870
             4.875  4.876
 Chromium    3.875  3.868  4.159  4.389  4.460  4.645  4.667  4.706  4.760  4.806  4.834  4.847  4.854  4.861  4.864  4.868  4.870
             4.872  4.876
 Manganese   3.870  3.868  4.177  4.394  4.465  4.651  4.677  4.722  4.772  4.813  4.838  4.849  4.858  4.860  4.864  4.866  4.869
             4.871  4.876
 Iron        3.887  3.869  4.220  4.404  4.564  4.629  4.669  4.704  4.777  4.823  4.847  4.857  4.862  4.865  4.867  4.869  4.870
             4.872  4.875  4.876
 Cobalt      3.883  3.869  4.234  4.380  4.439  4.635  4.661  4.687  4.739  4.792  4.829  4.846  4.856  4.861  4.864  4.866  4.868
             4.869  4.873  4.876
 Nickel      3.875  3.869  4.269  4.401  4.556  4.635  4.663  4.680  4.724  4.783  4.826  4.844  4.856  4.861  4.864  4.867  4.868
             4.870  4.871  4.876
 Copper      3.871  3.868  4.116  4.398  4.547  4.627  4.663  4.675  4.714  4.774  4.820  4.845  4.855  4.861  4.864  4.867  4.869
             4.872  4.878
 Zinc        3.861  3.858  3.883  4.355  4.452  4.621  4.662  4.672  4.704  4.760  4.809  4.837  4.852  4.859  4.863  4.866  4.868
             4.871  4.875  4.876

               1      2      3      4      5      6      7      8      9     10     11     12     13     14     15     16     17
              18     19     20     21     22     23     24     25     26     27     28     29     30

 Hydrogen    3.876  4.459  3.849 (H2)          Log10 Mean Temperature (over volume*electron density)
 Helium      3.872  4.385  4.667
 Lithium     4.288  4.284  4.619  4.673
 Beryllium   4.168  3.892  4.379  4.631  4.677
 Boron       4.199  3.911  4.316  4.427  4.635  4.701
 Carbon      4.072  3.904  4.377  4.430  4.622  4.678  4.751
 Nitrogen    3.870  4.107  4.374  4.454  4.623  4.651  4.710  4.792
 Oxygen      3.873  4.149  4.400  4.616  4.651  4.661  4.687  4.752  4.818
 Fluorine    3.854  3.896  4.369  4.610  4.658  4.665  4.683  4.731  4.796  4.836
 Neon        3.855  3.896  4.358  4.597  4.663  4.667  4.684  4.724  4.781  4.826  4.849
 Sodium      3.874  3.891  4.342  4.550  4.660  4.667  4.681  4.730  4.786  4.824  4.848  4.859
 Magnesium   4.171  3.891  4.344  4.499  4.644  4.665  4.672  4.705  4.761  4.808  4.836  4.854  4.864
 Aluminium   4.279  3.991  4.228  4.357  4.538  4.655  4.669  4.694  4.749  4.805  4.835  4.850  4.861  4.871
 Silicon     4.189  3.925  4.334  4.356  4.435  4.616  4.661  4.682  4.747  4.811  4.842  4.853  4.860  4.867  4.876
 Phosphorus  4.106  3.941  4.336  4.377  4.418  4.568  4.652  4.672  4.714  4.781  4.829  4.848  4.857  4.862  4.871  4.876
 Sulphur     4.025  3.895  4.301  4.402  4.474  4.539  4.633  4.664  4.700  4.769  4.821  4.845  4.857  4.862  4.865  4.876
 Chlorine    3.983  3.884  4.243  4.427  4.572  4.599  4.625  4.657  4.679  4.730  4.795  4.835  4.851  4.860  4.865  4.871  4.876
 Argon       3.853  3.887  4.297  4.415  4.597  4.624  4.648  4.655  4.678  4.721  4.779  4.823  4.846  4.857  4.864  4.871  4.876
 Potassium   3.905  3.902  4.287  4.429  4.531  4.629  4.658  4.668  4.684  4.718  4.768  4.812  4.839  4.853  4.862  4.870  4.876
 Calcium     4.207  4.162  4.120  4.404  4.570  4.622  4.659  4.680  4.704  4.726  4.769  4.808  4.835  4.850  4.859  4.864  4.873
             4.876
 Scandium    4.038  3.912  3.889  4.386  4.571  4.620  4.658  4.680  4.720  4.748  4.784  4.816  4.839  4.851  4.859  4.863  4.869
             4.876
 Titanium    3.943  3.875  3.945  4.370  4.453  4.626  4.651  4.678  4.716  4.761  4.792  4.817  4.840  4.853  4.860  4.864  4.869
             4.876
 Vanadium    3.897  3.867  3.995  4.356  4.410  4.613  4.650  4.673  4.711  4.757  4.804  4.820  4.840  4.853  4.861  4.865  4.868
             4.875  4.876
 Chromium    3.927  3.875  4.205  4.362  4.420  4.621  4.647  4.671  4.704  4.753  4.800  4.825  4.840  4.853  4.859  4.865  4.868
             4.871  4.876
 Manganese   3.885  3.876  4.215  4.367  4.424  4.631  4.658  4.680  4.717  4.768  4.809  4.831  4.848  4.852  4.860  4.862  4.867
             4.871  4.876
 Iron        3.982  3.879  4.232  4.378  4.530  4.600  4.663  4.671  4.712  4.771  4.821  4.844  4.854  4.861  4.864  4.867  4.869
             4.871  4.875  4.876
 Cobalt      3.993  3.889  4.228  4.355  4.406  4.611  4.649  4.665  4.688  4.734  4.788  4.822  4.844  4.854  4.859  4.862  4.865
             4.868  4.872  4.876
 Nickel      3.945  3.891  4.256  4.378  4.524  4.611  4.659  4.664  4.681  4.725  4.784  4.818  4.842  4.853  4.859  4.863  4.866
             4.869  4.871  4.876
 Copper      3.905  3.874  4.221  4.375  4.518  4.601  4.660  4.663  4.676  4.714  4.773  4.819  4.838  4.853  4.859  4.863  4.868
             4.872  4.878
 Zinc        3.877  3.861  3.951  4.363  4.485  4.595  4.660  4.663  4.672  4.705  4.759  4.806  4.835  4.849  4.857  4.861  4.865
             4.870  4.875  4.876

               1      2      3      4      5      6      7      8      9     10     11     12     13     14     15     16     17
              18     19     20     21     22     23     24     25     26     27     28     29     30

 Hydrogen    3.901  4.527  3.870 (H2)          Log10 Mean Temperature (over area*electron density)
 Helium      3.896  4.406  4.681
 Lithium     4.312  4.350  4.631  4.686
 Beryllium   4.190  3.935  4.401  4.646  4.700
 Boron       4.234  3.969  4.333  4.470  4.659  4.739
 Carbon      4.144  3.963  4.402  4.459  4.645  4.707  4.789
 Nitrogen    3.892  4.134  4.401  4.487  4.641  4.674  4.748  4.819
 Oxygen      3.897  4.177  4.424  4.633  4.656  4.669  4.713  4.787  4.835
 Fluorine    3.876  3.940  4.396  4.626  4.661  4.672  4.704  4.762  4.818  4.846
 Neon        3.877  3.946  4.386  4.612  4.664  4.672  4.704  4.753  4.805  4.839  4.854
 Sodium      3.905  3.943  4.368  4.567  4.662  4.671  4.700  4.761  4.810  4.838  4.854  4.862
 Magnesium   4.199  3.938  4.360  4.513  4.649  4.666  4.683  4.734  4.790  4.827  4.846  4.858  4.865
 Aluminium   4.288  4.084  4.275  4.376  4.559  4.658  4.677  4.720  4.780  4.824  4.846  4.855  4.863  4.872
 Silicon     4.227  3.988  4.343  4.365  4.452  4.629  4.667  4.704  4.781  4.830  4.850  4.858  4.863  4.868  4.876
 Phosphorus  4.163  4.018  4.350  4.389  4.438  4.589  4.658  4.687  4.746  4.808  4.841  4.854  4.860  4.864  4.872  4.876
 Sulphur     4.087  3.944  4.340  4.421  4.502  4.567  4.644  4.674  4.730  4.798  4.836  4.852  4.860  4.864  4.867  4.876
 Chlorine    4.055  3.927  4.296  4.455  4.598  4.619  4.639  4.664  4.699  4.761  4.817  4.845  4.856  4.863  4.867  4.872  4.876
 Argon       3.874  3.910  4.313  4.439  4.617  4.638  4.657  4.665  4.695  4.748  4.803  4.836  4.853  4.861  4.865  4.871  4.876
 Potassium   3.966  3.971  4.332  4.452  4.583  4.643  4.667  4.681  4.701  4.740  4.789  4.827  4.847  4.858  4.864  4.870  4.876
 Calcium     4.216  4.209  4.231  4.427  4.597  4.640  4.670  4.697  4.725  4.749  4.789  4.822  4.843  4.855  4.861  4.866  4.873
             4.876
 Scandium    4.069  3.958  3.930  4.409  4.599  4.638  4.668  4.699  4.746  4.774  4.804  4.828  4.846  4.856  4.861  4.865  4.869
             4.876
 Titanium    3.996  3.906  4.015  4.390  4.486  4.641  4.663  4.697  4.745  4.788  4.813  4.831  4.847  4.857  4.863  4.866  4.869
             4.876
 Vanadium    3.943  3.893  4.050  4.372  4.433  4.632  4.661  4.691  4.739  4.785  4.823  4.834  4.848  4.857  4.863  4.867  4.869
             4.875  4.876
 Chromium    3.974  3.900  4.212  4.377  4.443  4.636  4.658  4.686  4.732  4.783  4.821  4.839  4.848  4.858  4.862  4.866  4.869
             4.872  4.876
 Manganese   3.916  3.902  4.221  4.382  4.448  4.644  4.666  4.699  4.746  4.794  4.826  4.842  4.854  4.857  4.862  4.865  4.868
             4.871  4.876
 Iron        4.028  3.906  4.243  4.393  4.551  4.619  4.665  4.684  4.745  4.802  4.837  4.852  4.859  4.863  4.866  4.868  4.870
             4.872  4.875  4.876
 Cobalt      4.043  3.924  4.234  4.369  4.425  4.627  4.656  4.673  4.711  4.766  4.812  4.837  4.851  4.858  4.862  4.864  4.867
             4.869  4.873  4.876
 Nickel      3.998  3.927  4.264  4.391  4.545  4.627  4.661  4.670  4.700  4.755  4.808  4.834  4.850  4.858  4.862  4.865  4.867
             4.870  4.871  4.876
 Copper      3.947  3.898  4.234  4.388  4.536  4.618  4.661  4.667  4.692  4.744  4.800  4.835  4.848  4.858  4.862  4.865  4.869
             4.872  4.878
 Zinc        3.911  3.884  4.024  4.378  4.511  4.612  4.661  4.666  4.685  4.732  4.787  4.825  4.845  4.855  4.860  4.864  4.866
             4.870  4.875  4.876

               1      2      3      4      5      6      7      8      9     10     11     12     13     14     15     16     17
              18     19     20     21     22     23     24     25     26     27     28     29     30

 Hydrogen    3.924  4.620  3.891 (H2)          Log10 Mean Temperature (over radius*electron density)
 Helium      3.915  4.429  4.712
 Lithium     4.327  4.386  4.644  4.717
 Beryllium   4.203  3.979  4.428  4.663  4.739
 Boron       4.253  4.025  4.355  4.521  4.691  4.780
 Carbon      4.187  4.033  4.430  4.492  4.668  4.745  4.816
 Nitrogen    3.909  4.159  4.433  4.522  4.655  4.703  4.786  4.836
 Oxygen      3.916  4.203  4.450  4.645  4.662  4.684  4.746  4.814  4.846
 Fluorine    3.895  3.990  4.420  4.638  4.665  4.686  4.730  4.791  4.834  4.853
 Neon        3.896  4.003  4.409  4.625  4.666  4.683  4.730  4.782  4.824  4.847  4.859
 Sodium      3.934  4.005  4.387  4.583  4.663  4.680  4.727  4.790  4.827  4.847  4.858  4.864
 Magnesium   4.216  3.989  4.374  4.527  4.653  4.670  4.703  4.765  4.813  4.840  4.853  4.862  4.867
 Aluminium   4.295  4.154  4.304  4.391  4.580  4.663  4.693  4.751  4.806  4.838  4.853  4.860  4.865  4.872
 Silicon     4.249  4.049  4.353  4.375  4.471  4.640  4.679  4.736  4.808  4.842  4.856  4.861  4.865  4.869  4.876
 Phosphorus  4.193  4.090  4.365  4.403  4.461  4.609  4.667  4.711  4.779  4.826  4.849  4.859  4.863  4.866  4.872  4.876
 Sulphur     4.121  3.995  4.373  4.444  4.532  4.593  4.655  4.693  4.764  4.820  4.846  4.857  4.863  4.866  4.868  4.876
 Chlorine    4.099  3.972  4.335  4.485  4.618  4.634  4.650  4.676  4.725  4.791  4.833  4.852  4.860  4.865  4.868  4.872  4.876
 Argon       3.893  3.929  4.332  4.467  4.632  4.649  4.666  4.677  4.717  4.775  4.822  4.846  4.858  4.863  4.867  4.871  4.876
 Potassium   4.023  4.046  4.363  4.477  4.614  4.654  4.678  4.697  4.720  4.763  4.809  4.838  4.854  4.861  4.866  4.871  4.876
 Calcium     4.222  4.233  4.303  4.452  4.618  4.653  4.683  4.717  4.747  4.770  4.806  4.833  4.850  4.859  4.864  4.867  4.873
             4.876
 Scandium    4.083  3.995  3.976  4.434  4.621  4.652  4.682  4.723  4.770  4.795  4.818  4.837  4.851  4.859  4.864  4.866  4.870
             4.876
 Titanium    4.031  3.933  4.078  4.413  4.521  4.653  4.678  4.721  4.772  4.809  4.828  4.841  4.853  4.860  4.864  4.867  4.870
             4.876
 Vanadium    3.982  3.917  4.092  4.390  4.459  4.645  4.674  4.714  4.767  4.808  4.836  4.844  4.854  4.861  4.865  4.868  4.870
             4.875  4.876
 Chromium    4.007  3.920  4.218  4.395  4.469  4.648  4.669  4.708  4.762  4.807  4.835  4.848  4.854  4.861  4.865  4.868  4.870
             4.872  4.876
 Manganese   3.942  3.924  4.228  4.400  4.474  4.653  4.678  4.723  4.773  4.814  4.838  4.850  4.858  4.860  4.865  4.866  4.869
             4.871  4.876
 Iron        4.054  3.929  4.256  4.410  4.571  4.634  4.670  4.706  4.779  4.824  4.847  4.857  4.862  4.865  4.867  4.869  4.870
             4.872  4.875  4.876
 Cobalt      4.070  3.954  4.241  4.385  4.446  4.640  4.662  4.689  4.741  4.794  4.829  4.847  4.857  4.862  4.864  4.866  4.868
             4.869  4.873  4.876
 Nickel      4.035  3.959  4.274  4.406  4.563  4.639  4.664  4.681  4.726  4.784  4.826  4.845  4.856  4.861  4.864  4.867  4.868
             4.870  4.871  4.876
 Copper      3.980  3.917  4.245  4.402  4.553  4.632  4.663  4.676  4.716  4.775  4.821  4.845  4.855  4.861  4.864  4.867  4.869
             4.872  4.878
 Zinc        3.943  3.903  4.096  4.392  4.533  4.626  4.663  4.673  4.706  4.762  4.810  4.838  4.852  4.859  4.863  4.866  4.868
             4.871  4.875  4.876

               1      2      3      4      5      6      7      8      9     10     11     12     13     14     15     16     17
              18     19     20     21     22     23     24     25     26     27     28     29     30
CIV QSO  

---------------Convergence statistics---------------
      2.35 mean iterations/state convergence
      2.29 mean cx acceleration loops/iteration
      1.29 mean iso convergence loops/ion solve
         1 mean steps/chemistry solve
         1 mean step length searches/chemistry step
----------------------------------------------------

 Cloudy ends: 393 zones, 3 iterations, 1 caution. (single thread) ExecTime(s) 549.67
 [Stop in cdMain at maincl.cpp:496, Cloudy exited OK]
