  -4.9933333E+00   0.0000000E+00   0.0000000E+00   0.0000000E+00   0.0000000E+00
  -4.9866667E+00   0.0000000E+00   0.0000000E+00   0.0000000E+00   0.0000000E+00
  -4.9800000E+00   0.0000000E+00   0.0000000E+00   0.0000000E+00   0.0000000E+00
  -4.9733333E+00   0.0000000E+00   0.0000000E+00   0.0000000E+00   0.0000000E+00
  -4.9666667E+00   0.0000000E+00   0.0000000E+00   0.0000000E+00   0.0000000E+00
  -4.9600000E+00   0.0000000E+00   0.0000000E+00   0.0000000E+00   0.0000000E+00
  -4.9533333E+00   0.0000000E+00   0.0000000E+00   0.0000000E+00   0.0000000E+00
  -4.9466667E+00   0.0000000E+00   0.0000000E+00   0.0000000E+00   0.0000000E+00
  -4.9400000E+00   0.0000000E+00   0.0000000E+00   0.0000000E+00   0.0000000E+00
  -4.9333333E+00   0.0000000E+00   0.0000000E+00   0.0000000E+00   0.0000000E+00
  -4.9266667E+00   0.0000000E+00   0.0000000E+00   0.0000000E+00   0.0000000E+00
  -4.9200000E+00   0.0000000E+00   0.0000000E+00   0.0000000E+00   0.0000000E+00
  -4.9133333E+00   0.0000000E+00   0.0000000E+00   0.0000000E+00   0.0000000E+00
  -4.9066667E+00   0.0000000E+00   0.0000000E+00   0.0000000E+00   0.0000000E+00
  -4.9000000E+00   0.0000000E+00   0.0000000E+00   0.0000000E+00   0.0000000E+00
  -4.8933333E+00   0.0000000E+00   0.0000000E+00   0.0000000E+00   0.0000000E+00
  -4.8866667E+00   0.0000000E+00   0.0000000E+00   0.0000000E+00   0.0000000E+00
  -4.8800000E+00   0.0000000E+00   0.0000000E+00   0.0000000E+00   0.0000000E+00
  -4.8733333E+00   0.0000000E+00   0.0000000E+00   0.0000000E+00   0.0000000E+00
  -4.8666667E+00   0.0000000E+00   0.0000000E+00   0.0000000E+00   0.0000000E+00
  -4.8600000E+00   0.0000000E+00   0.0000000E+00   0.0000000E+00   0.0000000E+00
  -4.8533333E+00   0.0000000E+00   0.0000000E+00   0.0000000E+00   0.0000000E+00
  -4.8466667E+00   0.0000000E+00   0.0000000E+00   0.0000000E+00   0.0000000E+00
  -4.8400000E+00   0.0000000E+00   0.0000000E+00   0.0000000E+00   0.0000000E+00
  -4.8333333E+00   0.0000000E+00   0.0000000E+00   0.0000000E+00   0.0000000E+00
  -4.8266667E+00   0.0000000E+00   0.0000000E+00   0.0000000E+00   0.0000000E+00
  -4.8200000E+00   0.0000000E+00   0.0000000E+00   0.0000000E+00   0.0000000E+00
  -4.8133333E+00   0.0000000E+00   0.0000000E+00   0.0000000E+00   0.0000000E+00
  -4.8066667E+00   0.0000000E+00   0.0000000E+00   0.0000000E+00   0.0000000E+00
  -4.8000000E+00   0.0000000E+00   0.0000000E+00   0.0000000E+00   0.0000000E+00
  -4.7933333E+00   0.0000000E+00   0.0000000E+00   0.0000000E+00   0.0000000E+00
  -4.7866667E+00   0.0000000E+00   0.0000000E+00   0.0000000E+00   0.0000000E+00
  -4.7800000E+00   0.0000000E+00   0.0000000E+00   0.0000000E+00   0.0000000E+00
  -4.7733333E+00   0.0000000E+00   0.0000000E+00   0.0000000E+00   0.0000000E+00
  -4.7666667E+00   0.0000000E+00   0.0000000E+00   0.0000000E+00   0.0000000E+00
  -4.7600000E+00   0.0000000E+00   0.0000000E+00   0.0000000E+00   0.0000000E+00
  -4.7533333E+00   0.0000000E+00   0.0000000E+00   0.0000000E+00   0.0000000E+00
  -4.7466667E+00   0.0000000E+00   0.0000000E+00   0.0000000E+00   0.0000000E+00
  -4.7400000E+00   0.0000000E+00   0.0000000E+00   0.0000000E+00   0.0000000E+00
  -4.7333333E+00   0.0000000E+00   0.0000000E+00   0.0000000E+00   0.0000000E+00
  -4.7266667E+00   0.0000000E+00   0.0000000E+00   0.0000000E+00   0.0000000E+00
  -4.7200000E+00   0.0000000E+00   0.0000000E+00   0.0000000E+00   0.0000000E+00
  -4.7133333E+00   0.0000000E+00   0.0000000E+00   0.0000000E+00   0.0000000E+00
  -4.7066667E+00   0.0000000E+00   0.0000000E+00   0.0000000E+00   0.0000000E+00
  -4.7000000E+00   0.0000000E+00   0.0000000E+00   0.0000000E+00   0.0000000E+00
  -4.6933333E+00   0.0000000E+00   0.0000000E+00   0.0000000E+00   0.0000000E+00
  -4.6866667E+00   0.0000000E+00   0.0000000E+00   0.0000000E+00   0.0000000E+00
  -4.6800000E+00   0.0000000E+00   0.0000000E+00   0.0000000E+00   0.0000000E+00
  -4.6733333E+00   0.0000000E+00   0.0000000E+00   0.0000000E+00   0.0000000E+00
  -4.6666667E+00   0.0000000E+00   0.0000000E+00   0.0000000E+00   0.0000000E+00
  -4.6600000E+00   0.0000000E+00   0.0000000E+00   0.0000000E+00   0.0000000E+00
  -4.6533333E+00   0.0000000E+00   0.0000000E+00   0.0000000E+00   0.0000000E+00
  -4.6466667E+00   0.0000000E+00   0.0000000E+00   0.0000000E+00   0.0000000E+00
  -4.6400000E+00   0.0000000E+00   0.0000000E+00   0.0000000E+00   0.0000000E+00
  -4.6333333E+00   0.0000000E+00   0.0000000E+00   0.0000000E+00   0.0000000E+00
  -4.6266667E+00   0.0000000E+00   0.0000000E+00   0.0000000E+00   0.0000000E+00
  -4.6200000E+00   0.0000000E+00   0.0000000E+00   0.0000000E+00   0.0000000E+00
  -4.6133333E+00   0.0000000E+00   0.0000000E+00   0.0000000E+00   0.0000000E+00
  -4.6066667E+00   0.0000000E+00   0.0000000E+00   0.0000000E+00   0.0000000E+00
  -4.6000000E+00   0.0000000E+00   0.0000000E+00   0.0000000E+00   0.0000000E+00
  -4.5933333E+00   0.0000000E+00   0.0000000E+00   0.0000000E+00   0.0000000E+00
  -4.5866667E+00   0.0000000E+00   0.0000000E+00   0.0000000E+00   0.0000000E+00
  -4.5800000E+00   0.0000000E+00   0.0000000E+00   0.0000000E+00   0.0000000E+00
  -4.5733333E+00   0.0000000E+00   0.0000000E+00   0.0000000E+00   0.0000000E+00
  -4.5666667E+00   0.0000000E+00   0.0000000E+00   0.0000000E+00   0.0000000E+00
  -4.5600000E+00   0.0000000E+00   0.0000000E+00   0.0000000E+00   0.0000000E+00
  -4.5533333E+00   0.0000000E+00   0.0000000E+00   0.0000000E+00   0.0000000E+00
  -4.5466667E+00   0.0000000E+00   0.0000000E+00   0.0000000E+00   0.0000000E+00
  -4.5400000E+00   0.0000000E+00   0.0000000E+00   0.0000000E+00   0.0000000E+00
  -4.5333333E+00   0.0000000E+00   0.0000000E+00   0.0000000E+00   0.0000000E+00
  -4.5266667E+00   0.0000000E+00   0.0000000E+00   0.0000000E+00   0.0000000E+00
  -4.5200000E+00   0.0000000E+00   0.0000000E+00   0.0000000E+00   0.0000000E+00
  -4.5133333E+00   0.0000000E+00   0.0000000E+00   0.0000000E+00   0.0000000E+00
  -4.5066667E+00   0.0000000E+00   0.0000000E+00   0.0000000E+00   0.0000000E+00
  -4.5000000E+00   0.0000000E+00   0.0000000E+00   0.0000000E+00   0.0000000E+00
  -4.4933333E+00   0.0000000E+00   0.0000000E+00   0.0000000E+00   0.0000000E+00
  -4.4866667E+00   0.0000000E+00   0.0000000E+00   0.0000000E+00   0.0000000E+00
  -4.4800000E+00   0.0000000E+00   0.0000000E+00   0.0000000E+00   0.0000000E+00
  -4.4733333E+00   0.0000000E+00   0.0000000E+00   0.0000000E+00   0.0000000E+00
  -4.4666667E+00   0.0000000E+00   0.0000000E+00   0.0000000E+00   0.0000000E+00
  -4.4600000E+00   0.0000000E+00   0.0000000E+00   0.0000000E+00   0.0000000E+00
  -4.4533333E+00   0.0000000E+00   0.0000000E+00   0.0000000E+00   0.0000000E+00
  -4.4466667E+00   0.0000000E+00   0.0000000E+00   0.0000000E+00   0.0000000E+00
  -4.4400000E+00   0.0000000E+00   0.0000000E+00   0.0000000E+00   0.0000000E+00
  -4.4333333E+00   0.0000000E+00   0.0000000E+00   0.0000000E+00   0.0000000E+00
  -4.4266667E+00   0.0000000E+00   0.0000000E+00   0.0000000E+00   0.0000000E+00
  -4.4200000E+00   0.0000000E+00   0.0000000E+00   0.0000000E+00   0.0000000E+00
  -4.4133333E+00   0.0000000E+00   0.0000000E+00   0.0000000E+00   0.0000000E+00
  -4.4066667E+00   0.0000000E+00   0.0000000E+00   0.0000000E+00   0.0000000E+00
  -4.4000000E+00   0.0000000E+00   0.0000000E+00   0.0000000E+00   0.0000000E+00
  -4.3933333E+00   0.0000000E+00   0.0000000E+00   0.0000000E+00   0.0000000E+00
  -4.3866667E+00   0.0000000E+00   0.0000000E+00   0.0000000E+00   0.0000000E+00
  -4.3800000E+00   0.0000000E+00   0.0000000E+00   0.0000000E+00   0.0000000E+00
  -4.3733333E+00   0.0000000E+00   0.0000000E+00   0.0000000E+00   0.0000000E+00
  -4.3666667E+00   0.0000000E+00   0.0000000E+00   0.0000000E+00   0.0000000E+00
  -4.3600000E+00   0.0000000E+00   0.0000000E+00   0.0000000E+00   0.0000000E+00
  -4.3533333E+00   0.0000000E+00   0.0000000E+00   0.0000000E+00   0.0000000E+00
  -4.3466667E+00   0.0000000E+00   0.0000000E+00   0.0000000E+00   0.0000000E+00
  -4.3400000E+00   0.0000000E+00   0.0000000E+00   0.0000000E+00   0.0000000E+00
  -4.3333333E+00   0.0000000E+00   0.0000000E+00   0.0000000E+00   0.0000000E+00
  -4.3266667E+00   0.0000000E+00   0.0000000E+00   0.0000000E+00   0.0000000E+00
  -4.3200000E+00   0.0000000E+00   0.0000000E+00   0.0000000E+00   0.0000000E+00
  -4.3133333E+00   0.0000000E+00   0.0000000E+00   0.0000000E+00   0.0000000E+00
  -4.3066667E+00   0.0000000E+00   0.0000000E+00   0.0000000E+00   0.0000000E+00
  -4.3000000E+00   0.0000000E+00   0.0000000E+00   0.0000000E+00   0.0000000E+00
  -4.2933333E+00   0.0000000E+00   0.0000000E+00   0.0000000E+00   0.0000000E+00
  -4.2866667E+00   0.0000000E+00   0.0000000E+00   0.0000000E+00   0.0000000E+00
  -4.2800000E+00   0.0000000E+00   0.0000000E+00   0.0000000E+00   0.0000000E+00
  -4.2733333E+00   0.0000000E+00   0.0000000E+00   0.0000000E+00   0.0000000E+00
  -4.2666667E+00   0.0000000E+00   0.0000000E+00   0.0000000E+00   0.0000000E+00
  -4.2600000E+00   0.0000000E+00   0.0000000E+00   0.0000000E+00   0.0000000E+00
  -4.2533333E+00   0.0000000E+00   0.0000000E+00   0.0000000E+00   0.0000000E+00
  -4.2466667E+00   0.0000000E+00   0.0000000E+00   0.0000000E+00   0.0000000E+00
  -4.2400000E+00   0.0000000E+00   0.0000000E+00   0.0000000E+00   0.0000000E+00
  -4.2333333E+00   0.0000000E+00   0.0000000E+00   0.0000000E+00   0.0000000E+00
  -4.2266667E+00   0.0000000E+00   0.0000000E+00   0.0000000E+00   0.0000000E+00
  -4.2200000E+00   0.0000000E+00   0.0000000E+00   0.0000000E+00   0.0000000E+00
  -4.2133333E+00   0.0000000E+00   0.0000000E+00   0.0000000E+00   0.0000000E+00
  -4.2066667E+00   0.0000000E+00   0.0000000E+00   0.0000000E+00   0.0000000E+00
  -4.2000000E+00   0.0000000E+00   0.0000000E+00   0.0000000E+00   0.0000000E+00
  -4.1933333E+00   0.0000000E+00   0.0000000E+00   0.0000000E+00   0.0000000E+00
  -4.1866667E+00   0.0000000E+00   0.0000000E+00   0.0000000E+00   0.0000000E+00
  -4.1800000E+00   0.0000000E+00   0.0000000E+00   0.0000000E+00   0.0000000E+00
  -4.1733333E+00   0.0000000E+00   0.0000000E+00   0.0000000E+00   0.0000000E+00
  -4.1666667E+00   0.0000000E+00   0.0000000E+00   0.0000000E+00   0.0000000E+00
  -4.1600000E+00   0.0000000E+00   0.0000000E+00   0.0000000E+00   0.0000000E+00
  -4.1533333E+00   0.0000000E+00   0.0000000E+00   0.0000000E+00   0.0000000E+00
  -4.1466667E+00   0.0000000E+00   0.0000000E+00   0.0000000E+00   0.0000000E+00
  -4.1400000E+00   0.0000000E+00   0.0000000E+00   0.0000000E+00   0.0000000E+00
  -4.1333333E+00   0.0000000E+00   0.0000000E+00   0.0000000E+00   0.0000000E+00
  -4.1266667E+00   0.0000000E+00   0.0000000E+00   0.0000000E+00   0.0000000E+00
  -4.1200000E+00   0.0000000E+00   0.0000000E+00   0.0000000E+00   0.0000000E+00
  -4.1133333E+00   0.0000000E+00   0.0000000E+00   0.0000000E+00   0.0000000E+00
  -4.1066667E+00   0.0000000E+00   0.0000000E+00   0.0000000E+00   0.0000000E+00
  -4.1000000E+00   0.0000000E+00   0.0000000E+00   0.0000000E+00   0.0000000E+00
  -4.0933333E+00   0.0000000E+00   0.0000000E+00   0.0000000E+00   0.0000000E+00
  -4.0866667E+00   0.0000000E+00   0.0000000E+00   0.0000000E+00   0.0000000E+00
  -4.0800000E+00   0.0000000E+00   0.0000000E+00   0.0000000E+00   0.0000000E+00
  -4.0733333E+00   0.0000000E+00   0.0000000E+00   0.0000000E+00   0.0000000E+00
  -4.0666667E+00   0.0000000E+00   0.0000000E+00   0.0000000E+00   0.0000000E+00
  -4.0600000E+00   0.0000000E+00   0.0000000E+00   0.0000000E+00   0.0000000E+00
  -4.0533333E+00   0.0000000E+00   0.0000000E+00   0.0000000E+00   0.0000000E+00
  -4.0466667E+00   0.0000000E+00   0.0000000E+00   0.0000000E+00   0.0000000E+00
  -4.0400000E+00   0.0000000E+00   0.0000000E+00   0.0000000E+00   0.0000000E+00
  -4.0333333E+00   0.0000000E+00   0.0000000E+00   0.0000000E+00   0.0000000E+00
  -4.0266667E+00   0.0000000E+00   0.0000000E+00   0.0000000E+00   0.0000000E+00
  -4.0200000E+00   0.0000000E+00   0.0000000E+00   0.0000000E+00   0.0000000E+00
  -4.0133333E+00   0.0000000E+00   0.0000000E+00   0.0000000E+00   0.0000000E+00
  -4.0066667E+00   0.0000000E+00   0.0000000E+00   0.0000000E+00   0.0000000E+00
  -4.0000000E+00   0.0000000E+00   0.0000000E+00   0.0000000E+00   0.0000000E+00
  -3.9933333E+00   0.0000000E+00   0.0000000E+00   0.0000000E+00   0.0000000E+00
  -3.9866667E+00   0.0000000E+00   0.0000000E+00   0.0000000E+00   0.0000000E+00
  -3.9800000E+00   0.0000000E+00   0.0000000E+00   0.0000000E+00   0.0000000E+00
  -3.9733333E+00   0.0000000E+00   0.0000000E+00   0.0000000E+00   0.0000000E+00
  -3.9666667E+00   0.0000000E+00   0.0000000E+00   0.0000000E+00   0.0000000E+00
  -3.9600000E+00   0.0000000E+00   0.0000000E+00   0.0000000E+00   0.0000000E+00
  -3.9533333E+00   0.0000000E+00   0.0000000E+00   0.0000000E+00   0.0000000E+00
  -3.9466667E+00   0.0000000E+00   0.0000000E+00   0.0000000E+00   0.0000000E+00
  -3.9400000E+00   0.0000000E+00   0.0000000E+00   0.0000000E+00   0.0000000E+00
  -3.9333333E+00   0.0000000E+00   0.0000000E+00   0.0000000E+00   0.0000000E+00
  -3.9266667E+00   0.0000000E+00   0.0000000E+00   0.0000000E+00   0.0000000E+00
  -3.9200000E+00   0.0000000E+00   0.0000000E+00   0.0000000E+00   0.0000000E+00
  -3.9133333E+00   0.0000000E+00   0.0000000E+00   0.0000000E+00   0.0000000E+00
  -3.9066667E+00   0.0000000E+00   0.0000000E+00   0.0000000E+00   0.0000000E+00
  -3.9000000E+00   0.0000000E+00   0.0000000E+00   0.0000000E+00   0.0000000E+00
  -3.8933333E+00   0.0000000E+00   0.0000000E+00   0.0000000E+00   0.0000000E+00
  -3.8866667E+00   0.0000000E+00   0.0000000E+00   0.0000000E+00   0.0000000E+00
  -3.8800000E+00   0.0000000E+00   0.0000000E+00   0.0000000E+00   0.0000000E+00
  -3.8733333E+00   0.0000000E+00   0.0000000E+00   0.0000000E+00   0.0000000E+00
  -3.8666667E+00   0.0000000E+00   0.0000000E+00   0.0000000E+00   0.0000000E+00
  -3.8600000E+00   0.0000000E+00   0.0000000E+00   0.0000000E+00   0.0000000E+00
  -3.8533333E+00   0.0000000E+00   0.0000000E+00   0.0000000E+00   0.0000000E+00
  -3.8466667E+00   0.0000000E+00   0.0000000E+00   0.0000000E+00   0.0000000E+00
  -3.8400000E+00   0.0000000E+00   0.0000000E+00   0.0000000E+00   0.0000000E+00
  -3.8333333E+00   0.0000000E+00   0.0000000E+00   0.0000000E+00   0.0000000E+00
  -3.8266667E+00   0.0000000E+00   0.0000000E+00   0.0000000E+00   0.0000000E+00
  -3.8200000E+00   0.0000000E+00   0.0000000E+00   0.0000000E+00   0.0000000E+00
  -3.8133333E+00   0.0000000E+00   0.0000000E+00   0.0000000E+00   0.0000000E+00
  -3.8066667E+00   0.0000000E+00   0.0000000E+00   0.0000000E+00   0.0000000E+00
  -3.8000000E+00   0.0000000E+00   0.0000000E+00   0.0000000E+00   0.0000000E+00
  -3.7933333E+00   0.0000000E+00   0.0000000E+00   0.0000000E+00   0.0000000E+00
  -3.7866667E+00   0.0000000E+00   0.0000000E+00   0.0000000E+00   0.0000000E+00
  -3.7800000E+00   0.0000000E+00   0.0000000E+00   0.0000000E+00   0.0000000E+00
  -3.7733333E+00   0.0000000E+00   0.0000000E+00   0.0000000E+00   0.0000000E+00
  -3.7666667E+00   0.0000000E+00   0.0000000E+00   0.0000000E+00   0.0000000E+00
  -3.7600000E+00   0.0000000E+00   0.0000000E+00   0.0000000E+00   0.0000000E+00
  -3.7533333E+00   0.0000000E+00   0.0000000E+00   0.0000000E+00   0.0000000E+00
  -3.7466667E+00   0.0000000E+00   0.0000000E+00   0.0000000E+00   0.0000000E+00
  -3.7400000E+00   0.0000000E+00   0.0000000E+00   0.0000000E+00   0.0000000E+00
  -3.7333333E+00   0.0000000E+00   0.0000000E+00   0.0000000E+00   0.0000000E+00
  -3.7266667E+00   0.0000000E+00   0.0000000E+00   0.0000000E+00   0.0000000E+00
  -3.7200000E+00   0.0000000E+00   0.0000000E+00   0.0000000E+00   0.0000000E+00
  -3.7133333E+00   0.0000000E+00   0.0000000E+00   0.0000000E+00   0.0000000E+00
  -3.7066667E+00   0.0000000E+00   0.0000000E+00   0.0000000E+00   0.0000000E+00
  -3.7000000E+00   0.0000000E+00   0.0000000E+00   0.0000000E+00   0.0000000E+00
  -3.6933333E+00   0.0000000E+00   0.0000000E+00   0.0000000E+00   0.0000000E+00
  -3.6866667E+00   0.0000000E+00   0.0000000E+00   0.0000000E+00   0.0000000E+00
  -3.6800000E+00   0.0000000E+00   0.0000000E+00   0.0000000E+00   0.0000000E+00
  -3.6733333E+00   0.0000000E+00   0.0000000E+00   0.0000000E+00   0.0000000E+00
  -3.6666667E+00   0.0000000E+00   0.0000000E+00   0.0000000E+00   0.0000000E+00
  -3.6600000E+00   0.0000000E+00   0.0000000E+00   0.0000000E+00   0.0000000E+00
  -3.6533333E+00   0.0000000E+00   0.0000000E+00   0.0000000E+00   0.0000000E+00
  -3.6466667E+00   0.0000000E+00   0.0000000E+00   0.0000000E+00   0.0000000E+00
  -3.6400000E+00   0.0000000E+00   0.0000000E+00   0.0000000E+00   0.0000000E+00
  -3.6333333E+00   0.0000000E+00   0.0000000E+00   0.0000000E+00   0.0000000E+00
  -3.6266667E+00   0.0000000E+00   0.0000000E+00   0.0000000E+00   0.0000000E+00
  -3.6200000E+00   0.0000000E+00   0.0000000E+00   0.0000000E+00   0.0000000E+00
  -3.6133333E+00   0.0000000E+00   0.0000000E+00   0.0000000E+00   0.0000000E+00
  -3.6066667E+00   0.0000000E+00   0.0000000E+00   0.0000000E+00   0.0000000E+00
  -3.6000000E+00   0.0000000E+00   0.0000000E+00   0.0000000E+00   0.0000000E+00
  -3.5933333E+00   0.0000000E+00   0.0000000E+00   0.0000000E+00   0.0000000E+00
  -3.5866667E+00   0.0000000E+00   0.0000000E+00   0.0000000E+00   0.0000000E+00
  -3.5800000E+00   0.0000000E+00   0.0000000E+00   0.0000000E+00   0.0000000E+00
  -3.5733333E+00   0.0000000E+00   0.0000000E+00   0.0000000E+00   0.0000000E+00
  -3.5666667E+00   0.0000000E+00   0.0000000E+00   0.0000000E+00   0.0000000E+00
  -3.5600000E+00   0.0000000E+00   0.0000000E+00   0.0000000E+00   0.0000000E+00
  -3.5533333E+00   0.0000000E+00   0.0000000E+00   0.0000000E+00   0.0000000E+00
  -3.5466667E+00   0.0000000E+00   0.0000000E+00   0.0000000E+00   0.0000000E+00
  -3.5400000E+00   0.0000000E+00   0.0000000E+00   0.0000000E+00   0.0000000E+00
  -3.5333333E+00   0.0000000E+00   0.0000000E+00   0.0000000E+00   0.0000000E+00
  -3.5266667E+00   0.0000000E+00   0.0000000E+00   0.0000000E+00   0.0000000E+00
  -3.5200000E+00   0.0000000E+00   0.0000000E+00   0.0000000E+00   0.0000000E+00
  -3.5133333E+00   0.0000000E+00   0.0000000E+00   0.0000000E+00   0.0000000E+00
  -3.5066667E+00   0.0000000E+00   0.0000000E+00   0.0000000E+00   0.0000000E+00
  -3.5000000E+00   0.0000000E+00   0.0000000E+00   0.0000000E+00   0.0000000E+00
  -3.4933333E+00   0.0000000E+00   0.0000000E+00   0.0000000E+00   0.0000000E+00
  -3.4866667E+00   0.0000000E+00   0.0000000E+00   0.0000000E+00   0.0000000E+00
  -3.4800000E+00   0.0000000E+00   0.0000000E+00   0.0000000E+00   0.0000000E+00
  -3.4733333E+00   0.0000000E+00   0.0000000E+00   0.0000000E+00   0.0000000E+00
  -3.4666667E+00   0.0000000E+00   0.0000000E+00   0.0000000E+00   0.0000000E+00
  -3.4600000E+00   0.0000000E+00   0.0000000E+00   0.0000000E+00   0.0000000E+00
  -3.4533333E+00   0.0000000E+00   0.0000000E+00   0.0000000E+00   0.0000000E+00
  -3.4466667E+00   0.0000000E+00   0.0000000E+00   0.0000000E+00   0.0000000E+00
  -3.4400000E+00   0.0000000E+00   0.0000000E+00   0.0000000E+00   0.0000000E+00
  -3.4333333E+00   0.0000000E+00   0.0000000E+00   0.0000000E+00   0.0000000E+00
  -3.4266667E+00   0.0000000E+00   0.0000000E+00   0.0000000E+00   0.0000000E+00
  -3.4200000E+00   0.0000000E+00   0.0000000E+00   0.0000000E+00   0.0000000E+00
  -3.4133333E+00   0.0000000E+00   0.0000000E+00   0.0000000E+00   0.0000000E+00
  -3.4066667E+00   0.0000000E+00   0.0000000E+00   0.0000000E+00   0.0000000E+00
  -3.4000000E+00   0.0000000E+00   0.0000000E+00   0.0000000E+00   0.0000000E+00
  -3.3933333E+00   0.0000000E+00   0.0000000E+00   0.0000000E+00   0.0000000E+00
  -3.3866667E+00   0.0000000E+00   0.0000000E+00   0.0000000E+00   0.0000000E+00
  -3.3800000E+00   0.0000000E+00   0.0000000E+00   0.0000000E+00   0.0000000E+00
  -3.3733333E+00   0.0000000E+00   0.0000000E+00   0.0000000E+00   0.0000000E+00
  -3.3666667E+00   0.0000000E+00   0.0000000E+00   0.0000000E+00   0.0000000E+00
  -3.3600000E+00   0.0000000E+00   0.0000000E+00   0.0000000E+00   0.0000000E+00
  -3.3533333E+00   0.0000000E+00   0.0000000E+00   0.0000000E+00   0.0000000E+00
  -3.3466667E+00   0.0000000E+00   0.0000000E+00   0.0000000E+00   0.0000000E+00
  -3.3400000E+00   0.0000000E+00   0.0000000E+00   0.0000000E+00   0.0000000E+00
  -3.3333333E+00   0.0000000E+00   0.0000000E+00   0.0000000E+00   0.0000000E+00
  -3.3266667E+00   0.0000000E+00   0.0000000E+00   0.0000000E+00   0.0000000E+00
  -3.3200000E+00   0.0000000E+00   0.0000000E+00   0.0000000E+00   0.0000000E+00
  -3.3133333E+00   0.0000000E+00   0.0000000E+00   0.0000000E+00   0.0000000E+00
  -3.3066667E+00   0.0000000E+00   0.0000000E+00   0.0000000E+00   0.0000000E+00
  -3.3000000E+00   0.0000000E+00   0.0000000E+00   0.0000000E+00   0.0000000E+00
  -3.2933333E+00   0.0000000E+00   0.0000000E+00   0.0000000E+00   0.0000000E+00
  -3.2866667E+00   0.0000000E+00   0.0000000E+00   0.0000000E+00   0.0000000E+00
  -3.2800000E+00   0.0000000E+00   0.0000000E+00   0.0000000E+00   0.0000000E+00
  -3.2733333E+00   0.0000000E+00   0.0000000E+00   0.0000000E+00   0.0000000E+00
  -3.2666667E+00   0.0000000E+00   0.0000000E+00   0.0000000E+00   0.0000000E+00
  -3.2600000E+00   0.0000000E+00   0.0000000E+00   0.0000000E+00   0.0000000E+00
  -3.2533333E+00   0.0000000E+00   0.0000000E+00   0.0000000E+00   0.0000000E+00
  -3.2466667E+00   0.0000000E+00   0.0000000E+00   0.0000000E+00   0.0000000E+00
  -3.2400000E+00   0.0000000E+00   0.0000000E+00   0.0000000E+00   0.0000000E+00
  -3.2333333E+00   0.0000000E+00   0.0000000E+00   0.0000000E+00   0.0000000E+00
  -3.2266667E+00   0.0000000E+00   0.0000000E+00   0.0000000E+00   0.0000000E+00
  -3.2200000E+00   0.0000000E+00   0.0000000E+00   0.0000000E+00   0.0000000E+00
  -3.2133333E+00   0.0000000E+00   0.0000000E+00   0.0000000E+00   0.0000000E+00
  -3.2066667E+00   0.0000000E+00   0.0000000E+00   0.0000000E+00   0.0000000E+00
  -3.2000000E+00   0.0000000E+00   0.0000000E+00   0.0000000E+00   0.0000000E+00
  -3.1933333E+00   0.0000000E+00   0.0000000E+00   0.0000000E+00   0.0000000E+00
  -3.1866667E+00   0.0000000E+00   0.0000000E+00   0.0000000E+00   0.0000000E+00
  -3.1800000E+00   0.0000000E+00   0.0000000E+00   0.0000000E+00   0.0000000E+00
  -3.1733333E+00   0.0000000E+00   0.0000000E+00   0.0000000E+00   0.0000000E+00
  -3.1666667E+00   0.0000000E+00   0.0000000E+00   0.0000000E+00   0.0000000E+00
  -3.1600000E+00   0.0000000E+00   0.0000000E+00   0.0000000E+00   0.0000000E+00
  -3.1533333E+00   0.0000000E+00   0.0000000E+00   0.0000000E+00   0.0000000E+00
  -3.1466667E+00   0.0000000E+00   0.0000000E+00   0.0000000E+00   0.0000000E+00
  -3.1400000E+00   0.0000000E+00   0.0000000E+00   0.0000000E+00   0.0000000E+00
  -3.1333333E+00   0.0000000E+00   0.0000000E+00   0.0000000E+00   0.0000000E+00
  -3.1266667E+00   0.0000000E+00   0.0000000E+00   0.0000000E+00   0.0000000E+00
  -3.1200000E+00   0.0000000E+00   0.0000000E+00   0.0000000E+00   0.0000000E+00
  -3.1133333E+00   0.0000000E+00   0.0000000E+00   0.0000000E+00   0.0000000E+00
  -3.1066667E+00   0.0000000E+00   0.0000000E+00   0.0000000E+00   0.0000000E+00
  -3.1000000E+00   0.0000000E+00   0.0000000E+00   0.0000000E+00   0.0000000E+00
  -3.0933333E+00   0.0000000E+00   0.0000000E+00   0.0000000E+00   0.0000000E+00
  -3.0866667E+00   0.0000000E+00   0.0000000E+00   0.0000000E+00   0.0000000E+00
  -3.0800000E+00   0.0000000E+00   0.0000000E+00   0.0000000E+00   0.0000000E+00
  -3.0733333E+00   0.0000000E+00   0.0000000E+00   0.0000000E+00   0.0000000E+00
  -3.0666667E+00   0.0000000E+00   0.0000000E+00   0.0000000E+00   0.0000000E+00
  -3.0600000E+00   0.0000000E+00   0.0000000E+00   0.0000000E+00   0.0000000E+00
  -3.0533333E+00   0.0000000E+00   0.0000000E+00   0.0000000E+00   0.0000000E+00
  -3.0466667E+00   0.0000000E+00   0.0000000E+00   0.0000000E+00   0.0000000E+00
  -3.0400000E+00   0.0000000E+00   0.0000000E+00   0.0000000E+00   0.0000000E+00
  -3.0333333E+00   0.0000000E+00   0.0000000E+00   0.0000000E+00   0.0000000E+00
  -3.0266667E+00   0.0000000E+00   0.0000000E+00   0.0000000E+00   0.0000000E+00
  -3.0200000E+00   0.0000000E+00   0.0000000E+00   0.0000000E+00   0.0000000E+00
  -3.0133333E+00   0.0000000E+00   0.0000000E+00   0.0000000E+00   0.0000000E+00
  -3.0066667E+00   0.0000000E+00   0.0000000E+00   0.0000000E+00   0.0000000E+00
  -3.0000000E+00   0.0000000E+00   0.0000000E+00   0.0000000E+00   0.0000000E+00
  -2.9933333E+00   0.0000000E+00   0.0000000E+00   0.0000000E+00   0.0000000E+00
  -2.9866667E+00   0.0000000E+00   0.0000000E+00   0.0000000E+00   0.0000000E+00
  -2.9800000E+00   0.0000000E+00   0.0000000E+00   0.0000000E+00   0.0000000E+00
  -2.9733333E+00   0.0000000E+00   0.0000000E+00   0.0000000E+00   0.0000000E+00
  -2.9666667E+00   0.0000000E+00   0.0000000E+00   0.0000000E+00   0.0000000E+00
  -2.9600000E+00   0.0000000E+00   0.0000000E+00   0.0000000E+00   0.0000000E+00
  -2.9533333E+00   0.0000000E+00   0.0000000E+00   0.0000000E+00   0.0000000E+00
  -2.9466667E+00   0.0000000E+00   0.0000000E+00   0.0000000E+00   0.0000000E+00
  -2.9400000E+00   0.0000000E+00   0.0000000E+00   0.0000000E+00   0.0000000E+00
  -2.9333333E+00   0.0000000E+00   0.0000000E+00   0.0000000E+00   0.0000000E+00
  -2.9266667E+00   0.0000000E+00   0.0000000E+00   0.0000000E+00   0.0000000E+00
  -2.9200000E+00   0.0000000E+00   0.0000000E+00   0.0000000E+00   0.0000000E+00
  -2.9133333E+00   0.0000000E+00   0.0000000E+00   0.0000000E+00   0.0000000E+00
  -2.9066667E+00   0.0000000E+00   0.0000000E+00   0.0000000E+00   0.0000000E+00
  -2.9000000E+00   0.0000000E+00   0.0000000E+00   0.0000000E+00   0.0000000E+00
  -2.8933333E+00   0.0000000E+00   0.0000000E+00   0.0000000E+00   0.0000000E+00
  -2.8866667E+00   0.0000000E+00   0.0000000E+00   0.0000000E+00   0.0000000E+00
  -2.8800000E+00   0.0000000E+00   0.0000000E+00   0.0000000E+00   0.0000000E+00
  -2.8733333E+00   0.0000000E+00   0.0000000E+00   0.0000000E+00   0.0000000E+00
  -2.8666667E+00   0.0000000E+00   0.0000000E+00   0.0000000E+00   0.0000000E+00
  -2.8600000E+00   0.0000000E+00   0.0000000E+00   0.0000000E+00   0.0000000E+00
  -2.8533333E+00   0.0000000E+00   0.0000000E+00   0.0000000E+00   0.0000000E+00
  -2.8466667E+00   0.0000000E+00   0.0000000E+00   0.0000000E+00   0.0000000E+00
  -2.8400000E+00   0.0000000E+00   0.0000000E+00   0.0000000E+00   0.0000000E+00
  -2.8333333E+00   0.0000000E+00   0.0000000E+00   0.0000000E+00   0.0000000E+00
  -2.8266667E+00   0.0000000E+00   0.0000000E+00   0.0000000E+00   0.0000000E+00
  -2.8200000E+00   0.0000000E+00   0.0000000E+00   0.0000000E+00   0.0000000E+00
  -2.8133333E+00   0.0000000E+00   0.0000000E+00   0.0000000E+00   0.0000000E+00
  -2.8066667E+00   0.0000000E+00   0.0000000E+00   0.0000000E+00   0.0000000E+00
  -2.8000000E+00   0.0000000E+00   0.0000000E+00   0.0000000E+00   0.0000000E+00
  -2.7933333E+00   0.0000000E+00   0.0000000E+00   0.0000000E+00   0.0000000E+00
  -2.7866667E+00   0.0000000E+00   0.0000000E+00   0.0000000E+00   0.0000000E+00
  -2.7800000E+00   0.0000000E+00   0.0000000E+00   0.0000000E+00   0.0000000E+00
  -2.7733333E+00   0.0000000E+00   0.0000000E+00   0.0000000E+00   0.0000000E+00
  -2.7666667E+00   0.0000000E+00   0.0000000E+00   0.0000000E+00   0.0000000E+00
  -2.7600000E+00   0.0000000E+00   0.0000000E+00   0.0000000E+00   0.0000000E+00
  -2.7533333E+00   0.0000000E+00   0.0000000E+00   0.0000000E+00   0.0000000E+00
  -2.7466667E+00   0.0000000E+00   0.0000000E+00   0.0000000E+00   0.0000000E+00
  -2.7400000E+00   0.0000000E+00   0.0000000E+00   0.0000000E+00   0.0000000E+00
  -2.7333333E+00   0.0000000E+00   0.0000000E+00   0.0000000E+00   0.0000000E+00
  -2.7266667E+00   0.0000000E+00   0.0000000E+00   0.0000000E+00   0.0000000E+00
  -2.7200000E+00   0.0000000E+00   0.0000000E+00   0.0000000E+00   0.0000000E+00
  -2.7133333E+00   0.0000000E+00   0.0000000E+00   0.0000000E+00   0.0000000E+00
  -2.7066667E+00   0.0000000E+00   0.0000000E+00   0.0000000E+00   0.0000000E+00
  -2.7000000E+00   0.0000000E+00   0.0000000E+00   0.0000000E+00   0.0000000E+00
  -2.6933333E+00   0.0000000E+00   0.0000000E+00   0.0000000E+00   0.0000000E+00
  -2.6866667E+00   0.0000000E+00   0.0000000E+00   0.0000000E+00   0.0000000E+00
  -2.6800000E+00   0.0000000E+00   0.0000000E+00   0.0000000E+00   0.0000000E+00
  -2.6733333E+00   0.0000000E+00   0.0000000E+00   0.0000000E+00   0.0000000E+00
  -2.6666667E+00   0.0000000E+00   0.0000000E+00   0.0000000E+00   0.0000000E+00
  -2.6600000E+00   0.0000000E+00   0.0000000E+00   0.0000000E+00   0.0000000E+00
  -2.6533333E+00   0.0000000E+00   0.0000000E+00   0.0000000E+00   0.0000000E+00
  -2.6466667E+00   0.0000000E+00   0.0000000E+00   0.0000000E+00   0.0000000E+00
  -2.6400000E+00   0.0000000E+00   0.0000000E+00   0.0000000E+00   0.0000000E+00
  -2.6333333E+00   0.0000000E+00   0.0000000E+00   0.0000000E+00   0.0000000E+00
  -2.6266667E+00   0.0000000E+00   0.0000000E+00   0.0000000E+00   0.0000000E+00
  -2.6200000E+00   0.0000000E+00   0.0000000E+00   0.0000000E+00   0.0000000E+00
  -2.6133333E+00   1.0000000E+00   0.0000000E+00   0.0000000E+00   0.0000000E+00
  -2.6066667E+00   0.0000000E+00   0.0000000E+00   0.0000000E+00   0.0000000E+00
  -2.6000000E+00   0.0000000E+00   0.0000000E+00   0.0000000E+00   0.0000000E+00
  -2.5933333E+00   1.0000000E+00   0.0000000E+00   0.0000000E+00   0.0000000E+00
  -2.5866667E+00   1.0000000E+00   0.0000000E+00   0.0000000E+00   0.0000000E+00
  -2.5800000E+00   0.0000000E+00   0.0000000E+00   0.0000000E+00   0.0000000E+00
  -2.5733333E+00   0.0000000E+00   0.0000000E+00   0.0000000E+00   0.0000000E+00
  -2.5666667E+00   0.0000000E+00   0.0000000E+00   0.0000000E+00   0.0000000E+00
  -2.5600000E+00   0.0000000E+00   0.0000000E+00   0.0000000E+00   0.0000000E+00
  -2.5533333E+00   0.0000000E+00   0.0000000E+00   0.0000000E+00   0.0000000E+00
  -2.5466667E+00   0.0000000E+00   1.0000000E+00   0.0000000E+00   1.0000000E+00
  -2.5400000E+00   0.0000000E+00   0.0000000E+00   0.0000000E+00   0.0000000E+00
  -2.5333333E+00   0.0000000E+00   0.0000000E+00   0.0000000E+00   0.0000000E+00
  -2.5266667E+00   0.0000000E+00   0.0000000E+00   0.0000000E+00   0.0000000E+00
  -2.5200000E+00   0.0000000E+00   0.0000000E+00   0.0000000E+00   0.0000000E+00
  -2.5133333E+00   0.0000000E+00   0.0000000E+00   0.0000000E+00   0.0000000E+00
  -2.5066667E+00   0.0000000E+00   0.0000000E+00   0.0000000E+00   0.0000000E+00
  -2.5000000E+00   0.0000000E+00   0.0000000E+00   0.0000000E+00   0.0000000E+00
  -2.4933333E+00   0.0000000E+00   0.0000000E+00   0.0000000E+00   0.0000000E+00
  -2.4866667E+00   0.0000000E+00   0.0000000E+00   0.0000000E+00   0.0000000E+00
  -2.4800000E+00   0.0000000E+00   0.0000000E+00   0.0000000E+00   0.0000000E+00
  -2.4733333E+00   0.0000000E+00   0.0000000E+00   0.0000000E+00   0.0000000E+00
  -2.4666667E+00   1.0000000E+00   0.0000000E+00   0.0000000E+00   0.0000000E+00
  -2.4600000E+00   1.0000000E+00   1.0000000E+00   0.0000000E+00   0.0000000E+00
  -2.4533333E+00   0.0000000E+00   0.0000000E+00   0.0000000E+00   0.0000000E+00
  -2.4466667E+00   0.0000000E+00   0.0000000E+00   0.0000000E+00   0.0000000E+00
  -2.4400000E+00   0.0000000E+00   0.0000000E+00   0.0000000E+00   0.0000000E+00
  -2.4333333E+00   1.0000000E+00   0.0000000E+00   0.0000000E+00   0.0000000E+00
  -2.4266667E+00   0.0000000E+00   0.0000000E+00   0.0000000E+00   0.0000000E+00
  -2.4200000E+00   0.0000000E+00   0.0000000E+00   0.0000000E+00   0.0000000E+00
  -2.4133333E+00   1.0000000E+00   1.0000000E+00   0.0000000E+00   0.0000000E+00
  -2.4066667E+00   2.0000000E+00   0.0000000E+00   0.0000000E+00   0.0000000E+00
  -2.4000000E+00   2.0000000E+00   0.0000000E+00   0.0000000E+00   0.0000000E+00
  -2.3933333E+00   1.0000000E+00   0.0000000E+00   0.0000000E+00   0.0000000E+00
  -2.3866667E+00   0.0000000E+00   0.0000000E+00   0.0000000E+00   0.0000000E+00
  -2.3800000E+00   0.0000000E+00   1.0000000E+00   0.0000000E+00   0.0000000E+00
  -2.3733333E+00   0.0000000E+00   1.0000000E+00   0.0000000E+00   0.0000000E+00
  -2.3666667E+00   1.0000000E+00   1.0000000E+00   0.0000000E+00   0.0000000E+00
  -2.3600000E+00   1.0000000E+00   1.0000000E+00   0.0000000E+00   0.0000000E+00
  -2.3533333E+00   2.0000000E+00   0.0000000E+00   0.0000000E+00   0.0000000E+00
  -2.3466667E+00   0.0000000E+00   2.0000000E+00   0.0000000E+00   1.0000000E+00
  -2.3400000E+00   1.0000000E+00   2.0000000E+00   0.0000000E+00   0.0000000E+00
  -2.3333333E+00   1.0000000E+00   0.0000000E+00   0.0000000E+00   0.0000000E+00
  -2.3266667E+00   1.0000000E+00   0.0000000E+00   0.0000000E+00   0.0000000E+00
  -2.3200000E+00   4.0000000E+00   1.0000000E+00   0.0000000E+00   0.0000000E+00
  -2.3133333E+00   5.0000000E+00   1.0000000E+00   0.0000000E+00   0.0000000E+00
  -2.3066667E+00   2.0000000E+00   0.0000000E+00   0.0000000E+00   0.0000000E+00
  -2.3000000E+00   0.0000000E+00   1.0000000E+00   0.0000000E+00   0.0000000E+00
  -2.2933333E+00   2.0000000E+00   1.0000000E+00   0.0000000E+00   0.0000000E+00
  -2.2866667E+00   2.0000000E+00   1.0000000E+00   0.0000000E+00   0.0000000E+00
  -2.2800000E+00   0.0000000E+00   0.0000000E+00   0.0000000E+00   0.0000000E+00
  -2.2733333E+00   2.0000000E+00   0.0000000E+00   0.0000000E+00   0.0000000E+00
  -2.2666667E+00   3.0000000E+00   2.0000000E+00   0.0000000E+00   0.0000000E+00
  -2.2600000E+00   3.0000000E+00   2.0000000E+00   0.0000000E+00   0.0000000E+00
  -2.2533333E+00   4.0000000E+00   2.0000000E+00   0.0000000E+00   0.0000000E+00
  -2.2466667E+00   3.0000000E+00   3.0000000E+00   0.0000000E+00   0.0000000E+00
  -2.2400000E+00   0.0000000E+00   2.0000000E+00   0.0000000E+00   0.0000000E+00
  -2.2333333E+00   0.0000000E+00   2.0000000E+00   0.0000000E+00   0.0000000E+00
  -2.2266667E+00   5.0000000E+00   2.0000000E+00   0.0000000E+00   0.0000000E+00
  -2.2200000E+00   2.0000000E+00   3.0000000E+00   0.0000000E+00   0.0000000E+00
  -2.2133333E+00   4.0000000E+00   3.0000000E+00   0.0000000E+00   0.0000000E+00
  -2.2066667E+00   8.0000000E+00   2.0000000E+00   0.0000000E+00   0.0000000E+00
  -2.2000000E+00   4.0000000E+00   0.0000000E+00   0.0000000E+00   0.0000000E+00
  -2.1933333E+00   3.0000000E+00   2.0000000E+00   0.0000000E+00   0.0000000E+00
  -2.1866667E+00   5.0000000E+00   5.0000000E+00   0.0000000E+00   1.0000000E+00
  -2.1800000E+00   1.1000000E+01   3.0000000E+00   0.0000000E+00   0.0000000E+00
  -2.1733333E+00   5.0000000E+00   2.0000000E+00   0.0000000E+00   0.0000000E+00
  -2.1666667E+00   5.0000000E+00   3.0000000E+00   0.0000000E+00   0.0000000E+00
  -2.1600000E+00   6.0000000E+00   3.0000000E+00   0.0000000E+00   0.0000000E+00
  -2.1533333E+00   5.0000000E+00   4.0000000E+00   0.0000000E+00   0.0000000E+00
  -2.1466667E+00   5.0000000E+00   1.0000000E+00   0.0000000E+00   0.0000000E+00
  -2.1400000E+00   1.4000000E+01   2.0000000E+00   0.0000000E+00   0.0000000E+00
  -2.1333333E+00   5.0000000E+00   3.0000000E+00   0.0000000E+00   0.0000000E+00
  -2.1266667E+00   6.0000000E+00   4.0000000E+00   0.0000000E+00   0.0000000E+00
  -2.1200000E+00   1.0000000E+01   1.0000000E+00   0.0000000E+00   0.0000000E+00
  -2.1133333E+00   9.0000000E+00   5.0000000E+00   0.0000000E+00   0.0000000E+00
  -2.1066667E+00   8.0000000E+00   2.0000000E+00   0.0000000E+00   0.0000000E+00
  -2.1000000E+00   1.0000000E+01   5.0000000E+00   0.0000000E+00   0.0000000E+00
  -2.0933333E+00   7.0000000E+00   6.0000000E+00   0.0000000E+00   0.0000000E+00
  -2.0866667E+00   1.4000000E+01   6.0000000E+00   0.0000000E+00   0.0000000E+00
  -2.0800000E+00   1.4000000E+01   5.0000000E+00   0.0000000E+00   0.0000000E+00
  -2.0733333E+00   1.5000000E+01   6.0000000E+00   0.0000000E+00   0.0000000E+00
  -2.0666667E+00   1.1000000E+01   8.0000000E+00   0.0000000E+00   0.0000000E+00
  -2.0600000E+00   1.2000000E+01   1.0000000E+01   0.0000000E+00   0.0000000E+00
  -2.0533333E+00   1.8000000E+01   6.0000000E+00   0.0000000E+00   0.0000000E+00
  -2.0466667E+00   1.5000000E+01   8.0000000E+00   0.0000000E+00   0.0000000E+00
  -2.0400000E+00   1.3000000E+01   3.0000000E+00   0.0000000E+00   0.0000000E+00
  -2.0333333E+00   1.2000000E+01   1.5000000E+01   0.0000000E+00   0.0000000E+00
  -2.0266667E+00   1.2000000E+01   1.0000000E+01   0.0000000E+00   0.0000000E+00
  -2.0200000E+00   1.5000000E+01   9.0000000E+00   0.0000000E+00   0.0000000E+00
  -2.0133333E+00   1.6000000E+01   1.0000000E+01   0.0000000E+00   0.0000000E+00
  -2.0066667E+00   1.3000000E+01   8.0000000E+00   0.0000000E+00   1.0000000E+00
  -2.0000000E+00   1.8000000E+01   1.1000000E+01   0.0000000E+00   0.0000000E+00
  -1.9933333E+00   2.6000000E+01   1.0000000E+01   0.0000000E+00   0.0000000E+00
  -1.9866667E+00   2.9000000E+01   1.5000000E+01   0.0000000E+00   1.0000000E+00
  -1.9800000E+00   2.1000000E+01   1.1000000E+01   0.0000000E+00   0.0000000E+00
  -1.9733333E+00   2.7000000E+01   1.1000000E+01   0.0000000E+00   0.0000000E+00
  -1.9666667E+00   2.4000000E+01   1.5000000E+01   0.0000000E+00   0.0000000E+00
  -1.9600000E+00   2.9000000E+01   1.0000000E+01   0.0000000E+00   0.0000000E+00
  -1.9533333E+00   2.9000000E+01   1.2000000E+01   0.0000000E+00   0.0000000E+00
  -1.9466667E+00   3.3000000E+01   1.7000000E+01   1.0000000E+00   0.0000000E+00
  -1.9400000E+00   3.0000000E+01   1.4000000E+01   0.0000000E+00   0.0000000E+00
  -1.9333333E+00   2.8000000E+01   2.3000000E+01   0.0000000E+00   0.0000000E+00
  -1.9266667E+00   3.4000000E+01   1.5000000E+01   0.0000000E+00   0.0000000E+00
  -1.9200000E+00   4.3000000E+01   2.4000000E+01   0.0000000E+00   0.0000000E+00
  -1.9133333E+00   3.2000000E+01   2.8000000E+01   1.0000000E+00   0.0000000E+00
  -1.9066667E+00   3.9000000E+01   1.3000000E+01   0.0000000E+00   0.0000000E+00
  -1.9000000E+00   5.2000000E+01   1.8000000E+01   0.0000000E+00   0.0000000E+00
  -1.8933333E+00   4.2000000E+01   2.4000000E+01   0.0000000E+00   0.0000000E+00
  -1.8866667E+00   5.8000000E+01   2.2000000E+01   0.0000000E+00   0.0000000E+00
  -1.8800000E+00   4.3000000E+01   2.6000000E+01   0.0000000E+00   0.0000000E+00
  -1.8733333E+00   6.3000000E+01   2.0000000E+01   0.0000000E+00   0.0000000E+00
  -1.8666667E+00   5.6000000E+01   3.1000000E+01   0.0000000E+00   0.0000000E+00
  -1.8600000E+00   5.9000000E+01   2.8000000E+01   0.0000000E+00   1.0000000E+00
  -1.8533333E+00   6.5000000E+01   2.5000000E+01   0.0000000E+00   0.0000000E+00
  -1.8466667E+00   8.1000000E+01   3.3000000E+01   0.0000000E+00   0.0000000E+00
  -1.8400000E+00   6.5000000E+01   3.0000000E+01   0.0000000E+00   0.0000000E+00
  -1.8333333E+00   6.5000000E+01   4.0000000E+01   0.0000000E+00   0.0000000E+00
  -1.8266667E+00   6.6000000E+01   4.1000000E+01   0.0000000E+00   0.0000000E+00
  -1.8200000E+00   7.0000000E+01   3.9000000E+01   1.0000000E+00   0.0000000E+00
  -1.8133333E+00   9.7000000E+01   3.9000000E+01   0.0000000E+00   0.0000000E+00
  -1.8066667E+00   7.9000000E+01   4.0000000E+01   0.0000000E+00   0.0000000E+00
  -1.8000000E+00   7.8000000E+01   4.5000000E+01   0.0000000E+00   0.0000000E+00
  -1.7933333E+00   7.7000000E+01   5.0000000E+01   0.0000000E+00   0.0000000E+00
  -1.7866667E+00   1.1800000E+02   4.9000000E+01   0.0000000E+00   0.0000000E+00
  -1.7800000E+00   9.6000000E+01   5.2000000E+01   0.0000000E+00   0.0000000E+00
  -1.7733333E+00   1.0600000E+02   4.9000000E+01   0.0000000E+00   1.0000000E+00
  -1.7666667E+00   1.1200000E+02   5.2000000E+01   0.0000000E+00   0.0000000E+00
  -1.7600000E+00   1.0700000E+02   6.3000000E+01   0.0000000E+00   0.0000000E+00
  -1.7533333E+00   9.9000000E+01   5.7000000E+01   0.0000000E+00   0.0000000E+00
  -1.7466667E+00   1.1700000E+02   7.1000000E+01   0.0000000E+00   0.0000000E+00
  -1.7400000E+00   1.0700000E+02   7.1000000E+01   0.0000000E+00   1.0000000E+00
  -1.7333333E+00   1.5300000E+02   5.6000000E+01   0.0000000E+00   0.0000000E+00
  -1.7266667E+00   1.4100000E+02   8.7000000E+01   1.0000000E+00   1.0000000E+00
  -1.7200000E+00   1.4900000E+02   6.8000000E+01   0.0000000E+00   1.0000000E+00
  -1.7133333E+00   1.4600000E+02   9.3000000E+01   0.0000000E+00   0.0000000E+00
  -1.7066667E+00   1.6200000E+02   7.9000000E+01   0.0000000E+00   0.0000000E+00
  -1.7000000E+00   1.6400000E+02   8.5000000E+01   1.0000000E+00   0.0000000E+00
  -1.6933333E+00   1.7800000E+02   1.0400000E+02   0.0000000E+00   0.0000000E+00
  -1.6866667E+00   1.7200000E+02   9.0000000E+01   1.0000000E+00   0.0000000E+00
  -1.6800000E+00   1.8100000E+02   9.6000000E+01   1.0000000E+00   0.0000000E+00
  -1.6733333E+00   2.2400000E+02   9.7000000E+01   0.0000000E+00   0.0000000E+00
  -1.6666667E+00   2.0500000E+02   9.7000000E+01   1.0000000E+00   1.0000000E+00
  -1.6600000E+00   1.8600000E+02   9.5000000E+01   1.0000000E+00   0.0000000E+00
  -1.6533333E+00   2.3600000E+02   1.2700000E+02   1.0000000E+00   1.0000000E+00
  -1.6466667E+00   2.4000000E+02   1.0100000E+02   1.0000000E+00   1.0000000E+00
  -1.6400000E+00   2.3900000E+02   1.1100000E+02   0.0000000E+00   1.0000000E+00
  -1.6333333E+00   2.5500000E+02   1.3800000E+02   1.0000000E+00   1.0000000E+00
  -1.6266667E+00   2.2900000E+02   1.4800000E+02   0.0000000E+00   1.0000000E+00
  -1.6200000E+00   2.6800000E+02   1.3200000E+02   0.0000000E+00   1.0000000E+00
  -1.6133333E+00   2.6400000E+02   1.5700000E+02   0.0000000E+00   1.0000000E+00
  -1.6066667E+00   3.1300000E+02   1.6200000E+02   0.0000000E+00   0.0000000E+00
  -1.6000000E+00   2.8800000E+02   1.5800000E+02   0.0000000E+00   0.0000000E+00
  -1.5933333E+00   3.1800000E+02   1.5700000E+02   0.0000000E+00   4.0000000E+00
  -1.5866667E+00   3.4400000E+02   1.5700000E+02   2.0000000E+00   0.0000000E+00
  -1.5800000E+00   3.2800000E+02   1.8100000E+02   2.0000000E+00   2.0000000E+00
  -1.5733333E+00   3.8000000E+02   1.9500000E+02   0.0000000E+00   1.0000000E+00
  -1.5666667E+00   3.9600000E+02   1.7800000E+02   1.0000000E+00   1.0000000E+00
  -1.5600000E+00   3.6500000E+02   1.7700000E+02   1.0000000E+00   1.0000000E+00
  -1.5533333E+00   4.1100000E+02   1.8500000E+02   0.0000000E+00   2.0000000E+00
  -1.5466667E+00   4.1200000E+02   2.2900000E+02   0.0000000E+00   1.0000000E+00
  -1.5400000E+00   4.5200000E+02   2.3300000E+02   1.0000000E+00   1.0000000E+00
  -1.5333333E+00   4.4300000E+02   2.1900000E+02   0.0000000E+00   0.0000000E+00
  -1.5266667E+00   4.9300000E+02   2.6600000E+02   1.0000000E+00   1.0000000E+00
  -1.5200000E+00   4.8100000E+02   2.3100000E+02   2.0000000E+00   0.0000000E+00
  -1.5133333E+00   4.9100000E+02   2.4100000E+02   2.0000000E+00   1.0000000E+00
  -1.5066667E+00   4.8900000E+02   2.6700000E+02   0.0000000E+00   2.0000000E+00
  -1.5000000E+00   5.0600000E+02   2.7800000E+02   2.0000000E+00   1.0000000E+00
  -1.4933333E+00   5.5000000E+02   2.8800000E+02   0.0000000E+00   3.0000000E+00
  -1.4866667E+00   5.8300000E+02   2.9900000E+02   0.0000000E+00   1.0000000E+00
  -1.4800000E+00   5.7800000E+02   3.0300000E+02   3.0000000E+00   1.0000000E+00
  -1.4733333E+00   6.2600000E+02   3.0300000E+02   4.0000000E+00   0.0000000E+00
  -1.4666667E+00   6.4500000E+02   3.1700000E+02   2.0000000E+00   3.0000000E+00
  -1.4600000E+00   6.7900000E+02   3.6600000E+02   1.0000000E+00   2.0000000E+00
  -1.4533333E+00   6.9100000E+02   3.4500000E+02   1.0000000E+00   1.0000000E+00
  -1.4466667E+00   7.3600000E+02   3.6100000E+02   2.0000000E+00   2.0000000E+00
  -1.4400000E+00   7.7900000E+02   3.4600000E+02   5.0000000E+00   0.0000000E+00
  -1.4333333E+00   7.1400000E+02   3.9900000E+02   1.0000000E+00   1.0000000E+00
  -1.4266667E+00   7.6900000E+02   4.6600000E+02   2.0000000E+00   5.0000000E+00
  -1.4200000E+00   8.3200000E+02   4.2200000E+02   4.0000000E+00   2.0000000E+00
  -1.4133333E+00   8.6700000E+02   4.3800000E+02   4.0000000E+00   1.0000000E+00
  -1.4066667E+00   8.7200000E+02   3.9000000E+02   4.0000000E+00   2.0000000E+00
  -1.4000000E+00   9.3000000E+02   4.9100000E+02   1.0000000E+00   1.0000000E+00
  -1.3933333E+00   9.8300000E+02   4.4100000E+02   1.0000000E+00   5.0000000E+00
  -1.3866667E+00   9.8000000E+02   5.3000000E+02   2.0000000E+00   0.0000000E+00
  -1.3800000E+00   1.0410000E+03   5.1900000E+02   3.0000000E+00   4.0000000E+00
  -1.3733333E+00   1.0270000E+03   5.6600000E+02   7.0000000E+00   2.0000000E+00
  -1.3666667E+00   1.0330000E+03   5.4700000E+02   1.0000000E+00   2.0000000E+00
  -1.3600000E+00   1.1380000E+03   5.9100000E+02   1.0000000E+00   1.0000000E+00
  -1.3533333E+00   1.1940000E+03   5.6700000E+02   1.0000000E+00   2.0000000E+00
  -1.3466667E+00   1.2040000E+03   6.2100000E+02   6.0000000E+00   1.0000000E+00
  -1.3400000E+00   1.1950000E+03   6.2700000E+02   3.0000000E+00   4.0000000E+00
  -1.3333333E+00   1.2780000E+03   6.1800000E+02   3.0000000E+00   1.0000000E+00
  -1.3266667E+00   1.3540000E+03   6.4400000E+02   7.0000000E+00   3.0000000E+00
  -1.3200000E+00   1.3350000E+03   6.4500000E+02   9.0000000E+00   2.0000000E+00
  -1.3133333E+00   1.4530000E+03   7.2100000E+02   2.0000000E+00   4.0000000E+00
  -1.3066667E+00   1.4730000E+03   7.5300000E+02   7.0000000E+00   2.0000000E+00
  -1.3000000E+00   1.5070000E+03   7.5100000E+02   2.0000000E+00   2.0000000E+00
  -1.2933333E+00   1.6000000E+03   8.0300000E+02   6.0000000E+00   5.0000000E+00
  -1.2866667E+00   1.5890000E+03   8.1300000E+02   4.0000000E+00   1.0000000E+00
  -1.2800000E+00   1.6550000E+03   8.4300000E+02   9.0000000E+00   0.0000000E+00
  -1.2733333E+00   1.6500000E+03   9.0800000E+02   5.0000000E+00   4.0000000E+00
  -1.2666667E+00   1.7750000E+03   8.7300000E+02   1.3000000E+01   2.0000000E+00
  -1.2600000E+00   1.8000000E+03   9.2400000E+02   7.0000000E+00   0.0000000E+00
  -1.2533333E+00   1.8550000E+03   9.6000000E+02   2.0000000E+00   3.0000000E+00
  -1.2466667E+00   1.9100000E+03   9.8200000E+02   2.0000000E+00   4.0000000E+00
  -1.2400000E+00   2.0510000E+03   1.0080000E+03   4.0000000E+00   3.0000000E+00
  -1.2333333E+00   2.1600000E+03   1.0150000E+03   3.0000000E+00   3.0000000E+00
  -1.2266667E+00   2.1160000E+03   1.1150000E+03   4.0000000E+00   5.0000000E+00
  -1.2200000E+00   2.2500000E+03   1.1030000E+03   9.0000000E+00   2.0000000E+00
  -1.2133333E+00   2.2930000E+03   1.1410000E+03   1.2000000E+01   2.0000000E+00
  -1.2066667E+00   2.3120000E+03   1.1610000E+03   8.0000000E+00   5.0000000E+00
  -1.2000000E+00   2.3030000E+03   1.1820000E+03   1.2000000E+01   5.0000000E+00
  -1.1933333E+00   2.4680000E+03   1.2420000E+03   9.0000000E+00   5.0000000E+00
  -1.1866667E+00   2.5320000E+03   1.2590000E+03   1.4000000E+01   2.0000000E+00
  -1.1800000E+00   2.6080000E+03   1.3390000E+03   1.0000000E+01   4.0000000E+00
  -1.1733333E+00   2.7010000E+03   1.3780000E+03   7.0000000E+00   5.0000000E+00
  -1.1666667E+00   2.7950000E+03   1.3700000E+03   1.4000000E+01   6.0000000E+00
  -1.1600000E+00   2.9080000E+03   1.4640000E+03   1.0000000E+01   5.0000000E+00
  -1.1533333E+00   2.9490000E+03   1.4720000E+03   1.8000000E+01   5.0000000E+00
  -1.1466667E+00   3.0260000E+03   1.5900000E+03   1.0000000E+01   6.0000000E+00
  -1.1400000E+00   3.0600000E+03   1.5980000E+03   1.2000000E+01   7.0000000E+00
  -1.1333333E+00   3.1510000E+03   1.6480000E+03   1.3000000E+01   8.0000000E+00
  -1.1266667E+00   3.2510000E+03   1.6960000E+03   1.5000000E+01   8.0000000E+00
  -1.1200000E+00   3.2950000E+03   1.7070000E+03   2.1000000E+01   8.0000000E+00
  -1.1133333E+00   3.4090000E+03   1.8400000E+03   1.7000000E+01   5.0000000E+00
  -1.1066667E+00   3.6260000E+03   1.8450000E+03   8.0000000E+00   4.0000000E+00
  -1.1000000E+00   3.6070000E+03   1.9030000E+03   1.3000000E+01   4.0000000E+00
  -1.0933333E+00   3.7370000E+03   1.9770000E+03   1.6000000E+01   8.0000000E+00
  -1.0866667E+00   3.8480000E+03   1.9790000E+03   1.9000000E+01   1.4000000E+01
  -1.0800000E+00   3.8960000E+03   2.0170000E+03   2.1000000E+01   8.0000000E+00
  -1.0733333E+00   4.0420000E+03   2.0790000E+03   1.2000000E+01   8.0000000E+00
  -1.0666667E+00   4.1650000E+03   2.1450000E+03   1.3000000E+01   7.0000000E+00
  -1.0600000E+00   4.3340000E+03   2.1090000E+03   2.8000000E+01   9.0000000E+00
  -1.0533333E+00   4.4830000E+03   2.1550000E+03   1.9000000E+01   6.0000000E+00
  -1.0466667E+00   4.4910000E+03   2.1730000E+03   1.6000000E+01   9.0000000E+00
  -1.0400000E+00   4.6020000E+03   2.3650000E+03   1.9000000E+01   9.0000000E+00
  -1.0333333E+00   4.7640000E+03   2.4300000E+03   2.5000000E+01   1.1000000E+01
  -1.0266667E+00   4.8970000E+03   2.4480000E+03   2.7000000E+01   1.3000000E+01
  -1.0200000E+00   5.0120000E+03   2.4720000E+03   2.7000000E+01   6.0000000E+00
  -1.0133333E+00   5.2030000E+03   2.5570000E+03   3.2000000E+01   1.1000000E+01
  -1.0066667E+00   5.3270000E+03   2.6420000E+03   3.4000000E+01   1.4000000E+01
  -1.0000000E+00   5.3030000E+03   2.6890000E+03   3.0000000E+01   1.3000000E+01
  -9.9333333E-01   5.5320000E+03   2.7580000E+03   2.9000000E+01   1.0000000E+01
  -9.8666667E-01   5.7150000E+03   2.9130000E+03   3.3000000E+01   1.7000000E+01
  -9.8000000E-01   5.8420000E+03   2.9300000E+03   2.7000000E+01   1.9000000E+01
  -9.7333333E-01   6.0020000E+03   2.9940000E+03   2.7000000E+01   2.4000000E+01
  -9.6666667E-01   6.0210000E+03   3.1710000E+03   3.0000000E+01   1.3000000E+01
  -9.6000000E-01   6.3440000E+03   3.2110000E+03   3.4000000E+01   1.1000000E+01
  -9.5333333E-01   6.3110000E+03   3.2130000E+03   3.8000000E+01   1.1000000E+01
  -9.4666667E-01   6.5480000E+03   3.3310000E+03   4.2000000E+01   1.8000000E+01
  -9.4000000E-01   6.6190000E+03   3.4980000E+03   3.8000000E+01   2.4000000E+01
  -9.3333333E-01   6.9560000E+03   3.4400000E+03   4.1000000E+01   2.1000000E+01
  -9.2666667E-01   7.0340000E+03   3.5330000E+03   4.6000000E+01   1.5000000E+01
  -9.2000000E-01   7.1560000E+03   3.6720000E+03   5.1000000E+01   2.6000000E+01
  -9.1333333E-01   7.2100000E+03   3.7430000E+03   4.5000000E+01   1.1000000E+01
  -9.0666667E-01   7.6730000E+03   3.7370000E+03   4.7000000E+01   1.3000000E+01
  -9.0000000E-01   7.5400000E+03   3.8270000E+03   5.4000000E+01   2.3000000E+01
  -8.9333333E-01   7.9230000E+03   3.9790000E+03   4.7000000E+01   1.3000000E+01
  -8.8666667E-01   7.8450000E+03   3.9610000E+03   5.0000000E+01   1.3000000E+01
  -8.8000000E-01   8.1730000E+03   4.2340000E+03   5.6000000E+01   2.4000000E+01
  -8.7333333E-01   8.4640000E+03   4.1910000E+03   4.9000000E+01   2.2000000E+01
  -8.6666667E-01   8.4210000E+03   4.3640000E+03   7.8000000E+01   1.6000000E+01
  -8.6000000E-01   8.8390000E+03   4.2390000E+03   5.5000000E+01   1.6000000E+01
  -8.5333333E-01   9.0900000E+03   4.6350000E+03   8.6000000E+01   2.8000000E+01
  -8.4666667E-01   9.1110000E+03   4.5260000E+03   7.3000000E+01   2.5000000E+01
  -8.4000000E-01   9.2640000E+03   4.6020000E+03   7.6000000E+01   2.8000000E+01
  -8.3333333E-01   9.4600000E+03   4.7260000E+03   7.8000000E+01   1.9000000E+01
  -8.2666667E-01   9.5760000E+03   4.8260000E+03   9.0000000E+01   3.4000000E+01
  -8.2000000E-01   9.8340000E+03   4.9930000E+03   7.1000000E+01   2.3000000E+01
  -8.1333333E-01   1.0039000E+04   5.1650000E+03   6.3000000E+01   3.6000000E+01
  -8.0666667E-01   1.0330000E+04   5.2200000E+03   9.4000000E+01   2.6000000E+01
  -8.0000000E-01   1.0437000E+04   5.3800000E+03   8.5000000E+01   3.3000000E+01
  -7.9333333E-01   1.0936000E+04   5.4280000E+03   9.9000000E+01   2.6000000E+01
  -7.8666667E-01   1.0901000E+04   5.4480000E+03   8.8000000E+01   4.0000000E+01
  -7.8000000E-01   1.1021000E+04   5.6720000E+03   9.6000000E+01   3.6000000E+01
  -7.7333333E-01   1.1268000E+04   5.6170000E+03   9.3000000E+01   3.5000000E+01
  -7.6666667E-01   1.1551000E+04   5.9060000E+03   1.2800000E+02   4.5000000E+01
  -7.6000000E-01   1.1645000E+04   5.9440000E+03   1.1800000E+02   3.3000000E+01
  -7.5333333E-01   1.2069000E+04   5.9920000E+03   1.2300000E+02   4.4000000E+01
  -7.4666667E-01   1.2327000E+04   6.1370000E+03   1.2000000E+02   3.9000000E+01
  -7.4000000E-01   1.2436000E+04   6.2470000E+03   1.2700000E+02   3.4000000E+01
  -7.3333333E-01   1.2608000E+04   6.4320000E+03   1.1900000E+02   3.3000000E+01
  -7.2666667E-01   1.3088000E+04   6.4890000E+03   1.2800000E+02   3.2000000E+01
  -7.2000000E-01   1.2809000E+04   6.5970000E+03   1.3200000E+02   4.8000000E+01
  -7.1333333E-01   1.3279000E+04   6.8050000E+03   1.5300000E+02   5.4000000E+01
  -7.0666667E-01   1.3521000E+04   6.6980000E+03   1.5400000E+02   4.4000000E+01
  -7.0000000E-01   1.3754000E+04   6.9180000E+03   1.4500000E+02   4.6000000E+01
  -6.9333333E-01   1.3927000E+04   7.0800000E+03   1.7400000E+02   4.8000000E+01
  -6.8666667E-01   1.4350000E+04   6.9480000E+03   1.7300000E+02   4.5000000E+01
  -6.8000000E-01   1.4201000E+04   7.2410000E+03   1.7400000E+02   4.8000000E+01
  -6.7333333E-01   1.4882000E+04   7.3630000E+03   1.9200000E+02   4.6000000E+01
  -6.6666667E-01   1.4977000E+04   7.6100000E+03   2.0300000E+02   5.2000000E+01
  -6.6000000E-01   1.5140000E+04   7.6780000E+03   1.9900000E+02   6.7000000E+01
  -6.5333333E-01   1.5763000E+04   7.7350000E+03   2.3000000E+02   6.7000000E+01
  -6.4666667E-01   1.5684000E+04   7.9880000E+03   2.0900000E+02   7.0000000E+01
  -6.4000000E-01   1.5935000E+04   7.9470000E+03   2.2000000E+02   6.9000000E+01
  -6.3333333E-01   1.6157000E+04   8.1200000E+03   2.3500000E+02   6.0000000E+01
  -6.2666667E-01   1.6543000E+04   8.2320000E+03   2.2900000E+02   6.3000000E+01
  -6.2000000E-01   1.6560000E+04   8.4070000E+03   2.5000000E+02   5.2000000E+01
  -6.1333333E-01   1.6728000E+04   8.4270000E+03   2.6300000E+02   8.3000000E+01
  -6.0666667E-01   1.7185000E+04   8.7660000E+03   2.6100000E+02   6.9000000E+01
  -6.0000000E-01   1.7451000E+04   8.7430000E+03   3.0600000E+02   8.9000000E+01
  -5.9333333E-01   1.7547000E+04   8.8380000E+03   2.5200000E+02   8.6000000E+01
  -5.8666667E-01   1.7816000E+04   8.9250000E+03   3.1100000E+02   8.1000000E+01
  -5.8000000E-01   1.7884000E+04   9.0790000E+03   3.2400000E+02   8.7000000E+01
  -5.7333333E-01   1.8383000E+04   9.1890000E+03   3.2200000E+02   9.0000000E+01
  -5.6666667E-01   1.8660000E+04   9.5630000E+03   3.8500000E+02   9.0000000E+01
  -5.6000000E-01   1.8844000E+04   9.4810000E+03   3.4300000E+02   8.8000000E+01
  -5.5333333E-01   1.9290000E+04   9.6390000E+03   3.9800000E+02   1.2900000E+02
  -5.4666667E-01   1.9050000E+04   1.0036000E+04   4.2500000E+02   1.1500000E+02
  -5.4000000E-01   1.9556000E+04   1.0039000E+04   4.2400000E+02   1.3100000E+02
  -5.3333333E-01   1.9819000E+04   9.9220000E+03   4.4500000E+02   1.0700000E+02
  -5.2666667E-01   1.9761000E+04   1.0080000E+04   4.4100000E+02   1.0700000E+02
  -5.2000000E-01   2.0313000E+04   1.0233000E+04   4.5100000E+02   1.3100000E+02
  -5.1333333E-01   2.0638000E+04   1.0275000E+04   4.9100000E+02   1.2500000E+02
  -5.0666667E-01   2.0867000E+04   1.0606000E+04   4.9700000E+02   1.3400000E+02
  -5.0000000E-01   2.1077000E+04   1.0586000E+04   5.4400000E+02   1.5400000E+02
  -4.9333333E-01   2.1212000E+04   1.0748000E+04   5.5400000E+02   1.3300000E+02
  -4.8666667E-01   2.1523000E+04   1.0895000E+04   6.0700000E+02   1.5500000E+02
  -4.8000000E-01   2.1605000E+04   1.1030000E+04   6.2900000E+02   1.6600000E+02
  -4.7333333E-01   2.1893000E+04   1.1271000E+04   6.3300000E+02   1.6900000E+02
  -4.6666667E-01   2.2133000E+04   1.1377000E+04   6.6000000E+02   2.2700000E+02
  -4.6000000E-01   2.2173000E+04   1.1325000E+04   6.8200000E+02   1.9000000E+02
  -4.5333333E-01   2.2404000E+04   1.1477000E+04   7.7400000E+02   2.1300000E+02
  -4.4666667E-01   2.2876000E+04   1.1359000E+04   7.8100000E+02   2.1900000E+02
  -4.4000000E-01   2.2841000E+04   1.1812000E+04   8.5400000E+02   2.1400000E+02
  -4.3333333E-01   2.3120000E+04   1.1789000E+04   8.9600000E+02   2.3900000E+02
  -4.2666667E-01   2.3227000E+04   1.1729000E+04   8.9500000E+02   2.5000000E+02
  -4.2000000E-01   2.3431000E+04   1.1933000E+04   9.8300000E+02   2.5200000E+02
  -4.1333333E-01   2.3700000E+04   1.2208000E+04   1.0190000E+03   2.9000000E+02
  -4.0666667E-01   2.3507000E+04   1.2496000E+04   1.0800000E+03   3.0200000E+02
  -4.0000000E-01   2.3891000E+04   1.2425000E+04   1.1550000E+03   2.9700000E+02
  -3.9333333E-01   2.3670000E+04   1.2162000E+04   1.1680000E+03   3.6700000E+02
  -3.8666667E-01   2.4050000E+04   1.2337000E+04   1.3070000E+03   3.5000000E+02
  -3.8000000E-01   2.4002000E+04   1.2449000E+04   1.3450000E+03   3.6300000E+02
  -3.7333333E-01   2.3383000E+04   1.2461000E+04   1.4430000E+03   3.4900000E+02
  -3.6666667E-01   2.2738000E+04   1.2509000E+04   1.5350000E+03   4.2800000E+02
  -3.6000000E-01   2.1683000E+04   1.2133000E+04   1.6770000E+03   4.4500000E+02
  -3.5333333E-01   1.9813000E+04   1.1380000E+04   1.8910000E+03   5.6300000E+02
  -3.4666667E-01   1.7125000E+04   1.0380000E+04   2.0560000E+03   6.4600000E+02
  -3.4000000E-01   1.3890000E+04   9.1870000E+03   2.2490000E+03   7.5900000E+02
  -3.3333333E-01   1.0494000E+04   7.4940000E+03   2.3350000E+03   8.8200000E+02
  -3.2666667E-01   7.6300000E+03   5.7850000E+03   2.3780000E+03   9.9600000E+02
  -3.2000000E-01   5.5290000E+03   4.0950000E+03   2.2840000E+03   9.5500000E+02
  -3.1333333E-01   4.1670000E+03   2.9520000E+03   2.1850000E+03   9.8800000E+02
  -3.0666667E-01   3.4710000E+03   2.2090000E+03   2.1880000E+03   1.0070000E+03
  -3.0000000E-01   3.0730000E+03   1.7740000E+03   2.0460000E+03   9.7900000E+02
  -2.9333333E-01   2.8290000E+03   1.4450000E+03   1.9640000E+03   9.0400000E+02
  -2.8666667E-01   2.6170000E+03   1.4710000E+03   1.8200000E+03   9.7000000E+02
  -2.8000000E-01   2.5670000E+03   1.3160000E+03   1.7930000E+03   8.8700000E+02
  -2.7333333E-01   2.3590000E+03   1.2800000E+03   1.6780000E+03   8.7700000E+02
  -2.6666667E-01   2.1890000E+03   1.2210000E+03   1.5260000E+03   8.3400000E+02
  -2.6000000E-01   2.0850000E+03   1.1070000E+03   1.5370000E+03   8.0400000E+02
  -2.5333333E-01   1.9260000E+03   1.0330000E+03   1.4630000E+03   7.5100000E+02
  -2.4666667E-01   1.7510000E+03   9.7100000E+02   1.3680000E+03   7.0700000E+02
  -2.4000000E-01   1.5870000E+03   9.3900000E+02   1.2520000E+03   6.9900000E+02
  -2.3333333E-01   1.4720000E+03   8.3800000E+02   1.1860000E+03   6.2000000E+02
  -2.2666667E-01   1.3460000E+03   7.9000000E+02   1.1330000E+03   6.2000000E+02
  -2.2000000E-01   1.2540000E+03   7.3900000E+02   1.0680000E+03   6.1200000E+02
  -2.1333333E-01   1.1940000E+03   6.4600000E+02   1.0560000E+03   5.6600000E+02
  -2.0666667E-01   1.0700000E+03   6.0200000E+02   9.6400000E+02   5.2300000E+02
  -2.0000000E-01   9.9300000E+02   5.8500000E+02   9.2300000E+02   5.2900000E+02
  -1.9333333E-01   9.3400000E+02   5.5800000E+02   8.8900000E+02   5.0400000E+02
  -1.8666667E-01   9.2100000E+02   5.2800000E+02   8.9600000E+02   4.9300000E+02
  -1.8000000E-01   8.5500000E+02   4.6800000E+02   8.2900000E+02   4.4300000E+02
  -1.7333333E-01   8.4500000E+02   4.3700000E+02   8.3600000E+02   4.2300000E+02
  -1.6666667E-01   8.6700000E+02   4.4700000E+02   8.6000000E+02   4.3200000E+02
  -1.6000000E-01   8.3400000E+02   4.5200000E+02   8.2100000E+02   4.4000000E+02
  -1.5333333E-01   7.9400000E+02   4.0300000E+02   7.8900000E+02   3.9600000E+02
  -1.4666667E-01   7.4500000E+02   4.9400000E+02   7.4100000E+02   4.8200000E+02
  -1.4000000E-01   8.6900000E+02   4.2100000E+02   8.6400000E+02   4.1900000E+02
  -1.3333333E-01   9.0100000E+02   4.9900000E+02   8.9700000E+02   4.9600000E+02
  -1.2666667E-01   8.6700000E+02   4.7700000E+02   8.6100000E+02   4.7700000E+02
  -1.2000000E-01   8.9400000E+02   4.8800000E+02   8.9300000E+02   4.8600000E+02
  -1.1333333E-01   9.1400000E+02   5.1500000E+02   9.1100000E+02   5.1100000E+02
  -1.0666667E-01   9.7300000E+02   5.3200000E+02   9.6700000E+02   5.2800000E+02
  -1.0000000E-01   1.0760000E+03   5.8700000E+02   1.0670000E+03   5.8500000E+02
  -9.3333333E-02   1.1730000E+03   6.8400000E+02   1.1650000E+03   6.7800000E+02
  -8.6666667E-02   1.2790000E+03   7.0700000E+02   1.2760000E+03   7.0400000E+02
  -8.0000000E-02   1.4300000E+03   8.0000000E+02   1.4130000E+03   7.8400000E+02
  -7.3333333E-02   1.6040000E+03   9.8800000E+02   1.5880000E+03   9.7400000E+02
  -6.6666667E-02   1.7830000E+03   1.0670000E+03   1.7670000E+03   1.0420000E+03
  -6.0000000E-02   2.0720000E+03   1.1980000E+03   2.0430000E+03   1.1750000E+03
  -5.3333333E-02   2.3720000E+03   1.3310000E+03   2.3340000E+03   1.3000000E+03
  -4.6666667E-02   2.8170000E+03   1.5300000E+03   2.7580000E+03   1.4990000E+03
  -4.0000000E-02   3.2170000E+03   1.7510000E+03   3.1500000E+03   1.7030000E+03
  -3.3333333E-02   3.6350000E+03   2.0710000E+03   3.5410000E+03   2.0120000E+03
  -2.6666667E-02   4.0460000E+03   2.3190000E+03   3.9600000E+03   2.2590000E+03
  -2.0000000E-02   4.5850000E+03   2.5300000E+03   4.4750000E+03   2.4430000E+03
  -1.3333333E-02   5.1940000E+03   3.0460000E+03   5.0490000E+03   2.9630000E+03
  -6.6666667E-03   5.9100000E+03   3.2790000E+03   5.7520000E+03   3.1730000E+03
   0.0000000E+00   6.6340000E+03   3.9270000E+03   6.4330000E+03   3.8050000E+03
   6.6666667E-03   7.5770000E+03   4.2800000E+03   7.3410000E+03   4.1340000E+03
   1.3333333E-02   8.6300000E+03   4.9010000E+03   8.3860000E+03   4.7590000E+03
   2.0000000E-02   9.8290000E+03   5.7630000E+03   9.5230000E+03   5.5910000E+03
   2.6666667E-02   1.1399000E+04   6.9210000E+03   1.1069000E+04   6.7230000E+03
   3.3333333E-02   1.3361000E+04   8.5170000E+03   1.3010000E+04   8.2900000E+03
   4.0000000E-02   1.6444000E+04   1.0369000E+04   1.6030000E+04   1.0069000E+04
   4.6666667E-02   2.0523000E+04   1.2816000E+04   2.0007000E+04   1.2480000E+04
   5.3333333E-02   2.5559000E+04   1.5862000E+04   2.4895000E+04   1.5314000E+04
   6.0000000E-02   3.1748000E+04   1.8992000E+04   3.0769000E+04   1.8233000E+04
   6.6666667E-02   3.7768000E+04   2.2486000E+04   3.6328000E+04   2.1440000E+04
   7.3333333E-02   4.4189000E+04   2.5394000E+04   4.2253000E+04   2.3987000E+04
   8.0000000E-02   5.0365000E+04   2.8460000E+04   4.7808000E+04   2.6582000E+04
   8.6666667E-02   5.6790000E+04   3.1666000E+04   5.3360000E+04   2.9257000E+04
   9.3333333E-02   6.3126000E+04   3.4286000E+04   5.8777000E+04   3.1365000E+04
   1.0000000E-01   6.9507000E+04   3.7100000E+04   6.4021000E+04   3.3588000E+04
   1.0666667E-01   7.4396000E+04   3.9527000E+04   6.7853000E+04   3.5334000E+04
   1.1333333E-01   7.8685000E+04   4.1721000E+04   7.0794000E+04   3.6970000E+04
   1.2000000E-01   8.3283000E+04   4.3394000E+04   7.4470000E+04   3.8037000E+04
   1.2666667E-01   8.7451000E+04   4.5208000E+04   7.7289000E+04   3.9207000E+04
   1.3333333E-01   9.0888000E+04   4.7218000E+04   7.9757000E+04   4.0394000E+04
   1.4000000E-01   9.4233000E+04   4.8549000E+04   8.1753000E+04   4.1399000E+04
   1.4666667E-01   9.7299000E+04   4.9433000E+04   8.3737000E+04   4.1637000E+04
   1.5333333E-01   9.9950000E+04   5.0330000E+04   8.5213000E+04   4.2068000E+04
   1.6000000E-01   1.0159100E+05   5.0855000E+04   8.5858000E+04   4.1784000E+04
   1.6666667E-01   1.0246200E+05   5.0944000E+04   8.5360000E+04   4.1477000E+04
   1.7333333E-01   1.0317200E+05   5.1058000E+04   8.5178000E+04   4.0982000E+04
   1.8000000E-01   1.0334800E+05   5.1146000E+04   8.4183000E+04   4.0443000E+04
   1.8666667E-01   1.0333100E+05   5.0540000E+04   8.3494000E+04   3.9334000E+04
   1.9333333E-01   1.0216600E+05   4.9749000E+04   8.0929000E+04   3.8252000E+04
   2.0000000E-01   1.0093000E+05   4.8434000E+04   7.8961000E+04   3.6599000E+04
   2.0666667E-01   9.9059000E+04   4.7327000E+04   7.6434000E+04   3.4939000E+04
   2.1333333E-01   9.6629000E+04   4.6228000E+04   7.2826000E+04   3.3390000E+04
   2.2000000E-01   9.3208000E+04   4.3907000E+04   6.8986000E+04   3.0921000E+04
   2.2666667E-01   9.0424000E+04   4.2021000E+04   6.5459000E+04   2.8616000E+04
   2.3333333E-01   8.6185000E+04   3.9666000E+04   6.0670000E+04   2.6165000E+04
   2.4000000E-01   8.1717000E+04   3.7233000E+04   5.5781000E+04   2.3389000E+04
   2.4666667E-01   7.6410000E+04   3.4363000E+04   4.9659000E+04   2.0269000E+04
   2.5333333E-01   7.0954000E+04   3.1124000E+04   4.3891000E+04   1.6977000E+04
   2.6000000E-01   6.4543000E+04   2.8201000E+04   3.7300000E+04   1.4107000E+04
   2.6666667E-01   5.8741000E+04   2.5734000E+04   3.1279000E+04   1.1493000E+04
   2.7333333E-01   5.3249000E+04   2.3227000E+04   2.5777000E+04   9.3220000E+03
   2.8000000E-01   4.8777000E+04   2.1720000E+04   2.1337000E+04   7.5660000E+03
   2.8666667E-01   4.5470000E+04   2.0143000E+04   1.8100000E+04   6.0540000E+03
   2.9333333E-01   4.2078000E+04   1.8785000E+04   1.4781000E+04   4.7810000E+03
   3.0000000E-01   3.9789000E+04   1.8225000E+04   1.2648000E+04   4.1470000E+03
   3.0666667E-01   3.8274000E+04   1.7238000E+04   1.0863000E+04   3.3730000E+03
   3.1333333E-01   3.6183000E+04   1.6756000E+04   9.2220000E+03   2.8290000E+03
   3.2000000E-01   3.5202000E+04   1.6223000E+04   8.1480000E+03   2.3910000E+03
   3.2666667E-01   3.3611000E+04   1.5538000E+04   7.1070000E+03   1.9430000E+03
   3.3333333E-01   3.2852000E+04   1.5045000E+04   6.2100000E+03   1.6340000E+03
   3.4000000E-01   3.1540000E+04   1.4672000E+04   5.4530000E+03   1.3280000E+03
   3.4666667E-01   3.0985000E+04   1.4441000E+04   4.8370000E+03   1.2240000E+03
   3.5333333E-01   3.0105000E+04   1.4251000E+04   4.3840000E+03   1.0860000E+03
   3.6000000E-01   2.9556000E+04   1.4192000E+04   3.9620000E+03   1.0350000E+03
   3.6666667E-01   2.9453000E+04   1.4152000E+04   3.7500000E+03   9.3700000E+02
   3.7333333E-01   2.8751000E+04   1.3654000E+04   3.4570000E+03   8.6400000E+02
   3.8000000E-01   2.8730000E+04   1.3601000E+04   3.3010000E+03   7.7700000E+02
   3.8666667E-01   2.8125000E+04   1.3444000E+04   3.0060000E+03   7.1600000E+02
   3.9333333E-01   2.7467000E+04   1.3325000E+04   2.8710000E+03   6.8700000E+02
   4.0000000E-01   2.7307000E+04   1.3021000E+04   2.7280000E+03   6.2700000E+02
   4.0666667E-01   2.6844000E+04   1.2909000E+04   2.5090000E+03   6.1400000E+02
   4.1333333E-01   2.6598000E+04   1.2954000E+04   2.4220000E+03   5.9000000E+02
   4.2000000E-01   2.6006000E+04   1.2603000E+04   2.1930000E+03   5.5500000E+02
   4.2666667E-01   2.5889000E+04   1.2339000E+04   2.1090000E+03   5.2300000E+02
   4.3333333E-01   2.5680000E+04   1.2302000E+04   1.9810000E+03   4.7600000E+02
   4.4000000E-01   2.5038000E+04   1.2140000E+04   1.8060000E+03   4.9100000E+02
   4.4666667E-01   2.4581000E+04   1.2004000E+04   1.7820000E+03   4.5600000E+02
   4.5333333E-01   2.3931000E+04   1.1886000E+04   1.6890000E+03   3.9700000E+02
   4.6000000E-01   2.3835000E+04   1.1622000E+04   1.4880000E+03   3.9200000E+02
   4.6666667E-01   2.3720000E+04   1.1688000E+04   1.4800000E+03   3.5400000E+02
   4.7333333E-01   2.3255000E+04   1.1364000E+04   1.3950000E+03   3.2200000E+02
   4.8000000E-01   2.2960000E+04   1.1302000E+04   1.3340000E+03   3.2800000E+02
   4.8666667E-01   2.2809000E+04   1.1247000E+04   1.2710000E+03   3.0900000E+02
   4.9333333E-01   2.2246000E+04   1.1056000E+04   1.0850000E+03   2.9100000E+02
   5.0000000E-01   2.1897000E+04   1.0859000E+04   1.0880000E+03   2.7200000E+02
   5.0666667E-01   2.1876000E+04   1.0646000E+04   1.0320000E+03   2.5700000E+02
   5.1333333E-01   2.1129000E+04   1.0932000E+04   9.6200000E+02   2.5700000E+02
   5.2000000E-01   2.1325000E+04   1.0312000E+04   8.8200000E+02   2.4400000E+02
   5.2666667E-01   2.0791000E+04   1.0249000E+04   8.2500000E+02   2.0600000E+02
   5.3333333E-01   2.0429000E+04   9.9870000E+03   8.0100000E+02   1.8700000E+02
   5.4000000E-01   2.0103000E+04   1.0046000E+04   7.4300000E+02   2.0400000E+02
   5.4666667E-01   1.9840000E+04   9.6810000E+03   7.4000000E+02   1.6600000E+02
   5.5333333E-01   1.9524000E+04   9.5990000E+03   6.6300000E+02   1.6600000E+02
   5.6000000E-01   1.9449000E+04   9.8000000E+03   6.6700000E+02   1.7000000E+02
   5.6666667E-01   1.8895000E+04   9.3800000E+03   6.1700000E+02   1.6800000E+02
   5.7333333E-01   1.8840000E+04   9.4360000E+03   5.6700000E+02   1.4500000E+02
   5.8000000E-01   1.8395000E+04   9.1100000E+03   5.4100000E+02   1.3200000E+02
   5.8666667E-01   1.8000000E+04   9.0130000E+03   5.5500000E+02   1.2500000E+02
   5.9333333E-01   1.8247000E+04   8.9410000E+03   5.4900000E+02   1.3100000E+02
   6.0000000E-01   1.7714000E+04   8.6310000E+03   4.6700000E+02   1.1300000E+02
   6.0666667E-01   1.7366000E+04   8.7620000E+03   5.1300000E+02   1.3000000E+02
   6.1333333E-01   1.7067000E+04   8.3860000E+03   4.1700000E+02   1.0300000E+02
   6.2000000E-01   1.6780000E+04   8.2490000E+03   4.2600000E+02   9.2000000E+01
   6.2666667E-01   1.6602000E+04   8.1900000E+03   4.1700000E+02   9.6000000E+01
   6.3333333E-01   1.6047000E+04   8.1590000E+03   3.6200000E+02   1.0800000E+02
   6.4000000E-01   1.5828000E+04   8.0910000E+03   3.5800000E+02   1.0200000E+02
   6.4666667E-01   1.5759000E+04   7.8230000E+03   3.5500000E+02   7.8000000E+01
   6.5333333E-01   1.5376000E+04   7.8300000E+03   3.4000000E+02   9.0000000E+01
   6.6000000E-01   1.5193000E+04   7.6550000E+03   3.2800000E+02   8.6000000E+01
   6.6666667E-01   1.5056000E+04   7.4110000E+03   3.0800000E+02   6.8000000E+01
   6.7333333E-01   1.4667000E+04   7.3950000E+03   3.2700000E+02   7.2000000E+01
   6.8000000E-01   1.4458000E+04   7.2280000E+03   2.7700000E+02   7.7000000E+01
   6.8666667E-01   1.4191000E+04   7.0950000E+03   3.0300000E+02   7.5000000E+01
   6.9333333E-01   1.4118000E+04   7.0610000E+03   2.7300000E+02   6.7000000E+01
   7.0000000E-01   1.3705000E+04   6.7410000E+03   2.8100000E+02   6.6000000E+01
   7.0666667E-01   1.3529000E+04   6.8700000E+03   2.4700000E+02   6.2000000E+01
   7.1333333E-01   1.3273000E+04   6.7950000E+03   2.2200000E+02   6.6000000E+01
   7.2000000E-01   1.2817000E+04   6.5250000E+03   2.1300000E+02   5.7000000E+01
   7.2666667E-01   1.2723000E+04   6.4950000E+03   2.4600000E+02   5.4000000E+01
   7.3333333E-01   1.2621000E+04   6.3530000E+03   2.1500000E+02   5.8000000E+01
   7.4000000E-01   1.2325000E+04   6.1500000E+03   2.0700000E+02   5.4000000E+01
   7.4666667E-01   1.2018000E+04   5.9900000E+03   2.0800000E+02   6.1000000E+01
   7.5333333E-01   1.1901000E+04   5.9990000E+03   1.9000000E+02   5.0000000E+01
   7.6000000E-01   1.1503000E+04   5.7550000E+03   2.1800000E+02   4.6000000E+01
   7.6666667E-01   1.1400000E+04   5.7170000E+03   1.8700000E+02   5.0000000E+01
   7.7333333E-01   1.1279000E+04   5.7390000E+03   1.9300000E+02   4.8000000E+01
   7.8000000E-01   1.1045000E+04   5.3810000E+03   1.6400000E+02   4.4000000E+01
   7.8666667E-01   1.0619000E+04   5.3590000E+03   1.5400000E+02   4.0000000E+01
   7.9333333E-01   1.0627000E+04   5.3040000E+03   1.4200000E+02   3.7000000E+01
   8.0000000E-01   1.0413000E+04   5.2070000E+03   1.5500000E+02   3.6000000E+01
   8.0666667E-01   1.0127000E+04   5.0340000E+03   1.6600000E+02   3.3000000E+01
   8.1333333E-01   1.0053000E+04   5.1010000E+03   1.3500000E+02   4.4000000E+01
   8.2000000E-01   9.6810000E+03   4.8850000E+03   1.4700000E+02   3.6000000E+01
   8.2666667E-01   9.6440000E+03   4.8170000E+03   1.3200000E+02   2.9000000E+01
   8.3333333E-01   9.4160000E+03   4.6760000E+03   1.2600000E+02   2.9000000E+01
   8.4000000E-01   9.1460000E+03   4.6140000E+03   1.1900000E+02   3.4000000E+01
   8.4666667E-01   9.1520000E+03   4.5450000E+03   1.2100000E+02   3.6000000E+01
   8.5333333E-01   8.7860000E+03   4.3920000E+03   1.2000000E+02   3.5000000E+01
   8.6000000E-01   8.6300000E+03   4.3030000E+03   1.1100000E+02   2.7000000E+01
   8.6666667E-01   8.3680000E+03   4.3810000E+03   1.1700000E+02   1.6000000E+01
   8.7333333E-01   8.2920000E+03   4.1210000E+03   9.6000000E+01   2.4000000E+01
   8.8000000E-01   8.1360000E+03   4.1800000E+03   1.1000000E+02   3.0000000E+01
   8.8666667E-01   7.9660000E+03   3.9170000E+03   9.2000000E+01   3.6000000E+01
   8.9333333E-01   7.8010000E+03   3.8340000E+03   1.2400000E+02   2.3000000E+01
   9.0000000E-01   7.4710000E+03   3.7110000E+03   9.9000000E+01   2.8000000E+01
   9.0666667E-01   7.5510000E+03   3.6010000E+03   1.0600000E+02   3.1000000E+01
   9.1333333E-01   7.2910000E+03   3.6110000E+03   9.1000000E+01   2.5000000E+01
   9.2000000E-01   7.0200000E+03   3.5470000E+03   8.0000000E+01   1.9000000E+01
   9.2666667E-01   6.8700000E+03   3.4090000E+03   8.6000000E+01   1.6000000E+01
   9.3333333E-01   6.7410000E+03   3.4630000E+03   8.8000000E+01   2.0000000E+01
   9.4000000E-01   6.6240000E+03   3.2810000E+03   9.5000000E+01   1.3000000E+01
   9.4666667E-01   6.4910000E+03   3.3240000E+03   8.9000000E+01   1.5000000E+01
   9.5333333E-01   6.4570000E+03   3.1730000E+03   6.7000000E+01   2.6000000E+01
   9.6000000E-01   6.0400000E+03   3.1110000E+03   7.6000000E+01   1.6000000E+01
   9.6666667E-01   6.0540000E+03   3.1070000E+03   8.1000000E+01   1.6000000E+01
   9.7333333E-01   6.0500000E+03   2.9970000E+03   7.9000000E+01   1.6000000E+01
   9.8000000E-01   5.7310000E+03   2.9370000E+03   6.2000000E+01   1.8000000E+01
   9.8666667E-01   5.4730000E+03   2.7540000E+03   6.0000000E+01   7.0000000E+00
   9.9333333E-01   5.4870000E+03   2.7340000E+03   5.4000000E+01   1.4000000E+01
   1.0000000E+00   5.4740000E+03   2.7100000E+03   4.2000000E+01   1.5000000E+01
   1.0066667E+00   5.1720000E+03   2.5830000E+03   5.6000000E+01   1.8000000E+01
   1.0133333E+00   5.0710000E+03   2.5910000E+03   5.4000000E+01   1.6000000E+01
   1.0200000E+00   4.9740000E+03   2.4620000E+03   4.9000000E+01   1.8000000E+01
   1.0266667E+00   4.7000000E+03   2.4540000E+03   4.0000000E+01   2.0000000E+01
   1.0333333E+00   4.6070000E+03   2.4020000E+03   4.0000000E+01   1.6000000E+01
   1.0400000E+00   4.4660000E+03   2.3780000E+03   5.2000000E+01   1.5000000E+01
   1.0466667E+00   4.5540000E+03   2.2860000E+03   5.9000000E+01   1.1000000E+01
   1.0533333E+00   4.1610000E+03   2.1880000E+03   4.7000000E+01   9.0000000E+00
   1.0600000E+00   4.2660000E+03   2.1090000E+03   4.5000000E+01   1.0000000E+01
   1.0666667E+00   4.2100000E+03   2.1160000E+03   4.7000000E+01   1.2000000E+01
   1.0733333E+00   3.9660000E+03   1.9750000E+03   3.3000000E+01   9.0000000E+00
   1.0800000E+00   3.9060000E+03   1.9950000E+03   4.4000000E+01   1.9000000E+01
   1.0866667E+00   3.7230000E+03   1.8250000E+03   4.2000000E+01   6.0000000E+00
   1.0933333E+00   3.6260000E+03   1.7960000E+03   3.4000000E+01   7.0000000E+00
   1.1000000E+00   3.5880000E+03   1.7660000E+03   3.5000000E+01   1.3000000E+01
   1.1066667E+00   3.5470000E+03   1.7150000E+03   3.3000000E+01   8.0000000E+00
   1.1133333E+00   3.3580000E+03   1.6010000E+03   4.1000000E+01   7.0000000E+00
   1.1200000E+00   3.3150000E+03   1.6420000E+03   4.0000000E+01   1.1000000E+01
   1.1266667E+00   3.2190000E+03   1.5800000E+03   3.7000000E+01   1.4000000E+01
   1.1333333E+00   3.0950000E+03   1.5850000E+03   3.5000000E+01   9.0000000E+00
   1.1400000E+00   3.0640000E+03   1.5050000E+03   4.6000000E+01   1.0000000E+01
   1.1466667E+00   2.9770000E+03   1.4660000E+03   2.8000000E+01   4.0000000E+00
   1.1533333E+00   2.8930000E+03   1.4890000E+03   3.7000000E+01   6.0000000E+00
   1.1600000E+00   2.8300000E+03   1.3950000E+03   3.3000000E+01   7.0000000E+00
   1.1666667E+00   2.7250000E+03   1.2710000E+03   1.8000000E+01   6.0000000E+00
   1.1733333E+00   2.6660000E+03   1.3510000E+03   3.3000000E+01   7.0000000E+00
   1.1800000E+00   2.6190000E+03   1.3030000E+03   2.6000000E+01   7.0000000E+00
   1.1866667E+00   2.5710000E+03   1.2640000E+03   1.5000000E+01   3.0000000E+00
   1.1933333E+00   2.5020000E+03   1.2420000E+03   2.3000000E+01   4.0000000E+00
   1.2000000E+00   2.3560000E+03   1.1790000E+03   2.0000000E+01   5.0000000E+00
   1.2066667E+00   2.1940000E+03   1.1080000E+03   2.2000000E+01   2.0000000E+00
   1.2133333E+00   2.2210000E+03   1.0800000E+03   2.2000000E+01   6.0000000E+00
   1.2200000E+00   2.1350000E+03   1.0790000E+03   2.2000000E+01   5.0000000E+00
   1.2266667E+00   2.0070000E+03   1.1000000E+03   2.4000000E+01   1.0000000E+00
   1.2333333E+00   2.0160000E+03   1.0130000E+03   2.0000000E+01   5.0000000E+00
   1.2400000E+00   1.9540000E+03   9.8700000E+02   2.0000000E+01   1.0000000E+01
   1.2466667E+00   1.7980000E+03   9.7500000E+02   1.7000000E+01   5.0000000E+00
   1.2533333E+00   1.8610000E+03   9.4200000E+02   1.6000000E+01   2.0000000E+00
   1.2600000E+00   1.8310000E+03   8.3700000E+02   1.8000000E+01   2.0000000E+00
   1.2666667E+00   1.7260000E+03   8.7200000E+02   1.5000000E+01   3.0000000E+00
   1.2733333E+00   1.6780000E+03   8.3600000E+02   2.4000000E+01   2.0000000E+00
   1.2800000E+00   1.6460000E+03   7.8500000E+02   2.3000000E+01   0.0000000E+00
   1.2866667E+00   1.6120000E+03   7.3800000E+02   1.4000000E+01   3.0000000E+00
   1.2933333E+00   1.5060000E+03   7.1300000E+02   1.5000000E+01   2.0000000E+00
   1.3000000E+00   1.4890000E+03   7.6000000E+02   1.5000000E+01   5.0000000E+00
   1.3066667E+00   1.3890000E+03   7.0900000E+02   1.0000000E+01   4.0000000E+00
   1.3133333E+00   1.3070000E+03   6.6700000E+02   1.6000000E+01   2.0000000E+00
   1.3200000E+00   1.3140000E+03   6.9300000E+02   1.6000000E+01   4.0000000E+00
   1.3266667E+00   1.3080000E+03   6.5800000E+02   1.7000000E+01   2.0000000E+00
   1.3333333E+00   1.1920000E+03   6.5800000E+02   1.0000000E+01   3.0000000E+00
   1.3400000E+00   1.2370000E+03   5.9800000E+02   1.6000000E+01   3.0000000E+00
   1.3466667E+00   1.1780000E+03   5.7300000E+02   1.0000000E+01   0.0000000E+00
   1.3533333E+00   1.1060000E+03   5.5100000E+02   1.1000000E+01   2.0000000E+00
   1.3600000E+00   1.1330000E+03   5.5500000E+02   6.0000000E+00   1.0000000E+00
   1.3666667E+00   1.1260000E+03   5.4800000E+02   1.1000000E+01   4.0000000E+00
   1.3733333E+00   1.0310000E+03   5.3600000E+02   1.2000000E+01   4.0000000E+00
   1.3800000E+00   1.0040000E+03   4.9000000E+02   1.1000000E+01   4.0000000E+00
   1.3866667E+00   9.6800000E+02   5.0400000E+02   1.2000000E+01   2.0000000E+00
   1.3933333E+00   9.5500000E+02   4.7400000E+02   6.0000000E+00   2.0000000E+00
   1.4000000E+00   8.9000000E+02   5.0600000E+02   1.2000000E+01   4.0000000E+00
   1.4066667E+00   9.1000000E+02   4.4600000E+02   9.0000000E+00   2.0000000E+00
   1.4133333E+00   8.1600000E+02   4.3100000E+02   6.0000000E+00   3.0000000E+00
   1.4200000E+00   7.7300000E+02   3.9200000E+02   4.0000000E+00   3.0000000E+00
   1.4266667E+00   7.9900000E+02   3.9600000E+02   1.1000000E+01   0.0000000E+00
   1.4333333E+00   7.4100000E+02   3.8400000E+02   7.0000000E+00   1.0000000E+00
   1.4400000E+00   6.9600000E+02   3.6600000E+02   7.0000000E+00   2.0000000E+00
   1.4466667E+00   6.9400000E+02   3.4300000E+02   3.0000000E+00   3.0000000E+00
   1.4533333E+00   6.5900000E+02   3.2400000E+02   5.0000000E+00   0.0000000E+00
   1.4600000E+00   6.5500000E+02   3.2000000E+02   7.0000000E+00   1.0000000E+00
   1.4666667E+00   6.1900000E+02   3.4100000E+02   7.0000000E+00   0.0000000E+00
   1.4733333E+00   6.2400000E+02   3.0600000E+02   7.0000000E+00   1.0000000E+00
   1.4800000E+00   5.9000000E+02   2.8800000E+02   8.0000000E+00   0.0000000E+00
   1.4866667E+00   5.4200000E+02   2.8800000E+02   8.0000000E+00   0.0000000E+00
   1.4933333E+00   5.4500000E+02   2.6500000E+02   3.0000000E+00   2.0000000E+00
   1.5000000E+00   5.3400000E+02   2.6300000E+02   4.0000000E+00   1.0000000E+00
   1.5066667E+00   5.1800000E+02   2.7100000E+02   6.0000000E+00   2.0000000E+00
   1.5133333E+00   5.0100000E+02   2.3400000E+02   5.0000000E+00   0.0000000E+00
   1.5200000E+00   4.1500000E+02   2.3900000E+02   3.0000000E+00   0.0000000E+00
   1.5266667E+00   4.9500000E+02   2.2200000E+02   4.0000000E+00   2.0000000E+00
   1.5333333E+00   4.2500000E+02   2.3700000E+02   5.0000000E+00   0.0000000E+00
   1.5400000E+00   3.8400000E+02   2.1800000E+02   4.0000000E+00   2.0000000E+00
   1.5466667E+00   4.1000000E+02   2.0800000E+02   3.0000000E+00   2.0000000E+00
   1.5533333E+00   4.0000000E+02   1.9400000E+02   5.0000000E+00   2.0000000E+00
   1.5600000E+00   3.7700000E+02   1.9200000E+02   1.0000000E+00   4.0000000E+00
   1.5666667E+00   3.5500000E+02   1.8000000E+02   2.0000000E+00   1.0000000E+00
   1.5733333E+00   3.7100000E+02   2.0000000E+02   3.0000000E+00   0.0000000E+00
   1.5800000E+00   3.2300000E+02   1.7000000E+02   2.0000000E+00   0.0000000E+00
   1.5866667E+00   3.2200000E+02   1.5900000E+02   4.0000000E+00   0.0000000E+00
   1.5933333E+00   3.0900000E+02   1.2900000E+02   2.0000000E+00   1.0000000E+00
   1.6000000E+00   3.0100000E+02   1.5600000E+02   2.0000000E+00   0.0000000E+00
   1.6066667E+00   2.7500000E+02   1.4100000E+02   2.0000000E+00   0.0000000E+00
   1.6133333E+00   2.7900000E+02   1.3400000E+02   1.0000000E+00   1.0000000E+00
   1.6200000E+00   2.7200000E+02   1.2800000E+02   4.0000000E+00   0.0000000E+00
   1.6266667E+00   2.3900000E+02   1.5200000E+02   5.0000000E+00   1.0000000E+00
   1.6333333E+00   2.3000000E+02   1.1500000E+02   8.0000000E+00   0.0000000E+00
   1.6400000E+00   2.2600000E+02   1.0600000E+02   5.0000000E+00   0.0000000E+00
   1.6466667E+00   2.2000000E+02   1.2700000E+02   1.0000000E+00   0.0000000E+00
   1.6533333E+00   2.3600000E+02   8.5000000E+01   3.0000000E+00   0.0000000E+00
   1.6600000E+00   2.0200000E+02   1.1000000E+02   1.0000000E+00   1.0000000E+00
   1.6666667E+00   2.1100000E+02   7.7000000E+01   2.0000000E+00   0.0000000E+00
   1.6733333E+00   1.5900000E+02   9.0000000E+01   1.0000000E+00   0.0000000E+00
   1.6800000E+00   1.9300000E+02   8.4000000E+01   3.0000000E+00   0.0000000E+00
   1.6866667E+00   1.5600000E+02   8.1000000E+01   2.0000000E+00   0.0000000E+00
   1.6933333E+00   1.6000000E+02   8.9000000E+01   3.0000000E+00   0.0000000E+00
   1.7000000E+00   1.7000000E+02   7.9000000E+01   1.0000000E+00   0.0000000E+00
   1.7066667E+00   1.6100000E+02   8.2000000E+01   1.0000000E+00   0.0000000E+00
   1.7133333E+00   1.3000000E+02   8.1000000E+01   2.0000000E+00   1.0000000E+00
   1.7200000E+00   1.4000000E+02   6.5000000E+01   4.0000000E+00   0.0000000E+00
   1.7266667E+00   1.4200000E+02   6.3000000E+01   3.0000000E+00   0.0000000E+00
   1.7333333E+00   1.1200000E+02   4.7000000E+01   3.0000000E+00   1.0000000E+00
   1.7400000E+00   1.3500000E+02   6.2000000E+01   1.0000000E+00   0.0000000E+00
   1.7466667E+00   1.3100000E+02   6.5000000E+01   1.0000000E+00   0.0000000E+00
   1.7533333E+00   1.2800000E+02   5.2000000E+01   1.0000000E+00   0.0000000E+00
   1.7600000E+00   1.1700000E+02   4.4000000E+01   1.0000000E+00   0.0000000E+00
   1.7666667E+00   1.0700000E+02   4.2000000E+01   1.0000000E+00   0.0000000E+00
   1.7733333E+00   8.9000000E+01   5.4000000E+01   2.0000000E+00   1.0000000E+00
   1.7800000E+00   1.0100000E+02   5.7000000E+01   0.0000000E+00   0.0000000E+00
   1.7866667E+00   8.5000000E+01   3.7000000E+01   3.0000000E+00   0.0000000E+00
   1.7933333E+00   8.5000000E+01   5.9000000E+01   0.0000000E+00   0.0000000E+00
   1.8000000E+00   8.2000000E+01   4.5000000E+01   1.0000000E+00   0.0000000E+00
   1.8066667E+00   8.5000000E+01   3.0000000E+01   0.0000000E+00   0.0000000E+00
   1.8133333E+00   7.4000000E+01   2.8000000E+01   1.0000000E+00   0.0000000E+00
   1.8200000E+00   9.3000000E+01   3.2000000E+01   3.0000000E+00   0.0000000E+00
   1.8266667E+00   8.4000000E+01   3.1000000E+01   0.0000000E+00   0.0000000E+00
   1.8333333E+00   7.2000000E+01   2.5000000E+01   1.0000000E+00   0.0000000E+00
   1.8400000E+00   6.6000000E+01   3.7000000E+01   0.0000000E+00   0.0000000E+00
   1.8466667E+00   5.3000000E+01   2.6000000E+01   0.0000000E+00   0.0000000E+00
   1.8533333E+00   4.6000000E+01   2.8000000E+01   2.0000000E+00   0.0000000E+00
   1.8600000E+00   5.5000000E+01   2.6000000E+01   1.0000000E+00   0.0000000E+00
   1.8666667E+00   4.5000000E+01   2.8000000E+01   2.0000000E+00   0.0000000E+00
   1.8733333E+00   4.6000000E+01   2.5000000E+01   0.0000000E+00   0.0000000E+00
   1.8800000E+00   5.7000000E+01   2.6000000E+01   0.0000000E+00   0.0000000E+00
   1.8866667E+00   4.1000000E+01   2.5000000E+01   1.0000000E+00   0.0000000E+00
   1.8933333E+00   4.2000000E+01   3.4000000E+01   1.0000000E+00   0.0000000E+00
   1.9000000E+00   4.4000000E+01   1.1000000E+01   0.0000000E+00   0.0000000E+00
   1.9066667E+00   3.8000000E+01   2.3000000E+01   2.0000000E+00   0.0000000E+00
   1.9133333E+00   4.2000000E+01   2.6000000E+01   1.0000000E+00   0.0000000E+00
   1.9200000E+00   3.5000000E+01   2.1000000E+01   0.0000000E+00   0.0000000E+00
   1.9266667E+00   3.5000000E+01   1.9000000E+01   1.0000000E+00   0.0000000E+00
   1.9333333E+00   2.9000000E+01   2.4000000E+01   0.0000000E+00   0.0000000E+00
   1.9400000E+00   3.9000000E+01   1.6000000E+01   2.0000000E+00   0.0000000E+00
   1.9466667E+00   3.4000000E+01   1.5000000E+01   2.0000000E+00   0.0000000E+00
   1.9533333E+00   2.2000000E+01   1.2000000E+01   2.0000000E+00   0.0000000E+00
   1.9600000E+00   3.3000000E+01   1.3000000E+01   1.0000000E+00   0.0000000E+00
   1.9666667E+00   3.1000000E+01   9.0000000E+00   0.0000000E+00   0.0000000E+00
   1.9733333E+00   1.9000000E+01   1.1000000E+01   1.0000000E+00   0.0000000E+00
   1.9800000E+00   1.8000000E+01   1.8000000E+01   1.0000000E+00   0.0000000E+00
   1.9866667E+00   2.1000000E+01   1.3000000E+01   0.0000000E+00   0.0000000E+00
   1.9933333E+00   2.1000000E+01   1.1000000E+01   1.0000000E+00   0.0000000E+00
   2.0000000E+00   2.2000000E+01   1.2000000E+01   0.0000000E+00   0.0000000E+00
   2.0066667E+00   2.3000000E+01   1.1000000E+01   0.0000000E+00   0.0000000E+00
   2.0133333E+00   1.6000000E+01   1.1000000E+01   1.0000000E+00   0.0000000E+00
   2.0200000E+00   2.0000000E+01   9.0000000E+00   0.0000000E+00   0.0000000E+00
   2.0266667E+00   2.0000000E+01   1.2000000E+01   0.0000000E+00   0.0000000E+00
   2.0333333E+00   1.6000000E+01   4.0000000E+00   2.0000000E+00   0.0000000E+00
   2.0400000E+00   1.4000000E+01   1.5000000E+01   0.0000000E+00   0.0000000E+00
   2.0466667E+00   1.6000000E+01   9.0000000E+00   1.0000000E+00   0.0000000E+00
   2.0533333E+00   1.1000000E+01   5.0000000E+00   0.0000000E+00   0.0000000E+00
   2.0600000E+00   1.1000000E+01   6.0000000E+00   0.0000000E+00   0.0000000E+00
   2.0666667E+00   8.0000000E+00   8.0000000E+00   0.0000000E+00   0.0000000E+00
   2.0733333E+00   1.8000000E+01   8.0000000E+00   2.0000000E+00   0.0000000E+00
   2.0800000E+00   7.0000000E+00   3.0000000E+00   0.0000000E+00   0.0000000E+00
   2.0866667E+00   1.2000000E+01   3.0000000E+00   1.0000000E+00   0.0000000E+00
   2.0933333E+00   8.0000000E+00   3.0000000E+00   0.0000000E+00   0.0000000E+00
   2.1000000E+00   8.0000000E+00   4.0000000E+00   0.0000000E+00   0.0000000E+00
   2.1066667E+00   8.0000000E+00   1.1000000E+01   0.0000000E+00   0.0000000E+00
   2.1133333E+00   6.0000000E+00   4.0000000E+00   0.0000000E+00   0.0000000E+00
   2.1200000E+00   3.0000000E+00   4.0000000E+00   0.0000000E+00   0.0000000E+00
   2.1266667E+00   2.0000000E+00   3.0000000E+00   1.0000000E+00   0.0000000E+00
   2.1333333E+00   9.0000000E+00   1.0000000E+00   0.0000000E+00   0.0000000E+00
   2.1400000E+00   4.0000000E+00   3.0000000E+00   1.0000000E+00   0.0000000E+00
   2.1466667E+00   4.0000000E+00   5.0000000E+00   0.0000000E+00   0.0000000E+00
   2.1533333E+00   4.0000000E+00   5.0000000E+00   1.0000000E+00   0.0000000E+00
   2.1600000E+00   6.0000000E+00   0.0000000E+00   1.0000000E+00   0.0000000E+00
   2.1666667E+00   2.0000000E+00   2.0000000E+00   1.0000000E+00   0.0000000E+00
   2.1733333E+00   1.0000000E+00   3.0000000E+00   0.0000000E+00   0.0000000E+00
   2.1800000E+00   6.0000000E+00   1.0000000E+00   0.0000000E+00   0.0000000E+00
   2.1866667E+00   5.0000000E+00   1.0000000E+00   0.0000000E+00   0.0000000E+00
   2.1933333E+00   3.0000000E+00   3.0000000E+00   0.0000000E+00   0.0000000E+00
   2.2000000E+00   2.0000000E+00   1.0000000E+00   0.0000000E+00   0.0000000E+00
   2.2066667E+00   0.0000000E+00   1.0000000E+00   0.0000000E+00   0.0000000E+00
   2.2133333E+00   3.0000000E+00   1.0000000E+00   1.0000000E+00   0.0000000E+00
   2.2200000E+00   4.0000000E+00   1.0000000E+00   0.0000000E+00   0.0000000E+00
   2.2266667E+00   1.0000000E+00   2.0000000E+00   0.0000000E+00   0.0000000E+00
   2.2333333E+00   6.0000000E+00   4.0000000E+00   1.0000000E+00   0.0000000E+00
   2.2400000E+00   2.0000000E+00   2.0000000E+00   0.0000000E+00   0.0000000E+00
   2.2466667E+00   1.0000000E+00   1.0000000E+00   0.0000000E+00   0.0000000E+00
   2.2533333E+00   1.0000000E+00   2.0000000E+00   1.0000000E+00   0.0000000E+00
   2.2600000E+00   0.0000000E+00   0.0000000E+00   0.0000000E+00   0.0000000E+00
   2.2666667E+00   0.0000000E+00   1.0000000E+00   0.0000000E+00   0.0000000E+00
   2.2733333E+00   0.0000000E+00   1.0000000E+00   0.0000000E+00   0.0000000E+00
   2.2800000E+00   1.0000000E+00   0.0000000E+00   0.0000000E+00   0.0000000E+00
   2.2866667E+00   0.0000000E+00   2.0000000E+00   0.0000000E+00   0.0000000E+00
   2.2933333E+00   0.0000000E+00   1.0000000E+00   0.0000000E+00   0.0000000E+00
   2.3000000E+00   0.0000000E+00   1.0000000E+00   0.0000000E+00   0.0000000E+00
   2.3066667E+00   0.0000000E+00   2.0000000E+00   0.0000000E+00   0.0000000E+00
   2.3133333E+00   1.0000000E+00   0.0000000E+00   0.0000000E+00   0.0000000E+00
   2.3200000E+00   1.0000000E+00   2.0000000E+00   1.0000000E+00   0.0000000E+00
   2.3266667E+00   0.0000000E+00   0.0000000E+00   0.0000000E+00   0.0000000E+00
   2.3333333E+00   0.0000000E+00   0.0000000E+00   0.0000000E+00   0.0000000E+00
   2.3400000E+00   0.0000000E+00   0.0000000E+00   0.0000000E+00   0.0000000E+00
   2.3466667E+00   0.0000000E+00   0.0000000E+00   0.0000000E+00   0.0000000E+00
   2.3533333E+00   0.0000000E+00   1.0000000E+00   0.0000000E+00   0.0000000E+00
   2.3600000E+00   0.0000000E+00   0.0000000E+00   0.0000000E+00   0.0000000E+00
   2.3666667E+00   0.0000000E+00   1.0000000E+00   0.0000000E+00   0.0000000E+00
   2.3733333E+00   0.0000000E+00   1.0000000E+00   0.0000000E+00   0.0000000E+00
   2.3800000E+00   0.0000000E+00   1.0000000E+00   0.0000000E+00   0.0000000E+00
   2.3866667E+00   0.0000000E+00   0.0000000E+00   0.0000000E+00   0.0000000E+00
   2.3933333E+00   0.0000000E+00   0.0000000E+00   0.0000000E+00   0.0000000E+00
   2.4000000E+00   0.0000000E+00   2.0000000E+00   0.0000000E+00   0.0000000E+00
   2.4066667E+00   0.0000000E+00   0.0000000E+00   0.0000000E+00   0.0000000E+00
   2.4133333E+00   0.0000000E+00   1.0000000E+00   0.0000000E+00   0.0000000E+00
   2.4200000E+00   0.0000000E+00   0.0000000E+00   0.0000000E+00   0.0000000E+00
   2.4266667E+00   0.0000000E+00   0.0000000E+00   0.0000000E+00   0.0000000E+00
   2.4333333E+00   0.0000000E+00   0.0000000E+00   0.0000000E+00   0.0000000E+00
   2.4400000E+00   0.0000000E+00   0.0000000E+00   0.0000000E+00   0.0000000E+00
   2.4466667E+00   0.0000000E+00   0.0000000E+00   0.0000000E+00   0.0000000E+00
   2.4533333E+00   0.0000000E+00   0.0000000E+00   0.0000000E+00   0.0000000E+00
   2.4600000E+00   0.0000000E+00   0.0000000E+00   0.0000000E+00   0.0000000E+00
   2.4666667E+00   0.0000000E+00   1.0000000E+00   0.0000000E+00   0.0000000E+00
   2.4733333E+00   0.0000000E+00   0.0000000E+00   0.0000000E+00   0.0000000E+00
   2.4800000E+00   0.0000000E+00   0.0000000E+00   0.0000000E+00   0.0000000E+00
   2.4866667E+00   0.0000000E+00   0.0000000E+00   0.0000000E+00   0.0000000E+00
   2.4933333E+00   1.0000000E+00   0.0000000E+00   1.0000000E+00   0.0000000E+00
   2.5000000E+00   0.0000000E+00   0.0000000E+00   0.0000000E+00   0.0000000E+00
   2.5066667E+00   0.0000000E+00   0.0000000E+00   0.0000000E+00   0.0000000E+00
   2.5133333E+00   0.0000000E+00   0.0000000E+00   0.0000000E+00   0.0000000E+00
   2.5200000E+00   0.0000000E+00   0.0000000E+00   0.0000000E+00   0.0000000E+00
   2.5266667E+00   1.0000000E+00   0.0000000E+00   1.0000000E+00   0.0000000E+00
   2.5333333E+00   0.0000000E+00   0.0000000E+00   0.0000000E+00   0.0000000E+00
   2.5400000E+00   0.0000000E+00   0.0000000E+00   0.0000000E+00   0.0000000E+00
   2.5466667E+00   0.0000000E+00   0.0000000E+00   0.0000000E+00   0.0000000E+00
   2.5533333E+00   0.0000000E+00   0.0000000E+00   0.0000000E+00   0.0000000E+00
   2.5600000E+00   0.0000000E+00   0.0000000E+00   0.0000000E+00   0.0000000E+00
   2.5666667E+00   0.0000000E+00   0.0000000E+00   0.0000000E+00   0.0000000E+00
   2.5733333E+00   1.0000000E+00   0.0000000E+00   1.0000000E+00   0.0000000E+00
   2.5800000E+00   0.0000000E+00   1.0000000E+00   0.0000000E+00   0.0000000E+00
   2.5866667E+00   1.0000000E+00   0.0000000E+00   1.0000000E+00   0.0000000E+00
   2.5933333E+00   0.0000000E+00   0.0000000E+00   0.0000000E+00   0.0000000E+00
   2.6000000E+00   0.0000000E+00   0.0000000E+00   0.0000000E+00   0.0000000E+00
   2.6066667E+00   0.0000000E+00   0.0000000E+00   0.0000000E+00   0.0000000E+00
   2.6133333E+00   1.0000000E+00   0.0000000E+00   1.0000000E+00   0.0000000E+00
   2.6200000E+00   0.0000000E+00   0.0000000E+00   0.0000000E+00   0.0000000E+00
   2.6266667E+00   0.0000000E+00   0.0000000E+00   0.0000000E+00   0.0000000E+00
   2.6333333E+00   1.0000000E+00   0.0000000E+00   1.0000000E+00   0.0000000E+00
   2.6400000E+00   1.0000000E+00   0.0000000E+00   1.0000000E+00   0.0000000E+00
   2.6466667E+00   2.0000000E+00   0.0000000E+00   2.0000000E+00   0.0000000E+00
   2.6533333E+00   2.0000000E+00   0.0000000E+00   2.0000000E+00   0.0000000E+00
   2.6600000E+00   1.0000000E+00   0.0000000E+00   1.0000000E+00   0.0000000E+00
   2.6666667E+00   1.0000000E+00   0.0000000E+00   1.0000000E+00   0.0000000E+00
   2.6733333E+00   2.0000000E+00   0.0000000E+00   2.0000000E+00   0.0000000E+00
   2.6800000E+00   0.0000000E+00   0.0000000E+00   0.0000000E+00   0.0000000E+00
   2.6866667E+00   3.0000000E+00   0.0000000E+00   3.0000000E+00   0.0000000E+00
   2.6933333E+00   1.0000000E+00   0.0000000E+00   1.0000000E+00   0.0000000E+00
   2.7000000E+00   0.0000000E+00   0.0000000E+00   0.0000000E+00   0.0000000E+00
   2.7066667E+00   3.0000000E+00   0.0000000E+00   3.0000000E+00   0.0000000E+00
   2.7133333E+00   2.0000000E+00   0.0000000E+00   2.0000000E+00   0.0000000E+00
   2.7200000E+00   1.0000000E+00   0.0000000E+00   1.0000000E+00   0.0000000E+00
   2.7266667E+00   1.0000000E+00   0.0000000E+00   1.0000000E+00   0.0000000E+00
   2.7333333E+00   3.0000000E+00   0.0000000E+00   3.0000000E+00   0.0000000E+00
   2.7400000E+00   1.0000000E+00   0.0000000E+00   1.0000000E+00   0.0000000E+00
   2.7466667E+00   1.0000000E+00   0.0000000E+00   1.0000000E+00   0.0000000E+00
   2.7533333E+00   1.0000000E+00   0.0000000E+00   1.0000000E+00   0.0000000E+00
   2.7600000E+00   3.0000000E+00   0.0000000E+00   3.0000000E+00   0.0000000E+00
   2.7666667E+00   2.0000000E+00   0.0000000E+00   2.0000000E+00   0.0000000E+00
   2.7733333E+00   0.0000000E+00   0.0000000E+00   0.0000000E+00   0.0000000E+00
   2.7800000E+00   2.0000000E+00   0.0000000E+00   2.0000000E+00   0.0000000E+00
   2.7866667E+00   0.0000000E+00   0.0000000E+00   0.0000000E+00   0.0000000E+00
   2.7933333E+00   1.0000000E+00   0.0000000E+00   1.0000000E+00   0.0000000E+00
   2.8000000E+00   1.0000000E+00   0.0000000E+00   1.0000000E+00   0.0000000E+00
   2.8066667E+00   1.0000000E+00   0.0000000E+00   1.0000000E+00   0.0000000E+00
   2.8133333E+00   1.0000000E+00   0.0000000E+00   1.0000000E+00   0.0000000E+00
   2.8200000E+00   0.0000000E+00   0.0000000E+00   0.0000000E+00   0.0000000E+00
   2.8266667E+00   1.0000000E+00   0.0000000E+00   1.0000000E+00   0.0000000E+00
   2.8333333E+00   2.0000000E+00   0.0000000E+00   2.0000000E+00   0.0000000E+00
   2.8400000E+00   2.0000000E+00   0.0000000E+00   2.0000000E+00   0.0000000E+00
   2.8466667E+00   1.0000000E+00   0.0000000E+00   1.0000000E+00   0.0000000E+00
   2.8533333E+00   0.0000000E+00   0.0000000E+00   0.0000000E+00   0.0000000E+00
   2.8600000E+00   3.0000000E+00   0.0000000E+00   3.0000000E+00   0.0000000E+00
   2.8666667E+00   1.0000000E+00   0.0000000E+00   1.0000000E+00   0.0000000E+00
   2.8733333E+00   2.0000000E+00   0.0000000E+00   2.0000000E+00   0.0000000E+00
   2.8800000E+00   0.0000000E+00   0.0000000E+00   0.0000000E+00   0.0000000E+00
   2.8866667E+00   1.0000000E+00   0.0000000E+00   1.0000000E+00   0.0000000E+00
   2.8933333E+00   0.0000000E+00   0.0000000E+00   0.0000000E+00   0.0000000E+00
   2.9000000E+00   0.0000000E+00   0.0000000E+00   0.0000000E+00   0.0000000E+00
   2.9066667E+00   1.0000000E+00   0.0000000E+00   1.0000000E+00   0.0000000E+00
   2.9133333E+00   0.0000000E+00   0.0000000E+00   0.0000000E+00   0.0000000E+00
   2.9200000E+00   0.0000000E+00   0.0000000E+00   0.0000000E+00   0.0000000E+00
   2.9266667E+00   0.0000000E+00   0.0000000E+00   0.0000000E+00   0.0000000E+00
   2.9333333E+00   0.0000000E+00   0.0000000E+00   0.0000000E+00   0.0000000E+00
   2.9400000E+00   0.0000000E+00   0.0000000E+00   0.0000000E+00   0.0000000E+00
   2.9466667E+00   0.0000000E+00   0.0000000E+00   0.0000000E+00   0.0000000E+00
   2.9533333E+00   0.0000000E+00   0.0000000E+00   0.0000000E+00   0.0000000E+00
   2.9600000E+00   0.0000000E+00   0.0000000E+00   0.0000000E+00   0.0000000E+00
   2.9666667E+00   0.0000000E+00   0.0000000E+00   0.0000000E+00   0.0000000E+00
   2.9733333E+00   0.0000000E+00   0.0000000E+00   0.0000000E+00   0.0000000E+00
   2.9800000E+00   0.0000000E+00   0.0000000E+00   0.0000000E+00   0.0000000E+00
   2.9866667E+00   0.0000000E+00   0.0000000E+00   0.0000000E+00   0.0000000E+00
   2.9933333E+00   0.0000000E+00   0.0000000E+00   0.0000000E+00   0.0000000E+00
   3.0000000E+00   0.0000000E+00   0.0000000E+00   0.0000000E+00   0.0000000E+00
   3.0066667E+00   0.0000000E+00   0.0000000E+00   0.0000000E+00   0.0000000E+00
   3.0133333E+00   0.0000000E+00   0.0000000E+00   0.0000000E+00   0.0000000E+00
   3.0200000E+00   0.0000000E+00   0.0000000E+00   0.0000000E+00   0.0000000E+00
   3.0266667E+00   0.0000000E+00   0.0000000E+00   0.0000000E+00   0.0000000E+00
   3.0333333E+00   0.0000000E+00   0.0000000E+00   0.0000000E+00   0.0000000E+00
   3.0400000E+00   0.0000000E+00   0.0000000E+00   0.0000000E+00   0.0000000E+00
   3.0466667E+00   0.0000000E+00   0.0000000E+00   0.0000000E+00   0.0000000E+00
   3.0533333E+00   0.0000000E+00   0.0000000E+00   0.0000000E+00   0.0000000E+00
   3.0600000E+00   0.0000000E+00   0.0000000E+00   0.0000000E+00   0.0000000E+00
   3.0666667E+00   0.0000000E+00   0.0000000E+00   0.0000000E+00   0.0000000E+00
   3.0733333E+00   0.0000000E+00   0.0000000E+00   0.0000000E+00   0.0000000E+00
   3.0800000E+00   0.0000000E+00   0.0000000E+00   0.0000000E+00   0.0000000E+00
   3.0866667E+00   0.0000000E+00   0.0000000E+00   0.0000000E+00   0.0000000E+00
   3.0933333E+00   0.0000000E+00   0.0000000E+00   0.0000000E+00   0.0000000E+00
   3.1000000E+00   0.0000000E+00   0.0000000E+00   0.0000000E+00   0.0000000E+00
   3.1066667E+00   0.0000000E+00   0.0000000E+00   0.0000000E+00   0.0000000E+00
   3.1133333E+00   0.0000000E+00   0.0000000E+00   0.0000000E+00   0.0000000E+00
   3.1200000E+00   0.0000000E+00   0.0000000E+00   0.0000000E+00   0.0000000E+00
   3.1266667E+00   0.0000000E+00   0.0000000E+00   0.0000000E+00   0.0000000E+00
   3.1333333E+00   0.0000000E+00   0.0000000E+00   0.0000000E+00   0.0000000E+00
   3.1400000E+00   0.0000000E+00   0.0000000E+00   0.0000000E+00   0.0000000E+00
   3.1466667E+00   0.0000000E+00   0.0000000E+00   0.0000000E+00   0.0000000E+00
   3.1533333E+00   0.0000000E+00   0.0000000E+00   0.0000000E+00   0.0000000E+00
   3.1600000E+00   0.0000000E+00   0.0000000E+00   0.0000000E+00   0.0000000E+00
   3.1666667E+00   0.0000000E+00   0.0000000E+00   0.0000000E+00   0.0000000E+00
   3.1733333E+00   0.0000000E+00   0.0000000E+00   0.0000000E+00   0.0000000E+00
   3.1800000E+00   0.0000000E+00   0.0000000E+00   0.0000000E+00   0.0000000E+00
   3.1866667E+00   0.0000000E+00   0.0000000E+00   0.0000000E+00   0.0000000E+00
   3.1933333E+00   0.0000000E+00   0.0000000E+00   0.0000000E+00   0.0000000E+00
   3.2000000E+00   0.0000000E+00   0.0000000E+00   0.0000000E+00   0.0000000E+00
   3.2066667E+00   0.0000000E+00   0.0000000E+00   0.0000000E+00   0.0000000E+00
   3.2133333E+00   0.0000000E+00   0.0000000E+00   0.0000000E+00   0.0000000E+00
   3.2200000E+00   0.0000000E+00   0.0000000E+00   0.0000000E+00   0.0000000E+00
   3.2266667E+00   0.0000000E+00   0.0000000E+00   0.0000000E+00   0.0000000E+00
   3.2333333E+00   0.0000000E+00   0.0000000E+00   0.0000000E+00   0.0000000E+00
   3.2400000E+00   0.0000000E+00   0.0000000E+00   0.0000000E+00   0.0000000E+00
   3.2466667E+00   0.0000000E+00   0.0000000E+00   0.0000000E+00   0.0000000E+00
   3.2533333E+00   0.0000000E+00   0.0000000E+00   0.0000000E+00   0.0000000E+00
   3.2600000E+00   0.0000000E+00   0.0000000E+00   0.0000000E+00   0.0000000E+00
   3.2666667E+00   0.0000000E+00   0.0000000E+00   0.0000000E+00   0.0000000E+00
   3.2733333E+00   0.0000000E+00   0.0000000E+00   0.0000000E+00   0.0000000E+00
   3.2800000E+00   0.0000000E+00   0.0000000E+00   0.0000000E+00   0.0000000E+00
   3.2866667E+00   0.0000000E+00   0.0000000E+00   0.0000000E+00   0.0000000E+00
   3.2933333E+00   0.0000000E+00   0.0000000E+00   0.0000000E+00   0.0000000E+00
   3.3000000E+00   0.0000000E+00   0.0000000E+00   0.0000000E+00   0.0000000E+00
   3.3066667E+00   0.0000000E+00   0.0000000E+00   0.0000000E+00   0.0000000E+00
   3.3133333E+00   0.0000000E+00   0.0000000E+00   0.0000000E+00   0.0000000E+00
   3.3200000E+00   0.0000000E+00   0.0000000E+00   0.0000000E+00   0.0000000E+00
   3.3266667E+00   0.0000000E+00   0.0000000E+00   0.0000000E+00   0.0000000E+00
   3.3333333E+00   0.0000000E+00   0.0000000E+00   0.0000000E+00   0.0000000E+00
   3.3400000E+00   0.0000000E+00   0.0000000E+00   0.0000000E+00   0.0000000E+00
   3.3466667E+00   0.0000000E+00   0.0000000E+00   0.0000000E+00   0.0000000E+00
   3.3533333E+00   0.0000000E+00   0.0000000E+00   0.0000000E+00   0.0000000E+00
   3.3600000E+00   0.0000000E+00   0.0000000E+00   0.0000000E+00   0.0000000E+00
   3.3666667E+00   0.0000000E+00   0.0000000E+00   0.0000000E+00   0.0000000E+00
   3.3733333E+00   0.0000000E+00   0.0000000E+00   0.0000000E+00   0.0000000E+00
   3.3800000E+00   0.0000000E+00   0.0000000E+00   0.0000000E+00   0.0000000E+00
   3.3866667E+00   0.0000000E+00   0.0000000E+00   0.0000000E+00   0.0000000E+00
   3.3933333E+00   0.0000000E+00   0.0000000E+00   0.0000000E+00   0.0000000E+00
   3.4000000E+00   0.0000000E+00   0.0000000E+00   0.0000000E+00   0.0000000E+00
   3.4066667E+00   0.0000000E+00   0.0000000E+00   0.0000000E+00   0.0000000E+00
   3.4133333E+00   0.0000000E+00   0.0000000E+00   0.0000000E+00   0.0000000E+00
   3.4200000E+00   0.0000000E+00   0.0000000E+00   0.0000000E+00   0.0000000E+00
   3.4266667E+00   0.0000000E+00   0.0000000E+00   0.0000000E+00   0.0000000E+00
   3.4333333E+00   0.0000000E+00   0.0000000E+00   0.0000000E+00   0.0000000E+00
   3.4400000E+00   0.0000000E+00   0.0000000E+00   0.0000000E+00   0.0000000E+00
   3.4466667E+00   0.0000000E+00   0.0000000E+00   0.0000000E+00   0.0000000E+00
   3.4533333E+00   0.0000000E+00   0.0000000E+00   0.0000000E+00   0.0000000E+00
   3.4600000E+00   0.0000000E+00   0.0000000E+00   0.0000000E+00   0.0000000E+00
   3.4666667E+00   0.0000000E+00   0.0000000E+00   0.0000000E+00   0.0000000E+00
   3.4733333E+00   0.0000000E+00   0.0000000E+00   0.0000000E+00   0.0000000E+00
   3.4800000E+00   0.0000000E+00   0.0000000E+00   0.0000000E+00   0.0000000E+00
   3.4866667E+00   0.0000000E+00   0.0000000E+00   0.0000000E+00   0.0000000E+00
   3.4933333E+00   0.0000000E+00   0.0000000E+00   0.0000000E+00   0.0000000E+00
   3.5000000E+00   0.0000000E+00   0.0000000E+00   0.0000000E+00   0.0000000E+00
   3.5066667E+00   0.0000000E+00   0.0000000E+00   0.0000000E+00   0.0000000E+00
   3.5133333E+00   0.0000000E+00   0.0000000E+00   0.0000000E+00   0.0000000E+00
   3.5200000E+00   0.0000000E+00   0.0000000E+00   0.0000000E+00   0.0000000E+00
   3.5266667E+00   0.0000000E+00   0.0000000E+00   0.0000000E+00   0.0000000E+00
   3.5333333E+00   0.0000000E+00   0.0000000E+00   0.0000000E+00   0.0000000E+00
   3.5400000E+00   0.0000000E+00   0.0000000E+00   0.0000000E+00   0.0000000E+00
   3.5466667E+00   0.0000000E+00   0.0000000E+00   0.0000000E+00   0.0000000E+00
   3.5533333E+00   0.0000000E+00   0.0000000E+00   0.0000000E+00   0.0000000E+00
   3.5600000E+00   0.0000000E+00   0.0000000E+00   0.0000000E+00   0.0000000E+00
   3.5666667E+00   0.0000000E+00   0.0000000E+00   0.0000000E+00   0.0000000E+00
   3.5733333E+00   0.0000000E+00   0.0000000E+00   0.0000000E+00   0.0000000E+00
   3.5800000E+00   0.0000000E+00   0.0000000E+00   0.0000000E+00   0.0000000E+00
   3.5866667E+00   0.0000000E+00   0.0000000E+00   0.0000000E+00   0.0000000E+00
   3.5933333E+00   0.0000000E+00   0.0000000E+00   0.0000000E+00   0.0000000E+00
   3.6000000E+00   0.0000000E+00   0.0000000E+00   0.0000000E+00   0.0000000E+00
   3.6066667E+00   0.0000000E+00   0.0000000E+00   0.0000000E+00   0.0000000E+00
   3.6133333E+00   0.0000000E+00   0.0000000E+00   0.0000000E+00   0.0000000E+00
   3.6200000E+00   0.0000000E+00   0.0000000E+00   0.0000000E+00   0.0000000E+00
   3.6266667E+00   0.0000000E+00   0.0000000E+00   0.0000000E+00   0.0000000E+00
   3.6333333E+00   0.0000000E+00   0.0000000E+00   0.0000000E+00   0.0000000E+00
   3.6400000E+00   0.0000000E+00   0.0000000E+00   0.0000000E+00   0.0000000E+00
   3.6466667E+00   0.0000000E+00   0.0000000E+00   0.0000000E+00   0.0000000E+00
   3.6533333E+00   0.0000000E+00   0.0000000E+00   0.0000000E+00   0.0000000E+00
   3.6600000E+00   0.0000000E+00   0.0000000E+00   0.0000000E+00   0.0000000E+00
   3.6666667E+00   0.0000000E+00   0.0000000E+00   0.0000000E+00   0.0000000E+00
   3.6733333E+00   0.0000000E+00   0.0000000E+00   0.0000000E+00   0.0000000E+00
   3.6800000E+00   0.0000000E+00   0.0000000E+00   0.0000000E+00   0.0000000E+00
   3.6866667E+00   0.0000000E+00   0.0000000E+00   0.0000000E+00   0.0000000E+00
   3.6933333E+00   0.0000000E+00   0.0000000E+00   0.0000000E+00   0.0000000E+00
   3.7000000E+00   0.0000000E+00   0.0000000E+00   0.0000000E+00   0.0000000E+00
   3.7066667E+00   0.0000000E+00   0.0000000E+00   0.0000000E+00   0.0000000E+00
   3.7133333E+00   0.0000000E+00   0.0000000E+00   0.0000000E+00   0.0000000E+00
   3.7200000E+00   0.0000000E+00   0.0000000E+00   0.0000000E+00   0.0000000E+00
   3.7266667E+00   0.0000000E+00   0.0000000E+00   0.0000000E+00   0.0000000E+00
   3.7333333E+00   0.0000000E+00   0.0000000E+00   0.0000000E+00   0.0000000E+00
   3.7400000E+00   0.0000000E+00   0.0000000E+00   0.0000000E+00   0.0000000E+00
   3.7466667E+00   0.0000000E+00   0.0000000E+00   0.0000000E+00   0.0000000E+00
   3.7533333E+00   0.0000000E+00   0.0000000E+00   0.0000000E+00   0.0000000E+00
   3.7600000E+00   0.0000000E+00   0.0000000E+00   0.0000000E+00   0.0000000E+00
   3.7666667E+00   0.0000000E+00   0.0000000E+00   0.0000000E+00   0.0000000E+00
   3.7733333E+00   0.0000000E+00   0.0000000E+00   0.0000000E+00   0.0000000E+00
   3.7800000E+00   0.0000000E+00   0.0000000E+00   0.0000000E+00   0.0000000E+00
   3.7866667E+00   0.0000000E+00   0.0000000E+00   0.0000000E+00   0.0000000E+00
   3.7933333E+00   0.0000000E+00   0.0000000E+00   0.0000000E+00   0.0000000E+00
   3.8000000E+00   0.0000000E+00   0.0000000E+00   0.0000000E+00   0.0000000E+00
   3.8066667E+00   0.0000000E+00   0.0000000E+00   0.0000000E+00   0.0000000E+00
   3.8133333E+00   0.0000000E+00   0.0000000E+00   0.0000000E+00   0.0000000E+00
   3.8200000E+00   0.0000000E+00   0.0000000E+00   0.0000000E+00   0.0000000E+00
   3.8266667E+00   0.0000000E+00   0.0000000E+00   0.0000000E+00   0.0000000E+00
   3.8333333E+00   0.0000000E+00   0.0000000E+00   0.0000000E+00   0.0000000E+00
   3.8400000E+00   0.0000000E+00   0.0000000E+00   0.0000000E+00   0.0000000E+00
   3.8466667E+00   0.0000000E+00   0.0000000E+00   0.0000000E+00   0.0000000E+00
   3.8533333E+00   0.0000000E+00   0.0000000E+00   0.0000000E+00   0.0000000E+00
   3.8600000E+00   0.0000000E+00   0.0000000E+00   0.0000000E+00   0.0000000E+00
   3.8666667E+00   0.0000000E+00   0.0000000E+00   0.0000000E+00   0.0000000E+00
   3.8733333E+00   0.0000000E+00   0.0000000E+00   0.0000000E+00   0.0000000E+00
   3.8800000E+00   0.0000000E+00   0.0000000E+00   0.0000000E+00   0.0000000E+00
   3.8866667E+00   0.0000000E+00   0.0000000E+00   0.0000000E+00   0.0000000E+00
   3.8933333E+00   0.0000000E+00   0.0000000E+00   0.0000000E+00   0.0000000E+00
   3.9000000E+00   0.0000000E+00   0.0000000E+00   0.0000000E+00   0.0000000E+00
   3.9066667E+00   0.0000000E+00   0.0000000E+00   0.0000000E+00   0.0000000E+00
   3.9133333E+00   0.0000000E+00   0.0000000E+00   0.0000000E+00   0.0000000E+00
   3.9200000E+00   0.0000000E+00   0.0000000E+00   0.0000000E+00   0.0000000E+00
   3.9266667E+00   0.0000000E+00   0.0000000E+00   0.0000000E+00   0.0000000E+00
   3.9333333E+00   0.0000000E+00   0.0000000E+00   0.0000000E+00   0.0000000E+00
   3.9400000E+00   0.0000000E+00   0.0000000E+00   0.0000000E+00   0.0000000E+00
   3.9466667E+00   0.0000000E+00   0.0000000E+00   0.0000000E+00   0.0000000E+00
   3.9533333E+00   0.0000000E+00   0.0000000E+00   0.0000000E+00   0.0000000E+00
   3.9600000E+00   0.0000000E+00   0.0000000E+00   0.0000000E+00   0.0000000E+00
   3.9666667E+00   0.0000000E+00   0.0000000E+00   0.0000000E+00   0.0000000E+00
   3.9733333E+00   0.0000000E+00   0.0000000E+00   0.0000000E+00   0.0000000E+00
   3.9800000E+00   0.0000000E+00   0.0000000E+00   0.0000000E+00   0.0000000E+00
   3.9866667E+00   0.0000000E+00   0.0000000E+00   0.0000000E+00   0.0000000E+00
   3.9933333E+00   0.0000000E+00   0.0000000E+00   0.0000000E+00   0.0000000E+00
   4.0000000E+00   0.0000000E+00   0.0000000E+00   0.0000000E+00   0.0000000E+00
   4.0066667E+00   0.0000000E+00   0.0000000E+00   0.0000000E+00   0.0000000E+00
   4.0133333E+00   0.0000000E+00   0.0000000E+00   0.0000000E+00   0.0000000E+00
   4.0200000E+00   0.0000000E+00   0.0000000E+00   0.0000000E+00   0.0000000E+00
   4.0266667E+00   0.0000000E+00   0.0000000E+00   0.0000000E+00   0.0000000E+00
   4.0333333E+00   0.0000000E+00   0.0000000E+00   0.0000000E+00   0.0000000E+00
   4.0400000E+00   0.0000000E+00   0.0000000E+00   0.0000000E+00   0.0000000E+00
   4.0466667E+00   0.0000000E+00   0.0000000E+00   0.0000000E+00   0.0000000E+00
   4.0533333E+00   0.0000000E+00   0.0000000E+00   0.0000000E+00   0.0000000E+00
   4.0600000E+00   0.0000000E+00   0.0000000E+00   0.0000000E+00   0.0000000E+00
   4.0666667E+00   0.0000000E+00   0.0000000E+00   0.0000000E+00   0.0000000E+00
   4.0733333E+00   0.0000000E+00   0.0000000E+00   0.0000000E+00   0.0000000E+00
   4.0800000E+00   0.0000000E+00   0.0000000E+00   0.0000000E+00   0.0000000E+00
   4.0866667E+00   0.0000000E+00   0.0000000E+00   0.0000000E+00   0.0000000E+00
   4.0933333E+00   0.0000000E+00   0.0000000E+00   0.0000000E+00   0.0000000E+00
   4.1000000E+00   0.0000000E+00   0.0000000E+00   0.0000000E+00   0.0000000E+00
   4.1066667E+00   0.0000000E+00   0.0000000E+00   0.0000000E+00   0.0000000E+00
   4.1133333E+00   0.0000000E+00   0.0000000E+00   0.0000000E+00   0.0000000E+00
   4.1200000E+00   0.0000000E+00   0.0000000E+00   0.0000000E+00   0.0000000E+00
   4.1266667E+00   0.0000000E+00   0.0000000E+00   0.0000000E+00   0.0000000E+00
   4.1333333E+00   0.0000000E+00   0.0000000E+00   0.0000000E+00   0.0000000E+00
   4.1400000E+00   0.0000000E+00   0.0000000E+00   0.0000000E+00   0.0000000E+00
   4.1466667E+00   0.0000000E+00   0.0000000E+00   0.0000000E+00   0.0000000E+00
   4.1533333E+00   0.0000000E+00   0.0000000E+00   0.0000000E+00   0.0000000E+00
   4.1600000E+00   0.0000000E+00   0.0000000E+00   0.0000000E+00   0.0000000E+00
   4.1666667E+00   0.0000000E+00   0.0000000E+00   0.0000000E+00   0.0000000E+00
   4.1733333E+00   0.0000000E+00   0.0000000E+00   0.0000000E+00   0.0000000E+00
   4.1800000E+00   0.0000000E+00   0.0000000E+00   0.0000000E+00   0.0000000E+00
   4.1866667E+00   0.0000000E+00   0.0000000E+00   0.0000000E+00   0.0000000E+00
   4.1933333E+00   0.0000000E+00   0.0000000E+00   0.0000000E+00   0.0000000E+00
   4.2000000E+00   0.0000000E+00   0.0000000E+00   0.0000000E+00   0.0000000E+00
   4.2066667E+00   0.0000000E+00   0.0000000E+00   0.0000000E+00   0.0000000E+00
   4.2133333E+00   0.0000000E+00   0.0000000E+00   0.0000000E+00   0.0000000E+00
   4.2200000E+00   0.0000000E+00   0.0000000E+00   0.0000000E+00   0.0000000E+00
   4.2266667E+00   0.0000000E+00   0.0000000E+00   0.0000000E+00   0.0000000E+00
   4.2333333E+00   0.0000000E+00   0.0000000E+00   0.0000000E+00   0.0000000E+00
   4.2400000E+00   0.0000000E+00   0.0000000E+00   0.0000000E+00   0.0000000E+00
   4.2466667E+00   0.0000000E+00   0.0000000E+00   0.0000000E+00   0.0000000E+00
   4.2533333E+00   0.0000000E+00   0.0000000E+00   0.0000000E+00   0.0000000E+00
   4.2600000E+00   0.0000000E+00   0.0000000E+00   0.0000000E+00   0.0000000E+00
   4.2666667E+00   0.0000000E+00   0.0000000E+00   0.0000000E+00   0.0000000E+00
   4.2733333E+00   0.0000000E+00   0.0000000E+00   0.0000000E+00   0.0000000E+00
   4.2800000E+00   0.0000000E+00   0.0000000E+00   0.0000000E+00   0.0000000E+00
   4.2866667E+00   0.0000000E+00   0.0000000E+00   0.0000000E+00   0.0000000E+00
   4.2933333E+00   0.0000000E+00   0.0000000E+00   0.0000000E+00   0.0000000E+00
   4.3000000E+00   0.0000000E+00   0.0000000E+00   0.0000000E+00   0.0000000E+00
   4.3066667E+00   0.0000000E+00   0.0000000E+00   0.0000000E+00   0.0000000E+00
   4.3133333E+00   0.0000000E+00   0.0000000E+00   0.0000000E+00   0.0000000E+00
   4.3200000E+00   0.0000000E+00   0.0000000E+00   0.0000000E+00   0.0000000E+00
   4.3266667E+00   0.0000000E+00   0.0000000E+00   0.0000000E+00   0.0000000E+00
   4.3333333E+00   0.0000000E+00   0.0000000E+00   0.0000000E+00   0.0000000E+00
   4.3400000E+00   0.0000000E+00   0.0000000E+00   0.0000000E+00   0.0000000E+00
   4.3466667E+00   0.0000000E+00   0.0000000E+00   0.0000000E+00   0.0000000E+00
   4.3533333E+00   0.0000000E+00   0.0000000E+00   0.0000000E+00   0.0000000E+00
   4.3600000E+00   0.0000000E+00   0.0000000E+00   0.0000000E+00   0.0000000E+00
   4.3666667E+00   0.0000000E+00   0.0000000E+00   0.0000000E+00   0.0000000E+00
   4.3733333E+00   0.0000000E+00   0.0000000E+00   0.0000000E+00   0.0000000E+00
   4.3800000E+00   0.0000000E+00   0.0000000E+00   0.0000000E+00   0.0000000E+00
   4.3866667E+00   0.0000000E+00   0.0000000E+00   0.0000000E+00   0.0000000E+00
   4.3933333E+00   0.0000000E+00   0.0000000E+00   0.0000000E+00   0.0000000E+00
   4.4000000E+00   0.0000000E+00   0.0000000E+00   0.0000000E+00   0.0000000E+00
   4.4066667E+00   0.0000000E+00   0.0000000E+00   0.0000000E+00   0.0000000E+00
   4.4133333E+00   0.0000000E+00   0.0000000E+00   0.0000000E+00   0.0000000E+00
   4.4200000E+00   0.0000000E+00   0.0000000E+00   0.0000000E+00   0.0000000E+00
   4.4266667E+00   0.0000000E+00   0.0000000E+00   0.0000000E+00   0.0000000E+00
   4.4333333E+00   0.0000000E+00   0.0000000E+00   0.0000000E+00   0.0000000E+00
   4.4400000E+00   0.0000000E+00   0.0000000E+00   0.0000000E+00   0.0000000E+00
   4.4466667E+00   0.0000000E+00   0.0000000E+00   0.0000000E+00   0.0000000E+00
   4.4533333E+00   0.0000000E+00   0.0000000E+00   0.0000000E+00   0.0000000E+00
   4.4600000E+00   0.0000000E+00   0.0000000E+00   0.0000000E+00   0.0000000E+00
   4.4666667E+00   0.0000000E+00   0.0000000E+00   0.0000000E+00   0.0000000E+00
   4.4733333E+00   0.0000000E+00   0.0000000E+00   0.0000000E+00   0.0000000E+00
   4.4800000E+00   0.0000000E+00   0.0000000E+00   0.0000000E+00   0.0000000E+00
   4.4866667E+00   0.0000000E+00   0.0000000E+00   0.0000000E+00   0.0000000E+00
   4.4933333E+00   0.0000000E+00   0.0000000E+00   0.0000000E+00   0.0000000E+00
   4.5000000E+00   0.0000000E+00   0.0000000E+00   0.0000000E+00   0.0000000E+00
   4.5066667E+00   0.0000000E+00   0.0000000E+00   0.0000000E+00   0.0000000E+00
   4.5133333E+00   0.0000000E+00   0.0000000E+00   0.0000000E+00   0.0000000E+00
   4.5200000E+00   0.0000000E+00   0.0000000E+00   0.0000000E+00   0.0000000E+00
   4.5266667E+00   0.0000000E+00   0.0000000E+00   0.0000000E+00   0.0000000E+00
   4.5333333E+00   0.0000000E+00   0.0000000E+00   0.0000000E+00   0.0000000E+00
   4.5400000E+00   0.0000000E+00   0.0000000E+00   0.0000000E+00   0.0000000E+00
   4.5466667E+00   0.0000000E+00   0.0000000E+00   0.0000000E+00   0.0000000E+00
   4.5533333E+00   0.0000000E+00   0.0000000E+00   0.0000000E+00   0.0000000E+00
   4.5600000E+00   0.0000000E+00   0.0000000E+00   0.0000000E+00   0.0000000E+00
   4.5666667E+00   0.0000000E+00   0.0000000E+00   0.0000000E+00   0.0000000E+00
   4.5733333E+00   0.0000000E+00   0.0000000E+00   0.0000000E+00   0.0000000E+00
   4.5800000E+00   0.0000000E+00   0.0000000E+00   0.0000000E+00   0.0000000E+00
   4.5866667E+00   0.0000000E+00   0.0000000E+00   0.0000000E+00   0.0000000E+00
   4.5933333E+00   0.0000000E+00   0.0000000E+00   0.0000000E+00   0.0000000E+00
   4.6000000E+00   0.0000000E+00   0.0000000E+00   0.0000000E+00   0.0000000E+00
   4.6066667E+00   0.0000000E+00   0.0000000E+00   0.0000000E+00   0.0000000E+00
   4.6133333E+00   0.0000000E+00   0.0000000E+00   0.0000000E+00   0.0000000E+00
   4.6200000E+00   0.0000000E+00   0.0000000E+00   0.0000000E+00   0.0000000E+00
   4.6266667E+00   0.0000000E+00   0.0000000E+00   0.0000000E+00   0.0000000E+00
   4.6333333E+00   0.0000000E+00   0.0000000E+00   0.0000000E+00   0.0000000E+00
   4.6400000E+00   0.0000000E+00   0.0000000E+00   0.0000000E+00   0.0000000E+00
   4.6466667E+00   0.0000000E+00   0.0000000E+00   0.0000000E+00   0.0000000E+00
   4.6533333E+00   0.0000000E+00   0.0000000E+00   0.0000000E+00   0.0000000E+00
   4.6600000E+00   0.0000000E+00   0.0000000E+00   0.0000000E+00   0.0000000E+00
   4.6666667E+00   0.0000000E+00   0.0000000E+00   0.0000000E+00   0.0000000E+00
   4.6733333E+00   0.0000000E+00   0.0000000E+00   0.0000000E+00   0.0000000E+00
   4.6800000E+00   0.0000000E+00   0.0000000E+00   0.0000000E+00   0.0000000E+00
   4.6866667E+00   0.0000000E+00   0.0000000E+00   0.0000000E+00   0.0000000E+00
   4.6933333E+00   0.0000000E+00   0.0000000E+00   0.0000000E+00   0.0000000E+00
   4.7000000E+00   0.0000000E+00   0.0000000E+00   0.0000000E+00   0.0000000E+00
   4.7066667E+00   0.0000000E+00   0.0000000E+00   0.0000000E+00   0.0000000E+00
   4.7133333E+00   0.0000000E+00   0.0000000E+00   0.0000000E+00   0.0000000E+00
   4.7200000E+00   0.0000000E+00   0.0000000E+00   0.0000000E+00   0.0000000E+00
   4.7266667E+00   0.0000000E+00   0.0000000E+00   0.0000000E+00   0.0000000E+00
   4.7333333E+00   0.0000000E+00   0.0000000E+00   0.0000000E+00   0.0000000E+00
   4.7400000E+00   0.0000000E+00   0.0000000E+00   0.0000000E+00   0.0000000E+00
   4.7466667E+00   0.0000000E+00   0.0000000E+00   0.0000000E+00   0.0000000E+00
   4.7533333E+00   0.0000000E+00   0.0000000E+00   0.0000000E+00   0.0000000E+00
   4.7600000E+00   0.0000000E+00   0.0000000E+00   0.0000000E+00   0.0000000E+00
   4.7666667E+00   0.0000000E+00   0.0000000E+00   0.0000000E+00   0.0000000E+00
   4.7733333E+00   0.0000000E+00   0.0000000E+00   0.0000000E+00   0.0000000E+00
   4.7800000E+00   0.0000000E+00   0.0000000E+00   0.0000000E+00   0.0000000E+00
   4.7866667E+00   0.0000000E+00   0.0000000E+00   0.0000000E+00   0.0000000E+00
   4.7933333E+00   0.0000000E+00   0.0000000E+00   0.0000000E+00   0.0000000E+00
   4.8000000E+00   0.0000000E+00   0.0000000E+00   0.0000000E+00   0.0000000E+00
   4.8066667E+00   0.0000000E+00   0.0000000E+00   0.0000000E+00   0.0000000E+00
   4.8133333E+00   0.0000000E+00   0.0000000E+00   0.0000000E+00   0.0000000E+00
   4.8200000E+00   0.0000000E+00   0.0000000E+00   0.0000000E+00   0.0000000E+00
   4.8266667E+00   0.0000000E+00   0.0000000E+00   0.0000000E+00   0.0000000E+00
   4.8333333E+00   0.0000000E+00   0.0000000E+00   0.0000000E+00   0.0000000E+00
   4.8400000E+00   0.0000000E+00   0.0000000E+00   0.0000000E+00   0.0000000E+00
   4.8466667E+00   0.0000000E+00   0.0000000E+00   0.0000000E+00   0.0000000E+00
   4.8533333E+00   0.0000000E+00   0.0000000E+00   0.0000000E+00   0.0000000E+00
   4.8600000E+00   0.0000000E+00   0.0000000E+00   0.0000000E+00   0.0000000E+00
   4.8666667E+00   0.0000000E+00   0.0000000E+00   0.0000000E+00   0.0000000E+00
   4.8733333E+00   0.0000000E+00   0.0000000E+00   0.0000000E+00   0.0000000E+00
   4.8800000E+00   0.0000000E+00   0.0000000E+00   0.0000000E+00   0.0000000E+00
   4.8866667E+00   0.0000000E+00   0.0000000E+00   0.0000000E+00   0.0000000E+00
   4.8933333E+00   0.0000000E+00   0.0000000E+00   0.0000000E+00   0.0000000E+00
   4.9000000E+00   0.0000000E+00   0.0000000E+00   0.0000000E+00   0.0000000E+00
   4.9066667E+00   0.0000000E+00   0.0000000E+00   0.0000000E+00   0.0000000E+00
   4.9133333E+00   0.0000000E+00   0.0000000E+00   0.0000000E+00   0.0000000E+00
   4.9200000E+00   0.0000000E+00   0.0000000E+00   0.0000000E+00   0.0000000E+00
   4.9266667E+00   0.0000000E+00   0.0000000E+00   0.0000000E+00   0.0000000E+00
   4.9333333E+00   0.0000000E+00   0.0000000E+00   0.0000000E+00   0.0000000E+00
   4.9400000E+00   0.0000000E+00   0.0000000E+00   0.0000000E+00   0.0000000E+00
   4.9466667E+00   0.0000000E+00   0.0000000E+00   0.0000000E+00   0.0000000E+00
   4.9533333E+00   0.0000000E+00   0.0000000E+00   0.0000000E+00   0.0000000E+00
   4.9600000E+00   0.0000000E+00   0.0000000E+00   0.0000000E+00   0.0000000E+00
   4.9666667E+00   0.0000000E+00   0.0000000E+00   0.0000000E+00   0.0000000E+00
   4.9733333E+00   0.0000000E+00   0.0000000E+00   0.0000000E+00   0.0000000E+00
   4.9800000E+00   0.0000000E+00   0.0000000E+00   0.0000000E+00   0.0000000E+00
   4.9866667E+00   0.0000000E+00   0.0000000E+00   0.0000000E+00   0.0000000E+00
   4.9933333E+00   0.0000000E+00   0.0000000E+00   0.0000000E+00   0.0000000E+00
   5.0000000E+00   0.0000000E+00   0.0000000E+00   0.0000000E+00   0.0000000E+00
