                                                          Cloudy 17.03
                                                         www.nublado.org

                       **************************************17Jun01**************************************
                       *                                                                                 *
                       * title CIV QSO                                                                   *
                       * set punch prefix "CIV_QSO"                                                      *
                       * radius = 21.500 23.500                                                          *
                       * iterate to convergence                                                          *
                       * sphere                                                                          *
                       * init "dlaw_HI_exp.ini"                                                          *
                       * dlaw table                                                                      *
                       * table SED "QSO.sed"                                                             *
                       * no line transfer                                                                *
                       * nuL(nu) = 44.0 at 1 Ryd                                                         *
                       * stop temperature off                                                            *
                       * metals 0.001                                                                    *
                       * save last radius ".rad"                                                         *
                       * save last continuum ".cont"                                                     *
                       * save last physical conditions ".phy"                                            *
                       * save last overview ".ovr"                                                       *
                       * save last heating ".heat"                                                       *
                       * save last cooling ".cool"                                                       *
                       * save last optical depth ".opd"                                                  *
                       * save last element hydrogen ".ele_H"                                             *
                       * save last element helium ".ele_He"                                              *
                       * save last element carbon ".ele_C"                                               *
                       * save last element nitrogen ".ele_N"                                             *
                       * save last element oxygen ".ele_O"                                               *
                       * save last element argon ".ele_Ar"                                               *
                       * save last element neon ".ele_Ne"                                                *
                       * save last element sulphur ".ele_S"                                              *
                       * save last element chlorin ".ele_Cl"                                             *
                       * save last element iron ".ele_Fe"                                                *
                       * save last element silicon ".ele_Si"                                             *
                       * save last lines emissivity  ".emis"                                             *
                       *                                                                                 *
                       ***********************************************************************************



 NOTE NO LINE TRANSER set but fine opacities still computed.
 NOTE Turning off fine opacities.


 NOTE
 NOTE The simulation is going into neutral gas but cosmic rays are not included.
 NOTE Ion-molecule chemistry will not occur without a source of ionization.
 NOTE The chemistry network may collapse deep in molecular regions.
 NOTE Consider adding galactic background cosmic rays with the COSMIC RAYS BACKGROUND command.
 NOTE You may be making a BIG mistake.
 NOTE



 NOTE Setcon: continuum has zero intensity starting at  3.0447e-09 Ryd.
  3800 cells in the incident continuum have zero intensity.  Problems???

           8228CellPeak1.00E+00   Lo 3.04e-09=  29.98m   Hi-Con:7.13E+06 Ryd   E(hi):7.35E+06Ryd     E(hi):     100.00 MeV
           L(nu>1ryd):  44.1904   Average nu:2.632E+00   L( X-ray):  43.4171   L(BalC):  44.1154     Q(Balmer C):  55.0776
           Q(1.0-1.8):  54.2340   Q(1.8-4.0):  53.8640   Q(4.0-20):  53.3799   Q(20--):  52.2166     Ion pht flx:2.150E+10
           L(gam ray):  42.5061   Q(gam ray):  48.9900   L(Infred):  44.3499   Alf(ox):  -1.5331     Total lumin:  44.7070
           log L/Lsun:  11.1240   Abs bol mg: -23.0674   Abs V mag: -20.6281   Bol cor:  -2.4394     nuFnu(Bbet):  43.9467
           U(1.0----):9.542E+02   U(4.0----):9.053E+01   T(En-Den):1.156E+01   T(Comp):2.661E+06     nuJnu(912A):7.958E-01
           Occ(FarIR):0.000E+00   Occ(H n=6):3.303E-11   Occ(1Ryd):3.672E-17   Occ(4R):5.387E-20     Occ (Nu-hi):0.000E+00
           Tbr(FarIR):0.000E+00   Tbr(H n=6):1.447E-07   Tbr(1Ryd):5.795E-12   Tbr(4R):3.407E-14     Tbr (Nu-hi):0.000E+00
  
                                                  Gas Phase Chemical Composition
        H :  0.0000  He: -1.0000  Li:-11.6904  Be:-13.5800  B :-12.2097  C : -6.6108  N : -7.0701  O : -6.3098  F :-10.5200
        Ne: -7.0000  Na: -8.6696  Mg: -7.4597  Al: -8.5302  Si: -7.4597  P : -9.4948  S : -7.7352  Cl: -9.7190  Ar: -8.6003
        K : -9.8794  Ca: -8.6402  Sc:-11.8297  Ti: -9.9788  V :-11.0000  Cr: -9.3298  Mn: -9.5406  Fe: -7.5498  Co:-10.0799
                                               Ni: -8.7496  Cu:-10.7905  Zn:-10.4001
 
 ####  1  Te:1.099E+06 Hden:7.509E-04 Ne:9.011E-04 R:3.226E+21 R-R0:6.325E+19 dR:1.265E+20 NTR:  5 Htot:4.276E-30 T912: 1.00e+08###
 Hydrogen      1.18e-10 1.00e+00 H+o/Hden 1.00e+00 1.46e-22 H-    H2 8.69e-38 5.01e-24 H2+ HeH+ 2.22e-30 Ho+ ColD 1.12e+07 9.50e+16
 Helium        5.95e-16 4.20e-08 1.00e+00 HeI 2s3S 7.33e-20 Comp H,C 4.15e-30 1.71e-30 Fill Fac 1.00e+00 Gam1/tot 9.99e-01
 He singlet n  5.95e-16 3.80e-27 1.18e-33 5.21e-33 9.32e-34 1.26e-32 He tripl 7.33e-20 6.52e-31 1.98e-32 1.34e-31 3.41e-32
 Pressure      NgasTgas 1.90e+03 P(total) 2.62e-13 P( gas ) 2.62e-13 P(Radtn) 0.00e+00 Rad accl 4.43e-11 ForceMul 1.00e+00
 Texc(La)      3.34e+03 T(I con) 1.12e+01 T(D con) 3.66e-02 T(U tot) 1.12e+01 nT (c+d) 2.72e+06 Prad/Gas 0.00e+00 Pmag/Gas 0.00e+00
 Molecules     CH/Ctot: 4.85e-59 CH+/Ctot 2.07e-49 CO/Ctot:2.05e-114 CO+/Ctot 1.57e-99 H2O/Otot1.10e-144 OH/Ototl1.59e-116
 Lithium       0.00e+00 1.32e-12 1.18e-06 1.00e+00 Berylliu 0.00e+00 4.57e-18 1.27e-10 1.22e-05 1.00e+00 sec ion: 0.00e+00
 Boron         0.00e+00 2.15e-22 1.32e-15 2.76e-09 7.27e-05 1.00e+00
 Carbon        0.00e+00 8.76e-27 6.65e-20 5.26e-14 2.85e-08 3.06e-04 1.00e+00 H2O+/O  1.21e-111 OH+/Otot 2.26e-73 Hex(tot) 0.00e+00
 Nitrogen      0.00e+00 0.00e+00 9.73e-24 6.89e-18 1.07e-12 2.22e-07 1.02e-03 9.99e-01 O2/Ototl2.22e-204 O2+/Otot1.95e-156
 Oxygen        0.00e+00 0.00e+00 5.17e-27 3.57e-21 4.64e-16 1.84e-11 1.63e-06 2.88e-03 9.97e-01
 Fluorine      0.00e+00 0.00e+00 0.00e+00 6.75e-24 7.91e-19 2.54e-14 3.18e-10 1.05e-05 7.12e-03 9.93e-01
 Neon          0.00e+00 0.00e+00 0.00e+00 2.15e-26 3.28e-21 9.81e-17 9.57e-13 4.45e-09 5.50e-05 1.57e-02 9.84e-01
 Sodium        0.00e+00 0.00e+00 0.00e+00 0.00e+00 2.11e-23 7.72e-19 6.54e-15 2.30e-11 4.71e-08 2.36e-04 3.10e-02 9.69e-01
 Magnesium     0.00e+00 0.00e+00 0.00e+00 0.00e+00 1.45e-25 6.07e-21 6.65e-17 2.40e-13 3.89e-10 3.71e-07 8.26e-04 5.49e-02 9.44e-01
 Aluminium  1  0.00e+00 0.00e+00 0.00e+00 0.00e+00 6.55e-23 8.64e-19 3.85e-15 5.85e-12 4.47e-09 2.17e-06 2.34e-03 8.84e-02 9.09e-01
 Silicon    2  0.00e+00 0.00e+00 0.00e+00 9.08e-25 1.50e-20 7.37e-17 1.34e-13 1.01e-10 3.89e-08 1.08e-05 5.95e-03 1.34e-01 8.60e-01
 Phosphorus 3  0.00e+00 0.00e+00 0.00e+00 3.39e-22 2.07e-18 4.28e-15 3.69e-12 1.41e-09 2.87e-07 4.57e-05 1.37e-02 1.93e-01 7.93e-01
 Sulphur    4  0.00e+00 0.00e+00 3.94e-24 3.39e-20 1.03e-16 1.11e-13 5.94e-11 1.37e-08 1.70e-06 1.68e-04 2.88e-02 2.61e-01 7.10e-01
 Chlorine   5  0.00e+00 0.00e+00 1.11e-21 4.13e-18 5.77e-15 3.26e-12 9.16e-10 1.24e-07 8.79e-06 5.41e-04 5.54e-02 3.32e-01 6.12e-01
 Argon      6  0.00e+00 8.69e-24 7.23e-20 1.44e-16 1.23e-13 4.41e-11 9.00e-09 8.02e-07 3.87e-05 1.55e-03 9.69e-02 3.95e-01 5.07e-01
 Potassium  7  5.21e-25 1.55e-21 7.21e-18 8.12e-15 3.91e-12 7.93e-10 9.12e-08 5.02e-06 1.51e-04 3.89e-03 1.55e-01 4.41e-01 4.00e-01
 Calcium    8  4.20e-23 6.21e-20 1.74e-16 1.22e-13 4.02e-11 7.02e-09 6.08e-07 2.43e-05 5.11e-04 8.86e-03 2.29e-01 4.60e-01 3.01e-01
 Scandium   9  6.95e-21 5.69e-18 1.03e-14 4.81e-12 9.86e-10 8.21e-08 4.16e-06 1.07e-04 1.46e-03 1.78e-02 3.12e-01 4.52e-01 2.17e-01
 Titanium  10  4.99e-19 2.38e-16 3.04e-13 9.68e-11 1.33e-08 7.70e-07 2.50e-05 4.02e-04 3.77e-03 3.25e-02 3.96e-01 4.18e-01 1.49e-01
 Vanadium  11  2.95e-17 8.04e-15 7.53e-12 1.67e-09 1.50e-07 5.84e-06 1.23e-04 1.33e-03 8.83e-03 5.41e-02 4.68e-01 3.69e-01 9.90e-02
 Chromium  12  9.13e-16 1.51e-13 1.06e-10 1.72e-08 1.12e-06 3.00e-05 5.07e-04 3.65e-03 1.87e-02 8.31e-02 5.20e-01 3.10e-01 6.35e-02
 Manganese 13  2.45e-14 2.59e-12 1.37e-09 1.56e-07 7.31e-06 1.43e-04 1.59e-03 9.33e-03 3.55e-02 1.17e-01 5.50e-01 2.47e-01 3.91e-02
 Iron      14  3.74e-13 2.69e-11 1.03e-08 8.28e-07 3.09e-05 5.17e-04 4.41e-03 1.95e-02 5.98e-02 1.53e-01 5.47e-01 1.92e-01 2.36e-02
 Cobalt    15  1.05e-11 4.96e-10 1.33e-07 7.78e-06 1.93e-04 1.93e-03 1.17e-02 4.20e-02 9.30e-02 1.83e-01 5.16e-01 1.39e-01 1.34e-02
 Nickel    16  1.71e-10 5.46e-09 1.06e-06 4.29e-05 7.90e-04 5.95e-03 2.90e-02 7.56e-02 1.31e-01 2.02e-01 4.52e-01 9.61e-02 7.37e-03
 Copper    17  1.97e-09 4.40e-08 6.21e-06 1.94e-04 2.56e-03 1.50e-02 5.55e-02 1.20e-01 1.64e-01 2.08e-01 3.69e-01 6.24e-02 3.82e-03
 Zinc      18  2.18e-08 3.43e-07 3.54e-05 8.50e-04 8.41e-03 3.88e-02 1.04e-01 1.70e-01 1.85e-01 1.87e-01 2.69e-01 3.59e-02 1.77e-03
 ####248  Te:6.605E+04 Hden:9.873E-05 Ne:1.185E-04 R:3.160E+23 R-R0:3.129E+23 dR:3.747E+20 NTR: 15 Htot:2.371E-32 T912: 1.00e+08###
 Hydrogen      2.16e-06 1.00e+00 H+o/Hden 1.00e+00 1.89e-15 H-    H2 3.27e-23 1.17e-16 H2+ HeH+ 6.65e-19 Ho+ ColD 8.56e+13 9.96e+19
 Helium        3.65e-09 5.49e-04 9.99e-01 HeI 2s3S 3.38e-17 Comp H,C 5.68e-35 1.41e-36 Fill Fac 1.00e+00 Gam1/tot 9.72e-01
 He singlet n  3.65e-09 4.16e-24 4.15e-31 3.35e-30 3.17e-31 3.44e-30 He tripl 3.38e-17 2.67e-28 1.04e-29 6.00e-29 9.66e-30
 Pressure      NgasTgas 1.50e+01 P(total) 2.07e-15 P( gas ) 2.07e-15 P(Radtn) 0.00e+00 Rad accl 2.80e-14 ForceMul 6.14e+00
 Texc(La)      2.72e+03 T(I con) 1.16e+00 T(D con) 1.38e-01 T(U tot) 1.16e+00 nT (c+d) 3.13e+05 Prad/Gas 0.00e+00 Pmag/Gas 0.00e+00
 Molecules     CH/Ctot: 4.00e-29 CH+/Ctot 2.13e-23 CO/Ctot: 8.04e-44 CO+/Ctot 3.03e-37 H2O/Otot 1.21e-48 OH/Ototl 1.12e-30
 Lithium       2.96e-12 7.19e-06 1.31e-02 9.87e-01 Berylliu 8.19e-12 3.64e-08 1.10e-03 1.12e-01 8.86e-01 sec ion: 8.46e-23
 Boron         3.00e-12 1.03e-07 1.99e-05 3.27e-02 4.01e-01 5.66e-01
 Carbon        7.45e-13 4.99e-08 3.23e-05 1.18e-03 2.39e-01 5.63e-01 1.97e-01 H2O+/O   4.07e-48 OH+/Otot 3.55e-30 Hex(tot) 0.00e+00
 Nitrogen      3.16e-13 1.31e-08 1.67e-05 1.57e-03 1.52e-02 5.83e-01 3.61e-01 3.90e-02 O2/Ototl 1.48e-42 O2+/Otot 4.72e-42
 Oxygen        4.99e-14 2.24e-09 5.41e-06 1.00e-03 2.17e-02 7.48e-02 7.48e-01 1.48e-01 5.81e-03
 Fluorine      8.84e-15 5.20e-10 1.38e-06 5.27e-04 2.33e-02 1.47e-01 1.85e-01 6.00e-01 4.42e-02 7.12e-04
 Neon          4.25e-16 5.96e-11 3.75e-07 1.63e-04 1.44e-02 1.76e-01 3.34e-01 2.08e-01 2.60e-01 8.06e-03 5.94e-05
 Sodium        2.89e-18 4.03e-12 7.25e-08 8.17e-05 8.08e-03 1.32e-01 4.64e-01 2.77e-01 7.49e-02 4.35e-02 6.32e-04 2.35e-06
 Magnesium     3.23e-17 5.07e-14 2.75e-09 7.76e-06 1.93e-03 4.57e-02 2.87e-01 4.33e-01 1.92e-01 3.11e-02 9.46e-03 7.04e-05 0.00e+00
 Aluminium  0  1.51e-16 1.92e-12 1.63e-10 8.20e-07 3.99e-04 3.11e-02 1.91e-01 4.41e-01 2.88e-01 4.48e-02 3.37e-03 7.09e-04 3.04e-06
 Silicon    0  5.84e-16 1.92e-11 3.92e-09 8.53e-08 7.18e-05 8.13e-03 1.66e-01 5.50e-01 2.36e-01 3.78e-02 2.11e-03 1.66e-04 1.88e-05
 Phosphorus 1  2.77e-10 4.22e-08 1.28e-06 1.10e-05 2.24e-03 7.25e-02 3.91e-01 3.71e-01 1.52e-01 1.17e-02 4.75e-04 2.06e-05 1.97e-06
 Sulphur    1  3.41e-10 2.33e-07 8.24e-06 9.26e-05 3.52e-04 2.33e-02 2.94e-01 5.03e-01 1.50e-01 2.74e-02 2.61e-03 6.83e-05 2.16e-06
 Chlorine   1  1.26e-11 7.97e-08 2.61e-05 3.86e-04 1.75e-03 3.65e-03 9.45e-02 3.87e-01 4.25e-01 8.34e-02 4.27e-03 1.54e-04 2.49e-06
 Argon      1  1.63e-12 5.31e-08 1.66e-05 1.44e-03 1.05e-02 1.90e-02 2.45e-02 2.92e-01 4.58e-01 1.71e-01 2.21e-02 1.26e-03 2.16e-05
 Potassium  1  9.09e-12 3.48e-08 1.05e-05 9.95e-04 2.98e-02 7.68e-02 7.03e-02 5.89e-02 3.64e-01 3.38e-01 5.82e-02 2.67e-03 5.19e-05
 Calcium    2  2.81e-08 1.18e-05 8.43e-04 2.88e-02 1.94e-01 2.40e-01 1.11e-01 7.19e-02 2.36e-01 1.06e-01 9.88e-03 3.77e-04 8.53e-06
 Scandium   2  1.87e-09 7.61e-06 5.71e-04 1.80e-02 1.28e-01 4.74e-01 2.28e-01 6.13e-02 2.38e-02 5.35e-02 1.18e-02 9.33e-04 1.55e-05
 Titanium   2  1.22e-09 3.11e-06 4.52e-04 1.29e-02 9.00e-02 3.87e-01 3.67e-01 1.05e-01 1.92e-02 8.52e-03 9.53e-03 9.26e-04 3.89e-05
 Vanadium   3  2.87e-07 1.03e-04 1.07e-02 7.04e-02 2.95e-01 3.24e-01 2.59e-01 2.86e-02 8.03e-03 1.69e-03 1.79e-03 7.87e-05 1.45e-06
 Chromium   3  1.39e-07 5.54e-05 5.21e-03 6.88e-02 2.78e-01 3.06e-01 2.79e-01 5.39e-02 6.07e-03 2.94e-03 2.10e-04 3.10e-04 1.51e-05
 Manganese  3  1.77e-07 8.23e-05 8.73e-03 1.39e-01 2.49e-01 2.79e-01 2.52e-01 5.50e-02 1.63e-02 6.81e-04 9.85e-05 7.59e-06 9.09e-06
 Iron       1  6.73e-16 4.92e-12 1.23e-08 5.54e-06 7.48e-04 5.40e-02 4.50e-01 3.69e-01 1.12e-01 1.35e-02 9.95e-04 7.94e-05 5.99e-06
 Cobalt     3  8.38e-09 5.70e-06 8.12e-04 1.94e-02 2.01e-01 3.73e-01 3.12e-01 6.93e-02 2.03e-02 3.53e-03 2.68e-04 1.09e-05 1.07e-06
 Nickel     3  3.17e-09 2.11e-06 4.08e-04 1.05e-02 1.31e-01 3.12e-01 4.30e-01 8.59e-02 2.49e-02 4.26e-03 3.34e-04 2.96e-05 1.04e-06
 Copper     3  1.41e-09 9.42e-07 1.84e-04 6.65e-03 9.35e-02 2.63e-01 4.72e-01 1.48e-01 1.38e-02 3.20e-03 2.24e-04 2.14e-05 2.24e-06
 Zinc       3  7.99e-10 5.15e-07 1.02e-04 3.74e-03 6.93e-02 2.11e-01 4.63e-01 1.81e-01 6.32e-02 8.60e-03 6.74e-04 5.39e-05 6.34e-06
   CIV QSO  
   Calculation stopped because outer radius reached. Iteration 1 of 10
   The geometry is spherical.
 C-Continuum zero at some energies.
  !Background cosmic rays are not included - is this physical?  It affects the chemistry.
  !Some input lines contained underscores, these were changed to spaces.
  !AGE: Cloud age was not set.  Longest timescale was 1.72e+17 s = 5.44e+09 years.
  !The CMB was not included.  This is added with the CMB command.
  !An ionization jump occurred elem Mn20, by 151% from 1.59e-03 (zone 1) to 2.78e-03 (zone 2) to 4.20e-03 (zone 3)
  !An ionization jump occurred elem Co21, by 157% from 1.93e-03 (zone 1) to 3.56e-03 (zone 2) to 5.58e-03 (zone 3)
  !An ionization jump occurred elem Cu22, by 158% from 2.56e-03 (zone 1) to 4.86e-03 (zone 2) to 7.71e-03 (zone 3)
   Thermal collisional ionization of H reached 2.85% of the local ionization rate.
   Te-ne bounds of Case B lookup table exceeded, H I Case B line intensities set to zero.
   Te-ne bounds of Case B lookup table exceeded, He II Case B line intensities set to zero.
   The density is too low to l-mix the lowest H  I collapsed level.  More resolved levels are needed for accurate line ratios.
   The density is too low to l-mix the lowest He I collapsed level.  More resolved levels are needed for accurate line ratios.
   Grains were not present but might survive in this environment (energy density temperature was 1.16e+01K)
   Is an outer radius of 3.16e+23 reasonable?

                       *********************************> Cloudy 17.03 <**********************************
                       * title CIV QSO                                                                   *
                       * set punch prefix "CIV_QSO"                                                      *
                       * radius = 21.500 23.500                                                          *
                       * iterate to convergence                                                          *
                       * sphere                                                                          *
                       * init "dlaw_HI_exp.ini"                                                          *
                       * table SED "QSO.sed"                                                             *
                       * no line transfer                                                                *
                       * nuL(nu) = 44.0 at 1 Ryd                                                         *
                       * stop temperature off                                                            *
                       * metals 0.001                                                                    *
                       * save last radius ".rad"                                                         *
                       * save last continuum ".cont"                                                     *
                       * save last physical conditions ".phy"                                            *
                       * save last overview ".ovr"                                                       *
                       * save last heating ".heat"                                                       *
                       * save last cooling ".cool"                                                       *
                       * save last optical depth ".opd"                                                  *
                       * save last element hydrogen ".ele_H"                                             *
                       * save last element helium ".ele_He"                                              *
                       * save last element carbon ".ele_C"                                               *
                       * save last element nitrogen ".ele_N"                                             *
                       * save last element oxygen ".ele_O"                                               *
                       * save last element argon ".ele_Ar"                                               *
                       * save last element neon ".ele_Ne"                                                *
                       * save last element sulphur ".ele_S"                                              *
                       * save last element chlorin ".ele_Cl"                                             *
                       * save last element iron ".ele_Fe"                                                *
                       * save last element silicon ".ele_Si"                                             *
                       * save last lines emissivity  ".emis"                                             *
                       * H  1  1215.67A                                                                  *
                       * H  1  1025.72A                                                                  *
                       * H  1  4861.33A                                                                  *
                       * H  1  6562.81A                                                                  *
                       * O  6  1031.91A                                                                  *
                       * O  6  1037.62A                                                                  *
                       * He 2  949.31A                                                                   *
                       * He 2  972.108A                                                                  *
                       * He 2  1025.27A                                                                  *
                       * He 2  1640.43A                                                                  *
                       * He 2  4859A                                                                     *
                       * He 2  4339A                                                                     *
                       * He 2  6527A                                                                     *
                       * He 2  6560A                                                                     *
                       * C  4  1550.78                                                                   *
                       * O  3  5006.84A                                                                  *
                       * N  5  1238.82                                                                   *
                       * N  5  1242.80                                                                   *
                       * c  4  1548.19                                                                   *
                       * c  4  1550.78                                                                   *
                       * mg 2  2795.53                                                                   *
                       * mg 2  2802.71                                                                   *
                       * end of lines                                                                    *
                       *********************************> Log(U):  2.98 <*********************************
                       >>>>>>>>>> Cautions are present.

                     Emission Line Spectrum.  Special Density Lw Model.  Closed geometry.  Iteration 1 of 10.
                                    Luminosity (erg/s) emitted by a shell with full coverage.


                                                   Intrinsic line intensities
general properties.............................      He 2                3.84941m   36.901    0.1117      Ca B                1.87427m   36.296    0.0277
Inci                      0    44.707 7145517.5      He 2                4.46440m   36.805    0.0896      Ca B                1.47599m   36.144    0.0196
TotH                      0    40.080  168.5292      He 2                5.12495m   36.716    0.0729      Ca B                1.28124m   36.006    0.0142
TotC                      0    40.080  168.5393      He 2                5.83106m   36.632    0.0601      Ca B                1.16728m   35.881    0.0107
BFH1                      0    39.544   49.0698      He 2                6.58272m   36.553    0.0502      Ca B                1.09332m   35.766    0.0082
BFHe                      0    39.925  118.0589      He 2                7.37993m   36.479    0.0423      Ca B                1.04194m   35.661    0.0064
TotM                      0    37.444    0.3903      He 2                8.22270m   36.409    0.0360      Ca B                1.00449m   35.564    0.0051
ComH                      0    37.857    1.0099      He 2                9.11102m   36.342    0.0309      Ca B                9761.80A   35.473    0.0042
ComC                      0    36.369    0.0328      He 2                10.0449m   36.279    0.0267      Ca B                9541.71A   35.389    0.0034
H FB                      0    39.570   52.1399      He 2                11.0243m   36.218    0.0232      Ca B                9366.69A   35.309    0.0029
HFBc                      0    39.570   52.1399      He 2                12.0493m   36.161    0.0203      Ca B                9224.90A   35.235    0.0024
H  1c                     0    38.969   13.0522      He 2                13.1199m   36.105    0.0179      Ca B                9108.20A   35.164    0.0020
He 2c                     0    38.150    1.9820      He 2                14.2360m   37.264    0.2577      Ca B                9010.89A   35.097    0.0018
Fe 7c                     0    35.558    0.0051      C  6                25.3032A   35.943    0.0123      Ca B                8928.79A   35.033    0.0015
N  5c                     0    36.166    0.0206      C  6                101.229A   34.940    0.0012      Ca B                8858.83A   34.972    0.0013
O  5c                     0    36.674    0.0662      N  7                18.5870A   35.270    0.0026      Ca B                8798.68A   34.914    0.0012
Si 7c                     0    35.541    0.0049      O  8                14.2280A   35.711    0.0072      Ca B                8746.57A   34.859    0.0010
Si 9c                     0    36.300    0.0280      He 1                504.259A   35.848    0.0099      Ca B                4.76203m   36.084    0.0170
Al 8c                     0    35.049    0.0016      C  5                31.6244A   35.667    0.0065      Ca B                2.82513m   35.956    0.0127
Al 9c                     0    35.180    0.0021      N  6                22.4596A   35.429    0.0038      Ca B                2.18843m   35.823    0.0093
Ar10c                     0    34.951    0.0013      O  7                16.7725A   36.178    0.0211      Ca B                1.87567m   35.699    0.0070
C  4c                     0    35.649    0.0063      O  7                69.5655A   34.871    0.0010      Ca B                1.69177m   35.585    0.0054
Ca10c                     0    34.942    0.0012      O  7                72.6796A   35.046    0.0016      Ca B                1.57184m   35.480    0.0042
Ca 8c                     0    35.515    0.0046      Ne 9                10.3678A   35.093    0.0017      Ca B                1.48813m   35.383    0.0034
Ca 9c                     0    34.984    0.0014      O  6                89.7895A   35.216    0.0023      Ca B                1.42683m   35.293    0.0028
Fe10c                     0    36.342    0.0308      Mg 6                66.4875A   34.912    0.0011      Ca B                1.38030m   35.208    0.0023
Fe11c                     0    36.037    0.0153      Si 7                50.3040A   35.184    0.0021      Ca B                1.34397m   35.129    0.0019
Fe12c                     0    35.283    0.0027      Si 8                40.8968A   35.513    0.0046      Ca B                1.31497m   35.054    0.0016
Fe13c                     0    35.050    0.0016      S  8                37.7816A   35.072    0.0017      Ca B                1.29138m   34.983    0.0013
Mg 6c                     0    35.251    0.0025      S  9                32.7088A   34.974    0.0013      Ca B                1.27191m   34.916    0.0012
Mg 7c                     0    36.124    0.0187      S 10                27.7341A   35.131    0.0019      Ca B                6.94582m   35.763    0.0081
Mg 8c                     0    36.284    0.0269      grains.........................................      Ca B                4.04934m   35.655    0.0063
Mg 9c                     0    35.930    0.0119      H-like iso-sequence............................      Ca B                3.09455m   35.537    0.0048
Mg10c                     0    35.905    0.0113      Cool                1215.67A   38.722    7.3947      Ca B                2.62397m   35.425    0.0037
N  4c                     0    34.984    0.0014      Crst                960.000A   38.606    5.6575      Ca B                2.34631m   35.321    0.0029
Na 7c                     0    34.961    0.0013      CION                      0    38.433    3.8054      Ca B                2.16456m   35.225    0.0024
Na 8c                     0    35.023    0.0015      He2C                      0    36.502    0.0446      Ca B                2.03725m   35.134    0.0019
Na 9c                     0    35.037    0.0015      Q(H)                4861.33A   42.108 18003.551      Ca B                1.94368m   35.050    0.0016
Ne 5c                     0    35.462    0.0041      Q(H)                1215.67A   43.645 619334.31      Ca B                1.87242m   34.971    0.0013
Ne 6c                     0    36.469    0.0413      CaBo                4861.33A   38.033    1.5136      Ca B                1.81660m   34.896    0.0011
Ne 7c                     0    36.798    0.0880      CaBo                1640.00A   39.074   16.6415      Ca B                9.71043m   35.477    0.0042
Ne 8c                     0    37.074    0.1662      CaBo                4685.64A   38.060    1.6116      Ca B                5.58107m   35.385    0.0034
O  4c                     0    35.219    0.0023      H  1                2431.34A   39.020   14.6915      Ca B                4.21710m   35.280    0.0027
O  6c                     0    37.477    0.4205      H  1                1215.67A   40.793  871.7746      Ca B                3.54320m   35.178    0.0021
S 10c                     0    35.417    0.0037      H  1                1025.72A   38.878   10.5849      Ca B                3.14449m   35.082    0.0017
S 11c                     0    35.486    0.0043      H  1                972.537A   38.474    4.1760      Ca B                2.88278m   34.993    0.0014
S  9c                     0    35.465    0.0041      H  1                949.743A   38.166    2.0579      Ca B                2.69895m   34.908    0.0011
Si10c                     0    35.840    0.0097      H  1                937.804A   37.879    1.0614      Ca B                13.1242m   35.219    0.0023
Si 8c                     0    36.308    0.0285      H  1                930.748A   37.671    0.6579      Ca B                7.45447m   35.140    0.0019
continua.......................................      H  1                926.226A   37.491    0.4347      Ca B                5.57885m   35.045    0.0016
Bac                 3646.00A   38.877   10.5726      H  1                923.150A   37.332    0.3014      Ca B                4.65042m   34.952    0.0013
nFnu                3645.00A   39.463   40.7090      H  1                920.963A   37.189    0.2170      Ca B                4.09996m   34.864    0.0010
nFnu                3647.00A   39.332   30.1364      H  1                919.351A   37.324    0.2956      Ca B                17.2555m   34.983    0.0014
cout                3646.00A   38.877   10.5726      H  1                918.129A   37.215    0.2302      Ca B                9.70372m   34.916    0.0012
thin                3646.00A   38.877   10.5794      H  1                917.181A   37.115    0.1830      He 2                607.567A   39.276   26.4884
Inci                4860.00A   43.947 1241313.2      H  1                916.429A   37.023    0.1480      He 2                303.784A   39.890  108.8707
Inci                1215.00A   44.436 3829799.5      H  1                915.824A   36.938    0.1216      He 2                256.317A   39.283   26.9270
Ba C                      0    38.782    8.4865      H  1                915.329A   36.859    0.1014      He 2                243.027A   38.881   10.6568
PA C                      0    38.273    2.6324      H  1                914.919A   36.785    0.0856      He 2                237.331A   38.578    5.3089
FIR                 83.0000m   43.118 183945.75      H  1                914.576A   36.718    0.0732      He 2                234.347A   38.334    3.0298
TIR                 1800.00m   36.681    0.0674      H  1                914.286A   36.655    0.0634      He 2                232.584A   38.130    1.8922
NIRa                2.85000m   44.248 2482513.0      H  1                914.039A   36.599    0.0558      He 2                231.454A   37.953    1.2602
NIRb                3.00000m   43.838 965452.38      H  1                913.826A   36.551    0.0499      He 2                230.686A   37.798    0.8807
MIRa                15.0000m   43.907 1132851.0      H  1                913.641A   36.514    0.0458      He 2                230.139A   37.658    0.6389
MIRb                22.5000m   43.982 1345980.6      H  1                913.480A   36.496    0.0440      He 2                229.736A   37.943    1.2315
NMIR                21.7500m   44.248 2482513.0      H  1                913.339A   36.528    0.0473      He 2                229.431A   37.842    0.9747
TFIR                611.250m   37.241    0.2446      H  1                913.215A   37.317    0.2913      He 2                229.194A   37.748    0.7858
TALL                10000.0A   44.707 7142528.0      H  1                6562.81A   38.252    2.5046      He 2                229.006A   37.662    0.6439
F12                 12.0000m   43.465 409491.06      H  1                4861.33A   37.853    1.0000      He 2                228.855A   37.581    0.5352
F25                 25.0000m   43.251 249999.05      H  1                4340.46A   37.547    0.4942      He 2                228.731A   37.507    0.4508
F60                 60.0000m   43.078 167842.53      H  1                4101.73A   37.271    0.2616      He 2                228.629A   37.438    0.3844
F100                100.000m   41.931 11956.725      H  1                3970.07A   37.064    0.1626      He 2                228.543A   37.374    0.3318
MIPS                24.0000m   42.955 126531.66      H  1                3889.05A   36.886    0.1080      He 2                228.471A   37.315    0.2900
MIPS                70.0000m   42.505 44899.074      H  1                3835.38A   36.730    0.0754      He 2                228.409A   37.263    0.2570
MIPS                160.000m   36.495    0.0439      H  1                3797.89A   36.591    0.0547      He 2                228.356A   37.218    0.2319
IRAC                3.60000m   43.068 163960.31      H  1                3770.63A   36.460    0.0404      He 2                228.309A   37.185    0.2146
IRAC                4.50000m   43.103 177772.72      H  1                3750.15A   36.351    0.0315      He 2                228.269A   37.171    0.2080
IRAC                5.80000m   43.140 193455.56      H  1                3734.36A   36.252    0.0251      He 2                228.234A   37.208    0.2266
IRAC                8.00000m   43.296 277224.12      H  1                3721.93A   36.160    0.0203      He 2                228.203A   38.009    1.4327
SPR1                250.000m   36.473    0.0417      H  1                3711.97A   36.075    0.0167      He 2                1640.43A   38.768    8.2281
SPR2                350.000m   36.352    0.0316      H  1                3703.85A   35.996    0.0139      He 2                1215.13A   38.359    3.2063
SPR3                500.000m   36.294    0.0276      H  1                3697.15A   35.923    0.0117      He 2                1084.94A   38.048    1.5667
PAC1                70.0000m   42.563 51319.312      H  1                3691.55A   35.855    0.0100      He 2                1025.27A   37.800    0.8852
PAC2                100.000m   41.882 10696.666      H  1                3686.83A   35.793    0.0087      He 2                992.360A   37.594    0.5505
PAC3                160.000m   36.773    0.0832      H  1                3682.80A   35.737    0.0077      He 2                972.108A   37.417    0.3665
PAH                 3.30000m   42.210 22748.084      H  1                3679.35A   35.688    0.0068      He 2                958.694A   37.262    0.2566
PAHC                3.23000m   41.918 11603.088      H  1                3676.36A   35.651    0.0063      He 2                949.324A   37.124    0.1869
PAHC                3.37000m   41.903 11234.054      H  1                3673.75A   35.633    0.0060      He 2                942.508A   37.080    0.1685
PAH                 6.20000m   42.657 63748.172      H  1                3671.47A   35.666    0.0065      He 2                937.389A   36.978    0.1334
PAHC                5.65000m   42.694 69395.797      H  1                3669.46A   36.455    0.0400      He 2                933.444A   36.885    0.1076
PAH                 7.90000m   42.843 97790.484      H  1                1.87510m   37.305    0.2830      He 2                930.337A   36.799    0.0882
PAHC                6.90000m   42.909 113773.48      H  1                1.28180m   37.047    0.1562      He 2                927.846A   36.718    0.0734
PAH                 11.3000m   42.258 25428.312      H  1                1.09380m   36.793    0.0871      He 2                925.817A   36.644    0.0618
PAHC                10.9000m   42.281 26771.461      H  1                1.00493m   36.592    0.0549      He 2                924.142A   36.575    0.0527
PAH                 11.8000m   42.473 41717.133      H  1                9545.93A   36.417    0.0367      He 2                922.743A   36.511    0.0455
PAHC                12.6500m   42.441 38703.086      H  1                9228.97A   36.263    0.0257      He 2                921.562A   36.453    0.0398
PAH                 13.3000m   42.473 41660.059      H  1                9014.87A   36.126    0.0187      He 2                920.556A   36.400    0.0353
PAHC                14.1000m   42.441 38717.484      H  1                8862.74A   35.945    0.0123      He 2                919.693A   36.356    0.0318
Bcon                3640.00A   44.116 1831132.2      H  1                8750.43A   35.837    0.0096      He 2                918.945A   36.322    0.0295
Pcon                5000.00A   43.598 555924.75      H  1                8664.98A   35.737    0.0077      He 2                918.295A   36.309    0.0286
O3bn                5007.00A   42.093 17394.537      H  1                8598.35A   35.646    0.0062      He 2                917.724A   36.346    0.0311
SX                  25.0000A   43.053 158453.73      H  1                8545.34A   35.561    0.0051      He 2                917.221A   37.147    0.1967
HX                  4.70000A   42.804 89259.961      H  1                8502.44A   35.482    0.0043      He 2                4685.64A   37.909    1.1369
HFFc                      0    39.644   61.7688      H  1                8467.21A   35.409    0.0036      He 2                3203.04A   37.633    0.6022
H FF                      0    39.506   44.9777      H  1                8437.91A   35.341    0.0031      He 2                2733.24A   37.391    0.3455
HeFF                      0    39.078   16.7895      H  1                8413.28A   35.279    0.0027      He 2                2511.15A   37.187    0.2157
MeFB                      0    35.438    0.0038      H  1                8392.35A   35.223    0.0023      He 2                2385.35A   37.010    0.1436
MeFF                      0    35.052    0.0016      H  1                8374.43A   35.175    0.0021      He 2                2306.15A   36.855    0.1005
ToFF                      0    39.644   61.7688      H  1                8358.96A   35.138    0.0019      He 2                2252.64A   36.717    0.0732
nFnu                3.55415c   35.069    0.0016      H  1                8345.51A   35.120    0.0018      He 2                2214.62A   36.564    0.0514
nFnu                3.43208c   35.082    0.0017      H  1                8333.74A   35.152    0.0020      He 2                2186.56A   36.463    0.0408
nFnu                3.40000c   35.086    0.0017      H  1                8323.38A   35.941    0.0123      He 2                2165.20A   36.370    0.0329
nFnu                2.00329c   35.295    0.0028      H  1                4.05113m   36.621    0.0586      He 2                2148.55A   36.284    0.0270
nFnu                1.33478c   35.455    0.0040      H  1                2.62513m   36.417    0.0366      He 2                2135.31A   36.204    0.0225
nFnu                9993.08m   35.569    0.0052      H  1                2.16551m   36.228    0.0237      He 2                2124.58A   36.130    0.0189
nFnu                6917.22m   35.712    0.0072      H  1                1.94454m   36.059    0.0161      He 2                2115.78A   36.061    0.0161
nFnu                122.400m   37.245    0.2469      H  1                1.81740m   35.908    0.0114      He 2                2108.46A   35.997    0.0139
nFnu                60.8322m   37.500    0.4434      H  1                1.73620m   35.772    0.0083      He 2                2102.30A   35.939    0.0122
nInu                60.8322m   43.185 214783.91      H  1                1.68064m   35.575    0.0053      He 2                2097.07A   35.887    0.0108
nFnu                41.2152m   37.641    0.6143      H  1                1.64071m   35.468    0.0041      He 2                2092.59A   35.842    0.0098
nInu                41.2152m   43.408 359110.06      H  1                1.61092m   35.369    0.0033      He 2                2088.73A   35.809    0.0090
nFnu                30.8695m   37.746    0.7811      H  1                1.58804m   35.278    0.0027      He 2                2085.37A   35.795    0.0088
nInu                30.8695m   43.520 464929.41      H  1                1.57006m   35.193    0.0022      He 2                2082.42A   35.832    0.0095
nFnu                24.7829m   37.825    0.9366      H  1                1.55563m   35.114    0.0018      He 2                2079.84A   36.633    0.0603
nInu                24.7829m   43.580 532957.44      H  1                1.54388m   35.041    0.0015      He 2                1.01233m   37.259    0.2548
nFnu                24.2998m   37.832    0.9521      H  1                1.53417m   34.974    0.0013      He 2                6559.91A   37.059    0.1609
nInu                24.2998m   43.588 543722.44      H  1                1.52604m   34.912    0.0011      He 2                5411.37A   36.865    0.1029
nFnu                22.8302m   37.853    1.0005      H  1                1.51917m   34.856    0.0010      He 2                4859.18A   36.693    0.0691
nInu                22.8302m   43.605 565619.38      H  1                1.49672m   35.574    0.0053      He 2                4541.46A   36.539    0.0486
nFnu                21.4199m   37.876    1.0538      H  1                7.45777m   36.071    0.0165      He 2                4338.55A   36.402    0.0354
nInu                21.4199m   43.619 583814.62      H  1                4.65247m   35.921    0.0117      He 2                4199.71A   36.195    0.0220
nFnu                21.1235m   37.882    1.0682      H  1                3.73951m   35.764    0.0082      He 2                4099.92A   36.095    0.0174
nInu                21.1235m   43.623 588700.50      H  1                3.29607m   35.619    0.0058      He 2                4025.48A   36.002    0.0141
nFnu                19.6199m   37.908    1.1347      H  1                3.03835m   35.486    0.0043      He 2                3968.32A   35.916    0.0116
nInu                19.6199m   43.629 596784.50      H  1                2.87219m   35.286    0.0027      He 2                3923.37A   35.836    0.0096
nFnu                17.6534m   37.945    1.2352      H  1                2.75749m   35.180    0.0021      He 2                3887.33A   35.762    0.0081
nInu                17.6534m   43.651 628422.75      H  1                2.67438m   35.081    0.0017      He 2                3857.96A   35.693    0.0069
nFnu                17.3700m   37.951    1.2521      H  1                2.61191m   34.990    0.0014      He 2                3833.69A   35.630    0.0060
nInu                17.3700m   43.655 633681.88      H  1                2.56361m   34.906    0.0011      He 2                3813.38A   35.572    0.0052
nFnu                15.6901m   37.987    1.3621      H  1                2.37371m   35.288    0.0027      He 2                3796.22A   35.519    0.0046
nInu                15.6901m   43.667 652087.12      H  1                12.3684m   35.624    0.0059      He 2                3781.57A   35.475    0.0042
nFnu                14.6036m   38.012    1.4428      H  1                7.50038m   35.504    0.0045      He 2                3768.96A   35.441    0.0039
nInu                14.6036m   43.682 675313.75      H  1                5.90655m   35.370    0.0033      He 2                3758.03A   35.428    0.0038
nFnu                12.4300m   38.071    1.6529      H  1                5.12722m   35.243    0.0025      He 2                3748.49A   35.465    0.0041
nInu                12.4300m   43.698 699793.31      H  1                4.67119m   35.048    0.0016      He 2                3740.11A   36.266    0.0259
nFnu                11.4000m   38.102    1.7735      H  1                4.37522m   34.942    0.0012      He 2                1.86362m   36.731    0.0755
nInu                11.4000m   43.707 714143.31      H  1                3.48198m   35.054    0.0016      He 2                1.16260m   36.582    0.0535
nFnu                10.4600m   38.133    1.9047      H  1                19.0565m   35.241    0.0024      He 2                9344.62A   36.422    0.0371
nInu                10.4600m   43.717 730485.12      H  1                11.3055m   35.143    0.0020      He 2                8236.51A   36.274    0.0264
nFnu                9.48002m   38.167    2.0598      H  1                8.75760m   35.027    0.0015      He 2                7592.50A   36.140    0.0194
nInu                9.48002m   43.727 747503.81      H  1                4.84633m   34.855    0.0010      He 2                7177.28A   35.906    0.0113
nFnu                9.32488m   38.173    2.0877      H  1                27.7955m   34.907    0.0011      He 2                6890.67A   35.806    0.0090
nInu                9.32488m   43.730 753720.56      Ca A                234.347A   38.334    3.0271      He 2                6682.98A   35.714    0.0073
nFnu                8.21035m   38.218    2.3166      Ca A                232.584A   38.131    1.8967      He 2                6526.88A   35.629    0.0060
nInu                8.21035m   43.737 764911.31      Ca A                231.454A   37.956    1.2685      He 2                6406.17A   35.549    0.0050
nFnu                7.58000m   38.246    2.4705      Ca A                230.686A   37.803    0.8908      He 2                6310.64A   35.475    0.0042
nInu                7.58000m   43.745 779980.44      Ca A                230.139A   37.666    0.6495      He 2                6233.61A   35.407    0.0036
nFnu                7.05026m   38.272    2.6269      Ca A                229.736A   37.542    0.4883      He 2                6170.48A   35.343    0.0031
nInu                7.05026m   43.747 782734.00      Ca A                229.431A   37.429    0.3764      He 2                6118.06A   35.285    0.0027
nFnu                4.11370m   38.464    4.0826      Ca A                229.194A   37.325    0.2963      He 2                6073.99A   35.233    0.0024
nInu                4.11370m   43.745 779782.88      Ca A                229.006A   37.228    0.2374      He 2                6036.58A   35.188    0.0022
nFnu                2.32440m   38.664    6.4672      Ca A                228.855A   37.139    0.1932      He 2                6004.52A   35.155    0.0020
nInu                2.32440m   43.661 643003.75      Ca A                228.731A   37.055    0.1593      He 2                5976.82A   35.142    0.0019
nFnu                1.64313m   38.789    8.6389      Ca A                228.629A   36.976    0.1329      He 2                5952.73A   35.179    0.0021
nInu                1.64313m   43.506 449719.97      Ca A                228.543A   36.902    0.1120      He 2                5931.63A   35.980    0.0134
nFnu                1.48022m   38.823    9.3438      Ca A                228.471A   36.832    0.0953      He 2                3.09074m   36.285    0.0271
nInu                1.48022m   43.473 417356.69      Ca A                228.409A   36.766    0.0818      He 2                1.87427m   36.171    0.0208
nFnu                1.43649m   38.850    9.9243      Ca A                228.356A   36.702    0.0707      He 2                1.47599m   36.038    0.0153
nInu                1.43649m   43.467 411142.19      Ca A                228.309A   36.642    0.0615      He 2                1.28124m   35.910    0.0114
nFnu                1.11867m   38.931   11.9801      Ca A                228.269A   36.584    0.0538      He 2                1.16728m   35.668    0.0065
nInu                1.11867m   43.460 405053.78      Ca A                228.234A   36.529    0.0474      He 2                1.09332m   35.569    0.0052
nFnu                8329.68A   39.030   15.0394      Ca A                992.360A   37.594    0.5514      He 2                1.04194m   35.478    0.0042
nInu                8329.68A   43.525 469814.62      Ca A                972.108A   37.417    0.3662      He 2                1.00449m   35.393    0.0035
nFnu                8078.61A   39.080   16.8851      Ca A                958.694A   37.261    0.2560      He 2                9761.80A   35.314    0.0029
nInu                8078.61A   43.528 472952.25      Ca A                949.324A   37.123    0.1861      He 2                9541.71A   35.240    0.0024
nFnu                6209.66A   39.163   20.4039      Ca A                942.508A   36.998    0.1397      He 2                9366.69A   35.171    0.0021
nInu                6209.66A   43.589 544893.88      Ca A                937.389A   36.885    0.1076      He 2                9224.90A   35.108    0.0018
nFnu                4885.36A   39.247   24.7851      Ca A                933.444A   36.780    0.0846      He 2                9108.20A   35.050    0.0016
nInu                4885.36A   43.850 994173.31      Ca A                930.337A   36.684    0.0678      He 2                9010.89A   34.998    0.0014
nFnu                3704.34A   39.326   29.7472      Ca A                927.846A   36.594    0.0551      He 2                8928.79A   34.954    0.0013
nInu                3704.34A   43.767 819936.25      Ca A                925.817A   36.510    0.0454      He 2                8858.83A   34.920    0.0012
nFnu                3587.67A   39.470   41.4253      Ca A                924.142A   36.432    0.0379      He 2                8798.68A   34.907    0.0011
nInu                3587.67A   43.783 851551.19      Ca A                922.743A   36.358    0.0320      He 2                8746.57A   34.945    0.0012
nFnu                2430.05A   39.569   51.9656      Ca A                921.562A   36.287    0.0272      He 2                8701.09A   35.746    0.0078
nInu                2430.05A   43.906 1129170.0      Ca A                920.556A   36.221    0.0233      He 2                4.76203m   35.901    0.0112
nFnu                2392.03A   39.572   52.4204      Ca A                919.693A   36.158    0.0202      He 2                2.82513m   35.812    0.0091
nInu                2392.03A   43.892 1093173.0      Ca A                918.945A   36.097    0.0176      He 2                2.18843m   35.699    0.0070
nFnu                2071.34A   39.604   56.3284      Ca A                918.295A   36.040    0.0154      He 2                1.87567m   35.463    0.0041
nInu                2071.34A   43.908 1136380.1      Ca A                917.724A   35.984    0.0135      He 2                1.69177m   35.366    0.0033
nFnu                2052.68A   39.618   58.2618      Ca A                2385.35A   37.025    0.1487      He 2                1.57184m   35.276    0.0026
nInu                2052.68A   43.899 1111832.8      Ca A                2306.15A   36.868    0.1036      He 2                1.48813m   35.192    0.0022
nFnu                1793.44A   39.685   67.9225      Ca A                2252.64A   36.729    0.0752      He 2                1.42683m   35.113    0.0018
nInu                1793.44A   43.926 1183474.5      Ca A                2214.62A   36.603    0.0563      He 2                1.38030m   35.040    0.0015
nFnu                1585.12A   39.698   69.9719      Ca A                2186.56A   36.489    0.0433      He 2                1.34397m   34.972    0.0013
nInu                1585.12A   43.996 1390701.0      Ca A                2165.20A   36.385    0.0340      He 2                1.31497m   34.909    0.0011
nFnu                1458.33A   39.695   69.5789      Ca A                2148.55A   36.288    0.0272      He 2                1.21105m   35.547    0.0049
nInu                1458.33A   43.937 1214363.2      Ca A                2135.31A   36.198    0.0221      He 2                6.94582m   35.563    0.0051
nFnu                1356.96A   39.678   66.7794      Ca A                2124.58A   36.114    0.0182      He 2                4.04934m   35.493    0.0044
nInu                1356.96A   43.972 1315432.8      Ca A                2115.78A   36.035    0.0152      He 2                3.09455m   35.282    0.0027
nFnu                1297.29A   39.644   61.8744      Ca A                2108.46A   35.960    0.0128      He 2                2.62397m   35.188    0.0022
nInu                1297.29A   44.000 1402545.1      Ca A                2102.30A   35.890    0.0109      He 2                2.34631m   35.100    0.0018
nFnu                1262.79A   39.607   56.7383      Ca A                2097.07A   35.823    0.0093      He 2                2.16456m   35.017    0.0015
nInu                1262.79A   44.084 1703528.1      Ca A                2092.59A   35.760    0.0081      He 2                2.03725m   34.939    0.0012
nFnu                1218.08A   39.523   46.8043      Ca A                2088.73A   35.699    0.0070      He 2                1.94368m   34.866    0.0010
nInu                1218.08A   44.430 3774813.2      Ca A                2085.37A   35.642    0.0061      He 2                1.62407m   35.374    0.0033
nFnu                1196.33A   39.520   46.4583      Ca A                2082.42A   35.586    0.0054      He 2                9.71043m   35.264    0.0026
nInu                1196.33A   44.273 2628773.2      Ca A                4541.46A   36.572    0.0524      He 2                5.58107m   35.113    0.0018
nFnu                1175.06A   39.517   46.1033      Ca A                4338.55A   36.432    0.0379      He 2                4.21710m   35.027    0.0015
nInu                1175.06A   44.115 1828658.5      Ca A                4199.71A   36.306    0.0284      He 2                3.54320m   34.942    0.0012
nFnu                1143.64A   39.510   45.4427      Ca A                4099.92A   36.191    0.0218      He 2                3.14449m   34.860    0.0010
nInu                1143.64A   44.029 1498179.0      Ca A                4025.48A   36.086    0.0171      He 2                2.11969m   35.222    0.0023
nFnu                1113.22A   39.505   44.8345      Ca A                3968.32A   35.988    0.0137      He 2                13.1242m   34.934    0.0012
nInu                1113.22A   44.019 1466097.2      Ca A                3923.37A   35.898    0.0111      He 2                7.45447m   34.874    0.0011
nFnu                1103.23A   39.503   44.6797      Ca A                3887.33A   35.814    0.0091      He 2                2.71161m   35.085    0.0017
nInu                1103.23A   44.007 1424868.9      Ca A                3857.96A   35.734    0.0076      He 2                3.41776m   34.961    0.0013
nFnu                1073.86A   39.497   44.0506      Ca A                3833.69A   35.660    0.0064      Ca A                33.7359A   36.056    0.0160
nInu                1073.86A   44.030 1503686.5      Ca A                3813.38A   35.589    0.0054      Ca A                28.4662A   35.304    0.0028
nFnu                1064.34A   39.495   43.8109      Ca A                3796.22A   35.522    0.0047      Ca A                26.9901A   34.867    0.0010
nInu                1064.34A   44.034 1516689.2      Ca A                3781.57A   35.459    0.0040      Ca A                182.236A   35.083    0.0017
nFnu                1035.92A   39.488   43.1636      Ca A                3768.96A   35.398    0.0035      Ca B                182.236A   35.204    0.0022
nInu                1035.92A   44.102 1772432.6      Ca A                3758.03A   35.340    0.0031      C  6                67.4753A   35.231    0.0024
nFnu                1000.00A   39.479   42.2582      Ca A                3748.49A   35.285    0.0027      C  6                33.7359A   35.953    0.0126
nInu                1000.00A   44.036 1525740.9      Ca A                7592.50A   36.192    0.0218      C  6                28.4662A   35.312    0.0029
nFnu                925.144A   39.459   40.3423      Ca A                7177.28A   36.065    0.0163      C  6                26.9901A   34.894    0.0011
nInu                925.144A   44.004 1415471.1      Ca A                6890.67A   35.950    0.0125      C  6                26.0262A   34.859    0.0010
nFnu                897.800A   40.408  358.9390      Ca A                6682.98A   35.845    0.0098      C  6                25.5588A   35.156    0.0020
nInu                897.800A   43.995 1386072.2      Ca A                6526.88A   35.747    0.0078      C  6                182.183A   34.877    0.0011
nFnu                760.023A   40.324  295.5173      Ca A                6406.17A   35.656    0.0064      Ca A                24.7810A   35.417    0.0037
nInu                760.023A   43.944 1234035.8      Ca A                6310.64A   35.572    0.0052      N  7                24.7810A   35.306    0.0028
nFnu                701.514A   40.273  263.0674      Ca A                6233.61A   35.492    0.0044      Ca A                18.9689A   35.880    0.0106
nInu                701.514A   43.920 1167070.2      Ca A                6170.48A   35.418    0.0037      Ca A                16.0065A   35.091    0.0017
nFnu                608.160A   40.167  205.9510      Ca A                6118.06A   35.347    0.0031      Ca A                102.492A   34.931    0.0012
nInu                608.160A   43.877 1056016.6      Ca A                6073.99A   35.280    0.0027      Ca B                102.492A   35.038    0.0015
nFnu                575.146A   40.120  184.7769      Ca A                6036.58A   35.216    0.0023      O  8                37.9413A   35.028    0.0015
nInu                575.146A   43.859 1015076.6      Ca A                6004.52A   35.156    0.0020      O  8                18.9689A   35.766    0.0082
nFnu                511.948A   40.016  145.5439      Ca A                5976.82A   35.098    0.0018      O  8                16.0065A   35.117    0.0018
nInu                511.948A   43.824 935705.56      Ca A                5952.73A   35.042    0.0015      O  8                14.3717A   35.032    0.0015
nFnu                496.874A   39.988  136.6021      Ca A                3.09074m   36.438    0.0385      He-like iso-sequence...........................
nInu                496.874A   43.815 916314.12      Ca A                1.87427m   36.282    0.0269      He 1                584.334A   34.965    0.0013
nFnu                399.153A   39.787   85.9314      Ca A                1.47599m   36.129    0.0189      He 1                625.563A   35.688    0.0068
nInu                399.153A   43.748 785816.19      Ca A                1.28124m   35.989    0.0137      He 1                343.773A   35.600    0.0056
RRC............................................      Ca A                1.16728m   35.863    0.0102      C  5                40.2678A   35.277    0.0027
H  1                911.753A   39.958  127.3154      Ca A                1.09332m   35.747    0.0078      C  5                41.4721A   35.931    0.0120
H  1                3645.98A   38.772    8.3072      Ca A                1.04194m   35.642    0.0061      TOTL                29.0840A   34.956    0.0013
H  1                3645.98A   38.836    9.6096      Ca A                1.00449m   35.544    0.0049      N  6                29.0840A   34.955    0.0013
H  1                8203.53A   38.159    2.0224      Ca A                9761.80A   35.453    0.0040      N  6                28.7870A   35.085    0.0017
H  1                8203.53A   38.257    2.5333      Ca A                9541.71A   35.368    0.0033      N  6                29.5343A   35.693    0.0069
H  1                8203.53A   37.844    0.9788      Ca A                9366.69A   35.289    0.0027      O  7                43.5884A   35.114    0.0018
H  1                1.45841m   37.749    0.7863      Ca A                9224.90A   35.214    0.0023      TOTL                21.8070A   35.859    0.0101
H  1                1.45841m   37.850    0.9940      Ca A                9108.20A   35.143    0.0020      O  7                21.8070A   35.855    0.0101
H  1                1.45841m   37.533    0.4781      Ca A                9010.89A   35.076    0.0017      O  7                21.6020A   35.871    0.0104
H  1                1.45841m   36.941    0.1226      Ca A                8928.79A   35.012    0.0014      O  7                18.6270A   35.267    0.0026
H  1                2.27876m   37.440    0.3864      Ca A                8858.83A   34.952    0.0013      O  7                17.7680A   34.868    0.0010
H  1                2.27876m   37.542    0.4884      Ca A                8798.68A   34.894    0.0011      O  7                22.1012A   36.448    0.0394
H  1                2.27876m   37.252    0.2508      Ca A                4.76203m   36.075    0.0167      O  7                17.2034A   35.263    0.0026
H  1                2.27876m   36.797    0.0879      Ca A                2.82513m   35.945    0.0124      O  7                17.0870A   35.115    0.0018
H  1                2.27876m   36.129    0.0189      Ca A                2.18843m   35.811    0.0091      O  7                17.0122A   35.011    0.0014
H  1                3.28142m   37.192    0.2185      Ca A                1.87567m   35.686    0.0068      O  7                16.9613A   34.962    0.0013
H  1                3.28142m   37.293    0.2757      Ca A                1.69177m   35.572    0.0052      O  7                16.9251A   35.500    0.0044
H  1                3.28142m   37.015    0.1454      Ca A                1.57184m   35.466    0.0041      O  7                120.333A   34.976    0.0013
H  1                3.28142m   36.609    0.0570      Ca A                1.48813m   35.368    0.0033      O  7                128.412A   35.207    0.0023
H  1                3.28142m   36.105    0.0179      Ca A                1.42683m   35.278    0.0027      TOTL                13.5529A   34.885    0.0011
H  1                3.28142m   35.398    0.0035      Ca A                1.38030m   35.193    0.0022      Ne 9                13.5529A   34.869    0.0010
H  1                4.46637m   36.985    0.1356      Ca A                1.34397m   35.113    0.0018      Ne 9                13.6987A   35.391    0.0035
H  1                4.46637m   37.086    0.1709      Ca A                1.31497m   35.038    0.0015      Pho+                3889.00A   36.792    0.0869
H  1                4.46637m   36.813    0.0913      Ca A                1.29138m   34.967    0.0013      extra Lyman....................................
H  1                4.46637m   36.430    0.0377      Ca A                1.27191m   34.900    0.0011      database lines.................................
H  1                4.46637m   35.991    0.0137      Ca A                6.94582m   35.755    0.0080      N  5                1238.82A   35.990    0.0137
H  1                4.46637m   35.470    0.0041      Ca A                4.04934m   35.646    0.0062      N  5                1242.80A   35.690    0.0069
H  1                5.83363m   36.807    0.0900      Ca A                3.09455m   35.527    0.0047      O  5                1218.34A   35.815    0.0092
H  1                5.83363m   36.907    0.1133      Ca A                2.62397m   35.415    0.0036      O  5                1213.81A   35.991    0.0137
H  1                5.83363m   36.638    0.0609      Ca A                2.34631m   35.310    0.0029      O  5                629.732A   36.485    0.0429
H  1                5.83363m   36.266    0.0259      Ca A                2.16456m   35.213    0.0023      Si 7                2146.64A   35.261    0.0026
H  1                5.83363m   35.860    0.0102      Ca A                2.03725m   35.122    0.0019      Si 7                2.48071m   34.940    0.0012
H  1                5.83363m   35.418    0.0037      Ca A                1.94368m   35.038    0.0015      Si 9                1984.88A   35.204    0.0022
H  1                5.83363m   34.886    0.0011      Ca A                1.87242m   34.958    0.0013      Si 9                2149.31A   35.541    0.0049
H  1                7.38319m   36.651    0.0628      Ca A                1.81660m   34.883    0.0011      Si 9                2.58394m   35.670    0.0066
H  1                7.38319m   36.750    0.0790      Ca A                9.71043m   35.469    0.0041      Si 9                3.92820m   35.876    0.0105
H  1                7.38319m   36.483    0.0426      Ca A                5.58107m   35.377    0.0033      Al 9                2.04444m   34.993    0.0014
H  1                7.38319m   36.118    0.0184      Ca A                4.21710m   35.271    0.0026      Ar10                5534.02A   34.951    0.0013
H  1                7.38319m   35.731    0.0075      Ca A                3.54320m   35.169    0.0021      C  4                1550.78A   35.172    0.0021
H  1                7.38319m   35.331    0.0030      Ca A                3.14449m   35.073    0.0017      C  4                1548.19A   35.472    0.0042
H  1                7.38319m   34.890    0.0011      Ca A                2.88278m   34.983    0.0013      Ca 8                2.32117m   35.186    0.0022
H  1                9.11505m   36.511    0.0455      Ca A                2.69895m   34.898    0.0011      Ca 9                466.240A   34.961    0.0013
H  1                9.11505m   36.611    0.0572      Ca A                13.1242m   35.210    0.0023      Fe10                6374.54A   36.329    0.0299
H  1                9.11505m   36.344    0.0310      Ca A                7.45447m   35.133    0.0019      Fe11                7891.87A   35.624    0.0059
H  1                9.11505m   35.984    0.0135      Ca A                5.57885m   35.038    0.0015      Fe11                2648.71A   35.693    0.0069
H  1                9.11505m   35.608    0.0057      Ca A                4.65042m   34.944    0.0012      Fe11                1467.07A   34.858    0.0010
H  1                9.11505m   35.234    0.0024      Ca A                4.09996m   34.856    0.0010      Fe12                2405.69A   34.892    0.0011
H  1                11.0292m   36.925    0.1180      Ca A                17.2555m   34.975    0.0013      Mg 7                9.00655m   35.399    0.0035
H  1                13.1257m   36.812    0.0909      Ca A                9.70372m   34.909    0.0011      Mg 7                5.50177m   35.296    0.0028
H  1                15.4044m   36.708    0.0716      Ca B                992.360A   37.770    0.8257      Mg 7                2508.99A   35.142    0.0019
H  1                17.8655m   36.612    0.0574      Ca B                972.108A   37.589    0.5450      Mg 7                2628.89A   35.546    0.0049
H  1                20.5089m   36.522    0.0467      Ca B                958.694A   37.432    0.3791      Mg 7                429.140A   35.020    0.0015
H  1                23.3345m   36.438    0.0385      Ca B                949.324A   37.292    0.2746      Mg 8                3.02765m   35.911    0.0114
H  1                26.3425m   36.359    0.0321      Ca B                942.508A   37.165    0.2053      Mg 8                430.455A   35.528    0.0047
H  1                29.5328m   36.285    0.0270      Ca B                937.389A   37.051    0.1576      Mg 8                782.364A   35.214    0.0023
H  1                32.9053m   36.214    0.0230      Ca B                933.444A   36.945    0.1237      Mg 8                772.262A   35.179    0.0021
H  1                36.4602m   36.148    0.0197      Ca B                930.337A   36.848    0.0989      Mg 8                436.734A   34.922    0.0012
H  1                40.1974m   36.084    0.0170      Ca B                927.846A   36.758    0.0803      Mg 9                706.061A   35.456    0.0040
H  1                44.1168m   36.024    0.0148      Ca B                925.817A   36.673    0.0661      Mg 9                694.007A   34.918    0.0012
H  1                48.2186m   35.966    0.0130      Ca B                924.142A   36.594    0.0551      Mg 9                368.071A   35.680    0.0067
H  1                52.5027m   35.910    0.0114      Ca B                922.743A   36.519    0.0464      Mg10                624.943A   35.455    0.0040
H  1                56.9691m   37.044    0.1554      Ca B                921.562A   36.449    0.0394      Mg10                609.794A   35.715    0.0073
He 2                227.838A   40.137  192.5136      Ca B                920.556A   36.382    0.0338      Ne 6                7.64318m   35.645    0.0062
He 2                911.351A   38.814    9.1344      Ca B                919.693A   36.318    0.0292      Ne 6                997.031A   35.042    0.0015
He 2                911.351A   39.106   17.9018      Ca B                918.945A   36.257    0.0254      Ne 6                558.685A   35.905    0.0113
He 2                2049.88A   38.114    1.8240      Ca B                918.295A   36.199    0.0222      Ne 6                401.154A   35.230    0.0024
He 2                2049.88A   38.450    3.9508      Ca B                917.724A   36.144    0.0195      Ne 6                1010.21A   34.989    0.0014
He 2                2049.88A   38.274    2.6359      Ca B                2385.35A   37.098    0.1758      Ne 6                1005.69A   35.452    0.0040
He 2                3644.36A   37.654    0.6322      Ca B                2306.15A   36.941    0.1225      Ne 6                999.183A   35.443    0.0039
He 2                3644.36A   37.994    1.3849      Ca B                2252.64A   36.802    0.0889      Ne 6                562.703A   35.255    0.0025
He 2                3644.36A   37.921    1.1701      Ca B                2214.62A   36.676    0.0666      Ne 6                562.798A   35.158    0.0020
He 2                3644.36A   37.511    0.4549      Ca B                2186.56A   36.562    0.0511      Ne 6                435.641A   34.986    0.0014
He 2                5694.36A   37.315    0.2900      Ca B                2165.20A   36.457    0.0402      Ne 6                403.270A   34.997    0.0014
He 2                5694.36A   37.655    0.6337      Ca B                2148.55A   36.360    0.0321      Ne 6                401.928A   35.080    0.0017
He 2                5694.36A   37.612    0.5739      Ca B                2135.31A   36.270    0.0261      Ne 7                895.174A   35.936    0.0121
He 2                5694.36A   37.344    0.3099      Ca B                2124.58A   36.185    0.0215      Ne 7                887.279A   36.091    0.0173
He 2                5694.36A   36.793    0.0872      Ca B                2115.78A   36.106    0.0179      Ne 7                465.220A   36.620    0.0584
He 2                8199.90A   37.049    0.1569      Ca B                2108.46A   36.032    0.0151      Ne 8                780.325A   36.617    0.0580
He 2                8199.90A   37.386    0.3415      Ca B                2102.30A   35.961    0.0128      Ne 8                770.410A   36.887    0.1081
He 2                8199.90A   37.355    0.3175      Ca B                2097.07A   35.894    0.0110      O  6                1037.62A   37.001    0.1407
He 2                8199.90A   37.139    0.1932      Ca B                2092.59A   35.831    0.0095      O  6                1031.91A   37.300    0.2798
He 2                8199.90A   36.758    0.0804      Ca B                2088.73A   35.770    0.0083      S 10                1212.93A   34.968    0.0013
He 2                8199.90A   36.120    0.0185      Ca B                2085.37A   35.713    0.0072      S 10                1196.22A   35.064    0.0016
He 2                1.11610m   36.829    0.0946      Ca B                2082.42A   35.657    0.0064      S 11                1.91960m   35.189    0.0022
He 2                1.11610m   37.165    0.2051      Ca B                4541.46A   36.612    0.0574      S 11                1.39238m   34.907    0.0011
He 2                1.11610m   37.138    0.1928      Ca B                4338.55A   36.472    0.0416      S  9                1.25201m   34.932    0.0012
He 2                1.11610m   36.947    0.1240      Ca B                4199.71A   36.347    0.0312      S  9                1715.41A   35.193    0.0022
He 2                1.11610m   36.634    0.0604      Ca B                4099.92A   36.232    0.0239      Si10                1.43008m   35.744    0.0078
He 2                1.11610m   36.186    0.0215      Ca B                4025.48A   36.127    0.0188      Si 8                1445.74A   35.805    0.0089
He 2                1.11610m   35.490    0.0043      Ca B                3968.32A   36.030    0.0150      Si 8                1440.51A   35.947    0.0124
He 2                1.45776m   36.642    0.0615      Ca B                3923.37A   35.940    0.0122      Si 8                949.354A   34.922    0.0012
He 2                1.45776m   36.977    0.1329      Ca B                3887.33A   35.855    0.0101      Si 8                944.467A   35.214    0.0023
He 2                1.45776m   36.952    0.1256      Ca B                3857.96A   35.776    0.0084      Si 8                319.840A   35.062    0.0016
He 2                1.45776m   36.773    0.0832      Ca B                3833.69A   35.701    0.0071      Si 8                316.218A   34.857    0.0010
He 2                1.45776m   36.496    0.0439      Ca B                3813.38A   35.631    0.0060      level 1 lines..................................
He 2                1.45776m   36.129    0.0189      Ca B                3796.22A   35.564    0.0051      recombination..................................
He 2                1.45776m   35.638    0.0061      Ca B                3781.57A   35.501    0.0044      level2 lines...................................
He 2                1.45776m   34.899    0.0011      Ca B                3768.96A   35.440    0.0039      hyperfine structure............................
He 2                1.84498m   36.479    0.0423      Ca B                3758.03A   35.382    0.0034      inner shell....................................
He 2                1.84498m   36.813    0.0912      Ca B                3748.49A   35.327    0.0030      Fe 8                185.328A   35.090    0.0017
He 2                1.84498m   36.789    0.0864      Ca B                7592.50A   36.218    0.0232      Fe 8                190.745A   35.077    0.0017
He 2                1.84498m   36.618    0.0582      Ca B                7177.28A   36.092    0.0173      Fe 9                200.622A   34.976    0.0013
He 2                1.84498m   36.360    0.0321      Ca B                6890.67A   35.977    0.0133      Fe 9                194.333A   35.998    0.0140
He 2                1.84498m   36.038    0.0153      Ca B                6682.98A   35.872    0.0104      Fe 9                200.622A   35.984    0.0135
He 2                1.84498m   35.639    0.0061      Ca B                6526.88A   35.775    0.0083      molecules......................................
He 2                1.84498m   35.117    0.0018      Ca B                6406.17A   35.684    0.0068      blends.........................................
He 2                2.27776m   36.335    0.0304      Ca B                6310.64A   35.600    0.0056      Blnd                615.000A   35.905    0.0113
He 2                2.27776m   36.668    0.0653      Ca B                6233.61A   35.520    0.0046      Blnd                895.000A   36.321    0.0294
He 2                2.27776m   36.645    0.0620      Ca B                6170.48A   35.446    0.0039      Blnd                774.000A   37.074    0.1662
He 2                2.27776m   36.478    0.0422      Ca B                6118.06A   35.375    0.0033      Blnd                1549.00A   35.657    0.0064
He 2                2.27776m   36.232    0.0239      Ca B                6073.99A   35.308    0.0029      Blnd                1240.00A   36.166    0.0206
He 2                2.27776m   35.936    0.0121      Ca B                6036.58A   35.244    0.0025      Blnd                789.000A   34.915    0.0012
He 2                2.27776m   35.590    0.0055      Ca B                6004.52A   35.184    0.0021      Blnd                630.000A   36.486    0.0430
He 2                2.27776m   35.169    0.0021      Ca B                5976.82A   35.126    0.0019      Blnd                1218.00A   36.213    0.0229
He 2                2.75608m   37.117    0.1838      Ca B                5952.73A   35.070    0.0016      Blnd                1035.00A   37.477    0.4205
He 2                3.27997m   37.005    0.1418      Ca B                3.09074m   36.449    0.0395

                                                    Emergent line intensities
 Caution: emergent intensities are not reliable on the first iteration.
general properties.............................      H  1                12.3684m   35.624    0.0059      He 2                1.57184m   35.276    0.0026
continua.......................................      H  1                7.50038m   35.504    0.0045      He 2                1.48813m   35.192    0.0022
FIR                 83.0000m   43.118 183945.75      H  1                5.90655m   35.370    0.0033      He 2                1.42683m   35.113    0.0018
TIR                 1800.00m   36.681    0.0674      H  1                5.12722m   35.243    0.0025      He 2                1.38030m   35.040    0.0015
NIRa                2.85000m   44.248 2482513.0      H  1                4.67119m   35.048    0.0016      He 2                1.34397m   34.972    0.0013
NIRb                3.00000m   43.838 965452.38      H  1                4.37522m   34.942    0.0012      He 2                1.31497m   34.909    0.0011
MIRa                15.0000m   43.907 1132851.0      H  1                3.48198m   35.054    0.0016      He 2                1.21105m   35.547    0.0049
MIRb                22.5000m   43.982 1345980.6      H  1                19.0565m   35.241    0.0024      He 2                6.94582m   35.563    0.0051
NMIR                21.7500m   44.248 2482513.0      H  1                11.3055m   35.143    0.0020      He 2                4.04934m   35.493    0.0044
TFIR                611.250m   37.241    0.2446      H  1                8.75760m   35.027    0.0015      He 2                3.09455m   35.282    0.0027
TALL                10000.0A   44.707 7142528.0      H  1                4.84633m   34.855    0.0010      He 2                2.62397m   35.188    0.0022
F12                 12.0000m   43.465 409491.06      H  1                27.7955m   34.907    0.0011      He 2                2.34631m   35.100    0.0018
F25                 25.0000m   43.251 249999.05      He 2                303.784A   39.890  108.8628      He 2                2.16456m   35.017    0.0015
F60                 60.0000m   43.078 167842.53      He 2                256.317A   39.283   26.9258      He 2                2.03725m   34.939    0.0012
F100                100.000m   41.931 11956.725      He 2                243.027A   38.881   10.6564      He 2                1.94368m   34.866    0.0010
MIPS                24.0000m   42.955 126531.66      He 2                237.331A   38.578    5.3087      He 2                1.62407m   35.374    0.0033
MIPS                70.0000m   42.505 44899.074      He 2                234.347A   38.334    3.0297      He 2                9.71043m   35.264    0.0026
MIPS                160.000m   36.495    0.0439      He 2                232.584A   38.130    1.8921      He 2                5.58107m   35.113    0.0018
IRAC                3.60000m   43.068 163960.31      He 2                231.454A   37.953    1.2602      He 2                4.21710m   35.027    0.0015
IRAC                4.50000m   43.103 177772.72      He 2                230.686A   37.798    0.8807      He 2                3.54320m   34.942    0.0012
IRAC                5.80000m   43.140 193455.56      He 2                230.139A   37.658    0.6389      He 2                3.14449m   34.860    0.0010
IRAC                8.00000m   43.296 277224.12      He 2                229.736A   37.943    1.2314      He 2                2.11969m   35.222    0.0023
SPR1                250.000m   36.473    0.0417      He 2                229.431A   37.842    0.9746      He 2                13.1242m   34.934    0.0012
SPR2                350.000m   36.352    0.0316      He 2                229.194A   37.748    0.7858      He 2                7.45447m   34.874    0.0011
SPR3                500.000m   36.294    0.0276      He 2                229.006A   37.662    0.6439      He 2                2.71161m   35.085    0.0017
PAC1                70.0000m   42.563 51319.312      He 2                228.855A   37.581    0.5352      He 2                3.41776m   34.961    0.0013
PAC2                100.000m   41.882 10696.666      He 2                228.731A   37.507    0.4508      C  6                33.7359A   35.953    0.0126
PAC3                160.000m   36.773    0.0832      He 2                228.629A   37.438    0.3844      C  6                28.4662A   35.312    0.0029
PAH                 3.30000m   42.210 22748.084      He 2                228.543A   37.374    0.3318      C  6                26.9901A   34.894    0.0011
PAHC                3.23000m   41.918 11603.088      He 2                228.471A   37.315    0.2900      C  6                26.0262A   34.859    0.0010
PAHC                3.37000m   41.903 11234.054      He 2                228.409A   37.263    0.2570      C  6                25.5588A   35.156    0.0020
PAH                 6.20000m   42.657 63748.172      He 2                228.356A   37.218    0.2319      C  6                182.183A   34.876    0.0011
PAHC                5.65000m   42.694 69395.797      He 2                228.309A   37.185    0.2146      N  7                24.7810A   35.306    0.0028
PAH                 7.90000m   42.843 97790.484      He 2                228.269A   37.171    0.2080      O  8                18.9689A   35.766    0.0082
PAHC                6.90000m   42.909 113773.48      He 2                228.234A   37.208    0.2266      O  8                16.0065A   35.117    0.0018
PAH                 11.3000m   42.258 25428.312      He 2                228.203A   38.009    1.4327      O  8                14.3717A   35.032    0.0015
PAHC                10.9000m   42.281 26771.461      He 2                1640.43A   38.768    8.2281      He-like iso-sequence...........................
PAH                 11.8000m   42.473 41717.133      He 2                1215.13A   38.359    3.2063      He 1                584.334A   34.965    0.0013
PAHC                12.6500m   42.441 38703.086      He 2                1084.94A   38.048    1.5667      He 1                625.563A   35.688    0.0068
PAH                 13.3000m   42.473 41660.059      He 2                1025.27A   37.800    0.8852      He 1                343.773A   35.600    0.0056
PAHC                14.1000m   42.441 38717.484      He 2                992.360A   37.594    0.5505      C  5                40.2678A   35.276    0.0027
Bcon                3640.00A   44.116 1831132.2      He 2                972.108A   37.417    0.3665      C  5                41.4721A   35.931    0.0120
Pcon                5000.00A   43.598 555924.75      He 2                958.694A   37.262    0.2566      N  6                29.0840A   34.955    0.0013
O3bn                5007.00A   42.093 17394.537      He 2                949.324A   37.124    0.1869      N  6                28.7870A   35.085    0.0017
SX                  25.0000A   43.053 158447.72      He 2                942.508A   37.080    0.1685      N  6                29.5343A   35.693    0.0069
HX                  4.70000A   42.804 89259.664      He 2                937.389A   36.978    0.1334      O  7                21.8070A   35.855    0.0101
RRC............................................      He 2                933.444A   36.885    0.1076      O  7                21.6020A   35.871    0.0104
grains.........................................      He 2                930.337A   36.799    0.0882      O  7                18.6270A   35.267    0.0026
H-like iso-sequence............................      He 2                927.846A   36.718    0.0734      O  7                17.7680A   34.868    0.0010
H  1                1215.67A   40.793  871.7746      He 2                925.817A   36.644    0.0618      O  7                22.1012A   36.448    0.0394
H  1                1025.72A   38.878   10.5849      He 2                924.142A   36.575    0.0527      O  7                17.2034A   35.263    0.0026
H  1                972.537A   38.474    4.1760      He 2                922.743A   36.511    0.0455      O  7                17.0870A   35.115    0.0018
H  1                949.743A   38.166    2.0579      He 2                921.562A   36.453    0.0398      O  7                17.0122A   35.011    0.0014
H  1                937.804A   37.879    1.0614      He 2                920.556A   36.400    0.0353      O  7                16.9613A   34.962    0.0013
H  1                930.748A   37.671    0.6579      He 2                919.693A   36.356    0.0318      O  7                16.9251A   35.500    0.0044
H  1                926.226A   37.491    0.4347      He 2                918.945A   36.322    0.0295      O  7                120.333A   34.975    0.0013
H  1                923.150A   37.332    0.3014      He 2                918.295A   36.309    0.0286      O  7                128.412A   35.206    0.0023
H  1                920.963A   37.189    0.2170      He 2                917.724A   36.346    0.0311      Ne 9                13.5529A   34.869    0.0010
H  1                919.351A   37.324    0.2956      He 2                917.221A   37.147    0.1967      Ne 9                13.6987A   35.391    0.0035
H  1                918.129A   37.215    0.2302      He 2                4685.64A   37.909    1.1369      extra Lyman....................................
H  1                917.181A   37.115    0.1830      He 2                3203.04A   37.633    0.6022      database lines.................................
H  1                916.429A   37.023    0.1480      He 2                2733.24A   37.391    0.3455      N  5                1238.82A   35.990    0.0137
H  1                915.824A   36.938    0.1216      He 2                2511.15A   37.187    0.2157      N  5                1242.80A   35.690    0.0069
H  1                915.329A   36.859    0.1014      He 2                2385.35A   37.010    0.1436      O  5                1218.34A   35.815    0.0092
H  1                914.919A   36.785    0.0856      He 2                2306.15A   36.855    0.1005      O  5                1213.81A   35.991    0.0137
H  1                914.576A   36.718    0.0732      He 2                2252.64A   36.717    0.0732      O  5                629.732A   36.485    0.0428
H  1                914.286A   36.655    0.0634      He 2                2214.62A   36.564    0.0514      Si 7                2146.64A   35.261    0.0026
H  1                914.039A   36.599    0.0558      He 2                2186.56A   36.463    0.0408      Si 7                2.48071m   34.940    0.0012
H  1                913.826A   36.551    0.0499      He 2                2165.20A   36.370    0.0329      Si 9                1984.88A   35.204    0.0022
H  1                913.641A   36.514    0.0458      He 2                2148.55A   36.284    0.0270      Si 9                2149.31A   35.541    0.0049
H  1                913.480A   36.496    0.0440      He 2                2135.31A   36.204    0.0225      Si 9                2.58394m   35.670    0.0066
H  1                913.339A   36.528    0.0473      He 2                2124.58A   36.130    0.0189      Si 9                3.92820m   35.876    0.0105
H  1                913.215A   37.317    0.2913      He 2                2115.78A   36.061    0.0161      Al 9                2.04444m   34.993    0.0014
H  1                6562.81A   38.252    2.5046      He 2                2108.46A   35.997    0.0139      Ar10                5534.02A   34.951    0.0013
H  1                4861.33A   37.853    1.0000      He 2                2102.30A   35.939    0.0122      C  4                1550.78A   35.172    0.0021
H  1                4340.46A   37.547    0.4942      He 2                2097.07A   35.887    0.0108      C  4                1548.19A   35.472    0.0042
H  1                4101.73A   37.271    0.2616      He 2                2092.59A   35.842    0.0098      Ca 8                2.32117m   35.186    0.0022
H  1                3970.07A   37.064    0.1626      He 2                2088.73A   35.809    0.0090      Ca 9                466.240A   34.961    0.0013
H  1                3889.05A   36.886    0.1080      He 2                2085.37A   35.795    0.0088      Fe10                6374.54A   36.329    0.0299
H  1                3835.38A   36.730    0.0754      He 2                2082.42A   35.832    0.0095      Fe11                7891.87A   35.624    0.0059
H  1                3797.89A   36.591    0.0547      He 2                2079.84A   36.633    0.0603      Fe11                2648.71A   35.693    0.0069
H  1                3770.63A   36.460    0.0404      He 2                1.01233m   37.259    0.2548      Fe11                1467.07A   34.858    0.0010
H  1                3750.15A   36.351    0.0315      He 2                6559.91A   37.059    0.1609      Fe12                2405.69A   34.892    0.0011
H  1                3734.36A   36.252    0.0251      He 2                5411.37A   36.865    0.1029      Mg 7                9.00655m   35.399    0.0035
H  1                3721.93A   36.160    0.0203      He 2                4859.18A   36.693    0.0691      Mg 7                5.50177m   35.296    0.0028
H  1                3711.97A   36.075    0.0167      He 2                4541.46A   36.539    0.0486      Mg 7                2508.99A   35.142    0.0019
H  1                3703.85A   35.996    0.0139      He 2                4338.55A   36.402    0.0354      Mg 7                2628.89A   35.546    0.0049
H  1                3697.15A   35.923    0.0117      He 2                4199.71A   36.195    0.0220      Mg 7                429.140A   35.020    0.0015
H  1                3691.55A   35.855    0.0100      He 2                4099.92A   36.095    0.0174      Mg 8                3.02765m   35.911    0.0114
H  1                3686.83A   35.793    0.0087      He 2                4025.48A   36.002    0.0141      Mg 8                430.455A   35.528    0.0047
H  1                3682.80A   35.737    0.0077      He 2                3968.32A   35.916    0.0116      Mg 8                782.364A   35.213    0.0023
H  1                3679.35A   35.688    0.0068      He 2                3923.37A   35.836    0.0096      Mg 8                772.262A   35.178    0.0021
H  1                3676.36A   35.651    0.0063      He 2                3887.33A   35.762    0.0081      Mg 8                436.734A   34.922    0.0012
H  1                3673.75A   35.633    0.0060      He 2                3857.96A   35.693    0.0069      Mg 9                706.061A   35.456    0.0040
H  1                3671.47A   35.666    0.0065      He 2                3833.69A   35.630    0.0060      Mg 9                694.007A   34.918    0.0012
H  1                3669.46A   36.455    0.0400      He 2                3813.38A   35.572    0.0052      Mg 9                368.071A   35.680    0.0067
H  1                1.87510m   37.305    0.2830      He 2                3796.22A   35.519    0.0046      Mg10                624.943A   35.455    0.0040
H  1                1.28180m   37.047    0.1562      He 2                3781.57A   35.475    0.0042      Mg10                609.794A   35.715    0.0073
H  1                1.09380m   36.793    0.0871      He 2                3768.96A   35.441    0.0039      Ne 6                7.64318m   35.645    0.0062
H  1                1.00493m   36.592    0.0549      He 2                3758.03A   35.428    0.0038      Ne 6                997.031A   35.042    0.0015
H  1                9545.93A   36.417    0.0367      He 2                3748.49A   35.465    0.0041      Ne 6                558.685A   35.905    0.0113
H  1                9228.97A   36.263    0.0257      He 2                3740.11A   36.266    0.0259      Ne 6                401.154A   35.229    0.0024
H  1                9014.87A   36.126    0.0187      He 2                1.86362m   36.731    0.0755      Ne 6                1010.21A   34.989    0.0014
H  1                8862.74A   35.945    0.0123      He 2                1.16260m   36.582    0.0535      Ne 6                1005.69A   35.452    0.0040
H  1                8750.43A   35.837    0.0096      He 2                9344.62A   36.422    0.0371      Ne 6                999.183A   35.443    0.0039
H  1                8664.98A   35.737    0.0077      He 2                8236.51A   36.274    0.0264      Ne 6                562.703A   35.254    0.0025
H  1                8598.35A   35.646    0.0062      He 2                7592.50A   36.140    0.0194      Ne 6                562.798A   35.158    0.0020
H  1                8545.34A   35.561    0.0051      He 2                7177.28A   35.906    0.0113      Ne 6                435.641A   34.985    0.0014
H  1                8502.44A   35.482    0.0043      He 2                6890.67A   35.806    0.0090      Ne 6                403.270A   34.997    0.0014
H  1                8467.21A   35.409    0.0036      He 2                6682.98A   35.714    0.0073      Ne 6                401.928A   35.080    0.0017
H  1                8437.91A   35.341    0.0031      He 2                6526.88A   35.629    0.0060      Ne 7                895.174A   35.935    0.0121
H  1                8413.28A   35.279    0.0027      He 2                6406.17A   35.549    0.0050      Ne 7                887.279A   36.090    0.0172
H  1                8392.35A   35.223    0.0023      He 2                6310.64A   35.475    0.0042      Ne 7                465.220A   36.619    0.0584
H  1                8374.43A   35.175    0.0021      He 2                6233.61A   35.407    0.0036      Ne 8                780.325A   36.616    0.0579
H  1                8358.96A   35.138    0.0019      He 2                6170.48A   35.343    0.0031      Ne 8                770.410A   36.886    0.1080
H  1                8345.51A   35.120    0.0018      He 2                6118.06A   35.285    0.0027      O  6                1037.62A   37.001    0.1407
H  1                8333.74A   35.152    0.0020      He 2                6073.99A   35.233    0.0024      O  6                1031.91A   37.300    0.2798
H  1                8323.38A   35.941    0.0123      He 2                6036.58A   35.188    0.0022      S 10                1212.93A   34.968    0.0013
H  1                4.05113m   36.621    0.0586      He 2                6004.52A   35.155    0.0020      S 10                1196.22A   35.064    0.0016
H  1                2.62513m   36.417    0.0366      He 2                5976.82A   35.142    0.0019      S 11                1.91960m   35.189    0.0022
H  1                2.16551m   36.228    0.0237      He 2                5952.73A   35.179    0.0021      S 11                1.39238m   34.907    0.0011
H  1                1.94454m   36.059    0.0161      He 2                5931.63A   35.980    0.0134      S  9                1.25201m   34.932    0.0012
H  1                1.81740m   35.908    0.0114      He 2                3.09074m   36.285    0.0271      S  9                1715.41A   35.193    0.0022
H  1                1.73620m   35.772    0.0083      He 2                1.87427m   36.171    0.0208      Si10                1.43008m   35.744    0.0078
H  1                1.68064m   35.575    0.0053      He 2                1.47599m   36.038    0.0153      Si 8                1445.74A   35.805    0.0089
H  1                1.64071m   35.468    0.0041      He 2                1.28124m   35.910    0.0114      Si 8                1440.51A   35.947    0.0124
H  1                1.61092m   35.369    0.0033      He 2                1.16728m   35.668    0.0065      Si 8                949.354A   34.922    0.0012
H  1                1.58804m   35.278    0.0027      He 2                1.09332m   35.569    0.0052      Si 8                944.467A   35.214    0.0023
H  1                1.57006m   35.193    0.0022      He 2                1.04194m   35.478    0.0042      Si 8                319.840A   35.062    0.0016
H  1                1.55563m   35.114    0.0018      He 2                1.00449m   35.393    0.0035      Si 8                316.218A   34.857    0.0010
H  1                1.54388m   35.041    0.0015      He 2                9761.80A   35.314    0.0029      level 1 lines..................................
H  1                1.53417m   34.974    0.0013      He 2                9541.71A   35.240    0.0024      recombination..................................
H  1                1.52604m   34.912    0.0011      He 2                9366.69A   35.171    0.0021      level2 lines...................................
H  1                1.51917m   34.856    0.0010      He 2                9224.90A   35.108    0.0018      hyperfine structure............................
H  1                1.49672m   35.574    0.0053      He 2                9108.20A   35.050    0.0016      inner shell....................................
H  1                7.45777m   36.071    0.0165      He 2                9010.89A   34.998    0.0014      molecules......................................
H  1                4.65247m   35.921    0.0117      He 2                8928.79A   34.954    0.0013      blends.........................................
H  1                3.73951m   35.764    0.0082      He 2                8858.83A   34.920    0.0012      Blnd                615.000A   35.905    0.0113
H  1                3.29607m   35.619    0.0058      He 2                8798.68A   34.907    0.0011      Blnd                895.000A   36.320    0.0293
H  1                3.03835m   35.486    0.0043      He 2                8746.57A   34.945    0.0012      Blnd                774.000A   37.073    0.1659
H  1                2.87219m   35.286    0.0027      He 2                8701.09A   35.746    0.0078      Blnd                1549.00A   35.657    0.0064
H  1                2.75749m   35.180    0.0021      He 2                4.76203m   35.901    0.0112      Blnd                1240.00A   36.166    0.0206
H  1                2.67438m   35.081    0.0017      He 2                2.82513m   35.812    0.0091      Blnd                789.000A   34.914    0.0012
H  1                2.61191m   34.990    0.0014      He 2                2.18843m   35.699    0.0070      Blnd                630.000A   36.486    0.0429
H  1                2.56361m   34.906    0.0011      He 2                1.87567m   35.463    0.0041      Blnd                1218.00A   36.213    0.0229
H  1                2.37371m   35.288    0.0027      He 2                1.69177m   35.366    0.0033      Blnd                1035.00A   37.477    0.4205



 CIV QSO  
 Cooling:  HFBc                      0 :0.309 H  1c                     0 :0.077 HFFc                      0 :0.366  
 Heating:  BFH1                      0 :0.291 BFHe                      0 :0.701  

 These are some of the most important databases used by Cloudy:
 Many recombination coefficients were taken from http://amdpp.phys.strath.ac.uk/tamoc/RR/ and http://amdpp.phys.strath.ac.uk/tamoc/DR/
      and are based on the following papers:
        Badnell N. R., et al., A&A 406, 1151 (2003) [http://adsabs.harvard.edu/abs/2003A%26A...406.1151B]
        Badnell N. R., ApJS 167, 334 (2006) [http://adsabs.harvard.edu/abs/2006ApJS..167..334B]
 Much of the molecular emission data is from LAMDA as accessed on June 30, 2015. This database is described in:
        Schoeier F.L., et al., A&A 432, 369 (2005) [http://adsabs.harvard.edu/abs/2005A%26A...432..369S]
      This database is in part based on the work of the following groups:
        JPL: Pickett H. M. et al., JQSRT, 60, 883 (1998). [http://adsabs.harvard.edu/abs/1998JQSRT..60..883P]
        CDMS: Mueller H. S. et al., A&A 370, L49 (2001). [http://adsabs.harvard.edu/abs/2001A%26A...370L..49M]
              Mueller H. S. et al., J. Mol. Struct. 742, 215 (2005). [http://adsabs.harvard.edu/abs/2005JMoSt.742..215M]
 Some of the ionic emission data is from version 7.1.4 of CHIANTI. CHIANTI is a collaborative project involving the NRL (USA), the
      Universities of Florence (Italy) and Cambridge (UK), and George Mason University (USA). These papers describe Chianti:
        Dere K. P., et al., A&AS, 125, 149 (1997) [http://adsabs.harvard.edu/abs/1997A%26AS..125..149D]
        Landi E., et al., ApJ, 744, 99 (2012) [http://adsabs.harvard.edu/abs/2012ApJ...744...99L]
 Much of the H_2 data is from this web site: http://molat.obspm.fr/index.php?page=pages/Molecules/H2/H2can94.php. These data are
      described in:
        Abgrall H. et al., Can. J. Phys., 72, 856 (1994) [http://adsabs.harvard.edu/abs/1994CaJPh..72..856A]
        Wrathmall S. A. & Flower D. R., J. Phys. B, 40, 3221 (2007) [http://adsabs.harvard.edu/abs/2007JPhB...40.3221W]
 The Case A and Case B recombination predictions for one-electron systems are from
	Storey, P.J. & Hummer, D.G., 1995, MNRAS 272, 41 http://adsabs.harvard.edu/abs/1995MNRAS.272...41S
 The He I recombination predictions are from
	Porter, R. L.; Ferland, G. J.; Storey, P. J.; Detisch, M. J., 2012, MNRAS, 425, 28p http://adsabs.harvard.edu/abs/2012MNRAS.425L..28P
		http://adsabs.harvard.edu/abs/2013MNRAS.433L..89P

 If you find some process or data set to be particularly critical to a result, please follow the trail of references back to the
 original source and cite that.  This will support and encourage atomic, molecular, and chemical physicists to continue their
 valuable work.

 IONIZE PARMET:  U(1-)  2.9797  U(4-):  1.9568  U(sp): -0.14  Q(ion):   54.432  L(ion) 44.190    Q(low): 57.086    L(low) 44.549
 ENERGY BUDGET:  Heat:  40.080  Coolg:  40.080  Error:  0.0%  Rec Lin:  39.468  F-F  H  0.000    P(rad/tot)max     0.00E+00    R(F Con):1.737e+05

     Col(Heff):      0.000E+00  snd travl time  1.00E+17 sec  Te-low: 6.60E+04  Te-hi: 1.10E+06  G0TH85: 4.23E+02  G0DB96:4.11E+02
  Emiss Measure    n(e)n(p) dl       5.061E+16  n(e)n(He+)dl         7.038E+11  En(e)n(He++) dl         5.060E+15  ne nC+:4.55E+01
 He/Ha:8.88E-02  =   0.89*true  Lthin:3.10E+08  itr/zn: 4.45  H2 itr/zn:  0.00  File Opacity: F  MassTot 5.48e+43  (gm)
   Temps(21 cm)   T(21cm/Ly a)  1.08E+03        T(<nH/Tkin>)  6.94E+04          T(<nH/Tspin>)    1.17E+03          TB21cm:0.00E+00
                   N(H0/Tspin)  7.32E+10        N(OH/Tkin)    9.00E-23          B(21cm)          0.00E+00
   <a>:5.68E-13  erdeFe6.2E+24  Tcompt1.72E+14  Tthr1.31E+17  <Tden>: 8.65E+04  <dens>:7.44E-28  <MolWgt>6.12E-01
     Mean Jeans  l(cm)1.55E+24  M(sun)2.25E+11  smallest:     len(cm):5.89E+23  M(sun):8.02E+10  a_ox tran: -1.53
 Rion:3.162E+23  Dist:0.00E+00  Diam:0.000E+00
 Hatom level 70  HatomType: add  HInducImp  F  He tot level: 63  He2 level:   70  ExecTime   109.8
 ConvrgError(%)  <eden>  0.028  MaxEden  0.452  <H-C>   0.01  Max(H-C)    0.09  <Press>   0.000  MaxPrs er  0.000
  Continuity(%)  chng Te   6.1  elec den   6.0  n(H2)    0.0  n(CO)        0.0

                                                        Averaged Quantities
             Te      Te(Ne)   Te(NeNp)  Te(NeHe+)Te(NeHe2+) Te(NeO+)  Te(NeO2+)  Te(H2)     N(H)     Ne(O2+)   Ne(Np)
 Radius:  7.64e+04  8.65e+04  9.84e+04  7.13e+04  9.84e+04  6.76e+04  6.79e+04  6.73e+04  3.18e-04  2.16e-04  5.08e-04
   Area:  6.86e+04  7.07e+04  7.37e+04  6.94e+04  7.37e+04  6.73e+04  6.75e+04  6.71e+04  2.18e-04  1.98e-04  3.43e-04
 Volume:  6.74e+04  6.83e+04  6.97e+04  6.83e+04  6.97e+04  6.70e+04  6.72e+04  6.68e+04  1.77e-04  1.84e-04  2.61e-04
 
 Peimbert T(OIIIr)4.78E+04 T(Bac)2.01E+04 T(Hth)0.00E+00 t2(Hstrc) 6.54e-03 T(O3-BAC)1.78E+05 t2(O3-BC) 5.88e-01 t2(O3str) 3.06e-04

 Contin Optical Depths: COMP: 7.95e-05    H-: 2.03e-12 R(1300): 5.75e-10  H2+: 2.28e-14  Bra:3.98E-05
                          Pa: 3.98e-05    Ba: 3.98e-05      Hb: 3.98e-05   La: 4.05e-05     1r:5.004E+07  1.8:1.18E+07 4.:1.715E+06

 Old, new H  1 continuum optical depths:
     1 1.00e+08     2 0.00e+00     3 0.00e+00     4 0.00e+00     5 0.00e+00     6 0.00e+00     7 0.00e+00     8 0.00e+00
     9 0.00e+00    10 0.00e+00    11 0.00e+00    12 0.00e+00    13 0.00e+00    14 0.00e+00    15 0.00e+00    16 0.00e+00
    17 0.00e+00    18 0.00e+00    19 0.00e+00    20 0.00e+00    21 0.00e+00    22 0.00e+00    23 0.00e+00    24 0.00e+00
    25 0.00e+00    26 0.00e+00    27 0.00e+00    28 0.00e+00    29 0.00e+00    30 0.00e+00    31 0.00e+00    32 0.00e+00
    33 0.00e+00    34 0.00e+00    35 0.00e+00    36 0.00e+00    37 0.00e+00    38 0.00e+00    39 0.00e+00    40 0.00e+00
    41 0.00e+00    42 0.00e+00    43 0.00e+00    44 0.00e+00    45 0.00e+00    46 0.00e+00    47 0.00e+00    48 0.00e+00
    49 0.00e+00    50 0.00e+00    51 0.00e+00    52 0.00e+00    53 0.00e+00    54 0.00e+00
     1 5.00e+07     2 5.30e-13     3 1.04e-12     4 1.04e-12     5 1.04e-12     6 2.65e-13     7 2.65e-13     8 2.65e-13
     9 2.65e-13    10 5.55e-21    11 5.55e-21    12 5.55e-21    13 5.55e-21    14 5.55e-21    15 1.25e-20    16 1.25e-20
    17 1.25e-20    18 1.25e-20    19 1.25e-20    20 1.25e-20    21 2.54e-20    22 2.54e-20    23 2.54e-20    24 2.54e-20
    25 2.54e-20    26 2.54e-20    27 2.54e-20    28 4.79e-20    29 4.79e-20    30 4.79e-20    31 4.79e-20    32 4.79e-20
    33 4.79e-20    34 4.79e-20    35 4.79e-20    36 8.54e-20    37 8.54e-20    38 8.54e-20    39 8.54e-20    40 8.54e-20
    41 8.54e-20    42 8.54e-20    43 8.54e-20    44 8.54e-20    45 1.44e-19    46 1.44e-19    47 1.44e-19    48 1.44e-19
    49 1.44e-19    50 1.44e-19    51 1.44e-19    52 1.44e-19    53 1.44e-19    54 1.44e-19

 Old, new H  1 mean line optical depths:
  2- 1 1.61e+20  3- 2 8.61e-03  4- 3 0.00e+00  5- 4 0.00e+00  6- 5 0.00e+00  7- 6 0.00e+00  8- 7 0.00e+00
  9- 8 0.00e+00 10- 9 0.00e+00 11-10 0.00e+00 12-11 0.00e+00 13-12 0.00e+00 14-13 0.00e+00 15-14 0.00e+00 16-15 0.00e+00
 17-16 0.00e+00 18-17 0.00e+00 19-18 0.00e+00 20-19 0.00e+00 21-20 0.00e+00 22-21 0.00e+00 23-22 0.00e+00 24-23 0.00e+00
 25-24 0.00e+00
  2- 1 3.40e+00  3- 2 1.11e-11  4- 3 1.04e-17  5- 4 1.21e-17  6- 5 1.90e-17  7- 6 2.55e-17  8- 7 4.06e-17
  9- 8 6.34e-17 10- 9 9.48e-17 11-10 6.00e-16 12-11 2.83e-20 13-12 2.63e-20 14-13 1.84e-20 15-14 6.69e-21 16-15 0.00e+00
 17-16 0.00e+00 18-17 0.00e+00 19-18 0.00e+00 20-19 0.00e+00 21-20 0.00e+00 22-21 0.00e+00 23-22 0.00e+00 24-23 0.00e+00
 25-24 0.00e+00

 Old, new He 2 continuum optical depths:
     1 3.43e+06     2 9.96e+07     3 0.00e+00     4 0.00e+00     5 0.00e+00     6 0.00e+00     7 0.00e+00     8 0.00e+00
     9 0.00e+00    10 0.00e+00    11 0.00e+00    12 0.00e+00    13 0.00e+00    14 0.00e+00    15 0.00e+00    16 0.00e+00
    17 0.00e+00    18 0.00e+00    19 0.00e+00    20 0.00e+00    21 0.00e+00    22 0.00e+00    23 0.00e+00    24 0.00e+00
    25 0.00e+00    26 0.00e+00    27 0.00e+00    28 0.00e+00    29 0.00e+00    30 0.00e+00    31 0.00e+00    32 0.00e+00
    33 0.00e+00    34 0.00e+00    35 0.00e+00    36 0.00e+00    37 0.00e+00    38 0.00e+00    39 0.00e+00    40 0.00e+00
    41 0.00e+00    42 0.00e+00    43 0.00e+00    44 0.00e+00    45 0.00e+00    46 0.00e+00    47 0.00e+00    48 0.00e+00
    49 0.00e+00    50 0.00e+00    51 0.00e+00    52 0.00e+00    53 0.00e+00    54 0.00e+00
     1 1.72e+06     2 4.98e+07     3 2.56e-13     4 2.56e-13     5 2.56e-13     6 5.30e-13     7 5.30e-13     8 5.30e-13
     9 5.30e-13    10 8.44e-13    11 8.44e-13    12 8.44e-13    13 8.44e-13    14 8.44e-13    15 1.04e-12    16 1.04e-12
    17 1.04e-12    18 1.04e-12    19 1.04e-12    20 1.04e-12    21 8.64e-13    22 8.64e-13    23 8.64e-13    24 8.64e-13
    25 8.64e-13    26 8.64e-13    27 8.64e-13    28 2.65e-13    29 2.65e-13    30 2.65e-13    31 2.65e-13    32 2.65e-13
    33 2.65e-13    34 2.65e-13    35 2.65e-13    36 3.31e-21    37 3.31e-21    38 3.31e-21    39 3.31e-21    40 3.31e-21
    41 3.31e-21    42 3.31e-21    43 3.31e-21    44 3.31e-21    45 5.55e-21    46 5.55e-21    47 5.55e-21    48 5.55e-21
    49 5.55e-21    50 5.55e-21    51 5.55e-21    52 5.55e-21    53 5.55e-21    54 5.55e-21

 Old, new He 2 mean line optical depths:
  2- 1 1.61e+19  3- 2 8.61e-04  4- 3 0.00e+00  5- 4 0.00e+00  6- 5 0.00e+00  7- 6 0.00e+00  8- 7 0.00e+00
  9- 8 0.00e+00 10- 9 0.00e+00 11-10 0.00e+00 12-11 0.00e+00 13-12 0.00e+00 14-13 0.00e+00 15-14 0.00e+00 16-15 0.00e+00
 17-16 0.00e+00 18-17 0.00e+00 19-18 0.00e+00 20-19 0.00e+00 21-20 0.00e+00 22-21 0.00e+00 23-22 0.00e+00 24-23 0.00e+00
 25-24 0.00e+00
  2- 1 4.30e+01  3- 2 4.23e-14  4- 3 1.06e-19  5- 4 5.75e-20  6- 5 9.42e-20  7- 6 3.32e-19  8- 7 9.18e-19
  9- 8 1.99e-18 10- 9 3.60e-18 11-10 3.66e-17 12-11 0.00e+00 13-12 0.00e+00 14-13 0.00e+00 15-14 0.00e+00 16-15 0.00e+00
 17-16 0.00e+00 18-17 0.00e+00 19-18 0.00e+00 20-19 0.00e+00 21-20 0.00e+00 22-21 0.00e+00 23-22 0.00e+00 24-23 0.00e+00
 25-24 0.00e+00

 Old He Is optical depths:    1 2.36e+07    2 0.00e+00    3 0.00e+00    4 0.00e+00    5 0.00e+00
 New He Is optical depths:    1 1.18e+07    2 3.50e-13    3 4.41e-13    4 4.92e-13    5 4.92e-13
          Old He Is Lines:  584 0.00e+00 3889 0.00e+00 5016 0.00e+00 5876 0.00e+00
          New He Is Lines:  584 2.60e-04 3889 1.59e-11 5016 1.59e-11 5876 1.59e-11
CIV QSO  


          Start Iteration Number 2                                                                     CIV QSO  


 ####  1  Te:1.129E+06 Hden:7.514E-04 Ne:9.016E-04 R:3.178E+21 R-R0:1.581E+19 dR:3.162E+19 NTR:  5 Htot:4.400E-30 T912: 5.43e-04###
 Hydrogen      1.11e-10 1.00e+00 H+o/Hden 1.00e+00 1.35e-22 H-    H2 7.24e-38 4.59e-24 H2+ HeH+ 1.93e-30 Ho+ ColD 2.64e+06 2.38e+16
 Helium        5.32e-16 3.98e-08 1.00e+00 HeI 2s3S 6.75e-20 Comp H,C 4.28e-30 1.81e-30 Fill Fac 1.00e+00 Gam1/tot 1.00e+00
 He singlet n  5.32e-16 3.50e-27 1.09e-33 4.79e-33 8.58e-34 1.16e-32 He tripl 6.75e-20 6.00e-31 1.82e-32 1.23e-31 3.14e-32
 Pressure      NgasTgas 1.95e+03 P(total) 2.69e-13 P( gas ) 2.69e-13 P(Radtn) 0.00e+00 Rad accl 4.56e-11 ForceMul 1.00e+00
 Texc(La)      3.34e+03 T(I con) 1.15e+01 T(D con) 2.64e-02 T(U tot) 1.15e+01 nT (c+d) 2.78e+06 Prad/Gas 0.00e+00 Pmag/Gas 0.00e+00
 Molecules     CH/Ctot: 3.45e-59 CH+/Ctot 1.57e-49 CO/Ctot:9.48e-115 CO+/Ctot7.94e-100 H2O/Otot4.41e-145 OH/Ototl7.11e-117
 Lithium       0.00e+00 1.20e-12 1.12e-06 1.00e+00 Berylliu 0.00e+00 4.07e-18 1.18e-10 1.16e-05 1.00e+00 sec ion: 0.00e+00
 Boron         0.00e+00 1.86e-22 1.22e-15 2.60e-09 6.92e-05 1.00e+00
 Carbon        0.00e+00 7.27e-27 5.88e-20 4.95e-14 2.69e-08 2.91e-04 1.00e+00 H2O+/O  5.63e-112 OH+/Otot 1.28e-73 Hex(tot) 0.00e+00
 Nitrogen      0.00e+00 0.00e+00 7.99e-24 6.02e-18 9.95e-13 2.07e-07 9.73e-04 9.99e-01 O2/Ototl5.35e-205 O2+/Otot6.22e-157
 Oxygen        0.00e+00 0.00e+00 3.86e-27 2.84e-21 3.92e-16 1.66e-11 1.49e-06 2.74e-03 9.97e-01
 Fluorine      0.00e+00 0.00e+00 0.00e+00 4.93e-24 6.13e-19 2.09e-14 2.78e-10 9.51e-06 6.79e-03 9.93e-01
 Neon          0.00e+00 0.00e+00 0.00e+00 1.48e-26 2.39e-21 7.56e-17 7.82e-13 3.86e-09 5.00e-05 1.50e-02 9.85e-01
 Sodium        0.00e+00 0.00e+00 0.00e+00 0.00e+00 1.47e-23 5.66e-19 5.05e-15 1.88e-11 4.07e-08 2.15e-04 2.96e-02 9.70e-01
 Magnesium     0.00e+00 0.00e+00 0.00e+00 0.00e+00 9.76e-26 4.29e-21 4.93e-17 1.86e-13 3.19e-10 3.21e-07 7.52e-04 5.25e-02 9.47e-01
 Aluminium  1  0.00e+00 0.00e+00 0.00e+00 0.00e+00 4.48e-23 6.19e-19 2.87e-15 4.57e-12 3.69e-09 1.88e-06 2.14e-03 8.47e-02 9.13e-01
 Silicon    2  0.00e+00 0.00e+00 0.00e+00 6.05e-25 1.05e-20 5.34e-17 1.01e-13 7.90e-11 3.22e-08 9.37e-06 5.45e-03 1.29e-01 8.65e-01
 Phosphorus 3  0.00e+00 0.00e+00 0.00e+00 2.31e-22 1.46e-18 3.14e-15 2.80e-12 1.12e-09 2.38e-07 3.99e-05 1.26e-02 1.86e-01 8.01e-01
 Sulphur    4  0.00e+00 0.00e+00 2.64e-24 2.34e-20 7.30e-17 8.20e-14 4.53e-11 1.08e-08 1.42e-06 1.48e-04 2.65e-02 2.53e-01 7.21e-01
 Chlorine   5  0.00e+00 0.00e+00 7.55e-22 2.88e-18 4.14e-15 2.42e-12 7.01e-10 9.86e-08 7.38e-06 4.78e-04 5.14e-02 3.23e-01 6.25e-01
 Argon      6  0.00e+00 5.95e-24 4.99e-20 1.01e-16 8.86e-14 3.28e-11 6.91e-09 6.43e-07 3.27e-05 1.38e-03 9.06e-02 3.87e-01 5.21e-01
 Potassium  7  3.41e-25 1.08e-21 5.01e-18 5.72e-15 2.82e-12 5.91e-10 7.05e-08 4.05e-06 1.28e-04 3.49e-03 1.46e-01 4.36e-01 4.14e-01
 Calcium    8  2.78e-23 4.36e-20 1.22e-16 8.68e-14 2.91e-11 5.27e-09 4.73e-07 1.97e-05 4.38e-04 8.02e-03 2.18e-01 4.59e-01 3.15e-01
 Scandium   9  4.63e-21 4.01e-18 7.18e-15 3.41e-12 7.17e-10 6.19e-08 3.27e-06 8.77e-05 1.26e-03 1.63e-02 2.99e-01 4.55e-01 2.28e-01
 Titanium  10  3.32e-19 1.68e-16 2.12e-13 6.86e-11 9.71e-09 5.82e-07 1.98e-05 3.33e-04 3.30e-03 3.00e-02 3.83e-01 4.24e-01 1.59e-01
 Vanadium  11  1.95e-17 5.62e-15 5.23e-12 1.18e-09 1.09e-07 4.43e-06 9.78e-05 1.11e-03 7.78e-03 5.04e-02 4.57e-01 3.77e-01 1.06e-01
 Chromium  12  6.05e-16 1.06e-13 7.38e-11 1.23e-08 8.22e-07 2.30e-05 4.07e-04 3.08e-03 1.66e-02 7.80e-02 5.13e-01 3.20e-01 6.87e-02
 Manganese 13  1.62e-14 1.81e-12 9.58e-10 1.11e-07 5.42e-06 1.11e-04 1.29e-03 7.97e-03 3.20e-02 1.11e-01 5.47e-01 2.58e-01 4.27e-02
 Iron      14  2.45e-13 1.87e-11 7.25e-09 5.97e-07 2.31e-05 4.04e-04 3.62e-03 1.68e-02 5.44e-02 1.47e-01 5.49e-01 2.02e-01 2.61e-02
 Cobalt    15  6.94e-12 3.45e-10 9.47e-08 5.68e-06 1.47e-04 1.54e-03 9.80e-03 3.68e-02 8.58e-02 1.78e-01 5.25e-01 1.48e-01 1.50e-02
 Nickel    16  1.13e-10 3.81e-09 7.58e-07 3.17e-05 6.09e-04 4.81e-03 2.46e-02 6.73e-02 1.23e-01 2.00e-01 4.67e-01 1.04e-01 8.37e-03
 Copper    17  1.31e-09 3.09e-08 4.50e-06 1.45e-04 2.01e-03 1.23e-02 4.80e-02 1.09e-01 1.57e-01 2.10e-01 3.89e-01 6.89e-02 4.42e-03
 Zinc      18  1.48e-08 2.46e-07 2.62e-05 6.54e-04 6.77e-03 3.28e-02 9.21e-02 1.59e-01 1.82e-01 1.93e-01 2.90e-01 4.06e-02 2.10e-03
 ####249  Te:6.609E+04 Hden:9.873E-05 Ne:1.185E-04 R:3.157E+23 R-R0:3.126E+23 dR:1.007E+21 NTR:  9 Htot:2.370E-32 T912: 1.09e-03###
 Hydrogen      2.15e-06 1.00e+00 H+o/Hden 1.00e+00 1.88e-15 H-    H2 3.24e-23 1.17e-16 H2+ HeH+ 6.60e-19 Ho+ ColD 8.56e+13 9.96e+19
 Helium        3.63e-09 5.48e-04 9.99e-01 HeI 2s3S 3.38e-17 Comp H,C 5.69e-35 1.41e-36 Fill Fac 1.00e+00 Gam1/tot 9.72e-01
 He singlet n  3.63e-09 4.15e-24 4.15e-31 3.35e-30 3.17e-31 3.44e-30 He tripl 3.38e-17 2.67e-28 1.03e-29 5.99e-29 9.65e-30
 Pressure      NgasTgas 1.50e+01 P(total) 2.07e-15 P( gas ) 2.07e-15 P(Radtn) 0.00e+00 Rad accl 2.82e-14 ForceMul 6.16e+00
 Texc(La)      2.60e+03 T(I con) 1.16e+00 T(D con) 1.38e-01 T(U tot) 1.16e+00 nT (c+d) 3.12e+05 Prad/Gas 0.00e+00 Pmag/Gas 0.00e+00
 Molecules     CH/Ctot: 3.94e-29 CH+/Ctot 2.10e-23 CO/Ctot: 7.85e-44 CO+/Ctot 2.98e-37 H2O/Otot 1.18e-48 OH/Ototl 1.10e-30
 Lithium       2.94e-12 7.15e-06 1.31e-02 9.87e-01 Berylliu 8.11e-12 3.61e-08 1.10e-03 1.12e-01 8.87e-01 sec ion: 1.54e-22
 Boron         2.96e-12 1.02e-07 1.98e-05 3.26e-02 4.01e-01 5.67e-01
 Carbon        7.37e-13 4.94e-08 3.21e-05 1.18e-03 2.38e-01 5.63e-01 1.97e-01 H2O+/O   3.99e-48 OH+/Otot 3.50e-30 Hex(tot) 0.00e+00
 Nitrogen      3.13e-13 1.30e-08 1.65e-05 1.57e-03 1.51e-02 5.82e-01 3.62e-01 3.91e-02 O2/Ototl 1.45e-42 O2+/Otot 4.62e-42
 Oxygen        4.93e-14 2.22e-09 5.37e-06 9.93e-04 2.16e-02 7.46e-02 7.48e-01 1.49e-01 5.84e-03
 Fluorine      8.75e-15 5.16e-10 1.36e-06 5.24e-04 2.32e-02 1.46e-01 1.84e-01 6.00e-01 4.43e-02 7.16e-04
 Neon          4.21e-16 5.91e-11 3.72e-07 1.62e-04 1.44e-02 1.75e-01 3.33e-01 2.08e-01 2.60e-01 8.11e-03 5.99e-05
 Sodium        2.86e-18 3.99e-12 7.19e-08 8.11e-05 8.04e-03 1.31e-01 4.64e-01 2.77e-01 7.52e-02 4.38e-02 6.37e-04 2.38e-06
 Magnesium     3.18e-17 5.01e-14 2.72e-09 7.70e-06 1.92e-03 4.55e-02 2.86e-01 4.33e-01 1.92e-01 3.12e-02 9.52e-03 7.10e-05 0.00e+00
 Aluminium  0  1.49e-16 1.89e-12 1.61e-10 8.13e-07 3.96e-04 3.10e-02 1.91e-01 4.41e-01 2.88e-01 4.49e-02 3.39e-03 7.15e-04 3.07e-06
 Silicon    0  5.75e-16 1.90e-11 3.87e-09 8.45e-08 7.13e-05 8.09e-03 1.65e-01 5.50e-01 2.36e-01 3.80e-02 2.12e-03 1.67e-04 1.90e-05
 Phosphorus 1  2.74e-10 4.17e-08 1.26e-06 1.09e-05 2.22e-03 7.22e-02 3.90e-01 3.71e-01 1.52e-01 1.18e-02 4.79e-04 2.08e-05 1.99e-06
 Sulphur    1  3.37e-10 2.30e-07 8.16e-06 9.18e-05 3.49e-04 2.31e-02 2.93e-01 5.03e-01 1.50e-01 2.76e-02 2.62e-03 6.89e-05 2.18e-06
 Chlorine   1  1.24e-11 7.87e-08 2.58e-05 3.82e-04 1.73e-03 3.63e-03 9.42e-02 3.86e-01 4.26e-01 8.37e-02 4.29e-03 1.55e-04 2.51e-06
 Argon      1  1.60e-12 5.24e-08 1.64e-05 1.43e-03 1.05e-02 1.89e-02 2.44e-02 2.91e-01 4.58e-01 1.71e-01 2.23e-02 1.27e-03 2.18e-05
 Potassium  1  8.96e-12 3.43e-08 1.04e-05 9.86e-04 2.96e-02 7.64e-02 7.00e-02 5.88e-02 3.64e-01 3.39e-01 5.84e-02 2.69e-03 5.24e-05
 Calcium    2  2.77e-08 1.17e-05 8.37e-04 2.86e-02 1.94e-01 2.40e-01 1.11e-01 7.20e-02 2.37e-01 1.07e-01 9.96e-03 3.81e-04 8.63e-06
 Scandium   2  1.85e-09 7.53e-06 5.67e-04 1.79e-02 1.28e-01 4.73e-01 2.29e-01 6.15e-02 2.39e-02 5.38e-02 1.19e-02 9.43e-04 1.57e-05
 Titanium   2  1.20e-09 3.08e-06 4.49e-04 1.28e-02 8.97e-02 3.86e-01 3.67e-01 1.05e-01 1.93e-02 8.56e-03 9.59e-03 9.34e-04 3.93e-05
 Vanadium   3  2.84e-07 1.02e-04 1.07e-02 7.02e-02 2.95e-01 3.24e-01 2.60e-01 2.87e-02 8.07e-03 1.70e-03 1.81e-03 7.95e-05 1.47e-06
 Chromium   3  1.38e-07 5.49e-05 5.18e-03 6.85e-02 2.77e-01 3.06e-01 2.79e-01 5.41e-02 6.10e-03 2.95e-03 2.11e-04 3.13e-04 1.52e-05
 Manganese  3  1.76e-07 8.16e-05 8.68e-03 1.38e-01 2.49e-01 2.79e-01 2.53e-01 5.52e-02 1.64e-02 6.86e-04 9.93e-05 7.66e-06 9.18e-06
 Iron       1  6.65e-16 4.87e-12 1.22e-08 5.50e-06 7.44e-04 5.38e-02 4.50e-01 3.69e-01 1.12e-01 1.35e-02 1.00e-03 8.00e-05 6.04e-06
 Cobalt     3  8.29e-09 5.65e-06 8.07e-04 1.93e-02 2.01e-01 3.73e-01 3.12e-01 6.96e-02 2.04e-02 3.56e-03 2.70e-04 1.10e-05 1.08e-06
 Nickel     3  3.13e-09 2.09e-06 4.05e-04 1.04e-02 1.31e-01 3.12e-01 4.31e-01 8.62e-02 2.50e-02 4.28e-03 3.37e-04 2.98e-05 1.05e-06
 Copper     3  1.40e-09 9.33e-07 1.83e-04 6.61e-03 9.32e-02 2.62e-01 4.72e-01 1.48e-01 1.39e-02 3.22e-03 2.26e-04 2.16e-05 2.26e-06
 Zinc       3  7.90e-10 5.09e-07 1.01e-04 3.72e-03 6.90e-02 2.10e-01 4.63e-01 1.81e-01 6.34e-02 8.65e-03 6.79e-04 5.44e-05 6.40e-06
   CIV QSO  
   Calculation stopped because outer radius reached. Iteration 2 of 10
   The geometry is spherical.
 C-Continuum zero at some energies.
  !Background cosmic rays are not included - is this physical?  It affects the chemistry.
  !Some input lines contained underscores, these were changed to spaces.
  !AGE: Cloud age was not set.  Longest timescale was 1.75e+17 s = 5.55e+09 years.
  !The CMB was not included.  This is added with the CMB command.
  !An ionization jump occurred elem Mn20, by 157% from 1.29e-03 (zone 1) to 1.83e-03 (zone 2) to 2.86e-03 (zone 3)
  !An ionization jump occurred elem Fe21, by 153% from 3.62e-03 (zone 1) to 5.03e-03 (zone 2) to 7.69e-03 (zone 3)
  !An ionization jump occurred elem Co21, by 164% from 1.54e-03 (zone 1) to 2.25e-03 (zone 2) to 3.69e-03 (zone 3)
  !An ionization jump occurred elem Ni22, by 157% from 4.81e-03 (zone 1) to 6.85e-03 (zone 2) to 1.08e-02 (zone 3)
  !An ionization jump occurred elem Cu22, by 167% from 2.01e-03 (zone 1) to 3.01e-03 (zone 2) to 5.04e-03 (zone 3)
  !An ionization jump occurred elem Cu23, by 150% from 1.23e-02 (zone 1) to 1.70e-02 (zone 2) to 2.56e-02 (zone 3)
  !An ionization jump occurred elem Zn23, by 157% from 6.77e-03 (zone 1) to 9.70e-03 (zone 2) to 1.52e-02 (zone 3)
   Iteration not converged because Converged!.
   Thermal collisional ionization of H reached 2.85% of the local ionization rate.
   Te-ne bounds of Case B lookup table exceeded, H I Case B line intensities set to zero.
   Te-ne bounds of Case B lookup table exceeded, He II Case B line intensities set to zero.
   The density is too low to l-mix the lowest H  I collapsed level.  More resolved levels are needed for accurate line ratios.
   The density is too low to l-mix the lowest He I collapsed level.  More resolved levels are needed for accurate line ratios.
   Grains were not present but might survive in this environment (energy density temperature was 1.16e+01K)
   Is an outer radius of 3.16e+23 reasonable?

                       *********************************> Cloudy 17.03 <**********************************
                       * title CIV QSO                                                                   *
                       * set punch prefix "CIV_QSO"                                                      *
                       * radius = 21.500 23.500                                                          *
                       * iterate to convergence                                                          *
                       * sphere                                                                          *
                       * init "dlaw_HI_exp.ini"                                                          *
                       * table SED "QSO.sed"                                                             *
                       * no line transfer                                                                *
                       * nuL(nu) = 44.0 at 1 Ryd                                                         *
                       * stop temperature off                                                            *
                       * metals 0.001                                                                    *
                       * save last radius ".rad"                                                         *
                       * save last continuum ".cont"                                                     *
                       * save last physical conditions ".phy"                                            *
                       * save last overview ".ovr"                                                       *
                       * save last heating ".heat"                                                       *
                       * save last cooling ".cool"                                                       *
                       * save last optical depth ".opd"                                                  *
                       * save last element hydrogen ".ele_H"                                             *
                       * save last element helium ".ele_He"                                              *
                       * save last element carbon ".ele_C"                                               *
                       * save last element nitrogen ".ele_N"                                             *
                       * save last element oxygen ".ele_O"                                               *
                       * save last element argon ".ele_Ar"                                               *
                       * save last element neon ".ele_Ne"                                                *
                       * save last element sulphur ".ele_S"                                              *
                       * save last element chlorin ".ele_Cl"                                             *
                       * save last element iron ".ele_Fe"                                                *
                       * save last element silicon ".ele_Si"                                             *
                       * save last lines emissivity  ".emis"                                             *
                       * H  1  1215.67A                                                                  *
                       * H  1  1025.72A                                                                  *
                       * H  1  4861.33A                                                                  *
                       * H  1  6562.81A                                                                  *
                       * O  6  1031.91A                                                                  *
                       * O  6  1037.62A                                                                  *
                       * He 2  949.31A                                                                   *
                       * He 2  972.108A                                                                  *
                       * He 2  1025.27A                                                                  *
                       * He 2  1640.43A                                                                  *
                       * He 2  4859A                                                                     *
                       * He 2  4339A                                                                     *
                       * He 2  6527A                                                                     *
                       * He 2  6560A                                                                     *
                       * C  4  1550.78                                                                   *
                       * O  3  5006.84A                                                                  *
                       * N  5  1238.82                                                                   *
                       * N  5  1242.80                                                                   *
                       * c  4  1548.19                                                                   *
                       * c  4  1550.78                                                                   *
                       * mg 2  2795.53                                                                   *
                       * mg 2  2802.71                                                                   *
                       * end of lines                                                                    *
                       *********************************> Log(U):  2.98 <*********************************
                       >>>>>>>>>> Cautions are present.

                     Emission Line Spectrum.  Special Density Lw Model.  Closed geometry.  Iteration 2 of 10.
                                    Luminosity (erg/s) emitted by a shell with full coverage.


                                                   Intrinsic line intensities
general properties.............................      He 2                3.84941m   36.901    0.1117      Ca B                1.87427m   36.296    0.0277
Inci                      0    44.707 7144492.5      He 2                4.46440m   36.805    0.0895      Ca B                1.47599m   36.145    0.0196
TotH                      0    40.080  168.5278      He 2                5.12495m   36.716    0.0729      Ca B                1.28124m   36.006    0.0142
TotC                      0    40.080  168.5431      He 2                5.83106m   36.632    0.0601      Ca B                1.16728m   35.881    0.0107
BFH1                      0    39.544   49.0693      He 2                6.58272m   36.553    0.0501      Ca B                1.09332m   35.766    0.0082
BFHe                      0    39.925  118.0580      He 2                7.37993m   36.479    0.0423      Ca B                1.04194m   35.661    0.0064
TotM                      0    37.444    0.3903      He 2                8.22270m   36.409    0.0360      Ca B                1.00449m   35.564    0.0051
ComH                      0    37.857    1.0098      He 2                9.11102m   36.342    0.0308      Ca B                9761.80A   35.473    0.0042
ComC                      0    36.369    0.0328      He 2                10.0449m   36.279    0.0267      Ca B                9541.71A   35.389    0.0034
H FB                      0    39.570   52.1401      He 2                11.0243m   36.218    0.0232      Ca B                9366.69A   35.309    0.0029
HFBc                      0    39.570   52.1401      He 2                12.0493m   36.161    0.0203      Ca B                9224.90A   35.235    0.0024
H  1c                     0    38.969   13.0541      He 2                13.1199m   36.105    0.0179      Ca B                9108.20A   35.164    0.0020
He 2c                     0    38.150    1.9824      He 2                14.2360m   37.264    0.2577      Ca B                9010.89A   35.097    0.0018
Fe 7c                     0    35.558    0.0051      C  6                25.3032A   35.943    0.0123      Ca B                8928.79A   35.033    0.0015
N  5c                     0    36.166    0.0206      C  6                101.229A   34.939    0.0012      Ca B                8858.83A   34.972    0.0013
O  5c                     0    36.674    0.0662      N  7                18.5870A   35.270    0.0026      Ca B                8798.68A   34.915    0.0012
Si 7c                     0    35.541    0.0049      O  8                14.2280A   35.710    0.0072      Ca B                8746.57A   34.859    0.0010
Si 9c                     0    36.300    0.0280      He 1                504.259A   35.847    0.0099      Ca B                4.76203m   36.084    0.0170
Al 8c                     0    35.049    0.0016      C  5                31.6244A   35.667    0.0065      Ca B                2.82513m   35.956    0.0127
Al 9c                     0    35.180    0.0021      N  6                22.4596A   35.429    0.0038      Ca B                2.18843m   35.823    0.0093
Ar10c                     0    34.951    0.0013      O  7                16.7725A   36.178    0.0211      Ca B                1.87567m   35.699    0.0070
C  4c                     0    35.649    0.0063      O  7                69.5655A   34.870    0.0010      Ca B                1.69177m   35.585    0.0054
Ca10c                     0    34.942    0.0012      O  7                72.6796A   35.046    0.0016      Ca B                1.57184m   35.481    0.0042
Ca 8c                     0    35.515    0.0046      Ne 9                10.3678A   35.093    0.0017      Ca B                1.48813m   35.383    0.0034
Ca 9c                     0    34.984    0.0014      O  6                89.7895A   35.215    0.0023      Ca B                1.42683m   35.293    0.0028
Fe10c                     0    36.342    0.0308      Mg 6                66.4875A   34.912    0.0011      Ca B                1.38030m   35.208    0.0023
Fe11c                     0    36.037    0.0153      Si 7                50.3040A   35.184    0.0021      Ca B                1.34397m   35.129    0.0019
Fe12c                     0    35.283    0.0027      Si 8                40.8968A   35.513    0.0046      Ca B                1.31497m   35.054    0.0016
Fe13c                     0    35.050    0.0016      S  8                37.7816A   35.072    0.0017      Ca B                1.29138m   34.983    0.0013
Mg 6c                     0    35.252    0.0025      S  9                32.7088A   34.974    0.0013      Ca B                1.27191m   34.916    0.0012
Mg 7c                     0    36.124    0.0187      S 10                27.7341A   35.131    0.0019      Ca B                6.94582m   35.763    0.0081
Mg 8c                     0    36.284    0.0270      grains.........................................      Ca B                4.04934m   35.655    0.0063
Mg 9c                     0    35.930    0.0119      H-like iso-sequence............................      Ca B                3.09455m   35.537    0.0048
Mg10c                     0    35.905    0.0113      Cool                1215.67A   38.722    7.3957      Ca B                2.62397m   35.425    0.0037
N  4c                     0    34.985    0.0014      Crst                960.000A   38.606    5.6583      Ca B                2.34631m   35.321    0.0029
Na 7c                     0    34.961    0.0013      CION                      0    38.433    3.8061      Ca B                2.16456m   35.225    0.0024
Na 8c                     0    35.023    0.0015      He2C                      0    36.502    0.0446      Ca B                2.03725m   35.134    0.0019
Na 9c                     0    35.037    0.0015      Q(H)                4861.33A   42.108 18000.971      Ca B                1.94368m   35.050    0.0016
Ne 5c                     0    35.462    0.0041      Q(H)                1215.67A   43.645 619245.50      Ca B                1.87242m   34.971    0.0013
Ne 6c                     0    36.469    0.0413      CaBo                4861.33A   38.033    1.5136      Ca B                1.81660m   34.896    0.0011
Ne 7c                     0    36.798    0.0881      CaBo                1640.00A   39.074   16.6413      Ca B                9.71043m   35.477    0.0042
Ne 8c                     0    37.074    0.1662      CaBo                4685.64A   38.060    1.6116      Ca B                5.58107m   35.385    0.0034
O  4c                     0    35.219    0.0023      H  1                2431.34A   39.020   14.6917      Ca B                4.21710m   35.280    0.0027
O  6c                     0    37.477    0.4206      H  1                1215.67A   40.793  871.6847      Ca B                3.54320m   35.178    0.0021
S 10c                     0    35.417    0.0037      H  1                1025.72A   38.878   10.5850      Ca B                3.14449m   35.082    0.0017
S 11c                     0    35.486    0.0043      H  1                972.537A   38.474    4.1760      Ca B                2.88278m   34.993    0.0014
S  9c                     0    35.465    0.0041      H  1                949.743A   38.166    2.0579      Ca B                2.69895m   34.908    0.0011
Si10c                     0    35.840    0.0097      H  1                937.804A   37.879    1.0614      Ca B                13.1242m   35.219    0.0023
Si 8c                     0    36.308    0.0285      H  1                930.748A   37.671    0.6579      Ca B                7.45447m   35.140    0.0019
continua.......................................      H  1                926.226A   37.491    0.4347      Ca B                5.57885m   35.045    0.0016
Bac                 3646.00A   38.877   10.5725      H  1                923.150A   37.332    0.3014      Ca B                4.65042m   34.952    0.0013
nFnu                3645.00A   39.463   40.7242      H  1                920.963A   37.189    0.2170      Ca B                4.09996m   34.864    0.0010
nFnu                3647.00A   39.332   30.1516      H  1                919.351A   37.324    0.2956      Ca B                17.2555m   34.983    0.0014
cout                3646.00A   38.877   10.5725      H  1                918.129A   37.215    0.2302      Ca B                9.70372m   34.916    0.0012
thin                3646.00A   38.877   10.5792      H  1                917.181A   37.115    0.1830      He 2                607.567A   39.302   28.1224
Inci                4860.00A   43.947 1241135.2      H  1                916.429A   37.023    0.1480      He 2                303.784A   39.890  108.9225
Inci                1215.00A   44.436 3829250.5      H  1                915.824A   36.938    0.1216      He 2                256.317A   39.254   25.1662
Ba C                      0    38.782    8.4865      H  1                915.329A   36.859    0.1014      He 2                243.027A   38.870   10.4057
PA C                      0    38.273    2.6323      H  1                914.919A   36.786    0.0856      He 2                237.331A   38.578    5.3089
FIR                 83.0000m   43.118 183919.55      H  1                914.576A   36.718    0.0732      He 2                234.347A   38.334    3.0297
TIR                 1800.00m   36.682    0.0675      H  1                914.286A   36.655    0.0634      He 2                232.584A   38.130    1.8922
NIRa                2.85000m   44.248 2482159.2      H  1                914.039A   36.599    0.0558      He 2                231.454A   37.953    1.2602
NIRb                3.00000m   43.838 965314.75      H  1                913.826A   36.551    0.0499      He 2                230.686A   37.798    0.8807
MIRa                15.0000m   43.907 1132689.5      H  1                913.641A   36.514    0.0458      He 2                230.139A   37.658    0.6389
MIRb                22.5000m   43.982 1345788.9      H  1                913.480A   36.496    0.0440      He 2                229.736A   37.943    1.2315
NMIR                21.7500m   44.248 2482159.2      H  1                913.339A   36.528    0.0473      He 2                229.431A   37.842    0.9746
TFIR                611.250m   37.242    0.2451      H  1                913.215A   37.317    0.2913      He 2                229.194A   37.748    0.7858
TALL                10000.0A   44.707 7141511.5      H  1                6562.81A   38.252    2.5046      He 2                229.006A   37.662    0.6439
F12                 12.0000m   43.465 409432.69      H  1                4861.33A   37.853    1.0000      He 2                228.855A   37.582    0.5352
F25                 25.0000m   43.251 249963.34      H  1                4340.46A   37.547    0.4942      He 2                228.731A   37.507    0.4508
F60                 60.0000m   43.078 167818.62      H  1                4101.73A   37.271    0.2616      He 2                228.629A   37.438    0.3844
F100                100.000m   41.931 11955.020      H  1                3970.07A   37.064    0.1626      He 2                228.543A   37.374    0.3318
MIPS                24.0000m   42.955 126513.60      H  1                3889.05A   36.886    0.1080      He 2                228.471A   37.315    0.2900
MIPS                70.0000m   42.505 44892.668      H  1                3835.38A   36.730    0.0754      He 2                228.409A   37.263    0.2570
MIPS                160.000m   36.496    0.0440      H  1                3797.89A   36.591    0.0547      He 2                228.356A   37.218    0.2319
IRAC                3.60000m   43.068 163936.95      H  1                3770.63A   36.460    0.0404      He 2                228.309A   37.185    0.2146
IRAC                4.50000m   43.103 177747.36      H  1                3750.15A   36.352    0.0315      He 2                228.269A   37.171    0.2080
IRAC                5.80000m   43.140 193427.97      H  1                3734.36A   36.252    0.0251      He 2                228.234A   37.208    0.2266
IRAC                8.00000m   43.296 277184.66      H  1                3721.93A   36.160    0.0203      He 2                228.203A   38.009    1.4327
SPR1                250.000m   36.474    0.0418      H  1                3711.97A   36.075    0.0167      He 2                1640.43A   38.783    8.5128
SPR2                350.000m   36.353    0.0316      H  1                3703.85A   35.996    0.0139      He 2                1215.13A   38.364    3.2434
SPR3                500.000m   36.295    0.0277      H  1                3697.15A   35.923    0.0117      He 2                1084.94A   38.048    1.5667
PAC1                70.0000m   42.563 51311.988      H  1                3691.55A   35.855    0.0100      He 2                1025.27A   37.800    0.8852
PAC2                100.000m   41.882 10695.142      H  1                3686.83A   35.793    0.0087      He 2                992.360A   37.594    0.5505
PAC3                160.000m   36.774    0.0834      H  1                3682.80A   35.737    0.0077      He 2                972.108A   37.417    0.3665
PAH                 3.30000m   42.210 22744.855      H  1                3679.35A   35.688    0.0068      He 2                958.694A   37.262    0.2566
PAHC                3.23000m   41.918 11601.430      H  1                3676.36A   35.651    0.0063      He 2                949.324A   37.125    0.1869
PAHC                3.37000m   41.903 11232.454      H  1                3673.75A   35.634    0.0060      He 2                942.508A   37.080    0.1685
PAH                 6.20000m   42.657 63739.070      H  1                3671.47A   35.666    0.0065      He 2                937.389A   36.978    0.1334
PAHC                5.65000m   42.694 69385.898      H  1                3669.46A   36.455    0.0400      He 2                933.444A   36.885    0.1076
PAH                 7.90000m   42.843 97776.555      H  1                1.87510m   37.305    0.2830      He 2                930.337A   36.799    0.0882
PAHC                6.90000m   42.909 113757.28      H  1                1.28180m   37.047    0.1562      He 2                927.846A   36.719    0.0734
PAH                 11.3000m   42.258 25424.691      H  1                1.09380m   36.793    0.0871      He 2                925.817A   36.644    0.0618
PAHC                10.9000m   42.281 26767.650      H  1                1.00493m   36.592    0.0549      He 2                924.142A   36.575    0.0527
PAH                 11.8000m   42.473 41711.195      H  1                9545.93A   36.418    0.0367      He 2                922.743A   36.511    0.0455
PAHC                12.6500m   42.441 38697.566      H  1                9228.97A   36.263    0.0257      He 2                921.562A   36.453    0.0398
PAH                 13.3000m   42.473 41654.105      H  1                9014.87A   36.126    0.0187      He 2                920.556A   36.400    0.0353
PAHC                14.1000m   42.441 38711.965      H  1                8862.74A   35.945    0.0123      He 2                919.693A   36.356    0.0318
Bcon                3640.00A   44.116 1830873.9      H  1                8750.43A   35.837    0.0096      He 2                918.945A   36.322    0.0294
Pcon                5000.00A   43.598 555845.56      H  1                8664.98A   35.737    0.0077      He 2                918.295A   36.309    0.0286
O3bn                5007.00A   42.093 17392.045      H  1                8598.35A   35.646    0.0062      He 2                917.724A   36.346    0.0311
SX                  25.0000A   43.053 158437.03      H  1                8545.34A   35.561    0.0051      He 2                917.221A   37.147    0.1967
HX                  4.70000A   42.804 89247.500      H  1                8502.44A   35.482    0.0043      He 2                4685.64A   37.910    1.1403
HFFc                      0    39.644   61.7693      H  1                8467.21A   35.409    0.0036      He 2                3203.04A   37.633    0.6022
H FF                      0    39.506   44.9781      H  1                8437.91A   35.341    0.0031      He 2                2733.24A   37.391    0.3455
HeFF                      0    39.078   16.7896      H  1                8413.28A   35.279    0.0027      He 2                2511.15A   37.187    0.2157
MeFB                      0    35.438    0.0038      H  1                8392.35A   35.223    0.0023      He 2                2385.35A   37.010    0.1436
MeFF                      0    35.052    0.0016      H  1                8374.43A   35.175    0.0021      He 2                2306.15A   36.855    0.1005
ToFF                      0    39.644   61.7693      H  1                8358.96A   35.138    0.0019      He 2                2252.64A   36.717    0.0732
nFnu                3.55415c   35.069    0.0016      H  1                8345.51A   35.120    0.0018      He 2                2214.62A   36.564    0.0514
nFnu                3.43208c   35.082    0.0017      H  1                8333.74A   35.152    0.0020      He 2                2186.56A   36.463    0.0408
nFnu                3.40000c   35.086    0.0017      H  1                8323.38A   35.942    0.0123      He 2                2165.20A   36.370    0.0329
nFnu                2.00329c   35.295    0.0028      H  1                4.05113m   36.621    0.0586      He 2                2148.55A   36.284    0.0270
nFnu                1.33478c   35.455    0.0040      H  1                2.62513m   36.417    0.0366      He 2                2135.31A   36.204    0.0225
nFnu                9993.08m   35.569    0.0052      H  1                2.16551m   36.228    0.0237      He 2                2124.58A   36.130    0.0189
nFnu                6917.22m   35.712    0.0072      H  1                1.94454m   36.059    0.0161      He 2                2115.78A   36.061    0.0161
nFnu                122.400m   37.245    0.2469      H  1                1.81740m   35.908    0.0114      He 2                2108.46A   35.997    0.0139
nFnu                60.8322m   37.500    0.4434      H  1                1.73620m   35.772    0.0083      He 2                2102.30A   35.939    0.0122
nInu                60.8322m   43.184 214322.91      H  1                1.68064m   35.575    0.0053      He 2                2097.07A   35.887    0.0108
nFnu                41.2152m   37.641    0.6143      H  1                1.64071m   35.468    0.0041      He 2                2092.59A   35.842    0.0098
nInu                41.2152m   43.407 358339.41      H  1                1.61092m   35.369    0.0033      He 2                2088.73A   35.809    0.0090
nFnu                30.8695m   37.746    0.7811      H  1                1.58804m   35.278    0.0027      He 2                2085.37A   35.795    0.0088
nInu                30.8695m   43.519 463931.00      H  1                1.57006m   35.193    0.0022      He 2                2082.42A   35.832    0.0095
nFnu                24.7829m   37.825    0.9366      H  1                1.55563m   35.114    0.0018      He 2                2079.84A   36.633    0.0603
nInu                24.7829m   43.579 531813.38      H  1                1.54388m   35.041    0.0015      He 2                1.01233m   37.259    0.2548
nFnu                24.2998m   37.832    0.9521      H  1                1.53417m   34.974    0.0013      He 2                6559.91A   37.059    0.1609
nInu                24.2998m   43.587 542555.06      H  1                1.52604m   34.912    0.0011      He 2                5411.37A   36.865    0.1029
nFnu                22.8302m   37.853    1.0005      H  1                1.51917m   34.856    0.0010      He 2                4859.18A   36.693    0.0691
nInu                22.8302m   43.605 564405.06      H  1                1.49672m   35.574    0.0053      He 2                4541.46A   36.539    0.0486
nFnu                21.4199m   37.876    1.0538      H  1                7.45777m   36.071    0.0165      He 2                4338.55A   36.402    0.0354
nInu                21.4199m   43.618 582561.31      H  1                4.65247m   35.921    0.0117      He 2                4199.71A   36.195    0.0220
nFnu                21.1235m   37.882    1.0682      H  1                3.73951m   35.765    0.0082      He 2                4099.92A   36.095    0.0174
nInu                21.1235m   43.622 587437.12      H  1                3.29607m   35.619    0.0058      He 2                4025.48A   36.002    0.0141
nFnu                19.6199m   37.908    1.1347      H  1                3.03835m   35.486    0.0043      He 2                3968.32A   35.916    0.0116
nInu                19.6199m   43.628 595503.12      H  1                2.87219m   35.286    0.0027      He 2                3923.37A   35.836    0.0096
nFnu                17.6534m   37.945    1.2352      H  1                2.75749m   35.180    0.0021      He 2                3887.33A   35.762    0.0081
nInu                17.6534m   43.650 627073.12      H  1                2.67438m   35.081    0.0017      He 2                3857.96A   35.693    0.0069
nFnu                17.3700m   37.951    1.2522      H  1                2.61191m   34.990    0.0014      He 2                3833.69A   35.630    0.0060
nInu                17.3700m   43.654 632321.94      H  1                2.56361m   34.906    0.0011      He 2                3813.38A   35.572    0.0052
nFnu                15.6901m   37.987    1.3621      H  1                2.37371m   35.288    0.0027      He 2                3796.22A   35.519    0.0046
nInu                15.6901m   43.666 650687.00      H  1                12.3684m   35.624    0.0059      He 2                3781.57A   35.475    0.0042
nFnu                14.6036m   38.012    1.4428      H  1                7.50038m   35.504    0.0045      He 2                3768.96A   35.441    0.0039
nInu                14.6036m   43.682 673863.94      H  1                5.90655m   35.370    0.0033      He 2                3758.03A   35.428    0.0038
nFnu                12.4300m   38.071    1.6530      H  1                5.12722m   35.243    0.0025      He 2                3748.49A   35.465    0.0041
nInu                12.4300m   43.697 698290.81      H  1                4.67119m   35.048    0.0016      He 2                3740.11A   36.266    0.0259
nFnu                11.4000m   38.102    1.7735      H  1                4.37522m   34.942    0.0012      He 2                1.86362m   36.731    0.0755
nInu                11.4000m   43.706 712610.75      H  1                3.48198m   35.054    0.0016      He 2                1.16260m   36.582    0.0535
nFnu                10.4600m   38.133    1.9047      H  1                19.0565m   35.241    0.0024      He 2                9344.62A   36.422    0.0371
nInu                10.4600m   43.716 728915.81      H  1                11.3055m   35.143    0.0020      He 2                8236.51A   36.275    0.0264
nFnu                9.48002m   38.167    2.0598      H  1                8.75760m   35.028    0.0015      He 2                7592.50A   36.140    0.0194
nInu                9.48002m   43.726 745899.19      H  1                4.84633m   34.855    0.0010      He 2                7177.28A   35.906    0.0113
nFnu                9.32488m   38.173    2.0877      H  1                27.7955m   34.907    0.0011      He 2                6890.67A   35.806    0.0090
nInu                9.32488m   43.729 752101.31      Ca A                234.347A   38.334    3.0271      He 2                6682.98A   35.714    0.0073
nFnu                8.21035m   38.218    2.3167      Ca A                232.584A   38.131    1.8967      He 2                6526.88A   35.629    0.0060
nInu                8.21035m   43.736 763269.38      Ca A                231.454A   37.956    1.2685      He 2                6406.17A   35.549    0.0050
nFnu                7.58000m   38.246    2.4705      Ca A                230.686A   37.803    0.8908      He 2                6310.64A   35.475    0.0042
nInu                7.58000m   43.744 778305.56      Ca A                230.139A   37.666    0.6495      He 2                6233.61A   35.407    0.0036
nFnu                7.05026m   38.272    2.6269      Ca A                229.736A   37.542    0.4883      He 2                6170.48A   35.343    0.0031
nInu                7.05026m   43.746 781053.44      Ca A                229.431A   37.429    0.3764      He 2                6118.06A   35.285    0.0027
nFnu                4.11370m   38.464    4.0826      Ca A                229.194A   37.325    0.2963      He 2                6073.99A   35.233    0.0024
nInu                4.11370m   43.744 778109.94      Ca A                229.006A   37.228    0.2374      He 2                6036.58A   35.189    0.0022
nFnu                2.32440m   38.664    6.4673      Ca A                228.855A   37.139    0.1932      He 2                6004.52A   35.155    0.0020
nInu                2.32440m   43.660 641622.75      Ca A                228.731A   37.055    0.1593      He 2                5976.82A   35.142    0.0019
nFnu                1.64313m   38.789    8.6391      Ca A                228.629A   36.976    0.1329      He 2                5952.73A   35.179    0.0021
nInu                1.64313m   43.505 448754.53      Ca A                228.543A   36.902    0.1120      He 2                5931.63A   35.980    0.0134
nFnu                1.48022m   38.824    9.3441      Ca A                228.471A   36.832    0.0953      He 2                3.09074m   36.285    0.0270
nInu                1.48022m   43.473 416460.84      Ca A                228.409A   36.766    0.0818      He 2                1.87427m   36.171    0.0208
nFnu                1.43649m   38.850    9.9247      Ca A                228.356A   36.702    0.0707      He 2                1.47599m   36.038    0.0153
nInu                1.43649m   43.466 410258.84      Ca A                228.309A   36.642    0.0615      He 2                1.28124m   35.910    0.0114
nFnu                1.11867m   38.931   11.9807      Ca A                228.269A   36.584    0.0538      He 2                1.16728m   35.668    0.0065
nInu                1.11867m   43.460 404183.28      Ca A                228.234A   36.529    0.0474      He 2                1.09332m   35.569    0.0052
nFnu                8329.68A   39.030   15.0409      Ca A                992.360A   37.595    0.5514      He 2                1.04194m   35.478    0.0042
nInu                8329.68A   43.524 468806.25      Ca A                972.108A   37.417    0.3662      He 2                1.00449m   35.393    0.0035
nFnu                8078.61A   39.081   16.8868      Ca A                958.694A   37.261    0.2560      He 2                9761.80A   35.314    0.0029
nInu                8078.61A   43.527 471935.91      Ca A                949.324A   37.123    0.1861      He 2                9541.71A   35.240    0.0024
nFnu                6209.66A   39.163   20.4074      Ca A                942.508A   36.998    0.1397      He 2                9366.69A   35.171    0.0021
nInu                6209.66A   43.588 543723.31      Ca A                937.389A   36.885    0.1076      He 2                9224.90A   35.108    0.0018
nFnu                4885.36A   39.247   24.7920      Ca A                933.444A   36.780    0.0846      He 2                9108.20A   35.050    0.0016
nInu                4885.36A   43.850 992038.69      Ca A                930.337A   36.684    0.0678      He 2                9010.89A   34.998    0.0014
nFnu                3704.34A   39.327   29.7618      Ca A                927.846A   36.594    0.0551      He 2                8928.79A   34.954    0.0013
nInu                3704.34A   43.766 818176.44      Ca A                925.817A   36.510    0.0454      He 2                8858.83A   34.921    0.0012
nFnu                3587.67A   39.470   41.4410      Ca A                924.142A   36.432    0.0379      He 2                8798.68A   34.907    0.0011
nInu                3587.67A   43.782 849723.12      Ca A                922.743A   36.358    0.0320      He 2                8746.57A   34.945    0.0012
nFnu                2430.05A   39.569   52.0086      Ca A                921.562A   36.287    0.0272      He 2                8701.09A   35.746    0.0078
nInu                2430.05A   43.905 1126744.8      Ca A                920.556A   36.221    0.0233      He 2                4.76203m   35.901    0.0112
nFnu                2392.03A   39.573   52.4652      Ca A                919.693A   36.158    0.0202      He 2                2.82513m   35.812    0.0091
nInu                2392.03A   43.891 1090826.0      Ca A                918.945A   36.097    0.0176      He 2                2.18843m   35.699    0.0070
nFnu                2071.34A   39.604   56.3927      Ca A                918.295A   36.040    0.0154      He 2                1.87567m   35.463    0.0041
nInu                2071.34A   43.908 1133942.4      Ca A                917.724A   35.984    0.0135      He 2                1.69177m   35.366    0.0033
nFnu                2052.68A   39.619   58.3276      Ca A                2385.35A   37.025    0.1487      He 2                1.57184m   35.276    0.0026
nInu                2052.68A   43.898 1109445.5      Ca A                2306.15A   36.868    0.1036      He 2                1.48813m   35.192    0.0022
nFnu                1793.44A   39.686   68.0141      Ca A                2252.64A   36.729    0.0752      He 2                1.42683m   35.113    0.0018
nInu                1793.44A   43.925 1180932.9      Ca A                2214.62A   36.604    0.0563      He 2                1.38030m   35.040    0.0015
nFnu                1585.12A   39.699   70.0967      Ca A                2186.56A   36.489    0.0433      He 2                1.34397m   34.972    0.0013
nInu                1585.12A   43.995 1387717.0      Ca A                2165.20A   36.385    0.0340      He 2                1.31497m   34.909    0.0011
nFnu                1458.33A   39.696   69.7313      Ca A                2148.55A   36.288    0.0272      He 2                1.21105m   35.547    0.0049
nInu                1458.33A   43.936 1211755.2      Ca A                2135.31A   36.198    0.0221      He 2                6.94582m   35.563    0.0051
nFnu                1356.96A   39.679   66.9592      Ca A                2124.58A   36.114    0.0182      He 2                4.04934m   35.493    0.0044
nInu                1356.96A   43.971 1312605.9      Ca A                2115.78A   36.035    0.0152      He 2                3.09455m   35.282    0.0027
nFnu                1297.29A   39.646   62.0750      Ca A                2108.46A   35.960    0.0128      He 2                2.62397m   35.188    0.0022
nInu                1297.29A   43.999 1399533.2      Ca A                2102.30A   35.890    0.0109      He 2                2.34631m   35.100    0.0018
nFnu                1262.79A   39.609   56.9517      Ca A                2097.07A   35.823    0.0093      He 2                2.16456m   35.017    0.0015
nInu                1262.79A   44.083 1699869.1      Ca A                2092.59A   35.760    0.0081      He 2                2.03725m   34.939    0.0012
nFnu                1218.08A   39.525   47.0365      Ca A                2088.73A   35.699    0.0070      He 2                1.94368m   34.866    0.0010
nInu                1218.08A   44.429 3766709.8      Ca A                2085.37A   35.642    0.0061      He 2                1.62407m   35.374    0.0033
nFnu                1196.33A   39.522   46.6997      Ca A                2082.42A   35.586    0.0054      He 2                9.71043m   35.264    0.0026
nInu                1196.33A   44.272 2623130.5      Ca A                4541.46A   36.572    0.0524      He 2                5.58107m   35.113    0.0018
nFnu                1175.06A   39.519   46.3542      Ca A                4338.55A   36.432    0.0379      He 2                4.21710m   35.027    0.0015
nInu                1175.06A   44.114 1824731.1      Ca A                4199.71A   36.306    0.0284      He 2                3.54320m   34.942    0.0012
nFnu                1143.64A   39.513   45.7116      Ca A                4099.92A   36.191    0.0218      He 2                3.14449m   34.860    0.0010
nInu                1143.64A   44.028 1494961.5      Ca A                4025.48A   36.086    0.0171      He 2                2.11969m   35.222    0.0023
nFnu                1113.22A   39.507   45.1205      Ca A                3968.32A   35.988    0.0137      He 2                13.1242m   34.934    0.0012
nInu                1113.22A   44.018 1462947.2      Ca A                3923.37A   35.898    0.0111      He 2                7.45447m   34.874    0.0011
nFnu                1103.23A   39.506   44.9701      Ca A                3887.33A   35.814    0.0091      He 2                2.71161m   35.085    0.0017
nInu                1103.23A   44.006 1421808.8      Ca A                3857.96A   35.734    0.0076      He 2                3.41776m   34.961    0.0013
nFnu                1073.86A   39.500   44.3592      Ca A                3833.69A   35.660    0.0064      Ca A                33.7359A   36.056    0.0160
nInu                1073.86A   44.029 1500458.8      Ca A                3813.38A   35.589    0.0054      Ca A                28.4662A   35.304    0.0028
nFnu                1064.34A   39.498   44.1267      Ca A                3796.22A   35.523    0.0047      Ca A                26.9901A   34.867    0.0010
nInu                1064.34A   44.033 1513433.1      Ca A                3781.57A   35.459    0.0040      Ca A                182.236A   35.083    0.0017
nFnu                1035.92A   39.491   43.4991      Ca A                3768.96A   35.398    0.0035      Ca B                182.236A   35.204    0.0022
nInu                1035.92A   44.101 1768630.1      Ca A                3758.03A   35.341    0.0031      C  6                67.4753A   35.231    0.0024
nFnu                1000.00A   39.483   42.6227      Ca A                3748.49A   35.285    0.0027      C  6                33.7359A   35.953    0.0126
nInu                1000.00A   44.036 1522465.8      Ca A                7592.50A   36.192    0.0218      C  6                28.4662A   35.312    0.0029
nFnu                925.144A   39.463   40.7751      Ca A                7177.28A   36.065    0.0163      C  6                26.9901A   34.894    0.0011
nInu                925.144A   44.003 1412434.0      Ca A                6890.67A   35.950    0.0125      C  6                26.0262A   34.859    0.0010
nFnu                897.800A   40.409  359.3982      Ca A                6682.98A   35.845    0.0098      C  6                25.5588A   35.156    0.0020
nInu                897.800A   43.994 1383095.6      Ca A                6526.88A   35.747    0.0078      C  6                182.183A   34.877    0.0011
nFnu                760.023A   40.325  296.1809      Ca A                6406.17A   35.656    0.0064      Ca A                24.7810A   35.417    0.0037
nInu                760.023A   43.943 1231386.5      Ca A                6310.64A   35.572    0.0052      N  7                24.7810A   35.306    0.0028
nFnu                701.514A   40.274  263.8544      Ca A                6233.61A   35.492    0.0044      Ca A                18.9689A   35.880    0.0106
nInu                701.514A   43.919 1164563.2      Ca A                6170.48A   35.418    0.0037      Ca A                16.0065A   35.091    0.0017
nFnu                608.160A   40.169  207.0077      Ca A                6118.06A   35.347    0.0031      Ca A                102.492A   34.931    0.0012
nInu                608.160A   43.876 1053747.8      Ca A                6073.99A   35.280    0.0027      Ca B                102.492A   35.038    0.0015
nFnu                575.146A   40.122  185.9579      Ca A                6036.58A   35.216    0.0023      O  8                37.9413A   35.028    0.0015
nInu                575.146A   43.859 1012895.2      Ca A                6004.52A   35.156    0.0020      O  8                18.9689A   35.766    0.0082
nFnu                511.948A   40.020  147.0155      Ca A                5976.82A   35.098    0.0018      O  8                16.0065A   35.117    0.0018
nInu                511.948A   43.823 933697.69      Ca A                5952.73A   35.042    0.0015      O  8                14.3717A   35.032    0.0015
nFnu                496.874A   39.993  138.1542      Ca A                3.09074m   36.438    0.0385      He-like iso-sequence...........................
nInu                496.874A   43.814 914346.00      Ca A                1.87427m   36.282    0.0269      He 1                584.334A   34.965    0.0013
nFnu                399.153A   39.798   88.0556      Ca A                1.47599m   36.129    0.0189      He 1                625.563A   35.689    0.0068
nInu                399.153A   43.747 784129.31      Ca A                1.28124m   35.989    0.0137      He 1                343.773A   35.600    0.0056
RRC............................................      Ca A                1.16728m   35.863    0.0102      C  5                40.2678A   35.277    0.0027
H  1                911.753A   39.957  127.0936      Ca A                1.09332m   35.748    0.0078      C  5                41.4721A   35.931    0.0120
H  1                3645.98A   38.772    8.3033      Ca A                1.04194m   35.642    0.0061      TOTL                29.0840A   34.957    0.0013
H  1                3645.98A   38.836    9.6072      Ca A                1.00449m   35.544    0.0049      N  6                29.0840A   34.955    0.0013
H  1                8203.53A   38.159    2.0215      Ca A                9761.80A   35.453    0.0040      N  6                28.7870A   35.085    0.0017
H  1                8203.53A   38.257    2.5328      Ca A                9541.71A   35.368    0.0033      N  6                29.5343A   35.693    0.0069
H  1                8203.53A   37.844    0.9787      Ca A                9366.69A   35.289    0.0027      O  7                43.5884A   35.114    0.0018
H  1                1.45841m   37.748    0.7860      Ca A                9224.90A   35.214    0.0023      TOTL                21.8070A   35.859    0.0101
H  1                1.45841m   37.850    0.9938      Ca A                9108.20A   35.143    0.0020      O  7                21.8070A   35.855    0.0101
H  1                1.45841m   37.533    0.4781      Ca A                9010.89A   35.076    0.0017      O  7                21.6020A   35.871    0.0104
H  1                1.45841m   36.941    0.1226      Ca A                8928.79A   35.012    0.0014      O  7                18.6270A   35.267    0.0026
H  1                2.27876m   37.440    0.3863      Ca A                8858.83A   34.952    0.0013      O  7                17.7680A   34.868    0.0010
H  1                2.27876m   37.542    0.4884      Ca A                8798.68A   34.894    0.0011      O  7                22.1012A   36.448    0.0394
H  1                2.27876m   37.252    0.2508      Ca A                4.76203m   36.075    0.0167      O  7                17.2034A   35.263    0.0026
H  1                2.27876m   36.797    0.0879      Ca A                2.82513m   35.945    0.0124      O  7                17.0870A   35.115    0.0018
H  1                2.27876m   36.129    0.0189      Ca A                2.18843m   35.811    0.0091      O  7                17.0122A   35.011    0.0014
H  1                3.28142m   37.192    0.2184      Ca A                1.87567m   35.686    0.0068      O  7                16.9613A   34.962    0.0013
H  1                3.28142m   37.293    0.2757      Ca A                1.69177m   35.572    0.0052      O  7                16.9251A   35.500    0.0044
H  1                3.28142m   37.015    0.1454      Ca A                1.57184m   35.466    0.0041      O  7                120.333A   34.976    0.0013
H  1                3.28142m   36.609    0.0570      Ca A                1.48813m   35.368    0.0033      O  7                128.412A   35.207    0.0023
H  1                3.28142m   36.105    0.0179      Ca A                1.42683m   35.278    0.0027      TOTL                13.5529A   34.885    0.0011
H  1                3.28142m   35.398    0.0035      Ca A                1.38030m   35.193    0.0022      Ne 9                13.5529A   34.869    0.0010
H  1                4.46637m   36.985    0.1356      Ca A                1.34397m   35.113    0.0018      Ne 9                13.6987A   35.391    0.0034
H  1                4.46637m   37.086    0.1709      Ca A                1.31497m   35.038    0.0015      Pho+                3889.00A   36.792    0.0869
H  1                4.46637m   36.813    0.0913      Ca A                1.29138m   34.967    0.0013      extra Lyman....................................
H  1                4.46637m   36.430    0.0377      Ca A                1.27191m   34.900    0.0011      database lines.................................
H  1                4.46637m   35.991    0.0137      Ca A                6.94582m   35.755    0.0080      N  5                1238.82A   35.990    0.0137
H  1                4.46637m   35.470    0.0041      Ca A                4.04934m   35.646    0.0062      N  5                1242.80A   35.690    0.0069
H  1                5.83363m   36.807    0.0900      Ca A                3.09455m   35.528    0.0047      O  5                1218.34A   35.815    0.0092
H  1                5.83363m   36.907    0.1133      Ca A                2.62397m   35.415    0.0036      O  5                1213.81A   35.991    0.0137
H  1                5.83363m   36.638    0.0609      Ca A                2.34631m   35.310    0.0029      O  5                629.732A   36.485    0.0429
H  1                5.83363m   36.266    0.0259      Ca A                2.16456m   35.213    0.0023      Si 7                2146.64A   35.261    0.0026
H  1                5.83363m   35.860    0.0102      Ca A                2.03725m   35.122    0.0019      Si 7                2.48071m   34.940    0.0012
H  1                5.83363m   35.418    0.0037      Ca A                1.94368m   35.038    0.0015      Si 9                1984.88A   35.204    0.0022
H  1                5.83363m   34.886    0.0011      Ca A                1.87242m   34.958    0.0013      Si 9                2149.31A   35.541    0.0049
H  1                7.38319m   36.651    0.0628      Ca A                1.81660m   34.883    0.0011      Si 9                2.58394m   35.670    0.0066
H  1                7.38319m   36.750    0.0789      Ca A                9.71043m   35.469    0.0041      Si 9                3.92820m   35.876    0.0105
H  1                7.38319m   36.483    0.0426      Ca A                5.58107m   35.377    0.0033      Al 9                2.04444m   34.993    0.0014
H  1                7.38319m   36.118    0.0184      Ca A                4.21710m   35.272    0.0026      Ar10                5534.02A   34.951    0.0013
H  1                7.38319m   35.731    0.0075      Ca A                3.54320m   35.169    0.0021      C  4                1550.78A   35.172    0.0021
H  1                7.38319m   35.331    0.0030      Ca A                3.14449m   35.073    0.0017      C  4                1548.19A   35.472    0.0042
H  1                7.38319m   34.890    0.0011      Ca A                2.88278m   34.983    0.0013      Ca 8                2.32117m   35.187    0.0022
H  1                9.11505m   36.511    0.0455      Ca A                2.69895m   34.898    0.0011      Ca 9                466.240A   34.961    0.0013
H  1                9.11505m   36.611    0.0572      Ca A                13.1242m   35.210    0.0023      Fe10                6374.54A   36.329    0.0299
H  1                9.11505m   36.344    0.0310      Ca A                7.45447m   35.133    0.0019      Fe11                7891.87A   35.624    0.0059
H  1                9.11505m   35.984    0.0135      Ca A                5.57885m   35.038    0.0015      Fe11                2648.71A   35.693    0.0069
H  1                9.11505m   35.608    0.0057      Ca A                4.65042m   34.945    0.0012      Fe11                1467.07A   34.858    0.0010
H  1                9.11505m   35.234    0.0024      Ca A                4.09996m   34.856    0.0010      Fe12                2405.69A   34.892    0.0011
H  1                11.0292m   36.925    0.1179      Ca A                17.2555m   34.975    0.0013      Mg 7                9.00655m   35.399    0.0035
H  1                13.1257m   36.812    0.0909      Ca A                9.70372m   34.909    0.0011      Mg 7                5.50177m   35.296    0.0028
H  1                15.4044m   36.708    0.0716      Ca B                992.360A   37.770    0.8257      Mg 7                2508.99A   35.142    0.0019
H  1                17.8655m   36.612    0.0573      Ca B                972.108A   37.589    0.5450      Mg 7                2628.89A   35.546    0.0049
H  1                20.5089m   36.522    0.0466      Ca B                958.694A   37.432    0.3791      Mg 7                429.140A   35.020    0.0015
H  1                23.3345m   36.438    0.0385      Ca B                949.324A   37.292    0.2746      Mg 8                3.02765m   35.911    0.0114
H  1                26.3425m   36.359    0.0321      Ca B                942.508A   37.165    0.2053      Mg 8                430.455A   35.528    0.0047
H  1                29.5328m   36.285    0.0270      Ca B                937.389A   37.051    0.1576      Mg 8                782.364A   35.214    0.0023
H  1                32.9053m   36.214    0.0230      Ca B                933.444A   36.945    0.1237      Mg 8                772.262A   35.179    0.0021
H  1                36.4602m   36.148    0.0197      Ca B                930.337A   36.848    0.0989      Mg 8                436.734A   34.922    0.0012
H  1                40.1974m   36.084    0.0170      Ca B                927.846A   36.758    0.0803      Mg 9                706.061A   35.456    0.0040
H  1                44.1168m   36.024    0.0148      Ca B                925.817A   36.673    0.0661      Mg 9                694.007A   34.918    0.0012
H  1                48.2186m   35.966    0.0130      Ca B                924.142A   36.594    0.0551      Mg 9                368.071A   35.680    0.0067
H  1                52.5027m   35.910    0.0114      Ca B                922.743A   36.519    0.0464      Mg10                624.943A   35.455    0.0040
H  1                56.9691m   37.044    0.1553      Ca B                921.562A   36.449    0.0394      Mg10                609.794A   35.715    0.0073
He 2                227.838A   40.132  189.9706      Ca B                920.556A   36.382    0.0338      Ne 6                7.64318m   35.645    0.0062
He 2                911.351A   38.813    9.1196      Ca B                919.693A   36.318    0.0292      Ne 6                997.031A   35.042    0.0015
He 2                911.351A   39.105   17.8692      Ca B                918.945A   36.257    0.0254      Ne 6                558.685A   35.905    0.0113
He 2                2049.88A   38.114    1.8227      Ca B                918.295A   36.199    0.0222      Ne 6                401.154A   35.230    0.0024
He 2                2049.88A   38.449    3.9485      Ca B                917.724A   36.144    0.0195      Ne 6                1010.21A   34.990    0.0014
He 2                2049.88A   38.274    2.6349      Ca B                2385.35A   37.098    0.1758      Ne 6                1005.69A   35.452    0.0040
He 2                3644.36A   37.654    0.6318      Ca B                2306.15A   36.941    0.1225      Ne 6                999.183A   35.443    0.0039
He 2                3644.36A   37.994    1.3843      Ca B                2252.64A   36.802    0.0889      Ne 6                562.703A   35.255    0.0025
He 2                3644.36A   37.921    1.1698      Ca B                2214.62A   36.676    0.0666      Ne 6                562.798A   35.159    0.0020
He 2                3644.36A   37.511    0.4549      Ca B                2186.56A   36.562    0.0511      Ne 6                435.641A   34.986    0.0014
He 2                5694.36A   37.315    0.2898      Ca B                2165.20A   36.457    0.0402      Ne 6                403.270A   34.997    0.0014
He 2                5694.36A   37.655    0.6335      Ca B                2148.55A   36.360    0.0321      Ne 6                401.928A   35.080    0.0017
He 2                5694.36A   37.612    0.5737      Ca B                2135.31A   36.270    0.0261      Ne 7                895.174A   35.936    0.0121
He 2                5694.36A   37.344    0.3099      Ca B                2124.58A   36.185    0.0215      Ne 7                887.279A   36.091    0.0173
He 2                5694.36A   36.794    0.0872      Ca B                2115.78A   36.106    0.0179      Ne 7                465.220A   36.620    0.0585
He 2                8199.90A   37.048    0.1568      Ca B                2108.46A   36.032    0.0151      Ne 8                780.325A   36.617    0.0580
He 2                8199.90A   37.386    0.3414      Ca B                2102.30A   35.961    0.0128      Ne 8                770.410A   36.887    0.1081
He 2                8199.90A   37.355    0.3174      Ca B                2097.07A   35.894    0.0110      O  6                1037.62A   37.001    0.1407
He 2                8199.90A   37.139    0.1932      Ca B                2092.59A   35.831    0.0095      O  6                1031.91A   37.300    0.2799
He 2                8199.90A   36.758    0.0804      Ca B                2088.73A   35.770    0.0083      S 10                1212.93A   34.968    0.0013
He 2                8199.90A   36.120    0.0185      Ca B                2085.37A   35.713    0.0072      S 10                1196.22A   35.064    0.0016
He 2                1.11610m   36.829    0.0946      Ca B                2082.42A   35.657    0.0064      S 11                1.91960m   35.189    0.0022
He 2                1.11610m   37.165    0.2050      Ca B                4541.46A   36.612    0.0574      S 11                1.39238m   34.907    0.0011
He 2                1.11610m   37.138    0.1928      Ca B                4338.55A   36.473    0.0416      S  9                1.25201m   34.932    0.0012
He 2                1.11610m   36.947    0.1240      Ca B                4199.71A   36.347    0.0312      S  9                1715.41A   35.193    0.0022
He 2                1.11610m   36.634    0.0604      Ca B                4099.92A   36.232    0.0239      Si10                1.43008m   35.744    0.0078
He 2                1.11610m   36.186    0.0215      Ca B                4025.48A   36.127    0.0188      Si 8                1445.74A   35.805    0.0089
He 2                1.11610m   35.490    0.0043      Ca B                3968.32A   36.030    0.0150      Si 8                1440.51A   35.947    0.0124
He 2                1.45776m   36.642    0.0615      Ca B                3923.37A   35.940    0.0122      Si 8                949.354A   34.922    0.0012
He 2                1.45776m   36.977    0.1329      Ca B                3887.33A   35.855    0.0101      Si 8                944.467A   35.214    0.0023
He 2                1.45776m   36.952    0.1256      Ca B                3857.96A   35.776    0.0084      Si 8                319.840A   35.062    0.0016
He 2                1.45776m   36.773    0.0832      Ca B                3833.69A   35.701    0.0071      Si 8                316.218A   34.858    0.0010
He 2                1.45776m   36.496    0.0439      Ca B                3813.38A   35.631    0.0060      level 1 lines..................................
He 2                1.45776m   36.129    0.0189      Ca B                3796.22A   35.564    0.0051      recombination..................................
He 2                1.45776m   35.638    0.0061      Ca B                3781.57A   35.501    0.0044      level2 lines...................................
He 2                1.45776m   34.899    0.0011      Ca B                3768.96A   35.440    0.0039      hyperfine structure............................
He 2                1.84498m   36.479    0.0423      Ca B                3758.03A   35.382    0.0034      inner shell....................................
He 2                1.84498m   36.813    0.0912      Ca B                3748.49A   35.327    0.0030      Fe 8                185.328A   35.090    0.0017
He 2                1.84498m   36.789    0.0864      Ca B                7592.50A   36.218    0.0231      Fe 8                190.745A   35.077    0.0017
He 2                1.84498m   36.618    0.0582      Ca B                7177.28A   36.092    0.0173      Fe 9                200.622A   34.976    0.0013
He 2                1.84498m   36.360    0.0321      Ca B                6890.67A   35.977    0.0133      Fe 9                194.333A   35.998    0.0140
He 2                1.84498m   36.038    0.0153      Ca B                6682.98A   35.872    0.0104      Fe 9                200.622A   35.984    0.0135
He 2                1.84498m   35.639    0.0061      Ca B                6526.88A   35.775    0.0083      molecules......................................
He 2                1.84498m   35.117    0.0018      Ca B                6406.17A   35.684    0.0068      blends.........................................
He 2                2.27776m   36.335    0.0303      Ca B                6310.64A   35.600    0.0056      Blnd                615.000A   35.905    0.0113
He 2                2.27776m   36.668    0.0653      Ca B                6233.61A   35.520    0.0046      Blnd                895.000A   36.321    0.0294
He 2                2.27776m   36.645    0.0620      Ca B                6170.48A   35.446    0.0039      Blnd                774.000A   37.074    0.1662
He 2                2.27776m   36.478    0.0422      Ca B                6118.06A   35.375    0.0033      Blnd                1549.00A   35.657    0.0064
He 2                2.27776m   36.232    0.0239      Ca B                6073.99A   35.308    0.0029      Blnd                765.000A   34.853    0.0010
He 2                2.27776m   35.936    0.0121      Ca B                6036.58A   35.244    0.0025      Blnd                1240.00A   36.166    0.0206
He 2                2.27776m   35.590    0.0055      Ca B                6004.52A   35.184    0.0021      Blnd                789.000A   34.916    0.0012
He 2                2.27776m   35.169    0.0021      Ca B                5976.82A   35.126    0.0019      Blnd                630.000A   36.486    0.0430
He 2                2.75608m   37.117    0.1837      Ca B                5952.73A   35.070    0.0016      Blnd                1218.00A   36.213    0.0229
He 2                3.27997m   37.005    0.1418      Ca B                3.09074m   36.449    0.0395      Blnd                1035.00A   37.477    0.4206

                                                    Emergent line intensities
general properties.............................      H  1                12.3684m   35.624    0.0059      He 2                1.57184m   35.276    0.0026
continua.......................................      H  1                7.50038m   35.504    0.0045      He 2                1.48813m   35.192    0.0022
FIR                 83.0000m   43.118 183919.55      H  1                5.90655m   35.370    0.0033      He 2                1.42683m   35.113    0.0018
TIR                 1800.00m   36.682    0.0675      H  1                5.12722m   35.243    0.0025      He 2                1.38030m   35.040    0.0015
NIRa                2.85000m   44.248 2482159.2      H  1                4.67119m   35.048    0.0016      He 2                1.34397m   34.972    0.0013
NIRb                3.00000m   43.838 965314.75      H  1                4.37522m   34.942    0.0012      He 2                1.31497m   34.909    0.0011
MIRa                15.0000m   43.907 1132689.5      H  1                3.48198m   35.054    0.0016      He 2                1.21105m   35.547    0.0049
MIRb                22.5000m   43.982 1345788.9      H  1                19.0565m   35.241    0.0024      He 2                6.94582m   35.563    0.0051
NMIR                21.7500m   44.248 2482159.2      H  1                11.3055m   35.143    0.0020      He 2                4.04934m   35.493    0.0044
TFIR                611.250m   37.242    0.2451      H  1                8.75760m   35.028    0.0015      He 2                3.09455m   35.282    0.0027
TALL                10000.0A   44.707 7141511.5      H  1                4.84633m   34.855    0.0010      He 2                2.62397m   35.188    0.0022
F12                 12.0000m   43.465 409432.69      H  1                27.7955m   34.907    0.0011      He 2                2.34631m   35.100    0.0018
F25                 25.0000m   43.251 249963.34      He 2                303.784A   39.890  108.8775      He 2                2.16456m   35.017    0.0015
F60                 60.0000m   43.078 167818.62      He 2                256.317A   39.254   25.1601      He 2                2.03725m   34.939    0.0012
F100                100.000m   41.931 11955.020      He 2                243.027A   38.870   10.4039      He 2                1.94368m   34.866    0.0010
MIPS                24.0000m   42.955 126513.60      He 2                237.331A   38.578    5.3081      He 2                1.62407m   35.374    0.0033
MIPS                70.0000m   42.505 44892.668      He 2                234.347A   38.334    3.0293      He 2                9.71043m   35.264    0.0026
MIPS                160.000m   36.496    0.0440      He 2                232.584A   38.130    1.8919      He 2                5.58107m   35.113    0.0018
IRAC                3.60000m   43.068 163936.95      He 2                231.454A   37.953    1.2600      He 2                4.21710m   35.027    0.0015
IRAC                4.50000m   43.103 177747.36      He 2                230.686A   37.798    0.8806      He 2                3.54320m   34.942    0.0012
IRAC                5.80000m   43.140 193427.97      He 2                230.139A   37.658    0.6388      He 2                3.14449m   34.860    0.0010
IRAC                8.00000m   43.296 277184.66      He 2                229.736A   37.943    1.2313      He 2                2.11969m   35.222    0.0023
SPR1                250.000m   36.474    0.0418      He 2                229.431A   37.842    0.9745      He 2                13.1242m   34.934    0.0012
SPR2                350.000m   36.353    0.0316      He 2                229.194A   37.748    0.7857      He 2                7.45447m   34.874    0.0011
SPR3                500.000m   36.295    0.0277      He 2                229.006A   37.662    0.6438      He 2                2.71161m   35.085    0.0017
PAC1                70.0000m   42.563 51311.988      He 2                228.855A   37.581    0.5351      He 2                3.41776m   34.961    0.0013
PAC2                100.000m   41.882 10695.142      He 2                228.731A   37.507    0.4507      C  6                33.7359A   35.953    0.0126
PAC3                160.000m   36.774    0.0834      He 2                228.629A   37.438    0.3843      C  6                28.4662A   35.312    0.0029
PAH                 3.30000m   42.210 22744.855      He 2                228.543A   37.374    0.3317      C  6                26.9901A   34.894    0.0011
PAHC                3.23000m   41.918 11601.430      He 2                228.471A   37.315    0.2899      C  6                26.0262A   34.859    0.0010
PAHC                3.37000m   41.903 11232.454      He 2                228.409A   37.263    0.2570      C  6                25.5588A   35.156    0.0020
PAH                 6.20000m   42.657 63739.070      He 2                228.356A   37.218    0.2318      C  6                182.183A   34.872    0.0010
PAHC                5.65000m   42.694 69385.898      He 2                228.309A   37.185    0.2146      N  7                24.7810A   35.306    0.0028
PAH                 7.90000m   42.843 97776.555      He 2                228.269A   37.171    0.2080      O  8                18.9689A   35.766    0.0082
PAHC                6.90000m   42.909 113757.28      He 2                228.234A   37.208    0.2266      O  8                16.0065A   35.117    0.0018
PAH                 11.3000m   42.258 25424.691      He 2                228.203A   38.009    1.4325      O  8                14.3717A   35.032    0.0015
PAHC                10.9000m   42.281 26767.650      He 2                1640.43A   38.783    8.5128      He-like iso-sequence...........................
PAH                 11.8000m   42.473 41711.195      He 2                1215.13A   38.364    3.2434      He 1                584.334A   34.965    0.0013
PAHC                12.6500m   42.441 38697.566      He 2                1084.94A   38.048    1.5667      He 1                625.563A   35.688    0.0068
PAH                 13.3000m   42.473 41654.105      He 2                1025.27A   37.800    0.8852      He 1                343.773A   35.600    0.0056
PAHC                14.1000m   42.441 38711.965      He 2                992.360A   37.594    0.5505      C  5                40.2678A   35.276    0.0027
Bcon                3640.00A   44.116 1830873.9      He 2                972.108A   37.417    0.3665      C  5                41.4721A   35.931    0.0120
Pcon                5000.00A   43.598 555845.56      He 2                958.694A   37.262    0.2566      N  6                29.0840A   34.955    0.0013
O3bn                5007.00A   42.093 17392.045      He 2                949.324A   37.125    0.1869      N  6                28.7870A   35.085    0.0017
SX                  25.0000A   43.053 158424.98      He 2                942.508A   37.080    0.1685      N  6                29.5343A   35.693    0.0069
HX                  4.70000A   42.804 89246.906      He 2                937.389A   36.978    0.1334      O  7                21.8070A   35.855    0.0101
RRC............................................      He 2                933.444A   36.885    0.1076      O  7                21.6020A   35.871    0.0104
grains.........................................      He 2                930.337A   36.799    0.0882      O  7                18.6270A   35.267    0.0026
H-like iso-sequence............................      He 2                927.846A   36.719    0.0734      O  7                17.7680A   34.868    0.0010
H  1                1215.67A   40.793  871.6847      He 2                925.817A   36.644    0.0618      O  7                22.1012A   36.448    0.0393
H  1                1025.72A   38.878   10.5850      He 2                924.142A   36.575    0.0527      O  7                17.2034A   35.263    0.0026
H  1                972.537A   38.474    4.1760      He 2                922.743A   36.511    0.0455      O  7                17.0870A   35.115    0.0018
H  1                949.743A   38.166    2.0579      He 2                921.562A   36.453    0.0398      O  7                17.0122A   35.011    0.0014
H  1                937.804A   37.879    1.0614      He 2                920.556A   36.400    0.0353      O  7                16.9613A   34.962    0.0013
H  1                930.748A   37.671    0.6579      He 2                919.693A   36.356    0.0318      O  7                16.9251A   35.500    0.0044
H  1                926.226A   37.491    0.4347      He 2                918.945A   36.322    0.0294      O  7                120.333A   34.974    0.0013
H  1                923.150A   37.332    0.3014      He 2                918.295A   36.309    0.0286      O  7                128.412A   35.205    0.0022
H  1                920.963A   37.189    0.2170      He 2                917.724A   36.346    0.0311      Ne 9                13.5529A   34.869    0.0010
H  1                919.351A   37.324    0.2956      He 2                917.221A   37.147    0.1967      Ne 9                13.6987A   35.391    0.0034
H  1                918.129A   37.215    0.2302      He 2                4685.64A   37.910    1.1403      extra Lyman....................................
H  1                917.181A   37.115    0.1830      He 2                3203.04A   37.633    0.6022      database lines.................................
H  1                916.429A   37.023    0.1480      He 2                2733.24A   37.391    0.3455      N  5                1238.82A   35.990    0.0137
H  1                915.824A   36.938    0.1216      He 2                2511.15A   37.187    0.2157      N  5                1242.80A   35.690    0.0069
H  1                915.329A   36.859    0.1014      He 2                2385.35A   37.010    0.1436      O  5                1218.34A   35.815    0.0092
H  1                914.919A   36.786    0.0856      He 2                2306.15A   36.855    0.1005      O  5                1213.81A   35.991    0.0137
H  1                914.576A   36.718    0.0732      He 2                2252.64A   36.717    0.0732      O  5                629.732A   36.484    0.0428
H  1                914.286A   36.655    0.0634      He 2                2214.62A   36.564    0.0514      Si 7                2146.64A   35.261    0.0026
H  1                914.039A   36.599    0.0558      He 2                2186.56A   36.463    0.0408      Si 7                2.48071m   34.940    0.0012
H  1                913.826A   36.551    0.0499      He 2                2165.20A   36.370    0.0329      Si 9                1984.88A   35.204    0.0022
H  1                913.641A   36.514    0.0458      He 2                2148.55A   36.284    0.0270      Si 9                2149.31A   35.541    0.0049
H  1                913.480A   36.496    0.0440      He 2                2135.31A   36.204    0.0225      Si 9                2.58394m   35.670    0.0066
H  1                913.339A   36.528    0.0473      He 2                2124.58A   36.130    0.0189      Si 9                3.92820m   35.876    0.0105
H  1                913.215A   37.317    0.2913      He 2                2115.78A   36.061    0.0161      Al 9                2.04444m   34.993    0.0014
H  1                6562.81A   38.252    2.5046      He 2                2108.46A   35.997    0.0139      Ar10                5534.02A   34.951    0.0013
H  1                4861.33A   37.853    1.0000      He 2                2102.30A   35.939    0.0122      C  4                1550.78A   35.172    0.0021
H  1                4340.46A   37.547    0.4942      He 2                2097.07A   35.887    0.0108      C  4                1548.19A   35.472    0.0042
H  1                4101.73A   37.271    0.2616      He 2                2092.59A   35.842    0.0098      Ca 8                2.32117m   35.187    0.0022
H  1                3970.07A   37.064    0.1626      He 2                2088.73A   35.809    0.0090      Ca 9                466.240A   34.961    0.0013
H  1                3889.05A   36.886    0.1080      He 2                2085.37A   35.795    0.0088      Fe10                6374.54A   36.329    0.0299
H  1                3835.38A   36.730    0.0754      He 2                2082.42A   35.832    0.0095      Fe11                7891.87A   35.624    0.0059
H  1                3797.89A   36.591    0.0547      He 2                2079.84A   36.633    0.0603      Fe11                2648.71A   35.693    0.0069
H  1                3770.63A   36.460    0.0404      He 2                1.01233m   37.259    0.2548      Fe11                1467.07A   34.858    0.0010
H  1                3750.15A   36.352    0.0315      He 2                6559.91A   37.059    0.1609      Fe12                2405.69A   34.892    0.0011
H  1                3734.36A   36.252    0.0251      He 2                5411.37A   36.865    0.1029      Mg 7                9.00655m   35.399    0.0035
H  1                3721.93A   36.160    0.0203      He 2                4859.18A   36.693    0.0691      Mg 7                5.50177m   35.296    0.0028
H  1                3711.97A   36.075    0.0167      He 2                4541.46A   36.539    0.0486      Mg 7                2508.99A   35.142    0.0019
H  1                3703.85A   35.996    0.0139      He 2                4338.55A   36.402    0.0354      Mg 7                2628.89A   35.546    0.0049
H  1                3697.15A   35.923    0.0117      He 2                4199.71A   36.195    0.0220      Mg 7                429.140A   35.020    0.0015
H  1                3691.55A   35.855    0.0100      He 2                4099.92A   36.095    0.0174      Mg 8                3.02765m   35.911    0.0114
H  1                3686.83A   35.793    0.0087      He 2                4025.48A   36.002    0.0141      Mg 8                430.455A   35.528    0.0047
H  1                3682.80A   35.737    0.0077      He 2                3968.32A   35.916    0.0116      Mg 8                782.364A   35.212    0.0023
H  1                3679.35A   35.688    0.0068      He 2                3923.37A   35.836    0.0096      Mg 8                772.262A   35.178    0.0021
H  1                3676.36A   35.651    0.0063      He 2                3887.33A   35.762    0.0081      Mg 8                436.734A   34.922    0.0012
H  1                3673.75A   35.634    0.0060      He 2                3857.96A   35.693    0.0069      Mg 9                706.061A   35.455    0.0040
H  1                3671.47A   35.666    0.0065      He 2                3833.69A   35.630    0.0060      Mg 9                694.007A   34.917    0.0012
H  1                3669.46A   36.455    0.0400      He 2                3813.38A   35.572    0.0052      Mg 9                368.071A   35.680    0.0067
H  1                1.87510m   37.305    0.2830      He 2                3796.22A   35.519    0.0046      Mg10                624.943A   35.455    0.0040
H  1                1.28180m   37.047    0.1562      He 2                3781.57A   35.475    0.0042      Mg10                609.794A   35.714    0.0073
H  1                1.09380m   36.793    0.0871      He 2                3768.96A   35.441    0.0039      Ne 6                7.64318m   35.645    0.0062
H  1                1.00493m   36.592    0.0549      He 2                3758.03A   35.428    0.0038      Ne 6                997.031A   35.042    0.0015
H  1                9545.93A   36.418    0.0367      He 2                3748.49A   35.465    0.0041      Ne 6                558.685A   35.905    0.0113
H  1                9228.97A   36.263    0.0257      He 2                3740.11A   36.266    0.0259      Ne 6                401.154A   35.229    0.0024
H  1                9014.87A   36.126    0.0187      He 2                1.86362m   36.731    0.0755      Ne 6                1010.21A   34.990    0.0014
H  1                8862.74A   35.945    0.0123      He 2                1.16260m   36.582    0.0535      Ne 6                1005.69A   35.452    0.0040
H  1                8750.43A   35.837    0.0096      He 2                9344.62A   36.422    0.0371      Ne 6                999.183A   35.443    0.0039
H  1                8664.98A   35.737    0.0077      He 2                8236.51A   36.275    0.0264      Ne 6                562.703A   35.254    0.0025
H  1                8598.35A   35.646    0.0062      He 2                7592.50A   36.140    0.0194      Ne 6                562.798A   35.158    0.0020
H  1                8545.34A   35.561    0.0051      He 2                7177.28A   35.906    0.0113      Ne 6                435.641A   34.986    0.0014
H  1                8502.44A   35.482    0.0043      He 2                6890.67A   35.806    0.0090      Ne 6                403.270A   34.997    0.0014
H  1                8467.21A   35.409    0.0036      He 2                6682.98A   35.714    0.0073      Ne 6                401.928A   35.080    0.0017
H  1                8437.91A   35.341    0.0031      He 2                6526.88A   35.629    0.0060      Ne 7                895.174A   35.934    0.0121
H  1                8413.28A   35.279    0.0027      He 2                6406.17A   35.549    0.0050      Ne 7                887.279A   36.089    0.0172
H  1                8392.35A   35.223    0.0023      He 2                6310.64A   35.475    0.0042      Ne 7                465.220A   36.619    0.0584
H  1                8374.43A   35.175    0.0021      He 2                6233.61A   35.407    0.0036      Ne 8                780.325A   36.615    0.0579
H  1                8358.96A   35.138    0.0019      He 2                6170.48A   35.343    0.0031      Ne 8                770.410A   36.886    0.1078
H  1                8345.51A   35.120    0.0018      He 2                6118.06A   35.285    0.0027      O  6                1037.62A   37.001    0.1407
H  1                8333.74A   35.152    0.0020      He 2                6073.99A   35.233    0.0024      O  6                1031.91A   37.300    0.2799
H  1                8323.38A   35.942    0.0123      He 2                6036.58A   35.189    0.0022      S 10                1212.93A   34.968    0.0013
H  1                4.05113m   36.621    0.0586      He 2                6004.52A   35.155    0.0020      S 10                1196.22A   35.064    0.0016
H  1                2.62513m   36.417    0.0366      He 2                5976.82A   35.142    0.0019      S 11                1.91960m   35.189    0.0022
H  1                2.16551m   36.228    0.0237      He 2                5952.73A   35.179    0.0021      S 11                1.39238m   34.907    0.0011
H  1                1.94454m   36.059    0.0161      He 2                5931.63A   35.980    0.0134      S  9                1.25201m   34.932    0.0012
H  1                1.81740m   35.908    0.0114      He 2                3.09074m   36.285    0.0270      S  9                1715.41A   35.193    0.0022
H  1                1.73620m   35.772    0.0083      He 2                1.87427m   36.171    0.0208      Si10                1.43008m   35.744    0.0078
H  1                1.68064m   35.575    0.0053      He 2                1.47599m   36.038    0.0153      Si 8                1445.74A   35.805    0.0089
H  1                1.64071m   35.468    0.0041      He 2                1.28124m   35.910    0.0114      Si 8                1440.51A   35.947    0.0124
H  1                1.61092m   35.369    0.0033      He 2                1.16728m   35.668    0.0065      Si 8                949.354A   34.922    0.0012
H  1                1.58804m   35.278    0.0027      He 2                1.09332m   35.569    0.0052      Si 8                944.467A   35.214    0.0023
H  1                1.57006m   35.193    0.0022      He 2                1.04194m   35.478    0.0042      Si 8                319.840A   35.062    0.0016
H  1                1.55563m   35.114    0.0018      He 2                1.00449m   35.393    0.0035      Si 8                316.218A   34.857    0.0010
H  1                1.54388m   35.041    0.0015      He 2                9761.80A   35.314    0.0029      level 1 lines..................................
H  1                1.53417m   34.974    0.0013      He 2                9541.71A   35.240    0.0024      recombination..................................
H  1                1.52604m   34.912    0.0011      He 2                9366.69A   35.171    0.0021      level2 lines...................................
H  1                1.51917m   34.856    0.0010      He 2                9224.90A   35.108    0.0018      hyperfine structure............................
H  1                1.49672m   35.574    0.0053      He 2                9108.20A   35.050    0.0016      inner shell....................................
H  1                7.45777m   36.071    0.0165      He 2                9010.89A   34.998    0.0014      molecules......................................
H  1                4.65247m   35.921    0.0117      He 2                8928.79A   34.954    0.0013      blends.........................................
H  1                3.73951m   35.765    0.0082      He 2                8858.83A   34.921    0.0012      Blnd                615.000A   35.905    0.0113
H  1                3.29607m   35.619    0.0058      He 2                8798.68A   34.907    0.0011      Blnd                895.000A   36.319    0.0293
H  1                3.03835m   35.486    0.0043      He 2                8746.57A   34.945    0.0012      Blnd                774.000A   37.072    0.1657
H  1                2.87219m   35.286    0.0027      He 2                8701.09A   35.746    0.0078      Blnd                1549.00A   35.657    0.0064
H  1                2.75749m   35.180    0.0021      He 2                4.76203m   35.901    0.0112      Blnd                1240.00A   36.166    0.0206
H  1                2.67438m   35.081    0.0017      He 2                2.82513m   35.812    0.0091      Blnd                789.000A   34.914    0.0012
H  1                2.61191m   34.990    0.0014      He 2                2.18843m   35.699    0.0070      Blnd                630.000A   36.486    0.0429
H  1                2.56361m   34.906    0.0011      He 2                1.87567m   35.463    0.0041      Blnd                1218.00A   36.213    0.0229
H  1                2.37371m   35.288    0.0027      He 2                1.69177m   35.366    0.0033      Blnd                1035.00A   37.477    0.4206



 CIV QSO  
 Cooling:  HFBc                      0 :0.309 H  1c                     0 :0.077 HFFc                      0 :0.366  
 Heating:  BFH1                      0 :0.291 BFHe                      0 :0.701  

 These are some of the most important databases used by Cloudy:
 Many recombination coefficients were taken from http://amdpp.phys.strath.ac.uk/tamoc/RR/ and http://amdpp.phys.strath.ac.uk/tamoc/DR/
      and are based on the following papers:
        Badnell N. R., et al., A&A 406, 1151 (2003) [http://adsabs.harvard.edu/abs/2003A%26A...406.1151B]
        Badnell N. R., ApJS 167, 334 (2006) [http://adsabs.harvard.edu/abs/2006ApJS..167..334B]
 Much of the molecular emission data is from LAMDA as accessed on June 30, 2015. This database is described in:
        Schoeier F.L., et al., A&A 432, 369 (2005) [http://adsabs.harvard.edu/abs/2005A%26A...432..369S]
      This database is in part based on the work of the following groups:
        JPL: Pickett H. M. et al., JQSRT, 60, 883 (1998). [http://adsabs.harvard.edu/abs/1998JQSRT..60..883P]
        CDMS: Mueller H. S. et al., A&A 370, L49 (2001). [http://adsabs.harvard.edu/abs/2001A%26A...370L..49M]
              Mueller H. S. et al., J. Mol. Struct. 742, 215 (2005). [http://adsabs.harvard.edu/abs/2005JMoSt.742..215M]
 Some of the ionic emission data is from version 7.1.4 of CHIANTI. CHIANTI is a collaborative project involving the NRL (USA), the
      Universities of Florence (Italy) and Cambridge (UK), and George Mason University (USA). These papers describe Chianti:
        Dere K. P., et al., A&AS, 125, 149 (1997) [http://adsabs.harvard.edu/abs/1997A%26AS..125..149D]
        Landi E., et al., ApJ, 744, 99 (2012) [http://adsabs.harvard.edu/abs/2012ApJ...744...99L]
 Much of the H_2 data is from this web site: http://molat.obspm.fr/index.php?page=pages/Molecules/H2/H2can94.php. These data are
      described in:
        Abgrall H. et al., Can. J. Phys., 72, 856 (1994) [http://adsabs.harvard.edu/abs/1994CaJPh..72..856A]
        Wrathmall S. A. & Flower D. R., J. Phys. B, 40, 3221 (2007) [http://adsabs.harvard.edu/abs/2007JPhB...40.3221W]
 The Case A and Case B recombination predictions for one-electron systems are from
	Storey, P.J. & Hummer, D.G., 1995, MNRAS 272, 41 http://adsabs.harvard.edu/abs/1995MNRAS.272...41S
 The He I recombination predictions are from
	Porter, R. L.; Ferland, G. J.; Storey, P. J.; Detisch, M. J., 2012, MNRAS, 425, 28p http://adsabs.harvard.edu/abs/2012MNRAS.425L..28P
		http://adsabs.harvard.edu/abs/2013MNRAS.433L..89P

 If you find some process or data set to be particularly critical to a result, please follow the trail of references back to the
 original source and cite that.  This will support and encourage atomic, molecular, and chemical physicists to continue their
 valuable work.

 IONIZE PARMET:  U(1-)  2.9797  U(4-):  1.9568  U(sp): -0.14  Q(ion):   54.432  L(ion) 44.190    Q(low): 57.086    L(low) 44.549
 ENERGY BUDGET:  Heat:  40.080  Coolg:  40.080  Error:  0.0%  Rec Lin:  39.485  F-F  H  0.000    P(rad/tot)max     0.00E+00    R(F Con):1.737e+05

     Col(Heff):      3.424E+16  snd travl time  1.00E+17 sec  Te-low: 6.61E+04  Te-hi: 1.13E+06  G0TH85: 4.35E+02  G0DB96:4.11E+02
  Emiss Measure    n(e)n(p) dl       5.062E+16  n(e)n(He+)dl         7.040E+11  En(e)n(He++) dl         5.061E+15  ne nC+:4.56E+01
 He/Ha:8.90E-02  =   0.89*true  Lthin:3.09E+08  itr/zn: 4.33  H2 itr/zn:  0.00  File Opacity: F  MassTot 5.48e+43  (gm)
   Temps(21 cm)   T(21cm/Ly a)  3.80E+02        T(<nH/Tkin>)  6.94E+04          T(<nH/Tspin>)    4.13E+02          TB21cm:0.00E+00
                   N(H0/Tspin)  2.07E+11        N(OH/Tkin)    9.01E-23          B(21cm)          0.00E+00
   <a>:5.68E-13  erdeFe6.2E+24  Tcompt1.72E+14  Tthr1.31E+17  <Tden>: 8.65E+04  <dens>:7.44E-28  <MolWgt>6.12E-01
     Mean Jeans  l(cm)1.55E+24  M(sun)2.25E+11  smallest:     len(cm):5.89E+23  M(sun):8.01E+10  a_ox tran: -1.53
 Rion:3.162E+23  Dist:0.00E+00  Diam:0.000E+00
 Hatom level 70  HatomType: add  HInducImp  F  He tot level: 63  He2 level:   70  ExecTime   213.0
 ConvrgError(%)  <eden>  0.027  MaxEden  0.406  <H-C>   0.01  Max(H-C)    0.19  <Press>   0.000  MaxPrs er  0.000
  Continuity(%)  chng Te   6.3  elec den   6.0  n(H2)    0.0  n(CO)        0.0

                                                        Averaged Quantities
             Te      Te(Ne)   Te(NeNp)  Te(NeHe+)Te(NeHe2+) Te(NeO+)  Te(NeO2+)  Te(H2)     N(H)     Ne(O2+)   Ne(Np)
 Radius:  7.64e+04  8.65e+04  9.84e+04  7.13e+04  9.84e+04  6.76e+04  6.79e+04  6.74e+04  3.18e-04  2.16e-04  5.08e-04
   Area:  6.86e+04  7.07e+04  7.37e+04  6.94e+04  7.37e+04  6.73e+04  6.75e+04  6.71e+04  2.18e-04  1.98e-04  3.43e-04
 Volume:  6.74e+04  6.83e+04  6.97e+04  6.83e+04  6.97e+04  6.70e+04  6.72e+04  6.68e+04  1.77e-04  1.84e-04  2.61e-04
 
 Peimbert T(OIIIr)4.78E+04 T(Bac)2.01E+04 T(Hth)0.00E+00 t2(Hstrc) 6.53e-03 T(O3-BAC)1.78E+05 t2(O3-BC) 5.88e-01 t2(O3str) 3.06e-04

 Contin Optical Depths: COMP: 7.95e-05    H-: 2.04e-12 R(1300): 5.75e-10  H2+: 2.28e-14  Bra:7.95E-05
                          Pa: 7.95e-05    Ba: 7.95e-05      Hb: 7.95e-05   La: 8.09e-05     1r:6.228E-04  1.8:1.85E-04 4.:3.532E-03

 Old, new H  1 continuum optical depths:
     1 5.43e-04     2 1.06e-12     3 2.08e-12     4 2.08e-12     5 2.08e-12     6 5.30e-13     7 5.30e-13     8 5.30e-13
     9 5.30e-13    10 1.11e-20    11 1.11e-20    12 1.11e-20    13 1.11e-20    14 1.11e-20    15 2.50e-20    16 2.50e-20
    17 2.50e-20    18 2.50e-20    19 2.50e-20    20 2.50e-20    21 5.08e-20    22 5.08e-20    23 5.08e-20    24 5.08e-20
    25 5.08e-20    26 5.08e-20    27 5.08e-20    28 9.59e-20    29 9.59e-20    30 9.59e-20    31 9.59e-20    32 9.59e-20
    33 9.59e-20    34 9.59e-20    35 9.59e-20    36 1.71e-19    37 1.71e-19    38 1.71e-19    39 1.71e-19    40 1.71e-19
    41 1.71e-19    42 1.71e-19    43 1.71e-19    44 1.71e-19    45 2.88e-19    46 2.88e-19    47 2.88e-19    48 2.88e-19
    49 2.88e-19    50 2.88e-19    51 2.88e-19    52 2.88e-19    53 2.88e-19    54 2.88e-19
     1 5.43e-04     2 1.06e-12     3 2.08e-12     4 2.08e-12     5 2.08e-12     6 5.30e-13     7 5.30e-13     8 5.30e-13
     9 5.30e-13    10 1.11e-20    11 1.11e-20    12 1.11e-20    13 1.11e-20    14 1.11e-20    15 2.50e-20    16 2.50e-20
    17 2.50e-20    18 2.50e-20    19 2.50e-20    20 2.50e-20    21 5.08e-20    22 5.08e-20    23 5.08e-20    24 5.08e-20
    25 5.08e-20    26 5.08e-20    27 5.08e-20    28 9.59e-20    29 9.59e-20    30 9.59e-20    31 9.59e-20    32 9.59e-20
    33 9.59e-20    34 9.59e-20    35 9.59e-20    36 1.71e-19    37 1.71e-19    38 1.71e-19    39 1.71e-19    40 1.71e-19
    41 1.71e-19    42 1.71e-19    43 1.71e-19    44 1.71e-19    45 2.88e-19    46 2.88e-19    47 2.88e-19    48 2.88e-19
    49 2.88e-19    50 2.88e-19    51 2.88e-19    52 2.88e-19    53 2.88e-19    54 2.88e-19

 Old, new H  1 mean line optical depths:
  2- 1 3.40e+00  3- 2 1.11e-11  4- 3 1.04e-17  5- 4 1.21e-17  6- 5 1.90e-17  7- 6 2.55e-17  8- 7 4.06e-17
  9- 8 6.34e-17 10- 9 9.48e-17 11-10 6.00e-16 12-11 2.83e-20 13-12 2.63e-20 14-13 1.84e-20 15-14 6.69e-21 16-15 0.00e+00
 17-16 0.00e+00 18-17 0.00e+00 19-18 0.00e+00 20-19 0.00e+00 21-20 0.00e+00 22-21 0.00e+00 23-22 0.00e+00 24-23 0.00e+00
 25-24 0.00e+00
  2- 1 3.40e+00  3- 2 1.11e-11  4- 3 1.04e-17  5- 4 1.21e-17  6- 5 1.90e-17  7- 6 2.55e-17  8- 7 4.06e-17
  9- 8 6.34e-17 10- 9 9.48e-17 11-10 6.00e-16 12-11 2.83e-20 13-12 2.63e-20 14-13 1.84e-20 15-14 6.68e-21 16-15 0.00e+00
 17-16 0.00e+00 18-17 0.00e+00 19-18 0.00e+00 20-19 0.00e+00 21-20 0.00e+00 22-21 0.00e+00 23-22 0.00e+00 24-23 0.00e+00
 25-24 0.00e+00

 Old, new He 2 continuum optical depths:
     1 3.45e-03     2 5.41e-04     3 5.11e-13     4 5.11e-13     5 5.11e-13     6 1.06e-12     7 1.06e-12     8 1.06e-12
     9 1.06e-12    10 1.69e-12    11 1.69e-12    12 1.69e-12    13 1.69e-12    14 1.69e-12    15 2.08e-12    16 2.08e-12
    17 2.08e-12    18 2.08e-12    19 2.08e-12    20 2.08e-12    21 1.73e-12    22 1.73e-12    23 1.73e-12    24 1.73e-12
    25 1.73e-12    26 1.73e-12    27 1.73e-12    28 5.30e-13    29 5.30e-13    30 5.30e-13    31 5.30e-13    32 5.30e-13
    33 5.30e-13    34 5.30e-13    35 5.30e-13    36 6.62e-21    37 6.62e-21    38 6.62e-21    39 6.62e-21    40 6.62e-21
    41 6.62e-21    42 6.62e-21    43 6.62e-21    44 6.62e-21    45 1.11e-20    46 1.11e-20    47 1.11e-20    48 1.11e-20
    49 1.11e-20    50 1.11e-20    51 1.11e-20    52 1.11e-20    53 1.11e-20    54 1.11e-20
     1 3.45e-03     2 5.41e-04     3 5.11e-13     4 5.11e-13     5 5.11e-13     6 1.06e-12     7 1.06e-12     8 1.06e-12
     9 1.06e-12    10 1.69e-12    11 1.69e-12    12 1.69e-12    13 1.69e-12    14 1.69e-12    15 2.08e-12    16 2.08e-12
    17 2.08e-12    18 2.08e-12    19 2.08e-12    20 2.08e-12    21 1.73e-12    22 1.73e-12    23 1.73e-12    24 1.73e-12
    25 1.73e-12    26 1.73e-12    27 1.73e-12    28 5.30e-13    29 5.30e-13    30 5.30e-13    31 5.30e-13    32 5.30e-13
    33 5.30e-13    34 5.30e-13    35 5.30e-13    36 6.62e-21    37 6.62e-21    38 6.62e-21    39 6.62e-21    40 6.62e-21
    41 6.62e-21    42 6.62e-21    43 6.62e-21    44 6.62e-21    45 1.11e-20    46 1.11e-20    47 1.11e-20    48 1.11e-20
    49 1.11e-20    50 1.11e-20    51 1.11e-20    52 1.11e-20    53 1.11e-20    54 1.11e-20

 Old, new He 2 mean line optical depths:
  2- 1 4.30e+01  3- 2 4.23e-14  4- 3 1.06e-19  5- 4 5.75e-20  6- 5 9.42e-20  7- 6 3.32e-19  8- 7 9.18e-19
  9- 8 1.99e-18 10- 9 3.60e-18 11-10 3.66e-17 12-11 0.00e+00 13-12 0.00e+00 14-13 0.00e+00 15-14 0.00e+00 16-15 0.00e+00
 17-16 0.00e+00 18-17 0.00e+00 19-18 0.00e+00 20-19 0.00e+00 21-20 0.00e+00 22-21 0.00e+00 23-22 0.00e+00 24-23 0.00e+00
 25-24 0.00e+00
  2- 1 4.30e+01  3- 2 4.49e-14  4- 3 1.21e-19  5- 4 6.50e-20  6- 5 9.42e-20  7- 6 3.32e-19  8- 7 9.19e-19
  9- 8 1.99e-18 10- 9 3.60e-18 11-10 3.66e-17 12-11 2.11e-26 13-12 0.00e+00 14-13 0.00e+00 15-14 0.00e+00 16-15 0.00e+00
 17-16 0.00e+00 18-17 0.00e+00 19-18 0.00e+00 20-19 0.00e+00 21-20 0.00e+00 22-21 0.00e+00 23-22 0.00e+00 24-23 0.00e+00
 25-24 0.00e+00

 Old He Is optical depths:    1 1.06e-04    2 6.99e-13    3 8.81e-13    4 9.83e-13    5 9.83e-13
 New He Is optical depths:    1 1.06e-04    2 6.99e-13    3 8.81e-13    4 9.83e-13    5 9.83e-13
          Old He Is Lines:  584 2.60e-04 3889 1.59e-11 5016 1.59e-11 5876 1.59e-11
          New He Is Lines:  584 2.60e-04 3889 1.59e-11 5016 1.59e-11 5876 1.59e-11
CIV QSO  


          Start Iteration Number 3                                                                     CIV QSO  


WARNING: no exact matching lines found for "HE 2" 949.310A
Taking best match as "He 2                949.324A"
WARNING: no exact matching lines found for "HE 2" 4859.00A
Taking best match as "He 2                4859.18A"
WARNING: no exact matching lines found for "HE 2" 4339.00A
WARNING: Line with incorrect label found close "O  2                4339.00A"
Taking best match as "He 2                4338.55A"
WARNING: no exact matching lines found for "HE 2" 6527.00A
Taking best match as "He 2                6526.88A"
WARNING: no exact matching lines found for "HE 2" 6560.00A
Taking best match as "He 2                6559.91A"
 ####  1  Te:1.129E+06 Hden:7.514E-04 Ne:9.016E-04 R:3.178E+21 R-R0:1.581E+19 dR:3.162E+19 NTR:  5 Htot:4.400E-30 T912: 5.43e-04###
 Hydrogen      1.11e-10 1.00e+00 H+o/Hden 1.00e+00 1.35e-22 H-    H2 7.24e-38 4.59e-24 H2+ HeH+ 1.93e-30 Ho+ ColD 2.64e+06 2.38e+16
 Helium        5.32e-16 3.98e-08 1.00e+00 HeI 2s3S 6.75e-20 Comp H,C 4.28e-30 1.81e-30 Fill Fac 1.00e+00 Gam1/tot 1.00e+00
 He singlet n  5.32e-16 3.50e-27 1.09e-33 4.79e-33 8.58e-34 1.16e-32 He tripl 6.75e-20 6.00e-31 1.82e-32 1.23e-31 3.14e-32
 Pressure      NgasTgas 1.95e+03 P(total) 2.69e-13 P( gas ) 2.69e-13 P(Radtn) 0.00e+00 Rad accl 4.56e-11 ForceMul 1.00e+00
 Texc(La)      3.34e+03 T(I con) 1.15e+01 T(D con) 2.64e-02 T(U tot) 1.15e+01 nT (c+d) 2.78e+06 Prad/Gas 0.00e+00 Pmag/Gas 0.00e+00
 Molecules     CH/Ctot: 3.45e-59 CH+/Ctot 1.57e-49 CO/Ctot:9.48e-115 CO+/Ctot7.94e-100 H2O/Otot4.41e-145 OH/Ototl7.11e-117
 Lithium       0.00e+00 1.20e-12 1.12e-06 1.00e+00 Berylliu 0.00e+00 4.07e-18 1.18e-10 1.16e-05 1.00e+00 sec ion: 0.00e+00
 Boron         0.00e+00 1.86e-22 1.22e-15 2.60e-09 6.92e-05 1.00e+00
 Carbon        0.00e+00 7.27e-27 5.88e-20 4.95e-14 2.69e-08 2.91e-04 1.00e+00 H2O+/O  5.63e-112 OH+/Otot 1.28e-73 Hex(tot) 0.00e+00
 Nitrogen      0.00e+00 0.00e+00 7.99e-24 6.02e-18 9.95e-13 2.07e-07 9.73e-04 9.99e-01 O2/Ototl5.35e-205 O2+/Otot6.22e-157
 Oxygen        0.00e+00 0.00e+00 3.86e-27 2.84e-21 3.92e-16 1.66e-11 1.49e-06 2.74e-03 9.97e-01
 Fluorine      0.00e+00 0.00e+00 0.00e+00 4.93e-24 6.13e-19 2.09e-14 2.78e-10 9.51e-06 6.79e-03 9.93e-01
 Neon          0.00e+00 0.00e+00 0.00e+00 1.48e-26 2.39e-21 7.56e-17 7.82e-13 3.86e-09 5.00e-05 1.50e-02 9.85e-01
 Sodium        0.00e+00 0.00e+00 0.00e+00 0.00e+00 1.47e-23 5.66e-19 5.05e-15 1.88e-11 4.07e-08 2.15e-04 2.96e-02 9.70e-01
 Magnesium     0.00e+00 0.00e+00 0.00e+00 0.00e+00 9.76e-26 4.29e-21 4.93e-17 1.86e-13 3.19e-10 3.21e-07 7.52e-04 5.25e-02 9.47e-01
 Aluminium  1  0.00e+00 0.00e+00 0.00e+00 0.00e+00 4.48e-23 6.19e-19 2.87e-15 4.57e-12 3.69e-09 1.88e-06 2.14e-03 8.47e-02 9.13e-01
 Silicon    2  0.00e+00 0.00e+00 0.00e+00 6.05e-25 1.05e-20 5.34e-17 1.01e-13 7.90e-11 3.22e-08 9.37e-06 5.45e-03 1.29e-01 8.65e-01
 Phosphorus 3  0.00e+00 0.00e+00 0.00e+00 2.31e-22 1.46e-18 3.14e-15 2.80e-12 1.12e-09 2.38e-07 3.99e-05 1.26e-02 1.86e-01 8.01e-01
 Sulphur    4  0.00e+00 0.00e+00 2.64e-24 2.34e-20 7.30e-17 8.20e-14 4.53e-11 1.08e-08 1.42e-06 1.48e-04 2.65e-02 2.53e-01 7.21e-01
 Chlorine   5  0.00e+00 0.00e+00 7.55e-22 2.88e-18 4.14e-15 2.42e-12 7.01e-10 9.86e-08 7.38e-06 4.78e-04 5.14e-02 3.23e-01 6.25e-01
 Argon      6  0.00e+00 5.95e-24 4.99e-20 1.01e-16 8.86e-14 3.28e-11 6.91e-09 6.43e-07 3.27e-05 1.38e-03 9.06e-02 3.87e-01 5.21e-01
 Potassium  7  3.41e-25 1.08e-21 5.01e-18 5.72e-15 2.82e-12 5.91e-10 7.05e-08 4.05e-06 1.28e-04 3.49e-03 1.46e-01 4.36e-01 4.14e-01
 Calcium    8  2.78e-23 4.36e-20 1.22e-16 8.68e-14 2.91e-11 5.27e-09 4.73e-07 1.97e-05 4.38e-04 8.02e-03 2.18e-01 4.59e-01 3.15e-01
 Scandium   9  4.63e-21 4.01e-18 7.18e-15 3.41e-12 7.17e-10 6.19e-08 3.27e-06 8.77e-05 1.26e-03 1.63e-02 2.99e-01 4.55e-01 2.28e-01
 Titanium  10  3.32e-19 1.68e-16 2.12e-13 6.86e-11 9.71e-09 5.82e-07 1.98e-05 3.33e-04 3.30e-03 3.00e-02 3.83e-01 4.24e-01 1.59e-01
 Vanadium  11  1.95e-17 5.62e-15 5.23e-12 1.18e-09 1.09e-07 4.43e-06 9.78e-05 1.11e-03 7.78e-03 5.04e-02 4.57e-01 3.77e-01 1.06e-01
 Chromium  12  6.05e-16 1.06e-13 7.38e-11 1.23e-08 8.22e-07 2.30e-05 4.07e-04 3.08e-03 1.66e-02 7.80e-02 5.13e-01 3.20e-01 6.87e-02
 Manganese 13  1.62e-14 1.81e-12 9.58e-10 1.11e-07 5.42e-06 1.11e-04 1.29e-03 7.97e-03 3.20e-02 1.11e-01 5.47e-01 2.58e-01 4.27e-02
 Iron      14  2.45e-13 1.87e-11 7.25e-09 5.97e-07 2.31e-05 4.04e-04 3.62e-03 1.68e-02 5.44e-02 1.47e-01 5.49e-01 2.02e-01 2.61e-02
 Cobalt    15  6.94e-12 3.45e-10 9.47e-08 5.68e-06 1.47e-04 1.54e-03 9.80e-03 3.68e-02 8.58e-02 1.78e-01 5.25e-01 1.48e-01 1.50e-02
 Nickel    16  1.13e-10 3.81e-09 7.58e-07 3.17e-05 6.09e-04 4.81e-03 2.46e-02 6.73e-02 1.23e-01 2.00e-01 4.67e-01 1.04e-01 8.37e-03
 Copper    17  1.31e-09 3.09e-08 4.50e-06 1.45e-04 2.01e-03 1.23e-02 4.80e-02 1.09e-01 1.57e-01 2.10e-01 3.89e-01 6.89e-02 4.42e-03
 Zinc      18  1.48e-08 2.46e-07 2.62e-05 6.54e-04 6.77e-03 3.28e-02 9.21e-02 1.59e-01 1.82e-01 1.93e-01 2.90e-01 4.06e-02 2.10e-03
 ####249  Te:6.609E+04 Hden:9.873E-05 Ne:1.185E-04 R:3.157E+23 R-R0:3.126E+23 dR:1.007E+21 NTR:  9 Htot:2.370E-32 T912: 1.09e-03###
 Hydrogen      2.15e-06 1.00e+00 H+o/Hden 1.00e+00 1.88e-15 H-    H2 3.24e-23 1.17e-16 H2+ HeH+ 6.60e-19 Ho+ ColD 8.56e+13 9.96e+19
 Helium        3.63e-09 5.48e-04 9.99e-01 HeI 2s3S 3.38e-17 Comp H,C 5.69e-35 1.41e-36 Fill Fac 1.00e+00 Gam1/tot 9.72e-01
 He singlet n  3.63e-09 4.15e-24 4.15e-31 3.35e-30 3.17e-31 3.44e-30 He tripl 3.38e-17 2.67e-28 1.03e-29 5.99e-29 9.65e-30
 Pressure      NgasTgas 1.50e+01 P(total) 2.07e-15 P( gas ) 2.07e-15 P(Radtn) 0.00e+00 Rad accl 2.82e-14 ForceMul 6.16e+00
 Texc(La)      2.60e+03 T(I con) 1.16e+00 T(D con) 1.38e-01 T(U tot) 1.16e+00 nT (c+d) 3.12e+05 Prad/Gas 0.00e+00 Pmag/Gas 0.00e+00
 Molecules     CH/Ctot: 3.94e-29 CH+/Ctot 2.10e-23 CO/Ctot: 7.85e-44 CO+/Ctot 2.98e-37 H2O/Otot 1.18e-48 OH/Ototl 1.10e-30
 Lithium       2.94e-12 7.15e-06 1.31e-02 9.87e-01 Berylliu 8.11e-12 3.61e-08 1.10e-03 1.12e-01 8.87e-01 sec ion: 1.54e-22
 Boron         2.96e-12 1.02e-07 1.98e-05 3.26e-02 4.01e-01 5.67e-01
 Carbon        7.37e-13 4.94e-08 3.21e-05 1.18e-03 2.38e-01 5.63e-01 1.97e-01 H2O+/O   3.99e-48 OH+/Otot 3.50e-30 Hex(tot) 0.00e+00
 Nitrogen      3.13e-13 1.30e-08 1.65e-05 1.57e-03 1.51e-02 5.82e-01 3.62e-01 3.91e-02 O2/Ototl 1.45e-42 O2+/Otot 4.62e-42
 Oxygen        4.93e-14 2.22e-09 5.37e-06 9.93e-04 2.16e-02 7.46e-02 7.48e-01 1.49e-01 5.84e-03
 Fluorine      8.75e-15 5.16e-10 1.36e-06 5.24e-04 2.32e-02 1.46e-01 1.84e-01 6.00e-01 4.43e-02 7.16e-04
 Neon          4.21e-16 5.91e-11 3.72e-07 1.62e-04 1.44e-02 1.75e-01 3.33e-01 2.08e-01 2.60e-01 8.11e-03 5.99e-05
 Sodium        2.86e-18 3.99e-12 7.19e-08 8.11e-05 8.04e-03 1.31e-01 4.64e-01 2.77e-01 7.52e-02 4.38e-02 6.37e-04 2.38e-06
 Magnesium     3.18e-17 5.01e-14 2.72e-09 7.70e-06 1.92e-03 4.55e-02 2.86e-01 4.33e-01 1.92e-01 3.12e-02 9.52e-03 7.10e-05 0.00e+00
 Aluminium  0  1.49e-16 1.89e-12 1.61e-10 8.13e-07 3.96e-04 3.10e-02 1.91e-01 4.41e-01 2.88e-01 4.49e-02 3.39e-03 7.15e-04 3.07e-06
 Silicon    0  5.75e-16 1.90e-11 3.87e-09 8.45e-08 7.13e-05 8.09e-03 1.65e-01 5.50e-01 2.36e-01 3.80e-02 2.12e-03 1.67e-04 1.90e-05
 Phosphorus 1  2.74e-10 4.17e-08 1.26e-06 1.09e-05 2.22e-03 7.22e-02 3.90e-01 3.71e-01 1.52e-01 1.18e-02 4.79e-04 2.08e-05 1.99e-06
 Sulphur    1  3.37e-10 2.30e-07 8.16e-06 9.18e-05 3.49e-04 2.31e-02 2.93e-01 5.03e-01 1.50e-01 2.76e-02 2.62e-03 6.89e-05 2.18e-06
 Chlorine   1  1.24e-11 7.87e-08 2.58e-05 3.82e-04 1.73e-03 3.63e-03 9.42e-02 3.86e-01 4.26e-01 8.37e-02 4.29e-03 1.55e-04 2.51e-06
 Argon      1  1.60e-12 5.24e-08 1.64e-05 1.43e-03 1.05e-02 1.89e-02 2.44e-02 2.91e-01 4.58e-01 1.71e-01 2.23e-02 1.27e-03 2.18e-05
 Potassium  1  8.96e-12 3.43e-08 1.04e-05 9.86e-04 2.96e-02 7.64e-02 7.00e-02 5.88e-02 3.64e-01 3.39e-01 5.84e-02 2.69e-03 5.24e-05
 Calcium    2  2.77e-08 1.17e-05 8.37e-04 2.86e-02 1.94e-01 2.40e-01 1.11e-01 7.20e-02 2.37e-01 1.07e-01 9.96e-03 3.81e-04 8.63e-06
 Scandium   2  1.85e-09 7.53e-06 5.67e-04 1.79e-02 1.28e-01 4.73e-01 2.29e-01 6.15e-02 2.39e-02 5.38e-02 1.19e-02 9.43e-04 1.57e-05
 Titanium   2  1.20e-09 3.08e-06 4.49e-04 1.28e-02 8.97e-02 3.86e-01 3.67e-01 1.05e-01 1.93e-02 8.56e-03 9.59e-03 9.34e-04 3.93e-05
 Vanadium   3  2.84e-07 1.02e-04 1.07e-02 7.02e-02 2.95e-01 3.24e-01 2.60e-01 2.87e-02 8.07e-03 1.70e-03 1.81e-03 7.95e-05 1.47e-06
 Chromium   3  1.38e-07 5.49e-05 5.18e-03 6.85e-02 2.77e-01 3.06e-01 2.79e-01 5.41e-02 6.10e-03 2.95e-03 2.11e-04 3.13e-04 1.52e-05
 Manganese  3  1.76e-07 8.16e-05 8.68e-03 1.38e-01 2.49e-01 2.79e-01 2.53e-01 5.52e-02 1.64e-02 6.86e-04 9.93e-05 7.66e-06 9.18e-06
 Iron       1  6.65e-16 4.87e-12 1.22e-08 5.50e-06 7.44e-04 5.38e-02 4.50e-01 3.69e-01 1.12e-01 1.35e-02 1.00e-03 8.00e-05 6.04e-06
 Cobalt     3  8.29e-09 5.65e-06 8.07e-04 1.93e-02 2.01e-01 3.73e-01 3.12e-01 6.96e-02 2.04e-02 3.56e-03 2.70e-04 1.10e-05 1.08e-06
 Nickel     3  3.13e-09 2.09e-06 4.05e-04 1.04e-02 1.31e-01 3.12e-01 4.31e-01 8.62e-02 2.50e-02 4.28e-03 3.37e-04 2.98e-05 1.05e-06
 Copper     3  1.40e-09 9.33e-07 1.83e-04 6.61e-03 9.32e-02 2.62e-01 4.72e-01 1.48e-01 1.39e-02 3.22e-03 2.26e-04 2.16e-05 2.26e-06
 Zinc       3  7.90e-10 5.09e-07 1.01e-04 3.72e-03 6.90e-02 2.10e-01 4.63e-01 1.81e-01 6.34e-02 8.65e-03 6.79e-04 5.44e-05 6.40e-06
   CIV QSO  
   Calculation stopped because outer radius reached. Iteration 3 of 3
   The geometry is spherical.
 C-Continuum zero at some energies.
  !Background cosmic rays are not included - is this physical?  It affects the chemistry.
  !Some input lines contained underscores, these were changed to spaces.
  !AGE: Cloud age was not set.  Longest timescale was 1.75e+17 s = 5.55e+09 years.
  !The CMB was not included.  This is added with the CMB command.
  !An ionization jump occurred elem Mn20, by 157% from 1.29e-03 (zone 1) to 1.83e-03 (zone 2) to 2.86e-03 (zone 3)
  !An ionization jump occurred elem Fe21, by 153% from 3.62e-03 (zone 1) to 5.03e-03 (zone 2) to 7.69e-03 (zone 3)
  !An ionization jump occurred elem Co21, by 164% from 1.54e-03 (zone 1) to 2.25e-03 (zone 2) to 3.69e-03 (zone 3)
  !An ionization jump occurred elem Ni22, by 157% from 4.81e-03 (zone 1) to 6.85e-03 (zone 2) to 1.08e-02 (zone 3)
  !An ionization jump occurred elem Cu22, by 167% from 2.01e-03 (zone 1) to 3.01e-03 (zone 2) to 5.04e-03 (zone 3)
  !An ionization jump occurred elem Cu23, by 150% from 1.23e-02 (zone 1) to 1.70e-02 (zone 2) to 2.56e-02 (zone 3)
  !An ionization jump occurred elem Zn23, by 157% from 6.77e-03 (zone 1) to 9.70e-03 (zone 2) to 1.52e-02 (zone 3)
   Thermal collisional ionization of H reached 2.85% of the local ionization rate.
   Te-ne bounds of Case B lookup table exceeded, H I Case B line intensities set to zero.
   Te-ne bounds of Case B lookup table exceeded, He II Case B line intensities set to zero.
   The density is too low to l-mix the lowest H  I collapsed level.  More resolved levels are needed for accurate line ratios.
   The density is too low to l-mix the lowest He I collapsed level.  More resolved levels are needed for accurate line ratios.
   Grains were not present but might survive in this environment (energy density temperature was 1.16e+01K)
   Is an outer radius of 3.16e+23 reasonable?

                       *********************************> Cloudy 17.03 <**********************************
                       * title CIV QSO                                                                   *
                       * set punch prefix "CIV_QSO"                                                      *
                       * radius = 21.500 23.500                                                          *
                       * iterate to convergence                                                          *
                       * sphere                                                                          *
                       * init "dlaw_HI_exp.ini"                                                          *
                       * table SED "QSO.sed"                                                             *
                       * no line transfer                                                                *
                       * nuL(nu) = 44.0 at 1 Ryd                                                         *
                       * stop temperature off                                                            *
                       * metals 0.001                                                                    *
                       * save last radius ".rad"                                                         *
                       * save last continuum ".cont"                                                     *
                       * save last physical conditions ".phy"                                            *
                       * save last overview ".ovr"                                                       *
                       * save last heating ".heat"                                                       *
                       * save last cooling ".cool"                                                       *
                       * save last optical depth ".opd"                                                  *
                       * save last element hydrogen ".ele_H"                                             *
                       * save last element helium ".ele_He"                                              *
                       * save last element carbon ".ele_C"                                               *
                       * save last element nitrogen ".ele_N"                                             *
                       * save last element oxygen ".ele_O"                                               *
                       * save last element argon ".ele_Ar"                                               *
                       * save last element neon ".ele_Ne"                                                *
                       * save last element sulphur ".ele_S"                                              *
                       * save last element chlorin ".ele_Cl"                                             *
                       * save last element iron ".ele_Fe"                                                *
                       * save last element silicon ".ele_Si"                                             *
                       * save last lines emissivity  ".emis"                                             *
                       * H  1  1215.67A                                                                  *
                       * H  1  1025.72A                                                                  *
                       * H  1  4861.33A                                                                  *
                       * H  1  6562.81A                                                                  *
                       * O  6  1031.91A                                                                  *
                       * O  6  1037.62A                                                                  *
                       * He 2  949.31A                                                                   *
                       * He 2  972.108A                                                                  *
                       * He 2  1025.27A                                                                  *
                       * He 2  1640.43A                                                                  *
                       * He 2  4859A                                                                     *
                       * He 2  4339A                                                                     *
                       * He 2  6527A                                                                     *
                       * He 2  6560A                                                                     *
                       * C  4  1550.78                                                                   *
                       * O  3  5006.84A                                                                  *
                       * N  5  1238.82                                                                   *
                       * N  5  1242.80                                                                   *
                       * c  4  1548.19                                                                   *
                       * c  4  1550.78                                                                   *
                       * mg 2  2795.53                                                                   *
                       * mg 2  2802.71                                                                   *
                       * end of lines                                                                    *
                       *********************************> Log(U):  2.98 <*********************************
                       >>>>>>>>>> Cautions are present.

                     Emission Line Spectrum.  Special Density Lw Model.  Closed geometry.  Iteration 3 of 3.
                                    Luminosity (erg/s) emitted by a shell with full coverage.


                                                   Intrinsic line intensities
general properties.............................      He 2                3.84941m   36.901    0.1117      Ca B                1.87427m   36.296    0.0277
Inci                      0    44.707 7144492.5      He 2                4.46440m   36.805    0.0895      Ca B                1.47599m   36.145    0.0196
TotH                      0    40.080  168.5278      He 2                5.12495m   36.716    0.0729      Ca B                1.28124m   36.006    0.0142
TotC                      0    40.080  168.5431      He 2                5.83106m   36.632    0.0601      Ca B                1.16728m   35.881    0.0107
BFH1                      0    39.544   49.0693      He 2                6.58272m   36.553    0.0501      Ca B                1.09332m   35.766    0.0082
BFHe                      0    39.925  118.0580      He 2                7.37993m   36.479    0.0423      Ca B                1.04194m   35.661    0.0064
TotM                      0    37.444    0.3903      He 2                8.22270m   36.409    0.0360      Ca B                1.00449m   35.564    0.0051
ComH                      0    37.857    1.0098      He 2                9.11102m   36.342    0.0308      Ca B                9761.80A   35.473    0.0042
ComC                      0    36.369    0.0328      He 2                10.0449m   36.279    0.0267      Ca B                9541.71A   35.389    0.0034
H FB                      0    39.570   52.1401      He 2                11.0243m   36.218    0.0232      Ca B                9366.69A   35.309    0.0029
HFBc                      0    39.570   52.1401      He 2                12.0493m   36.161    0.0203      Ca B                9224.90A   35.235    0.0024
H  1c                     0    38.969   13.0541      He 2                13.1199m   36.105    0.0179      Ca B                9108.20A   35.164    0.0020
He 2c                     0    38.150    1.9824      He 2                14.2360m   37.264    0.2577      Ca B                9010.89A   35.097    0.0018
Fe 7c                     0    35.558    0.0051      C  6                25.3032A   35.943    0.0123      Ca B                8928.79A   35.033    0.0015
N  5c                     0    36.166    0.0206      C  6                101.229A   34.939    0.0012      Ca B                8858.83A   34.972    0.0013
O  5c                     0    36.674    0.0662      N  7                18.5870A   35.270    0.0026      Ca B                8798.68A   34.915    0.0012
Si 7c                     0    35.541    0.0049      O  8                14.2280A   35.710    0.0072      Ca B                8746.57A   34.859    0.0010
Si 9c                     0    36.300    0.0280      He 1                504.259A   35.847    0.0099      Ca B                4.76203m   36.084    0.0170
Al 8c                     0    35.049    0.0016      C  5                31.6244A   35.667    0.0065      Ca B                2.82513m   35.956    0.0127
Al 9c                     0    35.180    0.0021      N  6                22.4596A   35.429    0.0038      Ca B                2.18843m   35.823    0.0093
Ar10c                     0    34.951    0.0013      O  7                16.7725A   36.178    0.0211      Ca B                1.87567m   35.699    0.0070
C  4c                     0    35.649    0.0063      O  7                69.5655A   34.870    0.0010      Ca B                1.69177m   35.585    0.0054
Ca10c                     0    34.942    0.0012      O  7                72.6796A   35.046    0.0016      Ca B                1.57184m   35.481    0.0042
Ca 8c                     0    35.515    0.0046      Ne 9                10.3678A   35.093    0.0017      Ca B                1.48813m   35.383    0.0034
Ca 9c                     0    34.984    0.0014      O  6                89.7895A   35.215    0.0023      Ca B                1.42683m   35.293    0.0028
Fe10c                     0    36.342    0.0308      Mg 6                66.4875A   34.912    0.0011      Ca B                1.38030m   35.208    0.0023
Fe11c                     0    36.037    0.0153      Si 7                50.3040A   35.184    0.0021      Ca B                1.34397m   35.129    0.0019
Fe12c                     0    35.283    0.0027      Si 8                40.8968A   35.513    0.0046      Ca B                1.31497m   35.054    0.0016
Fe13c                     0    35.050    0.0016      S  8                37.7816A   35.072    0.0017      Ca B                1.29138m   34.983    0.0013
Mg 6c                     0    35.252    0.0025      S  9                32.7088A   34.974    0.0013      Ca B                1.27191m   34.916    0.0012
Mg 7c                     0    36.124    0.0187      S 10                27.7341A   35.131    0.0019      Ca B                6.94582m   35.763    0.0081
Mg 8c                     0    36.284    0.0270      grains.........................................      Ca B                4.04934m   35.655    0.0063
Mg 9c                     0    35.930    0.0119      H-like iso-sequence............................      Ca B                3.09455m   35.537    0.0048
Mg10c                     0    35.905    0.0113      Cool                1215.67A   38.722    7.3957      Ca B                2.62397m   35.425    0.0037
N  4c                     0    34.985    0.0014      Crst                960.000A   38.606    5.6583      Ca B                2.34631m   35.321    0.0029
Na 7c                     0    34.961    0.0013      CION                      0    38.433    3.8061      Ca B                2.16456m   35.225    0.0024
Na 8c                     0    35.023    0.0015      He2C                      0    36.502    0.0446      Ca B                2.03725m   35.134    0.0019
Na 9c                     0    35.037    0.0015      Q(H)                4861.33A   42.108 18000.971      Ca B                1.94368m   35.050    0.0016
Ne 5c                     0    35.462    0.0041      Q(H)                1215.67A   43.645 619245.50      Ca B                1.87242m   34.971    0.0013
Ne 6c                     0    36.469    0.0413      CaBo                4861.33A   38.033    1.5136      Ca B                1.81660m   34.896    0.0011
Ne 7c                     0    36.798    0.0881      CaBo                1640.00A   39.074   16.6413      Ca B                9.71043m   35.477    0.0042
Ne 8c                     0    37.074    0.1662      CaBo                4685.64A   38.060    1.6116      Ca B                5.58107m   35.385    0.0034
O  4c                     0    35.219    0.0023      H  1                2431.34A   39.020   14.6917      Ca B                4.21710m   35.280    0.0027
O  6c                     0    37.477    0.4206      H  1                1215.67A   40.793  871.6847      Ca B                3.54320m   35.178    0.0021
S 10c                     0    35.417    0.0037      H  1                1025.72A   38.878   10.5850      Ca B                3.14449m   35.082    0.0017
S 11c                     0    35.486    0.0043      H  1                972.537A   38.474    4.1760      Ca B                2.88278m   34.993    0.0014
S  9c                     0    35.465    0.0041      H  1                949.743A   38.166    2.0579      Ca B                2.69895m   34.908    0.0011
Si10c                     0    35.840    0.0097      H  1                937.804A   37.879    1.0614      Ca B                13.1242m   35.219    0.0023
Si 8c                     0    36.308    0.0285      H  1                930.748A   37.671    0.6579      Ca B                7.45447m   35.140    0.0019
continua.......................................      H  1                926.226A   37.491    0.4347      Ca B                5.57885m   35.045    0.0016
Bac                 3646.00A   38.877   10.5725      H  1                923.150A   37.332    0.3014      Ca B                4.65042m   34.952    0.0013
nFnu                3645.00A   39.463   40.7242      H  1                920.963A   37.189    0.2170      Ca B                4.09996m   34.864    0.0010
nFnu                3647.00A   39.332   30.1516      H  1                919.351A   37.324    0.2956      Ca B                17.2555m   34.983    0.0014
cout                3646.00A   38.877   10.5725      H  1                918.129A   37.215    0.2302      Ca B                9.70372m   34.916    0.0012
thin                3646.00A   38.877   10.5792      H  1                917.181A   37.115    0.1830      He 2                607.567A   39.302   28.1226
Inci                4860.00A   43.947 1241135.2      H  1                916.429A   37.023    0.1480      He 2                303.784A   39.890  108.9225
Inci                1215.00A   44.436 3829250.5      H  1                915.824A   36.938    0.1216      He 2                256.317A   39.254   25.1661
Ba C                      0    38.782    8.4865      H  1                915.329A   36.859    0.1014      He 2                243.027A   38.870   10.4056
PA C                      0    38.273    2.6323      H  1                914.919A   36.786    0.0856      He 2                237.331A   38.578    5.3089
FIR                 83.0000m   43.118 183919.55      H  1                914.576A   36.718    0.0732      He 2                234.347A   38.334    3.0297
TIR                 1800.00m   36.682    0.0675      H  1                914.286A   36.655    0.0634      He 2                232.584A   38.130    1.8922
NIRa                2.85000m   44.248 2482159.2      H  1                914.039A   36.599    0.0558      He 2                231.454A   37.953    1.2602
NIRb                3.00000m   43.838 965314.75      H  1                913.826A   36.551    0.0499      He 2                230.686A   37.798    0.8807
MIRa                15.0000m   43.907 1132689.5      H  1                913.641A   36.514    0.0458      He 2                230.139A   37.658    0.6389
MIRb                22.5000m   43.982 1345788.9      H  1                913.480A   36.496    0.0440      He 2                229.736A   37.943    1.2315
NMIR                21.7500m   44.248 2482159.2      H  1                913.339A   36.528    0.0473      He 2                229.431A   37.842    0.9746
TFIR                611.250m   37.242    0.2451      H  1                913.215A   37.317    0.2913      He 2                229.194A   37.748    0.7858
TALL                10000.0A   44.707 7141511.5      H  1                6562.81A   38.252    2.5046      He 2                229.006A   37.662    0.6439
F12                 12.0000m   43.465 409432.69      H  1                4861.33A   37.853    1.0000      He 2                228.855A   37.582    0.5352
F25                 25.0000m   43.251 249963.34      H  1                4340.46A   37.547    0.4942      He 2                228.731A   37.507    0.4508
F60                 60.0000m   43.078 167818.62      H  1                4101.73A   37.271    0.2616      He 2                228.629A   37.438    0.3844
F100                100.000m   41.931 11955.020      H  1                3970.07A   37.064    0.1626      He 2                228.543A   37.374    0.3318
MIPS                24.0000m   42.955 126513.60      H  1                3889.05A   36.886    0.1080      He 2                228.471A   37.315    0.2900
MIPS                70.0000m   42.505 44892.668      H  1                3835.38A   36.730    0.0754      He 2                228.409A   37.263    0.2570
MIPS                160.000m   36.496    0.0440      H  1                3797.89A   36.591    0.0547      He 2                228.356A   37.218    0.2319
IRAC                3.60000m   43.068 163936.95      H  1                3770.63A   36.460    0.0404      He 2                228.309A   37.185    0.2146
IRAC                4.50000m   43.103 177747.36      H  1                3750.15A   36.352    0.0315      He 2                228.269A   37.171    0.2080
IRAC                5.80000m   43.140 193427.97      H  1                3734.36A   36.252    0.0251      He 2                228.234A   37.208    0.2266
IRAC                8.00000m   43.296 277184.66      H  1                3721.93A   36.160    0.0203      He 2                228.203A   38.009    1.4327
SPR1                250.000m   36.474    0.0418      H  1                3711.97A   36.075    0.0167      He 2                1640.43A   38.783    8.5128
SPR2                350.000m   36.353    0.0316      H  1                3703.85A   35.996    0.0139      He 2                1215.13A   38.364    3.2434
SPR3                500.000m   36.295    0.0277      H  1                3697.15A   35.923    0.0117      He 2                1084.94A   38.048    1.5667
PAC1                70.0000m   42.563 51311.988      H  1                3691.55A   35.855    0.0100      He 2                1025.27A   37.800    0.8852
PAC2                100.000m   41.882 10695.142      H  1                3686.83A   35.793    0.0087      He 2                992.360A   37.594    0.5505
PAC3                160.000m   36.774    0.0834      H  1                3682.80A   35.737    0.0077      He 2                972.108A   37.417    0.3665
PAH                 3.30000m   42.210 22744.855      H  1                3679.35A   35.688    0.0068      He 2                958.694A   37.262    0.2566
PAHC                3.23000m   41.918 11601.430      H  1                3676.36A   35.651    0.0063      He 2                949.324A   37.125    0.1869
PAHC                3.37000m   41.903 11232.454      H  1                3673.75A   35.634    0.0060      He 2                942.508A   37.080    0.1685
PAH                 6.20000m   42.657 63739.070      H  1                3671.47A   35.666    0.0065      He 2                937.389A   36.978    0.1334
PAHC                5.65000m   42.694 69385.898      H  1                3669.46A   36.455    0.0400      He 2                933.444A   36.885    0.1076
PAH                 7.90000m   42.843 97776.555      H  1                1.87510m   37.305    0.2830      He 2                930.337A   36.799    0.0882
PAHC                6.90000m   42.909 113757.28      H  1                1.28180m   37.047    0.1562      He 2                927.846A   36.719    0.0734
PAH                 11.3000m   42.258 25424.691      H  1                1.09380m   36.793    0.0871      He 2                925.817A   36.644    0.0618
PAHC                10.9000m   42.281 26767.650      H  1                1.00493m   36.592    0.0549      He 2                924.142A   36.575    0.0527
PAH                 11.8000m   42.473 41711.195      H  1                9545.93A   36.418    0.0367      He 2                922.743A   36.511    0.0455
PAHC                12.6500m   42.441 38697.566      H  1                9228.97A   36.263    0.0257      He 2                921.562A   36.453    0.0398
PAH                 13.3000m   42.473 41654.105      H  1                9014.87A   36.126    0.0187      He 2                920.556A   36.400    0.0353
PAHC                14.1000m   42.441 38711.965      H  1                8862.74A   35.945    0.0123      He 2                919.693A   36.356    0.0318
Bcon                3640.00A   44.116 1830873.9      H  1                8750.43A   35.837    0.0096      He 2                918.945A   36.322    0.0294
Pcon                5000.00A   43.598 555845.56      H  1                8664.98A   35.737    0.0077      He 2                918.295A   36.309    0.0286
O3bn                5007.00A   42.093 17392.045      H  1                8598.35A   35.646    0.0062      He 2                917.724A   36.346    0.0311
SX                  25.0000A   43.053 158437.03      H  1                8545.34A   35.561    0.0051      He 2                917.221A   37.147    0.1967
HX                  4.70000A   42.804 89247.500      H  1                8502.44A   35.482    0.0043      He 2                4685.64A   37.910    1.1403
HFFc                      0    39.644   61.7693      H  1                8467.21A   35.409    0.0036      He 2                3203.04A   37.633    0.6022
H FF                      0    39.506   44.9781      H  1                8437.91A   35.341    0.0031      He 2                2733.24A   37.391    0.3455
HeFF                      0    39.078   16.7896      H  1                8413.28A   35.279    0.0027      He 2                2511.15A   37.187    0.2157
MeFB                      0    35.438    0.0038      H  1                8392.35A   35.223    0.0023      He 2                2385.35A   37.010    0.1436
MeFF                      0    35.052    0.0016      H  1                8374.43A   35.175    0.0021      He 2                2306.15A   36.855    0.1005
ToFF                      0    39.644   61.7693      H  1                8358.96A   35.138    0.0019      He 2                2252.64A   36.717    0.0732
nFnu                3.55415c   35.069    0.0016      H  1                8345.51A   35.120    0.0018      He 2                2214.62A   36.564    0.0514
nFnu                3.43208c   35.082    0.0017      H  1                8333.74A   35.152    0.0020      He 2                2186.56A   36.463    0.0408
nFnu                3.40000c   35.086    0.0017      H  1                8323.38A   35.942    0.0123      He 2                2165.20A   36.370    0.0329
nFnu                2.00329c   35.295    0.0028      H  1                4.05113m   36.621    0.0586      He 2                2148.55A   36.284    0.0270
nFnu                1.33478c   35.455    0.0040      H  1                2.62513m   36.417    0.0366      He 2                2135.31A   36.204    0.0225
nFnu                9993.08m   35.569    0.0052      H  1                2.16551m   36.228    0.0237      He 2                2124.58A   36.130    0.0189
nFnu                6917.22m   35.712    0.0072      H  1                1.94454m   36.059    0.0161      He 2                2115.78A   36.061    0.0161
nFnu                122.400m   37.245    0.2469      H  1                1.81740m   35.908    0.0114      He 2                2108.46A   35.997    0.0139
nFnu                60.8322m   37.500    0.4434      H  1                1.73620m   35.772    0.0083      He 2                2102.30A   35.939    0.0122
nInu                60.8322m   43.184 214322.91      H  1                1.68064m   35.575    0.0053      He 2                2097.07A   35.887    0.0108
nFnu                41.2152m   37.641    0.6143      H  1                1.64071m   35.468    0.0041      He 2                2092.59A   35.842    0.0098
nInu                41.2152m   43.407 358339.41      H  1                1.61092m   35.369    0.0033      He 2                2088.73A   35.809    0.0090
nFnu                30.8695m   37.746    0.7811      H  1                1.58804m   35.278    0.0027      He 2                2085.37A   35.795    0.0088
nInu                30.8695m   43.519 463931.00      H  1                1.57006m   35.193    0.0022      He 2                2082.42A   35.832    0.0095
nFnu                24.7829m   37.825    0.9366      H  1                1.55563m   35.114    0.0018      He 2                2079.84A   36.633    0.0603
nInu                24.7829m   43.579 531813.38      H  1                1.54388m   35.041    0.0015      He 2                1.01233m   37.259    0.2548
nFnu                24.2998m   37.832    0.9521      H  1                1.53417m   34.974    0.0013      He 2                6559.91A   37.059    0.1609
nInu                24.2998m   43.587 542555.06      H  1                1.52604m   34.912    0.0011      He 2                5411.37A   36.865    0.1029
nFnu                22.8302m   37.853    1.0005      H  1                1.51917m   34.856    0.0010      He 2                4859.18A   36.693    0.0691
nInu                22.8302m   43.605 564405.06      H  1                1.49672m   35.574    0.0053      He 2                4541.46A   36.539    0.0486
nFnu                21.4199m   37.876    1.0538      H  1                7.45777m   36.071    0.0165      He 2                4338.55A   36.402    0.0354
nInu                21.4199m   43.618 582561.31      H  1                4.65247m   35.921    0.0117      He 2                4199.71A   36.195    0.0220
nFnu                21.1235m   37.882    1.0682      H  1                3.73951m   35.765    0.0082      He 2                4099.92A   36.095    0.0174
nInu                21.1235m   43.622 587437.12      H  1                3.29607m   35.619    0.0058      He 2                4025.48A   36.002    0.0141
nFnu                19.6199m   37.908    1.1347      H  1                3.03835m   35.486    0.0043      He 2                3968.32A   35.916    0.0116
nInu                19.6199m   43.628 595503.12      H  1                2.87219m   35.286    0.0027      He 2                3923.37A   35.836    0.0096
nFnu                17.6534m   37.945    1.2352      H  1                2.75749m   35.180    0.0021      He 2                3887.33A   35.762    0.0081
nInu                17.6534m   43.650 627073.12      H  1                2.67438m   35.081    0.0017      He 2                3857.96A   35.693    0.0069
nFnu                17.3700m   37.951    1.2522      H  1                2.61191m   34.990    0.0014      He 2                3833.69A   35.630    0.0060
nInu                17.3700m   43.654 632321.94      H  1                2.56361m   34.906    0.0011      He 2                3813.38A   35.572    0.0052
nFnu                15.6901m   37.987    1.3621      H  1                2.37371m   35.288    0.0027      He 2                3796.22A   35.519    0.0046
nInu                15.6901m   43.666 650687.00      H  1                12.3684m   35.624    0.0059      He 2                3781.57A   35.475    0.0042
nFnu                14.6036m   38.012    1.4428      H  1                7.50038m   35.504    0.0045      He 2                3768.96A   35.441    0.0039
nInu                14.6036m   43.682 673863.94      H  1                5.90655m   35.370    0.0033      He 2                3758.03A   35.428    0.0038
nFnu                12.4300m   38.071    1.6530      H  1                5.12722m   35.243    0.0025      He 2                3748.49A   35.465    0.0041
nInu                12.4300m   43.697 698290.81      H  1                4.67119m   35.048    0.0016      He 2                3740.11A   36.266    0.0259
nFnu                11.4000m   38.102    1.7735      H  1                4.37522m   34.942    0.0012      He 2                1.86362m   36.731    0.0755
nInu                11.4000m   43.706 712610.75      H  1                3.48198m   35.054    0.0016      He 2                1.16260m   36.582    0.0535
nFnu                10.4600m   38.133    1.9047      H  1                19.0565m   35.241    0.0024      He 2                9344.62A   36.422    0.0371
nInu                10.4600m   43.716 728915.81      H  1                11.3055m   35.143    0.0020      He 2                8236.51A   36.275    0.0264
nFnu                9.48002m   38.167    2.0598      H  1                8.75760m   35.028    0.0015      He 2                7592.50A   36.140    0.0194
nInu                9.48002m   43.726 745899.19      H  1                4.84633m   34.855    0.0010      He 2                7177.28A   35.906    0.0113
nFnu                9.32488m   38.173    2.0877      H  1                27.7955m   34.907    0.0011      He 2                6890.67A   35.806    0.0090
nInu                9.32488m   43.729 752101.31      Ca A                234.347A   38.334    3.0271      He 2                6682.98A   35.714    0.0073
nFnu                8.21035m   38.218    2.3167      Ca A                232.584A   38.131    1.8967      He 2                6526.88A   35.629    0.0060
nInu                8.21035m   43.736 763269.38      Ca A                231.454A   37.956    1.2685      He 2                6406.17A   35.549    0.0050
nFnu                7.58000m   38.246    2.4705      Ca A                230.686A   37.803    0.8908      He 2                6310.64A   35.475    0.0042
nInu                7.58000m   43.744 778305.56      Ca A                230.139A   37.666    0.6495      He 2                6233.61A   35.407    0.0036
nFnu                7.05026m   38.272    2.6269      Ca A                229.736A   37.542    0.4883      He 2                6170.48A   35.343    0.0031
nInu                7.05026m   43.746 781053.44      Ca A                229.431A   37.429    0.3764      He 2                6118.06A   35.285    0.0027
nFnu                4.11370m   38.464    4.0826      Ca A                229.194A   37.325    0.2963      He 2                6073.99A   35.233    0.0024
nInu                4.11370m   43.744 778109.94      Ca A                229.006A   37.228    0.2374      He 2                6036.58A   35.189    0.0022
nFnu                2.32440m   38.664    6.4673      Ca A                228.855A   37.139    0.1932      He 2                6004.52A   35.155    0.0020
nInu                2.32440m   43.660 641622.75      Ca A                228.731A   37.055    0.1593      He 2                5976.82A   35.142    0.0019
nFnu                1.64313m   38.789    8.6391      Ca A                228.629A   36.976    0.1329      He 2                5952.73A   35.179    0.0021
nInu                1.64313m   43.505 448754.53      Ca A                228.543A   36.902    0.1120      He 2                5931.63A   35.980    0.0134
nFnu                1.48022m   38.824    9.3441      Ca A                228.471A   36.832    0.0953      He 2                3.09074m   36.285    0.0270
nInu                1.48022m   43.473 416460.84      Ca A                228.409A   36.766    0.0818      He 2                1.87427m   36.171    0.0208
nFnu                1.43649m   38.850    9.9247      Ca A                228.356A   36.702    0.0707      He 2                1.47599m   36.038    0.0153
nInu                1.43649m   43.466 410258.84      Ca A                228.309A   36.642    0.0615      He 2                1.28124m   35.910    0.0114
nFnu                1.11867m   38.931   11.9807      Ca A                228.269A   36.584    0.0538      He 2                1.16728m   35.668    0.0065
nInu                1.11867m   43.460 404183.28      Ca A                228.234A   36.529    0.0474      He 2                1.09332m   35.569    0.0052
nFnu                8329.68A   39.030   15.0409      Ca A                992.360A   37.595    0.5514      He 2                1.04194m   35.478    0.0042
nInu                8329.68A   43.524 468806.25      Ca A                972.108A   37.417    0.3662      He 2                1.00449m   35.393    0.0035
nFnu                8078.61A   39.081   16.8868      Ca A                958.694A   37.261    0.2560      He 2                9761.80A   35.314    0.0029
nInu                8078.61A   43.527 471935.91      Ca A                949.324A   37.123    0.1861      He 2                9541.71A   35.240    0.0024
nFnu                6209.66A   39.163   20.4074      Ca A                942.508A   36.998    0.1397      He 2                9366.69A   35.171    0.0021
nInu                6209.66A   43.588 543723.31      Ca A                937.389A   36.885    0.1076      He 2                9224.90A   35.108    0.0018
nFnu                4885.36A   39.247   24.7920      Ca A                933.444A   36.780    0.0846      He 2                9108.20A   35.050    0.0016
nInu                4885.36A   43.850 992038.69      Ca A                930.337A   36.684    0.0678      He 2                9010.89A   34.998    0.0014
nFnu                3704.34A   39.327   29.7618      Ca A                927.846A   36.594    0.0551      He 2                8928.79A   34.954    0.0013
nInu                3704.34A   43.766 818176.44      Ca A                925.817A   36.510    0.0454      He 2                8858.83A   34.921    0.0012
nFnu                3587.67A   39.470   41.4410      Ca A                924.142A   36.432    0.0379      He 2                8798.68A   34.907    0.0011
nInu                3587.67A   43.782 849723.12      Ca A                922.743A   36.358    0.0320      He 2                8746.57A   34.945    0.0012
nFnu                2430.05A   39.569   52.0086      Ca A                921.562A   36.287    0.0272      He 2                8701.09A   35.746    0.0078
nInu                2430.05A   43.905 1126744.8      Ca A                920.556A   36.221    0.0233      He 2                4.76203m   35.901    0.0112
nFnu                2392.03A   39.573   52.4652      Ca A                919.693A   36.158    0.0202      He 2                2.82513m   35.812    0.0091
nInu                2392.03A   43.891 1090826.0      Ca A                918.945A   36.097    0.0176      He 2                2.18843m   35.699    0.0070
nFnu                2071.34A   39.604   56.3927      Ca A                918.295A   36.040    0.0154      He 2                1.87567m   35.463    0.0041
nInu                2071.34A   43.908 1133942.4      Ca A                917.724A   35.984    0.0135      He 2                1.69177m   35.366    0.0033
nFnu                2052.68A   39.619   58.3276      Ca A                2385.35A   37.025    0.1487      He 2                1.57184m   35.276    0.0026
nInu                2052.68A   43.898 1109445.5      Ca A                2306.15A   36.868    0.1036      He 2                1.48813m   35.192    0.0022
nFnu                1793.44A   39.686   68.0141      Ca A                2252.64A   36.729    0.0752      He 2                1.42683m   35.113    0.0018
nInu                1793.44A   43.925 1180932.9      Ca A                2214.62A   36.604    0.0563      He 2                1.38030m   35.040    0.0015
nFnu                1585.12A   39.699   70.0967      Ca A                2186.56A   36.489    0.0433      He 2                1.34397m   34.972    0.0013
nInu                1585.12A   43.995 1387717.0      Ca A                2165.20A   36.385    0.0340      He 2                1.31497m   34.909    0.0011
nFnu                1458.33A   39.696   69.7313      Ca A                2148.55A   36.288    0.0272      He 2                1.21105m   35.547    0.0049
nInu                1458.33A   43.936 1211755.2      Ca A                2135.31A   36.198    0.0221      He 2                6.94582m   35.563    0.0051
nFnu                1356.96A   39.679   66.9592      Ca A                2124.58A   36.114    0.0182      He 2                4.04934m   35.493    0.0044
nInu                1356.96A   43.971 1312605.9      Ca A                2115.78A   36.035    0.0152      He 2                3.09455m   35.282    0.0027
nFnu                1297.29A   39.646   62.0750      Ca A                2108.46A   35.960    0.0128      He 2                2.62397m   35.188    0.0022
nInu                1297.29A   43.999 1399533.2      Ca A                2102.30A   35.890    0.0109      He 2                2.34631m   35.100    0.0018
nFnu                1262.79A   39.609   56.9517      Ca A                2097.07A   35.823    0.0093      He 2                2.16456m   35.017    0.0015
nInu                1262.79A   44.083 1699869.1      Ca A                2092.59A   35.760    0.0081      He 2                2.03725m   34.939    0.0012
nFnu                1218.08A   39.525   47.0366      Ca A                2088.73A   35.699    0.0070      He 2                1.94368m   34.866    0.0010
nInu                1218.08A   44.429 3766709.8      Ca A                2085.37A   35.642    0.0061      He 2                1.62407m   35.374    0.0033
nFnu                1196.33A   39.522   46.6998      Ca A                2082.42A   35.586    0.0054      He 2                9.71043m   35.264    0.0026
nInu                1196.33A   44.272 2623130.5      Ca A                4541.46A   36.572    0.0524      He 2                5.58107m   35.113    0.0018
nFnu                1175.06A   39.519   46.3543      Ca A                4338.55A   36.432    0.0379      He 2                4.21710m   35.027    0.0015
nInu                1175.06A   44.114 1824731.1      Ca A                4199.71A   36.306    0.0284      He 2                3.54320m   34.942    0.0012
nFnu                1143.64A   39.513   45.7116      Ca A                4099.92A   36.191    0.0218      He 2                3.14449m   34.860    0.0010
nInu                1143.64A   44.028 1494961.5      Ca A                4025.48A   36.086    0.0171      He 2                2.11969m   35.222    0.0023
nFnu                1113.22A   39.507   45.1205      Ca A                3968.32A   35.988    0.0137      He 2                13.1242m   34.934    0.0012
nInu                1113.22A   44.018 1462947.2      Ca A                3923.37A   35.898    0.0111      He 2                7.45447m   34.874    0.0011
nFnu                1103.23A   39.506   44.9701      Ca A                3887.33A   35.814    0.0091      He 2                2.71161m   35.085    0.0017
nInu                1103.23A   44.006 1421808.8      Ca A                3857.96A   35.734    0.0076      He 2                3.41776m   34.961    0.0013
nFnu                1073.86A   39.500   44.3592      Ca A                3833.69A   35.660    0.0064      Ca A                33.7359A   36.056    0.0160
nInu                1073.86A   44.029 1500458.8      Ca A                3813.38A   35.589    0.0054      Ca A                28.4662A   35.304    0.0028
nFnu                1064.34A   39.498   44.1267      Ca A                3796.22A   35.523    0.0047      Ca A                26.9901A   34.867    0.0010
nInu                1064.34A   44.033 1513433.1      Ca A                3781.57A   35.459    0.0040      Ca A                182.236A   35.083    0.0017
nFnu                1035.92A   39.491   43.4991      Ca A                3768.96A   35.398    0.0035      Ca B                182.236A   35.204    0.0022
nInu                1035.92A   44.101 1768630.1      Ca A                3758.03A   35.341    0.0031      C  6                67.4753A   35.231    0.0024
nFnu                1000.00A   39.483   42.6227      Ca A                3748.49A   35.285    0.0027      C  6                33.7359A   35.953    0.0126
nInu                1000.00A   44.036 1522465.8      Ca A                7592.50A   36.192    0.0218      C  6                28.4662A   35.312    0.0029
nFnu                925.144A   39.463   40.7752      Ca A                7177.28A   36.065    0.0163      C  6                26.9901A   34.894    0.0011
nInu                925.144A   44.003 1412434.0      Ca A                6890.67A   35.950    0.0125      C  6                26.0262A   34.859    0.0010
nFnu                897.800A   40.409  359.3982      Ca A                6682.98A   35.845    0.0098      C  6                25.5588A   35.156    0.0020
nInu                897.800A   43.994 1383095.6      Ca A                6526.88A   35.747    0.0078      C  6                182.183A   34.877    0.0011
nFnu                760.023A   40.325  296.1810      Ca A                6406.17A   35.656    0.0064      Ca A                24.7810A   35.417    0.0037
nInu                760.023A   43.943 1231386.5      Ca A                6310.64A   35.572    0.0052      N  7                24.7810A   35.306    0.0028
nFnu                701.514A   40.274  263.8545      Ca A                6233.61A   35.492    0.0044      Ca A                18.9689A   35.880    0.0106
nInu                701.514A   43.919 1164563.2      Ca A                6170.48A   35.418    0.0037      Ca A                16.0065A   35.091    0.0017
nFnu                608.160A   40.169  207.0078      Ca A                6118.06A   35.347    0.0031      Ca A                102.492A   34.931    0.0012
nInu                608.160A   43.876 1053747.8      Ca A                6073.99A   35.280    0.0027      Ca B                102.492A   35.038    0.0015
nFnu                575.146A   40.122  185.9580      Ca A                6036.58A   35.216    0.0023      O  8                37.9413A   35.028    0.0015
nInu                575.146A   43.859 1012895.2      Ca A                6004.52A   35.156    0.0020      O  8                18.9689A   35.766    0.0082
nFnu                511.948A   40.020  147.0157      Ca A                5976.82A   35.098    0.0018      O  8                16.0065A   35.117    0.0018
nInu                511.948A   43.823 933697.69      Ca A                5952.73A   35.042    0.0015      O  8                14.3717A   35.032    0.0015
nFnu                496.874A   39.993  138.1543      Ca A                3.09074m   36.438    0.0385      He-like iso-sequence...........................
nInu                496.874A   43.814 914346.00      Ca A                1.87427m   36.282    0.0269      He 1                584.334A   34.965    0.0013
nFnu                399.153A   39.798   88.0558      Ca A                1.47599m   36.129    0.0189      He 1                625.563A   35.689    0.0068
nInu                399.153A   43.747 784129.31      Ca A                1.28124m   35.989    0.0137      He 1                343.773A   35.600    0.0056
RRC............................................      Ca A                1.16728m   35.863    0.0102      C  5                40.2678A   35.277    0.0027
H  1                911.753A   39.957  127.0936      Ca A                1.09332m   35.748    0.0078      C  5                41.4721A   35.931    0.0120
H  1                3645.98A   38.772    8.3033      Ca A                1.04194m   35.642    0.0061      TOTL                29.0840A   34.957    0.0013
H  1                3645.98A   38.836    9.6072      Ca A                1.00449m   35.544    0.0049      N  6                29.0840A   34.955    0.0013
H  1                8203.53A   38.159    2.0215      Ca A                9761.80A   35.453    0.0040      N  6                28.7870A   35.085    0.0017
H  1                8203.53A   38.257    2.5328      Ca A                9541.71A   35.368    0.0033      N  6                29.5343A   35.693    0.0069
H  1                8203.53A   37.844    0.9787      Ca A                9366.69A   35.289    0.0027      O  7                43.5884A   35.114    0.0018
H  1                1.45841m   37.748    0.7860      Ca A                9224.90A   35.214    0.0023      TOTL                21.8070A   35.859    0.0101
H  1                1.45841m   37.850    0.9938      Ca A                9108.20A   35.143    0.0020      O  7                21.8070A   35.855    0.0101
H  1                1.45841m   37.533    0.4781      Ca A                9010.89A   35.076    0.0017      O  7                21.6020A   35.871    0.0104
H  1                1.45841m   36.941    0.1226      Ca A                8928.79A   35.012    0.0014      O  7                18.6270A   35.267    0.0026
H  1                2.27876m   37.440    0.3863      Ca A                8858.83A   34.952    0.0013      O  7                17.7680A   34.868    0.0010
H  1                2.27876m   37.542    0.4884      Ca A                8798.68A   34.894    0.0011      O  7                22.1012A   36.448    0.0394
H  1                2.27876m   37.252    0.2508      Ca A                4.76203m   36.075    0.0167      O  7                17.2034A   35.263    0.0026
H  1                2.27876m   36.797    0.0879      Ca A                2.82513m   35.945    0.0124      O  7                17.0870A   35.115    0.0018
H  1                2.27876m   36.129    0.0189      Ca A                2.18843m   35.811    0.0091      O  7                17.0122A   35.011    0.0014
H  1                3.28142m   37.192    0.2184      Ca A                1.87567m   35.686    0.0068      O  7                16.9613A   34.962    0.0013
H  1                3.28142m   37.293    0.2757      Ca A                1.69177m   35.572    0.0052      O  7                16.9251A   35.500    0.0044
H  1                3.28142m   37.015    0.1454      Ca A                1.57184m   35.466    0.0041      O  7                120.333A   34.976    0.0013
H  1                3.28142m   36.609    0.0570      Ca A                1.48813m   35.368    0.0033      O  7                128.412A   35.207    0.0023
H  1                3.28142m   36.105    0.0179      Ca A                1.42683m   35.278    0.0027      TOTL                13.5529A   34.885    0.0011
H  1                3.28142m   35.398    0.0035      Ca A                1.38030m   35.193    0.0022      Ne 9                13.5529A   34.869    0.0010
H  1                4.46637m   36.985    0.1356      Ca A                1.34397m   35.113    0.0018      Ne 9                13.6987A   35.391    0.0034
H  1                4.46637m   37.086    0.1709      Ca A                1.31497m   35.038    0.0015      Pho+                3889.00A   36.792    0.0869
H  1                4.46637m   36.813    0.0913      Ca A                1.29138m   34.967    0.0013      extra Lyman....................................
H  1                4.46637m   36.430    0.0377      Ca A                1.27191m   34.900    0.0011      database lines.................................
H  1                4.46637m   35.991    0.0137      Ca A                6.94582m   35.755    0.0080      N  5                1238.82A   35.990    0.0137
H  1                4.46637m   35.470    0.0041      Ca A                4.04934m   35.646    0.0062      N  5                1242.80A   35.690    0.0069
H  1                5.83363m   36.807    0.0900      Ca A                3.09455m   35.528    0.0047      O  5                1218.34A   35.815    0.0092
H  1                5.83363m   36.907    0.1133      Ca A                2.62397m   35.415    0.0036      O  5                1213.81A   35.991    0.0137
H  1                5.83363m   36.638    0.0609      Ca A                2.34631m   35.310    0.0029      O  5                629.732A   36.485    0.0429
H  1                5.83363m   36.266    0.0259      Ca A                2.16456m   35.213    0.0023      Si 7                2146.64A   35.261    0.0026
H  1                5.83363m   35.860    0.0102      Ca A                2.03725m   35.122    0.0019      Si 7                2.48071m   34.940    0.0012
H  1                5.83363m   35.418    0.0037      Ca A                1.94368m   35.038    0.0015      Si 9                1984.88A   35.204    0.0022
H  1                5.83363m   34.886    0.0011      Ca A                1.87242m   34.958    0.0013      Si 9                2149.31A   35.541    0.0049
H  1                7.38319m   36.651    0.0628      Ca A                1.81660m   34.883    0.0011      Si 9                2.58394m   35.670    0.0066
H  1                7.38319m   36.750    0.0789      Ca A                9.71043m   35.469    0.0041      Si 9                3.92820m   35.876    0.0105
H  1                7.38319m   36.483    0.0426      Ca A                5.58107m   35.377    0.0033      Al 9                2.04444m   34.993    0.0014
H  1                7.38319m   36.118    0.0184      Ca A                4.21710m   35.272    0.0026      Ar10                5534.02A   34.951    0.0013
H  1                7.38319m   35.731    0.0075      Ca A                3.54320m   35.169    0.0021      C  4                1550.78A   35.172    0.0021
H  1                7.38319m   35.331    0.0030      Ca A                3.14449m   35.073    0.0017      C  4                1548.19A   35.472    0.0042
H  1                7.38319m   34.890    0.0011      Ca A                2.88278m   34.983    0.0013      Ca 8                2.32117m   35.187    0.0022
H  1                9.11505m   36.511    0.0455      Ca A                2.69895m   34.898    0.0011      Ca 9                466.240A   34.961    0.0013
H  1                9.11505m   36.611    0.0572      Ca A                13.1242m   35.210    0.0023      Fe10                6374.54A   36.329    0.0299
H  1                9.11505m   36.344    0.0310      Ca A                7.45447m   35.133    0.0019      Fe11                7891.87A   35.624    0.0059
H  1                9.11505m   35.984    0.0135      Ca A                5.57885m   35.038    0.0015      Fe11                2648.71A   35.693    0.0069
H  1                9.11505m   35.608    0.0057      Ca A                4.65042m   34.945    0.0012      Fe11                1467.07A   34.858    0.0010
H  1                9.11505m   35.234    0.0024      Ca A                4.09996m   34.856    0.0010      Fe12                2405.69A   34.892    0.0011
H  1                11.0292m   36.925    0.1179      Ca A                17.2555m   34.975    0.0013      Mg 7                9.00655m   35.399    0.0035
H  1                13.1257m   36.812    0.0909      Ca A                9.70372m   34.909    0.0011      Mg 7                5.50177m   35.296    0.0028
H  1                15.4044m   36.708    0.0716      Ca B                992.360A   37.770    0.8257      Mg 7                2508.99A   35.142    0.0019
H  1                17.8655m   36.612    0.0573      Ca B                972.108A   37.589    0.5450      Mg 7                2628.89A   35.546    0.0049
H  1                20.5089m   36.522    0.0466      Ca B                958.694A   37.432    0.3791      Mg 7                429.140A   35.020    0.0015
H  1                23.3345m   36.438    0.0385      Ca B                949.324A   37.292    0.2746      Mg 8                3.02765m   35.911    0.0114
H  1                26.3425m   36.359    0.0321      Ca B                942.508A   37.165    0.2053      Mg 8                430.455A   35.528    0.0047
H  1                29.5328m   36.285    0.0270      Ca B                937.389A   37.051    0.1576      Mg 8                782.364A   35.214    0.0023
H  1                32.9053m   36.214    0.0230      Ca B                933.444A   36.945    0.1237      Mg 8                772.262A   35.179    0.0021
H  1                36.4602m   36.148    0.0197      Ca B                930.337A   36.848    0.0989      Mg 8                436.734A   34.922    0.0012
H  1                40.1974m   36.084    0.0170      Ca B                927.846A   36.758    0.0803      Mg 9                706.061A   35.456    0.0040
H  1                44.1168m   36.024    0.0148      Ca B                925.817A   36.673    0.0661      Mg 9                694.007A   34.918    0.0012
H  1                48.2186m   35.966    0.0130      Ca B                924.142A   36.594    0.0551      Mg 9                368.071A   35.680    0.0067
H  1                52.5027m   35.910    0.0114      Ca B                922.743A   36.519    0.0464      Mg10                624.943A   35.455    0.0040
H  1                56.9691m   37.044    0.1553      Ca B                921.562A   36.449    0.0394      Mg10                609.794A   35.715    0.0073
He 2                227.838A   40.132  189.9702      Ca B                920.556A   36.382    0.0338      Ne 6                7.64318m   35.645    0.0062
He 2                911.351A   38.813    9.1196      Ca B                919.693A   36.318    0.0292      Ne 6                997.031A   35.042    0.0015
He 2                911.351A   39.105   17.8692      Ca B                918.945A   36.257    0.0254      Ne 6                558.685A   35.905    0.0113
He 2                2049.88A   38.114    1.8227      Ca B                918.295A   36.199    0.0222      Ne 6                401.154A   35.230    0.0024
He 2                2049.88A   38.449    3.9485      Ca B                917.724A   36.144    0.0195      Ne 6                1010.21A   34.990    0.0014
He 2                2049.88A   38.274    2.6349      Ca B                2385.35A   37.098    0.1758      Ne 6                1005.69A   35.452    0.0040
He 2                3644.36A   37.654    0.6318      Ca B                2306.15A   36.941    0.1225      Ne 6                999.183A   35.443    0.0039
He 2                3644.36A   37.994    1.3843      Ca B                2252.64A   36.802    0.0889      Ne 6                562.703A   35.255    0.0025
He 2                3644.36A   37.921    1.1698      Ca B                2214.62A   36.676    0.0666      Ne 6                562.798A   35.159    0.0020
He 2                3644.36A   37.511    0.4549      Ca B                2186.56A   36.562    0.0511      Ne 6                435.641A   34.986    0.0014
He 2                5694.36A   37.315    0.2898      Ca B                2165.20A   36.457    0.0402      Ne 6                403.270A   34.997    0.0014
He 2                5694.36A   37.655    0.6335      Ca B                2148.55A   36.360    0.0321      Ne 6                401.928A   35.080    0.0017
He 2                5694.36A   37.612    0.5737      Ca B                2135.31A   36.270    0.0261      Ne 7                895.174A   35.936    0.0121
He 2                5694.36A   37.344    0.3099      Ca B                2124.58A   36.185    0.0215      Ne 7                887.279A   36.091    0.0173
He 2                5694.36A   36.794    0.0872      Ca B                2115.78A   36.106    0.0179      Ne 7                465.220A   36.620    0.0585
He 2                8199.90A   37.048    0.1568      Ca B                2108.46A   36.032    0.0151      Ne 8                780.325A   36.617    0.0580
He 2                8199.90A   37.386    0.3414      Ca B                2102.30A   35.961    0.0128      Ne 8                770.410A   36.887    0.1081
He 2                8199.90A   37.355    0.3174      Ca B                2097.07A   35.894    0.0110      O  6                1037.62A   37.001    0.1407
He 2                8199.90A   37.139    0.1932      Ca B                2092.59A   35.831    0.0095      O  6                1031.91A   37.300    0.2799
He 2                8199.90A   36.758    0.0804      Ca B                2088.73A   35.770    0.0083      S 10                1212.93A   34.968    0.0013
He 2                8199.90A   36.120    0.0185      Ca B                2085.37A   35.713    0.0072      S 10                1196.22A   35.064    0.0016
He 2                1.11610m   36.829    0.0946      Ca B                2082.42A   35.657    0.0064      S 11                1.91960m   35.189    0.0022
He 2                1.11610m   37.165    0.2050      Ca B                4541.46A   36.612    0.0574      S 11                1.39238m   34.907    0.0011
He 2                1.11610m   37.138    0.1928      Ca B                4338.55A   36.473    0.0416      S  9                1.25201m   34.932    0.0012
He 2                1.11610m   36.947    0.1240      Ca B                4199.71A   36.347    0.0312      S  9                1715.41A   35.193    0.0022
He 2                1.11610m   36.634    0.0604      Ca B                4099.92A   36.232    0.0239      Si10                1.43008m   35.744    0.0078
He 2                1.11610m   36.186    0.0215      Ca B                4025.48A   36.127    0.0188      Si 8                1445.74A   35.805    0.0089
He 2                1.11610m   35.490    0.0043      Ca B                3968.32A   36.030    0.0150      Si 8                1440.51A   35.947    0.0124
He 2                1.45776m   36.642    0.0615      Ca B                3923.37A   35.940    0.0122      Si 8                949.354A   34.922    0.0012
He 2                1.45776m   36.977    0.1329      Ca B                3887.33A   35.855    0.0101      Si 8                944.467A   35.214    0.0023
He 2                1.45776m   36.952    0.1256      Ca B                3857.96A   35.776    0.0084      Si 8                319.840A   35.062    0.0016
He 2                1.45776m   36.773    0.0832      Ca B                3833.69A   35.701    0.0071      Si 8                316.218A   34.858    0.0010
He 2                1.45776m   36.496    0.0439      Ca B                3813.38A   35.631    0.0060      level 1 lines..................................
He 2                1.45776m   36.129    0.0189      Ca B                3796.22A   35.564    0.0051      recombination..................................
He 2                1.45776m   35.638    0.0061      Ca B                3781.57A   35.501    0.0044      level2 lines...................................
He 2                1.45776m   34.899    0.0011      Ca B                3768.96A   35.440    0.0039      hyperfine structure............................
He 2                1.84498m   36.479    0.0423      Ca B                3758.03A   35.382    0.0034      inner shell....................................
He 2                1.84498m   36.813    0.0912      Ca B                3748.49A   35.327    0.0030      Fe 8                185.328A   35.090    0.0017
He 2                1.84498m   36.789    0.0864      Ca B                7592.50A   36.218    0.0231      Fe 8                190.745A   35.077    0.0017
He 2                1.84498m   36.618    0.0582      Ca B                7177.28A   36.092    0.0173      Fe 9                200.622A   34.976    0.0013
He 2                1.84498m   36.360    0.0321      Ca B                6890.67A   35.977    0.0133      Fe 9                194.333A   35.998    0.0140
He 2                1.84498m   36.038    0.0153      Ca B                6682.98A   35.872    0.0104      Fe 9                200.622A   35.984    0.0135
He 2                1.84498m   35.639    0.0061      Ca B                6526.88A   35.775    0.0083      molecules......................................
He 2                1.84498m   35.117    0.0018      Ca B                6406.17A   35.684    0.0068      blends.........................................
He 2                2.27776m   36.335    0.0303      Ca B                6310.64A   35.600    0.0056      Blnd                615.000A   35.905    0.0113
He 2                2.27776m   36.668    0.0653      Ca B                6233.61A   35.520    0.0046      Blnd                895.000A   36.321    0.0294
He 2                2.27776m   36.645    0.0620      Ca B                6170.48A   35.446    0.0039      Blnd                774.000A   37.074    0.1662
He 2                2.27776m   36.478    0.0422      Ca B                6118.06A   35.375    0.0033      Blnd                1549.00A   35.657    0.0064
He 2                2.27776m   36.232    0.0239      Ca B                6073.99A   35.308    0.0029      Blnd                765.000A   34.853    0.0010
He 2                2.27776m   35.936    0.0121      Ca B                6036.58A   35.244    0.0025      Blnd                1240.00A   36.166    0.0206
He 2                2.27776m   35.590    0.0055      Ca B                6004.52A   35.184    0.0021      Blnd                789.000A   34.916    0.0012
He 2                2.27776m   35.169    0.0021      Ca B                5976.82A   35.126    0.0019      Blnd                630.000A   36.486    0.0430
He 2                2.75608m   37.117    0.1837      Ca B                5952.73A   35.070    0.0016      Blnd                1218.00A   36.213    0.0229
He 2                3.27997m   37.005    0.1418      Ca B                3.09074m   36.449    0.0395      Blnd                1035.00A   37.477    0.4206

                                                    Emergent line intensities
general properties.............................      H  1                12.3684m   35.624    0.0059      He 2                1.57184m   35.276    0.0026
continua.......................................      H  1                7.50038m   35.504    0.0045      He 2                1.48813m   35.192    0.0022
FIR                 83.0000m   43.118 183919.55      H  1                5.90655m   35.370    0.0033      He 2                1.42683m   35.113    0.0018
TIR                 1800.00m   36.682    0.0675      H  1                5.12722m   35.243    0.0025      He 2                1.38030m   35.040    0.0015
NIRa                2.85000m   44.248 2482159.2      H  1                4.67119m   35.048    0.0016      He 2                1.34397m   34.972    0.0013
NIRb                3.00000m   43.838 965314.75      H  1                4.37522m   34.942    0.0012      He 2                1.31497m   34.909    0.0011
MIRa                15.0000m   43.907 1132689.5      H  1                3.48198m   35.054    0.0016      He 2                1.21105m   35.547    0.0049
MIRb                22.5000m   43.982 1345788.9      H  1                19.0565m   35.241    0.0024      He 2                6.94582m   35.563    0.0051
NMIR                21.7500m   44.248 2482159.2      H  1                11.3055m   35.143    0.0020      He 2                4.04934m   35.493    0.0044
TFIR                611.250m   37.242    0.2451      H  1                8.75760m   35.028    0.0015      He 2                3.09455m   35.282    0.0027
TALL                10000.0A   44.707 7141511.5      H  1                4.84633m   34.855    0.0010      He 2                2.62397m   35.188    0.0022
F12                 12.0000m   43.465 409432.69      H  1                27.7955m   34.907    0.0011      He 2                2.34631m   35.100    0.0018
F25                 25.0000m   43.251 249963.34      He 2                303.784A   39.890  108.8776      He 2                2.16456m   35.017    0.0015
F60                 60.0000m   43.078 167818.62      He 2                256.317A   39.254   25.1600      He 2                2.03725m   34.939    0.0012
F100                100.000m   41.931 11955.020      He 2                243.027A   38.870   10.4038      He 2                1.94368m   34.866    0.0010
MIPS                24.0000m   42.955 126513.60      He 2                237.331A   38.578    5.3081      He 2                1.62407m   35.374    0.0033
MIPS                70.0000m   42.505 44892.668      He 2                234.347A   38.334    3.0293      He 2                9.71043m   35.264    0.0026
MIPS                160.000m   36.496    0.0440      He 2                232.584A   38.130    1.8919      He 2                5.58107m   35.113    0.0018
IRAC                3.60000m   43.068 163936.95      He 2                231.454A   37.953    1.2600      He 2                4.21710m   35.027    0.0015
IRAC                4.50000m   43.103 177747.36      He 2                230.686A   37.798    0.8806      He 2                3.54320m   34.942    0.0012
IRAC                5.80000m   43.140 193427.97      He 2                230.139A   37.658    0.6388      He 2                3.14449m   34.860    0.0010
IRAC                8.00000m   43.296 277184.66      He 2                229.736A   37.943    1.2313      He 2                2.11969m   35.222    0.0023
SPR1                250.000m   36.474    0.0418      He 2                229.431A   37.842    0.9745      He 2                13.1242m   34.934    0.0012
SPR2                350.000m   36.353    0.0316      He 2                229.194A   37.748    0.7857      He 2                7.45447m   34.874    0.0011
SPR3                500.000m   36.295    0.0277      He 2                229.006A   37.662    0.6438      He 2                2.71161m   35.085    0.0017
PAC1                70.0000m   42.563 51311.988      He 2                228.855A   37.581    0.5351      He 2                3.41776m   34.961    0.0013
PAC2                100.000m   41.882 10695.142      He 2                228.731A   37.507    0.4507      C  6                33.7359A   35.953    0.0126
PAC3                160.000m   36.774    0.0834      He 2                228.629A   37.438    0.3843      C  6                28.4662A   35.312    0.0029
PAH                 3.30000m   42.210 22744.855      He 2                228.543A   37.374    0.3317      C  6                26.9901A   34.894    0.0011
PAHC                3.23000m   41.918 11601.430      He 2                228.471A   37.315    0.2899      C  6                26.0262A   34.859    0.0010
PAHC                3.37000m   41.903 11232.454      He 2                228.409A   37.263    0.2570      C  6                25.5588A   35.156    0.0020
PAH                 6.20000m   42.657 63739.070      He 2                228.356A   37.218    0.2318      C  6                182.183A   34.872    0.0010
PAHC                5.65000m   42.694 69385.898      He 2                228.309A   37.185    0.2146      N  7                24.7810A   35.306    0.0028
PAH                 7.90000m   42.843 97776.555      He 2                228.269A   37.171    0.2080      O  8                18.9689A   35.766    0.0082
PAHC                6.90000m   42.909 113757.28      He 2                228.234A   37.208    0.2266      O  8                16.0065A   35.117    0.0018
PAH                 11.3000m   42.258 25424.691      He 2                228.203A   38.009    1.4325      O  8                14.3717A   35.032    0.0015
PAHC                10.9000m   42.281 26767.650      He 2                1640.43A   38.783    8.5128      He-like iso-sequence...........................
PAH                 11.8000m   42.473 41711.195      He 2                1215.13A   38.364    3.2434      He 1                584.334A   34.965    0.0013
PAHC                12.6500m   42.441 38697.566      He 2                1084.94A   38.048    1.5667      He 1                625.563A   35.688    0.0068
PAH                 13.3000m   42.473 41654.105      He 2                1025.27A   37.800    0.8852      He 1                343.773A   35.600    0.0056
PAHC                14.1000m   42.441 38711.965      He 2                992.360A   37.594    0.5505      C  5                40.2678A   35.276    0.0027
Bcon                3640.00A   44.116 1830873.9      He 2                972.108A   37.417    0.3665      C  5                41.4721A   35.931    0.0120
Pcon                5000.00A   43.598 555845.56      He 2                958.694A   37.262    0.2566      N  6                29.0840A   34.955    0.0013
O3bn                5007.00A   42.093 17392.045      He 2                949.324A   37.125    0.1869      N  6                28.7870A   35.085    0.0017
SX                  25.0000A   43.053 158424.98      He 2                942.508A   37.080    0.1685      N  6                29.5343A   35.693    0.0069
HX                  4.70000A   42.804 89246.906      He 2                937.389A   36.978    0.1334      O  7                21.8070A   35.855    0.0101
RRC............................................      He 2                933.444A   36.885    0.1076      O  7                21.6020A   35.871    0.0104
grains.........................................      He 2                930.337A   36.799    0.0882      O  7                18.6270A   35.267    0.0026
H-like iso-sequence............................      He 2                927.846A   36.719    0.0734      O  7                17.7680A   34.868    0.0010
H  1                1215.67A   40.793  871.6847      He 2                925.817A   36.644    0.0618      O  7                22.1012A   36.448    0.0393
H  1                1025.72A   38.878   10.5850      He 2                924.142A   36.575    0.0527      O  7                17.2034A   35.263    0.0026
H  1                972.537A   38.474    4.1760      He 2                922.743A   36.511    0.0455      O  7                17.0870A   35.115    0.0018
H  1                949.743A   38.166    2.0579      He 2                921.562A   36.453    0.0398      O  7                17.0122A   35.011    0.0014
H  1                937.804A   37.879    1.0614      He 2                920.556A   36.400    0.0353      O  7                16.9613A   34.962    0.0013
H  1                930.748A   37.671    0.6579      He 2                919.693A   36.356    0.0318      O  7                16.9251A   35.500    0.0044
H  1                926.226A   37.491    0.4347      He 2                918.945A   36.322    0.0294      O  7                120.333A   34.974    0.0013
H  1                923.150A   37.332    0.3014      He 2                918.295A   36.309    0.0286      O  7                128.412A   35.205    0.0022
H  1                920.963A   37.189    0.2170      He 2                917.724A   36.346    0.0311      Ne 9                13.5529A   34.869    0.0010
H  1                919.351A   37.324    0.2956      He 2                917.221A   37.147    0.1967      Ne 9                13.6987A   35.391    0.0034
H  1                918.129A   37.215    0.2302      He 2                4685.64A   37.910    1.1403      extra Lyman....................................
H  1                917.181A   37.115    0.1830      He 2                3203.04A   37.633    0.6022      database lines.................................
H  1                916.429A   37.023    0.1480      He 2                2733.24A   37.391    0.3455      N  5                1238.82A   35.990    0.0137
H  1                915.824A   36.938    0.1216      He 2                2511.15A   37.187    0.2157      N  5                1242.80A   35.690    0.0069
H  1                915.329A   36.859    0.1014      He 2                2385.35A   37.010    0.1436      O  5                1218.34A   35.815    0.0092
H  1                914.919A   36.786    0.0856      He 2                2306.15A   36.855    0.1005      O  5                1213.81A   35.991    0.0137
H  1                914.576A   36.718    0.0732      He 2                2252.64A   36.717    0.0732      O  5                629.732A   36.484    0.0428
H  1                914.286A   36.655    0.0634      He 2                2214.62A   36.564    0.0514      Si 7                2146.64A   35.261    0.0026
H  1                914.039A   36.599    0.0558      He 2                2186.56A   36.463    0.0408      Si 7                2.48071m   34.940    0.0012
H  1                913.826A   36.551    0.0499      He 2                2165.20A   36.370    0.0329      Si 9                1984.88A   35.204    0.0022
H  1                913.641A   36.514    0.0458      He 2                2148.55A   36.284    0.0270      Si 9                2149.31A   35.541    0.0049
H  1                913.480A   36.496    0.0440      He 2                2135.31A   36.204    0.0225      Si 9                2.58394m   35.670    0.0066
H  1                913.339A   36.528    0.0473      He 2                2124.58A   36.130    0.0189      Si 9                3.92820m   35.876    0.0105
H  1                913.215A   37.317    0.2913      He 2                2115.78A   36.061    0.0161      Al 9                2.04444m   34.993    0.0014
H  1                6562.81A   38.252    2.5046      He 2                2108.46A   35.997    0.0139      Ar10                5534.02A   34.951    0.0013
H  1                4861.33A   37.853    1.0000      He 2                2102.30A   35.939    0.0122      C  4                1550.78A   35.172    0.0021
H  1                4340.46A   37.547    0.4942      He 2                2097.07A   35.887    0.0108      C  4                1548.19A   35.472    0.0042
H  1                4101.73A   37.271    0.2616      He 2                2092.59A   35.842    0.0098      Ca 8                2.32117m   35.187    0.0022
H  1                3970.07A   37.064    0.1626      He 2                2088.73A   35.809    0.0090      Ca 9                466.240A   34.961    0.0013
H  1                3889.05A   36.886    0.1080      He 2                2085.37A   35.795    0.0088      Fe10                6374.54A   36.329    0.0299
H  1                3835.38A   36.730    0.0754      He 2                2082.42A   35.832    0.0095      Fe11                7891.87A   35.624    0.0059
H  1                3797.89A   36.591    0.0547      He 2                2079.84A   36.633    0.0603      Fe11                2648.71A   35.693    0.0069
H  1                3770.63A   36.460    0.0404      He 2                1.01233m   37.259    0.2548      Fe11                1467.07A   34.858    0.0010
H  1                3750.15A   36.352    0.0315      He 2                6559.91A   37.059    0.1609      Fe12                2405.69A   34.892    0.0011
H  1                3734.36A   36.252    0.0251      He 2                5411.37A   36.865    0.1029      Mg 7                9.00655m   35.399    0.0035
H  1                3721.93A   36.160    0.0203      He 2                4859.18A   36.693    0.0691      Mg 7                5.50177m   35.296    0.0028
H  1                3711.97A   36.075    0.0167      He 2                4541.46A   36.539    0.0486      Mg 7                2508.99A   35.142    0.0019
H  1                3703.85A   35.996    0.0139      He 2                4338.55A   36.402    0.0354      Mg 7                2628.89A   35.546    0.0049
H  1                3697.15A   35.923    0.0117      He 2                4199.71A   36.195    0.0220      Mg 7                429.140A   35.020    0.0015
H  1                3691.55A   35.855    0.0100      He 2                4099.92A   36.095    0.0174      Mg 8                3.02765m   35.911    0.0114
H  1                3686.83A   35.793    0.0087      He 2                4025.48A   36.002    0.0141      Mg 8                430.455A   35.528    0.0047
H  1                3682.80A   35.737    0.0077      He 2                3968.32A   35.916    0.0116      Mg 8                782.364A   35.212    0.0023
H  1                3679.35A   35.688    0.0068      He 2                3923.37A   35.836    0.0096      Mg 8                772.262A   35.178    0.0021
H  1                3676.36A   35.651    0.0063      He 2                3887.33A   35.762    0.0081      Mg 8                436.734A   34.922    0.0012
H  1                3673.75A   35.634    0.0060      He 2                3857.96A   35.693    0.0069      Mg 9                706.061A   35.455    0.0040
H  1                3671.47A   35.666    0.0065      He 2                3833.69A   35.630    0.0060      Mg 9                694.007A   34.917    0.0012
H  1                3669.46A   36.455    0.0400      He 2                3813.38A   35.572    0.0052      Mg 9                368.071A   35.680    0.0067
H  1                1.87510m   37.305    0.2830      He 2                3796.22A   35.519    0.0046      Mg10                624.943A   35.455    0.0040
H  1                1.28180m   37.047    0.1562      He 2                3781.57A   35.475    0.0042      Mg10                609.794A   35.714    0.0073
H  1                1.09380m   36.793    0.0871      He 2                3768.96A   35.441    0.0039      Ne 6                7.64318m   35.645    0.0062
H  1                1.00493m   36.592    0.0549      He 2                3758.03A   35.428    0.0038      Ne 6                997.031A   35.042    0.0015
H  1                9545.93A   36.418    0.0367      He 2                3748.49A   35.465    0.0041      Ne 6                558.685A   35.905    0.0113
H  1                9228.97A   36.263    0.0257      He 2                3740.11A   36.266    0.0259      Ne 6                401.154A   35.229    0.0024
H  1                9014.87A   36.126    0.0187      He 2                1.86362m   36.731    0.0755      Ne 6                1010.21A   34.990    0.0014
H  1                8862.74A   35.945    0.0123      He 2                1.16260m   36.582    0.0535      Ne 6                1005.69A   35.452    0.0040
H  1                8750.43A   35.837    0.0096      He 2                9344.62A   36.422    0.0371      Ne 6                999.183A   35.443    0.0039
H  1                8664.98A   35.737    0.0077      He 2                8236.51A   36.275    0.0264      Ne 6                562.703A   35.254    0.0025
H  1                8598.35A   35.646    0.0062      He 2                7592.50A   36.140    0.0194      Ne 6                562.798A   35.158    0.0020
H  1                8545.34A   35.561    0.0051      He 2                7177.28A   35.906    0.0113      Ne 6                435.641A   34.986    0.0014
H  1                8502.44A   35.482    0.0043      He 2                6890.67A   35.806    0.0090      Ne 6                403.270A   34.997    0.0014
H  1                8467.21A   35.409    0.0036      He 2                6682.98A   35.714    0.0073      Ne 6                401.928A   35.080    0.0017
H  1                8437.91A   35.341    0.0031      He 2                6526.88A   35.629    0.0060      Ne 7                895.174A   35.934    0.0121
H  1                8413.28A   35.279    0.0027      He 2                6406.17A   35.549    0.0050      Ne 7                887.279A   36.089    0.0172
H  1                8392.35A   35.223    0.0023      He 2                6310.64A   35.475    0.0042      Ne 7                465.220A   36.619    0.0584
H  1                8374.43A   35.175    0.0021      He 2                6233.61A   35.407    0.0036      Ne 8                780.325A   36.615    0.0579
H  1                8358.96A   35.138    0.0019      He 2                6170.48A   35.343    0.0031      Ne 8                770.410A   36.886    0.1078
H  1                8345.51A   35.120    0.0018      He 2                6118.06A   35.285    0.0027      O  6                1037.62A   37.001    0.1407
H  1                8333.74A   35.152    0.0020      He 2                6073.99A   35.233    0.0024      O  6                1031.91A   37.300    0.2799
H  1                8323.38A   35.942    0.0123      He 2                6036.58A   35.189    0.0022      S 10                1212.93A   34.968    0.0013
H  1                4.05113m   36.621    0.0586      He 2                6004.52A   35.155    0.0020      S 10                1196.22A   35.064    0.0016
H  1                2.62513m   36.417    0.0366      He 2                5976.82A   35.142    0.0019      S 11                1.91960m   35.189    0.0022
H  1                2.16551m   36.228    0.0237      He 2                5952.73A   35.179    0.0021      S 11                1.39238m   34.907    0.0011
H  1                1.94454m   36.059    0.0161      He 2                5931.63A   35.980    0.0134      S  9                1.25201m   34.932    0.0012
H  1                1.81740m   35.908    0.0114      He 2                3.09074m   36.285    0.0270      S  9                1715.41A   35.193    0.0022
H  1                1.73620m   35.772    0.0083      He 2                1.87427m   36.171    0.0208      Si10                1.43008m   35.744    0.0078
H  1                1.68064m   35.575    0.0053      He 2                1.47599m   36.038    0.0153      Si 8                1445.74A   35.805    0.0089
H  1                1.64071m   35.468    0.0041      He 2                1.28124m   35.910    0.0114      Si 8                1440.51A   35.947    0.0124
H  1                1.61092m   35.369    0.0033      He 2                1.16728m   35.668    0.0065      Si 8                949.354A   34.922    0.0012
H  1                1.58804m   35.278    0.0027      He 2                1.09332m   35.569    0.0052      Si 8                944.467A   35.214    0.0023
H  1                1.57006m   35.193    0.0022      He 2                1.04194m   35.478    0.0042      Si 8                319.840A   35.062    0.0016
H  1                1.55563m   35.114    0.0018      He 2                1.00449m   35.393    0.0035      Si 8                316.218A   34.857    0.0010
H  1                1.54388m   35.041    0.0015      He 2                9761.80A   35.314    0.0029      level 1 lines..................................
H  1                1.53417m   34.974    0.0013      He 2                9541.71A   35.240    0.0024      recombination..................................
H  1                1.52604m   34.912    0.0011      He 2                9366.69A   35.171    0.0021      level2 lines...................................
H  1                1.51917m   34.856    0.0010      He 2                9224.90A   35.108    0.0018      hyperfine structure............................
H  1                1.49672m   35.574    0.0053      He 2                9108.20A   35.050    0.0016      inner shell....................................
H  1                7.45777m   36.071    0.0165      He 2                9010.89A   34.998    0.0014      molecules......................................
H  1                4.65247m   35.921    0.0117      He 2                8928.79A   34.954    0.0013      blends.........................................
H  1                3.73951m   35.765    0.0082      He 2                8858.83A   34.921    0.0012      Blnd                615.000A   35.905    0.0113
H  1                3.29607m   35.619    0.0058      He 2                8798.68A   34.907    0.0011      Blnd                895.000A   36.319    0.0293
H  1                3.03835m   35.486    0.0043      He 2                8746.57A   34.945    0.0012      Blnd                774.000A   37.072    0.1657
H  1                2.87219m   35.286    0.0027      He 2                8701.09A   35.746    0.0078      Blnd                1549.00A   35.657    0.0064
H  1                2.75749m   35.180    0.0021      He 2                4.76203m   35.901    0.0112      Blnd                1240.00A   36.166    0.0206
H  1                2.67438m   35.081    0.0017      He 2                2.82513m   35.812    0.0091      Blnd                789.000A   34.914    0.0012
H  1                2.61191m   34.990    0.0014      He 2                2.18843m   35.699    0.0070      Blnd                630.000A   36.486    0.0429
H  1                2.56361m   34.906    0.0011      He 2                1.87567m   35.463    0.0041      Blnd                1218.00A   36.213    0.0229
H  1                2.37371m   35.288    0.0027      He 2                1.69177m   35.366    0.0033      Blnd                1035.00A   37.477    0.4206



 CIV QSO  
 Cooling:  HFBc                      0 :0.309 H  1c                     0 :0.077 HFFc                      0 :0.366  
 Heating:  BFH1                      0 :0.291 BFHe                      0 :0.701  

 These are some of the most important databases used by Cloudy:
 Many recombination coefficients were taken from http://amdpp.phys.strath.ac.uk/tamoc/RR/ and http://amdpp.phys.strath.ac.uk/tamoc/DR/
      and are based on the following papers:
        Badnell N. R., et al., A&A 406, 1151 (2003) [http://adsabs.harvard.edu/abs/2003A%26A...406.1151B]
        Badnell N. R., ApJS 167, 334 (2006) [http://adsabs.harvard.edu/abs/2006ApJS..167..334B]
 Much of the molecular emission data is from LAMDA as accessed on June 30, 2015. This database is described in:
        Schoeier F.L., et al., A&A 432, 369 (2005) [http://adsabs.harvard.edu/abs/2005A%26A...432..369S]
      This database is in part based on the work of the following groups:
        JPL: Pickett H. M. et al., JQSRT, 60, 883 (1998). [http://adsabs.harvard.edu/abs/1998JQSRT..60..883P]
        CDMS: Mueller H. S. et al., A&A 370, L49 (2001). [http://adsabs.harvard.edu/abs/2001A%26A...370L..49M]
              Mueller H. S. et al., J. Mol. Struct. 742, 215 (2005). [http://adsabs.harvard.edu/abs/2005JMoSt.742..215M]
 Some of the ionic emission data is from version 7.1.4 of CHIANTI. CHIANTI is a collaborative project involving the NRL (USA), the
      Universities of Florence (Italy) and Cambridge (UK), and George Mason University (USA). These papers describe Chianti:
        Dere K. P., et al., A&AS, 125, 149 (1997) [http://adsabs.harvard.edu/abs/1997A%26AS..125..149D]
        Landi E., et al., ApJ, 744, 99 (2012) [http://adsabs.harvard.edu/abs/2012ApJ...744...99L]
 Much of the H_2 data is from this web site: http://molat.obspm.fr/index.php?page=pages/Molecules/H2/H2can94.php. These data are
      described in:
        Abgrall H. et al., Can. J. Phys., 72, 856 (1994) [http://adsabs.harvard.edu/abs/1994CaJPh..72..856A]
        Wrathmall S. A. & Flower D. R., J. Phys. B, 40, 3221 (2007) [http://adsabs.harvard.edu/abs/2007JPhB...40.3221W]
 The Case A and Case B recombination predictions for one-electron systems are from
	Storey, P.J. & Hummer, D.G., 1995, MNRAS 272, 41 http://adsabs.harvard.edu/abs/1995MNRAS.272...41S
 The He I recombination predictions are from
	Porter, R. L.; Ferland, G. J.; Storey, P. J.; Detisch, M. J., 2012, MNRAS, 425, 28p http://adsabs.harvard.edu/abs/2012MNRAS.425L..28P
		http://adsabs.harvard.edu/abs/2013MNRAS.433L..89P

 If you find some process or data set to be particularly critical to a result, please follow the trail of references back to the
 original source and cite that.  This will support and encourage atomic, molecular, and chemical physicists to continue their
 valuable work.

 IONIZE PARMET:  U(1-)  2.9797  U(4-):  1.9568  U(sp): -0.14  Q(ion):   54.432  L(ion) 44.190    Q(low): 57.086    L(low) 44.549
 ENERGY BUDGET:  Heat:  40.080  Coolg:  40.080  Error:  0.0%  Rec Lin:  39.485  F-F  H  0.000    P(rad/tot)max     0.00E+00    R(F Con):1.737e+05

     Col(Heff):      3.424E+16  snd travl time  1.00E+17 sec  Te-low: 6.61E+04  Te-hi: 1.13E+06  G0TH85: 4.35E+02  G0DB96:4.11E+02
  Emiss Measure    n(e)n(p) dl       5.062E+16  n(e)n(He+)dl         7.040E+11  En(e)n(He++) dl         5.061E+15  ne nC+:4.56E+01
 He/Ha:8.90E-02  =   0.89*true  Lthin:3.09E+08  itr/zn: 4.33  H2 itr/zn:  0.00  File Opacity: F  MassTot 5.48e+43  (gm)
   Temps(21 cm)   T(21cm/Ly a)  3.80E+02        T(<nH/Tkin>)  6.94E+04          T(<nH/Tspin>)    4.13E+02          TB21cm:0.00E+00
                   N(H0/Tspin)  2.07E+11        N(OH/Tkin)    9.01E-23          B(21cm)          0.00E+00
   <a>:5.68E-13  erdeFe6.2E+24  Tcompt1.72E+14  Tthr1.31E+17  <Tden>: 8.65E+04  <dens>:7.44E-28  <MolWgt>6.12E-01
     Mean Jeans  l(cm)1.55E+24  M(sun)2.25E+11  smallest:     len(cm):5.89E+23  M(sun):8.01E+10  a_ox tran: -1.53
 Rion:3.162E+23  Dist:0.00E+00  Diam:0.000E+00
 Hatom level 70  HatomType: add  HInducImp  F  He tot level: 63  He2 level:   70  ExecTime   324.8
 ConvrgError(%)  <eden>  0.027  MaxEden  0.406  <H-C>   0.01  Max(H-C)    0.19  <Press>   0.000  MaxPrs er  0.000
  Continuity(%)  chng Te   6.3  elec den   6.0  n(H2)    0.0  n(CO)        0.0

                                                        Averaged Quantities
             Te      Te(Ne)   Te(NeNp)  Te(NeHe+)Te(NeHe2+) Te(NeO+)  Te(NeO2+)  Te(H2)     N(H)     Ne(O2+)   Ne(Np)
 Radius:  7.64e+04  8.65e+04  9.84e+04  7.13e+04  9.84e+04  6.76e+04  6.79e+04  6.74e+04  3.18e-04  2.16e-04  5.08e-04
   Area:  6.86e+04  7.07e+04  7.37e+04  6.94e+04  7.37e+04  6.73e+04  6.75e+04  6.71e+04  2.18e-04  1.98e-04  3.43e-04
 Volume:  6.74e+04  6.83e+04  6.97e+04  6.83e+04  6.97e+04  6.70e+04  6.72e+04  6.68e+04  1.77e-04  1.84e-04  2.61e-04
 
 Peimbert T(OIIIr)4.78E+04 T(Bac)2.01E+04 T(Hth)0.00E+00 t2(Hstrc) 6.53e-03 T(O3-BAC)1.78E+05 t2(O3-BC) 5.88e-01 t2(O3str) 3.06e-04

 Contin Optical Depths: COMP: 7.95e-05    H-: 2.04e-12 R(1300): 5.75e-10  H2+: 2.28e-14  Bra:7.95E-05
                          Pa: 7.95e-05    Ba: 7.95e-05      Hb: 7.95e-05   La: 8.09e-05     1r:6.229E-04  1.8:1.85E-04 4.:3.532E-03

 Old, new H  1 continuum optical depths:
     1 5.43e-04     2 1.06e-12     3 2.08e-12     4 2.08e-12     5 2.08e-12     6 5.30e-13     7 5.30e-13     8 5.30e-13
     9 5.30e-13    10 1.11e-20    11 1.11e-20    12 1.11e-20    13 1.11e-20    14 1.11e-20    15 2.50e-20    16 2.50e-20
    17 2.50e-20    18 2.50e-20    19 2.50e-20    20 2.50e-20    21 5.08e-20    22 5.08e-20    23 5.08e-20    24 5.08e-20
    25 5.08e-20    26 5.08e-20    27 5.08e-20    28 9.59e-20    29 9.59e-20    30 9.59e-20    31 9.59e-20    32 9.59e-20
    33 9.59e-20    34 9.59e-20    35 9.59e-20    36 1.71e-19    37 1.71e-19    38 1.71e-19    39 1.71e-19    40 1.71e-19
    41 1.71e-19    42 1.71e-19    43 1.71e-19    44 1.71e-19    45 2.88e-19    46 2.88e-19    47 2.88e-19    48 2.88e-19
    49 2.88e-19    50 2.88e-19    51 2.88e-19    52 2.88e-19    53 2.88e-19    54 2.88e-19
     1 5.43e-04     2 1.06e-12     3 2.08e-12     4 2.08e-12     5 2.08e-12     6 5.30e-13     7 5.30e-13     8 5.30e-13
     9 5.30e-13    10 1.11e-20    11 1.11e-20    12 1.11e-20    13 1.11e-20    14 1.11e-20    15 2.50e-20    16 2.50e-20
    17 2.50e-20    18 2.50e-20    19 2.50e-20    20 2.50e-20    21 5.08e-20    22 5.08e-20    23 5.08e-20    24 5.08e-20
    25 5.08e-20    26 5.08e-20    27 5.08e-20    28 9.59e-20    29 9.59e-20    30 9.59e-20    31 9.59e-20    32 9.59e-20
    33 9.59e-20    34 9.59e-20    35 9.59e-20    36 1.71e-19    37 1.71e-19    38 1.71e-19    39 1.71e-19    40 1.71e-19
    41 1.71e-19    42 1.71e-19    43 1.71e-19    44 1.71e-19    45 2.88e-19    46 2.88e-19    47 2.88e-19    48 2.88e-19
    49 2.88e-19    50 2.88e-19    51 2.88e-19    52 2.88e-19    53 2.88e-19    54 2.88e-19

 Old, new H  1 mean line optical depths:
  2- 1 3.40e+00  3- 2 1.11e-11  4- 3 1.04e-17  5- 4 1.21e-17  6- 5 1.90e-17  7- 6 2.55e-17  8- 7 4.06e-17
  9- 8 6.34e-17 10- 9 9.48e-17 11-10 6.00e-16 12-11 2.83e-20 13-12 2.63e-20 14-13 1.84e-20 15-14 6.68e-21 16-15 0.00e+00
 17-16 0.00e+00 18-17 0.00e+00 19-18 0.00e+00 20-19 0.00e+00 21-20 0.00e+00 22-21 0.00e+00 23-22 0.00e+00 24-23 0.00e+00
 25-24 0.00e+00
  2- 1 3.40e+00  3- 2 1.11e-11  4- 3 1.04e-17  5- 4 1.21e-17  6- 5 1.90e-17  7- 6 2.55e-17  8- 7 4.06e-17
  9- 8 6.34e-17 10- 9 9.48e-17 11-10 6.00e-16 12-11 2.83e-20 13-12 2.63e-20 14-13 1.84e-20 15-14 6.68e-21 16-15 0.00e+00
 17-16 0.00e+00 18-17 0.00e+00 19-18 0.00e+00 20-19 0.00e+00 21-20 0.00e+00 22-21 0.00e+00 23-22 0.00e+00 24-23 0.00e+00
 25-24 0.00e+00

 Old, new He 2 continuum optical depths:
     1 3.45e-03     2 5.41e-04     3 5.11e-13     4 5.11e-13     5 5.11e-13     6 1.06e-12     7 1.06e-12     8 1.06e-12
     9 1.06e-12    10 1.69e-12    11 1.69e-12    12 1.69e-12    13 1.69e-12    14 1.69e-12    15 2.08e-12    16 2.08e-12
    17 2.08e-12    18 2.08e-12    19 2.08e-12    20 2.08e-12    21 1.73e-12    22 1.73e-12    23 1.73e-12    24 1.73e-12
    25 1.73e-12    26 1.73e-12    27 1.73e-12    28 5.30e-13    29 5.30e-13    30 5.30e-13    31 5.30e-13    32 5.30e-13
    33 5.30e-13    34 5.30e-13    35 5.30e-13    36 6.62e-21    37 6.62e-21    38 6.62e-21    39 6.62e-21    40 6.62e-21
    41 6.62e-21    42 6.62e-21    43 6.62e-21    44 6.62e-21    45 1.11e-20    46 1.11e-20    47 1.11e-20    48 1.11e-20
    49 1.11e-20    50 1.11e-20    51 1.11e-20    52 1.11e-20    53 1.11e-20    54 1.11e-20
     1 3.45e-03     2 5.41e-04     3 5.11e-13     4 5.11e-13     5 5.11e-13     6 1.06e-12     7 1.06e-12     8 1.06e-12
     9 1.06e-12    10 1.69e-12    11 1.69e-12    12 1.69e-12    13 1.69e-12    14 1.69e-12    15 2.08e-12    16 2.08e-12
    17 2.08e-12    18 2.08e-12    19 2.08e-12    20 2.08e-12    21 1.73e-12    22 1.73e-12    23 1.73e-12    24 1.73e-12
    25 1.73e-12    26 1.73e-12    27 1.73e-12    28 5.30e-13    29 5.30e-13    30 5.30e-13    31 5.30e-13    32 5.30e-13
    33 5.30e-13    34 5.30e-13    35 5.30e-13    36 6.62e-21    37 6.62e-21    38 6.62e-21    39 6.62e-21    40 6.62e-21
    41 6.62e-21    42 6.62e-21    43 6.62e-21    44 6.62e-21    45 1.11e-20    46 1.11e-20    47 1.11e-20    48 1.11e-20
    49 1.11e-20    50 1.11e-20    51 1.11e-20    52 1.11e-20    53 1.11e-20    54 1.11e-20

 Old, new He 2 mean line optical depths:
  2- 1 4.30e+01  3- 2 4.49e-14  4- 3 1.21e-19  5- 4 6.50e-20  6- 5 9.42e-20  7- 6 3.32e-19  8- 7 9.19e-19
  9- 8 1.99e-18 10- 9 3.60e-18 11-10 3.66e-17 12-11 2.11e-26 13-12 0.00e+00 14-13 0.00e+00 15-14 0.00e+00 16-15 0.00e+00
 17-16 0.00e+00 18-17 0.00e+00 19-18 0.00e+00 20-19 0.00e+00 21-20 0.00e+00 22-21 0.00e+00 23-22 0.00e+00 24-23 0.00e+00
 25-24 0.00e+00
  2- 1 4.30e+01  3- 2 4.49e-14  4- 3 1.21e-19  5- 4 6.50e-20  6- 5 9.42e-20  7- 6 3.32e-19  8- 7 9.19e-19
  9- 8 1.99e-18 10- 9 3.60e-18 11-10 3.66e-17 12-11 2.11e-26 13-12 0.00e+00 14-13 0.00e+00 15-14 0.00e+00 16-15 0.00e+00
 17-16 0.00e+00 18-17 0.00e+00 19-18 0.00e+00 20-19 0.00e+00 21-20 0.00e+00 22-21 0.00e+00 23-22 0.00e+00 24-23 0.00e+00
 25-24 0.00e+00

 Old He Is optical depths:    1 1.06e-04    2 6.99e-13    3 8.81e-13    4 9.83e-13    5 9.83e-13
 New He Is optical depths:    1 1.06e-04    2 6.99e-13    3 8.81e-13    4 9.83e-13    5 9.83e-13
          Old He Is Lines:  584 2.60e-04 3889 1.59e-11 5016 1.59e-11 5876 1.59e-11
          New He Is Lines:  584 2.60e-04 3889 1.59e-11 5016 1.59e-11 5876 1.59e-11

==== H      compounds ====           Log10 column densities [cm^-2]
   H2        : -3.240   H2*       : -6.729   H2+       :  3.512   H3+       : -7.981
==== He     compounds ====
   HeH+      :  1.145
==== Li     compounds ====
   LiH       :-20.650   LiH+      :-12.346
==== C      compounds ====
   CH        :-15.889   CH+       :-10.144   CH2       :-32.866   CH2+      :-27.078   CH3       :-35.930   CH3+      :-35.930
   CH4       :-35.930   CH4+      :-35.930   CH5+      :-35.930   C2        :-27.634   C2+       :-23.038   C2H       :-35.930
   C2H+      :-35.930   C2H2      :-35.930   C2H2+     :-35.930   C2H3+     :-35.930   C3        :-35.930   C3+       :-35.930
   C3H       :-35.930   C3H+      :-35.930
==== N      compounds ====
   NH        :-17.390   NH+       :-16.565   NH2       :-35.396   NH2+      :-34.662   NH3       :-35.930   NH3+      :-35.930
   NH4+      :-35.930   CN        :-29.799   CN+       :-31.688   HCN       :-35.930   HCN+      :-35.930   HNC       :-35.930
   HCNH+     :-35.930   N2        :-32.473   N2+       :-24.037   N2H+      :-35.930
==== O      compounds ====
   OH        :-17.221   OH+       :-16.694   H2O       :-35.277   H2O+      :-34.721   H3O+      :-35.930   CO        :-30.737
   CO+       :-24.127   HCO+      :-35.930   NO        :-35.930   NO+       :-34.771   HNO       :-35.930   HNO+      :-35.930
   OCN       :-35.930   OCN+      :-35.930   N2O       :-35.930   O2        :-29.199   O2+       :-28.671   NO2       :-35.930
   NO2+      :-35.930
==== Ne     compounds ====
   NeH+      :-20.764
==== Si     compounds ====
   SiH       :-33.632   SiH2+     :-31.809   SiN       :-35.930   SiN+      :-35.930   SiO       :-32.409   SiO+      :-28.053
   SiOH+     :-35.930
==== S      compounds ====
   HS        :-26.721   HS+       :-19.965   CS        :-34.864   CS+       :-29.690   HCS+      :-35.930   NS        :-35.930
   NS+       :-35.930   SO        :-35.930   SO+       :-35.930   OCS       :-35.930   OCS+      :-35.930   S2        :-35.930
   S2+       :-35.930
==== Cl     compounds ====
   HCl       :-35.930   HCl+      :-25.531   H2Cl+     :-35.930   CCl       :-35.930   CCl+      :-35.930   H2CCl+    :-35.930
   ClO       :-35.930   ClO+      :-35.930
==== Ar     compounds ====
   ArH+      :-20.702


               1      2      3      4      5      6      7      8      9     10     11     12     13     14     15     16     17

 Hydrogen   13.933 19.998 -3.240 (H2)                Log10 Column density (cm^-2)
 Helium     10.010 15.338 18.998
 Lithium    -3.879  2.589  6.028  8.306
 Beryllium  -5.395 -1.697  2.896  5.085  6.397
 Boron      -4.510  0.067  2.439  5.779  7.070  7.691
 Carbon      0.488  5.330  8.210  9.872 12.328 12.959 13.120
 Nitrogen   -0.393  4.276  7.441  9.494 10.595 12.373 12.527 12.432
 Oxygen     -0.453  4.245  7.681 10.015 11.444 12.117 13.365 13.173 12.960
 Fluorine   -5.427 -0.619  2.850  5.493  7.216  8.125  8.391  9.218  8.790  8.534
 Neon       -3.218  1.961  5.801  8.496 10.515 11.700 12.125 12.142 12.669 12.122 11.857
 Sodium     -7.024 -0.876  3.421  6.528  8.598  9.919 10.614 10.622 10.421 10.823 10.267 10.009
 Magnesium  -4.835 -1.611  3.174  6.682  9.149 10.617 11.548 11.923 11.873 11.586 11.886 11.314 11.061
 Aluminium  -5.269 -1.128  0.847  4.611  7.370  9.354 10.268 10.818 10.928 10.628 10.281 10.617 10.097  9.849
 Silicon    -3.594  0.952  3.300  4.694  7.693  9.842 11.277 11.985 11.953 11.723 11.323 11.184 11.525 11.038 10.781
 Phosphorus -5.969  0.060  2.280  3.809  4.801  7.190  8.810  9.693  9.908  9.934  9.564  9.203  8.998  9.337  8.883  8.608
 Sulphur    -4.617  1.912  4.782  6.376  7.484  8.130 10.039 11.278 11.731 11.561 11.418 11.289 10.918 10.664 10.971 10.534 10.226
 Chlorine   -8.260 -1.529  2.314  4.879  6.099  6.817  7.208  8.719  9.499  9.818  9.623  9.231  8.990  8.631  8.518  8.847  8.445
  8.092
 Argon      -7.195 -1.308  3.247  5.791  7.787  8.710  9.045  9.231 10.424 10.841 10.793 10.563 10.376 10.018  9.620  9.473  9.829
  9.459  9.052
 Potassium  -6.596 -1.846  1.777  4.305  6.335  7.877  8.365  8.417  8.427  9.364  9.641  9.451  9.094  8.783  8.379  8.194  8.068
  8.441  8.078  7.602
 Calcium    -6.617 -0.963  2.942  5.616  7.527  9.129 10.043 10.239 10.032  9.945 10.673 10.765 10.494 10.202  9.986  9.785  9.457
  9.235  9.590  9.210  8.658
 Scandium  -12.314 -6.016 -1.385  2.262  4.202  5.778  6.730  7.426  7.285  6.899  6.680  7.352  7.369  7.272  6.868  6.529  6.346
  6.088  5.955  6.312  5.906  5.272
 Titanium  -10.445 -4.256  0.259  3.719  5.948  7.483  8.429  9.199  9.368  9.082  8.624  8.546  9.115  9.054  8.927  8.657  8.206
  7.994  7.733  7.675  8.060  7.628  6.911
 Vanadium  -12.831 -6.628 -1.790  1.657  4.274  6.356  7.269  8.020  8.243  8.406  7.847  7.609  7.428  8.032  7.914  7.688  7.460
  7.022  6.774  6.565  6.538  6.936  6.466  5.666
 Chromium  -11.744 -5.291 -0.496  3.001  5.662  7.709  8.916  9.646  9.863 10.077  9.741  9.219  9.351  8.906  9.569  9.598  9.275
  8.919  8.701  8.364  8.227  8.163  8.521  7.988  7.102
 Manganese -11.014 -5.146 -0.606  2.894  5.620  7.719  9.011  9.395  9.618  9.838  9.590  9.585  8.991  8.639  8.362  9.047  9.157
  8.970  8.696  8.353  8.109  7.961  7.888  8.213  7.610  6.637
 Iron       -8.183 -3.595  0.308  3.751  6.464  8.674 10.640 11.712 11.880 11.759 11.460 11.100 10.806 10.517 10.260 10.352 10.910
 10.979 10.940 10.623 10.269 10.041  9.901  9.828 10.098  9.428  8.369
 Cobalt    -13.237 -7.440 -2.590  1.012  3.901  6.123  7.587  8.715  9.142  9.293  8.999  8.963  8.933  8.669  8.150  7.847  7.778
  8.321  8.360  8.290  7.954  7.634  7.493  7.312  7.214  7.438  6.688  5.547
 Nickel    -12.157 -6.417 -1.673  1.907  4.783  7.135  8.625  9.827 10.349 10.706 10.358 10.294 10.246 10.017  9.856  9.440  9.091
  9.018  9.580  9.545  9.476  9.163  8.940  8.766  8.570  8.443  8.614  7.793  6.570
 Copper    -15.003 -8.776 -4.056 -0.492  2.385  4.740  6.375  7.625  8.216  8.687  8.532  8.063  8.082  7.875  7.757  7.870  7.322
  6.951  6.793  7.416  7.384  7.287  7.025  6.818  6.658  6.441  6.295  6.402  5.505  4.201
 Zinc      -13.915 -8.271 -3.871 -0.362  2.497  4.854  6.489  7.849  8.455  8.976  8.843  8.820  8.592  8.294  8.103  8.189  8.202
  7.619  7.350  7.092  7.743  7.671  7.557  7.359  7.135  6.962  6.720  6.525  6.572  5.594  4.210
 Exc state                  He[2]  2.615                 C+[2] -0.049                  C[1]  0.478                  C[2] -2.874
                             C[3] -3.498                  O[1] -0.598                  O[2] -8.540                  O[3] -8.528
                           Si+[1]  0.949                C+2[2]  6.324                C+2[3] -5.937                C+2[4] -1.437


 Hydrogen   -5.775 -0.000-22.459 (H2)                 Log10 Mean Ionisation (over volume)
 Helium     -8.608 -3.369 -0.000
 Lithium   -11.750 -5.327 -1.990 -0.004
 Beryllium -11.344 -7.673 -3.135 -1.051 -0.041
 Boron     -11.809 -7.251 -4.918 -1.642 -0.471 -0.194
 Carbon    -12.408 -7.578 -4.728 -3.113 -0.738 -0.267 -0.560
 Nitrogen  -12.815 -8.167 -5.027 -3.010 -1.968 -0.301 -0.385 -1.116
 Oxygen    -13.628 -8.948 -5.534 -3.230 -1.845 -1.246 -0.150 -0.694 -1.751
 Fluorine  -14.387 -9.594 -6.143 -3.525 -1.837 -0.984 -0.813 -0.189 -1.114 -2.383
 Neon      -15.700-10.533 -6.709 -4.037 -2.051 -0.913 -0.566 -0.681 -0.439 -1.639 -2.965
 Sodium    -17.848-11.702 -7.421 -4.337 -2.300 -1.031 -0.413 -0.536 -0.961 -0.961 -2.253 -3.466
 Magnesium -16.845-13.631 -8.865 -5.379 -2.944 -1.519 -0.656 -0.389 -0.622 -1.220 -1.411 -2.744 -3.862
 Aluminium -16.197-12.069-10.111 -6.370 -3.642 -1.700 -0.849 -0.403 -0.472 -1.086 -1.876 -2.038 -3.214 -4.187
 Silicon   -15.598-11.063 -8.729 -7.357 -4.388 -2.283 -0.912 -0.308 -0.543 -1.116 -1.965 -2.502 -2.568 -3.595 -4.464
 Phosphorus-15.935 -9.914 -7.707 -6.196 -5.228 -2.873 -1.305 -0.502 -0.426 -0.659 -1.474 -2.334 -2.942 -2.974 -3.926 -4.711
 Sulphur   -16.344 -9.822 -6.965 -5.387 -4.303 -3.686 -1.818 -0.649 -0.319 -0.704 -1.202 -1.793 -2.620 -3.239 -3.290 -4.202 -4.934
 Chlorine  -17.999-11.271 -7.442 -4.896 -3.695 -3.003 -2.645 -1.182 -0.494 -0.343 -0.867 -1.790 -2.554 -3.304 -3.691 -3.663 -4.465
            -5.147
 Argon     -18.041-12.166 -7.624 -5.098 -3.124 -2.225 -1.926 -1.777 -0.645 -0.354 -0.637 -1.272 -2.007 -2.869 -3.647 -4.062 -3.986
            -4.698 -5.356
 Potassium -16.172-11.423 -7.813 -5.301 -3.291 -1.776 -1.322 -1.313 -1.348 -0.493 -0.403 -0.960 -1.887 -2.778 -3.602 -4.050 -4.388
            -4.250 -4.895 -5.563
 Calcium   -17.440-11.795 -7.892 -5.236 -3.347 -1.773 -0.895 -0.748 -1.020 -1.165 -0.556 -0.722 -1.423 -2.234 -2.912 -3.472 -4.091
            -4.553 -4.440 -5.073 -5.776
 Scandium  -19.950-13.660 -9.044 -5.412 -3.498 -1.954 -1.047 -0.413 -0.645 -1.133 -1.459 -0.963 -1.288 -1.824 -2.710 -3.485 -3.982
            -4.469 -4.790 -4.641 -5.245 -5.996
 Titanium  -19.926-13.744 -9.245 -5.805 -3.602 -2.102 -1.203 -0.502 -0.436 -0.867 -1.484 -1.712 -1.398 -1.833 -2.356 -3.048 -3.909
            -4.394 -4.861 -5.071 -4.850 -5.425 -6.227
 Vanadium  -21.290-15.093-10.270 -6.843 -4.250 -2.196 -1.327 -0.641 -0.517 -0.504 -1.293 -1.712 -2.136 -1.783 -2.285 -2.894 -3.503
            -4.305 -4.782 -5.156 -5.311 -5.034 -5.606 -6.469
 Chromium  -21.870-15.424-10.643 -7.164 -4.528 -2.511 -1.345 -0.676 -0.553 -0.486 -1.042 -1.801 -1.887 -2.609 -2.111 -2.423 -3.126
            -3.872 -4.396 -4.956 -5.227 -5.421 -5.165 -5.780 -6.718
 Manganese -20.925-15.067-10.542 -7.060 -4.357 -2.289 -1.038 -0.718 -0.589 -0.522 -1.017 -1.326 -2.285 -2.835 -3.333 -2.812 -2.961
            -3.431 -4.009 -4.640 -5.086 -5.361 -5.550 -5.305 -5.972 -6.984
 Iron      -20.096-15.519-11.630 -8.205 -5.516 -3.341 -1.427 -0.435 -0.416 -0.783 -1.447 -2.181 -2.749 -3.231 -3.623 -3.629 -3.202
            -3.313 -3.578 -4.176 -4.810 -5.221 -5.478 -5.649 -5.443 -6.163 -7.254
 Cobalt    -22.604-16.819-11.982 -8.397 -5.529 -3.335 -1.910 -0.836 -0.493 -0.472 -0.978 -1.302 -1.696 -2.299 -3.075 -3.543 -3.765
            -3.380 -3.552 -3.851 -4.444 -5.016 -5.302 -5.593 -5.775 -5.601 -6.390 -7.557
 Nickel    -22.854-17.122-12.391 -8.828 -5.971 -3.645 -2.191 -1.038 -0.593 -0.358 -0.913 -1.256 -1.671 -2.256 -2.696 -3.348 -3.850
            -4.052 -3.641 -3.876 -4.150 -4.693 -5.122 -5.424 -5.717 -5.913 -5.779 -6.630 -7.874
 Copper    -23.621-17.437-12.731 -9.183 -6.326 -3.996 -2.395 -1.194 -0.678 -0.331 -0.698 -1.496 -1.818 -2.376 -2.757 -2.874 -3.641
            -4.136 -4.425 -3.940 -4.167 -4.445 -4.905 -5.286 -5.556 -5.849 -6.047 -5.969 -6.889 -8.210
 Zinc      -22.953-17.320-12.933 -9.439 -6.598 -4.264 -2.659 -1.341 -0.797 -0.373 -0.667 -0.948 -1.526 -2.185 -2.679 -2.849 -3.070
            -3.865 -4.251 -4.651 -4.126 -4.402 -4.689 -5.056 -5.431 -5.692 -5.996 -6.231 -6.206 -7.202 -8.599

               1      2      3      4      5      6      7      8      9     10     11     12     13     14     15     16     17
              18     19     20     21     22     23     24     25     26     27     28     29     30

 Hydrogen   -5.859 -0.000-22.613 (H2)                 Log10 Mean Ionisation (over area)
 Helium     -8.723 -3.453 -0.000
 Lithium   -11.887 -5.446 -2.073 -0.004
 Beryllium -11.494 -7.812 -3.253 -1.132 -0.034
 Boron     -11.967 -7.401 -5.053 -1.752 -0.538 -0.159
 Carbon    -12.567 -7.732 -4.870 -3.236 -0.830 -0.303 -0.452
 Nitrogen  -12.980 -8.323 -5.173 -3.142 -2.077 -0.368 -0.368 -0.874
 Oxygen    -13.796 -9.108 -5.685 -3.369 -1.967 -1.340 -0.188 -0.607 -1.321
 Fluorine  -14.557 -9.758 -6.299 -3.671 -1.969 -1.094 -0.887 -0.191 -0.932 -1.734
 Neon      -15.869-10.697 -6.867 -4.185 -2.185 -1.028 -0.651 -0.716 -0.370 -1.303 -2.093
 Sodium    -18.012-11.865 -7.578 -4.485 -2.434 -1.143 -0.495 -0.567 -0.902 -0.736 -1.685 -2.398
 Magnesium -17.020-13.802 -9.027 -5.532 -3.084 -1.642 -0.751 -0.442 -0.603 -1.071 -1.040 -1.995 -2.652
 Aluminium -16.377-12.243-10.278 -6.527 -3.786 -1.827 -0.951 -0.465 -0.464 -0.946 -1.524 -1.434 -2.278 -2.864
 Silicon   -15.775-11.235 -8.896 -7.514 -4.533 -2.410 -1.014 -0.370 -0.524 -0.949 -1.572 -1.895 -1.753 -2.516 -3.056
 Phosphorus-16.113-10.089 -7.876 -6.358 -5.380 -3.011 -1.422 -0.588 -0.459 -0.589 -1.201 -1.796 -2.182 -2.026 -2.731 -3.237
 Sulphur   -16.522 -9.997 -7.134 -5.550 -4.456 -3.826 -1.942 -0.745 -0.367 -0.666 -1.009 -1.367 -1.947 -2.372 -2.243 -2.914 -3.412
 Chlorine  -18.179-11.450 -7.614 -5.060 -3.852 -3.149 -2.777 -1.295 -0.571 -0.357 -0.750 -1.420 -1.893 -2.424 -2.665 -2.487 -3.087
            -3.587
 Argon     -18.226-12.346 -7.798 -5.264 -3.281 -2.372 -2.058 -1.894 -0.739 -0.399 -0.590 -1.048 -1.503 -2.087 -2.657 -2.929 -2.711
            -3.247 -3.766
 Potassium -16.353-11.603 -7.987 -5.469 -3.450 -1.924 -1.456 -1.429 -1.447 -0.560 -0.400 -0.807 -1.460 -2.028 -2.616 -2.919 -3.146
            -2.891 -3.390 -3.952
 Calcium   -17.617-11.968 -8.065 -5.401 -3.503 -1.917 -1.024 -0.857 -1.102 -1.224 -0.568 -0.628 -1.132 -1.674 -2.101 -2.466 -2.930
            -3.266 -3.030 -3.529 -4.149
 Scandium  -20.126-13.833 -9.210 -5.572 -3.647 -2.090 -1.164 -0.504 -0.699 -1.144 -1.425 -0.852 -1.016 -1.335 -1.973 -2.513 -2.837
            -3.200 -3.424 -3.169 -3.668 -4.355
 Titanium  -20.105-13.920 -9.414 -5.966 -3.752 -2.237 -1.319 -0.590 -0.482 -0.852 -1.399 -1.558 -1.118 -1.360 -1.685 -2.161 -2.804
            -3.138 -3.494 -3.625 -3.320 -3.819 -4.576
 Vanadium  -21.469-15.269-10.440 -7.005 -4.402 -2.336 -1.449 -0.737 -0.574 -0.499 -1.187 -1.523 -1.823 -1.339 -1.640 -2.056 -2.467
            -3.073 -3.424 -3.709 -3.799 -3.460 -3.978 -4.807
 Chromium  -22.051-15.602-10.814 -7.328 -4.681 -2.652 -1.469 -0.776 -0.616 -0.489 -0.949 -1.596 -1.569 -2.142 -1.559 -1.697 -2.211
            -2.753 -3.110 -3.548 -3.748 -3.876 -3.567 -4.138 -5.048
 Manganese -21.108-15.245-10.714 -7.224 -4.511 -2.430 -1.163 -0.817 -0.650 -0.523 -0.914 -1.080 -1.844 -2.286 -2.658 -2.051 -2.067
            -2.397 -2.820 -3.297 -3.634 -3.841 -3.970 -3.684 -4.317 -5.308
 Iron      -20.274-15.692-11.797 -8.364 -5.666 -3.476 -1.541 -0.518 -0.441 -0.708 -1.202 -1.735 -2.144 -2.515 -2.832 -2.787 -2.294
            -2.319 -2.475 -2.932 -3.417 -3.728 -3.924 -4.044 -3.805 -4.498 -5.572
 Cobalt    -22.788-16.998-12.155 -8.563 -5.687 -3.481 -2.040 -0.944 -0.567 -0.495 -0.912 -1.106 -1.315 -1.733 -2.368 -2.746 -2.885
            -2.418 -2.484 -2.669 -3.131 -3.569 -3.777 -4.010 -4.148 -3.947 -4.715 -5.869
 Nickel    -23.039-17.304-12.567 -8.996 -6.131 -3.794 -2.325 -1.153 -0.677 -0.394 -0.863 -1.081 -1.312 -1.705 -1.993 -2.517 -2.937
            -3.069 -2.581 -2.715 -2.887 -3.311 -3.631 -3.865 -4.107 -4.267 -4.113 -4.948 -6.181
 Copper    -23.822-17.619-12.907 -9.353 -6.487 -4.147 -2.532 -1.311 -0.765 -0.370 -0.651 -1.300 -1.447 -1.810 -2.049 -2.043 -2.695
            -3.126 -3.345 -2.790 -2.917 -3.104 -3.462 -3.750 -3.963 -4.216 -4.386 -4.293 -5.201 -6.513
 Zinc      -23.141-17.504-13.111 -9.611 -6.762 -4.418 -2.800 -1.466 -0.896 -0.435 -0.664 -0.835 -1.244 -1.710 -2.038 -2.071 -2.168
            -2.853 -3.178 -3.503 -2.913 -3.084 -3.282 -3.562 -3.858 -4.073 -4.344 -4.558 -4.521 -5.508 -6.898

               1      2      3      4      5      6      7      8      9     10     11     12     13     14     15     16     17
              18     19     20     21     22     23     24     25     26     27     28     29     30

 Hydrogen   -6.066 -0.000-22.937 (H2)                 Log10 Mean Ionisation (over radius)
 Helium     -8.988 -3.660 -0.000
 Lithium   -12.187 -5.719 -2.280 -0.002
 Beryllium -11.814 -8.115 -3.522 -1.334 -0.021
 Boron     -12.299 -7.721 -5.349 -2.009 -0.718 -0.098
 Carbon    -12.899 -8.058 -5.178 -3.516 -1.060 -0.429 -0.268
 Nitrogen  -13.321 -8.653 -5.487 -3.434 -2.333 -0.555 -0.401 -0.496
 Oxygen    -14.141 -9.443 -6.007 -3.674 -2.244 -1.571 -0.323 -0.516 -0.728
 Fluorine  -14.905-10.098 -6.628 -3.985 -2.262 -1.353 -1.087 -0.260 -0.688 -0.944
 Neon      -16.216-11.037 -7.197 -4.502 -2.483 -1.298 -0.873 -0.856 -0.330 -0.877 -1.141
 Sodium    -18.353-12.205 -7.908 -4.801 -2.731 -1.410 -0.715 -0.707 -0.908 -0.506 -1.062 -1.319
 Magnesium -17.374-14.150 -9.365 -5.856 -3.390 -1.922 -0.991 -0.616 -0.665 -0.952 -0.652 -1.225 -1.478
 Aluminium -16.737-12.596-10.621 -6.857 -4.098 -2.114 -1.200 -0.650 -0.541 -0.840 -1.187 -0.851 -1.371 -1.620
 Silicon   -16.132-11.587 -9.239 -7.845 -4.845 -2.697 -1.262 -0.554 -0.585 -0.816 -1.216 -1.354 -1.013 -1.500 -1.757
 Phosphorus-16.472-10.443 -8.223 -6.694 -5.702 -3.314 -1.694 -0.810 -0.595 -0.569 -0.939 -1.300 -1.506 -1.167 -1.621 -1.896
 Sulphur   -16.880-10.351 -7.481 -5.887 -4.780 -4.134 -2.224 -0.985 -0.532 -0.702 -0.845 -0.974 -1.345 -1.599 -1.293 -1.729 -2.037
 Chlorine  -18.539-11.809 -7.965 -5.401 -4.181 -3.462 -3.071 -1.560 -0.780 -0.461 -0.656 -1.049 -1.289 -1.649 -1.761 -1.432 -1.835
            -2.187
 Argon     -18.593-12.706 -8.150 -5.607 -3.611 -2.688 -2.353 -2.167 -0.974 -0.557 -0.605 -0.835 -1.022 -1.380 -1.778 -1.924 -1.569
            -1.939 -2.346
 Potassium -16.715-11.965 -8.342 -5.814 -3.784 -2.241 -1.754 -1.702 -1.691 -0.755 -0.478 -0.668 -1.025 -1.335 -1.740 -1.925 -2.051
            -1.678 -2.041 -2.517
 Calcium   -17.975-12.321 -8.416 -5.742 -3.832 -2.229 -1.315 -1.119 -1.327 -1.413 -0.685 -0.593 -0.864 -1.157 -1.373 -1.573 -1.901
            -2.123 -1.768 -2.149 -2.700
 Scandium  -20.482-14.184 -9.553 -5.906 -3.967 -2.391 -1.438 -0.742 -0.883 -1.269 -1.489 -0.817 -0.800 -0.896 -1.301 -1.640 -1.823
            -2.081 -2.214 -1.857 -2.262 -2.897
 Titanium  -20.464-14.275 -9.761 -6.301 -4.071 -2.536 -1.591 -0.820 -0.651 -0.937 -1.395 -1.473 -0.905 -0.965 -1.093 -1.362 -1.813
            -2.025 -2.287 -2.345 -1.959 -2.392 -3.108
 Vanadium  -21.829-15.626-10.788 -7.342 -4.724 -2.642 -1.729 -0.978 -0.755 -0.592 -1.151 -1.390 -1.570 -0.966 -1.085 -1.310 -1.538
            -1.977 -2.225 -2.433 -2.460 -2.062 -2.532 -3.332
 Chromium  -22.413-15.960-11.164 -7.667 -5.007 -2.959 -1.753 -1.023 -0.806 -0.591 -0.928 -1.449 -1.317 -1.763 -1.100 -1.071 -1.394
            -1.750 -1.967 -2.305 -2.442 -2.506 -2.148 -2.680 -3.567
 Manganese -21.472-15.603-11.064 -7.563 -4.838 -2.739 -1.447 -1.063 -0.839 -0.620 -0.868 -0.873 -1.467 -1.819 -2.095 -1.410 -1.301
            -1.487 -1.762 -2.104 -2.349 -2.497 -2.569 -2.245 -2.848 -3.821
 Iron      -20.632-16.044-12.141 -8.698 -5.985 -3.775 -1.809 -0.736 -0.569 -0.689 -0.988 -1.349 -1.642 -1.932 -2.188 -2.097 -1.539
            -1.470 -1.509 -1.825 -2.180 -2.407 -2.548 -2.621 -2.351 -3.021 -4.080
 Cobalt    -23.155-17.359-12.508 -8.906 -6.017 -3.795 -2.332 -1.203 -0.776 -0.625 -0.920 -0.956 -0.985 -1.250 -1.768 -2.072 -2.141
            -1.598 -1.559 -1.628 -1.964 -2.285 -2.425 -2.607 -2.704 -2.480 -3.230 -4.372
 Nickel    -23.406-17.666-12.922 -9.342 -6.466 -4.113 -2.624 -1.421 -0.900 -0.543 -0.890 -0.955 -1.003 -1.232 -1.392 -1.808 -2.157
            -2.230 -1.668 -1.704 -1.773 -2.086 -2.309 -2.482 -2.679 -2.806 -2.635 -3.455 -4.679
 Copper    -24.211-17.984-13.264 -9.700 -6.823 -4.468 -2.833 -1.583 -0.992 -0.521 -0.676 -1.145 -1.126 -1.333 -1.451 -1.337 -1.886
            -2.256 -2.414 -1.792 -1.824 -1.920 -2.183 -2.389 -2.550 -2.767 -2.912 -2.806 -3.702 -5.007
 Zinc      -23.513-17.869-13.469 -9.961 -7.102 -4.745 -3.109 -1.749 -1.143 -0.622 -0.755 -0.778 -1.006 -1.304 -1.495 -1.409 -1.396
            -1.979 -2.248 -2.506 -1.855 -1.928 -2.041 -2.239 -2.464 -2.636 -2.879 -3.073 -3.027 -4.004 -5.388

               1      2      3      4      5      6      7      8      9     10     11     12     13     14     15     16     17
              18     19     20     21     22     23     24     25     26     27     28     29     30

 Hydrogen   -5.845 -0.000-22.614 (H2)         Log10 Mean Ionisation (over volume*electron density)
 Helium     -8.713 -3.440 -0.000
 Lithium   -11.882 -5.437 -2.060 -0.004
 Beryllium -11.493 -7.808 -3.243 -1.118 -0.035
 Boron     -11.970 -7.401 -5.047 -1.741 -0.524 -0.166
 Carbon    -12.569 -7.733 -4.866 -3.227 -0.816 -0.289 -0.479
 Nitrogen  -12.986 -8.325 -5.171 -3.135 -2.065 -0.353 -0.361 -0.953
 Oxygen    -13.803 -9.112 -5.685 -3.365 -1.958 -1.326 -0.174 -0.620 -1.497
 Fluorine  -14.565 -9.763 -6.301 -3.669 -1.962 -1.082 -0.872 -0.182 -0.981 -2.039
 Neon      -15.877-10.702 -6.869 -4.183 -2.179 -1.017 -0.634 -0.699 -0.372 -1.418 -2.543
 Sodium    -18.017-11.870 -7.580 -4.483 -2.427 -1.131 -0.478 -0.547 -0.895 -0.782 -1.910 -2.991
 Magnesium -17.030-13.809 -9.032 -5.532 -3.079 -1.632 -0.736 -0.424 -0.589 -1.088 -1.149 -2.333 -3.362
 Aluminium -16.389-12.253-10.284 -6.529 -3.783 -1.819 -0.937 -0.447 -0.450 -0.961 -1.618 -1.665 -2.748 -3.672
 Silicon   -15.786-11.244 -8.902 -7.516 -4.530 -2.402 -1.000 -0.352 -0.512 -0.971 -1.679 -2.115 -2.117 -3.101 -3.941
 Phosphorus-16.125-10.099 -7.884 -6.362 -5.379 -3.006 -1.411 -0.572 -0.441 -0.587 -1.265 -1.983 -2.506 -2.497 -3.419 -4.183
 Sulphur   -16.534-10.007 -7.141 -5.554 -4.456 -3.822 -1.932 -0.730 -0.349 -0.656 -1.038 -1.491 -2.210 -2.776 -2.797 -3.686 -4.404
 Chlorine  -18.191-11.462 -7.623 -5.065 -3.853 -3.146 -2.770 -1.283 -0.555 -0.342 -0.763 -1.530 -2.157 -2.838 -3.198 -3.154 -3.941
            -4.615
 Argon     -18.241-12.358 -7.807 -5.270 -3.283 -2.370 -2.051 -1.883 -0.724 -0.381 -0.582 -1.093 -1.675 -2.430 -3.162 -3.556 -3.468
            -4.170 -4.821
 Potassium -16.366-11.616 -7.997 -5.476 -3.453 -1.922 -1.450 -1.418 -1.433 -0.543 -0.386 -0.830 -1.599 -2.355 -3.118 -3.545 -3.872
            -3.727 -4.365 -5.028
 Calcium   -17.628-11.977 -8.073 -5.406 -3.504 -1.913 -1.015 -0.843 -1.084 -1.204 -0.548 -0.625 -1.195 -1.871 -2.463 -2.984 -3.583
            -4.034 -3.914 -4.541 -5.240
 Scandium  -20.137-13.842 -9.216 -5.575 -3.646 -2.083 -1.152 -0.487 -0.677 -1.122 -1.407 -0.846 -1.059 -1.481 -2.281 -3.004 -3.476
            -3.951 -4.266 -4.112 -4.711 -5.460
 Titanium  -20.117-13.931 -9.422 -5.969 -3.750 -2.231 -1.307 -0.573 -0.461 -0.832 -1.389 -1.564 -1.163 -1.490 -1.939 -2.581 -3.409
            -3.877 -4.336 -4.542 -4.317 -4.890 -5.691
 Vanadium  -21.481-15.281-10.448 -7.009 -4.402 -2.332 -1.439 -0.722 -0.554 -0.482 -1.184 -1.543 -1.885 -1.458 -1.874 -2.434 -3.011
            -3.791 -4.258 -4.627 -4.779 -4.499 -5.070 -5.932
 Chromium  -22.064-15.613-10.823 -7.333 -4.682 -2.648 -1.460 -0.761 -0.597 -0.470 -0.945 -1.621 -1.632 -2.269 -1.733 -1.986 -2.651
            -3.369 -3.877 -4.429 -4.696 -4.888 -4.630 -5.244 -6.181
 Manganese -21.122-15.257-10.722 -7.229 -4.512 -2.426 -1.153 -0.802 -0.631 -0.505 -0.914 -1.125 -1.969 -2.467 -2.912 -2.366 -2.485
            -2.936 -3.498 -4.118 -4.557 -4.828 -5.015 -4.769 -5.435 -6.447
 Iron      -20.285-15.701-11.803 -8.367 -5.665 -3.470 -1.530 -0.502 -0.424 -0.706 -1.250 -1.865 -2.355 -2.794 -3.164 -3.159 -2.720
            -2.820 -3.074 -3.661 -4.284 -4.690 -4.944 -5.114 -4.907 -5.626 -6.717
 Cobalt    -22.804-17.011-12.165 -8.569 -5.689 -3.478 -2.032 -0.930 -0.549 -0.475 -0.903 -1.131 -1.411 -1.923 -2.646 -3.089 -3.291
            -2.892 -3.051 -3.340 -3.923 -4.488 -4.770 -5.059 -5.240 -5.064 -5.853 -7.020
 Nickel    -23.054-17.317-12.577 -9.003 -6.135 -3.793 -2.319 -1.141 -0.660 -0.375 -0.852 -1.100 -1.398 -1.886 -2.270 -2.887 -3.372
            -3.561 -3.141 -3.365 -3.632 -4.168 -4.591 -4.891 -5.182 -5.377 -5.242 -6.093 -7.336
 Copper    -23.847-17.634-12.918 -9.360 -6.491 -4.146 -2.526 -1.300 -0.749 -0.352 -0.642 -1.327 -1.540 -1.997 -2.326 -2.411 -3.157
            -3.643 -3.923 -3.430 -3.649 -3.922 -4.376 -4.753 -5.021 -5.313 -5.510 -5.432 -6.352 -7.673
 Zinc      -23.158-17.518-13.123 -9.619 -6.767 -4.419 -2.796 -1.456 -0.882 -0.416 -0.647 -0.838 -1.300 -1.850 -2.272 -2.399 -2.593
            -3.371 -3.750 -4.142 -3.611 -3.880 -4.161 -4.525 -4.897 -5.157 -5.460 -5.694 -5.669 -6.665 -8.061

               1      2      3      4      5      6      7      8      9     10     11     12     13     14     15     16     17
              18     19     20     21     22     23     24     25     26     27     28     29     30

 Hydrogen   -5.978 -0.000-22.855 (H2)         Log10 Mean Ionisation (over area*electron density)
 Helium     -8.896 -3.573 -0.000
 Lithium   -12.098 -5.627 -2.193 -0.003
 Beryllium -11.730 -8.028 -3.430 -1.247 -0.026
 Boron     -12.219 -7.637 -5.260 -1.916 -0.634 -0.122
 Carbon    -12.819 -7.976 -5.091 -3.423 -0.966 -0.354 -0.348
 Nitrogen  -13.245 -8.572 -5.402 -3.344 -2.239 -0.465 -0.355 -0.679
 Oxygen    -14.066 -9.364 -5.924 -3.586 -2.152 -1.477 -0.244 -0.523 -1.046
 Fluorine  -14.831-10.020 -6.547 -3.899 -2.172 -1.259 -0.996 -0.201 -0.775 -1.401
 Neon      -16.142-10.960 -7.117 -4.417 -2.394 -1.203 -0.777 -0.772 -0.308 -1.067 -1.725
 Sodium    -18.275-12.127 -7.827 -4.716 -2.640 -1.315 -0.617 -0.617 -0.854 -0.562 -1.375 -2.010
 Magnesium -17.302-14.076 -9.286 -5.773 -3.302 -1.829 -0.894 -0.522 -0.594 -0.947 -0.795 -1.648 -2.253
 Aluminium -16.668-12.524-10.545 -6.776 -4.012 -2.022 -1.104 -0.556 -0.467 -0.828 -1.288 -1.118 -1.904 -2.458
 Silicon   -16.062-11.514 -9.163 -7.764 -4.759 -2.605 -1.166 -0.460 -0.516 -0.813 -1.321 -1.579 -1.397 -2.127 -2.647
 Phosphorus-16.403-10.372 -8.149 -6.616 -5.619 -3.225 -1.600 -0.714 -0.509 -0.527 -1.001 -1.497 -1.835 -1.651 -2.333 -2.825
 Sulphur   -16.811-10.280 -7.406 -5.808 -4.697 -4.046 -2.131 -0.889 -0.440 -0.638 -0.855 -1.104 -1.616 -2.008 -1.857 -2.510 -2.998
 Chlorine  -18.470-11.739 -7.892 -5.323 -4.099 -3.376 -2.981 -1.466 -0.685 -0.384 -0.646 -1.174 -1.564 -2.058 -2.282 -2.091 -2.678
            -3.172
 Argon     -18.528-12.638 -8.078 -5.531 -3.530 -2.602 -2.263 -2.073 -0.878 -0.467 -0.550 -0.875 -1.214 -1.736 -2.277 -2.535 -2.308
            -2.836 -3.350
 Potassium -16.647-11.897 -8.270 -5.739 -3.704 -2.156 -1.664 -1.607 -1.595 -0.660 -0.406 -0.678 -1.193 -1.682 -2.236 -2.526 -2.745
            -2.483 -2.977 -3.536
 Calcium   -17.905-12.248 -8.343 -5.665 -3.750 -2.143 -1.223 -1.022 -1.227 -1.316 -0.598 -0.549 -0.926 -1.371 -1.745 -2.085 -2.534
            -2.862 -2.620 -3.114 -3.731
 Scandium  -20.412-14.112 -9.477 -5.827 -3.882 -2.301 -1.343 -0.642 -0.783 -1.175 -1.406 -0.763 -0.824 -1.053 -1.630 -2.135 -2.443
            -2.798 -3.016 -2.757 -3.252 -3.938
 Titanium  -20.395-14.205 -9.686 -6.222 -3.987 -2.447 -1.495 -0.721 -0.554 -0.851 -1.331 -1.436 -0.922 -1.086 -1.356 -1.795 -2.412
            -2.736 -3.086 -3.214 -2.905 -3.403 -4.158
 Vanadium  -21.761-15.556-10.714 -7.263 -4.641 -2.554 -1.636 -0.881 -0.659 -0.508 -1.100 -1.375 -1.609 -1.073 -1.317 -1.696 -2.083
            -2.673 -3.017 -3.298 -3.385 -3.044 -3.561 -4.389
 Chromium  -22.345-15.890-11.091 -7.589 -4.924 -2.871 -1.660 -0.926 -0.709 -0.506 -0.873 -1.439 -1.354 -1.869 -1.260 -1.357 -1.841
            -2.361 -2.706 -3.139 -3.336 -3.461 -3.150 -3.720 -4.630
 Manganese -21.406-15.534-10.991 -7.486 -4.755 -2.651 -1.354 -0.966 -0.743 -0.537 -0.826 -0.897 -1.578 -1.986 -2.328 -1.704 -1.699
            -2.013 -2.423 -2.891 -3.222 -3.427 -3.554 -3.267 -3.899 -4.890
 Iron      -20.562-15.971-12.065 -8.618 -5.901 -3.685 -1.714 -0.640 -0.483 -0.643 -1.018 -1.465 -1.830 -2.178 -2.481 -2.428 -1.925
            -1.939 -2.084 -2.531 -3.008 -3.315 -3.509 -3.628 -3.387 -4.080 -5.154
 Cobalt    -23.090-17.291-12.436 -8.830 -5.937 -3.710 -2.240 -1.107 -0.679 -0.535 -0.859 -0.952 -1.070 -1.430 -2.031 -2.393 -2.519
            -2.042 -2.096 -2.272 -2.726 -3.158 -3.363 -3.594 -3.731 -3.529 -4.297 -5.451
 Nickel    -23.341-17.599-12.851 -9.267 -6.386 -4.029 -2.534 -1.326 -0.803 -0.451 -0.824 -0.942 -1.077 -1.406 -1.658 -2.158 -2.567
            -2.691 -2.194 -2.319 -2.484 -2.903 -3.218 -3.450 -3.690 -3.849 -3.694 -4.529 -5.762
 Copper    -24.158-17.918-13.193 -9.625 -6.744 -4.384 -2.744 -1.489 -0.895 -0.431 -0.613 -1.145 -1.206 -1.506 -1.713 -1.685 -2.321
            -2.745 -2.957 -2.395 -2.516 -2.697 -3.050 -3.336 -3.546 -3.798 -3.968 -3.874 -4.782 -6.094
 Zinc      -23.450-17.803-13.400 -9.887 -7.024 -4.662 -3.021 -1.656 -1.046 -0.526 -0.674 -0.740 -1.043 -1.433 -1.716 -1.721 -1.800
            -2.471 -2.791 -3.109 -2.514 -2.679 -2.873 -3.149 -3.442 -3.656 -3.926 -4.139 -4.103 -5.089 -6.479

               1      2      3      4      5      6      7      8      9     10     11     12     13     14     15     16     17
              18     19     20     21     22     23     24     25     26     27     28     29     30

 Hydrogen   -6.262 -0.000-23.312 (H2)         Log10 Mean Ionisation (over radius*electron density)
 Helium     -9.265 -3.857 -0.000
 Lithium   -12.520 -6.007 -2.476 -0.001
 Beryllium -12.180 -8.454 -3.806 -1.524 -0.013
 Boron     -12.687 -8.088 -5.676 -2.276 -0.884 -0.063
 Carbon    -13.289 -8.435 -5.525 -3.817 -1.289 -0.540 -0.180
 Nitrogen  -13.726 -9.036 -5.845 -3.756 -2.599 -0.731 -0.437 -0.351
 Oxygen    -14.553 -9.837 -6.379 -4.015 -2.542 -1.803 -0.443 -0.476 -0.542
 Fluorine  -15.323-10.500 -7.011 -4.343 -2.585 -1.625 -1.280 -0.322 -0.585 -0.734
 Neon      -16.633-11.441 -7.584 -4.866 -2.816 -1.585 -1.096 -0.985 -0.320 -0.724 -0.917
 Sodium    -18.757-12.607 -8.293 -5.163 -3.061 -1.693 -0.936 -0.840 -0.933 -0.413 -0.874 -1.087
 Magnesium -17.802-14.567 -9.762 -6.231 -3.735 -2.226 -1.237 -0.782 -0.730 -0.907 -0.513 -1.018 -1.241
 Aluminium -17.176-13.021-11.029 -7.241 -4.453 -2.428 -1.458 -0.828 -0.615 -0.802 -1.063 -0.671 -1.151 -1.379
 Silicon   -16.567-12.009 -9.647 -8.230 -5.200 -3.010 -1.518 -0.730 -0.648 -0.765 -1.088 -1.183 -0.811 -1.272 -1.515
 Phosphorus-16.910-10.873 -8.639 -7.091 -6.075 -3.652 -1.984 -1.033 -0.722 -0.577 -0.838 -1.138 -1.312 -0.951 -1.387 -1.652
 Sulphur   -17.317-10.780 -7.896 -6.285 -5.154 -4.480 -2.530 -1.231 -0.689 -0.747 -0.781 -0.835 -1.163 -1.393 -1.069 -1.491 -1.792
 Chlorine  -18.980-12.246 -8.387 -5.804 -4.564 -3.819 -3.396 -1.840 -0.984 -0.557 -0.622 -0.914 -1.106 -1.442 -1.542 -1.201 -1.594
            -1.941
 Argon     -19.046-13.146 -8.576 -6.015 -3.997 -3.048 -2.681 -2.459 -1.214 -0.705 -0.635 -0.751 -0.861 -1.182 -1.560 -1.697 -1.333
            -1.697 -2.100
 Potassium -17.158-12.408 -8.770 -6.226 -4.174 -2.606 -2.087 -1.994 -1.943 -0.943 -0.553 -0.612 -0.874 -1.139 -1.523 -1.698 -1.818
            -1.439 -1.797 -2.270
 Calcium   -18.411-12.747 -8.839 -6.148 -4.216 -2.586 -1.638 -1.399 -1.555 -1.599 -0.798 -0.594 -0.761 -0.989 -1.172 -1.354 -1.672
            -1.887 -1.527 -1.903 -2.453
 Scandium  -20.915-14.608 -9.962 -6.300 -4.336 -2.728 -1.736 -0.989 -1.067 -1.392 -1.560 -0.822 -0.719 -0.747 -1.107 -1.423 -1.595
            -1.846 -1.975 -1.614 -2.017 -2.650
 Titanium  -20.903-14.706-10.175 -6.695 -4.439 -2.871 -1.882 -1.056 -0.817 -1.025 -1.420 -1.452 -0.826 -0.828 -0.912 -1.153 -1.587
            -1.791 -2.048 -2.103 -1.715 -2.145 -2.861
 Vanadium  -22.269-16.060-11.205 -7.739 -5.097 -2.987 -2.033 -1.227 -0.932 -0.684 -1.155 -1.343 -1.477 -0.835 -0.911 -1.107 -1.316
            -1.743 -1.986 -2.191 -2.216 -1.817 -2.286 -3.084
 Chromium  -22.857-16.395-11.585 -8.068 -5.384 -3.306 -2.063 -1.279 -0.991 -0.691 -0.940 -1.397 -1.224 -1.630 -0.947 -0.885 -1.182
            -1.522 -1.732 -2.065 -2.199 -2.261 -1.901 -2.433 -3.319
 Manganese -21.920-16.040-11.485 -7.966 -5.217 -3.088 -1.757 -1.319 -1.024 -0.714 -0.864 -0.794 -1.334 -1.664 -1.921 -1.222 -1.096
            -1.267 -1.531 -1.866 -2.107 -2.253 -2.324 -1.998 -2.601 -3.573
 Iron      -21.068-16.468-12.550 -9.089 -6.352 -4.107 -2.093 -0.954 -0.688 -0.699 -0.906 -1.213 -1.480 -1.754 -2.000 -1.902 -1.335
            -1.256 -1.284 -1.592 -1.940 -2.164 -2.303 -2.374 -2.104 -2.773 -3.832
 Cobalt    -23.607-17.799-12.934 -9.315 -6.404 -4.154 -2.654 -1.477 -0.984 -0.750 -0.948 -0.900 -0.866 -1.091 -1.587 -1.879 -1.938
            -1.386 -1.338 -1.398 -1.727 -2.043 -2.181 -2.361 -2.457 -2.233 -2.982 -4.124
 Nickel    -23.860-18.110-13.352 -9.755 -6.858 -4.480 -2.956 -1.708 -1.125 -0.685 -0.932 -0.910 -0.889 -1.076 -1.211 -1.611 -1.951
            -2.017 -1.448 -1.476 -1.539 -1.846 -2.066 -2.237 -2.432 -2.559 -2.387 -3.207 -4.430
 Copper    -24.709-18.433-13.696-10.115 -7.218 -4.838 -3.169 -1.873 -1.220 -0.663 -0.714 -1.087 -1.009 -1.176 -1.270 -1.140 -1.675
            -2.040 -2.193 -1.565 -1.591 -1.683 -1.941 -2.145 -2.304 -2.520 -2.665 -2.558 -3.454 -4.759
 Zinc      -23.974-18.319-13.906-10.381 -7.504 -5.123 -3.457 -2.058 -1.398 -0.805 -0.844 -0.768 -0.916 -1.164 -1.324 -1.218 -1.190
            -1.762 -2.026 -2.279 -1.624 -1.691 -1.801 -1.995 -2.218 -2.390 -2.631 -2.825 -2.779 -3.756 -5.140

               1      2      3      4      5      6      7      8      9     10     11     12     13     14     15     16     17
              18     19     20     21     22     23     24     25     26     27     28     29     30

 Hydrogen    4.829  4.835  4.825 (H2)                  Log10 Mean Temperature (over volume)
 Helium      4.827  4.829  4.835
 Lithium     4.826  4.827  4.829  4.835
 Beryllium   4.825  4.826  4.827  4.830  4.835
 Boron       4.825  4.825  4.826  4.828  4.831  4.837
 Carbon      4.825  4.825  4.826  4.827  4.829  4.833  4.842
 Nitrogen    4.824  4.825  4.826  4.826  4.828  4.831  4.836  4.852
 Oxygen      4.824  4.825  4.825  4.826  4.827  4.829  4.832  4.841  4.871
 Fluorine    4.824  4.824  4.825  4.826  4.826  4.828  4.830  4.835  4.847  4.905
 Neon        4.824  4.824  4.825  4.825  4.826  4.827  4.829  4.833  4.840  4.860  4.969
 Sodium      4.824  4.824  4.825  4.825  4.826  4.828  4.830  4.833  4.840  4.852  4.886  5.074
 Magnesium   4.824  4.824  4.825  4.825  4.826  4.827  4.829  4.832  4.837  4.847  4.865  4.915  5.198
 Aluminium   4.824  4.824  4.824  4.825  4.826  4.827  4.828  4.831  4.836  4.846  4.864  4.890  4.965  5.327
 Silicon     4.824  4.824  4.824  4.825  4.826  4.827  4.828  4.831  4.837  4.848  4.868  4.890  4.921  5.032  5.446
 Phosphorus  4.824  4.824  4.824  4.825  4.825  4.826  4.827  4.829  4.833  4.840  4.856  4.882  4.910  4.952  5.125  5.551
 Sulphur     4.824  4.824  4.824  4.825  4.825  4.826  4.827  4.829  4.832  4.838  4.850  4.871  4.898  4.929  4.991  5.231  5.636
 Chlorine    4.824  4.824  4.824  4.824  4.825  4.826  4.826  4.828  4.830  4.834  4.844  4.864  4.896  4.930  4.971  5.068  5.356
             5.705
 Argon       4.823  4.824  4.824  4.824  4.825  4.825  4.826  4.827  4.829  4.832  4.839  4.852  4.878  4.913  4.959  5.024  5.167
             5.477  5.761
 Potassium   4.823  4.823  4.824  4.824  4.825  4.825  4.826  4.827  4.829  4.831  4.836  4.846  4.870  4.908  4.958  5.017  5.105
             5.280  5.578  5.803
 Calcium     4.824  4.824  4.824  4.824  4.825  4.826  4.827  4.828  4.830  4.831  4.835  4.843  4.859  4.885  4.918  4.965  5.041
             5.164  5.376  5.658  5.838
 Scandium    4.824  4.824  4.824  4.825  4.825  4.826  4.827  4.829  4.832  4.835  4.838  4.844  4.858  4.879  4.907  4.956  5.029
             5.131  5.272  5.490  5.724  5.865
 Titanium    4.824  4.824  4.824  4.825  4.825  4.826  4.827  4.829  4.832  4.837  4.842  4.848  4.859  4.878  4.899  4.934  5.011
             5.121  5.261  5.414  5.608  5.785  5.889
 Vanadium    4.824  4.824  4.824  4.825  4.825  4.826  4.827  4.829  4.831  4.836  4.844  4.851  4.862  4.874  4.896  4.924  4.979
             5.102  5.247  5.403  5.554  5.706  5.833  5.910
 Chromium    4.823  4.824  4.824  4.824  4.825  4.826  4.827  4.828  4.831  4.835  4.843  4.852  4.862  4.877  4.886  4.906  4.940
             5.020  5.158  5.332  5.475  5.635  5.764  5.866  5.927
 Manganese   4.823  4.824  4.824  4.824  4.825  4.826  4.827  4.829  4.831  4.835  4.843  4.855  4.873  4.884  4.899  4.910  4.932
             4.974  5.066  5.237  5.423  5.570  5.717  5.817  5.895  5.942
 Iron        4.824  4.824  4.824  4.825  4.825  4.826  4.828  4.830  4.834  4.841  4.854  4.873  4.890  4.903  4.913  4.920  4.932
             4.955  5.003  5.117  5.320  5.510  5.653  5.778  5.857  5.917  5.955
 Cobalt      4.823  4.824  4.824  4.824  4.825  4.826  4.827  4.828  4.830  4.834  4.840  4.851  4.868  4.886  4.902  4.914  4.928
             4.946  4.982  5.054  5.198  5.423  5.589  5.725  5.831  5.891  5.938  5.967
 Nickel      4.823  4.823  4.824  4.824  4.825  4.825  4.826  4.828  4.830  4.833  4.839  4.849  4.865  4.885  4.902  4.920  4.935
             4.951  4.977  5.031  5.127  5.300  5.514  5.670  5.791  5.875  5.920  5.956  5.978
 Copper      4.822  4.823  4.824  4.824  4.825  4.825  4.826  4.827  4.829  4.833  4.839  4.851  4.866  4.887  4.903  4.920  4.942
             4.960  4.984  5.021  5.102  5.224  5.412  5.613  5.749  5.845  5.909  5.942  5.969  5.987
 Zinc        4.823  4.823  4.824  4.824  4.824  4.825  4.826  4.827  4.829  4.831  4.836  4.844  4.858  4.877  4.895  4.912  4.933
             4.961  4.983  5.020  5.067  5.181  5.330  5.518  5.702  5.813  5.888  5.937  5.961  5.982  5.996

               1      2      3      4      5      6      7      8      9     10     11     12     13     14     15     16     17
              18     19     20     21     22     23     24     25     26     27     28     29     30

 Hydrogen    4.834  4.849  4.826 (H2)                  Log10 Mean Temperature (over area)
 Helium      4.830  4.834  4.849
 Lithium     4.828  4.830  4.834  4.849
 Beryllium   4.827  4.828  4.830  4.834  4.850
 Boron       4.826  4.827  4.828  4.831  4.836  4.855
 Carbon      4.826  4.826  4.827  4.829  4.833  4.840  4.869
 Nitrogen    4.825  4.826  4.827  4.829  4.831  4.836  4.847  4.898
 Oxygen      4.825  4.826  4.827  4.828  4.830  4.833  4.839  4.856  4.952
 Fluorine    4.825  4.825  4.826  4.827  4.828  4.831  4.835  4.844  4.870  5.036
 Neon        4.825  4.825  4.826  4.827  4.828  4.830  4.833  4.839  4.853  4.893  5.149
 Sodium      4.825  4.825  4.826  4.827  4.828  4.830  4.834  4.840  4.850  4.870  4.931  5.276
 Magnesium   4.825  4.825  4.826  4.826  4.828  4.829  4.832  4.837  4.846  4.861  4.888  4.981  5.395
 Aluminium   4.824  4.825  4.825  4.826  4.827  4.829  4.832  4.836  4.844  4.860  4.882  4.916  5.055  5.498
 Silicon     4.824  4.825  4.825  4.826  4.827  4.829  4.832  4.836  4.846  4.862  4.885  4.907  4.951  5.147  5.586
 Phosphorus  4.824  4.825  4.825  4.826  4.827  4.828  4.830  4.833  4.840  4.852  4.874  4.900  4.929  4.996  5.256  5.660
 Sulphur     4.824  4.825  4.825  4.826  4.826  4.828  4.829  4.832  4.838  4.848  4.865  4.888  4.915  4.953  5.052  5.366  5.720
 Chlorine    4.824  4.824  4.825  4.825  4.826  4.827  4.828  4.830  4.834  4.842  4.858  4.885  4.915  4.951  5.003  5.143  5.476
             5.770
 Argon       4.824  4.824  4.825  4.825  4.826  4.827  4.828  4.830  4.832  4.838  4.849  4.869  4.898  4.935  4.989  5.069  5.253
             5.576  5.810
 Potassium   4.824  4.824  4.825  4.825  4.826  4.827  4.828  4.830  4.832  4.835  4.844  4.862  4.892  4.932  4.986  5.053  5.157
             5.366  5.656  5.842
 Calcium     4.824  4.825  4.825  4.825  4.826  4.827  4.829  4.831  4.833  4.836  4.842  4.854  4.875  4.903  4.940  4.996  5.087
             5.231  5.463  5.720  5.868
 Scandium    4.824  4.825  4.825  4.826  4.827  4.828  4.830  4.832  4.837  4.841  4.846  4.855  4.872  4.894  4.929  4.988  5.071
             5.182  5.338  5.563  5.773  5.889
 Titanium    4.824  4.824  4.825  4.826  4.827  4.828  4.830  4.833  4.838  4.845  4.852  4.860  4.872  4.890  4.915  4.962  5.057
             5.172  5.314  5.473  5.663  5.820  5.908
 Vanadium    4.824  4.824  4.825  4.826  4.827  4.828  4.829  4.832  4.837  4.844  4.855  4.864  4.875  4.887  4.909  4.946  5.019
             5.156  5.299  5.449  5.601  5.745  5.859  5.925
 Chromium    4.824  4.824  4.825  4.825  4.826  4.828  4.829  4.832  4.836  4.843  4.853  4.865  4.876  4.889  4.897  4.920  4.969
             5.070  5.216  5.384  5.523  5.677  5.796  5.886  5.939
 Manganese   4.824  4.824  4.825  4.825  4.826  4.827  4.829  4.832  4.836  4.843  4.855  4.870  4.887  4.897  4.909  4.920  4.947
             5.006  5.121  5.299  5.474  5.613  5.751  5.842  5.910  5.952
 Iron        4.824  4.825  4.825  4.826  4.827  4.828  4.830  4.834  4.840  4.852  4.870  4.888  4.901  4.911  4.920  4.927  4.941
             4.972  5.038  5.177  5.383  5.557  5.690  5.805  5.876  5.930  5.963
 Cobalt      4.824  4.824  4.825  4.825  4.826  4.827  4.829  4.831  4.835  4.841  4.851  4.865  4.882  4.899  4.914  4.925  4.939
             4.960  5.008  5.100  5.264  5.482  5.633  5.757  5.853  5.906  5.948  5.973
 Nickel      4.824  4.824  4.825  4.825  4.826  4.827  4.828  4.830  4.833  4.839  4.849  4.863  4.880  4.898  4.914  4.932  4.948
             4.965  4.997  5.064  5.180  5.364  5.567  5.709  5.816  5.892  5.931  5.963  5.983
 Copper      4.823  4.824  4.824  4.825  4.826  4.827  4.828  4.830  4.833  4.839  4.849  4.865  4.882  4.899  4.914  4.932  4.957
             4.978  5.005  5.048  5.143  5.280  5.470  5.657  5.779  5.865  5.921  5.951  5.975  5.991
 Zinc        4.824  4.824  4.824  4.825  4.825  4.826  4.827  4.829  4.832  4.836  4.844  4.856  4.873  4.891  4.906  4.924  4.947
             4.980  5.006  5.046  5.099  5.226  5.385  5.569  5.737  5.836  5.903  5.946  5.968  5.986  5.999

               1      2      3      4      5      6      7      8      9     10     11     12     13     14     15     16     17
              18     19     20     21     22     23     24     25     26     27     28     29     30

 Hydrogen    4.843  4.937  4.828 (H2)                  Log10 Mean Temperature (over radius)
 Helium      4.835  4.843  4.937
 Lithium     4.831  4.834  4.843  4.938
 Beryllium   4.829  4.831  4.834  4.843  4.941
 Boron       4.828  4.829  4.831  4.836  4.846  4.957
 Carbon      4.827  4.828  4.830  4.833  4.839  4.853  5.000
 Nitrogen    4.827  4.828  4.829  4.832  4.836  4.844  4.865  5.071
 Oxygen      4.826  4.827  4.829  4.830  4.833  4.839  4.851  4.883  5.164
 Fluorine    4.826  4.827  4.828  4.829  4.831  4.835  4.842  4.859  4.910  5.267
 Neon        4.826  4.827  4.828  4.829  4.831  4.834  4.839  4.849  4.873  4.951  5.372
 Sodium      4.827  4.827  4.828  4.829  4.831  4.834  4.839  4.849  4.864  4.894  5.012  5.470
 Magnesium   4.826  4.826  4.827  4.828  4.830  4.833  4.837  4.845  4.858  4.877  4.917  5.091  5.556
 Aluminium   4.825  4.826  4.827  4.828  4.829  4.832  4.836  4.844  4.856  4.875  4.900  4.953  5.186  5.627
 Silicon     4.825  4.826  4.827  4.828  4.829  4.832  4.836  4.844  4.858  4.877  4.898  4.924  4.999  5.289  5.688
 Phosphorus  4.825  4.826  4.826  4.827  4.828  4.830  4.834  4.839  4.849  4.867  4.891  4.916  4.952  5.061  5.394  5.740
 Sulphur     4.825  4.826  4.826  4.827  4.828  4.830  4.833  4.837  4.846  4.860  4.881  4.903  4.933  4.985  5.136  5.492  5.783
 Chlorine    4.825  4.825  4.826  4.827  4.828  4.829  4.831  4.835  4.841  4.854  4.875  4.903  4.932  4.975  5.044  5.235  5.582
             5.818
 Argon       4.825  4.825  4.826  4.827  4.828  4.829  4.831  4.834  4.838  4.847  4.863  4.887  4.917  4.958  5.022  5.123  5.347
             5.659  5.848
 Potassium   4.825  4.825  4.826  4.826  4.827  4.829  4.831  4.834  4.837  4.843  4.856  4.880  4.913  4.955  5.016  5.091  5.215
             5.453  5.722  5.872
 Calcium     4.825  4.826  4.826  4.827  4.828  4.829  4.831  4.834  4.839  4.843  4.851  4.868  4.891  4.921  4.965  5.032  5.136
             5.300  5.544  5.772  5.893
 Scandium    4.825  4.826  4.827  4.827  4.829  4.830  4.833  4.837  4.843  4.849  4.856  4.866  4.884  4.911  4.953  5.024  5.115
             5.234  5.405  5.629  5.813  5.909
 Titanium    4.825  4.825  4.826  4.827  4.829  4.831  4.834  4.838  4.845  4.854  4.863  4.871  4.883  4.902  4.935  4.995  5.103
             5.221  5.365  5.531  5.713  5.850  5.924
 Vanadium    4.825  4.825  4.826  4.827  4.828  4.830  4.833  4.837  4.844  4.853  4.866  4.876  4.886  4.899  4.924  4.975  5.064
             5.207  5.347  5.494  5.646  5.781  5.881  5.938
 Chromium    4.825  4.825  4.826  4.827  4.828  4.830  4.832  4.836  4.843  4.852  4.865  4.877  4.886  4.898  4.908  4.938  5.005
             5.122  5.268  5.431  5.567  5.716  5.825  5.904  5.949
 Manganese   4.825  4.825  4.826  4.827  4.828  4.830  4.832  4.836  4.843  4.853  4.868  4.883  4.898  4.907  4.918  4.932  4.968
             5.046  5.177  5.355  5.520  5.652  5.781  5.864  5.924  5.960
 Iron        4.825  4.826  4.826  4.827  4.829  4.831  4.834  4.840  4.850  4.866  4.884  4.898  4.908  4.917  4.926  4.935  4.953
             4.995  5.082  5.238  5.438  5.599  5.724  5.830  5.893  5.940  5.970
 Cobalt      4.825  4.825  4.826  4.827  4.828  4.829  4.831  4.835  4.841  4.849  4.863  4.878  4.894  4.909  4.923  4.936  4.951
             4.978  5.040  5.153  5.328  5.534  5.673  5.786  5.872  5.920  5.956  5.979
 Nickel      4.825  4.825  4.826  4.826  4.827  4.829  4.831  4.834  4.839  4.847  4.861  4.876  4.892  4.909  4.925  4.944  4.962
             4.981  5.020  5.103  5.236  5.425  5.614  5.743  5.839  5.906  5.942  5.970  5.988
 Copper      4.823  4.825  4.825  4.826  4.827  4.829  4.831  4.834  4.839  4.848  4.861  4.878  4.893  4.908  4.924  4.944  4.972
             4.997  5.026  5.078  5.187  5.336  5.523  5.695  5.806  5.882  5.932  5.959  5.981  5.995
 Zinc        4.824  4.825  4.825  4.826  4.827  4.828  4.830  4.832  4.836  4.843  4.854  4.869  4.886  4.901  4.917  4.936  4.963
             5.001  5.030  5.073  5.134  5.273  5.439  5.616  5.769  5.857  5.916  5.954  5.974  5.990  6.002

               1      2      3      4      5      6      7      8      9     10     11     12     13     14     15     16     17
              18     19     20     21     22     23     24     25     26     27     28     29     30

 Hydrogen    4.834  4.844  4.827 (H2)          Log10 Mean Temperature (over volume*electron density)
 Helium      4.831  4.834  4.844
 Lithium     4.829  4.830  4.834  4.844
 Beryllium   4.827  4.828  4.831  4.835  4.844
 Boron       4.826  4.827  4.829  4.831  4.836  4.847
 Carbon      4.826  4.827  4.828  4.830  4.833  4.839  4.854
 Nitrogen    4.826  4.827  4.828  4.829  4.832  4.836  4.845  4.868
 Oxygen      4.826  4.826  4.827  4.828  4.830  4.833  4.839  4.852  4.890
 Fluorine    4.825  4.826  4.827  4.828  4.829  4.831  4.835  4.843  4.861  4.928
 Neon        4.825  4.826  4.827  4.827  4.829  4.831  4.834  4.839  4.850  4.875  4.993
 Sodium      4.826  4.826  4.827  4.828  4.829  4.831  4.834  4.840  4.848  4.864  4.898  5.093
 Magnesium   4.825  4.825  4.826  4.827  4.828  4.830  4.833  4.837  4.845  4.857  4.876  4.926  5.214
 Aluminium   4.825  4.825  4.826  4.827  4.828  4.830  4.832  4.836  4.844  4.856  4.875  4.898  4.974  5.339
 Silicon     4.825  4.825  4.826  4.827  4.828  4.830  4.832  4.837  4.845  4.859  4.878  4.897  4.925  5.041  5.454
 Phosphorus  4.825  4.825  4.825  4.826  4.827  4.828  4.831  4.834  4.840  4.850  4.868  4.890  4.915  4.957  5.133  5.557
 Sulphur     4.825  4.825  4.825  4.826  4.827  4.828  4.830  4.833  4.838  4.847  4.861  4.880  4.904  4.933  4.996  5.239  5.640
 Chlorine    4.825  4.825  4.825  4.826  4.827  4.828  4.829  4.831  4.835  4.842  4.854  4.876  4.903  4.934  4.974  5.073  5.362
             5.708
 Argon       4.824  4.825  4.825  4.826  4.827  4.828  4.829  4.831  4.833  4.838  4.848  4.864  4.888  4.918  4.963  5.028  5.172
             5.482  5.762
 Potassium   4.824  4.824  4.825  4.826  4.826  4.827  4.829  4.831  4.832  4.836  4.843  4.857  4.881  4.915  4.961  5.020  5.108
             5.284  5.581  5.805
 Calcium     4.825  4.825  4.825  4.826  4.827  4.828  4.829  4.831  4.834  4.836  4.841  4.852  4.869  4.892  4.923  4.968  5.045
             5.168  5.380  5.660  5.839
 Scandium    4.825  4.825  4.826  4.826  4.827  4.829  4.830  4.833  4.837  4.841  4.846  4.853  4.867  4.885  4.912  4.960  5.033
             5.134  5.275  5.492  5.726  5.866
 Titanium    4.825  4.825  4.825  4.826  4.827  4.829  4.831  4.834  4.838  4.844  4.851  4.857  4.868  4.884  4.903  4.938  5.016
             5.124  5.264  5.417  5.610  5.786  5.890
 Vanadium    4.825  4.825  4.825  4.826  4.827  4.828  4.830  4.833  4.837  4.843  4.853  4.860  4.871  4.882  4.900  4.927  4.983
             5.106  5.250  5.405  5.556  5.707  5.834  5.911
 Chromium    4.825  4.825  4.825  4.826  4.827  4.828  4.830  4.832  4.836  4.843  4.852  4.862  4.871  4.883  4.891  4.909  4.944
             5.025  5.162  5.334  5.477  5.637  5.765  5.867  5.927
 Manganese   4.824  4.825  4.825  4.826  4.827  4.828  4.830  4.832  4.836  4.843  4.853  4.865  4.881  4.891  4.902  4.912  4.934
             4.977  5.070  5.241  5.425  5.572  5.718  5.818  5.895  5.942
 Iron        4.825  4.825  4.826  4.826  4.827  4.829  4.831  4.834  4.840  4.850  4.865  4.882  4.895  4.906  4.914  4.922  4.933
             4.956  5.005  5.121  5.324  5.512  5.654  5.779  5.857  5.918  5.955
 Cobalt      4.824  4.825  4.825  4.826  4.827  4.828  4.829  4.831  4.835  4.840  4.849  4.861  4.877  4.892  4.906  4.917  4.930
             4.947  4.985  5.057  5.202  5.426  5.591  5.726  5.832  5.892  5.938  5.967
 Nickel      4.824  4.824  4.825  4.826  4.826  4.827  4.829  4.831  4.834  4.839  4.848  4.859  4.875  4.891  4.906  4.922  4.937
             4.952  4.979  5.033  5.130  5.303  5.516  5.671  5.791  5.876  5.920  5.956  5.978
 Copper      4.823  4.824  4.825  4.825  4.826  4.827  4.829  4.831  4.834  4.839  4.848  4.861  4.876  4.892  4.906  4.922  4.944
             4.962  4.986  5.023  5.105  5.227  5.414  5.615  5.750  5.846  5.909  5.942  5.970  5.987
 Zinc        4.824  4.824  4.825  4.825  4.826  4.827  4.828  4.830  4.832  4.836  4.843  4.854  4.868  4.884  4.899  4.915  4.935
             4.963  4.986  5.022  5.069  5.183  5.333  5.520  5.703  5.813  5.889  5.937  5.961  5.982  5.996

               1      2      3      4      5      6      7      8      9     10     11     12     13     14     15     16     17
              18     19     20     21     22     23     24     25     26     27     28     29     30

 Hydrogen    4.841  4.868  4.829 (H2)          Log10 Mean Temperature (over area*electron density)
 Helium      4.835  4.841  4.868
 Lithium     4.831  4.834  4.841  4.868
 Beryllium   4.829  4.831  4.835  4.842  4.869
 Boron       4.828  4.829  4.832  4.836  4.844  4.875
 Carbon      4.828  4.829  4.831  4.834  4.839  4.849  4.892
 Nitrogen    4.827  4.828  4.830  4.832  4.836  4.843  4.858  4.924
 Oxygen      4.827  4.828  4.829  4.831  4.834  4.839  4.848  4.869  4.979
 Fluorine    4.827  4.827  4.828  4.830  4.832  4.836  4.842  4.855  4.884  5.062
 Neon        4.827  4.827  4.828  4.830  4.831  4.834  4.839  4.848  4.864  4.907  5.170
 Sodium      4.827  4.827  4.828  4.830  4.832  4.835  4.840  4.847  4.860  4.881  4.943  5.290
 Magnesium   4.826  4.827  4.828  4.829  4.831  4.833  4.838  4.844  4.855  4.871  4.896  4.992  5.405
 Aluminium   4.826  4.826  4.827  4.828  4.830  4.833  4.837  4.843  4.854  4.870  4.889  4.922  5.065  5.505
 Silicon     4.826  4.826  4.827  4.828  4.830  4.833  4.837  4.843  4.855  4.872  4.891  4.911  4.955  5.156  5.591
 Phosphorus  4.826  4.826  4.827  4.828  4.829  4.831  4.834  4.839  4.848  4.862  4.883  4.905  4.932  5.001  5.264  5.664
 Sulphur     4.826  4.826  4.827  4.828  4.829  4.831  4.833  4.838  4.845  4.857  4.874  4.894  4.919  4.957  5.058  5.373  5.723
 Chlorine    4.825  4.826  4.826  4.827  4.828  4.830  4.832  4.835  4.841  4.851  4.869  4.893  4.919  4.954  5.006  5.148  5.481
             5.772
 Argon       4.825  4.826  4.826  4.827  4.828  4.830  4.832  4.834  4.838  4.846  4.859  4.879  4.904  4.939  4.992  5.073  5.258
             5.579  5.811
 Potassium   4.825  4.825  4.826  4.827  4.828  4.829  4.831  4.834  4.837  4.842  4.853  4.872  4.899  4.936  4.989  5.056  5.160
             5.369  5.658  5.843
 Calcium     4.826  4.826  4.826  4.827  4.828  4.830  4.832  4.835  4.839  4.843  4.849  4.863  4.883  4.908  4.944  5.000  5.090
             5.234  5.466  5.722  5.869
 Scandium    4.826  4.826  4.827  4.828  4.829  4.831  4.834  4.837  4.843  4.849  4.854  4.863  4.878  4.899  4.933  4.992  5.075
             5.185  5.341  5.565  5.774  5.890
 Titanium    4.826  4.826  4.827  4.828  4.829  4.831  4.834  4.838  4.844  4.852  4.860  4.867  4.878  4.894  4.918  4.966  5.061
             5.175  5.316  5.476  5.665  5.821  5.909
 Vanadium    4.826  4.826  4.827  4.828  4.829  4.831  4.833  4.837  4.843  4.852  4.863  4.872  4.881  4.892  4.912  4.950  5.023
             5.159  5.302  5.451  5.603  5.747  5.859  5.925
 Chromium    4.825  4.826  4.826  4.827  4.829  4.831  4.833  4.837  4.843  4.851  4.862  4.873  4.881  4.892  4.900  4.922  4.972
             5.074  5.219  5.386  5.524  5.679  5.797  5.887  5.939
 Manganese   4.825  4.826  4.826  4.827  4.829  4.830  4.833  4.837  4.843  4.852  4.864  4.878  4.892  4.900  4.911  4.922  4.949
             5.009  5.124  5.302  5.476  5.614  5.752  5.842  5.911  5.952
 Iron        4.826  4.826  4.827  4.828  4.829  4.831  4.835  4.840  4.849  4.862  4.878  4.893  4.904  4.913  4.921  4.928  4.943
             4.974  5.041  5.181  5.386  5.559  5.691  5.806  5.876  5.930  5.963
 Cobalt      4.825  4.825  4.826  4.827  4.828  4.830  4.832  4.835  4.841  4.848  4.860  4.873  4.888  4.902  4.916  4.927  4.941
             4.962  5.010  5.104  5.267  5.484  5.635  5.758  5.853  5.907  5.948  5.974
 Nickel      4.825  4.825  4.826  4.827  4.828  4.829  4.831  4.835  4.839  4.847  4.858  4.871  4.886  4.901  4.916  4.934  4.950
             4.967  4.999  5.067  5.183  5.367  5.569  5.710  5.817  5.892  5.932  5.963  5.983
 Copper      4.823  4.825  4.826  4.827  4.828  4.829  4.831  4.834  4.839  4.847  4.858  4.873  4.887  4.902  4.916  4.933  4.958
             4.980  5.006  5.050  5.145  5.282  5.472  5.658  5.780  5.865  5.921  5.951  5.975  5.991
 Zinc        4.824  4.825  4.826  4.826  4.827  4.829  4.830  4.833  4.837  4.843  4.852  4.865  4.880  4.895  4.909  4.926  4.949
             4.982  5.008  5.048  5.102  5.228  5.388  5.571  5.738  5.837  5.904  5.946  5.968  5.986  5.999

               1      2      3      4      5      6      7      8      9     10     11     12     13     14     15     16     17
              18     19     20     21     22     23     24     25     26     27     28     29     30

 Hydrogen    4.853  4.993  4.832 (H2)          Log10 Mean Temperature (over radius*electron density)
 Helium      4.842  4.853  4.993
 Lithium     4.835  4.840  4.853  4.993
 Beryllium   4.832  4.835  4.841  4.854  4.997
 Boron       4.830  4.832  4.836  4.842  4.857  5.011
 Carbon      4.830  4.831  4.834  4.838  4.847  4.864  5.048
 Nitrogen    4.829  4.831  4.833  4.836  4.842  4.853  4.878  5.110
 Oxygen      4.829  4.830  4.832  4.834  4.839  4.846  4.861  4.896  5.192
 Fluorine    4.828  4.829  4.831  4.833  4.836  4.842  4.851  4.871  4.923  5.286
 Neon        4.828  4.829  4.830  4.832  4.835  4.839  4.847  4.859  4.884  4.964  5.385
 Sodium      4.829  4.829  4.831  4.832  4.835  4.840  4.846  4.857  4.873  4.903  5.024  5.479
 Magnesium   4.827  4.828  4.830  4.831  4.834  4.838  4.844  4.853  4.866  4.885  4.925  5.103  5.562
 Aluminium   4.827  4.828  4.829  4.831  4.833  4.837  4.843  4.852  4.865  4.882  4.905  4.959  5.196  5.631
 Silicon     4.827  4.828  4.829  4.831  4.833  4.837  4.843  4.852  4.867  4.884  4.902  4.927  5.005  5.297  5.691
 Phosphorus  4.827  4.827  4.828  4.830  4.832  4.835  4.839  4.847  4.858  4.875  4.896  4.919  4.956  5.067  5.401  5.742
 Sulphur     4.827  4.827  4.828  4.830  4.831  4.834  4.838  4.844  4.854  4.869  4.887  4.907  4.936  4.989  5.142  5.497  5.784
 Chlorine    4.827  4.827  4.828  4.829  4.831  4.833  4.836  4.840  4.849  4.863  4.883  4.907  4.935  4.977  5.047  5.240  5.585
             5.820
 Argon       4.826  4.827  4.828  4.829  4.830  4.833  4.836  4.839  4.845  4.856  4.872  4.893  4.921  4.961  5.025  5.126  5.352
             5.662  5.849
 Potassium   4.826  4.827  4.827  4.829  4.830  4.832  4.835  4.839  4.843  4.851  4.866  4.888  4.917  4.958  5.018  5.094  5.219
             5.456  5.724  5.873
 Calcium     4.827  4.827  4.828  4.829  4.830  4.833  4.836  4.840  4.845  4.850  4.859  4.875  4.897  4.925  4.968  5.035  5.139
             5.304  5.547  5.774  5.893
 Scandium    4.827  4.828  4.829  4.830  4.832  4.834  4.838  4.843  4.849  4.856  4.863  4.873  4.889  4.915  4.957  5.027  5.118
             5.237  5.407  5.632  5.814  5.910
 Titanium    4.827  4.827  4.828  4.830  4.832  4.835  4.839  4.844  4.852  4.861  4.869  4.876  4.887  4.905  4.938  4.999  5.106
             5.223  5.367  5.533  5.714  5.850  5.925
 Vanadium    4.827  4.827  4.828  4.830  4.832  4.834  4.838  4.843  4.851  4.861  4.873  4.881  4.890  4.902  4.927  4.979  5.067
             5.209  5.349  5.495  5.647  5.782  5.881  5.938
 Chromium    4.826  4.827  4.828  4.829  4.831  4.834  4.837  4.842  4.850  4.860  4.872  4.881  4.889  4.900  4.910  4.941  5.009
             5.125  5.271  5.433  5.569  5.717  5.826  5.904  5.950
 Manganese   4.826  4.827  4.828  4.829  4.831  4.833  4.837  4.842  4.850  4.861  4.875  4.888  4.900  4.909  4.919  4.934  4.970
             5.050  5.180  5.357  5.521  5.653  5.782  5.864  5.924  5.960
 Iron        4.827  4.828  4.829  4.830  4.832  4.835  4.840  4.847  4.859  4.874  4.889  4.901  4.910  4.918  4.927  4.936  4.954
             4.997  5.085  5.241  5.441  5.601  5.725  5.830  5.894  5.941  5.970
 Cobalt      4.826  4.827  4.828  4.829  4.830  4.833  4.836  4.841  4.848  4.857  4.870  4.883  4.897  4.911  4.925  4.937  4.953
             4.980  5.042  5.157  5.330  5.536  5.674  5.786  5.873  5.920  5.956  5.979
 Nickel      4.826  4.826  4.827  4.828  4.830  4.832  4.835  4.839  4.846  4.855  4.868  4.882  4.896  4.911  4.927  4.945  4.963
             4.983  5.022  5.106  5.239  5.427  5.615  5.743  5.840  5.907  5.942  5.970  5.988
 Copper      4.823  4.826  4.827  4.828  4.830  4.832  4.835  4.839  4.846  4.856  4.869  4.884  4.896  4.910  4.926  4.946  4.974
             4.998  5.028  5.080  5.189  5.338  5.525  5.696  5.806  5.882  5.933  5.959  5.981  5.995
 Zinc        4.825  4.826  4.827  4.828  4.829  4.831  4.834  4.837  4.843  4.851  4.862  4.876  4.890  4.904  4.919  4.938  4.965
             5.003  5.032  5.075  5.136  5.275  5.441  5.618  5.770  5.858  5.917  5.955  5.974  5.991  6.002

               1      2      3      4      5      6      7      8      9     10     11     12     13     14     15     16     17
              18     19     20     21     22     23     24     25     26     27     28     29     30
CIV QSO  

---------------Convergence statistics---------------
      1.42 mean iterations/state convergence
      1.56 mean cx acceleration loops/iteration
      1.17 mean iso convergence loops/ion solve
         1 mean steps/chemistry solve
         1 mean step length searches/chemistry step
----------------------------------------------------

 Cloudy ends: 249 zones, 3 iterations, 1 caution. (single thread) ExecTime(s) 324.76
 [Stop in cdMain at maincl.cpp:496, Cloudy exited OK]
