   1.5381945E+03   0.0000000E+00   0.0000000E+00   0.0000000E+00   0.0000000E+00
   1.5382021E+03   0.0000000E+00   0.0000000E+00   0.0000000E+00   0.0000000E+00
   1.5382096E+03   0.0000000E+00   0.0000000E+00   0.0000000E+00   0.0000000E+00
   1.5382171E+03   0.0000000E+00   0.0000000E+00   0.0000000E+00   0.0000000E+00
   1.5382246E+03   0.0000000E+00   0.0000000E+00   0.0000000E+00   0.0000000E+00
   1.5382322E+03   0.0000000E+00   0.0000000E+00   0.0000000E+00   0.0000000E+00
   1.5382397E+03   0.0000000E+00   0.0000000E+00   0.0000000E+00   0.0000000E+00
   1.5382472E+03   0.0000000E+00   0.0000000E+00   0.0000000E+00   0.0000000E+00
   1.5382548E+03   0.0000000E+00   0.0000000E+00   0.0000000E+00   0.0000000E+00
   1.5382623E+03   0.0000000E+00   0.0000000E+00   0.0000000E+00   0.0000000E+00
   1.5382698E+03   0.0000000E+00   0.0000000E+00   0.0000000E+00   0.0000000E+00
   1.5382773E+03   0.0000000E+00   0.0000000E+00   0.0000000E+00   0.0000000E+00
   1.5382849E+03   0.0000000E+00   0.0000000E+00   0.0000000E+00   0.0000000E+00
   1.5382924E+03   0.0000000E+00   0.0000000E+00   0.0000000E+00   0.0000000E+00
   1.5382999E+03   0.0000000E+00   0.0000000E+00   0.0000000E+00   0.0000000E+00
   1.5383075E+03   0.0000000E+00   0.0000000E+00   0.0000000E+00   0.0000000E+00
   1.5383150E+03   0.0000000E+00   0.0000000E+00   0.0000000E+00   0.0000000E+00
   1.5383225E+03   0.0000000E+00   0.0000000E+00   0.0000000E+00   0.0000000E+00
   1.5383300E+03   0.0000000E+00   0.0000000E+00   0.0000000E+00   0.0000000E+00
   1.5383376E+03   0.0000000E+00   0.0000000E+00   0.0000000E+00   0.0000000E+00
   1.5383451E+03   0.0000000E+00   0.0000000E+00   0.0000000E+00   0.0000000E+00
   1.5383526E+03   0.0000000E+00   0.0000000E+00   0.0000000E+00   0.0000000E+00
   1.5383602E+03   0.0000000E+00   0.0000000E+00   0.0000000E+00   0.0000000E+00
   1.5383677E+03   0.0000000E+00   0.0000000E+00   0.0000000E+00   0.0000000E+00
   1.5383752E+03   0.0000000E+00   0.0000000E+00   0.0000000E+00   0.0000000E+00
   1.5383827E+03   0.0000000E+00   0.0000000E+00   0.0000000E+00   0.0000000E+00
   1.5383903E+03   0.0000000E+00   0.0000000E+00   0.0000000E+00   0.0000000E+00
   1.5383978E+03   0.0000000E+00   0.0000000E+00   0.0000000E+00   0.0000000E+00
   1.5384053E+03   0.0000000E+00   0.0000000E+00   0.0000000E+00   0.0000000E+00
   1.5384128E+03   0.0000000E+00   0.0000000E+00   0.0000000E+00   0.0000000E+00
   1.5384204E+03   0.0000000E+00   0.0000000E+00   0.0000000E+00   0.0000000E+00
   1.5384279E+03   0.0000000E+00   0.0000000E+00   0.0000000E+00   0.0000000E+00
   1.5384354E+03   0.0000000E+00   0.0000000E+00   0.0000000E+00   0.0000000E+00
   1.5384430E+03   0.0000000E+00   0.0000000E+00   0.0000000E+00   0.0000000E+00
   1.5384505E+03   0.0000000E+00   0.0000000E+00   0.0000000E+00   0.0000000E+00
   1.5384580E+03   0.0000000E+00   0.0000000E+00   0.0000000E+00   0.0000000E+00
   1.5384655E+03   0.0000000E+00   0.0000000E+00   0.0000000E+00   0.0000000E+00
   1.5384731E+03   0.0000000E+00   0.0000000E+00   0.0000000E+00   0.0000000E+00
   1.5384806E+03   0.0000000E+00   0.0000000E+00   0.0000000E+00   0.0000000E+00
   1.5384881E+03   0.0000000E+00   0.0000000E+00   0.0000000E+00   0.0000000E+00
   1.5384957E+03   0.0000000E+00   0.0000000E+00   0.0000000E+00   0.0000000E+00
   1.5385032E+03   0.0000000E+00   0.0000000E+00   0.0000000E+00   0.0000000E+00
   1.5385107E+03   0.0000000E+00   0.0000000E+00   0.0000000E+00   0.0000000E+00
   1.5385182E+03   0.0000000E+00   0.0000000E+00   0.0000000E+00   0.0000000E+00
   1.5385258E+03   0.0000000E+00   0.0000000E+00   0.0000000E+00   0.0000000E+00
   1.5385333E+03   0.0000000E+00   0.0000000E+00   0.0000000E+00   0.0000000E+00
   1.5385408E+03   0.0000000E+00   0.0000000E+00   0.0000000E+00   0.0000000E+00
   1.5385484E+03   0.0000000E+00   0.0000000E+00   0.0000000E+00   0.0000000E+00
   1.5385559E+03   0.0000000E+00   0.0000000E+00   0.0000000E+00   0.0000000E+00
   1.5385634E+03   0.0000000E+00   0.0000000E+00   0.0000000E+00   0.0000000E+00
   1.5385709E+03   0.0000000E+00   0.0000000E+00   0.0000000E+00   0.0000000E+00
   1.5385785E+03   0.0000000E+00   0.0000000E+00   0.0000000E+00   0.0000000E+00
   1.5385860E+03   0.0000000E+00   0.0000000E+00   0.0000000E+00   0.0000000E+00
   1.5385935E+03   0.0000000E+00   0.0000000E+00   0.0000000E+00   0.0000000E+00
   1.5386011E+03   0.0000000E+00   0.0000000E+00   0.0000000E+00   0.0000000E+00
   1.5386086E+03   0.0000000E+00   0.0000000E+00   0.0000000E+00   0.0000000E+00
   1.5386161E+03   0.0000000E+00   0.0000000E+00   0.0000000E+00   0.0000000E+00
   1.5386236E+03   0.0000000E+00   0.0000000E+00   0.0000000E+00   0.0000000E+00
   1.5386312E+03   0.0000000E+00   0.0000000E+00   0.0000000E+00   0.0000000E+00
   1.5386387E+03   0.0000000E+00   0.0000000E+00   0.0000000E+00   0.0000000E+00
   1.5386462E+03   0.0000000E+00   0.0000000E+00   0.0000000E+00   0.0000000E+00
   1.5386538E+03   0.0000000E+00   0.0000000E+00   0.0000000E+00   0.0000000E+00
   1.5386613E+03   0.0000000E+00   0.0000000E+00   0.0000000E+00   0.0000000E+00
   1.5386688E+03   0.0000000E+00   0.0000000E+00   0.0000000E+00   0.0000000E+00
   1.5386763E+03   0.0000000E+00   0.0000000E+00   0.0000000E+00   0.0000000E+00
   1.5386839E+03   0.0000000E+00   0.0000000E+00   0.0000000E+00   0.0000000E+00
   1.5386914E+03   0.0000000E+00   0.0000000E+00   0.0000000E+00   0.0000000E+00
   1.5386989E+03   0.0000000E+00   0.0000000E+00   0.0000000E+00   0.0000000E+00
   1.5387065E+03   0.0000000E+00   0.0000000E+00   0.0000000E+00   0.0000000E+00
   1.5387140E+03   0.0000000E+00   0.0000000E+00   0.0000000E+00   0.0000000E+00
   1.5387215E+03   0.0000000E+00   0.0000000E+00   0.0000000E+00   0.0000000E+00
   1.5387290E+03   0.0000000E+00   0.0000000E+00   0.0000000E+00   0.0000000E+00
   1.5387366E+03   0.0000000E+00   0.0000000E+00   0.0000000E+00   0.0000000E+00
   1.5387441E+03   0.0000000E+00   0.0000000E+00   0.0000000E+00   0.0000000E+00
   1.5387516E+03   0.0000000E+00   0.0000000E+00   0.0000000E+00   0.0000000E+00
   1.5387592E+03   0.0000000E+00   0.0000000E+00   0.0000000E+00   0.0000000E+00
   1.5387667E+03   0.0000000E+00   0.0000000E+00   0.0000000E+00   0.0000000E+00
   1.5387742E+03   0.0000000E+00   0.0000000E+00   0.0000000E+00   0.0000000E+00
   1.5387817E+03   0.0000000E+00   0.0000000E+00   0.0000000E+00   0.0000000E+00
   1.5387893E+03   0.0000000E+00   0.0000000E+00   0.0000000E+00   0.0000000E+00
   1.5387968E+03   0.0000000E+00   0.0000000E+00   0.0000000E+00   0.0000000E+00
   1.5388043E+03   0.0000000E+00   0.0000000E+00   0.0000000E+00   0.0000000E+00
   1.5388119E+03   0.0000000E+00   0.0000000E+00   0.0000000E+00   0.0000000E+00
   1.5388194E+03   0.0000000E+00   0.0000000E+00   0.0000000E+00   0.0000000E+00
   1.5388269E+03   0.0000000E+00   0.0000000E+00   0.0000000E+00   0.0000000E+00
   1.5388344E+03   0.0000000E+00   0.0000000E+00   0.0000000E+00   0.0000000E+00
   1.5388420E+03   0.0000000E+00   0.0000000E+00   0.0000000E+00   0.0000000E+00
   1.5388495E+03   0.0000000E+00   0.0000000E+00   0.0000000E+00   0.0000000E+00
   1.5388570E+03   0.0000000E+00   0.0000000E+00   0.0000000E+00   0.0000000E+00
   1.5388646E+03   0.0000000E+00   0.0000000E+00   0.0000000E+00   0.0000000E+00
   1.5388721E+03   0.0000000E+00   0.0000000E+00   0.0000000E+00   0.0000000E+00
   1.5388796E+03   0.0000000E+00   0.0000000E+00   0.0000000E+00   0.0000000E+00
   1.5388871E+03   0.0000000E+00   0.0000000E+00   0.0000000E+00   0.0000000E+00
   1.5388947E+03   0.0000000E+00   0.0000000E+00   0.0000000E+00   0.0000000E+00
   1.5389022E+03   0.0000000E+00   0.0000000E+00   0.0000000E+00   0.0000000E+00
   1.5389097E+03   0.0000000E+00   0.0000000E+00   0.0000000E+00   0.0000000E+00
   1.5389172E+03   0.0000000E+00   0.0000000E+00   0.0000000E+00   0.0000000E+00
   1.5389248E+03   0.0000000E+00   0.0000000E+00   0.0000000E+00   0.0000000E+00
   1.5389323E+03   0.0000000E+00   0.0000000E+00   0.0000000E+00   0.0000000E+00
   1.5389398E+03   0.0000000E+00   0.0000000E+00   0.0000000E+00   0.0000000E+00
   1.5389474E+03   0.0000000E+00   0.0000000E+00   0.0000000E+00   0.0000000E+00
   1.5389549E+03   0.0000000E+00   0.0000000E+00   0.0000000E+00   0.0000000E+00
   1.5389624E+03   0.0000000E+00   0.0000000E+00   0.0000000E+00   0.0000000E+00
   1.5389699E+03   0.0000000E+00   0.0000000E+00   0.0000000E+00   0.0000000E+00
   1.5389775E+03   0.0000000E+00   0.0000000E+00   0.0000000E+00   0.0000000E+00
   1.5389850E+03   0.0000000E+00   0.0000000E+00   0.0000000E+00   0.0000000E+00
   1.5389925E+03   0.0000000E+00   0.0000000E+00   0.0000000E+00   0.0000000E+00
   1.5390001E+03   0.0000000E+00   0.0000000E+00   0.0000000E+00   0.0000000E+00
   1.5390076E+03   0.0000000E+00   0.0000000E+00   0.0000000E+00   0.0000000E+00
   1.5390151E+03   0.0000000E+00   0.0000000E+00   0.0000000E+00   0.0000000E+00
   1.5390226E+03   0.0000000E+00   0.0000000E+00   0.0000000E+00   0.0000000E+00
   1.5390302E+03   0.0000000E+00   0.0000000E+00   0.0000000E+00   0.0000000E+00
   1.5390377E+03   0.0000000E+00   0.0000000E+00   0.0000000E+00   0.0000000E+00
   1.5390452E+03   0.0000000E+00   0.0000000E+00   0.0000000E+00   0.0000000E+00
   1.5390528E+03   0.0000000E+00   0.0000000E+00   0.0000000E+00   0.0000000E+00
   1.5390603E+03   0.0000000E+00   0.0000000E+00   0.0000000E+00   0.0000000E+00
   1.5390678E+03   0.0000000E+00   0.0000000E+00   0.0000000E+00   0.0000000E+00
   1.5390753E+03   0.0000000E+00   0.0000000E+00   0.0000000E+00   0.0000000E+00
   1.5390829E+03   0.0000000E+00   0.0000000E+00   0.0000000E+00   0.0000000E+00
   1.5390904E+03   0.0000000E+00   0.0000000E+00   0.0000000E+00   0.0000000E+00
   1.5390979E+03   0.0000000E+00   0.0000000E+00   0.0000000E+00   0.0000000E+00
   1.5391055E+03   0.0000000E+00   0.0000000E+00   0.0000000E+00   0.0000000E+00
   1.5391130E+03   0.0000000E+00   0.0000000E+00   0.0000000E+00   0.0000000E+00
   1.5391205E+03   0.0000000E+00   0.0000000E+00   0.0000000E+00   0.0000000E+00
   1.5391280E+03   0.0000000E+00   0.0000000E+00   0.0000000E+00   0.0000000E+00
   1.5391356E+03   0.0000000E+00   0.0000000E+00   0.0000000E+00   0.0000000E+00
   1.5391431E+03   0.0000000E+00   0.0000000E+00   0.0000000E+00   0.0000000E+00
   1.5391506E+03   0.0000000E+00   0.0000000E+00   0.0000000E+00   0.0000000E+00
   1.5391582E+03   0.0000000E+00   0.0000000E+00   0.0000000E+00   0.0000000E+00
   1.5391657E+03   0.0000000E+00   0.0000000E+00   0.0000000E+00   0.0000000E+00
   1.5391732E+03   0.0000000E+00   0.0000000E+00   0.0000000E+00   0.0000000E+00
   1.5391807E+03   0.0000000E+00   0.0000000E+00   0.0000000E+00   0.0000000E+00
   1.5391883E+03   0.0000000E+00   0.0000000E+00   0.0000000E+00   0.0000000E+00
   1.5391958E+03   0.0000000E+00   0.0000000E+00   0.0000000E+00   0.0000000E+00
   1.5392033E+03   0.0000000E+00   0.0000000E+00   0.0000000E+00   0.0000000E+00
   1.5392109E+03   0.0000000E+00   0.0000000E+00   0.0000000E+00   0.0000000E+00
   1.5392184E+03   0.0000000E+00   0.0000000E+00   0.0000000E+00   0.0000000E+00
   1.5392259E+03   0.0000000E+00   0.0000000E+00   0.0000000E+00   0.0000000E+00
   1.5392334E+03   0.0000000E+00   0.0000000E+00   0.0000000E+00   0.0000000E+00
   1.5392410E+03   0.0000000E+00   0.0000000E+00   0.0000000E+00   0.0000000E+00
   1.5392485E+03   0.0000000E+00   0.0000000E+00   0.0000000E+00   0.0000000E+00
   1.5392560E+03   0.0000000E+00   0.0000000E+00   0.0000000E+00   0.0000000E+00
   1.5392636E+03   0.0000000E+00   0.0000000E+00   0.0000000E+00   0.0000000E+00
   1.5392711E+03   0.0000000E+00   0.0000000E+00   0.0000000E+00   0.0000000E+00
   1.5392786E+03   0.0000000E+00   0.0000000E+00   0.0000000E+00   0.0000000E+00
   1.5392861E+03   0.0000000E+00   0.0000000E+00   0.0000000E+00   0.0000000E+00
   1.5392937E+03   0.0000000E+00   0.0000000E+00   0.0000000E+00   0.0000000E+00
   1.5393012E+03   0.0000000E+00   0.0000000E+00   0.0000000E+00   0.0000000E+00
   1.5393087E+03   0.0000000E+00   0.0000000E+00   0.0000000E+00   0.0000000E+00
   1.5393162E+03   0.0000000E+00   0.0000000E+00   0.0000000E+00   0.0000000E+00
   1.5393238E+03   0.0000000E+00   0.0000000E+00   0.0000000E+00   0.0000000E+00
   1.5393313E+03   0.0000000E+00   0.0000000E+00   0.0000000E+00   0.0000000E+00
   1.5393388E+03   0.0000000E+00   0.0000000E+00   0.0000000E+00   0.0000000E+00
   1.5393464E+03   0.0000000E+00   0.0000000E+00   0.0000000E+00   0.0000000E+00
   1.5393539E+03   0.0000000E+00   0.0000000E+00   0.0000000E+00   0.0000000E+00
   1.5393614E+03   0.0000000E+00   0.0000000E+00   0.0000000E+00   0.0000000E+00
   1.5393689E+03   0.0000000E+00   0.0000000E+00   0.0000000E+00   0.0000000E+00
   1.5393765E+03   0.0000000E+00   0.0000000E+00   0.0000000E+00   0.0000000E+00
   1.5393840E+03   0.0000000E+00   0.0000000E+00   0.0000000E+00   0.0000000E+00
   1.5393915E+03   0.0000000E+00   0.0000000E+00   0.0000000E+00   0.0000000E+00
   1.5393991E+03   0.0000000E+00   0.0000000E+00   0.0000000E+00   0.0000000E+00
   1.5394066E+03   0.0000000E+00   0.0000000E+00   0.0000000E+00   0.0000000E+00
   1.5394141E+03   0.0000000E+00   0.0000000E+00   0.0000000E+00   0.0000000E+00
   1.5394216E+03   0.0000000E+00   0.0000000E+00   0.0000000E+00   0.0000000E+00
   1.5394292E+03   0.0000000E+00   0.0000000E+00   0.0000000E+00   0.0000000E+00
   1.5394367E+03   0.0000000E+00   0.0000000E+00   0.0000000E+00   0.0000000E+00
   1.5394442E+03   0.0000000E+00   0.0000000E+00   0.0000000E+00   0.0000000E+00
   1.5394518E+03   0.0000000E+00   0.0000000E+00   0.0000000E+00   0.0000000E+00
   1.5394593E+03   0.0000000E+00   0.0000000E+00   0.0000000E+00   0.0000000E+00
   1.5394668E+03   0.0000000E+00   0.0000000E+00   0.0000000E+00   0.0000000E+00
   1.5394743E+03   0.0000000E+00   0.0000000E+00   0.0000000E+00   0.0000000E+00
   1.5394819E+03   0.0000000E+00   0.0000000E+00   0.0000000E+00   0.0000000E+00
   1.5394894E+03   0.0000000E+00   0.0000000E+00   0.0000000E+00   0.0000000E+00
   1.5394969E+03   0.0000000E+00   0.0000000E+00   0.0000000E+00   0.0000000E+00
   1.5395045E+03   0.0000000E+00   0.0000000E+00   0.0000000E+00   0.0000000E+00
   1.5395120E+03   0.0000000E+00   0.0000000E+00   0.0000000E+00   0.0000000E+00
   1.5395195E+03   0.0000000E+00   0.0000000E+00   0.0000000E+00   0.0000000E+00
   1.5395270E+03   0.0000000E+00   0.0000000E+00   0.0000000E+00   0.0000000E+00
   1.5395346E+03   0.0000000E+00   0.0000000E+00   0.0000000E+00   0.0000000E+00
   1.5395421E+03   0.0000000E+00   0.0000000E+00   0.0000000E+00   0.0000000E+00
   1.5395496E+03   0.0000000E+00   0.0000000E+00   0.0000000E+00   0.0000000E+00
   1.5395572E+03   0.0000000E+00   0.0000000E+00   0.0000000E+00   0.0000000E+00
   1.5395647E+03   0.0000000E+00   0.0000000E+00   0.0000000E+00   0.0000000E+00
   1.5395722E+03   0.0000000E+00   0.0000000E+00   0.0000000E+00   0.0000000E+00
   1.5395797E+03   0.0000000E+00   0.0000000E+00   0.0000000E+00   0.0000000E+00
   1.5395873E+03   0.0000000E+00   0.0000000E+00   0.0000000E+00   0.0000000E+00
   1.5395948E+03   0.0000000E+00   0.0000000E+00   0.0000000E+00   0.0000000E+00
   1.5396023E+03   0.0000000E+00   0.0000000E+00   0.0000000E+00   0.0000000E+00
   1.5396099E+03   0.0000000E+00   0.0000000E+00   0.0000000E+00   0.0000000E+00
   1.5396174E+03   0.0000000E+00   0.0000000E+00   0.0000000E+00   0.0000000E+00
   1.5396249E+03   0.0000000E+00   0.0000000E+00   0.0000000E+00   0.0000000E+00
   1.5396324E+03   0.0000000E+00   0.0000000E+00   0.0000000E+00   0.0000000E+00
   1.5396400E+03   0.0000000E+00   0.0000000E+00   0.0000000E+00   0.0000000E+00
   1.5396475E+03   0.0000000E+00   0.0000000E+00   0.0000000E+00   0.0000000E+00
   1.5396550E+03   0.0000000E+00   0.0000000E+00   0.0000000E+00   0.0000000E+00
   1.5396626E+03   0.0000000E+00   0.0000000E+00   0.0000000E+00   0.0000000E+00
   1.5396701E+03   0.0000000E+00   0.0000000E+00   0.0000000E+00   0.0000000E+00
   1.5396776E+03   0.0000000E+00   0.0000000E+00   0.0000000E+00   0.0000000E+00
   1.5396851E+03   0.0000000E+00   0.0000000E+00   0.0000000E+00   0.0000000E+00
   1.5396927E+03   0.0000000E+00   0.0000000E+00   0.0000000E+00   0.0000000E+00
   1.5397002E+03   0.0000000E+00   0.0000000E+00   0.0000000E+00   0.0000000E+00
   1.5397077E+03   0.0000000E+00   0.0000000E+00   0.0000000E+00   0.0000000E+00
   1.5397153E+03   0.0000000E+00   0.0000000E+00   0.0000000E+00   0.0000000E+00
   1.5397228E+03   0.0000000E+00   0.0000000E+00   0.0000000E+00   0.0000000E+00
   1.5397303E+03   0.0000000E+00   0.0000000E+00   0.0000000E+00   0.0000000E+00
   1.5397378E+03   0.0000000E+00   0.0000000E+00   0.0000000E+00   0.0000000E+00
   1.5397454E+03   0.0000000E+00   0.0000000E+00   0.0000000E+00   0.0000000E+00
   1.5397529E+03   0.0000000E+00   0.0000000E+00   0.0000000E+00   0.0000000E+00
   1.5397604E+03   0.0000000E+00   0.0000000E+00   0.0000000E+00   0.0000000E+00
   1.5397679E+03   0.0000000E+00   0.0000000E+00   0.0000000E+00   0.0000000E+00
   1.5397755E+03   0.0000000E+00   0.0000000E+00   0.0000000E+00   0.0000000E+00
   1.5397830E+03   0.0000000E+00   0.0000000E+00   0.0000000E+00   0.0000000E+00
   1.5397905E+03   0.0000000E+00   0.0000000E+00   0.0000000E+00   0.0000000E+00
   1.5397981E+03   0.0000000E+00   0.0000000E+00   0.0000000E+00   0.0000000E+00
   1.5398056E+03   0.0000000E+00   0.0000000E+00   0.0000000E+00   0.0000000E+00
   1.5398131E+03   0.0000000E+00   0.0000000E+00   0.0000000E+00   0.0000000E+00
   1.5398206E+03   0.0000000E+00   0.0000000E+00   0.0000000E+00   0.0000000E+00
   1.5398282E+03   0.0000000E+00   0.0000000E+00   0.0000000E+00   0.0000000E+00
   1.5398357E+03   0.0000000E+00   0.0000000E+00   0.0000000E+00   0.0000000E+00
   1.5398432E+03   0.0000000E+00   0.0000000E+00   0.0000000E+00   0.0000000E+00
   1.5398508E+03   0.0000000E+00   0.0000000E+00   0.0000000E+00   0.0000000E+00
   1.5398583E+03   0.0000000E+00   0.0000000E+00   0.0000000E+00   0.0000000E+00
   1.5398658E+03   0.0000000E+00   0.0000000E+00   0.0000000E+00   0.0000000E+00
   1.5398733E+03   0.0000000E+00   0.0000000E+00   0.0000000E+00   0.0000000E+00
   1.5398809E+03   0.0000000E+00   0.0000000E+00   0.0000000E+00   0.0000000E+00
   1.5398884E+03   0.0000000E+00   0.0000000E+00   0.0000000E+00   0.0000000E+00
   1.5398959E+03   0.0000000E+00   0.0000000E+00   0.0000000E+00   0.0000000E+00
   1.5399035E+03   0.0000000E+00   0.0000000E+00   0.0000000E+00   0.0000000E+00
   1.5399110E+03   0.0000000E+00   0.0000000E+00   0.0000000E+00   0.0000000E+00
   1.5399185E+03   0.0000000E+00   0.0000000E+00   0.0000000E+00   0.0000000E+00
   1.5399260E+03   0.0000000E+00   0.0000000E+00   0.0000000E+00   0.0000000E+00
   1.5399336E+03   0.0000000E+00   0.0000000E+00   0.0000000E+00   0.0000000E+00
   1.5399411E+03   0.0000000E+00   0.0000000E+00   0.0000000E+00   0.0000000E+00
   1.5399486E+03   0.0000000E+00   0.0000000E+00   0.0000000E+00   0.0000000E+00
   1.5399562E+03   0.0000000E+00   0.0000000E+00   0.0000000E+00   0.0000000E+00
   1.5399637E+03   0.0000000E+00   0.0000000E+00   0.0000000E+00   0.0000000E+00
   1.5399712E+03   0.0000000E+00   0.0000000E+00   0.0000000E+00   0.0000000E+00
   1.5399787E+03   0.0000000E+00   0.0000000E+00   0.0000000E+00   0.0000000E+00
   1.5399863E+03   0.0000000E+00   0.0000000E+00   0.0000000E+00   0.0000000E+00
   1.5399938E+03   0.0000000E+00   0.0000000E+00   0.0000000E+00   0.0000000E+00
   1.5400013E+03   0.0000000E+00   0.0000000E+00   0.0000000E+00   0.0000000E+00
   1.5400089E+03   0.0000000E+00   0.0000000E+00   0.0000000E+00   0.0000000E+00
   1.5400164E+03   0.0000000E+00   0.0000000E+00   0.0000000E+00   0.0000000E+00
   1.5400239E+03   0.0000000E+00   0.0000000E+00   0.0000000E+00   0.0000000E+00
   1.5400314E+03   0.0000000E+00   0.0000000E+00   0.0000000E+00   0.0000000E+00
   1.5400390E+03   0.0000000E+00   0.0000000E+00   0.0000000E+00   0.0000000E+00
   1.5400465E+03   0.0000000E+00   0.0000000E+00   0.0000000E+00   0.0000000E+00
   1.5400540E+03   0.0000000E+00   0.0000000E+00   0.0000000E+00   0.0000000E+00
   1.5400616E+03   0.0000000E+00   0.0000000E+00   0.0000000E+00   0.0000000E+00
   1.5400691E+03   0.0000000E+00   0.0000000E+00   0.0000000E+00   0.0000000E+00
   1.5400766E+03   0.0000000E+00   0.0000000E+00   0.0000000E+00   0.0000000E+00
   1.5400841E+03   0.0000000E+00   0.0000000E+00   0.0000000E+00   0.0000000E+00
   1.5400917E+03   0.0000000E+00   0.0000000E+00   0.0000000E+00   0.0000000E+00
   1.5400992E+03   0.0000000E+00   0.0000000E+00   0.0000000E+00   0.0000000E+00
   1.5401067E+03   0.0000000E+00   0.0000000E+00   0.0000000E+00   0.0000000E+00
   1.5401143E+03   0.0000000E+00   0.0000000E+00   0.0000000E+00   0.0000000E+00
   1.5401218E+03   0.0000000E+00   0.0000000E+00   0.0000000E+00   0.0000000E+00
   1.5401293E+03   0.0000000E+00   0.0000000E+00   0.0000000E+00   0.0000000E+00
   1.5401368E+03   0.0000000E+00   0.0000000E+00   0.0000000E+00   0.0000000E+00
   1.5401444E+03   0.0000000E+00   0.0000000E+00   0.0000000E+00   0.0000000E+00
   1.5401519E+03   0.0000000E+00   0.0000000E+00   0.0000000E+00   0.0000000E+00
   1.5401594E+03   0.0000000E+00   0.0000000E+00   0.0000000E+00   0.0000000E+00
   1.5401670E+03   0.0000000E+00   0.0000000E+00   0.0000000E+00   0.0000000E+00
   1.5401745E+03   0.0000000E+00   0.0000000E+00   0.0000000E+00   0.0000000E+00
   1.5401820E+03   0.0000000E+00   0.0000000E+00   0.0000000E+00   0.0000000E+00
   1.5401895E+03   0.0000000E+00   0.0000000E+00   0.0000000E+00   0.0000000E+00
   1.5401971E+03   0.0000000E+00   0.0000000E+00   0.0000000E+00   0.0000000E+00
   1.5402046E+03   0.0000000E+00   0.0000000E+00   0.0000000E+00   0.0000000E+00
   1.5402121E+03   0.0000000E+00   0.0000000E+00   0.0000000E+00   0.0000000E+00
   1.5402197E+03   0.0000000E+00   0.0000000E+00   0.0000000E+00   0.0000000E+00
   1.5402272E+03   0.0000000E+00   0.0000000E+00   0.0000000E+00   0.0000000E+00
   1.5402347E+03   0.0000000E+00   0.0000000E+00   0.0000000E+00   0.0000000E+00
   1.5402422E+03   0.0000000E+00   0.0000000E+00   0.0000000E+00   0.0000000E+00
   1.5402498E+03   0.0000000E+00   0.0000000E+00   0.0000000E+00   0.0000000E+00
   1.5402573E+03   0.0000000E+00   0.0000000E+00   0.0000000E+00   0.0000000E+00
   1.5402648E+03   0.0000000E+00   0.0000000E+00   0.0000000E+00   0.0000000E+00
   1.5402723E+03   0.0000000E+00   0.0000000E+00   0.0000000E+00   0.0000000E+00
   1.5402799E+03   0.0000000E+00   0.0000000E+00   0.0000000E+00   0.0000000E+00
   1.5402874E+03   0.0000000E+00   0.0000000E+00   0.0000000E+00   0.0000000E+00
   1.5402949E+03   0.0000000E+00   0.0000000E+00   0.0000000E+00   0.0000000E+00
   1.5403025E+03   0.0000000E+00   0.0000000E+00   0.0000000E+00   0.0000000E+00
   1.5403100E+03   0.0000000E+00   0.0000000E+00   0.0000000E+00   0.0000000E+00
   1.5403175E+03   0.0000000E+00   0.0000000E+00   0.0000000E+00   0.0000000E+00
   1.5403250E+03   0.0000000E+00   0.0000000E+00   0.0000000E+00   0.0000000E+00
   1.5403326E+03   0.0000000E+00   0.0000000E+00   0.0000000E+00   0.0000000E+00
   1.5403401E+03   0.0000000E+00   0.0000000E+00   0.0000000E+00   0.0000000E+00
   1.5403476E+03   0.0000000E+00   0.0000000E+00   0.0000000E+00   0.0000000E+00
   1.5403552E+03   0.0000000E+00   0.0000000E+00   0.0000000E+00   0.0000000E+00
   1.5403627E+03   0.0000000E+00   0.0000000E+00   0.0000000E+00   0.0000000E+00
   1.5403702E+03   0.0000000E+00   0.0000000E+00   0.0000000E+00   0.0000000E+00
   1.5403777E+03   0.0000000E+00   0.0000000E+00   0.0000000E+00   0.0000000E+00
   1.5403853E+03   0.0000000E+00   0.0000000E+00   0.0000000E+00   0.0000000E+00
   1.5403928E+03   0.0000000E+00   0.0000000E+00   0.0000000E+00   0.0000000E+00
   1.5404003E+03   0.0000000E+00   0.0000000E+00   0.0000000E+00   0.0000000E+00
   1.5404079E+03   0.0000000E+00   0.0000000E+00   0.0000000E+00   0.0000000E+00
   1.5404154E+03   0.0000000E+00   0.0000000E+00   0.0000000E+00   0.0000000E+00
   1.5404229E+03   0.0000000E+00   0.0000000E+00   0.0000000E+00   0.0000000E+00
   1.5404304E+03   0.0000000E+00   0.0000000E+00   0.0000000E+00   0.0000000E+00
   1.5404380E+03   0.0000000E+00   0.0000000E+00   0.0000000E+00   0.0000000E+00
   1.5404455E+03   0.0000000E+00   0.0000000E+00   0.0000000E+00   0.0000000E+00
   1.5404530E+03   0.0000000E+00   0.0000000E+00   0.0000000E+00   0.0000000E+00
   1.5404606E+03   0.0000000E+00   0.0000000E+00   0.0000000E+00   0.0000000E+00
   1.5404681E+03   0.0000000E+00   0.0000000E+00   0.0000000E+00   0.0000000E+00
   1.5404756E+03   0.0000000E+00   0.0000000E+00   0.0000000E+00   0.0000000E+00
   1.5404831E+03   0.0000000E+00   0.0000000E+00   0.0000000E+00   0.0000000E+00
   1.5404907E+03   0.0000000E+00   0.0000000E+00   0.0000000E+00   0.0000000E+00
   1.5404982E+03   0.0000000E+00   0.0000000E+00   0.0000000E+00   0.0000000E+00
   1.5405057E+03   0.0000000E+00   0.0000000E+00   0.0000000E+00   0.0000000E+00
   1.5405133E+03   0.0000000E+00   0.0000000E+00   0.0000000E+00   0.0000000E+00
   1.5405208E+03   0.0000000E+00   0.0000000E+00   0.0000000E+00   0.0000000E+00
   1.5405283E+03   0.0000000E+00   0.0000000E+00   0.0000000E+00   0.0000000E+00
   1.5405358E+03   0.0000000E+00   0.0000000E+00   0.0000000E+00   0.0000000E+00
   1.5405434E+03   0.0000000E+00   0.0000000E+00   0.0000000E+00   0.0000000E+00
   1.5405509E+03   0.0000000E+00   0.0000000E+00   0.0000000E+00   0.0000000E+00
   1.5405584E+03   0.0000000E+00   0.0000000E+00   0.0000000E+00   0.0000000E+00
   1.5405660E+03   0.0000000E+00   0.0000000E+00   0.0000000E+00   0.0000000E+00
   1.5405735E+03   0.0000000E+00   0.0000000E+00   0.0000000E+00   0.0000000E+00
   1.5405810E+03   0.0000000E+00   0.0000000E+00   0.0000000E+00   0.0000000E+00
   1.5405885E+03   0.0000000E+00   0.0000000E+00   0.0000000E+00   0.0000000E+00
   1.5405961E+03   0.0000000E+00   0.0000000E+00   0.0000000E+00   0.0000000E+00
   1.5406036E+03   0.0000000E+00   0.0000000E+00   0.0000000E+00   0.0000000E+00
   1.5406111E+03   0.0000000E+00   0.0000000E+00   0.0000000E+00   0.0000000E+00
   1.5406187E+03   0.0000000E+00   0.0000000E+00   0.0000000E+00   0.0000000E+00
   1.5406262E+03   0.0000000E+00   0.0000000E+00   0.0000000E+00   0.0000000E+00
   1.5406337E+03   0.0000000E+00   0.0000000E+00   0.0000000E+00   0.0000000E+00
   1.5406412E+03   0.0000000E+00   0.0000000E+00   0.0000000E+00   0.0000000E+00
   1.5406488E+03   0.0000000E+00   0.0000000E+00   0.0000000E+00   0.0000000E+00
   1.5406563E+03   0.0000000E+00   0.0000000E+00   0.0000000E+00   0.0000000E+00
   1.5406638E+03   0.0000000E+00   0.0000000E+00   0.0000000E+00   0.0000000E+00
   1.5406713E+03   0.0000000E+00   0.0000000E+00   0.0000000E+00   0.0000000E+00
   1.5406789E+03   0.0000000E+00   0.0000000E+00   0.0000000E+00   0.0000000E+00
   1.5406864E+03   0.0000000E+00   0.0000000E+00   0.0000000E+00   0.0000000E+00
   1.5406939E+03   0.0000000E+00   0.0000000E+00   0.0000000E+00   0.0000000E+00
   1.5407015E+03   0.0000000E+00   0.0000000E+00   0.0000000E+00   0.0000000E+00
   1.5407090E+03   0.0000000E+00   0.0000000E+00   0.0000000E+00   0.0000000E+00
   1.5407165E+03   0.0000000E+00   0.0000000E+00   0.0000000E+00   0.0000000E+00
   1.5407240E+03   0.0000000E+00   0.0000000E+00   0.0000000E+00   0.0000000E+00
   1.5407316E+03   0.0000000E+00   0.0000000E+00   0.0000000E+00   0.0000000E+00
   1.5407391E+03   0.0000000E+00   0.0000000E+00   0.0000000E+00   0.0000000E+00
   1.5407466E+03   0.0000000E+00   0.0000000E+00   0.0000000E+00   0.0000000E+00
   1.5407542E+03   0.0000000E+00   0.0000000E+00   0.0000000E+00   0.0000000E+00
   1.5407617E+03   0.0000000E+00   0.0000000E+00   0.0000000E+00   0.0000000E+00
   1.5407692E+03   0.0000000E+00   0.0000000E+00   0.0000000E+00   0.0000000E+00
   1.5407767E+03   0.0000000E+00   0.0000000E+00   0.0000000E+00   0.0000000E+00
   1.5407843E+03   0.0000000E+00   0.0000000E+00   0.0000000E+00   0.0000000E+00
   1.5407918E+03   0.0000000E+00   0.0000000E+00   0.0000000E+00   0.0000000E+00
   1.5407993E+03   0.0000000E+00   0.0000000E+00   0.0000000E+00   0.0000000E+00
   1.5408069E+03   0.0000000E+00   0.0000000E+00   0.0000000E+00   0.0000000E+00
   1.5408144E+03   0.0000000E+00   0.0000000E+00   0.0000000E+00   0.0000000E+00
   1.5408219E+03   0.0000000E+00   0.0000000E+00   0.0000000E+00   0.0000000E+00
   1.5408294E+03   0.0000000E+00   0.0000000E+00   0.0000000E+00   0.0000000E+00
   1.5408370E+03   0.0000000E+00   0.0000000E+00   0.0000000E+00   0.0000000E+00
   1.5408445E+03   0.0000000E+00   0.0000000E+00   0.0000000E+00   0.0000000E+00
   1.5408520E+03   0.0000000E+00   0.0000000E+00   0.0000000E+00   0.0000000E+00
   1.5408596E+03   0.0000000E+00   0.0000000E+00   0.0000000E+00   0.0000000E+00
   1.5408671E+03   0.0000000E+00   0.0000000E+00   0.0000000E+00   0.0000000E+00
   1.5408746E+03   0.0000000E+00   0.0000000E+00   0.0000000E+00   0.0000000E+00
   1.5408821E+03   0.0000000E+00   0.0000000E+00   0.0000000E+00   0.0000000E+00
   1.5408897E+03   0.0000000E+00   0.0000000E+00   0.0000000E+00   0.0000000E+00
   1.5408972E+03   0.0000000E+00   0.0000000E+00   0.0000000E+00   0.0000000E+00
   1.5409047E+03   0.0000000E+00   0.0000000E+00   0.0000000E+00   0.0000000E+00
   1.5409123E+03   0.0000000E+00   0.0000000E+00   0.0000000E+00   0.0000000E+00
   1.5409198E+03   0.0000000E+00   0.0000000E+00   0.0000000E+00   0.0000000E+00
   1.5409273E+03   0.0000000E+00   0.0000000E+00   0.0000000E+00   0.0000000E+00
   1.5409348E+03   0.0000000E+00   0.0000000E+00   0.0000000E+00   0.0000000E+00
   1.5409424E+03   0.0000000E+00   0.0000000E+00   0.0000000E+00   0.0000000E+00
   1.5409499E+03   0.0000000E+00   0.0000000E+00   0.0000000E+00   0.0000000E+00
   1.5409574E+03   0.0000000E+00   0.0000000E+00   0.0000000E+00   0.0000000E+00
   1.5409650E+03   0.0000000E+00   0.0000000E+00   0.0000000E+00   0.0000000E+00
   1.5409725E+03   0.0000000E+00   0.0000000E+00   0.0000000E+00   0.0000000E+00
   1.5409800E+03   0.0000000E+00   0.0000000E+00   0.0000000E+00   0.0000000E+00
   1.5409875E+03   0.0000000E+00   0.0000000E+00   0.0000000E+00   0.0000000E+00
   1.5409951E+03   0.0000000E+00   0.0000000E+00   0.0000000E+00   0.0000000E+00
   1.5410026E+03   0.0000000E+00   0.0000000E+00   0.0000000E+00   0.0000000E+00
   1.5410101E+03   0.0000000E+00   0.0000000E+00   0.0000000E+00   0.0000000E+00
   1.5410177E+03   0.0000000E+00   0.0000000E+00   0.0000000E+00   0.0000000E+00
   1.5410252E+03   0.0000000E+00   0.0000000E+00   0.0000000E+00   0.0000000E+00
   1.5410327E+03   0.0000000E+00   0.0000000E+00   0.0000000E+00   0.0000000E+00
   1.5410402E+03   0.0000000E+00   0.0000000E+00   0.0000000E+00   0.0000000E+00
   1.5410478E+03   0.0000000E+00   0.0000000E+00   0.0000000E+00   0.0000000E+00
   1.5410553E+03   0.0000000E+00   0.0000000E+00   0.0000000E+00   0.0000000E+00
   1.5410628E+03   0.0000000E+00   0.0000000E+00   0.0000000E+00   0.0000000E+00
   1.5410704E+03   0.0000000E+00   0.0000000E+00   0.0000000E+00   0.0000000E+00
   1.5410779E+03   0.0000000E+00   0.0000000E+00   0.0000000E+00   0.0000000E+00
   1.5410854E+03   0.0000000E+00   0.0000000E+00   0.0000000E+00   0.0000000E+00
   1.5410929E+03   0.0000000E+00   0.0000000E+00   0.0000000E+00   0.0000000E+00
   1.5411005E+03   0.0000000E+00   0.0000000E+00   0.0000000E+00   0.0000000E+00
   1.5411080E+03   0.0000000E+00   0.0000000E+00   0.0000000E+00   0.0000000E+00
   1.5411155E+03   0.0000000E+00   0.0000000E+00   0.0000000E+00   0.0000000E+00
   1.5411230E+03   0.0000000E+00   0.0000000E+00   0.0000000E+00   0.0000000E+00
   1.5411306E+03   0.0000000E+00   0.0000000E+00   0.0000000E+00   0.0000000E+00
   1.5411381E+03   0.0000000E+00   0.0000000E+00   0.0000000E+00   0.0000000E+00
   1.5411456E+03   0.0000000E+00   0.0000000E+00   0.0000000E+00   0.0000000E+00
   1.5411532E+03   0.0000000E+00   0.0000000E+00   0.0000000E+00   0.0000000E+00
   1.5411607E+03   0.0000000E+00   0.0000000E+00   0.0000000E+00   0.0000000E+00
   1.5411682E+03   0.0000000E+00   0.0000000E+00   0.0000000E+00   0.0000000E+00
   1.5411757E+03   0.0000000E+00   0.0000000E+00   0.0000000E+00   0.0000000E+00
   1.5411833E+03   0.0000000E+00   0.0000000E+00   0.0000000E+00   0.0000000E+00
   1.5411908E+03   0.0000000E+00   0.0000000E+00   0.0000000E+00   0.0000000E+00
   1.5411983E+03   0.0000000E+00   0.0000000E+00   0.0000000E+00   0.0000000E+00
   1.5412059E+03   0.0000000E+00   0.0000000E+00   0.0000000E+00   0.0000000E+00
   1.5412134E+03   0.0000000E+00   0.0000000E+00   0.0000000E+00   0.0000000E+00
   1.5412209E+03   0.0000000E+00   0.0000000E+00   0.0000000E+00   0.0000000E+00
   1.5412284E+03   0.0000000E+00   0.0000000E+00   0.0000000E+00   0.0000000E+00
   1.5412360E+03   0.0000000E+00   0.0000000E+00   0.0000000E+00   0.0000000E+00
   1.5412435E+03   0.0000000E+00   0.0000000E+00   0.0000000E+00   0.0000000E+00
   1.5412510E+03   0.0000000E+00   0.0000000E+00   0.0000000E+00   0.0000000E+00
   1.5412586E+03   0.0000000E+00   0.0000000E+00   0.0000000E+00   0.0000000E+00
   1.5412661E+03   0.0000000E+00   0.0000000E+00   0.0000000E+00   0.0000000E+00
   1.5412736E+03   0.0000000E+00   0.0000000E+00   0.0000000E+00   0.0000000E+00
   1.5412811E+03   0.0000000E+00   0.0000000E+00   0.0000000E+00   0.0000000E+00
   1.5412887E+03   0.0000000E+00   0.0000000E+00   0.0000000E+00   0.0000000E+00
   1.5412962E+03   0.0000000E+00   0.0000000E+00   0.0000000E+00   0.0000000E+00
   1.5413037E+03   0.0000000E+00   0.0000000E+00   0.0000000E+00   0.0000000E+00
   1.5413113E+03   0.0000000E+00   0.0000000E+00   0.0000000E+00   0.0000000E+00
   1.5413188E+03   0.0000000E+00   0.0000000E+00   0.0000000E+00   0.0000000E+00
   1.5413263E+03   0.0000000E+00   0.0000000E+00   0.0000000E+00   0.0000000E+00
   1.5413338E+03   0.0000000E+00   0.0000000E+00   0.0000000E+00   0.0000000E+00
   1.5413414E+03   0.0000000E+00   0.0000000E+00   0.0000000E+00   0.0000000E+00
   1.5413489E+03   0.0000000E+00   0.0000000E+00   0.0000000E+00   0.0000000E+00
   1.5413564E+03   0.0000000E+00   0.0000000E+00   0.0000000E+00   0.0000000E+00
   1.5413640E+03   0.0000000E+00   0.0000000E+00   0.0000000E+00   0.0000000E+00
   1.5413715E+03   0.0000000E+00   0.0000000E+00   0.0000000E+00   0.0000000E+00
   1.5413790E+03   0.0000000E+00   0.0000000E+00   0.0000000E+00   0.0000000E+00
   1.5413865E+03   0.0000000E+00   0.0000000E+00   0.0000000E+00   0.0000000E+00
   1.5413941E+03   0.0000000E+00   0.0000000E+00   0.0000000E+00   0.0000000E+00
   1.5414016E+03   0.0000000E+00   0.0000000E+00   0.0000000E+00   0.0000000E+00
   1.5414091E+03   0.0000000E+00   0.0000000E+00   0.0000000E+00   0.0000000E+00
   1.5414167E+03   0.0000000E+00   0.0000000E+00   0.0000000E+00   0.0000000E+00
   1.5414242E+03   0.0000000E+00   0.0000000E+00   0.0000000E+00   0.0000000E+00
   1.5414317E+03   0.0000000E+00   0.0000000E+00   0.0000000E+00   0.0000000E+00
   1.5414392E+03   0.0000000E+00   0.0000000E+00   0.0000000E+00   0.0000000E+00
   1.5414468E+03   0.0000000E+00   0.0000000E+00   0.0000000E+00   0.0000000E+00
   1.5414543E+03   0.0000000E+00   0.0000000E+00   0.0000000E+00   0.0000000E+00
   1.5414618E+03   0.0000000E+00   0.0000000E+00   0.0000000E+00   0.0000000E+00
   1.5414694E+03   0.0000000E+00   0.0000000E+00   0.0000000E+00   0.0000000E+00
   1.5414769E+03   0.0000000E+00   0.0000000E+00   0.0000000E+00   0.0000000E+00
   1.5414844E+03   0.0000000E+00   0.0000000E+00   0.0000000E+00   0.0000000E+00
   1.5414919E+03   0.0000000E+00   0.0000000E+00   0.0000000E+00   0.0000000E+00
   1.5414995E+03   0.0000000E+00   0.0000000E+00   0.0000000E+00   0.0000000E+00
   1.5415070E+03   0.0000000E+00   0.0000000E+00   0.0000000E+00   0.0000000E+00
   1.5415145E+03   0.0000000E+00   0.0000000E+00   0.0000000E+00   0.0000000E+00
   1.5415221E+03   0.0000000E+00   0.0000000E+00   0.0000000E+00   0.0000000E+00
   1.5415296E+03   0.0000000E+00   0.0000000E+00   0.0000000E+00   0.0000000E+00
   1.5415371E+03   0.0000000E+00   0.0000000E+00   0.0000000E+00   0.0000000E+00
   1.5415446E+03   0.0000000E+00   0.0000000E+00   0.0000000E+00   0.0000000E+00
   1.5415522E+03   0.0000000E+00   0.0000000E+00   0.0000000E+00   0.0000000E+00
   1.5415597E+03   0.0000000E+00   0.0000000E+00   0.0000000E+00   0.0000000E+00
   1.5415672E+03   0.0000000E+00   0.0000000E+00   0.0000000E+00   0.0000000E+00
   1.5415747E+03   0.0000000E+00   0.0000000E+00   0.0000000E+00   0.0000000E+00
   1.5415823E+03   0.0000000E+00   0.0000000E+00   0.0000000E+00   0.0000000E+00
   1.5415898E+03   0.0000000E+00   0.0000000E+00   0.0000000E+00   0.0000000E+00
   1.5415973E+03   0.0000000E+00   0.0000000E+00   0.0000000E+00   0.0000000E+00
   1.5416049E+03   0.0000000E+00   0.0000000E+00   0.0000000E+00   0.0000000E+00
   1.5416124E+03   0.0000000E+00   0.0000000E+00   0.0000000E+00   0.0000000E+00
   1.5416199E+03   0.0000000E+00   0.0000000E+00   0.0000000E+00   0.0000000E+00
   1.5416274E+03   0.0000000E+00   0.0000000E+00   0.0000000E+00   0.0000000E+00
   1.5416350E+03   0.0000000E+00   0.0000000E+00   0.0000000E+00   0.0000000E+00
   1.5416425E+03   0.0000000E+00   0.0000000E+00   0.0000000E+00   0.0000000E+00
   1.5416500E+03   0.0000000E+00   0.0000000E+00   0.0000000E+00   0.0000000E+00
   1.5416576E+03   0.0000000E+00   0.0000000E+00   0.0000000E+00   0.0000000E+00
   1.5416651E+03   0.0000000E+00   0.0000000E+00   0.0000000E+00   0.0000000E+00
   1.5416726E+03   0.0000000E+00   0.0000000E+00   0.0000000E+00   0.0000000E+00
   1.5416801E+03   0.0000000E+00   0.0000000E+00   0.0000000E+00   0.0000000E+00
   1.5416877E+03   0.0000000E+00   0.0000000E+00   0.0000000E+00   0.0000000E+00
   1.5416952E+03   0.0000000E+00   0.0000000E+00   0.0000000E+00   0.0000000E+00
   1.5417027E+03   0.0000000E+00   0.0000000E+00   0.0000000E+00   0.0000000E+00
   1.5417103E+03   0.0000000E+00   0.0000000E+00   0.0000000E+00   0.0000000E+00
   1.5417178E+03   0.0000000E+00   0.0000000E+00   0.0000000E+00   0.0000000E+00
   1.5417253E+03   0.0000000E+00   0.0000000E+00   0.0000000E+00   0.0000000E+00
   1.5417328E+03   0.0000000E+00   0.0000000E+00   0.0000000E+00   0.0000000E+00
   1.5417404E+03   0.0000000E+00   0.0000000E+00   0.0000000E+00   0.0000000E+00
   1.5417479E+03   0.0000000E+00   0.0000000E+00   0.0000000E+00   0.0000000E+00
   1.5417554E+03   0.0000000E+00   0.0000000E+00   0.0000000E+00   0.0000000E+00
   1.5417630E+03   0.0000000E+00   0.0000000E+00   0.0000000E+00   0.0000000E+00
   1.5417705E+03   0.0000000E+00   0.0000000E+00   0.0000000E+00   0.0000000E+00
   1.5417780E+03   0.0000000E+00   0.0000000E+00   0.0000000E+00   0.0000000E+00
   1.5417855E+03   0.0000000E+00   0.0000000E+00   0.0000000E+00   0.0000000E+00
   1.5417931E+03   0.0000000E+00   0.0000000E+00   0.0000000E+00   0.0000000E+00
   1.5418006E+03   0.0000000E+00   0.0000000E+00   0.0000000E+00   0.0000000E+00
   1.5418081E+03   0.0000000E+00   0.0000000E+00   0.0000000E+00   0.0000000E+00
   1.5418157E+03   0.0000000E+00   0.0000000E+00   0.0000000E+00   0.0000000E+00
   1.5418232E+03   0.0000000E+00   0.0000000E+00   0.0000000E+00   0.0000000E+00
   1.5418307E+03   0.0000000E+00   0.0000000E+00   0.0000000E+00   0.0000000E+00
   1.5418382E+03   0.0000000E+00   0.0000000E+00   0.0000000E+00   0.0000000E+00
   1.5418458E+03   0.0000000E+00   0.0000000E+00   0.0000000E+00   0.0000000E+00
   1.5418533E+03   0.0000000E+00   0.0000000E+00   0.0000000E+00   0.0000000E+00
   1.5418608E+03   0.0000000E+00   0.0000000E+00   0.0000000E+00   0.0000000E+00
   1.5418684E+03   0.0000000E+00   0.0000000E+00   0.0000000E+00   0.0000000E+00
   1.5418759E+03   0.0000000E+00   0.0000000E+00   0.0000000E+00   0.0000000E+00
   1.5418834E+03   0.0000000E+00   0.0000000E+00   0.0000000E+00   0.0000000E+00
   1.5418909E+03   0.0000000E+00   0.0000000E+00   0.0000000E+00   0.0000000E+00
   1.5418985E+03   0.0000000E+00   0.0000000E+00   0.0000000E+00   0.0000000E+00
   1.5419060E+03   0.0000000E+00   0.0000000E+00   0.0000000E+00   0.0000000E+00
   1.5419135E+03   0.0000000E+00   0.0000000E+00   0.0000000E+00   0.0000000E+00
   1.5419211E+03   0.0000000E+00   0.0000000E+00   0.0000000E+00   0.0000000E+00
   1.5419286E+03   0.0000000E+00   0.0000000E+00   0.0000000E+00   0.0000000E+00
   1.5419361E+03   0.0000000E+00   0.0000000E+00   0.0000000E+00   0.0000000E+00
   1.5419436E+03   0.0000000E+00   0.0000000E+00   0.0000000E+00   0.0000000E+00
   1.5419512E+03   0.0000000E+00   0.0000000E+00   0.0000000E+00   0.0000000E+00
   1.5419587E+03   0.0000000E+00   0.0000000E+00   0.0000000E+00   0.0000000E+00
   1.5419662E+03   0.0000000E+00   0.0000000E+00   0.0000000E+00   0.0000000E+00
   1.5419738E+03   0.0000000E+00   0.0000000E+00   0.0000000E+00   0.0000000E+00
   1.5419813E+03   0.0000000E+00   0.0000000E+00   0.0000000E+00   0.0000000E+00
   1.5419888E+03   0.0000000E+00   0.0000000E+00   0.0000000E+00   0.0000000E+00
   1.5419963E+03   0.0000000E+00   0.0000000E+00   0.0000000E+00   0.0000000E+00
   1.5420039E+03   0.0000000E+00   0.0000000E+00   0.0000000E+00   0.0000000E+00
   1.5420114E+03   0.0000000E+00   0.0000000E+00   0.0000000E+00   0.0000000E+00
   1.5420189E+03   0.0000000E+00   0.0000000E+00   0.0000000E+00   0.0000000E+00
   1.5420264E+03   0.0000000E+00   0.0000000E+00   0.0000000E+00   0.0000000E+00
   1.5420340E+03   0.0000000E+00   0.0000000E+00   0.0000000E+00   0.0000000E+00
   1.5420415E+03   0.0000000E+00   0.0000000E+00   0.0000000E+00   0.0000000E+00
   1.5420490E+03   0.0000000E+00   0.0000000E+00   0.0000000E+00   0.0000000E+00
   1.5420566E+03   0.0000000E+00   0.0000000E+00   0.0000000E+00   0.0000000E+00
   1.5420641E+03   0.0000000E+00   0.0000000E+00   0.0000000E+00   0.0000000E+00
   1.5420716E+03   0.0000000E+00   0.0000000E+00   0.0000000E+00   0.0000000E+00
   1.5420791E+03   0.0000000E+00   0.0000000E+00   0.0000000E+00   0.0000000E+00
   1.5420867E+03   0.0000000E+00   0.0000000E+00   0.0000000E+00   0.0000000E+00
   1.5420942E+03   0.0000000E+00   0.0000000E+00   0.0000000E+00   0.0000000E+00
   1.5421017E+03   0.0000000E+00   0.0000000E+00   0.0000000E+00   0.0000000E+00
   1.5421093E+03   0.0000000E+00   0.0000000E+00   0.0000000E+00   0.0000000E+00
   1.5421168E+03   0.0000000E+00   0.0000000E+00   0.0000000E+00   0.0000000E+00
   1.5421243E+03   0.0000000E+00   0.0000000E+00   0.0000000E+00   0.0000000E+00
   1.5421318E+03   0.0000000E+00   0.0000000E+00   0.0000000E+00   0.0000000E+00
   1.5421394E+03   0.0000000E+00   0.0000000E+00   0.0000000E+00   0.0000000E+00
   1.5421469E+03   0.0000000E+00   0.0000000E+00   0.0000000E+00   0.0000000E+00
   1.5421544E+03   0.0000000E+00   0.0000000E+00   0.0000000E+00   0.0000000E+00
   1.5421620E+03   0.0000000E+00   0.0000000E+00   0.0000000E+00   0.0000000E+00
   1.5421695E+03   0.0000000E+00   0.0000000E+00   0.0000000E+00   0.0000000E+00
   1.5421770E+03   0.0000000E+00   0.0000000E+00   0.0000000E+00   0.0000000E+00
   1.5421845E+03   0.0000000E+00   0.0000000E+00   0.0000000E+00   0.0000000E+00
   1.5421921E+03   0.0000000E+00   0.0000000E+00   0.0000000E+00   0.0000000E+00
   1.5421996E+03   0.0000000E+00   0.0000000E+00   0.0000000E+00   0.0000000E+00
   1.5422071E+03   0.0000000E+00   0.0000000E+00   0.0000000E+00   0.0000000E+00
   1.5422147E+03   0.0000000E+00   0.0000000E+00   0.0000000E+00   0.0000000E+00
   1.5422222E+03   0.0000000E+00   0.0000000E+00   0.0000000E+00   0.0000000E+00
   1.5422297E+03   0.0000000E+00   0.0000000E+00   0.0000000E+00   0.0000000E+00
   1.5422372E+03   0.0000000E+00   0.0000000E+00   0.0000000E+00   0.0000000E+00
   1.5422448E+03   0.0000000E+00   0.0000000E+00   0.0000000E+00   0.0000000E+00
   1.5422523E+03   0.0000000E+00   0.0000000E+00   0.0000000E+00   0.0000000E+00
   1.5422598E+03   0.0000000E+00   0.0000000E+00   0.0000000E+00   0.0000000E+00
   1.5422674E+03   0.0000000E+00   0.0000000E+00   0.0000000E+00   0.0000000E+00
   1.5422749E+03   0.0000000E+00   0.0000000E+00   0.0000000E+00   0.0000000E+00
   1.5422824E+03   0.0000000E+00   0.0000000E+00   0.0000000E+00   0.0000000E+00
   1.5422899E+03   0.0000000E+00   0.0000000E+00   0.0000000E+00   0.0000000E+00
   1.5422975E+03   0.0000000E+00   0.0000000E+00   0.0000000E+00   0.0000000E+00
   1.5423050E+03   0.0000000E+00   0.0000000E+00   0.0000000E+00   0.0000000E+00
   1.5423125E+03   0.0000000E+00   0.0000000E+00   0.0000000E+00   0.0000000E+00
   1.5423201E+03   0.0000000E+00   0.0000000E+00   0.0000000E+00   0.0000000E+00
   1.5423276E+03   0.0000000E+00   0.0000000E+00   0.0000000E+00   0.0000000E+00
   1.5423351E+03   0.0000000E+00   0.0000000E+00   0.0000000E+00   0.0000000E+00
   1.5423426E+03   0.0000000E+00   0.0000000E+00   0.0000000E+00   0.0000000E+00
   1.5423502E+03   0.0000000E+00   0.0000000E+00   0.0000000E+00   0.0000000E+00
   1.5423577E+03   0.0000000E+00   0.0000000E+00   0.0000000E+00   0.0000000E+00
   1.5423652E+03   0.0000000E+00   0.0000000E+00   0.0000000E+00   0.0000000E+00
   1.5423728E+03   0.0000000E+00   0.0000000E+00   0.0000000E+00   0.0000000E+00
   1.5423803E+03   0.0000000E+00   0.0000000E+00   0.0000000E+00   0.0000000E+00
   1.5423878E+03   0.0000000E+00   0.0000000E+00   0.0000000E+00   0.0000000E+00
   1.5423953E+03   0.0000000E+00   0.0000000E+00   0.0000000E+00   0.0000000E+00
   1.5424029E+03   0.0000000E+00   0.0000000E+00   0.0000000E+00   0.0000000E+00
   1.5424104E+03   0.0000000E+00   0.0000000E+00   0.0000000E+00   0.0000000E+00
   1.5424179E+03   0.0000000E+00   0.0000000E+00   0.0000000E+00   0.0000000E+00
   1.5424255E+03   0.0000000E+00   0.0000000E+00   0.0000000E+00   0.0000000E+00
   1.5424330E+03   0.0000000E+00   0.0000000E+00   0.0000000E+00   0.0000000E+00
   1.5424405E+03   0.0000000E+00   0.0000000E+00   0.0000000E+00   0.0000000E+00
   1.5424480E+03   0.0000000E+00   0.0000000E+00   0.0000000E+00   0.0000000E+00
   1.5424556E+03   0.0000000E+00   0.0000000E+00   0.0000000E+00   0.0000000E+00
   1.5424631E+03   0.0000000E+00   0.0000000E+00   0.0000000E+00   0.0000000E+00
   1.5424706E+03   0.0000000E+00   0.0000000E+00   0.0000000E+00   0.0000000E+00
   1.5424781E+03   0.0000000E+00   0.0000000E+00   0.0000000E+00   0.0000000E+00
   1.5424857E+03   0.0000000E+00   0.0000000E+00   0.0000000E+00   0.0000000E+00
   1.5424932E+03   0.0000000E+00   0.0000000E+00   0.0000000E+00   0.0000000E+00
   1.5425007E+03   0.0000000E+00   0.0000000E+00   0.0000000E+00   0.0000000E+00
   1.5425083E+03   0.0000000E+00   0.0000000E+00   0.0000000E+00   0.0000000E+00
   1.5425158E+03   0.0000000E+00   0.0000000E+00   0.0000000E+00   0.0000000E+00
   1.5425233E+03   0.0000000E+00   0.0000000E+00   0.0000000E+00   0.0000000E+00
   1.5425308E+03   0.0000000E+00   0.0000000E+00   0.0000000E+00   0.0000000E+00
   1.5425384E+03   0.0000000E+00   0.0000000E+00   0.0000000E+00   0.0000000E+00
   1.5425459E+03   0.0000000E+00   0.0000000E+00   0.0000000E+00   0.0000000E+00
   1.5425534E+03   0.0000000E+00   0.0000000E+00   0.0000000E+00   0.0000000E+00
   1.5425610E+03   0.0000000E+00   0.0000000E+00   0.0000000E+00   0.0000000E+00
   1.5425685E+03   0.0000000E+00   0.0000000E+00   0.0000000E+00   0.0000000E+00
   1.5425760E+03   0.0000000E+00   0.0000000E+00   0.0000000E+00   0.0000000E+00
   1.5425835E+03   0.0000000E+00   0.0000000E+00   0.0000000E+00   0.0000000E+00
   1.5425911E+03   0.0000000E+00   0.0000000E+00   0.0000000E+00   0.0000000E+00
   1.5425986E+03   0.0000000E+00   0.0000000E+00   0.0000000E+00   0.0000000E+00
   1.5426061E+03   0.0000000E+00   0.0000000E+00   0.0000000E+00   0.0000000E+00
   1.5426137E+03   0.0000000E+00   0.0000000E+00   0.0000000E+00   0.0000000E+00
   1.5426212E+03   0.0000000E+00   0.0000000E+00   0.0000000E+00   0.0000000E+00
   1.5426287E+03   0.0000000E+00   0.0000000E+00   0.0000000E+00   0.0000000E+00
   1.5426362E+03   0.0000000E+00   0.0000000E+00   0.0000000E+00   0.0000000E+00
   1.5426438E+03   0.0000000E+00   0.0000000E+00   0.0000000E+00   0.0000000E+00
   1.5426513E+03   0.0000000E+00   0.0000000E+00   0.0000000E+00   0.0000000E+00
   1.5426588E+03   0.0000000E+00   0.0000000E+00   0.0000000E+00   0.0000000E+00
   1.5426664E+03   0.0000000E+00   0.0000000E+00   0.0000000E+00   0.0000000E+00
   1.5426739E+03   0.0000000E+00   0.0000000E+00   0.0000000E+00   0.0000000E+00
   1.5426814E+03   0.0000000E+00   0.0000000E+00   0.0000000E+00   0.0000000E+00
   1.5426889E+03   0.0000000E+00   0.0000000E+00   0.0000000E+00   0.0000000E+00
   1.5426965E+03   0.0000000E+00   0.0000000E+00   0.0000000E+00   0.0000000E+00
   1.5427040E+03   0.0000000E+00   0.0000000E+00   0.0000000E+00   0.0000000E+00
   1.5427115E+03   0.0000000E+00   0.0000000E+00   0.0000000E+00   0.0000000E+00
   1.5427191E+03   0.0000000E+00   0.0000000E+00   0.0000000E+00   0.0000000E+00
   1.5427266E+03   0.0000000E+00   0.0000000E+00   0.0000000E+00   0.0000000E+00
   1.5427341E+03   0.0000000E+00   0.0000000E+00   0.0000000E+00   0.0000000E+00
   1.5427416E+03   0.0000000E+00   0.0000000E+00   0.0000000E+00   0.0000000E+00
   1.5427492E+03   0.0000000E+00   0.0000000E+00   0.0000000E+00   0.0000000E+00
   1.5427567E+03   0.0000000E+00   0.0000000E+00   0.0000000E+00   0.0000000E+00
   1.5427642E+03   0.0000000E+00   0.0000000E+00   0.0000000E+00   0.0000000E+00
   1.5427718E+03   0.0000000E+00   0.0000000E+00   0.0000000E+00   0.0000000E+00
   1.5427793E+03   0.0000000E+00   0.0000000E+00   0.0000000E+00   0.0000000E+00
   1.5427868E+03   0.0000000E+00   0.0000000E+00   0.0000000E+00   0.0000000E+00
   1.5427943E+03   0.0000000E+00   0.0000000E+00   0.0000000E+00   0.0000000E+00
   1.5428019E+03   0.0000000E+00   0.0000000E+00   0.0000000E+00   0.0000000E+00
   1.5428094E+03   0.0000000E+00   0.0000000E+00   0.0000000E+00   0.0000000E+00
   1.5428169E+03   0.0000000E+00   0.0000000E+00   0.0000000E+00   0.0000000E+00
   1.5428245E+03   0.0000000E+00   0.0000000E+00   0.0000000E+00   0.0000000E+00
   1.5428320E+03   0.0000000E+00   0.0000000E+00   0.0000000E+00   0.0000000E+00
   1.5428395E+03   0.0000000E+00   0.0000000E+00   0.0000000E+00   0.0000000E+00
   1.5428470E+03   0.0000000E+00   0.0000000E+00   0.0000000E+00   0.0000000E+00
   1.5428546E+03   0.0000000E+00   0.0000000E+00   0.0000000E+00   0.0000000E+00
   1.5428621E+03   0.0000000E+00   0.0000000E+00   0.0000000E+00   0.0000000E+00
   1.5428696E+03   0.0000000E+00   0.0000000E+00   0.0000000E+00   0.0000000E+00
   1.5428772E+03   0.0000000E+00   0.0000000E+00   0.0000000E+00   0.0000000E+00
   1.5428847E+03   0.0000000E+00   0.0000000E+00   0.0000000E+00   0.0000000E+00
   1.5428922E+03   0.0000000E+00   0.0000000E+00   0.0000000E+00   0.0000000E+00
   1.5428997E+03   0.0000000E+00   0.0000000E+00   0.0000000E+00   0.0000000E+00
   1.5429073E+03   0.0000000E+00   0.0000000E+00   0.0000000E+00   0.0000000E+00
   1.5429148E+03   0.0000000E+00   0.0000000E+00   0.0000000E+00   0.0000000E+00
   1.5429223E+03   0.0000000E+00   0.0000000E+00   0.0000000E+00   0.0000000E+00
   1.5429298E+03   0.0000000E+00   0.0000000E+00   0.0000000E+00   0.0000000E+00
   1.5429374E+03   0.0000000E+00   0.0000000E+00   0.0000000E+00   0.0000000E+00
   1.5429449E+03   0.0000000E+00   0.0000000E+00   0.0000000E+00   0.0000000E+00
   1.5429524E+03   0.0000000E+00   0.0000000E+00   0.0000000E+00   0.0000000E+00
   1.5429600E+03   0.0000000E+00   0.0000000E+00   0.0000000E+00   0.0000000E+00
   1.5429675E+03   0.0000000E+00   0.0000000E+00   0.0000000E+00   0.0000000E+00
   1.5429750E+03   0.0000000E+00   0.0000000E+00   0.0000000E+00   0.0000000E+00
   1.5429825E+03   0.0000000E+00   0.0000000E+00   0.0000000E+00   0.0000000E+00
   1.5429901E+03   0.0000000E+00   0.0000000E+00   0.0000000E+00   0.0000000E+00
   1.5429976E+03   0.0000000E+00   0.0000000E+00   0.0000000E+00   0.0000000E+00
   1.5430051E+03   0.0000000E+00   0.0000000E+00   0.0000000E+00   0.0000000E+00
   1.5430127E+03   0.0000000E+00   0.0000000E+00   0.0000000E+00   0.0000000E+00
   1.5430202E+03   0.0000000E+00   0.0000000E+00   0.0000000E+00   0.0000000E+00
   1.5430277E+03   0.0000000E+00   0.0000000E+00   0.0000000E+00   0.0000000E+00
   1.5430352E+03   0.0000000E+00   0.0000000E+00   0.0000000E+00   0.0000000E+00
   1.5430428E+03   0.0000000E+00   0.0000000E+00   0.0000000E+00   0.0000000E+00
   1.5430503E+03   0.0000000E+00   0.0000000E+00   0.0000000E+00   0.0000000E+00
   1.5430578E+03   0.0000000E+00   0.0000000E+00   0.0000000E+00   0.0000000E+00
   1.5430654E+03   0.0000000E+00   0.0000000E+00   0.0000000E+00   0.0000000E+00
   1.5430729E+03   0.0000000E+00   0.0000000E+00   0.0000000E+00   0.0000000E+00
   1.5430804E+03   0.0000000E+00   0.0000000E+00   0.0000000E+00   0.0000000E+00
   1.5430879E+03   0.0000000E+00   0.0000000E+00   0.0000000E+00   0.0000000E+00
   1.5430955E+03   0.0000000E+00   0.0000000E+00   0.0000000E+00   0.0000000E+00
   1.5431030E+03   0.0000000E+00   0.0000000E+00   0.0000000E+00   0.0000000E+00
   1.5431105E+03   0.0000000E+00   0.0000000E+00   0.0000000E+00   0.0000000E+00
   1.5431181E+03   0.0000000E+00   0.0000000E+00   0.0000000E+00   0.0000000E+00
   1.5431256E+03   0.0000000E+00   0.0000000E+00   0.0000000E+00   0.0000000E+00
   1.5431331E+03   0.0000000E+00   0.0000000E+00   0.0000000E+00   0.0000000E+00
   1.5431406E+03   0.0000000E+00   0.0000000E+00   0.0000000E+00   0.0000000E+00
   1.5431482E+03   0.0000000E+00   0.0000000E+00   0.0000000E+00   0.0000000E+00
   1.5431557E+03   0.0000000E+00   0.0000000E+00   0.0000000E+00   0.0000000E+00
   1.5431632E+03   0.0000000E+00   0.0000000E+00   0.0000000E+00   0.0000000E+00
   1.5431708E+03   0.0000000E+00   0.0000000E+00   0.0000000E+00   0.0000000E+00
   1.5431783E+03   0.0000000E+00   0.0000000E+00   0.0000000E+00   0.0000000E+00
   1.5431858E+03   0.0000000E+00   0.0000000E+00   0.0000000E+00   0.0000000E+00
   1.5431933E+03   1.0000000E+00   1.0000000E+00   0.0000000E+00   0.0000000E+00
   1.5432009E+03   0.0000000E+00   0.0000000E+00   0.0000000E+00   0.0000000E+00
   1.5432084E+03   0.0000000E+00   0.0000000E+00   0.0000000E+00   0.0000000E+00
   1.5432159E+03   0.0000000E+00   0.0000000E+00   0.0000000E+00   0.0000000E+00
   1.5432235E+03   0.0000000E+00   0.0000000E+00   0.0000000E+00   0.0000000E+00
   1.5432310E+03   1.0000000E+00   0.0000000E+00   0.0000000E+00   0.0000000E+00
   1.5432385E+03   1.0000000E+00   0.0000000E+00   0.0000000E+00   0.0000000E+00
   1.5432460E+03   1.0000000E+00   0.0000000E+00   0.0000000E+00   0.0000000E+00
   1.5432536E+03   0.0000000E+00   0.0000000E+00   0.0000000E+00   0.0000000E+00
   1.5432611E+03   0.0000000E+00   0.0000000E+00   0.0000000E+00   0.0000000E+00
   1.5432686E+03   0.0000000E+00   0.0000000E+00   0.0000000E+00   0.0000000E+00
   1.5432762E+03   0.0000000E+00   0.0000000E+00   0.0000000E+00   0.0000000E+00
   1.5432837E+03   0.0000000E+00   0.0000000E+00   0.0000000E+00   0.0000000E+00
   1.5432912E+03   0.0000000E+00   0.0000000E+00   0.0000000E+00   0.0000000E+00
   1.5432987E+03   1.0000000E+00   0.0000000E+00   0.0000000E+00   0.0000000E+00
   1.5433063E+03   0.0000000E+00   0.0000000E+00   0.0000000E+00   0.0000000E+00
   1.5433138E+03   0.0000000E+00   0.0000000E+00   0.0000000E+00   0.0000000E+00
   1.5433213E+03   0.0000000E+00   0.0000000E+00   0.0000000E+00   0.0000000E+00
   1.5433289E+03   0.0000000E+00   0.0000000E+00   0.0000000E+00   0.0000000E+00
   1.5433364E+03   0.0000000E+00   0.0000000E+00   0.0000000E+00   0.0000000E+00
   1.5433439E+03   0.0000000E+00   0.0000000E+00   0.0000000E+00   0.0000000E+00
   1.5433514E+03   0.0000000E+00   0.0000000E+00   0.0000000E+00   0.0000000E+00
   1.5433590E+03   0.0000000E+00   0.0000000E+00   0.0000000E+00   0.0000000E+00
   1.5433665E+03   1.0000000E+00   0.0000000E+00   0.0000000E+00   0.0000000E+00
   1.5433740E+03   0.0000000E+00   0.0000000E+00   0.0000000E+00   0.0000000E+00
   1.5433815E+03   1.0000000E+00   0.0000000E+00   0.0000000E+00   0.0000000E+00
   1.5433891E+03   0.0000000E+00   0.0000000E+00   0.0000000E+00   0.0000000E+00
   1.5433966E+03   0.0000000E+00   0.0000000E+00   0.0000000E+00   0.0000000E+00
   1.5434041E+03   1.0000000E+00   0.0000000E+00   0.0000000E+00   0.0000000E+00
   1.5434117E+03   0.0000000E+00   0.0000000E+00   0.0000000E+00   0.0000000E+00
   1.5434192E+03   0.0000000E+00   0.0000000E+00   0.0000000E+00   0.0000000E+00
   1.5434267E+03   0.0000000E+00   0.0000000E+00   0.0000000E+00   0.0000000E+00
   1.5434342E+03   1.0000000E+00   0.0000000E+00   0.0000000E+00   0.0000000E+00
   1.5434418E+03   1.0000000E+00   0.0000000E+00   0.0000000E+00   0.0000000E+00
   1.5434493E+03   0.0000000E+00   0.0000000E+00   0.0000000E+00   0.0000000E+00
   1.5434568E+03   1.0000000E+00   0.0000000E+00   0.0000000E+00   0.0000000E+00
   1.5434644E+03   1.0000000E+00   0.0000000E+00   0.0000000E+00   0.0000000E+00
   1.5434719E+03   0.0000000E+00   0.0000000E+00   0.0000000E+00   0.0000000E+00
   1.5434794E+03   0.0000000E+00   0.0000000E+00   0.0000000E+00   0.0000000E+00
   1.5434869E+03   0.0000000E+00   0.0000000E+00   0.0000000E+00   0.0000000E+00
   1.5434945E+03   0.0000000E+00   0.0000000E+00   0.0000000E+00   0.0000000E+00
   1.5435020E+03   0.0000000E+00   0.0000000E+00   0.0000000E+00   0.0000000E+00
   1.5435095E+03   0.0000000E+00   0.0000000E+00   0.0000000E+00   0.0000000E+00
   1.5435171E+03   3.0000000E+00   1.0000000E+00   0.0000000E+00   0.0000000E+00
   1.5435246E+03   1.0000000E+00   0.0000000E+00   0.0000000E+00   0.0000000E+00
   1.5435321E+03   0.0000000E+00   0.0000000E+00   0.0000000E+00   0.0000000E+00
   1.5435396E+03   1.0000000E+00   0.0000000E+00   0.0000000E+00   0.0000000E+00
   1.5435472E+03   1.0000000E+00   0.0000000E+00   0.0000000E+00   0.0000000E+00
   1.5435547E+03   0.0000000E+00   0.0000000E+00   0.0000000E+00   0.0000000E+00
   1.5435622E+03   0.0000000E+00   0.0000000E+00   0.0000000E+00   0.0000000E+00
   1.5435698E+03   0.0000000E+00   0.0000000E+00   0.0000000E+00   0.0000000E+00
   1.5435773E+03   2.0000000E+00   0.0000000E+00   0.0000000E+00   0.0000000E+00
   1.5435848E+03   0.0000000E+00   0.0000000E+00   0.0000000E+00   0.0000000E+00
   1.5435923E+03   2.0000000E+00   1.0000000E+00   0.0000000E+00   0.0000000E+00
   1.5435999E+03   1.0000000E+00   0.0000000E+00   0.0000000E+00   0.0000000E+00
   1.5436074E+03   0.0000000E+00   0.0000000E+00   0.0000000E+00   0.0000000E+00
   1.5436149E+03   2.0000000E+00   1.0000000E+00   0.0000000E+00   0.0000000E+00
   1.5436225E+03   1.0000000E+00   1.0000000E+00   0.0000000E+00   0.0000000E+00
   1.5436300E+03   1.0000000E+00   0.0000000E+00   0.0000000E+00   0.0000000E+00
   1.5436375E+03   2.0000000E+00   1.0000000E+00   0.0000000E+00   0.0000000E+00
   1.5436450E+03   3.0000000E+00   1.0000000E+00   0.0000000E+00   0.0000000E+00
   1.5436526E+03   3.0000000E+00   0.0000000E+00   0.0000000E+00   0.0000000E+00
   1.5436601E+03   0.0000000E+00   0.0000000E+00   0.0000000E+00   0.0000000E+00
   1.5436676E+03   3.0000000E+00   1.0000000E+00   0.0000000E+00   0.0000000E+00
   1.5436752E+03   4.0000000E+00   1.0000000E+00   0.0000000E+00   0.0000000E+00
   1.5436827E+03   1.0000000E+00   0.0000000E+00   0.0000000E+00   0.0000000E+00
   1.5436902E+03   3.0000000E+00   0.0000000E+00   0.0000000E+00   0.0000000E+00
   1.5436977E+03   1.0000000E+00   0.0000000E+00   0.0000000E+00   0.0000000E+00
   1.5437053E+03   4.0000000E+00   1.0000000E+00   0.0000000E+00   0.0000000E+00
   1.5437128E+03   8.0000000E+00   2.0000000E+00   0.0000000E+00   0.0000000E+00
   1.5437203E+03   3.0000000E+00   2.0000000E+00   0.0000000E+00   0.0000000E+00
   1.5437279E+03   2.0000000E+00   1.0000000E+00   0.0000000E+00   0.0000000E+00
   1.5437354E+03   8.0000000E+00   3.0000000E+00   0.0000000E+00   0.0000000E+00
   1.5437429E+03   6.0000000E+00   1.0000000E+00   0.0000000E+00   0.0000000E+00
   1.5437504E+03   3.0000000E+00   3.0000000E+00   0.0000000E+00   0.0000000E+00
   1.5437580E+03   1.0000000E+00   0.0000000E+00   0.0000000E+00   0.0000000E+00
   1.5437655E+03   4.0000000E+00   0.0000000E+00   0.0000000E+00   0.0000000E+00
   1.5437730E+03   2.0000000E+00   2.0000000E+00   0.0000000E+00   0.0000000E+00
   1.5437806E+03   2.0000000E+00   1.0000000E+00   0.0000000E+00   0.0000000E+00
   1.5437881E+03   6.0000000E+00   3.0000000E+00   0.0000000E+00   0.0000000E+00
   1.5437956E+03   7.0000000E+00   3.0000000E+00   0.0000000E+00   0.0000000E+00
   1.5438031E+03   5.0000000E+00   3.0000000E+00   0.0000000E+00   0.0000000E+00
   1.5438107E+03   2.0000000E+00   0.0000000E+00   0.0000000E+00   0.0000000E+00
   1.5438182E+03   5.0000000E+00   1.0000000E+00   0.0000000E+00   0.0000000E+00
   1.5438257E+03   8.0000000E+00   6.0000000E+00   0.0000000E+00   0.0000000E+00
   1.5438332E+03   5.0000000E+00   1.0000000E+00   0.0000000E+00   0.0000000E+00
   1.5438408E+03   3.0000000E+00   1.0000000E+00   0.0000000E+00   0.0000000E+00
   1.5438483E+03   4.0000000E+00   1.0000000E+00   0.0000000E+00   0.0000000E+00
   1.5438558E+03   5.0000000E+00   3.0000000E+00   0.0000000E+00   0.0000000E+00
   1.5438634E+03   5.0000000E+00   3.0000000E+00   0.0000000E+00   0.0000000E+00
   1.5438709E+03   5.0000000E+00   2.0000000E+00   0.0000000E+00   0.0000000E+00
   1.5438784E+03   6.0000000E+00   3.0000000E+00   0.0000000E+00   0.0000000E+00
   1.5438859E+03   5.0000000E+00   3.0000000E+00   0.0000000E+00   0.0000000E+00
   1.5438935E+03   3.0000000E+00   2.0000000E+00   0.0000000E+00   0.0000000E+00
   1.5439010E+03   5.0000000E+00   2.0000000E+00   0.0000000E+00   0.0000000E+00
   1.5439085E+03   5.0000000E+00   2.0000000E+00   0.0000000E+00   0.0000000E+00
   1.5439161E+03   5.0000000E+00   3.0000000E+00   0.0000000E+00   0.0000000E+00
   1.5439236E+03   8.0000000E+00   4.0000000E+00   0.0000000E+00   0.0000000E+00
   1.5439311E+03   9.0000000E+00   6.0000000E+00   0.0000000E+00   0.0000000E+00
   1.5439386E+03   8.0000000E+00   3.0000000E+00   0.0000000E+00   0.0000000E+00
   1.5439462E+03   2.0000000E+00   1.0000000E+00   0.0000000E+00   0.0000000E+00
   1.5439537E+03   2.0000000E+00   2.0000000E+00   0.0000000E+00   0.0000000E+00
   1.5439612E+03   1.0000000E+01   4.0000000E+00   0.0000000E+00   0.0000000E+00
   1.5439688E+03   1.6000000E+01   3.0000000E+00   0.0000000E+00   0.0000000E+00
   1.5439763E+03   1.0000000E+01   4.0000000E+00   0.0000000E+00   0.0000000E+00
   1.5439838E+03   6.0000000E+00   5.0000000E+00   0.0000000E+00   0.0000000E+00
   1.5439913E+03   1.1000000E+01   6.0000000E+00   0.0000000E+00   0.0000000E+00
   1.5439989E+03   1.2000000E+01   4.0000000E+00   0.0000000E+00   0.0000000E+00
   1.5440064E+03   1.0000000E+01   5.0000000E+00   0.0000000E+00   0.0000000E+00
   1.5440139E+03   7.0000000E+00   2.0000000E+00   0.0000000E+00   0.0000000E+00
   1.5440215E+03   1.1000000E+01   5.0000000E+00   0.0000000E+00   0.0000000E+00
   1.5440290E+03   1.6000000E+01   6.0000000E+00   0.0000000E+00   0.0000000E+00
   1.5440365E+03   1.1000000E+01   6.0000000E+00   0.0000000E+00   0.0000000E+00
   1.5440440E+03   1.7000000E+01   5.0000000E+00   0.0000000E+00   0.0000000E+00
   1.5440516E+03   2.1000000E+01   1.1000000E+01   0.0000000E+00   0.0000000E+00
   1.5440591E+03   9.0000000E+00   1.0000000E+00   0.0000000E+00   0.0000000E+00
   1.5440666E+03   2.1000000E+01   6.0000000E+00   0.0000000E+00   0.0000000E+00
   1.5440742E+03   7.0000000E+00   3.0000000E+00   0.0000000E+00   0.0000000E+00
   1.5440817E+03   1.5000000E+01   6.0000000E+00   0.0000000E+00   0.0000000E+00
   1.5440892E+03   1.9000000E+01   1.1000000E+01   0.0000000E+00   0.0000000E+00
   1.5440967E+03   1.5000000E+01   1.0000000E+01   0.0000000E+00   0.0000000E+00
   1.5441043E+03   2.1000000E+01   9.0000000E+00   0.0000000E+00   0.0000000E+00
   1.5441118E+03   2.2000000E+01   9.0000000E+00   0.0000000E+00   0.0000000E+00
   1.5441193E+03   1.9000000E+01   9.0000000E+00   0.0000000E+00   0.0000000E+00
   1.5441269E+03   2.4000000E+01   1.2000000E+01   0.0000000E+00   0.0000000E+00
   1.5441344E+03   1.9000000E+01   1.1000000E+01   0.0000000E+00   0.0000000E+00
   1.5441419E+03   2.6000000E+01   1.2000000E+01   4.3012939E-03   0.0000000E+00
   1.5441494E+03   1.4000000E+01   6.0000000E+00   0.0000000E+00   0.0000000E+00
   1.5441570E+03   1.8000000E+01   1.0000000E+01   0.0000000E+00   0.0000000E+00
   1.5441645E+03   1.5000000E+01   8.0000000E+00   0.0000000E+00   0.0000000E+00
   1.5441720E+03   2.1000000E+01   1.2000000E+01   0.0000000E+00   0.0000000E+00
   1.5441796E+03   2.2000000E+01   1.2000000E+01   0.0000000E+00   0.0000000E+00
   1.5441871E+03   3.2000000E+01   1.5000000E+01   0.0000000E+00   0.0000000E+00
   1.5441946E+03   3.1000000E+01   1.6000000E+01   1.1471038E-02   0.0000000E+00
   1.5442021E+03   2.2000000E+01   9.0000000E+00   0.0000000E+00   0.0000000E+00
   1.5442097E+03   2.8000000E+01   1.0000000E+01   0.0000000E+00   0.0000000E+00
   1.5442172E+03   3.0000000E+01   1.6000000E+01   0.0000000E+00   0.0000000E+00
   1.5442247E+03   2.7000000E+01   1.2000000E+01   0.0000000E+00   0.0000000E+00
   1.5442323E+03   3.6000000E+01   2.1000000E+01   0.0000000E+00   0.0000000E+00
   1.5442398E+03   3.0000000E+01   1.7000000E+01   0.0000000E+00   0.0000000E+00
   1.5442473E+03   3.7000000E+01   2.3000000E+01   0.0000000E+00   0.0000000E+00
   1.5442548E+03   3.6000000E+01   1.6000000E+01   0.0000000E+00   0.0000000E+00
   1.5442624E+03   3.4000000E+01   1.6000000E+01   0.0000000E+00   0.0000000E+00
   1.5442699E+03   2.6000000E+01   1.3000000E+01   0.0000000E+00   0.0000000E+00
   1.5442774E+03   4.1000000E+01   2.7000000E+01   0.0000000E+00   0.0000000E+00
   1.5442849E+03   3.0000000E+01   1.6000000E+01   0.0000000E+00   0.0000000E+00
   1.5442925E+03   5.0000000E+01   2.4000000E+01   0.0000000E+00   0.0000000E+00
   1.5443000E+03   3.6000000E+01   2.2000000E+01   0.0000000E+00   0.0000000E+00
   1.5443075E+03   3.9000000E+01   1.8000000E+01   0.0000000E+00   0.0000000E+00
   1.5443151E+03   3.2000000E+01   1.7000000E+01   0.0000000E+00   0.0000000E+00
   1.5443226E+03   4.1000000E+01   2.3000000E+01   0.0000000E+00   0.0000000E+00
   1.5443301E+03   3.8000000E+01   2.0000000E+01   0.0000000E+00   0.0000000E+00
   1.5443376E+03   4.6000000E+01   2.0000000E+01   0.0000000E+00   0.0000000E+00
   1.5443452E+03   4.8000000E+01   2.6000000E+01   0.0000000E+00   0.0000000E+00
   1.5443527E+03   4.9000000E+01   2.8000000E+01   0.0000000E+00   0.0000000E+00
   1.5443602E+03   4.2000000E+01   2.0000000E+01   0.0000000E+00   0.0000000E+00
   1.5443678E+03   4.9000000E+01   2.4000000E+01   0.0000000E+00   0.0000000E+00
   1.5443753E+03   4.3000000E+01   2.3000000E+01   0.0000000E+00   0.0000000E+00
   1.5443828E+03   4.9000000E+01   2.7000000E+01   0.0000000E+00   0.0000000E+00
   1.5443903E+03   5.1000000E+01   2.9000000E+01   0.0000000E+00   0.0000000E+00
   1.5443979E+03   4.7000000E+01   2.8000000E+01   0.0000000E+00   0.0000000E+00
   1.5444054E+03   5.6000000E+01   3.1000000E+01   0.0000000E+00   0.0000000E+00
   1.5444129E+03   3.5000000E+01   2.4000000E+01   4.9755014E-03   7.2559396E-03
   1.5444205E+03   4.1000000E+01   2.6000000E+01   0.0000000E+00   0.0000000E+00
   1.5444280E+03   5.8000000E+01   3.3000000E+01   0.0000000E+00   0.0000000E+00
   1.5444355E+03   6.5000000E+01   3.3000000E+01   0.0000000E+00   0.0000000E+00
   1.5444430E+03   4.9000000E+01   2.9000000E+01   0.0000000E+00   0.0000000E+00
   1.5444506E+03   5.1000000E+01   2.7000000E+01   0.0000000E+00   0.0000000E+00
   1.5444581E+03   5.4000000E+01   2.5000000E+01   5.1725481E-03   6.8686332E-03
   1.5444656E+03   7.0000000E+01   3.5000000E+01   3.1901489E-03   0.0000000E+00
   1.5444732E+03   5.5000000E+01   3.4000000E+01   0.0000000E+00   0.0000000E+00
   1.5444807E+03   6.6000000E+01   4.0000000E+01   0.0000000E+00   0.0000000E+00
   1.5444882E+03   8.3000000E+01   5.1000000E+01   0.0000000E+00   0.0000000E+00
   1.5444957E+03   7.8000000E+01   4.4000000E+01   3.0808897E-03   3.4665077E-03
   1.5445033E+03   7.8000000E+01   3.5000000E+01   5.2213915E-03   1.1636244E-02
   1.5445108E+03   5.3000000E+01   2.7000000E+01   0.0000000E+00   0.0000000E+00
   1.5445183E+03   6.7000000E+01   3.5000000E+01   0.0000000E+00   0.0000000E+00
   1.5445259E+03   8.4000000E+01   5.0000000E+01   0.0000000E+00   0.0000000E+00
   1.5445334E+03   7.2000000E+01   4.0000000E+01   0.0000000E+00   0.0000000E+00
   1.5445409E+03   6.3000000E+01   3.3000000E+01   0.0000000E+00   0.0000000E+00
   1.5445484E+03   7.5000000E+01   4.4000000E+01   0.0000000E+00   0.0000000E+00
   1.5445560E+03   8.7000000E+01   5.5000000E+01   0.0000000E+00   0.0000000E+00
   1.5445635E+03   7.5000000E+01   4.7000000E+01   2.1311106E-03   3.4007085E-03
   1.5445710E+03   8.4000000E+01   4.3000000E+01   3.1126607E-03   0.0000000E+00
   1.5445786E+03   9.4000000E+01   5.1000000E+01   0.0000000E+00   0.0000000E+00
   1.5445861E+03   8.0000000E+01   5.6000000E+01   0.0000000E+00   0.0000000E+00
   1.5445936E+03   1.0100000E+02   5.5000000E+01   0.0000000E+00   0.0000000E+00
   1.5446011E+03   8.8000000E+01   5.5000000E+01   0.0000000E+00   0.0000000E+00
   1.5446087E+03   9.4000000E+01   5.7000000E+01   0.0000000E+00   0.0000000E+00
   1.5446162E+03   9.6000000E+01   6.0000000E+01   9.9453402E-03   1.0139298E-02
   1.5446237E+03   9.2000000E+01   5.0000000E+01   0.0000000E+00   0.0000000E+00
   1.5446313E+03   9.4000000E+01   6.8000000E+01   3.2485211E-03   4.4906026E-03
   1.5446388E+03   9.4000000E+01   5.9000000E+01   0.0000000E+00   0.0000000E+00
   1.5446463E+03   1.1500000E+02   7.7000000E+01   6.5034632E-04   9.7129646E-04
   1.5446538E+03   1.0100000E+02   6.0000000E+01   0.0000000E+00   0.0000000E+00
   1.5446614E+03   1.1100000E+02   6.4000000E+01   5.4741088E-03   6.9688538E-03
   1.5446689E+03   1.0700000E+02   6.2000000E+01   1.6656701E-03   0.0000000E+00
   1.5446764E+03   1.0300000E+02   6.3000000E+01   1.5252301E-03   0.0000000E+00
   1.5446840E+03   1.0300000E+02   7.6000000E+01   3.8486154E-03   3.3032408E-03
   1.5446915E+03   1.1800000E+02   6.6000000E+01   2.5479180E-03   3.8613700E-03
   1.5446990E+03   1.3600000E+02   8.1000000E+01   1.7163545E-03   1.5659317E-03
   1.5447065E+03   1.2400000E+02   8.3000000E+01   2.5168150E-03   3.2311060E-03
   1.5447141E+03   1.2900000E+02   9.2000000E+01   3.2459041E-03   4.3180816E-05
   1.5447216E+03   1.0900000E+02   6.7000000E+01   4.8861708E-03   0.0000000E+00
   1.5447291E+03   1.2200000E+02   8.5000000E+01   5.8346784E-03   5.4668964E-03
   1.5447366E+03   1.1500000E+02   7.7000000E+01   1.3057432E-02   2.3950786E-03
   1.5447442E+03   1.4600000E+02   9.9000000E+01   5.6201056E-03   0.0000000E+00
   1.5447517E+03   1.0900000E+02   7.9000000E+01   1.0948051E-02   4.2624658E-03
   1.5447592E+03   1.2400000E+02   8.2000000E+01   3.8527856E-03   4.8313681E-03
   1.5447668E+03   1.0800000E+02   7.4000000E+01   3.1716459E-03   1.6171097E-03
   1.5447743E+03   1.1400000E+02   8.4000000E+01   8.8210840E-03   0.0000000E+00
   1.5447818E+03   1.2900000E+02   9.3000000E+01   5.7293832E-03   0.0000000E+00
   1.5447893E+03   1.3700000E+02   9.4000000E+01   5.4382325E-03   0.0000000E+00
   1.5447969E+03   1.2900000E+02   1.0100000E+02   2.1063437E-03   1.8661775E-03
   1.5448044E+03   1.1400000E+02   8.3000000E+01   1.4293155E-02   0.0000000E+00
   1.5448119E+03   1.2300000E+02   1.0500000E+02   8.0281179E-03   8.1095142E-04
   1.5448195E+03   1.2200000E+02   9.2000000E+01   9.6714214E-03   2.5325428E-03
   1.5448270E+03   1.3200000E+02   1.1300000E+02   3.3596664E-03   1.0483442E-03
   1.5448345E+03   1.2300000E+02   1.0800000E+02   4.3250057E-03   0.0000000E+00
   1.5448420E+03   1.1900000E+02   1.0200000E+02   1.0600585E-03   5.7549624E-03
   1.5448496E+03   1.4400000E+02   1.3200000E+02   1.5250689E-02   8.0180210E-03
   1.5448571E+03   1.5300000E+02   1.3000000E+02   1.1551090E-02   4.2791799E-03
   1.5448646E+03   1.2600000E+02   1.0900000E+02   9.4503237E-03   8.6060250E-03
   1.5448722E+03   1.3400000E+02   1.2000000E+02   1.3922753E-02   3.8745965E-04
   1.5448797E+03   1.2200000E+02   1.1000000E+02   1.3968009E-02   1.1630267E-03
   1.5448872E+03   1.2600000E+02   1.0900000E+02   6.9924134E-03   7.5990950E-03
   1.5448947E+03   1.4300000E+02   1.2200000E+02   2.6902264E-03   5.3169923E-03
   1.5449023E+03   1.4200000E+02   1.2900000E+02   9.8426642E-03   1.1069895E-02
   1.5449098E+03   1.2600000E+02   1.1500000E+02   9.6648795E-03   4.1359491E-03
   1.5449173E+03   1.2000000E+02   1.0300000E+02   2.5416741E-02   9.7042069E-03
   1.5449249E+03   1.3100000E+02   1.1300000E+02   5.7426277E-03   4.2709635E-03
   1.5449324E+03   1.3700000E+02   1.2000000E+02   1.0385020E-02   9.6014342E-03
   1.5449399E+03   1.3200000E+02   1.1400000E+02   1.1592701E-02   1.5079354E-02
   1.5449474E+03   1.3200000E+02   1.1800000E+02   7.2095045E-03   8.8671665E-03
   1.5449550E+03   1.1400000E+02   9.7000000E+01   5.4891666E-03   6.4785628E-03
   1.5449625E+03   1.2900000E+02   1.1400000E+02   1.7089766E-02   1.6805951E-02
   1.5449700E+03   1.3900000E+02   1.1200000E+02   2.1040223E-02   1.9566938E-02
   1.5449776E+03   1.6400000E+02   1.3400000E+02   9.2782379E-03   3.2087860E-03
   1.5449851E+03   1.5200000E+02   1.2800000E+02   1.3844740E-02   1.0596535E-02
   1.5449926E+03   1.6700000E+02   1.3500000E+02   2.2598668E-02   6.7233287E-03
   1.5450001E+03   1.4400000E+02   1.2300000E+02   1.1075444E-02   3.6268806E-03
   1.5450077E+03   1.5400000E+02   1.2500000E+02   2.1322127E-02   7.4520379E-03
   1.5450152E+03   1.5400000E+02   1.1200000E+02   1.3622436E-02   6.1006436E-03
   1.5450227E+03   1.7200000E+02   1.3600000E+02   6.3362871E-03   6.8163285E-03
   1.5450303E+03   1.6500000E+02   1.2500000E+02   1.0401982E-02   4.3631770E-03
   1.5450378E+03   1.7100000E+02   1.3200000E+02   8.7822700E-03   8.7998457E-03
   1.5450453E+03   1.7700000E+02   1.3600000E+02   8.5510675E-03   6.4240427E-03
   1.5450528E+03   1.6200000E+02   1.1700000E+02   6.1843481E-03   1.3052282E-02
   1.5450604E+03   2.0300000E+02   1.4600000E+02   1.0115624E-02   6.0323648E-03
   1.5450679E+03   1.7000000E+02   1.1200000E+02   1.1224483E-02   1.4046641E-02
   1.5450754E+03   1.8100000E+02   1.1600000E+02   4.0141594E-03   1.1813023E-02
   1.5450830E+03   1.9200000E+02   1.2500000E+02   8.4488621E-03   1.4780835E-02
   1.5450905E+03   1.9900000E+02   1.2900000E+02   2.2812689E-02   4.4137823E-03
   1.5450980E+03   1.8800000E+02   1.2100000E+02   9.8189634E-03   9.7435492E-03
   1.5451055E+03   1.8700000E+02   1.0300000E+02   2.7218456E-02   6.1168148E-03
   1.5451131E+03   1.9900000E+02   1.3200000E+02   6.6808568E-03   9.9100819E-03
   1.5451206E+03   2.1500000E+02   1.4500000E+02   1.8635430E-02   1.6531873E-02
   1.5451281E+03   2.1400000E+02   1.2700000E+02   1.9542196E-02   1.1023421E-02
   1.5451357E+03   2.2200000E+02   1.4500000E+02   9.8650146E-03   7.4143530E-03
   1.5451432E+03   2.0900000E+02   1.3600000E+02   1.9785673E-02   2.9034349E-02
   1.5451507E+03   2.3700000E+02   1.5000000E+02   9.7271871E-03   1.2040983E-02
   1.5451582E+03   2.0700000E+02   1.3800000E+02   1.0897745E-02   1.6319467E-02
   1.5451658E+03   2.5000000E+02   1.4600000E+02   1.4985810E-02   2.8334751E-03
   1.5451733E+03   2.3100000E+02   1.4000000E+02   2.1177225E-03   1.0171701E-02
   1.5451808E+03   2.3100000E+02   1.3300000E+02   1.2207494E-02   3.0037845E-02
   1.5451883E+03   2.7400000E+02   1.8000000E+02   1.9782756E-02   4.5674847E-03
   1.5451959E+03   2.5200000E+02   1.5800000E+02   1.9887386E-02   1.3562409E-02
   1.5452034E+03   2.6600000E+02   1.6400000E+02   5.4995992E-03   3.1324645E-03
   1.5452109E+03   2.4600000E+02   1.4700000E+02   1.0983563E-02   2.1071420E-02
   1.5452185E+03   2.7800000E+02   1.7300000E+02   1.7957883E-02   9.3170681E-03
   1.5452260E+03   2.8900000E+02   1.9500000E+02   1.5248261E-02   1.1254956E-02
   1.5452335E+03   2.6700000E+02   1.6400000E+02   8.3798926E-03   1.8051842E-02
   1.5452410E+03   3.0300000E+02   1.9700000E+02   1.0330876E-02   1.1146989E-02
   1.5452486E+03   3.1100000E+02   1.8900000E+02   1.7428381E-02   1.6195529E-02
   1.5452561E+03   3.0300000E+02   1.8300000E+02   7.6244431E-03   4.8815295E-03
   1.5452636E+03   2.8300000E+02   1.8700000E+02   2.7776322E-03   1.1633753E-02
   1.5452712E+03   3.0200000E+02   1.8500000E+02   1.6349292E-02   1.3709421E-02
   1.5452787E+03   2.8600000E+02   1.9200000E+02   2.1735115E-02   2.5066786E-02
   1.5452862E+03   3.0200000E+02   1.8900000E+02   9.5083946E-03   1.3007210E-02
   1.5452937E+03   3.1700000E+02   2.2000000E+02   8.4490540E-03   1.3420946E-02
   1.5453013E+03   3.0800000E+02   2.0300000E+02   9.5546039E-03   9.6859138E-03
   1.5453088E+03   3.2400000E+02   2.1700000E+02   7.4006024E-03   1.4114109E-02
   1.5453163E+03   3.5400000E+02   2.2200000E+02   7.5673152E-04   4.9466508E-03
   1.5453239E+03   3.3900000E+02   2.2000000E+02   6.3098920E-03   7.6219545E-03
   1.5453314E+03   3.5100000E+02   2.3200000E+02   1.2183584E-02   1.1953033E-02
   1.5453389E+03   3.5900000E+02   2.4700000E+02   4.6487834E-03   1.6361969E-02
   1.5453464E+03   3.6300000E+02   2.4700000E+02   2.6332094E-03   5.6366314E-03
   1.5453540E+03   3.6200000E+02   2.5600000E+02   8.2894397E-03   2.7423558E-03
   1.5453615E+03   3.7900000E+02   2.7900000E+02   1.7087911E-02   2.0033703E-02
   1.5453690E+03   3.5500000E+02   2.5000000E+02   1.6365127E-02   1.0735785E-02
   1.5453766E+03   3.9000000E+02   2.7900000E+02   7.5865844E-03   1.0480671E-02
   1.5453841E+03   3.8300000E+02   2.6600000E+02   4.8260816E-03   1.3606222E-02
   1.5453916E+03   3.8700000E+02   2.7300000E+02   1.8049051E-02   1.8828965E-02
   1.5453991E+03   3.6400000E+02   2.5300000E+02   8.7564061E-03   7.1296446E-03
   1.5454067E+03   3.8700000E+02   2.5300000E+02   1.7497057E-02   2.1506264E-02
   1.5454142E+03   3.7300000E+02   2.7000000E+02   7.0483356E-03   1.8634219E-02
   1.5454217E+03   3.7900000E+02   2.8000000E+02   2.3654828E-02   2.2560127E-02
   1.5454293E+03   3.8700000E+02   2.6700000E+02   8.6160534E-03   8.2480265E-03
   1.5454368E+03   4.2200000E+02   3.1000000E+02   9.7404653E-03   9.3488590E-03
   1.5454443E+03   4.0900000E+02   2.9400000E+02   1.2746877E-02   1.2749210E-02
   1.5454518E+03   4.1600000E+02   3.0300000E+02   1.1548343E-02   1.6760812E-02
   1.5454594E+03   4.0900000E+02   2.9300000E+02   1.7475223E-03   8.8476541E-03
   1.5454669E+03   4.6100000E+02   3.3700000E+02   2.1227852E-03   4.5192598E-03
   1.5454744E+03   4.0900000E+02   2.9300000E+02   3.0547115E-03   6.5036691E-03
   1.5454820E+03   4.0900000E+02   3.0800000E+02   1.4773902E-02   1.3972131E-02
   1.5454895E+03   4.4100000E+02   3.3700000E+02   9.4982773E-03   1.2060244E-02
   1.5454970E+03   4.5200000E+02   3.5000000E+02   1.4577631E-02   1.2306324E-02
   1.5455045E+03   4.4700000E+02   3.4100000E+02   1.0419534E-02   1.1315140E-02
   1.5455121E+03   4.6500000E+02   3.4500000E+02   3.8392100E-03   2.7987439E-03
   1.5455196E+03   4.3900000E+02   3.3800000E+02   9.9271027E-03   9.1128417E-03
   1.5455271E+03   4.4900000E+02   3.5100000E+02   1.7778951E-02   2.2401975E-02
   1.5455347E+03   4.2600000E+02   3.3000000E+02   4.1679906E-03   2.9140448E-03
   1.5455422E+03   4.5600000E+02   3.5900000E+02   1.3093711E-02   2.0606923E-02
   1.5455497E+03   4.5500000E+02   3.5000000E+02   3.1775553E-03   5.7729877E-03
   1.5455572E+03   4.7900000E+02   3.6300000E+02   3.1924759E-03   4.3930122E-03
   1.5455648E+03   4.4400000E+02   3.5400000E+02   2.8644524E-03   2.6474967E-03
   1.5455723E+03   4.8500000E+02   3.9000000E+02   5.3180229E-03   3.3355287E-03
   1.5455798E+03   4.5800000E+02   3.7000000E+02   1.0700574E-02   8.0610204E-03
   1.5455874E+03   4.9100000E+02   3.8100000E+02   1.1342147E-02   1.0893529E-02
   1.5455949E+03   4.8300000E+02   4.0300000E+02   9.6645360E-03   1.4014009E-02
   1.5456024E+03   4.4300000E+02   3.5400000E+02   2.4592255E-02   2.4882275E-02
   1.5456099E+03   5.1800000E+02   4.2100000E+02   5.8448613E-03   9.0750448E-03
   1.5456175E+03   5.1700000E+02   4.0300000E+02   6.6376788E-03   6.0645572E-03
   1.5456250E+03   4.9000000E+02   3.8900000E+02   3.3109146E-04   7.7340092E-03
   1.5456325E+03   4.4800000E+02   3.5600000E+02   7.1336142E-03   1.0677970E-02
   1.5456400E+03   4.7200000E+02   3.7900000E+02   8.4788591E-03   9.3544300E-03
   1.5456476E+03   4.6200000E+02   3.7400000E+02   4.6512614E-03   4.6130093E-03
   1.5456551E+03   4.8900000E+02   4.0000000E+02   8.1310461E-03   1.0117277E-02
   1.5456626E+03   4.7800000E+02   3.8800000E+02   3.8674123E-03   5.9240555E-03
   1.5456702E+03   5.1600000E+02   4.0700000E+02   7.9709563E-03   8.7015438E-03
   1.5456777E+03   4.9400000E+02   3.9600000E+02   1.1738951E-02   1.3329678E-02
   1.5456852E+03   5.2100000E+02   4.3500000E+02   5.5949691E-03   4.6354030E-03
   1.5456927E+03   4.8800000E+02   4.1100000E+02   7.5973593E-03   6.1625242E-03
   1.5457003E+03   5.3800000E+02   4.4400000E+02   1.6477917E-02   2.1215043E-02
   1.5457078E+03   5.1800000E+02   4.2300000E+02   1.5967098E-02   1.9120146E-02
   1.5457153E+03   5.2300000E+02   4.4600000E+02   6.0162927E-03   5.7725058E-03
   1.5457229E+03   5.1900000E+02   4.4100000E+02   1.9764273E-02   1.5789568E-02
   1.5457304E+03   5.5600000E+02   4.6200000E+02   3.3278565E-03   6.3540346E-03
   1.5457379E+03   5.5600000E+02   4.7300000E+02   6.1850712E-03   3.7080870E-03
   1.5457454E+03   5.7500000E+02   4.8400000E+02   8.4516766E-03   7.2118358E-03
   1.5457530E+03   5.2200000E+02   4.3900000E+02   3.7721880E-03   7.0921790E-03
   1.5457605E+03   5.4500000E+02   4.5600000E+02   2.6718479E-03   6.0855000E-03
   1.5457680E+03   5.4200000E+02   4.7000000E+02   1.2424956E-03   5.5754444E-03
   1.5457756E+03   5.3200000E+02   4.4800000E+02   5.0073406E-03   6.5122957E-03
   1.5457831E+03   5.3400000E+02   4.6200000E+02   6.8991129E-03   5.8220892E-03
   1.5457906E+03   5.6800000E+02   4.9500000E+02   6.2503053E-03   8.4907327E-03
   1.5457981E+03   5.9100000E+02   5.0400000E+02   1.2501818E-02   1.1472393E-02
   1.5458057E+03   5.4100000E+02   4.7400000E+02   6.9324865E-03   1.1454893E-02
   1.5458132E+03   5.3500000E+02   4.5300000E+02   1.6255566E-02   1.7076772E-02
   1.5458207E+03   5.5300000E+02   4.5300000E+02   1.4448926E-02   1.6491918E-02
   1.5458283E+03   5.7700000E+02   4.9000000E+02   2.6381642E-03   2.5530412E-03
   1.5458358E+03   5.7100000E+02   4.8700000E+02   1.6774774E-02   2.2582203E-02
   1.5458433E+03   5.8500000E+02   5.0600000E+02   6.0838055E-03   2.5537494E-03
   1.5458508E+03   5.2900000E+02   4.5500000E+02   1.6125756E-02   1.5375518E-02
   1.5458584E+03   5.2600000E+02   4.5000000E+02   1.4161511E-02   1.4286155E-02
   1.5458659E+03   5.3900000E+02   4.6200000E+02   5.3976862E-03   4.6780065E-03
   1.5458734E+03   6.0200000E+02   5.0900000E+02   3.6240636E-03   1.3706143E-03
   1.5458810E+03   6.0100000E+02   5.1000000E+02   3.2348314E-03   5.2612453E-03
   1.5458885E+03   5.6500000E+02   4.7900000E+02   4.5788003E-03   1.7012421E-03
   1.5458960E+03   5.7000000E+02   4.9000000E+02   6.9931707E-03   1.5495638E-03
   1.5459035E+03   5.4800000E+02   4.6600000E+02   1.2546836E-02   1.2878810E-02
   1.5459111E+03   6.0800000E+02   5.2700000E+02   9.2238796E-03   1.4998399E-02
   1.5459186E+03   5.8600000E+02   5.0800000E+02   6.9404008E-03   1.0022756E-02
   1.5459261E+03   5.8400000E+02   4.8500000E+02   9.4100854E-03   9.1728164E-03
   1.5459337E+03   6.3000000E+02   5.3700000E+02   2.7290595E-02   2.9339104E-02
   1.5459412E+03   5.8600000E+02   5.0800000E+02   1.7880886E-02   2.1320837E-02
   1.5459487E+03   5.9300000E+02   4.9800000E+02   9.4485607E-03   1.3450267E-02
   1.5459562E+03   6.2200000E+02   5.3700000E+02   3.1729682E-03   6.6549725E-03
   1.5459638E+03   5.9300000E+02   5.2600000E+02   7.8992858E-03   6.5204686E-03
   1.5459713E+03   5.9600000E+02   5.2000000E+02   1.0544848E-02   8.3669525E-03
   1.5459788E+03   6.0800000E+02   5.3900000E+02   1.2815259E-02   1.2621395E-02
   1.5459864E+03   6.3600000E+02   5.4800000E+02   1.2083838E-02   9.4388970E-03
   1.5459939E+03   6.3100000E+02   5.5100000E+02   5.3141372E-03   8.6694136E-03
   1.5460014E+03   5.9000000E+02   5.0700000E+02   6.8345017E-03   7.9346889E-03
   1.5460089E+03   6.6000000E+02   5.6200000E+02   8.5389079E-03   8.9012851E-03
   1.5460165E+03   6.2300000E+02   5.4400000E+02   1.3701157E-02   1.2170180E-02
   1.5460240E+03   6.5900000E+02   5.6100000E+02   1.2966151E-02   1.0575606E-02
   1.5460315E+03   6.7200000E+02   5.6100000E+02   8.9686604E-03   1.4265152E-03
   1.5460391E+03   6.7800000E+02   5.7900000E+02   6.7397648E-03   7.0678693E-03
   1.5460466E+03   6.4300000E+02   5.5200000E+02   1.4413735E-02   1.3858273E-02
   1.5460541E+03   6.2400000E+02   5.1700000E+02   6.5601743E-03   7.3085939E-03
   1.5460616E+03   6.6700000E+02   5.5700000E+02   1.0039337E-02   1.0730088E-02
   1.5460692E+03   6.1600000E+02   5.3100000E+02   1.0220915E-02   1.5066987E-02
   1.5460767E+03   6.4400000E+02   5.5300000E+02   1.2755245E-02   8.0993249E-03
   1.5460842E+03   6.3500000E+02   5.4000000E+02   4.7935231E-03   4.1271005E-03
   1.5460917E+03   6.6600000E+02   5.5600000E+02   1.2568207E-02   4.6481276E-03
   1.5460993E+03   6.9300000E+02   5.7700000E+02   9.5817856E-03   8.1315067E-03
   1.5461068E+03   7.0700000E+02   5.9600000E+02   7.6358365E-03   9.3883325E-03
   1.5461143E+03   6.7600000E+02   5.8200000E+02   1.3658392E-02   1.7480008E-02
   1.5461219E+03   6.7600000E+02   5.6500000E+02   1.6720835E-02   1.6802640E-02
   1.5461294E+03   7.1500000E+02   5.9800000E+02   3.8983487E-03   7.2761956E-03
   1.5461369E+03   6.7200000E+02   5.6800000E+02   3.6968565E-03   2.7452752E-03
   1.5461444E+03   6.5600000E+02   5.4200000E+02   1.4569207E-02   1.4695500E-02
   1.5461520E+03   6.8400000E+02   5.8400000E+02   8.9111808E-03   9.3009014E-03
   1.5461595E+03   7.3200000E+02   5.9400000E+02   8.6154383E-03   1.2419456E-02
   1.5461670E+03   7.5700000E+02   6.3100000E+02   6.6599075E-03   4.1751214E-03
   1.5461746E+03   7.4500000E+02   5.9400000E+02   1.8391703E-02   1.7276739E-02
   1.5461821E+03   6.9600000E+02   5.5800000E+02   3.7994474E-03   1.2314840E-03
   1.5461896E+03   7.7600000E+02   6.2600000E+02   9.3157923E-03   7.7462234E-03
   1.5461971E+03   7.8100000E+02   6.3400000E+02   1.5344723E-02   1.4271623E-02
   1.5462047E+03   7.2900000E+02   5.8700000E+02   7.5783043E-03   1.4578094E-02
   1.5462122E+03   7.6500000E+02   5.9800000E+02   1.5844377E-03   1.0966161E-02
   1.5462197E+03   7.7500000E+02   6.0700000E+02   1.1719897E-02   1.8836638E-02
   1.5462273E+03   7.7700000E+02   6.2300000E+02   3.5471029E-03   2.8237050E-03
   1.5462348E+03   7.5500000E+02   6.0300000E+02   7.2979727E-03   6.5102715E-03
   1.5462423E+03   7.9300000E+02   6.1100000E+02   1.5257757E-02   1.6034492E-02
   1.5462498E+03   8.4200000E+02   6.4500000E+02   1.6564270E-02   1.5622120E-02
   1.5462574E+03   8.4300000E+02   6.5500000E+02   7.0956865E-03   4.9142406E-03
   1.5462649E+03   7.6700000E+02   5.8200000E+02   8.3253850E-03   2.5569971E-03
   1.5462724E+03   7.9800000E+02   6.2600000E+02   1.4709443E-02   1.2820185E-02
   1.5462800E+03   7.8700000E+02   6.0500000E+02   4.5833308E-03   9.7568187E-03
   1.5462875E+03   8.6600000E+02   6.6200000E+02   1.0477074E-02   9.6408108E-03
   1.5462950E+03   8.3700000E+02   6.5700000E+02   3.6814756E-03   9.5857321E-03
   1.5463025E+03   8.6300000E+02   6.8100000E+02   1.0234879E-02   8.1951808E-03
   1.5463101E+03   8.5900000E+02   6.2400000E+02   3.1030954E-03   5.6514596E-03
   1.5463176E+03   8.6000000E+02   6.2900000E+02   1.0862755E-02   5.3997624E-03
   1.5463251E+03   9.0500000E+02   6.5000000E+02   1.4062159E-02   1.1410194E-02
   1.5463327E+03   8.1300000E+02   6.0500000E+02   1.2501610E-02   8.2385483E-03
   1.5463402E+03   9.3000000E+02   6.6900000E+02   2.5623746E-03   4.9248448E-03
   1.5463477E+03   9.3100000E+02   6.7000000E+02   7.2831307E-03   3.4417178E-03
   1.5463552E+03   9.5500000E+02   7.0800000E+02   7.5367449E-03   7.1782717E-03
   1.5463628E+03   9.4300000E+02   6.7700000E+02   7.0628155E-03   1.0531655E-02
   1.5463703E+03   9.2500000E+02   6.5400000E+02   9.0344541E-03   6.2770259E-03
   1.5463778E+03   9.5300000E+02   6.9200000E+02   9.0603530E-03   9.0076430E-03
   1.5463854E+03   9.4200000E+02   6.5900000E+02   1.4869682E-02   1.9598780E-02
   1.5463929E+03   9.4000000E+02   6.2700000E+02   5.8490098E-03   1.1655187E-02
   1.5464004E+03   1.0160000E+03   6.9600000E+02   7.0104180E-03   7.5521935E-03
   1.5464079E+03   1.0960000E+03   7.6200000E+02   3.5669871E-03   4.5366890E-03
   1.5464155E+03   1.0570000E+03   7.0600000E+02   3.5891899E-03   2.2466861E-03
   1.5464230E+03   1.0310000E+03   6.4800000E+02   6.5356100E-03   1.2130686E-02
   1.5464305E+03   1.0620000E+03   7.0100000E+02   6.0293401E-03   1.1890754E-02
   1.5464381E+03   1.0970000E+03   7.0200000E+02   8.0954856E-03   7.2490657E-03
   1.5464456E+03   1.1040000E+03   7.0400000E+02   1.2581453E-02   1.5429474E-03
   1.5464531E+03   1.1710000E+03   7.2500000E+02   9.4119653E-03   8.9721395E-03
   1.5464606E+03   1.1970000E+03   7.5200000E+02   6.1308397E-03   7.5807338E-03
   1.5464682E+03   1.2570000E+03   7.8300000E+02   1.2141041E-02   8.9559527E-03
   1.5464757E+03   1.2360000E+03   7.4900000E+02   9.3396944E-03   9.1098659E-03
   1.5464832E+03   1.2370000E+03   7.4500000E+02   5.6673940E-03   1.8384151E-02
   1.5464908E+03   1.2760000E+03   7.6800000E+02   6.3942494E-03   7.3450723E-03
   1.5464983E+03   1.2950000E+03   7.3400000E+02   4.1762419E-03   5.2473253E-03
   1.5465058E+03   1.2610000E+03   7.5900000E+02   8.1987532E-03   5.7164495E-03
   1.5465133E+03   1.3930000E+03   7.8200000E+02   7.4390281E-03   7.6287322E-03
   1.5465209E+03   1.3250000E+03   7.3400000E+02   2.4792460E-03   9.2553017E-03
   1.5465284E+03   1.3850000E+03   7.4000000E+02   7.7474902E-03   1.0637039E-02
   1.5465359E+03   1.5110000E+03   7.8600000E+02   7.5418290E-03   1.3733856E-02
   1.5465434E+03   1.4960000E+03   8.0700000E+02   1.0199897E-03   5.1142074E-03
   1.5465510E+03   1.5550000E+03   7.9500000E+02   3.3533608E-03   2.2037633E-03
   1.5465585E+03   1.5940000E+03   8.0300000E+02   8.7901010E-03   9.2306376E-03
   1.5465660E+03   1.5650000E+03   7.7800000E+02   7.6046355E-03   9.6342786E-03
   1.5465736E+03   1.7050000E+03   8.3200000E+02   3.8949840E-03   1.1647469E-02
   1.5465811E+03   1.7070000E+03   8.0500000E+02   5.0108596E-03   6.0772870E-03
   1.5465886E+03   1.8330000E+03   8.2100000E+02   7.7208963E-03   1.4311034E-02
   1.5465961E+03   1.9520000E+03   9.0900000E+02   8.4534668E-03   1.1818557E-02
   1.5466037E+03   2.0010000E+03   8.6000000E+02   3.8883365E-03   1.1546884E-02
   1.5466112E+03   2.0320000E+03   8.5200000E+02   2.6803110E-03   6.5240596E-03
   1.5466187E+03   2.1430000E+03   8.9400000E+02   1.9940250E-03   5.5673902E-03
   1.5466263E+03   2.2210000E+03   8.7000000E+02   3.7182453E-03   8.5725588E-03
   1.5466338E+03   2.3310000E+03   9.3900000E+02   1.9134628E-03   1.9999866E-03
   1.5466413E+03   2.5040000E+03   9.7300000E+02   2.5523377E-03   1.9208541E-02
   1.5466488E+03   2.4780000E+03   9.1500000E+02   7.4516223E-03   1.4064527E-02
   1.5466564E+03   2.6770000E+03   9.8400000E+02   2.9138526E-03   1.0388452E-02
   1.5466639E+03   2.7030000E+03   9.4600000E+02   4.6652794E-03   3.8323165E-03
   1.5466714E+03   2.8440000E+03   1.0110000E+03   4.2571521E-03   9.1091270E-03
   1.5466790E+03   2.9060000E+03   9.9000000E+02   3.4051494E-03   5.8878136E-03
   1.5466865E+03   2.9440000E+03   9.9700000E+02   8.3750897E-03   7.2916620E-03
   1.5466940E+03   3.2310000E+03   1.0350000E+03   5.0089427E-03   5.7408634E-03
   1.5467015E+03   3.2370000E+03   1.0110000E+03   5.1283667E-03   8.6646398E-03
   1.5467091E+03   3.3530000E+03   1.0090000E+03   1.6636567E-03   1.0201782E-02
   1.5467166E+03   3.4250000E+03   1.0390000E+03   6.3130781E-03   9.8029172E-03
   1.5467241E+03   3.5610000E+03   1.0640000E+03   1.1662141E-03   5.9799918E-03
   1.5467317E+03   3.8310000E+03   1.1440000E+03   1.1054828E-02   2.3400108E-03
   1.5467392E+03   4.0250000E+03   1.1640000E+03   5.9205554E-03   8.7624451E-03
   1.5467467E+03   3.7770000E+03   1.0250000E+03   1.2929541E-03   8.7165219E-03
   1.5467542E+03   4.0870000E+03   1.0960000E+03   4.9952073E-03   7.6191279E-03
   1.5467618E+03   4.3250000E+03   1.1910000E+03   1.2993703E-04   5.5240259E-03
   1.5467693E+03   4.4510000E+03   1.1430000E+03   5.2102626E-03   1.0482278E-02
   1.5467768E+03   4.4540000E+03   1.1330000E+03   3.5416554E-03   1.5923168E-02
   1.5467844E+03   4.5330000E+03   1.1380000E+03   5.1942579E-03   3.7544809E-03
   1.5467919E+03   4.5670000E+03   1.1690000E+03   5.0962970E-04   6.1532925E-03
   1.5467994E+03   4.8000000E+03   1.2380000E+03   3.6971386E-03   2.4934183E-03
   1.5468069E+03   4.9070000E+03   1.3050000E+03   2.5721657E-03   1.5402312E-03
   1.5468145E+03   5.1920000E+03   1.3490000E+03   4.7362041E-03   1.0088277E-02
   1.5468220E+03   5.2040000E+03   1.2770000E+03   4.3198461E-04   5.8332668E-03
   1.5468295E+03   5.2650000E+03   1.3700000E+03   6.9188284E-03   8.7160692E-03
   1.5468371E+03   5.3860000E+03   1.4430000E+03   1.5179831E-03   4.3263114E-03
   1.5468446E+03   5.5220000E+03   1.3780000E+03   4.0269496E-03   3.3950387E-03
   1.5468521E+03   5.4380000E+03   1.3940000E+03   4.8371501E-03   3.4321956E-03
   1.5468596E+03   5.6230000E+03   1.4350000E+03   3.9414012E-03   1.0609841E-02
   1.5468672E+03   5.7840000E+03   1.5420000E+03   6.3183309E-03   8.3946483E-03
   1.5468747E+03   5.8600000E+03   1.5390000E+03   5.7342051E-03   1.1703487E-02
   1.5468822E+03   5.9860000E+03   1.5710000E+03   4.7853600E-03   4.3540916E-03
   1.5468898E+03   6.0900000E+03   1.6740000E+03   3.2368892E-03   2.9806533E-03
   1.5468973E+03   6.1950000E+03   1.7000000E+03   3.7092077E-03   8.5768320E-03
   1.5469048E+03   6.4490000E+03   1.7650000E+03   4.9258349E-03   7.3262588E-03
   1.5469123E+03   6.4040000E+03   1.7820000E+03   1.1262569E-03   7.6988481E-06
   1.5469199E+03   6.5320000E+03   1.8940000E+03   6.2883243E-03   9.9398928E-03
   1.5469274E+03   6.6930000E+03   1.8860000E+03   3.3884442E-03   1.6051370E-02
   1.5469349E+03   6.6410000E+03   1.9610000E+03   5.8721482E-03   1.1537829E-02
   1.5469425E+03   6.7740000E+03   2.0070000E+03   7.0989398E-04   5.2147865E-03
   1.5469500E+03   6.9310000E+03   2.1540000E+03   1.8640692E-03   9.5735319E-03
   1.5469575E+03   7.0440000E+03   2.0970000E+03   5.6130980E-03   1.2083406E-02
   1.5469650E+03   7.1860000E+03   2.2160000E+03   3.7810228E-03   6.0830350E-03
   1.5469726E+03   7.2870000E+03   2.3490000E+03   1.9783141E-03   2.8655760E-03
   1.5469801E+03   7.2220000E+03   2.3080000E+03   3.3446993E-03   5.3429117E-03
   1.5469876E+03   7.5200000E+03   2.4800000E+03   4.6474887E-03   6.7226741E-03
   1.5469951E+03   7.5570000E+03   2.5500000E+03   3.0290635E-03   2.9400303E-03
   1.5470027E+03   7.6300000E+03   2.6530000E+03   6.1362818E-03   8.4654901E-03
   1.5470102E+03   7.6320000E+03   2.6720000E+03   1.0811505E-03   5.0074107E-03
   1.5470177E+03   7.8000000E+03   2.8530000E+03   3.3664411E-03   3.1190350E-03
   1.5470253E+03   8.0480000E+03   2.9440000E+03   4.0243301E-03   7.1953478E-03
   1.5470328E+03   8.0550000E+03   2.9940000E+03   4.3423677E-03   2.0612100E-03
   1.5470403E+03   8.1040000E+03   3.0500000E+03   4.4406479E-03   4.0503268E-03
   1.5470478E+03   8.0500000E+03   3.1800000E+03   3.3960905E-03   7.2714500E-03
   1.5470554E+03   8.2170000E+03   3.3040000E+03   3.6094633E-03   3.3383678E-03
   1.5470629E+03   8.3860000E+03   3.2750000E+03   1.7884639E-03   5.9518893E-03
   1.5470704E+03   8.3590000E+03   3.4470000E+03   1.8458356E-03   8.3469523E-03
   1.5470780E+03   8.4450000E+03   3.5500000E+03   4.0677342E-03   4.9316412E-03
   1.5470855E+03   8.6950000E+03   3.6870000E+03   3.2469357E-03   4.0429313E-03
   1.5470930E+03   8.8990000E+03   3.7540000E+03   1.3309319E-03   3.0979762E-03
   1.5471005E+03   8.9070000E+03   3.8060000E+03   1.8891222E-03   3.8152472E-03
   1.5471081E+03   8.9460000E+03   3.8660000E+03   4.3782512E-03   5.7766288E-03
   1.5471156E+03   8.9890000E+03   4.0080000E+03   3.7045063E-03   6.6670980E-03
   1.5471231E+03   9.1300000E+03   4.1090000E+03   4.6038130E-03   4.7890711E-03
   1.5471307E+03   9.1270000E+03   4.2230000E+03   2.9550388E-03   8.7367138E-03
   1.5471382E+03   9.4470000E+03   4.4390000E+03   1.6028938E-03   2.2790643E-03
   1.5471457E+03   9.3750000E+03   4.4750000E+03   3.5320888E-03   4.3214030E-03
   1.5471532E+03   9.5670000E+03   4.6340000E+03   3.5844570E-03   1.3589547E-03
   1.5471608E+03   9.5890000E+03   4.6390000E+03   4.0590450E-03   6.8425250E-03
   1.5471683E+03   9.7680000E+03   4.7990000E+03   3.4482292E-03   2.5349729E-03
   1.5471758E+03   1.0043000E+04   4.9430000E+03   7.8193279E-04   4.2673665E-03
   1.5471834E+03   1.0093000E+04   5.0310000E+03   2.5859364E-03   2.1656547E-03
   1.5471909E+03   1.0127000E+04   5.0490000E+03   2.9282556E-03   2.7309620E-03
   1.5471984E+03   1.0078000E+04   5.0020000E+03   1.1726954E-03   1.0680415E-03
   1.5472059E+03   1.0149000E+04   5.1940000E+03   1.1390205E-03   2.3441320E-03
   1.5472135E+03   1.0341000E+04   5.3660000E+03   3.3196087E-03   2.0967770E-03
   1.5472210E+03   1.0275000E+04   5.3430000E+03   1.3680186E-03   1.8871002E-03
   1.5472285E+03   1.0348000E+04   5.3530000E+03   2.1822619E-03   4.9404206E-03
   1.5472361E+03   1.0675000E+04   5.7680000E+03   2.6805285E-04   3.4034659E-03
   1.5472436E+03   1.0535000E+04   5.6590000E+03   2.4376200E-03   3.3698928E-03
   1.5472511E+03   1.0516000E+04   5.6280000E+03   2.3484854E-03   2.8436839E-03
   1.5472586E+03   1.0714000E+04   5.8190000E+03   3.7771279E-03   4.4224458E-03
   1.5472662E+03   1.0818000E+04   5.9640000E+03   3.9514350E-03   5.8117917E-03
   1.5472737E+03   1.0988000E+04   6.1250000E+03   1.9276195E-03   2.1139590E-03
   1.5472812E+03   1.0736000E+04   6.0120000E+03   6.1078773E-04   1.9669353E-03
   1.5472888E+03   1.0732000E+04   6.1480000E+03   3.4626135E-03   4.3311051E-03
   1.5472963E+03   1.0519000E+04   6.1730000E+03   2.1416870E-03   6.7220365E-03
   1.5473038E+03   1.0608000E+04   6.2460000E+03   1.9528167E-03   2.1815556E-03
   1.5473113E+03   1.0563000E+04   6.4960000E+03   2.6572516E-03   2.5796419E-03
   1.5473189E+03   1.0523000E+04   6.4590000E+03   2.0755598E-03   2.5232688E-03
   1.5473264E+03   1.0235000E+04   6.6640000E+03   2.1117157E-03   1.4251668E-03
   1.5473339E+03   1.0210000E+04   6.6670000E+03   4.4690425E-03   6.7049492E-03
   1.5473415E+03   9.9760000E+03   6.7350000E+03   5.6274920E-04   1.5002222E-03
   1.5473490E+03   9.7510000E+03   6.7900000E+03   3.8783222E-03   4.2255437E-03
   1.5473565E+03   9.6310000E+03   6.7680000E+03   2.3692175E-03   1.6416050E-03
   1.5473640E+03   9.6070000E+03   7.0680000E+03   3.3032914E-03   3.0453666E-03
   1.5473716E+03   9.0690000E+03   6.9130000E+03   4.0536588E-03   4.3751553E-03
   1.5473791E+03   9.3130000E+03   7.1660000E+03   1.7770041E-03   1.9320332E-03
   1.5473866E+03   9.0350000E+03   7.1970000E+03   2.5891767E-03   2.0457275E-03
   1.5473942E+03   8.8300000E+03   7.2800000E+03   1.6428588E-03   2.3467587E-03
   1.5474017E+03   8.7770000E+03   7.2970000E+03   2.1632430E-03   2.3990102E-03
   1.5474092E+03   8.4560000E+03   7.2390000E+03   2.8101302E-03   3.4699602E-03
   1.5474167E+03   8.4620000E+03   7.4630000E+03   5.2049868E-03   5.4143254E-03
   1.5474243E+03   8.3380000E+03   7.4990000E+03   2.3102541E-03   1.9787075E-03
   1.5474318E+03   8.2910000E+03   7.6390000E+03   1.0441590E-03   1.2366172E-03
   1.5474393E+03   7.9950000E+03   7.4790000E+03   8.6123450E-04   5.6689403E-04
   1.5474468E+03   7.7630000E+03   7.3990000E+03   3.5409750E-03   3.6622855E-03
   1.5474544E+03   7.5860000E+03   7.2390000E+03   1.4389406E-03   1.6315075E-03
   1.5474619E+03   7.5400000E+03   7.3160000E+03   3.8345163E-03   3.8793028E-03
   1.5474694E+03   7.2830000E+03   7.0910000E+03   3.5426334E-03   3.6411337E-03
   1.5474770E+03   7.2190000E+03   7.0400000E+03   1.9045746E-03   1.8212934E-03
   1.5474845E+03   7.0360000E+03   6.8760000E+03   2.0435503E-03   2.0884500E-03
   1.5474920E+03   6.8300000E+03   6.6780000E+03   4.2300817E-03   4.3235315E-03
   1.5474995E+03   6.6580000E+03   6.5240000E+03   1.1874809E-03   1.2343992E-03
   1.5475071E+03   6.5130000E+03   6.3970000E+03   9.9770672E-04   1.0154633E-03
   1.5475146E+03   6.4510000E+03   6.3130000E+03   1.6298099E-03   1.6527140E-03
   1.5475221E+03   6.1880000E+03   6.0380000E+03   3.2384339E-03   3.3190681E-03
   1.5475297E+03   5.9710000E+03   5.8210000E+03   1.9134772E-03   1.9628860E-03
   1.5475372E+03   5.8850000E+03   5.7310000E+03   4.4104263E-03   4.5298814E-03
   1.5475447E+03   5.6660000E+03   5.5060000E+03   2.3664617E-03   2.4337244E-03
   1.5475522E+03   5.5210000E+03   5.3180000E+03   5.7133396E-03   5.9313239E-03
   1.5475598E+03   5.4140000E+03   5.2160000E+03   2.9511866E-03   3.0625427E-03
   1.5475673E+03   4.9670000E+03   4.7810000E+03   5.6903794E-03   5.9118293E-03
   1.5475748E+03   4.9140000E+03   4.7230000E+03   6.4450494E-03   6.7057458E-03
   1.5475824E+03   4.7760000E+03   4.5550000E+03   1.6753721E-03   1.7565676E-03
   1.5475899E+03   4.7150000E+03   4.4960000E+03   3.2580599E-03   3.4169019E-03
   1.5475974E+03   4.4380000E+03   4.1890000E+03   4.3901167E-03   4.6510080E-03
   1.5476049E+03   4.2390000E+03   3.9970000E+03   2.0623000E-03   2.1873866E-03
   1.5476125E+03   4.2720000E+03   4.0020000E+03   9.3017874E-04   9.9439746E-04
   1.5476200E+03   3.9870000E+03   3.7230000E+03   2.0518604E-03   2.1968008E-03
   1.5476275E+03   3.8420000E+03   3.5810000E+03   5.1078677E-03   5.4812301E-03
   1.5476351E+03   3.7440000E+03   3.4570000E+03   2.0434560E-03   2.2133659E-03
   1.5476426E+03   3.5980000E+03   3.3010000E+03   2.2674378E-03   2.4717193E-03
   1.5476501E+03   3.4300000E+03   3.1180000E+03   8.1685532E-03   8.9863261E-03
   1.5476576E+03   3.3450000E+03   2.9950000E+03   2.4018545E-03   2.6700369E-03
   1.5476652E+03   3.1500000E+03   2.8020000E+03   2.3889425E-03   2.6968962E-03
   1.5476727E+03   3.1450000E+03   2.7550000E+03   2.7495299E-03   3.1406255E-03
   1.5476802E+03   2.9840000E+03   2.6060000E+03   5.4636992E-03   6.2551543E-03
   1.5476878E+03   2.8380000E+03   2.4540000E+03   8.7990433E-03   1.0168687E-02
   1.5476953E+03   2.7310000E+03   2.3280000E+03   6.6050339E-03   7.7465876E-03
   1.5477028E+03   2.6640000E+03   2.2800000E+03   5.7197691E-03   6.6815797E-03
   1.5477103E+03   2.5660000E+03   2.1720000E+03   3.4973577E-03   4.1497326E-03
   1.5477179E+03   2.5170000E+03   2.1050000E+03   6.1312412E-03   7.3320923E-03
   1.5477254E+03   2.5910000E+03   2.1710000E+03   3.9359663E-03   4.6808156E-03
   1.5477329E+03   2.4490000E+03   1.9840000E+03   3.6906253E-03   4.5816598E-03
   1.5477405E+03   2.3790000E+03   1.9430000E+03   4.9100979E-03   6.0188988E-03
   1.5477480E+03   2.2240000E+03   1.8110000E+03   4.5730529E-03   5.6208520E-03
   1.5477555E+03   2.2270000E+03   1.8040000E+03   9.5327264E-03   1.1784361E-02
   1.5477630E+03   2.2250000E+03   1.7450000E+03   3.8423583E-03   4.8986151E-03
   1.5477706E+03   2.2660000E+03   1.8020000E+03   2.8256218E-03   3.5636781E-03
   1.5477781E+03   2.3060000E+03   1.8310000E+03   3.3466484E-03   4.2150970E-03
   1.5477856E+03   2.1680000E+03   1.7230000E+03   5.0057004E-03   6.2734055E-03
   1.5477932E+03   2.2740000E+03   1.7580000E+03   6.8129438E-03   8.8171082E-03
   1.5478007E+03   2.1810000E+03   1.6930000E+03   6.3829926E-03   8.2210886E-03
   1.5478082E+03   2.2230000E+03   1.7370000E+03   4.4280215E-03   5.6717605E-03
   1.5478157E+03   2.1490000E+03   1.6800000E+03   7.8463193E-03   1.0045582E-02
   1.5478233E+03   2.2590000E+03   1.7310000E+03   7.9154706E-03   1.0264106E-02
   1.5478308E+03   2.2110000E+03   1.7000000E+03   5.5633650E-03   7.1988973E-03
   1.5478383E+03   2.1740000E+03   1.6560000E+03   6.2397722E-03   8.1939784E-03
   1.5478459E+03   2.1210000E+03   1.6030000E+03   1.8558025E-03   2.4613378E-03
   1.5478534E+03   2.2080000E+03   1.6730000E+03   3.6925293E-03   4.8766726E-03
   1.5478609E+03   2.1910000E+03   1.6450000E+03   6.3237183E-03   8.3849905E-03
   1.5478684E+03   2.1610000E+03   1.6090000E+03   2.7287467E-03   3.5777590E-03
   1.5478760E+03   2.2260000E+03   1.6350000E+03   3.8238644E-03   5.2066225E-03
   1.5478835E+03   2.1540000E+03   1.6250000E+03   3.5627102E-03   4.7636451E-03
   1.5478910E+03   2.2320000E+03   1.6670000E+03   4.4280132E-03   5.9269767E-03
   1.5478985E+03   2.1840000E+03   1.6460000E+03   6.3357560E-04   8.5180524E-04
   1.5479061E+03   2.3240000E+03   1.7410000E+03   5.6716634E-03   7.6456591E-03
   1.5479136E+03   2.2030000E+03   1.6110000E+03   2.1270655E-03   2.8789726E-03
   1.5479211E+03   2.1890000E+03   1.6200000E+03   6.0217298E-03   8.1163667E-03
   1.5479287E+03   2.2700000E+03   1.6660000E+03   3.4420534E-03   4.6408156E-03
   1.5479362E+03   2.3380000E+03   1.7260000E+03   1.2194049E-03   1.7342530E-03
   1.5479437E+03   2.2650000E+03   1.7080000E+03   8.2026975E-04   1.0558338E-03
   1.5479512E+03   2.3290000E+03   1.7340000E+03   2.9213908E-03   3.9819768E-03
   1.5479588E+03   2.4060000E+03   1.7790000E+03   2.9766424E-03   4.0460370E-03
   1.5479663E+03   2.3040000E+03   1.7390000E+03   2.0585352E-03   2.6429079E-03
   1.5479738E+03   2.3310000E+03   1.7700000E+03   3.9201244E-03   5.1685031E-03
   1.5479814E+03   2.3880000E+03   1.7820000E+03   1.4416375E-03   1.8089116E-03
   1.5479889E+03   2.3370000E+03   1.7220000E+03   2.2631053E-03   3.1288766E-03
   1.5479964E+03   2.3790000E+03   1.8180000E+03   4.0118753E-03   5.2413485E-03
   1.5480039E+03   2.3820000E+03   1.7840000E+03   3.2927537E-03   4.4065130E-03
   1.5480115E+03   2.5030000E+03   1.8810000E+03   3.0539446E-03   4.1037971E-03
   1.5480190E+03   2.3560000E+03   1.7560000E+03   2.8509743E-03   3.7540677E-03
   1.5480265E+03   2.4210000E+03   1.8140000E+03   2.0454544E-03   2.6982797E-03
   1.5480341E+03   2.3740000E+03   1.7750000E+03   1.3427624E-03   1.8152835E-03
   1.5480416E+03   2.4850000E+03   1.8540000E+03   1.5281807E-03   2.0937287E-03
   1.5480491E+03   2.4770000E+03   1.8540000E+03   6.3667628E-04   8.6800521E-04
   1.5480566E+03   2.6470000E+03   2.0010000E+03   1.4133225E-03   1.8790829E-03
   1.5480642E+03   2.5300000E+03   1.8980000E+03   2.1507172E-03   2.8062367E-03
   1.5480717E+03   2.5470000E+03   1.8980000E+03   1.6238726E-03   2.3068964E-03
   1.5480792E+03   2.5390000E+03   1.9090000E+03   2.1358369E-03   2.8343702E-03
   1.5480868E+03   2.6250000E+03   1.9620000E+03   2.9988823E-03   4.0995292E-03
   1.5480943E+03   2.6440000E+03   1.9540000E+03   2.4815352E-03   3.3104206E-03
   1.5481018E+03   2.6990000E+03   2.0120000E+03   4.1589446E-03   5.6404976E-03
   1.5481093E+03   2.6430000E+03   1.9670000E+03   3.9583603E-03   5.3060857E-03
   1.5481169E+03   2.7150000E+03   2.0160000E+03   2.2041147E-03   2.9369409E-03
   1.5481244E+03   2.7440000E+03   2.0680000E+03   5.0073563E-04   6.4414343E-04
   1.5481319E+03   2.7150000E+03   2.0680000E+03   1.4118516E-03   1.9442585E-03
   1.5481395E+03   2.9310000E+03   2.2160000E+03   2.7658267E-03   3.6926876E-03
   1.5481470E+03   2.7880000E+03   2.1450000E+03   3.3386966E-03   4.2702113E-03
   1.5481545E+03   2.7740000E+03   2.1100000E+03   1.4343141E-03   1.9303799E-03
   1.5481620E+03   2.8530000E+03   2.1490000E+03   1.6999034E-03   2.1705074E-03
   1.5481696E+03   2.8310000E+03   2.1840000E+03   3.9097238E-03   5.0715674E-03
   1.5481771E+03   2.8630000E+03   2.1860000E+03   7.3981261E-04   9.7209403E-04
   1.5481846E+03   2.9100000E+03   2.2160000E+03   1.7597246E-03   2.3437833E-03
   1.5481922E+03   2.9250000E+03   2.2500000E+03   1.2184529E-03   1.5271767E-03
   1.5481997E+03   2.8890000E+03   2.2280000E+03   2.4557439E-03   3.3033878E-03
   1.5482072E+03   3.0280000E+03   2.3090000E+03   3.3083343E-03   4.4254927E-03
   1.5482147E+03   2.9750000E+03   2.2630000E+03   2.1654972E-03   2.8074759E-03
   1.5482223E+03   3.0450000E+03   2.2830000E+03   1.7085386E-03   2.2407433E-03
   1.5482298E+03   3.0930000E+03   2.3980000E+03   2.4572704E-03   3.1813894E-03
   1.5482373E+03   3.0710000E+03   2.3600000E+03   2.3617260E-03   3.1226099E-03
   1.5482449E+03   3.0890000E+03   2.3940000E+03   1.8945299E-03   2.4811657E-03
   1.5482524E+03   3.1350000E+03   2.4400000E+03   2.6069728E-03   3.3294121E-03
   1.5482599E+03   3.1730000E+03   2.4660000E+03   2.7792246E-04   4.7236265E-04
   1.5482674E+03   3.1440000E+03   2.4690000E+03   2.1697519E-03   2.6579142E-03
   1.5482750E+03   3.1990000E+03   2.4490000E+03   4.1426044E-04   5.5927459E-04
   1.5482825E+03   3.1700000E+03   2.4520000E+03   1.1708505E-03   1.4965631E-03
   1.5482900E+03   3.3690000E+03   2.5970000E+03   2.5568500E-03   3.2974464E-03
   1.5482976E+03   3.2930000E+03   2.5690000E+03   7.1531669E-04   7.6461635E-04
   1.5483051E+03   3.1970000E+03   2.5040000E+03   1.5493594E-03   1.9950874E-03
   1.5483126E+03   3.4020000E+03   2.6220000E+03   2.2211494E-03   2.8640128E-03
   1.5483201E+03   3.3820000E+03   2.6320000E+03   1.7953593E-03   2.2567439E-03
   1.5483277E+03   3.4080000E+03   2.6920000E+03   2.3860690E-03   3.0898161E-03
   1.5483352E+03   3.4630000E+03   2.6960000E+03   9.6494268E-04   1.2944120E-03
   1.5483427E+03   3.4250000E+03   2.6760000E+03   3.6475058E-04   4.3849517E-04
   1.5483502E+03   3.5050000E+03   2.7100000E+03   1.8288440E-03   2.3683347E-03
   1.5483578E+03   3.4090000E+03   2.6430000E+03   1.7134034E-03   2.1937160E-03
   1.5483653E+03   3.4960000E+03   2.7440000E+03   8.0697126E-04   9.6220484E-04
   1.5483728E+03   3.5710000E+03   2.8270000E+03   1.0662028E-03   1.3604382E-03
   1.5483804E+03   3.5460000E+03   2.7720000E+03   1.8614419E-03   2.4144283E-03
   1.5483879E+03   3.4740000E+03   2.7560000E+03   4.8041530E-04   6.4908092E-04
   1.5483954E+03   3.6530000E+03   2.8870000E+03   3.2775921E-03   4.1675515E-03
   1.5484029E+03   3.6350000E+03   2.8540000E+03   1.3220399E-03   1.7049600E-03
   1.5484105E+03   3.5920000E+03   2.8310000E+03   1.3510801E-03   1.7281613E-03
   1.5484180E+03   3.6840000E+03   2.9130000E+03   2.5288439E-03   3.1826145E-03
   1.5484255E+03   3.7190000E+03   2.8970000E+03   4.3646652E-04   5.2220258E-04
   1.5484331E+03   3.7420000E+03   2.9780000E+03   7.0783836E-04   8.8422895E-04
   1.5484406E+03   3.8240000E+03   3.0060000E+03   1.3365685E-03   1.7922960E-03
   1.5484481E+03   3.8650000E+03   3.0510000E+03   1.9711237E-03   2.5298333E-03
   1.5484556E+03   3.8230000E+03   3.0450000E+03   1.7986034E-03   2.2604896E-03
   1.5484632E+03   3.8500000E+03   2.9850000E+03   6.4678063E-04   6.2951745E-04
   1.5484707E+03   3.9260000E+03   3.0910000E+03   3.8999899E-04   5.5200429E-04
   1.5484782E+03   3.8980000E+03   3.0740000E+03   1.3255536E-03   1.6684491E-03
   1.5484858E+03   3.8790000E+03   3.0560000E+03   1.9508623E-03   2.4527183E-03
   1.5484933E+03   3.9240000E+03   3.0730000E+03   3.2510049E-04   4.9568704E-04
   1.5485008E+03   4.0510000E+03   3.1990000E+03   1.0238927E-03   1.3451475E-03
   1.5485083E+03   4.0190000E+03   3.1870000E+03   7.3344076E-04   9.2325921E-04
   1.5485159E+03   4.0110000E+03   3.1810000E+03   1.5243809E-03   1.8641594E-03
   1.5485234E+03   4.0430000E+03   3.1900000E+03   2.1913012E-03   2.8004512E-03
   1.5485309E+03   4.1190000E+03   3.2990000E+03   1.6590910E-03   2.1813323E-03
   1.5485385E+03   4.1940000E+03   3.3640000E+03   2.3619920E-04   2.5856402E-04
   1.5485460E+03   4.2230000E+03   3.3780000E+03   8.8975299E-04   1.0868924E-03
   1.5485535E+03   4.0260000E+03   3.2710000E+03   1.7592463E-03   2.2528950E-03
   1.5485610E+03   4.2590000E+03   3.3760000E+03   1.4286465E-03   1.9186920E-03
   1.5485686E+03   4.2260000E+03   3.3900000E+03   1.4364544E-03   1.8646057E-03
   1.5485761E+03   4.2370000E+03   3.3860000E+03   2.8643527E-03   3.6040698E-03
   1.5485836E+03   4.3430000E+03   3.5080000E+03   1.4047614E-03   1.7547241E-03
   1.5485912E+03   4.2730000E+03   3.4280000E+03   1.7911773E-03   2.1206793E-03
   1.5485987E+03   4.3090000E+03   3.4480000E+03   8.5751529E-04   1.0111611E-03
   1.5486062E+03   4.4460000E+03   3.5980000E+03   4.1891824E-04   6.4668208E-04
   1.5486137E+03   4.4560000E+03   3.6030000E+03   1.5035232E-03   1.9015309E-03
   1.5486213E+03   4.4100000E+03   3.5520000E+03   1.9996606E-04   2.9437296E-04
   1.5486288E+03   4.4500000E+03   3.5540000E+03   1.4532529E-03   1.8287516E-03
   1.5486363E+03   4.5850000E+03   3.6690000E+03   1.0573168E-03   1.2007185E-03
   1.5486439E+03   4.4920000E+03   3.6100000E+03   1.4943190E-03   1.6399798E-03
   1.5486514E+03   4.5480000E+03   3.6280000E+03   1.0405069E-03   1.2487803E-03
   1.5486589E+03   4.6770000E+03   3.7990000E+03   8.5375811E-04   1.0622838E-03
   1.5486664E+03   4.5640000E+03   3.6810000E+03   5.7645932E-04   7.1039778E-04
   1.5486740E+03   4.5340000E+03   3.6640000E+03   7.3057691E-04   8.6303223E-04
   1.5486815E+03   4.5510000E+03   3.6970000E+03   1.0104785E-03   1.2986426E-03
   1.5486890E+03   4.6970000E+03   3.7700000E+03   1.2032204E-03   1.3926171E-03
   1.5486966E+03   4.6380000E+03   3.7550000E+03   8.6439419E-05   1.3593055E-04
   1.5487041E+03   4.6920000E+03   3.7640000E+03   9.9272661E-04   1.1613657E-03
   1.5487116E+03   4.9600000E+03   4.0750000E+03   6.1317335E-04   7.6912322E-04
   1.5487191E+03   4.8510000E+03   3.8830000E+03   1.4251924E-03   1.7538902E-03
   1.5487267E+03   4.8630000E+03   3.9260000E+03   8.7092979E-04   1.0576341E-03
   1.5487342E+03   4.9430000E+03   4.0100000E+03   8.0603322E-04   9.4461124E-04
   1.5487417E+03   4.7850000E+03   3.8270000E+03   8.5140538E-04   1.0156581E-03
   1.5487493E+03   4.9790000E+03   3.9750000E+03   1.0934890E-03   1.3296812E-03
   1.5487568E+03   4.9950000E+03   4.0200000E+03   9.0644049E-04   1.2027705E-03
   1.5487643E+03   4.9540000E+03   3.9900000E+03   3.2679160E-04   3.5793246E-04
   1.5487718E+03   4.9470000E+03   3.9750000E+03   6.3242835E-04   8.1284053E-04
   1.5487794E+03   4.9660000E+03   3.9890000E+03   1.0005927E-03   1.1819384E-03
   1.5487869E+03   4.9640000E+03   3.9700000E+03   3.1433209E-04   4.8885772E-04
   1.5487944E+03   4.9790000E+03   3.9880000E+03   3.4833415E-04   4.5664272E-04
   1.5488019E+03   5.1460000E+03   4.1980000E+03   9.1510181E-04   1.1530080E-03
   1.5488095E+03   5.0860000E+03   4.0810000E+03   2.0582553E-04   3.2211522E-04
   1.5488170E+03   5.2400000E+03   4.2030000E+03   2.2581020E-04   3.0815824E-04
   1.5488245E+03   5.2340000E+03   4.2150000E+03   5.7652106E-04   7.5462063E-04
   1.5488321E+03   5.2190000E+03   4.2250000E+03   1.4217173E-03   1.8777364E-03
   1.5488396E+03   5.2170000E+03   4.1440000E+03   7.0707082E-04   9.0521707E-04
   1.5488471E+03   5.2230000E+03   4.2020000E+03   7.8590207E-04   1.0262582E-03
   1.5488546E+03   5.3740000E+03   4.3520000E+03   1.3873818E-03   1.5852143E-03
   1.5488622E+03   5.3570000E+03   4.2810000E+03   6.4887452E-04   9.4836199E-04
   1.5488697E+03   5.3130000E+03   4.2230000E+03   1.1742046E-03   1.5189442E-03
   1.5488772E+03   5.4520000E+03   4.3860000E+03   5.7496314E-04   6.5424055E-04
   1.5488848E+03   5.4420000E+03   4.3870000E+03   8.8129055E-04   1.1080606E-03
   1.5488923E+03   5.4750000E+03   4.4160000E+03   6.2138976E-04   7.7559732E-04
   1.5488998E+03   5.4920000E+03   4.4160000E+03   4.7840085E-04   6.4149574E-04
   1.5489073E+03   5.5130000E+03   4.5080000E+03   1.3692011E-04   2.4953462E-04
   1.5489149E+03   5.6080000E+03   4.4730000E+03   8.1646999E-04   1.0270484E-03
   1.5489224E+03   5.5600000E+03   4.4400000E+03   3.5830895E-04   4.1204481E-04
   1.5489299E+03   5.5520000E+03   4.5020000E+03   1.5713084E-03   1.8995273E-03
   1.5489375E+03   5.7390000E+03   4.5690000E+03   9.5782598E-04   1.2025632E-03
   1.5489450E+03   5.7810000E+03   4.6360000E+03   7.6559892E-04   9.0360956E-04
   1.5489525E+03   5.7540000E+03   4.5980000E+03   5.2245198E-04   6.5740472E-04
   1.5489600E+03   5.6190000E+03   4.5840000E+03   4.5208404E-04   4.4081497E-04
   1.5489676E+03   5.7340000E+03   4.6300000E+03   6.5578319E-04   8.7122244E-04
   1.5489751E+03   5.7990000E+03   4.6300000E+03   2.7476937E-04   2.1314713E-04
   1.5489826E+03   5.8270000E+03   4.7060000E+03   7.3700245E-04   1.0770227E-03
   1.5489902E+03   5.9180000E+03   4.7450000E+03   2.6197617E-04   3.6739169E-04
   1.5489977E+03   5.8280000E+03   4.6750000E+03   6.4732599E-04   5.8604536E-04
   1.5490052E+03   5.8650000E+03   4.6950000E+03   3.4501413E-04   3.5009949E-04
   1.5490127E+03   5.8420000E+03   4.6210000E+03   9.1100333E-04   1.1607290E-03
   1.5490203E+03   6.0450000E+03   4.7630000E+03   8.8352965E-04   1.0939043E-03
   1.5490278E+03   6.0280000E+03   4.8530000E+03   5.6007031E-04   5.0144556E-04
   1.5490353E+03   5.9450000E+03   4.6980000E+03   1.0701520E-03   1.2796402E-03
   1.5490429E+03   6.0130000E+03   4.7750000E+03   6.4717939E-04   7.6079367E-04
   1.5490504E+03   6.1490000E+03   4.8700000E+03   2.6218312E-04   4.4098937E-04
   1.5490579E+03   6.1480000E+03   4.9490000E+03   1.9090268E-04   1.9073390E-04
   1.5490654E+03   6.1940000E+03   4.9590000E+03   5.8435270E-04   6.7661351E-04
   1.5490730E+03   6.2360000E+03   4.9230000E+03   5.1191328E-04   6.1646519E-04
   1.5490805E+03   6.3880000E+03   5.0110000E+03   9.8376560E-04   1.2927127E-03
   1.5490880E+03   6.3340000E+03   4.9750000E+03   5.5457614E-04   6.3490536E-04
   1.5490956E+03   6.3680000E+03   5.0030000E+03   5.2300891E-04   6.3170137E-04
   1.5491031E+03   6.4610000E+03   5.0580000E+03   5.5767049E-04   7.4695296E-04
   1.5491106E+03   6.5020000E+03   5.0650000E+03   8.7975260E-04   1.0680834E-03
   1.5491181E+03   6.5570000E+03   5.1180000E+03   6.9916570E-04   8.0945204E-04
   1.5491257E+03   6.6590000E+03   5.2670000E+03   4.0400191E-04   5.5288324E-04
   1.5491332E+03   6.7230000E+03   5.2450000E+03   4.2236391E-04   5.6340208E-04
   1.5491407E+03   6.6100000E+03   5.1240000E+03   2.3085304E-04   2.2150511E-04
   1.5491483E+03   6.6670000E+03   5.1860000E+03   5.8027381E-04   8.1740433E-04
   1.5491558E+03   6.8020000E+03   5.3420000E+03   1.2880698E-04   1.2058011E-04
   1.5491633E+03   6.7930000E+03   5.2050000E+03   2.0841517E-04   4.2264491E-04
   1.5491708E+03   6.9440000E+03   5.3740000E+03   7.9701646E-05   1.3498825E-04
   1.5491784E+03   6.8160000E+03   5.1630000E+03   6.4832210E-04   9.6539163E-04
   1.5491859E+03   7.1190000E+03   5.3630000E+03   5.5006391E-04   5.7953028E-04
   1.5491934E+03   7.0390000E+03   5.2880000E+03   3.7634541E-05   1.2463950E-04
   1.5492010E+03   7.2800000E+03   5.4850000E+03   8.2848222E-04   9.7213419E-04
   1.5492085E+03   7.2280000E+03   5.4490000E+03   4.2898130E-04   5.5189142E-04
   1.5492160E+03   7.2900000E+03   5.4290000E+03   5.4975165E-04   7.5555387E-04
   1.5492235E+03   7.2700000E+03   5.3860000E+03   3.5364158E-04   5.4021025E-04
   1.5492311E+03   7.3930000E+03   5.3770000E+03   6.9868610E-04   8.7962816E-04
   1.5492386E+03   7.5110000E+03   5.4740000E+03   2.9836079E-04   2.6321488E-04
   1.5492461E+03   7.5850000E+03   5.5220000E+03   1.7448770E-04   2.7834518E-04
   1.5492536E+03   7.5860000E+03   5.4790000E+03   1.6428358E-04   2.5417841E-04
   1.5492612E+03   7.9510000E+03   5.6260000E+03   1.5453975E-05   1.1515600E-04
   1.5492687E+03   7.7270000E+03   5.4370000E+03   3.8289926E-04   3.3608317E-04
   1.5492762E+03   8.0420000E+03   5.6840000E+03   1.0591653E-04   1.2869599E-04
   1.5492838E+03   7.9970000E+03   5.6980000E+03   2.4932549E-04   3.2013078E-04
   1.5492913E+03   7.9100000E+03   5.5480000E+03   1.3945850E-04   3.1702528E-04
   1.5492988E+03   8.1350000E+03   5.6850000E+03   2.4971828E-04   4.3852014E-04
   1.5493063E+03   8.2790000E+03   5.7750000E+03   2.3021521E-04   3.8652791E-04
   1.5493139E+03   8.3830000E+03   5.8550000E+03   2.3337519E-04   3.1322038E-04
   1.5493214E+03   8.2930000E+03   5.7320000E+03   1.3344699E-04   1.5926805E-04
   1.5493289E+03   8.4220000E+03   5.8340000E+03   1.9362177E-04   4.7553592E-04
   1.5493365E+03   8.5020000E+03   5.7870000E+03   2.6412936E-04   4.7275386E-04
   1.5493440E+03   8.7800000E+03   6.0270000E+03   3.5445682E-04   3.1341361E-04
   1.5493515E+03   8.7730000E+03   6.0270000E+03   1.7425706E-04   3.2635394E-04
   1.5493590E+03   8.8570000E+03   5.9550000E+03   2.1504388E-04   4.0206215E-04
   1.5493666E+03   8.8200000E+03   5.8820000E+03   4.5264099E-04   6.5237344E-04
   1.5493741E+03   8.9710000E+03   5.9740000E+03   3.6855785E-04   5.0416469E-04
   1.5493816E+03   9.1360000E+03   6.0790000E+03   1.4560611E-04   1.2484061E-04
   1.5493892E+03   9.1330000E+03   6.0470000E+03   2.4500959E-04   3.0125073E-04
   1.5493967E+03   9.2770000E+03   6.1090000E+03   1.0841801E-04   1.8328343E-04
   1.5494042E+03   9.3040000E+03   6.2140000E+03   1.4099455E-04   1.2622817E-04
   1.5494117E+03   9.4030000E+03   6.1200000E+03   8.9133201E-05   2.0723073E-04
   1.5494193E+03   9.5040000E+03   6.2630000E+03   1.1532079E-04   2.2790447E-04
   1.5494268E+03   9.5310000E+03   6.2920000E+03   3.8077512E-04   5.0775833E-04
   1.5494343E+03   9.6830000E+03   6.2690000E+03   4.3431472E-04   6.1217573E-04
   1.5494419E+03   9.6760000E+03   6.3210000E+03   7.3879750E-05   2.5585289E-05
   1.5494494E+03   9.7870000E+03   6.3940000E+03   1.0553653E-04   3.5260949E-04
   1.5494569E+03   9.8260000E+03   6.3450000E+03   2.9922887E-05   8.7163201E-05
   1.5494644E+03   1.0093000E+04   6.4960000E+03   1.5251976E-04   1.2472429E-04
   1.5494720E+03   1.0121000E+04   6.5280000E+03   1.2766598E-04   1.5526462E-04
   1.5494795E+03   9.9680000E+03   6.4210000E+03   4.1948917E-05   7.3305806E-05
   1.5494870E+03   1.0238000E+04   6.5920000E+03   2.2667352E-04   2.1785767E-04
   1.5494946E+03   1.0240000E+04   6.6230000E+03   1.6167846E-04   1.0435333E-04
   1.5495021E+03   1.0307000E+04   6.7170000E+03   2.4193689E-04   3.0921029E-04
   1.5495096E+03   1.0352000E+04   6.7540000E+03   5.2247231E-05   4.3230595E-05
   1.5495171E+03   1.0503000E+04   6.8480000E+03   1.0002270E-04   7.3093924E-05
   1.5495247E+03   1.0491000E+04   6.7630000E+03   3.9836480E-05   1.1938010E-04
   1.5495322E+03   1.0519000E+04   6.8470000E+03   2.8649493E-04   1.0076073E-04
   1.5495397E+03   1.0842000E+04   6.9480000E+03   1.1467310E-04   4.9789932E-05
   1.5495473E+03   1.0637000E+04   6.9210000E+03   5.8311794E-05   1.0226735E-04
   1.5495548E+03   1.0985000E+04   7.1740000E+03   2.1524506E-04   2.0373965E-04
   1.5495623E+03   1.0851000E+04   7.1540000E+03   1.0583391E-04   1.8068702E-04
   1.5495698E+03   1.0878000E+04   7.0920000E+03   1.4886091E-04   2.0453654E-04
   1.5495774E+03   1.1255000E+04   7.3440000E+03   1.4109951E-04   3.6398244E-04
   1.5495849E+03   1.1289000E+04   7.3420000E+03   1.0076812E-04   2.3963711E-04
   1.5495924E+03   1.1184000E+04   7.3800000E+03   1.2538076E-04   1.3949475E-04
   1.5496000E+03   1.1286000E+04   7.4310000E+03   1.4266452E-04   1.5602758E-04
   1.5496075E+03   1.1402000E+04   7.5140000E+03   2.2684709E-04   2.0384681E-04
   1.5496150E+03   1.1367000E+04   7.5530000E+03   7.5406264E-05   1.8665782E-04
   1.5496225E+03   1.1560000E+04   7.7660000E+03   1.1886607E-04   1.1220538E-05
   1.5496301E+03   1.1513000E+04   7.6690000E+03   1.0307723E-04   7.5015904E-05
   1.5496376E+03   1.1627000E+04   7.7600000E+03   1.1272674E-04   6.7391602E-05
   1.5496451E+03   1.1791000E+04   7.9980000E+03   6.2237442E-05   5.8949399E-05
   1.5496527E+03   1.1978000E+04   8.0290000E+03   2.4430651E-04   2.0444897E-04
   1.5496602E+03   1.1867000E+04   7.9540000E+03   1.0194729E-04   1.1287922E-04
   1.5496677E+03   1.1893000E+04   8.0760000E+03   1.0612741E-04   1.8005464E-04
   1.5496752E+03   1.2029000E+04   8.1060000E+03   7.9682107E-05   6.4193439E-05
   1.5496828E+03   1.2038000E+04   8.1620000E+03   1.0204178E-04   1.7351645E-04
   1.5496903E+03   1.2304000E+04   8.3330000E+03   1.2300527E-04   1.5618557E-04
   1.5496978E+03   1.2326000E+04   8.3880000E+03   8.3844020E-05   1.6331191E-04
   1.5497053E+03   1.2340000E+04   8.4780000E+03   3.1022278E-04   1.9223430E-04
   1.5497129E+03   1.2524000E+04   8.5850000E+03   7.4233947E-05   7.6925501E-05
   1.5497204E+03   1.2150000E+04   8.3420000E+03   8.5718870E-05   1.8506733E-04
   1.5497279E+03   1.2550000E+04   8.7440000E+03   3.8868269E-05   9.8186201E-05
   1.5497355E+03   1.2642000E+04   8.7430000E+03   3.3425718E-05   3.2942876E-05
   1.5497430E+03   1.2655000E+04   8.7570000E+03   7.6303115E-05   1.1481494E-04
   1.5497505E+03   1.2763000E+04   8.9370000E+03   6.4937316E-05   1.7959659E-04
   1.5497580E+03   1.2718000E+04   8.8670000E+03   8.4266694E-05   8.0029582E-05
   1.5497656E+03   1.2722000E+04   8.8740000E+03   6.6562874E-05   1.3582005E-04
   1.5497731E+03   1.2957000E+04   9.1680000E+03   2.6828618E-05   6.2563056E-05
   1.5497806E+03   1.2953000E+04   9.1570000E+03   1.1963103E-04   9.6819091E-05
   1.5497882E+03   1.3170000E+04   9.2820000E+03   8.1913803E-05   2.1426995E-04
   1.5497957E+03   1.3262000E+04   9.3270000E+03   5.6258347E-05   6.3549632E-05
   1.5498032E+03   1.3195000E+04   9.3110000E+03   1.4455756E-04   1.8331037E-04
   1.5498107E+03   1.3223000E+04   9.3840000E+03   6.1094706E-05   3.4504276E-05
   1.5498183E+03   1.3437000E+04   9.4190000E+03   9.4203691E-05   9.7577107E-05
   1.5498258E+03   1.3274000E+04   9.4310000E+03   1.0925363E-04   1.0921812E-04
   1.5498333E+03   1.3331000E+04   9.5030000E+03   5.4294302E-05   1.9899838E-04
   1.5498409E+03   1.3367000E+04   9.5210000E+03   1.5520626E-04   1.5837797E-04
   1.5498484E+03   1.3675000E+04   9.6430000E+03   7.4635072E-05   1.2152058E-04
   1.5498559E+03   1.3564000E+04   9.6280000E+03   1.3134826E-04   1.0086496E-04
   1.5498634E+03   1.3676000E+04   9.8300000E+03   1.2198099E-04   1.6413969E-04
   1.5498710E+03   1.3901000E+04   9.9570000E+03   7.1668849E-05   4.1972005E-05
   1.5498785E+03   1.3958000E+04   1.0046000E+04   2.9354734E-04   2.7366679E-04
   1.5498860E+03   1.3892000E+04   9.9760000E+03   1.2045466E-04   2.3362791E-04
   1.5498936E+03   1.3849000E+04   9.9570000E+03   4.2162110E-05   1.0264998E-04
   1.5499011E+03   1.3943000E+04   1.0141000E+04   2.0544091E-04   1.8597539E-04
   1.5499086E+03   1.4332000E+04   1.0329000E+04   1.0055826E-04   1.1111858E-04
   1.5499161E+03   1.4181000E+04   1.0294000E+04   6.1242328E-05   1.1810581E-04
   1.5499237E+03   1.4379000E+04   1.0407000E+04   1.3577332E-04   1.7775360E-04
   1.5499312E+03   1.4272000E+04   1.0349000E+04   1.8941585E-04   2.1592975E-04
   1.5499387E+03   1.4542000E+04   1.0628000E+04   3.9233319E-05   7.0353109E-05
   1.5499463E+03   1.4430000E+04   1.0590000E+04   8.7303783E-05   1.2319347E-04
   1.5499538E+03   1.4502000E+04   1.0546000E+04   1.3492922E-05   7.5103490E-05
   1.5499613E+03   1.4454000E+04   1.0567000E+04   9.2753421E-05   1.1596379E-04
   1.5499688E+03   1.4649000E+04   1.0634000E+04   1.2591030E-04   1.1018885E-04
   1.5499764E+03   1.4704000E+04   1.0640000E+04   1.2962226E-04   1.7471547E-04
   1.5499839E+03   1.4675000E+04   1.0711000E+04   8.6758992E-05   1.3244512E-04
   1.5499914E+03   1.4876000E+04   1.0781000E+04   2.3694496E-04   2.2970575E-04
   1.5499990E+03   1.4935000E+04   1.1041000E+04   1.8253849E-04   2.5358195E-04
   1.5500065E+03   1.5057000E+04   1.1088000E+04   2.8067836E-04   2.1057490E-04
   1.5500140E+03   1.5000000E+04   1.1008000E+04   6.7272806E-05   1.3135817E-04
   1.5500215E+03   1.5081000E+04   1.1136000E+04   1.2734344E-04   1.5485712E-04
   1.5500291E+03   1.5334000E+04   1.1283000E+04   1.0881206E-04   1.3022187E-04
   1.5500366E+03   1.5296000E+04   1.1266000E+04   1.3025447E-04   9.6689208E-05
   1.5500441E+03   1.5104000E+04   1.1200000E+04   1.5736575E-04   8.1995348E-05
   1.5500517E+03   1.5273000E+04   1.1333000E+04   9.3185579E-05   1.0735846E-04
   1.5500592E+03   1.5454000E+04   1.1418000E+04   1.9602491E-04   1.8043457E-04
   1.5500667E+03   1.5343000E+04   1.1331000E+04   5.2497592E-05   6.8684185E-05
   1.5500742E+03   1.5657000E+04   1.1592000E+04   1.2178597E-04   2.1115943E-04
   1.5500818E+03   1.5582000E+04   1.1574000E+04   8.7439938E-05   1.2959345E-04
   1.5500893E+03   1.5905000E+04   1.1916000E+04   4.1755067E-05   7.2158334E-05
   1.5500968E+03   1.5892000E+04   1.1882000E+04   3.8058752E-05   8.3392321E-05
   1.5501044E+03   1.5619000E+04   1.1687000E+04   8.3588688E-05   8.5400967E-05
   1.5501119E+03   1.5872000E+04   1.1816000E+04   6.6642902E-05   3.4504120E-05
   1.5501194E+03   1.5894000E+04   1.1839000E+04   8.2502935E-05   1.1144182E-04
   1.5501269E+03   1.5772000E+04   1.1681000E+04   6.6717216E-05   1.2854047E-04
   1.5501345E+03   1.5839000E+04   1.1860000E+04   1.1681990E-04   8.5098093E-05
   1.5501420E+03   1.5888000E+04   1.1883000E+04   1.1921397E-04   1.1538721E-04
   1.5501495E+03   1.6083000E+04   1.1994000E+04   1.9776896E-04   3.1190853E-04
   1.5501571E+03   1.6021000E+04   1.2057000E+04   1.5037530E-04   1.6214909E-04
   1.5501646E+03   1.6017000E+04   1.2034000E+04   1.1308187E-04   1.5661835E-04
   1.5501721E+03   1.6094000E+04   1.2131000E+04   9.7870086E-05   1.0766056E-04
   1.5501796E+03   1.6191000E+04   1.2098000E+04   5.4841151E-05   9.6266110E-06
   1.5501872E+03   1.6216000E+04   1.2233000E+04   1.1686029E-04   1.7267963E-04
   1.5501947E+03   1.6263000E+04   1.2333000E+04   1.1331799E-04   4.7700915E-05
   1.5502022E+03   1.6258000E+04   1.2215000E+04   1.0434508E-04   1.0810786E-04
   1.5502097E+03   1.6581000E+04   1.2574000E+04   5.6220911E-05   5.5107698E-05
   1.5502173E+03   1.6239000E+04   1.2386000E+04   2.1839330E-04   2.5034193E-04
   1.5502248E+03   1.6730000E+04   1.2707000E+04   1.0903595E-04   1.5742269E-04
   1.5502323E+03   1.6518000E+04   1.2629000E+04   6.8459789E-05   6.1655708E-05
   1.5502399E+03   1.6542000E+04   1.2563000E+04   8.7533085E-05   1.1029259E-04
   1.5502474E+03   1.6701000E+04   1.2745000E+04   1.2267505E-04   1.7684748E-04
   1.5502549E+03   1.6661000E+04   1.2767000E+04   1.0568376E-04   7.7119031E-05
   1.5502624E+03   1.6833000E+04   1.2846000E+04   8.0353668E-05   8.9964640E-05
   1.5502700E+03   1.6776000E+04   1.2757000E+04   3.2195243E-05   1.4105513E-04
   1.5502775E+03   1.6775000E+04   1.2753000E+04   6.3651428E-05   5.1550278E-05
   1.5502850E+03   1.7198000E+04   1.3146000E+04   8.7645214E-05   1.0673965E-04
   1.5502926E+03   1.6838000E+04   1.2932000E+04   1.3095893E-04   1.0413729E-04
   1.5503001E+03   1.7016000E+04   1.3006000E+04   1.4238309E-04   1.8434580E-04
   1.5503076E+03   1.7092000E+04   1.3138000E+04   3.1182423E-05   4.1955180E-05
   1.5503151E+03   1.7065000E+04   1.3167000E+04   1.3768319E-04   1.7591425E-04
   1.5503227E+03   1.7110000E+04   1.3074000E+04   1.1694131E-04   1.3765732E-04
   1.5503302E+03   1.7057000E+04   1.3173000E+04   1.5203388E-04   2.0376419E-04
   1.5503377E+03   1.6923000E+04   1.2955000E+04   1.0868596E-04   2.0077269E-04
   1.5503453E+03   1.7333000E+04   1.3273000E+04   1.1541947E-04   1.3262140E-04
   1.5503528E+03   1.7230000E+04   1.3277000E+04   1.2676230E-04   1.6684294E-04
   1.5503603E+03   1.7228000E+04   1.3331000E+04   9.9203909E-05   1.3876835E-04
   1.5503678E+03   1.7109000E+04   1.3226000E+04   1.2237680E-04   1.6408108E-04
   1.5503754E+03   1.7270000E+04   1.3425000E+04   1.1664504E-04   1.2341361E-04
   1.5503829E+03   1.7205000E+04   1.3382000E+04   1.9714252E-05   9.5572258E-05
   1.5503904E+03   1.7241000E+04   1.3466000E+04   4.4651154E-05   7.4324715E-05
   1.5503980E+03   1.7413000E+04   1.3510000E+04   1.0001429E-04   9.4511141E-05
   1.5504055E+03   1.7422000E+04   1.3590000E+04   1.1891652E-04   1.2197731E-04
   1.5504130E+03   1.7507000E+04   1.3559000E+04   2.4254610E-04   3.2074386E-04
   1.5504205E+03   1.7319000E+04   1.3389000E+04   1.3809047E-04   1.3135976E-04
   1.5504281E+03   1.7578000E+04   1.3680000E+04   9.4477611E-05   9.3996407E-05
   1.5504356E+03   1.7570000E+04   1.3691000E+04   9.1133693E-05   6.1576650E-05
   1.5504431E+03   1.7431000E+04   1.3645000E+04   9.4724751E-06   3.0307424E-05
   1.5504507E+03   1.7580000E+04   1.3804000E+04   6.1361059E-05   7.1362389E-05
   1.5504582E+03   1.7289000E+04   1.3486000E+04   1.1314950E-04   1.7978855E-04
   1.5504657E+03   1.7527000E+04   1.3688000E+04   1.6334464E-04   1.1985254E-04
   1.5504732E+03   1.7510000E+04   1.3675000E+04   1.3447688E-04   1.2908326E-04
   1.5504808E+03   1.7761000E+04   1.3983000E+04   1.3395759E-04   1.5569795E-04
   1.5504883E+03   1.7966000E+04   1.4088000E+04   1.9094158E-04   2.0326073E-04
   1.5504958E+03   1.7978000E+04   1.4149000E+04   1.6241359E-04   2.4257973E-04
   1.5505034E+03   1.7854000E+04   1.4134000E+04   8.5975389E-05   1.2966323E-04
   1.5505109E+03   1.7831000E+04   1.4086000E+04   4.7503703E-05   1.8144253E-05
   1.5505184E+03   1.7930000E+04   1.4169000E+04   8.2733654E-05   1.5554212E-05
   1.5505259E+03   1.7662000E+04   1.3923000E+04   1.6199514E-04   1.8161714E-04
   1.5505335E+03   1.7975000E+04   1.4281000E+04   1.5495431E-04   1.9270275E-04
   1.5505410E+03   1.8029000E+04   1.4279000E+04   2.3315818E-04   2.6860276E-04
   1.5505485E+03   1.7770000E+04   1.4208000E+04   7.3522249E-05   3.9795926E-05
   1.5505561E+03   1.7846000E+04   1.4168000E+04   1.4416656E-04   9.3163838E-05
   1.5505636E+03   1.8073000E+04   1.4368000E+04   1.9021169E-04   1.0609087E-04
   1.5505711E+03   1.7860000E+04   1.4248000E+04   1.7942124E-04   1.9831791E-04
   1.5505786E+03   1.8160000E+04   1.4404000E+04   7.5314505E-05   5.0970459E-05
   1.5505862E+03   1.7864000E+04   1.4240000E+04   1.3946422E-04   5.7790157E-05
   1.5505937E+03   1.7839000E+04   1.4087000E+04   1.2407103E-04   1.6235928E-04
   1.5506012E+03   1.7872000E+04   1.4269000E+04   1.1746224E-04   1.8447362E-04
   1.5506087E+03   1.8024000E+04   1.4240000E+04   1.0659498E-05   9.3651733E-05
   1.5506163E+03   1.8180000E+04   1.4466000E+04   1.1365224E-04   1.3207866E-04
   1.5506238E+03   1.8370000E+04   1.4612000E+04   8.9889580E-05   6.1284441E-05
   1.5506313E+03   1.8333000E+04   1.4718000E+04   6.1068546E-05   1.6258787E-05
   1.5506389E+03   1.8118000E+04   1.4483000E+04   1.7331063E-04   2.7892098E-04
   1.5506464E+03   1.8266000E+04   1.4608000E+04   1.6165233E-04   2.3362488E-04
   1.5506539E+03   1.8249000E+04   1.4613000E+04   8.2245066E-05   9.0280954E-05
   1.5506614E+03   1.8360000E+04   1.4694000E+04   1.3642473E-04   1.5419092E-04
   1.5506690E+03   1.8346000E+04   1.4669000E+04   1.0493092E-04   6.5940399E-05
   1.5506765E+03   1.8229000E+04   1.4561000E+04   8.8219483E-05   5.6847317E-05
   1.5506840E+03   1.8448000E+04   1.4943000E+04   1.0113442E-04   9.8833574E-05
   1.5506916E+03   1.8239000E+04   1.4652000E+04   1.1605678E-04   1.5021087E-04
   1.5506991E+03   1.8311000E+04   1.4627000E+04   3.1275990E-05   4.0111935E-05
   1.5507066E+03   1.8396000E+04   1.4760000E+04   1.6055516E-04   2.4790207E-04
   1.5507141E+03   1.8490000E+04   1.4836000E+04   1.2379889E-04   1.0793760E-04
   1.5507217E+03   1.8346000E+04   1.4812000E+04   7.3549940E-05   1.3193151E-04
   1.5507292E+03   1.8482000E+04   1.4941000E+04   1.1757081E-04   1.3053327E-04
   1.5507367E+03   1.8465000E+04   1.4849000E+04   1.5447859E-04   9.8829822E-05
   1.5507443E+03   1.8339000E+04   1.4765000E+04   1.3559607E-04   2.2913236E-04
   1.5507518E+03   1.8418000E+04   1.4950000E+04   1.0620259E-04   5.0692283E-05
   1.5507593E+03   1.8341000E+04   1.4799000E+04   8.0502083E-05   1.7473926E-04
   1.5507668E+03   1.8481000E+04   1.4991000E+04   8.6006086E-05   7.3411741E-05
   1.5507744E+03   1.8564000E+04   1.5025000E+04   6.0889697E-05   4.8772743E-05
   1.5507819E+03   1.8505000E+04   1.4884000E+04   1.5802907E-04   1.9514782E-04
   1.5507894E+03   1.8228000E+04   1.4642000E+04   1.2500810E-04   9.7044931E-05
   1.5507970E+03   1.8628000E+04   1.5185000E+04   1.3494926E-04   1.3594232E-04
   1.5508045E+03   1.8706000E+04   1.5131000E+04   2.1605112E-04   3.1199706E-04
   1.5508120E+03   1.8571000E+04   1.5002000E+04   9.4133778E-05   6.0881146E-05
   1.5508195E+03   1.8524000E+04   1.5127000E+04   1.4960836E-04   1.2845207E-04
   1.5508271E+03   1.8650000E+04   1.5125000E+04   9.0943039E-05   8.4278158E-05
   1.5508346E+03   1.8676000E+04   1.5119000E+04   9.1855550E-05   6.8293685E-05
   1.5508421E+03   1.8600000E+04   1.5030000E+04   2.4462892E-04   2.1401087E-04
   1.5508497E+03   1.8498000E+04   1.5027000E+04   7.2370378E-05   1.1062330E-04
   1.5508572E+03   1.8248000E+04   1.4868000E+04   1.2003010E-04   2.3294823E-05
   1.5508647E+03   1.8772000E+04   1.5239000E+04   1.7019909E-04   9.4703694E-05
   1.5508722E+03   1.8781000E+04   1.5178000E+04   3.9119022E-05   3.4376897E-05
   1.5508798E+03   1.8476000E+04   1.5083000E+04   3.9895361E-05   9.9389763E-05
   1.5508873E+03   1.8845000E+04   1.5310000E+04   1.7013271E-04   2.0238451E-04
   1.5508948E+03   1.8852000E+04   1.5293000E+04   6.7805125E-05   1.0595221E-04
   1.5509024E+03   1.8703000E+04   1.5226000E+04   1.3908800E-04   1.5375306E-04
   1.5509099E+03   1.8723000E+04   1.5246000E+04   4.2157907E-05   3.0904935E-06
   1.5509174E+03   1.8752000E+04   1.5226000E+04   1.3351682E-04   1.7261570E-04
   1.5509249E+03   1.8944000E+04   1.5443000E+04   1.7845480E-04   1.5881656E-04
   1.5509325E+03   1.8894000E+04   1.5379000E+04   1.3389583E-05   3.0437825E-05
   1.5509400E+03   1.8848000E+04   1.5307000E+04   1.8684653E-04   1.9226805E-04
   1.5509475E+03   1.8785000E+04   1.5177000E+04   6.5858922E-05   5.9685229E-05
   1.5509551E+03   1.8741000E+04   1.5326000E+04   1.4747971E-04   1.4512943E-04
   1.5509626E+03   1.8757000E+04   1.5181000E+04   1.0608687E-04   1.5615160E-04
   1.5509701E+03   1.8771000E+04   1.5296000E+04   1.0686438E-04   1.7573990E-04
   1.5509776E+03   1.8712000E+04   1.5233000E+04   4.1988459E-05   4.5562786E-05
   1.5509852E+03   1.8702000E+04   1.5238000E+04   1.6162881E-04   1.5429059E-04
   1.5509927E+03   1.8948000E+04   1.5447000E+04   1.7734693E-04   2.0051534E-04
   1.5510002E+03   1.9050000E+04   1.5439000E+04   2.4826953E-04   2.6626169E-04
   1.5510078E+03   1.8732000E+04   1.5141000E+04   4.9439433E-05   4.3392253E-05
   1.5510153E+03   1.8716000E+04   1.5200000E+04   6.2505658E-05   1.5585890E-04
   1.5510228E+03   1.8970000E+04   1.5308000E+04   1.4032596E-04   1.8808284E-04
   1.5510303E+03   1.8656000E+04   1.5165000E+04   6.8886886E-05   8.9149374E-05
   1.5510379E+03   1.8718000E+04   1.5278000E+04   5.9518792E-05   8.3392680E-05
   1.5510454E+03   1.9006000E+04   1.5528000E+04   6.9577957E-05   5.9759652E-05
   1.5510529E+03   1.8947000E+04   1.5484000E+04   1.0314635E-04   1.0605909E-04
   1.5510604E+03   1.8983000E+04   1.5483000E+04   4.7865829E-05   3.9751165E-05
   1.5510680E+03   1.9360000E+04   1.5690000E+04   3.8252101E-05   4.9125301E-05
   1.5510755E+03   1.9249000E+04   1.5628000E+04   1.1487614E-04   1.6545092E-04
   1.5510830E+03   1.8649000E+04   1.5052000E+04   2.0353727E-04   2.3839960E-04
   1.5510906E+03   1.9022000E+04   1.5435000E+04   8.1702957E-05   1.2030979E-04
   1.5510981E+03   1.8923000E+04   1.5287000E+04   1.3217919E-04   2.4108326E-04
   1.5511056E+03   1.8978000E+04   1.5342000E+04   1.3765606E-04   1.1311846E-04
   1.5511131E+03   1.8943000E+04   1.5364000E+04   1.1631292E-04   1.0835598E-04
   1.5511207E+03   1.8908000E+04   1.5399000E+04   1.4493190E-04   8.8566256E-05
   1.5511282E+03   1.8904000E+04   1.5268000E+04   6.5534519E-05   7.1769970E-05
   1.5511357E+03   1.8847000E+04   1.5330000E+04   9.9992362E-05   1.6810091E-04
   1.5511433E+03   1.9058000E+04   1.5337000E+04   1.3700059E-04   9.3641182E-05
   1.5511508E+03   1.9048000E+04   1.5410000E+04   2.0456256E-04   2.8880723E-04
   1.5511583E+03   1.8891000E+04   1.5217000E+04   1.6453671E-04   1.7017943E-04
   1.5511658E+03   1.9125000E+04   1.5481000E+04   1.1213379E-04   1.3534578E-04
   1.5511734E+03   1.8907000E+04   1.5285000E+04   1.4994243E-04   1.8190237E-04
   1.5511809E+03   1.9088000E+04   1.5343000E+04   1.2198496E-04   1.4550237E-04
   1.5511884E+03   1.9135000E+04   1.5529000E+04   1.6991037E-04   1.7969579E-04
   1.5511960E+03   1.9099000E+04   1.5354000E+04   4.8760613E-05   6.9916161E-05
   1.5512035E+03   1.9172000E+04   1.5456000E+04   7.7384828E-05   1.1839891E-04
   1.5512110E+03   1.8827000E+04   1.5164000E+04   1.0624198E-04   1.0430527E-04
   1.5512185E+03   1.9246000E+04   1.5652000E+04   1.3349687E-04   1.7209821E-04
   1.5512261E+03   1.8905000E+04   1.5248000E+04   1.8081237E-05   2.3065646E-05
   1.5512336E+03   1.9280000E+04   1.5443000E+04   7.1805909E-05   6.7244297E-05
   1.5512411E+03   1.8905000E+04   1.5216000E+04   1.1285104E-04   1.4983479E-04
   1.5512487E+03   1.9203000E+04   1.5415000E+04   9.4043050E-05   1.2123623E-04
   1.5512562E+03   1.8873000E+04   1.5201000E+04   1.4585523E-04   1.4903783E-04
   1.5512637E+03   1.8877000E+04   1.5113000E+04   6.4010221E-05   1.1126572E-04
   1.5512712E+03   1.9338000E+04   1.5515000E+04   1.6983342E-04   2.2550626E-04
   1.5512788E+03   1.9119000E+04   1.5259000E+04   4.4883169E-05   6.3446761E-05
   1.5512863E+03   1.9294000E+04   1.5432000E+04   1.7771689E-04   1.6717104E-04
   1.5512938E+03   1.9042000E+04   1.5340000E+04   6.0031943E-05   4.5827244E-05
   1.5513014E+03   1.9185000E+04   1.5390000E+04   7.1986349E-05   5.3653736E-05
   1.5513089E+03   1.9173000E+04   1.5407000E+04   5.1114447E-05   3.2911419E-05
   1.5513164E+03   1.8942000E+04   1.5196000E+04   6.5074060E-05   1.1954526E-04
   1.5513239E+03   1.9096000E+04   1.5181000E+04   1.0898329E-04   1.3505996E-04
   1.5513315E+03   1.9075000E+04   1.5246000E+04   1.4726264E-04   2.2662038E-04
   1.5513390E+03   1.9012000E+04   1.5158000E+04   7.0944873E-05   1.4810926E-04
   1.5513465E+03   1.9233000E+04   1.5370000E+04   5.0187958E-05   6.9033971E-05
   1.5513541E+03   1.8972000E+04   1.5102000E+04   1.5591270E-04   2.1125935E-04
   1.5513616E+03   1.8838000E+04   1.5004000E+04   1.1245493E-04   1.1679196E-04
   1.5513691E+03   1.9182000E+04   1.5099000E+04   1.1757108E-04   1.7876496E-04
   1.5513766E+03   1.9069000E+04   1.5135000E+04   3.3429240E-05   3.7085505E-05
   1.5513842E+03   1.9041000E+04   1.5163000E+04   1.1778034E-04   1.3261599E-04
   1.5513917E+03   1.8826000E+04   1.4951000E+04   1.0440790E-04   8.8003278E-05
   1.5513992E+03   1.9008000E+04   1.5074000E+04   6.1322059E-05   7.9649081E-05
   1.5514068E+03   1.9099000E+04   1.5154000E+04   1.0981213E-04   1.6935060E-04
   1.5514143E+03   1.8691000E+04   1.4821000E+04   9.0614944E-05   9.5410902E-05
   1.5514218E+03   1.8811000E+04   1.4916000E+04   1.6873496E-04   1.8746458E-04
   1.5514293E+03   1.8991000E+04   1.5001000E+04   6.9716609E-05   1.3828120E-04
   1.5514369E+03   1.8921000E+04   1.4936000E+04   8.2761608E-05   1.1433232E-04
   1.5514444E+03   1.8874000E+04   1.4944000E+04   2.0012812E-04   1.7147660E-04
   1.5514519E+03   1.9145000E+04   1.5057000E+04   2.0933634E-04   2.7635896E-04
   1.5514595E+03   1.8743000E+04   1.4827000E+04   1.1960194E-04   1.3757305E-04
   1.5514670E+03   1.8753000E+04   1.4922000E+04   1.2357909E-04   1.4339532E-04
   1.5514745E+03   1.8805000E+04   1.4773000E+04   7.6473747E-05   9.3204618E-05
   1.5514820E+03   1.9041000E+04   1.4997000E+04   8.6170664E-05   1.0274963E-04
   1.5514896E+03   1.8946000E+04   1.4975000E+04   1.0622338E-04   1.4718337E-04
   1.5514971E+03   1.9154000E+04   1.5036000E+04   2.0265469E-04   2.5119061E-04
   1.5515046E+03   1.8693000E+04   1.4717000E+04   1.2624948E-04   1.3258829E-04
   1.5515122E+03   1.8952000E+04   1.4928000E+04   1.2778017E-04   1.4204420E-04
   1.5515197E+03   1.9068000E+04   1.4970000E+04   5.8219939E-05   5.5448687E-05
   1.5515272E+03   1.8912000E+04   1.4848000E+04   1.0953932E-04   1.3295049E-04
   1.5515347E+03   1.8767000E+04   1.4734000E+04   1.0496457E-04   1.3531567E-04
   1.5515423E+03   1.8689000E+04   1.4580000E+04   1.2052532E-04   1.5309272E-04
   1.5515498E+03   1.8989000E+04   1.4987000E+04   1.0037623E-04   1.0933372E-04
   1.5515573E+03   1.8735000E+04   1.4659000E+04   1.5574381E-04   1.7714220E-04
   1.5515648E+03   1.8507000E+04   1.4461000E+04   1.5666689E-04   2.2579033E-04
   1.5515724E+03   1.8788000E+04   1.4670000E+04   2.0927722E-04   2.7367138E-04
   1.5515799E+03   1.8477000E+04   1.4473000E+04   1.5452623E-04   1.7055122E-04
   1.5515874E+03   1.8413000E+04   1.4461000E+04   3.3292863E-05   3.4337738E-05
   1.5515950E+03   1.8618000E+04   1.4401000E+04   1.1685312E-04   1.2085548E-04
   1.5516025E+03   1.8651000E+04   1.4603000E+04   1.3480849E-04   1.8031982E-04
   1.5516100E+03   1.8426000E+04   1.4327000E+04   1.0541259E-04   1.3566376E-04
   1.5516175E+03   1.8590000E+04   1.4462000E+04   1.4801291E-04   1.5579386E-04
   1.5516251E+03   1.8375000E+04   1.4303000E+04   1.3168728E-04   2.0582951E-04
   1.5516326E+03   1.8456000E+04   1.4273000E+04   8.2484772E-05   8.4275492E-05
   1.5516401E+03   1.8564000E+04   1.4391000E+04   1.7574426E-05   2.3529510E-05
   1.5516477E+03   1.8456000E+04   1.4251000E+04   2.2236717E-04   2.6234181E-04
   1.5516552E+03   1.8551000E+04   1.4471000E+04   9.8936845E-05   8.9124765E-05
   1.5516627E+03   1.8319000E+04   1.4191000E+04   1.0841456E-04   8.8271648E-05
   1.5516702E+03   1.8350000E+04   1.4154000E+04   2.3547821E-04   2.8647876E-04
   1.5516778E+03   1.8391000E+04   1.4179000E+04   9.3064473E-05   1.1159948E-04
   1.5516853E+03   1.8368000E+04   1.4181000E+04   1.6919524E-04   2.0874531E-04
   1.5516928E+03   1.8455000E+04   1.4183000E+04   1.2802705E-04   9.6083180E-05
   1.5517004E+03   1.8220000E+04   1.4086000E+04   9.0285091E-05   1.3366083E-04
   1.5517079E+03   1.8111000E+04   1.4064000E+04   7.8744370E-05   1.2887569E-04
   1.5517154E+03   1.8094000E+04   1.4005000E+04   8.9624404E-05   1.3927116E-04
   1.5517229E+03   1.7862000E+04   1.3834000E+04   3.4439893E-05   5.9565986E-05
   1.5517305E+03   1.8024000E+04   1.3879000E+04   1.9756607E-04   2.3485944E-04
   1.5517380E+03   1.8068000E+04   1.3911000E+04   1.8799777E-04   2.4066732E-04
   1.5517455E+03   1.7835000E+04   1.3721000E+04   1.6944830E-04   1.5782894E-04
   1.5517531E+03   1.8123000E+04   1.3994000E+04   9.2661545E-05   1.1100577E-04
   1.5517606E+03   1.8036000E+04   1.3781000E+04   6.2289933E-05   8.0859306E-05
   1.5517681E+03   1.7779000E+04   1.3617000E+04   1.1140630E-04   1.6252134E-04
   1.5517756E+03   1.8018000E+04   1.3853000E+04   1.5835446E-04   2.3333525E-04
   1.5517832E+03   1.7738000E+04   1.3641000E+04   1.7885005E-04   2.7138092E-04
   1.5517907E+03   1.7899000E+04   1.3575000E+04   1.7761174E-04   2.5652377E-04
   1.5517982E+03   1.7980000E+04   1.3854000E+04   5.5253958E-05   8.2797803E-05
   1.5518058E+03   1.7654000E+04   1.3525000E+04   9.1858061E-05   1.1507570E-04
   1.5518133E+03   1.7738000E+04   1.3474000E+04   1.9405147E-04   2.4341718E-04
   1.5518208E+03   1.7724000E+04   1.3606000E+04   5.5786957E-05   9.5843084E-05
   1.5518283E+03   1.7618000E+04   1.3457000E+04   2.3227386E-04   3.3837763E-04
   1.5518359E+03   1.7537000E+04   1.3354000E+04   4.7717650E-05   6.5963020E-05
   1.5518434E+03   1.7791000E+04   1.3633000E+04   1.8056288E-04   2.1965386E-04
   1.5518509E+03   1.7584000E+04   1.3468000E+04   1.0228428E-04   9.6131082E-05
   1.5518585E+03   1.7346000E+04   1.3257000E+04   5.4362502E-05   1.7392672E-05
   1.5518660E+03   1.7266000E+04   1.3085000E+04   8.6032382E-05   1.1798724E-04
   1.5518735E+03   1.7536000E+04   1.3310000E+04   9.7749556E-05   8.2138699E-05
   1.5518810E+03   1.7302000E+04   1.3217000E+04   6.3377687E-05   7.8683447E-05
   1.5518886E+03   1.7257000E+04   1.3118000E+04   1.0110012E-04   9.6686155E-05
   1.5518961E+03   1.7222000E+04   1.3060000E+04   1.8185640E-04   2.1124470E-04
   1.5519036E+03   1.7199000E+04   1.3048000E+04   1.2704410E-04   1.7516679E-04
   1.5519112E+03   1.7164000E+04   1.2952000E+04   1.3410709E-04   2.1487297E-04
   1.5519187E+03   1.7023000E+04   1.2823000E+04   1.6923680E-04   2.5796525E-04
   1.5519262E+03   1.6837000E+04   1.2756000E+04   1.2814750E-04   1.6571895E-04
   1.5519337E+03   1.7036000E+04   1.2865000E+04   2.6319475E-04   3.1828994E-04
   1.5519413E+03   1.6999000E+04   1.2920000E+04   1.5709164E-04   1.6959409E-04
   1.5519488E+03   1.6871000E+04   1.2669000E+04   8.5755396E-05   1.6381239E-04
   1.5519563E+03   1.6823000E+04   1.2676000E+04   7.1743893E-05   1.4083013E-04
   1.5519638E+03   1.6861000E+04   1.2656000E+04   1.1057190E-04   1.7043735E-04
   1.5519714E+03   1.6749000E+04   1.2593000E+04   8.9377226E-05   1.1868635E-04
   1.5519789E+03   1.6812000E+04   1.2712000E+04   6.9867491E-05   1.2240602E-04
   1.5519864E+03   1.6840000E+04   1.2692000E+04   7.1201048E-05   1.2241641E-04
   1.5519940E+03   1.6681000E+04   1.2475000E+04   5.0752885E-05   7.1447736E-05
   1.5520015E+03   1.6547000E+04   1.2367000E+04   1.1216778E-04   1.3222526E-04
   1.5520090E+03   1.6631000E+04   1.2396000E+04   1.5890920E-04   1.1481607E-04
   1.5520165E+03   1.6522000E+04   1.2344000E+04   2.7478800E-05   2.8945822E-05
   1.5520241E+03   1.6562000E+04   1.2347000E+04   2.9657565E-04   3.7540195E-04
   1.5520316E+03   1.6220000E+04   1.2044000E+04   2.7500997E-05   2.1979302E-05
   1.5520391E+03   1.6354000E+04   1.2181000E+04   2.3632534E-04   3.3634641E-04
   1.5520467E+03   1.6373000E+04   1.2156000E+04   2.1256067E-04   2.1285192E-04
   1.5520542E+03   1.6133000E+04   1.1932000E+04   2.5145084E-04   3.3717740E-04
   1.5520617E+03   1.6206000E+04   1.2026000E+04   8.6813904E-05   8.1267201E-05
   1.5520692E+03   1.6068000E+04   1.1916000E+04   2.2355983E-05   8.4446182E-06
   1.5520768E+03   1.6042000E+04   1.1806000E+04   3.1813081E-04   4.0883623E-04
   1.5520843E+03   1.6226000E+04   1.1995000E+04   2.3745854E-04   3.2795084E-04
   1.5520918E+03   1.6054000E+04   1.1908000E+04   1.4334802E-04   2.1343919E-04
   1.5520994E+03   1.5958000E+04   1.1848000E+04   1.4498974E-04   2.0039817E-04
   1.5521069E+03   1.5599000E+04   1.1384000E+04   2.3135813E-04   3.2248177E-04
   1.5521144E+03   1.5675000E+04   1.1523000E+04   1.4086741E-05   6.1941213E-05
   1.5521219E+03   1.5674000E+04   1.1485000E+04   7.8217037E-05   8.0421708E-05
   1.5521295E+03   1.5539000E+04   1.1369000E+04   2.5003375E-04   3.3704755E-04
   1.5521370E+03   1.5586000E+04   1.1337000E+04   1.2298868E-04   1.1520066E-04
   1.5521445E+03   1.5389000E+04   1.1263000E+04   9.3574417E-05   1.2365313E-04
   1.5521521E+03   1.5217000E+04   1.0946000E+04   1.2389761E-04   1.4556731E-04
   1.5521596E+03   1.5528000E+04   1.1295000E+04   1.3453735E-04   1.2410048E-04
   1.5521671E+03   1.5531000E+04   1.1189000E+04   3.1374997E-05   3.6037926E-05
   1.5521746E+03   1.5198000E+04   1.0844000E+04   1.9256509E-04   2.7375987E-04
   1.5521822E+03   1.5262000E+04   1.0998000E+04   1.1307231E-04   1.7904311E-04
   1.5521897E+03   1.5036000E+04   1.0713000E+04   2.9685212E-04   3.6907528E-04
   1.5521972E+03   1.5126000E+04   1.0868000E+04   1.1306864E-04   2.1332159E-04
   1.5522048E+03   1.5045000E+04   1.0829000E+04   1.7187874E-04   1.8648052E-04
   1.5522123E+03   1.5075000E+04   1.0751000E+04   2.5743141E-04   3.8317712E-04
   1.5522198E+03   1.4801000E+04   1.0546000E+04   1.3836907E-04   2.7798641E-04
   1.5522273E+03   1.5016000E+04   1.0651000E+04   6.5013212E-05   7.7125236E-05
   1.5522349E+03   1.4841000E+04   1.0459000E+04   1.7700496E-04   2.8208205E-04
   1.5522424E+03   1.4638000E+04   1.0299000E+04   7.9574933E-05   1.6057439E-04
   1.5522499E+03   1.4674000E+04   1.0301000E+04   2.1236971E-04   2.5777429E-04
   1.5522575E+03   1.4655000E+04   1.0277000E+04   1.8339500E-04   2.7582739E-04
   1.5522650E+03   1.4771000E+04   1.0329000E+04   1.8914612E-04   2.3024922E-04
   1.5522725E+03   1.4640000E+04   1.0179000E+04   1.3006763E-04   1.3542238E-04
   1.5522800E+03   1.4274000E+04   9.9570000E+03   1.6884860E-04   2.1823327E-04
   1.5522876E+03   1.4280000E+04   9.8230000E+03   7.5322791E-05   1.4290843E-04
   1.5522951E+03   1.4238000E+04   9.7900000E+03   1.3563790E-04   1.7262833E-04
   1.5523026E+03   1.4207000E+04   9.6870000E+03   1.6507236E-04   1.8902666E-04
   1.5523102E+03   1.4185000E+04   9.7740000E+03   1.3929779E-04   1.5366116E-04
   1.5523177E+03   1.4350000E+04   9.7220000E+03   1.1007126E-04   1.4374078E-04
   1.5523252E+03   1.4150000E+04   9.6090000E+03   1.9789591E-04   2.5616845E-04
   1.5523327E+03   1.4019000E+04   9.4160000E+03   2.0127544E-04   2.5480755E-04
   1.5523403E+03   1.3908000E+04   9.4770000E+03   3.2280926E-05   4.1472538E-05
   1.5523478E+03   1.3798000E+04   9.3900000E+03   4.2763504E-04   5.9081583E-04
   1.5523553E+03   1.3811000E+04   9.2420000E+03   2.1029097E-04   3.5320417E-04
   1.5523629E+03   1.3742000E+04   9.1670000E+03   1.4493150E-04   2.0998359E-04
   1.5523704E+03   1.3569000E+04   9.0330000E+03   1.4629032E-04   1.8043768E-04
   1.5523779E+03   1.3427000E+04   8.9860000E+03   2.4627153E-04   3.3961522E-04
   1.5523854E+03   1.3699000E+04   9.1710000E+03   2.3939272E-04   3.5309395E-04
   1.5523930E+03   1.3430000E+04   8.9710000E+03   1.9662118E-04   2.8494582E-04
   1.5524005E+03   1.3458000E+04   8.8630000E+03   1.5193918E-04   1.6399898E-04
   1.5524080E+03   1.3181000E+04   8.6960000E+03   2.6047973E-04   3.4182582E-04
   1.5524155E+03   1.3127000E+04   8.6380000E+03   5.2562798E-04   7.9879239E-04
   1.5524231E+03   1.3153000E+04   8.7320000E+03   1.1495878E-04   2.0798773E-04
   1.5524306E+03   1.2988000E+04   8.5100000E+03   1.7031072E-04   3.1128739E-04
   1.5524381E+03   1.2973000E+04   8.4300000E+03   3.4356914E-05   1.0808330E-04
   1.5524457E+03   1.2763000E+04   8.2990000E+03   2.4296771E-04   3.2763541E-04
   1.5524532E+03   1.2785000E+04   8.4220000E+03   7.2935476E-05   1.4894255E-04
   1.5524607E+03   1.2681000E+04   8.2050000E+03   8.6869930E-05   1.4336171E-04
   1.5524682E+03   1.2568000E+04   8.2020000E+03   2.4566931E-04   4.0148721E-04
   1.5524758E+03   1.2430000E+04   8.0680000E+03   1.5774198E-04   3.6008741E-04
   1.5524833E+03   1.2552000E+04   8.0740000E+03   9.4503097E-05   9.4959443E-05
   1.5524908E+03   1.2213000E+04   7.9490000E+03   2.9049739E-04   3.4516524E-04
   1.5524984E+03   1.2121000E+04   7.7730000E+03   1.3353053E-04   1.4075714E-04
   1.5525059E+03   1.2231000E+04   7.9060000E+03   2.0294697E-04   3.6128437E-04
   1.5525134E+03   1.2129000E+04   7.8320000E+03   7.3921814E-05   3.8949940E-05
   1.5525209E+03   1.1915000E+04   7.7440000E+03   3.0282942E-04   4.3328634E-04
   1.5525285E+03   1.1815000E+04   7.6030000E+03   2.4820982E-04   3.3224761E-04
   1.5525360E+03   1.1791000E+04   7.5890000E+03   1.2989598E-04   3.2822094E-04
   1.5525435E+03   1.1586000E+04   7.4150000E+03   2.0406194E-04   2.7701892E-04
   1.5525511E+03   1.1667000E+04   7.5480000E+03   1.9433367E-04   2.7994245E-04
   1.5525586E+03   1.1629000E+04   7.5310000E+03   2.2552263E-04   3.4950458E-04
   1.5525661E+03   1.1437000E+04   7.3820000E+03   2.4856390E-04   4.2517762E-04
   1.5525736E+03   1.1397000E+04   7.3030000E+03   2.1821014E-04   3.2363308E-04
   1.5525812E+03   1.1225000E+04   7.2740000E+03   1.6286619E-04   1.6491905E-04
   1.5525887E+03   1.1287000E+04   7.3490000E+03   3.2446212E-04   3.9357951E-04
   1.5525962E+03   1.1038000E+04   7.1920000E+03   4.8015918E-04   6.6004609E-04
   1.5526038E+03   1.0736000E+04   6.9970000E+03   1.5246393E-04   2.0315037E-04
   1.5526113E+03   1.1075000E+04   7.2510000E+03   2.0219925E-04   3.4139497E-04
   1.5526188E+03   1.0633000E+04   7.0080000E+03   1.6487387E-04   1.1217813E-04
   1.5526263E+03   1.0717000E+04   7.1320000E+03   4.7917005E-05   3.8086200E-05
   1.5526339E+03   1.0671000E+04   7.0560000E+03   3.5313635E-04   5.1965228E-04
   1.5526414E+03   1.0431000E+04   6.9120000E+03   1.4986027E-04   2.3697381E-04
   1.5526489E+03   1.0457000E+04   6.9100000E+03   3.4303620E-05   1.4476625E-04
   1.5526565E+03   1.0319000E+04   6.8970000E+03   1.9283268E-04   2.8616685E-04
   1.5526640E+03   1.0213000E+04   6.7870000E+03   5.1504353E-05   1.0515863E-04
   1.5526715E+03   9.9730000E+03   6.6810000E+03   2.8064969E-04   4.8651688E-04
   1.5526790E+03   1.0088000E+04   6.7570000E+03   1.4527069E-04   1.5012686E-04
   1.5526866E+03   9.9170000E+03   6.6250000E+03   2.4400854E-04   3.0338602E-04
   1.5526941E+03   9.9280000E+03   6.6750000E+03   7.4043236E-05   1.4372844E-04
   1.5527016E+03   9.6390000E+03   6.5090000E+03   2.4989052E-04   4.0397738E-04
   1.5527092E+03   9.4650000E+03   6.3070000E+03   1.1165188E-04   2.4257470E-04
   1.5527167E+03   9.4960000E+03   6.4480000E+03   1.4190093E-04   1.1587196E-04
   1.5527242E+03   9.3450000E+03   6.3010000E+03   3.9284907E-04   4.9489042E-04
   1.5527317E+03   9.2300000E+03   6.2910000E+03   1.8211002E-04   2.1056122E-04
   1.5527393E+03   9.0600000E+03   6.2450000E+03   4.2906830E-04   5.8858260E-04
   1.5527468E+03   8.9910000E+03   6.1730000E+03   6.6808824E-05   9.3784991E-05
   1.5527543E+03   9.0480000E+03   6.1850000E+03   2.3744724E-04   3.9695495E-04
   1.5527619E+03   9.0290000E+03   6.1770000E+03   4.1324729E-04   5.9229227E-04
   1.5527694E+03   8.7920000E+03   6.0640000E+03   1.2609772E-04   3.0037569E-04
   1.5527769E+03   8.8480000E+03   6.0680000E+03   2.5950629E-04   3.4069803E-04
   1.5527844E+03   8.5860000E+03   6.0010000E+03   6.9125381E-05   2.0920074E-05
   1.5527920E+03   8.7480000E+03   6.0670000E+03   4.9112586E-04   7.3010467E-04
   1.5527995E+03   8.4600000E+03   5.9250000E+03   2.9824278E-04   9.1652714E-05
   1.5528070E+03   8.2950000E+03   5.7400000E+03   1.3779886E-04   1.4783061E-04
   1.5528146E+03   8.3680000E+03   5.8040000E+03   4.0781112E-04   5.3051370E-04
   1.5528221E+03   8.2820000E+03   5.7880000E+03   3.1868633E-04   5.4182723E-04
   1.5528296E+03   8.2100000E+03   5.8110000E+03   2.2132268E-04   2.4305646E-04
   1.5528371E+03   8.3440000E+03   5.8530000E+03   3.4064650E-04   5.2140242E-04
   1.5528447E+03   7.9610000E+03   5.6770000E+03   2.6129870E-04   4.4486496E-04
   1.5528522E+03   7.9830000E+03   5.6010000E+03   2.2326192E-04   2.4144426E-04
   1.5528597E+03   7.9290000E+03   5.5460000E+03   2.5513158E-04   4.1132854E-04
   1.5528673E+03   7.7880000E+03   5.4480000E+03   2.0498973E-04   1.2742438E-04
   1.5528748E+03   7.7480000E+03   5.4110000E+03   1.8976437E-04   3.4558559E-04
   1.5528823E+03   7.5350000E+03   5.2890000E+03   2.1305742E-04   2.7641099E-04
   1.5528898E+03   7.7910000E+03   5.4740000E+03   1.5619525E-04   3.5435512E-05
   1.5528974E+03   7.6250000E+03   5.4320000E+03   7.6134167E-05   1.8685674E-04
   1.5529049E+03   7.6200000E+03   5.4390000E+03   8.5055446E-05   1.8295795E-04
   1.5529124E+03   7.5940000E+03   5.3690000E+03   2.7753193E-04   2.1613358E-04
   1.5529199E+03   7.4370000E+03   5.2640000E+03   2.4883940E-04   2.8585995E-04
   1.5529275E+03   7.3450000E+03   5.2190000E+03   4.6983273E-04   6.6164107E-04
   1.5529350E+03   7.3160000E+03   5.1780000E+03   7.5523082E-05   7.4415038E-05
   1.5529425E+03   7.0920000E+03   5.1010000E+03   3.3384246E-04   4.0350049E-04
   1.5529501E+03   7.3780000E+03   5.1830000E+03   3.5138693E-04   1.8725972E-04
   1.5529576E+03   7.1770000E+03   5.0730000E+03   1.6608660E-04   1.0147363E-04
   1.5529651E+03   7.0410000E+03   5.0620000E+03   1.0463434E-04   1.9846996E-04
   1.5529726E+03   6.9110000E+03   4.9350000E+03   1.8117419E-04   4.1493412E-04
   1.5529802E+03   7.0120000E+03   4.9670000E+03   1.9087063E-04   3.5768214E-04
   1.5529877E+03   6.9340000E+03   5.0620000E+03   3.6316661E-04   3.7401467E-04
   1.5529952E+03   6.8790000E+03   4.8640000E+03   1.6909062E-04   2.1662713E-04
   1.5530028E+03   6.6660000E+03   4.7580000E+03   1.7940675E-04   2.6373981E-04
   1.5530103E+03   6.6820000E+03   4.8330000E+03   8.9835575E-05   8.8457167E-05
   1.5530178E+03   6.6950000E+03   4.8110000E+03   2.6925585E-04   4.1917851E-04
   1.5530253E+03   6.5980000E+03   4.7100000E+03   1.7760848E-04   3.4481054E-04
   1.5530329E+03   6.4740000E+03   4.6370000E+03   2.3289199E-04   3.5638207E-04
   1.5530404E+03   6.4870000E+03   4.6910000E+03   4.3561175E-04   4.1242720E-04
   1.5530479E+03   6.5470000E+03   4.7160000E+03   4.7281627E-04   4.4078850E-04
   1.5530555E+03   6.4610000E+03   4.6520000E+03   1.1595571E-04   1.2296074E-04
   1.5530630E+03   6.3830000E+03   4.6030000E+03   1.0164181E-04   1.8247345E-04
   1.5530705E+03   6.3130000E+03   4.5860000E+03   1.5228212E-04   2.6249416E-04
   1.5530780E+03   6.2130000E+03   4.4830000E+03   3.9086841E-04   7.8027262E-04
   1.5530856E+03   6.1440000E+03   4.4310000E+03   4.0365524E-04   4.4894884E-04
   1.5530931E+03   5.9680000E+03   4.2870000E+03   3.2253244E-04   4.0881881E-04
   1.5531006E+03   6.1990000E+03   4.4790000E+03   9.0156398E-05   1.8830934E-04
   1.5531082E+03   5.9490000E+03   4.3250000E+03   6.0169583E-04   9.4223173E-04
   1.5531157E+03   5.9110000E+03   4.2960000E+03   1.3053011E-04   4.3646873E-04
   1.5531232E+03   6.0120000E+03   4.2710000E+03   4.0834223E-04   5.6212086E-04
   1.5531307E+03   5.8340000E+03   4.1990000E+03   6.4989559E-04   8.2011259E-04
   1.5531383E+03   5.7780000E+03   4.1590000E+03   4.2212836E-04   3.3871930E-04
   1.5531458E+03   5.7370000E+03   4.1190000E+03   5.7622123E-04   5.5832361E-04
   1.5531533E+03   5.7460000E+03   4.1690000E+03   2.8832045E-04   5.2693913E-04
   1.5531609E+03   5.5240000E+03   3.9770000E+03   4.3819163E-04   4.2999459E-04
   1.5531684E+03   5.3970000E+03   3.8840000E+03   6.3635400E-04   8.1445448E-04
   1.5531759E+03   5.6490000E+03   4.0610000E+03   1.9789879E-04   5.0170811E-04
   1.5531834E+03   5.4310000E+03   3.9020000E+03   3.0359104E-04   6.8544352E-04
   1.5531910E+03   5.5050000E+03   4.0560000E+03   2.7563788E-04   3.5215995E-04
   1.5531985E+03   5.2450000E+03   3.7790000E+03   8.1407503E-04   1.2159668E-03
   1.5532060E+03   5.2690000E+03   3.7830000E+03   2.8329815E-04   1.7789368E-04
   1.5532136E+03   5.4030000E+03   3.9070000E+03   5.6223748E-04   6.4288460E-04
   1.5532211E+03   5.3190000E+03   3.8860000E+03   2.6221491E-04   2.4551366E-04
   1.5532286E+03   5.1620000E+03   3.7760000E+03   1.9472479E-04   4.9159539E-04
   1.5532361E+03   5.2400000E+03   3.8040000E+03   4.5604493E-04   8.1156356E-04
   1.5532437E+03   5.0740000E+03   3.6510000E+03   2.1957700E-04   1.9379202E-04
   1.5532512E+03   4.9750000E+03   3.5600000E+03   6.9797600E-04   6.5853219E-04
   1.5532587E+03   4.9630000E+03   3.6290000E+03   1.8035250E-04   5.0499442E-05
   1.5532663E+03   4.9920000E+03   3.6550000E+03   6.4037159E-04   7.0876319E-04
   1.5532738E+03   4.8530000E+03   3.5030000E+03   2.1090171E-04   1.6453633E-04
   1.5532813E+03   4.8950000E+03   3.5650000E+03   2.3761826E-05   1.2358725E-04
   1.5532888E+03   4.7610000E+03   3.4490000E+03   7.5913683E-04   1.0917474E-03
   1.5532964E+03   4.8420000E+03   3.5120000E+03   4.5218605E-04   4.4227484E-04
   1.5533039E+03   4.7000000E+03   3.3790000E+03   1.5675396E-04   1.5609429E-04
   1.5533114E+03   4.5520000E+03   3.3100000E+03   5.1294440E-04   5.2834297E-04
   1.5533189E+03   4.6980000E+03   3.3540000E+03   4.2402399E-04   5.0757638E-04
   1.5533265E+03   4.5800000E+03   3.3250000E+03   4.9258491E-04   6.6222957E-04
   1.5533340E+03   4.5900000E+03   3.3360000E+03   1.2898481E-04   1.2179329E-04
   1.5533415E+03   4.4960000E+03   3.2770000E+03   6.8223231E-05   6.1334214E-05
   1.5533491E+03   4.4430000E+03   3.1370000E+03   3.3578791E-04   6.7440970E-04
   1.5533566E+03   4.5570000E+03   3.2800000E+03   2.8616141E-04   4.9541410E-04
   1.5533641E+03   4.3200000E+03   3.0500000E+03   2.0718538E-04   1.5668711E-04
   1.5533716E+03   4.3930000E+03   3.1850000E+03   7.0847573E-04   6.9418216E-04
   1.5533792E+03   4.3510000E+03   3.0850000E+03   5.7644392E-04   6.3561307E-04
   1.5533867E+03   4.2270000E+03   3.0330000E+03   3.1421508E-04   1.5884427E-04
   1.5533942E+03   4.1440000E+03   2.9390000E+03   4.1638097E-04   7.1840250E-04
   1.5534018E+03   4.0840000E+03   2.9270000E+03   8.9337713E-04   8.9454714E-04
   1.5534093E+03   4.2000000E+03   2.9910000E+03   5.9802046E-04   7.2587301E-04
   1.5534168E+03   4.1530000E+03   2.9490000E+03   8.6554572E-04   1.4154209E-03
   1.5534243E+03   4.0770000E+03   2.8720000E+03   3.1745629E-04   2.4880636E-04
   1.5534319E+03   4.0670000E+03   2.9320000E+03   1.3877384E-04   2.8345515E-04
   1.5534394E+03   4.0290000E+03   2.8890000E+03   5.4672548E-04   5.5394267E-04
   1.5534469E+03   3.9070000E+03   2.7550000E+03   5.7369673E-04   8.7557014E-04
   1.5534545E+03   3.7990000E+03   2.6750000E+03   4.0748057E-04   7.7346383E-04
   1.5534620E+03   3.8430000E+03   2.6800000E+03   3.8509091E-04   5.2685283E-04
   1.5534695E+03   3.8140000E+03   2.7040000E+03   3.2314147E-04   7.5970427E-04
   1.5534770E+03   3.7400000E+03   2.6510000E+03   6.6134189E-04   4.8970058E-04
   1.5534846E+03   3.5650000E+03   2.5110000E+03   9.5355342E-04   1.4184803E-03
   1.5534921E+03   3.7090000E+03   2.5370000E+03   4.5154809E-04   5.6808331E-04
   1.5534996E+03   3.7290000E+03   2.6490000E+03   8.1186438E-04   1.4969799E-03
   1.5535072E+03   3.6180000E+03   2.5100000E+03   4.8103061E-04   5.7240664E-04
   1.5535147E+03   3.6470000E+03   2.6080000E+03   6.0514007E-04   5.7689563E-04
   1.5535222E+03   3.5380000E+03   2.4660000E+03   2.5694258E-04   2.2763956E-04
   1.5535297E+03   3.4260000E+03   2.4300000E+03   3.6367872E-04   4.8549767E-04
   1.5535373E+03   3.5740000E+03   2.4840000E+03   8.4930596E-04   1.0712222E-03
   1.5535448E+03   3.3170000E+03   2.3240000E+03   4.3446151E-04   8.0103741E-04
   1.5535523E+03   3.3930000E+03   2.3080000E+03   6.6263422E-04   1.2795213E-03
   1.5535599E+03   3.3760000E+03   2.3140000E+03   4.2639462E-04   3.8474480E-04
   1.5535674E+03   3.2940000E+03   2.2850000E+03   6.2688488E-04   7.4400844E-04
   1.5535749E+03   3.2410000E+03   2.2560000E+03   3.7538313E-04   6.8286809E-04
   1.5535824E+03   3.2040000E+03   2.1950000E+03   5.8533547E-04   1.0357656E-03
   1.5535900E+03   3.2570000E+03   2.2180000E+03   9.8979990E-04   1.3117125E-03
   1.5535975E+03   3.1820000E+03   2.1890000E+03   6.1370219E-04   7.6541027E-04
   1.5536050E+03   3.1040000E+03   2.1130000E+03   7.0673775E-04   8.0941489E-04
   1.5536126E+03   3.0880000E+03   2.1140000E+03   6.0452085E-04   5.5978646E-04
   1.5536201E+03   2.9620000E+03   1.9780000E+03   2.2403970E-04   7.4050823E-04
   1.5536276E+03   2.9780000E+03   2.0080000E+03   5.4231947E-04   1.1182481E-03
   1.5536351E+03   2.9930000E+03   2.0090000E+03   1.0803313E-03   2.1043787E-03
   1.5536427E+03   2.9110000E+03   1.9990000E+03   5.2090342E-04   8.4888037E-04
   1.5536502E+03   2.9040000E+03   1.9520000E+03   1.1185490E-04   3.7141731E-04
   1.5536577E+03   2.8370000E+03   1.9200000E+03   5.4747065E-04   6.2975693E-04
   1.5536653E+03   2.8330000E+03   1.8930000E+03   3.3436748E-04   6.2757747E-04
   1.5536728E+03   2.8430000E+03   1.8790000E+03   1.8533101E-04   9.3848263E-04
   1.5536803E+03   2.7610000E+03   1.8000000E+03   1.0643626E-03   1.3132571E-03
   1.5536878E+03   2.6690000E+03   1.7280000E+03   6.6156453E-04   1.0684185E-03
   1.5536954E+03   2.6740000E+03   1.7400000E+03   8.6593517E-04   1.0596180E-03
   1.5537029E+03   2.5520000E+03   1.6820000E+03   4.9337008E-04   4.1938204E-04
   1.5537104E+03   2.5500000E+03   1.6350000E+03   1.4106519E-03   1.8989847E-03
   1.5537180E+03   2.4980000E+03   1.5850000E+03   4.9110217E-04   1.4602351E-03
   1.5537255E+03   2.4470000E+03   1.5550000E+03   2.5558366E-04   4.4983927E-04
   1.5537330E+03   2.4090000E+03   1.5400000E+03   1.2941004E-03   1.4989869E-03
   1.5537405E+03   2.4500000E+03   1.5390000E+03   1.2477646E-03   1.8202319E-03
   1.5537481E+03   2.3920000E+03   1.4810000E+03   4.8059830E-04   7.0574022E-04
   1.5537556E+03   2.4340000E+03   1.4910000E+03   6.3542684E-04   1.5496761E-03
   1.5537631E+03   2.3660000E+03   1.5120000E+03   3.1258285E-04   1.9226589E-04
   1.5537706E+03   2.3450000E+03   1.4520000E+03   3.6301722E-04   1.0530308E-03
   1.5537782E+03   2.2630000E+03   1.3970000E+03   6.3291535E-04   8.9025464E-04
   1.5537857E+03   2.2020000E+03   1.3470000E+03   1.3250140E-03   1.0639141E-03
   1.5537932E+03   2.2730000E+03   1.3920000E+03   5.9829258E-04   7.8956030E-04
   1.5538008E+03   2.1900000E+03   1.3280000E+03   9.0541750E-04   1.4750496E-03
   1.5538083E+03   2.1580000E+03   1.3170000E+03   1.5845846E-04   3.4080179E-04
   1.5538158E+03   2.1280000E+03   1.2470000E+03   9.7718937E-04   1.1461976E-03
   1.5538233E+03   2.0660000E+03   1.2630000E+03   4.4678378E-04   4.9523458E-04
   1.5538309E+03   2.0170000E+03   1.2310000E+03   4.9695289E-04   1.1405071E-03
   1.5538384E+03   2.0420000E+03   1.1800000E+03   6.6075354E-04   1.7036122E-03
   1.5538459E+03   1.9130000E+03   1.0620000E+03   9.4394442E-04   1.1587202E-03
   1.5538535E+03   1.8870000E+03   1.0690000E+03   5.2312545E-04   9.8709973E-04
   1.5538610E+03   1.8260000E+03   1.0610000E+03   9.2894720E-04   1.8916130E-03
   1.5538685E+03   1.8650000E+03   1.0660000E+03   1.0511172E-03   2.0690587E-03
   1.5538760E+03   1.8030000E+03   1.0200000E+03   1.6076352E-03   2.5039391E-03
   1.5538836E+03   1.7890000E+03   1.0120000E+03   7.9148785E-04   7.7860038E-04
   1.5538911E+03   1.7000000E+03   9.3800000E+02   1.0342276E-03   1.9469984E-03
   1.5538986E+03   1.6320000E+03   9.0500000E+02   7.4100480E-04   1.0151827E-03
   1.5539062E+03   1.7520000E+03   9.3600000E+02   1.5907586E-03   3.2181582E-03
   1.5539137E+03   1.5930000E+03   8.2200000E+02   8.3002257E-04   1.4767093E-03
   1.5539212E+03   1.5640000E+03   8.0500000E+02   2.4894624E-04   4.3122740E-04
   1.5539287E+03   1.5340000E+03   8.0100000E+02   7.4382967E-04   1.8755067E-03
   1.5539363E+03   1.5090000E+03   7.3600000E+02   3.9559123E-04   1.2297105E-03
   1.5539438E+03   1.4900000E+03   7.6000000E+02   1.2140783E-03   1.8329434E-03
   1.5539513E+03   1.4360000E+03   7.0200000E+02   2.1620377E-03   4.0478881E-03
   1.5539589E+03   1.4500000E+03   6.9900000E+02   7.9852991E-04   2.0359595E-03
   1.5539664E+03   1.3110000E+03   6.5400000E+02   9.0598627E-04   2.2477507E-03
   1.5539739E+03   1.4200000E+03   6.5600000E+02   6.9983873E-04   1.1881010E-03
   1.5539814E+03   1.3680000E+03   6.2900000E+02   1.1073964E-03   2.9574701E-03
   1.5539890E+03   1.3750000E+03   6.1400000E+02   1.3736412E-03   1.9041319E-03
   1.5539965E+03   1.2800000E+03   5.8400000E+02   7.4081368E-04   2.9786646E-04
   1.5540040E+03   1.2770000E+03   5.5300000E+02   1.3707822E-03   3.2883836E-03
   1.5540116E+03   1.2340000E+03   5.2700000E+02   1.8917565E-03   5.0258918E-03
   1.5540191E+03   1.1280000E+03   4.4700000E+02   4.4809333E-04   1.7570677E-03
   1.5540266E+03   1.1450000E+03   5.0800000E+02   2.1741838E-03   2.9295609E-03
   1.5540341E+03   1.1260000E+03   4.3000000E+02   1.1126642E-03   4.8144229E-03
   1.5540417E+03   1.0470000E+03   4.3000000E+02   8.8155493E-04   4.6867924E-03
   1.5540492E+03   1.0320000E+03   3.7800000E+02   1.2996630E-03   2.2095882E-03
   1.5540567E+03   9.8500000E+02   3.4900000E+02   9.5264734E-04   5.4535199E-03
   1.5540643E+03   9.7800000E+02   3.3500000E+02   2.9412805E-03   6.5772868E-03
   1.5540718E+03   9.6600000E+02   3.1700000E+02   1.0011925E-03   2.7086764E-03
   1.5540793E+03   9.1200000E+02   2.9400000E+02   1.0281680E-03   1.0145531E-03
   1.5540868E+03   9.1600000E+02   2.8300000E+02   3.0726793E-03   3.1115725E-03
   1.5540944E+03   8.2300000E+02   2.1400000E+02   2.3529498E-03   3.7908442E-03
   1.5541019E+03   7.9300000E+02   2.1700000E+02   1.2151431E-03   2.4607912E-03
   1.5541094E+03   8.1000000E+02   1.8600000E+02   2.1413639E-03   4.8877120E-03
   1.5541170E+03   7.4100000E+02   1.8600000E+02   2.0330608E-03   5.7726540E-03
   1.5541245E+03   8.1600000E+02   1.9900000E+02   4.9696300E-04   3.6456748E-03
   1.5541320E+03   6.8600000E+02   1.5300000E+02   3.8303227E-03   1.7125503E-02
   1.5541395E+03   6.4600000E+02   1.3400000E+02   9.2100011E-04   2.7724564E-03
   1.5541471E+03   6.4000000E+02   1.2500000E+02   2.3232860E-03   1.5190464E-02
   1.5541546E+03   6.3000000E+02   1.1300000E+02   2.4329553E-03   7.3504105E-03
   1.5541621E+03   5.6900000E+02   1.0900000E+02   1.8258751E-03   9.7180900E-03
   1.5541697E+03   5.5400000E+02   1.0400000E+02   1.1174341E-03   4.3100840E-03
   1.5541772E+03   5.0500000E+02   8.2000000E+01   5.0171220E-03   3.1337518E-02
   1.5541847E+03   4.8900000E+02   1.0500000E+02   5.6792557E-03   2.4922944E-02
   1.5541922E+03   4.9300000E+02   8.9000000E+01   2.8579192E-03   1.4447376E-02
   1.5541998E+03   4.6200000E+02   8.8000000E+01   2.2766781E-03   1.2453798E-02
   1.5542073E+03   4.2400000E+02   7.3000000E+01   3.7572287E-03   1.6093888E-02
   1.5542148E+03   3.9400000E+02   6.2000000E+01   4.1313463E-03   1.8714607E-02
   1.5542224E+03   3.6100000E+02   6.7000000E+01   8.6680149E-03   3.8797832E-02
   1.5542299E+03   3.4900000E+02   7.1000000E+01   4.5619291E-03   2.2461797E-02
   1.5542374E+03   2.7500000E+02   7.0000000E+01   2.3000213E-03   6.8111647E-03
   1.5542449E+03   2.9400000E+02   7.1000000E+01   4.5080948E-03   1.6509724E-02
   1.5542525E+03   2.6500000E+02   8.0000000E+01   3.0330518E-03   1.9448964E-02
   1.5542600E+03   2.6800000E+02   8.9000000E+01   6.7905480E-03   2.2165554E-02
   1.5542675E+03   2.2400000E+02   6.7000000E+01   5.2281038E-03   1.6446365E-02
   1.5542750E+03   2.3800000E+02   9.4000000E+01   9.7452256E-03   2.9510340E-02
   1.5542826E+03   2.0300000E+02   7.4000000E+01   8.8892736E-03   2.2917771E-02
   1.5542901E+03   1.8100000E+02   7.1000000E+01   5.5016918E-03   1.2711536E-02
   1.5542976E+03   1.3500000E+02   4.6000000E+01   1.5095567E-02   2.1839161E-02
   1.5543052E+03   1.4600000E+02   8.1000000E+01   1.2632927E-02   2.5225568E-02
   1.5543127E+03   1.1400000E+02   6.1000000E+01   4.4994781E-03   1.8370162E-03
   1.5543202E+03   1.1500000E+02   4.9000000E+01   1.3443065E-02   4.7415192E-02
   1.5543277E+03   1.0300000E+02   6.0000000E+01   1.0606079E-02   1.5362750E-02
   1.5543353E+03   1.0300000E+02   6.2000000E+01   1.8689380E-02   2.6999477E-02
   1.5543428E+03   7.9000000E+01   3.7000000E+01   2.4524335E-02   4.0177953E-02
   1.5543503E+03   9.2000000E+01   5.0000000E+01   1.2098048E-02   2.3289038E-02
   1.5543579E+03   8.8000000E+01   5.3000000E+01   2.6888476E-02   3.3476318E-02
   1.5543654E+03   7.5000000E+01   4.6000000E+01   4.6831189E-03   2.3001404E-02
   1.5543729E+03   8.2000000E+01   5.8000000E+01   2.3211715E-02   3.0290099E-02
   1.5543804E+03   7.5000000E+01   4.6000000E+01   1.1757713E-02   2.2336333E-02
   1.5543880E+03   8.4000000E+01   5.5000000E+01   1.5653626E-02   2.2371539E-02
   1.5543955E+03   6.9000000E+01   4.1000000E+01   1.1836163E-02   1.7925479E-02
   1.5544030E+03   8.8000000E+01   5.4000000E+01   4.0290383E-03   5.3066304E-03
   1.5544106E+03   8.9000000E+01   5.7000000E+01   2.8917017E-02   4.0162547E-02
   1.5544181E+03   8.6000000E+01   5.8000000E+01   1.3777930E-02   2.1855703E-02
   1.5544256E+03   7.2000000E+01   4.4000000E+01   2.2662540E-02   1.9502631E-02
   1.5544331E+03   7.3000000E+01   4.9000000E+01   1.1568483E-03   1.5694091E-02
   1.5544407E+03   6.8000000E+01   4.9000000E+01   1.7138003E-02   1.9136744E-02
   1.5544482E+03   6.3000000E+01   4.1000000E+01   1.9597188E-02   4.0293072E-02
   1.5544557E+03   6.3000000E+01   4.0000000E+01   3.1801380E-02   5.0948919E-02
   1.5544633E+03   6.9000000E+01   4.1000000E+01   1.2513503E-02   1.6361185E-02
   1.5544708E+03   5.8000000E+01   3.6000000E+01   1.3601901E-02   8.1695528E-03
   1.5544783E+03   7.5000000E+01   4.6000000E+01   8.3981975E-03   1.6288690E-02
   1.5544858E+03   6.8000000E+01   4.0000000E+01   1.6734517E-02   2.4371016E-02
   1.5544934E+03   6.7000000E+01   4.0000000E+01   2.3052467E-02   2.7240523E-02
   1.5545009E+03   6.0000000E+01   3.2000000E+01   3.2030819E-03   6.3705474E-03
   1.5545084E+03   6.3000000E+01   3.6000000E+01   3.1440203E-02   4.7242354E-02
   1.5545160E+03   7.2000000E+01   5.0000000E+01   2.1051224E-02   3.0313471E-02
   1.5545235E+03   6.2000000E+01   4.1000000E+01   3.2562677E-02   3.6529376E-02
   1.5545310E+03   6.1000000E+01   3.6000000E+01   2.3548635E-02   5.1826983E-02
   1.5545385E+03   4.5000000E+01   2.5000000E+01   1.3028754E-02   2.8919600E-02
   1.5545461E+03   6.3000000E+01   3.9000000E+01   7.7070825E-03   2.6688718E-02
   1.5545536E+03   5.1000000E+01   3.5000000E+01   2.8939068E-02   4.6413265E-02
   1.5545611E+03   5.4000000E+01   2.5000000E+01   2.1560910E-02   3.9759311E-02
   1.5545687E+03   5.9000000E+01   3.4000000E+01   4.1540921E-02   5.6878820E-02
   1.5545762E+03   5.5000000E+01   3.0000000E+01   2.6555428E-02   4.8684938E-02
   1.5545837E+03   5.0000000E+01   2.9000000E+01   5.1479203E-02   7.2054318E-02
   1.5545912E+03   4.1000000E+01   2.8000000E+01   4.2791893E-02   5.8177440E-02
   1.5545988E+03   5.6000000E+01   2.7000000E+01   7.1544193E-03   2.6625500E-02
   1.5546063E+03   4.8000000E+01   3.3000000E+01   3.7106351E-02   1.6462094E-02
   1.5546138E+03   4.3000000E+01   2.3000000E+01   2.2335899E-02   6.3253104E-02
   1.5546214E+03   3.8000000E+01   2.0000000E+01   1.8961048E-02   8.8360135E-03
   1.5546289E+03   3.6000000E+01   2.1000000E+01   3.7549645E-02   6.5270998E-02
   1.5546364E+03   3.9000000E+01   2.4000000E+01   2.7976126E-02   3.7867981E-02
   1.5546439E+03   4.8000000E+01   2.9000000E+01   1.6440903E-02   4.0344756E-02
   1.5546515E+03   4.2000000E+01   2.2000000E+01   2.7989500E-02   4.9691386E-02
   1.5546590E+03   4.4000000E+01   2.8000000E+01   5.5681015E-02   7.4434546E-02
   1.5546665E+03   3.8000000E+01   2.8000000E+01   1.4849728E-02   2.0153199E-02
   1.5546740E+03   3.6000000E+01   1.8000000E+01   3.4780364E-02   6.7601209E-02
   1.5546816E+03   3.3000000E+01   1.7000000E+01   1.3575817E-02   1.8714120E-02
   1.5546891E+03   2.8000000E+01   2.0000000E+01   8.2344456E-02   1.1528203E-01
   1.5546966E+03   2.9000000E+01   1.0000000E+01   2.5078462E-02   7.5032433E-02
   1.5547042E+03   3.6000000E+01   1.9000000E+01   3.0954587E-02   4.9516588E-02
   1.5547117E+03   3.7000000E+01   2.0000000E+01   2.0953084E-02   2.4646571E-02
   1.5547192E+03   3.7000000E+01   2.5000000E+01   3.4965236E-02   6.1866053E-02
   1.5547267E+03   2.6000000E+01   1.3000000E+01   1.8755431E-02   2.4067606E-02
   1.5547343E+03   3.4000000E+01   2.0000000E+01   1.6872615E-02   8.7036112E-02
   1.5547418E+03   2.4000000E+01   1.4000000E+01   1.9355332E-02   2.5828934E-02
   1.5547493E+03   2.5000000E+01   1.5000000E+01   2.8799639E-02   4.7999442E-02
   1.5547569E+03   2.6000000E+01   1.7000000E+01   8.9393981E-02   1.3672163E-01
   1.5547644E+03   2.9000000E+01   1.9000000E+01   8.3576321E-02   1.0626931E-01
   1.5547719E+03   3.2000000E+01   2.3000000E+01   6.5982318E-02   7.2686958E-02
   1.5547794E+03   2.7000000E+01   1.7000000E+01   2.4381140E-02   3.4220733E-02
   1.5547870E+03   2.3000000E+01   1.3000000E+01   4.5407600E-02   7.9155406E-02
   1.5547945E+03   3.7000000E+01   2.0000000E+01   6.1249313E-02   1.2452298E-01
   1.5548020E+03   1.7000000E+01   1.1000000E+01   4.1209474E-02   4.5455162E-02
   1.5548096E+03   2.6000000E+01   1.2000000E+01   3.6314960E-02   4.3783552E-02
   1.5548171E+03   2.1000000E+01   1.3000000E+01   6.8452412E-02   1.3363621E-01
   1.5548246E+03   2.4000000E+01   1.1000000E+01   1.1806759E-02   3.0712695E-02
   1.5548321E+03   2.3000000E+01   1.5000000E+01   9.8436906E-02   1.3559647E-01
   1.5548397E+03   2.3000000E+01   1.1000000E+01   1.3725298E-02   1.3087488E-02
   1.5548472E+03   1.8000000E+01   1.1000000E+01   4.5294423E-02   6.4897529E-02
   1.5548547E+03   1.5000000E+01   9.0000000E+00   2.1663950E-02   6.0757140E-02
   1.5548623E+03   2.1000000E+01   1.4000000E+01   9.3657352E-02   1.4048603E-01
   1.5548698E+03   1.6000000E+01   1.0000000E+01   2.0959967E-02   3.3533827E-02
   1.5548773E+03   2.0000000E+01   1.3000000E+01   4.0947564E-03   4.2130060E-02
   1.5548848E+03   1.2000000E+01   7.0000000E+00   8.3605845E-02   1.6628722E-01
   1.5548924E+03   1.2000000E+01   6.0000000E+00   1.0569160E-01   1.3067390E-01
   1.5548999E+03   2.7000000E+01   1.5000000E+01   5.3759573E-03   3.0737941E-03
   1.5549074E+03   1.4000000E+01   7.0000000E+00   1.8796267E-02   1.0376254E-01
   1.5549150E+03   1.6000000E+01   9.0000000E+00   6.8080998E-02   1.4187416E-01
   1.5549225E+03   1.7000000E+01   1.4000000E+01   1.0600157E-01   1.2871619E-01
   1.5549300E+03   1.4000000E+01   7.0000000E+00   8.3739411E-02   1.6747881E-01
   1.5549375E+03   2.4000000E+01   1.2000000E+01   5.3573986E-02   1.0251241E-01
   1.5549451E+03   2.1000000E+01   1.5000000E+01   8.5109310E-02   1.1804824E-01
   1.5549526E+03   1.8000000E+01   1.2000000E+01   5.7377723E-02   9.1188104E-02
   1.5549601E+03   1.5000000E+01   6.0000000E+00   6.3624359E-02   1.6705592E-01
   1.5549677E+03   1.7000000E+01   7.0000000E+00   3.6849107E-02   6.3728961E-02
   1.5549752E+03   1.4000000E+01   4.0000000E+00   1.7720381E-01   1.8967221E-01
   1.5549827E+03   1.0000000E+01   5.0000000E+00   1.3259292E-02   2.6522616E-02
   1.5549902E+03   1.7000000E+01   9.0000000E+00   7.4725145E-02   1.2205954E-01
   1.5549978E+03   1.1000000E+01   6.0000000E+00   1.8684530E-01   4.1051799E-01
   1.5550053E+03   1.0000000E+01   7.0000000E+00   1.5975320E-01   1.5145672E-01
   1.5550128E+03   1.6000000E+01   7.0000000E+00   8.9332472E-02   1.0155313E-01
   1.5550204E+03   1.2000000E+01   7.0000000E+00   6.0052933E-02   1.4792442E-01
   1.5550279E+03   1.6000000E+01   1.4000000E+01   9.3229927E-02   1.0654849E-01
   1.5550354E+03   1.5000000E+01   1.0000000E+01   8.0564688E-02   1.2129917E-01
   1.5550429E+03   8.0000000E+00   7.0000000E+00   7.8002301E-02   7.6518426E-02
   1.5550505E+03   1.0000000E+01   5.0000000E+00   1.3829037E-01   1.8696372E-01
   1.5550580E+03   1.0000000E+01   5.0000000E+00   1.0555936E-01   1.6301527E-01
   1.5550655E+03   1.7000000E+01   7.0000000E+00   5.5115117E-02   2.1882509E-01
   1.5550731E+03   1.1000000E+01   6.0000000E+00   1.0246585E-01   1.2785661E-01
   1.5550806E+03   1.2000000E+01   5.0000000E+00   8.8841461E-03   2.6831047E-02
   1.5550881E+03   9.0000000E+00   5.0000000E+00   1.0873762E-02   1.9587580E-02
   1.5550956E+03   9.0000000E+00   4.0000000E+00   5.7812582E-02   1.3007831E-01
   1.5551032E+03   8.0000000E+00   4.0000000E+00   3.6455852E-02   7.2914215E-02
   1.5551107E+03   4.0000000E+00   4.0000000E+00   2.6331264E-01   2.6331264E-01
   1.5551182E+03   7.0000000E+00   4.0000000E+00   9.9085480E-02   2.2200262E-01
   1.5551257E+03   7.0000000E+00   5.0000000E+00   1.0770168E-01   1.5078195E-01
   1.5551333E+03   6.0000000E+00   3.0000000E+00   1.2259709E-01   2.4519418E-01
   1.5551408E+03   1.0000000E+01   9.0000000E+00   7.6646477E-02   8.5162752E-02
   1.5551483E+03   5.0000000E+00   3.0000000E+00   1.0918961E-01   1.8198269E-01
   1.5551559E+03   9.0000000E+00   5.0000000E+00   7.2116063E-02   1.2980891E-01
   1.5551634E+03   1.4000000E+01   9.0000000E+00   4.0462408E-02   4.0301658E-02
   1.5551709E+03   6.0000000E+00   5.0000000E+00   3.4453285E-02   4.1343942E-02
   1.5551784E+03   1.2000000E+01   1.0000000E+01   2.7801485E-02   2.8654496E-02
   1.5551860E+03   1.0000000E+01   6.0000000E+00   1.5858742E-02   5.6799749E-02
   1.5551935E+03   7.0000000E+00   5.0000000E+00   6.5621960E-02   9.8913332E-02
   1.5552010E+03   7.0000000E+00   5.0000000E+00   1.7263027E-01   2.4168238E-01
   1.5552086E+03   7.0000000E+00   3.0000000E+00   9.6000797E-02   2.1995205E-01
   1.5552161E+03   5.0000000E+00   4.0000000E+00   3.8365175E-02   4.7956469E-02
   1.5552236E+03   8.0000000E+00   6.0000000E+00   6.6898362E-02   1.2472885E-01
   1.5552311E+03   5.0000000E+00   4.0000000E+00   2.4552315E-01   3.0690394E-01
   1.5552387E+03   9.0000000E+00   4.0000000E+00   1.7905265E-01   1.6683518E-01
   1.5552462E+03   7.0000000E+00   6.0000000E+00   1.4302042E-01   1.6685715E-01
   1.5552537E+03   1.2000000E+01   8.0000000E+00   2.3502815E-02   3.5254222E-02
   1.5552613E+03   4.0000000E+00   4.0000000E+00   2.4957729E-01   2.4957729E-01
   1.5552688E+03   7.0000000E+00   5.0000000E+00   1.0448520E-01   1.3460585E-01
   1.5552763E+03   9.0000000E+00   5.0000000E+00   3.4536933E-02   1.6322155E-02
   1.5552838E+03   6.0000000E+00   1.0000000E+00   3.9312216E-02   0.0000000E+00
   1.5552914E+03   5.0000000E+00   3.0000000E+00   2.8511833E-01   3.4106157E-01
   1.5552989E+03   2.0000000E+00   2.0000000E+00   3.0800221E-01   3.0800221E-01
   1.5553064E+03   2.0000000E+00   1.0000000E+00   3.3158902E-02   6.6317803E-02
   1.5553140E+03   4.0000000E+00   3.0000000E+00   2.8614780E-01   3.8153041E-01
   1.5553215E+03   7.0000000E+00   5.0000000E+00   8.5195605E-02   1.0877843E-01
   1.5553290E+03   5.0000000E+00   3.0000000E+00   2.2500597E-01   2.8334229E-01
   1.5553365E+03   2.0000000E+00   1.0000000E+00   3.0400907E-01   6.0560886E-01
   1.5553441E+03   7.0000000E+00   4.0000000E+00   1.3779175E-01   2.3831640E-01
   1.5553516E+03   6.0000000E+00   5.0000000E+00   6.0286889E-02   7.2344266E-02
   1.5553591E+03   8.0000000E+00   3.0000000E+00   7.4500959E-02   2.5929076E-01
   1.5553667E+03   3.0000000E+00   1.0000000E+00   2.9827355E-01   7.6845932E-01
   1.5553742E+03   7.0000000E+00   4.0000000E+00   8.1315137E-02   7.6274451E-02
   1.5553817E+03   9.0000000E+00   5.0000000E+00   7.5889359E-02   1.4280758E-01
   1.5553892E+03   2.0000000E+00   2.0000000E+00   4.4294645E-01   4.4294645E-01
   1.5553968E+03   7.0000000E+00   2.0000000E+00   1.9806445E-01   2.0418843E-01
   1.5554043E+03   3.0000000E+00   1.0000000E+00   2.7162639E-01   0.0000000E+00
   1.5554118E+03   8.0000000E+00   6.0000000E+00   1.7295382E-01   2.5689324E-01
   1.5554194E+03   2.0000000E+00   2.0000000E+00   2.8378521E-01   2.8378521E-01
   1.5554269E+03   7.0000000E+00   6.0000000E+00   1.5292233E-01   1.7840938E-01
   1.5554344E+03   1.0000000E+00   1.0000000E+00   8.5241174E-01   8.5241174E-01
   1.5554419E+03   3.0000000E+00   2.0000000E+00   1.7766741E-02   1.6228233E-01
   1.5554495E+03   5.0000000E+00   4.0000000E+00   2.5519930E-01   2.8427821E-01
   1.5554570E+03   4.0000000E+00   4.0000000E+00   1.9111680E-01   1.9111680E-01
   1.5554645E+03   5.0000000E+00   2.0000000E+00   4.0694870E-02   2.6235178E-01
   1.5554721E+03   2.0000000E+00   2.0000000E+00   3.3365133E-01   3.3365133E-01
   1.5554796E+03   3.0000000E+00   0.0000000E+00   2.4537764E-01   0.0000000E+00
   1.5554871E+03   5.0000000E+00   3.0000000E+00   2.7897799E-01   4.2929449E-01
   1.5554946E+03   6.0000000E+00   6.0000000E+00   2.0406055E-01   2.0406055E-01
   1.5555022E+03   3.0000000E+00   3.0000000E+00   1.7750867E-01   1.7750867E-01
   1.5555097E+03   6.0000000E+00   6.0000000E+00   1.6843342E-01   1.6843342E-01
   1.5555172E+03   5.0000000E+00   5.0000000E+00   2.7205941E-01   2.7205941E-01
   1.5555248E+03   4.0000000E+00   1.0000000E+00   1.1683189E-01   1.6671656E-02
   1.5555323E+03   3.0000000E+00   3.0000000E+00   3.8718507E-01   3.8718507E-01
   1.5555398E+03   4.0000000E+00   3.0000000E+00   1.7719214E-01   3.1892656E-01
   1.5555473E+03   7.0000000E+00   5.0000000E+00   9.0666500E-02   1.2719958E-01
   1.5555549E+03   6.0000000E+00   3.0000000E+00   1.0307337E-01   1.6229291E-01
   1.5555624E+03   3.0000000E+00   2.0000000E+00   8.5082568E-02   1.7830230E-01
   1.5555699E+03   6.0000000E+00   4.0000000E+00   1.7673543E-01   1.2514796E-01
   1.5555774E+03   3.0000000E+00   0.0000000E+00   0.0000000E+00   0.0000000E+00
   1.5555850E+03   2.0000000E+00   2.0000000E+00   4.0511736E-01   4.0511736E-01
   1.5555925E+03   4.0000000E+00   1.0000000E+00   4.2895829E-01   7.3003949E-01
   1.5556000E+03   1.0000000E+00   1.0000000E+00   2.4069423E-02   2.4069423E-02
   1.5556076E+03   3.0000000E+00   3.0000000E+00   2.5320523E-01   2.5320523E-01
   1.5556151E+03   3.0000000E+00   2.0000000E+00   1.2793563E-01   2.2330778E-02
   1.5556226E+03   2.0000000E+00   1.0000000E+00   8.4566515E-02   1.6913303E-01
   1.5556301E+03   4.0000000E+00   4.0000000E+00   3.3880553E-01   3.3880553E-01
   1.5556377E+03   3.0000000E+00   3.0000000E+00   4.0163916E-01   4.0163916E-01
   1.5556452E+03   2.0000000E+00   2.0000000E+00   3.5296718E-01   3.5296718E-01
   1.5556527E+03   4.0000000E+00   4.0000000E+00   1.4578780E-02   1.4578780E-02
   1.5556603E+03   4.0000000E+00   2.0000000E+00   3.3425306E-02   3.1905776E-02
   1.5556678E+03   0.0000000E+00   0.0000000E+00   0.0000000E+00   0.0000000E+00
   1.5556753E+03   3.0000000E+00   2.0000000E+00   1.5373424E-01   2.3060136E-01
   1.5556828E+03   3.0000000E+00   1.0000000E+00   2.7079490E-01   2.8251636E-01
   1.5556904E+03   4.0000000E+00   2.0000000E+00   5.1608255E-02   1.7743303E-01
   1.5556979E+03   3.0000000E+00   2.0000000E+00   3.3105211E-01   1.6971059E-01
   1.5557054E+03   4.0000000E+00   2.0000000E+00   2.5156184E-01   3.1097739E-01
   1.5557130E+03   5.0000000E+00   4.0000000E+00   1.0106572E-02   1.2633215E-02
   1.5557205E+03   3.0000000E+00   2.0000000E+00   3.7183311E-02   6.0504224E-02
   1.5557280E+03   5.0000000E+00   4.0000000E+00   1.9747363E-01   2.2997957E-01
   1.5557355E+03   4.0000000E+00   4.0000000E+00   2.5513749E-01   2.5513749E-01
   1.5557431E+03   3.0000000E+00   3.0000000E+00   3.2837778E-01   3.2837778E-01
   1.5557506E+03   4.0000000E+00   3.0000000E+00   2.7575125E-01   3.7408763E-01
   1.5557581E+03   8.0000000E+00   6.0000000E+00   1.4811884E-02   5.8133111E-02
   1.5557657E+03   2.0000000E+00   1.0000000E+00   8.3861077E-02   1.6163796E-01
   1.5557732E+03   4.0000000E+00   3.0000000E+00   7.8273184E-02   7.7732523E-02
   1.5557807E+03   2.0000000E+00   2.0000000E+00   1.7102696E-01   1.7102696E-01
   1.5557882E+03   2.0000000E+00   2.0000000E+00   2.2684360E-01   2.2684360E-01
   1.5557958E+03   2.0000000E+00   0.0000000E+00   5.6517072E-02   0.0000000E+00
   1.5558033E+03   0.0000000E+00   0.0000000E+00   0.0000000E+00   0.0000000E+00
   1.5558108E+03   2.0000000E+00   2.0000000E+00   1.6938421E-01   1.6938421E-01
   1.5558184E+03   0.0000000E+00   0.0000000E+00   0.0000000E+00   0.0000000E+00
   1.5558259E+03   0.0000000E+00   0.0000000E+00   0.0000000E+00   0.0000000E+00
   1.5558334E+03   2.0000000E+00   1.0000000E+00   3.8442823E-01   3.9735511E-07
   1.5558409E+03   3.0000000E+00   2.0000000E+00   2.1925126E-01   2.7156155E-01
   1.5558485E+03   3.0000000E+00   1.0000000E+00   2.5127233E-01   3.4859559E-01
   1.5558560E+03   1.0000000E+00   1.0000000E+00   8.6045230E-01   8.6045230E-01
   1.5558635E+03   2.0000000E+00   1.0000000E+00   4.3512344E-01   8.5552910E-01
   1.5558711E+03   3.0000000E+00   2.0000000E+00   1.1253088E-01   1.7627826E-01
   1.5558786E+03   2.0000000E+00   2.0000000E+00   2.9319807E-01   2.9319807E-01
   1.5558861E+03   1.0000000E+00   1.0000000E+00   8.4186158E-02   8.4186158E-02
   1.5558936E+03   3.0000000E+00   0.0000000E+00   1.2425789E-01   0.0000000E+00
   1.5559012E+03   1.0000000E+00   1.0000000E+00   1.5107305E-02   1.5107305E-02
   1.5559087E+03   1.0000000E+00   0.0000000E+00   2.1577069E-01   0.0000000E+00
   1.5559162E+03   1.0000000E+00   1.0000000E+00   2.7809229E-02   2.7809229E-02
   1.5559238E+03   1.0000000E+00   1.0000000E+00   3.1855051E-01   3.1855051E-01
   1.5559313E+03   2.0000000E+00   0.0000000E+00   1.0416704E-01   0.0000000E+00
   1.5559388E+03   2.0000000E+00   2.0000000E+00   3.5614118E-01   3.5614118E-01
   1.5559463E+03   5.0000000E+00   4.0000000E+00   2.0461423E-01   3.3417106E-01
   1.5559539E+03   0.0000000E+00   0.0000000E+00   0.0000000E+00   0.0000000E+00
   1.5559614E+03   5.0000000E+00   4.0000000E+00   7.8790712E-02   9.8670574E-02
   1.5559689E+03   5.0000000E+00   5.0000000E+00   2.9162612E-01   2.9162612E-01
   1.5559765E+03   1.0000000E+00   1.0000000E+00   9.6541716E-02   9.6541716E-02
   1.5559840E+03   1.0000000E+00   0.0000000E+00   1.7852038E-02   0.0000000E+00
   1.5559915E+03   0.0000000E+00   0.0000000E+00   0.0000000E+00   0.0000000E+00
   1.5559990E+03   1.0000000E+00   1.0000000E+00   7.1091570E-02   7.1091570E-02
   1.5560066E+03   0.0000000E+00   0.0000000E+00   0.0000000E+00   0.0000000E+00
   1.5560141E+03   2.0000000E+00   2.0000000E+00   7.6417034E-02   7.6417034E-02
   1.5560216E+03   1.0000000E+00   1.0000000E+00   5.3662113E-01   5.3662113E-01
   1.5560291E+03   1.0000000E+00   1.0000000E+00   2.3002851E-01   2.3002851E-01
   1.5560367E+03   1.0000000E+00   1.0000000E+00   4.0878754E-01   4.0878754E-01
   1.5560442E+03   1.0000000E+00   1.0000000E+00   2.9670106E-06   2.9670106E-06
   1.5560517E+03   3.0000000E+00   3.0000000E+00   9.6975660E-02   9.6975660E-02
   1.5560593E+03   5.0000000E+00   4.0000000E+00   2.0323348E-01   2.6725352E-01
   1.5560668E+03   1.0000000E+00   1.0000000E+00   6.8160175E-01   6.8160175E-01
   1.5560743E+03   2.0000000E+00   2.0000000E+00   4.4019214E-01   4.4019214E-01
   1.5560818E+03   0.0000000E+00   0.0000000E+00   0.0000000E+00   0.0000000E+00
   1.5560894E+03   5.0000000E+00   5.0000000E+00   4.1483891E-02   4.1483891E-02
   1.5560969E+03   2.0000000E+00   1.0000000E+00   3.2914673E-01   6.4387370E-01
   1.5561044E+03   1.0000000E+00   1.0000000E+00   7.8498190E-01   7.8498190E-01
   1.5561120E+03   2.0000000E+00   2.0000000E+00   3.6741886E-01   3.6741886E-01
   1.5561195E+03   4.0000000E+00   3.0000000E+00   3.2524050E-01   2.7973880E-01
   1.5561270E+03   0.0000000E+00   0.0000000E+00   0.0000000E+00   0.0000000E+00
   1.5561345E+03   0.0000000E+00   0.0000000E+00   0.0000000E+00   0.0000000E+00
   1.5561421E+03   3.0000000E+00   2.0000000E+00   2.8667057E-01   4.9217194E-01
   1.5561496E+03   4.0000000E+00   2.0000000E+00   8.6057681E-02   2.6272317E-01
   1.5561571E+03   3.0000000E+00   2.0000000E+00   5.4480704E-01   6.3847367E-01
   1.5561647E+03   1.0000000E+00   1.0000000E+00   8.1327654E-01   8.1327654E-01
   1.5561722E+03   2.0000000E+00   0.0000000E+00   2.4193605E-01   0.0000000E+00
   1.5561797E+03   0.0000000E+00   0.0000000E+00   0.0000000E+00   0.0000000E+00
   1.5561872E+03   1.0000000E+00   1.0000000E+00   2.5616062E-01   2.5616062E-01
   1.5561948E+03   2.0000000E+00   2.0000000E+00   1.5138543E-01   1.5138543E-01
   1.5562023E+03   2.0000000E+00   2.0000000E+00   4.5110759E-01   4.5110759E-01
   1.5562098E+03   0.0000000E+00   0.0000000E+00   0.0000000E+00   0.0000000E+00
   1.5562174E+03   3.0000000E+00   2.0000000E+00   4.5353663E-01   5.1075539E-01
   1.5562249E+03   1.0000000E+00   0.0000000E+00   3.3541442E-01   0.0000000E+00
   1.5562324E+03   3.0000000E+00   2.0000000E+00   1.3093667E-01   8.0363399E-02
   1.5562399E+03   0.0000000E+00   0.0000000E+00   0.0000000E+00   0.0000000E+00
   1.5562475E+03   1.0000000E+00   0.0000000E+00   1.0738606E-06   0.0000000E+00
   1.5562550E+03   1.0000000E+00   0.0000000E+00   1.7015056E-01   0.0000000E+00
   1.5562625E+03   0.0000000E+00   0.0000000E+00   0.0000000E+00   0.0000000E+00
   1.5562701E+03   1.0000000E+00   0.0000000E+00   3.2956587E-01   0.0000000E+00
   1.5562776E+03   3.0000000E+00   1.0000000E+00   3.4306859E-01   8.1536116E-01
   1.5562851E+03   4.0000000E+00   4.0000000E+00   2.6827881E-01   2.6827881E-01
   1.5562926E+03   2.0000000E+00   2.0000000E+00   6.1508929E-01   6.1508929E-01
   1.5563002E+03   2.0000000E+00   1.0000000E+00   3.2594245E-01   6.8827318E-01
   1.5563077E+03   2.0000000E+00   1.0000000E+00   3.1149986E-01   5.1932115E-01
   1.5563152E+03   1.0000000E+00   1.0000000E+00   1.7985032E-01   1.7985032E-01
   1.5563228E+03   4.0000000E+00   2.0000000E+00   2.4402386E-01   4.8578952E-01
   1.5563303E+03   3.0000000E+00   2.0000000E+00   1.8196545E-01   2.4723655E-01
   1.5563378E+03   0.0000000E+00   0.0000000E+00   0.0000000E+00   0.0000000E+00
   1.5563453E+03   4.0000000E+00   3.0000000E+00   8.5120987E-02   3.6501010E-02
   1.5563529E+03   3.0000000E+00   1.0000000E+00   4.6169778E-02   7.4022152E-01
   1.5563604E+03   1.0000000E+00   1.0000000E+00   3.0567091E-01   3.0567091E-01
   1.5563679E+03   4.0000000E+00   4.0000000E+00   8.0258932E-02   8.0258932E-02
   1.5563755E+03   2.0000000E+00   2.0000000E+00   1.5478170E-01   1.5478170E-01
   1.5563830E+03   0.0000000E+00   0.0000000E+00   0.0000000E+00   0.0000000E+00
   1.5563905E+03   3.0000000E+00   3.0000000E+00   1.0737905E-01   1.0737905E-01
   1.5563980E+03   1.0000000E+00   1.0000000E+00   1.9428990E-01   1.9428990E-01
   1.5564056E+03   2.0000000E+00   2.0000000E+00   3.1936303E-01   3.1936303E-01
   1.5564131E+03   0.0000000E+00   0.0000000E+00   0.0000000E+00   0.0000000E+00
   1.5564206E+03   3.0000000E+00   3.0000000E+00   3.1493662E-01   3.1493662E-01
   1.5564282E+03   1.0000000E+00   1.0000000E+00   1.0523852E-01   1.0523852E-01
   1.5564357E+03   3.0000000E+00   2.0000000E+00   1.1121423E-01   1.9943667E-01
   1.5564432E+03   1.0000000E+00   1.0000000E+00   6.1702244E-01   6.1702244E-01
   1.5564507E+03   0.0000000E+00   0.0000000E+00   0.0000000E+00   0.0000000E+00
   1.5564583E+03   1.0000000E+00   1.0000000E+00   6.9071918E-07   6.9071918E-07
   1.5564658E+03   3.0000000E+00   3.0000000E+00   5.1517536E-01   5.1517536E-01
   1.5564733E+03   1.0000000E+00   1.0000000E+00   5.9242578E-01   5.9242578E-01
   1.5564808E+03   0.0000000E+00   0.0000000E+00   0.0000000E+00   0.0000000E+00
   1.5564884E+03   1.0000000E+00   1.0000000E+00   1.1005278E-01   1.1005278E-01
   1.5564959E+03   0.0000000E+00   0.0000000E+00   0.0000000E+00   0.0000000E+00
   1.5565034E+03   1.0000000E+00   0.0000000E+00   1.6951318E-01   0.0000000E+00
   1.5565110E+03   1.0000000E+00   1.0000000E+00   3.3609528E-01   3.3609528E-01
   1.5565185E+03   0.0000000E+00   0.0000000E+00   0.0000000E+00   0.0000000E+00
   1.5565260E+03   2.0000000E+00   2.0000000E+00   1.2252972E-01   1.2252972E-01
   1.5565335E+03   1.0000000E+00   1.0000000E+00   8.8090917E-01   8.8090917E-01
   1.5565411E+03   0.0000000E+00   0.0000000E+00   0.0000000E+00   0.0000000E+00
   1.5565486E+03   0.0000000E+00   0.0000000E+00   0.0000000E+00   0.0000000E+00
   1.5565561E+03   2.0000000E+00   2.0000000E+00   1.8407784E-01   1.8407784E-01
   1.5565637E+03   0.0000000E+00   0.0000000E+00   0.0000000E+00   0.0000000E+00
   1.5565712E+03   0.0000000E+00   0.0000000E+00   0.0000000E+00   0.0000000E+00
   1.5565787E+03   2.0000000E+00   2.0000000E+00   2.3067661E-01   2.3067661E-01
   1.5565862E+03   1.0000000E+00   1.0000000E+00   3.4547263E-01   3.4547263E-01
   1.5565938E+03   0.0000000E+00   0.0000000E+00   0.0000000E+00   0.0000000E+00
   1.5566013E+03   1.0000000E+00   1.0000000E+00   6.8923129E-01   6.8923129E-01
   1.5566088E+03   1.0000000E+00   1.0000000E+00   4.2418970E-01   4.2418970E-01
   1.5566164E+03   0.0000000E+00   0.0000000E+00   0.0000000E+00   0.0000000E+00
   1.5566239E+03   0.0000000E+00   0.0000000E+00   0.0000000E+00   0.0000000E+00
   1.5566314E+03   3.0000000E+00   3.0000000E+00   3.2573070E-01   3.2573070E-01
   1.5566389E+03   3.0000000E+00   2.0000000E+00   1.1043230E-01   9.3260876E-02
   1.5566465E+03   0.0000000E+00   0.0000000E+00   0.0000000E+00   0.0000000E+00
   1.5566540E+03   1.0000000E+00   1.0000000E+00   8.5324508E-01   8.5324508E-01
   1.5566615E+03   2.0000000E+00   2.0000000E+00   1.6067363E-01   1.6067363E-01
   1.5566691E+03   1.0000000E+00   1.0000000E+00   3.1665127E-01   3.1665127E-01
   1.5566766E+03   1.0000000E+00   1.0000000E+00   4.2597604E-01   4.2597604E-01
   1.5566841E+03   0.0000000E+00   0.0000000E+00   0.0000000E+00   0.0000000E+00
   1.5566916E+03   2.0000000E+00   2.0000000E+00   8.1712575E-02   8.1712575E-02
   1.5566992E+03   2.0000000E+00   2.0000000E+00   3.0537649E-01   3.0537649E-01
   1.5567067E+03   5.0000000E+00   4.0000000E+00   2.4338850E-01   1.8154123E-01
   1.5567142E+03   1.0000000E+00   1.0000000E+00   2.9467136E-06   2.9467136E-06
   1.5567218E+03   0.0000000E+00   0.0000000E+00   0.0000000E+00   0.0000000E+00
   1.5567293E+03   1.0000000E+00   1.0000000E+00   1.0182268E-01   1.0182268E-01
   1.5567368E+03   0.0000000E+00   0.0000000E+00   0.0000000E+00   0.0000000E+00
   1.5567443E+03   0.0000000E+00   0.0000000E+00   0.0000000E+00   0.0000000E+00
   1.5567519E+03   3.0000000E+00   1.0000000E+00   1.1109067E-01   3.4173661E-01
   1.5567594E+03   0.0000000E+00   0.0000000E+00   0.0000000E+00   0.0000000E+00
   1.5567669E+03   0.0000000E+00   0.0000000E+00   0.0000000E+00   0.0000000E+00
   1.5567745E+03   2.0000000E+00   2.0000000E+00   8.0580036E-02   8.0580036E-02
   1.5567820E+03   1.0000000E+00   0.0000000E+00   1.0697453E-01   0.0000000E+00
   1.5567895E+03   0.0000000E+00   0.0000000E+00   0.0000000E+00   0.0000000E+00
   1.5567970E+03   1.0000000E+00   1.0000000E+00   2.3335995E-01   2.3335995E-01
   1.5568046E+03   1.0000000E+00   1.0000000E+00   8.5313456E-01   8.5313456E-01
   1.5568121E+03   0.0000000E+00   0.0000000E+00   0.0000000E+00   0.0000000E+00
   1.5568196E+03   0.0000000E+00   0.0000000E+00   0.0000000E+00   0.0000000E+00
   1.5568272E+03   0.0000000E+00   0.0000000E+00   0.0000000E+00   0.0000000E+00
   1.5568347E+03   0.0000000E+00   0.0000000E+00   0.0000000E+00   0.0000000E+00
   1.5568422E+03   4.0000000E+00   2.0000000E+00   5.0921312E-02   1.9761114E-01
   1.5568497E+03   0.0000000E+00   0.0000000E+00   0.0000000E+00   0.0000000E+00
   1.5568573E+03   0.0000000E+00   0.0000000E+00   0.0000000E+00   0.0000000E+00
   1.5568648E+03   2.0000000E+00   2.0000000E+00   4.6940013E-01   4.6940013E-01
   1.5568723E+03   1.0000000E+00   1.0000000E+00   3.7679958E-01   3.7679958E-01
   1.5568799E+03   3.0000000E+00   2.0000000E+00   5.4816316E-02   1.7947556E-01
   1.5568874E+03   0.0000000E+00   0.0000000E+00   0.0000000E+00   0.0000000E+00
   1.5568949E+03   0.0000000E+00   0.0000000E+00   0.0000000E+00   0.0000000E+00
   1.5569024E+03   1.0000000E+00   0.0000000E+00   3.3869360E-01   0.0000000E+00
   1.5569100E+03   1.0000000E+00   1.0000000E+00   9.6970733E-02   9.6970733E-02
   1.5569175E+03   0.0000000E+00   0.0000000E+00   0.0000000E+00   0.0000000E+00
   1.5569250E+03   1.0000000E+00   1.0000000E+00   1.9016074E-06   1.9016074E-06
   1.5569325E+03   0.0000000E+00   0.0000000E+00   0.0000000E+00   0.0000000E+00
   1.5569401E+03   0.0000000E+00   0.0000000E+00   0.0000000E+00   0.0000000E+00
   1.5569476E+03   1.0000000E+00   1.0000000E+00   2.4387274E-02   2.4387274E-02
   1.5569551E+03   0.0000000E+00   0.0000000E+00   0.0000000E+00   0.0000000E+00
   1.5569627E+03   0.0000000E+00   0.0000000E+00   0.0000000E+00   0.0000000E+00
   1.5569702E+03   2.0000000E+00   1.0000000E+00   1.7592059E-01   3.2617414E-01
   1.5569777E+03   0.0000000E+00   0.0000000E+00   0.0000000E+00   0.0000000E+00
   1.5569852E+03   1.0000000E+00   1.0000000E+00   3.2578214E-01   3.2578214E-01
   1.5569928E+03   0.0000000E+00   0.0000000E+00   0.0000000E+00   0.0000000E+00
   1.5570003E+03   0.0000000E+00   0.0000000E+00   0.0000000E+00   0.0000000E+00
   1.5570078E+03   1.0000000E+00   1.0000000E+00   2.3400709E-01   2.3400709E-01
   1.5570154E+03   0.0000000E+00   0.0000000E+00   0.0000000E+00   0.0000000E+00
   1.5570229E+03   1.0000000E+00   1.0000000E+00   7.8155982E-02   7.8155982E-02
   1.5570304E+03   0.0000000E+00   0.0000000E+00   0.0000000E+00   0.0000000E+00
   1.5570379E+03   0.0000000E+00   0.0000000E+00   0.0000000E+00   0.0000000E+00
   1.5570455E+03   0.0000000E+00   0.0000000E+00   0.0000000E+00   0.0000000E+00
   1.5570530E+03   2.0000000E+00   2.0000000E+00   3.7578913E-02   3.7578913E-02
   1.5570605E+03   2.0000000E+00   2.0000000E+00   5.4336089E-01   5.4336089E-01
   1.5570681E+03   1.0000000E+00   1.0000000E+00   2.7002134E-01   2.7002134E-01
   1.5570756E+03   0.0000000E+00   0.0000000E+00   0.0000000E+00   0.0000000E+00
   1.5570831E+03   0.0000000E+00   0.0000000E+00   0.0000000E+00   0.0000000E+00
   1.5570906E+03   0.0000000E+00   0.0000000E+00   0.0000000E+00   0.0000000E+00
   1.5570982E+03   1.0000000E+00   1.0000000E+00   3.5747567E-01   3.5747567E-01
   1.5571057E+03   0.0000000E+00   0.0000000E+00   0.0000000E+00   0.0000000E+00
   1.5571132E+03   0.0000000E+00   0.0000000E+00   0.0000000E+00   0.0000000E+00
   1.5571208E+03   0.0000000E+00   0.0000000E+00   0.0000000E+00   0.0000000E+00
   1.5571283E+03   2.0000000E+00   2.0000000E+00   5.9457373E-02   5.9457373E-02
   1.5571358E+03   2.0000000E+00   1.0000000E+00   1.4480578E-01   5.0358430E-02
   1.5571433E+03   1.0000000E+00   1.0000000E+00   4.0393631E-01   4.0393631E-01
   1.5571509E+03   1.0000000E+00   1.0000000E+00   3.2351844E-02   3.2351844E-02
   1.5571584E+03   0.0000000E+00   0.0000000E+00   0.0000000E+00   0.0000000E+00
   1.5571659E+03   0.0000000E+00   0.0000000E+00   0.0000000E+00   0.0000000E+00
   1.5571735E+03   0.0000000E+00   0.0000000E+00   0.0000000E+00   0.0000000E+00
   1.5571810E+03   2.0000000E+00   2.0000000E+00   2.8733343E-01   2.8733343E-01
   1.5571885E+03   0.0000000E+00   0.0000000E+00   0.0000000E+00   0.0000000E+00
   1.5571960E+03   0.0000000E+00   0.0000000E+00   0.0000000E+00   0.0000000E+00
   1.5572036E+03   0.0000000E+00   0.0000000E+00   0.0000000E+00   0.0000000E+00
   1.5572111E+03   0.0000000E+00   0.0000000E+00   0.0000000E+00   0.0000000E+00
   1.5572186E+03   0.0000000E+00   0.0000000E+00   0.0000000E+00   0.0000000E+00
   1.5572262E+03   0.0000000E+00   0.0000000E+00   0.0000000E+00   0.0000000E+00
   1.5572337E+03   0.0000000E+00   0.0000000E+00   0.0000000E+00   0.0000000E+00
   1.5572412E+03   1.0000000E+00   1.0000000E+00   5.3771427E-01   5.3771427E-01
   1.5572487E+03   0.0000000E+00   0.0000000E+00   0.0000000E+00   0.0000000E+00
   1.5572563E+03   1.0000000E+00   1.0000000E+00   6.7276920E-01   6.7276920E-01
   1.5572638E+03   0.0000000E+00   0.0000000E+00   0.0000000E+00   0.0000000E+00
   1.5572713E+03   0.0000000E+00   0.0000000E+00   0.0000000E+00   0.0000000E+00
   1.5572789E+03   0.0000000E+00   0.0000000E+00   0.0000000E+00   0.0000000E+00
   1.5572864E+03   2.0000000E+00   2.0000000E+00   3.8381366E-02   3.8381366E-02
   1.5572939E+03   3.0000000E+00   3.0000000E+00   1.0848178E-01   1.0848178E-01
   1.5573014E+03   0.0000000E+00   0.0000000E+00   0.0000000E+00   0.0000000E+00
   1.5573090E+03   0.0000000E+00   0.0000000E+00   0.0000000E+00   0.0000000E+00
   1.5573165E+03   0.0000000E+00   0.0000000E+00   0.0000000E+00   0.0000000E+00
   1.5573240E+03   1.0000000E+00   1.0000000E+00   1.4475257E-01   1.4475257E-01
   1.5573316E+03   0.0000000E+00   0.0000000E+00   0.0000000E+00   0.0000000E+00
   1.5573391E+03   0.0000000E+00   0.0000000E+00   0.0000000E+00   0.0000000E+00
   1.5573466E+03   0.0000000E+00   0.0000000E+00   0.0000000E+00   0.0000000E+00
   1.5573541E+03   0.0000000E+00   0.0000000E+00   0.0000000E+00   0.0000000E+00
   1.5573617E+03   0.0000000E+00   0.0000000E+00   0.0000000E+00   0.0000000E+00
   1.5573692E+03   2.0000000E+00   1.0000000E+00   1.7144571E-02   3.6102297E-02
   1.5573767E+03   1.0000000E+00   0.0000000E+00   6.3185954E-01   0.0000000E+00
   1.5573842E+03   1.0000000E+00   1.0000000E+00   3.6711669E-01   3.6711669E-01
   1.5573918E+03   1.0000000E+00   1.0000000E+00   2.9320224E-01   2.9320224E-01
   1.5573993E+03   0.0000000E+00   0.0000000E+00   0.0000000E+00   0.0000000E+00
   1.5574068E+03   0.0000000E+00   0.0000000E+00   0.0000000E+00   0.0000000E+00
   1.5574144E+03   0.0000000E+00   0.0000000E+00   0.0000000E+00   0.0000000E+00
   1.5574219E+03   0.0000000E+00   0.0000000E+00   0.0000000E+00   0.0000000E+00
   1.5574294E+03   1.0000000E+00   0.0000000E+00   5.5555179E-02   0.0000000E+00
   1.5574369E+03   0.0000000E+00   0.0000000E+00   0.0000000E+00   0.0000000E+00
   1.5574445E+03   0.0000000E+00   0.0000000E+00   0.0000000E+00   0.0000000E+00
   1.5574520E+03   0.0000000E+00   0.0000000E+00   0.0000000E+00   0.0000000E+00
   1.5574595E+03   1.0000000E+00   1.0000000E+00   6.4406619E-02   6.4406619E-02
   1.5574671E+03   0.0000000E+00   0.0000000E+00   0.0000000E+00   0.0000000E+00
   1.5574746E+03   1.0000000E+00   1.0000000E+00   4.4584930E-01   4.4584930E-01
   1.5574821E+03   0.0000000E+00   0.0000000E+00   0.0000000E+00   0.0000000E+00
   1.5574896E+03   0.0000000E+00   0.0000000E+00   0.0000000E+00   0.0000000E+00
   1.5574972E+03   0.0000000E+00   0.0000000E+00   0.0000000E+00   0.0000000E+00
   1.5575047E+03   0.0000000E+00   0.0000000E+00   0.0000000E+00   0.0000000E+00
   1.5575122E+03   1.0000000E+00   0.0000000E+00   1.0202369E-01   0.0000000E+00
   1.5575198E+03   1.0000000E+00   0.0000000E+00   7.0087477E-03   0.0000000E+00
   1.5575273E+03   0.0000000E+00   0.0000000E+00   0.0000000E+00   0.0000000E+00
   1.5575348E+03   1.0000000E+00   0.0000000E+00   3.9206583E-01   0.0000000E+00
   1.5575423E+03   0.0000000E+00   0.0000000E+00   0.0000000E+00   0.0000000E+00
   1.5575499E+03   1.0000000E+00   0.0000000E+00   1.0132349E-01   0.0000000E+00
   1.5575574E+03   0.0000000E+00   0.0000000E+00   0.0000000E+00   0.0000000E+00
   1.5575649E+03   1.0000000E+00   1.0000000E+00   2.9108669E-01   2.9108669E-01
   1.5575725E+03   1.0000000E+00   1.0000000E+00   8.3463472E-01   8.3463472E-01
   1.5575800E+03   0.0000000E+00   0.0000000E+00   0.0000000E+00   0.0000000E+00
   1.5575875E+03   0.0000000E+00   0.0000000E+00   0.0000000E+00   0.0000000E+00
   1.5575950E+03   0.0000000E+00   0.0000000E+00   0.0000000E+00   0.0000000E+00
   1.5576026E+03   0.0000000E+00   0.0000000E+00   0.0000000E+00   0.0000000E+00
   1.5576101E+03   0.0000000E+00   0.0000000E+00   0.0000000E+00   0.0000000E+00
   1.5576176E+03   0.0000000E+00   0.0000000E+00   0.0000000E+00   0.0000000E+00
   1.5576252E+03   1.0000000E+00   1.0000000E+00   3.8329454E-01   3.8329454E-01
   1.5576327E+03   0.0000000E+00   0.0000000E+00   0.0000000E+00   0.0000000E+00
   1.5576402E+03   0.0000000E+00   0.0000000E+00   0.0000000E+00   0.0000000E+00
   1.5576477E+03   1.0000000E+00   1.0000000E+00   1.9002827E-01   1.9002827E-01
   1.5576553E+03   0.0000000E+00   0.0000000E+00   0.0000000E+00   0.0000000E+00
   1.5576628E+03   0.0000000E+00   0.0000000E+00   0.0000000E+00   0.0000000E+00
   1.5576703E+03   0.0000000E+00   0.0000000E+00   0.0000000E+00   0.0000000E+00
   1.5576779E+03   1.0000000E+00   1.0000000E+00   3.7871976E-02   3.7871976E-02
   1.5576854E+03   0.0000000E+00   0.0000000E+00   0.0000000E+00   0.0000000E+00
   1.5576929E+03   1.0000000E+00   1.0000000E+00   3.2228846E-01   3.2228846E-01
   1.5577004E+03   0.0000000E+00   0.0000000E+00   0.0000000E+00   0.0000000E+00
   1.5577080E+03   0.0000000E+00   0.0000000E+00   0.0000000E+00   0.0000000E+00
   1.5577155E+03   0.0000000E+00   0.0000000E+00   0.0000000E+00   0.0000000E+00
   1.5577230E+03   0.0000000E+00   0.0000000E+00   0.0000000E+00   0.0000000E+00
   1.5577306E+03   0.0000000E+00   0.0000000E+00   0.0000000E+00   0.0000000E+00
   1.5577381E+03   0.0000000E+00   0.0000000E+00   0.0000000E+00   0.0000000E+00
   1.5577456E+03   1.0000000E+00   1.0000000E+00   3.1058305E-01   3.1058305E-01
   1.5577531E+03   0.0000000E+00   0.0000000E+00   0.0000000E+00   0.0000000E+00
   1.5577607E+03   0.0000000E+00   0.0000000E+00   0.0000000E+00   0.0000000E+00
   1.5577682E+03   0.0000000E+00   0.0000000E+00   0.0000000E+00   0.0000000E+00
   1.5577757E+03   0.0000000E+00   0.0000000E+00   0.0000000E+00   0.0000000E+00
   1.5577833E+03   0.0000000E+00   0.0000000E+00   0.0000000E+00   0.0000000E+00
   1.5577908E+03   0.0000000E+00   0.0000000E+00   0.0000000E+00   0.0000000E+00
   1.5577983E+03   0.0000000E+00   0.0000000E+00   0.0000000E+00   0.0000000E+00
   1.5578058E+03   0.0000000E+00   0.0000000E+00   0.0000000E+00   0.0000000E+00
   1.5578134E+03   0.0000000E+00   0.0000000E+00   0.0000000E+00   0.0000000E+00
   1.5578209E+03   0.0000000E+00   0.0000000E+00   0.0000000E+00   0.0000000E+00
   1.5578284E+03   0.0000000E+00   0.0000000E+00   0.0000000E+00   0.0000000E+00
   1.5578359E+03   1.0000000E+00   1.0000000E+00   4.9657058E-02   4.9657058E-02
   1.5578435E+03   0.0000000E+00   0.0000000E+00   0.0000000E+00   0.0000000E+00
   1.5578510E+03   0.0000000E+00   0.0000000E+00   0.0000000E+00   0.0000000E+00
   1.5578585E+03   1.0000000E+00   0.0000000E+00   1.7493847E-01   0.0000000E+00
   1.5578661E+03   1.0000000E+00   0.0000000E+00   5.3538348E-02   0.0000000E+00
   1.5578736E+03   0.0000000E+00   0.0000000E+00   0.0000000E+00   0.0000000E+00
   1.5578811E+03   0.0000000E+00   0.0000000E+00   0.0000000E+00   0.0000000E+00
   1.5578886E+03   1.0000000E+00   0.0000000E+00   5.7276525E-02   0.0000000E+00
   1.5578962E+03   0.0000000E+00   0.0000000E+00   0.0000000E+00   0.0000000E+00
   1.5579037E+03   1.0000000E+00   1.0000000E+00   3.7786888E-02   3.7786888E-02
   1.5579112E+03   0.0000000E+00   0.0000000E+00   0.0000000E+00   0.0000000E+00
   1.5579188E+03   0.0000000E+00   0.0000000E+00   0.0000000E+00   0.0000000E+00
   1.5579263E+03   0.0000000E+00   0.0000000E+00   0.0000000E+00   0.0000000E+00
   1.5579338E+03   0.0000000E+00   0.0000000E+00   0.0000000E+00   0.0000000E+00
   1.5579413E+03   1.0000000E+00   0.0000000E+00   1.7439431E-01   0.0000000E+00
   1.5579489E+03   1.0000000E+00   0.0000000E+00   7.5858550E-02   0.0000000E+00
   1.5579564E+03   0.0000000E+00   0.0000000E+00   0.0000000E+00   0.0000000E+00
   1.5579639E+03   0.0000000E+00   0.0000000E+00   0.0000000E+00   0.0000000E+00
   1.5579715E+03   0.0000000E+00   0.0000000E+00   0.0000000E+00   0.0000000E+00
   1.5579790E+03   1.0000000E+00   0.0000000E+00   1.5241229E-02   0.0000000E+00
   1.5579865E+03   0.0000000E+00   0.0000000E+00   0.0000000E+00   0.0000000E+00
   1.5579940E+03   0.0000000E+00   0.0000000E+00   0.0000000E+00   0.0000000E+00
   1.5580016E+03   0.0000000E+00   0.0000000E+00   0.0000000E+00   0.0000000E+00
   1.5580091E+03   0.0000000E+00   0.0000000E+00   0.0000000E+00   0.0000000E+00
   1.5580166E+03   1.0000000E+00   0.0000000E+00   2.2464000E-02   0.0000000E+00
   1.5580242E+03   0.0000000E+00   0.0000000E+00   0.0000000E+00   0.0000000E+00
   1.5580317E+03   0.0000000E+00   0.0000000E+00   0.0000000E+00   0.0000000E+00
   1.5580392E+03   0.0000000E+00   0.0000000E+00   0.0000000E+00   0.0000000E+00
   1.5580467E+03   0.0000000E+00   0.0000000E+00   0.0000000E+00   0.0000000E+00
   1.5580543E+03   0.0000000E+00   0.0000000E+00   0.0000000E+00   0.0000000E+00
   1.5580618E+03   0.0000000E+00   0.0000000E+00   0.0000000E+00   0.0000000E+00
   1.5580693E+03   0.0000000E+00   0.0000000E+00   0.0000000E+00   0.0000000E+00
   1.5580769E+03   0.0000000E+00   0.0000000E+00   0.0000000E+00   0.0000000E+00
   1.5580844E+03   0.0000000E+00   0.0000000E+00   0.0000000E+00   0.0000000E+00
   1.5580919E+03   0.0000000E+00   0.0000000E+00   0.0000000E+00   0.0000000E+00
   1.5580994E+03   0.0000000E+00   0.0000000E+00   0.0000000E+00   0.0000000E+00
   1.5581070E+03   0.0000000E+00   0.0000000E+00   0.0000000E+00   0.0000000E+00
   1.5581145E+03   1.0000000E+00   1.0000000E+00   5.8398053E-02   5.8398053E-02
   1.5581220E+03   0.0000000E+00   0.0000000E+00   0.0000000E+00   0.0000000E+00
   1.5581296E+03   0.0000000E+00   0.0000000E+00   0.0000000E+00   0.0000000E+00
   1.5581371E+03   0.0000000E+00   0.0000000E+00   0.0000000E+00   0.0000000E+00
   1.5581446E+03   0.0000000E+00   0.0000000E+00   0.0000000E+00   0.0000000E+00
   1.5581521E+03   0.0000000E+00   0.0000000E+00   0.0000000E+00   0.0000000E+00
   1.5581597E+03   0.0000000E+00   0.0000000E+00   0.0000000E+00   0.0000000E+00
   1.5581672E+03   1.0000000E+00   1.0000000E+00   3.3249368E-01   3.3249368E-01
   1.5581747E+03   0.0000000E+00   0.0000000E+00   0.0000000E+00   0.0000000E+00
   1.5581823E+03   0.0000000E+00   0.0000000E+00   0.0000000E+00   0.0000000E+00
   1.5581898E+03   1.0000000E+00   1.0000000E+00   4.5025080E-02   4.5025080E-02
   1.5581973E+03   0.0000000E+00   0.0000000E+00   0.0000000E+00   0.0000000E+00
   1.5582048E+03   0.0000000E+00   0.0000000E+00   0.0000000E+00   0.0000000E+00
   1.5582124E+03   0.0000000E+00   0.0000000E+00   0.0000000E+00   0.0000000E+00
   1.5582199E+03   0.0000000E+00   0.0000000E+00   0.0000000E+00   0.0000000E+00
   1.5582274E+03   0.0000000E+00   0.0000000E+00   0.0000000E+00   0.0000000E+00
   1.5582350E+03   0.0000000E+00   0.0000000E+00   0.0000000E+00   0.0000000E+00
   1.5582425E+03   0.0000000E+00   0.0000000E+00   0.0000000E+00   0.0000000E+00
   1.5582500E+03   0.0000000E+00   0.0000000E+00   0.0000000E+00   0.0000000E+00
   1.5582575E+03   0.0000000E+00   0.0000000E+00   0.0000000E+00   0.0000000E+00
   1.5582651E+03   0.0000000E+00   0.0000000E+00   0.0000000E+00   0.0000000E+00
   1.5582726E+03   0.0000000E+00   0.0000000E+00   0.0000000E+00   0.0000000E+00
   1.5582801E+03   1.0000000E+00   1.0000000E+00   2.1412885E-01   2.1412885E-01
   1.5582876E+03   0.0000000E+00   0.0000000E+00   0.0000000E+00   0.0000000E+00
   1.5582952E+03   0.0000000E+00   0.0000000E+00   0.0000000E+00   0.0000000E+00
   1.5583027E+03   0.0000000E+00   0.0000000E+00   0.0000000E+00   0.0000000E+00
   1.5583102E+03   0.0000000E+00   0.0000000E+00   0.0000000E+00   0.0000000E+00
   1.5583178E+03   0.0000000E+00   0.0000000E+00   0.0000000E+00   0.0000000E+00
   1.5583253E+03   1.0000000E+00   1.0000000E+00   4.7828098E-01   4.7828098E-01
   1.5583328E+03   0.0000000E+00   0.0000000E+00   0.0000000E+00   0.0000000E+00
   1.5583403E+03   1.0000000E+00   1.0000000E+00   9.5520868E-02   9.5520868E-02
   1.5583479E+03   0.0000000E+00   0.0000000E+00   0.0000000E+00   0.0000000E+00
   1.5583554E+03   0.0000000E+00   0.0000000E+00   0.0000000E+00   0.0000000E+00
   1.5583629E+03   0.0000000E+00   0.0000000E+00   0.0000000E+00   0.0000000E+00
   1.5583705E+03   0.0000000E+00   0.0000000E+00   0.0000000E+00   0.0000000E+00
   1.5583780E+03   0.0000000E+00   0.0000000E+00   0.0000000E+00   0.0000000E+00
   1.5583855E+03   0.0000000E+00   0.0000000E+00   0.0000000E+00   0.0000000E+00
   1.5583930E+03   0.0000000E+00   0.0000000E+00   0.0000000E+00   0.0000000E+00
   1.5584006E+03   0.0000000E+00   0.0000000E+00   0.0000000E+00   0.0000000E+00
   1.5584081E+03   0.0000000E+00   0.0000000E+00   0.0000000E+00   0.0000000E+00
   1.5584156E+03   2.0000000E+00   1.0000000E+00   1.4859729E-01   2.5661038E-01
   1.5584232E+03   0.0000000E+00   0.0000000E+00   0.0000000E+00   0.0000000E+00
   1.5584307E+03   0.0000000E+00   0.0000000E+00   0.0000000E+00   0.0000000E+00
   1.5584382E+03   0.0000000E+00   0.0000000E+00   0.0000000E+00   0.0000000E+00
   1.5584457E+03   0.0000000E+00   0.0000000E+00   0.0000000E+00   0.0000000E+00
   1.5584533E+03   0.0000000E+00   0.0000000E+00   0.0000000E+00   0.0000000E+00
   1.5584608E+03   0.0000000E+00   0.0000000E+00   0.0000000E+00   0.0000000E+00
   1.5584683E+03   0.0000000E+00   0.0000000E+00   0.0000000E+00   0.0000000E+00
   1.5584759E+03   0.0000000E+00   0.0000000E+00   0.0000000E+00   0.0000000E+00
   1.5584834E+03   0.0000000E+00   0.0000000E+00   0.0000000E+00   0.0000000E+00
   1.5584909E+03   0.0000000E+00   0.0000000E+00   0.0000000E+00   0.0000000E+00
   1.5584984E+03   0.0000000E+00   0.0000000E+00   0.0000000E+00   0.0000000E+00
   1.5585060E+03   0.0000000E+00   0.0000000E+00   0.0000000E+00   0.0000000E+00
   1.5585135E+03   1.0000000E+00   1.0000000E+00   3.1789379E-01   3.1789379E-01
   1.5585210E+03   0.0000000E+00   0.0000000E+00   0.0000000E+00   0.0000000E+00
   1.5585286E+03   0.0000000E+00   0.0000000E+00   0.0000000E+00   0.0000000E+00
   1.5585361E+03   0.0000000E+00   0.0000000E+00   0.0000000E+00   0.0000000E+00
   1.5585436E+03   0.0000000E+00   0.0000000E+00   0.0000000E+00   0.0000000E+00
   1.5585511E+03   0.0000000E+00   0.0000000E+00   0.0000000E+00   0.0000000E+00
   1.5585587E+03   0.0000000E+00   0.0000000E+00   0.0000000E+00   0.0000000E+00
   1.5585662E+03   0.0000000E+00   0.0000000E+00   0.0000000E+00   0.0000000E+00
   1.5585737E+03   0.0000000E+00   0.0000000E+00   0.0000000E+00   0.0000000E+00
   1.5585813E+03   0.0000000E+00   0.0000000E+00   0.0000000E+00   0.0000000E+00
   1.5585888E+03   0.0000000E+00   0.0000000E+00   0.0000000E+00   0.0000000E+00
   1.5585963E+03   0.0000000E+00   0.0000000E+00   0.0000000E+00   0.0000000E+00
   1.5586038E+03   0.0000000E+00   0.0000000E+00   0.0000000E+00   0.0000000E+00
   1.5586114E+03   0.0000000E+00   0.0000000E+00   0.0000000E+00   0.0000000E+00
   1.5586189E+03   0.0000000E+00   0.0000000E+00   0.0000000E+00   0.0000000E+00
   1.5586264E+03   0.0000000E+00   0.0000000E+00   0.0000000E+00   0.0000000E+00
   1.5586340E+03   0.0000000E+00   0.0000000E+00   0.0000000E+00   0.0000000E+00
   1.5586415E+03   0.0000000E+00   0.0000000E+00   0.0000000E+00   0.0000000E+00
   1.5586490E+03   0.0000000E+00   0.0000000E+00   0.0000000E+00   0.0000000E+00
   1.5586565E+03   0.0000000E+00   0.0000000E+00   0.0000000E+00   0.0000000E+00
   1.5586641E+03   0.0000000E+00   0.0000000E+00   0.0000000E+00   0.0000000E+00
   1.5586716E+03   0.0000000E+00   0.0000000E+00   0.0000000E+00   0.0000000E+00
   1.5586791E+03   0.0000000E+00   0.0000000E+00   0.0000000E+00   0.0000000E+00
   1.5586867E+03   0.0000000E+00   0.0000000E+00   0.0000000E+00   0.0000000E+00
   1.5586942E+03   0.0000000E+00   0.0000000E+00   0.0000000E+00   0.0000000E+00
   1.5587017E+03   0.0000000E+00   0.0000000E+00   0.0000000E+00   0.0000000E+00
   1.5587092E+03   0.0000000E+00   0.0000000E+00   0.0000000E+00   0.0000000E+00
   1.5587168E+03   0.0000000E+00   0.0000000E+00   0.0000000E+00   0.0000000E+00
   1.5587243E+03   0.0000000E+00   0.0000000E+00   0.0000000E+00   0.0000000E+00
   1.5587318E+03   0.0000000E+00   0.0000000E+00   0.0000000E+00   0.0000000E+00
   1.5587393E+03   0.0000000E+00   0.0000000E+00   0.0000000E+00   0.0000000E+00
   1.5587469E+03   0.0000000E+00   0.0000000E+00   0.0000000E+00   0.0000000E+00
   1.5587544E+03   0.0000000E+00   0.0000000E+00   0.0000000E+00   0.0000000E+00
   1.5587619E+03   0.0000000E+00   0.0000000E+00   0.0000000E+00   0.0000000E+00
   1.5587695E+03   0.0000000E+00   0.0000000E+00   0.0000000E+00   0.0000000E+00
   1.5587770E+03   0.0000000E+00   0.0000000E+00   0.0000000E+00   0.0000000E+00
   1.5587845E+03   0.0000000E+00   0.0000000E+00   0.0000000E+00   0.0000000E+00
   1.5587920E+03   0.0000000E+00   0.0000000E+00   0.0000000E+00   0.0000000E+00
   1.5587996E+03   0.0000000E+00   0.0000000E+00   0.0000000E+00   0.0000000E+00
   1.5588071E+03   0.0000000E+00   0.0000000E+00   0.0000000E+00   0.0000000E+00
   1.5588146E+03   0.0000000E+00   0.0000000E+00   0.0000000E+00   0.0000000E+00
   1.5588222E+03   0.0000000E+00   0.0000000E+00   0.0000000E+00   0.0000000E+00
   1.5588297E+03   0.0000000E+00   0.0000000E+00   0.0000000E+00   0.0000000E+00
   1.5588372E+03   0.0000000E+00   0.0000000E+00   0.0000000E+00   0.0000000E+00
   1.5588447E+03   0.0000000E+00   0.0000000E+00   0.0000000E+00   0.0000000E+00
   1.5588523E+03   0.0000000E+00   0.0000000E+00   0.0000000E+00   0.0000000E+00
   1.5588598E+03   0.0000000E+00   0.0000000E+00   0.0000000E+00   0.0000000E+00
   1.5588673E+03   0.0000000E+00   0.0000000E+00   0.0000000E+00   0.0000000E+00
   1.5588749E+03   0.0000000E+00   0.0000000E+00   0.0000000E+00   0.0000000E+00
   1.5588824E+03   0.0000000E+00   0.0000000E+00   0.0000000E+00   0.0000000E+00
   1.5588899E+03   0.0000000E+00   0.0000000E+00   0.0000000E+00   0.0000000E+00
   1.5588974E+03   0.0000000E+00   0.0000000E+00   0.0000000E+00   0.0000000E+00
   1.5589050E+03   0.0000000E+00   0.0000000E+00   0.0000000E+00   0.0000000E+00
   1.5589125E+03   0.0000000E+00   0.0000000E+00   0.0000000E+00   0.0000000E+00
   1.5589200E+03   0.0000000E+00   0.0000000E+00   0.0000000E+00   0.0000000E+00
   1.5589276E+03   0.0000000E+00   0.0000000E+00   0.0000000E+00   0.0000000E+00
   1.5589351E+03   0.0000000E+00   0.0000000E+00   0.0000000E+00   0.0000000E+00
   1.5589426E+03   0.0000000E+00   0.0000000E+00   0.0000000E+00   0.0000000E+00
   1.5589501E+03   0.0000000E+00   0.0000000E+00   0.0000000E+00   0.0000000E+00
   1.5589577E+03   0.0000000E+00   0.0000000E+00   0.0000000E+00   0.0000000E+00
   1.5589652E+03   0.0000000E+00   0.0000000E+00   0.0000000E+00   0.0000000E+00
   1.5589727E+03   0.0000000E+00   0.0000000E+00   0.0000000E+00   0.0000000E+00
   1.5589803E+03   0.0000000E+00   0.0000000E+00   0.0000000E+00   0.0000000E+00
   1.5589878E+03   0.0000000E+00   0.0000000E+00   0.0000000E+00   0.0000000E+00
   1.5589953E+03   0.0000000E+00   0.0000000E+00   0.0000000E+00   0.0000000E+00
   1.5590028E+03   0.0000000E+00   0.0000000E+00   0.0000000E+00   0.0000000E+00
   1.5590104E+03   0.0000000E+00   0.0000000E+00   0.0000000E+00   0.0000000E+00
   1.5590179E+03   0.0000000E+00   0.0000000E+00   0.0000000E+00   0.0000000E+00
   1.5590254E+03   0.0000000E+00   0.0000000E+00   0.0000000E+00   0.0000000E+00
   1.5590330E+03   0.0000000E+00   0.0000000E+00   0.0000000E+00   0.0000000E+00
   1.5590405E+03   0.0000000E+00   0.0000000E+00   0.0000000E+00   0.0000000E+00
   1.5590480E+03   0.0000000E+00   0.0000000E+00   0.0000000E+00   0.0000000E+00
   1.5590555E+03   0.0000000E+00   0.0000000E+00   0.0000000E+00   0.0000000E+00
   1.5590631E+03   0.0000000E+00   0.0000000E+00   0.0000000E+00   0.0000000E+00
   1.5590706E+03   0.0000000E+00   0.0000000E+00   0.0000000E+00   0.0000000E+00
   1.5590781E+03   1.0000000E+00   1.0000000E+00   6.2667045E-02   6.2667045E-02
   1.5590857E+03   0.0000000E+00   0.0000000E+00   0.0000000E+00   0.0000000E+00
   1.5590932E+03   0.0000000E+00   0.0000000E+00   0.0000000E+00   0.0000000E+00
   1.5591007E+03   0.0000000E+00   0.0000000E+00   0.0000000E+00   0.0000000E+00
   1.5591082E+03   0.0000000E+00   0.0000000E+00   0.0000000E+00   0.0000000E+00
   1.5591158E+03   0.0000000E+00   0.0000000E+00   0.0000000E+00   0.0000000E+00
   1.5591233E+03   0.0000000E+00   0.0000000E+00   0.0000000E+00   0.0000000E+00
   1.5591308E+03   0.0000000E+00   0.0000000E+00   0.0000000E+00   0.0000000E+00
   1.5591384E+03   0.0000000E+00   0.0000000E+00   0.0000000E+00   0.0000000E+00
   1.5591459E+03   0.0000000E+00   0.0000000E+00   0.0000000E+00   0.0000000E+00
   1.5591534E+03   0.0000000E+00   0.0000000E+00   0.0000000E+00   0.0000000E+00
   1.5591609E+03   0.0000000E+00   0.0000000E+00   0.0000000E+00   0.0000000E+00
   1.5591685E+03   0.0000000E+00   0.0000000E+00   0.0000000E+00   0.0000000E+00
   1.5591760E+03   0.0000000E+00   0.0000000E+00   0.0000000E+00   0.0000000E+00
   1.5591835E+03   0.0000000E+00   0.0000000E+00   0.0000000E+00   0.0000000E+00
   1.5591910E+03   0.0000000E+00   0.0000000E+00   0.0000000E+00   0.0000000E+00
   1.5591986E+03   0.0000000E+00   0.0000000E+00   0.0000000E+00   0.0000000E+00
   1.5592061E+03   0.0000000E+00   0.0000000E+00   0.0000000E+00   0.0000000E+00
   1.5592136E+03   0.0000000E+00   0.0000000E+00   0.0000000E+00   0.0000000E+00
   1.5592212E+03   0.0000000E+00   0.0000000E+00   0.0000000E+00   0.0000000E+00
   1.5592287E+03   0.0000000E+00   0.0000000E+00   0.0000000E+00   0.0000000E+00
   1.5592362E+03   0.0000000E+00   0.0000000E+00   0.0000000E+00   0.0000000E+00
   1.5592437E+03   0.0000000E+00   0.0000000E+00   0.0000000E+00   0.0000000E+00
   1.5592513E+03   0.0000000E+00   0.0000000E+00   0.0000000E+00   0.0000000E+00
   1.5592588E+03   0.0000000E+00   0.0000000E+00   0.0000000E+00   0.0000000E+00
   1.5592663E+03   0.0000000E+00   0.0000000E+00   0.0000000E+00   0.0000000E+00
   1.5592739E+03   0.0000000E+00   0.0000000E+00   0.0000000E+00   0.0000000E+00
   1.5592814E+03   0.0000000E+00   0.0000000E+00   0.0000000E+00   0.0000000E+00
   1.5592889E+03   0.0000000E+00   0.0000000E+00   0.0000000E+00   0.0000000E+00
   1.5592964E+03   0.0000000E+00   0.0000000E+00   0.0000000E+00   0.0000000E+00
   1.5593040E+03   0.0000000E+00   0.0000000E+00   0.0000000E+00   0.0000000E+00
   1.5593115E+03   0.0000000E+00   0.0000000E+00   0.0000000E+00   0.0000000E+00
   1.5593190E+03   0.0000000E+00   0.0000000E+00   0.0000000E+00   0.0000000E+00
   1.5593266E+03   0.0000000E+00   0.0000000E+00   0.0000000E+00   0.0000000E+00
   1.5593341E+03   0.0000000E+00   0.0000000E+00   0.0000000E+00   0.0000000E+00
   1.5593416E+03   0.0000000E+00   0.0000000E+00   0.0000000E+00   0.0000000E+00
   1.5593491E+03   0.0000000E+00   0.0000000E+00   0.0000000E+00   0.0000000E+00
   1.5593567E+03   0.0000000E+00   0.0000000E+00   0.0000000E+00   0.0000000E+00
   1.5593642E+03   0.0000000E+00   0.0000000E+00   0.0000000E+00   0.0000000E+00
   1.5593717E+03   0.0000000E+00   0.0000000E+00   0.0000000E+00   0.0000000E+00
   1.5593793E+03   0.0000000E+00   0.0000000E+00   0.0000000E+00   0.0000000E+00
   1.5593868E+03   0.0000000E+00   0.0000000E+00   0.0000000E+00   0.0000000E+00
   1.5593943E+03   0.0000000E+00   0.0000000E+00   0.0000000E+00   0.0000000E+00
   1.5594018E+03   0.0000000E+00   0.0000000E+00   0.0000000E+00   0.0000000E+00
   1.5594094E+03   0.0000000E+00   0.0000000E+00   0.0000000E+00   0.0000000E+00
   1.5594169E+03   0.0000000E+00   0.0000000E+00   0.0000000E+00   0.0000000E+00
   1.5594244E+03   0.0000000E+00   0.0000000E+00   0.0000000E+00   0.0000000E+00
   1.5594320E+03   0.0000000E+00   0.0000000E+00   0.0000000E+00   0.0000000E+00
   1.5594395E+03   0.0000000E+00   0.0000000E+00   0.0000000E+00   0.0000000E+00
   1.5594470E+03   0.0000000E+00   0.0000000E+00   0.0000000E+00   0.0000000E+00
   1.5594545E+03   0.0000000E+00   0.0000000E+00   0.0000000E+00   0.0000000E+00
   1.5594621E+03   0.0000000E+00   0.0000000E+00   0.0000000E+00   0.0000000E+00
   1.5594696E+03   0.0000000E+00   0.0000000E+00   0.0000000E+00   0.0000000E+00
   1.5594771E+03   0.0000000E+00   0.0000000E+00   0.0000000E+00   0.0000000E+00
   1.5594847E+03   0.0000000E+00   0.0000000E+00   0.0000000E+00   0.0000000E+00
   1.5594922E+03   0.0000000E+00   0.0000000E+00   0.0000000E+00   0.0000000E+00
   1.5594997E+03   0.0000000E+00   0.0000000E+00   0.0000000E+00   0.0000000E+00
   1.5595072E+03   0.0000000E+00   0.0000000E+00   0.0000000E+00   0.0000000E+00
   1.5595148E+03   0.0000000E+00   0.0000000E+00   0.0000000E+00   0.0000000E+00
   1.5595223E+03   0.0000000E+00   0.0000000E+00   0.0000000E+00   0.0000000E+00
   1.5595298E+03   0.0000000E+00   0.0000000E+00   0.0000000E+00   0.0000000E+00
   1.5595374E+03   0.0000000E+00   0.0000000E+00   0.0000000E+00   0.0000000E+00
   1.5595449E+03   0.0000000E+00   0.0000000E+00   0.0000000E+00   0.0000000E+00
   1.5595524E+03   0.0000000E+00   0.0000000E+00   0.0000000E+00   0.0000000E+00
   1.5595599E+03   0.0000000E+00   0.0000000E+00   0.0000000E+00   0.0000000E+00
   1.5595675E+03   0.0000000E+00   0.0000000E+00   0.0000000E+00   0.0000000E+00
   1.5595750E+03   0.0000000E+00   0.0000000E+00   0.0000000E+00   0.0000000E+00
   1.5595825E+03   0.0000000E+00   0.0000000E+00   0.0000000E+00   0.0000000E+00
   1.5595901E+03   0.0000000E+00   0.0000000E+00   0.0000000E+00   0.0000000E+00
   1.5595976E+03   0.0000000E+00   0.0000000E+00   0.0000000E+00   0.0000000E+00
   1.5596051E+03   0.0000000E+00   0.0000000E+00   0.0000000E+00   0.0000000E+00
   1.5596126E+03   0.0000000E+00   0.0000000E+00   0.0000000E+00   0.0000000E+00
   1.5596202E+03   0.0000000E+00   0.0000000E+00   0.0000000E+00   0.0000000E+00
   1.5596277E+03   0.0000000E+00   0.0000000E+00   0.0000000E+00   0.0000000E+00
   1.5596352E+03   0.0000000E+00   0.0000000E+00   0.0000000E+00   0.0000000E+00
   1.5596427E+03   0.0000000E+00   0.0000000E+00   0.0000000E+00   0.0000000E+00
   1.5596503E+03   0.0000000E+00   0.0000000E+00   0.0000000E+00   0.0000000E+00
   1.5596578E+03   0.0000000E+00   0.0000000E+00   0.0000000E+00   0.0000000E+00
   1.5596653E+03   0.0000000E+00   0.0000000E+00   0.0000000E+00   0.0000000E+00
   1.5596729E+03   0.0000000E+00   0.0000000E+00   0.0000000E+00   0.0000000E+00
   1.5596804E+03   0.0000000E+00   0.0000000E+00   0.0000000E+00   0.0000000E+00
   1.5596879E+03   0.0000000E+00   0.0000000E+00   0.0000000E+00   0.0000000E+00
   1.5596954E+03   0.0000000E+00   0.0000000E+00   0.0000000E+00   0.0000000E+00
   1.5597030E+03   0.0000000E+00   0.0000000E+00   0.0000000E+00   0.0000000E+00
   1.5597105E+03   0.0000000E+00   0.0000000E+00   0.0000000E+00   0.0000000E+00
   1.5597180E+03   0.0000000E+00   0.0000000E+00   0.0000000E+00   0.0000000E+00
   1.5597256E+03   0.0000000E+00   0.0000000E+00   0.0000000E+00   0.0000000E+00
   1.5597331E+03   0.0000000E+00   0.0000000E+00   0.0000000E+00   0.0000000E+00
   1.5597406E+03   0.0000000E+00   0.0000000E+00   0.0000000E+00   0.0000000E+00
   1.5597481E+03   0.0000000E+00   0.0000000E+00   0.0000000E+00   0.0000000E+00
   1.5597557E+03   0.0000000E+00   0.0000000E+00   0.0000000E+00   0.0000000E+00
   1.5597632E+03   0.0000000E+00   0.0000000E+00   0.0000000E+00   0.0000000E+00
   1.5597707E+03   0.0000000E+00   0.0000000E+00   0.0000000E+00   0.0000000E+00
   1.5597783E+03   0.0000000E+00   0.0000000E+00   0.0000000E+00   0.0000000E+00
   1.5597858E+03   0.0000000E+00   0.0000000E+00   0.0000000E+00   0.0000000E+00
   1.5597933E+03   0.0000000E+00   0.0000000E+00   0.0000000E+00   0.0000000E+00
   1.5598008E+03   0.0000000E+00   0.0000000E+00   0.0000000E+00   0.0000000E+00
   1.5598084E+03   0.0000000E+00   0.0000000E+00   0.0000000E+00   0.0000000E+00
   1.5598159E+03   0.0000000E+00   0.0000000E+00   0.0000000E+00   0.0000000E+00
   1.5598234E+03   0.0000000E+00   0.0000000E+00   0.0000000E+00   0.0000000E+00
   1.5598310E+03   0.0000000E+00   0.0000000E+00   0.0000000E+00   0.0000000E+00
   1.5598385E+03   0.0000000E+00   0.0000000E+00   0.0000000E+00   0.0000000E+00
   1.5598460E+03   0.0000000E+00   0.0000000E+00   0.0000000E+00   0.0000000E+00
   1.5598535E+03   0.0000000E+00   0.0000000E+00   0.0000000E+00   0.0000000E+00
   1.5598611E+03   0.0000000E+00   0.0000000E+00   0.0000000E+00   0.0000000E+00
   1.5598686E+03   0.0000000E+00   0.0000000E+00   0.0000000E+00   0.0000000E+00
   1.5598761E+03   0.0000000E+00   0.0000000E+00   0.0000000E+00   0.0000000E+00
   1.5598837E+03   0.0000000E+00   0.0000000E+00   0.0000000E+00   0.0000000E+00
   1.5598912E+03   0.0000000E+00   0.0000000E+00   0.0000000E+00   0.0000000E+00
   1.5598987E+03   0.0000000E+00   0.0000000E+00   0.0000000E+00   0.0000000E+00
   1.5599062E+03   0.0000000E+00   0.0000000E+00   0.0000000E+00   0.0000000E+00
   1.5599138E+03   0.0000000E+00   0.0000000E+00   0.0000000E+00   0.0000000E+00
   1.5599213E+03   0.0000000E+00   0.0000000E+00   0.0000000E+00   0.0000000E+00
   1.5599288E+03   0.0000000E+00   0.0000000E+00   0.0000000E+00   0.0000000E+00
   1.5599364E+03   0.0000000E+00   0.0000000E+00   0.0000000E+00   0.0000000E+00
   1.5599439E+03   0.0000000E+00   0.0000000E+00   0.0000000E+00   0.0000000E+00
   1.5599514E+03   0.0000000E+00   0.0000000E+00   0.0000000E+00   0.0000000E+00
   1.5599589E+03   0.0000000E+00   0.0000000E+00   0.0000000E+00   0.0000000E+00
   1.5599665E+03   0.0000000E+00   0.0000000E+00   0.0000000E+00   0.0000000E+00
   1.5599740E+03   0.0000000E+00   0.0000000E+00   0.0000000E+00   0.0000000E+00
   1.5599815E+03   0.0000000E+00   0.0000000E+00   0.0000000E+00   0.0000000E+00
   1.5599891E+03   0.0000000E+00   0.0000000E+00   0.0000000E+00   0.0000000E+00
   1.5599966E+03   0.0000000E+00   0.0000000E+00   0.0000000E+00   0.0000000E+00
   1.5600041E+03   0.0000000E+00   0.0000000E+00   0.0000000E+00   0.0000000E+00
   1.5600116E+03   0.0000000E+00   0.0000000E+00   0.0000000E+00   0.0000000E+00
   1.5600192E+03   0.0000000E+00   0.0000000E+00   0.0000000E+00   0.0000000E+00
   1.5600267E+03   0.0000000E+00   0.0000000E+00   0.0000000E+00   0.0000000E+00
   1.5600342E+03   0.0000000E+00   0.0000000E+00   0.0000000E+00   0.0000000E+00
   1.5600418E+03   0.0000000E+00   0.0000000E+00   0.0000000E+00   0.0000000E+00
   1.5600493E+03   0.0000000E+00   0.0000000E+00   0.0000000E+00   0.0000000E+00
   1.5600568E+03   0.0000000E+00   0.0000000E+00   0.0000000E+00   0.0000000E+00
   1.5600643E+03   0.0000000E+00   0.0000000E+00   0.0000000E+00   0.0000000E+00
   1.5600719E+03   0.0000000E+00   0.0000000E+00   0.0000000E+00   0.0000000E+00
   1.5600794E+03   0.0000000E+00   0.0000000E+00   0.0000000E+00   0.0000000E+00
   1.5600869E+03   0.0000000E+00   0.0000000E+00   0.0000000E+00   0.0000000E+00
   1.5600944E+03   0.0000000E+00   0.0000000E+00   0.0000000E+00   0.0000000E+00
   1.5601020E+03   0.0000000E+00   0.0000000E+00   0.0000000E+00   0.0000000E+00
   1.5601095E+03   0.0000000E+00   0.0000000E+00   0.0000000E+00   0.0000000E+00
   1.5601170E+03   0.0000000E+00   0.0000000E+00   0.0000000E+00   0.0000000E+00
   1.5601246E+03   0.0000000E+00   0.0000000E+00   0.0000000E+00   0.0000000E+00
   1.5601321E+03   0.0000000E+00   0.0000000E+00   0.0000000E+00   0.0000000E+00
   1.5601396E+03   0.0000000E+00   0.0000000E+00   0.0000000E+00   0.0000000E+00
   1.5601471E+03   0.0000000E+00   0.0000000E+00   0.0000000E+00   0.0000000E+00
   1.5601547E+03   0.0000000E+00   0.0000000E+00   0.0000000E+00   0.0000000E+00
   1.5601622E+03   1.0000000E+00   0.0000000E+00   9.3339906E-02   0.0000000E+00
   1.5601697E+03   0.0000000E+00   0.0000000E+00   0.0000000E+00   0.0000000E+00
   1.5601773E+03   0.0000000E+00   0.0000000E+00   0.0000000E+00   0.0000000E+00
   1.5601848E+03   0.0000000E+00   0.0000000E+00   0.0000000E+00   0.0000000E+00
   1.5601923E+03   0.0000000E+00   0.0000000E+00   0.0000000E+00   0.0000000E+00
   1.5601998E+03   0.0000000E+00   0.0000000E+00   0.0000000E+00   0.0000000E+00
   1.5602074E+03   0.0000000E+00   0.0000000E+00   0.0000000E+00   0.0000000E+00
   1.5602149E+03   0.0000000E+00   0.0000000E+00   0.0000000E+00   0.0000000E+00
   1.5602224E+03   0.0000000E+00   0.0000000E+00   0.0000000E+00   0.0000000E+00
   1.5602300E+03   0.0000000E+00   0.0000000E+00   0.0000000E+00   0.0000000E+00
   1.5602375E+03   0.0000000E+00   0.0000000E+00   0.0000000E+00   0.0000000E+00
   1.5602450E+03   0.0000000E+00   0.0000000E+00   0.0000000E+00   0.0000000E+00
   1.5602525E+03   0.0000000E+00   0.0000000E+00   0.0000000E+00   0.0000000E+00
   1.5602601E+03   0.0000000E+00   0.0000000E+00   0.0000000E+00   0.0000000E+00
   1.5602676E+03   0.0000000E+00   0.0000000E+00   0.0000000E+00   0.0000000E+00
   1.5602751E+03   0.0000000E+00   0.0000000E+00   0.0000000E+00   0.0000000E+00
   1.5602827E+03   0.0000000E+00   0.0000000E+00   0.0000000E+00   0.0000000E+00
   1.5602902E+03   0.0000000E+00   0.0000000E+00   0.0000000E+00   0.0000000E+00
   1.5602977E+03   0.0000000E+00   0.0000000E+00   0.0000000E+00   0.0000000E+00
   1.5603052E+03   0.0000000E+00   0.0000000E+00   0.0000000E+00   0.0000000E+00
   1.5603128E+03   0.0000000E+00   0.0000000E+00   0.0000000E+00   0.0000000E+00
   1.5603203E+03   0.0000000E+00   0.0000000E+00   0.0000000E+00   0.0000000E+00
   1.5603278E+03   0.0000000E+00   0.0000000E+00   0.0000000E+00   0.0000000E+00
   1.5603354E+03   0.0000000E+00   0.0000000E+00   0.0000000E+00   0.0000000E+00
   1.5603429E+03   0.0000000E+00   0.0000000E+00   0.0000000E+00   0.0000000E+00
   1.5603504E+03   0.0000000E+00   0.0000000E+00   0.0000000E+00   0.0000000E+00
   1.5603579E+03   0.0000000E+00   0.0000000E+00   0.0000000E+00   0.0000000E+00
   1.5603655E+03   0.0000000E+00   0.0000000E+00   0.0000000E+00   0.0000000E+00
   1.5603730E+03   0.0000000E+00   0.0000000E+00   0.0000000E+00   0.0000000E+00
   1.5603805E+03   0.0000000E+00   0.0000000E+00   0.0000000E+00   0.0000000E+00
   1.5603881E+03   0.0000000E+00   0.0000000E+00   0.0000000E+00   0.0000000E+00
   1.5603956E+03   0.0000000E+00   0.0000000E+00   0.0000000E+00   0.0000000E+00
   1.5604031E+03   0.0000000E+00   0.0000000E+00   0.0000000E+00   0.0000000E+00
   1.5604106E+03   0.0000000E+00   0.0000000E+00   0.0000000E+00   0.0000000E+00
   1.5604182E+03   0.0000000E+00   0.0000000E+00   0.0000000E+00   0.0000000E+00
   1.5604257E+03   0.0000000E+00   0.0000000E+00   0.0000000E+00   0.0000000E+00
   1.5604332E+03   0.0000000E+00   0.0000000E+00   0.0000000E+00   0.0000000E+00
   1.5604408E+03   0.0000000E+00   0.0000000E+00   0.0000000E+00   0.0000000E+00
   1.5604483E+03   0.0000000E+00   0.0000000E+00   0.0000000E+00   0.0000000E+00
   1.5604558E+03   0.0000000E+00   0.0000000E+00   0.0000000E+00   0.0000000E+00
   1.5604633E+03   0.0000000E+00   0.0000000E+00   0.0000000E+00   0.0000000E+00
   1.5604709E+03   0.0000000E+00   0.0000000E+00   0.0000000E+00   0.0000000E+00
   1.5604784E+03   0.0000000E+00   0.0000000E+00   0.0000000E+00   0.0000000E+00
   1.5604859E+03   0.0000000E+00   0.0000000E+00   0.0000000E+00   0.0000000E+00
   1.5604935E+03   0.0000000E+00   0.0000000E+00   0.0000000E+00   0.0000000E+00
   1.5605010E+03   0.0000000E+00   0.0000000E+00   0.0000000E+00   0.0000000E+00
   1.5605085E+03   0.0000000E+00   0.0000000E+00   0.0000000E+00   0.0000000E+00
   1.5605160E+03   0.0000000E+00   0.0000000E+00   0.0000000E+00   0.0000000E+00
   1.5605236E+03   0.0000000E+00   0.0000000E+00   0.0000000E+00   0.0000000E+00
   1.5605311E+03   0.0000000E+00   0.0000000E+00   0.0000000E+00   0.0000000E+00
   1.5605386E+03   0.0000000E+00   0.0000000E+00   0.0000000E+00   0.0000000E+00
   1.5605461E+03   0.0000000E+00   0.0000000E+00   0.0000000E+00   0.0000000E+00
   1.5605537E+03   0.0000000E+00   0.0000000E+00   0.0000000E+00   0.0000000E+00
   1.5605612E+03   0.0000000E+00   0.0000000E+00   0.0000000E+00   0.0000000E+00
   1.5605687E+03   0.0000000E+00   0.0000000E+00   0.0000000E+00   0.0000000E+00
   1.5605763E+03   0.0000000E+00   0.0000000E+00   0.0000000E+00   0.0000000E+00
   1.5605838E+03   0.0000000E+00   0.0000000E+00   0.0000000E+00   0.0000000E+00
   1.5605913E+03   0.0000000E+00   0.0000000E+00   0.0000000E+00   0.0000000E+00
   1.5605988E+03   0.0000000E+00   0.0000000E+00   0.0000000E+00   0.0000000E+00
   1.5606064E+03   0.0000000E+00   0.0000000E+00   0.0000000E+00   0.0000000E+00
   1.5606139E+03   0.0000000E+00   0.0000000E+00   0.0000000E+00   0.0000000E+00
   1.5606214E+03   0.0000000E+00   0.0000000E+00   0.0000000E+00   0.0000000E+00
   1.5606290E+03   0.0000000E+00   0.0000000E+00   0.0000000E+00   0.0000000E+00
   1.5606365E+03   0.0000000E+00   0.0000000E+00   0.0000000E+00   0.0000000E+00
   1.5606440E+03   0.0000000E+00   0.0000000E+00   0.0000000E+00   0.0000000E+00
   1.5606515E+03   0.0000000E+00   0.0000000E+00   0.0000000E+00   0.0000000E+00
   1.5606591E+03   0.0000000E+00   0.0000000E+00   0.0000000E+00   0.0000000E+00
   1.5606666E+03   0.0000000E+00   0.0000000E+00   0.0000000E+00   0.0000000E+00
   1.5606741E+03   0.0000000E+00   0.0000000E+00   0.0000000E+00   0.0000000E+00
   1.5606817E+03   0.0000000E+00   0.0000000E+00   0.0000000E+00   0.0000000E+00
   1.5606892E+03   0.0000000E+00   0.0000000E+00   0.0000000E+00   0.0000000E+00
   1.5606967E+03   0.0000000E+00   0.0000000E+00   0.0000000E+00   0.0000000E+00
   1.5607042E+03   0.0000000E+00   0.0000000E+00   0.0000000E+00   0.0000000E+00
   1.5607118E+03   0.0000000E+00   0.0000000E+00   0.0000000E+00   0.0000000E+00
   1.5607193E+03   0.0000000E+00   0.0000000E+00   0.0000000E+00   0.0000000E+00
   1.5607268E+03   0.0000000E+00   0.0000000E+00   0.0000000E+00   0.0000000E+00
   1.5607344E+03   0.0000000E+00   0.0000000E+00   0.0000000E+00   0.0000000E+00
   1.5607419E+03   0.0000000E+00   0.0000000E+00   0.0000000E+00   0.0000000E+00
   1.5607494E+03   0.0000000E+00   0.0000000E+00   0.0000000E+00   0.0000000E+00
   1.5607569E+03   0.0000000E+00   0.0000000E+00   0.0000000E+00   0.0000000E+00
   1.5607645E+03   0.0000000E+00   0.0000000E+00   0.0000000E+00   0.0000000E+00
   1.5607720E+03   0.0000000E+00   0.0000000E+00   0.0000000E+00   0.0000000E+00
