   1.5381945E+03   1.6910000E+03   1.0560000E+03   0.0000000E+00   0.0000000E+00
   1.5382021E+03   1.5730000E+03   9.7900000E+02   0.0000000E+00   0.0000000E+00
   1.5382096E+03   1.6000000E+03   9.9500000E+02   0.0000000E+00   0.0000000E+00
   1.5382171E+03   1.6520000E+03   1.0670000E+03   0.0000000E+00   0.0000000E+00
   1.5382246E+03   1.7030000E+03   1.0920000E+03   0.0000000E+00   0.0000000E+00
   1.5382322E+03   1.6830000E+03   1.0620000E+03   0.0000000E+00   0.0000000E+00
   1.5382397E+03   1.7670000E+03   1.1510000E+03   0.0000000E+00   0.0000000E+00
   1.5382472E+03   1.6860000E+03   1.0710000E+03   0.0000000E+00   0.0000000E+00
   1.5382548E+03   1.6370000E+03   1.0150000E+03   0.0000000E+00   0.0000000E+00
   1.5382623E+03   1.6430000E+03   1.0910000E+03   0.0000000E+00   0.0000000E+00
   1.5382698E+03   1.7170000E+03   1.0870000E+03   8.7286237E-05   1.3787532E-04
   1.5382773E+03   1.6880000E+03   1.0900000E+03   0.0000000E+00   0.0000000E+00
   1.5382849E+03   1.6750000E+03   1.0820000E+03   3.4035388E-04   0.0000000E+00
   1.5382924E+03   1.7630000E+03   1.1320000E+03   0.0000000E+00   0.0000000E+00
   1.5382999E+03   1.7040000E+03   1.0780000E+03   2.2796695E-04   3.6034850E-04
   1.5383075E+03   1.6620000E+03   1.0710000E+03   0.0000000E+00   0.0000000E+00
   1.5383150E+03   1.7200000E+03   1.1010000E+03   0.0000000E+00   0.0000000E+00
   1.5383225E+03   1.7910000E+03   1.1360000E+03   0.0000000E+00   0.0000000E+00
   1.5383300E+03   1.6190000E+03   1.0670000E+03   0.0000000E+00   0.0000000E+00
   1.5383376E+03   1.7740000E+03   1.1380000E+03   5.4802922E-04   8.5430917E-04
   1.5383451E+03   1.8120000E+03   1.1550000E+03   0.0000000E+00   0.0000000E+00
   1.5383526E+03   1.6210000E+03   1.0300000E+03   3.1348143E-04   4.9335282E-04
   1.5383602E+03   1.7360000E+03   1.0860000E+03   0.0000000E+00   0.0000000E+00
   1.5383677E+03   1.6950000E+03   1.0860000E+03   0.0000000E+00   0.0000000E+00
   1.5383752E+03   1.7000000E+03   1.0670000E+03   0.0000000E+00   0.0000000E+00
   1.5383827E+03   1.7170000E+03   1.0790000E+03   2.6699666E-04   0.0000000E+00
   1.5383903E+03   1.7570000E+03   1.1180000E+03   0.0000000E+00   0.0000000E+00
   1.5383978E+03   1.7550000E+03   1.1330000E+03   0.0000000E+00   0.0000000E+00
   1.5384053E+03   1.6710000E+03   1.0850000E+03   5.2963054E-04   8.1567984E-04
   1.5384128E+03   1.6450000E+03   1.0690000E+03   0.0000000E+00   0.0000000E+00
   1.5384204E+03   1.7100000E+03   1.0840000E+03   2.7322015E-04   4.3100227E-04
   1.5384279E+03   1.7030000E+03   1.1270000E+03   0.0000000E+00   0.0000000E+00
   1.5384354E+03   1.6290000E+03   1.0530000E+03   0.0000000E+00   0.0000000E+00
   1.5384430E+03   1.6790000E+03   1.0160000E+03   0.0000000E+00   0.0000000E+00
   1.5384505E+03   1.7050000E+03   1.1080000E+03   0.0000000E+00   0.0000000E+00
   1.5384580E+03   1.7840000E+03   1.0900000E+03   0.0000000E+00   0.0000000E+00
   1.5384655E+03   1.6950000E+03   1.0720000E+03   3.5587555E-05   5.6269501E-05
   1.5384731E+03   1.7070000E+03   1.0830000E+03   0.0000000E+00   0.0000000E+00
   1.5384806E+03   1.7670000E+03   1.0590000E+03   0.0000000E+00   0.0000000E+00
   1.5384881E+03   1.7550000E+03   1.1110000E+03   0.0000000E+00   0.0000000E+00
   1.5384957E+03   1.8240000E+03   1.1860000E+03   0.0000000E+00   0.0000000E+00
   1.5385032E+03   1.7330000E+03   1.0930000E+03   0.0000000E+00   0.0000000E+00
   1.5385107E+03   1.6810000E+03   1.0370000E+03   0.0000000E+00   0.0000000E+00
   1.5385182E+03   1.7660000E+03   1.1220000E+03   0.0000000E+00   0.0000000E+00
   1.5385258E+03   1.8010000E+03   1.1250000E+03   0.0000000E+00   0.0000000E+00
   1.5385333E+03   1.7640000E+03   1.1380000E+03   0.0000000E+00   0.0000000E+00
   1.5385408E+03   1.7740000E+03   1.0820000E+03   0.0000000E+00   0.0000000E+00
   1.5385484E+03   1.7000000E+03   1.1000000E+03   0.0000000E+00   0.0000000E+00
   1.5385559E+03   1.6830000E+03   1.0300000E+03   0.0000000E+00   0.0000000E+00
   1.5385634E+03   1.7240000E+03   1.0920000E+03   3.3246825E-04   5.2488578E-04
   1.5385709E+03   1.6830000E+03   1.0900000E+03   0.0000000E+00   0.0000000E+00
   1.5385785E+03   1.7960000E+03   1.1730000E+03   0.0000000E+00   0.0000000E+00
   1.5385860E+03   1.7170000E+03   1.0930000E+03   0.0000000E+00   0.0000000E+00
   1.5385935E+03   1.8050000E+03   1.1220000E+03   0.0000000E+00   0.0000000E+00
   1.5386011E+03   1.7760000E+03   1.1190000E+03   0.0000000E+00   0.0000000E+00
   1.5386086E+03   1.8190000E+03   1.1640000E+03   4.2204744E-04   6.5953977E-04
   1.5386161E+03   1.7260000E+03   1.0990000E+03   0.0000000E+00   0.0000000E+00
   1.5386236E+03   1.7710000E+03   1.1230000E+03   0.0000000E+00   0.0000000E+00
   1.5386312E+03   1.7120000E+03   1.0540000E+03   0.0000000E+00   0.0000000E+00
   1.5386387E+03   1.7500000E+03   1.1390000E+03   0.0000000E+00   0.0000000E+00
   1.5386462E+03   1.8510000E+03   1.1660000E+03   2.6137168E-04   4.1492193E-04
   1.5386538E+03   1.7260000E+03   1.0590000E+03   5.2771848E-04   0.0000000E+00
   1.5386613E+03   1.8270000E+03   1.1580000E+03   2.2117892E-04   3.4895845E-04
   1.5386688E+03   1.7330000E+03   1.1080000E+03   4.2949962E-05   0.0000000E+00
   1.5386763E+03   1.8350000E+03   1.1730000E+03   0.0000000E+00   0.0000000E+00
   1.5386839E+03   1.8150000E+03   1.1150000E+03   0.0000000E+00   0.0000000E+00
   1.5386914E+03   1.7130000E+03   1.1040000E+03   5.6990489E-04   8.8428177E-04
   1.5386989E+03   1.7470000E+03   1.1080000E+03   0.0000000E+00   0.0000000E+00
   1.5387065E+03   1.7860000E+03   1.1710000E+03   1.4987677E-04   2.2859087E-04
   1.5387140E+03   1.7600000E+03   1.1140000E+03   0.0000000E+00   0.0000000E+00
   1.5387215E+03   1.7880000E+03   1.1130000E+03   0.0000000E+00   0.0000000E+00
   1.5387290E+03   1.7180000E+03   1.1070000E+03   0.0000000E+00   0.0000000E+00
   1.5387366E+03   1.8000000E+03   1.1660000E+03   0.0000000E+00   0.0000000E+00
   1.5387441E+03   1.7290000E+03   1.0970000E+03   0.0000000E+00   0.0000000E+00
   1.5387516E+03   1.7440000E+03   1.1210000E+03   1.8190500E-04   2.8299940E-04
   1.5387592E+03   1.7390000E+03   1.0930000E+03   0.0000000E+00   0.0000000E+00
   1.5387667E+03   1.7690000E+03   1.1210000E+03   0.0000000E+00   0.0000000E+00
   1.5387742E+03   1.7610000E+03   1.0920000E+03   0.0000000E+00   0.0000000E+00
   1.5387817E+03   1.8060000E+03   1.1390000E+03   0.0000000E+00   0.0000000E+00
   1.5387893E+03   1.7660000E+03   1.1340000E+03   2.6609336E-04   4.1439230E-04
   1.5387968E+03   1.7660000E+03   1.1510000E+03   0.0000000E+00   0.0000000E+00
   1.5388043E+03   1.7850000E+03   1.0970000E+03   0.0000000E+00   0.0000000E+00
   1.5388119E+03   1.7200000E+03   1.1040000E+03   8.8806442E-05   1.3835786E-04
   1.5388194E+03   1.7130000E+03   1.0660000E+03   0.0000000E+00   0.0000000E+00
   1.5388269E+03   1.7290000E+03   1.0800000E+03   0.0000000E+00   0.0000000E+00
   1.5388344E+03   1.8290000E+03   1.1770000E+03   0.0000000E+00   0.0000000E+00
   1.5388420E+03   1.8920000E+03   1.2320000E+03   0.0000000E+00   0.0000000E+00
   1.5388495E+03   1.7790000E+03   1.1190000E+03   0.0000000E+00   0.0000000E+00
   1.5388570E+03   1.7550000E+03   1.1040000E+03   0.0000000E+00   0.0000000E+00
   1.5388646E+03   1.7790000E+03   1.1350000E+03   0.0000000E+00   0.0000000E+00
   1.5388721E+03   1.7810000E+03   1.1480000E+03   0.0000000E+00   0.0000000E+00
   1.5388796E+03   1.7600000E+03   1.1070000E+03   0.0000000E+00   0.0000000E+00
   1.5388871E+03   1.7650000E+03   1.1100000E+03   9.7944752E-05   0.0000000E+00
   1.5388947E+03   1.7480000E+03   1.1140000E+03   0.0000000E+00   0.0000000E+00
   1.5389022E+03   1.8280000E+03   1.1570000E+03   0.0000000E+00   0.0000000E+00
   1.5389097E+03   1.8490000E+03   1.2050000E+03   3.9742566E-04   6.0982577E-04
   1.5389172E+03   1.8040000E+03   1.1340000E+03   0.0000000E+00   0.0000000E+00
   1.5389248E+03   1.7680000E+03   1.1170000E+03   0.0000000E+00   0.0000000E+00
   1.5389323E+03   1.7860000E+03   1.1580000E+03   0.0000000E+00   0.0000000E+00
   1.5389398E+03   1.7800000E+03   1.0990000E+03   0.0000000E+00   0.0000000E+00
   1.5389474E+03   1.8150000E+03   1.1430000E+03   5.0668086E-04   0.0000000E+00
   1.5389549E+03   1.7780000E+03   1.1350000E+03   0.0000000E+00   0.0000000E+00
   1.5389624E+03   1.7800000E+03   1.1300000E+03   0.0000000E+00   0.0000000E+00
   1.5389699E+03   1.7480000E+03   1.0820000E+03   0.0000000E+00   0.0000000E+00
   1.5389775E+03   1.8570000E+03   1.1910000E+03   9.5587674E-05   1.4903972E-04
   1.5389850E+03   1.7860000E+03   1.0920000E+03   0.0000000E+00   0.0000000E+00
   1.5389925E+03   1.8430000E+03   1.1560000E+03   5.0664499E-04   8.0773937E-04
   1.5390001E+03   1.7640000E+03   1.1270000E+03   2.6138619E-04   4.0912621E-04
   1.5390076E+03   1.8390000E+03   1.1620000E+03   0.0000000E+00   0.0000000E+00
   1.5390151E+03   1.8930000E+03   1.2090000E+03   0.0000000E+00   0.0000000E+00
   1.5390226E+03   1.7500000E+03   1.0820000E+03   0.0000000E+00   0.0000000E+00
   1.5390302E+03   1.8270000E+03   1.1730000E+03   0.0000000E+00   0.0000000E+00
   1.5390377E+03   1.8200000E+03   1.1560000E+03   0.0000000E+00   0.0000000E+00
   1.5390452E+03   1.7600000E+03   1.1120000E+03   0.0000000E+00   0.0000000E+00
   1.5390528E+03   1.7910000E+03   1.1260000E+03   0.0000000E+00   0.0000000E+00
   1.5390603E+03   1.8360000E+03   1.1470000E+03   2.6324883E-04   4.2138173E-04
   1.5390678E+03   1.7900000E+03   1.1390000E+03   6.5794196E-04   1.0339913E-03
   1.5390753E+03   1.7470000E+03   1.1360000E+03   0.0000000E+00   0.0000000E+00
   1.5390829E+03   1.8360000E+03   1.1760000E+03   0.0000000E+00   0.0000000E+00
   1.5390904E+03   1.7990000E+03   1.1530000E+03   0.0000000E+00   0.0000000E+00
   1.5390979E+03   1.8400000E+03   1.2170000E+03   0.0000000E+00   0.0000000E+00
   1.5391055E+03   1.8520000E+03   1.2190000E+03   0.0000000E+00   0.0000000E+00
   1.5391130E+03   1.8280000E+03   1.1580000E+03   0.0000000E+00   0.0000000E+00
   1.5391205E+03   1.7740000E+03   1.1870000E+03   0.0000000E+00   0.0000000E+00
   1.5391280E+03   1.8400000E+03   1.1680000E+03   0.0000000E+00   0.0000000E+00
   1.5391356E+03   1.7660000E+03   1.1200000E+03   6.9748507E-05   1.0997845E-04
   1.5391431E+03   1.7920000E+03   1.1580000E+03   2.7728643E-04   4.2909955E-04
   1.5391506E+03   1.8070000E+03   1.1370000E+03   2.9486471E-05   4.6861964E-05
   1.5391582E+03   1.8350000E+03   1.2020000E+03   0.0000000E+00   0.0000000E+00
   1.5391657E+03   1.8080000E+03   1.1360000E+03   0.0000000E+00   0.0000000E+00
   1.5391732E+03   1.8870000E+03   1.1970000E+03   0.0000000E+00   0.0000000E+00
   1.5391807E+03   1.8590000E+03   1.2020000E+03   9.5677069E-05   1.4797310E-04
   1.5391883E+03   1.8170000E+03   1.1930000E+03   0.0000000E+00   0.0000000E+00
   1.5391958E+03   1.8580000E+03   1.1710000E+03   0.0000000E+00   0.0000000E+00
   1.5392033E+03   1.8650000E+03   1.1530000E+03   0.0000000E+00   0.0000000E+00
   1.5392109E+03   1.8660000E+03   1.1950000E+03   0.0000000E+00   0.0000000E+00
   1.5392184E+03   1.8660000E+03   1.1530000E+03   0.0000000E+00   0.0000000E+00
   1.5392259E+03   1.8970000E+03   1.2090000E+03   7.4241976E-05   1.1649051E-04
   1.5392334E+03   1.8470000E+03   1.2000000E+03   0.0000000E+00   0.0000000E+00
   1.5392410E+03   1.8110000E+03   1.1120000E+03   0.0000000E+00   0.0000000E+00
   1.5392485E+03   1.8220000E+03   1.1670000E+03   0.0000000E+00   0.0000000E+00
   1.5392560E+03   1.8830000E+03   1.1970000E+03   0.0000000E+00   0.0000000E+00
   1.5392636E+03   1.8470000E+03   1.1690000E+03   0.0000000E+00   0.0000000E+00
   1.5392711E+03   1.8810000E+03   1.2070000E+03   0.0000000E+00   0.0000000E+00
   1.5392786E+03   1.9140000E+03   1.2480000E+03   0.0000000E+00   0.0000000E+00
   1.5392861E+03   1.7520000E+03   1.0800000E+03   0.0000000E+00   0.0000000E+00
   1.5392937E+03   1.9510000E+03   1.2570000E+03   0.0000000E+00   0.0000000E+00
   1.5393012E+03   1.8960000E+03   1.1820000E+03   0.0000000E+00   0.0000000E+00
   1.5393087E+03   1.8320000E+03   1.1710000E+03   0.0000000E+00   0.0000000E+00
   1.5393162E+03   1.8340000E+03   1.1460000E+03   0.0000000E+00   0.0000000E+00
   1.5393238E+03   1.8190000E+03   1.1650000E+03   0.0000000E+00   0.0000000E+00
   1.5393313E+03   1.7700000E+03   1.1030000E+03   0.0000000E+00   0.0000000E+00
   1.5393388E+03   1.8730000E+03   1.2160000E+03   9.3718198E-05   1.4435377E-04
   1.5393464E+03   1.7840000E+03   1.1480000E+03   0.0000000E+00   0.0000000E+00
   1.5393539E+03   1.8220000E+03   1.1160000E+03   0.0000000E+00   0.0000000E+00
   1.5393614E+03   1.8740000E+03   1.1680000E+03   0.0000000E+00   0.0000000E+00
   1.5393689E+03   1.8410000E+03   1.1620000E+03   0.0000000E+00   0.0000000E+00
   1.5393765E+03   1.8270000E+03   1.1260000E+03   0.0000000E+00   0.0000000E+00
   1.5393840E+03   1.9130000E+03   1.2070000E+03   0.0000000E+00   0.0000000E+00
   1.5393915E+03   1.8910000E+03   1.2370000E+03   0.0000000E+00   0.0000000E+00
   1.5393991E+03   1.8200000E+03   1.1300000E+03   0.0000000E+00   0.0000000E+00
   1.5394066E+03   1.9020000E+03   1.1820000E+03   4.3176959E-04   6.9477644E-04
   1.5394141E+03   1.8050000E+03   1.1490000E+03   1.0471387E-04   1.6449828E-04
   1.5394216E+03   1.9080000E+03   1.1860000E+03   0.0000000E+00   0.0000000E+00
   1.5394292E+03   1.8760000E+03   1.1790000E+03   3.1262841E-04   4.9744775E-04
   1.5394367E+03   1.9390000E+03   1.1930000E+03   0.0000000E+00   0.0000000E+00
   1.5394442E+03   1.9130000E+03   1.2370000E+03   0.0000000E+00   0.0000000E+00
   1.5394518E+03   1.8270000E+03   1.1580000E+03   0.0000000E+00   0.0000000E+00
   1.5394593E+03   1.9370000E+03   1.2310000E+03   4.2845277E-04   0.0000000E+00
   1.5394668E+03   1.9210000E+03   1.2380000E+03   4.7763483E-04   7.4114419E-04
   1.5394743E+03   1.8680000E+03   1.1900000E+03   0.0000000E+00   0.0000000E+00
   1.5394819E+03   1.9300000E+03   1.1800000E+03   0.0000000E+00   0.0000000E+00
   1.5394894E+03   1.9240000E+03   1.2400000E+03   0.0000000E+00   0.0000000E+00
   1.5394969E+03   1.8940000E+03   1.1900000E+03   0.0000000E+00   0.0000000E+00
   1.5395045E+03   1.8680000E+03   1.1930000E+03   0.0000000E+00   0.0000000E+00
   1.5395120E+03   1.9310000E+03   1.2960000E+03   0.0000000E+00   0.0000000E+00
   1.5395195E+03   1.8440000E+03   1.1850000E+03   0.0000000E+00   0.0000000E+00
   1.5395270E+03   1.9230000E+03   1.2600000E+03   2.2433816E-04   3.4238276E-04
   1.5395346E+03   1.9150000E+03   1.2050000E+03   1.7341865E-05   2.7559893E-05
   1.5395421E+03   1.8650000E+03   1.1990000E+03   0.0000000E+00   0.0000000E+00
   1.5395496E+03   1.8980000E+03   1.1890000E+03   0.0000000E+00   0.0000000E+00
   1.5395572E+03   1.9170000E+03   1.2300000E+03   0.0000000E+00   0.0000000E+00
   1.5395647E+03   1.8910000E+03   1.2110000E+03   0.0000000E+00   0.0000000E+00
   1.5395722E+03   1.8290000E+03   1.1770000E+03   0.0000000E+00   0.0000000E+00
   1.5395797E+03   1.9320000E+03   1.1870000E+03   0.0000000E+00   0.0000000E+00
   1.5395873E+03   1.9160000E+03   1.2290000E+03   0.0000000E+00   0.0000000E+00
   1.5395948E+03   1.8830000E+03   1.1980000E+03   0.0000000E+00   0.0000000E+00
   1.5396023E+03   1.8880000E+03   1.2270000E+03   0.0000000E+00   0.0000000E+00
   1.5396099E+03   1.8900000E+03   1.1990000E+03   0.0000000E+00   0.0000000E+00
   1.5396174E+03   1.8920000E+03   1.2220000E+03   0.0000000E+00   0.0000000E+00
   1.5396249E+03   1.9020000E+03   1.2070000E+03   2.9544838E-05   8.0015972E-04
   1.5396324E+03   1.9560000E+03   1.2700000E+03   5.7043143E-04   8.4736263E-04
   1.5396400E+03   1.9250000E+03   1.2250000E+03   0.0000000E+00   0.0000000E+00
   1.5396475E+03   1.8940000E+03   1.2070000E+03   0.0000000E+00   0.0000000E+00
   1.5396550E+03   1.8960000E+03   1.2490000E+03   0.0000000E+00   0.0000000E+00
   1.5396626E+03   1.9490000E+03   1.2680000E+03   1.1705822E-04   1.7992624E-04
   1.5396701E+03   1.9110000E+03   1.2180000E+03   5.0816729E-04   7.9729696E-04
   1.5396776E+03   1.9550000E+03   1.2630000E+03   0.0000000E+00   0.0000000E+00
   1.5396851E+03   1.8720000E+03   1.1920000E+03   5.1148087E-04   8.0326526E-04
   1.5396927E+03   1.9100000E+03   1.2190000E+03   0.0000000E+00   0.0000000E+00
   1.5397002E+03   1.9010000E+03   1.1890000E+03   0.0000000E+00   0.0000000E+00
   1.5397077E+03   1.9000000E+03   1.1710000E+03   0.0000000E+00   0.0000000E+00
   1.5397153E+03   1.9250000E+03   1.2280000E+03   1.5160214E-04   2.3764994E-04
   1.5397228E+03   1.9970000E+03   1.2210000E+03   0.0000000E+00   0.0000000E+00
   1.5397303E+03   1.9810000E+03   1.2870000E+03   0.0000000E+00   0.0000000E+00
   1.5397378E+03   1.8870000E+03   1.2240000E+03   0.0000000E+00   0.0000000E+00
   1.5397454E+03   1.9650000E+03   1.2200000E+03   0.0000000E+00   0.0000000E+00
   1.5397529E+03   1.9140000E+03   1.2160000E+03   0.0000000E+00   0.0000000E+00
   1.5397604E+03   1.9240000E+03   1.2050000E+03   0.0000000E+00   0.0000000E+00
   1.5397679E+03   1.9190000E+03   1.2930000E+03   0.0000000E+00   0.0000000E+00
   1.5397755E+03   1.9730000E+03   1.2480000E+03   0.0000000E+00   0.0000000E+00
   1.5397830E+03   1.8780000E+03   1.2030000E+03   4.3454610E-04   6.7836873E-04
   1.5397905E+03   2.0460000E+03   1.3000000E+03   0.0000000E+00   0.0000000E+00
   1.5397981E+03   1.9640000E+03   1.2400000E+03   0.0000000E+00   0.0000000E+00
   1.5398056E+03   1.9040000E+03   1.2170000E+03   0.0000000E+00   0.0000000E+00
   1.5398131E+03   1.9280000E+03   1.1950000E+03   2.2253468E-04   3.5903504E-04
   1.5398206E+03   1.9780000E+03   1.2580000E+03   0.0000000E+00   0.0000000E+00
   1.5398282E+03   1.8840000E+03   1.2030000E+03   0.0000000E+00   0.0000000E+00
   1.5398357E+03   1.9540000E+03   1.2380000E+03   0.0000000E+00   0.0000000E+00
   1.5398432E+03   1.9480000E+03   1.2690000E+03   0.0000000E+00   0.0000000E+00
   1.5398508E+03   1.9790000E+03   1.3160000E+03   4.2804739E-04   6.4369741E-04
   1.5398583E+03   1.9000000E+03   1.1720000E+03   0.0000000E+00   0.0000000E+00
   1.5398658E+03   1.9700000E+03   1.2160000E+03   0.0000000E+00   0.0000000E+00
   1.5398733E+03   1.9680000E+03   1.2220000E+03   0.0000000E+00   0.0000000E+00
   1.5398809E+03   1.9250000E+03   1.2380000E+03   0.0000000E+00   0.0000000E+00
   1.5398884E+03   2.0120000E+03   1.3020000E+03   0.0000000E+00   0.0000000E+00
   1.5398959E+03   2.0140000E+03   1.2400000E+03   0.0000000E+00   0.0000000E+00
   1.5399035E+03   1.9090000E+03   1.1930000E+03   0.0000000E+00   0.0000000E+00
   1.5399110E+03   1.9530000E+03   1.2590000E+03   0.0000000E+00   0.0000000E+00
   1.5399185E+03   1.9790000E+03   1.2450000E+03   5.4901102E-05   8.7268499E-05
   1.5399260E+03   1.9920000E+03   1.2750000E+03   1.2336486E-04   0.0000000E+00
   1.5399336E+03   1.9270000E+03   1.2410000E+03   0.0000000E+00   0.0000000E+00
   1.5399411E+03   2.0180000E+03   1.2840000E+03   3.2304094E-04   5.0770764E-04
   1.5399486E+03   1.9890000E+03   1.2560000E+03   0.0000000E+00   0.0000000E+00
   1.5399562E+03   1.9790000E+03   1.2540000E+03   0.0000000E+00   0.0000000E+00
   1.5399637E+03   1.9450000E+03   1.2280000E+03   0.0000000E+00   0.0000000E+00
   1.5399712E+03   2.0340000E+03   1.2860000E+03   1.9551956E-04   3.0924322E-04
   1.5399787E+03   1.9470000E+03   1.2740000E+03   0.0000000E+00   0.0000000E+00
   1.5399863E+03   1.9510000E+03   1.2410000E+03   0.0000000E+00   0.0000000E+00
   1.5399938E+03   1.8550000E+03   1.2050000E+03   1.6504503E-04   2.5407346E-04
   1.5400013E+03   1.9310000E+03   1.2220000E+03   0.0000000E+00   0.0000000E+00
   1.5400089E+03   1.9570000E+03   1.2310000E+03   4.7253086E-04   7.5121274E-04
   1.5400164E+03   2.0100000E+03   1.2790000E+03   0.0000000E+00   0.0000000E+00
   1.5400239E+03   1.9480000E+03   1.2250000E+03   0.0000000E+00   0.0000000E+00
   1.5400314E+03   1.9720000E+03   1.2720000E+03   0.0000000E+00   0.0000000E+00
   1.5400390E+03   2.0160000E+03   1.2780000E+03   8.7124381E-04   1.3743564E-03
   1.5400465E+03   2.0270000E+03   1.2890000E+03   0.0000000E+00   0.0000000E+00
   1.5400540E+03   1.9600000E+03   1.2390000E+03   0.0000000E+00   0.0000000E+00
   1.5400616E+03   1.9940000E+03   1.2970000E+03   0.0000000E+00   0.0000000E+00
   1.5400691E+03   1.9930000E+03   1.2990000E+03   4.5076150E-04   6.9158404E-04
   1.5400766E+03   2.0100000E+03   1.2910000E+03   0.0000000E+00   0.0000000E+00
   1.5400841E+03   2.0170000E+03   1.2710000E+03   0.0000000E+00   0.0000000E+00
   1.5400917E+03   1.9860000E+03   1.2400000E+03   4.8719284E-04   7.8029434E-04
   1.5400992E+03   1.9690000E+03   1.2690000E+03   2.1017381E-05   3.2610893E-05
   1.5401067E+03   1.9700000E+03   1.2740000E+03   0.0000000E+00   0.0000000E+00
   1.5401143E+03   2.0360000E+03   1.2820000E+03   4.3518008E-05   6.9370085E-05
   1.5401218E+03   1.9620000E+03   1.2850000E+03   0.0000000E+00   0.0000000E+00
   1.5401293E+03   2.0890000E+03   1.3010000E+03   0.0000000E+00   0.0000000E+00
   1.5401368E+03   1.9820000E+03   1.2340000E+03   0.0000000E+00   0.0000000E+00
   1.5401444E+03   1.9370000E+03   1.2600000E+03   0.0000000E+00   0.0000000E+00
   1.5401519E+03   1.9860000E+03   1.2560000E+03   0.0000000E+00   0.0000000E+00
   1.5401594E+03   2.0210000E+03   1.2970000E+03   9.1094027E-06   1.4194374E-05
   1.5401670E+03   1.9790000E+03   1.2660000E+03   0.0000000E+00   0.0000000E+00
   1.5401745E+03   2.0060000E+03   1.2540000E+03   4.8164223E-04   7.7047394E-04
   1.5401820E+03   1.9560000E+03   1.2670000E+03   4.6772485E-04   7.2207561E-04
   1.5401895E+03   2.0310000E+03   1.2560000E+03   0.0000000E+00   0.0000000E+00
   1.5401971E+03   1.9830000E+03   1.2760000E+03   4.8842820E-04   7.5905418E-04
   1.5402046E+03   2.0990000E+03   1.3270000E+03   0.0000000E+00   0.0000000E+00
   1.5402121E+03   2.0950000E+03   1.2850000E+03   0.0000000E+00   0.0000000E+00
   1.5402197E+03   2.0080000E+03   1.2940000E+03   0.0000000E+00   0.0000000E+00
   1.5402272E+03   2.0050000E+03   1.2700000E+03   0.0000000E+00   0.0000000E+00
   1.5402347E+03   1.9660000E+03   1.2480000E+03   0.0000000E+00   0.0000000E+00
   1.5402422E+03   2.0260000E+03   1.2750000E+03   1.8027717E-04   2.8646395E-04
   1.5402498E+03   1.9930000E+03   1.2880000E+03   0.0000000E+00   0.0000000E+00
   1.5402573E+03   2.0030000E+03   1.2540000E+03   0.0000000E+00   0.0000000E+00
   1.5402648E+03   1.9850000E+03   1.2720000E+03   0.0000000E+00   0.0000000E+00
   1.5402723E+03   2.0910000E+03   1.3260000E+03   0.0000000E+00   0.0000000E+00
   1.5402799E+03   2.0040000E+03   1.2980000E+03   0.0000000E+00   0.0000000E+00
   1.5402874E+03   2.0400000E+03   1.2790000E+03   9.4002817E-05   1.4993413E-04
   1.5402949E+03   2.0770000E+03   1.3260000E+03   3.8795643E-04   6.0768138E-04
   1.5403025E+03   2.0160000E+03   1.2800000E+03   0.0000000E+00   0.0000000E+00
   1.5403100E+03   2.0360000E+03   1.2900000E+03   3.4967822E-05   0.0000000E+00
   1.5403175E+03   2.0010000E+03   1.3180000E+03   1.7210608E-04   2.6129308E-04
   1.5403250E+03   2.0490000E+03   1.3260000E+03   0.0000000E+00   0.0000000E+00
   1.5403326E+03   2.0650000E+03   1.2870000E+03   2.4678289E-04   3.9596478E-04
   1.5403401E+03   1.9310000E+03   1.2200000E+03   6.8151722E-05   0.0000000E+00
   1.5403476E+03   1.9720000E+03   1.2020000E+03   7.2660811E-04   1.0263826E-03
   1.5403552E+03   1.9080000E+03   1.1920000E+03   0.0000000E+00   0.0000000E+00
   1.5403627E+03   2.0880000E+03   1.3010000E+03   0.0000000E+00   0.0000000E+00
   1.5403702E+03   2.0480000E+03   1.2620000E+03   2.3763376E-04   3.8563704E-04
   1.5403777E+03   2.0250000E+03   1.2860000E+03   1.6097458E-04   2.4711640E-04
   1.5403853E+03   2.0280000E+03   1.3090000E+03   4.9569991E-04   4.0435913E-04
   1.5403928E+03   2.0060000E+03   1.2870000E+03   0.0000000E+00   0.0000000E+00
   1.5404003E+03   2.0090000E+03   1.2670000E+03   7.1120179E-05   0.0000000E+00
   1.5404079E+03   2.0570000E+03   1.3000000E+03   0.0000000E+00   0.0000000E+00
   1.5404154E+03   2.0020000E+03   1.3130000E+03   4.8053555E-04   7.3269777E-04
   1.5404229E+03   2.0700000E+03   1.3060000E+03   0.0000000E+00   0.0000000E+00
   1.5404304E+03   2.0560000E+03   1.3170000E+03   4.3089022E-04   6.7267296E-04
   1.5404380E+03   2.0630000E+03   1.3250000E+03   1.8957544E-04   2.9516538E-04
   1.5404455E+03   2.1240000E+03   1.3610000E+03   0.0000000E+00   0.0000000E+00
   1.5404530E+03   2.1450000E+03   1.3730000E+03   0.0000000E+00   0.0000000E+00
   1.5404606E+03   2.0810000E+03   1.3010000E+03   0.0000000E+00   0.0000000E+00
   1.5404681E+03   2.1100000E+03   1.3300000E+03   0.0000000E+00   0.0000000E+00
   1.5404756E+03   1.9680000E+03   1.2320000E+03   3.2633217E-04   5.2128385E-04
   1.5404831E+03   2.0600000E+03   1.3460000E+03   4.3778804E-04   0.0000000E+00
   1.5404907E+03   2.1040000E+03   1.3180000E+03   0.0000000E+00   0.0000000E+00
   1.5404982E+03   2.0980000E+03   1.3480000E+03   0.0000000E+00   0.0000000E+00
   1.5405057E+03   2.1140000E+03   1.3400000E+03   1.5005836E-04   2.3673386E-04
   1.5405133E+03   2.0910000E+03   1.3320000E+03   0.0000000E+00   0.0000000E+00
   1.5405208E+03   1.9990000E+03   1.2740000E+03   0.0000000E+00   0.0000000E+00
   1.5405283E+03   1.9750000E+03   1.2880000E+03   0.0000000E+00   0.0000000E+00
   1.5405358E+03   2.1070000E+03   1.3650000E+03   4.3481890E-04   6.7118199E-04
   1.5405434E+03   2.0510000E+03   1.3490000E+03   0.0000000E+00   0.0000000E+00
   1.5405509E+03   2.1350000E+03   1.3430000E+03   0.0000000E+00   0.0000000E+00
   1.5405584E+03   2.0350000E+03   1.2930000E+03   0.0000000E+00   0.0000000E+00
   1.5405660E+03   2.0990000E+03   1.3570000E+03   0.0000000E+00   0.0000000E+00
   1.5405735E+03   2.1430000E+03   1.3300000E+03   0.0000000E+00   0.0000000E+00
   1.5405810E+03   2.0190000E+03   1.3000000E+03   3.4758820E-04   5.3983121E-04
   1.5405885E+03   2.1090000E+03   1.3360000E+03   0.0000000E+00   0.0000000E+00
   1.5405961E+03   2.0630000E+03   1.3260000E+03   0.0000000E+00   0.0000000E+00
   1.5406036E+03   2.1170000E+03   1.3020000E+03   0.0000000E+00   0.0000000E+00
   1.5406111E+03   2.1330000E+03   1.3320000E+03   3.8593566E-04   6.1801859E-04
   1.5406187E+03   2.1140000E+03   1.3560000E+03   0.0000000E+00   0.0000000E+00
   1.5406262E+03   2.0650000E+03   1.2920000E+03   0.0000000E+00   0.0000000E+00
   1.5406337E+03   2.0890000E+03   1.3030000E+03   6.9399514E-05   1.1126292E-04
   1.5406412E+03   2.1330000E+03   1.3660000E+03   0.0000000E+00   0.0000000E+00
   1.5406488E+03   2.1230000E+03   1.3210000E+03   0.0000000E+00   0.0000000E+00
   1.5406563E+03   2.1160000E+03   1.3410000E+03   2.2671450E-04   3.5773892E-04
   1.5406638E+03   2.0710000E+03   1.3060000E+03   3.3844834E-04   5.3669717E-04
   1.5406713E+03   2.0390000E+03   1.3310000E+03   0.0000000E+00   0.0000000E+00
   1.5406789E+03   2.0210000E+03   1.2960000E+03   0.0000000E+00   0.0000000E+00
   1.5406864E+03   2.0000000E+03   1.2640000E+03   2.3111885E-04   0.0000000E+00
   1.5406939E+03   2.1060000E+03   1.3510000E+03   0.0000000E+00   0.0000000E+00
   1.5407015E+03   2.0300000E+03   1.2930000E+03   1.6074195E-04   1.9539796E-04
   1.5407090E+03   2.1250000E+03   1.3780000E+03   1.7106588E-04   2.6379898E-04
   1.5407165E+03   2.1280000E+03   1.3870000E+03   1.9376559E-04   2.9728419E-04
   1.5407240E+03   2.0230000E+03   1.2870000E+03   0.0000000E+00   0.0000000E+00
   1.5407316E+03   2.0830000E+03   1.3290000E+03   0.0000000E+00   0.0000000E+00
   1.5407391E+03   2.0940000E+03   1.3700000E+03   1.6780167E-04   2.6882316E-04
   1.5407466E+03   2.2000000E+03   1.4090000E+03   0.0000000E+00   0.0000000E+00
   1.5407542E+03   2.1110000E+03   1.3480000E+03   0.0000000E+00   0.0000000E+00
   1.5407617E+03   2.0610000E+03   1.2720000E+03   0.0000000E+00   0.0000000E+00
   1.5407692E+03   2.0840000E+03   1.3060000E+03   0.0000000E+00   0.0000000E+00
   1.5407767E+03   2.0750000E+03   1.3060000E+03   0.0000000E+00   0.0000000E+00
   1.5407843E+03   2.0530000E+03   1.3020000E+03   0.0000000E+00   0.0000000E+00
   1.5407918E+03   2.1010000E+03   1.3320000E+03   1.3932161E-04   0.0000000E+00
   1.5407993E+03   2.1460000E+03   1.3220000E+03   2.3259419E-04   3.7756969E-04
   1.5408069E+03   2.1010000E+03   1.3360000E+03   0.0000000E+00   0.0000000E+00
   1.5408144E+03   2.0460000E+03   1.2980000E+03   1.1012868E-04   1.7359267E-04
   1.5408219E+03   2.1020000E+03   1.3870000E+03   0.0000000E+00   0.0000000E+00
   1.5408294E+03   2.1090000E+03   1.3170000E+03   0.0000000E+00   0.0000000E+00
   1.5408370E+03   2.2170000E+03   1.4240000E+03   0.0000000E+00   0.0000000E+00
   1.5408445E+03   2.1530000E+03   1.4080000E+03   3.1046588E-04   4.7473938E-04
   1.5408520E+03   2.1220000E+03   1.3500000E+03   4.2747194E-04   6.7192255E-04
   1.5408596E+03   2.1150000E+03   1.3400000E+03   0.0000000E+00   0.0000000E+00
   1.5408671E+03   2.1880000E+03   1.4360000E+03   1.0695766E-04   1.6296891E-04
   1.5408746E+03   2.1190000E+03   1.3510000E+03   0.0000000E+00   0.0000000E+00
   1.5408821E+03   2.1400000E+03   1.4130000E+03   0.0000000E+00   0.0000000E+00
   1.5408897E+03   2.1760000E+03   1.4220000E+03   0.0000000E+00   0.0000000E+00
   1.5408972E+03   2.1870000E+03   1.4100000E+03   0.0000000E+00   0.0000000E+00
   1.5409047E+03   2.1690000E+03   1.3880000E+03   1.0271385E-04   1.6050890E-04
   1.5409123E+03   2.1660000E+03   1.3700000E+03   4.3368873E-04   6.8567139E-04
   1.5409198E+03   2.1490000E+03   1.4100000E+03   6.9265944E-05   1.0556916E-04
   1.5409273E+03   2.2070000E+03   1.4260000E+03   1.1341288E-04   1.7552751E-04
   1.5409348E+03   2.1910000E+03   1.3910000E+03   0.0000000E+00   0.0000000E+00
   1.5409424E+03   2.1010000E+03   1.3910000E+03   0.0000000E+00   0.0000000E+00
   1.5409499E+03   2.1580000E+03   1.3870000E+03   0.0000000E+00   0.0000000E+00
   1.5409574E+03   2.0800000E+03   1.2900000E+03   7.1697315E-05   1.1560497E-04
   1.5409650E+03   2.1580000E+03   1.3770000E+03   3.0307194E-04   4.7496677E-04
   1.5409725E+03   2.1960000E+03   1.4020000E+03   2.4250216E-04   3.7983933E-04
   1.5409800E+03   2.2090000E+03   1.3940000E+03   1.2692037E-04   2.0112417E-04
   1.5409875E+03   2.1170000E+03   1.3460000E+03   0.0000000E+00   0.0000000E+00
   1.5409951E+03   2.1950000E+03   1.4010000E+03   4.3736209E-04   6.8523183E-04
   1.5410026E+03   2.2460000E+03   1.4420000E+03   2.6488643E-04   4.1257622E-04
   1.5410101E+03   2.1320000E+03   1.3510000E+03   1.7275663E-04   0.0000000E+00
   1.5410177E+03   2.1730000E+03   1.3940000E+03   2.2225924E-04   0.0000000E+00
   1.5410252E+03   2.1770000E+03   1.3790000E+03   0.0000000E+00   0.0000000E+00
   1.5410327E+03   2.1850000E+03   1.4030000E+03   0.0000000E+00   0.0000000E+00
   1.5410402E+03   2.1750000E+03   1.3420000E+03   0.0000000E+00   0.0000000E+00
   1.5410478E+03   2.1460000E+03   1.3720000E+03   0.0000000E+00   0.0000000E+00
   1.5410553E+03   2.1590000E+03   1.3760000E+03   3.4638975E-05   5.4349962E-05
   1.5410628E+03   2.1380000E+03   1.3230000E+03   0.0000000E+00   0.0000000E+00
   1.5410704E+03   2.2120000E+03   1.3640000E+03   0.0000000E+00   0.0000000E+00
   1.5410779E+03   2.1410000E+03   1.3220000E+03   0.0000000E+00   0.0000000E+00
   1.5410854E+03   2.1430000E+03   1.3870000E+03   2.2735243E-04   3.5127344E-04
   1.5410929E+03   2.1440000E+03   1.3800000E+03   0.0000000E+00   0.0000000E+00
   1.5411005E+03   2.0720000E+03   1.3140000E+03   0.0000000E+00   0.0000000E+00
   1.5411080E+03   2.1020000E+03   1.3120000E+03   4.5001411E-04   7.2098297E-04
   1.5411155E+03   2.1990000E+03   1.3970000E+03   2.0388210E-04   3.2092824E-04
   1.5411230E+03   2.1140000E+03   1.3500000E+03   0.0000000E+00   0.0000000E+00
   1.5411306E+03   2.1630000E+03   1.3740000E+03   0.0000000E+00   0.0000000E+00
   1.5411381E+03   2.1870000E+03   1.3910000E+03   0.0000000E+00   0.0000000E+00
   1.5411456E+03   2.2000000E+03   1.3960000E+03   1.3075394E-04   2.0605921E-04
   1.5411532E+03   2.1180000E+03   1.3470000E+03   2.1308272E-05   0.0000000E+00
   1.5411607E+03   2.1520000E+03   1.3690000E+03   4.1497889E-04   6.5232620E-04
   1.5411682E+03   2.2030000E+03   1.4360000E+03   0.0000000E+00   0.0000000E+00
   1.5411757E+03   2.2090000E+03   1.4170000E+03   0.0000000E+00   0.0000000E+00
   1.5411833E+03   2.0820000E+03   1.3530000E+03   4.6219538E-04   7.1122748E-04
   1.5411908E+03   2.2790000E+03   1.4690000E+03   1.5006942E-04   2.3281702E-04
   1.5411983E+03   2.2360000E+03   1.3810000E+03   4.5350235E-04   5.5762242E-04
   1.5412059E+03   2.1010000E+03   1.3400000E+03   0.0000000E+00   0.0000000E+00
   1.5412134E+03   2.1240000E+03   1.3420000E+03   3.5548694E-04   5.6263357E-04
   1.5412209E+03   2.1550000E+03   1.3320000E+03   4.1473523E-04   6.7098679E-04
   1.5412284E+03   2.1010000E+03   1.3560000E+03   0.0000000E+00   0.0000000E+00
   1.5412360E+03   2.1690000E+03   1.3650000E+03   0.0000000E+00   0.0000000E+00
   1.5412435E+03   2.2340000E+03   1.4210000E+03   0.0000000E+00   0.0000000E+00
   1.5412510E+03   2.2030000E+03   1.4030000E+03   0.0000000E+00   0.0000000E+00
   1.5412586E+03   2.1100000E+03   1.3690000E+03   4.2392517E-04   6.5338357E-04
   1.5412661E+03   2.1690000E+03   1.4000000E+03   8.0749458E-05   1.2510398E-04
   1.5412736E+03   2.2780000E+03   1.4720000E+03   0.0000000E+00   0.0000000E+00
   1.5412811E+03   2.1790000E+03   1.3910000E+03   2.3675970E-04   3.7088381E-04
   1.5412887E+03   2.1860000E+03   1.3910000E+03   1.7739454E-04   1.8886036E-04
   1.5412962E+03   2.2440000E+03   1.4280000E+03   0.0000000E+00   0.0000000E+00
   1.5413037E+03   2.2060000E+03   1.4040000E+03   1.0282825E-04   1.6156632E-04
   1.5413113E+03   2.1470000E+03   1.3480000E+03   0.0000000E+00   0.0000000E+00
   1.5413188E+03   2.1180000E+03   1.3430000E+03   0.0000000E+00   0.0000000E+00
   1.5413263E+03   2.2190000E+03   1.3720000E+03   1.2156407E-04   1.9661128E-04
   1.5413338E+03   2.1650000E+03   1.3230000E+03   0.0000000E+00   0.0000000E+00
   1.5413414E+03   2.2230000E+03   1.3700000E+03   1.1062839E-04   1.7950870E-04
   1.5413489E+03   2.1240000E+03   1.3290000E+03   0.0000000E+00   0.0000000E+00
   1.5413564E+03   2.2450000E+03   1.4630000E+03   0.0000000E+00   0.0000000E+00
   1.5413640E+03   2.1740000E+03   1.3570000E+03   1.1547013E-04   0.0000000E+00
   1.5413715E+03   2.1650000E+03   1.3780000E+03   0.0000000E+00   0.0000000E+00
   1.5413790E+03   2.1620000E+03   1.4160000E+03   2.2592797E-04   3.4495499E-04
   1.5413865E+03   2.1330000E+03   1.3320000E+03   2.9039464E-04   4.6502386E-04
   1.5413941E+03   2.2310000E+03   1.4260000E+03   3.9569852E-04   6.1907671E-04
   1.5414016E+03   2.2370000E+03   1.4560000E+03   0.0000000E+00   0.0000000E+00
   1.5414091E+03   2.0970000E+03   1.3250000E+03   2.4000464E-04   0.0000000E+00
   1.5414167E+03   2.1850000E+03   1.4210000E+03   0.0000000E+00   0.0000000E+00
   1.5414242E+03   2.2020000E+03   1.4020000E+03   7.6903173E-05   1.2078515E-04
   1.5414317E+03   2.3220000E+03   1.4940000E+03   0.0000000E+00   0.0000000E+00
   1.5414392E+03   2.2320000E+03   1.4650000E+03   0.0000000E+00   0.0000000E+00
   1.5414468E+03   2.1620000E+03   1.4010000E+03   0.0000000E+00   0.0000000E+00
   1.5414543E+03   2.2470000E+03   1.4150000E+03   0.0000000E+00   0.0000000E+00
   1.5414618E+03   2.2570000E+03   1.4500000E+03   0.0000000E+00   0.0000000E+00
   1.5414694E+03   2.1800000E+03   1.4000000E+03   0.0000000E+00   0.0000000E+00
   1.5414769E+03   2.0870000E+03   1.3570000E+03   0.0000000E+00   0.0000000E+00
   1.5414844E+03   2.2580000E+03   1.4180000E+03   3.6964238E-04   5.8861247E-04
   1.5414919E+03   2.1750000E+03   1.3740000E+03   4.9977413E-04   7.9112716E-04
   1.5414995E+03   2.2170000E+03   1.3970000E+03   2.9198544E-04   3.6312370E-04
   1.5415070E+03   2.2240000E+03   1.3500000E+03   3.1606322E-04   5.2068489E-04
   1.5415145E+03   2.1770000E+03   1.3550000E+03   4.0534281E-04   5.3222628E-04
   1.5415221E+03   2.2880000E+03   1.4400000E+03   0.0000000E+00   0.0000000E+00
   1.5415296E+03   2.2340000E+03   1.4360000E+03   8.1212687E-05   1.2634341E-04
   1.5415371E+03   2.2360000E+03   1.4330000E+03   2.0120179E-04   3.1394780E-04
   1.5415446E+03   2.1270000E+03   1.3260000E+03   0.0000000E+00   0.0000000E+00
   1.5415522E+03   2.2530000E+03   1.4940000E+03   1.0143089E-04   1.5296105E-04
   1.5415597E+03   2.1950000E+03   1.4000000E+03   1.1326783E-04   1.7758777E-04
   1.5415672E+03   2.2070000E+03   1.4130000E+03   0.0000000E+00   0.0000000E+00
   1.5415747E+03   2.1280000E+03   1.3530000E+03   0.0000000E+00   0.0000000E+00
   1.5415823E+03   2.1410000E+03   1.3720000E+03   0.0000000E+00   0.0000000E+00
   1.5415898E+03   2.2020000E+03   1.3550000E+03   3.5984946E-04   5.8478857E-04
   1.5415973E+03   2.2080000E+03   1.3920000E+03   0.0000000E+00   0.0000000E+00
   1.5416049E+03   2.2430000E+03   1.3810000E+03   0.0000000E+00   0.0000000E+00
   1.5416124E+03   2.2700000E+03   1.4270000E+03   3.4133401E-04   5.4297702E-04
   1.5416199E+03   2.2400000E+03   1.4090000E+03   4.2262432E-04   6.7187968E-04
   1.5416274E+03   2.2620000E+03   1.4320000E+03   0.0000000E+00   0.0000000E+00
   1.5416350E+03   2.3020000E+03   1.4440000E+03   0.0000000E+00   0.0000000E+00
   1.5416425E+03   2.3650000E+03   1.5030000E+03   0.0000000E+00   0.0000000E+00
   1.5416500E+03   2.3220000E+03   1.4610000E+03   0.0000000E+00   0.0000000E+00
   1.5416576E+03   2.3620000E+03   1.5630000E+03   0.0000000E+00   0.0000000E+00
   1.5416651E+03   2.4650000E+03   1.5640000E+03   7.1036721E-05   0.0000000E+00
   1.5416726E+03   2.2360000E+03   1.4140000E+03   1.4931685E-04   2.3611915E-04
   1.5416801E+03   2.2810000E+03   1.4100000E+03   0.0000000E+00   0.0000000E+00
   1.5416877E+03   2.3150000E+03   1.4620000E+03   0.0000000E+00   0.0000000E+00
   1.5416952E+03   2.2380000E+03   1.4110000E+03   0.0000000E+00   0.0000000E+00
   1.5417027E+03   2.2770000E+03   1.4210000E+03   0.0000000E+00   0.0000000E+00
   1.5417103E+03   2.2320000E+03   1.4410000E+03   7.3310511E-05   0.0000000E+00
   1.5417178E+03   2.2830000E+03   1.4560000E+03   0.0000000E+00   0.0000000E+00
   1.5417253E+03   2.1950000E+03   1.4080000E+03   3.4284800E-04   0.0000000E+00
   1.5417328E+03   2.1490000E+03   1.3780000E+03   0.0000000E+00   0.0000000E+00
   1.5417404E+03   2.2440000E+03   1.4160000E+03   0.0000000E+00   0.0000000E+00
   1.5417479E+03   2.2430000E+03   1.4820000E+03   0.0000000E+00   0.0000000E+00
   1.5417554E+03   2.3010000E+03   1.4610000E+03   0.0000000E+00   0.0000000E+00
   1.5417630E+03   2.3170000E+03   1.4860000E+03   0.0000000E+00   0.0000000E+00
   1.5417705E+03   2.1470000E+03   1.3620000E+03   0.0000000E+00   0.0000000E+00
   1.5417780E+03   2.2770000E+03   1.4150000E+03   0.0000000E+00   0.0000000E+00
   1.5417855E+03   2.2610000E+03   1.4470000E+03   3.9812792E-04   6.2209207E-04
   1.5417931E+03   2.2980000E+03   1.4160000E+03   0.0000000E+00   0.0000000E+00
   1.5418006E+03   2.2630000E+03   1.4600000E+03   9.0464134E-05   1.4021941E-04
   1.5418081E+03   2.3010000E+03   1.4310000E+03   6.5959418E-05   1.0606053E-04
   1.5418157E+03   2.3620000E+03   1.4970000E+03   0.0000000E+00   0.0000000E+00
   1.5418232E+03   2.3150000E+03   1.4150000E+03   0.0000000E+00   0.0000000E+00
   1.5418307E+03   2.3380000E+03   1.4140000E+03   0.0000000E+00   0.0000000E+00
   1.5418382E+03   2.3520000E+03   1.4940000E+03   0.0000000E+00   0.0000000E+00
   1.5418458E+03   2.3670000E+03   1.5230000E+03   0.0000000E+00   0.0000000E+00
   1.5418533E+03   2.2990000E+03   1.4540000E+03   6.7387765E-05   1.0655053E-04
   1.5418608E+03   2.2010000E+03   1.4030000E+03   0.0000000E+00   0.0000000E+00
   1.5418684E+03   2.2280000E+03   1.4340000E+03   0.0000000E+00   0.0000000E+00
   1.5418759E+03   2.3160000E+03   1.4580000E+03   3.2253063E-04   5.1233260E-04
   1.5418834E+03   2.1980000E+03   1.3840000E+03   2.4634108E-05   3.9122666E-05
   1.5418909E+03   2.2710000E+03   1.4380000E+03   1.9802278E-04   3.1273278E-04
   1.5418985E+03   2.2710000E+03   1.3930000E+03   3.7353242E-04   0.0000000E+00
   1.5419060E+03   2.2750000E+03   1.4460000E+03   0.0000000E+00   0.0000000E+00
   1.5419135E+03   2.3340000E+03   1.4230000E+03   0.0000000E+00   0.0000000E+00
   1.5419211E+03   2.2840000E+03   1.4320000E+03   3.0068608E-04   4.7958589E-04
   1.5419286E+03   2.2900000E+03   1.4410000E+03   1.5539198E-04   2.4694493E-04
   1.5419361E+03   2.1950000E+03   1.3620000E+03   0.0000000E+00   0.0000000E+00
   1.5419436E+03   2.3180000E+03   1.4650000E+03   0.0000000E+00   0.0000000E+00
   1.5419512E+03   2.2730000E+03   1.4400000E+03   0.0000000E+00   0.0000000E+00
   1.5419587E+03   2.3120000E+03   1.4960000E+03   0.0000000E+00   0.0000000E+00
   1.5419662E+03   2.2630000E+03   1.4200000E+03   3.2720277E-04   5.2145061E-04
   1.5419738E+03   2.2550000E+03   1.4540000E+03   1.5726240E-04   1.8911781E-04
   1.5419813E+03   2.3270000E+03   1.4870000E+03   0.0000000E+00   0.0000000E+00
   1.5419888E+03   2.3640000E+03   1.5320000E+03   3.7029085E-04   5.7138876E-04
   1.5419963E+03   2.2290000E+03   1.4220000E+03   1.8782443E-04   2.9441677E-04
   1.5420039E+03   2.3100000E+03   1.4890000E+03   0.0000000E+00   0.0000000E+00
   1.5420114E+03   2.2970000E+03   1.4600000E+03   0.0000000E+00   0.0000000E+00
   1.5420189E+03   2.3190000E+03   1.4760000E+03   0.0000000E+00   0.0000000E+00
   1.5420264E+03   2.3030000E+03   1.4910000E+03   0.0000000E+00   0.0000000E+00
   1.5420340E+03   2.3730000E+03   1.4880000E+03   0.0000000E+00   0.0000000E+00
   1.5420415E+03   2.2550000E+03   1.4530000E+03   0.0000000E+00   0.0000000E+00
   1.5420490E+03   2.3260000E+03   1.5100000E+03   1.6152067E-04   2.4880602E-04
   1.5420566E+03   2.2470000E+03   1.4240000E+03   2.9525062E-04   4.6589056E-04
   1.5420641E+03   2.3010000E+03   1.4460000E+03   3.9757585E-04   6.3265701E-04
   1.5420716E+03   2.1860000E+03   1.3560000E+03   2.4400556E-04   3.9336000E-04
   1.5420791E+03   2.3270000E+03   1.4820000E+03   0.0000000E+00   0.0000000E+00
   1.5420867E+03   2.3230000E+03   1.4740000E+03   0.0000000E+00   0.0000000E+00
   1.5420942E+03   2.3550000E+03   1.4920000E+03   4.0303855E-04   6.3616339E-04
   1.5421017E+03   2.3820000E+03   1.5710000E+03   5.3428327E-05   8.1009723E-05
   1.5421093E+03   2.4090000E+03   1.5420000E+03   2.9419626E-04   4.5961012E-04
   1.5421168E+03   2.2830000E+03   1.4500000E+03   0.0000000E+00   0.0000000E+00
   1.5421243E+03   2.3550000E+03   1.5140000E+03   1.2703087E-04   2.7067332E-04
   1.5421318E+03   2.3470000E+03   1.4980000E+03   0.0000000E+00   0.0000000E+00
   1.5421394E+03   2.3000000E+03   1.4690000E+03   0.0000000E+00   0.0000000E+00
   1.5421469E+03   2.3690000E+03   1.4800000E+03   1.7822289E-04   2.8527704E-04
   1.5421544E+03   2.3580000E+03   1.5200000E+03   0.0000000E+00   0.0000000E+00
   1.5421620E+03   2.4180000E+03   1.5360000E+03   8.1309307E-05   1.2799864E-04
   1.5421695E+03   2.3150000E+03   1.4570000E+03   0.0000000E+00   0.0000000E+00
   1.5421770E+03   2.3410000E+03   1.5100000E+03   0.0000000E+00   0.0000000E+00
   1.5421845E+03   2.2920000E+03   1.4780000E+03   7.0426710E-05   1.0921381E-04
   1.5421921E+03   2.3800000E+03   1.5100000E+03   0.0000000E+00   0.0000000E+00
   1.5421996E+03   2.3560000E+03   1.4940000E+03   1.9179852E-04   3.0246139E-04
   1.5422071E+03   2.3500000E+03   1.4710000E+03   0.0000000E+00   0.0000000E+00
   1.5422147E+03   2.2970000E+03   1.4260000E+03   3.2815349E-04   0.0000000E+00
   1.5422222E+03   2.2780000E+03   1.4180000E+03   0.0000000E+00   0.0000000E+00
   1.5422297E+03   2.3480000E+03   1.5370000E+03   3.5570838E-04   5.4339836E-04
   1.5422372E+03   2.3750000E+03   1.5180000E+03   3.1130891E-04   4.8706105E-04
   1.5422448E+03   2.3720000E+03   1.5130000E+03   1.7222640E-04   2.7000729E-04
   1.5422523E+03   2.3740000E+03   1.4960000E+03   5.1321434E-04   6.2095930E-04
   1.5422598E+03   2.2800000E+03   1.4680000E+03   0.0000000E+00   0.0000000E+00
   1.5422674E+03   2.2400000E+03   1.4090000E+03   1.0233147E-04   1.6268453E-04
   1.5422749E+03   2.3760000E+03   1.5420000E+03   0.0000000E+00   0.0000000E+00
   1.5422824E+03   2.2240000E+03   1.4130000E+03   3.7183441E-04   6.7326571E-04
   1.5422899E+03   2.2990000E+03   1.4660000E+03   2.4780140E-04   3.8860534E-04
   1.5422975E+03   2.4270000E+03   1.5280000E+03   5.2786175E-04   8.3842963E-04
   1.5423050E+03   2.2840000E+03   1.4490000E+03   0.0000000E+00   0.0000000E+00
   1.5423125E+03   2.3310000E+03   1.5160000E+03   0.0000000E+00   0.0000000E+00
   1.5423201E+03   2.2510000E+03   1.4350000E+03   3.7563956E-05   5.8924366E-05
   1.5423276E+03   2.3520000E+03   1.4950000E+03   0.0000000E+00   0.0000000E+00
   1.5423351E+03   2.3170000E+03   1.4820000E+03   0.0000000E+00   0.0000000E+00
   1.5423426E+03   2.3960000E+03   1.4680000E+03   0.0000000E+00   0.0000000E+00
   1.5423502E+03   2.3890000E+03   1.5650000E+03   0.0000000E+00   0.0000000E+00
   1.5423577E+03   2.3840000E+03   1.5320000E+03   2.5747132E-05   4.0066034E-05
   1.5423652E+03   2.4390000E+03   1.5190000E+03   0.0000000E+00   0.0000000E+00
   1.5423728E+03   2.3440000E+03   1.4580000E+03   3.0187923E-04   4.8532574E-04
   1.5423803E+03   2.3920000E+03   1.5290000E+03   0.0000000E+00   0.0000000E+00
   1.5423878E+03   2.3170000E+03   1.4920000E+03   0.0000000E+00   0.0000000E+00
   1.5423953E+03   2.2800000E+03   1.4490000E+03   6.9078756E-05   1.0869535E-04
   1.5424029E+03   2.3930000E+03   1.5670000E+03   1.3920872E-04   2.1258869E-04
   1.5424104E+03   2.4090000E+03   1.5020000E+03   2.8552423E-04   4.5794133E-04
   1.5424179E+03   2.2600000E+03   1.4540000E+03   0.0000000E+00   0.0000000E+00
   1.5424255E+03   2.3330000E+03   1.5070000E+03   0.0000000E+00   0.0000000E+00
   1.5424330E+03   2.3690000E+03   1.5050000E+03   2.2706704E-04   0.0000000E+00
   1.5424405E+03   2.3250000E+03   1.5420000E+03   2.5546579E-05   0.0000000E+00
   1.5424480E+03   2.2810000E+03   1.4530000E+03   1.8882956E-04   2.9643511E-04
   1.5424556E+03   2.3980000E+03   1.5160000E+03   0.0000000E+00   0.0000000E+00
   1.5424631E+03   2.3800000E+03   1.4930000E+03   0.0000000E+00   0.0000000E+00
   1.5424706E+03   2.3270000E+03   1.4780000E+03   3.6040113E-04   5.6742451E-04
   1.5424781E+03   2.3360000E+03   1.5150000E+03   3.4118713E-04   5.2608128E-04
   1.5424857E+03   2.4080000E+03   1.5300000E+03   3.3965241E-04   6.2049580E-04
   1.5424932E+03   2.3540000E+03   1.5090000E+03   0.0000000E+00   0.0000000E+00
   1.5425007E+03   2.3810000E+03   1.4840000E+03   0.0000000E+00   0.0000000E+00
   1.5425083E+03   2.3300000E+03   1.4420000E+03   2.6263228E-04   0.0000000E+00
   1.5425158E+03   2.3790000E+03   1.5000000E+03   2.0173960E-04   3.1995901E-04
   1.5425233E+03   2.3690000E+03   1.4770000E+03   0.0000000E+00   0.0000000E+00
   1.5425308E+03   2.4250000E+03   1.5400000E+03   1.7479643E-04   2.7524763E-04
   1.5425384E+03   2.4020000E+03   1.5120000E+03   0.0000000E+00   0.0000000E+00
   1.5425459E+03   2.3640000E+03   1.5100000E+03   3.3837936E-04   0.0000000E+00
   1.5425534E+03   2.3340000E+03   1.4780000E+03   3.2837691E-04   5.1856002E-04
   1.5425610E+03   2.3580000E+03   1.4700000E+03   2.6065160E-04   4.1810644E-04
   1.5425685E+03   2.3920000E+03   1.5130000E+03   0.0000000E+00   0.0000000E+00
   1.5425760E+03   2.3500000E+03   1.4670000E+03   1.1824790E-04   1.8942234E-04
   1.5425835E+03   2.4120000E+03   1.5560000E+03   3.7533881E-04   5.8182339E-04
   1.5425911E+03   2.3940000E+03   1.5090000E+03   2.6826430E-04   4.2559624E-04
   1.5425986E+03   2.3010000E+03   1.4850000E+03   7.4053105E-05   1.1474491E-04
   1.5426061E+03   2.4900000E+03   1.5840000E+03   0.0000000E+00   0.0000000E+00
   1.5426137E+03   2.4010000E+03   1.5110000E+03   0.0000000E+00   0.0000000E+00
   1.5426212E+03   2.4040000E+03   1.5310000E+03   2.6462130E-05   4.1551249E-05
   1.5426287E+03   2.4480000E+03   1.5840000E+03   0.0000000E+00   0.0000000E+00
   1.5426362E+03   2.4210000E+03   1.5280000E+03   1.7353892E-04   2.7495924E-04
   1.5426438E+03   2.3870000E+03   1.4880000E+03   0.0000000E+00   0.0000000E+00
   1.5426513E+03   2.4050000E+03   1.5390000E+03   2.2040960E-04   3.4443475E-04
   1.5426588E+03   2.3210000E+03   1.5090000E+03   1.1866471E-04   1.8251874E-04
   1.5426664E+03   2.4250000E+03   1.5760000E+03   3.5726765E-04   5.4972973E-04
   1.5426739E+03   2.3810000E+03   1.5400000E+03   0.0000000E+00   0.0000000E+00
   1.5426814E+03   2.3530000E+03   1.5350000E+03   5.7446597E-05   8.8059832E-05
   1.5426889E+03   2.3960000E+03   1.5100000E+03   0.0000000E+00   0.0000000E+00
   1.5426965E+03   2.3930000E+03   1.5390000E+03   7.0298718E-05   1.0930788E-04
   1.5427040E+03   2.3460000E+03   1.4830000E+03   0.0000000E+00   0.0000000E+00
   1.5427115E+03   2.3480000E+03   1.4590000E+03   0.0000000E+00   0.0000000E+00
   1.5427191E+03   2.4230000E+03   1.5600000E+03   4.7340557E-05   7.3529595E-05
   1.5427266E+03   2.3740000E+03   1.5060000E+03   3.5229401E-04   4.4698144E-04
   1.5427341E+03   2.4020000E+03   1.5080000E+03   0.0000000E+00   0.0000000E+00
   1.5427416E+03   2.4480000E+03   1.5430000E+03   5.5590544E-04   8.5974392E-04
   1.5427492E+03   2.3500000E+03   1.4970000E+03   2.2622381E-04   3.7541186E-04
   1.5427567E+03   2.4820000E+03   1.5940000E+03   1.5363155E-04   2.3921801E-04
   1.5427642E+03   2.5520000E+03   1.6210000E+03   0.0000000E+00   0.0000000E+00
   1.5427718E+03   2.5080000E+03   1.5700000E+03   3.1785224E-04   5.0775377E-04
   1.5427793E+03   2.3300000E+03   1.4900000E+03   0.0000000E+00   0.0000000E+00
   1.5427868E+03   2.4730000E+03   1.5620000E+03   0.0000000E+00   0.0000000E+00
   1.5427943E+03   2.5060000E+03   1.5980000E+03   1.2175720E-04   1.9094088E-04
   1.5428019E+03   2.3990000E+03   1.4950000E+03   3.3311650E-04   5.3454614E-04
   1.5428094E+03   2.4500000E+03   1.5790000E+03   7.9721424E-05   0.0000000E+00
   1.5428169E+03   2.4500000E+03   1.5250000E+03   0.0000000E+00   0.0000000E+00
   1.5428245E+03   2.3900000E+03   1.4960000E+03   2.8458316E-04   5.9236869E-04
   1.5428320E+03   2.3620000E+03   1.4900000E+03   2.0141351E-04   3.1928772E-04
   1.5428395E+03   2.4820000E+03   1.6080000E+03   3.0237454E-04   4.6672488E-04
   1.5428470E+03   2.3750000E+03   1.5180000E+03   0.0000000E+00   0.0000000E+00
   1.5428546E+03   2.3740000E+03   1.5490000E+03   2.6558652E-04   4.0703834E-04
   1.5428621E+03   2.3700000E+03   1.4980000E+03   1.8969204E-05   3.0011358E-05
   1.5428696E+03   2.4430000E+03   1.5460000E+03   2.7348757E-04   4.3216696E-04
   1.5428772E+03   2.3680000E+03   1.5110000E+03   0.0000000E+00   0.0000000E+00
   1.5428847E+03   2.5310000E+03   1.6270000E+03   0.0000000E+00   0.0000000E+00
   1.5428922E+03   2.4030000E+03   1.5770000E+03   3.7564176E-04   5.7239516E-04
   1.5428997E+03   2.3970000E+03   1.5030000E+03   2.5561417E-04   4.0765614E-04
   1.5429073E+03   2.4330000E+03   1.5940000E+03   0.0000000E+00   0.0000000E+00
   1.5429148E+03   2.4450000E+03   1.5570000E+03   2.0034796E-04   7.6475430E-04
   1.5429223E+03   2.4020000E+03   1.5270000E+03   0.0000000E+00   0.0000000E+00
   1.5429298E+03   2.5530000E+03   1.6440000E+03   0.0000000E+00   0.0000000E+00
   1.5429374E+03   2.3890000E+03   1.5110000E+03   5.0353334E-04   7.9612253E-04
   1.5429449E+03   2.4710000E+03   1.5420000E+03   1.9384206E-04   3.1062499E-04
   1.5429524E+03   2.4210000E+03   1.5020000E+03   0.0000000E+00   0.0000000E+00
   1.5429600E+03   2.3270000E+03   1.4750000E+03   4.3084905E-04   3.1065940E-04
   1.5429675E+03   2.3410000E+03   1.4520000E+03   4.3320875E-04   6.9844469E-04
   1.5429750E+03   2.4030000E+03   1.5500000E+03   1.4469782E-04   2.2432830E-04
   1.5429825E+03   2.4590000E+03   1.5340000E+03   2.1478253E-04   3.4429611E-04
   1.5429901E+03   2.4510000E+03   1.5490000E+03   0.0000000E+00   0.0000000E+00
   1.5429976E+03   2.4450000E+03   1.5840000E+03   5.8064694E-05   8.9626374E-05
   1.5430051E+03   2.4380000E+03   1.5230000E+03   3.5090731E-04   5.6172818E-04
   1.5430127E+03   2.4510000E+03   1.5280000E+03   2.5270842E-04   4.0535886E-04
   1.5430202E+03   2.4800000E+03   1.5440000E+03   2.8006704E-04   2.6422178E-04
   1.5430277E+03   2.4240000E+03   1.5530000E+03   4.9337844E-04   7.7008972E-04
   1.5430352E+03   2.4110000E+03   1.5440000E+03   2.4225461E-04   3.7828748E-04
   1.5430428E+03   2.4330000E+03   1.5450000E+03   0.0000000E+00   0.0000000E+00
   1.5430503E+03   2.4850000E+03   1.5580000E+03   0.0000000E+00   0.0000000E+00
   1.5430578E+03   2.4680000E+03   1.5400000E+03   3.7543135E-04   6.0166530E-04
   1.5430654E+03   2.4950000E+03   1.5550000E+03   4.7436441E-04   7.6111845E-04
   1.5430729E+03   2.3890000E+03   1.4980000E+03   6.4926492E-04   1.2089733E-03
   1.5430804E+03   2.5050000E+03   1.5970000E+03   0.0000000E+00   0.0000000E+00
   1.5430879E+03   2.4790000E+03   1.6120000E+03   0.0000000E+00   0.0000000E+00
   1.5430955E+03   2.5540000E+03   1.5620000E+03   5.3356113E-04   8.7241686E-04
   1.5431030E+03   2.3290000E+03   1.5020000E+03   1.1040217E-04   0.0000000E+00
   1.5431105E+03   2.4730000E+03   1.5480000E+03   9.1440914E-05   0.0000000E+00
   1.5431181E+03   2.4120000E+03   1.5080000E+03   0.0000000E+00   0.0000000E+00
   1.5431256E+03   2.4710000E+03   1.5830000E+03   0.0000000E+00   0.0000000E+00
   1.5431331E+03   2.5070000E+03   1.6130000E+03   3.0078369E-04   4.6749207E-04
   1.5431406E+03   2.4290000E+03   1.5360000E+03   7.4284906E-04   1.1747268E-03
   1.5431482E+03   2.5620000E+03   1.6340000E+03   1.4365403E-04   2.2523968E-04
   1.5431557E+03   2.4310000E+03   1.5490000E+03   8.4752043E-05   1.3300982E-04
   1.5431632E+03   2.4700000E+03   1.6020000E+03   2.7795693E-04   4.2856030E-04
   1.5431708E+03   2.4630000E+03   1.5480000E+03   1.6968744E-05   2.6998718E-05
   1.5431783E+03   2.5000000E+03   1.6500000E+03   3.7199933E-04   5.6983259E-04
   1.5431858E+03   2.4190000E+03   1.5280000E+03   0.0000000E+00   0.0000000E+00
   1.5431933E+03   2.3950000E+03   1.5190000E+03   2.5473843E-04   4.0164486E-04
   1.5432009E+03   2.5180000E+03   1.6340000E+03   0.0000000E+00   0.0000000E+00
   1.5432084E+03   2.4880000E+03   1.6170000E+03   0.0000000E+00   0.0000000E+00
   1.5432159E+03   2.4860000E+03   1.6170000E+03   2.9923731E-04   4.6005192E-04
   1.5432235E+03   2.4670000E+03   1.5710000E+03   2.5941467E-04   4.0736855E-04
   1.5432310E+03   2.4360000E+03   1.5620000E+03   3.8106035E-04   5.9427849E-04
   1.5432385E+03   2.4560000E+03   1.5400000E+03   0.0000000E+00   0.0000000E+00
   1.5432460E+03   2.4950000E+03   1.5900000E+03   3.7498282E-04   5.8841643E-04
   1.5432536E+03   2.4590000E+03   1.5840000E+03   4.1607051E-04   6.4590744E-04
   1.5432611E+03   2.4240000E+03   1.5260000E+03   1.3526666E-04   2.1486657E-04
   1.5432686E+03   2.4610000E+03   1.5600000E+03   3.6010391E-04   5.6808700E-04
   1.5432762E+03   2.5310000E+03   1.6100000E+03   2.6777963E-04   4.6495079E-04
   1.5432837E+03   2.3780000E+03   1.5580000E+03   9.9522233E-05   0.0000000E+00
   1.5432912E+03   2.4810000E+03   1.5740000E+03   2.8764355E-04   4.5339495E-04
   1.5432987E+03   2.4860000E+03   1.5810000E+03   2.8391089E-05   4.4642788E-05
   1.5433063E+03   2.4080000E+03   1.5130000E+03   1.0565655E-04   0.0000000E+00
   1.5433138E+03   2.4900000E+03   1.5790000E+03   1.5490599E-05   0.0000000E+00
   1.5433213E+03   2.4270000E+03   1.5480000E+03   3.5103688E-04   5.5036596E-04
   1.5433289E+03   2.4710000E+03   1.5820000E+03   0.0000000E+00   0.0000000E+00
   1.5433364E+03   2.5050000E+03   1.5940000E+03   3.5276872E-04   5.5438247E-04
   1.5433439E+03   2.4710000E+03   1.5490000E+03   8.7284843E-05   1.5549842E-04
   1.5433514E+03   2.5090000E+03   1.5910000E+03   2.3910920E-04   3.7707415E-04
   1.5433590E+03   2.4850000E+03   1.6310000E+03   7.6401224E-06   0.0000000E+00
   1.5433665E+03   2.4730000E+03   1.5500000E+03   0.0000000E+00   0.0000000E+00
   1.5433740E+03   2.4210000E+03   1.5450000E+03   0.0000000E+00   0.0000000E+00
   1.5433815E+03   2.6210000E+03   1.6790000E+03   3.5134485E-04   5.4846625E-04
   1.5433891E+03   2.4830000E+03   1.5780000E+03   6.1392236E-04   9.6601345E-04
   1.5433966E+03   2.5360000E+03   1.5870000E+03   0.0000000E+00   0.0000000E+00
   1.5434041E+03   2.4900000E+03   1.5920000E+03   1.1880968E-05   1.8582669E-05
   1.5434117E+03   2.5900000E+03   1.6400000E+03   2.2705377E-04   3.5857882E-04
   1.5434192E+03   2.5250000E+03   1.6070000E+03   1.8538453E-04   2.9128559E-04
   1.5434267E+03   2.5000000E+03   1.5900000E+03   1.1405084E-03   1.7932522E-03
   1.5434342E+03   2.4230000E+03   1.5370000E+03   1.4381872E-04   2.2672268E-04
   1.5434418E+03   2.4770000E+03   1.5730000E+03   3.6634581E-04   5.7688402E-04
   1.5434493E+03   2.4110000E+03   1.5220000E+03   0.0000000E+00   0.0000000E+00
   1.5434568E+03   2.4480000E+03   1.5870000E+03   5.6020120E-04   8.6412888E-04
   1.5434644E+03   2.5630000E+03   1.6570000E+03   1.0008691E-04   1.5481155E-04
   1.5434719E+03   2.4980000E+03   1.5690000E+03   3.6378378E-04   5.7917902E-04
   1.5434794E+03   2.5960000E+03   1.6800000E+03   9.9254194E-05   1.5337136E-04
   1.5434869E+03   2.4810000E+03   1.6160000E+03   0.0000000E+00   0.0000000E+00
   1.5434945E+03   2.4860000E+03   1.5870000E+03   1.6440386E-04   2.5753498E-04
   1.5435020E+03   2.5010000E+03   1.6410000E+03   6.7780002E-05   1.0330151E-04
   1.5435095E+03   2.4490000E+03   1.5740000E+03   1.9996842E-05   0.0000000E+00
   1.5435171E+03   2.4810000E+03   1.5920000E+03   3.2121527E-04   5.0058736E-04
   1.5435246E+03   2.4260000E+03   1.5180000E+03   0.0000000E+00   0.0000000E+00
   1.5435321E+03   2.5260000E+03   1.6120000E+03   0.0000000E+00   0.0000000E+00
   1.5435396E+03   2.4700000E+03   1.5700000E+03   0.0000000E+00   0.0000000E+00
   1.5435472E+03   2.4930000E+03   1.5500000E+03   1.7537080E-04   2.8206414E-04
   1.5435547E+03   2.5310000E+03   1.6170000E+03   3.6866024E-04   5.7704333E-04
   1.5435622E+03   2.5550000E+03   1.5920000E+03   1.0656113E-04   1.7101990E-04
   1.5435698E+03   2.4420000E+03   1.5490000E+03   1.9328326E-04   3.0471124E-04
   1.5435773E+03   2.5410000E+03   1.6090000E+03   3.4932872E-04   5.5167451E-04
   1.5435848E+03   2.4930000E+03   1.5750000E+03   2.4349311E-04   3.8541481E-04
   1.5435923E+03   2.5290000E+03   1.5760000E+03   3.7788760E-04   6.0639451E-04
   1.5435999E+03   2.6320000E+03   1.6370000E+03   3.7054686E-04   5.9577236E-04
   1.5436074E+03   2.5480000E+03   1.6070000E+03   0.0000000E+00   0.0000000E+00
   1.5436149E+03   2.6080000E+03   1.6620000E+03   2.1280841E-04   3.3393763E-04
   1.5436225E+03   2.5170000E+03   1.6500000E+03   1.8489213E-04   2.8204455E-04
   1.5436300E+03   2.5200000E+03   1.6290000E+03   1.3039396E-04   2.0171442E-04
   1.5436375E+03   2.4430000E+03   1.5250000E+03   2.5358140E-04   4.0622908E-04
   1.5436450E+03   2.5370000E+03   1.6350000E+03   6.0640595E-04   9.0304174E-04
   1.5436526E+03   2.5530000E+03   1.6040000E+03   3.4925053E-04   5.5588317E-04
   1.5436601E+03   2.5270000E+03   1.6080000E+03   1.8763155E-04   3.0479346E-04
   1.5436676E+03   2.5150000E+03   1.6240000E+03   3.6997039E-04   5.7295291E-04
   1.5436752E+03   2.4630000E+03   1.5340000E+03   3.7912514E-04   7.0929775E-04
   1.5436827E+03   2.4610000E+03   1.6020000E+03   0.0000000E+00   0.0000000E+00
   1.5436902E+03   2.5160000E+03   1.5960000E+03   9.6608253E-07   1.5229722E-06
   1.5436977E+03   2.4850000E+03   1.5730000E+03   1.2649456E-04   0.0000000E+00
   1.5437053E+03   2.4640000E+03   1.5540000E+03   4.0808080E-04   6.4704703E-04
   1.5437128E+03   2.5520000E+03   1.5590000E+03   7.0949457E-05   1.1614048E-04
   1.5437203E+03   2.4940000E+03   1.5680000E+03   7.3859323E-05   1.1747778E-04
   1.5437279E+03   2.6230000E+03   1.6960000E+03   0.0000000E+00   0.0000000E+00
   1.5437354E+03   2.5000000E+03   1.6070000E+03   0.0000000E+00   0.0000000E+00
   1.5437429E+03   2.5220000E+03   1.6230000E+03   2.7620077E-04   4.2919183E-04
   1.5437504E+03   2.5110000E+03   1.5710000E+03   2.5849074E-05   4.1315737E-05
   1.5437580E+03   2.5110000E+03   1.5670000E+03   3.3217087E-04   5.3227892E-04
   1.5437655E+03   2.5720000E+03   1.6380000E+03   0.0000000E+00   0.0000000E+00
   1.5437730E+03   2.5480000E+03   1.6340000E+03   0.0000000E+00   0.0000000E+00
   1.5437806E+03   2.5360000E+03   1.5730000E+03   3.5717093E-04   5.7583311E-04
   1.5437881E+03   2.4700000E+03   1.6020000E+03   2.2212743E-04   3.5049742E-04
   1.5437956E+03   2.5760000E+03   1.6380000E+03   7.5515514E-04   1.1875944E-03
   1.5438031E+03   2.5790000E+03   1.6560000E+03   4.3172003E-04   6.7234659E-04
   1.5438107E+03   2.5700000E+03   1.6620000E+03   0.0000000E+00   0.0000000E+00
   1.5438182E+03   2.6480000E+03   1.6580000E+03   0.0000000E+00   0.0000000E+00
   1.5438257E+03   2.4440000E+03   1.5570000E+03   1.1076234E-04   8.3869927E-05
   1.5438332E+03   2.5500000E+03   1.6540000E+03   1.6916798E-05   2.6080916E-05
   1.5438408E+03   2.5190000E+03   1.5900000E+03   0.0000000E+00   0.0000000E+00
   1.5438483E+03   2.5760000E+03   1.6140000E+03   2.6030298E-04   0.0000000E+00
   1.5438558E+03   2.5590000E+03   1.6370000E+03   2.7490445E-05   4.2973763E-05
   1.5438634E+03   2.4990000E+03   1.5830000E+03   0.0000000E+00   0.0000000E+00
   1.5438709E+03   2.4960000E+03   1.5700000E+03   1.6937774E-05   2.2477655E-05
   1.5438784E+03   2.4900000E+03   1.5830000E+03   1.1339477E-04   1.7836575E-04
   1.5438859E+03   2.5370000E+03   1.6300000E+03   8.1302366E-04   1.0262700E-03
   1.5438935E+03   2.5340000E+03   1.6120000E+03   0.0000000E+00   0.0000000E+00
   1.5439010E+03   2.5640000E+03   1.6280000E+03   1.0352473E-04   1.6304510E-04
   1.5439085E+03   2.6010000E+03   1.6450000E+03   3.4045041E-04   2.5602743E-04
   1.5439161E+03   2.4930000E+03   1.5680000E+03   2.2864080E-04   5.1687124E-04
   1.5439236E+03   2.6100000E+03   1.6810000E+03   3.0936230E-04   4.8033051E-04
   1.5439311E+03   2.5190000E+03   1.5930000E+03   3.4931372E-04   5.5112490E-04
   1.5439386E+03   2.5370000E+03   1.5880000E+03   0.0000000E+00   0.0000000E+00
   1.5439462E+03   2.6150000E+03   1.6800000E+03   2.3889022E-04   3.7184400E-04
   1.5439537E+03   2.4840000E+03   1.5510000E+03   5.0677089E-04   0.0000000E+00
   1.5439612E+03   2.5700000E+03   1.6210000E+03   1.5268418E-04   2.4207178E-04
   1.5439688E+03   2.5720000E+03   1.6300000E+03   1.2207928E-04   1.9263062E-04
   1.5439763E+03   2.5140000E+03   1.5720000E+03   0.0000000E+00   0.0000000E+00
   1.5439838E+03   2.5950000E+03   1.6140000E+03   4.3554556E-04   7.0027307E-04
   1.5439913E+03   2.5760000E+03   1.6950000E+03   3.1950925E-04   4.8557866E-04
   1.5439989E+03   2.5840000E+03   1.6390000E+03   5.7686369E-04   9.0946661E-04
   1.5440064E+03   2.5690000E+03   1.5760000E+03   3.7379037E-06   6.0930677E-06
   1.5440139E+03   2.6620000E+03   1.6830000E+03   0.0000000E+00   0.0000000E+00
   1.5440215E+03   2.5340000E+03   1.6610000E+03   1.9573587E-04   2.9861210E-04
   1.5440290E+03   2.6000000E+03   1.6570000E+03   0.0000000E+00   0.0000000E+00
   1.5440365E+03   2.5690000E+03   1.6580000E+03   1.9269195E-04   0.0000000E+00
   1.5440440E+03   2.6090000E+03   1.6640000E+03   2.7993232E-04   0.0000000E+00
   1.5440516E+03   2.4880000E+03   1.5960000E+03   5.6985113E-04   8.6193720E-04
   1.5440591E+03   2.5770000E+03   1.6590000E+03   0.0000000E+00   0.0000000E+00
   1.5440666E+03   2.6140000E+03   1.6160000E+03   1.0045682E-04   5.6106339E-04
   1.5440742E+03   2.5740000E+03   1.6570000E+03   0.0000000E+00   0.0000000E+00
   1.5440817E+03   2.6370000E+03   1.6550000E+03   0.0000000E+00   0.0000000E+00
   1.5440892E+03   2.5660000E+03   1.5850000E+03   5.1599849E-04   7.4630009E-04
   1.5440967E+03   2.6050000E+03   1.6660000E+03   5.4845478E-05   0.0000000E+00
   1.5441043E+03   2.5210000E+03   1.6250000E+03   2.7921634E-04   5.1342757E-04
   1.5441118E+03   2.6440000E+03   1.7040000E+03   0.0000000E+00   0.0000000E+00
   1.5441193E+03   2.5500000E+03   1.6110000E+03   1.4807796E-04   2.3438783E-04
   1.5441269E+03   2.5940000E+03   1.6100000E+03   2.9647556E-04   4.7767553E-04
   1.5441344E+03   2.6230000E+03   1.7010000E+03   0.0000000E+00   0.0000000E+00
   1.5441419E+03   2.4700000E+03   1.5800000E+03   2.8330007E-05   4.4288048E-05
   1.5441494E+03   2.5770000E+03   1.6520000E+03   2.9079081E-04   2.5046316E-04
   1.5441570E+03   2.5440000E+03   1.6040000E+03   5.2141509E-04   1.7060348E-04
   1.5441645E+03   2.5490000E+03   1.6030000E+03   4.0391133E-05   0.0000000E+00
   1.5441720E+03   2.5450000E+03   1.6000000E+03   2.2321147E-04   3.5504575E-04
   1.5441796E+03   2.5960000E+03   1.6880000E+03   1.7743274E-04   2.7287642E-04
   1.5441871E+03   2.5830000E+03   1.6310000E+03   2.4839318E-04   3.9337804E-04
   1.5441946E+03   2.6470000E+03   1.6410000E+03   3.0669375E-04   4.9470954E-04
   1.5442021E+03   2.5260000E+03   1.5900000E+03   1.8855434E-04   3.0419856E-04
   1.5442097E+03   2.5580000E+03   1.6090000E+03   3.6263748E-04   5.7652373E-04
   1.5442172E+03   2.5940000E+03   1.6600000E+03   6.0031088E-05   9.3807616E-05
   1.5442247E+03   2.5940000E+03   1.6060000E+03   5.6578953E-05   9.1385931E-05
   1.5442323E+03   2.5210000E+03   1.6150000E+03   8.6368992E-06   0.0000000E+00
   1.5442398E+03   2.5860000E+03   1.6740000E+03   1.1499029E-04   6.9185163E-05
   1.5442473E+03   2.6270000E+03   1.6370000E+03   2.7624063E-05   4.4330125E-05
   1.5442548E+03   2.6600000E+03   1.6930000E+03   4.4537585E-04   6.9976359E-04
   1.5442624E+03   2.5380000E+03   1.5900000E+03   0.0000000E+00   0.0000000E+00
   1.5442699E+03   2.5710000E+03   1.6260000E+03   2.2859670E-04   3.6145272E-04
   1.5442774E+03   2.5740000E+03   1.5940000E+03   6.1519218E-04   9.9341573E-04
   1.5442849E+03   2.5270000E+03   1.6310000E+03   2.3089203E-04   3.5773401E-04
   1.5442925E+03   2.5370000E+03   1.6140000E+03   2.2735863E-04   3.5737847E-04
   1.5443000E+03   2.6420000E+03   1.6830000E+03   1.1922643E-04   1.8716354E-04
   1.5443075E+03   2.5190000E+03   1.5470000E+03   3.1006880E-04   5.0488902E-04
   1.5443151E+03   2.6310000E+03   1.6310000E+03   2.6566036E-04   5.1061858E-04
   1.5443226E+03   2.6690000E+03   1.7200000E+03   4.9895591E-04   7.7425193E-04
   1.5443301E+03   2.5460000E+03   1.6480000E+03   0.0000000E+00   0.0000000E+00
   1.5443376E+03   2.6390000E+03   1.7100000E+03   2.8040740E-04   4.3274569E-04
   1.5443452E+03   2.6280000E+03   1.6580000E+03   5.5667827E-04   8.8235856E-04
   1.5443527E+03   2.6070000E+03   1.6610000E+03   2.5147017E-04   3.9469160E-04
   1.5443602E+03   2.6640000E+03   1.7270000E+03   8.8240533E-05   1.3611626E-04
   1.5443678E+03   2.5660000E+03   1.6120000E+03   1.4387053E-05   0.0000000E+00
   1.5443753E+03   2.6970000E+03   1.7400000E+03   1.9907624E-04   2.3347187E-04
   1.5443828E+03   2.6100000E+03   1.6740000E+03   3.8879229E-04   6.0618153E-04
   1.5443903E+03   2.6190000E+03   1.6670000E+03   2.7952340E-04   4.3915524E-04
   1.5443979E+03   2.6130000E+03   1.6630000E+03   2.0732541E-04   3.2576145E-04
   1.5444054E+03   2.6560000E+03   1.7010000E+03   4.5771857E-05   7.1469755E-05
   1.5444129E+03   2.6780000E+03   1.7320000E+03   3.7894317E-04   5.8591790E-04
   1.5444205E+03   2.6110000E+03   1.6390000E+03   6.0118504E-04   8.4176614E-04
   1.5444280E+03   2.5810000E+03   1.6020000E+03   3.3864862E-04   5.4560056E-04
   1.5444355E+03   2.5920000E+03   1.6360000E+03   1.1928822E-04   4.8288863E-04
   1.5444430E+03   2.6390000E+03   1.6800000E+03   2.9347358E-04   4.6099808E-04
   1.5444506E+03   2.5540000E+03   1.6240000E+03   3.1935867E-05   0.0000000E+00
   1.5444581E+03   2.5900000E+03   1.6480000E+03   3.9441195E-04   4.7318073E-04
   1.5444656E+03   2.5760000E+03   1.6460000E+03   4.7433684E-04   7.4234004E-04
   1.5444732E+03   2.6300000E+03   1.7040000E+03   1.2833750E-04   2.5940168E-05
   1.5444807E+03   2.5130000E+03   1.5930000E+03   4.7500390E-04   7.4933132E-04
   1.5444882E+03   2.6210000E+03   1.7160000E+03   0.0000000E+00   0.0000000E+00
   1.5444957E+03   2.5800000E+03   1.6640000E+03   2.5155150E-04   3.9002577E-04
   1.5445033E+03   2.5440000E+03   1.6290000E+03   7.0175556E-05   1.0959277E-04
   1.5445108E+03   2.5530000E+03   1.5800000E+03   1.4748167E-04   2.2996702E-04
   1.5445183E+03   2.6370000E+03   1.6750000E+03   3.1122141E-04   4.8996470E-04
   1.5445259E+03   2.6700000E+03   1.6910000E+03   1.3208209E-04   1.2468957E-04
   1.5445334E+03   2.5620000E+03   1.6460000E+03   6.2587417E-06   3.6781619E-06
   1.5445409E+03   2.6480000E+03   1.6600000E+03   0.0000000E+00   0.0000000E+00
   1.5445484E+03   2.6470000E+03   1.6870000E+03   5.8373563E-04   4.4341916E-04
   1.5445560E+03   2.6370000E+03   1.6860000E+03   5.2374266E-04   8.1916334E-04
   1.5445635E+03   2.6980000E+03   1.6860000E+03   0.0000000E+00   0.0000000E+00
   1.5445710E+03   2.6510000E+03   1.6490000E+03   3.0596741E-04   4.7121815E-04
   1.5445786E+03   2.5070000E+03   1.6140000E+03   1.7751927E-04   0.0000000E+00
   1.5445861E+03   2.6410000E+03   1.6650000E+03   3.9941168E-05   6.3354130E-05
   1.5445936E+03   2.7330000E+03   1.7250000E+03   4.7234688E-04   7.4836176E-04
   1.5446011E+03   2.6410000E+03   1.6880000E+03   1.6662385E-04   2.6069525E-04
   1.5446087E+03   2.5750000E+03   1.6690000E+03   1.2205255E-04   1.5911034E-04
   1.5446162E+03   2.6420000E+03   1.6540000E+03   2.0481480E-04   3.2715883E-04
   1.5446237E+03   2.6940000E+03   1.7380000E+03   3.2463457E-04   5.0320227E-04
   1.5446313E+03   2.6310000E+03   1.6590000E+03   3.9176187E-04   6.3144435E-04
   1.5446388E+03   2.5860000E+03   1.6260000E+03   2.2697872E-04   2.4923119E-04
   1.5446463E+03   2.6700000E+03   1.6690000E+03   0.0000000E+00   0.0000000E+00
   1.5446538E+03   2.6340000E+03   1.6820000E+03   1.7610194E-04   2.7577438E-04
   1.5446614E+03   2.7490000E+03   1.6700000E+03   5.8379427E-04   9.7338667E-04
   1.5446689E+03   2.6140000E+03   1.6480000E+03   2.8196432E-04   4.4724195E-04
   1.5446764E+03   2.6030000E+03   1.6720000E+03   7.4415127E-05   1.1585082E-04
   1.5446840E+03   2.6270000E+03   1.6940000E+03   1.1402100E-04   1.7682005E-04
   1.5446915E+03   2.7830000E+03   1.7960000E+03   1.7638303E-04   2.7331513E-04
   1.5446990E+03   2.6730000E+03   1.7090000E+03   1.8715775E-04   2.9272831E-04
   1.5447065E+03   2.6060000E+03   1.6800000E+03   2.6527773E-04   4.1149628E-04
   1.5447141E+03   2.6440000E+03   1.7470000E+03   4.0557474E-04   3.9602234E-04
   1.5447216E+03   2.6750000E+03   1.6750000E+03   1.5256904E-05   2.4365504E-05
   1.5447291E+03   2.6950000E+03   1.6920000E+03   5.1383689E-04   4.9391675E-04
   1.5447366E+03   2.6010000E+03   1.6380000E+03   4.1959058E-04   6.6627295E-04
   1.5447442E+03   2.6770000E+03   1.7270000E+03   0.0000000E+00   0.0000000E+00
   1.5447517E+03   2.6400000E+03   1.6800000E+03   2.2461042E-04   3.5295924E-04
   1.5447592E+03   2.6410000E+03   1.6730000E+03   2.2047561E-04   3.4804308E-04
   1.5447668E+03   2.6740000E+03   1.6540000E+03   9.5359598E-05   1.5416661E-04
   1.5447743E+03   2.7030000E+03   1.7230000E+03   3.8997294E-04   6.1177996E-04
   1.5447818E+03   2.7930000E+03   1.7580000E+03   4.4816965E-05   0.0000000E+00
   1.5447893E+03   2.7030000E+03   1.6940000E+03   1.5279435E-04   2.4380350E-04
   1.5447969E+03   2.6640000E+03   1.6800000E+03   5.4323104E-04   8.6140923E-04
   1.5448044E+03   2.6790000E+03   1.7330000E+03   2.7827632E-04   4.3018018E-04
   1.5448119E+03   2.6140000E+03   1.7030000E+03   3.3662329E-04   5.1669600E-04
   1.5448195E+03   2.6950000E+03   1.7140000E+03   1.5628614E-04   2.4468386E-04
   1.5448270E+03   2.6880000E+03   1.7320000E+03   3.1344903E-04   4.8646131E-04
   1.5448345E+03   2.6420000E+03   1.6720000E+03   6.1435958E-05   7.6321120E-05
   1.5448420E+03   2.6540000E+03   1.7070000E+03   3.5376897E-04   4.3377566E-04
   1.5448496E+03   2.6050000E+03   1.6750000E+03   3.2212960E-04   5.0098364E-04
   1.5448571E+03   2.6290000E+03   1.6720000E+03   9.5599103E-05   1.5031701E-04
   1.5448646E+03   2.7950000E+03   1.7930000E+03   2.0025359E-04   3.1216329E-04
   1.5448722E+03   2.6280000E+03   1.6720000E+03   3.3029599E-04   5.1914944E-04
   1.5448797E+03   2.6100000E+03   1.6300000E+03   2.5760502E-04   4.1248411E-04
   1.5448872E+03   2.6540000E+03   1.6400000E+03   2.0417313E-04   3.3041189E-04
   1.5448947E+03   2.6970000E+03   1.7130000E+03   2.3548825E-04   4.1803242E-04
   1.5449023E+03   2.6280000E+03   1.6890000E+03   5.0886199E-04   3.8775393E-04
   1.5449098E+03   2.6190000E+03   1.6290000E+03   3.1423714E-04   5.0520999E-04
   1.5449173E+03   2.6020000E+03   1.6740000E+03   3.3329759E-04   4.1756091E-04
   1.5449249E+03   2.7180000E+03   1.7540000E+03   1.2382949E-04   0.0000000E+00
   1.5449324E+03   2.6980000E+03   1.7170000E+03   7.1910842E-04   1.1299677E-03
   1.5449399E+03   2.7590000E+03   1.7680000E+03   4.7492995E-04   7.4113786E-04
   1.5449474E+03   2.6740000E+03   1.6680000E+03   1.6525434E-05   0.0000000E+00
   1.5449550E+03   2.5850000E+03   1.6390000E+03   3.3540544E-04   4.8096912E-04
   1.5449625E+03   2.6840000E+03   1.7300000E+03   9.2516463E-05   1.4353421E-04
   1.5449700E+03   2.6420000E+03   1.6950000E+03   4.8075951E-04   7.4936084E-04
   1.5449776E+03   2.7230000E+03   1.7340000E+03   3.5019086E-04   5.4992487E-04
   1.5449851E+03   2.5990000E+03   1.6480000E+03   7.1475924E-04   1.1272204E-03
   1.5449926E+03   2.6690000E+03   1.7010000E+03   0.0000000E+00   0.0000000E+00
   1.5450001E+03   2.7230000E+03   1.7350000E+03   2.1152591E-04   2.8718088E-04
   1.5450077E+03   2.7080000E+03   1.6890000E+03   5.5758107E-04   5.6458465E-04
   1.5450152E+03   2.6430000E+03   1.6790000E+03   3.8606659E-04   6.0772722E-04
   1.5450227E+03   2.5580000E+03   1.6390000E+03   4.4374442E-04   7.3846829E-04
   1.5450303E+03   2.7940000E+03   1.7890000E+03   2.8732688E-04   6.1827513E-04
   1.5450378E+03   2.6540000E+03   1.6460000E+03   5.5370649E-04   8.9279284E-04
   1.5450453E+03   2.6610000E+03   1.6930000E+03   2.9711958E-04   4.6700248E-04
   1.5450528E+03   2.7310000E+03   1.7270000E+03   1.6551779E-04   2.6174238E-04
   1.5450604E+03   2.7300000E+03   1.7430000E+03   5.2612270E-04   8.2345856E-04
   1.5450679E+03   2.7170000E+03   1.6990000E+03   7.6982269E-05   1.2310820E-04
   1.5450754E+03   2.6920000E+03   1.6910000E+03   5.6874518E-04   8.9667925E-04
   1.5450830E+03   2.7040000E+03   1.7280000E+03   1.9538466E-04   3.5232815E-04
   1.5450905E+03   2.6150000E+03   1.6370000E+03   1.8191893E-04   2.9060354E-04
   1.5450980E+03   2.7490000E+03   1.7760000E+03   2.7054183E-04   2.7172223E-04
   1.5451055E+03   2.6260000E+03   1.6900000E+03   3.2186138E-04   5.0012307E-04
   1.5451131E+03   2.6430000E+03   1.6570000E+03   5.6298845E-04   8.9799546E-04
   1.5451206E+03   2.7260000E+03   1.7210000E+03   6.6339290E-04   8.5793100E-04
   1.5451281E+03   2.6570000E+03   1.6730000E+03   1.3637190E-04   2.1658108E-04
   1.5451357E+03   2.7420000E+03   1.6900000E+03   1.3103715E-04   2.1260584E-04
   1.5451432E+03   2.6510000E+03   1.6820000E+03   3.3522083E-04   7.9681076E-04
   1.5451507E+03   2.6710000E+03   1.7190000E+03   1.1972710E-04   1.8603321E-04
   1.5451582E+03   2.5880000E+03   1.6710000E+03   2.5470131E-05   3.9447455E-05
   1.5451658E+03   2.7100000E+03   1.7370000E+03   1.7405442E-04   2.7155295E-04
   1.5451733E+03   2.6260000E+03   1.6780000E+03   4.9081661E-05   7.6810753E-05
   1.5451808E+03   2.7400000E+03   1.7470000E+03   8.1929528E-04   1.2173088E-03
   1.5451883E+03   2.6780000E+03   1.7080000E+03   4.2456279E-04   7.3235972E-04
   1.5451959E+03   2.8210000E+03   1.8190000E+03   4.1657417E-04   3.5600094E-04
   1.5452034E+03   2.7050000E+03   1.7210000E+03   3.8496283E-04   5.1284700E-04
   1.5452109E+03   2.6020000E+03   1.6510000E+03   7.5663743E-05   1.1924716E-04
   1.5452185E+03   2.6860000E+03   1.6370000E+03   2.6815487E-04   4.3999022E-04
   1.5452260E+03   2.6990000E+03   1.7270000E+03   9.6862255E-05   0.0000000E+00
   1.5452335E+03   2.7440000E+03   1.7460000E+03   4.8205945E-04   7.5760087E-04
   1.5452410E+03   2.7280000E+03   1.7410000E+03   5.1119649E-04   8.0100174E-04
   1.5452486E+03   2.7300000E+03   1.7150000E+03   1.3359415E-04   1.7195987E-04
   1.5452561E+03   2.6040000E+03   1.6790000E+03   2.2665772E-04   3.5152871E-04
   1.5452636E+03   2.6630000E+03   1.6810000E+03   4.9534139E-04   7.8470799E-04
   1.5452712E+03   2.7130000E+03   1.7020000E+03   1.4010093E-04   2.2332186E-04
   1.5452787E+03   2.6730000E+03   1.6380000E+03   2.1353445E-04   3.4846006E-04
   1.5452862E+03   2.7510000E+03   1.6890000E+03   3.0676982E-04   4.3613262E-04
   1.5452937E+03   2.6960000E+03   1.6910000E+03   3.3436154E-04   5.3308025E-04
   1.5453013E+03   2.6960000E+03   1.7380000E+03   0.0000000E+00   0.0000000E+00
   1.5453088E+03   2.7900000E+03   1.7240000E+03   2.1434508E-04   3.4688097E-04
   1.5453163E+03   2.6840000E+03   1.6950000E+03   6.3465380E-05   1.0049621E-04
   1.5453239E+03   2.7130000E+03   1.7190000E+03   2.2856315E-04   3.6072823E-04
   1.5453314E+03   2.7130000E+03   1.7060000E+03   2.6577732E-04   4.2265760E-04
   1.5453389E+03   2.7320000E+03   1.7610000E+03   3.5942997E-04   5.5761651E-04
   1.5453464E+03   2.7480000E+03   1.7740000E+03   2.5527066E-04   9.3210455E-06
   1.5453540E+03   2.7270000E+03   1.7530000E+03   4.1036837E-04   5.5309609E-04
   1.5453615E+03   2.6900000E+03   1.6680000E+03   3.9849031E-04   4.5525309E-04
   1.5453690E+03   2.6980000E+03   1.7150000E+03   2.6087609E-04   6.5191321E-04
   1.5453766E+03   2.6980000E+03   1.6800000E+03   0.0000000E+00   0.0000000E+00
   1.5453841E+03   2.7300000E+03   1.7700000E+03   4.9294106E-04   7.6029892E-04
   1.5453916E+03   2.6680000E+03   1.6900000E+03   1.0336164E-04   2.8348726E-04
   1.5453991E+03   2.6340000E+03   1.6800000E+03   2.1565765E-04   2.5007479E-04
   1.5454067E+03   2.7290000E+03   1.7250000E+03   0.0000000E+00   0.0000000E+00
   1.5454142E+03   2.7310000E+03   1.7170000E+03   3.7714500E-04   5.9987361E-04
   1.5454217E+03   2.7110000E+03   1.7250000E+03   3.5005869E-04   5.6779185E-04
   1.5454293E+03   2.6440000E+03   1.7050000E+03   1.5168721E-04   2.3522639E-04
   1.5454368E+03   2.7460000E+03   1.7410000E+03   2.9007590E-04   3.9575275E-04
   1.5454443E+03   2.6750000E+03   1.6980000E+03   2.1410078E-05   2.8308744E-05
   1.5454518E+03   2.6910000E+03   1.7560000E+03   2.0914378E-04   0.0000000E+00
   1.5454594E+03   2.6650000E+03   1.7070000E+03   3.0262744E-04   4.7246757E-04
   1.5454669E+03   2.6860000E+03   1.7080000E+03   3.3971772E-04   5.3423993E-04
   1.5454744E+03   2.7960000E+03   1.7410000E+03   2.6387786E-04   4.2378087E-04
   1.5454820E+03   2.7920000E+03   1.7690000E+03   4.9830670E-04   8.0054921E-04
   1.5454895E+03   2.7620000E+03   1.7230000E+03   2.7247151E-04   4.5010718E-04
   1.5454970E+03   2.6770000E+03   1.6630000E+03   0.0000000E+00   0.0000000E+00
   1.5455045E+03   2.6990000E+03   1.7720000E+03   4.1218300E-05   6.2781147E-05
   1.5455121E+03   2.7020000E+03   1.7500000E+03   5.3801308E-04   8.1572124E-04
   1.5455196E+03   2.6150000E+03   1.6640000E+03   3.4707963E-04   2.5574079E-04
   1.5455271E+03   2.7450000E+03   1.7440000E+03   3.4783795E-04   5.4748577E-04
   1.5455347E+03   2.6550000E+03   1.6600000E+03   1.9526808E-04   3.1231130E-04
   1.5455422E+03   2.7460000E+03   1.7430000E+03   3.5779933E-04   2.1993564E-04
   1.5455497E+03   2.6990000E+03   1.7200000E+03   5.6182401E-04   5.5132574E-04
   1.5455572E+03   2.7710000E+03   1.7920000E+03   1.0393048E-04   1.6070946E-04
   1.5455648E+03   2.7280000E+03   1.7170000E+03   2.4665790E-04   3.9189443E-04
   1.5455723E+03   2.7570000E+03   1.7550000E+03   3.3519172E-04   5.2656614E-04
   1.5455798E+03   2.7030000E+03   1.7160000E+03   4.1944405E-04   6.6069770E-04
   1.5455874E+03   2.7160000E+03   1.7490000E+03   5.0998002E-04   7.6484189E-04
   1.5455949E+03   2.7290000E+03   1.7390000E+03   3.2614608E-04   1.7235843E-04
   1.5456024E+03   2.6960000E+03   1.7090000E+03   2.9060984E-04   4.5844595E-04
   1.5456099E+03   2.6360000E+03   1.7200000E+03   5.1653854E-04   8.9376437E-04
   1.5456175E+03   2.7280000E+03   1.7140000E+03   2.0349395E-04   3.1003080E-04
   1.5456250E+03   2.6410000E+03   1.6720000E+03   2.0762719E-04   1.1251852E-04
   1.5456325E+03   2.6870000E+03   1.7080000E+03   3.6438812E-04   6.4983898E-04
   1.5456400E+03   2.7170000E+03   1.6970000E+03   4.3557446E-05   3.6611966E-04
   1.5456476E+03   2.7260000E+03   1.7340000E+03   4.5491066E-04   9.9067689E-04
   1.5456551E+03   2.6840000E+03   1.6710000E+03   3.2558055E-04   6.2625712E-04
   1.5456626E+03   2.7060000E+03   1.6910000E+03   1.8756203E-04   3.0014361E-04
   1.5456702E+03   2.7710000E+03   1.7490000E+03   1.1385866E-04   4.1763007E-04
   1.5456777E+03   2.7750000E+03   1.7530000E+03   4.0281025E-04   4.4395273E-04
   1.5456852E+03   2.6880000E+03   1.7040000E+03   4.2207599E-04   6.0692744E-04
   1.5456927E+03   2.6810000E+03   1.6830000E+03   2.7699645E-04   2.1719678E-04
   1.5457003E+03   2.7690000E+03   1.7720000E+03   5.2603459E-04   8.2200326E-04
   1.5457078E+03   2.8270000E+03   1.7850000E+03   6.3409241E-04   1.0042461E-03
   1.5457153E+03   2.7920000E+03   1.7700000E+03   4.0506267E-04   6.2024003E-04
   1.5457229E+03   2.7520000E+03   1.7230000E+03   2.5174854E-04   4.3737718E-04
   1.5457304E+03   2.7380000E+03   1.7290000E+03   4.9725347E-04   7.8743783E-04
   1.5457379E+03   2.7660000E+03   1.7500000E+03   3.1901026E-04   4.1287195E-04
   1.5457454E+03   2.7370000E+03   1.7830000E+03   3.3968190E-04   5.2142981E-04
   1.5457530E+03   2.7750000E+03   1.7900000E+03   3.4352464E-04   2.4567228E-04
   1.5457605E+03   2.6970000E+03   1.7220000E+03   8.0762416E-04   8.2230963E-04
   1.5457680E+03   2.6430000E+03   1.6710000E+03   5.2352570E-04   7.7517635E-04
   1.5457756E+03   2.7800000E+03   1.7980000E+03   7.0372689E-04   1.0880761E-03
   1.5457831E+03   2.7180000E+03   1.6990000E+03   3.0306538E-04   6.1999272E-04
   1.5457906E+03   2.7650000E+03   1.7670000E+03   3.3580875E-04   4.9714693E-04
   1.5457981E+03   2.7910000E+03   1.7560000E+03   3.1417504E-04   3.8483365E-04
   1.5458057E+03   2.8060000E+03   1.7320000E+03   7.8637533E-04   1.2740007E-03
   1.5458132E+03   2.7380000E+03   1.7640000E+03   2.0109175E-04   3.1212540E-04
   1.5458207E+03   2.7410000E+03   1.7650000E+03   4.5454867E-04   7.1802076E-04
   1.5458283E+03   2.7620000E+03   1.7620000E+03   3.2320584E-04   1.7159889E-04
   1.5458358E+03   2.6620000E+03   1.6970000E+03   1.1704920E-04   4.2478257E-04
   1.5458433E+03   2.7410000E+03   1.7200000E+03   2.2365915E-04   3.5642426E-04
   1.5458508E+03   2.7830000E+03   1.7940000E+03   2.8307753E-04   4.3913309E-04
   1.5458584E+03   2.7950000E+03   1.7890000E+03   4.5205495E-04   7.0625690E-04
   1.5458659E+03   2.7860000E+03   1.7360000E+03   4.7111861E-04   7.2519275E-04
   1.5458734E+03   2.8180000E+03   1.8050000E+03   1.3835385E-04   2.1600064E-04
   1.5458810E+03   2.7010000E+03   1.7710000E+03   4.0088622E-04   2.0280989E-04
   1.5458885E+03   2.6650000E+03   1.6690000E+03   3.0568873E-04   6.1022051E-04
   1.5458960E+03   2.7450000E+03   1.7160000E+03   5.4423357E-06   8.7058342E-06
   1.5459035E+03   2.6890000E+03   1.7220000E+03   3.7055339E-04   5.7863999E-04
   1.5459111E+03   2.6550000E+03   1.7260000E+03   2.4464726E-04   3.7280195E-04
   1.5459186E+03   2.7960000E+03   1.7480000E+03   2.4029652E-04   3.7175888E-04
   1.5459261E+03   2.7920000E+03   1.7020000E+03   3.7522886E-04   4.6251798E-04
   1.5459337E+03   2.7270000E+03   1.7320000E+03   1.1357586E-04   3.9532240E-04
   1.5459412E+03   2.7220000E+03   1.7300000E+03   1.3960345E-04   3.8358933E-04
   1.5459487E+03   2.7590000E+03   1.7500000E+03   6.6883295E-04   1.0544629E-03
   1.5459562E+03   2.6950000E+03   1.6700000E+03   3.8568375E-04   5.5898895E-04
   1.5459638E+03   2.7870000E+03   1.7440000E+03   3.9114393E-04   6.7988588E-04
   1.5459713E+03   2.7980000E+03   1.8200000E+03   5.2373814E-04   7.0299382E-04
   1.5459788E+03   2.6990000E+03   1.6750000E+03   4.1796321E-04   6.6487479E-04
   1.5459864E+03   2.6790000E+03   1.6810000E+03   7.8619148E-04   6.0525241E-04
   1.5459939E+03   2.7580000E+03   1.7950000E+03   2.2854562E-04   7.9164350E-04
   1.5460014E+03   2.7360000E+03   1.7430000E+03   3.3430070E-04   5.2475428E-04
   1.5460089E+03   2.7520000E+03   1.7300000E+03   2.7175839E-04   4.3261508E-04
   1.5460165E+03   2.7540000E+03   1.7050000E+03   5.1884403E-04   9.5831138E-04
   1.5460240E+03   2.7900000E+03   1.7710000E+03   9.7902482E-04   1.5423372E-03
   1.5460315E+03   2.7180000E+03   1.7560000E+03   2.0519770E-04   3.1761238E-04
   1.5460391E+03   2.8100000E+03   1.8260000E+03   7.2979989E-04   8.1308369E-04
   1.5460466E+03   2.7520000E+03   1.7370000E+03   2.6172473E-04   4.1466117E-04
   1.5460541E+03   2.7630000E+03   1.7840000E+03   3.5446782E-04   5.5696416E-04
   1.5460616E+03   2.7150000E+03   1.7060000E+03   6.2204671E-04   1.0553732E-03
   1.5460692E+03   2.7220000E+03   1.7370000E+03   7.0299633E-04   1.0422904E-03
   1.5460767E+03   2.7430000E+03   1.7590000E+03   4.3058917E-04   6.7146452E-04
   1.5460842E+03   2.7300000E+03   1.7200000E+03   2.8643792E-04   4.5463694E-04
   1.5460917E+03   2.7810000E+03   1.7300000E+03   3.9547151E-04   2.9987052E-04
   1.5460993E+03   2.8560000E+03   1.8060000E+03   4.8442277E-04   8.2667323E-04
   1.5461068E+03   2.7490000E+03   1.7380000E+03   1.8131540E-04   4.7206244E-04
   1.5461143E+03   2.7360000E+03   1.7220000E+03   4.1753018E-04   3.0184803E-04
   1.5461219E+03   2.8230000E+03   1.8140000E+03   7.5168845E-04   9.5063185E-04
   1.5461294E+03   2.8170000E+03   1.8060000E+03   3.7396375E-04   5.8330890E-04
   1.5461369E+03   2.6660000E+03   1.7200000E+03   5.8951996E-04   9.0526195E-04
   1.5461444E+03   2.7840000E+03   1.8020000E+03   2.2158155E-04   3.4233243E-04
   1.5461520E+03   2.7480000E+03   1.7340000E+03   1.9622708E-04   2.5282290E-04
   1.5461595E+03   2.7830000E+03   1.7850000E+03   4.9061546E-04   6.7238685E-04
   1.5461670E+03   2.6860000E+03   1.6550000E+03   4.1849421E-04   6.7743005E-04
   1.5461746E+03   2.6930000E+03   1.7000000E+03   2.1330430E-04   2.8082617E-04
   1.5461821E+03   2.7780000E+03   1.7530000E+03   5.2582626E-04   3.9761996E-04
   1.5461896E+03   2.6720000E+03   1.6920000E+03   3.2456097E-04   4.6993803E-04
   1.5461971E+03   2.8170000E+03   1.7950000E+03   2.2975023E-04   4.3737866E-04
   1.5462047E+03   2.8310000E+03   1.8440000E+03   5.7636935E-04   8.8487073E-04
   1.5462122E+03   2.7770000E+03   1.7760000E+03   4.0202462E-04   3.6251055E-04
   1.5462197E+03   2.7030000E+03   1.7560000E+03   2.4703828E-04   4.4626143E-04
   1.5462273E+03   2.6910000E+03   1.7370000E+03   2.4721053E-04   3.8298419E-04
   1.5462348E+03   2.8190000E+03   1.8290000E+03   2.7451187E-04   1.9172566E-04
   1.5462423E+03   2.7490000E+03   1.7560000E+03   7.5140469E-04   4.9201880E-04
   1.5462498E+03   2.6910000E+03   1.7340000E+03   5.0155859E-04   5.6261495E-04
   1.5462574E+03   2.7070000E+03   1.7210000E+03   4.6983361E-04   7.3901196E-04
   1.5462649E+03   2.7270000E+03   1.6640000E+03   5.9957697E-04   9.2369076E-04
   1.5462724E+03   2.7540000E+03   1.7680000E+03   9.9003015E-05   2.1578324E-04
   1.5462800E+03   2.8380000E+03   1.8620000E+03   3.2040572E-04   4.8415387E-04
   1.5462875E+03   2.8180000E+03   1.7830000E+03   2.1059728E-04   7.0148036E-04
   1.5462950E+03   2.7310000E+03   1.6820000E+03   7.6480994E-04   1.7535281E-03
   1.5463025E+03   2.8000000E+03   1.8240000E+03   5.1061275E-04   7.3261103E-04
   1.5463101E+03   2.7770000E+03   1.7360000E+03   6.1192837E-04   7.5514422E-04
   1.5463176E+03   2.8250000E+03   1.8040000E+03   9.6615039E-04   1.0757114E-03
   1.5463251E+03   2.7850000E+03   1.8110000E+03   2.6542489E-04   3.5357433E-04
   1.5463327E+03   2.7780000E+03   1.7650000E+03   1.9366905E-03   2.9866434E-03
   1.5463402E+03   2.7450000E+03   1.7440000E+03   6.7584526E-04   1.0637587E-03
   1.5463477E+03   2.7800000E+03   1.7740000E+03   5.7722899E-04   8.9631095E-04
   1.5463552E+03   2.7970000E+03   1.7450000E+03   1.1065310E-04   2.2158662E-04
   1.5463628E+03   2.8370000E+03   1.7950000E+03   4.3441151E-04   3.9200828E-04
   1.5463703E+03   2.6820000E+03   1.6910000E+03   1.0226258E-03   1.6219293E-03
   1.5463778E+03   2.7370000E+03   1.7640000E+03   5.6268731E-04   7.1427719E-04
   1.5463854E+03   2.8260000E+03   1.7930000E+03   6.6529451E-04   8.7878578E-04
   1.5463929E+03   2.8590000E+03   1.7810000E+03   6.3406725E-05   4.0949602E-04
   1.5464004E+03   2.8270000E+03   1.7770000E+03   3.1902910E-04   4.7363030E-04
   1.5464079E+03   2.7860000E+03   1.8220000E+03   6.5379171E-04   7.5462724E-04
   1.5464155E+03   2.8090000E+03   1.7750000E+03   1.6835389E-04   1.8028779E-04
   1.5464230E+03   2.8280000E+03   1.8090000E+03   4.5462609E-04   5.0035394E-04
   1.5464305E+03   2.7670000E+03   1.7650000E+03   3.0437036E-04   5.6611433E-04
   1.5464381E+03   2.7350000E+03   1.7360000E+03   5.1023294E-04   8.0385201E-04
   1.5464456E+03   2.6520000E+03   1.6850000E+03   4.7080240E-04   5.9957100E-04
   1.5464531E+03   2.7270000E+03   1.7070000E+03   4.7639671E-04   7.3303114E-04
   1.5464606E+03   2.8130000E+03   1.8080000E+03   1.7923123E-04   2.1073272E-04
   1.5464682E+03   2.8060000E+03   1.8110000E+03   4.7901555E-04   6.5662480E-04
   1.5464757E+03   2.7430000E+03   1.7000000E+03   4.1911563E-04   6.7491797E-04
   1.5464832E+03   2.7760000E+03   1.7850000E+03   3.6994290E-04   4.2542719E-04
   1.5464908E+03   2.7720000E+03   1.7920000E+03   4.9266810E-04   3.1334404E-04
   1.5464983E+03   2.7700000E+03   1.7900000E+03   4.4091767E-04   8.9096921E-04
   1.5465058E+03   2.6980000E+03   1.6490000E+03   5.8041766E-04   2.9946343E-04
   1.5465133E+03   2.7240000E+03   1.6980000E+03   2.7962469E-04   4.1456421E-04
   1.5465209E+03   2.7150000E+03   1.7230000E+03   6.6136374E-04   9.3816000E-04
   1.5465284E+03   2.7480000E+03   1.7700000E+03   3.3753431E-04   8.2828392E-04
   1.5465359E+03   2.7510000E+03   1.7650000E+03   9.4151413E-05   4.2584645E-04
   1.5465434E+03   2.6810000E+03   1.7060000E+03   7.4662109E-04   8.2108707E-04
   1.5465510E+03   2.8490000E+03   1.8270000E+03   9.8520036E-05   1.5363086E-04
   1.5465585E+03   2.8810000E+03   1.8710000E+03   5.8184815E-04   4.6792848E-04
   1.5465660E+03   2.8380000E+03   1.8220000E+03   2.5460818E-04   3.5309265E-04
   1.5465736E+03   2.7150000E+03   1.7430000E+03   1.3015350E-03   1.8628900E-03
   1.5465811E+03   2.6710000E+03   1.6770000E+03   2.5873577E-04   4.3066368E-04
   1.5465886E+03   2.7010000E+03   1.7180000E+03   5.2042797E-04   7.2886827E-04
   1.5465961E+03   2.7370000E+03   1.7860000E+03   5.9409392E-04   1.3480502E-03
   1.5466037E+03   2.7060000E+03   1.6990000E+03   5.9046564E-04   6.2150882E-04
   1.5466112E+03   2.8150000E+03   1.8450000E+03   5.2064176E-04   8.1557642E-04
   1.5466187E+03   2.7780000E+03   1.7640000E+03   2.7686530E-04   5.0825406E-04
   1.5466263E+03   2.7470000E+03   1.7810000E+03   5.9485451E-04   8.4324225E-04
   1.5466338E+03   2.7260000E+03   1.7610000E+03   5.5672517E-04   1.0429517E-03
   1.5466413E+03   2.7300000E+03   1.7950000E+03   2.7249831E-04   5.3757699E-04
   1.5466488E+03   2.6780000E+03   1.7200000E+03   6.7350712E-04   1.0324307E-03
   1.5466564E+03   2.7870000E+03   1.7960000E+03   1.2860241E-03   1.4876468E-03
   1.5466639E+03   2.7950000E+03   1.8000000E+03   8.1516930E-04   1.2688698E-03
   1.5466714E+03   2.7120000E+03   1.7690000E+03   5.4053376E-04   1.0424772E-03
   1.5466790E+03   2.6180000E+03   1.7330000E+03   6.0384553E-04   1.5174216E-03
   1.5466865E+03   2.6690000E+03   1.8050000E+03   1.2623247E-03   5.8614222E-04
   1.5466940E+03   2.5380000E+03   1.6740000E+03   8.1042430E-04   4.7454727E-04
   1.5467015E+03   2.5480000E+03   1.6920000E+03   1.1939906E-03   1.4074336E-03
   1.5467091E+03   2.4120000E+03   1.6450000E+03   1.0295804E-03   9.8456700E-04
   1.5467166E+03   2.4310000E+03   1.6450000E+03   6.8440305E-04   6.1636403E-04
   1.5467241E+03   2.3910000E+03   1.6410000E+03   6.3290663E-04   1.4596453E-03
   1.5467317E+03   2.4030000E+03   1.6520000E+03   8.7077828E-04   9.6090441E-04
   1.5467392E+03   2.2300000E+03   1.5200000E+03   2.9120565E-03   3.0404347E-03
   1.5467467E+03   2.1530000E+03   1.5180000E+03   2.6179312E-03   3.2269405E-03
   1.5467542E+03   2.1800000E+03   1.5610000E+03   3.6366949E-04   5.6608299E-04
   1.5467618E+03   2.1330000E+03   1.5570000E+03   1.1448057E-03   2.3348419E-03
   1.5467693E+03   1.9960000E+03   1.4910000E+03   2.2233612E-04   1.3442375E-03
   1.5467768E+03   1.9000000E+03   1.4470000E+03   1.4114668E-04   1.4269367E-03
   1.5467844E+03   1.8030000E+03   1.3730000E+03   1.6391007E-03   2.6554318E-03
   1.5467919E+03   1.7520000E+03   1.3720000E+03   6.5736825E-04   2.0484433E-03
   1.5467994E+03   1.6090000E+03   1.2740000E+03   1.7956748E-03   2.1720840E-03
   1.5468069E+03   1.4800000E+03   1.2110000E+03   1.5303073E-03   2.0719038E-03
   1.5468145E+03   1.2910000E+03   1.0630000E+03   1.4631154E-03   4.5408934E-04
   1.5468220E+03   1.2940000E+03   1.0920000E+03   2.2696579E-03   3.0113197E-03
   1.5468295E+03   1.1650000E+03   1.0180000E+03   3.0403094E-03   1.3068032E-03
   1.5468371E+03   1.0750000E+03   9.2200000E+02   3.4444565E-03   4.8988619E-03
   1.5468446E+03   9.7900000E+02   8.6800000E+02   5.8222451E-03   6.2781541E-03
   1.5468521E+03   9.4600000E+02   8.6500000E+02   5.3107836E-03   2.7637927E-03
   1.5468596E+03   8.1000000E+02   7.3800000E+02   8.5462042E-03   6.3846668E-03
   1.5468672E+03   8.0000000E+02   7.2400000E+02   8.9921200E-03   4.8019110E-03
   1.5468747E+03   6.9200000E+02   6.3900000E+02   3.4504748E-03   5.6760916E-03
   1.5468822E+03   6.2900000E+02   5.7600000E+02   7.3863085E-03   8.3987088E-03
   1.5468898E+03   5.6600000E+02   5.3200000E+02   1.0811573E-02   1.3248166E-02
   1.5468973E+03   5.0200000E+02   4.6200000E+02   5.2942377E-03   6.2767560E-03
   1.5469048E+03   4.7700000E+02   4.4400000E+02   4.0539780E-03   2.4744305E-03
   1.5469123E+03   4.2600000E+02   3.9700000E+02   1.1275378E-02   1.0098774E-02
   1.5469199E+03   4.4400000E+02   4.0400000E+02   5.5023486E-03   7.1859972E-03
   1.5469274E+03   3.7800000E+02   3.4900000E+02   1.7046584E-02   1.4089635E-02
   1.5469349E+03   3.7800000E+02   3.5200000E+02   1.4302910E-02   1.5284250E-02
   1.5469425E+03   3.3300000E+02   3.0700000E+02   1.2944837E-02   1.3711785E-02
   1.5469500E+03   3.3100000E+02   3.0700000E+02   2.7699827E-02   2.5152968E-02
   1.5469575E+03   3.1700000E+02   2.9700000E+02   1.1769521E-02   1.1945846E-02
   1.5469650E+03   2.7900000E+02   2.6600000E+02   2.5448388E-02   2.2209253E-02
   1.5469726E+03   3.2200000E+02   3.0200000E+02   6.5413211E-03   7.1880830E-03
   1.5469801E+03   2.7500000E+02   2.5700000E+02   5.1790216E-03   9.2613989E-03
   1.5469876E+03   3.3900000E+02   3.2500000E+02   8.8384133E-03   8.3540885E-03
   1.5469951E+03   3.2900000E+02   3.1100000E+02   2.1751877E-03   5.8191757E-03
   1.5470027E+03   3.0100000E+02   2.9800000E+02   1.6031286E-02   1.3831552E-02
   1.5470102E+03   2.9400000E+02   2.8600000E+02   1.4318030E-02   1.2791412E-02
   1.5470177E+03   3.1100000E+02   3.0200000E+02   9.3262586E-03   4.8850053E-03
   1.5470253E+03   2.7500000E+02   2.6100000E+02   3.7242571E-03   2.0759920E-03
   1.5470328E+03   2.6700000E+02   2.5500000E+02   9.2064656E-03   5.1574597E-03
   1.5470403E+03   3.0200000E+02   2.8800000E+02   2.0202383E-02   2.4940873E-02
   1.5470478E+03   2.9000000E+02   2.7900000E+02   1.3754693E-02   1.4782128E-02
   1.5470554E+03   2.4200000E+02   2.3400000E+02   1.0361987E-02   1.5405184E-02
   1.5470629E+03   2.7700000E+02   2.6400000E+02   1.2417893E-02   1.3366196E-02
   1.5470704E+03   2.5900000E+02   2.5200000E+02   1.6162627E-02   2.0987632E-02
   1.5470780E+03   2.4700000E+02   2.3600000E+02   2.8605759E-02   2.4108828E-02
   1.5470855E+03   2.5600000E+02   2.4900000E+02   3.0122909E-02   3.1096708E-02
   1.5470930E+03   2.5600000E+02   2.4300000E+02   5.9484061E-03   5.7720712E-03
   1.5471005E+03   2.7000000E+02   2.5800000E+02   2.8759607E-03   4.1124931E-03
   1.5471081E+03   2.3100000E+02   2.2400000E+02   6.6526004E-03   1.0556441E-02
   1.5471156E+03   2.1700000E+02   2.0500000E+02   4.6394798E-03   7.1785317E-03
   1.5471231E+03   2.5600000E+02   2.4600000E+02   1.3780682E-02   1.4441924E-02
   1.5471307E+03   2.1900000E+02   2.1500000E+02   2.9386877E-02   3.0470496E-02
   1.5471382E+03   2.2700000E+02   2.2000000E+02   2.4621299E-02   2.7281971E-02
   1.5471457E+03   2.3700000E+02   2.3100000E+02   1.4930617E-02   1.2849178E-02
   1.5471532E+03   1.9100000E+02   1.8400000E+02   2.4680964E-02   2.6416493E-02
   1.5471608E+03   2.0900000E+02   1.9500000E+02   2.2000705E-02   1.9231713E-02
   1.5471683E+03   2.0300000E+02   1.9700000E+02   1.2736704E-02   1.2254842E-02
   1.5471758E+03   2.2000000E+02   2.1300000E+02   1.4151365E-02   1.6495794E-02
   1.5471834E+03   1.8300000E+02   1.7500000E+02   6.6129796E-03   6.0669902E-03
   1.5471909E+03   1.7400000E+02   1.6700000E+02   2.3361643E-02   2.7414653E-02
   1.5471984E+03   2.0200000E+02   1.9600000E+02   1.6658941E-02   1.9216881E-02
   1.5472059E+03   1.9100000E+02   1.8300000E+02   1.3215564E-02   9.6066331E-03
   1.5472135E+03   1.8900000E+02   1.8700000E+02   2.1436445E-02   2.0385672E-02
   1.5472210E+03   1.9600000E+02   1.8900000E+02   2.3565373E-02   1.9708181E-02
   1.5472285E+03   1.8800000E+02   1.8200000E+02   2.2536604E-02   2.4056769E-02
   1.5472361E+03   1.6600000E+02   1.6000000E+02   6.1566291E-03   9.0227728E-03
   1.5472436E+03   1.8100000E+02   1.7400000E+02   7.9982171E-03   6.0653401E-03
   1.5472511E+03   1.5900000E+02   1.5300000E+02   9.7001457E-03   7.6317461E-03
   1.5472586E+03   1.7000000E+02   1.6200000E+02   1.8643568E-02   2.0113389E-02
   1.5472662E+03   1.6800000E+02   1.6300000E+02   3.7458690E-02   3.5525486E-02
   1.5472737E+03   1.8700000E+02   1.7500000E+02   3.0693484E-02   4.0617612E-02
   1.5472812E+03   1.3300000E+02   1.2800000E+02   2.2126970E-02   1.4168799E-02
   1.5472888E+03   1.4500000E+02   1.3900000E+02   8.6595869E-03   1.2154806E-02
   1.5472963E+03   1.4200000E+02   1.3500000E+02   3.7103276E-02   4.2021605E-02
   1.5473038E+03   1.2900000E+02   1.2500000E+02   3.9314567E-02   3.7824208E-02
   1.5473113E+03   1.4500000E+02   1.3900000E+02   2.1633006E-02   2.6319657E-02
   1.5473189E+03   1.3000000E+02   1.2700000E+02   1.4460399E-02   1.6309336E-02
   1.5473264E+03   1.2600000E+02   1.2000000E+02   2.2384705E-02   1.6877187E-02
   1.5473339E+03   1.5200000E+02   1.4700000E+02   6.4224201E-03   5.3711890E-03
   1.5473415E+03   1.1300000E+02   1.0400000E+02   1.5354154E-02   1.0028087E-02
   1.5473490E+03   1.1300000E+02   1.0600000E+02   4.2339962E-02   3.7489299E-02
   1.5473565E+03   1.2300000E+02   1.1400000E+02   8.0965069E-03   1.1851446E-02
   1.5473640E+03   1.1300000E+02   1.0700000E+02   2.8554483E-02   3.3599219E-02
   1.5473716E+03   1.2100000E+02   1.1400000E+02   3.1926334E-02   2.6430409E-02
   1.5473791E+03   1.1400000E+02   1.0100000E+02   2.2785988E-02   1.9339577E-02
   1.5473866E+03   1.1800000E+02   1.1400000E+02   2.4125243E-02   2.1935922E-02
   1.5473942E+03   9.0000000E+01   8.5000000E+01   1.8769078E-02   1.2699528E-02
   1.5474017E+03   1.1900000E+02   1.0900000E+02   1.6660851E-02   2.3629546E-02
   1.5474092E+03   1.0800000E+02   1.0300000E+02   2.2991839E-02   2.3374609E-02
   1.5474167E+03   1.0300000E+02   9.6000000E+01   2.3166922E-02   2.0123379E-02
   1.5474243E+03   1.0600000E+02   9.9000000E+01   1.4935879E-02   1.1417879E-02
   1.5474318E+03   1.0100000E+02   9.2000000E+01   2.2073054E-02   3.6383136E-02
   1.5474393E+03   1.1500000E+02   1.0700000E+02   2.1627528E-02   1.4669692E-02
   1.5474468E+03   8.5000000E+01   7.9000000E+01   3.5147803E-02   3.0678256E-02
   1.5474544E+03   1.1400000E+02   1.0500000E+02   2.9129459E-02   3.1483321E-02
   1.5474619E+03   1.0700000E+02   9.9000000E+01   2.8932663E-02   3.1144488E-02
   1.5474694E+03   9.6000000E+01   8.5000000E+01   1.1712503E-02   2.9554440E-02
   1.5474770E+03   9.1000000E+01   8.1000000E+01   2.6326455E-02   2.8577054E-02
   1.5474845E+03   1.0300000E+02   9.0000000E+01   1.8543660E-02   1.9533510E-02
   1.5474920E+03   8.2000000E+01   7.5000000E+01   1.3014615E-02   1.2646188E-02
   1.5474995E+03   9.2000000E+01   8.1000000E+01   4.0203520E-02   5.2103948E-02
   1.5475071E+03   8.5000000E+01   7.5000000E+01   2.3156131E-02   2.6576935E-02
   1.5475146E+03   6.5000000E+01   5.6000000E+01   2.4257050E-02   1.1683919E-02
   1.5475221E+03   1.0900000E+02   9.6000000E+01   4.1414048E-02   2.6440745E-02
   1.5475297E+03   7.5000000E+01   7.0000000E+01   2.5914894E-02   1.5359856E-02
   1.5475372E+03   8.6000000E+01   7.6000000E+01   3.4352122E-02   2.2700406E-02
   1.5475447E+03   9.5000000E+01   8.6000000E+01   5.8859449E-02   5.3745976E-02
   1.5475522E+03   6.8000000E+01   6.3000000E+01   1.7039618E-02   1.5499915E-02
   1.5475598E+03   6.6000000E+01   6.3000000E+01   4.7133427E-03   8.2304047E-03
   1.5475673E+03   7.9000000E+01   7.0000000E+01   8.7425076E-03   1.1124827E-02
   1.5475748E+03   9.3000000E+01   8.0000000E+01   3.5398102E-02   2.9679382E-02
   1.5475824E+03   1.1000000E+02   9.8000000E+01   7.3968179E-03   1.6579905E-02
   1.5475899E+03   7.8000000E+01   7.0000000E+01   2.2346448E-02   2.6442028E-02
   1.5475974E+03   7.2000000E+01   6.1000000E+01   4.3470178E-02   5.5507314E-02
   1.5476049E+03   9.2000000E+01   8.7000000E+01   3.2285046E-02   3.4155318E-02
   1.5476125E+03   9.4000000E+01   8.0000000E+01   5.0001800E-02   4.7349281E-02
   1.5476200E+03   8.3000000E+01   7.0000000E+01   4.4866476E-02   4.1976237E-02
   1.5476275E+03   8.9000000E+01   7.9000000E+01   2.5728750E-02   1.5094158E-02
   1.5476351E+03   1.0200000E+02   9.3000000E+01   3.1713006E-02   2.5908896E-02
   1.5476426E+03   9.8000000E+01   8.4000000E+01   1.1871425E-02   1.1294936E-02
   1.5476501E+03   7.4000000E+01   6.4000000E+01   3.8406014E-02   3.0509917E-02
   1.5476576E+03   8.1000000E+01   6.8000000E+01   2.4727443E-02   3.9008459E-03
   1.5476652E+03   9.4000000E+01   8.2000000E+01   2.9541206E-02   1.3203163E-02
   1.5476727E+03   7.2000000E+01   5.8000000E+01   3.8556468E-02   4.5052070E-02
   1.5476802E+03   1.0600000E+02   9.0000000E+01   1.4731990E-02   1.6975100E-02
   1.5476878E+03   8.8000000E+01   7.5000000E+01   1.5763289E-02   1.0786349E-02
   1.5476953E+03   1.0500000E+02   9.0000000E+01   2.0388387E-02   1.7529986E-02
   1.5477028E+03   1.0400000E+02   8.6000000E+01   4.4684540E-02   4.7749238E-02
   1.5477103E+03   8.8000000E+01   7.7000000E+01   1.2552519E-02   1.3473085E-02
   1.5477179E+03   7.8000000E+01   6.9000000E+01   2.9067821E-02   4.0802188E-02
   1.5477254E+03   9.1000000E+01   7.4000000E+01   3.0015938E-02   1.1689128E-02
   1.5477329E+03   1.1400000E+02   9.5000000E+01   2.0646169E-02   1.4612082E-02
   1.5477405E+03   1.0500000E+02   8.2000000E+01   2.1218635E-02   1.0329559E-02
   1.5477480E+03   1.2300000E+02   1.0500000E+02   3.1898511E-02   4.8563786E-02
   1.5477555E+03   1.0000000E+02   8.4000000E+01   3.9401846E-02   4.5727434E-02
   1.5477630E+03   1.0800000E+02   9.7000000E+01   2.2358099E-02   2.7546323E-02
   1.5477706E+03   9.7000000E+01   7.6000000E+01   3.7498849E-02   1.9408471E-02
   1.5477781E+03   1.1800000E+02   1.0300000E+02   1.9116376E-02   1.9121807E-02
   1.5477856E+03   1.2400000E+02   9.8000000E+01   1.4843170E-02   1.9388655E-02
   1.5477932E+03   1.2000000E+02   9.5000000E+01   3.1290349E-02   3.6167371E-02
   1.5478007E+03   1.3700000E+02   1.1400000E+02   1.5515643E-02   2.3538208E-02
   1.5478082E+03   1.3300000E+02   1.0400000E+02   2.0841406E-02   2.5949438E-02
   1.5478157E+03   1.4200000E+02   1.1100000E+02   3.1001537E-02   2.9284924E-02
   1.5478233E+03   1.3600000E+02   1.1000000E+02   1.6379750E-02   1.1121215E-02
   1.5478308E+03   1.4400000E+02   1.2600000E+02   2.6358949E-02   1.8084075E-02
   1.5478383E+03   1.4500000E+02   1.0200000E+02   3.5147226E-02   4.2826814E-02
   1.5478459E+03   1.3700000E+02   1.0700000E+02   1.8150996E-02   2.9350300E-02
   1.5478534E+03   1.6500000E+02   1.3300000E+02   3.7444779E-02   4.9491176E-02
   1.5478609E+03   1.6100000E+02   1.1800000E+02   7.1027839E-03   2.8871111E-02
   1.5478684E+03   1.8900000E+02   1.4200000E+02   2.4423590E-02   2.1620951E-02
   1.5478760E+03   1.7400000E+02   1.3000000E+02   8.5163644E-03   9.7377501E-03
   1.5478835E+03   1.8000000E+02   1.3300000E+02   3.0216214E-02   2.6988293E-02
   1.5478910E+03   1.7500000E+02   1.3500000E+02   8.3419225E-03   2.0294139E-02
   1.5478985E+03   2.0500000E+02   1.5500000E+02   2.6179947E-02   2.8717577E-02
   1.5479061E+03   1.9700000E+02   1.3900000E+02   1.3579857E-02   1.0450174E-03
   1.5479136E+03   1.8700000E+02   1.3600000E+02   1.2838482E-02   2.0380535E-02
   1.5479211E+03   2.2000000E+02   1.6300000E+02   1.4201819E-02   2.1424086E-02
   1.5479287E+03   2.0800000E+02   1.5500000E+02   4.7599437E-02   6.0239495E-02
   1.5479362E+03   2.2800000E+02   1.7000000E+02   2.9006299E-02   4.6103018E-02
   1.5479437E+03   2.2900000E+02   1.6800000E+02   2.0518626E-02   2.1678113E-02
   1.5479512E+03   2.6300000E+02   1.9400000E+02   2.6572496E-02   1.4943720E-02
   1.5479588E+03   2.7300000E+02   2.1400000E+02   6.8352658E-03   1.9863273E-02
   1.5479663E+03   2.6900000E+02   1.9900000E+02   3.2300195E-02   3.2992400E-02
   1.5479738E+03   3.0000000E+02   2.2500000E+02   1.3727927E-02   2.3885533E-02
   1.5479814E+03   2.7400000E+02   2.0200000E+02   5.0873023E-03   6.2376110E-03
   1.5479889E+03   3.0300000E+02   2.3600000E+02   1.2763182E-02   1.7162323E-02
   1.5479964E+03   3.2600000E+02   2.4200000E+02   2.7568954E-02   3.2295506E-02
   1.5480039E+03   3.4400000E+02   2.6000000E+02   2.6323554E-02   2.3218559E-02
   1.5480115E+03   3.2900000E+02   2.5300000E+02   1.5865885E-02   2.4719043E-02
   1.5480190E+03   3.1400000E+02   2.3400000E+02   1.6444201E-02   1.3847519E-02
   1.5480265E+03   3.4500000E+02   2.6500000E+02   4.1477435E-04   1.3623091E-02
   1.5480341E+03   3.8700000E+02   2.9600000E+02   1.4256212E-02   1.4809563E-02
   1.5480416E+03   3.8300000E+02   2.9100000E+02   2.5234874E-02   3.8198310E-02
   1.5480491E+03   4.1100000E+02   2.9800000E+02   6.1578012E-03   1.4539674E-02
   1.5480566E+03   3.9700000E+02   3.0800000E+02   1.4902218E-02   2.1624537E-02
   1.5480642E+03   4.3700000E+02   3.2700000E+02   1.3783784E-02   1.4917015E-02
   1.5480717E+03   4.3000000E+02   3.4500000E+02   2.1827889E-03   3.4215445E-03
   1.5480792E+03   4.3000000E+02   3.2800000E+02   1.7638849E-02   1.3735263E-02
   1.5480868E+03   4.7600000E+02   3.6300000E+02   2.2130752E-02   3.0845591E-02
   1.5480943E+03   4.8100000E+02   3.6200000E+02   2.6955468E-02   3.1147704E-02
   1.5481018E+03   5.1400000E+02   3.9300000E+02   1.0370194E-02   1.0323718E-02
   1.5481093E+03   4.9100000E+02   3.7900000E+02   1.7228947E-02   1.2771539E-02
   1.5481169E+03   5.3400000E+02   4.0900000E+02   1.4949378E-03   1.0793164E-02
   1.5481244E+03   5.4100000E+02   4.2100000E+02   1.1010833E-02   1.2257434E-02
   1.5481319E+03   5.5100000E+02   4.1900000E+02   1.0543555E-02   1.2060253E-02
   1.5481395E+03   5.9100000E+02   4.7000000E+02   1.1889752E-02   1.8464085E-02
   1.5481470E+03   6.0100000E+02   4.8300000E+02   9.4090851E-03   1.9845648E-02
   1.5481545E+03   6.2300000E+02   4.6500000E+02   1.5711234E-02   1.7004171E-02
   1.5481620E+03   6.2700000E+02   4.8100000E+02   1.1773459E-02   1.1557328E-02
   1.5481696E+03   6.4400000E+02   5.1000000E+02   8.9548047E-03   1.1549040E-02
   1.5481771E+03   6.5300000E+02   5.1200000E+02   6.6256738E-03   1.1491702E-02
   1.5481846E+03   6.9200000E+02   5.3800000E+02   1.2095515E-03   4.9779960E-03
   1.5481922E+03   7.4500000E+02   6.0000000E+02   1.8570605E-02   1.7585013E-02
   1.5481997E+03   7.6600000E+02   5.8800000E+02   1.3381268E-02   1.2829271E-02
   1.5482072E+03   7.3900000E+02   5.6900000E+02   8.1061199E-03   6.0321603E-03
   1.5482147E+03   8.0100000E+02   6.2100000E+02   1.0728164E-02   1.5533664E-02
   1.5482223E+03   7.6000000E+02   5.9000000E+02   1.0550018E-02   1.3726730E-02
   1.5482298E+03   8.6000000E+02   6.3900000E+02   1.1368212E-02   7.9871758E-03
   1.5482373E+03   8.6000000E+02   6.3100000E+02   7.5270908E-03   6.8755082E-03
   1.5482449E+03   9.0200000E+02   6.8600000E+02   1.6437234E-03   4.6254193E-03
   1.5482524E+03   8.6300000E+02   6.6500000E+02   8.4371181E-03   1.6565770E-02
   1.5482599E+03   8.8800000E+02   6.6100000E+02   6.0528892E-03   6.6925877E-03
   1.5482674E+03   1.0240000E+03   7.7100000E+02   1.5400103E-02   2.4167772E-02
   1.5482750E+03   1.0300000E+03   7.7700000E+02   3.9616131E-03   1.9630662E-03
   1.5482825E+03   1.0790000E+03   7.9000000E+02   5.4263066E-03   3.2837537E-03
   1.5482900E+03   1.0350000E+03   7.5000000E+02   4.5706069E-03   5.4243344E-03
   1.5482976E+03   1.1690000E+03   8.0400000E+02   4.1865358E-03   3.9869288E-03
   1.5483051E+03   1.2260000E+03   8.5200000E+02   4.1057578E-03   6.6223443E-03
   1.5483126E+03   1.1770000E+03   8.1500000E+02   1.9923715E-02   1.2806681E-02
   1.5483201E+03   1.2820000E+03   8.8500000E+02   7.0416770E-03   8.6147262E-03
   1.5483277E+03   1.4990000E+03   1.0270000E+03   4.4130216E-03   4.3758464E-03
   1.5483352E+03   1.4550000E+03   9.9200000E+02   5.4470699E-03   6.2978938E-03
   1.5483427E+03   1.5380000E+03   9.6400000E+02   2.3177782E-03   1.2645830E-02
   1.5483502E+03   1.5880000E+03   1.0070000E+03   4.6358627E-03   8.5734661E-03
   1.5483578E+03   1.6980000E+03   1.0800000E+03   5.6391187E-03   2.8938677E-03
   1.5483653E+03   1.7710000E+03   1.0830000E+03   3.8501189E-03   5.6331766E-03
   1.5483728E+03   1.9760000E+03   1.2010000E+03   8.1789405E-03   6.0944749E-03
   1.5483804E+03   1.9380000E+03   1.1350000E+03   1.1393905E-02   1.0851037E-02
   1.5483879E+03   2.1630000E+03   1.2620000E+03   1.4563216E-03   4.1849209E-03
   1.5483954E+03   2.2890000E+03   1.2750000E+03   4.6997887E-03   3.4231638E-03
   1.5484029E+03   2.3430000E+03   1.2890000E+03   8.5512124E-03   1.2195376E-02
   1.5484105E+03   2.5350000E+03   1.3900000E+03   2.3485535E-03   7.7014131E-03
   1.5484180E+03   2.5740000E+03   1.4040000E+03   3.2461163E-03   5.0213698E-03
   1.5484255E+03   2.8650000E+03   1.5410000E+03   3.5428197E-03   5.3280862E-03
   1.5484331E+03   3.0200000E+03   1.6510000E+03   6.6713370E-03   5.0735294E-03
   1.5484406E+03   3.0690000E+03   1.6550000E+03   8.8635071E-04   5.6469166E-03
   1.5484481E+03   3.3270000E+03   1.8130000E+03   1.4854668E-03   4.1457073E-03
   1.5484556E+03   3.4250000E+03   1.8670000E+03   5.9003791E-03   6.3690072E-03
   1.5484632E+03   3.7570000E+03   2.0290000E+03   4.3631905E-03   5.6921448E-03
   1.5484707E+03   3.6320000E+03   1.9510000E+03   3.1339476E-03   6.6154552E-03
   1.5484782E+03   4.0020000E+03   2.2140000E+03   6.7575021E-03   8.3082463E-03
   1.5484858E+03   4.1480000E+03   2.2770000E+03   2.6943935E-03   4.0493623E-03
   1.5484933E+03   4.2770000E+03   2.3970000E+03   8.1510024E-03   1.3055050E-02
   1.5485008E+03   4.5160000E+03   2.5330000E+03   7.4093262E-03   9.8806388E-03
   1.5485083E+03   4.5500000E+03   2.5670000E+03   4.6975685E-03   6.6425208E-03
   1.5485159E+03   4.7490000E+03   2.7130000E+03   6.8321266E-03   3.2965320E-03
   1.5485234E+03   4.9420000E+03   2.8800000E+03   9.0749490E-04   3.2278167E-03
   1.5485309E+03   5.0780000E+03   3.0040000E+03   2.4505972E-03   6.3676790E-03
   1.5485385E+03   5.2240000E+03   3.0940000E+03   3.7791133E-03   2.9421322E-03
   1.5485460E+03   5.3390000E+03   3.3050000E+03   6.2619096E-03   7.2986838E-03
   1.5485535E+03   5.5510000E+03   3.4140000E+03   2.8959147E-03   4.2337151E-03
   1.5485610E+03   5.7190000E+03   3.5860000E+03   1.3123936E-03   1.8963013E-03
   1.5485686E+03   5.8260000E+03   3.6350000E+03   2.0431124E-03   2.7908355E-03
   1.5485761E+03   5.9100000E+03   3.7690000E+03   3.7258866E-03   2.9656592E-03
   1.5485836E+03   6.0940000E+03   3.9480000E+03   4.4065008E-03   5.3791865E-03
   1.5485912E+03   6.2610000E+03   4.0040000E+03   8.6754722E-03   7.8010358E-03
   1.5485987E+03   6.4380000E+03   4.1570000E+03   1.2412037E-03   1.1497824E-03
   1.5486062E+03   6.4210000E+03   4.1630000E+03   5.8119268E-03   9.1019705E-03
   1.5486137E+03   6.6220000E+03   4.3400000E+03   4.2587914E-03   4.2173506E-03
   1.5486213E+03   6.7300000E+03   4.4630000E+03   5.3735169E-03   8.9110862E-03
   1.5486288E+03   6.8330000E+03   4.4970000E+03   5.1913815E-03   2.7084240E-03
   1.5486363E+03   6.9220000E+03   4.6750000E+03   1.0505911E-03   2.1468922E-03
   1.5486439E+03   7.1720000E+03   4.8380000E+03   5.4405828E-03   4.0336073E-03
   1.5486514E+03   7.1490000E+03   4.8950000E+03   7.0263255E-03   2.9510266E-03
   1.5486589E+03   7.2260000E+03   4.9360000E+03   4.9803770E-03   4.4241072E-03
   1.5486664E+03   7.4360000E+03   5.0850000E+03   2.6214345E-03   2.8116002E-03
   1.5486740E+03   7.4840000E+03   5.1600000E+03   2.8115333E-03   3.3701989E-03
   1.5486815E+03   7.6300000E+03   5.2890000E+03   3.6423449E-03   4.1233806E-03
   1.5486890E+03   7.6790000E+03   5.3900000E+03   3.6268706E-03   2.9194185E-03
   1.5486966E+03   7.8470000E+03   5.5080000E+03   3.7152263E-03   4.4799979E-03
   1.5487041E+03   7.8470000E+03   5.5090000E+03   1.7935979E-03   1.6875446E-03
   1.5487116E+03   8.0080000E+03   5.6200000E+03   6.2382196E-03   8.5830055E-03
   1.5487191E+03   8.0380000E+03   5.6670000E+03   1.7642283E-03   1.3988990E-03
   1.5487267E+03   8.1650000E+03   5.7610000E+03   1.9242821E-03   2.0055548E-03
   1.5487342E+03   8.1860000E+03   5.7650000E+03   1.9050914E-03   1.8741220E-03
   1.5487417E+03   8.3110000E+03   5.8720000E+03   2.1834273E-03   2.0743671E-03
   1.5487493E+03   8.3670000E+03   5.9480000E+03   1.1101602E-03   3.7077910E-03
   1.5487568E+03   8.6560000E+03   6.1810000E+03   8.3242199E-04   1.5487337E-03
   1.5487643E+03   8.6000000E+03   6.2100000E+03   2.8534447E-03   5.2384062E-03
   1.5487718E+03   8.7400000E+03   6.2750000E+03   3.5005346E-03   5.1168574E-03
   1.5487794E+03   8.4200000E+03   6.0130000E+03   5.3940948E-03   7.6639343E-03
   1.5487869E+03   8.8010000E+03   6.3270000E+03   2.9613763E-03   4.3152298E-03
   1.5487944E+03   8.8630000E+03   6.3690000E+03   3.2603604E-03   1.9662247E-03
   1.5488019E+03   8.7450000E+03   6.2850000E+03   2.9031286E-03   1.7839062E-03
   1.5488095E+03   8.9540000E+03   6.3440000E+03   5.9930876E-03   7.1359337E-03
   1.5488170E+03   8.9830000E+03   6.4460000E+03   3.7489236E-03   3.8819578E-03
   1.5488245E+03   8.9400000E+03   6.4860000E+03   1.6912057E-03   3.4749268E-03
   1.5488321E+03   8.9630000E+03   6.4440000E+03   2.6620878E-03   2.7964307E-03
   1.5488396E+03   9.1980000E+03   6.6370000E+03   7.6389123E-04   2.1654721E-03
   1.5488471E+03   9.1830000E+03   6.6440000E+03   1.3752134E-03   2.6022758E-03
   1.5488546E+03   9.0700000E+03   6.4880000E+03   5.5248419E-04   1.8806446E-03
   1.5488622E+03   9.2790000E+03   6.7640000E+03   7.9371625E-04   2.9778593E-03
   1.5488697E+03   9.3470000E+03   6.6810000E+03   5.5739894E-03   6.1228511E-03
   1.5488772E+03   9.3260000E+03   6.8180000E+03   1.5636146E-03   1.8844503E-03
   1.5488848E+03   9.1830000E+03   6.6250000E+03   1.4547335E-03   1.2335509E-03
   1.5488923E+03   9.1970000E+03   6.6230000E+03   5.3175861E-03   6.3662230E-03
   1.5488998E+03   9.1580000E+03   6.6080000E+03   2.4021034E-03   2.0962266E-03
   1.5489073E+03   9.0370000E+03   6.5360000E+03   2.5586694E-03   1.7182497E-03
   1.5489149E+03   9.4390000E+03   6.7340000E+03   4.8178605E-03   4.2929991E-03
   1.5489224E+03   9.1450000E+03   6.5750000E+03   3.8557990E-03   2.7928329E-03
   1.5489299E+03   9.2750000E+03   6.6340000E+03   2.4645137E-03   2.1211678E-03
   1.5489375E+03   9.3160000E+03   6.6590000E+03   2.7296147E-03   1.7311210E-03
   1.5489450E+03   9.1550000E+03   6.5270000E+03   4.2062408E-03   4.3642327E-03
   1.5489525E+03   9.1560000E+03   6.5010000E+03   2.1291508E-03   1.4479029E-03
   1.5489600E+03   9.1460000E+03   6.3800000E+03   1.1938667E-03   3.0404614E-03
   1.5489676E+03   9.0970000E+03   6.4160000E+03   1.8365988E-03   7.9102247E-04
   1.5489751E+03   9.2390000E+03   6.5240000E+03   3.5252743E-03   6.3317175E-03
   1.5489826E+03   9.3060000E+03   6.5740000E+03   3.5841572E-03   4.7630839E-03
   1.5489902E+03   9.0400000E+03   6.3650000E+03   5.7646664E-03   6.0744367E-03
   1.5489977E+03   8.8910000E+03   6.2880000E+03   2.5319465E-03   3.5669596E-03
   1.5490052E+03   8.7960000E+03   6.1070000E+03   1.9078267E-03   2.6253534E-03
   1.5490127E+03   8.9140000E+03   6.1850000E+03   4.0055585E-03   2.1296929E-03
   1.5490203E+03   8.9050000E+03   6.1040000E+03   4.8525281E-03   4.9022294E-03
   1.5490278E+03   8.9940000E+03   6.1860000E+03   1.6906717E-03   1.8509814E-03
   1.5490353E+03   8.8610000E+03   6.0860000E+03   4.5765709E-04   1.9815791E-03
   1.5490429E+03   8.5600000E+03   5.8540000E+03   4.7222198E-03   3.2571772E-03
   1.5490504E+03   8.5210000E+03   5.7940000E+03   3.3010761E-03   2.0325419E-03
   1.5490579E+03   8.5820000E+03   5.7820000E+03   2.3451650E-03   2.2107236E-03
   1.5490654E+03   8.4570000E+03   5.6150000E+03   1.6768010E-03   1.4710402E-03
   1.5490730E+03   8.2950000E+03   5.5160000E+03   4.8915187E-03   5.8086118E-03
   1.5490805E+03   8.2620000E+03   5.4100000E+03   5.8860160E-04   1.6927565E-03
   1.5490880E+03   8.2100000E+03   5.3700000E+03   3.5067181E-03   5.0296527E-03
   1.5490956E+03   8.1580000E+03   5.2640000E+03   2.3883006E-03   2.6541446E-03
   1.5491031E+03   7.9910000E+03   5.0810000E+03   2.8874261E-03   4.4491641E-03
   1.5491106E+03   7.9320000E+03   5.0340000E+03   2.9768715E-03   4.0395803E-03
   1.5491181E+03   7.6830000E+03   4.8400000E+03   1.7782664E-03   4.0298592E-03
   1.5491257E+03   7.7020000E+03   4.8530000E+03   1.2135870E-03   2.8493886E-03
   1.5491332E+03   7.6520000E+03   4.6730000E+03   2.6854471E-03   3.5930995E-03
   1.5491407E+03   7.4310000E+03   4.5420000E+03   5.2672652E-03   9.8840075E-03
   1.5491483E+03   7.2530000E+03   4.4730000E+03   7.4359206E-04   1.6024685E-03
   1.5491558E+03   7.1130000E+03   4.3690000E+03   1.9207760E-03   3.6479265E-03
   1.5491633E+03   7.1130000E+03   4.3590000E+03   3.3334702E-03   2.2473968E-03
   1.5491708E+03   6.8030000E+03   4.1380000E+03   1.5832755E-03   6.1347074E-04
   1.5491784E+03   6.8630000E+03   4.0870000E+03   2.0936049E-03   7.1075115E-04
   1.5491859E+03   6.6080000E+03   3.9540000E+03   2.9315464E-03   5.8360933E-03
   1.5491934E+03   6.5950000E+03   3.9170000E+03   3.1039689E-03   4.4369078E-03
   1.5492010E+03   6.2410000E+03   3.6780000E+03   2.3389499E-03   2.5362310E-03
   1.5492085E+03   6.2670000E+03   3.7270000E+03   4.1099720E-03   5.8763374E-03
   1.5492160E+03   5.9240000E+03   3.5110000E+03   3.4715737E-03   5.9119940E-03
   1.5492235E+03   5.8170000E+03   3.3720000E+03   2.3105899E-03   3.1426529E-03
   1.5492311E+03   5.6610000E+03   3.3700000E+03   2.7351609E-03   2.9878416E-03
   1.5492386E+03   5.5570000E+03   3.2940000E+03   1.1616552E-03   2.0839947E-03
   1.5492461E+03   5.2920000E+03   3.0810000E+03   4.7408541E-03   5.9717212E-03
   1.5492536E+03   5.2150000E+03   3.0400000E+03   5.3322694E-04   2.4028756E-03
   1.5492612E+03   5.0000000E+03   3.0680000E+03   6.4416939E-04   1.7978607E-03
   1.5492687E+03   4.8750000E+03   2.9520000E+03   2.3169769E-03   3.2956013E-03
   1.5492762E+03   4.7610000E+03   2.9440000E+03   3.9702106E-03   5.5601937E-03
   1.5492838E+03   4.5440000E+03   2.7980000E+03   4.4321904E-03   4.9861213E-03
   1.5492913E+03   4.3630000E+03   2.6800000E+03   1.7787258E-03   3.2529416E-03
   1.5492988E+03   4.2490000E+03   2.6290000E+03   1.8271994E-03   2.4994121E-03
   1.5493063E+03   4.2470000E+03   2.7250000E+03   9.1326362E-04   1.9889463E-03
   1.5493139E+03   4.0010000E+03   2.5860000E+03   3.8089660E-03   2.2577397E-03
   1.5493214E+03   3.9040000E+03   2.4850000E+03   2.9926125E-03   1.7964316E-03
   1.5493289E+03   3.7730000E+03   2.4780000E+03   2.5090968E-03   4.6462994E-03
   1.5493365E+03   3.5950000E+03   2.3510000E+03   3.2642348E-03   6.6283380E-03
   1.5493440E+03   3.4990000E+03   2.3350000E+03   5.5126346E-03   3.2213648E-03
   1.5493515E+03   3.3460000E+03   2.3010000E+03   1.3947227E-03   2.7661373E-03
   1.5493590E+03   3.2300000E+03   2.2010000E+03   5.0518512E-03   3.4519302E-03
   1.5493666E+03   3.0960000E+03   2.1620000E+03   4.8721920E-03   4.9616491E-03
   1.5493741E+03   2.8650000E+03   2.0550000E+03   4.5051248E-03   5.7863321E-03
   1.5493816E+03   2.6700000E+03   1.9360000E+03   8.9709077E-04   1.6914898E-03
   1.5493892E+03   2.6080000E+03   1.9310000E+03   1.0234915E-03   2.8005575E-03
   1.5493967E+03   2.4420000E+03   1.8050000E+03   3.3632481E-03   5.7031478E-03
   1.5494042E+03   2.2910000E+03   1.7380000E+03   1.0569847E-03   8.6085258E-04
   1.5494117E+03   2.1540000E+03   1.6610000E+03   2.2479312E-03   2.1070539E-03
   1.5494193E+03   1.9680000E+03   1.5470000E+03   2.9783367E-04   2.0502210E-03
   1.5494268E+03   1.8190000E+03   1.4780000E+03   9.6901167E-04   2.7403373E-03
   1.5494343E+03   1.6620000E+03   1.3820000E+03   2.4657213E-03   2.4619852E-03
   1.5494419E+03   1.5870000E+03   1.3520000E+03   1.2835621E-04   8.9125568E-04
   1.5494494E+03   1.4120000E+03   1.2110000E+03   2.1688629E-03   2.1867765E-03
   1.5494569E+03   1.3880000E+03   1.1990000E+03   3.4121331E-03   4.5968278E-03
   1.5494644E+03   1.1950000E+03   1.0550000E+03   9.0712483E-04   2.0296495E-03
   1.5494720E+03   1.0430000E+03   9.2600000E+02   1.5543617E-03   1.2925027E-03
   1.5494795E+03   1.0230000E+03   9.3400000E+02   6.1837165E-03   6.5212677E-03
   1.5494870E+03   8.9700000E+02   8.0800000E+02   3.2655558E-03   4.0080139E-03
   1.5494946E+03   7.9000000E+02   7.3100000E+02   1.7113245E-03   1.3943681E-03
   1.5495021E+03   7.3500000E+02   6.8900000E+02   2.9660849E-03   3.1640018E-03
   1.5495096E+03   6.6900000E+02   6.2600000E+02   5.6122140E-03   5.9987012E-03
   1.5495171E+03   6.2000000E+02   5.7100000E+02   2.2240811E-03   2.4148530E-03
   1.5495247E+03   5.3500000E+02   4.9400000E+02   1.0024745E-03   1.0855981E-03
   1.5495322E+03   5.2100000E+02   4.8900000E+02   1.1738800E-03   1.2494247E-03
   1.5495397E+03   4.9000000E+02   4.4500000E+02   5.4190800E-04   5.9800686E-04
   1.5495473E+03   4.3700000E+02   4.1300000E+02   2.0461407E-03   2.1651533E-03
   1.5495548E+03   4.4600000E+02   4.0600000E+02   2.6758305E-03   2.9401529E-03
   1.5495623E+03   4.1900000E+02   3.9200000E+02   2.3558990E-03   2.5179995E-03
   1.5495698E+03   3.7700000E+02   3.4300000E+02   3.5248339E-03   3.8740532E-03
   1.5495774E+03   3.5700000E+02   3.3300000E+02   9.2774549E-04   9.9641760E-04
   1.5495849E+03   3.5700000E+02   3.3200000E+02   1.1546154E-03   1.2417258E-03
   1.5495924E+03   3.4900000E+02   3.2300000E+02   9.6607925E-04   1.0434833E-03
   1.5496000E+03   3.3200000E+02   3.1200000E+02   1.0664241E-03   1.1347974E-03
   1.5496075E+03   3.5000000E+02   3.4200000E+02   4.5310155E-03   4.6370894E-03
   1.5496150E+03   3.7600000E+02   3.4400000E+02   4.1366022E-03   4.5189565E-03
   1.5496225E+03   3.3000000E+02   3.1400000E+02   2.4977336E-03   2.6242142E-03
   1.5496301E+03   3.6000000E+02   3.3300000E+02   9.4381356E-04   1.0213001E-03
   1.5496376E+03   3.3600000E+02   3.2300000E+02   6.6212035E-04   6.8871604E-04
   1.5496451E+03   3.4500000E+02   3.3300000E+02   2.7147009E-03   2.8123399E-03
   1.5496527E+03   3.2800000E+02   3.1500000E+02   1.6065353E-03   1.6627449E-03
   1.5496602E+03   2.9400000E+02   2.8300000E+02   2.5130849E-03   2.6108749E-03
   1.5496677E+03   3.3000000E+02   3.1000000E+02   6.0172420E-04   6.3939819E-04
   1.5496752E+03   3.2600000E+02   3.1000000E+02   6.9031176E-04   7.2581810E-04
   1.5496828E+03   3.2600000E+02   3.1300000E+02   3.3988592E-03   3.5400226E-03
   1.5496903E+03   2.7800000E+02   2.6800000E+02   3.5670910E-03   3.7000746E-03
   1.5496978E+03   3.0900000E+02   2.9100000E+02   1.5351819E-03   1.6302142E-03
   1.5497053E+03   2.7800000E+02   2.5600000E+02   1.5732723E-03   1.7081049E-03
   1.5497129E+03   3.0400000E+02   2.8300000E+02   1.5706745E-03   1.6871309E-03
   1.5497204E+03   3.0800000E+02   2.9400000E+02   3.3695826E-03   3.5303808E-03
   1.5497279E+03   2.8300000E+02   2.7300000E+02   1.5642511E-03   1.6214577E-03
   1.5497355E+03   2.4400000E+02   2.3400000E+02   3.0337741E-03   3.1635557E-03
   1.5497430E+03   2.5200000E+02   2.3800000E+02   3.3892703E-04   3.5819673E-04
   1.5497505E+03   2.6000000E+02   2.4700000E+02   1.2865727E-03   1.3539897E-03
   1.5497580E+03   2.7800000E+02   2.6100000E+02   2.9010849E-03   3.0897637E-03
   1.5497656E+03   2.7500000E+02   2.6300000E+02   3.8588757E-03   4.0349885E-03
   1.5497731E+03   2.4200000E+02   2.3000000E+02   2.9307883E-03   3.0831987E-03
   1.5497806E+03   2.7000000E+02   2.5900000E+02   1.6280283E-03   1.6971871E-03
   1.5497882E+03   2.4600000E+02   2.4000000E+02   4.9113092E-03   5.0341004E-03
   1.5497957E+03   2.4000000E+02   2.3000000E+02   1.6655870E-03   1.7378067E-03
   1.5498032E+03   2.2400000E+02   2.1400000E+02   4.4817887E-03   4.6914125E-03
   1.5498107E+03   2.6800000E+02   2.5400000E+02   4.0034352E-03   4.2239606E-03
   1.5498183E+03   2.3400000E+02   2.1500000E+02   3.7809041E-03   4.1151734E-03
   1.5498258E+03   2.3400000E+02   2.2300000E+02   6.0560070E-04   6.3575794E-04
   1.5498333E+03   2.1900000E+02   2.0700000E+02   1.3885586E-03   1.4853237E-03
   1.5498409E+03   2.0800000E+02   2.0200000E+02   1.5054303E-03   1.5501208E-03
   1.5498484E+03   2.1600000E+02   2.0200000E+02   8.0001118E-04   8.5604294E-04
   1.5498559E+03   1.8900000E+02   1.7600000E+02   3.2467144E-03   3.4866747E-03
   1.5498634E+03   1.9100000E+02   1.8300000E+02   2.2318722E-03   2.3307497E-03
   1.5498710E+03   1.8300000E+02   1.6900000E+02   1.3440147E-03   1.4551001E-03
   1.5498785E+03   2.0100000E+02   1.9700000E+02   1.9972394E-03   2.0377539E-03
   1.5498860E+03   1.8500000E+02   1.7800000E+02   2.6465873E-03   2.7506926E-03
   1.5498936E+03   1.8000000E+02   1.7200000E+02   5.6765939E-04   5.9401798E-04
   1.5499011E+03   1.7700000E+02   1.7300000E+02   1.8695690E-03   1.9128059E-03
   1.5499086E+03   1.8800000E+02   1.7200000E+02   1.7343467E-03   1.8964384E-03
   1.5499161E+03   1.8200000E+02   1.6900000E+02   1.2157675E-04   1.3033297E-04
   1.5499237E+03   1.5400000E+02   1.4100000E+02   2.7939959E-05   3.0136336E-05
   1.5499312E+03   1.5200000E+02   1.4600000E+02   6.5532647E-04   6.8234354E-04
   1.5499387E+03   1.7000000E+02   1.5600000E+02   1.4101748E-03   1.5375399E-03
   1.5499463E+03   1.6000000E+02   1.5200000E+02   1.5063486E-03   1.5854915E-03
   1.5499538E+03   1.7800000E+02   1.6700000E+02   1.2834975E-03   1.3676423E-03
   1.5499613E+03   1.6800000E+02   1.4400000E+02   2.3872247E-03   2.7838919E-03
   1.5499688E+03   1.6100000E+02   1.5300000E+02   1.3262510E-03   1.3956793E-03
   1.5499764E+03   1.3600000E+02   1.1900000E+02   2.2838517E-03   2.6097770E-03
   1.5499839E+03   1.5800000E+02   1.4800000E+02   5.8531065E-04   6.2487388E-04
   1.5499914E+03   1.5100000E+02   1.4300000E+02   4.2342208E-03   4.4712642E-03
   1.5499990E+03   1.4900000E+02   1.3700000E+02   1.6024552E-03   1.7430238E-03
   1.5500065E+03   1.4100000E+02   1.3300000E+02   2.0567892E-03   2.1815966E-03
   1.5500140E+03   1.2400000E+02   1.1500000E+02   6.4272710E-04   6.9426438E-04
   1.5500215E+03   1.3600000E+02   1.2300000E+02   5.2713844E-04   5.7939696E-04
   1.5500291E+03   1.3300000E+02   1.2500000E+02   7.9434511E-06   6.6224522E-06
   1.5500366E+03   1.3500000E+02   1.2600000E+02   9.7769136E-04   1.0477076E-03
   1.5500441E+03   1.5100000E+02   1.3800000E+02   9.7165475E-04   1.0585606E-03
   1.5500517E+03   1.4400000E+02   1.3100000E+02   1.3686143E-05   1.2268892E-05
   1.5500592E+03   1.3300000E+02   1.1700000E+02   1.8282226E-05   2.2692429E-05
   1.5500667E+03   1.2600000E+02   1.1100000E+02   1.1945642E-06   1.8417683E-06
   1.5500742E+03   1.4400000E+02   1.3200000E+02   4.7028132E-06   4.6877348E-06
   1.5500818E+03   1.2300000E+02   1.1000000E+02   6.3863105E-06   7.5260377E-06
   1.5500893E+03   1.3400000E+02   1.2600000E+02   1.5904500E-06   1.6409127E-06
   1.5500968E+03   1.1100000E+02   1.0300000E+02   1.5411831E-03   1.6610191E-03
   1.5501044E+03   1.6300000E+02   1.4500000E+02   4.6812633E-04   5.2737016E-04
   1.5501119E+03   1.3600000E+02   1.2500000E+02   8.0635197E-04   8.7662919E-04
   1.5501194E+03   1.3600000E+02   1.2100000E+02   8.9442877E-04   1.0053522E-03
   1.5501269E+03   1.0000000E+02   8.5000000E+01   2.9967457E-06   2.4207529E-06
   1.5501345E+03   1.3200000E+02   1.1800000E+02   7.2483615E-04   8.1087640E-04
   1.5501420E+03   1.2900000E+02   1.1700000E+02   8.4683568E-06   8.9774102E-06
   1.5501495E+03   1.3200000E+02   1.1300000E+02   5.3385936E-06   5.4861644E-06
   1.5501571E+03   1.1100000E+02   1.0300000E+02   1.6690742E-05   1.8671716E-05
   1.5501646E+03   1.4400000E+02   1.3300000E+02   2.9292994E-04   3.1690904E-04
   1.5501721E+03   1.2500000E+02   1.1500000E+02   2.7315361E-05   2.9868403E-05
   1.5501796E+03   1.3100000E+02   1.1600000E+02   4.8815384E-04   5.5290215E-04
   1.5501872E+03   1.1700000E+02   1.0800000E+02   8.9169709E-05   9.7050166E-05
   1.5501947E+03   1.2800000E+02   1.1500000E+02   2.7271882E-04   3.0357310E-04
   1.5502022E+03   1.2400000E+02   1.1500000E+02   1.0772879E-03   1.1617496E-03
   1.5502097E+03   1.1300000E+02   9.9000000E+01   1.3889935E-05   7.1575408E-06
   1.5502173E+03   1.2300000E+02   1.1300000E+02   2.2926888E-03   2.4953932E-03
   1.5502248E+03   1.3800000E+02   1.1700000E+02   1.1181822E-03   1.3168622E-03
   1.5502323E+03   1.2200000E+02   1.0700000E+02   1.1566911E-05   8.4226930E-06
   1.5502399E+03   1.3500000E+02   1.1600000E+02   5.8077168E-07   1.2129365E-06
   1.5502474E+03   1.2200000E+02   1.0400000E+02   7.8009117E-07   4.6902955E-07
   1.5502549E+03   1.1600000E+02   1.0600000E+02   3.8644347E-06   4.7687112E-06
   1.5502624E+03   1.3500000E+02   1.1800000E+02   7.4161698E-04   8.4767252E-04
   1.5502700E+03   1.1500000E+02   9.3000000E+01   9.0051216E-04   1.1139145E-03
   1.5502775E+03   1.2200000E+02   1.0500000E+02   2.7542503E-05   3.0210770E-05
   1.5502850E+03   1.2600000E+02   1.0900000E+02   6.2061333E-06   7.3698190E-06
   1.5502926E+03   1.3800000E+02   1.1600000E+02   3.3317170E-05   4.2067471E-05
   1.5503001E+03   1.4800000E+02   1.2600000E+02   9.6390080E-06   1.1204099E-05
   1.5503076E+03   1.2800000E+02   1.0300000E+02   8.1941216E-06   1.0303980E-05
   1.5503151E+03   1.4000000E+02   1.1800000E+02   4.6402187E-06   4.4042554E-06
   1.5503227E+03   1.6700000E+02   1.4300000E+02   1.1229513E-06   2.9397250E-06
   1.5503302E+03   1.3500000E+02   1.1200000E+02   8.6836383E-06   1.3099505E-05
   1.5503377E+03   1.4400000E+02   1.1800000E+02   1.1408486E-03   1.3913480E-03
   1.5503453E+03   1.6200000E+02   1.3000000E+02   1.2935365E-03   1.6124165E-03
   1.5503528E+03   1.6900000E+02   1.3300000E+02   3.2063377E-06   2.6330789E-06
   1.5503603E+03   1.6500000E+02   1.3000000E+02   4.0641418E-04   5.1649033E-04
   1.5503678E+03   1.6300000E+02   1.2700000E+02   1.3864023E-06   2.2384103E-06
   1.5503754E+03   1.8800000E+02   1.5300000E+02   3.6505115E-05   4.5134178E-05
   1.5503829E+03   1.8500000E+02   1.4500000E+02   5.5078769E-06   5.1550157E-06
   1.5503904E+03   1.8700000E+02   1.5300000E+02   1.2229136E-05   1.2706500E-05
   1.5503980E+03   1.9000000E+02   1.4900000E+02   1.0545207E-06   1.6991915E-06
   1.5504055E+03   1.8000000E+02   1.4100000E+02   3.4450862E-07   1.5094941E-06
   1.5504130E+03   1.8500000E+02   1.5100000E+02   1.3782300E-05   1.6382632E-05
   1.5504205E+03   2.2500000E+02   1.8000000E+02   6.1272198E-04   5.2550914E-06
   1.5504281E+03   2.1600000E+02   1.6000000E+02   3.4450602E-05   1.4633664E-06
   1.5504356E+03   2.2400000E+02   1.7500000E+02   2.9643550E-04   3.8000507E-04
   1.5504431E+03   2.1100000E+02   1.6100000E+02   4.3540177E-06   3.9538899E-06
   1.5504507E+03   2.3600000E+02   1.8900000E+02   3.8526876E-04   4.8138700E-04
   1.5504582E+03   2.2500000E+02   1.7700000E+02   2.6837199E-06   3.3105091E-06
   1.5504657E+03   2.5500000E+02   1.9100000E+02   6.8866933E-04   9.0044656E-04
   1.5504732E+03   2.6900000E+02   2.1100000E+02   8.7118260E-06   1.0310045E-05
   1.5504808E+03   2.5100000E+02   1.8500000E+02   3.2063112E-04   4.3575273E-04
   1.5504883E+03   2.9500000E+02   2.2000000E+02   4.1623329E-06   3.2723297E-06
   1.5504958E+03   2.7600000E+02   2.1900000E+02   1.7727945E-05   2.2856492E-05
   1.5505034E+03   3.0200000E+02   2.2900000E+02   2.2798535E-04   3.0075836E-04
   1.5505109E+03   2.9900000E+02   2.2400000E+02   1.4916044E-05   2.0001588E-05
   1.5505184E+03   3.1700000E+02   2.4400000E+02   2.0080434E-06   1.3504035E-06
   1.5505259E+03   3.5100000E+02   2.7500000E+02   1.3866931E-06   1.7293114E-06
   1.5505335E+03   3.3600000E+02   2.5000000E+02   5.7183939E-04   7.6776988E-04
   1.5505410E+03   3.3000000E+02   2.5100000E+02   5.4726457E-04   3.6155273E-06
   1.5505485E+03   3.7800000E+02   2.9000000E+02   6.2134447E-07   7.9389968E-07
   1.5505561E+03   3.6800000E+02   2.8200000E+02   3.6880502E-04   4.8303688E-04
   1.5505636E+03   3.8500000E+02   3.0100000E+02   3.4585131E-05   4.7023913E-05
   1.5505711E+03   4.2700000E+02   3.3600000E+02   8.9278559E-06   1.2310739E-05
   1.5505786E+03   3.7700000E+02   2.8600000E+02   4.2807391E-04   5.6545566E-04
   1.5505862E+03   4.1800000E+02   3.2000000E+02   1.0287976E-05   2.8211373E-06
   1.5505937E+03   3.9300000E+02   3.1000000E+02   5.7351417E-05   4.8984326E-06
   1.5506012E+03   4.8000000E+02   3.7700000E+02   5.7372240E-04   7.3057999E-04
   1.5506087E+03   4.6200000E+02   3.6500000E+02   1.0218422E-05   1.3257760E-05
   1.5506163E+03   4.9200000E+02   3.9600000E+02   9.7407068E-06   1.2592030E-05
   1.5506238E+03   4.7800000E+02   3.8400000E+02   1.5668627E-04   1.9456901E-04
   1.5506313E+03   4.9100000E+02   3.7700000E+02   3.8697783E-06   4.5689578E-06
   1.5506389E+03   5.7200000E+02   4.5100000E+02   4.3444743E-04   1.7424787E-06
   1.5506464E+03   5.3600000E+02   4.1600000E+02   5.0649042E-04   2.7471324E-04
   1.5506539E+03   5.0800000E+02   3.9100000E+02   7.8282623E-06   1.2173640E-06
   1.5506614E+03   5.8800000E+02   4.6300000E+02   1.9438863E-06   3.6351688E-06
   1.5506690E+03   5.4200000E+02   4.1700000E+02   2.0995993E-04   7.4112161E-06
   1.5506765E+03   5.8300000E+02   4.5700000E+02   2.0065748E-05   1.8200510E-05
   1.5506840E+03   5.9900000E+02   4.7400000E+02   1.0136915E-06   7.1564984E-07
   1.5506916E+03   6.3600000E+02   5.0200000E+02   4.0531275E-06   5.0487323E-06
   1.5506991E+03   6.8400000E+02   5.4000000E+02   8.1282907E-05   1.0394843E-04
   1.5507066E+03   6.5800000E+02   5.0600000E+02   1.7156851E-04   9.9144020E-05
   1.5507141E+03   6.7100000E+02   5.3500000E+02   1.4064529E-04   3.3373117E-06
   1.5507217E+03   7.2100000E+02   5.5700000E+02   3.4224288E-04   4.4116369E-04
   1.5507292E+03   7.3900000E+02   5.5200000E+02   7.8015286E-05   1.0420787E-04
   1.5507367E+03   7.0600000E+02   5.5100000E+02   3.0873790E-04   3.9351815E-04
   1.5507443E+03   7.8100000E+02   6.1900000E+02   5.3271795E-05   1.6344317E-05
   1.5507518E+03   8.0500000E+02   6.2500000E+02   3.9740136E-06   4.1564637E-06
   1.5507593E+03   8.1500000E+02   6.4600000E+02   3.5209007E-04   4.0832481E-04
   1.5507668E+03   8.6900000E+02   6.7500000E+02   6.6668179E-05   1.8190865E-04
   1.5507744E+03   9.0000000E+02   6.9200000E+02   4.6732156E-05   6.1893453E-05
   1.5507819E+03   8.5300000E+02   6.3900000E+02   4.7399597E-05   3.3039894E-05
   1.5507894E+03   8.7300000E+02   6.8400000E+02   2.4622006E-04   3.1445341E-04
   1.5507970E+03   9.4900000E+02   7.2200000E+02   5.3702946E-06   6.0133252E-06
   1.5508045E+03   9.4600000E+02   6.7500000E+02   2.6162643E-04   3.6549511E-04
   1.5508120E+03   1.0780000E+03   8.1500000E+02   6.0141065E-04   7.9353207E-04
   1.5508195E+03   1.0330000E+03   7.5900000E+02   2.0009635E-04   2.5525188E-04
   1.5508271E+03   1.0630000E+03   8.0300000E+02   5.2106324E-05   7.0035469E-05
   1.5508346E+03   1.1430000E+03   8.5100000E+02   1.2809981E-04   9.3353604E-05
   1.5508421E+03   1.1910000E+03   8.5000000E+02   1.3219827E-04   1.8330772E-04
   1.5508497E+03   1.2670000E+03   8.9200000E+02   5.1229528E-04   7.2828677E-04
   1.5508572E+03   1.2610000E+03   8.9700000E+02   5.8128126E-05   8.0861443E-05
   1.5508647E+03   1.3240000E+03   9.3000000E+02   1.8996015E-04   2.7555067E-04
   1.5508722E+03   1.3820000E+03   9.5400000E+02   3.2557130E-04   1.5154818E-05
   1.5508798E+03   1.4030000E+03   9.4500000E+02   1.6451819E-04   2.7440671E-04
   1.5508873E+03   1.5100000E+03   1.0160000E+03   1.5464173E-04   8.7664178E-05
   1.5508948E+03   1.6340000E+03   1.0620000E+03   2.3878117E-04   5.0835797E-05
   1.5509024E+03   1.6950000E+03   1.1550000E+03   1.4329270E-04   1.6972047E-04
   1.5509099E+03   1.7560000E+03   1.0890000E+03   2.3032122E-04   1.9035953E-04
   1.5509174E+03   1.8750000E+03   1.1300000E+03   2.9604686E-04   3.5629508E-04
   1.5509249E+03   1.9580000E+03   1.2240000E+03   1.2296049E-04   1.2502498E-05
   1.5509325E+03   2.0500000E+03   1.2420000E+03   1.7892002E-04   2.1055999E-04
   1.5509400E+03   2.1180000E+03   1.2630000E+03   1.1189729E-04   2.5008702E-04
   1.5509475E+03   2.3150000E+03   1.3290000E+03   1.2889109E-04   2.1906997E-04
   1.5509551E+03   2.5360000E+03   1.4770000E+03   3.0451499E-04   3.0983853E-04
   1.5509626E+03   2.5530000E+03   1.4410000E+03   5.8056284E-05   1.0008326E-04
   1.5509701E+03   2.6740000E+03   1.5190000E+03   1.6543382E-04   6.1109657E-05
   1.5509776E+03   2.8180000E+03   1.5580000E+03   4.6356707E-05   1.6985656E-04
   1.5509852E+03   2.9780000E+03   1.6430000E+03   1.2965556E-04   8.3756946E-05
   1.5509927E+03   3.1780000E+03   1.8100000E+03   1.6784586E-04   9.2296067E-05
   1.5510002E+03   3.2780000E+03   1.8020000E+03   2.8749078E-05   3.2280807E-04
   1.5510078E+03   3.3570000E+03   1.8420000E+03   1.9503382E-04   4.1444623E-04
   1.5510153E+03   3.5280000E+03   1.9600000E+03   2.1041672E-04   3.3614352E-04
   1.5510228E+03   3.7630000E+03   2.1640000E+03   1.5152398E-04   2.1292846E-04
   1.5510303E+03   3.8180000E+03   2.1630000E+03   8.6797594E-05   2.8248559E-04
   1.5510379E+03   4.0670000E+03   2.2780000E+03   2.9695085E-04   4.4672128E-04
   1.5510454E+03   4.1050000E+03   2.3690000E+03   2.6878060E-04   4.0902420E-04
   1.5510529E+03   4.2410000E+03   2.4850000E+03   8.8478886E-05   2.6179791E-04
   1.5510604E+03   4.4620000E+03   2.6260000E+03   1.9443120E-04   3.6778061E-04
   1.5510680E+03   4.6190000E+03   2.7500000E+03   1.0770453E-04   1.6660774E-04
   1.5510755E+03   4.7950000E+03   2.8320000E+03   1.3801693E-04   2.0700545E-04
   1.5510830E+03   4.8750000E+03   2.9020000E+03   1.3498398E-04   8.3918054E-05
   1.5510906E+03   5.0380000E+03   3.0450000E+03   3.8198880E-05   1.7371179E-04
   1.5510981E+03   5.2380000E+03   3.2040000E+03   1.7803792E-04   8.9991268E-05
   1.5511056E+03   5.2790000E+03   3.1870000E+03   1.9110956E-04   2.1523467E-04
   1.5511131E+03   5.4840000E+03   3.4650000E+03   5.0600190E-05   1.1098313E-04
   1.5511207E+03   5.7600000E+03   3.6530000E+03   1.2038546E-04   1.3694534E-04
   1.5511282E+03   5.6370000E+03   3.6420000E+03   2.4130822E-04   2.3242636E-04
   1.5511357E+03   5.9820000E+03   3.8660000E+03   3.5198163E-05   8.0292377E-05
   1.5511433E+03   6.0310000E+03   3.9030000E+03   2.3119099E-04   2.9276707E-04
   1.5511508E+03   6.1820000E+03   3.9560000E+03   1.5395068E-04   2.7979904E-04
   1.5511583E+03   6.3000000E+03   4.1070000E+03   1.3507936E-04   2.0386720E-04
   1.5511658E+03   6.2830000E+03   4.1320000E+03   3.1111409E-05   1.0499203E-04
   1.5511734E+03   6.5500000E+03   4.3450000E+03   8.7658270E-05   1.9013359E-04
   1.5511809E+03   6.6210000E+03   4.4200000E+03   2.4654530E-04   2.1850596E-04
   1.5511884E+03   6.8350000E+03   4.6790000E+03   1.5052812E-04   2.3485973E-04
   1.5511960E+03   6.7890000E+03   4.6190000E+03   1.8255125E-04   3.4877705E-04
   1.5512035E+03   7.0650000E+03   4.8630000E+03   5.3863727E-05   6.0554331E-05
   1.5512110E+03   7.0920000E+03   4.8130000E+03   9.8828847E-05   1.9348781E-04
   1.5512185E+03   7.1050000E+03   4.8740000E+03   8.1501993E-05   9.0831189E-05
   1.5512261E+03   7.2680000E+03   5.0080000E+03   2.7334383E-05   7.1817987E-05
   1.5512336E+03   7.3570000E+03   5.0750000E+03   2.1278429E-04   2.1430942E-04
   1.5512411E+03   7.5400000E+03   5.2570000E+03   2.0164411E-04   2.3463849E-04
   1.5512487E+03   7.5660000E+03   5.3120000E+03   1.3045718E-04   2.6097962E-04
   1.5512562E+03   7.7830000E+03   5.5120000E+03   6.9821889E-05   2.4111878E-04
   1.5512637E+03   7.8100000E+03   5.4990000E+03   1.0711409E-04   9.0306481E-05
   1.5512712E+03   7.8990000E+03   5.5380000E+03   1.2275899E-04   1.2228912E-04
   1.5512788E+03   7.8220000E+03   5.5410000E+03   1.1517875E-04   1.4648492E-04
   1.5512863E+03   8.0690000E+03   5.7440000E+03   1.3069463E-04   1.7353921E-04
   1.5512938E+03   8.0060000E+03   5.6710000E+03   1.4106768E-04   9.6025362E-05
   1.5513014E+03   8.2270000E+03   5.8930000E+03   9.9310752E-05   1.7781056E-04
   1.5513089E+03   8.0710000E+03   5.7080000E+03   2.7307760E-04   1.4480875E-04
   1.5513164E+03   8.1290000E+03   5.7410000E+03   6.2166544E-05   3.2300851E-05
   1.5513239E+03   8.3970000E+03   6.0030000E+03   1.0153816E-04   1.2992545E-04
   1.5513315E+03   8.3840000E+03   6.0070000E+03   1.0570262E-04   2.3216373E-04
   1.5513390E+03   8.4420000E+03   6.0090000E+03   4.4562618E-05   1.8207736E-05
   1.5513465E+03   8.5660000E+03   6.1010000E+03   6.3312954E-05   6.7435368E-05
   1.5513541E+03   8.5630000E+03   6.2230000E+03   1.0681282E-04   1.2525989E-04
   1.5513616E+03   8.5750000E+03   6.1200000E+03   2.5269195E-04   3.9821514E-04
   1.5513691E+03   8.5860000E+03   6.1180000E+03   1.2113313E-04   9.0523969E-05
   1.5513766E+03   8.6730000E+03   6.2020000E+03   1.2020846E-04   2.4513776E-04
   1.5513842E+03   8.6600000E+03   6.2420000E+03   7.7133925E-05   4.0516562E-05
   1.5513917E+03   8.8550000E+03   6.3820000E+03   1.8655376E-04   1.6272211E-04
   1.5513992E+03   8.8060000E+03   6.4130000E+03   1.5338401E-04   2.1107794E-04
   1.5514068E+03   8.8590000E+03   6.3960000E+03   4.7192363E-05   1.0555392E-04
   1.5514143E+03   9.0440000E+03   6.4650000E+03   9.7451260E-05   1.4410680E-04
   1.5514218E+03   8.7230000E+03   6.2780000E+03   3.4408462E-04   3.2060998E-04
   1.5514293E+03   8.8690000E+03   6.3310000E+03   2.9497636E-04   3.4933679E-04
   1.5514369E+03   8.9610000E+03   6.3390000E+03   9.1416523E-05   1.5882674E-04
   1.5514444E+03   8.9530000E+03   6.4160000E+03   1.3674895E-04   1.2411644E-04
   1.5514519E+03   9.1190000E+03   6.5900000E+03   1.3538045E-04   1.7335726E-04
   1.5514595E+03   9.0160000E+03   6.4680000E+03   2.4171880E-04   3.7318914E-04
   1.5514670E+03   8.8550000E+03   6.4360000E+03   3.5716781E-04   4.5362558E-04
   1.5514745E+03   8.8640000E+03   6.3060000E+03   3.5546981E-05   1.0648650E-04
   1.5514820E+03   8.8870000E+03   6.3280000E+03   9.1090858E-05   1.5129006E-04
   1.5514896E+03   9.0430000E+03   6.3840000E+03   4.8734052E-05   1.1296595E-04
   1.5514971E+03   9.0510000E+03   6.4440000E+03   2.8080684E-04   2.9627528E-04
   1.5515046E+03   9.0000000E+03   6.4240000E+03   1.8289063E-04   2.4242702E-04
   1.5515122E+03   8.7650000E+03   6.2240000E+03   7.5990205E-05   1.2632032E-04
   1.5515197E+03   8.9670000E+03   6.3260000E+03   2.5483595E-04   3.3951167E-04
   1.5515272E+03   8.8460000E+03   6.2080000E+03   1.9254757E-05   2.1146141E-05
   1.5515347E+03   8.8180000E+03   6.2470000E+03   1.0566597E-04   1.8974496E-04
   1.5515423E+03   8.8990000E+03   6.2120000E+03   2.1571945E-04   1.8368916E-04
   1.5515498E+03   8.8420000E+03   6.2050000E+03   4.8776716E-05   2.7140966E-05
   1.5515573E+03   8.8050000E+03   6.0770000E+03   2.1235213E-04   2.7119664E-04
   1.5515648E+03   8.6150000E+03   5.9920000E+03   3.3251233E-04   3.8590057E-04
   1.5515724E+03   8.6250000E+03   6.0340000E+03   2.0923461E-04   2.9926431E-04
   1.5515799E+03   8.4900000E+03   5.8290000E+03   2.5929616E-04   4.5901373E-04
   1.5515874E+03   8.3000000E+03   5.6980000E+03   2.7416113E-04   4.1692521E-04
   1.5515950E+03   8.4480000E+03   5.7380000E+03   1.6043458E-04   1.8898025E-04
   1.5516025E+03   8.2900000E+03   5.6570000E+03   8.2033526E-05   1.6301795E-04
   1.5516100E+03   8.3720000E+03   5.7110000E+03   1.5667755E-04   1.1102345E-04
   1.5516175E+03   8.2100000E+03   5.4840000E+03   9.3007570E-05   2.5363156E-04
   1.5516251E+03   8.2970000E+03   5.5650000E+03   7.5362529E-05   1.2689941E-04
   1.5516326E+03   8.2070000E+03   5.4280000E+03   4.0683894E-04   6.7734896E-04
   1.5516401E+03   7.9830000E+03   5.2910000E+03   2.7667058E-04   3.8662777E-04
   1.5516477E+03   7.8370000E+03   5.1520000E+03   2.2909196E-04   3.9991916E-04
   1.5516552E+03   7.7590000E+03   5.1040000E+03   1.7943884E-04   2.5176629E-04
   1.5516627E+03   7.5490000E+03   4.8250000E+03   3.6639442E-04   3.8214924E-04
   1.5516702E+03   7.6360000E+03   4.9350000E+03   8.3623010E-05   6.9774816E-05
   1.5516778E+03   7.4910000E+03   4.7330000E+03   2.5083327E-04   3.0432518E-04
   1.5516853E+03   7.4430000E+03   4.7150000E+03   2.4171599E-04   2.4428446E-04
   1.5516928E+03   7.3080000E+03   4.4790000E+03   3.1618387E-04   4.7148123E-04
   1.5517004E+03   7.1290000E+03   4.4450000E+03   3.8296766E-04   5.0036326E-04
   1.5517079E+03   6.8880000E+03   4.2250000E+03   2.7797818E-04   3.5194929E-04
   1.5517154E+03   6.8250000E+03   4.1220000E+03   1.9374740E-04   3.7284179E-04
   1.5517229E+03   6.6500000E+03   4.0070000E+03   1.0250064E-04   1.0601461E-04
   1.5517305E+03   6.5420000E+03   3.9360000E+03   2.2134482E-04   4.9247978E-04
   1.5517380E+03   6.5010000E+03   3.8760000E+03   2.9887584E-04   5.3344058E-04
   1.5517455E+03   6.2940000E+03   3.8020000E+03   1.9638280E-04   2.4961594E-04
   1.5517531E+03   6.2350000E+03   3.7980000E+03   1.1208062E-04   1.9830225E-04
   1.5517606E+03   6.0150000E+03   3.6030000E+03   1.8842016E-04   3.9374447E-04
   1.5517681E+03   5.9150000E+03   3.5380000E+03   2.4804606E-05   1.6917511E-04
   1.5517756E+03   5.7070000E+03   3.3730000E+03   4.1125073E-04   6.3322137E-04
   1.5517832E+03   5.6250000E+03   3.3820000E+03   2.6228141E-04   4.3890321E-04
   1.5517907E+03   5.5660000E+03   3.3080000E+03   2.4274388E-04   5.7079990E-04
   1.5517982E+03   5.4630000E+03   3.2220000E+03   3.2508012E-04   7.0062765E-04
   1.5518058E+03   5.3040000E+03   3.1620000E+03   5.3042991E-04   7.2439037E-04
   1.5518133E+03   5.1020000E+03   2.9960000E+03   2.4241623E-04   2.8887375E-04
   1.5518208E+03   4.9140000E+03   2.9430000E+03   4.8194217E-04   6.9598584E-04
   1.5518283E+03   4.8720000E+03   2.8550000E+03   5.1722763E-04   9.7430907E-04
   1.5518359E+03   4.7820000E+03   2.9040000E+03   4.0805734E-04   7.0151172E-04
   1.5518434E+03   4.6160000E+03   2.7970000E+03   7.1775209E-04   1.0917972E-03
   1.5518509E+03   4.5650000E+03   2.7930000E+03   5.1621412E-04   8.7855980E-04
   1.5518585E+03   4.3730000E+03   2.6620000E+03   1.9851723E-04   2.6498186E-04
   1.5518660E+03   4.3130000E+03   2.6260000E+03   3.1926156E-04   2.0922481E-04
   1.5518735E+03   4.1950000E+03   2.5780000E+03   3.2013680E-04   5.8911926E-04
   1.5518810E+03   4.1720000E+03   2.5150000E+03   1.8196135E-04   4.3097954E-04
   1.5518886E+03   4.0530000E+03   2.5610000E+03   4.8202936E-04   5.9488725E-04
   1.5518961E+03   3.9030000E+03   2.3810000E+03   6.0194996E-04   7.9593100E-04
   1.5519036E+03   3.8910000E+03   2.4130000E+03   2.8811328E-04   7.7244052E-04
   1.5519112E+03   3.8260000E+03   2.3560000E+03   5.9584027E-04   6.6164834E-04
   1.5519187E+03   3.8380000E+03   2.4250000E+03   1.0320416E-04   6.0987525E-04
   1.5519262E+03   3.7580000E+03   2.3270000E+03   1.2009334E-04   4.4154421E-05
   1.5519337E+03   3.7730000E+03   2.3470000E+03   4.7634811E-04   7.5445676E-04
   1.5519413E+03   3.6510000E+03   2.3360000E+03   6.1240363E-04   1.1190338E-03
   1.5519488E+03   3.5460000E+03   2.3010000E+03   3.1654898E-04   6.7066558E-04
   1.5519563E+03   3.4690000E+03   2.2130000E+03   1.1354224E-03   1.7443152E-03
   1.5519638E+03   3.5360000E+03   2.3080000E+03   7.2992105E-05   1.4536638E-04
   1.5519714E+03   3.4710000E+03   2.1310000E+03   3.9742977E-04   4.3262774E-04
   1.5519789E+03   3.5000000E+03   2.2260000E+03   4.5938154E-04   6.7457494E-04
   1.5519864E+03   3.3250000E+03   2.1130000E+03   3.6752938E-04   1.9415721E-04
   1.5519940E+03   3.2820000E+03   2.0880000E+03   5.5508343E-04   6.9928652E-04
   1.5520015E+03   3.2620000E+03   2.0670000E+03   8.8470919E-05   4.1555255E-04
   1.5520090E+03   3.1900000E+03   2.0250000E+03   3.6299327E-04   7.8197503E-04
   1.5520165E+03   3.2240000E+03   2.0380000E+03   5.8196905E-05   2.6316471E-04
   1.5520241E+03   3.1870000E+03   2.0100000E+03   2.2391782E-04   5.1095733E-04
   1.5520316E+03   3.1250000E+03   1.9800000E+03   5.1553995E-04   4.0399599E-04
   1.5520391E+03   3.2100000E+03   2.0300000E+03   3.5012747E-04   4.9422911E-04
   1.5520467E+03   3.1480000E+03   1.9950000E+03   1.7172791E-04   2.4518609E-04
   1.5520542E+03   3.1250000E+03   2.0310000E+03   3.3931590E-04   4.1143406E-04
   1.5520617E+03   2.9770000E+03   1.9030000E+03   9.4422291E-05   1.2792245E-04
   1.5520692E+03   2.9950000E+03   1.8940000E+03   5.3940043E-04   1.0316402E-03
   1.5520768E+03   3.0770000E+03   1.9290000E+03   1.5385398E-04   3.3047546E-04
   1.5520843E+03   3.0060000E+03   1.8760000E+03   4.4117833E-04   7.4737746E-04
   1.5520918E+03   2.9580000E+03   1.8440000E+03   4.0098013E-04   7.4613593E-04
   1.5520994E+03   2.8840000E+03   1.8190000E+03   6.7721839E-05   2.9394782E-04
   1.5521069E+03   2.8790000E+03   1.7800000E+03   5.8572047E-04   9.7981231E-04
   1.5521144E+03   2.9270000E+03   1.8430000E+03   3.3852837E-04   4.8662759E-04
   1.5521219E+03   2.9070000E+03   1.8320000E+03   2.2640302E-04   6.0331300E-04
   1.5521295E+03   2.8900000E+03   1.8110000E+03   7.7449179E-04   1.1011292E-03
   1.5521370E+03   2.9020000E+03   1.8450000E+03   2.6951580E-04   1.7887469E-04
   1.5521445E+03   2.8700000E+03   1.8370000E+03   5.3084652E-04   6.2539937E-04
   1.5521521E+03   2.8130000E+03   1.7630000E+03   5.9345905E-04   1.0893344E-03
   1.5521596E+03   2.7520000E+03   1.7600000E+03   3.9516848E-04   3.8880801E-04
   1.5521671E+03   2.7900000E+03   1.7810000E+03   3.0464301E-04   3.5790203E-04
   1.5521746E+03   2.8800000E+03   1.7990000E+03   7.1136752E-04   9.0357140E-04
   1.5521822E+03   2.8720000E+03   1.8010000E+03   7.2515162E-04   5.5047503E-04
   1.5521897E+03   2.7950000E+03   1.7860000E+03   7.5952210E-04   9.1213702E-04
   1.5521972E+03   2.8580000E+03   1.8000000E+03   3.3798973E-04   3.4404348E-04
   1.5522048E+03   2.8020000E+03   1.7630000E+03   2.2809882E-04   4.8241306E-04
   1.5522123E+03   2.8970000E+03   1.8280000E+03   5.9605218E-04   1.1579964E-03
   1.5522198E+03   2.8640000E+03   1.8020000E+03   4.8326371E-04   7.6603463E-04
   1.5522273E+03   2.7730000E+03   1.7510000E+03   4.0853939E-04   4.1075936E-04
   1.5522349E+03   2.7920000E+03   1.7540000E+03   1.2269346E-03   1.8302968E-03
   1.5522424E+03   2.7710000E+03   1.7030000E+03   8.7484147E-04   9.9898728E-04
   1.5522499E+03   2.7570000E+03   1.7130000E+03   3.1698980E-04   5.4681611E-04
   1.5522575E+03   2.7700000E+03   1.7190000E+03   6.3638110E-04   8.3848995E-04
   1.5522650E+03   2.7780000E+03   1.7620000E+03   5.2883744E-04   6.5900901E-04
   1.5522725E+03   2.8370000E+03   1.7900000E+03   9.8754366E-04   1.3593890E-03
   1.5522800E+03   2.7920000E+03   1.7710000E+03   1.6856901E-04   2.5912996E-04
   1.5522876E+03   2.7720000E+03   1.7670000E+03   5.4492389E-04   8.5487669E-04
   1.5522951E+03   2.8670000E+03   1.8280000E+03   4.3642050E-04   8.1846006E-04
   1.5523026E+03   2.8260000E+03   1.8240000E+03   4.0005325E-04   6.0104241E-04
   1.5523102E+03   2.7970000E+03   1.7740000E+03   5.4130745E-04   8.5421647E-04
   1.5523177E+03   2.7290000E+03   1.7470000E+03   4.1547874E-04   5.8738932E-04
   1.5523252E+03   2.6990000E+03   1.7460000E+03   4.2116942E-04   6.5105169E-04
   1.5523327E+03   2.7400000E+03   1.7530000E+03   4.9603058E-04   6.2258359E-04
   1.5523403E+03   2.7860000E+03   1.7330000E+03   5.8971055E-04   8.9979088E-04
   1.5523478E+03   2.7550000E+03   1.7570000E+03   3.6233003E-04   5.4454948E-04
   1.5523553E+03   2.8130000E+03   1.8090000E+03   7.9794888E-04   1.0265915E-03
   1.5523629E+03   2.7630000E+03   1.7420000E+03   1.0771496E-03   1.7084811E-03
   1.5523704E+03   2.7200000E+03   1.7180000E+03   3.9050092E-04   5.7339514E-04
   1.5523779E+03   2.7370000E+03   1.7650000E+03   7.1545878E-04   1.0502867E-03
   1.5523854E+03   2.6900000E+03   1.7380000E+03   2.5356380E-04   3.9245490E-04
   1.5523930E+03   2.7900000E+03   1.7370000E+03   1.4294177E-04   5.2649529E-04
   1.5524005E+03   2.6910000E+03   1.7590000E+03   1.7335441E-04   4.4079203E-04
   1.5524080E+03   2.7780000E+03   1.7760000E+03   3.2653457E-04   1.4243885E-04
   1.5524155E+03   2.7180000E+03   1.7680000E+03   8.3566030E-04   1.2734754E-03
   1.5524231E+03   2.6300000E+03   1.6470000E+03   6.3936145E-04   1.3228247E-03
   1.5524306E+03   2.7660000E+03   1.7590000E+03   5.4862467E-04   1.1516076E-03
   1.5524381E+03   2.6800000E+03   1.6730000E+03   3.4543380E-04   5.3439907E-04
   1.5524457E+03   2.7870000E+03   1.7880000E+03   5.1709360E-04   7.7466144E-04
   1.5524532E+03   2.7820000E+03   1.7800000E+03   5.7338459E-04   8.4769419E-04
   1.5524607E+03   2.7900000E+03   1.8120000E+03   7.0469783E-04   8.1976153E-04
   1.5524682E+03   2.7560000E+03   1.7550000E+03   7.6220292E-05   1.3397123E-04
   1.5524758E+03   2.7300000E+03   1.7450000E+03   4.2991694E-04   6.9672157E-04
   1.5524833E+03   2.7610000E+03   1.7910000E+03   5.5876466E-04   7.7298985E-04
   1.5524908E+03   2.7810000E+03   1.7490000E+03   4.6585935E-04   8.0582336E-04
   1.5524984E+03   2.8200000E+03   1.7970000E+03   3.9427243E-04   3.3923401E-04
   1.5525059E+03   2.7170000E+03   1.7190000E+03   2.8966023E-04   3.8793941E-04
   1.5525134E+03   2.7670000E+03   1.7800000E+03   5.3693217E-04   8.0089089E-04
   1.5525209E+03   2.7140000E+03   1.7060000E+03   4.9903736E-04   8.0932549E-04
   1.5525285E+03   2.6720000E+03   1.6870000E+03   2.0422541E-04   3.2346810E-04
   1.5525360E+03   2.7460000E+03   1.7250000E+03   3.4545899E-04   4.4138092E-04
   1.5525435E+03   2.6740000E+03   1.6820000E+03   5.4796741E-04   6.8217464E-04
   1.5525511E+03   2.7490000E+03   1.7450000E+03   5.8451681E-04   7.3481761E-04
   1.5525586E+03   2.7210000E+03   1.7270000E+03   9.1409390E-05   2.1227639E-04
   1.5525661E+03   2.8440000E+03   1.7730000E+03   3.4500267E-04   4.9746890E-04
   1.5525736E+03   2.7420000E+03   1.7380000E+03   4.2461213E-05   6.6990016E-05
   1.5525812E+03   2.7990000E+03   1.8060000E+03   4.1423913E-04   7.0201026E-04
   1.5525887E+03   2.6680000E+03   1.7130000E+03   3.8227104E-04   5.9538770E-04
   1.5525962E+03   2.6730000E+03   1.7100000E+03   2.6305847E-04   4.1120483E-04
   1.5526038E+03   2.6620000E+03   1.6680000E+03   2.3587557E-04   5.4402957E-04
   1.5526113E+03   2.7590000E+03   1.7330000E+03   1.8562262E-04   2.9551807E-04
   1.5526188E+03   2.7040000E+03   1.6800000E+03   1.2486951E-04   2.5150605E-04
   1.5526263E+03   2.6560000E+03   1.6440000E+03   2.3458729E-04   1.0790098E-04
   1.5526339E+03   2.5970000E+03   1.6370000E+03   2.4764954E-04   1.7895738E-04
   1.5526414E+03   2.7690000E+03   1.7540000E+03   7.7885809E-04   9.0150021E-04
   1.5526489E+03   2.8030000E+03   1.7670000E+03   4.2752467E-04   4.7866782E-04
   1.5526565E+03   2.7360000E+03   1.7830000E+03   1.5545833E-04   2.3854964E-04
   1.5526640E+03   2.7600000E+03   1.7100000E+03   3.4959416E-04   3.0264244E-04
   1.5526715E+03   2.6950000E+03   1.7030000E+03   3.5757555E-04   5.5505321E-04
   1.5526790E+03   2.6570000E+03   1.6790000E+03   2.6153481E-04   5.0867858E-04
   1.5526866E+03   2.6560000E+03   1.7090000E+03   1.9056423E-04   1.6308430E-04
   1.5526941E+03   2.7510000E+03   1.7290000E+03   2.7683233E-04   3.2457364E-04
   1.5527016E+03   2.6480000E+03   1.6580000E+03   1.2772845E-04   2.9691902E-04
   1.5527092E+03   2.6320000E+03   1.6930000E+03   4.9942334E-04   8.6172263E-04
   1.5527167E+03   2.7560000E+03   1.7770000E+03   1.7576418E-04   2.0414080E-04
   1.5527242E+03   2.7760000E+03   1.7680000E+03   7.8247064E-04   6.9224852E-04
   1.5527317E+03   2.7530000E+03   1.7580000E+03   1.5716273E-04   2.5996338E-04
   1.5527393E+03   2.7190000E+03   1.7560000E+03   4.6044570E-04   7.1295664E-04
   1.5527468E+03   2.6410000E+03   1.6630000E+03   2.1365376E-04   3.4171827E-04
   1.5527543E+03   2.7320000E+03   1.7570000E+03   7.8538768E-04   9.7155464E-04
   1.5527619E+03   2.5590000E+03   1.6380000E+03   3.3081105E-04   5.9451173E-04
   1.5527694E+03   2.6500000E+03   1.7290000E+03   3.4732921E-04   5.9841571E-04
   1.5527769E+03   2.6660000E+03   1.6880000E+03   1.8256385E-04   4.0371414E-04
   1.5527844E+03   2.6330000E+03   1.6780000E+03   1.8105979E-04   2.8410958E-04
   1.5527920E+03   2.6720000E+03   1.7150000E+03   5.8881055E-04   8.4839045E-04
   1.5527995E+03   2.7570000E+03   1.7450000E+03   9.1627200E-04   1.3854805E-03
   1.5528070E+03   2.6870000E+03   1.7050000E+03   3.0050208E-04   4.7357717E-04
   1.5528146E+03   2.7140000E+03   1.7420000E+03   7.2778496E-04   1.2023915E-03
   1.5528221E+03   2.6290000E+03   1.6600000E+03   3.8713122E-04   1.4251742E-04
   1.5528296E+03   2.6970000E+03   1.6720000E+03   1.5993593E-04   1.3767185E-04
   1.5528371E+03   2.6700000E+03   1.6720000E+03   1.4447268E-04   1.0415558E-04
   1.5528447E+03   2.6980000E+03   1.7220000E+03   3.7677558E-04   1.1593050E-04
   1.5528522E+03   2.6560000E+03   1.6690000E+03   1.2919561E-04   2.0559829E-04
   1.5528597E+03   2.7290000E+03   1.7580000E+03   3.0603772E-04   1.2591132E-04
   1.5528673E+03   2.7640000E+03   1.7910000E+03   4.3644831E-04   6.7355842E-04
   1.5528748E+03   2.6920000E+03   1.6920000E+03   3.8914535E-04   6.1223991E-04
   1.5528823E+03   2.6690000E+03   1.7130000E+03   3.5239799E-04   5.4906610E-04
   1.5528898E+03   2.7190000E+03   1.7490000E+03   2.7550028E-04   4.2821669E-04
   1.5528974E+03   2.6620000E+03   1.6750000E+03   2.9125415E-04   4.6287674E-04
   1.5529049E+03   2.6760000E+03   1.6910000E+03   2.5158571E-04   3.7892517E-04
   1.5529124E+03   2.6490000E+03   1.6980000E+03   2.5762278E-04   4.0152851E-04
   1.5529199E+03   2.6460000E+03   1.6970000E+03   3.7010208E-04   5.6140633E-04
   1.5529275E+03   2.6370000E+03   1.6800000E+03   3.0516983E-04   4.7900765E-04
   1.5529350E+03   2.7380000E+03   1.7610000E+03   4.7860103E-04   6.2159017E-04
   1.5529425E+03   2.6320000E+03   1.7180000E+03   4.2196622E-05   6.4647416E-05
   1.5529501E+03   2.6790000E+03   1.7330000E+03   3.1102481E-04   4.8080523E-04
   1.5529576E+03   2.7370000E+03   1.7170000E+03   1.1019924E-04   2.8323800E-04
   1.5529651E+03   2.6190000E+03   1.6410000E+03   2.3496899E-04   2.0752225E-04
   1.5529726E+03   2.6840000E+03   1.6850000E+03   2.9899594E-04   4.2251254E-04
   1.5529802E+03   2.6830000E+03   1.6100000E+03   2.1006146E-05   6.3612425E-06
   1.5529877E+03   2.7250000E+03   1.7210000E+03   2.3914283E-04   5.7875715E-04
   1.5529952E+03   2.7130000E+03   1.7670000E+03   3.3781157E-04   4.4350169E-04
   1.5530028E+03   2.6090000E+03   1.6520000E+03   1.5063536E-04   1.1462285E-04
   1.5530103E+03   2.6050000E+03   1.6160000E+03   3.8614262E-04   5.8330522E-04
   1.5530178E+03   2.6580000E+03   1.6980000E+03   4.3613240E-04   3.6320430E-04
   1.5530253E+03   2.7090000E+03   1.7290000E+03   8.4994460E-05   1.5471382E-04
   1.5530329E+03   2.7080000E+03   1.6710000E+03   8.2098210E-05   1.3304725E-04
   1.5530404E+03   2.5930000E+03   1.6640000E+03   5.1312332E-04   7.9959662E-04
   1.5530479E+03   2.7060000E+03   1.7190000E+03   1.3043905E-04   2.0533337E-04
   1.5530555E+03   2.7400000E+03   1.7420000E+03   6.9997795E-04   8.4061008E-04
   1.5530630E+03   2.6090000E+03   1.6380000E+03   9.0920682E-05   1.5543255E-04
   1.5530705E+03   2.5430000E+03   1.6650000E+03   2.8829802E-04   4.4032545E-04
   1.5530780E+03   2.7110000E+03   1.7030000E+03   3.3229509E-04   5.2897945E-04
   1.5530856E+03   2.7230000E+03   1.7430000E+03   8.2276660E-05   1.6632806E-04
   1.5530931E+03   2.6920000E+03   1.6910000E+03   1.5532025E-04   2.4726323E-04
   1.5531006E+03   2.5920000E+03   1.6520000E+03   7.8874110E-05   1.2375405E-04
   1.5531082E+03   2.7450000E+03   1.7540000E+03   1.2863400E-04   2.2575275E-04
   1.5531157E+03   2.6790000E+03   1.6970000E+03   4.5390956E-04   6.1327422E-04
   1.5531232E+03   2.6500000E+03   1.6860000E+03   8.6892976E-05   1.3657556E-04
   1.5531307E+03   2.7170000E+03   1.7280000E+03   3.5249351E-04   5.4362926E-04
   1.5531383E+03   2.5550000E+03   1.6120000E+03   1.7056165E-04   2.5993917E-04
   1.5531458E+03   2.6820000E+03   1.7210000E+03   1.8027030E-04   2.8093256E-04
   1.5531533E+03   2.6990000E+03   1.7020000E+03   1.4559406E-04   2.3088036E-04
   1.5531609E+03   2.6910000E+03   1.7260000E+03   6.1596445E-04   6.5833920E-04
   1.5531684E+03   2.6290000E+03   1.6390000E+03   4.0488183E-04   4.9189905E-04
   1.5531759E+03   2.6820000E+03   1.6840000E+03   1.8264996E-04   2.9089501E-04
   1.5531834E+03   2.6620000E+03   1.6940000E+03   1.8833410E-04   3.2849420E-04
   1.5531910E+03   2.7280000E+03   1.7520000E+03   1.9084086E-04   2.9715404E-04
   1.5531985E+03   2.7940000E+03   1.7710000E+03   9.4071827E-05   1.4841145E-04
   1.5532060E+03   2.6750000E+03   1.6990000E+03   3.8068442E-04   5.9937070E-04
   1.5532136E+03   2.6720000E+03   1.7170000E+03   2.1006076E-04   3.2689711E-04
   1.5532211E+03   2.6080000E+03   1.6940000E+03   6.8702461E-04   1.0577097E-03
   1.5532286E+03   2.6820000E+03   1.6960000E+03   2.6588351E-04   4.0650239E-04
   1.5532361E+03   2.5770000E+03   1.6630000E+03   1.7471563E-04   2.7074094E-04
   1.5532437E+03   2.6790000E+03   1.7030000E+03   5.6623164E-04   8.9074255E-04
   1.5532512E+03   2.7090000E+03   1.6800000E+03   2.6571852E-04   4.2847112E-04
   1.5532587E+03   2.6720000E+03   1.6620000E+03   3.8328983E-04   3.8893401E-04
   1.5532663E+03   2.6670000E+03   1.6690000E+03   1.1353398E-04   1.2641621E-04
   1.5532738E+03   2.6570000E+03   1.7010000E+03   2.6451661E-04   2.0875308E-04
   1.5532813E+03   2.6480000E+03   1.7120000E+03   1.9256191E-04   2.9292091E-04
   1.5532888E+03   2.5550000E+03   1.6140000E+03   1.7384177E-04   2.7519561E-04
   1.5532964E+03   2.6740000E+03   1.6860000E+03   4.8611906E-04   6.2986666E-04
   1.5533039E+03   2.5860000E+03   1.6470000E+03   6.6578059E-04   9.9497934E-04
   1.5533114E+03   2.6780000E+03   1.6850000E+03   1.5496859E-04   2.4629430E-04
   1.5533189E+03   2.7000000E+03   1.7620000E+03   3.8092418E-04   5.4507043E-04
   1.5533265E+03   2.6650000E+03   1.6690000E+03   1.2437182E-04   1.9859251E-04
   1.5533340E+03   2.5730000E+03   1.6180000E+03   1.4604302E-04   2.3224270E-04
   1.5533415E+03   2.6430000E+03   1.6810000E+03   7.7183886E-05   1.2135456E-04
   1.5533491E+03   2.6440000E+03   1.6770000E+03   1.7988577E-04   1.6840739E-04
   1.5533566E+03   2.5940000E+03   1.6760000E+03   2.8624047E-04   4.4302374E-04
   1.5533641E+03   2.6990000E+03   1.7180000E+03   5.6621089E-04   8.8952456E-04
   1.5533716E+03   2.6510000E+03   1.7240000E+03   5.9764355E-05   1.2070807E-04
   1.5533792E+03   2.6300000E+03   1.6860000E+03   3.4896121E-04   6.1137000E-04
   1.5533867E+03   2.5930000E+03   1.6450000E+03   2.2768639E-04   3.5890019E-04
   1.5533942E+03   2.5890000E+03   1.6490000E+03   3.9904803E-04   6.2652235E-04
   1.5534018E+03   2.5580000E+03   1.6270000E+03   3.0324623E-04   4.3276644E-04
   1.5534093E+03   2.6400000E+03   1.7050000E+03   4.0852033E-04   6.3807124E-04
   1.5534168E+03   2.5620000E+03   1.6530000E+03   3.1094703E-04   4.8193967E-04
   1.5534243E+03   2.6160000E+03   1.6220000E+03   5.3916955E-04   8.6958542E-04
   1.5534319E+03   2.6910000E+03   1.6560000E+03   8.8820658E-05   1.4433357E-04
   1.5534394E+03   2.6000000E+03   1.6370000E+03   2.4584338E-04   0.0000000E+00
   1.5534469E+03   2.5590000E+03   1.6050000E+03   9.6870968E-05   9.0491016E-05
   1.5534545E+03   2.6210000E+03   1.6640000E+03   3.7150053E-04   4.2097732E-04
   1.5534620E+03   2.6230000E+03   1.6520000E+03   2.8684347E-04   5.2354774E-04
   1.5534695E+03   2.6430000E+03   1.6940000E+03   4.2405847E-04   6.6162133E-04
   1.5534770E+03   2.6930000E+03   1.6810000E+03   1.9572171E-04   3.1355060E-04
   1.5534846E+03   2.5810000E+03   1.6800000E+03   1.2629164E-04   2.7620885E-04
   1.5534921E+03   2.6690000E+03   1.6460000E+03   6.7155574E-05   0.0000000E+00
   1.5534996E+03   2.6270000E+03   1.6160000E+03   3.5941742E-06   5.8427572E-06
   1.5535072E+03   2.6160000E+03   1.6420000E+03   3.0752950E-04   2.9038702E-04
   1.5535147E+03   2.5420000E+03   1.6340000E+03   3.5540674E-04   5.4168087E-04
   1.5535222E+03   2.6180000E+03   1.6760000E+03   6.9321975E-04   1.0828456E-03
   1.5535297E+03   2.6040000E+03   1.6650000E+03   3.2560851E-04   5.0923997E-04
   1.5535373E+03   2.6130000E+03   1.6510000E+03   3.9077306E-04   3.3178148E-04
   1.5535448E+03   2.6070000E+03   1.6590000E+03   0.0000000E+00   0.0000000E+00
   1.5535523E+03   2.6010000E+03   1.6450000E+03   3.1695453E-04   5.0115424E-04
   1.5535599E+03   2.5660000E+03   1.6170000E+03   1.5566790E-04   1.4048185E-04
   1.5535674E+03   2.6450000E+03   1.6740000E+03   2.3620664E-04   1.6416440E-04
   1.5535749E+03   2.5900000E+03   1.6310000E+03   2.2586087E-04   4.5413505E-04
   1.5535824E+03   2.6300000E+03   1.6580000E+03   3.2020833E-04   5.0792998E-04
   1.5535900E+03   2.6230000E+03   1.6340000E+03   3.8515561E-04   7.2557733E-04
   1.5535975E+03   2.6780000E+03   1.6400000E+03   2.4819512E-06   0.0000000E+00
   1.5536050E+03   2.6580000E+03   1.6930000E+03   1.3461246E-04   2.1134077E-04
   1.5536126E+03   2.6740000E+03   1.7390000E+03   1.5781122E-04   2.4266083E-04
   1.5536201E+03   2.5800000E+03   1.6400000E+03   1.6323129E-04   3.1292782E-04
   1.5536276E+03   2.6060000E+03   1.6600000E+03   3.2439678E-04   2.5892957E-04
   1.5536351E+03   2.5450000E+03   1.6060000E+03   6.5498404E-04   9.6943928E-04
   1.5536427E+03   2.5680000E+03   1.6100000E+03   6.7070460E-04   1.0697947E-03
   1.5536502E+03   2.5860000E+03   1.6350000E+03   3.1065560E-04   3.4693776E-05
   1.5536577E+03   2.6030000E+03   1.6780000E+03   2.8791518E-04   6.7645476E-04
   1.5536653E+03   2.5910000E+03   1.6540000E+03   1.2659520E-04   1.9831207E-04
   1.5536728E+03   2.6030000E+03   1.6650000E+03   1.8357690E-04   6.9812123E-05
   1.5536803E+03   2.5180000E+03   1.5610000E+03   4.8457534E-04   3.9619031E-04
   1.5536878E+03   2.6800000E+03   1.7130000E+03   2.4028727E-04   3.6167427E-04
   1.5536954E+03   2.5180000E+03   1.5800000E+03   3.1985904E-04   5.0975004E-04
   1.5537029E+03   2.6470000E+03   1.6910000E+03   0.0000000E+00   0.0000000E+00
   1.5537104E+03   2.6630000E+03   1.6870000E+03   4.5035924E-04   6.7973778E-04
   1.5537180E+03   2.5690000E+03   1.6090000E+03   2.8433203E-04   4.7957184E-04
   1.5537255E+03   2.5530000E+03   1.6510000E+03   7.0049826E-04   1.0832054E-03
   1.5537330E+03   2.5640000E+03   1.6510000E+03   3.2627907E-04   5.0671081E-04
   1.5537405E+03   2.6170000E+03   1.6240000E+03   2.0120855E-04   1.7675477E-04
   1.5537481E+03   2.5550000E+03   1.6330000E+03   4.5712251E-04   7.1521617E-04
   1.5537556E+03   2.5510000E+03   1.5990000E+03   5.4795469E-04   6.6844063E-04
   1.5537631E+03   2.6220000E+03   1.6560000E+03   3.0853131E-04   4.8850791E-04
   1.5537706E+03   2.6580000E+03   1.7400000E+03   3.6664687E-04   2.2962686E-04
   1.5537782E+03   2.6280000E+03   1.6730000E+03   2.6706057E-04   3.8896216E-04
   1.5537857E+03   2.5820000E+03   1.6160000E+03   6.6939786E-05   1.0695453E-04
   1.5537932E+03   2.5730000E+03   1.6550000E+03   4.4426465E-04   3.4305687E-04
   1.5538008E+03   2.5840000E+03   1.6590000E+03   2.9822283E-04   4.6450139E-04
   1.5538083E+03   2.5130000E+03   1.5240000E+03   3.2619800E-04   6.3126288E-04
   1.5538158E+03   2.5410000E+03   1.5990000E+03   1.0740852E-04   1.7068484E-04
   1.5538233E+03   2.5970000E+03   1.6490000E+03   2.2301800E-04   3.3649919E-04
   1.5538309E+03   2.6270000E+03   1.6620000E+03   8.7513305E-05   1.3832578E-04
   1.5538384E+03   2.5390000E+03   1.6200000E+03   1.5137130E-04   2.5812879E-04
   1.5538459E+03   2.6030000E+03   1.6830000E+03   4.6282776E-04   7.1582926E-04
   1.5538535E+03   2.6140000E+03   1.6470000E+03   1.6230325E-04   2.5759604E-04
   1.5538610E+03   2.5680000E+03   1.6120000E+03   1.4125076E-04   2.2501982E-04
   1.5538685E+03   2.5730000E+03   1.5850000E+03   6.1162235E-04   5.0599631E-04
   1.5538760E+03   2.6520000E+03   1.7040000E+03   3.8730065E-04   6.0277074E-04
   1.5538836E+03   2.6790000E+03   1.7140000E+03   0.0000000E+00   0.0000000E+00
   1.5538911E+03   2.5290000E+03   1.6150000E+03   2.8556384E-04   2.4265495E-04
   1.5538986E+03   2.5170000E+03   1.5280000E+03   8.2081610E-05   1.2767521E-04
   1.5539062E+03   2.5950000E+03   1.6710000E+03   3.2675692E-04   5.0744117E-04
   1.5539137E+03   2.6060000E+03   1.6080000E+03   2.1724977E-04   4.0729042E-04
   1.5539212E+03   2.5990000E+03   1.6890000E+03   2.4824580E-04   3.8199576E-04
   1.5539287E+03   2.4870000E+03   1.5900000E+03   2.5463968E-04   3.9829490E-04
   1.5539363E+03   2.5500000E+03   1.6060000E+03   3.8468930E-04   6.1080805E-04
   1.5539438E+03   2.6210000E+03   1.6550000E+03   3.2362125E-04   5.1251438E-04
   1.5539513E+03   2.5810000E+03   1.6300000E+03   1.5729444E-04   2.4906562E-04
   1.5539589E+03   2.6530000E+03   1.6450000E+03   4.8970913E-04   7.8978621E-04
   1.5539664E+03   2.5800000E+03   1.6420000E+03   1.9626987E-04   3.3066979E-04
   1.5539739E+03   2.6130000E+03   1.6580000E+03   3.4868826E-04   5.4953101E-04
   1.5539814E+03   2.6380000E+03   1.6560000E+03   1.5494972E-04   2.4683415E-04
   1.5539890E+03   2.5650000E+03   1.6300000E+03   4.6311877E-04   7.2877279E-04
   1.5539965E+03   2.6200000E+03   1.6420000E+03   1.8505333E-04   4.5985227E-04
   1.5540040E+03   2.4290000E+03   1.5410000E+03   6.6662682E-04   6.3583401E-04
   1.5540116E+03   2.5510000E+03   1.6350000E+03   0.0000000E+00   0.0000000E+00
   1.5540191E+03   2.5630000E+03   1.6270000E+03   3.3773918E-04   0.0000000E+00
   1.5540266E+03   2.5470000E+03   1.6090000E+03   2.0287840E-04   3.2115057E-04
   1.5540341E+03   2.4750000E+03   1.5570000E+03   1.8399953E-04   2.9248480E-04
   1.5540417E+03   2.5750000E+03   1.6760000E+03   1.3913210E-04   2.1376203E-04
   1.5540492E+03   2.5730000E+03   1.6470000E+03   4.2246116E-04   5.9221333E-04
   1.5540567E+03   2.5230000E+03   1.5800000E+03   4.4426667E-04   7.0942077E-04
   1.5540643E+03   2.5400000E+03   1.5940000E+03   1.7657669E-04   2.8137064E-04
   1.5540718E+03   2.6000000E+03   1.6660000E+03   1.0098614E-03   1.5760141E-03
   1.5540793E+03   2.5600000E+03   1.6100000E+03   3.3880600E-04   1.0499177E-04
   1.5540868E+03   2.6150000E+03   1.6750000E+03   5.6494004E-04   4.7623782E-04
   1.5540944E+03   2.5470000E+03   1.5720000E+03   2.2043135E-05   1.8799830E-05
   1.5541019E+03   2.5920000E+03   1.6730000E+03   3.1046737E-04   4.8101101E-04
   1.5541094E+03   2.6230000E+03   1.7010000E+03   2.2572926E-04   3.4808221E-04
   1.5541170E+03   2.4950000E+03   1.5860000E+03   0.0000000E+00   0.0000000E+00
   1.5541245E+03   2.5210000E+03   1.6120000E+03   2.0390162E-04   3.1888088E-04
   1.5541320E+03   2.5350000E+03   1.6310000E+03   6.7472314E-04   1.0591412E-03
   1.5541395E+03   2.6060000E+03   1.6580000E+03   4.0204977E-04   6.4348518E-04
   1.5541471E+03   2.6310000E+03   1.6600000E+03   2.8917407E-04   4.5832348E-04
   1.5541546E+03   2.5030000E+03   1.5800000E+03   0.0000000E+00   0.0000000E+00
   1.5541621E+03   2.5500000E+03   1.6520000E+03   2.5427790E-04   3.9249919E-04
   1.5541697E+03   2.5960000E+03   1.6540000E+03   6.6059004E-05   1.0368148E-04
   1.5541772E+03   2.5790000E+03   1.6250000E+03   2.7664980E-04   4.3906451E-04
   1.5541847E+03   2.6300000E+03   1.6080000E+03   1.1110895E-04   8.1482592E-05
   1.5541922E+03   2.5670000E+03   1.6230000E+03   2.4437937E-04   3.8651992E-04
   1.5541998E+03   2.5600000E+03   1.6450000E+03   2.3801924E-04   3.7041292E-04
   1.5542073E+03   2.4690000E+03   1.5300000E+03   1.1282797E-04   1.8207337E-04
   1.5542148E+03   2.5550000E+03   1.6250000E+03   2.5740513E-04   4.0472006E-04
   1.5542224E+03   2.4940000E+03   1.5890000E+03   2.0204689E-04   3.1712080E-04
   1.5542299E+03   2.5770000E+03   1.6280000E+03   1.4988993E-04   4.2139499E-05
   1.5542374E+03   2.5560000E+03   1.6060000E+03   0.0000000E+00   0.0000000E+00
   1.5542449E+03   2.5330000E+03   1.6040000E+03   1.1075711E-06   1.7490508E-06
   1.5542525E+03   2.5630000E+03   1.6600000E+03   1.1965035E-04   1.8473726E-04
   1.5542600E+03   2.5630000E+03   1.6380000E+03   0.0000000E+00   0.0000000E+00
   1.5542675E+03   2.5190000E+03   1.6230000E+03   5.7484077E-05   8.9218970E-05
   1.5542750E+03   2.4470000E+03   1.5890000E+03   3.0651754E-04   4.7202545E-04
   1.5542826E+03   2.5280000E+03   1.6200000E+03   0.0000000E+00   0.0000000E+00
   1.5542901E+03   2.5030000E+03   1.6070000E+03   1.1602031E-04   1.8070867E-04
   1.5542976E+03   2.5340000E+03   1.5880000E+03   4.1527394E-04   0.0000000E+00
   1.5543052E+03   2.6420000E+03   1.7030000E+03   3.1690840E-04   4.9164533E-04
   1.5543127E+03   2.5650000E+03   1.6330000E+03   2.6498903E-04   4.1622588E-04
   1.5543202E+03   2.5010000E+03   1.5940000E+03   0.0000000E+00   0.0000000E+00
   1.5543277E+03   2.6220000E+03   1.6680000E+03   2.7087988E-04   4.6525204E-04
   1.5543353E+03   2.5810000E+03   1.6140000E+03   7.9777632E-05   1.2757501E-04
   1.5543428E+03   2.5500000E+03   1.6200000E+03   3.6796414E-05   5.7920281E-05
   1.5543503E+03   2.5730000E+03   1.6050000E+03   2.6106288E-04   4.1851389E-04
   1.5543579E+03   2.5810000E+03   1.6540000E+03   2.0416906E-04   1.5595368E-04
   1.5543654E+03   2.4450000E+03   1.5760000E+03   1.1159921E-04   1.7313456E-04
   1.5543729E+03   2.5450000E+03   1.5920000E+03   0.0000000E+00   0.0000000E+00
   1.5543804E+03   2.4870000E+03   1.5500000E+03   0.0000000E+00   0.0000000E+00
   1.5543880E+03   2.5940000E+03   1.6800000E+03   3.3181843E-04   4.9283260E-04
   1.5543955E+03   2.5280000E+03   1.6120000E+03   2.7788977E-04   0.0000000E+00
   1.5544030E+03   2.6370000E+03   1.6880000E+03   5.6005891E-04   8.7492615E-04
   1.5544106E+03   2.5190000E+03   1.5980000E+03   1.9354716E-04   3.0509718E-04
   1.5544181E+03   2.5210000E+03   1.6080000E+03   2.7635304E-04   4.3326245E-04
   1.5544256E+03   2.5390000E+03   1.5820000E+03   2.0030008E-04   3.2146770E-04
   1.5544331E+03   2.5470000E+03   1.6060000E+03   2.1551924E-04   3.4179795E-04
   1.5544407E+03   2.5900000E+03   1.6750000E+03   3.2835154E-04   5.1743077E-04
   1.5544482E+03   2.5730000E+03   1.6470000E+03   1.5597774E-04   0.0000000E+00
   1.5544557E+03   2.5410000E+03   1.6230000E+03   6.4190003E-05   0.0000000E+00
   1.5544633E+03   2.5680000E+03   1.6640000E+03   3.0387714E-04   5.0528931E-04
   1.5544708E+03   2.4590000E+03   1.5720000E+03   0.0000000E+00   0.0000000E+00
   1.5544783E+03   2.4790000E+03   1.5380000E+03   1.3226169E-04   3.3300296E-04
   1.5544858E+03   2.4690000E+03   1.5830000E+03   3.4396558E-04   5.3648200E-04
   1.5544934E+03   2.4600000E+03   1.5860000E+03   2.0568722E-04   3.1903566E-04
   1.5545009E+03   2.5540000E+03   1.6610000E+03   1.4503529E-04   0.0000000E+00
   1.5545084E+03   2.5970000E+03   1.5960000E+03   1.4933517E-04   2.4299714E-04
   1.5545160E+03   2.4880000E+03   1.5820000E+03   2.7519637E-04   4.3279935E-04
   1.5545235E+03   2.4640000E+03   1.5850000E+03   3.2921271E-04   5.1178556E-04
   1.5545310E+03   2.6840000E+03   1.7140000E+03   3.1039214E-05   0.0000000E+00
   1.5545385E+03   2.3720000E+03   1.4980000E+03   3.1319598E-04   4.9592848E-04
   1.5545461E+03   2.4840000E+03   1.5860000E+03   3.7201330E-04   0.0000000E+00
   1.5545536E+03   2.5790000E+03   1.6250000E+03   2.4996662E-04   3.9671625E-04
   1.5545611E+03   2.6110000E+03   1.6350000E+03   3.0043904E-04   0.0000000E+00
   1.5545687E+03   2.4350000E+03   1.5480000E+03   2.6475903E-04   4.1646527E-04
   1.5545762E+03   2.4570000E+03   1.6140000E+03   1.7685423E-04   4.0915122E-04
   1.5545837E+03   2.6050000E+03   1.7180000E+03   2.3562099E-04   3.5727163E-04
   1.5545912E+03   2.4580000E+03   1.5790000E+03   2.4545560E-04   3.8209618E-04
   1.5545988E+03   2.4880000E+03   1.5560000E+03   0.0000000E+00   0.0000000E+00
   1.5546063E+03   2.5530000E+03   1.6310000E+03   3.2666978E-04   5.1133534E-04
   1.5546138E+03   2.5360000E+03   1.5830000E+03   2.6032280E-04   4.1704272E-04
   1.5546214E+03   2.4750000E+03   1.5960000E+03   3.3432266E-04   5.1845150E-04
   1.5546289E+03   2.4540000E+03   1.5060000E+03   0.0000000E+00   0.0000000E+00
   1.5546364E+03   2.5090000E+03   1.5790000E+03   2.7881338E-04   4.4302898E-04
   1.5546439E+03   2.4750000E+03   1.5860000E+03   2.7939229E-04   8.4678245E-05
   1.5546515E+03   2.5780000E+03   1.6520000E+03   0.0000000E+00   0.0000000E+00
   1.5546590E+03   2.4550000E+03   1.5880000E+03   1.5433564E-05   2.3859823E-05
   1.5546665E+03   2.4890000E+03   1.5790000E+03   3.0199026E-04   4.7603150E-04
   1.5546740E+03   2.4530000E+03   1.5300000E+03   3.2837111E-04   5.2646689E-04
   1.5546816E+03   2.5130000E+03   1.6010000E+03   2.8580162E-04   4.4860680E-04
   1.5546891E+03   2.4590000E+03   1.5700000E+03   0.0000000E+00   0.0000000E+00
   1.5546966E+03   2.5230000E+03   1.6110000E+03   1.4689303E-04   2.3005035E-04
   1.5547042E+03   2.4930000E+03   1.5950000E+03   0.0000000E+00   0.0000000E+00
   1.5547117E+03   2.4450000E+03   1.5860000E+03   1.2470636E-04   1.9224909E-04
   1.5547192E+03   2.4850000E+03   1.5710000E+03   0.0000000E+00   0.0000000E+00
   1.5547267E+03   2.5190000E+03   1.5830000E+03   3.8799744E-04   6.1741349E-04
   1.5547343E+03   2.5210000E+03   1.5800000E+03   3.9836472E-04   6.3561864E-04
   1.5547418E+03   2.5700000E+03   1.6410000E+03   4.7518529E-04   7.4419634E-04
   1.5547493E+03   2.4480000E+03   1.5490000E+03   1.7935983E-04   2.8345570E-04
   1.5547569E+03   2.4770000E+03   1.5900000E+03   2.9315485E-04   4.5669470E-04
   1.5547644E+03   2.4050000E+03   1.5320000E+03   2.3460498E-04   3.6829306E-04
   1.5547719E+03   2.4460000E+03   1.5210000E+03   2.4446590E-04   3.9313845E-04
   1.5547794E+03   2.4160000E+03   1.5300000E+03   0.0000000E+00   0.0000000E+00
   1.5547870E+03   2.4790000E+03   1.5990000E+03   0.0000000E+00   0.0000000E+00
   1.5547945E+03   2.5350000E+03   1.6600000E+03   5.4513423E-04   8.3247907E-04
   1.5548020E+03   2.4800000E+03   1.5390000E+03   0.0000000E+00   0.0000000E+00
   1.5548096E+03   2.4740000E+03   1.5800000E+03   0.0000000E+00   0.0000000E+00
   1.5548171E+03   2.4470000E+03   1.5950000E+03   3.6545079E-05   5.6066338E-05
   1.5548246E+03   2.5110000E+03   1.5580000E+03   1.5315169E-04   2.4683177E-04
   1.5548321E+03   2.5090000E+03   1.5610000E+03   3.2426075E-04   5.2118528E-04
   1.5548397E+03   2.4530000E+03   1.5910000E+03   0.0000000E+00   0.0000000E+00
   1.5548472E+03   2.5260000E+03   1.5890000E+03   3.4808532E-04   5.5334394E-04
   1.5548547E+03   2.4760000E+03   1.5800000E+03   6.6975117E-04   1.0474548E-03
   1.5548623E+03   2.5020000E+03   1.5640000E+03   0.0000000E+00   0.0000000E+00
   1.5548698E+03   2.4310000E+03   1.5440000E+03   3.4713597E-04   5.4655929E-04
   1.5548773E+03   2.4480000E+03   1.5620000E+03   1.9781727E-04   4.5544793E-04
   1.5548848E+03   2.4390000E+03   1.5500000E+03   3.6701424E-04   5.7751466E-04
   1.5548924E+03   2.4560000E+03   1.5400000E+03   1.6456503E-04   5.0740585E-04
   1.5548999E+03   2.4490000E+03   1.5010000E+03   2.1913220E-04   3.5459069E-04
   1.5549074E+03   2.4470000E+03   1.5660000E+03   1.8191203E-04   2.8425207E-04
   1.5549150E+03   2.5120000E+03   1.6030000E+03   9.9821697E-05   1.6294293E-04
   1.5549225E+03   2.4230000E+03   1.5550000E+03   2.2447327E-04   3.4977410E-04
   1.5549300E+03   2.4840000E+03   1.5640000E+03   5.1976380E-05   8.2550722E-05
   1.5549375E+03   2.4620000E+03   1.5510000E+03   6.0310273E-04   9.5734296E-04
   1.5549451E+03   2.4910000E+03   1.5560000E+03   3.6775237E-05   0.0000000E+00
   1.5549526E+03   2.4410000E+03   1.5130000E+03   6.1280125E-04   9.8866348E-04
   1.5549601E+03   2.4740000E+03   1.5730000E+03   3.5806415E-05   5.6316001E-05
   1.5549677E+03   2.4430000E+03   1.5740000E+03   0.0000000E+00   0.0000000E+00
   1.5549752E+03   2.4780000E+03   1.5690000E+03   0.0000000E+00   0.0000000E+00
   1.5549827E+03   2.4850000E+03   1.5600000E+03   1.8287748E-05   0.0000000E+00
   1.5549902E+03   2.5060000E+03   1.6130000E+03   2.2968754E-04   3.5684872E-04
   1.5549978E+03   2.4370000E+03   1.5180000E+03   4.4091156E-04   2.2461634E-04
   1.5550053E+03   2.4340000E+03   1.5420000E+03   0.0000000E+00   0.0000000E+00
   1.5550128E+03   2.4690000E+03   1.5040000E+03   9.5791271E-05   0.0000000E+00
   1.5550204E+03   2.4380000E+03   1.5460000E+03   0.0000000E+00   0.0000000E+00
   1.5550279E+03   2.4890000E+03   1.5850000E+03   2.4335622E-04   3.8215371E-04
   1.5550354E+03   2.4940000E+03   1.5730000E+03   2.3234784E-04   3.6838875E-04
   1.5550429E+03   2.5190000E+03   1.5840000E+03   0.0000000E+00   0.0000000E+00
   1.5550505E+03   2.4230000E+03   1.5250000E+03   2.3144377E-05   0.0000000E+00
   1.5550580E+03   2.4990000E+03   1.5900000E+03   3.0241422E-04   4.7530386E-04
   1.5550655E+03   2.4450000E+03   1.5680000E+03   0.0000000E+00   0.0000000E+00
   1.5550731E+03   2.5120000E+03   1.5980000E+03   3.5584682E-04   5.5937873E-04
   1.5550806E+03   2.3960000E+03   1.4810000E+03   8.9238589E-05   1.4437249E-04
   1.5550881E+03   2.4090000E+03   1.5000000E+03   0.0000000E+00   0.0000000E+00
   1.5550956E+03   2.4870000E+03   1.5470000E+03   2.3655296E-04   3.8028909E-04
   1.5551032E+03   2.4510000E+03   1.5940000E+03   0.0000000E+00   0.0000000E+00
   1.5551107E+03   2.3940000E+03   1.5440000E+03   3.2702581E-06   5.0705946E-06
   1.5551182E+03   2.4350000E+03   1.4790000E+03   0.0000000E+00   0.0000000E+00
   1.5551257E+03   2.4930000E+03   1.5860000E+03   3.0693572E-04   0.0000000E+00
   1.5551333E+03   2.3960000E+03   1.5360000E+03   5.6545744E-06   8.8205470E-06
   1.5551408E+03   2.4460000E+03   1.5710000E+03   0.0000000E+00   0.0000000E+00
   1.5551483E+03   2.4470000E+03   1.5240000E+03   3.6054633E-04   5.7890871E-04
   1.5551559E+03   2.4480000E+03   1.5450000E+03   4.0832495E-04   5.7667743E-04
   1.5551634E+03   2.3290000E+03   1.4370000E+03   0.0000000E+00   0.0000000E+00
   1.5551709E+03   2.4200000E+03   1.5640000E+03   2.1433710E-05   3.3164692E-05
   1.5551784E+03   2.4960000E+03   1.5930000E+03   1.2754033E-04   1.9983720E-04
   1.5551860E+03   2.4460000E+03   1.5560000E+03   1.2063304E-04   5.3977899E-05
   1.5551935E+03   2.4100000E+03   1.5300000E+03   6.6977047E-05   1.0549979E-04
   1.5552010E+03   2.4470000E+03   1.5600000E+03   3.2168099E-04   5.0458551E-04
   1.5552086E+03   2.4770000E+03   1.6130000E+03   0.0000000E+00   0.0000000E+00
   1.5552161E+03   2.3520000E+03   1.4690000E+03   2.6807353E-04   4.2920963E-04
   1.5552236E+03   2.4070000E+03   1.5210000E+03   1.7342498E-04   0.0000000E+00
   1.5552311E+03   2.3650000E+03   1.4770000E+03   4.2100964E-04   7.6033192E-04
   1.5552387E+03   2.3430000E+03   1.4660000E+03   3.8718666E-04   6.1881197E-04
   1.5552462E+03   2.3850000E+03   1.5320000E+03   1.2705750E-04   1.9780166E-04
   1.5552537E+03   2.3930000E+03   1.4770000E+03   0.0000000E+00   0.0000000E+00
   1.5552613E+03   2.3890000E+03   1.5060000E+03   0.0000000E+00   0.0000000E+00
   1.5552688E+03   2.4960000E+03   1.5400000E+03   5.9652171E-05   0.0000000E+00
   1.5552763E+03   2.3980000E+03   1.5570000E+03   5.0382964E-06   7.7596884E-06
   1.5552838E+03   2.4080000E+03   1.5260000E+03   2.3869637E-04   3.7665850E-04
   1.5552914E+03   2.4670000E+03   1.5810000E+03   0.0000000E+00   0.0000000E+00
   1.5552989E+03   2.4080000E+03   1.5150000E+03   3.3553833E-05   5.3331769E-05
   1.5553064E+03   2.3700000E+03   1.4710000E+03   2.2959266E-04   3.6990795E-04
   1.5553140E+03   2.4250000E+03   1.5370000E+03   2.6965259E-04   4.2544407E-04
   1.5553215E+03   2.3900000E+03   1.5380000E+03   3.2625355E-04   5.0698698E-04
   1.5553290E+03   2.3220000E+03   1.4450000E+03   3.9509029E-04   6.3487865E-04
   1.5553365E+03   2.3480000E+03   1.5100000E+03   7.4886930E-05   0.0000000E+00
   1.5553441E+03   2.3640000E+03   1.4940000E+03   5.3432360E-05   8.4547590E-05
   1.5553516E+03   2.5290000E+03   1.5920000E+03   4.3828427E-04   5.4119412E-04
   1.5553591E+03   2.3950000E+03   1.5180000E+03   3.3794916E-04   5.3319383E-04
   1.5553667E+03   2.4610000E+03   1.5370000E+03   3.5416416E-04   5.6707742E-04
   1.5553742E+03   2.3490000E+03   1.5210000E+03   3.5935457E-04   5.5497954E-04
   1.5553817E+03   2.4480000E+03   1.5410000E+03   0.0000000E+00   0.0000000E+00
   1.5553892E+03   2.3930000E+03   1.5220000E+03   0.0000000E+00   0.0000000E+00
   1.5553968E+03   2.2640000E+03   1.4320000E+03   1.9782525E-04   3.1276282E-04
   1.5554043E+03   2.4780000E+03   1.5590000E+03   2.3968467E-04   3.8097409E-04
   1.5554118E+03   2.4040000E+03   1.5390000E+03   0.0000000E+00   0.0000000E+00
   1.5554194E+03   2.3830000E+03   1.4880000E+03   0.0000000E+00   0.0000000E+00
   1.5554269E+03   2.4220000E+03   1.5350000E+03   3.1053660E-04   0.0000000E+00
   1.5554344E+03   2.3500000E+03   1.5020000E+03   1.2404179E-04   1.9407338E-04
   1.5554419E+03   2.3950000E+03   1.5100000E+03   4.8222843E-05   7.6485900E-05
   1.5554495E+03   2.4510000E+03   1.5450000E+03   1.5396567E-04   2.4425234E-04
   1.5554570E+03   2.3640000E+03   1.5240000E+03   0.0000000E+00   0.0000000E+00
   1.5554645E+03   2.3890000E+03   1.5490000E+03   4.2661348E-04   3.8084565E-04
   1.5554721E+03   2.4210000E+03   1.5790000E+03   2.5599781E-04   3.9250836E-04
   1.5554796E+03   2.5460000E+03   1.6110000E+03   2.5986516E-04   4.1068696E-04
   1.5554871E+03   2.4150000E+03   1.5340000E+03   1.7085213E-04   2.6897515E-04
   1.5554946E+03   2.3090000E+03   1.4950000E+03   3.9766166E-04   6.1418113E-04
   1.5555022E+03   2.3740000E+03   1.5050000E+03   0.0000000E+00   0.0000000E+00
   1.5555097E+03   2.4610000E+03   1.5390000E+03   0.0000000E+00   0.0000000E+00
   1.5555172E+03   2.3280000E+03   1.4750000E+03   0.0000000E+00   0.0000000E+00
   1.5555248E+03   2.3670000E+03   1.5550000E+03   2.9435809E-04   4.4806791E-04
   1.5555323E+03   2.3590000E+03   1.5270000E+03   1.1941184E-04   1.8447449E-04
   1.5555398E+03   2.3630000E+03   1.5080000E+03   0.0000000E+00   0.0000000E+00
   1.5555473E+03   2.4700000E+03   1.5750000E+03   1.4988610E-04   2.3505947E-04
   1.5555549E+03   2.3680000E+03   1.5090000E+03   3.3865664E-04   5.3143733E-04
   1.5555624E+03   2.3810000E+03   1.4970000E+03   1.8882923E-04   3.0033560E-04
   1.5555699E+03   2.4320000E+03   1.5570000E+03   5.5842749E-04   3.1133441E-04
   1.5555774E+03   2.3940000E+03   1.5090000E+03   3.6349934E-04   5.7668484E-04
   1.5555850E+03   2.4150000E+03   1.5020000E+03   0.0000000E+00   0.0000000E+00
   1.5555925E+03   2.3460000E+03   1.4960000E+03   0.0000000E+00   0.0000000E+00
   1.5556000E+03   2.4100000E+03   1.5420000E+03   0.0000000E+00   0.0000000E+00
   1.5556076E+03   2.3380000E+03   1.4820000E+03   2.1140062E-04   2.2958135E-05
   1.5556151E+03   2.2500000E+03   1.4110000E+03   1.5370698E-04   2.4510326E-04
   1.5556226E+03   2.3210000E+03   1.4670000E+03   5.6380842E-04   8.9202410E-04
   1.5556301E+03   2.4000000E+03   1.5020000E+03   2.3041236E-04   3.6816888E-04
   1.5556377E+03   2.2990000E+03   1.5000000E+03   1.6792677E-04   2.5737576E-04
   1.5556452E+03   2.3460000E+03   1.5010000E+03   8.4743994E-05   1.3648200E-04
   1.5556527E+03   2.3350000E+03   1.4530000E+03   2.9146661E-04   4.6839266E-04
   1.5556603E+03   2.2790000E+03   1.4580000E+03   0.0000000E+00   0.0000000E+00
   1.5556678E+03   2.2550000E+03   1.4130000E+03   1.6478360E-04   2.6297736E-04
   1.5556753E+03   2.3700000E+03   1.5050000E+03   1.0715448E-05   1.6874161E-05
   1.5556828E+03   2.3450000E+03   1.4620000E+03   3.8798725E-04   6.2231881E-04
   1.5556904E+03   2.3200000E+03   1.4630000E+03   0.0000000E+00   0.0000000E+00
   1.5556979E+03   2.3240000E+03   1.4540000E+03   3.8661760E-04   6.1795000E-04
   1.5557054E+03   2.4200000E+03   1.5440000E+03   2.2553545E-05   3.5349468E-05
   1.5557130E+03   2.4030000E+03   1.5330000E+03   3.5822466E-04   5.6152242E-04
   1.5557205E+03   2.3180000E+03   1.4730000E+03   3.7521997E-04   5.9046836E-04
   1.5557280E+03   2.3990000E+03   1.5530000E+03   1.4913901E-04   2.3038280E-04
   1.5557355E+03   2.3680000E+03   1.5330000E+03   0.0000000E+00   0.0000000E+00
   1.5557431E+03   2.2940000E+03   1.4650000E+03   2.1216738E-04   3.3222659E-04
   1.5557506E+03   2.3270000E+03   1.4930000E+03   2.7901018E-04   4.7544040E-04
   1.5557581E+03   2.3400000E+03   1.4780000E+03   6.9698274E-05   1.1034774E-04
   1.5557657E+03   2.3620000E+03   1.4990000E+03   1.0198782E-04   1.6070396E-04
   1.5557732E+03   2.3660000E+03   1.5130000E+03   6.1207400E-04   5.3161684E-04
   1.5557807E+03   2.3280000E+03   1.4740000E+03   2.2959946E-04   3.6262384E-04
   1.5557882E+03   2.3780000E+03   1.5010000E+03   0.0000000E+00   0.0000000E+00
   1.5557958E+03   2.2640000E+03   1.3930000E+03   2.1326445E-05   3.4661214E-05
   1.5558033E+03   2.3220000E+03   1.5040000E+03   2.1803582E-05   3.3662179E-05
   1.5558108E+03   2.2880000E+03   1.4570000E+03   1.6830724E-04   0.0000000E+00
   1.5558184E+03   2.3810000E+03   1.5390000E+03   0.0000000E+00   0.0000000E+00
   1.5558259E+03   2.3150000E+03   1.4970000E+03   0.0000000E+00   0.0000000E+00
   1.5558334E+03   2.3190000E+03   1.4790000E+03   2.3345529E-04   3.6604654E-04
   1.5558409E+03   2.3480000E+03   1.5020000E+03   2.6603354E-04   4.1587667E-04
   1.5558485E+03   2.2910000E+03   1.4310000E+03   0.0000000E+00   0.0000000E+00
   1.5558560E+03   2.2750000E+03   1.4320000E+03   2.5477710E-04   4.0476110E-04
   1.5558635E+03   2.3590000E+03   1.5060000E+03   2.5972247E-04   2.0429831E-04
   1.5558711E+03   2.3640000E+03   1.5250000E+03   2.2892677E-04   3.4517138E-04
   1.5558786E+03   2.2430000E+03   1.4320000E+03   5.0122621E-06   7.8509106E-06
   1.5558861E+03   2.3720000E+03   1.4830000E+03   0.0000000E+00   0.0000000E+00
   1.5558936E+03   2.3130000E+03   1.4810000E+03   5.8966108E-05   9.2092241E-05
   1.5559012E+03   2.3380000E+03   1.5040000E+03   0.0000000E+00   0.0000000E+00
   1.5559087E+03   2.3160000E+03   1.4860000E+03   2.2489631E-04   3.5051135E-04
   1.5559162E+03   2.2900000E+03   1.4550000E+03   0.0000000E+00   0.0000000E+00
   1.5559238E+03   2.3760000E+03   1.4880000E+03   0.0000000E+00   0.0000000E+00
   1.5559313E+03   2.2680000E+03   1.4630000E+03   0.0000000E+00   0.0000000E+00
   1.5559388E+03   2.3190000E+03   1.4970000E+03   7.5928178E-05   1.1762020E-04
   1.5559463E+03   2.3670000E+03   1.4910000E+03   5.2836775E-06   8.3879710E-06
   1.5559539E+03   2.3620000E+03   1.4590000E+03   0.0000000E+00   0.0000000E+00
   1.5559614E+03   2.3500000E+03   1.5080000E+03   0.0000000E+00   0.0000000E+00
   1.5559689E+03   2.2890000E+03   1.4730000E+03   4.8849885E-05   7.5911328E-05
   1.5559765E+03   2.2390000E+03   1.4430000E+03   0.0000000E+00   0.0000000E+00
   1.5559840E+03   2.2650000E+03   1.4490000E+03   0.0000000E+00   0.0000000E+00
   1.5559915E+03   2.3420000E+03   1.4770000E+03   1.4513322E-04   0.0000000E+00
   1.5559990E+03   2.2030000E+03   1.4310000E+03   3.5574081E-05   5.4765689E-05
   1.5560066E+03   2.3040000E+03   1.4430000E+03   0.0000000E+00   0.0000000E+00
   1.5560141E+03   2.3260000E+03   1.4760000E+03   1.3593241E-04   2.1421328E-04
   1.5560216E+03   2.2590000E+03   1.4060000E+03   0.0000000E+00   0.0000000E+00
   1.5560291E+03   2.3470000E+03   1.4870000E+03   2.9900207E-04   4.7192862E-04
   1.5560367E+03   2.2890000E+03   1.4270000E+03   0.0000000E+00   0.0000000E+00
   1.5560442E+03   2.2020000E+03   1.4010000E+03   4.1637826E-04   6.5443606E-04
   1.5560517E+03   2.3080000E+03   1.4560000E+03   5.8414780E-05   0.0000000E+00
   1.5560593E+03   2.3440000E+03   1.4770000E+03   0.0000000E+00   0.0000000E+00
   1.5560668E+03   2.3860000E+03   1.5200000E+03   0.0000000E+00   0.0000000E+00
   1.5560743E+03   2.3150000E+03   1.4360000E+03   0.0000000E+00   0.0000000E+00
   1.5560818E+03   2.1890000E+03   1.3600000E+03   3.7074624E-04   5.9673788E-04
   1.5560894E+03   2.3070000E+03   1.4760000E+03   1.7747677E-04   2.7739763E-04
   1.5560969E+03   2.2560000E+03   1.4280000E+03   1.0428640E-04   1.6475499E-04
   1.5561044E+03   2.3130000E+03   1.4610000E+03   2.1520382E-04   3.4070255E-04
   1.5561120E+03   2.2780000E+03   1.4510000E+03   2.7334416E-04   4.2913714E-04
   1.5561195E+03   2.3250000E+03   1.4940000E+03   0.0000000E+00   0.0000000E+00
   1.5561270E+03   2.2560000E+03   1.4130000E+03   0.0000000E+00   0.0000000E+00
   1.5561345E+03   2.2540000E+03   1.4720000E+03   3.2766624E-04   5.0173893E-04
   1.5561421E+03   2.2320000E+03   1.4350000E+03   2.3739878E-04   3.6925023E-04
   1.5561496E+03   2.2970000E+03   1.4450000E+03   1.1513229E-04   1.8301652E-04
   1.5561571E+03   2.3130000E+03   1.4560000E+03   7.5407954E-05   2.0093043E-04
   1.5561647E+03   2.2060000E+03   1.3800000E+03   0.0000000E+00   0.0000000E+00
   1.5561722E+03   2.3510000E+03   1.4840000E+03   0.0000000E+00   0.0000000E+00
   1.5561797E+03   2.3940000E+03   1.5100000E+03   0.0000000E+00   0.0000000E+00
   1.5561872E+03   2.2600000E+03   1.4070000E+03   3.1623106E-04   5.0794754E-04
   1.5561948E+03   2.3470000E+03   1.5180000E+03   1.9820138E-04   3.0644180E-04
   1.5562023E+03   2.2780000E+03   1.4750000E+03   2.9625858E-04   4.5754375E-04
   1.5562098E+03   2.2370000E+03   1.4450000E+03   4.0832130E-04   6.3212093E-04
   1.5562174E+03   2.2540000E+03   1.4120000E+03   3.7297919E-04   5.9539312E-04
   1.5562249E+03   2.2460000E+03   1.3880000E+03   0.0000000E+00   0.0000000E+00
   1.5562324E+03   2.2830000E+03   1.4520000E+03   0.0000000E+00   0.0000000E+00
   1.5562399E+03   2.3190000E+03   1.4530000E+03   0.0000000E+00   0.0000000E+00
   1.5562475E+03   2.3050000E+03   1.4890000E+03   0.0000000E+00   0.0000000E+00
   1.5562550E+03   2.3000000E+03   1.4640000E+03   1.8227233E-04   2.8635680E-04
   1.5562625E+03   2.2470000E+03   1.4530000E+03   4.1161800E-04   6.3654897E-04
   1.5562701E+03   2.2790000E+03   1.4470000E+03   0.0000000E+00   0.0000000E+00
   1.5562776E+03   2.3180000E+03   1.4680000E+03   0.0000000E+00   0.0000000E+00
   1.5562851E+03   2.2330000E+03   1.4060000E+03   0.0000000E+00   0.0000000E+00
   1.5562926E+03   2.2970000E+03   1.4810000E+03   4.7842836E-04   7.4203237E-04
   1.5563002E+03   2.2590000E+03   1.4120000E+03   2.5323764E-05   4.0514436E-05
   1.5563077E+03   2.3480000E+03   1.5440000E+03   6.8074032E-05   1.0352191E-04
   1.5563152E+03   2.2440000E+03   1.4660000E+03   5.1922751E-04   3.9503324E-04
   1.5563228E+03   2.1790000E+03   1.3820000E+03   3.5904669E-04   5.6610907E-04
   1.5563303E+03   2.2930000E+03   1.4740000E+03   4.0103340E-04   0.0000000E+00
   1.5563378E+03   2.2650000E+03   1.4500000E+03   4.0545791E-04   6.0074700E-04
   1.5563453E+03   2.3080000E+03   1.4610000E+03   0.0000000E+00   0.0000000E+00
   1.5563529E+03   2.2150000E+03   1.4100000E+03   1.9412538E-04   0.0000000E+00
   1.5563604E+03   2.2320000E+03   1.4130000E+03   1.6044754E-04   2.8736145E-04
   1.5563679E+03   2.1860000E+03   1.4170000E+03   0.0000000E+00   0.0000000E+00
   1.5563755E+03   2.2450000E+03   1.4650000E+03   0.0000000E+00   0.0000000E+00
   1.5563830E+03   2.2940000E+03   1.4760000E+03   1.4956036E-04   2.3244680E-04
   1.5563905E+03   2.2580000E+03   1.4370000E+03   2.3939133E-04   3.7616257E-04
   1.5563980E+03   2.2290000E+03   1.4310000E+03   0.0000000E+00   0.0000000E+00
   1.5564056E+03   2.2200000E+03   1.4420000E+03   0.0000000E+00   0.0000000E+00
   1.5564131E+03   2.2870000E+03   1.4650000E+03   0.0000000E+00   0.0000000E+00
   1.5564206E+03   2.2240000E+03   1.4390000E+03   1.8255695E-04   0.0000000E+00
   1.5564282E+03   2.3050000E+03   1.4320000E+03   3.3391476E-05   5.3748151E-05
   1.5564357E+03   2.2260000E+03   1.3930000E+03   0.0000000E+00   0.0000000E+00
   1.5564432E+03   2.2830000E+03   1.4670000E+03   0.0000000E+00   0.0000000E+00
   1.5564507E+03   2.2160000E+03   1.3770000E+03   0.0000000E+00   0.0000000E+00
   1.5564583E+03   2.3160000E+03   1.5220000E+03   0.0000000E+00   0.0000000E+00
   1.5564658E+03   2.2370000E+03   1.4110000E+03   7.2892049E-04   1.1556309E-03
   1.5564733E+03   2.2920000E+03   1.4850000E+03   0.0000000E+00   0.0000000E+00
   1.5564808E+03   2.2990000E+03   1.4570000E+03   3.2768801E-04   3.1625527E-04
   1.5564884E+03   2.1720000E+03   1.3840000E+03   0.0000000E+00   0.0000000E+00
   1.5564959E+03   2.2500000E+03   1.4250000E+03   0.0000000E+00   0.0000000E+00
   1.5565034E+03   2.2830000E+03   1.4440000E+03   0.0000000E+00   0.0000000E+00
   1.5565110E+03   2.2050000E+03   1.4330000E+03   0.0000000E+00   0.0000000E+00
   1.5565185E+03   2.2740000E+03   1.4880000E+03   0.0000000E+00   0.0000000E+00
   1.5565260E+03   2.1420000E+03   1.3320000E+03   2.3608891E-04   3.7965649E-04
   1.5565335E+03   2.2550000E+03   1.3930000E+03   6.5917911E-05   1.0670846E-04
   1.5565411E+03   2.1410000E+03   1.3970000E+03   2.1599419E-04   3.3102616E-04
   1.5565486E+03   2.2180000E+03   1.3790000E+03   4.1235238E-04   6.6323247E-04
   1.5565561E+03   2.1510000E+03   1.3850000E+03   0.0000000E+00   0.0000000E+00
   1.5565637E+03   2.2640000E+03   1.4310000E+03   7.4870227E-05   1.1845297E-04
   1.5565712E+03   2.1490000E+03   1.3660000E+03   0.0000000E+00   0.0000000E+00
   1.5565787E+03   2.1320000E+03   1.3530000E+03   2.4123878E-04   3.8013384E-04
   1.5565862E+03   2.1890000E+03   1.4320000E+03   2.7248772E-05   4.1653325E-05
   1.5565938E+03   2.2550000E+03   1.4260000E+03   4.0889942E-04   6.4661164E-04
   1.5566013E+03   2.3140000E+03   1.4690000E+03   0.0000000E+00   0.0000000E+00
   1.5566088E+03   2.1900000E+03   1.3900000E+03   0.0000000E+00   0.0000000E+00
   1.5566164E+03   2.1710000E+03   1.3940000E+03   9.7125550E-05   1.5126224E-04
   1.5566239E+03   2.2580000E+03   1.4170000E+03   0.0000000E+00   0.0000000E+00
   1.5566314E+03   2.2140000E+03   1.4170000E+03   1.8736398E-04   2.9274796E-04
   1.5566389E+03   2.3050000E+03   1.4460000E+03   0.0000000E+00   0.0000000E+00
   1.5566465E+03   2.2210000E+03   1.3970000E+03   0.0000000E+00   0.0000000E+00
   1.5566540E+03   2.2050000E+03   1.4060000E+03   2.4118297E-04   2.9623741E-04
   1.5566615E+03   2.2490000E+03   1.4380000E+03   3.6970808E-04   5.7821520E-04
   1.5566691E+03   2.1870000E+03   1.4040000E+03   0.0000000E+00   0.0000000E+00
   1.5566766E+03   2.2330000E+03   1.4030000E+03   6.5973207E-04   1.0500226E-03
   1.5566841E+03   2.2090000E+03   1.4130000E+03   3.7267351E-04   5.8261556E-04
   1.5566916E+03   2.1330000E+03   1.2850000E+03   1.2591369E-04   2.0900693E-04
   1.5566992E+03   2.2290000E+03   1.4350000E+03   2.5043496E-04   3.8900315E-04
   1.5567067E+03   2.2540000E+03   1.3820000E+03   8.3831096E-05   1.3672597E-04
   1.5567142E+03   2.2240000E+03   1.4360000E+03   0.0000000E+00   0.0000000E+00
   1.5567218E+03   2.2050000E+03   1.4290000E+03   0.0000000E+00   0.0000000E+00
   1.5567293E+03   2.1990000E+03   1.3720000E+03   1.0193212E-04   1.6337372E-04
   1.5567368E+03   2.2130000E+03   1.3970000E+03   0.0000000E+00   0.0000000E+00
   1.5567443E+03   2.2130000E+03   1.3940000E+03   4.2249684E-04   6.7072131E-04
   1.5567519E+03   2.2760000E+03   1.4650000E+03   0.0000000E+00   0.0000000E+00
   1.5567594E+03   2.1340000E+03   1.3650000E+03   0.0000000E+00   0.0000000E+00
   1.5567669E+03   2.1800000E+03   1.3840000E+03   0.0000000E+00   0.0000000E+00
   1.5567745E+03   2.2490000E+03   1.3940000E+03   0.0000000E+00   0.0000000E+00
   1.5567820E+03   2.2710000E+03   1.4510000E+03   1.0870731E-04   1.7014080E-04
   1.5567895E+03   2.2390000E+03   1.4330000E+03   3.5216319E-04   5.5023963E-04
   1.5567970E+03   2.1320000E+03   1.3800000E+03   2.2044638E-04   3.4057368E-04
   1.5568046E+03   2.1120000E+03   1.3460000E+03   6.5322504E-05   1.0249712E-04
   1.5568121E+03   2.1980000E+03   1.4170000E+03   4.1581499E-04   6.4499742E-04
   1.5568196E+03   2.2340000E+03   1.4360000E+03   0.0000000E+00   0.0000000E+00
   1.5568272E+03   2.1740000E+03   1.4110000E+03   3.1878040E-04   4.9116130E-04
   1.5568347E+03   2.1200000E+03   1.4070000E+03   0.0000000E+00   0.0000000E+00
   1.5568422E+03   2.1790000E+03   1.3590000E+03   0.0000000E+00   0.0000000E+00
   1.5568497E+03   2.2220000E+03   1.3680000E+03   0.0000000E+00   0.0000000E+00
   1.5568573E+03   2.1390000E+03   1.3730000E+03   0.0000000E+00   0.0000000E+00
   1.5568648E+03   2.1760000E+03   1.3910000E+03   1.0042535E-04   1.5709962E-04
   1.5568723E+03   2.2230000E+03   1.3880000E+03   4.2913967E-04   6.8730366E-04
   1.5568799E+03   2.1880000E+03   1.4340000E+03   8.3112055E-05   3.4795136E-04
   1.5568874E+03   2.1510000E+03   1.3520000E+03   2.6961925E-04   4.2895785E-04
   1.5568949E+03   2.1360000E+03   1.3290000E+03   0.0000000E+00   0.0000000E+00
   1.5569024E+03   2.1810000E+03   1.3670000E+03   0.0000000E+00   0.0000000E+00
   1.5569100E+03   2.1870000E+03   1.3990000E+03   0.0000000E+00   0.0000000E+00
   1.5569175E+03   2.1750000E+03   1.3680000E+03   0.0000000E+00   0.0000000E+00
   1.5569250E+03   2.1680000E+03   1.3900000E+03   0.0000000E+00   0.0000000E+00
   1.5569325E+03   2.2770000E+03   1.4500000E+03   0.0000000E+00   0.0000000E+00
   1.5569401E+03   2.1520000E+03   1.3680000E+03   0.0000000E+00   0.0000000E+00
   1.5569476E+03   2.2050000E+03   1.3870000E+03   0.0000000E+00   0.0000000E+00
   1.5569551E+03   2.1960000E+03   1.3680000E+03   0.0000000E+00   0.0000000E+00
   1.5569627E+03   2.1960000E+03   1.3570000E+03   5.0415463E-04   8.1586113E-04
   1.5569702E+03   2.0870000E+03   1.3430000E+03   1.8715407E-04   0.0000000E+00
   1.5569777E+03   2.1930000E+03   1.3720000E+03   0.0000000E+00   0.0000000E+00
   1.5569852E+03   2.2340000E+03   1.4380000E+03   0.0000000E+00   0.0000000E+00
   1.5569928E+03   2.1140000E+03   1.3660000E+03   1.4447766E-04   2.2359134E-04
   1.5570003E+03   2.1620000E+03   1.3730000E+03   0.0000000E+00   0.0000000E+00
   1.5570078E+03   2.1310000E+03   1.3360000E+03   0.0000000E+00   0.0000000E+00
   1.5570154E+03   2.1120000E+03   1.3580000E+03   3.7784295E-04   5.8763204E-04
   1.5570229E+03   2.1530000E+03   1.3520000E+03   0.0000000E+00   0.0000000E+00
   1.5570304E+03   2.1490000E+03   1.3840000E+03   9.1768474E-05   1.4249310E-04
   1.5570379E+03   2.1880000E+03   1.3550000E+03   0.0000000E+00   0.0000000E+00
   1.5570455E+03   2.1550000E+03   1.3530000E+03   0.0000000E+00   0.0000000E+00
   1.5570530E+03   2.2220000E+03   1.3750000E+03   3.1647417E-04   5.1142225E-04
   1.5570605E+03   2.1510000E+03   1.3360000E+03   0.0000000E+00   0.0000000E+00
   1.5570681E+03   2.1310000E+03   1.3590000E+03   0.0000000E+00   0.0000000E+00
   1.5570756E+03   2.1620000E+03   1.3440000E+03   0.0000000E+00   0.0000000E+00
   1.5570831E+03   2.1190000E+03   1.2910000E+03   4.0669771E-04   6.6753870E-04
   1.5570906E+03   2.0990000E+03   1.3390000E+03   1.3624168E-04   2.3039536E-04
   1.5570982E+03   2.1400000E+03   1.3910000E+03   0.0000000E+00   0.0000000E+00
   1.5571057E+03   2.0850000E+03   1.3430000E+03   1.8335058E-04   2.8465076E-04
   1.5571132E+03   2.0890000E+03   1.3470000E+03   3.7331840E-04   0.0000000E+00
   1.5571208E+03   2.1310000E+03   1.3270000E+03   1.6807513E-05   2.6990814E-05
   1.5571283E+03   2.1080000E+03   1.3550000E+03   2.9805644E-04   4.6369224E-04
   1.5571358E+03   2.1640000E+03   1.3390000E+03   0.0000000E+00   0.0000000E+00
   1.5571433E+03   2.1610000E+03   1.3470000E+03   0.0000000E+00   0.0000000E+00
   1.5571509E+03   2.1160000E+03   1.3760000E+03   0.0000000E+00   0.0000000E+00
   1.5571584E+03   2.0850000E+03   1.3470000E+03   3.7481225E-04   5.8016595E-04
   1.5571659E+03   2.0250000E+03   1.2820000E+03   0.0000000E+00   0.0000000E+00
   1.5571735E+03   2.2110000E+03   1.4340000E+03   9.0040929E-05   1.3882880E-04
   1.5571810E+03   2.1620000E+03   1.4210000E+03   4.1163288E-04   6.2628452E-04
   1.5571885E+03   2.0060000E+03   1.2820000E+03   0.0000000E+00   0.0000000E+00
   1.5571960E+03   2.0730000E+03   1.3340000E+03   0.0000000E+00   0.0000000E+00
   1.5572036E+03   2.1600000E+03   1.3780000E+03   0.0000000E+00   0.0000000E+00
   1.5572111E+03   2.0830000E+03   1.3260000E+03   0.0000000E+00   0.0000000E+00
   1.5572186E+03   1.9880000E+03   1.2510000E+03   0.0000000E+00   0.0000000E+00
   1.5572262E+03   2.2240000E+03   1.3930000E+03   1.7100514E-04   2.7301897E-04
   1.5572337E+03   2.1150000E+03   1.3670000E+03   0.0000000E+00   0.0000000E+00
   1.5572412E+03   2.1230000E+03   1.3050000E+03   0.0000000E+00   0.0000000E+00
   1.5572487E+03   2.1600000E+03   1.3580000E+03   0.0000000E+00   0.0000000E+00
   1.5572563E+03   2.1160000E+03   1.3650000E+03   0.0000000E+00   0.0000000E+00
   1.5572638E+03   2.1380000E+03   1.3370000E+03   0.0000000E+00   0.0000000E+00
   1.5572713E+03   2.1850000E+03   1.4510000E+03   1.1922517E-04   1.7953618E-04
   1.5572789E+03   2.1260000E+03   1.3730000E+03   1.4144895E-05   0.0000000E+00
   1.5572864E+03   2.1670000E+03   1.3580000E+03   0.0000000E+00   0.0000000E+00
   1.5572939E+03   2.1730000E+03   1.3900000E+03   0.0000000E+00   0.0000000E+00
   1.5573014E+03   2.0390000E+03   1.2880000E+03   0.0000000E+00   0.0000000E+00
   1.5573090E+03   2.1340000E+03   1.3720000E+03   0.0000000E+00   0.0000000E+00
   1.5573165E+03   2.1170000E+03   1.3770000E+03   1.2391224E-04   1.9050269E-04
   1.5573240E+03   2.1020000E+03   1.3260000E+03   3.5676612E-04   5.6555232E-04
   1.5573316E+03   2.1260000E+03   1.3430000E+03   1.9680433E-04   3.1154580E-04
   1.5573391E+03   2.0990000E+03   1.3330000E+03   0.0000000E+00   0.0000000E+00
   1.5573466E+03   2.1320000E+03   1.3470000E+03   0.0000000E+00   0.0000000E+00
   1.5573541E+03   2.0650000E+03   1.2970000E+03   4.3795106E-04   6.9727752E-04
   1.5573617E+03   2.1020000E+03   1.3070000E+03   0.0000000E+00   0.0000000E+00
   1.5573692E+03   2.1080000E+03   1.3030000E+03   0.0000000E+00   0.0000000E+00
   1.5573767E+03   2.0850000E+03   1.2900000E+03   1.0892383E-04   0.0000000E+00
   1.5573842E+03   2.0470000E+03   1.3120000E+03   8.4418794E-05   0.0000000E+00
   1.5573918E+03   2.0750000E+03   1.3170000E+03   0.0000000E+00   0.0000000E+00
   1.5573993E+03   2.1050000E+03   1.3210000E+03   0.0000000E+00   0.0000000E+00
   1.5574068E+03   2.1280000E+03   1.3630000E+03   0.0000000E+00   0.0000000E+00
   1.5574144E+03   2.0650000E+03   1.3100000E+03   0.0000000E+00   0.0000000E+00
   1.5574219E+03   2.1030000E+03   1.3240000E+03   1.2997747E-04   2.0645213E-04
   1.5574294E+03   2.1320000E+03   1.3550000E+03   4.3460208E-04   0.0000000E+00
   1.5574369E+03   2.0980000E+03   1.3100000E+03   0.0000000E+00   0.0000000E+00
   1.5574445E+03   2.2150000E+03   1.4260000E+03   0.0000000E+00   0.0000000E+00
   1.5574520E+03   2.0820000E+03   1.3150000E+03   0.0000000E+00   0.0000000E+00
   1.5574595E+03   2.1490000E+03   1.3700000E+03   0.0000000E+00   0.0000000E+00
   1.5574671E+03   2.1250000E+03   1.3580000E+03   0.0000000E+00   0.0000000E+00
   1.5574746E+03   2.0900000E+03   1.3350000E+03   6.0464484E-04   9.4659754E-04
   1.5574821E+03   2.1170000E+03   1.3680000E+03   0.0000000E+00   0.0000000E+00
   1.5574896E+03   2.1150000E+03   1.3400000E+03   4.2069784E-04   6.6401189E-04
   1.5574972E+03   2.0390000E+03   1.2930000E+03   0.0000000E+00   0.0000000E+00
   1.5575047E+03   2.1270000E+03   1.3090000E+03   2.8284634E-04   0.0000000E+00
   1.5575122E+03   2.0120000E+03   1.3270000E+03   3.4890353E-04   5.2900822E-04
   1.5575198E+03   2.1700000E+03   1.3690000E+03   0.0000000E+00   0.0000000E+00
   1.5575273E+03   1.9850000E+03   1.2820000E+03   0.0000000E+00   0.0000000E+00
   1.5575348E+03   2.0360000E+03   1.2960000E+03   2.4089485E-04   3.7844283E-04
   1.5575423E+03   2.0860000E+03   1.3430000E+03   2.3372260E-04   0.0000000E+00
   1.5575499E+03   2.0500000E+03   1.2920000E+03   1.4321306E-04   2.1977767E-04
   1.5575574E+03   2.0480000E+03   1.2660000E+03   4.3929529E-05   0.0000000E+00
   1.5575649E+03   2.0730000E+03   1.3640000E+03   5.6597955E-04   8.8910699E-04
   1.5575725E+03   2.0540000E+03   1.2850000E+03   6.2074468E-06   9.9222535E-06
   1.5575800E+03   2.0980000E+03   1.3350000E+03   0.0000000E+00   0.0000000E+00
   1.5575875E+03   2.0730000E+03   1.3110000E+03   6.6141889E-04   1.0458592E-03
   1.5575950E+03   2.0810000E+03   1.3470000E+03   0.0000000E+00   0.0000000E+00
   1.5576026E+03   2.0540000E+03   1.3190000E+03   8.1293233E-07   0.0000000E+00
   1.5576101E+03   2.0240000E+03   1.2720000E+03   0.0000000E+00   0.0000000E+00
   1.5576176E+03   2.1410000E+03   1.3450000E+03   2.3405362E-04   3.7257159E-04
   1.5576252E+03   2.1160000E+03   1.3150000E+03   0.0000000E+00   0.0000000E+00
   1.5576327E+03   2.0830000E+03   1.3140000E+03   0.0000000E+00   0.0000000E+00
   1.5576402E+03   2.0840000E+03   1.3400000E+03   0.0000000E+00   0.0000000E+00
   1.5576477E+03   2.0320000E+03   1.2990000E+03   0.0000000E+00   0.0000000E+00
   1.5576553E+03   2.0560000E+03   1.3160000E+03   0.0000000E+00   0.0000000E+00
   1.5576628E+03   2.0700000E+03   1.2890000E+03   0.0000000E+00   0.0000000E+00
   1.5576703E+03   2.0520000E+03   1.3190000E+03   3.6413408E-04   5.6649214E-04
   1.5576779E+03   2.1260000E+03   1.3360000E+03   4.4064681E-04   7.0120891E-04
   1.5576854E+03   2.0180000E+03   1.2470000E+03   0.0000000E+00   0.0000000E+00
   1.5576929E+03   1.9810000E+03   1.2730000E+03   3.4889260E-04   5.4293498E-04
   1.5577004E+03   2.1260000E+03   1.3890000E+03   0.0000000E+00   0.0000000E+00
   1.5577080E+03   2.1300000E+03   1.3700000E+03   1.4653893E-04   2.2783060E-04
   1.5577155E+03   2.1200000E+03   1.3600000E+03   0.0000000E+00   0.0000000E+00
   1.5577230E+03   1.9560000E+03   1.2470000E+03   1.8557913E-04   2.9109285E-04
   1.5577306E+03   2.0740000E+03   1.3250000E+03   0.0000000E+00   0.0000000E+00
   1.5577381E+03   2.0760000E+03   1.3480000E+03   4.8122368E-04   7.4111303E-04
   1.5577456E+03   2.1370000E+03   1.3910000E+03   3.8259703E-04   5.8778567E-04
   1.5577531E+03   1.9800000E+03   1.2760000E+03   0.0000000E+00   0.0000000E+00
   1.5577607E+03   2.0200000E+03   1.2780000E+03   0.0000000E+00   0.0000000E+00
   1.5577682E+03   2.0270000E+03   1.2670000E+03   0.0000000E+00   0.0000000E+00
   1.5577757E+03   2.0530000E+03   1.3030000E+03   0.0000000E+00   0.0000000E+00
   1.5577833E+03   2.0310000E+03   1.3000000E+03   0.0000000E+00   0.0000000E+00
   1.5577908E+03   2.0570000E+03   1.3210000E+03   1.7332649E-04   2.6989597E-04
   1.5577983E+03   2.0650000E+03   1.2870000E+03   1.5281290E-04   2.4518930E-04
   1.5578058E+03   2.0460000E+03   1.2910000E+03   0.0000000E+00   0.0000000E+00
   1.5578134E+03   2.0360000E+03   1.2560000E+03   0.0000000E+00   0.0000000E+00
   1.5578209E+03   2.0590000E+03   1.3600000E+03   4.3321348E-04   6.5490747E-04
   1.5578284E+03   1.9300000E+03   1.2330000E+03   2.3082043E-04   0.0000000E+00
   1.5578359E+03   2.0370000E+03   1.3310000E+03   0.0000000E+00   0.0000000E+00
   1.5578435E+03   2.0490000E+03   1.2750000E+03   2.4687726E-04   3.9674627E-04
   1.5578510E+03   1.9600000E+03   1.2490000E+03   8.6847148E-04   1.3628536E-03
   1.5578585E+03   1.9950000E+03   1.2400000E+03   0.0000000E+00   0.0000000E+00
   1.5578661E+03   1.9860000E+03   1.2430000E+03   0.0000000E+00   0.0000000E+00
   1.5578736E+03   2.0000000E+03   1.2950000E+03   0.0000000E+00   0.0000000E+00
   1.5578811E+03   2.0630000E+03   1.3190000E+03   0.0000000E+00   0.0000000E+00
   1.5578886E+03   2.0370000E+03   1.3000000E+03   0.0000000E+00   0.0000000E+00
   1.5578962E+03   1.9360000E+03   1.2020000E+03   1.0623543E-04   1.7110798E-04
   1.5579037E+03   2.0010000E+03   1.2620000E+03   0.0000000E+00   0.0000000E+00
   1.5579112E+03   2.0390000E+03   1.2910000E+03   4.2887558E-04   0.0000000E+00
   1.5579188E+03   2.0740000E+03   1.3260000E+03   1.9894449E-04   3.1116958E-04
   1.5579263E+03   1.9660000E+03   1.2100000E+03   4.1855305E-04   6.8006223E-04
   1.5579338E+03   1.9940000E+03   1.2670000E+03   0.0000000E+00   0.0000000E+00
   1.5579413E+03   2.0480000E+03   1.2880000E+03   0.0000000E+00   0.0000000E+00
   1.5579489E+03   2.0300000E+03   1.2940000E+03   0.0000000E+00   0.0000000E+00
   1.5579564E+03   1.8720000E+03   1.1880000E+03   1.7230037E-04   0.0000000E+00
   1.5579639E+03   1.9880000E+03   1.2900000E+03   0.0000000E+00   0.0000000E+00
   1.5579715E+03   2.0050000E+03   1.2640000E+03   2.9310270E-04   4.6492952E-04
   1.5579790E+03   2.0280000E+03   1.3010000E+03   0.0000000E+00   0.0000000E+00
   1.5579865E+03   1.9930000E+03   1.2550000E+03   0.0000000E+00   0.0000000E+00
   1.5579940E+03   2.0100000E+03   1.3000000E+03   3.9722225E-04   6.1416670E-04
   1.5580016E+03   1.9450000E+03   1.2470000E+03   0.0000000E+00   0.0000000E+00
   1.5580091E+03   1.9040000E+03   1.1690000E+03   0.0000000E+00   0.0000000E+00
   1.5580166E+03   1.9700000E+03   1.2690000E+03   0.0000000E+00   0.0000000E+00
   1.5580242E+03   2.0860000E+03   1.3300000E+03   0.0000000E+00   0.0000000E+00
   1.5580317E+03   1.9640000E+03   1.2390000E+03   0.0000000E+00   0.0000000E+00
   1.5580392E+03   2.0050000E+03   1.2750000E+03   0.0000000E+00   0.0000000E+00
   1.5580467E+03   1.9250000E+03   1.2620000E+03   4.9582499E-04   7.5630992E-04
   1.5580543E+03   1.9380000E+03   1.2420000E+03   8.2484220E-04   1.2870726E-03
   1.5580618E+03   2.0460000E+03   1.3050000E+03   3.4732634E-04   5.4454383E-04
   1.5580693E+03   2.0050000E+03   1.2700000E+03   0.0000000E+00   0.0000000E+00
   1.5580769E+03   1.9610000E+03   1.2280000E+03   0.0000000E+00   0.0000000E+00
   1.5580844E+03   1.9800000E+03   1.2720000E+03   0.0000000E+00   0.0000000E+00
   1.5580919E+03   1.9500000E+03   1.2510000E+03   0.0000000E+00   0.0000000E+00
   1.5580994E+03   1.9430000E+03   1.2770000E+03   0.0000000E+00   0.0000000E+00
   1.5581070E+03   2.0050000E+03   1.2670000E+03   0.0000000E+00   0.0000000E+00
   1.5581145E+03   2.0470000E+03   1.3110000E+03   0.0000000E+00   0.0000000E+00
   1.5581220E+03   2.0180000E+03   1.3090000E+03   2.6835205E-04   4.1370087E-04
   1.5581296E+03   1.8890000E+03   1.1730000E+03   3.2529337E-04   5.2385266E-04
   1.5581371E+03   2.0000000E+03   1.2830000E+03   0.0000000E+00   0.0000000E+00
   1.5581446E+03   2.0110000E+03   1.2380000E+03   1.4296518E-04   2.3223180E-04
   1.5581521E+03   2.0240000E+03   1.2830000E+03   0.0000000E+00   0.0000000E+00
   1.5581597E+03   1.9700000E+03   1.2510000E+03   4.1974812E-04   6.6099424E-04
   1.5581672E+03   1.8950000E+03   1.1880000E+03   1.2021920E-04   1.9176379E-04
   1.5581747E+03   2.0310000E+03   1.3000000E+03   0.0000000E+00   0.0000000E+00
   1.5581823E+03   2.0080000E+03   1.2230000E+03   0.0000000E+00   0.0000000E+00
   1.5581898E+03   1.9400000E+03   1.2590000E+03   1.2854029E-04   1.9806844E-04
   1.5581973E+03   1.9900000E+03   1.2390000E+03   0.0000000E+00   0.0000000E+00
   1.5582048E+03   2.0180000E+03   1.2880000E+03   8.5574737E-05   0.0000000E+00
   1.5582124E+03   1.8760000E+03   1.1820000E+03   1.8144275E-04   0.0000000E+00
   1.5582199E+03   1.9630000E+03   1.1870000E+03   0.0000000E+00   0.0000000E+00
   1.5582274E+03   1.8610000E+03   1.1880000E+03   1.3703452E-04   2.1466434E-04
   1.5582350E+03   1.9770000E+03   1.2340000E+03   0.0000000E+00   0.0000000E+00
   1.5582425E+03   1.8990000E+03   1.1480000E+03   0.0000000E+00   0.0000000E+00
   1.5582500E+03   1.9440000E+03   1.2250000E+03   0.0000000E+00   0.0000000E+00
   1.5582575E+03   1.9410000E+03   1.2470000E+03   0.0000000E+00   0.0000000E+00
   1.5582651E+03   1.9320000E+03   1.2090000E+03   0.0000000E+00   0.0000000E+00
   1.5582726E+03   1.9300000E+03   1.2140000E+03   0.0000000E+00   0.0000000E+00
   1.5582801E+03   1.9230000E+03   1.2110000E+03   4.4246633E-04   7.0261168E-04
   1.5582876E+03   2.0310000E+03   1.3290000E+03   1.7344727E-04   2.6506502E-04
   1.5582952E+03   1.8940000E+03   1.1850000E+03   0.0000000E+00   0.0000000E+00
   1.5583027E+03   1.9220000E+03   1.2390000E+03   4.9464308E-04   7.6731558E-04
   1.5583102E+03   1.9620000E+03   1.2460000E+03   4.8848967E-04   7.6919480E-04
   1.5583178E+03   1.9350000E+03   1.2170000E+03   0.0000000E+00   0.0000000E+00
   1.5583253E+03   1.9550000E+03   1.2050000E+03   0.0000000E+00   0.0000000E+00
   1.5583328E+03   1.9370000E+03   1.2500000E+03   2.2995375E-04   3.5633633E-04
   1.5583403E+03   1.9450000E+03   1.2360000E+03   4.9371560E-04   6.7700321E-04
   1.5583479E+03   1.9010000E+03   1.1910000E+03   0.0000000E+00   0.0000000E+00
   1.5583554E+03   1.9620000E+03   1.2440000E+03   1.3713614E-04   1.3937285E-04
   1.5583629E+03   1.9330000E+03   1.2050000E+03   0.0000000E+00   0.0000000E+00
   1.5583705E+03   1.8990000E+03   1.1970000E+03   3.1765449E-04   5.0394810E-04
   1.5583780E+03   1.8990000E+03   1.1870000E+03   0.0000000E+00   0.0000000E+00
   1.5583855E+03   1.8730000E+03   1.2030000E+03   6.8537578E-05   1.0670896E-04
   1.5583930E+03   1.9670000E+03   1.2520000E+03   3.0299355E-04   4.7602901E-04
   1.5584006E+03   1.9540000E+03   1.2340000E+03   4.9031191E-04   7.7639341E-04
   1.5584081E+03   1.8780000E+03   1.1920000E+03   0.0000000E+00   0.0000000E+00
   1.5584156E+03   1.8820000E+03   1.2200000E+03   0.0000000E+00   0.0000000E+00
   1.5584232E+03   1.9470000E+03   1.2190000E+03   0.0000000E+00   0.0000000E+00
   1.5584307E+03   1.9490000E+03   1.2250000E+03   0.0000000E+00   0.0000000E+00
   1.5584382E+03   1.9700000E+03   1.2540000E+03   1.2886649E-05   0.0000000E+00
   1.5584457E+03   1.9190000E+03   1.2150000E+03   0.0000000E+00   0.0000000E+00
   1.5584533E+03   1.9270000E+03   1.2270000E+03   4.7828592E-04   7.5114667E-04
   1.5584608E+03   1.9290000E+03   1.2110000E+03   0.0000000E+00   0.0000000E+00
   1.5584683E+03   1.8480000E+03   1.1360000E+03   0.0000000E+00   0.0000000E+00
   1.5584759E+03   1.8920000E+03   1.2460000E+03   0.0000000E+00   0.0000000E+00
   1.5584834E+03   1.8900000E+03   1.1810000E+03   0.0000000E+00   0.0000000E+00
   1.5584909E+03   1.8880000E+03   1.1990000E+03   0.0000000E+00   0.0000000E+00
   1.5584984E+03   1.8970000E+03   1.1690000E+03   0.0000000E+00   0.0000000E+00
   1.5585060E+03   1.8920000E+03   1.2140000E+03   0.0000000E+00   0.0000000E+00
   1.5585135E+03   1.9060000E+03   1.2120000E+03   0.0000000E+00   0.0000000E+00
   1.5585210E+03   1.9160000E+03   1.2210000E+03   2.1534519E-04   3.3792087E-04
   1.5585286E+03   1.8420000E+03   1.1730000E+03   0.0000000E+00   0.0000000E+00
   1.5585361E+03   1.9440000E+03   1.2330000E+03   4.7490101E-04   7.4874903E-04
   1.5585436E+03   1.8520000E+03   1.1660000E+03   0.0000000E+00   0.0000000E+00
   1.5585511E+03   1.9290000E+03   1.2000000E+03   0.0000000E+00   0.0000000E+00
   1.5585587E+03   1.9390000E+03   1.1930000E+03   3.5292245E-04   5.7360992E-04
   1.5585662E+03   1.9280000E+03   1.2220000E+03   0.0000000E+00   0.0000000E+00
   1.5585737E+03   1.8310000E+03   1.1530000E+03   0.0000000E+00   0.0000000E+00
   1.5585813E+03   1.9710000E+03   1.2210000E+03   0.0000000E+00   0.0000000E+00
   1.5585888E+03   1.9510000E+03   1.2480000E+03   4.6172357E-04   7.2181304E-04
   1.5585963E+03   1.9230000E+03   1.2060000E+03   0.0000000E+00   0.0000000E+00
   1.5586038E+03   1.9350000E+03   1.1880000E+03   0.0000000E+00   0.0000000E+00
   1.5586114E+03   1.9020000E+03   1.2620000E+03   5.7188932E-05   8.6191242E-05
   1.5586189E+03   1.8700000E+03   1.2390000E+03   4.1512860E-04   6.2654599E-04
   1.5586264E+03   1.8070000E+03   1.1310000E+03   0.0000000E+00   0.0000000E+00
   1.5586340E+03   2.0040000E+03   1.2680000E+03   0.0000000E+00   0.0000000E+00
   1.5586415E+03   1.8140000E+03   1.1460000E+03   0.0000000E+00   0.0000000E+00
   1.5586490E+03   1.8940000E+03   1.1660000E+03   0.0000000E+00   0.0000000E+00
   1.5586565E+03   1.8610000E+03   1.2050000E+03   0.0000000E+00   0.0000000E+00
   1.5586641E+03   1.8450000E+03   1.1840000E+03   0.0000000E+00   0.0000000E+00
   1.5586716E+03   1.9260000E+03   1.2010000E+03   1.5197831E-05   2.4372209E-05
   1.5586791E+03   1.8690000E+03   1.1650000E+03   0.0000000E+00   0.0000000E+00
   1.5586867E+03   1.8680000E+03   1.1870000E+03   5.1656816E-04   8.1293118E-04
   1.5586942E+03   1.9170000E+03   1.2500000E+03   0.0000000E+00   0.0000000E+00
   1.5587017E+03   1.9260000E+03   1.2420000E+03   0.0000000E+00   0.0000000E+00
   1.5587092E+03   1.9610000E+03   1.2320000E+03   0.0000000E+00   0.0000000E+00
   1.5587168E+03   1.9740000E+03   1.2540000E+03   1.9351617E-04   3.0462593E-04
   1.5587243E+03   1.8160000E+03   1.1490000E+03   3.2700098E-04   5.1682661E-04
   1.5587318E+03   1.9050000E+03   1.2150000E+03   0.0000000E+00   0.0000000E+00
   1.5587393E+03   1.8650000E+03   1.1760000E+03   2.9235918E-04   4.6364785E-04
   1.5587469E+03   1.8350000E+03   1.1530000E+03   0.0000000E+00   0.0000000E+00
   1.5587544E+03   1.9220000E+03   1.2340000E+03   0.0000000E+00   0.0000000E+00
   1.5587619E+03   1.8910000E+03   1.2300000E+03   4.0877680E-04   6.2845279E-04
   1.5587695E+03   1.8860000E+03   1.1840000E+03   0.0000000E+00   0.0000000E+00
   1.5587770E+03   1.8170000E+03   1.1400000E+03   0.0000000E+00   0.0000000E+00
   1.5587845E+03   1.8690000E+03   1.1680000E+03   0.0000000E+00   0.0000000E+00
   1.5587920E+03   1.8320000E+03   1.1660000E+03   4.8026971E-04   7.5459185E-04
   1.5587996E+03   1.8980000E+03   1.1750000E+03   0.0000000E+00   0.0000000E+00
   1.5588071E+03   1.8740000E+03   1.1980000E+03   0.0000000E+00   0.0000000E+00
   1.5588146E+03   1.8260000E+03   1.1470000E+03   0.0000000E+00   0.0000000E+00
   1.5588222E+03   1.9300000E+03   1.2390000E+03   0.0000000E+00   0.0000000E+00
   1.5588297E+03   1.8370000E+03   1.1800000E+03   0.0000000E+00   0.0000000E+00
   1.5588372E+03   1.8460000E+03   1.1940000E+03   0.0000000E+00   0.0000000E+00
   1.5588447E+03   1.8530000E+03   1.1860000E+03   0.0000000E+00   0.0000000E+00
   1.5588523E+03   1.8950000E+03   1.2080000E+03   0.0000000E+00   0.0000000E+00
   1.5588598E+03   1.9010000E+03   1.1990000E+03   0.0000000E+00   0.0000000E+00
   1.5588673E+03   1.8080000E+03   1.1640000E+03   0.0000000E+00   0.0000000E+00
   1.5588749E+03   1.8510000E+03   1.1540000E+03   4.8008648E-04   7.7005206E-04
   1.5588824E+03   1.9010000E+03   1.1890000E+03   0.0000000E+00   0.0000000E+00
   1.5588899E+03   1.7460000E+03   1.0970000E+03   0.0000000E+00   0.0000000E+00
   1.5588974E+03   1.8020000E+03   1.1430000E+03   0.0000000E+00   0.0000000E+00
   1.5589050E+03   1.8550000E+03   1.1630000E+03   0.0000000E+00   0.0000000E+00
   1.5589125E+03   1.8870000E+03   1.1790000E+03   0.0000000E+00   0.0000000E+00
   1.5589200E+03   1.8490000E+03   1.1220000E+03   0.0000000E+00   0.0000000E+00
   1.5589276E+03   1.8050000E+03   1.1390000E+03   0.0000000E+00   0.0000000E+00
   1.5589351E+03   1.8130000E+03   1.1520000E+03   0.0000000E+00   0.0000000E+00
   1.5589426E+03   1.8160000E+03   1.1660000E+03   2.9789059E-05   0.0000000E+00
   1.5589501E+03   1.8350000E+03   1.1590000E+03   0.0000000E+00   0.0000000E+00
   1.5589577E+03   1.8440000E+03   1.2200000E+03   3.3518202E-04   5.0661937E-04
   1.5589652E+03   1.8590000E+03   1.1880000E+03   0.0000000E+00   0.0000000E+00
   1.5589727E+03   1.7760000E+03   1.1300000E+03   0.0000000E+00   0.0000000E+00
   1.5589803E+03   1.9110000E+03   1.2410000E+03   9.9050049E-06   1.5252590E-05
   1.5589878E+03   1.8290000E+03   1.1010000E+03   3.0040409E-04   3.0033983E-04
   1.5589953E+03   1.8190000E+03   1.1610000E+03   4.4269991E-04   6.9360132E-04
   1.5590028E+03   1.8750000E+03   1.2060000E+03   0.0000000E+00   0.0000000E+00
   1.5590104E+03   1.7740000E+03   1.1280000E+03   5.4247704E-04   8.5315095E-04
   1.5590179E+03   1.8230000E+03   1.1510000E+03   4.6445135E-06   7.3561669E-06
   1.5590254E+03   1.8510000E+03   1.1910000E+03   0.0000000E+00   0.0000000E+00
   1.5590330E+03   1.7630000E+03   1.1290000E+03   5.1565661E-04   8.0522818E-04
   1.5590405E+03   1.7880000E+03   1.1420000E+03   0.0000000E+00   0.0000000E+00
   1.5590480E+03   1.8440000E+03   1.1810000E+03   0.0000000E+00   0.0000000E+00
   1.5590555E+03   1.8360000E+03   1.1950000E+03   2.3708231E-04   3.6425366E-04
   1.5590631E+03   1.7610000E+03   1.1520000E+03   0.0000000E+00   0.0000000E+00
   1.5590706E+03   1.7400000E+03   1.0550000E+03   0.0000000E+00   0.0000000E+00
   1.5590781E+03   1.8060000E+03   1.1250000E+03   0.0000000E+00   0.0000000E+00
   1.5590857E+03   1.8410000E+03   1.1290000E+03   1.7517998E-04   2.8565664E-04
   1.5590932E+03   1.7520000E+03   1.1330000E+03   0.0000000E+00   0.0000000E+00
   1.5591007E+03   1.8900000E+03   1.2170000E+03   0.0000000E+00   0.0000000E+00
   1.5591082E+03   1.8550000E+03   1.1410000E+03   1.1585150E-04   1.8834753E-04
   1.5591158E+03   1.8060000E+03   1.1600000E+03   0.0000000E+00   0.0000000E+00
   1.5591233E+03   1.8730000E+03   1.1730000E+03   0.0000000E+00   0.0000000E+00
   1.5591308E+03   1.7310000E+03   1.1340000E+03   0.0000000E+00   0.0000000E+00
   1.5591384E+03   1.7680000E+03   1.0970000E+03   1.8053849E-04   2.9096813E-04
   1.5591459E+03   1.7520000E+03   1.1150000E+03   5.6280751E-05   8.8433969E-05
   1.5591534E+03   1.7920000E+03   1.1540000E+03   0.0000000E+00   0.0000000E+00
   1.5591609E+03   1.7690000E+03   1.1080000E+03   4.0976172E-04   6.5421343E-04
   1.5591685E+03   1.8170000E+03   1.1490000E+03   0.0000000E+00   0.0000000E+00
   1.5591760E+03   1.7510000E+03   1.1370000E+03   0.0000000E+00   0.0000000E+00
   1.5591835E+03   1.8130000E+03   1.1050000E+03   0.0000000E+00   0.0000000E+00
   1.5591910E+03   1.8420000E+03   1.1300000E+03   0.0000000E+00   0.0000000E+00
   1.5591986E+03   1.8320000E+03   1.1510000E+03   0.0000000E+00   0.0000000E+00
   1.5592061E+03   1.8020000E+03   1.1320000E+03   0.0000000E+00   0.0000000E+00
   1.5592136E+03   1.8410000E+03   1.1820000E+03   0.0000000E+00   0.0000000E+00
   1.5592212E+03   1.7710000E+03   1.1270000E+03   5.3188415E-04   8.3581795E-04
   1.5592287E+03   1.7450000E+03   1.0510000E+03   0.0000000E+00   0.0000000E+00
   1.5592362E+03   1.7550000E+03   1.1010000E+03   2.2665185E-04   3.6128429E-04
   1.5592437E+03   1.8100000E+03   1.1500000E+03   0.0000000E+00   0.0000000E+00
   1.5592513E+03   1.7450000E+03   1.0910000E+03   0.0000000E+00   0.0000000E+00
   1.5592588E+03   1.7640000E+03   1.2010000E+03   0.0000000E+00   0.0000000E+00
   1.5592663E+03   1.6750000E+03   1.0890000E+03   0.0000000E+00   0.0000000E+00
   1.5592739E+03   1.7810000E+03   1.0890000E+03   2.1503215E-04   3.5167332E-04
   1.5592814E+03   1.7870000E+03   1.1190000E+03   0.0000000E+00   0.0000000E+00
   1.5592889E+03   1.7460000E+03   1.1260000E+03   0.0000000E+00   0.0000000E+00
   1.5592964E+03   1.7530000E+03   1.1170000E+03   0.0000000E+00   0.0000000E+00
   1.5593040E+03   1.7810000E+03   1.1250000E+03   1.9557180E-04   3.0961188E-04
   1.5593115E+03   1.7890000E+03   1.1050000E+03   0.0000000E+00   0.0000000E+00
   1.5593190E+03   1.7310000E+03   1.1230000E+03   0.0000000E+00   0.0000000E+00
   1.5593266E+03   1.7780000E+03   1.1260000E+03   0.0000000E+00   0.0000000E+00
   1.5593341E+03   1.7960000E+03   1.1460000E+03   0.0000000E+00   0.0000000E+00
   1.5593416E+03   1.7960000E+03   1.1630000E+03   0.0000000E+00   0.0000000E+00
   1.5593491E+03   1.7470000E+03   1.1600000E+03   0.0000000E+00   0.0000000E+00
   1.5593567E+03   1.7250000E+03   1.1080000E+03   0.0000000E+00   0.0000000E+00
   1.5593642E+03   1.7250000E+03   1.1230000E+03   5.5317351E-04   8.4970998E-04
   1.5593717E+03   1.7470000E+03   1.1040000E+03   0.0000000E+00   0.0000000E+00
   1.5593793E+03   1.7660000E+03   1.1000000E+03   2.5836628E-04   4.1479531E-04
   1.5593868E+03   1.7950000E+03   1.1360000E+03   0.0000000E+00   0.0000000E+00
   1.5593943E+03   1.7510000E+03   1.0850000E+03   0.0000000E+00   0.0000000E+00
   1.5594018E+03   1.8040000E+03   1.1590000E+03   3.5521479E-04   5.5289688E-04
   1.5594094E+03   1.7870000E+03   1.1350000E+03   0.0000000E+00   0.0000000E+00
   1.5594169E+03   1.7450000E+03   1.1020000E+03   0.0000000E+00   0.0000000E+00
   1.5594244E+03   1.7680000E+03   1.1200000E+03   0.0000000E+00   0.0000000E+00
   1.5594320E+03   1.7850000E+03   1.1250000E+03   0.0000000E+00   0.0000000E+00
   1.5594395E+03   1.7500000E+03   1.1100000E+03   3.5033289E-05   5.5232662E-05
   1.5594470E+03   1.8250000E+03   1.1890000E+03   0.0000000E+00   0.0000000E+00
   1.5594545E+03   1.7380000E+03   1.1190000E+03   0.0000000E+00   0.0000000E+00
   1.5594621E+03   1.7690000E+03   1.1100000E+03   0.0000000E+00   0.0000000E+00
   1.5594696E+03   1.7890000E+03   1.1420000E+03   0.0000000E+00   0.0000000E+00
   1.5594771E+03   1.7660000E+03   1.1220000E+03   0.0000000E+00   0.0000000E+00
   1.5594847E+03   1.7790000E+03   1.1190000E+03   0.0000000E+00   0.0000000E+00
   1.5594922E+03   1.7100000E+03   1.0900000E+03   0.0000000E+00   0.0000000E+00
   1.5594997E+03   1.7480000E+03   1.1180000E+03   0.0000000E+00   0.0000000E+00
   1.5595072E+03   1.7410000E+03   1.0660000E+03   0.0000000E+00   0.0000000E+00
   1.5595148E+03   1.7420000E+03   1.1020000E+03   0.0000000E+00   0.0000000E+00
   1.5595223E+03   1.7090000E+03   1.1020000E+03   0.0000000E+00   0.0000000E+00
   1.5595298E+03   1.7100000E+03   1.0460000E+03   0.0000000E+00   0.0000000E+00
   1.5595374E+03   1.7370000E+03   1.1110000E+03   0.0000000E+00   0.0000000E+00
   1.5595449E+03   1.7630000E+03   1.1160000E+03   5.5704885E-04   5.7419265E-04
   1.5595524E+03   1.6860000E+03   1.0410000E+03   0.0000000E+00   0.0000000E+00
   1.5595599E+03   1.6610000E+03   1.0390000E+03   0.0000000E+00   0.0000000E+00
   1.5595675E+03   1.7570000E+03   1.1050000E+03   0.0000000E+00   0.0000000E+00
   1.5595750E+03   1.7300000E+03   1.0810000E+03   0.0000000E+00   0.0000000E+00
   1.5595825E+03   1.6350000E+03   1.0590000E+03   4.9061054E-05   7.5745820E-05
   1.5595901E+03   1.6920000E+03   1.0750000E+03   0.0000000E+00   0.0000000E+00
   1.5595976E+03   1.7260000E+03   1.0900000E+03   0.0000000E+00   0.0000000E+00
   1.5596051E+03   1.7510000E+03   1.1360000E+03   9.4204467E-05   1.4520424E-04
   1.5596126E+03   1.7290000E+03   1.0870000E+03   0.0000000E+00   0.0000000E+00
   1.5596202E+03   1.7040000E+03   1.0920000E+03   0.0000000E+00   0.0000000E+00
   1.5596277E+03   1.6920000E+03   1.0490000E+03   5.4173278E-04   8.7379586E-04
   1.5596352E+03   1.7160000E+03   1.0600000E+03   2.4719548E-04   4.0017684E-04
   1.5596427E+03   1.7120000E+03   1.0500000E+03   5.6420583E-04   9.1992417E-04
   1.5596503E+03   1.7430000E+03   1.0940000E+03   0.0000000E+00   0.0000000E+00
   1.5596578E+03   1.7070000E+03   1.0460000E+03   0.0000000E+00   0.0000000E+00
   1.5596653E+03   1.7960000E+03   1.1700000E+03   0.0000000E+00   0.0000000E+00
   1.5596729E+03   1.6360000E+03   1.0450000E+03   0.0000000E+00   0.0000000E+00
   1.5596804E+03   1.6920000E+03   1.0560000E+03   0.0000000E+00   0.0000000E+00
   1.5596879E+03   1.7180000E+03   1.0940000E+03   0.0000000E+00   0.0000000E+00
   1.5596954E+03   1.6990000E+03   1.0850000E+03   0.0000000E+00   0.0000000E+00
   1.5597030E+03   1.7720000E+03   1.1300000E+03   1.2874343E-05   2.0188793E-05
   1.5597105E+03   1.6690000E+03   1.0750000E+03   0.0000000E+00   0.0000000E+00
   1.5597180E+03   1.7050000E+03   1.1070000E+03   0.0000000E+00   0.0000000E+00
   1.5597256E+03   1.7380000E+03   1.1480000E+03   0.0000000E+00   0.0000000E+00
   1.5597331E+03   1.7430000E+03   1.0780000E+03   0.0000000E+00   0.0000000E+00
   1.5597406E+03   1.6720000E+03   1.0720000E+03   0.0000000E+00   0.0000000E+00
   1.5597481E+03   1.7070000E+03   1.1050000E+03   0.0000000E+00   0.0000000E+00
   1.5597557E+03   1.6970000E+03   1.1120000E+03   0.0000000E+00   0.0000000E+00
   1.5597632E+03   1.7080000E+03   1.0560000E+03   0.0000000E+00   0.0000000E+00
   1.5597707E+03   1.7670000E+03   1.1450000E+03   0.0000000E+00   0.0000000E+00
   1.5597783E+03   1.7650000E+03   1.1060000E+03   0.0000000E+00   0.0000000E+00
   1.5597858E+03   1.6660000E+03   1.0670000E+03   1.2506756E-04   1.9527888E-04
   1.5597933E+03   1.6540000E+03   1.0680000E+03   0.0000000E+00   0.0000000E+00
   1.5598008E+03   1.6950000E+03   1.0460000E+03   0.0000000E+00   0.0000000E+00
   1.5598084E+03   1.6440000E+03   1.0540000E+03   0.0000000E+00   0.0000000E+00
   1.5598159E+03   1.6710000E+03   1.0740000E+03   0.0000000E+00   0.0000000E+00
   1.5598234E+03   1.7090000E+03   1.0670000E+03   0.0000000E+00   0.0000000E+00
   1.5598310E+03   1.7770000E+03   1.1060000E+03   0.0000000E+00   0.0000000E+00
   1.5598385E+03   1.7050000E+03   1.0360000E+03   4.0330567E-04   6.6374148E-04
   1.5598460E+03   1.6750000E+03   1.0920000E+03   0.0000000E+00   0.0000000E+00
   1.5598535E+03   1.6200000E+03   1.0390000E+03   0.0000000E+00   0.0000000E+00
   1.5598611E+03   1.7100000E+03   1.1100000E+03   0.0000000E+00   0.0000000E+00
   1.5598686E+03   1.6470000E+03   1.0790000E+03   0.0000000E+00   0.0000000E+00
   1.5598761E+03   1.6970000E+03   1.0530000E+03   2.6339790E-04   4.2448836E-04
   1.5598837E+03   1.6260000E+03   1.0550000E+03   0.0000000E+00   0.0000000E+00
   1.5598912E+03   1.6760000E+03   1.0570000E+03   0.0000000E+00   0.0000000E+00
   1.5598987E+03   1.6460000E+03   1.0530000E+03   5.0342484E-04   8.9119218E-04
   1.5599062E+03   1.6380000E+03   1.0500000E+03   0.0000000E+00   0.0000000E+00
   1.5599138E+03   1.6420000E+03   1.0890000E+03   0.0000000E+00   0.0000000E+00
   1.5599213E+03   1.6010000E+03   1.0140000E+03   1.7062445E-05   2.6939817E-05
   1.5599288E+03   1.6940000E+03   1.0720000E+03   0.0000000E+00   0.0000000E+00
   1.5599364E+03   1.6390000E+03   1.0530000E+03   0.0000000E+00   0.0000000E+00
   1.5599439E+03   1.6660000E+03   1.0720000E+03   0.0000000E+00   0.0000000E+00
   1.5599514E+03   1.7090000E+03   1.1170000E+03   0.0000000E+00   0.0000000E+00
   1.5599589E+03   1.6580000E+03   1.0720000E+03   0.0000000E+00   0.0000000E+00
   1.5599665E+03   1.6810000E+03   1.0920000E+03   0.0000000E+00   0.0000000E+00
   1.5599740E+03   1.6910000E+03   1.0910000E+03   0.0000000E+00   0.0000000E+00
   1.5599815E+03   1.6870000E+03   1.0630000E+03   2.1334387E-04   3.3858053E-04
   1.5599891E+03   1.6120000E+03   9.9000000E+02   0.0000000E+00   0.0000000E+00
   1.5599966E+03   1.6580000E+03   1.0550000E+03   0.0000000E+00   0.0000000E+00
   1.5600041E+03   1.6130000E+03   1.0370000E+03   0.0000000E+00   0.0000000E+00
   1.5600116E+03   1.6940000E+03   1.0650000E+03   0.0000000E+00   0.0000000E+00
   1.5600192E+03   1.5950000E+03   9.7900000E+02   0.0000000E+00   0.0000000E+00
   1.5600267E+03   1.6250000E+03   1.0430000E+03   0.0000000E+00   0.0000000E+00
   1.5600342E+03   1.6070000E+03   1.0030000E+03   0.0000000E+00   0.0000000E+00
   1.5600418E+03   1.6020000E+03   1.0050000E+03   5.3723911E-04   8.5637518E-04
   1.5600493E+03   1.6160000E+03   1.0440000E+03   0.0000000E+00   0.0000000E+00
   1.5600568E+03   1.6510000E+03   1.0220000E+03   1.1417235E-03   1.8444086E-03
   1.5600643E+03   1.6060000E+03   1.0110000E+03   0.0000000E+00   0.0000000E+00
   1.5600719E+03   1.5980000E+03   1.0080000E+03   0.0000000E+00   0.0000000E+00
   1.5600794E+03   1.6650000E+03   1.0460000E+03   0.0000000E+00   0.0000000E+00
   1.5600869E+03   1.6180000E+03   1.0490000E+03   5.7304354E-04   8.8387459E-04
   1.5600944E+03   1.6350000E+03   1.0390000E+03   0.0000000E+00   0.0000000E+00
   1.5601020E+03   1.6070000E+03   9.9700000E+02   0.0000000E+00   0.0000000E+00
   1.5601095E+03   1.6110000E+03   1.0540000E+03   0.0000000E+00   0.0000000E+00
   1.5601170E+03   1.6770000E+03   1.0770000E+03   0.0000000E+00   0.0000000E+00
   1.5601246E+03   1.6610000E+03   1.0660000E+03   1.8619832E-04   0.0000000E+00
   1.5601321E+03   1.6760000E+03   1.0730000E+03   0.0000000E+00   0.0000000E+00
   1.5601396E+03   1.6350000E+03   1.0420000E+03   0.0000000E+00   0.0000000E+00
   1.5601471E+03   1.6860000E+03   1.0710000E+03   0.0000000E+00   0.0000000E+00
   1.5601547E+03   1.6200000E+03   9.9400000E+02   2.3723889E-04   3.8664689E-04
   1.5601622E+03   1.6330000E+03   1.1020000E+03   0.0000000E+00   0.0000000E+00
   1.5601697E+03   1.5950000E+03   1.0120000E+03   0.0000000E+00   0.0000000E+00
   1.5601773E+03   1.6540000E+03   1.0340000E+03   0.0000000E+00   0.0000000E+00
   1.5601848E+03   1.6340000E+03   1.0190000E+03   0.0000000E+00   0.0000000E+00
   1.5601923E+03   1.6270000E+03   1.0190000E+03   0.0000000E+00   0.0000000E+00
   1.5601998E+03   1.6240000E+03   1.0170000E+03   0.0000000E+00   0.0000000E+00
   1.5602074E+03   1.6100000E+03   1.0100000E+03   0.0000000E+00   0.0000000E+00
   1.5602149E+03   1.6230000E+03   1.0570000E+03   0.0000000E+00   0.0000000E+00
   1.5602224E+03   1.5550000E+03   9.6200000E+02   0.0000000E+00   0.0000000E+00
   1.5602300E+03   1.6180000E+03   1.0470000E+03   0.0000000E+00   0.0000000E+00
   1.5602375E+03   1.6240000E+03   1.0040000E+03   0.0000000E+00   0.0000000E+00
   1.5602450E+03   1.6170000E+03   1.0070000E+03   0.0000000E+00   0.0000000E+00
   1.5602525E+03   1.6400000E+03   1.0390000E+03   0.0000000E+00   0.0000000E+00
   1.5602601E+03   1.7100000E+03   1.0830000E+03   0.0000000E+00   0.0000000E+00
   1.5602676E+03   1.5740000E+03   9.9600000E+02   0.0000000E+00   0.0000000E+00
   1.5602751E+03   1.5260000E+03   9.4600000E+02   0.0000000E+00   0.0000000E+00
   1.5602827E+03   1.6430000E+03   1.0400000E+03   0.0000000E+00   0.0000000E+00
   1.5602902E+03   1.6740000E+03   1.0630000E+03   3.7880739E-04   5.9654146E-04
   1.5602977E+03   1.6360000E+03   9.9900000E+02   0.0000000E+00   0.0000000E+00
   1.5603052E+03   1.6290000E+03   1.0230000E+03   2.2282398E-04   0.0000000E+00
   1.5603128E+03   1.5600000E+03   1.0200000E+03   0.0000000E+00   0.0000000E+00
   1.5603203E+03   1.5550000E+03   9.6200000E+02   0.0000000E+00   0.0000000E+00
   1.5603278E+03   1.6240000E+03   1.0570000E+03   0.0000000E+00   0.0000000E+00
   1.5603354E+03   1.6570000E+03   1.0580000E+03   0.0000000E+00   0.0000000E+00
   1.5603429E+03   1.5810000E+03   1.0180000E+03   0.0000000E+00   0.0000000E+00
   1.5603504E+03   1.5220000E+03   9.3900000E+02   0.0000000E+00   0.0000000E+00
   1.5603579E+03   1.6040000E+03   1.0290000E+03   0.0000000E+00   0.0000000E+00
   1.5603655E+03   1.4990000E+03   9.4300000E+02   7.1906878E-05   1.1430372E-04
   1.5603730E+03   1.6020000E+03   9.5700000E+02   0.0000000E+00   0.0000000E+00
   1.5603805E+03   1.6830000E+03   1.0920000E+03   0.0000000E+00   0.0000000E+00
   1.5603881E+03   1.6050000E+03   9.9700000E+02   0.0000000E+00   0.0000000E+00
   1.5603956E+03   1.5570000E+03   1.0070000E+03   0.0000000E+00   0.0000000E+00
   1.5604031E+03   1.6060000E+03   1.0420000E+03   2.6470253E-04   3.3859424E-04
   1.5604106E+03   1.5800000E+03   9.8800000E+02   0.0000000E+00   0.0000000E+00
   1.5604182E+03   1.6670000E+03   1.0560000E+03   0.0000000E+00   0.0000000E+00
   1.5604257E+03   1.6700000E+03   1.0390000E+03   0.0000000E+00   0.0000000E+00
   1.5604332E+03   1.6380000E+03   1.0460000E+03   0.0000000E+00   0.0000000E+00
   1.5604408E+03   1.5800000E+03   1.0110000E+03   5.5458881E-04   8.6671644E-04
   1.5604483E+03   1.5910000E+03   1.0300000E+03   0.0000000E+00   0.0000000E+00
   1.5604558E+03   1.6300000E+03   1.0580000E+03   0.0000000E+00   0.0000000E+00
   1.5604633E+03   1.5660000E+03   1.0200000E+03   5.5552069E-04   8.5288765E-04
   1.5604709E+03   1.6170000E+03   1.0350000E+03   3.5187207E-04   5.4973637E-04
   1.5604784E+03   1.5710000E+03   1.0110000E+03   0.0000000E+00   0.0000000E+00
   1.5604859E+03   1.5460000E+03   9.7800000E+02   0.0000000E+00   0.0000000E+00
   1.5604935E+03   1.5780000E+03   9.9600000E+02   0.0000000E+00   0.0000000E+00
   1.5605010E+03   1.5780000E+03   9.9200000E+02   0.0000000E+00   0.0000000E+00
   1.5605085E+03   1.5830000E+03   1.0200000E+03   0.0000000E+00   0.0000000E+00
   1.5605160E+03   1.5960000E+03   1.0150000E+03   0.0000000E+00   0.0000000E+00
   1.5605236E+03   1.5420000E+03   9.8000000E+02   0.0000000E+00   0.0000000E+00
   1.5605311E+03   1.5990000E+03   1.0330000E+03   0.0000000E+00   0.0000000E+00
   1.5605386E+03   1.6270000E+03   1.0510000E+03   0.0000000E+00   0.0000000E+00
   1.5605461E+03   1.5760000E+03   9.9700000E+02   0.0000000E+00   0.0000000E+00
   1.5605537E+03   1.5850000E+03   1.0070000E+03   1.8940396E-04   2.9811845E-04
   1.5605612E+03   1.5550000E+03   1.0040000E+03   0.0000000E+00   0.0000000E+00
   1.5605687E+03   1.5230000E+03   9.6200000E+02   2.9863120E-04   4.7278100E-04
   1.5605763E+03   1.5360000E+03   9.4700000E+02   0.0000000E+00   0.0000000E+00
   1.5605838E+03   1.6090000E+03   9.9400000E+02   0.0000000E+00   0.0000000E+00
   1.5605913E+03   1.5920000E+03   9.9300000E+02   5.4498212E-04   8.7372764E-04
   1.5605988E+03   1.5500000E+03   9.7900000E+02   0.0000000E+00   0.0000000E+00
   1.5606064E+03   1.5790000E+03   1.0240000E+03   0.0000000E+00   0.0000000E+00
   1.5606139E+03   1.5560000E+03   1.0000000E+03   0.0000000E+00   0.0000000E+00
   1.5606214E+03   1.5290000E+03   9.6300000E+02   0.0000000E+00   0.0000000E+00
   1.5606290E+03   1.4630000E+03   9.1700000E+02   6.4774701E-04   1.0334284E-03
   1.5606365E+03   1.5330000E+03   9.8000000E+02   0.0000000E+00   0.0000000E+00
   1.5606440E+03   1.5420000E+03   9.8900000E+02   2.7589407E-04   4.3016042E-04
   1.5606515E+03   1.6430000E+03   1.0130000E+03   3.0461705E-04   4.9406300E-04
   1.5606591E+03   1.6110000E+03   1.0010000E+03   0.0000000E+00   0.0000000E+00
   1.5606666E+03   1.4960000E+03   9.2800000E+02   0.0000000E+00   0.0000000E+00
   1.5606741E+03   1.5690000E+03   1.0140000E+03   0.0000000E+00   0.0000000E+00
   1.5606817E+03   1.5850000E+03   1.0230000E+03   0.0000000E+00   0.0000000E+00
   1.5606892E+03   1.4910000E+03   9.1400000E+02   6.4547835E-04   1.0529630E-03
   1.5606967E+03   1.5620000E+03   9.7500000E+02   0.0000000E+00   0.0000000E+00
   1.5607042E+03   1.5650000E+03   1.0010000E+03   0.0000000E+00   0.0000000E+00
   1.5607118E+03   1.5640000E+03   9.9200000E+02   0.0000000E+00   0.0000000E+00
   1.5607193E+03   1.5790000E+03   1.0190000E+03   0.0000000E+00   0.0000000E+00
   1.5607268E+03   1.6080000E+03   1.0340000E+03   0.0000000E+00   0.0000000E+00
   1.5607344E+03   1.4450000E+03   9.0100000E+02   0.0000000E+00   0.0000000E+00
   1.5607419E+03   1.5800000E+03   1.0090000E+03   3.2851106E-04   0.0000000E+00
   1.5607494E+03   1.5570000E+03   9.7700000E+02   0.0000000E+00   0.0000000E+00
   1.5607569E+03   1.5220000E+03   9.4900000E+02   0.0000000E+00   0.0000000E+00
   1.5607645E+03   1.5490000E+03   9.7400000E+02   0.0000000E+00   0.0000000E+00
   1.5607720E+03   1.5050000E+03   9.5700000E+02   0.0000000E+00   0.0000000E+00
