   1.5431912E+03   1.7470000E+03   1.0000000E+00   1.5543592E-04   2.7154655E-01
   1.5431954E+03   1.7480000E+03   0.0000000E+00   0.0000000E+00   0.0000000E+00
   1.5431996E+03   1.7060000E+03   0.0000000E+00   0.0000000E+00   0.0000000E+00
   1.5432038E+03   1.6630000E+03   0.0000000E+00   0.0000000E+00   0.0000000E+00
   1.5432080E+03   1.7370000E+03   1.0000000E+00   1.7914178E-04   3.1116928E-01
   1.5432122E+03   1.7450000E+03   0.0000000E+00   0.0000000E+00   0.0000000E+00
   1.5432164E+03   1.8250000E+03   2.0000000E+00   2.7098218E-04   2.4727124E-01
   1.5432206E+03   1.7360000E+03   0.0000000E+00   0.0000000E+00   0.0000000E+00
   1.5432248E+03   1.7030000E+03   0.0000000E+00   0.0000000E+00   0.0000000E+00
   1.5432289E+03   1.7170000E+03   2.0000000E+00   3.3662162E-04   2.8898966E-01
   1.5432331E+03   1.7400000E+03   1.0000000E+00   2.9748651E-04   5.1762653E-01
   1.5432373E+03   1.7530000E+03   0.0000000E+00   0.0000000E+00   0.0000000E+00
   1.5432415E+03   1.7500000E+03   0.0000000E+00   0.0000000E+00   0.0000000E+00
   1.5432457E+03   1.6840000E+03   1.0000000E+00   5.1942343E-04   8.7470906E-01
   1.5432499E+03   1.7880000E+03   0.0000000E+00   5.6959813E-05   0.0000000E+00
   1.5432541E+03   1.7410000E+03   0.0000000E+00   0.0000000E+00   0.0000000E+00
   1.5432583E+03   1.7390000E+03   0.0000000E+00   0.0000000E+00   0.0000000E+00
   1.5432625E+03   1.7100000E+03   0.0000000E+00   0.0000000E+00   0.0000000E+00
   1.5432667E+03   1.7140000E+03   0.0000000E+00   0.0000000E+00   0.0000000E+00
   1.5432709E+03   1.7050000E+03   0.0000000E+00   0.0000000E+00   0.0000000E+00
   1.5432751E+03   1.7160000E+03   1.0000000E+00   1.6062114E-04   2.7562588E-01
   1.5432793E+03   1.7440000E+03   3.0000000E+00   6.8663132E-04   3.9916167E-01
   1.5432835E+03   1.7790000E+03   1.0000000E+00   4.4966145E-04   7.9994772E-01
   1.5432877E+03   1.7890000E+03   0.0000000E+00   0.0000000E+00   0.0000000E+00
   1.5432919E+03   1.7480000E+03   0.0000000E+00   0.0000000E+00   0.0000000E+00
   1.5432961E+03   1.7620000E+03   0.0000000E+00   0.0000000E+00   0.0000000E+00
   1.5433003E+03   1.7740000E+03   1.0000000E+00   2.3516175E-04   4.1717695E-01
   1.5433045E+03   1.7610000E+03   0.0000000E+00   0.0000000E+00   0.0000000E+00
   1.5433087E+03   1.7800000E+03   0.0000000E+00   0.0000000E+00   0.0000000E+00
   1.5433128E+03   1.7500000E+03   1.0000000E+00   5.3335739E-04   9.3337543E-01
   1.5433170E+03   1.7300000E+03   0.0000000E+00   0.0000000E+00   0.0000000E+00
   1.5433212E+03   1.7060000E+03   0.0000000E+00   0.0000000E+00   0.0000000E+00
   1.5433254E+03   1.7220000E+03   0.0000000E+00   0.0000000E+00   0.0000000E+00
   1.5433296E+03   1.7950000E+03   1.0000000E+00   5.1571485E-04   9.2570815E-01
   1.5433338E+03   1.7080000E+03   0.0000000E+00   0.0000000E+00   0.0000000E+00
   1.5433380E+03   1.7730000E+03   0.0000000E+00   0.0000000E+00   0.0000000E+00
   1.5433422E+03   1.7250000E+03   1.0000000E+00   4.6455734E-04   8.0136141E-01
   1.5433464E+03   1.7780000E+03   1.0000000E+00   1.2513346E-04   2.2248730E-01
   1.5433506E+03   1.7840000E+03   0.0000000E+00   0.0000000E+00   0.0000000E+00
   1.5433548E+03   1.7360000E+03   1.0000000E+00   1.8741560E-04   3.2535348E-01
   1.5433590E+03   1.7990000E+03   0.0000000E+00   5.3819582E-05   0.0000000E+00
   1.5433632E+03   1.7960000E+03   1.0000000E+00   4.8650177E-04   8.7375719E-01
   1.5433674E+03   1.8550000E+03   0.0000000E+00   0.0000000E+00   0.0000000E+00
   1.5433716E+03   1.7610000E+03   1.0000000E+00   4.7179720E-04   8.3083487E-01
   1.5433758E+03   1.7080000E+03   1.0000000E+00   5.2316360E-04   8.9356343E-01
   1.5433800E+03   1.7920000E+03   1.0000000E+00   2.5918125E-04   4.6445279E-01
   1.5433842E+03   1.7450000E+03   0.0000000E+00   0.0000000E+00   0.0000000E+00
   1.5433884E+03   1.7820000E+03   0.0000000E+00   0.0000000E+00   0.0000000E+00
   1.5433926E+03   1.7600000E+03   0.0000000E+00   0.0000000E+00   0.0000000E+00
   1.5433967E+03   1.7750000E+03   0.0000000E+00   0.0000000E+00   0.0000000E+00
   1.5434009E+03   1.7880000E+03   0.0000000E+00   0.0000000E+00   0.0000000E+00
   1.5434051E+03   1.7760000E+03   0.0000000E+00   0.0000000E+00   0.0000000E+00
   1.5434093E+03   1.8420000E+03   1.0000000E+00   2.2948022E-04   4.2270256E-01
   1.5434135E+03   1.8420000E+03   0.0000000E+00   0.0000000E+00   0.0000000E+00
   1.5434177E+03   1.8700000E+03   1.0000000E+00   6.5708071E-05   1.2287409E-01
   1.5434219E+03   1.7840000E+03   0.0000000E+00   0.0000000E+00   0.0000000E+00
   1.5434261E+03   1.8130000E+03   1.0000000E+00   2.7829438E-04   5.0454770E-01
   1.5434303E+03   1.8030000E+03   0.0000000E+00   0.0000000E+00   0.0000000E+00
   1.5434345E+03   1.7960000E+03   0.0000000E+00   0.0000000E+00   0.0000000E+00
   1.5434387E+03   1.7290000E+03   0.0000000E+00   0.0000000E+00   0.0000000E+00
   1.5434429E+03   1.7610000E+03   3.0000000E+00   1.1037330E-03   6.4789129E-01
   1.5434471E+03   1.8230000E+03   0.0000000E+00   0.0000000E+00   0.0000000E+00
   1.5434513E+03   1.7350000E+03   1.0000000E+00   3.9379726E-04   6.8323825E-01
   1.5434555E+03   1.8330000E+03   1.0000000E+00   4.5244770E-04   8.2933663E-01
   1.5434597E+03   1.9210000E+03   0.0000000E+00   3.0484227E-05   0.0000000E+00
   1.5434639E+03   1.7330000E+03   1.0000000E+00   5.1732964E-04   8.9653227E-01
   1.5434681E+03   1.8590000E+03   1.0000000E+00   9.1006871E-05   1.6918177E-01
   1.5434723E+03   1.8220000E+03   0.0000000E+00   0.0000000E+00   0.0000000E+00
   1.5434765E+03   1.7920000E+03   1.0000000E+00   2.0695882E-04   3.7087021E-01
   1.5434806E+03   1.9160000E+03   0.0000000E+00   0.0000000E+00   0.0000000E+00
   1.5434848E+03   1.8380000E+03   0.0000000E+00   0.0000000E+00   0.0000000E+00
   1.5434890E+03   1.9000000E+03   0.0000000E+00   0.0000000E+00   0.0000000E+00
   1.5434932E+03   1.8010000E+03   1.0000000E+00   2.9826611E-04   5.3717727E-01
   1.5434974E+03   1.7270000E+03   1.0000000E+00   3.4658039E-04   5.9854433E-01
   1.5435016E+03   1.8410000E+03   0.0000000E+00   0.0000000E+00   0.0000000E+00
   1.5435058E+03   1.8280000E+03   0.0000000E+00   0.0000000E+00   0.0000000E+00
   1.5435100E+03   1.7740000E+03   0.0000000E+00   4.7790294E-05   0.0000000E+00
   1.5435142E+03   1.8060000E+03   0.0000000E+00   0.0000000E+00   0.0000000E+00
   1.5435184E+03   1.8490000E+03   2.0000000E+00   3.8926959E-04   3.5987974E-01
   1.5435226E+03   1.8430000E+03   1.0000000E+00   3.2299776E-04   4.0585704E-01
   1.5435268E+03   1.8040000E+03   0.0000000E+00   0.0000000E+00   0.0000000E+00
   1.5435310E+03   1.8760000E+03   2.0000000E+00   3.6268985E-04   3.4020308E-01
   1.5435352E+03   1.8990000E+03   1.0000000E+00   4.4721317E-04   8.4925780E-01
   1.5435394E+03   1.7940000E+03   1.0000000E+00   3.6448427E-04   6.5388479E-01
   1.5435436E+03   1.7980000E+03   0.0000000E+00   0.0000000E+00   0.0000000E+00
   1.5435478E+03   1.9020000E+03   1.0000000E+00   3.5626203E-04   6.7761039E-01
   1.5435520E+03   1.8240000E+03   1.0000000E+00   2.2883612E-04   4.1739709E-01
   1.5435562E+03   1.7920000E+03   0.0000000E+00   0.0000000E+00   0.0000000E+00
   1.5435604E+03   1.8530000E+03   0.0000000E+00   0.0000000E+00   0.0000000E+00
   1.5435645E+03   1.8690000E+03   2.0000000E+00   5.2446851E-04   4.9011582E-01
   1.5435687E+03   1.7870000E+03   0.0000000E+00   0.0000000E+00   0.0000000E+00
   1.5435729E+03   1.8430000E+03   0.0000000E+00   0.0000000E+00   0.0000000E+00
   1.5435771E+03   1.8190000E+03   1.0000000E+00   1.6023569E-04   2.9146872E-01
   1.5435813E+03   1.8730000E+03   0.0000000E+00   0.0000000E+00   0.0000000E+00
   1.5435855E+03   1.8380000E+03   0.0000000E+00   0.0000000E+00   0.0000000E+00
   1.5435897E+03   1.9140000E+03   0.0000000E+00   0.0000000E+00   0.0000000E+00
   1.5435939E+03   1.7960000E+03   0.0000000E+00   0.0000000E+00   0.0000000E+00
   1.5435981E+03   1.8970000E+03   0.0000000E+00   0.0000000E+00   0.0000000E+00
   1.5436023E+03   1.9020000E+03   0.0000000E+00   0.0000000E+00   0.0000000E+00
   1.5436065E+03   1.8520000E+03   0.0000000E+00   0.0000000E+00   0.0000000E+00
   1.5436107E+03   1.9430000E+03   0.0000000E+00   3.2019191E-05   0.0000000E+00
   1.5436149E+03   1.8500000E+03   1.0000000E+00   2.0505914E-04   3.7935941E-01
   1.5436191E+03   1.8680000E+03   0.0000000E+00   0.0000000E+00   0.0000000E+00
   1.5436233E+03   1.9130000E+03   2.0000000E+00   7.5978724E-04   7.2673649E-01
   1.5436275E+03   1.8210000E+03   2.0000000E+00   2.4184947E-04   2.2020395E-01
   1.5436317E+03   1.8920000E+03   1.0000000E+00   1.4211886E-04   2.6888889E-01
   1.5436359E+03   1.8550000E+03   0.0000000E+00   0.0000000E+00   0.0000000E+00
   1.5436401E+03   1.8370000E+03   0.0000000E+00   0.0000000E+00   0.0000000E+00
   1.5436443E+03   1.8750000E+03   0.0000000E+00   0.0000000E+00   0.0000000E+00
   1.5436484E+03   1.9140000E+03   0.0000000E+00   0.0000000E+00   0.0000000E+00
   1.5436526E+03   1.8870000E+03   0.0000000E+00   0.0000000E+00   0.0000000E+00
   1.5436568E+03   1.8720000E+03   0.0000000E+00   0.0000000E+00   0.0000000E+00
   1.5436610E+03   1.8930000E+03   1.0000000E+00   4.6795363E-04   8.8583623E-01
   1.5436652E+03   1.8260000E+03   1.0000000E+00   6.2481983E-05   1.1409210E-01
   1.5436694E+03   1.8960000E+03   1.0000000E+00   2.0068541E-04   3.8049954E-01
   1.5436736E+03   1.8980000E+03   1.0000000E+00   1.4832198E-04   2.8151512E-01
   1.5436778E+03   1.9090000E+03   1.0000000E+00   1.4702682E-04   2.8067419E-01
   1.5436820E+03   1.8840000E+03   2.0000000E+00   6.4386930E-04   6.0652488E-01
   1.5436862E+03   1.9370000E+03   0.0000000E+00   0.0000000E+00   0.0000000E+00
   1.5436904E+03   1.9040000E+03   0.0000000E+00   0.0000000E+00   0.0000000E+00
   1.5436946E+03   1.9280000E+03   2.0000000E+00   4.9255645E-04   4.7482442E-01
   1.5436988E+03   1.8960000E+03   0.0000000E+00   0.0000000E+00   0.0000000E+00
   1.5437030E+03   1.9070000E+03   0.0000000E+00   0.0000000E+00   0.0000000E+00
   1.5437072E+03   1.8460000E+03   2.0000000E+00   5.0144979E-04   4.6283816E-01
   1.5437114E+03   1.8860000E+03   0.0000000E+00   0.0000000E+00   0.0000000E+00
   1.5437156E+03   1.9080000E+03   2.0000000E+00   3.8801954E-04   3.7017064E-01
   1.5437198E+03   1.9210000E+03   0.0000000E+00   1.3306351E-05   0.0000000E+00
   1.5437240E+03   1.9080000E+03   2.0000000E+00   8.9295705E-04   8.5188103E-01
   1.5437282E+03   1.9500000E+03   0.0000000E+00   0.0000000E+00   0.0000000E+00
   1.5437323E+03   1.9640000E+03   0.0000000E+00   0.0000000E+00   0.0000000E+00
   1.5437365E+03   1.9380000E+03   0.0000000E+00   0.0000000E+00   0.0000000E+00
   1.5437407E+03   1.9190000E+03   0.0000000E+00   1.9481987E-05   0.0000000E+00
   1.5437449E+03   1.9210000E+03   1.0000000E+00   6.8158787E-04   8.5274910E-01
   1.5437491E+03   1.9770000E+03   0.0000000E+00   0.0000000E+00   0.0000000E+00
   1.5437533E+03   1.9040000E+03   2.0000000E+00   8.9629311E-04   5.3968013E-01
   1.5437575E+03   1.9970000E+03   0.0000000E+00   1.2525299E-04   0.0000000E+00
   1.5437617E+03   1.8660000E+03   1.0000000E+00   3.4021835E-04   6.3484745E-01
   1.5437659E+03   1.9070000E+03   2.0000000E+00   2.5981022E-04   2.4772904E-01
   1.5437701E+03   1.8940000E+03   2.0000000E+00   5.3112692E-04   5.0297719E-01
   1.5437743E+03   1.9430000E+03   3.0000000E+00   6.7416646E-04   4.3663515E-01
   1.5437785E+03   1.8720000E+03   1.0000000E+00   1.8728327E-04   3.5059429E-01
   1.5437827E+03   1.9210000E+03   0.0000000E+00   0.0000000E+00   0.0000000E+00
   1.5437869E+03   1.8970000E+03   0.0000000E+00   0.0000000E+00   0.0000000E+00
   1.5437911E+03   1.9390000E+03   0.0000000E+00   0.0000000E+00   0.0000000E+00
   1.5437953E+03   1.9410000E+03   1.0000000E+00   4.5079617E-04   8.5584437E-01
   1.5437995E+03   1.9760000E+03   0.0000000E+00   0.0000000E+00   0.0000000E+00
   1.5438037E+03   1.9720000E+03   0.0000000E+00   0.0000000E+00   0.0000000E+00
   1.5438079E+03   1.9610000E+03   1.0000000E+00   2.1185650E-04   4.1545059E-01
   1.5438121E+03   1.9520000E+03   0.0000000E+00   0.0000000E+00   0.0000000E+00
   1.5438162E+03   1.9800000E+03   2.0000000E+00   6.1988419E-04   6.1368535E-01
   1.5438204E+03   1.9610000E+03   1.0000000E+00   4.1532399E-04   8.7631971E-01
   1.5438246E+03   1.9580000E+03   4.0000000E+00   5.2642703E-04   2.6465995E-01
   1.5438288E+03   1.9850000E+03   1.0000000E+00   3.9254127E-04   7.7919442E-01
   1.5438330E+03   2.0300000E+03   1.0000000E+00   4.1814454E-04   8.6829718E-01
   1.5438372E+03   1.9140000E+03   0.0000000E+00   0.0000000E+00   0.0000000E+00
   1.5438414E+03   1.9860000E+03   1.0000000E+00   3.5704009E-04   7.0908161E-01
   1.5438456E+03   1.9280000E+03   1.0000000E+00   3.7487787E-04   7.2276454E-01
   1.5438498E+03   1.9180000E+03   3.0000000E+00   4.7377554E-04   3.0290049E-01
   1.5438540E+03   2.0280000E+03   2.0000000E+00   6.5689928E-04   6.1499579E-01
   1.5438582E+03   2.0180000E+03   1.0000000E+00   1.4877327E-04   3.0022447E-01
   1.5438624E+03   1.8980000E+03   0.0000000E+00   0.0000000E+00   0.0000000E+00
   1.5438666E+03   1.9210000E+03   1.0000000E+00   4.7766166E-04   9.1758806E-01
   1.5438708E+03   1.9930000E+03   1.0000000E+00   1.4564433E-04   2.3538225E-01
   1.5438750E+03   1.9630000E+03   1.0000000E+00   2.3210650E-04   4.5562505E-01
   1.5438792E+03   1.9540000E+03   0.0000000E+00   0.0000000E+00   0.0000000E+00
   1.5438834E+03   2.0080000E+03   2.0000000E+00   4.7071296E-04   4.7259581E-01
   1.5438876E+03   2.0690000E+03   0.0000000E+00   0.0000000E+00   0.0000000E+00
   1.5438918E+03   1.9030000E+03   3.0000000E+00   8.4291761E-04   5.3469073E-01
   1.5438960E+03   1.9590000E+03   0.0000000E+00   0.0000000E+00   0.0000000E+00
   1.5439001E+03   1.9660000E+03   0.0000000E+00   0.0000000E+00   0.0000000E+00
   1.5439043E+03   1.9840000E+03   1.0000000E+00   2.9568521E-04   5.8663946E-01
   1.5439085E+03   1.9420000E+03   2.0000000E+00   4.3735169E-04   4.2466849E-01
   1.5439127E+03   1.9410000E+03   0.0000000E+00   0.0000000E+00   0.0000000E+00
   1.5439169E+03   2.0060000E+03   0.0000000E+00   6.0875689E-06   0.0000000E+00
   1.5439211E+03   1.9690000E+03   0.0000000E+00   0.0000000E+00   0.0000000E+00
   1.5439253E+03   2.0380000E+03   1.0000000E+00   1.0616089E-04   2.1635589E-01
   1.5439295E+03   1.9100000E+03   0.0000000E+00   0.0000000E+00   0.0000000E+00
   1.5439337E+03   2.0370000E+03   0.0000000E+00   0.0000000E+00   0.0000000E+00
   1.5439379E+03   1.9600000E+03   0.0000000E+00   0.0000000E+00   0.0000000E+00
   1.5439421E+03   2.0240000E+03   3.0000000E+00   6.7992642E-04   4.5872369E-01
   1.5439463E+03   2.0250000E+03   1.0000000E+00   3.5222321E-04   7.0827663E-01
   1.5439505E+03   2.0520000E+03   0.0000000E+00   0.0000000E+00   0.0000000E+00
   1.5439547E+03   1.9300000E+03   2.0000000E+00   4.9353594E-04   4.0238176E-01
   1.5439589E+03   1.9960000E+03   1.0000000E+00   3.4143989E-04   6.8151403E-01
   1.5439631E+03   2.0350000E+03   1.0000000E+00   3.5768342E-05   7.2788576E-02
   1.5439673E+03   1.9290000E+03   0.0000000E+00   0.0000000E+00   0.0000000E+00
   1.5439715E+03   2.0160000E+03   2.0000000E+00   1.2174814E-04   1.6655549E-01
   1.5439757E+03   1.9130000E+03   0.0000000E+00   0.0000000E+00   0.0000000E+00
   1.5439799E+03   2.0420000E+03   1.0000000E+00   1.6353884E-04   6.9506055E-01
   1.5439840E+03   2.1100000E+03   0.0000000E+00   0.0000000E+00   0.0000000E+00
   1.5439882E+03   2.0120000E+03   1.0000000E+00   4.2834604E-04   8.6183223E-01
   1.5439924E+03   2.0410000E+03   0.0000000E+00   0.0000000E+00   0.0000000E+00
   1.5439966E+03   2.0150000E+03   4.0000000E+00   4.1040180E-04   2.0673991E-01
   1.5440008E+03   2.0320000E+03   2.0000000E+00   2.2311717E-04   2.2668705E-01
   1.5440050E+03   2.0480000E+03   0.0000000E+00   0.0000000E+00   0.0000000E+00
   1.5440092E+03   2.0010000E+03   0.0000000E+00   0.0000000E+00   0.0000000E+00
   1.5440134E+03   2.0210000E+03   0.0000000E+00   2.8851236E-05   0.0000000E+00
   1.5440176E+03   1.9420000E+03   0.0000000E+00   1.6200017E-04   0.0000000E+00
   1.5440218E+03   2.1300000E+03   0.0000000E+00   1.9046006E-05   0.0000000E+00
   1.5440260E+03   2.0300000E+03   1.0000000E+00   3.9905285E-04   8.1007729E-01
   1.5440302E+03   2.0350000E+03   2.0000000E+00   7.5952803E-04   7.7281977E-01
   1.5440344E+03   2.0390000E+03   1.0000000E+00   2.9234122E-04   5.9608375E-01
   1.5440386E+03   2.0370000E+03   0.0000000E+00   0.0000000E+00   0.0000000E+00
   1.5440428E+03   2.0170000E+03   1.0000000E+00   2.2336181E-04   4.5052077E-01
   1.5440470E+03   2.0680000E+03   0.0000000E+00   0.0000000E+00   0.0000000E+00
   1.5440512E+03   2.1380000E+03   1.0000000E+00   2.2331895E-04   4.7745591E-01
   1.5440554E+03   2.0360000E+03   2.0000000E+00   5.7070156E-04   5.8097419E-01
   1.5440596E+03   1.9920000E+03   0.0000000E+00   0.0000000E+00   0.0000000E+00
   1.5440638E+03   2.0890000E+03   0.0000000E+00   0.0000000E+00   0.0000000E+00
   1.5440679E+03   2.0180000E+03   1.0000000E+00   1.9834664E-04   4.0026352E-01
   1.5440721E+03   1.9470000E+03   0.0000000E+00   2.4072422E-05   0.0000000E+00
   1.5440763E+03   2.0180000E+03   1.0000000E+00   4.1350965E-04   8.3446247E-01
   1.5440805E+03   2.0220000E+03   1.0000000E+00   4.5334739E-04   9.1666842E-01
   1.5440847E+03   2.0150000E+03   0.0000000E+00   0.0000000E+00   0.0000000E+00
   1.5440889E+03   1.9680000E+03   0.0000000E+00   0.0000000E+00   0.0000000E+00
   1.5440931E+03   1.9510000E+03   2.0000000E+00   2.2121568E-04   2.1579590E-01
   1.5440973E+03   2.0310000E+03   0.0000000E+00   0.0000000E+00   0.0000000E+00
   1.5441015E+03   2.0390000E+03   1.0000000E+00   4.1232480E-04   8.1964560E-01
   1.5441057E+03   2.0670000E+03   1.0000000E+00   4.3513911E-04   8.9943254E-01
   1.5441099E+03   1.9800000E+03   0.0000000E+00   0.0000000E+00   0.0000000E+00
   1.5441141E+03   2.0410000E+03   2.0000000E+00   6.3417619E-04   6.4717680E-01
   1.5441183E+03   2.0810000E+03   2.0000000E+00   3.9402722E-04   4.0998532E-01
   1.5441225E+03   2.0550000E+03   1.0000000E+00   7.0060080E-05   1.4397346E-01
   1.5441267E+03   2.0830000E+03   1.0000000E+00   4.0470201E-04   8.4299429E-01
   1.5441309E+03   2.0610000E+03   0.0000000E+00   2.8899824E-06   0.0000000E+00
   1.5441351E+03   2.0190000E+03   2.0000000E+00   7.6319701E-04   7.7044738E-01
   1.5441393E+03   2.0120000E+03   0.0000000E+00   0.0000000E+00   0.0000000E+00
   1.5441435E+03   2.1070000E+03   1.0000000E+00   3.6605556E-04   7.7127907E-01
   1.5441477E+03   2.0310000E+03   1.0000000E+00   1.4144992E-04   2.8728479E-01
   1.5441518E+03   2.1060000E+03   2.0000000E+00   4.2092912E-04   4.4323836E-01
   1.5441560E+03   1.9910000E+03   2.0000000E+00   5.4622038E-04   5.3646633E-01
   1.5441602E+03   2.1170000E+03   0.0000000E+00   0.0000000E+00   0.0000000E+00
   1.5441644E+03   2.0270000E+03   2.0000000E+00   4.7019435E-04   4.7654198E-01
   1.5441686E+03   2.1120000E+03   1.0000000E+00   2.3259343E-04   4.9123732E-01
   1.5441728E+03   2.0340000E+03   1.0000000E+00   4.1893326E-04   8.5211026E-01
   1.5441770E+03   2.0660000E+03   2.0000000E+00   2.2619286E-04   2.5011226E-01
   1.5441812E+03   2.0990000E+03   0.0000000E+00   2.8326084E-04   0.0000000E+00
   1.5441854E+03   2.0260000E+03   0.0000000E+00   0.0000000E+00   0.0000000E+00
   1.5441896E+03   2.1970000E+03   0.0000000E+00   0.0000000E+00   0.0000000E+00
   1.5441938E+03   2.1200000E+03   1.0000000E+00   3.7339449E-04   7.9159633E-01
   1.5441980E+03   2.1510000E+03   3.0000000E+00   4.8697950E-04   3.4916430E-01
   1.5442022E+03   2.0170000E+03   0.0000000E+00   0.0000000E+00   0.0000000E+00
   1.5442064E+03   2.1170000E+03   0.0000000E+00   1.4860983E-04   0.0000000E+00
   1.5442106E+03   2.1060000E+03   1.0000000E+00   1.2291747E-04   2.5886419E-01
   1.5442148E+03   2.1290000E+03   1.0000000E+00   1.6208389E-04   3.4507661E-01
   1.5442190E+03   2.1190000E+03   0.0000000E+00   4.3197271E-05   0.0000000E+00
   1.5442232E+03   2.1040000E+03   0.0000000E+00   0.0000000E+00   0.0000000E+00
   1.5442274E+03   2.1430000E+03   1.0000000E+00   3.3698498E-04   7.2215882E-01
   1.5442316E+03   2.0930000E+03   0.0000000E+00   5.9765010E-05   0.0000000E+00
   1.5442357E+03   2.0910000E+03   2.0000000E+00   3.9037084E-04   4.0813271E-01
   1.5442399E+03   2.0580000E+03   2.0000000E+00   2.0649653E-04   3.5747272E-01
   1.5442441E+03   2.1120000E+03   0.0000000E+00   0.0000000E+00   0.0000000E+00
   1.5442483E+03   2.0270000E+03   0.0000000E+00   0.0000000E+00   0.0000000E+00
   1.5442525E+03   2.0930000E+03   2.0000000E+00   5.2143663E-04   3.4296896E-01
   1.5442567E+03   2.0900000E+03   1.0000000E+00   3.5129624E-04   7.3420914E-01
   1.5442609E+03   2.0560000E+03   0.0000000E+00   7.1505942E-05   0.0000000E+00
   1.5442651E+03   2.1860000E+03   1.0000000E+00   2.3576224E-04   5.1537626E-01
   1.5442693E+03   2.1530000E+03   0.0000000E+00   0.0000000E+00   0.0000000E+00
   1.5442735E+03   2.1520000E+03   0.0000000E+00   0.0000000E+00   0.0000000E+00
   1.5442777E+03   2.1480000E+03   1.0000000E+00   3.3495949E-04   7.1949299E-01
   1.5442819E+03   2.1690000E+03   0.0000000E+00   0.0000000E+00   0.0000000E+00
   1.5442861E+03   2.1030000E+03   0.0000000E+00   0.0000000E+00   0.0000000E+00
   1.5442903E+03   2.1030000E+03   0.0000000E+00   0.0000000E+00   0.0000000E+00
   1.5442945E+03   2.0950000E+03   3.0000000E+00   5.4805763E-04   3.8272691E-01
   1.5442987E+03   2.1150000E+03   1.0000000E+00   2.7045475E-04   5.7201179E-01
   1.5443029E+03   2.1270000E+03   2.0000000E+00   4.5225328E-04   4.8097136E-01
   1.5443071E+03   2.0710000E+03   3.0000000E+00   4.4262947E-04   3.0556188E-01
   1.5443113E+03   2.0970000E+03   0.0000000E+00   7.2304848E-05   0.0000000E+00
   1.5443155E+03   2.0920000E+03   0.0000000E+00   0.0000000E+00   0.0000000E+00
   1.5443196E+03   2.1780000E+03   2.0000000E+00   3.2961981E-04   3.5895597E-01
   1.5443238E+03   2.0840000E+03   1.0000000E+00   2.0888380E-04   4.3531385E-01
   1.5443280E+03   2.1490000E+03   0.0000000E+00   0.0000000E+00   0.0000000E+00
   1.5443322E+03   2.1520000E+03   0.0000000E+00   0.0000000E+00   0.0000000E+00
   1.5443364E+03   2.0550000E+03   0.0000000E+00   0.0000000E+00   0.0000000E+00
   1.5443406E+03   2.1440000E+03   0.0000000E+00   0.0000000E+00   0.0000000E+00
   1.5443448E+03   2.1730000E+03   0.0000000E+00   2.4625701E-05   0.0000000E+00
   1.5443490E+03   2.1400000E+03   1.0000000E+00   3.8892578E-04   8.3172780E-01
   1.5443532E+03   2.1680000E+03   0.0000000E+00   0.0000000E+00   0.0000000E+00
   1.5443574E+03   2.1370000E+03   0.0000000E+00   0.0000000E+00   0.0000000E+00
   1.5443616E+03   2.1390000E+03   1.0000000E+00   7.9405792E-05   1.6984899E-01
   1.5443658E+03   2.0900000E+03   0.0000000E+00   0.0000000E+00   0.0000000E+00
   1.5443700E+03   2.1480000E+03   0.0000000E+00   4.3216524E-05   0.0000000E+00
   1.5443742E+03   2.2240000E+03   0.0000000E+00   0.0000000E+00   0.0000000E+00
   1.5443784E+03   2.0850000E+03   2.0000000E+00   6.8377789E-04   6.6701338E-01
   1.5443826E+03   2.1570000E+03   3.0000000E+00   3.3174496E-04   2.3852463E-01
   1.5443868E+03   2.1620000E+03   0.0000000E+00   1.9396263E-05   0.0000000E+00
   1.5443910E+03   2.1800000E+03   1.0000000E+00   3.4679564E-04   7.5601449E-01
   1.5443952E+03   2.2220000E+03   2.0000000E+00   3.4449939E-04   4.0518682E-01
   1.5443994E+03   2.1420000E+03   2.0000000E+00   3.1011860E-04   3.2146876E-01
   1.5444035E+03   2.1550000E+03   2.0000000E+00   5.2463327E-04   5.6529235E-01
   1.5444077E+03   2.2310000E+03   2.0000000E+00   2.5170670E-04   2.8077883E-01
   1.5444119E+03   2.1360000E+03   0.0000000E+00   1.4434741E-04   0.0000000E+00
   1.5444161E+03   2.2150000E+03   0.0000000E+00   0.0000000E+00   0.0000000E+00
   1.5444203E+03   2.1650000E+03   2.0000000E+00   3.3292911E-04   3.6039576E-01
   1.5444245E+03   2.2130000E+03   1.0000000E+00   1.8787570E-04   4.1576893E-01
   1.5444287E+03   2.1230000E+03   0.0000000E+00   2.7521360E-05   0.0000000E+00
   1.5444329E+03   2.1920000E+03   0.0000000E+00   0.0000000E+00   0.0000000E+00
   1.5444371E+03   2.1810000E+03   3.0000000E+00   2.3053437E-04   2.1533877E-01
   1.5444413E+03   2.2210000E+03   2.0000000E+00   3.5820625E-04   3.9778804E-01
   1.5444455E+03   2.1420000E+03   1.0000000E+00   3.9947182E-04   8.5566863E-01
   1.5444497E+03   2.1400000E+03   0.0000000E+00   0.0000000E+00   0.0000000E+00
   1.5444539E+03   2.2010000E+03   0.0000000E+00   3.4782396E-05   0.0000000E+00
   1.5444581E+03   2.1780000E+03   1.0000000E+00   1.9734360E-04   4.5372976E-01
   1.5444623E+03   2.1940000E+03   1.0000000E+00   1.6809864E-04   3.6880841E-01
   1.5444665E+03   2.0910000E+03   2.0000000E+00   1.9119114E-04   1.9989034E-01
   1.5444707E+03   2.1310000E+03   2.0000000E+00   4.1996977E-04   4.4747779E-01
   1.5444749E+03   2.1970000E+03   1.0000000E+00   3.8807454E-04   8.5259976E-01
   1.5444791E+03   2.1260000E+03   0.0000000E+00   2.9850159E-06   0.0000000E+00
   1.5444833E+03   2.2130000E+03   1.0000000E+00   1.4651164E-04   3.2423026E-01
   1.5444874E+03   2.2300000E+03   1.0000000E+00   3.1493543E-04   7.0230601E-01
   1.5444916E+03   2.2460000E+03   1.0000000E+00   4.1756576E-04   8.8052350E-01
   1.5444958E+03   2.1150000E+03   0.0000000E+00   0.0000000E+00   0.0000000E+00
   1.5445000E+03   2.2080000E+03   1.0000000E+00   2.4752358E-04   7.2809994E-01
   1.5445042E+03   2.2170000E+03   0.0000000E+00   0.0000000E+00   0.0000000E+00
   1.5445084E+03   2.2190000E+03   1.0000000E+00   3.2465116E-04   7.2040092E-01
   1.5445126E+03   2.2480000E+03   0.0000000E+00   0.0000000E+00   0.0000000E+00
   1.5445168E+03   2.1720000E+03   0.0000000E+00   5.8941245E-05   0.0000000E+00
   1.5445210E+03   2.2050000E+03   0.0000000E+00   0.0000000E+00   0.0000000E+00
   1.5445252E+03   2.2050000E+03   0.0000000E+00   0.0000000E+00   0.0000000E+00
   1.5445294E+03   2.2040000E+03   0.0000000E+00   0.0000000E+00   0.0000000E+00
   1.5445336E+03   2.1860000E+03   2.0000000E+00   1.7775481E-04   1.7603150E-01
   1.5445378E+03   2.2240000E+03   0.0000000E+00   0.0000000E+00   0.0000000E+00
   1.5445420E+03   2.1450000E+03   4.0000000E+00   7.9924936E-04   4.2859747E-01
   1.5445462E+03   2.1650000E+03   0.0000000E+00   4.6509404E-05   0.0000000E+00
   1.5445504E+03   2.1710000E+03   1.0000000E+00   4.1622473E-04   9.0362388E-01
   1.5445546E+03   2.2000000E+03   0.0000000E+00   0.0000000E+00   0.0000000E+00
   1.5445588E+03   2.2750000E+03   1.0000000E+00   3.9248267E-04   9.0301613E-01
   1.5445630E+03   2.2150000E+03   1.0000000E+00   2.5173823E-04   5.5760017E-01
   1.5445672E+03   2.2050000E+03   1.0000000E+00   2.2400215E-04   4.9392474E-01
   1.5445713E+03   2.1400000E+03   0.0000000E+00   6.6186615E-05   0.0000000E+00
   1.5445755E+03   2.3060000E+03   0.0000000E+00   0.0000000E+00   0.0000000E+00
   1.5445797E+03   2.2070000E+03   2.0000000E+00   5.2622925E-04   5.8069398E-01
   1.5445839E+03   2.2790000E+03   1.0000000E+00   3.2788394E-04   1.0600740E-01
   1.5445881E+03   2.2780000E+03   4.0000000E+00   6.9242318E-04   3.9433500E-01
   1.5445923E+03   2.1650000E+03   1.0000000E+00   3.9709097E-04   8.5970195E-01
   1.5445965E+03   2.2340000E+03   0.0000000E+00   0.0000000E+00   0.0000000E+00
   1.5446007E+03   2.2550000E+03   0.0000000E+00   0.0000000E+00   0.0000000E+00
   1.5446049E+03   2.2150000E+03   3.0000000E+00   6.1642603E-04   4.5512789E-01
   1.5446091E+03   2.2150000E+03   2.0000000E+00   6.0439102E-05   6.6936306E-02
   1.5446133E+03   2.1710000E+03   3.0000000E+00   1.4183016E-04   1.0263776E-01
   1.5446175E+03   2.2580000E+03   2.0000000E+00   1.6961661E-04   1.9149715E-01
   1.5446217E+03   2.2800000E+03   1.0000000E+00   1.6578868E-04   3.7799820E-01
   1.5446259E+03   2.2050000E+03   1.0000000E+00   3.2639324E-04   7.1969709E-01
   1.5446301E+03   2.2330000E+03   1.0000000E+00   3.9108873E-04   8.7330113E-01
   1.5446343E+03   2.2490000E+03   2.0000000E+00   5.4765973E-04   5.4561119E-01
   1.5446385E+03   2.2260000E+03   1.0000000E+00   3.0368678E-04   6.7600676E-01
   1.5446427E+03   2.2020000E+03   0.0000000E+00   0.0000000E+00   0.0000000E+00
   1.5446469E+03   2.2290000E+03   1.0000000E+00   3.9801001E-04   8.8716431E-01
   1.5446511E+03   2.2380000E+03   0.0000000E+00   0.0000000E+00   0.0000000E+00
   1.5446552E+03   2.2380000E+03   1.0000000E+00   2.0885134E-04   4.4218570E-01
   1.5446594E+03   2.2990000E+03   1.0000000E+00   3.2816497E-04   7.5445126E-01
   1.5446636E+03   2.2240000E+03   2.0000000E+00   4.3056124E-04   4.7878410E-01
   1.5446678E+03   2.2900000E+03   1.0000000E+00   1.1903767E-04   2.7259625E-01
   1.5446720E+03   2.2080000E+03   3.0000000E+00   5.4653236E-04   4.0224782E-01
   1.5446762E+03   2.2250000E+03   3.0000000E+00   6.0030297E-04   4.4522470E-01
   1.5446804E+03   2.2210000E+03   1.0000000E+00   1.9377919E-04   4.7164232E-01
   1.5446846E+03   2.2990000E+03   1.0000000E+00   3.5199916E-04   8.0924607E-01
   1.5446888E+03   2.1500000E+03   0.0000000E+00   0.0000000E+00   0.0000000E+00
   1.5446930E+03   2.2620000E+03   1.0000000E+00   2.5373787E-04   5.7395506E-01
   1.5446972E+03   2.1750000E+03   1.0000000E+00   2.2575100E-04   4.9100843E-01
   1.5447014E+03   2.2850000E+03   2.0000000E+00   4.0224287E-04   4.5956248E-01
   1.5447056E+03   2.2050000E+03   1.0000000E+00   3.9761358E-04   8.3050856E-01
   1.5447098E+03   2.3030000E+03   0.0000000E+00   0.0000000E+00   0.0000000E+00
   1.5447140E+03   2.1950000E+03   3.0000000E+00   2.1669019E-04   1.5854499E-01
   1.5447182E+03   2.2180000E+03   1.0000000E+00   3.5721977E-04   7.9231346E-01
   1.5447224E+03   2.2930000E+03   2.0000000E+00   4.0412258E-04   4.0087316E-01
   1.5447266E+03   2.2370000E+03   1.0000000E+00   9.6599642E-05   3.2284478E-01
   1.5447308E+03   2.2680000E+03   1.0000000E+00   1.1248982E-04   2.5512691E-01
   1.5447350E+03   2.1780000E+03   1.0000000E+00   2.8275614E-04   6.1584286E-01
   1.5447391E+03   2.2550000E+03   0.0000000E+00   0.0000000E+00   0.0000000E+00
   1.5447433E+03   2.2390000E+03   1.0000000E+00   3.6361826E-04   8.1414127E-01
   1.5447475E+03   2.2740000E+03   1.0000000E+00   3.5571695E-04   8.3039937E-01
   1.5447517E+03   2.2300000E+03   0.0000000E+00   0.0000000E+00   0.0000000E+00
   1.5447559E+03   2.2890000E+03   1.0000000E+00   3.7954455E-04   8.1504637E-01
   1.5447601E+03   2.2660000E+03   0.0000000E+00   0.0000000E+00   0.0000000E+00
   1.5447643E+03   2.2620000E+03   0.0000000E+00   7.1369617E-05   0.0000000E+00
   1.5447685E+03   2.3070000E+03   1.0000000E+00   3.0860204E-04   7.1220960E-01
   1.5447727E+03   2.3020000E+03   2.0000000E+00   5.1257588E-04   5.8997484E-01
   1.5447769E+03   2.2680000E+03   0.0000000E+00   0.0000000E+00   0.0000000E+00
   1.5447811E+03   2.3630000E+03   1.0000000E+00   2.0668318E-04   6.1829529E-01
   1.5447853E+03   2.2680000E+03   3.0000000E+00   5.5941516E-04   4.2291786E-01
   1.5447895E+03   2.2660000E+03   3.0000000E+00   2.6646694E-04   2.0127136E-01
   1.5447937E+03   2.2640000E+03   1.0000000E+00   3.6048730E-04   8.7941142E-01
   1.5447979E+03   2.2910000E+03   3.0000000E+00   5.1488323E-04   3.9319916E-01
   1.5448021E+03   2.2710000E+03   4.0000000E+00   9.7549455E-04   5.5383703E-01
   1.5448063E+03   2.2600000E+03   1.0000000E+00   2.5965434E-04   2.5196865E-01
   1.5448105E+03   2.3490000E+03   0.0000000E+00   0.0000000E+00   0.0000000E+00
   1.5448147E+03   2.3290000E+03   2.0000000E+00   2.9763812E-04   3.4659959E-01
   1.5448189E+03   2.2660000E+03   1.0000000E+00   9.1569143E-05   2.0749568E-01
   1.5448230E+03   2.3870000E+03   1.0000000E+00   1.3780369E-04   3.2893742E-01
   1.5448272E+03   2.2560000E+03   2.0000000E+00   3.5173124E-04   3.9675283E-01
   1.5448314E+03   2.2570000E+03   0.0000000E+00   0.0000000E+00   0.0000000E+00
   1.5448356E+03   2.2460000E+03   2.0000000E+00   2.1835708E-04   2.2458687E-01
   1.5448398E+03   2.2650000E+03   1.0000000E+00   2.5472046E-04   5.7694185E-01
   1.5448440E+03   2.2350000E+03   3.0000000E+00   3.3303790E-04   2.6266769E-01
   1.5448482E+03   2.2790000E+03   1.0000000E+00   7.0698169E-04   8.9299445E-01
   1.5448524E+03   2.2680000E+03   1.0000000E+00   3.8294439E-04   8.6851789E-01
   1.5448566E+03   2.3410000E+03   0.0000000E+00   1.5165018E-04   0.0000000E+00
   1.5448608E+03   2.3760000E+03   1.0000000E+00   9.5880097E-05   2.3706060E-01
   1.5448650E+03   2.3460000E+03   0.0000000E+00   0.0000000E+00   0.0000000E+00
   1.5448692E+03   2.3610000E+03   0.0000000E+00   0.0000000E+00   0.0000000E+00
   1.5448734E+03   2.2640000E+03   1.0000000E+00   4.1514534E-04   5.5257145E-01
   1.5448776E+03   2.2830000E+03   5.0000000E+00   1.3233734E-04   5.5453633E-02
   1.5448818E+03   2.2930000E+03   1.0000000E+00   3.1519626E-04   5.9777623E-01
   1.5448860E+03   2.3400000E+03   4.0000000E+00   5.6055124E-04   3.2792247E-01
   1.5448902E+03   2.3320000E+03   2.0000000E+00   3.0981368E-04   3.6124275E-01
   1.5448944E+03   2.3050000E+03   3.0000000E+00   3.9292234E-04   3.0189533E-01
   1.5448986E+03   2.3010000E+03   3.0000000E+00   5.6334944E-04   4.3208902E-01
   1.5449028E+03   2.3240000E+03   0.0000000E+00   0.0000000E+00   0.0000000E+00
   1.5449069E+03   2.3010000E+03   3.0000000E+00   3.3941233E-04   2.6116642E-01
   1.5449111E+03   2.3930000E+03   1.0000000E+00   3.5623349E-04   8.5246674E-01
   1.5449153E+03   2.2360000E+03   3.0000000E+00   1.6762241E-04   1.2493457E-01
   1.5449195E+03   2.3770000E+03   3.0000000E+00   2.4848839E-04   1.9373547E-01
   1.5449237E+03   2.2860000E+03   1.0000000E+00   1.1402448E-04   2.6065996E-01
   1.5449279E+03   2.3700000E+03   4.0000000E+00   5.5349466E-04   3.2794559E-01
   1.5449321E+03   2.3080000E+03   2.0000000E+00   2.6755176E-04   3.4750178E-01
   1.5449363E+03   2.3790000E+03   1.0000000E+00   1.3926316E-04   3.3130706E-01
   1.5449405E+03   2.4710000E+03   2.0000000E+00   3.6192316E-04   4.2038030E-01
   1.5449447E+03   2.3590000E+03   3.0000000E+00   1.9380331E-04   1.4813800E-01
   1.5449489E+03   2.3680000E+03   5.0000000E+00   7.3779218E-04   3.4917699E-01
   1.5449531E+03   2.3140000E+03   0.0000000E+00   0.0000000E+00   0.0000000E+00
   1.5449573E+03   2.2750000E+03   3.0000000E+00   1.1408418E-04   5.8011053E-02
   1.5449615E+03   2.3870000E+03   1.0000000E+00   2.9066066E-04   3.3534380E-01
   1.5449657E+03   2.3260000E+03   1.0000000E+00   3.8188394E-04   8.8826204E-01
   1.5449699E+03   2.4160000E+03   5.0000000E+00   6.4649420E-04   3.1238600E-01
   1.5449741E+03   2.2770000E+03   1.0000000E+00   1.6640628E-04   8.5350466E-02
   1.5449783E+03   2.2690000E+03   3.0000000E+00   8.2446859E-04   6.2357308E-01
   1.5449825E+03   2.3650000E+03   2.0000000E+00   4.2789349E-04   5.0598405E-01
   1.5449867E+03   2.3490000E+03   0.0000000E+00   0.0000000E+00   0.0000000E+00
   1.5449908E+03   2.3660000E+03   2.0000000E+00   6.1423481E-04   7.2879016E-01
   1.5449950E+03   2.3410000E+03   2.0000000E+00   4.2379174E-04   4.9264818E-01
   1.5449992E+03   2.3900000E+03   1.0000000E+00   3.2047046E-04   7.6592441E-01
   1.5450034E+03   2.3520000E+03   2.0000000E+00   4.0861405E-04   4.6514802E-01
   1.5450076E+03   2.3130000E+03   3.0000000E+00   1.1987194E-03   7.8980173E-01
   1.5450118E+03   2.2840000E+03   1.0000000E+00   3.2605417E-04   7.4470772E-01
   1.5450160E+03   2.3970000E+03   1.0000000E+00   3.4043086E-04   8.1601276E-01
   1.5450202E+03   2.3930000E+03   0.0000000E+00   0.0000000E+00   0.0000000E+00
   1.5450244E+03   2.3870000E+03   2.0000000E+00   1.0692617E-04   2.1840742E-02
   1.5450286E+03   2.3390000E+03   0.0000000E+00   3.6294962E-06   0.0000000E+00
   1.5450328E+03   2.3970000E+03   0.0000000E+00   5.3775834E-05   0.0000000E+00
   1.5450370E+03   2.3730000E+03   0.0000000E+00   0.0000000E+00   0.0000000E+00
   1.5450412E+03   2.3450000E+03   3.0000000E+00   2.8062026E-04   5.9865541E-02
   1.5450454E+03   2.3690000E+03   2.0000000E+00   5.3024765E-04   6.2807834E-01
   1.5450496E+03   2.4160000E+03   2.0000000E+00   4.1017995E-04   4.9549737E-01
   1.5450538E+03   2.2930000E+03   2.0000000E+00   3.9017900E-04   4.8742301E-01
   1.5450580E+03   2.4100000E+03   4.0000000E+00   3.7937266E-04   2.2857203E-01
   1.5450622E+03   2.3580000E+03   3.0000000E+00   2.3041727E-04   1.8110798E-01
   1.5450664E+03   2.3730000E+03   1.0000000E+00   2.8348657E-04   6.7353796E-01
   1.5450706E+03   2.4350000E+03   3.0000000E+00   5.9965773E-04   4.8672219E-01
   1.5450747E+03   2.3550000E+03   2.0000000E+00   1.4893861E-04   1.3260540E-01
   1.5450789E+03   2.3840000E+03   1.0000000E+00   1.8143848E-04   4.3254934E-01
   1.5450831E+03   2.4130000E+03   2.0000000E+00   6.7844991E-04   8.2255539E-01
   1.5450873E+03   2.3480000E+03   0.0000000E+00   2.7068836E-05   0.0000000E+00
   1.5450915E+03   2.4610000E+03   2.0000000E+00   2.4827590E-04   3.0550350E-01
   1.5450957E+03   2.3950000E+03   2.0000000E+00   6.2872727E-04   3.9050755E-01
   1.5450999E+03   2.3780000E+03   0.0000000E+00   9.6782145E-06   0.0000000E+00
   1.5451041E+03   2.4160000E+03   1.0000000E+00   2.6287020E-04   6.8553420E-01
   1.5451083E+03   2.3580000E+03   1.0000000E+00   3.2441331E-04   8.3409555E-01
   1.5451125E+03   2.4010000E+03   3.0000000E+00   7.7731597E-04   6.2211188E-01
   1.5451167E+03   2.3670000E+03   0.0000000E+00   0.0000000E+00   0.0000000E+00
   1.5451209E+03   2.4760000E+03   1.0000000E+00   2.5832368E-05   6.3960944E-02
   1.5451251E+03   2.2840000E+03   2.0000000E+00   2.1334910E-04   2.8375485E-01
   1.5451293E+03   2.3990000E+03   0.0000000E+00   0.0000000E+00   0.0000000E+00
   1.5451335E+03   2.3800000E+03   3.0000000E+00   5.4900152E-04   4.0619847E-01
   1.5451377E+03   2.4420000E+03   2.0000000E+00   1.9762803E-04   2.3739002E-01
   1.5451419E+03   2.4120000E+03   1.0000000E+00   1.0241350E-04   2.4944673E-01
   1.5451461E+03   2.3660000E+03   1.0000000E+00   3.5213224E-04   8.3314488E-01
   1.5451503E+03   2.4390000E+03   1.0000000E+00   6.8669867E-05   1.6748581E-01
   1.5451545E+03   2.4260000E+03   1.0000000E+00   5.8271486E-04   8.6120798E-01
   1.5451586E+03   2.4240000E+03   1.0000000E+00   1.7490195E-04   4.4696111E-01
   1.5451628E+03   2.4110000E+03   5.0000000E+00   7.8327748E-05   3.7769640E-02
   1.5451670E+03   2.4460000E+03   3.0000000E+00   4.3776085E-04   3.5692101E-01
   1.5451712E+03   2.4000000E+03   2.0000000E+00   1.6898150E-04   2.0277780E-01
   1.5451754E+03   2.4580000E+03   0.0000000E+00   0.0000000E+00   0.0000000E+00
   1.5451796E+03   2.3360000E+03   1.0000000E+00   1.9199543E-04   4.2586774E-01
   1.5451838E+03   2.3850000E+03   1.0000000E+00   3.5036693E-04   8.3562512E-01
   1.5451880E+03   2.4870000E+03   1.0000000E+00   1.5597148E-04   3.8790108E-01
   1.5451922E+03   2.4320000E+03   2.0000000E+00   5.0605688E-04   6.4248896E-01
   1.5451964E+03   2.4650000E+03   4.0000000E+00   2.7769327E-04   1.4965375E-01
   1.5452006E+03   2.4080000E+03   1.0000000E+00   1.4305214E-04   4.0346881E-01
   1.5452048E+03   2.4170000E+03   1.0000000E+00   3.2411411E-04   7.8338380E-01
   1.5452090E+03   2.4700000E+03   1.0000000E+00   7.7631940E-05   1.1986886E-01
   1.5452132E+03   2.3530000E+03   0.0000000E+00   0.0000000E+00   0.0000000E+00
   1.5452174E+03   2.4370000E+03   5.0000000E+00   3.6385475E-04   1.7380205E-01
   1.5452216E+03   2.4320000E+03   2.0000000E+00   4.0512377E-04   4.9263050E-01
   1.5452258E+03   2.4560000E+03   1.0000000E+00   2.8779023E-04   7.0905684E-01
   1.5452300E+03   2.4340000E+03   3.0000000E+00   2.3749217E-04   1.9268532E-01
   1.5452342E+03   2.4660000E+03   2.0000000E+00   2.9021062E-04   3.5782970E-01
   1.5452384E+03   2.3910000E+03   3.0000000E+00   2.5184177E-04   2.0071789E-01
   1.5452425E+03   2.4190000E+03   2.0000000E+00   6.6532721E-04   7.7206759E-01
   1.5452467E+03   2.5110000E+03   1.0000000E+00   1.6678567E-04   4.3353432E-01
   1.5452509E+03   2.4470000E+03   3.0000000E+00   3.6886719E-04   2.7264042E-01
   1.5452551E+03   2.4700000E+03   2.0000000E+00   2.4571106E-04   3.0345316E-01
   1.5452593E+03   2.3920000E+03   1.0000000E+00   1.2487666E-04   2.9870497E-01
   1.5452635E+03   2.3710000E+03   4.0000000E+00   3.7297581E-04   2.2108141E-01
   1.5452677E+03   2.4270000E+03   1.0000000E+00   1.2987511E-04   3.1520689E-01
   1.5452719E+03   2.4960000E+03   2.0000000E+00   4.7817453E-04   5.6630941E-01
   1.5452761E+03   2.4300000E+03   0.0000000E+00   0.0000000E+00   0.0000000E+00
   1.5452803E+03   2.4070000E+03   0.0000000E+00   3.9079200E-05   0.0000000E+00
   1.5452845E+03   2.5040000E+03   1.0000000E+00   3.4212015E-04   8.5666886E-01
   1.5452887E+03   2.3770000E+03   2.0000000E+00   4.1661558E-04   5.1067334E-01
   1.5452929E+03   2.3890000E+03   1.0000000E+00   2.4619031E-04   5.8814866E-01
   1.5452971E+03   2.3950000E+03   1.0000000E+00   7.6460027E-05   1.8212125E-01
   1.5453013E+03   2.3520000E+03   5.0000000E+00   1.5665071E-04   5.5506435E-02
   1.5453055E+03   2.4680000E+03   1.0000000E+00   1.6157082E-04   4.3706515E-01
   1.5453097E+03   2.4410000E+03   3.0000000E+00   1.8849167E-04   1.5336939E-01
   1.5453139E+03   2.4180000E+03   0.0000000E+00   1.1866270E-04   0.0000000E+00
   1.5453181E+03   2.4990000E+03   2.0000000E+00   4.1300432E-04   5.1604889E-01
   1.5453223E+03   2.5110000E+03   1.0000000E+00   1.6764211E-04   4.2094935E-01
   1.5453264E+03   2.4960000E+03   1.0000000E+00   6.6928319E-05   1.6705308E-01
   1.5453306E+03   2.4850000E+03   1.0000000E+00   3.4339989E-04   4.6784559E-01
   1.5453348E+03   2.4980000E+03   2.0000000E+00   2.0117911E-04   2.5127271E-01
   1.5453390E+03   2.3690000E+03   4.0000000E+00   5.0345640E-04   2.5434006E-01
   1.5453432E+03   2.5240000E+03   1.0000000E+00   2.8036756E-04   7.0764773E-01
   1.5453474E+03   2.4640000E+03   1.0000000E+00   3.5198263E-04   8.6728521E-01
   1.5453516E+03   2.4250000E+03   1.0000000E+00   2.1796331E-04   2.7972706E-01
   1.5453558E+03   2.4670000E+03   3.0000000E+00   3.3021402E-04   1.4783925E-01
   1.5453600E+03   2.4660000E+03   0.0000000E+00   5.6720748E-05   0.0000000E+00
   1.5453642E+03   2.4710000E+03   2.0000000E+00   1.6675337E-04   2.0602379E-01
   1.5453684E+03   2.4500000E+03   3.0000000E+00   3.0557572E-04   2.7019610E-01
   1.5453726E+03   2.4300000E+03   2.0000000E+00   5.5574599E-04   6.7523138E-01
   1.5453768E+03   2.4910000E+03   1.0000000E+00   1.0760038E-04   2.6803255E-01
   1.5453810E+03   2.5200000E+03   1.0000000E+00   3.9659055E-05   9.9940818E-02
   1.5453852E+03   2.5530000E+03   4.0000000E+00   5.9644919E-04   3.8068370E-01
   1.5453894E+03   2.4990000E+03   4.0000000E+00   1.6198682E-04   9.2243444E-02
   1.5453936E+03   2.5120000E+03   2.0000000E+00   1.6531562E-04   2.0763642E-01
   1.5453978E+03   2.5260000E+03   1.0000000E+00   1.8778092E-04   4.7433460E-01
   1.5454020E+03   2.4630000E+03   3.0000000E+00   2.5437040E-04   2.0883810E-01
   1.5454062E+03   2.3870000E+03   4.0000000E+00   4.7369018E-04   2.8267461E-01
   1.5454103E+03   2.5300000E+03   1.0000000E+00   2.7003051E-04   6.8696051E-01
   1.5454145E+03   2.5010000E+03   2.0000000E+00   2.5454203E-04   3.0165328E-01
   1.5454187E+03   2.5660000E+03   4.0000000E+00   5.8255811E-04   3.7371103E-01
   1.5454229E+03   2.4600000E+03   1.0000000E+00   2.0584639E-04   5.0638213E-01
   1.5454271E+03   2.4510000E+03   4.0000000E+00   2.2315905E-04   1.3674071E-01
   1.5454313E+03   2.5190000E+03   4.0000000E+00   1.3620910E-04   8.5777679E-02
   1.5454355E+03   2.5140000E+03   2.0000000E+00   2.4879187E-04   3.1273139E-01
   1.5454397E+03   2.5140000E+03   5.0000000E+00   1.0532371E-04   5.7349424E-02
   1.5454439E+03   2.5110000E+03   1.0000000E+00   2.1625288E-04   5.4301097E-01
   1.5454481E+03   2.4110000E+03   6.0000000E+00   4.7139811E-04   1.8942347E-01
   1.5454523E+03   2.5300000E+03   1.0000000E+00   1.8832472E-04   4.8036607E-01
   1.5454565E+03   2.4480000E+03   3.0000000E+00   4.2756752E-04   3.4889510E-01
   1.5454607E+03   2.4700000E+03   4.0000000E+00   4.2847763E-04   2.6458494E-01
   1.5454649E+03   2.5260000E+03   0.0000000E+00   2.8297520E-05   0.0000000E+00
   1.5454691E+03   2.6030000E+03   3.0000000E+00   3.6895302E-04   3.2012824E-01
   1.5454733E+03   2.5310000E+03   2.0000000E+00   3.2383861E-04   4.5795327E-01
   1.5454775E+03   2.5180000E+03   3.0000000E+00   1.8835456E-04   1.2187355E-01
   1.5454817E+03   2.4750000E+03   2.0000000E+00   3.1833496E-04   3.9393951E-01
   1.5454859E+03   2.5330000E+03   3.0000000E+00   4.0374406E-04   3.2384322E-01
   1.5454901E+03   2.4330000E+03   4.0000000E+00   5.3269526E-04   3.2851292E-01
   1.5454942E+03   2.5130000E+03   0.0000000E+00   1.0139661E-04   0.0000000E+00
   1.5454984E+03   2.5360000E+03   5.0000000E+00   6.4646483E-04   3.2518763E-01
   1.5455026E+03   2.4220000E+03   2.0000000E+00   2.0660531E-04   2.1710525E-01
   1.5455068E+03   2.5570000E+03   4.0000000E+00   2.8721418E-04   1.5529757E-01
   1.5455110E+03   2.5010000E+03   2.0000000E+00   6.0940301E-04   7.6205847E-01
   1.5455152E+03   2.4970000E+03   1.0000000E+00   1.9839765E-04   4.9539894E-01
   1.5455194E+03   2.4830000E+03   3.0000000E+00   5.2816282E-05   4.3714276E-02
   1.5455236E+03   2.5220000E+03   2.0000000E+00   2.7509409E-04   3.3379975E-01
   1.5455278E+03   2.4860000E+03   1.0000000E+00   1.2702317E-04   3.1577960E-01
   1.5455320E+03   2.5430000E+03   1.0000000E+00   1.2031793E-04   8.4762031E-01
   1.5455362E+03   2.5280000E+03   5.0000000E+00   8.0255029E-04   4.0576943E-01
   1.5455404E+03   2.5120000E+03   2.0000000E+00   1.5140206E-04   1.6986096E-01
   1.5455446E+03   2.5820000E+03   5.0000000E+00   5.0600444E-04   2.6096270E-01
   1.5455488E+03   2.5310000E+03   2.0000000E+00   5.3430413E-04   6.7616188E-01
   1.5455530E+03   2.5150000E+03   7.0000000E+00   9.8526061E-04   3.0881307E-01
   1.5455572E+03   2.6350000E+03   2.0000000E+00   2.2631750E-04   2.9817331E-01
   1.5455614E+03   2.5530000E+03   6.0000000E+00   4.0742456E-04   1.1941476E-01
   1.5455656E+03   2.6250000E+03   2.0000000E+00   3.7692663E-04   4.9467233E-01
   1.5455698E+03   2.5880000E+03   5.0000000E+00   5.2369113E-04   2.6248255E-01
   1.5455740E+03   2.6080000E+03   5.0000000E+00   3.9045511E-04   2.0366138E-01
   1.5455781E+03   2.5430000E+03   2.0000000E+00   3.3554091E-04   4.5624199E-01
   1.5455823E+03   2.5410000E+03   0.0000000E+00   0.0000000E+00   0.0000000E+00
   1.5455865E+03   2.5850000E+03   4.0000000E+00   5.3164376E-04   2.2066955E-01
   1.5455907E+03   2.4420000E+03   3.0000000E+00   3.3099845E-04   2.7331958E-01
   1.5455949E+03   2.5670000E+03   3.0000000E+00   2.0991121E-04   1.7961403E-01
   1.5455991E+03   2.5130000E+03   2.0000000E+00   3.3570040E-05   9.5811307E-02
   1.5456033E+03   2.5450000E+03   2.0000000E+00   2.7402254E-04   3.3088619E-01
   1.5456075E+03   2.4990000E+03   0.0000000E+00   1.1924729E-05   0.0000000E+00
   1.5456117E+03   2.5500000E+03   5.0000000E+00   5.2250742E-04   2.6647878E-01
   1.5456159E+03   2.5420000E+03   2.0000000E+00   6.7240638E-04   7.3751746E-01
   1.5456201E+03   2.5230000E+03   3.0000000E+00   3.2322552E-04   2.8567082E-01
   1.5456243E+03   2.5580000E+03   3.0000000E+00   1.2752876E-04   1.0873952E-01
   1.5456285E+03   2.5660000E+03   1.0000000E+00   1.5062358E-04   3.8650010E-01
   1.5456327E+03   2.6550000E+03   1.0000000E+00   3.0957909E-04   8.4932943E-01
   1.5456369E+03   2.6240000E+03   1.0000000E+00   2.1436330E-04   6.6796660E-01
   1.5456411E+03   2.5580000E+03   2.0000000E+00   3.2304663E-04   4.1317664E-01
   1.5456453E+03   2.6330000E+03   2.0000000E+00   6.6070707E-04   5.5327358E-01
   1.5456495E+03   2.5510000E+03   5.0000000E+00   3.7687323E-04   1.8387624E-01
   1.5456537E+03   2.5030000E+03   1.0000000E+00   3.4088555E-04   8.5323653E-01
   1.5456579E+03   2.5970000E+03   5.0000000E+00   4.5890304E-04   2.0957643E-01
   1.5456620E+03   2.5500000E+03   1.0000000E+00   7.1726085E-05   1.8290152E-01
   1.5456662E+03   2.4720000E+03   3.0000000E+00   4.5009749E-04   3.7088033E-01
   1.5456704E+03   2.5450000E+03   1.0000000E+00   1.8276926E-04   4.6514776E-01
   1.5456746E+03   2.5920000E+03   0.0000000E+00   2.2972906E-05   0.0000000E+00
   1.5456788E+03   2.4970000E+03   3.0000000E+00   5.5331081E-04   4.6053903E-01
   1.5456830E+03   2.5970000E+03   2.0000000E+00   1.4890186E-04   1.9334907E-01
   1.5456872E+03   2.5530000E+03   1.0000000E+00   1.7615291E-04   4.4971839E-01
   1.5456914E+03   2.6100000E+03   1.0000000E+00   1.0924810E-04   1.8020195E-01
   1.5456956E+03   2.5810000E+03   3.0000000E+00   5.9807727E-04   4.4385173E-01
   1.5456998E+03   2.6840000E+03   4.0000000E+00   5.9007356E-04   3.9878139E-01
   1.5457040E+03   2.6760000E+03   4.0000000E+00   1.5103426E-04   1.2119074E-01
   1.5457082E+03   2.5420000E+03   1.0000000E+00   1.7542719E-04   3.3701016E-01
   1.5457124E+03   2.6210000E+03   1.0000000E+00   2.5438522E-04   7.5976461E-01
   1.5457166E+03   2.5900000E+03   2.0000000E+00   3.9750895E-05   1.0326625E-01
   1.5457208E+03   2.6020000E+03   1.0000000E+00   1.2550541E-04   3.1132947E-01
   1.5457250E+03   2.6010000E+03   3.0000000E+00   4.4962896E-04   3.8982831E-01
   1.5457292E+03   2.7000000E+03   4.0000000E+00   6.9240093E-04   4.6737062E-01
   1.5457334E+03   2.5380000E+03   0.0000000E+00   0.0000000E+00   0.0000000E+00
   1.5457376E+03   2.6240000E+03   4.0000000E+00   3.1861850E-04   2.0901373E-01
   1.5457418E+03   2.5840000E+03   0.0000000E+00   0.0000000E+00   0.0000000E+00
   1.5457459E+03   2.6380000E+03   1.0000000E+00   3.1913999E-04   8.4189128E-01
   1.5457501E+03   2.6200000E+03   3.0000000E+00   6.2327000E-04   5.4432247E-01
   1.5457543E+03   2.5240000E+03   1.0000000E+00   1.9298858E-04   4.8710318E-01
   1.5457585E+03   2.6350000E+03   4.0000000E+00   4.9341760E-04   2.6081793E-01
   1.5457627E+03   2.5870000E+03   2.0000000E+00   3.4790831E-05   9.7292355E-02
   1.5457669E+03   2.6060000E+03   2.0000000E+00   4.1733826E-04   5.8535721E-01
   1.5457711E+03   2.6830000E+03   2.0000000E+00   2.0088286E-04   3.5769098E-01
   1.5457753E+03   2.5310000E+03   1.0000000E+00   2.1263953E-04   5.8880239E-01
   1.5457795E+03   2.6190000E+03   1.0000000E+00   2.1680061E-04   5.6780080E-01
   1.5457837E+03   2.6080000E+03   1.0000000E+00   3.1754822E-04   8.2816575E-01
   1.5457879E+03   2.6090000E+03   4.0000000E+00   5.1375609E-04   3.3509741E-01
   1.5457921E+03   2.6360000E+03   5.0000000E+00   4.8145093E-04   2.5382093E-01
   1.5457963E+03   2.6160000E+03   1.0000000E+00   2.0730170E-04   5.4230124E-01
   1.5458005E+03   2.6230000E+03   5.0000000E+00   7.5512951E-04   3.9243508E-01
   1.5458047E+03   2.5500000E+03   5.0000000E+00   3.9452589E-04   1.9556532E-01
   1.5458089E+03   2.5240000E+03   1.0000000E+00   1.9981532E-04   5.0304329E-01
   1.5458131E+03   2.6320000E+03   4.0000000E+00   2.1329755E-04   1.6938183E-01
   1.5458173E+03   2.5870000E+03   3.0000000E+00   3.2607614E-04   2.8118633E-01
   1.5458215E+03   2.6270000E+03   3.0000000E+00   2.7970850E-04   2.4581022E-01
   1.5458257E+03   2.6000000E+03   4.0000000E+00   6.0751388E-04   3.9488402E-01
   1.5458298E+03   2.5930000E+03   5.0000000E+00   4.2425008E-04   2.2001609E-01
   1.5458340E+03   2.6450000E+03   1.0000000E+00   8.7381776E-05   1.2962319E-01
   1.5458382E+03   2.6090000E+03   5.0000000E+00   1.2507099E-03   6.4331612E-01
   1.5458424E+03   2.6820000E+03   1.0000000E+00   1.4810328E-04   3.6454456E-01
   1.5458466E+03   2.6920000E+03   3.0000000E+00   3.5967180E-04   3.5501376E-01
   1.5458508E+03   2.6200000E+03   2.0000000E+00   4.9977463E-04   6.5470477E-01
   1.5458550E+03   2.7040000E+03   6.0000000E+00   3.5053787E-04   1.5797573E-01
   1.5458592E+03   2.6690000E+03   3.0000000E+00   9.0803422E-05   2.1188760E-01
   1.5458634E+03   2.7130000E+03   4.0000000E+00   8.2247055E-05   5.5784065E-02
   1.5458676E+03   2.6930000E+03   3.0000000E+00   2.5606248E-04   2.2985875E-01
   1.5458718E+03   2.6480000E+03   2.0000000E+00   3.1078227E-04   4.7041926E-01
   1.5458760E+03   2.5620000E+03   5.0000000E+00   5.5387987E-04   2.8380805E-01
   1.5458802E+03   2.6380000E+03   5.0000000E+00   5.3596242E-04   2.9787664E-01
   1.5458844E+03   2.6180000E+03   5.0000000E+00   4.5655667E-04   2.2472791E-01
   1.5458886E+03   2.6640000E+03   2.0000000E+00   3.7621337E-04   5.0111622E-01
   1.5458928E+03   2.6230000E+03   3.0000000E+00   1.4931103E-04   1.1134286E-01
   1.5458970E+03   2.7120000E+03   2.0000000E+00   2.9159503E-04   3.9540286E-01
   1.5459012E+03   2.6320000E+03   4.0000000E+00   9.7355522E-05   1.1115491E-01
   1.5459054E+03   2.6400000E+03   5.0000000E+00   3.6567966E-04   1.9307886E-01
   1.5459096E+03   2.6380000E+03   2.0000000E+00   1.6900926E-04   2.2292321E-01
   1.5459137E+03   2.6090000E+03   3.0000000E+00   3.3522783E-04   2.9153647E-01
   1.5459179E+03   2.6710000E+03   3.0000000E+00   5.6434081E-04   5.3106882E-01
   1.5459221E+03   2.6740000E+03   1.0000000E+00   2.6452202E-04   7.0733187E-01
   1.5459263E+03   2.7030000E+03   4.0000000E+00   1.1213492E-04   6.3079929E-02
   1.5459305E+03   2.6950000E+03   1.0000000E+00   1.3408081E-04   3.1043207E-01
   1.5459347E+03   2.6700000E+03   2.0000000E+00   1.6482816E-04   2.0346320E-01
   1.5459389E+03   2.7050000E+03   2.0000000E+00   2.3587326E-04   3.1906004E-01
   1.5459431E+03   2.5960000E+03   2.0000000E+00   3.3787964E-04   3.9188482E-01
   1.5459473E+03   2.6320000E+03   7.0000000E+00   1.4998714E-04   6.4834962E-02
   1.5459515E+03   2.7210000E+03   1.0000000E+00   3.0965656E-04   6.6650151E-01
   1.5459557E+03   2.7030000E+03   2.0000000E+00   2.3854195E-04   3.2238945E-01
   1.5459599E+03   2.6120000E+03   4.0000000E+00   3.2844207E-04   2.0465926E-01
   1.5459641E+03   2.5530000E+03   1.0000000E+00   1.6852147E-04   4.3023531E-01
   1.5459683E+03   2.7030000E+03   6.0000000E+00   8.4307281E-04   3.8340986E-01
   1.5459725E+03   2.6440000E+03   4.0000000E+00   2.8999929E-04   1.9040737E-01
   1.5459767E+03   2.5890000E+03   3.0000000E+00   3.1878527E-04   2.5640677E-01
   1.5459809E+03   2.6600000E+03   4.0000000E+00   3.6679018E-04   2.4391547E-01
   1.5459851E+03   2.6150000E+03   3.0000000E+00   2.8464043E-04   2.1562710E-01
   1.5459893E+03   2.7180000E+03   1.0000000E+00   9.5977946E-05   2.2731977E-01
   1.5459935E+03   2.7350000E+03   7.0000000E+00   3.3748023E-04   1.3676329E-01
   1.5459976E+03   2.6210000E+03   2.0000000E+00   3.7483797E-04   4.9122516E-01
   1.5460018E+03   2.6660000E+03   3.0000000E+00   3.1438311E-04   2.2330737E-01
   1.5460060E+03   2.7370000E+03   3.0000000E+00   1.4623229E-04   1.3705218E-01
   1.5460102E+03   2.6710000E+03   5.0000000E+00   3.3514594E-04   1.8394667E-01
   1.5460144E+03   2.6110000E+03   0.0000000E+00   3.3729946E-05   0.0000000E+00
   1.5460186E+03   2.6320000E+03   3.0000000E+00   3.3155380E-04   2.9958759E-01
   1.5460228E+03   2.7020000E+03   1.0000000E+00   1.0864618E-04   2.9356197E-01
   1.5460270E+03   2.6700000E+03   5.0000000E+00   3.1829032E-04   1.5850118E-01
   1.5460312E+03   2.7050000E+03   6.0000000E+00   8.4056068E-04   3.7242610E-01
   1.5460354E+03   2.6660000E+03   5.0000000E+00   7.3910770E-04   3.9409223E-01
   1.5460396E+03   2.6460000E+03   3.0000000E+00   5.5773957E-04   6.2773060E-01
   1.5460438E+03   2.7000000E+03   3.0000000E+00   3.0119240E-04   2.7738447E-01
   1.5460480E+03   2.6400000E+03   6.0000000E+00   4.1070141E-04   1.0542476E-01
   1.5460522E+03   2.7360000E+03   3.0000000E+00   2.7630773E-04   2.5829494E-01
   1.5460564E+03   2.6110000E+03   6.0000000E+00   5.2761301E-04   2.2879721E-01
   1.5460606E+03   2.7090000E+03   2.0000000E+00   1.7796196E-04   3.9208675E-01
   1.5460648E+03   2.7760000E+03   3.0000000E+00   4.1359299E-04   2.4546368E-01
   1.5460690E+03   2.6350000E+03   3.0000000E+00   2.3761425E-04   7.5977620E-02
   1.5460732E+03   2.6350000E+03   4.0000000E+00   5.8324522E-04   3.8421279E-01
   1.5460774E+03   2.7690000E+03   4.0000000E+00   5.4249734E-04   3.9688007E-01
   1.5460815E+03   2.7500000E+03   6.0000000E+00   3.5098554E-04   1.6086837E-01
   1.5460857E+03   2.7100000E+03   1.0000000E+00   3.2408689E-04   3.8748977E-01
   1.5460899E+03   2.7640000E+03   8.0000000E+00   6.6635136E-04   2.3022439E-01
   1.5460941E+03   2.7240000E+03   4.0000000E+00   7.6322798E-05   7.0172530E-02
   1.5460983E+03   2.6910000E+03   0.0000000E+00   0.0000000E+00   0.0000000E+00
   1.5461025E+03   2.7080000E+03   4.0000000E+00   1.3895803E-04   9.4074588E-02
   1.5461067E+03   2.7340000E+03   5.0000000E+00   3.1539337E-04   1.7245709E-01
   1.5461109E+03   2.6490000E+03   3.0000000E+00   3.8857701E-04   3.4311350E-01
   1.5461151E+03   2.7140000E+03   6.0000000E+00   1.3169041E-03   5.7267643E-01
   1.5461193E+03   2.7260000E+03   4.0000000E+00   3.6648843E-04   2.4976186E-01
   1.5461235E+03   2.7020000E+03   3.0000000E+00   4.0291861E-04   3.6289536E-01
   1.5461277E+03   2.6570000E+03   3.0000000E+00   1.3411362E-04   1.1877996E-01
   1.5461319E+03   2.7940000E+03   3.0000000E+00   3.0962355E-04   3.3006628E-01
   1.5461361E+03   2.7210000E+03   6.0000000E+00   5.4522643E-04   2.4726019E-01
   1.5461403E+03   2.6460000E+03   4.0000000E+00   4.1746910E-04   2.2899128E-01
   1.5461445E+03   2.7600000E+03   1.0000000E+00   2.8058706E-04   7.8336017E-01
   1.5461487E+03   2.7450000E+03   2.0000000E+00   7.4980759E-05   7.5567984E-02
   1.5461529E+03   2.7700000E+03   3.0000000E+00   4.0970517E-04   3.7057666E-01
   1.5461571E+03   2.7640000E+03   3.0000000E+00   3.1167203E-04   2.7182308E-01
   1.5461613E+03   2.7510000E+03   1.0000000E+00   2.8506230E-04   7.8420639E-01
   1.5461654E+03   2.8040000E+03   2.0000000E+00   1.9581186E-04   2.7452822E-01
   1.5461696E+03   2.7560000E+03   3.0000000E+00   5.7703375E-04   5.6403988E-01
   1.5461738E+03   2.7160000E+03   5.0000000E+00   7.9213162E-04   4.2978079E-01
   1.5461780E+03   2.7780000E+03   6.0000000E+00   1.9903942E-04   9.2155253E-02
   1.5461822E+03   2.7760000E+03   4.0000000E+00   3.3695228E-04   2.3086887E-01
   1.5461864E+03   2.7260000E+03   6.0000000E+00   6.4961786E-04   2.9549547E-01
   1.5461906E+03   2.7180000E+03   8.0000000E+00   2.0851028E-04   8.1586434E-02
   1.5461948E+03   2.7380000E+03   5.0000000E+00   8.7207958E-04   4.7755078E-01
   1.5461990E+03   2.7500000E+03   4.0000000E+00   7.7017343E-04   3.8635784E-01
   1.5462032E+03   2.7940000E+03   6.0000000E+00   5.3562082E-04   2.4942076E-01
   1.5462074E+03   2.7370000E+03   5.0000000E+00   2.4071952E-04   1.3165573E-01
   1.5462116E+03   2.7520000E+03   6.0000000E+00   4.4449833E-04   1.8997701E-01
   1.5462158E+03   2.7610000E+03   5.0000000E+00   2.1259678E-04   2.2098979E-01
   1.5462200E+03   2.7440000E+03   8.0000000E+00   8.2735587E-04   2.8378306E-01
   1.5462242E+03   2.8100000E+03   3.0000000E+00   8.9684799E-05   7.8933355E-02
   1.5462284E+03   2.7120000E+03   4.0000000E+00   4.0040196E-04   2.8657295E-01
   1.5462326E+03   2.7230000E+03   3.0000000E+00   5.3846280E-04   4.6509999E-01
   1.5462368E+03   2.7590000E+03   9.0000000E+00   3.7651149E-04   1.2508078E-01
   1.5462410E+03   2.7070000E+03   1.0000000E+00   1.0021526E-04   2.3223162E-01
   1.5462452E+03   2.6710000E+03   5.0000000E+00   1.0087767E-03   4.8047668E-01
   1.5462493E+03   2.7790000E+03   7.0000000E+00   3.5747824E-04   1.4191886E-01
   1.5462535E+03   2.8190000E+03   6.0000000E+00   2.3017559E-04   9.8531770E-02
   1.5462577E+03   2.7120000E+03   5.0000000E+00   4.9305394E-04   2.7049447E-01
   1.5462619E+03   2.6950000E+03   9.0000000E+00   8.7018839E-04   2.6229568E-01
   1.5462661E+03   2.7230000E+03   7.0000000E+00   3.6076183E-04   1.4033635E-01
   1.5462703E+03   2.7970000E+03   4.0000000E+00   4.0377133E-04   2.7583287E-01
   1.5462745E+03   2.7260000E+03   1.0000000E+00   2.4411583E-04   6.5483256E-01
   1.5462787E+03   2.7960000E+03   5.0000000E+00   2.0234612E-04   1.1315195E-01
   1.5462829E+03   2.7700000E+03   4.0000000E+00   1.1152524E-04   7.7231230E-02
   1.5462871E+03   2.6520000E+03   3.0000000E+00   5.1413213E-04   4.5449280E-01
   1.5462913E+03   2.7900000E+03   7.0000000E+00   7.3089776E-04   2.9026436E-01
   1.5462955E+03   2.7060000E+03   1.0000000E+00   1.6369273E-04   4.4295254E-01
   1.5462997E+03   2.7700000E+03   1.0000000E+01   2.6858236E-04   5.6903397E-02
   1.5463039E+03   2.6930000E+03   4.0000000E+00   2.9149863E-04   1.8667034E-01
   1.5463081E+03   2.6970000E+03   4.0000000E+00   2.1341434E-04   1.9757653E-01
   1.5463123E+03   2.6720000E+03   8.0000000E+00   4.1449079E-04   1.3843992E-01
   1.5463165E+03   2.7310000E+03   3.0000000E+00   2.0089773E-04   1.6762938E-01
   1.5463207E+03   2.6830000E+03   4.0000000E+00   4.4459543E-04   2.9333654E-01
   1.5463249E+03   2.7890000E+03   1.2000000E+01   5.4861056E-04   1.1878001E-01
   1.5463291E+03   2.8090000E+03   6.0000000E+00   8.9268538E-04   4.1792554E-01
   1.5463332E+03   2.6890000E+03   6.0000000E+00   1.6918785E-04   6.8727709E-02
   1.5463374E+03   2.7700000E+03   2.0000000E+00   3.3475069E-04   5.6169599E-01
   1.5463416E+03   2.7760000E+03   7.0000000E+00   3.7674422E-04   1.3915561E-01
   1.5463458E+03   2.6530000E+03   5.0000000E+00   6.0449281E-04   3.2074388E-01
   1.5463500E+03   2.8180000E+03   5.0000000E+00   5.4129964E-04   3.1079175E-01
   1.5463542E+03   2.7830000E+03   4.0000000E+00   3.1375783E-04   2.1829701E-01
   1.5463584E+03   2.8270000E+03   9.0000000E+00   6.5667481E-04   1.9479051E-01
   1.5463626E+03   2.7480000E+03   1.0000000E+01   8.7043604E-05   2.3919582E-02
   1.5463668E+03   2.7770000E+03   8.0000000E+00   2.4455099E-04   1.0416805E-01
   1.5463710E+03   2.7580000E+03   5.0000000E+00   2.4142717E-04   1.3317123E-01
   1.5463752E+03   2.7870000E+03   3.0000000E+00   8.0898247E-04   5.1375587E-01
   1.5463794E+03   2.8180000E+03   2.0000000E+00   3.2876652E-04   5.0755291E-01
   1.5463836E+03   2.6670000E+03   9.0000000E+00   1.3041928E-04   3.7903012E-02
   1.5463878E+03   2.7010000E+03   4.0000000E+00   2.5130010E-04   2.0448274E-01
   1.5463920E+03   2.8010000E+03   5.0000000E+00   1.9823797E-04   7.2974225E-02
   1.5463962E+03   2.7550000E+03   5.0000000E+00   1.9004024E-04   1.0471217E-01
   1.5464004E+03   2.8260000E+03   8.0000000E+00   5.3043051E-04   1.9253403E-01
   1.5464046E+03   2.7290000E+03   8.0000000E+00   4.3219260E-04   1.4743170E-01
   1.5464088E+03   2.8290000E+03   2.0000000E+00   3.2367338E-04   4.7937908E-01
   1.5464130E+03   2.8070000E+03   4.0000000E+00   7.8650060E-05   8.1091619E-02
   1.5464171E+03   2.8080000E+03   4.0000000E+00   3.7737123E-04   2.5717832E-01
   1.5464213E+03   2.7730000E+03   8.0000000E+00   7.4445166E-04   2.5792412E-01
   1.5464255E+03   2.8020000E+03   3.0000000E+00   5.3252187E-04   4.7865310E-01
   1.5464297E+03   2.7180000E+03   6.0000000E+00   7.2490802E-04   3.1842037E-01
   1.5464339E+03   2.8140000E+03   5.0000000E+00   1.9022510E-04   1.1832029E-01
   1.5464381E+03   2.7850000E+03   7.0000000E+00   5.2854783E-04   1.9768374E-01
   1.5464423E+03   2.7510000E+03   6.0000000E+00   7.6033368E-05   5.7587533E-02
   1.5464465E+03   2.8250000E+03   9.0000000E+00   6.6674264E-04   1.8018495E-01
   1.5464507E+03   2.8250000E+03   7.0000000E+00   3.5442065E-04   1.4303405E-01
   1.5464549E+03   2.8540000E+03   9.0000000E+00   6.2572866E-04   1.8876376E-01
   1.5464591E+03   2.7890000E+03   3.0000000E+00   3.9216207E-04   3.5099464E-01
   1.5464633E+03   2.8100000E+03   8.0000000E+00   3.5546241E-04   1.2033233E-01
   1.5464675E+03   2.8360000E+03   3.0000000E+00   1.9723535E-04   1.8645315E-01
   1.5464717E+03   2.7890000E+03   7.0000000E+00   5.3552604E-04   2.1336887E-01
   1.5464759E+03   2.7840000E+03   3.0000000E+00   3.9434926E-04   3.6595612E-01
   1.5464801E+03   2.7510000E+03   4.0000000E+00   6.9085761E-04   4.5149584E-01
   1.5464843E+03   2.8780000E+03   7.0000000E+00   6.8437545E-04   2.6507230E-01
   1.5464885E+03   2.8990000E+03   7.0000000E+00   3.0679686E-04   1.7511587E-01
   1.5464927E+03   2.7730000E+03   6.0000000E+00   2.8099534E-04   1.2986668E-01
   1.5464969E+03   2.9110000E+03   7.0000000E+00   7.9760234E-04   3.2760354E-01
   1.5465010E+03   2.8740000E+03   8.0000000E+00   3.8457397E-04   1.3815820E-01
   1.5465052E+03   2.7400000E+03   9.0000000E+00   1.1772831E-04   4.7232205E-02
   1.5465094E+03   2.9160000E+03   7.0000000E+00   4.4483243E-04   1.8530448E-01
   1.5465136E+03   2.8540000E+03   9.0000000E+00   3.4099020E-04   1.1190194E-01
   1.5465178E+03   2.7810000E+03   6.0000000E+00   2.7019550E-04   1.2867632E-01
   1.5465220E+03   2.8290000E+03   3.0000000E+00   5.3053799E-04   5.1474945E-01
   1.5465262E+03   2.8100000E+03   1.4000000E+01   6.2484148E-04   1.0700207E-01
   1.5465304E+03   2.8910000E+03   7.0000000E+00   7.8207158E-04   3.2299556E-01
   1.5465346E+03   2.8410000E+03   1.0000000E+01   3.4329698E-04   9.6392162E-02
   1.5465388E+03   2.8480000E+03   9.0000000E+00   1.1312536E-03   3.5868957E-01
   1.5465430E+03   2.8180000E+03   9.0000000E+00   5.7652978E-05   2.8247834E-02
   1.5465472E+03   2.8520000E+03   7.0000000E+00   2.6687435E-04   2.0153914E-01
   1.5465514E+03   2.7430000E+03   5.0000000E+00   3.1035903E-04   1.8215804E-01
   1.5465556E+03   2.7510000E+03   5.0000000E+00   3.7816353E-04   2.2718436E-01
   1.5465598E+03   2.7840000E+03   9.0000000E+00   4.4940252E-04   1.0855888E-01
   1.5465640E+03   2.8680000E+03   6.0000000E+00   1.3399565E-04   6.3828810E-02
   1.5465682E+03   2.8130000E+03   3.0000000E+00   3.5027764E-04   3.4375725E-01
   1.5465724E+03   2.8770000E+03   7.0000000E+00   6.3057629E-04   2.7830485E-01
   1.5465766E+03   2.7540000E+03   7.0000000E+00   9.7968089E-04   3.8015283E-01
   1.5465808E+03   2.8520000E+03   8.0000000E+00   3.7713434E-04   1.4455933E-01
   1.5465849E+03   2.8410000E+03   8.0000000E+00   4.7601742E-04   1.6278744E-01
   1.5465891E+03   2.7880000E+03   6.0000000E+00   2.7732246E-04   1.2886250E-01
   1.5465933E+03   2.8840000E+03   8.0000000E+00   4.9677754E-04   1.4492948E-01
   1.5465975E+03   2.8620000E+03   6.0000000E+00   4.1124584E-04   6.5011748E-02
   1.5466017E+03   2.8130000E+03   4.0000000E+00   3.2187221E-04   2.1485101E-01
   1.5466059E+03   2.7190000E+03   5.0000000E+00   5.0578437E-04   2.6527866E-01
   1.5466101E+03   2.8550000E+03   7.0000000E+00   6.3832268E-04   2.3248874E-01
   1.5466143E+03   2.9050000E+03   4.0000000E+00   3.3453610E-04   2.3938958E-01
   1.5466185E+03   2.7970000E+03   6.0000000E+00   2.9473967E-04   1.3139985E-01
   1.5466227E+03   2.7770000E+03   7.0000000E+00   2.5999244E-04   1.0095961E-01
   1.5466269E+03   2.8650000E+03   9.0000000E+00   4.0210587E-04   1.2351602E-01
   1.5466311E+03   2.8210000E+03   1.0000000E+01   3.4459435E-05   3.0772177E-02
   1.5466353E+03   2.8780000E+03   8.0000000E+00   6.0385703E-04   1.4846390E-01
   1.5466395E+03   2.7620000E+03   4.0000000E+00   1.2656261E-04   1.6814972E-01
   1.5466437E+03   2.8490000E+03   7.0000000E+00   3.2404088E-04   1.7475403E-01
   1.5466479E+03   2.8150000E+03   1.3000000E+01   8.6394645E-04   1.9503449E-01
   1.5466521E+03   2.8600000E+03   7.0000000E+00   3.3273134E-04   1.3594452E-01
   1.5466563E+03   2.8430000E+03   1.0000000E+01   5.0587973E-04   1.4163590E-01
   1.5466605E+03   2.7900000E+03   9.0000000E+00   5.7124966E-04   1.6456613E-01
   1.5466647E+03   2.7640000E+03   7.0000000E+00   4.8151293E-04   1.6919078E-01
   1.5466689E+03   2.8670000E+03   8.0000000E+00   1.1979084E-04   5.3078374E-02
   1.5466730E+03   2.8690000E+03   7.0000000E+00   4.8611472E-04   2.2610624E-01
   1.5466772E+03   2.8590000E+03   8.0000000E+00   7.6446110E-04   2.6774224E-01
   1.5466814E+03   2.9640000E+03   9.0000000E+00   2.5219188E-04   7.6469733E-02
   1.5466856E+03   2.9030000E+03   4.0000000E+00   8.4849287E-05   5.7025880E-02
   1.5466898E+03   2.9190000E+03   4.0000000E+00   2.9842014E-04   2.2514083E-01
   1.5466940E+03   2.9040000E+03   7.0000000E+00   1.1226819E-04   2.9944314E-02
   1.5466982E+03   2.8610000E+03   8.0000000E+00   7.2539748E-05   2.6858764E-02
   1.5467024E+03   2.8430000E+03   1.3000000E+01   1.4367234E-03   3.2848584E-01
   1.5467066E+03   2.8650000E+03   8.0000000E+00   8.5431120E-04   3.5700819E-01
   1.5467108E+03   2.8570000E+03   1.0000000E+01   7.8496208E-04   1.5637267E-01
   1.5467150E+03   2.9620000E+03   1.0000000E+00   1.5175913E-04   7.4248983E-01
   1.5467192E+03   2.8220000E+03   3.0000000E+00   2.6133782E-04   3.7530478E-01
   1.5467234E+03   2.8760000E+03   8.0000000E+00   9.6720813E-04   3.0729604E-01
   1.5467276E+03   2.8680000E+03   1.3000000E+01   4.9423595E-04   1.1188042E-01
   1.5467318E+03   2.8610000E+03   9.0000000E+00   8.9785135E-04   2.8502193E-01
   1.5467360E+03   2.8230000E+03   7.0000000E+00   5.4362071E-04   2.2975777E-01
   1.5467402E+03   2.8550000E+03   1.1000000E+01   5.2010360E-04   1.3655697E-01
   1.5467444E+03   2.8990000E+03   7.0000000E+00   3.2215081E-04   1.3657101E-01
   1.5467486E+03   2.8720000E+03   7.0000000E+00   3.4906774E-04   2.5915473E-01
   1.5467527E+03   2.8240000E+03   4.0000000E+00   3.3603418E-04   2.2117742E-01
   1.5467569E+03   2.8310000E+03   9.0000000E+00   6.1554702E-04   2.1497567E-01
   1.5467611E+03   2.7570000E+03   9.0000000E+00   8.3369595E-04   2.4024823E-01
   1.5467653E+03   2.9140000E+03   9.0000000E+00   3.9233638E-04   1.2639046E-01
   1.5467695E+03   2.8730000E+03   1.0000000E+01   1.0129600E-03   2.9323880E-01
   1.5467737E+03   2.9940000E+03   1.1000000E+01   5.7877459E-04   9.3455664E-02
   1.5467779E+03   2.8830000E+03   9.0000000E+00   8.7873517E-04   2.8475689E-01
   1.5467821E+03   2.9110000E+03   1.2000000E+01   2.8765094E-04   6.9903755E-02
   1.5467863E+03   2.8660000E+03   1.2000000E+01   4.2240760E-04   1.0734429E-01
   1.5467905E+03   2.8730000E+03   6.0000000E+00   3.1180609E-04   1.5189863E-01
   1.5467947E+03   2.8980000E+03   1.0000000E+01   4.9319292E-04   1.5367775E-01
   1.5467989E+03   2.9170000E+03   1.8000000E+01   5.6560142E-04   9.6360056E-02
   1.5468031E+03   2.8480000E+03   6.0000000E+00   3.4871161E-04   1.6552178E-01
   1.5468073E+03   2.9640000E+03   1.0000000E+01   2.1477323E-04   4.7855733E-02
   1.5468115E+03   2.8680000E+03   1.1000000E+01   7.2495242E-04   2.6067223E-01
   1.5468157E+03   2.9040000E+03   1.4000000E+01   5.1016876E-04   1.0363159E-01
   1.5468199E+03   2.7850000E+03   1.5000000E+01   1.1405923E-03   2.1435517E-01
   1.5468241E+03   2.8900000E+03   1.0000000E+01   3.0579426E-04   8.3282856E-02
   1.5468283E+03   2.9070000E+03   1.2000000E+01   1.0348085E-03   2.4743563E-01
   1.5468325E+03   2.8160000E+03   9.0000000E+00   4.6097413E-04   1.4644283E-01
   1.5468366E+03   2.8700000E+03   9.0000000E+00   5.9612464E-04   1.8738429E-01
   1.5468408E+03   2.8370000E+03   1.0000000E+01   5.3031300E-04   1.7407458E-01
   1.5468450E+03   2.8760000E+03   1.4000000E+01   1.0297829E-03   2.1136352E-01
   1.5468492E+03   2.9040000E+03   1.1000000E+01   5.0239846E-04   1.0589079E-01
   1.5468534E+03   2.8780000E+03   6.0000000E+00   4.1150635E-04   2.0192039E-01
   1.5468576E+03   2.8320000E+03   1.3000000E+01   1.7549398E-04   3.7499172E-02
   1.5468618E+03   2.8140000E+03   1.1000000E+01   6.1010696E-04   1.1770906E-01
   1.5468660E+03   2.9260000E+03   1.1000000E+01   5.2855550E-04   1.3937276E-01
   1.5468702E+03   2.9280000E+03   7.0000000E+00   1.1869837E-04   4.5797605E-02
   1.5468744E+03   2.8610000E+03   1.2000000E+01   9.7799076E-04   2.2523807E-01
   1.5468786E+03   2.9340000E+03   1.5000000E+01   1.6616057E-04   3.7413059E-02
   1.5468828E+03   2.9330000E+03   9.0000000E+00   2.1035125E-04   1.1637988E-01
   1.5468870E+03   2.8130000E+03   1.3000000E+01   9.1987112E-04   1.9355519E-01
   1.5468912E+03   2.8620000E+03   1.2000000E+01   4.1166995E-04   8.3315573E-02
   1.5468954E+03   2.9060000E+03   3.0000000E+00   2.3401227E-04   2.2404258E-01
   1.5468996E+03   2.9700000E+03   1.2000000E+01   3.5831386E-04   8.6634993E-02
   1.5469038E+03   2.9640000E+03   1.0000000E+01   4.1781958E-04   1.2021222E-01
   1.5469080E+03   2.9280000E+03   1.4000000E+01   1.8546545E-04   8.6923980E-02
   1.5469122E+03   2.9350000E+03   1.7000000E+01   6.7226036E-04   1.2422514E-01
   1.5469164E+03   2.9530000E+03   8.0000000E+00   8.1150462E-04   2.3860628E-01
   1.5469205E+03   2.9270000E+03   5.0000000E+00   9.0653502E-04   4.3842759E-01
   1.5469247E+03   2.8770000E+03   1.5000000E+01   9.7814861E-04   1.5371544E-01
   1.5469289E+03   2.9750000E+03   1.5000000E+01   6.2072768E-04   1.2959825E-01
   1.5469331E+03   2.8970000E+03   1.0000000E+01   5.1668709E-04   1.0505614E-01
   1.5469373E+03   2.8860000E+03   7.0000000E+00   6.0411336E-04   1.6083008E-01
   1.5469415E+03   2.9830000E+03   2.1000000E+01   9.4634004E-04   1.3109844E-01
   1.5469457E+03   2.9430000E+03   8.0000000E+00   5.3565661E-04   1.9705467E-01
   1.5469499E+03   2.9480000E+03   1.1000000E+01   3.2396165E-04   8.8900349E-02
   1.5469541E+03   2.8710000E+03   1.4000000E+01   6.9298051E-04   1.4878861E-01
   1.5469583E+03   2.8720000E+03   1.2000000E+01   3.4590892E-04   6.2307516E-02
   1.5469625E+03   3.0030000E+03   8.0000000E+00   2.7381491E-04   9.1427720E-02
   1.5469667E+03   2.8570000E+03   1.0000000E+01   6.9364882E-04   8.1202056E-02
   1.5469709E+03   2.8250000E+03   1.6000000E+01   9.5325163E-04   1.5063961E-01
   1.5469751E+03   2.8900000E+03   1.3000000E+01   5.6891011E-04   1.2270281E-01
   1.5469793E+03   2.9670000E+03   1.5000000E+01   3.1416769E-04   5.7847895E-02
   1.5469835E+03   2.9890000E+03   1.0000000E+01   4.8779513E-04   1.2178503E-01
   1.5469877E+03   2.8820000E+03   1.3000000E+01   7.0707370E-04   1.5181063E-01
   1.5469919E+03   2.9630000E+03   1.7000000E+01   7.9257496E-04   1.3326544E-01
   1.5469961E+03   2.9580000E+03   1.4000000E+01   8.0121919E-04   1.6521089E-01
   1.5470003E+03   2.9560000E+03   1.5000000E+01   1.4207519E-04   3.3583302E-02
   1.5470044E+03   2.9860000E+03   1.2000000E+01   4.5133095E-04   1.7437214E-01
   1.5470086E+03   2.9200000E+03   1.3000000E+01   4.6917560E-04   1.1289689E-01
   1.5470128E+03   2.8660000E+03   9.0000000E+00   7.9358398E-04   2.5570729E-01
   1.5470170E+03   2.9210000E+03   1.6000000E+01   2.6346051E-04   4.6490537E-02
   1.5470212E+03   2.8880000E+03   1.5000000E+01   7.2779839E-04   1.7222601E-01
   1.5470254E+03   2.9250000E+03   1.0000000E+01   2.4862068E-04   5.7602351E-02
   1.5470296E+03   2.8120000E+03   1.2000000E+01   1.1124546E-03   2.0494854E-01
   1.5470338E+03   2.9600000E+03   1.8000000E+01   1.7392462E-04   4.3379638E-02
   1.5470380E+03   2.8910000E+03   1.0000000E+01   3.3561926E-04   6.2706329E-02
   1.5470422E+03   2.9940000E+03   1.3000000E+01   2.4638651E-04   8.0458767E-02
   1.5470464E+03   2.9630000E+03   1.8000000E+01   4.2696507E-04   6.4916475E-02
   1.5470506E+03   3.0020000E+03   2.1000000E+01   1.4480829E-03   1.7906549E-01
   1.5470548E+03   2.9360000E+03   1.2000000E+01   5.2938737E-04   1.8128684E-01
   1.5470590E+03   2.9660000E+03   1.3000000E+01   1.3472164E-03   3.0737260E-01
   1.5470632E+03   2.9890000E+03   1.4000000E+01   5.3890751E-04   1.0168474E-01
   1.5470674E+03   3.0330000E+03   1.8000000E+01   7.1743553E-04   1.1876433E-01
   1.5470716E+03   2.9370000E+03   2.1000000E+01   9.4788276E-04   1.3024863E-01
   1.5470758E+03   2.9690000E+03   1.8000000E+01   1.4118813E-03   2.3698776E-01
   1.5470800E+03   2.9200000E+03   1.0000000E+01   5.6133905E-04   1.8050254E-01
   1.5470842E+03   3.0200000E+03   1.4000000E+01   8.1476883E-04   1.6980968E-01
   1.5470883E+03   2.8490000E+03   1.5000000E+01   8.9314327E-05   3.1872231E-02
   1.5470925E+03   3.0670000E+03   2.3000000E+01   1.2239594E-03   1.5966540E-01
   1.5470967E+03   2.8840000E+03   1.2000000E+01   6.4191299E-04   1.4777875E-01
   1.5471009E+03   2.9730000E+03   1.0000000E+01   6.0071431E-04   1.4792334E-01
   1.5471051E+03   2.9130000E+03   1.4000000E+01   8.3911352E-04   1.8498487E-01
   1.5471093E+03   2.9670000E+03   2.0000000E+01   6.3346930E-04   8.2748033E-02
   1.5471135E+03   2.8520000E+03   1.6000000E+01   9.6458256E-04   1.7682328E-01
   1.5471177E+03   2.9060000E+03   1.4000000E+01   6.4359269E-04   8.2703097E-02
   1.5471219E+03   2.9920000E+03   1.8000000E+01   1.3271961E-04   2.7569947E-02
   1.5471261E+03   2.9490000E+03   9.0000000E+00   9.2423556E-04   2.0024416E-01
   1.5471303E+03   2.9320000E+03   1.3000000E+01   9.5937325E-05   1.8210585E-02
   1.5471345E+03   2.9640000E+03   1.5000000E+01   8.8287989E-04   1.7237915E-01
   1.5471387E+03   3.0140000E+03   1.2000000E+01   5.7453392E-04   1.6784608E-01
   1.5471429E+03   2.9520000E+03   1.9000000E+01   9.4793567E-05   2.7198071E-02
   1.5471471E+03   3.0380000E+03   2.4000000E+01   9.8910516E-04   9.3555258E-02
   1.5471513E+03   2.9620000E+03   1.1000000E+01   4.4417626E-04   1.6760626E-01
   1.5471555E+03   3.0660000E+03   1.7000000E+01   7.1416304E-04   1.4189086E-01
   1.5471597E+03   2.9240000E+03   1.3000000E+01   6.2979601E-04   1.3046670E-01
   1.5471639E+03   2.9480000E+03   1.5000000E+01   6.1058257E-04   1.1490607E-01
   1.5471681E+03   2.9490000E+03   1.1000000E+01   2.1832952E-04   1.9240440E-02
   1.5471722E+03   2.9700000E+03   2.3000000E+01   2.7200671E-04   2.9395180E-02
   1.5471764E+03   3.0020000E+03   1.8000000E+01   7.3874652E-04   1.3240712E-01
   1.5471806E+03   2.9080000E+03   1.4000000E+01   1.6337745E-04   4.3375154E-02
   1.5471848E+03   2.9390000E+03   1.6000000E+01   9.2132963E-04   1.6366248E-01
   1.5471890E+03   3.0020000E+03   1.9000000E+01   4.6104238E-04   5.5431955E-02
   1.5471932E+03   2.9280000E+03   2.0000000E+01   5.1910082E-04   7.2899502E-02
   1.5471974E+03   3.0890000E+03   1.8000000E+01   9.0392570E-04   1.4629653E-01
   1.5472016E+03   2.9430000E+03   2.0000000E+01   8.0481638E-04   1.1731901E-01
   1.5472058E+03   2.9200000E+03   2.7000000E+01   7.2867413E-04   6.8038283E-02
   1.5472100E+03   2.9890000E+03   2.3000000E+01   6.7634731E-04   8.8319434E-02
   1.5472142E+03   3.0530000E+03   1.8000000E+01   3.5397787E-04   7.1118487E-02
   1.5472184E+03   3.0000000E+03   2.1000000E+01   8.8927927E-04   1.0671019E-01
   1.5472226E+03   3.0490000E+03   2.5000000E+01   6.7979797E-04   9.9532588E-02
   1.5472268E+03   2.9630000E+03   2.1000000E+01   1.4669230E-03   2.0013305E-01
   1.5472310E+03   2.9390000E+03   2.4000000E+01   9.0233764E-04   1.0732141E-01
   1.5472352E+03   2.9870000E+03   2.8000000E+01   1.1392237E-03   1.1873349E-01
   1.5472394E+03   2.9720000E+03   2.8000000E+01   3.7591226E-04   2.8731746E-02
   1.5472436E+03   2.8130000E+03   2.7000000E+01   4.5765812E-04   6.4660829E-02
   1.5472478E+03   3.0170000E+03   1.9000000E+01   2.0174184E-04   5.9586386E-02
   1.5472520E+03   3.0610000E+03   1.8000000E+01   6.0603971E-04   1.0720963E-01
   1.5472561E+03   3.0280000E+03   2.4000000E+01   8.2807098E-04   1.0824513E-01
   1.5472603E+03   2.9710000E+03   3.0000000E+01   1.4868989E-03   1.5118870E-01
   1.5472645E+03   3.0840000E+03   2.1000000E+01   2.6630164E-04   4.7685974E-02
   1.5472687E+03   2.9890000E+03   2.8000000E+01   5.9671571E-04   6.1357820E-02
   1.5472729E+03   2.9200000E+03   2.0000000E+01   1.3431965E-04   3.6268405E-02
   1.5472771E+03   3.0050000E+03   2.0000000E+01   8.7081646E-04   1.0663298E-01
   1.5472813E+03   2.9990000E+03   2.4000000E+01   5.4508092E-04   7.9949555E-02
   1.5472855E+03   2.9140000E+03   2.6000000E+01   5.1214683E-04   4.5511569E-02
   1.5472897E+03   2.9540000E+03   2.3000000E+01   6.5532734E-04   8.5717135E-02
   1.5472939E+03   2.9130000E+03   3.0000000E+01   5.1527017E-04   3.2770547E-02
   1.5472981E+03   2.9900000E+03   3.8000000E+01   4.0966693E-04   3.8142884E-02
   1.5473023E+03   2.9800000E+03   2.8000000E+01   2.2726399E-04   1.3949830E-02
   1.5473065E+03   2.9140000E+03   2.7000000E+01   9.2874071E-04   1.0545895E-01
   1.5473107E+03   2.9590000E+03   2.1000000E+01   3.7483550E-04   4.9911191E-02
   1.5473149E+03   2.9660000E+03   1.7000000E+01   2.9101246E-04   1.3587909E-02
   1.5473191E+03   2.9590000E+03   2.9000000E+01   2.8512984E-04   3.6003725E-02
   1.5473233E+03   3.0060000E+03   2.2000000E+01   9.0739465E-04   1.2235095E-01
   1.5473275E+03   2.9430000E+03   3.0000000E+01   8.2247401E-04   8.3943246E-02
   1.5473317E+03   2.9540000E+03   2.6000000E+01   4.7683479E-04   5.5358851E-02
   1.5473359E+03   3.0180000E+03   2.4000000E+01   5.5878349E-04   9.4068032E-02
   1.5473401E+03   2.9300000E+03   2.1000000E+01   3.2625500E-04   4.4087076E-02
   1.5473442E+03   2.9720000E+03   3.0000000E+01   3.7441026E-04   3.4325167E-02
   1.5473484E+03   3.0450000E+03   2.5000000E+01   1.0577313E-03   1.5104455E-01
   1.5473526E+03   3.0160000E+03   3.1000000E+01   7.0936425E-04   6.5052458E-02
   1.5473568E+03   3.0010000E+03   2.5000000E+01   4.4511688E-04   5.1175077E-02
   1.5473610E+03   2.9780000E+03   2.9000000E+01   4.0852435E-04   5.0643695E-02
   1.5473652E+03   2.9190000E+03   3.1000000E+01   2.0773638E-04   1.3056455E-02
   1.5473694E+03   2.9850000E+03   2.5000000E+01   1.0340503E-03   1.1556605E-01
   1.5473736E+03   3.0170000E+03   3.0000000E+01   1.5867157E-03   1.6214899E-01
   1.5473778E+03   2.9820000E+03   4.0000000E+01   9.6174803E-04   5.6683263E-02
   1.5473820E+03   3.0010000E+03   2.7000000E+01   3.6711745E-04   4.8908196E-02
   1.5473862E+03   2.9880000E+03   3.8000000E+01   4.3585089E-04   3.1475057E-02
   1.5473904E+03   3.0010000E+03   3.8000000E+01   5.8270341E-04   3.2168775E-02
   1.5473946E+03   2.9600000E+03   2.9000000E+01   6.8751312E-04   1.0515157E-01
   1.5473988E+03   3.0540000E+03   2.9000000E+01   5.1569728E-04   6.3751115E-02
   1.5474030E+03   3.0140000E+03   4.8000000E+01   1.3920886E-03   8.0091376E-02
   1.5474072E+03   2.9950000E+03   2.6000000E+01   3.4508830E-04   3.9807582E-02
   1.5474114E+03   3.0710000E+03   2.9000000E+01   6.3438894E-04   8.2958980E-02
   1.5474156E+03   2.9860000E+03   2.9000000E+01   4.0932234E-04   5.7733262E-02
   1.5474198E+03   2.9810000E+03   3.4000000E+01   4.6606776E-04   3.8432640E-02
   1.5474239E+03   2.9720000E+03   2.9000000E+01   6.1302998E-04   8.3280481E-02
   1.5474281E+03   3.0140000E+03   3.4000000E+01   1.2957771E-03   1.2806964E-01
   1.5474323E+03   2.9880000E+03   3.6000000E+01   1.1912779E-03   8.4006123E-02
   1.5474365E+03   3.1240000E+03   3.1000000E+01   3.4543529E-04   3.5213896E-02
   1.5474407E+03   3.0020000E+03   3.5000000E+01   9.6462812E-04   9.3514249E-02
   1.5474449E+03   2.9680000E+03   3.4000000E+01   2.8204374E-04   2.6633743E-02
   1.5474491E+03   3.0400000E+03   3.2000000E+01   2.8958655E-04   2.6106753E-02
   1.5474533E+03   3.0030000E+03   3.6000000E+01   3.4461909E-04   3.0145051E-02
   1.5474575E+03   2.9850000E+03   3.5000000E+01   5.7322581E-04   5.9190144E-02
   1.5474617E+03   3.0120000E+03   3.3000000E+01   2.7888466E-04   2.5503414E-02
   1.5474659E+03   2.9730000E+03   4.2000000E+01   7.9154970E-04   5.8286332E-02
   1.5474701E+03   2.8830000E+03   4.6000000E+01   6.1617028E-04   3.7163620E-02
   1.5474743E+03   3.0660000E+03   2.7000000E+01   1.4342365E-03   1.4848197E-01
   1.5474785E+03   2.9030000E+03   4.0000000E+01   8.3508585E-04   5.1175461E-02
   1.5474827E+03   3.1290000E+03   4.8000000E+01   5.6222102E-04   2.7747233E-02
   1.5474869E+03   2.9350000E+03   4.2000000E+01   7.3221593E-04   5.5630478E-02
   1.5474911E+03   2.8980000E+03   4.9000000E+01   9.4270251E-04   5.1585876E-02
   1.5474953E+03   3.0610000E+03   3.3000000E+01   1.0635600E-03   8.4237771E-02
   1.5474995E+03   3.0190000E+03   4.8000000E+01   7.5683972E-04   5.7878673E-02
   1.5475037E+03   3.0330000E+03   3.9000000E+01   6.6845539E-04   3.4839465E-02
   1.5475078E+03   3.0040000E+03   3.6000000E+01   7.2621837E-04   6.0228154E-02
   1.5475120E+03   2.9390000E+03   4.3000000E+01   1.1865844E-03   7.6426669E-02
   1.5475162E+03   2.9330000E+03   3.1000000E+01   1.0543995E-03   1.0382638E-01
   1.5475204E+03   3.0730000E+03   5.0000000E+01   8.8489774E-04   4.4296633E-02
   1.5475246E+03   3.0650000E+03   5.8000000E+01   1.0531183E-04   1.2025487E-02
   1.5475288E+03   2.9730000E+03   3.1000000E+01   4.0718235E-04   4.4296382E-02
   1.5475330E+03   3.0550000E+03   4.6000000E+01   1.4934872E-03   1.0171498E-01
   1.5475372E+03   2.9740000E+03   4.4000000E+01   9.3687976E-04   6.8452644E-02
   1.5475414E+03   2.9360000E+03   5.3000000E+01   8.3835143E-04   3.9741001E-02
   1.5475456E+03   2.9550000E+03   4.9000000E+01   1.0048035E-03   5.8246289E-02
   1.5475498E+03   3.0960000E+03   6.2000000E+01   8.5374599E-04   4.9781179E-02
   1.5475540E+03   2.9750000E+03   5.2000000E+01   1.5875177E-03   8.3211389E-02
   1.5475582E+03   2.9590000E+03   5.4000000E+01   7.9411099E-04   4.8013132E-02
   1.5475624E+03   2.9480000E+03   4.0000000E+01   6.3171871E-04   4.8883133E-02
   1.5475666E+03   3.0060000E+03   6.0000000E+01   9.6764717E-04   4.1843115E-02
   1.5475708E+03   2.9860000E+03   6.3000000E+01   1.1672029E-03   4.1123357E-02
   1.5475750E+03   3.0270000E+03   6.6000000E+01   5.9463972E-04   2.6417439E-02
   1.5475792E+03   3.0190000E+03   4.4000000E+01   1.5375322E-04   2.1327158E-02
   1.5475834E+03   3.1160000E+03   4.1000000E+01   1.9981819E-04   1.2752223E-02
   1.5475876E+03   2.9440000E+03   5.7000000E+01   1.2432572E-03   6.0213160E-02
   1.5475917E+03   2.9560000E+03   6.9000000E+01   1.6494557E-03   5.8214618E-02
   1.5475959E+03   2.9910000E+03   6.3000000E+01   8.3358151E-04   3.8817398E-02
   1.5476001E+03   2.9150000E+03   5.6000000E+01   1.1292216E-03   5.1371214E-02
   1.5476043E+03   3.0480000E+03   5.9000000E+01   4.9356795E-04   3.2283356E-02
   1.5476085E+03   2.9380000E+03   6.3000000E+01   1.2164047E-03   6.6916898E-02
   1.5476127E+03   3.0390000E+03   6.0000000E+01   5.2822319E-04   1.5467137E-02
   1.5476169E+03   3.0320000E+03   7.1000000E+01   8.4728703E-04   4.3992913E-02
   1.5476211E+03   3.0600000E+03   6.1000000E+01   7.5076112E-04   3.4302667E-02
   1.5476253E+03   2.9830000E+03   6.6000000E+01   1.0346223E-03   5.0197719E-02
   1.5476295E+03   2.9680000E+03   7.0000000E+01   2.0606114E-03   8.2982173E-02
   1.5476337E+03   2.8730000E+03   6.0000000E+01   1.1227049E-03   4.7449546E-02
   1.5476379E+03   2.9920000E+03   7.1000000E+01   6.6016525E-04   5.5476564E-02
   1.5476421E+03   2.9740000E+03   7.0000000E+01   7.7066868E-04   1.9635205E-02
   1.5476463E+03   2.9900000E+03   6.4000000E+01   2.0550170E-03   8.8061780E-02
   1.5476505E+03   3.1270000E+03   6.9000000E+01   2.2157630E-03   9.9234295E-02
   1.5476547E+03   2.9480000E+03   7.4000000E+01   1.4115541E-03   5.1664949E-02
   1.5476589E+03   2.9330000E+03   6.6000000E+01   1.1194070E-03   4.4559198E-02
   1.5476631E+03   3.0050000E+03   6.4000000E+01   1.6482920E-03   7.2937821E-02
   1.5476673E+03   3.0780000E+03   7.0000000E+01   2.3896464E-04   5.4135491E-03
   1.5476715E+03   2.9550000E+03   7.4000000E+01   6.9791323E-04   2.1902056E-02
   1.5476756E+03   2.9860000E+03   7.5000000E+01   3.9922956E-04   1.3228429E-02
   1.5476798E+03   2.9850000E+03   8.6000000E+01   6.2631436E-05   7.0326492E-03
   1.5476840E+03   3.0290000E+03   6.7000000E+01   2.3295058E-04   1.0070322E-02
   1.5476882E+03   2.8880000E+03   9.9000000E+01   1.2614607E-03   3.9583533E-02
   1.5476924E+03   3.0620000E+03   8.6000000E+01   2.0607500E-03   6.6983178E-02
   1.5476966E+03   3.0050000E+03   8.1000000E+01   2.7453810E-04   1.8377708E-02
   1.5477008E+03   2.9850000E+03   8.6000000E+01   1.0740564E-03   3.5674335E-02
   1.5477050E+03   2.9540000E+03   8.5000000E+01   1.2607665E-03   5.2930875E-02
   1.5477092E+03   2.8830000E+03   8.8000000E+01   2.8464049E-03   8.7275017E-02
   1.5477134E+03   2.8840000E+03   8.6000000E+01   7.1140549E-04   2.1750671E-02
   1.5477176E+03   2.9590000E+03   7.6000000E+01   8.9084906E-04   2.6803354E-02
   1.5477218E+03   2.9260000E+03   9.1000000E+01   9.3947056E-04   2.5675591E-02
   1.5477260E+03   2.9180000E+03   9.9000000E+01   1.6114543E-03   4.4930287E-02
   1.5477302E+03   3.0260000E+03   1.0100000E+02   6.8815474E-04   1.5857978E-02
   1.5477344E+03   3.0740000E+03   9.1000000E+01   8.8062046E-04   3.7979696E-02
   1.5477386E+03   2.9380000E+03   9.1000000E+01   8.5494657E-04   1.5441915E-02
   1.5477428E+03   2.8780000E+03   8.3000000E+01   4.9104984E-04   1.6345281E-02
   1.5477470E+03   2.8900000E+03   1.0100000E+02   1.9316650E-03   5.5642630E-02
   1.5477512E+03   2.9550000E+03   1.2200000E+02   3.2013399E-04   5.7388217E-03
   1.5477554E+03   2.8800000E+03   1.0400000E+02   1.3713615E-03   5.4571160E-02
   1.5477595E+03   2.9230000E+03   1.2100000E+02   1.4688388E-03   3.2906911E-02
   1.5477637E+03   2.8980000E+03   1.0700000E+02   1.0665162E-03   3.7460849E-02
   1.5477679E+03   3.0060000E+03   1.3300000E+02   1.5818910E-03   3.7793617E-02
   1.5477721E+03   2.9220000E+03   1.1800000E+02   9.7872867E-04   2.0045488E-02
   1.5477763E+03   2.8640000E+03   1.2900000E+02   1.5387853E-03   2.7085298E-02
   1.5477805E+03   2.8380000E+03   1.3300000E+02   9.8359720E-04   2.3875301E-02
   1.5477847E+03   2.8260000E+03   1.2500000E+02   2.4269261E-03   6.5250435E-02
   1.5477889E+03   2.8990000E+03   1.2300000E+02   1.0403017E-03   3.1195402E-02
   1.5477931E+03   2.8640000E+03   1.3000000E+02   1.6373434E-03   3.3714600E-02
   1.5477973E+03   2.8410000E+03   1.5500000E+02   2.8945548E-03   5.3972039E-02
   1.5478015E+03   2.7670000E+03   1.3300000E+02   2.2315406E-03   5.0755523E-02
   1.5478057E+03   2.8670000E+03   1.4500000E+02   1.5907238E-03   2.9921914E-02
   1.5478099E+03   2.7040000E+03   1.6100000E+02   2.9380497E-03   3.8196286E-02
   1.5478141E+03   2.7740000E+03   1.5600000E+02   3.3054892E-03   5.1444455E-02
   1.5478183E+03   2.7140000E+03   1.6700000E+02   2.7914770E-03   3.9421391E-02
   1.5478225E+03   2.8230000E+03   1.8000000E+02   3.0099355E-03   3.8620989E-02
   1.5478267E+03   2.6210000E+03   1.7900000E+02   4.6007638E-03   6.8933142E-02
   1.5478309E+03   2.6050000E+03   1.8400000E+02   1.3293059E-03   1.6529851E-02
   1.5478351E+03   2.5090000E+03   1.5800000E+02   7.9783971E-04   1.4529007E-02
   1.5478393E+03   2.4340000E+03   1.9000000E+02   2.7492817E-03   3.4434662E-02
   1.5478434E+03   2.3130000E+03   1.8800000E+02   2.1522811E-03   2.3063426E-02
   1.5478476E+03   2.1100000E+03   1.7100000E+02   1.2117534E-03   1.2735583E-02
   1.5478518E+03   1.7980000E+03   1.9800000E+02   1.1362706E-03   9.2735350E-03
   1.5478560E+03   1.5120000E+03   1.8800000E+02   5.6736422E-03   3.5398443E-02
   1.5478602E+03   1.2050000E+03   2.0800000E+02   3.9441460E-03   2.2922567E-02
   1.5478644E+03   8.9400000E+02   2.3000000E+02   2.0596706E-03   1.8867319E-03
   1.5478686E+03   5.7400000E+02   1.8000000E+02   6.4371962E-03   2.0048830E-02
   1.5478728E+03   3.8300000E+02   1.9100000E+02   1.4855360E-03   5.4359151E-03
   1.5478770E+03   2.9000000E+02   2.0300000E+02   1.9700717E-02   3.4193375E-02
   1.5478812E+03   2.1700000E+02   1.8500000E+02   3.0081384E-02   4.2190060E-02
   1.5478854E+03   2.2200000E+02   1.9500000E+02   5.0542002E-03   1.4350098E-02
   1.5478896E+03   2.2900000E+02   2.1500000E+02   1.9121606E-02   1.9717845E-02
   1.5478938E+03   1.9100000E+02   1.7900000E+02   2.6453951E-02   2.9916241E-02
   1.5478980E+03   1.5500000E+02   1.4700000E+02   2.7935261E-02   3.4611942E-02
   1.5479022E+03   1.6400000E+02   1.5100000E+02   1.2136667E-02   1.1495863E-02
   1.5479064E+03   1.7700000E+02   1.6900000E+02   1.4115942E-02   1.5387272E-02
   1.5479106E+03   1.5100000E+02   1.4300000E+02   1.7508335E-02   2.2841648E-02
   1.5479148E+03   1.4100000E+02   1.3300000E+02   4.2801677E-02   3.9830931E-02
   1.5479190E+03   1.4700000E+02   1.4100000E+02   1.6388235E-02   2.1995887E-02
   1.5479232E+03   1.2600000E+02   1.1400000E+02   1.9889544E-02   1.9996387E-02
   1.5479273E+03   1.4000000E+02   1.3300000E+02   2.4422520E-02   1.8703237E-02
   1.5479315E+03   1.1000000E+02   1.0600000E+02   3.0347964E-02   3.0497590E-02
   1.5479357E+03   9.9000000E+01   9.5000000E+01   1.1293171E-02   1.3534721E-02
   1.5479399E+03   9.4000000E+01   9.3000000E+01   6.2324283E-03   9.7090897E-03
   1.5479441E+03   8.6000000E+01   8.2000000E+01   2.0675939E-03   1.0234584E-02
   1.5479483E+03   8.2000000E+01   7.7000000E+01   2.9980577E-02   3.0984749E-02
   1.5479525E+03   9.6000000E+01   9.1000000E+01   3.2294046E-02   3.7991431E-02
   1.5479567E+03   7.7000000E+01   7.7000000E+01   3.8704449E-03   3.8704449E-03
   1.5479609E+03   9.1000000E+01   8.7000000E+01   1.1488090E-02   1.0630339E-02
   1.5479651E+03   7.6000000E+01   7.3000000E+01   2.7901314E-02   3.0491378E-02
   1.5479693E+03   9.1000000E+01   8.7000000E+01   1.0607278E-02   1.5369786E-02
   1.5479735E+03   5.3000000E+01   5.2000000E+01   9.6882252E-02   9.7625868E-02
   1.5479777E+03   5.0000000E+01   4.9000000E+01   3.5096153E-02   3.7894793E-02
   1.5479819E+03   7.4000000E+01   7.3000000E+01   1.6782795E-02   2.3079665E-02
   1.5479861E+03   6.6000000E+01   6.2000000E+01   2.5431792E-02   1.8430379E-02
   1.5479903E+03   5.5000000E+01   5.2000000E+01   2.2073623E-02   2.6171968E-02
   1.5479945E+03   5.8000000E+01   5.6000000E+01   3.6425200E-02   2.9547281E-02
   1.5479987E+03   6.5000000E+01   6.4000000E+01   5.6845973E-02   5.3320697E-02
   1.5480029E+03   3.7000000E+01   3.5000000E+01   8.8805937E-02   7.9546831E-02
   1.5480071E+03   4.8000000E+01   4.4000000E+01   4.1564161E-02   5.8966195E-02
   1.5480113E+03   5.3000000E+01   5.1000000E+01   7.1304737E-02   7.8058788E-02
   1.5480154E+03   4.0000000E+01   4.0000000E+01   1.4755806E-02   1.4755806E-02
   1.5480196E+03   4.0000000E+01   3.8000000E+01   1.6915620E-02   7.3531480E-03
   1.5480238E+03   3.9000000E+01   3.9000000E+01   4.4310137E-02   4.4310137E-02
   1.5480280E+03   3.5000000E+01   3.3000000E+01   3.4874843E-02   3.3021713E-02
   1.5480322E+03   3.8000000E+01   3.6000000E+01   1.2898164E-02   1.8715774E-02
   1.5480364E+03   5.5000000E+01   5.4000000E+01   5.2935458E-03   1.1247861E-02
   1.5480406E+03   4.9000000E+01   4.7000000E+01   4.4648922E-02   4.1070735E-02
   1.5480448E+03   4.5000000E+01   4.5000000E+01   2.4343275E-02   2.4343275E-02
   1.5480490E+03   4.6000000E+01   4.4000000E+01   3.1675741E-03   3.8896412E-03
   1.5480532E+03   3.3000000E+01   3.1000000E+01   4.3024694E-02   6.2907157E-02
   1.5480574E+03   4.9000000E+01   4.7000000E+01   1.6261637E-02   1.7016815E-02
   1.5480616E+03   3.8000000E+01   3.5000000E+01   3.6658338E-02   3.7928601E-02
   1.5480658E+03   3.8000000E+01   3.6000000E+01   7.9558678E-02   7.6413717E-02
   1.5480700E+03   3.2000000E+01   3.2000000E+01   3.5761942E-02   3.5761942E-02
   1.5480742E+03   3.9000000E+01   3.9000000E+01   5.7899605E-02   5.7899605E-02
   1.5480784E+03   3.6000000E+01   3.2000000E+01   1.6273783E-02   1.8689667E-02
   1.5480826E+03   4.7000000E+01   4.5000000E+01   2.2007704E-02   7.2815715E-03
   1.5480868E+03   2.1000000E+01   1.7000000E+01   3.7759372E-02   7.4402220E-02
   1.5480910E+03   4.6000000E+01   4.5000000E+01   3.4545776E-02   4.5732132E-02
   1.5480951E+03   4.1000000E+01   3.8000000E+01   8.4295124E-02   9.9888426E-02
   1.5480993E+03   4.2000000E+01   4.1000000E+01   4.7956695E-02   4.3641127E-02
   1.5481035E+03   3.3000000E+01   3.0000000E+01   7.1123113E-02   5.2079511E-02
   1.5481077E+03   5.6000000E+01   5.0000000E+01   1.6850351E-02   1.8956459E-03
   1.5481119E+03   4.4000000E+01   4.2000000E+01   3.3619530E-02   4.9559453E-02
   1.5481161E+03   4.5000000E+01   4.2000000E+01   5.3948469E-02   6.6991804E-02
   1.5481203E+03   4.9000000E+01   4.2000000E+01   4.6986396E-02   3.7294190E-02
   1.5481245E+03   4.5000000E+01   3.9000000E+01   4.7745338E-03   1.8323748E-02
   1.5481287E+03   4.9000000E+01   4.3000000E+01   4.2564186E-02   3.2441989E-02
   1.5481329E+03   6.7000000E+01   5.9000000E+01   3.8509073E-02   4.5190699E-02
   1.5481371E+03   6.5000000E+01   5.2000000E+01   7.7931984E-03   1.3589172E-02
   1.5481413E+03   7.8000000E+01   6.5000000E+01   5.3128662E-02   4.8130369E-02
   1.5481455E+03   6.9000000E+01   5.6000000E+01   2.0965521E-02   3.4203626E-02
   1.5481497E+03   8.1000000E+01   7.2000000E+01   6.5346376E-02   6.9975500E-02
   1.5481539E+03   9.9000000E+01   8.7000000E+01   3.8896293E-03   4.1355389E-03
   1.5481581E+03   9.2000000E+01   6.5000000E+01   2.2260507E-02   3.9646760E-02
   1.5481623E+03   9.8000000E+01   7.2000000E+01   6.3973236E-02   5.6615589E-02
   1.5481665E+03   1.3100000E+02   1.0100000E+02   1.0345889E-02   1.1928105E-02
   1.5481707E+03   1.3300000E+02   1.0300000E+02   2.9514512E-02   4.4860278E-02
   1.5481749E+03   1.4400000E+02   1.0400000E+02   4.2134354E-02   2.8392514E-02
   1.5481790E+03   1.4700000E+02   1.0900000E+02   2.8841583E-02   3.4539877E-02
   1.5481832E+03   1.8100000E+02   1.4000000E+02   1.5957492E-02   1.6773023E-02
   1.5481874E+03   1.9600000E+02   1.4500000E+02   3.5685982E-03   1.7929371E-02
   1.5481916E+03   2.0600000E+02   1.6000000E+02   9.8107967E-03   4.1834931E-03
   1.5481958E+03   2.6300000E+02   1.9100000E+02   1.7588403E-02   1.2885106E-02
   1.5482000E+03   2.7000000E+02   1.9700000E+02   1.8934587E-02   7.6631572E-03
   1.5482042E+03   3.1700000E+02   2.3500000E+02   1.0927999E-02   1.4757011E-02
   1.5482084E+03   3.1400000E+02   2.4000000E+02   2.7514238E-02   2.5533796E-02
   1.5482126E+03   3.4600000E+02   2.7000000E+02   1.2973838E-02   1.7509362E-02
   1.5482168E+03   3.8700000E+02   2.9600000E+02   3.3681356E-02   4.2228298E-02
   1.5482210E+03   4.7600000E+02   3.5700000E+02   8.7248096E-03   8.1999600E-03
   1.5482252E+03   4.8900000E+02   3.7900000E+02   2.0196075E-03   6.4862075E-03
   1.5482294E+03   5.0400000E+02   3.6200000E+02   8.0192649E-03   6.1862208E-03
   1.5482336E+03   5.9800000E+02   4.4400000E+02   1.3286222E-02   2.6791907E-02
   1.5482378E+03   6.3700000E+02   4.5900000E+02   1.1734143E-02   7.2916814E-03
   1.5482420E+03   7.1000000E+02   5.2500000E+02   2.5187353E-02   2.4218876E-02
   1.5482462E+03   8.1700000E+02   5.9400000E+02   1.5454435E-02   1.3926057E-02
   1.5482504E+03   9.1200000E+02   6.3300000E+02   1.1040269E-02   1.0896874E-02
   1.5482546E+03   9.2600000E+02   6.4100000E+02   8.0586602E-03   1.1651039E-02
   1.5482588E+03   1.0440000E+03   7.4800000E+02   2.4958569E-03   5.0055567E-03
   1.5482629E+03   1.2160000E+03   8.4300000E+02   8.5988986E-03   9.5434405E-03
   1.5482671E+03   1.4140000E+03   9.1200000E+02   2.6226352E-03   2.2979964E-03
   1.5482713E+03   1.5920000E+03   9.9800000E+02   6.5662334E-03   9.3179518E-04
   1.5482755E+03   1.8140000E+03   1.1260000E+03   6.5653159E-03   1.7004454E-03
   1.5482797E+03   2.2600000E+03   1.1820000E+03   8.7364905E-03   1.6970206E-02
   1.5482839E+03   2.9320000E+03   1.2930000E+03   1.5149958E-03   8.2522232E-03
   1.5482881E+03   4.1300000E+03   1.4330000E+03   8.8810810E-03   1.4331413E-02
   1.5482923E+03   5.6220000E+03   1.5870000E+03   4.6636999E-03   4.2082991E-03
   1.5482965E+03   7.5220000E+03   1.7710000E+03   1.0414893E-03   3.9788451E-03
   1.5483007E+03   9.6680000E+03   1.9540000E+03   2.4122510E-03   9.1925162E-03
   1.5483049E+03   1.1676000E+04   2.1220000E+03   3.0838522E-03   7.6852737E-03
   1.5483091E+03   1.3691000E+04   2.4470000E+03   2.4269133E-03   3.9300088E-03
   1.5483133E+03   1.5235000E+04   2.6560000E+03   1.0393430E-03   2.1796353E-03
   1.5483175E+03   1.6119000E+04   2.8980000E+03   1.1523123E-03   7.1686514E-03
   1.5483217E+03   1.6605000E+04   2.9940000E+03   2.0674560E-03   5.0926444E-03
   1.5483259E+03   1.6769000E+04   3.3140000E+03   1.5568267E-03   3.0628228E-03
   1.5483301E+03   1.6687000E+04   3.3670000E+03   1.3379916E-03   3.5393407E-03
   1.5483343E+03   1.6668000E+04   3.7460000E+03   7.2162874E-04   1.3273672E-03
   1.5483385E+03   1.6148000E+04   3.9110000E+03   2.1658049E-03   6.7594881E-03
   1.5483427E+03   1.5375000E+04   3.6900000E+03   3.1303670E-03   6.8427280E-03
   1.5483468E+03   1.4677000E+04   3.8120000E+03   2.8841660E-04   3.1983433E-03
   1.5483510E+03   1.4287000E+04   3.9230000E+03   3.4923519E-03   5.0421924E-03
   1.5483552E+03   1.3366000E+04   3.8670000E+03   2.7579538E-03   5.1953132E-03
   1.5483594E+03   1.2679000E+04   3.7260000E+03   7.7833119E-04   7.6667070E-03
   1.5483636E+03   1.2029000E+04   3.7950000E+03   3.6565982E-03   5.9882365E-03
   1.5483678E+03   1.1291000E+04   3.6330000E+03   2.4467598E-03   7.2207371E-03
   1.5483720E+03   1.0748000E+04   3.5280000E+03   2.6158240E-03   9.1714263E-03
   1.5483762E+03   9.9950000E+03   3.4430000E+03   6.7309384E-04   4.8414434E-03
   1.5483804E+03   9.3220000E+03   3.1870000E+03   3.2001475E-03   9.4013516E-03
   1.5483846E+03   9.1470000E+03   3.2120000E+03   1.0236554E-03   5.8951904E-03
   1.5483888E+03   8.3880000E+03   2.9230000E+03   1.5550516E-03   3.8484353E-03
   1.5483930E+03   8.1600000E+03   3.0070000E+03   9.5095980E-04   3.5523247E-03
   1.5483972E+03   7.7970000E+03   2.8040000E+03   2.9650744E-03   4.6018699E-03
   1.5484014E+03   7.3760000E+03   2.6850000E+03   3.5242265E-03   8.0876174E-03
   1.5484056E+03   6.9040000E+03   2.4760000E+03   1.1533915E-03   6.7786027E-03
   1.5484098E+03   6.6860000E+03   2.3990000E+03   1.9092638E-03   2.7759140E-03
   1.5484140E+03   6.4340000E+03   2.2260000E+03   2.6408741E-03   5.2860734E-03
   1.5484182E+03   6.1360000E+03   2.1670000E+03   1.3937601E-03   4.7083839E-03
   1.5484224E+03   5.9260000E+03   1.9490000E+03   1.3494751E-03   2.7207775E-03
   1.5484266E+03   5.7790000E+03   1.9020000E+03   2.4309280E-03   7.6636504E-03
   1.5484307E+03   5.6040000E+03   1.8370000E+03   1.3290096E-03   4.3474756E-03
   1.5484349E+03   5.3980000E+03   1.6640000E+03   1.5120979E-03   3.4616946E-03
   1.5484391E+03   5.1150000E+03   1.5650000E+03   4.5233408E-03   1.3110508E-02
   1.5484433E+03   4.9960000E+03   1.4550000E+03   2.9844394E-03   8.0801007E-03
   1.5484475E+03   4.8740000E+03   1.4740000E+03   4.0301378E-03   9.6736507E-03
   1.5484517E+03   4.8110000E+03   1.3310000E+03   3.6193694E-03   1.2287164E-02
   1.5484559E+03   4.7480000E+03   1.2670000E+03   6.5732903E-04   4.7893099E-03
   1.5484601E+03   4.4780000E+03   1.1050000E+03   5.5843293E-04   4.5267618E-03
   1.5484643E+03   4.3630000E+03   1.0240000E+03   2.2576019E-03   1.1785826E-02
   1.5484685E+03   4.3430000E+03   1.0100000E+03   1.2608534E-03   5.1759060E-03
   1.5484727E+03   4.1680000E+03   9.8900000E+02   1.5777973E-03   1.1318603E-03
   1.5484769E+03   4.2820000E+03   8.9800000E+02   2.2596060E-03   9.5027546E-03
   1.5484811E+03   4.1260000E+03   9.5400000E+02   3.5596688E-03   1.4334320E-02
   1.5484853E+03   3.9410000E+03   7.9000000E+02   2.7885357E-03   6.6730194E-03
   1.5484895E+03   4.0960000E+03   8.1100000E+02   2.8356067E-03   8.5434318E-03
   1.5484937E+03   3.8470000E+03   6.9900000E+02   9.2323402E-04   7.3699162E-03
   1.5484979E+03   3.9650000E+03   7.2000000E+02   2.5036935E-03   1.5013761E-02
   1.5485021E+03   3.8550000E+03   6.3600000E+02   2.7561210E-03   9.0002743E-03
   1.5485063E+03   3.8480000E+03   6.3900000E+02   1.4036034E-03   2.8468614E-03
   1.5485105E+03   3.6650000E+03   5.3500000E+02   1.0531749E-03   5.1293906E-03
   1.5485146E+03   3.6480000E+03   5.4400000E+02   7.4916033E-04   6.9267147E-03
   1.5485188E+03   3.6410000E+03   5.4700000E+02   2.0788455E-03   1.2132706E-02
   1.5485230E+03   3.7520000E+03   5.5100000E+02   1.4175805E-03   1.1016760E-02
   1.5485272E+03   3.7030000E+03   5.2500000E+02   1.3155848E-03   1.0629102E-02
   1.5485314E+03   3.6680000E+03   4.8400000E+02   1.0628801E-03   6.2552371E-03
   1.5485356E+03   3.5800000E+03   4.7500000E+02   1.7640555E-03   1.1021613E-02
   1.5485398E+03   3.5130000E+03   4.1900000E+02   1.1493948E-03   6.8149633E-03
   1.5485440E+03   3.5350000E+03   4.0200000E+02   3.2618483E-04   9.3592253E-03
   1.5485482E+03   3.4700000E+03   3.9400000E+02   1.2307857E-03   5.4097000E-03
   1.5485524E+03   3.4800000E+03   3.7200000E+02   1.6261417E-03   1.4708850E-02
   1.5485566E+03   3.5780000E+03   3.8100000E+02   2.0396344E-03   1.3400394E-02
   1.5485608E+03   3.4830000E+03   3.6100000E+02   6.7849485E-04   3.4590050E-03
   1.5485650E+03   3.3560000E+03   3.5900000E+02   1.6003391E-04   3.5799374E-03
   1.5485692E+03   3.4510000E+03   3.4000000E+02   2.0600188E-03   2.2291390E-02
   1.5485734E+03   3.3510000E+03   3.0400000E+02   5.7201699E-04   3.5769124E-03
   1.5485776E+03   3.4850000E+03   3.1200000E+02   1.1750518E-03   6.0436618E-03
   1.5485818E+03   3.5060000E+03   3.0400000E+02   7.9042882E-04   1.0460972E-02
   1.5485860E+03   3.4940000E+03   2.9400000E+02   1.2067656E-03   1.2359565E-02
   1.5485902E+03   3.4310000E+03   2.9600000E+02   2.2772306E-03   2.3469341E-02
   1.5485944E+03   3.3230000E+03   2.5500000E+02   1.7656031E-03   1.8119183E-02
   1.5485985E+03   3.3490000E+03   2.3400000E+02   7.6210429E-04   4.7347741E-03
   1.5486027E+03   3.3900000E+03   2.3400000E+02   9.3237081E-04   1.2486332E-02
   1.5486069E+03   3.3160000E+03   2.2200000E+02   1.7302778E-04   4.5646055E-03
   1.5486111E+03   3.3600000E+03   2.3700000E+02   1.6551889E-03   2.2106785E-02
   1.5486153E+03   3.2820000E+03   2.4600000E+02   6.0005471E-04   1.0016415E-02
   1.5486195E+03   3.2390000E+03   1.8900000E+02   1.5773969E-04   1.0736080E-02
   1.5486237E+03   3.2860000E+03   1.9900000E+02   5.9703439E-04   8.4836453E-03
   1.5486279E+03   3.2570000E+03   1.7600000E+02   7.0984313E-04   1.1098070E-02
   1.5486321E+03   3.2950000E+03   1.8400000E+02   1.5322814E-03   2.1195332E-02
   1.5486363E+03   3.2970000E+03   1.6200000E+02   8.8330304E-04   1.3887692E-02
   1.5486405E+03   3.2950000E+03   1.8000000E+02   1.0032820E-03   1.5663695E-02
   1.5486447E+03   3.2640000E+03   1.5800000E+02   8.9965141E-05   4.0574980E-03
   1.5486489E+03   3.2150000E+03   1.3500000E+02   2.9581332E-04   4.0231843E-03
   1.5486531E+03   3.1790000E+03   1.5300000E+02   9.1310013E-04   1.5743318E-02
   1.5486573E+03   3.1690000E+03   1.4500000E+02   4.0916477E-04   8.6373467E-03
   1.5486615E+03   3.3530000E+03   1.4600000E+02   1.1700078E-03   2.8640330E-02
   1.5486657E+03   3.2340000E+03   1.3900000E+02   1.1536878E-03   2.5332130E-02
   1.5486699E+03   3.1790000E+03   1.2400000E+02   1.5351550E-04   3.3744819E-03
   1.5486741E+03   3.2320000E+03   1.0500000E+02   8.5342683E-04   2.6040658E-02
   1.5486783E+03   3.2560000E+03   1.3100000E+02   5.9348816E-04   1.6377638E-02
   1.5486825E+03   3.1390000E+03   1.1100000E+02   4.7392615E-04   1.3503130E-02
   1.5486866E+03   3.2270000E+03   1.2700000E+02   3.3997714E-04   1.0189365E-02
   1.5486908E+03   3.1700000E+03   9.5000000E+01   6.0774835E-04   1.7067870E-02
   1.5486950E+03   3.2080000E+03   1.1900000E+02   1.7922367E-04   8.1811428E-03
   1.5486992E+03   3.1370000E+03   9.7000000E+01   6.1366604E-04   1.8005307E-02
   1.5487034E+03   3.2650000E+03   1.0100000E+02   5.3443885E-04   1.8414753E-02
   1.5487076E+03   3.2770000E+03   9.4000000E+01   3.3863283E-04   1.3751313E-02
   1.5487118E+03   3.2910000E+03   8.8000000E+01   4.0324434E-04   1.6303502E-02
   1.5487160E+03   3.2490000E+03   9.4000000E+01   4.6681479E-04   1.4595224E-02
   1.5487202E+03   3.1740000E+03   9.0000000E+01   3.1604332E-04   1.0273123E-02
   1.5487244E+03   3.1560000E+03   9.3000000E+01   3.4811009E-04   1.3059307E-02
   1.5487286E+03   3.2320000E+03   8.7000000E+01   3.0014380E-04   7.5292098E-03
   1.5487328E+03   3.1260000E+03   7.5000000E+01   6.5749715E-04   2.6249259E-02
   1.5487370E+03   3.1630000E+03   7.1000000E+01   1.4893852E-04   6.1164364E-03
   1.5487412E+03   3.2560000E+03   7.8000000E+01   2.0626415E-04   9.1243023E-03
   1.5487454E+03   3.1990000E+03   6.9000000E+01   3.8744265E-04   1.4490951E-02
   1.5487496E+03   3.1630000E+03   7.1000000E+01   4.5153749E-04   2.0142236E-02
   1.5487538E+03   3.0800000E+03   7.4000000E+01   3.3896506E-04   1.6468970E-02
   1.5487580E+03   3.1550000E+03   7.3000000E+01   6.3881588E-04   2.6769540E-02
   1.5487622E+03   3.1960000E+03   8.7000000E+01   2.5177685E-04   1.0642473E-02
   1.5487663E+03   3.2090000E+03   6.2000000E+01   6.3830532E-05   6.0279786E-03
   1.5487705E+03   3.2820000E+03   6.5000000E+01   1.7534115E-04   9.4494362E-03
   1.5487747E+03   3.1690000E+03   5.8000000E+01   3.8340939E-04   2.2992875E-02
   1.5487789E+03   3.2320000E+03   6.2000000E+01   3.5864906E-04   1.7682296E-02
   1.5487831E+03   3.1130000E+03   6.2000000E+01   4.0473642E-05   5.8589067E-03
   1.5487873E+03   3.1150000E+03   5.8000000E+01   1.9227625E-05   4.8408129E-03
   1.5487915E+03   3.2070000E+03   7.5000000E+01   2.8524208E-04   1.2641336E-02
   1.5487957E+03   3.2150000E+03   6.1000000E+01   1.0247604E-04   4.2635844E-03
   1.5487999E+03   3.2060000E+03   6.8000000E+01   1.9911490E-04   1.0711285E-02
   1.5488041E+03   3.3910000E+03   5.8000000E+01   1.8513881E-04   1.3029471E-02
   1.5488083E+03   3.1470000E+03   5.8000000E+01   3.0950684E-04   1.6302687E-02
   1.5488125E+03   3.1930000E+03   5.6000000E+01   2.0688354E-04   1.4207856E-02
   1.5488167E+03   3.1190000E+03   5.7000000E+01   4.0713004E-04   1.8506400E-02
   1.5488209E+03   3.2270000E+03   5.7000000E+01   1.9877496E-04   1.1241744E-02
   1.5488251E+03   3.2200000E+03   5.0000000E+01   7.3442744E-05   1.5122552E-03
   1.5488293E+03   3.1680000E+03   5.1000000E+01   3.9203476E-04   2.4378250E-02
   1.5488335E+03   3.2370000E+03   5.9000000E+01   1.7262268E-04   9.2698690E-03
   1.5488377E+03   3.0980000E+03   5.8000000E+01   1.2639918E-04   6.3988333E-03
   1.5488419E+03   3.1640000E+03   4.1000000E+01   1.1578497E-04   7.8469416E-03
   1.5488461E+03   3.1880000E+03   4.8000000E+01   2.9874082E-04   1.9392503E-02
   1.5488502E+03   3.2680000E+03   5.8000000E+01   1.8611545E-04   9.7682139E-03
   1.5488544E+03   3.1720000E+03   5.6000000E+01   4.1820205E-04   2.2629968E-02
   1.5488586E+03   3.2040000E+03   4.7000000E+01   2.6314459E-04   1.1236167E-02
   1.5488628E+03   3.1720000E+03   5.4000000E+01   3.2185684E-04   1.9410910E-02
   1.5488670E+03   3.1790000E+03   5.1000000E+01   1.9396897E-04   1.1760642E-02
   1.5488712E+03   3.1770000E+03   4.3000000E+01   1.3566674E-04   1.0581463E-02
   1.5488754E+03   3.1640000E+03   4.1000000E+01   8.6516394E-05   1.0472145E-02
   1.5488796E+03   3.1180000E+03   4.9000000E+01   6.5341914E-05   4.8308878E-03
   1.5488838E+03   3.1500000E+03   4.1000000E+01   2.1840559E-04   1.7261617E-02
   1.5488880E+03   3.1500000E+03   4.7000000E+01   3.2144353E-05   2.4691916E-03
   1.5488922E+03   3.0820000E+03   5.0000000E+01   6.5705425E-05   2.3812161E-03
   1.5488964E+03   3.1830000E+03   4.1000000E+01   7.9197120E-05   7.5596286E-03
   1.5489006E+03   3.1610000E+03   5.2000000E+01   1.3412125E-04   9.6560060E-03
   1.5489048E+03   3.2190000E+03   4.0000000E+01   4.8490905E-05   4.5918023E-03
   1.5489090E+03   3.2140000E+03   4.4000000E+01   5.9715730E-05   2.2904793E-03
   1.5489132E+03   3.1240000E+03   4.6000000E+01   8.0059204E-05   9.0024735E-03
   1.5489174E+03   3.0940000E+03   3.5000000E+01   1.6939330E-04   1.3790748E-02
   1.5489216E+03   3.2460000E+03   3.2000000E+01   1.1421122E-05   4.7877999E-03
   1.5489258E+03   3.1750000E+03   2.8000000E+01   2.1414415E-04   2.6324818E-02
   1.5489300E+03   3.1630000E+03   4.1000000E+01   7.4903317E-05   7.1676297E-03
   1.5489341E+03   3.0970000E+03   4.4000000E+01   3.9514995E-05   3.4335753E-03
   1.5489383E+03   3.2920000E+03   4.7000000E+01   1.8415269E-05   1.1577127E-03
   1.5489425E+03   3.0770000E+03   3.1000000E+01   4.2606156E-05   5.1850159E-03
   1.5489467E+03   3.1310000E+03   3.9000000E+01   3.9103314E-05   2.0443157E-03
   1.5489509E+03   3.1360000E+03   3.2000000E+01   3.9727348E-05   3.3478747E-03
   1.5489551E+03   3.1810000E+03   4.3000000E+01   5.7918202E-05   4.1729713E-03
   1.5489593E+03   3.0640000E+03   4.4000000E+01   8.2924681E-05   5.3744808E-03
   1.5489635E+03   3.1460000E+03   3.1000000E+01   4.9928694E-05   5.9070778E-03
   1.5489677E+03   3.0740000E+03   3.4000000E+01   9.6160155E-05   9.4882766E-03
   1.5489719E+03   3.1710000E+03   4.9000000E+01   1.0109111E-04   8.1295581E-03
   1.5489761E+03   3.1440000E+03   2.5000000E+01   9.2277435E-05   1.1386120E-02
   1.5489803E+03   3.2040000E+03   5.2000000E+01   1.3248506E-04   6.7223409E-03
   1.5489845E+03   3.1980000E+03   3.0000000E+01   9.1567286E-05   1.1106896E-02
   1.5489887E+03   3.2250000E+03   2.9000000E+01   5.3151430E-05   4.1149226E-03
   1.5489929E+03   3.1430000E+03   4.6000000E+01   4.6910605E-05   2.6467365E-03
   1.5489971E+03   3.1520000E+03   4.6000000E+01   4.6101496E-05   3.1484247E-03
   1.5490013E+03   3.0420000E+03   3.6000000E+01   3.5766972E-05   3.9952947E-03
   1.5490055E+03   3.1590000E+03   2.8000000E+01   4.6081229E-05   6.1942965E-03
   1.5490097E+03   3.2080000E+03   4.3000000E+01   2.2106849E-05   1.6273341E-03
   1.5490139E+03   3.1200000E+03   3.8000000E+01   5.3047216E-05   3.7688191E-03
   1.5490180E+03   3.1500000E+03   3.6000000E+01   7.8859626E-05   5.7771341E-03
   1.5490222E+03   3.1350000E+03   4.3000000E+01   1.7155402E-05   1.9725746E-03
   1.5490264E+03   3.2170000E+03   3.4000000E+01   6.0328482E-05   3.6121019E-03
   1.5490306E+03   3.2270000E+03   3.7000000E+01   3.5770325E-05   3.3492139E-03
   1.5490348E+03   3.1750000E+03   3.1000000E+01   7.7519719E-05   7.5993305E-03
   1.5490390E+03   3.1730000E+03   2.4000000E+01   9.0243326E-05   1.2143359E-02
   1.5490432E+03   3.1260000E+03   3.2000000E+01   3.1940742E-05   4.3745012E-03
   1.5490474E+03   3.1660000E+03   3.4000000E+01   7.3015359E-05   4.8090134E-03
   1.5490516E+03   3.1510000E+03   3.2000000E+01   1.3805817E-05   1.5742413E-03
   1.5490558E+03   3.1920000E+03   2.6000000E+01   1.6917898E-05   2.0988386E-03
   1.5490600E+03   3.2260000E+03   2.8000000E+01   6.8806766E-06   6.4275858E-04
   1.5490642E+03   3.2090000E+03   3.6000000E+01   3.1743586E-05   2.8535138E-03
   1.5490684E+03   3.0740000E+03   3.0000000E+01   2.3922083E-05   1.7596846E-03
   1.5490726E+03   3.1910000E+03   2.0000000E+01   5.7216666E-05   8.2235094E-03
   1.5490768E+03   3.1590000E+03   3.2000000E+01   3.9156221E-05   4.1208395E-03
   1.5490810E+03   3.1330000E+03   3.1000000E+01   4.7534244E-05   4.4201482E-03
   1.5490852E+03   3.1210000E+03   3.1000000E+01   3.7453361E-05   2.4491291E-03
   1.5490894E+03   3.1860000E+03   3.0000000E+01   3.5497822E-05   4.0556339E-03
   1.5490936E+03   3.1460000E+03   3.5000000E+01   5.4684606E-05   4.9433639E-03
   1.5490978E+03   3.1660000E+03   4.1000000E+01   8.6884331E-05   5.9448302E-03
   1.5491019E+03   3.1930000E+03   3.1000000E+01   8.3658864E-05   7.8891872E-03
   1.5491061E+03   3.1390000E+03   2.6000000E+01   7.6268941E-05   8.1633300E-03
   1.5491103E+03   3.1930000E+03   2.7000000E+01   9.5994273E-05   1.0547210E-02
   1.5491145E+03   3.2190000E+03   2.3000000E+01   8.8261618E-05   7.5493260E-03
   1.5491187E+03   3.1520000E+03   2.7000000E+01   9.8171227E-05   1.1544538E-02
   1.5491229E+03   3.1620000E+03   2.3000000E+01   1.6341852E-04   2.1974621E-02
   1.5491271E+03   3.1130000E+03   2.4000000E+01   8.6097912E-05   9.0084984E-03
   1.5491313E+03   3.0660000E+03   2.7000000E+01   5.8698220E-05   7.6721951E-03
   1.5491355E+03   3.1350000E+03   2.6000000E+01   4.5784813E-05   7.2178377E-03
   1.5491397E+03   3.1590000E+03   2.5000000E+01   1.5149033E-04   1.8493211E-02
   1.5491439E+03   3.1930000E+03   2.3000000E+01   4.9617851E-05   5.1556784E-03
   1.5491481E+03   3.2760000E+03   3.7000000E+01   7.0905451E-05   4.8279148E-03
   1.5491523E+03   3.1390000E+03   2.8000000E+01   1.5717177E-04   1.6079170E-02
   1.5491565E+03   3.1570000E+03   2.6000000E+01   1.8632041E-04   1.7907646E-02
   1.5491607E+03   3.1690000E+03   2.7000000E+01   1.3497005E-05   1.8363846E-03
   1.5491649E+03   3.0900000E+03   1.8000000E+01   1.7063411E-04   3.0586668E-02
   1.5491691E+03   3.2250000E+03   3.6000000E+01   1.4626325E-04   1.2620575E-02
   1.5491733E+03   3.1390000E+03   2.4000000E+01   2.0465859E-05   2.7787626E-03
   1.5491775E+03   3.1450000E+03   3.5000000E+01   7.4679068E-05   7.4682689E-03
   1.5491817E+03   3.1110000E+03   3.4000000E+01   2.6294221E-05   1.0835942E-03
   1.5491858E+03   3.1180000E+03   2.5000000E+01   7.7449981E-05   9.7964257E-03
   1.5491900E+03   3.1240000E+03   2.4000000E+01   1.1525894E-04   1.4501725E-02
   1.5491942E+03   3.2920000E+03   2.4000000E+01   1.3064258E-04   1.3956119E-02
   1.5491984E+03   3.1370000E+03   2.5000000E+01   5.9061922E-05   7.1859309E-03
   1.5492026E+03   3.1330000E+03   2.4000000E+01   8.4924650E-05   1.0239514E-02
   1.5492068E+03   3.0390000E+03   3.5000000E+01   7.4988764E-05   7.6760200E-03
   1.5492110E+03   3.2020000E+03   2.4000000E+01   2.2779762E-04   2.8222807E-02
   1.5492152E+03   3.2050000E+03   2.4000000E+01   1.3179303E-04   1.4966848E-02
   1.5492194E+03   3.0980000E+03   2.5000000E+01   1.3869756E-04   1.5900984E-02
   1.5492236E+03   3.1460000E+03   2.2000000E+01   7.5602963E-05   1.4599207E-02
   1.5492278E+03   3.1910000E+03   3.2000000E+01   1.4424398E-04   1.4091975E-02
   1.5492320E+03   3.2060000E+03   2.0000000E+01   1.0058328E-04   1.9354147E-02
   1.5492362E+03   3.1530000E+03   1.9000000E+01   1.5575351E-04   2.6694736E-02
   1.5492404E+03   3.1780000E+03   2.5000000E+01   1.8882806E-04   2.4034912E-02
   1.5492446E+03   3.1370000E+03   2.4000000E+01   1.5183622E-04   2.1629749E-02
   1.5492488E+03   3.2230000E+03   2.2000000E+01   1.1369518E-04   1.6536915E-02
   1.5492530E+03   3.1020000E+03   2.5000000E+01   1.1275192E-04   1.4107976E-02
   1.5492572E+03   3.1300000E+03   2.1000000E+01   1.6942815E-04   2.4601925E-02
   1.5492614E+03   3.1470000E+03   1.9000000E+01   9.2582975E-05   1.5320389E-02
   1.5492656E+03   3.2610000E+03   2.2000000E+01   1.4833387E-04   1.9481258E-02
   1.5492697E+03   3.1530000E+03   2.9000000E+01   3.4817856E-04   3.4049688E-02
   1.5492739E+03   3.1800000E+03   2.2000000E+01   5.8064548E-05   5.4513946E-03
   1.5492781E+03   3.1640000E+03   3.5000000E+01   1.5558682E-04   1.4823536E-02
   1.5492823E+03   3.2040000E+03   2.9000000E+01   9.8445954E-05   7.3750344E-03
   1.5492865E+03   3.1260000E+03   2.9000000E+01   8.5087156E-05   8.1292000E-03
   1.5492907E+03   3.0660000E+03   2.2000000E+01   1.1365228E-04   1.9460296E-02
   1.5492949E+03   3.1370000E+03   1.8000000E+01   2.4044459E-04   3.9633980E-02
   1.5492991E+03   3.0770000E+03   1.9000000E+01   1.0497568E-04   1.8832041E-02
   1.5493033E+03   3.1700000E+03   3.0000000E+01   1.5121981E-04   1.6539268E-02
   1.5493075E+03   3.0870000E+03   2.5000000E+01   1.3004388E-04   1.5796594E-02
   1.5493117E+03   3.2090000E+03   2.1000000E+01   2.0709007E-04   2.6142791E-02
   1.5493159E+03   3.1450000E+03   2.3000000E+01   1.2918817E-04   2.5094723E-02
   1.5493201E+03   3.1870000E+03   2.8000000E+01   1.3561151E-04   1.1545764E-02
   1.5493243E+03   3.0970000E+03   1.9000000E+01   6.4788575E-05   4.4529893E-03
   1.5493285E+03   3.1730000E+03   1.7000000E+01   2.1088477E-04   4.0521735E-02
   1.5493327E+03   3.0600000E+03   2.7000000E+01   6.0184767E-05   4.8140336E-03
   1.5493369E+03   3.1460000E+03   2.4000000E+01   1.3684316E-04   1.5878251E-02
   1.5493411E+03   3.0920000E+03   1.7000000E+01   3.2579743E-04   5.4348058E-02
   1.5493453E+03   3.1850000E+03   2.5000000E+01   6.6266304E-05   8.4423272E-03
   1.5493495E+03   3.2410000E+03   1.7000000E+01   2.1281304E-04   4.0718638E-02
   1.5493537E+03   3.2160000E+03   1.8000000E+01   2.2081073E-04   4.1644677E-02
   1.5493578E+03   3.1160000E+03   1.7000000E+01   1.7731465E-04   3.4410631E-02
   1.5493620E+03   3.1310000E+03   2.3000000E+01   1.1788302E-04   1.6299323E-02
   1.5493662E+03   3.0790000E+03   2.4000000E+01   2.4562571E-04   3.3926952E-02
   1.5493704E+03   3.2020000E+03   2.0000000E+01   1.4906641E-04   1.4047445E-02
   1.5493746E+03   3.1280000E+03   1.8000000E+01   2.9462716E-04   4.5032953E-02
   1.5493788E+03   3.2160000E+03   2.0000000E+01   2.0337619E-04   2.8672728E-02
   1.5493830E+03   3.1490000E+03   2.3000000E+01   2.5743262E-05   1.5044661E-02
   1.5493872E+03   3.0480000E+03   1.5000000E+01   1.8641551E-04   3.6502911E-02
   1.5493914E+03   3.1730000E+03   1.7000000E+01   4.9116631E-05   1.0493512E-02
   1.5493956E+03   3.2170000E+03   2.5000000E+01   1.6949458E-04   2.0208244E-02
   1.5493998E+03   3.1610000E+03   2.4000000E+01   2.5909739E-04   3.4118023E-02
   1.5494040E+03   3.1180000E+03   1.6000000E+01   7.3612793E-05   2.0791791E-02
   1.5494082E+03   3.1280000E+03   2.0000000E+01   1.3661451E-04   3.8483704E-02
   1.5494124E+03   3.2110000E+03   1.5000000E+01   3.8515045E-05   1.8717685E-02
   1.5494166E+03   3.1040000E+03   1.9000000E+01   3.7494527E-04   6.2889742E-02
   1.5494208E+03   3.1220000E+03   1.8000000E+01   1.6075993E-04   2.5449990E-02
   1.5494250E+03   3.1450000E+03   2.7000000E+01   2.7374086E-04   2.9220542E-02
   1.5494292E+03   3.1790000E+03   1.6000000E+01   3.0768187E-04   4.7491636E-02
   1.5494334E+03   3.1660000E+03   1.8000000E+01   2.3679902E-04   4.2271333E-02
   1.5494375E+03   3.0280000E+03   1.2000000E+01   3.1920928E-04   7.3867558E-02
   1.5494417E+03   3.0340000E+03   2.2000000E+01   1.7617182E-04   2.5246166E-02
   1.5494459E+03   3.1990000E+03   2.0000000E+01   6.2126120E-04   8.8155108E-02
   1.5494501E+03   3.2370000E+03   1.8000000E+01   3.1391117E-04   5.0780349E-02
   1.5494543E+03   3.0870000E+03   3.0000000E+01   2.3236481E-04   2.2781471E-02
   1.5494585E+03   3.0870000E+03   1.6000000E+01   1.1764236E-04   3.4016282E-02
   1.5494627E+03   3.1290000E+03   1.4000000E+01   1.4431925E-04   2.2214854E-02
   1.5494669E+03   3.0700000E+03   2.0000000E+01   4.8566840E-05   1.1165432E-02
   1.5494711E+03   3.1560000E+03   1.4000000E+01   3.0335375E-04   7.7830540E-02
   1.5494753E+03   3.1050000E+03   2.0000000E+01   4.0316782E-04   5.6919531E-02
   1.5494795E+03   3.1290000E+03   1.5000000E+01   1.5170008E-04   1.7321463E-02
   1.5494837E+03   3.1360000E+03   1.7000000E+01   7.1210161E-05   1.2278710E-02
   1.5494879E+03   3.1290000E+03   1.6000000E+01   3.2858135E-04   6.0208726E-02
   1.5494921E+03   3.0370000E+03   1.1000000E+01   1.9808436E-04   5.8939828E-02
   1.5494963E+03   3.1890000E+03   2.1000000E+01   1.2995724E-04   2.4205629E-02
   1.5495005E+03   3.0910000E+03   1.6000000E+01   2.9822416E-04   3.4064959E-02
   1.5495047E+03   3.0850000E+03   1.8000000E+01   3.1502336E-04   5.2591439E-02
   1.5495089E+03   3.1700000E+03   2.7000000E+01   2.6482833E-04   3.1092808E-02
   1.5495131E+03   3.1510000E+03   1.6000000E+01   3.6862613E-04   6.7774983E-02
   1.5495173E+03   3.1070000E+03   1.9000000E+01   1.3923063E-04   2.8008788E-02
   1.5495214E+03   3.1180000E+03   1.6000000E+01   2.8114360E-04   5.4787859E-02
   1.5495256E+03   3.1170000E+03   1.9000000E+01   3.1051328E-04   5.4369338E-02
   1.5495298E+03   3.0870000E+03   1.7000000E+01   3.5182764E-04   6.1881297E-02
   1.5495340E+03   3.1450000E+03   1.6000000E+01   2.5452218E-04   5.0483208E-02
   1.5495382E+03   3.0930000E+03   8.0000000E+00   2.2261142E-04   9.4135686E-02
   1.5495424E+03   3.2250000E+03   2.4000000E+01   1.8753060E-04   2.7306083E-02
   1.5495466E+03   3.1050000E+03   2.0000000E+01   4.8298637E-04   8.0125828E-02
   1.5495508E+03   3.0900000E+03   2.4000000E+01   2.4008713E-04   3.6767532E-02
   1.5495550E+03   3.1310000E+03   1.7000000E+01   3.8588650E-04   6.5072049E-02
   1.5495592E+03   3.1210000E+03   2.6000000E+01   2.0319624E-04   1.7727693E-02
   1.5495634E+03   3.1470000E+03   2.3000000E+01   4.0081937E-04   3.6533723E-02
   1.5495676E+03   3.2060000E+03   1.4000000E+01   2.8953174E-04   6.9994712E-02
   1.5495718E+03   3.1690000E+03   1.2000000E+01   1.9034213E-04   5.1384802E-02
   1.5495760E+03   3.1880000E+03   2.3000000E+01   4.3138810E-04   5.3682736E-02
   1.5495802E+03   3.0080000E+03   2.1000000E+01   2.0837526E-04   1.7756343E-02
   1.5495844E+03   3.0640000E+03   2.3000000E+01   8.3685304E-05   1.1593889E-02
   1.5495886E+03   3.2220000E+03   1.8000000E+01   1.4046637E-04   3.5520384E-02
   1.5495928E+03   3.0580000E+03   1.5000000E+01   4.2521077E-04   7.8200467E-02
   1.5495970E+03   3.1900000E+03   1.6000000E+01   3.0470683E-04   6.3382930E-02
   1.5496012E+03   3.1310000E+03   1.7000000E+01   3.6066377E-04   6.7773122E-02
   1.5496053E+03   3.1290000E+03   1.4000000E+01   1.7641744E-04   5.4975074E-02
   1.5496095E+03   3.0870000E+03   1.0000000E+01   1.7969117E-04   2.9196526E-02
   1.5496137E+03   3.0770000E+03   2.3000000E+01   2.4447664E-04   2.2469270E-02
   1.5496179E+03   3.1780000E+03   1.6000000E+01   3.8992772E-04   8.1618575E-02
   1.5496221E+03   3.1760000E+03   2.0000000E+01   2.3486577E-04   3.5544892E-02
   1.5496263E+03   3.0840000E+03   1.3000000E+01   3.5160694E-04   8.6538517E-02
   1.5496305E+03   3.1540000E+03   2.0000000E+01   3.9653459E-04   6.0596578E-02
   1.5496347E+03   3.1590000E+03   2.3000000E+01   4.0437752E-04   5.3525693E-02
   1.5496389E+03   3.1320000E+03   2.1000000E+01   1.3961150E-04   1.9241189E-02
   1.5496431E+03   3.0740000E+03   1.3000000E+01   2.8203426E-04   8.0304009E-02
   1.5496473E+03   3.0280000E+03   2.6000000E+01   2.4824167E-04   2.8910607E-02
   1.5496515E+03   3.1410000E+03   2.4000000E+01   4.5622764E-04   5.4655336E-02
   1.5496557E+03   3.0810000E+03   1.5000000E+01   3.8659095E-04   8.1751549E-02
   1.5496599E+03   3.0020000E+03   2.0000000E+01   2.8004704E-04   4.1066518E-02
   1.5496641E+03   3.1170000E+03   1.7000000E+01   5.0231849E-04   9.3103241E-02
   1.5496683E+03   3.0700000E+03   1.7000000E+01   1.6919607E-04   6.6238575E-02
   1.5496725E+03   3.1140000E+03   2.5000000E+01   1.6923028E-04   1.3752828E-02
   1.5496767E+03   3.1340000E+03   1.2000000E+01   3.0370135E-04   7.2068538E-02
   1.5496809E+03   3.1510000E+03   2.1000000E+01   2.7658581E-04   4.5575624E-02
   1.5496851E+03   3.2070000E+03   1.4000000E+01   5.7234459E-04   1.2760741E-01
   1.5496892E+03   3.1330000E+03   1.4000000E+01   3.5086715E-04   7.2712105E-02
   1.5496934E+03   3.1700000E+03   2.0000000E+01   1.6457303E-04   3.0710115E-02
   1.5496976E+03   3.1880000E+03   1.8000000E+01   5.8961800E-04   8.6422416E-02
   1.5497018E+03   3.1280000E+03   9.0000000E+00   2.9885148E-04   1.0548172E-01
   1.5497060E+03   3.1010000E+03   1.3000000E+01   3.6161242E-04   8.8191704E-02
   1.5497102E+03   3.1330000E+03   2.8000000E+01   8.3735642E-05   2.1335553E-02
   1.5497144E+03   3.0740000E+03   1.5000000E+01   2.2953023E-04   4.8549083E-02
   1.5497186E+03   3.1580000E+03   1.4000000E+01   4.9788546E-04   5.0690096E-02
   1.5497228E+03   3.2440000E+03   1.2000000E+01   5.4955146E-04   1.4831956E-01
   1.5497270E+03   3.1450000E+03   2.3000000E+01   7.3670328E-05   9.1399556E-03
   1.5497312E+03   3.1890000E+03   6.0000000E+00   3.9613663E-04   1.4931718E-01
   1.5497354E+03   3.1530000E+03   2.4000000E+01   3.7156390E-04   4.4325729E-02
   1.5497396E+03   3.0100000E+03   2.5000000E+01   1.4222330E-04   1.7546974E-02
   1.5497438E+03   3.0680000E+03   1.8000000E+01   3.4298187E-04   4.5495038E-02
   1.5497480E+03   3.1450000E+03   2.3000000E+01   1.0479795E-04   1.5578033E-02
   1.5497522E+03   3.1320000E+03   1.3000000E+01   2.8689844E-05   2.9570413E-02
   1.5497564E+03   3.1680000E+03   1.8000000E+01   4.8436806E-05   7.1085440E-03
   1.5497606E+03   3.1010000E+03   2.2000000E+01   6.1110723E-04   7.8874954E-02
   1.5497648E+03   3.0110000E+03   2.1000000E+01   3.6028661E-04   4.8127232E-02
   1.5497690E+03   3.1480000E+03   2.3000000E+01   1.0711812E-04   1.7120779E-02
   1.5497731E+03   3.1950000E+03   1.5000000E+01   3.5487551E-04   7.7459423E-02
   1.5497773E+03   3.0910000E+03   1.7000000E+01   5.1597196E-04   1.0707906E-01
   1.5497815E+03   3.0650000E+03   2.3000000E+01   6.7968595E-05   2.2205133E-02
   1.5497857E+03   3.0230000E+03   1.3000000E+01   2.0520217E-04   5.5641116E-02
   1.5497899E+03   3.0220000E+03   1.6000000E+01   2.7382934E-04   6.3788480E-02
   1.5497941E+03   3.0270000E+03   1.3000000E+01   3.1390570E-04   7.1072605E-02
   1.5497983E+03   3.1780000E+03   2.4000000E+01   3.0144893E-04   4.3623970E-02
   1.5498025E+03   3.1800000E+03   1.7000000E+01   4.8374801E-04   7.1566294E-02
   1.5498067E+03   3.0860000E+03   3.1000000E+01   3.0234666E-04   2.1797126E-02
   1.5498109E+03   3.0580000E+03   1.4000000E+01   2.8772278E-04   6.6697885E-02
   1.5498151E+03   3.1380000E+03   1.2000000E+01   7.2894036E-05   3.3478111E-02
   1.5498193E+03   3.0940000E+03   1.7000000E+01   3.7646103E-04   6.4472432E-02
   1.5498235E+03   3.0800000E+03   3.0000000E+01   1.8654024E-04   2.1511921E-02
   1.5498277E+03   3.1320000E+03   1.9000000E+01   3.9668622E-04   6.4548737E-02
   1.5498319E+03   3.0970000E+03   1.4000000E+01   4.2495082E-04   1.0562801E-01
   1.5498361E+03   3.1690000E+03   3.1000000E+01   3.2204575E-04   3.2404129E-02
   1.5498403E+03   3.1440000E+03   1.6000000E+01   4.7247841E-04   9.2200785E-02
   1.5498445E+03   3.0350000E+03   2.5000000E+01   3.5634737E-04   4.4526500E-02
   1.5498487E+03   3.1670000E+03   1.9000000E+01   5.6565265E-04   9.7238094E-02
   1.5498529E+03   3.1060000E+03   2.5000000E+01   6.0278183E-04   6.6862467E-02
   1.5498570E+03   3.0630000E+03   2.7000000E+01   7.1571530E-04   7.9327365E-02
   1.5498612E+03   3.1280000E+03   1.3000000E+01   2.2120558E-04   5.3194460E-02
   1.5498654E+03   3.1500000E+03   2.0000000E+01   5.1921313E-04   8.0425368E-02
   1.5498696E+03   3.1760000E+03   2.4000000E+01   3.7684774E-04   5.7565516E-02
   1.5498738E+03   3.0890000E+03   1.4000000E+01   2.6007956E-04   5.7384697E-02
   1.5498780E+03   3.1480000E+03   2.4000000E+01   6.2778149E-04   8.0837856E-02
   1.5498822E+03   3.2170000E+03   2.5000000E+01   3.2150604E-04   2.8843475E-02
   1.5498864E+03   3.0330000E+03   2.1000000E+01   2.4881964E-04   2.3356869E-02
   1.5498906E+03   3.0730000E+03   2.1000000E+01   4.8188106E-04   7.2750287E-02
   1.5498948E+03   2.9610000E+03   3.0000000E+01   3.4322459E-04   3.3193342E-02
   1.5498990E+03   3.2130000E+03   2.8000000E+01   2.8271768E-04   1.9801290E-02
   1.5499032E+03   3.1400000E+03   1.7000000E+01   6.3346465E-04   1.0643993E-01
   1.5499074E+03   3.1650000E+03   2.6000000E+01   1.5014496E-04   3.5831424E-02
   1.5499116E+03   3.0290000E+03   1.5000000E+01   4.5802995E-04   9.2832645E-02
   1.5499158E+03   3.0530000E+03   1.7000000E+01   3.4299370E-04   4.5630770E-02
   1.5499200E+03   3.0570000E+03   2.1000000E+01   7.8883582E-05   1.1923321E-02
   1.5499242E+03   3.1420000E+03   3.1000000E+01   3.7118490E-04   3.7621386E-02
   1.5499284E+03   3.0900000E+03   2.5000000E+01   2.2678179E-04   2.1989281E-02
   1.5499326E+03   3.1130000E+03   2.4000000E+01   3.0136679E-04   3.1664143E-02
   1.5499368E+03   3.0870000E+03   2.2000000E+01   7.3709713E-04   9.4247105E-02
   1.5499409E+03   3.0240000E+03   3.0000000E+01   7.0773399E-04   6.0312646E-02
   1.5499451E+03   3.1000000E+03   2.6000000E+01   4.4166196E-04   5.6093564E-02
   1.5499493E+03   3.1060000E+03   2.2000000E+01   6.7799851E-04   9.1237601E-02
   1.5499535E+03   3.1160000E+03   2.3000000E+01   7.9917592E-05   1.1119914E-02
   1.5499577E+03   3.1030000E+03   1.8000000E+01   3.7923240E-04   5.8190841E-02
   1.5499619E+03   3.0450000E+03   1.8000000E+01   3.9127833E-04   7.5270648E-02
   1.5499661E+03   3.1250000E+03   1.4000000E+01   4.2566964E-04   8.7857746E-02
   1.5499703E+03   3.1330000E+03   1.8000000E+01   4.0325707E-04   6.7718563E-02
   1.5499745E+03   3.0550000E+03   2.2000000E+01   2.1927747E-04   3.1323593E-02
   1.5499787E+03   3.0970000E+03   2.1000000E+01   4.8654600E-04   5.5925404E-02
   1.5499829E+03   3.0280000E+03   2.1000000E+01   4.5172516E-04   7.3909635E-02
   1.5499871E+03   3.0930000E+03   2.6000000E+01   2.4918179E-04   3.5143218E-02
   1.5499913E+03   3.1210000E+03   2.6000000E+01   3.6342278E-04   3.9517507E-02
   1.5499955E+03   3.1410000E+03   2.6000000E+01   6.4132241E-04   7.2593006E-02
   1.5499997E+03   3.0940000E+03   2.3000000E+01   2.3737094E-04   2.6687708E-02
   1.5500039E+03   3.0420000E+03   3.0000000E+01   5.9026511E-04   4.5747515E-02
   1.5500081E+03   3.1390000E+03   2.5000000E+01   7.3036626E-04   8.7513072E-02
   1.5500123E+03   3.1070000E+03   1.8000000E+01   3.9451017E-04   6.5117382E-02
   1.5500165E+03   3.1310000E+03   2.6000000E+01   2.2032335E-04   2.9945666E-02
   1.5500207E+03   3.1490000E+03   3.5000000E+01   3.6227219E-04   3.6999998E-02
   1.5500249E+03   3.0180000E+03   2.0000000E+01   2.4805863E-04   4.0318838E-02
   1.5500290E+03   3.1170000E+03   2.7000000E+01   4.3294857E-04   4.6923742E-02
   1.5500332E+03   3.1400000E+03   2.9000000E+01   3.5973074E-04   4.4976633E-02
   1.5500374E+03   3.0910000E+03   2.1000000E+01   6.2094453E-04   7.8199063E-02
   1.5500416E+03   3.2150000E+03   2.7000000E+01   5.4569311E-04   6.3744282E-02
   1.5500458E+03   3.1070000E+03   2.7000000E+01   4.4289319E-04   4.0897483E-02
   1.5500500E+03   3.0920000E+03   2.9000000E+01   1.8772603E-04   2.9992910E-02
   1.5500542E+03   3.0340000E+03   2.7000000E+01   5.0029888E-04   5.1715974E-02
   1.5500584E+03   3.0810000E+03   2.9000000E+01   3.4533197E-04   2.4341950E-02
   1.5500626E+03   3.0880000E+03   2.3000000E+01   2.5463922E-04   3.8265384E-02
   1.5500668E+03   3.0990000E+03   3.3000000E+01   2.1200149E-04   1.5728811E-02
   1.5500710E+03   2.9820000E+03   2.4000000E+01   5.1894892E-04   6.1022272E-02
   1.5500752E+03   3.1140000E+03   2.8000000E+01   3.6706950E-04   3.0430563E-02
   1.5500794E+03   3.0740000E+03   2.5000000E+01   4.1216628E-04   6.1489235E-02
   1.5500836E+03   3.1990000E+03   2.5000000E+01   4.3344829E-04   5.9049336E-02
   1.5500878E+03   3.0670000E+03   2.8000000E+01   1.7362130E-04   2.4726785E-02
   1.5500920E+03   3.0630000E+03   3.4000000E+01   3.7589749E-04   3.2027474E-02
   1.5500962E+03   3.0590000E+03   2.9000000E+01   3.8001818E-04   3.5030181E-02
   1.5501004E+03   3.0380000E+03   2.5000000E+01   5.2359071E-04   6.8491886E-02
   1.5501046E+03   3.1610000E+03   2.5000000E+01   7.1157518E-04   7.9426344E-02
   1.5501087E+03   3.0640000E+03   3.6000000E+01   4.4848720E-04   3.5394452E-02
   1.5501129E+03   2.9750000E+03   3.3000000E+01   8.0697412E-05   6.3308081E-03
   1.5501171E+03   3.0950000E+03   2.9000000E+01   3.7859034E-04   3.8609419E-02
   1.5501213E+03   3.0590000E+03   4.2000000E+01   3.7230212E-04   3.8851200E-02
   1.5501255E+03   3.1360000E+03   2.3000000E+01   2.9825332E-04   5.5999523E-02
   1.5501297E+03   3.0700000E+03   3.3000000E+01   6.7391765E-04   6.7200515E-02
   1.5501339E+03   3.0590000E+03   3.2000000E+01   2.9696568E-04   2.7416108E-02
   1.5501381E+03   3.0150000E+03   3.8000000E+01   5.3717644E-04   4.2960728E-02
   1.5501423E+03   3.1120000E+03   2.8000000E+01   3.1415551E-04   3.7651302E-02
   1.5501465E+03   3.0430000E+03   2.6000000E+01   5.4153234E-04   6.1762994E-02
   1.5501507E+03   3.0710000E+03   3.5000000E+01   2.4643887E-04   2.3397785E-02
   1.5501549E+03   3.0750000E+03   3.7000000E+01   6.6263373E-04   5.2796901E-02
   1.5501591E+03   3.0930000E+03   2.8000000E+01   3.8529057E-04   3.8983841E-02
   1.5501633E+03   3.0840000E+03   3.2000000E+01   4.6716804E-04   3.0201257E-02
   1.5501675E+03   3.1030000E+03   3.8000000E+01   5.2924720E-04   3.4983777E-02
   1.5501717E+03   2.9840000E+03   2.9000000E+01   3.4972698E-04   3.4818047E-02
   1.5501759E+03   2.9900000E+03   4.0000000E+01   7.1123015E-05   1.2482206E-02
   1.5501801E+03   3.0910000E+03   3.9000000E+01   2.8294239E-04   2.2461094E-02
   1.5501843E+03   2.9830000E+03   3.2000000E+01   9.7615091E-05   1.7257771E-02
   1.5501885E+03   3.1430000E+03   3.7000000E+01   5.5947831E-04   4.6394537E-02
   1.5501926E+03   3.0220000E+03   3.4000000E+01   3.9051419E-04   3.6859966E-02
   1.5501968E+03   3.0690000E+03   4.8000000E+01   8.8152902E-04   4.0309059E-02
   1.5502010E+03   3.1750000E+03   4.1000000E+01   6.1782093E-04   3.9612910E-02
   1.5502052E+03   3.1810000E+03   3.5000000E+01   1.6556196E-04   1.5377049E-02
   1.5502094E+03   2.9730000E+03   4.6000000E+01   2.4296901E-04   1.4356794E-02
   1.5502136E+03   3.0490000E+03   3.5000000E+01   2.8492905E-04   3.7799083E-02
   1.5502178E+03   3.0570000E+03   4.3000000E+01   8.3538129E-04   5.5572533E-02
   1.5502220E+03   2.9450000E+03   5.2000000E+01   5.2313833E-04   3.1047583E-02
   1.5502262E+03   3.0570000E+03   4.0000000E+01   3.2941297E-04   1.5532788E-02
   1.5502304E+03   3.0920000E+03   3.4000000E+01   1.7907086E-04   1.3195271E-02
   1.5502346E+03   3.0560000E+03   4.9000000E+01   7.7459766E-04   4.9017973E-02
   1.5502388E+03   3.0270000E+03   3.8000000E+01   7.6456897E-04   4.5347556E-02
   1.5502430E+03   3.0500000E+03   4.4000000E+01   6.4346114E-04   4.1046162E-02
   1.5502472E+03   3.0430000E+03   4.5000000E+01   7.3958016E-04   4.6191980E-02
   1.5502514E+03   3.1290000E+03   4.2000000E+01   4.9109556E-04   4.3383434E-02
   1.5502556E+03   3.0120000E+03   4.8000000E+01   5.5414725E-04   3.4535025E-02
   1.5502598E+03   3.0460000E+03   4.6000000E+01   2.2457474E-04   2.5062721E-02
   1.5502640E+03   3.1560000E+03   4.6000000E+01   6.1589577E-04   4.1024015E-02
   1.5502682E+03   3.0420000E+03   3.9000000E+01   3.2640472E-04   2.5132284E-02
   1.5502724E+03   3.0540000E+03   5.2000000E+01   3.3125737E-04   2.0676813E-02
   1.5502765E+03   3.0450000E+03   4.7000000E+01   4.0215908E-04   2.6207537E-02
   1.5502807E+03   3.0470000E+03   5.4000000E+01   4.9753339E-04   2.7920666E-02
   1.5502849E+03   3.0290000E+03   4.5000000E+01   4.4358281E-04   1.9890615E-02
   1.5502891E+03   3.0490000E+03   4.1000000E+01   3.5536512E-04   2.3355875E-02
   1.5502933E+03   2.9860000E+03   4.7000000E+01   2.1088784E-04   1.2630717E-02
   1.5502975E+03   2.9740000E+03   5.3000000E+01   5.4368831E-04   2.4619839E-02
   1.5503017E+03   3.0810000E+03   6.3000000E+01   2.7770006E-04   2.1679756E-02
   1.5503059E+03   2.9330000E+03   5.5000000E+01   3.9663195E-04   2.1355011E-02
   1.5503101E+03   3.0920000E+03   5.7000000E+01   3.0977195E-04   1.8105638E-02
   1.5503143E+03   2.9190000E+03   5.7000000E+01   4.0758807E-04   2.4441288E-02
   1.5503185E+03   2.9890000E+03   5.5000000E+01   3.0259582E-04   1.5653058E-02
   1.5503227E+03   2.9840000E+03   6.1000000E+01   2.0068758E-04   7.5311931E-03
   1.5503269E+03   2.9920000E+03   4.9000000E+01   3.8649037E-04   2.2792344E-02
   1.5503311E+03   2.9370000E+03   4.7000000E+01   3.3367302E-04   2.1019634E-02
   1.5503353E+03   2.8500000E+03   5.9000000E+01   2.5868881E-04   1.5631315E-02
   1.5503395E+03   2.9380000E+03   5.3000000E+01   3.6972039E-04   2.0881502E-02
   1.5503437E+03   2.9520000E+03   6.2000000E+01   6.6933050E-04   2.6190254E-02
   1.5503479E+03   2.9280000E+03   6.4000000E+01   2.8443614E-04   1.4717581E-02
   1.5503521E+03   2.9160000E+03   7.3000000E+01   3.2272369E-04   1.5813927E-02
   1.5503563E+03   2.9030000E+03   8.5000000E+01   6.9783785E-04   2.2523749E-02
   1.5503604E+03   2.9870000E+03   6.1000000E+01   3.1247326E-04   2.2422200E-02
   1.5503646E+03   2.9590000E+03   7.2000000E+01   2.6037453E-04   9.7273049E-03
   1.5503688E+03   2.9190000E+03   7.1000000E+01   6.4922151E-04   2.2076442E-02
   1.5503730E+03   2.9740000E+03   8.4000000E+01   7.0929953E-04   2.7191623E-02
   1.5503772E+03   2.9200000E+03   8.6000000E+01   8.9154569E-04   2.7425317E-02
   1.5503814E+03   2.9750000E+03   7.6000000E+01   2.4143916E-04   8.0999559E-03
   1.5503856E+03   2.9410000E+03   8.5000000E+01   6.2522127E-04   1.5675744E-02
   1.5503898E+03   2.9740000E+03   8.8000000E+01   1.9253690E-04   5.8025111E-03
   1.5503940E+03   2.8620000E+03   7.9000000E+01   4.5685944E-04   1.6932251E-02
   1.5503982E+03   2.9310000E+03   9.8000000E+01   6.9079472E-04   2.0366103E-02
   1.5504024E+03   2.8720000E+03   9.6000000E+01   3.7840252E-04   1.0862235E-02
   1.5504066E+03   2.8120000E+03   9.2000000E+01   6.3048359E-04   1.7749392E-02
   1.5504108E+03   2.9120000E+03   1.2200000E+02   1.2213621E-03   3.0003369E-02
   1.5504150E+03   2.8700000E+03   8.9000000E+01   1.3402040E-04   2.5348368E-03
   1.5504192E+03   2.7210000E+03   1.1800000E+02   2.3157148E-04   6.3736485E-03
   1.5504234E+03   2.7530000E+03   1.0900000E+02   4.8902535E-04   1.1629074E-02
   1.5504276E+03   2.7930000E+03   1.0700000E+02   3.0553635E-04   1.0127902E-02
   1.5504318E+03   2.4870000E+03   1.1800000E+02   5.4262102E-05   7.9467859E-04
   1.5504360E+03   2.2890000E+03   1.0100000E+02   3.9471117E-04   1.2233220E-02
   1.5504402E+03   2.0510000E+03   1.0100000E+02   5.4145714E-04   8.0584861E-03
   1.5504443E+03   1.8050000E+03   1.1600000E+02   1.2478684E-03   2.0260168E-02
   1.5504485E+03   1.5140000E+03   1.1000000E+02   3.9396737E-04   4.6687143E-03
   1.5504527E+03   1.1730000E+03   1.3700000E+02   5.9157366E-04   7.3680921E-03
   1.5504569E+03   8.0000000E+02   1.4500000E+02   6.4562628E-04   3.6431940E-03
   1.5504611E+03   5.5000000E+02   1.5700000E+02   3.6521193E-03   1.2879946E-02
   1.5504653E+03   3.3300000E+02   1.4700000E+02   1.0758188E-02   2.3910653E-02
   1.5504695E+03   2.5700000E+02   1.7200000E+02   4.7600559E-03   7.4942330E-03
   1.5504737E+03   1.6100000E+02   1.2300000E+02   6.6576560E-03   9.0102399E-03
   1.5504779E+03   1.6600000E+02   1.4500000E+02   3.9711141E-03   4.4334134E-03
   1.5504821E+03   1.8600000E+02   1.6100000E+02   1.1984957E-02   1.3846029E-02
   1.5504863E+03   1.8100000E+02   1.6300000E+02   7.8083846E-03   8.6709054E-03
   1.5504905E+03   1.9600000E+02   1.7600000E+02   5.7498991E-03   6.4040650E-03
   1.5504947E+03   1.4200000E+02   1.3600000E+02   6.9802747E-03   7.2883224E-03
   1.5504989E+03   1.4200000E+02   1.3300000E+02   8.1028679E-03   8.6511296E-03
   1.5505031E+03   1.4400000E+02   1.3500000E+02   3.5621450E-03   3.8004853E-03
   1.5505073E+03   1.2200000E+02   1.1400000E+02   4.2215603E-03   4.5180858E-03
   1.5505115E+03   1.1700000E+02   1.1300000E+02   2.3673310E-03   2.4509777E-03
   1.5505157E+03   9.9000000E+01   9.5000000E+01   8.4327991E-04   8.7847740E-04
   1.5505199E+03   1.2300000E+02   1.1900000E+02   1.5675300E-03   1.6202190E-03
   1.5505241E+03   9.9000000E+01   9.6000000E+01   4.1529800E-03   4.2826867E-03
   1.5505282E+03   8.7000000E+01   8.3000000E+01   1.9378381E-03   2.0312871E-03
   1.5505324E+03   8.9000000E+01   8.6000000E+01   3.5235065E-03   3.6465581E-03
   1.5505366E+03   9.4000000E+01   9.2000000E+01   4.5676633E-03   4.6667233E-03
   1.5505408E+03   8.5000000E+01   8.4000000E+01   3.2385182E-03   3.2771716E-03
   1.5505450E+03   7.9000000E+01   7.2000000E+01   4.9074971E-03   5.3864940E-03
   1.5505492E+03   8.5000000E+01   8.5000000E+01   1.4256419E-03   1.4256419E-03
   1.5505534E+03   7.3000000E+01   6.9000000E+01   2.8291938E-03   2.9913370E-03
   1.5505576E+03   9.3000000E+01   9.2000000E+01   3.5203510E-03   3.5585712E-03
   1.5505618E+03   6.7000000E+01   6.7000000E+01   1.4003499E-04   1.4003499E-04
   1.5505660E+03   6.2000000E+01   5.7000000E+01   1.8689207E-04   2.0403884E-04
   1.5505702E+03   6.7000000E+01   6.2000000E+01   1.8600186E-03   2.0099889E-03
   1.5505744E+03   5.7000000E+01   5.4000000E+01   1.4685127E-03   1.5500371E-03
   1.5505786E+03   5.3000000E+01   4.8000000E+01   2.3913354E-03   2.6370966E-03
   1.5505828E+03   5.8000000E+01   5.5000000E+01   2.0191824E-05   2.3522599E-05
   1.5505870E+03   5.2000000E+01   4.8000000E+01   2.0133795E-03   2.1813172E-03
   1.5505912E+03   4.6000000E+01   4.2000000E+01   1.7730361E-03   1.9419245E-03
   1.5505954E+03   4.0000000E+01   3.8000000E+01   2.0318820E-06   2.1713369E-06
   1.5505996E+03   4.8000000E+01   4.8000000E+01   4.1572641E-06   4.1572641E-06
   1.5506038E+03   5.2000000E+01   4.9000000E+01   9.9771484E-06   1.0937818E-05
   1.5506080E+03   4.7000000E+01   4.3000000E+01   1.4305036E-06   1.3511934E-06
   1.5506121E+03   4.9000000E+01   4.6000000E+01   5.6977641E-06   6.0365699E-06
   1.5506163E+03   4.3000000E+01   4.2000000E+01   4.0593157E-06   4.4008245E-06
   1.5506205E+03   4.3000000E+01   4.1000000E+01   1.7694634E-06   1.6539070E-06
   1.5506247E+03   4.4000000E+01   4.1000000E+01   6.8206960E-06   7.9550114E-06
   1.5506289E+03   3.4000000E+01   3.2000000E+01   1.6663622E-06   1.2703915E-06
   1.5506331E+03   4.7000000E+01   4.6000000E+01   1.5811084E-05   1.6265765E-05
   1.5506373E+03   4.6000000E+01   3.9000000E+01   1.2116860E-05   1.4870323E-05
   1.5506415E+03   4.5000000E+01   4.2000000E+01   2.3207964E-06   2.4234380E-06
   1.5506457E+03   4.0000000E+01   3.9000000E+01   4.3068006E-06   4.4381373E-06
   1.5506499E+03   3.6000000E+01   3.4000000E+01   5.7664323E-06   4.1580120E-06
   1.5506541E+03   3.5000000E+01   3.2000000E+01   1.4309810E-05   1.5187604E-05
   1.5506583E+03   3.4000000E+01   3.0000000E+01   4.5981683E-05   5.1909536E-05
   1.5506625E+03   5.1000000E+01   4.8000000E+01   7.2431282E-04   7.6892005E-04
   1.5506667E+03   5.1000000E+01   4.5000000E+01   1.3191191E-05   1.4161596E-05
   1.5506709E+03   4.3000000E+01   3.9000000E+01   3.7331647E-05   4.0773535E-05
   1.5506751E+03   3.6000000E+01   3.3000000E+01   1.6813059E-05   1.8448082E-05
   1.5506793E+03   2.5000000E+01   2.2000000E+01   2.8828128E-05   2.5742231E-06
   1.5506835E+03   5.8000000E+01   5.3000000E+01   2.9624506E-06   3.2250795E-06
   1.5506877E+03   4.0000000E+01   3.6000000E+01   2.2130237E-06   2.8631643E-06
   1.5506919E+03   4.4000000E+01   4.0000000E+01   7.9663052E-06   6.5123793E-06
   1.5506961E+03   3.6000000E+01   2.8000000E+01   9.3929791E-06   1.1951919E-05
   1.5507002E+03   5.6000000E+01   4.8000000E+01   1.7690121E-06   6.7758617E-07
   1.5507044E+03   5.6000000E+01   4.9000000E+01   8.5385145E-07   1.5884237E-06
   1.5507086E+03   5.6000000E+01   4.7000000E+01   3.8385774E-06   3.4384589E-06
   1.5507128E+03   4.9000000E+01   3.8000000E+01   5.1725939E-06   6.3271246E-06
   1.5507170E+03   6.2000000E+01   5.2000000E+01   1.2150851E-05   1.5524279E-05
   1.5507212E+03   7.8000000E+01   6.4000000E+01   8.6565268E-07   2.6966075E-06
   1.5507254E+03   6.2000000E+01   5.0000000E+01   8.8866481E-05   1.0868634E-04
   1.5507296E+03   8.5000000E+01   6.4000000E+01   2.0354049E-06   2.0978003E-06
   1.5507338E+03   9.5000000E+01   7.4000000E+01   4.3717610E-06   6.0969730E-06
   1.5507380E+03   1.1000000E+02   8.3000000E+01   2.3111898E-06   2.8038851E-06
   1.5507422E+03   1.0800000E+02   8.6000000E+01   1.9628012E-06   1.8130688E-06
   1.5507464E+03   1.3300000E+02   1.0200000E+02   2.0955187E-05   2.5842635E-05
   1.5507506E+03   1.1400000E+02   8.0000000E+01   1.9704958E-05   1.6929133E-05
   1.5507548E+03   1.6100000E+02   1.1000000E+02   1.7423487E-05   2.6263706E-05
   1.5507590E+03   1.4800000E+02   1.0000000E+02   1.3138315E-04   7.3494255E-05
   1.5507632E+03   1.9100000E+02   1.4500000E+02   2.0504204E-04   2.7015867E-04
   1.5507674E+03   1.9300000E+02   1.5400000E+02   4.0616507E-04   1.4151236E-06
   1.5507716E+03   2.1300000E+02   1.6300000E+02   3.2948177E-05   9.6405169E-06
   1.5507758E+03   2.6500000E+02   2.0100000E+02   6.3641721E-04   3.6017362E-04
   1.5507799E+03   3.0200000E+02   2.3400000E+02   8.2652006E-05   2.5221471E-04
   1.5507841E+03   3.2200000E+02   2.3900000E+02   2.0726872E-04   1.2995213E-04
   1.5507883E+03   3.2900000E+02   2.5500000E+02   4.3621709E-05   7.4283250E-05
   1.5507925E+03   3.6700000E+02   2.7600000E+02   2.8550616E-04   2.6290667E-04
   1.5507967E+03   4.1700000E+02   3.0700000E+02   1.2583339E-04   2.8286969E-04
   1.5508009E+03   4.3700000E+02   3.3000000E+02   1.6748359E-04   4.3676285E-04
   1.5508051E+03   5.1900000E+02   3.8700000E+02   1.4359036E-04   2.9295647E-04
   1.5508093E+03   4.9900000E+02   3.6600000E+02   2.8061795E-04   2.7558545E-04
   1.5508135E+03   5.8800000E+02   4.3500000E+02   3.6645719E-04   2.5009208E-04
   1.5508177E+03   6.5700000E+02   4.6800000E+02   2.7403649E-04   2.7964262E-04
   1.5508219E+03   7.4200000E+02   5.4900000E+02   8.7919948E-05   1.4657361E-04
   1.5508261E+03   7.4000000E+02   5.4300000E+02   1.7570839E-04   2.2050534E-04
   1.5508303E+03   8.7600000E+02   6.1200000E+02   5.6210093E-04   5.3810827E-04
   1.5508345E+03   9.3200000E+02   6.5800000E+02   2.5190299E-04   1.6167108E-04
   1.5508387E+03   1.1400000E+03   7.8600000E+02   4.6827265E-04   6.4761745E-04
   1.5508429E+03   1.2600000E+03   8.0700000E+02   3.6729795E-04   5.4890801E-04
   1.5508471E+03   1.3660000E+03   8.5300000E+02   2.1324465E-04   2.1633235E-04
   1.5508513E+03   1.6680000E+03   9.9600000E+02   5.0873391E-04   5.2890622E-04
   1.5508555E+03   2.0450000E+03   1.0920000E+03   3.2895586E-04   5.3271403E-04
   1.5508597E+03   2.5930000E+03   1.1560000E+03   2.6156718E-04   2.0810559E-04
   1.5508638E+03   3.5290000E+03   1.2320000E+03   2.4266280E-04   7.2204865E-04
   1.5508680E+03   4.9380000E+03   1.4510000E+03   1.4584265E-05   2.9995837E-04
   1.5508722E+03   6.7340000E+03   1.5920000E+03   8.7989967E-05   2.0909003E-04
   1.5508764E+03   8.6480000E+03   1.7250000E+03   1.2935983E-04   5.4169618E-04
   1.5508806E+03   1.0538000E+04   2.0180000E+03   1.1756519E-04   3.9792949E-04
   1.5508848E+03   1.2262000E+04   2.2630000E+03   1.2239625E-04   4.5406426E-04
   1.5508890E+03   1.3620000E+04   2.3450000E+03   6.6185283E-05   3.3582151E-04
   1.5508932E+03   1.4708000E+04   2.6480000E+03   1.1625281E-04   4.9320109E-04
   1.5508974E+03   1.5727000E+04   2.8770000E+03   4.8185580E-05   2.7183311E-04
   1.5509016E+03   1.5819000E+04   3.1320000E+03   6.7666308E-05   4.4550620E-04
   1.5509058E+03   1.5936000E+04   3.2720000E+03   8.7211422E-05   2.5133166E-04
   1.5509100E+03   1.5905000E+04   3.5720000E+03   1.0953122E-04   4.9884550E-04
   1.5509142E+03   1.5304000E+04   3.5690000E+03   1.4579565E-04   6.9838919E-04
   1.5509184E+03   1.5517000E+04   3.7850000E+03   1.6119976E-04   3.9352284E-04
   1.5509226E+03   1.4567000E+04   3.7520000E+03   1.6707186E-04   4.1354687E-04
   1.5509268E+03   1.3973000E+04   3.8290000E+03   5.3686805E-05   1.9559618E-04
   1.5509310E+03   1.3089000E+04   3.7270000E+03   1.3171861E-04   5.6899353E-04
   1.5509352E+03   1.2656000E+04   3.8000000E+03   1.2101844E-04   4.3766542E-04
   1.5509394E+03   1.1769000E+04   3.5680000E+03   1.6636911E-04   1.8542011E-04
   1.5509436E+03   1.1166000E+04   3.5200000E+03   8.0441363E-05   1.3136609E-04
   1.5509477E+03   1.0503000E+04   3.4300000E+03   8.3761812E-05   4.6200712E-04
   1.5509519E+03   1.0003000E+04   3.3120000E+03   1.8055378E-04   4.5038797E-04
   1.5509561E+03   9.1160000E+03   3.1060000E+03   2.0960117E-04   6.1868188E-04
   1.5509603E+03   8.8780000E+03   3.0770000E+03   2.7521967E-04   9.4186142E-04
   1.5509645E+03   8.4170000E+03   2.9120000E+03   7.3275848E-05   2.0208929E-04
   1.5509687E+03   7.8950000E+03   2.7740000E+03   4.3836301E-04   1.2445202E-03
   1.5509729E+03   7.3490000E+03   2.5880000E+03   9.8330564E-05   2.3429615E-04
   1.5509771E+03   7.1800000E+03   2.4280000E+03   2.5907300E-04   8.2043430E-04
   1.5509813E+03   6.7460000E+03   2.3150000E+03   3.5834883E-04   8.9260336E-04
   1.5509855E+03   6.3470000E+03   2.1040000E+03   1.3666134E-04   4.5083871E-04
   1.5509897E+03   6.1690000E+03   1.9790000E+03   4.7614934E-04   1.2421910E-03
   1.5509939E+03   5.8540000E+03   1.8970000E+03   8.7523220E-05   4.6568212E-04
   1.5509981E+03   5.6750000E+03   1.7030000E+03   2.9482961E-04   9.5963137E-04
   1.5510023E+03   5.2290000E+03   1.5630000E+03   2.7401210E-04   1.0087590E-03
   1.5510065E+03   5.1330000E+03   1.4250000E+03   8.3785966E-04   2.8141582E-03
   1.5510107E+03   4.9580000E+03   1.3680000E+03   3.3468838E-04   5.8691679E-04
   1.5510149E+03   4.7380000E+03   1.2490000E+03   2.3607741E-04   1.0936279E-03
   1.5510191E+03   4.7070000E+03   1.1780000E+03   5.0124889E-04   1.5294137E-03
   1.5510233E+03   4.3800000E+03   1.0530000E+03   4.0930440E-04   1.4409917E-03
   1.5510275E+03   4.2630000E+03   9.9500000E+02   1.0525885E-03   4.4260518E-03
   1.5510316E+03   4.1160000E+03   8.8100000E+02   1.3323652E-04   9.6900755E-04
   1.5510358E+03   4.0530000E+03   8.2700000E+02   2.8022886E-04   5.3190313E-04
   1.5510400E+03   3.8430000E+03   6.9100000E+02   3.0225333E-04   1.2287931E-03
   1.5510442E+03   3.9430000E+03   7.0600000E+02   5.9957688E-04   2.7620395E-03
   1.5510484E+03   3.9450000E+03   6.6200000E+02   3.7444847E-04   2.3077856E-03
   1.5510526E+03   3.6900000E+03   6.2000000E+02   7.6463624E-04   4.0364553E-03
   1.5510568E+03   3.5280000E+03   5.8000000E+02   5.5177604E-04   2.7846835E-03
   1.5510610E+03   3.6590000E+03   5.1000000E+02   3.3424156E-04   1.8201240E-03
   1.5510652E+03   3.4790000E+03   4.8100000E+02   4.0016128E-04   2.3218894E-03
   1.5510694E+03   3.4360000E+03   4.0700000E+02   7.6440006E-04   5.2816701E-03
   1.5510736E+03   3.3410000E+03   4.1500000E+02   7.3888859E-04   6.1109870E-03
   1.5510778E+03   3.2860000E+03   3.3700000E+02   6.2875209E-04   7.1373084E-03
   1.5510820E+03   3.3340000E+03   3.1800000E+02   6.4002933E-04   4.9261883E-03
   1.5510862E+03   3.2690000E+03   3.3600000E+02   4.2660320E-04   4.3072517E-03
   1.5510904E+03   3.2470000E+03   3.2800000E+02   1.9051898E-04   1.1165329E-03
   1.5510946E+03   3.2500000E+03   3.0100000E+02   3.9266788E-04   7.2258488E-03
   1.5510988E+03   3.2030000E+03   2.6700000E+02   4.1961103E-04   6.9549107E-03
   1.5511030E+03   3.1320000E+03   2.6700000E+02   1.0132176E-03   1.0464176E-02
   1.5511072E+03   3.1810000E+03   2.6300000E+02   5.5861872E-04   4.6061295E-03
   1.5511114E+03   3.1830000E+03   2.4600000E+02   6.2543876E-04   5.7437941E-03
   1.5511155E+03   3.1120000E+03   2.1000000E+02   5.2265872E-04   8.9239940E-03
   1.5511197E+03   3.1290000E+03   2.2400000E+02   4.1372130E-04   4.6517958E-03
   1.5511239E+03   3.1920000E+03   2.3000000E+02   4.8423582E-04   6.4706937E-03
   1.5511281E+03   3.1140000E+03   2.1300000E+02   2.6581653E-04   2.3876026E-03
   1.5511323E+03   3.1100000E+03   2.1100000E+02   8.4148202E-04   1.2637797E-02
   1.5511365E+03   3.0910000E+03   1.7800000E+02   9.2441182E-05   6.2902980E-04
   1.5511407E+03   3.0900000E+03   1.8400000E+02   3.1171003E-04   6.3081103E-03
   1.5511449E+03   3.0090000E+03   1.8000000E+02   3.5984749E-04   6.1700902E-03
   1.5511491E+03   3.0860000E+03   1.6500000E+02   8.9793584E-04   1.4582572E-02
   1.5511533E+03   3.0450000E+03   1.3600000E+02   2.1720056E-04   4.2862690E-03
   1.5511575E+03   2.9760000E+03   1.4300000E+02   2.9895229E-04   5.5579846E-03
   1.5511617E+03   3.0670000E+03   1.6100000E+02   3.8909772E-04   9.1005458E-03
   1.5511659E+03   3.1210000E+03   1.4300000E+02   4.7587664E-04   9.3371342E-03
   1.5511701E+03   2.9900000E+03   1.2500000E+02   9.5165800E-04   2.2603567E-02
   1.5511743E+03   3.0750000E+03   1.2800000E+02   3.4896608E-04   1.0042433E-02
   1.5511785E+03   3.1040000E+03   1.1300000E+02   3.7665740E-04   1.1598380E-02
   1.5511827E+03   2.9650000E+03   1.2500000E+02   5.9275683E-05   2.4337729E-03
   1.5511869E+03   2.9970000E+03   1.1600000E+02   1.2511909E-03   2.9833742E-02
   1.5511911E+03   3.0440000E+03   1.1400000E+02   3.8767293E-04   1.4233593E-02
   1.5511953E+03   3.0060000E+03   8.8000000E+01   1.6910208E-04   1.0931397E-02
   1.5511994E+03   2.9570000E+03   9.9000000E+01   4.4828760E-04   1.3003988E-02
   1.5512036E+03   2.9500000E+03   9.4000000E+01   2.8177125E-04   1.0600630E-02
   1.5512078E+03   3.0090000E+03   8.6000000E+01   1.7420842E-04   8.1319572E-03
   1.5512120E+03   2.9430000E+03   8.9000000E+01   1.2107302E-04   2.1073580E-03
   1.5512162E+03   2.8580000E+03   7.6000000E+01   5.6799428E-04   2.2095371E-02
   1.5512204E+03   2.8630000E+03   7.8000000E+01   4.8640166E-04   1.6619198E-02
   1.5512246E+03   2.9880000E+03   6.7000000E+01   5.6366623E-04   2.8625530E-02
   1.5512288E+03   2.9480000E+03   7.0000000E+01   3.9784022E-04   1.5725548E-02
   1.5512330E+03   2.9550000E+03   6.5000000E+01   6.5846031E-04   2.6188011E-02
   1.5512372E+03   2.9530000E+03   8.2000000E+01   6.3673056E-04   2.3475125E-02
   1.5512414E+03   2.9010000E+03   5.8000000E+01   3.1643683E-04   1.5167523E-02
   1.5512456E+03   2.9720000E+03   6.8000000E+01   5.3434155E-04   1.9786569E-02
   1.5512498E+03   2.9290000E+03   7.1000000E+01   3.0941627E-04   1.1463447E-02
   1.5512540E+03   2.9380000E+03   6.6000000E+01   2.4940751E-04   1.1800977E-02
   1.5512582E+03   2.8830000E+03   4.8000000E+01   1.8812382E-04   6.0914798E-03
   1.5512624E+03   2.9240000E+03   6.1000000E+01   2.0854924E-04   1.0978117E-02
   1.5512666E+03   2.8110000E+03   4.7000000E+01   3.1264537E-04   2.4534747E-02
   1.5512708E+03   2.8560000E+03   6.1000000E+01   6.7368883E-04   3.2386570E-02
   1.5512750E+03   2.8970000E+03   3.6000000E+01   1.1683215E-04   2.1391974E-03
   1.5512792E+03   2.8900000E+03   5.1000000E+01   3.5861262E-04   1.7379661E-02
   1.5512833E+03   2.9260000E+03   5.0000000E+01   2.3247640E-04   1.4279447E-02
   1.5512875E+03   3.0470000E+03   5.9000000E+01   5.4438006E-05   3.7887753E-03
   1.5512917E+03   2.7780000E+03   5.2000000E+01   7.2824374E-04   3.8414308E-02
   1.5512959E+03   2.8560000E+03   4.9000000E+01   2.7367613E-04   1.3477052E-02
   1.5513001E+03   2.8680000E+03   3.7000000E+01   2.1839987E-04   2.4002614E-02
   1.5513043E+03   2.8560000E+03   3.8000000E+01   4.2559515E-04   3.1294049E-02
   1.5513085E+03   2.9630000E+03   4.3000000E+01   9.2922967E-05   6.8491555E-03
   1.5513127E+03   2.8020000E+03   3.5000000E+01   8.5279035E-05   1.3419285E-02
   1.5513169E+03   2.8940000E+03   3.5000000E+01   1.2001355E-04   9.9751661E-03
   1.5513211E+03   2.8840000E+03   3.6000000E+01   7.3733827E-04   5.7876439E-02
   1.5513253E+03   2.9490000E+03   3.1000000E+01   3.9144276E-04   2.5305054E-02
   1.5513295E+03   2.8920000E+03   3.0000000E+01   5.0015087E-04   3.6165601E-02
   1.5513337E+03   2.9770000E+03   2.5000000E+01   6.9747287E-04   8.0848853E-02
   1.5513379E+03   2.8550000E+03   2.1000000E+01   6.3864144E-04   9.2514706E-02
   1.5513421E+03   2.9380000E+03   3.1000000E+01   8.0647871E-05   5.0832940E-03
   1.5513463E+03   2.8720000E+03   3.3000000E+01   4.9609203E-04   4.7720642E-02
   1.5513505E+03   2.9230000E+03   3.4000000E+01   2.1543132E-04   2.3237775E-02
   1.5513547E+03   2.8680000E+03   3.1000000E+01   2.3100637E-04   1.9029135E-02
   1.5513589E+03   2.9080000E+03   3.1000000E+01   5.3512243E-04   4.7545924E-02
   1.5513631E+03   2.8830000E+03   4.1000000E+01   9.2889667E-04   6.6858387E-02
   1.5513673E+03   2.9670000E+03   2.6000000E+01   4.5297660E-04   4.9648783E-02
   1.5513714E+03   2.8700000E+03   3.3000000E+01   7.0580545E-04   6.5035831E-02
   1.5513756E+03   2.8580000E+03   3.4000000E+01   3.4140792E-04   1.6064066E-02
   1.5513798E+03   2.7410000E+03   2.8000000E+01   4.3246115E-04   2.3432718E-02
   1.5513840E+03   2.8040000E+03   2.9000000E+01   1.8686368E-04   6.8124291E-03
   1.5513882E+03   2.8510000E+03   3.3000000E+01   4.4615567E-04   3.3878285E-02
   1.5513924E+03   2.8460000E+03   2.4000000E+01   6.0918028E-04   7.6153419E-02
   1.5513966E+03   2.9680000E+03   3.5000000E+01   5.0465414E-04   3.9303816E-02
   1.5514008E+03   2.7560000E+03   2.8000000E+01   5.7668908E-04   5.2875075E-02
   1.5514050E+03   2.8700000E+03   3.0000000E+01   1.2149064E-04   7.3767646E-03
   1.5514092E+03   2.8440000E+03   2.1000000E+01   4.1272636E-04   5.2904611E-02
   1.5514134E+03   2.7470000E+03   1.7000000E+01   3.6501454E-04   5.8909033E-02
   1.5514176E+03   2.8420000E+03   1.8000000E+01   3.3973379E-04   7.6729911E-02
   1.5514218E+03   2.8880000E+03   1.7000000E+01   3.6471775E-04   6.1455938E-02
   1.5514260E+03   2.8480000E+03   3.3000000E+01   4.7152887E-04   4.0179014E-02
   1.5514302E+03   3.0070000E+03   3.1000000E+01   3.0051570E-04   3.3473856E-02
   1.5514344E+03   2.9080000E+03   2.2000000E+01   1.2754953E-04   1.1549833E-02
   1.5514386E+03   2.7990000E+03   2.6000000E+01   4.2769572E-04   4.6043089E-02
   1.5514428E+03   2.8710000E+03   2.2000000E+01   7.5015357E-04   9.7239373E-02
   1.5514470E+03   2.8310000E+03   1.6000000E+01   6.1313435E-05   1.8540439E-02
   1.5514511E+03   2.8600000E+03   3.0000000E+01   3.5656217E-04   2.8728837E-02
   1.5514553E+03   2.9520000E+03   2.6000000E+01   5.5530352E-04   6.3861489E-02
   1.5514595E+03   2.9230000E+03   2.0000000E+01   5.1798640E-04   7.6849355E-02
   1.5514637E+03   2.9160000E+03   1.7000000E+01   2.1617140E-04   4.2882677E-02
   1.5514679E+03   2.7950000E+03   2.2000000E+01   6.6011611E-04   8.4718844E-02
   1.5514721E+03   2.9890000E+03   2.2000000E+01   1.8545430E-04   2.5341367E-02
   1.5514763E+03   2.8520000E+03   1.7000000E+01   4.2818060E-04   8.2120877E-02
   1.5514805E+03   2.7800000E+03   2.1000000E+01   2.9238478E-04   3.9500136E-02
   1.5514847E+03   2.8900000E+03   2.5000000E+01   4.2621815E-04   6.6368978E-02
   1.5514889E+03   2.8580000E+03   2.7000000E+01   3.1409599E-04   3.3090977E-02
   1.5514931E+03   2.8770000E+03   2.0000000E+01   3.2794082E-04   4.2729552E-02
   1.5514973E+03   2.8280000E+03   1.6000000E+01   4.2420139E-04   7.0852390E-02
   1.5515015E+03   2.8870000E+03   1.7000000E+01   4.1960750E-04   6.7674842E-02
   1.5515057E+03   2.9110000E+03   1.6000000E+01   4.6772267E-04   9.2141138E-02
   1.5515099E+03   2.8740000E+03   2.1000000E+01   2.6310617E-04   3.6506634E-02
   1.5515141E+03   2.8100000E+03   2.3000000E+01   5.5118834E-04   7.7084772E-02
   1.5515183E+03   2.9020000E+03   2.0000000E+01   4.0131530E-04   5.9201529E-02
   1.5515225E+03   2.7960000E+03   2.8000000E+01   3.0890339E-04   2.4153027E-02
   1.5515267E+03   2.7880000E+03   2.0000000E+01   2.6680326E-04   2.5058750E-02
   1.5515309E+03   2.8120000E+03   2.0000000E+01   2.0657377E-04   3.1571873E-02
   1.5515350E+03   2.8740000E+03   1.8000000E+01   5.5299320E-04   7.9188514E-02
   1.5515392E+03   2.8180000E+03   1.3000000E+01   3.3762195E-04   8.1209662E-02
   1.5515434E+03   2.8000000E+03   1.5000000E+01   1.3176212E-04   1.6760128E-02
   1.5515476E+03   2.9500000E+03   1.7000000E+01   7.8374032E-05   1.1198418E-02
   1.5515518E+03   2.9050000E+03   1.6000000E+01   3.3599764E-04   3.6117393E-02
   1.5515560E+03   2.8580000E+03   3.0000000E+01   5.8387720E-04   5.6979791E-02
   1.5515602E+03   2.8090000E+03   2.4000000E+01   1.7310688E-04   1.2400625E-02
   1.5515644E+03   2.8810000E+03   1.6000000E+01   6.2395952E-04   1.2671214E-01
   1.5515686E+03   2.8050000E+03   1.6000000E+01   3.3397270E-04   5.6918356E-02
   1.5515728E+03   2.7310000E+03   2.0000000E+01   2.4785253E-04   3.9560961E-02
   1.5515770E+03   2.7850000E+03   1.5000000E+01   4.9899945E-04   7.6846508E-02
   1.5515812E+03   2.7780000E+03   1.4000000E+01   1.9885150E-04   3.4132221E-02
   1.5515854E+03   2.8160000E+03   1.8000000E+01   5.0741570E-04   6.1824495E-02
   1.5515896E+03   2.8970000E+03   1.4000000E+01   1.7460693E-04   3.5766765E-02
   1.5515938E+03   2.8190000E+03   1.9000000E+01   5.1968850E-04   7.6379169E-02
   1.5515980E+03   2.7840000E+03   8.0000000E+00   1.8379741E-04   3.2111670E-02
   1.5516022E+03   2.8080000E+03   1.8000000E+01   4.2983636E-04   6.1650642E-02
   1.5516064E+03   2.7860000E+03   1.0000000E+01   1.4316719E-04   3.5858253E-02
   1.5516106E+03   2.8770000E+03   2.1000000E+01   2.1383898E-04   2.4664108E-02
   1.5516148E+03   2.7630000E+03   1.9000000E+01   4.9547326E-04   9.9624862E-02
   1.5516189E+03   2.8680000E+03   1.2000000E+01   4.3982619E-04   1.0128456E-01
   1.5516231E+03   2.7850000E+03   1.3000000E+01   1.5117691E-04   3.1515422E-02
   1.5516273E+03   2.7740000E+03   2.0000000E+01   3.8642040E-04   5.1590737E-02
   1.5516315E+03   2.7820000E+03   1.1000000E+01   1.6487951E-04   8.6399097E-02
   1.5516357E+03   2.8240000E+03   1.1000000E+01   1.2844259E-04   3.2281639E-02
   1.5516399E+03   2.8000000E+03   1.0000000E+01   5.8225079E-04   1.5813857E-01
   1.5516441E+03   2.6900000E+03   1.1000000E+01   4.9520918E-04   1.6021865E-01
   1.5516483E+03   2.8210000E+03   1.4000000E+01   3.6410381E-04   7.0609402E-02
   1.5516525E+03   2.7590000E+03   1.5000000E+01   5.3943172E-04   9.1263125E-02
   1.5516567E+03   2.8310000E+03   1.6000000E+01   7.2726796E-04   1.2908134E-01
   1.5516609E+03   2.7280000E+03   1.6000000E+01   5.0687465E-04   8.7203561E-02
   1.5516651E+03   2.7880000E+03   1.7000000E+01   6.6436195E-04   9.2964584E-02
   1.5516693E+03   2.9100000E+03   1.9000000E+01   2.4809334E-04   3.7895659E-02
   1.5516735E+03   2.6580000E+03   1.3000000E+01   1.9129939E-04   3.4695973E-02
   1.5516777E+03   2.7230000E+03   1.5000000E+01   4.2781754E-04   7.2900283E-02
   1.5516819E+03   2.8490000E+03   1.5000000E+01   5.6905496E-04   1.2031557E-01
   1.5516861E+03   2.7310000E+03   1.6000000E+01   4.0952122E-04   7.1435503E-02
   1.5516903E+03   2.7470000E+03   1.3000000E+01   2.6888620E-04   6.3068690E-02
   1.5516945E+03   2.6680000E+03   1.6000000E+01   7.1784098E-04   1.2218177E-01
   1.5516987E+03   2.8210000E+03   1.4000000E+01   4.8906060E-04   9.3951187E-02
   1.5517028E+03   2.7120000E+03   1.0000000E+01   2.7071667E-04   6.3182813E-02
   1.5517070E+03   2.7470000E+03   1.1000000E+01   7.2837747E-04   1.8616567E-01
   1.5517112E+03   2.7740000E+03   1.5000000E+01   3.1605758E-04   6.2620783E-02
   1.5517154E+03   2.7840000E+03   1.5000000E+01   2.9090910E-04   4.5296616E-02
   1.5517196E+03   2.7460000E+03   1.7000000E+01   1.6204617E-04   2.1168715E-02
   1.5517238E+03   2.6860000E+03   1.8000000E+01   3.0787379E-05   4.3934827E-03
   1.5517280E+03   2.7950000E+03   8.0000000E+00   2.2015008E-04   8.7180348E-02
   1.5517322E+03   2.7900000E+03   1.1000000E+01   3.8138917E-04   9.9549027E-02
   1.5517364E+03   2.8440000E+03   1.5000000E+01   5.7664518E-04   1.1199069E-01
   1.5517406E+03   2.7940000E+03   9.0000000E+00   3.5977821E-04   1.1169115E-01
   1.5517448E+03   2.6490000E+03   1.3000000E+01   2.8944334E-04   4.9757202E-02
   1.5517490E+03   2.7500000E+03   1.2000000E+01   9.8160049E-04   2.1223553E-01
   1.5517532E+03   2.7840000E+03   5.0000000E+00   3.0951270E-04   1.9574804E-01
   1.5517574E+03   2.7430000E+03   1.2000000E+01   4.2978507E-04   9.0701285E-02
   1.5517616E+03   2.8070000E+03   7.0000000E+00   4.9653147E-04   1.9325370E-01
   1.5517658E+03   2.7560000E+03   1.0000000E+01   4.3586449E-04   1.1976727E-01
   1.5517700E+03   2.7730000E+03   9.0000000E+00   3.6745162E-04   8.0535547E-02
   1.5517742E+03   2.7330000E+03   1.2000000E+01   4.3096195E-04   1.0025835E-01
   1.5517784E+03   2.7720000E+03   1.1000000E+01   3.2648330E-04   7.1110530E-02
   1.5517826E+03   2.7420000E+03   7.0000000E+00   3.4779369E-04   1.2073700E-01
   1.5517867E+03   2.7240000E+03   7.0000000E+00   5.1753621E-04   1.9559120E-01
   1.5517909E+03   2.7560000E+03   1.0000000E+01   3.4121472E-04   9.9092161E-02
   1.5517951E+03   2.7390000E+03   7.0000000E+00   3.2136527E-04   1.2476780E-01
   1.5517993E+03   2.8020000E+03   7.0000000E+00   3.7153999E-04   1.4872215E-01
   1.5518035E+03   2.7680000E+03   1.6000000E+01   3.7510115E-04   6.6013694E-02
   1.5518077E+03   2.7420000E+03   1.0000000E+01   1.3368960E-04   4.1729343E-02
   1.5518119E+03   2.7680000E+03   9.0000000E+00   5.0914573E-04   1.5502562E-01
   1.5518161E+03   2.7280000E+03   2.1000000E+01   1.0275826E-03   1.3613529E-01
   1.5518203E+03   2.7270000E+03   1.1000000E+01   2.0489585E-04   5.0795545E-02
   1.5518245E+03   2.7870000E+03   1.4000000E+01   8.6121615E-04   1.7144353E-01
   1.5518287E+03   2.7770000E+03   7.0000000E+00   4.5623936E-04   1.8699272E-01
   1.5518329E+03   2.7260000E+03   1.2000000E+01   5.3465085E-04   1.2404233E-01
   1.5518371E+03   2.7160000E+03   1.0000000E+01   3.7181753E-04   9.1535707E-02
   1.5518413E+03   2.7690000E+03   7.0000000E+00   3.2004515E-04   1.4106349E-01
   1.5518455E+03   2.6610000E+03   1.1000000E+01   1.3936080E-04   3.3712645E-02
   1.5518497E+03   2.7540000E+03   7.0000000E+00   7.0561895E-04   2.7557969E-01
   1.5518539E+03   2.8600000E+03   1.6000000E+01   2.9205144E-04   5.4568101E-02
   1.5518581E+03   2.7390000E+03   3.0000000E+00   2.3478972E-04   2.0703298E-01
   1.5518623E+03   2.7570000E+03   1.3000000E+01   5.0464186E-04   7.8436746E-02
   1.5518665E+03   2.7910000E+03   6.0000000E+00   1.3883943E-04   8.9083134E-02
   1.5518706E+03   2.7270000E+03   1.4000000E+01   1.9147873E-04   4.6896895E-02
   1.5518748E+03   2.8020000E+03   1.0000000E+01   1.3560310E-04   7.2210898E-02
   1.5518790E+03   2.7380000E+03   1.0000000E+01   1.2681717E-04   3.1028698E-02
   1.5518832E+03   2.7200000E+03   7.0000000E+00   3.1178669E-04   1.3331003E-01
   1.5518874E+03   2.6760000E+03   1.0000000E+01   2.5576287E-04   5.6262183E-02
   1.5518916E+03   2.6630000E+03   4.0000000E+00   3.9409253E-04   2.4713020E-01
   1.5518958E+03   2.7940000E+03   1.2000000E+01   7.9851332E-04   1.7023643E-01
   1.5519000E+03   2.7630000E+03   1.0000000E+01   4.2574839E-04   1.1784057E-01
   1.5519042E+03   2.6310000E+03   1.1000000E+01   1.2284284E-04   2.9381775E-02
   1.5519084E+03   2.7320000E+03   8.0000000E+00   1.2337981E-04   3.2197973E-02
   1.5519126E+03   2.7160000E+03   9.0000000E+00   3.1525824E-04   9.5137931E-02
   1.5519168E+03   2.7160000E+03   6.0000000E+00   4.1004462E-04   1.8619903E-01
   1.5519210E+03   2.7680000E+03   8.0000000E+00   2.1074049E-04   7.0759477E-02
   1.5519252E+03   2.6900000E+03   7.0000000E+00   1.3864643E-04   4.1506030E-02
   1.5519294E+03   2.7090000E+03   5.0000000E+00   2.6696482E-04   1.4357388E-01
   1.5519336E+03   2.7220000E+03   8.0000000E+00   7.4692141E-04   2.1476714E-01
   1.5519378E+03   2.6950000E+03   5.0000000E+00   1.1382134E-04   7.5131912E-02
   1.5519420E+03   2.7040000E+03   3.0000000E+00   3.5176934E-04   2.9853867E-01
   1.5519462E+03   2.6580000E+03   6.0000000E+00   5.2726252E-05   3.5946088E-02
   1.5519504E+03   2.6990000E+03   6.0000000E+00   3.3163993E-04   1.4729101E-01
   1.5519545E+03   2.7460000E+03   7.0000000E+00   1.8052214E-04   7.6125989E-02
   1.5519587E+03   2.6850000E+03   1.3000000E+01   5.7720034E-04   9.4706255E-02
   1.5519629E+03   2.7390000E+03   6.0000000E+00   6.2479639E-04   1.8425886E-01
   1.5519671E+03   2.7420000E+03   1.0000000E+01   1.8679324E-04   7.7605844E-02
   1.5519713E+03   2.7270000E+03   1.0000000E+01   3.3921826E-04   1.0895343E-01
   1.5519755E+03   2.6760000E+03   1.3000000E+01   4.3533843E-04   8.7247110E-02
   1.5519797E+03   2.7270000E+03   1.1000000E+01   2.0747889E-04   5.5570111E-02
   1.5519839E+03   2.7860000E+03   1.1000000E+01   1.0855812E-03   2.7282998E-01
   1.5519881E+03   2.6720000E+03   4.0000000E+00   5.2690491E-04   3.5197248E-01
   1.5519923E+03   2.7050000E+03   7.0000000E+00   2.2090472E-04   7.7646784E-02
   1.5519965E+03   2.6810000E+03   1.1000000E+01   2.2067782E-04   5.5031461E-02
   1.5520007E+03   2.5900000E+03   3.0000000E+00   2.4643648E-04   2.3622024E-01
   1.5520049E+03   2.7000000E+03   1.0000000E+01   1.5287003E-04   4.8273179E-02
   1.5520091E+03   2.6800000E+03   6.0000000E+00   5.6805455E-04   2.7557091E-01
   1.5520133E+03   2.7180000E+03   6.0000000E+00   3.6683707E-04   1.6617719E-01
   1.5520175E+03   2.6800000E+03   7.0000000E+00   3.3397912E-04   9.8009202E-02
   1.5520217E+03   2.7580000E+03   6.0000000E+00   1.6355526E-04   9.9549136E-02
   1.5520259E+03   2.6820000E+03   4.0000000E+00   1.2896759E-04   8.6472768E-02
   1.5520301E+03   2.7070000E+03   3.0000000E+00   1.7197492E-04   1.5760734E-01
   1.5520343E+03   2.6970000E+03   5.0000000E+00   5.4959386E-04   2.1193053E-01
   1.5520385E+03   2.6750000E+03   1.2000000E+01   6.4356872E-04   1.6144971E-01
   1.5520426E+03   2.6680000E+03   4.0000000E+00   7.8172152E-05   5.2007813E-02
   1.5520468E+03   2.6850000E+03   5.0000000E+00   3.4223149E-04   2.0368510E-01
   1.5520510E+03   2.6040000E+03   4.0000000E+00   1.1440299E-04   1.2875077E-01
   1.5520552E+03   2.7120000E+03   8.0000000E+00   7.4963350E-04   2.6032952E-01
   1.5520594E+03   2.6690000E+03   6.0000000E+00   3.3158374E-04   1.4714200E-01
   1.5520636E+03   2.5990000E+03   7.0000000E+00   4.6800470E-04   1.3188829E-01
   1.5520678E+03   2.5190000E+03   9.0000000E+00   4.0216677E-04   6.4921060E-02
   1.5520720E+03   2.6120000E+03   3.0000000E+00   1.6799999E-04   1.5589282E-01
   1.5520762E+03   2.7270000E+03   2.0000000E+00   5.1766644E-05   1.3337344E-01
   1.5520804E+03   2.6990000E+03   5.0000000E+00   3.8508871E-04   2.0846435E-01
   1.5520846E+03   2.6420000E+03   9.0000000E+00   5.4452210E-04   1.4037602E-01
   1.5520888E+03   2.7520000E+03   4.0000000E+00   2.6825428E-04   1.0228150E-01
   1.5520930E+03   2.6170000E+03   3.0000000E+00   8.1952458E-05   7.3359356E-02
   1.5520972E+03   2.6560000E+03   7.0000000E+00   5.6159638E-04   1.9656426E-01
   1.5521014E+03   2.7150000E+03   5.0000000E+00   7.1595768E-05   2.8498411E-02
   1.5521056E+03   2.7080000E+03   8.0000000E+00   6.1744872E-04   2.0131709E-01
   1.5521098E+03   2.6450000E+03   5.0000000E+00   2.2194201E-04   7.1419543E-02
   1.5521140E+03   2.7260000E+03   7.0000000E+00   3.0987309E-04   1.2067344E-01
   1.5521182E+03   2.6550000E+03   5.0000000E+00   6.1634213E-04   3.2267159E-01
   1.5521223E+03   2.6240000E+03   3.0000000E+00   1.6385264E-04   1.4048849E-01
   1.5521265E+03   2.7300000E+03   1.0000000E+01   2.5669314E-04   7.0077228E-02
   1.5521307E+03   2.6190000E+03   5.0000000E+00   1.3281292E-04   6.9567407E-02
   1.5521349E+03   2.7240000E+03   1.0000000E+00   1.2244160E-04   3.8240721E-01
   1.5521391E+03   2.7440000E+03   7.0000000E+00   4.8463540E-04   1.3432550E-01
   1.5521433E+03   2.6760000E+03   2.0000000E+00   3.7755097E-04   4.3550915E-01
   1.5521475E+03   2.6200000E+03   3.0000000E+00   1.3495056E-04   1.1785682E-01
   1.5521517E+03   2.6630000E+03   5.0000000E+00   2.4758937E-04   1.3943423E-01
   1.5521559E+03   2.6640000E+03   6.0000000E+00   2.5959343E-04   1.1525948E-01
   1.5521601E+03   2.6630000E+03   4.0000000E+00   7.7499911E-05   1.0376703E-01
   1.5521643E+03   2.6280000E+03   3.0000000E+00   2.3821285E-04   2.2415061E-01
   1.5521685E+03   2.5550000E+03   8.0000000E+00   4.1472589E-04   1.4849098E-01
   1.5521727E+03   2.6870000E+03   5.0000000E+00   1.6976596E-04   1.0984892E-01
   1.5521769E+03   2.6630000E+03   5.0000000E+00   5.0490497E-04   2.6891239E-01
   1.5521811E+03   2.5930000E+03   3.0000000E+00   8.9422891E-05   7.7291186E-02
   1.5521853E+03   2.5810000E+03   1.0000000E+00   1.7023900E-04   5.6235050E-01
   1.5521895E+03   2.6000000E+03   4.0000000E+00   5.1834939E-04   3.3175496E-01
   1.5521937E+03   2.5850000E+03   4.0000000E+00   3.7703104E-04   2.4598876E-01
   1.5521979E+03   2.6600000E+03   2.0000000E+00   1.7208319E-04   2.2887065E-01
   1.5522021E+03   2.6490000E+03   4.0000000E+00   3.9117003E-04   2.5905235E-01
   1.5522062E+03   2.7060000E+03   4.0000000E+00   1.4725898E-04   9.6981257E-02
   1.5522104E+03   2.5960000E+03   4.0000000E+00   2.6455369E-04   1.7085919E-01
   1.5522146E+03   2.6380000E+03   5.0000000E+00   6.5649862E-04   3.2236171E-01
   1.5522188E+03   2.6050000E+03   4.0000000E+00   5.7370136E-04   3.6237749E-01
   1.5522230E+03   2.5890000E+03   7.0000000E+00   5.0015050E-04   1.4234148E-01
   1.5522272E+03   2.6260000E+03   4.0000000E+00   3.0229618E-04   1.9035265E-01
   1.5522314E+03   2.5020000E+03   4.0000000E+00   2.6339623E-04   1.6203419E-01
   1.5522356E+03   2.6650000E+03   6.0000000E+00   3.4065105E-04   1.5086679E-01
   1.5522398E+03   2.5870000E+03   8.0000000E+00   1.4226958E-04   4.6006425E-02
   1.5522440E+03   2.5630000E+03   3.0000000E+00   4.6910667E-04   4.0077346E-01
   1.5522482E+03   2.6580000E+03   4.0000000E+00   4.9141938E-04   3.0752408E-01
   1.5522524E+03   2.5690000E+03   9.0000000E+00   1.3840950E-04   3.9557318E-02
   1.5522566E+03   2.6060000E+03   5.0000000E+00   4.3704170E-04   2.0355582E-01
   1.5522608E+03   2.6400000E+03   2.0000000E+00   1.5476801E-04   1.7732184E-01
   1.5522650E+03   2.5020000E+03   5.0000000E+00   4.7966622E-04   2.3534745E-01
   1.5522692E+03   2.5410000E+03   6.0000000E+00   4.8313822E-04   2.0460904E-01
   1.5522734E+03   2.5700000E+03   1.0000000E+00   2.7194589E-04   6.0688663E-01
   1.5522776E+03   2.6630000E+03   2.0000000E+00   1.4897089E-04   1.9835474E-01
   1.5522818E+03   2.5950000E+03   7.0000000E+00   6.4650498E-04   2.3945947E-01
   1.5522860E+03   2.5770000E+03   4.0000000E+00   2.8335672E-04   1.6697671E-01
   1.5522901E+03   2.6420000E+03   1.0000000E+00   1.6546854E-04   4.5043619E-01
   1.5522943E+03   2.6410000E+03   4.0000000E+00   4.0757129E-04   2.7013384E-01
   1.5522985E+03   2.6000000E+03   6.0000000E+00   1.5662066E-04   6.0022006E-02
   1.5523027E+03   2.6180000E+03   5.0000000E+00   3.2940411E-04   1.7247599E-01
   1.5523069E+03   2.6070000E+03   3.0000000E+00   3.5536622E-04   3.0881324E-01
   1.5523111E+03   2.6800000E+03   1.0000000E+00   9.0955731E-05   2.4376136E-01
   1.5523153E+03   2.5510000E+03   5.0000000E+00   9.4331233E-04   4.5504258E-01
   1.5523195E+03   2.5990000E+03   3.0000000E+00   2.5219764E-04   2.3119463E-01
   1.5523237E+03   2.5300000E+03   3.0000000E+00   3.6343444E-04   2.8302967E-01
   1.5523279E+03   2.5160000E+03   1.0000000E+00   1.9261511E-04   4.8461962E-01
   1.5523321E+03   2.5810000E+03   5.0000000E+00   3.0220315E-04   1.5599726E-01
   1.5523363E+03   2.5560000E+03   3.0000000E+00   1.9833355E-04   1.6898019E-01
   1.5523405E+03   2.6500000E+03   5.0000000E+00   4.9778954E-04   2.6382846E-01
   1.5523447E+03   2.6030000E+03   5.0000000E+00   1.9881388E-04   1.4192779E-01
   1.5523489E+03   2.5400000E+03   5.0000000E+00   2.4430071E-04   1.2734974E-01
   1.5523531E+03   2.5120000E+03   2.0000000E+00   1.6969611E-04   2.1313831E-01
   1.5523573E+03   2.5960000E+03   4.0000000E+00   2.1379421E-04   1.2279781E-01
   1.5523615E+03   2.6150000E+03   3.0000000E+00   6.8242843E-05   7.6814071E-02
   1.5523657E+03   2.6040000E+03   3.0000000E+00   2.4584472E-04   1.7068017E-01
   1.5523699E+03   2.6170000E+03   4.0000000E+00   1.9511860E-04   1.7809677E-01
   1.5523740E+03   2.5200000E+03   2.0000000E+00   1.0693388E-04   5.6962757E-02
   1.5523782E+03   2.5950000E+03   5.0000000E+00   3.4076365E-04   1.6775656E-01
   1.5523824E+03   2.6490000E+03   3.0000000E+00   5.2041282E-04   4.5330488E-01
   1.5523866E+03   2.6780000E+03   6.0000000E+00   3.1396073E-04   1.4013114E-01
   1.5523908E+03   2.5880000E+03   5.0000000E+00   2.6918532E-04   1.4252357E-01
   1.5523950E+03   2.6490000E+03   4.0000000E+00   1.7363196E-04   1.1498776E-01
   1.5523992E+03   2.6030000E+03   3.0000000E+00   1.1718032E-04   1.0167346E-01
   1.5524034E+03   2.5330000E+03   3.0000000E+00   3.5506585E-04   2.9983384E-01
   1.5524076E+03   2.6100000E+03   2.0000000E+00   4.5277990E-05   1.3221027E-01
   1.5524118E+03   2.6950000E+03   7.0000000E+00   6.7703076E-04   2.6065684E-01
   1.5524160E+03   2.5610000E+03   3.0000000E+00   5.2290522E-04   4.2603573E-01
   1.5524202E+03   2.5510000E+03   6.0000000E+00   5.0981169E-04   1.4297053E-01
   1.5524244E+03   2.5420000E+03   6.0000000E+00   7.3665085E-04   2.4513096E-01
   1.5524286E+03   2.6350000E+03   5.0000000E+00   3.3138304E-04   1.5435431E-01
   1.5524328E+03   2.6540000E+03   2.0000000E+00   6.7154991E-05   1.1357121E-01
   1.5524370E+03   2.5170000E+03   7.0000000E+00   8.9925279E-04   2.6356886E-01
   1.5524412E+03   2.5080000E+03   6.0000000E+00   4.6308185E-04   1.8306020E-01
   1.5524454E+03   2.5360000E+03   6.0000000E+00   6.0304899E-05   1.7969626E-02
   1.5524496E+03   2.4500000E+03   4.0000000E+00   3.9554900E-04   2.4227376E-01
   1.5524538E+03   2.5680000E+03   1.0000000E+00   2.3092008E-04   5.9300276E-01
   1.5524579E+03   2.6270000E+03   3.0000000E+00   3.0241913E-04   2.6481836E-01
   1.5524621E+03   2.5810000E+03   6.0000000E+00   8.5346431E-04   3.5764896E-01
   1.5524663E+03   2.5520000E+03   4.0000000E+00   5.3012985E-04   3.3822284E-01
   1.5524705E+03   2.5680000E+03   1.0000000E+00   1.8162070E-04   4.8073997E-01
   1.5524747E+03   2.5220000E+03   6.0000000E+00   3.5748827E-04   2.2030015E-01
   1.5524789E+03   2.5970000E+03   2.0000000E+00   4.9259642E-05   6.3963645E-02
   1.5524831E+03   2.5650000E+03   5.0000000E+00   3.9929803E-04   2.0483989E-01
   1.5524873E+03   2.5370000E+03   0.0000000E+00   2.2946263E-05   0.0000000E+00
   1.5524915E+03   2.5140000E+03   5.0000000E+00   4.5521604E-04   2.3611020E-01
   1.5524957E+03   2.5980000E+03   7.0000000E+00   1.7193337E-04   6.3052962E-02
   1.5524999E+03   2.5550000E+03   2.0000000E+00   3.0167678E-04   4.8860440E-01
   1.5525041E+03   2.5230000E+03   1.0000000E+00   7.3901057E-05   1.8645237E-01
   1.5525083E+03   2.5350000E+03   3.0000000E+00   2.9510128E-04   2.5536103E-01
   1.5525125E+03   2.5480000E+03   2.0000000E+00   1.3012385E-04   1.6577778E-01
   1.5525167E+03   2.5170000E+03   1.0000000E+00   1.9955049E-04   5.0226858E-01
   1.5525209E+03   2.5250000E+03   2.0000000E+00   2.8165052E-04   3.4503776E-01
   1.5525251E+03   2.5640000E+03   3.0000000E+00   1.2138025E-04   1.0762526E-01
   1.5525293E+03   2.5550000E+03   1.0000000E+00   2.3028189E-04   5.8837022E-01
   1.5525335E+03   2.5130000E+03   4.0000000E+00   3.1165565E-04   1.9162390E-01
   1.5525377E+03   2.5300000E+03   3.0000000E+00   2.1217262E-04   2.3559685E-01
   1.5525418E+03   2.5090000E+03   1.0000000E+00   9.5970291E-05   2.4078946E-01
   1.5525460E+03   2.5090000E+03   1.0000000E+00   6.6179193E-05   1.6604359E-01
   1.5525502E+03   2.5090000E+03   3.0000000E+00   3.8906114E-04   3.2538480E-01
   1.5525544E+03   2.6050000E+03   4.0000000E+00   3.4334193E-04   2.3498834E-01
   1.5525586E+03   2.4760000E+03   3.0000000E+00   9.6824222E-05   7.9912258E-02
   1.5525628E+03   2.5250000E+03   3.0000000E+00   5.4940962E-04   4.6804254E-01
   1.5525670E+03   2.4940000E+03   6.0000000E+00   3.0322736E-04   1.2609687E-01
   1.5525712E+03   2.5270000E+03   0.0000000E+00   2.2745399E-05   0.0000000E+00
   1.5525754E+03   2.4840000E+03   4.0000000E+00   3.8012509E-04   2.3632481E-01
   1.5525796E+03   2.5420000E+03   4.0000000E+00   2.3563220E-04   1.7542284E-01
   1.5525838E+03   2.5060000E+03   2.0000000E+00   1.7676229E-04   2.2148316E-01
   1.5525880E+03   2.5050000E+03   5.0000000E+00   6.4361883E-04   3.2268269E-01
   1.5525922E+03   2.4450000E+03   5.0000000E+00   5.2726590E-04   2.4044022E-01
   1.5525964E+03   2.4910000E+03   1.0000000E+00   1.5809162E-04   3.9380623E-01
   1.5526006E+03   2.5670000E+03   3.0000000E+00   4.3598276E-04   3.7305591E-01
   1.5526048E+03   2.5610000E+03   2.0000000E+00   2.5469610E-04   3.2613836E-01
   1.5526090E+03   2.4970000E+03   2.0000000E+00   4.5652815E-04   5.4556146E-01
   1.5526132E+03   2.4950000E+03   3.0000000E+00   6.4087822E-04   5.3299705E-01
   1.5526174E+03   2.4290000E+03   5.0000000E+00   1.0551799E-04   4.5119641E-02
   1.5526216E+03   2.5730000E+03   4.0000000E+00   2.2345909E-04   1.4488118E-01
   1.5526257E+03   2.5680000E+03   3.0000000E+00   3.3071043E-04   3.0543209E-01
   1.5526299E+03   2.5200000E+03   6.0000000E+00   5.0426952E-04   1.5251370E-01
   1.5526341E+03   2.5700000E+03   2.0000000E+00   3.0467884E-04   3.6811422E-01
   1.5526383E+03   2.5430000E+03   4.0000000E+00   1.8955669E-04   1.2051067E-01
   1.5526425E+03   2.4980000E+03   4.0000000E+00   8.3002449E-04   3.7462400E-01
   1.5526467E+03   2.4470000E+03   5.0000000E+00   5.7288080E-04   2.8169537E-01
   1.5526509E+03   2.5520000E+03   4.0000000E+00   5.3626533E-04   3.4213728E-01
   1.5526551E+03   2.5230000E+03   7.0000000E+00   1.3584779E-04   4.8963425E-02
   1.5526593E+03   2.4760000E+03   5.0000000E+00   4.6300876E-04   2.3433901E-01
   1.5526635E+03   2.5950000E+03   6.0000000E+00   3.9950038E-04   2.1927112E-01
   1.5526677E+03   2.5100000E+03   0.0000000E+00   2.8393789E-04   0.0000000E+00
   1.5526719E+03   2.3700000E+03   3.0000000E+00   2.4534353E-04   1.9382139E-01
   1.5526761E+03   2.4650000E+03   3.0000000E+00   3.6671025E-04   3.0131359E-01
   1.5526803E+03   2.4540000E+03   2.0000000E+00   1.6674817E-04   2.0754802E-01
   1.5526845E+03   2.4930000E+03   3.0000000E+00   6.3980940E-04   5.3168162E-01
   1.5526887E+03   2.5460000E+03   3.0000000E+00   6.2405385E-04   5.2961370E-01
   1.5526929E+03   2.4120000E+03   1.0000000E+00   1.3742131E-04   3.4778289E-01
   1.5526971E+03   2.4410000E+03   3.0000000E+00   4.0069498E-04   3.2603215E-01
   1.5527013E+03   2.4900000E+03   2.0000000E+00   8.5190234E-05   1.0606184E-01
   1.5527055E+03   2.5270000E+03   3.0000000E+00   3.3366804E-04   2.8105971E-01
   1.5527097E+03   2.4000000E+03   4.0000000E+00   4.7786362E-04   2.8132656E-01
   1.5527138E+03   2.4200000E+03   3.0000000E+00   1.8166965E-04   1.4590894E-01
   1.5527180E+03   2.4360000E+03   4.0000000E+00   3.0413634E-04   1.9050856E-01
   1.5527222E+03   2.4560000E+03   2.0000000E+00   1.7090785E-04   2.0987484E-01
   1.5527264E+03   2.4820000E+03   4.0000000E+00   1.3733085E-04   8.5213790E-02
   1.5527306E+03   2.5170000E+03   2.0000000E+00   2.5640180E-04   3.4680205E-01
   1.5527348E+03   2.4560000E+03   6.0000000E+00   3.7123497E-04   1.5195885E-01
   1.5527390E+03   2.4490000E+03   1.0000000E+00   1.8810061E-04   4.3639884E-01
   1.5527432E+03   2.4730000E+03   3.0000000E+00   2.5433305E-04   2.3346663E-01
   1.5527474E+03   2.4380000E+03   6.0000000E+00   2.3088909E-04   9.3817934E-02
   1.5527516E+03   2.4460000E+03   5.0000000E+00   4.4597112E-04   2.5014276E-01
   1.5527558E+03   2.4700000E+03   1.0000000E+00   8.2938150E-05   2.0464079E-01
   1.5527600E+03   2.3980000E+03   1.0000000E+00   2.5079449E-04   7.1508417E-01
   1.5527642E+03   2.4910000E+03   4.0000000E+00   4.3911881E-04   2.7346124E-01
   1.5527684E+03   2.4900000E+03   2.0000000E+00   1.1926944E-04   1.4849045E-01
   1.5527726E+03   2.5000000E+03   3.0000000E+00   2.3784543E-04   1.9820452E-01
   1.5527768E+03   2.4970000E+03   2.0000000E+00   2.9370588E-04   4.5803722E-01
   1.5527810E+03   2.4170000E+03   2.0000000E+00   3.4759568E-04   3.8965345E-01
   1.5527852E+03   2.4930000E+03   1.0000000E+00   1.9104778E-04   4.2345374E-01
   1.5527894E+03   2.4170000E+03   3.0000000E+00   3.9198946E-04   3.1580459E-01
   1.5527935E+03   2.4660000E+03   1.0000000E+00   2.5116468E-04   5.3058903E-01
   1.5527977E+03   2.4760000E+03   1.0000000E+00   2.7594985E-04   6.8325183E-01
   1.5528019E+03   2.5030000E+03   5.0000000E+00   2.6480552E-04   1.3256164E-01
   1.5528061E+03   2.4280000E+03   4.0000000E+00   1.2594608E-05   7.6449271E-03
   1.5528103E+03   2.4270000E+03   3.0000000E+00   1.9014166E-04   1.6909580E-01
   1.5528145E+03   2.4950000E+03   3.0000000E+00   2.9480319E-04   2.4517798E-01
   1.5528187E+03   2.4360000E+03   2.0000000E+00   3.6731053E-04   4.4738423E-01
   1.5528229E+03   2.4750000E+03   3.0000000E+00   3.7500419E-04   3.0937845E-01
   1.5528271E+03   2.5040000E+03   1.0000000E+00   8.7001659E-05   2.1785215E-01
   1.5528313E+03   2.4340000E+03   3.0000000E+00   3.3775090E-04   2.7402856E-01
   1.5528355E+03   2.4310000E+03   5.0000000E+00   7.6653879E-05   3.7269116E-02
   1.5528397E+03   2.3790000E+03   6.0000000E+00   3.5741755E-04   1.5290260E-01
   1.5528439E+03   2.4470000E+03   2.0000000E+00   4.9139321E-04   6.0121960E-01
   1.5528481E+03   2.3920000E+03   3.0000000E+00   3.7025513E-04   3.1242820E-01
   1.5528523E+03   2.3580000E+03   5.0000000E+00   4.5444754E-04   1.9135442E-01
   1.5528565E+03   2.4670000E+03   4.0000000E+00   4.9332642E-04   3.0425907E-01
   1.5528607E+03   2.3970000E+03   2.0000000E+00   1.7408867E-04   2.0681281E-01
   1.5528649E+03   2.4250000E+03   3.0000000E+00   3.9093312E-04   3.1600427E-01
   1.5528691E+03   2.3980000E+03   1.0000000E+00   1.7823867E-04   4.2741634E-01
   1.5528733E+03   2.3580000E+03   3.0000000E+00   2.7902991E-04   2.1931751E-01
   1.5528774E+03   2.4690000E+03   2.0000000E+00   3.5041763E-04   4.4329852E-01
   1.5528816E+03   2.4090000E+03   1.0000000E+00   3.0041045E-04   6.8010096E-01
   1.5528858E+03   2.3730000E+03   2.0000000E+00   3.3075549E-04   3.9244139E-01
   1.5528900E+03   2.3940000E+03   4.0000000E+00   2.5269802E-04   1.7011710E-01
   1.5528942E+03   2.4200000E+03   1.0000000E+00   3.0828251E-04   7.0025162E-01
   1.5528984E+03   2.4400000E+03   4.0000000E+00   2.6564623E-04   1.6204420E-01
   1.5529026E+03   2.4430000E+03   4.0000000E+00   5.8349273E-04   3.6601471E-01
   1.5529068E+03   2.3540000E+03   2.0000000E+00   2.1682852E-04   2.3581573E-01
   1.5529110E+03   2.4740000E+03   1.0000000E+00   2.9931875E-04   7.4051460E-01
   1.5529152E+03   2.3580000E+03   4.0000000E+00   4.4339373E-04   2.6138060E-01
   1.5529194E+03   2.4140000E+03   1.0000000E+00   2.4731261E-04   5.9701265E-01
   1.5529236E+03   2.3980000E+03   4.0000000E+00   2.2648817E-04   1.3452058E-01
   1.5529278E+03   2.3750000E+03   2.0000000E+00   4.7073686E-04   4.1600607E-01
   1.5529320E+03   2.4520000E+03   2.0000000E+00   1.9483689E-04   2.3887002E-01
   1.5529362E+03   2.4390000E+03   2.0000000E+00   3.3044212E-04   3.7511403E-01
   1.5529404E+03   2.3470000E+03   2.0000000E+00   3.2408617E-04   4.0524171E-01
   1.5529446E+03   2.4470000E+03   3.0000000E+00   4.5706993E-04   3.9653677E-01
   1.5529488E+03   2.4310000E+03   3.0000000E+00   2.2921594E-04   1.8574131E-01
   1.5529530E+03   2.4110000E+03   3.0000000E+00   3.2662503E-04   2.6249765E-01
   1.5529572E+03   2.2970000E+03   1.0000000E+00   1.4460546E-04   3.3215874E-01
   1.5529614E+03   2.3520000E+03   0.0000000E+00   0.0000000E+00   0.0000000E+00
   1.5529655E+03   2.3500000E+03   0.0000000E+00   0.0000000E+00   0.0000000E+00
   1.5529697E+03   2.4420000E+03   4.0000000E+00   2.4301577E-04   1.4836113E-01
   1.5529739E+03   2.4120000E+03   0.0000000E+00   0.0000000E+00   0.0000000E+00
   1.5529781E+03   2.3360000E+03   1.0000000E+00   3.0041710E-04   7.0177434E-01
   1.5529823E+03   2.4110000E+03   5.0000000E+00   2.6798093E-04   1.3087358E-01
   1.5529865E+03   2.4200000E+03   0.0000000E+00   0.0000000E+00   0.0000000E+00
   1.5529907E+03   2.3200000E+03   1.0000000E+00   2.5030743E-04   5.8071325E-01
   1.5529949E+03   2.4320000E+03   1.0000000E+00   2.8535419E-04   6.9398139E-01
   1.5529991E+03   2.3360000E+03   3.0000000E+00   1.7092004E-04   1.3308974E-01
   1.5530033E+03   2.3330000E+03   3.0000000E+00   6.5769048E-04   5.1146396E-01
   1.5530075E+03   2.2910000E+03   1.0000000E+00   2.6979280E-04   6.6453162E-01
   1.5530117E+03   2.4360000E+03   0.0000000E+00   0.0000000E+00   0.0000000E+00
   1.5530159E+03   2.3730000E+03   2.0000000E+00   7.2122109E-05   8.5572882E-02
   1.5530201E+03   2.3530000E+03   1.0000000E+00   1.4724390E-04   3.5250395E-01
   1.5530243E+03   2.4120000E+03   1.0000000E+00   2.9925912E-04   7.3928142E-01
   1.5530285E+03   2.3560000E+03   0.0000000E+00   0.0000000E+00   0.0000000E+00
   1.5530327E+03   2.3550000E+03   4.0000000E+00   5.2321925E-04   3.0804534E-01
   1.5530369E+03   2.2970000E+03   6.0000000E+00   6.5425856E-04   2.5047199E-01
   1.5530411E+03   2.3640000E+03   2.0000000E+00   2.3504411E-04   2.7782213E-01
   1.5530452E+03   2.3290000E+03   2.0000000E+00   4.0058875E-04   4.5466895E-01
   1.5530494E+03   2.4040000E+03   8.0000000E+00   3.4928483E-04   1.0496009E-01
   1.5530536E+03   2.3670000E+03   1.0000000E+00   3.6180486E-04   1.7646105E-01
   1.5530578E+03   2.3810000E+03   4.0000000E+00   5.1559304E-04   3.1419801E-01
   1.5530620E+03   2.3990000E+03   2.0000000E+00   2.7785840E-04   3.3329115E-01
   1.5530662E+03   2.4120000E+03   2.0000000E+00   2.1238421E-04   2.5613535E-01
   1.5530704E+03   2.4020000E+03   4.0000000E+00   3.5839601E-04   2.1521680E-01
   1.5530746E+03   2.3860000E+03   4.0000000E+00   2.3798326E-04   1.4195701E-01
   1.5530788E+03   2.4140000E+03   3.0000000E+00   5.0008608E-04   3.6896229E-01
   1.5530830E+03   2.3380000E+03   3.0000000E+00   2.8298940E-04   1.9475032E-01
   1.5530872E+03   2.3020000E+03   6.0000000E+00   6.5770406E-04   2.5233912E-01
   1.5530914E+03   2.3750000E+03   2.0000000E+00   3.7045235E-04   4.3991217E-01
   1.5530956E+03   2.3600000E+03   0.0000000E+00   0.0000000E+00   0.0000000E+00
   1.5530998E+03   2.4390000E+03   0.0000000E+00   4.5676450E-05   0.0000000E+00
   1.5531040E+03   2.3280000E+03   3.0000000E+00   4.9258088E-04   3.8224276E-01
   1.5531082E+03   2.2540000E+03   2.0000000E+00   2.7130200E-04   3.0575736E-01
   1.5531124E+03   2.4020000E+03   1.0000000E+00   2.5323868E-04   6.0827932E-01
   1.5531166E+03   2.3930000E+03   2.0000000E+00   1.1017656E-04   1.3182626E-01
   1.5531208E+03   2.3400000E+03   4.0000000E+00   3.8489721E-04   2.2516487E-01
   1.5531250E+03   2.4030000E+03   1.0000000E+00   2.6129961E-04   6.3888353E-01
   1.5531291E+03   2.3180000E+03   3.0000000E+00   2.4218310E-04   1.8712681E-01
   1.5531333E+03   2.3000000E+03   2.0000000E+00   1.1838804E-04   1.8764658E-01
   1.5531375E+03   2.3420000E+03   2.0000000E+00   4.3399194E-04   5.2198510E-01
   1.5531417E+03   2.2850000E+03   3.0000000E+00   3.8693025E-04   2.8911008E-01
   1.5531459E+03   2.3070000E+03   5.0000000E+00   3.9379891E-04   1.8169882E-01
   1.5531501E+03   2.3530000E+03   0.0000000E+00   0.0000000E+00   0.0000000E+00
   1.5531543E+03   2.3360000E+03   3.0000000E+00   3.7481795E-04   2.9185824E-01
   1.5531585E+03   2.4400000E+03   0.0000000E+00   0.0000000E+00   0.0000000E+00
   1.5531627E+03   2.2680000E+03   0.0000000E+00   0.0000000E+00   0.0000000E+00
   1.5531669E+03   2.3910000E+03   2.0000000E+00   4.0739745E-04   4.8704365E-01
   1.5531711E+03   2.3730000E+03   3.0000000E+00   3.4631416E-04   2.7393450E-01
   1.5531753E+03   2.2710000E+03   1.0000000E+00   2.0898765E-04   4.9424351E-01
   1.5531795E+03   2.3470000E+03   3.0000000E+00   1.7519678E-04   1.3706228E-01
   1.5531837E+03   2.3370000E+03   2.0000000E+00   5.9251888E-04   6.9235831E-01
   1.5531879E+03   2.3140000E+03   1.0000000E+00   5.3185979E-05   1.2307236E-01
   1.5531921E+03   2.3280000E+03   0.0000000E+00   1.6294594E-05   0.0000000E+00
   1.5531963E+03   2.3600000E+03   1.0000000E+00   4.4245261E-05   1.0441882E-01
   1.5532005E+03   2.3270000E+03   2.0000000E+00   2.2620153E-04   3.0192308E-01
   1.5532047E+03   2.3720000E+03   3.0000000E+00   1.8844830E-04   1.4899979E-01
   1.5532089E+03   2.3340000E+03   0.0000000E+00   0.0000000E+00   0.0000000E+00
   1.5532130E+03   2.2680000E+03   3.0000000E+00   2.7464814E-04   2.0763399E-01
   1.5532172E+03   2.3730000E+03   1.0000000E+00   3.2239653E-04   7.6504697E-01
   1.5532214E+03   2.2540000E+03   1.0000000E+00   1.9159550E-04   4.3185626E-01
   1.5532256E+03   2.3660000E+03   1.0000000E+00   2.0875907E-04   5.4208265E-01
   1.5532298E+03   2.3340000E+03   2.0000000E+00   2.7919637E-04   3.2582216E-01
   1.5532340E+03   2.2860000E+03   2.0000000E+00   5.2092526E-04   6.4161746E-01
   1.5532382E+03   2.2850000E+03   3.0000000E+00   2.2527382E-04   1.7158356E-01
   1.5532424E+03   2.4330000E+03   0.0000000E+00   0.0000000E+00   0.0000000E+00
   1.5532466E+03   2.3520000E+03   1.0000000E+00   2.0843467E-04   4.9023834E-01
   1.5532508E+03   2.3660000E+03   1.0000000E+00   3.8342233E-04   7.7006240E-01
   1.5532550E+03   2.3200000E+03   1.0000000E+00   2.6709275E-04   6.1965519E-01
   1.5532592E+03   2.3430000E+03   1.0000000E+00   2.4180048E-04   5.6653852E-01
   1.5532634E+03   2.3110000E+03   1.0000000E+00   1.6441595E-04   3.7996527E-01
   1.5532676E+03   2.2790000E+03   1.0000000E+00   2.2468521E-04   5.1205759E-01
   1.5532718E+03   2.3250000E+03   3.0000000E+00   4.8040934E-04   3.7231724E-01
   1.5532760E+03   2.3080000E+03   2.0000000E+00   3.5082351E-04   4.0485033E-01
   1.5532802E+03   2.2740000E+03   4.0000000E+00   2.0461184E-04   1.1632183E-01
   1.5532844E+03   2.2500000E+03   4.0000000E+00   8.7746912E-05   4.9357638E-02
   1.5532886E+03   2.3050000E+03   0.0000000E+00   0.0000000E+00   0.0000000E+00
   1.5532928E+03   2.2980000E+03   0.0000000E+00   3.3014248E-04   0.0000000E+00
   1.5532969E+03   2.3040000E+03   2.0000000E+00   1.0119127E-04   1.1281793E-01
   1.5533011E+03   2.3100000E+03   1.0000000E+00   2.0078800E-04   4.6382027E-01
   1.5533053E+03   2.2280000E+03   0.0000000E+00   0.0000000E+00   0.0000000E+00
   1.5533095E+03   2.3100000E+03   0.0000000E+00   0.0000000E+00   0.0000000E+00
   1.5533137E+03   2.2720000E+03   1.0000000E+00   1.4624468E-04   3.3719440E-01
   1.5533179E+03   2.3030000E+03   1.0000000E+00   2.5356956E-04   5.8397069E-01
   1.5533221E+03   2.2500000E+03   0.0000000E+00   5.3809188E-05   0.0000000E+00
   1.5533263E+03   2.2090000E+03   1.0000000E+00   2.3812712E-04   5.2602281E-01
   1.5533305E+03   2.2310000E+03   1.0000000E+00   1.2388276E-04   2.8881855E-01
   1.5533347E+03   2.2950000E+03   3.0000000E+00   1.2085064E-04   9.2450740E-02
   1.5533389E+03   2.2910000E+03   3.0000000E+00   1.0874009E-04   7.7460534E-02
   1.5533431E+03   2.1930000E+03   0.0000000E+00   0.0000000E+00   0.0000000E+00
   1.5533473E+03   2.3120000E+03   1.0000000E+00   3.5409490E-04   7.8661306E-01
   1.5533515E+03   2.2330000E+03   2.0000000E+00   4.9415151E-04   5.5172016E-01
   1.5533557E+03   2.2240000E+03   1.0000000E+00   1.4950896E-04   3.3250793E-01
   1.5533599E+03   2.2620000E+03   2.0000000E+00   4.4521368E-05   6.2955118E-02
   1.5533641E+03   2.2970000E+03   1.0000000E+00   6.4454252E-05   1.3820590E-01
   1.5533683E+03   2.3150000E+03   0.0000000E+00   0.0000000E+00   0.0000000E+00
   1.5533725E+03   2.3240000E+03   3.0000000E+00   1.7670749E-04   1.5071065E-01
   1.5533767E+03   2.2520000E+03   3.0000000E+00   4.5107886E-04   3.3860987E-01
   1.5533809E+03   2.2530000E+03   1.0000000E+00   2.9174943E-04   6.5731146E-01
   1.5533850E+03   2.2880000E+03   1.0000000E+00   3.0838336E-04   7.0558113E-01
   1.5533892E+03   2.3190000E+03   2.0000000E+00   5.3270284E-04   6.2879915E-01
   1.5533934E+03   2.2730000E+03   3.0000000E+00   2.8067355E-04   2.1265700E-01
   1.5533976E+03   2.2850000E+03   0.0000000E+00   0.0000000E+00   0.0000000E+00
   1.5534018E+03   2.1920000E+03   1.0000000E+00   1.8428713E-04   4.0395739E-01
   1.5534060E+03   2.2680000E+03   1.0000000E+00   2.3993792E-04   5.4417920E-01
   1.5534102E+03   2.2830000E+03   0.0000000E+00   0.0000000E+00   0.0000000E+00
   1.5534144E+03   2.3080000E+03   0.0000000E+00   0.0000000E+00   0.0000000E+00
   1.5534186E+03   2.3400000E+03   1.0000000E+00   8.5803371E-05   2.0077989E-01
   1.5534228E+03   2.2010000E+03   1.0000000E+00   2.1260468E-04   4.6794290E-01
   1.5534270E+03   2.2290000E+03   4.0000000E+00   4.4744637E-04   2.4933949E-01
   1.5534312E+03   2.2970000E+03   2.0000000E+00   4.7787123E-04   5.4883510E-01
   1.5534354E+03   2.2770000E+03   1.0000000E+00   2.5824128E-04   5.8801540E-01
   1.5534396E+03   2.2450000E+03   2.0000000E+00   6.0778714E-04   6.5255824E-01
   1.5534438E+03   2.1900000E+03   1.0000000E+00   4.5685377E-05   1.0005098E-01
   1.5534480E+03   2.1680000E+03   2.0000000E+00   3.5880666E-04   3.8894642E-01
   1.5534522E+03   2.3390000E+03   1.0000000E+00   9.6271675E-05   2.2517945E-01
   1.5534564E+03   2.2100000E+03   3.0000000E+00   4.7854875E-04   3.5253091E-01
   1.5534606E+03   2.1830000E+03   2.0000000E+00   3.3767659E-04   3.6857400E-01
   1.5534647E+03   2.2300000E+03   2.0000000E+00   4.2647464E-04   4.7551922E-01
   1.5534689E+03   2.2660000E+03   3.0000000E+00   1.9711877E-04   1.4889038E-01
   1.5534731E+03   2.1880000E+03   2.0000000E+00   1.2055292E-04   1.3188490E-01
   1.5534773E+03   2.2530000E+03   3.0000000E+00   2.0653862E-04   1.5511050E-01
   1.5534815E+03   2.2140000E+03   1.0000000E+00   1.6773326E-04   3.3147403E-01
   1.5534857E+03   2.2460000E+03   0.0000000E+00   9.0507768E-06   0.0000000E+00
   1.5534899E+03   2.1760000E+03   0.0000000E+00   0.0000000E+00   0.0000000E+00
   1.5534941E+03   2.2450000E+03   1.0000000E+00   2.1403313E-04   4.8050438E-01
   1.5534983E+03   2.1450000E+03   0.0000000E+00   0.0000000E+00   0.0000000E+00
   1.5535025E+03   2.2080000E+03   1.0000000E+00   3.5267040E-04   7.7869625E-01
   1.5535067E+03   2.2660000E+03   0.0000000E+00   0.0000000E+00   0.0000000E+00
   1.5535109E+03   2.1320000E+03   3.0000000E+00   6.8363632E-04   4.8583754E-01
   1.5535151E+03   2.2210000E+03   1.0000000E+00   2.9140196E-04   5.3797862E-01
   1.5535193E+03   2.2120000E+03   0.0000000E+00   0.0000000E+00   0.0000000E+00
   1.5535235E+03   2.2020000E+03   4.0000000E+00   5.8145878E-04   2.6380550E-01
   1.5535277E+03   2.2720000E+03   1.0000000E+00   3.3374113E-04   7.5825984E-01
   1.5535319E+03   2.2010000E+03   4.0000000E+00   9.6940417E-04   5.3341464E-01
   1.5535361E+03   2.1980000E+03   2.0000000E+00   1.0486903E-04   1.5980318E-01
   1.5535403E+03   2.2190000E+03   0.0000000E+00   0.0000000E+00   0.0000000E+00
   1.5535445E+03   2.2160000E+03   0.0000000E+00   9.8414675E-06   0.0000000E+00
   1.5535486E+03   2.1690000E+03   0.0000000E+00   0.0000000E+00   0.0000000E+00
   1.5535528E+03   2.1800000E+03   1.0000000E+00   2.7304575E-04   5.9523973E-01
   1.5535570E+03   2.0970000E+03   1.0000000E+00   3.8051669E-04   7.9794350E-01
   1.5535612E+03   2.2210000E+03   2.0000000E+00   5.2515843E-04   5.8318843E-01
   1.5535654E+03   2.2840000E+03   0.0000000E+00   0.0000000E+00   0.0000000E+00
   1.5535696E+03   2.2120000E+03   1.0000000E+00   3.0942478E-04   6.8444762E-01
   1.5535738E+03   2.2470000E+03   2.0000000E+00   2.3801870E-04   2.8255081E-01
   1.5535780E+03   2.1610000E+03   1.0000000E+00   2.7569949E-04   5.9578660E-01
   1.5535822E+03   2.1550000E+03   1.0000000E+00   2.6016414E-04   5.6065373E-01
   1.5535864E+03   2.1380000E+03   1.0000000E+00   3.7769029E-04   8.0750185E-01
   1.5535906E+03   2.1930000E+03   1.0000000E+00   1.4231350E-04   3.1209351E-01
   1.5535948E+03   2.2270000E+03   0.0000000E+00   0.0000000E+00   0.0000000E+00
   1.5535990E+03   2.2040000E+03   1.0000000E+00   8.4922008E-05   1.8716811E-01
   1.5536032E+03   2.1420000E+03   1.0000000E+00   3.7085961E-04   7.9438128E-01
   1.5536074E+03   2.1700000E+03   3.0000000E+00   1.0610241E-03   5.4332565E-01
   1.5536116E+03   2.1330000E+03   0.0000000E+00   4.5930526E-05   0.0000000E+00
   1.5536158E+03   2.1180000E+03   0.0000000E+00   0.0000000E+00   0.0000000E+00
   1.5536200E+03   2.1500000E+03   1.0000000E+00   8.2095042E-05   1.7650434E-01
   1.5536242E+03   2.1230000E+03   0.0000000E+00   6.9717007E-05   0.0000000E+00
   1.5536284E+03   2.1780000E+03   1.0000000E+00   3.7276250E-04   8.1187673E-01
   1.5536326E+03   2.1840000E+03   3.0000000E+00   4.1523358E-04   3.0229005E-01
   1.5536367E+03   2.0750000E+03   1.0000000E+00   8.2800422E-05   1.7181088E-01
   1.5536409E+03   2.1160000E+03   0.0000000E+00   0.0000000E+00   0.0000000E+00
   1.5536451E+03   2.1090000E+03   0.0000000E+00   6.5573053E-06   0.0000000E+00
   1.5536493E+03   2.2290000E+03   3.0000000E+00   1.5431436E-04   1.7454281E-01
   1.5536535E+03   2.1450000E+03   0.0000000E+00   1.9858083E-04   0.0000000E+00
   1.5536577E+03   2.1560000E+03   0.0000000E+00   7.1257426E-05   0.0000000E+00
   1.5536619E+03   2.1320000E+03   1.0000000E+00   2.0580455E-04   4.3877530E-01
   1.5536661E+03   2.1040000E+03   1.0000000E+00   2.6495851E-04   5.5747270E-01
   1.5536703E+03   2.1420000E+03   0.0000000E+00   0.0000000E+00   0.0000000E+00
   1.5536745E+03   2.1270000E+03   2.0000000E+00   8.7199920E-05   8.8145755E-02
   1.5536787E+03   2.0990000E+03   0.0000000E+00   0.0000000E+00   0.0000000E+00
   1.5536829E+03   2.1380000E+03   2.0000000E+00   1.9595499E-04   2.0947589E-01
   1.5536871E+03   2.1510000E+03   4.0000000E+00   4.0451086E-04   2.1752571E-01
   1.5536913E+03   2.1910000E+03   1.0000000E+00   3.2309365E-04   7.0789819E-01
   1.5536955E+03   2.1780000E+03   1.0000000E+00   1.2664242E-04   2.7582719E-01
   1.5536997E+03   2.1690000E+03   2.0000000E+00   3.4852366E-04   3.7797391E-01
   1.5537039E+03   2.1770000E+03   2.0000000E+00   4.1690676E-04   4.5380301E-01
   1.5537081E+03   2.1090000E+03   0.0000000E+00   0.0000000E+00   0.0000000E+00
   1.5537123E+03   2.1020000E+03   0.0000000E+00   0.0000000E+00   0.0000000E+00
   1.5537164E+03   2.1410000E+03   2.0000000E+00   5.2052489E-04   5.5722189E-01
   1.5537206E+03   2.0950000E+03   1.0000000E+00   7.5371598E-05   1.5790350E-01
   1.5537248E+03   2.0970000E+03   1.0000000E+00   2.8884916E-04   6.0571669E-01
   1.5537290E+03   2.1560000E+03   1.0000000E+00   2.2634819E-04   4.8800670E-01
   1.5537332E+03   2.1070000E+03   1.0000000E+00   2.0285324E-04   4.2741177E-01
   1.5537374E+03   2.2070000E+03   2.0000000E+00   7.5556087E-05   8.7162659E-02
   1.5537416E+03   2.0870000E+03   1.0000000E+00   3.8220346E-04   7.9922071E-01
   1.5537458E+03   2.0500000E+03   2.0000000E+00   2.8988296E-04   2.9713003E-01
   1.5537500E+03   2.0680000E+03   0.0000000E+00   0.0000000E+00   0.0000000E+00
   1.5537542E+03   2.1700000E+03   0.0000000E+00   0.0000000E+00   0.0000000E+00
   1.5537584E+03   2.1330000E+03   2.0000000E+00   4.5191532E-04   4.8196768E-01
   1.5537626E+03   2.1930000E+03   2.0000000E+00   2.6564794E-04   2.9128297E-01
   1.5537668E+03   2.1670000E+03   1.0000000E+00   1.1195762E-04   2.2407233E-01
   1.5537710E+03   2.1310000E+03   0.0000000E+00   0.0000000E+00   0.0000000E+00
   1.5537752E+03   2.0650000E+03   1.0000000E+00   4.8930626E-04   4.4180734E-01
   1.5537794E+03   2.0930000E+03   0.0000000E+00   0.0000000E+00   0.0000000E+00
   1.5537836E+03   2.0940000E+03   0.0000000E+00   6.3604046E-05   0.0000000E+00
   1.5537878E+03   2.0910000E+03   0.0000000E+00   0.0000000E+00   0.0000000E+00
   1.5537920E+03   2.1830000E+03   2.0000000E+00   2.2646273E-04   2.4718406E-01
   1.5537962E+03   2.0570000E+03   2.0000000E+00   5.7229038E-04   5.4798925E-01
   1.5538003E+03   2.0870000E+03   0.0000000E+00   1.6113765E-04   0.0000000E+00
   1.5538045E+03   2.1230000E+03   0.0000000E+00   0.0000000E+00   0.0000000E+00
   1.5538087E+03   2.1530000E+03   0.0000000E+00   0.0000000E+00   0.0000000E+00
   1.5538129E+03   2.1540000E+03   1.0000000E+00   2.1745743E-04   4.6840329E-01
   1.5538171E+03   2.1290000E+03   0.0000000E+00   0.0000000E+00   0.0000000E+00
   1.5538213E+03   2.1670000E+03   0.0000000E+00   0.0000000E+00   0.0000000E+00
   1.5538255E+03   2.0960000E+03   0.0000000E+00   0.0000000E+00   0.0000000E+00
   1.5538297E+03   2.0540000E+03   2.0000000E+00   5.6066399E-04   5.7580192E-01
   1.5538339E+03   2.1130000E+03   3.0000000E+00   3.1882859E-04   3.0772835E-01
   1.5538381E+03   2.1540000E+03   0.0000000E+00   0.0000000E+00   0.0000000E+00
   1.5538423E+03   2.0860000E+03   1.0000000E+00   1.6349548E-04   3.4105157E-01
   1.5538465E+03   2.0980000E+03   1.0000000E+00   1.5354537E-04   3.2256046E-01
   1.5538507E+03   2.0940000E+03   2.0000000E+00   8.6770354E-05   9.0848561E-02
   1.5538549E+03   2.1650000E+03   2.0000000E+00   6.2882934E-04   6.8070776E-01
   1.5538591E+03   2.0450000E+03   4.0000000E+00   3.9307464E-04   2.0095941E-01
   1.5538633E+03   2.0200000E+03   1.0000000E+00   1.5888205E-04   2.8241129E-01
   1.5538675E+03   2.1460000E+03   1.0000000E+00   7.8823741E-05   1.6915575E-01
   1.5538717E+03   2.0160000E+03   4.0000000E+00   4.1119908E-04   2.2215134E-01
   1.5538759E+03   2.0770000E+03   0.0000000E+00   0.0000000E+00   0.0000000E+00
   1.5538801E+03   2.0960000E+03   0.0000000E+00   0.0000000E+00   0.0000000E+00
   1.5538842E+03   2.0740000E+03   1.0000000E+00   3.6475354E-04   7.5771353E-01
   1.5538884E+03   2.0350000E+03   2.0000000E+00   1.6691438E-04   9.8016684E-02
   1.5538926E+03   2.0150000E+03   2.0000000E+00   5.2380929E-04   5.2773786E-01
   1.5538968E+03   2.0670000E+03   2.0000000E+00   2.4456799E-04   2.5276101E-01
   1.5539010E+03   2.0470000E+03   0.0000000E+00   0.0000000E+00   0.0000000E+00
   1.5539052E+03   2.0720000E+03   0.0000000E+00   0.0000000E+00   0.0000000E+00
   1.5539094E+03   2.0350000E+03   1.0000000E+00   2.2010624E-04   4.4791619E-01
   1.5539136E+03   2.1000000E+03   1.0000000E+00   1.9229016E-04   3.5393175E-01
   1.5539178E+03   2.0090000E+03   1.0000000E+00   2.2427334E-04   4.5056513E-01
   1.5539220E+03   2.0220000E+03   4.0000000E+00   5.2200380E-04   2.6256766E-01
   1.5539262E+03   1.9570000E+03   1.0000000E+00   4.0967642E-04   7.9415423E-01
   1.5539304E+03   2.1030000E+03   0.0000000E+00   0.0000000E+00   0.0000000E+00
   1.5539346E+03   2.1510000E+03   2.0000000E+00   3.2500470E-04   3.4954255E-01
   1.5539388E+03   1.9940000E+03   2.0000000E+00   3.9873948E-04   3.9754326E-01
   1.5539430E+03   2.0390000E+03   1.0000000E+00   2.8805311E-04   5.8734029E-01
   1.5539472E+03   2.0300000E+03   3.0000000E+00   4.5283688E-04   3.0641963E-01
   1.5539514E+03   2.1120000E+03   1.0000000E+00   3.8554592E-04   8.1427298E-01
   1.5539556E+03   2.0120000E+03   2.0000000E+00   5.7495804E-04   5.7840779E-01
   1.5539598E+03   2.0790000E+03   1.0000000E+00   3.9456815E-04   8.2030718E-01
   1.5539640E+03   2.0160000E+03   1.0000000E+00   3.9523305E-04   7.9678982E-01
   1.5539681E+03   1.9470000E+03   2.0000000E+00   6.7433041E-04   6.5646065E-01
   1.5539723E+03   2.0900000E+03   0.0000000E+00   0.0000000E+00   0.0000000E+00
   1.5539765E+03   2.0380000E+03   0.0000000E+00   0.0000000E+00   0.0000000E+00
   1.5539807E+03   1.9800000E+03   2.0000000E+00   3.8523333E-04   3.8138100E-01
   1.5539849E+03   2.0120000E+03   2.0000000E+00   6.0749276E-04   6.1113771E-01
   1.5539891E+03   2.0240000E+03   1.0000000E+00   4.1162477E-04   8.3312854E-01
   1.5539933E+03   2.0470000E+03   1.0000000E+00   2.4179412E-04   6.1465555E-01
   1.5539975E+03   2.0790000E+03   2.0000000E+00   2.1163646E-04   2.1999610E-01
   1.5540017E+03   2.0440000E+03   0.0000000E+00   0.0000000E+00   0.0000000E+00
   1.5540059E+03   1.9930000E+03   1.0000000E+00   2.1162126E-04   4.2176117E-01
   1.5540101E+03   2.0930000E+03   2.0000000E+00   4.0519975E-04   4.6688365E-01
   1.5540143E+03   2.0050000E+03   1.0000000E+00   7.6535358E-05   7.3886102E-02
   1.5540185E+03   2.0050000E+03   1.0000000E+00   2.6724770E-04   4.1637817E-01
   1.5540227E+03   2.0600000E+03   0.0000000E+00   0.0000000E+00   0.0000000E+00
   1.5540269E+03   2.0260000E+03   3.0000000E+00   2.1556512E-04   1.4557831E-01
   1.5540311E+03   2.0230000E+03   1.0000000E+00   2.6799820E-04   5.4216035E-01
   1.5540353E+03   2.0100000E+03   1.0000000E+00   2.1901075E-04   4.4021162E-01
   1.5540395E+03   1.9710000E+03   1.0000000E+00   3.6386722E-04   7.1718228E-01
   1.5540437E+03   2.0090000E+03   0.0000000E+00   0.0000000E+00   0.0000000E+00
   1.5540479E+03   2.0260000E+03   1.0000000E+00   9.0255962E-05   1.8285858E-01
   1.5540521E+03   1.9810000E+03   2.0000000E+00   2.8175264E-04   2.7907599E-01
   1.5540562E+03   2.0140000E+03   1.0000000E+00   3.5951394E-04   8.4186788E-01
   1.5540604E+03   2.0210000E+03   0.0000000E+00   7.6741696E-05   0.0000000E+00
   1.5540646E+03   2.0490000E+03   0.0000000E+00   0.0000000E+00   0.0000000E+00
   1.5540688E+03   2.0860000E+03   2.0000000E+00   6.1707951E-04   6.4361393E-01
   1.5540730E+03   2.0080000E+03   0.0000000E+00   0.0000000E+00   0.0000000E+00
   1.5540772E+03   1.9820000E+03   0.0000000E+00   0.0000000E+00   0.0000000E+00
   1.5540814E+03   2.0660000E+03   0.0000000E+00   0.0000000E+00   0.0000000E+00
   1.5540856E+03   2.0450000E+03   1.0000000E+00   1.8658247E-04   3.8156116E-01
   1.5540898E+03   2.0260000E+03   0.0000000E+00   4.1608386E-04   0.0000000E+00
   1.5540940E+03   1.9560000E+03   3.0000000E+00   4.0955584E-04   2.7304568E-01
   1.5540982E+03   1.9720000E+03   0.0000000E+00   0.0000000E+00   0.0000000E+00
   1.5541024E+03   2.0100000E+03   1.0000000E+00   2.0690574E-04   4.1588053E-01
   1.5541066E+03   1.9860000E+03   1.0000000E+00   4.3144612E-05   8.5685199E-02
   1.5541108E+03   2.0100000E+03   2.0000000E+00   8.0602754E-05   8.1005767E-02
   1.5541150E+03   1.9800000E+03   2.0000000E+00   5.6994816E-04   5.6424868E-01
   1.5541192E+03   2.0390000E+03   0.0000000E+00   5.6741850E-05   0.0000000E+00
   1.5541234E+03   1.9120000E+03   0.0000000E+00   0.0000000E+00   0.0000000E+00
   1.5541276E+03   1.9910000E+03   1.0000000E+00   2.4885945E-04   4.9547916E-01
   1.5541318E+03   1.9260000E+03   1.0000000E+00   4.3981851E-04   8.4709045E-01
   1.5541359E+03   2.0480000E+03   0.0000000E+00   7.4968116E-06   0.0000000E+00
   1.5541401E+03   1.9470000E+03   0.0000000E+00   0.0000000E+00   0.0000000E+00
   1.5541443E+03   1.9500000E+03   1.0000000E+00   1.0431054E-04   3.0258052E-01
   1.5541485E+03   1.9720000E+03   1.0000000E+00   3.9328813E-04   7.7556420E-01
   1.5541527E+03   2.0360000E+03   0.0000000E+00   0.0000000E+00   0.0000000E+00
   1.5541569E+03   1.9330000E+03   1.0000000E+00   4.2165987E-04   8.1506853E-01
   1.5541611E+03   1.9990000E+03   1.0000000E+00   2.6571677E-04   5.3121263E-01
   1.5541653E+03   2.0410000E+03   0.0000000E+00   0.0000000E+00   0.0000000E+00
   1.5541695E+03   1.9930000E+03   0.0000000E+00   0.0000000E+00   0.0000000E+00
   1.5541737E+03   1.9930000E+03   0.0000000E+00   0.0000000E+00   0.0000000E+00
   1.5541779E+03   1.9380000E+03   2.0000000E+00   1.4609056E-04   1.7321297E-01
   1.5541821E+03   2.0070000E+03   0.0000000E+00   0.0000000E+00   0.0000000E+00
   1.5541863E+03   2.0570000E+03   3.0000000E+00   4.1346204E-04   2.8349714E-01
   1.5541905E+03   2.0330000E+03   3.0000000E+00   4.8350618E-04   3.4043591E-01
   1.5541947E+03   2.0010000E+03   0.0000000E+00   0.0000000E+00   0.0000000E+00
   1.5541989E+03   2.0070000E+03   2.0000000E+00   4.2289149E-04   4.2437161E-01
   1.5542031E+03   1.9480000E+03   0.0000000E+00   0.0000000E+00   0.0000000E+00
   1.5542073E+03   1.9770000E+03   0.0000000E+00   0.0000000E+00   0.0000000E+00
   1.5542115E+03   1.9800000E+03   0.0000000E+00   0.0000000E+00   0.0000000E+00
   1.5542157E+03   1.9010000E+03   1.0000000E+00   3.2684045E-04   6.8539170E-01
   1.5542198E+03   1.9190000E+03   0.0000000E+00   0.0000000E+00   0.0000000E+00
   1.5542240E+03   1.9310000E+03   0.0000000E+00   0.0000000E+00   0.0000000E+00
   1.5542282E+03   1.9390000E+03   1.0000000E+00   4.3409163E-04   8.4170367E-01
   1.5542324E+03   1.9610000E+03   0.0000000E+00   0.0000000E+00   0.0000000E+00
   1.5542366E+03   1.9470000E+03   1.0000000E+00   2.9575605E-04   5.7583702E-01
   1.5542408E+03   2.0040000E+03   1.0000000E+00   3.7294212E-04   7.4737601E-01
   1.5542450E+03   2.0070000E+03   0.0000000E+00   0.0000000E+00   0.0000000E+00
   1.5542492E+03   2.0100000E+03   0.0000000E+00   0.0000000E+00   0.0000000E+00
   1.5542534E+03   1.9160000E+03   1.0000000E+00   1.6905463E-04   3.2390867E-01
   1.5542576E+03   1.8450000E+03   2.0000000E+00   5.2928547E-04   4.9594100E-01
   1.5542618E+03   1.9870000E+03   1.0000000E+00   4.1492987E-04   8.2446565E-01
   1.5542660E+03   1.9230000E+03   1.0000000E+00   2.7020483E-04   5.1960389E-01
   1.5542702E+03   1.8940000E+03   0.0000000E+00   0.0000000E+00   0.0000000E+00
   1.5542744E+03   1.9060000E+03   1.0000000E+00   3.2815355E-04   6.2546067E-01
   1.5542786E+03   1.9500000E+03   2.0000000E+00   2.1557388E-04   2.1160013E-01
   1.5542828E+03   1.9030000E+03   1.0000000E+00   3.6604335E-04   7.2848559E-01
   1.5542870E+03   1.9260000E+03   1.0000000E+00   2.0471542E-04   3.9428189E-01
   1.5542912E+03   1.9460000E+03   1.0000000E+00   7.8445270E-05   1.5265450E-01
   1.5542954E+03   1.9370000E+03   1.0000000E+00   1.6442914E-04   3.1849924E-01
   1.5542996E+03   1.9280000E+03   2.0000000E+00   4.0013507E-04   3.6460746E-01
   1.5543038E+03   1.9180000E+03   0.0000000E+00   0.0000000E+00   0.0000000E+00
   1.5543079E+03   1.9780000E+03   1.0000000E+00   4.2656138E-04   8.4373841E-01
   1.5543121E+03   1.8700000E+03   1.0000000E+00   2.0471097E-04   3.8280951E-01
   1.5543163E+03   1.8790000E+03   0.0000000E+00   0.0000000E+00   0.0000000E+00
   1.5543205E+03   1.9870000E+03   2.0000000E+00   1.9125829E-04   1.9001511E-01
   1.5543247E+03   1.8800000E+03   0.0000000E+00   2.7144413E-05   0.0000000E+00
   1.5543289E+03   1.8250000E+03   0.0000000E+00   0.0000000E+00   0.0000000E+00
   1.5543331E+03   1.8790000E+03   1.0000000E+00   4.3932260E-04   8.2548716E-01
   1.5543373E+03   1.8280000E+03   1.0000000E+00   4.4048721E-04   7.0697046E-01
   1.5543415E+03   1.8180000E+03   0.0000000E+00   6.0832676E-06   0.0000000E+00
   1.5543457E+03   1.9720000E+03   0.0000000E+00   0.0000000E+00   0.0000000E+00
   1.5543499E+03   1.9310000E+03   1.0000000E+00   2.0476961E-04   3.9541012E-01
   1.5543541E+03   1.9400000E+03   0.0000000E+00   2.3351855E-05   0.0000000E+00
   1.5543583E+03   1.9210000E+03   0.0000000E+00   0.0000000E+00   0.0000000E+00
   1.5543625E+03   1.9700000E+03   1.0000000E+00   3.9118557E-04   6.8756554E-01
   1.5543667E+03   1.9270000E+03   2.0000000E+00   2.4177803E-04   2.3295314E-01
   1.5543709E+03   1.9020000E+03   0.0000000E+00   0.0000000E+00   0.0000000E+00
   1.5543751E+03   1.9600000E+03   2.0000000E+00   3.1904878E-04   3.1266780E-01
   1.5543793E+03   1.9440000E+03   0.0000000E+00   0.0000000E+00   0.0000000E+00
   1.5543835E+03   1.8950000E+03   1.0000000E+00   4.1134047E-04   7.3777691E-01
   1.5543876E+03   1.8820000E+03   0.0000000E+00   8.4385891E-05   0.0000000E+00
   1.5543918E+03   1.8650000E+03   0.0000000E+00   0.0000000E+00   0.0000000E+00
   1.5543960E+03   1.8950000E+03   0.0000000E+00   0.0000000E+00   0.0000000E+00
   1.5544002E+03   1.8930000E+03   0.0000000E+00   0.0000000E+00   0.0000000E+00
   1.5544044E+03   1.9460000E+03   0.0000000E+00   0.0000000E+00   0.0000000E+00
   1.5544086E+03   1.8800000E+03   0.0000000E+00   0.0000000E+00   0.0000000E+00
   1.5544128E+03   1.9100000E+03   1.0000000E+00   6.8849850E-05   5.9587535E-02
   1.5544170E+03   1.8650000E+03   0.0000000E+00   4.9445143E-05   0.0000000E+00
   1.5544212E+03   1.9170000E+03   0.0000000E+00   3.1891224E-05   0.0000000E+00
   1.5544254E+03   1.8600000E+03   0.0000000E+00   0.0000000E+00   0.0000000E+00
   1.5544296E+03   1.9350000E+03   1.0000000E+00   4.3874223E-04   8.4896621E-01
   1.5544338E+03   1.8680000E+03   1.0000000E+00   2.3941800E-04   4.4723283E-01
   1.5544380E+03   1.8720000E+03   0.0000000E+00   0.0000000E+00   0.0000000E+00
   1.5544422E+03   1.8260000E+03   2.0000000E+00   1.5188008E-04   1.3866651E-01
   1.5544464E+03   1.8780000E+03   1.0000000E+00   2.4471497E-04   4.5957472E-01
   1.5544506E+03   1.8350000E+03   0.0000000E+00   3.5455985E-05   0.0000000E+00
   1.5544548E+03   1.8450000E+03   0.0000000E+00   0.0000000E+00   0.0000000E+00
   1.5544590E+03   1.9000000E+03   0.0000000E+00   0.0000000E+00   0.0000000E+00
   1.5544632E+03   1.8510000E+03   1.0000000E+00   4.2878793E-04   7.9368645E-01
   1.5544674E+03   1.8540000E+03   0.0000000E+00   1.9290813E-04   0.0000000E+00
   1.5544715E+03   1.7980000E+03   2.0000000E+00   1.1469589E-04   1.5081876E-01
   1.5544757E+03   1.8550000E+03   1.0000000E+00   1.0412620E-04   8.1002392E-02
   1.5544799E+03   1.8740000E+03   1.0000000E+00   4.1647756E-04   7.8047895E-01
   1.5544841E+03   1.8450000E+03   0.0000000E+00   4.2498477E-05   0.0000000E+00
   1.5544883E+03   1.9060000E+03   0.0000000E+00   0.0000000E+00   0.0000000E+00
   1.5544925E+03   1.9230000E+03   0.0000000E+00   0.0000000E+00   0.0000000E+00
   1.5544967E+03   1.8790000E+03   2.0000000E+00   3.9102988E-04   3.6737257E-01
   1.5545009E+03   1.8100000E+03   2.0000000E+00   1.1080573E-04   1.0027919E-01
   1.5545051E+03   1.8490000E+03   0.0000000E+00   0.0000000E+00   0.0000000E+00
   1.5545093E+03   1.8450000E+03   0.0000000E+00   0.0000000E+00   0.0000000E+00
   1.5545135E+03   1.8500000E+03   0.0000000E+00   0.0000000E+00   0.0000000E+00
   1.5545177E+03   1.9090000E+03   0.0000000E+00   0.0000000E+00   0.0000000E+00
   1.5545219E+03   1.8450000E+03   0.0000000E+00   0.0000000E+00   0.0000000E+00
   1.5545261E+03   1.9190000E+03   0.0000000E+00   0.0000000E+00   0.0000000E+00
   1.5545303E+03   1.8630000E+03   1.0000000E+00   4.6103606E-04   8.5891018E-01
   1.5545345E+03   1.8960000E+03   2.0000000E+00   2.5496558E-04   2.4170737E-01
   1.5545387E+03   1.8090000E+03   2.0000000E+00   7.4220618E-04   6.7132549E-01
   1.5545429E+03   1.8500000E+03   0.0000000E+00   5.8418224E-05   0.0000000E+00
   1.5545471E+03   1.8870000E+03   0.0000000E+00   0.0000000E+00   0.0000000E+00
   1.5545513E+03   1.8520000E+03   1.0000000E+00   1.1160331E-04   2.0668934E-01
   1.5545554E+03   1.8360000E+03   0.0000000E+00   0.0000000E+00   0.0000000E+00
   1.5545596E+03   1.8980000E+03   1.0000000E+00   1.2819695E-04   2.4331780E-01
   1.5545638E+03   1.8340000E+03   0.0000000E+00   7.4737400E-07   0.0000000E+00
   1.5545680E+03   1.8830000E+03   2.0000000E+00   4.7547668E-04   4.4766130E-01
   1.5545722E+03   1.8470000E+03   1.0000000E+00   4.2410400E-04   7.8332009E-01
   1.5545764E+03   1.9010000E+03   0.0000000E+00   0.0000000E+00   0.0000000E+00
   1.5545806E+03   1.8520000E+03   1.0000000E+00   2.5612710E-04   4.7434738E-01
   1.5545848E+03   1.9070000E+03   2.0000000E+00   3.3399320E-04   3.1846252E-01
   1.5545890E+03   1.8190000E+03   0.0000000E+00   0.0000000E+00   0.0000000E+00
   1.5545932E+03   1.8600000E+03   1.0000000E+00   2.8538921E-04   5.3082393E-01
   1.5545974E+03   1.8230000E+03   2.0000000E+00   4.1904176E-04   3.8195656E-01
   1.5546016E+03   1.8470000E+03   2.0000000E+00   2.3129407E-04   2.1360007E-01
   1.5546058E+03   1.7770000E+03   0.0000000E+00   0.0000000E+00   0.0000000E+00
   1.5546100E+03   1.8120000E+03   0.0000000E+00   0.0000000E+00   0.0000000E+00
   1.5546142E+03   1.8220000E+03   0.0000000E+00   0.0000000E+00   0.0000000E+00
   1.5546184E+03   1.8360000E+03   0.0000000E+00   0.0000000E+00   0.0000000E+00
   1.5546226E+03   1.7450000E+03   1.0000000E+00   4.3115222E-04   7.5236063E-01
   1.5546268E+03   1.8470000E+03   0.0000000E+00   0.0000000E+00   0.0000000E+00
   1.5546310E+03   1.8560000E+03   0.0000000E+00   0.0000000E+00   0.0000000E+00
   1.5546352E+03   1.7350000E+03   0.0000000E+00   0.0000000E+00   0.0000000E+00
   1.5546393E+03   1.8000000E+03   0.0000000E+00   0.0000000E+00   0.0000000E+00
   1.5546435E+03   1.8120000E+03   1.0000000E+00   1.7978938E-04   3.2577835E-01
   1.5546477E+03   1.8080000E+03   1.0000000E+00   5.3023303E-05   9.5866132E-02
   1.5546519E+03   1.7690000E+03   1.0000000E+00   1.2394204E-04   2.1925346E-01
   1.5546561E+03   1.7590000E+03   0.0000000E+00   4.9110756E-05   0.0000000E+00
   1.5546603E+03   1.7920000E+03   0.0000000E+00   0.0000000E+00   0.0000000E+00
   1.5546645E+03   1.8200000E+03   1.0000000E+00   4.4889842E-04   8.1699512E-01
   1.5546687E+03   1.7210000E+03   0.0000000E+00   0.0000000E+00   0.0000000E+00
   1.5546729E+03   1.7850000E+03   1.0000000E+00   3.2957461E-04   5.8829068E-01
   1.5546771E+03   1.8010000E+03   0.0000000E+00   0.0000000E+00   0.0000000E+00
   1.5546813E+03   1.8330000E+03   1.0000000E+00   3.6588021E-04   6.7065842E-01
   1.5546855E+03   1.7990000E+03   0.0000000E+00   0.0000000E+00   0.0000000E+00
   1.5546897E+03   1.8650000E+03   2.0000000E+00   5.2328111E-04   4.8795964E-01
   1.5546939E+03   1.7520000E+03   0.0000000E+00   0.0000000E+00   0.0000000E+00
   1.5546981E+03   1.7410000E+03   0.0000000E+00   0.0000000E+00   0.0000000E+00
   1.5547023E+03   1.7730000E+03   0.0000000E+00   0.0000000E+00   0.0000000E+00
   1.5547065E+03   1.7080000E+03   0.0000000E+00   0.0000000E+00   0.0000000E+00
   1.5547107E+03   1.8080000E+03   0.0000000E+00   0.0000000E+00   0.0000000E+00
   1.5547149E+03   1.8490000E+03   2.0000000E+00   1.4415198E-04   1.3326850E-01
   1.5547191E+03   1.6900000E+03   0.0000000E+00   0.0000000E+00   0.0000000E+00
   1.5547233E+03   1.8640000E+03   1.0000000E+00   2.8005802E-04   5.2202814E-01
   1.5547274E+03   1.7780000E+03   1.0000000E+00   3.2662663E-04   4.9644406E-01
   1.5547316E+03   1.7970000E+03   0.0000000E+00   0.0000000E+00   0.0000000E+00
   1.5547358E+03   1.8030000E+03   1.0000000E+00   4.6040398E-04   8.3010837E-01
   1.5547400E+03   1.7800000E+03   0.0000000E+00   0.0000000E+00   0.0000000E+00
   1.5547442E+03   1.7770000E+03   0.0000000E+00   0.0000000E+00   0.0000000E+00
   1.5547484E+03   1.7730000E+03   0.0000000E+00   0.0000000E+00   0.0000000E+00
   1.5547526E+03   1.7100000E+03   1.0000000E+00   2.2200497E-04   3.7962849E-01
   1.5547568E+03   1.8210000E+03   0.0000000E+00   4.4116930E-05   0.0000000E+00
   1.5547610E+03   1.7600000E+03   0.0000000E+00   0.0000000E+00   0.0000000E+00
   1.5547652E+03   1.7230000E+03   2.0000000E+00   6.7947498E-04   5.8536769E-01
   1.5547694E+03   1.7480000E+03   0.0000000E+00   0.0000000E+00   0.0000000E+00
   1.5547736E+03   1.7920000E+03   0.0000000E+00   0.0000000E+00   0.0000000E+00
   1.5547778E+03   1.7540000E+03   0.0000000E+00   0.0000000E+00   0.0000000E+00
   1.5547820E+03   1.6620000E+03   0.0000000E+00   9.7874898E-06   0.0000000E+00
   1.5547862E+03   1.6960000E+03   1.0000000E+00   3.1414260E-04   5.3278584E-01
   1.5547904E+03   1.7530000E+03   0.0000000E+00   0.0000000E+00   0.0000000E+00
   1.5547946E+03   1.7610000E+03   0.0000000E+00   0.0000000E+00   0.0000000E+00
   1.5547988E+03   1.6990000E+03   2.0000000E+00   4.6992800E-04   3.9920384E-01
   1.5548030E+03   1.7860000E+03   2.0000000E+00   3.1536335E-04   2.6900813E-01
   1.5548071E+03   1.7790000E+03   1.0000000E+00   1.2826494E-04   2.2818334E-01
   1.5548113E+03   1.7230000E+03   2.0000000E+00   6.7412392E-04   5.8075776E-01
   1.5548155E+03   1.7860000E+03   2.0000000E+00   3.4601240E-04   2.9122855E-01
   1.5548197E+03   1.7400000E+03   1.0000000E+00   2.0144742E-04   3.5051850E-01
   1.5548239E+03   1.7500000E+03   1.0000000E+00   5.4651517E-04   8.8782653E-01
   1.5548281E+03   1.8100000E+03   1.0000000E+00   1.8319525E-04   3.3158340E-01
   1.5548323E+03   1.6820000E+03   0.0000000E+00   0.0000000E+00   0.0000000E+00
   1.5548365E+03   1.7450000E+03   1.0000000E+00   2.8643105E-04   4.9982218E-01
   1.5548407E+03   1.7130000E+03   0.0000000E+00   0.0000000E+00   0.0000000E+00
   1.5548449E+03   1.7630000E+03   1.0000000E+00   4.6467788E-04   8.1922710E-01
   1.5548491E+03   1.7260000E+03   1.0000000E+00   2.7587171E-04   5.1941591E-01
   1.5548533E+03   1.7120000E+03   0.0000000E+00   0.0000000E+00   0.0000000E+00
   1.5548575E+03   1.7430000E+03   0.0000000E+00   0.0000000E+00   0.0000000E+00
   1.5548617E+03   1.7710000E+03   1.0000000E+00   1.7368475E-04   3.0759569E-01
   1.5548659E+03   1.7110000E+03   1.0000000E+00   1.8351906E-04   3.1258539E-01
   1.5548701E+03   1.6730000E+03   0.0000000E+00   0.0000000E+00   0.0000000E+00
   1.5548743E+03   1.6250000E+03   0.0000000E+00   0.0000000E+00   0.0000000E+00
   1.5548785E+03   1.8230000E+03   0.0000000E+00   0.0000000E+00   0.0000000E+00
   1.5548827E+03   1.7400000E+03   0.0000000E+00   0.0000000E+00   0.0000000E+00
   1.5548869E+03   1.6810000E+03   0.0000000E+00   1.0080117E-04   0.0000000E+00
   1.5548910E+03   1.6750000E+03   0.0000000E+00   0.0000000E+00   0.0000000E+00
   1.5548952E+03   1.6290000E+03   0.0000000E+00   5.6670335E-05   0.0000000E+00
   1.5548994E+03   1.7390000E+03   1.0000000E+00   1.9060861E-04   3.3146837E-01
   1.5549036E+03   1.6730000E+03   0.0000000E+00   0.0000000E+00   0.0000000E+00
   1.5549078E+03   1.7020000E+03   1.0000000E+00   4.2693494E-04   7.2664327E-01
   1.5549120E+03   1.7920000E+03   0.0000000E+00   0.0000000E+00   0.0000000E+00
   1.5549162E+03   1.7570000E+03   0.0000000E+00   0.0000000E+00   0.0000000E+00
   1.5549204E+03   1.6610000E+03   2.0000000E+00   6.9122696E-04   5.7406399E-01
   1.5549246E+03   1.7470000E+03   1.0000000E+00   9.6515893E-05   1.1177006E-01
   1.5549288E+03   1.7150000E+03   0.0000000E+00   0.0000000E+00   0.0000000E+00
   1.5549330E+03   1.7020000E+03   1.0000000E+00   1.8496642E-04   3.1481285E-01
   1.5549372E+03   1.7410000E+03   0.0000000E+00   0.0000000E+00   0.0000000E+00
   1.5549414E+03   1.6290000E+03   0.0000000E+00   0.0000000E+00   0.0000000E+00
   1.5549456E+03   1.6980000E+03   0.0000000E+00   0.0000000E+00   0.0000000E+00
   1.5549498E+03   1.6840000E+03   0.0000000E+00   0.0000000E+00   0.0000000E+00
   1.5549540E+03   1.7250000E+03   0.0000000E+00   0.0000000E+00   0.0000000E+00
   1.5549582E+03   1.7010000E+03   0.0000000E+00   0.0000000E+00   0.0000000E+00
   1.5549624E+03   1.6880000E+03   1.0000000E+00   3.0452672E-04   5.1404111E-01
   1.5549666E+03   1.6660000E+03   2.0000000E+00   3.4557503E-04   2.8786400E-01
   1.5549708E+03   1.6150000E+03   1.0000000E+00   3.3971334E-04   6.5507143E-01
   1.5549750E+03   1.7170000E+03   0.0000000E+00   0.0000000E+00   0.0000000E+00
   1.5549791E+03   1.6670000E+03   0.0000000E+00   0.0000000E+00   0.0000000E+00
   1.5549833E+03   1.7010000E+03   1.0000000E+00   3.3742368E-04   5.7395767E-01
   1.5549875E+03   1.6390000E+03   1.0000000E+00   4.4207240E-04   7.2455666E-01
   1.5549917E+03   1.7280000E+03   0.0000000E+00   3.3185890E-05   0.0000000E+00
   1.5549959E+03   1.6850000E+03   1.0000000E+00   7.5855566E-05   1.2781663E-01
   1.5550001E+03   1.6370000E+03   1.0000000E+00   5.2952868E-04   8.6683845E-01
   1.5550043E+03   1.6380000E+03   1.0000000E+00   8.0904953E-05   1.3252231E-01
   1.5550085E+03   1.6990000E+03   0.0000000E+00   0.0000000E+00   0.0000000E+00
   1.5550127E+03   1.6120000E+03   1.0000000E+00   4.3419188E-04   6.9991731E-01
   1.5550169E+03   1.7620000E+03   0.0000000E+00   0.0000000E+00   0.0000000E+00
   1.5550211E+03   1.6590000E+03   1.0000000E+00   4.4411759E-04   7.3679108E-01
   1.5550253E+03   1.5940000E+03   0.0000000E+00   0.0000000E+00   0.0000000E+00
   1.5550295E+03   1.6930000E+03   0.0000000E+00   0.0000000E+00   0.0000000E+00
   1.5550337E+03   1.6350000E+03   1.0000000E+00   2.6376615E-04   4.3125765E-01
   1.5550379E+03   1.6000000E+03   1.0000000E+00   2.0193920E-04   3.2310272E-01
   1.5550421E+03   1.6450000E+03   0.0000000E+00   0.0000000E+00   0.0000000E+00
   1.5550463E+03   1.6770000E+03   2.0000000E+00   3.8747539E-04   3.2489812E-01
   1.5550505E+03   1.6580000E+03   0.0000000E+00   0.0000000E+00   0.0000000E+00
   1.5550547E+03   1.7160000E+03   0.0000000E+00   0.0000000E+00   0.0000000E+00
   1.5550588E+03   1.5900000E+03   0.0000000E+00   0.0000000E+00   0.0000000E+00
   1.5550630E+03   1.7180000E+03   0.0000000E+00   1.7477531E-05   0.0000000E+00
   1.5550672E+03   1.6820000E+03   1.0000000E+00   2.9362441E-04   4.9387625E-01
   1.5550714E+03   1.5980000E+03   0.0000000E+00   0.0000000E+00   0.0000000E+00
   1.5550756E+03   1.6170000E+03   0.0000000E+00   0.0000000E+00   0.0000000E+00
   1.5550798E+03   1.5830000E+03   1.0000000E+00   5.6513191E-04   8.9460381E-01
   1.5550840E+03   1.6230000E+03   0.0000000E+00   0.0000000E+00   0.0000000E+00
   1.5550882E+03   1.6030000E+03   1.0000000E+00   3.8279176E-04   6.1361519E-01
   1.5550924E+03   1.6080000E+03   0.0000000E+00   0.0000000E+00   0.0000000E+00
   1.5550966E+03   1.6790000E+03   0.0000000E+00   0.0000000E+00   0.0000000E+00
   1.5551008E+03   1.6570000E+03   2.0000000E+00   5.9055331E-04   4.8927342E-01
   1.5551050E+03   1.6300000E+03   0.0000000E+00   0.0000000E+00   0.0000000E+00
   1.5551092E+03   1.6430000E+03   0.0000000E+00   0.0000000E+00   0.0000000E+00
   1.5551134E+03   1.6830000E+03   0.0000000E+00   0.0000000E+00   0.0000000E+00
   1.5551176E+03   1.6770000E+03   1.0000000E+00   2.0947147E-04   3.5128365E-01
   1.5551218E+03   1.6210000E+03   0.0000000E+00   0.0000000E+00   0.0000000E+00
   1.5551260E+03   1.6720000E+03   1.0000000E+00   5.3780336E-04   8.9920721E-01
   1.5551302E+03   1.6810000E+03   1.0000000E+00   7.0736975E-05   1.1890886E-01
   1.5551344E+03   1.6020000E+03   2.0000000E+00   4.6084388E-04   3.6913595E-01
   1.5551386E+03   1.6590000E+03   0.0000000E+00   0.0000000E+00   0.0000000E+00
   1.5551427E+03   1.5660000E+03   1.0000000E+00   5.5414821E-04   8.6779610E-01
   1.5551469E+03   1.6510000E+03   3.0000000E+00   8.7100753E-04   4.7934448E-01
   1.5551511E+03   1.6230000E+03   0.0000000E+00   0.0000000E+00   0.0000000E+00
   1.5551553E+03   1.5910000E+03   0.0000000E+00   4.0578677E-05   0.0000000E+00
   1.5551595E+03   1.6080000E+03   0.0000000E+00   0.0000000E+00   0.0000000E+00
   1.5551637E+03   1.5580000E+03   1.0000000E+00   5.2083352E-04   8.1145862E-01
   1.5551679E+03   1.5960000E+03   0.0000000E+00   0.0000000E+00   0.0000000E+00
   1.5551721E+03   1.6190000E+03   0.0000000E+00   0.0000000E+00   0.0000000E+00
   1.5551763E+03   1.5810000E+03   1.0000000E+00   2.5077049E-04   6.6898483E-01
   1.5551805E+03   1.5820000E+03   0.0000000E+00   4.3154959E-05   0.0000000E+00
   1.5551847E+03   1.6730000E+03   1.0000000E+00   1.1542405E-04   1.9310443E-01
   1.5551889E+03   1.5870000E+03   0.0000000E+00   0.0000000E+00   0.0000000E+00
   1.5551931E+03   1.6460000E+03   0.0000000E+00   0.0000000E+00   0.0000000E+00
   1.5551973E+03   1.5900000E+03   2.0000000E+00   4.5912575E-04   3.6500497E-01
   1.5552015E+03   1.6330000E+03   0.0000000E+00   0.0000000E+00   0.0000000E+00
   1.5552057E+03   1.6110000E+03   0.0000000E+00   0.0000000E+00   0.0000000E+00
   1.5552099E+03   1.6080000E+03   0.0000000E+00   0.0000000E+00   0.0000000E+00
   1.5552141E+03   1.6320000E+03   0.0000000E+00   0.0000000E+00   0.0000000E+00
   1.5552183E+03   1.6100000E+03   0.0000000E+00   0.0000000E+00   0.0000000E+00
   1.5552225E+03   1.5460000E+03   1.0000000E+00   4.7167785E-04   7.2921396E-01
   1.5552266E+03   1.6740000E+03   0.0000000E+00   0.0000000E+00   0.0000000E+00
   1.5552308E+03   1.6330000E+03   1.0000000E+00   4.8640315E-04   7.9429634E-01
   1.5552350E+03   1.6210000E+03   0.0000000E+00   0.0000000E+00   0.0000000E+00
   1.5552392E+03   1.5760000E+03   0.0000000E+00   4.1664083E-05   0.0000000E+00
   1.5552434E+03   1.6690000E+03   1.0000000E+00   1.1448894E-04   1.9108204E-01
   1.5552476E+03   1.5020000E+03   1.0000000E+00   5.1759545E-04   6.4681494E-01
   1.5552518E+03   1.5620000E+03   0.0000000E+00   0.0000000E+00   0.0000000E+00
   1.5552560E+03   1.5690000E+03   0.0000000E+00   7.7804081E-05   0.0000000E+00
   1.5552602E+03   1.4750000E+03   0.0000000E+00   0.0000000E+00   0.0000000E+00
   1.5552644E+03   1.6040000E+03   1.0000000E+00   9.5971688E-05   1.5393859E-01
   1.5552686E+03   1.5580000E+03   1.0000000E+00   7.7483724E-05   1.2071964E-01
   1.5552728E+03   1.5420000E+03   0.0000000E+00   0.0000000E+00   0.0000000E+00
   1.5552770E+03   1.5780000E+03   0.0000000E+00   0.0000000E+00   0.0000000E+00
   1.5552812E+03   1.5560000E+03   1.0000000E+00   3.6688076E-04   5.7086646E-01
   1.5552854E+03   1.6020000E+03   0.0000000E+00   0.0000000E+00   0.0000000E+00
   1.5552896E+03   1.6340000E+03   1.0000000E+00   6.9535301E-05   1.1362068E-01
   1.5552938E+03   1.5640000E+03   2.0000000E+00   3.5651362E-04   2.7879365E-01
   1.5552980E+03   1.6680000E+03   0.0000000E+00   0.0000000E+00   0.0000000E+00
   1.5553022E+03   1.6610000E+03   0.0000000E+00   0.0000000E+00   0.0000000E+00
   1.5553064E+03   1.5370000E+03   0.0000000E+00   5.4803337E-05   0.0000000E+00
   1.5553105E+03   1.5250000E+03   0.0000000E+00   9.8760364E-05   0.0000000E+00
   1.5553147E+03   1.5610000E+03   0.0000000E+00   0.0000000E+00   0.0000000E+00
   1.5553189E+03   1.5970000E+03   0.0000000E+00   0.0000000E+00   0.0000000E+00
   1.5553231E+03   1.6000000E+03   1.0000000E+00   5.6500064E-04   9.0400102E-01
   1.5553273E+03   1.5530000E+03   0.0000000E+00   0.0000000E+00   0.0000000E+00
   1.5553315E+03   1.5160000E+03   0.0000000E+00   0.0000000E+00   0.0000000E+00
   1.5553357E+03   1.5590000E+03   0.0000000E+00   0.0000000E+00   0.0000000E+00
   1.5553399E+03   1.5280000E+03   0.0000000E+00   0.0000000E+00   0.0000000E+00
   1.5553441E+03   1.6370000E+03   0.0000000E+00   0.0000000E+00   0.0000000E+00
   1.5553483E+03   1.6680000E+03   0.0000000E+00   7.5991078E-05   0.0000000E+00
   1.5553525E+03   1.6030000E+03   0.0000000E+00   0.0000000E+00   0.0000000E+00
   1.5553567E+03   1.5430000E+03   1.0000000E+00   8.1709752E-05   1.2607815E-01
   1.5553609E+03   1.5580000E+03   0.0000000E+00   0.0000000E+00   0.0000000E+00
   1.5553651E+03   1.5710000E+03   0.0000000E+00   0.0000000E+00   0.0000000E+00
   1.5553693E+03   1.5560000E+03   0.0000000E+00   0.0000000E+00   0.0000000E+00
   1.5553735E+03   1.5220000E+03   0.0000000E+00   0.0000000E+00   0.0000000E+00
   1.5553777E+03   1.5450000E+03   0.0000000E+00   0.0000000E+00   0.0000000E+00
   1.5553819E+03   1.5370000E+03   1.0000000E+00   5.6425667E-04   8.8044839E-01
   1.5553861E+03   1.6100000E+03   1.0000000E+00   4.3090791E-04   6.9376173E-01
   1.5553903E+03   1.5470000E+03   1.0000000E+00   5.0611074E-04   7.8295331E-01
   1.5553945E+03   1.5160000E+03   0.0000000E+00   0.0000000E+00   0.0000000E+00
   1.5553986E+03   1.5230000E+03   0.0000000E+00   0.0000000E+00   0.0000000E+00
   1.5554028E+03   1.5350000E+03   1.0000000E+00   2.1929237E-04   3.3661379E-01
   1.5554070E+03   1.4970000E+03   1.0000000E+00   2.5871984E-04   3.8730360E-01
   1.5554112E+03   1.5860000E+03   1.0000000E+00   5.5993737E-04   8.8806067E-01
   1.5554154E+03   1.5220000E+03   0.0000000E+00   0.0000000E+00   0.0000000E+00
   1.5554196E+03   1.5010000E+03   1.0000000E+00   3.9988165E-04   5.2909466E-01
   1.5554238E+03   1.5230000E+03   0.0000000E+00   0.0000000E+00   0.0000000E+00
   1.5554280E+03   1.5820000E+03   0.0000000E+00   0.0000000E+00   0.0000000E+00
   1.5554322E+03   1.5400000E+03   0.0000000E+00   0.0000000E+00   0.0000000E+00
   1.5554364E+03   1.5340000E+03   0.0000000E+00   0.0000000E+00   0.0000000E+00
   1.5554406E+03   1.4910000E+03   0.0000000E+00   0.0000000E+00   0.0000000E+00
   1.5554448E+03   1.5250000E+03   1.0000000E+00   4.1025135E-04   6.2563331E-01
   1.5554490E+03   1.5030000E+03   0.0000000E+00   0.0000000E+00   0.0000000E+00
   1.5554532E+03   1.5090000E+03   0.0000000E+00   0.0000000E+00   0.0000000E+00
   1.5554574E+03   1.5640000E+03   0.0000000E+00   0.0000000E+00   0.0000000E+00
   1.5554616E+03   1.5650000E+03   0.0000000E+00   0.0000000E+00   0.0000000E+00
   1.5554658E+03   1.4990000E+03   0.0000000E+00   0.0000000E+00   0.0000000E+00
   1.5554700E+03   1.5290000E+03   0.0000000E+00   0.0000000E+00   0.0000000E+00
   1.5554742E+03   1.6330000E+03   0.0000000E+00   0.0000000E+00   0.0000000E+00
   1.5554783E+03   1.4470000E+03   2.0000000E+00   1.5315340E-04   1.1080648E-01
   1.5554825E+03   1.5380000E+03   1.0000000E+00   4.9298873E-04   7.5821666E-01
   1.5554867E+03   1.4710000E+03   1.0000000E+00   1.6339783E-04   2.4035821E-01
   1.5554909E+03   1.5250000E+03   1.0000000E+00   3.3493546E-04   5.1077658E-01
   1.5554951E+03   1.5110000E+03   0.0000000E+00   0.0000000E+00   0.0000000E+00
   1.5554993E+03   1.5240000E+03   0.0000000E+00   3.2519160E-06   0.0000000E+00
   1.5555035E+03   1.4880000E+03   0.0000000E+00   0.0000000E+00   0.0000000E+00
   1.5555077E+03   1.5330000E+03   0.0000000E+00   0.0000000E+00   0.0000000E+00
   1.5555119E+03   1.4320000E+03   0.0000000E+00   0.0000000E+00   0.0000000E+00
   1.5555161E+03   1.5130000E+03   0.0000000E+00   0.0000000E+00   0.0000000E+00
   1.5555203E+03   1.5100000E+03   0.0000000E+00   0.0000000E+00   0.0000000E+00
   1.5555245E+03   1.4500000E+03   0.0000000E+00   0.0000000E+00   0.0000000E+00
   1.5555287E+03   1.4660000E+03   0.0000000E+00   0.0000000E+00   0.0000000E+00
   1.5555329E+03   1.4640000E+03   0.0000000E+00   0.0000000E+00   0.0000000E+00
   1.5555371E+03   1.4930000E+03   1.0000000E+00   5.6441692E-04   8.4267446E-01
   1.5555413E+03   1.4830000E+03   0.0000000E+00   0.0000000E+00   0.0000000E+00
   1.5555455E+03   1.4570000E+03   0.0000000E+00   0.0000000E+00   0.0000000E+00
   1.5555497E+03   1.4770000E+03   0.0000000E+00   0.0000000E+00   0.0000000E+00
   1.5555539E+03   1.5020000E+03   0.0000000E+00   0.0000000E+00   0.0000000E+00
   1.5555581E+03   1.4930000E+03   0.0000000E+00   3.4174481E-06   0.0000000E+00
   1.5555622E+03   1.4530000E+03   2.0000000E+00   5.7760227E-04   4.1962805E-01
   1.5555664E+03   1.5340000E+03   0.0000000E+00   0.0000000E+00   0.0000000E+00
   1.5555706E+03   1.4380000E+03   2.0000000E+00   1.3473094E-04   9.6871547E-02
   1.5555748E+03   1.4630000E+03   0.0000000E+00   0.0000000E+00   0.0000000E+00
   1.5555790E+03   1.4770000E+03   0.0000000E+00   0.0000000E+00   0.0000000E+00
   1.5555832E+03   1.4440000E+03   1.0000000E+00   3.0932078E-04   4.4644179E-01
   1.5555874E+03   1.4330000E+03   0.0000000E+00   0.0000000E+00   0.0000000E+00
   1.5555916E+03   1.4760000E+03   0.0000000E+00   0.0000000E+00   0.0000000E+00
   1.5555958E+03   1.4760000E+03   0.0000000E+00   2.9773698E-05   0.0000000E+00
   1.5556000E+03   1.5220000E+03   0.0000000E+00   3.0843524E-04   0.0000000E+00
   1.5556042E+03   1.4860000E+03   0.0000000E+00   0.0000000E+00   0.0000000E+00
   1.5556084E+03   1.4640000E+03   0.0000000E+00   0.0000000E+00   0.0000000E+00
   1.5556126E+03   1.4850000E+03   0.0000000E+00   0.0000000E+00   0.0000000E+00
   1.5556168E+03   1.5510000E+03   0.0000000E+00   0.0000000E+00   0.0000000E+00
   1.5556210E+03   1.4320000E+03   1.0000000E+00   1.8335411E-04   2.6256309E-01
   1.5556252E+03   1.4820000E+03   0.0000000E+00   0.0000000E+00   0.0000000E+00
   1.5556294E+03   1.5020000E+03   0.0000000E+00   0.0000000E+00   0.0000000E+00
   1.5556336E+03   1.4120000E+03   0.0000000E+00   0.0000000E+00   0.0000000E+00
   1.5556378E+03   1.5320000E+03   0.0000000E+00   0.0000000E+00   0.0000000E+00
   1.5556420E+03   1.5330000E+03   1.0000000E+00   4.8897936E-04   7.4960537E-01
   1.5556462E+03   1.4250000E+03   0.0000000E+00   0.0000000E+00   0.0000000E+00
   1.5556503E+03   1.4560000E+03   2.0000000E+00   9.5296321E-04   6.9375722E-01
   1.5556545E+03   1.4740000E+03   0.0000000E+00   0.0000000E+00   0.0000000E+00
   1.5556587E+03   1.3870000E+03   0.0000000E+00   0.0000000E+00   0.0000000E+00
   1.5556629E+03   1.4360000E+03   0.0000000E+00   0.0000000E+00   0.0000000E+00
   1.5556671E+03   1.4020000E+03   1.0000000E+00   6.0131400E-04   8.4304222E-01
   1.5556713E+03   1.4400000E+03   0.0000000E+00   0.0000000E+00   0.0000000E+00
   1.5556755E+03   1.4660000E+03   1.0000000E+00   4.9134599E-04   7.2031322E-01
   1.5556797E+03   1.4960000E+03   1.0000000E+00   4.2482583E-04   6.3553943E-01
   1.5556839E+03   1.4560000E+03   1.0000000E+00   3.0193802E-04   4.1759824E-01
   1.5556881E+03   1.4140000E+03   0.0000000E+00   0.0000000E+00   0.0000000E+00
   1.5556923E+03   1.4320000E+03   0.0000000E+00   0.0000000E+00   0.0000000E+00
   1.5556965E+03   1.4250000E+03   1.0000000E+00   3.8799643E-04   5.5289492E-01
   1.5557007E+03   1.4180000E+03   0.0000000E+00   0.0000000E+00   0.0000000E+00
   1.5557049E+03   1.4490000E+03   1.0000000E+00   6.3250658E-04   9.1650203E-01
   1.5557091E+03   1.4120000E+03   0.0000000E+00   0.0000000E+00   0.0000000E+00
   1.5557133E+03   1.4530000E+03   0.0000000E+00   0.0000000E+00   0.0000000E+00
   1.5557175E+03   1.3620000E+03   0.0000000E+00   0.0000000E+00   0.0000000E+00
   1.5557217E+03   1.4460000E+03   0.0000000E+00   0.0000000E+00   0.0000000E+00
   1.5557259E+03   1.3970000E+03   0.0000000E+00   0.0000000E+00   0.0000000E+00
   1.5557300E+03   1.4010000E+03   0.0000000E+00   0.0000000E+00   0.0000000E+00
   1.5557342E+03   1.4140000E+03   0.0000000E+00   0.0000000E+00   0.0000000E+00
   1.5557384E+03   1.3910000E+03   2.0000000E+00   4.0832923E-04   2.8399298E-01
   1.5557426E+03   1.3280000E+03   1.0000000E+00   2.9347676E-04   3.8973714E-01
   1.5557468E+03   1.3900000E+03   0.0000000E+00   0.0000000E+00   0.0000000E+00
   1.5557510E+03   1.4320000E+03   0.0000000E+00   0.0000000E+00   0.0000000E+00
   1.5557552E+03   1.3750000E+03   1.0000000E+00   1.3136080E-04   1.8062111E-01
   1.5557594E+03   1.4740000E+03   0.0000000E+00   0.0000000E+00   0.0000000E+00
   1.5557636E+03   1.3840000E+03   0.0000000E+00   0.0000000E+00   0.0000000E+00
   1.5557678E+03   1.4090000E+03   1.0000000E+00   2.9829257E-04   4.2029423E-01
   1.5557720E+03   1.3900000E+03   0.0000000E+00   0.0000000E+00   0.0000000E+00
