  -4.9933333E+00   0.0000000E+00   0.0000000E+00   0.0000000E+00   0.0000000E+00
  -4.9866667E+00   0.0000000E+00   0.0000000E+00   0.0000000E+00   0.0000000E+00
  -4.9800000E+00   0.0000000E+00   0.0000000E+00   0.0000000E+00   0.0000000E+00
  -4.9733333E+00   0.0000000E+00   0.0000000E+00   0.0000000E+00   0.0000000E+00
  -4.9666667E+00   0.0000000E+00   0.0000000E+00   0.0000000E+00   0.0000000E+00
  -4.9600000E+00   0.0000000E+00   0.0000000E+00   0.0000000E+00   0.0000000E+00
  -4.9533333E+00   0.0000000E+00   0.0000000E+00   0.0000000E+00   0.0000000E+00
  -4.9466667E+00   0.0000000E+00   0.0000000E+00   0.0000000E+00   0.0000000E+00
  -4.9400000E+00   0.0000000E+00   0.0000000E+00   0.0000000E+00   0.0000000E+00
  -4.9333333E+00   0.0000000E+00   0.0000000E+00   0.0000000E+00   0.0000000E+00
  -4.9266667E+00   0.0000000E+00   0.0000000E+00   0.0000000E+00   0.0000000E+00
  -4.9200000E+00   0.0000000E+00   0.0000000E+00   0.0000000E+00   0.0000000E+00
  -4.9133333E+00   0.0000000E+00   0.0000000E+00   0.0000000E+00   0.0000000E+00
  -4.9066667E+00   0.0000000E+00   0.0000000E+00   0.0000000E+00   0.0000000E+00
  -4.9000000E+00   0.0000000E+00   0.0000000E+00   0.0000000E+00   0.0000000E+00
  -4.8933333E+00   0.0000000E+00   0.0000000E+00   0.0000000E+00   0.0000000E+00
  -4.8866667E+00   0.0000000E+00   0.0000000E+00   0.0000000E+00   0.0000000E+00
  -4.8800000E+00   0.0000000E+00   0.0000000E+00   0.0000000E+00   0.0000000E+00
  -4.8733333E+00   0.0000000E+00   0.0000000E+00   0.0000000E+00   0.0000000E+00
  -4.8666667E+00   0.0000000E+00   0.0000000E+00   0.0000000E+00   0.0000000E+00
  -4.8600000E+00   0.0000000E+00   0.0000000E+00   0.0000000E+00   0.0000000E+00
  -4.8533333E+00   0.0000000E+00   0.0000000E+00   0.0000000E+00   0.0000000E+00
  -4.8466667E+00   0.0000000E+00   0.0000000E+00   0.0000000E+00   0.0000000E+00
  -4.8400000E+00   0.0000000E+00   0.0000000E+00   0.0000000E+00   0.0000000E+00
  -4.8333333E+00   0.0000000E+00   0.0000000E+00   0.0000000E+00   0.0000000E+00
  -4.8266667E+00   0.0000000E+00   0.0000000E+00   0.0000000E+00   0.0000000E+00
  -4.8200000E+00   0.0000000E+00   0.0000000E+00   0.0000000E+00   0.0000000E+00
  -4.8133333E+00   0.0000000E+00   0.0000000E+00   0.0000000E+00   0.0000000E+00
  -4.8066667E+00   0.0000000E+00   0.0000000E+00   0.0000000E+00   0.0000000E+00
  -4.8000000E+00   0.0000000E+00   0.0000000E+00   0.0000000E+00   0.0000000E+00
  -4.7933333E+00   0.0000000E+00   0.0000000E+00   0.0000000E+00   0.0000000E+00
  -4.7866667E+00   0.0000000E+00   0.0000000E+00   0.0000000E+00   0.0000000E+00
  -4.7800000E+00   0.0000000E+00   0.0000000E+00   0.0000000E+00   0.0000000E+00
  -4.7733333E+00   0.0000000E+00   0.0000000E+00   0.0000000E+00   0.0000000E+00
  -4.7666667E+00   0.0000000E+00   0.0000000E+00   0.0000000E+00   0.0000000E+00
  -4.7600000E+00   0.0000000E+00   0.0000000E+00   0.0000000E+00   0.0000000E+00
  -4.7533333E+00   0.0000000E+00   0.0000000E+00   0.0000000E+00   0.0000000E+00
  -4.7466667E+00   0.0000000E+00   0.0000000E+00   0.0000000E+00   0.0000000E+00
  -4.7400000E+00   0.0000000E+00   0.0000000E+00   0.0000000E+00   0.0000000E+00
  -4.7333333E+00   0.0000000E+00   0.0000000E+00   0.0000000E+00   0.0000000E+00
  -4.7266667E+00   0.0000000E+00   0.0000000E+00   0.0000000E+00   0.0000000E+00
  -4.7200000E+00   0.0000000E+00   0.0000000E+00   0.0000000E+00   0.0000000E+00
  -4.7133333E+00   0.0000000E+00   0.0000000E+00   0.0000000E+00   0.0000000E+00
  -4.7066667E+00   0.0000000E+00   0.0000000E+00   0.0000000E+00   0.0000000E+00
  -4.7000000E+00   0.0000000E+00   0.0000000E+00   0.0000000E+00   0.0000000E+00
  -4.6933333E+00   0.0000000E+00   0.0000000E+00   0.0000000E+00   0.0000000E+00
  -4.6866667E+00   0.0000000E+00   0.0000000E+00   0.0000000E+00   0.0000000E+00
  -4.6800000E+00   0.0000000E+00   0.0000000E+00   0.0000000E+00   0.0000000E+00
  -4.6733333E+00   0.0000000E+00   0.0000000E+00   0.0000000E+00   0.0000000E+00
  -4.6666667E+00   0.0000000E+00   0.0000000E+00   0.0000000E+00   0.0000000E+00
  -4.6600000E+00   0.0000000E+00   0.0000000E+00   0.0000000E+00   0.0000000E+00
  -4.6533333E+00   0.0000000E+00   0.0000000E+00   0.0000000E+00   0.0000000E+00
  -4.6466667E+00   0.0000000E+00   0.0000000E+00   0.0000000E+00   0.0000000E+00
  -4.6400000E+00   0.0000000E+00   0.0000000E+00   0.0000000E+00   0.0000000E+00
  -4.6333333E+00   0.0000000E+00   0.0000000E+00   0.0000000E+00   0.0000000E+00
  -4.6266667E+00   0.0000000E+00   0.0000000E+00   0.0000000E+00   0.0000000E+00
  -4.6200000E+00   0.0000000E+00   0.0000000E+00   0.0000000E+00   0.0000000E+00
  -4.6133333E+00   0.0000000E+00   0.0000000E+00   0.0000000E+00   0.0000000E+00
  -4.6066667E+00   0.0000000E+00   0.0000000E+00   0.0000000E+00   0.0000000E+00
  -4.6000000E+00   0.0000000E+00   0.0000000E+00   0.0000000E+00   0.0000000E+00
  -4.5933333E+00   0.0000000E+00   0.0000000E+00   0.0000000E+00   0.0000000E+00
  -4.5866667E+00   0.0000000E+00   0.0000000E+00   0.0000000E+00   0.0000000E+00
  -4.5800000E+00   0.0000000E+00   0.0000000E+00   0.0000000E+00   0.0000000E+00
  -4.5733333E+00   0.0000000E+00   0.0000000E+00   0.0000000E+00   0.0000000E+00
  -4.5666667E+00   0.0000000E+00   0.0000000E+00   0.0000000E+00   0.0000000E+00
  -4.5600000E+00   0.0000000E+00   0.0000000E+00   0.0000000E+00   0.0000000E+00
  -4.5533333E+00   0.0000000E+00   0.0000000E+00   0.0000000E+00   0.0000000E+00
  -4.5466667E+00   0.0000000E+00   0.0000000E+00   0.0000000E+00   0.0000000E+00
  -4.5400000E+00   0.0000000E+00   0.0000000E+00   0.0000000E+00   0.0000000E+00
  -4.5333333E+00   0.0000000E+00   0.0000000E+00   0.0000000E+00   0.0000000E+00
  -4.5266667E+00   0.0000000E+00   0.0000000E+00   0.0000000E+00   0.0000000E+00
  -4.5200000E+00   0.0000000E+00   0.0000000E+00   0.0000000E+00   0.0000000E+00
  -4.5133333E+00   0.0000000E+00   0.0000000E+00   0.0000000E+00   0.0000000E+00
  -4.5066667E+00   0.0000000E+00   0.0000000E+00   0.0000000E+00   0.0000000E+00
  -4.5000000E+00   0.0000000E+00   0.0000000E+00   0.0000000E+00   0.0000000E+00
  -4.4933333E+00   0.0000000E+00   0.0000000E+00   0.0000000E+00   0.0000000E+00
  -4.4866667E+00   0.0000000E+00   0.0000000E+00   0.0000000E+00   0.0000000E+00
  -4.4800000E+00   0.0000000E+00   0.0000000E+00   0.0000000E+00   0.0000000E+00
  -4.4733333E+00   0.0000000E+00   0.0000000E+00   0.0000000E+00   0.0000000E+00
  -4.4666667E+00   0.0000000E+00   0.0000000E+00   0.0000000E+00   0.0000000E+00
  -4.4600000E+00   0.0000000E+00   0.0000000E+00   0.0000000E+00   0.0000000E+00
  -4.4533333E+00   0.0000000E+00   0.0000000E+00   0.0000000E+00   0.0000000E+00
  -4.4466667E+00   0.0000000E+00   0.0000000E+00   0.0000000E+00   0.0000000E+00
  -4.4400000E+00   0.0000000E+00   0.0000000E+00   0.0000000E+00   0.0000000E+00
  -4.4333333E+00   0.0000000E+00   0.0000000E+00   0.0000000E+00   0.0000000E+00
  -4.4266667E+00   0.0000000E+00   0.0000000E+00   0.0000000E+00   0.0000000E+00
  -4.4200000E+00   0.0000000E+00   0.0000000E+00   0.0000000E+00   0.0000000E+00
  -4.4133333E+00   0.0000000E+00   0.0000000E+00   0.0000000E+00   0.0000000E+00
  -4.4066667E+00   0.0000000E+00   0.0000000E+00   0.0000000E+00   0.0000000E+00
  -4.4000000E+00   0.0000000E+00   0.0000000E+00   0.0000000E+00   0.0000000E+00
  -4.3933333E+00   0.0000000E+00   0.0000000E+00   0.0000000E+00   0.0000000E+00
  -4.3866667E+00   0.0000000E+00   0.0000000E+00   0.0000000E+00   0.0000000E+00
  -4.3800000E+00   0.0000000E+00   0.0000000E+00   0.0000000E+00   0.0000000E+00
  -4.3733333E+00   0.0000000E+00   0.0000000E+00   0.0000000E+00   0.0000000E+00
  -4.3666667E+00   0.0000000E+00   0.0000000E+00   0.0000000E+00   0.0000000E+00
  -4.3600000E+00   0.0000000E+00   0.0000000E+00   0.0000000E+00   0.0000000E+00
  -4.3533333E+00   0.0000000E+00   0.0000000E+00   0.0000000E+00   0.0000000E+00
  -4.3466667E+00   0.0000000E+00   0.0000000E+00   0.0000000E+00   0.0000000E+00
  -4.3400000E+00   0.0000000E+00   0.0000000E+00   0.0000000E+00   0.0000000E+00
  -4.3333333E+00   0.0000000E+00   0.0000000E+00   0.0000000E+00   0.0000000E+00
  -4.3266667E+00   0.0000000E+00   0.0000000E+00   0.0000000E+00   0.0000000E+00
  -4.3200000E+00   0.0000000E+00   0.0000000E+00   0.0000000E+00   0.0000000E+00
  -4.3133333E+00   0.0000000E+00   0.0000000E+00   0.0000000E+00   0.0000000E+00
  -4.3066667E+00   0.0000000E+00   0.0000000E+00   0.0000000E+00   0.0000000E+00
  -4.3000000E+00   0.0000000E+00   0.0000000E+00   0.0000000E+00   0.0000000E+00
  -4.2933333E+00   0.0000000E+00   0.0000000E+00   0.0000000E+00   0.0000000E+00
  -4.2866667E+00   0.0000000E+00   0.0000000E+00   0.0000000E+00   0.0000000E+00
  -4.2800000E+00   0.0000000E+00   0.0000000E+00   0.0000000E+00   0.0000000E+00
  -4.2733333E+00   0.0000000E+00   0.0000000E+00   0.0000000E+00   0.0000000E+00
  -4.2666667E+00   0.0000000E+00   0.0000000E+00   0.0000000E+00   0.0000000E+00
  -4.2600000E+00   0.0000000E+00   0.0000000E+00   0.0000000E+00   0.0000000E+00
  -4.2533333E+00   0.0000000E+00   0.0000000E+00   0.0000000E+00   0.0000000E+00
  -4.2466667E+00   0.0000000E+00   0.0000000E+00   0.0000000E+00   0.0000000E+00
  -4.2400000E+00   0.0000000E+00   0.0000000E+00   0.0000000E+00   0.0000000E+00
  -4.2333333E+00   0.0000000E+00   0.0000000E+00   0.0000000E+00   0.0000000E+00
  -4.2266667E+00   0.0000000E+00   0.0000000E+00   0.0000000E+00   0.0000000E+00
  -4.2200000E+00   0.0000000E+00   0.0000000E+00   0.0000000E+00   0.0000000E+00
  -4.2133333E+00   0.0000000E+00   0.0000000E+00   0.0000000E+00   0.0000000E+00
  -4.2066667E+00   0.0000000E+00   0.0000000E+00   0.0000000E+00   0.0000000E+00
  -4.2000000E+00   0.0000000E+00   0.0000000E+00   0.0000000E+00   0.0000000E+00
  -4.1933333E+00   0.0000000E+00   0.0000000E+00   0.0000000E+00   0.0000000E+00
  -4.1866667E+00   0.0000000E+00   0.0000000E+00   0.0000000E+00   0.0000000E+00
  -4.1800000E+00   0.0000000E+00   0.0000000E+00   0.0000000E+00   0.0000000E+00
  -4.1733333E+00   0.0000000E+00   0.0000000E+00   0.0000000E+00   0.0000000E+00
  -4.1666667E+00   0.0000000E+00   0.0000000E+00   0.0000000E+00   0.0000000E+00
  -4.1600000E+00   0.0000000E+00   0.0000000E+00   0.0000000E+00   0.0000000E+00
  -4.1533333E+00   0.0000000E+00   0.0000000E+00   0.0000000E+00   0.0000000E+00
  -4.1466667E+00   0.0000000E+00   0.0000000E+00   0.0000000E+00   0.0000000E+00
  -4.1400000E+00   0.0000000E+00   0.0000000E+00   0.0000000E+00   0.0000000E+00
  -4.1333333E+00   0.0000000E+00   0.0000000E+00   0.0000000E+00   0.0000000E+00
  -4.1266667E+00   0.0000000E+00   0.0000000E+00   0.0000000E+00   0.0000000E+00
  -4.1200000E+00   0.0000000E+00   0.0000000E+00   0.0000000E+00   0.0000000E+00
  -4.1133333E+00   0.0000000E+00   0.0000000E+00   0.0000000E+00   0.0000000E+00
  -4.1066667E+00   0.0000000E+00   0.0000000E+00   0.0000000E+00   0.0000000E+00
  -4.1000000E+00   0.0000000E+00   0.0000000E+00   0.0000000E+00   0.0000000E+00
  -4.0933333E+00   0.0000000E+00   0.0000000E+00   0.0000000E+00   0.0000000E+00
  -4.0866667E+00   0.0000000E+00   0.0000000E+00   0.0000000E+00   0.0000000E+00
  -4.0800000E+00   0.0000000E+00   0.0000000E+00   0.0000000E+00   0.0000000E+00
  -4.0733333E+00   0.0000000E+00   0.0000000E+00   0.0000000E+00   0.0000000E+00
  -4.0666667E+00   0.0000000E+00   0.0000000E+00   0.0000000E+00   0.0000000E+00
  -4.0600000E+00   0.0000000E+00   0.0000000E+00   0.0000000E+00   0.0000000E+00
  -4.0533333E+00   0.0000000E+00   0.0000000E+00   0.0000000E+00   0.0000000E+00
  -4.0466667E+00   0.0000000E+00   0.0000000E+00   0.0000000E+00   0.0000000E+00
  -4.0400000E+00   0.0000000E+00   0.0000000E+00   0.0000000E+00   0.0000000E+00
  -4.0333333E+00   0.0000000E+00   0.0000000E+00   0.0000000E+00   0.0000000E+00
  -4.0266667E+00   0.0000000E+00   0.0000000E+00   0.0000000E+00   0.0000000E+00
  -4.0200000E+00   0.0000000E+00   0.0000000E+00   0.0000000E+00   0.0000000E+00
  -4.0133333E+00   0.0000000E+00   0.0000000E+00   0.0000000E+00   0.0000000E+00
  -4.0066667E+00   0.0000000E+00   0.0000000E+00   0.0000000E+00   0.0000000E+00
  -4.0000000E+00   0.0000000E+00   0.0000000E+00   0.0000000E+00   0.0000000E+00
  -3.9933333E+00   0.0000000E+00   0.0000000E+00   0.0000000E+00   0.0000000E+00
  -3.9866667E+00   0.0000000E+00   0.0000000E+00   0.0000000E+00   0.0000000E+00
  -3.9800000E+00   0.0000000E+00   0.0000000E+00   0.0000000E+00   0.0000000E+00
  -3.9733333E+00   0.0000000E+00   0.0000000E+00   0.0000000E+00   0.0000000E+00
  -3.9666667E+00   0.0000000E+00   0.0000000E+00   0.0000000E+00   0.0000000E+00
  -3.9600000E+00   0.0000000E+00   0.0000000E+00   0.0000000E+00   0.0000000E+00
  -3.9533333E+00   0.0000000E+00   0.0000000E+00   0.0000000E+00   0.0000000E+00
  -3.9466667E+00   0.0000000E+00   0.0000000E+00   0.0000000E+00   0.0000000E+00
  -3.9400000E+00   0.0000000E+00   0.0000000E+00   0.0000000E+00   0.0000000E+00
  -3.9333333E+00   0.0000000E+00   0.0000000E+00   0.0000000E+00   0.0000000E+00
  -3.9266667E+00   0.0000000E+00   0.0000000E+00   0.0000000E+00   0.0000000E+00
  -3.9200000E+00   0.0000000E+00   0.0000000E+00   0.0000000E+00   0.0000000E+00
  -3.9133333E+00   0.0000000E+00   0.0000000E+00   0.0000000E+00   0.0000000E+00
  -3.9066667E+00   0.0000000E+00   0.0000000E+00   0.0000000E+00   0.0000000E+00
  -3.9000000E+00   0.0000000E+00   0.0000000E+00   0.0000000E+00   0.0000000E+00
  -3.8933333E+00   0.0000000E+00   0.0000000E+00   0.0000000E+00   0.0000000E+00
  -3.8866667E+00   0.0000000E+00   0.0000000E+00   0.0000000E+00   0.0000000E+00
  -3.8800000E+00   0.0000000E+00   0.0000000E+00   0.0000000E+00   0.0000000E+00
  -3.8733333E+00   0.0000000E+00   0.0000000E+00   0.0000000E+00   0.0000000E+00
  -3.8666667E+00   0.0000000E+00   0.0000000E+00   0.0000000E+00   0.0000000E+00
  -3.8600000E+00   0.0000000E+00   0.0000000E+00   0.0000000E+00   0.0000000E+00
  -3.8533333E+00   0.0000000E+00   0.0000000E+00   0.0000000E+00   0.0000000E+00
  -3.8466667E+00   0.0000000E+00   0.0000000E+00   0.0000000E+00   0.0000000E+00
  -3.8400000E+00   0.0000000E+00   0.0000000E+00   0.0000000E+00   0.0000000E+00
  -3.8333333E+00   0.0000000E+00   0.0000000E+00   0.0000000E+00   0.0000000E+00
  -3.8266667E+00   0.0000000E+00   0.0000000E+00   0.0000000E+00   0.0000000E+00
  -3.8200000E+00   0.0000000E+00   0.0000000E+00   0.0000000E+00   0.0000000E+00
  -3.8133333E+00   0.0000000E+00   0.0000000E+00   0.0000000E+00   0.0000000E+00
  -3.8066667E+00   0.0000000E+00   0.0000000E+00   0.0000000E+00   0.0000000E+00
  -3.8000000E+00   0.0000000E+00   0.0000000E+00   0.0000000E+00   0.0000000E+00
  -3.7933333E+00   0.0000000E+00   0.0000000E+00   0.0000000E+00   0.0000000E+00
  -3.7866667E+00   0.0000000E+00   0.0000000E+00   0.0000000E+00   0.0000000E+00
  -3.7800000E+00   0.0000000E+00   0.0000000E+00   0.0000000E+00   0.0000000E+00
  -3.7733333E+00   0.0000000E+00   0.0000000E+00   0.0000000E+00   0.0000000E+00
  -3.7666667E+00   0.0000000E+00   0.0000000E+00   0.0000000E+00   0.0000000E+00
  -3.7600000E+00   0.0000000E+00   0.0000000E+00   0.0000000E+00   0.0000000E+00
  -3.7533333E+00   0.0000000E+00   0.0000000E+00   0.0000000E+00   0.0000000E+00
  -3.7466667E+00   0.0000000E+00   0.0000000E+00   0.0000000E+00   0.0000000E+00
  -3.7400000E+00   0.0000000E+00   0.0000000E+00   0.0000000E+00   0.0000000E+00
  -3.7333333E+00   0.0000000E+00   0.0000000E+00   0.0000000E+00   0.0000000E+00
  -3.7266667E+00   0.0000000E+00   0.0000000E+00   0.0000000E+00   0.0000000E+00
  -3.7200000E+00   0.0000000E+00   0.0000000E+00   0.0000000E+00   0.0000000E+00
  -3.7133333E+00   0.0000000E+00   0.0000000E+00   0.0000000E+00   0.0000000E+00
  -3.7066667E+00   0.0000000E+00   0.0000000E+00   0.0000000E+00   0.0000000E+00
  -3.7000000E+00   0.0000000E+00   0.0000000E+00   0.0000000E+00   0.0000000E+00
  -3.6933333E+00   0.0000000E+00   0.0000000E+00   0.0000000E+00   0.0000000E+00
  -3.6866667E+00   0.0000000E+00   0.0000000E+00   0.0000000E+00   0.0000000E+00
  -3.6800000E+00   0.0000000E+00   0.0000000E+00   0.0000000E+00   0.0000000E+00
  -3.6733333E+00   0.0000000E+00   0.0000000E+00   0.0000000E+00   0.0000000E+00
  -3.6666667E+00   0.0000000E+00   0.0000000E+00   0.0000000E+00   0.0000000E+00
  -3.6600000E+00   0.0000000E+00   0.0000000E+00   0.0000000E+00   0.0000000E+00
  -3.6533333E+00   0.0000000E+00   0.0000000E+00   0.0000000E+00   0.0000000E+00
  -3.6466667E+00   0.0000000E+00   0.0000000E+00   0.0000000E+00   0.0000000E+00
  -3.6400000E+00   0.0000000E+00   0.0000000E+00   0.0000000E+00   0.0000000E+00
  -3.6333333E+00   0.0000000E+00   0.0000000E+00   0.0000000E+00   0.0000000E+00
  -3.6266667E+00   0.0000000E+00   0.0000000E+00   0.0000000E+00   0.0000000E+00
  -3.6200000E+00   0.0000000E+00   0.0000000E+00   0.0000000E+00   0.0000000E+00
  -3.6133333E+00   0.0000000E+00   0.0000000E+00   0.0000000E+00   0.0000000E+00
  -3.6066667E+00   0.0000000E+00   0.0000000E+00   0.0000000E+00   0.0000000E+00
  -3.6000000E+00   0.0000000E+00   0.0000000E+00   0.0000000E+00   0.0000000E+00
  -3.5933333E+00   0.0000000E+00   0.0000000E+00   0.0000000E+00   0.0000000E+00
  -3.5866667E+00   0.0000000E+00   0.0000000E+00   0.0000000E+00   0.0000000E+00
  -3.5800000E+00   0.0000000E+00   0.0000000E+00   0.0000000E+00   0.0000000E+00
  -3.5733333E+00   0.0000000E+00   0.0000000E+00   0.0000000E+00   0.0000000E+00
  -3.5666667E+00   0.0000000E+00   0.0000000E+00   0.0000000E+00   0.0000000E+00
  -3.5600000E+00   0.0000000E+00   0.0000000E+00   0.0000000E+00   0.0000000E+00
  -3.5533333E+00   0.0000000E+00   0.0000000E+00   0.0000000E+00   0.0000000E+00
  -3.5466667E+00   0.0000000E+00   0.0000000E+00   0.0000000E+00   0.0000000E+00
  -3.5400000E+00   0.0000000E+00   0.0000000E+00   0.0000000E+00   0.0000000E+00
  -3.5333333E+00   0.0000000E+00   0.0000000E+00   0.0000000E+00   0.0000000E+00
  -3.5266667E+00   0.0000000E+00   0.0000000E+00   0.0000000E+00   0.0000000E+00
  -3.5200000E+00   0.0000000E+00   0.0000000E+00   0.0000000E+00   0.0000000E+00
  -3.5133333E+00   0.0000000E+00   0.0000000E+00   0.0000000E+00   0.0000000E+00
  -3.5066667E+00   0.0000000E+00   0.0000000E+00   0.0000000E+00   0.0000000E+00
  -3.5000000E+00   0.0000000E+00   0.0000000E+00   0.0000000E+00   0.0000000E+00
  -3.4933333E+00   0.0000000E+00   0.0000000E+00   0.0000000E+00   0.0000000E+00
  -3.4866667E+00   0.0000000E+00   0.0000000E+00   0.0000000E+00   0.0000000E+00
  -3.4800000E+00   0.0000000E+00   0.0000000E+00   0.0000000E+00   0.0000000E+00
  -3.4733333E+00   0.0000000E+00   0.0000000E+00   0.0000000E+00   0.0000000E+00
  -3.4666667E+00   0.0000000E+00   0.0000000E+00   0.0000000E+00   0.0000000E+00
  -3.4600000E+00   0.0000000E+00   0.0000000E+00   0.0000000E+00   0.0000000E+00
  -3.4533333E+00   0.0000000E+00   0.0000000E+00   0.0000000E+00   0.0000000E+00
  -3.4466667E+00   0.0000000E+00   0.0000000E+00   0.0000000E+00   0.0000000E+00
  -3.4400000E+00   0.0000000E+00   0.0000000E+00   0.0000000E+00   0.0000000E+00
  -3.4333333E+00   0.0000000E+00   0.0000000E+00   0.0000000E+00   0.0000000E+00
  -3.4266667E+00   0.0000000E+00   0.0000000E+00   0.0000000E+00   0.0000000E+00
  -3.4200000E+00   0.0000000E+00   0.0000000E+00   0.0000000E+00   0.0000000E+00
  -3.4133333E+00   0.0000000E+00   0.0000000E+00   0.0000000E+00   0.0000000E+00
  -3.4066667E+00   0.0000000E+00   0.0000000E+00   0.0000000E+00   0.0000000E+00
  -3.4000000E+00   0.0000000E+00   0.0000000E+00   0.0000000E+00   0.0000000E+00
  -3.3933333E+00   0.0000000E+00   0.0000000E+00   0.0000000E+00   0.0000000E+00
  -3.3866667E+00   0.0000000E+00   0.0000000E+00   0.0000000E+00   0.0000000E+00
  -3.3800000E+00   0.0000000E+00   0.0000000E+00   0.0000000E+00   0.0000000E+00
  -3.3733333E+00   0.0000000E+00   0.0000000E+00   0.0000000E+00   0.0000000E+00
  -3.3666667E+00   0.0000000E+00   0.0000000E+00   0.0000000E+00   0.0000000E+00
  -3.3600000E+00   0.0000000E+00   0.0000000E+00   0.0000000E+00   0.0000000E+00
  -3.3533333E+00   0.0000000E+00   0.0000000E+00   0.0000000E+00   0.0000000E+00
  -3.3466667E+00   0.0000000E+00   0.0000000E+00   0.0000000E+00   0.0000000E+00
  -3.3400000E+00   0.0000000E+00   0.0000000E+00   0.0000000E+00   0.0000000E+00
  -3.3333333E+00   0.0000000E+00   0.0000000E+00   0.0000000E+00   0.0000000E+00
  -3.3266667E+00   0.0000000E+00   0.0000000E+00   0.0000000E+00   0.0000000E+00
  -3.3200000E+00   0.0000000E+00   0.0000000E+00   0.0000000E+00   0.0000000E+00
  -3.3133333E+00   0.0000000E+00   0.0000000E+00   0.0000000E+00   0.0000000E+00
  -3.3066667E+00   0.0000000E+00   0.0000000E+00   0.0000000E+00   0.0000000E+00
  -3.3000000E+00   0.0000000E+00   0.0000000E+00   0.0000000E+00   0.0000000E+00
  -3.2933333E+00   0.0000000E+00   0.0000000E+00   0.0000000E+00   0.0000000E+00
  -3.2866667E+00   0.0000000E+00   0.0000000E+00   0.0000000E+00   0.0000000E+00
  -3.2800000E+00   0.0000000E+00   0.0000000E+00   0.0000000E+00   0.0000000E+00
  -3.2733333E+00   0.0000000E+00   0.0000000E+00   0.0000000E+00   0.0000000E+00
  -3.2666667E+00   0.0000000E+00   0.0000000E+00   0.0000000E+00   0.0000000E+00
  -3.2600000E+00   0.0000000E+00   0.0000000E+00   0.0000000E+00   0.0000000E+00
  -3.2533333E+00   0.0000000E+00   0.0000000E+00   0.0000000E+00   0.0000000E+00
  -3.2466667E+00   0.0000000E+00   0.0000000E+00   0.0000000E+00   0.0000000E+00
  -3.2400000E+00   0.0000000E+00   0.0000000E+00   0.0000000E+00   0.0000000E+00
  -3.2333333E+00   0.0000000E+00   0.0000000E+00   0.0000000E+00   0.0000000E+00
  -3.2266667E+00   0.0000000E+00   0.0000000E+00   0.0000000E+00   0.0000000E+00
  -3.2200000E+00   0.0000000E+00   0.0000000E+00   0.0000000E+00   0.0000000E+00
  -3.2133333E+00   0.0000000E+00   0.0000000E+00   0.0000000E+00   0.0000000E+00
  -3.2066667E+00   0.0000000E+00   0.0000000E+00   0.0000000E+00   0.0000000E+00
  -3.2000000E+00   0.0000000E+00   0.0000000E+00   0.0000000E+00   0.0000000E+00
  -3.1933333E+00   0.0000000E+00   0.0000000E+00   0.0000000E+00   0.0000000E+00
  -3.1866667E+00   0.0000000E+00   0.0000000E+00   0.0000000E+00   0.0000000E+00
  -3.1800000E+00   0.0000000E+00   0.0000000E+00   0.0000000E+00   0.0000000E+00
  -3.1733333E+00   0.0000000E+00   0.0000000E+00   0.0000000E+00   0.0000000E+00
  -3.1666667E+00   0.0000000E+00   0.0000000E+00   0.0000000E+00   0.0000000E+00
  -3.1600000E+00   0.0000000E+00   0.0000000E+00   0.0000000E+00   0.0000000E+00
  -3.1533333E+00   0.0000000E+00   0.0000000E+00   0.0000000E+00   0.0000000E+00
  -3.1466667E+00   0.0000000E+00   0.0000000E+00   0.0000000E+00   0.0000000E+00
  -3.1400000E+00   0.0000000E+00   0.0000000E+00   0.0000000E+00   0.0000000E+00
  -3.1333333E+00   0.0000000E+00   0.0000000E+00   0.0000000E+00   0.0000000E+00
  -3.1266667E+00   0.0000000E+00   0.0000000E+00   0.0000000E+00   0.0000000E+00
  -3.1200000E+00   0.0000000E+00   0.0000000E+00   0.0000000E+00   0.0000000E+00
  -3.1133333E+00   0.0000000E+00   0.0000000E+00   0.0000000E+00   0.0000000E+00
  -3.1066667E+00   0.0000000E+00   0.0000000E+00   0.0000000E+00   0.0000000E+00
  -3.1000000E+00   0.0000000E+00   0.0000000E+00   0.0000000E+00   0.0000000E+00
  -3.0933333E+00   0.0000000E+00   0.0000000E+00   0.0000000E+00   0.0000000E+00
  -3.0866667E+00   0.0000000E+00   0.0000000E+00   0.0000000E+00   0.0000000E+00
  -3.0800000E+00   0.0000000E+00   0.0000000E+00   0.0000000E+00   0.0000000E+00
  -3.0733333E+00   0.0000000E+00   0.0000000E+00   0.0000000E+00   0.0000000E+00
  -3.0666667E+00   0.0000000E+00   0.0000000E+00   0.0000000E+00   0.0000000E+00
  -3.0600000E+00   0.0000000E+00   0.0000000E+00   0.0000000E+00   0.0000000E+00
  -3.0533333E+00   0.0000000E+00   0.0000000E+00   0.0000000E+00   0.0000000E+00
  -3.0466667E+00   0.0000000E+00   0.0000000E+00   0.0000000E+00   0.0000000E+00
  -3.0400000E+00   0.0000000E+00   0.0000000E+00   0.0000000E+00   0.0000000E+00
  -3.0333333E+00   0.0000000E+00   0.0000000E+00   0.0000000E+00   0.0000000E+00
  -3.0266667E+00   0.0000000E+00   0.0000000E+00   0.0000000E+00   0.0000000E+00
  -3.0200000E+00   0.0000000E+00   0.0000000E+00   0.0000000E+00   0.0000000E+00
  -3.0133333E+00   0.0000000E+00   0.0000000E+00   0.0000000E+00   0.0000000E+00
  -3.0066667E+00   0.0000000E+00   0.0000000E+00   0.0000000E+00   0.0000000E+00
  -3.0000000E+00   0.0000000E+00   0.0000000E+00   0.0000000E+00   0.0000000E+00
  -2.9933333E+00   0.0000000E+00   0.0000000E+00   0.0000000E+00   0.0000000E+00
  -2.9866667E+00   0.0000000E+00   0.0000000E+00   0.0000000E+00   0.0000000E+00
  -2.9800000E+00   0.0000000E+00   0.0000000E+00   0.0000000E+00   0.0000000E+00
  -2.9733333E+00   0.0000000E+00   0.0000000E+00   0.0000000E+00   0.0000000E+00
  -2.9666667E+00   0.0000000E+00   0.0000000E+00   0.0000000E+00   0.0000000E+00
  -2.9600000E+00   0.0000000E+00   0.0000000E+00   0.0000000E+00   0.0000000E+00
  -2.9533333E+00   0.0000000E+00   0.0000000E+00   0.0000000E+00   0.0000000E+00
  -2.9466667E+00   0.0000000E+00   0.0000000E+00   0.0000000E+00   0.0000000E+00
  -2.9400000E+00   0.0000000E+00   0.0000000E+00   0.0000000E+00   0.0000000E+00
  -2.9333333E+00   0.0000000E+00   0.0000000E+00   0.0000000E+00   0.0000000E+00
  -2.9266667E+00   0.0000000E+00   0.0000000E+00   0.0000000E+00   0.0000000E+00
  -2.9200000E+00   0.0000000E+00   0.0000000E+00   0.0000000E+00   0.0000000E+00
  -2.9133333E+00   0.0000000E+00   0.0000000E+00   0.0000000E+00   0.0000000E+00
  -2.9066667E+00   0.0000000E+00   0.0000000E+00   0.0000000E+00   0.0000000E+00
  -2.9000000E+00   0.0000000E+00   0.0000000E+00   0.0000000E+00   0.0000000E+00
  -2.8933333E+00   0.0000000E+00   0.0000000E+00   0.0000000E+00   0.0000000E+00
  -2.8866667E+00   0.0000000E+00   0.0000000E+00   0.0000000E+00   0.0000000E+00
  -2.8800000E+00   0.0000000E+00   0.0000000E+00   0.0000000E+00   0.0000000E+00
  -2.8733333E+00   0.0000000E+00   0.0000000E+00   0.0000000E+00   0.0000000E+00
  -2.8666667E+00   0.0000000E+00   0.0000000E+00   0.0000000E+00   0.0000000E+00
  -2.8600000E+00   0.0000000E+00   0.0000000E+00   0.0000000E+00   0.0000000E+00
  -2.8533333E+00   0.0000000E+00   0.0000000E+00   0.0000000E+00   0.0000000E+00
  -2.8466667E+00   0.0000000E+00   0.0000000E+00   0.0000000E+00   0.0000000E+00
  -2.8400000E+00   0.0000000E+00   0.0000000E+00   0.0000000E+00   0.0000000E+00
  -2.8333333E+00   0.0000000E+00   0.0000000E+00   0.0000000E+00   0.0000000E+00
  -2.8266667E+00   0.0000000E+00   0.0000000E+00   0.0000000E+00   0.0000000E+00
  -2.8200000E+00   0.0000000E+00   0.0000000E+00   0.0000000E+00   0.0000000E+00
  -2.8133333E+00   0.0000000E+00   0.0000000E+00   0.0000000E+00   0.0000000E+00
  -2.8066667E+00   0.0000000E+00   0.0000000E+00   0.0000000E+00   0.0000000E+00
  -2.8000000E+00   0.0000000E+00   0.0000000E+00   0.0000000E+00   0.0000000E+00
  -2.7933333E+00   0.0000000E+00   0.0000000E+00   0.0000000E+00   0.0000000E+00
  -2.7866667E+00   0.0000000E+00   0.0000000E+00   0.0000000E+00   0.0000000E+00
  -2.7800000E+00   0.0000000E+00   0.0000000E+00   0.0000000E+00   0.0000000E+00
  -2.7733333E+00   0.0000000E+00   0.0000000E+00   0.0000000E+00   0.0000000E+00
  -2.7666667E+00   0.0000000E+00   0.0000000E+00   0.0000000E+00   0.0000000E+00
  -2.7600000E+00   0.0000000E+00   0.0000000E+00   0.0000000E+00   0.0000000E+00
  -2.7533333E+00   0.0000000E+00   0.0000000E+00   0.0000000E+00   0.0000000E+00
  -2.7466667E+00   0.0000000E+00   0.0000000E+00   0.0000000E+00   0.0000000E+00
  -2.7400000E+00   0.0000000E+00   0.0000000E+00   0.0000000E+00   0.0000000E+00
  -2.7333333E+00   0.0000000E+00   0.0000000E+00   0.0000000E+00   0.0000000E+00
  -2.7266667E+00   0.0000000E+00   0.0000000E+00   0.0000000E+00   0.0000000E+00
  -2.7200000E+00   0.0000000E+00   0.0000000E+00   0.0000000E+00   0.0000000E+00
  -2.7133333E+00   0.0000000E+00   0.0000000E+00   0.0000000E+00   0.0000000E+00
  -2.7066667E+00   0.0000000E+00   0.0000000E+00   0.0000000E+00   0.0000000E+00
  -2.7000000E+00   0.0000000E+00   0.0000000E+00   0.0000000E+00   0.0000000E+00
  -2.6933333E+00   0.0000000E+00   0.0000000E+00   0.0000000E+00   0.0000000E+00
  -2.6866667E+00   0.0000000E+00   0.0000000E+00   0.0000000E+00   0.0000000E+00
  -2.6800000E+00   0.0000000E+00   0.0000000E+00   0.0000000E+00   0.0000000E+00
  -2.6733333E+00   0.0000000E+00   0.0000000E+00   0.0000000E+00   0.0000000E+00
  -2.6666667E+00   0.0000000E+00   0.0000000E+00   0.0000000E+00   0.0000000E+00
  -2.6600000E+00   1.0000000E+00   0.0000000E+00   0.0000000E+00   0.0000000E+00
  -2.6533333E+00   1.0000000E+00   0.0000000E+00   0.0000000E+00   0.0000000E+00
  -2.6466667E+00   0.0000000E+00   0.0000000E+00   0.0000000E+00   0.0000000E+00
  -2.6400000E+00   0.0000000E+00   0.0000000E+00   0.0000000E+00   0.0000000E+00
  -2.6333333E+00   1.0000000E+00   0.0000000E+00   0.0000000E+00   0.0000000E+00
  -2.6266667E+00   0.0000000E+00   0.0000000E+00   0.0000000E+00   0.0000000E+00
  -2.6200000E+00   0.0000000E+00   0.0000000E+00   0.0000000E+00   0.0000000E+00
  -2.6133333E+00   1.0000000E+00   0.0000000E+00   0.0000000E+00   0.0000000E+00
  -2.6066667E+00   0.0000000E+00   0.0000000E+00   0.0000000E+00   0.0000000E+00
  -2.6000000E+00   0.0000000E+00   0.0000000E+00   0.0000000E+00   0.0000000E+00
  -2.5933333E+00   1.0000000E+00   0.0000000E+00   0.0000000E+00   0.0000000E+00
  -2.5866667E+00   0.0000000E+00   0.0000000E+00   0.0000000E+00   0.0000000E+00
  -2.5800000E+00   2.0000000E+00   0.0000000E+00   0.0000000E+00   0.0000000E+00
  -2.5733333E+00   0.0000000E+00   0.0000000E+00   0.0000000E+00   0.0000000E+00
  -2.5666667E+00   0.0000000E+00   0.0000000E+00   0.0000000E+00   0.0000000E+00
  -2.5600000E+00   0.0000000E+00   0.0000000E+00   0.0000000E+00   0.0000000E+00
  -2.5533333E+00   1.0000000E+00   0.0000000E+00   0.0000000E+00   0.0000000E+00
  -2.5466667E+00   0.0000000E+00   0.0000000E+00   0.0000000E+00   0.0000000E+00
  -2.5400000E+00   1.0000000E+00   0.0000000E+00   0.0000000E+00   0.0000000E+00
  -2.5333333E+00   1.0000000E+00   0.0000000E+00   0.0000000E+00   0.0000000E+00
  -2.5266667E+00   0.0000000E+00   0.0000000E+00   0.0000000E+00   0.0000000E+00
  -2.5200000E+00   0.0000000E+00   0.0000000E+00   0.0000000E+00   0.0000000E+00
  -2.5133333E+00   1.0000000E+00   1.0000000E+00   0.0000000E+00   0.0000000E+00
  -2.5066667E+00   1.0000000E+00   0.0000000E+00   0.0000000E+00   0.0000000E+00
  -2.5000000E+00   2.0000000E+00   0.0000000E+00   0.0000000E+00   0.0000000E+00
  -2.4933333E+00   1.0000000E+00   0.0000000E+00   0.0000000E+00   0.0000000E+00
  -2.4866667E+00   1.0000000E+00   0.0000000E+00   0.0000000E+00   0.0000000E+00
  -2.4800000E+00   1.0000000E+00   0.0000000E+00   0.0000000E+00   0.0000000E+00
  -2.4733333E+00   2.0000000E+00   2.0000000E+00   0.0000000E+00   0.0000000E+00
  -2.4666667E+00   0.0000000E+00   1.0000000E+00   0.0000000E+00   0.0000000E+00
  -2.4600000E+00   0.0000000E+00   0.0000000E+00   0.0000000E+00   0.0000000E+00
  -2.4533333E+00   0.0000000E+00   2.0000000E+00   0.0000000E+00   0.0000000E+00
  -2.4466667E+00   1.0000000E+00   0.0000000E+00   0.0000000E+00   0.0000000E+00
  -2.4400000E+00   1.0000000E+00   1.0000000E+00   0.0000000E+00   0.0000000E+00
  -2.4333333E+00   1.0000000E+00   0.0000000E+00   0.0000000E+00   0.0000000E+00
  -2.4266667E+00   2.0000000E+00   0.0000000E+00   0.0000000E+00   0.0000000E+00
  -2.4200000E+00   2.0000000E+00   0.0000000E+00   0.0000000E+00   0.0000000E+00
  -2.4133333E+00   1.0000000E+00   2.0000000E+00   0.0000000E+00   1.0000000E+00
  -2.4066667E+00   1.0000000E+00   1.0000000E+00   0.0000000E+00   0.0000000E+00
  -2.4000000E+00   2.0000000E+00   2.0000000E+00   0.0000000E+00   0.0000000E+00
  -2.3933333E+00   0.0000000E+00   0.0000000E+00   0.0000000E+00   0.0000000E+00
  -2.3866667E+00   3.0000000E+00   0.0000000E+00   0.0000000E+00   0.0000000E+00
  -2.3800000E+00   4.0000000E+00   0.0000000E+00   0.0000000E+00   0.0000000E+00
  -2.3733333E+00   2.0000000E+00   0.0000000E+00   0.0000000E+00   0.0000000E+00
  -2.3666667E+00   3.0000000E+00   0.0000000E+00   0.0000000E+00   0.0000000E+00
  -2.3600000E+00   3.0000000E+00   0.0000000E+00   0.0000000E+00   0.0000000E+00
  -2.3533333E+00   1.0000000E+00   2.0000000E+00   0.0000000E+00   0.0000000E+00
  -2.3466667E+00   0.0000000E+00   3.0000000E+00   0.0000000E+00   0.0000000E+00
  -2.3400000E+00   7.0000000E+00   2.0000000E+00   0.0000000E+00   0.0000000E+00
  -2.3333333E+00   1.0000000E+00   1.0000000E+00   0.0000000E+00   0.0000000E+00
  -2.3266667E+00   4.0000000E+00   1.0000000E+00   0.0000000E+00   0.0000000E+00
  -2.3200000E+00   4.0000000E+00   1.0000000E+00   0.0000000E+00   0.0000000E+00
  -2.3133333E+00   4.0000000E+00   4.0000000E+00   0.0000000E+00   0.0000000E+00
  -2.3066667E+00   2.0000000E+00   1.0000000E+00   0.0000000E+00   0.0000000E+00
  -2.3000000E+00   5.0000000E+00   3.0000000E+00   0.0000000E+00   0.0000000E+00
  -2.2933333E+00   1.0000000E+00   4.0000000E+00   0.0000000E+00   0.0000000E+00
  -2.2866667E+00   4.0000000E+00   4.0000000E+00   0.0000000E+00   0.0000000E+00
  -2.2800000E+00   9.0000000E+00   4.0000000E+00   0.0000000E+00   0.0000000E+00
  -2.2733333E+00   9.0000000E+00   3.0000000E+00   0.0000000E+00   0.0000000E+00
  -2.2666667E+00   2.0000000E+00   0.0000000E+00   0.0000000E+00   0.0000000E+00
  -2.2600000E+00   6.0000000E+00   1.0000000E+00   0.0000000E+00   0.0000000E+00
  -2.2533333E+00   3.0000000E+00   3.0000000E+00   0.0000000E+00   1.0000000E+00
  -2.2466667E+00   7.0000000E+00   4.0000000E+00   0.0000000E+00   0.0000000E+00
  -2.2400000E+00   5.0000000E+00   3.0000000E+00   0.0000000E+00   0.0000000E+00
  -2.2333333E+00   3.0000000E+00   3.0000000E+00   0.0000000E+00   0.0000000E+00
  -2.2266667E+00   9.0000000E+00   1.0000000E+00   0.0000000E+00   0.0000000E+00
  -2.2200000E+00   6.0000000E+00   4.0000000E+00   0.0000000E+00   0.0000000E+00
  -2.2133333E+00   7.0000000E+00   2.0000000E+00   0.0000000E+00   0.0000000E+00
  -2.2066667E+00   1.2000000E+01   6.0000000E+00   0.0000000E+00   0.0000000E+00
  -2.2000000E+00   9.0000000E+00   1.0000000E+00   0.0000000E+00   0.0000000E+00
  -2.1933333E+00   1.2000000E+01   6.0000000E+00   0.0000000E+00   0.0000000E+00
  -2.1866667E+00   1.2000000E+01   8.0000000E+00   0.0000000E+00   0.0000000E+00
  -2.1800000E+00   1.4000000E+01   3.0000000E+00   0.0000000E+00   0.0000000E+00
  -2.1733333E+00   1.0000000E+01   4.0000000E+00   0.0000000E+00   0.0000000E+00
  -2.1666667E+00   1.3000000E+01   3.0000000E+00   0.0000000E+00   0.0000000E+00
  -2.1600000E+00   1.5000000E+01   4.0000000E+00   0.0000000E+00   0.0000000E+00
  -2.1533333E+00   1.0000000E+01   5.0000000E+00   0.0000000E+00   0.0000000E+00
  -2.1466667E+00   9.0000000E+00   5.0000000E+00   0.0000000E+00   0.0000000E+00
  -2.1400000E+00   1.2000000E+01   6.0000000E+00   0.0000000E+00   0.0000000E+00
  -2.1333333E+00   1.5000000E+01   6.0000000E+00   0.0000000E+00   0.0000000E+00
  -2.1266667E+00   8.0000000E+00   4.0000000E+00   0.0000000E+00   0.0000000E+00
  -2.1200000E+00   1.5000000E+01   8.0000000E+00   0.0000000E+00   0.0000000E+00
  -2.1133333E+00   1.8000000E+01   1.1000000E+01   0.0000000E+00   0.0000000E+00
  -2.1066667E+00   2.0000000E+01   1.1000000E+01   0.0000000E+00   0.0000000E+00
  -2.1000000E+00   1.0000000E+01   1.0000000E+01   0.0000000E+00   0.0000000E+00
  -2.0933333E+00   1.4000000E+01   8.0000000E+00   0.0000000E+00   0.0000000E+00
  -2.0866667E+00   2.4000000E+01   5.0000000E+00   0.0000000E+00   0.0000000E+00
  -2.0800000E+00   1.7000000E+01   1.2000000E+01   0.0000000E+00   0.0000000E+00
  -2.0733333E+00   2.1000000E+01   1.3000000E+01   0.0000000E+00   0.0000000E+00
  -2.0666667E+00   3.2000000E+01   4.0000000E+00   0.0000000E+00   0.0000000E+00
  -2.0600000E+00   2.6000000E+01   1.0000000E+01   0.0000000E+00   0.0000000E+00
  -2.0533333E+00   2.3000000E+01   1.4000000E+01   0.0000000E+00   0.0000000E+00
  -2.0466667E+00   2.6000000E+01   1.1000000E+01   0.0000000E+00   0.0000000E+00
  -2.0400000E+00   2.2000000E+01   1.0000000E+01   0.0000000E+00   0.0000000E+00
  -2.0333333E+00   2.9000000E+01   6.0000000E+00   0.0000000E+00   0.0000000E+00
  -2.0266667E+00   2.7000000E+01   2.0000000E+01   0.0000000E+00   1.0000000E+00
  -2.0200000E+00   2.9000000E+01   1.2000000E+01   0.0000000E+00   0.0000000E+00
  -2.0133333E+00   3.2000000E+01   2.0000000E+01   0.0000000E+00   0.0000000E+00
  -2.0066667E+00   3.3000000E+01   1.3000000E+01   0.0000000E+00   0.0000000E+00
  -2.0000000E+00   3.4000000E+01   1.9000000E+01   0.0000000E+00   0.0000000E+00
  -1.9933333E+00   3.7000000E+01   1.8000000E+01   0.0000000E+00   0.0000000E+00
  -1.9866667E+00   3.4000000E+01   1.6000000E+01   0.0000000E+00   0.0000000E+00
  -1.9800000E+00   3.9000000E+01   2.3000000E+01   0.0000000E+00   0.0000000E+00
  -1.9733333E+00   5.4000000E+01   2.5000000E+01   0.0000000E+00   0.0000000E+00
  -1.9666667E+00   4.3000000E+01   2.8000000E+01   0.0000000E+00   0.0000000E+00
  -1.9600000E+00   4.9000000E+01   1.5000000E+01   0.0000000E+00   0.0000000E+00
  -1.9533333E+00   4.3000000E+01   2.0000000E+01   0.0000000E+00   0.0000000E+00
  -1.9466667E+00   4.7000000E+01   2.1000000E+01   0.0000000E+00   0.0000000E+00
  -1.9400000E+00   5.5000000E+01   2.5000000E+01   0.0000000E+00   0.0000000E+00
  -1.9333333E+00   5.9000000E+01   3.4000000E+01   0.0000000E+00   0.0000000E+00
  -1.9266667E+00   5.0000000E+01   2.6000000E+01   0.0000000E+00   0.0000000E+00
  -1.9200000E+00   6.0000000E+01   3.0000000E+01   0.0000000E+00   0.0000000E+00
  -1.9133333E+00   6.0000000E+01   5.2000000E+01   0.0000000E+00   0.0000000E+00
  -1.9066667E+00   7.8000000E+01   3.5000000E+01   0.0000000E+00   0.0000000E+00
  -1.9000000E+00   5.7000000E+01   3.8000000E+01   0.0000000E+00   0.0000000E+00
  -1.8933333E+00   7.4000000E+01   3.7000000E+01   0.0000000E+00   0.0000000E+00
  -1.8866667E+00   6.0000000E+01   4.4000000E+01   0.0000000E+00   0.0000000E+00
  -1.8800000E+00   9.2000000E+01   4.7000000E+01   0.0000000E+00   0.0000000E+00
  -1.8733333E+00   7.5000000E+01   3.2000000E+01   0.0000000E+00   1.0000000E+00
  -1.8666667E+00   1.0000000E+02   4.8000000E+01   0.0000000E+00   0.0000000E+00
  -1.8600000E+00   9.5000000E+01   4.5000000E+01   0.0000000E+00   0.0000000E+00
  -1.8533333E+00   6.9000000E+01   4.7000000E+01   0.0000000E+00   0.0000000E+00
  -1.8466667E+00   1.2200000E+02   4.7000000E+01   0.0000000E+00   0.0000000E+00
  -1.8400000E+00   1.0200000E+02   5.9000000E+01   0.0000000E+00   0.0000000E+00
  -1.8333333E+00   1.0100000E+02   5.6000000E+01   0.0000000E+00   0.0000000E+00
  -1.8266667E+00   1.1000000E+02   4.4000000E+01   0.0000000E+00   0.0000000E+00
  -1.8200000E+00   1.0100000E+02   6.9000000E+01   0.0000000E+00   0.0000000E+00
  -1.8133333E+00   1.1600000E+02   5.7000000E+01   0.0000000E+00   1.0000000E+00
  -1.8066667E+00   1.3500000E+02   6.5000000E+01   0.0000000E+00   0.0000000E+00
  -1.8000000E+00   1.3600000E+02   6.1000000E+01   0.0000000E+00   0.0000000E+00
  -1.7933333E+00   1.3400000E+02   8.0000000E+01   0.0000000E+00   2.0000000E+00
  -1.7866667E+00   1.3600000E+02   7.4000000E+01   0.0000000E+00   0.0000000E+00
  -1.7800000E+00   1.3500000E+02   7.3000000E+01   0.0000000E+00   0.0000000E+00
  -1.7733333E+00   1.5900000E+02   8.3000000E+01   0.0000000E+00   0.0000000E+00
  -1.7666667E+00   1.4700000E+02   7.6000000E+01   0.0000000E+00   0.0000000E+00
  -1.7600000E+00   1.6600000E+02   8.0000000E+01   0.0000000E+00   0.0000000E+00
  -1.7533333E+00   1.4000000E+02   9.4000000E+01   0.0000000E+00   0.0000000E+00
  -1.7466667E+00   1.9400000E+02   9.6000000E+01   0.0000000E+00   0.0000000E+00
  -1.7400000E+00   1.7400000E+02   9.7000000E+01   0.0000000E+00   1.0000000E+00
  -1.7333333E+00   1.9600000E+02   9.2000000E+01   0.0000000E+00   2.0000000E+00
  -1.7266667E+00   1.7900000E+02   9.3000000E+01   0.0000000E+00   1.0000000E+00
  -1.7200000E+00   2.1500000E+02   9.9000000E+01   0.0000000E+00   1.0000000E+00
  -1.7133333E+00   2.2300000E+02   1.2000000E+02   0.0000000E+00   0.0000000E+00
  -1.7066667E+00   2.4700000E+02   1.2400000E+02   0.0000000E+00   0.0000000E+00
  -1.7000000E+00   2.2800000E+02   1.2700000E+02   1.0000000E+00   1.0000000E+00
  -1.6933333E+00   2.7700000E+02   1.3900000E+02   0.0000000E+00   0.0000000E+00
  -1.6866667E+00   2.5700000E+02   1.3900000E+02   0.0000000E+00   0.0000000E+00
  -1.6800000E+00   2.5200000E+02   1.2200000E+02   0.0000000E+00   0.0000000E+00
  -1.6733333E+00   2.6900000E+02   1.5200000E+02   0.0000000E+00   0.0000000E+00
  -1.6666667E+00   3.2700000E+02   1.4100000E+02   1.0000000E+00   1.0000000E+00
  -1.6600000E+00   2.7800000E+02   1.3700000E+02   0.0000000E+00   0.0000000E+00
  -1.6533333E+00   3.3500000E+02   1.5400000E+02   0.0000000E+00   0.0000000E+00
  -1.6466667E+00   3.2900000E+02   1.6800000E+02   0.0000000E+00   0.0000000E+00
  -1.6400000E+00   3.1200000E+02   1.6700000E+02   0.0000000E+00   0.0000000E+00
  -1.6333333E+00   3.5900000E+02   1.7300000E+02   0.0000000E+00   1.0000000E+00
  -1.6266667E+00   3.8400000E+02   1.5700000E+02   0.0000000E+00   1.0000000E+00
  -1.6200000E+00   4.0700000E+02   1.8300000E+02   2.0000000E+00   0.0000000E+00
  -1.6133333E+00   4.0400000E+02   1.8700000E+02   2.0000000E+00   1.0000000E+00
  -1.6066667E+00   4.0700000E+02   2.0600000E+02   1.0000000E+00   1.0000000E+00
  -1.6000000E+00   3.8400000E+02   2.0800000E+02   0.0000000E+00   0.0000000E+00
  -1.5933333E+00   4.5200000E+02   2.0800000E+02   1.0000000E+00   0.0000000E+00
  -1.5866667E+00   4.7300000E+02   2.3000000E+02   0.0000000E+00   1.0000000E+00
  -1.5800000E+00   4.6300000E+02   2.3700000E+02   0.0000000E+00   0.0000000E+00
  -1.5733333E+00   4.8800000E+02   2.4100000E+02   0.0000000E+00   0.0000000E+00
  -1.5666667E+00   4.9600000E+02   2.5500000E+02   0.0000000E+00   0.0000000E+00
  -1.5600000E+00   4.9500000E+02   2.3300000E+02   0.0000000E+00   1.0000000E+00
  -1.5533333E+00   5.3400000E+02   2.6700000E+02   1.0000000E+00   0.0000000E+00
  -1.5466667E+00   5.2400000E+02   2.5500000E+02   2.0000000E+00   0.0000000E+00
  -1.5400000E+00   5.9800000E+02   3.0700000E+02   0.0000000E+00   0.0000000E+00
  -1.5333333E+00   5.7500000E+02   3.1800000E+02   0.0000000E+00   0.0000000E+00
  -1.5266667E+00   6.2800000E+02   3.3900000E+02   1.0000000E+00   1.0000000E+00
  -1.5200000E+00   6.0900000E+02   3.3100000E+02   0.0000000E+00   1.0000000E+00
  -1.5133333E+00   6.2200000E+02   3.1500000E+02   1.0000000E+00   0.0000000E+00
  -1.5066667E+00   6.5900000E+02   3.5200000E+02   1.0000000E+00   0.0000000E+00
  -1.5000000E+00   6.7400000E+02   3.2800000E+02   1.0000000E+00   0.0000000E+00
  -1.4933333E+00   7.3900000E+02   3.6000000E+02   0.0000000E+00   2.0000000E+00
  -1.4866667E+00   7.6900000E+02   3.3900000E+02   2.0000000E+00   2.0000000E+00
  -1.4800000E+00   7.8400000E+02   4.0900000E+02   2.0000000E+00   2.0000000E+00
  -1.4733333E+00   8.1400000E+02   3.8300000E+02   4.0000000E+00   0.0000000E+00
  -1.4666667E+00   8.6300000E+02   4.1200000E+02   0.0000000E+00   0.0000000E+00
  -1.4600000E+00   8.5400000E+02   4.3800000E+02   0.0000000E+00   0.0000000E+00
  -1.4533333E+00   8.7000000E+02   4.1900000E+02   0.0000000E+00   1.0000000E+00
  -1.4466667E+00   8.6700000E+02   4.6700000E+02   0.0000000E+00   0.0000000E+00
  -1.4400000E+00   9.5800000E+02   5.1800000E+02   1.0000000E+00   0.0000000E+00
  -1.4333333E+00   9.3000000E+02   4.9100000E+02   2.0000000E+00   1.0000000E+00
  -1.4266667E+00   9.4200000E+02   5.0100000E+02   1.0000000E+00   0.0000000E+00
  -1.4200000E+00   9.9900000E+02   5.4300000E+02   3.0000000E+00   0.0000000E+00
  -1.4133333E+00   1.0470000E+03   5.7400000E+02   2.0000000E+00   1.0000000E+00
  -1.4066667E+00   1.0660000E+03   5.5500000E+02   2.0000000E+00   0.0000000E+00
  -1.4000000E+00   1.1790000E+03   6.1100000E+02   4.0000000E+00   1.0000000E+00
  -1.3933333E+00   1.1650000E+03   6.4500000E+02   0.0000000E+00   1.0000000E+00
  -1.3866667E+00   1.2390000E+03   6.1800000E+02   3.0000000E+00   2.0000000E+00
  -1.3800000E+00   1.2340000E+03   6.4300000E+02   1.0000000E+00   1.0000000E+00
  -1.3733333E+00   1.3510000E+03   6.1000000E+02   1.0000000E+00   2.0000000E+00
  -1.3666667E+00   1.3340000E+03   6.9800000E+02   0.0000000E+00   0.0000000E+00
  -1.3600000E+00   1.3430000E+03   6.8900000E+02   1.0000000E+00   0.0000000E+00
  -1.3533333E+00   1.4750000E+03   7.2000000E+02   3.0000000E+00   1.0000000E+00
  -1.3466667E+00   1.5060000E+03   7.9500000E+02   2.0000000E+00   1.0000000E+00
  -1.3400000E+00   1.5470000E+03   7.5800000E+02   2.0000000E+00   0.0000000E+00
  -1.3333333E+00   1.5910000E+03   7.9500000E+02   4.0000000E+00   1.0000000E+00
  -1.3266667E+00   1.6800000E+03   8.2900000E+02   2.0000000E+00   0.0000000E+00
  -1.3200000E+00   1.6890000E+03   8.4700000E+02   3.0000000E+00   3.0000000E+00
  -1.3133333E+00   1.6400000E+03   8.6200000E+02   1.0000000E+00   2.0000000E+00
  -1.3066667E+00   1.7700000E+03   8.9200000E+02   2.0000000E+00   3.0000000E+00
  -1.3000000E+00   1.8220000E+03   9.1000000E+02   1.0000000E+00   1.0000000E+00
  -1.2933333E+00   1.8510000E+03   9.1000000E+02   4.0000000E+00   1.0000000E+00
  -1.2866667E+00   1.8970000E+03   1.0040000E+03   2.0000000E+00   1.0000000E+00
  -1.2800000E+00   2.0780000E+03   1.0240000E+03   5.0000000E+00   1.0000000E+00
  -1.2733333E+00   2.0000000E+03   1.0550000E+03   2.0000000E+00   1.0000000E+00
  -1.2666667E+00   2.1380000E+03   1.1160000E+03   1.0000000E+01   1.0000000E+00
  -1.2600000E+00   2.1790000E+03   1.1240000E+03   5.0000000E+00   4.0000000E+00
  -1.2533333E+00   2.2650000E+03   1.1960000E+03   7.0000000E+00   1.0000000E+00
  -1.2466667E+00   2.2790000E+03   1.1490000E+03   7.0000000E+00   4.0000000E+00
  -1.2400000E+00   2.3280000E+03   1.2100000E+03   8.0000000E+00   2.0000000E+00
  -1.2333333E+00   2.4330000E+03   1.2230000E+03   5.0000000E+00   0.0000000E+00
  -1.2266667E+00   2.4920000E+03   1.2510000E+03   8.0000000E+00   3.0000000E+00
  -1.2200000E+00   2.5280000E+03   1.3490000E+03   4.0000000E+00   2.0000000E+00
  -1.2133333E+00   2.5730000E+03   1.3100000E+03   7.0000000E+00   3.0000000E+00
  -1.2066667E+00   2.6710000E+03   1.3780000E+03   4.0000000E+00   2.0000000E+00
  -1.2000000E+00   2.8280000E+03   1.3820000E+03   8.0000000E+00   3.0000000E+00
  -1.1933333E+00   2.9210000E+03   1.4790000E+03   5.0000000E+00   2.0000000E+00
  -1.1866667E+00   2.9960000E+03   1.4490000E+03   3.0000000E+00   5.0000000E+00
  -1.1800000E+00   3.0020000E+03   1.5190000E+03   7.0000000E+00   7.0000000E+00
  -1.1733333E+00   3.0450000E+03   1.6240000E+03   4.0000000E+00   0.0000000E+00
  -1.1666667E+00   3.1920000E+03   1.6450000E+03   1.2000000E+01   6.0000000E+00
  -1.1600000E+00   3.3470000E+03   1.5970000E+03   1.2000000E+01   2.0000000E+00
  -1.1533333E+00   3.2690000E+03   1.7400000E+03   8.0000000E+00   2.0000000E+00
  -1.1466667E+00   3.4400000E+03   1.7620000E+03   8.0000000E+00   3.0000000E+00
  -1.1400000E+00   3.4690000E+03   1.7200000E+03   1.0000000E+01   6.0000000E+00
  -1.1333333E+00   3.5570000E+03   1.7810000E+03   1.1000000E+01   3.0000000E+00
  -1.1266667E+00   3.6110000E+03   1.8560000E+03   7.0000000E+00   3.0000000E+00
  -1.1200000E+00   3.6700000E+03   1.9090000E+03   9.0000000E+00   5.0000000E+00
  -1.1133333E+00   3.9390000E+03   2.0120000E+03   1.0000000E+01   1.0000000E+00
  -1.1066667E+00   4.1110000E+03   2.0390000E+03   1.5000000E+01   7.0000000E+00
  -1.1000000E+00   4.1430000E+03   2.0850000E+03   1.4000000E+01   3.0000000E+00
  -1.0933333E+00   4.1820000E+03   2.1210000E+03   1.1000000E+01   5.0000000E+00
  -1.0866667E+00   4.2090000E+03   2.2750000E+03   2.3000000E+01   9.0000000E+00
  -1.0800000E+00   4.4270000E+03   2.2300000E+03   1.4000000E+01   6.0000000E+00
  -1.0733333E+00   4.6180000E+03   2.2750000E+03   1.1000000E+01   6.0000000E+00
  -1.0666667E+00   4.7360000E+03   2.3260000E+03   2.4000000E+01   4.0000000E+00
  -1.0600000E+00   4.7860000E+03   2.4910000E+03   1.5000000E+01   8.0000000E+00
  -1.0533333E+00   4.8680000E+03   2.4790000E+03   1.7000000E+01   8.0000000E+00
  -1.0466667E+00   5.0370000E+03   2.5120000E+03   2.1000000E+01   4.0000000E+00
  -1.0400000E+00   5.0410000E+03   2.5330000E+03   1.5000000E+01   8.0000000E+00
  -1.0333333E+00   5.1510000E+03   2.7320000E+03   2.9000000E+01   1.0000000E+01
  -1.0266667E+00   5.2050000E+03   2.7580000E+03   2.1000000E+01   6.0000000E+00
  -1.0200000E+00   5.3690000E+03   2.9170000E+03   2.7000000E+01   6.0000000E+00
  -1.0133333E+00   5.5330000E+03   2.8880000E+03   1.9000000E+01   5.0000000E+00
  -1.0066667E+00   5.7950000E+03   2.9080000E+03   2.8000000E+01   8.0000000E+00
  -1.0000000E+00   5.7370000E+03   3.0290000E+03   2.0000000E+01   1.1000000E+01
  -9.9333333E-01   6.0320000E+03   3.0390000E+03   3.8000000E+01   5.0000000E+00
  -9.8666667E-01   6.0680000E+03   3.1860000E+03   3.2000000E+01   1.0000000E+01
  -9.8000000E-01   6.1320000E+03   3.2060000E+03   3.8000000E+01   8.0000000E+00
  -9.7333333E-01   6.3690000E+03   3.3720000E+03   3.1000000E+01   1.2000000E+01
  -9.6666667E-01   6.4930000E+03   3.2840000E+03   3.9000000E+01   1.1000000E+01
  -9.6000000E-01   6.6320000E+03   3.3580000E+03   3.9000000E+01   1.1000000E+01
  -9.5333333E-01   6.6120000E+03   3.3610000E+03   4.4000000E+01   1.4000000E+01
  -9.4666667E-01   6.8350000E+03   3.5730000E+03   3.0000000E+01   9.0000000E+00
  -9.4000000E-01   7.1610000E+03   3.6410000E+03   4.4000000E+01   1.3000000E+01
  -9.3333333E-01   7.1240000E+03   3.6910000E+03   5.5000000E+01   1.5000000E+01
  -9.2666667E-01   7.3520000E+03   3.7470000E+03   5.1000000E+01   1.9000000E+01
  -9.2000000E-01   7.5180000E+03   3.7500000E+03   5.7000000E+01   1.1000000E+01
  -9.1333333E-01   7.8300000E+03   4.0960000E+03   4.3000000E+01   1.1000000E+01
  -9.0666667E-01   7.8000000E+03   3.9880000E+03   5.4000000E+01   1.6000000E+01
  -9.0000000E-01   8.0380000E+03   4.1290000E+03   6.1000000E+01   1.9000000E+01
  -8.9333333E-01   8.1350000E+03   4.1990000E+03   6.8000000E+01   1.4000000E+01
  -8.8666667E-01   8.2290000E+03   4.3060000E+03   6.4000000E+01   1.3000000E+01
  -8.8000000E-01   8.5100000E+03   4.2770000E+03   5.4000000E+01   2.0000000E+01
  -8.7333333E-01   8.6450000E+03   4.4110000E+03   8.6000000E+01   1.8000000E+01
  -8.6666667E-01   8.6910000E+03   4.4090000E+03   8.3000000E+01   2.3000000E+01
  -8.6000000E-01   8.8280000E+03   4.6540000E+03   8.8000000E+01   1.8000000E+01
  -8.5333333E-01   9.1220000E+03   4.7650000E+03   6.9000000E+01   2.3000000E+01
  -8.4666667E-01   9.2990000E+03   4.6910000E+03   7.3000000E+01   3.5000000E+01
  -8.4000000E-01   9.3100000E+03   4.9600000E+03   9.3000000E+01   2.8000000E+01
  -8.3333333E-01   9.6050000E+03   4.9140000E+03   8.3000000E+01   2.9000000E+01
  -8.2666667E-01   9.8680000E+03   4.9580000E+03   9.8000000E+01   3.2000000E+01
  -8.2000000E-01   9.8630000E+03   5.0780000E+03   1.0000000E+02   1.9000000E+01
  -8.1333333E-01   1.0155000E+04   5.3240000E+03   1.0400000E+02   3.4000000E+01
  -8.0666667E-01   1.0414000E+04   5.2880000E+03   1.2300000E+02   3.5000000E+01
  -8.0000000E-01   1.0614000E+04   5.2620000E+03   1.3700000E+02   4.2000000E+01
  -7.9333333E-01   1.0634000E+04   5.4530000E+03   1.0600000E+02   2.9000000E+01
  -7.8666667E-01   1.0821000E+04   5.5620000E+03   1.4200000E+02   3.2000000E+01
  -7.8000000E-01   1.1007000E+04   5.6220000E+03   1.1900000E+02   3.5000000E+01
  -7.7333333E-01   1.1180000E+04   5.9440000E+03   1.3600000E+02   4.1000000E+01
  -7.6666667E-01   1.1367000E+04   5.8400000E+03   1.5900000E+02   6.1000000E+01
  -7.6000000E-01   1.1430000E+04   5.8630000E+03   1.6000000E+02   4.1000000E+01
  -7.5333333E-01   1.1567000E+04   6.0400000E+03   1.6600000E+02   4.3000000E+01
  -7.4666667E-01   1.1809000E+04   6.1770000E+03   1.9500000E+02   5.4000000E+01
  -7.4000000E-01   1.2008000E+04   6.1040000E+03   1.8800000E+02   3.8000000E+01
  -7.3333333E-01   1.1997000E+04   6.3570000E+03   2.0500000E+02   5.2000000E+01
  -7.2666667E-01   1.2271000E+04   6.3840000E+03   2.3500000E+02   5.9000000E+01
  -7.2000000E-01   1.2201000E+04   6.4240000E+03   2.3400000E+02   6.4000000E+01
  -7.1333333E-01   1.2436000E+04   6.3870000E+03   2.6900000E+02   8.1000000E+01
  -7.0666667E-01   1.2319000E+04   6.6480000E+03   2.7700000E+02   7.3000000E+01
  -7.0000000E-01   1.2063000E+04   6.4560000E+03   2.7400000E+02   8.0000000E+01
  -6.9333333E-01   1.1833000E+04   6.4930000E+03   3.5600000E+02   9.9000000E+01
  -6.8666667E-01   1.1117000E+04   6.1690000E+03   3.4100000E+02   1.2500000E+02
  -6.8000000E-01   1.0327000E+04   6.0320000E+03   4.0400000E+02   1.3900000E+02
  -6.7333333E-01   9.5920000E+03   5.5880000E+03   4.3700000E+02   1.5900000E+02
  -6.6666667E-01   8.7320000E+03   5.1010000E+03   4.8200000E+02   1.7400000E+02
  -6.6000000E-01   7.6300000E+03   4.7590000E+03   4.9000000E+02   1.8300000E+02
  -6.5333333E-01   7.0370000E+03   4.3870000E+03   5.4200000E+02   2.0800000E+02
  -6.4666667E-01   6.1670000E+03   3.8270000E+03   5.4900000E+02   2.2100000E+02
  -6.4000000E-01   5.4710000E+03   3.5040000E+03   5.6300000E+02   2.4300000E+02
  -6.3333333E-01   4.7110000E+03   2.8980000E+03   5.6500000E+02   2.1100000E+02
  -6.2666667E-01   4.0690000E+03   2.6630000E+03   6.3000000E+02   2.7200000E+02
  -6.2000000E-01   3.4750000E+03   2.2500000E+03   6.0200000E+02   2.8400000E+02
  -6.1333333E-01   2.9020000E+03   1.9120000E+03   5.6700000E+02   2.5500000E+02
  -6.0666667E-01   2.4420000E+03   1.6000000E+03   5.8900000E+02   2.5700000E+02
  -6.0000000E-01   2.0160000E+03   1.3260000E+03   6.1900000E+02   2.8000000E+02
  -5.9333333E-01   1.6860000E+03   1.1240000E+03   6.0400000E+02   2.9400000E+02
  -5.8666667E-01   1.5300000E+03   9.3600000E+02   5.8700000E+02   2.7900000E+02
  -5.8000000E-01   1.4150000E+03   7.9700000E+02   6.2300000E+02   2.8600000E+02
  -5.7333333E-01   1.2830000E+03   7.4900000E+02   5.9900000E+02   3.0400000E+02
  -5.6666667E-01   1.2440000E+03   6.9600000E+02   6.2500000E+02   2.8100000E+02
  -5.6000000E-01   1.1820000E+03   6.0600000E+02   5.8000000E+02   2.5400000E+02
  -5.5333333E-01   1.1920000E+03   6.2800000E+02   6.1700000E+02   3.0200000E+02
  -5.4666667E-01   1.1100000E+03   5.9400000E+02   5.8000000E+02   2.8700000E+02
  -5.4000000E-01   1.2130000E+03   6.4800000E+02   6.7300000E+02   3.3200000E+02
  -5.3333333E-01   1.1140000E+03   5.9200000E+02   6.2500000E+02   3.2300000E+02
  -5.2666667E-01   1.1320000E+03   5.8300000E+02   6.2100000E+02   3.0600000E+02
  -5.2000000E-01   1.1200000E+03   6.0100000E+02   6.4800000E+02   3.4000000E+02
  -5.1333333E-01   1.1310000E+03   6.2400000E+02   6.5700000E+02   3.4400000E+02
  -5.0666667E-01   1.1220000E+03   6.1800000E+02   6.7600000E+02   3.4800000E+02
  -5.0000000E-01   1.1740000E+03   6.3000000E+02   6.9100000E+02   3.6000000E+02
  -4.9333333E-01   1.1110000E+03   5.8500000E+02   6.7000000E+02   3.2800000E+02
  -4.8666667E-01   1.0920000E+03   5.7800000E+02   6.5700000E+02   3.4400000E+02
  -4.8000000E-01   1.0590000E+03   6.1600000E+02   6.6200000E+02   3.7400000E+02
  -4.7333333E-01   1.1500000E+03   6.1200000E+02   7.4800000E+02   3.9400000E+02
  -4.6666667E-01   1.1060000E+03   6.3900000E+02   6.8800000E+02   4.1200000E+02
  -4.6000000E-01   1.1390000E+03   6.1500000E+02   7.4000000E+02   4.3400000E+02
  -4.5333333E-01   1.1600000E+03   6.4000000E+02   7.9300000E+02   4.1200000E+02
  -4.4666667E-01   1.2170000E+03   6.7800000E+02   8.4000000E+02   4.5700000E+02
  -4.4000000E-01   1.2580000E+03   6.6800000E+02   8.9800000E+02   4.8400000E+02
  -4.3333333E-01   1.2900000E+03   6.8000000E+02   9.6500000E+02   5.0300000E+02
  -4.2666667E-01   1.2680000E+03   6.9900000E+02   9.7200000E+02   5.2900000E+02
  -4.2000000E-01   1.3890000E+03   7.3900000E+02   1.0770000E+03   5.5900000E+02
  -4.1333333E-01   1.3820000E+03   7.9300000E+02   1.1030000E+03   6.5200000E+02
  -4.0666667E-01   1.4370000E+03   8.5200000E+02   1.1940000E+03   6.6900000E+02
  -4.0000000E-01   1.5690000E+03   8.7900000E+02   1.3070000E+03   7.2700000E+02
  -3.9333333E-01   1.6530000E+03   9.0900000E+02   1.4050000E+03   7.5900000E+02
  -3.8666667E-01   1.6670000E+03   9.6300000E+02   1.4270000E+03   8.3200000E+02
  -3.8000000E-01   1.7770000E+03   9.9600000E+02   1.5500000E+03   8.6500000E+02
  -3.7333333E-01   1.9740000E+03   1.0830000E+03   1.7440000E+03   9.6100000E+02
  -3.6666667E-01   2.0260000E+03   1.0980000E+03   1.8320000E+03   9.8700000E+02
  -3.6000000E-01   2.1450000E+03   1.1790000E+03   1.9260000E+03   1.0510000E+03
  -3.5333333E-01   2.2860000E+03   1.2270000E+03   2.0930000E+03   1.1240000E+03
  -3.4666667E-01   2.3780000E+03   1.2570000E+03   2.1920000E+03   1.1530000E+03
  -3.4000000E-01   2.4160000E+03   1.3660000E+03   2.2430000E+03   1.2710000E+03
  -3.3333333E-01   2.6310000E+03   1.4270000E+03   2.4460000E+03   1.3270000E+03
  -3.2666667E-01   2.7500000E+03   1.5180000E+03   2.5520000E+03   1.4040000E+03
  -3.2000000E-01   2.9580000E+03   1.5540000E+03   2.7900000E+03   1.4400000E+03
  -3.1333333E-01   2.9990000E+03   1.6550000E+03   2.8620000E+03   1.5550000E+03
  -3.0666667E-01   3.2720000E+03   1.7580000E+03   3.0980000E+03   1.6690000E+03
  -3.0000000E-01   3.2340000E+03   1.8700000E+03   3.0650000E+03   1.7680000E+03
  -2.9333333E-01   3.5010000E+03   1.9370000E+03   3.3470000E+03   1.8420000E+03
  -2.8666667E-01   3.6210000E+03   1.9410000E+03   3.4430000E+03   1.8430000E+03
  -2.8000000E-01   3.8460000E+03   2.0980000E+03   3.6360000E+03   1.9930000E+03
  -2.7333333E-01   4.1030000E+03   2.2250000E+03   3.9190000E+03   2.1110000E+03
  -2.6666667E-01   4.2490000E+03   2.2710000E+03   4.0700000E+03   2.1820000E+03
  -2.6000000E-01   4.5100000E+03   2.3700000E+03   4.2980000E+03   2.2520000E+03
  -2.5333333E-01   4.5780000E+03   2.4160000E+03   4.3740000E+03   2.3160000E+03
  -2.4666667E-01   4.7270000E+03   2.5960000E+03   4.5400000E+03   2.4950000E+03
  -2.4000000E-01   4.9580000E+03   2.7440000E+03   4.7510000E+03   2.6340000E+03
  -2.3333333E-01   5.1340000E+03   2.8910000E+03   4.9140000E+03   2.7700000E+03
  -2.2666667E-01   5.7020000E+03   3.0780000E+03   5.4700000E+03   2.9530000E+03
  -2.2000000E-01   5.7790000E+03   3.2730000E+03   5.5260000E+03   3.1440000E+03
  -2.1333333E-01   6.4030000E+03   3.4600000E+03   6.1460000E+03   3.3230000E+03
  -2.0666667E-01   6.7440000E+03   3.7360000E+03   6.4940000E+03   3.5790000E+03
  -2.0000000E-01   7.1880000E+03   3.9270000E+03   6.8990000E+03   3.7900000E+03
  -1.9333333E-01   7.5210000E+03   4.1900000E+03   7.2300000E+03   4.0540000E+03
  -1.8666667E-01   8.3490000E+03   4.5600000E+03   8.0300000E+03   4.4110000E+03
  -1.8000000E-01   8.9810000E+03   5.0610000E+03   8.6800000E+03   4.8660000E+03
  -1.7333333E-01   9.8600000E+03   5.5770000E+03   9.5020000E+03   5.3660000E+03
  -1.6666667E-01   1.0701000E+04   6.2020000E+03   1.0305000E+04   5.9580000E+03
  -1.6000000E-01   1.2041000E+04   6.7140000E+03   1.1558000E+04   6.4120000E+03
  -1.5333333E-01   1.2948000E+04   7.2310000E+03   1.2411000E+04   6.9060000E+03
  -1.4666667E-01   1.4178000E+04   8.1720000E+03   1.3596000E+04   7.7540000E+03
  -1.4000000E-01   1.5768000E+04   8.5530000E+03   1.5039000E+04   8.0870000E+03
  -1.3333333E-01   1.7142000E+04   9.2560000E+03   1.6303000E+04   8.7440000E+03
  -1.2666667E-01   1.8312000E+04   9.9630000E+03   1.7266000E+04   9.3090000E+03
  -1.2000000E-01   1.9364000E+04   1.0503000E+04   1.8194000E+04   9.8380000E+03
  -1.1333333E-01   2.1206000E+04   1.1010000E+04   1.9860000E+04   1.0245000E+04
  -1.0666667E-01   2.2114000E+04   1.1713000E+04   2.0556000E+04   1.0784000E+04
  -1.0000000E-01   2.3321000E+04   1.2507000E+04   2.1570000E+04   1.1420000E+04
  -9.3333333E-02   2.4597000E+04   1.2920000E+04   2.2670000E+04   1.1763000E+04
  -8.6666667E-02   2.5970000E+04   1.3561000E+04   2.3758000E+04   1.2305000E+04
  -8.0000000E-02   2.7222000E+04   1.4282000E+04   2.4775000E+04   1.2796000E+04
  -7.3333333E-02   2.8277000E+04   1.4645000E+04   2.5557000E+04   1.3174000E+04
  -6.6666667E-02   2.9612000E+04   1.5272000E+04   2.6667000E+04   1.3669000E+04
  -6.0000000E-02   3.0633000E+04   1.5860000E+04   2.7416000E+04   1.4028000E+04
  -5.3333333E-02   3.1847000E+04   1.6468000E+04   2.8339000E+04   1.4555000E+04
  -4.6666667E-02   3.3020000E+04   1.7124000E+04   2.9187000E+04   1.4996000E+04
  -4.0000000E-02   3.4453000E+04   1.7630000E+04   3.0373000E+04   1.5332000E+04
  -3.3333333E-02   3.5623000E+04   1.8384000E+04   3.1222000E+04   1.5871000E+04
  -2.6666667E-02   3.6726000E+04   1.8999000E+04   3.2075000E+04   1.6340000E+04
  -2.0000000E-02   3.7774000E+04   1.9628000E+04   3.2867000E+04   1.6818000E+04
  -1.3333333E-02   3.9356000E+04   1.9945000E+04   3.3922000E+04   1.6979000E+04
  -6.6666667E-03   4.0078000E+04   2.0585000E+04   3.4284000E+04   1.7327000E+04
   0.0000000E+00   4.1543000E+04   2.1202000E+04   3.5344000E+04   1.7871000E+04
   6.6666667E-03   4.2273000E+04   2.1864000E+04   3.5746000E+04   1.8177000E+04
   1.3333333E-02   4.3500000E+04   2.2240000E+04   3.6593000E+04   1.8433000E+04
   2.0000000E-02   4.4516000E+04   2.2640000E+04   3.7234000E+04   1.8582000E+04
   2.6666667E-02   4.5516000E+04   2.2999000E+04   3.7888000E+04   1.8806000E+04
   3.3333333E-02   4.6353000E+04   2.3789000E+04   3.8311000E+04   1.9306000E+04
   4.0000000E-02   4.7666000E+04   2.3691000E+04   3.8992000E+04   1.9137000E+04
   4.6666667E-02   4.8395000E+04   2.4270000E+04   3.9300000E+04   1.9435000E+04
   5.3333333E-02   4.9201000E+04   2.4745000E+04   3.9749000E+04   1.9665000E+04
   6.0000000E-02   4.9701000E+04   2.5155000E+04   3.9955000E+04   1.9985000E+04
   6.6666667E-02   5.0612000E+04   2.5492000E+04   4.0204000E+04   1.9990000E+04
   7.3333333E-02   5.1537000E+04   2.5352000E+04   4.1063000E+04   1.9802000E+04
   8.0000000E-02   5.1763000E+04   2.5933000E+04   4.0880000E+04   2.0077000E+04
   8.6666667E-02   5.2576000E+04   2.6654000E+04   4.1285000E+04   2.0671000E+04
   9.3333333E-02   5.3560000E+04   2.6513000E+04   4.1870000E+04   2.0254000E+04
   1.0000000E-01   5.4452000E+04   2.7015000E+04   4.2271000E+04   2.0478000E+04
   1.0666667E-01   5.4474000E+04   2.7281000E+04   4.2018000E+04   2.0613000E+04
   1.1333333E-01   5.5265000E+04   2.7504000E+04   4.2342000E+04   2.0758000E+04
   1.2000000E-01   5.5525000E+04   2.7919000E+04   4.2383000E+04   2.0739000E+04
   1.2666667E-01   5.6571000E+04   2.8132000E+04   4.2742000E+04   2.0869000E+04
   1.3333333E-01   5.6943000E+04   2.8393000E+04   4.2943000E+04   2.0969000E+04
   1.4000000E-01   5.7234000E+04   2.8434000E+04   4.2939000E+04   2.0744000E+04
   1.4666667E-01   5.7641000E+04   2.8797000E+04   4.2954000E+04   2.1013000E+04
   1.5333333E-01   5.8227000E+04   2.9097000E+04   4.3035000E+04   2.1032000E+04
   1.6000000E-01   5.8588000E+04   2.9287000E+04   4.2977000E+04   2.1219000E+04
   1.6666667E-01   5.9087000E+04   2.9435000E+04   4.3062000E+04   2.1087000E+04
   1.7333333E-01   5.9139000E+04   2.9411000E+04   4.3049000E+04   2.0894000E+04
   1.8000000E-01   5.9862000E+04   2.9558000E+04   4.3203000E+04   2.0952000E+04
   1.8666667E-01   6.0017000E+04   2.9605000E+04   4.2948000E+04   2.0777000E+04
   1.9333333E-01   6.0355000E+04   2.9841000E+04   4.2882000E+04   2.0777000E+04
   2.0000000E-01   6.0370000E+04   2.9429000E+04   4.2814000E+04   2.0294000E+04
   2.0666667E-01   6.0007000E+04   2.9880000E+04   4.1937000E+04   2.0544000E+04
   2.1333333E-01   6.0592000E+04   3.0110000E+04   4.2409000E+04   2.0536000E+04
   2.2000000E-01   6.0751000E+04   2.9683000E+04   4.2051000E+04   2.0087000E+04
   2.2666667E-01   6.0551000E+04   2.9850000E+04   4.1707000E+04   1.9973000E+04
   2.3333333E-01   6.0709000E+04   2.9857000E+04   4.1353000E+04   1.9925000E+04
   2.4000000E-01   6.0540000E+04   2.9344000E+04   4.1269000E+04   1.9459000E+04
   2.4666667E-01   6.0095000E+04   2.9601000E+04   4.0448000E+04   1.9415000E+04
   2.5333333E-01   5.9515000E+04   2.9677000E+04   3.9832000E+04   1.9309000E+04
   2.6000000E-01   5.9283000E+04   2.9088000E+04   3.9286000E+04   1.8688000E+04
   2.6666667E-01   5.9171000E+04   2.8634000E+04   3.8783000E+04   1.8018000E+04
   2.7333333E-01   5.8678000E+04   2.8779000E+04   3.8281000E+04   1.8077000E+04
   2.8000000E-01   5.8447000E+04   2.8923000E+04   3.7667000E+04   1.8144000E+04
   2.8666667E-01   5.8077000E+04   2.7749000E+04   3.7153000E+04   1.7256000E+04
   2.9333333E-01   5.7324000E+04   2.8265000E+04   3.6129000E+04   1.7327000E+04
   3.0000000E-01   5.6999000E+04   2.7856000E+04   3.5503000E+04   1.6915000E+04
   3.0666667E-01   5.6489000E+04   2.7443000E+04   3.4956000E+04   1.6474000E+04
   3.1333333E-01   5.5758000E+04   2.7252000E+04   3.4088000E+04   1.6259000E+04
   3.2000000E-01   5.5214000E+04   2.6810000E+04   3.3387000E+04   1.5578000E+04
   3.2666667E-01   5.4415000E+04   2.6637000E+04   3.2485000E+04   1.5261000E+04
   3.3333333E-01   5.3519000E+04   2.6192000E+04   3.1453000E+04   1.4932000E+04
   3.4000000E-01   5.3486000E+04   2.5945000E+04   3.1001000E+04   1.4434000E+04
   3.4666667E-01   5.2731000E+04   2.5379000E+04   3.0326000E+04   1.4046000E+04
   3.5333333E-01   5.2080000E+04   2.5292000E+04   2.9576000E+04   1.3669000E+04
   3.6000000E-01   5.0639000E+04   2.4926000E+04   2.8439000E+04   1.3303000E+04
   3.6666667E-01   4.9718000E+04   2.3994000E+04   2.7309000E+04   1.2685000E+04
   3.7333333E-01   4.9036000E+04   2.3951000E+04   2.6618000E+04   1.2443000E+04
   3.8000000E-01   4.8294000E+04   2.4010000E+04   2.5896000E+04   1.2217000E+04
   3.8666667E-01   4.7742000E+04   2.2922000E+04   2.5074000E+04   1.1472000E+04
   3.9333333E-01   4.6372000E+04   2.2489000E+04   2.4082000E+04   1.1026000E+04
   4.0000000E-01   4.5232000E+04   2.2073000E+04   2.3073000E+04   1.0528000E+04
   4.0666667E-01   4.4610000E+04   2.1354000E+04   2.1950000E+04   9.8030000E+03
   4.1333333E-01   4.3751000E+04   2.0994000E+04   2.1140000E+04   9.4610000E+03
   4.2000000E-01   4.2438000E+04   2.0250000E+04   1.9740000E+04   8.8210000E+03
   4.2666667E-01   4.0967000E+04   1.9679000E+04   1.8673000E+04   8.1230000E+03
   4.3333333E-01   3.9752000E+04   1.8989000E+04   1.7293000E+04   7.5800000E+03
   4.4000000E-01   3.8543000E+04   1.8289000E+04   1.6103000E+04   7.0030000E+03
   4.4666667E-01   3.7191000E+04   1.7659000E+04   1.5178000E+04   6.4350000E+03
   4.5333333E-01   3.5863000E+04   1.7050000E+04   1.3729000E+04   5.8310000E+03
   4.6000000E-01   3.4170000E+04   1.6423000E+04   1.2301000E+04   5.3220000E+03
   4.6666667E-01   3.2881000E+04   1.5714000E+04   1.1316000E+04   4.7910000E+03
   4.7333333E-01   3.1876000E+04   1.5255000E+04   1.0325000E+04   4.3630000E+03
   4.8000000E-01   3.0516000E+04   1.4756000E+04   9.3070000E+03   3.9820000E+03
   4.8666667E-01   2.9699000E+04   1.4399000E+04   8.5970000E+03   3.6890000E+03
   4.9333333E-01   2.9062000E+04   1.3903000E+04   7.9880000E+03   3.4100000E+03
   5.0000000E-01   2.8179000E+04   1.3633000E+04   7.4300000E+03   3.1130000E+03
   5.0666667E-01   2.7444000E+04   1.3160000E+04   6.9150000E+03   2.8680000E+03
   5.1333333E-01   2.6619000E+04   1.3135000E+04   6.2880000E+03   2.7150000E+03
   5.2000000E-01   2.6005000E+04   1.2858000E+04   5.8950000E+03   2.5440000E+03
   5.2666667E-01   2.5449000E+04   1.2393000E+04   5.6080000E+03   2.3070000E+03
   5.3333333E-01   2.4960000E+04   1.2071000E+04   5.2270000E+03   2.1890000E+03
   5.4000000E-01   2.4352000E+04   1.1839000E+04   4.8820000E+03   1.9870000E+03
   5.4666667E-01   2.3855000E+04   1.1632000E+04   4.4950000E+03   1.8970000E+03
   5.5333333E-01   2.3404000E+04   1.1496000E+04   4.3630000E+03   1.8050000E+03
   5.6000000E-01   2.3017000E+04   1.1147000E+04   4.0110000E+03   1.6190000E+03
   5.6666667E-01   2.2455000E+04   1.1021000E+04   3.8260000E+03   1.5380000E+03
   5.7333333E-01   2.1772000E+04   1.0648000E+04   3.6180000E+03   1.4990000E+03
   5.8000000E-01   2.1371000E+04   1.0435000E+04   3.3430000E+03   1.3520000E+03
   5.8666667E-01   2.1011000E+04   1.0217000E+04   3.0760000E+03   1.2220000E+03
   5.9333333E-01   2.0648000E+04   1.0058000E+04   2.9590000E+03   1.1290000E+03
   6.0000000E-01   2.0352000E+04   9.8810000E+03   2.8600000E+03   1.0830000E+03
   6.0666667E-01   1.9765000E+04   9.7020000E+03   2.5480000E+03   9.6500000E+02
   6.1333333E-01   1.9215000E+04   9.2990000E+03   2.2750000E+03   8.8500000E+02
   6.2000000E-01   1.8821000E+04   9.2540000E+03   2.2210000E+03   8.0000000E+02
   6.2666667E-01   1.8306000E+04   8.8690000E+03   2.0030000E+03   6.6300000E+02
   6.3333333E-01   1.7933000E+04   8.8160000E+03   1.8530000E+03   6.5200000E+02
   6.4000000E-01   1.7720000E+04   8.5850000E+03   1.6370000E+03   5.7200000E+02
   6.4666667E-01   1.7619000E+04   8.4140000E+03   1.5280000E+03   4.6300000E+02
   6.5333333E-01   1.6944000E+04   8.3820000E+03   1.3030000E+03   4.0900000E+02
   6.6000000E-01   1.6432000E+04   7.9670000E+03   1.1870000E+03   3.5100000E+02
   6.6666667E-01   1.6210000E+04   7.8740000E+03   1.0290000E+03   2.8000000E+02
   6.7333333E-01   1.5723000E+04   7.6890000E+03   9.2900000E+02   2.2700000E+02
   6.8000000E-01   1.5619000E+04   7.6040000E+03   8.4300000E+02   2.0000000E+02
   6.8666667E-01   1.5356000E+04   7.3830000E+03   7.2200000E+02   1.7600000E+02
   6.9333333E-01   1.4872000E+04   7.4020000E+03   6.7900000E+02   1.8200000E+02
   7.0000000E-01   1.4805000E+04   7.1670000E+03   6.3800000E+02   1.4700000E+02
   7.0666667E-01   1.4220000E+04   7.1520000E+03   5.9600000E+02   1.4300000E+02
   7.1333333E-01   1.4165000E+04   7.0270000E+03   5.4100000E+02   1.3200000E+02
   7.2000000E-01   1.3971000E+04   7.0400000E+03   5.1300000E+02   1.1600000E+02
   7.2666667E-01   1.3617000E+04   6.6430000E+03   5.0400000E+02   1.1600000E+02
   7.3333333E-01   1.3556000E+04   6.6260000E+03   5.1200000E+02   1.2400000E+02
   7.4000000E-01   1.3197000E+04   6.4580000E+03   4.7100000E+02   1.3100000E+02
   7.4666667E-01   1.2961000E+04   6.5850000E+03   4.4900000E+02   1.0500000E+02
   7.5333333E-01   1.2668000E+04   6.3470000E+03   4.5500000E+02   1.0700000E+02
   7.6000000E-01   1.2415000E+04   6.1640000E+03   4.2500000E+02   1.0900000E+02
   7.6666667E-01   1.2187000E+04   5.9900000E+03   4.2100000E+02   9.9000000E+01
   7.7333333E-01   1.1994000E+04   5.9550000E+03   4.1300000E+02   9.4000000E+01
   7.8000000E-01   1.1845000E+04   5.7920000E+03   4.0000000E+02   1.0500000E+02
   7.8666667E-01   1.1620000E+04   5.6800000E+03   3.9200000E+02   8.6000000E+01
   7.9333333E-01   1.1291000E+04   5.5400000E+03   3.8800000E+02   1.0100000E+02
   8.0000000E-01   1.1052000E+04   5.4620000E+03   3.3600000E+02   8.5000000E+01
   8.0666667E-01   1.0972000E+04   5.5620000E+03   3.6300000E+02   8.1000000E+01
   8.1333333E-01   1.0883000E+04   5.3850000E+03   3.2300000E+02   8.0000000E+01
   8.2000000E-01   1.0717000E+04   5.1750000E+03   3.2700000E+02   7.5000000E+01
   8.2666667E-01   1.0341000E+04   5.0850000E+03   3.3300000E+02   7.6000000E+01
   8.3333333E-01   1.0294000E+04   5.0540000E+03   2.8300000E+02   7.4000000E+01
   8.4000000E-01   9.8570000E+03   5.0520000E+03   2.9900000E+02   7.0000000E+01
   8.4666667E-01   9.7390000E+03   4.9900000E+03   2.8200000E+02   7.1000000E+01
   8.5333333E-01   9.5090000E+03   4.8770000E+03   2.5900000E+02   5.9000000E+01
   8.6000000E-01   9.4770000E+03   4.7190000E+03   2.8500000E+02   6.9000000E+01
   8.6666667E-01   9.1110000E+03   4.5060000E+03   2.6100000E+02   6.6000000E+01
   8.7333333E-01   8.9340000E+03   4.6300000E+03   2.5800000E+02   5.3000000E+01
   8.8000000E-01   8.6930000E+03   4.3620000E+03   2.3600000E+02   5.5000000E+01
   8.8666667E-01   8.7420000E+03   4.2270000E+03   2.2100000E+02   5.4000000E+01
   8.9333333E-01   8.4040000E+03   4.2400000E+03   2.4000000E+02   5.3000000E+01
   9.0000000E-01   8.3850000E+03   4.1960000E+03   2.1600000E+02   6.0000000E+01
   9.0666667E-01   8.2270000E+03   4.0270000E+03   2.1700000E+02   4.8000000E+01
   9.1333333E-01   8.0940000E+03   4.0390000E+03   2.2300000E+02   3.9000000E+01
   9.2000000E-01   7.7300000E+03   3.9050000E+03   2.1100000E+02   3.0000000E+01
   9.2666667E-01   7.6270000E+03   3.8200000E+03   1.7600000E+02   4.7000000E+01
   9.3333333E-01   7.3760000E+03   3.7290000E+03   1.8500000E+02   3.5000000E+01
   9.4000000E-01   7.3490000E+03   3.7090000E+03   1.4800000E+02   4.4000000E+01
   9.4666667E-01   7.1850000E+03   3.5690000E+03   1.5600000E+02   4.7000000E+01
   9.5333333E-01   6.9250000E+03   3.4400000E+03   1.5500000E+02   4.3000000E+01
   9.6000000E-01   6.7550000E+03   3.3200000E+03   1.5600000E+02   3.9000000E+01
   9.6666667E-01   6.8430000E+03   3.4250000E+03   1.6200000E+02   3.6000000E+01
   9.7333333E-01   6.4380000E+03   3.2100000E+03   1.6700000E+02   4.5000000E+01
   9.8000000E-01   6.2750000E+03   3.3250000E+03   1.3700000E+02   3.1000000E+01
   9.8666667E-01   6.2170000E+03   3.2990000E+03   1.3200000E+02   5.0000000E+01
   9.9333333E-01   5.9580000E+03   3.0770000E+03   1.5600000E+02   2.9000000E+01
   1.0000000E+00   5.9110000E+03   2.9940000E+03   1.2700000E+02   3.3000000E+01
   1.0066667E+00   6.0360000E+03   3.0120000E+03   1.3700000E+02   3.3000000E+01
   1.0133333E+00   5.6350000E+03   2.7470000E+03   1.4100000E+02   2.9000000E+01
   1.0200000E+00   5.5750000E+03   2.8410000E+03   1.1800000E+02   2.8000000E+01
   1.0266667E+00   5.4800000E+03   2.7660000E+03   8.9000000E+01   2.4000000E+01
   1.0333333E+00   5.3520000E+03   2.5990000E+03   1.2000000E+02   4.0000000E+01
   1.0400000E+00   5.0630000E+03   2.6890000E+03   1.0300000E+02   2.3000000E+01
   1.0466667E+00   5.1540000E+03   2.5850000E+03   9.8000000E+01   2.5000000E+01
   1.0533333E+00   4.9930000E+03   2.4610000E+03   1.0200000E+02   1.6000000E+01
   1.0600000E+00   4.8250000E+03   2.3910000E+03   9.8000000E+01   1.8000000E+01
   1.0666667E+00   4.7290000E+03   2.3110000E+03   9.1000000E+01   2.4000000E+01
   1.0733333E+00   4.6470000E+03   2.3530000E+03   9.5000000E+01   2.4000000E+01
   1.0800000E+00   4.4350000E+03   2.1210000E+03   9.6000000E+01   2.3000000E+01
   1.0866667E+00   4.3070000E+03   2.1970000E+03   8.9000000E+01   2.2000000E+01
   1.0933333E+00   4.1950000E+03   2.1620000E+03   6.2000000E+01   2.0000000E+01
   1.1000000E+00   4.0850000E+03   2.1400000E+03   7.8000000E+01   1.3000000E+01
   1.1066667E+00   4.0030000E+03   2.0950000E+03   7.8000000E+01   1.9000000E+01
   1.1133333E+00   3.9300000E+03   1.9540000E+03   6.0000000E+01   1.7000000E+01
   1.1200000E+00   3.8310000E+03   2.0080000E+03   7.5000000E+01   2.6000000E+01
   1.1266667E+00   3.7870000E+03   1.9200000E+03   6.1000000E+01   1.3000000E+01
   1.1333333E+00   3.6790000E+03   1.8160000E+03   9.0000000E+01   1.8000000E+01
   1.1400000E+00   3.5760000E+03   1.6770000E+03   5.9000000E+01   1.7000000E+01
   1.1466667E+00   3.5040000E+03   1.7980000E+03   7.2000000E+01   1.3000000E+01
   1.1533333E+00   3.4890000E+03   1.8000000E+03   6.2000000E+01   1.6000000E+01
   1.1600000E+00   3.3250000E+03   1.6240000E+03   6.1000000E+01   1.5000000E+01
   1.1666667E+00   3.2470000E+03   1.5760000E+03   6.0000000E+01   2.0000000E+01
   1.1733333E+00   3.0760000E+03   1.6000000E+03   5.6000000E+01   1.7000000E+01
   1.1800000E+00   2.9740000E+03   1.5600000E+03   4.5000000E+01   1.6000000E+01
   1.1866667E+00   2.9910000E+03   1.4800000E+03   6.0000000E+01   1.2000000E+01
   1.1933333E+00   2.8390000E+03   1.4510000E+03   3.4000000E+01   1.0000000E+01
   1.2000000E+00   2.8460000E+03   1.4140000E+03   4.5000000E+01   1.7000000E+01
   1.2066667E+00   2.7050000E+03   1.3230000E+03   5.3000000E+01   1.1000000E+01
   1.2133333E+00   2.6010000E+03   1.3250000E+03   4.4000000E+01   8.0000000E+00
   1.2200000E+00   2.5170000E+03   1.2310000E+03   4.5000000E+01   9.0000000E+00
   1.2266667E+00   2.5260000E+03   1.2100000E+03   4.5000000E+01   1.3000000E+01
   1.2333333E+00   2.4810000E+03   1.2380000E+03   5.5000000E+01   8.0000000E+00
   1.2400000E+00   2.4240000E+03   1.2020000E+03   4.5000000E+01   1.0000000E+01
   1.2466667E+00   2.2240000E+03   1.1770000E+03   3.7000000E+01   1.1000000E+01
   1.2533333E+00   2.2540000E+03   1.1410000E+03   2.4000000E+01   9.0000000E+00
   1.2600000E+00   2.0350000E+03   1.0830000E+03   3.7000000E+01   9.0000000E+00
   1.2666667E+00   2.1200000E+03   1.0770000E+03   3.7000000E+01   1.1000000E+01
   1.2733333E+00   2.1030000E+03   1.0410000E+03   2.8000000E+01   1.2000000E+01
   1.2800000E+00   1.9720000E+03   1.0050000E+03   4.1000000E+01   1.0000000E+01
   1.2866667E+00   1.8530000E+03   9.1700000E+02   3.0000000E+01   8.0000000E+00
   1.2933333E+00   1.9720000E+03   9.5000000E+02   3.2000000E+01   7.0000000E+00
   1.3000000E+00   1.8320000E+03   9.3100000E+02   3.3000000E+01   6.0000000E+00
   1.3066667E+00   1.7940000E+03   8.6000000E+02   3.2000000E+01   7.0000000E+00
   1.3133333E+00   1.7670000E+03   8.9300000E+02   3.0000000E+01   3.0000000E+00
   1.3200000E+00   1.7240000E+03   8.3400000E+02   3.2000000E+01   4.0000000E+00
   1.3266667E+00   1.7380000E+03   8.7400000E+02   3.8000000E+01   5.0000000E+00
   1.3333333E+00   1.6640000E+03   8.0300000E+02   3.5000000E+01   9.0000000E+00
   1.3400000E+00   1.5550000E+03   7.3000000E+02   4.4000000E+01   5.0000000E+00
   1.3466667E+00   1.4570000E+03   7.5000000E+02   2.9000000E+01   8.0000000E+00
   1.3533333E+00   1.4240000E+03   7.2400000E+02   2.7000000E+01   5.0000000E+00
   1.3600000E+00   1.3910000E+03   6.9000000E+02   2.8000000E+01   2.0000000E+00
   1.3666667E+00   1.3620000E+03   6.7200000E+02   2.2000000E+01   1.1000000E+01
   1.3733333E+00   1.3020000E+03   6.5500000E+02   1.8000000E+01   7.0000000E+00
   1.3800000E+00   1.2720000E+03   6.4500000E+02   2.6000000E+01   8.0000000E+00
   1.3866667E+00   1.2470000E+03   5.7400000E+02   3.5000000E+01   5.0000000E+00
   1.3933333E+00   1.1810000E+03   6.0800000E+02   3.3000000E+01   3.0000000E+00
   1.4000000E+00   1.0860000E+03   5.8900000E+02   2.3000000E+01   4.0000000E+00
   1.4066667E+00   1.0630000E+03   5.4800000E+02   2.0000000E+01   2.0000000E+00
   1.4133333E+00   1.1440000E+03   5.5200000E+02   2.7000000E+01   4.0000000E+00
   1.4200000E+00   1.0540000E+03   5.3200000E+02   1.8000000E+01   2.0000000E+00
   1.4266667E+00   1.0230000E+03   5.0600000E+02   2.0000000E+01   3.0000000E+00
   1.4333333E+00   9.8600000E+02   4.6500000E+02   2.1000000E+01   3.0000000E+00
   1.4400000E+00   9.6800000E+02   4.7700000E+02   2.3000000E+01   8.0000000E+00
   1.4466667E+00   9.0300000E+02   4.6400000E+02   1.7000000E+01   5.0000000E+00
   1.4533333E+00   8.8600000E+02   4.5100000E+02   1.7000000E+01   5.0000000E+00
   1.4600000E+00   8.4900000E+02   4.4800000E+02   1.8000000E+01   1.0000000E+00
   1.4666667E+00   8.0000000E+02   3.7800000E+02   1.9000000E+01   2.0000000E+00
   1.4733333E+00   7.7300000E+02   3.5800000E+02   1.3000000E+01   3.0000000E+00
   1.4800000E+00   7.5500000E+02   3.8100000E+02   1.5000000E+01   2.0000000E+00
   1.4866667E+00   7.3200000E+02   4.0000000E+02   1.7000000E+01   2.0000000E+00
   1.4933333E+00   7.0300000E+02   3.5600000E+02   1.5000000E+01   4.0000000E+00
   1.5000000E+00   6.6700000E+02   3.6600000E+02   9.0000000E+00   2.0000000E+00
   1.5066667E+00   6.7900000E+02   3.1600000E+02   2.0000000E+01   1.0000000E+00
   1.5133333E+00   6.5800000E+02   3.2900000E+02   1.8000000E+01   5.0000000E+00
   1.5200000E+00   6.6200000E+02   3.0800000E+02   1.4000000E+01   3.0000000E+00
   1.5266667E+00   6.2700000E+02   3.1900000E+02   1.8000000E+01   1.0000000E+00
   1.5333333E+00   5.7500000E+02   2.8300000E+02   1.4000000E+01   7.0000000E+00
   1.5400000E+00   6.0500000E+02   2.7200000E+02   1.6000000E+01   2.0000000E+00
   1.5466667E+00   5.6600000E+02   2.6300000E+02   1.3000000E+01   0.0000000E+00
   1.5533333E+00   5.3600000E+02   2.8300000E+02   9.0000000E+00   2.0000000E+00
   1.5600000E+00   4.9700000E+02   2.4700000E+02   1.2000000E+01   0.0000000E+00
   1.5666667E+00   5.2500000E+02   2.6000000E+02   1.5000000E+01   3.0000000E+00
   1.5733333E+00   4.5800000E+02   2.1000000E+02   7.0000000E+00   2.0000000E+00
   1.5800000E+00   4.6400000E+02   2.7200000E+02   1.7000000E+01   1.0000000E+00
   1.5866667E+00   4.1700000E+02   2.3500000E+02   1.3000000E+01   1.0000000E+00
   1.5933333E+00   3.7400000E+02   2.1700000E+02   1.3000000E+01   3.0000000E+00
   1.6000000E+00   4.1300000E+02   2.0400000E+02   8.0000000E+00   1.0000000E+00
   1.6066667E+00   3.6400000E+02   1.9700000E+02   9.0000000E+00   1.0000000E+00
   1.6133333E+00   3.9600000E+02   1.8000000E+02   1.3000000E+01   2.0000000E+00
   1.6200000E+00   3.3900000E+02   1.7300000E+02   5.0000000E+00   3.0000000E+00
   1.6266667E+00   3.2900000E+02   2.0400000E+02   1.0000000E+01   0.0000000E+00
   1.6333333E+00   3.4000000E+02   1.4600000E+02   1.1000000E+01   1.0000000E+00
   1.6400000E+00   3.3400000E+02   1.7000000E+02   9.0000000E+00   1.0000000E+00
   1.6466667E+00   3.0700000E+02   1.3400000E+02   1.3000000E+01   0.0000000E+00
   1.6533333E+00   2.9200000E+02   1.6800000E+02   9.0000000E+00   2.0000000E+00
   1.6600000E+00   3.1700000E+02   1.3700000E+02   1.2000000E+01   1.0000000E+00
   1.6666667E+00   2.7400000E+02   1.4400000E+02   6.0000000E+00   1.0000000E+00
   1.6733333E+00   3.0500000E+02   1.3400000E+02   1.6000000E+01   1.0000000E+00
   1.6800000E+00   2.4500000E+02   1.3900000E+02   8.0000000E+00   0.0000000E+00
   1.6866667E+00   2.4700000E+02   1.2800000E+02   9.0000000E+00   0.0000000E+00
   1.6933333E+00   2.4700000E+02   1.2500000E+02   7.0000000E+00   1.0000000E+00
   1.7000000E+00   1.9900000E+02   1.2600000E+02   2.0000000E+00   0.0000000E+00
   1.7066667E+00   2.5500000E+02   1.1200000E+02   8.0000000E+00   0.0000000E+00
   1.7133333E+00   2.0600000E+02   1.1200000E+02   8.0000000E+00   2.0000000E+00
   1.7200000E+00   2.3400000E+02   9.5000000E+01   6.0000000E+00   1.0000000E+00
   1.7266667E+00   1.9300000E+02   1.1000000E+02   6.0000000E+00   0.0000000E+00
   1.7333333E+00   1.8300000E+02   1.0000000E+02   1.0000000E+01   2.0000000E+00
   1.7400000E+00   1.8900000E+02   7.3000000E+01   5.0000000E+00   1.0000000E+00
   1.7466667E+00   1.7200000E+02   7.7000000E+01   9.0000000E+00   0.0000000E+00
   1.7533333E+00   1.8000000E+02   6.6000000E+01   8.0000000E+00   0.0000000E+00
   1.7600000E+00   1.8300000E+02   8.5000000E+01   1.1000000E+01   2.0000000E+00
   1.7666667E+00   1.7200000E+02   7.4000000E+01   6.0000000E+00   0.0000000E+00
   1.7733333E+00   1.5200000E+02   7.4000000E+01   7.0000000E+00   2.0000000E+00
   1.7800000E+00   1.5300000E+02   7.8000000E+01   7.0000000E+00   1.0000000E+00
   1.7866667E+00   1.2700000E+02   6.2000000E+01   8.0000000E+00   2.0000000E+00
   1.7933333E+00   1.2700000E+02   7.9000000E+01   6.0000000E+00   0.0000000E+00
   1.8000000E+00   1.2900000E+02   7.0000000E+01   5.0000000E+00   1.0000000E+00
   1.8066667E+00   1.3400000E+02   6.9000000E+01   8.0000000E+00   1.0000000E+00
   1.8133333E+00   1.0000000E+02   6.0000000E+01   4.0000000E+00   0.0000000E+00
   1.8200000E+00   1.1000000E+02   6.1000000E+01   4.0000000E+00   1.0000000E+00
   1.8266667E+00   7.9000000E+01   5.6000000E+01   5.0000000E+00   0.0000000E+00
   1.8333333E+00   1.0400000E+02   5.5000000E+01   7.0000000E+00   0.0000000E+00
   1.8400000E+00   9.7000000E+01   5.6000000E+01   1.2000000E+01   0.0000000E+00
   1.8466667E+00   1.0000000E+02   3.9000000E+01   6.0000000E+00   1.0000000E+00
   1.8533333E+00   7.9000000E+01   5.2000000E+01   5.0000000E+00   0.0000000E+00
   1.8600000E+00   8.5000000E+01   4.8000000E+01   4.0000000E+00   0.0000000E+00
   1.8666667E+00   1.0000000E+02   3.3000000E+01   4.0000000E+00   0.0000000E+00
   1.8733333E+00   7.8000000E+01   4.0000000E+01   7.0000000E+00   0.0000000E+00
   1.8800000E+00   7.1000000E+01   3.7000000E+01   5.0000000E+00   0.0000000E+00
   1.8866667E+00   7.9000000E+01   3.3000000E+01   8.0000000E+00   1.0000000E+00
   1.8933333E+00   7.1000000E+01   4.2000000E+01   2.0000000E+00   0.0000000E+00
   1.9000000E+00   7.2000000E+01   2.9000000E+01   4.0000000E+00   0.0000000E+00
   1.9066667E+00   6.2000000E+01   3.5000000E+01   8.0000000E+00   0.0000000E+00
   1.9133333E+00   5.8000000E+01   2.9000000E+01   4.0000000E+00   0.0000000E+00
   1.9200000E+00   4.4000000E+01   3.6000000E+01   4.0000000E+00   0.0000000E+00
   1.9266667E+00   3.2000000E+01   2.8000000E+01   4.0000000E+00   0.0000000E+00
   1.9333333E+00   3.0000000E+01   3.5000000E+01   2.0000000E+00   0.0000000E+00
   1.9400000E+00   2.7000000E+01   2.3000000E+01   8.0000000E+00   1.0000000E+00
   1.9466667E+00   2.3000000E+01   2.1000000E+01   2.0000000E+00   0.0000000E+00
   1.9533333E+00   2.1000000E+01   2.1000000E+01   5.0000000E+00   0.0000000E+00
   1.9600000E+00   1.2000000E+01   2.1000000E+01   4.0000000E+00   0.0000000E+00
   1.9666667E+00   1.6000000E+01   2.6000000E+01   4.0000000E+00   0.0000000E+00
   1.9733333E+00   9.0000000E+00   2.2000000E+01   3.0000000E+00   2.0000000E+00
   1.9800000E+00   1.5000000E+01   1.8000000E+01   4.0000000E+00   0.0000000E+00
   1.9866667E+00   5.0000000E+00   2.3000000E+01   2.0000000E+00   0.0000000E+00
   1.9933333E+00   7.0000000E+00   2.1000000E+01   3.0000000E+00   0.0000000E+00
   2.0000000E+00   5.0000000E+00   1.9000000E+01   3.0000000E+00   0.0000000E+00
   2.0066667E+00   7.0000000E+00   1.1000000E+01   5.0000000E+00   0.0000000E+00
   2.0133333E+00   9.0000000E+00   1.7000000E+01   5.0000000E+00   0.0000000E+00
   2.0200000E+00   9.0000000E+00   1.9000000E+01   8.0000000E+00   0.0000000E+00
   2.0266667E+00   4.0000000E+00   1.3000000E+01   2.0000000E+00   1.0000000E+00
   2.0333333E+00   5.0000000E+00   1.3000000E+01   4.0000000E+00   0.0000000E+00
   2.0400000E+00   8.0000000E+00   7.0000000E+00   5.0000000E+00   0.0000000E+00
   2.0466667E+00   4.0000000E+00   1.9000000E+01   3.0000000E+00   0.0000000E+00
   2.0533333E+00   1.0000000E+00   1.7000000E+01   1.0000000E+00   0.0000000E+00
   2.0600000E+00   6.0000000E+00   1.3000000E+01   6.0000000E+00   0.0000000E+00
   2.0666667E+00   3.0000000E+00   1.2000000E+01   2.0000000E+00   0.0000000E+00
   2.0733333E+00   2.0000000E+00   9.0000000E+00   2.0000000E+00   0.0000000E+00
   2.0800000E+00   3.0000000E+00   1.3000000E+01   3.0000000E+00   1.0000000E+00
   2.0866667E+00   7.0000000E+00   1.1000000E+01   5.0000000E+00   0.0000000E+00
   2.0933333E+00   5.0000000E+00   6.0000000E+00   3.0000000E+00   0.0000000E+00
   2.1000000E+00   6.0000000E+00   8.0000000E+00   6.0000000E+00   0.0000000E+00
   2.1066667E+00   6.0000000E+00   1.1000000E+01   6.0000000E+00   0.0000000E+00
   2.1133333E+00   4.0000000E+00   4.0000000E+00   4.0000000E+00   0.0000000E+00
   2.1200000E+00   2.0000000E+00   5.0000000E+00   1.0000000E+00   0.0000000E+00
   2.1266667E+00   5.0000000E+00   6.0000000E+00   5.0000000E+00   0.0000000E+00
   2.1333333E+00   7.0000000E+00   7.0000000E+00   7.0000000E+00   1.0000000E+00
   2.1400000E+00   9.0000000E+00   8.0000000E+00   9.0000000E+00   0.0000000E+00
   2.1466667E+00   3.0000000E+00   6.0000000E+00   3.0000000E+00   0.0000000E+00
   2.1533333E+00   7.0000000E+00   1.2000000E+01   7.0000000E+00   0.0000000E+00
   2.1600000E+00   3.0000000E+00   4.0000000E+00   3.0000000E+00   0.0000000E+00
   2.1666667E+00   7.0000000E+00   4.0000000E+00   6.0000000E+00   0.0000000E+00
   2.1733333E+00   2.0000000E+00   4.0000000E+00   2.0000000E+00   0.0000000E+00
   2.1800000E+00   7.0000000E+00   3.0000000E+00   7.0000000E+00   0.0000000E+00
   2.1866667E+00   5.0000000E+00   2.0000000E+00   5.0000000E+00   0.0000000E+00
   2.1933333E+00   1.0000000E+00   9.0000000E+00   1.0000000E+00   0.0000000E+00
   2.2000000E+00   5.0000000E+00   6.0000000E+00   5.0000000E+00   0.0000000E+00
   2.2066667E+00   6.0000000E+00   3.0000000E+00   6.0000000E+00   0.0000000E+00
   2.2133333E+00   5.0000000E+00   5.0000000E+00   5.0000000E+00   0.0000000E+00
   2.2200000E+00   1.2000000E+01   4.0000000E+00   1.2000000E+01   0.0000000E+00
   2.2266667E+00   3.0000000E+00   2.0000000E+00   3.0000000E+00   0.0000000E+00
   2.2333333E+00   6.0000000E+00   5.0000000E+00   6.0000000E+00   0.0000000E+00
   2.2400000E+00   1.2000000E+01   1.0000000E+00   1.2000000E+01   0.0000000E+00
   2.2466667E+00   7.0000000E+00   6.0000000E+00   7.0000000E+00   0.0000000E+00
   2.2533333E+00   6.0000000E+00   1.0000000E+00   6.0000000E+00   0.0000000E+00
   2.2600000E+00   6.0000000E+00   2.0000000E+00   6.0000000E+00   0.0000000E+00
   2.2666667E+00   9.0000000E+00   4.0000000E+00   9.0000000E+00   0.0000000E+00
   2.2733333E+00   5.0000000E+00   2.0000000E+00   5.0000000E+00   0.0000000E+00
   2.2800000E+00   5.0000000E+00   1.0000000E+00   5.0000000E+00   0.0000000E+00
   2.2866667E+00   3.0000000E+00   3.0000000E+00   3.0000000E+00   0.0000000E+00
   2.2933333E+00   9.0000000E+00   0.0000000E+00   9.0000000E+00   0.0000000E+00
   2.3000000E+00   6.0000000E+00   1.0000000E+00   6.0000000E+00   0.0000000E+00
   2.3066667E+00   9.0000000E+00   3.0000000E+00   9.0000000E+00   0.0000000E+00
   2.3133333E+00   9.0000000E+00   1.0000000E+00   9.0000000E+00   0.0000000E+00
   2.3200000E+00   5.0000000E+00   1.0000000E+00   5.0000000E+00   0.0000000E+00
   2.3266667E+00   5.0000000E+00   6.0000000E+00   5.0000000E+00   0.0000000E+00
   2.3333333E+00   9.0000000E+00   1.0000000E+00   9.0000000E+00   0.0000000E+00
   2.3400000E+00   9.0000000E+00   0.0000000E+00   9.0000000E+00   0.0000000E+00
   2.3466667E+00   8.0000000E+00   0.0000000E+00   8.0000000E+00   0.0000000E+00
   2.3533333E+00   5.0000000E+00   2.0000000E+00   5.0000000E+00   0.0000000E+00
   2.3600000E+00   1.3000000E+01   1.0000000E+00   1.3000000E+01   0.0000000E+00
   2.3666667E+00   9.0000000E+00   1.0000000E+00   9.0000000E+00   0.0000000E+00
   2.3733333E+00   1.5000000E+01   1.0000000E+00   1.5000000E+01   0.0000000E+00
   2.3800000E+00   1.0000000E+01   1.0000000E+00   1.0000000E+01   0.0000000E+00
   2.3866667E+00   3.0000000E+00   2.0000000E+00   3.0000000E+00   0.0000000E+00
   2.3933333E+00   1.1000000E+01   1.0000000E+00   1.1000000E+01   0.0000000E+00
   2.4000000E+00   7.0000000E+00   0.0000000E+00   7.0000000E+00   0.0000000E+00
   2.4066667E+00   7.0000000E+00   0.0000000E+00   7.0000000E+00   0.0000000E+00
   2.4133333E+00   1.0000000E+01   1.0000000E+00   1.0000000E+01   0.0000000E+00
   2.4200000E+00   1.2000000E+01   0.0000000E+00   1.2000000E+01   0.0000000E+00
   2.4266667E+00   1.2000000E+01   0.0000000E+00   1.2000000E+01   0.0000000E+00
   2.4333333E+00   9.0000000E+00   1.0000000E+00   9.0000000E+00   0.0000000E+00
   2.4400000E+00   1.0000000E+01   0.0000000E+00   1.0000000E+01   0.0000000E+00
   2.4466667E+00   6.0000000E+00   2.0000000E+00   6.0000000E+00   0.0000000E+00
   2.4533333E+00   1.4000000E+01   0.0000000E+00   1.4000000E+01   0.0000000E+00
   2.4600000E+00   9.0000000E+00   1.0000000E+00   9.0000000E+00   0.0000000E+00
   2.4666667E+00   1.6000000E+01   0.0000000E+00   1.6000000E+01   0.0000000E+00
   2.4733333E+00   1.0000000E+01   0.0000000E+00   1.0000000E+01   0.0000000E+00
   2.4800000E+00   1.1000000E+01   0.0000000E+00   1.1000000E+01   0.0000000E+00
   2.4866667E+00   1.3000000E+01   0.0000000E+00   1.3000000E+01   0.0000000E+00
   2.4933333E+00   9.0000000E+00   0.0000000E+00   9.0000000E+00   0.0000000E+00
   2.5000000E+00   1.4000000E+01   2.0000000E+00   1.4000000E+01   0.0000000E+00
   2.5066667E+00   1.4000000E+01   0.0000000E+00   1.4000000E+01   0.0000000E+00
   2.5133333E+00   1.2000000E+01   0.0000000E+00   1.2000000E+01   0.0000000E+00
   2.5200000E+00   6.0000000E+00   0.0000000E+00   6.0000000E+00   0.0000000E+00
   2.5266667E+00   1.1000000E+01   1.0000000E+00   1.1000000E+01   0.0000000E+00
   2.5333333E+00   1.6000000E+01   1.0000000E+00   1.6000000E+01   0.0000000E+00
   2.5400000E+00   1.4000000E+01   0.0000000E+00   1.4000000E+01   0.0000000E+00
   2.5466667E+00   1.8000000E+01   0.0000000E+00   1.8000000E+01   0.0000000E+00
   2.5533333E+00   1.3000000E+01   0.0000000E+00   1.3000000E+01   0.0000000E+00
   2.5600000E+00   1.6000000E+01   0.0000000E+00   1.6000000E+01   0.0000000E+00
   2.5666667E+00   1.7000000E+01   0.0000000E+00   1.7000000E+01   0.0000000E+00
   2.5733333E+00   1.1000000E+01   0.0000000E+00   1.1000000E+01   0.0000000E+00
   2.5800000E+00   1.3000000E+01   0.0000000E+00   1.3000000E+01   0.0000000E+00
   2.5866667E+00   7.0000000E+00   0.0000000E+00   7.0000000E+00   0.0000000E+00
   2.5933333E+00   1.1000000E+01   0.0000000E+00   1.1000000E+01   0.0000000E+00
   2.6000000E+00   9.0000000E+00   0.0000000E+00   9.0000000E+00   0.0000000E+00
   2.6066667E+00   5.0000000E+00   1.0000000E+00   5.0000000E+00   0.0000000E+00
   2.6133333E+00   1.1000000E+01   0.0000000E+00   1.1000000E+01   0.0000000E+00
   2.6200000E+00   9.0000000E+00   0.0000000E+00   9.0000000E+00   0.0000000E+00
   2.6266667E+00   1.1000000E+01   0.0000000E+00   1.1000000E+01   0.0000000E+00
   2.6333333E+00   8.0000000E+00   0.0000000E+00   8.0000000E+00   0.0000000E+00
   2.6400000E+00   1.1000000E+01   0.0000000E+00   1.1000000E+01   0.0000000E+00
   2.6466667E+00   1.3000000E+01   0.0000000E+00   1.3000000E+01   0.0000000E+00
   2.6533333E+00   1.9000000E+01   0.0000000E+00   1.9000000E+01   0.0000000E+00
   2.6600000E+00   1.2000000E+01   0.0000000E+00   1.2000000E+01   0.0000000E+00
   2.6666667E+00   1.3000000E+01   0.0000000E+00   1.3000000E+01   0.0000000E+00
   2.6733333E+00   1.4000000E+01   0.0000000E+00   1.4000000E+01   0.0000000E+00
   2.6800000E+00   1.0000000E+01   0.0000000E+00   1.0000000E+01   0.0000000E+00
   2.6866667E+00   6.0000000E+00   0.0000000E+00   6.0000000E+00   0.0000000E+00
   2.6933333E+00   1.1000000E+01   0.0000000E+00   1.1000000E+01   0.0000000E+00
   2.7000000E+00   9.0000000E+00   0.0000000E+00   9.0000000E+00   0.0000000E+00
   2.7066667E+00   8.0000000E+00   1.0000000E+00   8.0000000E+00   0.0000000E+00
   2.7133333E+00   1.9000000E+01   0.0000000E+00   1.9000000E+01   0.0000000E+00
   2.7200000E+00   1.6000000E+01   1.0000000E+00   1.6000000E+01   0.0000000E+00
   2.7266667E+00   1.4000000E+01   0.0000000E+00   1.4000000E+01   0.0000000E+00
   2.7333333E+00   1.2000000E+01   0.0000000E+00   1.2000000E+01   0.0000000E+00
   2.7400000E+00   1.0000000E+01   0.0000000E+00   1.0000000E+01   0.0000000E+00
   2.7466667E+00   1.5000000E+01   0.0000000E+00   1.5000000E+01   0.0000000E+00
   2.7533333E+00   9.0000000E+00   0.0000000E+00   9.0000000E+00   0.0000000E+00
   2.7600000E+00   9.0000000E+00   0.0000000E+00   9.0000000E+00   0.0000000E+00
   2.7666667E+00   1.0000000E+01   0.0000000E+00   1.0000000E+01   0.0000000E+00
   2.7733333E+00   1.8000000E+01   0.0000000E+00   1.8000000E+01   0.0000000E+00
   2.7800000E+00   8.0000000E+00   0.0000000E+00   8.0000000E+00   0.0000000E+00
   2.7866667E+00   1.7000000E+01   0.0000000E+00   1.7000000E+01   0.0000000E+00
   2.7933333E+00   1.4000000E+01   0.0000000E+00   1.4000000E+01   0.0000000E+00
   2.8000000E+00   6.0000000E+00   0.0000000E+00   6.0000000E+00   0.0000000E+00
   2.8066667E+00   1.7000000E+01   0.0000000E+00   1.7000000E+01   0.0000000E+00
   2.8133333E+00   1.8000000E+01   0.0000000E+00   1.8000000E+01   0.0000000E+00
   2.8200000E+00   1.5000000E+01   0.0000000E+00   1.5000000E+01   0.0000000E+00
   2.8266667E+00   6.0000000E+00   0.0000000E+00   6.0000000E+00   0.0000000E+00
   2.8333333E+00   1.7000000E+01   0.0000000E+00   1.7000000E+01   0.0000000E+00
   2.8400000E+00   7.0000000E+00   0.0000000E+00   7.0000000E+00   0.0000000E+00
   2.8466667E+00   8.0000000E+00   0.0000000E+00   8.0000000E+00   0.0000000E+00
   2.8533333E+00   1.3000000E+01   0.0000000E+00   1.3000000E+01   0.0000000E+00
   2.8600000E+00   9.0000000E+00   0.0000000E+00   9.0000000E+00   0.0000000E+00
   2.8666667E+00   8.0000000E+00   0.0000000E+00   8.0000000E+00   0.0000000E+00
   2.8733333E+00   1.2000000E+01   0.0000000E+00   1.2000000E+01   0.0000000E+00
   2.8800000E+00   1.1000000E+01   0.0000000E+00   1.1000000E+01   0.0000000E+00
   2.8866667E+00   1.5000000E+01   0.0000000E+00   1.5000000E+01   0.0000000E+00
   2.8933333E+00   1.5000000E+01   0.0000000E+00   1.5000000E+01   0.0000000E+00
   2.9000000E+00   1.4000000E+01   0.0000000E+00   1.4000000E+01   0.0000000E+00
   2.9066667E+00   1.3000000E+01   0.0000000E+00   1.3000000E+01   0.0000000E+00
   2.9133333E+00   1.3000000E+01   0.0000000E+00   1.3000000E+01   0.0000000E+00
   2.9200000E+00   1.4000000E+01   0.0000000E+00   1.4000000E+01   0.0000000E+00
   2.9266667E+00   1.0000000E+01   1.0000000E+00   1.0000000E+01   0.0000000E+00
   2.9333333E+00   1.3000000E+01   0.0000000E+00   1.3000000E+01   0.0000000E+00
   2.9400000E+00   1.1000000E+01   0.0000000E+00   1.1000000E+01   0.0000000E+00
   2.9466667E+00   9.0000000E+00   0.0000000E+00   9.0000000E+00   0.0000000E+00
   2.9533333E+00   1.0000000E+01   0.0000000E+00   1.0000000E+01   0.0000000E+00
   2.9600000E+00   1.1000000E+01   0.0000000E+00   1.1000000E+01   0.0000000E+00
   2.9666667E+00   1.2000000E+01   0.0000000E+00   1.2000000E+01   0.0000000E+00
   2.9733333E+00   1.1000000E+01   0.0000000E+00   1.1000000E+01   0.0000000E+00
   2.9800000E+00   1.8000000E+01   0.0000000E+00   1.8000000E+01   0.0000000E+00
   2.9866667E+00   9.0000000E+00   0.0000000E+00   9.0000000E+00   0.0000000E+00
   2.9933333E+00   9.0000000E+00   0.0000000E+00   9.0000000E+00   0.0000000E+00
   3.0000000E+00   1.1000000E+01   0.0000000E+00   1.1000000E+01   0.0000000E+00
   3.0066667E+00   1.1000000E+01   0.0000000E+00   1.1000000E+01   0.0000000E+00
   3.0133333E+00   1.5000000E+01   0.0000000E+00   1.5000000E+01   0.0000000E+00
   3.0200000E+00   1.3000000E+01   0.0000000E+00   1.3000000E+01   0.0000000E+00
   3.0266667E+00   1.0000000E+01   0.0000000E+00   1.0000000E+01   0.0000000E+00
   3.0333333E+00   1.0000000E+01   0.0000000E+00   1.0000000E+01   0.0000000E+00
   3.0400000E+00   1.3000000E+01   0.0000000E+00   1.3000000E+01   0.0000000E+00
   3.0466667E+00   8.0000000E+00   0.0000000E+00   8.0000000E+00   0.0000000E+00
   3.0533333E+00   6.0000000E+00   0.0000000E+00   6.0000000E+00   0.0000000E+00
   3.0600000E+00   8.0000000E+00   0.0000000E+00   8.0000000E+00   0.0000000E+00
   3.0666667E+00   8.0000000E+00   0.0000000E+00   8.0000000E+00   0.0000000E+00
   3.0733333E+00   7.0000000E+00   0.0000000E+00   7.0000000E+00   0.0000000E+00
   3.0800000E+00   9.0000000E+00   0.0000000E+00   9.0000000E+00   0.0000000E+00
   3.0866667E+00   6.0000000E+00   0.0000000E+00   6.0000000E+00   0.0000000E+00
   3.0933333E+00   1.1000000E+01   0.0000000E+00   1.1000000E+01   0.0000000E+00
   3.1000000E+00   7.0000000E+00   0.0000000E+00   7.0000000E+00   0.0000000E+00
   3.1066667E+00   7.0000000E+00   0.0000000E+00   7.0000000E+00   0.0000000E+00
   3.1133333E+00   9.0000000E+00   0.0000000E+00   9.0000000E+00   0.0000000E+00
   3.1200000E+00   1.0000000E+01   0.0000000E+00   1.0000000E+01   0.0000000E+00
   3.1266667E+00   6.0000000E+00   0.0000000E+00   6.0000000E+00   0.0000000E+00
   3.1333333E+00   9.0000000E+00   0.0000000E+00   9.0000000E+00   0.0000000E+00
   3.1400000E+00   4.0000000E+00   0.0000000E+00   4.0000000E+00   0.0000000E+00
   3.1466667E+00   1.2000000E+01   0.0000000E+00   1.2000000E+01   0.0000000E+00
   3.1533333E+00   9.0000000E+00   0.0000000E+00   9.0000000E+00   0.0000000E+00
   3.1600000E+00   6.0000000E+00   0.0000000E+00   6.0000000E+00   0.0000000E+00
   3.1666667E+00   7.0000000E+00   0.0000000E+00   7.0000000E+00   0.0000000E+00
   3.1733333E+00   4.0000000E+00   0.0000000E+00   4.0000000E+00   0.0000000E+00
   3.1800000E+00   3.0000000E+00   0.0000000E+00   3.0000000E+00   0.0000000E+00
   3.1866667E+00   3.0000000E+00   0.0000000E+00   3.0000000E+00   0.0000000E+00
   3.1933333E+00   7.0000000E+00   0.0000000E+00   7.0000000E+00   0.0000000E+00
   3.2000000E+00   2.0000000E+00   0.0000000E+00   2.0000000E+00   0.0000000E+00
   3.2066667E+00   4.0000000E+00   0.0000000E+00   4.0000000E+00   0.0000000E+00
   3.2133333E+00   5.0000000E+00   0.0000000E+00   5.0000000E+00   0.0000000E+00
   3.2200000E+00   6.0000000E+00   0.0000000E+00   6.0000000E+00   0.0000000E+00
   3.2266667E+00   1.0000000E+00   0.0000000E+00   1.0000000E+00   0.0000000E+00
   3.2333333E+00   1.0000000E+00   0.0000000E+00   1.0000000E+00   0.0000000E+00
   3.2400000E+00   6.0000000E+00   0.0000000E+00   6.0000000E+00   0.0000000E+00
   3.2466667E+00   4.0000000E+00   0.0000000E+00   4.0000000E+00   0.0000000E+00
   3.2533333E+00   6.0000000E+00   0.0000000E+00   6.0000000E+00   0.0000000E+00
   3.2600000E+00   2.0000000E+00   0.0000000E+00   2.0000000E+00   0.0000000E+00
   3.2666667E+00   2.0000000E+00   0.0000000E+00   2.0000000E+00   0.0000000E+00
   3.2733333E+00   4.0000000E+00   0.0000000E+00   4.0000000E+00   0.0000000E+00
   3.2800000E+00   1.0000000E+00   0.0000000E+00   1.0000000E+00   0.0000000E+00
   3.2866667E+00   2.0000000E+00   0.0000000E+00   2.0000000E+00   0.0000000E+00
   3.2933333E+00   2.0000000E+00   0.0000000E+00   2.0000000E+00   0.0000000E+00
   3.3000000E+00   0.0000000E+00   0.0000000E+00   0.0000000E+00   0.0000000E+00
   3.3066667E+00   2.0000000E+00   0.0000000E+00   2.0000000E+00   0.0000000E+00
   3.3133333E+00   3.0000000E+00   0.0000000E+00   3.0000000E+00   0.0000000E+00
   3.3200000E+00   5.0000000E+00   0.0000000E+00   5.0000000E+00   0.0000000E+00
   3.3266667E+00   3.0000000E+00   0.0000000E+00   3.0000000E+00   0.0000000E+00
   3.3333333E+00   6.0000000E+00   0.0000000E+00   6.0000000E+00   0.0000000E+00
   3.3400000E+00   5.0000000E+00   0.0000000E+00   5.0000000E+00   0.0000000E+00
   3.3466667E+00   2.0000000E+00   0.0000000E+00   2.0000000E+00   0.0000000E+00
   3.3533333E+00   1.0000000E+00   0.0000000E+00   1.0000000E+00   0.0000000E+00
   3.3600000E+00   2.0000000E+00   0.0000000E+00   2.0000000E+00   0.0000000E+00
   3.3666667E+00   3.0000000E+00   0.0000000E+00   3.0000000E+00   0.0000000E+00
   3.3733333E+00   3.0000000E+00   0.0000000E+00   3.0000000E+00   0.0000000E+00
   3.3800000E+00   1.0000000E+00   0.0000000E+00   1.0000000E+00   0.0000000E+00
   3.3866667E+00   0.0000000E+00   0.0000000E+00   0.0000000E+00   0.0000000E+00
   3.3933333E+00   0.0000000E+00   0.0000000E+00   0.0000000E+00   0.0000000E+00
   3.4000000E+00   4.0000000E+00   0.0000000E+00   4.0000000E+00   0.0000000E+00
   3.4066667E+00   3.0000000E+00   0.0000000E+00   3.0000000E+00   0.0000000E+00
   3.4133333E+00   3.0000000E+00   0.0000000E+00   3.0000000E+00   0.0000000E+00
   3.4200000E+00   0.0000000E+00   0.0000000E+00   0.0000000E+00   0.0000000E+00
   3.4266667E+00   1.0000000E+00   0.0000000E+00   1.0000000E+00   0.0000000E+00
   3.4333333E+00   1.0000000E+00   0.0000000E+00   1.0000000E+00   0.0000000E+00
   3.4400000E+00   4.0000000E+00   0.0000000E+00   4.0000000E+00   0.0000000E+00
   3.4466667E+00   3.0000000E+00   0.0000000E+00   3.0000000E+00   0.0000000E+00
   3.4533333E+00   1.0000000E+00   0.0000000E+00   1.0000000E+00   0.0000000E+00
   3.4600000E+00   1.0000000E+00   0.0000000E+00   1.0000000E+00   0.0000000E+00
   3.4666667E+00   0.0000000E+00   0.0000000E+00   0.0000000E+00   0.0000000E+00
   3.4733333E+00   3.0000000E+00   0.0000000E+00   3.0000000E+00   0.0000000E+00
   3.4800000E+00   3.0000000E+00   0.0000000E+00   3.0000000E+00   0.0000000E+00
   3.4866667E+00   2.0000000E+00   0.0000000E+00   2.0000000E+00   0.0000000E+00
   3.4933333E+00   4.0000000E+00   0.0000000E+00   4.0000000E+00   0.0000000E+00
   3.5000000E+00   5.0000000E+00   0.0000000E+00   5.0000000E+00   0.0000000E+00
   3.5066667E+00   1.0000000E+00   0.0000000E+00   1.0000000E+00   0.0000000E+00
   3.5133333E+00   1.0000000E+00   0.0000000E+00   1.0000000E+00   0.0000000E+00
   3.5200000E+00   2.0000000E+00   0.0000000E+00   2.0000000E+00   0.0000000E+00
   3.5266667E+00   2.0000000E+00   0.0000000E+00   2.0000000E+00   0.0000000E+00
   3.5333333E+00   1.0000000E+00   0.0000000E+00   1.0000000E+00   0.0000000E+00
   3.5400000E+00   1.0000000E+00   0.0000000E+00   1.0000000E+00   0.0000000E+00
   3.5466667E+00   2.0000000E+00   0.0000000E+00   2.0000000E+00   0.0000000E+00
   3.5533333E+00   2.0000000E+00   0.0000000E+00   2.0000000E+00   0.0000000E+00
   3.5600000E+00   4.0000000E+00   0.0000000E+00   4.0000000E+00   0.0000000E+00
   3.5666667E+00   1.0000000E+00   0.0000000E+00   1.0000000E+00   0.0000000E+00
   3.5733333E+00   1.0000000E+00   0.0000000E+00   1.0000000E+00   0.0000000E+00
   3.5800000E+00   1.0000000E+00   0.0000000E+00   1.0000000E+00   0.0000000E+00
   3.5866667E+00   2.0000000E+00   0.0000000E+00   2.0000000E+00   0.0000000E+00
   3.5933333E+00   2.0000000E+00   0.0000000E+00   2.0000000E+00   0.0000000E+00
   3.6000000E+00   0.0000000E+00   0.0000000E+00   0.0000000E+00   0.0000000E+00
   3.6066667E+00   3.0000000E+00   0.0000000E+00   3.0000000E+00   0.0000000E+00
   3.6133333E+00   2.0000000E+00   0.0000000E+00   2.0000000E+00   0.0000000E+00
   3.6200000E+00   2.0000000E+00   0.0000000E+00   2.0000000E+00   0.0000000E+00
   3.6266667E+00   3.0000000E+00   0.0000000E+00   3.0000000E+00   0.0000000E+00
   3.6333333E+00   2.0000000E+00   0.0000000E+00   2.0000000E+00   0.0000000E+00
   3.6400000E+00   1.0000000E+00   0.0000000E+00   1.0000000E+00   0.0000000E+00
   3.6466667E+00   3.0000000E+00   0.0000000E+00   3.0000000E+00   0.0000000E+00
   3.6533333E+00   1.0000000E+00   0.0000000E+00   1.0000000E+00   0.0000000E+00
   3.6600000E+00   4.0000000E+00   0.0000000E+00   4.0000000E+00   0.0000000E+00
   3.6666667E+00   3.0000000E+00   0.0000000E+00   3.0000000E+00   0.0000000E+00
   3.6733333E+00   0.0000000E+00   0.0000000E+00   0.0000000E+00   0.0000000E+00
   3.6800000E+00   4.0000000E+00   0.0000000E+00   4.0000000E+00   0.0000000E+00
   3.6866667E+00   0.0000000E+00   0.0000000E+00   0.0000000E+00   0.0000000E+00
   3.6933333E+00   1.0000000E+00   0.0000000E+00   1.0000000E+00   0.0000000E+00
   3.7000000E+00   2.0000000E+00   0.0000000E+00   2.0000000E+00   0.0000000E+00
   3.7066667E+00   3.0000000E+00   0.0000000E+00   3.0000000E+00   0.0000000E+00
   3.7133333E+00   1.0000000E+00   0.0000000E+00   1.0000000E+00   0.0000000E+00
   3.7200000E+00   1.0000000E+00   0.0000000E+00   1.0000000E+00   0.0000000E+00
   3.7266667E+00   6.0000000E+00   0.0000000E+00   6.0000000E+00   0.0000000E+00
   3.7333333E+00   0.0000000E+00   0.0000000E+00   0.0000000E+00   0.0000000E+00
   3.7400000E+00   1.0000000E+00   0.0000000E+00   1.0000000E+00   0.0000000E+00
   3.7466667E+00   2.0000000E+00   0.0000000E+00   2.0000000E+00   0.0000000E+00
   3.7533333E+00   1.0000000E+00   0.0000000E+00   1.0000000E+00   0.0000000E+00
   3.7600000E+00   2.0000000E+00   0.0000000E+00   2.0000000E+00   0.0000000E+00
   3.7666667E+00   2.0000000E+00   0.0000000E+00   2.0000000E+00   0.0000000E+00
   3.7733333E+00   3.0000000E+00   0.0000000E+00   3.0000000E+00   0.0000000E+00
   3.7800000E+00   1.0000000E+00   0.0000000E+00   1.0000000E+00   0.0000000E+00
   3.7866667E+00   2.0000000E+00   0.0000000E+00   2.0000000E+00   0.0000000E+00
   3.7933333E+00   1.0000000E+00   0.0000000E+00   1.0000000E+00   0.0000000E+00
   3.8000000E+00   1.0000000E+00   0.0000000E+00   1.0000000E+00   0.0000000E+00
   3.8066667E+00   0.0000000E+00   0.0000000E+00   0.0000000E+00   0.0000000E+00
   3.8133333E+00   3.0000000E+00   0.0000000E+00   3.0000000E+00   0.0000000E+00
   3.8200000E+00   1.0000000E+00   0.0000000E+00   1.0000000E+00   0.0000000E+00
   3.8266667E+00   0.0000000E+00   0.0000000E+00   0.0000000E+00   0.0000000E+00
   3.8333333E+00   1.0000000E+00   0.0000000E+00   1.0000000E+00   0.0000000E+00
   3.8400000E+00   0.0000000E+00   0.0000000E+00   0.0000000E+00   0.0000000E+00
   3.8466667E+00   0.0000000E+00   0.0000000E+00   0.0000000E+00   0.0000000E+00
   3.8533333E+00   2.0000000E+00   0.0000000E+00   2.0000000E+00   0.0000000E+00
   3.8600000E+00   2.0000000E+00   0.0000000E+00   2.0000000E+00   0.0000000E+00
   3.8666667E+00   2.0000000E+00   0.0000000E+00   2.0000000E+00   0.0000000E+00
   3.8733333E+00   2.0000000E+00   0.0000000E+00   2.0000000E+00   0.0000000E+00
   3.8800000E+00   1.0000000E+00   0.0000000E+00   1.0000000E+00   0.0000000E+00
   3.8866667E+00   1.0000000E+00   0.0000000E+00   1.0000000E+00   0.0000000E+00
   3.8933333E+00   2.0000000E+00   0.0000000E+00   2.0000000E+00   0.0000000E+00
   3.9000000E+00   0.0000000E+00   0.0000000E+00   0.0000000E+00   0.0000000E+00
   3.9066667E+00   3.0000000E+00   0.0000000E+00   3.0000000E+00   0.0000000E+00
   3.9133333E+00   2.0000000E+00   0.0000000E+00   2.0000000E+00   0.0000000E+00
   3.9200000E+00   1.0000000E+00   0.0000000E+00   1.0000000E+00   0.0000000E+00
   3.9266667E+00   0.0000000E+00   0.0000000E+00   0.0000000E+00   0.0000000E+00
   3.9333333E+00   0.0000000E+00   0.0000000E+00   0.0000000E+00   0.0000000E+00
   3.9400000E+00   1.0000000E+00   0.0000000E+00   1.0000000E+00   0.0000000E+00
   3.9466667E+00   0.0000000E+00   0.0000000E+00   0.0000000E+00   0.0000000E+00
   3.9533333E+00   1.0000000E+00   0.0000000E+00   1.0000000E+00   0.0000000E+00
   3.9600000E+00   0.0000000E+00   0.0000000E+00   0.0000000E+00   0.0000000E+00
   3.9666667E+00   0.0000000E+00   0.0000000E+00   0.0000000E+00   0.0000000E+00
   3.9733333E+00   1.0000000E+00   0.0000000E+00   1.0000000E+00   0.0000000E+00
   3.9800000E+00   0.0000000E+00   0.0000000E+00   0.0000000E+00   0.0000000E+00
   3.9866667E+00   3.0000000E+00   0.0000000E+00   3.0000000E+00   0.0000000E+00
   3.9933333E+00   1.0000000E+00   0.0000000E+00   1.0000000E+00   0.0000000E+00
   4.0000000E+00   0.0000000E+00   0.0000000E+00   0.0000000E+00   0.0000000E+00
   4.0066667E+00   0.0000000E+00   0.0000000E+00   0.0000000E+00   0.0000000E+00
   4.0133333E+00   0.0000000E+00   0.0000000E+00   0.0000000E+00   0.0000000E+00
   4.0200000E+00   1.0000000E+00   0.0000000E+00   1.0000000E+00   0.0000000E+00
   4.0266667E+00   0.0000000E+00   0.0000000E+00   0.0000000E+00   0.0000000E+00
   4.0333333E+00   0.0000000E+00   0.0000000E+00   0.0000000E+00   0.0000000E+00
   4.0400000E+00   1.0000000E+00   0.0000000E+00   1.0000000E+00   0.0000000E+00
   4.0466667E+00   0.0000000E+00   0.0000000E+00   0.0000000E+00   0.0000000E+00
   4.0533333E+00   1.0000000E+00   0.0000000E+00   1.0000000E+00   0.0000000E+00
   4.0600000E+00   0.0000000E+00   0.0000000E+00   0.0000000E+00   0.0000000E+00
   4.0666667E+00   0.0000000E+00   0.0000000E+00   0.0000000E+00   0.0000000E+00
   4.0733333E+00   0.0000000E+00   0.0000000E+00   0.0000000E+00   0.0000000E+00
   4.0800000E+00   1.0000000E+00   0.0000000E+00   1.0000000E+00   0.0000000E+00
   4.0866667E+00   2.0000000E+00   0.0000000E+00   2.0000000E+00   0.0000000E+00
   4.0933333E+00   0.0000000E+00   0.0000000E+00   0.0000000E+00   0.0000000E+00
   4.1000000E+00   0.0000000E+00   0.0000000E+00   0.0000000E+00   0.0000000E+00
   4.1066667E+00   1.0000000E+00   0.0000000E+00   1.0000000E+00   0.0000000E+00
   4.1133333E+00   0.0000000E+00   0.0000000E+00   0.0000000E+00   0.0000000E+00
   4.1200000E+00   0.0000000E+00   0.0000000E+00   0.0000000E+00   0.0000000E+00
   4.1266667E+00   2.0000000E+00   0.0000000E+00   2.0000000E+00   0.0000000E+00
   4.1333333E+00   0.0000000E+00   0.0000000E+00   0.0000000E+00   0.0000000E+00
   4.1400000E+00   1.0000000E+00   0.0000000E+00   1.0000000E+00   0.0000000E+00
   4.1466667E+00   0.0000000E+00   0.0000000E+00   0.0000000E+00   0.0000000E+00
   4.1533333E+00   1.0000000E+00   0.0000000E+00   1.0000000E+00   0.0000000E+00
   4.1600000E+00   0.0000000E+00   0.0000000E+00   0.0000000E+00   0.0000000E+00
   4.1666667E+00   0.0000000E+00   0.0000000E+00   0.0000000E+00   0.0000000E+00
   4.1733333E+00   1.0000000E+00   0.0000000E+00   1.0000000E+00   0.0000000E+00
   4.1800000E+00   0.0000000E+00   0.0000000E+00   0.0000000E+00   0.0000000E+00
   4.1866667E+00   0.0000000E+00   0.0000000E+00   0.0000000E+00   0.0000000E+00
   4.1933333E+00   1.0000000E+00   0.0000000E+00   1.0000000E+00   0.0000000E+00
   4.2000000E+00   0.0000000E+00   0.0000000E+00   0.0000000E+00   0.0000000E+00
   4.2066667E+00   0.0000000E+00   0.0000000E+00   0.0000000E+00   0.0000000E+00
   4.2133333E+00   0.0000000E+00   0.0000000E+00   0.0000000E+00   0.0000000E+00
   4.2200000E+00   0.0000000E+00   0.0000000E+00   0.0000000E+00   0.0000000E+00
   4.2266667E+00   0.0000000E+00   0.0000000E+00   0.0000000E+00   0.0000000E+00
   4.2333333E+00   0.0000000E+00   0.0000000E+00   0.0000000E+00   0.0000000E+00
   4.2400000E+00   0.0000000E+00   0.0000000E+00   0.0000000E+00   0.0000000E+00
   4.2466667E+00   0.0000000E+00   0.0000000E+00   0.0000000E+00   0.0000000E+00
   4.2533333E+00   0.0000000E+00   0.0000000E+00   0.0000000E+00   0.0000000E+00
   4.2600000E+00   0.0000000E+00   0.0000000E+00   0.0000000E+00   0.0000000E+00
   4.2666667E+00   0.0000000E+00   0.0000000E+00   0.0000000E+00   0.0000000E+00
   4.2733333E+00   0.0000000E+00   0.0000000E+00   0.0000000E+00   0.0000000E+00
   4.2800000E+00   0.0000000E+00   0.0000000E+00   0.0000000E+00   0.0000000E+00
   4.2866667E+00   1.0000000E+00   0.0000000E+00   1.0000000E+00   0.0000000E+00
   4.2933333E+00   0.0000000E+00   0.0000000E+00   0.0000000E+00   0.0000000E+00
   4.3000000E+00   0.0000000E+00   0.0000000E+00   0.0000000E+00   0.0000000E+00
   4.3066667E+00   0.0000000E+00   0.0000000E+00   0.0000000E+00   0.0000000E+00
   4.3133333E+00   0.0000000E+00   0.0000000E+00   0.0000000E+00   0.0000000E+00
   4.3200000E+00   1.0000000E+00   0.0000000E+00   1.0000000E+00   0.0000000E+00
   4.3266667E+00   0.0000000E+00   0.0000000E+00   0.0000000E+00   0.0000000E+00
   4.3333333E+00   0.0000000E+00   0.0000000E+00   0.0000000E+00   0.0000000E+00
   4.3400000E+00   0.0000000E+00   0.0000000E+00   0.0000000E+00   0.0000000E+00
   4.3466667E+00   0.0000000E+00   0.0000000E+00   0.0000000E+00   0.0000000E+00
   4.3533333E+00   0.0000000E+00   0.0000000E+00   0.0000000E+00   0.0000000E+00
   4.3600000E+00   0.0000000E+00   0.0000000E+00   0.0000000E+00   0.0000000E+00
   4.3666667E+00   0.0000000E+00   0.0000000E+00   0.0000000E+00   0.0000000E+00
   4.3733333E+00   0.0000000E+00   0.0000000E+00   0.0000000E+00   0.0000000E+00
   4.3800000E+00   0.0000000E+00   0.0000000E+00   0.0000000E+00   0.0000000E+00
   4.3866667E+00   0.0000000E+00   0.0000000E+00   0.0000000E+00   0.0000000E+00
   4.3933333E+00   0.0000000E+00   0.0000000E+00   0.0000000E+00   0.0000000E+00
   4.4000000E+00   0.0000000E+00   0.0000000E+00   0.0000000E+00   0.0000000E+00
   4.4066667E+00   0.0000000E+00   0.0000000E+00   0.0000000E+00   0.0000000E+00
   4.4133333E+00   0.0000000E+00   0.0000000E+00   0.0000000E+00   0.0000000E+00
   4.4200000E+00   0.0000000E+00   0.0000000E+00   0.0000000E+00   0.0000000E+00
   4.4266667E+00   0.0000000E+00   0.0000000E+00   0.0000000E+00   0.0000000E+00
   4.4333333E+00   0.0000000E+00   0.0000000E+00   0.0000000E+00   0.0000000E+00
   4.4400000E+00   0.0000000E+00   0.0000000E+00   0.0000000E+00   0.0000000E+00
   4.4466667E+00   0.0000000E+00   0.0000000E+00   0.0000000E+00   0.0000000E+00
   4.4533333E+00   0.0000000E+00   0.0000000E+00   0.0000000E+00   0.0000000E+00
   4.4600000E+00   0.0000000E+00   0.0000000E+00   0.0000000E+00   0.0000000E+00
   4.4666667E+00   0.0000000E+00   0.0000000E+00   0.0000000E+00   0.0000000E+00
   4.4733333E+00   0.0000000E+00   0.0000000E+00   0.0000000E+00   0.0000000E+00
   4.4800000E+00   0.0000000E+00   0.0000000E+00   0.0000000E+00   0.0000000E+00
   4.4866667E+00   0.0000000E+00   0.0000000E+00   0.0000000E+00   0.0000000E+00
   4.4933333E+00   0.0000000E+00   0.0000000E+00   0.0000000E+00   0.0000000E+00
   4.5000000E+00   0.0000000E+00   0.0000000E+00   0.0000000E+00   0.0000000E+00
   4.5066667E+00   0.0000000E+00   0.0000000E+00   0.0000000E+00   0.0000000E+00
   4.5133333E+00   0.0000000E+00   0.0000000E+00   0.0000000E+00   0.0000000E+00
   4.5200000E+00   0.0000000E+00   0.0000000E+00   0.0000000E+00   0.0000000E+00
   4.5266667E+00   0.0000000E+00   0.0000000E+00   0.0000000E+00   0.0000000E+00
   4.5333333E+00   0.0000000E+00   0.0000000E+00   0.0000000E+00   0.0000000E+00
   4.5400000E+00   0.0000000E+00   0.0000000E+00   0.0000000E+00   0.0000000E+00
   4.5466667E+00   0.0000000E+00   0.0000000E+00   0.0000000E+00   0.0000000E+00
   4.5533333E+00   0.0000000E+00   0.0000000E+00   0.0000000E+00   0.0000000E+00
   4.5600000E+00   0.0000000E+00   0.0000000E+00   0.0000000E+00   0.0000000E+00
   4.5666667E+00   0.0000000E+00   0.0000000E+00   0.0000000E+00   0.0000000E+00
   4.5733333E+00   0.0000000E+00   0.0000000E+00   0.0000000E+00   0.0000000E+00
   4.5800000E+00   0.0000000E+00   0.0000000E+00   0.0000000E+00   0.0000000E+00
   4.5866667E+00   0.0000000E+00   0.0000000E+00   0.0000000E+00   0.0000000E+00
   4.5933333E+00   0.0000000E+00   0.0000000E+00   0.0000000E+00   0.0000000E+00
   4.6000000E+00   0.0000000E+00   0.0000000E+00   0.0000000E+00   0.0000000E+00
   4.6066667E+00   0.0000000E+00   0.0000000E+00   0.0000000E+00   0.0000000E+00
   4.6133333E+00   0.0000000E+00   0.0000000E+00   0.0000000E+00   0.0000000E+00
   4.6200000E+00   0.0000000E+00   0.0000000E+00   0.0000000E+00   0.0000000E+00
   4.6266667E+00   0.0000000E+00   0.0000000E+00   0.0000000E+00   0.0000000E+00
   4.6333333E+00   0.0000000E+00   0.0000000E+00   0.0000000E+00   0.0000000E+00
   4.6400000E+00   0.0000000E+00   0.0000000E+00   0.0000000E+00   0.0000000E+00
   4.6466667E+00   0.0000000E+00   0.0000000E+00   0.0000000E+00   0.0000000E+00
   4.6533333E+00   0.0000000E+00   0.0000000E+00   0.0000000E+00   0.0000000E+00
   4.6600000E+00   0.0000000E+00   0.0000000E+00   0.0000000E+00   0.0000000E+00
   4.6666667E+00   0.0000000E+00   0.0000000E+00   0.0000000E+00   0.0000000E+00
   4.6733333E+00   0.0000000E+00   0.0000000E+00   0.0000000E+00   0.0000000E+00
   4.6800000E+00   0.0000000E+00   0.0000000E+00   0.0000000E+00   0.0000000E+00
   4.6866667E+00   0.0000000E+00   0.0000000E+00   0.0000000E+00   0.0000000E+00
   4.6933333E+00   0.0000000E+00   0.0000000E+00   0.0000000E+00   0.0000000E+00
   4.7000000E+00   0.0000000E+00   0.0000000E+00   0.0000000E+00   0.0000000E+00
   4.7066667E+00   0.0000000E+00   0.0000000E+00   0.0000000E+00   0.0000000E+00
   4.7133333E+00   0.0000000E+00   0.0000000E+00   0.0000000E+00   0.0000000E+00
   4.7200000E+00   0.0000000E+00   0.0000000E+00   0.0000000E+00   0.0000000E+00
   4.7266667E+00   0.0000000E+00   0.0000000E+00   0.0000000E+00   0.0000000E+00
   4.7333333E+00   0.0000000E+00   0.0000000E+00   0.0000000E+00   0.0000000E+00
   4.7400000E+00   0.0000000E+00   0.0000000E+00   0.0000000E+00   0.0000000E+00
   4.7466667E+00   0.0000000E+00   0.0000000E+00   0.0000000E+00   0.0000000E+00
   4.7533333E+00   0.0000000E+00   0.0000000E+00   0.0000000E+00   0.0000000E+00
   4.7600000E+00   0.0000000E+00   0.0000000E+00   0.0000000E+00   0.0000000E+00
   4.7666667E+00   0.0000000E+00   0.0000000E+00   0.0000000E+00   0.0000000E+00
   4.7733333E+00   0.0000000E+00   0.0000000E+00   0.0000000E+00   0.0000000E+00
   4.7800000E+00   0.0000000E+00   0.0000000E+00   0.0000000E+00   0.0000000E+00
   4.7866667E+00   0.0000000E+00   0.0000000E+00   0.0000000E+00   0.0000000E+00
   4.7933333E+00   0.0000000E+00   0.0000000E+00   0.0000000E+00   0.0000000E+00
   4.8000000E+00   0.0000000E+00   0.0000000E+00   0.0000000E+00   0.0000000E+00
   4.8066667E+00   0.0000000E+00   0.0000000E+00   0.0000000E+00   0.0000000E+00
   4.8133333E+00   0.0000000E+00   0.0000000E+00   0.0000000E+00   0.0000000E+00
   4.8200000E+00   0.0000000E+00   0.0000000E+00   0.0000000E+00   0.0000000E+00
   4.8266667E+00   0.0000000E+00   0.0000000E+00   0.0000000E+00   0.0000000E+00
   4.8333333E+00   0.0000000E+00   0.0000000E+00   0.0000000E+00   0.0000000E+00
   4.8400000E+00   0.0000000E+00   0.0000000E+00   0.0000000E+00   0.0000000E+00
   4.8466667E+00   0.0000000E+00   0.0000000E+00   0.0000000E+00   0.0000000E+00
   4.8533333E+00   0.0000000E+00   0.0000000E+00   0.0000000E+00   0.0000000E+00
   4.8600000E+00   0.0000000E+00   0.0000000E+00   0.0000000E+00   0.0000000E+00
   4.8666667E+00   0.0000000E+00   0.0000000E+00   0.0000000E+00   0.0000000E+00
   4.8733333E+00   0.0000000E+00   0.0000000E+00   0.0000000E+00   0.0000000E+00
   4.8800000E+00   0.0000000E+00   0.0000000E+00   0.0000000E+00   0.0000000E+00
   4.8866667E+00   0.0000000E+00   0.0000000E+00   0.0000000E+00   0.0000000E+00
   4.8933333E+00   0.0000000E+00   0.0000000E+00   0.0000000E+00   0.0000000E+00
   4.9000000E+00   0.0000000E+00   0.0000000E+00   0.0000000E+00   0.0000000E+00
   4.9066667E+00   0.0000000E+00   0.0000000E+00   0.0000000E+00   0.0000000E+00
   4.9133333E+00   0.0000000E+00   0.0000000E+00   0.0000000E+00   0.0000000E+00
   4.9200000E+00   0.0000000E+00   0.0000000E+00   0.0000000E+00   0.0000000E+00
   4.9266667E+00   0.0000000E+00   0.0000000E+00   0.0000000E+00   0.0000000E+00
   4.9333333E+00   0.0000000E+00   0.0000000E+00   0.0000000E+00   0.0000000E+00
   4.9400000E+00   0.0000000E+00   0.0000000E+00   0.0000000E+00   0.0000000E+00
   4.9466667E+00   0.0000000E+00   0.0000000E+00   0.0000000E+00   0.0000000E+00
   4.9533333E+00   0.0000000E+00   0.0000000E+00   0.0000000E+00   0.0000000E+00
   4.9600000E+00   0.0000000E+00   0.0000000E+00   0.0000000E+00   0.0000000E+00
   4.9666667E+00   0.0000000E+00   0.0000000E+00   0.0000000E+00   0.0000000E+00
   4.9733333E+00   0.0000000E+00   0.0000000E+00   0.0000000E+00   0.0000000E+00
   4.9800000E+00   0.0000000E+00   0.0000000E+00   0.0000000E+00   0.0000000E+00
   4.9866667E+00   0.0000000E+00   0.0000000E+00   0.0000000E+00   0.0000000E+00
   4.9933333E+00   0.0000000E+00   0.0000000E+00   0.0000000E+00   0.0000000E+00
   5.0000000E+00   0.0000000E+00   0.0000000E+00   0.0000000E+00   0.0000000E+00
