                                                          Cloudy 17.03
                                                         www.nublado.org

                       **************************************17Jun01**************************************
                       *                                                                                 *
                       * title CIV QSO                                                                   *
                       * set punch prefix "CIV_QSO"                                                      *
                       * radius = 21.500 23.500                                                          *
                       * iterate to convergence                                                          *
                       * sphere                                                                          *
                       * init "dlaw_HI_exp.ini"                                                          *
                       * dlaw table                                                                      *
                       * table SED "QSO.sed"                                                             *
                       * nuL(nu) = 42.0 at 1 Ryd                                                         *
                       * stop temperature off                                                            *
                       * metals 1.0                                                                      *
                       * save last radius ".rad"                                                         *
                       * save last continuum ".cont"                                                     *
                       * save last physical conditions ".phy"                                            *
                       * save last overview ".ovr"                                                       *
                       * save last heating ".heat"                                                       *
                       * save last cooling ".cool"                                                       *
                       * save last optical depth ".opd"                                                  *
                       * save last element hydrogen ".ele_H"                                             *
                       * save last element helium ".ele_He"                                              *
                       * save last element carbon ".ele_C"                                               *
                       * save last element nitrogen ".ele_N"                                             *
                       * save last element oxygen ".ele_O"                                               *
                       * save last element argon ".ele_Ar"                                               *
                       * save last element neon ".ele_Ne"                                                *
                       * save last element sulphur ".ele_S"                                              *
                       * save last element chlorin ".ele_Cl"                                             *
                       * save last element iron ".ele_Fe"                                                *
                       * save last element silicon ".ele_Si"                                             *
                       * save last lines emissivity  ".emis"                                             *
                       *                                                                                 *
                       ***********************************************************************************




 NOTE
 NOTE The simulation is going into neutral gas but cosmic rays are not included.
 NOTE Ion-molecule chemistry will not occur without a source of ionization.
 NOTE The chemistry network may collapse deep in molecular regions.
 NOTE Consider adding galactic background cosmic rays with the COSMIC RAYS BACKGROUND command.
 NOTE You may be making a BIG mistake.
 NOTE



 NOTE Setcon: continuum has zero intensity starting at  3.0447e-09 Ryd.
  3800 cells in the incident continuum have zero intensity.  Problems???

           8228CellPeak1.00E+00   Lo 3.04e-09=  29.98m   Hi-Con:7.13E+06 Ryd   E(hi):7.35E+06Ryd     E(hi):     100.00 MeV
           L(nu>1ryd):  42.1904   Average nu:2.632E+00   L( X-ray):  41.4171   L(BalC):  42.1154     Q(Balmer C):  53.0776
           Q(1.0-1.8):  52.2340   Q(1.8-4.0):  51.8640   Q(4.0-20):  51.3799   Q(20--):  50.2166     Ion pht flx:2.150E+08
           L(gam ray):  40.5061   Q(gam ray):  46.9900   L(Infred):  42.3499   Alf(ox):  -1.5331     Total lumin:  42.7070
           log L/Lsun:   9.1240   Abs bol mg: -18.0674   Abs V mag: -15.6281   Bol cor:  -2.4394     nuFnu(Bbet):  41.9467
           U(1.0----):2.982E+00   U(4.0----):2.829E-01   T(En-Den):3.656E+00   T(Comp):2.661E+06     nuJnu(912A):7.958E-03
           Occ(FarIR):0.000E+00   Occ(H n=6):3.303E-13   Occ(1Ryd):3.672E-19   Occ(4R):5.387E-22     Occ (Nu-hi):0.000E+00
           Tbr(FarIR):0.000E+00   Tbr(H n=6):1.447E-09   Tbr(1Ryd):5.795E-14   Tbr(4R):3.407E-16     Tbr (Nu-hi):0.000E+00
  
                                                  Gas Phase Chemical Composition
        H :  0.0000  He: -1.0000  Li: -8.6904  Be:-10.5800  B : -9.2097  C : -3.6108  N : -4.0701  O : -3.3098  F : -7.5200
        Ne: -4.0000  Na: -5.6696  Mg: -4.4597  Al: -5.5302  Si: -4.4597  P : -6.4949  S : -4.7352  Cl: -6.7190  Ar: -5.6003
        K : -6.8794  Ca: -5.6402  Sc: -8.8297  Ti: -6.9788  V : -8.0000  Cr: -6.3298  Mn: -6.5406  Fe: -4.5498  Co: -7.0799
                                               Ni: -5.7496  Cu: -7.7905  Zn: -7.4001
 
 ####  1  Te:7.919E+04 Hden:2.403E-03 Ne:2.900E-03 R:3.226E+21 R-R0:6.325E+19 dR:1.265E+20 NTR:  7 Htot:6.631E-29 T912: 1.00e+08###
 Hydrogen      4.83e-07 1.00e+00 H+o/Hden 1.00e+00 1.16e-16 H-    H2 7.05e-26 7.09e-18 H2+ HeH+ 8.51e-21 Ho+ ColD 1.47e+11 3.04e+17
 Helium        2.62e-10 1.23e-04 1.00e+00 HeI 2s3S 2.68e-16 Comp H,C 1.34e-31 3.98e-33 Fill Fac 1.00e+00 Gam1/tot 9.88e-01
 He singlet n  2.62e-10 3.82e-23 3.94e-29 2.65e-29 2.60e-29 3.56e-29 He tripl 2.68e-16 2.22e-27 7.58e-29 4.67e-28 9.81e-29
 Pressure      NgasTgas 4.39e+02 P(total) 6.06e-14 P( gas ) 6.06e-14 P(Radtn) 0.00e+00 Rad accl 1.64e-11 ForceMul 3.72e+01
 Texc(La)      2.99e+03 T(I con) 3.55e+00 T(D con) 1.31e-01 T(U tot) 3.55e+00 nT (c+d) 8.89e+05 Prad/Gas 0.00e+00 Pmag/Gas 0.00e+00
 Molecules     CH/Ctot: 2.41e-33 CH+/Ctot 2.92e-27 CO/Ctot: 5.89e-48 CO+/Ctot 1.82e-40 H2O/Otot 1.10e-55 OH/Ototl 6.34e-36
 Lithium       4.53e-14 3.60e-07 2.98e-03 9.97e-01 Berylliu 3.48e-14 4.38e-10 6.04e-05 2.75e-02 9.72e-01 sec ion: 0.00e+00
 Boron         3.93e-15 3.75e-10 3.18e-07 2.49e-03 1.37e-01 8.60e-01
 Carbon        8.39e-16 1.01e-10 2.38e-07 3.66e-05 3.59e-02 3.78e-01 5.86e-01 H2O+/O   1.45e-54 OH+/Otot 4.43e-35 Hex(tot) 0.00e+00
 Nitrogen      1.33e-16 1.88e-11 8.08e-08 2.66e-05 1.05e-03 1.97e-01 5.43e-01 2.59e-01 O2/Ototl 3.82e-47 O2+/Otot 4.93e-46
 Oxygen        1.37e-17 2.02e-12 1.55e-08 9.47e-06 7.36e-04 1.00e-02 4.87e-01 4.28e-01 7.42e-02
 Fluorine      1.53e-18 2.59e-13 2.12e-09 2.61e-06 3.88e-04 9.10e-03 4.59e-02 7.00e-01 2.29e-01 1.63e-02
 Neon          6.61e-20 2.27e-14 3.87e-10 5.29e-07 1.57e-04 6.98e-03 5.21e-02 1.28e-01 7.12e-01 9.80e-02 3.19e-03
 Sodium        6.17e-22 1.55e-15 7.28e-11 2.46e-07 8.31e-05 5.43e-03 7.50e-02 1.90e-01 2.09e-01 4.89e-01 3.14e-02 5.16e-04
 Magnesium     1.45e-21 6.31e-18 1.67e-12 1.59e-08 1.39e-05 1.24e-03 3.15e-02 1.92e-01 3.30e-01 2.08e-01 2.29e-01 7.55e-03 6.90e-05
 Aluminium  1  9.61e-17 3.69e-14 1.13e-09 2.14e-06 6.81e-04 1.72e-02 1.64e-01 4.23e-01 2.69e-01 7.71e-02 4.71e-02 8.93e-04 4.93e-06
 Silicon    1  9.42e-16 6.18e-13 6.81e-11 3.80e-07 1.81e-04 1.50e-02 2.00e-01 4.06e-01 2.91e-01 6.75e-02 1.53e-02 5.25e-03 6.02e-05
 Phosphorus 2  2.92e-12 3.18e-10 1.43e-08 2.11e-05 3.00e-03 6.81e-02 2.71e-01 4.67e-01 1.63e-01 2.50e-02 3.01e-03 7.32e-04 5.28e-06
 Sulphur    2  1.14e-11 1.33e-09 5.39e-08 1.15e-06 5.79e-04 3.17e-02 2.55e-01 3.39e-01 2.65e-01 9.84e-02 9.70e-03 7.59e-04 1.37e-04
 Chlorine   3  2.74e-09 1.32e-07 2.10e-06 2.53e-05 5.15e-03 9.13e-02 4.32e-01 3.74e-01 8.52e-02 1.12e-02 5.71e-04 4.42e-05 5.07e-06
 Argon      3  9.74e-10 3.36e-07 8.20e-06 5.40e-05 3.91e-04 3.64e-02 2.55e-01 4.20e-01 2.29e-01 5.52e-02 3.58e-03 1.14e-04 6.29e-06
 Potassium  3  4.02e-10 1.51e-07 1.79e-05 1.66e-04 5.28e-04 2.38e-03 1.10e-01 4.57e-01 3.55e-01 6.92e-02 5.31e-03 1.51e-04 6.51e-06
 Calcium    4  1.24e-07 1.68e-05 4.49e-04 2.05e-03 3.27e-03 9.88e-03 2.44e-01 4.90e-01 2.13e-01 3.44e-02 2.82e-03 1.27e-04 2.72e-06
 Scandium   4  2.08e-07 2.61e-05 7.36e-04 1.07e-02 1.99e-02 1.58e-02 2.78e-02 3.97e-01 3.86e-01 1.33e-01 8.91e-03 3.02e-04 9.59e-06
 Titanium   4  3.59e-07 4.10e-05 1.13e-03 1.92e-02 7.04e-02 7.17e-02 3.49e-02 5.96e-02 4.92e-01 2.12e-01 3.66e-02 1.93e-03 2.78e-05
 Vanadium   5  4.70e-05 1.23e-03 2.04e-02 8.72e-02 2.56e-01 1.06e-01 6.05e-02 6.53e-02 3.32e-01 6.64e-02 4.76e-03 1.59e-04 1.36e-06
 Chromium   5  2.93e-05 1.37e-03 2.21e-02 9.52e-02 3.26e-01 2.26e-01 6.94e-02 7.34e-02 3.60e-02 1.24e-01 2.57e-02 1.05e-03 1.81e-05
 Manganese  5  4.65e-05 2.92e-03 2.23e-02 9.69e-02 3.34e-01 2.68e-01 2.28e-01 3.13e-02 7.40e-03 2.53e-03 5.40e-03 7.06e-04 2.48e-05
 Iron       6  2.25e-03 7.49e-02 2.83e-01 3.75e-01 1.94e-01 5.32e-02 1.29e-02 2.75e-03 6.59e-04 3.61e-04 5.30e-04 4.20e-05 1.63e-06
 Cobalt     6  2.95e-04 1.22e-02 8.93e-02 2.81e-01 2.36e-01 2.25e-01 1.28e-01 2.59e-02 2.43e-03 3.94e-04 1.38e-04 1.27e-04 6.70e-06
 Nickel     6  1.16e-04 5.72e-03 5.36e-02 2.94e-01 2.43e-01 2.32e-01 1.35e-01 3.02e-02 5.93e-03 4.78e-04 5.65e-05 1.51e-05 1.09e-05
 Copper     6  7.22e-05 3.99e-03 4.40e-02 3.11e-01 3.82e-01 1.41e-01 9.13e-02 2.08e-02 4.29e-03 1.09e-03 4.03e-05 4.85e-06 7.27e-07
 Zinc       6  2.25e-05 1.64e-03 1.95e-02 1.69e-01 2.58e-01 3.41e-01 1.62e-01 3.86e-02 7.80e-03 2.09e-03 3.11e-04 1.01e-05 1.32e-06
 ####181  Te:8.091E+03 Hden:3.159E-04 Ne:3.458E-04 R:3.155E+23 R-R0:3.123E+23 dR:1.508E+21 NTR:  4 Htot:5.008E-31 T912: 1.00e+08###
 Hydrogen      6.72e-03 9.93e-01 H+o/Hden 1.00e+00 2.72e-10 H-    H2 8.29e-12 3.43e-11 H2+ HeH+ 5.15e-10 Ho+ ColD 4.52e+17 3.18e+20
 Helium        7.61e-03 9.77e-01 1.49e-02 HeI 2s3S 6.66e-13 Comp H,C 1.65e-36 5.00e-39 Fill Fac 1.00e+00 Gam1/tot 1.00e+00
 He singlet n  7.61e-03 3.18e-19 4.16e-24 6.59e-26 2.66e-25 9.30e-26 He tripl 6.66e-13 5.88e-24 1.39e-25 1.21e-24 2.60e-25
 Pressure      NgasTgas 5.61e+00 P(total) 7.75e-16 P( gas ) 7.75e-16 P(Radtn) 2.55e-19 Rad accl 6.30e-14 ForceMul 1.54e+03
 Texc(La)      2.83e+03 T(I con) 3.49e-01 T(D con) 2.29e-01 T(U tot) 3.64e-01 nT (c+d) 1.40e+05 Prad/Gas 3.29e-04 Pmag/Gas 0.00e+00
 Molecules     CH/Ctot: 1.34e-14 CH+/Ctot 3.39e-13 CO/Ctot: 1.32e-17 CO+/Ctot 5.65e-18 H2O/Otot 3.74e-25 OH/Ototl 9.71e-14
 Lithium       8.37e-04 9.91e-01 7.72e-03 1.16e-04 Berylliu 1.59e-03 7.42e-02 8.91e-01 3.30e-02 6.22e-05 sec ion: 1.10e-19
 Boron         5.16e-05 1.05e-01 4.35e-01 4.57e-01 1.99e-03 0.00e+00
 Carbon        1.50e-04 1.22e-01 8.43e-01 3.21e-02 2.88e-03 1.30e-06 0.00e+00 H2O+/O   9.43e-26 OH+/Otot 2.44e-13 Hex(tot) 0.00e+00
 Nitrogen      4.53e-04 1.28e-01 8.21e-01 5.00e-02 8.13e-04 1.96e-05 0.00e+00 0.00e+00 O2/Ototl 1.15e-18 O2+/Otot 2.10e-19
 Oxygen        8.74e-04 1.19e-01 8.74e-01 5.57e-03 2.76e-04 1.57e-06 0.00e+00 0.00e+00 0.00e+00
 Fluorine      1.05e-04 6.96e-02 9.25e-01 5.18e-03 3.68e-04 1.16e-06 0.00e+00 0.00e+00 0.00e+00 0.00e+00
 Neon          1.45e-04 8.42e-02 9.06e-01 9.24e-03 1.36e-04 0.00e+00 0.00e+00 0.00e+00 0.00e+00 0.00e+00 0.00e+00
 Sodium        1.66e-04 1.33e-01 8.34e-01 3.15e-02 9.44e-04 2.38e-06 0.00e+00 0.00e+00 0.00e+00 0.00e+00 0.00e+00 0.00e+00
 Magnesium     3.00e-03 1.17e-01 8.58e-01 2.25e-02 4.08e-04 3.47e-06 0.00e+00 0.00e+00 0.00e+00 0.00e+00 0.00e+00 0.00e+00 0.00e+00
 Aluminium  0  6.28e-05 2.63e-01 2.78e-01 4.22e-01 3.62e-02 3.84e-04 1.58e-06 0.00e+00 0.00e+00 0.00e+00 0.00e+00 0.00e+00 0.00e+00
 Silicon    0  1.45e-04 3.51e-01 4.70e-01 1.60e-01 1.85e-02 2.18e-04 1.26e-06 0.00e+00 0.00e+00 0.00e+00 0.00e+00 0.00e+00 0.00e+00
 Phosphorus 0  2.11e-04 3.04e-01 5.61e-01 1.12e-01 1.99e-02 2.59e-03 1.42e-05 0.00e+00 0.00e+00 0.00e+00 0.00e+00 0.00e+00 0.00e+00
 Sulphur    0  3.97e-05 9.94e-02 7.60e-01 1.32e-01 6.73e-03 1.90e-03 1.42e-04 0.00e+00 0.00e+00 0.00e+00 0.00e+00 0.00e+00 0.00e+00
 Chlorine   0  4.39e-05 8.23e-02 7.54e-01 1.57e-01 5.65e-03 6.63e-04 8.01e-05 3.43e-06 0.00e+00 0.00e+00 0.00e+00 0.00e+00 0.00e+00
 Argon      0  2.72e-05 1.99e-02 8.33e-01 1.39e-01 8.00e-03 4.93e-04 1.42e-05 1.62e-06 0.00e+00 0.00e+00 0.00e+00 0.00e+00 0.00e+00
 Potassium  0  5.16e-05 1.52e-01 7.85e-01 5.09e-02 1.20e-02 4.23e-04 7.32e-06 0.00e+00 0.00e+00 0.00e+00 0.00e+00 0.00e+00 0.00e+00
 Calcium    0  4.61e-05 3.90e-02 7.27e-01 2.26e-01 8.08e-03 6.50e-04 3.46e-05 0.00e+00 0.00e+00 0.00e+00 0.00e+00 0.00e+00 0.00e+00
 Scandium   0  1.92e-06 2.15e-03 7.49e-02 9.01e-01 2.04e-02 1.40e-03 8.89e-05 1.47e-06 0.00e+00 0.00e+00 0.00e+00 0.00e+00 0.00e+00
 Titanium   0  1.97e-06 1.24e-02 2.04e-01 7.44e-01 3.90e-02 1.01e-03 7.13e-05 1.04e-06 0.00e+00 0.00e+00 0.00e+00 0.00e+00 0.00e+00
 Vanadium   0  1.95e-05 1.01e-02 3.73e-01 4.82e-01 1.33e-01 2.23e-03 1.16e-04 6.93e-06 0.00e+00 0.00e+00 0.00e+00 0.00e+00 0.00e+00
 Chromium   0  5.91e-06 1.29e-02 4.95e-01 4.24e-01 6.38e-02 3.79e-03 1.91e-04 3.02e-06 0.00e+00 0.00e+00 0.00e+00 0.00e+00 0.00e+00
 Manganese  0  2.86e-06 1.55e-02 5.08e-01 4.08e-01 6.53e-02 3.73e-03 1.45e-04 2.23e-06 0.00e+00 0.00e+00 0.00e+00 0.00e+00 0.00e+00
 Iron       0  1.69e-06 1.22e-02 2.40e-01 7.23e-01 2.01e-02 4.95e-03 9.19e-05 3.69e-06 0.00e+00 0.00e+00 0.00e+00 0.00e+00 0.00e+00
 Cobalt     0  4.10e-05 1.34e-02 2.28e-01 6.04e-01 1.47e-01 6.29e-03 6.86e-04 2.17e-05 0.00e+00 0.00e+00 0.00e+00 0.00e+00 0.00e+00
 Nickel     0  8.60e-06 3.21e-02 4.65e-01 4.64e-01 3.40e-02 4.18e-03 2.44e-04 1.08e-05 0.00e+00 0.00e+00 0.00e+00 0.00e+00 0.00e+00
 Copper     0  9.65e-06 5.84e-03 5.01e-01 4.76e-01 1.36e-02 3.78e-03 1.57e-04 2.28e-05 0.00e+00 0.00e+00 0.00e+00 0.00e+00 0.00e+00
 Zinc       0  1.37e-05 3.46e-03 1.34e-01 7.57e-01 9.86e-02 6.85e-03 4.65e-04 5.31e-05 1.06e-06 0.00e+00 0.00e+00 0.00e+00 0.00e+00
   CIV QSO  
   Calculation stopped because outer radius reached. Iteration 1 of 10
   The geometry is spherical.
 C-Continuum zero at some energies.
  !Background cosmic rays are not included - is this physical?  It affects the chemistry.
  !Some input lines contained underscores, these were changed to spaces.
  !Non-collisional excitation of [O III] 4363 reached 3.05% of the total.
  !AGE: Cloud age was not set.  Longest timescale was 1.01e+16 s = 3.19e+08 years.
  !The CMB was not included.  This is added with the CMB command.
  !The radiation pressure jumped by 9418% from 4.42e-17 (zone 162) to 2.36e-19 (zone 163) to 2.37e-19 (zone 164)
   Thermal collisional ionization of H reached 1.21% of the local ionization rate.
   Te-ne bounds of Case B lookup table exceeded, H I Case B line intensities set to zero.
   Charge transfer H => H+ reached 1.49% of the local H ionization rate.
   Charge transfer heating reached 0.75% of the local heating.
   The density is too low to l-mix the lowest H  I collapsed level.  More resolved levels are needed for accurate line ratios.
   The density is too low to l-mix the lowest He I collapsed level.  More resolved levels are needed for accurate line ratios.
   Grains were not present but might survive in this environment (energy density temperature was 3.66e+00K)
   Cloud thicker than smallest Jeans length=1.36e+23cm; stability problems? (smallest Jeans mass=2.12e+09Mo)
   Is an outer radius of 3.16e+23 reasonable?
   The ratio of radiation to gas pressure reached 3.51e-02 at zone 161.  Caused by Lyman alpha.

                       *********************************> Cloudy 17.03 <**********************************
                       * title CIV QSO                                                                   *
                       * set punch prefix "CIV_QSO"                                                      *
                       * radius = 21.500 23.500                                                          *
                       * iterate to convergence                                                          *
                       * sphere                                                                          *
                       * init "dlaw_HI_exp.ini"                                                          *
                       * table SED "QSO.sed"                                                             *
                       * nuL(nu) = 42.0 at 1 Ryd                                                         *
                       * stop temperature off                                                            *
                       * metals 1.0                                                                      *
                       * save last radius ".rad"                                                         *
                       * save last continuum ".cont"                                                     *
                       * save last physical conditions ".phy"                                            *
                       * save last overview ".ovr"                                                       *
                       * save last heating ".heat"                                                       *
                       * save last cooling ".cool"                                                       *
                       * save last optical depth ".opd"                                                  *
                       * save last element hydrogen ".ele_H"                                             *
                       * save last element helium ".ele_He"                                              *
                       * save last element carbon ".ele_C"                                               *
                       * save last element nitrogen ".ele_N"                                             *
                       * save last element oxygen ".ele_O"                                               *
                       * save last element argon ".ele_Ar"                                               *
                       * save last element neon ".ele_Ne"                                                *
                       * save last element sulphur ".ele_S"                                              *
                       * save last element chlorin ".ele_Cl"                                             *
                       * save last element iron ".ele_Fe"                                                *
                       * save last element silicon ".ele_Si"                                             *
                       * save last lines emissivity  ".emis"                                             *
                       * H  1  1215.67A                                                                  *
                       * H  1  1025.72A                                                                  *
                       * H  1  4861.33A                                                                  *
                       * H  1  6562.81A                                                                  *
                       * O  6  1031.91A                                                                  *
                       * O  6  1037.62A                                                                  *
                       * He 2  949.31A                                                                   *
                       * He 2  972.108A                                                                  *
                       * He 2  1025.27A                                                                  *
                       * He 2  1640.43A                                                                  *
                       * He 2  4859A                                                                     *
                       * He 2  4339A                                                                     *
                       * He 2  6527A                                                                     *
                       * He 2  6560A                                                                     *
                       * C  4  1550.78                                                                   *
                       * O  3  5006.84A                                                                  *
                       * N  5  1238.82                                                                   *
                       * N  5  1242.80                                                                   *
                       * c  4  1548.19                                                                   *
                       * c  4  1550.78                                                                   *
                       * mg 2  2795.53                                                                   *
                       * mg 2  2802.71                                                                   *
                       * end of lines                                                                    *
                       *********************************> Log(U):  0.47 <*********************************
                       >>>>>>>>>> Cautions are present.

                     Emission Line Spectrum.  Special Density Lw Model.  Closed geometry.  Iteration 1 of 10.
                                    Luminosity (erg/s) emitted by a shell with full coverage.


                                                   Intrinsic line intensities
general properties.............................      H  1                1.57006m   37.405    0.0032      Fe 5                20.8407m   38.438    0.0342
Inci                      0    42.707  634.6327      H  1                1.55563m   37.330    0.0027      Fe 5                4180.59A   37.921    0.0104
TotH                      0    41.487   38.2086      H  1                1.54388m   37.261    0.0023      Fe 5                4143.15A   38.167    0.0183
TotC                      0    41.487   38.2061      H  1                1.53417m   37.196    0.0020      Fe 5                4227.19A   38.876    0.0936
BFH1                      0    41.158   17.9406      H  1                1.52604m   37.138    0.0017      Fe 5                4003.21A   37.217    0.0021
BFHe                      0    41.132   16.8897      H  1                1.51917m   37.085    0.0015      Fe 5                4071.24A   38.149    0.0176
TotM                      0    40.389    3.0500      H  1                1.51331m   37.040    0.0014      Fe 5                3895.22A   37.738    0.0068
CT H                      0    39.055    0.1414      H  1                1.50827m   37.006    0.0013      Fe 5                3851.34A   37.514    0.0041
H FB                      0    40.233    2.1320      H  1                1.50389m   36.992    0.0012      Fe 5                3794.94A   38.103    0.0158
HFBc                      0    40.233    2.1320      H  1                1.50008m   37.027    0.0013      Fe 5                3755.70A   37.822    0.0083
H  1c                     0    38.397    0.0311      H  1                1.49672m   37.779    0.0075      Fe 5                3911.33A   37.245    0.0022
Al 3c                     0    37.409    0.0032      H  1                7.45777m   38.238    0.0216      Fe 5                3839.27A   38.113    0.0161
Al 6c                     0    38.455    0.0355      H  1                4.65247m   38.070    0.0146      Fe 5                3783.22A   37.701    0.0063
Ar 2c                     0    37.254    0.0022      H  1                3.73951m   37.902    0.0099      Fe 5                3891.28A   37.862    0.0091
Ar 3c                     0    39.320    0.2606      H  1                3.29607m   37.749    0.0070      Fe 5                3819.95A   37.191    0.0019
Ar 4c                     0    38.643    0.0548      H  1                3.03835m   37.612    0.0051      Fe 5                2.04669m   36.990    0.0012
Ar 5c                     0    39.064    0.1443      H  1                2.87219m   37.480    0.0038      Fe 5                3445.62A   37.373    0.0029
Ar 6c                     0    38.193    0.0194      H  1                2.75749m   37.378    0.0030      Fe 5                3400.41A   37.005    0.0013
C  2c                     0    39.092    0.1538      H  1                2.67438m   37.284    0.0024      Fe 5                3463.51A   37.375    0.0030
C  3c                     0    39.340    0.2727      H  1                2.61191m   37.198    0.0020      Fe 5                2828.24A   37.307    0.0025
Ca 4c                     0    38.617    0.0515      H  1                2.56361m   37.117    0.0016      Fe 5                2750.88A   36.991    0.0012
Fe 2c                     0    38.552    0.0444      H  1                2.52538m   37.043    0.0014      Fe 5                2730.21A   37.081    0.0015
Fe 3c                     0    39.084    0.1511      H  1                2.49455m   36.974    0.0012      Fe 5                2717.82A   37.077    0.0015
Fe 7c                     0    39.249    0.2210      H  1                2.46929m   36.910    0.0010      Fe 5                2707.36A   37.128    0.0017
K  3c                     0    37.872    0.0093      H  1                2.37371m   37.493    0.0039      Fe 6                19.5527m   39.228    0.2106
K  4c                     0    37.435    0.0034      H  1                12.3684m   37.804    0.0079      Fe 6                5335.19A   38.277    0.0236
Mg 1c                     0    37.517    0.0041      H  1                7.50038m   37.672    0.0059      Fe 6                5277.81A   37.811    0.0081
N  5c                     0    38.195    0.0195      H  1                5.90655m   37.530    0.0042      Fe 6                3813.55A   37.289    0.0024
Ne 2c                     0    38.411    0.0321      H  1                5.12722m   37.397    0.0031      Fe 6                3492.10A   37.538    0.0043
Ne 3c                     0    40.016    1.2939      H  1                4.67119m   37.241    0.0022      Fe 6                14.7670m   39.054    0.1412
O  2c                     0    39.333    0.2681      H  1                4.37522m   37.141    0.0017      Fe 6                5484.85A   38.023    0.0131
O  3c                     0    41.095   15.5108      H  1                4.16962m   37.048    0.0014      Fe 6                5424.23A   38.142    0.0173
O  5c                     0    38.294    0.0245      H  1                4.01974m   36.962    0.0011      Fe 6                5234.29A   37.351    0.0028
P  2c                     0    38.268    0.0231      H  1                3.48198m   37.258    0.0023      Fe 6                4972.48A   38.530    0.0422
P  3c                     0    37.875    0.0094      H  1                19.0565m   37.429    0.0033      Fe 6                3889.41A   37.491    0.0039
S  2c                     0    39.244    0.2184      H  1                11.3055m   37.323    0.0026      Fe 6                3555.61A   37.847    0.0088
S  3c                     0    40.469    3.6708      H  1                8.75760m   37.202    0.0020      Fe 6                3573.86A   36.990    0.0012
Si 2c                     0    39.597    0.4922      H  1                7.50599m   37.037    0.0014      Fe 6                12.3074m   38.769    0.0732
Si 3c                     0    38.878    0.0941      H  1                6.77008m   36.938    0.0011      Fe 6                5631.08A   38.162    0.0181
Si 4c                     0    38.162    0.0181      H  1                4.84633m   37.059    0.0014      Fe 6                5426.65A   37.883    0.0095
Si 7c                     0    38.045    0.0138      H  1                27.7955m   37.099    0.0016      Fe 6                5145.76A   38.546    0.0438
Al 2c                     0    37.726    0.0066      H  1                16.2045m   37.013    0.0013      Fe 6                4967.15A   38.054    0.0141
Al 5c                     0    38.037    0.0136      Ca A                303.784A   40.984   12.0097      Fe 6                3662.50A   37.870    0.0092
C  4c                     0    39.321    0.2608      Ca A                256.317A   40.257    2.2497      Fe 6                5676.96A   38.213    0.0204
Ca 2c                     0    38.576    0.0469      Ca A                243.027A   39.825    0.8324      Fe 6                5370.30A   37.287    0.0024
Ca 5c                     0    38.449    0.0350      Ca A                237.331A   39.516    0.4087      Fe 6                5176.05A   38.425    0.0331
Ca 7c                     0    36.993    0.0012      Ca A                234.347A   39.274    0.2341      Fe 6                1.28877m   37.382    0.0030
Ca 8c                     0    36.996    0.0012      Ca A                232.584A   39.074    0.1477      Fe 6                1.23303m   37.486    0.0038
Cl 2c                     0    37.226    0.0021      Ca A                231.454A   38.903    0.0997      Fe 6                1.34929m   37.681    0.0060
Cl 3c                     0    37.973    0.0117      Ca A                230.686A   38.754    0.0707      Fe 6                1.26742m   37.226    0.0021
Cl 4c                     0    38.471    0.0368      Ca A                230.139A   38.621    0.0520      Fe 8                195.972A   37.055    0.0014
Fe 4c                     0    39.374    0.2945      Ca A                229.736A   38.501    0.0395      Fe 8                186.599A   37.141    0.0017
Fe 5c                     0    39.597    0.4930      Ca A                229.431A   38.392    0.0307      Fe 8                168.930A   37.341    0.0027
Fe 6c                     0    39.765    0.7260      Ca A                229.194A   38.291    0.0244      Fe 8                168.545A   37.028    0.0013
K  5c                     0    37.085    0.0015      Ca A                229.006A   38.199    0.0197      Fe 8                168.173A   37.077    0.0015
K  6c                     0    37.211    0.0020      Ca A                228.855A   38.112    0.0161      Fe 8                167.486A   37.125    0.0017
Mg 2c                     0    38.983    0.1197      Ca A                228.731A   38.031    0.0134      Fe 8                168.003A   37.283    0.0024
Mg 4c                     0    39.040    0.1367      Ca A                228.629A   37.955    0.0112      Fe 8                130.941A   36.955    0.0011
Mg 5c                     0    39.062    0.1436      Ca A                228.543A   37.883    0.0095      Mg 2                2802.71A   38.571    0.0464
Mg 6c                     0    37.531    0.0042      Ca A                228.471A   37.815    0.0081      Mg 2                2795.53A   38.843    0.0868
Mg 7c                     0    37.957    0.0113      Ca A                228.409A   37.751    0.0070      Mg 4                4.48712m   39.040    0.1367
Mg 8c                     0    36.976    0.0012      Ca A                228.356A   37.689    0.0061      Mg 4                323.307A   37.208    0.0020
N  2c                     0    39.176    0.1867      Ca A                228.309A   37.631    0.0053      Mg 5                5.60700m   38.946    0.1101
N  3c                     0    39.941    1.0890      Ca A                228.269A   37.575    0.0047      Mg 5                2782.76A   38.184    0.0190
N  4c                     0    38.303    0.0250      Ca A                228.234A   37.521    0.0041      Mg 5                353.092A   37.002    0.0013
Na 3c                     0    38.117    0.0163      Ca A                1640.43A   39.993    1.2270      Mg 5                137.411A   36.962    0.0011
Na 4c                     0    38.113    0.0162      Ca A                1215.13A   39.467    0.3656      Mg 5                13.5464m   37.870    0.0092
Na 5c                     0    36.967    0.0012      Ca A                1084.94A   39.116    0.1626      Mg 5                2928.09A   37.619    0.0052
Na 6c                     0    37.294    0.0025      Ca A                1025.27A   38.851    0.0883      Mg 5                355.329A   37.251    0.0022
Ne 4c                     0    39.017    0.1295      Ca A                992.360A   38.637    0.0540      Mg 5                354.221A   37.014    0.0013
Ne 5c                     0    40.072    1.4703      Ca A                972.108A   38.457    0.0357      Mg 6                1806.00A   37.159    0.0018
Ne 6c                     0    38.962    0.1143      Ca A                958.694A   38.302    0.0250      Mg 6                1806.43A   37.260    0.0023
Ne 8c                     0    36.939    0.0011      Ca A                949.324A   38.165    0.0182      Mg 6                403.308A   37.465    0.0036
Ni 2c                     0    37.456    0.0036      Ca A                942.508A   38.041    0.0137      Mg 6                400.663A   37.425    0.0033
O  4c                     0    40.360    2.8534      Ca A                937.389A   37.930    0.0106      Mg 6                399.282A   37.350    0.0028
O  6c                     0    38.484    0.0380      Ca A                933.444A   37.827    0.0084      Mg 7                9.00655m   37.656    0.0056
S  4c                     0    40.305    2.5123      Ca A                930.337A   37.733    0.0067      Mg 7                5.50177m   37.528    0.0042
S  8c                     0    37.072    0.0015      Ca A                927.846A   37.645    0.0055      Mg 7                2628.89A   36.917    0.0010
Si 6c                     0    38.374    0.0294      Ca A                925.817A   37.563    0.0046      Mg 7                429.140A   36.983    0.0012
continua.......................................      Ca A                924.142A   37.486    0.0038      Mg 7                431.194A   37.243    0.0022
Bac                 3646.00A   41.145   17.4074      Ca A                922.743A   37.414    0.0032      Mg 7                365.247A   36.930    0.0011
nFnu                3645.00A   41.241   21.7158      Ca A                921.562A   37.346    0.0028      Mg 7                367.688A   37.082    0.0015
nFnu                3647.00A   40.539    4.3084      Ca A                920.556A   37.281    0.0024      Mg 7                278.404A   37.086    0.0015
cout                3646.00A   41.145   17.4074      Ca A                919.693A   37.219    0.0021      Mg 8                3.02765m   36.976    0.0012
thin                3646.00A   41.145   17.4179      Ca A                918.945A   37.160    0.0018      Mg 8                430.455A   37.197    0.0020
Inci                4860.00A   41.947  110.2480      Ca A                918.295A   37.103    0.0016      Mg 8                338.984A   36.935    0.0011
Inci                1215.00A   42.436  340.1459      Ca A                917.724A   37.049    0.0014      Mg 8                317.028A   37.055    0.0014
Ba C                      0    40.419    3.2722      Ca A                4685.64A   39.282    0.2386      Mg 8                315.016A   37.070    0.0015
PA C                      0    40.007    1.2675      Ca A                3203.04A   38.883    0.0953      Mg 9                368.071A   37.428    0.0033
FIR                 83.0000m   41.279   23.7017      Ca A                2733.24A   38.591    0.0486      Mg10                609.794A   37.014    0.0013
TIR                 1800.00m   37.857    0.0090      Ca A                2511.15A   38.362    0.0287      N  2                205.244m   38.112    0.0161
NIRa                2.85000m   42.280  237.3081      Ca A                2385.35A   38.171    0.0185      N  2                121.767m   37.905    0.0100
NIRb                3.00000m   41.854   88.9455      Ca A                2306.15A   38.009    0.0127      N  2                6548.05A   38.508    0.0401
MIRa                15.0000m   41.934  107.0079      Ca A                2252.64A   37.866    0.0091      N  2                6583.45A   38.978    0.1183
MIRb                22.5000m   42.019  130.3130      Ca A                2214.62A   37.739    0.0068      N  2                5754.61A   36.908    0.0010
NMIR                21.7500m   42.280  237.3081      Ca A                2186.56A   37.624    0.0052      N  2                1083.99A   37.073    0.0015
TFIR                611.250m   39.106    0.1589      Ca A                2165.20A   37.519    0.0041      N  2                1084.56A   37.538    0.0043
TALL                10000.0A   42.707  635.3804      Ca A                2148.55A   37.422    0.0033      N  2                916.020A   37.220    0.0021
F12                 12.0000m   41.504   39.7976      Ca A                2135.31A   37.333    0.0027      N  2                916.710A   37.435    0.0034
F25                 25.0000m   41.316   25.7921      Ca A                2124.58A   37.249    0.0022      N  2                672.001A   37.067    0.0015
F60                 60.0000m   41.163   18.1272      Ca A                2115.78A   37.171    0.0018      N  3                57.3238m   39.932    1.0647
F100                100.000m   40.607    5.0417      Ca A                2108.46A   37.098    0.0016      N  3                1748.65A   37.377    0.0030
MIPS                24.0000m   41.068   14.5878      Ca A                2102.30A   37.028    0.0013      N  3                1753.99A   37.392    0.0031
MIPS                70.0000m   40.514    4.0719      Ca A                2097.07A   36.962    0.0011      N  3                1746.82A   36.960    0.0011
MIPS                160.000m   38.979    0.1187      Ca A                1.01233m   38.734    0.0676      N  3                1752.16A   37.800    0.0079
IRAC                3.60000m   41.075   14.7950      Ca A                6559.91A   38.420    0.0328      N  3                1749.67A   37.854    0.0089
IRAC                4.50000m   41.113   16.1622      Ca A                5411.37A   38.173    0.0185      N  3                989.799A   37.513    0.0041
IRAC                5.80000m   41.145   17.4099      Ca A                4859.18A   37.971    0.0117      N  3                991.511A   37.751    0.0070
IRAC                8.00000m   41.304   25.0856      Ca A                4541.46A   37.801    0.0079      N  3                764.351A   37.768    0.0073
SPR1                250.000m   37.623    0.0052      Ca A                4338.55A   37.652    0.0056      N  3                685.515A   37.184    0.0019
SPR2                350.000m   37.517    0.0041      Ca A                4199.71A   37.521    0.0041      N  3                686.336A   37.883    0.0095
SPR3                500.000m   37.455    0.0035      Ca A                4099.92A   37.402    0.0031      N  3                685.817A   37.854    0.0089
PAC1                70.0000m   40.572    4.6487      Ca A                4025.48A   37.295    0.0025      N  3                452.227A   37.494    0.0039
PAC2                100.000m   40.598    4.9388      Ca A                3968.32A   37.196    0.0020      N  4                1486.50A   37.901    0.0099
PAC3                160.000m   38.997    0.1237      Ca A                3923.37A   37.105    0.0016      N  4                1483.32A   38.074    0.0148
PAH                 3.30000m   40.216    2.0471      Ca A                3887.33A   37.020    0.0013      N  4                765.147A   37.979    0.0119
PAHC                3.23000m   39.941    1.0873      Ca A                3857.96A   36.941    0.0011      N  4                247.205A   37.241    0.0022
PAHC                3.37000m   39.908    1.0085      Ca A                1.86362m   38.281    0.0238      N  4                463.736A   36.957    0.0011
PAH                 6.20000m   40.660    5.7003      Ca A                1.16260m   38.028    0.0133      Na 3                7.31706m   38.117    0.0163
PAHC                5.65000m   40.704    6.3043      Ca A                9344.62A   37.816    0.0081      Na 4                9.03098m   37.983    0.0120
PAH                 7.90000m   40.855    8.9180      Ca A                8236.51A   37.637    0.0054      Na 4                3241.51A   37.303    0.0025
PAHC                6.90000m   40.912   10.1768      Ca A                7592.50A   37.483    0.0038      Na 4                410.372A   36.915    0.0010
PAH                 11.3000m   40.261    2.2703      Ca A                7177.28A   37.348    0.0028      Na 4                412.244A   36.940    0.0011
PAHC                10.9000m   40.282    2.3869      Ca A                6890.67A   37.226    0.0021      Na 5                463.270A   37.234    0.0021
PAH                 11.8000m   40.480    3.7671      Ca A                6682.98A   37.116    0.0016      Na 5                461.057A   37.158    0.0018
PAHC                12.6500m   40.450    3.5126      Ca A                6526.88A   37.016    0.0013      Na 5                459.901A   36.978    0.0012
PAH                 13.3000m   40.483    3.7914      Ca A                6406.17A   36.923    0.0010      Na 6                14.3228m   37.022    0.0013
PAHC                14.1000m   40.505    3.9864      Ca A                3.09074m   37.892    0.0097      Ne 4                2421.66A   38.609    0.0507
Bcon                3640.00A   42.215  204.2197      Ca A                1.87427m   37.685    0.0060      Ne 4                2424.28A   38.783    0.0757
Pcon                5000.00A   41.732   67.2974      Ca A                1.47599m   37.501    0.0039      Ne 4                1601.45A   37.149    0.0018
O3bn                5007.00A   40.773    7.3897      Ca A                1.28124m   37.342    0.0027      Ne 4                541.126A   37.577    0.0047
SX                  25.0000A   41.066   14.5153      Ca A                1.16728m   37.203    0.0020      Ne 4                542.076A   37.616    0.0051
HX                  4.70000A   40.804    7.9427      Ca A                1.09332m   37.078    0.0015      Ne 4                543.886A   37.639    0.0054
HFFc                      0    40.074    1.4778      Ca A                1.04194m   36.966    0.0012      Ne 4                208.903A   37.068    0.0015
H FF                      0    40.001    1.2488      Ca A                4.76203m   37.551    0.0044      Ne 4                208.737A   37.145    0.0017
HeFF                      0    39.250    0.2218      Ca A                2.82513m   37.380    0.0030      Ne 5                24.2065m   39.778    0.7482
MeFB                      0    38.416    0.0325      Ca A                2.18843m   37.219    0.0021      Ne 5                14.3228m   39.684    0.6025
MeFF                      0    37.759    0.0072      Ca A                1.87567m   37.076    0.0015      Ne 5                3345.99A   38.396    0.0310
ToFF                      0    40.074    1.4777      Ca A                1.69177m   36.949    0.0011      Ne 5                3426.03A   38.843    0.0869
nFnu                6917.22m   36.914    0.0010      Ca A                6.94582m   37.247    0.0022      Ne 5                568.422A   37.066    0.0015
nFnu                122.400m   38.379    0.0298      Ca A                4.04934m   37.104    0.0016      Ne 5                569.759A   37.571    0.0046
nFnu                60.8322m   38.624    0.0524      Ca A                3.09455m   36.962    0.0011      Ne 5                481.363A   37.214    0.0020
nInu                60.8322m   41.183   19.0076      Ca A                9.71043m   36.974    0.0012      Ne 5                482.985A   37.403    0.0031
nFnu                41.2152m   38.771    0.0735      Ca B                1640.43A   40.126    1.6648      Ne 5                358.476A   37.208    0.0020
nInu                41.2152m   41.407   31.7800      Ca B                1215.13A   39.611    0.5083      Ne 5                359.375A   37.432    0.0034
nFnu                30.8695m   38.875    0.0935      Ca B                1084.94A   39.261    0.2274      Ne 6                7.64318m   38.960    0.1136
nInu                30.8695m   41.519   41.1447      Ca B                1025.27A   38.996    0.1236      Ne 6                558.685A   37.423    0.0033
nFnu                24.7829m   38.955    0.1123      Ca B                992.360A   38.782    0.0755      Ne 6                401.154A   37.078    0.0015
nInu                24.7829m   41.578   47.1649      Ca B                972.108A   38.602    0.0498      Ne 6                562.798A   37.396    0.0031
nFnu                24.2998m   38.962    0.1141      Ca B                958.694A   38.446    0.0348      Ne 6                435.641A   37.498    0.0039
nInu                24.2998m   41.587   48.1175      Ca B                949.324A   38.308    0.0253      Ne 6                403.270A   37.512    0.0041
nFnu                22.8302m   38.985    0.1202      Ca B                942.508A   38.184    0.0190      Ne 6                401.928A   37.560    0.0045
nInu                22.8302m   41.604   50.0553      Ca B                937.389A   38.072    0.0147      Ne 7                465.220A   37.759    0.0071
nFnu                21.4199m   39.006    0.1264      Ca B                933.444A   37.969    0.0116      Ne 7                97.4960A   37.072    0.0015
nInu                21.4199m   41.618   51.6655      Ca B                930.337A   37.874    0.0093      Ne 8                780.325A   37.709    0.0064
nFnu                21.1235m   39.012    0.1281      Ca B                927.846A   37.786    0.0076      Ne 8                770.410A   37.813    0.0081
nInu                21.1235m   41.621   52.0979      Ca B                925.817A   37.704    0.0063      Ni 2                1.19102m   37.214    0.0020
nFnu                19.6199m   39.040    0.1366      Ca B                924.142A   37.627    0.0053      O  4                25.8832m   40.356    2.8282
nInu                19.6199m   41.627   52.8133      Ca B                922.743A   37.554    0.0045      O  4                1399.77A   37.421    0.0033
nFnu                17.6534m   39.079    0.1494      Ca B                921.562A   37.485    0.0038      O  4                1407.38A   37.413    0.0032
nInu                17.6534m   41.650   55.6133      Ca B                920.556A   37.420    0.0033      O  4                1397.20A   36.948    0.0011
nFnu                17.3700m   39.084    0.1513      Ca B                919.693A   37.358    0.0028      O  4                1404.78A   37.834    0.0085
nInu                17.3700m   41.653   56.0787      Ca B                918.945A   37.299    0.0025      O  4                1401.16A   37.831    0.0084
nFnu                15.6901m   39.119    0.1640      Ca B                918.295A   37.242    0.0022      O  4                787.710A   37.505    0.0040
nInu                15.6901m   41.666   57.7074      Ca B                917.724A   37.188    0.0019      O  4                790.114A   37.796    0.0078
nFnu                14.6036m   39.147    0.1749      Ca B                4685.64A   39.308    0.2535      O  4                609.830A   37.855    0.0089
nInu                14.6036m   41.681   59.7629      Ca B                3203.04A   38.920    0.1038      O  4                554.076A   37.183    0.0019
nFnu                12.4300m   39.211    0.2026      Ca B                2733.24A   38.634    0.0537      O  4                555.264A   38.036    0.0135
nInu                12.4300m   41.696   61.9293      Ca B                2511.15A   38.407    0.0318      O  4                554.514A   37.967    0.0115
nFnu                11.4000m   39.240    0.2165      Ca B                2385.35A   38.219    0.0206      O  6                1037.62A   38.368    0.0291
nInu                11.4000m   41.705   63.1992      Ca B                2306.15A   38.057    0.0142      O  6                1031.91A   38.546    0.0438
nFnu                10.4600m   39.276    0.2354      Ca B                2252.64A   37.915    0.0103      O  6                150.125A   37.344    0.0027
nInu                10.4600m   41.715   64.6453      Ca B                2214.62A   37.789    0.0077      O  6                150.090A   37.404    0.0032
nFnu                9.48002m   39.308    0.2531      Ca B                2186.56A   37.674    0.0059      P  5                1128.01A   37.284    0.0024
nInu                9.48002m   41.725   66.1514      Ca B                2165.20A   37.569    0.0046      P  5                1117.98A   37.406    0.0032
nFnu                9.32488m   39.313    0.2562      Ca B                2148.55A   37.473    0.0037      S  4                10.5076m   40.304    2.5086
nInu                9.32488m   41.729   66.7016      Ca B                2135.31A   37.384    0.0030      S  4                1416.89A   36.998    0.0012
nFnu                8.21035m   39.364    0.2884      Ca B                2124.58A   37.300    0.0025      S  4                1406.02A   37.036    0.0014
nInu                8.21035m   41.735   67.6920      Ca B                2115.78A   37.222    0.0021      S  4                1062.66A   37.343    0.0027
nFnu                7.58000m   39.389    0.3054      Ca B                2108.46A   37.149    0.0018      S  4                1073.52A   37.302    0.0025
nInu                7.58000m   41.743   69.0255      Ca B                2102.30A   37.079    0.0015      S  4                815.941A   37.541    0.0043
nFnu                7.05026m   39.427    0.3333      Ca B                2097.07A   37.014    0.0013      S  4                748.393A   37.012    0.0013
nInu                7.05026m   41.745   69.2692      Ca B                2092.59A   36.951    0.0011      S  4                753.760A   37.734    0.0067
nFnu                4.11370m   39.638    0.5412      Ca B                1.01233m   38.745    0.0693      S  4                750.221A   37.703    0.0063
nInu                4.11370m   41.743   69.0082      Ca B                6559.91A   38.435    0.0339      S  4                657.319A   37.210    0.0020
nFnu                2.32440m   39.819    0.8219      Ca B                5411.37A   38.191    0.0193      S  4                661.455A   37.818    0.0082
nInu                2.32440m   41.660   56.9036      Ca B                4859.18A   37.992    0.0122      S  4                554.027A   37.396    0.0031
nFnu                1.64313m   39.966    1.1509      Ca B                4541.46A   37.822    0.0083      S  5                786.470A   37.726    0.0066
nInu                1.64313m   41.504   39.7987      Ca B                4338.55A   37.675    0.0059      S  6                944.524A   37.692    0.0061
nFnu                1.48022m   39.974    1.1727      Ca B                4199.71A   37.544    0.0044      S  6                933.380A   37.765    0.0073
nInu                1.48022m   41.472   36.9346      Ca B                4099.92A   37.426    0.0033      S  8                9914.00A   37.076    0.0015
nFnu                1.43649m   40.158    1.7946      Ca B                4025.48A   37.319    0.0026      Si 5                117.854A   37.012    0.0013
nInu                1.43649m   41.465   36.3846      Ca B                3968.32A   37.221    0.0021      Si 6                1.96247m   38.374    0.0295
nFnu                1.11867m   40.162    1.8092      Ca B                3923.37A   37.130    0.0017      Si 6                249.124A   37.099    0.0016
nInu                1.11867m   41.459   35.8458      Ca B                3887.33A   37.045    0.0014      Si 8                319.840A   37.358    0.0028
nFnu                8329.68A   40.161    1.8054      Ca B                3857.96A   36.966    0.0012      Si 8                316.218A   37.290    0.0024
nInu                8329.68A   41.523   41.5770      Ca B                1.86362m   38.288    0.0242      Si 8                314.356A   37.151    0.0018
nFnu                8078.61A   40.537    4.2871      Ca B                1.16260m   38.036    0.0135      level 1 lines..................................
nInu                8078.61A   41.526   41.8546      Ca B                9344.62A   37.826    0.0083      recombination..................................
nFnu                6209.66A   40.479    3.7529      Ca B                8236.51A   37.649    0.0055      C  2                4267.00A   37.218    0.0021
nInu                6209.66A   41.588   48.2211      Ca B                7592.50A   37.496    0.0039      C  2                1761.00A   37.126    0.0017
nFnu                4885.36A   40.462    3.6113      Ca B                7177.28A   37.361    0.0029      C  2                1335.00A   38.942    0.1090
nInu                4885.36A   41.849   87.9809      Ca B                6890.67A   37.240    0.0022      C  3                1923.00A   37.312    0.0026
nFnu                3704.34A   40.507    4.0004      Ca B                6682.98A   37.130    0.0017      C  4                2529.00A   36.995    0.0012
nInu                3704.34A   41.765   72.5614      Ca B                6526.88A   37.030    0.0013      C  4                1549.00A   37.783    0.0076
nFnu                3587.67A   41.230   21.1521      Ca B                6406.17A   36.937    0.0011      N  2                1742.00A   37.393    0.0031
nInu                3587.67A   41.782   75.3594      Ca B                3.09074m   37.898    0.0098      N  2                1345.00A   36.926    0.0011
nFnu                2430.05A   40.956   11.2682      Ca B                1.87427m   37.691    0.0061      N  3                1885.00A   36.971    0.0012
nInu                2430.05A   41.904   99.9276      Ca B                1.47599m   37.508    0.0040      O  2                4094.00A   37.030    0.0013
nFnu                2392.03A   40.953   11.1898      Ca B                1.28124m   37.349    0.0028      O  2                4075.00A   37.373    0.0029
nInu                2392.03A   41.890   96.7420      Ca B                1.16728m   37.211    0.0020      O  2                4111.00A   37.066    0.0015
nFnu                2071.34A   40.970   11.6411      Ca B                1.09332m   37.087    0.0015      O  2                4651.00A   37.589    0.0048
nInu                2071.34A   41.907  100.5657      Ca B                1.04194m   36.975    0.0012      O  2                4341.00A   37.311    0.0026
nFnu                2052.68A   40.995   12.3111      Ca B                4.76203m   37.556    0.0045      O  3                3265.00A   37.384    0.0030
nInu                2052.68A   41.897   98.3933      Ca B                2.82513m   37.384    0.0030      O  3                3762.00A   37.117    0.0016
nFnu                1793.44A   41.074   14.7587      Ca B                2.18843m   37.224    0.0021      O  4                1068.00A   37.106    0.0016
nInu                1793.44A   41.925  104.7332      Ca B                1.87567m   37.082    0.0015      C  2                1167.50A   37.265    0.0023
nFnu                1585.12A   41.107   15.9290      Ca B                1.69177m   36.955    0.0011      C  2                1092.50A   37.872    0.0093
nInu                1585.12A   41.995  123.0711      Ca B                6.94582m   37.253    0.0022      C  2                1036.80A   38.215    0.0205
nFnu                1458.33A   41.111   16.0978      Ca B                4.04934m   37.108    0.0016      C  2                946.100A   38.202    0.0198
nInu                1458.33A   41.936  107.4643      Ca B                3.09455m   36.966    0.0012      C  2                799.800A   39.120    0.1643
nFnu                1356.96A   41.072   14.7216      Ca B                9.71043m   36.979    0.0012      C  3                2296.90A   37.799    0.0078
nInu                1356.96A   41.970  116.4091      He 2                607.567A   40.606    5.0286      C  3                2017.40A   36.952    0.0011
nFnu                1297.29A   40.971   11.6637      He 2                303.784A   40.914   10.2175      C  3                1828.00A   37.766    0.0073
nInu                1297.29A   41.998  124.1183      He 2                256.317A   37.810    0.0080      C  3                1577.10A   37.824    0.0083
nFnu                1262.79A   40.819    8.2068      He 2                243.027A   37.692    0.0061      C  3                1247.40A   37.297    0.0025
nInu                1262.79A   42.083  150.7542      He 2                237.331A   37.630    0.0053      C  3                1175.70A   37.978    0.0118
nFnu                1218.08A   40.032    1.3422      He 2                234.347A   37.589    0.0048      C  3                977.000A   38.313    0.0256
nInu                1218.08A   42.428  334.0534      He 2                232.584A   37.557    0.0045      C  3                574.300A   37.228    0.0021
nFnu                1196.33A   40.043    1.3763      He 2                231.454A   37.534    0.0043      C  3                538.200A   37.223    0.0021
nInu                1196.33A   42.271  232.6343      He 2                230.686A   37.513    0.0041      C  3                511.500A   37.263    0.0023
nFnu                1175.06A   40.055    1.4132      He 2                230.139A   37.494    0.0039      C  3                493.500A   37.550    0.0044
nInu                1175.06A   42.114  161.8281      He 2                229.736A   37.464    0.0036      C  3                492.600A   37.411    0.0032
nFnu                1143.64A   40.077    1.4866      He 2                229.431A   37.466    0.0036      C  3                483.700A   37.388    0.0030
nInu                1143.64A   42.027  132.5823      He 2                229.194A   37.466    0.0036      C  3                476.000A   37.542    0.0043
nFnu                1113.22A   40.097    1.5592      He 2                229.006A   37.467    0.0037      C  3                459.600A   38.444    0.0347
nInu                1113.22A   42.018  129.7431      He 2                228.855A   37.468    0.0037      C  3                450.700A   37.271    0.0023
nFnu                1103.23A   40.103    1.5784      He 2                228.731A   37.469    0.0037      C  3                433.300A   37.229    0.0021
nInu                1103.23A   42.005  126.0947      He 2                228.629A   37.470    0.0037      C  3                411.700A   38.425    0.0332
nFnu                1073.86A   40.125    1.6611      He 2                228.543A   37.472    0.0037      C  3                398.400A   38.243    0.0218
nInu                1073.86A   42.029  133.0650      He 2                228.471A   37.476    0.0037      C  3                371.700A   37.565    0.0046
nFnu                1064.34A   40.133    1.6925      He 2                228.409A   37.482    0.0038      N  2                1085.10A   37.936    0.0108
nInu                1064.34A   42.032  134.2160      He 2                228.356A   37.493    0.0039      N  2                916.300A   37.469    0.0037
nFnu                1035.92A   40.155    1.7805      He 2                228.309A   37.512    0.0040      N  2                646.400A   37.910    0.0101
nInu                1035.92A   42.100  156.8472      He 2                228.269A   37.548    0.0044      N  3                2064.30A   37.224    0.0021
nFnu                1000.00A   40.186    1.9104      He 2                228.234A   37.633    0.0054      N  3                991.000A   38.417    0.0325
nInu                1000.00A   42.035  135.0167      He 2                228.203A   38.448    0.0350      N  3                782.900A   37.430    0.0034
nFnu                925.144A   40.249    2.2112      He 2                1640.43A   40.095    1.5494      N  3                764.000A   37.882    0.0095
nInu                925.144A   42.002  125.2592      He 2                1215.13A   39.622    0.5223      N  3                685.700A   37.626    0.0053
nFnu                897.800A   41.939  108.2543      He 2                1084.94A   39.285    0.2402      N  3                472.300A   37.345    0.0028
nInu                897.800A   40.793    7.7301      He 2                1025.27A   39.026    0.1322      N  3                418.800A   37.921    0.0104
nFnu                760.023A   40.787    7.6244      He 2                992.360A   38.815    0.0813      N  3                411.300A   37.363    0.0029
nInu                760.023A   41.178   18.7620      He 2                972.108A   38.637    0.0540      N  3                391.300A   37.487    0.0038
nFnu                701.514A   40.358    2.8397      He 2                958.694A   38.483    0.0379      N  3                387.400A   37.991    0.0122
nInu                701.514A   41.303   25.0527      He 2                949.324A   38.348    0.0278      N  3                374.400A   37.808    0.0080
nFnu                608.160A   40.104    1.5838      He 2                942.508A   38.483    0.0379      N  3                348.700A   38.586    0.0481
nInu                608.160A   41.461   36.0170      He 2                937.389A   38.388    0.0304      N  3                340.200A   38.223    0.0208
nFnu                575.146A   40.174    1.8618      He 2                933.444A   38.301    0.0249      N  3                323.300A   37.562    0.0045
nInu                575.146A   41.504   39.7851      He 2                930.337A   38.221    0.0207      N  3                311.600A   37.405    0.0032
nFnu                511.948A   40.347    2.7693      He 2                927.846A   38.146    0.0174      N  4                923.200A   36.944    0.0011
nInu                511.948A   41.567   45.9680      He 2                925.817A   38.077    0.0149      N  4                765.100A   37.271    0.0023
nFnu                496.874A   41.611   50.9223      He 2                924.142A   38.013    0.0129      N  4                283.500A   37.388    0.0030
nInu                496.874A   41.387   30.3833      He 2                922.743A   37.955    0.0112      N  4                239.600A   37.111    0.0016
nFnu                399.153A   40.497    3.9142      He 2                921.562A   37.901    0.0099      N  4                225.300A   37.415    0.0032
nInu                399.153A   41.483   37.9229      He 2                920.556A   37.854    0.0089      N  4                217.900A   37.013    0.0013
RRC............................................      He 2                919.693A   37.815    0.0081      N  4                177.600A   36.967    0.0012
H  1                911.753A   41.154   17.7777      He 2                918.945A   37.788    0.0076      O  2                386.300A   38.665    0.0576
H  1                3645.98A   39.985    1.2024      He 2                918.295A   37.781    0.0075      O  2                385.700A   38.483    0.0379
H  1                3645.98A   40.339    2.7195      He 2                917.724A   37.827    0.0084      O  3                1947.20A   37.082    0.0015
H  1                8203.53A   39.243    0.2183      He 2                917.221A   38.599    0.0495      O  3                834.500A   38.784    0.0758
H  1                8203.53A   39.646    0.5514      He 2                4685.64A   39.210    0.2019      O  3                703.400A   38.436    0.0340
H  1                8203.53A   39.556    0.4481      He 2                3203.04A   38.887    0.0961      O  3                599.600A   37.921    0.0104
H  1                1.45841m   38.752    0.0704      He 2                2733.24A   38.623    0.0523      O  3                541.600A   38.008    0.0127
H  1                1.45841m   39.161    0.1807      He 2                2511.15A   38.407    0.0318      O  3                374.100A   38.322    0.0262
H  1                1.45841m   39.179    0.1880      He 2                2385.35A   38.225    0.0209      O  3                320.700A   38.320    0.0260
H  1                1.45841m   38.851    0.0885      He 2                2306.15A   38.068    0.0146      O  3                300.500A   38.957    0.1130
H  1                2.27876m   38.391    0.0307      He 2                2252.64A   37.930    0.0106      O  3                299.300A   38.548    0.0440
H  1                2.27876m   38.800    0.0786      He 2                2214.62A   37.968    0.0116      O  4                1341.80A   37.222    0.0021
H  1                2.27876m   38.850    0.0881      He 2                2186.56A   37.873    0.0093      O  4                1289.40A   37.008    0.0013
H  1                2.27876m   38.669    0.0582      He 2                2165.20A   37.786    0.0076      O  4                922.700A   37.204    0.0020
H  1                2.27876m   38.186    0.0191      He 2                2148.55A   37.706    0.0063      O  4                844.400A   37.446    0.0035
H  1                3.28142m   38.109    0.0160      He 2                2135.31A   37.632    0.0053      O  4                789.400A   38.757    0.0713
H  1                3.28142m   38.516    0.0409      He 2                2124.58A   37.563    0.0046      O  4                779.900A   38.194    0.0195
H  1                3.28142m   38.577    0.0471      He 2                2115.78A   37.500    0.0039      O  4                713.000A   37.178    0.0019
H  1                3.28142m   38.451    0.0352      He 2                2108.46A   37.441    0.0034      O  4                703.900A   36.987    0.0012
H  1                3.28142m   38.142    0.0173      He 2                2102.30A   37.388    0.0030      O  4                636.500A   37.047    0.0014
H  1                3.28142m   37.553    0.0045      He 2                2097.07A   37.341    0.0027      O  4                617.000A   37.718    0.0065
H  1                4.46637m   37.877    0.0094      He 2                2092.59A   37.302    0.0025      O  4                609.400A   37.829    0.0084
H  1                4.46637m   38.283    0.0239      He 2                2088.73A   37.274    0.0023      O  4                554.400A   38.219    0.0206
H  1                4.46637m   38.349    0.0279      He 2                2085.37A   37.268    0.0023      O  4                487.000A   36.948    0.0011
H  1                4.46637m   38.248    0.0221      He 2                2082.42A   37.314    0.0026      O  4                379.800A   37.368    0.0029
H  1                4.46637m   38.009    0.0127      He 2                2079.84A   38.086    0.0152      O  4                306.700A   37.135    0.0017
H  1                4.46637m   37.613    0.0051      He 2                1.01233m   38.594    0.0489      O  4                289.900A   37.044    0.0014
H  1                4.46637m   36.950    0.0011      He 2                6559.91A   38.357    0.0283      O  4                288.500A   37.640    0.0054
H  1                5.83363m   37.682    0.0060      He 2                5411.37A   38.142    0.0173      O  4                285.800A   37.454    0.0035
H  1                5.83363m   38.086    0.0152      He 2                4859.18A   37.957    0.0113      O  4                279.800A   37.152    0.0018
H  1                5.83363m   38.155    0.0178      He 2                4541.46A   37.797    0.0078      O  4                276.100A   37.586    0.0048
H  1                5.83363m   38.067    0.0145      He 2                4338.55A   37.657    0.0057      O  4                273.500A   37.550    0.0044
H  1                5.83363m   37.864    0.0091      He 2                4199.71A   37.598    0.0049      O  4                267.000A   37.589    0.0048
H  1                5.83363m   37.551    0.0044      He 2                4099.92A   37.504    0.0040      O  4                265.500A   38.507    0.0400
H  1                5.83363m   37.095    0.0016      He 2                4025.48A   37.418    0.0033      O  4                260.500A   38.184    0.0190
H  1                7.38319m   37.513    0.0041      He 2                3968.32A   37.338    0.0027      O  4                258.600A   37.591    0.0049
H  1                7.38319m   37.915    0.0103      He 2                3923.37A   37.264    0.0023      O  4                252.500A   37.665    0.0058
H  1                7.38319m   37.985    0.0120      He 2                3887.33A   37.195    0.0020      O  4                250.300A   37.689    0.0061
H  1                7.38319m   37.905    0.0100      He 2                3857.96A   37.132    0.0017      O  4                238.500A   37.631    0.0053
H  1                7.38319m   37.723    0.0066      He 2                3833.69A   37.073    0.0015      O  4                224.100A   38.124    0.0166
H  1                7.38319m   37.455    0.0036      He 2                3813.38A   37.020    0.0013      O  4                216.200A   37.380    0.0030
H  1                7.38319m   37.093    0.0015      He 2                3796.22A   36.973    0.0012      O  4                213.000A   37.792    0.0077
H  1                9.11505m   37.364    0.0029      He 2                3781.57A   36.934    0.0011      O  4                211.300A   37.813    0.0081
H  1                9.11505m   37.765    0.0073      He 2                3768.96A   36.907    0.0010      O  4                207.200A   37.865    0.0091
H  1                9.11505m   37.835    0.0085      He 2                3748.49A   36.947    0.0011      O  4                203.000A   37.470    0.0037
H  1                9.11505m   37.760    0.0072      He 2                3740.11A   37.719    0.0065      O  4                200.800A   38.791    0.0770
H  1                9.11505m   37.590    0.0048      He 2                1.86362m   38.092    0.0154      O  4                196.400A   38.485    0.0381
H  1                9.11505m   37.350    0.0028      He 2                1.16260m   37.915    0.0102      O  4                188.200A   37.646    0.0055
H  1                9.11505m   37.041    0.0014      He 2                9344.62A   37.738    0.0068      O  4                184.200A   37.090    0.0015
H  1                11.0292m   38.333    0.0268      He 2                8236.51A   37.579    0.0047      O  4                182.800A   37.608    0.0051
H  1                13.1257m   38.220    0.0207      He 2                7592.50A   37.438    0.0034      O  4                171.100A   37.419    0.0033
H  1                15.4044m   38.117    0.0163      He 2                7177.28A   37.309    0.0025      O  4                158.600A   38.467    0.0365
H  1                17.8655m   38.021    0.0131      He 2                6890.67A   37.216    0.0020      O  5                760.400A   36.963    0.0011
H  1                20.5089m   37.932    0.0107      He 2                6682.98A   37.130    0.0017      O  5                629.700A   37.265    0.0023
H  1                23.3345m   37.848    0.0088      He 2                6526.88A   37.051    0.0014      O  5                202.300A   36.938    0.0011
H  1                26.3425m   37.770    0.0073      He 2                6406.17A   36.977    0.0012      O  5                192.900A   37.416    0.0032
H  1                29.5328m   37.696    0.0062      He 2                6310.64A   36.909    0.0010      O  5                168.000A   37.339    0.0027
H  1                32.9053m   37.626    0.0053      He 2                5931.63A   37.433    0.0034      O  5                141.300A   37.370    0.0029
H  1                36.4602m   37.559    0.0045      He 2                3.09074m   37.664    0.0057      level2 lines...................................
H  1                40.1974m   37.496    0.0039      He 2                1.87427m   37.529    0.0042      C  2                596.559A   37.563    0.0046
H  1                44.1168m   37.435    0.0034      He 2                1.47599m   37.382    0.0030      C  2                561.959A   37.501    0.0039
H  1                48.2186m   37.378    0.0030      He 2                1.28124m   37.246    0.0022      C  2                530.721A   37.452    0.0035
H  1                52.5027m   37.322    0.0026      He 2                1.16728m   37.071    0.0015      C  2                544.909A   37.457    0.0036
H  1                56.9691m   38.494    0.0389      He 2                1.09332m   36.979    0.0012      C  2                535.300A   37.436    0.0034
He 2                227.838A   40.678    5.9376      He 2                8701.09A   37.198    0.0020      C  2                550.361A   37.395    0.0031
He 2                911.351A   39.389    0.3048      He 2                4.76203m   37.291    0.0024      C  2                467.460A   37.248    0.0022
He 2                911.351A   39.798    0.7827      He 2                2.82513m   37.187    0.0019      C  2                637.979A   37.266    0.0023
He 2                2049.88A   38.705    0.0632      He 2                2.18843m   37.064    0.0014      C  2                424.791A   37.117    0.0016
He 2                2049.88A   39.168    0.1835      He 2                1.21105m   36.999    0.0012      C  2                439.850A   37.046    0.0014
He 2                2049.88A   39.172    0.1852      He 2                6.94582m   36.960    0.0011      C  2                524.659A   37.111    0.0016
He 2                3644.36A   38.166    0.0183      C  6                33.7359A   37.125    0.0017      C  2                521.831A   37.108    0.0016
He 2                3644.36A   38.638    0.0542      He-like iso-sequence...........................      C  2                578.690A   37.036    0.0014
He 2                3644.36A   38.757    0.0711      He 1                1202.81A   39.792    0.7714      C  3                271.090A   37.279    0.0024
He 2                3644.36A   38.539    0.0431      He 1                584.334A   39.138    0.1712      C  3                268.600A   37.252    0.0022
He 2                5694.36A   37.764    0.0072      He 1                537.030A   38.144    0.0173      C  3                266.880A   37.220    0.0021
He 2                5694.36A   38.237    0.0215      He 1                522.213A   38.007    0.0127      C  3                288.500A   37.256    0.0022
He 2                5694.36A   38.392    0.0307      He 1                515.617A   37.932    0.0107      C  4                223.140A   37.325    0.0026
He 2                5694.36A   38.328    0.0265      He 1                512.099A   37.877    0.0094      C  4                212.750A   37.177    0.0019
He 2                5694.36A   37.951    0.0111      He 1                625.563A   40.527    4.1963      C  4                206.950A   37.091    0.0015
He 2                8199.90A   37.447    0.0035      He 1                510.018A   37.729    0.0067      C  4                203.370A   37.002    0.0013
He 2                8199.90A   37.920    0.0104      He 1                508.657A   37.719    0.0065      C  4                200.980A   36.925    0.0010
He 2                8199.90A   38.089    0.0153      He 1                507.727A   37.708    0.0064      N  2                532.161A   37.467    0.0036
He 2                8199.90A   38.084    0.0151      He 1                507.065A   37.696    0.0062      N  2                634.441A   37.482    0.0038
He 2                8199.90A   37.886    0.0096      He 1                506.576A   37.684    0.0060      N  2                475.141A   37.353    0.0028
He 2                8199.90A   37.389    0.0031      He 1                506.204A   37.669    0.0058      N  2                528.139A   37.365    0.0029
He 2                1.11610m   37.188    0.0019      He 1                505.916A   37.653    0.0056      N  2                452.970A   37.254    0.0022
He 2                1.11610m   37.659    0.0057      He 1                505.687A   37.636    0.0054      N  2                441.950A   37.209    0.0020
He 2                1.11610m   37.835    0.0085      He 1                505.502A   37.618    0.0052      N  2                474.291A   37.237    0.0022
He 2                1.11610m   37.858    0.0090      He 1                505.352A   37.599    0.0049      N  2                437.731A   37.180    0.0019
He 2                1.11610m   37.736    0.0068      He 1                505.227A   37.579    0.0047      N  2                452.610A   37.098    0.0016
He 2                1.11610m   37.436    0.0034      He 1                505.122A   37.559    0.0045      N  2                441.659A   36.977    0.0012
He 2                1.45776m   36.970    0.0012      He 1                505.033A   37.539    0.0043      N  2                432.160A   36.945    0.0011
He 2                1.45776m   37.439    0.0034      He 1                504.958A   37.455    0.0036      N  2                508.099A   37.002    0.0013
He 2                1.45776m   37.618    0.0052      He 1                504.893A   37.477    0.0037      N  3                293.510A   37.310    0.0025
He 2                1.45776m   37.657    0.0057      He 1                504.836A   37.483    0.0038      N  3                283.090A   37.261    0.0023
He 2                1.45776m   37.574    0.0047      He 1                504.787A   37.416    0.0032      N  3                264.550A   37.178    0.0019
He 2                1.45776m   37.361    0.0029      He 1                504.744A   37.458    0.0036      N  3                277.180A   37.219    0.0021
He 2                1.45776m   36.981    0.0012      He 1                504.706A   37.526    0.0042      N  3                312.110A   37.280    0.0024
He 2                1.84498m   37.251    0.0022      He 1                504.672A   38.296    0.0246      N  3                273.490A   37.185    0.0019
He 2                1.84498m   37.431    0.0034      TOTL                1.08303m   39.139    0.1716      N  3                267.450A   37.124    0.0017
He 2                1.84498m   37.478    0.0037      He 1                1.08303m   39.139    0.1716      N  3                248.910A   37.067    0.0015
He 2                1.84498m   37.418    0.0033      He 1                3888.63A   38.864    0.0911      N  3                271.020A   37.156    0.0018
He 2                1.84498m   37.253    0.0022      He 1                3187.74A   38.475    0.0372      N  3                305.650A   37.128    0.0017
He 2                1.84498m   36.970    0.0012      He 1                2945.10A   38.161    0.0181      N  3                269.290A   37.126    0.0017
He 2                2.27776m   37.086    0.0015      He 1                2829.08A   37.906    0.0100      N  3                300.710A   37.102    0.0016
He 2                2.27776m   37.266    0.0023      He 1                2760.44A   37.346    0.0028      N  3                286.900A   36.924    0.0010
He 2                2.27776m   37.318    0.0026      He 1                2721.00A   37.196    0.0020      N  4                197.610A   37.239    0.0022
He 2                2.27776m   37.272    0.0023      He 1                2694.61A   37.062    0.0014      N  4                182.190A   37.121    0.0016
He 2                2.27776m   37.137    0.0017      He 1                2676.05A   36.940    0.0011      N  4                175.020A   37.035    0.0014
He 2                2.27776m   36.910    0.0010      He 1                2.05813m   37.936    0.0108      N  4                170.460A   36.948    0.0011
He 2                2.75608m   37.883    0.0095      He 1                5015.68A   38.233    0.0213      N  4                168.090A   36.935    0.0011
He 2                3.27997m   37.771    0.0074      He 1                3964.73A   37.842    0.0087      N  5                147.670A   36.995    0.0012
He 2                3.84941m   37.668    0.0058      He 1                3613.64A   37.532    0.0042      O  2                425.190A   37.449    0.0035
He 2                4.46440m   37.572    0.0047      He 1                3447.59A   37.275    0.0023      O  2                388.410A   37.374    0.0029
He 2                5.12495m   37.483    0.0038      He 1                7065.22A   38.138    0.0171      O  2                373.600A   37.327    0.0026
He 2                5.83106m   37.400    0.0031      He 1                5875.64A   38.887    0.0961      O  2                361.821A   37.300    0.0025
He 2                6.58272m   37.322    0.0026      He 1                4713.03A   37.461    0.0036      O  2                366.060A   37.298    0.0025
He 2                7.37993m   37.248    0.0022      He 1                4471.49A   38.479    0.0375      O  2                360.570A   37.242    0.0022
He 2                8.22270m   37.178    0.0019      He 1                4120.82A   37.037    0.0014      O  2                414.619A   37.245    0.0022
He 2                9.11102m   37.112    0.0016      He 1                4026.20A   38.163    0.0181      O  2                358.780A   37.156    0.0018
He 2                10.0449m   37.048    0.0014      He 1                3819.61A   37.908    0.0101      O  2                356.930A   37.154    0.0018
He 2                11.0243m   36.988    0.0012      He 1                3704.76A   37.971    0.0117      O  2                355.610A   37.126    0.0017
He 2                12.0493m   36.931    0.0011      He 1                3634.08A   37.810    0.0080      O  2                384.420A   37.032    0.0013
He 2                14.2360m   38.085    0.0151      He 1                3587.16A   37.668    0.0058      O  3                305.400A   37.521    0.0041
He 1                504.259A   40.340    2.7288      He 1                3554.34A   37.542    0.0043      O  3                268.070A   37.340    0.0027
He 1                2599.69A   38.806    0.0797      He 1                3530.43A   37.426    0.0033      O  3                263.850A   37.321    0.0026
He 1                3120.85A   38.298    0.0247      He 1                3512.47A   37.321    0.0026      O  3                373.640A   37.470    0.0037
He 1                3421.00A   38.323    0.0262      He 1                3498.61A   37.224    0.0021      O  3                265.020A   37.282    0.0024
He 1                3420.88A   38.800    0.0786      He 1                3487.70A   37.134    0.0017      O  3                248.730A   37.262    0.0023
He 1                3420.88A   39.022    0.1311      He 1                3478.94A   37.051    0.0014      O  3                241.200A   37.225    0.0021
He 1                3678.70A   38.607    0.0504      He 1                3471.80A   36.974    0.0012      O  3                248.620A   37.195    0.0020
He 1                6632.16A   37.882    0.0095      He 1                3439.99A   37.397    0.0031      O  3                236.890A   37.191    0.0019
He 1                7435.20A   37.467    0.0037      He 1                7281.35A   37.609    0.0051      O  3                234.190A   37.159    0.0018
He 1                7843.44A   38.535    0.0427      He 1                6678.15A   38.340    0.0272      O  3                276.900A   37.165    0.0018
He 1                8188.36A   38.338    0.0271      He 1                5047.64A   37.044    0.0014      O  3                241.140A   37.149    0.0018
He 1                8190.64A   37.849    0.0088      He 1                4921.93A   37.911    0.0102      O  3                280.450A   37.221    0.0021
He 1                8261.30A   37.929    0.0106      He 1                4387.93A   37.591    0.0049      O  3                263.230A   37.193    0.0019
He 1                1.24779m   37.318    0.0026      He 1                4143.76A   37.335    0.0027      O  3                232.380A   37.141    0.0017
He 1                1.35647m   36.940    0.0011      He 1                4009.05A   37.335    0.0027      O  3                236.860A   37.110    0.0016
He 1                1.40934m   38.027    0.0133      He 1                3926.41A   37.171    0.0018      O  3                231.110A   37.118    0.0016
He 1                1.45602m   37.961    0.0114      He 1                3871.69A   37.028    0.0013      O  3                255.390A   37.143    0.0017
He 1                1.45643m   37.469    0.0037      He 1                1.25274m   36.980    0.0012      O  3                232.350A   37.067    0.0015
He 1                1.45759m   37.625    0.0053      He 1                1.70027m   37.328    0.0027      O  3                234.180A   37.062    0.0014
He 1                1.45759m   37.148    0.0018      He 1                1.19692m   37.167    0.0018      O  3                231.100A   37.027    0.0013
He 1                1.46631m   37.450    0.0035      He 1                1.03113m   36.968    0.0012      O  3                244.650A   37.064    0.0014
He 1                2.01409m   36.919    0.0010      He 1                9515.06A   37.084    0.0015      O  3                238.930A   37.004    0.0013
He 1                2.21672m   37.653    0.0056      He 1                9062.39A   36.938    0.0011      O  3                233.340A   36.983    0.0012
He 1                2.27546m   37.631    0.0053      He 1                1.86854m   37.954    0.0112      O  3                235.520A   36.964    0.0011
He 1                2.27605m   37.139    0.0017      He 1                1.27849m   37.624    0.0052      O  4                239.130A   37.572    0.0047
He 1                2.27752m   37.442    0.0034      He 1                1.09130m   37.358    0.0028      O  4                207.610A   37.334    0.0027
He 1                2.27752m   36.964    0.0011      He 1                1.00275m   37.155    0.0018      O  4                196.560A   37.300    0.0025
He 1                2.27778m   36.963    0.0011      He 1                9526.01A   36.985    0.0012      O  4                214.760A   37.309    0.0025
He 1                2.28864m   37.091    0.0015      He 1                1.86972m   37.477    0.0037      O  4                181.780A   37.212    0.0020
He 1                3.20640m   37.362    0.0029      He 1                1.27905m   37.147    0.0017      O  4                280.550A   37.376    0.0030
He 1                3.27715m   37.359    0.0028      He 1                4.04791m   37.236    0.0021      O  4                174.710A   37.160    0.0018
He 1                3.27968m   37.222    0.0021      He 1                2.62338m   36.945    0.0011      O  4                203.010A   37.156    0.0018
He 1                3.28001m   36.918    0.0010      Ca B                2945.10A   38.120    0.0164      O  4                174.310A   37.118    0.0016
He 1                4.46460m   37.800    0.0079      Ca B                3187.74A   38.438    0.0342      O  4                182.700A   37.152    0.0018
He 1                5.83132m   37.629    0.0053      Ca B                3613.64A   37.537    0.0043      O  4                181.770A   37.126    0.0017
He 1                7.38026m   37.478    0.0037      Ca B                3888.63A   38.837    0.0856      O  4                170.710A   37.092    0.0015
He 1                9.11143m   37.342    0.0027      Ca B                3964.73A   37.846    0.0087      O  4                159.680A   37.014    0.0013
He 1                11.0248m   37.219    0.0021      Ca B                4026.20A   38.174    0.0186      O  4                168.240A   37.065    0.0014
He 1                13.1205m   37.107    0.0016      Ca B                4120.82A   37.064    0.0014      O  4                152.360A   36.958    0.0011
He 1                15.3983m   37.004    0.0013      Ca B                4387.93A   37.599    0.0050      O  4                180.320A   36.975    0.0012
He 1                17.8584m   36.908    0.0010      Ca B                4471.49A   38.501    0.0395      O  4                186.020A   36.976    0.0012
He 1                61.5933m   37.343    0.0027      Ca B                4713.03A   37.480    0.0038      O  4                166.570A   37.002    0.0013
C  5                31.6244A   37.450    0.0035      Ca B                4921.93A   37.933    0.0107      O  4                165.420A   36.986    0.0012
C  2                508.611A   38.204    0.0199      Ca B                5015.68A   38.248    0.0220      O  4                206.560A   36.935    0.0011
C  3                258.925A   37.289    0.0024      Ca B                5047.64A   37.071    0.0015      O  5                135.810A   37.183    0.0019
C  4                192.277A   37.359    0.0028      Ca B                5875.64A   38.951    0.1112      O  5                139.140A   37.184    0.0019
N  2                418.916A   37.608    0.0051      Ca B                6678.15A   38.406    0.0317      O  5                124.910A   37.106    0.0016
N  3                261.326A   37.644    0.0055      Ca B                7065.22A   38.141    0.0173      O  5                119.360A   37.051    0.0014
O  2                353.073A   39.588    0.4821      Ca B                7281.35A   37.632    0.0053      O  5                116.430A   36.965    0.0011
O  3                225.699A   38.081    0.0150      Ca B                1.08303m   39.150    0.1761      O  5                114.620A   36.922    0.0010
O  4                160.185A   37.960    0.0114      Ca B                1.19692m   37.178    0.0019      O  6                105.000A   37.029    0.0013
Ne 2                302.733A   38.301    0.0249      Ca B                1.25274m   36.944    0.0011      O  6                99.8602A   36.931    0.0011
Ne 3                195.397A   37.932    0.0107      Ca B                1.27849m   37.703    0.0063      Ne 2                444.150A   37.253    0.0022
Ne 4                127.676A   38.001    0.0125      Ca B                1.27905m   37.226    0.0021      Ne 2                356.870A   37.183    0.0019
S  2                531.501A   37.384    0.0030      Ca B                1.70027m   37.350    0.0028      Ne 2                461.050A   37.183    0.0019
Fe 3                404.565A   37.330    0.0027      Ca B                1.86854m   38.081    0.0150      Ne 2                404.130A   37.186    0.0019
Fe 4                226.276A   38.140    0.0172      Ca B                1.86972m   37.604    0.0050      Ne 2                327.700A   37.020    0.0013
grains.........................................      Ca B                2.05813m   38.317    0.0258      Ne 2                331.200A   37.054    0.0014
H-like iso-sequence............................      C  5                81.4656A   37.026    0.0013      Ne 2                327.139A   37.032    0.0013
Cool                1215.67A   38.172    0.0185      C  5                40.2678A   37.567    0.0046      Ne 2                355.969A   37.066    0.0015
Crst                960.000A   38.005    0.0126      C  5                41.4721A   37.900    0.0099      Ne 2                320.500A   36.974    0.0012
Q(H)                4861.33A   40.108    1.5990      N  6                28.7870A   37.044    0.0014      Ne 2                353.299A   36.923    0.0010
Q(H)                1215.67A   41.645   55.0065      O  7                21.6020A   37.194    0.0019      Ne 3                250.920A   37.189    0.0019
CaBo                4861.33A   39.905    1.0020      O  7                22.1012A   37.156    0.0018      Ne 3                227.420A   37.354    0.0028
CaBo                1640.00A   40.123    1.6531      Pho+                3889.00A   39.498    0.3919      Ne 3                218.360A   37.000    0.0012
CaBo                4685.64A   39.294    0.2450      extra Lyman....................................      Ne 3                223.310A   37.125    0.0017
Ca A                937.804A   39.634    0.5366      database lines.................................      Ne 3                228.870A   37.089    0.0015
Ca A                930.748A   39.432    0.3370      Al 3                1854.72A   37.725    0.0066      Ne 3                281.580A   37.205    0.0020
Ca A                926.226A   39.259    0.2260      Al 3                1862.79A   37.612    0.0051      Ne 3                227.190A   37.280    0.0024
Ca A                923.150A   39.106    0.1591      Al 6                3.65932m   38.409    0.0320      Ne 3                265.510A   37.124    0.0017
Ca A                920.963A   38.970    0.1164      Al 6                9.11329m   37.351    0.0028      Ne 4                171.550A   37.146    0.0017
Ca A                919.351A   38.847    0.0877      Ar 2                6.98337m   37.254    0.0022      Ne 4                148.550A   37.065    0.0014
Ca A                918.129A   38.736    0.0678      Ar 3                878.731A   37.008    0.0013      Ne 4                207.180A   37.187    0.0019
Ca A                917.181A   38.633    0.0535      Ar 3                887.403A   36.985    0.0012      Ne 4                139.980A   36.966    0.0012
Ca A                916.429A   38.538    0.0430      Ar 3                3109.18A   36.968    0.0012      Ne 4                159.100A   37.042    0.0014
Ca A                915.824A   38.449    0.0350      Ar 3                7135.79A   38.902    0.0995      Ne 4                135.720A   36.917    0.0010
Ca A                915.329A   38.367    0.0290      Ar 3                7751.11A   38.278    0.0236      Ne 4                157.090A   36.958    0.0011
Ca A                914.919A   38.289    0.0243      Ar 3                8.98898m   39.009    0.1273      Ne 5                143.350A   37.254    0.0022
Ca A                914.576A   38.217    0.0205      Ar 3                21.8253m   37.835    0.0085      Ne 5                142.640A   37.128    0.0017
Ca A                914.286A   38.149    0.0175      Ar 4                840.032A   37.123    0.0017      Ne 5                119.100A   37.017    0.0013
Ca A                914.039A   38.085    0.0151      Ar 4                843.770A   37.250    0.0022      Ne 5                132.560A   37.041    0.0014
Ca A                913.826A   38.024    0.0132      Ar 4                850.605A   37.316    0.0026      Ne 5                167.820A   37.132    0.0017
Ca A                913.641A   37.968    0.0116      Ar 4                2853.66A   37.362    0.0029      Ne 5                131.150A   36.943    0.0011
Ca A                913.480A   37.915    0.0102      Ar 4                2868.22A   37.018    0.0013      Ne 6                122.920A   37.243    0.0022
Ca A                913.339A   37.865    0.0091      Ar 4                4711.26A   38.367    0.0290      Ne 6                111.440A   37.059    0.0014
Ca A                3970.07A   38.938    0.1080      Ar 4                4740.12A   38.216    0.0205      Ne 6                98.4397A   36.949    0.0011
Ca A                3889.05A   38.760    0.0716      Ar 5                822.174A   36.947    0.0011      Ne 6                114.600A   37.008    0.0013
Ca A                3835.38A   38.604    0.0501      Ar 5                827.366A   37.427    0.0033      Ne 6                138.790A   36.924    0.0010
Ca A                3797.89A   38.466    0.0364      Ar 5                6435.12A   37.646    0.0055      Na 5                124.710A   36.918    0.0010
Ca A                3770.63A   38.342    0.0274      Ar 5                7005.83A   37.977    0.0118      Mg 5                121.620A   36.905    0.0010
Ca A                3750.15A   38.229    0.0211      Ar 5                7.89971m   38.572    0.0465      Mg 6                95.1402A   37.048    0.0014
Ca A                3734.36A   38.125    0.0166      Ar 5                13.0985m   38.807    0.0799      Mg 7                84.0598A   36.972    0.0012
Ca A                3721.93A   38.029    0.0133      Ar 6                754.930A   37.213    0.0020      Si 2                1179.59A   38.039    0.0136
Ca A                3711.97A   37.940    0.0109      Ar 6                767.726A   37.097    0.0016      Si 2                993.354A   37.610    0.0051
Ca A                3703.85A   37.857    0.0090      Ar 6                4.52800m   38.193    0.0195      Si 2                893.551A   37.535    0.0043
Ca A                3697.15A   37.779    0.0075      C  2                687.053A   37.316    0.0026      Si 2                847.623A   37.266    0.0023
Ca A                3691.55A   37.705    0.0063      C  2                687.352A   37.468    0.0037      Si 2                1024.03A   37.472    0.0037
Ca A                3686.83A   37.635    0.0054      C  2                858.559A   37.544    0.0044      Si 2                822.443A   37.065    0.0014
Ca A                3682.80A   37.569    0.0046      C  2                903.962A   37.248    0.0022      Si 2                903.081A   37.335    0.0027
Ca A                3679.35A   37.506    0.0040      C  2                904.142A   37.915    0.0102      Si 3                564.611A   37.250    0.0022
Ca A                3676.36A   37.446    0.0035      C  2                904.480A   37.922    0.0104      Si 3                464.939A   37.181    0.0019
Ca A                3673.75A   37.389    0.0030      C  2                1036.34A   36.921    0.0010      Si 3                435.840A   37.002    0.0013
Ca A                3671.47A   37.334    0.0027      C  2                1037.02A   37.888    0.0096      Si 4                329.800A   37.008    0.0013
Ca A                9545.93A   38.408    0.0319      C  2                1334.53A   37.434    0.0034      Si 8                60.8598A   36.933    0.0011
Ca A                9228.97A   38.249    0.0221      C  2                1335.66A   37.613    0.0051      S  2                750.323A   37.564    0.0046
Ca A                9014.87A   38.109    0.0160      C  2                2323.50A   37.130    0.0017      S  2                632.711A   37.306    0.0025
Ca A                8862.74A   37.983    0.0120      C  2                2324.69A   37.474    0.0037      S  2                888.439A   37.526    0.0042
Ca A                8750.43A   37.868    0.0092      C  2                2325.40A   37.774    0.0074      S  2                587.599A   37.164    0.0018
Ca A                8664.98A   37.764    0.0072      C  2                2326.93A   37.912    0.0102      S  2                566.130A   37.026    0.0013
Ca A                8598.35A   37.667    0.0058      C  2                2328.12A   37.528    0.0042      S  2                654.712A   36.996    0.0012
Ca A                8545.34A   37.577    0.0047      C  2                157.636m   39.004    0.1258      S  3                667.049A   37.882    0.0095
Ca A                8502.44A   37.493    0.0039      C  3                1908.73A   38.936    0.1075      S  3                691.219A   37.751    0.0070
Ca A                8467.21A   37.414    0.0032      C  3                1906.68A   39.115    0.1626      S  3                704.220A   37.687    0.0061
Ca A                8437.91A   37.340    0.0027      C  3                977.020A   38.583    0.0478      S  3                671.510A   37.407    0.0032
Ca A                8413.28A   37.270    0.0023      C  3                386.203A   37.272    0.0023      S  3                482.139A   37.285    0.0024
Ca A                8392.35A   37.203    0.0020      C  3                884.524A   37.217    0.0021      S  3                474.260A   37.217    0.0021
Ca A                8374.43A   37.140    0.0017      Ca 3                409.953A   37.028    0.0013      S  3                480.121A   37.194    0.0019
Ca A                8358.96A   37.079    0.0015      Ca 4                655.998A   36.937    0.0011      S  3                420.730A   37.080    0.0015
Ca A                8345.51A   37.021    0.0013      Ca 4                669.696A   37.343    0.0027      S  3                424.450A   37.039    0.0014
Ca A                8333.74A   36.966    0.0012      Ca 4                3.20610m   38.617    0.0516      S  4                330.110A   37.073    0.0015
Ca A                1.81740m   37.983    0.0120      Ca 6                629.602A   37.287    0.0024      S  4                370.000A   37.076    0.0015
Ca A                1.73620m   37.840    0.0086      Ca 6                633.844A   37.387    0.0030      S  4                341.260A   37.047    0.0014
Ca A                1.68064m   37.713    0.0064      Ca 6                641.904A   37.434    0.0034      S  4                321.910A   36.924    0.0010
Ca A                1.64071m   37.597    0.0049      Cl 5                883.131A   37.057    0.0014      S  5                285.830A   37.043    0.0014
Ca A                1.61092m   37.491    0.0039      Cl 6                671.380A   37.012    0.0013      Ar 3                458.140A   37.522    0.0041
Ca A                1.58804m   37.393    0.0031      Cr 5                594.921A   37.424    0.0033      Ar 3                464.671A   37.390    0.0031
Ca A                1.57006m   37.303    0.0025      Fe 2                25.9811m   37.430    0.0034      Ar 3                451.091A   37.213    0.0020
Ca A                1.55563m   37.218    0.0021      Fe 2                5.33881m   37.963    0.0114      Ar 3                472.659A   37.212    0.0020
Ca A                1.54388m   37.139    0.0017      Fe 2                1.25668m   37.841    0.0086      Ar 3                488.909A   37.198    0.0020
Ca A                1.53417m   37.064    0.0014      Fe 2                2599.40A   37.021    0.0013      Ar 3                388.490A   37.078    0.0015
Ca A                1.52604m   36.993    0.0012      Fe 2                2382.04A   37.292    0.0024      Ar 3                527.451A   37.160    0.0018
Ca A                1.51917m   36.927    0.0011      Fe 2                1.32055m   37.264    0.0023      Ar 3                360.940A   36.951    0.0011
Ca A                3.03835m   37.623    0.0052      Fe 2                2625.67A   36.977    0.0012      Ar 3                345.990A   36.950    0.0011
Ca A                2.87219m   37.494    0.0039      Fe 2                1.37182m   37.039    0.0014      Ar 3                365.099A   36.936    0.0011
Ca A                2.75749m   37.377    0.0030      Fe 2                17.9314m   36.930    0.0011      Ar 3                517.521A   36.971    0.0012
Ca A                2.67438m   37.270    0.0023      Fe 2                1.64355m   37.768    0.0073      Ar 4                444.680A   37.687    0.0061
Ca A                2.61191m   37.172    0.0019      Fe 2                1.80939m   37.065    0.0014      Ar 4                392.000A   37.121    0.0016
Ca A                2.56361m   37.080    0.0015      Fe 3                22.9190m   38.702    0.0627      Ar 5                441.850A   37.510    0.0040
Ca A                2.52538m   36.995    0.0012      Fe 3                4881.12A   37.557    0.0045      Ar 5                455.901A   37.382    0.0030
Ca A                2.49455m   36.915    0.0010      Fe 3                4658.01A   38.219    0.0206      Ar 5                337.380A   37.066    0.0014
Ca A                12.3684m   37.906    0.0100      Fe 3                4607.11A   36.961    0.0011      Ca 3                351.260A   37.575    0.0047
Ca A                7.50038m   37.741    0.0069      Fe 3                33.0270m   38.148    0.0175      Ca 3                298.430A   37.122    0.0017
Ca A                5.90655m   37.581    0.0048      Fe 3                5270.40A   38.143    0.0173      Ca 3                277.760A   36.976    0.0012
Ca A                5.12722m   37.437    0.0034      Fe 3                4754.64A   37.481    0.0038      Ca 3                308.360A   36.925    0.0010
Ca A                4.67119m   37.308    0.0025      Fe 3                4701.62A   37.727    0.0066      Ca 4                303.870A   37.354    0.0028
Ca A                4.37522m   37.190    0.0019      Fe 3                51.6655m   37.550    0.0044      Ca 4                310.370A   37.224    0.0021
Ca A                4.16962m   37.083    0.0015      Fe 3                5011.16A   37.333    0.0027      Ca 4                307.850A   37.223    0.0021
Ca A                4.01974m   36.984    0.0012      Fe 3                4769.52A   37.252    0.0022      Ca 4                323.400A   37.217    0.0021
Ca A                19.0565m   37.547    0.0044      Fe 3                4733.84A   37.127    0.0017      Ca 4                319.070A   37.201    0.0020
Ca A                11.3055m   37.412    0.0032      Fe 3                5411.98A   37.099    0.0016      Ca 5                314.530A   37.421    0.0033
Ca A                8.75760m   37.273    0.0023      Fe 7                9.50763m   38.849    0.0880      Ca 5                325.410A   37.340    0.0027
Ca A                7.50599m   37.144    0.0017      Fe 7                5720.71A   38.194    0.0195      Ca 5                332.080A   37.126    0.0017
Ca A                6.77008m   37.027    0.0013      Fe 7                4988.55A   37.991    0.0122      Ca 5                660.908A   37.118    0.0016
Ca A                6.29014m   36.919    0.0010      Fe 7                4893.37A   37.724    0.0066      Ca 6                330.390A   37.442    0.0034
Ca A                27.7955m   37.230    0.0021      Fe 7                7.81037m   38.315    0.0258      Ca 6                227.310A   36.934    0.0011
Ca A                16.2045m   37.118    0.0016      Fe 7                6086.97A   38.368    0.0291      Ca 7                338.000A   37.289    0.0024
Ca A                12.3837m   36.995    0.0012      Fe 7                5158.89A   37.857    0.0090      Ca 7                348.130A   37.159    0.0018
Ca A                38.8589m   36.946    0.0011      Fe 7                4942.48A   37.356    0.0028      Fe 3                911.104A   37.492    0.0039
Ca B                3970.07A   39.100    0.1569      Fe 7                3586.32A   37.873    0.0093      Fe 3                859.623A   37.308    0.0025
Ca B                3889.05A   38.920    0.1036      Fe 7                5276.38A   37.190    0.0019      Fe 3                896.877A   37.416    0.0032
Ca B                3835.38A   38.763    0.0721      Fe 7                3758.92A   38.027    0.0133      Fe 3                579.421A   37.054    0.0014
Ca B                3797.89A   38.623    0.0523      Fe 7                3.38363m   36.979    0.0012      Fe 3                762.643A   37.076    0.0015
Ca B                3770.63A   38.498    0.0392      Fe 7                2.62872m   37.036    0.0014      Fe 3                513.260A   36.976    0.0012
Ca B                3750.15A   38.384    0.0302      Fe 9                171.073A   37.417    0.0033      Fe 3                488.041A   36.967    0.0012
Ca B                3734.36A   38.279    0.0237      K  3                4.61683m   37.872    0.0093      Fe 3                488.391A   36.972    0.0012
Ca B                3721.93A   38.183    0.0190      K  4                5.98030m   37.435    0.0034      Fe 3                481.371A   36.925    0.0010
Ca B                3711.97A   38.093    0.0154      Mg 1                2852.13A   37.549    0.0044      Fe 3                871.422A   37.182    0.0019
Ca B                3703.85A   38.009    0.0127      Mg 1                4562.60A   37.248    0.0022      Fe 4                309.190A   37.109    0.0016
Ca B                3697.15A   37.931    0.0106      Mg 3                231.734A   37.218    0.0021      Fe 4                532.950A   37.380    0.0030
Ca B                3691.55A   37.857    0.0090      Mg 3                234.264A   36.963    0.0011      Fe 4                275.130A   37.003    0.0013
Ca B                3686.83A   37.787    0.0076      N  5                209.274A   37.352    0.0028      Fe 4                259.600A   36.943    0.0011
Ca B                3682.80A   37.721    0.0066      N  5                209.308A   37.288    0.0024      Fe 4                326.120A   37.024    0.0013
Ca B                3679.35A   37.659    0.0057      N  5                1238.82A   38.441    0.0344      Fe 5                236.210A   36.961    0.0011
Ca B                3676.36A   37.599    0.0049      N  5                1242.80A   38.291    0.0244      Fe 5                236.300A   36.969    0.0012
Ca B                3673.75A   37.543    0.0043      Ne 2                12.8101m   38.411    0.0321      Fe 5                391.409A   37.229    0.0021
Ca B                3671.47A   37.489    0.0038      Ne 3                15.5509m   39.823    0.8288      Fe 5                227.780A   37.132    0.0017
Ca B                9545.93A   38.470    0.0367      Ne 3                3868.76A   39.379    0.2983      Fe 5                389.529A   37.167    0.0018
Ca B                9228.97A   38.311    0.0255      Ne 3                489.500A   37.072    0.0015      Fe 5                369.760A   37.125    0.0017
Ca B                9014.87A   38.171    0.0185      Ne 3                36.0036m   38.781    0.0752      Fe 5                226.680A   37.002    0.0013
Ca B                8862.74A   38.045    0.0138      Ne 3                3967.47A   38.861    0.0906      Fe 6                174.510A   37.031    0.0013
Ca B                8750.43A   37.931    0.0106      Ne 3                491.045A   37.687    0.0061      Fe 6                156.820A   36.958    0.0011
Ca B                8664.98A   37.826    0.0084      Ne 3                489.645A   37.212    0.0020      Fe 6                180.240A   36.978    0.0012
Ca B                8598.35A   37.729    0.0067      Ne 3                313.688A   37.212    0.0020      Fe 6                185.150A   36.979    0.0012
Ca B                8545.34A   37.639    0.0054      Ne 3                490.311A   37.334    0.0027      Fe 6                295.530A   37.149    0.0018
Ca B                8502.44A   37.555    0.0045      O  2                539.086A   37.469    0.0037      Fe 6                292.810A   37.101    0.0016
Ca B                8467.21A   37.477    0.0037      O  2                539.547A   37.439    0.0034      Fe 6                279.220A   36.982    0.0012
Ca B                8437.91A   37.403    0.0031      O  2                539.854A   37.379    0.0030      Fe 6                296.190A   36.979    0.0012
Ca B                8413.28A   37.332    0.0027      O  2                832.758A   37.594    0.0049      Fe 7                152.390A   37.273    0.0023
Ca B                8392.35A   37.266    0.0023      O  2                833.330A   37.646    0.0055      Fe 7                163.470A   37.218    0.0021
Ca B                8374.43A   37.203    0.0020      O  2                834.465A   37.666    0.0058      Fe 7                148.230A   37.123    0.0017
Ca B                8358.96A   37.143    0.0017      O  2                2470.34A   37.150    0.0018      Fe 7                148.660A   37.052    0.0014
Ca B                8345.51A   37.086    0.0015      O  2                7319.99A   36.956    0.0011      Fe 7                181.600A   37.074    0.0015
Ca B                8333.74A   37.031    0.0013      O  2                3728.81A   39.103    0.1580      Fe 7                234.000A   37.105    0.0016
Ca B                1.81740m   38.015    0.0129      O  2                3726.03A   38.926    0.1050      Fe 7                196.310A   37.003    0.0013
Ca B                1.73620m   37.873    0.0093      O  3                88.3323m   40.553    4.4538      Fe 7                168.980A   36.910    0.0010
Ca B                1.68064m   37.746    0.0069      O  3                51.8004m   40.287    2.4155      Fe 7                226.340A   37.055    0.0014
Ca B                1.64071m   37.631    0.0053      O  3                4958.91A   40.237    2.1512      Fe 8                123.920A   37.088    0.0015
Ca B                1.61092m   37.525    0.0042      O  3                5006.84A   40.712    6.4184      P  2                967.202A   37.274    0.0023
Ca B                1.58804m   37.428    0.0033      O  3                2320.95A   37.809    0.0080      P  2                963.828A   37.391    0.0031
Ca B                1.57006m   37.337    0.0027      O  3                4363.21A   38.408    0.0319      P  3                918.147A   36.912    0.0010
Ca B                1.55563m   37.253    0.0022      O  3                1660.81A   37.802    0.0079      K  5                727.442A   37.211    0.0020
Ca B                1.54388m   37.174    0.0019      O  3                1666.15A   38.269    0.0231      K  6                720.129A   37.021    0.0013
Ca B                1.53417m   37.099    0.0016      O  3                832.929A   37.123    0.0017      Cr 3                1033.06A   37.074    0.0015
Ca B                1.52604m   37.029    0.0013      O  3                833.715A   37.891    0.0097      Cr 3                1035.74A   37.126    0.0017
Ca B                1.51917m   36.962    0.0011      O  3                702.896A   37.598    0.0049      Cr 6                226.666A   36.986    0.0012
Ca B                3.03835m   37.643    0.0055      O  3                703.851A   37.808    0.0080      Cr 6                201.366A   36.907    0.0010
Ca B                2.87219m   37.515    0.0041      O  3                507.680A   37.833    0.0085      hyperfine structure............................
Ca B                2.75749m   37.398    0.0031      O  3                508.178A   38.059    0.0143      inner shell....................................
Ca B                2.67438m   37.292    0.0024      O  5                1218.34A   37.891    0.0097      O  5                1215.53A   37.113    0.0016
Ca B                2.61191m   37.194    0.0019      O  5                1213.81A   38.055    0.0141      O  6                339.683A   36.989    0.0012
Ca B                2.56361m   37.103    0.0016      O  5                629.732A   38.124    0.0166      Mg 3                246.489A   37.241    0.0022
Ca B                2.52538m   37.018    0.0013      O  5                172.169A   37.176    0.0019      Mg 3                247.968A   37.238    0.0022
Ca B                2.49455m   36.938    0.0011      O  5                286.448A   37.123    0.0017      Al 4                165.312A   37.002    0.0013
Ca B                12.3684m   37.918    0.0103      P  2                60.6263m   37.618    0.0052      Al 4                166.199A   37.000    0.0012
Ca B                7.50038m   37.753    0.0071      P  2                32.8620m   37.507    0.0040      Si 4                720.838A   37.087    0.0015
Ca B                5.90655m   37.594    0.0049      P  2                1.14682m   37.472    0.0037      Si 5                119.791A   36.995    0.0012
Ca B                5.12722m   37.451    0.0035      P  2                1.18828m   37.895    0.0098      Si 5                120.490A   37.276    0.0024
Ca B                4.67119m   37.322    0.0026      P  3                17.8797m   37.875    0.0093      Si 5                119.791A   36.908    0.0010
Ca B                4.37522m   37.205    0.0020      P  4                824.731A   36.960    0.0011      Si 5                120.490A   37.207    0.0020
Ca B                4.16962m   37.098    0.0016      P  4                950.657A   37.456    0.0036      Si 5                119.791A   38.464    0.0363
Ca B                4.01974m   37.000    0.0012      P  4                1035.52A   37.002    0.0013      Si 5                120.490A   38.461    0.0361
Ca B                3.90645m   36.908    0.0010      S  2                6730.82A   38.828    0.0839      S  5                1203.73A   36.938    0.0011
Ca B                19.0565m   37.558    0.0045      S  2                6716.44A   38.991    0.1222      S  5                1203.73A   37.302    0.0025
Ca B                11.3055m   37.422    0.0033      S  2                4076.35A   37.157    0.0018      S  6                488.127A   37.276    0.0024
Ca B                8.75760m   37.283    0.0024      S  2                4068.60A   37.646    0.0055      S  7                72.4207A   37.392    0.0031
Ca B                7.50599m   37.155    0.0018      S  2                1.03364m   37.018    0.0013      S  7                72.9319A   37.389    0.0031
Ca B                6.77008m   37.038    0.0014      S  2                1.02867m   37.019    0.0013      Fe 6                167.773A   37.883    0.0095
Ca B                6.29014m   36.931    0.0011      S  2                1.03205m   37.153    0.0018      Fe 6                172.200A   37.871    0.0093
Ca B                27.7955m   37.241    0.0022      S  2                1259.52A   37.261    0.0023      Fe 7                172.440A   37.795    0.0078
Ca B                16.2045m   37.127    0.0017      S  2                1253.81A   37.188    0.0019      Fe 7                177.120A   37.784    0.0076
Ca B                12.3837m   37.005    0.0013      S  2                1250.58A   36.998    0.0012      Fe 8                185.328A   37.539    0.0043
Ca B                38.8589m   36.957    0.0011      S  2                912.736A   37.181    0.0019      Fe 8                190.745A   37.527    0.0042
H  1                2431.34A   40.948   11.0517      S  2                910.485A   37.518    0.0041      Fe 9                194.333A   37.113    0.0016
H  1                1215.67A   41.267   23.0467      S  3                33.4704m   40.024    1.3159      Fe 9                200.622A   37.099    0.0016
H  1                1025.72A   38.477    0.0374      S  3                18.7078m   39.760    0.7174      molecules......................................
H  1                972.537A   38.337    0.0271      S  3                9068.62A   39.563    0.4553      blends.........................................
H  1                949.743A   38.271    0.0233      S  3                9530.62A   39.963    1.1436      Blnd                1304.00A   36.919    0.0010
H  1                937.804A   38.234    0.0214      S  3                3721.63A   37.987    0.0121      Blnd                2798.00A   39.029    0.1332
H  1                930.748A   38.202    0.0199      S  3                6312.06A   38.260    0.0227      Blnd                615.000A   37.201    0.0020
H  1                926.226A   38.173    0.0186      S  3                1728.94A   37.273    0.0023      Blnd                6720.00A   39.219    0.2061
H  1                923.150A   38.152    0.0177      S  3                1190.20A   37.137    0.0017      Blnd                4074.00A   37.768    0.0073
H  1                920.963A   38.135    0.0170      S  3                1194.45A   37.560    0.0045      Blnd                1.03300m   37.659    0.0057
H  1                919.351A   37.985    0.0120      S  3                1015.57A   37.134    0.0017      Blnd                1256.00A   37.640    0.0054
H  1                918.129A   37.978    0.0118      S  3                1021.11A   37.337    0.0027      Blnd                1198.00A   37.729    0.0067
H  1                917.181A   37.972    0.0117      Si 2                34.8046m   39.581    0.4750      Blnd                1720.00A   37.405    0.0032
H  1                916.429A   37.967    0.0115      Si 2                2334.41A   37.060    0.0014      Blnd                3722.00A   37.993    0.0123
H  1                915.824A   37.961    0.0114      Si 2                1808.01A   37.062    0.0014      Blnd                1406.00A   37.446    0.0035
H  1                915.329A   37.956    0.0113      Si 2                1260.42A   37.333    0.0027      Blnd                2665.00A   37.691    0.0061
H  1                914.919A   37.951    0.0111      Si 2                1193.29A   37.257    0.0023      Blnd                1860.00A   37.973    0.0117
H  1                914.576A   37.947    0.0110      Si 2                2350.17A   37.185    0.0019      Blnd                4725.00A   38.599    0.0495
H  1                914.286A   37.944    0.0110      Si 2                2344.20A   37.590    0.0048      Blnd                2860.00A   37.524    0.0042
H  1                914.039A   37.943    0.0109      Si 2                2334.60A   37.479    0.0038      Blnd                7250.00A   36.956    0.0011
H  1                913.826A   37.947    0.0110      Si 2                1816.93A   37.297    0.0025      Blnd                2335.00A   37.994    0.0123
H  1                913.641A   37.957    0.0113      Si 2                1533.43A   37.667    0.0058      Blnd                1888.00A   38.870    0.0924
H  1                913.480A   37.984    0.0120      Si 2                1309.28A   37.526    0.0042      Blnd                1397.00A   38.477    0.0373
H  1                913.339A   38.057    0.0142      Si 2                1265.00A   37.826    0.0084      Blnd                2424.00A   39.006    0.1263
H  1                913.215A   38.844    0.0871      Si 2                1197.39A   37.923    0.0104      Blnd                774.000A   38.065    0.0145
H  1                6562.81A   40.351    2.7933      Si 2                1194.50A   37.905    0.0100      Blnd                5525.00A   37.943    0.0109
H  1                4861.33A   39.904    1.0000      Si 3                1892.03A   38.474    0.0371      Blnd                8579.00A   37.368    0.0029
H  1                4340.46A   39.578    0.4718      Si 3                1882.71A   38.647    0.0553      Blnd                7306.00A   38.462    0.0361
H  1                4101.73A   39.323    0.2621      Si 3                1206.50A   38.593    0.0488      Blnd                3933.00A   37.932    0.0107
H  1                3970.07A   39.113    0.1617      Si 4                1393.75A   38.257    0.0225      Blnd                2326.00A   38.339    0.0272
H  1                3889.05A   38.935    0.1072      Si 4                1402.77A   38.076    0.0148      Blnd                1335.00A   38.976    0.1178
H  1                3835.38A   38.779    0.0750      Si 7                275.353A   36.960    0.0011      C 2R                1335.00A   38.942    0.1090
H  1                3797.89A   38.642    0.0547      Si 7                278.443A   37.034    0.0013      Blnd                977.000A   38.770    0.0734
H  1                3770.63A   38.653    0.0561      Si 7                2146.64A   37.247    0.0022      C 3R                977.000A   38.313    0.0256
H  1                3750.15A   38.550    0.0442      Si 7                2.48071m   37.925    0.0105      Blnd                1909.00A   39.364    0.2880
H  1                3734.36A   38.455    0.0355      Ti 5                252.959A   36.978    0.0012      C 3R                1909.00A   38.159    0.0180
H  1                3721.93A   38.368    0.0291      Al 2                2669.15A   37.289    0.0024      Blnd                1176.00A   38.000    0.0124
H  1                3711.97A   38.287    0.0241      Al 2                2660.35A   37.472    0.0037      C 3R                1175.00A   37.978    0.0118
H  1                3703.85A   38.212    0.0203      Al 2                1670.79A   37.643    0.0055      Blnd                1549.00A   39.410    0.3204
H  1                3697.15A   38.142    0.0173      Al 5                2.90450m   38.038    0.0136      C 4R                1549.00A   37.783    0.0076
H  1                3691.55A   38.078    0.0149      Ar 7                585.754A   37.262    0.0023      N 2R                6584.00A   36.946    0.0011
H  1                3686.83A   38.019    0.0130      Ar 8                713.813A   37.005    0.0013      Blnd                5755.00A   36.989    0.0012
H  1                3682.80A   37.966    0.0115      Ar 8                700.246A   37.201    0.0020      Blnd                1085.00A   38.130    0.0168
H  1                3679.35A   37.921    0.0104      C  4                1550.78A   38.938    0.1080      N 2R                1085.00A   37.936    0.0108
H  1                3676.36A   37.887    0.0096      C  4                1548.19A   39.200    0.1973      Blnd                1750.00A   38.284    0.0239
H  1                3673.75A   37.873    0.0093      C  4                312.452A   37.554    0.0045      Blnd                990.000A   38.545    0.0437
H  1                3671.47A   37.908    0.0101      C  4                312.421A   37.602    0.0050      N 3R                990.000A   38.417    0.0325
H  1                3669.46A   38.659    0.0569      C  4                244.912A   37.352    0.0028      Blnd                765.000A   38.020    0.0130
H  1                1.87510m   39.402    0.3143      C  4                244.904A   37.411    0.0032      N 4R                765.000A   36.974    0.0012
H  1                1.28180m   39.107    0.1593      Ca 2                7323.89A   38.064    0.0144      Blnd                1486.00A   38.297    0.0247
H  1                1.09380m   38.857    0.0897      Ca 2                7291.47A   38.240    0.0217      Blnd                1240.00A   38.674    0.0588
H  1                1.00493m   38.648    0.0555      Ca 2                3968.47A   37.544    0.0044      Blnd                2471.00A   37.547    0.0044
H  1                9545.93A   38.470    0.0368      Ca 2                3933.66A   37.704    0.0063      Blnd                3726.00A   38.926    0.1050
H  1                9228.97A   38.314    0.0257      Ca 2                8542.09A   37.181    0.0019      Blnd                3729.00A   39.103    0.1580
H  1                9014.87A   38.177    0.0187      Ca 5                4.15739m   38.238    0.0216      Blnd                7323.00A   37.380    0.0030
H  1                8862.74A   38.138    0.0171      Ca 5                11.4792m   37.096    0.0016      Blnd                7332.00A   37.298    0.0025
H  1                8750.43A   38.035    0.0135      Ca 5                5309.11A   37.895    0.0098      O 2R                7332.00A   36.991    0.0012
H  1                8664.98A   37.941    0.0109      Ca 5                6086.37A   37.183    0.0019      O 2R                7323.00A   37.072    0.0015
H  1                8598.35A   37.853    0.0089      Ca 8                2.32117m   37.003    0.0013      Blnd                833.000A   38.113    0.0162
H  1                8545.34A   37.773    0.0074      Cl 2                8578.70A   36.918    0.0010      O 2R                3726.00A   37.788    0.0076
H  1                8502.44A   37.698    0.0062      Cl 3                5537.87A   37.556    0.0045      O 2R                3729.00A   37.965    0.0115
H  1                8467.21A   37.628    0.0053      Cl 3                5517.71A   37.713    0.0064      Blnd                3727.00A   39.356    0.2828
H  1                8437.91A   37.564    0.0046      Cl 4                20.3197m   38.066    0.0145      O 2R                2471.00A   37.239    0.0022
H  1                8413.28A   37.505    0.0040      Cl 4                11.7629m   37.967    0.0115      Blnd                7325.00A   37.642    0.0055
H  1                8392.35A   37.453    0.0035      Cl 4                7530.54A   37.400    0.0031      O 2R                4651.00A   37.589    0.0048
H  1                8374.43A   37.408    0.0032      Cl 4                8045.62A   37.764    0.0072      Blnd                4341.00A   37.315    0.0026
H  1                8358.96A   37.373    0.0029      Cr 7                202.826A   37.103    0.0016      O 2R                4341.00A   37.311    0.0026
H  1                8345.51A   37.359    0.0028      Fe10                177.240A   37.002    0.0013      Blnd                1666.00A   38.397    0.0311
H  1                8333.74A   37.394    0.0031      Fe10                174.531A   37.144    0.0017      Blnd                5007.00A   40.837    8.5704
H  1                8323.38A   38.146    0.0174      Fe 4                3095.77A   38.870    0.0924      Blnd                4363.00A   38.422    0.0329
H  1                4.05113m   38.755    0.0709      Fe 4                3094.96A   38.646    0.0552      Blnd                835.000A   38.848    0.0878
H  1                2.62513m   38.536    0.0428      Fe 4                3094.53A   38.486    0.0381      O 3R                835.000A   38.784    0.0758
H  1                2.16551m   38.333    0.0268      Fe 4                2835.74A   38.629    0.0530      Blnd                1402.00A   38.295    0.0246
H  1                1.94454m   38.156    0.0178      Fe 4                2829.36A   38.309    0.0254      Blnd                789.000A   38.825    0.0832
H  1                1.81740m   38.000    0.0125      Fe 4                2823.50A   38.110    0.0161      O 4R                789.000A   38.757    0.0713
H  1                1.73620m   37.862    0.0091      Fe 4                2.83562m   37.194    0.0019      Blnd                630.000A   38.169    0.0184
H  1                1.68064m   37.769    0.0073      Fe 4                2567.61A   37.551    0.0044      O 5R                630.000A   37.159    0.0018
H  1                1.64071m   37.666    0.0058      Fe 5                70.3538m   38.806    0.0797      Blnd                1218.00A   38.282    0.0238
H  1                1.61092m   37.572    0.0047      Fe 5                36.3273m   38.801    0.0787      Blnd                1035.00A   38.767    0.0728
H  1                1.58804m   37.485    0.0038      Fe 5                25.9131m   38.699    0.0623

                                                    Emergent line intensities
 Caution: emergent intensities are not reliable on the first iteration.
general properties.............................      Al 3                1862.79A   37.612    0.0051      Ne 5                24.2065m   39.778    0.7482
continua.......................................      Al 6                3.65932m   38.409    0.0320      Ne 5                14.3228m   39.684    0.6025
FIR                 83.0000m   41.279   23.7017      Al 6                9.11329m   37.351    0.0028      Ne 5                3345.99A   38.396    0.0310
TIR                 1800.00m   37.857    0.0090      Ar 2                6.98337m   37.254    0.0022      Ne 5                3426.03A   38.843    0.0869
NIRa                2.85000m   42.280  237.3085      Ar 3                3109.18A   36.968    0.0012      Ne 5                568.422A   37.066    0.0014
NIRb                3.00000m   41.854   88.9456      Ar 3                7135.79A   38.902    0.0995      Ne 5                569.759A   37.568    0.0046
MIRa                15.0000m   41.934  107.0080      Ar 3                7751.11A   38.278    0.0236      Ne 5                481.363A   37.212    0.0020
MIRb                22.5000m   42.019  130.3132      Ar 3                8.98898m   39.009    0.1273      Ne 5                482.985A   37.400    0.0031
NMIR                21.7500m   42.280  237.3085      Ar 3                21.8253m   37.835    0.0085      Ne 5                358.476A   37.206    0.0020
TFIR                611.250m   39.106    0.1589      Ar 4                840.032A   37.025    0.0013      Ne 5                359.375A   37.430    0.0034
TALL                10000.0A   42.707  635.3783      Ar 4                843.770A   37.168    0.0018      Ne 6                7.64318m   38.960    0.1136
F12                 12.0000m   41.504   39.7976      Ar 4                850.605A   37.242    0.0022      Ne 6                558.685A   37.423    0.0033
F25                 25.0000m   41.316   25.7921      Ar 4                2853.66A   37.362    0.0029      Ne 6                401.154A   37.078    0.0015
F60                 60.0000m   41.163   18.1272      Ar 4                2868.22A   37.018    0.0013      Ne 6                562.798A   37.395    0.0031
F100                100.000m   40.607    5.0417      Ar 4                4711.26A   38.367    0.0290      Ne 6                435.641A   37.498    0.0039
MIPS                24.0000m   41.068   14.5879      Ar 4                4740.12A   38.216    0.0205      Ne 6                403.270A   37.512    0.0040
MIPS                70.0000m   40.514    4.0719      Ar 5                822.174A   36.943    0.0011      Ne 6                401.928A   37.559    0.0045
MIPS                160.000m   38.979    0.1187      Ar 5                827.366A   37.411    0.0032      Ne 7                465.220A   37.759    0.0071
IRAC                3.60000m   41.075   14.7950      Ar 5                6435.12A   37.646    0.0055      Ne 7                97.4960A   37.072    0.0015
IRAC                4.50000m   41.113   16.1622      Ar 5                7005.83A   37.977    0.0118      Ne 8                780.325A   37.709    0.0064
IRAC                5.80000m   41.145   17.4099      Ar 5                7.89971m   38.572    0.0465      Ne 8                770.410A   37.813    0.0081
IRAC                8.00000m   41.304   25.0856      Ar 5                13.0985m   38.807    0.0799      Ni 2                1.19102m   37.214    0.0020
SPR1                250.000m   37.623    0.0052      Ar 6                754.930A   37.210    0.0020      O  4                25.8832m   40.356    2.8282
SPR2                350.000m   37.517    0.0041      Ar 6                767.726A   37.088    0.0015      O  4                1399.77A   37.421    0.0033
SPR3                500.000m   37.455    0.0035      Ar 6                4.52800m   38.193    0.0195      O  4                1407.38A   37.413    0.0032
PAC1                70.0000m   40.572    4.6487      C  2                687.053A   37.283    0.0024      O  4                1397.20A   36.948    0.0011
PAC2                100.000m   40.598    4.9388      C  2                687.352A   37.381    0.0030      O  4                1404.78A   37.834    0.0085
PAC3                160.000m   38.997    0.1237      C  2                858.559A   37.389    0.0031      O  4                1401.16A   37.831    0.0084
PAH                 3.30000m   40.216    2.0471      C  2                903.962A   37.198    0.0020      O  4                787.710A   37.503    0.0040
PAHC                3.23000m   39.941    1.0873      C  2                904.142A   37.778    0.0075      O  4                790.114A   37.775    0.0074
PAHC                3.37000m   39.908    1.0085      C  2                904.480A   37.768    0.0073      O  4                609.830A   37.842    0.0087
PAH                 6.20000m   40.660    5.7003      C  2                1036.34A   36.921    0.0010      O  4                554.076A   37.182    0.0019
PAHC                5.65000m   40.704    6.3043      C  2                1037.02A   37.888    0.0096      O  4                555.264A   38.018    0.0130
PAH                 7.90000m   40.855    8.9180      C  2                1334.53A   37.434    0.0034      O  4                554.514A   37.953    0.0112
PAHC                6.90000m   40.912   10.1768      C  2                1335.66A   37.613    0.0051      O  6                1037.62A   38.368    0.0291
PAH                 11.3000m   40.261    2.2703      C  2                2323.50A   37.130    0.0017      O  6                1031.91A   38.546    0.0438
PAHC                10.9000m   40.282    2.3869      C  2                2324.69A   37.474    0.0037      O  6                150.125A   37.340    0.0027
PAH                 11.8000m   40.480    3.7671      C  2                2325.40A   37.774    0.0074      O  6                150.090A   37.400    0.0031
PAHC                12.6500m   40.450    3.5126      C  2                2326.93A   37.912    0.0102      P  5                1128.01A   37.284    0.0024
PAH                 13.3000m   40.483    3.7914      C  2                2328.12A   37.528    0.0042      P  5                1117.98A   37.406    0.0032
PAHC                14.1000m   40.505    3.9864      C  2                157.636m   39.004    0.1258      S  4                10.5076m   40.304    2.5086
Bcon                3640.00A   42.215  204.2192      C  3                1908.73A   38.936    0.1075      S  4                1416.89A   36.998    0.0012
Pcon                5000.00A   41.732   67.2973      C  3                1906.68A   39.115    0.1626      S  4                1406.02A   37.036    0.0014
O3bn                5007.00A   40.773    7.3897      C  3                977.020A   38.583    0.0478      S  4                1062.66A   37.343    0.0027
SX                  25.0000A   41.008   12.7046      C  3                386.203A   37.270    0.0023      S  4                1073.52A   37.302    0.0025
HX                  4.70000A   40.802    7.8964      C  3                884.524A   37.122    0.0016      S  4                815.941A   37.498    0.0039
RRC............................................      Ca 3                409.953A   36.968    0.0012      S  4                748.393A   37.004    0.0013
grains.........................................      Ca 4                655.998A   36.922    0.0010      S  4                753.760A   37.681    0.0060
H-like iso-sequence............................      Ca 4                669.696A   37.292    0.0024      S  4                750.221A   37.660    0.0057
H  1                1215.67A   41.267   23.0456      Ca 4                3.20610m   38.617    0.0516      S  4                657.319A   37.205    0.0020
H  1                1025.72A   38.477    0.0374      Ca 6                629.602A   37.280    0.0024      S  4                661.455A   37.767    0.0073
H  1                972.537A   38.337    0.0271      Ca 6                633.844A   37.382    0.0030      S  4                554.027A   37.373    0.0029
H  1                949.743A   38.271    0.0233      Ca 6                641.904A   37.430    0.0034      S  5                786.470A   37.709    0.0064
H  1                937.804A   38.234    0.0214      Cl 5                883.131A   37.020    0.0013      S  6                944.524A   37.692    0.0061
H  1                930.748A   38.202    0.0199      Cl 6                671.380A   36.997    0.0012      S  6                933.380A   37.765    0.0073
H  1                926.226A   38.173    0.0186      Cr 5                594.921A   37.393    0.0031      S  8                9914.00A   37.076    0.0015
H  1                923.150A   38.152    0.0177      Fe 2                25.9811m   37.430    0.0034      Si 5                117.854A   36.976    0.0012
H  1                920.963A   38.135    0.0170      Fe 2                5.33881m   37.963    0.0114      Si 6                1.96247m   38.374    0.0295
H  1                919.351A   37.985    0.0120      Fe 2                1.25668m   37.841    0.0086      Si 6                249.124A   37.096    0.0016
H  1                918.129A   37.978    0.0118      Fe 2                2599.40A   37.021    0.0013      Si 8                319.840A   37.358    0.0028
H  1                917.181A   37.972    0.0117      Fe 2                2382.04A   37.292    0.0024      Si 8                316.218A   37.290    0.0024
H  1                916.429A   37.967    0.0115      Fe 2                1.32055m   37.264    0.0023      Si 8                314.356A   37.151    0.0018
H  1                915.824A   37.961    0.0114      Fe 2                2625.67A   36.977    0.0012      level 1 lines..................................
H  1                915.329A   37.956    0.0113      Fe 2                1.37182m   37.039    0.0014      recombination..................................
H  1                914.919A   37.951    0.0111      Fe 2                17.9314m   36.930    0.0011      level2 lines...................................
H  1                914.576A   37.947    0.0110      Fe 2                1.64355m   37.768    0.0073      C  2                596.559A   37.510    0.0040
H  1                914.286A   37.944    0.0110      Fe 2                1.80939m   37.065    0.0014      C  2                561.959A   37.442    0.0034
H  1                914.039A   37.943    0.0109      Fe 3                22.9190m   38.702    0.0627      C  2                530.721A   37.392    0.0031
H  1                913.826A   37.947    0.0110      Fe 3                4881.12A   37.557    0.0045      C  2                544.909A   37.393    0.0031
H  1                913.641A   37.957    0.0113      Fe 3                4658.01A   38.219    0.0206      C  2                535.300A   37.372    0.0029
H  1                913.480A   37.984    0.0120      Fe 3                4607.11A   36.961    0.0011      C  2                550.361A   37.319    0.0026
H  1                913.339A   38.057    0.0142      Fe 3                33.0270m   38.148    0.0175      C  2                467.460A   37.155    0.0018
H  1                913.215A   38.844    0.0871      Fe 3                5270.40A   38.143    0.0173      C  2                637.979A   37.150    0.0018
H  1                6562.81A   40.351    2.7933      Fe 3                4754.64A   37.481    0.0038      C  2                424.791A   37.023    0.0013
H  1                4861.33A   39.904    1.0000      Fe 3                4701.62A   37.727    0.0066      C  2                439.850A   36.943    0.0011
H  1                4340.46A   39.578    0.4718      Fe 3                51.6655m   37.550    0.0044      C  2                524.659A   37.009    0.0013
H  1                4101.73A   39.323    0.2621      Fe 3                5011.16A   37.333    0.0027      C  2                521.831A   37.007    0.0013
H  1                3970.07A   39.113    0.1617      Fe 3                4769.52A   37.252    0.0022      C  2                578.690A   36.915    0.0010
H  1                3889.05A   38.935    0.1072      Fe 3                4733.84A   37.127    0.0017      C  3                271.090A   37.272    0.0023
H  1                3835.38A   38.779    0.0750      Fe 3                5411.98A   37.099    0.0016      C  3                268.600A   37.244    0.0022
H  1                3797.89A   38.642    0.0547      Fe 7                9.50763m   38.849    0.0880      C  3                266.880A   37.211    0.0020
H  1                3770.63A   38.653    0.0561      Fe 7                5720.71A   38.194    0.0195      C  3                288.500A   37.243    0.0022
H  1                3750.15A   38.550    0.0442      Fe 7                4988.55A   37.991    0.0122      C  4                223.140A   37.261    0.0023
H  1                3734.36A   38.455    0.0355      Fe 7                4893.37A   37.724    0.0066      C  4                212.750A   37.113    0.0016
H  1                3721.93A   38.368    0.0291      Fe 7                7.81037m   38.315    0.0258      C  4                206.950A   37.017    0.0013
H  1                3711.97A   38.287    0.0241      Fe 7                6086.97A   38.368    0.0291      C  4                203.370A   36.919    0.0010
H  1                3703.85A   38.212    0.0203      Fe 7                5158.89A   37.857    0.0090      N  2                532.161A   37.407    0.0032
H  1                3697.15A   38.142    0.0173      Fe 7                4942.48A   37.356    0.0028      N  2                634.441A   37.403    0.0032
H  1                3691.55A   38.078    0.0149      Fe 7                3586.32A   37.873    0.0093      N  2                475.141A   37.273    0.0023
H  1                3686.83A   38.019    0.0130      Fe 7                5276.38A   37.190    0.0019      N  2                528.139A   37.290    0.0024
H  1                3682.80A   37.966    0.0115      Fe 7                3758.92A   38.027    0.0133      N  2                452.970A   37.166    0.0018
H  1                3679.35A   37.921    0.0104      Fe 7                3.38363m   36.979    0.0012      N  2                441.950A   37.115    0.0016
H  1                3676.36A   37.887    0.0096      Fe 7                2.62872m   37.036    0.0014      N  2                474.291A   37.133    0.0017
H  1                3673.75A   37.873    0.0093      Fe 9                171.073A   37.416    0.0032      N  2                437.731A   37.082    0.0015
H  1                3671.47A   37.908    0.0101      K  3                4.61683m   37.872    0.0093      N  2                452.610A   36.983    0.0012
H  1                3669.46A   38.659    0.0569      K  4                5.98030m   37.435    0.0034      N  3                293.510A   37.305    0.0025
H  1                1.87510m   39.402    0.3143      Mg 1                2852.13A   37.549    0.0044      N  3                283.090A   37.255    0.0022
H  1                1.28180m   39.107    0.1593      Mg 1                4562.60A   37.248    0.0022      N  3                264.550A   37.173    0.0019
H  1                1.09380m   38.857    0.0897      Mg 3                231.734A   37.191    0.0019      N  3                277.180A   37.212    0.0020
H  1                1.00493m   38.648    0.0555      Mg 3                234.264A   36.913    0.0010      N  3                312.110A   37.270    0.0023
H  1                9545.93A   38.470    0.0368      N  5                209.274A   37.332    0.0027      N  3                273.490A   37.176    0.0019
H  1                9228.97A   38.314    0.0257      N  5                209.308A   37.263    0.0023      N  3                267.450A   37.115    0.0016
H  1                9014.87A   38.177    0.0187      N  5                1238.82A   38.441    0.0344      N  3                248.910A   37.052    0.0014
H  1                8862.74A   38.138    0.0171      N  5                1242.80A   38.291    0.0244      N  3                271.020A   37.145    0.0017
H  1                8750.43A   38.035    0.0135      Ne 2                12.8101m   38.411    0.0321      N  3                305.650A   37.117    0.0016
H  1                8664.98A   37.941    0.0109      Ne 3                15.5509m   39.823    0.8288      N  3                269.290A   37.113    0.0016
H  1                8598.35A   37.853    0.0089      Ne 3                3868.76A   39.379    0.2983      N  3                300.710A   37.090    0.0015
H  1                8545.34A   37.773    0.0074      Ne 3                489.500A   37.065    0.0014      N  3                286.900A   36.906    0.0010
H  1                8502.44A   37.698    0.0062      Ne 3                36.0036m   38.781    0.0752      N  4                197.610A   37.209    0.0020
H  1                8467.21A   37.628    0.0053      Ne 3                3967.47A   38.861    0.0906      N  4                182.190A   37.081    0.0015
H  1                8437.91A   37.564    0.0046      Ne 3                491.045A   37.617    0.0052      N  4                175.020A   36.988    0.0012
H  1                8413.28A   37.505    0.0040      Ne 3                489.645A   37.159    0.0018      N  5                147.670A   36.974    0.0012
H  1                8392.35A   37.453    0.0035      Ne 3                313.688A   37.185    0.0019      O  2                425.190A   37.420    0.0033
H  1                8374.43A   37.408    0.0032      Ne 3                490.311A   37.281    0.0024      O  2                388.410A   37.343    0.0027
H  1                8358.96A   37.373    0.0029      O  2                539.086A   37.403    0.0031      O  2                373.600A   37.291    0.0024
H  1                8345.51A   37.359    0.0028      O  2                539.547A   37.367    0.0029      O  2                361.821A   37.263    0.0023
H  1                8333.74A   37.394    0.0031      O  2                539.854A   37.298    0.0025      O  2                366.060A   37.257    0.0023
H  1                8323.38A   38.146    0.0174      O  2                832.758A   37.463    0.0036      O  2                360.570A   37.190    0.0019
H  1                4.05113m   38.755    0.0709      O  2                833.330A   37.528    0.0042      O  2                414.619A   37.169    0.0018
H  1                2.62513m   38.536    0.0428      O  2                834.465A   37.556    0.0045      O  2                358.780A   37.085    0.0015
H  1                2.16551m   38.333    0.0268      O  2                2470.34A   37.150    0.0018      O  2                356.930A   37.083    0.0015
H  1                1.94454m   38.156    0.0178      O  2                7319.99A   36.956    0.0011      O  2                355.610A   37.050    0.0014
H  1                1.81740m   38.000    0.0125      O  2                3728.81A   39.103    0.1580      O  2                384.420A   36.935    0.0011
H  1                1.73620m   37.862    0.0091      O  2                3726.03A   38.926    0.1050      O  3                305.400A   37.520    0.0041
H  1                1.68064m   37.769    0.0073      O  3                88.3323m   40.553    4.4538      O  3                268.070A   37.339    0.0027
H  1                1.64071m   37.666    0.0058      O  3                51.8004m   40.287    2.4155      O  3                263.850A   37.320    0.0026
H  1                1.61092m   37.572    0.0047      O  3                4958.91A   40.237    2.1512      O  3                373.640A   37.466    0.0036
H  1                1.58804m   37.485    0.0038      O  3                5006.84A   40.712    6.4184      O  3                265.020A   37.281    0.0024
H  1                1.57006m   37.405    0.0032      O  3                2320.95A   37.809    0.0080      O  3                248.730A   37.259    0.0023
H  1                1.55563m   37.330    0.0027      O  3                4363.21A   38.408    0.0319      O  3                241.200A   37.221    0.0021
H  1                1.54388m   37.261    0.0023      O  3                1660.81A   37.802    0.0079      O  3                248.620A   37.190    0.0019
H  1                1.53417m   37.196    0.0020      O  3                1666.15A   38.269    0.0231      O  3                236.890A   37.186    0.0019
H  1                1.52604m   37.138    0.0017      O  3                832.929A   37.116    0.0016      O  3                234.190A   37.154    0.0018
H  1                1.51917m   37.085    0.0015      O  3                833.715A   37.815    0.0081      O  3                276.900A   37.162    0.0018
H  1                1.51331m   37.040    0.0014      O  3                702.896A   37.530    0.0042      O  3                241.140A   37.143    0.0017
H  1                1.50827m   37.006    0.0013      O  3                703.851A   37.739    0.0068      O  3                280.450A   37.217    0.0021
H  1                1.50389m   36.992    0.0012      O  3                507.680A   37.775    0.0074      O  3                263.230A   37.189    0.0019
H  1                1.50008m   37.027    0.0013      O  3                508.178A   38.001    0.0125      O  3                232.380A   37.134    0.0017
H  1                1.49672m   37.779    0.0075      O  5                1218.34A   37.891    0.0097      O  3                236.860A   37.103    0.0016
H  1                7.45777m   38.238    0.0216      O  5                1213.81A   38.055    0.0141      O  3                231.110A   37.110    0.0016
H  1                4.65247m   38.070    0.0146      O  5                629.732A   38.121    0.0164      O  3                255.390A   37.135    0.0017
H  1                3.73951m   37.902    0.0099      O  5                172.169A   37.174    0.0019      O  3                232.350A   37.059    0.0014
H  1                3.29607m   37.749    0.0070      O  5                286.448A   37.121    0.0016      O  3                234.180A   37.053    0.0014
H  1                3.03835m   37.612    0.0051      P  2                60.6263m   37.618    0.0052      O  3                231.100A   37.015    0.0013
H  1                2.87219m   37.480    0.0038      P  2                32.8620m   37.507    0.0040      O  3                244.650A   37.050    0.0014
H  1                2.75749m   37.378    0.0030      P  2                1.14682m   37.472    0.0037      O  3                238.930A   36.988    0.0012
H  1                2.67438m   37.284    0.0024      P  2                1.18828m   37.895    0.0098      O  3                233.340A   36.965    0.0012
H  1                2.61191m   37.198    0.0020      P  3                17.8797m   37.875    0.0093      O  3                235.520A   36.945    0.0011
H  1                2.56361m   37.117    0.0016      P  4                950.657A   37.456    0.0036      O  4                239.130A   37.572    0.0047
H  1                2.52538m   37.043    0.0014      P  4                1035.52A   37.002    0.0013      O  4                207.610A   37.320    0.0026
H  1                2.49455m   36.974    0.0012      S  2                6730.82A   38.828    0.0839      O  4                196.560A   37.288    0.0024
H  1                2.46929m   36.910    0.0010      S  2                6716.44A   38.991    0.1222      O  4                214.760A   37.292    0.0024
H  1                2.37371m   37.493    0.0039      S  2                4076.35A   37.157    0.0018      O  4                181.780A   37.197    0.0020
H  1                12.3684m   37.804    0.0079      S  2                4068.60A   37.646    0.0055      O  4                280.550A   37.375    0.0030
H  1                7.50038m   37.672    0.0059      S  2                1.03364m   37.018    0.0013      O  4                174.710A   37.143    0.0017
H  1                5.90655m   37.530    0.0042      S  2                1.02867m   37.019    0.0013      O  4                203.010A   37.135    0.0017
H  1                5.12722m   37.397    0.0031      S  2                1.03205m   37.153    0.0018      O  4                174.310A   37.100    0.0016
H  1                4.67119m   37.241    0.0022      S  2                1259.52A   37.261    0.0023      O  4                182.700A   37.128    0.0017
H  1                4.37522m   37.141    0.0017      S  2                1253.81A   37.188    0.0019      O  4                181.770A   37.103    0.0016
H  1                4.16962m   37.048    0.0014      S  2                1250.58A   36.998    0.0012      O  4                170.710A   37.067    0.0015
H  1                4.01974m   36.962    0.0011      S  2                912.736A   37.181    0.0019      O  4                159.680A   36.992    0.0012
H  1                3.48198m   37.258    0.0023      S  2                910.485A   37.329    0.0027      O  4                168.240A   37.038    0.0014
H  1                19.0565m   37.429    0.0033      S  3                33.4704m   40.024    1.3159      O  4                152.360A   36.937    0.0011
H  1                11.3055m   37.323    0.0026      S  3                18.7078m   39.760    0.7174      O  4                180.320A   36.949    0.0011
H  1                8.75760m   37.202    0.0020      S  3                9068.62A   39.563    0.4553      O  4                186.020A   36.944    0.0011
H  1                7.50599m   37.037    0.0014      S  3                9530.62A   39.963    1.1436      O  4                166.570A   36.968    0.0012
H  1                6.77008m   36.938    0.0011      S  3                3721.63A   37.987    0.0121      O  4                165.420A   36.952    0.0011
H  1                4.84633m   37.059    0.0014      S  3                6312.06A   38.260    0.0227      O  5                135.810A   37.181    0.0019
H  1                27.7955m   37.099    0.0016      S  3                1728.94A   37.273    0.0023      O  5                139.140A   37.180    0.0019
H  1                16.2045m   37.013    0.0013      S  3                1190.20A   37.137    0.0017      O  5                124.910A   37.103    0.0016
He 2                303.784A   40.894    9.7524      S  3                1194.45A   37.560    0.0045      O  5                119.360A   37.047    0.0014
He 2                256.317A   37.808    0.0080      S  3                1015.57A   37.134    0.0017      O  5                116.430A   36.959    0.0011
He 2                243.027A   37.691    0.0061      S  3                1021.11A   37.337    0.0027      O  5                114.620A   36.915    0.0010
He 2                237.331A   37.629    0.0053      Si 2                34.8046m   39.581    0.4750      O  6                105.000A   37.027    0.0013
He 2                234.347A   37.587    0.0048      Si 2                2334.41A   37.060    0.0014      O  6                99.8602A   36.928    0.0011
He 2                232.584A   37.555    0.0045      Si 2                1808.01A   37.062    0.0014      Ne 2                444.150A   37.189    0.0019
He 2                231.454A   37.532    0.0042      Si 2                1260.42A   37.333    0.0027      Ne 2                356.870A   37.136    0.0017
He 2                230.686A   37.511    0.0040      Si 2                1193.29A   37.257    0.0023      Ne 2                461.050A   37.113    0.0016
He 2                230.139A   37.492    0.0039      Si 2                2350.17A   37.185    0.0019      Ne 2                404.130A   37.117    0.0016
He 2                229.736A   37.461    0.0036      Si 2                2344.20A   37.590    0.0048      Ne 2                327.700A   36.964    0.0011
He 2                229.431A   37.462    0.0036      Si 2                2334.60A   37.479    0.0038      Ne 2                331.200A   36.993    0.0012
He 2                229.194A   37.462    0.0036      Si 2                1816.93A   37.297    0.0025      Ne 2                327.139A   36.971    0.0012
He 2                229.006A   37.462    0.0036      Si 2                1533.43A   37.667    0.0058      Ne 2                355.969A   37.003    0.0013
He 2                228.855A   37.463    0.0036      Si 2                1309.28A   37.526    0.0042      Ne 2                320.500A   36.909    0.0010
He 2                228.731A   37.464    0.0036      Si 2                1265.00A   37.826    0.0084      Ne 3                250.920A   37.184    0.0019
He 2                228.629A   37.465    0.0036      Si 2                1197.39A   37.923    0.0104      Ne 3                227.420A   37.210    0.0020
He 2                228.543A   37.466    0.0036      Si 2                1194.50A   37.905    0.0100      Ne 3                223.310A   36.980    0.0012
He 2                228.471A   37.469    0.0037      Si 3                1892.03A   38.474    0.0371      Ne 3                228.870A   37.083    0.0015
He 2                228.409A   37.475    0.0037      Si 3                1882.71A   38.647    0.0553      Ne 3                281.580A   37.201    0.0020
He 2                228.356A   37.486    0.0038      Si 3                1206.50A   38.593    0.0488      Ne 3                227.190A   37.110    0.0016
He 2                228.309A   37.504    0.0040      Si 4                1393.75A   38.257    0.0225      Ne 3                265.510A   37.120    0.0016
He 2                228.269A   37.540    0.0043      Si 4                1402.77A   38.076    0.0148      Ne 4                171.550A   37.135    0.0017
He 2                228.234A   37.625    0.0053      Si 7                275.353A   36.960    0.0011      Ne 4                148.550A   37.051    0.0014
He 2                228.203A   38.440    0.0343      Si 7                278.443A   37.033    0.0013      Ne 4                207.180A   37.151    0.0018
He 2                1640.43A   40.095    1.5495      Si 7                2146.64A   37.247    0.0022      Ne 4                139.980A   36.948    0.0011
He 2                1215.13A   39.622    0.5223      Si 7                2.48071m   37.925    0.0105      Ne 4                159.100A   37.017    0.0013
He 2                1084.94A   39.285    0.2402      Ti 5                252.959A   36.966    0.0012      Ne 4                157.090A   36.924    0.0010
He 2                1025.27A   39.026    0.1322      Al 2                2669.15A   37.289    0.0024      Ne 5                143.350A   37.252    0.0022
He 2                992.360A   38.815    0.0813      Al 2                2660.35A   37.472    0.0037      Ne 5                142.640A   37.125    0.0017
He 2                972.108A   38.637    0.0540      Al 2                1670.79A   37.643    0.0055      Ne 5                119.100A   37.014    0.0013
He 2                958.694A   38.483    0.0379      Al 5                2.90450m   38.038    0.0136      Ne 5                132.560A   37.037    0.0014
He 2                949.324A   38.348    0.0278      Ar 7                585.754A   37.260    0.0023      Ne 5                167.820A   37.125    0.0017
He 2                942.508A   38.483    0.0379      Ar 8                713.813A   37.003    0.0013      Ne 5                131.150A   36.938    0.0011
He 2                937.389A   38.388    0.0304      Ar 8                700.246A   37.199    0.0020      Ne 6                122.920A   37.243    0.0022
He 2                933.444A   38.301    0.0249      C  4                1550.78A   38.938    0.1080      Ne 6                111.440A   37.059    0.0014
He 2                930.337A   38.221    0.0207      C  4                1548.19A   39.200    0.1973      Ne 6                98.4397A   36.948    0.0011
He 2                927.846A   38.146    0.0174      C  4                312.452A   37.551    0.0044      Ne 6                114.600A   37.007    0.0013
He 2                925.817A   38.077    0.0149      C  4                312.421A   37.599    0.0050      Ne 6                138.790A   36.921    0.0010
He 2                924.142A   38.013    0.0129      C  4                244.912A   37.346    0.0028      Na 5                124.710A   36.907    0.0010
He 2                922.743A   37.955    0.0112      C  4                244.904A   37.407    0.0032      Mg 6                95.1402A   37.047    0.0014
He 2                921.562A   37.901    0.0099      Ca 2                7323.89A   38.064    0.0144      Mg 7                84.0598A   36.972    0.0012
He 2                920.556A   37.854    0.0089      Ca 2                7291.47A   38.240    0.0217      Si 2                1179.59A   38.039    0.0136
He 2                919.693A   37.815    0.0081      Ca 2                3968.47A   37.544    0.0044      Si 2                993.354A   37.610    0.0051
He 2                918.945A   37.788    0.0076      Ca 2                3933.66A   37.704    0.0063      Si 2                893.551A   37.332    0.0027
He 2                918.295A   37.781    0.0075      Ca 2                8542.09A   37.181    0.0019      Si 2                847.623A   37.059    0.0014
He 2                917.724A   37.827    0.0084      Ca 5                4.15739m   38.238    0.0216      Si 2                1024.03A   37.472    0.0037
He 2                917.221A   38.599    0.0495      Ca 5                11.4792m   37.096    0.0016      Si 2                903.081A   37.088    0.0015
He 2                4685.64A   39.210    0.2019      Ca 5                5309.11A   37.895    0.0098      Si 3                564.611A   37.179    0.0019
He 2                3203.04A   38.887    0.0961      Ca 5                6086.37A   37.183    0.0019      Si 3                464.939A   37.113    0.0016
He 2                2733.24A   38.623    0.0523      Ca 8                2.32117m   37.003    0.0013      Si 3                435.840A   36.920    0.0010
He 2                2511.15A   38.407    0.0318      Cl 2                8578.70A   36.918    0.0010      Si 4                329.800A   36.976    0.0012
He 2                2385.35A   38.225    0.0209      Cl 3                5537.87A   37.556    0.0045      Si 8                60.8598A   36.933    0.0011
He 2                2306.15A   38.068    0.0146      Cl 3                5517.71A   37.713    0.0064      S  2                750.323A   37.466    0.0036
He 2                2252.64A   37.930    0.0106      Cl 4                20.3197m   38.066    0.0145      S  2                632.711A   37.220    0.0021
He 2                2214.62A   37.968    0.0116      Cl 4                11.7629m   37.967    0.0115      S  2                888.439A   37.371    0.0029
He 2                2186.56A   37.873    0.0093      Cl 4                7530.54A   37.400    0.0031      S  2                587.599A   37.067    0.0015
He 2                2165.20A   37.786    0.0076      Cl 4                8045.62A   37.764    0.0072      S  2                566.130A   36.918    0.0010
He 2                2148.55A   37.706    0.0063      Cr 7                202.826A   37.078    0.0015      S  3                667.049A   37.829    0.0084
He 2                2135.31A   37.632    0.0053      Fe10                177.240A   37.002    0.0013      S  3                691.219A   37.699    0.0062
He 2                2124.58A   37.563    0.0046      Fe10                174.531A   37.144    0.0017      S  3                704.220A   37.635    0.0054
He 2                2115.78A   37.500    0.0039      Fe 4                3095.77A   38.870    0.0924      S  3                671.510A   37.359    0.0028
He 2                2108.46A   37.441    0.0034      Fe 4                3094.96A   38.646    0.0552      S  3                482.139A   37.251    0.0022
He 2                2102.30A   37.388    0.0030      Fe 4                3094.53A   38.486    0.0381      S  3                474.260A   37.175    0.0019
He 2                2097.07A   37.341    0.0027      Fe 4                2835.74A   38.629    0.0530      S  3                480.121A   37.142    0.0017
He 2                2092.59A   37.302    0.0025      Fe 4                2829.36A   38.309    0.0254      S  3                420.730A   37.031    0.0013
He 2                2088.73A   37.274    0.0023      Fe 4                2823.50A   38.110    0.0161      S  3                424.450A   36.978    0.0012
He 2                2085.37A   37.268    0.0023      Fe 4                2.83562m   37.194    0.0019      S  4                330.110A   37.059    0.0014
He 2                2082.42A   37.314    0.0026      Fe 4                2567.61A   37.551    0.0044      S  4                370.000A   37.062    0.0014
He 2                2079.84A   38.086    0.0152      Fe 5                70.3538m   38.806    0.0797      S  4                341.260A   37.030    0.0013
He 2                1.01233m   38.594    0.0489      Fe 5                36.3273m   38.801    0.0787      S  4                321.910A   36.909    0.0010
He 2                6559.91A   38.357    0.0283      Fe 5                25.9131m   38.699    0.0623      S  5                285.830A   37.039    0.0014
He 2                5411.37A   38.142    0.0173      Fe 5                20.8407m   38.438    0.0342      Ar 3                458.140A   37.479    0.0038
He 2                4859.18A   37.957    0.0113      Fe 5                4180.59A   37.921    0.0104      Ar 3                464.671A   37.351    0.0028
He 2                4541.46A   37.797    0.0078      Fe 5                4143.15A   38.167    0.0183      Ar 3                451.091A   37.175    0.0019
He 2                4338.55A   37.657    0.0057      Fe 5                4227.19A   38.876    0.0936      Ar 3                472.659A   37.169    0.0018
He 2                4199.71A   37.598    0.0049      Fe 5                4003.21A   37.217    0.0021      Ar 3                488.909A   37.139    0.0017
He 2                4099.92A   37.504    0.0040      Fe 5                4071.24A   38.149    0.0176      Ar 3                388.490A   37.038    0.0014
He 2                4025.48A   37.418    0.0033      Fe 5                3895.22A   37.738    0.0068      Ar 3                527.451A   37.106    0.0016
He 2                3968.32A   37.338    0.0027      Fe 5                3851.34A   37.514    0.0041      Ar 4                444.680A   37.665    0.0058
He 2                3923.37A   37.264    0.0023      Fe 5                3794.94A   38.103    0.0158      Ar 4                392.000A   37.102    0.0016
He 2                3887.33A   37.195    0.0020      Fe 5                3755.70A   37.822    0.0083      Ar 5                441.850A   37.505    0.0040
He 2                3857.96A   37.132    0.0017      Fe 5                3911.33A   37.245    0.0022      Ar 5                455.901A   37.377    0.0030
He 2                3833.69A   37.073    0.0015      Fe 5                3839.27A   38.113    0.0161      Ar 5                337.380A   37.061    0.0014
He 2                3813.38A   37.020    0.0013      Fe 5                3783.22A   37.701    0.0063      Ca 3                351.260A   37.545    0.0044
He 2                3796.22A   36.973    0.0012      Fe 5                3891.28A   37.862    0.0091      Ca 3                298.430A   37.109    0.0016
He 2                3781.57A   36.934    0.0011      Fe 5                3819.95A   37.191    0.0019      Ca 3                277.760A   36.959    0.0011
He 2                3768.96A   36.907    0.0010      Fe 5                2.04669m   36.990    0.0012      Ca 4                303.870A   37.348    0.0028
He 2                3748.49A   36.947    0.0011      Fe 5                3445.62A   37.373    0.0029      Ca 4                310.370A   37.218    0.0021
He 2                3740.11A   37.719    0.0065      Fe 5                3400.41A   37.005    0.0013      Ca 4                307.850A   37.218    0.0021
He 2                1.86362m   38.092    0.0154      Fe 5                3463.51A   37.375    0.0030      Ca 4                323.400A   37.210    0.0020
He 2                1.16260m   37.915    0.0102      Fe 5                2828.24A   37.307    0.0025      Ca 4                319.070A   37.194    0.0019
He 2                9344.62A   37.738    0.0068      Fe 5                2750.88A   36.991    0.0012      Ca 5                314.530A   37.417    0.0033
He 2                8236.51A   37.579    0.0047      Fe 5                2730.21A   37.081    0.0015      Ca 5                325.410A   37.337    0.0027
He 2                7592.50A   37.438    0.0034      Fe 5                2717.82A   37.077    0.0015      Ca 5                332.080A   37.122    0.0016
He 2                7177.28A   37.309    0.0025      Fe 5                2707.36A   37.128    0.0017      Ca 5                660.908A   37.093    0.0015
He 2                6890.67A   37.216    0.0020      Fe 6                19.5527m   39.228    0.2106      Ca 6                330.390A   37.441    0.0034
He 2                6682.98A   37.130    0.0017      Fe 6                5335.19A   38.277    0.0236      Ca 7                338.000A   37.289    0.0024
He 2                6526.88A   37.051    0.0014      Fe 6                5277.81A   37.811    0.0081      Ca 7                348.130A   37.158    0.0018
He 2                6406.17A   36.977    0.0012      Fe 6                3813.55A   37.289    0.0024      Fe 3                911.104A   37.307    0.0025
He 2                6310.64A   36.909    0.0010      Fe 6                3492.10A   37.538    0.0043      Fe 3                859.623A   37.134    0.0017
He 2                5931.63A   37.433    0.0034      Fe 6                14.7670m   39.054    0.1412      Fe 3                896.877A   37.222    0.0021
He 2                3.09074m   37.664    0.0057      Fe 6                5484.85A   38.023    0.0131      Fe 3                579.421A   36.951    0.0011
He 2                1.87427m   37.529    0.0042      Fe 6                5424.23A   38.142    0.0173      Fe 3                762.643A   36.921    0.0010
He 2                1.47599m   37.382    0.0030      Fe 6                5234.29A   37.351    0.0028      Fe 3                871.422A   36.971    0.0012
He 2                1.28124m   37.246    0.0022      Fe 6                4972.48A   38.530    0.0422      Fe 4                309.190A   37.101    0.0016
He 2                1.16728m   37.071    0.0015      Fe 6                3889.41A   37.491    0.0039      Fe 4                532.950A   37.350    0.0028
He 2                1.09332m   36.979    0.0012      Fe 6                3555.61A   37.847    0.0088      Fe 4                275.130A   36.997    0.0012
He 2                8701.09A   37.198    0.0020      Fe 6                3573.86A   36.990    0.0012      Fe 4                259.600A   36.935    0.0011
He 2                4.76203m   37.291    0.0024      Fe 6                12.3074m   38.769    0.0732      Fe 4                326.120A   37.006    0.0013
He 2                2.82513m   37.187    0.0019      Fe 6                5631.08A   38.162    0.0181      Fe 5                236.210A   36.959    0.0011
He 2                2.18843m   37.064    0.0014      Fe 6                5426.65A   37.883    0.0095      Fe 5                236.300A   36.966    0.0012
He 2                1.21105m   36.999    0.0012      Fe 6                5145.76A   38.546    0.0438      Fe 5                391.409A   37.223    0.0021
He 2                6.94582m   36.960    0.0011      Fe 6                4967.15A   38.054    0.0141      Fe 5                227.780A   37.013    0.0013
C  6                33.7359A   37.123    0.0017      Fe 6                3662.50A   37.870    0.0092      Fe 5                389.529A   37.159    0.0018
He-like iso-sequence...........................      Fe 6                5676.96A   38.213    0.0204      Fe 5                369.760A   37.118    0.0016
He 1                584.334A   39.030    0.1334      Fe 6                5370.30A   37.287    0.0024      Fe 6                174.510A   37.018    0.0013
He 1                537.030A   38.086    0.0152      Fe 6                5176.05A   38.425    0.0331      Fe 6                156.820A   36.948    0.0011
He 1                522.213A   37.949    0.0111      Fe 6                1.28877m   37.382    0.0030      Fe 6                180.240A   36.961    0.0011
He 1                515.617A   37.871    0.0093      Fe 6                1.23303m   37.486    0.0038      Fe 6                185.150A   36.962    0.0011
He 1                512.099A   37.812    0.0081      Fe 6                1.34929m   37.681    0.0060      Fe 6                295.530A   37.148    0.0018
He 1                625.563A   40.359    2.8477      Fe 6                1.26742m   37.226    0.0021      Fe 6                292.810A   37.100    0.0016
He 1                510.018A   37.667    0.0058      Fe 8                195.972A   37.050    0.0014      Fe 6                279.220A   36.981    0.0012
He 1                508.657A   37.652    0.0056      Fe 8                186.599A   37.139    0.0017      Fe 6                296.190A   36.976    0.0012
He 1                507.727A   37.636    0.0054      Fe 8                168.930A   37.337    0.0027      Fe 7                152.390A   37.270    0.0023
He 1                507.065A   37.620    0.0052      Fe 8                168.545A   37.023    0.0013      Fe 7                163.470A   37.214    0.0020
He 1                506.576A   37.604    0.0050      Fe 8                168.173A   37.072    0.0015      Fe 7                148.230A   37.120    0.0016
He 1                506.204A   37.585    0.0048      Fe 8                167.486A   37.124    0.0017      Fe 7                148.660A   37.049    0.0014
He 1                505.916A   37.566    0.0046      Fe 8                168.003A   37.275    0.0023      Fe 7                181.600A   37.069    0.0015
He 1                505.687A   37.546    0.0044      Fe 8                130.941A   36.954    0.0011      Fe 7                234.000A   37.105    0.0016
He 1                505.502A   37.524    0.0042      Mg 2                2802.71A   38.571    0.0464      Fe 7                196.310A   36.992    0.0012
He 1                505.352A   37.502    0.0040      Mg 2                2795.53A   38.843    0.0868      Fe 7                226.340A   37.030    0.0013
He 1                505.227A   37.480    0.0038      Mg 4                4.48712m   39.040    0.1367      Fe 8                123.920A   37.087    0.0015
He 1                505.122A   37.457    0.0036      Mg 4                323.307A   37.196    0.0020      P  2                967.202A   37.274    0.0023
He 1                505.033A   37.435    0.0034      Mg 5                5.60700m   38.946    0.1101      P  2                963.828A   37.391    0.0031
He 1                504.958A   37.353    0.0028      Mg 5                2782.76A   38.184    0.0190      P  3                918.147A   36.912    0.0010
He 1                504.893A   37.370    0.0029      Mg 5                353.092A   37.001    0.0012      K  5                727.442A   37.185    0.0019
He 1                504.836A   37.374    0.0029      Mg 5                137.411A   36.931    0.0011      K  6                720.129A   37.008    0.0013
He 1                504.787A   37.308    0.0025      Mg 5                13.5464m   37.870    0.0092      Cr 3                1033.06A   37.074    0.0015
He 1                504.744A   37.348    0.0028      Mg 5                2928.09A   37.619    0.0052      Cr 3                1035.74A   37.126    0.0017
He 1                504.706A   37.414    0.0032      Mg 5                355.329A   37.247    0.0022      hyperfine structure............................
He 1                504.672A   38.185    0.0191      Mg 5                354.221A   37.010    0.0013      inner shell....................................
He 1                1.08303m   39.139    0.1716      Mg 6                1806.00A   37.159    0.0018      molecules......................................
He 1                3888.63A   38.864    0.0911      Mg 6                1806.43A   37.260    0.0023      blends.........................................
He 1                3187.74A   38.475    0.0372      Mg 6                403.308A   37.464    0.0036      Blnd                1304.00A   36.919    0.0010
He 1                2945.10A   38.161    0.0181      Mg 6                400.663A   37.424    0.0033      Blnd                2798.00A   39.029    0.1332
He 1                2829.08A   37.906    0.0100      Mg 6                399.282A   37.349    0.0028      Blnd                615.000A   37.201    0.0020
He 1                2760.44A   37.346    0.0028      Mg 7                9.00655m   37.656    0.0056      Blnd                6720.00A   39.219    0.2061
He 1                2721.00A   37.196    0.0020      Mg 7                5.50177m   37.528    0.0042      Blnd                4074.00A   37.768    0.0073
He 1                2694.61A   37.062    0.0014      Mg 7                2628.89A   36.917    0.0010      Blnd                1.03300m   37.659    0.0057
He 1                2676.05A   36.940    0.0011      Mg 7                429.140A   36.983    0.0012      Blnd                1256.00A   37.640    0.0054
He 1                2.05813m   37.936    0.0108      Mg 7                431.194A   37.243    0.0022      Blnd                1198.00A   37.729    0.0067
He 1                5015.68A   38.233    0.0213      Mg 7                365.247A   36.929    0.0011      Blnd                1720.00A   37.405    0.0032
He 1                3964.73A   37.842    0.0087      Mg 7                367.688A   37.081    0.0015      Blnd                3722.00A   37.993    0.0123
He 1                3613.64A   37.532    0.0042      Mg 7                278.404A   37.086    0.0015      Blnd                1406.00A   37.446    0.0035
He 1                3447.59A   37.275    0.0023      Mg 8                3.02765m   36.976    0.0012      Blnd                2665.00A   37.691    0.0061
He 1                7065.22A   38.138    0.0171      Mg 8                430.455A   37.197    0.0020      Blnd                1860.00A   37.973    0.0117
He 1                5875.64A   38.887    0.0961      Mg 8                338.984A   36.935    0.0011      Blnd                4725.00A   38.599    0.0495
He 1                4713.03A   37.461    0.0036      Mg 8                317.028A   37.055    0.0014      Blnd                2860.00A   37.524    0.0042
He 1                4471.49A   38.479    0.0375      Mg 8                315.016A   37.070    0.0015      Blnd                7250.00A   36.956    0.0011
He 1                4120.82A   37.037    0.0014      Mg 9                368.071A   37.428    0.0033      Blnd                2335.00A   37.994    0.0123
He 1                4026.20A   38.163    0.0181      Mg10                609.794A   37.014    0.0013      Blnd                1888.00A   38.870    0.0924
He 1                3819.61A   37.908    0.0101      N  2                205.244m   38.112    0.0161      Blnd                1397.00A   38.477    0.0373
He 1                3704.76A   37.971    0.0117      N  2                121.767m   37.905    0.0100      Blnd                2424.00A   39.006    0.1263
He 1                3634.08A   37.810    0.0080      N  2                6548.05A   38.508    0.0401      Blnd                774.000A   38.065    0.0145
He 1                3587.16A   37.668    0.0058      N  2                6583.45A   38.978    0.1183      Blnd                5525.00A   37.943    0.0109
He 1                3554.34A   37.542    0.0043      N  2                5754.61A   36.908    0.0010      Blnd                8579.00A   37.368    0.0029
He 1                3530.43A   37.426    0.0033      N  2                1083.99A   37.073    0.0015      Blnd                7306.00A   38.462    0.0361
He 1                3512.47A   37.321    0.0026      N  2                1084.56A   37.538    0.0043      Blnd                3933.00A   37.932    0.0107
He 1                3498.61A   37.224    0.0021      N  2                916.020A   37.220    0.0021      Blnd                1335.00A   38.976    0.1178
He 1                3487.70A   37.134    0.0017      N  2                916.710A   37.435    0.0034      C 2R                1335.00A   38.942    0.1090
He 1                3478.94A   37.051    0.0014      N  2                672.001A   36.946    0.0011      Blnd                977.000A   38.770    0.0734
He 1                3471.80A   36.974    0.0012      N  3                57.3238m   39.932    1.0647      C 3R                977.000A   38.313    0.0256
He 1                3439.99A   37.397    0.0031      N  3                1748.65A   37.377    0.0030      Blnd                1909.00A   39.364    0.2880
He 1                7281.35A   37.609    0.0051      N  3                1753.99A   37.392    0.0031      C 3R                1909.00A   38.159    0.0180
He 1                6678.15A   38.340    0.0272      N  3                1746.82A   36.960    0.0011      Blnd                1176.00A   38.000    0.0124
He 1                5047.64A   37.044    0.0014      N  3                1752.16A   37.800    0.0079      C 3R                1175.00A   37.978    0.0118
He 1                4921.93A   37.911    0.0102      N  3                1749.67A   37.854    0.0089      Blnd                1549.00A   39.410    0.3204
He 1                4387.93A   37.591    0.0049      N  3                989.799A   37.513    0.0041      C 4R                1549.00A   37.783    0.0076
He 1                4143.76A   37.335    0.0027      N  3                991.511A   37.751    0.0070      N 2R                6584.00A   36.946    0.0011
He 1                4009.05A   37.335    0.0027      N  3                764.351A   37.716    0.0065      Blnd                1085.00A   38.130    0.0168
He 1                3926.41A   37.171    0.0018      N  3                685.515A   37.178    0.0019      N 2R                1085.00A   37.936    0.0108
He 1                3871.69A   37.028    0.0013      N  3                686.336A   37.819    0.0082      Blnd                1750.00A   38.284    0.0239
He 1                1.25274m   36.980    0.0012      N  3                685.817A   37.804    0.0079      Blnd                990.000A   38.545    0.0437
He 1                1.70027m   37.328    0.0027      N  3                452.227A   37.465    0.0036      N 3R                990.000A   38.417    0.0325
He 1                1.19692m   37.167    0.0018      N  4                1486.50A   37.901    0.0099      Blnd                765.000A   38.006    0.0126
He 1                1.03113m   36.968    0.0012      N  4                1483.32A   38.074    0.0148      N 4R                765.000A   36.934    0.0011
He 1                9515.06A   37.084    0.0015      N  4                765.147A   37.968    0.0116      Blnd                1486.00A   38.297    0.0247
He 1                9062.39A   36.938    0.0011      N  4                247.205A   37.241    0.0022      Blnd                1240.00A   38.674    0.0588
He 1                1.86854m   37.954    0.0112      N  4                463.736A   36.939    0.0011      Blnd                3726.00A   38.926    0.1050
He 1                1.27849m   37.624    0.0052      Na 3                7.31706m   38.117    0.0163      Blnd                3729.00A   39.103    0.1580
He 1                1.09130m   37.358    0.0028      Na 4                9.03098m   37.983    0.0120      Blnd                833.000A   37.994    0.0123
He 1                1.00275m   37.155    0.0018      Na 4                3241.51A   37.303    0.0025      O 2R                3729.00A   37.965    0.0115
He 1                9526.01A   36.985    0.0012      Na 4                412.244A   36.916    0.0010      O 2R                4651.00A   37.589    0.0048
He 1                1.86972m   37.477    0.0037      Na 5                463.270A   37.226    0.0021      O 2R                4341.00A   37.311    0.0026
He 1                1.27905m   37.147    0.0017      Na 5                461.057A   37.148    0.0018      Blnd                5007.00A   40.837    8.5704
He 1                4.04791m   37.236    0.0021      Na 5                459.901A   36.965    0.0011      Blnd                835.000A   38.749    0.0699
He 1                2.62338m   36.945    0.0011      Na 6                14.3228m   37.022    0.0013      O 3R                835.000A   38.680    0.0596
C  5                40.2678A   37.558    0.0045      Ne 4                2421.66A   38.609    0.0507      Blnd                789.000A   38.777    0.0745
C  5                41.4721A   37.887    0.0096      Ne 4                2424.28A   38.783    0.0757      O 4R                789.000A   38.703    0.0629
N  6                28.7870A   37.040    0.0014      Ne 4                1601.45A   37.149    0.0018      Blnd                630.000A   38.165    0.0182
O  7                21.6020A   37.193    0.0019      Ne 4                541.126A   37.567    0.0046      O 5R                630.000A   37.150    0.0018
O  7                22.1012A   37.154    0.0018      Ne 4                542.076A   37.608    0.0051      Blnd                1218.00A   38.282    0.0238
extra Lyman....................................      Ne 4                543.886A   37.632    0.0053      Blnd                1035.00A   38.767    0.0728
database lines.................................      Ne 4                208.903A   36.991    0.0012
Al 3                1854.72A   37.725    0.0066      Ne 4                208.737A   37.082    0.0015



 CIV QSO  
 Cooling:  HFBc                      0 :0.056 O  3c                     0 :0.406 S  3c                     0 :0.096 O  4c                     0 :0.075 S  4c                     0 :0.066  
 Heating:  BFH1                      0 :0.470 BFHe                      0 :0.442 TotM                      0 :0.080  

 These are some of the most important databases used by Cloudy:
 Many recombination coefficients were taken from http://amdpp.phys.strath.ac.uk/tamoc/RR/ and http://amdpp.phys.strath.ac.uk/tamoc/DR/
      and are based on the following papers:
        Badnell N. R., et al., A&A 406, 1151 (2003) [http://adsabs.harvard.edu/abs/2003A%26A...406.1151B]
        Badnell N. R., ApJS 167, 334 (2006) [http://adsabs.harvard.edu/abs/2006ApJS..167..334B]
 Much of the molecular emission data is from LAMDA as accessed on June 30, 2015. This database is described in:
        Schoeier F.L., et al., A&A 432, 369 (2005) [http://adsabs.harvard.edu/abs/2005A%26A...432..369S]
      This database is in part based on the work of the following groups:
        JPL: Pickett H. M. et al., JQSRT, 60, 883 (1998). [http://adsabs.harvard.edu/abs/1998JQSRT..60..883P]
        CDMS: Mueller H. S. et al., A&A 370, L49 (2001). [http://adsabs.harvard.edu/abs/2001A%26A...370L..49M]
              Mueller H. S. et al., J. Mol. Struct. 742, 215 (2005). [http://adsabs.harvard.edu/abs/2005JMoSt.742..215M]
 Some of the ionic emission data is from version 7.1.4 of CHIANTI. CHIANTI is a collaborative project involving the NRL (USA), the
      Universities of Florence (Italy) and Cambridge (UK), and George Mason University (USA). These papers describe Chianti:
        Dere K. P., et al., A&AS, 125, 149 (1997) [http://adsabs.harvard.edu/abs/1997A%26AS..125..149D]
        Landi E., et al., ApJ, 744, 99 (2012) [http://adsabs.harvard.edu/abs/2012ApJ...744...99L]
 Much of the H_2 data is from this web site: http://molat.obspm.fr/index.php?page=pages/Molecules/H2/H2can94.php. These data are
      described in:
        Abgrall H. et al., Can. J. Phys., 72, 856 (1994) [http://adsabs.harvard.edu/abs/1994CaJPh..72..856A]
        Wrathmall S. A. & Flower D. R., J. Phys. B, 40, 3221 (2007) [http://adsabs.harvard.edu/abs/2007JPhB...40.3221W]
 The Case A and Case B recombination predictions for one-electron systems are from
	Storey, P.J. & Hummer, D.G., 1995, MNRAS 272, 41 http://adsabs.harvard.edu/abs/1995MNRAS.272...41S
 The He I recombination predictions are from
	Porter, R. L.; Ferland, G. J.; Storey, P. J.; Detisch, M. J., 2012, MNRAS, 425, 28p http://adsabs.harvard.edu/abs/2012MNRAS.425L..28P
		http://adsabs.harvard.edu/abs/2013MNRAS.433L..89P

 If you find some process or data set to be particularly critical to a result, please follow the trail of references back to the
 original source and cite that.  This will support and encourage atomic, molecular, and chemical physicists to continue their
 valuable work.

 IONIZE PARMET:  U(1-)  0.4745  U(4-): -0.5483  U(sp): -2.64  Q(ion):   52.057  L(ion) 41.917    Q(low): 55.199    L(low) 42.624
 ENERGY BUDGET:  Heat:  41.487  Coolg:  41.487  Error:  0.0%  Rec Lin:  41.177  F-F  H  0.000    P(rad/tot)max     3.51E-02    R(F Con):1.737e+05

     Col(Heff):      2.054E+20  snd travl time  2.79E+17 sec  Te-low: 7.72E+03  Te-hi: 7.92E+04  G0TH85: 4.23E+00  G0DB96:4.11E+00
  Emiss Measure    n(e)n(p) dl       5.073E+17  n(e)n(He+)dl         1.313E+16  En(e)n(He++) dl         3.759E+16  ne nC+:2.14E+12
 He/Ha:8.68E-02  =   0.87*true  Lthin:1.80E+08  itr/zn: 5.90  H2 itr/zn:  0.00  File Opacity: F  MassTot 1.78e+44  (gm)
   Temps(21 cm)   T(21cm/Ly a)  2.05E+03        T(<nH/Tkin>)  8.49E+03          T(<nH/Tspin>)    2.20E+03          TB21cm:1.20E-02
                   N(H0/Tspin)  2.05E+14        N(OH/Tkin)    1.24E-01          B(21cm)          0.00E+00
   <a>:5.25E-13  erdeFe6.2E+26  Tcompt5.33E+15  Tthr2.30E+15  <Tden>: 1.32E+04  <dens>:2.41E-27  <MolWgt>6.32E-01
     Mean Jeans  l(cm)3.26E+23  M(sun)6.83E+09  smallest:     len(cm):1.36E+23  M(sun):2.12E+09  a_ox tran: -1.53
 Rion:3.162E+23  Dist:0.00E+00  Diam:0.000E+00
 Hatom level 70  HatomType: add  HInducImp  F  He tot level: 63  He2 level:   70  ExecTime   136.8
 ConvrgError(%)  <eden>  0.022  MaxEden  0.376  <H-C>   0.02  Max(H-C)    0.29  <Press>   0.000  MaxPrs er  0.000
  Continuity(%)  chng Te   4.0  elec den   6.0  n(H2)    0.0  n(CO)        0.0

                                                        Averaged Quantities
             Te      Te(Ne)   Te(NeNp)  Te(NeHe+)Te(NeHe2+) Te(NeO+)  Te(NeO2+)  Te(H2)     N(H)     Ne(O2+)   Ne(Np)
 Radius:  1.07e+04  1.34e+04  1.60e+04  9.50e+03  1.83e+04  8.63e+03  9.71e+03  7.95e+03  1.02e-03  1.01e-03  1.59e-03
   Area:  8.62e+03  9.54e+03  1.08e+04  8.86e+03  1.31e+04  8.31e+03  9.09e+03  7.93e+03  6.98e-04  8.36e-04  1.05e-03
 Volume:  8.17e+03  8.55e+03  9.18e+03  8.47e+03  1.13e+04  8.12e+03  8.63e+03  7.92e+03  5.66e-04  7.10e-04  7.83e-04
 
 Peimbert T(OIIIr)8.57E+03 T(Bac)8.25E+03 T(Hth)0.00E+00 t2(Hstrc) 4.44e-02 T(O3-BAC)0.00E+00 t2(O3-BC) 0.00e+00 t2(O3str) 1.72e-02

 Contin Optical Depths: COMP: 2.45e-04    H-: 6.59e-07 R(1300): 3.03e-06  H2+: 1.45e-08  Bra:1.23E-04
                          Pa: 1.23e-04    Ba: 1.23e-04      Hb: 1.23e-04   La: 3.86e-03     1r:5.004E+07  1.8:1.18E+07 4.:1.715E+06

 Old, new H  1 continuum optical depths:
     1 1.00e+08     2 0.00e+00     3 0.00e+00     4 0.00e+00     5 0.00e+00     6 0.00e+00     7 0.00e+00     8 0.00e+00
     9 0.00e+00    10 0.00e+00    11 0.00e+00    12 0.00e+00    13 0.00e+00    14 0.00e+00    15 0.00e+00    16 0.00e+00
    17 0.00e+00    18 0.00e+00    19 0.00e+00    20 0.00e+00    21 0.00e+00    22 0.00e+00    23 0.00e+00    24 0.00e+00
    25 0.00e+00    26 0.00e+00    27 0.00e+00    28 0.00e+00    29 0.00e+00    30 0.00e+00    31 0.00e+00    32 0.00e+00
    33 0.00e+00    34 0.00e+00    35 0.00e+00    36 0.00e+00    37 0.00e+00    38 0.00e+00    39 0.00e+00    40 0.00e+00
    41 0.00e+00    42 0.00e+00    43 0.00e+00    44 0.00e+00    45 0.00e+00    46 0.00e+00    47 0.00e+00    48 0.00e+00
    49 0.00e+00    50 0.00e+00    51 0.00e+00    52 0.00e+00    53 0.00e+00    54 0.00e+00
     1 5.00e+07     2 1.70e-07     3 3.34e-07     4 3.34e-07     5 3.34e-07     6 8.58e-08     7 8.58e-08     8 8.58e-08
     9 8.58e-08    10 5.16e-19    11 5.16e-19    12 5.16e-19    13 5.16e-19    14 5.16e-19    15 1.21e-18    16 1.21e-18
    17 1.21e-18    18 1.21e-18    19 1.21e-18    20 1.21e-18    21 2.52e-18    22 2.52e-18    23 2.52e-18    24 2.52e-18
    25 2.52e-18    26 2.52e-18    27 2.52e-18    28 4.82e-18    29 4.82e-18    30 4.82e-18    31 4.82e-18    32 4.82e-18
    33 4.82e-18    34 4.82e-18    35 4.82e-18    36 8.65e-18    37 8.65e-18    38 8.65e-18    39 8.65e-18    40 8.65e-18
    41 8.65e-18    42 8.65e-18    43 8.65e-18    44 8.65e-18    45 1.47e-17    46 1.47e-17    47 1.47e-17    48 1.47e-17
    49 1.47e-17    50 1.47e-17    51 1.47e-17    52 1.47e-17    53 1.47e-17    54 1.47e-17

 Old, new H  1 mean line optical depths:
  2- 1 1.61e+20  3- 2 8.60e-05  4- 3 0.00e+00  5- 4 0.00e+00  6- 5 0.00e+00  7- 6 0.00e+00  8- 7 0.00e+00
  9- 8 0.00e+00 10- 9 0.00e+00 11-10 0.00e+00 12-11 0.00e+00 13-12 0.00e+00 14-13 0.00e+00 15-14 0.00e+00 16-15 0.00e+00
 17-16 0.00e+00 18-17 0.00e+00 19-18 0.00e+00 20-19 0.00e+00 21-20 0.00e+00 22-21 0.00e+00 23-22 0.00e+00 24-23 0.00e+00
 25-24 0.00e+00
  2- 1 5.11e+04  3- 2 2.44e-09  4- 3 0.00e+00  5- 4 0.00e+00  6- 5 4.60e-16  7- 6 3.15e-15  8- 7 6.74e-15
  9- 8 1.49e-14 10- 9 2.93e-14 11-10 1.53e-13 12-11 4.45e-15 13-12 1.06e-14 14-13 5.31e-15 15-14 4.46e-15 16-15 2.85e-15
 17-16 2.12e-15 18-17 7.12e-15 19-18 4.62e-16 20-19 5.23e-17 21-20 0.00e+00 22-21 0.00e+00 23-22 0.00e+00 24-23 0.00e+00
 25-24 0.00e+00

 Old, new He 2 continuum optical depths:
     1 3.43e+06     2 9.96e+07     3 0.00e+00     4 0.00e+00     5 0.00e+00     6 0.00e+00     7 0.00e+00     8 0.00e+00
     9 0.00e+00    10 0.00e+00    11 0.00e+00    12 0.00e+00    13 0.00e+00    14 0.00e+00    15 0.00e+00    16 0.00e+00
    17 0.00e+00    18 0.00e+00    19 0.00e+00    20 0.00e+00    21 0.00e+00    22 0.00e+00    23 0.00e+00    24 0.00e+00
    25 0.00e+00    26 0.00e+00    27 0.00e+00    28 0.00e+00    29 0.00e+00    30 0.00e+00    31 0.00e+00    32 0.00e+00
    33 0.00e+00    34 0.00e+00    35 0.00e+00    36 0.00e+00    37 0.00e+00    38 0.00e+00    39 0.00e+00    40 0.00e+00
    41 0.00e+00    42 0.00e+00    43 0.00e+00    44 0.00e+00    45 0.00e+00    46 0.00e+00    47 0.00e+00    48 0.00e+00
    49 0.00e+00    50 0.00e+00    51 0.00e+00    52 0.00e+00    53 0.00e+00    54 0.00e+00
     1 1.72e+06     2 4.98e+07     3 3.38e-07     4 3.38e-07     5 3.38e-07     6 1.70e-07     7 1.70e-07     8 1.70e-07
     9 1.70e-07    10 2.71e-07    11 2.71e-07    12 2.71e-07    13 2.71e-07    14 2.71e-07    15 3.34e-07    16 3.34e-07
    17 3.34e-07    18 3.34e-07    19 3.34e-07    20 3.34e-07    21 2.80e-07    22 2.80e-07    23 2.80e-07    24 2.80e-07
    25 2.80e-07    26 2.80e-07    27 2.80e-07    28 8.58e-08    29 8.58e-08    30 8.58e-08    31 8.58e-08    32 8.58e-08
    33 8.58e-08    34 8.58e-08    35 8.58e-08    36 2.98e-19    37 2.98e-19    38 2.98e-19    39 2.98e-19    40 2.98e-19
    41 2.98e-19    42 2.98e-19    43 2.98e-19    44 2.98e-19    45 5.16e-19    46 5.16e-19    47 5.16e-19    48 5.16e-19
    49 5.16e-19    50 5.16e-19    51 5.16e-19    52 5.16e-19    53 5.16e-19    54 5.16e-19

 Old, new He 2 mean line optical depths:
  2- 1 1.61e+19  3- 2 8.60e-06  4- 3 0.00e+00  5- 4 0.00e+00  6- 5 0.00e+00  7- 6 0.00e+00  8- 7 0.00e+00
  9- 8 0.00e+00 10- 9 0.00e+00 11-10 0.00e+00 12-11 0.00e+00 13-12 0.00e+00 14-13 0.00e+00 15-14 0.00e+00 16-15 0.00e+00
 17-16 0.00e+00 18-17 0.00e+00 19-18 0.00e+00 20-19 0.00e+00 21-20 0.00e+00 22-21 0.00e+00 23-22 0.00e+00 24-23 0.00e+00
 25-24 0.00e+00
  2- 1 7.79e+05  3- 2 5.97e-12  4- 3 0.00e+00  5- 4 0.00e+00  6- 5 0.00e+00  7- 6 0.00e+00  8- 7 0.00e+00
  9- 8 0.00e+00 10- 9 0.00e+00 11-10 0.00e+00 12-11 0.00e+00 13-12 0.00e+00 14-13 0.00e+00 15-14 0.00e+00 16-15 0.00e+00
 17-16 0.00e+00 18-17 0.00e+00 19-18 0.00e+00 20-19 0.00e+00 21-20 0.00e+00 22-21 0.00e+00 23-22 0.00e+00 24-23 0.00e+00
 25-24 0.00e+00

 Old He Is optical depths:    1 2.36e+07    2 0.00e+00    3 0.00e+00    4 0.00e+00    5 0.00e+00
 New He Is optical depths:    1 1.18e+07    2 1.12e-07    3 1.42e-07    4 1.58e-07    5 1.58e-07
          Old He Is Lines:  584 0.00e+00 3889 0.00e+00 5016 0.00e+00 5876 0.00e+00
          New He Is Lines:  584 4.30e+03 3889 2.50e-06 5016 2.96e-12 5876 0.00e+00
CIV QSO  


          Start Iteration Number 2                                                                     CIV QSO  


 ####  1  Te:8.049E+04 Hden:2.404E-03 Ne:2.902E-03 R:3.178E+21 R-R0:1.581E+19 dR:3.162E+19 NTR: 10 Htot:6.665E-29 T912: 2.87e+00###
 Hydrogen      4.62e-07 1.00e+00 H+o/Hden 1.00e+00 5.82e-20 H-    H2 3.16e-29 1.39e-21 H2+ HeH+ 7.56e-21 Ho+ ColD 3.51e+10 7.60e+16
 Helium        2.18e-10 1.18e-04 1.00e+00 HeI 2s3S 1.95e-16 Comp H,C 1.38e-31 4.16e-33 Fill Fac 1.00e+00 Gam1/tot 9.88e-01
 He singlet n  2.18e-10 3.58e-23 3.86e-29 2.55e-29 2.30e-29 3.53e-29 He tripl 1.95e-16 2.18e-27 7.47e-29 4.60e-28 9.74e-29
 Pressure      NgasTgas 4.47e+02 P(total) 6.17e-14 P( gas ) 6.17e-14 P(Radtn) 0.00e+00 Rad accl 1.67e-11 ForceMul 3.69e+01
 Texc(La)      2.99e+03 T(I con) 3.63e+00 T(D con) 9.53e-02 T(U tot) 3.63e+00 nT (c+d) 9.00e+05 Prad/Gas 0.00e+00 Pmag/Gas 0.00e+00
 Molecules     CH/Ctot: 7.92e-38 CH+/Ctot 2.26e-27 CO/Ctot: 2.01e-49 CO+/Ctot 1.27e-40 H2O/Otot 1.37e-59 OH/Ototl 1.61e-36
 Lithium       1.36e-18 3.29e-07 2.85e-03 9.97e-01 Berylliu 4.57e-19 3.84e-10 5.55e-05 2.64e-02 9.74e-01 sec ion: 0.00e+00
 Boron         4.71e-20 3.16e-10 2.81e-07 2.31e-03 1.32e-01 8.65e-01
 Carbon        3.03e-20 8.35e-11 2.04e-07 3.29e-05 3.37e-02 3.69e-01 5.97e-01 H2O+/O   8.63e-59 OH+/Otot 1.62e-36 Hex(tot) 0.00e+00
 Nitrogen      1.08e-16 1.57e-11 6.91e-08 2.36e-05 9.61e-04 1.88e-01 5.41e-01 2.69e-01 O2/Ototl 2.63e-47 O2+/Otot 3.53e-46
 Oxygen        1.14e-17 1.72e-12 1.35e-08 8.37e-06 6.67e-04 9.40e-03 4.75e-01 4.36e-01 7.86e-02
 Fluorine      1.28e-18 2.20e-13 1.84e-09 2.30e-06 3.48e-04 8.39e-03 4.37e-02 6.94e-01 2.36e-01 1.75e-02
 Neon          5.64e-20 1.93e-14 3.32e-10 4.62e-07 1.39e-04 6.36e-03 4.90e-02 1.23e-01 7.15e-01 1.02e-01 3.47e-03
 Sodium        0.00e+00 1.31e-15 6.16e-11 2.10e-07 7.23e-05 4.89e-03 6.96e-02 1.82e-01 2.07e-01 5.03e-01 3.36e-02 5.74e-04
 Magnesium     7.20e-26 5.25e-18 1.42e-12 1.37e-08 1.22e-05 1.12e-03 2.94e-02 1.84e-01 3.25e-01 2.11e-01 2.41e-01 8.25e-03 7.85e-05
 Aluminium  1  7.49e-17 2.99e-14 9.47e-10 1.86e-06 6.10e-04 1.59e-02 1.58e-01 4.18e-01 2.75e-01 8.11e-02 5.12e-02 1.01e-03 5.81e-06
 Silicon    1  7.29e-16 4.94e-13 5.63e-11 3.26e-07 1.60e-04 1.37e-02 1.89e-01 4.02e-01 3.00e-01 7.24e-02 1.68e-02 5.96e-03 7.11e-05
 Phosphorus 2  2.31e-12 2.61e-10 1.21e-08 1.83e-05 2.72e-03 6.38e-02 2.63e-01 4.69e-01 1.70e-01 2.71e-02 3.35e-03 8.41e-04 6.31e-06
 Sulphur    2  9.04e-12 1.08e-09 4.54e-08 9.82e-07 5.08e-04 2.89e-02 2.44e-01 3.37e-01 2.73e-01 1.05e-01 1.07e-02 8.60e-04 1.59e-04
 Chlorine   3  2.29e-09 1.13e-07 1.84e-06 2.24e-05 4.68e-03 8.62e-02 4.24e-01 3.82e-01 9.08e-02 1.23e-02 6.51e-04 5.13e-05 6.06e-06
 Argon      3  8.04e-10 2.87e-07 7.12e-06 4.83e-05 3.52e-04 3.35e-02 2.45e-01 4.20e-01 2.38e-01 5.96e-02 4.01e-03 1.32e-04 7.40e-06
 Potassium  3  3.27e-10 1.27e-07 1.56e-05 1.49e-04 4.84e-04 2.19e-03 1.04e-01 4.49e-01 3.64e-01 7.39e-02 5.91e-03 1.75e-04 7.65e-06
 Calcium    4  1.02e-07 1.43e-05 3.95e-04 1.86e-03 3.05e-03 9.25e-03 2.34e-01 4.89e-01 2.22e-01 3.74e-02 3.18e-03 1.47e-04 3.24e-06
 Scandium   4  1.67e-07 2.17e-05 6.34e-04 9.52e-03 1.84e-02 1.49e-02 2.65e-02 3.87e-01 3.92e-01 1.41e-01 9.78e-03 3.44e-04 1.12e-05
 Titanium   4  2.90e-07 3.43e-05 9.79e-04 1.72e-02 6.51e-02 6.84e-02 3.42e-02 5.84e-02 4.92e-01 2.21e-01 3.96e-02 2.16e-03 3.24e-05
 Vanadium   5  3.94e-05 1.06e-03 1.83e-02 8.09e-02 2.45e-01 1.05e-01 6.14e-02 6.63e-02 3.45e-01 7.20e-02 5.35e-03 1.84e-04 1.64e-06
 Chromium   5  2.51e-05 1.20e-03 2.01e-02 8.93e-02 3.16e-01 2.25e-01 7.12e-02 7.66e-02 3.79e-02 1.33e-01 2.88e-02 1.22e-03 2.18e-05
 Manganese  5  3.96e-05 2.58e-03 2.04e-02 9.19e-02 3.27e-01 2.70e-01 2.36e-01 3.36e-02 8.05e-03 2.80e-03 6.09e-03 8.28e-04 3.03e-05
 Iron       6  2.03e-03 6.98e-02 2.75e-01 3.76e-01 2.01e-01 5.70e-02 1.42e-02 3.09e-03 7.51e-04 4.13e-04 6.19e-04 5.10e-05 2.05e-06
 Cobalt     6  2.60e-04 1.11e-02 8.40e-02 2.72e-01 2.35e-01 2.31e-01 1.35e-01 2.81e-02 2.70e-03 4.43e-04 1.56e-04 1.47e-04 8.05e-06
 Nickel     6  1.00e-04 5.14e-03 4.98e-02 2.82e-01 2.42e-01 2.38e-01 1.43e-01 3.28e-02 6.57e-03 5.43e-04 6.48e-05 1.75e-05 1.29e-05
 Copper     6  6.34e-05 3.62e-03 4.13e-02 3.01e-01 3.81e-01 1.47e-01 9.72e-02 2.27e-02 4.80e-03 1.25e-03 4.75e-05 5.76e-06 8.72e-07
 Zinc       6  1.95e-05 1.46e-03 1.80e-02 1.61e-01 2.53e-01 3.46e-01 1.69e-01 4.12e-02 8.54e-03 2.35e-03 3.57e-04 1.19e-05 1.56e-06
 ####181  Te:8.066E+03 Hden:3.159E-04 Ne:3.454E-04 R:3.160E+23 R-R0:3.129E+23 dR:3.822E+20 NTR:  4 Htot:4.985E-31 T912: 5.71e+00###
 Hydrogen      6.84e-03 9.93e-01 H+o/Hden 1.00e+00 2.78e-10 H-    H2 8.73e-12 3.52e-11 H2+ HeH+ 5.26e-10 Ho+ ColD 4.48e+17 3.18e+20
 Helium        7.74e-03 9.77e-01 1.49e-02 HeI 2s3S 6.37e-13 Comp H,C 1.64e-36 4.96e-39 Fill Fac 1.00e+00 Gam1/tot 1.00e+00
 He singlet n  7.74e-03 6.45e-20 1.15e-25 4.06e-26 3.21e-26 8.52e-26 He tripl 6.37e-13 5.60e-24 1.35e-25 1.16e-24 2.41e-25
 Pressure      NgasTgas 5.59e+00 P(total) 7.73e-16 P( gas ) 7.72e-16 P(Radtn) 4.76e-19 Rad accl 6.32e-14 ForceMul 1.55e+03
 Texc(La)      2.56e+03 T(I con) 3.49e-01 T(D con) 2.29e-01 T(U tot) 3.64e-01 nT (c+d) 1.40e+05 Prad/Gas 6.17e-04 Pmag/Gas 0.00e+00
 Molecules     CH/Ctot: 1.42e-14 CH+/Ctot 3.51e-13 CO/Ctot: 1.48e-17 CO+/Ctot 6.14e-18 H2O/Otot 4.20e-25 OH/Ototl 1.06e-13
 Lithium       8.69e-04 9.91e-01 7.59e-03 1.14e-04 Berylliu 1.70e-03 7.60e-02 8.89e-01 3.28e-02 6.11e-05 sec ion: 1.11e-19
 Boron         5.64e-05 1.09e-01 4.45e-01 4.44e-01 1.91e-03 0.00e+00
 Carbon        1.56e-04 1.24e-01 8.41e-01 3.15e-02 2.83e-03 1.25e-06 0.00e+00 H2O+/O   1.07e-25 OH+/Otot 2.69e-13 Hex(tot) 0.00e+00
 Nitrogen      4.79e-04 1.32e-01 8.17e-01 4.90e-02 8.00e-04 1.89e-05 0.00e+00 0.00e+00 O2/Ototl 1.31e-18 O2+/Otot 2.40e-19
 Oxygen        9.34e-04 1.25e-01 8.69e-01 5.46e-03 2.72e-04 1.52e-06 0.00e+00 0.00e+00 0.00e+00
 Fluorine      1.12e-04 7.25e-02 9.22e-01 5.08e-03 3.65e-04 1.14e-06 0.00e+00 0.00e+00 0.00e+00 0.00e+00
 Neon          1.49e-04 8.47e-02 9.06e-01 9.12e-03 1.33e-04 0.00e+00 0.00e+00 0.00e+00 0.00e+00 0.00e+00 0.00e+00
 Sodium        1.72e-04 1.35e-01 8.33e-01 3.11e-02 9.30e-04 2.33e-06 0.00e+00 0.00e+00 0.00e+00 0.00e+00 0.00e+00 0.00e+00
 Magnesium     3.08e-03 1.18e-01 8.56e-01 2.20e-02 3.95e-04 3.32e-06 0.00e+00 0.00e+00 0.00e+00 0.00e+00 0.00e+00 0.00e+00 0.00e+00
 Aluminium  0  6.48e-05 2.68e-01 2.78e-01 4.18e-01 3.56e-02 3.71e-04 1.52e-06 0.00e+00 0.00e+00 0.00e+00 0.00e+00 0.00e+00 0.00e+00
 Silicon    0  1.55e-04 3.59e-01 4.67e-01 1.56e-01 1.80e-02 2.08e-04 1.19e-06 0.00e+00 0.00e+00 0.00e+00 0.00e+00 0.00e+00 0.00e+00
 Phosphorus 0  2.18e-04 3.11e-01 5.59e-01 1.08e-01 1.95e-02 2.48e-03 1.35e-05 0.00e+00 0.00e+00 0.00e+00 0.00e+00 0.00e+00 0.00e+00
 Sulphur    0  4.12e-05 1.01e-01 7.63e-01 1.27e-01 6.64e-03 1.83e-03 1.36e-04 0.00e+00 0.00e+00 0.00e+00 0.00e+00 0.00e+00 0.00e+00
 Chlorine   0  4.60e-05 8.40e-02 7.58e-01 1.51e-01 5.57e-03 6.40e-04 7.65e-05 3.28e-06 0.00e+00 0.00e+00 0.00e+00 0.00e+00 0.00e+00
 Argon      0  2.84e-05 2.04e-02 8.41e-01 1.30e-01 7.87e-03 4.71e-04 1.34e-05 1.55e-06 0.00e+00 0.00e+00 0.00e+00 0.00e+00 0.00e+00
 Potassium  0  5.38e-05 1.55e-01 7.83e-01 5.00e-02 1.19e-02 4.14e-04 7.20e-06 0.00e+00 0.00e+00 0.00e+00 0.00e+00 0.00e+00 0.00e+00
 Calcium    0  4.93e-05 4.05e-02 7.28e-01 2.23e-01 7.98e-03 6.35e-04 3.37e-05 0.00e+00 0.00e+00 0.00e+00 0.00e+00 0.00e+00 0.00e+00
 Scandium   0  2.09e-06 2.23e-03 7.64e-02 9.00e-01 2.03e-02 1.38e-03 8.77e-05 1.43e-06 0.00e+00 0.00e+00 0.00e+00 0.00e+00 0.00e+00
 Titanium   0  2.08e-06 1.30e-02 2.08e-01 7.39e-01 3.85e-02 9.86e-04 7.00e-05 1.01e-06 0.00e+00 0.00e+00 0.00e+00 0.00e+00 0.00e+00
 Vanadium   0  2.08e-05 1.06e-02 3.82e-01 4.75e-01 1.30e-01 2.17e-03 1.12e-04 6.72e-06 0.00e+00 0.00e+00 0.00e+00 0.00e+00 0.00e+00
 Chromium   0  6.52e-06 1.36e-02 5.06e-01 4.15e-01 6.19e-02 3.67e-03 1.86e-04 2.90e-06 0.00e+00 0.00e+00 0.00e+00 0.00e+00 0.00e+00
 Manganese  0  3.01e-06 1.62e-02 5.20e-01 3.97e-01 6.32e-02 3.62e-03 1.42e-04 2.19e-06 0.00e+00 0.00e+00 0.00e+00 0.00e+00 0.00e+00
 Iron       0  1.81e-06 1.30e-02 2.48e-01 7.14e-01 1.98e-02 4.84e-03 8.98e-05 3.61e-06 0.00e+00 0.00e+00 0.00e+00 0.00e+00 0.00e+00
 Cobalt     0  4.56e-05 1.44e-02 2.37e-01 5.98e-01 1.44e-01 6.12e-03 6.65e-04 2.10e-05 0.00e+00 0.00e+00 0.00e+00 0.00e+00 0.00e+00
 Nickel     0  9.19e-06 3.42e-02 4.77e-01 4.51e-01 3.32e-02 4.04e-03 2.36e-04 1.04e-05 0.00e+00 0.00e+00 0.00e+00 0.00e+00 0.00e+00
 Copper     0  1.04e-05 6.16e-03 5.15e-01 4.62e-01 1.31e-02 3.65e-03 1.51e-04 2.18e-05 0.00e+00 0.00e+00 0.00e+00 0.00e+00 0.00e+00
 Zinc       0  1.54e-05 3.71e-03 1.40e-01 7.51e-01 9.79e-02 6.71e-03 4.55e-04 5.17e-05 1.04e-06 0.00e+00 0.00e+00 0.00e+00 0.00e+00
   CIV QSO  
   Calculation stopped because outer radius reached. Iteration 2 of 10
   The geometry is spherical.
 C-Continuum zero at some energies.
  !Background cosmic rays are not included - is this physical?  It affects the chemistry.
  !Some input lines contained underscores, these were changed to spaces.
  !Destruction of He 2TriS reached 13.7% of the total He0 dest rate at zone 1, 13.7% of that was photoionization.
  !Non-collisional excitation of [O III] 4363 reached 3.02% of the total.
  !AGE: Cloud age was not set.  Longest timescale was 1.01e+16 s = 3.21e+08 years.
  !The CMB was not included.  This is added with the CMB command.
  !The radiation pressure jumped by 147% from 1.37e-16 (zone 131) to 7.09e-17 (zone 132) to 7.08e-17 (zone 133)
   Iteration not converged because Converged!.
   Thermal collisional ionization of H reached 1.22% of the local ionization rate.
   Te-ne bounds of Case B lookup table exceeded, H I Case B line intensities set to zero.
   Charge transfer H => H+ reached 1.51% of the local H ionization rate.
   Charge transfer heating reached 0.76% of the local heating.
   The density is too low to l-mix the lowest H  I collapsed level.  More resolved levels are needed for accurate line ratios.
   The density is too low to l-mix the lowest He I collapsed level.  More resolved levels are needed for accurate line ratios.
   Grains were not present but might survive in this environment (energy density temperature was 3.66e+00K)
   Cloud thicker than smallest Jeans length=1.37e+23cm; stability problems? (smallest Jeans mass=2.12e+09Mo)
   Is an outer radius of 3.16e+23 reasonable?
   The ratio of radiation to gas pressure reached 2.75e-02 at zone 131.  Caused by Lyman alpha.

                       *********************************> Cloudy 17.03 <**********************************
                       * title CIV QSO                                                                   *
                       * set punch prefix "CIV_QSO"                                                      *
                       * radius = 21.500 23.500                                                          *
                       * iterate to convergence                                                          *
                       * sphere                                                                          *
                       * init "dlaw_HI_exp.ini"                                                          *
                       * table SED "QSO.sed"                                                             *
                       * nuL(nu) = 42.0 at 1 Ryd                                                         *
                       * stop temperature off                                                            *
                       * metals 1.0                                                                      *
                       * save last radius ".rad"                                                         *
                       * save last continuum ".cont"                                                     *
                       * save last physical conditions ".phy"                                            *
                       * save last overview ".ovr"                                                       *
                       * save last heating ".heat"                                                       *
                       * save last cooling ".cool"                                                       *
                       * save last optical depth ".opd"                                                  *
                       * save last element hydrogen ".ele_H"                                             *
                       * save last element helium ".ele_He"                                              *
                       * save last element carbon ".ele_C"                                               *
                       * save last element nitrogen ".ele_N"                                             *
                       * save last element oxygen ".ele_O"                                               *
                       * save last element argon ".ele_Ar"                                               *
                       * save last element neon ".ele_Ne"                                                *
                       * save last element sulphur ".ele_S"                                              *
                       * save last element chlorin ".ele_Cl"                                             *
                       * save last element iron ".ele_Fe"                                                *
                       * save last element silicon ".ele_Si"                                             *
                       * save last lines emissivity  ".emis"                                             *
                       * H  1  1215.67A                                                                  *
                       * H  1  1025.72A                                                                  *
                       * H  1  4861.33A                                                                  *
                       * H  1  6562.81A                                                                  *
                       * O  6  1031.91A                                                                  *
                       * O  6  1037.62A                                                                  *
                       * He 2  949.31A                                                                   *
                       * He 2  972.108A                                                                  *
                       * He 2  1025.27A                                                                  *
                       * He 2  1640.43A                                                                  *
                       * He 2  4859A                                                                     *
                       * He 2  4339A                                                                     *
                       * He 2  6527A                                                                     *
                       * He 2  6560A                                                                     *
                       * C  4  1550.78                                                                   *
                       * O  3  5006.84A                                                                  *
                       * N  5  1238.82                                                                   *
                       * N  5  1242.80                                                                   *
                       * c  4  1548.19                                                                   *
                       * c  4  1550.78                                                                   *
                       * mg 2  2795.53                                                                   *
                       * mg 2  2802.71                                                                   *
                       * end of lines                                                                    *
                       *********************************> Log(U):  0.47 <*********************************
                       >>>>>>>>>> Cautions are present.

                     Emission Line Spectrum.  Special Density Lw Model.  Closed geometry.  Iteration 2 of 10.
                                    Luminosity (erg/s) emitted by a shell with full coverage.


                                                   Intrinsic line intensities
general properties.............................      H  1                1.57006m   37.409    0.0032      Fe 5                70.3538m   38.807    0.0795
Inci                      0    42.707  632.4339      H  1                1.55563m   37.334    0.0027      Fe 5                36.3273m   38.801    0.0786
TotH                      0    41.487   38.1141      H  1                1.54388m   37.265    0.0023      Fe 5                25.9131m   38.700    0.0623
TotC                      0    41.487   38.1180      H  1                1.53417m   37.201    0.0020      Fe 5                20.8407m   38.439    0.0342
BFH1                      0    41.159   17.9249      H  1                1.52604m   37.143    0.0017      Fe 5                4180.59A   37.927    0.0105
BFHe                      0    41.132   16.8271      H  1                1.51917m   37.090    0.0015      Fe 5                4143.15A   38.174    0.0185
TotM                      0    40.388    3.0362      H  1                1.51331m   37.046    0.0014      Fe 5                4227.19A   38.883    0.0948
CT H                      0    39.051    0.1396      H  1                1.50827m   37.012    0.0013      Fe 5                4003.21A   37.224    0.0021
H FB                      0    40.235    2.1308      H  1                1.50389m   36.998    0.0012      Fe 5                4071.24A   38.156    0.0178
HFBc                      0    40.235    2.1308      H  1                1.50008m   37.033    0.0013      Fe 5                3895.22A   37.746    0.0069
H  1c                     0    38.408    0.0317      H  1                1.49672m   37.783    0.0075      Fe 5                3851.34A   37.522    0.0041
Al 3c                     0    37.406    0.0032      H  1                7.45777m   38.241    0.0216      Fe 5                3794.94A   38.111    0.0160
Al 6c                     0    38.457    0.0356      H  1                4.65247m   38.072    0.0147      Fe 5                3755.70A   37.830    0.0084
Ar 2c                     0    37.255    0.0022      H  1                3.73951m   37.903    0.0099      Fe 5                3911.33A   37.253    0.0022
Ar 3c                     0    39.313    0.2554      H  1                3.29607m   37.751    0.0070      Fe 5                3839.27A   38.120    0.0164
Ar 4c                     0    38.658    0.0564      H  1                3.03835m   37.614    0.0051      Fe 5                3783.22A   37.709    0.0064
Ar 5c                     0    39.072    0.1465      H  1                2.87219m   37.483    0.0038      Fe 5                3891.28A   37.870    0.0092
Ar 6c                     0    38.199    0.0196      H  1                2.75749m   37.381    0.0030      Fe 5                3819.95A   37.199    0.0020
C  2c                     0    39.091    0.1530      H  1                2.67438m   37.288    0.0024      Fe 5                2.04669m   36.999    0.0012
C  3c                     0    39.351    0.2786      H  1                2.61191m   37.202    0.0020      Fe 5                3445.62A   37.381    0.0030
Ca 4c                     0    38.615    0.0512      H  1                2.56361m   37.121    0.0016      Fe 5                3400.41A   37.013    0.0013
Fe 2c                     0    38.560    0.0451      H  1                2.52538m   37.047    0.0014      Fe 5                3463.51A   37.383    0.0030
Fe 3c                     0    39.084    0.1508      H  1                2.49455m   36.978    0.0012      Fe 5                2828.24A   37.319    0.0026
Fe 7c                     0    39.252    0.2219      H  1                2.46929m   36.914    0.0010      Fe 5                2750.88A   37.002    0.0012
K  3c                     0    37.871    0.0092      H  1                2.37371m   37.497    0.0039      Fe 5                2730.21A   37.092    0.0015
K  4c                     0    37.435    0.0034      H  1                12.3684m   37.806    0.0079      Fe 5                2717.82A   37.088    0.0015
Mg 1c                     0    37.509    0.0040      H  1                7.50038m   37.674    0.0059      Fe 5                2707.36A   37.140    0.0017
N  5c                     0    38.201    0.0197      H  1                5.90655m   37.532    0.0042      Fe 6                19.5527m   39.229    0.2104
Ne 2c                     0    38.413    0.0321      H  1                5.12722m   37.399    0.0031      Fe 6                5335.19A   38.283    0.0238
Ne 3c                     0    40.016    1.2889      H  1                4.67119m   37.244    0.0022      Fe 6                5277.81A   37.817    0.0081
O  2c                     0    39.327    0.2638      H  1                4.37522m   37.144    0.0017      Fe 6                3813.55A   37.297    0.0025
O  3c                     0    41.095   15.4457      H  1                4.16962m   37.051    0.0014      Fe 6                3492.10A   37.546    0.0044
O  5c                     0    38.299    0.0247      H  1                4.01974m   36.965    0.0011      Fe 6                14.7670m   39.056    0.1412
P  2c                     0    38.266    0.0229      H  1                3.48198m   37.262    0.0023      Fe 6                5484.85A   38.029    0.0133
P  3c                     0    37.871    0.0092      H  1                19.0565m   37.431    0.0034      Fe 6                5424.23A   38.148    0.0175
S  2c                     0    39.240    0.2156      H  1                11.3055m   37.325    0.0026      Fe 6                5234.29A   37.357    0.0028
S  3c                     0    40.465    3.6210      H  1                8.75760m   37.204    0.0020      Fe 6                4972.48A   38.537    0.0427
Si 2c                     0    39.598    0.4922      H  1                7.50599m   37.040    0.0014      Fe 6                3889.41A   37.499    0.0039
Si 3c                     0    38.872    0.0925      H  1                6.77008m   36.941    0.0011      Fe 6                3555.61A   37.855    0.0089
Si 4c                     0    38.187    0.0191      H  1                4.84633m   37.063    0.0014      Fe 6                3573.86A   36.999    0.0012
Si 7c                     0    38.048    0.0139      H  1                27.7955m   37.101    0.0016      Fe 6                12.3074m   38.771    0.0732
Al 2c                     0    37.719    0.0065      H  1                16.2045m   37.016    0.0013      Fe 6                5631.08A   38.169    0.0183
Al 5c                     0    38.038    0.0136      Ca A                303.784A   40.984   11.9648      Fe 6                5426.65A   37.890    0.0096
C  4c                     0    39.336    0.2693      Ca A                256.317A   40.257    2.2428      Fe 6                5145.76A   38.553    0.0443
Ca 2c                     0    38.574    0.0465      Ca A                243.027A   39.825    0.8300      Fe 6                4967.15A   38.061    0.0143
Ca 5c                     0    38.452    0.0351      Ca A                237.331A   39.516    0.4075      Fe 6                3662.50A   37.879    0.0094
Ca 7c                     0    36.994    0.0012      Ca A                234.347A   39.274    0.2334      Fe 6                5676.96A   38.220    0.0206
Ca 8c                     0    36.996    0.0012      Ca A                232.584A   39.074    0.1473      Fe 6                5370.30A   37.294    0.0024
Cl 2c                     0    37.225    0.0021      Ca A                231.454A   38.903    0.0994      Fe 6                5176.05A   38.432    0.0336
Cl 3c                     0    37.964    0.0114      Ca A                230.686A   38.754    0.0705      Fe 6                1.28877m   37.390    0.0030
Cl 4c                     0    38.476    0.0372      Ca A                230.139A   38.621    0.0519      Fe 6                1.23303m   37.495    0.0039
Fe 4c                     0    39.374    0.2938      Ca A                229.736A   38.501    0.0394      Fe 6                1.34929m   37.690    0.0061
Fe 5c                     0    39.601    0.4960      Ca A                229.431A   38.392    0.0306      Fe 6                1.26742m   37.235    0.0021
Fe 6c                     0    39.769    0.7296      Ca A                229.194A   38.292    0.0243      Fe 8                195.972A   37.058    0.0014
K  5c                     0    37.092    0.0015      Ca A                229.006A   38.199    0.0196      Fe 8                186.599A   37.100    0.0016
K  6c                     0    37.213    0.0020      Ca A                228.855A   38.112    0.0161      Fe 8                187.241A   36.957    0.0011
Mg 2c                     0    38.976    0.1174      Ca A                228.731A   38.031    0.0133      Fe 8                168.930A   37.342    0.0027
Mg 4c                     0    39.042    0.1367      Ca A                228.629A   37.955    0.0112      Fe 8                168.545A   37.033    0.0013
Mg 5c                     0    39.066    0.1446      Ca A                228.543A   37.883    0.0095      Fe 8                168.173A   37.080    0.0015
Mg 6c                     0    37.536    0.0043      Ca A                228.471A   37.815    0.0081      Fe 8                167.486A   37.058    0.0014
Mg 7c                     0    37.958    0.0113      Ca A                228.409A   37.751    0.0070      Fe 8                168.003A   37.324    0.0026
Mg 8c                     0    36.977    0.0012      Ca A                228.356A   37.690    0.0061      Mg 2                2802.71A   38.565    0.0456
N  2c                     0    39.174    0.1852      Ca A                228.309A   37.631    0.0053      Mg 2                2795.53A   38.836    0.0852
N  3c                     0    39.942    1.0863      Ca A                228.269A   37.575    0.0047      Mg 4                4.48712m   39.042    0.1367
N  4c                     0    38.317    0.0258      Ca A                228.234A   37.521    0.0041      Mg 4                323.307A   37.260    0.0023
Na 3c                     0    38.117    0.0162      Ca A                1640.43A   39.993    1.2217      Mg 5                5.60700m   38.950    0.1106
Na 4c                     0    38.116    0.0162      Ca A                1215.13A   39.467    0.3642      Mg 5                2782.76A   38.195    0.0194
Na 5c                     0    36.976    0.0012      Ca A                1084.94A   39.116    0.1620      Mg 5                137.411A   36.961    0.0011
Na 6c                     0    37.296    0.0025      Ca A                1025.27A   38.851    0.0880      Mg 5                13.5464m   37.873    0.0093
Ne 4c                     0    39.029    0.1328      Ca A                992.360A   38.637    0.0538      Mg 5                2928.09A   37.629    0.0053
Ne 5c                     0    40.074    1.4710      Ca A                972.108A   38.457    0.0356      Mg 5                355.329A   37.315    0.0026
Ne 6c                     0    38.964    0.1143      Ca A                958.694A   38.302    0.0249      Mg 5                353.297A   36.927    0.0010
Ne 8c                     0    36.941    0.0011      Ca A                949.324A   38.165    0.0181      Mg 5                354.221A   37.047    0.0014
Ni 2c                     0    37.461    0.0036      Ca A                942.508A   38.042    0.0137      Mg 6                1806.00A   37.164    0.0018
O  4c                     0    40.362    2.8588      Ca A                937.389A   37.930    0.0106      Mg 6                1806.43A   37.265    0.0023
O  6c                     0    38.486    0.0380      Ca A                933.444A   37.828    0.0083      Mg 6                403.308A   37.465    0.0036
S  4c                     0    40.309    2.5321      Ca A                930.337A   37.733    0.0067      Mg 6                400.663A   37.426    0.0033
S  8c                     0    37.074    0.0015      Ca A                927.846A   37.645    0.0055      Mg 6                399.282A   37.350    0.0028
Si 6c                     0    38.378    0.0297      Ca A                925.817A   37.563    0.0045      Mg 7                9.00655m   37.658    0.0056
continua.......................................      Ca A                924.142A   37.487    0.0038      Mg 7                5.50177m   37.529    0.0042
Bac                 3646.00A   41.146   17.3654      Ca A                922.743A   37.414    0.0032      Mg 7                2628.89A   36.918    0.0010
nFnu                3645.00A   41.242   21.6736      Ca A                921.562A   37.346    0.0028      Mg 7                431.194A   37.294    0.0024
nFnu                3647.00A   40.540    4.3082      Ca A                920.556A   37.281    0.0024      Mg 7                365.247A   36.954    0.0011
cout                3646.00A   41.146   17.3654      Ca A                919.693A   37.219    0.0021      Mg 7                367.688A   37.106    0.0016
thin                3646.00A   41.146   17.3756      Ca A                918.945A   37.160    0.0018      Mg 7                278.404A   37.094    0.0015
Inci                4860.00A   41.947  109.8660      Ca A                918.295A   37.103    0.0016      Mg 8                3.02765m   36.977    0.0012
Inci                1215.00A   42.436  338.9674      Ca A                917.724A   37.049    0.0014      Mg 8                430.455A   37.183    0.0019
Ba C                      0    40.419    3.2622      Ca A                4685.64A   39.282    0.2375      Mg 8                338.984A   36.948    0.0011
PA C                      0    40.008    1.2636      Ca A                3203.04A   38.883    0.0949      Mg 8                317.028A   37.087    0.0015
FIR                 83.0000m   41.279   23.6017      Ca A                2733.24A   38.591    0.0484      Mg 8                315.016A   37.076    0.0015
TIR                 1800.00m   37.855    0.0089      Ca A                2511.15A   38.362    0.0285      Mg 9                368.071A   37.428    0.0033
NIRa                2.85000m   42.280  236.4559      Ca A                2385.35A   38.171    0.0184      Mg10                609.794A   37.015    0.0013
NIRb                3.00000m   41.854   88.6348      Ca A                2306.15A   38.008    0.0127      N  2                205.244m   38.114    0.0162
MIRa                15.0000m   41.934  106.6436      Ca A                2252.64A   37.866    0.0091      N  2                121.767m   37.906    0.0100
MIRb                22.5000m   42.019  129.8605      Ca A                2214.62A   37.739    0.0068      N  2                6548.05A   38.506    0.0398
NMIR                21.7500m   42.280  236.4559      Ca A                2186.56A   37.624    0.0052      N  2                6583.45A   38.975    0.1173
TFIR                611.250m   39.105    0.1582      Ca A                2165.20A   37.519    0.0041      N  2                1084.56A   37.584    0.0048
TALL                10000.0A   42.706  630.4545      Ca A                2148.55A   37.422    0.0033      N  2                916.020A   37.243    0.0022
F12                 12.0000m   41.505   39.6768      Ca A                2135.31A   37.333    0.0027      N  2                916.710A   37.458    0.0036
F25                 25.0000m   41.316   25.7020      Ca A                2124.58A   37.249    0.0022      N  2                672.001A   37.091    0.0015
F60                 60.0000m   41.163   18.0572      Ca A                2115.78A   37.171    0.0018      N  3                57.3238m   39.932    1.0614
F100                100.000m   40.606    5.0137      Ca A                2108.46A   37.097    0.0016      N  3                1748.65A   37.389    0.0030
MIPS                24.0000m   41.068   14.5369      Ca A                2102.30A   37.028    0.0013      N  3                1753.99A   37.404    0.0031
MIPS                70.0000m   40.514    4.0577      Ca A                2097.07A   36.962    0.0011      N  3                1746.82A   36.972    0.0012
MIPS                160.000m   38.979    0.1182      Ca A                1.01233m   38.734    0.0672      N  3                1752.16A   37.812    0.0081
IRAC                3.60000m   41.075   14.7432      Ca A                6559.91A   38.419    0.0326      N  3                1749.67A   37.866    0.0091
IRAC                4.50000m   41.113   16.1063      Ca A                5411.37A   38.172    0.0185      N  3                989.799A   37.382    0.0030
IRAC                5.80000m   41.145   17.3497      Ca A                4859.18A   37.971    0.0116      N  3                991.511A   37.815    0.0081
IRAC                8.00000m   41.304   24.9970      Ca A                4541.46A   37.800    0.0078      N  3                764.351A   37.789    0.0076
SPR1                250.000m   37.622    0.0052      Ca A                4338.55A   37.652    0.0056      N  3                685.515A   36.998    0.0012
SPR2                350.000m   37.516    0.0041      Ca A                4199.71A   37.520    0.0041      N  3                686.336A   37.915    0.0102
SPR3                500.000m   37.453    0.0035      Ca A                4099.92A   37.402    0.0031      N  3                685.817A   37.863    0.0091
PAC1                70.0000m   40.572    4.6325      Ca A                4025.48A   37.295    0.0024      N  3                452.227A   37.518    0.0041
PAC2                100.000m   40.597    4.9112      Ca A                3968.32A   37.196    0.0019      N  4                1486.50A   37.916    0.0102
PAC3                160.000m   38.996    0.1231      Ca A                3923.37A   37.105    0.0016      N  4                1483.32A   38.089    0.0152
PAH                 3.30000m   40.216    2.0400      Ca A                3887.33A   37.020    0.0013      N  4                765.147A   37.977    0.0118
PAHC                3.23000m   39.941    1.0833      Ca A                3857.96A   36.940    0.0011      N  4                247.205A   37.152    0.0018
PAHC                3.37000m   39.908    1.0050      Ca A                1.86362m   38.280    0.0237      N  4                463.736A   37.028    0.0013
PAH                 6.20000m   40.660    5.6805      Ca A                1.16260m   38.027    0.0132      Na 3                7.31706m   38.117    0.0163
PAHC                5.65000m   40.704    6.2826      Ca A                9344.62A   37.815    0.0081      Na 3                380.101A   36.912    0.0010
PAH                 7.90000m   40.855    8.8869      Ca A                8236.51A   37.637    0.0054      Na 4                9.03098m   37.984    0.0120
PAHC                6.90000m   40.912   10.1414      Ca A                7592.50A   37.483    0.0038      Na 4                3241.51A   37.312    0.0025
PAH                 11.3000m   40.261    2.2624      Ca A                7177.28A   37.347    0.0028      Na 4                412.244A   37.000    0.0012
PAHC                10.9000m   40.282    2.3786      Ca A                6890.67A   37.226    0.0021      Na 5                463.270A   37.235    0.0021
PAH                 11.8000m   40.480    3.7540      Ca A                6682.98A   37.116    0.0016      Na 5                461.057A   37.158    0.0018
PAHC                12.6500m   40.450    3.5004      Ca A                6526.88A   37.015    0.0013      Na 5                459.901A   36.978    0.0012
PAH                 13.3000m   40.483    3.7791      Ca A                6406.17A   36.922    0.0010      Na 6                14.3228m   37.023    0.0013
PAHC                14.1000m   40.505    3.9704      Ca A                3.09074m   37.891    0.0097      Ne 4                2421.66A   38.622    0.0520
Bcon                3640.00A   42.214  203.3890      Ca A                1.87427m   37.684    0.0060      Ne 4                2424.28A   38.796    0.0776
Pcon                5000.00A   41.732   67.0489      Ca A                1.47599m   37.500    0.0039      Ne 4                1601.45A   37.166    0.0018
O3bn                5007.00A   40.772    7.3524      Ca A                1.28124m   37.341    0.0027      Ne 4                541.126A   37.577    0.0047
SX                  25.0000A   41.115   16.1895      Ca A                1.16728m   37.202    0.0020      Ne 4                542.076A   37.616    0.0051
HX                  4.70000A   40.807    7.9613      Ca A                1.09332m   37.077    0.0015      Ne 4                543.886A   37.638    0.0054
HFFc                      0    40.075    1.4745      Ca A                1.04194m   36.965    0.0011      Ne 4                208.903A   37.066    0.0014
H FF                      0    40.001    1.2456      Ca A                4.76203m   37.550    0.0044      Ne 4                208.737A   37.142    0.0017
HeFF                      0    39.252    0.2217      Ca A                2.82513m   37.379    0.0030      Ne 5                24.2065m   39.780    0.7475
MeFB                      0    38.418    0.0325      Ca A                2.18843m   37.218    0.0021      Ne 5                14.3228m   39.686    0.6021
MeFF                      0    37.760    0.0071      Ca A                1.87567m   37.075    0.0015      Ne 5                3345.99A   38.404    0.0315
ToFF                      0    40.075    1.4744      Ca A                1.69177m   36.948    0.0011      Ne 5                3426.03A   38.851    0.0881
nFnu                6917.22m   36.914    0.0010      Ca A                6.94582m   37.246    0.0022      Ne 5                569.759A   37.617    0.0051
nFnu                122.400m   38.379    0.0297      Ca A                4.04934m   37.103    0.0016      Ne 5                481.363A   37.236    0.0021
nFnu                60.8322m   38.624    0.0523      Ca A                3.09455m   36.961    0.0011      Ne 5                482.985A   37.425    0.0033
nInu                60.8322m   41.185   19.0096      Ca A                9.71043m   36.972    0.0012      Ne 5                358.476A   37.214    0.0020
nFnu                41.2152m   38.771    0.0733      Ca B                1640.43A   40.126    1.6583      Ne 5                359.375A   37.438    0.0034
nInu                41.2152m   41.408   31.7833      Ca B                1215.13A   39.611    0.5066      Ne 6                7.64318m   38.961    0.1136
nFnu                30.8695m   38.875    0.0932      Ca B                1084.94A   39.261    0.2266      Ne 6                558.685A   37.313    0.0026
nInu                30.8695m   41.520   41.1489      Ca B                1025.27A   38.996    0.1232      Ne 6                562.798A   37.488    0.0038
nFnu                24.7829m   38.955    0.1119      Ca B                992.360A   38.782    0.0752      Ne 6                435.641A   37.531    0.0042
nInu                24.7829m   41.580   47.1698      Ca B                972.108A   38.602    0.0497      Ne 6                403.270A   37.563    0.0045
nFnu                24.2998m   38.962    0.1137      Ca B                958.694A   38.446    0.0347      Ne 6                401.928A   37.571    0.0046
nInu                24.2998m   41.588   48.1226      Ca B                949.324A   38.308    0.0252      Ne 7                465.220A   37.760    0.0072
nFnu                22.8302m   38.985    0.1199      Ca B                942.508A   38.184    0.0190      Ne 7                97.4960A   37.056    0.0014
nInu                22.8302m   41.605   50.0606      Ca B                937.389A   38.072    0.0147      Ne 8                780.325A   37.709    0.0064
nFnu                21.4199m   39.007    0.1261      Ca B                933.444A   37.969    0.0116      Ne 8                770.410A   37.813    0.0081
nInu                21.4199m   41.619   51.6710      Ca B                930.337A   37.874    0.0093      Ni 2                1.19102m   37.218    0.0021
nFnu                21.1235m   39.012    0.1277      Ca B                927.846A   37.786    0.0076      O  4                25.8832m   40.358    2.8328
nInu                21.1235m   41.623   52.1035      Ca B                925.817A   37.704    0.0063      O  4                1399.77A   37.437    0.0034
nFnu                19.6199m   39.040    0.1362      Ca B                924.142A   37.627    0.0053      O  4                1407.38A   37.430    0.0033
nInu                19.6199m   41.629   52.8190      Ca B                922.743A   37.554    0.0044      O  4                1397.20A   36.964    0.0011
nFnu                17.6534m   39.079    0.1489      Ca B                921.562A   37.485    0.0038      O  4                1404.78A   37.850    0.0088
nInu                17.6534m   41.651   55.6191      Ca B                920.556A   37.420    0.0033      O  4                1401.16A   37.847    0.0087
nFnu                17.3700m   39.085    0.1509      Ca B                919.693A   37.358    0.0028      O  4                787.710A   37.371    0.0029
nInu                17.3700m   41.655   56.0846      Ca B                918.945A   37.299    0.0025      O  4                790.114A   37.852    0.0088
nFnu                15.6901m   39.120    0.1635      Ca B                918.295A   37.242    0.0022      O  4                609.830A   37.872    0.0093
nInu                15.6901m   41.667   57.7136      Ca B                917.724A   37.188    0.0019      O  4                554.076A   36.994    0.0012
nFnu                14.6036m   39.148    0.1744      Ca B                4685.64A   39.308    0.2523      O  4                555.264A   38.057    0.0142
nInu                14.6036m   41.682   59.7693      Ca B                3203.04A   38.920    0.1033      O  4                554.514A   37.973    0.0117
nFnu                12.4300m   39.211    0.2020      Ca B                2733.24A   38.634    0.0535      O  6                1037.62A   38.369    0.0290
nInu                12.4300m   41.698   61.9359      Ca B                2511.15A   38.407    0.0317      O  6                1031.91A   38.547    0.0437
nFnu                11.4000m   39.240    0.2159      Ca B                2385.35A   38.219    0.0206      O  6                150.125A   37.343    0.0027
nInu                11.4000m   41.707   63.2059      Ca B                2306.15A   38.057    0.0142      O  6                150.090A   37.404    0.0031
nFnu                10.4600m   39.276    0.2347      Ca B                2252.64A   37.915    0.0102      P  5                1128.01A   37.286    0.0024
nInu                10.4600m   41.717   64.6522      Ca B                2214.62A   37.789    0.0076      P  5                1117.98A   37.407    0.0032
nFnu                9.48002m   39.308    0.2523      Ca B                2186.56A   37.674    0.0059      S  4                10.5076m   40.309    2.5283
nInu                9.48002m   41.727   66.1584      Ca B                2165.20A   37.569    0.0046      S  4                1416.89A   37.028    0.0013
nFnu                9.32488m   39.313    0.2554      Ca B                2148.55A   37.473    0.0037      S  4                1406.02A   37.066    0.0014
nInu                9.32488m   41.730   66.7086      Ca B                2135.31A   37.384    0.0030      S  4                1062.66A   37.243    0.0022
nFnu                8.21035m   39.365    0.2876      Ca B                2124.58A   37.300    0.0025      S  4                1073.52A   37.394    0.0031
nInu                8.21035m   41.737   67.6991      Ca B                2115.78A   37.222    0.0021      S  4                815.941A   37.571    0.0046
nFnu                7.58000m   39.390    0.3045      Ca B                2108.46A   37.149    0.0017      S  4                753.760A   37.766    0.0072
nInu                7.58000m   41.745   69.0328      Ca B                2102.30A   37.079    0.0015      S  4                750.221A   37.715    0.0064
nFnu                7.05026m   39.428    0.3323      Ca B                2097.07A   37.014    0.0013      S  4                657.319A   37.074    0.0015
nInu                7.05026m   41.747   69.2765      Ca B                2092.59A   36.951    0.0011      S  4                661.455A   37.850    0.0088
nFnu                4.11370m   39.638    0.5396      Ca B                1.01233m   38.744    0.0689      S  4                554.027A   37.421    0.0033
nInu                4.11370m   41.745   69.0154      Ca B                6559.91A   38.435    0.0338      S  5                786.470A   37.726    0.0066
nFnu                2.32440m   39.820    0.8196      Ca B                5411.37A   38.191    0.0193      S  6                944.524A   37.694    0.0061
nInu                2.32440m   41.661   56.9096      Ca B                4859.18A   37.991    0.0122      S  6                933.380A   37.767    0.0073
nFnu                1.64313m   39.966    1.1477      Ca B                4541.46A   37.822    0.0082      S  8                9914.00A   37.079    0.0015
nInu                1.64313m   41.506   39.8028      Ca B                4338.55A   37.675    0.0059      Si 5                117.854A   37.011    0.0013
nFnu                1.48022m   39.974    1.1696      Ca B                4199.71A   37.544    0.0043      Si 6                1.96247m   38.379    0.0297
nInu                1.48022m   41.473   36.9385      Ca B                4099.92A   37.426    0.0033      Si 6                249.124A   37.155    0.0018
nFnu                1.43649m   40.159    1.7899      Ca B                4025.48A   37.319    0.0026      Si 8                319.840A   37.359    0.0028
nInu                1.43649m   41.467   36.3885      Ca B                3968.32A   37.221    0.0021      Si 8                316.218A   37.290    0.0024
nFnu                1.11867m   40.162    1.8046      Ca B                3923.37A   37.130    0.0017      Si 8                314.356A   37.151    0.0018
nInu                1.11867m   41.460   35.8496      Ca B                3887.33A   37.045    0.0014      level 1 lines..................................
nFnu                8329.68A   40.162    1.8015      Ca B                3857.96A   36.966    0.0011      recombination..................................
nInu                8329.68A   41.525   41.5813      Ca B                1.86362m   38.287    0.0240      C  2                4267.00A   37.219    0.0021
nFnu                8078.61A   40.537    4.2773      Ca B                1.16260m   38.035    0.0135      C  2                1761.00A   37.126    0.0017
nInu                8078.61A   41.528   41.8591      Ca B                9344.62A   37.825    0.0083      C  2                1335.00A   38.942    0.1087
nFnu                6209.66A   40.479    3.7448      Ca B                8236.51A   37.648    0.0055      C  3                1923.00A   37.312    0.0025
nInu                6209.66A   41.589   48.2262      Ca B                7592.50A   37.495    0.0039      C  4                2529.00A   36.996    0.0012
nFnu                4885.36A   40.463    3.6058      Ca B                7177.28A   37.360    0.0028      C  4                1549.00A   37.784    0.0076
nInu                4885.36A   41.850   87.9902      Ca B                6890.67A   37.239    0.0022      N  2                1742.00A   37.393    0.0031
nFnu                3704.34A   40.508    4.0003      Ca B                6682.98A   37.130    0.0017      N  2                1345.00A   36.926    0.0010
nInu                3704.34A   41.767   72.5691      Ca B                6526.88A   37.029    0.0013      N  3                1885.00A   36.969    0.0012
nFnu                3587.67A   41.230   21.1097      Ca B                6406.17A   36.937    0.0011      O  2                4094.00A   37.030    0.0013
nInu                3587.67A   41.783   75.3673      Ca B                3.09074m   37.897    0.0098      O  2                4075.00A   37.373    0.0029
nFnu                2430.05A   40.958   11.2606      Ca B                1.87427m   37.690    0.0061      O  2                4111.00A   37.066    0.0014
nInu                2430.05A   41.906   99.9381      Ca B                1.47599m   37.507    0.0040      O  2                4651.00A   37.589    0.0048
nFnu                2392.03A   40.955   11.1836      Ca B                1.28124m   37.349    0.0028      O  2                4341.00A   37.311    0.0025
nInu                2392.03A   41.892   96.7521      Ca B                1.16728m   37.210    0.0020      O  3                3265.00A   37.385    0.0030
nFnu                2071.34A   40.972   11.6444      Ca B                1.09332m   37.086    0.0015      O  3                3762.00A   37.118    0.0016
nInu                2071.34A   41.908  100.5763      Ca B                1.04194m   36.974    0.0012      O  4                1068.00A   37.106    0.0016
nFnu                2052.68A   40.996   12.3111      Ca B                4.76203m   37.555    0.0045      C  2                1167.50A   37.265    0.0023
nInu                2052.68A   41.899   98.4036      Ca B                2.82513m   37.383    0.0030      C  2                1092.50A   37.872    0.0093
nFnu                1793.44A   41.075   14.7635      Ca B                2.18843m   37.223    0.0021      C  2                1036.80A   38.215    0.0204
nInu                1793.44A   41.926  104.7444      Ca B                1.87567m   37.081    0.0015      C  2                946.100A   38.202    0.0198
nFnu                1585.12A   41.108   15.9403      Ca B                1.69177m   36.954    0.0011      C  2                799.800A   39.120    0.1638
nInu                1585.12A   41.996  123.0841      Ca B                6.94582m   37.252    0.0022      C  3                2296.90A   37.798    0.0078
nFnu                1458.33A   41.113   16.1097      Ca B                4.04934m   37.107    0.0016      C  3                2017.40A   36.951    0.0011
nInu                1458.33A   41.937  107.4757      Ca B                3.09455m   36.966    0.0011      C  3                1828.00A   37.764    0.0072
nFnu                1356.96A   41.074   14.7321      Ca B                9.71043m   36.978    0.0012      C  3                1577.10A   37.822    0.0082
nInu                1356.96A   41.972  116.4213      He 2                607.567A   40.607    5.0286      C  3                1247.40A   37.296    0.0025
nFnu                1297.29A   40.973   11.6716      He 2                303.784A   40.891    9.6716      C  3                1175.70A   37.977    0.0118
nInu                1297.29A   42.000  124.1313      He 2                256.317A   37.643    0.0055      C  3                977.000A   38.312    0.0255
nFnu                1262.79A   40.820    8.2120      He 2                243.027A   37.514    0.0041      C  3                574.300A   37.227    0.0021
nInu                1262.79A   42.084  150.7700      He 2                237.331A   37.448    0.0035      C  3                538.200A   37.223    0.0021
nFnu                1218.08A   40.034    1.3423      He 2                234.347A   37.404    0.0031      C  3                511.500A   37.262    0.0023
nInu                1218.08A   42.430  334.0884      He 2                232.584A   37.371    0.0029      C  3                493.500A   37.548    0.0044
nFnu                1196.33A   40.045    1.3763      He 2                231.454A   37.348    0.0028      C  3                492.600A   37.410    0.0032
nInu                1196.33A   42.273  232.6586      He 2                230.686A   37.328    0.0026      C  3                483.700A   37.387    0.0030
nFnu                1175.06A   40.056    1.4130      He 2                230.139A   37.310    0.0025      C  3                476.000A   37.541    0.0043
nInu                1175.06A   42.115  161.8450      He 2                229.736A   37.198    0.0020      C  3                459.600A   38.443    0.0345
nFnu                1143.64A   40.078    1.4862      He 2                229.431A   37.198    0.0020      C  3                450.700A   37.270    0.0023
nInu                1143.64A   42.029  132.5961      He 2                229.194A   37.198    0.0020      C  3                433.300A   37.228    0.0021
nFnu                1113.22A   40.099    1.5586      He 2                229.006A   37.199    0.0020      C  3                411.700A   38.424    0.0329
nInu                1113.22A   42.019  129.7568      He 2                228.855A   37.200    0.0020      C  3                398.400A   38.241    0.0216
nFnu                1103.23A   40.104    1.5777      He 2                228.731A   37.201    0.0020      C  3                371.700A   37.564    0.0046
nInu                1103.23A   42.007  126.1079      He 2                228.629A   37.202    0.0020      N  2                1085.10A   37.936    0.0107
nFnu                1073.86A   40.126    1.6601      He 2                228.543A   37.204    0.0020      N  2                916.300A   37.468    0.0036
nInu                1073.86A   42.030  133.0791      He 2                228.471A   37.208    0.0020      N  2                646.400A   37.909    0.0101
nFnu                1064.34A   40.134    1.6916      He 2                228.409A   37.214    0.0020      N  3                2064.30A   37.223    0.0021
nInu                1064.34A   42.034  134.2300      He 2                228.356A   37.225    0.0021      N  3                991.000A   38.417    0.0324
nFnu                1035.92A   40.156    1.7794      He 2                228.309A   37.245    0.0022      N  3                782.900A   37.430    0.0033
nInu                1035.92A   42.101  156.8633      He 2                228.269A   37.282    0.0024      N  3                764.000A   37.881    0.0094
nFnu                1000.00A   40.187    1.9090      He 2                228.234A   37.367    0.0029      N  3                685.700A   37.626    0.0053
nInu                1000.00A   42.036  135.0308      He 2                228.203A   38.174    0.0185      N  3                472.300A   37.344    0.0027
nFnu                925.144A   40.250    2.2094      He 2                1640.43A   40.096    1.5477      N  3                418.800A   37.920    0.0103
nInu                925.144A   42.004  125.2724      He 2                1215.13A   39.623    0.5218      N  3                411.300A   37.362    0.0029
nFnu                897.800A   41.942  108.6059      He 2                1084.94A   39.286    0.2401      N  3                391.300A   37.489    0.0038
nInu                897.800A   40.808    7.9862      He 2                1025.27A   39.027    0.1322      N  3                387.400A   37.990    0.0121
nFnu                760.023A   40.787    7.6068      He 2                992.360A   38.817    0.0814      N  3                374.400A   37.809    0.0080
nInu                760.023A   41.188   19.1566      He 2                972.108A   38.639    0.0541      N  3                348.700A   38.585    0.0478
nFnu                701.514A   40.359    2.8364      He 2                958.694A   38.486    0.0380      N  3                340.200A   38.224    0.0208
nInu                701.514A   41.312   25.4759      He 2                949.324A   38.351    0.0279      N  3                323.300A   37.567    0.0046
nFnu                608.160A   40.108    1.5939      He 2                942.508A   38.485    0.0379      N  3                311.600A   37.404    0.0031
nInu                608.160A   41.467   36.4267      He 2                937.389A   38.390    0.0305      N  4                923.200A   36.945    0.0011
nFnu                575.146A   40.178    1.8715      He 2                933.444A   38.303    0.0250      N  4                765.100A   37.272    0.0023
nInu                575.146A   41.510   40.1719      He 2                930.337A   38.223    0.0207      N  4                283.500A   37.389    0.0030
nFnu                511.948A   40.350    2.7787      He 2                927.846A   38.149    0.0175      N  4                239.600A   37.112    0.0016
nInu                511.948A   41.571   46.2917      He 2                925.817A   38.080    0.0149      N  4                225.300A   37.416    0.0032
nFnu                496.874A   41.612   50.8190      He 2                924.142A   38.017    0.0129      N  4                217.900A   37.014    0.0013
nInu                496.874A   41.392   30.6433      He 2                922.743A   37.958    0.0113      N  4                177.600A   36.966    0.0011
nFnu                399.153A   40.499    3.9193      He 2                921.562A   37.905    0.0100      O  2                386.300A   38.665    0.0574
nInu                399.153A   41.487   38.1129      He 2                920.556A   37.858    0.0090      O  2                385.700A   38.483    0.0378
RRC............................................      He 2                919.693A   37.820    0.0082      O  3                1947.20A   37.083    0.0015
H  1                911.753A   40.188    1.9131      He 2                918.945A   37.792    0.0077      O  3                834.500A   38.786    0.0759
H  1                3645.98A   39.985    1.1987      He 2                918.295A   37.786    0.0076      O  3                703.400A   38.439    0.0341
H  1                3645.98A   40.339    2.7111      He 2                917.724A   37.833    0.0084      O  3                599.600A   37.924    0.0104
H  1                8203.53A   39.244    0.2176      He 2                917.221A   38.602    0.0497      O  3                541.600A   38.009    0.0127
H  1                8203.53A   39.646    0.5497      He 2                4685.64A   39.210    0.2016      O  3                374.100A   38.324    0.0262
H  1                8203.53A   39.556    0.4467      He 2                3203.04A   38.888    0.0959      O  3                320.700A   38.322    0.0260
H  1                1.45841m   38.752    0.0702      He 2                2733.24A   38.624    0.0523      O  3                300.500A   38.959    0.1130
H  1                1.45841m   39.162    0.1801      He 2                2511.15A   38.408    0.0318      O  3                299.300A   38.550    0.0440
H  1                1.45841m   39.179    0.1874      He 2                2385.35A   38.227    0.0209      O  4                1341.80A   37.224    0.0021
H  1                1.45841m   38.852    0.0882      He 2                2306.15A   38.070    0.0146      O  4                1289.40A   37.007    0.0013
H  1                2.27876m   38.391    0.0306      He 2                2252.64A   37.932    0.0106      O  4                922.700A   37.208    0.0020
H  1                2.27876m   38.800    0.0784      He 2                2214.62A   37.969    0.0116      O  4                844.400A   37.447    0.0035
H  1                2.27876m   38.850    0.0879      He 2                2186.56A   37.875    0.0093      O  4                789.400A   38.759    0.0712
H  1                2.27876m   38.669    0.0580      He 2                2165.20A   37.789    0.0076      O  4                779.900A   38.196    0.0195
H  1                2.27876m   38.187    0.0191      He 2                2148.55A   37.709    0.0063      O  4                713.000A   37.182    0.0019
H  1                3.28142m   38.109    0.0160      He 2                2135.31A   37.635    0.0054      O  4                703.900A   36.986    0.0012
H  1                3.28142m   38.516    0.0407      He 2                2124.58A   37.566    0.0046      O  4                636.500A   37.047    0.0014
H  1                3.28142m   38.578    0.0470      He 2                2115.78A   37.503    0.0040      O  4                617.000A   37.722    0.0065
H  1                3.28142m   38.451    0.0351      He 2                2108.46A   37.444    0.0035      O  4                609.400A   37.831    0.0084
H  1                3.28142m   38.142    0.0172      He 2                2102.30A   37.392    0.0031      O  4                554.400A   38.221    0.0206
H  1                3.28142m   37.553    0.0044      He 2                2097.07A   37.345    0.0027      O  4                487.000A   36.947    0.0011
H  1                4.46637m   37.877    0.0094      He 2                2092.59A   37.306    0.0025      O  4                379.800A   37.369    0.0029
H  1                4.46637m   38.283    0.0238      He 2                2088.73A   37.279    0.0024      O  4                306.700A   37.136    0.0017
H  1                4.46637m   38.350    0.0278      He 2                2085.37A   37.273    0.0023      O  4                289.900A   37.045    0.0014
H  1                4.46637m   38.249    0.0220      He 2                2082.42A   37.319    0.0026      O  4                288.500A   37.641    0.0054
H  1                4.46637m   38.010    0.0127      He 2                2079.84A   38.089    0.0152      O  4                285.800A   37.456    0.0036
H  1                4.46637m   37.613    0.0051      He 2                1.01233m   38.595    0.0489      O  4                279.800A   37.154    0.0018
H  1                4.46637m   36.951    0.0011      He 2                6559.91A   38.357    0.0283      O  4                276.100A   37.591    0.0048
H  1                5.83363m   37.682    0.0060      He 2                5411.37A   38.143    0.0172      O  4                273.500A   37.556    0.0045
H  1                5.83363m   38.086    0.0151      He 2                4859.18A   37.958    0.0113      O  4                267.000A   37.592    0.0048
H  1                5.83363m   38.155    0.0177      He 2                4541.46A   37.798    0.0078      O  4                265.500A   38.508    0.0400
H  1                5.83363m   38.067    0.0145      He 2                4338.55A   37.658    0.0056      O  4                260.500A   38.185    0.0190
H  1                5.83363m   37.864    0.0091      He 2                4199.71A   37.600    0.0049      O  4                258.600A   37.595    0.0049
H  1                5.83363m   37.552    0.0044      He 2                4099.92A   37.506    0.0040      O  4                252.500A   37.670    0.0058
H  1                5.83363m   37.096    0.0015      He 2                4025.48A   37.420    0.0033      O  4                250.300A   37.695    0.0061
H  1                7.38319m   37.513    0.0040      He 2                3968.32A   37.340    0.0027      O  4                238.500A   37.632    0.0053
H  1                7.38319m   37.915    0.0102      He 2                3923.37A   37.267    0.0023      O  4                224.100A   38.124    0.0165
H  1                7.38319m   37.985    0.0120      He 2                3887.33A   37.198    0.0020      O  4                216.200A   37.379    0.0030
H  1                7.38319m   37.905    0.0100      He 2                3857.96A   37.135    0.0017      O  4                213.000A   37.793    0.0077
H  1                7.38319m   37.723    0.0066      He 2                3833.69A   37.077    0.0015      O  4                211.300A   37.815    0.0081
H  1                7.38319m   37.455    0.0035      He 2                3813.38A   37.024    0.0013      O  4                207.200A   37.866    0.0091
H  1                7.38319m   37.094    0.0015      He 2                3796.22A   36.977    0.0012      O  4                203.000A   37.471    0.0037
H  1                9.11505m   37.364    0.0029      He 2                3781.57A   36.939    0.0011      O  4                200.800A   38.790    0.0766
H  1                9.11505m   37.765    0.0072      He 2                3768.96A   36.912    0.0010      O  4                196.400A   38.487    0.0381
H  1                9.11505m   37.835    0.0085      He 2                3748.49A   36.952    0.0011      O  4                188.200A   37.652    0.0056
H  1                9.11505m   37.760    0.0071      He 2                3740.11A   37.722    0.0065      O  4                184.200A   37.097    0.0016
H  1                9.11505m   37.590    0.0048      He 2                1.86362m   38.093    0.0154      O  4                182.800A   37.608    0.0050
H  1                9.11505m   37.350    0.0028      He 2                1.16260m   37.916    0.0102      O  4                171.100A   37.419    0.0033
H  1                9.11505m   37.041    0.0014      He 2                9344.62A   37.739    0.0068      O  4                158.600A   38.467    0.0364
H  1                11.0292m   38.333    0.0267      He 2                8236.51A   37.580    0.0047      O  5                760.400A   36.964    0.0011
H  1                13.1257m   38.221    0.0206      He 2                7592.50A   37.439    0.0034      O  5                629.700A   37.267    0.0023
H  1                15.4044m   38.117    0.0163      He 2                7177.28A   37.311    0.0025      O  5                202.300A   36.940    0.0011
H  1                17.8655m   38.021    0.0130      He 2                6890.67A   37.218    0.0021      O  5                192.900A   37.418    0.0033
H  1                20.5089m   37.932    0.0106      He 2                6682.98A   37.132    0.0017      O  5                168.000A   37.341    0.0027
H  1                23.3345m   37.848    0.0088      He 2                6526.88A   37.053    0.0014      O  5                141.300A   37.372    0.0029
H  1                26.3425m   37.770    0.0073      He 2                6406.17A   36.980    0.0012      level2 lines...................................
H  1                29.5328m   37.696    0.0062      He 2                6310.64A   36.911    0.0010      C  2                596.559A   37.560    0.0045
H  1                32.9053m   37.626    0.0052      He 2                5931.63A   37.436    0.0034      C  2                561.959A   37.497    0.0039
H  1                36.4602m   37.559    0.0045      He 2                3.09074m   37.665    0.0057      C  2                530.721A   37.450    0.0035
H  1                40.1974m   37.496    0.0039      He 2                1.87427m   37.530    0.0042      C  2                544.909A   37.455    0.0035
H  1                44.1168m   37.435    0.0034      He 2                1.47599m   37.383    0.0030      C  2                535.300A   37.434    0.0034
H  1                48.2186m   37.378    0.0030      He 2                1.28124m   37.247    0.0022      C  2                550.361A   37.393    0.0031
H  1                52.5027m   37.322    0.0026      He 2                1.16728m   37.073    0.0015      C  2                467.460A   37.246    0.0022
H  1                56.9691m   38.495    0.0388      He 2                1.09332m   36.981    0.0012      C  2                637.979A   37.264    0.0023
He 2                227.838A   37.758    0.0071      He 2                8701.09A   37.201    0.0020      C  2                424.791A   37.115    0.0016
He 2                911.351A   37.965    0.0114      He 2                4.76203m   37.292    0.0024      C  2                439.850A   37.045    0.0014
He 2                911.351A   38.360    0.0285      He 2                2.82513m   37.188    0.0019      C  2                524.659A   37.109    0.0016
He 2                2049.88A   38.705    0.0630      He 2                2.18843m   37.065    0.0014      C  2                521.831A   37.106    0.0016
He 2                2049.88A   39.168    0.1829      He 2                1.21105m   37.003    0.0012      C  2                578.690A   37.034    0.0013
He 2                2049.88A   39.172    0.1846      He 2                6.94582m   36.962    0.0011      C  3                271.090A   37.279    0.0024
He 2                3644.36A   38.167    0.0182      C  6                33.7359A   37.126    0.0017      C  3                268.600A   37.251    0.0022
He 2                3644.36A   38.639    0.0541      He-like iso-sequence...........................      C  3                266.880A   37.223    0.0021
He 2                3644.36A   38.757    0.0710      He 1                1202.81A   39.792    0.7698      C  3                288.500A   37.258    0.0023
He 2                3644.36A   38.539    0.0430      He 1                584.334A   39.155    0.1773      C  4                223.140A   37.321    0.0026
He 2                5694.36A   37.765    0.0072      He 1                537.030A   38.109    0.0160      C  4                212.750A   37.177    0.0019
He 2                5694.36A   38.238    0.0215      He 1                522.213A   37.977    0.0118      C  4                206.950A   37.089    0.0015
He 2                5694.36A   38.393    0.0307      He 1                515.617A   37.908    0.0101      C  4                203.370A   37.003    0.0012
He 2                5694.36A   38.328    0.0265      He 1                512.099A   37.858    0.0090      C  4                200.980A   36.926    0.0010
He 2                5694.36A   37.951    0.0111      He 1                625.563A   40.528    4.1910      N  2                532.161A   37.459    0.0036
He 2                8199.90A   37.448    0.0035      He 1                510.018A   37.647    0.0055      N  2                634.441A   37.478    0.0037
He 2                8199.90A   37.921    0.0103      He 1                508.657A   37.644    0.0055      N  2                475.141A   37.351    0.0028
He 2                8199.90A   38.090    0.0153      He 1                507.727A   37.639    0.0054      N  2                528.139A   37.362    0.0029
He 2                8199.90A   38.084    0.0151      He 1                507.065A   37.631    0.0053      N  2                452.970A   37.251    0.0022
He 2                8199.90A   37.886    0.0096      He 1                506.576A   37.624    0.0052      N  2                441.950A   37.207    0.0020
He 2                8199.90A   37.389    0.0030      He 1                506.204A   37.614    0.0051      N  2                474.291A   37.234    0.0021
He 2                1.11610m   37.189    0.0019      He 1                505.916A   37.602    0.0050      N  2                437.731A   37.179    0.0019
He 2                1.11610m   37.660    0.0057      He 1                505.687A   37.589    0.0048      N  2                452.610A   37.096    0.0016
He 2                1.11610m   37.836    0.0085      He 1                505.502A   37.576    0.0047      N  2                441.659A   36.976    0.0012
He 2                1.11610m   37.859    0.0090      He 1                505.352A   37.561    0.0045      N  2                432.160A   36.943    0.0011
He 2                1.11610m   37.736    0.0068      He 1                505.227A   37.545    0.0044      N  2                508.099A   37.001    0.0012
He 2                1.11610m   37.435    0.0034      He 1                505.122A   37.528    0.0042      N  3                293.510A   37.310    0.0025
He 2                1.45776m   36.971    0.0012      He 1                505.033A   37.511    0.0040      N  3                283.090A   37.254    0.0022
He 2                1.45776m   37.441    0.0034      He 1                504.958A   37.427    0.0033      N  3                264.550A   37.180    0.0019
He 2                1.45776m   37.619    0.0052      He 1                504.893A   37.454    0.0035      N  3                277.180A   37.219    0.0021
He 2                1.45776m   37.657    0.0056      He 1                504.836A   37.463    0.0036      N  3                312.110A   37.280    0.0024
He 2                1.45776m   37.574    0.0047      He 1                504.787A   37.393    0.0031      N  3                273.490A   37.184    0.0019
He 2                1.45776m   37.361    0.0028      He 1                504.744A   37.441    0.0034      N  3                267.450A   37.124    0.0017
He 2                1.45776m   36.981    0.0012      He 1                504.706A   37.512    0.0040      N  3                248.910A   37.068    0.0015
He 2                1.84498m   37.252    0.0022      He 1                504.672A   38.276    0.0235      N  3                271.020A   37.155    0.0018
He 2                1.84498m   37.432    0.0034      TOTL                1.08303m   39.140    0.1714      N  3                305.650A   37.129    0.0017
He 2                1.84498m   37.479    0.0037      He 1                1.08303m   39.140    0.1714      N  3                269.290A   37.129    0.0017
He 2                1.84498m   37.418    0.0033      He 1                3888.63A   38.865    0.0910      N  3                300.710A   37.103    0.0016
He 2                1.84498m   37.253    0.0022      He 1                3187.74A   38.476    0.0371      N  3                286.900A   36.919    0.0010
He 2                1.84498m   36.970    0.0012      He 1                2945.10A   38.162    0.0180      N  4                197.610A   37.236    0.0021
He 2                2.27776m   37.087    0.0015      He 1                2829.08A   37.907    0.0100      N  4                182.190A   37.118    0.0016
He 2                2.27776m   37.267    0.0023      He 1                2760.44A   37.348    0.0028      N  4                175.020A   37.034    0.0013
He 2                2.27776m   37.319    0.0026      He 1                2721.00A   37.199    0.0020      N  4                170.460A   36.943    0.0011
He 2                2.27776m   37.273    0.0023      He 1                2694.61A   37.065    0.0014      N  4                168.090A   36.936    0.0011
He 2                2.27776m   37.137    0.0017      He 1                2676.05A   36.943    0.0011      N  5                147.670A   36.997    0.0012
He 2                2.27776m   36.909    0.0010      He 1                2.05813m   37.934    0.0107      O  2                425.190A   37.442    0.0034
He 2                2.75608m   37.883    0.0095      He 1                5015.68A   38.237    0.0214      O  2                388.410A   37.370    0.0029
He 2                3.27997m   37.771    0.0073      He 1                3964.73A   37.847    0.0087      O  2                373.600A   37.325    0.0026
He 2                3.84941m   37.668    0.0058      He 1                3613.64A   37.539    0.0043      O  2                361.821A   37.299    0.0025
He 2                4.46440m   37.573    0.0046      He 1                3447.59A   37.283    0.0024      O  2                366.060A   37.295    0.0025
He 2                5.12495m   37.484    0.0038      He 1                7065.22A   38.139    0.0171      O  2                360.570A   37.240    0.0022
He 2                5.83106m   37.401    0.0031      He 1                5875.64A   38.889    0.0961      O  2                414.619A   37.243    0.0022
He 2                6.58272m   37.322    0.0026      He 1                4713.03A   37.461    0.0036      O  2                358.780A   37.154    0.0018
He 2                7.37993m   37.248    0.0022      He 1                4471.49A   38.480    0.0375      O  2                356.930A   37.150    0.0018
He 2                8.22270m   37.178    0.0019      He 1                4120.82A   37.038    0.0014      O  2                355.610A   37.125    0.0017
He 2                9.11102m   37.112    0.0016      He 1                4026.20A   38.164    0.0181      O  2                384.420A   37.031    0.0013
He 2                10.0449m   37.049    0.0014      He 1                3819.61A   37.910    0.0101      O  3                305.400A   37.526    0.0042
He 2                11.0243m   36.989    0.0012      He 1                3704.76A   37.974    0.0117      O  3                268.070A   37.336    0.0027
He 2                12.0493m   36.931    0.0011      He 1                3634.08A   37.813    0.0081      O  3                263.850A   37.317    0.0026
He 2                14.2360m   38.085    0.0151      He 1                3587.16A   37.671    0.0058      O  3                373.640A   37.467    0.0036
He 1                504.259A   39.828    0.8360      He 1                3554.34A   37.545    0.0044      O  3                265.020A   37.286    0.0024
He 1                2599.69A   38.806    0.0794      He 1                3530.43A   37.429    0.0033      O  3                248.730A   37.268    0.0023
He 1                3120.85A   38.298    0.0246      He 1                3512.47A   37.324    0.0026      O  3                241.200A   37.224    0.0021
He 1                3421.00A   38.323    0.0261      He 1                3498.61A   37.228    0.0021      O  3                248.620A   37.195    0.0019
He 1                3420.88A   38.800    0.0784      He 1                3487.70A   37.138    0.0017      O  3                236.890A   37.180    0.0019
He 1                3420.88A   39.022    0.1306      He 1                3478.94A   37.055    0.0014      O  3                234.190A   37.161    0.0018
He 1                3678.70A   38.607    0.0503      He 1                3471.80A   36.978    0.0012      O  3                276.900A   37.165    0.0018
He 1                6632.16A   37.882    0.0095      He 1                3439.99A   37.400    0.0031      O  3                241.140A   37.151    0.0018
He 1                7435.20A   37.467    0.0036      He 1                7281.35A   37.612    0.0051      O  3                280.450A   37.222    0.0021
He 1                7843.44A   38.535    0.0425      He 1                6678.15A   38.341    0.0272      O  3                263.230A   37.182    0.0019
He 1                8188.36A   38.338    0.0270      He 1                5047.64A   37.046    0.0014      O  3                232.380A   37.142    0.0017
He 1                8190.64A   37.849    0.0088      He 1                4921.93A   37.912    0.0101      O  3                236.860A   37.097    0.0016
He 1                8261.30A   37.929    0.0105      He 1                4387.93A   37.592    0.0049      O  3                231.110A   37.120    0.0016
He 1                1.24779m   37.318    0.0026      He 1                4143.76A   37.336    0.0027      O  3                255.390A   37.146    0.0017
He 1                1.35647m   36.939    0.0011      He 1                4009.05A   37.337    0.0027      O  3                232.350A   37.071    0.0015
He 1                1.40934m   38.027    0.0132      He 1                3926.41A   37.174    0.0019      O  3                234.180A   37.065    0.0014
He 1                1.45602m   37.961    0.0113      He 1                3871.69A   37.031    0.0013      O  3                231.100A   37.019    0.0013
He 1                1.45643m   37.469    0.0037      He 1                1.25274m   36.981    0.0012      O  3                244.650A   37.066    0.0014
He 1                1.45759m   37.625    0.0052      He 1                1.70027m   37.329    0.0027      O  3                238.930A   37.006    0.0013
He 1                1.45759m   37.148    0.0017      He 1                1.19692m   37.168    0.0018      O  3                233.340A   36.983    0.0012
He 1                1.46631m   37.450    0.0035      He 1                1.03113m   36.970    0.0012      O  3                235.520A   36.964    0.0011
He 1                2.01409m   36.918    0.0010      He 1                9515.06A   37.087    0.0015      O  4                239.130A   37.575    0.0047
He 1                2.21672m   37.653    0.0056      He 1                9062.39A   36.941    0.0011      O  4                207.610A   37.332    0.0027
He 1                2.27546m   37.631    0.0053      He 1                1.86854m   37.956    0.0112      O  4                196.560A   37.294    0.0024
He 1                2.27605m   37.139    0.0017      He 1                1.27849m   37.626    0.0052      O  4                214.760A   37.309    0.0025
He 1                2.27752m   37.442    0.0034      He 1                1.09130m   37.360    0.0028      O  4                181.780A   37.208    0.0020
He 1                2.27752m   36.965    0.0011      He 1                1.00275m   37.157    0.0018      O  4                280.550A   37.374    0.0029
He 1                2.27778m   36.964    0.0011      He 1                9526.01A   36.988    0.0012      O  4                174.710A   37.164    0.0018
He 1                2.28864m   37.091    0.0015      He 1                1.86972m   37.479    0.0037      O  4                203.010A   37.161    0.0018
He 1                3.20640m   37.361    0.0029      He 1                1.27905m   37.149    0.0017      O  4                174.310A   37.114    0.0016
He 1                3.27715m   37.359    0.0028      He 1                4.04791m   37.239    0.0022      O  4                182.700A   37.147    0.0017
He 1                3.27968m   37.223    0.0021      He 1                2.62338m   36.948    0.0011      O  4                181.770A   37.118    0.0016
He 1                3.28001m   36.918    0.0010      Ca B                2945.10A   38.120    0.0164      O  4                170.710A   37.087    0.0015
He 1                4.46460m   37.801    0.0078      Ca B                3187.74A   38.439    0.0341      O  4                159.680A   37.018    0.0013
He 1                5.83132m   37.629    0.0053      Ca B                3613.64A   37.537    0.0043      O  4                168.240A   37.060    0.0014
He 1                7.38026m   37.478    0.0037      Ca B                3888.63A   38.837    0.0853      O  4                152.360A   36.963    0.0011
He 1                9.11143m   37.342    0.0027      Ca B                3964.73A   37.846    0.0087      O  4                180.320A   36.979    0.0012
He 1                11.0248m   37.220    0.0021      Ca B                4026.20A   38.175    0.0186      O  4                186.020A   36.981    0.0012
He 1                13.1205m   37.107    0.0016      Ca B                4120.82A   37.064    0.0014      O  4                166.570A   37.007    0.0013
He 1                15.3983m   37.004    0.0013      Ca B                4387.93A   37.600    0.0049      O  4                165.420A   36.991    0.0012
He 1                17.8584m   36.908    0.0010      Ca B                4471.49A   38.501    0.0394      O  4                206.560A   36.942    0.0011
He 1                61.5933m   37.343    0.0027      Ca B                4713.03A   37.480    0.0038      O  5                135.810A   37.182    0.0019
C  5                31.6244A   37.259    0.0023      Ca B                4921.93A   37.934    0.0107      O  5                139.140A   37.180    0.0019
C  2                508.611A   37.711    0.0064      Ca B                5015.68A   38.248    0.0220      O  5                124.910A   37.107    0.0016
C  3                258.925A   36.966    0.0011      Ca B                5047.64A   37.071    0.0015      O  5                119.360A   37.051    0.0014
N  2                418.916A   37.190    0.0019      Ca B                5875.64A   38.951    0.1110      O  5                116.430A   36.967    0.0011
N  3                261.326A   37.335    0.0027      Ca B                6678.15A   38.406    0.0316      O  5                114.620A   36.922    0.0010
O  2                353.073A   39.246    0.2186      Ca B                7065.22A   38.141    0.0172      O  6                105.000A   37.026    0.0013
Ne 2                302.733A   38.026    0.0132      Ca B                7281.35A   37.632    0.0053      O  6                99.8602A   36.929    0.0011
S  2                531.501A   36.975    0.0012      Ca B                1.08303m   39.151    0.1756      Ne 2                444.150A   37.255    0.0022
Fe 3                404.565A   36.942    0.0011      Ca B                1.19692m   37.178    0.0019      Ne 2                356.870A   37.186    0.0019
grains.........................................      Ca B                1.25274m   36.944    0.0011      Ne 2                461.050A   37.177    0.0019
H-like iso-sequence............................      Ca B                1.27849m   37.704    0.0063      Ne 2                404.130A   37.183    0.0019
Cool                1215.67A   38.182    0.0189      Ca B                1.27905m   37.227    0.0021      Ne 2                327.700A   37.013    0.0013
Crst                960.000A   38.016    0.0129      Ca B                1.70027m   37.350    0.0028      Ne 2                331.200A   37.050    0.0014
Q(H)                4861.33A   40.108    1.5935      Ca B                1.86854m   38.082    0.0150      Ne 2                327.139A   37.027    0.0013
Q(H)                1215.67A   41.645   54.8160      Ca B                1.86972m   37.604    0.0050      Ne 2                355.969A   37.061    0.0014
CaBo                4861.33A   39.906    0.9991      Ca B                2.05813m   38.317    0.0258      Ne 2                320.500A   36.977    0.0012
CaBo                1640.00A   40.123    1.6468      C  5                81.4656A   37.059    0.0014      Ne 2                353.299A   36.925    0.0010
CaBo                4685.64A   39.293    0.2438      C  5                40.2678A   37.575    0.0047      Ne 3                250.920A   37.188    0.0019
Ca A                937.804A   39.634    0.5350      C  5                41.4721A   37.906    0.0100      Ne 3                227.420A   37.340    0.0027
Ca A                930.748A   39.432    0.3360      N  6                28.7870A   37.045    0.0014      Ne 3                218.360A   37.001    0.0012
Ca A                926.226A   39.259    0.2253      O  7                21.6020A   37.197    0.0020      Ne 3                223.310A   37.127    0.0017
Ca A                923.150A   39.106    0.1586      O  7                22.1012A   37.158    0.0018      Ne 3                228.870A   37.091    0.0015
Ca A                920.963A   38.970    0.1160      Pho+                3889.00A   39.499    0.3920      Ne 3                281.580A   37.206    0.0020
Ca A                919.351A   38.848    0.0874      extra Lyman....................................      Ne 3                227.190A   37.267    0.0023
Ca A                918.129A   38.736    0.0676      database lines.................................      Ne 3                265.510A   37.126    0.0017
Ca A                917.181A   38.633    0.0533      Al 3                1854.72A   37.724    0.0066      Ne 4                171.550A   37.134    0.0017
Ca A                916.429A   38.538    0.0428      Al 3                1862.79A   37.612    0.0051      Ne 4                148.550A   37.061    0.0014
Ca A                915.824A   38.449    0.0349      Al 6                3.65932m   38.411    0.0320      Ne 4                207.180A   37.183    0.0019
Ca A                915.329A   38.367    0.0289      Al 6                9.11329m   37.353    0.0028      Ne 4                139.980A   36.969    0.0012
Ca A                914.919A   38.290    0.0242      Ar 2                6.98337m   37.256    0.0022      Ne 4                159.100A   37.036    0.0013
Ca A                914.576A   38.217    0.0205      Ar 3                878.731A   36.941    0.0011      Ne 4                135.720A   36.923    0.0010
Ca A                914.286A   38.149    0.0175      Ar 3                887.403A   37.042    0.0014      Ne 4                157.090A   36.963    0.0011
Ca A                914.039A   38.085    0.0151      Ar 3                3109.18A   36.949    0.0011      Ne 5                143.350A   37.249    0.0022
Ca A                913.826A   38.025    0.0131      Ar 3                7135.79A   38.892    0.0968      Ne 5                142.640A   37.125    0.0017
Ca A                913.641A   37.968    0.0115      Ar 3                7751.11A   38.267    0.0230      Ne 5                119.100A   37.016    0.0013
Ca A                913.480A   37.915    0.0102      Ar 3                8.98898m   39.005    0.1256      Ne 5                132.560A   37.037    0.0014
Ca A                913.339A   37.865    0.0091      Ar 3                21.8253m   37.830    0.0084      Ne 5                167.820A   37.131    0.0017
Ca A                3970.07A   38.938    0.1076      Ar 4                840.032A   37.129    0.0017      Ne 5                131.150A   36.944    0.0011
Ca A                3889.05A   38.760    0.0714      Ar 4                843.770A   37.254    0.0022      Ne 6                122.920A   37.246    0.0022
Ca A                3835.38A   38.604    0.0499      Ar 4                850.605A   37.320    0.0026      Ne 6                111.440A   37.057    0.0014
Ca A                3797.89A   38.466    0.0363      Ar 4                2853.66A   37.382    0.0030      Ne 6                98.4397A   36.953    0.0011
Ca A                3770.63A   38.342    0.0273      Ar 4                2868.22A   37.038    0.0014      Ne 6                114.600A   37.006    0.0013
Ca A                3750.15A   38.229    0.0210      Ar 4                4711.26A   38.381    0.0298      Ne 6                138.790A   36.925    0.0010
Ca A                3734.36A   38.125    0.0166      Ar 4                4740.12A   38.230    0.0211      Na 5                124.710A   36.913    0.0010
Ca A                3721.93A   38.030    0.0133      Ar 5                827.366A   37.474    0.0037      Mg 6                95.1402A   37.044    0.0014
Ca A                3711.97A   37.940    0.0108      Ar 5                6435.12A   37.658    0.0056      Mg 7                84.0598A   36.970    0.0012
Ca A                3703.85A   37.857    0.0089      Ar 5                7005.83A   37.989    0.0121      Si 2                1179.59A   38.039    0.0136
Ca A                3697.15A   37.779    0.0075      Ar 5                7.89971m   38.580    0.0472      Si 2                993.354A   37.609    0.0051
Ca A                3691.55A   37.705    0.0063      Ar 5                13.0985m   38.815    0.0811      Si 2                893.551A   37.538    0.0043
Ca A                3686.83A   37.635    0.0054      Ar 6                754.930A   37.139    0.0017      Si 2                847.623A   37.267    0.0023
Ca A                3682.80A   37.569    0.0046      Ar 6                767.726A   37.178    0.0019      Si 2                1024.03A   37.472    0.0037
Ca A                3679.35A   37.506    0.0040      Ar 6                4.52800m   38.199    0.0196      Si 2                822.443A   37.066    0.0014
Ca A                3676.36A   37.446    0.0035      C  2                687.053A   37.178    0.0019      Si 2                903.081A   37.338    0.0027
Ca A                3673.75A   37.389    0.0030      C  2                687.352A   37.538    0.0043      Si 3                564.611A   37.248    0.0022
Ca A                3671.47A   37.334    0.0027      C  2                858.559A   37.574    0.0047      Si 3                464.939A   37.180    0.0019
Ca A                9545.93A   38.408    0.0318      C  2                903.962A   37.064    0.0014      Si 3                435.840A   37.000    0.0012
Ca A                9228.97A   38.249    0.0221      C  2                904.142A   37.924    0.0104      Si 4                329.800A   37.010    0.0013
Ca A                9014.87A   38.109    0.0160      C  2                904.480A   37.955    0.0112      Si 8                60.8598A   36.939    0.0011
Ca A                8862.74A   37.983    0.0119      C  2                1037.02A   37.908    0.0101      S  2                750.323A   37.560    0.0045
Ca A                8750.43A   37.869    0.0092      C  2                1334.53A   37.305    0.0025      S  2                632.711A   37.304    0.0025
Ca A                8664.98A   37.764    0.0072      C  2                1335.66A   37.682    0.0060      S  2                888.439A   37.528    0.0042
Ca A                8598.35A   37.667    0.0058      C  2                2323.50A   37.122    0.0016      S  2                587.599A   37.162    0.0018
Ca A                8545.34A   37.577    0.0047      C  2                2324.69A   37.467    0.0036      S  2                566.130A   37.024    0.0013
Ca A                8502.44A   37.493    0.0039      C  2                2325.40A   37.766    0.0073      S  2                654.712A   36.994    0.0012
Ca A                8467.21A   37.414    0.0032      C  2                2326.93A   37.904    0.0100      S  3                667.049A   37.843    0.0086
Ca A                8437.91A   37.340    0.0027      C  2                2328.12A   37.520    0.0041      S  3                691.219A   37.729    0.0067
Ca A                8413.28A   37.270    0.0023      C  2                157.636m   39.005    0.1255      S  3                704.220A   37.671    0.0058
Ca A                8392.35A   37.203    0.0020      C  3                1908.73A   38.946    0.1098      S  3                671.510A   37.403    0.0031
Ca A                8374.43A   37.140    0.0017      C  3                1906.68A   39.126    0.1660      S  3                482.139A   37.283    0.0024
Ca A                8358.96A   37.080    0.0015      C  3                977.020A   38.588    0.0481      S  3                474.260A   37.215    0.0020
Ca A                8345.51A   37.022    0.0013      C  3                386.203A   37.146    0.0017      S  3                480.121A   37.190    0.0019
Ca A                8333.74A   36.966    0.0011      C  3                538.312A   36.912    0.0010      S  3                420.730A   37.077    0.0015
Ca A                1.81740m   37.983    0.0120      C  3                884.524A   37.266    0.0023      S  3                424.450A   37.036    0.0014
Ca A                1.73620m   37.841    0.0086      Ca 3                409.953A   37.030    0.0013      S  4                330.110A   37.075    0.0015
Ca A                1.68064m   37.713    0.0064      Ca 4                669.696A   37.392    0.0031      S  4                370.000A   37.079    0.0015
Ca A                1.64071m   37.597    0.0049      Ca 4                3.20610m   38.616    0.0513      S  4                341.260A   37.050    0.0014
Ca A                1.61092m   37.491    0.0038      Ca 6                629.602A   37.287    0.0024      S  4                321.910A   36.928    0.0011
Ca A                1.58804m   37.394    0.0031      Ca 6                633.844A   37.387    0.0030      S  5                285.830A   37.044    0.0014
Ca A                1.57006m   37.303    0.0025      Ca 6                641.904A   37.434    0.0034      Ar 3                458.140A   37.509    0.0040
Ca A                1.55563m   37.218    0.0021      Cl 5                883.131A   37.052    0.0014      Ar 3                464.671A   37.381    0.0030
Ca A                1.54388m   37.139    0.0017      Cl 6                671.380A   37.013    0.0013      Ar 3                451.091A   37.206    0.0020
Ca A                1.53417m   37.064    0.0014      Cr 5                594.921A   37.424    0.0033      Ar 3                472.659A   37.204    0.0020
Ca A                1.52604m   36.994    0.0012      Fe 2                25.9811m   37.441    0.0034      Ar 3                488.909A   37.195    0.0019
Ca A                1.51917m   36.927    0.0010      Fe 2                5.33881m   37.972    0.0117      Ar 3                388.490A   37.072    0.0015
Ca A                3.03835m   37.623    0.0052      Fe 2                1.25668m   37.849    0.0088      Ar 3                527.451A   37.153    0.0018
Ca A                2.87219m   37.494    0.0039      Fe 2                2599.40A   37.013    0.0013      Ar 3                360.940A   36.944    0.0011
Ca A                2.75749m   37.377    0.0030      Fe 2                2382.04A   37.292    0.0024      Ar 3                345.990A   36.948    0.0011
Ca A                2.67438m   37.271    0.0023      Fe 2                1.32055m   37.272    0.0023      Ar 3                365.099A   36.929    0.0011
Ca A                2.61191m   37.172    0.0018      Fe 2                2625.67A   36.987    0.0012      Ar 3                517.521A   36.963    0.0011
Ca A                2.56361m   37.081    0.0015      Fe 2                1.37182m   37.048    0.0014      Ar 4                444.680A   37.689    0.0061
Ca A                2.52538m   36.996    0.0012      Fe 2                17.9314m   36.940    0.0011      Ar 4                392.000A   37.124    0.0017
Ca A                2.49455m   36.916    0.0010      Fe 2                1.64355m   37.777    0.0074      Ar 5                441.850A   37.513    0.0040
Ca A                12.3684m   37.907    0.0100      Fe 2                1.80939m   37.074    0.0015      Ar 5                455.901A   37.384    0.0030
Ca A                7.50038m   37.742    0.0069      Fe 3                22.9190m   38.705    0.0630      Ar 5                337.380A   37.067    0.0015
Ca A                5.90655m   37.582    0.0047      Fe 3                4881.12A   37.554    0.0044      Ca 3                351.260A   37.572    0.0046
Ca A                5.12722m   37.438    0.0034      Fe 3                4658.01A   38.215    0.0204      Ca 3                298.430A   37.125    0.0017
Ca A                4.67119m   37.308    0.0025      Fe 3                4607.11A   36.958    0.0011      Ca 3                277.760A   36.979    0.0012
Ca A                4.37522m   37.191    0.0019      Fe 3                33.0270m   38.151    0.0176      Ca 3                308.360A   36.923    0.0010
Ca A                4.16962m   37.083    0.0015      Fe 3                5270.40A   38.140    0.0172      Ca 4                303.870A   37.351    0.0028
Ca A                4.01974m   36.984    0.0012      Fe 3                4754.64A   37.477    0.0037      Ca 4                310.370A   37.222    0.0021
Ca A                19.0565m   37.548    0.0044      Fe 3                4701.62A   37.723    0.0066      Ca 4                307.850A   37.222    0.0021
Ca A                11.3055m   37.412    0.0032      Fe 3                51.6655m   37.553    0.0044      Ca 4                323.400A   37.216    0.0020
Ca A                8.75760m   37.273    0.0023      Fe 3                5011.16A   37.330    0.0027      Ca 4                319.070A   37.201    0.0020
Ca A                7.50599m   37.145    0.0017      Fe 3                4769.52A   37.249    0.0022      Ca 5                314.530A   37.421    0.0033
Ca A                6.77008m   37.027    0.0013      Fe 3                4733.84A   37.124    0.0017      Ca 5                325.410A   37.340    0.0027
Ca A                6.29014m   36.920    0.0010      Fe 3                5411.98A   37.097    0.0016      Ca 5                332.080A   37.127    0.0017
Ca A                27.7955m   37.230    0.0021      Fe 7                9.50763m   38.851    0.0881      Ca 5                660.908A   37.119    0.0016
Ca A                16.2045m   37.118    0.0016      Fe 7                5720.71A   38.199    0.0196      Ca 6                330.390A   37.444    0.0035
Ca A                12.3837m   36.996    0.0012      Fe 7                4988.55A   37.996    0.0123      Ca 6                227.310A   36.934    0.0011
Ca A                38.8589m   36.946    0.0011      Fe 7                4893.37A   37.729    0.0066      Ca 7                338.000A   37.290    0.0024
Ca B                3970.07A   39.100    0.1564      Fe 7                7.81037m   38.317    0.0258      Ca 7                348.130A   37.159    0.0018
Ca B                3889.05A   38.920    0.1033      Fe 7                6086.97A   38.373    0.0293      Fe 3                911.104A   37.495    0.0039
Ca B                3835.38A   38.763    0.0719      Fe 7                5158.89A   37.862    0.0090      Fe 3                859.623A   37.309    0.0025
Ca B                3797.89A   38.624    0.0522      Fe 7                4942.48A   37.361    0.0029      Fe 3                896.877A   37.418    0.0033
Ca B                3770.63A   38.498    0.0391      Fe 7                3586.32A   37.879    0.0094      Fe 3                579.421A   37.051    0.0014
Ca B                3750.15A   38.384    0.0301      Fe 7                5276.38A   37.196    0.0019      Fe 3                762.643A   37.073    0.0015
Ca B                3734.36A   38.280    0.0236      Fe 7                3758.92A   38.033    0.0134      Fe 3                513.260A   36.974    0.0012
Ca B                3721.93A   38.183    0.0189      Fe 7                3.38363m   36.984    0.0012      Fe 3                488.041A   36.966    0.0011
Ca B                3711.97A   38.093    0.0154      Fe 7                2.62872m   37.041    0.0014      Fe 3                488.391A   36.972    0.0012
Ca B                3703.85A   38.010    0.0127      Fe 9                171.073A   37.420    0.0033      Fe 3                481.371A   36.925    0.0010
Ca B                3697.15A   37.931    0.0106      K  3                4.61683m   37.872    0.0092      Fe 3                871.422A   37.183    0.0019
Ca B                3691.55A   37.857    0.0089      K  4                5.98030m   37.435    0.0034      Fe 4                309.190A   37.106    0.0016
Ca B                3686.83A   37.787    0.0076      Mg 1                2852.13A   37.546    0.0044      Fe 4                532.950A   37.367    0.0029
Ca B                3682.80A   37.721    0.0065      Mg 1                4562.60A   37.242    0.0022      Fe 4                275.130A   36.995    0.0012
Ca B                3679.35A   37.659    0.0057      Mg 3                231.734A   37.219    0.0021      Fe 4                259.600A   36.944    0.0011
Ca B                3676.36A   37.599    0.0049      Mg 3                234.264A   36.963    0.0011      Fe 4                326.120A   37.025    0.0013
Ca B                3673.75A   37.543    0.0043      N  5                209.274A   37.346    0.0028      Fe 5                236.210A   36.957    0.0011
Ca B                3671.47A   37.489    0.0038      N  5                209.308A   37.285    0.0024      Fe 5                236.300A   36.966    0.0011
Ca B                9545.93A   38.470    0.0366      N  5                1238.82A   38.443    0.0345      Fe 5                391.409A   37.227    0.0021
Ca B                9228.97A   38.312    0.0255      N  5                1242.80A   38.293    0.0244      Fe 5                227.780A   37.124    0.0017
Ca B                9014.87A   38.172    0.0184      Ne 2                12.8101m   38.413    0.0321      Fe 5                389.529A   37.166    0.0018
Ca B                8862.74A   38.046    0.0138      Ne 3                15.5509m   39.823    0.8257      Fe 5                369.760A   37.124    0.0017
Ca B                8750.43A   37.931    0.0106      Ne 3                3868.76A   39.379    0.2971      Fe 5                226.680A   37.002    0.0012
Ca B                8664.98A   37.827    0.0083      Ne 3                489.500A   36.912    0.0010      Fe 6                174.510A   37.034    0.0013
Ca B                8598.35A   37.730    0.0067      Ne 3                36.0036m   38.781    0.0750      Fe 6                156.820A   36.958    0.0011
Ca B                8545.34A   37.640    0.0054      Ne 3                3967.47A   38.861    0.0902      Fe 6                180.240A   36.973    0.0012
Ca B                8502.44A   37.556    0.0045      Ne 3                491.045A   37.720    0.0065      Fe 6                185.150A   36.976    0.0012
Ca B                8467.21A   37.477    0.0037      Ne 3                489.645A   37.235    0.0021      Fe 6                295.530A   37.147    0.0017
Ca B                8437.91A   37.403    0.0031      Ne 3                313.688A   37.248    0.0022      Fe 6                292.810A   37.099    0.0016
Ca B                8413.28A   37.333    0.0027      Ne 3                490.311A   37.357    0.0028      Fe 6                279.220A   36.980    0.0012
Ca B                8392.35A   37.266    0.0023      O  2                539.086A   37.466    0.0036      Fe 6                296.190A   36.980    0.0012
Ca B                8374.43A   37.203    0.0020      O  2                539.547A   37.435    0.0034      Fe 7                152.390A   37.269    0.0023
Ca B                8358.96A   37.143    0.0017      O  2                539.854A   37.376    0.0030      Fe 7                163.470A   37.214    0.0020
Ca B                8345.51A   37.086    0.0015      O  2                832.758A   37.592    0.0048      Fe 7                148.230A   37.119    0.0016
Ca B                8333.74A   37.032    0.0013      O  2                833.330A   37.643    0.0055      Fe 7                148.660A   37.049    0.0014
Ca B                1.81740m   38.015    0.0129      O  2                834.465A   37.662    0.0057      Fe 7                181.600A   37.072    0.0015
Ca B                1.73620m   37.874    0.0093      O  2                2470.34A   37.138    0.0017      Fe 7                234.000A   37.103    0.0016
Ca B                1.68064m   37.747    0.0069      O  2                7319.99A   36.945    0.0011      Fe 7                196.310A   37.002    0.0012
Ca B                1.64071m   37.631    0.0053      O  2                3728.81A   39.098    0.1556      Fe 7                226.340A   37.054    0.0014
Ca B                1.61092m   37.525    0.0042      O  2                3726.03A   38.920    0.1034      Fe 8                123.920A   37.086    0.0015
Ca B                1.58804m   37.428    0.0033      O  3                88.3323m   40.553    4.4342      P  2                967.202A   37.272    0.0023
Ca B                1.57006m   37.337    0.0027      O  3                51.8004m   40.287    2.4048      P  2                963.828A   37.389    0.0030
Ca B                1.55563m   37.253    0.0022      O  3                4958.91A   40.237    2.1422      K  5                727.442A   37.212    0.0020
Ca B                1.54388m   37.174    0.0019      O  3                5006.84A   40.712    6.3915      K  6                720.129A   37.021    0.0013
Ca B                1.53417m   37.099    0.0016      O  3                2320.95A   37.814    0.0081      Cr 3                1033.06A   37.073    0.0015
Ca B                1.52604m   37.029    0.0013      O  3                4363.21A   38.414    0.0322      Cr 3                1035.74A   37.125    0.0017
Ca B                1.51917m   36.962    0.0011      O  3                1660.81A   37.814    0.0081      Cr 6                226.666A   36.987    0.0012
Ca B                3.03835m   37.643    0.0055      O  3                1666.15A   38.281    0.0237      Cr 6                201.366A   36.907    0.0010
Ca B                2.87219m   37.515    0.0041      O  3                832.929A   36.913    0.0010      hyperfine structure............................
Ca B                2.75749m   37.399    0.0031      O  3                833.715A   37.919    0.0103      inner shell....................................
Ca B                2.67438m   37.292    0.0024      O  3                702.896A   37.610    0.0051      O  5                1215.53A   37.112    0.0016
Ca B                2.61191m   37.194    0.0019      O  3                703.851A   37.821    0.0082      O  6                339.683A   36.990    0.0012
Ca B                2.56361m   37.103    0.0016      O  3                507.680A   37.833    0.0084      Mg 3                246.489A   37.239    0.0022
Ca B                2.52538m   37.018    0.0013      O  3                508.178A   38.063    0.0144      Mg 3                247.968A   37.236    0.0021
Ca B                2.49455m   36.938    0.0011      O  5                1218.34A   37.897    0.0098      Al 4                165.312A   36.999    0.0012
Ca B                12.3684m   37.918    0.0103      O  5                1213.81A   38.061    0.0143      Al 4                166.199A   36.996    0.0012
Ca B                7.50038m   37.754    0.0070      O  5                629.732A   38.134    0.0169      Si 4                720.838A   37.084    0.0015
Ca B                5.90655m   37.595    0.0049      O  5                172.169A   37.074    0.0015      Si 5                119.791A   36.989    0.0012
Ca B                5.12722m   37.452    0.0035      O  5                286.448A   37.177    0.0019      Si 5                120.490A   37.270    0.0023
Ca B                4.67119m   37.323    0.0026      P  2                60.6263m   37.618    0.0052      Si 5                119.791A   36.911    0.0010
Ca B                4.37522m   37.206    0.0020      P  2                32.8620m   37.507    0.0040      Si 5                120.490A   37.209    0.0020
Ca B                4.16962m   37.099    0.0016      P  2                1.14682m   37.469    0.0037      Si 5                119.791A   38.467    0.0364
Ca B                4.01974m   37.000    0.0012      P  2                1.18828m   37.892    0.0097      Si 5                120.490A   38.465    0.0362
Ca B                3.90645m   36.909    0.0010      P  3                17.8797m   37.871    0.0092      S  5                1203.73A   36.929    0.0011
Ca B                19.0565m   37.559    0.0045      P  4                824.731A   37.033    0.0013      S  5                1203.73A   37.293    0.0024
Ca B                11.3055m   37.422    0.0033      P  4                950.657A   37.446    0.0035      S  6                488.127A   37.284    0.0024
Ca B                8.75760m   37.284    0.0024      P  4                1035.52A   37.052    0.0014      S  7                72.4207A   37.396    0.0031
Ca B                7.50599m   37.156    0.0018      S  2                6730.82A   38.824    0.0829      S  7                72.9319A   37.393    0.0031
Ca B                6.77008m   37.039    0.0014      S  2                6716.44A   38.988    0.1207      Fe 6                167.773A   37.883    0.0095
Ca B                6.29014m   36.931    0.0011      S  2                4076.35A   37.150    0.0018      Fe 6                172.200A   37.872    0.0092
Ca B                27.7955m   37.241    0.0022      S  2                4068.60A   37.639    0.0054      Fe 7                172.440A   37.796    0.0078
Ca B                16.2045m   37.128    0.0017      S  2                1.03364m   37.012    0.0013      Fe 7                177.120A   37.784    0.0076
Ca B                12.3837m   37.005    0.0013      S  2                1.02867m   37.013    0.0013      Fe 8                185.328A   37.540    0.0043
Ca B                38.8589m   36.957    0.0011      S  2                1.03205m   37.147    0.0017      Fe 8                190.745A   37.528    0.0042
H  1                2431.34A   40.950   11.0593      S  2                1259.52A   37.259    0.0023      Fe 9                194.333A   37.113    0.0016
H  1                1215.67A   41.268   23.0225      S  2                1253.81A   37.186    0.0019      Fe 9                200.622A   37.100    0.0016
H  1                1025.72A   38.337    0.0270      S  2                1250.58A   36.996    0.0012      molecules......................................
H  1                972.537A   38.188    0.0191      S  2                912.736A   37.177    0.0019      blends.........................................
H  1                949.743A   38.122    0.0164      S  2                910.485A   37.520    0.0041      Blnd                1304.00A   36.924    0.0010
H  1                937.804A   38.087    0.0152      S  3                33.4704m   40.021    1.3022      Blnd                2798.00A   39.023    0.1308
H  1                930.748A   38.060    0.0142      S  3                18.7078m   39.757    0.7093      Blnd                615.000A   37.202    0.0020
H  1                926.226A   38.035    0.0135      S  3                9068.62A   39.557    0.4476      Blnd                6720.00A   39.215    0.2036
H  1                923.150A   38.019    0.0130      S  3                9530.62A   39.957    1.1243      Blnd                4074.00A   37.761    0.0072
H  1                920.963A   38.007    0.0126      S  3                3721.63A   37.978    0.0118      Blnd                1.03300m   37.652    0.0056
H  1                919.351A   37.817    0.0082      S  3                6312.06A   38.251    0.0222      Blnd                1256.00A   37.638    0.0054
H  1                918.129A   37.817    0.0082      S  3                1728.94A   37.266    0.0023      Blnd                1198.00A   37.727    0.0066
H  1                917.181A   37.818    0.0082      S  3                1190.20A   36.952    0.0011      Blnd                1720.00A   37.397    0.0031
H  1                916.429A   37.819    0.0082      S  3                1194.45A   37.609    0.0051      Blnd                3722.00A   37.984    0.0120
H  1                915.824A   37.819    0.0082      S  3                1015.57A   37.157    0.0018      Blnd                1406.00A   37.475    0.0037
H  1                915.329A   37.819    0.0082      S  3                1021.11A   37.360    0.0028      Blnd                2665.00A   37.684    0.0060
H  1                914.919A   37.819    0.0082      Si 2                34.8046m   39.583    0.4755      Blnd                1860.00A   37.973    0.0117
H  1                914.576A   37.820    0.0082      Si 2                2334.41A   37.050    0.0014      Blnd                4725.00A   38.613    0.0509
H  1                914.286A   37.822    0.0082      Si 2                1808.01A   37.048    0.0014      Blnd                2860.00A   37.544    0.0043
H  1                914.039A   37.826    0.0083      Si 2                1260.42A   37.202    0.0020      Blnd                7250.00A   36.976    0.0012
H  1                913.826A   37.834    0.0085      Si 2                1193.29A   37.074    0.0015      Blnd                2335.00A   37.984    0.0120
H  1                913.641A   37.850    0.0088      Si 2                2350.17A   37.175    0.0019      Blnd                1888.00A   38.864    0.0908
H  1                913.480A   37.883    0.0095      Si 2                2344.20A   37.580    0.0047      Blnd                1397.00A   38.491    0.0385
H  1                913.339A   37.962    0.0114      Si 2                2334.60A   37.469    0.0037      Blnd                2424.00A   39.018    0.1296
H  1                913.215A   38.752    0.0701      Si 2                1816.93A   37.285    0.0024      Blnd                774.000A   38.066    0.0144
H  1                6562.81A   40.352    2.7931      Si 2                1533.43A   37.686    0.0060      Blnd                5525.00A   37.934    0.0107
H  1                4861.33A   39.906    1.0000      Si 2                1309.28A   37.549    0.0044      Blnd                8579.00A   37.312    0.0025
H  1                4340.46A   39.580    0.4721      Si 2                1265.00A   37.862    0.0090      Blnd                7306.00A   38.456    0.0355
H  1                4101.73A   39.325    0.2626      Si 2                1197.39A   37.954    0.0112      Blnd                3933.00A   37.955    0.0112
H  1                3970.07A   39.116    0.1622      Si 2                1194.50A   37.913    0.0102      Blnd                2326.00A   38.331    0.0266
H  1                3889.05A   38.938    0.1077      Si 3                1892.03A   38.468    0.0365      Blnd                1335.00A   38.976    0.1174
H  1                3835.38A   38.784    0.0754      Si 3                1882.71A   38.641    0.0543      C 2R                1335.00A   38.942    0.1087
H  1                3797.89A   38.647    0.0551      Si 3                1206.50A   38.591    0.0485      Blnd                977.000A   38.772    0.0735
H  1                3770.63A   38.656    0.0563      Si 4                1393.75A   38.272    0.0233      C 3R                977.000A   38.312    0.0255
H  1                3750.15A   38.553    0.0444      Si 4                1402.77A   38.089    0.0152      Blnd                1909.00A   39.374    0.2937
H  1                3734.36A   38.459    0.0357      Si 7                278.443A   37.106    0.0016      C 3R                1909.00A   38.158    0.0178
H  1                3721.93A   38.371    0.0292      Si 7                2146.64A   37.250    0.0022      Blnd                1176.00A   37.999    0.0124
H  1                3711.97A   38.291    0.0242      Si 7                2.48071m   37.928    0.0105      C 3R                1175.00A   37.977    0.0118
H  1                3703.85A   38.216    0.0204      Ti 5                252.959A   36.978    0.0012      Blnd                1549.00A   39.423    0.3288
H  1                3697.15A   38.147    0.0174      Al 2                2669.15A   37.282    0.0024      C 4R                1549.00A   37.784    0.0076
H  1                3691.55A   38.082    0.0150      Al 2                2660.35A   37.465    0.0036      N 2R                6584.00A   36.946    0.0011
H  1                3686.83A   38.024    0.0131      Al 2                1670.79A   37.643    0.0055      Blnd                5755.00A   36.982    0.0012
H  1                3682.80A   37.971    0.0116      Al 5                2.90450m   38.039    0.0136      Blnd                1085.00A   38.130    0.0167
H  1                3679.35A   37.926    0.0105      Ar 7                585.754A   37.262    0.0023      N 2R                1085.00A   37.936    0.0107
H  1                3676.36A   37.893    0.0097      Ar 8                713.813A   37.006    0.0013      Blnd                1750.00A   38.296    0.0245
H  1                3673.75A   37.878    0.0094      Ar 8                700.246A   37.202    0.0020      Blnd                990.000A   38.545    0.0436
H  1                3671.47A   37.914    0.0102      C  4                1550.78A   38.951    0.1108      N 3R                990.000A   38.416    0.0324
H  1                3669.46A   38.663    0.0572      C  4                1548.19A   39.213    0.2029      Blnd                765.000A   38.018    0.0129
H  1                1.87510m   39.403    0.3144      C  4                312.452A   37.554    0.0045      N 4R                765.000A   36.966    0.0011
H  1                1.28180m   39.108    0.1593      C  4                312.421A   37.605    0.0050      Blnd                1486.00A   38.312    0.0255
H  1                1.09380m   38.859    0.0897      C  4                244.912A   37.352    0.0028      Blnd                1240.00A   38.676    0.0589
H  1                1.00493m   38.650    0.0555      C  4                244.904A   37.411    0.0032      Blnd                2471.00A   37.541    0.0043
H  1                9545.93A   38.472    0.0368      Ca 2                7323.89A   38.059    0.0142      Blnd                3726.00A   38.920    0.1034
H  1                9228.97A   38.317    0.0258      Ca 2                7291.47A   38.234    0.0213      Blnd                3729.00A   39.098    0.1556
H  1                9014.87A   38.179    0.0188      Ca 2                3968.47A   37.558    0.0045      Blnd                7323.00A   37.374    0.0029
H  1                8862.74A   38.141    0.0172      Ca 2                3933.66A   37.732    0.0067      Blnd                7332.00A   37.293    0.0024
H  1                8750.43A   38.038    0.0136      Ca 2                8542.09A   37.126    0.0017      O 2R                7332.00A   36.990    0.0012
H  1                8664.98A   37.944    0.0109      Ca 5                4.15739m   38.239    0.0215      O 2R                7323.00A   37.071    0.0015
H  1                8598.35A   37.857    0.0089      Ca 5                11.4792m   37.097    0.0016      Blnd                833.000A   38.110    0.0160
H  1                8545.34A   37.777    0.0074      Ca 5                5309.11A   37.900    0.0099      O 2R                3726.00A   37.788    0.0076
H  1                8502.44A   37.702    0.0063      Ca 5                6086.37A   37.189    0.0019      O 2R                3729.00A   37.965    0.0115
H  1                8467.21A   37.633    0.0053      Ca 8                2.32117m   37.004    0.0013      Blnd                3727.00A   39.351    0.2787
H  1                8437.91A   37.569    0.0046      Cl 2                8578.70A   36.915    0.0010      O 2R                2471.00A   37.238    0.0021
H  1                8413.28A   37.510    0.0040      Cl 3                5537.87A   37.548    0.0044      Blnd                7325.00A   37.636    0.0054
H  1                8392.35A   37.458    0.0036      Cl 3                5517.71A   37.705    0.0063      O 2R                4651.00A   37.589    0.0048
H  1                8374.43A   37.413    0.0032      Cl 4                20.3197m   38.070    0.0146      Blnd                4341.00A   37.315    0.0026
H  1                8358.96A   37.379    0.0030      Cl 4                11.7629m   37.971    0.0116      O 2R                4341.00A   37.311    0.0025
H  1                8345.51A   37.365    0.0029      Cl 4                7530.54A   37.408    0.0032      Blnd                1666.00A   38.409    0.0318
H  1                8333.74A   37.400    0.0031      Cl 4                8045.62A   37.772    0.0073      Blnd                5007.00A   40.837    8.5345
H  1                8323.38A   38.150    0.0175      Cr 7                202.826A   37.103    0.0016      Blnd                4363.00A   38.427    0.0332
H  1                4.05113m   38.757    0.0710      Fe10                177.240A   37.002    0.0012      Blnd                835.000A   38.850    0.0879
H  1                2.62513m   38.538    0.0428      Fe10                174.531A   37.146    0.0017      O 3R                835.000A   38.786    0.0759
H  1                2.16551m   38.335    0.0268      Fe 4                3095.77A   38.870    0.0920      Blnd                1402.00A   38.311    0.0254
H  1                1.94454m   38.158    0.0178      Fe 4                3094.96A   38.646    0.0550      Blnd                789.000A   38.826    0.0832
H  1                1.81740m   38.002    0.0125      Fe 4                3094.53A   38.486    0.0380      O 4R                789.000A   38.759    0.0712
H  1                1.73620m   37.864    0.0091      Fe 4                2835.74A   38.630    0.0530      Blnd                630.000A   38.180    0.0188
H  1                1.68064m   37.772    0.0073      Fe 4                2829.36A   38.310    0.0254      O 5R                630.000A   37.180    0.0019
H  1                1.64071m   37.670    0.0058      Fe 4                2823.50A   38.111    0.0160      Blnd                1218.00A   38.287    0.0241
H  1                1.61092m   37.576    0.0047      Fe 4                2.83562m   37.196    0.0020      Blnd                1035.00A   38.768    0.0728
H  1                1.58804m   37.489    0.0038      Fe 4                2567.61A   37.553    0.0044

                                                    Emergent line intensities
general properties.............................      He 2                7177.28A   37.311    0.0025      Si 4                1393.75A   38.272    0.0232
continua.......................................      He 2                6890.67A   37.218    0.0021      Si 4                1402.77A   38.089    0.0152
FIR                 83.0000m   41.279   23.6019      He 2                6682.98A   37.132    0.0017      Si 7                2146.64A   37.250    0.0022
TIR                 1800.00m   37.855    0.0089      He 2                6526.88A   37.053    0.0014      Si 7                2.48071m   37.928    0.0105
NIRa                2.85000m   42.280  236.4576      He 2                6406.17A   36.980    0.0012      Al 2                2669.15A   37.282    0.0024
NIRb                3.00000m   41.854   88.6354      He 2                6310.64A   36.911    0.0010      Al 2                2660.35A   37.465    0.0036
MIRa                15.0000m   41.934  106.6443      He 2                5931.63A   37.436    0.0034      Al 2                1670.79A   37.643    0.0055
MIRb                22.5000m   42.019  129.8614      He 2                3.09074m   37.665    0.0057      Al 5                2.90450m   38.039    0.0136
NMIR                21.7500m   42.280  236.4576      He 2                1.87427m   37.530    0.0042      C  4                1550.78A   38.950    0.1108
TFIR                611.250m   39.105    0.1582      He 2                1.47599m   37.383    0.0030      C  4                1548.19A   39.213    0.2029
TALL                10000.0A   42.706  630.4529      He 2                1.28124m   37.247    0.0022      C  4                312.452A   37.156    0.0018
F12                 12.0000m   41.505   39.6771      He 2                1.16728m   37.073    0.0015      C  4                312.421A   37.208    0.0020
F25                 25.0000m   41.316   25.7022      He 2                1.09332m   36.981    0.0012      C  4                244.912A   37.002    0.0012
F60                 60.0000m   41.163   18.0573      He 2                8701.09A   37.201    0.0020      C  4                244.904A   37.062    0.0014
F100                100.000m   40.606    5.0137      He 2                4.76203m   37.292    0.0024      Ca 2                7323.89A   38.059    0.0142
MIPS                24.0000m   41.068   14.5370      He 2                2.82513m   37.188    0.0019      Ca 2                7291.47A   38.234    0.0213
MIPS                70.0000m   40.514    4.0577      He 2                2.18843m   37.065    0.0014      Ca 2                3968.47A   37.558    0.0045
MIPS                160.000m   38.979    0.1182      He 2                1.21105m   37.003    0.0012      Ca 2                3933.66A   37.732    0.0067
IRAC                3.60000m   41.075   14.7433      He 2                6.94582m   36.962    0.0011      Ca 2                8542.09A   37.126    0.0017
IRAC                4.50000m   41.113   16.1064      C  6                33.7359A   36.908    0.0010      Ca 5                4.15739m   38.239    0.0215
IRAC                5.80000m   41.145   17.3499      He-like iso-sequence...........................      Ca 5                11.4792m   37.097    0.0016
IRAC                8.00000m   41.304   24.9972      He 1                584.334A   38.631    0.0531      Ca 5                5309.11A   37.900    0.0099
SPR1                250.000m   37.622    0.0052      He 1                537.030A   37.612    0.0051      Ca 5                6086.37A   37.188    0.0019
SPR2                350.000m   37.516    0.0041      He 1                522.213A   37.490    0.0038      Ca 8                2.32117m   37.004    0.0013
SPR3                500.000m   37.453    0.0035      He 1                515.617A   37.424    0.0033      Cl 2                8578.70A   36.915    0.0010
PAC1                70.0000m   40.572    4.6326      He 1                512.099A   37.369    0.0029      Cl 3                5537.87A   37.548    0.0044
PAC2                100.000m   40.597    4.9112      He 1                625.563A   39.851    0.8820      Cl 3                5517.71A   37.705    0.0063
PAC3                160.000m   38.996    0.1231      He 1                510.018A   37.244    0.0022      Cl 4                20.3197m   38.070    0.0146
PAH                 3.30000m   40.216    2.0400      He 1                508.657A   37.240    0.0022      Cl 4                11.7629m   37.971    0.0116
PAHC                3.23000m   39.941    1.0833      He 1                507.727A   37.234    0.0021      Cl 4                7530.54A   37.408    0.0032
PAHC                3.37000m   39.908    1.0050      He 1                507.065A   37.227    0.0021      Cl 4                8045.62A   37.772    0.0073
PAH                 6.20000m   40.660    5.6805      He 1                506.576A   37.216    0.0020      Fe 4                3095.77A   38.870    0.0920
PAHC                5.65000m   40.704    6.2826      He 1                506.204A   37.201    0.0020      Fe 4                3094.96A   38.646    0.0550
PAH                 7.90000m   40.855    8.8870      He 1                505.916A   37.187    0.0019      Fe 4                3094.53A   38.486    0.0380
PAHC                6.90000m   40.912   10.1414      He 1                505.687A   37.170    0.0018      Fe 4                2835.74A   38.630    0.0530
PAH                 11.3000m   40.261    2.2624      He 1                505.502A   37.152    0.0018      Fe 4                2829.36A   38.310    0.0254
PAHC                10.9000m   40.282    2.3787      He 1                505.352A   37.132    0.0017      Fe 4                2823.50A   38.111    0.0160
PAH                 11.8000m   40.480    3.7540      He 1                505.227A   37.112    0.0016      Fe 4                2.83562m   37.196    0.0020
PAHC                12.6500m   40.450    3.5004      He 1                505.122A   37.091    0.0015      Fe 4                2567.61A   37.553    0.0044
PAH                 13.3000m   40.483    3.7792      He 1                505.033A   37.071    0.0015      Fe 5                70.3538m   38.807    0.0795
PAHC                14.1000m   40.505    3.9704      He 1                504.958A   36.990    0.0012      Fe 5                36.3273m   38.801    0.0786
Bcon                3640.00A   42.214  203.3888      He 1                504.893A   37.011    0.0013      Fe 5                25.9131m   38.700    0.0623
Pcon                5000.00A   41.732   67.0488      He 1                504.836A   37.015    0.0013      Fe 5                20.8407m   38.439    0.0342
O3bn                5007.00A   40.772    7.3524      He 1                504.787A   36.949    0.0011      Fe 5                4180.59A   37.927    0.0105
SX                  25.0000A   41.008   12.6527      He 1                504.744A   36.992    0.0012      Fe 5                4143.15A   38.174    0.0185
HX                  4.70000A   40.802    7.8691      He 1                504.706A   37.061    0.0014      Fe 5                4227.19A   38.883    0.0948
RRC............................................      He 1                504.672A   37.827    0.0083      Fe 5                4003.21A   37.224    0.0021
grains.........................................      He 1                1.08303m   39.140    0.1714      Fe 5                4071.24A   38.156    0.0178
H-like iso-sequence............................      He 1                3888.63A   38.865    0.0910      Fe 5                3895.22A   37.746    0.0069
H  1                1215.67A   41.268   23.0196      He 1                3187.74A   38.476    0.0371      Fe 5                3851.34A   37.522    0.0041
H  1                1025.72A   38.337    0.0270      He 1                2945.10A   38.162    0.0180      Fe 5                3794.94A   38.111    0.0160
H  1                972.537A   38.188    0.0191      He 1                2829.08A   37.907    0.0100      Fe 5                3755.70A   37.830    0.0084
H  1                949.743A   38.121    0.0164      He 1                2760.44A   37.348    0.0028      Fe 5                3911.33A   37.253    0.0022
H  1                937.804A   38.087    0.0152      He 1                2721.00A   37.199    0.0020      Fe 5                3839.27A   38.120    0.0164
H  1                930.748A   38.059    0.0142      He 1                2694.61A   37.065    0.0014      Fe 5                3783.22A   37.709    0.0064
H  1                926.226A   38.035    0.0135      He 1                2676.05A   36.943    0.0011      Fe 5                3891.28A   37.870    0.0092
H  1                923.150A   38.018    0.0130      He 1                2.05813m   37.934    0.0107      Fe 5                3819.95A   37.199    0.0020
H  1                920.963A   38.007    0.0126      He 1                5015.68A   38.237    0.0214      Fe 5                2.04669m   36.999    0.0012
H  1                919.351A   37.817    0.0082      He 1                3964.73A   37.847    0.0087      Fe 5                3445.62A   37.381    0.0030
H  1                918.129A   37.817    0.0081      He 1                3613.64A   37.539    0.0043      Fe 5                3400.41A   37.013    0.0013
H  1                917.181A   37.818    0.0082      He 1                3447.59A   37.283    0.0024      Fe 5                3463.51A   37.383    0.0030
H  1                916.429A   37.819    0.0082      He 1                7065.22A   38.139    0.0171      Fe 5                2828.24A   37.319    0.0026
H  1                915.824A   37.819    0.0082      He 1                5875.64A   38.889    0.0961      Fe 5                2750.88A   37.002    0.0012
H  1                915.329A   37.819    0.0082      He 1                4713.03A   37.461    0.0036      Fe 5                2730.21A   37.092    0.0015
H  1                914.919A   37.819    0.0082      He 1                4471.49A   38.480    0.0375      Fe 5                2717.82A   37.088    0.0015
H  1                914.576A   37.819    0.0082      He 1                4120.82A   37.038    0.0014      Fe 5                2707.36A   37.140    0.0017
H  1                914.286A   37.822    0.0082      He 1                4026.20A   38.164    0.0181      Fe 6                19.5527m   39.229    0.2104
H  1                914.039A   37.826    0.0083      He 1                3819.61A   37.910    0.0101      Fe 6                5335.19A   38.283    0.0238
H  1                913.826A   37.834    0.0085      He 1                3704.76A   37.974    0.0117      Fe 6                5277.81A   37.817    0.0081
H  1                913.641A   37.850    0.0088      He 1                3634.08A   37.813    0.0081      Fe 6                3813.55A   37.297    0.0025
H  1                913.480A   37.883    0.0095      He 1                3587.16A   37.671    0.0058      Fe 6                3492.10A   37.546    0.0044
H  1                913.339A   37.962    0.0114      He 1                3554.34A   37.545    0.0044      Fe 6                14.7670m   39.056    0.1412
H  1                913.215A   38.752    0.0701      He 1                3530.43A   37.429    0.0033      Fe 6                5484.85A   38.029    0.0133
H  1                6562.81A   40.352    2.7931      He 1                3512.47A   37.324    0.0026      Fe 6                5424.23A   38.148    0.0175
H  1                4861.33A   39.906    1.0000      He 1                3498.61A   37.228    0.0021      Fe 6                5234.29A   37.357    0.0028
H  1                4340.46A   39.580    0.4721      He 1                3487.70A   37.138    0.0017      Fe 6                4972.48A   38.537    0.0427
H  1                4101.73A   39.325    0.2626      He 1                3478.94A   37.055    0.0014      Fe 6                3889.41A   37.499    0.0039
H  1                3970.07A   39.116    0.1622      He 1                3471.80A   36.978    0.0012      Fe 6                3555.61A   37.855    0.0089
H  1                3889.05A   38.938    0.1077      He 1                3439.99A   37.400    0.0031      Fe 6                3573.86A   36.999    0.0012
H  1                3835.38A   38.784    0.0754      He 1                7281.35A   37.612    0.0051      Fe 6                12.3074m   38.771    0.0732
H  1                3797.89A   38.647    0.0551      He 1                6678.15A   38.341    0.0272      Fe 6                5631.08A   38.169    0.0183
H  1                3770.63A   38.656    0.0563      He 1                5047.64A   37.046    0.0014      Fe 6                5426.65A   37.890    0.0096
H  1                3750.15A   38.553    0.0444      He 1                4921.93A   37.912    0.0101      Fe 6                5145.76A   38.553    0.0443
H  1                3734.36A   38.459    0.0357      He 1                4387.93A   37.592    0.0049      Fe 6                4967.15A   38.061    0.0143
H  1                3721.93A   38.371    0.0292      He 1                4143.76A   37.336    0.0027      Fe 6                3662.50A   37.879    0.0094
H  1                3711.97A   38.291    0.0242      He 1                4009.05A   37.337    0.0027      Fe 6                5676.96A   38.220    0.0206
H  1                3703.85A   38.216    0.0204      He 1                3926.41A   37.174    0.0019      Fe 6                5370.30A   37.294    0.0024
H  1                3697.15A   38.147    0.0174      He 1                3871.69A   37.031    0.0013      Fe 6                5176.05A   38.432    0.0336
H  1                3691.55A   38.082    0.0150      He 1                1.25274m   36.981    0.0012      Fe 6                1.28877m   37.390    0.0030
H  1                3686.83A   38.024    0.0131      He 1                1.70027m   37.329    0.0027      Fe 6                1.23303m   37.495    0.0039
H  1                3682.80A   37.971    0.0116      He 1                1.19692m   37.168    0.0018      Fe 6                1.34929m   37.690    0.0061
H  1                3679.35A   37.926    0.0105      He 1                1.03113m   36.970    0.0012      Fe 6                1.26742m   37.235    0.0021
H  1                3676.36A   37.893    0.0097      He 1                9515.06A   37.087    0.0015      Mg 2                2802.71A   38.565    0.0456
H  1                3673.75A   37.878    0.0094      He 1                9062.39A   36.941    0.0011      Mg 2                2795.53A   38.836    0.0852
H  1                3671.47A   37.914    0.0102      He 1                1.86854m   37.956    0.0112      Mg 4                4.48712m   39.042    0.1367
H  1                3669.46A   38.663    0.0572      He 1                1.27849m   37.626    0.0052      Mg 5                5.60700m   38.950    0.1106
H  1                1.87510m   39.403    0.3144      He 1                1.09130m   37.360    0.0028      Mg 5                2782.76A   38.195    0.0194
H  1                1.28180m   39.108    0.1593      He 1                1.00275m   37.157    0.0018      Mg 5                13.5464m   37.873    0.0093
H  1                1.09380m   38.859    0.0897      He 1                9526.01A   36.988    0.0012      Mg 5                2928.09A   37.629    0.0053
H  1                1.00493m   38.650    0.0555      He 1                1.86972m   37.479    0.0037      Mg 6                1806.00A   37.164    0.0018
H  1                9545.93A   38.472    0.0368      He 1                1.27905m   37.149    0.0017      Mg 6                1806.43A   37.264    0.0023
H  1                9228.97A   38.317    0.0258      He 1                4.04791m   37.239    0.0022      Mg 7                9.00655m   37.658    0.0056
H  1                9014.87A   38.179    0.0188      He 1                2.62338m   36.948    0.0011      Mg 7                5.50177m   37.529    0.0042
H  1                8862.74A   38.141    0.0172      C  5                40.2678A   37.299    0.0025      Mg 7                2628.89A   36.918    0.0010
H  1                8750.43A   38.038    0.0136      C  5                41.4721A   37.613    0.0051      Mg 8                3.02765m   36.977    0.0012
H  1                8664.98A   37.944    0.0109      O  7                21.6020A   37.094    0.0015      Mg 9                368.071A   36.937    0.0011
H  1                8598.35A   37.857    0.0089      O  7                22.1012A   37.048    0.0014      N  2                205.244m   38.114    0.0162
H  1                8545.34A   37.777    0.0074      extra Lyman....................................      N  2                121.767m   37.906    0.0100
H  1                8502.44A   37.702    0.0063      database lines.................................      N  2                6548.05A   38.506    0.0398
H  1                8467.21A   37.633    0.0053      Al 3                1854.72A   37.724    0.0066      N  2                6583.45A   38.975    0.1173
H  1                8437.91A   37.569    0.0046      Al 3                1862.79A   37.612    0.0051      N  2                1084.56A   37.584    0.0048
H  1                8413.28A   37.510    0.0040      Al 6                3.65932m   38.411    0.0320      N  2                916.020A   37.243    0.0022
H  1                8392.35A   37.458    0.0036      Al 6                9.11329m   37.353    0.0028      N  2                916.710A   37.458    0.0036
H  1                8374.43A   37.413    0.0032      Ar 2                6.98337m   37.256    0.0022      N  3                57.3238m   39.932    1.0614
H  1                8358.96A   37.379    0.0030      Ar 3                3109.18A   36.949    0.0011      N  3                1748.65A   37.389    0.0030
H  1                8345.51A   37.365    0.0029      Ar 3                7135.79A   38.892    0.0968      N  3                1753.99A   37.404    0.0031
H  1                8333.74A   37.400    0.0031      Ar 3                7751.11A   38.267    0.0230      N  3                1746.82A   36.972    0.0012
H  1                8323.38A   38.150    0.0175      Ar 3                8.98898m   39.005    0.1256      N  3                1752.16A   37.812    0.0081
H  1                4.05113m   38.757    0.0710      Ar 3                21.8253m   37.830    0.0084      N  3                1749.67A   37.866    0.0091
H  1                2.62513m   38.538    0.0428      Ar 4                2853.66A   37.382    0.0030      N  3                989.799A   37.382    0.0030
H  1                2.16551m   38.335    0.0268      Ar 4                2868.22A   37.038    0.0014      N  3                991.511A   37.815    0.0081
H  1                1.94454m   38.158    0.0178      Ar 4                4711.26A   38.381    0.0298      N  3                686.336A   36.914    0.0010
H  1                1.81740m   38.002    0.0125      Ar 4                4740.12A   38.230    0.0211      N  4                1486.50A   37.916    0.0102
H  1                1.73620m   37.864    0.0091      Ar 5                6435.12A   37.658    0.0056      N  4                1483.32A   38.089    0.0152
H  1                1.68064m   37.772    0.0073      Ar 5                7005.83A   37.989    0.0121      Na 3                7.31706m   38.117    0.0163
H  1                1.64071m   37.670    0.0058      Ar 5                7.89971m   38.580    0.0472      Na 4                9.03098m   37.984    0.0120
H  1                1.61092m   37.576    0.0047      Ar 5                13.0985m   38.815    0.0811      Na 4                3241.51A   37.312    0.0025
H  1                1.58804m   37.489    0.0038      Ar 6                4.52800m   38.199    0.0196      Na 6                14.3228m   37.023    0.0013
H  1                1.57006m   37.409    0.0032      C  2                1037.02A   37.908    0.0101      Ne 4                2421.66A   38.622    0.0520
H  1                1.55563m   37.334    0.0027      C  2                1334.53A   37.305    0.0025      Ne 4                2424.28A   38.796    0.0776
H  1                1.54388m   37.265    0.0023      C  2                1335.66A   37.682    0.0060      Ne 4                1601.45A   37.166    0.0018
H  1                1.53417m   37.201    0.0020      C  2                2323.50A   37.122    0.0016      Ne 4                541.126A   36.951    0.0011
H  1                1.52604m   37.143    0.0017      C  2                2324.69A   37.467    0.0036      Ne 4                542.076A   36.992    0.0012
H  1                1.51917m   37.090    0.0015      C  2                2325.40A   37.766    0.0073      Ne 4                543.886A   37.011    0.0013
H  1                1.51331m   37.046    0.0014      C  2                2326.93A   37.904    0.0100      Ne 5                24.2065m   39.780    0.7475
H  1                1.50827m   37.012    0.0013      C  2                2328.12A   37.520    0.0041      Ne 5                14.3228m   39.686    0.6021
H  1                1.50389m   36.998    0.0012      C  2                157.636m   39.005    0.1255      Ne 5                3345.99A   38.404    0.0315
H  1                1.50008m   37.033    0.0013      C  3                1908.73A   38.946    0.1098      Ne 5                3426.03A   38.851    0.0881
H  1                1.49672m   37.783    0.0075      C  3                1906.68A   39.126    0.1660      Ne 5                569.759A   36.925    0.0010
H  1                7.45777m   38.241    0.0216      C  3                977.020A   38.587    0.0480      Ne 5                359.375A   36.965    0.0011
H  1                4.65247m   38.072    0.0147      Ca 4                3.20610m   38.616    0.0513      Ne 6                7.64318m   38.961    0.1136
H  1                3.73951m   37.903    0.0099      Fe 2                25.9811m   37.441    0.0034      Ne 6                403.270A   36.992    0.0012
H  1                3.29607m   37.751    0.0070      Fe 2                5.33881m   37.972    0.0117      Ne 6                401.928A   37.003    0.0013
H  1                3.03835m   37.614    0.0051      Fe 2                1.25668m   37.849    0.0088      Ne 7                465.220A   37.034    0.0013
H  1                2.87219m   37.483    0.0038      Fe 2                2599.40A   37.013    0.0013      Ni 2                1.19102m   37.218    0.0021
H  1                2.75749m   37.381    0.0030      Fe 2                2382.04A   37.292    0.0024      O  4                25.8832m   40.358    2.8328
H  1                2.67438m   37.288    0.0024      Fe 2                1.32055m   37.272    0.0023      O  4                1399.77A   37.436    0.0034
H  1                2.61191m   37.202    0.0020      Fe 2                2625.67A   36.987    0.0012      O  4                1407.38A   37.430    0.0033
H  1                2.56361m   37.121    0.0016      Fe 2                1.37182m   37.048    0.0014      O  4                1397.20A   36.964    0.0011
H  1                2.52538m   37.047    0.0014      Fe 2                17.9314m   36.940    0.0011      O  4                1404.78A   37.850    0.0088
H  1                2.49455m   36.978    0.0012      Fe 2                1.64355m   37.777    0.0074      O  4                1401.16A   37.847    0.0087
H  1                2.46929m   36.914    0.0010      Fe 2                1.80939m   37.074    0.0015      O  4                609.830A   37.065    0.0014
H  1                2.37371m   37.497    0.0039      Fe 3                22.9190m   38.705    0.0630      O  4                555.264A   37.399    0.0031
H  1                12.3684m   37.806    0.0079      Fe 3                4881.12A   37.554    0.0044      O  4                554.514A   37.315    0.0026
H  1                7.50038m   37.674    0.0059      Fe 3                4658.01A   38.215    0.0204      O  6                1037.62A   38.369    0.0290
H  1                5.90655m   37.532    0.0042      Fe 3                4607.11A   36.958    0.0011      O  6                1031.91A   38.547    0.0437
H  1                5.12722m   37.399    0.0031      Fe 3                33.0270m   38.151    0.0176      P  5                1128.01A   37.286    0.0024
H  1                4.67119m   37.244    0.0022      Fe 3                5270.40A   38.140    0.0172      P  5                1117.98A   37.407    0.0032
H  1                4.37522m   37.144    0.0017      Fe 3                4754.64A   37.477    0.0037      S  4                10.5076m   40.309    2.5283
H  1                4.16962m   37.051    0.0014      Fe 3                4701.62A   37.723    0.0066      S  4                1416.89A   37.028    0.0013
H  1                4.01974m   36.965    0.0011      Fe 3                51.6655m   37.553    0.0044      S  4                1406.02A   37.066    0.0014
H  1                3.48198m   37.262    0.0023      Fe 3                5011.16A   37.330    0.0027      S  4                1062.66A   37.243    0.0022
H  1                19.0565m   37.431    0.0034      Fe 3                4769.52A   37.249    0.0022      S  4                1073.52A   37.394    0.0031
H  1                11.3055m   37.325    0.0026      Fe 3                4733.84A   37.124    0.0017      S  6                944.524A   37.694    0.0061
H  1                8.75760m   37.204    0.0020      Fe 3                5411.98A   37.097    0.0016      S  6                933.380A   37.767    0.0073
H  1                7.50599m   37.040    0.0014      Fe 7                9.50763m   38.851    0.0881      S  8                9914.00A   37.079    0.0015
H  1                6.77008m   36.941    0.0011      Fe 7                5720.71A   38.199    0.0196      Si 6                1.96247m   38.379    0.0297
H  1                4.84633m   37.063    0.0014      Fe 7                4988.55A   37.996    0.0123      Si 8                319.840A   36.945    0.0011
H  1                27.7955m   37.101    0.0016      Fe 7                4893.37A   37.729    0.0066      level 1 lines..................................
H  1                16.2045m   37.016    0.0013      Fe 7                7.81037m   38.317    0.0258      recombination..................................
He 2                303.784A   40.493    3.8602      Fe 7                6086.97A   38.373    0.0293      level2 lines...................................
He 2                256.317A   37.274    0.0023      Fe 7                5158.89A   37.862    0.0090      C  3                271.090A   36.947    0.0011
He 2                243.027A   37.165    0.0018      Fe 7                4942.48A   37.361    0.0029      C  3                268.600A   36.924    0.0010
He 2                237.331A   37.108    0.0016      Fe 7                3586.32A   37.879    0.0094      N  3                293.510A   36.938    0.0011
He 2                234.347A   37.070    0.0015      Fe 7                5276.38A   37.196    0.0019      O  3                305.400A   37.139    0.0017
He 2                232.584A   37.040    0.0014      Fe 7                3758.92A   38.033    0.0134      O  3                268.070A   37.018    0.0013
He 2                231.454A   37.019    0.0013      Fe 7                3.38363m   36.984    0.0012      O  3                263.850A   37.008    0.0013
He 2                230.686A   37.000    0.0012      Fe 7                2.62872m   37.041    0.0014      O  3                373.640A   36.958    0.0011
He 2                230.139A   36.983    0.0012      K  3                4.61683m   37.872    0.0092      O  3                265.020A   36.975    0.0012
He 2                228.309A   36.915    0.0010      K  4                5.98030m   37.435    0.0034      O  3                248.730A   36.906    0.0010
He 2                228.269A   36.951    0.0011      Mg 1                2852.13A   37.546    0.0044      O  4                239.130A   37.234    0.0021
He 2                228.234A   37.037    0.0014      Mg 1                4562.60A   37.242    0.0022      O  4                280.550A   37.036    0.0013
He 2                228.203A   37.843    0.0086      N  5                1238.82A   38.443    0.0345      Si 2                1179.59A   38.039    0.0136
He 2                1640.43A   40.096    1.5477      N  5                1242.80A   38.293    0.0244      Si 2                993.354A   37.609    0.0050
He 2                1215.13A   39.623    0.5217      Ne 2                12.8101m   38.413    0.0321      Si 2                1024.03A   37.471    0.0037
He 2                1084.94A   39.286    0.2400      Ne 3                15.5509m   39.823    0.8257      Ar 4                444.680A   37.010    0.0013
He 2                1025.27A   39.027    0.1322      Ne 3                3868.76A   39.379    0.2971      Ca 3                351.260A   37.062    0.0014
He 2                992.360A   38.817    0.0814      Ne 3                36.0036m   38.781    0.0750      Ca 4                303.870A   36.964    0.0011
He 2                972.108A   38.639    0.0541      Ne 3                3967.47A   38.861    0.0902      Ca 5                314.530A   37.017    0.0013
He 2                958.694A   38.486    0.0380      Ne 3                491.045A   36.955    0.0011      Ca 5                325.410A   36.914    0.0010
He 2                949.324A   38.351    0.0279      O  2                2470.34A   37.138    0.0017      Ca 6                330.390A   37.010    0.0013
He 2                942.508A   38.484    0.0379      O  2                7319.99A   36.945    0.0011      P  2                967.202A   37.272    0.0023
He 2                937.389A   38.390    0.0305      O  2                3728.81A   39.098    0.1556      P  2                963.828A   37.389    0.0030
He 2                933.444A   38.303    0.0249      O  2                3726.03A   38.920    0.1034      Cr 3                1033.06A   37.073    0.0015
He 2                930.337A   38.223    0.0207      O  3                88.3323m   40.553    4.4342      Cr 3                1035.74A   37.125    0.0017
He 2                927.846A   38.149    0.0175      O  3                51.8004m   40.287    2.4048      hyperfine structure............................
He 2                925.817A   38.080    0.0149      O  3                4958.91A   40.237    2.1422      inner shell....................................
He 2                924.142A   38.016    0.0129      O  3                5006.84A   40.712    6.3915      molecules......................................
He 2                922.743A   37.958    0.0113      O  3                2320.95A   37.814    0.0081      blends.........................................
He 2                921.562A   37.905    0.0100      O  3                4363.21A   38.414    0.0322      Blnd                1304.00A   36.924    0.0010
He 2                920.556A   37.858    0.0090      O  3                1660.81A   37.814    0.0081      Blnd                2798.00A   39.023    0.1308
He 2                919.693A   37.819    0.0082      O  3                1666.15A   38.281    0.0237      Blnd                6720.00A   39.215    0.2036
He 2                918.945A   37.792    0.0077      O  3                507.680A   37.289    0.0024      Blnd                4074.00A   37.761    0.0072
He 2                918.295A   37.786    0.0076      O  3                508.178A   37.519    0.0041      Blnd                1.03300m   37.652    0.0056
He 2                917.724A   37.832    0.0084      O  5                1218.34A   37.897    0.0098      Blnd                1256.00A   37.638    0.0054
He 2                917.221A   38.602    0.0496      O  5                1213.81A   38.061    0.0143      Blnd                1198.00A   37.727    0.0066
He 2                4685.64A   39.210    0.2016      O  5                629.732A   37.279    0.0024      Blnd                1720.00A   37.397    0.0031
He 2                3203.04A   38.888    0.0959      P  2                60.6263m   37.618    0.0052      Blnd                3722.00A   37.984    0.0120
He 2                2733.24A   38.624    0.0523      P  2                32.8620m   37.507    0.0040      Blnd                1406.00A   37.475    0.0037
He 2                2511.15A   38.408    0.0318      P  2                1.14682m   37.469    0.0037      Blnd                2665.00A   37.684    0.0060
He 2                2385.35A   38.227    0.0209      P  2                1.18828m   37.892    0.0097      Blnd                1860.00A   37.973    0.0117
He 2                2306.15A   38.070    0.0146      P  3                17.8797m   37.871    0.0092      Blnd                4725.00A   38.613    0.0509
He 2                2252.64A   37.932    0.0106      P  4                950.657A   37.446    0.0035      Blnd                2860.00A   37.544    0.0043
He 2                2214.62A   37.969    0.0116      P  4                1035.52A   37.052    0.0014      Blnd                7250.00A   36.976    0.0012
He 2                2186.56A   37.875    0.0093      S  2                6730.82A   38.824    0.0829      Blnd                2335.00A   37.984    0.0120
He 2                2165.20A   37.789    0.0076      S  2                6716.44A   38.988    0.1207      Blnd                1888.00A   38.864    0.0908
He 2                2148.55A   37.709    0.0063      S  2                4076.35A   37.150    0.0018      Blnd                1397.00A   38.491    0.0385
He 2                2135.31A   37.635    0.0054      S  2                4068.60A   37.639    0.0054      Blnd                2424.00A   39.018    0.1296
He 2                2124.58A   37.566    0.0046      S  2                1.03364m   37.012    0.0013      Blnd                5525.00A   37.934    0.0107
He 2                2115.78A   37.503    0.0040      S  2                1.02867m   37.013    0.0013      Blnd                8579.00A   37.312    0.0025
He 2                2108.46A   37.444    0.0035      S  2                1.03205m   37.147    0.0017      Blnd                7306.00A   38.456    0.0355
He 2                2102.30A   37.392    0.0031      S  2                1259.52A   37.259    0.0023      Blnd                3933.00A   37.955    0.0112
He 2                2097.07A   37.345    0.0027      S  2                1253.81A   37.186    0.0019      Blnd                1335.00A   38.976    0.1174
He 2                2092.59A   37.306    0.0025      S  2                1250.58A   36.996    0.0012      C 2R                1335.00A   38.942    0.1087
He 2                2088.73A   37.279    0.0024      S  2                912.736A   37.177    0.0019      Blnd                977.000A   38.772    0.0735
He 2                2085.37A   37.273    0.0023      S  3                33.4704m   40.021    1.3022      C 3R                977.000A   38.312    0.0255
He 2                2082.42A   37.319    0.0026      S  3                18.7078m   39.757    0.7093      Blnd                1909.00A   39.374    0.2937
He 2                2079.84A   38.089    0.0152      S  3                9068.62A   39.557    0.4476      C 3R                1909.00A   38.158    0.0178
He 2                1.01233m   38.595    0.0489      S  3                9530.62A   39.957    1.1243      Blnd                1176.00A   37.999    0.0124
He 2                6559.91A   38.357    0.0283      S  3                3721.63A   37.978    0.0118      C 3R                1175.00A   37.977    0.0118
He 2                5411.37A   38.143    0.0172      S  3                6312.06A   38.251    0.0222      Blnd                1549.00A   39.423    0.3288
He 2                4859.18A   37.958    0.0113      S  3                1728.94A   37.266    0.0023      C 4R                1549.00A   37.784    0.0075
He 2                4541.46A   37.798    0.0078      S  3                1190.20A   36.952    0.0011      N 2R                6584.00A   36.946    0.0011
He 2                4338.55A   37.658    0.0056      S  3                1194.45A   37.609    0.0051      Blnd                1085.00A   38.130    0.0167
He 2                4199.71A   37.600    0.0049      S  3                1015.57A   37.156    0.0018      N 2R                1085.00A   37.936    0.0107
He 2                4099.92A   37.506    0.0040      S  3                1021.11A   37.359    0.0028      Blnd                1750.00A   38.296    0.0245
He 2                4025.48A   37.420    0.0033      Si 2                34.8046m   39.583    0.4755      Blnd                990.000A   38.545    0.0436
He 2                3968.32A   37.340    0.0027      Si 2                2334.41A   37.050    0.0014      N 3R                990.000A   38.416    0.0324
He 2                3923.37A   37.267    0.0023      Si 2                1808.01A   37.048    0.0014      Blnd                1486.00A   38.312    0.0255
He 2                3887.33A   37.198    0.0020      Si 2                1260.42A   37.202    0.0020      Blnd                1240.00A   38.676    0.0589
He 2                3857.96A   37.135    0.0017      Si 2                1193.29A   37.074    0.0015      Blnd                3726.00A   38.920    0.1034
He 2                3833.69A   37.077    0.0015      Si 2                2350.17A   37.175    0.0019      Blnd                3729.00A   39.098    0.1556
He 2                3813.38A   37.024    0.0013      Si 2                2344.20A   37.580    0.0047      O 2R                3729.00A   37.965    0.0115
He 2                3796.22A   36.977    0.0012      Si 2                2334.60A   37.469    0.0037      O 2R                4651.00A   37.589    0.0048
He 2                3781.57A   36.939    0.0011      Si 2                1816.93A   37.285    0.0024      O 2R                4341.00A   37.311    0.0025
He 2                3768.96A   36.912    0.0010      Si 2                1533.43A   37.686    0.0060      Blnd                5007.00A   40.837    8.5345
He 2                3748.49A   36.952    0.0011      Si 2                1309.28A   37.549    0.0044      Blnd                835.000A   37.324    0.0026
He 2                3740.11A   37.722    0.0065      Si 2                1265.00A   37.861    0.0090      O 3R                835.000A   37.251    0.0022
He 2                1.86362m   38.093    0.0154      Si 2                1197.39A   37.954    0.0112      Blnd                789.000A   37.423    0.0033
He 2                1.16260m   37.916    0.0102      Si 2                1194.50A   37.912    0.0102      O 4R                789.000A   37.356    0.0028
He 2                9344.62A   37.739    0.0068      Si 3                1892.03A   38.468    0.0365      Blnd                630.000A   37.324    0.0026
He 2                8236.51A   37.580    0.0047      Si 3                1882.71A   38.641    0.0543      Blnd                1218.00A   38.287    0.0241
He 2                7592.50A   37.439    0.0034      Si 3                1206.50A   38.591    0.0485      Blnd                1035.00A   38.768    0.0728



 CIV QSO  
 Cooling:  HFBc                      0 :0.056 O  3c                     0 :0.405 S  3c                     0 :0.095 O  4c                     0 :0.075 S  4c                     0 :0.066  
 Heating:  BFH1                      0 :0.470 BFHe                      0 :0.441 TotM                      0 :0.080  

 These are some of the most important databases used by Cloudy:
 Many recombination coefficients were taken from http://amdpp.phys.strath.ac.uk/tamoc/RR/ and http://amdpp.phys.strath.ac.uk/tamoc/DR/
      and are based on the following papers:
        Badnell N. R., et al., A&A 406, 1151 (2003) [http://adsabs.harvard.edu/abs/2003A%26A...406.1151B]
        Badnell N. R., ApJS 167, 334 (2006) [http://adsabs.harvard.edu/abs/2006ApJS..167..334B]
 Much of the molecular emission data is from LAMDA as accessed on June 30, 2015. This database is described in:
        Schoeier F.L., et al., A&A 432, 369 (2005) [http://adsabs.harvard.edu/abs/2005A%26A...432..369S]
      This database is in part based on the work of the following groups:
        JPL: Pickett H. M. et al., JQSRT, 60, 883 (1998). [http://adsabs.harvard.edu/abs/1998JQSRT..60..883P]
        CDMS: Mueller H. S. et al., A&A 370, L49 (2001). [http://adsabs.harvard.edu/abs/2001A%26A...370L..49M]
              Mueller H. S. et al., J. Mol. Struct. 742, 215 (2005). [http://adsabs.harvard.edu/abs/2005JMoSt.742..215M]
 Some of the ionic emission data is from version 7.1.4 of CHIANTI. CHIANTI is a collaborative project involving the NRL (USA), the
      Universities of Florence (Italy) and Cambridge (UK), and George Mason University (USA). These papers describe Chianti:
        Dere K. P., et al., A&AS, 125, 149 (1997) [http://adsabs.harvard.edu/abs/1997A%26AS..125..149D]
        Landi E., et al., ApJ, 744, 99 (2012) [http://adsabs.harvard.edu/abs/2012ApJ...744...99L]
 Much of the H_2 data is from this web site: http://molat.obspm.fr/index.php?page=pages/Molecules/H2/H2can94.php. These data are
      described in:
        Abgrall H. et al., Can. J. Phys., 72, 856 (1994) [http://adsabs.harvard.edu/abs/1994CaJPh..72..856A]
        Wrathmall S. A. & Flower D. R., J. Phys. B, 40, 3221 (2007) [http://adsabs.harvard.edu/abs/2007JPhB...40.3221W]
 The Case A and Case B recombination predictions for one-electron systems are from
	Storey, P.J. & Hummer, D.G., 1995, MNRAS 272, 41 http://adsabs.harvard.edu/abs/1995MNRAS.272...41S
 The He I recombination predictions are from
	Porter, R. L.; Ferland, G. J.; Storey, P. J.; Detisch, M. J., 2012, MNRAS, 425, 28p http://adsabs.harvard.edu/abs/2012MNRAS.425L..28P
		http://adsabs.harvard.edu/abs/2013MNRAS.433L..89P

 If you find some process or data set to be particularly critical to a result, please follow the trail of references back to the
 original source and cite that.  This will support and encourage atomic, molecular, and chemical physicists to continue their
 valuable work.

 IONIZE PARMET:  U(1-)  0.4745  U(4-): -0.5483  U(sp): -2.64  Q(ion):   52.058  L(ion) 41.917    Q(low): 55.199    L(low) 42.624
 ENERGY BUDGET:  Heat:  41.487  Coolg:  41.487  Error:  0.0%  Rec Lin:  41.179  F-F  H  0.000    P(rad/tot)max     2.75E-02    R(F Con):1.737e+05

     Col(Heff):      2.135E+20  snd travl time  2.79E+17 sec  Te-low: 7.69E+03  Te-hi: 8.05E+04  G0TH85: 4.35E+00  G0DB96:4.11E+00
  Emiss Measure    n(e)n(p) dl       5.073E+17  n(e)n(He+)dl         1.311E+16  En(e)n(He++) dl         3.762E+16  ne nC+:2.10E+12
 He/Ha:8.67E-02  =   0.87*true  Lthin:1.81E+08  itr/zn: 5.85  H2 itr/zn:  0.00  File Opacity: F  MassTot 1.78e+44  (gm)
   Temps(21 cm)   T(21cm/Ly a)  1.11E+03        T(<nH/Tkin>)  8.47E+03          T(<nH/Tspin>)    1.21E+03          TB21cm:1.20E-02
                   N(H0/Tspin)  3.71E+14        N(OH/Tkin)    1.27E-01          B(21cm)          0.00E+00
   <a>:5.23E-13  erdeFe6.2E+26  Tcompt5.33E+15  Tthr2.32E+15  <Tden>: 1.32E+04  <dens>:2.41E-27  <MolWgt>6.32E-01
     Mean Jeans  l(cm)3.26E+23  M(sun)6.85E+09  smallest:     len(cm):1.37E+23  M(sun):2.12E+09  a_ox tran: -1.53
 Rion:3.162E+23  Dist:0.00E+00  Diam:0.000E+00
 Hatom level 70  HatomType: add  HInducImp  F  He tot level: 63  He2 level:   70  ExecTime   242.5
 ConvrgError(%)  <eden>  0.021  MaxEden  0.371  <H-C>   0.03  Max(H-C)    0.32  <Press>   0.000  MaxPrs er  0.000
  Continuity(%)  chng Te   5.6  elec den   6.0  n(H2)    0.0  n(CO)        0.0

                                                        Averaged Quantities
             Te      Te(Ne)   Te(NeNp)  Te(NeHe+)Te(NeHe2+) Te(NeO+)  Te(NeO2+)  Te(H2)     N(H)     Ne(O2+)   Ne(Np)
 Radius:  1.07e+04  1.34e+04  1.61e+04  9.52e+03  1.83e+04  8.56e+03  9.74e+03  7.92e+03  1.02e-03  1.01e-03  1.59e-03
   Area:  8.61e+03  9.55e+03  1.08e+04  8.87e+03  1.31e+04  8.26e+03  9.10e+03  7.90e+03  6.98e-04  8.37e-04  1.05e-03
 Volume:  8.15e+03  8.54e+03  9.19e+03  8.46e+03  1.14e+04  8.08e+03  8.63e+03  7.89e+03  5.66e-04  7.10e-04  7.83e-04
 
 Peimbert T(OIIIr)8.60E+03 T(Bac)8.29E+03 T(Hth)0.00E+00 t2(Hstrc) 4.57e-02 T(O3-BAC)0.00E+00 t2(O3-BC) 0.00e+00 t2(O3str) 1.83e-02

 Contin Optical Depths: COMP: 2.45e-04    H-: 6.38e-07 R(1300): 3.01e-06  H2+: 1.40e-08  Bra:2.45E-04
                          Pa: 2.45e-04    Ba: 2.46e-04      Hb: 2.46e-04   La: 7.69e-03     1r:2.855E+00  1.8:1.00E+00 4.:2.248E+01

 Old, new H  1 continuum optical depths:
     1 2.87e+00     2 3.41e-07     3 6.69e-07     4 6.69e-07     5 6.69e-07     6 1.72e-07     7 1.72e-07     8 1.72e-07
     9 1.72e-07    10 1.03e-18    11 1.03e-18    12 1.03e-18    13 1.03e-18    14 1.03e-18    15 2.42e-18    16 2.42e-18
    17 2.42e-18    18 2.42e-18    19 2.42e-18    20 2.42e-18    21 5.03e-18    22 5.03e-18    23 5.03e-18    24 5.03e-18
    25 5.03e-18    26 5.03e-18    27 5.03e-18    28 9.63e-18    29 9.63e-18    30 9.63e-18    31 9.63e-18    32 9.63e-18
    33 9.63e-18    34 9.63e-18    35 9.63e-18    36 1.73e-17    37 1.73e-17    38 1.73e-17    39 1.73e-17    40 1.73e-17
    41 1.73e-17    42 1.73e-17    43 1.73e-17    44 1.73e-17    45 2.93e-17    46 2.93e-17    47 2.93e-17    48 2.93e-17
    49 2.93e-17    50 2.93e-17    51 2.93e-17    52 2.93e-17    53 2.93e-17    54 2.93e-17
     1 2.85e+00     2 3.35e-07     3 6.58e-07     4 6.58e-07     5 6.58e-07     6 1.69e-07     7 1.69e-07     8 1.69e-07
     9 1.69e-07    10 1.04e-18    11 1.04e-18    12 1.04e-18    13 1.04e-18    14 1.04e-18    15 2.45e-18    16 2.45e-18
    17 2.45e-18    18 2.45e-18    19 2.45e-18    20 2.45e-18    21 5.09e-18    22 5.09e-18    23 5.09e-18    24 5.09e-18
    25 5.09e-18    26 5.09e-18    27 5.09e-18    28 9.74e-18    29 9.74e-18    30 9.74e-18    31 9.74e-18    32 9.74e-18
    33 9.74e-18    34 9.74e-18    35 9.74e-18    36 1.75e-17    37 1.75e-17    38 1.75e-17    39 1.75e-17    40 1.75e-17
    41 1.75e-17    42 1.75e-17    43 1.75e-17    44 1.75e-17    45 2.97e-17    46 2.97e-17    47 2.97e-17    48 2.97e-17
    49 2.97e-17    50 2.97e-17    51 2.97e-17    52 2.97e-17    53 2.97e-17    54 2.97e-17

 Old, new H  1 mean line optical depths:
  2- 1 5.11e+04  3- 2 2.44e-09  4- 3 0.00e+00  5- 4 0.00e+00  6- 5 4.60e-16  7- 6 3.15e-15  8- 7 6.74e-15
  9- 8 1.49e-14 10- 9 2.93e-14 11-10 1.53e-13 12-11 4.45e-15 13-12 1.06e-14 14-13 5.31e-15 15-14 4.46e-15 16-15 2.85e-15
 17-16 2.12e-15 18-17 7.12e-15 19-18 4.62e-16 20-19 5.23e-17 21-20 0.00e+00 22-21 0.00e+00 23-22 0.00e+00 24-23 0.00e+00
 25-24 0.00e+00
  2- 1 5.08e+04  3- 2 2.58e-09  4- 3 0.00e+00  5- 4 2.54e-16  6- 5 9.96e-16  7- 6 3.58e-15  8- 7 7.32e-15
  9- 8 1.58e-14 10- 9 3.11e-14 11-10 1.58e-13 12-11 6.38e-15 13-12 1.33e-14 14-13 9.96e-15 15-14 1.14e-14 16-15 1.13e-14
 17-16 9.33e-15 18-17 1.96e-14 19-18 2.18e-15 20-19 6.47e-16 21-20 1.53e-17 22-21 0.00e+00 23-22 0.00e+00 24-23 0.00e+00
 25-24 0.00e+00

 Old, new He 2 continuum optical depths:
     1 2.25e+01     2 2.85e+00     3 6.76e-07     4 6.76e-07     5 6.76e-07     6 3.41e-07     7 3.41e-07     8 3.41e-07
     9 3.41e-07    10 5.43e-07    11 5.43e-07    12 5.43e-07    13 5.43e-07    14 5.43e-07    15 6.69e-07    16 6.69e-07
    17 6.69e-07    18 6.69e-07    19 6.69e-07    20 6.69e-07    21 5.59e-07    22 5.59e-07    23 5.59e-07    24 5.59e-07
    25 5.59e-07    26 5.59e-07    27 5.59e-07    28 1.72e-07    29 1.72e-07    30 1.72e-07    31 1.72e-07    32 1.72e-07
    33 1.72e-07    34 1.72e-07    35 1.72e-07    36 5.97e-19    37 5.97e-19    38 5.97e-19    39 5.97e-19    40 5.97e-19
    41 5.97e-19    42 5.97e-19    43 5.97e-19    44 5.97e-19    45 1.03e-18    46 1.03e-18    47 1.03e-18    48 1.03e-18
    49 1.03e-18    50 1.03e-18    51 1.03e-18    52 1.03e-18    53 1.03e-18    54 1.03e-18
     1 2.25e+01     2 2.84e+00     3 6.74e-07     4 6.74e-07     5 6.74e-07     6 3.35e-07     7 3.35e-07     8 3.35e-07
     9 3.35e-07    10 5.34e-07    11 5.34e-07    12 5.34e-07    13 5.34e-07    14 5.34e-07    15 6.58e-07    16 6.58e-07
    17 6.58e-07    18 6.58e-07    19 6.58e-07    20 6.58e-07    21 5.50e-07    22 5.50e-07    23 5.50e-07    24 5.50e-07
    25 5.50e-07    26 5.50e-07    27 5.50e-07    28 1.69e-07    29 1.69e-07    30 1.69e-07    31 1.69e-07    32 1.69e-07
    33 1.69e-07    34 1.69e-07    35 1.69e-07    36 6.04e-19    37 6.04e-19    38 6.04e-19    39 6.04e-19    40 6.04e-19
    41 6.04e-19    42 6.04e-19    43 6.04e-19    44 6.04e-19    45 1.04e-18    46 1.04e-18    47 1.04e-18    48 1.04e-18
    49 1.04e-18    50 1.04e-18    51 1.04e-18    52 1.04e-18    53 1.04e-18    54 1.04e-18

 Old, new He 2 mean line optical depths:
  2- 1 7.79e+05  3- 2 5.97e-12  4- 3 0.00e+00  5- 4 0.00e+00  6- 5 0.00e+00  7- 6 0.00e+00  8- 7 0.00e+00
  9- 8 0.00e+00 10- 9 0.00e+00 11-10 0.00e+00 12-11 0.00e+00 13-12 0.00e+00 14-13 0.00e+00 15-14 0.00e+00 16-15 0.00e+00
 17-16 0.00e+00 18-17 0.00e+00 19-18 0.00e+00 20-19 0.00e+00 21-20 0.00e+00 22-21 0.00e+00 23-22 0.00e+00 24-23 0.00e+00
 25-24 0.00e+00
  2- 1 7.78e+05  3- 2 6.17e-12  4- 3 0.00e+00  5- 4 0.00e+00  6- 5 0.00e+00  7- 6 0.00e+00  8- 7 0.00e+00
  9- 8 0.00e+00 10- 9 0.00e+00 11-10 0.00e+00 12-11 0.00e+00 13-12 0.00e+00 14-13 0.00e+00 15-14 0.00e+00 16-15 0.00e+00
 17-16 0.00e+00 18-17 0.00e+00 19-18 0.00e+00 20-19 0.00e+00 21-20 0.00e+00 22-21 0.00e+00 23-22 0.00e+00 24-23 0.00e+00
 25-24 0.00e+00

 Old He Is optical depths:    1 1.01e+00    2 2.24e-07    3 2.83e-07    4 3.16e-07    5 3.16e-07
 New He Is optical depths:    1 1.00e+00    2 2.20e-07    3 2.79e-07    4 3.11e-07    5 3.11e-07
          Old He Is Lines:  584 4.30e+03 3889 2.50e-06 5016 2.96e-12 5876 0.00e+00
          New He Is Lines:  584 4.30e+03 3889 2.52e-06 5016 3.13e-12 5876 0.00e+00
CIV QSO  


          Start Iteration Number 3                                                                     CIV QSO  


WARNING: no exact matching lines found for "HE 2" 949.310A
Taking best match as "He 2                949.324A"
WARNING: no exact matching lines found for "HE 2" 4859.00A
Taking best match as "He 2                4859.18A"
WARNING: no exact matching lines found for "HE 2" 4339.00A
WARNING: Line with incorrect label found close "O  2                4339.00A"
Taking best match as "He 2                4338.55A"
WARNING: no exact matching lines found for "HE 2" 6527.00A
Taking best match as "He 2                6526.88A"
WARNING: no exact matching lines found for "HE 2" 6560.00A
Taking best match as "He 2                6559.91A"
 ####  1  Te:8.049E+04 Hden:2.404E-03 Ne:2.902E-03 R:3.178E+21 R-R0:1.581E+19 dR:3.162E+19 NTR: 10 Htot:6.665E-29 T912: 2.84e+00###
 Hydrogen      4.62e-07 1.00e+00 H+o/Hden 1.00e+00 5.89e-20 H-    H2 3.20e-29 1.41e-21 H2+ HeH+ 7.56e-21 Ho+ ColD 3.51e+10 7.60e+16
 Helium        2.19e-10 1.18e-04 1.00e+00 HeI 2s3S 1.96e-16 Comp H,C 1.38e-31 4.16e-33 Fill Fac 1.00e+00 Gam1/tot 9.88e-01
 He singlet n  2.19e-10 3.58e-23 3.86e-29 2.55e-29 2.31e-29 3.53e-29 He tripl 1.96e-16 2.18e-27 7.47e-29 4.60e-28 9.74e-29
 Pressure      NgasTgas 4.47e+02 P(total) 6.17e-14 P( gas ) 6.17e-14 P(Radtn) 0.00e+00 Rad accl 1.67e-11 ForceMul 3.69e+01
 Texc(La)      2.99e+03 T(I con) 3.63e+00 T(D con) 9.53e-02 T(U tot) 3.63e+00 nT (c+d) 9.00e+05 Prad/Gas 0.00e+00 Pmag/Gas 0.00e+00
 Molecules     CH/Ctot: 7.94e-38 CH+/Ctot 2.26e-27 CO/Ctot: 2.01e-49 CO+/Ctot 1.27e-40 H2O/Otot 1.39e-59 OH/Ototl 1.61e-36
 Lithium       1.38e-18 3.29e-07 2.85e-03 9.97e-01 Berylliu 4.63e-19 3.84e-10 5.55e-05 2.64e-02 9.74e-01 sec ion: 0.00e+00
 Boron         4.77e-20 3.16e-10 2.81e-07 2.31e-03 1.32e-01 8.65e-01
 Carbon        3.04e-20 8.35e-11 2.04e-07 3.29e-05 3.37e-02 3.69e-01 5.97e-01 H2O+/O   8.74e-59 OH+/Otot 1.62e-36 Hex(tot) 0.00e+00
 Nitrogen      1.08e-16 1.57e-11 6.91e-08 2.36e-05 9.61e-04 1.88e-01 5.41e-01 2.69e-01 O2/Ototl 2.63e-47 O2+/Otot 3.53e-46
 Oxygen        1.14e-17 1.72e-12 1.35e-08 8.37e-06 6.66e-04 9.40e-03 4.75e-01 4.36e-01 7.86e-02
 Fluorine      1.28e-18 2.20e-13 1.84e-09 2.30e-06 3.48e-04 8.39e-03 4.37e-02 6.94e-01 2.36e-01 1.75e-02
 Neon          5.64e-20 1.93e-14 3.32e-10 4.62e-07 1.39e-04 6.36e-03 4.90e-02 1.23e-01 7.15e-01 1.02e-01 3.47e-03
 Sodium        0.00e+00 1.31e-15 6.16e-11 2.10e-07 7.23e-05 4.89e-03 6.96e-02 1.82e-01 2.07e-01 5.03e-01 3.36e-02 5.74e-04
 Magnesium     7.30e-26 5.25e-18 1.42e-12 1.37e-08 1.22e-05 1.12e-03 2.94e-02 1.84e-01 3.25e-01 2.11e-01 2.41e-01 8.25e-03 7.85e-05
 Aluminium  1  7.49e-17 2.99e-14 9.47e-10 1.86e-06 6.10e-04 1.59e-02 1.58e-01 4.18e-01 2.75e-01 8.11e-02 5.12e-02 1.01e-03 5.81e-06
 Silicon    1  7.29e-16 4.94e-13 5.63e-11 3.26e-07 1.60e-04 1.37e-02 1.89e-01 4.02e-01 3.00e-01 7.24e-02 1.68e-02 5.96e-03 7.11e-05
 Phosphorus 2  2.31e-12 2.61e-10 1.21e-08 1.83e-05 2.72e-03 6.38e-02 2.63e-01 4.69e-01 1.70e-01 2.71e-02 3.35e-03 8.41e-04 6.31e-06
 Sulphur    2  9.04e-12 1.08e-09 4.54e-08 9.82e-07 5.08e-04 2.89e-02 2.44e-01 3.37e-01 2.73e-01 1.05e-01 1.07e-02 8.60e-04 1.59e-04
 Chlorine   3  2.29e-09 1.13e-07 1.84e-06 2.24e-05 4.68e-03 8.62e-02 4.24e-01 3.82e-01 9.08e-02 1.23e-02 6.51e-04 5.13e-05 6.06e-06
 Argon      3  8.04e-10 2.87e-07 7.12e-06 4.83e-05 3.52e-04 3.35e-02 2.45e-01 4.20e-01 2.38e-01 5.96e-02 4.01e-03 1.32e-04 7.40e-06
 Potassium  3  3.27e-10 1.27e-07 1.56e-05 1.49e-04 4.84e-04 2.19e-03 1.04e-01 4.49e-01 3.64e-01 7.39e-02 5.91e-03 1.75e-04 7.65e-06
 Calcium    4  1.02e-07 1.43e-05 3.95e-04 1.86e-03 3.05e-03 9.25e-03 2.34e-01 4.89e-01 2.22e-01 3.74e-02 3.18e-03 1.47e-04 3.24e-06
 Scandium   4  1.67e-07 2.17e-05 6.34e-04 9.52e-03 1.84e-02 1.49e-02 2.65e-02 3.87e-01 3.92e-01 1.41e-01 9.78e-03 3.44e-04 1.12e-05
 Titanium   4  2.90e-07 3.43e-05 9.79e-04 1.72e-02 6.51e-02 6.84e-02 3.42e-02 5.84e-02 4.92e-01 2.21e-01 3.96e-02 2.16e-03 3.24e-05
 Vanadium   5  3.94e-05 1.06e-03 1.83e-02 8.09e-02 2.45e-01 1.05e-01 6.14e-02 6.63e-02 3.45e-01 7.20e-02 5.35e-03 1.84e-04 1.64e-06
 Chromium   5  2.51e-05 1.20e-03 2.01e-02 8.93e-02 3.16e-01 2.25e-01 7.12e-02 7.66e-02 3.79e-02 1.33e-01 2.88e-02 1.22e-03 2.18e-05
 Manganese  5  3.96e-05 2.58e-03 2.04e-02 9.19e-02 3.27e-01 2.70e-01 2.36e-01 3.36e-02 8.05e-03 2.80e-03 6.09e-03 8.28e-04 3.03e-05
 Iron       6  2.03e-03 6.98e-02 2.75e-01 3.76e-01 2.01e-01 5.70e-02 1.42e-02 3.09e-03 7.51e-04 4.13e-04 6.19e-04 5.10e-05 2.05e-06
 Cobalt     6  2.60e-04 1.11e-02 8.40e-02 2.72e-01 2.35e-01 2.31e-01 1.35e-01 2.81e-02 2.70e-03 4.43e-04 1.56e-04 1.47e-04 8.05e-06
 Nickel     6  1.00e-04 5.14e-03 4.98e-02 2.82e-01 2.42e-01 2.38e-01 1.43e-01 3.28e-02 6.57e-03 5.43e-04 6.48e-05 1.75e-05 1.29e-05
 Copper     6  6.34e-05 3.62e-03 4.13e-02 3.01e-01 3.81e-01 1.47e-01 9.72e-02 2.27e-02 4.80e-03 1.25e-03 4.75e-05 5.76e-06 8.72e-07
 Zinc       6  1.95e-05 1.46e-03 1.80e-02 1.61e-01 2.53e-01 3.46e-01 1.69e-01 4.12e-02 8.54e-03 2.35e-03 3.57e-04 1.19e-05 1.56e-06
 ####181  Te:8.066E+03 Hden:3.159E-04 Ne:3.454E-04 R:3.160E+23 R-R0:3.129E+23 dR:3.741E+20 NTR:  4 Htot:4.985E-31 T912: 5.69e+00###
 Hydrogen      6.84e-03 9.93e-01 H+o/Hden 1.00e+00 2.78e-10 H-    H2 8.74e-12 3.52e-11 H2+ HeH+ 5.26e-10 Ho+ ColD 4.48e+17 3.18e+20
 Helium        7.75e-03 9.77e-01 1.49e-02 HeI 2s3S 6.37e-13 Comp H,C 1.64e-36 4.96e-39 Fill Fac 1.00e+00 Gam1/tot 1.00e+00
 He singlet n  7.75e-03 6.71e-20 1.40e-25 4.08e-26 3.72e-26 8.53e-26 He tripl 6.37e-13 5.60e-24 1.35e-25 1.16e-24 2.42e-25
 Pressure      NgasTgas 5.59e+00 P(total) 7.72e-16 P( gas ) 7.72e-16 P(Radtn) 2.50e-19 Rad accl 6.32e-14 ForceMul 1.55e+03
 Texc(La)      2.47e+03 T(I con) 3.49e-01 T(D con) 2.29e-01 T(U tot) 3.64e-01 nT (c+d) 1.40e+05 Prad/Gas 3.23e-04 Pmag/Gas 0.00e+00
 Molecules     CH/Ctot: 1.43e-14 CH+/Ctot 3.51e-13 CO/Ctot: 1.48e-17 CO+/Ctot 6.15e-18 H2O/Otot 4.20e-25 OH/Ototl 1.06e-13
 Lithium       8.70e-04 9.91e-01 7.59e-03 1.14e-04 Berylliu 1.71e-03 7.61e-02 8.89e-01 3.28e-02 6.11e-05 sec ion: 1.11e-19
 Boron         5.65e-05 1.09e-01 4.45e-01 4.44e-01 1.91e-03 0.00e+00
 Carbon        1.56e-04 1.24e-01 8.41e-01 3.15e-02 2.83e-03 1.25e-06 0.00e+00 H2O+/O   1.07e-25 OH+/Otot 2.69e-13 Hex(tot) 0.00e+00
 Nitrogen      4.80e-04 1.33e-01 8.17e-01 4.90e-02 8.00e-04 1.89e-05 0.00e+00 0.00e+00 O2/Ototl 1.31e-18 O2+/Otot 2.40e-19
 Oxygen        9.34e-04 1.25e-01 8.68e-01 5.46e-03 2.72e-04 1.52e-06 0.00e+00 0.00e+00 0.00e+00
 Fluorine      1.12e-04 7.25e-02 9.22e-01 5.08e-03 3.65e-04 1.14e-06 0.00e+00 0.00e+00 0.00e+00 0.00e+00
 Neon          1.49e-04 8.47e-02 9.06e-01 9.12e-03 1.33e-04 0.00e+00 0.00e+00 0.00e+00 0.00e+00 0.00e+00 0.00e+00
 Sodium        1.72e-04 1.35e-01 8.33e-01 3.11e-02 9.30e-04 2.33e-06 0.00e+00 0.00e+00 0.00e+00 0.00e+00 0.00e+00 0.00e+00
 Magnesium     3.09e-03 1.18e-01 8.56e-01 2.20e-02 3.95e-04 3.32e-06 0.00e+00 0.00e+00 0.00e+00 0.00e+00 0.00e+00 0.00e+00 0.00e+00
 Aluminium  0  6.49e-05 2.68e-01 2.78e-01 4.18e-01 3.56e-02 3.71e-04 1.52e-06 0.00e+00 0.00e+00 0.00e+00 0.00e+00 0.00e+00 0.00e+00
 Silicon    0  1.55e-04 3.59e-01 4.67e-01 1.56e-01 1.80e-02 2.08e-04 1.19e-06 0.00e+00 0.00e+00 0.00e+00 0.00e+00 0.00e+00 0.00e+00
 Phosphorus 0  2.18e-04 3.11e-01 5.59e-01 1.08e-01 1.95e-02 2.48e-03 1.35e-05 0.00e+00 0.00e+00 0.00e+00 0.00e+00 0.00e+00 0.00e+00
 Sulphur    0  4.12e-05 1.01e-01 7.63e-01 1.27e-01 6.64e-03 1.83e-03 1.36e-04 0.00e+00 0.00e+00 0.00e+00 0.00e+00 0.00e+00 0.00e+00
 Chlorine   0  4.61e-05 8.40e-02 7.59e-01 1.51e-01 5.57e-03 6.40e-04 7.64e-05 3.28e-06 0.00e+00 0.00e+00 0.00e+00 0.00e+00 0.00e+00
 Argon      0  2.84e-05 2.04e-02 8.41e-01 1.30e-01 7.87e-03 4.71e-04 1.34e-05 1.55e-06 0.00e+00 0.00e+00 0.00e+00 0.00e+00 0.00e+00
 Potassium  0  5.39e-05 1.55e-01 7.83e-01 5.00e-02 1.19e-02 4.14e-04 7.20e-06 0.00e+00 0.00e+00 0.00e+00 0.00e+00 0.00e+00 0.00e+00
 Calcium    0  4.95e-05 4.05e-02 7.28e-01 2.23e-01 7.97e-03 6.35e-04 3.37e-05 0.00e+00 0.00e+00 0.00e+00 0.00e+00 0.00e+00 0.00e+00
 Scandium   0  2.09e-06 2.23e-03 7.64e-02 9.00e-01 2.03e-02 1.38e-03 8.77e-05 1.43e-06 0.00e+00 0.00e+00 0.00e+00 0.00e+00 0.00e+00
 Titanium   0  2.08e-06 1.30e-02 2.09e-01 7.39e-01 3.85e-02 9.86e-04 6.99e-05 1.01e-06 0.00e+00 0.00e+00 0.00e+00 0.00e+00 0.00e+00
 Vanadium   0  2.09e-05 1.06e-02 3.82e-01 4.75e-01 1.30e-01 2.16e-03 1.12e-04 6.72e-06 0.00e+00 0.00e+00 0.00e+00 0.00e+00 0.00e+00
 Chromium   0  6.53e-06 1.36e-02 5.06e-01 4.15e-01 6.19e-02 3.66e-03 1.85e-04 2.90e-06 0.00e+00 0.00e+00 0.00e+00 0.00e+00 0.00e+00
 Manganese  0  3.01e-06 1.63e-02 5.20e-01 3.97e-01 6.32e-02 3.62e-03 1.42e-04 2.19e-06 0.00e+00 0.00e+00 0.00e+00 0.00e+00 0.00e+00
 Iron       0  1.81e-06 1.31e-02 2.48e-01 7.14e-01 1.98e-02 4.84e-03 8.98e-05 3.61e-06 0.00e+00 0.00e+00 0.00e+00 0.00e+00 0.00e+00
 Cobalt     0  4.56e-05 1.44e-02 2.37e-01 5.98e-01 1.44e-01 6.12e-03 6.65e-04 2.10e-05 0.00e+00 0.00e+00 0.00e+00 0.00e+00 0.00e+00
 Nickel     0  9.20e-06 3.43e-02 4.77e-01 4.51e-01 3.32e-02 4.03e-03 2.36e-04 1.04e-05 0.00e+00 0.00e+00 0.00e+00 0.00e+00 0.00e+00
 Copper     0  1.04e-05 6.16e-03 5.15e-01 4.62e-01 1.31e-02 3.65e-03 1.51e-04 2.18e-05 0.00e+00 0.00e+00 0.00e+00 0.00e+00 0.00e+00
 Zinc       0  1.54e-05 3.71e-03 1.40e-01 7.51e-01 9.79e-02 6.71e-03 4.55e-04 5.17e-05 1.04e-06 0.00e+00 0.00e+00 0.00e+00 0.00e+00
   CIV QSO  
   Calculation stopped because outer radius reached. Iteration 3 of 3
   The geometry is spherical.
 C-Continuum zero at some energies.
  !Background cosmic rays are not included - is this physical?  It affects the chemistry.
  !Some input lines contained underscores, these were changed to spaces.
  !Destruction of He 2TriS reached 13.6% of the total He0 dest rate at zone 1, 13.6% of that was photoionization.
  !Non-collisional excitation of [O III] 4363 reached 3.02% of the total.
  !AGE: Cloud age was not set.  Longest timescale was 1.01e+16 s = 3.21e+08 years.
  !The CMB was not included.  This is added with the CMB command.
  !The radiation pressure jumped by 147% from 1.37e-16 (zone 131) to 7.08e-17 (zone 132) to 7.07e-17 (zone 133)
   Thermal collisional ionization of H reached 1.22% of the local ionization rate.
   Te-ne bounds of Case B lookup table exceeded, H I Case B line intensities set to zero.
   Charge transfer H => H+ reached 1.51% of the local H ionization rate.
   Charge transfer heating reached 0.76% of the local heating.
   The density is too low to l-mix the lowest H  I collapsed level.  More resolved levels are needed for accurate line ratios.
   The density is too low to l-mix the lowest He I collapsed level.  More resolved levels are needed for accurate line ratios.
   Grains were not present but might survive in this environment (energy density temperature was 3.66e+00K)
   Cloud thicker than smallest Jeans length=1.37e+23cm; stability problems? (smallest Jeans mass=2.12e+09Mo)
   Is an outer radius of 3.16e+23 reasonable?
   The ratio of radiation to gas pressure reached 2.75e-02 at zone 131.  Caused by Lyman alpha.

                       *********************************> Cloudy 17.03 <**********************************
                       * title CIV QSO                                                                   *
                       * set punch prefix "CIV_QSO"                                                      *
                       * radius = 21.500 23.500                                                          *
                       * iterate to convergence                                                          *
                       * sphere                                                                          *
                       * init "dlaw_HI_exp.ini"                                                          *
                       * table SED "QSO.sed"                                                             *
                       * nuL(nu) = 42.0 at 1 Ryd                                                         *
                       * stop temperature off                                                            *
                       * metals 1.0                                                                      *
                       * save last radius ".rad"                                                         *
                       * save last continuum ".cont"                                                     *
                       * save last physical conditions ".phy"                                            *
                       * save last overview ".ovr"                                                       *
                       * save last heating ".heat"                                                       *
                       * save last cooling ".cool"                                                       *
                       * save last optical depth ".opd"                                                  *
                       * save last element hydrogen ".ele_H"                                             *
                       * save last element helium ".ele_He"                                              *
                       * save last element carbon ".ele_C"                                               *
                       * save last element nitrogen ".ele_N"                                             *
                       * save last element oxygen ".ele_O"                                               *
                       * save last element argon ".ele_Ar"                                               *
                       * save last element neon ".ele_Ne"                                                *
                       * save last element sulphur ".ele_S"                                              *
                       * save last element chlorin ".ele_Cl"                                             *
                       * save last element iron ".ele_Fe"                                                *
                       * save last element silicon ".ele_Si"                                             *
                       * save last lines emissivity  ".emis"                                             *
                       * H  1  1215.67A                                                                  *
                       * H  1  1025.72A                                                                  *
                       * H  1  4861.33A                                                                  *
                       * H  1  6562.81A                                                                  *
                       * O  6  1031.91A                                                                  *
                       * O  6  1037.62A                                                                  *
                       * He 2  949.31A                                                                   *
                       * He 2  972.108A                                                                  *
                       * He 2  1025.27A                                                                  *
                       * He 2  1640.43A                                                                  *
                       * He 2  4859A                                                                     *
                       * He 2  4339A                                                                     *
                       * He 2  6527A                                                                     *
                       * He 2  6560A                                                                     *
                       * C  4  1550.78                                                                   *
                       * O  3  5006.84A                                                                  *
                       * N  5  1238.82                                                                   *
                       * N  5  1242.80                                                                   *
                       * c  4  1548.19                                                                   *
                       * c  4  1550.78                                                                   *
                       * mg 2  2795.53                                                                   *
                       * mg 2  2802.71                                                                   *
                       * end of lines                                                                    *
                       *********************************> Log(U):  0.47 <*********************************
                       >>>>>>>>>> Cautions are present.

                     Emission Line Spectrum.  Special Density Lw Model.  Closed geometry.  Iteration 3 of 3.
                                    Luminosity (erg/s) emitted by a shell with full coverage.


                                                   Intrinsic line intensities
general properties.............................      H  1                1.57006m   37.408    0.0032      Fe 5                70.3538m   38.807    0.0795
Inci                      0    42.707  632.5356      H  1                1.55563m   37.334    0.0027      Fe 5                36.3273m   38.801    0.0786
TotH                      0    41.487   38.1202      H  1                1.54388m   37.265    0.0023      Fe 5                25.9131m   38.700    0.0623
TotC                      0    41.487   38.1239      H  1                1.53417m   37.201    0.0020      Fe 5                20.8407m   38.439    0.0342
BFH1                      0    41.159   17.9278      H  1                1.52604m   37.142    0.0017      Fe 5                4180.59A   37.927    0.0105
BFHe                      0    41.132   16.8297      H  1                1.51917m   37.090    0.0015      Fe 5                4143.15A   38.174    0.0185
TotM                      0    40.388    3.0367      H  1                1.51331m   37.045    0.0014      Fe 5                4227.19A   38.883    0.0948
CT H                      0    39.051    0.1396      H  1                1.50827m   37.012    0.0013      Fe 5                4003.21A   37.224    0.0021
H FB                      0    40.235    2.1311      H  1                1.50389m   36.998    0.0012      Fe 5                4071.24A   38.156    0.0178
HFBc                      0    40.235    2.1311      H  1                1.50008m   37.033    0.0013      Fe 5                3895.22A   37.746    0.0069
H  1c                     0    38.408    0.0317      H  1                1.49672m   37.783    0.0075      Fe 5                3851.34A   37.522    0.0041
Al 3c                     0    37.406    0.0032      H  1                7.45777m   38.240    0.0216      Fe 5                3794.94A   38.111    0.0160
Al 6c                     0    38.457    0.0356      H  1                4.65247m   38.072    0.0147      Fe 5                3755.70A   37.830    0.0084
Ar 2c                     0    37.255    0.0022      H  1                3.73951m   37.903    0.0099      Fe 5                3911.33A   37.253    0.0022
Ar 3c                     0    39.313    0.2555      H  1                3.29607m   37.751    0.0070      Fe 5                3839.27A   38.120    0.0164
Ar 4c                     0    38.658    0.0564      H  1                3.03835m   37.614    0.0051      Fe 5                3783.22A   37.709    0.0064
Ar 5c                     0    39.072    0.1466      H  1                2.87219m   37.483    0.0038      Fe 5                3891.28A   37.870    0.0092
Ar 6c                     0    38.199    0.0196      H  1                2.75749m   37.381    0.0030      Fe 5                3819.95A   37.199    0.0020
C  2c                     0    39.091    0.1530      H  1                2.67438m   37.288    0.0024      Fe 5                2.04669m   36.999    0.0012
C  3c                     0    39.351    0.2786      H  1                2.61191m   37.201    0.0020      Fe 5                3445.62A   37.381    0.0030
Ca 4c                     0    38.615    0.0512      H  1                2.56361m   37.121    0.0016      Fe 5                3400.41A   37.013    0.0013
Fe 2c                     0    38.560    0.0451      H  1                2.52538m   37.047    0.0014      Fe 5                3463.51A   37.383    0.0030
Fe 3c                     0    39.084    0.1508      H  1                2.49455m   36.978    0.0012      Fe 5                2828.24A   37.319    0.0026
Fe 7c                     0    39.252    0.2219      H  1                2.46929m   36.914    0.0010      Fe 5                2750.88A   37.002    0.0012
K  3c                     0    37.871    0.0092      H  1                2.37371m   37.496    0.0039      Fe 5                2730.21A   37.092    0.0015
K  4c                     0    37.435    0.0034      H  1                12.3684m   37.806    0.0079      Fe 5                2717.82A   37.088    0.0015
Mg 1c                     0    37.509    0.0040      H  1                7.50038m   37.674    0.0059      Fe 5                2707.36A   37.140    0.0017
N  5c                     0    38.201    0.0197      H  1                5.90655m   37.532    0.0042      Fe 6                19.5527m   39.229    0.2104
Ne 2c                     0    38.413    0.0321      H  1                5.12722m   37.399    0.0031      Fe 6                5335.19A   38.283    0.0238
Ne 3c                     0    40.016    1.2891      H  1                4.67119m   37.244    0.0022      Fe 6                5277.81A   37.817    0.0081
O  2c                     0    39.327    0.2639      H  1                4.37522m   37.144    0.0017      Fe 6                3813.55A   37.297    0.0025
O  3c                     0    41.095   15.4480      H  1                4.16962m   37.051    0.0014      Fe 6                3492.10A   37.546    0.0044
O  5c                     0    38.299    0.0247      H  1                4.01974m   36.965    0.0011      Fe 6                14.7670m   39.056    0.1412
P  2c                     0    38.266    0.0229      H  1                3.48198m   37.262    0.0023      Fe 6                5484.85A   38.029    0.0133
P  3c                     0    37.871    0.0092      H  1                19.0565m   37.431    0.0034      Fe 6                5424.23A   38.148    0.0175
S  2c                     0    39.240    0.2157      H  1                11.3055m   37.325    0.0026      Fe 6                5234.29A   37.357    0.0028
S  3c                     0    40.465    3.6216      H  1                8.75760m   37.204    0.0020      Fe 6                4972.48A   38.537    0.0427
Si 2c                     0    39.598    0.4923      H  1                7.50599m   37.040    0.0014      Fe 6                3889.41A   37.499    0.0039
Si 3c                     0    38.872    0.0925      H  1                6.77008m   36.941    0.0011      Fe 6                3555.61A   37.855    0.0089
Si 4c                     0    38.187    0.0191      H  1                4.84633m   37.063    0.0014      Fe 6                3573.86A   36.999    0.0012
Si 7c                     0    38.048    0.0139      H  1                27.7955m   37.101    0.0016      Fe 6                12.3074m   38.771    0.0732
Al 2c                     0    37.719    0.0065      H  1                16.2045m   37.016    0.0013      Fe 6                5631.08A   38.169    0.0183
Al 5c                     0    38.038    0.0136      Ca A                303.784A   40.984   11.9667      Fe 6                5426.65A   37.890    0.0096
C  4c                     0    39.336    0.2693      Ca A                256.317A   40.257    2.2432      Fe 6                5145.76A   38.553    0.0443
Ca 2c                     0    38.574    0.0465      Ca A                243.027A   39.825    0.8301      Fe 6                4967.15A   38.061    0.0143
Ca 5c                     0    38.452    0.0351      Ca A                237.331A   39.516    0.4076      Fe 6                3662.50A   37.879    0.0094
Ca 7c                     0    36.994    0.0012      Ca A                234.347A   39.274    0.2334      Fe 6                5676.96A   38.220    0.0206
Ca 8c                     0    36.996    0.0012      Ca A                232.584A   39.074    0.1473      Fe 6                5370.30A   37.294    0.0024
Cl 2c                     0    37.225    0.0021      Ca A                231.454A   38.903    0.0994      Fe 6                5176.05A   38.432    0.0336
Cl 3c                     0    37.964    0.0114      Ca A                230.686A   38.754    0.0705      Fe 6                1.28877m   37.390    0.0030
Cl 4c                     0    38.476    0.0372      Ca A                230.139A   38.621    0.0519      Fe 6                1.23303m   37.495    0.0039
Fe 4c                     0    39.374    0.2938      Ca A                229.736A   38.501    0.0394      Fe 6                1.34929m   37.690    0.0061
Fe 5c                     0    39.601    0.4961      Ca A                229.431A   38.392    0.0306      Fe 6                1.26742m   37.235    0.0021
Fe 6c                     0    39.769    0.7297      Ca A                229.194A   38.292    0.0243      Fe 8                195.972A   37.058    0.0014
K  5c                     0    37.092    0.0015      Ca A                229.006A   38.199    0.0196      Fe 8                186.599A   37.100    0.0016
K  6c                     0    37.213    0.0020      Ca A                228.855A   38.112    0.0161      Fe 8                187.241A   36.957    0.0011
Mg 2c                     0    38.976    0.1174      Ca A                228.731A   38.031    0.0133      Fe 8                168.930A   37.342    0.0027
Mg 4c                     0    39.042    0.1367      Ca A                228.629A   37.955    0.0112      Fe 8                168.545A   37.033    0.0013
Mg 5c                     0    39.066    0.1446      Ca A                228.543A   37.883    0.0095      Fe 8                168.173A   37.080    0.0015
Mg 6c                     0    37.536    0.0043      Ca A                228.471A   37.815    0.0081      Fe 8                167.486A   37.058    0.0014
Mg 7c                     0    37.958    0.0113      Ca A                228.409A   37.751    0.0070      Fe 8                168.003A   37.324    0.0026
Mg 8c                     0    36.977    0.0012      Ca A                228.356A   37.690    0.0061      Mg 2                2802.71A   38.565    0.0457
N  2c                     0    39.174    0.1853      Ca A                228.309A   37.631    0.0053      Mg 2                2795.53A   38.836    0.0852
N  3c                     0    39.942    1.0865      Ca A                228.269A   37.575    0.0047      Mg 4                4.48712m   39.042    0.1367
N  4c                     0    38.317    0.0258      Ca A                228.234A   37.521    0.0041      Mg 4                323.307A   37.260    0.0023
Na 3c                     0    38.117    0.0162      Ca A                1640.43A   39.993    1.2219      Mg 5                5.60700m   38.950    0.1106
Na 4c                     0    38.116    0.0162      Ca A                1215.13A   39.467    0.3643      Mg 5                2782.76A   38.195    0.0194
Na 5c                     0    36.976    0.0012      Ca A                1084.94A   39.116    0.1621      Mg 5                137.411A   36.961    0.0011
Na 6c                     0    37.296    0.0025      Ca A                1025.27A   38.851    0.0880      Mg 5                13.5464m   37.873    0.0093
Ne 4c                     0    39.029    0.1328      Ca A                992.360A   38.637    0.0538      Mg 5                2928.09A   37.629    0.0053
Ne 5c                     0    40.074    1.4712      Ca A                972.108A   38.457    0.0356      Mg 5                355.329A   37.316    0.0026
Ne 6c                     0    38.964    0.1143      Ca A                958.694A   38.302    0.0249      Mg 5                353.297A   36.927    0.0010
Ne 8c                     0    36.941    0.0011      Ca A                949.324A   38.165    0.0181      Mg 5                354.221A   37.047    0.0014
Ni 2c                     0    37.461    0.0036      Ca A                942.508A   38.042    0.0137      Mg 6                1806.00A   37.164    0.0018
O  4c                     0    40.362    2.8593      Ca A                937.389A   37.930    0.0106      Mg 6                1806.43A   37.265    0.0023
O  6c                     0    38.486    0.0380      Ca A                933.444A   37.828    0.0083      Mg 6                403.308A   37.465    0.0036
S  4c                     0    40.309    2.5325      Ca A                930.337A   37.733    0.0067      Mg 6                400.663A   37.426    0.0033
S  8c                     0    37.074    0.0015      Ca A                927.846A   37.645    0.0055      Mg 6                399.282A   37.350    0.0028
Si 6c                     0    38.378    0.0297      Ca A                925.817A   37.563    0.0045      Mg 7                9.00655m   37.658    0.0056
continua.......................................      Ca A                924.142A   37.487    0.0038      Mg 7                5.50177m   37.529    0.0042
Bac                 3646.00A   41.146   17.3683      Ca A                922.743A   37.414    0.0032      Mg 7                2628.89A   36.918    0.0010
nFnu                3645.00A   41.242   21.6767      Ca A                921.562A   37.346    0.0028      Mg 7                431.194A   37.294    0.0024
nFnu                3647.00A   40.540    4.3083      Ca A                920.556A   37.281    0.0024      Mg 7                365.247A   36.954    0.0011
cout                3646.00A   41.146   17.3683      Ca A                919.693A   37.219    0.0021      Mg 7                367.688A   37.106    0.0016
thin                3646.00A   41.146   17.3785      Ca A                918.945A   37.160    0.0018      Mg 7                278.404A   37.094    0.0015
Inci                4860.00A   41.947  109.8837      Ca A                918.295A   37.103    0.0016      Mg 8                3.02765m   36.977    0.0012
Inci                1215.00A   42.436  339.0219      Ca A                917.724A   37.049    0.0014      Mg 8                430.455A   37.183    0.0019
Ba C                      0    40.419    3.2627      Ca A                4685.64A   39.282    0.2375      Mg 8                338.984A   36.948    0.0011
PA C                      0    40.008    1.2639      Ca A                3203.04A   38.883    0.0949      Mg 8                317.028A   37.087    0.0015
FIR                 83.0000m   41.279   23.6053      Ca A                2733.24A   38.591    0.0485      Mg 8                315.016A   37.076    0.0015
TIR                 1800.00m   37.855    0.0089      Ca A                2511.15A   38.362    0.0286      Mg 9                368.071A   37.428    0.0033
NIRa                2.85000m   42.280  236.4933      Ca A                2385.35A   38.171    0.0184      Mg10                609.794A   37.015    0.0013
NIRb                3.00000m   41.854   88.6488      Ca A                2306.15A   38.008    0.0127      N  2                205.244m   38.114    0.0162
MIRa                15.0000m   41.934  106.6605      Ca A                2252.64A   37.866    0.0091      N  2                121.767m   37.906    0.0100
MIRb                22.5000m   42.019  129.8811      Ca A                2214.62A   37.739    0.0068      N  2                6548.05A   38.506    0.0398
NMIR                21.7500m   42.280  236.4933      Ca A                2186.56A   37.624    0.0052      N  2                6583.45A   38.975    0.1173
TFIR                611.250m   39.105    0.1583      Ca A                2165.20A   37.519    0.0041      N  2                1084.56A   37.584    0.0048
TALL                10000.0A   42.707  632.8857      Ca A                2148.55A   37.422    0.0033      N  2                916.020A   37.243    0.0022
F12                 12.0000m   41.505   39.6831      Ca A                2135.31A   37.333    0.0027      N  2                916.710A   37.458    0.0036
F25                 25.0000m   41.316   25.7060      Ca A                2124.58A   37.249    0.0022      N  2                672.001A   37.091    0.0015
F60                 60.0000m   41.163   18.0600      Ca A                2115.78A   37.171    0.0018      N  3                57.3238m   39.932    1.0616
F100                100.000m   40.606    5.0144      Ca A                2108.46A   37.097    0.0016      N  3                1748.65A   37.389    0.0030
MIPS                24.0000m   41.068   14.5392      Ca A                2102.30A   37.028    0.0013      N  3                1753.99A   37.404    0.0031
MIPS                70.0000m   40.514    4.0584      Ca A                2097.07A   36.962    0.0011      N  3                1746.82A   36.972    0.0012
MIPS                160.000m   38.979    0.1182      Ca A                1.01233m   38.734    0.0673      N  3                1752.16A   37.812    0.0081
IRAC                3.60000m   41.075   14.7456      Ca A                6559.91A   38.419    0.0326      N  3                1749.67A   37.866    0.0091
IRAC                4.50000m   41.113   16.1089      Ca A                5411.37A   38.172    0.0185      N  3                989.799A   37.382    0.0030
IRAC                5.80000m   41.145   17.3525      Ca A                4859.18A   37.971    0.0116      N  3                991.511A   37.815    0.0081
IRAC                8.00000m   41.304   25.0010      Ca A                4541.46A   37.800    0.0078      N  3                764.351A   37.789    0.0076
SPR1                250.000m   37.622    0.0052      Ca A                4338.55A   37.652    0.0056      N  3                685.515A   36.998    0.0012
SPR2                350.000m   37.516    0.0041      Ca A                4199.71A   37.520    0.0041      N  3                686.336A   37.915    0.0102
SPR3                500.000m   37.453    0.0035      Ca A                4099.92A   37.402    0.0031      N  3                685.817A   37.863    0.0091
PAC1                70.0000m   40.572    4.6333      Ca A                4025.48A   37.295    0.0024      N  3                452.227A   37.518    0.0041
PAC2                100.000m   40.597    4.9118      Ca A                3968.32A   37.196    0.0020      N  4                1486.50A   37.916    0.0102
PAC3                160.000m   38.996    0.1232      Ca A                3923.37A   37.105    0.0016      N  4                1483.32A   38.089    0.0152
PAH                 3.30000m   40.216    2.0403      Ca A                3887.33A   37.020    0.0013      N  4                765.147A   37.977    0.0118
PAHC                3.23000m   39.941    1.0834      Ca A                3857.96A   36.940    0.0011      N  4                247.205A   37.152    0.0018
PAHC                3.37000m   39.908    1.0051      Ca A                1.86362m   38.280    0.0237      N  4                463.736A   37.028    0.0013
PAH                 6.20000m   40.660    5.6814      Ca A                1.16260m   38.027    0.0132      Na 3                7.31706m   38.117    0.0163
PAHC                5.65000m   40.704    6.2836      Ca A                9344.62A   37.815    0.0081      Na 3                380.101A   36.911    0.0010
PAH                 7.90000m   40.855    8.8884      Ca A                8236.51A   37.637    0.0054      Na 4                9.03098m   37.984    0.0120
PAHC                6.90000m   40.912   10.1430      Ca A                7592.50A   37.483    0.0038      Na 4                3241.51A   37.312    0.0025
PAH                 11.3000m   40.261    2.2627      Ca A                7177.28A   37.347    0.0028      Na 4                412.244A   37.000    0.0012
PAHC                10.9000m   40.282    2.3790      Ca A                6890.67A   37.226    0.0021      Na 5                463.270A   37.235    0.0021
PAH                 11.8000m   40.480    3.7546      Ca A                6682.98A   37.116    0.0016      Na 5                461.057A   37.158    0.0018
PAHC                12.6500m   40.450    3.5010      Ca A                6526.88A   37.015    0.0013      Na 5                459.901A   36.978    0.0012
PAH                 13.3000m   40.483    3.7797      Ca A                6406.17A   36.922    0.0010      Na 6                14.3228m   37.023    0.0013
PAHC                14.1000m   40.505    3.9710      Ca A                3.09074m   37.891    0.0097      Ne 4                2421.66A   38.622    0.0520
Bcon                3640.00A   42.214  203.4251      Ca A                1.87427m   37.684    0.0060      Ne 4                2424.28A   38.796    0.0776
Pcon                5000.00A   41.732   67.0578      Ca A                1.47599m   37.500    0.0039      Ne 4                1601.45A   37.166    0.0018
O3bn                5007.00A   40.772    7.3533      Ca A                1.28124m   37.341    0.0027      Ne 4                541.126A   37.577    0.0047
SX                  25.0000A   41.115   16.2005      Ca A                1.16728m   37.202    0.0020      Ne 4                542.076A   37.616    0.0051
HX                  4.70000A   40.807    7.9626      Ca A                1.09332m   37.077    0.0015      Ne 4                543.886A   37.638    0.0054
HFFc                      0    40.075    1.4747      Ca A                1.04194m   36.965    0.0011      Ne 4                208.903A   37.066    0.0014
H FF                      0    40.001    1.2458      Ca A                4.76203m   37.550    0.0044      Ne 4                208.737A   37.142    0.0017
HeFF                      0    39.252    0.2217      Ca A                2.82513m   37.379    0.0030      Ne 5                24.2065m   39.780    0.7476
MeFB                      0    38.418    0.0325      Ca A                2.18843m   37.218    0.0021      Ne 5                14.3228m   39.686    0.6022
MeFF                      0    37.760    0.0071      Ca A                1.87567m   37.075    0.0015      Ne 5                3345.99A   38.404    0.0315
ToFF                      0    40.075    1.4747      Ca A                1.69177m   36.948    0.0011      Ne 5                3426.03A   38.851    0.0881
nFnu                6917.22m   36.914    0.0010      Ca A                6.94582m   37.246    0.0022      Ne 5                569.759A   37.617    0.0051
nFnu                122.400m   38.379    0.0297      Ca A                4.04934m   37.103    0.0016      Ne 5                481.363A   37.236    0.0021
nFnu                60.8322m   38.624    0.0523      Ca A                3.09455m   36.961    0.0011      Ne 5                482.985A   37.425    0.0033
nInu                60.8322m   41.185   19.0132      Ca A                9.71043m   36.972    0.0012      Ne 5                358.476A   37.214    0.0020
nFnu                41.2152m   38.771    0.0733      Ca B                1640.43A   40.126    1.6585      Ne 5                359.375A   37.438    0.0034
nInu                41.2152m   41.408   31.7893      Ca B                1215.13A   39.611    0.5067      Ne 6                7.64318m   38.961    0.1136
nFnu                30.8695m   38.875    0.0932      Ca B                1084.94A   39.261    0.2267      Ne 6                558.685A   37.313    0.0026
nInu                30.8695m   41.520   41.1567      Ca B                1025.27A   38.996    0.1232      Ne 6                562.798A   37.489    0.0038
nFnu                24.7829m   38.955    0.1120      Ca B                992.360A   38.782    0.0752      Ne 6                435.641A   37.531    0.0042
nInu                24.7829m   41.580   47.1786      Ca B                972.108A   38.602    0.0497      Ne 6                403.270A   37.563    0.0045
nFnu                24.2998m   38.962    0.1137      Ca B                958.694A   38.446    0.0347      Ne 6                401.928A   37.571    0.0046
nInu                24.2998m   41.588   48.1316      Ca B                949.324A   38.308    0.0252      Ne 7                465.220A   37.760    0.0072
nFnu                22.8302m   38.985    0.1199      Ca B                942.508A   38.184    0.0190      Ne 7                97.4960A   37.056    0.0014
nInu                22.8302m   41.605   50.0700      Ca B                937.389A   38.072    0.0147      Ne 8                780.325A   37.709    0.0064
nFnu                21.4199m   39.007    0.1261      Ca B                933.444A   37.969    0.0116      Ne 8                770.410A   37.813    0.0081
nInu                21.4199m   41.619   51.6806      Ca B                930.337A   37.874    0.0093      Ni 2                1.19102m   37.219    0.0021
nFnu                21.1235m   39.012    0.1277      Ca B                927.846A   37.786    0.0076      O  4                25.8832m   40.358    2.8332
nInu                21.1235m   41.623   52.1132      Ca B                925.817A   37.704    0.0063      O  4                1399.77A   37.437    0.0034
nFnu                19.6199m   39.040    0.1362      Ca B                924.142A   37.627    0.0053      O  4                1407.38A   37.430    0.0033
nInu                19.6199m   41.629   52.8288      Ca B                922.743A   37.554    0.0044      O  4                1397.20A   36.964    0.0011
nFnu                17.6534m   39.079    0.1489      Ca B                921.562A   37.485    0.0038      O  4                1404.78A   37.850    0.0088
nInu                17.6534m   41.651   55.6295      Ca B                920.556A   37.420    0.0033      O  4                1401.16A   37.847    0.0087
nFnu                17.3700m   39.085    0.1509      Ca B                919.693A   37.358    0.0028      O  4                787.710A   37.371    0.0029
nInu                17.3700m   41.655   56.0950      Ca B                918.945A   37.299    0.0025      O  4                790.114A   37.852    0.0088
nFnu                15.6901m   39.120    0.1635      Ca B                918.295A   37.242    0.0022      O  4                609.830A   37.872    0.0093
nInu                15.6901m   41.667   57.7243      Ca B                917.724A   37.188    0.0019      O  4                554.076A   36.994    0.0012
nFnu                14.6036m   39.148    0.1745      Ca B                4685.64A   39.308    0.2523      O  4                555.264A   38.057    0.0142
nInu                14.6036m   41.682   59.7804      Ca B                3203.04A   38.920    0.1034      O  4                554.514A   37.973    0.0117
nFnu                12.4300m   39.211    0.2021      Ca B                2733.24A   38.634    0.0535      O  6                1037.62A   38.369    0.0290
nInu                12.4300m   41.698   61.9474      Ca B                2511.15A   38.407    0.0317      O  6                1031.91A   38.547    0.0438
nFnu                11.4000m   39.240    0.2159      Ca B                2385.35A   38.219    0.0206      O  6                150.125A   37.343    0.0027
nInu                11.4000m   41.707   63.2176      Ca B                2306.15A   38.057    0.0142      O  6                150.090A   37.404    0.0031
nFnu                10.4600m   39.276    0.2347      Ca B                2252.64A   37.915    0.0102      P  5                1128.01A   37.286    0.0024
nInu                10.4600m   41.717   64.6642      Ca B                2214.62A   37.789    0.0076      P  5                1117.98A   37.407    0.0032
nFnu                9.48002m   39.308    0.2524      Ca B                2186.56A   37.674    0.0059      S  4                10.5076m   40.309    2.5286
nInu                9.48002m   41.727   66.1708      Ca B                2165.20A   37.569    0.0046      S  4                1416.89A   37.028    0.0013
nFnu                9.32488m   39.313    0.2555      Ca B                2148.55A   37.473    0.0037      S  4                1406.02A   37.066    0.0014
nInu                9.32488m   41.730   66.7211      Ca B                2135.31A   37.384    0.0030      S  4                1062.66A   37.242    0.0022
nFnu                8.21035m   39.365    0.2876      Ca B                2124.58A   37.300    0.0025      S  4                1073.52A   37.395    0.0031
nInu                8.21035m   41.737   67.7118      Ca B                2115.78A   37.222    0.0021      S  4                815.941A   37.571    0.0046
nFnu                7.58000m   39.390    0.3046      Ca B                2108.46A   37.149    0.0017      S  4                753.760A   37.766    0.0073
nInu                7.58000m   41.745   69.0457      Ca B                2102.30A   37.079    0.0015      S  4                750.221A   37.715    0.0064
nFnu                7.05026m   39.428    0.3324      Ca B                2097.07A   37.014    0.0013      S  4                657.319A   37.072    0.0015
nInu                7.05026m   41.747   69.2894      Ca B                2092.59A   36.951    0.0011      S  4                661.455A   37.851    0.0088
nFnu                4.11370m   39.638    0.5397      Ca B                1.01233m   38.744    0.0689      S  4                554.027A   37.421    0.0033
nInu                4.11370m   41.745   69.0283      Ca B                6559.91A   38.435    0.0338      S  5                786.470A   37.726    0.0066
nFnu                2.32440m   39.820    0.8197      Ca B                5411.37A   38.191    0.0193      S  6                944.524A   37.694    0.0061
nInu                2.32440m   41.661   56.9202      Ca B                4859.18A   37.991    0.0122      S  6                933.380A   37.767    0.0073
nFnu                1.64313m   39.966    1.1479      Ca B                4541.46A   37.822    0.0082      S  8                9914.00A   37.079    0.0015
nInu                1.64313m   41.506   39.8102      Ca B                4338.55A   37.675    0.0059      Si 5                117.854A   37.011    0.0013
nFnu                1.48022m   39.974    1.1697      Ca B                4199.71A   37.544    0.0043      Si 6                1.96247m   38.379    0.0297
nInu                1.48022m   41.473   36.9453      Ca B                4099.92A   37.426    0.0033      Si 6                249.124A   37.155    0.0018
nFnu                1.43649m   40.159    1.7902      Ca B                4025.48A   37.319    0.0026      Si 8                319.840A   37.359    0.0028
nInu                1.43649m   41.467   36.3953      Ca B                3968.32A   37.221    0.0021      Si 8                316.218A   37.290    0.0024
nFnu                1.11867m   40.162    1.8049      Ca B                3923.37A   37.130    0.0017      Si 8                314.356A   37.151    0.0018
nInu                1.11867m   41.460   35.8562      Ca B                3887.33A   37.045    0.0014      level 1 lines..................................
nFnu                8329.68A   40.162    1.8017      Ca B                3857.96A   36.966    0.0011      recombination..................................
nInu                8329.68A   41.525   41.5891      Ca B                1.86362m   38.287    0.0240      C  2                4267.00A   37.219    0.0021
nFnu                8078.61A   40.537    4.2779      Ca B                1.16260m   38.035    0.0135      C  2                1761.00A   37.126    0.0017
nInu                8078.61A   41.528   41.8669      Ca B                9344.62A   37.825    0.0083      C  2                1335.00A   38.942    0.1087
nFnu                6209.66A   40.479    3.7453      Ca B                8236.51A   37.648    0.0055      C  3                1923.00A   37.312    0.0025
nInu                6209.66A   41.589   48.2352      Ca B                7592.50A   37.495    0.0039      C  4                2529.00A   36.996    0.0012
nFnu                4885.36A   40.463    3.6061      Ca B                7177.28A   37.360    0.0028      C  4                1549.00A   37.784    0.0076
nInu                4885.36A   41.850   88.0066      Ca B                6890.67A   37.239    0.0022      N  2                1742.00A   37.393    0.0031
nFnu                3704.34A   40.508    4.0004      Ca B                6682.98A   37.130    0.0017      N  2                1345.00A   36.926    0.0010
nInu                3704.34A   41.767   72.5827      Ca B                6526.88A   37.029    0.0013      N  3                1885.00A   36.969    0.0012
nFnu                3587.67A   41.230   21.1126      Ca B                6406.17A   36.937    0.0011      O  2                4094.00A   37.030    0.0013
nInu                3587.67A   41.783   75.3814      Ca B                3.09074m   37.897    0.0098      O  2                4075.00A   37.373    0.0029
nFnu                2430.05A   40.957   11.2610      Ca B                1.87427m   37.690    0.0061      O  2                4111.00A   37.066    0.0014
nInu                2430.05A   41.906   99.9567      Ca B                1.47599m   37.507    0.0040      O  2                4651.00A   37.589    0.0048
nFnu                2392.03A   40.954   11.1840      Ca B                1.28124m   37.349    0.0028      O  2                4341.00A   37.311    0.0025
nInu                2392.03A   41.892   96.7701      Ca B                1.16728m   37.210    0.0020      O  3                3265.00A   37.385    0.0030
nFnu                2071.34A   40.972   11.6445      Ca B                1.09332m   37.086    0.0015      O  3                3762.00A   37.118    0.0016
nInu                2071.34A   41.908  100.5950      Ca B                1.04194m   36.974    0.0012      O  4                1068.00A   37.106    0.0016
nFnu                2052.68A   40.996   12.3112      Ca B                4.76203m   37.555    0.0045      C  2                1167.50A   37.265    0.0023
nInu                2052.68A   41.899   98.4219      Ca B                2.82513m   37.383    0.0030      C  2                1092.50A   37.872    0.0093
nFnu                1793.44A   41.075   14.7635      Ca B                2.18843m   37.223    0.0021      C  2                1036.80A   38.215    0.0204
nInu                1793.44A   41.926  104.7638      Ca B                1.87567m   37.081    0.0015      C  2                946.100A   38.202    0.0198
nFnu                1585.12A   41.108   15.9401      Ca B                1.69177m   36.954    0.0011      C  2                799.800A   39.120    0.1638
nInu                1585.12A   41.996  123.1069      Ca B                6.94582m   37.252    0.0022      C  3                2296.90A   37.798    0.0078
nFnu                1458.33A   41.113   16.1095      Ca B                4.04934m   37.107    0.0016      C  3                2017.40A   36.951    0.0011
nInu                1458.33A   41.937  107.4956      Ca B                3.09455m   36.966    0.0011      C  3                1828.00A   37.764    0.0072
nFnu                1356.96A   41.074   14.7320      Ca B                9.71043m   36.978    0.0012      C  3                1577.10A   37.822    0.0082
nInu                1356.96A   41.972  116.4429      He 2                607.567A   40.607    5.0294      C  3                1247.40A   37.296    0.0025
nFnu                1297.29A   40.973   11.6716      He 2                303.784A   40.892    9.6746      C  3                1175.70A   37.977    0.0118
nInu                1297.29A   42.000  124.1545      He 2                256.317A   37.643    0.0055      C  3                977.000A   38.312    0.0255
nFnu                1262.79A   40.820    8.2121      He 2                243.027A   37.514    0.0041      C  3                574.300A   37.227    0.0021
nInu                1262.79A   42.084  150.7980      He 2                237.331A   37.448    0.0035      C  3                538.200A   37.223    0.0021
nFnu                1218.08A   40.034    1.3426      He 2                234.347A   37.404    0.0032      C  3                511.500A   37.262    0.0023
nInu                1218.08A   42.430  334.1509      He 2                232.584A   37.371    0.0029      C  3                493.500A   37.548    0.0044
nFnu                1196.33A   40.045    1.3766      He 2                231.454A   37.348    0.0028      C  3                492.600A   37.410    0.0032
nInu                1196.33A   42.273  232.7022      He 2                230.686A   37.328    0.0026      C  3                483.700A   37.387    0.0030
nFnu                1175.06A   40.056    1.4133      He 2                230.139A   37.310    0.0025      C  3                476.000A   37.541    0.0043
nInu                1175.06A   42.115  161.8754      He 2                229.736A   37.198    0.0020      C  3                459.600A   38.443    0.0345
nFnu                1143.64A   40.078    1.4865      He 2                229.431A   37.199    0.0020      C  3                450.700A   37.270    0.0023
nInu                1143.64A   42.029  132.6208      He 2                229.194A   37.199    0.0020      C  3                433.300A   37.228    0.0021
nFnu                1113.22A   40.099    1.5589      He 2                229.006A   37.199    0.0020      C  3                411.700A   38.424    0.0329
nInu                1113.22A   42.019  129.7809      He 2                228.855A   37.200    0.0020      C  3                398.400A   38.241    0.0216
nFnu                1103.23A   40.104    1.5781      He 2                228.731A   37.201    0.0020      C  3                371.700A   37.564    0.0046
nInu                1103.23A   42.007  126.1314      He 2                228.629A   37.202    0.0020      N  2                1085.10A   37.936    0.0107
nFnu                1073.86A   40.126    1.6605      He 2                228.543A   37.205    0.0020      N  2                916.300A   37.468    0.0037
nInu                1073.86A   42.030  133.1038      He 2                228.471A   37.208    0.0020      N  2                646.400A   37.909    0.0101
nFnu                1064.34A   40.134    1.6920      He 2                228.409A   37.214    0.0020      N  3                2064.30A   37.223    0.0021
nInu                1064.34A   42.034  134.2550      He 2                228.356A   37.225    0.0021      N  3                991.000A   38.417    0.0324
nFnu                1035.92A   40.156    1.7798      He 2                228.309A   37.245    0.0022      N  3                782.900A   37.430    0.0033
nInu                1035.92A   42.102  156.8927      He 2                228.269A   37.282    0.0024      N  3                764.000A   37.881    0.0094
nFnu                1000.00A   40.187    1.9095      He 2                228.234A   37.368    0.0029      N  3                685.700A   37.626    0.0053
nInu                1000.00A   42.036  135.0561      He 2                228.203A   38.174    0.0186      N  3                472.300A   37.344    0.0027
nFnu                925.144A   40.250    2.2099      He 2                1640.43A   40.096    1.5480      N  3                418.800A   37.920    0.0103
nInu                925.144A   42.004  125.2956      He 2                1215.13A   39.623    0.5218      N  3                411.300A   37.362    0.0029
nFnu                897.800A   41.942  108.6194      He 2                1084.94A   39.286    0.2402      N  3                391.300A   37.489    0.0038
nInu                897.800A   40.808    7.9876      He 2                1025.27A   39.027    0.1322      N  3                387.400A   37.990    0.0121
nFnu                760.023A   40.787    7.6078      He 2                992.360A   38.817    0.0814      N  3                374.400A   37.809    0.0080
nInu                760.023A   41.188   19.1601      He 2                972.108A   38.639    0.0541      N  3                348.700A   38.585    0.0478
nFnu                701.514A   40.359    2.8369      He 2                958.694A   38.486    0.0380      N  3                340.200A   38.224    0.0208
nInu                701.514A   41.312   25.4806      He 2                949.324A   38.351    0.0279      N  3                323.300A   37.567    0.0046
nFnu                608.160A   40.108    1.5941      He 2                942.508A   38.485    0.0379      N  3                311.600A   37.404    0.0031
nInu                608.160A   41.467   36.4334      He 2                937.389A   38.390    0.0305      N  4                923.200A   36.945    0.0011
nFnu                575.146A   40.178    1.8717      He 2                933.444A   38.303    0.0250      N  4                765.100A   37.272    0.0023
nInu                575.146A   41.510   40.1793      He 2                930.337A   38.223    0.0208      N  4                283.500A   37.389    0.0030
nFnu                511.948A   40.350    2.7790      He 2                927.846A   38.149    0.0175      N  4                239.600A   37.112    0.0016
nInu                511.948A   41.571   46.3002      He 2                925.817A   38.080    0.0149      N  4                225.300A   37.416    0.0032
nFnu                496.874A   41.612   50.8265      He 2                924.142A   38.017    0.0129      N  4                217.900A   37.014    0.0013
nInu                496.874A   41.392   30.6489      He 2                922.743A   37.958    0.0113      N  4                177.600A   36.966    0.0011
nFnu                399.153A   40.499    3.9198      He 2                921.562A   37.905    0.0100      O  2                386.300A   38.665    0.0574
nInu                399.153A   41.487   38.1198      He 2                920.556A   37.858    0.0090      O  2                385.700A   38.483    0.0378
RRC............................................      He 2                919.693A   37.820    0.0082      O  3                1947.20A   37.083    0.0015
H  1                911.753A   40.203    1.9834      He 2                918.945A   37.792    0.0077      O  3                834.500A   38.786    0.0759
H  1                3645.98A   39.985    1.1989      He 2                918.295A   37.786    0.0076      O  3                703.400A   38.439    0.0341
H  1                3645.98A   40.339    2.7116      He 2                917.724A   37.833    0.0084      O  3                599.600A   37.924    0.0104
H  1                8203.53A   39.244    0.2176      He 2                917.221A   38.602    0.0497      O  3                541.600A   38.009    0.0127
H  1                8203.53A   39.646    0.5498      He 2                4685.64A   39.210    0.2016      O  3                374.100A   38.324    0.0262
H  1                8203.53A   39.556    0.4468      He 2                3203.04A   38.888    0.0959      O  3                320.700A   38.322    0.0260
H  1                1.45841m   38.752    0.0702      He 2                2733.24A   38.624    0.0523      O  3                300.500A   38.959    0.1130
H  1                1.45841m   39.162    0.1802      He 2                2511.15A   38.408    0.0318      O  3                299.300A   38.550    0.0440
H  1                1.45841m   39.179    0.1875      He 2                2385.35A   38.227    0.0209      O  4                1341.80A   37.224    0.0021
H  1                1.45841m   38.852    0.0883      He 2                2306.15A   38.070    0.0146      O  4                1289.40A   37.007    0.0013
H  1                2.27876m   38.391    0.0306      He 2                2252.64A   37.932    0.0106      O  4                922.700A   37.208    0.0020
H  1                2.27876m   38.800    0.0784      He 2                2214.62A   37.969    0.0116      O  4                844.400A   37.447    0.0035
H  1                2.27876m   38.850    0.0879      He 2                2186.56A   37.875    0.0093      O  4                789.400A   38.759    0.0712
H  1                2.27876m   38.670    0.0580      He 2                2165.20A   37.789    0.0076      O  4                779.900A   38.196    0.0195
H  1                2.27876m   38.187    0.0191      He 2                2148.55A   37.709    0.0063      O  4                713.000A   37.182    0.0019
H  1                3.28142m   38.109    0.0160      He 2                2135.31A   37.635    0.0054      O  4                703.900A   36.986    0.0012
H  1                3.28142m   38.516    0.0407      He 2                2124.58A   37.566    0.0046      O  4                636.500A   37.047    0.0014
H  1                3.28142m   38.578    0.0470      He 2                2115.78A   37.503    0.0040      O  4                617.000A   37.722    0.0065
H  1                3.28142m   38.451    0.0351      He 2                2108.46A   37.444    0.0035      O  4                609.400A   37.831    0.0084
H  1                3.28142m   38.142    0.0172      He 2                2102.30A   37.392    0.0031      O  4                554.400A   38.221    0.0206
H  1                3.28142m   37.553    0.0044      He 2                2097.07A   37.345    0.0027      O  4                487.000A   36.947    0.0011
H  1                4.46637m   37.877    0.0094      He 2                2092.59A   37.306    0.0025      O  4                379.800A   37.369    0.0029
H  1                4.46637m   38.283    0.0238      He 2                2088.73A   37.279    0.0024      O  4                306.700A   37.136    0.0017
H  1                4.46637m   38.350    0.0278      He 2                2085.37A   37.273    0.0023      O  4                289.900A   37.045    0.0014
H  1                4.46637m   38.249    0.0220      He 2                2082.42A   37.319    0.0026      O  4                288.500A   37.641    0.0054
H  1                4.46637m   38.010    0.0127      He 2                2079.84A   38.089    0.0152      O  4                285.800A   37.456    0.0036
H  1                4.46637m   37.613    0.0051      He 2                1.01233m   38.595    0.0489      O  4                279.800A   37.154    0.0018
H  1                4.46637m   36.951    0.0011      He 2                6559.91A   38.357    0.0283      O  4                276.100A   37.591    0.0048
H  1                5.83363m   37.682    0.0060      He 2                5411.37A   38.143    0.0172      O  4                273.500A   37.556    0.0045
H  1                5.83363m   38.086    0.0151      He 2                4859.18A   37.958    0.0113      O  4                267.000A   37.592    0.0048
H  1                5.83363m   38.155    0.0177      He 2                4541.46A   37.798    0.0078      O  4                265.500A   38.508    0.0400
H  1                5.83363m   38.067    0.0145      He 2                4338.55A   37.658    0.0056      O  4                260.500A   38.185    0.0190
H  1                5.83363m   37.864    0.0091      He 2                4199.71A   37.600    0.0049      O  4                258.600A   37.595    0.0049
H  1                5.83363m   37.552    0.0044      He 2                4099.92A   37.506    0.0040      O  4                252.500A   37.670    0.0058
H  1                5.83363m   37.096    0.0015      He 2                4025.48A   37.420    0.0033      O  4                250.300A   37.695    0.0061
H  1                7.38319m   37.513    0.0040      He 2                3968.32A   37.340    0.0027      O  4                238.500A   37.632    0.0053
H  1                7.38319m   37.915    0.0102      He 2                3923.37A   37.267    0.0023      O  4                224.100A   38.124    0.0165
H  1                7.38319m   37.985    0.0120      He 2                3887.33A   37.198    0.0020      O  4                216.200A   37.379    0.0030
H  1                7.38319m   37.905    0.0100      He 2                3857.96A   37.135    0.0017      O  4                213.000A   37.793    0.0077
H  1                7.38319m   37.723    0.0066      He 2                3833.69A   37.077    0.0015      O  4                211.300A   37.815    0.0081
H  1                7.38319m   37.455    0.0035      He 2                3813.38A   37.024    0.0013      O  4                207.200A   37.866    0.0091
H  1                7.38319m   37.094    0.0015      He 2                3796.22A   36.977    0.0012      O  4                203.000A   37.471    0.0037
H  1                9.11505m   37.364    0.0029      He 2                3781.57A   36.939    0.0011      O  4                200.800A   38.790    0.0766
H  1                9.11505m   37.765    0.0072      He 2                3768.96A   36.912    0.0010      O  4                196.400A   38.487    0.0381
H  1                9.11505m   37.835    0.0085      He 2                3748.49A   36.952    0.0011      O  4                188.200A   37.652    0.0056
H  1                9.11505m   37.760    0.0071      He 2                3740.11A   37.722    0.0065      O  4                184.200A   37.097    0.0016
H  1                9.11505m   37.590    0.0048      He 2                1.86362m   38.093    0.0154      O  4                182.800A   37.608    0.0050
H  1                9.11505m   37.350    0.0028      He 2                1.16260m   37.916    0.0102      O  4                171.100A   37.419    0.0033
H  1                9.11505m   37.041    0.0014      He 2                9344.62A   37.739    0.0068      O  4                158.600A   38.467    0.0364
H  1                11.0292m   38.333    0.0267      He 2                8236.51A   37.580    0.0047      O  5                760.400A   36.964    0.0011
H  1                13.1257m   38.221    0.0206      He 2                7592.50A   37.439    0.0034      O  5                629.700A   37.267    0.0023
H  1                15.4044m   38.117    0.0163      He 2                7177.28A   37.311    0.0025      O  5                202.300A   36.940    0.0011
H  1                17.8655m   38.021    0.0130      He 2                6890.67A   37.218    0.0021      O  5                192.900A   37.418    0.0033
H  1                20.5089m   37.932    0.0106      He 2                6682.98A   37.132    0.0017      O  5                168.000A   37.341    0.0027
H  1                23.3345m   37.848    0.0088      He 2                6526.88A   37.053    0.0014      O  5                141.300A   37.372    0.0029
H  1                26.3425m   37.770    0.0073      He 2                6406.17A   36.980    0.0012      level2 lines...................................
H  1                29.5328m   37.696    0.0062      He 2                6310.64A   36.911    0.0010      C  2                596.559A   37.560    0.0045
H  1                32.9053m   37.626    0.0052      He 2                5931.63A   37.436    0.0034      C  2                561.959A   37.497    0.0039
H  1                36.4602m   37.559    0.0045      He 2                3.09074m   37.665    0.0057      C  2                530.721A   37.450    0.0035
H  1                40.1974m   37.496    0.0039      He 2                1.87427m   37.530    0.0042      C  2                544.909A   37.455    0.0035
H  1                44.1168m   37.435    0.0034      He 2                1.47599m   37.383    0.0030      C  2                535.300A   37.434    0.0034
H  1                48.2186m   37.378    0.0030      He 2                1.28124m   37.247    0.0022      C  2                550.361A   37.393    0.0031
H  1                52.5027m   37.322    0.0026      He 2                1.16728m   37.073    0.0015      C  2                467.460A   37.246    0.0022
H  1                56.9691m   38.495    0.0388      He 2                1.09332m   36.981    0.0012      C  2                637.979A   37.264    0.0023
He 2                227.838A   37.784    0.0076      He 2                8701.09A   37.201    0.0020      C  2                424.791A   37.115    0.0016
He 2                911.351A   37.976    0.0117      He 2                4.76203m   37.292    0.0024      C  2                439.850A   37.045    0.0014
He 2                911.351A   38.372    0.0292      He 2                2.82513m   37.188    0.0019      C  2                524.659A   37.109    0.0016
He 2                2049.88A   38.705    0.0630      He 2                2.18843m   37.065    0.0014      C  2                521.831A   37.106    0.0016
He 2                2049.88A   39.168    0.1829      He 2                1.21105m   37.003    0.0012      C  2                578.690A   37.034    0.0013
He 2                2049.88A   39.172    0.1846      He 2                6.94582m   36.962    0.0011      C  3                271.090A   37.279    0.0024
He 2                3644.36A   38.167    0.0182      C  6                33.7359A   37.126    0.0017      C  3                268.600A   37.251    0.0022
He 2                3644.36A   38.639    0.0541      He-like iso-sequence...........................      C  3                266.880A   37.223    0.0021
He 2                3644.36A   38.757    0.0710      He 1                1202.81A   39.792    0.7700      C  3                288.500A   37.258    0.0023
He 2                3644.36A   38.539    0.0430      He 1                584.334A   39.154    0.1771      C  4                223.140A   37.321    0.0026
He 2                5694.36A   37.765    0.0072      He 1                537.030A   38.109    0.0159      C  4                212.750A   37.177    0.0019
He 2                5694.36A   38.238    0.0215      He 1                522.213A   37.976    0.0118      C  4                206.950A   37.089    0.0015
He 2                5694.36A   38.393    0.0307      He 1                515.617A   37.908    0.0100      C  4                203.370A   37.003    0.0012
He 2                5694.36A   38.328    0.0265      He 1                512.099A   37.858    0.0089      C  4                200.980A   36.926    0.0010
He 2                5694.36A   37.951    0.0111      He 1                625.563A   40.528    4.1917      N  2                532.161A   37.459    0.0036
He 2                8199.90A   37.448    0.0035      He 1                510.018A   37.646    0.0055      N  2                634.441A   37.478    0.0037
He 2                8199.90A   37.921    0.0103      He 1                508.657A   37.643    0.0055      N  2                475.141A   37.351    0.0028
He 2                8199.90A   38.090    0.0153      He 1                507.727A   37.638    0.0054      N  2                528.139A   37.362    0.0029
He 2                8199.90A   38.084    0.0151      He 1                507.065A   37.631    0.0053      N  2                452.970A   37.251    0.0022
He 2                8199.90A   37.886    0.0096      He 1                506.576A   37.624    0.0052      N  2                441.950A   37.207    0.0020
He 2                8199.90A   37.389    0.0030      He 1                506.204A   37.613    0.0051      N  2                474.291A   37.234    0.0021
He 2                1.11610m   37.189    0.0019      He 1                505.916A   37.602    0.0050      N  2                437.731A   37.179    0.0019
He 2                1.11610m   37.660    0.0057      He 1                505.687A   37.589    0.0048      N  2                452.610A   37.096    0.0016
He 2                1.11610m   37.836    0.0085      He 1                505.502A   37.575    0.0047      N  2                441.659A   36.976    0.0012
He 2                1.11610m   37.859    0.0090      He 1                505.352A   37.561    0.0045      N  2                432.160A   36.943    0.0011
He 2                1.11610m   37.736    0.0068      He 1                505.227A   37.545    0.0044      N  2                508.099A   37.001    0.0012
He 2                1.11610m   37.435    0.0034      He 1                505.122A   37.528    0.0042      N  3                293.510A   37.310    0.0025
He 2                1.45776m   36.971    0.0012      He 1                505.033A   37.511    0.0040      N  3                283.090A   37.254    0.0022
He 2                1.45776m   37.441    0.0034      He 1                504.958A   37.427    0.0033      N  3                264.550A   37.180    0.0019
He 2                1.45776m   37.619    0.0052      He 1                504.893A   37.454    0.0035      N  3                277.180A   37.219    0.0021
He 2                1.45776m   37.657    0.0056      He 1                504.836A   37.463    0.0036      N  3                312.110A   37.280    0.0024
He 2                1.45776m   37.574    0.0047      He 1                504.787A   37.393    0.0031      N  3                273.490A   37.184    0.0019
He 2                1.45776m   37.361    0.0028      He 1                504.744A   37.441    0.0034      N  3                267.450A   37.124    0.0017
He 2                1.45776m   36.981    0.0012      He 1                504.706A   37.512    0.0040      N  3                248.910A   37.068    0.0015
He 2                1.84498m   37.252    0.0022      He 1                504.672A   38.276    0.0235      N  3                271.020A   37.155    0.0018
He 2                1.84498m   37.432    0.0034      TOTL                1.08303m   39.140    0.1715      N  3                305.650A   37.129    0.0017
He 2                1.84498m   37.479    0.0037      He 1                1.08303m   39.140    0.1715      N  3                269.290A   37.129    0.0017
He 2                1.84498m   37.418    0.0033      He 1                3888.63A   38.865    0.0910      N  3                300.710A   37.103    0.0016
He 2                1.84498m   37.253    0.0022      He 1                3187.74A   38.476    0.0371      N  3                286.900A   36.919    0.0010
He 2                1.84498m   36.970    0.0012      He 1                2945.10A   38.162    0.0180      N  4                197.610A   37.236    0.0021
He 2                2.27776m   37.087    0.0015      He 1                2829.08A   37.907    0.0100      N  4                182.190A   37.118    0.0016
He 2                2.27776m   37.267    0.0023      He 1                2760.44A   37.348    0.0028      N  4                175.020A   37.034    0.0013
He 2                2.27776m   37.319    0.0026      He 1                2721.00A   37.199    0.0020      N  4                170.460A   36.943    0.0011
He 2                2.27776m   37.273    0.0023      He 1                2694.61A   37.065    0.0014      N  4                168.090A   36.936    0.0011
He 2                2.27776m   37.137    0.0017      He 1                2676.05A   36.943    0.0011      N  5                147.670A   36.997    0.0012
He 2                2.27776m   36.909    0.0010      He 1                2.05813m   37.934    0.0107      O  2                425.190A   37.442    0.0034
He 2                2.75608m   37.883    0.0095      He 1                5015.68A   38.237    0.0214      O  2                388.410A   37.370    0.0029
He 2                3.27997m   37.771    0.0073      He 1                3964.73A   37.847    0.0087      O  2                373.600A   37.325    0.0026
He 2                3.84941m   37.668    0.0058      He 1                3613.64A   37.539    0.0043      O  2                361.821A   37.299    0.0025
He 2                4.46440m   37.573    0.0046      He 1                3447.59A   37.283    0.0024      O  2                366.060A   37.295    0.0025
He 2                5.12495m   37.484    0.0038      He 1                7065.22A   38.139    0.0171      O  2                360.570A   37.240    0.0022
He 2                5.83106m   37.401    0.0031      He 1                5875.64A   38.889    0.0961      O  2                414.619A   37.243    0.0022
He 2                6.58272m   37.322    0.0026      He 1                4713.03A   37.461    0.0036      O  2                358.780A   37.154    0.0018
He 2                7.37993m   37.248    0.0022      He 1                4471.49A   38.480    0.0375      O  2                356.930A   37.150    0.0018
He 2                8.22270m   37.178    0.0019      He 1                4120.82A   37.038    0.0014      O  2                355.610A   37.125    0.0017
He 2                9.11102m   37.112    0.0016      He 1                4026.20A   38.164    0.0181      O  2                384.420A   37.031    0.0013
He 2                10.0449m   37.049    0.0014      He 1                3819.61A   37.910    0.0101      O  3                305.400A   37.526    0.0042
He 2                11.0243m   36.989    0.0012      He 1                3704.76A   37.974    0.0117      O  3                268.070A   37.336    0.0027
He 2                12.0493m   36.931    0.0011      He 1                3634.08A   37.813    0.0081      O  3                263.850A   37.317    0.0026
He 2                14.2360m   38.085    0.0151      He 1                3587.16A   37.671    0.0058      O  3                373.640A   37.467    0.0036
He 1                504.259A   39.832    0.8443      He 1                3554.34A   37.545    0.0044      O  3                265.020A   37.286    0.0024
He 1                2599.69A   38.806    0.0794      He 1                3530.43A   37.429    0.0033      O  3                248.730A   37.268    0.0023
He 1                3120.85A   38.298    0.0246      He 1                3512.47A   37.324    0.0026      O  3                241.200A   37.224    0.0021
He 1                3421.00A   38.323    0.0261      He 1                3498.61A   37.228    0.0021      O  3                248.620A   37.195    0.0019
He 1                3420.88A   38.800    0.0784      He 1                3487.70A   37.138    0.0017      O  3                236.890A   37.180    0.0019
He 1                3420.88A   39.022    0.1307      He 1                3478.94A   37.055    0.0014      O  3                234.190A   37.161    0.0018
He 1                3678.70A   38.607    0.0503      He 1                3471.80A   36.978    0.0012      O  3                276.900A   37.165    0.0018
He 1                6632.16A   37.882    0.0095      He 1                3439.99A   37.400    0.0031      O  3                241.140A   37.151    0.0018
He 1                7435.20A   37.467    0.0036      He 1                7281.35A   37.612    0.0051      O  3                280.450A   37.222    0.0021
He 1                7843.44A   38.535    0.0425      He 1                6678.15A   38.341    0.0272      O  3                263.230A   37.182    0.0019
He 1                8188.36A   38.338    0.0270      He 1                5047.64A   37.046    0.0014      O  3                232.380A   37.142    0.0017
He 1                8190.64A   37.849    0.0088      He 1                4921.93A   37.912    0.0101      O  3                236.860A   37.097    0.0016
He 1                8261.30A   37.929    0.0105      He 1                4387.93A   37.592    0.0049      O  3                231.110A   37.120    0.0016
He 1                1.24779m   37.318    0.0026      He 1                4143.76A   37.336    0.0027      O  3                255.390A   37.146    0.0017
He 1                1.35647m   36.939    0.0011      He 1                4009.05A   37.337    0.0027      O  3                232.350A   37.071    0.0015
He 1                1.40934m   38.027    0.0132      He 1                3926.41A   37.174    0.0019      O  3                234.180A   37.065    0.0014
He 1                1.45602m   37.961    0.0114      He 1                3871.69A   37.031    0.0013      O  3                231.100A   37.019    0.0013
He 1                1.45643m   37.469    0.0037      He 1                1.25274m   36.981    0.0012      O  3                244.650A   37.066    0.0014
He 1                1.45759m   37.625    0.0052      He 1                1.70027m   37.329    0.0027      O  3                238.930A   37.006    0.0013
He 1                1.45759m   37.148    0.0017      He 1                1.19692m   37.168    0.0018      O  3                233.340A   36.983    0.0012
He 1                1.46631m   37.450    0.0035      He 1                1.03113m   36.970    0.0012      O  3                235.520A   36.964    0.0011
He 1                2.01409m   36.918    0.0010      He 1                9515.06A   37.087    0.0015      O  4                239.130A   37.575    0.0047
He 1                2.21672m   37.653    0.0056      He 1                9062.39A   36.941    0.0011      O  4                207.610A   37.332    0.0027
He 1                2.27546m   37.631    0.0053      He 1                1.86854m   37.956    0.0112      O  4                196.560A   37.294    0.0024
He 1                2.27605m   37.139    0.0017      He 1                1.27849m   37.626    0.0053      O  4                214.760A   37.309    0.0025
He 1                2.27752m   37.442    0.0034      He 1                1.09130m   37.360    0.0028      O  4                181.780A   37.208    0.0020
He 1                2.27752m   36.965    0.0011      He 1                1.00275m   37.157    0.0018      O  4                280.550A   37.374    0.0029
He 1                2.27778m   36.964    0.0011      He 1                9526.01A   36.988    0.0012      O  4                174.710A   37.164    0.0018
He 1                2.28864m   37.091    0.0015      He 1                1.86972m   37.479    0.0037      O  4                203.010A   37.161    0.0018
He 1                3.20640m   37.361    0.0029      He 1                1.27905m   37.149    0.0017      O  4                174.310A   37.114    0.0016
He 1                3.27715m   37.359    0.0028      He 1                4.04791m   37.239    0.0022      O  4                182.700A   37.147    0.0017
He 1                3.27968m   37.223    0.0021      He 1                2.62338m   36.948    0.0011      O  4                181.770A   37.118    0.0016
He 1                3.28001m   36.918    0.0010      Ca B                2945.10A   38.120    0.0164      O  4                170.710A   37.087    0.0015
He 1                4.46460m   37.801    0.0078      Ca B                3187.74A   38.439    0.0341      O  4                159.680A   37.018    0.0013
He 1                5.83132m   37.629    0.0053      Ca B                3613.64A   37.537    0.0043      O  4                168.240A   37.060    0.0014
He 1                7.38026m   37.478    0.0037      Ca B                3888.63A   38.837    0.0853      O  4                152.360A   36.963    0.0011
He 1                9.11143m   37.342    0.0027      Ca B                3964.73A   37.846    0.0087      O  4                180.320A   36.979    0.0012
He 1                11.0248m   37.220    0.0021      Ca B                4026.20A   38.175    0.0186      O  4                186.020A   36.981    0.0012
He 1                13.1205m   37.107    0.0016      Ca B                4120.82A   37.064    0.0014      O  4                166.570A   37.007    0.0013
He 1                15.3983m   37.004    0.0013      Ca B                4387.93A   37.600    0.0049      O  4                165.420A   36.991    0.0012
He 1                17.8584m   36.908    0.0010      Ca B                4471.49A   38.501    0.0394      O  4                206.560A   36.942    0.0011
He 1                61.5933m   37.343    0.0027      Ca B                4713.03A   37.480    0.0038      O  5                135.810A   37.182    0.0019
C  5                31.6244A   37.259    0.0023      Ca B                4921.93A   37.934    0.0107      O  5                139.140A   37.180    0.0019
C  2                508.611A   37.715    0.0064      Ca B                5015.68A   38.248    0.0220      O  5                124.910A   37.107    0.0016
C  3                258.925A   36.967    0.0012      Ca B                5047.64A   37.071    0.0015      O  5                119.360A   37.051    0.0014
N  2                418.916A   37.193    0.0019      Ca B                5875.64A   38.951    0.1110      O  5                116.430A   36.967    0.0012
N  3                261.326A   37.335    0.0027      Ca B                6678.15A   38.406    0.0316      O  5                114.620A   36.922    0.0010
O  2                353.073A   39.247    0.2196      Ca B                7065.22A   38.141    0.0172      O  6                105.000A   37.026    0.0013
Ne 2                302.733A   38.027    0.0132      Ca B                7281.35A   37.632    0.0053      O  6                99.8602A   36.929    0.0011
S  2                531.501A   36.980    0.0012      Ca B                1.08303m   39.151    0.1757      Ne 2                444.150A   37.255    0.0022
Fe 3                404.565A   36.944    0.0011      Ca B                1.19692m   37.178    0.0019      Ne 2                356.870A   37.186    0.0019
grains.........................................      Ca B                1.25274m   36.944    0.0011      Ne 2                461.050A   37.178    0.0019
H-like iso-sequence............................      Ca B                1.27849m   37.704    0.0063      Ne 2                404.130A   37.183    0.0019
Cool                1215.67A   38.182    0.0189      Ca B                1.27905m   37.227    0.0021      Ne 2                327.700A   37.013    0.0013
Crst                960.000A   38.016    0.0129      Ca B                1.70027m   37.350    0.0028      Ne 2                331.200A   37.050    0.0014
Q(H)                4861.33A   40.108    1.5937      Ca B                1.86854m   38.082    0.0150      Ne 2                327.139A   37.027    0.0013
Q(H)                1215.67A   41.645   54.8248      Ca B                1.86972m   37.604    0.0050      Ne 2                355.969A   37.061    0.0014
CaBo                4861.33A   39.906    0.9992      Ca B                2.05813m   38.317    0.0258      Ne 2                320.500A   36.977    0.0012
CaBo                1640.00A   40.123    1.6470      C  5                81.4656A   37.059    0.0014      Ne 2                353.299A   36.925    0.0010
CaBo                4685.64A   39.293    0.2438      C  5                40.2678A   37.575    0.0047      Ne 3                250.920A   37.189    0.0019
Ca A                937.804A   39.634    0.5351      C  5                41.4721A   37.906    0.0100      Ne 3                227.420A   37.340    0.0027
Ca A                930.748A   39.432    0.3361      N  6                28.7870A   37.045    0.0014      Ne 3                218.360A   37.001    0.0012
Ca A                926.226A   39.259    0.2254      O  7                21.6020A   37.197    0.0020      Ne 3                223.310A   37.128    0.0017
Ca A                923.150A   39.106    0.1587      O  7                22.1012A   37.158    0.0018      Ne 3                228.870A   37.091    0.0015
Ca A                920.963A   38.970    0.1160      Pho+                3889.00A   39.499    0.3921      Ne 3                281.580A   37.206    0.0020
Ca A                919.351A   38.848    0.0875      extra Lyman....................................      Ne 3                227.190A   37.267    0.0023
Ca A                918.129A   38.736    0.0676      database lines.................................      Ne 3                265.510A   37.127    0.0017
Ca A                917.181A   38.633    0.0533      Al 3                1854.72A   37.724    0.0066      Ne 4                171.550A   37.134    0.0017
Ca A                916.429A   38.538    0.0428      Al 3                1862.79A   37.612    0.0051      Ne 4                148.550A   37.061    0.0014
Ca A                915.824A   38.449    0.0350      Al 6                3.65932m   38.411    0.0320      Ne 4                207.180A   37.183    0.0019
Ca A                915.329A   38.367    0.0289      Al 6                9.11329m   37.353    0.0028      Ne 4                139.980A   36.969    0.0012
Ca A                914.919A   38.290    0.0242      Ar 2                6.98337m   37.256    0.0022      Ne 4                159.100A   37.036    0.0013
Ca A                914.576A   38.217    0.0205      Ar 3                878.731A   36.944    0.0011      Ne 4                135.720A   36.923    0.0010
Ca A                914.286A   38.149    0.0175      Ar 3                887.403A   37.040    0.0014      Ne 4                157.090A   36.963    0.0011
Ca A                914.039A   38.085    0.0151      Ar 3                3109.18A   36.949    0.0011      Ne 5                143.350A   37.249    0.0022
Ca A                913.826A   38.025    0.0131      Ar 3                7135.79A   38.892    0.0969      Ne 5                142.640A   37.125    0.0017
Ca A                913.641A   37.968    0.0115      Ar 3                7751.11A   38.267    0.0230      Ne 5                119.100A   37.016    0.0013
Ca A                913.480A   37.915    0.0102      Ar 3                8.98898m   39.005    0.1256      Ne 5                132.560A   37.037    0.0014
Ca A                913.339A   37.865    0.0091      Ar 3                21.8253m   37.830    0.0084      Ne 5                167.820A   37.131    0.0017
Ca A                3970.07A   38.938    0.1077      Ar 4                840.032A   37.129    0.0017      Ne 5                131.150A   36.944    0.0011
Ca A                3889.05A   38.760    0.0714      Ar 4                843.770A   37.254    0.0022      Ne 6                122.920A   37.246    0.0022
Ca A                3835.38A   38.604    0.0499      Ar 4                850.605A   37.320    0.0026      Ne 6                111.440A   37.057    0.0014
Ca A                3797.89A   38.466    0.0363      Ar 4                2853.66A   37.382    0.0030      Ne 6                98.4397A   36.953    0.0011
Ca A                3770.63A   38.342    0.0273      Ar 4                2868.22A   37.038    0.0014      Ne 6                114.600A   37.006    0.0013
Ca A                3750.15A   38.229    0.0210      Ar 4                4711.26A   38.381    0.0298      Ne 6                138.790A   36.925    0.0010
Ca A                3734.36A   38.125    0.0166      Ar 4                4740.12A   38.230    0.0211      Na 5                124.710A   36.913    0.0010
Ca A                3721.93A   38.030    0.0133      Ar 5                827.366A   37.474    0.0037      Mg 6                95.1402A   37.045    0.0014
Ca A                3711.97A   37.940    0.0108      Ar 5                6435.12A   37.658    0.0056      Mg 7                84.0598A   36.970    0.0012
Ca A                3703.85A   37.857    0.0089      Ar 5                7005.83A   37.989    0.0121      Si 2                1179.59A   38.039    0.0136
Ca A                3697.15A   37.779    0.0075      Ar 5                7.89971m   38.580    0.0472      Si 2                993.354A   37.609    0.0051
Ca A                3691.55A   37.705    0.0063      Ar 5                13.0985m   38.815    0.0811      Si 2                893.551A   37.538    0.0043
Ca A                3686.83A   37.635    0.0054      Ar 6                754.930A   37.139    0.0017      Si 2                847.623A   37.267    0.0023
Ca A                3682.80A   37.569    0.0046      Ar 6                767.726A   37.178    0.0019      Si 2                1024.03A   37.472    0.0037
Ca A                3679.35A   37.506    0.0040      Ar 6                4.52800m   38.199    0.0196      Si 2                822.443A   37.066    0.0014
Ca A                3676.36A   37.446    0.0035      C  2                687.053A   37.178    0.0019      Si 2                903.081A   37.338    0.0027
Ca A                3673.75A   37.389    0.0030      C  2                687.352A   37.538    0.0043      Si 3                564.611A   37.248    0.0022
Ca A                3671.47A   37.334    0.0027      C  2                858.559A   37.574    0.0047      Si 3                464.939A   37.180    0.0019
Ca A                9545.93A   38.408    0.0318      C  2                903.962A   37.064    0.0014      Si 3                435.840A   37.000    0.0012
Ca A                9228.97A   38.249    0.0221      C  2                904.142A   37.924    0.0104      Si 4                329.800A   37.010    0.0013
Ca A                9014.87A   38.109    0.0160      C  2                904.480A   37.955    0.0112      Si 8                60.8598A   36.939    0.0011
Ca A                8862.74A   37.983    0.0119      C  2                1037.02A   37.908    0.0101      S  2                750.323A   37.561    0.0045
Ca A                8750.43A   37.869    0.0092      C  2                1334.53A   37.305    0.0025      S  2                632.711A   37.304    0.0025
Ca A                8664.98A   37.764    0.0072      C  2                1335.66A   37.682    0.0060      S  2                888.439A   37.528    0.0042
Ca A                8598.35A   37.667    0.0058      C  2                2323.50A   37.122    0.0016      S  2                587.599A   37.162    0.0018
Ca A                8545.34A   37.577    0.0047      C  2                2324.69A   37.467    0.0036      S  2                566.130A   37.024    0.0013
Ca A                8502.44A   37.493    0.0039      C  2                2325.40A   37.766    0.0073      S  2                654.712A   36.994    0.0012
Ca A                8467.21A   37.414    0.0032      C  2                2326.93A   37.904    0.0100      S  3                667.049A   37.843    0.0087
Ca A                8437.91A   37.340    0.0027      C  2                2328.12A   37.520    0.0041      S  3                691.219A   37.729    0.0067
Ca A                8413.28A   37.270    0.0023      C  2                157.636m   39.005    0.1256      S  3                704.220A   37.672    0.0058
Ca A                8392.35A   37.203    0.0020      C  3                1908.73A   38.946    0.1098      S  3                671.510A   37.403    0.0031
Ca A                8374.43A   37.140    0.0017      C  3                1906.68A   39.126    0.1661      S  3                482.139A   37.283    0.0024
Ca A                8358.96A   37.080    0.0015      C  3                977.020A   38.588    0.0481      S  3                474.260A   37.215    0.0020
Ca A                8345.51A   37.022    0.0013      C  3                386.203A   37.146    0.0017      S  3                480.121A   37.190    0.0019
Ca A                8333.74A   36.966    0.0011      C  3                538.312A   36.912    0.0010      S  3                420.730A   37.077    0.0015
Ca A                1.81740m   37.983    0.0120      C  3                884.524A   37.266    0.0023      S  3                424.450A   37.036    0.0014
Ca A                1.73620m   37.841    0.0086      Ca 3                409.953A   37.030    0.0013      S  4                330.110A   37.075    0.0015
Ca A                1.68064m   37.713    0.0064      Ca 4                669.696A   37.392    0.0031      S  4                370.000A   37.079    0.0015
Ca A                1.64071m   37.597    0.0049      Ca 4                3.20610m   38.616    0.0513      S  4                341.260A   37.049    0.0014
Ca A                1.61092m   37.491    0.0039      Ca 6                629.602A   37.287    0.0024      S  4                321.910A   36.928    0.0011
Ca A                1.58804m   37.394    0.0031      Ca 6                633.844A   37.387    0.0030      S  5                285.830A   37.044    0.0014
Ca A                1.57006m   37.303    0.0025      Ca 6                641.904A   37.434    0.0034      Ar 3                458.140A   37.509    0.0040
Ca A                1.55563m   37.218    0.0021      Cl 5                883.131A   37.051    0.0014      Ar 3                464.671A   37.381    0.0030
Ca A                1.54388m   37.139    0.0017      Cl 6                671.380A   37.013    0.0013      Ar 3                451.091A   37.206    0.0020
Ca A                1.53417m   37.064    0.0014      Cr 5                594.921A   37.424    0.0033      Ar 3                472.659A   37.204    0.0020
Ca A                1.52604m   36.994    0.0012      Fe 2                25.9811m   37.441    0.0034      Ar 3                488.909A   37.195    0.0019
Ca A                1.51917m   36.927    0.0010      Fe 2                5.33881m   37.972    0.0117      Ar 3                388.490A   37.072    0.0015
Ca A                3.03835m   37.623    0.0052      Fe 2                1.25668m   37.849    0.0088      Ar 3                527.451A   37.153    0.0018
Ca A                2.87219m   37.494    0.0039      Fe 2                2599.40A   37.006    0.0013      Ar 3                360.940A   36.944    0.0011
Ca A                2.75749m   37.377    0.0030      Fe 2                2382.04A   37.292    0.0024      Ar 3                345.990A   36.948    0.0011
Ca A                2.67438m   37.271    0.0023      Fe 2                1.32055m   37.272    0.0023      Ar 3                365.099A   36.929    0.0011
Ca A                2.61191m   37.172    0.0018      Fe 2                2625.67A   36.993    0.0012      Ar 3                517.521A   36.963    0.0011
Ca A                2.56361m   37.081    0.0015      Fe 2                1.37182m   37.048    0.0014      Ar 4                444.680A   37.688    0.0061
Ca A                2.52538m   36.996    0.0012      Fe 2                17.9314m   36.940    0.0011      Ar 4                392.000A   37.124    0.0017
Ca A                2.49455m   36.916    0.0010      Fe 2                1.64355m   37.777    0.0074      Ar 5                441.850A   37.513    0.0040
Ca A                12.3684m   37.907    0.0100      Fe 2                1.80939m   37.074    0.0015      Ar 5                455.901A   37.383    0.0030
Ca A                7.50038m   37.742    0.0069      Fe 3                22.9190m   38.705    0.0630      Ar 5                337.380A   37.067    0.0015
Ca A                5.90655m   37.582    0.0047      Fe 3                4881.12A   37.554    0.0044      Ca 3                351.260A   37.572    0.0046
Ca A                5.12722m   37.438    0.0034      Fe 3                4658.01A   38.215    0.0204      Ca 3                298.430A   37.125    0.0017
Ca A                4.67119m   37.308    0.0025      Fe 3                4607.11A   36.958    0.0011      Ca 3                277.760A   36.979    0.0012
Ca A                4.37522m   37.191    0.0019      Fe 3                33.0270m   38.152    0.0176      Ca 3                308.360A   36.923    0.0010
Ca A                4.16962m   37.083    0.0015      Fe 3                5270.40A   38.140    0.0172      Ca 4                303.870A   37.351    0.0028
Ca A                4.01974m   36.984    0.0012      Fe 3                4754.64A   37.477    0.0037      Ca 4                310.370A   37.222    0.0021
Ca A                19.0565m   37.548    0.0044      Fe 3                4701.62A   37.723    0.0066      Ca 4                307.850A   37.222    0.0021
Ca A                11.3055m   37.412    0.0032      Fe 3                51.6655m   37.553    0.0044      Ca 4                323.400A   37.216    0.0020
Ca A                8.75760m   37.273    0.0023      Fe 3                5011.16A   37.330    0.0027      Ca 4                319.070A   37.201    0.0020
Ca A                7.50599m   37.145    0.0017      Fe 3                4769.52A   37.249    0.0022      Ca 5                314.530A   37.421    0.0033
Ca A                6.77008m   37.027    0.0013      Fe 3                4733.84A   37.124    0.0017      Ca 5                325.410A   37.340    0.0027
Ca A                6.29014m   36.920    0.0010      Fe 3                5411.98A   37.097    0.0016      Ca 5                332.080A   37.127    0.0017
Ca A                27.7955m   37.230    0.0021      Fe 7                9.50763m   38.851    0.0881      Ca 5                660.908A   37.119    0.0016
Ca A                16.2045m   37.118    0.0016      Fe 7                5720.71A   38.199    0.0196      Ca 6                330.390A   37.444    0.0035
Ca A                12.3837m   36.996    0.0012      Fe 7                4988.55A   37.996    0.0123      Ca 6                227.310A   36.934    0.0011
Ca A                38.8589m   36.946    0.0011      Fe 7                4893.37A   37.729    0.0067      Ca 7                338.000A   37.290    0.0024
Ca B                3970.07A   39.100    0.1565      Fe 7                7.81037m   38.317    0.0258      Ca 7                348.130A   37.159    0.0018
Ca B                3889.05A   38.920    0.1033      Fe 7                6086.97A   38.373    0.0293      Fe 3                911.104A   37.495    0.0039
Ca B                3835.38A   38.763    0.0719      Fe 7                5158.89A   37.862    0.0090      Fe 3                859.623A   37.309    0.0025
Ca B                3797.89A   38.624    0.0522      Fe 7                4942.48A   37.361    0.0029      Fe 3                896.877A   37.418    0.0033
Ca B                3770.63A   38.498    0.0391      Fe 7                3586.32A   37.879    0.0094      Fe 3                579.421A   37.051    0.0014
Ca B                3750.15A   38.384    0.0301      Fe 7                5276.38A   37.196    0.0019      Fe 3                762.643A   37.073    0.0015
Ca B                3734.36A   38.280    0.0236      Fe 7                3758.92A   38.033    0.0134      Fe 3                513.260A   36.974    0.0012
Ca B                3721.93A   38.183    0.0189      Fe 7                3.38363m   36.984    0.0012      Fe 3                488.041A   36.966    0.0011
Ca B                3711.97A   38.093    0.0154      Fe 7                2.62872m   37.041    0.0014      Fe 3                488.391A   36.972    0.0012
Ca B                3703.85A   38.010    0.0127      Fe 9                171.073A   37.420    0.0033      Fe 3                481.371A   36.925    0.0010
Ca B                3697.15A   37.931    0.0106      K  3                4.61683m   37.872    0.0092      Fe 3                871.422A   37.183    0.0019
Ca B                3691.55A   37.857    0.0089      K  4                5.98030m   37.435    0.0034      Fe 4                309.190A   37.106    0.0016
Ca B                3686.83A   37.787    0.0076      Mg 1                2852.13A   37.546    0.0044      Fe 4                532.950A   37.367    0.0029
Ca B                3682.80A   37.721    0.0065      Mg 1                4562.60A   37.242    0.0022      Fe 4                275.130A   36.995    0.0012
Ca B                3679.35A   37.659    0.0057      Mg 3                231.734A   37.219    0.0021      Fe 4                259.600A   36.944    0.0011
Ca B                3676.36A   37.599    0.0049      Mg 3                234.264A   36.963    0.0011      Fe 4                326.120A   37.025    0.0013
Ca B                3673.75A   37.543    0.0043      N  5                209.274A   37.346    0.0028      Fe 5                236.210A   36.957    0.0011
Ca B                3671.47A   37.489    0.0038      N  5                209.308A   37.285    0.0024      Fe 5                236.300A   36.966    0.0011
Ca B                9545.93A   38.470    0.0366      N  5                1238.82A   38.443    0.0345      Fe 5                391.409A   37.227    0.0021
Ca B                9228.97A   38.312    0.0255      N  5                1242.80A   38.293    0.0244      Fe 5                227.780A   37.124    0.0017
Ca B                9014.87A   38.172    0.0184      Ne 2                12.8101m   38.413    0.0321      Fe 5                389.529A   37.166    0.0018
Ca B                8862.74A   38.046    0.0138      Ne 3                15.5509m   39.823    0.8259      Fe 5                369.760A   37.124    0.0017
Ca B                8750.43A   37.931    0.0106      Ne 3                3868.76A   39.379    0.2971      Fe 5                226.680A   37.002    0.0012
Ca B                8664.98A   37.827    0.0083      Ne 3                489.500A   36.912    0.0010      Fe 6                174.510A   37.035    0.0013
Ca B                8598.35A   37.730    0.0067      Ne 3                36.0036m   38.781    0.0750      Fe 6                156.820A   36.958    0.0011
Ca B                8545.34A   37.640    0.0054      Ne 3                3967.47A   38.861    0.0902      Fe 6                180.240A   36.973    0.0012
Ca B                8502.44A   37.556    0.0045      Ne 3                491.045A   37.720    0.0065      Fe 6                185.150A   36.976    0.0012
Ca B                8467.21A   37.477    0.0037      Ne 3                489.645A   37.235    0.0021      Fe 6                295.530A   37.147    0.0017
Ca B                8437.91A   37.403    0.0031      Ne 3                313.688A   37.248    0.0022      Fe 6                292.810A   37.099    0.0016
Ca B                8413.28A   37.333    0.0027      Ne 3                490.311A   37.357    0.0028      Fe 6                279.220A   36.980    0.0012
Ca B                8392.35A   37.266    0.0023      O  2                539.086A   37.466    0.0036      Fe 6                296.190A   36.980    0.0012
Ca B                8374.43A   37.203    0.0020      O  2                539.547A   37.435    0.0034      Fe 7                152.390A   37.269    0.0023
Ca B                8358.96A   37.143    0.0017      O  2                539.854A   37.376    0.0030      Fe 7                163.470A   37.214    0.0020
Ca B                8345.51A   37.086    0.0015      O  2                832.758A   37.592    0.0048      Fe 7                148.230A   37.119    0.0016
Ca B                8333.74A   37.032    0.0013      O  2                833.330A   37.643    0.0055      Fe 7                148.660A   37.049    0.0014
Ca B                1.81740m   38.015    0.0129      O  2                834.465A   37.662    0.0057      Fe 7                181.600A   37.072    0.0015
Ca B                1.73620m   37.874    0.0093      O  2                2470.34A   37.138    0.0017      Fe 7                234.000A   37.103    0.0016
Ca B                1.68064m   37.747    0.0069      O  2                7319.99A   36.945    0.0011      Fe 7                196.310A   37.002    0.0012
Ca B                1.64071m   37.631    0.0053      O  2                3728.81A   39.098    0.1556      Fe 7                226.340A   37.054    0.0014
Ca B                1.61092m   37.525    0.0042      O  2                3726.03A   38.920    0.1034      Fe 8                123.920A   37.086    0.0015
Ca B                1.58804m   37.428    0.0033      O  3                88.3323m   40.553    4.4349      P  2                967.202A   37.272    0.0023
Ca B                1.57006m   37.337    0.0027      O  3                51.8004m   40.287    2.4052      P  2                963.828A   37.389    0.0030
Ca B                1.55563m   37.253    0.0022      O  3                4958.91A   40.237    2.1425      K  5                727.442A   37.212    0.0020
Ca B                1.54388m   37.174    0.0019      O  3                5006.84A   40.712    6.3924      K  6                720.129A   37.021    0.0013
Ca B                1.53417m   37.099    0.0016      O  3                2320.95A   37.814    0.0081      Cr 3                1033.06A   37.073    0.0015
Ca B                1.52604m   37.029    0.0013      O  3                4363.21A   38.414    0.0322      Cr 3                1035.74A   37.125    0.0017
Ca B                1.51917m   36.962    0.0011      O  3                1660.81A   37.814    0.0081      Cr 6                226.666A   36.987    0.0012
Ca B                3.03835m   37.643    0.0055      O  3                1666.15A   38.281    0.0237      Cr 6                201.366A   36.907    0.0010
Ca B                2.87219m   37.515    0.0041      O  3                832.929A   36.913    0.0010      hyperfine structure............................
Ca B                2.75749m   37.399    0.0031      O  3                833.715A   37.919    0.0103      inner shell....................................
Ca B                2.67438m   37.292    0.0024      O  3                702.896A   37.610    0.0051      O  5                1215.53A   37.112    0.0016
Ca B                2.61191m   37.194    0.0019      O  3                703.851A   37.821    0.0082      O  6                339.683A   36.990    0.0012
Ca B                2.56361m   37.103    0.0016      O  3                507.680A   37.833    0.0084      Mg 3                246.489A   37.239    0.0022
Ca B                2.52538m   37.018    0.0013      O  3                508.178A   38.063    0.0144      Mg 3                247.968A   37.236    0.0021
Ca B                2.49455m   36.938    0.0011      O  5                1218.34A   37.897    0.0098      Al 4                165.312A   36.999    0.0012
Ca B                12.3684m   37.918    0.0103      O  5                1213.81A   38.061    0.0143      Al 4                166.199A   36.997    0.0012
Ca B                7.50038m   37.754    0.0070      O  5                629.732A   38.134    0.0169      Si 4                720.838A   37.084    0.0015
Ca B                5.90655m   37.595    0.0049      O  5                172.169A   37.074    0.0015      Si 5                119.791A   36.989    0.0012
Ca B                5.12722m   37.452    0.0035      O  5                286.448A   37.177    0.0019      Si 5                120.490A   37.270    0.0023
Ca B                4.67119m   37.323    0.0026      P  2                60.6263m   37.618    0.0052      Si 5                119.791A   36.911    0.0010
Ca B                4.37522m   37.206    0.0020      P  2                32.8620m   37.507    0.0040      Si 5                120.490A   37.209    0.0020
Ca B                4.16962m   37.099    0.0016      P  2                1.14682m   37.469    0.0037      Si 5                119.791A   38.467    0.0364
Ca B                4.01974m   37.000    0.0012      P  2                1.18828m   37.892    0.0097      Si 5                120.490A   38.465    0.0362
Ca B                3.90645m   36.909    0.0010      P  3                17.8797m   37.871    0.0092      S  5                1203.73A   36.929    0.0011
Ca B                19.0565m   37.559    0.0045      P  4                824.731A   37.042    0.0014      S  5                1203.73A   37.293    0.0024
Ca B                11.3055m   37.422    0.0033      P  4                950.657A   37.448    0.0035      S  6                488.127A   37.284    0.0024
Ca B                8.75760m   37.284    0.0024      P  4                1035.52A   37.053    0.0014      S  7                72.4207A   37.396    0.0031
Ca B                7.50599m   37.156    0.0018      S  2                6730.82A   38.824    0.0829      S  7                72.9319A   37.393    0.0031
Ca B                6.77008m   37.039    0.0014      S  2                6716.44A   38.988    0.1207      Fe 6                167.773A   37.883    0.0095
Ca B                6.29014m   36.931    0.0011      S  2                4076.35A   37.150    0.0018      Fe 6                172.200A   37.872    0.0092
Ca B                27.7955m   37.241    0.0022      S  2                4068.60A   37.639    0.0054      Fe 7                172.440A   37.796    0.0078
Ca B                16.2045m   37.128    0.0017      S  2                1.03364m   37.012    0.0013      Fe 7                177.120A   37.784    0.0076
Ca B                12.3837m   37.005    0.0013      S  2                1.02867m   37.013    0.0013      Fe 8                185.328A   37.540    0.0043
Ca B                38.8589m   36.957    0.0011      S  2                1.03205m   37.147    0.0017      Fe 8                190.745A   37.528    0.0042
H  1                2431.34A   40.950   11.0589      S  2                1259.52A   37.259    0.0023      Fe 9                194.333A   37.113    0.0016
H  1                1215.67A   41.268   23.0240      S  2                1253.81A   37.186    0.0019      Fe 9                200.622A   37.100    0.0016
H  1                1025.72A   38.344    0.0274      S  2                1250.58A   36.996    0.0012      molecules......................................
H  1                972.537A   38.198    0.0196      S  2                912.736A   37.178    0.0019      blends.........................................
H  1                949.743A   38.133    0.0169      S  2                910.485A   37.520    0.0041      Blnd                1304.00A   36.924    0.0010
H  1                937.804A   38.098    0.0155      S  3                33.4704m   40.021    1.3024      Blnd                2798.00A   39.023    0.1309
H  1                930.748A   38.069    0.0145      S  3                18.7078m   39.757    0.7094      Blnd                615.000A   37.202    0.0020
H  1                926.226A   38.044    0.0137      S  3                9068.62A   39.557    0.4476      Blnd                6720.00A   39.215    0.2036
H  1                923.150A   38.027    0.0132      S  3                9530.62A   39.957    1.1245      Blnd                4074.00A   37.761    0.0072
H  1                920.963A   38.014    0.0128      S  3                3721.63A   37.978    0.0118      Blnd                1.03300m   37.652    0.0056
H  1                919.351A   37.832    0.0084      S  3                6312.06A   38.251    0.0222      Blnd                1256.00A   37.638    0.0054
H  1                918.129A   37.831    0.0084      S  3                1728.94A   37.266    0.0023      Blnd                1198.00A   37.727    0.0066
H  1                917.181A   37.831    0.0084      S  3                1190.20A   36.953    0.0011      Blnd                1720.00A   37.397    0.0031
H  1                916.429A   37.830    0.0084      S  3                1194.45A   37.609    0.0050      Blnd                3722.00A   37.984    0.0120
H  1                915.824A   37.829    0.0084      S  3                1015.57A   37.157    0.0018      Blnd                1406.00A   37.475    0.0037
H  1                915.329A   37.828    0.0084      S  3                1021.11A   37.360    0.0028      Blnd                2665.00A   37.684    0.0060
H  1                914.919A   37.828    0.0084      Si 2                34.8046m   39.583    0.4756      Blnd                1860.00A   37.973    0.0117
H  1                914.576A   37.827    0.0083      Si 2                2334.41A   37.050    0.0014      Blnd                4725.00A   38.613    0.0509
H  1                914.286A   37.829    0.0084      Si 2                1808.01A   37.048    0.0014      Blnd                2860.00A   37.544    0.0043
H  1                914.039A   37.832    0.0084      Si 2                1260.42A   37.202    0.0020      Blnd                7250.00A   36.976    0.0012
H  1                913.826A   37.840    0.0086      Si 2                1193.29A   37.074    0.0015      Blnd                2335.00A   37.984    0.0120
H  1                913.641A   37.856    0.0089      Si 2                2350.17A   37.175    0.0019      Blnd                1888.00A   38.864    0.0908
H  1                913.480A   37.888    0.0096      Si 2                2344.20A   37.580    0.0047      Blnd                1397.00A   38.491    0.0385
H  1                913.339A   37.967    0.0115      Si 2                2334.60A   37.469    0.0037      Blnd                2424.00A   39.018    0.1296
H  1                913.215A   38.756    0.0709      Si 2                1816.93A   37.285    0.0024      Blnd                774.000A   38.066    0.0144
H  1                6562.81A   40.352    2.7931      Si 2                1533.43A   37.686    0.0060      Blnd                5525.00A   37.934    0.0107
H  1                4861.33A   39.906    1.0000      Si 2                1309.28A   37.549    0.0044      Blnd                8579.00A   37.313    0.0026
H  1                4340.46A   39.580    0.4721      Si 2                1265.00A   37.862    0.0090      Blnd                7306.00A   38.456    0.0355
H  1                4101.73A   39.325    0.2626      Si 2                1197.39A   37.954    0.0112      Blnd                3933.00A   37.954    0.0112
H  1                3970.07A   39.116    0.1621      Si 2                1194.50A   37.913    0.0102      Blnd                2326.00A   38.331    0.0266
H  1                3889.05A   38.938    0.1076      Si 3                1892.03A   38.468    0.0365      Blnd                1335.00A   38.976    0.1175
H  1                3835.38A   38.783    0.0754      Si 3                1882.71A   38.641    0.0543      C 2R                1335.00A   38.942    0.1087
H  1                3797.89A   38.647    0.0551      Si 3                1206.50A   38.591    0.0485      Blnd                977.000A   38.772    0.0735
H  1                3770.63A   38.656    0.0563      Si 4                1393.75A   38.272    0.0233      C 3R                977.000A   38.312    0.0255
H  1                3750.15A   38.553    0.0444      Si 4                1402.77A   38.089    0.0152      Blnd                1909.00A   39.374    0.2937
H  1                3734.36A   38.458    0.0357      Si 7                278.443A   37.106    0.0016      C 3R                1909.00A   38.158    0.0178
H  1                3721.93A   38.371    0.0292      Si 7                2146.64A   37.250    0.0022      Blnd                1176.00A   37.999    0.0124
H  1                3711.97A   38.290    0.0242      Si 7                2.48071m   37.928    0.0105      C 3R                1175.00A   37.977    0.0118
H  1                3703.85A   38.216    0.0204      Ti 5                252.959A   36.978    0.0012      Blnd                1549.00A   39.423    0.3289
H  1                3697.15A   38.146    0.0174      Al 2                2669.15A   37.282    0.0024      C 4R                1549.00A   37.784    0.0076
H  1                3691.55A   38.082    0.0150      Al 2                2660.35A   37.465    0.0036      N 2R                6584.00A   36.946    0.0011
H  1                3686.83A   38.024    0.0131      Al 2                1670.79A   37.643    0.0055      Blnd                5755.00A   36.982    0.0012
H  1                3682.80A   37.971    0.0116      Al 5                2.90450m   38.039    0.0136      Blnd                1085.00A   38.130    0.0167
H  1                3679.35A   37.926    0.0105      Ar 7                585.754A   37.262    0.0023      N 2R                1085.00A   37.936    0.0107
H  1                3676.36A   37.892    0.0097      Ar 8                713.813A   37.006    0.0013      Blnd                1750.00A   38.296    0.0245
H  1                3673.75A   37.878    0.0094      Ar 8                700.246A   37.202    0.0020      Blnd                990.000A   38.545    0.0436
H  1                3671.47A   37.914    0.0102      C  4                1550.78A   38.950    0.1108      N 3R                990.000A   38.416    0.0324
H  1                3669.46A   38.663    0.0572      C  4                1548.19A   39.213    0.2029      Blnd                765.000A   38.018    0.0129
H  1                1.87510m   39.403    0.3144      C  4                312.452A   37.554    0.0045      N 4R                765.000A   36.966    0.0011
H  1                1.28180m   39.108    0.1593      C  4                312.421A   37.605    0.0050      Blnd                1486.00A   38.312    0.0255
H  1                1.09380m   38.859    0.0897      C  4                244.912A   37.352    0.0028      Blnd                1240.00A   38.676    0.0589
H  1                1.00493m   38.650    0.0555      C  4                244.904A   37.411    0.0032      Blnd                2471.00A   37.541    0.0043
H  1                9545.93A   38.472    0.0368      Ca 2                7323.89A   38.059    0.0142      Blnd                3726.00A   38.920    0.1034
H  1                9228.97A   38.317    0.0258      Ca 2                7291.47A   38.234    0.0213      Blnd                3729.00A   39.098    0.1556
H  1                9014.87A   38.179    0.0188      Ca 2                3968.47A   37.558    0.0045      Blnd                7323.00A   37.374    0.0029
H  1                8862.74A   38.141    0.0172      Ca 2                3933.66A   37.732    0.0067      Blnd                7332.00A   37.293    0.0024
H  1                8750.43A   38.038    0.0136      Ca 2                8542.09A   37.127    0.0017      O 2R                7332.00A   36.990    0.0012
H  1                8664.98A   37.944    0.0109      Ca 5                4.15739m   38.239    0.0216      O 2R                7323.00A   37.071    0.0015
H  1                8598.35A   37.857    0.0089      Ca 5                11.4792m   37.097    0.0016      Blnd                833.000A   38.110    0.0160
H  1                8545.34A   37.776    0.0074      Ca 5                5309.11A   37.900    0.0099      O 2R                3726.00A   37.788    0.0076
H  1                8502.44A   37.702    0.0062      Ca 5                6086.37A   37.188    0.0019      O 2R                3729.00A   37.965    0.0115
H  1                8467.21A   37.632    0.0053      Ca 8                2.32117m   37.004    0.0013      Blnd                3727.00A   39.351    0.2787
H  1                8437.91A   37.568    0.0046      Cl 2                8578.70A   36.915    0.0010      O 2R                2471.00A   37.238    0.0021
H  1                8413.28A   37.510    0.0040      Cl 3                5537.87A   37.548    0.0044      Blnd                7325.00A   37.636    0.0054
H  1                8392.35A   37.458    0.0036      Cl 3                5517.71A   37.705    0.0063      O 2R                4651.00A   37.589    0.0048
H  1                8374.43A   37.413    0.0032      Cl 4                20.3197m   38.070    0.0146      Blnd                4341.00A   37.315    0.0026
H  1                8358.96A   37.379    0.0030      Cl 4                11.7629m   37.971    0.0116      O 2R                4341.00A   37.311    0.0025
H  1                8345.51A   37.365    0.0029      Cl 4                7530.54A   37.408    0.0032      Blnd                1666.00A   38.409    0.0318
H  1                8333.74A   37.400    0.0031      Cl 4                8045.62A   37.772    0.0073      Blnd                5007.00A   40.837    8.5357
H  1                8323.38A   38.150    0.0175      Cr 7                202.826A   37.103    0.0016      Blnd                4363.00A   38.427    0.0332
H  1                4.05113m   38.757    0.0710      Fe10                177.240A   37.002    0.0012      Blnd                835.000A   38.850    0.0879
H  1                2.62513m   38.537    0.0428      Fe10                174.531A   37.146    0.0017      O 3R                835.000A   38.786    0.0759
H  1                2.16551m   38.335    0.0268      Fe 4                3095.77A   38.870    0.0920      Blnd                1402.00A   38.311    0.0254
H  1                1.94454m   38.157    0.0178      Fe 4                3094.96A   38.646    0.0550      Blnd                789.000A   38.826    0.0832
H  1                1.81740m   38.002    0.0125      Fe 4                3094.53A   38.486    0.0380      O 4R                789.000A   38.759    0.0712
H  1                1.73620m   37.864    0.0091      Fe 4                2835.74A   38.630    0.0530      Blnd                630.000A   38.180    0.0188
H  1                1.68064m   37.772    0.0073      Fe 4                2829.36A   38.310    0.0254      O 5R                630.000A   37.180    0.0019
H  1                1.64071m   37.669    0.0058      Fe 4                2823.50A   38.111    0.0160      Blnd                1218.00A   38.287    0.0241
H  1                1.61092m   37.575    0.0047      Fe 4                2.83562m   37.196    0.0020      Blnd                1035.00A   38.768    0.0728
H  1                1.58804m   37.489    0.0038      Fe 4                2567.61A   37.553    0.0044

                                                    Emergent line intensities
general properties.............................      He 2                6890.67A   37.218    0.0021      Si 7                2146.64A   37.250    0.0022
continua.......................................      He 2                6682.98A   37.132    0.0017      Si 7                2.48071m   37.928    0.0105
FIR                 83.0000m   41.279   23.6055      He 2                6526.88A   37.053    0.0014      Al 2                2669.15A   37.282    0.0024
TIR                 1800.00m   37.855    0.0089      He 2                6406.17A   36.980    0.0012      Al 2                2660.35A   37.465    0.0036
NIRa                2.85000m   42.280  236.4949      He 2                6310.64A   36.911    0.0010      Al 2                1670.79A   37.643    0.0055
NIRb                3.00000m   41.854   88.6494      He 2                5931.63A   37.436    0.0034      Al 5                2.90450m   38.039    0.0136
MIRa                15.0000m   41.934  106.6612      He 2                3.09074m   37.665    0.0057      C  4                1550.78A   38.950    0.1108
MIRb                22.5000m   42.019  129.8820      He 2                1.87427m   37.530    0.0042      C  4                1548.19A   39.213    0.2029
NMIR                21.7500m   42.280  236.4949      He 2                1.47599m   37.383    0.0030      C  4                312.452A   37.157    0.0018
TFIR                611.250m   39.105    0.1583      He 2                1.28124m   37.247    0.0022      C  4                312.421A   37.209    0.0020
TALL                10000.0A   42.707  632.8841      He 2                1.16728m   37.073    0.0015      C  4                244.912A   37.002    0.0012
F12                 12.0000m   41.505   39.6834      He 2                1.09332m   36.981    0.0012      C  4                244.904A   37.062    0.0014
F25                 25.0000m   41.316   25.7062      He 2                8701.09A   37.201    0.0020      Ca 2                7323.89A   38.059    0.0142
F60                 60.0000m   41.163   18.0601      He 2                4.76203m   37.292    0.0024      Ca 2                7291.47A   38.234    0.0213
F100                100.000m   40.606    5.0144      He 2                2.82513m   37.188    0.0019      Ca 2                3968.47A   37.558    0.0045
MIPS                24.0000m   41.068   14.5393      He 2                2.18843m   37.065    0.0014      Ca 2                3933.66A   37.732    0.0067
MIPS                70.0000m   40.514    4.0584      He 2                1.21105m   37.003    0.0012      Ca 2                8542.09A   37.127    0.0017
MIPS                160.000m   38.979    0.1182      He 2                6.94582m   36.962    0.0011      Ca 5                4.15739m   38.239    0.0216
IRAC                3.60000m   41.075   14.7457      C  6                33.7359A   36.908    0.0010      Ca 5                11.4792m   37.097    0.0016
IRAC                4.50000m   41.113   16.1090      He-like iso-sequence...........................      Ca 5                5309.11A   37.900    0.0099
IRAC                5.80000m   41.145   17.3526      He 1                584.334A   38.638    0.0539      Ca 5                6086.37A   37.188    0.0019
IRAC                8.00000m   41.304   25.0012      He 1                537.030A   37.616    0.0051      Ca 8                2.32117m   37.004    0.0013
SPR1                250.000m   37.622    0.0052      He 1                522.213A   37.494    0.0039      Cl 2                8578.70A   36.915    0.0010
SPR2                350.000m   37.516    0.0041      He 1                515.617A   37.428    0.0033      Cl 3                5537.87A   37.548    0.0044
SPR3                500.000m   37.453    0.0035      He 1                512.099A   37.373    0.0029      Cl 3                5517.71A   37.705    0.0063
PAC1                70.0000m   40.572    4.6333      He 1                625.563A   39.859    0.8972      Cl 4                20.3197m   38.070    0.0146
PAC2                100.000m   40.597    4.9119      He 1                510.018A   37.248    0.0022      Cl 4                11.7629m   37.971    0.0116
PAC3                160.000m   38.996    0.1232      He 1                508.657A   37.244    0.0022      Cl 4                7530.54A   37.408    0.0032
PAH                 3.30000m   40.216    2.0403      He 1                507.727A   37.239    0.0022      Cl 4                8045.62A   37.772    0.0073
PAHC                3.23000m   39.941    1.0834      He 1                507.065A   37.231    0.0021      Fe 4                3095.77A   38.870    0.0920
PAHC                3.37000m   39.908    1.0051      He 1                506.576A   37.220    0.0021      Fe 4                3094.96A   38.646    0.0550
PAH                 6.20000m   40.660    5.6814      He 1                506.204A   37.206    0.0020      Fe 4                3094.53A   38.486    0.0380
PAHC                5.65000m   40.704    6.2836      He 1                505.916A   37.192    0.0019      Fe 4                2835.74A   38.630    0.0530
PAH                 7.90000m   40.855    8.8884      He 1                505.687A   37.175    0.0019      Fe 4                2829.36A   38.310    0.0254
PAHC                6.90000m   40.912   10.1431      He 1                505.502A   37.156    0.0018      Fe 4                2823.50A   38.111    0.0160
PAH                 11.3000m   40.261    2.2628      He 1                505.352A   37.137    0.0017      Fe 4                2.83562m   37.196    0.0020
PAHC                10.9000m   40.282    2.3790      He 1                505.227A   37.117    0.0016      Fe 4                2567.61A   37.553    0.0044
PAH                 11.8000m   40.480    3.7546      He 1                505.122A   37.096    0.0015      Fe 5                70.3538m   38.807    0.0795
PAHC                12.6500m   40.450    3.5010      He 1                505.033A   37.076    0.0015      Fe 5                36.3273m   38.801    0.0786
PAH                 13.3000m   40.483    3.7798      He 1                504.958A   36.995    0.0012      Fe 5                25.9131m   38.700    0.0623
PAHC                14.1000m   40.505    3.9711      He 1                504.893A   37.016    0.0013      Fe 5                20.8407m   38.439    0.0342
Bcon                3640.00A   42.214  203.4249      He 1                504.836A   37.020    0.0013      Fe 5                4180.59A   37.927    0.0105
Pcon                5000.00A   41.732   67.0577      He 1                504.787A   36.954    0.0011      Fe 5                4143.15A   38.174    0.0185
O3bn                5007.00A   40.772    7.3533      He 1                504.744A   36.997    0.0012      Fe 5                4227.19A   38.883    0.0948
SX                  25.0000A   41.008   12.6633      He 1                504.706A   37.066    0.0014      Fe 5                4003.21A   37.224    0.0021
HX                  4.70000A   40.802    7.8704      He 1                504.672A   37.832    0.0084      Fe 5                4071.24A   38.156    0.0178
RRC............................................      He 1                1.08303m   39.140    0.1715      Fe 5                3895.22A   37.746    0.0069
grains.........................................      He 1                3888.63A   38.865    0.0910      Fe 5                3851.34A   37.522    0.0041
H-like iso-sequence............................      He 1                3187.74A   38.476    0.0371      Fe 5                3794.94A   38.111    0.0160
H  1                1215.67A   41.268   23.0209      He 1                2945.10A   38.162    0.0180      Fe 5                3755.70A   37.830    0.0084
H  1                1025.72A   38.344    0.0274      He 1                2829.08A   37.907    0.0100      Fe 5                3911.33A   37.253    0.0022
H  1                972.537A   38.198    0.0196      He 1                2760.44A   37.348    0.0028      Fe 5                3839.27A   38.120    0.0164
H  1                949.743A   38.133    0.0169      He 1                2721.00A   37.199    0.0020      Fe 5                3783.22A   37.709    0.0064
H  1                937.804A   38.097    0.0155      He 1                2694.61A   37.065    0.0014      Fe 5                3891.28A   37.870    0.0092
H  1                930.748A   38.069    0.0145      He 1                2676.05A   36.943    0.0011      Fe 5                3819.95A   37.199    0.0020
H  1                926.226A   38.044    0.0137      He 1                2.05813m   37.934    0.0107      Fe 5                2.04669m   36.999    0.0012
H  1                923.150A   38.026    0.0132      He 1                5015.68A   38.237    0.0214      Fe 5                3445.62A   37.381    0.0030
H  1                920.963A   38.014    0.0128      He 1                3964.73A   37.847    0.0087      Fe 5                3400.41A   37.013    0.0013
H  1                919.351A   37.832    0.0084      He 1                3613.64A   37.539    0.0043      Fe 5                3463.51A   37.383    0.0030
H  1                918.129A   37.831    0.0084      He 1                3447.59A   37.283    0.0024      Fe 5                2828.24A   37.319    0.0026
H  1                917.181A   37.831    0.0084      He 1                7065.22A   38.139    0.0171      Fe 5                2750.88A   37.002    0.0012
H  1                916.429A   37.830    0.0084      He 1                5875.64A   38.889    0.0961      Fe 5                2730.21A   37.092    0.0015
H  1                915.824A   37.829    0.0084      He 1                4713.03A   37.461    0.0036      Fe 5                2717.82A   37.088    0.0015
H  1                915.329A   37.828    0.0084      He 1                4471.49A   38.480    0.0375      Fe 5                2707.36A   37.140    0.0017
H  1                914.919A   37.827    0.0083      He 1                4120.82A   37.038    0.0014      Fe 6                19.5527m   39.229    0.2104
H  1                914.576A   37.827    0.0083      He 1                4026.20A   38.164    0.0181      Fe 6                5335.19A   38.283    0.0238
H  1                914.286A   37.829    0.0084      He 1                3819.61A   37.910    0.0101      Fe 6                5277.81A   37.817    0.0081
H  1                914.039A   37.832    0.0084      He 1                3704.76A   37.974    0.0117      Fe 6                3813.55A   37.297    0.0025
H  1                913.826A   37.840    0.0086      He 1                3634.08A   37.813    0.0081      Fe 6                3492.10A   37.546    0.0044
H  1                913.641A   37.856    0.0089      He 1                3587.16A   37.671    0.0058      Fe 6                14.7670m   39.056    0.1412
H  1                913.480A   37.888    0.0096      He 1                3554.34A   37.545    0.0044      Fe 6                5484.85A   38.029    0.0133
H  1                913.339A   37.966    0.0115      He 1                3530.43A   37.429    0.0033      Fe 6                5424.23A   38.148    0.0175
H  1                913.215A   38.756    0.0709      He 1                3512.47A   37.324    0.0026      Fe 6                5234.29A   37.357    0.0028
H  1                6562.81A   40.352    2.7931      He 1                3498.61A   37.228    0.0021      Fe 6                4972.48A   38.537    0.0427
H  1                4861.33A   39.906    1.0000      He 1                3487.70A   37.138    0.0017      Fe 6                3889.41A   37.499    0.0039
H  1                4340.46A   39.580    0.4721      He 1                3478.94A   37.055    0.0014      Fe 6                3555.61A   37.855    0.0089
H  1                4101.73A   39.325    0.2626      He 1                3471.80A   36.978    0.0012      Fe 6                3573.86A   36.999    0.0012
H  1                3970.07A   39.116    0.1621      He 1                3439.99A   37.400    0.0031      Fe 6                12.3074m   38.771    0.0732
H  1                3889.05A   38.938    0.1076      He 1                7281.35A   37.612    0.0051      Fe 6                5631.08A   38.169    0.0183
H  1                3835.38A   38.783    0.0754      He 1                6678.15A   38.341    0.0272      Fe 6                5426.65A   37.890    0.0096
H  1                3797.89A   38.647    0.0551      He 1                5047.64A   37.046    0.0014      Fe 6                5145.76A   38.553    0.0443
H  1                3770.63A   38.656    0.0563      He 1                4921.93A   37.912    0.0101      Fe 6                4967.15A   38.061    0.0143
H  1                3750.15A   38.553    0.0444      He 1                4387.93A   37.592    0.0049      Fe 6                3662.50A   37.879    0.0094
H  1                3734.36A   38.458    0.0357      He 1                4143.76A   37.336    0.0027      Fe 6                5676.96A   38.220    0.0206
H  1                3721.93A   38.371    0.0292      He 1                4009.05A   37.337    0.0027      Fe 6                5370.30A   37.294    0.0024
H  1                3711.97A   38.290    0.0242      He 1                3926.41A   37.174    0.0019      Fe 6                5176.05A   38.432    0.0336
H  1                3703.85A   38.216    0.0204      He 1                3871.69A   37.031    0.0013      Fe 6                1.28877m   37.390    0.0030
H  1                3697.15A   38.146    0.0174      He 1                1.25274m   36.981    0.0012      Fe 6                1.23303m   37.495    0.0039
H  1                3691.55A   38.082    0.0150      He 1                1.70027m   37.329    0.0027      Fe 6                1.34929m   37.690    0.0061
H  1                3686.83A   38.024    0.0131      He 1                1.19692m   37.168    0.0018      Fe 6                1.26742m   37.235    0.0021
H  1                3682.80A   37.971    0.0116      He 1                1.03113m   36.970    0.0012      Mg 2                2802.71A   38.565    0.0457
H  1                3679.35A   37.926    0.0105      He 1                9515.06A   37.087    0.0015      Mg 2                2795.53A   38.836    0.0852
H  1                3676.36A   37.892    0.0097      He 1                9062.39A   36.941    0.0011      Mg 4                4.48712m   39.042    0.1367
H  1                3673.75A   37.878    0.0094      He 1                1.86854m   37.956    0.0112      Mg 5                5.60700m   38.950    0.1106
H  1                3671.47A   37.914    0.0102      He 1                1.27849m   37.626    0.0053      Mg 5                2782.76A   38.195    0.0194
H  1                3669.46A   38.663    0.0572      He 1                1.09130m   37.360    0.0028      Mg 5                13.5464m   37.873    0.0093
H  1                1.87510m   39.403    0.3144      He 1                1.00275m   37.157    0.0018      Mg 5                2928.09A   37.629    0.0053
H  1                1.28180m   39.108    0.1593      He 1                9526.01A   36.988    0.0012      Mg 6                1806.00A   37.164    0.0018
H  1                1.09380m   38.859    0.0897      He 1                1.86972m   37.479    0.0037      Mg 6                1806.43A   37.264    0.0023
H  1                1.00493m   38.650    0.0555      He 1                1.27905m   37.149    0.0017      Mg 7                9.00655m   37.658    0.0056
H  1                9545.93A   38.472    0.0368      He 1                4.04791m   37.239    0.0022      Mg 7                5.50177m   37.529    0.0042
H  1                9228.97A   38.317    0.0258      He 1                2.62338m   36.948    0.0011      Mg 7                2628.89A   36.918    0.0010
H  1                9014.87A   38.179    0.0188      C  5                40.2678A   37.300    0.0025      Mg 8                3.02765m   36.977    0.0012
H  1                8862.74A   38.141    0.0172      C  5                41.4721A   37.613    0.0051      Mg 9                368.071A   36.939    0.0011
H  1                8750.43A   38.038    0.0136      O  7                21.6020A   37.094    0.0015      N  2                205.244m   38.114    0.0162
H  1                8664.98A   37.944    0.0109      O  7                22.1012A   37.048    0.0014      N  2                121.767m   37.906    0.0100
H  1                8598.35A   37.857    0.0089      extra Lyman....................................      N  2                6548.05A   38.506    0.0398
H  1                8545.34A   37.776    0.0074      database lines.................................      N  2                6583.45A   38.975    0.1173
H  1                8502.44A   37.702    0.0062      Al 3                1854.72A   37.724    0.0066      N  2                1084.56A   37.584    0.0048
H  1                8467.21A   37.632    0.0053      Al 3                1862.79A   37.612    0.0051      N  2                916.020A   37.243    0.0022
H  1                8437.91A   37.568    0.0046      Al 6                3.65932m   38.411    0.0320      N  2                916.710A   37.458    0.0036
H  1                8413.28A   37.510    0.0040      Al 6                9.11329m   37.353    0.0028      N  3                57.3238m   39.932    1.0616
H  1                8392.35A   37.458    0.0036      Ar 2                6.98337m   37.256    0.0022      N  3                1748.65A   37.389    0.0030
H  1                8374.43A   37.413    0.0032      Ar 3                3109.18A   36.949    0.0011      N  3                1753.99A   37.404    0.0031
H  1                8358.96A   37.379    0.0030      Ar 3                7135.79A   38.892    0.0969      N  3                1746.82A   36.972    0.0012
H  1                8345.51A   37.365    0.0029      Ar 3                7751.11A   38.267    0.0230      N  3                1752.16A   37.812    0.0081
H  1                8333.74A   37.400    0.0031      Ar 3                8.98898m   39.005    0.1256      N  3                1749.67A   37.866    0.0091
H  1                8323.38A   38.150    0.0175      Ar 3                21.8253m   37.830    0.0084      N  3                989.799A   37.382    0.0030
H  1                4.05113m   38.757    0.0710      Ar 4                2853.66A   37.382    0.0030      N  3                991.511A   37.815    0.0081
H  1                2.62513m   38.537    0.0428      Ar 4                2868.22A   37.038    0.0014      N  3                686.336A   36.921    0.0010
H  1                2.16551m   38.335    0.0268      Ar 4                4711.26A   38.381    0.0298      N  4                1486.50A   37.916    0.0102
H  1                1.94454m   38.157    0.0178      Ar 4                4740.12A   38.230    0.0211      N  4                1483.32A   38.089    0.0152
H  1                1.81740m   38.002    0.0125      Ar 5                6435.12A   37.658    0.0056      Na 3                7.31706m   38.117    0.0163
H  1                1.73620m   37.864    0.0091      Ar 5                7005.83A   37.989    0.0121      Na 4                9.03098m   37.984    0.0120
H  1                1.68064m   37.772    0.0073      Ar 5                7.89971m   38.580    0.0472      Na 4                3241.51A   37.312    0.0025
H  1                1.64071m   37.669    0.0058      Ar 5                13.0985m   38.815    0.0811      Na 6                14.3228m   37.023    0.0013
H  1                1.61092m   37.575    0.0047      Ar 6                4.52800m   38.199    0.0197      Ne 4                2421.66A   38.622    0.0520
H  1                1.58804m   37.489    0.0038      C  2                1037.02A   37.908    0.0101      Ne 4                2424.28A   38.796    0.0776
H  1                1.57006m   37.408    0.0032      C  2                1334.53A   37.305    0.0025      Ne 4                1601.45A   37.166    0.0018
H  1                1.55563m   37.334    0.0027      C  2                1335.66A   37.682    0.0060      Ne 4                541.126A   36.955    0.0011
H  1                1.54388m   37.265    0.0023      C  2                2323.50A   37.122    0.0016      Ne 4                542.076A   36.996    0.0012
H  1                1.53417m   37.201    0.0020      C  2                2324.69A   37.467    0.0036      Ne 4                543.886A   37.015    0.0013
H  1                1.52604m   37.142    0.0017      C  2                2325.40A   37.766    0.0073      Ne 5                24.2065m   39.780    0.7476
H  1                1.51917m   37.090    0.0015      C  2                2326.93A   37.904    0.0100      Ne 5                14.3228m   39.686    0.6022
H  1                1.51331m   37.045    0.0014      C  2                2328.12A   37.520    0.0041      Ne 5                3345.99A   38.404    0.0315
H  1                1.50827m   37.012    0.0013      C  2                157.636m   39.005    0.1256      Ne 5                3426.03A   38.851    0.0881
H  1                1.50389m   36.998    0.0012      C  3                1908.73A   38.946    0.1098      Ne 5                569.759A   36.930    0.0011
H  1                1.50008m   37.033    0.0013      C  3                1906.68A   39.126    0.1661      Ne 5                359.375A   36.967    0.0012
H  1                1.49672m   37.783    0.0075      C  3                977.020A   38.587    0.0480      Ne 6                7.64318m   38.961    0.1136
H  1                7.45777m   38.240    0.0216      Ca 4                3.20610m   38.616    0.0513      Ne 6                403.270A   36.994    0.0012
H  1                4.65247m   38.072    0.0147      Fe 2                25.9811m   37.441    0.0034      Ne 6                401.928A   37.005    0.0013
H  1                3.73951m   37.903    0.0099      Fe 2                5.33881m   37.972    0.0117      Ne 7                465.220A   37.037    0.0014
H  1                3.29607m   37.751    0.0070      Fe 2                1.25668m   37.849    0.0088      Ni 2                1.19102m   37.219    0.0021
H  1                3.03835m   37.614    0.0051      Fe 2                2599.40A   37.006    0.0013      O  4                25.8832m   40.358    2.8332
H  1                2.87219m   37.483    0.0038      Fe 2                2382.04A   37.292    0.0024      O  4                1399.77A   37.436    0.0034
H  1                2.75749m   37.381    0.0030      Fe 2                1.32055m   37.272    0.0023      O  4                1407.38A   37.430    0.0033
H  1                2.67438m   37.288    0.0024      Fe 2                2625.67A   36.993    0.0012      O  4                1397.20A   36.964    0.0011
H  1                2.61191m   37.201    0.0020      Fe 2                1.37182m   37.048    0.0014      O  4                1404.78A   37.850    0.0088
H  1                2.56361m   37.121    0.0016      Fe 2                17.9314m   36.940    0.0011      O  4                1401.16A   37.847    0.0087
H  1                2.52538m   37.047    0.0014      Fe 2                1.64355m   37.777    0.0074      O  4                609.830A   37.071    0.0015
H  1                2.49455m   36.978    0.0012      Fe 2                1.80939m   37.074    0.0015      O  4                555.264A   37.403    0.0031
H  1                2.46929m   36.914    0.0010      Fe 3                22.9190m   38.705    0.0630      O  4                554.514A   37.319    0.0026
H  1                2.37371m   37.496    0.0039      Fe 3                4881.12A   37.554    0.0044      O  6                1037.62A   38.369    0.0290
H  1                12.3684m   37.806    0.0079      Fe 3                4658.01A   38.215    0.0204      O  6                1031.91A   38.547    0.0437
H  1                7.50038m   37.674    0.0059      Fe 3                4607.11A   36.958    0.0011      P  5                1128.01A   37.286    0.0024
H  1                5.90655m   37.532    0.0042      Fe 3                33.0270m   38.152    0.0176      P  5                1117.98A   37.407    0.0032
H  1                5.12722m   37.399    0.0031      Fe 3                5270.40A   38.140    0.0172      S  4                10.5076m   40.309    2.5286
H  1                4.67119m   37.244    0.0022      Fe 3                4754.64A   37.477    0.0037      S  4                1416.89A   37.028    0.0013
H  1                4.37522m   37.144    0.0017      Fe 3                4701.62A   37.723    0.0066      S  4                1406.02A   37.066    0.0014
H  1                4.16962m   37.051    0.0014      Fe 3                51.6655m   37.553    0.0044      S  4                1062.66A   37.242    0.0022
H  1                4.01974m   36.965    0.0011      Fe 3                5011.16A   37.330    0.0027      S  4                1073.52A   37.395    0.0031
H  1                3.48198m   37.262    0.0023      Fe 3                4769.52A   37.249    0.0022      S  4                661.455A   36.906    0.0010
H  1                19.0565m   37.431    0.0034      Fe 3                4733.84A   37.124    0.0017      S  6                944.524A   37.694    0.0061
H  1                11.3055m   37.325    0.0026      Fe 3                5411.98A   37.097    0.0016      S  6                933.380A   37.767    0.0073
H  1                8.75760m   37.204    0.0020      Fe 7                9.50763m   38.851    0.0881      S  8                9914.00A   37.079    0.0015
H  1                7.50599m   37.040    0.0014      Fe 7                5720.71A   38.199    0.0196      Si 6                1.96247m   38.379    0.0297
H  1                6.77008m   36.941    0.0011      Fe 7                4988.55A   37.996    0.0123      Si 8                319.840A   36.946    0.0011
H  1                4.84633m   37.063    0.0014      Fe 7                4893.37A   37.729    0.0067      level 1 lines..................................
H  1                27.7955m   37.101    0.0016      Fe 7                7.81037m   38.317    0.0258      recombination..................................
H  1                16.2045m   37.016    0.0013      Fe 7                6086.97A   38.373    0.0293      level2 lines...................................
He 2                303.784A   40.494    3.8721      Fe 7                5158.89A   37.862    0.0090      C  3                271.090A   36.948    0.0011
He 2                256.317A   37.275    0.0023      Fe 7                4942.48A   37.361    0.0029      C  3                268.600A   36.925    0.0010
He 2                243.027A   37.166    0.0018      Fe 7                3586.32A   37.879    0.0094      N  3                293.510A   36.939    0.0011
He 2                237.331A   37.109    0.0016      Fe 7                5276.38A   37.196    0.0019      O  3                305.400A   37.141    0.0017
He 2                234.347A   37.071    0.0015      Fe 7                3758.92A   38.033    0.0134      O  3                268.070A   37.019    0.0013
He 2                232.584A   37.041    0.0014      Fe 7                3.38363m   36.984    0.0012      O  3                263.850A   37.008    0.0013
He 2                231.454A   37.020    0.0013      Fe 7                2.62872m   37.041    0.0014      O  3                373.640A   36.960    0.0011
He 2                230.686A   37.001    0.0012      K  3                4.61683m   37.872    0.0092      O  3                265.020A   36.976    0.0012
He 2                230.139A   36.984    0.0012      K  4                5.98030m   37.435    0.0034      O  3                248.730A   36.907    0.0010
He 2                228.309A   36.916    0.0010      Mg 1                2852.13A   37.546    0.0044      O  4                239.130A   37.234    0.0021
He 2                228.269A   36.952    0.0011      Mg 1                4562.60A   37.242    0.0022      O  4                280.550A   37.037    0.0014
He 2                228.234A   37.038    0.0014      N  5                1238.82A   38.443    0.0345      Si 2                1179.59A   38.039    0.0136
He 2                228.203A   37.844    0.0087      N  5                1242.80A   38.293    0.0244      Si 2                993.354A   37.609    0.0050
He 2                1640.43A   40.096    1.5480      Ne 2                12.8101m   38.413    0.0321      Si 2                1024.03A   37.471    0.0037
He 2                1215.13A   39.623    0.5218      Ne 3                15.5509m   39.823    0.8259      Ar 4                444.680A   37.012    0.0013
He 2                1084.94A   39.286    0.2401      Ne 3                3868.76A   39.379    0.2971      Ca 3                351.260A   37.063    0.0014
He 2                1025.27A   39.027    0.1322      Ne 3                36.0036m   38.781    0.0750      Ca 4                303.870A   36.965    0.0011
He 2                992.360A   38.817    0.0814      Ne 3                3967.47A   38.861    0.0902      Ca 5                314.530A   37.018    0.0013
He 2                972.108A   38.639    0.0541      Ne 3                491.045A   36.958    0.0011      Ca 5                325.410A   36.915    0.0010
He 2                958.694A   38.486    0.0380      O  2                2470.34A   37.138    0.0017      Ca 6                330.390A   37.012    0.0013
He 2                949.324A   38.351    0.0279      O  2                7319.99A   36.945    0.0011      P  2                967.202A   37.272    0.0023
He 2                942.508A   38.484    0.0379      O  2                3728.81A   39.098    0.1556      P  2                963.828A   37.389    0.0030
He 2                937.389A   38.390    0.0305      O  2                3726.03A   38.920    0.1034      Cr 3                1033.06A   37.073    0.0015
He 2                933.444A   38.303    0.0249      O  3                88.3323m   40.553    4.4349      Cr 3                1035.74A   37.125    0.0017
He 2                930.337A   38.223    0.0207      O  3                51.8004m   40.287    2.4052      hyperfine structure............................
He 2                927.846A   38.149    0.0175      O  3                4958.91A   40.237    2.1425      inner shell....................................
He 2                925.817A   38.080    0.0149      O  3                5006.84A   40.712    6.3924      molecules......................................
He 2                924.142A   38.016    0.0129      O  3                2320.95A   37.814    0.0081      blends.........................................
He 2                922.743A   37.958    0.0113      O  3                4363.21A   38.414    0.0322      Blnd                1304.00A   36.924    0.0010
He 2                921.562A   37.905    0.0100      O  3                1660.81A   37.814    0.0081      Blnd                2798.00A   39.023    0.1309
He 2                920.556A   37.858    0.0090      O  3                1666.15A   38.281    0.0237      Blnd                6720.00A   39.215    0.2036
He 2                919.693A   37.819    0.0082      O  3                507.680A   37.293    0.0024      Blnd                4074.00A   37.761    0.0072
He 2                918.945A   37.792    0.0077      O  3                508.178A   37.523    0.0041      Blnd                1.03300m   37.652    0.0056
He 2                918.295A   37.786    0.0076      O  5                1218.34A   37.897    0.0098      Blnd                1256.00A   37.638    0.0054
He 2                917.724A   37.832    0.0084      O  5                1213.81A   38.061    0.0143      Blnd                1198.00A   37.727    0.0066
He 2                917.221A   38.602    0.0496      O  5                629.732A   37.284    0.0024      Blnd                1720.00A   37.397    0.0031
He 2                4685.64A   39.210    0.2016      P  2                60.6263m   37.618    0.0052      Blnd                3722.00A   37.984    0.0120
He 2                3203.04A   38.888    0.0959      P  2                32.8620m   37.507    0.0040      Blnd                1406.00A   37.475    0.0037
He 2                2733.24A   38.624    0.0523      P  2                1.14682m   37.469    0.0037      Blnd                2665.00A   37.684    0.0060
He 2                2511.15A   38.408    0.0318      P  2                1.18828m   37.892    0.0097      Blnd                1860.00A   37.973    0.0117
He 2                2385.35A   38.227    0.0209      P  3                17.8797m   37.871    0.0092      Blnd                4725.00A   38.613    0.0509
He 2                2306.15A   38.070    0.0146      P  4                950.657A   37.448    0.0035      Blnd                2860.00A   37.544    0.0043
He 2                2252.64A   37.932    0.0106      P  4                1035.52A   37.053    0.0014      Blnd                7250.00A   36.976    0.0012
He 2                2214.62A   37.969    0.0116      S  2                6730.82A   38.824    0.0829      Blnd                2335.00A   37.984    0.0120
He 2                2186.56A   37.875    0.0093      S  2                6716.44A   38.988    0.1207      Blnd                1888.00A   38.864    0.0908
He 2                2165.20A   37.789    0.0076      S  2                4076.35A   37.150    0.0018      Blnd                1397.00A   38.491    0.0385
He 2                2148.55A   37.709    0.0063      S  2                4068.60A   37.639    0.0054      Blnd                2424.00A   39.018    0.1296
He 2                2135.31A   37.635    0.0054      S  2                1.03364m   37.012    0.0013      Blnd                5525.00A   37.934    0.0107
He 2                2124.58A   37.566    0.0046      S  2                1.02867m   37.013    0.0013      Blnd                8579.00A   37.313    0.0026
He 2                2115.78A   37.503    0.0040      S  2                1.03205m   37.147    0.0017      Blnd                7306.00A   38.456    0.0355
He 2                2108.46A   37.444    0.0035      S  2                1259.52A   37.259    0.0023      Blnd                3933.00A   37.954    0.0112
He 2                2102.30A   37.392    0.0031      S  2                1253.81A   37.186    0.0019      Blnd                1335.00A   38.976    0.1174
He 2                2097.07A   37.345    0.0027      S  2                1250.58A   36.996    0.0012      C 2R                1335.00A   38.942    0.1087
He 2                2092.59A   37.306    0.0025      S  2                912.736A   37.177    0.0019      Blnd                977.000A   38.772    0.0735
He 2                2088.73A   37.279    0.0024      S  3                33.4704m   40.021    1.3024      C 3R                977.000A   38.312    0.0255
He 2                2085.37A   37.273    0.0023      S  3                18.7078m   39.757    0.7094      Blnd                1909.00A   39.374    0.2937
He 2                2082.42A   37.319    0.0026      S  3                9068.62A   39.557    0.4476      C 3R                1909.00A   38.158    0.0178
He 2                2079.84A   38.089    0.0152      S  3                9530.62A   39.957    1.1244      Blnd                1176.00A   37.999    0.0124
He 2                1.01233m   38.595    0.0489      S  3                3721.63A   37.978    0.0118      C 3R                1175.00A   37.977    0.0118
He 2                6559.91A   38.357    0.0283      S  3                6312.06A   38.251    0.0222      Blnd                1549.00A   39.423    0.3288
He 2                5411.37A   38.143    0.0172      S  3                1728.94A   37.266    0.0023      C 4R                1549.00A   37.784    0.0076
He 2                4859.18A   37.958    0.0113      S  3                1190.20A   36.953    0.0011      N 2R                6584.00A   36.946    0.0011
He 2                4541.46A   37.798    0.0078      S  3                1194.45A   37.609    0.0050      Blnd                1085.00A   38.130    0.0167
He 2                4338.55A   37.658    0.0056      S  3                1015.57A   37.156    0.0018      N 2R                1085.00A   37.936    0.0107
He 2                4199.71A   37.600    0.0049      S  3                1021.11A   37.359    0.0028      Blnd                1750.00A   38.296    0.0245
He 2                4099.92A   37.506    0.0040      Si 2                34.8046m   39.583    0.4756      Blnd                990.000A   38.545    0.0436
He 2                4025.48A   37.420    0.0033      Si 2                2334.41A   37.050    0.0014      N 3R                990.000A   38.416    0.0324
He 2                3968.32A   37.340    0.0027      Si 2                1808.01A   37.048    0.0014      Blnd                1486.00A   38.312    0.0255
He 2                3923.37A   37.267    0.0023      Si 2                1260.42A   37.202    0.0020      Blnd                1240.00A   38.676    0.0589
He 2                3887.33A   37.198    0.0020      Si 2                1193.29A   37.074    0.0015      Blnd                3726.00A   38.920    0.1034
He 2                3857.96A   37.135    0.0017      Si 2                2350.17A   37.175    0.0019      Blnd                3729.00A   39.098    0.1556
He 2                3833.69A   37.077    0.0015      Si 2                2344.20A   37.580    0.0047      O 2R                3729.00A   37.965    0.0115
He 2                3813.38A   37.024    0.0013      Si 2                2334.60A   37.469    0.0037      O 2R                4651.00A   37.589    0.0048
He 2                3796.22A   36.977    0.0012      Si 2                1816.93A   37.285    0.0024      O 2R                4341.00A   37.311    0.0025
He 2                3781.57A   36.939    0.0011      Si 2                1533.43A   37.686    0.0060      Blnd                5007.00A   40.837    8.5357
He 2                3768.96A   36.912    0.0010      Si 2                1309.28A   37.549    0.0044      Blnd                835.000A   37.335    0.0027
He 2                3748.49A   36.952    0.0011      Si 2                1265.00A   37.862    0.0090      O 3R                835.000A   37.262    0.0023
He 2                3740.11A   37.722    0.0065      Si 2                1197.39A   37.954    0.0112      Blnd                789.000A   37.433    0.0034
He 2                1.86362m   38.093    0.0154      Si 2                1194.50A   37.912    0.0102      O 4R                789.000A   37.365    0.0029
He 2                1.16260m   37.916    0.0102      Si 3                1892.03A   38.468    0.0365      Blnd                630.000A   37.329    0.0027
He 2                9344.62A   37.739    0.0068      Si 3                1882.71A   38.641    0.0543      Blnd                1218.00A   38.287    0.0241
He 2                8236.51A   37.580    0.0047      Si 3                1206.50A   38.591    0.0485      Blnd                1035.00A   38.768    0.0728
He 2                7592.50A   37.439    0.0034      Si 4                1393.75A   38.272    0.0232
He 2                7177.28A   37.311    0.0025      Si 4                1402.77A   38.089    0.0152



 CIV QSO  
 Cooling:  HFBc                      0 :0.056 O  3c                     0 :0.405 S  3c                     0 :0.095 O  4c                     0 :0.075 S  4c                     0 :0.066  
 Heating:  BFH1                      0 :0.470 BFHe                      0 :0.441 TotM                      0 :0.080  

 These are some of the most important databases used by Cloudy:
 Many recombination coefficients were taken from http://amdpp.phys.strath.ac.uk/tamoc/RR/ and http://amdpp.phys.strath.ac.uk/tamoc/DR/
      and are based on the following papers:
        Badnell N. R., et al., A&A 406, 1151 (2003) [http://adsabs.harvard.edu/abs/2003A%26A...406.1151B]
        Badnell N. R., ApJS 167, 334 (2006) [http://adsabs.harvard.edu/abs/2006ApJS..167..334B]
 Much of the molecular emission data is from LAMDA as accessed on June 30, 2015. This database is described in:
        Schoeier F.L., et al., A&A 432, 369 (2005) [http://adsabs.harvard.edu/abs/2005A%26A...432..369S]
      This database is in part based on the work of the following groups:
        JPL: Pickett H. M. et al., JQSRT, 60, 883 (1998). [http://adsabs.harvard.edu/abs/1998JQSRT..60..883P]
        CDMS: Mueller H. S. et al., A&A 370, L49 (2001). [http://adsabs.harvard.edu/abs/2001A%26A...370L..49M]
              Mueller H. S. et al., J. Mol. Struct. 742, 215 (2005). [http://adsabs.harvard.edu/abs/2005JMoSt.742..215M]
 Some of the ionic emission data is from version 7.1.4 of CHIANTI. CHIANTI is a collaborative project involving the NRL (USA), the
      Universities of Florence (Italy) and Cambridge (UK), and George Mason University (USA). These papers describe Chianti:
        Dere K. P., et al., A&AS, 125, 149 (1997) [http://adsabs.harvard.edu/abs/1997A%26AS..125..149D]
        Landi E., et al., ApJ, 744, 99 (2012) [http://adsabs.harvard.edu/abs/2012ApJ...744...99L]
 Much of the H_2 data is from this web site: http://molat.obspm.fr/index.php?page=pages/Molecules/H2/H2can94.php. These data are
      described in:
        Abgrall H. et al., Can. J. Phys., 72, 856 (1994) [http://adsabs.harvard.edu/abs/1994CaJPh..72..856A]
        Wrathmall S. A. & Flower D. R., J. Phys. B, 40, 3221 (2007) [http://adsabs.harvard.edu/abs/2007JPhB...40.3221W]
 The Case A and Case B recombination predictions for one-electron systems are from
	Storey, P.J. & Hummer, D.G., 1995, MNRAS 272, 41 http://adsabs.harvard.edu/abs/1995MNRAS.272...41S
 The He I recombination predictions are from
	Porter, R. L.; Ferland, G. J.; Storey, P. J.; Detisch, M. J., 2012, MNRAS, 425, 28p http://adsabs.harvard.edu/abs/2012MNRAS.425L..28P
		http://adsabs.harvard.edu/abs/2013MNRAS.433L..89P

 If you find some process or data set to be particularly critical to a result, please follow the trail of references back to the
 original source and cite that.  This will support and encourage atomic, molecular, and chemical physicists to continue their
 valuable work.

 IONIZE PARMET:  U(1-)  0.4745  U(4-): -0.5483  U(sp): -2.64  Q(ion):   52.058  L(ion) 41.917    Q(low): 55.199    L(low) 42.624
 ENERGY BUDGET:  Heat:  41.487  Coolg:  41.487  Error:  0.0%  Rec Lin:  41.179  F-F  H  0.000    P(rad/tot)max     2.75E-02    R(F Con):1.737e+05

     Col(Heff):      2.135E+20  snd travl time  2.79E+17 sec  Te-low: 7.69E+03  Te-hi: 8.05E+04  G0TH85: 4.35E+00  G0DB96:4.11E+00
  Emiss Measure    n(e)n(p) dl       5.073E+17  n(e)n(He+)dl         1.311E+16  En(e)n(He++) dl         3.762E+16  ne nC+:2.10E+12
 He/Ha:8.67E-02  =   0.87*true  Lthin:1.81E+08  itr/zn: 5.85  H2 itr/zn:  0.00  File Opacity: F  MassTot 1.78e+44  (gm)
   Temps(21 cm)   T(21cm/Ly a)  1.05E+03        T(<nH/Tkin>)  8.47E+03          T(<nH/Tspin>)    1.15E+03          TB21cm:1.20E-02
                   N(H0/Tspin)  3.90E+14        N(OH/Tkin)    1.27E-01          B(21cm)          0.00E+00
   <a>:5.23E-13  erdeFe6.2E+26  Tcompt5.33E+15  Tthr2.32E+15  <Tden>: 1.32E+04  <dens>:2.41E-27  <MolWgt>6.32E-01
     Mean Jeans  l(cm)3.26E+23  M(sun)6.85E+09  smallest:     len(cm):1.37E+23  M(sun):2.12E+09  a_ox tran: -1.53
 Rion:3.162E+23  Dist:0.00E+00  Diam:0.000E+00
 Hatom level 70  HatomType: add  HInducImp  F  He tot level: 63  He2 level:   70  ExecTime   300.1
 ConvrgError(%)  <eden>  0.021  MaxEden  0.371  <H-C>   0.03  Max(H-C)    0.32  <Press>   0.000  MaxPrs er  0.000
  Continuity(%)  chng Te   5.6  elec den   6.0  n(H2)    0.0  n(CO)        0.0

                                                        Averaged Quantities
             Te      Te(Ne)   Te(NeNp)  Te(NeHe+)Te(NeHe2+) Te(NeO+)  Te(NeO2+)  Te(H2)     N(H)     Ne(O2+)   Ne(Np)
 Radius:  1.07e+04  1.34e+04  1.61e+04  9.52e+03  1.83e+04  8.56e+03  9.74e+03  7.92e+03  1.02e-03  1.01e-03  1.59e-03
   Area:  8.61e+03  9.55e+03  1.08e+04  8.87e+03  1.31e+04  8.26e+03  9.10e+03  7.90e+03  6.98e-04  8.37e-04  1.05e-03
 Volume:  8.15e+03  8.54e+03  9.19e+03  8.46e+03  1.14e+04  8.08e+03  8.63e+03  7.89e+03  5.66e-04  7.10e-04  7.83e-04
 
 Peimbert T(OIIIr)8.60E+03 T(Bac)8.28E+03 T(Hth)0.00E+00 t2(Hstrc) 4.57e-02 T(O3-BAC)0.00E+00 t2(O3-BC) 0.00e+00 t2(O3str) 1.83e-02

 Contin Optical Depths: COMP: 2.45e-04    H-: 6.39e-07 R(1300): 3.01e-06  H2+: 1.40e-08  Bra:2.45E-04
                          Pa: 2.45e-04    Ba: 2.46e-04      Hb: 2.46e-04   La: 7.66e-03     1r:2.843E+00  1.8:1.00E+00 4.:2.246E+01

 Old, new H  1 continuum optical depths:
     1 2.84e+00     2 3.30e-07     3 6.48e-07     4 6.48e-07     5 6.48e-07     6 1.66e-07     7 1.66e-07     8 1.66e-07
     9 1.66e-07    10 1.06e-18    11 1.06e-18    12 1.06e-18    13 1.06e-18    14 1.06e-18    15 2.47e-18    16 2.47e-18
    17 2.47e-18    18 2.47e-18    19 2.47e-18    20 2.47e-18    21 5.14e-18    22 5.14e-18    23 5.14e-18    24 5.14e-18
    25 5.14e-18    26 5.14e-18    27 5.14e-18    28 9.85e-18    29 9.85e-18    30 9.85e-18    31 9.85e-18    32 9.85e-18
    33 9.85e-18    34 9.85e-18    35 9.85e-18    36 1.77e-17    37 1.77e-17    38 1.77e-17    39 1.77e-17    40 1.77e-17
    41 1.77e-17    42 1.77e-17    43 1.77e-17    44 1.77e-17    45 3.00e-17    46 3.00e-17    47 3.00e-17    48 3.00e-17
    49 3.00e-17    50 3.00e-17    51 3.00e-17    52 3.00e-17    53 3.00e-17    54 3.00e-17
     1 2.84e+00     2 3.30e-07     3 6.48e-07     4 6.48e-07     5 6.48e-07     6 1.66e-07     7 1.66e-07     8 1.66e-07
     9 1.66e-07    10 1.06e-18    11 1.06e-18    12 1.06e-18    13 1.06e-18    14 1.06e-18    15 2.47e-18    16 2.47e-18
    17 2.47e-18    18 2.47e-18    19 2.47e-18    20 2.47e-18    21 5.14e-18    22 5.14e-18    23 5.14e-18    24 5.14e-18
    25 5.14e-18    26 5.14e-18    27 5.14e-18    28 9.85e-18    29 9.85e-18    30 9.85e-18    31 9.85e-18    32 9.85e-18
    33 9.85e-18    34 9.85e-18    35 9.85e-18    36 1.77e-17    37 1.77e-17    38 1.77e-17    39 1.77e-17    40 1.77e-17
    41 1.77e-17    42 1.77e-17    43 1.77e-17    44 1.77e-17    45 3.00e-17    46 3.00e-17    47 3.00e-17    48 3.00e-17
    49 3.00e-17    50 3.00e-17    51 3.00e-17    52 3.00e-17    53 3.00e-17    54 3.00e-17

 Old, new H  1 mean line optical depths:
  2- 1 5.08e+04  3- 2 2.58e-09  4- 3 0.00e+00  5- 4 2.54e-16  6- 5 9.96e-16  7- 6 3.58e-15  8- 7 7.32e-15
  9- 8 1.58e-14 10- 9 3.11e-14 11-10 1.58e-13 12-11 6.38e-15 13-12 1.33e-14 14-13 9.96e-15 15-14 1.14e-14 16-15 1.13e-14
 17-16 9.33e-15 18-17 1.96e-14 19-18 2.18e-15 20-19 6.47e-16 21-20 1.53e-17 22-21 0.00e+00 23-22 0.00e+00 24-23 0.00e+00
 25-24 0.00e+00
  2- 1 5.08e+04  3- 2 2.58e-09  4- 3 0.00e+00  5- 4 2.54e-16  6- 5 9.96e-16  7- 6 3.58e-15  8- 7 7.32e-15
  9- 8 1.58e-14 10- 9 3.11e-14 11-10 1.58e-13 12-11 6.38e-15 13-12 1.33e-14 14-13 9.96e-15 15-14 1.14e-14 16-15 1.13e-14
 17-16 9.33e-15 18-17 1.96e-14 19-18 2.18e-15 20-19 6.47e-16 21-20 1.53e-17 22-21 0.00e+00 23-22 0.00e+00 24-23 0.00e+00
 25-24 0.00e+00

 Old, new He 2 continuum optical depths:
     1 2.25e+01     2 2.83e+00     3 6.72e-07     4 6.72e-07     5 6.72e-07     6 3.30e-07     7 3.30e-07     8 3.30e-07
     9 3.30e-07    10 5.25e-07    11 5.25e-07    12 5.25e-07    13 5.25e-07    14 5.25e-07    15 6.48e-07    16 6.48e-07
    17 6.48e-07    18 6.48e-07    19 6.48e-07    20 6.48e-07    21 5.42e-07    22 5.42e-07    23 5.42e-07    24 5.42e-07
    25 5.42e-07    26 5.42e-07    27 5.42e-07    28 1.66e-07    29 1.66e-07    30 1.66e-07    31 1.66e-07    32 1.66e-07
    33 1.66e-07    34 1.66e-07    35 1.66e-07    36 6.10e-19    37 6.10e-19    38 6.10e-19    39 6.10e-19    40 6.10e-19
    41 6.10e-19    42 6.10e-19    43 6.10e-19    44 6.10e-19    45 1.06e-18    46 1.06e-18    47 1.06e-18    48 1.06e-18
    49 1.06e-18    50 1.06e-18    51 1.06e-18    52 1.06e-18    53 1.06e-18    54 1.06e-18
     1 2.25e+01     2 2.83e+00     3 6.72e-07     4 6.72e-07     5 6.72e-07     6 3.30e-07     7 3.30e-07     8 3.30e-07
     9 3.30e-07    10 5.26e-07    11 5.26e-07    12 5.26e-07    13 5.26e-07    14 5.26e-07    15 6.48e-07    16 6.48e-07
    17 6.48e-07    18 6.48e-07    19 6.48e-07    20 6.48e-07    21 5.42e-07    22 5.42e-07    23 5.42e-07    24 5.42e-07
    25 5.42e-07    26 5.42e-07    27 5.42e-07    28 1.66e-07    29 1.66e-07    30 1.66e-07    31 1.66e-07    32 1.66e-07
    33 1.66e-07    34 1.66e-07    35 1.66e-07    36 6.10e-19    37 6.10e-19    38 6.10e-19    39 6.10e-19    40 6.10e-19
    41 6.10e-19    42 6.10e-19    43 6.10e-19    44 6.10e-19    45 1.06e-18    46 1.06e-18    47 1.06e-18    48 1.06e-18
    49 1.06e-18    50 1.06e-18    51 1.06e-18    52 1.06e-18    53 1.06e-18    54 1.06e-18

 Old, new He 2 mean line optical depths:
  2- 1 7.78e+05  3- 2 6.17e-12  4- 3 0.00e+00  5- 4 0.00e+00  6- 5 0.00e+00  7- 6 0.00e+00  8- 7 0.00e+00
  9- 8 0.00e+00 10- 9 0.00e+00 11-10 0.00e+00 12-11 0.00e+00 13-12 0.00e+00 14-13 0.00e+00 15-14 0.00e+00 16-15 0.00e+00
 17-16 0.00e+00 18-17 0.00e+00 19-18 0.00e+00 20-19 0.00e+00 21-20 0.00e+00 22-21 0.00e+00 23-22 0.00e+00 24-23 0.00e+00
 25-24 0.00e+00
  2- 1 7.78e+05  3- 2 6.17e-12  4- 3 0.00e+00  5- 4 0.00e+00  6- 5 0.00e+00  7- 6 0.00e+00  8- 7 0.00e+00
  9- 8 0.00e+00 10- 9 0.00e+00 11-10 0.00e+00 12-11 0.00e+00 13-12 0.00e+00 14-13 0.00e+00 15-14 0.00e+00 16-15 0.00e+00
 17-16 0.00e+00 18-17 0.00e+00 19-18 0.00e+00 20-19 0.00e+00 21-20 0.00e+00 22-21 0.00e+00 23-22 0.00e+00 24-23 0.00e+00
 25-24 0.00e+00

 Old He Is optical depths:    1 1.00e+00    2 2.17e-07    3 2.74e-07    4 3.06e-07    5 3.06e-07
 New He Is optical depths:    1 1.00e+00    2 2.17e-07    3 2.74e-07    4 3.06e-07    5 3.06e-07
          Old He Is Lines:  584 4.30e+03 3889 2.52e-06 5016 3.13e-12 5876 0.00e+00
          New He Is Lines:  584 4.30e+03 3889 2.52e-06 5016 3.13e-12 5876 0.00e+00

==== H      compounds ====           Log10 column densities [cm^-2]
   H2        :  8.327   H2*       :  2.783   H2+       :  9.301   H3+       :  0.660
==== He     compounds ====
   HeH+      : 10.392
==== Li     compounds ====
   LiH       : -2.086   LiH+      :  1.242
==== C      compounds ====
   CH        :  1.999   CH+       :  3.531   CH2       : -7.911   CH2+      : -5.342   CH3       :-18.177   CH3+      :-18.501
   CH4       :-28.568   CH4+      :-30.267   CH5+      :-35.930   C2        : -3.780   C2+       : -2.324   C2H       :-13.711
   C2H+      :-14.250   C2H2      :-24.982   C2H2+     :-24.595   C2H3+     :-35.061   C3        :-30.424   C3+       :-20.089
   C3H       :-33.819   C3H+      :-30.971
==== N      compounds ====
   NH        :  1.950   NH+       :  2.319   NH2       : -9.313   NH2+      :-10.149   NH3       :-19.464   NH3+      :-21.164
   NH4+      :-35.930   CN        : -3.614   CN+       : -4.428   HCN       :-14.942   HCN+      :-14.886   HNC       :-16.997
   HCNH+     :-28.079   N2        : -4.914   N2+       : -2.082   N2H+      :-24.974
==== O      compounds ====
   OH        :  3.002   OH+       :  3.365   H2O       : -8.548   H2O+      : -9.179   H3O+      :-20.533   CO        : -1.224
   CO+       : -1.449   HCO+      : -7.147   NO        : -6.063   NO+       : -4.965   HNO       :-16.797   HNO+      :-18.292
   OCN       :-21.137   OCN+      :-20.530   N2O       :-25.300   O2        : -2.039   O2+       : -2.779   NO2       :-25.344
   NO2+      :-22.705
==== Ne     compounds ====
   NeH+      :  1.121
==== Si     compounds ====
   SiH       : -6.436   SiH2+     : -7.245   SiN       :-15.104   SiN+      : -4.688   SiO       : -3.639   SiO+      : -1.532
   SiOH+     :-15.033
==== S      compounds ====
   HS        : -1.607   HS+       :  1.724   CS        : -6.953   CS+       : -4.935   HCS+      :-15.102   NS        : -9.056
   NS+       : -5.700   SO        : -8.325   SO+       : -4.659   OCS       :-21.343   OCS+      :-22.743   S2        :-19.730
   S2+       :-20.886
==== Cl     compounds ====
   HCl       :-15.529   HCl+      : -1.382   H2Cl+     :-14.396   CCl       :-35.930   CCl+      :-21.847   H2CCl+    :-35.930
   ClO       :-35.930   ClO+      :-35.930
==== Ar     compounds ====
   ArH+      :  2.541


               1      2      3      4      5      6      7      8      9     10     11     12     13     14     15     16     17

 Hydrogen   17.651 20.503  8.327 (H2)                Log10 Column density (cm^-2)
 Helium     16.769 19.147 19.250
 Lithium     8.238 11.474 11.275 11.214
 Beryllium   6.423  8.217  9.735  9.310  8.870
 Boron       6.273  9.670 10.520 11.124 10.294  9.791
 Carbon     12.301 15.415 16.589 16.134 16.276 15.530 14.899
 Nitrogen   12.149 14.810 16.114 15.834 15.428 15.530 14.728 13.854
 Oxygen     13.144 15.564 16.874 16.590 16.242 15.977 16.024 15.094 13.928
 Fluorine    8.235 11.247 12.646 12.318 12.258 11.801 11.265 11.466 10.417  8.967
 Neon       11.914 14.864 16.155 15.842 15.753 15.411 14.899 14.588 14.668 13.416 11.699
 Sodium     10.345 13.338 14.365 14.259 14.200 13.669 13.435 12.925 12.474 12.491 11.063  9.122
 Magnesium  12.793 14.417 15.585 15.411 15.350 15.089 14.709 14.363 14.055 13.513 13.261 11.575  9.397
 Aluminium  10.028 13.671 13.916 14.498 14.399 14.188 13.689 13.390 13.145 12.526 11.718 11.334  9.463  7.027
 Silicon    11.462 14.867 15.361 15.331 15.431 15.194 14.989 14.702 14.029 13.462 12.599 11.867 11.288  9.245  6.283
 Phosphorus  9.660 12.904 13.442 13.212 13.129 13.305 12.954 12.665 12.268 11.911 11.084 10.084  9.070  8.371  6.075  3.000
 Sulphur    10.559 14.134 15.300 15.230 14.506 14.626 14.831 14.623 14.140 13.594 13.130 12.514 11.369 10.182  9.370  6.503-30.000
 Chlorine    8.598 12.055 13.282 13.346 12.816 12.337 12.252 12.619 12.356 12.066 11.456 10.505  9.466  8.070  6.904  5.836  2.902
-30.000
 Argon       9.449 12.516 14.381 14.422 14.195 13.725 12.920 13.095 13.536 13.273 12.823 12.211 11.360 10.028  8.441  7.092  5.590
-30.000-30.000
 Potassium   8.676 12.216 13.204 12.916 12.835 12.763 12.014 11.518 11.460 12.025 11.828 11.229 10.255  8.953  7.290  5.832  3.875
-30.000-30.000-30.000
 Calcium     9.806 12.787 14.343 14.355 14.018 13.943 13.685 13.065 12.398 12.511 13.081 12.819 12.073 11.078  9.865  8.438  6.587
  4.678-30.000-30.000-30.000
 Scandium    5.056  8.157  9.970 11.432 10.906 10.714 10.435 10.319  9.608  8.998  8.844  9.558  9.226  8.547  7.230  5.657  4.079
  1.846-30.000-30.000-30.000-30.000
 Titanium    6.962 10.778 12.239 13.247 12.806 12.535 12.231 12.151 11.817 11.187 10.539 10.585 11.183 10.598  9.695  8.313  6.377
  4.292-30.000-30.000-30.000-30.000-30.000
 Vanadium    6.780  9.612 11.394 11.948 11.953 11.849 11.301 11.102 10.779 10.634  9.754  9.360  9.258  9.747  8.883  7.643  6.102
  3.836  1.792-30.000-30.000-30.000-30.000-30.000
 Chromium    7.984 11.371 13.172 13.643 13.509 13.419 13.263 12.861 12.459 12.339 11.782 10.999 10.911 10.451 10.852 10.053  8.579
  6.744  4.517-30.000-30.000-30.000-30.000-30.000-30.000
 Manganese   7.524 11.266 12.968 13.419 13.334 13.253 13.041 12.410 12.128 12.057 11.587 11.295 10.209  9.531  8.938  9.191  8.215
  6.681  4.482-30.000-30.000-30.000-30.000-30.000-30.000-30.000
 Iron        9.191 13.060 14.622 15.521 15.181 15.196 15.098 14.828 14.187 13.774 13.158 12.391 11.647 10.887 10.209  9.914 10.008
  8.847  7.318  5.058-30.000-30.000-30.000-30.000-30.000-30.000-30.000
 Cobalt      7.896 10.477 12.030 12.843 12.823 12.719 12.483 12.308 11.907 11.676 11.114 10.807 10.364  9.551  8.411  7.599  7.074
  6.962  5.564  3.581-30.000-30.000-30.000-30.000-30.000-30.000-30.000-30.000
 Nickel      8.650 12.224 13.690 14.189 13.980 14.065 13.817 13.668 13.300 13.128 12.456 12.151 11.712 10.936 10.151  8.971  8.020
  7.381  7.167  5.164-30.000-30.000-30.000-30.000-30.000-30.000-30.000-30.000-30.000
 Copper      6.715  9.599 11.686 12.175 11.847 11.966 11.814 11.692 11.298 11.174 10.677  9.846  9.492  8.710  7.947  7.282  5.763
  4.759  3.031-30.000-30.000-30.000-30.000-30.000-30.000-30.000-30.000-30.000-30.000-30.000
 Zinc        7.359  9.848 11.590 12.559 12.373 12.372 12.182 12.125 11.700 11.583 11.103 10.812 10.264  9.474  8.674  8.019  7.125
  5.536  4.456  3.174-30.000-30.000-30.000-30.000-30.000-30.000-30.000-30.000-30.000-30.000-30.000
 Exc state                  He[2]  7.367                 C+[2] 10.913                  C[1] 12.301                  C[2]  9.515
                             C[3]  8.856                  O[1] 13.144                  O[2]  5.673                  O[3]  5.748
                           Si+[1] 14.867                C+2[2] 12.096                C+2[3]  0.930                C+2[4]  5.412


 Hydrogen   -2.461 -0.002-11.310 (H2)                 Log10 Mean Ionisation (over volume)
 Helium     -2.322 -0.065 -0.872
 Lithium    -3.181 -0.059 -0.978 -1.687
 Beryllium  -3.072 -1.330 -0.058 -1.126 -2.731
 Boron      -4.554 -1.226 -0.461 -0.232 -2.048 -3.792
 Carbon     -4.122 -1.100 -0.093 -1.059 -1.582 -3.251 -4.666
 Nitrogen   -3.762 -1.183 -0.102 -0.895 -1.912 -2.440 -4.040 -5.453
 Oxygen     -3.513 -1.191 -0.075 -1.106 -1.906 -2.613 -3.169 -4.730 -6.244
 Fluorine   -4.266 -1.330 -0.072 -1.106 -1.607 -2.610 -3.767 -4.011 -5.430 -7.065
 Neon       -4.115 -1.242 -0.083 -1.054 -1.615 -2.535 -3.653 -4.333 -4.599 -6.073 -7.903
 Sodium     -4.002 -1.063 -0.151 -0.800 -1.347 -2.566 -3.412 -4.397 -5.167 -5.328 -6.865 -8.862
 Magnesium  -2.802 -1.175 -0.136 -0.836 -1.348 -2.099 -3.119 -4.018 -4.653 -5.407 -5.808 -7.585 -9.818
 Aluminium  -4.477 -0.840 -0.680 -0.311 -0.865 -1.713 -2.841 -3.776 -4.427 -5.310 -6.276 -6.735 -8.666-11.164
 Silicon    -4.094 -0.715 -0.374 -0.613 -0.934 -1.698 -2.484 -3.397 -4.697 -5.548 -6.532 -7.301 -7.918 -9.994-13.007
 Phosphorus -3.901 -0.702 -0.291 -0.768 -1.130 -1.395 -2.361 -3.257 -4.167 -4.908 -5.949 -7.032 -8.081 -8.808-11.153-14.255
 Sulphur    -4.725 -1.228 -0.193 -0.598 -1.689 -1.782 -2.074 -2.860 -3.970 -4.939 -5.629 -6.338 -7.535 -8.749 -9.581-12.512
 Chlorine   -4.693 -1.314 -0.209 -0.523 -1.597 -2.326 -2.702 -2.787 -3.502 -4.253 -5.211 -6.332 -7.438 -8.874-10.064-11.168-14.129
 Argon      -4.944 -1.948 -0.193 -0.532 -1.327 -2.235 -3.388 -3.465 -3.414 -4.053 -4.845 -5.666 -6.634 -8.021 -9.640-11.022-12.560
 Potassium  -4.479 -1.007 -0.151 -0.858 -1.354 -1.928 -3.192 -3.884 -4.258 -3.980 -4.480 -5.315 -6.420 -7.801 -9.508-11.003-12.995
 Calcium    -4.583 -1.638 -0.220 -0.498 -1.378 -1.924 -2.656 -3.729 -4.662 -4.723 -4.426 -4.908 -5.819 -6.895 -8.151 -9.604-11.507
           -13.432
 Scandium   -6.091 -3.023 -1.316 -0.061 -1.181 -1.887 -2.666 -3.264 -4.427 -5.212 -5.584 -5.029 -5.480 -6.231 -7.589 -9.190-10.797
           -13.074
 Titanium   -6.059 -2.257 -0.903 -0.115 -1.058 -1.931 -2.719 -3.272 -4.008 -4.963 -5.774 -5.848 -5.372 -6.035 -6.978 -8.386-10.349
           -12.479
 Vanadium   -5.170 -2.378 -0.676 -0.305 -0.613 -1.386 -2.449 -3.169 -3.974 -4.447 -5.622 -6.075 -6.260 -5.857 -6.776 -8.041 -9.599
           -11.907-13.958
 Chromium   -5.644 -2.283 -0.560 -0.299 -0.793 -1.346 -2.001 -2.970 -3.864 -4.382 -5.199 -6.136 -6.289 -6.817 -6.463 -7.297 -8.792
           -10.647-12.903
 Manganese  -5.921 -2.184 -0.550 -0.308 -0.776 -1.356 -2.112 -3.324 -4.084 -4.537 -5.227 -5.637 -6.831 -7.529 -8.169 -7.936 -8.939
           -10.497-12.727
 Iron       -6.228 -2.356 -0.888 -0.152 -1.000 -1.317 -1.918 -2.802 -4.134 -4.938 -5.784 -6.649 -7.445 -8.233 -8.926 -9.231 -9.152
           -10.328-11.878-14.142
 Cobalt     -4.944 -2.387 -0.932 -0.265 -0.593 -1.208 -1.827 -2.541 -3.500 -4.177 -5.054 -5.538 -6.094 -6.964 -8.148 -8.970 -9.519
            -9.649-11.082-13.089
 Nickel     -5.547 -1.976 -0.601 -0.280 -0.884 -1.194 -1.805 -2.437 -3.336 -3.992 -5.035 -5.518 -6.080 -6.914 -7.731 -8.942 -9.906
           -10.568-10.797-12.836
 Copper     -5.451 -2.602 -0.567 -0.261 -1.031 -1.226 -1.729 -2.231 -3.158 -3.802 -4.701 -5.794 -6.243 -7.101 -7.897 -8.589-10.141
           -11.172-12.950
 Zinc       -5.215 -2.761 -1.077 -0.205 -0.720 -1.147 -1.691 -2.138 -3.075 -3.693 -4.572 -5.129 -5.816 -6.691 -7.536 -8.224 -9.140
           -10.769-11.886-13.176

               1      2      3      4      5      6      7      8      9     10     11     12     13     14     15     16     17
              18     19     20     21     22     23     24     25     26     27     28     29     30

 Hydrogen   -2.588 -0.001-11.503 (H2)                 Log10 Mean Ionisation (over area)
 Helium     -2.449 -0.142 -0.559
 Lithium    -3.297 -0.132 -0.716 -1.159
 Beryllium  -3.206 -1.447 -0.083 -0.898 -1.934
 Boron      -4.703 -1.351 -0.553 -0.188 -1.602 -2.643
 Carbon     -4.273 -1.214 -0.141 -0.882 -1.097 -2.319 -3.286
 Nitrogen   -3.936 -1.324 -0.153 -0.725 -1.430 -1.660 -2.856 -3.951
 Oxygen     -3.693 -1.330 -0.133 -0.806 -1.391 -1.883 -2.146 -3.371 -4.678
 Fluorine   -4.422 -1.454 -0.138 -0.834 -1.131 -1.878 -2.707 -2.717 -3.928 -5.455
 Neon       -4.267 -1.362 -0.149 -0.808 -1.144 -1.790 -2.593 -3.074 -3.151 -4.499 -6.264
 Sodium     -4.158 -1.197 -0.238 -0.641 -0.959 -1.850 -2.375 -3.104 -3.693 -3.754 -5.228 -7.194
 Magnesium  -2.944 -1.317 -0.224 -0.681 -0.978 -1.502 -2.200 -2.805 -3.260 -3.894 -4.211 -5.936 -8.138
 Aluminium  -4.627 -0.987 -0.792 -0.337 -0.689 -1.233 -2.048 -2.645 -3.072 -3.807 -4.682 -5.098 -6.995 -9.459
 Silicon    -4.251 -0.862 -0.457 -0.606 -0.733 -1.241 -1.744 -2.342 -3.301 -3.987 -4.900 -5.648 -6.244 -8.301-11.287
 Phosphorus -4.041 -0.825 -0.362 -0.733 -0.968 -1.021 -1.684 -2.269 -2.908 -3.435 -4.353 -5.389 -6.417 -7.129 -9.447-12.536
 Sulphur    -4.882 -1.354 -0.267 -0.528 -1.455 -1.438 -1.475 -1.971 -2.761 -3.494 -4.052 -4.708 -5.875 -7.074 -7.895-10.792
 Chlorine   -4.854 -1.444 -0.290 -0.445 -1.262 -1.878 -2.093 -1.931 -2.418 -2.934 -3.697 -4.720 -5.787 -7.201 -8.377 -9.462-12.409
 Argon      -5.112 -2.087 -0.288 -0.464 -0.995 -1.695 -2.668 -2.594 -2.335 -2.785 -3.397 -4.099 -5.000 -6.355 -7.957 -9.320-10.840
 Potassium  -4.628 -1.129 -0.219 -0.741 -1.048 -1.371 -2.373 -2.963 -3.155 -2.726 -3.069 -3.777 -4.808 -6.145 -7.827 -9.302-11.275
 Calcium    -4.735 -1.776 -0.302 -0.462 -1.083 -1.399 -1.896 -2.730 -3.517 -3.476 -3.033 -3.398 -4.219 -5.249 -6.482 -7.920 -9.795
           -11.712
 Scandium   -6.266 -3.185 -1.435 -0.100 -0.953 -1.409 -1.937 -2.281 -3.198 -3.889 -4.134 -3.491 -3.876 -4.588 -5.923 -7.509 -9.101
           -11.355
 Titanium   -6.225 -2.417 -1.021 -0.146 -0.875 -1.444 -1.986 -2.290 -2.815 -3.592 -4.310 -4.314 -3.770 -4.390 -5.310 -6.704 -8.653
           -10.759
 Vanadium   -5.357 -2.548 -0.812 -0.364 -0.544 -0.992 -1.814 -2.271 -2.811 -3.105 -4.112 -4.533 -4.668 -4.217 -5.105 -6.356 -7.905
           -10.191-12.239
 Chromium   -5.827 -2.455 -0.699 -0.349 -0.687 -1.018 -1.434 -2.124 -2.763 -3.060 -3.728 -4.577 -4.691 -5.181 -4.800 -5.615 -7.098
            -8.942-11.184
 Manganese  -6.092 -2.354 -0.691 -0.359 -0.662 -1.005 -1.504 -2.427 -2.931 -3.164 -3.729 -4.072 -5.205 -5.891 -6.505 -6.261 -7.249
            -8.793-11.007
 Iron       -6.408 -2.536 -1.028 -0.222 -0.833 -0.997 -1.355 -1.950 -2.921 -3.503 -4.210 -5.018 -5.784 -6.557 -7.241 -7.541 -7.454
            -8.621-10.161-12.422
 Cobalt     -5.144 -2.577 -1.080 -0.350 -0.549 -0.917 -1.362 -1.810 -2.482 -2.919 -3.620 -4.002 -4.492 -5.330 -6.488 -7.305 -7.840
            -7.961 -9.374-11.369
 Nickel     -5.736 -2.163 -0.749 -0.349 -0.773 -0.894 -1.337 -1.738 -2.367 -2.769 -3.606 -3.987 -4.476 -5.277 -6.075 -7.269 -8.225
            -8.875 -9.096-11.117
 Copper     -5.635 -2.771 -0.713 -0.326 -0.887 -0.935 -1.272 -1.603 -2.265 -2.637 -3.314 -4.256 -4.650 -5.464 -6.240 -6.917 -8.451
            -9.467-11.219
 Zinc       -5.390 -2.921 -1.212 -0.300 -0.671 -0.889 -1.266 -1.533 -2.215 -2.571 -3.233 -3.641 -4.247 -5.073 -5.892 -6.562 -7.466
            -9.073-10.170-11.456

               1      2      3      4      5      6      7      8      9     10     11     12     13     14     15     16     17
              18     19     20     21     22     23     24     25     26     27     28     29     30

 Hydrogen   -2.852 -0.001-11.876 (H2)                 Log10 Mean Ionisation (over radius)
 Helium     -2.734 -0.356 -0.253
 Lithium    -3.575 -0.339 -0.538 -0.600
 Beryllium  -3.500 -1.707 -0.188 -0.614 -1.053
 Boron      -5.021 -1.623 -0.774 -0.170 -1.000 -1.502
 Carbon     -4.591 -1.477 -0.304 -0.758 -0.616 -1.363 -1.994
 Nitrogen   -4.285 -1.623 -0.320 -0.600 -1.006 -0.904 -1.705 -2.579
 Oxygen     -4.050 -1.630 -0.320 -0.604 -0.951 -1.217 -1.170 -2.100 -3.266
 Fluorine   -4.748 -1.736 -0.338 -0.665 -0.726 -1.183 -1.718 -1.518 -2.567 -4.016
 Neon       -4.590 -1.640 -0.348 -0.662 -0.750 -1.093 -1.605 -1.916 -1.836 -3.087 -4.804
 Sodium     -4.489 -1.496 -0.469 -0.575 -0.634 -1.165 -1.399 -1.909 -2.360 -2.343 -3.771 -5.712
 Magnesium  -3.250 -1.627 -0.459 -0.633 -0.694 -0.955 -1.335 -1.681 -1.989 -2.531 -2.783 -4.468 -6.647
 Aluminium  -4.945 -1.302 -1.057 -0.475 -0.574 -0.786 -1.285 -1.583 -1.828 -2.447 -3.255 -3.639 -5.510 -7.946
 Silicon    -4.582 -1.176 -0.683 -0.712 -0.612 -0.849 -1.054 -1.342 -2.015 -2.582 -3.445 -4.177 -4.756 -6.799 -9.761
 Phosphorus -4.349 -1.105 -0.567 -0.796 -0.880 -0.704 -1.055 -1.344 -1.741 -2.098 -2.924 -3.925 -4.938 -5.638 -7.933-11.009
 Sulphur    -5.209 -1.634 -0.468 -0.538 -1.262 -1.142 -0.937 -1.146 -1.628 -2.174 -2.639 -3.255 -4.399 -5.587 -6.398 -9.265
 Chlorine   -5.186 -1.730 -0.503 -0.438 -0.968 -1.448 -1.533 -1.165 -1.428 -1.719 -2.328 -3.280 -4.318 -5.715 -6.881 -7.948-10.883
 Argon      -5.454 -2.387 -0.523 -0.481 -0.708 -1.178 -1.983 -1.808 -1.367 -1.631 -2.081 -2.692 -3.543 -4.875 -6.462 -7.811 -9.314
 Potassium  -4.949 -1.408 -0.420 -0.709 -0.789 -0.861 -1.610 -2.106 -2.164 -1.599 -1.796 -2.395 -3.369 -4.671 -6.334 -7.792 -9.749
 Calcium    -5.057 -2.076 -0.521 -0.509 -0.845 -0.921 -1.179 -1.798 -2.465 -2.352 -1.782 -2.044 -2.791 -3.785 -4.998 -6.425 -8.276
           -10.185
 Scandium   -6.618 -3.517 -1.704 -0.241 -0.768 -0.959 -1.239 -1.355 -2.066 -2.676 -2.830 -2.115 -2.447 -3.127 -4.443 -6.016 -7.595
            -9.828
 Titanium   -6.563 -2.746 -1.286 -0.278 -0.719 -0.990 -1.293 -1.374 -1.708 -2.337 -2.985 -2.940 -2.341 -2.927 -3.829 -5.211 -7.148
            -9.233
 Vanadium   -5.723 -2.892 -1.110 -0.555 -0.551 -0.655 -1.202 -1.401 -1.725 -1.869 -2.749 -3.144 -3.246 -2.756 -3.620 -4.860 -6.401
            -8.667-10.712
 Chromium   -6.190 -2.803 -1.002 -0.530 -0.665 -0.754 -0.910 -1.313 -1.715 -1.834 -2.392 -3.175 -3.263 -3.723 -3.322 -4.120 -5.594
            -7.429 -9.657
 Manganese  -6.439 -2.697 -0.995 -0.544 -0.629 -0.709 -0.922 -1.553 -1.835 -1.906 -2.376 -2.668 -3.754 -4.432 -5.025 -4.772 -5.748
            -7.282 -9.481
 Iron       -6.763 -2.894 -1.332 -0.433 -0.773 -0.758 -0.856 -1.126 -1.767 -2.180 -2.796 -3.562 -4.307 -5.067 -5.744 -6.040 -5.946
            -7.107 -8.636-10.895
 Cobalt     -5.528 -2.947 -1.394 -0.581 -0.601 -0.705 -0.941 -1.116 -1.516 -1.748 -2.310 -2.617 -3.059 -3.873 -5.013 -5.825 -6.350
            -6.462 -7.859 -9.843
 Nickel     -6.104 -2.530 -1.064 -0.565 -0.774 -0.689 -0.937 -1.086 -1.454 -1.626 -2.298 -2.603 -3.042 -3.818 -4.603 -5.783 -6.734
            -7.373 -7.587 -9.590
 Copper     -5.998 -3.114 -1.027 -0.538 -0.866 -0.747 -0.899 -1.021 -1.415 -1.539 -2.036 -2.867 -3.221 -4.003 -4.766 -5.431 -6.950
            -7.954 -9.682
 Zinc       -5.744 -3.255 -1.513 -0.545 -0.731 -0.731 -0.921 -0.978 -1.403 -1.520 -2.000 -2.292 -2.839 -3.630 -4.429 -5.085 -5.979
            -7.568 -8.647 -9.930

               1      2      3      4      5      6      7      8      9     10     11     12     13     14     15     16     17
              18     19     20     21     22     23     24     25     26     27     28     29     30

 Hydrogen   -2.593 -0.001-11.534 (H2)         Log10 Mean Ionisation (over volume*electron density)
 Helium     -2.448 -0.128 -0.598
 Lithium    -3.291 -0.118 -0.725 -1.309
 Beryllium  -3.209 -1.445 -0.073 -0.947 -2.297
 Boron      -4.711 -1.353 -0.545 -0.185 -1.768 -3.276
 Carbon     -4.282 -1.211 -0.126 -0.887 -1.231 -2.765 -4.117
 Nitrogen   -3.957 -1.330 -0.138 -0.732 -1.547 -1.978 -3.510 -4.894
 Oxygen     -3.717 -1.334 -0.117 -0.824 -1.516 -2.154 -2.656 -4.181 -5.681
 Fluorine   -4.432 -1.452 -0.123 -0.840 -1.233 -2.156 -3.248 -3.467 -4.870 -6.500
 Neon       -4.276 -1.358 -0.134 -0.809 -1.242 -2.077 -3.133 -3.790 -4.042 -5.510 -7.336
 Sodium     -4.167 -1.197 -0.225 -0.626 -1.021 -2.121 -2.898 -3.852 -4.608 -4.764 -6.299 -8.295
 Magnesium  -2.948 -1.321 -0.212 -0.660 -1.025 -1.684 -2.624 -3.480 -4.099 -4.846 -5.243 -7.019 -9.250
 Aluminium  -4.635 -0.994 -0.786 -0.318 -0.688 -1.353 -2.377 -3.248 -3.876 -4.750 -5.712 -6.169 -8.098-10.596
 Silicon    -4.261 -0.869 -0.443 -0.582 -0.731 -1.339 -2.026 -2.879 -4.144 -4.985 -5.966 -6.734 -7.351 -9.426-12.438
 Phosphorus -4.045 -0.823 -0.347 -0.711 -0.962 -1.084 -1.924 -2.748 -3.624 -4.349 -5.385 -6.466 -7.514 -8.241-10.585-13.687
 Sulphur    -4.894 -1.354 -0.255 -0.511 -1.480 -1.496 -1.663 -2.366 -3.433 -4.383 -5.065 -5.772 -6.968 -8.182 -9.013-11.943
 Chlorine   -4.867 -1.445 -0.280 -0.432 -1.322 -2.001 -2.297 -2.298 -2.975 -3.705 -4.651 -5.767 -6.871 -8.307 -9.496-10.600-13.560
 Argon      -5.129 -2.090 -0.279 -0.444 -1.049 -1.865 -2.953 -2.977 -2.887 -3.507 -4.288 -5.103 -6.068 -7.453 -9.072-10.453-11.991
 Potassium  -4.634 -1.127 -0.205 -0.726 -1.093 -1.535 -2.722 -3.389 -3.729 -3.435 -3.924 -4.752 -5.855 -7.234 -8.940-10.435-12.426
 Calcium    -4.743 -1.779 -0.290 -0.446 -1.117 -1.545 -2.201 -3.221 -4.131 -4.179 -3.870 -4.347 -5.254 -6.328 -7.584 -9.036-10.938
           -12.863
 Scandium   -6.286 -3.199 -1.433 -0.087 -0.972 -1.539 -2.225 -2.759 -3.888 -4.664 -5.026 -4.467 -4.915 -5.665 -7.021 -8.622-10.229
           -12.506
 Titanium   -6.240 -2.431 -1.020 -0.132 -0.891 -1.576 -2.276 -2.765 -3.472 -4.411 -5.216 -5.285 -4.807 -5.468 -6.410 -7.818 -9.781
           -11.910
 Vanadium   -5.384 -2.566 -0.815 -0.347 -0.528 -1.062 -2.035 -2.688 -3.443 -3.898 -5.061 -5.513 -5.695 -5.291 -6.209 -7.473 -9.031
           -11.338-13.390
 Chromium   -5.852 -2.474 -0.703 -0.328 -0.671 -1.060 -1.602 -2.493 -3.344 -3.835 -4.641 -5.573 -5.724 -6.251 -5.895 -6.729 -8.224
           -10.079-12.335
 Manganese  -6.111 -2.371 -0.695 -0.338 -0.646 -1.058 -1.702 -2.840 -3.559 -3.985 -4.667 -5.074 -6.265 -6.962 -7.602 -7.369 -8.371
            -9.928-12.158
 Iron       -6.431 -2.560 -1.033 -0.206 -0.816 -1.031 -1.512 -2.323 -3.600 -4.385 -5.220 -6.083 -6.878 -7.665 -8.358 -8.663 -8.584
            -9.759-11.310-13.573
 Cobalt     -5.180 -2.606 -1.087 -0.336 -0.528 -0.940 -1.473 -2.092 -2.989 -3.635 -4.499 -4.977 -5.529 -6.398 -7.581 -8.402 -8.951
            -9.081-10.513-12.520
 Nickel     -5.764 -2.190 -0.755 -0.330 -0.747 -0.913 -1.439 -1.992 -2.831 -3.454 -4.480 -4.957 -5.515 -6.347 -7.164 -8.374 -9.338
           -10.000-10.228-12.268
 Copper     -5.660 -2.788 -0.719 -0.306 -0.859 -0.947 -1.362 -1.807 -2.669 -3.271 -4.149 -5.232 -5.679 -6.535 -7.330 -8.022 -9.573
           -10.603-12.380
 Zinc       -5.411 -2.934 -1.214 -0.288 -0.644 -0.893 -1.342 -1.722 -2.592 -3.166 -4.023 -4.570 -5.253 -6.125 -6.969 -7.656 -8.573
           -10.201-11.317-12.607

               1      2      3      4      5      6      7      8      9     10     11     12     13     14     15     16     17
              18     19     20     21     22     23     24     25     26     27     28     29     30

 Hydrogen   -2.783 -0.001-11.833 (H2)         Log10 Mean Ionisation (over area*electron density)
 Helium     -2.656 -0.270 -0.337
 Lithium    -3.493 -0.251 -0.527 -0.848
 Beryllium  -3.424 -1.630 -0.124 -0.706 -1.556
 Boron      -4.952 -1.550 -0.696 -0.146 -1.305 -2.226
 Carbon     -4.524 -1.398 -0.220 -0.736 -0.796 -1.923 -2.855
 Nitrogen   -4.230 -1.553 -0.235 -0.582 -1.135 -1.288 -2.437 -3.515
 Oxygen     -3.998 -1.557 -0.231 -0.596 -1.086 -1.522 -1.741 -2.941 -4.240
 Fluorine   -4.683 -1.657 -0.249 -0.641 -0.841 -1.515 -2.298 -2.291 -3.492 -5.016
 Neon       -4.523 -1.559 -0.260 -0.629 -0.856 -1.426 -2.184 -2.650 -2.717 -4.060 -5.824
 Sodium     -4.423 -1.420 -0.381 -0.520 -0.703 -1.491 -1.968 -2.678 -3.258 -3.316 -4.789 -6.753
 Magnesium  -3.178 -1.555 -0.371 -0.566 -0.733 -1.172 -1.807 -2.384 -2.829 -3.458 -3.772 -5.496 -7.697
 Aluminium  -4.877 -1.233 -0.975 -0.390 -0.547 -0.939 -1.674 -2.229 -2.643 -3.371 -4.243 -4.659 -6.554 -9.018
 Silicon    -4.517 -1.107 -0.594 -0.624 -0.578 -0.957 -1.380 -1.934 -2.870 -3.549 -4.460 -5.208 -5.803 -7.860-10.845
 Phosphorus -4.276 -1.026 -0.478 -0.714 -0.837 -0.768 -1.333 -1.868 -2.484 -3.000 -3.914 -4.948 -5.977 -6.688 -9.006-12.094
 Sulphur    -5.145 -1.558 -0.384 -0.471 -1.267 -1.196 -1.144 -1.582 -2.340 -3.060 -3.614 -4.268 -5.434 -6.634 -7.454-10.350
 Chlorine   -5.124 -1.654 -0.419 -0.380 -1.021 -1.589 -1.757 -1.547 -2.008 -2.506 -3.260 -4.281 -5.347 -6.760 -7.936 -9.021-11.968
 Argon      -5.396 -2.314 -0.440 -0.412 -0.759 -1.377 -2.306 -2.208 -1.925 -2.361 -2.963 -3.661 -4.560 -5.915 -7.516 -8.879-10.398
 Potassium  -4.880 -1.329 -0.331 -0.647 -0.824 -1.051 -1.994 -2.570 -2.743 -2.302 -2.637 -3.340 -4.369 -5.704 -7.386 -8.860-10.834
 Calcium    -4.990 -2.003 -0.434 -0.438 -0.866 -1.089 -1.528 -2.327 -3.100 -3.053 -2.601 -2.962 -3.780 -4.809 -6.041 -7.479 -9.354
           -11.270
 Scandium   -6.564 -3.455 -1.626 -0.164 -0.772 -1.112 -1.573 -1.880 -2.776 -3.461 -3.700 -3.054 -3.437 -4.148 -5.482 -7.068 -8.659
           -10.913
 Titanium   -6.503 -2.684 -1.209 -0.200 -0.719 -1.144 -1.623 -1.890 -2.395 -3.161 -3.876 -3.877 -3.331 -3.949 -4.870 -6.263 -8.211
           -10.317
 Vanadium   -5.677 -2.834 -1.036 -0.465 -0.488 -0.732 -1.472 -1.880 -2.394 -2.676 -3.676 -4.095 -4.230 -3.777 -4.664 -5.915 -7.464
            -9.749-11.797
 Chromium   -6.141 -2.747 -0.929 -0.438 -0.602 -0.788 -1.112 -1.742 -2.351 -2.632 -3.294 -4.139 -4.253 -4.741 -4.359 -5.173 -6.657
            -8.501-10.742
 Manganese  -6.383 -2.639 -0.923 -0.451 -0.569 -0.763 -1.170 -2.037 -2.514 -2.734 -3.293 -3.634 -4.765 -5.451 -6.064 -5.820 -6.808
            -8.352-10.565
 Iron       -6.712 -2.842 -1.260 -0.342 -0.707 -0.773 -1.036 -1.566 -2.500 -3.070 -3.772 -4.578 -5.343 -6.116 -6.800 -7.099 -7.012
            -8.180 -9.719-11.980
 Cobalt     -5.491 -2.902 -1.325 -0.492 -0.522 -0.708 -1.072 -1.448 -2.077 -2.495 -3.186 -3.565 -4.053 -4.890 -6.048 -6.864 -7.399
            -7.520 -8.933-10.928
 Nickel     -6.059 -2.483 -0.994 -0.471 -0.693 -0.683 -1.049 -1.382 -1.968 -2.347 -3.173 -3.550 -4.037 -4.837 -5.635 -6.828 -7.784
            -8.434 -8.654-10.675
 Copper     -5.950 -3.056 -0.957 -0.443 -0.785 -0.730 -0.990 -1.265 -1.876 -2.219 -2.882 -3.819 -4.211 -5.024 -5.800 -6.476 -8.009
            -9.025-10.777
 Zinc       -5.690 -3.193 -1.439 -0.457 -0.643 -0.703 -0.995 -1.200 -1.830 -2.157 -2.804 -3.206 -3.809 -4.634 -5.452 -6.121 -7.025
            -8.631 -9.728-11.014

               1      2      3      4      5      6      7      8      9     10     11     12     13     14     15     16     17
              18     19     20     21     22     23     24     25     26     27     28     29     30

 Hydrogen   -3.132 -0.000-12.362 (H2)         Log10 Mean Ionisation (over radius*electron density)
 Helium     -3.069 -0.588 -0.130
 Lithium    -3.906 -0.560 -0.471 -0.413
 Beryllium  -3.846 -1.991 -0.286 -0.492 -0.824
 Boron      -5.409 -1.925 -1.004 -0.170 -0.803 -1.256
 Carbon     -4.978 -1.772 -0.469 -0.713 -0.447 -1.128 -1.740
 Nitrogen   -4.725 -1.975 -0.490 -0.552 -0.852 -0.689 -1.458 -2.323
 Oxygen     -4.504 -1.985 -0.517 -0.528 -0.794 -1.014 -0.933 -1.847 -3.008
 Fluorine   -5.153 -2.066 -0.551 -0.605 -0.577 -0.976 -1.481 -1.268 -2.311 -3.758
 Neon       -4.988 -1.964 -0.561 -0.613 -0.605 -0.886 -1.368 -1.668 -1.581 -2.830 -4.546
 Sodium     -4.906 -1.857 -0.725 -0.568 -0.509 -0.959 -1.162 -1.659 -2.105 -2.086 -3.513 -5.453
 Magnesium  -3.621 -2.004 -0.721 -0.639 -0.584 -0.773 -1.108 -1.435 -1.736 -2.275 -2.525 -4.209 -6.387
 Aluminium  -5.335 -1.686 -1.361 -0.618 -0.534 -0.625 -1.069 -1.341 -1.576 -2.191 -2.997 -3.381 -5.250 -7.686
 Silicon    -4.997 -1.559 -0.933 -0.830 -0.573 -0.705 -0.849 -1.104 -1.761 -2.325 -3.186 -3.918 -4.496 -6.539 -9.500
 Phosphorus -4.720 -1.431 -0.787 -0.875 -0.856 -0.582 -0.858 -1.111 -1.493 -1.842 -2.667 -3.666 -4.679 -5.379 -7.673-10.749
 Sulphur    -5.612 -1.956 -0.679 -0.574 -1.184 -1.026 -0.757 -0.923 -1.382 -1.920 -2.381 -2.996 -4.140 -5.327 -6.139 -9.005
 Chlorine   -5.599 -2.062 -0.727 -0.460 -0.853 -1.291 -1.349 -0.950 -1.191 -1.468 -2.072 -3.021 -4.059 -5.456 -6.621 -7.688-10.622
 Argon      -5.883 -2.743 -0.777 -0.522 -0.594 -1.002 -1.778 -1.590 -1.132 -1.383 -1.826 -2.435 -3.285 -4.616 -6.203 -7.551 -9.053
 Potassium  -5.348 -1.731 -0.634 -0.719 -0.686 -0.687 -1.394 -1.880 -1.927 -1.353 -1.543 -2.138 -3.111 -4.412 -6.075 -7.532 -9.488
 Calcium    -5.457 -2.437 -0.758 -0.568 -0.751 -0.753 -0.969 -1.565 -2.223 -2.106 -1.531 -1.788 -2.533 -3.527 -4.739 -6.165 -8.016
            -9.925
 Scandium   -7.068 -3.926 -2.007 -0.380 -0.694 -0.798 -1.031 -1.122 -1.819 -2.426 -2.576 -1.859 -2.190 -2.868 -4.184 -5.757 -7.335
            -9.568
 Titanium   -6.987 -3.150 -1.580 -0.407 -0.654 -0.828 -1.087 -1.143 -1.463 -2.085 -2.731 -2.683 -2.083 -2.668 -3.570 -4.952 -6.888
            -8.972
 Vanadium   -6.199 -3.324 -1.462 -0.759 -0.583 -0.525 -1.008 -1.174 -1.481 -1.618 -2.493 -2.887 -2.988 -2.498 -3.361 -4.601 -6.141
            -8.407-10.452
 Chromium   -6.659 -3.243 -1.363 -0.727 -0.680 -0.651 -0.733 -1.092 -1.473 -1.583 -2.136 -2.918 -3.005 -3.464 -3.062 -3.861 -5.335
            -7.169 -9.397
 Manganese  -6.879 -3.130 -1.361 -0.746 -0.639 -0.594 -0.733 -1.325 -1.590 -1.654 -2.120 -2.411 -3.496 -4.173 -4.766 -4.513 -5.488
            -7.022 -9.220
 Iron       -7.215 -3.351 -1.696 -0.665 -0.771 -0.665 -0.684 -0.903 -1.519 -1.925 -2.538 -3.304 -4.048 -4.808 -5.485 -5.780 -5.686
            -6.847 -8.376-10.635
 Cobalt     -6.037 -3.427 -1.775 -0.840 -0.669 -0.623 -0.787 -0.909 -1.281 -1.500 -2.055 -2.360 -2.801 -3.614 -4.753 -5.566 -6.091
            -6.202 -7.599 -9.582
 Nickel     -6.584 -3.006 -1.449 -0.809 -0.813 -0.612 -0.790 -0.885 -1.223 -1.379 -2.044 -2.347 -2.784 -3.559 -4.344 -5.523 -6.474
            -7.113 -7.327 -9.330
 Copper     -6.470 -3.548 -1.410 -0.777 -0.894 -0.679 -0.760 -0.832 -1.189 -1.295 -1.783 -2.611 -2.963 -3.745 -4.507 -5.171 -6.691
            -7.694 -9.421
 Zinc       -6.199 -3.674 -1.877 -0.823 -0.811 -0.676 -0.791 -0.795 -1.182 -1.278 -1.749 -2.036 -2.582 -3.371 -4.170 -4.826 -5.719
            -7.308 -8.387 -9.669

               1      2      3      4      5      6      7      8      9     10     11     12     13     14     15     16     17
              18     19     20     21     22     23     24     25     26     27     28     29     30

 Hydrogen    3.904  3.930  3.897 (H2)                  Log10 Mean Temperature (over volume)
 Helium      3.902  3.912  4.030
 Lithium     3.903  3.913  4.016  4.100
 Beryllium   3.903  3.905  3.925  3.992  4.206
 Boron       3.899  3.904  3.909  3.942  4.058  4.402
 Carbon      3.899  3.905  3.920  3.983  4.080  4.276  4.568
 Nitrogen    3.897  3.901  3.919  3.980  4.081  4.203  4.427  4.671
 Oxygen      3.897  3.901  3.917  4.029  4.096  4.181  4.328  4.552  4.729
 Fluorine    3.898  3.902  3.915  4.022  4.083  4.181  4.348  4.499  4.668  4.770
 Neon        3.898  3.903  3.915  4.013  4.082  4.187  4.348  4.473  4.620  4.735  4.800
 Sodium      3.896  3.900  3.910  3.983  4.055  4.174  4.335  4.498  4.641  4.734  4.797  4.831
 Magnesium   3.900  3.899  3.909  3.983  4.051  4.126  4.271  4.442  4.574  4.676  4.757  4.811  4.844
 Aluminium   3.899  3.899  3.904  3.925  3.984  4.082  4.208  4.391  4.544  4.669  4.755  4.798  4.835  4.874
 Silicon     3.897  3.899  3.910  3.935  3.994  4.076  4.185  4.345  4.578  4.723  4.793  4.815  4.839  4.859  4.894
 Phosphorus  3.900  3.903  3.914  3.944  3.980  4.047  4.158  4.308  4.474  4.642  4.757  4.805  4.827  4.844  4.875  4.894
 Sulphur     3.898  3.903  3.914  3.952  3.998  4.034  4.125  4.257  4.441  4.618  4.737  4.791  4.822  4.839  4.852  4.894
 Chlorine    3.898  3.902  3.912  3.954  4.030  4.066  4.128  4.243  4.363  4.518  4.679  4.773  4.812  4.837  4.852  4.875  4.894
 Argon       3.897  3.901  3.909  3.952  4.031  4.100  4.175  4.248  4.360  4.479  4.620  4.728  4.795  4.828  4.848  4.870  4.894
 Potassium   3.897  3.903  3.915  3.967  4.022  4.108  4.221  4.271  4.372  4.468  4.587  4.699  4.772  4.819  4.846  4.869  4.894
 Calcium     3.898  3.900  3.912  3.942  4.021  4.096  4.193  4.313  4.397  4.462  4.570  4.672  4.760  4.806  4.833  4.849  4.882
             4.894
 Scandium    3.897  3.898  3.904  3.922  3.999  4.078  4.178  4.305  4.452  4.519  4.618  4.698  4.762  4.804  4.828  4.846  4.864
             4.894
 Titanium    3.898  3.898  3.905  3.924  3.983  4.081  4.180  4.305  4.430  4.556  4.632  4.694  4.761  4.806  4.830  4.846  4.863
             4.894
 Vanadium    3.897  3.897  3.901  3.916  3.952  4.054  4.139  4.259  4.410  4.534  4.674  4.704  4.751  4.801  4.835  4.851  4.861
             4.889  4.894
 Chromium    3.897  3.897  3.900  3.919  3.964  4.032  4.113  4.233  4.371  4.520  4.640  4.721  4.757  4.798  4.826  4.848  4.861
             4.874  4.894
 Manganese   3.897  3.897  3.900  3.918  3.967  4.040  4.128  4.258  4.403  4.558  4.664  4.725  4.787  4.799  4.827  4.840  4.857
             4.872  4.894
 Iron        3.898  3.897  3.901  3.914  3.987  4.031  4.112  4.237  4.443  4.611  4.735  4.793  4.824  4.841  4.851  4.857  4.867
             4.876  4.890  4.894
 Cobalt      3.897  3.897  3.899  3.910  3.946  4.023  4.076  4.180  4.324  4.473  4.609  4.699  4.762  4.795  4.822  4.828  4.843
             4.855  4.877  4.894
 Nickel      3.897  3.897  3.899  3.913  3.969  4.028  4.080  4.167  4.298  4.450  4.605  4.695  4.764  4.798  4.818  4.837  4.845
             4.860  4.869  4.894
 Copper      3.897  3.897  3.899  3.914  3.982  4.027  4.077  4.137  4.257  4.412  4.572  4.701  4.755  4.799  4.819  4.836  4.857
             4.874  4.906
 Zinc        3.896  3.897  3.900  3.908  3.949  4.016  4.066  4.128  4.241  4.385  4.532  4.655  4.730  4.778  4.805  4.824  4.839
             4.863  4.887  4.894

               1      2      3      4      5      6      7      8      9     10     11     12     13     14     15     16     17
              18     19     20     21     22     23     24     25     26     27     28     29     30

 Hydrogen    3.914  3.977  3.897 (H2)                  Log10 Mean Temperature (over area)
 Helium      3.908  3.926  4.088
 Lithium     3.909  3.928  4.050  4.187
 Beryllium   3.909  3.914  3.954  4.073  4.356
 Boron       3.902  3.913  3.923  3.987  4.203  4.532
 Carbon      3.903  3.914  3.940  4.027  4.153  4.403  4.655
 Nitrogen    3.899  3.906  3.939  4.026  4.133  4.287  4.540  4.727
 Oxygen      3.898  3.906  3.934  4.058  4.140  4.242  4.416  4.637  4.767
 Fluorine    3.900  3.909  3.931  4.049  4.127  4.255  4.421  4.574  4.716  4.793
 Neon        3.901  3.910  3.931  4.041  4.122  4.257  4.421  4.540  4.672  4.765  4.815
 Sodium      3.898  3.904  3.921  4.014  4.097  4.251  4.414  4.571  4.689  4.763  4.812  4.839
 Magnesium   3.904  3.902  3.920  4.010  4.084  4.185  4.347  4.516  4.634  4.717  4.782  4.823  4.849
 Aluminium   3.902  3.902  3.912  3.947  4.025  4.142  4.290  4.471  4.611  4.714  4.780  4.814  4.843  4.875
 Silicon     3.899  3.902  3.922  3.959  4.029  4.121  4.253  4.431  4.648  4.758  4.810  4.827  4.846  4.862  4.894
 Phosphorus  3.903  3.909  3.929  3.972  4.017  4.093  4.223  4.383  4.549  4.693  4.782  4.819  4.836  4.850  4.876  4.894
 Sulphur     3.901  3.910  3.929  3.986  4.047  4.084  4.182  4.325  4.523  4.677  4.767  4.807  4.832  4.846  4.856  4.894
 Chlorine    3.900  3.909  3.926  3.990  4.083  4.135  4.193  4.295  4.424  4.587  4.722  4.794  4.825  4.844  4.856  4.876  4.894
 Argon       3.899  3.905  3.920  3.984  4.082  4.172  4.252  4.305  4.409  4.538  4.674  4.760  4.812  4.838  4.853  4.871  4.894
 Potassium   3.899  3.910  3.930  4.002  4.071  4.169  4.291  4.342  4.421  4.514  4.633  4.735  4.793  4.830  4.851  4.871  4.894
 Calcium     3.900  3.905  3.925  3.975  4.065  4.155  4.267  4.385  4.461  4.512  4.612  4.706  4.781  4.819  4.841  4.854  4.883
             4.894
 Scandium    3.898  3.901  3.912  3.945  4.046  4.143  4.257  4.383  4.519  4.582  4.659  4.726  4.780  4.815  4.836  4.851  4.866
             4.894
 Titanium    3.899  3.901  3.914  3.948  4.035  4.145  4.255  4.377  4.502  4.618  4.680  4.726  4.780  4.817  4.838  4.851  4.866
             4.894
 Vanadium    3.897  3.899  3.906  3.933  3.987  4.100  4.214  4.349  4.488  4.603  4.716  4.742  4.776  4.815  4.842  4.855  4.864
             4.889  4.894
 Chromium    3.897  3.898  3.905  3.935  3.998  4.075  4.174  4.316  4.462  4.596  4.692  4.755  4.782  4.813  4.835  4.853  4.865
             4.875  4.894
 Manganese   3.898  3.899  3.904  3.934  4.001  4.085  4.200  4.351  4.495  4.622  4.707  4.757  4.805  4.814  4.837  4.847  4.861
             4.874  4.894
 Iron        3.899  3.898  3.905  3.927  4.015  4.067  4.164  4.324  4.541  4.681  4.767  4.810  4.834  4.848  4.856  4.861  4.869
             4.877  4.890  4.894
 Cobalt      3.897  3.898  3.903  3.921  3.975  4.059  4.132  4.255  4.408  4.552  4.668  4.739  4.786  4.812  4.832  4.837  4.848
             4.859  4.878  4.894
 Nickel      3.897  3.897  3.902  3.925  3.996  4.058  4.124  4.234  4.376  4.530  4.666  4.737  4.788  4.814  4.829  4.844  4.850
             4.862  4.871  4.894
 Copper      3.897  3.898  3.902  3.926  4.005  4.054  4.115  4.201  4.339  4.498  4.640  4.743  4.783  4.816  4.831  4.844  4.860
             4.875  4.906
 Zinc        3.897  3.899  3.904  3.918  3.975  4.044  4.104  4.189  4.317  4.464  4.602  4.704  4.761  4.798  4.819  4.834  4.845
             4.866  4.888  4.894

               1      2      3      4      5      6      7      8      9     10     11     12     13     14     15     16     17
              18     19     20     21     22     23     24     25     26     27     28     29     30

 Hydrogen    3.938  4.122  3.899 (H2)                  Log10 Mean Temperature (over radius)
 Helium      3.919  3.949  4.223
 Lithium     3.918  3.951  4.094  4.343
 Beryllium   3.918  3.933  4.004  4.186  4.501
 Boron       3.908  3.930  3.950  4.069  4.358  4.628
 Carbon      3.909  3.930  3.971  4.075  4.246  4.524  4.714
 Nitrogen    3.902  3.917  3.970  4.077  4.192  4.387  4.634  4.765
 Oxygen      3.901  3.915  3.960  4.091  4.195  4.310  4.511  4.702  4.792
 Fluorine    3.905  3.919  3.954  4.080  4.185  4.332  4.489  4.638  4.752  4.811
 Neon        3.905  3.921  3.954  4.072  4.176  4.330  4.491  4.600  4.714  4.787  4.826
 Sodium      3.900  3.911  3.939  4.050  4.154  4.328  4.488  4.631  4.725  4.785  4.823  4.846
 Magnesium   3.911  3.908  3.937  4.039  4.128  4.254  4.420  4.582  4.683  4.749  4.800  4.833  4.854
 Aluminium   3.907  3.908  3.925  3.979  4.073  4.214  4.372  4.545  4.666  4.749  4.800  4.827  4.849  4.876
 Silicon     3.901  3.908  3.941  3.988  4.067  4.175  4.328  4.515  4.701  4.784  4.823  4.836  4.852  4.865  4.894
 Phosphorus  3.910  3.921  3.951  4.005  4.056  4.145  4.292  4.458  4.615  4.732  4.800  4.830  4.843  4.855  4.877  4.894
 Sulphur     3.906  3.923  3.955  4.024  4.093  4.133  4.240  4.399  4.595  4.721  4.789  4.820  4.840  4.851  4.860  4.894
 Chlorine    3.904  3.920  3.951  4.034  4.130  4.192  4.246  4.346  4.489  4.647  4.755  4.811  4.835  4.850  4.859  4.877  4.894
 Argon       3.902  3.914  3.941  4.024  4.133  4.232  4.308  4.353  4.459  4.597  4.717  4.784  4.824  4.845  4.858  4.872  4.894
 Potassium   3.903  3.922  3.954  4.038  4.121  4.230  4.347  4.398  4.464  4.560  4.677  4.764  4.810  4.839  4.856  4.872  4.894
 Calcium     3.904  3.913  3.946  4.015  4.111  4.217  4.334  4.442  4.513  4.555  4.650  4.735  4.798  4.830  4.848  4.858  4.883
             4.894
 Scandium    3.899  3.906  3.928  3.982  4.097  4.206  4.328  4.452  4.574  4.631  4.692  4.749  4.795  4.825  4.843  4.855  4.868
             4.894
 Titanium    3.903  3.907  3.931  3.986  4.092  4.206  4.322  4.446  4.566  4.666  4.717  4.751  4.796  4.826  4.844  4.856  4.868
             4.894
 Vanadium    3.898  3.902  3.915  3.956  4.029  4.157  4.290  4.427  4.556  4.658  4.748  4.769  4.794  4.826  4.848  4.860  4.867
             4.889  4.894
 Chromium    3.898  3.901  3.913  3.958  4.035  4.123  4.245  4.397  4.540  4.655  4.732  4.781  4.801  4.825  4.843  4.858  4.867
             4.877  4.894
 Manganese   3.901  3.902  3.912  3.957  4.039  4.140  4.281  4.436  4.567  4.672  4.741  4.781  4.818  4.826  4.844  4.853  4.865
             4.875  4.894
 Iron        3.901  3.900  3.913  3.947  4.042  4.107  4.230  4.415  4.618  4.728  4.790  4.823  4.842  4.854  4.860  4.864  4.872
             4.879  4.891  4.894
 Cobalt      3.897  3.899  3.909  3.938  4.010  4.099  4.195  4.332  4.488  4.619  4.714  4.769  4.805  4.824  4.841  4.844  4.853
             4.862  4.879  4.894
 Nickel      3.898  3.898  3.908  3.942  4.023  4.093  4.180  4.307  4.454  4.601  4.713  4.768  4.806  4.826  4.838  4.850  4.854
             4.865  4.872  4.894
 Copper      3.898  3.901  3.908  3.943  4.028  4.084  4.163  4.273  4.421  4.575  4.694  4.774  4.804  4.828  4.840  4.850  4.863
             4.876  4.906
 Zinc        3.898  3.902  3.911  3.932  4.004  4.075  4.151  4.257  4.393  4.538  4.659  4.741  4.784  4.813  4.830  4.842  4.851
             4.868  4.888  4.894

               1      2      3      4      5      6      7      8      9     10     11     12     13     14     15     16     17
              18     19     20     21     22     23     24     25     26     27     28     29     30

 Hydrogen    3.916  3.963  3.897 (H2)          Log10 Mean Temperature (over volume*electron density)
 Helium      3.910  3.927  4.055
 Lithium     3.910  3.930  4.037  4.122
 Beryllium   3.910  3.916  3.952  4.039  4.242
 Boron       3.903  3.914  3.923  3.977  4.116  4.421
 Carbon      3.903  3.916  3.942  4.017  4.110  4.296  4.575
 Nitrogen    3.899  3.908  3.940  4.016  4.103  4.220  4.437  4.674
 Oxygen      3.899  3.907  3.936  4.047  4.111  4.195  4.339  4.558  4.731
 Fluorine    3.901  3.910  3.933  4.039  4.098  4.197  4.358  4.505  4.670  4.771
 Neon        3.901  3.911  3.932  4.033  4.096  4.203  4.358  4.479  4.623  4.736  4.800
 Sodium      3.898  3.905  3.923  4.008  4.074  4.193  4.346  4.504  4.644  4.736  4.798  4.832
 Magnesium   3.905  3.903  3.922  4.006  4.066  4.143  4.284  4.449  4.577  4.678  4.758  4.811  4.844
 Aluminium   3.903  3.903  3.913  3.948  4.015  4.105  4.226  4.400  4.549  4.671  4.756  4.799  4.835  4.874
 Silicon     3.899  3.903  3.924  3.959  4.020  4.094  4.201  4.355  4.583  4.725  4.794  4.815  4.839  4.859  4.894
 Phosphorus  3.904  3.911  3.931  3.971  4.010  4.071  4.176  4.319  4.480  4.644  4.758  4.806  4.827  4.844  4.875  4.894
 Sulphur     3.902  3.912  3.931  3.983  4.034  4.064  4.145  4.268  4.448  4.622  4.738  4.791  4.823  4.839  4.852  4.894
 Chlorine    3.901  3.910  3.928  3.986  4.063  4.102  4.154  4.254  4.369  4.522  4.681  4.774  4.813  4.837  4.852  4.875  4.894
 Argon       3.900  3.907  3.922  3.981  4.061  4.132  4.201  4.262  4.366  4.483  4.623  4.729  4.796  4.829  4.849  4.870  4.894
 Potassium   3.900  3.912  3.932  3.997  4.054  4.130  4.239  4.285  4.379  4.471  4.589  4.701  4.773  4.820  4.846  4.869  4.894
 Calcium     3.901  3.906  3.927  3.973  4.049  4.120  4.213  4.325  4.405  4.467  4.572  4.674  4.760  4.807  4.833  4.849  4.882
             4.894
 Scandium    3.898  3.901  3.914  3.946  4.032  4.108  4.203  4.318  4.459  4.524  4.621  4.699  4.763  4.804  4.829  4.846  4.864
             4.894
 Titanium    3.900  3.902  3.915  3.948  4.021  4.110  4.204  4.316  4.437  4.560  4.635  4.695  4.762  4.806  4.830  4.847  4.863
             4.894
 Vanadium    3.897  3.899  3.907  3.934  3.983  4.076  4.163  4.279  4.418  4.539  4.676  4.706  4.752  4.802  4.835  4.851  4.861
             4.889  4.894
 Chromium    3.897  3.899  3.906  3.937  3.994  4.057  4.133  4.250  4.383  4.526  4.643  4.723  4.758  4.798  4.826  4.848  4.861
             4.874  4.894
 Manganese   3.898  3.899  3.906  3.936  3.997  4.064  4.150  4.276  4.415  4.562  4.666  4.727  4.788  4.799  4.828  4.840  4.857
             4.872  4.894
 Iron        3.899  3.898  3.906  3.929  4.011  4.054  4.128  4.253  4.453  4.617  4.737  4.793  4.824  4.841  4.851  4.857  4.867
             4.876  4.890  4.894
 Cobalt      3.897  3.898  3.904  3.923  3.974  4.046  4.100  4.199  4.336  4.480  4.613  4.701  4.763  4.796  4.823  4.828  4.843
             4.855  4.877  4.894
 Nickel      3.897  3.897  3.903  3.927  3.993  4.047  4.097  4.184  4.309  4.457  4.609  4.697  4.765  4.799  4.818  4.837  4.845
             4.860  4.869  4.894
 Copper      3.897  3.899  3.903  3.928  4.003  4.044  4.091  4.155  4.272  4.421  4.576  4.703  4.756  4.800  4.819  4.837  4.857
             4.874  4.906
 Zinc        3.897  3.899  3.905  3.919  3.975  4.036  4.082  4.146  4.256  4.394  4.537  4.658  4.731  4.779  4.805  4.825  4.839
             4.864  4.887  4.894

               1      2      3      4      5      6      7      8      9     10     11     12     13     14     15     16     17
              18     19     20     21     22     23     24     25     26     27     28     29     30

 Hydrogen    3.937  4.034  3.899 (H2)          Log10 Mean Temperature (over area*electron density)
 Helium      3.920  3.948  4.118
 Lithium     3.919  3.951  4.069  4.214
 Beryllium   3.921  3.934  3.991  4.118  4.377
 Boron       3.910  3.931  3.947  4.033  4.245  4.541
 Carbon      3.910  3.931  3.969  4.055  4.176  4.417  4.659
 Nitrogen    3.903  3.919  3.967  4.057  4.150  4.301  4.548  4.729
 Oxygen      3.901  3.917  3.959  4.073  4.154  4.254  4.425  4.641  4.768
 Fluorine    3.906  3.921  3.954  4.064  4.142  4.269  4.428  4.578  4.718  4.794
 Neon        3.906  3.922  3.954  4.058  4.137  4.270  4.428  4.544  4.674  4.765  4.815
 Sodium      3.900  3.912  3.940  4.037  4.116  4.265  4.421  4.574  4.690  4.764  4.812  4.839
 Magnesium   3.913  3.910  3.939  4.030  4.100  4.201  4.356  4.520  4.636  4.719  4.782  4.824  4.850
 Aluminium   3.909  3.909  3.927  3.976  4.053  4.162  4.304  4.477  4.614  4.716  4.781  4.815  4.843  4.875
 Silicon     3.902  3.910  3.942  3.986  4.052  4.138  4.266  4.438  4.651  4.759  4.811  4.827  4.846  4.862  4.894
 Phosphorus  3.911  3.922  3.952  4.001  4.043  4.112  4.237  4.391  4.553  4.695  4.782  4.819  4.836  4.850  4.876  4.894
 Sulphur     3.907  3.925  3.955  4.016  4.074  4.105  4.196  4.334  4.528  4.679  4.767  4.808  4.833  4.846  4.856  4.894
 Chlorine    3.905  3.922  3.950  4.022  4.105  4.157  4.208  4.302  4.429  4.590  4.724  4.795  4.826  4.844  4.856  4.876  4.894
 Argon       3.903  3.916  3.941  4.014  4.104  4.191  4.265  4.313  4.413  4.541  4.676  4.761  4.812  4.838  4.853  4.871  4.894
 Potassium   3.904  3.924  3.954  4.028  4.094  4.185  4.302  4.350  4.425  4.517  4.635  4.736  4.794  4.831  4.852  4.871  4.894
 Calcium     3.906  3.915  3.947  4.007  4.086  4.172  4.280  4.392  4.466  4.515  4.614  4.707  4.782  4.820  4.841  4.854  4.883
             4.894
 Scandium    3.900  3.907  3.929  3.977  4.073  4.163  4.271  4.391  4.523  4.586  4.661  4.727  4.780  4.815  4.836  4.851  4.866
             4.894
 Titanium    3.904  3.908  3.932  3.981  4.067  4.164  4.268  4.385  4.507  4.620  4.682  4.727  4.781  4.817  4.838  4.852  4.866
             4.894
 Vanadium    3.898  3.903  3.917  3.956  4.018  4.120  4.231  4.360  4.493  4.606  4.717  4.743  4.776  4.816  4.842  4.856  4.864
             4.889  4.894
 Chromium    3.898  3.902  3.915  3.959  4.025  4.094  4.191  4.328  4.469  4.599  4.694  4.756  4.783  4.813  4.836  4.853  4.865
             4.875  4.894
 Manganese   3.901  3.902  3.914  3.957  4.028  4.105  4.218  4.363  4.501  4.625  4.709  4.758  4.805  4.814  4.837  4.847  4.861
             4.874  4.894
 Iron        3.902  3.900  3.915  3.948  4.034  4.085  4.179  4.336  4.547  4.684  4.768  4.811  4.834  4.848  4.856  4.861  4.869
             4.877  4.890  4.894
 Cobalt      3.897  3.899  3.911  3.940  4.004  4.078  4.151  4.269  4.416  4.556  4.671  4.740  4.787  4.812  4.833  4.837  4.849
             4.859  4.878  4.894
 Nickel      3.898  3.899  3.909  3.943  4.017  4.074  4.141  4.248  4.384  4.535  4.669  4.739  4.789  4.814  4.829  4.844  4.850
             4.862  4.871  4.894
 Copper      3.898  3.902  3.910  3.945  4.023  4.068  4.129  4.216  4.349  4.503  4.643  4.745  4.784  4.816  4.831  4.844  4.860
             4.875  4.906
 Zinc        3.898  3.903  3.912  3.934  4.000  4.060  4.119  4.204  4.328  4.470  4.605  4.706  4.762  4.798  4.819  4.834  4.845
             4.866  4.888  4.894

               1      2      3      4      5      6      7      8      9     10     11     12     13     14     15     16     17
              18     19     20     21     22     23     24     25     26     27     28     29     30

 Hydrogen    3.978  4.206  3.902 (H2)          Log10 Mean Temperature (over radius*electron density)
 Helium      3.936  3.978  4.264
 Lithium     3.932  3.980  4.115  4.368
 Beryllium   3.934  3.964  4.047  4.218  4.512
 Boron       3.919  3.960  3.988  4.116  4.379  4.632
 Carbon      3.922  3.955  4.004  4.098  4.265  4.532  4.716
 Nitrogen    3.910  3.937  4.002  4.101  4.206  4.398  4.638  4.766
 Oxygen      3.906  3.932  3.989  4.105  4.208  4.320  4.517  4.704  4.793
 Fluorine    3.914  3.937  3.981  4.095  4.201  4.342  4.494  4.641  4.753  4.811
 Neon        3.915  3.938  3.982  4.087  4.190  4.339  4.495  4.603  4.716  4.788  4.827
 Sodium      3.905  3.923  3.964  4.070  4.172  4.338  4.493  4.634  4.727  4.786  4.824  4.846
 Magnesium   3.923  3.919  3.961  4.057  4.144  4.267  4.427  4.586  4.685  4.750  4.801  4.833  4.854
 Aluminium   3.918  3.920  3.947  4.010  4.097  4.230  4.381  4.549  4.669  4.750  4.800  4.827  4.849  4.876
 Silicon     3.908  3.921  3.965  4.014  4.086  4.190  4.338  4.521  4.703  4.784  4.823  4.836  4.852  4.865  4.894
 Phosphorus  3.922  3.940  3.979  4.030  4.076  4.161  4.302  4.464  4.618  4.733  4.801  4.830  4.844  4.855  4.877  4.894
 Sulphur     3.917  3.945  3.986  4.049  4.111  4.148  4.252  4.406  4.599  4.722  4.789  4.820  4.840  4.851  4.860  4.894
 Chlorine    3.913  3.941  3.982  4.061  4.144  4.205  4.255  4.352  4.494  4.650  4.756  4.811  4.835  4.850  4.859  4.877  4.894
 Argon       3.910  3.931  3.970  4.051  4.150  4.243  4.316  4.358  4.463  4.600  4.719  4.785  4.824  4.845  4.858  4.873  4.894
 Potassium   3.911  3.941  3.981  4.059  4.138  4.243  4.353  4.403  4.467  4.563  4.678  4.765  4.810  4.840  4.856  4.872  4.894
 Calcium     3.913  3.927  3.974  4.044  4.128  4.230  4.342  4.447  4.517  4.557  4.652  4.736  4.799  4.830  4.848  4.858  4.883
             4.894
 Scandium    3.904  3.917  3.953  4.018  4.118  4.221  4.337  4.458  4.576  4.634  4.693  4.750  4.795  4.825  4.843  4.855  4.868
             4.894
 Titanium    3.910  3.920  3.958  4.021  4.116  4.220  4.331  4.452  4.569  4.667  4.718  4.752  4.796  4.827  4.844  4.856  4.868
             4.894
 Vanadium    3.901  3.910  3.932  3.984  4.057  4.174  4.302  4.433  4.560  4.660  4.749  4.770  4.795  4.826  4.848  4.860  4.867
             4.889  4.894
 Chromium    3.900  3.907  3.929  3.985  4.058  4.141  4.258  4.406  4.545  4.658  4.733  4.781  4.801  4.825  4.843  4.858  4.868
             4.877  4.894
 Manganese   3.906  3.908  3.927  3.982  4.062  4.158  4.295  4.443  4.571  4.674  4.743  4.781  4.819  4.826  4.844  4.853  4.865
             4.875  4.894
 Iron        3.907  3.905  3.928  3.971  4.058  4.122  4.243  4.424  4.622  4.729  4.791  4.824  4.842  4.854  4.860  4.865  4.872
             4.879  4.891  4.894
 Cobalt      3.898  3.902  3.922  3.961  4.036  4.116  4.210  4.342  4.494  4.622  4.715  4.769  4.805  4.824  4.841  4.844  4.854
             4.862  4.879  4.894
 Nickel      3.900  3.901  3.918  3.963  4.041  4.107  4.194  4.317  4.460  4.604  4.715  4.769  4.806  4.826  4.838  4.850  4.854
             4.865  4.872  4.894
 Copper      3.900  3.907  3.919  3.964  4.043  4.097  4.178  4.286  4.428  4.579  4.696  4.774  4.804  4.828  4.840  4.850  4.863
             4.876  4.906
 Zinc        3.901  3.908  3.923  3.953  4.027  4.090  4.165  4.269  4.401  4.543  4.662  4.742  4.785  4.813  4.830  4.842  4.851
             4.868  4.888  4.894

               1      2      3      4      5      6      7      8      9     10     11     12     13     14     15     16     17
              18     19     20     21     22     23     24     25     26     27     28     29     30
CIV QSO  

---------------Convergence statistics---------------
      1.66 mean iterations/state convergence
      1.99 mean cx acceleration loops/iteration
      1.47 mean iso convergence loops/ion solve
         1 mean steps/chemistry solve
         1 mean step length searches/chemistry step
----------------------------------------------------

 Cloudy ends: 181 zones, 3 iterations, 1 caution. (single thread) ExecTime(s) 300.06
 [Stop in cdMain at maincl.cpp:496, Cloudy exited OK]
