                                                          Cloudy 17.03
                                                         www.nublado.org

                       **************************************17Jun01**************************************
                       *                                                                                 *
                       * title CIV QSO                                                                   *
                       * set punch prefix "CIV_QSO"                                                      *
                       * radius = 21.500 23.500                                                          *
                       * iterate to convergence                                                          *
                       * sphere                                                                          *
                       * init "dlaw_HI_exp.ini"                                                          *
                       * dlaw table                                                                      *
                       * table SED "QSO.sed"                                                             *
                       * no line transfer                                                                *
                       * nuL(nu) = 45.0 at 1 Ryd                                                         *
                       * stop temperature off                                                            *
                       * metals 0.001                                                                    *
                       * save last radius ".rad"                                                         *
                       * save last continuum ".cont"                                                     *
                       * save last physical conditions ".phy"                                            *
                       * save last overview ".ovr"                                                       *
                       * save last heating ".heat"                                                       *
                       * save last cooling ".cool"                                                       *
                       * save last optical depth ".opd"                                                  *
                       * save last element hydrogen ".ele_H"                                             *
                       * save last element helium ".ele_He"                                              *
                       * save last element carbon ".ele_C"                                               *
                       * save last element nitrogen ".ele_N"                                             *
                       * save last element oxygen ".ele_O"                                               *
                       * save last element argon ".ele_Ar"                                               *
                       * save last element neon ".ele_Ne"                                                *
                       * save last element sulphur ".ele_S"                                              *
                       * save last element chlorin ".ele_Cl"                                             *
                       * save last element iron ".ele_Fe"                                                *
                       * save last element silicon ".ele_Si"                                             *
                       * save last lines emissivity  ".emis"                                             *
                       *                                                                                 *
                       ***********************************************************************************



 NOTE NO LINE TRANSER set but fine opacities still computed.
 NOTE Turning off fine opacities.


 NOTE
 NOTE The simulation is going into neutral gas but cosmic rays are not included.
 NOTE Ion-molecule chemistry will not occur without a source of ionization.
 NOTE The chemistry network may collapse deep in molecular regions.
 NOTE Consider adding galactic background cosmic rays with the COSMIC RAYS BACKGROUND command.
 NOTE You may be making a BIG mistake.
 NOTE



 NOTE Setcon: continuum has zero intensity starting at  3.0447e-09 Ryd.
  3800 cells in the incident continuum have zero intensity.  Problems???

           8228CellPeak1.00E+00   Lo 3.04e-09=  29.98m   Hi-Con:7.13E+06 Ryd   E(hi):7.35E+06Ryd     E(hi):     100.00 MeV
           L(nu>1ryd):  45.1904   Average nu:2.632E+00   L( X-ray):  44.4171   L(BalC):  45.1154     Q(Balmer C):  56.0776
           Q(1.0-1.8):  55.2340   Q(1.8-4.0):  54.8640   Q(4.0-20):  54.3799   Q(20--):  53.2166     Ion pht flx:2.150E+11
           L(gam ray):  43.5061   Q(gam ray):  49.9900   L(Infred):  45.3499   Alf(ox):  -1.5331     Total lumin:  45.7070
           log L/Lsun:  12.1240   Abs bol mg: -25.5674   Abs V mag: -23.1281   Bol cor:  -2.4394     nuFnu(Bbet):  44.9467
           U(1.0----):2.982E+01   U(4.0----):2.829E+00   T(En-Den):2.056E+01   T(Comp):2.661E+06     nuJnu(912A):7.958E+00
           Occ(FarIR):0.000E+00   Occ(H n=6):3.303E-10   Occ(1Ryd):3.672E-16   Occ(4R):5.387E-19     Occ (Nu-hi):0.000E+00
           Tbr(FarIR):0.000E+00   Tbr(H n=6):1.447E-06   Tbr(1Ryd):5.795E-11   Tbr(4R):3.407E-13     Tbr (Nu-hi):0.000E+00
  
                                                  Gas Phase Chemical Composition
        H :  0.0000  He: -1.0000  Li:-11.6904  Be:-13.5800  B :-12.2097  C : -6.6108  N : -7.0701  O : -6.3098  F :-10.5200
        Ne: -7.0000  Na: -8.6696  Mg: -7.4597  Al: -8.5302  Si: -7.4597  P : -9.4948  S : -7.7352  Cl: -9.7190  Ar: -8.6003
        K : -9.8794  Ca: -8.6402  Sc:-11.8297  Ti: -9.9788  V :-11.0000  Cr: -9.3298  Mn: -9.5406  Fe: -7.5498  Co:-10.0799
                                               Ni: -8.7496  Cu:-10.7905  Zn:-10.4001
 
 ####  1  Te:8.634E+04 Hden:2.403E-01 Ne:2.883E-01 R:3.226E+21 R-R0:6.325E+19 dR:1.265E+20 NTR:  8 Htot:1.295E-25 T912: 1.00e+08###
 Hydrogen      4.51e-08 1.00e+00 H+o/Hden 1.00e+00 1.10e-18 H-    H2 2.00e-30 6.71e-20 H2+ HeH+ 7.42e-24 Ho+ ColD 1.37e+12 3.04e+19
 Helium        2.79e-12 1.15e-05 1.00e+00 HeI 2s3S 2.79e-15 Comp H,C 1.33e-26 4.31e-28 Fill Fac 1.00e+00 Gam1/tot 9.99e-01
 He singlet n  2.79e-12 2.48e-22 4.03e-29 2.43e-28 3.05e-29 3.94e-28 He tripl 2.79e-15 2.39e-26 8.24e-28 5.06e-27 1.09e-27
 Pressure      NgasTgas 4.77e+04 P(total) 6.59e-12 P( gas ) 6.59e-12 P(Radtn) 0.00e+00 Rad accl 5.31e-10 ForceMul 1.20e+00
 Texc(La)      3.62e+03 T(I con) 2.00e+01 T(D con) 9.28e-01 T(U tot) 2.00e+01 nT (c+d) 5.05e+06 Prad/Gas 0.00e+00 Pmag/Gas 0.00e+00
 Molecules     CH/Ctot: 3.10e-41 CH+/Ctot 4.03e-34 CO/Ctot: 8.00e-65 CO+/Ctot 2.58e-55 H2O/Otot 3.75e-68 OH/Ototl 2.24e-45
 Lithium       4.10e-17 3.14e-09 2.79e-04 1.00e+00 Berylliu 2.99e-18 3.84e-13 5.41e-07 2.64e-03 9.97e-01 sec ion: 0.00e+00
 Boron         3.62e-20 3.51e-14 3.13e-10 2.50e-05 1.47e-02 9.85e-01
 Carbon        1.18e-21 1.40e-15 3.27e-11 5.17e-08 5.07e-04 5.70e-02 9.42e-01 H2O+/O   5.02e-66 OH+/Otot 1.33e-44 Hex(tot) 0.00e+00
 Nitrogen      4.30e-23 5.84e-17 2.39e-12 7.60e-09 2.99e-06 5.54e-03 1.63e-01 8.31e-01 O2/Ototl 4.12e-65 O2+/Otot 5.52e-63
 Oxygen        1.33e-24 1.85e-18 1.33e-13 7.62e-10 5.69e-07 7.59e-05 3.60e-02 3.39e-01 6.25e-01
 Fluorine      0.00e+00 7.11e-20 5.39e-15 6.11e-11 8.52e-08 1.93e-05 9.42e-04 1.40e-01 4.89e-01 3.70e-01
 Neon          0.00e+00 1.66e-21 2.46e-16 3.08e-12 8.46e-09 3.62e-06 2.66e-04 6.17e-03 3.34e-01 4.90e-01 1.70e-01
 Sodium        0.00e+00 2.75e-23 1.07e-17 3.21e-13 1.01e-09 6.60e-07 8.99e-05 2.30e-03 2.42e-02 5.39e-01 3.70e-01 6.45e-02
 Magnesium     0.00e+00 3.79e-26 7.18e-20 6.13e-15 4.96e-11 4.30e-08 1.10e-05 6.66e-04 1.11e-02 6.57e-02 6.66e-01 2.34e-01 2.27e-02
 Aluminium  1  2.64e-25 8.58e-22 2.07e-16 3.83e-12 1.22e-08 3.11e-06 3.04e-04 7.78e-03 4.95e-02 1.32e-01 6.68e-01 1.35e-01 7.93e-03
 Silicon    2  1.44e-20 1.29e-17 5.15e-13 2.49e-09 2.07e-06 2.79e-04 6.13e-03 4.63e-02 1.09e-01 2.08e-01 5.59e-01 6.83e-02 2.52e-03
 Phosphorus 3  5.45e-17 1.76e-14 1.60e-10 2.39e-07 5.60e-05 2.30e-03 4.06e-02 1.49e-01 2.25e-01 2.18e-01 3.39e-01 2.60e-02 6.21e-04
 Sulphur    4  4.08e-14 5.31e-12 1.40e-08 8.05e-06 7.04e-04 9.95e-03 8.04e-02 2.97e-01 2.83e-01 1.64e-01 1.58e-01 7.90e-03 1.26e-04
 Chlorine   5  2.23e-11 1.43e-09 1.31e-06 2.43e-04 1.20e-02 1.10e-01 2.66e-01 3.42e-01 1.55e-01 7.00e-02 4.32e-02 1.44e-03 1.56e-05
 Argon      6  1.90e-09 6.29e-08 2.31e-05 1.72e-03 3.02e-02 1.70e-01 4.26e-01 2.74e-01 7.03e-02 1.89e-02 8.36e-03 1.91e-04 1.45e-06
 Potassium  6  5.59e-09 1.70e-07 3.11e-06 5.10e-04 2.26e-02 1.88e-01 3.85e-01 3.02e-01 7.72e-02 1.91e-02 3.46e-03 1.15e-03 1.85e-05
 Calcium    7  1.56e-07 2.36e-06 2.52e-05 2.01e-03 4.30e-02 2.03e-01 3.46e-01 2.79e-01 1.08e-01 1.59e-02 1.87e-03 5.18e-04 5.91e-06
 Scandium   7  3.67e-07 6.84e-06 4.84e-05 2.75e-04 1.17e-02 1.21e-01 4.43e-01 3.05e-01 9.44e-02 2.10e-02 2.36e-03 2.59e-04 5.16e-05
 Titanium   8  1.19e-05 1.18e-04 4.74e-04 2.26e-03 5.27e-02 2.44e-01 4.37e-01 2.30e-01 2.95e-02 3.78e-03 2.41e-04 2.53e-05 3.70e-06
 Vanadium   8  9.72e-06 2.81e-04 1.16e-03 4.43e-03 1.32e-02 1.85e-01 4.02e-01 2.96e-01 9.15e-02 6.31e-03 4.52e-04 1.99e-05 1.60e-06
 Chromium   8  4.32e-06 1.47e-04 9.92e-04 2.56e-03 1.59e-02 2.29e-02 2.22e-01 4.91e-01 2.09e-01 3.18e-02 3.05e-03 1.11e-04 7.56e-06
 Manganese  9  5.93e-04 4.69e-03 3.50e-02 4.28e-02 4.32e-02 4.20e-02 2.83e-01 3.89e-01 1.39e-01 1.92e-02 9.80e-04 3.65e-05 1.78e-06
 Iron       9  5.30e-03 2.38e-02 4.87e-02 6.85e-02 6.79e-02 5.51e-02 8.09e-02 2.98e-01 2.48e-01 9.37e-02 8.61e-03 3.02e-04 9.46e-06
 Cobalt    10  2.90e-03 2.60e-02 1.37e-01 2.30e-01 1.29e-01 7.86e-02 6.97e-02 1.94e-01 1.06e-01 2.56e-02 1.66e-03 4.51e-05 2.15e-06
 Nickel    10  2.32e-03 2.11e-02 1.16e-01 2.27e-01 2.93e-01 1.39e-01 5.67e-02 3.80e-02 7.93e-02 2.33e-02 3.85e-03 1.75e-04 5.08e-06
 Copper    10  3.42e-03 1.30e-02 7.40e-02 1.53e-01 2.28e-01 3.76e-01 8.93e-02 2.71e-02 1.12e-02 2.06e-02 3.72e-03 3.96e-04 1.35e-05
 Zinc      11  1.03e-02 4.72e-02 1.01e-01 1.59e-01 2.97e-01 3.04e-01 5.06e-02 1.73e-02 4.27e-03 7.61e-03 7.45e-04 5.20e-05 1.56e-06
 ####413  Te:8.359E+03 Hden:3.159E-02 Ne:1.055E-03 R:3.151E+23 R-R0:3.119E+23 dR:2.289E+21 NTR:  4 Htot:1.486E-29 T912: 1.00e+08###
 Hydrogen      9.69e-01 3.14e-02 H+o/Hden 1.00e+00 3.61e-10 H-    H2 4.13e-10 1.28e-10 H2+ HeH+ 1.44e-08 Ho+ ColD 6.68e+21 2.53e+22
 Helium        9.81e-01 1.94e-02 9.09e-05 HeI 2s3S 3.64e-14 Comp H,C 4.95e-33 1.61e-35 Fill Fac 1.00e+00 Gam1/tot 4.58e-02
 He singlet n  9.81e-01 3.27e-21 1.23e-27 2.34e-27 9.28e-28 4.73e-27 He tripl 3.64e-14 3.19e-25 7.84e-27 6.68e-26 1.34e-26
 Pressure      NgasTgas 2.99e+02 P(total) 4.13e-14 P( gas ) 4.13e-14 P(Radtn) 0.00e+00 Rad accl 1.20e-10 ForceMul 9.21e+04
 Texc(La)      3.27e+03 T(I con) 1.90e+00 T(D con) 1.48e+00 T(U tot) 2.06e+00 nT (c+d) 8.17e+05 Prad/Gas 0.00e+00 Pmag/Gas 0.00e+00
 Molecules     CH/Ctot: 1.14e-15 CH+/Ctot 2.50e-09 CO/Ctot: 2.52e-16 CO+/Ctot 1.15e-15 H2O/Otot 2.28e-21 OH/Ototl 1.86e-10
 Lithium       1.93e-06 1.00e+00 5.48e-07 0.00e+00 Berylliu 4.46e-05 9.35e-01 6.33e-02 1.34e-03 0.00e+00 sec ion: 9.19e-18
 Boron         8.90e-07 9.44e-01 5.27e-04 5.54e-02 0.00e+00 0.00e+00
 Carbon        3.34e-06 9.84e-01 1.56e-02 6.50e-06 0.00e+00 0.00e+00 0.00e+00 H2O+/O   1.69e-19 OH+/Otot 8.74e-10 Hex(tot) 0.00e+00
 Nitrogen      9.43e-01 5.66e-02 3.63e-05 0.00e+00 0.00e+00 0.00e+00 0.00e+00 0.00e+00 O2/Ototl 3.20e-16 O2+/Otot 1.01e-15
 Oxygen        9.75e-01 2.54e-02 6.54e-05 0.00e+00 0.00e+00 0.00e+00 0.00e+00 0.00e+00 0.00e+00
 Fluorine      1.07e-01 6.23e-01 2.70e-01 5.96e-06 3.78e-05 0.00e+00 0.00e+00 0.00e+00 0.00e+00 0.00e+00
 Neon          7.89e-02 5.28e-01 3.94e-01 8.95e-06 2.72e-06 0.00e+00 0.00e+00 0.00e+00 0.00e+00 0.00e+00 0.00e+00
 Sodium        1.20e-05 5.86e-01 4.14e-01 1.81e-05 1.53e-04 0.00e+00 0.00e+00 0.00e+00 0.00e+00 0.00e+00 0.00e+00 0.00e+00
 Magnesium     1.21e-04 7.46e-01 2.54e-01 5.61e-06 1.86e-06 0.00e+00 0.00e+00 0.00e+00 0.00e+00 0.00e+00 0.00e+00 0.00e+00 0.00e+00
 Aluminium  0  7.30e-07 6.78e-01 1.11e-01 2.11e-01 3.13e-05 0.00e+00 0.00e+00 0.00e+00 0.00e+00 0.00e+00 0.00e+00 0.00e+00 0.00e+00
 Silicon    0  8.26e-07 1.00e+00 3.00e-04 8.69e-05 3.22e-06 0.00e+00 0.00e+00 0.00e+00 0.00e+00 0.00e+00 0.00e+00 0.00e+00 0.00e+00
 Phosphorus 0  2.72e-06 9.70e-01 2.93e-02 5.43e-04 4.98e-06 0.00e+00 0.00e+00 0.00e+00 0.00e+00 0.00e+00 0.00e+00 0.00e+00 0.00e+00
 Sulphur    0  8.81e-07 7.35e-01 2.64e-01 2.72e-05 5.45e-06 1.07e-06 0.00e+00 0.00e+00 0.00e+00 0.00e+00 0.00e+00 0.00e+00 0.00e+00
 Chlorine   0  1.55e-06 5.82e-01 4.18e-01 4.51e-05 6.99e-06 1.38e-06 0.00e+00 0.00e+00 0.00e+00 0.00e+00 0.00e+00 0.00e+00 0.00e+00
 Argon      0  2.04e-01 7.75e-01 2.04e-02 1.99e-05 4.15e-06 0.00e+00 0.00e+00 0.00e+00 0.00e+00 0.00e+00 0.00e+00 0.00e+00 0.00e+00
 Potassium  0  1.57e-06 4.43e-01 4.73e-01 3.48e-05 8.41e-02 2.72e-06 0.00e+00 0.00e+00 0.00e+00 0.00e+00 0.00e+00 0.00e+00 0.00e+00
 Calcium    0  7.79e-10 2.53e-04 9.99e-01 7.38e-04 6.00e-05 3.44e-06 0.00e+00 0.00e+00 0.00e+00 0.00e+00 0.00e+00 0.00e+00 0.00e+00
 Scandium   0  6.24e-09 2.70e-03 9.59e-01 3.65e-02 1.79e-03 4.17e-06 0.00e+00 0.00e+00 0.00e+00 0.00e+00 0.00e+00 0.00e+00 0.00e+00
 Titanium   0  4.19e-07 2.23e-01 7.48e-01 3.31e-04 2.88e-02 4.54e-06 1.28e-06 0.00e+00 0.00e+00 0.00e+00 0.00e+00 0.00e+00 0.00e+00
 Vanadium   0  4.60e-06 4.75e-01 5.24e-01 5.40e-05 1.17e-03 5.00e-06 0.00e+00 0.00e+00 0.00e+00 0.00e+00 0.00e+00 0.00e+00 0.00e+00
 Chromium   0  1.04e-06 9.94e-01 5.49e-03 2.54e-05 1.94e-04 1.61e-05 1.00e-06 0.00e+00 0.00e+00 0.00e+00 0.00e+00 0.00e+00 0.00e+00
 Manganese  0  3.46e-05 9.94e-01 4.92e-03 2.39e-05 5.71e-04 1.57e-05 4.01e-06 0.00e+00 0.00e+00 0.00e+00 0.00e+00 0.00e+00 0.00e+00
 Iron       0  4.48e-06 9.98e-01 1.73e-03 8.66e-05 4.24e-05 1.31e-05 3.03e-06 0.00e+00 0.00e+00 0.00e+00 0.00e+00 0.00e+00 0.00e+00
 Cobalt     0  2.70e-05 9.99e-01 1.45e-04 9.08e-05 3.61e-04 9.50e-06 2.12e-06 0.00e+00 0.00e+00 0.00e+00 0.00e+00 0.00e+00 0.00e+00
 Nickel     0  1.68e-05 1.00e+00 1.25e-04 2.56e-05 6.70e-05 7.65e-06 1.51e-06 0.00e+00 0.00e+00 0.00e+00 0.00e+00 0.00e+00 0.00e+00
 Copper     0  6.66e-06 9.75e-01 2.48e-02 2.49e-05 1.07e-05 5.99e-06 1.14e-06 0.00e+00 0.00e+00 0.00e+00 0.00e+00 0.00e+00 0.00e+00
 Zinc       0  4.64e-06 2.48e-01 6.75e-01 5.41e-02 2.25e-02 9.55e-06 3.48e-06 0.00e+00 0.00e+00 0.00e+00 0.00e+00 0.00e+00 0.00e+00
   CIV QSO  
   Calculation stopped because outer radius reached. Iteration 1 of 10
   The geometry is spherical.
 C-Continuum zero at some energies.
  !Background cosmic rays are not included - is this physical?  It affects the chemistry.
  !Ionization rate fell below background cosmic ray ionization rate.  Should this be added too?
  !   Use the COSMIC RAY BACKGROUND command.
  !Some input lines contained underscores, these were changed to spaces.
  !Thermal collisional ionization of H reached 13.70% of the local ionization rate.
  !Suprathermal collisional ionization of H reached 95.11% of the local H ionization rate.
  !Charge transfer H => H+ reached 13.9% of the local H ionization rate.
  !AGE: Cloud age was not set.  Longest timescale was 4.07e+15 s = 1.29e+08 years.
  !The CMB was not included.  This is added with the CMB command.
  !An ionization jump occurred elem Fe10, by 153% from 5.30e-03 (zone 1) to 8.34e-03 (zone 2) to 1.27e-02 (zone 3)
   Bound Compton heating reached 1.32% of the local heating.
   Te-ne bounds of Case B lookup table exceeded, H I Case B line intensities set to zero.
   Charge transfer heating reached 2.29% of the local heating.
   Destruction of He 2TriS reached 1.5% of the total He0 dest rate at zone 1, 0.8% of that was photoionization.
   The density is too low to l-mix the lowest H  I collapsed level.  More resolved levels are needed for accurate line ratios.
   The density is too low to l-mix the lowest He I collapsed level.  More resolved levels are needed for accurate line ratios.
   Grains were not present but might survive in this environment (energy density temperature was 2.06e+01K)
   Cloud thicker than smallest Jeans length=1.25e+22cm; stability problems? (smallest Jeans mass=9.26e+07Mo)
   The continuum optical depth at the lowest energy considered (3.045e-09 Ryd) was 1.034e+00.
   The optical depth to Rayleigh scattering at 1300A is 4.49e-02
   Is an outer radius of 3.16e+23 reasonable?
   The optical depth to electron scattering is 0.019

                       *********************************> Cloudy 17.03 <**********************************
                       * title CIV QSO                                                                   *
                       * set punch prefix "CIV_QSO"                                                      *
                       * radius = 21.500 23.500                                                          *
                       * iterate to convergence                                                          *
                       * sphere                                                                          *
                       * init "dlaw_HI_exp.ini"                                                          *
                       * table SED "QSO.sed"                                                             *
                       * no line transfer                                                                *
                       * nuL(nu) = 45.0 at 1 Ryd                                                         *
                       * stop temperature off                                                            *
                       * metals 0.001                                                                    *
                       * save last radius ".rad"                                                         *
                       * save last continuum ".cont"                                                     *
                       * save last physical conditions ".phy"                                            *
                       * save last overview ".ovr"                                                       *
                       * save last heating ".heat"                                                       *
                       * save last cooling ".cool"                                                       *
                       * save last optical depth ".opd"                                                  *
                       * save last element hydrogen ".ele_H"                                             *
                       * save last element helium ".ele_He"                                              *
                       * save last element carbon ".ele_C"                                               *
                       * save last element nitrogen ".ele_N"                                             *
                       * save last element oxygen ".ele_O"                                               *
                       * save last element argon ".ele_Ar"                                               *
                       * save last element neon ".ele_Ne"                                                *
                       * save last element sulphur ".ele_S"                                              *
                       * save last element chlorin ".ele_Cl"                                             *
                       * save last element iron ".ele_Fe"                                                *
                       * save last element silicon ".ele_Si"                                             *
                       * save last lines emissivity  ".emis"                                             *
                       * H  1  1215.67A                                                                  *
                       * H  1  1025.72A                                                                  *
                       * H  1  4861.33A                                                                  *
                       * H  1  6562.81A                                                                  *
                       * O  6  1031.91A                                                                  *
                       * O  6  1037.62A                                                                  *
                       * He 2  949.31A                                                                   *
                       * He 2  972.108A                                                                  *
                       * He 2  1025.27A                                                                  *
                       * He 2  1640.43A                                                                  *
                       * He 2  4859A                                                                     *
                       * He 2  4339A                                                                     *
                       * He 2  6527A                                                                     *
                       * He 2  6560A                                                                     *
                       * C  4  1550.78                                                                   *
                       * O  3  5006.84A                                                                  *
                       * N  5  1238.82                                                                   *
                       * N  5  1242.80                                                                   *
                       * c  4  1548.19                                                                   *
                       * c  4  1550.78                                                                   *
                       * mg 2  2795.53                                                                   *
                       * mg 2  2802.71                                                                   *
                       * end of lines                                                                    *
                       *********************************> Log(U):  1.47 <*********************************
                       >>>>>>>>>> Cautions are present.

                     Emission Line Spectrum.  Special Density Lw Model.  Closed geometry.  Iteration 1 of 10.
                                    Luminosity (erg/s) emitted by a shell with full coverage.


                                                   Intrinsic line intensities
general properties.............................      He 1                13.1205m   40.616    0.0043      Ca B                918.295A   40.313    0.0021
Inci                      0    45.707  529.3856      He 1                15.3983m   40.512    0.0034      Ca B                917.724A   40.257    0.0019
TotH                      0    44.880   78.8387      He 1                17.8584m   40.416    0.0027      Ca B                4685.64A   42.172    0.1545
TotC                      0    44.880   78.8361      He 1                20.5007m   40.327    0.0022      Ca B                3203.04A   41.865    0.0762
BFH1                      0    44.635   44.8291      He 1                23.3253m   40.243    0.0018      Ca B                2733.24A   41.613    0.0426
BFHe                      0    44.514   33.9371      He 1                26.3321m   40.164    0.0015      Ca B                2511.15A   41.403    0.0263
TotM                      0    41.468    0.0306      He 1                29.5211m   40.090    0.0013      Ca B                2385.35A   41.223    0.0174
Cbnd                      0    40.858    0.0075      He 1                32.8923m   40.020    0.0011      Ca B                2306.15A   41.066    0.0121
ComH                      0    41.242    0.0181      He 1                61.5933m   40.881    0.0079      Ca B                2252.64A   40.926    0.0088
CT H                      0    41.133    0.0141      O  2                353.073A   40.062    0.0012      Ca B                2214.62A   40.801    0.0066
H FB                      0    43.968    9.6546      grains.........................................      Ca B                2186.56A   40.686    0.0050
HFBc                      0    43.968    9.6546      H-like iso-sequence............................      Ca B                2165.20A   40.581    0.0040
H  1c                     0    44.587   40.1680      Cool                1215.67A   44.343   22.8955      Ca B                2148.55A   40.484    0.0032
He 2c                     0    43.898    8.2249      Crst                960.000A   44.221   17.2725      Ca B                2135.31A   40.394    0.0026
He 1c                     0    41.619    0.0432      LA X                1215.67A   42.201    0.1652      Ca B                2124.58A   40.310    0.0021
Ar 4c                     0    40.474    0.0031      CION                      0    43.466    3.0370      Ca B                2115.78A   40.231    0.0018
Ar 5c                     0    40.170    0.0015      He2C                      0    41.856    0.0745      Ca B                2108.46A   40.156    0.0015
C  2c                     0    40.179    0.0016      Q(H)                4861.33A   43.108    1.3338      Ca B                2102.30A   40.086    0.0013
C  3c                     0    41.998    0.1035      Q(H)                1215.67A   44.645   45.8843      Ca B                2097.07A   40.019    0.0011
Fe 2c                     0    40.465    0.0030      CaBo                4861.33A   43.126    1.3887      Ca B                1.01233m   41.535    0.0356
Fe 7c                     0    40.669    0.0048      CaBo                1640.00A   43.177    1.5634      Ca B                6559.91A   41.296    0.0205
N  5c                     0    41.167    0.0153      CaBo                4685.64A   42.187    0.1600      Ca B                5411.37A   41.087    0.0127
Ne 3c                     0    41.361    0.0239      Ca A                937.804A   42.769    0.6111      Ca B                4859.18A   40.906    0.0084
O  2c                     0    40.280    0.0020      Ca A                930.748A   42.566    0.3825      Ca B                4541.46A   40.748    0.0058
O  3c                     0    42.602    0.4160      Ca A                926.226A   42.390    0.2554      Ca B                4338.55A   40.608    0.0042
O  5c                     0    41.812    0.0674      Ca A                923.150A   42.236    0.1790      Ca B                4199.71A   40.482    0.0032
S  3c                     0    40.856    0.0075      Ca A                920.963A   42.098    0.1304      Ca B                4099.92A   40.367    0.0024
Si 2c                     0    40.210    0.0017      Ca A                919.351A   41.974    0.0979      Ca B                4025.48A   40.262    0.0019
Si 3c                     0    41.293    0.0204      Ca A                918.129A   41.860    0.0754      Ca B                3968.32A   40.164    0.0015
Si 4c                     0    41.242    0.0181      Ca A                917.181A   41.756    0.0593      Ca B                3923.37A   40.074    0.0012
Si 7c                     0    40.238    0.0018      Ca A                916.429A   41.659    0.0475      Ca B                3887.33A   39.990    0.0010
C  4c                     0    42.649    0.4628      Ca A                915.824A   41.570    0.0386      Ca B                1.86362m   41.031    0.0112
Fe 4c                     0    41.545    0.0365      Ca A                915.329A   41.486    0.0318      Ca B                1.16260m   40.839    0.0072
Fe 5c                     0    40.413    0.0027      Ca A                914.919A   41.407    0.0265      Ca B                9344.62A   40.660    0.0048
Fe 6c                     0    40.531    0.0035      Ca A                914.576A   41.334    0.0224      Ca B                8236.51A   40.503    0.0033
Mg 2c                     0    40.522    0.0035      Ca A                914.286A   41.264    0.0191      Ca B                7592.50A   40.362    0.0024
Mg 5c                     0    40.004    0.0010      Ca A                914.039A   41.199    0.0164      Ca B                7177.28A   40.235    0.0018
Mg 6c                     0    40.318    0.0022      Ca A                913.826A   41.137    0.0143      Ca B                6890.67A   40.120    0.0014
Mg 7c                     0    40.353    0.0023      Ca A                913.641A   41.079    0.0125      Ca B                6682.98A   40.014    0.0011
N  3c                     0    40.929    0.0088      Ca A                913.480A   41.024    0.0110      Ca B                3.09074m   40.610    0.0042
N  4c                     0    41.819    0.0685      Ca A                913.339A   40.973    0.0098      Ca B                1.87427m   40.452    0.0029
Ne 4c                     0    40.682    0.0050      Ca A                3970.07A   42.010    0.1063      Ca B                1.47599m   40.298    0.0021
Ne 5c                     0    40.982    0.0100      Ca A                3889.05A   41.832    0.0707      Ca B                1.28124m   40.158    0.0015
Ne 6c                     0    40.916    0.0086      Ca A                3835.38A   41.677    0.0494      Ca B                1.16728m   40.031    0.0011
Ne 7c                     0    40.397    0.0026      Ca A                3797.89A   41.538    0.0359      Ca B                4.76203m   40.248    0.0018
Ne 8c                     0    40.242    0.0018      Ca A                3770.63A   41.414    0.0269      Ca B                2.82513m   40.115    0.0014
O  4c                     0    41.708    0.0531      Ca A                3750.15A   41.300    0.0207      He 2                607.567A   43.635    4.4901
O  6c                     0    41.800    0.0656      Ca A                3734.36A   41.195    0.0163      He 2                303.784A   44.195   16.2943
S  4c                     0    41.347    0.0231      Ca A                3721.93A   41.099    0.0130      He 2                256.317A   43.398    2.5982
S  5c                     0    40.423    0.0028      Ca A                3711.97A   41.009    0.0106      He 2                243.027A   42.981    0.9957
S  6c                     0    40.023    0.0011      Ca A                3703.85A   40.925    0.0087      He 2                237.331A   42.678    0.4955
Si 8c                     0    40.048    0.0012      Ca A                3697.15A   40.846    0.0073      He 2                234.347A   42.435    0.2830
continua.......................................      Ca A                3691.55A   40.771    0.0061      He 2                232.584A   42.231    0.1770
Bac                 3646.00A   44.091   12.8042      Ca A                3686.83A   40.701    0.0052      He 2                231.454A   42.055    0.1180
nFnu                3645.00A   44.403   26.2772      Ca A                3682.80A   40.634    0.0045      He 2                230.686A   41.900    0.0826
nFnu                3647.00A   44.113   13.4730      Ca A                3679.35A   40.571    0.0039      He 2                230.139A   41.762    0.0600
cout                3646.00A   44.091   12.8042      Ca A                3676.36A   40.510    0.0034      He 2                229.736A   42.080    0.1250
thin                3646.00A   44.091   12.8097      Ca A                3673.75A   40.452    0.0029      He 2                229.431A   41.981    0.0994
Inci                4860.00A   44.947   91.9646      Ca A                3671.47A   40.396    0.0026      He 2                229.194A   41.889    0.0805
Inci                1215.00A   45.436  283.7365      Ca A                9545.93A   41.422    0.0275      He 2                229.006A   41.804    0.0663
Ba C                      0    43.779    6.2486      Ca A                9228.97A   41.267    0.0192      He 2                228.855A   41.726    0.0553
PA C                      0    43.314    2.1417      Ca A                9014.87A   41.128    0.0139      He 2                228.731A   41.653    0.0468
FIR                 83.0000m   44.127   13.9122      Ca A                8862.74A   41.002    0.0104      He 2                228.629A   41.586    0.0401
TIR                 1800.00m   41.422    0.0275      Ca A                8750.43A   40.888    0.0080      He 2                228.543A   41.524    0.0348
NIRa                2.85000m   45.271  194.0748      Ca A                8664.98A   40.784    0.0063      He 2                228.471A   41.468    0.0305
NIRb                3.00000m   44.873   77.5117      Ca A                8598.35A   40.687    0.0051      He 2                228.409A   41.418    0.0272
MIRa                15.0000m   44.914   85.2223      Ca A                8545.34A   40.597    0.0041      He 2                228.356A   41.375    0.0247
MIRb                22.5000m   44.988  101.1624      Ca A                8502.44A   40.512    0.0034      He 2                228.309A   41.344    0.0229
NMIR                21.7500m   45.271  194.0748      Ca A                8467.21A   40.433    0.0028      He 2                228.269A   41.332    0.0223
TFIR                611.250m   41.976    0.0984      Ca A                8437.91A   40.359    0.0024      He 2                228.234A   41.369    0.0243
TALL                10000.0A   45.711  533.8060      Ca A                8413.28A   40.288    0.0020      He 2                228.203A   42.161    0.1506
F12                 12.0000m   44.471   30.7641      Ca A                8392.35A   40.221    0.0017      He 2                1640.43A   42.899    0.8233
F25                 25.0000m   44.255   18.7050      Ca A                8374.43A   40.158    0.0015      He 2                1215.13A   42.477    0.3116
F60                 60.0000m   44.083   12.5751      Ca A                8358.96A   40.097    0.0013      He 2                1084.94A   42.164    0.1515
F100                100.000m   42.957    0.9414      Ca A                8345.51A   40.038    0.0011      He 2                1025.27A   41.915    0.0854
MIPS                24.0000m   43.959    9.4673      Ca A                1.81740m   40.957    0.0094      He 2                992.360A   41.708    0.0531
MIPS                70.0000m   43.511    3.3694      Ca A                1.73620m   40.817    0.0068      He 2                972.108A   41.532    0.0353
MIPS                160.000m   41.236    0.0179      Ca A                1.68064m   40.692    0.0051      He 2                958.694A   41.377    0.0248
IRAC                3.60000m   44.082   12.5624      Ca A                1.64071m   40.578    0.0039      He 2                949.324A   41.240    0.0180
IRAC                4.50000m   44.117   13.5992      Ca A                1.61092m   40.473    0.0031      He 2                942.508A   41.216    0.0171
IRAC                5.80000m   44.149   14.6471      Ca A                1.58804m   40.376    0.0025      He 2                937.389A   41.117    0.0136
IRAC                8.00000m   44.304   20.9125      Ca A                1.57006m   40.285    0.0020      He 2                933.444A   41.026    0.0110
SPR1                250.000m   41.205    0.0167      Ca A                1.55563m   40.201    0.0017      He 2                930.337A   40.941    0.0091
SPR2                350.000m   41.087    0.0127      Ca A                1.54388m   40.122    0.0014      He 2                927.846A   40.863    0.0076
SPR3                500.000m   41.030    0.0111      Ca A                1.53417m   40.047    0.0012      He 2                925.817A   40.791    0.0064
PAC1                70.0000m   43.569    3.8514      Ca A                3.03835m   40.567    0.0038      He 2                924.142A   40.723    0.0055
PAC2                100.000m   42.912    0.8481      Ca A                2.87219m   40.442    0.0029      He 2                922.743A   40.662    0.0048
PAC3                160.000m   41.510    0.0336      Ca A                2.75749m   40.328    0.0022      He 2                921.562A   40.605    0.0042
PAH                 3.30000m   43.226    1.7499      Ca A                2.67438m   40.223    0.0017      He 2                920.556A   40.555    0.0037
PAHC                3.23000m   42.933    0.8910      Ca A                2.61191m   40.125    0.0014      He 2                919.693A   40.513    0.0034
PAHC                3.37000m   42.918    0.8600      Ca A                2.56361m   40.035    0.0011      He 2                918.945A   40.481    0.0031
PAH                 6.20000m   43.666    4.8200      Ca A                12.3684m   40.790    0.0064      He 2                918.295A   40.469    0.0031
PAHC                5.65000m   43.704    5.2528      Ca A                7.50038m   40.642    0.0046      He 2                917.724A   40.507    0.0033
PAH                 7.90000m   43.852    7.3909      Ca A                5.90655m   40.493    0.0032      He 2                917.221A   41.299    0.0207
PAHC                6.90000m   43.917    8.5841      Ca A                5.12722m   40.356    0.0024      He 2                4685.64A   42.045    0.1152
PAH                 11.3000m   43.264    1.9107      Ca A                4.67119m   40.231    0.0018      He 2                3203.04A   41.764    0.0604
PAHC                10.9000m   43.286    2.0103      Ca A                4.37522m   40.117    0.0014      He 2                2733.24A   41.520    0.0344
PAH                 11.8000m   43.479    3.1297      Ca A                4.16962m   40.012    0.0011      He 2                2511.15A   41.314    0.0214
PAHC                12.6500m   43.447    2.9102      Ca A                19.0565m   40.422    0.0027      He 2                2385.35A   41.137    0.0143
PAH                 13.3000m   43.478    3.1236      Ca A                11.3055m   40.300    0.0021      He 2                2306.15A   40.982    0.0100
PAHC                14.1000m   43.446    2.9026      Ca A                8.75760m   40.170    0.0015      He 2                2252.64A   40.844    0.0073
Bcon                3640.00A   45.395  258.1495      Ca A                7.50599m   40.048    0.0012      He 2                2214.62A   40.701    0.0052
Pcon                5000.00A   44.726   55.2620      Ca A                27.7955m   40.099    0.0013      He 2                2186.56A   40.602    0.0042
O3bn                5007.00A   43.220    1.7255      Ca A                16.2045m   39.997    0.0010      He 2                2165.20A   40.511    0.0034
SX                  25.0000A   43.622    4.3567      Ca B                3970.07A   42.192    0.1617      He 2                2148.55A   40.427    0.0028
HX                  4.70000A   43.804    6.6156      Ca B                3889.05A   42.011    0.1067      He 2                2135.31A   40.349    0.0023
HFFc                      0    44.104   13.1955      Ca B                3835.38A   41.853    0.0742      He 2                2124.58A   40.277    0.0020
H FF                      0    44.034   11.2308      Ca B                3797.89A   41.713    0.0537      He 2                2115.78A   40.210    0.0017
HeFF                      0    43.276    1.9602      Ca B                3770.63A   41.586    0.0401      He 2                2108.46A   40.148    0.0015
ToFF                      0    44.103   13.1911      Ca B                3750.15A   41.471    0.0308      He 2                2102.30A   40.092    0.0013
nFnu                2.00329c   40.048    0.0012      Ca B                3734.36A   41.366    0.0241      He 2                2097.07A   40.042    0.0011
nFnu                1.33478c   40.206    0.0017      Ca B                3721.93A   41.268    0.0193      He 2                2092.59A   39.999    0.0010
nFnu                9993.08m   40.319    0.0022      Ca B                3711.97A   41.177    0.0156      He 2                2082.42A   39.993    0.0010
nFnu                6917.22m   40.461    0.0030      Ca B                3703.85A   41.093    0.0129      He 2                2079.84A   40.785    0.0063
nFnu                122.400m   41.969    0.0968      Ca B                3697.15A   41.013    0.0107      He 2                1.01233m   41.401    0.0262
nFnu                60.8322m   42.219    0.1722      Ca B                3691.55A   40.939    0.0090      He 2                6559.91A   41.199    0.0164
nInu                60.8322m   44.182   15.8159      Ca B                3686.83A   40.868    0.0077      He 2                5411.37A   41.003    0.0105
nFnu                41.2152m   42.360    0.2382      Ca B                3682.80A   40.801    0.0066      He 2                4859.18A   40.829    0.0070
nInu                41.2152m   44.406   26.4437      Ca B                3679.35A   40.738    0.0057      He 2                4541.46A   40.675    0.0049
nFnu                30.8695m   42.463    0.3021      Ca B                3676.36A   40.677    0.0049      He 2                4338.55A   40.537    0.0036
nInu                30.8695m   44.518   34.2358      Ca B                3673.75A   40.620    0.0043      He 2                4199.71A   40.332    0.0022
nFnu                24.7829m   42.542    0.3617      Ca B                3671.47A   40.565    0.0038      He 2                4099.92A   40.233    0.0018
nInu                24.7829m   44.577   39.2452      Ca B                9545.93A   41.501    0.0330      He 2                4025.48A   40.143    0.0014
nFnu                24.2998m   42.549    0.3676      Ca B                9228.97A   41.345    0.0230      He 2                3968.32A   40.059    0.0012
nInu                24.2998m   44.586   40.0379      Ca B                9014.87A   41.206    0.0167      He 2                3740.11A   40.418    0.0027
nFnu                22.8302m   42.570    0.3864      Ca B                8862.74A   41.080    0.0125      He 2                1.86362m   40.876    0.0078
nInu                22.8302m   44.603   41.6503      Ca B                8750.43A   40.966    0.0096      He 2                1.16260m   40.725    0.0055
nFnu                21.4199m   42.592    0.4067      Ca B                8664.98A   40.861    0.0075      He 2                9344.62A   40.564    0.0038
nInu                21.4199m   44.617   42.9901      Ca B                8598.35A   40.764    0.0060      He 2                8236.51A   40.416    0.0027
nFnu                21.1235m   42.598    0.4122      Ca B                8545.34A   40.674    0.0049      He 2                7592.50A   40.281    0.0020
nInu                21.1235m   44.620   43.3500      Ca B                8502.44A   40.589    0.0040      He 2                7177.28A   40.043    0.0011
nFnu                19.6199m   42.625    0.4379      Ca B                8467.21A   40.510    0.0034      He 2                5931.63A   40.132    0.0014
nInu                19.6199m   44.626   43.9452      Ca B                8437.91A   40.436    0.0028      He 2                3.09074m   40.431    0.0028
nFnu                17.6534m   42.662    0.4768      Ca B                8413.28A   40.365    0.0024      He 2                1.87427m   40.317    0.0022
nInu                17.6534m   44.649   46.2750      Ca B                8392.35A   40.298    0.0021      He 2                1.47599m   40.183    0.0016
nFnu                17.3700m   42.667    0.4832      Ca B                8374.43A   40.235    0.0018      He 2                1.28124m   40.055    0.0012
nInu                17.3700m   44.652   46.6622      Ca B                8358.96A   40.174    0.0016      He 2                4.76203m   40.047    0.0012
nFnu                15.6901m   42.703    0.5250      Ca B                8345.51A   40.116    0.0014      He-like iso-sequence...........................
nInu                15.6901m   44.665   48.0175      Ca B                8333.74A   40.061    0.0012      He 1                1202.81A   42.522    0.3458
nFnu                14.6036m   42.729    0.5567      Ca B                1.81740m   41.001    0.0104      He 1                584.334A   43.102    1.3153
nInu                14.6036m   44.680   49.7279      Ca B                1.73620m   40.863    0.0076      He 1                537.030A   42.536    0.3570
nFnu                12.4300m   42.787    0.6368      Ca B                1.68064m   40.738    0.0057      He 1                522.213A   42.150    0.1467
nInu                12.4300m   44.695   51.5305      Ca B                1.64071m   40.623    0.0044      He 1                515.617A   41.855    0.0745
nFnu                11.4000m   42.817    0.6824      Ca B                1.61092m   40.519    0.0034      He 1                512.099A   41.613    0.0427
nInu                11.4000m   44.704   52.5872      Ca B                1.58804m   40.422    0.0027      He 1                625.563A   43.858    7.4908
nFnu                10.4600m   42.849    0.7343      Ca B                1.57006m   40.331    0.0022      He 1                510.018A   42.208    0.1677
nInu                10.4600m   44.714   53.7904      Ca B                1.55563m   40.247    0.0018      He 1                508.657A   42.052    0.1171
nFnu                9.48002m   42.882    0.7928      Ca B                1.54388m   40.168    0.0015      He 1                507.727A   41.914    0.0852
nInu                9.48002m   44.724   55.0436      Ca B                1.53417m   40.093    0.0013      He 1                507.065A   41.789    0.0640
nFnu                9.32488m   42.888    0.8034      Ca B                1.52604m   40.023    0.0011      He 1                506.576A   41.678    0.0495
nInu                9.32488m   44.728   55.5014      Ca B                3.03835m   40.597    0.0041      He 1                506.204A   41.574    0.0390
nFnu                8.21035m   42.934    0.8934      Ca B                2.87219m   40.472    0.0031      He 1                505.916A   41.479    0.0313
nInu                8.21035m   44.734   56.3255      Ca B                2.75749m   40.358    0.0024      He 1                505.687A   41.392    0.0256
nFnu                7.58000m   42.962    0.9514      Ca B                2.67438m   40.254    0.0019      He 1                505.502A   41.310    0.0212
nInu                7.58000m   44.742   57.4351      Ca B                2.61191m   40.157    0.0015      He 1                505.352A   41.235    0.0179
nFnu                7.05026m   42.990    1.0164      Ca B                2.56361m   40.067    0.0012      He 1                505.227A   41.165    0.0152
nInu                7.05026m   44.744   57.6379      Ca B                12.3684m   40.806    0.0066      He 1                505.122A   41.100    0.0131
nFnu                4.11370m   43.186    1.5951      Ca B                7.50038m   40.660    0.0047      He 1                505.033A   41.041    0.0114
nInu                4.11370m   44.742   57.4207      Ca B                5.90655m   40.513    0.0034      He 1                504.958A   40.987    0.0101
nFnu                2.32440m   43.385    2.5237      Ca B                5.12722m   40.377    0.0025      He 1                504.893A   40.939    0.0090
nInu                2.32440m   44.659   47.3487      Ca B                4.67119m   40.253    0.0019      He 1                504.836A   40.900    0.0083
nFnu                1.64313m   43.519    3.4320      Ca B                4.37522m   40.140    0.0014      He 1                504.787A   40.873    0.0078
nInu                1.64313m   44.503   33.1159      Ca B                4.16962m   40.035    0.0011      He 1                504.744A   40.868    0.0077
nFnu                1.48022m   43.550    3.6860      Ca B                19.0565m   40.436    0.0028      He 1                504.706A   40.918    0.0086
nInu                1.48022m   44.471   30.7320      Ca B                11.3055m   40.315    0.0021      He 1                504.672A   41.757    0.0594
nFnu                1.43649m   43.609    4.2232      Ca B                8.75760m   40.186    0.0016      TOTL                1.08303m   42.436    0.2839
nInu                1.43649m   44.464   30.2741      Ca B                7.50599m   40.064    0.0012      He 1                1.08303m   42.436    0.2839
nFnu                1.11867m   43.683    5.0056      Ca B                27.7955m   40.113    0.0013      He 1                3888.63A   42.207    0.1673
nInu                1.11867m   44.458   29.8238      Ca B                16.2045m   40.010    0.0011      He 1                3187.74A   41.829    0.0701
nFnu                8329.68A   43.767    6.0718      H  1                2431.34A   44.261   18.9603      He 1                2945.10A   41.517    0.0342
nInu                8329.68A   44.522   34.5914      H  1                1215.67A   44.827   69.8354      He 1                2829.08A   41.261    0.0190
nFnu                8078.61A   43.890    8.0609      H  1                1025.72A   43.995   10.2845      He 1                2760.44A   40.384    0.0025
nInu                8078.61A   44.525   34.8223      H  1                972.537A   43.564    3.8105      He 1                2721.00A   40.238    0.0018
nFnu                6209.66A   43.959    9.4677      H  1                949.743A   43.255    1.8713      He 1                2694.61A   40.107    0.0013
nInu                6209.66A   44.587   40.1198      H  1                937.804A   42.934    0.8919      He 1                2676.05A   39.987    0.0010
nFnu                4885.36A   44.022   10.9435      H  1                930.748A   42.728    0.5552      He 1                7065.22A   41.577    0.0392
nInu                4885.36A   44.848   73.2016      H  1                926.226A   42.550    0.3686      He 1                5875.64A   42.061    0.1197
nFnu                3704.34A   44.100   13.0810      H  1                923.150A   42.393    0.2568      He 1                4713.03A   40.958    0.0094
nInu                3704.34A   44.764   60.3736      H  1                920.963A   42.252    0.1857      He 1                4471.49A   41.687    0.0506
nFnu                3587.67A   44.406   26.4543      H  1                919.351A   42.479    0.3132      He 1                4120.82A   40.563    0.0038
nInu                3587.67A   44.780   62.7016      H  1                918.129A   42.375    0.2463      He 1                4026.20A   41.384    0.0251
nFnu                2430.05A   44.462   30.1484      H  1                917.181A   42.279    0.1975      He 1                3867.48A   40.279    0.0020
nInu                2430.05A   44.903   83.1451      H  1                916.429A   42.190    0.1611      He 1                3819.61A   41.133    0.0141
nFnu                2392.03A   44.465   30.3011      H  1                915.824A   42.108    0.1333      He 1                3704.76A   41.009    0.0106
nInu                2392.03A   44.889   80.4948      H  1                915.329A   42.032    0.1119      He 1                3634.08A   40.852    0.0074
nFnu                2071.34A   44.488   31.9760      H  1                914.919A   41.961    0.0950      He 1                3587.16A   40.713    0.0054
nInu                2071.34A   44.906   83.6769      H  1                914.576A   41.896    0.0817      He 1                3554.34A   40.589    0.0040
nFnu                2052.68A   44.492   32.2980      H  1                914.286A   41.836    0.0712      He 1                3530.43A   40.474    0.0031
nInu                2052.68A   44.896   81.8691      H  1                914.039A   41.782    0.0629      He 1                3512.47A   40.371    0.0024
nFnu                1793.44A   44.527   34.9565      H  1                913.826A   41.736    0.0566      He 1                3498.61A   40.276    0.0020
nInu                1793.44A   44.923   87.1449      H  1                913.641A   41.701    0.0522      He 1                3487.70A   40.189    0.0016
nFnu                1585.12A   44.544   36.3882      H  1                913.480A   41.686    0.0504      He 1                3478.94A   40.107    0.0013
nInu                1585.12A   44.994  102.4043      H  1                913.339A   41.721    0.0547      He 1                3471.80A   40.032    0.0011
nFnu                1458.33A   44.536   35.7202      H  1                913.215A   42.517    0.3420      He 1                3439.99A   40.554    0.0037
nInu                1458.33A   44.935   89.4197      H  1                6562.81A   43.404    2.6333      He 1                7281.35A   40.880    0.0079
nFnu                1356.96A   44.493   32.3737      H  1                4861.33A   42.983    1.0000      He 1                6678.15A   41.499    0.0328
nInu                1356.96A   44.969   96.8620      H  1                4340.46A   42.675    0.4917      He 1                5047.64A   40.438    0.0028
nFnu                1297.29A   44.405   26.4208      H  1                4101.73A   42.370    0.2438      He 1                4921.93A   41.106    0.0133
nInu                1297.29A   44.997  103.2766      H  1                3970.07A   42.164    0.1516      He 1                4437.55A   40.109    0.0013
nFnu                1262.79A   44.286   20.0765      H  1                3889.05A   41.987    0.1008      He 1                4387.93A   40.802    0.0066
nInu                1262.79A   45.082  125.4396      H  1                3835.38A   41.831    0.0705      He 1                4143.76A   40.559    0.0038
nFnu                1218.08A   43.871    7.7252      H  1                3797.89A   41.693    0.0513      He 1                4009.05A   40.373    0.0025
nInu                1218.08A   45.427  277.9590      H  1                3770.63A   41.615    0.0428      He 1                3926.41A   40.213    0.0017
nFnu                1196.33A   43.860    7.5231      H  1                3750.15A   41.511    0.0337      He 1                3871.69A   40.073    0.0012
nInu                1196.33A   45.270  193.5702      H  1                3734.36A   41.416    0.0271      He 1                4.29459m   40.218    0.0017
nFnu                1175.06A   43.848    7.3267      H  1                3721.93A   41.327    0.0221      He 1                1.25274m   40.334    0.0022
nInu                1175.06A   45.112  134.6536      H  1                3711.97A   41.245    0.0183      He 1                9463.57A   40.259    0.0019
nFnu                1143.64A   43.828    6.9878      H  1                3703.85A   41.169    0.0153      He 1                8361.73A   40.084    0.0013
nInu                1143.64A   45.026  110.3187      H  1                3697.15A   41.098    0.0130      He 1                2.11180m   40.142    0.0014
nFnu                1113.22A   43.809    6.7031      H  1                3691.55A   41.033    0.0112      He 1                1.70027m   40.537    0.0036
nInu                1113.22A   45.016  107.9563      H  1                3686.83A   40.973    0.0098      He 1                1.19692m   40.387    0.0025
nFnu                1103.23A   43.805    6.6343      H  1                3682.80A   40.919    0.0086      He 1                1.03113m   40.193    0.0016
nInu                1103.23A   45.004  104.9207      H  1                3679.35A   40.873    0.0078      He 1                9515.06A   40.122    0.0014
nFnu                1073.86A   43.787    6.3691      H  1                3676.36A   40.838    0.0072      He 1                1.95430m   40.100    0.0013
nInu                1073.86A   45.027  110.7245      H  1                3673.75A   40.823    0.0069      He 1                1.86854m   41.057    0.0119
nFnu                1064.34A   43.781    6.2738      H  1                3671.47A   40.858    0.0075      He 1                1.27849m   40.752    0.0059
nInu                1064.34A   45.031  111.6820      H  1                3669.46A   41.655    0.0469      He 1                1.09130m   40.498    0.0033
nFnu                1035.92A   43.764    6.0304      H  1                1.87510m   42.477    0.3116      He 1                1.00275m   40.193    0.0016
nInu                1035.92A   45.099  130.5139      H  1                1.28180m   42.211    0.1690      He 1                9526.01A   40.027    0.0011
nFnu                1000.00A   43.741    5.7223      H  1                1.09380m   41.936    0.0897      He 1                1.86972m   40.581    0.0040
nInu                1000.00A   45.034  112.3485      H  1                1.00493m   41.733    0.0562      He 1                1.27905m   40.275    0.0020
nFnu                925.144A   43.697    5.1760      H  1                9545.93A   41.557    0.0375      He 1                1.09171m   40.021    0.0011
nInu                925.144A   45.001  104.2291      H  1                9228.97A   41.402    0.0263      He 1                1.90894m   40.071    0.0012
RRC............................................      H  1                9014.87A   41.265    0.0191      He 1                4.03664m   40.005    0.0011
H  1                911.753A   44.610   42.3618      H  1                8862.74A   41.100    0.0131      He 1                4.04791m   40.304    0.0021
H  1                3645.98A   43.547    3.6634      H  1                8750.43A   40.996    0.0103      He 1                2.62338m   40.028    0.0011
H  1                3645.98A   43.765    6.0444      H  1                8664.98A   40.901    0.0083      He 1                303.784A   40.220    0.0017
H  1                8203.53A   42.887    0.8013      H  1                8598.35A   40.813    0.0068      He 1                330.103A   40.229    0.0018
H  1                8203.53A   43.140    1.4341      H  1                8545.34A   40.731    0.0056      He 1                336.029A   40.121    0.0014
H  1                8203.53A   42.882    0.7914      H  1                8502.44A   40.655    0.0047      He 1                338.845A   40.053    0.0012
H  1                1.45841m   42.451    0.2938      H  1                8467.21A   40.584    0.0040      He 1                340.394A   39.990    0.0010
H  1                1.45841m   42.706    0.5281      H  1                8437.91A   40.519    0.0034      He 1                343.773A   41.534    0.0355
H  1                1.45841m   42.545    0.3649      H  1                8413.28A   40.459    0.0030      Ca B                2945.10A   41.561    0.0378
H  1                1.45841m   42.071    0.1224      H  1                8392.35A   40.406    0.0026      Ca B                3187.74A   41.876    0.0781
H  1                2.27876m   42.128    0.1396      H  1                8374.43A   40.360    0.0024      Ca B                3613.64A   40.940    0.0090
H  1                2.27876m   42.381    0.2497      H  1                8358.96A   40.325    0.0022      Ca B                3888.63A   42.260    0.1890
H  1                2.27876m   42.248    0.1840      H  1                8345.51A   40.310    0.0021      Ca B                3964.73A   41.246    0.0183
H  1                2.27876m   41.913    0.0851      H  1                8333.74A   40.345    0.0023      Ca B                4026.20A   41.483    0.0316
H  1                2.27876m   41.319    0.0217      H  1                8323.38A   41.141    0.0144      Ca B                4120.82A   40.627    0.0044
H  1                3.28142m   41.871    0.0773      H  1                4.05113m   41.807    0.0666      Ca B                4387.93A   40.901    0.0083
H  1                3.28142m   42.122    0.1376      H  1                2.62513m   41.588    0.0403      Ca B                4437.55A   40.205    0.0017
H  1                3.28142m   42.000    0.1039      H  1                2.16551m   41.396    0.0259      Ca B                4471.49A   41.792    0.0644
H  1                3.28142m   41.715    0.0539      H  1                1.94454m   41.225    0.0174      Ca B                4713.03A   41.025    0.0110
H  1                3.28142m   41.289    0.0202      H  1                1.81740m   41.072    0.0123      Ca B                4921.93A   41.217    0.0171
H  1                3.28142m   40.624    0.0044      H  1                1.73620m   40.935    0.0090      Ca B                5015.68A   41.636    0.0450
H  1                4.46637m   41.658    0.0473      H  1                1.68064m   40.731    0.0056      Ca B                5047.64A   40.576    0.0039
H  1                4.46637m   41.907    0.0839      H  1                1.64071m   40.627    0.0044      Ca B                5875.64A   42.199    0.1642
H  1                4.46637m   41.790    0.0640      H  1                1.61092m   40.533    0.0035      Ca B                6678.15A   41.647    0.0461
H  1                4.46637m   41.528    0.0350      H  1                1.58804m   40.445    0.0029      Ca B                7065.22A   41.646    0.0460
H  1                4.46637m   41.168    0.0153      H  1                1.57006m   40.363    0.0024      Ca B                7281.35A   41.114    0.0135
H  1                4.46637m   40.693    0.0051      H  1                1.55563m   40.287    0.0020      Ca B                9463.57A   40.304    0.0021
H  1                5.83363m   41.476    0.0311      H  1                1.54388m   40.217    0.0017      Ca B                1.08303m   42.539    0.3593
H  1                5.83363m   41.724    0.0550      H  1                1.53417m   40.152    0.0015      Ca B                1.19692m   40.487    0.0032
H  1                5.83363m   41.608    0.0422      H  1                1.52604m   40.092    0.0013      Ca B                1.25274m   40.381    0.0025
H  1                5.83363m   41.358    0.0237      H  1                1.51917m   40.038    0.0011      Ca B                1.27849m   40.909    0.0084
H  1                5.83363m   41.033    0.0112      H  1                1.51331m   39.992    0.0010      Ca B                1.27905m   40.433    0.0028
H  1                5.83363m   40.638    0.0045      H  1                1.49672m   40.774    0.0062      Ca B                1.29684m   40.003    0.0010
H  1                5.83363m   40.131    0.0014      H  1                7.45777m   41.253    0.0186      Ca B                1.70027m   40.642    0.0046
H  1                7.38319m   41.317    0.0216      H  1                4.65247m   41.104    0.0132      Ca B                1.86854m   41.259    0.0188
H  1                7.38319m   41.563    0.0380      H  1                3.73951m   40.945    0.0092      Ca B                1.86972m   40.786    0.0063
H  1                7.38319m   41.449    0.0292      H  1                3.29607m   40.798    0.0065      Ca B                1.90894m   40.182    0.0016
H  1                7.38319m   41.206    0.0167      H  1                3.03835m   40.664    0.0048      Ca B                1.95430m   40.147    0.0015
H  1                7.38319m   40.900    0.0083      H  1                2.87219m   40.442    0.0029      Ca B                2.05813m   41.658    0.0473
H  1                7.38319m   40.548    0.0037      H  1                2.75749m   40.339    0.0023      Ca B                2.11180m   40.209    0.0017
H  1                7.38319m   40.133    0.0014      H  1                2.67438m   40.245    0.0018      Pho+                3889.00A   42.735    0.5652
H  1                9.11505m   41.176    0.0156      H  1                2.61191m   40.157    0.0015      extra Lyman....................................
H  1                9.11505m   41.421    0.0274      H  1                2.56361m   40.076    0.0012      database lines.................................
H  1                9.11505m   41.307    0.0211      H  1                2.52538m   40.000    0.0010      Ar 4                4711.26A   40.062    0.0012
H  1                9.11505m   41.069    0.0122      H  1                2.37371m   40.488    0.0032      C  3                1908.73A   41.330    0.0222
H  1                9.11505m   40.775    0.0062      H  1                12.3684m   40.807    0.0067      C  3                1906.68A   41.522    0.0346
H  1                9.11505m   40.448    0.0029      H  1                7.50038m   40.690    0.0051      C  3                977.020A   41.646    0.0460
H  1                9.11505m   40.085    0.0013      H  1                5.90655m   40.557    0.0037      N  5                1238.82A   40.990    0.0102
H  1                11.0292m   41.800    0.0656      H  1                5.12722m   40.430    0.0028      N  5                1242.80A   40.691    0.0051
H  1                13.1257m   41.688    0.0506      H  1                4.67119m   40.203    0.0017      Ne 3                15.5509m   40.404    0.0026
H  1                15.4044m   41.584    0.0399      H  1                4.37522m   40.102    0.0013      Ne 3                3868.76A   41.161    0.0150
H  1                17.8655m   41.488    0.0320      H  1                4.16962m   40.008    0.0011      Ne 3                3967.47A   40.643    0.0046
H  1                20.5089m   41.398    0.0260      H  1                3.48198m   40.254    0.0019      O  3                88.3323m   41.118    0.0136
H  1                23.3345m   41.315    0.0214      H  1                19.0565m   40.422    0.0027      O  3                51.8004m   40.931    0.0089
H  1                26.3425m   41.236    0.0179      H  1                11.3055m   40.330    0.0022      O  3                4958.91A   41.788    0.0638
H  1                29.5328m   41.162    0.0151      H  1                8.75760m   40.216    0.0017      O  3                5006.84A   42.263    0.1904
H  1                32.9053m   41.091    0.0128      H  1                7.50599m   39.999    0.0010      O  3                2320.95A   40.406    0.0026
H  1                36.4602m   41.025    0.0110      H  1                4.84633m   40.055    0.0012      O  3                4363.21A   41.006    0.0105
H  1                40.1974m   40.961    0.0095      H  1                27.7955m   40.086    0.0013      O  3                1660.81A   41.097    0.0130
H  1                44.1168m   40.901    0.0083      H  1                16.2045m   40.012    0.0011      O  3                1666.15A   41.564    0.0381
H  1                48.2186m   40.843    0.0072      Ca A                303.784A   44.013   10.7220      O  3                835.289A   40.672    0.0049
H  1                52.5027m   40.788    0.0064      Ca A                256.317A   43.386    2.5255      O  3                833.749A   40.591    0.0041
H  1                56.9691m   41.935    0.0895      Ca A                243.027A   42.979    0.9900      O  3                835.092A   40.085    0.0013
He 2                227.838A   43.965    9.5845      Ca A                237.331A   42.676    0.4932      O  3                832.929A   41.365    0.0241
He 2                911.351A   42.791    0.6429      Ca A                234.347A   42.434    0.2824      O  3                833.715A   41.226    0.0175
He 2                911.351A   43.103    1.3168      Ca A                232.584A   42.231    0.1771      O  3                835.059A   40.021    0.0011
He 2                2049.88A   42.127    0.1392      Ca A                231.454A   42.057    0.1186      O  3                702.337A   40.752    0.0059
He 2                2049.88A   42.494    0.3242      Ca A                230.686A   41.904    0.0833      O  3                702.896A   40.638    0.0045
He 2                2049.88A   42.358    0.2369      Ca A                230.139A   41.767    0.0608      O  3                703.851A   40.847    0.0073
He 2                3644.36A   41.662    0.0477      Ca A                229.736A   41.644    0.0458      O  3                508.178A   40.176    0.0016
He 2                3644.36A   42.034    0.1124      Ca A                229.431A   41.531    0.0353      O  5                1218.34A   41.058    0.0119
He 2                3644.36A   42.000    0.1040      Ca A                229.194A   41.427    0.0278      O  5                1213.81A   41.234    0.0178
He 2                3644.36A   41.624    0.0437      Ca A                229.006A   41.331    0.0223      O  5                629.732A   41.556    0.0374
He 2                5694.36A   41.318    0.0216      Ca A                228.855A   41.242    0.0182      S  3                33.4704m   39.985    0.0010
He 2                5694.36A   41.689    0.0507      Ca A                228.731A   41.159    0.0150      S  3                9068.62A   40.001    0.0010
He 2                5694.36A   41.685    0.0503      Ca A                228.629A   41.080    0.0125      S  3                9530.62A   40.401    0.0026
He 2                5694.36A   41.452    0.0295      Ca A                228.543A   41.006    0.0105      Si 3                1892.03A   40.714    0.0054
He 2                5694.36A   40.927    0.0088      Ca A                228.471A   40.936    0.0090      Si 3                1882.71A   40.905    0.0083
He 2                8199.90A   41.046    0.0116      Ca A                228.409A   40.870    0.0077      Si 3                1206.50A   40.796    0.0065
He 2                8199.90A   41.415    0.0271      Ca A                228.356A   40.807    0.0067      Si 4                1393.75A   41.062    0.0120
He 2                8199.90A   41.423    0.0276      Ca A                228.309A   40.746    0.0058      Si 4                1402.77A   40.769    0.0061
He 2                8199.90A   41.243    0.0182      Ca A                228.269A   40.689    0.0051      C  4                1550.78A   42.173    0.1547
He 2                8199.90A   40.889    0.0080      Ca A                228.234A   40.634    0.0045      C  4                1548.19A   42.472    0.3080
He 2                8199.90A   40.268    0.0019      Ca A                1640.43A   42.931    0.8869      Fe 4                3095.77A   40.690    0.0051
He 2                1.11610m   40.823    0.0069      Ca A                1215.13A   42.491    0.3219      Fe 4                3094.96A   40.759    0.0060
He 2                1.11610m   41.191    0.0161      Ca A                1084.94A   42.170    0.1539      Fe 4                3094.53A   40.549    0.0037
He 2                1.11610m   41.203    0.0166      Ca A                1025.27A   41.918    0.0861      Fe 4                2835.74A   40.947    0.0092
He 2                1.11610m   41.047    0.0116      Ca A                992.360A   41.710    0.0533      Fe 4                2829.36A   40.577    0.0039
He 2                1.11610m   40.762    0.0060      Ca A                972.108A   41.532    0.0354      Fe 4                2823.50A   40.427    0.0028
He 2                1.11610m   40.332    0.0022      Ca A                958.694A   41.377    0.0247      Fe 4                2567.61A   40.028    0.0011
He 2                1.45776m   40.634    0.0045      Ca A                949.324A   41.238    0.0180      Mg 2                2802.71A   40.037    0.0011
He 2                1.45776m   41.000    0.0104      Ca A                942.508A   41.114    0.0135      Mg 2                2795.53A   40.336    0.0023
He 2                1.45776m   41.015    0.0107      Ca A                937.389A   41.000    0.0104      N  3                1752.16A   40.081    0.0013
He 2                1.45776m   40.871    0.0077      Ca A                933.444A   40.896    0.0082      N  3                1749.67A   40.139    0.0014
He 2                1.45776m   40.621    0.0043      Ca A                930.337A   40.800    0.0066      N  3                989.799A   40.277    0.0020
He 2                1.45776m   40.273    0.0020      Ca A                927.846A   40.711    0.0053      N  4                1486.50A   41.158    0.0150
He 2                1.84498m   40.470    0.0031      Ca A                925.817A   40.627    0.0044      N  4                1483.32A   41.342    0.0229
He 2                1.84498m   40.834    0.0071      Ca A                924.142A   40.548    0.0037      N  4                765.147A   41.467    0.0304
He 2                1.84498m   40.850    0.0074      Ca A                922.743A   40.474    0.0031      Ne 4                2421.66A   40.170    0.0015
He 2                1.84498m   40.714    0.0054      Ca A                921.562A   40.404    0.0026      Ne 4                2424.28A   40.320    0.0022
He 2                1.84498m   40.484    0.0032      Ca A                920.556A   40.338    0.0023      Ne 5                3345.99A   40.005    0.0011
He 2                1.84498m   40.180    0.0016      Ca A                919.693A   40.275    0.0020      Ne 5                3426.03A   40.452    0.0029
He 2                2.27776m   40.324    0.0022      Ca A                918.945A   40.215    0.0017      Ne 5                1145.60A   39.996    0.0010
He 2                2.27776m   40.688    0.0051      Ca A                918.295A   40.157    0.0015      Ne 6                7.64318m   40.339    0.0023
He 2                2.27776m   40.704    0.0053      Ca A                917.724A   40.102    0.0013      Ne 6                558.685A   40.253    0.0019
He 2                2.27776m   40.572    0.0039      Ca A                4685.64A   42.121    0.1373      Ne 7                465.220A   40.139    0.0014
He 2                2.27776m   40.355    0.0024      Ca A                3203.04A   41.803    0.0661      Ne 8                770.410A   40.054    0.0012
He 2                2.27776m   40.077    0.0012      Ca A                2733.24A   41.547    0.0366      O  4                25.8832m   40.502    0.0033
He 2                2.75608m   41.180    0.0157      Ca A                2511.15A   41.335    0.0225      O  4                1399.77A   40.264    0.0019
He 2                3.27997m   41.067    0.0121      Ca A                2385.35A   41.155    0.0148      O  4                1407.38A   40.254    0.0019
He 2                3.84941m   40.964    0.0096      Ca A                2306.15A   40.997    0.0103      O  4                1404.78A   40.699    0.0052
He 2                4.46440m   40.868    0.0077      Ca A                2252.64A   40.858    0.0075      O  4                1401.16A   40.681    0.0050
He 2                5.12495m   40.778    0.0062      Ca A                2214.62A   40.732    0.0056      O  4                787.710A   41.152    0.0148
He 2                5.83106m   40.695    0.0051      Ca A                2186.56A   40.618    0.0043      O  4                790.114A   40.434    0.0028
He 2                6.58272m   40.616    0.0043      Ca A                2165.20A   40.513    0.0034      O  4                790.201A   40.678    0.0049
He 2                7.37993m   40.542    0.0036      Ca A                2148.55A   40.416    0.0027      O  4                608.397A   40.095    0.0013
He 2                8.22270m   40.472    0.0031      Ca A                2135.31A   40.326    0.0022      O  4                609.830A   40.363    0.0024
He 2                9.11102m   40.405    0.0026      Ca A                2124.58A   40.242    0.0018      O  4                554.076A   40.557    0.0037
He 2                10.0449m   40.342    0.0023      Ca A                2115.78A   40.163    0.0015      O  4                555.264A   40.271    0.0019
He 2                11.0243m   40.282    0.0020      Ca A                2108.46A   40.089    0.0013      O  4                554.514A   40.395    0.0026
He 2                12.0493m   40.224    0.0017      Ca A                2102.30A   40.019    0.0011      O  6                1037.62A   41.325    0.0220
He 2                13.1199m   40.168    0.0015      Ca A                1.01233m   41.512    0.0338      O  6                1031.91A   41.623    0.0436
He 2                14.2360m   41.332    0.0223      Ca A                6559.91A   41.266    0.0192      S  4                10.5076m   40.991    0.0102
He 1                504.259A   43.833    7.0740      Ca A                5411.37A   41.053    0.0117      S  4                1416.89A   40.301    0.0021
He 1                2599.69A   42.487    0.3191      Ca A                4859.18A   40.871    0.0077      S  4                1406.02A   40.366    0.0024
He 1                3120.85A   41.950    0.0925      Ca A                4541.46A   40.712    0.0054      S  4                1062.66A   40.288    0.0020
He 1                3421.00A   41.829    0.0701      Ca A                4338.55A   40.571    0.0039      S  4                1072.97A   40.251    0.0019
He 1                3420.88A   42.306    0.2104      Ca A                4199.71A   40.444    0.0029      S  5                786.470A   40.321    0.0022
He 1                3420.88A   42.528    0.3507      Ca A                4099.92A   40.329    0.0022      level 1 lines..................................
He 1                3678.70A   42.069    0.1218      Ca A                4025.48A   40.223    0.0017      recombination..................................
He 1                6632.16A   41.694    0.0513      Ca A                3968.32A   40.126    0.0014      level2 lines...................................
He 1                7435.20A   41.223    0.0174      Ca A                3923.37A   40.036    0.0011      hyperfine structure............................
He 1                7843.44A   42.120    0.1372      Ca A                1.86362m   41.018    0.0108      inner shell....................................
He 1                8188.36A   41.720    0.0546      Ca A                1.16260m   40.821    0.0069      molecules......................................
He 1                8190.64A   41.227    0.0175      Ca A                9344.62A   40.640    0.0045      H-FB                      0    40.840    0.0072
He 1                8261.30A   41.454    0.0296      Ca A                8236.51A   40.481    0.0031      H-FF                      0    40.621    0.0043
He 1                1.24779m   41.209    0.0168      Ca A                7592.50A   40.339    0.0023      H- H                      0    40.934    0.0089
He 1                1.35647m   40.762    0.0060      Ca A                7177.28A   40.211    0.0017      H2+                       0    40.485    0.0032
He 1                1.40934m   41.671    0.0487      Ca A                6890.67A   40.096    0.0013      blends.........................................
He 1                1.45602m   41.384    0.0252      Ca A                6682.98A   39.989    0.0010      Blnd                2798.00A   40.513    0.0034
He 1                1.45643m   40.888    0.0080      Ca A                3.09074m   40.600    0.0041      Blnd                1406.00A   40.750    0.0058
He 1                1.45759m   40.901    0.0083      Ca A                1.87427m   40.440    0.0029      Blnd                4725.00A   40.310    0.0021
He 1                1.45759m   40.424    0.0028      Ca A                1.47599m   40.284    0.0020      Blnd                1888.00A   41.121    0.0137
He 1                1.46631m   41.023    0.0110      Ca A                1.28124m   40.142    0.0014      Blnd                1397.00A   41.241    0.0181
He 1                2.01409m   40.858    0.0075      Ca A                1.16728m   40.015    0.0011      Blnd                2424.00A   40.552    0.0037
He 1                2.15127m   40.426    0.0028      Ca A                4.76203m   40.239    0.0018      Blnd                895.000A   40.047    0.0012
He 1                2.21672m   41.337    0.0226      Ca A                2.82513m   40.106    0.0013      Blnd                774.000A   40.242    0.0018
He 1                2.27546m   41.086    0.0127      Ca B                1640.43A   43.124    1.3819      Blnd                977.000A   41.647    0.0461
He 1                2.27605m   40.589    0.0040      Ca B                1215.13A   42.675    0.4913      Blnd                1909.00A   41.739    0.0570
He 1                2.27752m   40.742    0.0057      Ca B                1084.94A   42.348    0.2317      Blnd                1549.00A   42.649    0.4628
He 1                2.27752m   40.265    0.0019      Ca B                1025.27A   42.092    0.1284      Blnd                1750.00A   40.564    0.0038
He 1                2.27778m   40.154    0.0015      Ca B                992.360A   41.880    0.0789      Blnd                990.000A   40.497    0.0033
He 1                2.28864m   40.699    0.0052      Ca B                972.108A   41.700    0.0521      Blnd                765.000A   41.467    0.0304
He 1                2.96255m   40.594    0.0041      Ca B                958.694A   41.543    0.0363      Blnd                1486.00A   41.561    0.0378
He 1                3.12825m   40.167    0.0015      Ca B                949.324A   41.403    0.0263      Blnd                1240.00A   41.167    0.0153
He 1                3.20640m   41.074    0.0123      Ca B                942.508A   41.277    0.0197      Blnd                3727.00A   40.216    0.0017
He 1                3.27715m   40.838    0.0072      Ca B                937.389A   41.162    0.0151      Blnd                1666.00A   41.691    0.0511
He 1                3.27790m   40.338    0.0023      Ca B                933.444A   41.057    0.0119      Blnd                5007.00A   42.388    0.2542
He 1                3.27968m   40.543    0.0036      Ca B                930.337A   40.960    0.0095      Blnd                4363.00A   41.006    0.0105
He 1                3.27969m   40.066    0.0012      Ca B                927.846A   40.870    0.0077      Blnd                835.000A   41.707    0.0529
He 1                3.28001m   40.123    0.0014      Ca B                925.817A   40.786    0.0063      Blnd                1402.00A   41.149    0.0146
He 1                3.29317m   40.439    0.0029      Ca B                924.142A   40.707    0.0053      Blnd                789.000A   41.341    0.0228
He 1                4.46460m   41.312    0.0213      Ca B                922.743A   40.632    0.0045      Blnd                630.000A   41.557    0.0375
He 1                5.83132m   41.140    0.0144      Ca B                921.562A   40.561    0.0038      Blnd                1218.00A   41.456    0.0297
He 1                7.38026m   40.988    0.0101      Ca B                920.556A   40.495    0.0032      Blnd                1035.00A   41.800    0.0656
He 1                9.11143m   40.852    0.0074      Ca B                919.693A   40.431    0.0028
He 1                11.0248m   40.729    0.0056      Ca B                918.945A   40.371    0.0024

                                                    Emergent line intensities
 Caution: emergent intensities are not reliable on the first iteration.
general properties.............................      H  1                4.67119m   40.203    0.0017      He 1                3487.70A   40.189    0.0016
continua.......................................      H  1                4.37522m   40.102    0.0013      He 1                3478.94A   40.107    0.0013
FIR                 83.0000m   44.127   13.9122      H  1                4.16962m   40.008    0.0011      He 1                3471.80A   40.032    0.0011
TIR                 1800.00m   41.422    0.0275      H  1                3.48198m   40.254    0.0019      He 1                3439.99A   40.554    0.0037
NIRa                2.85000m   45.271  194.0753      H  1                19.0565m   40.422    0.0027      He 1                7281.35A   40.880    0.0079
NIRb                3.00000m   44.873   77.5119      H  1                11.3055m   40.330    0.0022      He 1                6678.15A   41.499    0.0328
MIRa                15.0000m   44.914   85.2225      H  1                8.75760m   40.216    0.0017      He 1                5047.64A   40.438    0.0028
MIRb                22.5000m   44.988  101.1627      H  1                7.50599m   39.999    0.0010      He 1                4921.93A   41.106    0.0133
NMIR                21.7500m   45.271  194.0753      H  1                4.84633m   40.055    0.0012      He 1                4437.55A   40.109    0.0013
TFIR                611.250m   41.976    0.0984      H  1                27.7955m   40.086    0.0013      He 1                4387.93A   40.802    0.0066
TALL                10000.0A   45.710  533.5028      H  1                16.2045m   40.012    0.0011      He 1                4143.76A   40.559    0.0038
F12                 12.0000m   44.471   30.7641      He 2                303.784A   44.177   15.6169      He 1                4009.05A   40.373    0.0025
F25                 25.0000m   44.255   18.7051      He 2                256.317A   43.388    2.5375      He 1                3926.41A   40.213    0.0017
F60                 60.0000m   44.083   12.5752      He 2                243.027A   42.972    0.9753      He 1                3871.69A   40.073    0.0012
F100                100.000m   42.957    0.9414      He 2                237.331A   42.670    0.4859      He 1                4.29459m   40.218    0.0017
MIPS                24.0000m   43.959    9.4673      He 2                234.347A   42.427    0.2776      He 1                1.25274m   40.334    0.0022
MIPS                70.0000m   43.511    3.3694      He 2                232.584A   42.223    0.1737      He 1                9463.57A   40.259    0.0019
MIPS                160.000m   41.236    0.0179      He 2                231.454A   42.047    0.1159      He 1                8361.73A   40.084    0.0013
IRAC                3.60000m   44.082   12.5625      He 2                230.686A   41.892    0.0811      He 1                2.11180m   40.142    0.0014
IRAC                4.50000m   44.117   13.5993      He 2                230.139A   41.754    0.0589      He 1                1.70027m   40.537    0.0036
IRAC                5.80000m   44.149   14.6471      He 2                229.736A   42.072    0.1227      He 1                1.19692m   40.387    0.0025
IRAC                8.00000m   44.304   20.9125      He 2                229.431A   41.972    0.0975      He 1                1.03113m   40.193    0.0016
SPR1                250.000m   41.205    0.0167      He 2                229.194A   41.881    0.0790      He 1                9515.06A   40.122    0.0014
SPR2                350.000m   41.087    0.0127      He 2                229.006A   41.796    0.0650      He 1                1.95430m   40.100    0.0013
SPR3                500.000m   41.030    0.0111      He 2                228.855A   41.718    0.0543      He 1                1.86854m   41.057    0.0119
PAC1                70.0000m   43.569    3.8514      He 2                228.731A   41.645    0.0459      He 1                1.27849m   40.752    0.0059
PAC2                100.000m   42.912    0.8481      He 2                228.629A   41.578    0.0393      He 1                1.09130m   40.498    0.0033
PAC3                160.000m   41.510    0.0336      He 2                228.543A   41.516    0.0341      He 1                1.00275m   40.193    0.0016
PAH                 3.30000m   43.226    1.7499      He 2                228.471A   41.460    0.0300      He 1                9526.01A   40.027    0.0011
PAHC                3.23000m   42.933    0.8910      He 2                228.409A   41.410    0.0267      He 1                1.86972m   40.581    0.0040
PAHC                3.37000m   42.918    0.8600      He 2                228.356A   41.367    0.0242      He 1                1.27905m   40.275    0.0020
PAH                 6.20000m   43.666    4.8200      He 2                228.309A   41.336    0.0225      He 1                1.09171m   40.021    0.0011
PAHC                5.65000m   43.704    5.2528      He 2                228.269A   41.324    0.0219      He 1                1.90894m   40.071    0.0012
PAH                 7.90000m   43.852    7.3910      He 2                228.234A   41.361    0.0238      He 1                4.03664m   40.005    0.0011
PAHC                6.90000m   43.917    8.5841      He 2                228.203A   42.153    0.1478      He 1                4.04791m   40.304    0.0021
PAH                 11.3000m   43.264    1.9107      He 2                1640.43A   42.899    0.8233      He 1                2.62338m   40.028    0.0011
PAHC                10.9000m   43.286    2.0103      He 2                1215.13A   42.477    0.3116      He 1                303.784A   40.165    0.0015
PAH                 11.8000m   43.479    3.1298      He 2                1084.94A   42.164    0.1515      He 1                330.103A   40.169    0.0015
PAHC                12.6500m   43.447    2.9102      He 2                1025.27A   41.915    0.0854      He 1                336.029A   40.060    0.0012
PAH                 13.3000m   43.478    3.1236      He 2                992.360A   41.708    0.0531      He 1                338.845A   39.991    0.0010
PAHC                14.1000m   43.446    2.9026      He 2                972.108A   41.532    0.0353      He 1                343.773A   41.456    0.0297
Bcon                3640.00A   45.395  258.1130      He 2                958.694A   41.377    0.0248      extra Lyman....................................
Pcon                5000.00A   44.725   55.2366      He 2                949.324A   41.240    0.0180      database lines.................................
O3bn                5007.00A   43.220    1.7247      He 2                942.508A   41.216    0.0171      Ar 4                4711.26A   40.062    0.0012
SX                  25.0000A   43.336    2.2508      He 2                937.389A   41.117    0.0136      C  3                1908.73A   41.330    0.0222
HX                  4.70000A   43.790    6.4048      He 2                933.444A   41.026    0.0110      C  3                1906.68A   41.522    0.0346
RRC............................................      He 2                930.337A   40.941    0.0091      C  3                977.020A   41.646    0.0460
grains.........................................      He 2                927.846A   40.863    0.0076      N  5                1238.82A   40.990    0.0102
H-like iso-sequence............................      He 2                925.817A   40.791    0.0064      N  5                1242.80A   40.691    0.0051
H  1                1215.67A   44.827   69.8340      He 2                924.142A   40.723    0.0055      Ne 3                15.5509m   40.404    0.0026
H  1                1025.72A   43.995   10.2845      He 2                922.743A   40.662    0.0048      Ne 3                3868.76A   41.161    0.0150
H  1                972.537A   43.564    3.8105      He 2                921.562A   40.605    0.0042      Ne 3                3967.47A   40.643    0.0046
H  1                949.743A   43.255    1.8713      He 2                920.556A   40.555    0.0037      O  3                88.3323m   41.118    0.0136
H  1                937.804A   42.934    0.8919      He 2                919.693A   40.513    0.0034      O  3                51.8004m   40.931    0.0089
H  1                930.748A   42.728    0.5552      He 2                918.945A   40.481    0.0031      O  3                4958.91A   41.788    0.0638
H  1                926.226A   42.550    0.3686      He 2                918.295A   40.469    0.0031      O  3                5006.84A   42.263    0.1904
H  1                923.150A   42.393    0.2568      He 2                917.724A   40.507    0.0033      O  3                2320.95A   40.406    0.0026
H  1                920.963A   42.252    0.1857      He 2                917.221A   41.299    0.0207      O  3                4363.21A   41.006    0.0105
H  1                919.351A   42.479    0.3132      He 2                4685.64A   42.045    0.1152      O  3                1660.81A   41.097    0.0130
H  1                918.129A   42.375    0.2463      He 2                3203.04A   41.764    0.0604      O  3                1666.15A   41.564    0.0381
H  1                917.181A   42.279    0.1975      He 2                2733.24A   41.520    0.0344      O  3                835.289A   40.078    0.0012
H  1                916.429A   42.190    0.1611      He 2                2511.15A   41.314    0.0214      O  3                833.749A   40.017    0.0011
H  1                915.824A   42.108    0.1333      He 2                2385.35A   41.137    0.0143      O  3                832.929A   40.807    0.0067
H  1                915.329A   42.032    0.1119      He 2                2306.15A   40.982    0.0100      O  3                833.715A   40.664    0.0048
H  1                914.919A   41.961    0.0950      He 2                2252.64A   40.844    0.0073      O  3                702.337A   40.383    0.0025
H  1                914.576A   41.896    0.0817      He 2                2214.62A   40.701    0.0052      O  3                702.896A   40.269    0.0019
H  1                914.286A   41.836    0.0712      He 2                2186.56A   40.602    0.0042      O  3                703.851A   40.476    0.0031
H  1                914.039A   41.782    0.0629      He 2                2165.20A   40.511    0.0034      O  3                508.178A   40.018    0.0011
H  1                913.826A   41.736    0.0566      He 2                2148.55A   40.427    0.0028      O  5                1218.34A   41.058    0.0119
H  1                913.641A   41.701    0.0522      He 2                2135.31A   40.349    0.0023      O  5                1213.81A   41.234    0.0178
H  1                913.480A   41.686    0.0504      He 2                2124.58A   40.277    0.0020      O  5                629.732A   41.408    0.0266
H  1                913.339A   41.721    0.0547      He 2                2115.78A   40.210    0.0017      S  3                33.4704m   39.985    0.0010
H  1                913.215A   42.517    0.3420      He 2                2108.46A   40.148    0.0015      S  3                9068.62A   40.001    0.0010
H  1                6562.81A   43.404    2.6333      He 2                2102.30A   40.092    0.0013      S  3                9530.62A   40.401    0.0026
H  1                4861.33A   42.983    1.0000      He 2                2097.07A   40.042    0.0011      Si 3                1892.03A   40.714    0.0054
H  1                4340.46A   42.675    0.4917      He 2                2092.59A   39.999    0.0010      Si 3                1882.71A   40.905    0.0083
H  1                4101.73A   42.370    0.2438      He 2                2082.42A   39.993    0.0010      Si 3                1206.50A   40.796    0.0065
H  1                3970.07A   42.164    0.1516      He 2                2079.84A   40.785    0.0063      Si 4                1393.75A   41.062    0.0120
H  1                3889.05A   41.987    0.1008      He 2                1.01233m   41.401    0.0262      Si 4                1402.77A   40.769    0.0061
H  1                3835.38A   41.831    0.0705      He 2                6559.91A   41.199    0.0164      C  4                1550.78A   42.173    0.1547
H  1                3797.89A   41.693    0.0513      He 2                5411.37A   41.003    0.0105      C  4                1548.19A   42.472    0.3080
H  1                3770.63A   41.615    0.0428      He 2                4859.18A   40.829    0.0070      Fe 4                3095.77A   40.690    0.0051
H  1                3750.15A   41.511    0.0337      He 2                4541.46A   40.675    0.0049      Fe 4                3094.96A   40.759    0.0060
H  1                3734.36A   41.416    0.0271      He 2                4338.55A   40.537    0.0036      Fe 4                3094.53A   40.549    0.0037
H  1                3721.93A   41.327    0.0221      He 2                4199.71A   40.332    0.0022      Fe 4                2835.74A   40.947    0.0092
H  1                3711.97A   41.245    0.0183      He 2                4099.92A   40.233    0.0018      Fe 4                2829.36A   40.577    0.0039
H  1                3703.85A   41.169    0.0153      He 2                4025.48A   40.143    0.0014      Fe 4                2823.50A   40.427    0.0028
H  1                3697.15A   41.098    0.0130      He 2                3968.32A   40.059    0.0012      Fe 4                2567.61A   40.028    0.0011
H  1                3691.55A   41.033    0.0112      He 2                3740.11A   40.418    0.0027      Mg 2                2802.71A   40.037    0.0011
H  1                3686.83A   40.973    0.0098      He 2                1.86362m   40.876    0.0078      Mg 2                2795.53A   40.336    0.0023
H  1                3682.80A   40.919    0.0086      He 2                1.16260m   40.725    0.0055      N  3                1752.16A   40.081    0.0013
H  1                3679.35A   40.873    0.0078      He 2                9344.62A   40.564    0.0038      N  3                1749.67A   40.139    0.0014
H  1                3676.36A   40.838    0.0072      He 2                8236.51A   40.416    0.0027      N  3                989.799A   40.277    0.0020
H  1                3673.75A   40.823    0.0069      He 2                7592.50A   40.281    0.0020      N  4                1486.50A   41.158    0.0150
H  1                3671.47A   40.858    0.0075      He 2                7177.28A   40.043    0.0011      N  4                1483.32A   41.342    0.0229
H  1                3669.46A   41.655    0.0469      He 2                5931.63A   40.132    0.0014      N  4                765.147A   41.068    0.0122
H  1                1.87510m   42.477    0.3116      He 2                3.09074m   40.431    0.0028      Ne 4                2421.66A   40.170    0.0015
H  1                1.28180m   42.211    0.1690      He 2                1.87427m   40.317    0.0022      Ne 4                2424.28A   40.320    0.0022
H  1                1.09380m   41.936    0.0897      He 2                1.47599m   40.183    0.0016      Ne 5                3345.99A   40.005    0.0011
H  1                1.00493m   41.733    0.0562      He 2                1.28124m   40.055    0.0012      Ne 5                3426.03A   40.452    0.0029
H  1                9545.93A   41.557    0.0375      He 2                4.76203m   40.047    0.0012      Ne 5                1145.60A   39.996    0.0010
H  1                9228.97A   41.402    0.0263      He-like iso-sequence...........................      Ne 6                7.64318m   40.339    0.0023
H  1                9014.87A   41.265    0.0191      He 1                584.334A   42.430    0.2795      Ne 6                558.685A   40.150    0.0015
H  1                8862.74A   41.100    0.0131      He 1                537.030A   41.950    0.0926      Ne 7                465.220A   40.090    0.0013
H  1                8750.43A   40.996    0.0103      He 1                522.213A   41.588    0.0403      O  4                25.8832m   40.502    0.0033
H  1                8664.98A   40.901    0.0083      He 1                515.617A   41.305    0.0210      O  4                1399.77A   40.264    0.0019
H  1                8598.35A   40.813    0.0068      He 1                512.099A   41.070    0.0122      O  4                1407.38A   40.254    0.0019
H  1                8545.34A   40.731    0.0056      He 1                625.563A   43.126    1.3891      O  4                1404.78A   40.699    0.0052
H  1                8502.44A   40.655    0.0047      He 1                510.018A   41.653    0.0468      O  4                1401.16A   40.681    0.0050
H  1                8467.21A   40.584    0.0040      He 1                508.657A   41.498    0.0327      O  4                787.710A   40.852    0.0074
H  1                8437.91A   40.519    0.0034      He 1                507.727A   41.359    0.0238      O  4                790.114A   40.132    0.0014
H  1                8413.28A   40.459    0.0030      He 1                507.065A   41.237    0.0179      O  4                790.201A   40.374    0.0025
H  1                8392.35A   40.406    0.0026      He 1                506.576A   41.125    0.0138      O  4                609.830A   40.191    0.0016
H  1                8374.43A   40.360    0.0024      He 1                506.204A   41.021    0.0109      O  4                554.076A   40.418    0.0027
H  1                8358.96A   40.325    0.0022      He 1                505.916A   40.929    0.0088      O  4                555.264A   40.132    0.0014
H  1                8345.51A   40.310    0.0021      He 1                505.687A   40.841    0.0072      O  4                554.514A   40.256    0.0019
H  1                8333.74A   40.345    0.0023      He 1                505.502A   40.760    0.0060      O  6                1037.62A   41.325    0.0220
H  1                8323.38A   41.141    0.0144      He 1                505.352A   40.684    0.0050      O  6                1031.91A   41.623    0.0436
H  1                4.05113m   41.807    0.0666      He 1                505.227A   40.615    0.0043      S  4                10.5076m   40.991    0.0102
H  1                2.62513m   41.588    0.0403      He 1                505.122A   40.551    0.0037      S  4                1416.89A   40.301    0.0021
H  1                2.16551m   41.396    0.0259      He 1                505.033A   40.492    0.0032      S  4                1406.02A   40.366    0.0024
H  1                1.94454m   41.225    0.0174      He 1                504.958A   40.439    0.0029      S  4                1062.66A   40.288    0.0020
H  1                1.81740m   41.072    0.0123      He 1                504.893A   40.393    0.0026      S  4                1072.97A   40.251    0.0019
H  1                1.73620m   40.935    0.0090      He 1                504.836A   40.356    0.0024      level 1 lines..................................
H  1                1.68064m   40.731    0.0056      He 1                504.787A   40.332    0.0022      recombination..................................
H  1                1.64071m   40.627    0.0044      He 1                504.744A   40.331    0.0022      level2 lines...................................
H  1                1.61092m   40.533    0.0035      He 1                504.706A   40.388    0.0025      hyperfine structure............................
H  1                1.58804m   40.445    0.0029      He 1                504.672A   41.247    0.0184      inner shell....................................
H  1                1.57006m   40.363    0.0024      He 1                1.08303m   42.436    0.2839      molecules......................................
H  1                1.55563m   40.287    0.0020      He 1                3888.63A   42.207    0.1673      blends.........................................
H  1                1.54388m   40.217    0.0017      He 1                3187.74A   41.829    0.0701      Blnd                2798.00A   40.513    0.0034
H  1                1.53417m   40.152    0.0015      He 1                2945.10A   41.517    0.0342      Blnd                1406.00A   40.750    0.0058
H  1                1.52604m   40.092    0.0013      He 1                2829.08A   41.261    0.0190      Blnd                4725.00A   40.310    0.0021
H  1                1.51917m   40.038    0.0011      He 1                2760.44A   40.384    0.0025      Blnd                1888.00A   41.121    0.0137
H  1                1.51331m   39.992    0.0010      He 1                2721.00A   40.238    0.0018      Blnd                1397.00A   41.241    0.0181
H  1                1.49672m   40.774    0.0062      He 1                2694.61A   40.107    0.0013      Blnd                2424.00A   40.552    0.0037
H  1                7.45777m   41.253    0.0186      He 1                2676.05A   39.987    0.0010      Blnd                774.000A   40.157    0.0015
H  1                4.65247m   41.104    0.0132      He 1                7065.22A   41.577    0.0392      Blnd                977.000A   41.647    0.0461
H  1                3.73951m   40.945    0.0092      He 1                5875.64A   42.061    0.1197      Blnd                1909.00A   41.739    0.0570
H  1                3.29607m   40.798    0.0065      He 1                4713.03A   40.958    0.0094      Blnd                1549.00A   42.649    0.4628
H  1                3.03835m   40.664    0.0048      He 1                4471.49A   41.687    0.0506      Blnd                1750.00A   40.564    0.0038
H  1                2.87219m   40.442    0.0029      He 1                4120.82A   40.563    0.0038      Blnd                990.000A   40.497    0.0033
H  1                2.75749m   40.339    0.0023      He 1                4026.20A   41.384    0.0251      Blnd                765.000A   41.068    0.0122
H  1                2.67438m   40.245    0.0018      He 1                3867.48A   40.279    0.0020      Blnd                1486.00A   41.561    0.0378
H  1                2.61191m   40.157    0.0015      He 1                3819.61A   41.133    0.0141      Blnd                1240.00A   41.167    0.0153
H  1                2.56361m   40.076    0.0012      He 1                3704.76A   41.009    0.0106      Blnd                5007.00A   42.388    0.2542
H  1                2.52538m   40.000    0.0010      He 1                3634.08A   40.852    0.0074      Blnd                835.000A   41.144    0.0145
H  1                2.37371m   40.488    0.0032      He 1                3587.16A   40.713    0.0054      Blnd                789.000A   41.042    0.0115
H  1                12.3684m   40.807    0.0067      He 1                3554.34A   40.589    0.0040      Blnd                630.000A   41.408    0.0266
H  1                7.50038m   40.690    0.0051      He 1                3530.43A   40.474    0.0031      Blnd                1218.00A   41.456    0.0297
H  1                5.90655m   40.557    0.0037      He 1                3512.47A   40.371    0.0024      Blnd                1035.00A   41.800    0.0656
H  1                5.12722m   40.430    0.0028      He 1                3498.61A   40.276    0.0020



 CIV QSO  
 Cooling:  HFBc                      0 :0.122 H  1c                     0 :0.510 He 2c                     0 :0.104 HFFc                      0 :0.167  
 Heating:  BFH1                      0 :0.569 BFHe                      0 :0.430  

 These are some of the most important databases used by Cloudy:
 Many recombination coefficients were taken from http://amdpp.phys.strath.ac.uk/tamoc/RR/ and http://amdpp.phys.strath.ac.uk/tamoc/DR/
      and are based on the following papers:
        Badnell N. R., et al., A&A 406, 1151 (2003) [http://adsabs.harvard.edu/abs/2003A%26A...406.1151B]
        Badnell N. R., ApJS 167, 334 (2006) [http://adsabs.harvard.edu/abs/2006ApJS..167..334B]
 Much of the molecular emission data is from LAMDA as accessed on June 30, 2015. This database is described in:
        Schoeier F.L., et al., A&A 432, 369 (2005) [http://adsabs.harvard.edu/abs/2005A%26A...432..369S]
      This database is in part based on the work of the following groups:
        JPL: Pickett H. M. et al., JQSRT, 60, 883 (1998). [http://adsabs.harvard.edu/abs/1998JQSRT..60..883P]
        CDMS: Mueller H. S. et al., A&A 370, L49 (2001). [http://adsabs.harvard.edu/abs/2001A%26A...370L..49M]
              Mueller H. S. et al., J. Mol. Struct. 742, 215 (2005). [http://adsabs.harvard.edu/abs/2005JMoSt.742..215M]
 Some of the ionic emission data is from version 7.1.4 of CHIANTI. CHIANTI is a collaborative project involving the NRL (USA), the
      Universities of Florence (Italy) and Cambridge (UK), and George Mason University (USA). These papers describe Chianti:
        Dere K. P., et al., A&AS, 125, 149 (1997) [http://adsabs.harvard.edu/abs/1997A%26AS..125..149D]
        Landi E., et al., ApJ, 744, 99 (2012) [http://adsabs.harvard.edu/abs/2012ApJ...744...99L]
 Much of the H_2 data is from this web site: http://molat.obspm.fr/index.php?page=pages/Molecules/H2/H2can94.php. These data are
      described in:
        Abgrall H. et al., Can. J. Phys., 72, 856 (1994) [http://adsabs.harvard.edu/abs/1994CaJPh..72..856A]
        Wrathmall S. A. & Flower D. R., J. Phys. B, 40, 3221 (2007) [http://adsabs.harvard.edu/abs/2007JPhB...40.3221W]
 The Case A and Case B recombination predictions for one-electron systems are from
	Storey, P.J. & Hummer, D.G., 1995, MNRAS 272, 41 http://adsabs.harvard.edu/abs/1995MNRAS.272...41S
 The He I recombination predictions are from
	Porter, R. L.; Ferland, G. J.; Storey, P. J.; Detisch, M. J., 2012, MNRAS, 425, 28p http://adsabs.harvard.edu/abs/2012MNRAS.425L..28P
		http://adsabs.harvard.edu/abs/2013MNRAS.433L..89P

 If you find some process or data set to be particularly critical to a result, please follow the trail of references back to the
 original source and cite that.  This will support and encourage atomic, molecular, and chemical physicists to continue their
 valuable work.

 IONIZE PARMET:  U(1-)  1.4745  U(4-):  0.4517  U(sp): -1.15  Q(ion):   52.425  L(ion) 44.281    Q(low): 58.147    L(low) 45.692
 ENERGY BUDGET:  Heat:  44.880  Coolg:  44.880  Error:  0.0%  Rec Lin:  44.360  F-F  H  0.000    P(rad/tot)max     0.00E+00    R(F Con):1.737e+05

     Col(Heff):      2.768E+21  snd travl time  2.62E+17 sec  Te-low: 8.36E+03  Te-hi: 8.63E+04  G0TH85: 4.23E+03  G0DB96:4.11E+03
  Emiss Measure    n(e)n(p) dl       4.630E+21  n(e)n(He+)dl         1.400E+20  En(e)n(He++) dl         3.231E+20  ne nC+:5.57E+12
 He/Ha:9.75E-02  =   0.97*true  Lthin:2.94E+03  itr/zn: 4.52  H2 itr/zn:  0.00  File Opacity: F  MassTot 1.76e+46  (gm)
   Temps(21 cm)   T(21cm/Ly a)  3.05E+03        T(<nH/Tkin>)  8.55E+03          T(<nH/Tspin>)    3.27E+03          TB21cm:1.71E+02
                   N(H0/Tspin)  2.04E+18        N(OH/Tkin)    7.23E+01          B(21cm)          0.00E+00
   <a>:1.01E-10  erdeFe6.2E+23  Tcompt5.36E+10  Tthr4.07E+15  <Tden>: 3.88E+04  <dens>:2.39E-25  <MolWgt>7.57E-01
     Mean Jeans  l(cm)4.07E+22  M(sun)1.31E+09  smallest:     len(cm):1.25E+22  M(sun):9.26E+07  a_ox tran: -1.54
 Rion:1.783E+23  Dist:0.00E+00  Diam:0.000E+00
 Hatom level 70  HatomType: add  HInducImp  F  He tot level: 63  He2 level:   70  ExecTime   166.2
 ConvrgError(%)  <eden>  0.028  MaxEden  0.305  <H-C>   0.09  Max(H-C)    0.48  <Press>   0.000  MaxPrs er  0.000
  Continuity(%)  chng Te   2.8  elec den   7.0  n(H2)    0.0  n(CO)        0.0

                                                        Averaged Quantities
             Te      Te(Ne)   Te(NeNp)  Te(NeHe+)Te(NeHe2+) Te(NeO+)  Te(NeO2+)  Te(H2)     N(H)     Ne(O2+)   Ne(Np)
 Radius:  2.71e+04  4.75e+04  5.28e+04  3.19e+04  6.19e+04  1.83e+04  3.32e+04  8.55e+03  1.02e-01  1.27e-01  1.83e-01
   Area:  1.61e+04  3.59e+04  4.10e+04  3.00e+04  5.72e+04  1.65e+04  3.09e+04  8.53e+03  7.02e-02  1.20e-01  1.40e-01
 Volume:  1.20e+04  2.94e+04  3.39e+04  2.83e+04  5.55e+04  1.54e+04  2.89e+04  8.50e+03  5.69e-02  1.14e-01  1.16e-01
 
 Peimbert T(OIIIr)2.30E+04 T(Bac)1.40E+04 T(Hth)0.00E+00 t2(Hstrc) 1.46e-01 T(O3-BAC)0.00E+00 t2(O3-BC) 0.00e+00 t2(O3str) 7.41e-02

 Contin Optical Depths: COMP: 1.94e-02    H-: 1.17e-04 R(1300): 4.49e-02  H2+: 7.10e-06  Bra:9.71E-03
                          Pa: 9.71e-03    Ba: 9.77e-03      Hb: 9.76e-03   La: 5.52e+01     1r:5.006E+07  1.8:1.18E+07 4.:1.717E+06

 Old, new H  1 continuum optical depths:
     1 1.00e+08     2 0.00e+00     3 0.00e+00     4 0.00e+00     5 0.00e+00     6 0.00e+00     7 0.00e+00     8 0.00e+00
     9 0.00e+00    10 0.00e+00    11 0.00e+00    12 0.00e+00    13 0.00e+00    14 0.00e+00    15 0.00e+00    16 0.00e+00
    17 0.00e+00    18 0.00e+00    19 0.00e+00    20 0.00e+00    21 0.00e+00    22 0.00e+00    23 0.00e+00    24 0.00e+00
    25 0.00e+00    26 0.00e+00    27 0.00e+00    28 0.00e+00    29 0.00e+00    30 0.00e+00    31 0.00e+00    32 0.00e+00
    33 0.00e+00    34 0.00e+00    35 0.00e+00    36 0.00e+00    37 0.00e+00    38 0.00e+00    39 0.00e+00    40 0.00e+00
    41 0.00e+00    42 0.00e+00    43 0.00e+00    44 0.00e+00    45 0.00e+00    46 0.00e+00    47 0.00e+00    48 0.00e+00
    49 0.00e+00    50 0.00e+00    51 0.00e+00    52 0.00e+00    53 0.00e+00    54 0.00e+00
     1 5.01e+07     2 3.11e-05     3 6.09e-05     4 6.09e-05     5 6.09e-05     6 1.53e-05     7 1.53e-05     8 1.53e-05
     9 1.53e-05    10 9.04e-16    11 9.04e-16    12 9.04e-16    13 9.04e-16    14 9.04e-16    15 2.02e-15    16 2.02e-15
    17 2.02e-15    18 2.02e-15    19 2.02e-15    20 2.02e-15    21 4.10e-15    22 4.10e-15    23 4.10e-15    24 4.10e-15
    25 4.10e-15    26 4.10e-15    27 4.10e-15    28 7.71e-15    29 7.71e-15    30 7.71e-15    31 7.71e-15    32 7.71e-15
    33 7.71e-15    34 7.71e-15    35 7.71e-15    36 1.37e-14    37 1.37e-14    38 1.37e-14    39 1.37e-14    40 1.37e-14
    41 1.37e-14    42 1.37e-14    43 1.37e-14    44 1.37e-14    45 2.29e-14    46 2.29e-14    47 2.29e-14    48 2.29e-14
    49 2.29e-14    50 2.29e-14    51 2.29e-14    52 2.29e-14    53 2.29e-14    54 2.29e-14

 Old, new H  1 mean line optical depths:
  2- 1 1.61e+20  3- 2 8.61e-02  4- 3 0.00e+00  5- 4 0.00e+00  6- 5 0.00e+00  7- 6 0.00e+00  8- 7 0.00e+00
  9- 8 0.00e+00 10- 9 0.00e+00 11-10 0.00e+00 12-11 0.00e+00 13-12 0.00e+00 14-13 0.00e+00 15-14 0.00e+00 16-15 0.00e+00
 17-16 0.00e+00 18-17 0.00e+00 19-18 0.00e+00 20-19 0.00e+00 21-20 0.00e+00 22-21 0.00e+00 23-22 0.00e+00 24-23 0.00e+00
 25-24 0.00e+00
  2- 1 7.56e+08  3- 2 7.69e-06  4- 3 2.27e-12  5- 4 2.32e-12  6- 5 4.93e-12  7- 6 4.54e-12  8- 7 8.79e-12
  9- 8 1.60e-11 10- 9 2.64e-11 11-10 2.18e-10 12-11 0.00e+00 13-12 0.00e+00 14-13 0.00e+00 15-14 0.00e+00 16-15 0.00e+00
 17-16 0.00e+00 18-17 0.00e+00 19-18 0.00e+00 20-19 0.00e+00 21-20 0.00e+00 22-21 0.00e+00 23-22 0.00e+00 24-23 0.00e+00
 25-24 0.00e+00

 Old, new He 2 continuum optical depths:
     1 3.43e+06     2 9.96e+07     3 0.00e+00     4 0.00e+00     5 0.00e+00     6 0.00e+00     7 0.00e+00     8 0.00e+00
     9 0.00e+00    10 0.00e+00    11 0.00e+00    12 0.00e+00    13 0.00e+00    14 0.00e+00    15 0.00e+00    16 0.00e+00
    17 0.00e+00    18 0.00e+00    19 0.00e+00    20 0.00e+00    21 0.00e+00    22 0.00e+00    23 0.00e+00    24 0.00e+00
    25 0.00e+00    26 0.00e+00    27 0.00e+00    28 0.00e+00    29 0.00e+00    30 0.00e+00    31 0.00e+00    32 0.00e+00
    33 0.00e+00    34 0.00e+00    35 0.00e+00    36 0.00e+00    37 0.00e+00    38 0.00e+00    39 0.00e+00    40 0.00e+00
    41 0.00e+00    42 0.00e+00    43 0.00e+00    44 0.00e+00    45 0.00e+00    46 0.00e+00    47 0.00e+00    48 0.00e+00
    49 0.00e+00    50 0.00e+00    51 0.00e+00    52 0.00e+00    53 0.00e+00    54 0.00e+00
     1 1.72e+06     2 4.98e+07     3 1.53e-05     4 1.53e-05     5 1.53e-05     6 3.11e-05     7 3.11e-05     8 3.11e-05
     9 3.11e-05    10 4.97e-05    11 4.97e-05    12 4.97e-05    13 4.97e-05    14 4.97e-05    15 6.09e-05    16 6.09e-05
    17 6.09e-05    18 6.09e-05    19 6.09e-05    20 6.09e-05    21 4.99e-05    22 4.99e-05    23 4.99e-05    24 4.99e-05
    25 4.99e-05    26 4.99e-05    27 4.99e-05    28 1.53e-05    29 1.53e-05    30 1.53e-05    31 1.53e-05    32 1.53e-05
    33 1.53e-05    34 1.53e-05    35 1.53e-05    36 5.36e-16    37 5.36e-16    38 5.36e-16    39 5.36e-16    40 5.36e-16
    41 5.36e-16    42 5.36e-16    43 5.36e-16    44 5.36e-16    45 9.04e-16    46 9.04e-16    47 9.04e-16    48 9.04e-16
    49 9.04e-16    50 9.04e-16    51 9.04e-16    52 9.04e-16    53 9.04e-16    54 9.04e-16

 Old, new He 2 mean line optical depths:
  2- 1 1.61e+19  3- 2 8.61e-03  4- 3 0.00e+00  5- 4 0.00e+00  6- 5 0.00e+00  7- 6 0.00e+00  8- 7 0.00e+00
  9- 8 0.00e+00 10- 9 0.00e+00 11-10 0.00e+00 12-11 0.00e+00 13-12 0.00e+00 14-13 0.00e+00 15-14 0.00e+00 16-15 0.00e+00
 17-16 0.00e+00 18-17 0.00e+00 19-18 0.00e+00 20-19 0.00e+00 21-20 0.00e+00 22-21 0.00e+00 23-22 0.00e+00 24-23 0.00e+00
 25-24 0.00e+00
  2- 1 3.53e+07  3- 2 4.88e-09  4- 3 8.20e-15  5- 4 1.36e-14  6- 5 2.15e-14  7- 6 2.35e-14  8- 7 8.42e-14
  9- 8 2.01e-13 10- 9 3.79e-13 11-10 4.17e-12 12-11 0.00e+00 13-12 0.00e+00 14-13 0.00e+00 15-14 0.00e+00 16-15 0.00e+00
 17-16 0.00e+00 18-17 0.00e+00 19-18 0.00e+00 20-19 0.00e+00 21-20 0.00e+00 22-21 0.00e+00 23-22 0.00e+00 24-23 0.00e+00
 25-24 0.00e+00

 Old He Is optical depths:    1 2.36e+07    2 0.00e+00    3 0.00e+00    4 0.00e+00    5 0.00e+00
 New He Is optical depths:    1 1.18e+07    2 2.09e-05    3 2.59e-05    4 2.89e-05    5 2.89e-05
          Old He Is Lines:  584 0.00e+00 3889 0.00e+00 5016 0.00e+00 5876 0.00e+00
          New He Is Lines:  584 4.85e+07 3889 5.61e-03 5016 5.61e-03 5876 5.61e-03
CIV QSO  


          Start Iteration Number 2                                                                     CIV QSO  


 ####  1  Te:8.661E+04 Hden:2.404E-01 Ne:2.885E-01 R:3.178E+21 R-R0:1.581E+19 dR:3.162E+19 NTR:  8 Htot:1.297E-25 T912: 4.24e+04###
 Hydrogen      4.37e-08 1.00e+00 H+o/Hden 1.00e+00 1.04e-18 H-    H2 1.81e-30 6.32e-20 H2+ HeH+ 6.77e-24 Ho+ ColD 3.32e+11 7.60e+18
 Helium        2.60e-12 1.11e-05 1.00e+00 HeI 2s3S 5.73e-15 Comp H,C 1.37e-26 4.46e-28 Fill Fac 1.00e+00 Gam1/tot 9.99e-01
 He singlet n  2.60e-12 2.74e-22 8.63e-29 2.53e-28 6.29e-29 4.36e-28 He tripl 5.73e-15 2.57e-26 8.44e-28 5.33e-27 1.20e-27
 Pressure      NgasTgas 4.79e+04 P(total) 6.61e-12 P( gas ) 6.61e-12 P(Radtn) 0.00e+00 Rad accl 5.46e-10 ForceMul 1.20e+00
 Texc(La)      3.62e+03 T(I con) 2.04e+01 T(D con) 6.74e-01 T(U tot) 2.04e+01 nT (c+d) 5.09e+06 Prad/Gas 0.00e+00 Pmag/Gas 0.00e+00
 Molecules     CH/Ctot: 2.43e-41 CH+/Ctot 3.26e-34 CO/Ctot: 5.21e-65 CO+/Ctot 1.78e-55 H2O/Otot 2.58e-68 OH/Ototl 1.69e-45
 Lithium       3.74e-17 2.95e-09 2.70e-04 1.00e+00 Berylliu 2.64e-18 3.49e-13 5.08e-07 2.55e-03 9.97e-01 sec ion: 0.00e+00
 Boron         3.10e-20 3.10e-14 2.85e-10 2.35e-05 1.43e-02 9.86e-01
 Carbon        9.83e-22 1.21e-15 2.90e-11 4.71e-08 4.77e-04 5.54e-02 9.44e-01 H2O+/O   3.55e-66 OH+/Otot 9.90e-45 Hex(tot) 0.00e+00
 Nitrogen      3.52e-23 4.91e-17 2.07e-12 6.75e-09 2.74e-06 5.23e-03 1.59e-01 8.36e-01 O2/Ototl 2.60e-65 O2+/Otot 3.59e-63
 Oxygen        1.07e-24 1.53e-18 1.13e-13 6.64e-10 5.10e-07 7.00e-05 3.43e-02 3.32e-01 6.33e-01
 Fluorine      0.00e+00 5.79e-20 4.50e-15 5.24e-11 7.51e-08 1.75e-05 8.79e-04 1.35e-01 4.85e-01 3.79e-01
 Neon          0.00e+00 1.34e-21 2.02e-16 2.60e-12 7.34e-09 3.23e-06 2.44e-04 5.83e-03 3.25e-01 4.93e-01 1.76e-01
 Sodium        0.00e+00 2.17e-23 8.67e-18 2.66e-13 8.62e-10 5.78e-07 8.10e-05 2.13e-03 2.31e-02 5.31e-01 3.76e-01 6.76e-02
 Magnesium     0.00e+00 2.93e-26 5.71e-20 4.99e-15 4.14e-11 3.69e-08 9.70e-06 6.06e-04 1.04e-02 6.33e-02 6.62e-01 2.40e-01 2.40e-02
 Aluminium  1  1.97e-25 6.60e-22 1.64e-16 3.12e-12 1.02e-08 2.69e-06 2.70e-04 7.13e-03 4.67e-02 1.28e-01 6.70e-01 1.40e-01 8.46e-03
 Silicon    2  1.08e-20 9.96e-18 4.11e-13 2.05e-09 1.76e-06 2.43e-04 5.51e-03 4.29e-02 1.05e-01 2.05e-01 5.68e-01 7.15e-02 2.72e-03
 Phosphorus 3  4.19e-17 1.39e-14 1.30e-10 2.01e-07 4.86e-05 2.05e-03 3.74e-02 1.42e-01 2.20e-01 2.19e-01 3.51e-01 2.78e-02 6.85e-04
 Sulphur    4  3.20e-14 4.28e-12 1.16e-08 6.91e-06 6.24e-04 9.09e-03 7.58e-02 2.88e-01 2.83e-01 1.68e-01 1.67e-01 8.61e-03 1.41e-04
 Chlorine   5  1.81e-11 1.19e-09 1.12e-06 2.16e-04 1.10e-02 1.04e-01 2.59e-01 3.43e-01 1.60e-01 7.44e-02 4.71e-02 1.62e-03 1.81e-05
 Argon      6  1.57e-09 5.34e-08 2.02e-05 1.56e-03 2.81e-02 1.63e-01 4.22e-01 2.81e-01 7.42e-02 2.04e-02 9.26e-03 2.18e-04 1.71e-06
 Potassium  6  4.63e-09 1.45e-07 2.72e-06 4.60e-04 2.10e-02 1.81e-01 3.82e-01 3.09e-01 8.15e-02 2.07e-02 3.85e-03 1.31e-03 2.16e-05
 Calcium    7  1.29e-07 2.02e-06 2.21e-05 1.81e-03 4.00e-02 1.96e-01 3.43e-01 2.86e-01 1.14e-01 1.73e-02 2.08e-03 5.86e-04 6.89e-06
 Scandium   7  3.04e-07 5.83e-06 4.25e-05 2.48e-04 1.08e-02 1.16e-01 4.37e-01 3.11e-01 9.91e-02 2.27e-02 2.62e-03 2.94e-04 5.97e-05
 Titanium   8  1.00e-05 1.02e-04 4.23e-04 2.07e-03 4.96e-02 2.37e-01 4.37e-01 2.38e-01 3.14e-02 4.14e-03 2.70e-04 2.90e-05 4.32e-06
 Vanadium   8  8.12e-06 2.42e-04 1.03e-03 4.04e-03 1.24e-02 1.77e-01 3.99e-01 3.02e-01 9.65e-02 6.86e-03 5.03e-04 2.27e-05 1.86e-06
 Chromium   8  3.56e-06 1.25e-04 8.66e-04 2.30e-03 1.46e-02 2.17e-02 2.16e-01 4.92e-01 2.16e-01 3.39e-02 3.34e-03 1.25e-04 8.67e-06
 Manganese  9  5.00e-04 4.07e-03 3.13e-02 3.94e-02 4.07e-02 4.05e-02 2.79e-01 3.96e-01 1.46e-01 2.08e-02 1.09e-03 4.17e-05 2.07e-06
 Iron       9  4.44e-03 2.06e-02 4.34e-02 6.29e-02 6.41e-02 5.32e-02 7.97e-02 3.02e-01 2.59e-01 1.01e-01 9.54e-03 3.44e-04 1.10e-05
 Cobalt    10  2.55e-03 2.35e-02 1.27e-01 2.21e-01 1.27e-01 7.90e-02 7.15e-02 2.04e-01 1.14e-01 2.85e-02 1.91e-03 5.32e-05 2.58e-06
 Nickel    10  2.06e-03 1.92e-02 1.09e-01 2.19e-01 2.92e-01 1.42e-01 5.91e-02 4.04e-02 8.60e-02 2.60e-02 4.44e-03 2.07e-04 6.18e-06
 Copper    10  3.01e-03 1.18e-02 6.91e-02 1.47e-01 2.25e-01 3.82e-01 9.33e-02 2.87e-02 1.21e-02 2.27e-02 4.23e-03 4.63e-04 1.63e-05
 Zinc      11  9.20e-03 4.34e-02 9.58e-02 1.55e-01 2.97e-01 3.13e-01 5.35e-02 1.86e-02 4.68e-03 8.44e-03 8.54e-04 6.13e-05 1.89e-06
 ####415  Te:8.359E+03 Hden:3.159E-02 Ne:1.055E-03 R:3.151E+23 R-R0:3.119E+23 dR:2.261E+21 NTR:  4 Htot:1.486E-29 T912: 8.48e+04###
 Hydrogen      9.69e-01 3.15e-02 H+o/Hden 1.00e+00 3.59e-10 H-    H2 4.11e-10 1.28e-10 H2+ HeH+ 1.44e-08 Ho+ ColD 6.68e+21 2.53e+22
 Helium        9.81e-01 1.94e-02 9.09e-05 HeI 2s3S 7.57e-14 Comp H,C 4.95e-33 1.61e-35 Fill Fac 1.00e+00 Gam1/tot 4.61e-02
 He singlet n  9.81e-01 3.83e-21 2.51e-27 2.53e-27 1.84e-27 5.06e-27 He tripl 7.57e-14 3.32e-25 8.05e-27 6.90e-26 1.43e-26
 Pressure      NgasTgas 2.99e+02 P(total) 4.13e-14 P( gas ) 4.13e-14 P(Radtn) 0.00e+00 Rad accl 1.20e-10 ForceMul 9.28e+04
 Texc(La)      2.91e+03 T(I con) 1.90e+00 T(D con) 1.48e+00 T(U tot) 2.06e+00 nT (c+d) 8.17e+05 Prad/Gas 0.00e+00 Pmag/Gas 0.00e+00
 Molecules     CH/Ctot: 1.22e-15 CH+/Ctot 2.51e-09 CO/Ctot: 2.53e-16 CO+/Ctot 1.15e-15 H2O/Otot 2.28e-21 OH/Ototl 1.86e-10
 Lithium       1.93e-06 1.00e+00 5.48e-07 0.00e+00 Berylliu 4.50e-05 9.35e-01 6.32e-02 1.34e-03 0.00e+00 sec ion: 9.19e-18
 Boron         8.93e-07 9.44e-01 5.27e-04 5.54e-02 0.00e+00 0.00e+00
 Carbon        3.56e-06 9.84e-01 1.56e-02 6.50e-06 0.00e+00 0.00e+00 0.00e+00 H2O+/O   1.67e-19 OH+/Otot 8.70e-10 Hex(tot) 0.00e+00
 Nitrogen      9.43e-01 5.66e-02 3.63e-05 0.00e+00 0.00e+00 0.00e+00 0.00e+00 0.00e+00 O2/Ototl 3.22e-16 O2+/Otot 1.01e-15
 Oxygen        9.75e-01 2.54e-02 6.54e-05 0.00e+00 0.00e+00 0.00e+00 0.00e+00 0.00e+00 0.00e+00
 Fluorine      1.07e-01 6.23e-01 2.70e-01 5.96e-06 3.78e-05 0.00e+00 0.00e+00 0.00e+00 0.00e+00 0.00e+00
 Neon          7.89e-02 5.28e-01 3.94e-01 8.95e-06 2.72e-06 0.00e+00 0.00e+00 0.00e+00 0.00e+00 0.00e+00 0.00e+00
 Sodium        1.21e-05 5.86e-01 4.14e-01 1.81e-05 1.53e-04 0.00e+00 0.00e+00 0.00e+00 0.00e+00 0.00e+00 0.00e+00 0.00e+00
 Magnesium     1.20e-04 7.46e-01 2.54e-01 5.61e-06 1.86e-06 0.00e+00 0.00e+00 0.00e+00 0.00e+00 0.00e+00 0.00e+00 0.00e+00 0.00e+00
 Aluminium  0  7.23e-07 6.78e-01 1.11e-01 2.11e-01 3.13e-05 0.00e+00 0.00e+00 0.00e+00 0.00e+00 0.00e+00 0.00e+00 0.00e+00 0.00e+00
 Silicon    0  8.24e-07 1.00e+00 3.00e-04 8.69e-05 3.22e-06 0.00e+00 0.00e+00 0.00e+00 0.00e+00 0.00e+00 0.00e+00 0.00e+00 0.00e+00
 Phosphorus 0  2.82e-06 9.70e-01 2.93e-02 5.43e-04 4.98e-06 0.00e+00 0.00e+00 0.00e+00 0.00e+00 0.00e+00 0.00e+00 0.00e+00 0.00e+00
 Sulphur    0  9.28e-07 7.36e-01 2.64e-01 2.72e-05 5.45e-06 1.07e-06 0.00e+00 0.00e+00 0.00e+00 0.00e+00 0.00e+00 0.00e+00 0.00e+00
 Chlorine   0  1.74e-06 5.82e-01 4.18e-01 4.51e-05 6.99e-06 1.38e-06 0.00e+00 0.00e+00 0.00e+00 0.00e+00 0.00e+00 0.00e+00 0.00e+00
 Argon      0  2.04e-01 7.75e-01 2.04e-02 1.99e-05 4.15e-06 0.00e+00 0.00e+00 0.00e+00 0.00e+00 0.00e+00 0.00e+00 0.00e+00 0.00e+00
 Potassium  0  1.57e-06 4.43e-01 4.73e-01 3.48e-05 8.41e-02 2.72e-06 0.00e+00 0.00e+00 0.00e+00 0.00e+00 0.00e+00 0.00e+00 0.00e+00
 Calcium    0  8.34e-10 2.74e-04 9.99e-01 7.38e-04 6.00e-05 3.44e-06 0.00e+00 0.00e+00 0.00e+00 0.00e+00 0.00e+00 0.00e+00 0.00e+00
 Scandium   0  6.97e-09 3.01e-03 9.59e-01 3.65e-02 1.79e-03 4.17e-06 0.00e+00 0.00e+00 0.00e+00 0.00e+00 0.00e+00 0.00e+00 0.00e+00
 Titanium   0  4.22e-07 2.23e-01 7.48e-01 3.31e-04 2.88e-02 4.54e-06 1.28e-06 0.00e+00 0.00e+00 0.00e+00 0.00e+00 0.00e+00 0.00e+00
 Vanadium   0  4.94e-06 4.75e-01 5.24e-01 5.40e-05 1.17e-03 5.00e-06 0.00e+00 0.00e+00 0.00e+00 0.00e+00 0.00e+00 0.00e+00 0.00e+00
 Chromium   0  1.05e-06 9.94e-01 5.49e-03 2.54e-05 1.94e-04 1.61e-05 1.00e-06 0.00e+00 0.00e+00 0.00e+00 0.00e+00 0.00e+00 0.00e+00
 Manganese  0  3.42e-05 9.94e-01 4.92e-03 2.39e-05 5.71e-04 1.57e-05 4.01e-06 0.00e+00 0.00e+00 0.00e+00 0.00e+00 0.00e+00 0.00e+00
 Iron       0  4.52e-06 9.98e-01 1.73e-03 8.66e-05 4.24e-05 1.31e-05 3.03e-06 0.00e+00 0.00e+00 0.00e+00 0.00e+00 0.00e+00 0.00e+00
 Cobalt     0  2.67e-05 9.99e-01 1.45e-04 9.08e-05 3.61e-04 9.50e-06 2.12e-06 0.00e+00 0.00e+00 0.00e+00 0.00e+00 0.00e+00 0.00e+00
 Nickel     0  1.66e-05 1.00e+00 1.25e-04 2.56e-05 6.70e-05 7.65e-06 1.51e-06 0.00e+00 0.00e+00 0.00e+00 0.00e+00 0.00e+00 0.00e+00
 Copper     0  6.98e-06 9.75e-01 2.48e-02 2.49e-05 1.07e-05 5.99e-06 1.14e-06 0.00e+00 0.00e+00 0.00e+00 0.00e+00 0.00e+00 0.00e+00
 Zinc       0  4.63e-06 2.48e-01 6.75e-01 5.41e-02 2.25e-02 9.55e-06 3.48e-06 0.00e+00 0.00e+00 0.00e+00 0.00e+00 0.00e+00 0.00e+00
   CIV QSO  
   Calculation stopped because outer radius reached. Iteration 2 of 10
   The geometry is spherical.
 C-Continuum zero at some energies.
  !Background cosmic rays are not included - is this physical?  It affects the chemistry.
  !Ionization rate fell below background cosmic ray ionization rate.  Should this be added too?
  !   Use the COSMIC RAY BACKGROUND command.
  !Some input lines contained underscores, these were changed to spaces.
  !Thermal collisional ionization of H reached 13.71% of the local ionization rate.
  !Suprathermal collisional ionization of H reached 95.09% of the local H ionization rate.
  !Charge transfer H => H+ reached 13.9% of the local H ionization rate.
  !AGE: Cloud age was not set.  Longest timescale was 4.07e+15 s = 1.29e+08 years.
  !The CMB was not included.  This is added with the CMB command.
  !An ionization jump occurred elem Fe10, by 156% from 4.44e-03 (zone 1) to 5.95e-03 (zone 2) to 9.28e-03 (zone 3)
   Bound Compton heating reached 1.32% of the local heating.
   Iteration not converged because Converged!.
   Te-ne bounds of Case B lookup table exceeded, H I Case B line intensities set to zero.
   Charge transfer heating reached 2.31% of the local heating.
   Destruction of He 2TriS reached 3.0% of the total He0 dest rate at zone 1, 1.7% of that was photoionization.
   The density is too low to l-mix the lowest H  I collapsed level.  More resolved levels are needed for accurate line ratios.
   The density is too low to l-mix the lowest He I collapsed level.  More resolved levels are needed for accurate line ratios.
   Grains were not present but might survive in this environment (energy density temperature was 2.06e+01K)
   Cloud thicker than smallest Jeans length=1.25e+22cm; stability problems? (smallest Jeans mass=9.26e+07Mo)
   The continuum optical depth at the lowest energy considered (3.045e-09 Ryd) was 2.068e+00.
   The optical depth to Rayleigh scattering at 1300A is 4.48e-02
   Is an outer radius of 3.16e+23 reasonable?
   The optical depth to electron scattering is 0.019

                       *********************************> Cloudy 17.03 <**********************************
                       * title CIV QSO                                                                   *
                       * set punch prefix "CIV_QSO"                                                      *
                       * radius = 21.500 23.500                                                          *
                       * iterate to convergence                                                          *
                       * sphere                                                                          *
                       * init "dlaw_HI_exp.ini"                                                          *
                       * table SED "QSO.sed"                                                             *
                       * no line transfer                                                                *
                       * nuL(nu) = 45.0 at 1 Ryd                                                         *
                       * stop temperature off                                                            *
                       * metals 0.001                                                                    *
                       * save last radius ".rad"                                                         *
                       * save last continuum ".cont"                                                     *
                       * save last physical conditions ".phy"                                            *
                       * save last overview ".ovr"                                                       *
                       * save last heating ".heat"                                                       *
                       * save last cooling ".cool"                                                       *
                       * save last optical depth ".opd"                                                  *
                       * save last element hydrogen ".ele_H"                                             *
                       * save last element helium ".ele_He"                                              *
                       * save last element carbon ".ele_C"                                               *
                       * save last element nitrogen ".ele_N"                                             *
                       * save last element oxygen ".ele_O"                                               *
                       * save last element argon ".ele_Ar"                                               *
                       * save last element neon ".ele_Ne"                                                *
                       * save last element sulphur ".ele_S"                                              *
                       * save last element chlorin ".ele_Cl"                                             *
                       * save last element iron ".ele_Fe"                                                *
                       * save last element silicon ".ele_Si"                                             *
                       * save last lines emissivity  ".emis"                                             *
                       * H  1  1215.67A                                                                  *
                       * H  1  1025.72A                                                                  *
                       * H  1  4861.33A                                                                  *
                       * H  1  6562.81A                                                                  *
                       * O  6  1031.91A                                                                  *
                       * O  6  1037.62A                                                                  *
                       * He 2  949.31A                                                                   *
                       * He 2  972.108A                                                                  *
                       * He 2  1025.27A                                                                  *
                       * He 2  1640.43A                                                                  *
                       * He 2  4859A                                                                     *
                       * He 2  4339A                                                                     *
                       * He 2  6527A                                                                     *
                       * He 2  6560A                                                                     *
                       * C  4  1550.78                                                                   *
                       * O  3  5006.84A                                                                  *
                       * N  5  1238.82                                                                   *
                       * N  5  1242.80                                                                   *
                       * c  4  1548.19                                                                   *
                       * c  4  1550.78                                                                   *
                       * mg 2  2795.53                                                                   *
                       * mg 2  2802.71                                                                   *
                       * end of lines                                                                    *
                       *********************************> Log(U):  1.47 <*********************************
                       >>>>>>>>>> Cautions are present.

                     Emission Line Spectrum.  Special Density Lw Model.  Closed geometry.  Iteration 2 of 10.
                                    Luminosity (erg/s) emitted by a shell with full coverage.


                                                   Intrinsic line intensities
general properties.............................      He 1                11.0248m   40.727    0.0050      Ca B                918.295A   40.313    0.0019
Inci                      0    45.707  480.6331      He 1                13.1205m   40.615    0.0039      Ca B                917.724A   40.257    0.0017
TotH                      0    44.878   71.2606      He 1                15.3983m   40.511    0.0031      Ca B                4685.64A   42.172    0.1403
TotC                      0    44.878   71.2655      He 1                17.8584m   40.415    0.0025      Ca B                3203.04A   41.865    0.0692
BFH1                      0    44.632   40.4786      He 1                20.5007m   40.325    0.0020      Ca B                2733.24A   41.613    0.0387
BFHe                      0    44.513   30.7163      He 1                23.3253m   40.241    0.0016      Ca B                2511.15A   41.403    0.0239
TotM                      0    41.468    0.0277      He 1                26.3321m   40.163    0.0014      Ca B                2385.35A   41.223    0.0158
Cbnd                      0    40.858    0.0068      He 1                29.5211m   40.089    0.0012      Ca B                2306.15A   41.066    0.0110
ComH                      0    41.242    0.0165      He 1                61.5933m   40.879    0.0071      Ca B                2252.64A   40.926    0.0080
CT H                      0    41.131    0.0128      grains.........................................      Ca B                2214.62A   40.801    0.0060
H FB                      0    43.968    8.7727      H-like iso-sequence............................      Ca B                2186.56A   40.686    0.0046
HFBc                      0    43.968    8.7727      Cool                1215.67A   44.339   20.6033      Ca B                2165.20A   40.581    0.0036
H  1c                     0    44.583   36.1496      Crst                960.000A   44.217   15.5464      Ca B                2148.55A   40.484    0.0029
He 2c                     0    43.899    7.4763      LA X                1215.67A   42.201    0.1499      Ca B                2135.31A   40.394    0.0023
He 1c                     0    41.619    0.0393      CION                      0    43.464    2.7439      Ca B                2124.58A   40.310    0.0019
Ar 4c                     0    40.475    0.0028      He2C                      0    41.857    0.0678      Ca B                2115.78A   40.231    0.0016
Ar 5c                     0    40.170    0.0014      Q(H)                4861.33A   43.108    1.2110      Ca B                2108.46A   40.156    0.0014
C  2c                     0    40.191    0.0015      Q(H)                1215.67A   44.645   41.6587      Ca B                2102.30A   40.086    0.0012
C  3c                     0    42.021    0.0991      CaBo                4861.33A   43.126    1.2615      Ca B                1.01233m   41.535    0.0323
Fe 2c                     0    40.464    0.0027      CaBo                1640.00A   43.177    1.4196      Ca B                6559.91A   41.296    0.0186
Fe 7c                     0    40.669    0.0044      CaBo                4685.64A   42.187    0.1453      Ca B                5411.37A   41.087    0.0115
N  5c                     0    41.167    0.0138      Ca A                937.804A   42.761    0.5444      Ca B                4859.18A   40.906    0.0076
Ne 3c                     0    41.362    0.0217      Ca A                930.748A   42.558    0.3408      Ca B                4541.46A   40.748    0.0053
O  2c                     0    40.278    0.0018      Ca A                926.226A   42.382    0.2275      Ca B                4338.55A   40.608    0.0038
O  3c                     0    42.603    0.3779      Ca A                923.150A   42.228    0.1595      Ca B                4199.71A   40.482    0.0029
O  5c                     0    41.813    0.0613      Ca A                920.963A   42.090    0.1161      Ca B                4099.92A   40.367    0.0022
S  3c                     0    40.869    0.0070      Ca A                919.351A   41.966    0.0872      Ca B                4025.48A   40.262    0.0017
Si 2c                     0    40.214    0.0015      Ca A                918.129A   41.852    0.0671      Ca B                3968.32A   40.164    0.0014
Si 3c                     0    41.310    0.0193      Ca A                917.181A   41.748    0.0528      Ca B                3923.37A   40.074    0.0011
Si 4c                     0    41.258    0.0171      Ca A                916.429A   41.651    0.0423      Ca B                1.86362m   41.031    0.0101
Si 7c                     0    40.238    0.0016      Ca A                915.824A   41.562    0.0344      Ca B                1.16260m   40.839    0.0065
C  4c                     0    42.638    0.4103      Ca A                915.329A   41.478    0.0284      Ca B                9344.62A   40.660    0.0043
Fe 4c                     0    41.546    0.0331      Ca A                914.919A   41.399    0.0237      Ca B                8236.51A   40.503    0.0030
Fe 5c                     0    40.413    0.0024      Ca A                914.576A   41.326    0.0200      Ca B                7592.50A   40.362    0.0022
Fe 6c                     0    40.531    0.0032      Ca A                914.286A   41.256    0.0170      Ca B                7177.28A   40.235    0.0016
Mg 2c                     0    40.521    0.0031      Ca A                914.039A   41.191    0.0146      Ca B                6890.67A   40.120    0.0012
Mg 6c                     0    40.318    0.0020      Ca A                913.826A   41.129    0.0127      Ca B                3.09074m   40.610    0.0038
Mg 7c                     0    40.354    0.0021      Ca A                913.641A   41.071    0.0111      Ca B                1.87427m   40.452    0.0027
N  3c                     0    40.958    0.0086      Ca A                913.480A   41.016    0.0098      Ca B                1.47599m   40.298    0.0019
N  4c                     0    41.816    0.0617      Ca A                913.339A   40.965    0.0087      Ca B                1.28124m   40.158    0.0014
Ne 4c                     0    40.682    0.0045      Ca A                3970.07A   42.002    0.0948      Ca B                1.16728m   40.031    0.0010
Ne 5c                     0    40.982    0.0091      Ca A                3889.05A   41.824    0.0630      Ca B                4.76203m   40.248    0.0017
Ne 6c                     0    40.917    0.0078      Ca A                3835.38A   41.669    0.0440      Ca B                2.82513m   40.115    0.0012
Ne 7c                     0    40.398    0.0024      Ca A                3797.89A   41.530    0.0320      He 2                607.567A   43.676    4.4731
Ne 8c                     0    40.242    0.0016      Ca A                3770.63A   41.406    0.0240      He 2                303.784A   44.203   15.0563
O  4c                     0    41.708    0.0482      Ca A                3750.15A   41.292    0.0185      He 2                256.317A   43.356    2.1439
O  6c                     0    41.800    0.0596      Ca A                3734.36A   41.187    0.0145      He 2                243.027A   42.922    0.7892
S  4c                     0    41.356    0.0214      Ca A                3721.93A   41.091    0.0116      He 2                237.331A   42.611    0.3852
S  5c                     0    40.405    0.0024      Ca A                3711.97A   41.001    0.0095      He 2                234.347A   42.363    0.2176
S  6c                     0    40.025    0.0010      Ca A                3703.85A   40.917    0.0078      He 2                232.584A   42.156    0.1352
Si 8c                     0    40.048    0.0011      Ca A                3697.15A   40.838    0.0065      He 2                231.454A   41.978    0.0898
continua.......................................      Ca A                3691.55A   40.763    0.0055      He 2                230.686A   41.822    0.0626
Bac                 3646.00A   44.091   11.6295      Ca A                3686.83A   40.693    0.0047      He 2                230.139A   41.682    0.0454
nFnu                3645.00A   44.410   24.2479      Ca A                3682.80A   40.626    0.0040      He 2                229.736A   41.855    0.0676
nFnu                3647.00A   44.126   12.6184      Ca A                3679.35A   40.563    0.0034      He 2                229.431A   41.752    0.0534
cout                3646.00A   44.091   11.6295      Ca A                3676.36A   40.502    0.0030      He 2                229.194A   41.658    0.0430
thin                3646.00A   44.091   11.6345      Ca A                3673.75A   40.444    0.0026      He 2                229.006A   41.572    0.0352
Inci                4860.00A   44.947   83.4953      Ca A                3671.47A   40.388    0.0023      He 2                228.855A   41.492    0.0293
Inci                1215.00A   45.436  257.6065      Ca A                9545.93A   41.415    0.0245      He 2                228.731A   41.417    0.0247
Ba C                      0    43.779    5.6762      Ca A                9228.97A   41.259    0.0171      He 2                228.629A   41.349    0.0211
PA C                      0    43.314    1.9454      Ca A                9014.87A   41.120    0.0124      He 2                228.543A   41.286    0.0182
FIR                 83.0000m   44.127   12.6314      Ca A                8862.74A   40.995    0.0093      He 2                228.471A   41.229    0.0160
TIR                 1800.00m   41.422    0.0249      Ca A                8750.43A   40.880    0.0072      He 2                228.409A   41.178    0.0142
NIRa                2.85000m   45.272  176.3333      Ca A                8664.98A   40.776    0.0056      He 2                228.356A   41.135    0.0129
NIRb                3.00000m   44.873   70.4577      Ca A                8598.35A   40.679    0.0045      He 2                228.309A   41.103    0.0120
MIRa                15.0000m   44.914   77.3810      Ca A                8545.34A   40.589    0.0037      He 2                228.269A   41.091    0.0116
MIRb                22.5000m   44.988   91.8537      Ca A                8502.44A   40.505    0.0030      He 2                228.234A   41.129    0.0127
NMIR                21.7500m   45.272  176.3333      Ca A                8467.21A   40.426    0.0025      He 2                228.203A   41.899    0.0747
TFIR                611.250m   41.977    0.0895      Ca A                8437.91A   40.351    0.0021      He 2                1640.43A   42.938    0.8190
TALL                10000.0A   45.711  485.0431      Ca A                8413.28A   40.280    0.0018      He 2                1215.13A   42.516    0.3095
F12                 12.0000m   44.471   27.9331      Ca A                8392.35A   40.213    0.0015      He 2                1084.94A   42.203    0.1505
F25                 25.0000m   44.255   16.9833      Ca A                8374.43A   40.150    0.0013      He 2                1025.27A   41.954    0.0849
F60                 60.0000m   44.083   11.4174      Ca A                8358.96A   40.089    0.0012      He 2                992.360A   41.747    0.0527
F100                100.000m   42.957    0.8548      Ca A                8345.51A   40.031    0.0010      He 2                972.108A   41.571    0.0351
MIPS                24.0000m   43.959    8.5957      Ca A                1.81740m   40.949    0.0084      He 2                958.694A   41.416    0.0246
MIPS                70.0000m   43.511    3.0592      Ca A                1.73620m   40.810    0.0061      He 2                949.324A   41.278    0.0179
MIPS                160.000m   41.237    0.0163      Ca A                1.68064m   40.684    0.0046      He 2                942.508A   41.292    0.0185
IRAC                3.60000m   44.082   11.4076      Ca A                1.64071m   40.570    0.0035      He 2                937.389A   41.190    0.0146
IRAC                4.50000m   44.117   12.3536      Ca A                1.61092m   40.465    0.0028      He 2                933.444A   41.096    0.0118
IRAC                5.80000m   44.149   13.2994      Ca A                1.58804m   40.368    0.0022      He 2                930.337A   41.010    0.0096
IRAC                8.00000m   44.304   18.9897      Ca A                1.57006m   40.278    0.0018      He 2                927.846A   40.929    0.0080
SPR1                250.000m   41.205    0.0151      Ca A                1.55563m   40.194    0.0015      He 2                925.817A   40.855    0.0068
SPR2                350.000m   41.087    0.0115      Ca A                1.54388m   40.114    0.0012      He 2                924.142A   40.787    0.0058
SPR3                500.000m   41.031    0.0101      Ca A                1.53417m   40.040    0.0010      He 2                922.743A   40.724    0.0050
PAC1                70.0000m   43.569    3.4968      Ca A                3.03835m   40.560    0.0034      He 2                921.562A   40.667    0.0044
PAC2                100.000m   42.912    0.7701      Ca A                2.87219m   40.435    0.0026      He 2                920.556A   40.616    0.0039
PAC3                160.000m   41.510    0.0305      Ca A                2.75749m   40.320    0.0020      He 2                919.693A   40.573    0.0035
PAH                 3.30000m   43.226    1.5892      Ca A                2.67438m   40.215    0.0015      He 2                918.945A   40.541    0.0033
PAHC                3.23000m   42.933    0.8089      Ca A                2.61191m   40.118    0.0012      He 2                918.295A   40.529    0.0032
PAHC                3.37000m   42.918    0.7808      Ca A                2.56361m   40.028    0.0010      He 2                917.724A   40.567    0.0035
PAH                 6.20000m   43.666    4.3766      Ca A                12.3684m   40.782    0.0057      He 2                917.221A   41.337    0.0205
PAHC                5.65000m   43.704    4.7694      Ca A                7.50038m   40.635    0.0041      He 2                4685.64A   42.072    0.1113
PAH                 7.90000m   43.852    6.7125      Ca A                5.90655m   40.485    0.0029      He 2                3203.04A   41.787    0.0578
PAHC                6.90000m   43.917    7.7941      Ca A                5.12722m   40.349    0.0021      He 2                2733.24A   41.542    0.0329
PAH                 11.3000m   43.264    1.7350      Ca A                4.67119m   40.224    0.0016      He 2                2511.15A   41.336    0.0204
PAHC                10.9000m   43.287    1.8253      Ca A                4.37522m   40.110    0.0012      He 2                2385.35A   41.158    0.0136
PAH                 11.8000m   43.479    2.8416      Ca A                19.0565m   40.415    0.0025      He 2                2306.15A   41.003    0.0095
PAHC                12.6500m   43.447    2.6430      Ca A                11.3055m   40.293    0.0019      He 2                2252.64A   40.865    0.0069
PAH                 13.3000m   43.478    2.8361      Ca A                8.75760m   40.163    0.0014      He 2                2214.62A   40.777    0.0056
PAHC                14.1000m   43.446    2.6354      Ca A                7.50599m   40.041    0.0010      He 2                2186.56A   40.675    0.0045
Bcon                3640.00A   45.394  233.7935      Ca A                27.7955m   40.092    0.0012      He 2                2165.20A   40.581    0.0036
Pcon                5000.00A   44.731   50.8156      Ca B                3970.07A   42.184    0.1441      He 2                2148.55A   40.495    0.0030
O3bn                5007.00A   43.222    1.5727      Ca B                3889.05A   42.003    0.0951      He 2                2135.31A   40.415    0.0025
SX                  25.0000A   43.637    4.0894      Ca B                3835.38A   41.845    0.0661      He 2                2124.58A   40.341    0.0021
HX                  4.70000A   43.817    6.1970      Ca B                3797.89A   41.705    0.0478      He 2                2115.78A   40.273    0.0018
HFFc                      0    44.104   11.9874      Ca B                3770.63A   41.578    0.0357      He 2                2108.46A   40.210    0.0015
H FF                      0    44.034   10.2027      Ca B                3750.15A   41.463    0.0274      He 2                2102.30A   40.153    0.0013
HeFF                      0    43.276    1.7807      Ca B                3734.36A   41.358    0.0215      He 2                2097.07A   40.102    0.0012
ToFF                      0    44.104   11.9835      Ca B                3721.93A   41.260    0.0172      He 2                2092.59A   40.059    0.0011
nFnu                2.00329c   40.048    0.0011      Ca B                3711.97A   41.169    0.0139      He 2                2088.73A   40.028    0.0010
nFnu                1.33478c   40.207    0.0015      Ca B                3703.85A   41.085    0.0115      He 2                2082.42A   40.054    0.0011
nFnu                9993.08m   40.319    0.0020      Ca B                3697.15A   41.005    0.0096      He 2                2079.84A   40.824    0.0063
nFnu                6917.22m   40.461    0.0027      Ca B                3691.55A   40.931    0.0080      He 2                1.01233m   41.430    0.0254
nFnu                122.400m   41.969    0.0879      Ca B                3686.83A   40.860    0.0068      He 2                6559.91A   41.221    0.0157
nFnu                60.8322m   42.219    0.1564      Ca B                3682.80A   40.793    0.0059      He 2                5411.37A   41.023    0.0099
nInu                60.8322m   44.182   14.3607      Ca B                3679.35A   40.730    0.0051      He 2                4859.18A   40.848    0.0067
nFnu                41.2152m   42.360    0.2163      Ca B                3676.36A   40.669    0.0044      He 2                4541.46A   40.694    0.0047
nInu                41.2152m   44.406   24.0105      Ca B                3673.75A   40.612    0.0039      He 2                4338.55A   40.556    0.0034
nFnu                30.8695m   42.464    0.2744      Ca B                3671.47A   40.557    0.0034      He 2                4199.71A   40.407    0.0024
nInu                30.8695m   44.518   31.0858      Ca B                9545.93A   41.493    0.0294      He 2                4099.92A   40.306    0.0019
nFnu                24.7829m   42.542    0.3286      Ca B                9228.97A   41.337    0.0205      He 2                4025.48A   40.213    0.0015
nInu                24.7829m   44.577   35.6342      Ca B                9014.87A   41.198    0.0149      He 2                3968.32A   40.127    0.0013
nFnu                24.2998m   42.549    0.3340      Ca B                8862.74A   41.073    0.0112      He 2                3923.37A   40.047    0.0011
nInu                24.2998m   44.586   36.3540      Ca B                8750.43A   40.958    0.0086      He 2                3740.11A   40.457    0.0027
nFnu                22.8302m   42.570    0.3510      Ca B                8664.98A   40.853    0.0067      He 2                1.86362m   40.910    0.0077
nInu                22.8302m   44.603   37.8180      Ca B                8598.35A   40.756    0.0054      He 2                1.16260m   40.751    0.0053
nFnu                21.4199m   42.593    0.3694      Ca B                8545.34A   40.666    0.0044      He 2                9344.62A   40.587    0.0036
nInu                21.4199m   44.617   39.0345      Ca B                8502.44A   40.582    0.0036      He 2                8236.51A   40.437    0.0026
nFnu                21.1235m   42.599    0.3744      Ca B                8467.21A   40.503    0.0030      He 2                7592.50A   40.301    0.0019
nInu                21.1235m   44.620   39.3612      Ca B                8437.91A   40.428    0.0025      He 2                7177.28A   40.118    0.0012
nFnu                19.6199m   42.625    0.3978      Ca B                8413.28A   40.357    0.0021      He 2                5931.63A   40.171    0.0014
nInu                19.6199m   44.626   39.9017      Ca B                8392.35A   40.290    0.0018      He 2                3.09074m   40.470    0.0028
nFnu                17.6534m   42.662    0.4332      Ca B                8374.43A   40.227    0.0016      He 2                1.87427m   40.347    0.0021
nInu                17.6534m   44.649   42.0171      Ca B                8358.96A   40.166    0.0014      He 2                1.47599m   40.209    0.0015
nFnu                17.3700m   42.668    0.4390      Ca B                8345.51A   40.109    0.0012      He 2                1.28124m   40.079    0.0011
nInu                17.3700m   44.652   42.3687      Ca B                8333.74A   40.053    0.0011      He 2                4.76203m   40.091    0.0012
nFnu                15.6901m   42.704    0.4770      Ca B                1.81740m   40.994    0.0093      He-like iso-sequence...........................
nInu                15.6901m   44.665   43.5993      Ca B                1.73620m   40.855    0.0068      He 1                1202.81A   42.546    0.3318
nFnu                14.6036m   42.729    0.5057      Ca B                1.68064m   40.730    0.0051      He 1                584.334A   43.118    1.2379
nInu                14.6036m   44.680   45.1523      Ca B                1.64071m   40.616    0.0039      He 1                537.030A   42.537    0.3250
nFnu                12.4300m   42.788    0.5785      Ca B                1.61092m   40.511    0.0031      He 1                522.213A   42.145    0.1318
nInu                12.4300m   44.695   46.7890      Ca B                1.58804m   40.414    0.0024      He 1                515.617A   41.848    0.0666
nFnu                11.4000m   42.818    0.6199      Ca B                1.57006m   40.324    0.0020      He 1                512.099A   41.605    0.0380
nInu                11.4000m   44.704   47.7484      Ca B                1.55563m   40.240    0.0016      He 1                625.563A   43.869    6.9801
nFnu                10.4600m   42.849    0.6671      Ca B                1.54388m   40.160    0.0014      He 1                510.018A   41.996    0.0934
nInu                10.4600m   44.714   48.8410      Ca B                1.53417m   40.086    0.0011      He 1                508.657A   41.834    0.0643
nFnu                9.48002m   42.883    0.7203      Ca B                3.03835m   40.589    0.0037      He 1                507.727A   41.691    0.0463
nInu                9.48002m   44.724   49.9789      Ca B                2.87219m   40.465    0.0028      He 1                507.065A   41.563    0.0345
nFnu                9.32488m   42.888    0.7298      Ca B                2.75749m   40.351    0.0021      He 1                506.576A   41.448    0.0265
nInu                9.32488m   44.728   50.3946      Ca B                2.67438m   40.246    0.0017      He 1                506.204A   41.342    0.0207
nFnu                8.21035m   42.935    0.8116      Ca B                2.61191m   40.149    0.0013      He 1                505.916A   41.245    0.0166
nInu                8.21035m   44.734   51.1429      Ca B                2.56361m   40.059    0.0011      He 1                505.687A   41.155    0.0135
nFnu                7.58000m   42.962    0.8644      Ca B                12.3684m   40.798    0.0059      He 1                505.502A   41.073    0.0112
nInu                7.58000m   44.742   52.1504      Ca B                7.50038m   40.652    0.0042      He 1                505.352A   40.996    0.0093
nFnu                7.05026m   42.991    0.9235      Ca B                5.90655m   40.505    0.0030      He 1                505.227A   40.925    0.0079
nInu                7.05026m   44.744   52.3345      Ca B                5.12722m   40.370    0.0022      He 1                505.122A   40.859    0.0068
nFnu                4.11370m   43.186    1.4497      Ca B                4.67119m   40.246    0.0017      He 1                505.033A   40.799    0.0059
nInu                4.11370m   44.742   52.1374      Ca B                4.37522m   40.132    0.0013      He 1                504.958A   40.744    0.0052
nFnu                2.32440m   43.386    2.2961      Ca B                4.16962m   40.028    0.0010      He 1                504.893A   40.696    0.0047
nInu                2.32440m   44.659   42.9919      Ca B                19.0565m   40.429    0.0025      He 1                504.836A   40.657    0.0043
nFnu                1.64313m   43.520    3.1269      Ca B                11.3055m   40.308    0.0019      He 1                504.787A   40.629    0.0040
nInu                1.64313m   44.503   30.0688      Ca B                8.75760m   40.178    0.0014      He 1                504.744A   40.625    0.0040
nFnu                1.48022m   43.552    3.3606      Ca B                7.50599m   40.057    0.0011      He 1                504.706A   40.676    0.0045
nInu                1.48022m   44.471   27.9043      Ca B                27.7955m   40.106    0.0012      He 1                504.672A   41.492    0.0293
nFnu                1.43649m   43.611    3.8495      H  1                2431.34A   44.294   18.5906      TOTL                1.08303m   42.450    0.2659
nInu                1.43649m   44.464   27.4886      H  1                1215.67A   44.831   63.9067      He 1                1.08303m   42.450    0.2659
nFnu                1.11867m   43.685    4.5724      H  1                1025.72A   43.951    8.4275      He 1                3888.63A   42.216    0.1552
nInu                1.11867m   44.458   27.0797      H  1                972.537A   43.503    3.0038      He 1                3187.74A   41.838    0.0649
nFnu                8329.68A   43.771    5.5692      H  1                949.743A   43.186    1.4474      He 1                2945.10A   41.525    0.0316
nInu                8329.68A   44.522   31.4087      H  1                937.804A   42.860    0.6842      He 1                2829.08A   41.269    0.0175
nFnu                8078.61A   43.893    7.3799      H  1                930.748A   42.652    0.4230      He 1                2760.44A   40.473    0.0028
nInu                8078.61A   44.525   31.6184      H  1                926.226A   42.472    0.2796      He 1                2721.00A   40.321    0.0020
nFnu                6209.66A   43.965    8.7106      H  1                923.150A   42.313    0.1942      He 1                2694.61A   40.185    0.0014
nInu                6209.66A   44.587   36.4283      H  1                920.963A   42.172    0.1402      He 1                2676.05A   40.061    0.0011
nFnu                4885.36A   44.031   10.1361      H  1                919.351A   42.253    0.1689      He 1                5015.68A   40.241    0.0016
nInu                4885.36A   44.848   66.4661      H  1                918.129A   42.146    0.1320      He 1                7065.22A   41.583    0.0361
nFnu                3704.34A   44.113   12.2496      H  1                917.181A   42.048    0.1053      He 1                5875.64A   42.087    0.1154
nInu                3704.34A   44.764   54.8186      H  1                916.429A   41.957    0.0855      He 1                4713.03A   40.963    0.0087
nFnu                3587.67A   44.413   24.4211      H  1                915.824A   41.873    0.0704      He 1                4471.49A   41.706    0.0479
nInu                3587.67A   44.781   56.9324      H  1                915.329A   41.795    0.0589      He 1                4120.82A   40.567    0.0035
nFnu                2430.05A   44.477   28.2851      H  1                914.919A   41.723    0.0499      He 1                4026.20A   41.400    0.0237
nInu                2430.05A   44.903   75.4948      H  1                914.576A   41.657    0.0428      He 1                3867.48A   40.282    0.0018
nFnu                2392.03A   44.479   28.4539      H  1                914.286A   41.596    0.0372      He 1                3819.61A   41.148    0.0133
nInu                2392.03A   44.889   73.0882      H  1                914.039A   41.541    0.0328      He 1                3704.76A   41.098    0.0118
nFnu                2071.34A   44.506   30.2705      H  1                913.826A   41.495    0.0295      He 1                3634.08A   40.935    0.0081
nInu                2071.34A   44.906   75.9774      H  1                913.641A   41.460    0.0272      He 1                3587.16A   40.791    0.0058
nFnu                2052.68A   44.511   30.5854      H  1                913.480A   41.445    0.0263      He 1                3554.34A   40.663    0.0043
nInu                2052.68A   44.896   74.3361      H  1                913.339A   41.481    0.0286      He 1                3530.43A   40.546    0.0033
nFnu                1793.44A   44.548   33.3146      H  1                913.215A   42.255    0.1697      He 1                3512.47A   40.440    0.0026
nInu                1793.44A   44.923   79.1264      H  1                6562.81A   43.446    2.6335      He 1                3498.61A   40.343    0.0021
nFnu                1585.12A   44.568   34.8820      H  1                4861.33A   43.025    1.0000      He 1                3487.70A   40.253    0.0017
nInu                1585.12A   44.994   92.9818      H  1                4340.46A   42.717    0.4914      He 1                3478.94A   40.171    0.0014
nFnu                1458.33A   44.561   34.3308      H  1                4101.73A   42.412    0.2435      He 1                3471.80A   40.094    0.0012
nInu                1458.33A   44.935   81.1919      H  1                3970.07A   42.205    0.1513      He 1                3439.99A   40.591    0.0037
nFnu                1356.96A   44.518   31.1328      H  1                3889.05A   42.028    0.1006      He 1                7281.35A   40.892    0.0074
nInu                1356.96A   44.969   87.9498      H  1                3835.38A   41.872    0.0703      He 1                6678.15A   41.527    0.0317
nFnu                1297.29A   44.429   25.3488      H  1                3797.89A   41.733    0.0511      He 1                5047.64A   40.445    0.0026
nInu                1297.29A   44.997   93.7740      H  1                3770.63A   41.690    0.0462      He 1                4921.93A   41.125    0.0126
nFnu                1262.79A   44.308   19.1576      H  1                3750.15A   41.583    0.0361      He 1                4437.55A   40.115    0.0012
nInu                1262.79A   45.082  113.8974      H  1                3734.36A   41.485    0.0288      He 1                4387.93A   40.819    0.0062
nFnu                1218.08A   43.876    7.0861      H  1                3721.93A   41.395    0.0234      He 1                4143.76A   40.574    0.0035
nInu                1218.08A   45.427  252.3834      H  1                3711.97A   41.311    0.0193      He 1                4009.05A   40.462    0.0027
nFnu                1196.33A   43.864    6.9050      H  1                3703.85A   41.233    0.0162      He 1                3926.41A   40.296    0.0019
nInu                1196.33A   45.270  175.7593      H  1                3697.15A   41.161    0.0137      He 1                3871.69A   40.151    0.0013
nFnu                1175.06A   43.853    6.7293      H  1                3691.55A   41.095    0.0117      He 1                4.29459m   40.227    0.0016
nInu                1175.06A   45.112  122.2640      H  1                3686.83A   41.034    0.0102      He 1                1.25274m   40.343    0.0021
nFnu                1143.64A   43.833    6.4266      H  1                3682.80A   40.980    0.0090      He 1                9463.57A   40.268    0.0017
nInu                1143.64A   45.026  100.1682      H  1                3679.35A   40.933    0.0081      He 1                8361.73A   40.092    0.0012
nFnu                1113.22A   43.816    6.1728      H  1                3676.36A   40.898    0.0075      He 1                2.11180m   40.147    0.0013
nInu                1113.22A   45.016   98.0231      H  1                3673.75A   40.883    0.0072      He 1                1.70027m   40.555    0.0034
nFnu                1103.23A   43.811    6.1116      H  1                3671.47A   40.920    0.0078      He 1                1.19692m   40.404    0.0024
nInu                1103.23A   45.004   95.2666      H  1                3669.46A   41.694    0.0466      He 1                1.03113m   40.208    0.0015
nFnu                1073.86A   43.794    5.8759      H  1                1.87510m   42.505    0.3018      He 1                9515.06A   40.211    0.0015
nInu                1073.86A   45.027  100.5366      H  1                1.28180m   42.235    0.1622      He 1                9062.39A   40.063    0.0011
nFnu                1064.34A   43.788    5.7913      H  1                1.09380m   41.960    0.0860      He 1                1.95430m   40.109    0.0012
nInu                1064.34A   45.031  101.4060      H  1                1.00493m   41.756    0.0538      He 1                1.86854m   41.099    0.0119
nFnu                1035.92A   43.771    5.5758      H  1                9545.93A   41.580    0.0359      He 1                1.27849m   40.783    0.0057
nInu                1035.92A   45.099  118.5050      H  1                9228.97A   41.425    0.0251      He 1                1.09130m   40.525    0.0032
nFnu                1000.00A   43.750    5.3039      H  1                9014.87A   41.287    0.0183      He 1                1.00275m   40.282    0.0018
nInu                1000.00A   45.034  102.0111      H  1                8862.74A   41.175    0.0141      He 1                9526.01A   40.110    0.0012
nFnu                925.144A   43.709    4.8265      H  1                8750.43A   41.068    0.0110      He 1                1.86972m   40.622    0.0040
nInu                925.144A   45.001   94.6386      H  1                8664.98A   40.971    0.0088      He 1                1.27905m   40.306    0.0019
RRC............................................      H  1                8598.35A   40.880    0.0072      He 1                1.09171m   40.048    0.0011
H  1                3645.98A   43.527    3.1727      H  1                8545.34A   40.797    0.0059      He 1                1.90894m   40.091    0.0012
H  1                3645.98A   43.758    5.4023      H  1                8502.44A   40.719    0.0049      He 1                4.03664m   40.036    0.0010
H  1                8203.53A   42.870    0.7000      H  1                8467.21A   40.648    0.0042      He 1                4.04791m   40.362    0.0022
H  1                8203.53A   43.134    1.2856      H  1                8437.91A   40.581    0.0036      He 1                2.62338m   40.074    0.0011
H  1                8203.53A   42.881    0.7167      H  1                8413.28A   40.521    0.0031      He 1                303.784A   40.220    0.0016
H  1                1.45841m   42.435    0.2570      H  1                8392.35A   40.466    0.0028      He 1                330.103A   40.229    0.0016
H  1                1.45841m   42.701    0.4736      H  1                8374.43A   40.420    0.0025      He 1                336.029A   40.122    0.0012
H  1                1.45841m   42.544    0.3304      H  1                8358.96A   40.385    0.0023      He 1                338.845A   40.053    0.0011
H  1                1.45841m   42.071    0.1110      H  1                8345.51A   40.370    0.0022      He 1                343.773A   41.534    0.0323
H  1                2.27876m   42.112    0.1221      H  1                8333.74A   40.406    0.0024      Ca B                2945.10A   41.561    0.0344
H  1                2.27876m   42.375    0.2239      H  1                8323.38A   41.180    0.0143      Ca B                3187.74A   41.876    0.0709
H  1                2.27876m   42.247    0.1667      H  1                4.05113m   41.836    0.0647      Ca B                3613.64A   40.940    0.0082
H  1                2.27876m   41.913    0.0772      H  1                2.62513m   41.612    0.0386      Ca B                3888.63A   42.260    0.1716
H  1                2.27876m   41.319    0.0197      H  1                2.16551m   41.417    0.0247      Ca B                3964.73A   41.247    0.0167
H  1                3.28142m   41.855    0.0676      H  1                1.94454m   41.245    0.0166      Ca B                4026.20A   41.483    0.0287
H  1                3.28142m   42.116    0.1234      H  1                1.81740m   41.092    0.0117      Ca B                4120.82A   40.628    0.0040
H  1                3.28142m   41.999    0.0941      H  1                1.73620m   40.955    0.0085      Ca B                4387.93A   40.901    0.0075
H  1                3.28142m   41.714    0.0489      H  1                1.68064m   40.805    0.0060      Ca B                4437.55A   40.205    0.0015
H  1                3.28142m   41.289    0.0183      H  1                1.64071m   40.700    0.0047      Ca B                4471.49A   41.792    0.0585
H  1                3.28142m   40.624    0.0040      H  1                1.61092m   40.602    0.0038      Ca B                4713.03A   41.025    0.0100
H  1                4.46637m   41.642    0.0414      H  1                1.58804m   40.512    0.0031      Ca B                4921.93A   41.217    0.0156
H  1                4.46637m   41.902    0.0752      H  1                1.57006m   40.429    0.0025      Ca B                5015.68A   41.636    0.0408
H  1                4.46637m   41.788    0.0580      H  1                1.55563m   40.352    0.0021      Ca B                5047.64A   40.576    0.0036
H  1                4.46637m   41.527    0.0318      H  1                1.54388m   40.280    0.0018      Ca B                5875.64A   42.199    0.1491
H  1                4.46637m   41.169    0.0139      H  1                1.53417m   40.214    0.0015      Ca B                6678.15A   41.647    0.0419
H  1                4.46637m   40.693    0.0047      H  1                1.52604m   40.153    0.0013      Ca B                7065.22A   41.646    0.0418
H  1                5.83363m   41.460    0.0272      H  1                1.51917m   40.099    0.0012      Ca B                7281.35A   41.115    0.0123
H  1                5.83363m   41.718    0.0493      H  1                1.51331m   40.052    0.0011      Ca B                9463.57A   40.304    0.0019
H  1                5.83363m   41.607    0.0382      H  1                1.50008m   40.039    0.0010      Ca B                1.08303m   42.539    0.3263
H  1                5.83363m   41.358    0.0215      H  1                1.49672m   40.813    0.0061      Ca B                1.19692m   40.487    0.0029
H  1                5.83363m   41.033    0.0102      H  1                7.45777m   41.288    0.0183      Ca B                1.25274m   40.381    0.0023
H  1                5.83363m   40.638    0.0041      H  1                4.65247m   41.131    0.0127      Ca B                1.27849m   40.909    0.0077
H  1                5.83363m   40.131    0.0013      H  1                3.73951m   40.969    0.0088      Ca B                1.27905m   40.433    0.0026
H  1                7.38319m   41.301    0.0189      H  1                3.29607m   40.820    0.0062      Ca B                1.70027m   40.642    0.0041
H  1                7.38319m   41.558    0.0341      H  1                3.03835m   40.686    0.0046      Ca B                1.86854m   41.259    0.0171
H  1                7.38319m   41.448    0.0265      H  1                2.87219m   40.516    0.0031      Ca B                1.86972m   40.786    0.0058
H  1                7.38319m   41.206    0.0152      H  1                2.75749m   40.411    0.0024      Ca B                1.90894m   40.182    0.0014
H  1                7.38319m   40.900    0.0075      H  1                2.67438m   40.314    0.0019      Ca B                1.95430m   40.147    0.0013
H  1                7.38319m   40.548    0.0033      H  1                2.61191m   40.225    0.0016      Ca B                2.05813m   41.658    0.0430
H  1                7.38319m   40.133    0.0013      H  1                2.56361m   40.142    0.0013      Ca B                2.11180m   40.209    0.0015
H  1                9.11505m   41.159    0.0136      H  1                2.52538m   40.065    0.0011      Pho+                3889.00A   42.755    0.5368
H  1                9.11505m   41.415    0.0246      H  1                2.37371m   40.527    0.0032      extra Lyman....................................
H  1                9.11505m   41.306    0.0191      H  1                12.3684m   40.847    0.0066      database lines.................................
H  1                9.11505m   41.069    0.0111      H  1                7.50038m   40.722    0.0050      Ar 4                4711.26A   40.063    0.0011
H  1                9.11505m   40.775    0.0056      H  1                5.90655m   40.584    0.0036      C  3                1908.73A   41.353    0.0213
H  1                9.11505m   40.448    0.0026      H  1                5.12722m   40.455    0.0027      C  3                1906.68A   41.545    0.0331
H  1                9.11505m   40.085    0.0011      H  1                4.67119m   40.278    0.0018      C  3                977.020A   41.669    0.0441
H  1                11.0292m   41.796    0.0589      H  1                4.37522m   40.174    0.0014      N  5                1238.82A   40.990    0.0092
H  1                13.1257m   41.683    0.0455      H  1                4.16962m   40.078    0.0011      N  5                1242.80A   40.690    0.0046
H  1                15.4044m   41.579    0.0358      H  1                3.48198m   40.293    0.0019      Ne 3                15.5509m   40.404    0.0024
H  1                17.8655m   41.483    0.0287      H  1                19.0565m   40.468    0.0028      Ne 3                3868.76A   41.161    0.0137
H  1                20.5089m   41.394    0.0234      H  1                11.3055m   40.366    0.0022      Ne 3                3967.47A   40.643    0.0041
H  1                23.3345m   41.310    0.0193      H  1                8.75760m   40.248    0.0017      O  3                88.3323m   41.119    0.0124
H  1                26.3425m   41.231    0.0161      H  1                7.50599m   40.074    0.0011      O  3                51.8004m   40.931    0.0081
H  1                29.5328m   41.157    0.0135      H  1                4.84633m   40.094    0.0012      O  3                4958.91A   41.788    0.0580
H  1                32.9053m   41.087    0.0115      H  1                27.7955m   40.135    0.0013      O  3                5006.84A   42.263    0.1730
H  1                36.4602m   41.020    0.0099      H  1                16.2045m   40.052    0.0011      O  3                2320.95A   40.407    0.0024
H  1                40.1974m   40.956    0.0085      Ca A                303.784A   44.014    9.7353      O  3                4363.21A   41.006    0.0096
H  1                44.1168m   40.896    0.0074      Ca A                256.317A   43.386    2.2931      O  3                1660.81A   41.097    0.0118
H  1                48.2186m   40.838    0.0065      Ca A                243.027A   42.979    0.8990      O  3                1666.15A   41.564    0.0346
H  1                52.5027m   40.783    0.0057      Ca A                237.331A   42.676    0.4478      O  3                835.289A   40.672    0.0044
H  1                56.9691m   41.930    0.0804      Ca A                234.347A   42.434    0.2564      O  3                833.749A   40.591    0.0037
He 2                2049.88A   41.982    0.0906      Ca A                232.584A   42.231    0.1608      O  3                835.092A   40.085    0.0011
He 2                2049.88A   42.395    0.2341      Ca A                231.454A   42.057    0.1077      O  3                832.929A   41.210    0.0153
He 2                2049.88A   42.307    0.1913      Ca A                230.686A   41.904    0.0757      O  3                833.715A   41.369    0.0221
He 2                3644.36A   41.564    0.0345      Ca A                230.139A   41.767    0.0552      O  3                835.059A   40.164    0.0014
He 2                3644.36A   41.969    0.0880      Ca A                229.736A   41.644    0.0416      O  3                702.337A   40.531    0.0032
He 2                3644.36A   41.970    0.0880      Ca A                229.431A   41.531    0.0321      O  3                702.896A   40.716    0.0049
He 2                3644.36A   41.613    0.0387      Ca A                229.194A   41.427    0.0253      O  3                703.851A   40.925    0.0079
He 2                5694.36A   41.232    0.0161      Ca A                229.006A   41.332    0.0202      O  3                508.178A   40.201    0.0015
He 2                5694.36A   41.633    0.0406      Ca A                228.855A   41.242    0.0165      O  5                1218.34A   41.059    0.0108
He 2                5694.36A   41.659    0.0431      Ca A                228.731A   41.159    0.0136      O  5                1213.81A   41.234    0.0162
He 2                5694.36A   41.444    0.0262      Ca A                228.629A   41.080    0.0114      O  5                629.732A   41.557    0.0340
He 2                5694.36A   40.925    0.0079      Ca A                228.543A   41.006    0.0096      S  3                9530.62A   40.413    0.0024
He 2                8199.90A   40.967    0.0087      Ca A                228.471A   40.936    0.0081      Si 3                1892.03A   40.730    0.0051
He 2                8199.90A   41.364    0.0218      Ca A                228.409A   40.870    0.0070      Si 3                1882.71A   40.921    0.0079
He 2                8199.90A   41.399    0.0237      Ca A                228.356A   40.807    0.0060      Si 3                1206.50A   40.815    0.0062
He 2                8199.90A   41.235    0.0162      Ca A                228.309A   40.746    0.0053      Si 4                1393.75A   41.078    0.0113
He 2                8199.90A   40.886    0.0073      Ca A                228.269A   40.689    0.0046      Si 4                1402.77A   40.785    0.0058
He 2                8199.90A   40.267    0.0017      Ca A                228.234A   40.634    0.0041      C  4                1550.78A   42.162    0.1371
He 2                1.11610m   40.746    0.0053      Ca A                1640.43A   42.931    0.8053      C  4                1548.19A   42.462    0.2731
He 2                1.11610m   41.141    0.0131      Ca A                1215.13A   42.491    0.2922      Fe 4                3095.77A   40.690    0.0046
He 2                1.11610m   41.180    0.0143      Ca A                1084.94A   42.170    0.1397      Fe 4                3094.96A   40.760    0.0054
He 2                1.11610m   41.039    0.0103      Ca A                1025.27A   41.918    0.0782      Fe 4                3094.53A   40.549    0.0033
He 2                1.11610m   40.760    0.0054      Ca A                992.360A   41.710    0.0484      Fe 4                2835.74A   40.948    0.0084
He 2                1.11610m   40.331    0.0020      Ca A                972.108A   41.532    0.0321      Fe 4                2829.36A   40.577    0.0036
He 2                1.45776m   40.559    0.0034      Ca A                958.694A   41.377    0.0225      Fe 4                2823.50A   40.427    0.0025
He 2                1.45776m   40.951    0.0084      Ca A                949.324A   41.238    0.0163      Fe 4                2567.61A   40.029    0.0010
He 2                1.45776m   40.992    0.0093      Ca A                942.508A   41.114    0.0123      Mg 2                2802.71A   40.035    0.0010
He 2                1.45776m   40.863    0.0069      Ca A                937.389A   41.000    0.0094      Mg 2                2795.53A   40.335    0.0020
He 2                1.45776m   40.619    0.0039      Ca A                933.444A   40.896    0.0074      N  3                1752.16A   40.110    0.0012
He 2                1.45776m   40.273    0.0018      Ca A                930.337A   40.800    0.0060      N  3                1749.67A   40.168    0.0014
He 2                1.84498m   40.395    0.0023      Ca A                927.846A   40.711    0.0048      N  3                989.799A   40.260    0.0017
He 2                1.84498m   40.786    0.0058      Ca A                925.817A   40.627    0.0040      N  4                1486.50A   41.154    0.0134
He 2                1.84498m   40.827    0.0063      Ca A                924.142A   40.548    0.0033      N  4                1483.32A   41.338    0.0206
He 2                1.84498m   40.706    0.0048      Ca A                922.743A   40.474    0.0028      N  4                765.147A   41.464    0.0275
He 2                1.84498m   40.482    0.0029      Ca A                921.562A   40.404    0.0024      Ne 4                2421.66A   40.170    0.0014
He 2                1.84498m   40.180    0.0014      Ca A                920.556A   40.338    0.0021      Ne 4                2424.28A   40.320    0.0020
He 2                2.27776m   40.250    0.0017      Ca A                919.693A   40.275    0.0018      Ne 5                3426.03A   40.452    0.0027
He 2                2.27776m   40.640    0.0041      Ca A                918.945A   40.215    0.0015      Ne 6                7.64318m   40.339    0.0021
He 2                2.27776m   40.681    0.0045      Ca A                918.295A   40.157    0.0014      Ne 6                558.685A   40.212    0.0015
He 2                2.27776m   40.564    0.0035      Ca A                917.724A   40.102    0.0012      Ne 7                465.220A   40.139    0.0013
He 2                2.27776m   40.352    0.0021      Ca A                4685.64A   42.121    0.1247      Ne 8                770.410A   40.054    0.0011
He 2                2.27776m   40.077    0.0011      Ca A                3203.04A   41.803    0.0600      O  4                25.8832m   40.503    0.0030
He 2                2.75608m   41.154    0.0134      Ca A                2733.24A   41.547    0.0333      O  4                1399.77A   40.265    0.0017
He 2                3.27997m   41.042    0.0104      Ca A                2511.15A   41.335    0.0204      O  4                1407.38A   40.254    0.0017
He 2                3.84941m   40.939    0.0082      Ca A                2385.35A   41.155    0.0135      O  4                1404.78A   40.699    0.0047
He 2                4.46440m   40.843    0.0066      Ca A                2306.15A   40.998    0.0094      O  4                1401.16A   40.682    0.0045
He 2                5.12495m   40.754    0.0054      Ca A                2252.64A   40.858    0.0068      O  4                787.710A   41.096    0.0118
He 2                5.83106m   40.671    0.0044      Ca A                2214.62A   40.732    0.0051      O  4                790.114A   40.648    0.0042
He 2                6.58272m   40.592    0.0037      Ca A                2186.56A   40.618    0.0039      O  4                790.201A   40.678    0.0045
He 2                7.37993m   40.518    0.0031      Ca A                2165.20A   40.513    0.0031      O  4                609.830A   40.433    0.0026
He 2                8.22270m   40.448    0.0026      Ca A                2148.55A   40.416    0.0025      O  4                554.076A   40.442    0.0026
He 2                9.11102m   40.381    0.0023      Ca A                2135.31A   40.326    0.0020      O  4                555.264A   40.434    0.0026
He 2                10.0449m   40.318    0.0020      Ca A                2124.58A   40.242    0.0016      O  4                554.514A   40.429    0.0025
He 2                11.0243m   40.258    0.0017      Ca A                2115.78A   40.163    0.0014      O  6                1037.62A   41.326    0.0200
He 2                12.0493m   40.200    0.0015      Ca A                2108.46A   40.089    0.0012      O  6                1031.91A   41.623    0.0396
He 2                13.1199m   40.145    0.0013      Ca A                1.01233m   41.512    0.0307      S  4                10.5076m   40.998    0.0094
He 2                14.2360m   41.308    0.0192      Ca A                6559.91A   41.266    0.0174      S  4                1416.89A   40.310    0.0019
He 1                2599.69A   42.462    0.2737      Ca A                5411.37A   41.053    0.0107      S  4                1406.02A   40.375    0.0022
He 1                3120.85A   41.934    0.0811      Ca A                4859.18A   40.871    0.0070      S  4                1062.66A   40.276    0.0018
He 1                3421.00A   41.824    0.0629      Ca A                4541.46A   40.712    0.0049      S  4                1072.97A   40.261    0.0017
He 1                3420.88A   42.301    0.1888      Ca A                4338.55A   40.571    0.0035      S  5                786.470A   40.303    0.0019
He 1                3420.88A   42.523    0.3147      Ca A                4199.71A   40.444    0.0026      level 1 lines..................................
He 1                3678.70A   42.066    0.1099      Ca A                4099.92A   40.329    0.0020      recombination..................................
He 1                6632.16A   41.680    0.0451      Ca A                4025.48A   40.223    0.0016      level2 lines...................................
He 1                7435.20A   41.213    0.0154      Ca A                3968.32A   40.126    0.0013      hyperfine structure............................
He 1                7843.44A   42.117    0.1235      Ca A                3923.37A   40.036    0.0010      inner shell....................................
He 1                8188.36A   41.720    0.0495      Ca A                1.86362m   41.018    0.0098      molecules......................................
He 1                8190.64A   41.226    0.0159      Ca A                1.16260m   40.821    0.0062      H-FB                      0    40.839    0.0065
He 1                8261.30A   41.452    0.0267      Ca A                9344.62A   40.640    0.0041      H-FF                      0    40.620    0.0039
He 1                1.24779m   41.196    0.0148      Ca A                8236.51A   40.481    0.0029      H- H                      0    40.933    0.0081
He 1                1.35647m   40.753    0.0053      Ca A                7592.50A   40.339    0.0021      H2+                       0    40.485    0.0029
He 1                1.40934m   41.667    0.0439      Ca A                7177.28A   40.211    0.0015      blends.........................................
He 1                1.45602m   41.384    0.0228      Ca A                6890.67A   40.096    0.0012      Blnd                2798.00A   40.511    0.0031
He 1                1.45643m   40.887    0.0073      Ca A                3.09074m   40.600    0.0038      Blnd                1406.00A   40.759    0.0054
He 1                1.45759m   40.901    0.0075      Ca A                1.87427m   40.440    0.0026      Blnd                4725.00A   40.310    0.0019
He 1                1.45759m   40.424    0.0025      Ca A                1.47599m   40.284    0.0018      Blnd                1888.00A   41.137    0.0129
He 1                1.46631m   41.021    0.0099      Ca A                1.28124m   40.142    0.0013      Blnd                1397.00A   41.257    0.0171
He 1                2.01409m   40.846    0.0066      Ca A                4.76203m   40.239    0.0016      Blnd                2424.00A   40.552    0.0034
He 1                2.15127m   40.417    0.0025      Ca A                2.82513m   40.106    0.0012      Blnd                895.000A   40.048    0.0011
He 1                2.21672m   41.334    0.0204      Ca B                1640.43A   43.124    1.2548      Blnd                774.000A   40.242    0.0016
He 1                2.27546m   41.086    0.0115      Ca B                1215.13A   42.675    0.4461      Blnd                977.000A   41.671    0.0442
He 1                2.27605m   40.589    0.0037      Ca B                1084.94A   42.348    0.2104      Blnd                1909.00A   41.762    0.0545
He 1                2.27752m   40.742    0.0052      Ca B                1025.27A   42.092    0.1166      Blnd                1549.00A   42.638    0.4103
He 1                2.27752m   40.265    0.0017      Ca B                992.360A   41.880    0.0717      Blnd                1750.00A   40.594    0.0037
He 1                2.27778m   40.154    0.0013      Ca B                972.108A   41.700    0.0473      Blnd                990.000A   40.523    0.0031
He 1                2.28864m   40.697    0.0047      Ca B                958.694A   41.543    0.0329      Blnd                765.000A   41.464    0.0275
He 1                2.96255m   40.582    0.0036      Ca B                949.324A   41.403    0.0239      Blnd                1486.00A   41.557    0.0340
He 1                3.12825m   40.158    0.0014      Ca B                942.508A   41.277    0.0179      Blnd                1240.00A   41.167    0.0138
He 1                3.20640m   41.071    0.0111      Ca B                937.389A   41.162    0.0137      Blnd                3727.00A   40.213    0.0015
He 1                3.27715m   40.838    0.0065      Ca B                933.444A   41.057    0.0108      Blnd                1666.00A   41.691    0.0464
He 1                3.27790m   40.337    0.0021      Ca B                930.337A   40.960    0.0086      Blnd                5007.00A   42.389    0.2310
He 1                3.27968m   40.543    0.0033      Ca B                927.846A   40.870    0.0070      Blnd                4363.00A   41.006    0.0096
He 1                3.27969m   40.066    0.0011      Ca B                925.817A   40.786    0.0058      Blnd                835.000A   41.707    0.0481
He 1                3.28001m   40.123    0.0013      Ca B                924.142A   40.707    0.0048      Blnd                1402.00A   41.149    0.0133
He 1                3.29317m   40.438    0.0026      Ca B                922.743A   40.632    0.0040      Blnd                789.000A   41.341    0.0207
He 1                4.46460m   41.310    0.0193      Ca B                921.562A   40.562    0.0034      Blnd                630.000A   41.558    0.0341
He 1                5.83132m   41.139    0.0130      Ca B                920.556A   40.495    0.0029      Blnd                1218.00A   41.456    0.0270
He 1                7.38026m   40.987    0.0092      Ca B                919.693A   40.431    0.0025      Blnd                1035.00A   41.800    0.0596
He 1                9.11143m   40.850    0.0067      Ca B                918.945A   40.371    0.0022

                                                    Emergent line intensities
general properties.............................      H  1                1.61092m   40.602    0.0038      He 1                3634.08A   40.935    0.0081
continua.......................................      H  1                1.58804m   40.512    0.0031      He 1                3587.16A   40.791    0.0058
FIR                 83.0000m   44.127   12.6419      H  1                1.57006m   40.429    0.0025      He 1                3554.34A   40.663    0.0043
TIR                 1800.00m   41.422    0.0250      H  1                1.55563m   40.352    0.0021      He 1                3530.43A   40.546    0.0033
NIRa                2.85000m   45.272  176.4801      H  1                1.54388m   40.280    0.0018      He 1                3512.47A   40.440    0.0026
NIRb                3.00000m   44.873   70.5163      H  1                1.53417m   40.214    0.0015      He 1                3498.61A   40.343    0.0021
MIRa                15.0000m   44.914   77.4454      H  1                1.52604m   40.153    0.0013      He 1                3487.70A   40.253    0.0017
MIRb                22.5000m   44.988   91.9301      H  1                1.51917m   40.099    0.0012      He 1                3478.94A   40.170    0.0014
NMIR                21.7500m   45.272  176.4801      H  1                1.51331m   40.052    0.0011      He 1                3471.80A   40.094    0.0012
TFIR                611.250m   41.977    0.0895      H  1                1.50008m   40.039    0.0010      He 1                3439.99A   40.590    0.0037
TALL                10000.0A   45.710  484.8915      H  1                1.49672m   40.813    0.0061      He 1                7281.35A   40.891    0.0074
F12                 12.0000m   44.471   27.9563      H  1                7.45777m   41.288    0.0184      He 1                6678.15A   41.526    0.0317
F25                 25.0000m   44.255   16.9974      H  1                4.65247m   41.131    0.0128      He 1                5047.64A   40.445    0.0026
F60                 60.0000m   44.083   11.4269      H  1                3.73951m   40.969    0.0088      He 1                4921.93A   41.125    0.0126
F100                100.000m   42.957    0.8555      H  1                3.29607m   40.820    0.0062      He 1                4437.55A   40.115    0.0012
MIPS                24.0000m   43.959    8.6028      H  1                3.03835m   40.686    0.0046      He 1                4387.93A   40.819    0.0062
MIPS                70.0000m   43.511    3.0617      H  1                2.87219m   40.516    0.0031      He 1                4143.76A   40.574    0.0035
MIPS                160.000m   41.237    0.0163      H  1                2.75749m   40.411    0.0024      He 1                4009.05A   40.461    0.0027
IRAC                3.60000m   44.082   11.4171      H  1                2.67438m   40.314    0.0019      He 1                3926.41A   40.296    0.0019
IRAC                4.50000m   44.117   12.3639      H  1                2.61191m   40.225    0.0016      He 1                3871.69A   40.151    0.0013
IRAC                5.80000m   44.149   13.3104      H  1                2.56361m   40.142    0.0013      He 1                4.29459m   40.227    0.0016
IRAC                8.00000m   44.304   19.0055      H  1                2.52538m   40.065    0.0011      He 1                1.25274m   40.343    0.0021
SPR1                250.000m   41.205    0.0152      H  1                2.37371m   40.527    0.0032      He 1                9463.57A   40.267    0.0017
SPR2                350.000m   41.087    0.0115      H  1                12.3684m   40.847    0.0066      He 1                8361.73A   40.092    0.0012
SPR3                500.000m   41.031    0.0101      H  1                7.50038m   40.722    0.0050      He 1                2.11180m   40.147    0.0013
PAC1                70.0000m   43.569    3.4997      H  1                5.90655m   40.584    0.0036      He 1                1.70027m   40.555    0.0034
PAC2                100.000m   42.912    0.7708      H  1                5.12722m   40.455    0.0027      He 1                1.19692m   40.403    0.0024
PAC3                160.000m   41.510    0.0306      H  1                4.67119m   40.278    0.0018      He 1                1.03113m   40.208    0.0015
PAH                 3.30000m   43.226    1.5905      H  1                4.37522m   40.174    0.0014      He 1                9515.06A   40.211    0.0015
PAHC                3.23000m   42.933    0.8096      H  1                4.16962m   40.078    0.0011      He 1                9062.39A   40.063    0.0011
PAHC                3.37000m   42.918    0.7815      H  1                3.48198m   40.293    0.0019      He 1                1.95430m   40.109    0.0012
PAH                 6.20000m   43.666    4.3802      H  1                19.0565m   40.468    0.0028      He 1                1.86854m   41.099    0.0119
PAHC                5.65000m   43.704    4.7733      H  1                11.3055m   40.366    0.0022      He 1                1.27849m   40.783    0.0057
PAH                 7.90000m   43.852    6.7181      H  1                8.75760m   40.248    0.0017      He 1                1.09130m   40.524    0.0032
PAHC                6.90000m   43.917    7.8006      H  1                7.50599m   40.074    0.0011      He 1                1.00275m   40.281    0.0018
PAH                 11.3000m   43.264    1.7364      H  1                4.84633m   40.094    0.0012      He 1                9526.01A   40.109    0.0012
PAHC                10.9000m   43.287    1.8268      H  1                27.7955m   40.135    0.0013      He 1                1.86972m   40.622    0.0040
PAH                 11.8000m   43.479    2.8439      H  1                16.2045m   40.052    0.0011      He 1                1.27905m   40.306    0.0019
PAHC                12.6500m   43.447    2.6452      He 2                1640.43A   42.938    0.8194      He 1                1.09171m   40.048    0.0011
PAH                 13.3000m   43.478    2.8384      He 2                1215.13A   42.516    0.3097      He 1                1.90894m   40.091    0.0012
PAHC                14.1000m   43.446    2.6376      He 2                1084.94A   42.203    0.1506      He 1                4.03664m   40.036    0.0010
Bcon                3640.00A   45.394  233.9205      He 2                1025.27A   41.954    0.0849      He 1                4.04791m   40.362    0.0022
Pcon                5000.00A   44.731   50.8108      He 2                992.360A   41.747    0.0528      He 1                2.62338m   40.074    0.0011
O3bn                5007.00A   43.221    1.5727      He 2                972.108A   41.570    0.0351      extra Lyman....................................
SX                  25.0000A   43.335    2.0435      He 2                958.694A   41.416    0.0246      database lines.................................
HX                  4.70000A   43.790    5.8194      He 2                949.324A   41.278    0.0179      Ar 4                4711.26A   40.062    0.0011
RRC............................................      He 2                942.508A   41.292    0.0185      C  3                1908.73A   41.353    0.0213
grains.........................................      He 2                937.389A   41.190    0.0146      C  3                1906.68A   41.545    0.0331
H-like iso-sequence............................      He 2                933.444A   41.096    0.0118      C  3                977.020A   41.669    0.0441
H  1                1215.67A   44.831   63.9451      He 2                930.337A   41.009    0.0097      N  5                1238.82A   40.990    0.0092
H  1                1025.72A   43.951    8.4328      He 2                927.846A   40.929    0.0080      N  5                1242.80A   40.690    0.0046
H  1                972.537A   43.503    3.0058      He 2                925.817A   40.855    0.0068      Ne 3                15.5509m   40.404    0.0024
H  1                949.743A   43.186    1.4483      He 2                924.142A   40.787    0.0058      Ne 3                3868.76A   41.161    0.0137
H  1                937.804A   42.860    0.6847      He 2                922.743A   40.724    0.0050      Ne 3                3967.47A   40.643    0.0042
H  1                930.748A   42.651    0.4233      He 2                921.562A   40.667    0.0044      O  3                88.3323m   41.119    0.0124
H  1                926.226A   42.472    0.2798      He 2                920.556A   40.616    0.0039      O  3                51.8004m   40.931    0.0081
H  1                923.150A   42.313    0.1943      He 2                919.693A   40.573    0.0035      O  3                4958.91A   41.788    0.0580
H  1                920.963A   42.172    0.1403      He 2                918.945A   40.541    0.0033      O  3                5006.84A   42.263    0.1730
H  1                919.351A   42.253    0.1690      He 2                918.295A   40.529    0.0032      O  3                2320.95A   40.406    0.0024
H  1                918.129A   42.146    0.1321      He 2                917.724A   40.567    0.0035      O  3                4363.21A   41.006    0.0096
H  1                917.181A   42.047    0.1054      He 2                917.221A   41.337    0.0205      O  3                1660.81A   41.097    0.0118
H  1                916.429A   41.957    0.0855      He 2                4685.64A   42.071    0.1113      O  3                1666.15A   41.564    0.0346
H  1                915.824A   41.873    0.0705      He 2                3203.04A   41.786    0.0578      O  5                1218.34A   41.059    0.0108
H  1                915.329A   41.795    0.0589      He 2                2733.24A   41.542    0.0329      O  5                1213.81A   41.234    0.0162
H  1                914.919A   41.723    0.0499      He 2                2511.15A   41.336    0.0205      S  3                9530.62A   40.412    0.0024
H  1                914.576A   41.657    0.0428      He 2                2385.35A   41.158    0.0136      Si 3                1892.03A   40.730    0.0051
H  1                914.286A   41.596    0.0372      He 2                2306.15A   41.003    0.0095      Si 3                1882.71A   40.921    0.0079
H  1                914.039A   41.541    0.0329      He 2                2252.64A   40.865    0.0069      Si 3                1206.50A   40.815    0.0062
H  1                913.826A   41.495    0.0295      He 2                2214.62A   40.777    0.0056      Si 4                1393.75A   41.078    0.0113
H  1                913.641A   41.460    0.0272      He 2                2186.56A   40.675    0.0045      Si 4                1402.77A   40.785    0.0058
H  1                913.480A   41.445    0.0263      He 2                2165.20A   40.581    0.0036      C  4                1550.78A   42.162    0.1372
H  1                913.339A   41.481    0.0286      He 2                2148.55A   40.495    0.0030      C  4                1548.19A   42.461    0.2733
H  1                913.215A   42.255    0.1699      He 2                2135.31A   40.415    0.0025      Fe 4                3095.77A   40.690    0.0046
H  1                6562.81A   43.445    2.6329      He 2                2124.58A   40.341    0.0021      Fe 4                3094.96A   40.760    0.0054
H  1                4861.33A   43.025    1.0000      He 2                2115.78A   40.273    0.0018      Fe 4                3094.53A   40.549    0.0033
H  1                4340.46A   42.716    0.4915      He 2                2108.46A   40.210    0.0015      Fe 4                2835.74A   40.947    0.0084
H  1                4101.73A   42.411    0.2436      He 2                2102.30A   40.153    0.0013      Fe 4                2829.36A   40.577    0.0036
H  1                3970.07A   42.205    0.1514      He 2                2097.07A   40.102    0.0012      Fe 4                2823.50A   40.427    0.0025
H  1                3889.05A   42.027    0.1006      He 2                2092.59A   40.059    0.0011      Fe 4                2567.61A   40.028    0.0010
H  1                3835.38A   41.872    0.0703      He 2                2088.73A   40.028    0.0010      Mg 2                2802.71A   40.035    0.0010
H  1                3797.89A   41.733    0.0511      He 2                2082.42A   40.054    0.0011      Mg 2                2795.53A   40.335    0.0020
H  1                3770.63A   41.690    0.0462      He 2                2079.84A   40.824    0.0063      N  3                1752.16A   40.110    0.0012
H  1                3750.15A   41.583    0.0362      He 2                1.01233m   41.430    0.0254      N  3                1749.67A   40.168    0.0014
H  1                3734.36A   41.485    0.0288      He 2                6559.91A   41.221    0.0157      N  3                989.799A   40.260    0.0017
H  1                3721.93A   41.394    0.0234      He 2                5411.37A   41.022    0.0099      N  4                1486.50A   41.154    0.0135
H  1                3711.97A   41.311    0.0193      He 2                4859.18A   40.848    0.0067      N  4                1483.32A   41.338    0.0206
H  1                3703.85A   41.233    0.0162      He 2                4541.46A   40.693    0.0047      Ne 4                2421.66A   40.170    0.0014
H  1                3697.15A   41.161    0.0137      He 2                4338.55A   40.555    0.0034      Ne 4                2424.28A   40.320    0.0020
H  1                3691.55A   41.095    0.0117      He 2                4199.71A   40.407    0.0024      Ne 5                3426.03A   40.452    0.0027
H  1                3686.83A   41.034    0.0102      He 2                4099.92A   40.306    0.0019      Ne 6                7.64318m   40.339    0.0021
H  1                3682.80A   40.980    0.0090      He 2                4025.48A   40.213    0.0015      O  4                25.8832m   40.503    0.0030
H  1                3679.35A   40.933    0.0081      He 2                3968.32A   40.127    0.0013      O  4                1399.77A   40.264    0.0017
H  1                3676.36A   40.898    0.0075      He 2                3923.37A   40.047    0.0011      O  4                1407.38A   40.254    0.0017
H  1                3673.75A   40.883    0.0072      He 2                3740.11A   40.456    0.0027      O  4                1404.78A   40.699    0.0047
H  1                3671.47A   40.919    0.0078      He 2                1.86362m   40.910    0.0077      O  4                1401.16A   40.682    0.0045
H  1                3669.46A   41.693    0.0466      He 2                1.16260m   40.750    0.0053      O  6                1037.62A   41.326    0.0200
H  1                1.87510m   42.505    0.3020      He 2                9344.62A   40.586    0.0036      O  6                1031.91A   41.623    0.0396
H  1                1.28180m   42.235    0.1623      He 2                8236.51A   40.436    0.0026      S  4                10.5076m   40.998    0.0094
H  1                1.09380m   41.959    0.0860      He 2                7592.50A   40.301    0.0019      S  4                1416.89A   40.310    0.0019
H  1                1.00493m   41.755    0.0538      He 2                7177.28A   40.118    0.0012      S  4                1406.02A   40.375    0.0022
H  1                9545.93A   41.579    0.0359      He 2                5931.63A   40.170    0.0014      S  4                1062.66A   40.276    0.0018
H  1                9228.97A   41.425    0.0251      He 2                3.09074m   40.470    0.0028      S  4                1072.97A   40.261    0.0017
H  1                9014.87A   41.287    0.0183      He 2                1.87427m   40.347    0.0021      level 1 lines..................................
H  1                8862.74A   41.174    0.0141      He 2                1.47599m   40.209    0.0015      recombination..................................
H  1                8750.43A   41.068    0.0110      He 2                1.28124m   40.079    0.0011      level2 lines...................................
H  1                8664.98A   40.970    0.0088      He 2                4.76203m   40.091    0.0012      hyperfine structure............................
H  1                8598.35A   40.880    0.0072      He-like iso-sequence...........................      inner shell....................................
H  1                8545.34A   40.796    0.0059      He 1                1.08303m   42.449    0.2659      molecules......................................
H  1                8502.44A   40.719    0.0049      He 1                3888.63A   42.216    0.1553      blends.........................................
H  1                8467.21A   40.647    0.0042      He 1                3187.74A   41.837    0.0649      Blnd                2798.00A   40.511    0.0031
H  1                8437.91A   40.581    0.0036      He 1                2945.10A   41.525    0.0316      Blnd                1406.00A   40.759    0.0054
H  1                8413.28A   40.520    0.0031      He 1                2829.08A   41.269    0.0176      Blnd                4725.00A   40.310    0.0019
H  1                8392.35A   40.466    0.0028      He 1                2760.44A   40.472    0.0028      Blnd                1888.00A   41.137    0.0130
H  1                8374.43A   40.419    0.0025      He 1                2721.00A   40.321    0.0020      Blnd                1397.00A   41.257    0.0171
H  1                8358.96A   40.384    0.0023      He 1                2694.61A   40.184    0.0014      Blnd                2424.00A   40.552    0.0034
H  1                8345.51A   40.370    0.0022      He 1                2676.05A   40.061    0.0011      Blnd                977.000A   41.671    0.0442
H  1                8333.74A   40.406    0.0024      He 1                5015.68A   40.240    0.0016      Blnd                1909.00A   41.761    0.0545
H  1                8323.38A   41.180    0.0143      He 1                7065.22A   41.583    0.0361      Blnd                1549.00A   42.638    0.4106
H  1                4.05113m   41.836    0.0648      He 1                5875.64A   42.087    0.1154      Blnd                1750.00A   40.594    0.0037
H  1                2.62513m   41.612    0.0386      He 1                4713.03A   40.963    0.0087      Blnd                990.000A   40.523    0.0032
H  1                2.16551m   41.417    0.0247      He 1                4471.49A   41.706    0.0480      Blnd                1486.00A   41.557    0.0340
H  1                1.94454m   41.245    0.0166      He 1                4120.82A   40.567    0.0035      Blnd                1240.00A   41.166    0.0139
H  1                1.81740m   41.092    0.0117      He 1                4026.20A   41.400    0.0237      Blnd                5007.00A   42.388    0.2310
H  1                1.73620m   40.955    0.0085      He 1                3867.48A   40.281    0.0018      Blnd                1218.00A   41.456    0.0270
H  1                1.68064m   40.805    0.0060      He 1                3819.61A   41.148    0.0133      Blnd                1035.00A   41.800    0.0596
H  1                1.64071m   40.700    0.0047      He 1                3704.76A   41.098    0.0118



 CIV QSO  
 Cooling:  HFBc                      0 :0.123 H  1c                     0 :0.507 He 2c                     0 :0.105 HFFc                      0 :0.168  
 Heating:  BFH1                      0 :0.568 BFHe                      0 :0.431  

 These are some of the most important databases used by Cloudy:
 Many recombination coefficients were taken from http://amdpp.phys.strath.ac.uk/tamoc/RR/ and http://amdpp.phys.strath.ac.uk/tamoc/DR/
      and are based on the following papers:
        Badnell N. R., et al., A&A 406, 1151 (2003) [http://adsabs.harvard.edu/abs/2003A%26A...406.1151B]
        Badnell N. R., ApJS 167, 334 (2006) [http://adsabs.harvard.edu/abs/2006ApJS..167..334B]
 Much of the molecular emission data is from LAMDA as accessed on June 30, 2015. This database is described in:
        Schoeier F.L., et al., A&A 432, 369 (2005) [http://adsabs.harvard.edu/abs/2005A%26A...432..369S]
      This database is in part based on the work of the following groups:
        JPL: Pickett H. M. et al., JQSRT, 60, 883 (1998). [http://adsabs.harvard.edu/abs/1998JQSRT..60..883P]
        CDMS: Mueller H. S. et al., A&A 370, L49 (2001). [http://adsabs.harvard.edu/abs/2001A%26A...370L..49M]
              Mueller H. S. et al., J. Mol. Struct. 742, 215 (2005). [http://adsabs.harvard.edu/abs/2005JMoSt.742..215M]
 Some of the ionic emission data is from version 7.1.4 of CHIANTI. CHIANTI is a collaborative project involving the NRL (USA), the
      Universities of Florence (Italy) and Cambridge (UK), and George Mason University (USA). These papers describe Chianti:
        Dere K. P., et al., A&AS, 125, 149 (1997) [http://adsabs.harvard.edu/abs/1997A%26AS..125..149D]
        Landi E., et al., ApJ, 744, 99 (2012) [http://adsabs.harvard.edu/abs/2012ApJ...744...99L]
 Much of the H_2 data is from this web site: http://molat.obspm.fr/index.php?page=pages/Molecules/H2/H2can94.php. These data are
      described in:
        Abgrall H. et al., Can. J. Phys., 72, 856 (1994) [http://adsabs.harvard.edu/abs/1994CaJPh..72..856A]
        Wrathmall S. A. & Flower D. R., J. Phys. B, 40, 3221 (2007) [http://adsabs.harvard.edu/abs/2007JPhB...40.3221W]
 The Case A and Case B recombination predictions for one-electron systems are from
	Storey, P.J. & Hummer, D.G., 1995, MNRAS 272, 41 http://adsabs.harvard.edu/abs/1995MNRAS.272...41S
 The He I recombination predictions are from
	Porter, R. L.; Ferland, G. J.; Storey, P. J.; Detisch, M. J., 2012, MNRAS, 425, 28p http://adsabs.harvard.edu/abs/2012MNRAS.425L..28P
		http://adsabs.harvard.edu/abs/2013MNRAS.433L..89P

 If you find some process or data set to be particularly critical to a result, please follow the trail of references back to the
 original source and cite that.  This will support and encourage atomic, molecular, and chemical physicists to continue their
 valuable work.

 IONIZE PARMET:  U(1-)  1.4745  U(4-):  0.4517  U(sp): -1.15  Q(ion):   52.425  L(ion) 44.281    Q(low): 58.147    L(low) 45.692
 ENERGY BUDGET:  Heat:  44.878  Coolg:  44.878  Error:  0.0%  Rec Lin:  44.394  F-F  H  0.000    P(rad/tot)max     0.00E+00    R(F Con):1.737e+05

     Col(Heff):      2.794E+21  snd travl time  2.62E+17 sec  Te-low: 8.36E+03  Te-hi: 8.66E+04  G0TH85: 4.35E+03  G0DB96:4.11E+03
  Emiss Measure    n(e)n(p) dl       4.630E+21  n(e)n(He+)dl         1.400E+20  En(e)n(He++) dl         3.231E+20  ne nC+:5.60E+12
 He/Ha:9.39E-02  =   0.94*true  Lthin:2.10E+03  itr/zn: 4.47  H2 itr/zn:  0.00  File Opacity: F  MassTot 1.76e+46  (gm)
   Temps(21 cm)   T(21cm/Ly a)  2.96E+03        T(<nH/Tkin>)  8.55E+03          T(<nH/Tspin>)    3.17E+03          TB21cm:1.71E+02
                   N(H0/Tspin)  2.11E+18        N(OH/Tkin)    7.22E+01          B(21cm)          0.00E+00
   <a>:1.02E-10  erdeFe6.2E+23  Tcompt5.36E+10  Tthr4.07E+15  <Tden>: 3.89E+04  <dens>:2.39E-25  <MolWgt>7.57E-01
     Mean Jeans  l(cm)4.07E+22  M(sun)1.31E+09  smallest:     len(cm):1.25E+22  M(sun):9.26E+07  a_ox tran: -1.54
 Rion:1.784E+23  Dist:0.00E+00  Diam:0.000E+00
 Hatom level 70  HatomType: add  HInducImp  F  He tot level: 63  He2 level:   70  ExecTime   257.6
 ConvrgError(%)  <eden>  0.027  MaxEden  0.399  <H-C>   0.08  Max(H-C)    0.50  <Press>   0.000  MaxPrs er  0.000
  Continuity(%)  chng Te   2.9  elec den   7.0  n(H2)    0.0  n(CO)        0.0

                                                        Averaged Quantities
             Te      Te(Ne)   Te(NeNp)  Te(NeHe+)Te(NeHe2+) Te(NeO+)  Te(NeO2+)  Te(H2)     N(H)     Ne(O2+)   Ne(Np)
 Radius:  2.71e+04  4.75e+04  5.29e+04  3.19e+04  6.19e+04  1.84e+04  3.32e+04  8.55e+03  1.02e-01  1.27e-01  1.83e-01
   Area:  1.62e+04  3.59e+04  4.10e+04  3.00e+04  5.73e+04  1.66e+04  3.09e+04  8.53e+03  7.02e-02  1.20e-01  1.40e-01
 Volume:  1.20e+04  2.94e+04  3.39e+04  2.83e+04  5.56e+04  1.54e+04  2.89e+04  8.50e+03  5.69e-02  1.14e-01  1.16e-01
 
 Peimbert T(OIIIr)2.30E+04 T(Bac)1.67E+04 T(Hth)0.00E+00 t2(Hstrc) 1.46e-01 T(O3-BAC)0.00E+00 t2(O3-BC) 0.00e+00 t2(O3str) 7.41e-02

 Contin Optical Depths: COMP: 1.94e-02    H-: 1.16e-04 R(1300): 4.48e-02  H2+: 7.06e-06  Bra:1.94E-02
                          Pa: 1.94e-02    Ba: 1.95e-02      Hb: 1.95e-02   La: 1.10e+02     1r:4.240E+04  1.8:1.32E+04 4.:3.782E+03

 Old, new H  1 continuum optical depths:
     1 4.24e+04     2 6.22e-05     3 1.22e-04     4 1.22e-04     5 1.22e-04     6 3.05e-05     7 3.05e-05     8 3.05e-05
     9 3.05e-05    10 1.81e-15    11 1.81e-15    12 1.81e-15    13 1.81e-15    14 1.81e-15    15 4.04e-15    16 4.04e-15
    17 4.04e-15    18 4.04e-15    19 4.04e-15    20 4.04e-15    21 8.21e-15    22 8.21e-15    23 8.21e-15    24 8.21e-15
    25 8.21e-15    26 8.21e-15    27 8.21e-15    28 1.54e-14    29 1.54e-14    30 1.54e-14    31 1.54e-14    32 1.54e-14
    33 1.54e-14    34 1.54e-14    35 1.54e-14    36 2.73e-14    37 2.73e-14    38 2.73e-14    39 2.73e-14    40 2.73e-14
    41 2.73e-14    42 2.73e-14    43 2.73e-14    44 2.73e-14    45 4.58e-14    46 4.58e-14    47 4.58e-14    48 4.58e-14
    49 4.58e-14    50 4.58e-14    51 4.58e-14    52 4.58e-14    53 4.58e-14    54 4.58e-14
     1 4.24e+04     2 6.19e-05     3 1.21e-04     4 1.21e-04     5 1.21e-04     6 3.04e-05     7 3.04e-05     8 3.04e-05
     9 3.04e-05    10 1.85e-15    11 1.85e-15    12 1.85e-15    13 1.85e-15    14 1.85e-15    15 4.14e-15    16 4.14e-15
    17 4.14e-15    18 4.14e-15    19 4.14e-15    20 4.14e-15    21 8.42e-15    22 8.42e-15    23 8.42e-15    24 8.42e-15
    25 8.42e-15    26 8.42e-15    27 8.42e-15    28 1.59e-14    29 1.59e-14    30 1.59e-14    31 1.59e-14    32 1.59e-14
    33 1.59e-14    34 1.59e-14    35 1.59e-14    36 2.81e-14    37 2.81e-14    38 2.81e-14    39 2.81e-14    40 2.81e-14
    41 2.81e-14    42 2.81e-14    43 2.81e-14    44 2.81e-14    45 4.72e-14    46 4.72e-14    47 4.72e-14    48 4.72e-14
    49 4.72e-14    50 4.72e-14    51 4.72e-14    52 4.72e-14    53 4.72e-14    54 4.72e-14

 Old, new H  1 mean line optical depths:
  2- 1 7.56e+08  3- 2 7.69e-06  4- 3 2.27e-12  5- 4 2.32e-12  6- 5 4.93e-12  7- 6 4.54e-12  8- 7 8.79e-12
  9- 8 1.60e-11 10- 9 2.64e-11 11-10 2.18e-10 12-11 0.00e+00 13-12 0.00e+00 14-13 0.00e+00 15-14 0.00e+00 16-15 0.00e+00
 17-16 0.00e+00 18-17 0.00e+00 19-18 0.00e+00 20-19 0.00e+00 21-20 0.00e+00 22-21 0.00e+00 23-22 0.00e+00 24-23 0.00e+00
 25-24 0.00e+00
  2- 1 7.56e+08  3- 2 5.74e-06  4- 3 2.61e-12  5- 4 2.55e-12  6- 5 4.83e-12  7- 6 3.38e-12  8- 7 5.85e-12
  9- 8 1.02e-11 10- 9 1.67e-11 11-10 1.52e-10 12-11 0.00e+00 13-12 0.00e+00 14-13 0.00e+00 15-14 0.00e+00 16-15 0.00e+00
 17-16 0.00e+00 18-17 0.00e+00 19-18 0.00e+00 20-19 0.00e+00 21-20 0.00e+00 22-21 0.00e+00 23-22 0.00e+00 24-23 0.00e+00
 25-24 0.00e+00

 Old, new He 2 continuum optical depths:
     1 3.78e+03     2 4.22e+04     3 3.07e-05     4 3.07e-05     5 3.07e-05     6 6.22e-05     7 6.22e-05     8 6.22e-05
     9 6.22e-05    10 9.93e-05    11 9.93e-05    12 9.93e-05    13 9.93e-05    14 9.93e-05    15 1.22e-04    16 1.22e-04
    17 1.22e-04    18 1.22e-04    19 1.22e-04    20 1.22e-04    21 9.97e-05    22 9.97e-05    23 9.97e-05    24 9.97e-05
    25 9.97e-05    26 9.97e-05    27 9.97e-05    28 3.05e-05    29 3.05e-05    30 3.05e-05    31 3.05e-05    32 3.05e-05
    33 3.05e-05    34 3.05e-05    35 3.05e-05    36 1.07e-15    37 1.07e-15    38 1.07e-15    39 1.07e-15    40 1.07e-15
    41 1.07e-15    42 1.07e-15    43 1.07e-15    44 1.07e-15    45 1.81e-15    46 1.81e-15    47 1.81e-15    48 1.81e-15
    49 1.81e-15    50 1.81e-15    51 1.81e-15    52 1.81e-15    53 1.81e-15    54 1.81e-15
     1 3.78e+03     2 4.22e+04     3 3.08e-05     4 3.08e-05     5 3.08e-05     6 6.19e-05     7 6.19e-05     8 6.19e-05
     9 6.19e-05    10 9.89e-05    11 9.89e-05    12 9.89e-05    13 9.89e-05    14 9.89e-05    15 1.21e-04    16 1.21e-04
    17 1.21e-04    18 1.21e-04    19 1.21e-04    20 1.21e-04    21 9.93e-05    22 9.93e-05    23 9.93e-05    24 9.93e-05
    25 9.93e-05    26 9.93e-05    27 9.93e-05    28 3.04e-05    29 3.04e-05    30 3.04e-05    31 3.04e-05    32 3.04e-05
    33 3.04e-05    34 3.04e-05    35 3.04e-05    36 1.10e-15    37 1.10e-15    38 1.10e-15    39 1.10e-15    40 1.10e-15
    41 1.10e-15    42 1.10e-15    43 1.10e-15    44 1.10e-15    45 1.85e-15    46 1.85e-15    47 1.85e-15    48 1.85e-15
    49 1.85e-15    50 1.85e-15    51 1.85e-15    52 1.85e-15    53 1.85e-15    54 1.85e-15

 Old, new He 2 mean line optical depths:
  2- 1 3.53e+07  3- 2 4.88e-09  4- 3 8.20e-15  5- 4 1.36e-14  6- 5 2.15e-14  7- 6 2.35e-14  8- 7 8.42e-14
  9- 8 2.01e-13 10- 9 3.79e-13 11-10 4.17e-12 12-11 0.00e+00 13-12 0.00e+00 14-13 0.00e+00 15-14 0.00e+00 16-15 0.00e+00
 17-16 0.00e+00 18-17 0.00e+00 19-18 0.00e+00 20-19 0.00e+00 21-20 0.00e+00 22-21 0.00e+00 23-22 0.00e+00 24-23 0.00e+00
 25-24 0.00e+00
  2- 1 3.53e+07  3- 2 5.55e-09  4- 3 1.08e-14  5- 4 1.17e-14  6- 5 3.26e-14  7- 6 9.83e-15  8- 7 4.13e-14
  9- 8 1.19e-13 10- 9 2.45e-13 11-10 3.35e-12 12-11 0.00e+00 13-12 0.00e+00 14-13 0.00e+00 15-14 0.00e+00 16-15 0.00e+00
 17-16 0.00e+00 18-17 0.00e+00 19-18 0.00e+00 20-19 0.00e+00 21-20 0.00e+00 22-21 0.00e+00 23-22 0.00e+00 24-23 0.00e+00
 25-24 0.00e+00

 Old He Is optical depths:    1 1.32e+04    2 4.17e-05    3 5.19e-05    4 5.78e-05    5 5.78e-05
 New He Is optical depths:    1 1.32e+04    2 4.18e-05    3 5.16e-05    4 5.75e-05    5 5.75e-05
          Old He Is Lines:  584 4.85e+07 3889 5.61e-03 5016 5.61e-03 5876 5.61e-03
          New He Is Lines:  584 4.85e+07 3889 1.15e-02 5016 1.15e-02 5876 1.15e-02
CIV QSO  


          Start Iteration Number 3                                                                     CIV QSO  


WARNING: no exact matching lines found for "HE 2" 949.310A
Taking best match as "He 2                949.324A"
WARNING: no exact matching lines found for "HE 2" 4859.00A
Taking best match as "He 2                4859.18A"
WARNING: no exact matching lines found for "HE 2" 4339.00A
WARNING: Line with incorrect label found close "O  2                4339.00A"
Taking best match as "He 2                4338.55A"
WARNING: no exact matching lines found for "HE 2" 6527.00A
Taking best match as "He 2                6526.88A"
WARNING: no exact matching lines found for "HE 2" 6560.00A
Taking best match as "He 2                6559.91A"
 ####  1  Te:8.661E+04 Hden:2.404E-01 Ne:2.885E-01 R:3.178E+21 R-R0:1.581E+19 dR:3.162E+19 NTR:  8 Htot:1.297E-25 T912: 4.24e+04###
 Hydrogen      4.37e-08 1.00e+00 H+o/Hden 1.00e+00 1.04e-18 H-    H2 1.81e-30 6.32e-20 H2+ HeH+ 6.77e-24 Ho+ ColD 3.32e+11 7.60e+18
 Helium        2.60e-12 1.11e-05 1.00e+00 HeI 2s3S 5.73e-15 Comp H,C 1.37e-26 4.46e-28 Fill Fac 1.00e+00 Gam1/tot 9.99e-01
 He singlet n  2.60e-12 2.74e-22 8.63e-29 2.53e-28 6.29e-29 4.36e-28 He tripl 5.73e-15 2.57e-26 8.44e-28 5.33e-27 1.20e-27
 Pressure      NgasTgas 4.79e+04 P(total) 6.61e-12 P( gas ) 6.61e-12 P(Radtn) 0.00e+00 Rad accl 5.46e-10 ForceMul 1.20e+00
 Texc(La)      3.62e+03 T(I con) 2.04e+01 T(D con) 6.74e-01 T(U tot) 2.04e+01 nT (c+d) 5.09e+06 Prad/Gas 0.00e+00 Pmag/Gas 0.00e+00
 Molecules     CH/Ctot: 2.43e-41 CH+/Ctot 3.26e-34 CO/Ctot: 5.21e-65 CO+/Ctot 1.78e-55 H2O/Otot 2.58e-68 OH/Ototl 1.69e-45
 Lithium       3.74e-17 2.95e-09 2.70e-04 1.00e+00 Berylliu 2.64e-18 3.49e-13 5.08e-07 2.55e-03 9.97e-01 sec ion: 0.00e+00
 Boron         3.10e-20 3.10e-14 2.85e-10 2.35e-05 1.43e-02 9.86e-01
 Carbon        9.83e-22 1.21e-15 2.90e-11 4.71e-08 4.77e-04 5.54e-02 9.44e-01 H2O+/O   3.55e-66 OH+/Otot 9.90e-45 Hex(tot) 0.00e+00
 Nitrogen      3.52e-23 4.91e-17 2.07e-12 6.75e-09 2.74e-06 5.23e-03 1.59e-01 8.36e-01 O2/Ototl 2.60e-65 O2+/Otot 3.59e-63
 Oxygen        1.07e-24 1.53e-18 1.13e-13 6.64e-10 5.10e-07 7.00e-05 3.43e-02 3.32e-01 6.33e-01
 Fluorine      0.00e+00 5.79e-20 4.50e-15 5.24e-11 7.51e-08 1.75e-05 8.79e-04 1.35e-01 4.85e-01 3.79e-01
 Neon          0.00e+00 1.34e-21 2.02e-16 2.60e-12 7.34e-09 3.23e-06 2.44e-04 5.83e-03 3.25e-01 4.93e-01 1.76e-01
 Sodium        0.00e+00 2.17e-23 8.67e-18 2.66e-13 8.62e-10 5.78e-07 8.10e-05 2.13e-03 2.31e-02 5.31e-01 3.76e-01 6.76e-02
 Magnesium     0.00e+00 2.93e-26 5.71e-20 4.99e-15 4.14e-11 3.69e-08 9.70e-06 6.06e-04 1.04e-02 6.33e-02 6.62e-01 2.40e-01 2.40e-02
 Aluminium  1  1.97e-25 6.60e-22 1.64e-16 3.12e-12 1.02e-08 2.69e-06 2.70e-04 7.13e-03 4.67e-02 1.28e-01 6.70e-01 1.40e-01 8.46e-03
 Silicon    2  1.08e-20 9.96e-18 4.11e-13 2.05e-09 1.76e-06 2.43e-04 5.51e-03 4.29e-02 1.05e-01 2.05e-01 5.68e-01 7.15e-02 2.72e-03
 Phosphorus 3  4.19e-17 1.39e-14 1.30e-10 2.01e-07 4.86e-05 2.05e-03 3.74e-02 1.42e-01 2.20e-01 2.19e-01 3.51e-01 2.78e-02 6.85e-04
 Sulphur    4  3.20e-14 4.28e-12 1.16e-08 6.91e-06 6.24e-04 9.09e-03 7.58e-02 2.88e-01 2.83e-01 1.68e-01 1.67e-01 8.61e-03 1.41e-04
 Chlorine   5  1.81e-11 1.19e-09 1.12e-06 2.16e-04 1.10e-02 1.04e-01 2.59e-01 3.43e-01 1.60e-01 7.44e-02 4.71e-02 1.62e-03 1.81e-05
 Argon      6  1.57e-09 5.34e-08 2.02e-05 1.56e-03 2.81e-02 1.63e-01 4.22e-01 2.81e-01 7.42e-02 2.04e-02 9.26e-03 2.18e-04 1.71e-06
 Potassium  6  4.63e-09 1.45e-07 2.72e-06 4.60e-04 2.10e-02 1.81e-01 3.82e-01 3.09e-01 8.15e-02 2.07e-02 3.85e-03 1.31e-03 2.16e-05
 Calcium    7  1.29e-07 2.02e-06 2.21e-05 1.81e-03 4.00e-02 1.96e-01 3.43e-01 2.86e-01 1.14e-01 1.73e-02 2.08e-03 5.86e-04 6.89e-06
 Scandium   7  3.04e-07 5.83e-06 4.25e-05 2.48e-04 1.08e-02 1.16e-01 4.37e-01 3.11e-01 9.91e-02 2.27e-02 2.62e-03 2.94e-04 5.97e-05
 Titanium   8  1.00e-05 1.02e-04 4.23e-04 2.07e-03 4.96e-02 2.37e-01 4.37e-01 2.38e-01 3.14e-02 4.14e-03 2.70e-04 2.90e-05 4.32e-06
 Vanadium   8  8.12e-06 2.42e-04 1.03e-03 4.04e-03 1.24e-02 1.77e-01 3.99e-01 3.02e-01 9.65e-02 6.86e-03 5.03e-04 2.27e-05 1.86e-06
 Chromium   8  3.56e-06 1.25e-04 8.66e-04 2.30e-03 1.46e-02 2.17e-02 2.16e-01 4.92e-01 2.16e-01 3.39e-02 3.34e-03 1.25e-04 8.67e-06
 Manganese  9  5.00e-04 4.07e-03 3.13e-02 3.94e-02 4.07e-02 4.05e-02 2.79e-01 3.96e-01 1.46e-01 2.08e-02 1.09e-03 4.17e-05 2.07e-06
 Iron       9  4.44e-03 2.06e-02 4.34e-02 6.29e-02 6.41e-02 5.32e-02 7.97e-02 3.02e-01 2.59e-01 1.01e-01 9.54e-03 3.44e-04 1.10e-05
 Cobalt    10  2.55e-03 2.35e-02 1.27e-01 2.21e-01 1.27e-01 7.90e-02 7.15e-02 2.04e-01 1.14e-01 2.85e-02 1.91e-03 5.32e-05 2.58e-06
 Nickel    10  2.06e-03 1.92e-02 1.09e-01 2.19e-01 2.92e-01 1.42e-01 5.91e-02 4.04e-02 8.60e-02 2.60e-02 4.44e-03 2.07e-04 6.18e-06
 Copper    10  3.01e-03 1.18e-02 6.91e-02 1.47e-01 2.25e-01 3.82e-01 9.33e-02 2.87e-02 1.21e-02 2.27e-02 4.23e-03 4.63e-04 1.63e-05
 Zinc      11  9.20e-03 4.34e-02 9.58e-02 1.55e-01 2.97e-01 3.13e-01 5.35e-02 1.86e-02 4.68e-03 8.44e-03 8.54e-04 6.13e-05 1.89e-06
 ####415  Te:8.359E+03 Hden:3.159E-02 Ne:1.055E-03 R:3.151E+23 R-R0:3.119E+23 dR:2.260E+21 NTR:  4 Htot:1.486E-29 T912: 8.48e+04###
 Hydrogen      9.69e-01 3.15e-02 H+o/Hden 1.00e+00 3.59e-10 H-    H2 4.11e-10 1.28e-10 H2+ HeH+ 1.44e-08 Ho+ ColD 6.68e+21 2.53e+22
 Helium        9.81e-01 1.94e-02 9.09e-05 HeI 2s3S 7.57e-14 Comp H,C 4.95e-33 1.61e-35 Fill Fac 1.00e+00 Gam1/tot 4.61e-02
 He singlet n  9.81e-01 3.83e-21 2.51e-27 2.53e-27 1.84e-27 5.06e-27 He tripl 7.57e-14 3.32e-25 8.05e-27 6.90e-26 1.43e-26
 Pressure      NgasTgas 2.99e+02 P(total) 4.13e-14 P( gas ) 4.13e-14 P(Radtn) 0.00e+00 Rad accl 1.20e-10 ForceMul 9.28e+04
 Texc(La)      2.91e+03 T(I con) 1.90e+00 T(D con) 1.48e+00 T(U tot) 2.06e+00 nT (c+d) 8.17e+05 Prad/Gas 0.00e+00 Pmag/Gas 0.00e+00
 Molecules     CH/Ctot: 1.22e-15 CH+/Ctot 2.51e-09 CO/Ctot: 2.53e-16 CO+/Ctot 1.15e-15 H2O/Otot 2.28e-21 OH/Ototl 1.86e-10
 Lithium       1.93e-06 1.00e+00 5.48e-07 0.00e+00 Berylliu 4.50e-05 9.35e-01 6.32e-02 1.34e-03 0.00e+00 sec ion: 9.19e-18
 Boron         8.93e-07 9.44e-01 5.27e-04 5.54e-02 0.00e+00 0.00e+00
 Carbon        3.56e-06 9.84e-01 1.56e-02 6.50e-06 0.00e+00 0.00e+00 0.00e+00 H2O+/O   1.67e-19 OH+/Otot 8.70e-10 Hex(tot) 0.00e+00
 Nitrogen      9.43e-01 5.66e-02 3.63e-05 0.00e+00 0.00e+00 0.00e+00 0.00e+00 0.00e+00 O2/Ototl 3.22e-16 O2+/Otot 1.01e-15
 Oxygen        9.75e-01 2.54e-02 6.54e-05 0.00e+00 0.00e+00 0.00e+00 0.00e+00 0.00e+00 0.00e+00
 Fluorine      1.07e-01 6.23e-01 2.70e-01 5.96e-06 3.78e-05 0.00e+00 0.00e+00 0.00e+00 0.00e+00 0.00e+00
 Neon          7.89e-02 5.28e-01 3.94e-01 8.95e-06 2.72e-06 0.00e+00 0.00e+00 0.00e+00 0.00e+00 0.00e+00 0.00e+00
 Sodium        1.21e-05 5.86e-01 4.14e-01 1.81e-05 1.53e-04 0.00e+00 0.00e+00 0.00e+00 0.00e+00 0.00e+00 0.00e+00 0.00e+00
 Magnesium     1.20e-04 7.46e-01 2.54e-01 5.61e-06 1.86e-06 0.00e+00 0.00e+00 0.00e+00 0.00e+00 0.00e+00 0.00e+00 0.00e+00 0.00e+00
 Aluminium  0  7.23e-07 6.78e-01 1.11e-01 2.11e-01 3.13e-05 0.00e+00 0.00e+00 0.00e+00 0.00e+00 0.00e+00 0.00e+00 0.00e+00 0.00e+00
 Silicon    0  8.24e-07 1.00e+00 3.00e-04 8.69e-05 3.22e-06 0.00e+00 0.00e+00 0.00e+00 0.00e+00 0.00e+00 0.00e+00 0.00e+00 0.00e+00
 Phosphorus 0  2.82e-06 9.70e-01 2.93e-02 5.43e-04 4.98e-06 0.00e+00 0.00e+00 0.00e+00 0.00e+00 0.00e+00 0.00e+00 0.00e+00 0.00e+00
 Sulphur    0  9.28e-07 7.36e-01 2.64e-01 2.72e-05 5.45e-06 1.07e-06 0.00e+00 0.00e+00 0.00e+00 0.00e+00 0.00e+00 0.00e+00 0.00e+00
 Chlorine   0  1.74e-06 5.82e-01 4.18e-01 4.51e-05 6.99e-06 1.38e-06 0.00e+00 0.00e+00 0.00e+00 0.00e+00 0.00e+00 0.00e+00 0.00e+00
 Argon      0  2.04e-01 7.75e-01 2.04e-02 1.99e-05 4.15e-06 0.00e+00 0.00e+00 0.00e+00 0.00e+00 0.00e+00 0.00e+00 0.00e+00 0.00e+00
 Potassium  0  1.57e-06 4.43e-01 4.73e-01 3.48e-05 8.41e-02 2.72e-06 0.00e+00 0.00e+00 0.00e+00 0.00e+00 0.00e+00 0.00e+00 0.00e+00
 Calcium    0  8.34e-10 2.74e-04 9.99e-01 7.38e-04 6.00e-05 3.44e-06 0.00e+00 0.00e+00 0.00e+00 0.00e+00 0.00e+00 0.00e+00 0.00e+00
 Scandium   0  6.97e-09 3.01e-03 9.59e-01 3.65e-02 1.79e-03 4.17e-06 0.00e+00 0.00e+00 0.00e+00 0.00e+00 0.00e+00 0.00e+00 0.00e+00
 Titanium   0  4.22e-07 2.23e-01 7.48e-01 3.31e-04 2.88e-02 4.54e-06 1.28e-06 0.00e+00 0.00e+00 0.00e+00 0.00e+00 0.00e+00 0.00e+00
 Vanadium   0  4.94e-06 4.75e-01 5.24e-01 5.40e-05 1.17e-03 5.00e-06 0.00e+00 0.00e+00 0.00e+00 0.00e+00 0.00e+00 0.00e+00 0.00e+00
 Chromium   0  1.05e-06 9.94e-01 5.49e-03 2.54e-05 1.94e-04 1.61e-05 1.00e-06 0.00e+00 0.00e+00 0.00e+00 0.00e+00 0.00e+00 0.00e+00
 Manganese  0  3.42e-05 9.94e-01 4.92e-03 2.39e-05 5.71e-04 1.57e-05 4.01e-06 0.00e+00 0.00e+00 0.00e+00 0.00e+00 0.00e+00 0.00e+00
 Iron       0  4.52e-06 9.98e-01 1.73e-03 8.66e-05 4.24e-05 1.31e-05 3.03e-06 0.00e+00 0.00e+00 0.00e+00 0.00e+00 0.00e+00 0.00e+00
 Cobalt     0  2.67e-05 9.99e-01 1.45e-04 9.08e-05 3.61e-04 9.50e-06 2.12e-06 0.00e+00 0.00e+00 0.00e+00 0.00e+00 0.00e+00 0.00e+00
 Nickel     0  1.66e-05 1.00e+00 1.25e-04 2.56e-05 6.70e-05 7.65e-06 1.51e-06 0.00e+00 0.00e+00 0.00e+00 0.00e+00 0.00e+00 0.00e+00
 Copper     0  6.98e-06 9.75e-01 2.48e-02 2.49e-05 1.07e-05 5.99e-06 1.14e-06 0.00e+00 0.00e+00 0.00e+00 0.00e+00 0.00e+00 0.00e+00
 Zinc       0  4.63e-06 2.48e-01 6.75e-01 5.41e-02 2.25e-02 9.55e-06 3.48e-06 0.00e+00 0.00e+00 0.00e+00 0.00e+00 0.00e+00 0.00e+00
   CIV QSO  
   Calculation stopped because outer radius reached. Iteration 3 of 3
   The geometry is spherical.
 C-Continuum zero at some energies.
  !Background cosmic rays are not included - is this physical?  It affects the chemistry.
  !Ionization rate fell below background cosmic ray ionization rate.  Should this be added too?
  !   Use the COSMIC RAY BACKGROUND command.
  !Some input lines contained underscores, these were changed to spaces.
  !Thermal collisional ionization of H reached 13.71% of the local ionization rate.
  !Suprathermal collisional ionization of H reached 95.09% of the local H ionization rate.
  !Charge transfer H => H+ reached 13.9% of the local H ionization rate.
  !AGE: Cloud age was not set.  Longest timescale was 4.07e+15 s = 1.29e+08 years.
  !The CMB was not included.  This is added with the CMB command.
  !An ionization jump occurred elem Fe10, by 156% from 4.44e-03 (zone 1) to 5.95e-03 (zone 2) to 9.28e-03 (zone 3)
   Bound Compton heating reached 1.32% of the local heating.
   Te-ne bounds of Case B lookup table exceeded, H I Case B line intensities set to zero.
   Charge transfer heating reached 2.31% of the local heating.
   Destruction of He 2TriS reached 3.0% of the total He0 dest rate at zone 1, 1.7% of that was photoionization.
   The density is too low to l-mix the lowest H  I collapsed level.  More resolved levels are needed for accurate line ratios.
   The density is too low to l-mix the lowest He I collapsed level.  More resolved levels are needed for accurate line ratios.
   Grains were not present but might survive in this environment (energy density temperature was 2.06e+01K)
   Cloud thicker than smallest Jeans length=1.25e+22cm; stability problems? (smallest Jeans mass=9.26e+07Mo)
   The continuum optical depth at the lowest energy considered (3.045e-09 Ryd) was 2.068e+00.
   The optical depth to Rayleigh scattering at 1300A is 4.48e-02
   Is an outer radius of 3.16e+23 reasonable?
   The optical depth to electron scattering is 0.019

                       *********************************> Cloudy 17.03 <**********************************
                       * title CIV QSO                                                                   *
                       * set punch prefix "CIV_QSO"                                                      *
                       * radius = 21.500 23.500                                                          *
                       * iterate to convergence                                                          *
                       * sphere                                                                          *
                       * init "dlaw_HI_exp.ini"                                                          *
                       * table SED "QSO.sed"                                                             *
                       * no line transfer                                                                *
                       * nuL(nu) = 45.0 at 1 Ryd                                                         *
                       * stop temperature off                                                            *
                       * metals 0.001                                                                    *
                       * save last radius ".rad"                                                         *
                       * save last continuum ".cont"                                                     *
                       * save last physical conditions ".phy"                                            *
                       * save last overview ".ovr"                                                       *
                       * save last heating ".heat"                                                       *
                       * save last cooling ".cool"                                                       *
                       * save last optical depth ".opd"                                                  *
                       * save last element hydrogen ".ele_H"                                             *
                       * save last element helium ".ele_He"                                              *
                       * save last element carbon ".ele_C"                                               *
                       * save last element nitrogen ".ele_N"                                             *
                       * save last element oxygen ".ele_O"                                               *
                       * save last element argon ".ele_Ar"                                               *
                       * save last element neon ".ele_Ne"                                                *
                       * save last element sulphur ".ele_S"                                              *
                       * save last element chlorin ".ele_Cl"                                             *
                       * save last element iron ".ele_Fe"                                                *
                       * save last element silicon ".ele_Si"                                             *
                       * save last lines emissivity  ".emis"                                             *
                       * H  1  1215.67A                                                                  *
                       * H  1  1025.72A                                                                  *
                       * H  1  4861.33A                                                                  *
                       * H  1  6562.81A                                                                  *
                       * O  6  1031.91A                                                                  *
                       * O  6  1037.62A                                                                  *
                       * He 2  949.31A                                                                   *
                       * He 2  972.108A                                                                  *
                       * He 2  1025.27A                                                                  *
                       * He 2  1640.43A                                                                  *
                       * He 2  4859A                                                                     *
                       * He 2  4339A                                                                     *
                       * He 2  6527A                                                                     *
                       * He 2  6560A                                                                     *
                       * C  4  1550.78                                                                   *
                       * O  3  5006.84A                                                                  *
                       * N  5  1238.82                                                                   *
                       * N  5  1242.80                                                                   *
                       * c  4  1548.19                                                                   *
                       * c  4  1550.78                                                                   *
                       * mg 2  2795.53                                                                   *
                       * mg 2  2802.71                                                                   *
                       * end of lines                                                                    *
                       *********************************> Log(U):  1.47 <*********************************
                       >>>>>>>>>> Cautions are present.

                     Emission Line Spectrum.  Special Density Lw Model.  Closed geometry.  Iteration 3 of 3.
                                    Luminosity (erg/s) emitted by a shell with full coverage.


                                                   Intrinsic line intensities
general properties.............................      He 1                11.0248m   40.727    0.0050      Ca B                918.295A   40.313    0.0019
Inci                      0    45.707  480.6331      He 1                13.1205m   40.615    0.0039      Ca B                917.724A   40.257    0.0017
TotH                      0    44.878   71.2606      He 1                15.3983m   40.511    0.0031      Ca B                4685.64A   42.172    0.1403
TotC                      0    44.878   71.2655      He 1                17.8584m   40.415    0.0025      Ca B                3203.04A   41.865    0.0692
BFH1                      0    44.632   40.4786      He 1                20.5007m   40.325    0.0020      Ca B                2733.24A   41.613    0.0387
BFHe                      0    44.513   30.7163      He 1                23.3253m   40.241    0.0016      Ca B                2511.15A   41.403    0.0239
TotM                      0    41.468    0.0277      He 1                26.3321m   40.163    0.0014      Ca B                2385.35A   41.223    0.0158
Cbnd                      0    40.858    0.0068      He 1                29.5211m   40.089    0.0012      Ca B                2306.15A   41.066    0.0110
ComH                      0    41.242    0.0165      He 1                61.5933m   40.879    0.0071      Ca B                2252.64A   40.926    0.0080
CT H                      0    41.131    0.0128      grains.........................................      Ca B                2214.62A   40.801    0.0060
H FB                      0    43.968    8.7727      H-like iso-sequence............................      Ca B                2186.56A   40.686    0.0046
HFBc                      0    43.968    8.7727      Cool                1215.67A   44.339   20.6033      Ca B                2165.20A   40.581    0.0036
H  1c                     0    44.583   36.1496      Crst                960.000A   44.217   15.5464      Ca B                2148.55A   40.484    0.0029
He 2c                     0    43.899    7.4763      LA X                1215.67A   42.201    0.1499      Ca B                2135.31A   40.394    0.0023
He 1c                     0    41.619    0.0393      CION                      0    43.464    2.7439      Ca B                2124.58A   40.310    0.0019
Ar 4c                     0    40.475    0.0028      He2C                      0    41.857    0.0678      Ca B                2115.78A   40.231    0.0016
Ar 5c                     0    40.170    0.0014      Q(H)                4861.33A   43.108    1.2110      Ca B                2108.46A   40.156    0.0014
C  2c                     0    40.191    0.0015      Q(H)                1215.67A   44.645   41.6587      Ca B                2102.30A   40.086    0.0012
C  3c                     0    42.021    0.0991      CaBo                4861.33A   43.126    1.2615      Ca B                1.01233m   41.535    0.0323
Fe 2c                     0    40.464    0.0027      CaBo                1640.00A   43.177    1.4196      Ca B                6559.91A   41.296    0.0186
Fe 7c                     0    40.669    0.0044      CaBo                4685.64A   42.187    0.1453      Ca B                5411.37A   41.087    0.0115
N  5c                     0    41.167    0.0138      Ca A                937.804A   42.761    0.5444      Ca B                4859.18A   40.906    0.0076
Ne 3c                     0    41.362    0.0217      Ca A                930.748A   42.558    0.3408      Ca B                4541.46A   40.748    0.0053
O  2c                     0    40.278    0.0018      Ca A                926.226A   42.382    0.2275      Ca B                4338.55A   40.608    0.0038
O  3c                     0    42.603    0.3779      Ca A                923.150A   42.228    0.1595      Ca B                4199.71A   40.482    0.0029
O  5c                     0    41.813    0.0613      Ca A                920.963A   42.090    0.1161      Ca B                4099.92A   40.367    0.0022
S  3c                     0    40.869    0.0070      Ca A                919.351A   41.966    0.0872      Ca B                4025.48A   40.262    0.0017
Si 2c                     0    40.214    0.0015      Ca A                918.129A   41.852    0.0671      Ca B                3968.32A   40.164    0.0014
Si 3c                     0    41.310    0.0193      Ca A                917.181A   41.748    0.0528      Ca B                3923.37A   40.074    0.0011
Si 4c                     0    41.258    0.0171      Ca A                916.429A   41.651    0.0423      Ca B                1.86362m   41.031    0.0101
Si 7c                     0    40.238    0.0016      Ca A                915.824A   41.562    0.0344      Ca B                1.16260m   40.839    0.0065
C  4c                     0    42.638    0.4103      Ca A                915.329A   41.478    0.0284      Ca B                9344.62A   40.660    0.0043
Fe 4c                     0    41.546    0.0331      Ca A                914.919A   41.399    0.0237      Ca B                8236.51A   40.503    0.0030
Fe 5c                     0    40.413    0.0024      Ca A                914.576A   41.326    0.0200      Ca B                7592.50A   40.362    0.0022
Fe 6c                     0    40.531    0.0032      Ca A                914.286A   41.256    0.0170      Ca B                7177.28A   40.235    0.0016
Mg 2c                     0    40.521    0.0031      Ca A                914.039A   41.191    0.0146      Ca B                6890.67A   40.120    0.0012
Mg 6c                     0    40.318    0.0020      Ca A                913.826A   41.129    0.0127      Ca B                3.09074m   40.610    0.0038
Mg 7c                     0    40.354    0.0021      Ca A                913.641A   41.071    0.0111      Ca B                1.87427m   40.452    0.0027
N  3c                     0    40.958    0.0086      Ca A                913.480A   41.016    0.0098      Ca B                1.47599m   40.298    0.0019
N  4c                     0    41.816    0.0617      Ca A                913.339A   40.965    0.0087      Ca B                1.28124m   40.158    0.0014
Ne 4c                     0    40.682    0.0045      Ca A                3970.07A   42.002    0.0948      Ca B                1.16728m   40.031    0.0010
Ne 5c                     0    40.982    0.0091      Ca A                3889.05A   41.824    0.0630      Ca B                4.76203m   40.248    0.0017
Ne 6c                     0    40.917    0.0078      Ca A                3835.38A   41.669    0.0440      Ca B                2.82513m   40.115    0.0012
Ne 7c                     0    40.398    0.0024      Ca A                3797.89A   41.530    0.0320      He 2                607.567A   43.676    4.4731
Ne 8c                     0    40.242    0.0016      Ca A                3770.63A   41.406    0.0240      He 2                303.784A   44.203   15.0563
O  4c                     0    41.708    0.0482      Ca A                3750.15A   41.292    0.0185      He 2                256.317A   43.356    2.1439
O  6c                     0    41.800    0.0596      Ca A                3734.36A   41.187    0.0145      He 2                243.027A   42.922    0.7892
S  4c                     0    41.356    0.0214      Ca A                3721.93A   41.091    0.0116      He 2                237.331A   42.611    0.3852
S  5c                     0    40.405    0.0024      Ca A                3711.97A   41.001    0.0095      He 2                234.347A   42.363    0.2176
S  6c                     0    40.025    0.0010      Ca A                3703.85A   40.917    0.0078      He 2                232.584A   42.156    0.1352
Si 8c                     0    40.048    0.0011      Ca A                3697.15A   40.838    0.0065      He 2                231.454A   41.978    0.0898
continua.......................................      Ca A                3691.55A   40.763    0.0055      He 2                230.686A   41.822    0.0626
Bac                 3646.00A   44.091   11.6295      Ca A                3686.83A   40.693    0.0047      He 2                230.139A   41.682    0.0454
nFnu                3645.00A   44.410   24.2479      Ca A                3682.80A   40.626    0.0040      He 2                229.736A   41.855    0.0676
nFnu                3647.00A   44.126   12.6184      Ca A                3679.35A   40.563    0.0034      He 2                229.431A   41.752    0.0534
cout                3646.00A   44.091   11.6295      Ca A                3676.36A   40.502    0.0030      He 2                229.194A   41.658    0.0430
thin                3646.00A   44.091   11.6345      Ca A                3673.75A   40.444    0.0026      He 2                229.006A   41.572    0.0352
Inci                4860.00A   44.947   83.4953      Ca A                3671.47A   40.388    0.0023      He 2                228.855A   41.492    0.0293
Inci                1215.00A   45.436  257.6065      Ca A                9545.93A   41.415    0.0245      He 2                228.731A   41.417    0.0247
Ba C                      0    43.779    5.6762      Ca A                9228.97A   41.259    0.0171      He 2                228.629A   41.349    0.0211
PA C                      0    43.314    1.9454      Ca A                9014.87A   41.120    0.0124      He 2                228.543A   41.286    0.0182
FIR                 83.0000m   44.127   12.6314      Ca A                8862.74A   40.995    0.0093      He 2                228.471A   41.229    0.0160
TIR                 1800.00m   41.422    0.0249      Ca A                8750.43A   40.880    0.0072      He 2                228.409A   41.178    0.0142
NIRa                2.85000m   45.272  176.3336      Ca A                8664.98A   40.776    0.0056      He 2                228.356A   41.135    0.0129
NIRb                3.00000m   44.873   70.4578      Ca A                8598.35A   40.679    0.0045      He 2                228.309A   41.103    0.0120
MIRa                15.0000m   44.914   77.3810      Ca A                8545.34A   40.589    0.0037      He 2                228.269A   41.091    0.0116
MIRb                22.5000m   44.988   91.8537      Ca A                8502.44A   40.505    0.0030      He 2                228.234A   41.129    0.0127
NMIR                21.7500m   45.272  176.3336      Ca A                8467.21A   40.426    0.0025      He 2                228.203A   41.899    0.0747
TFIR                611.250m   41.977    0.0895      Ca A                8437.91A   40.351    0.0021      He 2                1640.43A   42.938    0.8190
TALL                10000.0A   45.711  485.0419      Ca A                8413.28A   40.280    0.0018      He 2                1215.13A   42.516    0.3095
F12                 12.0000m   44.471   27.9331      Ca A                8392.35A   40.213    0.0015      He 2                1084.94A   42.203    0.1505
F25                 25.0000m   44.255   16.9833      Ca A                8374.43A   40.150    0.0013      He 2                1025.27A   41.954    0.0849
F60                 60.0000m   44.083   11.4174      Ca A                8358.96A   40.089    0.0012      He 2                992.360A   41.747    0.0527
F100                100.000m   42.957    0.8548      Ca A                8345.51A   40.031    0.0010      He 2                972.108A   41.571    0.0351
MIPS                24.0000m   43.959    8.5957      Ca A                1.81740m   40.949    0.0084      He 2                958.694A   41.416    0.0246
MIPS                70.0000m   43.511    3.0592      Ca A                1.73620m   40.810    0.0061      He 2                949.324A   41.278    0.0179
MIPS                160.000m   41.237    0.0163      Ca A                1.68064m   40.684    0.0046      He 2                942.508A   41.292    0.0185
IRAC                3.60000m   44.082   11.4076      Ca A                1.64071m   40.570    0.0035      He 2                937.389A   41.190    0.0146
IRAC                4.50000m   44.117   12.3536      Ca A                1.61092m   40.465    0.0028      He 2                933.444A   41.096    0.0118
IRAC                5.80000m   44.149   13.2994      Ca A                1.58804m   40.368    0.0022      He 2                930.337A   41.010    0.0096
IRAC                8.00000m   44.304   18.9897      Ca A                1.57006m   40.278    0.0018      He 2                927.846A   40.929    0.0080
SPR1                250.000m   41.205    0.0151      Ca A                1.55563m   40.194    0.0015      He 2                925.817A   40.855    0.0068
SPR2                350.000m   41.087    0.0115      Ca A                1.54388m   40.114    0.0012      He 2                924.142A   40.787    0.0058
SPR3                500.000m   41.031    0.0101      Ca A                1.53417m   40.040    0.0010      He 2                922.743A   40.724    0.0050
PAC1                70.0000m   43.569    3.4968      Ca A                3.03835m   40.560    0.0034      He 2                921.562A   40.667    0.0044
PAC2                100.000m   42.912    0.7701      Ca A                2.87219m   40.435    0.0026      He 2                920.556A   40.616    0.0039
PAC3                160.000m   41.510    0.0305      Ca A                2.75749m   40.320    0.0020      He 2                919.693A   40.573    0.0035
PAH                 3.30000m   43.226    1.5892      Ca A                2.67438m   40.215    0.0015      He 2                918.945A   40.541    0.0033
PAHC                3.23000m   42.933    0.8089      Ca A                2.61191m   40.118    0.0012      He 2                918.295A   40.529    0.0032
PAHC                3.37000m   42.918    0.7808      Ca A                2.56361m   40.028    0.0010      He 2                917.724A   40.567    0.0035
PAH                 6.20000m   43.666    4.3766      Ca A                12.3684m   40.782    0.0057      He 2                917.221A   41.337    0.0205
PAHC                5.65000m   43.704    4.7694      Ca A                7.50038m   40.635    0.0041      He 2                4685.64A   42.072    0.1113
PAH                 7.90000m   43.852    6.7125      Ca A                5.90655m   40.485    0.0029      He 2                3203.04A   41.787    0.0578
PAHC                6.90000m   43.917    7.7941      Ca A                5.12722m   40.349    0.0021      He 2                2733.24A   41.542    0.0329
PAH                 11.3000m   43.264    1.7350      Ca A                4.67119m   40.224    0.0016      He 2                2511.15A   41.336    0.0204
PAHC                10.9000m   43.287    1.8253      Ca A                4.37522m   40.110    0.0012      He 2                2385.35A   41.158    0.0136
PAH                 11.8000m   43.479    2.8416      Ca A                19.0565m   40.415    0.0025      He 2                2306.15A   41.003    0.0095
PAHC                12.6500m   43.447    2.6430      Ca A                11.3055m   40.293    0.0019      He 2                2252.64A   40.865    0.0069
PAH                 13.3000m   43.478    2.8361      Ca A                8.75760m   40.163    0.0014      He 2                2214.62A   40.777    0.0056
PAHC                14.1000m   43.446    2.6354      Ca A                7.50599m   40.041    0.0010      He 2                2186.56A   40.675    0.0045
Bcon                3640.00A   45.394  233.7937      Ca A                27.7955m   40.092    0.0012      He 2                2165.20A   40.581    0.0036
Pcon                5000.00A   44.731   50.8157      Ca B                3970.07A   42.184    0.1441      He 2                2148.55A   40.495    0.0030
O3bn                5007.00A   43.222    1.5727      Ca B                3889.05A   42.003    0.0951      He 2                2135.31A   40.415    0.0025
SX                  25.0000A   43.636    4.0830      Ca B                3835.38A   41.845    0.0661      He 2                2124.58A   40.341    0.0021
HX                  4.70000A   43.817    6.1972      Ca B                3797.89A   41.705    0.0478      He 2                2115.78A   40.273    0.0018
HFFc                      0    44.104   11.9874      Ca B                3770.63A   41.578    0.0357      He 2                2108.46A   40.210    0.0015
H FF                      0    44.034   10.2027      Ca B                3750.15A   41.463    0.0274      He 2                2102.30A   40.153    0.0013
HeFF                      0    43.276    1.7807      Ca B                3734.36A   41.358    0.0215      He 2                2097.07A   40.102    0.0012
ToFF                      0    44.104   11.9835      Ca B                3721.93A   41.260    0.0172      He 2                2092.59A   40.059    0.0011
nFnu                2.00329c   40.048    0.0011      Ca B                3711.97A   41.169    0.0139      He 2                2088.73A   40.028    0.0010
nFnu                1.33478c   40.207    0.0015      Ca B                3703.85A   41.085    0.0115      He 2                2082.42A   40.054    0.0011
nFnu                9993.08m   40.319    0.0020      Ca B                3697.15A   41.005    0.0096      He 2                2079.84A   40.824    0.0063
nFnu                6917.22m   40.461    0.0027      Ca B                3691.55A   40.931    0.0080      He 2                1.01233m   41.430    0.0254
nFnu                122.400m   41.969    0.0879      Ca B                3686.83A   40.860    0.0068      He 2                6559.91A   41.221    0.0157
nFnu                60.8322m   42.219    0.1564      Ca B                3682.80A   40.793    0.0059      He 2                5411.37A   41.023    0.0099
nInu                60.8322m   44.182   14.3607      Ca B                3679.35A   40.730    0.0051      He 2                4859.18A   40.848    0.0067
nFnu                41.2152m   42.360    0.2163      Ca B                3676.36A   40.669    0.0044      He 2                4541.46A   40.694    0.0047
nInu                41.2152m   44.406   24.0106      Ca B                3673.75A   40.612    0.0039      He 2                4338.55A   40.556    0.0034
nFnu                30.8695m   42.464    0.2744      Ca B                3671.47A   40.557    0.0034      He 2                4199.71A   40.407    0.0024
nInu                30.8695m   44.518   31.0858      Ca B                9545.93A   41.493    0.0294      He 2                4099.92A   40.306    0.0019
nFnu                24.7829m   42.542    0.3286      Ca B                9228.97A   41.337    0.0205      He 2                4025.48A   40.213    0.0015
nInu                24.7829m   44.577   35.6343      Ca B                9014.87A   41.198    0.0149      He 2                3968.32A   40.127    0.0013
nFnu                24.2998m   42.549    0.3340      Ca B                8862.74A   41.073    0.0112      He 2                3923.37A   40.047    0.0011
nInu                24.2998m   44.586   36.3540      Ca B                8750.43A   40.958    0.0086      He 2                3740.11A   40.457    0.0027
nFnu                22.8302m   42.570    0.3510      Ca B                8664.98A   40.853    0.0067      He 2                1.86362m   40.910    0.0077
nInu                22.8302m   44.603   37.8181      Ca B                8598.35A   40.756    0.0054      He 2                1.16260m   40.751    0.0053
nFnu                21.4199m   42.593    0.3694      Ca B                8545.34A   40.666    0.0044      He 2                9344.62A   40.587    0.0036
nInu                21.4199m   44.617   39.0346      Ca B                8502.44A   40.582    0.0036      He 2                8236.51A   40.437    0.0026
nFnu                21.1235m   42.599    0.3744      Ca B                8467.21A   40.503    0.0030      He 2                7592.50A   40.301    0.0019
nInu                21.1235m   44.620   39.3613      Ca B                8437.91A   40.428    0.0025      He 2                7177.28A   40.118    0.0012
nFnu                19.6199m   42.625    0.3978      Ca B                8413.28A   40.357    0.0021      He 2                5931.63A   40.171    0.0014
nInu                19.6199m   44.626   39.9018      Ca B                8392.35A   40.290    0.0018      He 2                3.09074m   40.470    0.0028
nFnu                17.6534m   42.662    0.4332      Ca B                8374.43A   40.227    0.0016      He 2                1.87427m   40.347    0.0021
nInu                17.6534m   44.649   42.0172      Ca B                8358.96A   40.166    0.0014      He 2                1.47599m   40.209    0.0015
nFnu                17.3700m   42.668    0.4390      Ca B                8345.51A   40.109    0.0012      He 2                1.28124m   40.079    0.0011
nInu                17.3700m   44.652   42.3688      Ca B                8333.74A   40.053    0.0011      He 2                4.76203m   40.091    0.0012
nFnu                15.6901m   42.704    0.4770      Ca B                1.81740m   40.994    0.0093      He-like iso-sequence...........................
nInu                15.6901m   44.665   43.5994      Ca B                1.73620m   40.855    0.0068      He 1                1202.81A   42.546    0.3318
nFnu                14.6036m   42.729    0.5057      Ca B                1.68064m   40.730    0.0051      He 1                584.334A   43.118    1.2379
nInu                14.6036m   44.680   45.1524      Ca B                1.64071m   40.616    0.0039      He 1                537.030A   42.537    0.3250
nFnu                12.4300m   42.788    0.5785      Ca B                1.61092m   40.511    0.0031      He 1                522.213A   42.145    0.1318
nInu                12.4300m   44.695   46.7891      Ca B                1.58804m   40.414    0.0024      He 1                515.617A   41.848    0.0666
nFnu                11.4000m   42.818    0.6199      Ca B                1.57006m   40.324    0.0020      He 1                512.099A   41.605    0.0380
nInu                11.4000m   44.704   47.7486      Ca B                1.55563m   40.240    0.0016      He 1                625.563A   43.869    6.9801
nFnu                10.4600m   42.849    0.6671      Ca B                1.54388m   40.160    0.0014      He 1                510.018A   41.996    0.0934
nInu                10.4600m   44.714   48.8412      Ca B                1.53417m   40.086    0.0011      He 1                508.657A   41.834    0.0643
nFnu                9.48002m   42.883    0.7203      Ca B                3.03835m   40.589    0.0037      He 1                507.727A   41.691    0.0463
nInu                9.48002m   44.724   49.9791      Ca B                2.87219m   40.465    0.0028      He 1                507.065A   41.563    0.0345
nFnu                9.32488m   42.888    0.7298      Ca B                2.75749m   40.351    0.0021      He 1                506.576A   41.448    0.0265
nInu                9.32488m   44.728   50.3947      Ca B                2.67438m   40.246    0.0017      He 1                506.204A   41.342    0.0207
nFnu                8.21035m   42.935    0.8116      Ca B                2.61191m   40.149    0.0013      He 1                505.916A   41.245    0.0166
nInu                8.21035m   44.734   51.1430      Ca B                2.56361m   40.059    0.0011      He 1                505.687A   41.155    0.0135
nFnu                7.58000m   42.962    0.8644      Ca B                12.3684m   40.798    0.0059      He 1                505.502A   41.073    0.0112
nInu                7.58000m   44.742   52.1505      Ca B                7.50038m   40.652    0.0042      He 1                505.352A   40.996    0.0093
nFnu                7.05026m   42.991    0.9235      Ca B                5.90655m   40.505    0.0030      He 1                505.227A   40.925    0.0079
nInu                7.05026m   44.744   52.3347      Ca B                5.12722m   40.370    0.0022      He 1                505.122A   40.859    0.0068
nFnu                4.11370m   43.186    1.4497      Ca B                4.67119m   40.246    0.0017      He 1                505.033A   40.799    0.0059
nInu                4.11370m   44.742   52.1375      Ca B                4.37522m   40.132    0.0013      He 1                504.958A   40.744    0.0052
nFnu                2.32440m   43.386    2.2961      Ca B                4.16962m   40.028    0.0010      He 1                504.893A   40.696    0.0047
nInu                2.32440m   44.659   42.9920      Ca B                19.0565m   40.429    0.0025      He 1                504.836A   40.657    0.0043
nFnu                1.64313m   43.520    3.1269      Ca B                11.3055m   40.308    0.0019      He 1                504.787A   40.629    0.0040
nInu                1.64313m   44.503   30.0689      Ca B                8.75760m   40.178    0.0014      He 1                504.744A   40.625    0.0040
nFnu                1.48022m   43.552    3.3606      Ca B                7.50599m   40.057    0.0011      He 1                504.706A   40.676    0.0045
nInu                1.48022m   44.471   27.9043      Ca B                27.7955m   40.106    0.0012      He 1                504.672A   41.492    0.0293
nFnu                1.43649m   43.611    3.8495      H  1                2431.34A   44.294   18.5906      TOTL                1.08303m   42.450    0.2659
nInu                1.43649m   44.464   27.4886      H  1                1215.67A   44.831   63.9067      He 1                1.08303m   42.450    0.2659
nFnu                1.11867m   43.685    4.5724      H  1                1025.72A   43.951    8.4275      He 1                3888.63A   42.216    0.1552
nInu                1.11867m   44.458   27.0797      H  1                972.537A   43.503    3.0038      He 1                3187.74A   41.838    0.0649
nFnu                8329.68A   43.771    5.5692      H  1                949.743A   43.186    1.4474      He 1                2945.10A   41.525    0.0316
nInu                8329.68A   44.522   31.4087      H  1                937.804A   42.860    0.6842      He 1                2829.08A   41.269    0.0175
nFnu                8078.61A   43.893    7.3799      H  1                930.748A   42.652    0.4230      He 1                2760.44A   40.473    0.0028
nInu                8078.61A   44.525   31.6184      H  1                926.226A   42.472    0.2796      He 1                2721.00A   40.321    0.0020
nFnu                6209.66A   43.965    8.7106      H  1                923.150A   42.313    0.1942      He 1                2694.61A   40.185    0.0014
nInu                6209.66A   44.587   36.4285      H  1                920.963A   42.172    0.1402      He 1                2676.05A   40.061    0.0011
nFnu                4885.36A   44.031   10.1361      H  1                919.351A   42.253    0.1689      He 1                5015.68A   40.241    0.0016
nInu                4885.36A   44.848   66.4662      H  1                918.129A   42.146    0.1320      He 1                7065.22A   41.583    0.0361
nFnu                3704.34A   44.113   12.2496      H  1                917.181A   42.048    0.1053      He 1                5875.64A   42.087    0.1154
nInu                3704.34A   44.764   54.8187      H  1                916.429A   41.957    0.0855      He 1                4713.03A   40.963    0.0087
nFnu                3587.67A   44.413   24.4211      H  1                915.824A   41.873    0.0704      He 1                4471.49A   41.706    0.0479
nInu                3587.67A   44.781   56.9325      H  1                915.329A   41.795    0.0589      He 1                4120.82A   40.567    0.0035
nFnu                2430.05A   44.477   28.2851      H  1                914.919A   41.723    0.0499      He 1                4026.20A   41.400    0.0237
nInu                2430.05A   44.903   75.4949      H  1                914.576A   41.657    0.0428      He 1                3867.48A   40.282    0.0018
nFnu                2392.03A   44.479   28.4539      H  1                914.286A   41.596    0.0372      He 1                3819.61A   41.148    0.0133
nInu                2392.03A   44.889   73.0884      H  1                914.039A   41.541    0.0328      He 1                3704.76A   41.098    0.0118
nFnu                2071.34A   44.506   30.2705      H  1                913.826A   41.495    0.0295      He 1                3634.08A   40.935    0.0081
nInu                2071.34A   44.906   75.9775      H  1                913.641A   41.460    0.0272      He 1                3587.16A   40.791    0.0058
nFnu                2052.68A   44.511   30.5854      H  1                913.480A   41.445    0.0263      He 1                3554.34A   40.663    0.0043
nInu                2052.68A   44.896   74.3363      H  1                913.339A   41.481    0.0286      He 1                3530.43A   40.546    0.0033
nFnu                1793.44A   44.548   33.3146      H  1                913.215A   42.255    0.1697      He 1                3512.47A   40.440    0.0026
nInu                1793.44A   44.923   79.1265      H  1                6562.81A   43.446    2.6335      He 1                3498.61A   40.343    0.0021
nFnu                1585.12A   44.568   34.8820      H  1                4861.33A   43.025    1.0000      He 1                3487.70A   40.253    0.0017
nInu                1585.12A   44.994   92.9821      H  1                4340.46A   42.717    0.4914      He 1                3478.94A   40.171    0.0014
nFnu                1458.33A   44.561   34.3308      H  1                4101.73A   42.412    0.2435      He 1                3471.80A   40.094    0.0012
nInu                1458.33A   44.935   81.1921      H  1                3970.07A   42.205    0.1513      He 1                3439.99A   40.591    0.0037
nFnu                1356.96A   44.518   31.1329      H  1                3889.05A   42.028    0.1006      He 1                7281.35A   40.892    0.0074
nInu                1356.96A   44.969   87.9500      H  1                3835.38A   41.872    0.0703      He 1                6678.15A   41.527    0.0317
nFnu                1297.29A   44.429   25.3488      H  1                3797.89A   41.733    0.0511      He 1                5047.64A   40.445    0.0026
nInu                1297.29A   44.997   93.7743      H  1                3770.63A   41.690    0.0462      He 1                4921.93A   41.125    0.0126
nFnu                1262.79A   44.308   19.1576      H  1                3750.15A   41.583    0.0361      He 1                4437.55A   40.115    0.0012
nInu                1262.79A   45.082  113.8978      H  1                3734.36A   41.485    0.0288      He 1                4387.93A   40.819    0.0062
nFnu                1218.08A   43.876    7.0861      H  1                3721.93A   41.395    0.0234      He 1                4143.76A   40.574    0.0035
nInu                1218.08A   45.427  252.3842      H  1                3711.97A   41.311    0.0193      He 1                4009.05A   40.462    0.0027
nFnu                1196.33A   43.864    6.9050      H  1                3703.85A   41.233    0.0162      He 1                3926.41A   40.296    0.0019
nInu                1196.33A   45.270  175.7597      H  1                3697.15A   41.161    0.0137      He 1                3871.69A   40.151    0.0013
nFnu                1175.06A   43.853    6.7293      H  1                3691.55A   41.095    0.0117      He 1                4.29459m   40.227    0.0016
nInu                1175.06A   45.112  122.2642      H  1                3686.83A   41.034    0.0102      He 1                1.25274m   40.343    0.0021
nFnu                1143.64A   43.833    6.4266      H  1                3682.80A   40.980    0.0090      He 1                9463.57A   40.268    0.0017
nInu                1143.64A   45.026  100.1685      H  1                3679.35A   40.933    0.0081      He 1                8361.73A   40.092    0.0012
nFnu                1113.22A   43.816    6.1728      H  1                3676.36A   40.898    0.0075      He 1                2.11180m   40.147    0.0013
nInu                1113.22A   45.017   98.0233      H  1                3673.75A   40.883    0.0072      He 1                1.70027m   40.555    0.0034
nFnu                1103.23A   43.811    6.1116      H  1                3671.47A   40.920    0.0078      He 1                1.19692m   40.404    0.0024
nInu                1103.23A   45.004   95.2669      H  1                3669.46A   41.694    0.0466      He 1                1.03113m   40.208    0.0015
nFnu                1073.86A   43.794    5.8759      H  1                1.87510m   42.505    0.3018      He 1                9515.06A   40.211    0.0015
nInu                1073.86A   45.027  100.5368      H  1                1.28180m   42.235    0.1622      He 1                9062.39A   40.063    0.0011
nFnu                1064.34A   43.788    5.7913      H  1                1.09380m   41.960    0.0860      He 1                1.95430m   40.109    0.0012
nInu                1064.34A   45.031  101.4062      H  1                1.00493m   41.756    0.0538      He 1                1.86854m   41.099    0.0119
nFnu                1035.92A   43.771    5.5758      H  1                9545.93A   41.580    0.0359      He 1                1.27849m   40.783    0.0057
nInu                1035.92A   45.099  118.5053      H  1                9228.97A   41.425    0.0251      He 1                1.09130m   40.525    0.0032
nFnu                1000.00A   43.750    5.3039      H  1                9014.87A   41.287    0.0183      He 1                1.00275m   40.282    0.0018
nInu                1000.00A   45.034  102.0116      H  1                8862.74A   41.175    0.0141      He 1                9526.01A   40.110    0.0012
nFnu                925.144A   43.709    4.8265      H  1                8750.43A   41.068    0.0110      He 1                1.86972m   40.622    0.0040
nInu                925.144A   45.001   94.6389      H  1                8664.98A   40.971    0.0088      He 1                1.27905m   40.306    0.0019
RRC............................................      H  1                8598.35A   40.880    0.0072      He 1                1.09171m   40.048    0.0011
H  1                3645.98A   43.527    3.1727      H  1                8545.34A   40.797    0.0059      He 1                1.90894m   40.091    0.0012
H  1                3645.98A   43.758    5.4023      H  1                8502.44A   40.719    0.0049      He 1                4.03664m   40.036    0.0010
H  1                8203.53A   42.870    0.7000      H  1                8467.21A   40.648    0.0042      He 1                4.04791m   40.362    0.0022
H  1                8203.53A   43.134    1.2856      H  1                8437.91A   40.581    0.0036      He 1                2.62338m   40.074    0.0011
H  1                8203.53A   42.881    0.7167      H  1                8413.28A   40.521    0.0031      He 1                303.784A   40.220    0.0016
H  1                1.45841m   42.435    0.2570      H  1                8392.35A   40.466    0.0028      He 1                330.103A   40.229    0.0016
H  1                1.45841m   42.701    0.4736      H  1                8374.43A   40.420    0.0025      He 1                336.029A   40.122    0.0012
H  1                1.45841m   42.544    0.3304      H  1                8358.96A   40.385    0.0023      He 1                338.845A   40.053    0.0011
H  1                1.45841m   42.071    0.1110      H  1                8345.51A   40.370    0.0022      He 1                343.773A   41.534    0.0323
H  1                2.27876m   42.112    0.1221      H  1                8333.74A   40.406    0.0024      Ca B                2945.10A   41.561    0.0344
H  1                2.27876m   42.375    0.2239      H  1                8323.38A   41.180    0.0143      Ca B                3187.74A   41.876    0.0709
H  1                2.27876m   42.247    0.1667      H  1                4.05113m   41.836    0.0647      Ca B                3613.64A   40.940    0.0082
H  1                2.27876m   41.913    0.0772      H  1                2.62513m   41.612    0.0386      Ca B                3888.63A   42.260    0.1716
H  1                2.27876m   41.319    0.0197      H  1                2.16551m   41.417    0.0247      Ca B                3964.73A   41.247    0.0167
H  1                3.28142m   41.855    0.0676      H  1                1.94454m   41.245    0.0166      Ca B                4026.20A   41.483    0.0287
H  1                3.28142m   42.116    0.1234      H  1                1.81740m   41.092    0.0117      Ca B                4120.82A   40.628    0.0040
H  1                3.28142m   41.999    0.0941      H  1                1.73620m   40.955    0.0085      Ca B                4387.93A   40.901    0.0075
H  1                3.28142m   41.714    0.0489      H  1                1.68064m   40.805    0.0060      Ca B                4437.55A   40.205    0.0015
H  1                3.28142m   41.289    0.0183      H  1                1.64071m   40.700    0.0047      Ca B                4471.49A   41.792    0.0585
H  1                3.28142m   40.624    0.0040      H  1                1.61092m   40.602    0.0038      Ca B                4713.03A   41.025    0.0100
H  1                4.46637m   41.642    0.0414      H  1                1.58804m   40.512    0.0031      Ca B                4921.93A   41.217    0.0156
H  1                4.46637m   41.902    0.0752      H  1                1.57006m   40.429    0.0025      Ca B                5015.68A   41.636    0.0408
H  1                4.46637m   41.788    0.0580      H  1                1.55563m   40.352    0.0021      Ca B                5047.64A   40.576    0.0036
H  1                4.46637m   41.527    0.0318      H  1                1.54388m   40.280    0.0018      Ca B                5875.64A   42.199    0.1491
H  1                4.46637m   41.169    0.0139      H  1                1.53417m   40.214    0.0015      Ca B                6678.15A   41.647    0.0419
H  1                4.46637m   40.693    0.0047      H  1                1.52604m   40.153    0.0013      Ca B                7065.22A   41.646    0.0418
H  1                5.83363m   41.460    0.0272      H  1                1.51917m   40.099    0.0012      Ca B                7281.35A   41.115    0.0123
H  1                5.83363m   41.718    0.0493      H  1                1.51331m   40.052    0.0011      Ca B                9463.57A   40.304    0.0019
H  1                5.83363m   41.607    0.0382      H  1                1.50008m   40.039    0.0010      Ca B                1.08303m   42.539    0.3263
H  1                5.83363m   41.358    0.0215      H  1                1.49672m   40.813    0.0061      Ca B                1.19692m   40.487    0.0029
H  1                5.83363m   41.033    0.0102      H  1                7.45777m   41.288    0.0183      Ca B                1.25274m   40.381    0.0023
H  1                5.83363m   40.638    0.0041      H  1                4.65247m   41.131    0.0127      Ca B                1.27849m   40.909    0.0077
H  1                5.83363m   40.131    0.0013      H  1                3.73951m   40.969    0.0088      Ca B                1.27905m   40.433    0.0026
H  1                7.38319m   41.301    0.0189      H  1                3.29607m   40.820    0.0062      Ca B                1.70027m   40.642    0.0041
H  1                7.38319m   41.558    0.0341      H  1                3.03835m   40.686    0.0046      Ca B                1.86854m   41.259    0.0171
H  1                7.38319m   41.448    0.0265      H  1                2.87219m   40.516    0.0031      Ca B                1.86972m   40.786    0.0058
H  1                7.38319m   41.206    0.0152      H  1                2.75749m   40.411    0.0024      Ca B                1.90894m   40.182    0.0014
H  1                7.38319m   40.900    0.0075      H  1                2.67438m   40.314    0.0019      Ca B                1.95430m   40.147    0.0013
H  1                7.38319m   40.548    0.0033      H  1                2.61191m   40.225    0.0016      Ca B                2.05813m   41.658    0.0430
H  1                7.38319m   40.133    0.0013      H  1                2.56361m   40.142    0.0013      Ca B                2.11180m   40.209    0.0015
H  1                9.11505m   41.159    0.0136      H  1                2.52538m   40.065    0.0011      Pho+                3889.00A   42.755    0.5368
H  1                9.11505m   41.415    0.0246      H  1                2.37371m   40.527    0.0032      extra Lyman....................................
H  1                9.11505m   41.306    0.0191      H  1                12.3684m   40.847    0.0066      database lines.................................
H  1                9.11505m   41.069    0.0111      H  1                7.50038m   40.722    0.0050      Ar 4                4711.26A   40.063    0.0011
H  1                9.11505m   40.775    0.0056      H  1                5.90655m   40.584    0.0036      C  3                1908.73A   41.353    0.0213
H  1                9.11505m   40.448    0.0026      H  1                5.12722m   40.455    0.0027      C  3                1906.68A   41.545    0.0331
H  1                9.11505m   40.085    0.0011      H  1                4.67119m   40.278    0.0018      C  3                977.020A   41.669    0.0441
H  1                11.0292m   41.796    0.0589      H  1                4.37522m   40.174    0.0014      N  5                1238.82A   40.990    0.0092
H  1                13.1257m   41.683    0.0455      H  1                4.16962m   40.078    0.0011      N  5                1242.80A   40.690    0.0046
H  1                15.4044m   41.579    0.0358      H  1                3.48198m   40.293    0.0019      Ne 3                15.5509m   40.404    0.0024
H  1                17.8655m   41.483    0.0287      H  1                19.0565m   40.468    0.0028      Ne 3                3868.76A   41.161    0.0137
H  1                20.5089m   41.394    0.0234      H  1                11.3055m   40.366    0.0022      Ne 3                3967.47A   40.643    0.0041
H  1                23.3345m   41.310    0.0193      H  1                8.75760m   40.248    0.0017      O  3                88.3323m   41.119    0.0124
H  1                26.3425m   41.231    0.0161      H  1                7.50599m   40.074    0.0011      O  3                51.8004m   40.931    0.0081
H  1                29.5328m   41.157    0.0135      H  1                4.84633m   40.094    0.0012      O  3                4958.91A   41.788    0.0580
H  1                32.9053m   41.087    0.0115      H  1                27.7955m   40.135    0.0013      O  3                5006.84A   42.263    0.1730
H  1                36.4602m   41.020    0.0099      H  1                16.2045m   40.052    0.0011      O  3                2320.95A   40.407    0.0024
H  1                40.1974m   40.956    0.0085      Ca A                303.784A   44.014    9.7353      O  3                4363.21A   41.006    0.0096
H  1                44.1168m   40.896    0.0074      Ca A                256.317A   43.386    2.2931      O  3                1660.81A   41.097    0.0118
H  1                48.2186m   40.838    0.0065      Ca A                243.027A   42.979    0.8990      O  3                1666.15A   41.564    0.0346
H  1                52.5027m   40.783    0.0057      Ca A                237.331A   42.676    0.4478      O  3                835.289A   40.672    0.0044
H  1                56.9691m   41.930    0.0804      Ca A                234.347A   42.434    0.2564      O  3                833.749A   40.591    0.0037
He 2                2049.88A   41.982    0.0906      Ca A                232.584A   42.231    0.1608      O  3                835.092A   40.085    0.0011
He 2                2049.88A   42.395    0.2341      Ca A                231.454A   42.057    0.1077      O  3                832.929A   41.210    0.0153
He 2                2049.88A   42.307    0.1913      Ca A                230.686A   41.904    0.0757      O  3                833.715A   41.369    0.0221
He 2                3644.36A   41.564    0.0345      Ca A                230.139A   41.767    0.0552      O  3                835.059A   40.164    0.0014
He 2                3644.36A   41.969    0.0880      Ca A                229.736A   41.644    0.0416      O  3                702.337A   40.531    0.0032
He 2                3644.36A   41.970    0.0880      Ca A                229.431A   41.531    0.0321      O  3                702.896A   40.716    0.0049
He 2                3644.36A   41.613    0.0387      Ca A                229.194A   41.427    0.0253      O  3                703.851A   40.925    0.0079
He 2                5694.36A   41.232    0.0161      Ca A                229.006A   41.332    0.0202      O  3                508.178A   40.201    0.0015
He 2                5694.36A   41.633    0.0406      Ca A                228.855A   41.242    0.0165      O  5                1218.34A   41.059    0.0108
He 2                5694.36A   41.659    0.0431      Ca A                228.731A   41.159    0.0136      O  5                1213.81A   41.234    0.0162
He 2                5694.36A   41.444    0.0262      Ca A                228.629A   41.080    0.0114      O  5                629.732A   41.557    0.0340
He 2                5694.36A   40.925    0.0079      Ca A                228.543A   41.006    0.0096      S  3                9530.62A   40.413    0.0024
He 2                8199.90A   40.967    0.0087      Ca A                228.471A   40.936    0.0081      Si 3                1892.03A   40.730    0.0051
He 2                8199.90A   41.364    0.0218      Ca A                228.409A   40.870    0.0070      Si 3                1882.71A   40.921    0.0079
He 2                8199.90A   41.399    0.0237      Ca A                228.356A   40.807    0.0060      Si 3                1206.50A   40.815    0.0062
He 2                8199.90A   41.235    0.0162      Ca A                228.309A   40.746    0.0053      Si 4                1393.75A   41.078    0.0113
He 2                8199.90A   40.886    0.0073      Ca A                228.269A   40.689    0.0046      Si 4                1402.77A   40.785    0.0058
He 2                8199.90A   40.267    0.0017      Ca A                228.234A   40.634    0.0041      C  4                1550.78A   42.162    0.1371
He 2                1.11610m   40.746    0.0053      Ca A                1640.43A   42.931    0.8053      C  4                1548.19A   42.462    0.2731
He 2                1.11610m   41.141    0.0131      Ca A                1215.13A   42.491    0.2922      Fe 4                3095.77A   40.690    0.0046
He 2                1.11610m   41.180    0.0143      Ca A                1084.94A   42.170    0.1397      Fe 4                3094.96A   40.760    0.0054
He 2                1.11610m   41.039    0.0103      Ca A                1025.27A   41.918    0.0782      Fe 4                3094.53A   40.549    0.0033
He 2                1.11610m   40.760    0.0054      Ca A                992.360A   41.710    0.0484      Fe 4                2835.74A   40.948    0.0084
He 2                1.11610m   40.331    0.0020      Ca A                972.108A   41.532    0.0321      Fe 4                2829.36A   40.577    0.0036
He 2                1.45776m   40.559    0.0034      Ca A                958.694A   41.377    0.0225      Fe 4                2823.50A   40.427    0.0025
He 2                1.45776m   40.951    0.0084      Ca A                949.324A   41.238    0.0163      Fe 4                2567.61A   40.029    0.0010
He 2                1.45776m   40.992    0.0093      Ca A                942.508A   41.114    0.0123      Mg 2                2802.71A   40.035    0.0010
He 2                1.45776m   40.863    0.0069      Ca A                937.389A   41.000    0.0094      Mg 2                2795.53A   40.335    0.0020
He 2                1.45776m   40.619    0.0039      Ca A                933.444A   40.896    0.0074      N  3                1752.16A   40.110    0.0012
He 2                1.45776m   40.273    0.0018      Ca A                930.337A   40.800    0.0060      N  3                1749.67A   40.168    0.0014
He 2                1.84498m   40.395    0.0023      Ca A                927.846A   40.711    0.0048      N  3                989.799A   40.259    0.0017
He 2                1.84498m   40.786    0.0058      Ca A                925.817A   40.627    0.0040      N  4                1486.50A   41.154    0.0134
He 2                1.84498m   40.827    0.0063      Ca A                924.142A   40.548    0.0033      N  4                1483.32A   41.338    0.0206
He 2                1.84498m   40.706    0.0048      Ca A                922.743A   40.474    0.0028      N  4                765.147A   41.464    0.0275
He 2                1.84498m   40.482    0.0029      Ca A                921.562A   40.404    0.0024      Ne 4                2421.66A   40.170    0.0014
He 2                1.84498m   40.180    0.0014      Ca A                920.556A   40.338    0.0021      Ne 4                2424.28A   40.320    0.0020
He 2                2.27776m   40.250    0.0017      Ca A                919.693A   40.275    0.0018      Ne 5                3426.03A   40.452    0.0027
He 2                2.27776m   40.640    0.0041      Ca A                918.945A   40.215    0.0015      Ne 6                7.64318m   40.339    0.0021
He 2                2.27776m   40.681    0.0045      Ca A                918.295A   40.157    0.0014      Ne 6                558.685A   40.212    0.0015
He 2                2.27776m   40.564    0.0035      Ca A                917.724A   40.102    0.0012      Ne 7                465.220A   40.139    0.0013
He 2                2.27776m   40.352    0.0021      Ca A                4685.64A   42.121    0.1247      Ne 8                770.410A   40.054    0.0011
He 2                2.27776m   40.077    0.0011      Ca A                3203.04A   41.803    0.0600      O  4                25.8832m   40.503    0.0030
He 2                2.75608m   41.154    0.0135      Ca A                2733.24A   41.547    0.0333      O  4                1399.77A   40.265    0.0017
He 2                3.27997m   41.042    0.0104      Ca A                2511.15A   41.335    0.0204      O  4                1407.38A   40.254    0.0017
He 2                3.84941m   40.939    0.0082      Ca A                2385.35A   41.155    0.0135      O  4                1404.78A   40.699    0.0047
He 2                4.46440m   40.843    0.0066      Ca A                2306.15A   40.998    0.0094      O  4                1401.16A   40.682    0.0045
He 2                5.12495m   40.754    0.0054      Ca A                2252.64A   40.858    0.0068      O  4                787.710A   41.096    0.0118
He 2                5.83106m   40.671    0.0044      Ca A                2214.62A   40.732    0.0051      O  4                790.114A   40.648    0.0042
He 2                6.58272m   40.592    0.0037      Ca A                2186.56A   40.618    0.0039      O  4                790.201A   40.678    0.0045
He 2                7.37993m   40.518    0.0031      Ca A                2165.20A   40.513    0.0031      O  4                609.830A   40.433    0.0026
He 2                8.22270m   40.448    0.0026      Ca A                2148.55A   40.416    0.0025      O  4                554.076A   40.442    0.0026
He 2                9.11102m   40.381    0.0023      Ca A                2135.31A   40.326    0.0020      O  4                555.264A   40.434    0.0026
He 2                10.0449m   40.318    0.0020      Ca A                2124.58A   40.242    0.0016      O  4                554.514A   40.429    0.0025
He 2                11.0243m   40.258    0.0017      Ca A                2115.78A   40.163    0.0014      O  6                1037.62A   41.326    0.0200
He 2                12.0493m   40.200    0.0015      Ca A                2108.46A   40.089    0.0012      O  6                1031.91A   41.623    0.0396
He 2                13.1199m   40.145    0.0013      Ca A                1.01233m   41.512    0.0307      S  4                10.5076m   40.998    0.0094
He 2                14.2360m   41.308    0.0192      Ca A                6559.91A   41.266    0.0174      S  4                1416.89A   40.310    0.0019
He 1                2599.69A   42.462    0.2737      Ca A                5411.37A   41.053    0.0107      S  4                1406.02A   40.375    0.0022
He 1                3120.85A   41.934    0.0811      Ca A                4859.18A   40.871    0.0070      S  4                1062.66A   40.275    0.0018
He 1                3421.00A   41.824    0.0629      Ca A                4541.46A   40.712    0.0049      S  4                1072.97A   40.261    0.0017
He 1                3420.88A   42.301    0.1888      Ca A                4338.55A   40.571    0.0035      S  5                786.470A   40.303    0.0019
He 1                3420.88A   42.523    0.3147      Ca A                4199.71A   40.444    0.0026      level 1 lines..................................
He 1                3678.70A   42.066    0.1099      Ca A                4099.92A   40.329    0.0020      recombination..................................
He 1                6632.16A   41.680    0.0451      Ca A                4025.48A   40.223    0.0016      level2 lines...................................
He 1                7435.20A   41.213    0.0154      Ca A                3968.32A   40.126    0.0013      hyperfine structure............................
He 1                7843.44A   42.117    0.1235      Ca A                3923.37A   40.036    0.0010      inner shell....................................
He 1                8188.36A   41.720    0.0495      Ca A                1.86362m   41.018    0.0098      molecules......................................
He 1                8190.64A   41.226    0.0159      Ca A                1.16260m   40.821    0.0062      H-FB                      0    40.839    0.0065
He 1                8261.30A   41.452    0.0267      Ca A                9344.62A   40.640    0.0041      H-FF                      0    40.620    0.0039
He 1                1.24779m   41.196    0.0148      Ca A                8236.51A   40.481    0.0029      H- H                      0    40.933    0.0081
He 1                1.35647m   40.753    0.0053      Ca A                7592.50A   40.339    0.0021      H2+                       0    40.485    0.0029
He 1                1.40934m   41.667    0.0439      Ca A                7177.28A   40.211    0.0015      blends.........................................
He 1                1.45602m   41.384    0.0228      Ca A                6890.67A   40.096    0.0012      Blnd                2798.00A   40.511    0.0031
He 1                1.45643m   40.887    0.0073      Ca A                3.09074m   40.600    0.0038      Blnd                1406.00A   40.759    0.0054
He 1                1.45759m   40.901    0.0075      Ca A                1.87427m   40.440    0.0026      Blnd                4725.00A   40.310    0.0019
He 1                1.45759m   40.424    0.0025      Ca A                1.47599m   40.284    0.0018      Blnd                1888.00A   41.137    0.0129
He 1                1.46631m   41.021    0.0099      Ca A                1.28124m   40.142    0.0013      Blnd                1397.00A   41.257    0.0171
He 1                2.01409m   40.846    0.0066      Ca A                4.76203m   40.239    0.0016      Blnd                2424.00A   40.552    0.0034
He 1                2.15127m   40.417    0.0025      Ca A                2.82513m   40.106    0.0012      Blnd                895.000A   40.048    0.0011
He 1                2.21672m   41.334    0.0204      Ca B                1640.43A   43.124    1.2548      Blnd                774.000A   40.242    0.0016
He 1                2.27546m   41.086    0.0115      Ca B                1215.13A   42.675    0.4461      Blnd                977.000A   41.671    0.0442
He 1                2.27605m   40.589    0.0037      Ca B                1084.94A   42.348    0.2104      Blnd                1909.00A   41.762    0.0545
He 1                2.27752m   40.742    0.0052      Ca B                1025.27A   42.092    0.1166      Blnd                1549.00A   42.638    0.4103
He 1                2.27752m   40.265    0.0017      Ca B                992.360A   41.880    0.0717      Blnd                1750.00A   40.594    0.0037
He 1                2.27778m   40.154    0.0013      Ca B                972.108A   41.700    0.0473      Blnd                990.000A   40.523    0.0031
He 1                2.28864m   40.697    0.0047      Ca B                958.694A   41.543    0.0329      Blnd                765.000A   41.464    0.0275
He 1                2.96255m   40.582    0.0036      Ca B                949.324A   41.403    0.0239      Blnd                1486.00A   41.557    0.0340
He 1                3.12825m   40.158    0.0014      Ca B                942.508A   41.277    0.0179      Blnd                1240.00A   41.167    0.0138
He 1                3.20640m   41.071    0.0111      Ca B                937.389A   41.162    0.0137      Blnd                3727.00A   40.213    0.0015
He 1                3.27715m   40.838    0.0065      Ca B                933.444A   41.057    0.0108      Blnd                1666.00A   41.691    0.0464
He 1                3.27790m   40.337    0.0021      Ca B                930.337A   40.960    0.0086      Blnd                5007.00A   42.389    0.2310
He 1                3.27968m   40.543    0.0033      Ca B                927.846A   40.870    0.0070      Blnd                4363.00A   41.006    0.0096
He 1                3.27969m   40.066    0.0011      Ca B                925.817A   40.786    0.0058      Blnd                835.000A   41.707    0.0481
He 1                3.28001m   40.123    0.0013      Ca B                924.142A   40.707    0.0048      Blnd                1402.00A   41.149    0.0133
He 1                3.29317m   40.438    0.0026      Ca B                922.743A   40.632    0.0040      Blnd                789.000A   41.341    0.0207
He 1                4.46460m   41.310    0.0193      Ca B                921.562A   40.562    0.0034      Blnd                630.000A   41.558    0.0341
He 1                5.83132m   41.139    0.0130      Ca B                920.556A   40.495    0.0029      Blnd                1218.00A   41.456    0.0270
He 1                7.38026m   40.987    0.0092      Ca B                919.693A   40.431    0.0025      Blnd                1035.00A   41.800    0.0596
He 1                9.11143m   40.850    0.0067      Ca B                918.945A   40.371    0.0022

                                                    Emergent line intensities
general properties.............................      H  1                1.61092m   40.602    0.0038      He 1                3634.08A   40.935    0.0081
continua.......................................      H  1                1.58804m   40.512    0.0031      He 1                3587.16A   40.791    0.0058
FIR                 83.0000m   44.127   12.6419      H  1                1.57006m   40.429    0.0025      He 1                3554.34A   40.663    0.0043
TIR                 1800.00m   41.422    0.0250      H  1                1.55563m   40.352    0.0021      He 1                3530.43A   40.546    0.0033
NIRa                2.85000m   45.272  176.4792      H  1                1.54388m   40.280    0.0018      He 1                3512.47A   40.440    0.0026
NIRb                3.00000m   44.873   70.5160      H  1                1.53417m   40.214    0.0015      He 1                3498.61A   40.343    0.0021
MIRa                15.0000m   44.914   77.4449      H  1                1.52604m   40.153    0.0013      He 1                3487.70A   40.253    0.0017
MIRb                22.5000m   44.988   91.9295      H  1                1.51917m   40.099    0.0012      He 1                3478.94A   40.170    0.0014
NMIR                21.7500m   45.272  176.4792      H  1                1.51331m   40.052    0.0011      He 1                3471.80A   40.094    0.0012
TFIR                611.250m   41.977    0.0895      H  1                1.50008m   40.039    0.0010      He 1                3439.99A   40.590    0.0037
TALL                10000.0A   45.710  484.8931      H  1                1.49672m   40.813    0.0061      He 1                7281.35A   40.891    0.0074
F12                 12.0000m   44.471   27.9561      H  1                7.45777m   41.288    0.0184      He 1                6678.15A   41.526    0.0317
F25                 25.0000m   44.255   16.9973      H  1                4.65247m   41.131    0.0128      He 1                5047.64A   40.445    0.0026
F60                 60.0000m   44.083   11.4268      H  1                3.73951m   40.969    0.0088      He 1                4921.93A   41.125    0.0126
F100                100.000m   42.957    0.8555      H  1                3.29607m   40.820    0.0062      He 1                4437.55A   40.115    0.0012
MIPS                24.0000m   43.959    8.6028      H  1                3.03835m   40.686    0.0046      He 1                4387.93A   40.819    0.0062
MIPS                70.0000m   43.511    3.0617      H  1                2.87219m   40.516    0.0031      He 1                4143.76A   40.574    0.0035
MIPS                160.000m   41.237    0.0163      H  1                2.75749m   40.411    0.0024      He 1                4009.05A   40.461    0.0027
IRAC                3.60000m   44.082   11.4171      H  1                2.67438m   40.314    0.0019      He 1                3926.41A   40.296    0.0019
IRAC                4.50000m   44.117   12.3638      H  1                2.61191m   40.225    0.0016      He 1                3871.69A   40.151    0.0013
IRAC                5.80000m   44.149   13.3104      H  1                2.56361m   40.142    0.0013      He 1                4.29459m   40.227    0.0016
IRAC                8.00000m   44.304   19.0053      H  1                2.52538m   40.065    0.0011      He 1                1.25274m   40.343    0.0021
SPR1                250.000m   41.205    0.0152      H  1                2.37371m   40.527    0.0032      He 1                9463.57A   40.267    0.0017
SPR2                350.000m   41.087    0.0115      H  1                12.3684m   40.847    0.0066      He 1                8361.73A   40.092    0.0012
SPR3                500.000m   41.031    0.0101      H  1                7.50038m   40.722    0.0050      He 1                2.11180m   40.147    0.0013
PAC1                70.0000m   43.569    3.4997      H  1                5.90655m   40.584    0.0036      He 1                1.70027m   40.555    0.0034
PAC2                100.000m   42.912    0.7707      H  1                5.12722m   40.455    0.0027      He 1                1.19692m   40.403    0.0024
PAC3                160.000m   41.510    0.0306      H  1                4.67119m   40.278    0.0018      He 1                1.03113m   40.208    0.0015
PAH                 3.30000m   43.226    1.5905      H  1                4.37522m   40.174    0.0014      He 1                9515.06A   40.211    0.0015
PAHC                3.23000m   42.933    0.8096      H  1                4.16962m   40.078    0.0011      He 1                9062.39A   40.063    0.0011
PAHC                3.37000m   42.918    0.7815      H  1                3.48198m   40.293    0.0019      He 1                1.95430m   40.109    0.0012
PAH                 6.20000m   43.666    4.3802      H  1                19.0565m   40.468    0.0028      He 1                1.86854m   41.099    0.0119
PAHC                5.65000m   43.704    4.7733      H  1                11.3055m   40.366    0.0022      He 1                1.27849m   40.783    0.0057
PAH                 7.90000m   43.852    6.7181      H  1                8.75760m   40.248    0.0017      He 1                1.09130m   40.524    0.0032
PAHC                6.90000m   43.917    7.8005      H  1                7.50599m   40.074    0.0011      He 1                1.00275m   40.281    0.0018
PAH                 11.3000m   43.264    1.7364      H  1                4.84633m   40.094    0.0012      He 1                9526.01A   40.109    0.0012
PAHC                10.9000m   43.287    1.8268      H  1                27.7955m   40.135    0.0013      He 1                1.86972m   40.622    0.0040
PAH                 11.8000m   43.479    2.8439      H  1                16.2045m   40.052    0.0011      He 1                1.27905m   40.306    0.0019
PAHC                12.6500m   43.447    2.6452      He 2                1640.43A   42.938    0.8194      He 1                1.09171m   40.048    0.0011
PAH                 13.3000m   43.478    2.8384      He 2                1215.13A   42.516    0.3097      He 1                1.90894m   40.091    0.0012
PAHC                14.1000m   43.446    2.6375      He 2                1084.94A   42.203    0.1506      He 1                4.03664m   40.036    0.0010
Bcon                3640.00A   45.394  233.9190      He 2                1025.27A   41.954    0.0849      He 1                4.04791m   40.362    0.0022
Pcon                5000.00A   44.731   50.8110      He 2                992.360A   41.747    0.0528      He 1                2.62338m   40.074    0.0011
O3bn                5007.00A   43.221    1.5727      He 2                972.108A   41.570    0.0351      extra Lyman....................................
SX                  25.0000A   43.336    2.0454      He 2                958.694A   41.416    0.0246      database lines.................................
HX                  4.70000A   43.790    5.8198      He 2                949.324A   41.278    0.0179      Ar 4                4711.26A   40.062    0.0011
RRC............................................      He 2                942.508A   41.292    0.0185      C  3                1908.73A   41.353    0.0213
grains.........................................      He 2                937.389A   41.190    0.0146      C  3                1906.68A   41.545    0.0331
H-like iso-sequence............................      He 2                933.444A   41.096    0.0118      C  3                977.020A   41.669    0.0441
H  1                1215.67A   44.831   63.9447      He 2                930.337A   41.009    0.0097      N  5                1238.82A   40.990    0.0092
H  1                1025.72A   43.951    8.4327      He 2                927.846A   40.929    0.0080      N  5                1242.80A   40.690    0.0046
H  1                972.537A   43.503    3.0057      He 2                925.817A   40.855    0.0068      Ne 3                15.5509m   40.404    0.0024
H  1                949.743A   43.186    1.4483      He 2                924.142A   40.787    0.0058      Ne 3                3868.76A   41.161    0.0137
H  1                937.804A   42.860    0.6847      He 2                922.743A   40.724    0.0050      Ne 3                3967.47A   40.643    0.0042
H  1                930.748A   42.651    0.4233      He 2                921.562A   40.667    0.0044      O  3                88.3323m   41.119    0.0124
H  1                926.226A   42.472    0.2798      He 2                920.556A   40.616    0.0039      O  3                51.8004m   40.931    0.0081
H  1                923.150A   42.313    0.1943      He 2                919.693A   40.573    0.0035      O  3                4958.91A   41.788    0.0580
H  1                920.963A   42.172    0.1403      He 2                918.945A   40.541    0.0033      O  3                5006.84A   42.263    0.1730
H  1                919.351A   42.253    0.1690      He 2                918.295A   40.529    0.0032      O  3                2320.95A   40.406    0.0024
H  1                918.129A   42.146    0.1321      He 2                917.724A   40.567    0.0035      O  3                4363.21A   41.006    0.0096
H  1                917.181A   42.047    0.1054      He 2                917.221A   41.337    0.0205      O  3                1660.81A   41.097    0.0118
H  1                916.429A   41.957    0.0855      He 2                4685.64A   42.071    0.1113      O  3                1666.15A   41.564    0.0346
H  1                915.824A   41.873    0.0705      He 2                3203.04A   41.786    0.0578      O  5                1218.34A   41.059    0.0108
H  1                915.329A   41.795    0.0589      He 2                2733.24A   41.542    0.0329      O  5                1213.81A   41.234    0.0162
H  1                914.919A   41.723    0.0499      He 2                2511.15A   41.336    0.0205      S  3                9530.62A   40.412    0.0024
H  1                914.576A   41.657    0.0428      He 2                2385.35A   41.158    0.0136      Si 3                1892.03A   40.730    0.0051
H  1                914.286A   41.596    0.0372      He 2                2306.15A   41.003    0.0095      Si 3                1882.71A   40.921    0.0079
H  1                914.039A   41.541    0.0329      He 2                2252.64A   40.865    0.0069      Si 3                1206.50A   40.815    0.0062
H  1                913.826A   41.495    0.0295      He 2                2214.62A   40.777    0.0056      Si 4                1393.75A   41.078    0.0113
H  1                913.641A   41.460    0.0272      He 2                2186.56A   40.675    0.0045      Si 4                1402.77A   40.785    0.0058
H  1                913.480A   41.445    0.0263      He 2                2165.20A   40.581    0.0036      C  4                1550.78A   42.162    0.1372
H  1                913.339A   41.481    0.0286      He 2                2148.55A   40.495    0.0030      C  4                1548.19A   42.461    0.2733
H  1                913.215A   42.255    0.1699      He 2                2135.31A   40.415    0.0025      Fe 4                3095.77A   40.690    0.0046
H  1                6562.81A   43.445    2.6329      He 2                2124.58A   40.341    0.0021      Fe 4                3094.96A   40.760    0.0054
H  1                4861.33A   43.025    1.0000      He 2                2115.78A   40.273    0.0018      Fe 4                3094.53A   40.549    0.0033
H  1                4340.46A   42.716    0.4915      He 2                2108.46A   40.210    0.0015      Fe 4                2835.74A   40.947    0.0084
H  1                4101.73A   42.411    0.2436      He 2                2102.30A   40.153    0.0013      Fe 4                2829.36A   40.577    0.0036
H  1                3970.07A   42.205    0.1514      He 2                2097.07A   40.102    0.0012      Fe 4                2823.50A   40.427    0.0025
H  1                3889.05A   42.027    0.1006      He 2                2092.59A   40.059    0.0011      Fe 4                2567.61A   40.028    0.0010
H  1                3835.38A   41.872    0.0703      He 2                2088.73A   40.028    0.0010      Mg 2                2802.71A   40.035    0.0010
H  1                3797.89A   41.733    0.0511      He 2                2082.42A   40.054    0.0011      Mg 2                2795.53A   40.335    0.0020
H  1                3770.63A   41.690    0.0462      He 2                2079.84A   40.824    0.0063      N  3                1752.16A   40.110    0.0012
H  1                3750.15A   41.583    0.0362      He 2                1.01233m   41.430    0.0254      N  3                1749.67A   40.168    0.0014
H  1                3734.36A   41.485    0.0288      He 2                6559.91A   41.221    0.0157      N  3                989.799A   40.259    0.0017
H  1                3721.93A   41.394    0.0234      He 2                5411.37A   41.022    0.0099      N  4                1486.50A   41.154    0.0135
H  1                3711.97A   41.311    0.0193      He 2                4859.18A   40.848    0.0067      N  4                1483.32A   41.338    0.0206
H  1                3703.85A   41.233    0.0162      He 2                4541.46A   40.693    0.0047      Ne 4                2421.66A   40.170    0.0014
H  1                3697.15A   41.161    0.0137      He 2                4338.55A   40.555    0.0034      Ne 4                2424.28A   40.320    0.0020
H  1                3691.55A   41.095    0.0117      He 2                4199.71A   40.407    0.0024      Ne 5                3426.03A   40.452    0.0027
H  1                3686.83A   41.034    0.0102      He 2                4099.92A   40.306    0.0019      Ne 6                7.64318m   40.339    0.0021
H  1                3682.80A   40.980    0.0090      He 2                4025.48A   40.213    0.0015      O  4                25.8832m   40.503    0.0030
H  1                3679.35A   40.933    0.0081      He 2                3968.32A   40.127    0.0013      O  4                1399.77A   40.264    0.0017
H  1                3676.36A   40.898    0.0075      He 2                3923.37A   40.047    0.0011      O  4                1407.38A   40.254    0.0017
H  1                3673.75A   40.883    0.0072      He 2                3740.11A   40.456    0.0027      O  4                1404.78A   40.699    0.0047
H  1                3671.47A   40.919    0.0078      He 2                1.86362m   40.910    0.0077      O  4                1401.16A   40.682    0.0045
H  1                3669.46A   41.693    0.0466      He 2                1.16260m   40.750    0.0053      O  6                1037.62A   41.326    0.0200
H  1                1.87510m   42.505    0.3020      He 2                9344.62A   40.586    0.0036      O  6                1031.91A   41.623    0.0396
H  1                1.28180m   42.235    0.1623      He 2                8236.51A   40.436    0.0026      S  4                10.5076m   40.998    0.0094
H  1                1.09380m   41.959    0.0860      He 2                7592.50A   40.301    0.0019      S  4                1416.89A   40.310    0.0019
H  1                1.00493m   41.755    0.0538      He 2                7177.28A   40.118    0.0012      S  4                1406.02A   40.375    0.0022
H  1                9545.93A   41.579    0.0359      He 2                5931.63A   40.170    0.0014      S  4                1062.66A   40.275    0.0018
H  1                9228.97A   41.425    0.0251      He 2                3.09074m   40.470    0.0028      S  4                1072.97A   40.261    0.0017
H  1                9014.87A   41.287    0.0183      He 2                1.87427m   40.347    0.0021      level 1 lines..................................
H  1                8862.74A   41.174    0.0141      He 2                1.47599m   40.209    0.0015      recombination..................................
H  1                8750.43A   41.068    0.0110      He 2                1.28124m   40.079    0.0011      level2 lines...................................
H  1                8664.98A   40.970    0.0088      He 2                4.76203m   40.091    0.0012      hyperfine structure............................
H  1                8598.35A   40.880    0.0072      He-like iso-sequence...........................      inner shell....................................
H  1                8545.34A   40.796    0.0059      He 1                1.08303m   42.449    0.2659      molecules......................................
H  1                8502.44A   40.719    0.0049      He 1                3888.63A   42.216    0.1553      blends.........................................
H  1                8467.21A   40.647    0.0042      He 1                3187.74A   41.837    0.0649      Blnd                2798.00A   40.511    0.0031
H  1                8437.91A   40.581    0.0036      He 1                2945.10A   41.525    0.0316      Blnd                1406.00A   40.759    0.0054
H  1                8413.28A   40.520    0.0031      He 1                2829.08A   41.269    0.0176      Blnd                4725.00A   40.310    0.0019
H  1                8392.35A   40.466    0.0028      He 1                2760.44A   40.472    0.0028      Blnd                1888.00A   41.137    0.0130
H  1                8374.43A   40.419    0.0025      He 1                2721.00A   40.321    0.0020      Blnd                1397.00A   41.257    0.0171
H  1                8358.96A   40.384    0.0023      He 1                2694.61A   40.184    0.0014      Blnd                2424.00A   40.552    0.0034
H  1                8345.51A   40.370    0.0022      He 1                2676.05A   40.061    0.0011      Blnd                977.000A   41.671    0.0442
H  1                8333.74A   40.406    0.0024      He 1                5015.68A   40.240    0.0016      Blnd                1909.00A   41.761    0.0545
H  1                8323.38A   41.180    0.0143      He 1                7065.22A   41.583    0.0361      Blnd                1549.00A   42.638    0.4106
H  1                4.05113m   41.836    0.0648      He 1                5875.64A   42.087    0.1154      Blnd                1750.00A   40.594    0.0037
H  1                2.62513m   41.612    0.0386      He 1                4713.03A   40.963    0.0087      Blnd                990.000A   40.523    0.0032
H  1                2.16551m   41.417    0.0247      He 1                4471.49A   41.706    0.0480      Blnd                1486.00A   41.557    0.0340
H  1                1.94454m   41.245    0.0166      He 1                4120.82A   40.567    0.0035      Blnd                1240.00A   41.166    0.0139
H  1                1.81740m   41.092    0.0117      He 1                4026.20A   41.400    0.0237      Blnd                5007.00A   42.388    0.2310
H  1                1.73620m   40.955    0.0085      He 1                3867.48A   40.281    0.0018      Blnd                1218.00A   41.456    0.0270
H  1                1.68064m   40.805    0.0060      He 1                3819.61A   41.148    0.0133      Blnd                1035.00A   41.800    0.0596
H  1                1.64071m   40.700    0.0047      He 1                3704.76A   41.098    0.0118



 CIV QSO  
 Cooling:  HFBc                      0 :0.123 H  1c                     0 :0.507 He 2c                     0 :0.105 HFFc                      0 :0.168  
 Heating:  BFH1                      0 :0.568 BFHe                      0 :0.431  

 These are some of the most important databases used by Cloudy:
 Many recombination coefficients were taken from http://amdpp.phys.strath.ac.uk/tamoc/RR/ and http://amdpp.phys.strath.ac.uk/tamoc/DR/
      and are based on the following papers:
        Badnell N. R., et al., A&A 406, 1151 (2003) [http://adsabs.harvard.edu/abs/2003A%26A...406.1151B]
        Badnell N. R., ApJS 167, 334 (2006) [http://adsabs.harvard.edu/abs/2006ApJS..167..334B]
 Much of the molecular emission data is from LAMDA as accessed on June 30, 2015. This database is described in:
        Schoeier F.L., et al., A&A 432, 369 (2005) [http://adsabs.harvard.edu/abs/2005A%26A...432..369S]
      This database is in part based on the work of the following groups:
        JPL: Pickett H. M. et al., JQSRT, 60, 883 (1998). [http://adsabs.harvard.edu/abs/1998JQSRT..60..883P]
        CDMS: Mueller H. S. et al., A&A 370, L49 (2001). [http://adsabs.harvard.edu/abs/2001A%26A...370L..49M]
              Mueller H. S. et al., J. Mol. Struct. 742, 215 (2005). [http://adsabs.harvard.edu/abs/2005JMoSt.742..215M]
 Some of the ionic emission data is from version 7.1.4 of CHIANTI. CHIANTI is a collaborative project involving the NRL (USA), the
      Universities of Florence (Italy) and Cambridge (UK), and George Mason University (USA). These papers describe Chianti:
        Dere K. P., et al., A&AS, 125, 149 (1997) [http://adsabs.harvard.edu/abs/1997A%26AS..125..149D]
        Landi E., et al., ApJ, 744, 99 (2012) [http://adsabs.harvard.edu/abs/2012ApJ...744...99L]
 Much of the H_2 data is from this web site: http://molat.obspm.fr/index.php?page=pages/Molecules/H2/H2can94.php. These data are
      described in:
        Abgrall H. et al., Can. J. Phys., 72, 856 (1994) [http://adsabs.harvard.edu/abs/1994CaJPh..72..856A]
        Wrathmall S. A. & Flower D. R., J. Phys. B, 40, 3221 (2007) [http://adsabs.harvard.edu/abs/2007JPhB...40.3221W]
 The Case A and Case B recombination predictions for one-electron systems are from
	Storey, P.J. & Hummer, D.G., 1995, MNRAS 272, 41 http://adsabs.harvard.edu/abs/1995MNRAS.272...41S
 The He I recombination predictions are from
	Porter, R. L.; Ferland, G. J.; Storey, P. J.; Detisch, M. J., 2012, MNRAS, 425, 28p http://adsabs.harvard.edu/abs/2012MNRAS.425L..28P
		http://adsabs.harvard.edu/abs/2013MNRAS.433L..89P

 If you find some process or data set to be particularly critical to a result, please follow the trail of references back to the
 original source and cite that.  This will support and encourage atomic, molecular, and chemical physicists to continue their
 valuable work.

 IONIZE PARMET:  U(1-)  1.4745  U(4-):  0.4517  U(sp): -1.15  Q(ion):   52.425  L(ion) 44.281    Q(low): 58.147    L(low) 45.692
 ENERGY BUDGET:  Heat:  44.878  Coolg:  44.878  Error:  0.0%  Rec Lin:  44.394  F-F  H  0.000    P(rad/tot)max     0.00E+00    R(F Con):1.737e+05

     Col(Heff):      2.794E+21  snd travl time  2.62E+17 sec  Te-low: 8.36E+03  Te-hi: 8.66E+04  G0TH85: 4.35E+03  G0DB96:4.11E+03
  Emiss Measure    n(e)n(p) dl       4.630E+21  n(e)n(He+)dl         1.400E+20  En(e)n(He++) dl         3.231E+20  ne nC+:5.60E+12
 He/Ha:9.39E-02  =   0.94*true  Lthin:2.10E+03  itr/zn: 4.47  H2 itr/zn:  0.00  File Opacity: F  MassTot 1.76e+46  (gm)
   Temps(21 cm)   T(21cm/Ly a)  2.96E+03        T(<nH/Tkin>)  8.55E+03          T(<nH/Tspin>)    3.16E+03          TB21cm:1.71E+02
                   N(H0/Tspin)  2.11E+18        N(OH/Tkin)    7.22E+01          B(21cm)          0.00E+00
   <a>:1.02E-10  erdeFe6.2E+23  Tcompt5.36E+10  Tthr4.07E+15  <Tden>: 3.89E+04  <dens>:2.39E-25  <MolWgt>7.57E-01
     Mean Jeans  l(cm)4.07E+22  M(sun)1.31E+09  smallest:     len(cm):1.25E+22  M(sun):9.26E+07  a_ox tran: -1.54
 Rion:1.784E+23  Dist:0.00E+00  Diam:0.000E+00
 Hatom level 70  HatomType: add  HInducImp  F  He tot level: 63  He2 level:   70  ExecTime   348.2
 ConvrgError(%)  <eden>  0.027  MaxEden  0.399  <H-C>   0.08  Max(H-C)    0.50  <Press>   0.000  MaxPrs er  0.000
  Continuity(%)  chng Te   2.9  elec den   7.0  n(H2)    0.0  n(CO)        0.0

                                                        Averaged Quantities
             Te      Te(Ne)   Te(NeNp)  Te(NeHe+)Te(NeHe2+) Te(NeO+)  Te(NeO2+)  Te(H2)     N(H)     Ne(O2+)   Ne(Np)
 Radius:  2.71e+04  4.75e+04  5.29e+04  3.19e+04  6.19e+04  1.84e+04  3.32e+04  8.55e+03  1.02e-01  1.27e-01  1.83e-01
   Area:  1.62e+04  3.59e+04  4.10e+04  3.00e+04  5.73e+04  1.66e+04  3.09e+04  8.53e+03  7.02e-02  1.20e-01  1.40e-01
 Volume:  1.20e+04  2.94e+04  3.39e+04  2.83e+04  5.56e+04  1.54e+04  2.89e+04  8.50e+03  5.69e-02  1.14e-01  1.16e-01
 
 Peimbert T(OIIIr)2.30E+04 T(Bac)1.67E+04 T(Hth)0.00E+00 t2(Hstrc) 1.46e-01 T(O3-BAC)0.00E+00 t2(O3-BC) 0.00e+00 t2(O3str) 7.41e-02

 Contin Optical Depths: COMP: 1.94e-02    H-: 1.16e-04 R(1300): 4.48e-02  H2+: 7.06e-06  Bra:1.94E-02
                          Pa: 1.94e-02    Ba: 1.95e-02      Hb: 1.95e-02   La: 1.10e+02     1r:4.239E+04  1.8:1.32E+04 4.:3.782E+03

 Old, new H  1 continuum optical depths:
     1 4.24e+04     2 6.17e-05     3 1.21e-04     4 1.21e-04     5 1.21e-04     6 3.03e-05     7 3.03e-05     8 3.03e-05
     9 3.03e-05    10 1.89e-15    11 1.89e-15    12 1.89e-15    13 1.89e-15    14 1.89e-15    15 4.24e-15    16 4.24e-15
    17 4.24e-15    18 4.24e-15    19 4.24e-15    20 4.24e-15    21 8.64e-15    22 8.64e-15    23 8.64e-15    24 8.64e-15
    25 8.64e-15    26 8.64e-15    27 8.64e-15    28 1.63e-14    29 1.63e-14    30 1.63e-14    31 1.63e-14    32 1.63e-14
    33 1.63e-14    34 1.63e-14    35 1.63e-14    36 2.89e-14    37 2.89e-14    38 2.89e-14    39 2.89e-14    40 2.89e-14
    41 2.89e-14    42 2.89e-14    43 2.89e-14    44 2.89e-14    45 4.86e-14    46 4.86e-14    47 4.86e-14    48 4.86e-14
    49 4.86e-14    50 4.86e-14    51 4.86e-14    52 4.86e-14    53 4.86e-14    54 4.86e-14
     1 4.24e+04     2 6.17e-05     3 1.21e-04     4 1.21e-04     5 1.21e-04     6 3.03e-05     7 3.03e-05     8 3.03e-05
     9 3.03e-05    10 1.89e-15    11 1.89e-15    12 1.89e-15    13 1.89e-15    14 1.89e-15    15 4.24e-15    16 4.24e-15
    17 4.24e-15    18 4.24e-15    19 4.24e-15    20 4.24e-15    21 8.64e-15    22 8.64e-15    23 8.64e-15    24 8.64e-15
    25 8.64e-15    26 8.64e-15    27 8.64e-15    28 1.63e-14    29 1.63e-14    30 1.63e-14    31 1.63e-14    32 1.63e-14
    33 1.63e-14    34 1.63e-14    35 1.63e-14    36 2.89e-14    37 2.89e-14    38 2.89e-14    39 2.89e-14    40 2.89e-14
    41 2.89e-14    42 2.89e-14    43 2.89e-14    44 2.89e-14    45 4.86e-14    46 4.86e-14    47 4.86e-14    48 4.86e-14
    49 4.86e-14    50 4.86e-14    51 4.86e-14    52 4.86e-14    53 4.86e-14    54 4.86e-14

 Old, new H  1 mean line optical depths:
  2- 1 7.56e+08  3- 2 5.74e-06  4- 3 2.61e-12  5- 4 2.55e-12  6- 5 4.83e-12  7- 6 3.38e-12  8- 7 5.85e-12
  9- 8 1.02e-11 10- 9 1.67e-11 11-10 1.52e-10 12-11 0.00e+00 13-12 0.00e+00 14-13 0.00e+00 15-14 0.00e+00 16-15 0.00e+00
 17-16 0.00e+00 18-17 0.00e+00 19-18 0.00e+00 20-19 0.00e+00 21-20 0.00e+00 22-21 0.00e+00 23-22 0.00e+00 24-23 0.00e+00
 25-24 0.00e+00
  2- 1 7.56e+08  3- 2 5.74e-06  4- 3 2.61e-12  5- 4 2.55e-12  6- 5 4.83e-12  7- 6 3.38e-12  8- 7 5.85e-12
  9- 8 1.02e-11 10- 9 1.67e-11 11-10 1.52e-10 12-11 0.00e+00 13-12 0.00e+00 14-13 0.00e+00 15-14 0.00e+00 16-15 0.00e+00
 17-16 0.00e+00 18-17 0.00e+00 19-18 0.00e+00 20-19 0.00e+00 21-20 0.00e+00 22-21 0.00e+00 23-22 0.00e+00 24-23 0.00e+00
 25-24 0.00e+00

 Old, new He 2 continuum optical depths:
     1 3.78e+03     2 4.22e+04     3 3.08e-05     4 3.08e-05     5 3.08e-05     6 6.17e-05     7 6.17e-05     8 6.17e-05
     9 6.17e-05    10 9.84e-05    11 9.84e-05    12 9.84e-05    13 9.84e-05    14 9.84e-05    15 1.21e-04    16 1.21e-04
    17 1.21e-04    18 1.21e-04    19 1.21e-04    20 1.21e-04    21 9.88e-05    22 9.88e-05    23 9.88e-05    24 9.88e-05
    25 9.88e-05    26 9.88e-05    27 9.88e-05    28 3.03e-05    29 3.03e-05    30 3.03e-05    31 3.03e-05    32 3.03e-05
    33 3.03e-05    34 3.03e-05    35 3.03e-05    36 1.12e-15    37 1.12e-15    38 1.12e-15    39 1.12e-15    40 1.12e-15
    41 1.12e-15    42 1.12e-15    43 1.12e-15    44 1.12e-15    45 1.89e-15    46 1.89e-15    47 1.89e-15    48 1.89e-15
    49 1.89e-15    50 1.89e-15    51 1.89e-15    52 1.89e-15    53 1.89e-15    54 1.89e-15
     1 3.78e+03     2 4.22e+04     3 3.08e-05     4 3.08e-05     5 3.08e-05     6 6.17e-05     7 6.17e-05     8 6.17e-05
     9 6.17e-05    10 9.84e-05    11 9.84e-05    12 9.84e-05    13 9.84e-05    14 9.84e-05    15 1.21e-04    16 1.21e-04
    17 1.21e-04    18 1.21e-04    19 1.21e-04    20 1.21e-04    21 9.88e-05    22 9.88e-05    23 9.88e-05    24 9.88e-05
    25 9.88e-05    26 9.88e-05    27 9.88e-05    28 3.03e-05    29 3.03e-05    30 3.03e-05    31 3.03e-05    32 3.03e-05
    33 3.03e-05    34 3.03e-05    35 3.03e-05    36 1.12e-15    37 1.12e-15    38 1.12e-15    39 1.12e-15    40 1.12e-15
    41 1.12e-15    42 1.12e-15    43 1.12e-15    44 1.12e-15    45 1.89e-15    46 1.89e-15    47 1.89e-15    48 1.89e-15
    49 1.89e-15    50 1.89e-15    51 1.89e-15    52 1.89e-15    53 1.89e-15    54 1.89e-15

 Old, new He 2 mean line optical depths:
  2- 1 3.53e+07  3- 2 5.55e-09  4- 3 1.08e-14  5- 4 1.17e-14  6- 5 3.26e-14  7- 6 9.83e-15  8- 7 4.13e-14
  9- 8 1.19e-13 10- 9 2.45e-13 11-10 3.35e-12 12-11 0.00e+00 13-12 0.00e+00 14-13 0.00e+00 15-14 0.00e+00 16-15 0.00e+00
 17-16 0.00e+00 18-17 0.00e+00 19-18 0.00e+00 20-19 0.00e+00 21-20 0.00e+00 22-21 0.00e+00 23-22 0.00e+00 24-23 0.00e+00
 25-24 0.00e+00
  2- 1 3.53e+07  3- 2 5.55e-09  4- 3 1.08e-14  5- 4 1.17e-14  6- 5 3.26e-14  7- 6 9.83e-15  8- 7 4.13e-14
  9- 8 1.19e-13 10- 9 2.45e-13 11-10 3.35e-12 12-11 0.00e+00 13-12 0.00e+00 14-13 0.00e+00 15-14 0.00e+00 16-15 0.00e+00
 17-16 0.00e+00 18-17 0.00e+00 19-18 0.00e+00 20-19 0.00e+00 21-20 0.00e+00 22-21 0.00e+00 23-22 0.00e+00 24-23 0.00e+00
 25-24 0.00e+00

 Old He Is optical depths:    1 1.32e+04    2 4.19e-05    3 5.14e-05    4 5.73e-05    5 5.73e-05
 New He Is optical depths:    1 1.32e+04    2 4.19e-05    3 5.14e-05    4 5.73e-05    5 5.73e-05
          Old He Is Lines:  584 4.85e+07 3889 1.15e-02 5016 1.15e-02 5876 1.15e-02
          New He Is Lines:  584 4.85e+07 3889 1.15e-02 5016 1.15e-02 5876 1.15e-02

==== H      compounds ====           Log10 column densities [cm^-2]
   H2        : 12.451   H2*       :  9.651   H2+       : 12.004   H3+       :  6.915
==== He     compounds ====
   HeH+      : 14.126
==== Li     compounds ====
   LiH       : -5.083   LiH+      : -2.008
==== C      compounds ====
   CH        :  0.335   CH+       :  6.582   CH2       : -9.073   CH2+      : -2.730   CH3       :-17.786   CH3+      :-13.662
   CH4       :-28.447   CH4+      :-30.118   CH5+      :-30.592   C2        :-10.387   C2+       : -5.201   C2H       :-20.207
   C2H+      :-14.698   C2H2      :-31.818   C2H2+     :-24.425   C2H3+     :-35.616   C3        :-35.930   C3+       :-26.078
   C3H       :-35.930   C3H+      :-35.432
==== N      compounds ====
   NH        :  4.419   NH+       :  5.716   NH2       : -6.919   NH2+      : -3.917   NH3       :-17.515   NH3+      :-14.233
   NH4+      :-28.313   CN        : -3.473   CN+       : -1.410   HCN       :-13.127   HCN+      :-10.503   HNC       :-19.708
   HCNH+     :-20.358   N2        : -2.341   N2+       : -0.756   N2H+      :-16.869
==== O      compounds ====
   OH        :  5.790   OH+       :  6.436   H2O       : -5.129   H2O+      : -3.358   H3O+      :-13.436   CO        : -0.457
   CO+       :  0.231   HCO+      : -7.041   NO        : -3.724   NO+       : -1.419   HNO       :-13.649   HNO+      :-11.316
   OCN       :-19.598   OCN+      :-17.192   N2O       :-20.627   O2        :  0.014   O2+       :  0.447   NO2       :-23.381
   NO2+      :-17.820
==== Ne     compounds ====
   NeH+      :  6.174
==== Si     compounds ====
   SiH       : -5.791   SiH2+     : -4.114   SiN       :-12.543   SiN+      : -3.226   SiO       : -6.081   SiO+      : -0.121
   SiOH+     :-10.265
==== S      compounds ====
   HS        : -2.411   HS+       :  3.284   CS        :-14.054   CS+       : -7.921   HCS+      :-15.537   NS        : -9.755
   NS+       : -3.679   SO        :-10.860   SO+       : -2.484   OCS       :-26.094   OCS+      :-24.469   S2        :-25.307
   S2+       :-26.433
==== Cl     compounds ====
   HCl       : -8.931   HCl+      :  2.088   H2Cl+     : -7.531   CCl       :-35.930   CCl+      :-15.849   H2CCl+    :-35.930
   ClO       :-35.930   ClO+      :-35.930
==== Ar     compounds ====
   ArH+      :  6.887


               1      2      3      4      5      6      7      8      9     10     11     12     13     14     15     16     17

 Hydrogen   21.825 22.403 12.452 (H2)                Log10 Column density (cm^-2)
 Helium     20.829 21.057 21.141
 Lithium     5.377 10.548  9.497 10.428
 Beryllium   4.298  8.224  8.462  8.072  8.425
 Boron       3.917  9.603  8.117  9.900  9.626  9.536
 Carbon      9.940 15.224 14.983 15.218 15.224 15.089 14.808
 Nitrogen   14.734 13.751 14.237 14.924 13.918 14.821 14.420 14.010
 Oxygen     15.518 14.183 15.738 14.857 15.001 14.896 15.493 14.944 14.398
 Fluorine   10.290 11.110 11.583 10.607 10.900 11.004 10.693 11.108 10.477  9.761
 Neon       13.698 14.555 15.127 13.952 14.308 14.633 14.444 14.094 14.428 13.715 12.800
 Sodium      8.288 12.923 13.433 12.515 12.555 12.914 12.952 12.543 12.186 12.526 11.724 10.612
 Magnesium  10.959 14.234 14.574 13.780 13.687 14.005 14.162 13.996 13.690 13.326 13.547 12.596 11.295
 Aluminium   8.426 13.140 12.510 13.488 12.683 12.999 13.046 12.987 12.776 12.374 11.992 12.182 11.138  9.685
 Silicon     8.711 14.391 13.692 13.806 14.344 13.883 14.218 14.232 13.788 13.462 13.043 12.833 12.927 11.769 10.168
 Phosphorus  6.971 12.338 11.806 12.290 11.559 11.816 12.104 12.193 11.892 11.705 11.292 10.876 10.508 10.473  9.177  7.426
 Sulphur     8.181 13.944 13.838 14.062 13.623 12.736 13.699 14.011 13.811 13.354 13.152 12.996 12.510 11.991 11.800 10.345  8.432
 Chlorine    6.421 11.837 11.925 12.256 11.520 11.154 10.938 11.769 11.857 11.731 11.373 10.934 10.573  9.945  9.431  9.102  7.511
  5.442
 Argon      12.457 13.146 12.460 13.372 12.857 12.718 12.337 12.173 12.856 12.822 12.567 12.289 12.032 11.449 10.621  9.913  9.462
  7.716  5.299
 Potassium   6.161 11.538 11.882 11.997 11.570 11.732 11.446 11.041 10.793 11.405 11.442 11.180 10.759 10.227  9.381  8.627  7.783
  7.239  5.340  2.549
 Calcium     5.200  9.910 13.249 13.309 12.597 12.869 12.945 12.618 12.105 11.901 12.470 12.497 12.213 11.844 11.389 10.753  9.774
  8.755  8.135  6.045  3.154
 Scandium    2.245  7.551  9.987 10.176  9.376  9.592  9.642  9.757  9.248  8.727  8.445  9.085  9.095  8.950  8.344  7.560  6.740
  5.676  4.642  3.882  1.232-30.000
 Titanium    5.620 11.210 11.740 11.512 11.937 11.428 11.459 11.585 11.353 10.886 10.375 10.287 10.848 10.766 10.516  9.913  8.805
  7.787  6.491  5.445  4.452  1.801-30.000
 Vanadium    5.553 10.465 10.617  9.992 10.959 10.522 10.437 10.517 10.291 10.235  9.592  9.346  9.166  9.756  9.552  9.069  8.331
  7.010  5.773  4.318  2.949  1.735-30.000-30.000
 Chromium    6.618 12.509 11.025 11.828 12.626 11.980 12.183 12.205 11.950 11.917 11.493 10.957 11.089 10.638 11.275 11.175 10.501
  9.482  8.332  6.796  5.527  3.619-30.000-30.000-30.000
 Manganese   7.880 12.298 10.816 11.713 12.408 11.818 12.105 11.819 11.644 11.652 11.334 11.323 10.726 10.360 10.046 10.654 10.540
  9.911  8.922  7.534  6.033  4.545  2.671-30.000-30.000-30.000
 Iron        9.086 14.292 12.666 14.429 13.409 13.437 13.923 14.202 13.839 13.533 13.201 12.839 12.535 12.216 11.908 11.932 12.343
 12.113 11.573 10.444  8.922  7.340  5.432-30.000-30.000-30.000-30.000
 Cobalt      7.312 11.765  9.734 11.041 11.873 11.059 11.240 11.533 11.374 11.195 10.764 10.702 10.667 10.378  9.792  9.399  9.196
  9.514  9.112  8.395  7.131  5.502  4.054  2.058-30.000-30.000-30.000-30.000
 Nickel      8.402 13.096 11.557 13.215 12.261 12.332 12.476 12.822 12.711 12.661 12.131 12.034 11.979 11.721 11.483 10.917 10.395
 10.116 10.338  9.695  8.831  7.422  5.774  3.870-30.000-30.000-30.000-30.000-30.000
 Copper      5.953 11.037  9.892 11.171 10.204 10.229 10.371 10.759 10.675 10.689 10.322  9.803  9.817  9.586  9.394  9.357  8.540
  7.941  7.461  7.664  6.821  5.775  4.228  2.091-30.000-30.000-30.000-30.000-30.000-30.000
 Zinc        6.139 10.796 11.281 11.584 10.702 10.594 10.682 11.136 11.046 11.071 10.674 10.567 10.330 10.021  9.782  9.750  9.543
  8.613  8.083  7.388  7.592  6.488  5.263  3.516  1.393-30.000-30.000-30.000-30.000-30.000-30.000
 Exc state                  He[2] 11.278                 C+[2] 11.460                  C[1]  9.913                  C[2]  8.624
                             C[3]  8.020                  O[1] 15.518                  O[2]  9.265                  O[3]  9.316
                           Si+[1] 14.391                C+2[2] 12.511                C+2[3]  3.104                C+2[4]  7.599


 Hydrogen   -0.191 -0.449 -9.260 (H2)                 Log10 Mean Ionisation (over volume)
 Helium     -0.186 -0.513 -1.379
 Lithium    -5.318 -0.023 -1.859 -1.433
 Beryllium  -4.277 -0.211 -0.479 -1.524 -1.631
 Boron      -6.031 -0.204 -2.090 -0.484 -1.492 -2.131
 Carbon     -5.536 -0.183 -0.900 -0.788 -1.383 -1.911 -2.864
 Nitrogen   -0.209 -1.256 -1.199 -0.653 -2.207 -1.515 -2.423 -3.589
 Oxygen     -0.188 -1.610 -0.551 -1.828 -1.947 -2.247 -1.901 -3.012 -4.264
 Fluorine   -1.193 -0.386 -0.325 -1.820 -1.812 -1.913 -2.424 -2.363 -3.620 -4.904
 Neon       -1.309 -0.460 -0.257 -1.961 -1.883 -1.765 -2.165 -2.807 -2.912 -4.192 -5.523
 Sodium     -5.065 -0.421 -0.254 -1.673 -1.928 -1.777 -1.953 -2.701 -3.452 -3.528 -4.750 -6.138
 Magnesium  -3.766 -0.321 -0.350 -1.570 -1.909 -1.818 -1.836 -2.285 -2.980 -3.761 -3.933 -5.226 -6.729
 Aluminium  -5.380 -0.353 -1.049 -0.399 -1.639 -1.673 -1.825 -2.144 -2.749 -3.618 -4.395 -4.492 -5.757 -7.333
 Silicon    -6.017 -0.170 -1.275 -1.206 -0.828 -1.666 -1.632 -1.884 -2.806 -3.659 -4.471 -4.932 -5.016 -6.298 -7.974
 Phosphorus -5.621 -0.188 -1.086 -0.771 -1.545 -1.589 -1.634 -1.771 -2.422 -3.109 -4.024 -4.792 -5.374 -5.531 -6.915 -8.719
 Sulphur    -6.145 -0.332 -0.589 -0.772 -1.298 -2.409 -1.670 -1.625 -2.148 -3.090 -3.766 -4.288 -5.046 -5.726 -6.005 -7.533 -9.493
 Chlorine   -5.904 -0.450 -0.452 -0.637 -1.609 -2.214 -2.518 -1.868 -1.993 -2.486 -3.373 -4.312 -4.995 -5.806 -6.408 -6.789 -8.424
           -10.536
 Argon      -0.938 -0.272 -1.251 -0.626 -1.558 -1.889 -2.424 -2.671 -2.142 -2.463 -3.123 -3.842 -4.486 -5.326 -6.294 -7.069 -7.562
            -9.351-11.844
 Potassium  -5.986 -0.586 -0.381 -0.731 -1.017 -1.567 -2.097 -2.620 -2.988 -2.564 -2.870 -3.557 -4.404 -5.241 -6.250 -7.080 -7.970
            -8.538-10.480-13.324
 Calcium    -8.440 -3.581 -0.157 -0.629 -1.654 -1.619 -1.830 -2.356 -3.048 -3.380 -3.053 -3.354 -3.995 -4.692 -5.373 -6.137 -7.186
            -8.240 -8.882-11.029-13.957
 Scandium   -8.064 -2.654 -0.199 -0.529 -1.638 -1.669 -1.909 -2.008 -2.790 -3.512 -3.992 -3.567 -3.855 -4.292 -5.151 -6.098 -7.007
            -8.123 -9.186 -9.970-12.690
 Titanium   -6.459 -0.828 -0.301 -1.015 -0.686 -1.674 -1.871 -2.001 -2.510 -3.276 -4.023 -4.281 -3.946 -4.293 -4.772 -5.549 -6.767
            -7.840 -9.178-10.257-11.296-13.972
 Vanadium   -5.474 -0.540 -0.414 -1.497 -0.633 -1.488 -1.850 -1.998 -2.499 -2.860 -3.849 -4.277 -4.663 -4.256 -4.696 -5.351 -6.200
            -7.592 -8.864-10.364-11.794-13.017
 Chromium   -6.092 -0.178 -1.868 -1.339 -0.653 -1.710 -1.741 -1.962 -2.475 -2.821 -3.580 -4.365 -4.414 -5.064 -4.537 -4.827 -5.641
            -6.750 -7.954 -9.530-10.843-12.803
 Manganese  -4.606 -0.177 -1.875 -1.255 -0.664 -1.712 -1.696 -2.216 -2.636 -2.942 -3.591 -3.886 -4.765 -5.268 -5.727 -5.210 -5.436
            -6.135 -7.167 -8.583-10.110-11.646-13.540
 Iron       -5.423 -0.175 -2.080 -0.590 -1.833 -1.915 -1.786 -1.738 -2.458 -3.211 -3.984 -4.655 -5.157 -5.608 -6.002 -6.031 -5.674
            -5.953 -6.525 -7.677 -9.216-10.822-12.770
 Cobalt     -4.665 -0.173 -2.481 -1.371 -0.642 -1.810 -1.866 -1.795 -2.189 -2.680 -3.477 -3.860 -4.198 -4.726 -5.476 -5.960 -6.239
            -5.977 -6.435 -7.186 -8.471-10.120-11.599-13.614
 Nickel     -4.892 -0.172 -2.030 -0.603 -1.783 -1.852 -1.968 -1.804 -2.120 -2.472 -3.393 -3.814 -4.183 -4.689 -5.102 -5.793 -6.378
            -6.707 -6.525 -7.209 -8.097 -9.526-11.207-13.132
 Copper     -5.288 -0.188 -1.490 -0.602 -1.803 -1.887 -2.017 -1.786 -2.065 -2.347 -3.120 -4.047 -4.320 -4.800 -5.155 -5.308 -6.211
            -6.841 -7.359 -7.178 -8.053 -9.121-10.695-12.871
 Zinc       -5.485 -0.811 -0.340 -0.525 -1.445 -1.901 -2.073 -1.774 -2.043 -2.274 -3.023 -3.500 -4.069 -4.645 -5.084 -5.259 -5.567
            -6.560 -7.115 -7.840 -7.651 -8.785-10.032-11.828-13.958

               1      2      3      4      5      6      7      8      9     10     11     12     13     14     15     16     17
              18     19     20     21     22     23     24     25     26     27     28     29     30

 Hydrogen   -0.345 -0.261 -9.416 (H2)                 Log10 Mean Ionisation (over area)
 Helium     -0.341 -0.399 -0.838
 Lithium    -5.299 -0.078 -1.508 -0.877
 Beryllium  -4.366 -0.366 -0.394 -1.127 -1.043
 Boron      -6.122 -0.358 -2.050 -0.373 -1.028 -1.448
 Carbon     -5.660 -0.336 -0.825 -0.650 -0.967 -1.322 -1.986
 Nitrogen   -0.364 -1.381 -1.116 -0.502 -1.796 -1.017 -1.707 -2.505
 Oxygen     -0.342 -1.724 -0.422 -1.507 -1.494 -1.699 -1.254 -2.128 -3.006
 Fluorine   -1.353 -0.540 -0.295 -1.518 -1.372 -1.371 -1.796 -1.588 -2.552 -3.518
 Neon       -1.468 -0.615 -0.251 -1.673 -1.461 -1.243 -1.552 -2.063 -1.968 -2.960 -4.053
 Sodium     -5.216 -0.576 -0.260 -1.411 -1.524 -1.273 -1.358 -1.954 -2.512 -2.380 -3.378 -4.608
 Magnesium  -3.839 -0.476 -0.338 -1.329 -1.548 -1.349 -1.292 -1.619 -2.131 -2.702 -2.671 -3.774 -5.160
 Aluminium  -5.375 -0.505 -1.172 -0.371 -1.382 -1.245 -1.306 -1.515 -1.939 -2.573 -3.141 -3.082 -4.220 -5.726
 Silicon    -6.093 -0.322 -1.224 -1.134 -0.678 -1.336 -1.157 -1.297 -2.006 -2.585 -3.182 -3.506 -3.491 -4.702 -6.336
 Phosphorus -5.743 -0.340 -1.067 -0.658 -1.411 -1.311 -1.194 -1.233 -1.733 -2.179 -2.830 -3.404 -3.865 -3.952 -5.285 -7.059
 Sulphur    -6.279 -0.488 -0.682 -0.654 -1.138 -2.148 -1.297 -1.125 -1.511 -2.223 -2.649 -2.976 -3.585 -4.174 -4.403 -5.889 -7.822
 Chlorine   -6.046 -0.609 -0.573 -0.502 -1.365 -1.849 -2.112 -1.368 -1.401 -1.735 -2.366 -3.039 -3.539 -4.244 -4.795 -5.147 -6.757
            -8.845
 Argon      -1.102 -0.425 -1.266 -0.496 -1.225 -1.464 -1.921 -2.129 -1.529 -1.721 -2.190 -2.687 -3.124 -3.819 -4.707 -5.443 -5.912
            -7.677-10.129
 Potassium  -6.135 -0.747 -0.484 -0.595 -1.007 -1.159 -1.564 -2.034 -2.344 -1.834 -1.978 -2.461 -3.087 -3.752 -4.666 -5.451 -6.315
            -6.870 -8.787-11.604
 Calcium    -8.461 -3.683 -0.300 -0.508 -1.384 -1.240 -1.305 -1.737 -2.345 -2.615 -2.168 -2.306 -2.771 -3.296 -3.850 -4.540 -5.550
            -6.584 -7.213 -9.329-12.238
 Scandium   -8.158 -2.799 -0.353 -0.434 -1.398 -1.308 -1.400 -1.402 -2.056 -2.681 -3.057 -2.521 -2.657 -2.947 -3.671 -4.526 -5.384
            -6.470 -7.517 -8.287-10.970
 Titanium   -6.593 -0.982 -0.453 -0.929 -0.562 -1.316 -1.403 -1.409 -1.792 -2.412 -3.037 -3.204 -2.750 -2.961 -3.321 -4.003 -5.158
            -6.200 -7.514 -8.575 -9.589-12.252
 Vanadium   -5.623 -0.700 -0.561 -1.418 -0.506 -1.166 -1.391 -1.430 -1.804 -2.022 -2.831 -3.165 -3.441 -2.939 -3.253 -3.815 -4.602
            -5.954 -7.206 -8.681-10.079-11.297
 Chromium   -6.235 -0.331 -1.919 -1.257 -0.518 -1.380 -1.300 -1.400 -1.797 -1.995 -2.583 -3.237 -3.188 -3.733 -3.149 -3.338 -4.075
            -5.134 -6.308 -7.862 -9.150-11.083
 Manganese  -4.755 -0.331 -1.921 -1.167 -0.527 -1.357 -1.207 -1.616 -1.925 -2.079 -2.562 -2.712 -3.440 -3.870 -4.248 -3.681 -3.844
            -4.504 -5.513 -6.913 -8.426 -9.937-11.821
 Iron       -5.557 -0.328 -2.096 -0.472 -1.606 -1.639 -1.332 -1.181 -1.749 -2.290 -2.827 -3.327 -3.718 -4.095 -4.441 -4.441 -4.054
            -4.306 -4.861 -6.000 -7.530 -9.123-11.050
 Cobalt     -4.800 -0.326 -2.492 -1.291 -0.512 -1.510 -1.451 -1.272 -1.562 -1.910 -2.526 -2.743 -2.921 -3.321 -3.982 -4.415 -4.650
            -4.357 -4.783 -5.515 -6.788 -8.427 -9.889-11.894
 Nickel     -5.033 -0.325 -2.022 -0.486 -1.555 -1.558 -1.544 -1.293 -1.519 -1.737 -2.466 -2.721 -2.923 -3.297 -3.615 -4.236 -4.785
            -5.086 -4.881 -5.542 -6.417 -7.835 -9.498-11.412
 Copper     -5.435 -0.342 -1.571 -0.487 -1.571 -1.605 -1.599 -1.294 -1.488 -1.640 -2.219 -2.934 -3.053 -3.396 -3.663 -3.751 -4.607
            -5.219 -5.716 -5.523 -6.380 -7.436 -8.995-11.151
 Zinc       -5.635 -0.969 -0.492 -0.442 -1.370 -1.624 -1.665 -1.293 -1.482 -1.601 -2.184 -2.473 -2.868 -3.302 -3.633 -3.728 -3.981
            -4.938 -5.478 -6.187 -5.990 -7.107 -8.342-10.112-12.239

               1      2      3      4      5      6      7      8      9     10     11     12     13     14     15     16     17
              18     19     20     21     22     23     24     25     26     27     28     29     30

 Hydrogen   -0.680 -0.102 -9.752 (H2)                 Log10 Mean Ionisation (over radius)
 Helium     -0.676 -0.448 -0.364
 Lithium    -5.437 -0.266 -1.317 -0.387
 Beryllium  -4.627 -0.701 -0.463 -0.853 -0.500
 Boron      -6.378 -0.693 -2.178 -0.396 -0.669 -0.759
 Carbon     -5.954 -0.670 -0.911 -0.676 -0.670 -0.805 -1.086
 Nitrogen   -0.701 -1.684 -1.198 -0.510 -1.517 -0.613 -1.015 -1.425
 Oxygen     -0.677 -2.012 -0.457 -1.338 -1.194 -1.300 -0.702 -1.251 -1.798
 Fluorine   -1.695 -0.875 -0.401 -1.378 -1.085 -0.981 -1.292 -0.877 -1.508 -2.224
 Neon       -1.807 -0.950 -0.378 -1.553 -1.197 -0.872 -1.061 -1.410 -1.077 -1.790 -2.705
 Sodium     -5.547 -0.913 -0.402 -1.320 -1.280 -0.922 -0.883 -1.292 -1.649 -1.309 -2.111 -3.224
 Magnesium  -4.086 -0.811 -0.472 -1.265 -1.358 -1.041 -0.883 -1.049 -1.355 -1.719 -1.499 -2.449 -3.750
 Aluminium  -5.549 -0.835 -1.465 -0.487 -1.292 -0.976 -0.929 -0.988 -1.199 -1.601 -1.983 -1.793 -2.837 -4.290
 Silicon    -6.334 -0.654 -1.353 -1.239 -0.702 -1.162 -0.827 -0.813 -1.257 -1.583 -2.002 -2.212 -2.119 -3.276 -4.877
 Phosphorus -6.039 -0.672 -1.204 -0.720 -1.451 -1.194 -0.906 -0.817 -1.118 -1.305 -1.719 -2.134 -2.502 -2.537 -3.833 -5.584
 Sulphur    -6.589 -0.826 -0.932 -0.708 -1.147 -2.034 -1.070 -0.759 -0.959 -1.416 -1.617 -1.774 -2.260 -2.779 -2.969 -4.425 -6.338
 Chlorine   -6.365 -0.949 -0.861 -0.530 -1.266 -1.632 -1.848 -1.017 -0.929 -1.055 -1.413 -1.852 -2.213 -2.841 -3.355 -3.684 -5.275
            -7.344
 Argon      -1.448 -0.758 -1.445 -0.532 -1.047 -1.187 -1.568 -1.732 -1.048 -1.083 -1.338 -1.616 -1.873 -2.456 -3.284 -3.991 -4.442
            -6.189 -8.605
 Potassium  -6.464 -1.088 -0.744 -0.629 -1.056 -0.893 -1.179 -1.585 -1.832 -1.221 -1.183 -1.446 -1.866 -2.398 -3.244 -3.998 -4.843
            -5.387 -7.286-10.077
 Calcium    -8.665 -3.955 -0.616 -0.555 -1.267 -0.996 -0.920 -1.247 -1.760 -1.964 -1.395 -1.367 -1.651 -2.021 -2.475 -3.112 -4.091
            -5.110 -5.729 -7.819-10.710
 Scandium   -8.430 -3.124 -0.688 -0.499 -1.299 -1.084 -1.033 -0.918 -1.427 -1.948 -2.230 -1.590 -1.580 -1.725 -2.332 -3.115 -3.935
            -4.999 -6.033 -6.793 -9.443
 Titanium   -6.906 -1.316 -0.786 -1.014 -0.589 -1.098 -1.068 -0.941 -1.173 -1.640 -2.151 -2.239 -1.678 -1.761 -2.010 -2.613 -3.721
            -4.739 -6.035 -7.081 -8.074-10.725
 Vanadium   -5.952 -1.040 -0.888 -1.513 -0.546 -0.983 -1.068 -0.988 -1.214 -1.270 -1.913 -2.159 -2.339 -1.749 -1.953 -2.436 -3.173
            -4.495 -5.732 -7.187 -8.556 -9.770
 Chromium   -6.558 -0.666 -2.151 -1.347 -0.550 -1.195 -0.993 -0.970 -1.225 -1.258 -1.683 -2.218 -2.086 -2.537 -1.900 -2.000 -2.674
            -3.693 -4.843 -6.380 -7.648 -9.556
 Manganese  -5.084 -0.666 -2.148 -1.252 -0.556 -1.146 -0.859 -1.146 -1.320 -1.313 -1.630 -1.641 -2.238 -2.604 -2.919 -2.310 -2.424
            -3.053 -4.042 -5.430 -6.931 -8.419-10.293
 Iron       -5.869 -0.663 -2.289 -0.526 -1.546 -1.518 -1.032 -0.753 -1.116 -1.422 -1.755 -2.116 -2.421 -2.739 -3.048 -3.023 -2.612
            -2.843 -3.382 -4.511 -6.033 -7.615 -9.523
 Cobalt     -5.113 -0.660 -2.691 -1.384 -0.552 -1.366 -1.185 -0.892 -1.051 -1.230 -1.661 -1.723 -1.758 -2.047 -2.633 -3.026 -3.229
            -2.911 -3.313 -4.030 -5.294 -6.924 -8.371-10.367
 Nickel     -5.353 -0.659 -2.199 -0.541 -1.494 -1.423 -1.279 -0.933 -1.044 -1.095 -1.625 -1.722 -1.776 -2.034 -2.273 -2.839 -3.360
            -3.639 -3.417 -4.061 -4.924 -6.333 -7.982 -9.885
 Copper     -5.761 -0.677 -1.823 -0.543 -1.510 -1.485 -1.343 -0.955 -1.039 -1.026 -1.393 -1.912 -1.897 -2.129 -2.321 -2.357 -3.175
            -3.773 -4.253 -4.051 -4.893 -5.940 -7.486 -9.624
 Zinc       -5.965 -1.309 -0.824 -0.521 -1.403 -1.511 -1.423 -0.968 -1.058 -1.033 -1.431 -1.538 -1.775 -2.084 -2.323 -2.354 -2.562
            -3.492 -4.021 -4.717 -4.513 -5.616 -6.842 -8.589-10.711

               1      2      3      4      5      6      7      8      9     10     11     12     13     14     15     16     17
              18     19     20     21     22     23     24     25     26     27     28     29     30

 Hydrogen   -1.486 -0.014-10.559 (H2)         Log10 Mean Ionisation (over volume*electron density)
 Helium     -1.503 -0.113 -0.703
 Lithium    -5.084 -0.115 -1.268 -0.749
 Beryllium  -4.436 -1.447 -0.136 -0.924 -0.941
 Boron      -6.215 -1.419 -1.763 -0.116 -0.851 -1.424
 Carbon     -6.074 -1.421 -0.555 -0.352 -0.766 -1.223 -2.119
 Nitrogen   -1.529 -1.930 -0.811 -0.207 -1.589 -0.864 -1.706 -2.812
 Oxygen     -1.492 -2.033 -0.123 -1.256 -1.298 -1.555 -1.188 -2.260 -3.465
 Fluorine   -2.529 -1.661 -0.126 -1.260 -1.169 -1.223 -1.713 -1.625 -2.840 -4.092
 Neon       -2.642 -1.735 -0.125 -1.410 -1.246 -1.082 -1.458 -2.072 -2.145 -3.392 -4.704
 Sodium     -6.320 -1.701 -0.150 -1.141 -1.303 -1.101 -1.252 -1.968 -2.685 -2.734 -3.937 -5.316
 Magnesium  -3.791 -1.479 -0.185 -1.053 -1.308 -1.155 -1.149 -1.569 -2.228 -2.978 -3.129 -4.408 -5.904
 Aluminium  -5.103 -1.321 -1.582 -0.196 -1.112 -1.033 -1.146 -1.437 -2.005 -2.837 -3.591 -3.676 -4.934 -6.507
 Silicon    -6.114 -1.320 -0.913 -0.823 -0.380 -1.090 -0.973 -1.190 -2.067 -2.876 -3.663 -4.114 -4.193 -5.472 -7.146
 Phosphorus -6.087 -1.335 -0.864 -0.355 -1.111 -1.049 -0.991 -1.091 -1.704 -2.347 -3.226 -3.978 -4.552 -4.706 -6.088 -7.891
 Sulphur    -6.729 -1.545 -0.879 -0.351 -0.844 -1.883 -1.069 -0.958 -1.443 -2.339 -2.975 -3.479 -4.227 -4.902 -5.179 -6.706 -8.665
 Chlorine   -6.619 -1.694 -0.993 -0.203 -1.096 -1.618 -1.900 -1.197 -1.294 -1.753 -2.599 -3.508 -4.177 -4.982 -5.582 -5.962 -7.596
            -9.707
 Argon      -2.276 -1.570 -1.089 -0.196 -0.979 -1.259 -1.754 -1.986 -1.435 -1.728 -2.355 -3.047 -3.673 -4.504 -5.469 -6.242 -6.735
            -8.523-11.015
 Potassium  -6.908 -1.762 -0.708 -0.295 -1.059 -0.948 -1.415 -1.923 -2.272 -1.830 -2.106 -2.768 -3.595 -4.421 -5.425 -6.253 -7.142
            -7.710 -9.651-12.494
 Calcium    -8.230 -3.843 -1.002 -0.208 -1.120 -1.018 -1.153 -1.649 -2.320 -2.639 -2.289 -2.566 -3.192 -3.877 -4.550 -5.311 -6.359
            -7.412 -8.054-10.200-13.128
 Scandium   -8.298 -3.647 -1.458 -0.162 -1.144 -1.079 -1.237 -1.306 -2.058 -2.761 -3.222 -2.781 -3.052 -3.479 -4.330 -5.274 -6.180
            -7.295 -8.358 -9.142-11.860
 Titanium   -7.194 -2.064 -1.471 -0.623 -0.296 -1.084 -1.223 -1.302 -1.782 -2.520 -3.247 -3.492 -3.144 -3.480 -3.953 -4.725 -5.941
            -7.013 -8.350 -9.428-10.466-13.143
 Vanadium   -6.478 -1.840 -1.519 -1.111 -0.207 -0.922 -1.206 -1.308 -1.775 -2.109 -3.069 -3.485 -3.860 -3.445 -3.877 -4.527 -5.374
            -6.764 -8.036 -9.536-10.964-12.187
 Chromium   -7.101 -1.474 -1.768 -0.949 -0.219 -1.136 -1.107 -1.272 -1.755 -2.072 -2.803 -3.571 -3.610 -4.252 -3.721 -4.006 -4.816
            -5.923 -7.126 -8.702-10.014-11.973
 Manganese  -5.812 -1.469 -1.749 -0.860 -0.229 -1.121 -1.034 -1.513 -1.908 -2.184 -2.809 -3.088 -3.953 -4.452 -4.906 -4.387 -4.610
            -5.308 -6.339 -7.755 -9.281-10.816-12.711
 Iron       -6.156 -1.454 -1.859 -0.170 -1.329 -1.376 -1.134 -1.048 -1.734 -2.450 -3.191 -3.845 -4.339 -4.786 -5.177 -5.205 -4.847
            -5.125 -5.697 -6.849 -8.387 -9.993-11.940
 Cobalt     -5.378 -1.411 -2.201 -0.984 -0.213 -1.253 -1.238 -1.115 -1.480 -1.941 -2.707 -3.069 -3.390 -3.909 -4.655 -5.137 -5.413
            -5.151 -5.607 -6.357 -7.642 -9.291-10.770-12.785
 Nickel     -5.768 -1.401 -1.717 -0.183 -1.278 -1.299 -1.331 -1.126 -1.416 -1.740 -2.627 -3.025 -3.377 -3.874 -4.281 -4.969 -5.553
            -5.880 -5.697 -6.381 -7.268 -8.697-10.378-12.302
 Copper     -6.399 -1.493 -1.585 -0.184 -1.294 -1.342 -1.381 -1.115 -1.368 -1.621 -2.359 -3.257 -3.514 -3.983 -4.333 -4.484 -5.385
            -6.014 -6.531 -6.350 -7.225 -8.293 -9.866-12.041
 Zinc       -6.674 -2.132 -1.540 -0.176 -1.237 -1.359 -1.442 -1.108 -1.350 -1.555 -2.271 -2.719 -3.268 -3.833 -4.265 -4.436 -4.742
            -5.733 -6.287 -7.013 -6.823 -7.957 -9.204-10.999-13.129

               1      2      3      4      5      6      7      8      9     10     11     12     13     14     15     16     17
              18     19     20     21     22     23     24     25     26     27     28     29     30

 Hydrogen   -1.866 -0.006-10.940 (H2)         Log10 Mean Ionisation (over area*electron density)
 Helium     -1.888 -0.230 -0.399
 Lithium    -5.259 -0.250 -1.163 -0.433
 Beryllium  -4.693 -1.808 -0.260 -0.749 -0.590
 Boron      -6.452 -1.774 -1.958 -0.205 -0.618 -0.969
 Carbon     -6.312 -1.776 -0.701 -0.454 -0.579 -0.869 -1.472
 Nitrogen   -1.917 -2.221 -0.968 -0.294 -1.407 -0.592 -1.221 -1.967
 Oxygen     -1.875 -2.299 -0.233 -1.169 -1.088 -1.258 -0.784 -1.613 -2.456
 Fluorine   -2.922 -2.025 -0.249 -1.197 -0.971 -0.933 -1.332 -1.091 -2.016 -2.961
 Neon       -3.034 -2.098 -0.252 -1.366 -1.069 -0.811 -1.091 -1.572 -1.445 -2.412 -3.492
 Sodium     -6.687 -2.067 -0.287 -1.125 -1.142 -0.848 -0.902 -1.462 -1.990 -1.837 -2.822 -4.046
 Magnesium  -4.054 -1.820 -0.330 -1.063 -1.196 -0.938 -0.852 -1.145 -1.621 -2.167 -2.120 -3.214 -4.596
 Aluminium  -5.334 -1.625 -1.809 -0.331 -1.099 -0.853 -0.876 -1.050 -1.436 -2.039 -2.591 -2.523 -3.657 -5.161
 Silicon    -6.344 -1.659 -1.113 -1.000 -0.477 -1.001 -0.745 -0.844 -1.504 -2.048 -2.630 -2.947 -2.928 -4.137 -5.770
 Phosphorus -6.352 -1.665 -1.035 -0.489 -1.224 -1.012 -0.797 -0.796 -1.253 -1.658 -2.283 -2.847 -3.303 -3.388 -4.720 -6.493
 Sulphur    -7.017 -1.902 -1.068 -0.479 -0.928 -1.854 -0.934 -0.702 -1.044 -1.710 -2.109 -2.423 -3.025 -3.611 -3.838 -5.323 -7.256
 Chlorine   -6.916 -2.061 -1.209 -0.308 -1.081 -1.488 -1.730 -0.945 -0.947 -1.242 -1.836 -2.487 -2.979 -3.681 -4.230 -4.581 -6.190
            -8.278
 Argon      -2.672 -1.950 -1.300 -0.307 -0.884 -1.072 -1.497 -1.690 -1.069 -1.231 -1.669 -2.144 -2.568 -3.257 -4.142 -4.877 -5.346
            -7.110 -9.561
 Potassium  -7.221 -2.108 -0.904 -0.404 -1.017 -0.776 -1.129 -1.582 -1.876 -1.347 -1.462 -1.923 -2.533 -3.190 -4.101 -4.886 -5.749
            -6.303 -8.220-11.036
 Calcium    -8.486 -4.090 -1.243 -0.329 -1.084 -0.869 -0.872 -1.276 -1.863 -2.120 -1.653 -1.772 -2.223 -2.738 -3.287 -3.976 -4.984
            -6.017 -6.646 -8.761-11.670
 Scandium   -8.581 -3.970 -1.822 -0.288 -1.118 -0.947 -0.973 -0.944 -1.567 -2.175 -2.535 -1.987 -2.111 -2.392 -3.110 -3.962 -4.819
            -5.904 -6.950 -7.721-10.402
 Titanium   -7.496 -2.430 -1.815 -0.780 -0.385 -0.957 -0.991 -0.955 -1.307 -1.900 -2.509 -2.667 -2.204 -2.407 -2.761 -3.439 -4.593
            -5.634 -6.948 -8.008 -9.022-11.685
 Vanadium   -6.804 -2.223 -1.856 -1.278 -0.321 -0.828 -0.983 -0.983 -1.324 -1.514 -2.300 -2.625 -2.893 -2.385 -2.693 -3.252 -4.037
            -5.388 -6.640 -8.114 -9.511-10.730
 Chromium   -7.426 -1.854 -2.039 -1.113 -0.326 -1.037 -0.899 -0.955 -1.320 -1.489 -2.054 -2.696 -2.640 -3.178 -2.592 -2.776 -3.511
            -4.569 -5.742 -7.295 -8.583-10.515
 Manganese  -6.170 -1.848 -2.018 -1.018 -0.333 -0.999 -0.786 -1.159 -1.440 -1.567 -2.030 -2.167 -2.886 -3.313 -3.688 -3.118 -3.280
            -3.939 -4.947 -6.347 -7.859 -9.369-11.253
 Iron       -6.458 -1.830 -2.105 -0.297 -1.344 -1.335 -0.927 -0.737 -1.265 -1.770 -2.284 -2.773 -3.159 -3.533 -3.878 -3.876 -3.489
            -3.740 -4.294 -5.434 -6.963 -8.556-10.483
 Cobalt     -5.678 -1.777 -2.467 -1.149 -0.327 -1.189 -1.062 -0.839 -1.098 -1.414 -2.002 -2.202 -2.369 -2.763 -3.420 -3.852 -4.086
            -3.792 -4.217 -4.948 -6.221 -7.860 -9.322-11.327
 Nickel     -6.080 -1.765 -1.962 -0.311 -1.292 -1.243 -1.152 -0.865 -1.063 -1.247 -1.945 -2.182 -2.373 -2.740 -3.054 -3.672 -4.221
            -4.520 -4.315 -4.976 -5.850 -7.267 -8.931-10.844
 Copper     -6.739 -1.876 -1.842 -0.314 -1.307 -1.299 -1.210 -0.873 -1.037 -1.157 -1.702 -2.394 -2.502 -2.838 -3.101 -3.188 -4.042
            -4.653 -5.150 -4.957 -5.813 -6.869 -8.428-10.583
 Zinc       -7.028 -2.521 -1.875 -0.311 -1.266 -1.323 -1.282 -0.876 -1.037 -1.125 -1.676 -1.941 -2.321 -2.747 -3.073 -3.166 -3.416
            -4.372 -4.913 -5.621 -5.423 -6.540 -7.775 -9.545-11.671

               1      2      3      4      5      6      7      8      9     10     11     12     13     14     15     16     17
              18     19     20     21     22     23     24     25     26     27     28     29     30

 Hydrogen   -2.433 -0.002-11.511 (H2)         Log10 Mean Ionisation (over radius*electron density)
 Helium     -2.462 -0.521 -0.158
 Lithium    -5.615 -0.560 -1.222 -0.178
 Beryllium  -5.143 -2.351 -0.558 -0.714 -0.279
 Boron      -6.875 -2.314 -2.325 -0.436 -0.498 -0.514
 Carbon     -6.725 -2.308 -1.018 -0.726 -0.520 -0.590 -0.817
 Nitrogen   -2.494 -2.704 -1.291 -0.544 -1.373 -0.427 -0.770 -1.144
 Oxygen     -2.447 -2.748 -0.515 -1.248 -1.042 -1.115 -0.480 -0.985 -1.510
 Fluorine   -3.505 -2.566 -0.545 -1.308 -0.938 -0.799 -1.081 -0.629 -1.229 -1.933
 Neon       -3.616 -2.638 -0.553 -1.501 -1.061 -0.696 -0.853 -1.172 -0.810 -1.504 -2.412
 Sodium     -7.242 -2.611 -0.602 -1.292 -1.153 -0.752 -0.679 -1.052 -1.384 -1.029 -1.821 -2.930
 Magnesium  -4.514 -2.342 -0.656 -1.259 -1.262 -0.887 -0.697 -0.825 -1.100 -1.444 -1.212 -2.157 -3.456
 Aluminium  -5.757 -2.112 -2.215 -0.646 -1.262 -0.839 -0.752 -0.772 -0.948 -1.327 -1.698 -1.502 -2.543 -3.994
 Silicon    -6.760 -2.180 -1.499 -1.362 -0.757 -1.075 -0.666 -0.606 -1.005 -1.307 -1.716 -1.921 -1.825 -2.981 -4.581
 Phosphorus -6.806 -2.171 -1.387 -0.805 -1.518 -1.143 -0.762 -0.629 -0.885 -1.039 -1.436 -1.844 -2.209 -2.242 -3.537 -5.288
 Sulphur    -7.500 -2.444 -1.429 -0.784 -1.186 -1.980 -0.953 -0.585 -0.737 -1.157 -1.339 -1.486 -1.968 -2.485 -2.674 -4.129 -6.041
 Chlorine   -7.408 -2.613 -1.595 -0.582 -1.218 -1.518 -1.712 -0.848 -0.725 -0.812 -1.140 -1.566 -1.920 -2.547 -3.059 -3.387 -4.978
            -7.047
 Argon      -3.256 -2.519 -1.691 -0.592 -0.955 -1.045 -1.398 -1.549 -0.843 -0.846 -1.074 -1.335 -1.583 -2.162 -2.989 -3.695 -4.146
            -5.892 -8.308
 Potassium  -7.725 -2.634 -1.275 -0.688 -1.130 -0.756 -1.000 -1.387 -1.620 -0.989 -0.926 -1.169 -1.578 -2.105 -2.949 -3.702 -4.547
            -5.090 -6.989 -9.779
 Calcium    -8.938 -4.527 -1.649 -0.625 -1.212 -0.868 -0.740 -1.039 -1.533 -1.726 -1.140 -1.096 -1.368 -1.731 -2.182 -2.817 -3.795
            -4.814 -5.433 -7.522-10.413
 Scandium   -9.063 -4.483 -2.367 -0.588 -1.254 -0.965 -0.858 -0.712 -1.193 -1.698 -1.969 -1.319 -1.299 -1.436 -2.039 -2.820 -3.640
            -4.703 -5.736 -6.496 -9.145
 Titanium   -7.993 -2.984 -2.341 -1.115 -0.641 -0.983 -0.903 -0.739 -0.940 -1.385 -1.885 -1.966 -1.397 -1.473 -1.719 -2.319 -3.426
            -4.443 -5.738 -6.785 -7.777-10.428
 Vanadium   -7.321 -2.794 -2.379 -1.623 -0.609 -0.885 -0.908 -0.792 -0.985 -1.018 -1.644 -1.883 -2.057 -1.462 -1.662 -2.143 -2.878
            -4.199 -5.435 -6.890 -8.258 -9.473
 Chromium   -7.943 -2.423 -2.508 -1.454 -0.606 -1.097 -0.838 -0.777 -1.001 -1.007 -1.414 -1.941 -1.803 -2.250 -1.611 -1.708 -2.379
            -3.397 -4.547 -6.083 -7.351 -9.258
 Manganese  -6.717 -2.416 -2.485 -1.353 -0.611 -1.035 -0.691 -0.943 -1.090 -1.059 -1.359 -1.360 -1.951 -2.314 -2.626 -2.017 -2.129
            -2.757 -3.746 -5.133 -6.634 -8.122 -9.996
 Iron       -6.954 -2.395 -2.541 -0.602 -1.536 -1.460 -0.881 -0.560 -0.880 -1.157 -1.474 -1.829 -2.129 -2.446 -2.753 -2.728 -2.317
            -2.546 -3.086 -4.214 -5.736 -7.318 -9.225
 Cobalt     -6.174 -2.331 -2.929 -1.494 -0.617 -1.294 -1.047 -0.714 -0.838 -0.987 -1.396 -1.445 -1.472 -1.757 -2.340 -2.732 -2.934
            -2.616 -3.017 -3.734 -4.997 -6.626 -8.073-10.070
 Nickel     -6.585 -2.316 -2.398 -0.619 -1.485 -1.357 -1.143 -0.761 -0.840 -0.857 -1.362 -1.446 -1.492 -1.744 -1.980 -2.544 -3.065
            -3.343 -3.121 -3.764 -4.627 -6.036 -7.684 -9.587
 Copper     -7.269 -2.448 -2.289 -0.623 -1.502 -1.430 -1.211 -0.791 -0.842 -0.793 -1.131 -1.634 -1.612 -1.838 -2.028 -2.063 -2.879
            -3.477 -3.957 -3.755 -4.597 -5.643 -7.189 -9.326
 Zinc       -7.570 -3.099 -2.379 -0.625 -1.472 -1.462 -1.297 -0.808 -0.867 -0.809 -1.179 -1.267 -1.493 -1.796 -2.032 -2.061 -2.267
            -3.196 -3.726 -4.420 -4.216 -5.320 -6.545 -8.291-10.414

               1      2      3      4      5      6      7      8      9     10     11     12     13     14     15     16     17
              18     19     20     21     22     23     24     25     26     27     28     29     30

 Hydrogen    3.930  4.464  3.930 (H2)                  Log10 Mean Temperature (over volume)
 Helium      3.929  4.415  4.741
 Lithium     4.286  4.141  4.658  4.748
 Beryllium   4.060  3.931  4.375  4.670  4.747
 Boron       4.067  3.932  4.320  4.402  4.700  4.753
 Carbon      3.989  3.932  4.366  4.450  4.673  4.738  4.783
 Nitrogen    3.929  3.957  4.387  4.463  4.682  4.699  4.754  4.821
 Oxygen      3.930  3.990  4.440  4.644  4.717  4.740  4.748  4.784  4.856
 Fluorine    3.929  3.931  4.287  4.626  4.719  4.744  4.745  4.766  4.821  4.880
 Neon        3.929  3.931  4.248  4.609  4.721  4.746  4.747  4.762  4.800  4.855  4.895
 Sodium      3.931  3.931  4.231  4.571  4.711  4.747  4.748  4.765  4.801  4.843  4.881  4.905
 Magnesium   4.095  3.934  4.262  4.539  4.678  4.742  4.746  4.754  4.782  4.826  4.864  4.894  4.911
 Aluminium   4.275  3.944  3.999  4.287  4.560  4.718  4.743  4.750  4.774  4.822  4.863  4.888  4.906  4.917
 Silicon     4.096  3.934  4.356  4.386  4.459  4.630  4.730  4.746  4.774  4.828  4.870  4.891  4.905  4.915  4.921
 Phosphorus  3.992  3.935  4.281  4.423  4.443  4.577  4.716  4.740  4.756  4.798  4.852  4.884  4.902  4.912  4.920  4.925
 Sulphur     3.967  3.932  4.059  4.430  4.467  4.562  4.662  4.731  4.750  4.786  4.838  4.874  4.896  4.908  4.916  4.922  4.926
 Chlorine    3.954  3.931  3.997  4.448  4.552  4.657  4.676  4.731  4.743  4.764  4.813  4.864  4.894  4.910  4.917  4.922  4.926
             4.930
 Argon       3.929  3.930  4.217  4.443  4.642  4.689  4.723  4.727  4.741  4.760  4.799  4.845  4.880  4.902  4.913  4.919  4.923
             4.927  4.934
 Potassium   3.941  3.933  4.049  4.448  4.209  4.679  4.730  4.736  4.743  4.758  4.791  4.834  4.873  4.899  4.913  4.920  4.924
             4.926  4.930  4.935
 Calcium     4.196  4.042  3.958  4.431  4.582  4.661  4.729  4.742  4.755  4.765  4.792  4.828  4.861  4.886  4.904  4.915  4.921
             4.924  4.926  4.932  4.935
 Scandium    4.003  3.938  3.931  4.391  4.547  4.652  4.729  4.743  4.761  4.780  4.803  4.828  4.859  4.881  4.898  4.911  4.919
             4.923  4.926  4.928  4.935
 Titanium    3.949  3.931  3.933  4.395  4.422  4.654  4.706  4.742  4.758  4.786  4.813  4.833  4.858  4.880  4.895  4.908  4.917
             4.921  4.925  4.928  4.933  4.935
 Vanadium    3.937  3.929  3.935  4.386  4.437  4.624  4.705  4.735  4.754  4.780  4.820  4.839  4.861  4.877  4.894  4.906  4.915
             4.921  4.924  4.928  4.934  4.935
 Chromium    3.937  3.930  4.118  4.391  4.446  4.640  4.696  4.738  4.752  4.777  4.815  4.843  4.862  4.879  4.887  4.901  4.911
             4.918  4.922  4.926  4.930  4.935
 Manganese   3.932  3.930  4.132  4.398  4.448  4.660  4.723  4.743  4.756  4.785  4.822  4.851  4.877  4.887  4.899  4.905  4.914
             4.920  4.924  4.926  4.929  4.933  4.935
 Iron        3.949  3.930  4.196  4.426  4.537  4.594  4.731  4.746  4.759  4.796  4.844  4.876  4.893  4.903  4.910  4.914  4.918
             4.922  4.925  4.927  4.929  4.931  4.935
 Cobalt      3.950  3.931  4.204  4.387  4.439  4.619  4.702  4.740  4.748  4.767  4.804  4.839  4.869  4.888  4.900  4.908  4.914
             4.918  4.923  4.926  4.928  4.930  4.933  4.935
 Nickel      3.942  3.931  4.260  4.427  4.536  4.613  4.720  4.743  4.746  4.761  4.799  4.834  4.866  4.886  4.899  4.909  4.914
             4.919  4.922  4.926  4.928  4.930  4.933  4.935
 Copper      3.934  3.930  4.073  4.426  4.538  4.601  4.719  4.741  4.745  4.757  4.792  4.837  4.866  4.888  4.900  4.909  4.916
             4.919  4.922  4.924  4.927  4.929  4.931  4.935
 Zinc        3.932  3.929  3.934  4.375  4.322  4.595  4.716  4.739  4.745  4.753  4.780  4.820  4.856  4.879  4.895  4.906  4.914
             4.919  4.921  4.924  4.925  4.928  4.930  4.935  4.935

               1      2      3      4      5      6      7      8      9     10     11     12     13     14     15     16     17
              18     19     20     21     22     23     24     25     26     27     28     29     30

 Hydrogen    3.931  4.549  3.931 (H2)                  Log10 Mean Temperature (over area)
 Helium      3.930  4.447  4.753
 Lithium     4.334  4.230  4.675  4.758
 Beryllium   4.092  3.934  4.418  4.704  4.761
 Boron       4.110  3.934  4.349  4.460  4.722  4.781
 Carbon      4.020  3.934  4.405  4.475  4.702  4.755  4.822
 Nitrogen    3.930  3.967  4.418  4.494  4.711  4.727  4.783  4.858
 Oxygen      3.931  4.013  4.467  4.679  4.730  4.742  4.760  4.819  4.882
 Fluorine    3.930  3.933  4.362  4.656  4.733  4.744  4.753  4.789  4.853  4.897
 Neon        3.930  3.933  4.330  4.634  4.732  4.746  4.754  4.780  4.828  4.878  4.906
 Sodium      3.932  3.933  4.309  4.593  4.724  4.746  4.753  4.784  4.826  4.864  4.895  4.912
 Magnesium   4.123  3.937  4.328  4.554  4.691  4.742  4.747  4.767  4.807  4.849  4.881  4.903  4.916
 Aluminium   4.295  3.951  4.035  4.352  4.584  4.726  4.745  4.760  4.799  4.847  4.879  4.898  4.912  4.920
 Silicon     4.143  3.938  4.370  4.399  4.473  4.655  4.736  4.755  4.800  4.853  4.883  4.899  4.910  4.918  4.923
 Phosphorus  4.016  3.939  4.330  4.438  4.459  4.604  4.724  4.746  4.774  4.826  4.871  4.896  4.909  4.916  4.922  4.926
 Sulphur     3.980  3.934  4.119  4.448  4.488  4.599  4.685  4.738  4.764  4.813  4.859  4.886  4.904  4.914  4.919  4.924  4.927
 Chlorine    3.964  3.933  4.036  4.475  4.594  4.685  4.700  4.736  4.750  4.785  4.841  4.882  4.903  4.915  4.920  4.924  4.927
             4.930
 Argon       3.930  3.931  4.261  4.466  4.672  4.710  4.730  4.734  4.748  4.777  4.823  4.865  4.893  4.909  4.918  4.922  4.925
             4.928  4.934
 Potassium   3.947  3.936  4.105  4.469  4.391  4.704  4.736  4.743  4.752  4.772  4.812  4.855  4.888  4.907  4.917  4.922  4.925
             4.927  4.930  4.935
 Calcium     4.214  4.079  3.978  4.454  4.618  4.692  4.737  4.751  4.768  4.781  4.810  4.845  4.874  4.896  4.910  4.919  4.923
             4.926  4.927  4.932  4.935
 Scandium    4.017  3.941  3.933  4.428  4.601  4.686  4.737  4.751  4.778  4.801  4.823  4.845  4.870  4.890  4.906  4.916  4.922
             4.925  4.927  4.929  4.935
 Titanium    3.955  3.932  3.936  4.416  4.468  4.687  4.725  4.749  4.775  4.809  4.834  4.851  4.870  4.888  4.902  4.913  4.920
             4.924  4.927  4.929  4.933  4.935
 Vanadium    3.940  3.931  3.938  4.405  4.461  4.662  4.724  4.744  4.769  4.803  4.840  4.857  4.874  4.886  4.901  4.911  4.918
             4.923  4.926  4.929  4.934  4.935
 Chromium    3.940  3.931  4.136  4.411  4.469  4.675  4.719  4.745  4.765  4.800  4.837  4.860  4.874  4.887  4.894  4.906  4.915
             4.920  4.924  4.927  4.930  4.935
 Manganese   3.933  3.931  4.150  4.418  4.472  4.690  4.734  4.750  4.772  4.807  4.842  4.867  4.887  4.896  4.905  4.910  4.917
             4.922  4.925  4.927  4.929  4.933  4.935
 Iron        3.956  3.931  4.220  4.446  4.564  4.628  4.737  4.749  4.778  4.825  4.866  4.888  4.900  4.908  4.913  4.917  4.921
             4.924  4.926  4.928  4.930  4.932  4.935
 Cobalt      3.958  3.932  4.211  4.406  4.460  4.652  4.720  4.743  4.756  4.787  4.828  4.858  4.881  4.897  4.907  4.913  4.917
             4.921  4.925  4.927  4.929  4.931  4.934  4.935
 Nickel      3.947  3.933  4.272  4.445  4.563  4.645  4.731  4.744  4.752  4.779  4.823  4.854  4.879  4.895  4.906  4.914  4.918
             4.921  4.924  4.927  4.929  4.930  4.933  4.935
 Copper      3.936  3.931  4.106  4.443  4.561  4.632  4.730  4.742  4.749  4.773  4.818  4.858  4.880  4.896  4.906  4.914  4.919
             4.921  4.924  4.925  4.928  4.930  4.932  4.935
 Zinc        3.934  3.930  3.938  4.411  4.435  4.624  4.727  4.741  4.747  4.765  4.803  4.842  4.871  4.889  4.902  4.911  4.917
             4.921  4.923  4.925  4.926  4.928  4.930  4.935  4.935

               1      2      3      4      5      6      7      8      9     10     11     12     13     14     15     16     17
              18     19     20     21     22     23     24     25     26     27     28     29     30

 Hydrogen    3.932  4.671  3.932 (H2)                  Log10 Mean Temperature (over radius)
 Helium      3.932  4.478  4.784
 Lithium     4.375  4.321  4.693  4.787
 Beryllium   4.126  3.936  4.456  4.726  4.798
 Boron       4.158  3.937  4.386  4.522  4.745  4.826
 Carbon      4.066  3.938  4.444  4.505  4.726  4.783  4.861
 Nitrogen    3.931  3.979  4.457  4.531  4.728  4.752  4.821  4.884
 Oxygen      3.932  4.045  4.497  4.704  4.737  4.748  4.784  4.855  4.899
 Fluorine    3.931  3.936  4.425  4.680  4.739  4.747  4.768  4.820  4.879  4.908
 Neon        3.931  3.936  4.400  4.655  4.738  4.748  4.767  4.804  4.854  4.894  4.913
 Sodium      3.934  3.936  4.377  4.611  4.732  4.747  4.766  4.807  4.848  4.881  4.904  4.917
 Magnesium   4.149  3.942  4.383  4.568  4.703  4.743  4.754  4.787  4.832  4.868  4.893  4.910  4.919
 Aluminium   4.314  3.962  4.082  4.404  4.605  4.731  4.749  4.778  4.825  4.866  4.891  4.906  4.916  4.922
 Silicon     4.192  3.942  4.385  4.414  4.489  4.677  4.742  4.772  4.829  4.871  4.893  4.906  4.915  4.921  4.925
 Phosphorus  4.045  3.945  4.374  4.455  4.476  4.630  4.732  4.757  4.800  4.851  4.886  4.904  4.914  4.920  4.924  4.927
 Sulphur     3.995  3.937  4.195  4.469  4.513  4.634  4.705  4.747  4.787  4.839  4.875  4.896  4.910  4.917  4.922  4.926  4.928
 Chlorine    3.975  3.935  4.092  4.506  4.634  4.705  4.717  4.741  4.764  4.812  4.864  4.895  4.910  4.918  4.923  4.926  4.928
             4.931
 Argon       3.931  3.932  4.308  4.493  4.694  4.722  4.736  4.741  4.760  4.799  4.846  4.881  4.902  4.914  4.921  4.924  4.926
             4.929  4.935
 Potassium   3.953  3.941  4.176  4.492  4.549  4.720  4.741  4.752  4.764  4.791  4.833  4.873  4.899  4.913  4.921  4.924  4.927
             4.928  4.931  4.935
 Calcium     4.231  4.121  4.012  4.479  4.650  4.714  4.744  4.762  4.784  4.800  4.828  4.860  4.886  4.904  4.915  4.921  4.925
             4.927  4.928  4.932  4.935
 Scandium    4.030  3.946  3.936  4.463  4.641  4.710  4.744  4.764  4.797  4.821  4.839  4.858  4.880  4.898  4.912  4.919  4.924
             4.927  4.928  4.930  4.935
 Titanium    3.963  3.934  3.940  4.441  4.510  4.710  4.737  4.761  4.796  4.829  4.851  4.864  4.879  4.895  4.908  4.917  4.922
             4.925  4.928  4.930  4.933  4.935
 Vanadium    3.944  3.932  3.942  4.429  4.488  4.691  4.736  4.756  4.789  4.825  4.856  4.870  4.883  4.894  4.906  4.915  4.921
             4.925  4.927  4.930  4.934  4.935
 Chromium    3.944  3.932  4.152  4.434  4.495  4.700  4.732  4.754  4.784  4.822  4.854  4.872  4.883  4.894  4.900  4.910  4.918
             4.923  4.926  4.928  4.931  4.935
 Manganese   3.935  3.932  4.167  4.440  4.498  4.711  4.741  4.760  4.791  4.828  4.859  4.879  4.895  4.902  4.909  4.914  4.920
             4.924  4.926  4.928  4.930  4.933  4.935
 Iron        3.963  3.933  4.247  4.466  4.589  4.657  4.742  4.759  4.803  4.850  4.880  4.896  4.906  4.912  4.916  4.919  4.922
             4.925  4.927  4.929  4.930  4.932  4.935
 Cobalt      3.965  3.934  4.219  4.429  4.483  4.677  4.731  4.748  4.772  4.810  4.848  4.873  4.891  4.904  4.912  4.916  4.920
             4.923  4.926  4.928  4.930  4.931  4.934  4.935
 Nickel      3.953  3.934  4.288  4.464  4.586  4.671  4.736  4.746  4.764  4.802  4.843  4.870  4.889  4.903  4.911  4.918  4.921
             4.923  4.926  4.928  4.930  4.931  4.933  4.935
 Copper      3.939  3.932  4.141  4.462  4.581  4.657  4.735  4.744  4.759  4.796  4.841  4.873  4.890  4.903  4.911  4.917  4.921
             4.923  4.925  4.927  4.929  4.930  4.932  4.935
 Zinc        3.936  3.931  3.944  4.442  4.515  4.648  4.733  4.743  4.754  4.784  4.826  4.860  4.882  4.897  4.907  4.915  4.920
             4.923  4.925  4.926  4.927  4.929  4.931  4.935  4.935

               1      2      3      4      5      6      7      8      9     10     11     12     13     14     15     16     17
              18     19     20     21     22     23     24     25     26     27     28     29     30

 Hydrogen    3.950  4.530  3.941 (H2)          Log10 Mean Temperature (over volume*electron density)
 Helium      3.939  4.452  4.745
 Lithium     4.391  4.428  4.670  4.749
 Beryllium   4.245  4.005  4.443  4.703  4.749
 Boron       4.289  4.013  4.360  4.475  4.713  4.758
 Carbon      4.270  4.015  4.423  4.469  4.692  4.743  4.789
 Nitrogen    3.934  4.124  4.412  4.487  4.704  4.715  4.760  4.827
 Oxygen      3.940  4.188  4.461  4.671  4.728  4.741  4.750  4.789  4.859
 Fluorine    3.932  3.994  4.445  4.649  4.731  4.743  4.746  4.770  4.825  4.881
 Neon        3.932  4.000  4.439  4.629  4.730  4.746  4.748  4.765  4.804  4.857  4.896
 Sodium      3.968  3.997  4.429  4.588  4.723  4.746  4.748  4.768  4.805  4.846  4.882  4.905
 Magnesium   4.232  4.061  4.423  4.551  4.688  4.743  4.746  4.755  4.786  4.829  4.865  4.894  4.911
 Aluminium   4.318  4.153  4.314  4.434  4.578  4.724  4.743  4.751  4.778  4.825  4.864  4.889  4.906  4.917
 Silicon     4.299  4.056  4.369  4.397  4.470  4.648  4.733  4.747  4.778  4.832  4.871  4.891  4.905  4.915  4.921
 Phosphorus  4.223  4.081  4.395  4.436  4.455  4.596  4.721  4.742  4.759  4.802  4.854  4.885  4.902  4.912  4.920  4.925
 Sulphur     4.151  4.010  4.364  4.444  4.483  4.589  4.678  4.734  4.753  4.791  4.841  4.875  4.896  4.909  4.916  4.922  4.926
 Chlorine    4.125  3.991  4.319  4.469  4.583  4.678  4.693  4.734  4.744  4.767  4.817  4.866  4.895  4.910  4.917  4.922  4.926
             4.930
 Argon       3.935  3.947  4.334  4.461  4.664  4.704  4.728  4.731  4.742  4.763  4.803  4.847  4.881  4.902  4.914  4.919  4.923
             4.927  4.934
 Potassium   4.079  4.051  4.358  4.464  4.608  4.697  4.733  4.738  4.745  4.760  4.794  4.837  4.874  4.899  4.913  4.920  4.924
             4.926  4.930  4.935
 Calcium     4.251  4.271  4.270  4.450  4.610  4.683  4.734  4.744  4.757  4.768  4.795  4.831  4.862  4.887  4.905  4.915  4.921
             4.924  4.926  4.932  4.935
 Scandium    4.114  4.045  3.992  4.444  4.603  4.677  4.734  4.745  4.764  4.783  4.806  4.831  4.860  4.881  4.899  4.911  4.919
             4.923  4.926  4.928  4.935
 Titanium    4.071  3.969  4.043  4.413  4.482  4.679  4.719  4.744  4.761  4.790  4.816  4.836  4.859  4.880  4.896  4.908  4.917
             4.922  4.925  4.928  4.933  4.935
 Vanadium    4.031  3.948  4.048  4.403  4.457  4.652  4.719  4.739  4.756  4.784  4.823  4.842  4.862  4.877  4.895  4.907  4.915
             4.921  4.924  4.928  4.934  4.935
 Chromium    4.030  3.944  4.198  4.408  4.464  4.666  4.713  4.741  4.754  4.781  4.818  4.845  4.863  4.880  4.888  4.901  4.911
             4.918  4.922  4.926  4.930  4.935
 Manganese   3.974  3.946  4.207  4.414  4.467  4.683  4.731  4.745  4.759  4.789  4.825  4.852  4.877  4.888  4.899  4.906  4.914
             4.920  4.924  4.926  4.929  4.933  4.935
 Iron        4.081  3.952  4.253  4.442  4.559  4.620  4.736  4.746  4.762  4.801  4.847  4.877  4.893  4.903  4.910  4.914  4.918
             4.922  4.925  4.927  4.929  4.931  4.935
 Cobalt      4.086  3.973  4.218  4.404  4.456  4.644  4.716  4.742  4.749  4.770  4.808  4.842  4.870  4.889  4.901  4.908  4.914
             4.918  4.923  4.926  4.928  4.930  4.933  4.935
 Nickel      4.071  3.980  4.274  4.442  4.558  4.638  4.729  4.744  4.747  4.764  4.803  4.837  4.868  4.887  4.900  4.909  4.914
             4.919  4.922  4.926  4.928  4.930  4.933  4.935
 Copper      4.003  3.940  4.239  4.440  4.556  4.625  4.728  4.742  4.745  4.759  4.796  4.840  4.868  4.889  4.901  4.909  4.916
             4.919  4.922  4.924  4.927  4.929  4.931  4.935
 Zinc        3.977  3.936  4.069  4.433  4.536  4.618  4.725  4.741  4.745  4.754  4.784  4.824  4.857  4.880  4.895  4.906  4.914
             4.919  4.921  4.924  4.925  4.928  4.930  4.935  4.935

               1      2      3      4      5      6      7      8      9     10     11     12     13     14     15     16     17
              18     19     20     21     22     23     24     25     26     27     28     29     30

 Hydrogen    3.957  4.613  3.944 (H2)          Log10 Mean Temperature (over area*electron density)
 Helium      3.944  4.477  4.758
 Lithium     4.411  4.454  4.686  4.761
 Beryllium   4.259  4.029  4.467  4.719  4.766
 Boron       4.311  4.036  4.389  4.519  4.731  4.788
 Carbon      4.310  4.052  4.452  4.497  4.715  4.760  4.827
 Nitrogen    3.936  4.141  4.449  4.522  4.723  4.736  4.789  4.861
 Oxygen      3.943  4.219  4.490  4.698  4.736  4.743  4.764  4.824  4.884
 Fluorine    3.933  4.031  4.472  4.674  4.738  4.744  4.755  4.794  4.856  4.898
 Neon        3.933  4.039  4.465  4.650  4.737  4.745  4.756  4.784  4.831  4.879  4.906
 Sodium      3.979  4.032  4.451  4.607  4.731  4.746  4.755  4.787  4.829  4.866  4.895  4.912
 Magnesium   4.241  4.091  4.441  4.565  4.700  4.743  4.748  4.770  4.811  4.851  4.882  4.904  4.916
 Aluminium   4.330  4.185  4.343  4.452  4.599  4.729  4.745  4.763  4.803  4.849  4.880  4.899  4.912  4.920
 Silicon     4.320  4.086  4.384  4.412  4.485  4.670  4.738  4.757  4.805  4.855  4.884  4.900  4.910  4.918  4.923
 Phosphorus  4.243  4.123  4.415  4.452  4.472  4.622  4.728  4.748  4.778  4.830  4.872  4.896  4.909  4.917  4.922  4.926
 Sulphur     4.162  4.031  4.397  4.465  4.506  4.623  4.698  4.740  4.768  4.817  4.861  4.887  4.904  4.914  4.919  4.924  4.927
 Chlorine    4.136  4.007  4.361  4.499  4.624  4.699  4.712  4.738  4.752  4.789  4.844  4.883  4.904  4.915  4.920  4.924  4.927
             4.930
 Argon       3.937  3.952  4.360  4.487  4.688  4.718  4.733  4.736  4.750  4.780  4.826  4.866  4.893  4.909  4.918  4.922  4.925
             4.928  4.934
 Potassium   4.095  4.082  4.389  4.487  4.650  4.715  4.738  4.745  4.754  4.776  4.815  4.857  4.888  4.908  4.918  4.922  4.926
             4.927  4.930  4.935
 Calcium     4.261  4.290  4.323  4.474  4.642  4.707  4.740  4.753  4.771  4.785  4.813  4.846  4.875  4.897  4.911  4.919  4.923
             4.926  4.927  4.932  4.935
 Scandium    4.116  4.058  4.020  4.469  4.637  4.703  4.740  4.754  4.781  4.804  4.825  4.847  4.871  4.890  4.906  4.916  4.922
             4.925  4.927  4.929  4.935
 Titanium    4.078  3.978  4.073  4.436  4.513  4.704  4.732  4.751  4.778  4.812  4.837  4.852  4.871  4.888  4.902  4.913  4.920
             4.924  4.927  4.929  4.933  4.935
 Vanadium    4.042  3.953  4.068  4.425  4.482  4.683  4.731  4.747  4.772  4.806  4.843  4.859  4.874  4.887  4.901  4.911  4.919
             4.923  4.926  4.929  4.934  4.935
 Chromium    4.040  3.948  4.204  4.430  4.490  4.694  4.728  4.747  4.769  4.803  4.839  4.861  4.875  4.888  4.895  4.906  4.915
             4.921  4.924  4.927  4.930  4.935
 Manganese   3.983  3.951  4.213  4.436  4.492  4.706  4.738  4.751  4.775  4.810  4.844  4.868  4.888  4.896  4.905  4.910  4.917
             4.922  4.925  4.927  4.929  4.933  4.935
 Iron        4.088  3.958  4.272  4.462  4.583  4.650  4.740  4.750  4.782  4.829  4.867  4.888  4.901  4.908  4.914  4.917  4.921
             4.924  4.926  4.928  4.930  4.932  4.935
 Cobalt      4.093  3.983  4.225  4.425  4.478  4.671  4.728  4.744  4.759  4.791  4.830  4.860  4.882  4.897  4.907  4.913  4.918
             4.921  4.925  4.928  4.929  4.931  4.934  4.935
 Nickel      4.081  3.990  4.289  4.460  4.581  4.665  4.735  4.744  4.753  4.783  4.826  4.856  4.880  4.896  4.906  4.914  4.918
             4.921  4.924  4.927  4.929  4.930  4.933  4.935
 Copper      4.013  3.943  4.255  4.458  4.576  4.651  4.734  4.743  4.751  4.777  4.821  4.860  4.881  4.897  4.906  4.914  4.919
             4.921  4.924  4.925  4.928  4.930  4.932  4.935
 Zinc        3.987  3.939  4.122  4.452  4.561  4.643  4.732  4.742  4.748  4.768  4.806  4.844  4.872  4.890  4.902  4.911  4.917
             4.921  4.923  4.925  4.926  4.929  4.930  4.935  4.935

               1      2      3      4      5      6      7      8      9     10     11     12     13     14     15     16     17
              18     19     20     21     22     23     24     25     26     27     28     29     30

 Hydrogen    3.967  4.723  3.948 (H2)          Log10 Mean Temperature (over radius*electron density)
 Helium      3.950  4.504  4.792
 Lithium     4.432  4.478  4.703  4.794
 Beryllium   4.276  4.060  4.494  4.734  4.805
 Boron       4.336  4.065  4.430  4.574  4.753  4.832
 Carbon      4.357  4.108  4.484  4.530  4.735  4.789  4.864
 Nitrogen    3.938  4.166  4.494  4.560  4.735  4.759  4.826  4.886
 Oxygen      3.946  4.265  4.521  4.716  4.739  4.749  4.789  4.858  4.900
 Fluorine    3.935  4.088  4.498  4.694  4.741  4.748  4.772  4.824  4.881  4.908
 Neon        3.934  4.095  4.489  4.668  4.740  4.749  4.770  4.808  4.857  4.895  4.913
 Sodium      3.993  4.081  4.472  4.624  4.735  4.748  4.769  4.810  4.850  4.882  4.905  4.917
 Magnesium   4.251  4.125  4.459  4.577  4.709  4.743  4.756  4.791  4.834  4.869  4.894  4.911  4.920
 Aluminium   4.345  4.216  4.371  4.469  4.620  4.734  4.751  4.782  4.828  4.868  4.892  4.906  4.916  4.922
 Silicon     4.344  4.119  4.400  4.428  4.501  4.690  4.745  4.776  4.832  4.872  4.894  4.906  4.915  4.921  4.925
 Phosphorus  4.264  4.172  4.436  4.468  4.490  4.647  4.735  4.760  4.804  4.853  4.886  4.904  4.914  4.920  4.924  4.927
 Sulphur     4.173  4.057  4.434  4.487  4.533  4.655  4.714  4.750  4.791  4.842  4.876  4.897  4.910  4.918  4.922  4.926  4.928
 Chlorine    4.145  4.026  4.406  4.532  4.659  4.714  4.724  4.743  4.767  4.816  4.866  4.895  4.910  4.919  4.923  4.926  4.928
             4.931
 Argon       3.939  3.958  4.393  4.516  4.706  4.727  4.738  4.743  4.762  4.802  4.848  4.881  4.902  4.914  4.921  4.924  4.926
             4.929  4.935
 Potassium   4.112  4.117  4.420  4.512  4.679  4.726  4.743  4.755  4.767  4.794  4.836  4.874  4.899  4.913  4.921  4.924  4.927
             4.928  4.931  4.935
 Calcium     4.272  4.313  4.375  4.500  4.669  4.723  4.746  4.765  4.787  4.802  4.830  4.861  4.887  4.905  4.915  4.921  4.925
             4.927  4.928  4.932  4.935
 Scandium    4.118  4.069  4.060  4.496  4.666  4.720  4.746  4.767  4.800  4.823  4.841  4.859  4.881  4.899  4.912  4.920  4.924
             4.927  4.928  4.930  4.935
 Titanium    4.083  3.987  4.108  4.463  4.546  4.720  4.741  4.765  4.799  4.832  4.852  4.865  4.880  4.896  4.908  4.917  4.922
             4.925  4.928  4.930  4.933  4.935
 Vanadium    4.050  3.959  4.089  4.451  4.510  4.705  4.740  4.759  4.792  4.828  4.858  4.871  4.884  4.894  4.907  4.915  4.921
             4.925  4.927  4.930  4.934  4.935
 Chromium    4.049  3.952  4.211  4.455  4.517  4.712  4.737  4.757  4.788  4.825  4.855  4.873  4.883  4.894  4.901  4.911  4.918
             4.923  4.926  4.928  4.931  4.935
 Manganese   3.991  3.955  4.221  4.461  4.520  4.720  4.743  4.763  4.794  4.830  4.860  4.880  4.896  4.903  4.910  4.914  4.920
             4.924  4.926  4.928  4.930  4.933  4.935
 Iron        4.093  3.964  4.298  4.483  4.605  4.674  4.743  4.761  4.807  4.852  4.881  4.897  4.906  4.912  4.916  4.919  4.922
             4.925  4.927  4.929  4.930  4.932  4.935
 Cobalt      4.099  3.992  4.235  4.449  4.501  4.691  4.735  4.750  4.775  4.814  4.849  4.874  4.891  4.904  4.912  4.917  4.920
             4.923  4.926  4.928  4.930  4.931  4.934  4.935
 Nickel      4.089  4.001  4.309  4.480  4.601  4.686  4.739  4.747  4.767  4.805  4.845  4.871  4.890  4.903  4.912  4.918  4.921
             4.923  4.926  4.928  4.930  4.931  4.933  4.935
 Copper      4.023  3.946  4.276  4.477  4.594  4.672  4.738  4.745  4.762  4.800  4.844  4.874  4.890  4.903  4.911  4.917  4.922
             4.923  4.925  4.927  4.929  4.930  4.932  4.935
 Zinc        3.996  3.942  4.186  4.472  4.582  4.663  4.736  4.744  4.756  4.787  4.828  4.861  4.883  4.898  4.908  4.915  4.920
             4.923  4.925  4.926  4.927  4.929  4.931  4.935  4.935

               1      2      3      4      5      6      7      8      9     10     11     12     13     14     15     16     17
              18     19     20     21     22     23     24     25     26     27     28     29     30
CIV QSO  

---------------Convergence statistics---------------
      1.84 mean iterations/state convergence
      2.17 mean cx acceleration loops/iteration
      1.31 mean iso convergence loops/ion solve
         1 mean steps/chemistry solve
         1 mean step length searches/chemistry step
----------------------------------------------------

 Cloudy ends: 415 zones, 3 iterations, 1 caution. (single thread) ExecTime(s) 348.22
 [Stop in cdMain at maincl.cpp:496, Cloudy exited OK]
