   1.5381945E+03   1.6000000E+03   1.0240000E+03   0.0000000E+00   0.0000000E+00
   1.5382021E+03   1.6410000E+03   1.0670000E+03   0.0000000E+00   0.0000000E+00
   1.5382096E+03   1.7070000E+03   1.0570000E+03   0.0000000E+00   0.0000000E+00
   1.5382171E+03   1.7250000E+03   1.0870000E+03   0.0000000E+00   0.0000000E+00
   1.5382246E+03   1.6480000E+03   1.0550000E+03   0.0000000E+00   0.0000000E+00
   1.5382322E+03   1.7290000E+03   1.0990000E+03   3.4813657E-04   5.4770531E-04
   1.5382397E+03   1.6250000E+03   9.8900000E+02   0.0000000E+00   0.0000000E+00
   1.5382472E+03   1.6800000E+03   1.0430000E+03   0.0000000E+00   0.0000000E+00
   1.5382548E+03   1.7400000E+03   1.0670000E+03   0.0000000E+00   0.0000000E+00
   1.5382623E+03   1.6570000E+03   1.0370000E+03   0.0000000E+00   0.0000000E+00
   1.5382698E+03   1.6350000E+03   1.0680000E+03   3.7137898E-04   5.6854366E-04
   1.5382773E+03   1.6470000E+03   1.0640000E+03   0.0000000E+00   0.0000000E+00
   1.5382849E+03   1.7280000E+03   1.1000000E+03   0.0000000E+00   0.0000000E+00
   1.5382924E+03   1.6880000E+03   1.0540000E+03   0.0000000E+00   0.0000000E+00
   1.5382999E+03   1.7270000E+03   1.0910000E+03   0.0000000E+00   0.0000000E+00
   1.5383075E+03   1.7220000E+03   1.1140000E+03   0.0000000E+00   0.0000000E+00
   1.5383150E+03   1.6990000E+03   1.0660000E+03   0.0000000E+00   0.0000000E+00
   1.5383225E+03   1.6520000E+03   1.0200000E+03   0.0000000E+00   0.0000000E+00
   1.5383300E+03   1.7100000E+03   1.0470000E+03   0.0000000E+00   0.0000000E+00
   1.5383376E+03   1.6950000E+03   1.0860000E+03   0.0000000E+00   0.0000000E+00
   1.5383451E+03   1.7230000E+03   1.0950000E+03   0.0000000E+00   0.0000000E+00
   1.5383526E+03   1.6200000E+03   1.0250000E+03   0.0000000E+00   0.0000000E+00
   1.5383602E+03   1.7320000E+03   1.0520000E+03   0.0000000E+00   0.0000000E+00
   1.5383677E+03   1.7460000E+03   1.1330000E+03   9.7059058E-05   1.4957203E-04
   1.5383752E+03   1.6530000E+03   1.0760000E+03   6.1367377E-04   9.4275347E-04
   1.5383827E+03   1.7000000E+03   1.0710000E+03   0.0000000E+00   0.0000000E+00
   1.5383903E+03   1.7170000E+03   1.0830000E+03   0.0000000E+00   0.0000000E+00
   1.5383978E+03   1.7140000E+03   1.0970000E+03   0.0000000E+00   0.0000000E+00
   1.5384053E+03   1.6260000E+03   1.0210000E+03   0.0000000E+00   0.0000000E+00
   1.5384128E+03   1.7130000E+03   1.0750000E+03   0.0000000E+00   0.0000000E+00
   1.5384204E+03   1.7120000E+03   1.1210000E+03   0.0000000E+00   0.0000000E+00
   1.5384279E+03   1.7050000E+03   1.0980000E+03   0.0000000E+00   0.0000000E+00
   1.5384354E+03   1.7220000E+03   1.0840000E+03   0.0000000E+00   0.0000000E+00
   1.5384430E+03   1.7580000E+03   1.1030000E+03   0.0000000E+00   0.0000000E+00
   1.5384505E+03   1.6970000E+03   1.0770000E+03   0.0000000E+00   0.0000000E+00
   1.5384580E+03   1.7120000E+03   1.1110000E+03   0.0000000E+00   0.0000000E+00
   1.5384655E+03   1.7870000E+03   1.1620000E+03   0.0000000E+00   0.0000000E+00
   1.5384731E+03   1.7010000E+03   1.0740000E+03   0.0000000E+00   0.0000000E+00
   1.5384806E+03   1.7020000E+03   1.0580000E+03   0.0000000E+00   0.0000000E+00
   1.5384881E+03   1.7160000E+03   1.0880000E+03   2.0658637E-04   3.2582924E-04
   1.5384957E+03   1.7240000E+03   1.1250000E+03   0.0000000E+00   0.0000000E+00
   1.5385032E+03   1.7710000E+03   1.1060000E+03   4.9301113E-04   7.8944188E-04
   1.5385107E+03   1.6570000E+03   1.0040000E+03   0.0000000E+00   0.0000000E+00
   1.5385182E+03   1.7240000E+03   1.1160000E+03   5.4105466E-04   0.0000000E+00
   1.5385258E+03   1.7900000E+03   1.1140000E+03   0.0000000E+00   0.0000000E+00
   1.5385333E+03   1.7080000E+03   1.0690000E+03   0.0000000E+00   0.0000000E+00
   1.5385408E+03   1.7700000E+03   1.1230000E+03   5.0425789E-04   7.9477868E-04
   1.5385484E+03   1.7120000E+03   1.1290000E+03   0.0000000E+00   0.0000000E+00
   1.5385559E+03   1.7720000E+03   1.1320000E+03   0.0000000E+00   0.0000000E+00
   1.5385634E+03   1.7080000E+03   1.0710000E+03   0.0000000E+00   0.0000000E+00
   1.5385709E+03   1.7410000E+03   1.1020000E+03   0.0000000E+00   0.0000000E+00
   1.5385785E+03   1.7010000E+03   1.0920000E+03   0.0000000E+00   0.0000000E+00
   1.5385860E+03   1.7360000E+03   1.1170000E+03   0.0000000E+00   0.0000000E+00
   1.5385935E+03   1.7330000E+03   1.0890000E+03   2.5770927E-04   4.1011034E-04
   1.5386011E+03   1.7760000E+03   1.0830000E+03   2.8410290E-04   4.6589727E-04
   1.5386086E+03   1.7170000E+03   1.1070000E+03   0.0000000E+00   0.0000000E+00
   1.5386161E+03   1.7480000E+03   1.1250000E+03   0.0000000E+00   0.0000000E+00
   1.5386236E+03   1.6530000E+03   1.0650000E+03   0.0000000E+00   0.0000000E+00
   1.5386312E+03   1.8410000E+03   1.1640000E+03   0.0000000E+00   0.0000000E+00
   1.5386387E+03   1.7530000E+03   1.1130000E+03   0.0000000E+00   0.0000000E+00
   1.5386462E+03   1.7780000E+03   1.1490000E+03   0.0000000E+00   0.0000000E+00
   1.5386538E+03   1.7280000E+03   1.0750000E+03   0.0000000E+00   0.0000000E+00
   1.5386613E+03   1.7770000E+03   1.1040000E+03   4.7060376E-04   7.5748449E-04
   1.5386688E+03   1.7400000E+03   1.0940000E+03   1.2076352E-04   1.9207360E-04
   1.5386763E+03   1.7890000E+03   1.1360000E+03   3.3505881E-04   5.2765864E-04
   1.5386839E+03   1.7320000E+03   1.1150000E+03   4.9663840E-04   7.7145983E-04
   1.5386914E+03   1.7220000E+03   1.1010000E+03   0.0000000E+00   0.0000000E+00
   1.5386989E+03   1.7580000E+03   1.1110000E+03   0.0000000E+00   0.0000000E+00
   1.5387065E+03   1.7120000E+03   1.0820000E+03   1.3057046E-04   0.0000000E+00
   1.5387140E+03   1.7020000E+03   1.0970000E+03   0.0000000E+00   0.0000000E+00
   1.5387215E+03   1.7860000E+03   1.1190000E+03   0.0000000E+00   0.0000000E+00
   1.5387290E+03   1.7060000E+03   1.0690000E+03   0.0000000E+00   0.0000000E+00
   1.5387366E+03   1.7380000E+03   1.1190000E+03   5.6217558E-04   8.7315563E-04
   1.5387441E+03   1.7930000E+03   1.1150000E+03   0.0000000E+00   0.0000000E+00
   1.5387516E+03   1.7500000E+03   1.1190000E+03   0.0000000E+00   0.0000000E+00
   1.5387592E+03   1.7920000E+03   1.1270000E+03   3.8707248E-04   6.1546929E-04
   1.5387667E+03   1.7940000E+03   1.1340000E+03   0.0000000E+00   0.0000000E+00
   1.5387742E+03   1.7920000E+03   1.1310000E+03   0.0000000E+00   0.0000000E+00
   1.5387817E+03   1.8700000E+03   1.2300000E+03   0.0000000E+00   0.0000000E+00
   1.5387893E+03   1.7710000E+03   1.1210000E+03   0.0000000E+00   0.0000000E+00
   1.5387968E+03   1.7750000E+03   1.1450000E+03   0.0000000E+00   0.0000000E+00
   1.5388043E+03   1.7920000E+03   1.1350000E+03   0.0000000E+00   0.0000000E+00
   1.5388119E+03   1.8690000E+03   1.1820000E+03   0.0000000E+00   0.0000000E+00
   1.5388194E+03   1.7940000E+03   1.1260000E+03   2.7638579E-04   5.2473883E-04
   1.5388269E+03   1.7500000E+03   1.0980000E+03   7.1772545E-05   1.1439158E-04
   1.5388344E+03   1.8350000E+03   1.1850000E+03   0.0000000E+00   0.0000000E+00
   1.5388420E+03   1.7720000E+03   1.1030000E+03   0.0000000E+00   0.0000000E+00
   1.5388495E+03   1.7610000E+03   1.1550000E+03   0.0000000E+00   0.0000000E+00
   1.5388570E+03   1.8360000E+03   1.1510000E+03   0.0000000E+00   0.0000000E+00
   1.5388646E+03   1.7590000E+03   1.1460000E+03   0.0000000E+00   0.0000000E+00
   1.5388721E+03   1.7950000E+03   1.1530000E+03   0.0000000E+00   0.0000000E+00
   1.5388796E+03   1.8430000E+03   1.1880000E+03   1.8261506E-04   2.8329929E-04
   1.5388871E+03   1.8680000E+03   1.1840000E+03   0.0000000E+00   0.0000000E+00
   1.5388947E+03   1.8280000E+03   1.1850000E+03   9.7717787E-05   1.5074102E-04
   1.5389022E+03   1.7580000E+03   1.1220000E+03   0.0000000E+00   0.0000000E+00
   1.5389097E+03   1.7710000E+03   1.1350000E+03   0.0000000E+00   0.0000000E+00
   1.5389172E+03   1.7810000E+03   1.1500000E+03   5.3926548E-04   8.3515810E-04
   1.5389248E+03   1.7450000E+03   1.1390000E+03   0.0000000E+00   0.0000000E+00
   1.5389323E+03   1.8130000E+03   1.1490000E+03   0.0000000E+00   0.0000000E+00
   1.5389398E+03   1.7850000E+03   1.1450000E+03   0.0000000E+00   0.0000000E+00
   1.5389474E+03   1.8830000E+03   1.1950000E+03   0.0000000E+00   0.0000000E+00
   1.5389549E+03   1.7950000E+03   1.1470000E+03   0.0000000E+00   0.0000000E+00
   1.5389624E+03   1.7770000E+03   1.1370000E+03   1.7465488E-04   2.7296546E-04
   1.5389699E+03   1.8730000E+03   1.1670000E+03   0.0000000E+00   0.0000000E+00
   1.5389775E+03   1.7100000E+03   1.0910000E+03   0.0000000E+00   0.0000000E+00
   1.5389850E+03   1.7640000E+03   1.1170000E+03   0.0000000E+00   0.0000000E+00
   1.5389925E+03   1.7940000E+03   1.1220000E+03   1.9582859E-04   3.1311630E-04
   1.5390001E+03   1.8150000E+03   1.1520000E+03   0.0000000E+00   0.0000000E+00
   1.5390076E+03   1.8170000E+03   1.1550000E+03   0.0000000E+00   0.0000000E+00
   1.5390151E+03   1.8110000E+03   1.1330000E+03   5.3644966E-04   8.5746720E-04
   1.5390226E+03   1.8800000E+03   1.1440000E+03   2.4505116E-04   0.0000000E+00
   1.5390302E+03   1.8570000E+03   1.1490000E+03   0.0000000E+00   0.0000000E+00
   1.5390377E+03   1.8570000E+03   1.1680000E+03   2.1493824E-04   3.4172972E-04
   1.5390452E+03   1.8560000E+03   1.1970000E+03   0.0000000E+00   0.0000000E+00
   1.5390528E+03   1.8040000E+03   1.1270000E+03   0.0000000E+00   0.0000000E+00
   1.5390603E+03   1.7980000E+03   1.1760000E+03   1.3844003E-04   0.0000000E+00
   1.5390678E+03   1.8240000E+03   1.1040000E+03   0.0000000E+00   0.0000000E+00
   1.5390753E+03   1.7760000E+03   1.1560000E+03   0.0000000E+00   0.0000000E+00
   1.5390829E+03   1.7320000E+03   1.0960000E+03   0.0000000E+00   0.0000000E+00
   1.5390904E+03   1.8910000E+03   1.1950000E+03   0.0000000E+00   0.0000000E+00
   1.5390979E+03   1.9490000E+03   1.2630000E+03   0.0000000E+00   0.0000000E+00
   1.5391055E+03   1.8740000E+03   1.1520000E+03   0.0000000E+00   0.0000000E+00
   1.5391130E+03   1.8430000E+03   1.1980000E+03   0.0000000E+00   0.0000000E+00
   1.5391205E+03   1.7710000E+03   1.1460000E+03   4.5480057E-04   7.0283753E-04
   1.5391280E+03   1.7290000E+03   1.0860000E+03   0.0000000E+00   0.0000000E+00
   1.5391356E+03   1.8770000E+03   1.1620000E+03   0.0000000E+00   0.0000000E+00
   1.5391431E+03   1.8490000E+03   1.1640000E+03   0.0000000E+00   0.0000000E+00
   1.5391506E+03   1.8910000E+03   1.2100000E+03   8.5796644E-04   7.0418518E-04
   1.5391582E+03   1.8800000E+03   1.1510000E+03   0.0000000E+00   0.0000000E+00
   1.5391657E+03   1.9180000E+03   1.2380000E+03   8.5078853E-05   1.3181037E-04
   1.5391732E+03   1.7660000E+03   1.1400000E+03   0.0000000E+00   0.0000000E+00
   1.5391807E+03   1.8650000E+03   1.1810000E+03   0.0000000E+00   0.0000000E+00
   1.5391883E+03   1.8640000E+03   1.1840000E+03   0.0000000E+00   0.0000000E+00
   1.5391958E+03   1.8670000E+03   1.1660000E+03   0.0000000E+00   0.0000000E+00
   1.5392033E+03   1.8320000E+03   1.1400000E+03   0.0000000E+00   0.0000000E+00
   1.5392109E+03   1.9150000E+03   1.2070000E+03   0.0000000E+00   0.0000000E+00
   1.5392184E+03   1.8780000E+03   1.1730000E+03   0.0000000E+00   0.0000000E+00
   1.5392259E+03   1.9150000E+03   1.1910000E+03   0.0000000E+00   0.0000000E+00
   1.5392334E+03   1.9220000E+03   1.2710000E+03   0.0000000E+00   0.0000000E+00
   1.5392410E+03   1.8140000E+03   1.1350000E+03   0.0000000E+00   0.0000000E+00
   1.5392485E+03   1.8890000E+03   1.2350000E+03   0.0000000E+00   0.0000000E+00
   1.5392560E+03   1.8590000E+03   1.1640000E+03   0.0000000E+00   0.0000000E+00
   1.5392636E+03   1.8390000E+03   1.1630000E+03   5.0385756E-04   7.9672747E-04
   1.5392711E+03   1.8630000E+03   1.2010000E+03   0.0000000E+00   0.0000000E+00
   1.5392786E+03   1.9350000E+03   1.2320000E+03   0.0000000E+00   0.0000000E+00
   1.5392861E+03   1.9550000E+03   1.2120000E+03   3.9364376E-04   6.3496167E-04
   1.5392937E+03   1.8660000E+03   1.2040000E+03   1.3087377E-04   2.0283260E-04
   1.5393012E+03   1.8890000E+03   1.1970000E+03   0.0000000E+00   0.0000000E+00
   1.5393087E+03   1.8260000E+03   1.1510000E+03   0.0000000E+00   0.0000000E+00
   1.5393162E+03   1.8460000E+03   1.2160000E+03   3.6046665E-04   5.4722158E-04
   1.5393238E+03   1.9440000E+03   1.2170000E+03   0.0000000E+00   0.0000000E+00
   1.5393313E+03   1.8400000E+03   1.1880000E+03   0.0000000E+00   0.0000000E+00
   1.5393388E+03   1.8800000E+03   1.1730000E+03   0.0000000E+00   0.0000000E+00
   1.5393464E+03   1.8820000E+03   1.2230000E+03   9.5202971E-05   1.4650204E-04
   1.5393539E+03   1.9280000E+03   1.2610000E+03   9.1307542E-05   1.3960424E-04
   1.5393614E+03   1.9010000E+03   1.2360000E+03   2.4480406E-04   3.7651498E-04
   1.5393689E+03   1.9650000E+03   1.2020000E+03   1.5713828E-06   2.5688579E-06
   1.5393765E+03   1.8410000E+03   1.1480000E+03   6.7401308E-05   1.0808868E-04
   1.5393840E+03   1.9110000E+03   1.2040000E+03   0.0000000E+00   0.0000000E+00
   1.5393915E+03   1.8630000E+03   1.1740000E+03   0.0000000E+00   0.0000000E+00
   1.5393991E+03   1.9040000E+03   1.2180000E+03   0.0000000E+00   0.0000000E+00
   1.5394066E+03   1.9240000E+03   1.2210000E+03   0.0000000E+00   0.0000000E+00
   1.5394141E+03   1.8350000E+03   1.1460000E+03   0.0000000E+00   0.0000000E+00
   1.5394216E+03   1.9510000E+03   1.2490000E+03   0.0000000E+00   0.0000000E+00
   1.5394292E+03   1.9890000E+03   1.2860000E+03   3.2318775E-04   4.9986037E-04
   1.5394367E+03   1.8920000E+03   1.2010000E+03   0.0000000E+00   0.0000000E+00
   1.5394442E+03   1.8270000E+03   1.1110000E+03   0.0000000E+00   0.0000000E+00
   1.5394518E+03   1.8310000E+03   1.1670000E+03   0.0000000E+00   0.0000000E+00
   1.5394593E+03   1.8780000E+03   1.2030000E+03   0.0000000E+00   0.0000000E+00
   1.5394668E+03   1.8930000E+03   1.1790000E+03   0.0000000E+00   0.0000000E+00
   1.5394743E+03   1.8150000E+03   1.1850000E+03   0.0000000E+00   0.0000000E+00
   1.5394819E+03   1.8930000E+03   1.2040000E+03   3.7296999E-04   5.8640547E-04
   1.5394894E+03   1.9090000E+03   1.2120000E+03   1.7799450E-04   0.0000000E+00
   1.5394969E+03   1.9220000E+03   1.2280000E+03   0.0000000E+00   0.0000000E+00
   1.5395045E+03   1.8880000E+03   1.1800000E+03   0.0000000E+00   0.0000000E+00
   1.5395120E+03   1.9200000E+03   1.2610000E+03   0.0000000E+00   0.0000000E+00
   1.5395195E+03   1.8650000E+03   1.1640000E+03   0.0000000E+00   0.0000000E+00
   1.5395270E+03   1.9530000E+03   1.2080000E+03   0.0000000E+00   0.0000000E+00
   1.5395346E+03   1.8970000E+03   1.2480000E+03   4.8999954E-04   7.4481500E-04
   1.5395421E+03   1.8910000E+03   1.1920000E+03   0.0000000E+00   0.0000000E+00
   1.5395496E+03   1.9150000E+03   1.2220000E+03   0.0000000E+00   0.0000000E+00
   1.5395572E+03   1.9610000E+03   1.2310000E+03   0.0000000E+00   0.0000000E+00
   1.5395647E+03   1.9230000E+03   1.1750000E+03   4.5681015E-04   7.4761354E-04
   1.5395722E+03   1.8380000E+03   1.1680000E+03   0.0000000E+00   0.0000000E+00
   1.5395797E+03   1.8990000E+03   1.2260000E+03   0.0000000E+00   0.0000000E+00
   1.5395873E+03   1.8870000E+03   1.2040000E+03   0.0000000E+00   0.0000000E+00
   1.5395948E+03   1.9190000E+03   1.1990000E+03   4.9969605E-04   7.9976373E-04
   1.5396023E+03   1.8660000E+03   1.1650000E+03   0.0000000E+00   0.0000000E+00
   1.5396099E+03   1.8930000E+03   1.2010000E+03   4.0976983E-04   6.4587368E-04
   1.5396174E+03   1.8790000E+03   1.1750000E+03   2.2538580E-04   3.6042545E-04
   1.5396249E+03   1.8890000E+03   1.2070000E+03   0.0000000E+00   0.0000000E+00
   1.5396324E+03   1.9150000E+03   1.1990000E+03   0.0000000E+00   0.0000000E+00
   1.5396400E+03   2.0030000E+03   1.2950000E+03   0.0000000E+00   0.0000000E+00
   1.5396475E+03   1.9390000E+03   1.2330000E+03   2.9362146E-04   4.6174535E-04
   1.5396550E+03   1.8680000E+03   1.1960000E+03   0.0000000E+00   0.0000000E+00
   1.5396626E+03   1.8710000E+03   1.1620000E+03   0.0000000E+00   0.0000000E+00
   1.5396701E+03   1.9650000E+03   1.2530000E+03   0.0000000E+00   0.0000000E+00
   1.5396776E+03   1.9470000E+03   1.2320000E+03   0.0000000E+00   0.0000000E+00
   1.5396851E+03   1.9040000E+03   1.1780000E+03   5.1136428E-04   8.1718757E-04
   1.5396927E+03   1.9510000E+03   1.2570000E+03   6.1122018E-05   9.4867985E-05
   1.5397002E+03   1.8970000E+03   1.1740000E+03   0.0000000E+00   0.0000000E+00
   1.5397077E+03   1.9130000E+03   1.2190000E+03   0.0000000E+00   0.0000000E+00
   1.5397153E+03   1.9600000E+03   1.2400000E+03   0.0000000E+00   0.0000000E+00
   1.5397228E+03   1.9110000E+03   1.2170000E+03   0.0000000E+00   0.0000000E+00
   1.5397303E+03   1.9660000E+03   1.2570000E+03   3.1813644E-05   4.9757856E-05
   1.5397378E+03   1.9440000E+03   1.2120000E+03   3.0196056E-05   0.0000000E+00
   1.5397454E+03   1.9380000E+03   1.2270000E+03   0.0000000E+00   0.0000000E+00
   1.5397529E+03   1.9410000E+03   1.2490000E+03   0.0000000E+00   0.0000000E+00
   1.5397604E+03   2.0010000E+03   1.2780000E+03   1.1418244E-04   1.7877861E-04
   1.5397679E+03   1.9640000E+03   1.2360000E+03   0.0000000E+00   0.0000000E+00
   1.5397755E+03   1.9810000E+03   1.2630000E+03   0.0000000E+00   0.0000000E+00
   1.5397830E+03   1.9190000E+03   1.2520000E+03   0.0000000E+00   0.0000000E+00
   1.5397905E+03   1.9490000E+03   1.2390000E+03   0.0000000E+00   0.0000000E+00
   1.5397981E+03   1.9570000E+03   1.2510000E+03   0.0000000E+00   0.0000000E+00
   1.5398056E+03   1.9570000E+03   1.2330000E+03   0.0000000E+00   0.0000000E+00
   1.5398131E+03   1.9330000E+03   1.2050000E+03   0.0000000E+00   0.0000000E+00
   1.5398206E+03   2.0070000E+03   1.2590000E+03   0.0000000E+00   0.0000000E+00
   1.5398282E+03   2.0340000E+03   1.2910000E+03   0.0000000E+00   0.0000000E+00
   1.5398357E+03   1.9330000E+03   1.2350000E+03   0.0000000E+00   0.0000000E+00
   1.5398432E+03   1.9520000E+03   1.2400000E+03   4.6373288E-04   7.3000531E-04
   1.5398508E+03   1.9840000E+03   1.2840000E+03   0.0000000E+00   0.0000000E+00
   1.5398583E+03   1.9620000E+03   1.2580000E+03   0.0000000E+00   0.0000000E+00
   1.5398658E+03   1.9250000E+03   1.2380000E+03   0.0000000E+00   0.0000000E+00
   1.5398733E+03   1.9970000E+03   1.2660000E+03   0.0000000E+00   0.0000000E+00
   1.5398809E+03   1.9660000E+03   1.2240000E+03   0.0000000E+00   0.0000000E+00
   1.5398884E+03   1.9520000E+03   1.2950000E+03   0.0000000E+00   0.0000000E+00
   1.5398959E+03   1.9870000E+03   1.2570000E+03   0.0000000E+00   0.0000000E+00
   1.5399035E+03   2.0260000E+03   1.2340000E+03   6.0985523E-04   1.0012696E-03
   1.5399110E+03   1.9100000E+03   1.2310000E+03   0.0000000E+00   0.0000000E+00
   1.5399185E+03   1.9660000E+03   1.2570000E+03   0.0000000E+00   0.0000000E+00
   1.5399260E+03   2.0010000E+03   1.2400000E+03   0.0000000E+00   0.0000000E+00
   1.5399336E+03   2.0150000E+03   1.2620000E+03   0.0000000E+00   0.0000000E+00
   1.5399411E+03   1.9210000E+03   1.2170000E+03   0.0000000E+00   0.0000000E+00
   1.5399486E+03   1.8490000E+03   1.1630000E+03   0.0000000E+00   0.0000000E+00
   1.5399562E+03   1.9870000E+03   1.2550000E+03   2.9408962E-05   4.6562237E-05
   1.5399637E+03   2.0030000E+03   1.2810000E+03   3.2370308E-04   5.0614932E-04
   1.5399712E+03   1.9260000E+03   1.2250000E+03   0.0000000E+00   0.0000000E+00
   1.5399787E+03   1.9600000E+03   1.2470000E+03   1.3421007E-04   0.0000000E+00
   1.5399863E+03   2.0360000E+03   1.2880000E+03   4.2840361E-04   6.7719700E-04
   1.5399938E+03   1.9160000E+03   1.2160000E+03   3.1343802E-04   4.9387109E-04
   1.5400013E+03   2.0190000E+03   1.2860000E+03   0.0000000E+00   0.0000000E+00
   1.5400089E+03   1.9850000E+03   1.2620000E+03   1.1650067E-04   0.0000000E+00
   1.5400164E+03   1.9390000E+03   1.2440000E+03   0.0000000E+00   0.0000000E+00
   1.5400239E+03   2.0320000E+03   1.3010000E+03   0.0000000E+00   0.0000000E+00
   1.5400314E+03   1.9050000E+03   1.1730000E+03   0.0000000E+00   0.0000000E+00
   1.5400390E+03   1.9320000E+03   1.2320000E+03   3.3352694E-04   6.6439694E-04
   1.5400465E+03   1.9130000E+03   1.2170000E+03   0.0000000E+00   0.0000000E+00
   1.5400540E+03   1.9170000E+03   1.2060000E+03   5.4117186E-04   8.6022094E-04
   1.5400616E+03   2.0410000E+03   1.2990000E+03   0.0000000E+00   0.0000000E+00
   1.5400691E+03   2.0370000E+03   1.2650000E+03   0.0000000E+00   0.0000000E+00
   1.5400766E+03   2.0080000E+03   1.2850000E+03   0.0000000E+00   0.0000000E+00
   1.5400841E+03   2.0940000E+03   1.3370000E+03   0.0000000E+00   0.0000000E+00
   1.5400917E+03   2.0320000E+03   1.2870000E+03   0.0000000E+00   0.0000000E+00
   1.5400992E+03   1.9160000E+03   1.2190000E+03   0.0000000E+00   0.0000000E+00
   1.5401067E+03   2.0070000E+03   1.2670000E+03   0.0000000E+00   0.0000000E+00
   1.5401143E+03   1.9710000E+03   1.2300000E+03   0.0000000E+00   0.0000000E+00
   1.5401218E+03   1.9850000E+03   1.2650000E+03   3.2958790E-04   5.1717943E-04
   1.5401293E+03   1.9980000E+03   1.2900000E+03   8.8258228E-05   0.0000000E+00
   1.5401368E+03   2.0070000E+03   1.2680000E+03   4.7949938E-04   7.5895525E-04
   1.5401444E+03   1.9840000E+03   1.2590000E+03   0.0000000E+00   0.0000000E+00
   1.5401519E+03   1.9770000E+03   1.2910000E+03   0.0000000E+00   0.0000000E+00
   1.5401594E+03   1.9880000E+03   1.2800000E+03   4.3653568E-04   6.7799447E-04
   1.5401670E+03   2.0340000E+03   1.2920000E+03   0.0000000E+00   0.0000000E+00
   1.5401745E+03   2.0610000E+03   1.3200000E+03   0.0000000E+00   0.0000000E+00
   1.5401820E+03   1.9860000E+03   1.2290000E+03   4.7567085E-04   7.6865932E-04
   1.5401895E+03   2.0410000E+03   1.3010000E+03   0.0000000E+00   0.0000000E+00
   1.5401971E+03   1.9900000E+03   1.2100000E+03   3.5641375E-04   5.8616807E-04
   1.5402046E+03   2.0250000E+03   1.2740000E+03   0.0000000E+00   0.0000000E+00
   1.5402121E+03   1.9580000E+03   1.2380000E+03   4.2870125E-04   6.7802669E-04
   1.5402197E+03   1.9960000E+03   1.2900000E+03   0.0000000E+00   0.0000000E+00
   1.5402272E+03   2.0170000E+03   1.2590000E+03   0.0000000E+00   0.0000000E+00
   1.5402347E+03   2.0280000E+03   1.2870000E+03   4.5834069E-04   0.0000000E+00
   1.5402422E+03   1.9670000E+03   1.2640000E+03   2.2889843E-04   3.5620507E-04
   1.5402498E+03   1.9640000E+03   1.2770000E+03   0.0000000E+00   0.0000000E+00
   1.5402573E+03   2.0010000E+03   1.2600000E+03   2.5469814E-04   4.0448490E-04
   1.5402648E+03   1.9890000E+03   1.2250000E+03   0.0000000E+00   0.0000000E+00
   1.5402723E+03   2.0100000E+03   1.2760000E+03   0.0000000E+00   0.0000000E+00
   1.5402799E+03   1.9700000E+03   1.2590000E+03   0.0000000E+00   0.0000000E+00
   1.5402874E+03   2.0340000E+03   1.2700000E+03   6.3011633E-05   1.0091784E-04
   1.5402949E+03   2.0360000E+03   1.3210000E+03   9.7015406E-05   1.4952564E-04
   1.5403025E+03   1.9430000E+03   1.2110000E+03   0.0000000E+00   0.0000000E+00
   1.5403100E+03   2.0450000E+03   1.2960000E+03   0.0000000E+00   0.0000000E+00
   1.5403175E+03   2.0410000E+03   1.2580000E+03   0.0000000E+00   0.0000000E+00
   1.5403250E+03   2.0010000E+03   1.2840000E+03   6.8206582E-05   0.0000000E+00
   1.5403326E+03   2.0400000E+03   1.2840000E+03   0.0000000E+00   0.0000000E+00
   1.5403401E+03   1.9950000E+03   1.2840000E+03   0.0000000E+00   0.0000000E+00
   1.5403476E+03   2.0910000E+03   1.2960000E+03   9.7929839E-05   1.5800254E-04
   1.5403552E+03   1.9950000E+03   1.2620000E+03   0.0000000E+00   0.0000000E+00
   1.5403627E+03   1.9900000E+03   1.2620000E+03   0.0000000E+00   0.0000000E+00
   1.5403702E+03   2.0480000E+03   1.2750000E+03   2.8268372E-04   0.0000000E+00
   1.5403777E+03   2.0950000E+03   1.3490000E+03   0.0000000E+00   0.0000000E+00
   1.5403853E+03   2.0400000E+03   1.2980000E+03   0.0000000E+00   0.0000000E+00
   1.5403928E+03   2.0780000E+03   1.2890000E+03   0.0000000E+00   0.0000000E+00
   1.5404003E+03   2.0070000E+03   1.3150000E+03   3.8903554E-04   5.9375994E-04
   1.5404079E+03   2.0100000E+03   1.2970000E+03   0.0000000E+00   0.0000000E+00
   1.5404154E+03   2.1210000E+03   1.3500000E+03   1.0637915E-04   1.6713346E-04
   1.5404229E+03   2.0740000E+03   1.3310000E+03   0.0000000E+00   0.0000000E+00
   1.5404304E+03   2.0720000E+03   1.3160000E+03   0.0000000E+00   0.0000000E+00
   1.5404380E+03   2.0040000E+03   1.2660000E+03   0.0000000E+00   0.0000000E+00
   1.5404455E+03   2.1160000E+03   1.3300000E+03   0.0000000E+00   0.0000000E+00
   1.5404530E+03   2.0270000E+03   1.2810000E+03   0.0000000E+00   0.0000000E+00
   1.5404606E+03   2.0790000E+03   1.2910000E+03   0.0000000E+00   0.0000000E+00
   1.5404681E+03   2.0900000E+03   1.3020000E+03   0.0000000E+00   0.0000000E+00
   1.5404756E+03   2.0600000E+03   1.2840000E+03   0.0000000E+00   0.0000000E+00
   1.5404831E+03   2.0220000E+03   1.3000000E+03   2.6406852E-04   4.1072811E-04
   1.5404907E+03   2.0750000E+03   1.3390000E+03   0.0000000E+00   0.0000000E+00
   1.5404982E+03   2.1330000E+03   1.3680000E+03   0.0000000E+00   0.0000000E+00
   1.5405057E+03   2.0530000E+03   1.2870000E+03   1.2846011E-04   2.0491734E-04
   1.5405133E+03   2.0300000E+03   1.3210000E+03   5.5362922E-05   8.5077011E-05
   1.5405208E+03   2.0850000E+03   1.3230000E+03   2.9218803E-04   4.6047774E-04
   1.5405283E+03   2.0100000E+03   1.2730000E+03   0.0000000E+00   0.0000000E+00
   1.5405358E+03   2.1040000E+03   1.3570000E+03   1.3248370E-04   2.0541319E-04
   1.5405434E+03   2.0230000E+03   1.2760000E+03   0.0000000E+00   0.0000000E+00
   1.5405509E+03   2.1090000E+03   1.2970000E+03   0.0000000E+00   0.0000000E+00
   1.5405584E+03   2.1450000E+03   1.3820000E+03   1.6765573E-04   1.4980605E-04
   1.5405660E+03   2.0670000E+03   1.3270000E+03   0.0000000E+00   0.0000000E+00
   1.5405735E+03   2.0550000E+03   1.2890000E+03   1.6720090E-04   2.6656155E-04
   1.5405810E+03   2.0660000E+03   1.3120000E+03   2.5941227E-04   0.0000000E+00
   1.5405885E+03   2.0450000E+03   1.3450000E+03   6.1684758E-06   9.3788350E-06
   1.5405961E+03   2.1270000E+03   1.3390000E+03   0.0000000E+00   0.0000000E+00
   1.5406036E+03   2.0780000E+03   1.3040000E+03   0.0000000E+00   0.0000000E+00
   1.5406111E+03   2.1020000E+03   1.3150000E+03   0.0000000E+00   0.0000000E+00
   1.5406187E+03   2.1060000E+03   1.3440000E+03   0.0000000E+00   0.0000000E+00
   1.5406262E+03   2.0900000E+03   1.3790000E+03   0.0000000E+00   0.0000000E+00
   1.5406337E+03   2.0860000E+03   1.3120000E+03   0.0000000E+00   0.0000000E+00
   1.5406412E+03   2.2010000E+03   1.4070000E+03   3.1221347E-04   4.8840217E-04
   1.5406488E+03   2.1170000E+03   1.3310000E+03   0.0000000E+00   0.0000000E+00
   1.5406563E+03   2.1390000E+03   1.3380000E+03   0.0000000E+00   0.0000000E+00
   1.5406638E+03   2.0130000E+03   1.2580000E+03   0.0000000E+00   0.0000000E+00
   1.5406713E+03   2.0890000E+03   1.3250000E+03   0.0000000E+00   0.0000000E+00
   1.5406789E+03   2.1460000E+03   1.3620000E+03   3.5338245E-04   5.5679790E-04
   1.5406864E+03   2.0850000E+03   1.2980000E+03   4.4104573E-04   7.0845944E-04
   1.5406939E+03   2.1460000E+03   1.3490000E+03   0.0000000E+00   0.0000000E+00
   1.5407015E+03   2.0440000E+03   1.3140000E+03   0.0000000E+00   0.0000000E+00
   1.5407090E+03   2.1640000E+03   1.3830000E+03   7.8303532E-05   1.2252266E-04
   1.5407165E+03   2.0560000E+03   1.2900000E+03   0.0000000E+00   0.0000000E+00
   1.5407240E+03   2.1200000E+03   1.3270000E+03   0.0000000E+00   0.0000000E+00
   1.5407316E+03   2.1400000E+03   1.3530000E+03   0.0000000E+00   0.0000000E+00
   1.5407391E+03   2.0130000E+03   1.2460000E+03   0.0000000E+00   0.0000000E+00
   1.5407466E+03   2.1280000E+03   1.3640000E+03   3.0555807E-04   4.7670644E-04
   1.5407542E+03   2.1590000E+03   1.3450000E+03   0.0000000E+00   0.0000000E+00
   1.5407617E+03   2.0640000E+03   1.2960000E+03   0.0000000E+00   0.0000000E+00
   1.5407692E+03   2.0600000E+03   1.3240000E+03   2.4326294E-05   3.7849067E-05
   1.5407767E+03   2.0480000E+03   1.2940000E+03   7.6309127E-05   0.0000000E+00
   1.5407843E+03   2.0590000E+03   1.2850000E+03   1.4286093E-04   2.2891102E-04
   1.5407918E+03   2.0050000E+03   1.2690000E+03   0.0000000E+00   0.0000000E+00
   1.5407993E+03   2.1600000E+03   1.3540000E+03   1.2179015E-04   4.0484692E-04
   1.5408069E+03   2.0900000E+03   1.3330000E+03   0.0000000E+00   0.0000000E+00
   1.5408144E+03   2.1050000E+03   1.3400000E+03   0.0000000E+00   0.0000000E+00
   1.5408219E+03   2.0870000E+03   1.3060000E+03   0.0000000E+00   0.0000000E+00
   1.5408294E+03   2.1700000E+03   1.3660000E+03   0.0000000E+00   0.0000000E+00
   1.5408370E+03   2.1570000E+03   1.3510000E+03   0.0000000E+00   0.0000000E+00
   1.5408445E+03   2.0630000E+03   1.3470000E+03   0.0000000E+00   0.0000000E+00
   1.5408520E+03   2.1740000E+03   1.3960000E+03   1.0488418E-04   1.6333682E-04
   1.5408596E+03   2.0860000E+03   1.3060000E+03   0.0000000E+00   0.0000000E+00
   1.5408671E+03   2.1860000E+03   1.3750000E+03   0.0000000E+00   0.0000000E+00
   1.5408746E+03   2.1920000E+03   1.3960000E+03   0.0000000E+00   0.0000000E+00
   1.5408821E+03   2.0800000E+03   1.3480000E+03   0.0000000E+00   0.0000000E+00
   1.5408897E+03   2.1460000E+03   1.3690000E+03   0.0000000E+00   0.0000000E+00
   1.5408972E+03   2.1790000E+03   1.3710000E+03   1.6875887E-04   1.8976725E-04
   1.5409047E+03   2.1160000E+03   1.3120000E+03   0.0000000E+00   0.0000000E+00
   1.5409123E+03   2.1200000E+03   1.3520000E+03   0.0000000E+00   0.0000000E+00
   1.5409198E+03   2.0510000E+03   1.3440000E+03   7.9467679E-05   1.2127099E-04
   1.5409273E+03   2.0910000E+03   1.3620000E+03   0.0000000E+00   0.0000000E+00
   1.5409348E+03   2.0790000E+03   1.3300000E+03   0.0000000E+00   0.0000000E+00
   1.5409424E+03   2.1440000E+03   1.3580000E+03   0.0000000E+00   0.0000000E+00
   1.5409499E+03   2.0880000E+03   1.2880000E+03   0.0000000E+00   0.0000000E+00
   1.5409574E+03   2.0900000E+03   1.3530000E+03   0.0000000E+00   0.0000000E+00
   1.5409650E+03   2.1430000E+03   1.3430000E+03   0.0000000E+00   0.0000000E+00
   1.5409725E+03   2.1910000E+03   1.3750000E+03   2.3803558E-05   3.7929888E-05
   1.5409800E+03   2.0630000E+03   1.2770000E+03   9.4113114E-05   1.5204021E-04
   1.5409875E+03   2.2180000E+03   1.3600000E+03   0.0000000E+00   0.0000000E+00
   1.5409951E+03   2.1440000E+03   1.3670000E+03   4.4763681E-04   7.0207265E-04
   1.5410026E+03   2.0790000E+03   1.2770000E+03   4.5707540E-04   7.4407353E-04
   1.5410101E+03   2.1230000E+03   1.3580000E+03   0.0000000E+00   0.0000000E+00
   1.5410177E+03   2.1480000E+03   1.3870000E+03   0.0000000E+00   0.0000000E+00
   1.5410252E+03   2.1700000E+03   1.3820000E+03   0.0000000E+00   0.0000000E+00
   1.5410327E+03   2.1760000E+03   1.3810000E+03   0.0000000E+00   0.0000000E+00
   1.5410402E+03   2.1350000E+03   1.3800000E+03   2.8203561E-04   4.3633771E-04
   1.5410478E+03   2.1530000E+03   1.3770000E+03   1.4339144E-04   0.0000000E+00
   1.5410553E+03   2.1500000E+03   1.3140000E+03   7.7554628E-05   1.2689684E-04
   1.5410628E+03   2.1020000E+03   1.3350000E+03   2.5169249E-04   3.9629783E-04
   1.5410704E+03   2.0760000E+03   1.3290000E+03   0.0000000E+00   0.0000000E+00
   1.5410779E+03   2.0900000E+03   1.3240000E+03   1.8346910E-04   2.8961512E-04
   1.5410854E+03   2.1660000E+03   1.4020000E+03   5.2099232E-04   6.7906587E-04
   1.5410929E+03   2.2050000E+03   1.4220000E+03   0.0000000E+00   0.0000000E+00
   1.5411005E+03   2.0780000E+03   1.3540000E+03   3.2835971E-05   0.0000000E+00
   1.5411080E+03   2.1890000E+03   1.3720000E+03   0.0000000E+00   0.0000000E+00
   1.5411155E+03   2.1380000E+03   1.3620000E+03   4.4460350E-04   6.9791650E-04
   1.5411230E+03   2.1540000E+03   1.3790000E+03   0.0000000E+00   0.0000000E+00
   1.5411306E+03   2.2140000E+03   1.4100000E+03   0.0000000E+00   0.0000000E+00
   1.5411381E+03   2.0960000E+03   1.3410000E+03   0.0000000E+00   0.0000000E+00
   1.5411456E+03   2.0890000E+03   1.3230000E+03   0.0000000E+00   0.0000000E+00
   1.5411532E+03   2.2130000E+03   1.4410000E+03   0.0000000E+00   0.0000000E+00
   1.5411607E+03   2.1940000E+03   1.3720000E+03   0.0000000E+00   0.0000000E+00
   1.5411682E+03   2.1600000E+03   1.3630000E+03   0.0000000E+00   0.0000000E+00
   1.5411757E+03   2.2320000E+03   1.4220000E+03   0.0000000E+00   0.0000000E+00
   1.5411833E+03   2.2250000E+03   1.4210000E+03   0.0000000E+00   0.0000000E+00
   1.5411908E+03   2.1360000E+03   1.3410000E+03   9.4259459E-05   1.5014035E-04
   1.5411983E+03   2.1100000E+03   1.3560000E+03   0.0000000E+00   0.0000000E+00
   1.5412059E+03   2.1730000E+03   1.3700000E+03   5.4238478E-05   0.0000000E+00
   1.5412134E+03   2.1620000E+03   1.3690000E+03   0.0000000E+00   0.0000000E+00
   1.5412209E+03   2.1620000E+03   1.3870000E+03   0.0000000E+00   0.0000000E+00
   1.5412284E+03   2.1550000E+03   1.3470000E+03   0.0000000E+00   0.0000000E+00
   1.5412360E+03   2.1090000E+03   1.3680000E+03   0.0000000E+00   0.0000000E+00
   1.5412435E+03   2.2260000E+03   1.4060000E+03   4.3062801E-04   6.8177663E-04
   1.5412510E+03   2.1800000E+03   1.3700000E+03   0.0000000E+00   0.0000000E+00
   1.5412586E+03   2.1840000E+03   1.3860000E+03   1.7862744E-04   2.8147355E-04
   1.5412661E+03   2.2390000E+03   1.3920000E+03   3.3143263E-04   5.3310177E-04
   1.5412736E+03   2.2360000E+03   1.3940000E+03   1.7030908E-04   2.7317869E-04
   1.5412811E+03   2.1940000E+03   1.4230000E+03   0.0000000E+00   0.0000000E+00
   1.5412887E+03   2.1980000E+03   1.3710000E+03   0.0000000E+00   0.0000000E+00
   1.5412962E+03   2.2160000E+03   1.3960000E+03   0.0000000E+00   0.0000000E+00
   1.5413037E+03   2.2720000E+03   1.3750000E+03   2.1451842E-04   3.5446243E-04
   1.5413113E+03   2.1640000E+03   1.3650000E+03   4.7114526E-04   7.4692919E-04
   1.5413188E+03   2.1770000E+03   1.3480000E+03   0.0000000E+00   0.0000000E+00
   1.5413263E+03   2.1620000E+03   1.3590000E+03   1.4568894E-05   0.0000000E+00
   1.5413338E+03   2.1880000E+03   1.3910000E+03   2.6465530E-05   4.1629460E-05
   1.5413414E+03   2.2410000E+03   1.4380000E+03   0.0000000E+00   0.0000000E+00
   1.5413489E+03   2.2500000E+03   1.4570000E+03   0.0000000E+00   0.0000000E+00
   1.5413564E+03   2.1720000E+03   1.3630000E+03   1.5791109E-04   2.5163821E-04
   1.5413640E+03   2.1820000E+03   1.3450000E+03   4.3922399E-04   7.1255520E-04
   1.5413715E+03   2.1800000E+03   1.3840000E+03   0.0000000E+00   0.0000000E+00
   1.5413790E+03   2.1750000E+03   1.3670000E+03   8.5421182E-05   1.3591154E-04
   1.5413865E+03   2.0830000E+03   1.3130000E+03   0.0000000E+00   0.0000000E+00
   1.5413941E+03   2.2430000E+03   1.4100000E+03   2.7194377E-04   4.3260274E-04
   1.5414016E+03   2.1500000E+03   1.3650000E+03   0.0000000E+00   0.0000000E+00
   1.5414091E+03   2.1500000E+03   1.3410000E+03   0.0000000E+00   0.0000000E+00
   1.5414167E+03   2.2310000E+03   1.3980000E+03   2.4279021E-04   3.8745705E-04
   1.5414242E+03   2.2350000E+03   1.4070000E+03   0.0000000E+00   0.0000000E+00
   1.5414317E+03   2.2020000E+03   1.3910000E+03   0.0000000E+00   0.0000000E+00
   1.5414392E+03   2.2040000E+03   1.3560000E+03   4.2750080E-04   6.9484644E-04
   1.5414468E+03   2.2680000E+03   1.4320000E+03   0.0000000E+00   0.0000000E+00
   1.5414543E+03   2.1990000E+03   1.3820000E+03   0.0000000E+00   0.0000000E+00
   1.5414618E+03   2.2920000E+03   1.3910000E+03   1.9848055E-04   3.2704343E-04
   1.5414694E+03   2.2090000E+03   1.4190000E+03   1.8105202E-04   2.8184913E-04
   1.5414769E+03   2.2540000E+03   1.4280000E+03   1.3946629E-04   2.2013796E-04
   1.5414844E+03   2.2860000E+03   1.4490000E+03   0.0000000E+00   0.0000000E+00
   1.5414919E+03   2.1640000E+03   1.3640000E+03   0.0000000E+00   0.0000000E+00
   1.5414995E+03   2.2690000E+03   1.4640000E+03   2.4251940E-04   3.7587194E-04
   1.5415070E+03   2.2190000E+03   1.3770000E+03   0.0000000E+00   0.0000000E+00
   1.5415145E+03   2.2240000E+03   1.3880000E+03   0.0000000E+00   0.0000000E+00
   1.5415221E+03   2.2530000E+03   1.4250000E+03   3.3811691E-04   5.3458062E-04
   1.5415296E+03   2.1900000E+03   1.3750000E+03   0.0000000E+00   0.0000000E+00
   1.5415371E+03   2.1770000E+03   1.3720000E+03   2.3470745E-06   3.7241846E-06
   1.5415446E+03   2.2280000E+03   1.4460000E+03   0.0000000E+00   0.0000000E+00
   1.5415522E+03   2.2090000E+03   1.3690000E+03   0.0000000E+00   0.0000000E+00
   1.5415597E+03   2.0990000E+03   1.3430000E+03   0.0000000E+00   0.0000000E+00
   1.5415672E+03   2.2320000E+03   1.4450000E+03   0.0000000E+00   0.0000000E+00
   1.5415747E+03   2.2970000E+03   1.4420000E+03   2.9577898E-04   4.7115418E-04
   1.5415823E+03   2.2530000E+03   1.4010000E+03   1.5854348E-04   2.5495965E-04
   1.5415898E+03   2.2240000E+03   1.3900000E+03   4.2814815E-04   0.0000000E+00
   1.5415973E+03   2.1430000E+03   1.3490000E+03   0.0000000E+00   0.0000000E+00
   1.5416049E+03   2.2450000E+03   1.4210000E+03   0.0000000E+00   0.0000000E+00
   1.5416124E+03   2.2300000E+03   1.4490000E+03   9.2823925E-05   1.4285532E-04
   1.5416199E+03   2.2470000E+03   1.4190000E+03   2.2691632E-04   0.0000000E+00
   1.5416274E+03   2.2310000E+03   1.4360000E+03   4.1819815E-04   6.4972150E-04
   1.5416350E+03   2.2360000E+03   1.4310000E+03   6.0520740E-04   5.1801941E-04
   1.5416425E+03   2.2000000E+03   1.3840000E+03   0.0000000E+00   0.0000000E+00
   1.5416500E+03   2.2200000E+03   1.4000000E+03   0.0000000E+00   0.0000000E+00
   1.5416576E+03   2.2140000E+03   1.4330000E+03   1.4523882E-05   2.2439549E-05
   1.5416651E+03   2.2660000E+03   1.4750000E+03   2.6753309E-04   4.1100337E-04
   1.5416726E+03   2.2740000E+03   1.4700000E+03   0.0000000E+00   0.0000000E+00
   1.5416801E+03   2.2570000E+03   1.4380000E+03   0.0000000E+00   0.0000000E+00
   1.5416877E+03   2.2560000E+03   1.4230000E+03   3.5893842E-05   5.6905486E-05
   1.5416952E+03   2.3030000E+03   1.4890000E+03   0.0000000E+00   0.0000000E+00
   1.5417027E+03   2.2120000E+03   1.3880000E+03   7.9755937E-05   0.0000000E+00
   1.5417103E+03   2.2180000E+03   1.3800000E+03   0.0000000E+00   0.0000000E+00
   1.5417178E+03   2.3450000E+03   1.5130000E+03   0.0000000E+00   0.0000000E+00
   1.5417253E+03   2.2640000E+03   1.4100000E+03   0.0000000E+00   0.0000000E+00
   1.5417328E+03   2.3060000E+03   1.4780000E+03   0.0000000E+00   0.0000000E+00
   1.5417404E+03   2.1820000E+03   1.3840000E+03   0.0000000E+00   0.0000000E+00
   1.5417479E+03   2.2570000E+03   1.4530000E+03   7.0746073E-05   1.0989256E-04
   1.5417554E+03   2.3530000E+03   1.5120000E+03   0.0000000E+00   0.0000000E+00
   1.5417630E+03   2.1950000E+03   1.3960000E+03   4.3672922E-04   6.8669099E-04
   1.5417705E+03   2.3040000E+03   1.4420000E+03   2.3967165E-05   0.0000000E+00
   1.5417780E+03   2.3240000E+03   1.4930000E+03   0.0000000E+00   0.0000000E+00
   1.5417855E+03   2.3070000E+03   1.4770000E+03   9.7053416E-05   0.0000000E+00
   1.5417931E+03   2.2360000E+03   1.4550000E+03   0.0000000E+00   0.0000000E+00
   1.5418006E+03   2.2270000E+03   1.4220000E+03   0.0000000E+00   0.0000000E+00
   1.5418081E+03   2.3510000E+03   1.4780000E+03   0.0000000E+00   0.0000000E+00
   1.5418157E+03   2.2640000E+03   1.4040000E+03   4.4459363E-04   4.2476076E-04
   1.5418232E+03   2.2610000E+03   1.4250000E+03   3.4996679E-04   5.5528063E-04
   1.5418307E+03   2.2910000E+03   1.4330000E+03   3.4699650E-04   5.5475853E-04
   1.5418382E+03   2.2760000E+03   1.4250000E+03   0.0000000E+00   0.0000000E+00
   1.5418458E+03   2.3080000E+03   1.4870000E+03   4.3916073E-04   6.8162943E-04
   1.5418533E+03   2.3280000E+03   1.4250000E+03   0.0000000E+00   0.0000000E+00
   1.5418608E+03   2.3190000E+03   1.4840000E+03   3.8933140E-04   6.0839590E-04
   1.5418684E+03   2.2080000E+03   1.3770000E+03   2.3824817E-04   3.8202757E-04
   1.5418759E+03   2.1950000E+03   1.3830000E+03   3.9621529E-04   6.2884495E-04
   1.5418834E+03   2.2120000E+03   1.4010000E+03   0.0000000E+00   0.0000000E+00
   1.5418909E+03   2.2710000E+03   1.4410000E+03   0.0000000E+00   0.0000000E+00
   1.5418985E+03   2.2090000E+03   1.4000000E+03   1.0920098E-05   1.7230355E-05
   1.5419060E+03   2.3620000E+03   1.5300000E+03   5.2934833E-04   8.1720312E-04
   1.5419135E+03   2.2790000E+03   1.4340000E+03   3.3978148E-04   5.4000138E-04
   1.5419211E+03   2.2920000E+03   1.4540000E+03   0.0000000E+00   0.0000000E+00
   1.5419286E+03   2.3460000E+03   1.4860000E+03   0.0000000E+00   0.0000000E+00
   1.5419361E+03   2.2330000E+03   1.4040000E+03   5.6821839E-04   3.3324183E-04
   1.5419436E+03   2.3280000E+03   1.4750000E+03   0.0000000E+00   0.0000000E+00
   1.5419512E+03   2.2720000E+03   1.4780000E+03   1.5445775E-04   2.3743438E-04
   1.5419587E+03   2.2560000E+03   1.4400000E+03   2.5853540E-04   4.0503879E-04
   1.5419662E+03   2.3340000E+03   1.4860000E+03   2.1025019E-06   3.3023146E-06
   1.5419738E+03   2.1470000E+03   1.3820000E+03   3.0017038E-05   0.0000000E+00
   1.5419813E+03   2.2100000E+03   1.3790000E+03   0.0000000E+00   0.0000000E+00
   1.5419888E+03   2.2190000E+03   1.3880000E+03   4.3920061E-04   7.0215140E-04
   1.5419963E+03   2.3260000E+03   1.4660000E+03   0.0000000E+00   0.0000000E+00
   1.5420039E+03   2.3020000E+03   1.4620000E+03   4.6495157E-05   7.3209201E-05
   1.5420114E+03   2.3820000E+03   1.5600000E+03   3.1356324E-04   4.7878695E-04
   1.5420189E+03   2.3060000E+03   1.4870000E+03   3.9567575E-04   6.1360341E-04
   1.5420264E+03   2.2420000E+03   1.4100000E+03   1.7242106E-04   2.7416171E-04
   1.5420340E+03   2.3340000E+03   1.4860000E+03   0.0000000E+00   0.0000000E+00
   1.5420415E+03   2.2790000E+03   1.4380000E+03   0.0000000E+00   0.0000000E+00
   1.5420490E+03   2.2780000E+03   1.4080000E+03   2.0752880E-05   3.3576037E-05
   1.5420566E+03   2.2940000E+03   1.4310000E+03   1.4940410E-04   2.3950595E-04
   1.5420641E+03   2.2930000E+03   1.4710000E+03   6.0951273E-05   9.5011061E-05
   1.5420716E+03   2.2510000E+03   1.4280000E+03   0.0000000E+00   0.0000000E+00
   1.5420791E+03   2.3330000E+03   1.4930000E+03   3.9198386E-04   6.1252401E-04
   1.5420867E+03   2.2770000E+03   1.4210000E+03   0.0000000E+00   0.0000000E+00
   1.5420942E+03   2.2290000E+03   1.4010000E+03   0.0000000E+00   0.0000000E+00
   1.5421017E+03   2.3190000E+03   1.4720000E+03   0.0000000E+00   0.0000000E+00
   1.5421093E+03   2.2680000E+03   1.4250000E+03   4.8422831E-05   7.7068759E-05
   1.5421168E+03   2.3160000E+03   1.4760000E+03   3.6189518E-04   5.6785179E-04
   1.5421243E+03   2.2960000E+03   1.4720000E+03   0.0000000E+00   0.0000000E+00
   1.5421318E+03   2.3090000E+03   1.4830000E+03   0.0000000E+00   0.0000000E+00
   1.5421394E+03   2.4030000E+03   1.5020000E+03   0.0000000E+00   0.0000000E+00
   1.5421469E+03   2.3060000E+03   1.3890000E+03   0.0000000E+00   0.0000000E+00
   1.5421544E+03   2.2520000E+03   1.4480000E+03   4.1343573E-04   6.4299535E-04
   1.5421620E+03   2.2920000E+03   1.4600000E+03   1.2788480E-04   2.0076162E-04
   1.5421695E+03   2.3510000E+03   1.5290000E+03   0.0000000E+00   0.0000000E+00
   1.5421770E+03   2.3290000E+03   1.4840000E+03   2.7393781E-04   3.8251366E-04
   1.5421845E+03   2.2900000E+03   1.4690000E+03   0.0000000E+00   0.0000000E+00
   1.5421921E+03   2.3520000E+03   1.4600000E+03   7.8778587E-05   0.0000000E+00
   1.5421996E+03   2.3080000E+03   1.4940000E+03   7.2418053E-05   0.0000000E+00
   1.5422071E+03   2.3390000E+03   1.5190000E+03   6.8130459E-04   5.3915159E-04
   1.5422147E+03   2.4320000E+03   1.5470000E+03   0.0000000E+00   0.0000000E+00
   1.5422222E+03   2.3420000E+03   1.4650000E+03   0.0000000E+00   0.0000000E+00
   1.5422297E+03   2.2860000E+03   1.4370000E+03   0.0000000E+00   0.0000000E+00
   1.5422372E+03   2.2830000E+03   1.4760000E+03   0.0000000E+00   0.0000000E+00
   1.5422448E+03   2.3010000E+03   1.4630000E+03   4.4632377E-05   7.0197608E-05
   1.5422523E+03   2.3830000E+03   1.5030000E+03   0.0000000E+00   0.0000000E+00
   1.5422598E+03   2.3930000E+03   1.5090000E+03   3.4968998E-04   5.5454481E-04
   1.5422674E+03   2.3970000E+03   1.5410000E+03   3.2733523E-04   5.0916453E-04
   1.5422749E+03   2.3390000E+03   1.4790000E+03   1.6383908E-04   2.5910724E-04
   1.5422824E+03   2.4320000E+03   1.5830000E+03   3.7735958E-04   0.0000000E+00
   1.5422899E+03   2.3310000E+03   1.4990000E+03   3.4292074E-04   5.3325434E-04
   1.5422975E+03   2.2240000E+03   1.3880000E+03   0.0000000E+00   0.0000000E+00
   1.5423050E+03   2.3740000E+03   1.5490000E+03   2.1192794E-04   0.0000000E+00
   1.5423125E+03   2.3430000E+03   1.4990000E+03   2.0204800E-04   3.1580951E-04
   1.5423201E+03   2.2950000E+03   1.4780000E+03   0.0000000E+00   0.0000000E+00
   1.5423276E+03   2.3810000E+03   1.5280000E+03   0.0000000E+00   0.0000000E+00
   1.5423351E+03   2.4160000E+03   1.5150000E+03   3.3369239E-04   0.0000000E+00
   1.5423426E+03   2.2660000E+03   1.4260000E+03   2.8143701E-04   4.4722039E-04
   1.5423502E+03   2.4390000E+03   1.5800000E+03   1.4630687E-04   0.0000000E+00
   1.5423577E+03   2.2630000E+03   1.4410000E+03   2.4229178E-05   0.0000000E+00
   1.5423652E+03   2.3110000E+03   1.4370000E+03   3.2077445E-04   0.0000000E+00
   1.5423728E+03   2.3940000E+03   1.5130000E+03   0.0000000E+00   0.0000000E+00
   1.5423803E+03   2.4790000E+03   1.5570000E+03   4.7091025E-05   0.0000000E+00
   1.5423878E+03   2.3820000E+03   1.5130000E+03   0.0000000E+00   0.0000000E+00
   1.5423953E+03   2.3050000E+03   1.4780000E+03   2.7819403E-04   4.3385470E-04
   1.5424029E+03   2.3060000E+03   1.4430000E+03   2.1242685E-04   3.3947076E-04
   1.5424104E+03   2.4060000E+03   1.5540000E+03   0.0000000E+00   0.0000000E+00
   1.5424179E+03   2.3830000E+03   1.5430000E+03   0.0000000E+00   0.0000000E+00
   1.5424255E+03   2.3230000E+03   1.4790000E+03   5.2185524E-05   8.1965498E-05
   1.5424330E+03   2.3910000E+03   1.5090000E+03   0.0000000E+00   0.0000000E+00
   1.5424405E+03   2.3030000E+03   1.4640000E+03   7.2355588E-05   1.1382167E-04
   1.5424480E+03   2.3080000E+03   1.4590000E+03   7.4323734E-04   1.1757312E-03
   1.5424556E+03   2.4270000E+03   1.5140000E+03   2.8223346E-04   4.5243105E-04
   1.5424631E+03   2.3440000E+03   1.4510000E+03   2.9043642E-04   5.9480388E-05
   1.5424706E+03   2.2700000E+03   1.4370000E+03   0.0000000E+00   0.0000000E+00
   1.5424781E+03   2.3800000E+03   1.4560000E+03   0.0000000E+00   0.0000000E+00
   1.5424857E+03   2.3750000E+03   1.4970000E+03   3.9207864E-04   0.0000000E+00
   1.5424932E+03   2.2480000E+03   1.4170000E+03   0.0000000E+00   0.0000000E+00
   1.5425007E+03   2.4010000E+03   1.5420000E+03   1.2064139E-04   8.8074596E-05
   1.5425083E+03   2.3280000E+03   1.5200000E+03   3.0525466E-04   4.6752161E-04
   1.5425158E+03   2.3340000E+03   1.5290000E+03   2.7910627E-04   4.2605234E-04
   1.5425233E+03   2.2780000E+03   1.4480000E+03   3.9721196E-04   6.2489561E-04
   1.5425308E+03   2.3330000E+03   1.4780000E+03   5.2715214E-05   8.3210144E-05
   1.5425384E+03   2.3630000E+03   1.4970000E+03   1.3269321E-04   2.0355290E-04
   1.5425459E+03   2.4000000E+03   1.5220000E+03   2.7180516E-04   4.2860210E-04
   1.5425534E+03   2.3550000E+03   1.5160000E+03   8.3512367E-05   1.2973062E-04
   1.5425610E+03   2.4010000E+03   1.5410000E+03   0.0000000E+00   0.0000000E+00
   1.5425685E+03   2.3830000E+03   1.5240000E+03   6.8156523E-05   1.0657283E-04
   1.5425760E+03   2.3580000E+03   1.4840000E+03   0.0000000E+00   0.0000000E+00
   1.5425835E+03   2.3850000E+03   1.4700000E+03   5.1184145E-04   8.3043663E-04
   1.5425911E+03   2.4070000E+03   1.5490000E+03   2.3198446E-04   3.6048198E-04
   1.5425986E+03   2.3070000E+03   1.4540000E+03   3.1628190E-04   5.0183104E-04
   1.5426061E+03   2.4110000E+03   1.5320000E+03   0.0000000E+00   0.0000000E+00
   1.5426137E+03   2.4270000E+03   1.5430000E+03   3.7176836E-04   5.8475814E-04
   1.5426212E+03   2.3710000E+03   1.5300000E+03   0.0000000E+00   0.0000000E+00
   1.5426287E+03   2.3790000E+03   1.5170000E+03   0.0000000E+00   0.0000000E+00
   1.5426362E+03   2.3820000E+03   1.5330000E+03   1.8253296E-05   0.0000000E+00
   1.5426438E+03   2.4190000E+03   1.5410000E+03   0.0000000E+00   0.0000000E+00
   1.5426513E+03   2.3800000E+03   1.5400000E+03   6.9869098E-05   2.5932003E-04
   1.5426588E+03   2.3510000E+03   1.5020000E+03   2.7717092E-04   5.8536401E-04
   1.5426664E+03   2.4830000E+03   1.5910000E+03   0.0000000E+00   0.0000000E+00
   1.5426739E+03   2.3690000E+03   1.5020000E+03   1.3747768E-04   0.0000000E+00
   1.5426814E+03   2.3310000E+03   1.4720000E+03   4.9460945E-04   7.8324364E-04
   1.5426889E+03   2.4200000E+03   1.5290000E+03   0.0000000E+00   0.0000000E+00
   1.5426965E+03   2.3460000E+03   1.4840000E+03   0.0000000E+00   0.0000000E+00
   1.5427040E+03   2.5170000E+03   1.5820000E+03   0.0000000E+00   0.0000000E+00
   1.5427115E+03   2.3850000E+03   1.5150000E+03   3.9116789E-04   6.1579895E-04
   1.5427191E+03   2.4670000E+03   1.5970000E+03   4.6701030E-04   9.3754075E-04
   1.5427266E+03   2.4460000E+03   1.5500000E+03   8.9569058E-05   1.4134575E-04
   1.5427341E+03   2.3740000E+03   1.5150000E+03   2.6206800E-04   4.1065969E-04
   1.5427416E+03   2.3080000E+03   1.4950000E+03   1.0451246E-04   1.6134767E-04
   1.5427492E+03   2.3670000E+03   1.5010000E+03   3.5645720E-04   5.6211472E-04
   1.5427567E+03   2.4590000E+03   1.5520000E+03   4.9719338E-04   0.0000000E+00
   1.5427642E+03   2.4210000E+03   1.5510000E+03   1.8204293E-04   2.8415598E-04
   1.5427718E+03   2.3970000E+03   1.4910000E+03   4.1434714E-05   0.0000000E+00
   1.5427793E+03   2.4430000E+03   1.5580000E+03   3.6680290E-04   5.7516013E-04
   1.5427868E+03   2.3540000E+03   1.4960000E+03   6.0691457E-05   9.5499793E-05
   1.5427943E+03   2.4320000E+03   1.5630000E+03   2.3638700E-07   0.0000000E+00
   1.5428019E+03   2.3890000E+03   1.5260000E+03   0.0000000E+00   0.0000000E+00
   1.5428094E+03   2.4160000E+03   1.5220000E+03   0.0000000E+00   0.0000000E+00
   1.5428169E+03   2.3850000E+03   1.4990000E+03   0.0000000E+00   0.0000000E+00
   1.5428245E+03   2.5040000E+03   1.5780000E+03   0.0000000E+00   0.0000000E+00
   1.5428320E+03   2.4520000E+03   1.5560000E+03   3.7036108E-04   5.8362813E-04
   1.5428395E+03   2.3800000E+03   1.5320000E+03   0.0000000E+00   0.0000000E+00
   1.5428470E+03   2.3890000E+03   1.5200000E+03   1.0564433E-04   2.1409093E-04
   1.5428546E+03   2.5310000E+03   1.6130000E+03   0.0000000E+00   0.0000000E+00
   1.5428621E+03   2.4500000E+03   1.5700000E+03   1.5085841E-04   2.3541599E-04
   1.5428696E+03   2.4160000E+03   1.5660000E+03   0.0000000E+00   0.0000000E+00
   1.5428772E+03   2.4120000E+03   1.5140000E+03   2.5734617E-04   4.0998610E-04
   1.5428847E+03   2.3930000E+03   1.5250000E+03   0.0000000E+00   0.0000000E+00
   1.5428922E+03   2.4930000E+03   1.5990000E+03   3.1132259E-05   4.8538288E-05
   1.5428997E+03   2.4000000E+03   1.5120000E+03   0.0000000E+00   0.0000000E+00
   1.5429073E+03   2.3890000E+03   1.5210000E+03   3.9958613E-04   5.9853078E-04
   1.5429148E+03   2.4700000E+03   1.5480000E+03   2.7556172E-04   4.3968827E-04
   1.5429223E+03   2.4590000E+03   1.5610000E+03   0.0000000E+00   0.0000000E+00
   1.5429298E+03   2.3870000E+03   1.5170000E+03   0.0000000E+00   0.0000000E+00
   1.5429374E+03   2.5030000E+03   1.5900000E+03   1.7889807E-04   2.8162382E-04
   1.5429449E+03   2.4210000E+03   1.5690000E+03   0.0000000E+00   0.0000000E+00
   1.5429524E+03   2.4030000E+03   1.5110000E+03   2.7258660E-04   4.3350470E-04
   1.5429600E+03   2.4060000E+03   1.5230000E+03   0.0000000E+00   0.0000000E+00
   1.5429675E+03   2.4330000E+03   1.4940000E+03   1.9064254E-04   3.1046406E-04
   1.5429750E+03   2.4410000E+03   1.5890000E+03   0.0000000E+00   0.0000000E+00
   1.5429825E+03   2.4300000E+03   1.5740000E+03   0.0000000E+00   0.0000000E+00
   1.5429901E+03   2.4250000E+03   1.5410000E+03   2.7075405E-04   5.2981436E-04
   1.5429976E+03   2.4710000E+03   1.5650000E+03   3.7918860E-04   5.9870609E-04
   1.5430051E+03   2.4120000E+03   1.5100000E+03   1.5506375E-04   2.4769124E-04
   1.5430127E+03   2.5140000E+03   1.5890000E+03   3.7845549E-04   5.9876470E-04
   1.5430202E+03   2.4780000E+03   1.5930000E+03   3.3204753E-04   5.1651838E-04
   1.5430277E+03   2.4070000E+03   1.5510000E+03   0.0000000E+00   0.0000000E+00
   1.5430352E+03   2.3990000E+03   1.5280000E+03   1.1537145E-05   1.8113620E-05
   1.5430428E+03   2.4370000E+03   1.5590000E+03   2.0557792E-04   3.2135561E-04
   1.5430503E+03   2.4860000E+03   1.5570000E+03   1.8920676E-04   3.1858288E-04
   1.5430578E+03   2.5040000E+03   1.5880000E+03   0.0000000E+00   0.0000000E+00
   1.5430654E+03   2.4710000E+03   1.5840000E+03   2.1859233E-04   3.4099852E-04
   1.5430729E+03   2.4520000E+03   1.5760000E+03   1.3799544E-05   0.0000000E+00
   1.5430804E+03   2.4550000E+03   1.5630000E+03   8.1637645E-05   0.0000000E+00
   1.5430879E+03   2.3490000E+03   1.5080000E+03   3.8016245E-04   5.9217612E-04
   1.5430955E+03   2.4730000E+03   1.6150000E+03   6.7651688E-05   1.0359296E-04
   1.5431030E+03   2.4170000E+03   1.5480000E+03   5.6185191E-04   3.9088369E-04
   1.5431105E+03   2.4480000E+03   1.5560000E+03   1.0753104E-04   1.6917480E-04
   1.5431181E+03   2.3300000E+03   1.4640000E+03   1.2881855E-04   2.0501860E-04
   1.5431256E+03   2.4290000E+03   1.5500000E+03   3.3606617E-04   5.2664822E-04
   1.5431331E+03   2.3390000E+03   1.4830000E+03   3.4027594E-04   5.3668605E-04
   1.5431406E+03   2.4810000E+03   1.5770000E+03   0.0000000E+00   0.0000000E+00
   1.5431482E+03   2.4970000E+03   1.5880000E+03   5.1204040E-05   0.0000000E+00
   1.5431557E+03   2.4130000E+03   1.4850000E+03   3.0846848E-04   5.0123531E-04
   1.5431632E+03   2.3180000E+03   1.4770000E+03   3.6876474E-04   5.7873844E-04
   1.5431708E+03   2.4920000E+03   1.5410000E+03   0.0000000E+00   0.0000000E+00
   1.5431783E+03   2.4430000E+03   1.5610000E+03   0.0000000E+00   0.0000000E+00
   1.5431858E+03   2.4690000E+03   1.5660000E+03   3.2379972E-04   5.1051182E-04
   1.5431933E+03   2.4900000E+03   1.5860000E+03   1.9947902E-04   0.0000000E+00
   1.5432009E+03   2.4540000E+03   1.5590000E+03   3.5778851E-04   5.6318986E-04
   1.5432084E+03   2.4840000E+03   1.5820000E+03   1.3927159E-04   2.1867928E-04
   1.5432159E+03   2.5420000E+03   1.6240000E+03   0.0000000E+00   0.0000000E+00
   1.5432235E+03   2.4690000E+03   1.5440000E+03   0.0000000E+00   0.0000000E+00
   1.5432310E+03   2.4820000E+03   1.5920000E+03   3.2414725E-04   5.0536022E-04
   1.5432385E+03   2.5520000E+03   1.6300000E+03   1.3117216E-04   0.0000000E+00
   1.5432460E+03   2.4200000E+03   1.5260000E+03   6.3824565E-04   5.6692886E-04
   1.5432536E+03   2.4900000E+03   1.6350000E+03   2.1005996E-04   0.0000000E+00
   1.5432611E+03   2.4470000E+03   1.5060000E+03   2.5755655E-04   2.1517080E-04
   1.5432686E+03   2.5600000E+03   1.6430000E+03   7.0404076E-04   1.0969838E-03
   1.5432762E+03   2.4210000E+03   1.5210000E+03   6.9632010E-04   6.1239376E-04
   1.5432837E+03   2.4350000E+03   1.5850000E+03   2.5331316E-04   3.8915934E-04
   1.5432912E+03   2.5200000E+03   1.6020000E+03   5.0788142E-04   7.9891459E-04
   1.5432987E+03   2.5300000E+03   1.6310000E+03   0.0000000E+00   0.0000000E+00
   1.5433063E+03   2.4080000E+03   1.5300000E+03   1.6769560E-04   2.6392875E-04
   1.5433138E+03   2.4880000E+03   1.5950000E+03   0.0000000E+00   0.0000000E+00
   1.5433213E+03   2.3930000E+03   1.5360000E+03   3.8388342E-04   5.9806838E-04
   1.5433289E+03   2.4810000E+03   1.5850000E+03   9.3130576E-05   1.4577726E-04
   1.5433364E+03   2.4460000E+03   1.5570000E+03   0.0000000E+00   0.0000000E+00
   1.5433439E+03   2.4790000E+03   1.5480000E+03   0.0000000E+00   0.0000000E+00
   1.5433514E+03   2.4210000E+03   1.5730000E+03   6.7509612E-05   1.0390386E-04
   1.5433590E+03   2.4870000E+03   1.5630000E+03   0.0000000E+00   0.0000000E+00
   1.5433665E+03   2.4970000E+03   1.5860000E+03   0.0000000E+00   0.0000000E+00
   1.5433740E+03   2.4560000E+03   1.5970000E+03   7.4844022E-05   1.1510139E-04
   1.5433815E+03   2.3880000E+03   1.4970000E+03   0.0000000E+00   0.0000000E+00
   1.5433891E+03   2.4600000E+03   1.5960000E+03   0.0000000E+00   0.0000000E+00
   1.5433966E+03   2.5900000E+03   1.6440000E+03   0.0000000E+00   0.0000000E+00
   1.5434041E+03   2.5010000E+03   1.5820000E+03   0.0000000E+00   0.0000000E+00
   1.5434117E+03   2.4390000E+03   1.5280000E+03   1.2772720E-04   2.0387870E-04
   1.5434192E+03   2.4710000E+03   1.5650000E+03   0.0000000E+00   0.0000000E+00
   1.5434267E+03   2.4020000E+03   1.4990000E+03   0.0000000E+00   0.0000000E+00
   1.5434342E+03   2.5150000E+03   1.6030000E+03   4.2041545E-06   0.0000000E+00
   1.5434418E+03   2.5230000E+03   1.5960000E+03   1.9759880E-04   4.2067334E-04
   1.5434493E+03   2.4450000E+03   1.5240000E+03   5.7856968E-04   9.2821711E-04
   1.5434568E+03   2.5550000E+03   1.6600000E+03   0.0000000E+00   0.0000000E+00
   1.5434644E+03   2.4790000E+03   1.5910000E+03   4.5328674E-05   0.0000000E+00
   1.5434719E+03   2.5260000E+03   1.6150000E+03   3.1418464E-04   4.9141201E-04
   1.5434794E+03   2.4910000E+03   1.6350000E+03   5.2034714E-04   7.9277353E-04
   1.5434869E+03   2.3880000E+03   1.5540000E+03   4.6589374E-04   7.1592938E-04
   1.5434945E+03   2.5060000E+03   1.6230000E+03   0.0000000E+00   0.0000000E+00
   1.5435020E+03   2.5070000E+03   1.5830000E+03   3.1899553E-04   4.6479873E-04
   1.5435095E+03   2.4910000E+03   1.5860000E+03   0.0000000E+00   0.0000000E+00
   1.5435171E+03   2.5230000E+03   1.6170000E+03   1.0785835E-04   1.6829105E-04
   1.5435246E+03   2.5550000E+03   1.6460000E+03   5.2956829E-04   8.2202125E-04
   1.5435321E+03   2.5260000E+03   1.5700000E+03   1.8167599E-04   1.0646449E-04
   1.5435396E+03   2.5290000E+03   1.5870000E+03   1.6696045E-04   2.7881977E-04
   1.5435472E+03   2.4280000E+03   1.5680000E+03   3.4549551E-04   5.3498922E-04
   1.5435547E+03   2.5820000E+03   1.6750000E+03   8.7748906E-05   1.3526428E-04
   1.5435622E+03   2.5360000E+03   1.6110000E+03   3.5990917E-06   5.6656093E-06
   1.5435698E+03   2.5170000E+03   1.6030000E+03   2.6011393E-04   4.0842593E-04
   1.5435773E+03   2.4960000E+03   1.5780000E+03   2.5353946E-04   4.0103580E-04
   1.5435848E+03   2.4890000E+03   1.5940000E+03   1.1108276E-04   3.3968711E-04
   1.5435923E+03   2.4950000E+03   1.6070000E+03   4.2435316E-05   6.5884328E-05
   1.5435999E+03   2.5360000E+03   1.6250000E+03   0.0000000E+00   0.0000000E+00
   1.5436074E+03   2.4960000E+03   1.5910000E+03   1.7056356E-04   2.6758431E-04
   1.5436149E+03   2.5790000E+03   1.6680000E+03   6.0082802E-04   9.2897810E-04
   1.5436225E+03   2.5290000E+03   1.6070000E+03   0.0000000E+00   0.0000000E+00
   1.5436300E+03   2.4940000E+03   1.5690000E+03   1.8842907E-04   2.9951695E-04
   1.5436375E+03   2.5450000E+03   1.6230000E+03   9.8285513E-05   0.0000000E+00
   1.5436450E+03   2.5120000E+03   1.5980000E+03   0.0000000E+00   0.0000000E+00
   1.5436526E+03   2.5580000E+03   1.6780000E+03   2.9039086E-04   4.4268165E-04
   1.5436601E+03   2.6060000E+03   1.6580000E+03   2.9469185E-04   4.6318876E-04
   1.5436676E+03   2.5610000E+03   1.6260000E+03   3.1882381E-04   4.8421203E-04
   1.5436752E+03   2.5340000E+03   1.6070000E+03   1.2149686E-05   1.9158248E-05
   1.5436827E+03   2.6080000E+03   1.6340000E+03   3.2867422E-04   5.2459142E-04
   1.5436902E+03   2.5430000E+03   1.6170000E+03   9.0017800E-05   1.4156788E-04
   1.5436977E+03   2.5280000E+03   1.6310000E+03   3.4957725E-04   5.4183402E-04
   1.5437053E+03   2.4800000E+03   1.5960000E+03   2.8695222E-04   4.4589067E-04
   1.5437128E+03   2.5420000E+03   1.5780000E+03   7.2172547E-06   0.0000000E+00
   1.5437203E+03   2.5340000E+03   1.5950000E+03   2.3072785E-04   3.6656073E-04
   1.5437279E+03   2.5330000E+03   1.5940000E+03   0.0000000E+00   0.0000000E+00
   1.5437354E+03   2.5500000E+03   1.6150000E+03   7.0510382E-05   1.2043833E-04
   1.5437429E+03   2.5140000E+03   1.6330000E+03   2.0521334E-04   3.1592550E-04
   1.5437504E+03   2.5520000E+03   1.6230000E+03   3.9801538E-04   3.8245370E-04
   1.5437580E+03   2.5830000E+03   1.6500000E+03   1.7037646E-04   3.5872331E-04
   1.5437655E+03   2.4770000E+03   1.5510000E+03   6.4360598E-05   1.0278607E-04
   1.5437730E+03   2.5940000E+03   1.6890000E+03   4.2131114E-04   6.4705808E-04
   1.5437806E+03   2.5200000E+03   1.6000000E+03   0.0000000E+00   0.0000000E+00
   1.5437881E+03   2.5230000E+03   1.6000000E+03   0.0000000E+00   0.0000000E+00
   1.5437956E+03   2.5040000E+03   1.5470000E+03   1.1006221E-04   9.2590378E-05
   1.5438031E+03   2.5500000E+03   1.6340000E+03   6.4754986E-05   0.0000000E+00
   1.5438107E+03   2.5840000E+03   1.6260000E+03   3.6387246E-04   2.0249566E-04
   1.5438182E+03   2.4520000E+03   1.5590000E+03   1.3098322E-04   2.0601082E-04
   1.5438257E+03   2.5030000E+03   1.5850000E+03   1.6622650E-04   2.4571063E-04
   1.5438332E+03   2.5160000E+03   1.6280000E+03   2.3262106E-04   0.0000000E+00
   1.5438408E+03   2.6250000E+03   1.6550000E+03   5.4380343E-05   1.1621850E-04
   1.5438483E+03   2.6270000E+03   1.6550000E+03   2.3374082E-04   3.7101942E-04
   1.5438558E+03   2.5620000E+03   1.6330000E+03   4.1338068E-04   6.4854949E-04
   1.5438634E+03   2.5450000E+03   1.6000000E+03   4.0898089E-04   6.5053523E-04
   1.5438709E+03   2.5360000E+03   1.6180000E+03   0.0000000E+00   0.0000000E+00
   1.5438784E+03   2.5770000E+03   1.6570000E+03   5.5175371E-04   8.5809855E-04
   1.5438859E+03   2.5720000E+03   1.6550000E+03   0.0000000E+00   0.0000000E+00
   1.5438935E+03   2.4510000E+03   1.5440000E+03   1.9884585E-04   3.1565490E-04
   1.5439010E+03   2.6240000E+03   1.6800000E+03   3.0598881E-04   5.0277163E-04
   1.5439085E+03   2.5520000E+03   1.6140000E+03   4.9846835E-04   7.8816061E-04
   1.5439161E+03   2.5220000E+03   1.6290000E+03   9.5695651E-05   1.4815496E-04
   1.5439236E+03   2.5410000E+03   1.5620000E+03   0.0000000E+00   0.0000000E+00
   1.5439311E+03   2.5400000E+03   1.6420000E+03   3.3290287E-04   5.1496546E-04
   1.5439386E+03   2.5400000E+03   1.5940000E+03   2.0613736E-04   3.0268832E-04
   1.5439462E+03   2.5230000E+03   1.5820000E+03   9.6443570E-06   1.5380981E-05
   1.5439537E+03   2.5240000E+03   1.6000000E+03   6.2731000E-05   9.8958152E-05
   1.5439612E+03   2.5470000E+03   1.6340000E+03   1.8460212E-04   2.8774884E-04
   1.5439688E+03   2.5210000E+03   1.5990000E+03   0.0000000E+00   0.0000000E+00
   1.5439763E+03   2.6370000E+03   1.6840000E+03   1.1794193E-04   1.8468697E-04
   1.5439838E+03   2.5800000E+03   1.6170000E+03   2.9838223E-04   4.7608297E-04
   1.5439913E+03   2.5470000E+03   1.6210000E+03   1.6675864E-04   2.6201990E-04
   1.5439989E+03   2.6550000E+03   1.7060000E+03   1.6116322E-06   2.5081381E-06
   1.5440064E+03   2.6770000E+03   1.6920000E+03   3.8960495E-04   6.1641398E-04
   1.5440139E+03   2.5930000E+03   1.6450000E+03   0.0000000E+00   0.0000000E+00
   1.5440215E+03   2.5090000E+03   1.5780000E+03   2.3705923E-04   3.7692116E-04
   1.5440290E+03   2.6000000E+03   1.6550000E+03   3.0184208E-04   4.7419300E-04
   1.5440365E+03   2.5320000E+03   1.5610000E+03   1.4099796E-04   2.2870392E-04
   1.5440440E+03   2.6350000E+03   1.6470000E+03   1.0671329E-04   0.0000000E+00
   1.5440516E+03   2.5860000E+03   1.6650000E+03   1.3213962E-04   2.0523307E-04
   1.5440591E+03   2.5870000E+03   1.6360000E+03   7.5706670E-05   2.2433821E-04
   1.5440666E+03   2.4990000E+03   1.6060000E+03   3.5356917E-04   5.5016771E-04
   1.5440742E+03   2.6340000E+03   1.6130000E+03   4.7696849E-05   1.0478690E-04
   1.5440817E+03   2.5860000E+03   1.6140000E+03   1.1436999E-04   1.8324708E-04
   1.5440892E+03   2.5710000E+03   1.6380000E+03   0.0000000E+00   0.0000000E+00
   1.5440967E+03   2.4930000E+03   1.5340000E+03   0.0000000E+00   0.0000000E+00
   1.5441043E+03   2.4980000E+03   1.6240000E+03   7.4386375E-05   0.0000000E+00
   1.5441118E+03   2.5170000E+03   1.5940000E+03   1.3947259E-04   0.0000000E+00
   1.5441193E+03   2.5760000E+03   1.6890000E+03   0.0000000E+00   0.0000000E+00
   1.5441269E+03   2.5190000E+03   1.5920000E+03   4.9991698E-05   7.9101186E-05
   1.5441344E+03   2.4760000E+03   1.5870000E+03   2.8889380E-04   4.5072530E-04
   1.5441419E+03   2.6470000E+03   1.6910000E+03   1.3216174E-04   0.0000000E+00
   1.5441494E+03   2.6360000E+03   1.6410000E+03   5.7766953E-04   4.8062596E-04
   1.5441570E+03   2.6180000E+03   1.6370000E+03   6.1833419E-05   2.3310152E-04
   1.5441645E+03   2.5710000E+03   1.6010000E+03   3.2168684E-04   4.5718668E-04
   1.5441720E+03   2.5840000E+03   1.6270000E+03   1.8144308E-04   2.8816775E-04
   1.5441796E+03   2.6820000E+03   1.7210000E+03   2.8655762E-04   4.3416982E-04
   1.5441871E+03   2.5290000E+03   1.6130000E+03   0.0000000E+00   0.0000000E+00
   1.5441946E+03   2.5230000E+03   1.6080000E+03   2.5793166E-04   3.2194079E-04
   1.5442021E+03   2.6150000E+03   1.7050000E+03   4.0853571E-04   5.0236042E-04
   1.5442097E+03   2.6040000E+03   1.6500000E+03   4.8470471E-04   7.6495215E-04
   1.5442172E+03   2.5700000E+03   1.5910000E+03   6.3776289E-04   1.0302015E-03
   1.5442247E+03   2.6250000E+03   1.6990000E+03   1.5585799E-04   0.0000000E+00
   1.5442323E+03   2.6270000E+03   1.6710000E+03   2.8356203E-04   4.4579141E-04
   1.5442398E+03   2.5430000E+03   1.6390000E+03   3.0592878E-04   4.7466558E-04
   1.5442473E+03   2.5900000E+03   1.6260000E+03   3.6477064E-04   5.8103073E-04
   1.5442548E+03   2.6230000E+03   1.6660000E+03   7.7737625E-05   0.0000000E+00
   1.5442624E+03   2.5940000E+03   1.6710000E+03   0.0000000E+00   0.0000000E+00
   1.5442699E+03   2.5250000E+03   1.6160000E+03   3.2885698E-04   5.1383903E-04
   1.5442774E+03   2.6240000E+03   1.6410000E+03   3.1005569E-04   4.9578679E-04
   1.5442849E+03   2.5670000E+03   1.6670000E+03   3.6821262E-04   7.3750458E-04
   1.5442925E+03   2.6640000E+03   1.6910000E+03   4.9608431E-05   1.5199749E-05
   1.5443000E+03   2.5430000E+03   1.6260000E+03   0.0000000E+00   0.0000000E+00
   1.5443075E+03   2.5850000E+03   1.6050000E+03   0.0000000E+00   0.0000000E+00
   1.5443151E+03   2.6330000E+03   1.6740000E+03   3.4553706E-04   5.4348809E-04
   1.5443226E+03   2.5580000E+03   1.6200000E+03   9.5330866E-05   1.5052861E-04
   1.5443301E+03   2.5100000E+03   1.5730000E+03   3.0586350E-04   4.8805937E-04
   1.5443376E+03   2.6200000E+03   1.6630000E+03   3.4302629E-04   5.4042627E-04
   1.5443452E+03   2.5660000E+03   1.6210000E+03   1.5171100E-04   2.4015449E-04
   1.5443527E+03   2.5640000E+03   1.6290000E+03   1.6503755E-04   2.5976444E-04
   1.5443602E+03   2.6760000E+03   1.7360000E+03   3.0599946E-04   4.5832129E-04
   1.5443678E+03   2.5660000E+03   1.6380000E+03   2.3696430E-04   0.0000000E+00
   1.5443753E+03   2.6580000E+03   1.7050000E+03   2.4576086E-04   3.8312749E-04
   1.5443828E+03   2.6310000E+03   1.6580000E+03   4.2996914E-04   6.4508399E-04
   1.5443903E+03   2.5670000E+03   1.6420000E+03   3.5887302E-04   5.6103962E-04
   1.5443979E+03   2.6330000E+03   1.6500000E+03   2.7035301E-04   4.3141787E-04
   1.5444054E+03   2.6180000E+03   1.6680000E+03   1.7775826E-04   9.0222941E-05
   1.5444129E+03   2.5910000E+03   1.6250000E+03   3.2752807E-04   5.2223090E-04
   1.5444205E+03   2.5020000E+03   1.5830000E+03   2.2879749E-04   5.1220437E-04
   1.5444280E+03   2.5350000E+03   1.6120000E+03   2.4584421E-04   4.2414171E-04
   1.5444355E+03   2.6220000E+03   1.6690000E+03   1.1366258E-04   1.7856398E-04
   1.5444430E+03   2.6180000E+03   1.6800000E+03   1.5428262E-04   2.1245843E-04
   1.5444506E+03   2.5730000E+03   1.5860000E+03   3.3602920E-04   5.2871626E-04
   1.5444581E+03   2.5430000E+03   1.6190000E+03   4.5999192E-04   6.4891549E-04
   1.5444656E+03   2.5480000E+03   1.5780000E+03   3.8639122E-04   6.3477437E-04
   1.5444732E+03   2.6230000E+03   1.6850000E+03   2.3612092E-04   3.4457997E-04
   1.5444807E+03   2.6740000E+03   1.7290000E+03   2.3503496E-04   3.6349537E-04
   1.5444882E+03   2.6000000E+03   1.6610000E+03   3.0501347E-04   7.3548372E-05
   1.5444957E+03   2.6070000E+03   1.6970000E+03   2.4863933E-04   3.8196978E-04
   1.5445033E+03   2.6360000E+03   1.6870000E+03   2.4757192E-04   9.2250697E-05
   1.5445108E+03   2.6290000E+03   1.6410000E+03   5.2897187E-05   8.4745097E-05
   1.5445183E+03   2.6550000E+03   1.6770000E+03   1.5299543E-05   2.4221996E-05
   1.5445259E+03   2.6690000E+03   1.7280000E+03   4.3565310E-04   6.7289243E-04
   1.5445334E+03   2.6860000E+03   1.7190000E+03   0.0000000E+00   0.0000000E+00
   1.5445409E+03   2.6110000E+03   1.6660000E+03   2.1233203E-04   3.3280625E-04
   1.5445484E+03   2.6580000E+03   1.6580000E+03   1.1726676E-04   1.8799461E-04
   1.5445560E+03   2.5650000E+03   1.6350000E+03   0.0000000E+00   0.0000000E+00
   1.5445635E+03   2.5450000E+03   1.5970000E+03   3.2909574E-04   5.3292517E-04
   1.5445710E+03   2.7150000E+03   1.7280000E+03   4.2275944E-04   1.7373423E-04
   1.5445786E+03   2.6050000E+03   1.6480000E+03   3.2293021E-04   5.1045703E-04
   1.5445861E+03   2.6140000E+03   1.6770000E+03   2.0929896E-04   3.0002551E-04
   1.5445936E+03   2.6150000E+03   1.6570000E+03   2.7022362E-04   4.2645430E-04
   1.5446011E+03   2.6650000E+03   1.7420000E+03   4.4971955E-04   6.8800379E-04
   1.5446087E+03   2.6110000E+03   1.6750000E+03   5.3839950E-04   8.3926035E-04
   1.5446162E+03   2.6370000E+03   1.6600000E+03   1.6228071E-05   2.5779170E-05
   1.5446237E+03   2.6140000E+03   1.6550000E+03   8.2967647E-05   2.2225568E-04
   1.5446313E+03   2.6650000E+03   1.7070000E+03   1.6062982E-04   2.5077824E-04
   1.5446388E+03   2.6690000E+03   1.7020000E+03   8.1992366E-05   1.2857675E-04
   1.5446463E+03   2.6380000E+03   1.6830000E+03   4.8922697E-04   2.5254075E-04
   1.5446538E+03   2.5460000E+03   1.6420000E+03   7.5490038E-04   9.7116855E-04
   1.5446614E+03   2.6240000E+03   1.6530000E+03   1.1481779E-04   1.8226369E-04
   1.5446689E+03   2.5890000E+03   1.6510000E+03   2.4027270E-04   3.7678136E-04
   1.5446764E+03   2.6090000E+03   1.6480000E+03   4.0943420E-04   5.7601137E-04
   1.5446840E+03   2.6950000E+03   1.7300000E+03   1.3277908E-04   2.0684372E-04
   1.5446915E+03   2.6840000E+03   1.6940000E+03   4.8090776E-04   7.6195775E-04
   1.5446990E+03   2.7020000E+03   1.7390000E+03   3.7718986E-04   5.2186223E-04
   1.5447065E+03   2.6650000E+03   1.6910000E+03   1.0945855E-04   3.4253256E-04
   1.5447141E+03   2.6870000E+03   1.7030000E+03   0.0000000E+00   0.0000000E+00
   1.5447216E+03   2.5900000E+03   1.6640000E+03   4.2699896E-04   6.6461978E-04
   1.5447291E+03   2.6620000E+03   1.7200000E+03   2.0649035E-04   3.1957983E-04
   1.5447366E+03   2.5630000E+03   1.6290000E+03   0.0000000E+00   0.0000000E+00
   1.5447442E+03   2.5910000E+03   1.6570000E+03   5.5590841E-04   7.1446544E-04
   1.5447517E+03   2.6450000E+03   1.6490000E+03   2.3810600E-04   3.8192261E-04
   1.5447592E+03   2.7050000E+03   1.7190000E+03   2.5709095E-04   4.0455557E-04
   1.5447668E+03   2.6630000E+03   1.6770000E+03   2.9709439E-04   1.9776857E-04
   1.5447743E+03   2.6630000E+03   1.6820000E+03   6.7976709E-04   9.9394270E-04
   1.5447818E+03   2.6570000E+03   1.6590000E+03   2.8645879E-04   4.5878300E-04
   1.5447893E+03   2.6230000E+03   1.6560000E+03   3.3913816E-04   5.7260762E-04
   1.5447969E+03   2.7300000E+03   1.7550000E+03   1.7678285E-05   2.7499555E-05
   1.5448044E+03   2.6430000E+03   1.6830000E+03   4.5049700E-04   7.0746499E-04
   1.5448119E+03   2.7020000E+03   1.7320000E+03   4.0746755E-04   6.3627043E-04
   1.5448195E+03   2.7840000E+03   1.7600000E+03   9.6884938E-05   1.5325436E-04
   1.5448270E+03   2.6680000E+03   1.7330000E+03   8.9186561E-05   1.3730510E-04
   1.5448345E+03   2.7310000E+03   1.7070000E+03   1.6636416E-04   2.6616316E-04
   1.5448420E+03   2.6150000E+03   1.6770000E+03   8.8424122E-04   1.3752023E-03
   1.5448496E+03   2.6160000E+03   1.6590000E+03   5.9866629E-04   9.4400905E-04
   1.5448571E+03   2.6290000E+03   1.6960000E+03   4.4611556E-04   4.2677101E-04
   1.5448646E+03   2.6570000E+03   1.6690000E+03   4.0672841E-04   6.4749993E-04
   1.5448722E+03   2.5610000E+03   1.5950000E+03   6.7223062E-04   1.0793621E-03
   1.5448797E+03   2.6350000E+03   1.7380000E+03   2.4729131E-04   3.6046017E-04
   1.5448872E+03   2.7710000E+03   1.7890000E+03   3.3125968E-04   1.0126598E-04
   1.5448947E+03   2.6880000E+03   1.6960000E+03   5.1956377E-05   8.6914943E-05
   1.5449023E+03   2.6170000E+03   1.6920000E+03   2.4161433E-04   3.7370254E-04
   1.5449098E+03   2.6380000E+03   1.6600000E+03   8.8599154E-05   2.4598534E-06
   1.5449173E+03   2.5670000E+03   1.6240000E+03   4.7942106E-04   6.6839329E-04
   1.5449249E+03   2.6840000E+03   1.6960000E+03   3.5456671E-04   5.6111855E-04
   1.5449324E+03   2.7100000E+03   1.7690000E+03   4.1148217E-04   6.3036556E-04
   1.5449399E+03   2.6410000E+03   1.6760000E+03   0.0000000E+00   0.0000000E+00
   1.5449474E+03   2.6670000E+03   1.6990000E+03   2.5988459E-04   4.0795303E-04
   1.5449550E+03   2.6540000E+03   1.7000000E+03   1.7575904E-04   3.4896196E-04
   1.5449625E+03   2.6290000E+03   1.6430000E+03   3.2768456E-04   5.2433519E-04
   1.5449700E+03   2.6700000E+03   1.6820000E+03   8.5211796E-04   1.3526486E-03
   1.5449776E+03   2.6530000E+03   1.6890000E+03   5.3692379E-04   8.4337408E-04
   1.5449851E+03   2.5620000E+03   1.6340000E+03   3.5130439E-04   5.5082121E-04
   1.5449926E+03   2.7110000E+03   1.7250000E+03   6.5458860E-04   1.0287477E-03
   1.5450001E+03   2.6940000E+03   1.7410000E+03   3.9624994E-04   6.1315184E-04
   1.5450077E+03   2.6920000E+03   1.6610000E+03   5.5138920E-04   9.0178105E-04
   1.5450152E+03   2.6670000E+03   1.6950000E+03   3.4791052E-04   5.4742027E-04
   1.5450227E+03   2.6600000E+03   1.6570000E+03   9.4275795E-05   1.5134195E-04
   1.5450303E+03   2.5840000E+03   1.6410000E+03   6.1993453E-05   9.7617966E-05
   1.5450378E+03   2.6480000E+03   1.7310000E+03   3.3821676E-04   5.1738762E-04
   1.5450453E+03   2.6420000E+03   1.7090000E+03   2.6568998E-04   4.7243141E-04
   1.5450528E+03   2.5780000E+03   1.6680000E+03   1.4080084E-05   0.0000000E+00
   1.5450604E+03   2.6700000E+03   1.7210000E+03   3.3450399E-04   5.1895738E-04
   1.5450679E+03   2.7320000E+03   1.7480000E+03   4.8881337E-04   3.9900076E-04
   1.5450754E+03   2.7630000E+03   1.7550000E+03   2.0761150E-04   9.4548460E-06
   1.5450830E+03   2.6550000E+03   1.7220000E+03   2.8639683E-04   4.3925250E-04
   1.5450905E+03   2.6500000E+03   1.6660000E+03   2.6681837E-04   4.2441097E-04
   1.5450980E+03   2.6510000E+03   1.6900000E+03   2.2694185E-05   3.5598984E-05
   1.5451055E+03   2.6730000E+03   1.6670000E+03   3.8851320E-05   6.2297287E-05
   1.5451131E+03   2.7310000E+03   1.7390000E+03   5.2313829E-04   8.3496778E-04
   1.5451206E+03   2.7620000E+03   1.7500000E+03   6.6525009E-04   9.0807837E-04
   1.5451281E+03   2.7530000E+03   1.7250000E+03   1.0488255E-04   1.6738647E-04
   1.5451357E+03   2.7480000E+03   1.7650000E+03   1.8809205E-04   2.9284813E-04
   1.5451432E+03   2.6740000E+03   1.6870000E+03   3.1302027E-04   3.6386595E-04
   1.5451507E+03   2.7370000E+03   1.7430000E+03   6.1615250E-05   9.6753264E-05
   1.5451582E+03   2.6320000E+03   1.6280000E+03   1.5579233E-04   2.5187065E-04
   1.5451658E+03   2.6920000E+03   1.7560000E+03   2.8087381E-04   3.6577107E-04
   1.5451733E+03   2.7260000E+03   1.7440000E+03   4.0224642E-04   6.2874068E-04
   1.5451808E+03   2.6050000E+03   1.6630000E+03   4.1531591E-04   6.6594454E-04
   1.5451883E+03   2.6700000E+03   1.6780000E+03   1.0525652E-04   0.0000000E+00
   1.5451959E+03   2.7230000E+03   1.7270000E+03   2.1629197E-05   3.4103244E-05
   1.5452034E+03   2.6610000E+03   1.6530000E+03   1.9549327E-04   4.7085958E-04
   1.5452109E+03   2.6570000E+03   1.6830000E+03   5.6686022E-04   8.9491836E-04
   1.5452185E+03   2.7360000E+03   1.7350000E+03   2.6718046E-04   4.2132895E-04
   1.5452260E+03   2.7240000E+03   1.7670000E+03   3.7107185E-05   5.7204285E-05
   1.5452335E+03   2.7110000E+03   1.7300000E+03   4.4544997E-04   6.9804327E-04
   1.5452410E+03   2.6820000E+03   1.7270000E+03   1.8221162E-04   2.8464308E-04
   1.5452486E+03   2.6980000E+03   1.7140000E+03   1.4562014E-04   2.3194445E-04
   1.5452561E+03   2.6300000E+03   1.6310000E+03   1.3323412E-04   2.1484104E-04
   1.5452636E+03   2.6940000E+03   1.7180000E+03   2.9821264E-04   4.6090113E-04
   1.5452712E+03   2.6740000E+03   1.7150000E+03   2.8671380E-04   4.4333869E-04
   1.5452787E+03   2.7080000E+03   1.7290000E+03   4.4269495E-04   6.9082488E-04
   1.5452862E+03   2.6190000E+03   1.6720000E+03   2.8332558E-04   6.2305099E-04
   1.5452937E+03   2.6820000E+03   1.7130000E+03   4.6999347E-04   4.9215667E-04
   1.5453013E+03   2.7620000E+03   1.7520000E+03   5.7705713E-04   9.0972135E-04
   1.5453088E+03   2.7350000E+03   1.7090000E+03   1.1514192E-04   1.8426749E-04
   1.5453163E+03   2.7250000E+03   1.7150000E+03   2.5635302E-04   6.8657580E-04
   1.5453239E+03   2.7220000E+03   1.7140000E+03   7.7882220E-04   1.2368460E-03
   1.5453314E+03   2.7160000E+03   1.7250000E+03   4.1164935E-04   6.7892899E-04
   1.5453389E+03   2.6840000E+03   1.6970000E+03   3.3386258E-04   9.1052241E-05
   1.5453464E+03   2.7160000E+03   1.7460000E+03   4.2982812E-04   3.9273112E-04
   1.5453540E+03   2.6970000E+03   1.7410000E+03   7.1751712E-05   1.4367147E-04
   1.5453615E+03   2.6730000E+03   1.6950000E+03   1.5265619E-04   1.0836074E-04
   1.5453690E+03   2.7880000E+03   1.7400000E+03   2.3809962E-04   4.1314373E-04
   1.5453766E+03   2.6310000E+03   1.6680000E+03   1.9987501E-04   2.6777641E-04
   1.5453841E+03   2.6460000E+03   1.6290000E+03   7.2374807E-04   8.9941891E-04
   1.5453916E+03   2.6700000E+03   1.7170000E+03   6.8008431E-04   1.0575569E-03
   1.5453991E+03   2.7420000E+03   1.7390000E+03   7.0171246E-05   5.6725351E-05
   1.5454067E+03   2.7600000E+03   1.7470000E+03   3.5307006E-05   0.0000000E+00
   1.5454142E+03   2.6180000E+03   1.6440000E+03   1.8624418E-04   2.9658593E-04
   1.5454217E+03   2.7130000E+03   1.7180000E+03   3.1972228E-04   4.4608580E-04
   1.5454293E+03   2.7510000E+03   1.7570000E+03   2.1898021E-04   1.7850467E-04
   1.5454368E+03   2.6750000E+03   1.7100000E+03   1.8549353E-04   2.9017263E-04
   1.5454443E+03   2.6980000E+03   1.6960000E+03   6.4999520E-04   6.3408659E-04
   1.5454518E+03   2.6900000E+03   1.6750000E+03   3.8556652E-04   6.1920833E-04
   1.5454594E+03   2.7680000E+03   1.8010000E+03   1.0707570E-04   1.6456721E-04
   1.5454669E+03   2.6430000E+03   1.6500000E+03   4.3561197E-04   3.2869200E-04
   1.5454744E+03   2.7090000E+03   1.7150000E+03   3.1619172E-04   4.9945386E-04
   1.5454820E+03   2.7690000E+03   1.7380000E+03   3.0697740E-04   4.8907964E-04
   1.5454895E+03   2.6590000E+03   1.6730000E+03   2.7914419E-04   5.5824983E-04
   1.5454970E+03   2.6480000E+03   1.6510000E+03   3.3425427E-04   5.3610255E-04
   1.5455045E+03   2.7740000E+03   1.7490000E+03   6.5562876E-04   1.0398595E-03
   1.5455121E+03   2.6790000E+03   1.7040000E+03   3.9197044E-04   9.2837378E-04
   1.5455196E+03   2.6500000E+03   1.6850000E+03   3.7650106E-04   5.9212333E-04
   1.5455271E+03   2.6810000E+03   1.6540000E+03   8.3569712E-04   1.3545973E-03
   1.5455347E+03   2.7240000E+03   1.7410000E+03   2.6844235E-04   4.2000974E-04
   1.5455422E+03   2.7090000E+03   1.7730000E+03   3.6636535E-04   5.5977650E-04
   1.5455497E+03   2.6610000E+03   1.7120000E+03   3.5090510E-04   5.9720100E-04
   1.5455572E+03   2.7080000E+03   1.7600000E+03   3.7901499E-04   5.8316625E-04
   1.5455648E+03   2.7000000E+03   1.7170000E+03   1.3418763E-04   2.1101141E-04
   1.5455723E+03   2.6400000E+03   1.7500000E+03   2.2661381E-04   3.4186312E-04
   1.5455798E+03   2.6720000E+03   1.7540000E+03   1.2486422E-04   4.8695111E-04
   1.5455874E+03   2.6780000E+03   1.7230000E+03   6.1192802E-04   9.5109880E-04
   1.5455949E+03   2.7710000E+03   1.7520000E+03   1.8522910E-04   2.8307536E-04
   1.5456024E+03   2.7650000E+03   1.7850000E+03   2.5142880E-04   1.9648616E-04
   1.5456099E+03   2.8120000E+03   1.7770000E+03   3.6304719E-04   5.7450123E-04
   1.5456175E+03   2.7790000E+03   1.7220000E+03   3.9582079E-04   6.3878395E-04
   1.5456250E+03   2.6490000E+03   1.7140000E+03   4.3537393E-04   6.7287371E-04
   1.5456325E+03   2.6650000E+03   1.6860000E+03   2.4530634E-04   3.3622808E-04
   1.5456400E+03   2.7290000E+03   1.6890000E+03   1.8495439E-04   3.0222897E-04
   1.5456476E+03   2.7500000E+03   1.7590000E+03   4.1826582E-04   3.4421534E-04
   1.5456551E+03   2.6860000E+03   1.7030000E+03   2.5801712E-04   5.0657379E-04
   1.5456626E+03   2.8180000E+03   1.8220000E+03   4.8122054E-04   5.6500884E-04
   1.5456702E+03   2.7080000E+03   1.6980000E+03   3.7368528E-04   8.4004711E-04
   1.5456777E+03   2.6660000E+03   1.6620000E+03   2.0982206E-04   3.3657377E-04
   1.5456852E+03   2.7380000E+03   1.7210000E+03   2.4613597E-04   3.9158645E-04
   1.5456927E+03   2.7030000E+03   1.7340000E+03   4.9751374E-04   1.0037642E-03
   1.5457003E+03   2.7540000E+03   1.7150000E+03   3.4397931E-04   4.1376297E-04
   1.5457078E+03   2.6540000E+03   1.7240000E+03   3.5844611E-04   5.5180742E-04
   1.5457153E+03   2.6800000E+03   1.7010000E+03   2.7172942E-04   3.4904925E-04
   1.5457229E+03   2.7920000E+03   1.7400000E+03   1.5622715E-04   3.4443831E-04
   1.5457304E+03   2.6500000E+03   1.7280000E+03   5.1093490E-04   3.7126366E-04
   1.5457379E+03   2.7320000E+03   1.7580000E+03   6.1672875E-04   7.7021748E-04
   1.5457454E+03   2.7810000E+03   1.7940000E+03   4.2355590E-04   6.2389115E-04
   1.5457530E+03   2.7240000E+03   1.7360000E+03   8.5351231E-04   1.1302713E-03
   1.5457605E+03   2.6580000E+03   1.6940000E+03   4.4256840E-05   0.0000000E+00
   1.5457680E+03   2.6580000E+03   1.7220000E+03   1.7836613E-04   1.7097403E-04
   1.5457756E+03   2.7680000E+03   1.7740000E+03   2.7966525E-04   5.2557966E-04
   1.5457831E+03   2.7600000E+03   1.8080000E+03   6.5351586E-04   1.0346643E-03
   1.5457906E+03   2.7250000E+03   1.7200000E+03   6.4663045E-04   8.5390166E-04
   1.5457981E+03   2.6890000E+03   1.6990000E+03   5.8129547E-04   9.0237379E-04
   1.5458057E+03   2.7060000E+03   1.6940000E+03   5.3160655E-04   7.2390152E-04
   1.5458132E+03   2.7750000E+03   1.7270000E+03   1.1406532E-04   1.8073855E-04
   1.5458207E+03   2.6950000E+03   1.7500000E+03   4.8413208E-05   7.4556340E-05
   1.5458283E+03   2.7530000E+03   1.7560000E+03   4.1741664E-04   7.4666462E-04
   1.5458358E+03   2.7000000E+03   1.7480000E+03   7.1851279E-04   1.1098310E-03
   1.5458433E+03   2.7410000E+03   1.8020000E+03   1.1679757E-04   1.9697764E-04
   1.5458508E+03   2.6840000E+03   1.6610000E+03   5.3319590E-04   8.5669294E-04
   1.5458584E+03   2.7790000E+03   1.8290000E+03   5.8752609E-04   7.8030085E-04
   1.5458659E+03   2.6060000E+03   1.6550000E+03   1.9729009E-04   1.2104512E-04
   1.5458734E+03   2.7170000E+03   1.7080000E+03   5.6856383E-04   7.1140236E-04
   1.5458810E+03   2.5990000E+03   1.6490000E+03   3.1637004E-04   4.9863294E-04
   1.5458885E+03   2.6930000E+03   1.7440000E+03   2.5223722E-04   3.8949244E-04
   1.5458960E+03   2.7000000E+03   1.6840000E+03   9.9742382E-04   1.4917188E-03
   1.5459035E+03   2.7380000E+03   1.7160000E+03   6.7970244E-04   5.8495167E-04
   1.5459111E+03   2.7150000E+03   1.6930000E+03   2.8270228E-04   3.9205092E-04
   1.5459186E+03   2.7360000E+03   1.7330000E+03   2.1939083E-04   7.9770632E-05
   1.5459261E+03   2.7920000E+03   1.7130000E+03   6.1909620E-04   1.1436101E-03
   1.5459337E+03   2.7960000E+03   1.7310000E+03   5.5468751E-04   8.9595972E-04
   1.5459412E+03   2.6430000E+03   1.6770000E+03   6.7773187E-04   1.2532015E-03
   1.5459487E+03   2.9040000E+03   1.8550000E+03   2.5408478E-04   5.1197194E-04
   1.5459562E+03   2.7880000E+03   1.7250000E+03   3.9032290E-04   8.8676451E-04
   1.5459638E+03   2.7610000E+03   1.7280000E+03   4.7927888E-04   7.9501337E-04
   1.5459713E+03   2.7640000E+03   1.7610000E+03   4.5483365E-04   3.1251805E-04
   1.5459788E+03   2.7400000E+03   1.7890000E+03   3.3214911E-04   5.0771980E-04
   1.5459864E+03   2.7840000E+03   1.7980000E+03   9.2265044E-05   3.4066122E-04
   1.5459939E+03   2.7570000E+03   1.7620000E+03   5.8721996E-04   6.5829999E-04
   1.5460014E+03   2.7910000E+03   1.7910000E+03   1.0174688E-04   1.3565485E-04
   1.5460089E+03   2.8200000E+03   1.8110000E+03   9.1133281E-04   1.2859921E-03
   1.5460165E+03   2.7030000E+03   1.7430000E+03   5.6550537E-04   9.2811371E-04
   1.5460240E+03   2.6840000E+03   1.7170000E+03   8.4467303E-04   3.1255440E-04
   1.5460315E+03   2.7130000E+03   1.7360000E+03   1.6930764E-04   2.9535846E-04
   1.5460391E+03   2.7260000E+03   1.7320000E+03   1.7335904E-04   2.2966719E-04
   1.5460466E+03   2.7770000E+03   1.7720000E+03   3.0058857E-04   4.6656391E-04
   1.5460541E+03   2.7750000E+03   1.7530000E+03   4.4347042E-04   8.0826184E-04
   1.5460616E+03   2.7350000E+03   1.7320000E+03   3.1242328E-04   4.8698712E-04
   1.5460692E+03   2.7530000E+03   1.7330000E+03   5.2356203E-04   7.2869781E-04
   1.5460767E+03   2.7480000E+03   1.7670000E+03   1.0414915E-03   1.2942195E-03
   1.5460842E+03   2.6910000E+03   1.7210000E+03   2.4551630E-04   3.0603756E-04
   1.5460917E+03   2.8210000E+03   1.8480000E+03   8.3365171E-04   9.8533378E-04
   1.5460993E+03   2.6660000E+03   1.6920000E+03   2.9594689E-04   7.3948153E-04
   1.5461068E+03   2.7170000E+03   1.7000000E+03   1.6431716E-04   3.8249878E-04
   1.5461143E+03   2.7650000E+03   1.7530000E+03   1.0687113E-04   1.0481104E-04
   1.5461219E+03   2.6980000E+03   1.7300000E+03   2.1875076E-04   3.4115004E-04
   1.5461294E+03   2.7330000E+03   1.7230000E+03   2.5003159E-04   6.1797571E-04
   1.5461369E+03   2.7480000E+03   1.7540000E+03   5.4566218E-04   6.2175104E-04
   1.5461444E+03   2.7420000E+03   1.7560000E+03   9.1232892E-04   1.2460832E-03
   1.5461520E+03   2.7280000E+03   1.7790000E+03   3.1838725E-04   1.8183825E-04
   1.5461595E+03   2.7360000E+03   1.6800000E+03   1.3256214E-03   1.6783050E-03
   1.5461670E+03   2.7370000E+03   1.6770000E+03   2.3843680E-04   3.8914819E-04
   1.5461746E+03   2.7830000E+03   1.8210000E+03   7.1829058E-04   1.0977500E-03
   1.5461821E+03   2.7370000E+03   1.7840000E+03   3.8784608E-04   4.9779591E-04
   1.5461896E+03   2.8100000E+03   1.7910000E+03   3.7771315E-04   2.9977715E-04
   1.5461971E+03   2.7880000E+03   1.7900000E+03   8.1132545E-04   1.2185318E-03
   1.5462047E+03   2.7380000E+03   1.7470000E+03   5.5074142E-04   8.3012644E-04
   1.5462122E+03   2.7260000E+03   1.7280000E+03   2.8350734E-04   4.9926642E-04
   1.5462197E+03   2.7840000E+03   1.7220000E+03   2.0885231E-04   1.3081691E-04
   1.5462273E+03   2.7230000E+03   1.7420000E+03   2.4629821E-04   4.1894735E-04
   1.5462348E+03   2.7480000E+03   1.7730000E+03   1.1197867E-03   1.1387294E-03
   1.5462423E+03   2.6500000E+03   1.6930000E+03   3.9432348E-04   2.8513797E-04
   1.5462498E+03   2.7050000E+03   1.7350000E+03   6.7450919E-04   1.0131292E-03
   1.5462574E+03   2.7060000E+03   1.6750000E+03   3.0937157E-04   8.7761030E-04
   1.5462649E+03   2.6700000E+03   1.6710000E+03   3.6107052E-04   4.3664691E-04
   1.5462724E+03   2.7870000E+03   1.7550000E+03   7.5210496E-04   1.1943684E-03
   1.5462800E+03   2.7870000E+03   1.7400000E+03   4.7101751E-04   8.2191389E-04
   1.5462875E+03   2.6910000E+03   1.7080000E+03   5.1720483E-04   8.0954157E-04
   1.5462950E+03   2.7340000E+03   1.7300000E+03   7.4602666E-04   7.7674026E-04
   1.5463025E+03   2.6780000E+03   1.7040000E+03   1.3189702E-04   1.0853215E-04
   1.5463101E+03   2.7080000E+03   1.7270000E+03   3.7492984E-04   6.7759090E-04
   1.5463176E+03   2.7700000E+03   1.7880000E+03   2.7176020E-04   4.2528285E-04
   1.5463251E+03   2.6990000E+03   1.7240000E+03   5.7368265E-04   9.3540342E-04
   1.5463327E+03   2.6830000E+03   1.7140000E+03   4.0529423E-04   5.2678950E-04
   1.5463402E+03   2.7660000E+03   1.7620000E+03   2.1802893E-04   2.7106422E-04
   1.5463477E+03   2.6630000E+03   1.6830000E+03   5.9084071E-04   6.2680168E-04
   1.5463552E+03   2.7490000E+03   1.7880000E+03   7.0629558E-04   1.0876616E-03
   1.5463628E+03   2.8710000E+03   1.8250000E+03   4.8803017E-04   5.2403679E-04
   1.5463703E+03   2.7620000E+03   1.7840000E+03   1.9324445E-04   3.0165497E-04
   1.5463778E+03   2.7070000E+03   1.7410000E+03   8.0971217E-04   8.6600084E-04
   1.5463854E+03   2.7710000E+03   1.7590000E+03   2.4103661E-04   1.1450700E-04
   1.5463929E+03   2.8320000E+03   1.8150000E+03   3.7358585E-04   5.7805740E-04
   1.5464004E+03   2.7980000E+03   1.8120000E+03   1.2072423E-03   1.7942784E-03
   1.5464079E+03   2.8030000E+03   1.7580000E+03   5.5017259E-04   4.2214555E-04
   1.5464155E+03   2.7000000E+03   1.7240000E+03   1.0264551E-03   1.4907192E-03
   1.5464230E+03   2.7120000E+03   1.6670000E+03   1.9578788E-04   3.3770931E-04
   1.5464305E+03   2.7070000E+03   1.7130000E+03   4.2334594E-04   1.0239427E-03
   1.5464381E+03   2.7020000E+03   1.7400000E+03   7.2524853E-04   1.0706869E-03
   1.5464456E+03   2.7310000E+03   1.7530000E+03   4.6380231E-04   8.3840385E-04
   1.5464531E+03   2.8010000E+03   1.7810000E+03   3.8433979E-04   5.9940258E-04
   1.5464606E+03   2.6540000E+03   1.7020000E+03   5.7519064E-04   4.0071346E-04
   1.5464682E+03   2.6430000E+03   1.6750000E+03   4.5151556E-04   7.5086487E-04
   1.5464757E+03   2.6720000E+03   1.6760000E+03   2.6199766E-04   6.8442137E-04
   1.5464832E+03   2.8010000E+03   1.8180000E+03   7.4580403E-04   1.1941394E-03
   1.5464908E+03   2.7940000E+03   1.7620000E+03   5.1965464E-04   7.0904440E-04
   1.5464983E+03   2.7740000E+03   1.7800000E+03   3.7223071E-04   8.9671002E-04
   1.5465058E+03   2.6780000E+03   1.7400000E+03   3.6742642E-04   5.7727397E-04
   1.5465133E+03   2.7810000E+03   1.7830000E+03   3.6697480E-04   8.4375625E-04
   1.5465209E+03   2.7870000E+03   1.7750000E+03   4.3338085E-04   6.7966186E-04
   1.5465284E+03   2.6660000E+03   1.6990000E+03   3.2331844E-04   6.7458839E-04
   1.5465359E+03   2.7500000E+03   1.7650000E+03   7.3628922E-04   1.2243546E-03
   1.5465434E+03   2.6710000E+03   1.7380000E+03   6.5046006E-04   1.1323552E-03
   1.5465510E+03   2.6880000E+03   1.7560000E+03   8.0668610E-04   1.1538602E-03
   1.5465585E+03   2.7490000E+03   1.7450000E+03   1.0984117E-03   1.3554559E-03
   1.5465660E+03   2.7040000E+03   1.7040000E+03   8.5833307E-04   1.1704899E-03
   1.5465736E+03   2.6820000E+03   1.7180000E+03   8.9958213E-04   8.3545704E-04
   1.5465811E+03   2.7260000E+03   1.7970000E+03   9.7662492E-04   1.8413193E-03
   1.5465886E+03   2.6980000E+03   1.7460000E+03   8.5314414E-04   1.1462365E-03
   1.5465961E+03   2.7090000E+03   1.7570000E+03   7.6502360E-04   7.5143162E-04
   1.5466037E+03   2.7000000E+03   1.7460000E+03   9.8311460E-04   1.0977928E-03
   1.5466112E+03   2.7620000E+03   1.7970000E+03   2.7265017E-04   4.0558177E-04
   1.5466187E+03   2.6700000E+03   1.7260000E+03   9.8621227E-04   1.3602585E-03
   1.5466263E+03   2.6270000E+03   1.6800000E+03   5.6206810E-04   1.1782714E-03
   1.5466338E+03   2.6590000E+03   1.7540000E+03   1.0521571E-03   1.9562502E-03
   1.5466413E+03   2.5950000E+03   1.7580000E+03   6.7172305E-04   8.7493575E-04
   1.5466488E+03   2.5140000E+03   1.6630000E+03   3.7149736E-04   4.1032826E-04
   1.5466564E+03   2.5030000E+03   1.6920000E+03   6.3954165E-04   7.2232679E-04
   1.5466639E+03   2.5040000E+03   1.6670000E+03   1.1421980E-04   2.5733113E-04
   1.5466714E+03   2.4230000E+03   1.6810000E+03   6.4533809E-04   7.9752917E-04
   1.5466790E+03   2.3120000E+03   1.6480000E+03   5.8352416E-04   7.8007300E-04
   1.5466865E+03   2.2990000E+03   1.6630000E+03   1.2606702E-03   7.9122172E-04
   1.5466940E+03   2.2500000E+03   1.6770000E+03   6.4614812E-04   7.6742612E-04
   1.5467015E+03   2.0930000E+03   1.6110000E+03   1.8833588E-03   1.6472760E-03
   1.5467091E+03   1.9760000E+03   1.5670000E+03   8.4801261E-04   5.7674177E-04
   1.5467166E+03   1.9060000E+03   1.5820000E+03   1.3239184E-03   1.6872516E-03
   1.5467241E+03   1.7980000E+03   1.5370000E+03   9.6038592E-04   5.1445547E-04
   1.5467317E+03   1.6940000E+03   1.4370000E+03   7.5976903E-04   8.9541291E-04
   1.5467392E+03   1.5990000E+03   1.4170000E+03   2.3211689E-03   1.8748981E-03
   1.5467467E+03   1.4430000E+03   1.3190000E+03   5.0247127E-04   3.8071113E-04
   1.5467542E+03   1.2970000E+03   1.2090000E+03   1.3996589E-03   7.6456552E-04
   1.5467618E+03   1.2570000E+03   1.1720000E+03   2.4686277E-03   2.1352289E-03
   1.5467693E+03   1.1600000E+03   1.1130000E+03   2.6208748E-03   2.0866239E-03
   1.5467768E+03   1.0310000E+03   9.9500000E+02   4.0646943E-03   3.4567776E-03
   1.5467844E+03   9.1600000E+02   8.9800000E+02   1.7500998E-03   2.1691790E-03
   1.5467919E+03   8.7200000E+02   8.4600000E+02   2.3092787E-03   1.4001227E-03
   1.5467994E+03   7.8900000E+02   7.6100000E+02   6.1438869E-03   3.1107951E-03
   1.5468069E+03   7.2400000E+02   7.0400000E+02   4.0843838E-03   3.0265041E-03
   1.5468145E+03   6.2300000E+02   6.0900000E+02   3.9511008E-03   4.0871221E-03
   1.5468220E+03   5.7900000E+02   5.6500000E+02   6.1920832E-03   7.3573362E-03
   1.5468295E+03   5.1700000E+02   5.0500000E+02   2.0311165E-03   5.3164866E-03
   1.5468371E+03   4.7000000E+02   4.5100000E+02   8.4516705E-03   6.5187176E-03
   1.5468446E+03   3.9700000E+02   3.8900000E+02   6.8881007E-03   4.6234875E-03
   1.5468521E+03   3.5400000E+02   3.4600000E+02   8.6696187E-03   7.1091223E-03
   1.5468596E+03   3.8300000E+02   3.7200000E+02   1.1344044E-02   1.3275944E-02
   1.5468672E+03   3.3400000E+02   3.2300000E+02   9.5896413E-03   7.8808497E-03
   1.5468747E+03   3.1100000E+02   3.0300000E+02   1.1081035E-02   8.5638972E-03
   1.5468822E+03   2.9000000E+02   2.8400000E+02   6.6351742E-03   4.9281419E-03
   1.5468898E+03   2.5200000E+02   2.5000000E+02   1.2385629E-02   1.2611339E-02
   1.5468973E+03   2.6600000E+02   2.5900000E+02   7.8933145E-03   9.6383001E-03
   1.5469048E+03   2.4900000E+02   2.4100000E+02   1.2383836E-02   1.4592077E-02
   1.5469123E+03   2.6300000E+02   2.5900000E+02   6.6483863E-03   7.9054473E-03
   1.5469199E+03   2.9300000E+02   2.8700000E+02   1.5337553E-02   1.4557370E-02
   1.5469274E+03   2.4500000E+02   2.3500000E+02   6.5161298E-03   3.8532585E-03
   1.5469349E+03   2.6700000E+02   2.6100000E+02   1.9296358E-02   1.6992387E-02
   1.5469425E+03   2.4100000E+02   2.4100000E+02   5.0303572E-03   5.0303572E-03
   1.5469500E+03   2.5500000E+02   2.4700000E+02   4.2914675E-03   5.2667893E-03
   1.5469575E+03   2.4200000E+02   2.3600000E+02   1.7546093E-02   1.4643906E-02
   1.5469650E+03   2.3900000E+02   2.3500000E+02   7.9739792E-03   5.1199306E-03
   1.5469726E+03   2.3800000E+02   2.3200000E+02   1.0554584E-02   8.5110328E-03
   1.5469801E+03   2.4700000E+02   2.4300000E+02   1.9584087E-02   2.0454076E-02
   1.5469876E+03   2.4500000E+02   2.4000000E+02   2.0409352E-02   2.2149011E-02
   1.5469951E+03   2.4500000E+02   2.4100000E+02   1.9071021E-02   1.9601589E-02
   1.5470027E+03   2.2000000E+02   2.1500000E+02   2.1203143E-02   2.3360933E-02
   1.5470102E+03   2.1700000E+02   2.1400000E+02   1.6343867E-02   1.5819486E-02
   1.5470177E+03   2.4100000E+02   2.3700000E+02   1.9714799E-02   2.0611166E-02
   1.5470253E+03   2.2600000E+02   2.2300000E+02   1.3510590E-02   1.5675323E-02
   1.5470328E+03   2.0200000E+02   1.9800000E+02   1.3987413E-02   1.0435682E-02
   1.5470403E+03   2.0000000E+02   1.9700000E+02   2.9793313E-03   2.8571943E-03
   1.5470478E+03   1.8100000E+02   1.7500000E+02   2.9100228E-03   8.1001729E-03
   1.5470554E+03   2.2200000E+02   2.2100000E+02   2.7753561E-02   2.9001501E-02
   1.5470629E+03   2.2300000E+02   2.1800000E+02   1.7024031E-02   1.5325992E-02
   1.5470704E+03   2.0000000E+02   1.9600000E+02   1.4287722E-02   1.4184327E-02
   1.5470780E+03   1.9000000E+02   1.8500000E+02   1.4417228E-02   1.3942358E-02
   1.5470855E+03   1.8800000E+02   1.8600000E+02   1.2443158E-02   1.1449072E-02
   1.5470930E+03   1.8600000E+02   1.7700000E+02   2.0459648E-02   1.9418577E-02
   1.5471005E+03   1.8600000E+02   1.8100000E+02   1.0086219E-02   5.4191517E-03
   1.5471081E+03   1.7600000E+02   1.7400000E+02   2.0078967E-02   1.9580564E-02
   1.5471156E+03   1.9100000E+02   1.8500000E+02   6.3345734E-03   7.4426571E-03
   1.5471231E+03   1.7700000E+02   1.7400000E+02   7.1923568E-03   9.0692630E-03
   1.5471307E+03   1.6600000E+02   1.5900000E+02   8.3554220E-03   1.0089842E-02
   1.5471382E+03   1.7800000E+02   1.7600000E+02   1.2886960E-02   1.3444438E-02
   1.5471457E+03   1.7500000E+02   1.6900000E+02   1.5318872E-02   1.6944757E-02
   1.5471532E+03   1.8900000E+02   1.8100000E+02   7.4413779E-03   8.0701522E-03
   1.5471608E+03   2.0000000E+02   1.9000000E+02   7.2284676E-03   1.1665465E-02
   1.5471683E+03   1.8400000E+02   1.7800000E+02   9.9693329E-03   8.7307906E-03
   1.5471758E+03   1.6300000E+02   1.5400000E+02   1.3311362E-02   1.6355980E-02
   1.5471834E+03   1.7600000E+02   1.6700000E+02   2.6367353E-02   2.9899282E-02
   1.5471909E+03   1.5400000E+02   1.4900000E+02   1.2576231E-02   1.1062151E-02
   1.5471984E+03   1.8000000E+02   1.7000000E+02   3.3608160E-02   2.8592624E-02
   1.5472059E+03   1.7800000E+02   1.6900000E+02   3.1147031E-02   3.0577790E-02
   1.5472135E+03   1.6900000E+02   1.6000000E+02   4.7907372E-03   2.7881859E-03
   1.5472210E+03   1.7200000E+02   1.6100000E+02   6.9060331E-03   1.2495342E-02
   1.5472285E+03   1.7300000E+02   1.6000000E+02   1.8170506E-02   1.6210679E-02
   1.5472361E+03   1.4000000E+02   1.3000000E+02   2.7847884E-02   1.6710963E-02
   1.5472436E+03   1.5800000E+02   1.4400000E+02   2.7914517E-02   3.3849405E-02
   1.5472511E+03   1.6300000E+02   1.4900000E+02   8.7189194E-03   1.2250103E-02
   1.5472586E+03   1.7000000E+02   1.4900000E+02   1.0311859E-02   1.5231255E-02
   1.5472662E+03   1.6500000E+02   1.4300000E+02   1.1531075E-02   6.4773486E-03
   1.5472737E+03   1.3100000E+02   1.1700000E+02   1.3389160E-02   6.7822877E-03
   1.5472812E+03   1.4600000E+02   1.2800000E+02   9.7407501E-03   7.1021672E-03
   1.5472888E+03   1.6300000E+02   1.3700000E+02   3.3531023E-02   3.2533975E-02
   1.5472963E+03   1.8800000E+02   1.5700000E+02   9.4324360E-03   1.7609678E-02
   1.5473038E+03   1.5500000E+02   1.3300000E+02   3.7664761E-02   3.6304017E-02
   1.5473113E+03   1.6500000E+02   1.3700000E+02   8.8658792E-03   1.3258332E-02
   1.5473189E+03   1.5800000E+02   1.2700000E+02   2.4930468E-02   2.8472398E-02
   1.5473264E+03   1.3800000E+02   1.1100000E+02   1.4476002E-02   4.2829557E-03
   1.5473339E+03   1.5500000E+02   1.2900000E+02   3.2316520E-02   2.6781398E-02
   1.5473415E+03   1.7600000E+02   1.3900000E+02   3.0534104E-02   3.5390394E-02
   1.5473490E+03   1.8600000E+02   1.3400000E+02   1.5023918E-02   1.7635405E-02
   1.5473565E+03   1.6300000E+02   1.2700000E+02   3.7163799E-02   3.1758805E-02
   1.5473640E+03   1.8100000E+02   1.4000000E+02   1.7620305E-02   2.6157611E-02
   1.5473716E+03   1.7500000E+02   1.3600000E+02   1.6882366E-02   1.7893306E-02
   1.5473791E+03   1.8000000E+02   1.3400000E+02   2.0951085E-02   1.4377618E-02
   1.5473866E+03   2.0100000E+02   1.3800000E+02   1.8559751E-02   1.8750150E-02
   1.5473942E+03   2.2500000E+02   1.6100000E+02   1.8263053E-02   4.4639832E-03
   1.5474017E+03   2.1300000E+02   1.4900000E+02   1.6866368E-02   2.7266987E-02
   1.5474092E+03   2.0900000E+02   1.5000000E+02   1.9994729E-02   2.2277290E-02
   1.5474167E+03   2.5800000E+02   2.0100000E+02   1.2042575E-02   1.4868732E-02
   1.5474243E+03   2.2900000E+02   1.6700000E+02   9.0408885E-03   8.9832416E-03
   1.5474318E+03   2.6100000E+02   1.8200000E+02   2.2841956E-02   2.7533684E-02
   1.5474393E+03   2.5900000E+02   1.7500000E+02   2.3729368E-02   1.7774482E-02
   1.5474468E+03   2.8200000E+02   2.0800000E+02   1.3135212E-02   1.6511814E-02
   1.5474544E+03   2.6400000E+02   1.7300000E+02   5.2059091E-03   1.3694115E-02
   1.5474619E+03   2.4600000E+02   1.8100000E+02   4.1169721E-03   1.2293948E-02
   1.5474694E+03   3.0300000E+02   2.0600000E+02   7.9908368E-03   7.6715533E-03
   1.5474770E+03   2.9100000E+02   1.9600000E+02   1.1148668E-02   1.3462584E-02
   1.5474845E+03   2.9400000E+02   2.1200000E+02   8.3635923E-03   1.7064902E-02
   1.5474920E+03   3.2100000E+02   2.2900000E+02   2.0432372E-02   3.3549875E-02
   1.5474995E+03   2.9000000E+02   2.1000000E+02   1.7361825E-02   1.1584012E-02
   1.5475071E+03   3.2900000E+02   2.3900000E+02   2.5774617E-02   2.0125444E-02
   1.5475146E+03   3.1100000E+02   2.3300000E+02   1.0917325E-02   1.2521343E-02
   1.5475221E+03   3.6900000E+02   2.6400000E+02   1.0284338E-02   9.3995846E-03
   1.5475297E+03   3.7000000E+02   2.6100000E+02   2.1812093E-02   2.0576127E-02
   1.5475372E+03   3.8000000E+02   2.8000000E+02   1.0513868E-02   1.3382234E-02
   1.5475447E+03   3.7300000E+02   2.7300000E+02   2.0391986E-02   2.2467611E-02
   1.5475522E+03   3.7700000E+02   2.6200000E+02   1.5966189E-02   2.1347260E-02
   1.5475598E+03   4.1200000E+02   3.1300000E+02   2.0868481E-02   1.2509791E-02
   1.5475673E+03   4.2200000E+02   3.1200000E+02   1.6822483E-02   1.2091025E-02
   1.5475748E+03   4.0400000E+02   2.9600000E+02   1.7112343E-02   1.5766292E-02
   1.5475824E+03   4.2800000E+02   3.2100000E+02   1.9336900E-02   2.2646549E-02
   1.5475899E+03   4.4700000E+02   3.3700000E+02   2.6292125E-02   3.4767994E-02
   1.5475974E+03   4.7400000E+02   3.5100000E+02   8.9463456E-03   1.3905948E-02
   1.5476049E+03   4.5600000E+02   3.2400000E+02   2.4834592E-02   3.7668174E-02
   1.5476125E+03   4.5100000E+02   3.4400000E+02   9.4980947E-03   2.0641595E-02
   1.5476200E+03   4.6800000E+02   3.6000000E+02   1.3797153E-02   2.1328846E-02
   1.5476275E+03   4.5400000E+02   3.5200000E+02   1.2798731E-02   1.2961865E-02
   1.5476351E+03   5.1800000E+02   3.9500000E+02   1.9354845E-02   2.3951387E-02
   1.5476426E+03   5.0000000E+02   3.8500000E+02   8.8477663E-03   9.0467800E-03
   1.5476501E+03   5.7300000E+02   4.5000000E+02   5.6543398E-03   7.7078647E-03
   1.5476576E+03   5.1100000E+02   3.8800000E+02   2.1262549E-02   1.7204738E-02
   1.5476652E+03   5.7900000E+02   4.5800000E+02   1.0341878E-02   5.2934738E-03
   1.5476727E+03   5.7400000E+02   4.3200000E+02   1.1233603E-02   2.6885098E-04
   1.5476802E+03   5.9800000E+02   4.7400000E+02   2.5465853E-02   2.1447631E-02
   1.5476878E+03   5.9400000E+02   4.6500000E+02   5.3025367E-03   4.1259355E-04
   1.5476953E+03   6.5200000E+02   5.0000000E+02   2.6551896E-03   6.7530592E-03
   1.5477028E+03   6.3100000E+02   5.1400000E+02   1.1900488E-02   7.5002157E-03
   1.5477103E+03   6.6600000E+02   5.0900000E+02   7.1442488E-03   1.3759821E-02
   1.5477179E+03   6.3600000E+02   4.7800000E+02   8.3235354E-03   4.9815365E-03
   1.5477254E+03   6.4000000E+02   4.9700000E+02   1.7446233E-02   1.0687606E-02
   1.5477329E+03   7.4900000E+02   6.0300000E+02   1.9476684E-02   1.1948425E-02
   1.5477405E+03   6.9000000E+02   5.4000000E+02   1.2466259E-02   1.2731450E-02
   1.5477480E+03   7.1700000E+02   5.6500000E+02   2.5882082E-03   6.0930498E-03
   1.5477555E+03   7.6600000E+02   6.2400000E+02   1.6391907E-02   1.8974310E-02
   1.5477630E+03   7.5600000E+02   5.9600000E+02   7.2053307E-03   8.5636819E-03
   1.5477706E+03   7.8700000E+02   6.1600000E+02   2.9493257E-03   4.0071827E-03
   1.5477781E+03   7.9000000E+02   6.2800000E+02   1.3360736E-02   8.8421518E-03
   1.5477856E+03   7.9500000E+02   6.2300000E+02   1.2821231E-03   7.6260943E-03
   1.5477932E+03   7.9800000E+02   6.2600000E+02   4.6749644E-03   1.3713694E-02
   1.5478007E+03   8.4800000E+02   6.5500000E+02   1.2035534E-02   9.6567991E-03
   1.5478082E+03   7.7200000E+02   6.0300000E+02   7.9099606E-03   1.1085478E-02
   1.5478157E+03   8.6800000E+02   6.8500000E+02   6.7711434E-03   6.6490975E-03
   1.5478233E+03   8.7400000E+02   6.9300000E+02   4.2002970E-03   6.4647985E-03
   1.5478308E+03   8.9600000E+02   7.1400000E+02   9.3181321E-03   1.0795971E-02
   1.5478383E+03   8.7300000E+02   6.7300000E+02   7.0527718E-03   1.2654113E-02
   1.5478459E+03   9.2200000E+02   7.2100000E+02   1.0484264E-02   2.4194442E-03
   1.5478534E+03   9.5100000E+02   7.4000000E+02   8.3981407E-03   8.9944968E-03
   1.5478609E+03   9.6800000E+02   7.4700000E+02   5.1353682E-03   4.8514643E-03
   1.5478684E+03   9.6200000E+02   7.6000000E+02   1.0219348E-02   1.2216408E-02
   1.5478760E+03   9.8700000E+02   7.6900000E+02   1.1572364E-02   2.0670627E-02
   1.5478835E+03   9.9800000E+02   7.8200000E+02   6.8207555E-03   7.2351211E-03
   1.5478910E+03   1.0870000E+03   8.3600000E+02   1.3112070E-02   1.0817666E-02
   1.5478985E+03   1.0830000E+03   7.8700000E+02   9.2052410E-03   1.1802728E-02
   1.5479061E+03   1.1170000E+03   8.0300000E+02   2.6513307E-03   7.5723162E-03
   1.5479136E+03   1.2480000E+03   8.9600000E+02   6.0156130E-03   2.8752683E-03
   1.5479211E+03   1.2190000E+03   8.6600000E+02   1.2104273E-02   1.1431927E-02
   1.5479287E+03   1.3110000E+03   9.2600000E+02   7.2058582E-03   9.5038184E-03
   1.5479362E+03   1.2990000E+03   9.1300000E+02   4.4646370E-03   1.1126032E-02
   1.5479437E+03   1.4320000E+03   9.6700000E+02   7.1965969E-03   1.0533546E-02
   1.5479512E+03   1.5020000E+03   9.2300000E+02   9.9339403E-03   9.8239945E-03
   1.5479588E+03   1.5920000E+03   9.6700000E+02   7.8195350E-03   8.5130352E-03
   1.5479663E+03   1.6300000E+03   9.9400000E+02   1.3778043E-02   1.7632167E-02
   1.5479738E+03   1.7250000E+03   1.0000000E+03   1.1358317E-03   4.8781640E-03
   1.5479814E+03   1.8030000E+03   1.0200000E+03   5.1902866E-03   1.2713276E-02
   1.5479889E+03   1.8750000E+03   1.0440000E+03   4.0853480E-03   1.3647138E-02
   1.5479964E+03   1.9210000E+03   1.0090000E+03   3.6195485E-03   1.4117091E-02
   1.5480039E+03   2.1070000E+03   1.1060000E+03   6.0481651E-03   4.6146047E-03
   1.5480115E+03   2.1420000E+03   1.0880000E+03   1.2418952E-03   2.2485733E-03
   1.5480190E+03   2.3010000E+03   1.1810000E+03   2.9677826E-03   5.2503019E-03
   1.5480265E+03   2.2390000E+03   1.1640000E+03   2.9548505E-03   1.0075516E-03
   1.5480341E+03   2.3520000E+03   1.2460000E+03   9.5233189E-03   1.3584631E-02
   1.5480416E+03   2.4120000E+03   1.2500000E+03   9.8047302E-03   1.2207263E-02
   1.5480491E+03   2.6100000E+03   1.3280000E+03   2.3856511E-03   2.8630952E-03
   1.5480566E+03   2.6000000E+03   1.3430000E+03   1.1725101E-02   1.3288327E-02
   1.5480642E+03   2.7430000E+03   1.4430000E+03   9.2458491E-03   1.0781630E-02
   1.5480717E+03   2.7180000E+03   1.4250000E+03   5.2605927E-03   1.0256626E-02
   1.5480792E+03   2.8620000E+03   1.5310000E+03   3.6433372E-03   6.2858389E-03
   1.5480868E+03   2.9510000E+03   1.5850000E+03   3.6115546E-03   5.3747295E-03
   1.5480943E+03   2.9840000E+03   1.6370000E+03   4.6698049E-03   4.7189722E-03
   1.5481018E+03   2.9860000E+03   1.6950000E+03   1.9437481E-03   4.4662248E-03
   1.5481093E+03   3.0880000E+03   1.7970000E+03   2.9196877E-03   2.1805169E-03
   1.5481169E+03   3.2720000E+03   1.9020000E+03   5.2649474E-03   3.2909509E-03
   1.5481244E+03   3.2370000E+03   1.9560000E+03   8.3260186E-03   7.7790580E-03
   1.5481319E+03   3.3540000E+03   1.9710000E+03   1.6441856E-03   5.5906899E-03
   1.5481395E+03   3.3540000E+03   2.0700000E+03   3.4030257E-03   1.3041963E-03
   1.5481470E+03   3.5310000E+03   2.1790000E+03   7.8718771E-03   9.7383021E-03
   1.5481545E+03   3.5650000E+03   2.2630000E+03   8.7723195E-03   8.7644479E-03
   1.5481620E+03   3.7560000E+03   2.3140000E+03   1.7476311E-03   5.3741304E-03
   1.5481696E+03   3.6260000E+03   2.3520000E+03   2.1721642E-03   3.2080630E-03
   1.5481771E+03   3.7550000E+03   2.4260000E+03   2.2858948E-03   3.4297064E-03
   1.5481846E+03   3.8590000E+03   2.4850000E+03   3.3079539E-03   5.2987060E-03
   1.5481922E+03   3.9610000E+03   2.5710000E+03   3.6935504E-03   5.1768961E-03
   1.5481997E+03   3.9870000E+03   2.6010000E+03   4.8145198E-03   8.4604279E-03
   1.5482072E+03   3.9940000E+03   2.6350000E+03   6.0378152E-03   1.0878089E-02
   1.5482147E+03   4.0550000E+03   2.7160000E+03   6.1489997E-03   8.1701622E-03
   1.5482223E+03   4.1690000E+03   2.8550000E+03   2.8683876E-03   4.4467334E-03
   1.5482298E+03   4.1740000E+03   2.7580000E+03   8.6827345E-03   1.2644333E-02
   1.5482373E+03   4.3010000E+03   2.9010000E+03   3.2855573E-03   4.9701954E-03
   1.5482449E+03   4.3100000E+03   2.9940000E+03   3.9965184E-03   2.7322826E-03
   1.5482524E+03   4.3240000E+03   2.9730000E+03   4.0402279E-03   6.1426354E-03
   1.5482599E+03   4.4360000E+03   3.0550000E+03   6.3921215E-03   5.1474623E-03
   1.5482674E+03   4.4960000E+03   3.0800000E+03   4.0148092E-03   8.2230928E-03
   1.5482750E+03   4.4770000E+03   3.1160000E+03   2.1343683E-03   3.2269532E-03
   1.5482825E+03   4.6840000E+03   3.2710000E+03   3.8516122E-03   4.4968561E-03
   1.5482900E+03   4.6770000E+03   3.3150000E+03   9.5633083E-03   1.1703119E-02
   1.5482976E+03   4.7630000E+03   3.3300000E+03   2.1934581E-03   5.9844774E-03
   1.5483051E+03   4.7440000E+03   3.3610000E+03   1.7949771E-03   3.1889515E-03
   1.5483126E+03   4.8740000E+03   3.4430000E+03   1.5824323E-03   1.5059986E-03
   1.5483201E+03   4.7870000E+03   3.3900000E+03   1.4810860E-03   4.3958789E-03
   1.5483277E+03   4.9420000E+03   3.5240000E+03   3.4851814E-03   5.6867320E-03
   1.5483352E+03   4.9570000E+03   3.5830000E+03   3.4443271E-03   5.7245436E-03
   1.5483427E+03   4.9590000E+03   3.5920000E+03   2.4687120E-03   5.5050696E-03
   1.5483502E+03   4.8810000E+03   3.5480000E+03   1.5988863E-03   3.7004511E-03
   1.5483578E+03   4.9470000E+03   3.5620000E+03   5.4683128E-03   7.6524070E-03
   1.5483653E+03   5.0580000E+03   3.6850000E+03   6.2248082E-03   8.0060245E-03
   1.5483728E+03   5.1420000E+03   3.7340000E+03   2.4122947E-03   3.0881771E-03
   1.5483804E+03   5.2400000E+03   3.8020000E+03   4.5857757E-03   6.4852056E-03
   1.5483879E+03   5.0870000E+03   3.7160000E+03   2.9112057E-03   2.4976773E-03
   1.5483954E+03   5.3730000E+03   3.9280000E+03   2.0859090E-03   1.1332305E-03
   1.5484029E+03   5.2580000E+03   3.8630000E+03   3.0276710E-03   1.5219364E-03
   1.5484105E+03   5.3850000E+03   3.9720000E+03   2.0711091E-03   3.8621739E-03
   1.5484180E+03   5.4280000E+03   4.0410000E+03   5.0659293E-03   7.8347374E-03
   1.5484255E+03   5.4890000E+03   4.0400000E+03   2.3180675E-03   3.6177776E-03
   1.5484331E+03   5.4340000E+03   4.0040000E+03   2.3079929E-03   3.1416656E-03
   1.5484406E+03   5.5180000E+03   4.0950000E+03   5.9738209E-03   4.1914764E-03
   1.5484481E+03   5.5390000E+03   4.1530000E+03   3.7277316E-03   5.2097390E-03
   1.5484556E+03   5.5860000E+03   4.2210000E+03   2.9162601E-03   3.0542764E-03
   1.5484632E+03   5.7070000E+03   4.2410000E+03   1.6805782E-03   4.2300747E-03
   1.5484707E+03   5.6560000E+03   4.2240000E+03   2.0104478E-03   1.9333871E-03
   1.5484782E+03   5.7100000E+03   4.2000000E+03   3.6222995E-03   3.5833232E-03
   1.5484858E+03   5.9220000E+03   4.4080000E+03   2.3861100E-03   2.8151277E-03
   1.5484933E+03   5.8040000E+03   4.2600000E+03   7.2681395E-03   6.5085102E-03
   1.5485008E+03   5.8570000E+03   4.3230000E+03   4.0967194E-03   3.5000776E-03
   1.5485083E+03   5.9750000E+03   4.4950000E+03   5.1127725E-03   7.2169504E-03
   1.5485159E+03   6.0600000E+03   4.5180000E+03   3.0206419E-03   4.5568028E-03
   1.5485234E+03   6.0420000E+03   4.5020000E+03   2.7272910E-03   5.3601789E-03
   1.5485309E+03   5.9260000E+03   4.4080000E+03   3.3924717E-03   3.9161224E-03
   1.5485385E+03   5.9690000E+03   4.3890000E+03   6.5230966E-03   8.0339937E-03
   1.5485460E+03   6.0240000E+03   4.5520000E+03   4.6535931E-03   6.1073799E-03
   1.5485535E+03   6.0890000E+03   4.4930000E+03   1.3361240E-03   3.0234102E-03
   1.5485610E+03   6.0340000E+03   4.4750000E+03   2.6417417E-03   5.6872176E-03
   1.5485686E+03   6.0340000E+03   4.4870000E+03   6.4167229E-03   6.3235884E-03
   1.5485761E+03   6.0130000E+03   4.4620000E+03   3.3693102E-03   6.0680789E-03
   1.5485836E+03   6.1400000E+03   4.6090000E+03   1.7418183E-03   8.8093306E-04
   1.5485912E+03   6.1230000E+03   4.5230000E+03   1.9586500E-03   1.7405093E-03
   1.5485987E+03   6.3160000E+03   4.7260000E+03   4.2494323E-03   4.1877197E-03
   1.5486062E+03   6.2820000E+03   4.7020000E+03   3.5225836E-03   5.3012574E-03
   1.5486137E+03   6.0540000E+03   4.4710000E+03   1.3733395E-03   2.6081392E-03
   1.5486213E+03   6.1460000E+03   4.5640000E+03   2.0771659E-03   2.9395362E-03
   1.5486288E+03   6.3930000E+03   4.7720000E+03   2.6375445E-03   4.9638938E-03
   1.5486363E+03   6.3000000E+03   4.6480000E+03   3.6538777E-03   4.7953373E-03
   1.5486439E+03   6.3790000E+03   4.7380000E+03   4.5093651E-03   4.2877704E-03
   1.5486514E+03   6.2760000E+03   4.6440000E+03   1.3067970E-03   2.2815250E-03
   1.5486589E+03   6.3360000E+03   4.6950000E+03   3.0840468E-03   4.5170721E-03
   1.5486664E+03   6.4030000E+03   4.7050000E+03   2.6523142E-03   3.7267465E-03
   1.5486740E+03   6.1960000E+03   4.5590000E+03   2.0245515E-03   3.2423357E-03
   1.5486815E+03   6.4610000E+03   4.7380000E+03   2.4665228E-03   2.5618953E-03
   1.5486890E+03   6.4800000E+03   4.8300000E+03   3.8210238E-03   7.3041668E-03
   1.5486966E+03   6.5710000E+03   4.8450000E+03   3.2107021E-03   4.6350083E-03
   1.5487041E+03   6.3110000E+03   4.6500000E+03   4.6512585E-04   1.3801638E-03
   1.5487116E+03   6.5170000E+03   4.8190000E+03   1.3684097E-03   1.5608704E-03
   1.5487191E+03   6.4170000E+03   4.7110000E+03   1.4089388E-03   1.9815978E-03
   1.5487267E+03   6.1760000E+03   4.4550000E+03   4.2406106E-03   2.4298439E-03
   1.5487342E+03   6.5730000E+03   4.7990000E+03   2.1358139E-03   1.9862640E-03
   1.5487417E+03   6.3870000E+03   4.6730000E+03   2.9629992E-03   2.8038469E-03
   1.5487493E+03   6.5950000E+03   4.8070000E+03   2.6943468E-03   3.7369105E-03
   1.5487568E+03   6.4820000E+03   4.7130000E+03   2.2231981E-03   3.9935452E-03
   1.5487643E+03   6.4550000E+03   4.7670000E+03   5.5734833E-04   1.4804255E-03
   1.5487718E+03   6.5130000E+03   4.7140000E+03   1.0374508E-03   2.3808066E-04
   1.5487794E+03   6.4440000E+03   4.7370000E+03   7.0500956E-04   5.2135386E-04
   1.5487869E+03   6.5610000E+03   4.7230000E+03   1.0993018E-03   1.1831308E-03
   1.5487944E+03   6.3770000E+03   4.6130000E+03   3.1725173E-03   3.6395770E-03
   1.5488019E+03   6.4580000E+03   4.7150000E+03   1.8643375E-03   2.4536731E-03
   1.5488095E+03   6.2920000E+03   4.5460000E+03   3.1347408E-03   2.6716383E-03
   1.5488170E+03   6.4300000E+03   4.6230000E+03   1.7169229E-03   3.2023726E-03
   1.5488245E+03   6.5310000E+03   4.6820000E+03   3.2809792E-03   3.7987356E-03
   1.5488321E+03   6.4390000E+03   4.5990000E+03   3.1455268E-03   3.0878672E-03
   1.5488396E+03   6.3790000E+03   4.5740000E+03   2.3582119E-03   4.5217975E-03
   1.5488471E+03   6.2640000E+03   4.4390000E+03   2.8224106E-03   4.7411168E-03
   1.5488546E+03   6.3620000E+03   4.4900000E+03   2.5542889E-03   3.6093675E-03
   1.5488622E+03   6.4000000E+03   4.4990000E+03   3.9540729E-03   1.5280874E-03
   1.5488697E+03   6.2780000E+03   4.4190000E+03   2.8384665E-03   1.0425931E-03
   1.5488772E+03   6.3470000E+03   4.4270000E+03   1.8875326E-03   2.2058809E-03
   1.5488848E+03   6.3200000E+03   4.3670000E+03   2.3328720E-03   1.2324578E-03
   1.5488923E+03   6.3100000E+03   4.4080000E+03   3.8216961E-03   4.0120376E-03
   1.5488998E+03   6.1640000E+03   4.3060000E+03   2.1124278E-03   2.9418122E-03
   1.5489073E+03   6.2690000E+03   4.3470000E+03   1.8337147E-03   2.4239626E-03
   1.5489149E+03   6.0840000E+03   4.2370000E+03   3.4408699E-03   3.3444210E-03
   1.5489224E+03   6.2730000E+03   4.3240000E+03   3.2193610E-03   2.1714162E-03
   1.5489299E+03   5.9880000E+03   4.1100000E+03   2.2442252E-03   1.1696024E-03
   1.5489375E+03   6.1830000E+03   4.2000000E+03   2.7120328E-03   2.1768636E-03
   1.5489450E+03   6.0260000E+03   4.0760000E+03   6.7031494E-04   1.2681306E-03
   1.5489525E+03   6.0120000E+03   4.0890000E+03   2.0436220E-03   3.1078265E-03
   1.5489600E+03   6.0550000E+03   4.0940000E+03   3.5590578E-03   2.9867550E-03
   1.5489676E+03   6.1140000E+03   4.0760000E+03   4.4725883E-03   6.4300564E-03
   1.5489751E+03   5.8960000E+03   3.8980000E+03   2.4505384E-03   1.7780602E-03
   1.5489826E+03   5.8960000E+03   3.9340000E+03   2.0503909E-03   5.1012326E-03
   1.5489902E+03   5.8010000E+03   3.7900000E+03   4.2338432E-03   5.3566917E-03
   1.5489977E+03   5.8410000E+03   3.7840000E+03   6.3130603E-03   7.8345822E-03
   1.5490052E+03   5.6770000E+03   3.6360000E+03   4.4704968E-03   4.1548270E-03
   1.5490127E+03   5.8420000E+03   3.6600000E+03   1.8855421E-03   3.2644389E-03
   1.5490203E+03   5.6220000E+03   3.4910000E+03   1.6757590E-03   1.2804313E-03
   1.5490278E+03   5.6360000E+03   3.4620000E+03   1.4720114E-03   1.6155773E-03
   1.5490353E+03   5.6440000E+03   3.4150000E+03   2.2466515E-03   1.4404570E-03
   1.5490429E+03   5.5780000E+03   3.3510000E+03   8.5314572E-03   6.9435296E-03
   1.5490504E+03   5.6050000E+03   3.3550000E+03   4.0800867E-03   2.5585087E-03
   1.5490579E+03   5.5650000E+03   3.2100000E+03   1.9852567E-03   3.5020372E-03
   1.5490654E+03   5.4000000E+03   3.1690000E+03   3.1982635E-03   3.9821654E-03
   1.5490730E+03   5.3090000E+03   3.1200000E+03   2.1220102E-03   3.9489986E-03
   1.5490805E+03   5.2550000E+03   3.0490000E+03   1.3532664E-03   2.0615330E-03
   1.5490880E+03   5.2380000E+03   3.1120000E+03   4.8996741E-03   5.2629976E-03
   1.5490956E+03   5.1550000E+03   3.0170000E+03   3.2292523E-03   4.2023604E-03
   1.5491031E+03   5.1150000E+03   2.9710000E+03   1.7189677E-03   6.2308433E-03
   1.5491106E+03   5.0600000E+03   2.9550000E+03   6.8178507E-03   7.9737199E-03
   1.5491181E+03   4.9390000E+03   2.8550000E+03   2.9993245E-03   1.3810825E-03
   1.5491257E+03   4.7850000E+03   2.7740000E+03   2.4528482E-03   3.9784094E-03
   1.5491332E+03   4.6590000E+03   2.7460000E+03   1.5462155E-03   4.3361602E-03
   1.5491407E+03   4.6650000E+03   2.7910000E+03   3.1465584E-04   1.4009586E-03
   1.5491483E+03   4.5120000E+03   2.7740000E+03   2.3989271E-03   7.2286871E-04
   1.5491558E+03   4.5340000E+03   2.7750000E+03   2.0880514E-03   4.5310989E-03
   1.5491633E+03   4.4040000E+03   2.6590000E+03   2.4808491E-03   3.3221314E-03
   1.5491708E+03   4.3770000E+03   2.7010000E+03   5.0150744E-03   4.4693566E-03
   1.5491784E+03   4.2020000E+03   2.6300000E+03   2.5254454E-03   1.2462137E-03
   1.5491859E+03   4.2240000E+03   2.6570000E+03   1.7641501E-03   6.1106393E-03
   1.5491934E+03   4.0610000E+03   2.5490000E+03   4.6810080E-03   3.8947138E-03
   1.5492010E+03   3.9750000E+03   2.4940000E+03   2.0649495E-03   1.1352764E-03
   1.5492085E+03   4.0540000E+03   2.5820000E+03   3.8322568E-03   4.5068785E-03
   1.5492160E+03   3.9420000E+03   2.5460000E+03   1.8281341E-03   3.2677899E-03
   1.5492235E+03   3.7960000E+03   2.4590000E+03   3.4937684E-03   4.7241468E-03
   1.5492311E+03   3.6190000E+03   2.3860000E+03   3.0861285E-03   3.2660533E-03
   1.5492386E+03   3.6630000E+03   2.4990000E+03   2.2289991E-03   1.2219848E-03
   1.5492461E+03   3.5680000E+03   2.3600000E+03   1.8654691E-03   2.3906001E-03
   1.5492536E+03   3.5390000E+03   2.4130000E+03   2.5417752E-03   3.2976367E-03
   1.5492612E+03   3.4870000E+03   2.3880000E+03   2.1458499E-03   7.6543327E-04
   1.5492687E+03   3.4270000E+03   2.4180000E+03   2.7517971E-03   4.5757691E-03
   1.5492762E+03   3.3080000E+03   2.3810000E+03   1.9944503E-03   8.8704626E-04
   1.5492838E+03   3.0790000E+03   2.2460000E+03   1.1867849E-03   1.1393745E-03
   1.5492913E+03   3.0010000E+03   2.2660000E+03   1.4721222E-03   1.3257459E-03
   1.5492988E+03   2.8810000E+03   2.2020000E+03   1.9371274E-03   3.9447293E-03
   1.5493063E+03   2.8740000E+03   2.2660000E+03   2.7881457E-03   3.2363133E-03
   1.5493139E+03   2.6180000E+03   2.1040000E+03   2.4295281E-03   2.2898892E-03
   1.5493214E+03   2.4620000E+03   2.0560000E+03   1.4640212E-03   1.6143605E-03
   1.5493289E+03   2.3270000E+03   1.9710000E+03   3.9221519E-03   4.1589188E-03
   1.5493365E+03   2.0970000E+03   1.8180000E+03   3.3657230E-03   4.4168546E-03
   1.5493440E+03   2.0490000E+03   1.8510000E+03   3.6277105E-03   3.7807137E-03
   1.5493515E+03   1.8710000E+03   1.7150000E+03   1.9080800E-03   1.5306751E-03
   1.5493590E+03   1.8220000E+03   1.6810000E+03   3.3083946E-03   3.1294841E-03
   1.5493666E+03   1.7050000E+03   1.6210000E+03   1.8870508E-03   1.7369351E-03
   1.5493741E+03   1.5300000E+03   1.4740000E+03   1.9932442E-03   2.3228186E-03
   1.5493816E+03   1.3840000E+03   1.3260000E+03   1.5673019E-03   1.8758098E-03
   1.5493892E+03   1.2800000E+03   1.2370000E+03   1.3159977E-03   1.2042935E-03
   1.5493967E+03   1.1050000E+03   1.0790000E+03   6.2350754E-03   6.0014819E-03
   1.5494042E+03   1.0360000E+03   1.0070000E+03   5.2848016E-03   5.4362641E-03
   1.5494117E+03   9.5100000E+02   9.3000000E+02   3.7888102E-03   3.8743674E-03
   1.5494193E+03   9.2000000E+02   8.9400000E+02   2.5024678E-03   2.5756808E-03
   1.5494268E+03   7.7700000E+02   7.5400000E+02   5.5240116E-03   5.6927117E-03
   1.5494343E+03   7.2600000E+02   7.1200000E+02   6.8311959E-03   6.9652632E-03
   1.5494419E+03   6.6200000E+02   6.4000000E+02   9.4947735E-03   9.8211056E-03
   1.5494494E+03   6.1900000E+02   5.9500000E+02   3.8839015E-03   4.0406221E-03
   1.5494569E+03   4.9100000E+02   4.7100000E+02   6.4515723E-04   6.7458122E-04
   1.5494644E+03   4.5000000E+02   4.3500000E+02   1.7428158E-03   1.8029863E-03
   1.5494720E+03   4.3200000E+02   4.1400000E+02   4.1539672E-03   4.3343021E-03
   1.5494795E+03   3.5700000E+02   3.4200000E+02   6.3167144E-03   6.5934632E-03
   1.5494870E+03   3.6100000E+02   3.4800000E+02   3.5439520E-03   3.6765856E-03
   1.5494946E+03   3.3200000E+02   3.2400000E+02   7.9474467E-03   8.1434913E-03
   1.5495021E+03   3.2800000E+02   3.2000000E+02   7.0109859E-03   7.1862680E-03
   1.5495096E+03   3.5900000E+02   3.5100000E+02   2.5514377E-03   2.6097954E-03
   1.5495171E+03   3.1400000E+02   3.0100000E+02   7.9292214E-04   8.2727566E-04
   1.5495247E+03   3.0500000E+02   2.9300000E+02   2.5619269E-03   2.6669791E-03
   1.5495322E+03   2.9100000E+02   2.8200000E+02   1.7493875E-03   1.8045165E-03
   1.5495397E+03   2.7900000E+02   2.6800000E+02   2.4846032E-03   2.5866043E-03
   1.5495473E+03   3.1500000E+02   3.0700000E+02   2.4292800E-03   2.4925629E-03
   1.5495548E+03   3.2400000E+02   3.1500000E+02   3.1083072E-03   3.1970880E-03
   1.5495623E+03   3.0700000E+02   2.9800000E+02   2.2334930E-03   2.3007010E-03
   1.5495698E+03   3.0700000E+02   2.9900000E+02   2.0002285E-03   2.0540784E-03
   1.5495774E+03   2.8000000E+02   2.7000000E+02   1.6874352E-03   1.7499959E-03
   1.5495849E+03   3.1000000E+02   3.0100000E+02   4.3798129E-03   4.5107039E-03
   1.5495924E+03   2.7300000E+02   2.6400000E+02   5.4393929E-03   5.6246779E-03
   1.5496000E+03   2.8500000E+02   2.7800000E+02   4.9798126E-03   5.1058066E-03
   1.5496075E+03   2.8800000E+02   2.7600000E+02   4.6937765E-03   4.8980194E-03
   1.5496150E+03   2.5600000E+02   2.5100000E+02   1.2787906E-03   1.3042453E-03
   1.5496225E+03   2.5500000E+02   2.4200000E+02   1.6817048E-03   1.7726367E-03
   1.5496301E+03   2.8000000E+02   2.7300000E+02   6.5009241E-04   6.6759150E-04
   1.5496376E+03   2.5100000E+02   2.4300000E+02   2.0343746E-03   2.1012834E-03
   1.5496451E+03   2.4100000E+02   2.3500000E+02   4.3261463E-03   4.4366079E-03
   1.5496527E+03   2.4400000E+02   2.4000000E+02   1.3527016E-03   1.3752572E-03
   1.5496602E+03   2.7200000E+02   2.6400000E+02   3.2952904E-03   3.3964372E-03
   1.5496677E+03   2.3200000E+02   2.2700000E+02   3.5272923E-03   3.6049723E-03
   1.5496752E+03   2.6000000E+02   2.5500000E+02   4.7521554E-03   4.8455931E-03
   1.5496828E+03   2.1200000E+02   2.0400000E+02   4.0916585E-03   4.2521542E-03
   1.5496903E+03   2.5200000E+02   2.4200000E+02   2.5117491E-03   2.6153289E-03
   1.5496978E+03   2.3000000E+02   2.1700000E+02   3.2735560E-03   3.4763393E-03
   1.5497053E+03   2.4000000E+02   2.3100000E+02   3.2836173E-03   3.4117130E-03
   1.5497129E+03   2.2700000E+02   2.2000000E+02   3.9331443E-03   4.0580862E-03
   1.5497204E+03   2.0600000E+02   2.0000000E+02   1.5229014E-03   1.5686545E-03
   1.5497279E+03   2.3600000E+02   2.3000000E+02   1.1664504E-03   1.1968502E-03
   1.5497355E+03   2.4100000E+02   2.3000000E+02   1.9852769E-03   2.0804748E-03
   1.5497430E+03   2.4400000E+02   2.2800000E+02   2.2694148E-03   2.4288872E-03
   1.5497505E+03   2.1800000E+02   2.0600000E+02   3.6961674E-03   3.9112143E-03
   1.5497580E+03   2.1300000E+02   2.0100000E+02   1.7572299E-03   1.8621267E-03
   1.5497656E+03   2.1500000E+02   2.0800000E+02   1.6757092E-03   1.7574359E-03
   1.5497731E+03   2.3500000E+02   2.3000000E+02   1.9087372E-03   1.9501210E-03
   1.5497806E+03   2.1500000E+02   2.0000000E+02   3.7168986E-03   3.9959713E-03
   1.5497882E+03   2.1900000E+02   2.0400000E+02   2.3833627E-03   2.5592506E-03
   1.5497957E+03   2.1800000E+02   2.0400000E+02   2.0147452E-03   2.1530127E-03
   1.5498032E+03   2.0000000E+02   1.8300000E+02   5.5740441E-04   6.0774495E-04
   1.5498107E+03   1.9200000E+02   1.7400000E+02   5.6821342E-03   6.2701787E-03
   1.5498183E+03   1.9900000E+02   1.8800000E+02   7.0698101E-03   7.4835447E-03
   1.5498258E+03   2.2200000E+02   1.9900000E+02   2.0299598E-03   2.2639805E-03
   1.5498333E+03   1.9400000E+02   1.7500000E+02   5.1663474E-04   5.7270625E-04
   1.5498409E+03   2.2700000E+02   1.9700000E+02   3.0490254E-03   3.5130559E-03
   1.5498484E+03   2.4800000E+02   2.1600000E+02   2.2154388E-03   2.5440601E-03
   1.5498559E+03   2.2800000E+02   2.0200000E+02   2.4879266E-03   2.8075161E-03
   1.5498634E+03   2.0400000E+02   1.8500000E+02   2.2637509E-03   2.4984380E-03
   1.5498710E+03   1.9000000E+02   1.6500000E+02   6.6541330E-04   7.6483489E-04
   1.5498785E+03   2.2700000E+02   1.8200000E+02   1.5038968E-03   1.8773394E-03
   1.5498860E+03   2.2500000E+02   1.8800000E+02   8.4086095E-04   1.0069028E-03
   1.5498936E+03   2.2400000E+02   1.8300000E+02   2.8556860E-03   3.4957186E-03
   1.5499011E+03   2.1400000E+02   1.7200000E+02   1.3848069E-03   1.7167396E-03
   1.5499086E+03   2.2500000E+02   1.8200000E+02   2.2808975E-03   2.8201096E-03
   1.5499161E+03   2.1600000E+02   1.6400000E+02   8.9930672E-04   1.1840499E-03
   1.5499237E+03   2.3800000E+02   1.8700000E+02   3.0207732E-03   3.8489832E-03
   1.5499312E+03   2.2700000E+02   1.8500000E+02   1.1818983E-03   1.4530485E-03
   1.5499387E+03   2.4400000E+02   1.9500000E+02   2.4531383E-03   3.0534142E-03
   1.5499463E+03   2.4700000E+02   1.9200000E+02   1.2126393E-03   1.5611627E-03
   1.5499538E+03   2.7400000E+02   2.1500000E+02   2.1667626E-03   2.7609779E-03
   1.5499613E+03   2.5300000E+02   1.8700000E+02   1.1657602E-03   1.5684885E-03
   1.5499688E+03   2.9900000E+02   2.1400000E+02   1.6428690E-03   2.2945543E-03
   1.5499764E+03   2.5600000E+02   1.8300000E+02   1.2451054E-03   1.7426246E-03
   1.5499839E+03   2.7700000E+02   2.1000000E+02   1.0132703E-03   1.3114056E-03
   1.5499914E+03   2.9900000E+02   2.1500000E+02   5.2243026E-04   1.4140173E-03
   1.5499990E+03   2.9800000E+02   2.2100000E+02   2.9140642E-03   3.9280758E-03
   1.5500065E+03   3.2500000E+02   2.4300000E+02   3.7799277E-04   4.1739735E-04
   1.5500140E+03   3.2800000E+02   2.3500000E+02   8.1789220E-04   1.1409712E-03
   1.5500215E+03   3.5000000E+02   2.6800000E+02   1.0756204E-03   1.4011425E-03
   1.5500291E+03   3.2900000E+02   2.4400000E+02   4.6664026E-04   6.2462580E-04
   1.5500366E+03   3.3300000E+02   2.5400000E+02   5.9279306E-04   9.4361348E-04
   1.5500441E+03   3.5400000E+02   2.4800000E+02   8.3401575E-04   9.8861577E-04
   1.5500517E+03   3.5800000E+02   2.7000000E+02   6.6151850E-04   8.8107150E-04
   1.5500592E+03   3.6200000E+02   2.6400000E+02   1.4931314E-03   2.0470342E-03
   1.5500667E+03   3.8200000E+02   2.7500000E+02   1.0152163E-03   1.3889474E-03
   1.5500742E+03   4.2100000E+02   2.9800000E+02   9.0306501E-04   1.2826135E-03
   1.5500818E+03   3.7400000E+02   2.7800000E+02   4.2806806E-04   5.7626399E-04
   1.5500893E+03   3.9300000E+02   2.8200000E+02   7.6431844E-04   1.0646996E-03
   1.5500968E+03   4.6900000E+02   3.4800000E+02   8.8088461E-04   1.1861636E-03
   1.5501044E+03   4.7800000E+02   3.4700000E+02   6.1552787E-04   8.5185164E-04
   1.5501119E+03   4.0900000E+02   3.1400000E+02   7.7236477E-04   1.0893135E-03
   1.5501194E+03   5.0600000E+02   3.6600000E+02   5.2590450E-04   7.2634491E-04
   1.5501269E+03   4.4500000E+02   3.2700000E+02   1.7332578E-04   3.0294830E-04
   1.5501345E+03   4.6700000E+02   3.4800000E+02   2.6452142E-04   1.5774233E-04
   1.5501420E+03   4.7100000E+02   3.7900000E+02   4.2407748E-04   5.2788953E-04
   1.5501495E+03   5.0500000E+02   3.8500000E+02   1.2658542E-04   1.6555796E-04
   1.5501571E+03   5.3400000E+02   4.0200000E+02   8.9230855E-06   1.1499226E-05
   1.5501646E+03   5.2500000E+02   4.0400000E+02   1.0139067E-03   1.3169220E-03
   1.5501721E+03   5.7600000E+02   4.4300000E+02   8.8916415E-04   1.1563506E-03
   1.5501796E+03   5.4200000E+02   4.2300000E+02   1.2798641E-06   8.2671814E-07
   1.5501872E+03   5.5900000E+02   4.1800000E+02   7.7783192E-04   5.7441563E-04
   1.5501947E+03   5.5900000E+02   4.3300000E+02   5.2361094E-04   6.7733595E-04
   1.5502022E+03   5.5200000E+02   4.2600000E+02   6.6089017E-04   8.9735416E-04
   1.5502097E+03   5.9200000E+02   4.6200000E+02   6.8751251E-04   5.3612815E-04
   1.5502173E+03   5.9600000E+02   4.6600000E+02   3.2633253E-05   9.8211034E-05
   1.5502248E+03   5.7300000E+02   4.5600000E+02   1.0457629E-04   1.4138168E-04
   1.5502323E+03   6.0200000E+02   4.7400000E+02   2.1276186E-04   3.9251177E-04
   1.5502399E+03   6.1300000E+02   4.6600000E+02   1.5625401E-04   2.0522321E-04
   1.5502474E+03   6.1600000E+02   4.8600000E+02   4.4278555E-04   3.4491179E-04
   1.5502549E+03   6.9200000E+02   5.4200000E+02   3.9563659E-04   5.0556930E-04
   1.5502624E+03   6.7000000E+02   5.2400000E+02   2.9591402E-04   3.1876223E-04
   1.5502700E+03   7.2200000E+02   5.5900000E+02   1.6572952E-04   1.2571951E-04
   1.5502775E+03   6.8200000E+02   5.4100000E+02   6.3162725E-04   7.0450625E-04
   1.5502850E+03   7.6700000E+02   6.0000000E+02   4.0467397E-04   3.0121502E-04
   1.5502926E+03   7.1900000E+02   5.5900000E+02   4.0033276E-04   4.9259575E-04
   1.5503001E+03   7.1400000E+02   5.6100000E+02   5.2138683E-04   6.5248117E-04
   1.5503076E+03   7.4000000E+02   5.9300000E+02   2.6310423E-04   3.2615179E-04
   1.5503151E+03   8.1500000E+02   6.5200000E+02   3.2152391E-04   5.4544998E-04
   1.5503227E+03   8.0200000E+02   6.3400000E+02   2.8905061E-04   3.5958072E-04
   1.5503302E+03   7.9100000E+02   6.2100000E+02   3.7566443E-04   1.6226198E-04
   1.5503377E+03   8.1100000E+02   6.3900000E+02   7.2745332E-04   5.1260011E-04
   1.5503453E+03   8.1500000E+02   6.4900000E+02   8.7169365E-04   1.0532766E-03
   1.5503528E+03   8.7400000E+02   7.0000000E+02   3.3854093E-04   4.2228413E-04
   1.5503603E+03   8.7900000E+02   7.0200000E+02   1.9946080E-04   2.4958243E-04
   1.5503678E+03   9.0100000E+02   7.1300000E+02   4.7606090E-04   4.3371846E-04
   1.5503754E+03   9.3000000E+02   7.4200000E+02   4.3957838E-04   4.3456174E-04
   1.5503829E+03   9.5600000E+02   7.5800000E+02   1.0750929E-04   4.7871790E-04
   1.5503904E+03   9.7200000E+02   7.6700000E+02   3.9978150E-04   2.3201167E-04
   1.5503980E+03   9.6100000E+02   7.7000000E+02   3.7925374E-04   6.9281072E-04
   1.5504055E+03   1.0070000E+03   8.0100000E+02   2.6879980E-04   2.0693527E-04
   1.5504130E+03   9.8600000E+02   7.6200000E+02   3.4650869E-04   2.8050818E-04
   1.5504205E+03   1.0320000E+03   8.0100000E+02   2.1569646E-04   4.0115547E-04
   1.5504281E+03   9.7200000E+02   7.6100000E+02   9.7607813E-05   7.3940197E-05
   1.5504356E+03   1.0750000E+03   8.2700000E+02   5.8878463E-04   5.9397293E-04
   1.5504431E+03   1.1220000E+03   8.6400000E+02   5.7674807E-04   8.6391371E-04
   1.5504507E+03   1.1100000E+03   8.6100000E+02   4.9293347E-04   3.0517470E-04
   1.5504582E+03   1.1750000E+03   8.9200000E+02   3.9637755E-04   5.2322741E-04
   1.5504657E+03   1.2280000E+03   9.1800000E+02   2.1691592E-04   2.8609873E-04
   1.5504732E+03   1.2540000E+03   9.2800000E+02   3.1468632E-04   1.9340727E-04
   1.5504808E+03   1.2890000E+03   9.4800000E+02   2.6161581E-04   3.5802502E-04
   1.5504883E+03   1.2970000E+03   9.2400000E+02   3.4211809E-04   2.7830750E-04
   1.5504958E+03   1.3770000E+03   9.7900000E+02   2.3686459E-04   4.2324786E-04
   1.5505034E+03   1.4150000E+03   9.9500000E+02   2.7101452E-04   3.9546571E-04
   1.5505109E+03   1.4380000E+03   9.3300000E+02   4.6040897E-04   2.8672155E-04
   1.5505184E+03   1.5700000E+03   1.0360000E+03   6.2692926E-05   1.1547335E-04
   1.5505259E+03   1.6000000E+03   9.7200000E+02   7.9051250E-05   2.7963091E-04
   1.5505335E+03   1.6800000E+03   1.0250000E+03   1.4116546E-04   3.1970882E-04
   1.5505410E+03   1.7280000E+03   1.0230000E+03   2.2112267E-04   4.0746081E-04
   1.5505485E+03   1.8580000E+03   1.0870000E+03   3.5756325E-04   4.4097706E-04
   1.5505561E+03   1.9040000E+03   1.0700000E+03   4.2543788E-04   7.3861513E-04
   1.5505636E+03   1.9870000E+03   1.1180000E+03   3.2588307E-04   1.8106526E-04
   1.5505711E+03   2.1650000E+03   1.2160000E+03   3.2252094E-04   2.5404992E-04
   1.5505786E+03   2.1520000E+03   1.2340000E+03   1.8747169E-04   1.3424467E-04
   1.5505862E+03   2.2790000E+03   1.2260000E+03   2.5444847E-04   3.2832921E-04
   1.5505937E+03   2.3240000E+03   1.2590000E+03   1.5954012E-04   1.9516818E-04
   1.5506012E+03   2.5310000E+03   1.3600000E+03   1.2085259E-04   1.8433435E-04
   1.5506087E+03   2.5750000E+03   1.3510000E+03   1.8526124E-04   3.2021975E-04
   1.5506163E+03   2.5050000E+03   1.3160000E+03   2.5212591E-04   3.4077483E-04
   1.5506238E+03   2.6960000E+03   1.4740000E+03   9.3004341E-05   3.0227071E-04
   1.5506313E+03   2.7990000E+03   1.5030000E+03   2.4492960E-04   5.1856002E-04
   1.5506389E+03   2.8850000E+03   1.5700000E+03   2.6870973E-04   1.9220855E-04
   1.5506464E+03   2.9430000E+03   1.6380000E+03   3.0482937E-04   4.2888847E-04
   1.5506539E+03   3.0580000E+03   1.7340000E+03   1.4007082E-04   1.1428984E-04
   1.5506614E+03   3.0630000E+03   1.7630000E+03   2.2158291E-04   2.9376708E-04
   1.5506690E+03   3.0170000E+03   1.7770000E+03   4.2336849E-05   1.9291550E-04
   1.5506765E+03   3.1170000E+03   1.8500000E+03   2.6829556E-04   2.3630013E-04
   1.5506840E+03   3.2210000E+03   1.8970000E+03   1.3218876E-04   7.3503924E-05
   1.5506916E+03   3.2890000E+03   1.9820000E+03   3.7484994E-04   1.6932165E-04
   1.5506991E+03   3.3440000E+03   2.0340000E+03   1.6400394E-04   4.0990092E-05
   1.5507066E+03   3.3720000E+03   2.0820000E+03   1.7632103E-04   3.1720549E-04
   1.5507141E+03   3.5110000E+03   2.1830000E+03   2.5137713E-04   1.7425437E-04
   1.5507217E+03   3.6480000E+03   2.3190000E+03   2.6778490E-04   2.3114517E-04
   1.5507292E+03   3.5820000E+03   2.2890000E+03   3.2053841E-04   1.7546293E-04
   1.5507367E+03   3.6820000E+03   2.3400000E+03   3.0737438E-04   3.7574417E-04
   1.5507443E+03   3.7980000E+03   2.3960000E+03   5.9014053E-05   1.9061869E-04
   1.5507518E+03   3.8150000E+03   2.4860000E+03   1.7675574E-04   4.5781831E-05
   1.5507593E+03   3.8070000E+03   2.5020000E+03   1.8448357E-04   1.3597204E-04
   1.5507668E+03   3.9600000E+03   2.6380000E+03   2.5711059E-04   4.5891285E-04
   1.5507744E+03   4.0680000E+03   2.7200000E+03   3.8273622E-04   4.6059635E-04
   1.5507819E+03   3.9620000E+03   2.6600000E+03   2.3937942E-04   2.9965910E-04
   1.5507894E+03   4.3560000E+03   2.9420000E+03   2.1314761E-04   4.2343244E-04
   1.5507970E+03   4.2880000E+03   2.9190000E+03   1.0326655E-04   1.5525510E-04
   1.5508045E+03   4.2460000E+03   2.9030000E+03   1.5501309E-04   2.7310343E-04
   1.5508120E+03   4.1990000E+03   2.9140000E+03   1.5118030E-04   1.6052582E-04
   1.5508195E+03   4.4140000E+03   3.0780000E+03   2.0687055E-04   3.7074712E-04
   1.5508271E+03   4.3630000E+03   3.0590000E+03   8.0918193E-06   1.1316200E-04
   1.5508346E+03   4.4890000E+03   3.1220000E+03   2.6986944E-04   3.5324381E-04
   1.5508421E+03   4.5080000E+03   3.1510000E+03   2.5357214E-04   1.3993445E-04
   1.5508497E+03   4.5870000E+03   3.1890000E+03   2.3799727E-04   3.2897020E-04
   1.5508572E+03   4.6020000E+03   3.3190000E+03   3.2690888E-04   1.0154977E-04
   1.5508647E+03   4.5660000E+03   3.2600000E+03   8.5166118E-05   9.2167710E-05
   1.5508722E+03   4.7100000E+03   3.3800000E+03   1.5100232E-04   1.9551410E-04
   1.5508798E+03   4.7650000E+03   3.3780000E+03   8.0922764E-05   1.8565250E-04
   1.5508873E+03   4.7570000E+03   3.4100000E+03   9.9659533E-05   4.8978717E-05
   1.5508948E+03   4.7590000E+03   3.4480000E+03   1.6593857E-04   2.9600721E-04
   1.5509024E+03   4.8780000E+03   3.5120000E+03   2.2556887E-04   3.3559973E-04
   1.5509099E+03   4.9500000E+03   3.6060000E+03   1.6213388E-04   1.5590242E-04
   1.5509174E+03   5.0640000E+03   3.6360000E+03   2.1736146E-04   2.9940921E-04
   1.5509249E+03   5.0930000E+03   3.7680000E+03   2.2907662E-04   1.0605962E-04
   1.5509325E+03   5.1270000E+03   3.7390000E+03   3.0096097E-04   1.6973634E-04
   1.5509400E+03   5.1320000E+03   3.7350000E+03   1.7077244E-04   1.7976443E-04
   1.5509475E+03   5.2210000E+03   3.8210000E+03   1.5067567E-04   1.5876056E-04
   1.5509551E+03   5.3170000E+03   3.9210000E+03   2.0087470E-04   3.0236035E-04
   1.5509626E+03   5.3430000E+03   3.9060000E+03   2.3430704E-04   3.2782458E-04
   1.5509701E+03   5.3640000E+03   3.9520000E+03   6.8164507E-05   7.2985826E-05
   1.5509776E+03   5.4180000E+03   3.9240000E+03   2.0584616E-04   2.4622732E-04
   1.5509852E+03   5.2640000E+03   3.9030000E+03   9.2470235E-05   6.1657821E-05
   1.5509927E+03   5.2440000E+03   3.8730000E+03   1.3761662E-04   2.1740432E-04
   1.5510002E+03   5.3780000E+03   3.9630000E+03   2.0533685E-04   1.3495436E-04
   1.5510078E+03   5.3610000E+03   3.9700000E+03   1.6081871E-04   1.8880503E-04
   1.5510153E+03   5.5970000E+03   4.2120000E+03   2.4982095E-04   1.9571354E-04
   1.5510228E+03   5.5600000E+03   4.2010000E+03   3.0229926E-04   3.5259759E-04
   1.5510303E+03   5.6180000E+03   4.2070000E+03   7.0146528E-05   8.1325809E-05
   1.5510379E+03   5.5230000E+03   4.1560000E+03   2.4631157E-05   1.0731893E-04
   1.5510454E+03   5.6100000E+03   4.2160000E+03   9.1257816E-05   2.2755885E-04
   1.5510529E+03   5.7200000E+03   4.2780000E+03   2.1304243E-04   2.1522681E-04
   1.5510604E+03   5.6310000E+03   4.1680000E+03   1.4676880E-04   8.8130244E-05
   1.5510680E+03   5.6450000E+03   4.1720000E+03   2.1300160E-04   2.0098580E-04
   1.5510755E+03   5.8060000E+03   4.2380000E+03   8.8407235E-05   6.8693960E-05
   1.5510830E+03   5.7550000E+03   4.1990000E+03   2.7578278E-04   3.6321538E-04
   1.5510906E+03   5.8580000E+03   4.3480000E+03   1.1400050E-04   5.7468750E-05
   1.5510981E+03   5.8340000E+03   4.3470000E+03   3.1990247E-04   4.5753800E-04
   1.5511056E+03   5.9730000E+03   4.4460000E+03   1.4221440E-04   1.9182373E-04
   1.5511131E+03   6.0220000E+03   4.5030000E+03   1.9680429E-04   1.7647055E-04
   1.5511207E+03   5.8960000E+03   4.4230000E+03   5.3420835E-04   7.0038709E-04
   1.5511282E+03   5.8530000E+03   4.4060000E+03   2.6615811E-04   2.5695807E-04
   1.5511357E+03   5.9080000E+03   4.4130000E+03   1.6113740E-04   1.9833880E-04
   1.5511433E+03   6.0600000E+03   4.5680000E+03   9.5037515E-05   4.1983208E-05
   1.5511508E+03   6.1140000E+03   4.5880000E+03   7.5674285E-05   1.1607668E-04
   1.5511583E+03   6.1470000E+03   4.6740000E+03   8.3515418E-05   2.9985153E-05
   1.5511658E+03   6.0890000E+03   4.5120000E+03   1.9981258E-04   4.0127656E-04
   1.5511734E+03   6.1350000E+03   4.5160000E+03   1.5026226E-04   2.1248346E-04
   1.5511809E+03   6.0830000E+03   4.5720000E+03   1.7780319E-04   2.5062393E-04
   1.5511884E+03   6.1010000E+03   4.5070000E+03   2.3332498E-04   3.1115833E-04
   1.5511960E+03   6.1710000E+03   4.5430000E+03   2.9783125E-04   4.4238869E-04
   1.5512035E+03   6.2750000E+03   4.6220000E+03   8.3759418E-05   1.1407645E-04
   1.5512110E+03   6.2730000E+03   4.6820000E+03   1.4545114E-04   1.3292279E-04
   1.5512185E+03   6.2300000E+03   4.6150000E+03   2.4953319E-04   1.9563163E-04
   1.5512261E+03   6.0870000E+03   4.5150000E+03   4.0601663E-05   3.8803297E-05
   1.5512336E+03   6.3190000E+03   4.6260000E+03   1.0613769E-04   1.3459602E-04
   1.5512411E+03   6.2460000E+03   4.6070000E+03   1.5832981E-04   2.4975269E-04
   1.5512487E+03   6.2940000E+03   4.6900000E+03   2.1981417E-04   2.6162707E-04
   1.5512562E+03   6.3640000E+03   4.6660000E+03   5.2927959E-05   8.6164827E-05
   1.5512637E+03   6.3700000E+03   4.6600000E+03   2.4708408E-04   3.4369198E-04
   1.5512712E+03   6.3650000E+03   4.6810000E+03   1.5476847E-04   3.2712641E-04
   1.5512788E+03   6.2590000E+03   4.5940000E+03   2.3149582E-04   2.7869350E-04
   1.5512863E+03   6.2980000E+03   4.6250000E+03   1.6051289E-04   1.9518595E-04
   1.5512938E+03   6.1830000E+03   4.4750000E+03   2.9430375E-04   4.1791874E-04
   1.5513014E+03   6.3560000E+03   4.6230000E+03   1.5305302E-04   1.9697838E-04
   1.5513089E+03   6.3500000E+03   4.6400000E+03   1.5800893E-04   1.4908216E-04
   1.5513164E+03   6.3230000E+03   4.6200000E+03   2.9185894E-04   3.1964887E-04
   1.5513239E+03   6.2610000E+03   4.5630000E+03   8.8553286E-05   8.4306845E-05
   1.5513315E+03   6.1980000E+03   4.4820000E+03   1.1010419E-04   1.2992768E-04
   1.5513390E+03   6.2650000E+03   4.5880000E+03   3.0549324E-04   4.4275140E-04
   1.5513465E+03   6.3370000E+03   4.6220000E+03   2.4477807E-04   3.0289061E-04
   1.5513541E+03   6.3380000E+03   4.5630000E+03   4.1398839E-04   4.3577619E-04
   1.5513616E+03   6.3360000E+03   4.6210000E+03   4.7675577E-05   1.3541359E-04
   1.5513691E+03   6.4330000E+03   4.6570000E+03   1.4452687E-04   2.1204822E-04
   1.5513766E+03   6.3080000E+03   4.5390000E+03   2.5535946E-04   2.8063770E-04
   1.5513842E+03   6.2760000E+03   4.5410000E+03   3.5345065E-04   4.7027258E-04
   1.5513917E+03   6.4110000E+03   4.5800000E+03   3.5808349E-04   3.5075442E-04
   1.5513992E+03   6.3540000E+03   4.5300000E+03   1.5844892E-04   2.5980472E-04
   1.5514068E+03   6.2150000E+03   4.4860000E+03   2.2513592E-05   5.7371693E-05
   1.5514143E+03   6.2590000E+03   4.4970000E+03   7.3065388E-05   1.7752326E-05
   1.5514218E+03   6.2860000E+03   4.4610000E+03   2.9824028E-04   3.7335771E-04
   1.5514293E+03   6.2830000E+03   4.4390000E+03   1.4523476E-04   2.7492521E-04
   1.5514369E+03   6.1700000E+03   4.4000000E+03   8.6222311E-05   1.2416457E-04
   1.5514444E+03   6.2210000E+03   4.3990000E+03   1.9387895E-04   2.1552888E-04
   1.5514519E+03   6.1230000E+03   4.2880000E+03   1.1065237E-04   1.2122974E-04
   1.5514595E+03   6.2550000E+03   4.4650000E+03   1.1841432E-04   1.5710609E-04
   1.5514670E+03   6.1570000E+03   4.2430000E+03   1.5711080E-04   2.1914511E-04
   1.5514745E+03   6.0890000E+03   4.2380000E+03   4.8568336E-04   7.2648393E-04
   1.5514820E+03   6.0310000E+03   4.2080000E+03   1.7008421E-04   2.1794788E-04
   1.5514896E+03   6.0760000E+03   4.1550000E+03   5.1045321E-05   4.9494537E-05
   1.5514971E+03   6.0590000E+03   4.1880000E+03   6.7579287E-05   2.3802264E-04
   1.5515046E+03   5.9910000E+03   4.1180000E+03   2.8017830E-04   3.5389595E-04
   1.5515122E+03   5.8800000E+03   3.9490000E+03   4.2538874E-04   6.6366924E-04
   1.5515197E+03   5.9680000E+03   4.0410000E+03   6.1933021E-05   4.8566597E-05
   1.5515272E+03   6.0270000E+03   4.0830000E+03   1.2307682E-04   1.6208794E-04
   1.5515347E+03   5.8270000E+03   3.8760000E+03   2.5159639E-04   3.5748894E-04
   1.5515423E+03   5.8860000E+03   3.9000000E+03   9.4263733E-05   2.6711639E-05
   1.5515498E+03   5.8210000E+03   3.8170000E+03   2.5644763E-04   2.8514362E-04
   1.5515573E+03   5.6360000E+03   3.6550000E+03   3.8700233E-04   4.6949103E-04
   1.5515648E+03   5.8040000E+03   3.7310000E+03   1.7751728E-04   4.2357634E-04
   1.5515724E+03   5.8330000E+03   3.6820000E+03   1.4302671E-04   1.9075281E-04
   1.5515799E+03   5.7060000E+03   3.5700000E+03   2.3349642E-04   2.7452189E-04
   1.5515874E+03   5.5520000E+03   3.4560000E+03   3.9349918E-04   6.7594584E-04
   1.5515950E+03   5.6230000E+03   3.5110000E+03   2.2570949E-04   3.5973291E-04
   1.5516025E+03   5.5800000E+03   3.4560000E+03   3.2371731E-04   5.9710751E-04
   1.5516100E+03   5.5300000E+03   3.2890000E+03   3.6656498E-04   5.1947904E-04
   1.5516175E+03   5.2760000E+03   3.1740000E+03   4.0569902E-04   5.7391242E-04
   1.5516251E+03   5.3890000E+03   3.2440000E+03   4.8118307E-04   7.0946078E-04
   1.5516326E+03   5.4370000E+03   3.2720000E+03   1.8390073E-04   1.1478115E-04
   1.5516401E+03   5.3320000E+03   3.0840000E+03   5.8814254E-04   9.5263525E-04
   1.5516477E+03   5.1770000E+03   3.0560000E+03   3.1592177E-04   3.8231358E-04
   1.5516552E+03   5.0630000E+03   2.9820000E+03   4.7397573E-04   6.0909299E-04
   1.5516627E+03   5.0800000E+03   2.9490000E+03   3.0219431E-04   6.4934307E-04
   1.5516702E+03   5.0000000E+03   2.9600000E+03   5.3732639E-04   5.2865177E-04
   1.5516778E+03   4.8400000E+03   2.8290000E+03   8.0140847E-05   1.1709143E-04
   1.5516853E+03   4.8730000E+03   2.8840000E+03   3.6237097E-04   6.3634965E-04
   1.5516928E+03   4.6420000E+03   2.7480000E+03   1.7359056E-04   2.4495935E-04
   1.5517004E+03   4.6270000E+03   2.6790000E+03   2.2074630E-04   2.3674600E-04
   1.5517079E+03   4.5740000E+03   2.8030000E+03   3.6610872E-04   5.3624481E-04
   1.5517154E+03   4.5740000E+03   2.7930000E+03   1.6808795E-04   4.7333924E-04
   1.5517229E+03   4.4000000E+03   2.6480000E+03   7.9972195E-05   2.7429341E-04
   1.5517305E+03   4.4490000E+03   2.6490000E+03   3.9238929E-04   3.6897342E-04
   1.5517380E+03   4.1400000E+03   2.5240000E+03   4.5440269E-04   8.0587489E-04
   1.5517455E+03   4.2300000E+03   2.6020000E+03   4.1398162E-04   8.9336308E-04
   1.5517531E+03   4.1780000E+03   2.5950000E+03   4.0233042E-04   6.3291536E-04
   1.5517606E+03   4.1360000E+03   2.5750000E+03   3.6534177E-04   6.0492955E-04
   1.5517681E+03   4.1190000E+03   2.5830000E+03   1.1139850E-04   3.8757278E-04
   1.5517756E+03   4.0150000E+03   2.4880000E+03   1.1940724E-04   2.8400791E-04
   1.5517832E+03   3.9660000E+03   2.5210000E+03   3.4574762E-04   3.3577862E-04
   1.5517907E+03   4.0030000E+03   2.5300000E+03   6.0095635E-04   8.0987383E-04
   1.5517982E+03   3.9200000E+03   2.5170000E+03   7.1278930E-04   1.0491979E-03
   1.5518058E+03   3.8240000E+03   2.4600000E+03   2.6233529E-04   5.1148756E-04
   1.5518133E+03   3.8570000E+03   2.4570000E+03   3.1085593E-04   5.9451136E-04
   1.5518208E+03   3.6650000E+03   2.4020000E+03   7.5181673E-04   1.1579274E-03
   1.5518283E+03   3.6770000E+03   2.4380000E+03   2.4042951E-04   2.9714930E-04
   1.5518359E+03   3.7810000E+03   2.4800000E+03   3.9594114E-04   2.7629319E-04
   1.5518434E+03   3.5400000E+03   2.3000000E+03   7.6179455E-04   1.2926758E-03
   1.5518509E+03   3.6500000E+03   2.3830000E+03   7.2084491E-04   6.9387974E-04
   1.5518585E+03   3.4920000E+03   2.2640000E+03   2.6253046E-04   3.7987886E-04
   1.5518660E+03   3.6510000E+03   2.3830000E+03   3.3225613E-04   6.8556418E-04
   1.5518735E+03   3.6440000E+03   2.3420000E+03   5.7318426E-04   5.8076623E-04
   1.5518810E+03   3.5860000E+03   2.2930000E+03   4.0811100E-04   5.4863673E-04
   1.5518886E+03   3.4410000E+03   2.2420000E+03   1.5923676E-04   2.3087440E-04
   1.5518961E+03   3.4200000E+03   2.2580000E+03   3.3441291E-04   3.5449713E-04
   1.5519036E+03   3.4830000E+03   2.2250000E+03   8.2551272E-04   8.6953150E-04
   1.5519112E+03   3.3070000E+03   2.1540000E+03   2.6248026E-04   1.0427418E-04
   1.5519187E+03   3.4840000E+03   2.2800000E+03   6.4408020E-04   9.3234392E-04
   1.5519262E+03   3.3580000E+03   2.1510000E+03   8.0031134E-04   1.1247341E-03
   1.5519337E+03   3.4570000E+03   2.2500000E+03   3.0807245E-04   4.6487958E-04
   1.5519413E+03   3.3450000E+03   2.1990000E+03   4.8633451E-04   6.9328367E-04
   1.5519488E+03   3.4260000E+03   2.2440000E+03   2.6164576E-04   5.4809843E-04
   1.5519563E+03   3.3410000E+03   2.1230000E+03   8.6498182E-05   9.9469711E-05
   1.5519638E+03   3.3610000E+03   2.1800000E+03   3.5396037E-04   6.6617529E-04
   1.5519714E+03   3.3880000E+03   2.1650000E+03   3.6717950E-04   4.1269155E-04
   1.5519789E+03   3.2330000E+03   2.0800000E+03   4.3919287E-04   8.8832615E-04
   1.5519864E+03   3.2400000E+03   2.1410000E+03   1.0194566E-03   1.4326711E-03
   1.5519940E+03   3.2700000E+03   2.0840000E+03   3.4058115E-04   4.7264249E-04
   1.5520015E+03   3.2140000E+03   2.0740000E+03   2.1088572E-04   4.9224162E-04
   1.5520090E+03   3.2520000E+03   2.0590000E+03   5.2264566E-04   7.1939810E-04
   1.5520165E+03   3.0910000E+03   2.0100000E+03   4.1647292E-04   8.0652209E-04
   1.5520241E+03   3.2140000E+03   2.0470000E+03   3.0287138E-04   3.3016281E-04
   1.5520316E+03   3.1610000E+03   2.0100000E+03   2.9470777E-04   3.0922685E-04
   1.5520391E+03   3.1770000E+03   2.0270000E+03   2.8190231E-04   2.8560374E-04
   1.5520467E+03   3.0980000E+03   1.9040000E+03   1.2417946E-04   2.7638683E-04
   1.5520542E+03   3.1470000E+03   1.9910000E+03   3.6254373E-04   6.3656736E-04
   1.5520617E+03   3.1380000E+03   1.9990000E+03   1.9169294E-04   4.1457710E-04
   1.5520692E+03   3.0680000E+03   1.9450000E+03   2.6816916E-04   3.9785209E-04
   1.5520768E+03   3.2060000E+03   2.0260000E+03   5.5997659E-04   1.0492267E-03
   1.5520843E+03   3.1150000E+03   1.9420000E+03   6.4079811E-04   9.5933646E-04
   1.5520918E+03   3.0370000E+03   1.9370000E+03   5.1619713E-04   6.7658341E-04
   1.5520994E+03   3.0510000E+03   1.9080000E+03   3.3079443E-04   5.6885197E-04
   1.5521069E+03   2.9280000E+03   1.8210000E+03   6.0382755E-05   1.4031076E-04
   1.5521144E+03   3.0030000E+03   1.8630000E+03   2.8887195E-04   5.4769230E-04
   1.5521219E+03   2.9380000E+03   1.8650000E+03   2.0615213E-04   4.9020682E-04
   1.5521295E+03   3.0130000E+03   1.8880000E+03   3.9554471E-04   5.3598310E-04
   1.5521370E+03   2.9560000E+03   1.8660000E+03   5.0043838E-04   6.2496982E-04
   1.5521445E+03   2.9110000E+03   1.8090000E+03   4.1509961E-04   8.0436701E-04
   1.5521521E+03   2.9260000E+03   1.8650000E+03   4.4842623E-04   8.1729589E-04
   1.5521596E+03   2.9810000E+03   1.8950000E+03   4.3166244E-04   6.7156320E-04
   1.5521671E+03   2.8950000E+03   1.8330000E+03   1.5622340E-04   9.3664485E-05
   1.5521746E+03   2.8960000E+03   1.8110000E+03   1.8506692E-04   3.9142242E-04
   1.5521822E+03   2.8250000E+03   1.7380000E+03   2.6754131E-04   3.8744371E-04
   1.5521897E+03   2.9390000E+03   1.8540000E+03   6.5165829E-04   1.0472387E-03
   1.5521972E+03   2.8180000E+03   1.7700000E+03   6.8691320E-04   7.3221203E-04
   1.5522048E+03   2.9580000E+03   1.8330000E+03   3.2265769E-04   3.7203474E-04
   1.5522123E+03   2.8530000E+03   1.7520000E+03   3.0419878E-04   4.9975481E-04
   1.5522198E+03   2.8820000E+03   1.8100000E+03   7.5572819E-04   8.3993625E-04
   1.5522273E+03   2.7790000E+03   1.7210000E+03   5.3992313E-04   1.0006171E-03
   1.5522349E+03   2.8680000E+03   1.8580000E+03   4.4747556E-04   5.3396687E-04
   1.5522424E+03   2.6980000E+03   1.7290000E+03   9.4573626E-04   1.3810674E-03
   1.5522499E+03   2.7330000E+03   1.7690000E+03   3.9061988E-04   8.9638391E-04
   1.5522575E+03   2.8330000E+03   1.7730000E+03   1.5007706E-04   2.3264338E-04
   1.5522650E+03   2.7530000E+03   1.7210000E+03   1.1948026E-04   5.0241568E-04
   1.5522725E+03   2.8540000E+03   1.7900000E+03   2.4376806E-04   4.9188424E-04
   1.5522800E+03   2.7500000E+03   1.7480000E+03   4.1848401E-04   6.7060498E-04
   1.5522876E+03   2.7460000E+03   1.6890000E+03   4.6018496E-04   7.5232032E-04
   1.5522951E+03   2.7070000E+03   1.7580000E+03   6.3416277E-04   8.3184901E-04
   1.5523026E+03   2.8550000E+03   1.8000000E+03   8.6847949E-04   1.2858751E-03
   1.5523102E+03   2.7840000E+03   1.7670000E+03   5.6355906E-04   1.0816180E-03
   1.5523177E+03   2.6500000E+03   1.6990000E+03   5.1410726E-04   7.6067565E-04
   1.5523252E+03   2.8390000E+03   1.7680000E+03   3.5340090E-04   7.4669787E-04
   1.5523327E+03   2.7290000E+03   1.7470000E+03   4.2856093E-04   8.2354309E-04
   1.5523403E+03   2.8460000E+03   1.8300000E+03   6.1690087E-05   8.2200177E-05
   1.5523478E+03   2.7480000E+03   1.7550000E+03   1.6098114E-04   2.3260134E-04
   1.5523553E+03   2.6980000E+03   1.7330000E+03   6.3483213E-04   8.6350084E-04
   1.5523629E+03   2.8640000E+03   1.7840000E+03   4.8071359E-04   6.9432542E-04
   1.5523704E+03   2.7340000E+03   1.7860000E+03   4.6190750E-04   7.5536049E-04
   1.5523779E+03   2.7650000E+03   1.7510000E+03   6.3821131E-04   3.1039479E-04
   1.5523854E+03   2.7020000E+03   1.7410000E+03   7.9780100E-05   1.7763333E-04
   1.5523930E+03   2.6990000E+03   1.7080000E+03   3.8757309E-04   9.5429858E-04
   1.5524005E+03   2.7350000E+03   1.7360000E+03   6.0062707E-04   6.9929206E-04
   1.5524080E+03   2.7170000E+03   1.7700000E+03   9.8818077E-04   1.1541159E-03
   1.5524155E+03   2.6750000E+03   1.6810000E+03   3.7634635E-04   6.8781890E-04
   1.5524231E+03   2.7540000E+03   1.7710000E+03   3.4294563E-04   7.1988264E-04
   1.5524306E+03   2.7580000E+03   1.7600000E+03   4.4622284E-04   3.9943995E-04
   1.5524381E+03   2.7790000E+03   1.7300000E+03   7.6984703E-04   9.3075889E-04
   1.5524457E+03   2.6620000E+03   1.6730000E+03   5.5406626E-04   5.9857869E-04
   1.5524532E+03   2.8120000E+03   1.7890000E+03   5.2387570E-04   5.1161448E-04
   1.5524607E+03   2.7580000E+03   1.7710000E+03   4.8848524E-04   8.9858126E-04
   1.5524682E+03   2.6940000E+03   1.7210000E+03   8.6514608E-04   1.2121988E-03
   1.5524758E+03   2.7320000E+03   1.7580000E+03   8.8584987E-04   1.3576259E-03
   1.5524833E+03   2.7980000E+03   1.7900000E+03   5.2768323E-04   7.7327124E-04
   1.5524908E+03   2.7910000E+03   1.7820000E+03   2.8543833E-04   5.9398278E-04
   1.5524984E+03   2.8130000E+03   1.8350000E+03   2.8262007E-04   2.2530308E-04
   1.5525059E+03   2.8490000E+03   1.8170000E+03   2.2418644E-04   5.2638314E-04
   1.5525134E+03   2.7390000E+03   1.7720000E+03   1.4173138E-04   1.9620410E-04
   1.5525209E+03   2.7810000E+03   1.7760000E+03   3.4960417E-04   1.4973026E-04
   1.5525285E+03   2.7960000E+03   1.7700000E+03   7.6695942E-05   1.4735537E-04
   1.5525360E+03   2.7460000E+03   1.7690000E+03   3.7523370E-04   3.4421011E-04
   1.5525435E+03   2.6920000E+03   1.7580000E+03   3.5832113E-04   5.8234665E-04
   1.5525511E+03   2.7270000E+03   1.7360000E+03   3.6864565E-04   2.1019969E-04
   1.5525586E+03   2.6560000E+03   1.6730000E+03   4.7601022E-04   4.1144201E-04
   1.5525661E+03   2.8000000E+03   1.8220000E+03   2.4571376E-04   3.5499707E-04
   1.5525736E+03   2.6910000E+03   1.6970000E+03   7.4012177E-05   2.2474238E-04
   1.5525812E+03   2.7350000E+03   1.7260000E+03   3.3072422E-04   5.2406250E-04
   1.5525887E+03   2.7130000E+03   1.7440000E+03   2.5156627E-04   3.3982841E-04
   1.5525962E+03   2.6630000E+03   1.6800000E+03   9.0359155E-04   1.4036070E-03
   1.5526038E+03   2.7540000E+03   1.7830000E+03   4.9271402E-04   7.7468552E-04
   1.5526113E+03   2.7030000E+03   1.6910000E+03   5.5820893E-04   1.0365799E-03
   1.5526188E+03   2.7440000E+03   1.7440000E+03   2.9290051E-04   4.7491821E-04
   1.5526263E+03   2.7220000E+03   1.7120000E+03   6.7076566E-04   8.8945382E-04
   1.5526339E+03   2.7300000E+03   1.7140000E+03   1.9503930E-04   1.6364721E-04
   1.5526414E+03   2.6660000E+03   1.7160000E+03   1.8961277E-04   3.4924124E-04
   1.5526489E+03   2.7130000E+03   1.7180000E+03   3.8255267E-04   5.8988039E-04
   1.5526565E+03   2.7010000E+03   1.7360000E+03   5.8676967E-04   1.0611522E-03
   1.5526640E+03   2.6680000E+03   1.6860000E+03   7.6138824E-04   9.5644770E-04
   1.5526715E+03   2.7780000E+03   1.7710000E+03   4.6435605E-05   2.4132632E-04
   1.5526790E+03   2.7930000E+03   1.7890000E+03   4.2146054E-04   7.3975666E-04
   1.5526866E+03   2.6420000E+03   1.7020000E+03   4.1502267E-04   2.8439670E-04
   1.5526941E+03   2.6560000E+03   1.6590000E+03   3.0462168E-04   1.4650611E-04
   1.5527016E+03   2.6550000E+03   1.6260000E+03   3.4816520E-04   5.6849853E-04
   1.5527092E+03   2.5950000E+03   1.6570000E+03   7.3877665E-05   1.1290237E-04
   1.5527167E+03   2.7700000E+03   1.7580000E+03   3.0411831E-04   4.8027663E-04
   1.5527242E+03   2.7360000E+03   1.7060000E+03   7.3102826E-04   9.7946786E-04
   1.5527317E+03   2.6860000E+03   1.6790000E+03   7.6748595E-04   8.7333872E-04
   1.5527393E+03   2.7430000E+03   1.7400000E+03   3.9313054E-04   5.9307742E-04
   1.5527468E+03   2.7880000E+03   1.7680000E+03   5.4441985E-04   8.5850823E-04
   1.5527543E+03   2.7030000E+03   1.7140000E+03   1.4480570E-04   1.6806359E-08
   1.5527619E+03   2.7290000E+03   1.7150000E+03   5.1053338E-04   7.4768703E-04
   1.5527694E+03   2.7670000E+03   1.7280000E+03   5.4375511E-04   8.7070046E-04
   1.5527769E+03   2.7820000E+03   1.7360000E+03   1.5847579E-04   5.3246308E-04
   1.5527844E+03   2.6770000E+03   1.7170000E+03   1.7299295E-04   2.6971587E-04
   1.5527920E+03   2.6930000E+03   1.6840000E+03   2.9157435E-04   6.8250539E-04
   1.5527995E+03   2.6900000E+03   1.7350000E+03   1.6817209E-04   3.4259483E-04
   1.5528070E+03   2.7450000E+03   1.7340000E+03   3.8849590E-04   6.1500373E-04
   1.5528146E+03   2.7000000E+03   1.7250000E+03   3.5458688E-04   4.8533820E-04
   1.5528221E+03   2.6940000E+03   1.7100000E+03   1.9902854E-04   2.7975569E-04
   1.5528296E+03   2.6770000E+03   1.7250000E+03   5.1128830E-04   4.2688186E-04
   1.5528371E+03   2.7430000E+03   1.7240000E+03   1.9368589E-04   3.0816729E-04
   1.5528447E+03   2.6920000E+03   1.6540000E+03   3.7125763E-04   6.2441352E-04
   1.5528522E+03   2.7090000E+03   1.7140000E+03   2.7659029E-04   2.2212462E-04
   1.5528597E+03   2.7220000E+03   1.7000000E+03   2.2145057E-04   3.5458143E-04
   1.5528673E+03   2.6440000E+03   1.6700000E+03   5.4881443E-04   8.0904483E-04
   1.5528748E+03   2.7880000E+03   1.8040000E+03   4.5668333E-05   2.7320965E-04
   1.5528823E+03   2.7390000E+03   1.7200000E+03   2.6377867E-04   4.6894932E-04
   1.5528898E+03   2.7830000E+03   1.7590000E+03   2.3698303E-04   3.4704932E-04
   1.5528974E+03   2.7390000E+03   1.7120000E+03   3.6271825E-04   5.0994248E-04
   1.5529049E+03   2.6740000E+03   1.6560000E+03   1.3910418E-04   1.9998257E-04
   1.5529124E+03   2.7570000E+03   1.7810000E+03   1.2267696E-04   8.0923096E-05
   1.5529199E+03   2.7150000E+03   1.6820000E+03   2.7815989E-04   5.7572116E-04
   1.5529275E+03   2.6650000E+03   1.7010000E+03   4.0305714E-04   6.4321431E-04
   1.5529350E+03   2.7600000E+03   1.7810000E+03   1.7386022E-04   2.2601563E-04
   1.5529425E+03   2.7310000E+03   1.7270000E+03   6.8412870E-04   1.1090953E-03
   1.5529501E+03   2.6680000E+03   1.7310000E+03   4.6488716E-04   6.3624972E-04
   1.5529576E+03   2.6610000E+03   1.6730000E+03   3.4688508E-04   1.0425141E-03
   1.5529651E+03   2.7770000E+03   1.7990000E+03   2.3993763E-04   1.8085113E-04
   1.5529726E+03   2.7090000E+03   1.7310000E+03   4.7508875E-04   5.5739045E-04
   1.5529802E+03   2.6920000E+03   1.7150000E+03   4.1273230E-04   6.8148423E-04
   1.5529877E+03   2.7100000E+03   1.7000000E+03   2.0279061E-04   3.2327209E-04
   1.5529952E+03   2.6820000E+03   1.7150000E+03   2.4390946E-04   3.9194665E-04
   1.5530028E+03   2.7740000E+03   1.7180000E+03   2.1389055E-04   0.0000000E+00
   1.5530103E+03   2.8230000E+03   1.8000000E+03   6.2967685E-04   1.0286950E-03
   1.5530178E+03   2.5970000E+03   1.6100000E+03   5.6726247E-04   9.4000542E-04
   1.5530253E+03   2.6690000E+03   1.6590000E+03   1.1640218E-03   1.7003486E-03
   1.5530329E+03   2.6770000E+03   1.6930000E+03   3.4067891E-04   5.3453405E-04
   1.5530404E+03   2.7240000E+03   1.7250000E+03   7.2017688E-04   1.1372530E-03
   1.5530479E+03   2.6160000E+03   1.6710000E+03   2.7417783E-04   4.2923351E-04
   1.5530555E+03   2.6890000E+03   1.7190000E+03   2.8616811E-04   4.7096662E-04
   1.5530630E+03   2.7330000E+03   1.7360000E+03   5.8459966E-04   9.2034036E-04
   1.5530705E+03   2.6190000E+03   1.6830000E+03   4.9353297E-04   6.9672932E-04
   1.5530780E+03   2.5930000E+03   1.6570000E+03   2.4410452E-04   3.8199338E-04
   1.5530856E+03   2.6790000E+03   1.6740000E+03   2.1631866E-04   2.1475218E-04
   1.5530931E+03   2.6800000E+03   1.6900000E+03   2.4354771E-04   4.3554408E-04
   1.5531006E+03   2.7230000E+03   1.7030000E+03   4.4054983E-04   6.1200212E-04
   1.5531082E+03   2.6840000E+03   1.7220000E+03   2.9199722E-04   4.5512311E-04
   1.5531157E+03   2.7220000E+03   1.7090000E+03   2.5517473E-04   4.0642809E-04
   1.5531232E+03   2.5670000E+03   1.6370000E+03   2.0342078E-04   3.1898664E-04
   1.5531307E+03   2.6490000E+03   1.6680000E+03   4.6470301E-04   7.3800856E-04
   1.5531383E+03   2.6260000E+03   1.6710000E+03   4.9180101E-04   7.7287220E-04
   1.5531458E+03   2.5900000E+03   1.6160000E+03   1.2665232E-04   1.4078963E-04
   1.5531533E+03   2.6710000E+03   1.6880000E+03   2.2938668E-04   3.6296910E-04
   1.5531609E+03   2.7360000E+03   1.7210000E+03   5.9150243E-04   9.2556579E-04
   1.5531684E+03   2.6480000E+03   1.6750000E+03   2.5341115E-04   3.7848430E-04
   1.5531759E+03   2.7080000E+03   1.6940000E+03   2.7198627E-04   4.3479316E-04
   1.5531834E+03   2.6830000E+03   1.7350000E+03   1.8902386E-04   2.9230606E-04
   1.5531910E+03   2.7290000E+03   1.7270000E+03   3.4362786E-04   4.9690958E-04
   1.5531985E+03   2.6350000E+03   1.6710000E+03   3.8570597E-04   6.3119941E-04
   1.5532060E+03   2.6590000E+03   1.6810000E+03   2.9130740E-04   4.8278050E-04
   1.5532136E+03   2.6670000E+03   1.6990000E+03   4.1253379E-04   6.4757364E-04
   1.5532211E+03   2.7460000E+03   1.7510000E+03   3.2786812E-04   4.6429535E-04
   1.5532286E+03   2.7190000E+03   1.7300000E+03   1.4103857E-04   2.2166698E-04
   1.5532361E+03   2.6730000E+03   1.6900000E+03   6.0096310E-05   4.6566243E-05
   1.5532437E+03   2.6800000E+03   1.7060000E+03   1.9336369E-04   3.0376007E-04
   1.5532512E+03   2.7350000E+03   1.7320000E+03   2.2929521E-04   1.9646037E-04
   1.5532587E+03   2.6570000E+03   1.7100000E+03   1.6516130E-04   2.5662782E-04
   1.5532663E+03   2.6820000E+03   1.7080000E+03   4.6502670E-04   7.3021171E-04
   1.5532738E+03   2.7300000E+03   1.7370000E+03   2.0153774E-04   3.1675189E-04
   1.5532813E+03   2.6320000E+03   1.6270000E+03   5.6291013E-04   9.1062045E-04
   1.5532888E+03   2.6950000E+03   1.7040000E+03   4.1637843E-05   6.5853279E-05
   1.5532964E+03   2.6160000E+03   1.6670000E+03   2.7497184E-04   4.3150950E-04
   1.5533039E+03   2.7250000E+03   1.7400000E+03   5.3832047E-04   8.0175719E-04
   1.5533114E+03   2.6670000E+03   1.7080000E+03   2.7368002E-04   4.1297122E-04
   1.5533189E+03   2.6260000E+03   1.6430000E+03   5.6436031E-04   9.0201472E-04
   1.5533265E+03   2.6480000E+03   1.6820000E+03   3.3838458E-04   5.3272435E-04
   1.5533340E+03   2.7070000E+03   1.7710000E+03   4.8956379E-04   7.4830558E-04
   1.5533415E+03   2.6470000E+03   1.6630000E+03   6.6359209E-04   5.3647838E-04
   1.5533491E+03   2.6920000E+03   1.6940000E+03   5.6898408E-04   9.6657737E-04
   1.5533566E+03   2.6870000E+03   1.6690000E+03   6.8677386E-05   2.5101605E-04
   1.5533641E+03   2.6470000E+03   1.7220000E+03   3.2466830E-04   4.9906910E-04
   1.5533716E+03   2.7410000E+03   1.7210000E+03   2.3656764E-04   4.1786258E-04
   1.5533792E+03   2.5700000E+03   1.6250000E+03   3.2170305E-04   5.0878575E-04
   1.5533867E+03   2.6370000E+03   1.7340000E+03   3.3207730E-04   5.0501029E-04
   1.5533942E+03   2.6060000E+03   1.6620000E+03   7.4727451E-05   3.1909012E-04
   1.5534018E+03   2.6960000E+03   1.6870000E+03   2.9681381E-04   3.9835485E-04
   1.5534093E+03   2.6210000E+03   1.6720000E+03   2.6307982E-04   4.1239964E-04
   1.5534168E+03   2.6140000E+03   1.6440000E+03   5.3826579E-05   1.2203946E-04
   1.5534243E+03   2.6310000E+03   1.6820000E+03   3.9141758E-05   2.9967008E-09
   1.5534319E+03   2.6090000E+03   1.6760000E+03   4.0501885E-04   5.5467295E-04
   1.5534394E+03   2.6740000E+03   1.6590000E+03   6.2652209E-05   1.0098373E-04
   1.5534469E+03   2.6730000E+03   1.7250000E+03   3.1716312E-04   4.9403049E-04
   1.5534545E+03   2.6470000E+03   1.7190000E+03   3.0667096E-04   4.7222690E-04
   1.5534620E+03   2.7070000E+03   1.7000000E+03   4.6933702E-05   3.9921242E-04
   1.5534695E+03   2.5630000E+03   1.6310000E+03   3.2772553E-05   5.1499727E-05
   1.5534770E+03   2.5710000E+03   1.6580000E+03   1.0089213E-04   1.9493736E-04
   1.5534846E+03   2.5860000E+03   1.6270000E+03   9.8711660E-05   3.1540082E-04
   1.5534921E+03   2.6600000E+03   1.7050000E+03   5.7662806E-05   8.9960742E-05
   1.5534996E+03   2.5380000E+03   1.6700000E+03   5.7786466E-04   8.7821587E-04
   1.5535072E+03   2.7080000E+03   1.7570000E+03   2.5590369E-04   3.9441501E-04
   1.5535147E+03   2.5810000E+03   1.6450000E+03   1.8169349E-04   1.6755229E-04
   1.5535222E+03   2.5990000E+03   1.6580000E+03   1.6748174E-04   2.6253622E-04
   1.5535297E+03   2.6060000E+03   1.6620000E+03   0.0000000E+00   0.0000000E+00
   1.5535373E+03   2.6400000E+03   1.6800000E+03   1.5651399E-04   2.4595056E-04
   1.5535448E+03   2.5450000E+03   1.6190000E+03   3.9163728E-04   3.6600442E-04
   1.5535523E+03   2.6680000E+03   1.7330000E+03   2.9577410E-04   5.3193737E-04
   1.5535599E+03   2.5340000E+03   1.6300000E+03   1.3958290E-04   3.1332030E-04
   1.5535674E+03   2.5810000E+03   1.6460000E+03   3.7687072E-05   5.9094977E-05
   1.5535749E+03   2.7080000E+03   1.6980000E+03   1.1551188E-04   1.8422035E-04
   1.5535824E+03   2.6020000E+03   1.6880000E+03   2.5030388E-04   3.8583286E-04
   1.5535900E+03   2.6270000E+03   1.6630000E+03   4.5388581E-04   7.1699220E-04
   1.5535975E+03   2.6950000E+03   1.7450000E+03   2.8467730E-04   4.3965921E-04
   1.5536050E+03   2.5000000E+03   1.6120000E+03   1.8489102E-04   2.8674165E-04
   1.5536126E+03   2.6630000E+03   1.6810000E+03   3.3192873E-04   4.4324094E-04
   1.5536201E+03   2.6370000E+03   1.6380000E+03   2.4685898E-04   3.9741583E-04
   1.5536276E+03   2.5550000E+03   1.6500000E+03   2.5418658E-04   3.9360407E-04
   1.5536351E+03   2.7430000E+03   1.7840000E+03   1.8742525E-04   2.8817682E-04
   1.5536427E+03   2.6020000E+03   1.7020000E+03   3.8831180E-04   5.9364707E-04
   1.5536502E+03   2.7130000E+03   1.7240000E+03   2.7931829E-04   4.3955366E-04
   1.5536577E+03   2.5760000E+03   1.6450000E+03   2.3824641E-04   3.7308374E-04
   1.5536653E+03   2.5970000E+03   1.6420000E+03   2.8110068E-04   4.4459102E-04
   1.5536728E+03   2.6420000E+03   1.6600000E+03   3.0634121E-04   4.3744358E-04
   1.5536803E+03   2.5300000E+03   1.5930000E+03   3.9754963E-04   6.3138768E-04
   1.5536878E+03   2.5440000E+03   1.5980000E+03   2.6283576E-04   4.1843190E-04
   1.5536954E+03   2.6040000E+03   1.6630000E+03   5.4851581E-04   6.9076229E-04
   1.5537029E+03   2.6320000E+03   1.6560000E+03   5.2802248E-04   4.6717162E-04
   1.5537104E+03   2.6030000E+03   1.6490000E+03   4.9145490E-04   7.7577751E-04
   1.5537180E+03   2.6280000E+03   1.6890000E+03   4.1096216E-04   6.3943668E-04
   1.5537255E+03   2.6420000E+03   1.7120000E+03   2.0578875E-04   3.1757820E-04
   1.5537330E+03   2.7480000E+03   1.7310000E+03   1.4911137E-04   2.3671754E-04
   1.5537405E+03   2.5280000E+03   1.6040000E+03   2.9332166E-04   4.6229250E-04
   1.5537481E+03   2.5920000E+03   1.6350000E+03   8.7543351E-05   1.3878432E-04
   1.5537556E+03   2.5800000E+03   1.6220000E+03   2.7244881E-05   4.3336494E-05
   1.5537631E+03   2.6060000E+03   1.6930000E+03   4.5857766E-04   4.3773656E-04
   1.5537706E+03   2.6000000E+03   1.6030000E+03   4.4613240E-05   7.2360839E-05
   1.5537782E+03   2.6720000E+03   1.6950000E+03   8.2138490E-05   1.2948321E-04
   1.5537857E+03   2.5620000E+03   1.6400000E+03   1.8122926E-04   2.8311547E-04
   1.5537932E+03   2.5940000E+03   1.6470000E+03   5.0697539E-04   7.9630936E-04
   1.5538008E+03   2.5560000E+03   1.5610000E+03   2.8516674E-04   4.6693542E-04
   1.5538083E+03   2.6370000E+03   1.6340000E+03   2.0477418E-04   0.0000000E+00
   1.5538158E+03   2.6160000E+03   1.6490000E+03   2.1118410E-04   3.3502583E-04
   1.5538233E+03   2.6210000E+03   1.6370000E+03   9.2490302E-05   1.4808618E-04
   1.5538309E+03   2.5290000E+03   1.6510000E+03   5.3490113E-04   8.1936097E-04
   1.5538384E+03   2.6430000E+03   1.6530000E+03   3.1178864E-04   4.9852231E-04
   1.5538459E+03   2.5560000E+03   1.6270000E+03   3.9371875E-04   6.1852805E-04
   1.5538535E+03   2.6000000E+03   1.6550000E+03   2.5258769E-04   3.9681450E-04
   1.5538610E+03   2.6080000E+03   1.6330000E+03   2.0832615E-04   4.5703698E-04
   1.5538685E+03   2.5880000E+03   1.6150000E+03   0.0000000E+00   0.0000000E+00
   1.5538760E+03   2.5900000E+03   1.6100000E+03   3.9783347E-04   6.5546660E-04
   1.5538836E+03   2.6620000E+03   1.7070000E+03   3.7967915E-04   5.9209485E-04
   1.5538911E+03   2.6640000E+03   1.6840000E+03   4.0164686E-05   6.3538434E-05
   1.5538986E+03   2.5630000E+03   1.6730000E+03   2.3914201E-04   4.0247474E-04
   1.5539062E+03   2.6670000E+03   1.6910000E+03   4.7124086E-04   7.4322849E-04
   1.5539137E+03   2.6240000E+03   1.6920000E+03   1.8262962E-04   1.4148933E-04
   1.5539212E+03   2.6140000E+03   1.6410000E+03   2.0680119E-04   3.2061497E-04
   1.5539287E+03   2.5510000E+03   1.6330000E+03   2.2816620E-04   3.3221629E-04
   1.5539363E+03   2.5100000E+03   1.5930000E+03   2.6646793E-04   4.1985844E-04
   1.5539438E+03   2.5710000E+03   1.6070000E+03   5.9779817E-04   9.5518716E-04
   1.5539513E+03   2.5480000E+03   1.6380000E+03   4.5847212E-04   7.1317886E-04
   1.5539589E+03   2.6900000E+03   1.6920000E+03   3.5015646E-04   4.3115845E-04
   1.5539664E+03   2.6050000E+03   1.6730000E+03   0.0000000E+00   0.0000000E+00
   1.5539739E+03   2.5370000E+03   1.6300000E+03   2.0869160E-04   3.2481631E-04
   1.5539814E+03   2.6420000E+03   1.6800000E+03   2.1035571E-04   2.9369445E-04
   1.5539890E+03   2.5710000E+03   1.6360000E+03   0.0000000E+00   0.0000000E+00
   1.5539965E+03   2.5460000E+03   1.6270000E+03   4.7325765E-04   8.9628386E-04
   1.5540040E+03   2.5260000E+03   1.6150000E+03   2.9630220E-04   4.6344233E-04
   1.5540116E+03   2.5630000E+03   1.6070000E+03   2.1267757E-05   0.0000000E+00
   1.5540191E+03   2.5420000E+03   1.6080000E+03   1.8254201E-04   2.8857077E-04
   1.5540266E+03   2.7090000E+03   1.7130000E+03   3.1135066E-04   4.9013277E-04
   1.5540341E+03   2.7200000E+03   1.7500000E+03   4.0352719E-05   6.2719655E-05
   1.5540417E+03   2.5630000E+03   1.6010000E+03   9.3632876E-05   1.4989448E-04
   1.5540492E+03   2.5390000E+03   1.6380000E+03   3.6770983E-04   5.6997269E-04
   1.5540567E+03   2.5310000E+03   1.5990000E+03   1.6557296E-04   2.6207952E-04
   1.5540643E+03   2.6420000E+03   1.6980000E+03   9.9137411E-05   1.5425267E-04
   1.5540718E+03   2.6270000E+03   1.6210000E+03   5.4279297E-04   8.7965276E-04
   1.5540793E+03   2.5740000E+03   1.6630000E+03   1.5437684E-04   2.3894527E-04
   1.5540868E+03   2.5530000E+03   1.6050000E+03   2.8244428E-05   4.4927118E-05
   1.5540944E+03   2.5720000E+03   1.6290000E+03   1.0058628E-04   1.3285033E-04
   1.5541019E+03   2.6120000E+03   1.6830000E+03   1.0399376E-04   1.6139733E-04
   1.5541094E+03   2.5790000E+03   1.6220000E+03   3.4224454E-04   5.4417304E-04
   1.5541170E+03   2.4940000E+03   1.5610000E+03   4.3255506E-04   3.0754207E-04
   1.5541245E+03   2.5200000E+03   1.5880000E+03   2.9247174E-04   4.2447633E-04
   1.5541320E+03   2.5510000E+03   1.6050000E+03   2.4990616E-04   0.0000000E+00
   1.5541395E+03   2.6080000E+03   1.7010000E+03   2.9502020E-04   4.5232962E-04
   1.5541471E+03   2.5600000E+03   1.6280000E+03   1.4233796E-05   0.0000000E+00
   1.5541546E+03   2.5460000E+03   1.5670000E+03   4.5570330E-04   7.4040880E-04
   1.5541621E+03   2.5660000E+03   1.6510000E+03   0.0000000E+00   0.0000000E+00
   1.5541697E+03   2.4710000E+03   1.5810000E+03   2.4628161E-04   3.8492211E-04
   1.5541772E+03   2.4790000E+03   1.5630000E+03   5.0252908E-04   7.9703749E-04
   1.5541847E+03   2.5840000E+03   1.6300000E+03   1.0721673E-05   1.6996811E-05
   1.5541922E+03   2.5060000E+03   1.5900000E+03   7.7785287E-05   1.2259744E-04
   1.5541998E+03   2.5250000E+03   1.6390000E+03   6.5775410E-04   1.0133185E-03
   1.5542073E+03   2.4930000E+03   1.5730000E+03   4.9989496E-05   0.0000000E+00
   1.5542148E+03   2.5110000E+03   1.5690000E+03   3.8248134E-04   6.1211640E-04
   1.5542224E+03   2.6030000E+03   1.6650000E+03   9.6203458E-05   1.5040096E-04
   1.5542299E+03   2.5510000E+03   1.6350000E+03   2.5690722E-04   1.9975298E-04
   1.5542374E+03   2.5780000E+03   1.6430000E+03   2.2413611E-05   0.0000000E+00
   1.5542449E+03   2.5570000E+03   1.6180000E+03   6.4798345E-04   1.0240381E-03
   1.5542525E+03   2.5730000E+03   1.5910000E+03   3.2824126E-04   5.3083895E-04
   1.5542600E+03   2.5080000E+03   1.6170000E+03   0.0000000E+00   0.0000000E+00
   1.5542675E+03   2.5010000E+03   1.5780000E+03   2.2682339E-04   1.0609063E-04
   1.5542750E+03   2.5030000E+03   1.5860000E+03   2.8351132E-04   1.5423385E-04
   1.5542826E+03   2.5270000E+03   1.5950000E+03   2.1101460E-04   3.3431591E-04
   1.5542901E+03   2.5330000E+03   1.6320000E+03   2.5143311E-04   3.9024514E-04
   1.5542976E+03   2.6180000E+03   1.6830000E+03   2.8480693E-04   4.8870353E-04
   1.5543052E+03   2.4990000E+03   1.5680000E+03   2.3545732E-04   3.7526010E-04
   1.5543127E+03   2.5690000E+03   1.5870000E+03   0.0000000E+00   0.0000000E+00
   1.5543202E+03   2.5000000E+03   1.5520000E+03   3.9241852E-04   6.3211747E-04
   1.5543277E+03   2.4360000E+03   1.5260000E+03   0.0000000E+00   0.0000000E+00
   1.5543353E+03   2.6140000E+03   1.6430000E+03   1.2207409E-04   1.8710946E-04
   1.5543428E+03   2.5540000E+03   1.6000000E+03   2.3338742E-04   3.7254466E-04
   1.5543503E+03   2.5310000E+03   1.5650000E+03   0.0000000E+00   0.0000000E+00
   1.5543579E+03   2.6730000E+03   1.6740000E+03   0.0000000E+00   0.0000000E+00
   1.5543654E+03   2.5100000E+03   1.5650000E+03   1.2686212E-04   2.0346576E-04
   1.5543729E+03   2.5280000E+03   1.5930000E+03   0.0000000E+00   0.0000000E+00
   1.5543804E+03   2.5220000E+03   1.5810000E+03   3.0269077E-04   4.8285018E-04
   1.5543880E+03   2.5710000E+03   1.6430000E+03   2.1276431E-04   1.2410249E-04
   1.5543955E+03   2.5310000E+03   1.6200000E+03   5.5419016E-06   0.0000000E+00
   1.5544030E+03   2.5550000E+03   1.6100000E+03   1.4012698E-04   2.2237543E-04
   1.5544106E+03   2.5480000E+03   1.5900000E+03   6.5971994E-04   1.0036729E-03
   1.5544181E+03   2.6010000E+03   1.6510000E+03   0.0000000E+00   0.0000000E+00
   1.5544256E+03   2.5780000E+03   1.5970000E+03   2.5108323E-04   4.0531783E-04
   1.5544331E+03   2.5330000E+03   1.6370000E+03   0.0000000E+00   0.0000000E+00
   1.5544407E+03   2.4700000E+03   1.5120000E+03   6.7986989E-04   1.1106340E-03
   1.5544482E+03   2.4240000E+03   1.5370000E+03   3.1474435E-04   4.9638276E-04
   1.5544557E+03   2.5280000E+03   1.5920000E+03   1.6133788E-04   3.8618640E-04
   1.5544633E+03   2.4930000E+03   1.5880000E+03   3.4039755E-04   5.3438986E-04
   1.5544708E+03   2.4390000E+03   1.5470000E+03   1.3590593E-04   2.1426926E-04
   1.5544783E+03   2.4800000E+03   1.5890000E+03   7.8965512E-05   1.2324384E-04
   1.5544858E+03   2.5970000E+03   1.6600000E+03   2.9218484E-04   6.4336024E-04
   1.5544934E+03   2.6140000E+03   1.6890000E+03   3.2997755E-04   3.0061818E-04
   1.5545009E+03   2.5230000E+03   1.5820000E+03   0.0000000E+00   0.0000000E+00
   1.5545084E+03   2.4900000E+03   1.6200000E+03   1.3315758E-04   9.8917435E-05
   1.5545160E+03   2.5210000E+03   1.6130000E+03   1.1367057E-04   1.7765871E-04
   1.5545235E+03   2.4670000E+03   1.5190000E+03   0.0000000E+00   0.0000000E+00
   1.5545310E+03   2.5190000E+03   1.6120000E+03   1.3513160E-04   0.0000000E+00
   1.5545385E+03   2.4300000E+03   1.5930000E+03   2.5763913E-04   3.9300884E-04
   1.5545461E+03   2.5190000E+03   1.5940000E+03   1.1162484E-04   1.7640086E-04
   1.5545536E+03   2.5030000E+03   1.6060000E+03   3.3826056E-04   5.2718940E-04
   1.5545611E+03   2.5360000E+03   1.6420000E+03   2.7981978E-04   4.3216988E-04
   1.5545687E+03   2.6230000E+03   1.6420000E+03   6.4147073E-04   3.3366774E-04
   1.5545762E+03   2.5420000E+03   1.6310000E+03   1.4933493E-04   2.3274641E-04
   1.5545837E+03   2.5400000E+03   1.5910000E+03   9.1519427E-05   1.4610895E-04
   1.5545912E+03   2.4620000E+03   1.5830000E+03   4.9233562E-05   7.6571719E-05
   1.5545988E+03   2.4610000E+03   1.5390000E+03   1.9996905E-04   3.1864676E-04
   1.5546063E+03   2.5210000E+03   1.6430000E+03   0.0000000E+00   0.0000000E+00
   1.5546138E+03   2.5140000E+03   1.5800000E+03   2.5683942E-04   4.0866728E-04
   1.5546214E+03   2.4820000E+03   1.5970000E+03   3.5719637E-04   5.5514177E-04
   1.5546289E+03   2.5690000E+03   1.6090000E+03   0.0000000E+00   0.0000000E+00
   1.5546364E+03   2.5120000E+03   1.6390000E+03   6.1129128E-04   9.3689060E-04
   1.5546439E+03   2.5140000E+03   1.6050000E+03   0.0000000E+00   0.0000000E+00
   1.5546515E+03   2.5220000E+03   1.6330000E+03   0.0000000E+00   0.0000000E+00
   1.5546590E+03   2.4490000E+03   1.5460000E+03   3.4853000E-04   5.5210217E-04
   1.5546665E+03   2.4610000E+03   1.5520000E+03   5.9209363E-05   9.3888042E-05
   1.5546740E+03   2.3820000E+03   1.4970000E+03   1.1441026E-04   1.8204758E-04
   1.5546816E+03   2.5260000E+03   1.6100000E+03   2.1980122E-04   2.1622244E-04
   1.5546891E+03   2.5730000E+03   1.5900000E+03   1.6844007E-04   2.7257629E-04
   1.5546966E+03   2.4280000E+03   1.5610000E+03   1.0391686E-04   7.6429824E-05
   1.5547042E+03   2.4540000E+03   1.5480000E+03   3.3202053E-04   5.2634263E-04
   1.5547117E+03   2.5060000E+03   1.5900000E+03   1.0932086E-04   1.7230068E-04
   1.5547192E+03   2.5530000E+03   1.6160000E+03   2.2596832E-04   3.5699080E-04
   1.5547267E+03   2.5160000E+03   1.6030000E+03   0.0000000E+00   0.0000000E+00
   1.5547343E+03   2.4320000E+03   1.5510000E+03   0.0000000E+00   0.0000000E+00
   1.5547418E+03   2.4910000E+03   1.5940000E+03   1.1200059E-04   0.0000000E+00
   1.5547493E+03   2.5290000E+03   1.6090000E+03   4.0127167E-04   6.3544062E-04
   1.5547569E+03   2.4250000E+03   1.5920000E+03   1.3049121E-04   1.9876959E-04
   1.5547644E+03   2.4760000E+03   1.5640000E+03   2.3040975E-04   3.6476633E-04
   1.5547719E+03   2.5490000E+03   1.6170000E+03   2.8234941E-04   4.4508884E-04
   1.5547794E+03   2.4630000E+03   1.5840000E+03   2.0818825E-04   3.2371695E-04
   1.5547870E+03   2.4350000E+03   1.5360000E+03   1.5581783E-04   2.4701590E-04
   1.5547945E+03   2.4610000E+03   1.5150000E+03   3.5772651E-04   5.8109898E-04
   1.5548020E+03   2.3810000E+03   1.5250000E+03   0.0000000E+00   0.0000000E+00
   1.5548096E+03   2.4360000E+03   1.5570000E+03   0.0000000E+00   0.0000000E+00
   1.5548171E+03   2.4440000E+03   1.5360000E+03   3.7930062E-04   6.0352260E-04
   1.5548246E+03   2.4500000E+03   1.5580000E+03   2.5415751E-04   3.9967003E-04
   1.5548321E+03   2.4730000E+03   1.5880000E+03   2.4199604E-04   0.0000000E+00
   1.5548397E+03   2.5500000E+03   1.5990000E+03   8.2636216E-05   1.3178383E-04
   1.5548472E+03   2.4350000E+03   1.5060000E+03   2.1344326E-04   3.4510913E-04
   1.5548547E+03   2.4610000E+03   1.5730000E+03   5.4141393E-04   8.4705638E-04
   1.5548623E+03   2.4690000E+03   1.5630000E+03   1.5341716E-05   2.4234611E-05
   1.5548698E+03   2.4880000E+03   1.6300000E+03   1.6666634E-04   2.5439623E-04
   1.5548773E+03   2.4500000E+03   1.5500000E+03   1.3921335E-04   2.2004690E-04
   1.5548848E+03   2.4710000E+03   1.5730000E+03   2.4514462E-04   3.8509368E-04
   1.5548924E+03   2.4960000E+03   1.5620000E+03   2.3883326E-04   3.8164392E-04
   1.5548999E+03   2.5060000E+03   1.5810000E+03   8.3714133E-05   1.3269299E-04
   1.5549074E+03   2.5250000E+03   1.6290000E+03   1.5631590E-04   2.4229444E-04
   1.5549150E+03   2.4610000E+03   1.5880000E+03   0.0000000E+00   0.0000000E+00
   1.5549225E+03   2.4500000E+03   1.5460000E+03   0.0000000E+00   0.0000000E+00
   1.5549300E+03   2.4890000E+03   1.5310000E+03   3.1831207E-04   5.1749101E-04
   1.5549375E+03   2.4810000E+03   1.5130000E+03   4.1876970E-04   6.8669374E-04
   1.5549451E+03   2.4410000E+03   1.5290000E+03   3.6003497E-04   5.5750232E-04
   1.5549526E+03   2.4850000E+03   1.5730000E+03   0.0000000E+00   0.0000000E+00
   1.5549601E+03   2.4760000E+03   1.5550000E+03   2.5083556E-05   0.0000000E+00
   1.5549677E+03   2.5170000E+03   1.5760000E+03   8.6579938E-05   0.0000000E+00
   1.5549752E+03   2.4470000E+03   1.5650000E+03   1.2826540E-04   2.0055300E-04
   1.5549827E+03   2.5210000E+03   1.6300000E+03   3.1084389E-04   4.8075917E-04
   1.5549902E+03   2.4460000E+03   1.5780000E+03   1.9596539E-04   3.0375877E-04
   1.5549978E+03   2.2670000E+03   1.4190000E+03   2.7904378E-04   1.3222437E-04
   1.5550053E+03   2.4880000E+03   1.5770000E+03   0.0000000E+00   0.0000000E+00
   1.5550128E+03   2.4400000E+03   1.5710000E+03   1.1273653E-04   1.7509683E-04
   1.5550204E+03   2.4540000E+03   1.5600000E+03   6.8372426E-06   1.0755508E-05
   1.5550279E+03   2.4370000E+03   1.5480000E+03   2.3024315E-04   3.6246935E-04
   1.5550354E+03   2.4040000E+03   1.5350000E+03   1.8250622E-04   2.8582733E-04
   1.5550429E+03   2.4740000E+03   1.5710000E+03   1.4060744E-04   2.2142763E-04
   1.5550505E+03   2.5360000E+03   1.6280000E+03   4.6312372E-04   7.2142614E-04
   1.5550580E+03   2.4360000E+03   1.5300000E+03   3.3225372E-04   5.2900004E-04
   1.5550655E+03   2.4930000E+03   1.5630000E+03   3.4541102E-04   5.5093388E-04
   1.5550731E+03   2.4370000E+03   1.5620000E+03   1.2468818E-04   2.7683675E-04
   1.5550806E+03   2.4610000E+03   1.5680000E+03   4.5477317E-04   6.9404344E-04
   1.5550881E+03   2.4700000E+03   1.5950000E+03   0.0000000E+00   0.0000000E+00
   1.5550956E+03   2.3770000E+03   1.5320000E+03   0.0000000E+00   0.0000000E+00
   1.5551032E+03   2.4280000E+03   1.5430000E+03   3.4354094E-04   0.0000000E+00
   1.5551107E+03   2.4840000E+03   1.5360000E+03   2.8697064E-04   3.3601511E-04
   1.5551182E+03   2.4660000E+03   1.5680000E+03   1.4065996E-04   0.0000000E+00
   1.5551257E+03   2.5020000E+03   1.6370000E+03   0.0000000E+00   0.0000000E+00
   1.5551333E+03   2.3540000E+03   1.5010000E+03   2.2382238E-04   3.5101792E-04
   1.5551408E+03   2.5040000E+03   1.5860000E+03   2.8137409E-04   4.4423752E-04
   1.5551483E+03   2.3870000E+03   1.5350000E+03   1.8227024E-04   0.0000000E+00
   1.5551559E+03   2.4820000E+03   1.5510000E+03   2.7948970E-04   4.7688451E-04
   1.5551634E+03   2.5130000E+03   1.6030000E+03   5.9604546E-05   9.3441188E-05
   1.5551709E+03   2.4600000E+03   1.5810000E+03   3.7297746E-04   5.0157279E-04
   1.5551784E+03   2.4660000E+03   1.5840000E+03   4.2142075E-04   6.5607548E-04
   1.5551860E+03   2.4350000E+03   1.5320000E+03   0.0000000E+00   0.0000000E+00
   1.5551935E+03   2.3730000E+03   1.5190000E+03   0.0000000E+00   0.0000000E+00
   1.5552010E+03   2.4190000E+03   1.5230000E+03   0.0000000E+00   0.0000000E+00
   1.5552086E+03   2.3860000E+03   1.5160000E+03   2.8747893E-04   4.5245695E-04
   1.5552161E+03   2.4740000E+03   1.5560000E+03   0.0000000E+00   0.0000000E+00
   1.5552236E+03   2.3940000E+03   1.5000000E+03   0.0000000E+00   0.0000000E+00
   1.5552311E+03   2.4530000E+03   1.5750000E+03   3.6074638E-04   5.6184817E-04
   1.5552387E+03   2.4390000E+03   1.5560000E+03   2.4193666E-04   3.7923105E-04
   1.5552462E+03   2.4510000E+03   1.5170000E+03   3.0094728E-04   1.4626295E-04
   1.5552537E+03   2.4440000E+03   1.5680000E+03   0.0000000E+00   0.0000000E+00
   1.5552613E+03   2.3980000E+03   1.4810000E+03   0.0000000E+00   0.0000000E+00
   1.5552688E+03   2.3860000E+03   1.5260000E+03   2.9841449E-04   4.6659042E-04
   1.5552763E+03   2.3540000E+03   1.5370000E+03   3.3321959E-04   0.0000000E+00
   1.5552838E+03   2.3390000E+03   1.4640000E+03   1.8042977E-04   2.8826860E-04
   1.5552914E+03   2.3820000E+03   1.5170000E+03   0.0000000E+00   0.0000000E+00
   1.5552989E+03   2.4000000E+03   1.5750000E+03   7.2852462E-05   0.0000000E+00
   1.5553064E+03   2.3740000E+03   1.4690000E+03   3.5887875E-04   5.7997152E-04
   1.5553140E+03   2.4310000E+03   1.5430000E+03   1.2416342E-04   1.9561975E-04
   1.5553215E+03   2.4060000E+03   1.5720000E+03   1.9865964E-04   3.0405541E-04
   1.5553290E+03   2.4950000E+03   1.6140000E+03   0.0000000E+00   0.0000000E+00
   1.5553365E+03   2.4060000E+03   1.5490000E+03   3.5965658E-04   5.5864024E-04
   1.5553441E+03   2.4030000E+03   1.4960000E+03   0.0000000E+00   0.0000000E+00
   1.5553516E+03   2.3350000E+03   1.5020000E+03   0.0000000E+00   0.0000000E+00
   1.5553591E+03   2.4010000E+03   1.5010000E+03   4.1280283E-05   6.6031951E-05
   1.5553667E+03   2.4010000E+03   1.5180000E+03   0.0000000E+00   0.0000000E+00
   1.5553742E+03   2.3430000E+03   1.5450000E+03   5.9647428E-05   9.0455614E-05
   1.5553817E+03   2.4320000E+03   1.5260000E+03   4.5408937E-04   4.9914933E-04
   1.5553892E+03   2.4500000E+03   1.5650000E+03   3.0514715E-04   4.7770640E-04
   1.5553968E+03   2.4010000E+03   1.5570000E+03   2.1293702E-04   3.2836338E-04
   1.5554043E+03   2.3890000E+03   1.5020000E+03   0.0000000E+00   0.0000000E+00
   1.5554118E+03   2.4530000E+03   1.5560000E+03   1.3222781E-04   0.0000000E+00
   1.5554194E+03   2.4250000E+03   1.5330000E+03   0.0000000E+00   0.0000000E+00
   1.5554269E+03   2.3190000E+03   1.4260000E+03   3.1435797E-04   5.1121748E-04
   1.5554344E+03   2.4280000E+03   1.5230000E+03   1.8264678E-04   2.9117950E-04
   1.5554419E+03   2.4150000E+03   1.5310000E+03   0.0000000E+00   0.0000000E+00
   1.5554495E+03   2.4070000E+03   1.5400000E+03   0.0000000E+00   0.0000000E+00
   1.5554570E+03   2.3410000E+03   1.4960000E+03   3.7691486E-04   5.8981128E-04
   1.5554645E+03   2.3460000E+03   1.4730000E+03   2.1928433E-04   0.0000000E+00
   1.5554721E+03   2.2530000E+03   1.4570000E+03   1.7397685E-04   2.6902529E-04
   1.5554796E+03   2.3680000E+03   1.5170000E+03   2.9821940E-05   0.0000000E+00
   1.5554871E+03   2.4580000E+03   1.5370000E+03   2.3307028E-04   3.7273048E-04
   1.5554946E+03   2.3680000E+03   1.5200000E+03   0.0000000E+00   0.0000000E+00
   1.5555022E+03   2.3370000E+03   1.5040000E+03   1.1682510E-04   1.8152943E-04
   1.5555097E+03   2.4270000E+03   1.5200000E+03   1.9412304E-04   3.0995830E-04
   1.5555172E+03   2.3760000E+03   1.4870000E+03   3.8375667E-04   6.1318484E-04
   1.5555248E+03   2.3650000E+03   1.5280000E+03   2.1972866E-04   3.4009050E-04
   1.5555323E+03   2.3320000E+03   1.4650000E+03   0.0000000E+00   0.0000000E+00
   1.5555398E+03   2.4750000E+03   1.5600000E+03   2.1019693E-04   3.3348552E-04
   1.5555473E+03   2.3950000E+03   1.5280000E+03   0.0000000E+00   0.0000000E+00
   1.5555549E+03   2.3620000E+03   1.5080000E+03   2.6268307E-04   3.1866494E-04
   1.5555624E+03   2.3740000E+03   1.5150000E+03   1.1083465E-04   0.0000000E+00
   1.5555699E+03   2.3600000E+03   1.4980000E+03   0.0000000E+00   0.0000000E+00
   1.5555774E+03   2.4150000E+03   1.5510000E+03   6.8322551E-05   1.0638231E-04
   1.5555850E+03   2.4280000E+03   1.5680000E+03   2.5209331E-04   3.9035877E-04
   1.5555925E+03   2.4030000E+03   1.5450000E+03   1.8358484E-04   2.8553682E-04
   1.5556000E+03   2.3860000E+03   1.5340000E+03   0.0000000E+00   0.0000000E+00
   1.5556076E+03   2.3870000E+03   1.5340000E+03   3.8425348E-04   5.9792246E-04
   1.5556151E+03   2.3350000E+03   1.4800000E+03   1.6701654E-04   2.6350245E-04
   1.5556226E+03   2.3900000E+03   1.5060000E+03   0.0000000E+00   0.0000000E+00
   1.5556301E+03   2.3110000E+03   1.4510000E+03   0.0000000E+00   0.0000000E+00
   1.5556377E+03   2.3810000E+03   1.5120000E+03   0.0000000E+00   0.0000000E+00
   1.5556452E+03   2.4020000E+03   1.4920000E+03   7.4225638E-05   9.8416744E-05
   1.5556527E+03   2.3680000E+03   1.5020000E+03   3.6295850E-04   5.9584246E-04
   1.5556603E+03   2.3540000E+03   1.4580000E+03   0.0000000E+00   0.0000000E+00
   1.5556678E+03   2.3680000E+03   1.4870000E+03   4.6229402E-04   7.3618846E-04
   1.5556753E+03   2.3550000E+03   1.5240000E+03   0.0000000E+00   0.0000000E+00
   1.5556828E+03   2.3830000E+03   1.5130000E+03   3.7399378E-04   5.8904639E-04
   1.5556904E+03   2.3920000E+03   1.4750000E+03   2.1435741E-04   3.4762232E-04
   1.5556979E+03   2.4110000E+03   1.5490000E+03   0.0000000E+00   0.0000000E+00
   1.5557054E+03   2.2550000E+03   1.4620000E+03   2.3554485E-04   3.6330617E-04
   1.5557130E+03   2.3090000E+03   1.4620000E+03   0.0000000E+00   0.0000000E+00
   1.5557205E+03   2.3160000E+03   1.4460000E+03   2.7306028E-04   4.3734965E-04
   1.5557280E+03   2.2610000E+03   1.4000000E+03   1.6918891E-04   2.7324009E-04
   1.5557355E+03   2.3320000E+03   1.4770000E+03   3.5199197E-04   5.5575171E-04
   1.5557431E+03   2.3740000E+03   1.4760000E+03   3.4281004E-04   5.5137604E-04
   1.5557506E+03   2.3550000E+03   1.4900000E+03   5.3268924E-05   8.4193500E-05
   1.5557581E+03   2.3310000E+03   1.5160000E+03   0.0000000E+00   0.0000000E+00
   1.5557657E+03   2.3550000E+03   1.5250000E+03   1.1563783E-04   1.7857514E-04
   1.5557732E+03   2.3010000E+03   1.4680000E+03   0.0000000E+00   0.0000000E+00
   1.5557807E+03   2.3230000E+03   1.4780000E+03   2.3503504E-04   3.6940893E-04
   1.5557882E+03   2.3230000E+03   1.4650000E+03   0.0000000E+00   0.0000000E+00
   1.5557958E+03   2.3060000E+03   1.4770000E+03   3.8610744E-04   0.0000000E+00
   1.5558033E+03   2.4000000E+03   1.5510000E+03   3.1466281E-04   0.0000000E+00
   1.5558108E+03   2.3230000E+03   1.4930000E+03   5.2532535E-04   8.1736825E-04
   1.5558184E+03   2.2700000E+03   1.4470000E+03   9.4444181E-05   1.4816053E-04
   1.5558259E+03   2.3630000E+03   1.5160000E+03   3.7461770E-04   5.8391928E-04
   1.5558334E+03   2.3070000E+03   1.4920000E+03   3.6596703E-04   5.6587529E-04
   1.5558409E+03   2.3110000E+03   1.4690000E+03   0.0000000E+00   0.0000000E+00
   1.5558485E+03   2.2800000E+03   1.4310000E+03   9.8639100E-07   1.5716083E-06
   1.5558560E+03   2.2840000E+03   1.4580000E+03   0.0000000E+00   0.0000000E+00
   1.5558635E+03   2.3660000E+03   1.4940000E+03   6.0166260E-05   0.0000000E+00
   1.5558711E+03   2.3100000E+03   1.5060000E+03   1.0120516E-04   1.5523501E-04
   1.5558786E+03   2.2500000E+03   1.4520000E+03   0.0000000E+00   0.0000000E+00
   1.5558861E+03   2.3040000E+03   1.4710000E+03   0.0000000E+00   0.0000000E+00
   1.5558936E+03   2.2890000E+03   1.4290000E+03   3.8349635E-04   6.1429192E-04
   1.5559012E+03   2.3440000E+03   1.5480000E+03   7.4043100E-05   1.1211694E-04
   1.5559087E+03   2.3160000E+03   1.4490000E+03   0.0000000E+00   0.0000000E+00
   1.5559162E+03   2.3560000E+03   1.5020000E+03   1.2350365E-04   0.0000000E+00
   1.5559238E+03   2.3360000E+03   1.5070000E+03   0.0000000E+00   0.0000000E+00
   1.5559313E+03   2.4020000E+03   1.4910000E+03   0.0000000E+00   0.0000000E+00
   1.5559388E+03   2.2660000E+03   1.4840000E+03   0.0000000E+00   0.0000000E+00
   1.5559463E+03   2.2220000E+03   1.4160000E+03   0.0000000E+00   0.0000000E+00
   1.5559539E+03   2.2970000E+03   1.4820000E+03   1.0435810E-04   1.6174802E-04
   1.5559614E+03   2.3810000E+03   1.5090000E+03   2.3006205E-04   3.6300712E-04
   1.5559689E+03   2.3350000E+03   1.5100000E+03   0.0000000E+00   0.0000000E+00
   1.5559765E+03   2.3120000E+03   1.5030000E+03   0.0000000E+00   0.0000000E+00
   1.5559840E+03   2.3360000E+03   1.4500000E+03   3.1548260E-04   5.0825334E-04
   1.5559915E+03   2.3030000E+03   1.4730000E+03   3.8953933E-04   6.0903535E-04
   1.5559990E+03   2.3000000E+03   1.4690000E+03   0.0000000E+00   0.0000000E+00
   1.5560066E+03   2.3060000E+03   1.4660000E+03   0.0000000E+00   0.0000000E+00
   1.5560141E+03   2.3000000E+03   1.5020000E+03   0.0000000E+00   0.0000000E+00
   1.5560216E+03   2.3830000E+03   1.5690000E+03   0.0000000E+00   0.0000000E+00
   1.5560291E+03   2.3010000E+03   1.4490000E+03   2.6700964E-04   1.2051441E-04
   1.5560367E+03   2.3240000E+03   1.4810000E+03   0.0000000E+00   0.0000000E+00
   1.5560442E+03   2.3740000E+03   1.4790000E+03   0.0000000E+00   0.0000000E+00
   1.5560517E+03   2.2730000E+03   1.4560000E+03   0.0000000E+00   0.0000000E+00
   1.5560593E+03   2.2820000E+03   1.4520000E+03   0.0000000E+00   0.0000000E+00
   1.5560668E+03   2.3040000E+03   1.4480000E+03   3.5342165E-04   5.6235047E-04
   1.5560743E+03   2.2190000E+03   1.4380000E+03   0.0000000E+00   0.0000000E+00
   1.5560818E+03   2.3230000E+03   1.4770000E+03   0.0000000E+00   0.0000000E+00
   1.5560894E+03   2.2650000E+03   1.4480000E+03   5.1687842E-04   6.2350107E-04
   1.5560969E+03   2.2070000E+03   1.4170000E+03   4.3230320E-05   6.7331910E-05
   1.5561044E+03   2.3020000E+03   1.4690000E+03   9.3412303E-05   1.4638197E-04
   1.5561120E+03   2.3120000E+03   1.4460000E+03   3.5136413E-04   0.0000000E+00
   1.5561195E+03   2.3140000E+03   1.4630000E+03   3.5071858E-04   6.1123168E-04
   1.5561270E+03   2.2250000E+03   1.4360000E+03   0.0000000E+00   0.0000000E+00
   1.5561345E+03   2.3410000E+03   1.4790000E+03   2.0789120E-04   2.8673634E-04
   1.5561421E+03   2.1750000E+03   1.3800000E+03   4.1549276E-04   0.0000000E+00
   1.5561496E+03   2.3080000E+03   1.4540000E+03   0.0000000E+00   0.0000000E+00
   1.5561571E+03   2.2470000E+03   1.3750000E+03   1.6160714E-04   2.4796863E-04
   1.5561647E+03   2.2930000E+03   1.4330000E+03   1.2574555E-05   2.0121043E-05
   1.5561722E+03   2.3760000E+03   1.5330000E+03   0.0000000E+00   0.0000000E+00
   1.5561797E+03   2.2440000E+03   1.3960000E+03   3.7280021E-04   5.9925764E-04
   1.5561872E+03   2.2750000E+03   1.4570000E+03   0.0000000E+00   0.0000000E+00
   1.5561948E+03   2.3120000E+03   1.4710000E+03   1.1156940E-04   1.7535584E-04
   1.5562023E+03   2.3150000E+03   1.4680000E+03   0.0000000E+00   0.0000000E+00
   1.5562098E+03   2.3620000E+03   1.5010000E+03   2.3091754E-04   3.6337591E-04
   1.5562174E+03   2.2400000E+03   1.4430000E+03   0.0000000E+00   0.0000000E+00
   1.5562249E+03   2.2620000E+03   1.4670000E+03   0.0000000E+00   0.0000000E+00
   1.5562324E+03   2.3220000E+03   1.4920000E+03   2.1972847E-04   8.5131526E-05
   1.5562399E+03   2.2260000E+03   1.3910000E+03   8.1086336E-06   1.2976145E-05
   1.5562475E+03   2.2670000E+03   1.4410000E+03   1.5327338E-04   2.4113167E-04
   1.5562550E+03   2.2680000E+03   1.4770000E+03   0.0000000E+00   0.0000000E+00
   1.5562625E+03   2.2790000E+03   1.4410000E+03   2.9847281E-04   4.7204687E-04
   1.5562701E+03   2.2950000E+03   1.4610000E+03   3.7320794E-04   0.0000000E+00
   1.5562776E+03   2.1950000E+03   1.4400000E+03   0.0000000E+00   0.0000000E+00
   1.5562851E+03   2.3320000E+03   1.4510000E+03   3.6868395E-04   5.9253685E-04
   1.5562926E+03   2.3090000E+03   1.4390000E+03   9.3400642E-06   1.4986941E-05
   1.5563002E+03   2.2520000E+03   1.4400000E+03   9.2030749E-06   0.0000000E+00
   1.5563077E+03   2.1380000E+03   1.3470000E+03   0.0000000E+00   0.0000000E+00
   1.5563152E+03   2.2760000E+03   1.4440000E+03   0.0000000E+00   0.0000000E+00
   1.5563228E+03   2.2300000E+03   1.3530000E+03   3.9060744E-04   6.8809448E-04
   1.5563303E+03   2.2350000E+03   1.3940000E+03   0.0000000E+00   0.0000000E+00
   1.5563378E+03   2.2240000E+03   1.3900000E+03   0.0000000E+00   0.0000000E+00
   1.5563453E+03   2.3100000E+03   1.5120000E+03   1.2621430E-04   1.9282740E-04
   1.5563529E+03   2.2460000E+03   1.4670000E+03   7.8083206E-05   1.5311602E-04
   1.5563604E+03   2.1220000E+03   1.3480000E+03   0.0000000E+00   0.0000000E+00
   1.5563679E+03   2.2760000E+03   1.4360000E+03   0.0000000E+00   0.0000000E+00
   1.5563755E+03   2.2270000E+03   1.3510000E+03   1.2407957E-04   0.0000000E+00
   1.5563830E+03   2.1790000E+03   1.3770000E+03   0.0000000E+00   0.0000000E+00
   1.5563905E+03   2.2640000E+03   1.4570000E+03   7.0351932E-06   0.0000000E+00
   1.5563980E+03   2.2340000E+03   1.4450000E+03   1.0227088E-04   1.5811290E-04
   1.5564056E+03   2.1960000E+03   1.3980000E+03   0.0000000E+00   0.0000000E+00
   1.5564131E+03   2.2940000E+03   1.4970000E+03   0.0000000E+00   0.0000000E+00
   1.5564206E+03   2.2780000E+03   1.4830000E+03   0.0000000E+00   0.0000000E+00
   1.5564282E+03   2.2480000E+03   1.4220000E+03   0.0000000E+00   0.0000000E+00
   1.5564357E+03   2.2650000E+03   1.4190000E+03   3.2017908E-04   5.1106809E-04
   1.5564432E+03   2.2300000E+03   1.4350000E+03   0.0000000E+00   0.0000000E+00
   1.5564507E+03   2.2570000E+03   1.4350000E+03   0.0000000E+00   0.0000000E+00
   1.5564583E+03   2.2520000E+03   1.3850000E+03   2.7789641E-04   4.5185756E-04
   1.5564658E+03   2.2320000E+03   1.4270000E+03   1.8508392E-05   2.8949356E-05
   1.5564733E+03   2.3060000E+03   1.4620000E+03   0.0000000E+00   0.0000000E+00
   1.5564808E+03   2.1630000E+03   1.3740000E+03   0.0000000E+00   0.0000000E+00
   1.5564884E+03   2.2250000E+03   1.4300000E+03   2.8059499E-04   4.3659011E-04
   1.5564959E+03   2.3140000E+03   1.4630000E+03   0.0000000E+00   0.0000000E+00
   1.5565034E+03   2.2130000E+03   1.3610000E+03   2.9232365E-04   4.7532127E-04
   1.5565110E+03   2.2250000E+03   1.4460000E+03   0.0000000E+00   0.0000000E+00
   1.5565185E+03   2.1070000E+03   1.3650000E+03   3.9620122E-04   1.8656722E-04
   1.5565260E+03   2.2980000E+03   1.4370000E+03   0.0000000E+00   0.0000000E+00
   1.5565335E+03   2.2630000E+03   1.4290000E+03   3.9430867E-04   4.8563142E-04
   1.5565411E+03   2.2620000E+03   1.4430000E+03   6.6807270E-05   1.4866777E-04
   1.5565486E+03   2.1670000E+03   1.3470000E+03   3.4021037E-04   5.4731690E-04
   1.5565561E+03   2.2440000E+03   1.4470000E+03   0.0000000E+00   0.0000000E+00
   1.5565637E+03   2.2850000E+03   1.4800000E+03   0.0000000E+00   0.0000000E+00
   1.5565712E+03   2.1610000E+03   1.3740000E+03   0.0000000E+00   0.0000000E+00
   1.5565787E+03   2.1680000E+03   1.3620000E+03   0.0000000E+00   0.0000000E+00
   1.5565862E+03   2.2880000E+03   1.4260000E+03   4.8522133E-04   7.7853185E-04
   1.5565938E+03   2.1020000E+03   1.3310000E+03   0.0000000E+00   0.0000000E+00
   1.5566013E+03   2.2920000E+03   1.3980000E+03   3.9988574E-04   6.5560667E-04
   1.5566088E+03   2.3380000E+03   1.5350000E+03   3.5975718E-04   5.4795589E-04
   1.5566164E+03   2.2140000E+03   1.4160000E+03   0.0000000E+00   0.0000000E+00
   1.5566239E+03   2.1440000E+03   1.3640000E+03   0.0000000E+00   0.0000000E+00
   1.5566314E+03   2.1340000E+03   1.3680000E+03   6.7632942E-04   1.0550343E-03
   1.5566389E+03   2.2340000E+03   1.4120000E+03   3.2710747E-05   5.1753406E-05
   1.5566465E+03   2.2440000E+03   1.4310000E+03   1.1285951E-04   1.7697886E-04
   1.5566540E+03   2.1600000E+03   1.3870000E+03   7.7332074E-05   1.2043063E-04
   1.5566615E+03   2.2080000E+03   1.3930000E+03   0.0000000E+00   0.0000000E+00
   1.5566691E+03   2.2570000E+03   1.4920000E+03   1.4101955E-04   2.1332515E-04
   1.5566766E+03   2.1920000E+03   1.4040000E+03   3.8784362E-04   6.0552223E-04
   1.5566841E+03   2.1560000E+03   1.3810000E+03   6.8457822E-04   4.7986751E-04
   1.5566916E+03   2.1840000E+03   1.3770000E+03   0.0000000E+00   0.0000000E+00
   1.5566992E+03   2.2590000E+03   1.4050000E+03   3.7945231E-04   6.1009450E-04
   1.5567067E+03   2.1810000E+03   1.3890000E+03   7.6821172E-04   1.2062417E-03
   1.5567142E+03   2.2700000E+03   1.4490000E+03   0.0000000E+00   0.0000000E+00
   1.5567218E+03   2.1650000E+03   1.4190000E+03   4.0796790E-04   6.2244573E-04
   1.5567293E+03   2.1320000E+03   1.3010000E+03   2.3670187E-04   0.0000000E+00
   1.5567368E+03   2.1100000E+03   1.3140000E+03   1.9185195E-04   3.0807277E-04
   1.5567443E+03   2.2340000E+03   1.4160000E+03   5.7082844E-05   9.0058667E-05
   1.5567519E+03   2.1540000E+03   1.3470000E+03   0.0000000E+00   0.0000000E+00
   1.5567594E+03   2.2030000E+03   1.3730000E+03   0.0000000E+00   0.0000000E+00
   1.5567669E+03   2.2330000E+03   1.4180000E+03   1.3102851E-04   2.0633756E-04
   1.5567745E+03   2.1990000E+03   1.3890000E+03   1.9709355E-04   3.1202931E-04
   1.5567820E+03   2.1700000E+03   1.4150000E+03   0.0000000E+00   0.0000000E+00
   1.5567895E+03   2.1560000E+03   1.3640000E+03   0.0000000E+00   0.0000000E+00
   1.5567970E+03   2.1440000E+03   1.3400000E+03   0.0000000E+00   0.0000000E+00
   1.5568046E+03   2.1590000E+03   1.3630000E+03   3.9337658E-04   6.2311082E-04
   1.5568121E+03   2.1770000E+03   1.4000000E+03   1.2397485E-04   2.3183873E-04
   1.5568196E+03   2.1770000E+03   1.4030000E+03   0.0000000E+00   0.0000000E+00
   1.5568272E+03   2.1560000E+03   1.3730000E+03   0.0000000E+00   0.0000000E+00
   1.5568347E+03   2.1980000E+03   1.3750000E+03   0.0000000E+00   0.0000000E+00
   1.5568422E+03   2.2240000E+03   1.4070000E+03   0.0000000E+00   0.0000000E+00
   1.5568497E+03   2.1880000E+03   1.3960000E+03   0.0000000E+00   0.0000000E+00
   1.5568573E+03   2.0450000E+03   1.2970000E+03   6.2948471E-05   9.9251830E-05
   1.5568648E+03   2.2690000E+03   1.5110000E+03   8.7691046E-05   1.3168166E-04
   1.5568723E+03   2.1130000E+03   1.3170000E+03   2.0223786E-04   3.2447122E-04
   1.5568799E+03   2.1990000E+03   1.3430000E+03   3.1074320E-04   5.0880439E-04
   1.5568874E+03   2.2230000E+03   1.3930000E+03   5.8783638E-04   9.3809064E-04
   1.5568949E+03   2.1600000E+03   1.3670000E+03   3.3849404E-05   5.3485524E-05
   1.5569024E+03   2.1590000E+03   1.3920000E+03   0.0000000E+00   0.0000000E+00
   1.5569100E+03   2.1870000E+03   1.4220000E+03   2.3324205E-04   3.5872036E-04
   1.5569175E+03   2.1900000E+03   1.3790000E+03   4.4572618E-04   7.0786101E-04
   1.5569250E+03   2.1630000E+03   1.3380000E+03   0.0000000E+00   0.0000000E+00
   1.5569325E+03   2.1400000E+03   1.4100000E+03   4.3194817E-04   6.5558091E-04
   1.5569401E+03   2.1440000E+03   1.3580000E+03   0.0000000E+00   0.0000000E+00
   1.5569476E+03   2.1730000E+03   1.3670000E+03   0.0000000E+00   0.0000000E+00
   1.5569551E+03   2.1620000E+03   1.3870000E+03   3.4962026E-04   5.4497405E-04
   1.5569627E+03   2.1740000E+03   1.3900000E+03   2.2270407E-04   3.4831558E-04
   1.5569702E+03   2.1060000E+03   1.3360000E+03   0.0000000E+00   0.0000000E+00
   1.5569777E+03   2.1780000E+03   1.4130000E+03   0.0000000E+00   0.0000000E+00
   1.5569852E+03   2.2000000E+03   1.3710000E+03   0.0000000E+00   0.0000000E+00
   1.5569928E+03   2.1310000E+03   1.3470000E+03   0.0000000E+00   0.0000000E+00
   1.5570003E+03   2.1900000E+03   1.3910000E+03   0.0000000E+00   0.0000000E+00
   1.5570078E+03   2.2550000E+03   1.4180000E+03   0.0000000E+00   0.0000000E+00
   1.5570154E+03   2.1600000E+03   1.3540000E+03   0.0000000E+00   0.0000000E+00
   1.5570229E+03   2.1710000E+03   1.3790000E+03   1.6777790E-04   2.6413765E-04
   1.5570304E+03   2.1430000E+03   1.3660000E+03   0.0000000E+00   0.0000000E+00
   1.5570379E+03   2.0820000E+03   1.3260000E+03   0.0000000E+00   0.0000000E+00
   1.5570455E+03   2.1230000E+03   1.3200000E+03   0.0000000E+00   0.0000000E+00
   1.5570530E+03   2.1380000E+03   1.3400000E+03   0.0000000E+00   0.0000000E+00
   1.5570605E+03   2.1750000E+03   1.3940000E+03   2.7379796E-04   4.2719553E-04
   1.5570681E+03   2.1970000E+03   1.3980000E+03   3.3859208E-04   5.3210787E-04
   1.5570756E+03   2.0640000E+03   1.2450000E+03   4.5651621E-04   7.5682688E-04
   1.5570831E+03   2.1220000E+03   1.3080000E+03   2.1910293E-04   3.5545598E-04
   1.5570906E+03   2.1850000E+03   1.3860000E+03   0.0000000E+00   0.0000000E+00
   1.5570982E+03   2.1850000E+03   1.3930000E+03   2.0488369E-04   0.0000000E+00
   1.5571057E+03   2.1040000E+03   1.3010000E+03   0.0000000E+00   0.0000000E+00
   1.5571132E+03   2.2000000E+03   1.3810000E+03   1.4652364E-04   2.3341927E-04
   1.5571208E+03   2.1360000E+03   1.4000000E+03   7.6911204E-06   0.0000000E+00
   1.5571283E+03   2.1210000E+03   1.3750000E+03   1.9706624E-04   3.0398363E-04
   1.5571358E+03   2.1230000E+03   1.3640000E+03   2.5917365E-04   0.0000000E+00
   1.5571433E+03   2.0500000E+03   1.3280000E+03   0.0000000E+00   0.0000000E+00
   1.5571509E+03   2.1340000E+03   1.3730000E+03   4.0663867E-04   6.3202252E-04
   1.5571584E+03   2.0480000E+03   1.3370000E+03   0.0000000E+00   0.0000000E+00
   1.5571659E+03   2.1110000E+03   1.3410000E+03   4.0640955E-04   6.3976924E-04
   1.5571735E+03   2.0980000E+03   1.3280000E+03   1.3325797E-06   2.1052351E-06
   1.5571810E+03   2.0970000E+03   1.3330000E+03   0.0000000E+00   0.0000000E+00
   1.5571885E+03   2.0670000E+03   1.3110000E+03   4.3084627E-04   6.7929766E-04
   1.5571960E+03   2.0910000E+03   1.3250000E+03   2.2975315E-05   3.6257648E-05
   1.5572036E+03   2.0340000E+03   1.2550000E+03   0.0000000E+00   0.0000000E+00
   1.5572111E+03   2.1560000E+03   1.3490000E+03   2.8850329E-04   4.6109199E-04
   1.5572186E+03   2.1210000E+03   1.3100000E+03   0.0000000E+00   0.0000000E+00
   1.5572262E+03   2.1210000E+03   1.3410000E+03   0.0000000E+00   0.0000000E+00
   1.5572337E+03   2.1120000E+03   1.3510000E+03   0.0000000E+00   0.0000000E+00
   1.5572412E+03   2.0840000E+03   1.2700000E+03   4.3916206E-04   7.2064073E-04
   1.5572487E+03   2.1560000E+03   1.3640000E+03   0.0000000E+00   0.0000000E+00
   1.5572563E+03   2.0660000E+03   1.3160000E+03   1.4039489E-04   2.2040717E-04
   1.5572638E+03   2.0740000E+03   1.3270000E+03   2.6630836E-04   4.1621970E-04
   1.5572713E+03   2.0220000E+03   1.2690000E+03   4.6295214E-04   7.3765897E-04
   1.5572789E+03   2.1310000E+03   1.3580000E+03   0.0000000E+00   0.0000000E+00
   1.5572864E+03   2.1200000E+03   1.3490000E+03   0.0000000E+00   0.0000000E+00
   1.5572939E+03   2.1060000E+03   1.3240000E+03   1.8560785E-05   2.9523424E-05
   1.5573014E+03   2.1100000E+03   1.3530000E+03   4.6774398E-05   7.2944553E-05
   1.5573090E+03   2.1250000E+03   1.3290000E+03   1.2330616E-04   0.0000000E+00
   1.5573165E+03   2.0790000E+03   1.3440000E+03   0.0000000E+00   0.0000000E+00
   1.5573240E+03   2.0720000E+03   1.3140000E+03   2.2374557E-04   3.5281646E-04
   1.5573316E+03   2.0730000E+03   1.3230000E+03   4.4728170E-04   7.0084275E-04
   1.5573391E+03   2.0670000E+03   1.3110000E+03   3.7177604E-04   5.8616406E-04
   1.5573466E+03   2.1230000E+03   1.3710000E+03   4.3040892E-05   6.6649025E-05
   1.5573541E+03   2.0740000E+03   1.3110000E+03   1.1077512E-04   1.7524607E-04
   1.5573617E+03   2.0640000E+03   1.3020000E+03   0.0000000E+00   0.0000000E+00
   1.5573692E+03   2.0700000E+03   1.3090000E+03   6.7102888E-04   7.1898980E-04
   1.5573767E+03   2.0960000E+03   1.3470000E+03   0.0000000E+00   0.0000000E+00
   1.5573842E+03   2.1340000E+03   1.3070000E+03   0.0000000E+00   0.0000000E+00
   1.5573918E+03   2.1030000E+03   1.3580000E+03   4.4369624E-04   6.8710840E-04
   1.5573993E+03   2.0790000E+03   1.3130000E+03   0.0000000E+00   0.0000000E+00
   1.5574068E+03   2.0140000E+03   1.2700000E+03   4.3290486E-04   6.8651212E-04
   1.5574144E+03   2.0260000E+03   1.3200000E+03   0.0000000E+00   0.0000000E+00
   1.5574219E+03   2.1380000E+03   1.3380000E+03   3.6250575E-04   5.7925060E-04
   1.5574294E+03   2.0380000E+03   1.2750000E+03   0.0000000E+00   0.0000000E+00
   1.5574369E+03   2.1030000E+03   1.3410000E+03   0.0000000E+00   0.0000000E+00
   1.5574445E+03   2.0620000E+03   1.3060000E+03   0.0000000E+00   0.0000000E+00
   1.5574520E+03   1.9620000E+03   1.2580000E+03   0.0000000E+00   0.0000000E+00
   1.5574595E+03   2.0190000E+03   1.2930000E+03   0.0000000E+00   0.0000000E+00
   1.5574671E+03   2.0180000E+03   1.2890000E+03   0.0000000E+00   0.0000000E+00
   1.5574746E+03   2.0510000E+03   1.3040000E+03   0.0000000E+00   0.0000000E+00
   1.5574821E+03   2.1240000E+03   1.3490000E+03   3.0628229E-04   0.0000000E+00
   1.5574896E+03   2.1090000E+03   1.3500000E+03   0.0000000E+00   0.0000000E+00
   1.5574972E+03   2.0610000E+03   1.3490000E+03   0.0000000E+00   0.0000000E+00
   1.5575047E+03   2.1350000E+03   1.3550000E+03   0.0000000E+00   0.0000000E+00
   1.5575122E+03   2.0810000E+03   1.3190000E+03   9.3398002E-05   1.4735500E-04
   1.5575198E+03   2.1130000E+03   1.3550000E+03   3.6432273E-04   5.6812836E-04
   1.5575273E+03   2.0260000E+03   1.2960000E+03   0.0000000E+00   0.0000000E+00
   1.5575348E+03   2.1010000E+03   1.3530000E+03   3.7416934E-04   5.2298027E-04
   1.5575423E+03   2.0790000E+03   1.3230000E+03   0.0000000E+00   0.0000000E+00
   1.5575499E+03   1.9890000E+03   1.2410000E+03   5.9975810E-04   9.6125613E-04
   1.5575574E+03   2.0080000E+03   1.2670000E+03   6.7762507E-05   1.9830957E-04
   1.5575649E+03   2.1090000E+03   1.3410000E+03   0.0000000E+00   0.0000000E+00
   1.5575725E+03   2.0640000E+03   1.3140000E+03   0.0000000E+00   0.0000000E+00
   1.5575800E+03   2.0540000E+03   1.2940000E+03   3.7489686E-04   3.7487550E-04
   1.5575875E+03   2.0750000E+03   1.3340000E+03   0.0000000E+00   0.0000000E+00
   1.5575950E+03   2.0380000E+03   1.3280000E+03   0.0000000E+00   0.0000000E+00
   1.5576026E+03   2.0360000E+03   1.2810000E+03   0.0000000E+00   0.0000000E+00
   1.5576101E+03   2.0940000E+03   1.3290000E+03   3.1070296E-04   4.8955003E-04
   1.5576176E+03   2.0460000E+03   1.2680000E+03   0.0000000E+00   0.0000000E+00
   1.5576252E+03   2.0190000E+03   1.3190000E+03   0.0000000E+00   0.0000000E+00
   1.5576327E+03   2.2000000E+03   1.4200000E+03   3.4562719E-04   5.3547875E-04
   1.5576402E+03   2.0130000E+03   1.2770000E+03   0.0000000E+00   0.0000000E+00
   1.5576477E+03   2.0650000E+03   1.3160000E+03   0.0000000E+00   0.0000000E+00
   1.5576553E+03   2.0510000E+03   1.2890000E+03   4.2155360E-05   0.0000000E+00
   1.5576628E+03   2.0580000E+03   1.3330000E+03   0.0000000E+00   0.0000000E+00
   1.5576703E+03   1.9800000E+03   1.2790000E+03   0.0000000E+00   0.0000000E+00
   1.5576779E+03   2.0920000E+03   1.3180000E+03   3.3008853E-04   5.4905157E-04
   1.5576854E+03   2.0710000E+03   1.2550000E+03   1.8089002E-04   2.9850456E-04
   1.5576929E+03   2.0300000E+03   1.2660000E+03   3.0949113E-05   0.0000000E+00
   1.5577004E+03   1.9900000E+03   1.2890000E+03   0.0000000E+00   0.0000000E+00
   1.5577080E+03   2.0420000E+03   1.2990000E+03   2.7557645E-04   4.3320024E-04
   1.5577155E+03   2.0700000E+03   1.2980000E+03   0.0000000E+00   0.0000000E+00
   1.5577230E+03   2.0670000E+03   1.3330000E+03   0.0000000E+00   0.0000000E+00
   1.5577306E+03   2.0300000E+03   1.3130000E+03   3.6864048E-04   3.2382916E-04
   1.5577381E+03   1.9620000E+03   1.2500000E+03   0.0000000E+00   0.0000000E+00
   1.5577456E+03   2.0550000E+03   1.3060000E+03   4.5911575E-04   7.2242180E-04
   1.5577531E+03   2.0210000E+03   1.2750000E+03   0.0000000E+00   0.0000000E+00
   1.5577607E+03   2.0240000E+03   1.2820000E+03   4.6436484E-04   7.3313139E-04
   1.5577682E+03   2.0240000E+03   1.2820000E+03   3.9643387E-04   6.2588312E-04
   1.5577757E+03   2.0480000E+03   1.2970000E+03   0.0000000E+00   0.0000000E+00
   1.5577833E+03   1.9910000E+03   1.2970000E+03   2.1503159E-04   3.3009089E-04
   1.5577908E+03   2.0810000E+03   1.3340000E+03   2.0602651E-04   3.2139518E-04
   1.5577983E+03   2.0810000E+03   1.2930000E+03   1.0925124E-04   1.7583281E-04
   1.5578058E+03   1.9930000E+03   1.2910000E+03   0.0000000E+00   0.0000000E+00
   1.5578134E+03   2.0650000E+03   1.3400000E+03   1.9182120E-04   2.9560505E-04
   1.5578209E+03   2.0150000E+03   1.2640000E+03   1.4247671E-04   2.2712861E-04
   1.5578284E+03   1.9670000E+03   1.2390000E+03   0.0000000E+00   0.0000000E+00
   1.5578359E+03   2.0960000E+03   1.3420000E+03   0.0000000E+00   0.0000000E+00
   1.5578435E+03   2.0330000E+03   1.3070000E+03   0.0000000E+00   0.0000000E+00
   1.5578510E+03   2.0150000E+03   1.2960000E+03   4.6820626E-04   7.2795958E-04
   1.5578585E+03   2.0420000E+03   1.3280000E+03   0.0000000E+00   0.0000000E+00
   1.5578661E+03   2.0220000E+03   1.2700000E+03   0.0000000E+00   0.0000000E+00
   1.5578736E+03   2.0410000E+03   1.3140000E+03   5.8968514E-06   9.1594168E-06
   1.5578811E+03   2.0330000E+03   1.2950000E+03   0.0000000E+00   0.0000000E+00
   1.5578886E+03   2.0340000E+03   1.3060000E+03   0.0000000E+00   0.0000000E+00
   1.5578962E+03   1.9440000E+03   1.2660000E+03   3.8185482E-04   0.0000000E+00
   1.5579037E+03   2.0360000E+03   1.3210000E+03   0.0000000E+00   0.0000000E+00
   1.5579112E+03   2.0640000E+03   1.3240000E+03   0.0000000E+00   0.0000000E+00
   1.5579188E+03   1.9100000E+03   1.1900000E+03   0.0000000E+00   0.0000000E+00
   1.5579263E+03   2.0060000E+03   1.2290000E+03   0.0000000E+00   0.0000000E+00
   1.5579338E+03   2.0160000E+03   1.2820000E+03   0.0000000E+00   0.0000000E+00
   1.5579413E+03   2.0010000E+03   1.2470000E+03   0.0000000E+00   0.0000000E+00
   1.5579489E+03   1.9720000E+03   1.2770000E+03   0.0000000E+00   0.0000000E+00
   1.5579564E+03   1.9840000E+03   1.2790000E+03   0.0000000E+00   0.0000000E+00
   1.5579639E+03   2.0180000E+03   1.3130000E+03   0.0000000E+00   0.0000000E+00
   1.5579715E+03   1.9750000E+03   1.2600000E+03   0.0000000E+00   0.0000000E+00
   1.5579790E+03   1.9650000E+03   1.2540000E+03   0.0000000E+00   0.0000000E+00
   1.5579865E+03   2.0440000E+03   1.2790000E+03   3.5952422E-04   5.7456411E-04
   1.5579940E+03   1.9490000E+03   1.2630000E+03   0.0000000E+00   0.0000000E+00
   1.5580016E+03   1.9640000E+03   1.2020000E+03   0.0000000E+00   0.0000000E+00
   1.5580091E+03   2.0290000E+03   1.2720000E+03   0.0000000E+00   0.0000000E+00
   1.5580166E+03   2.0270000E+03   1.3040000E+03   0.0000000E+00   0.0000000E+00
   1.5580242E+03   1.9840000E+03   1.2190000E+03   3.1454180E-04   5.1193678E-04
   1.5580317E+03   2.0070000E+03   1.2800000E+03   0.0000000E+00   0.0000000E+00
   1.5580392E+03   2.0150000E+03   1.2710000E+03   0.0000000E+00   0.0000000E+00
   1.5580467E+03   2.0430000E+03   1.2880000E+03   0.0000000E+00   0.0000000E+00
   1.5580543E+03   1.8590000E+03   1.1920000E+03   0.0000000E+00   0.0000000E+00
   1.5580618E+03   2.0050000E+03   1.2600000E+03   3.9971027E-04   6.3604690E-04
   1.5580693E+03   1.9900000E+03   1.2460000E+03   0.0000000E+00   0.0000000E+00
   1.5580769E+03   1.9390000E+03   1.2310000E+03   0.0000000E+00   0.0000000E+00
   1.5580844E+03   1.9880000E+03   1.2820000E+03   0.0000000E+00   0.0000000E+00
   1.5580919E+03   1.9030000E+03   1.1780000E+03   3.4471578E-06   5.5687108E-06
   1.5580994E+03   2.0610000E+03   1.2790000E+03   0.0000000E+00   0.0000000E+00
   1.5581070E+03   2.0250000E+03   1.2840000E+03   3.7415515E-04   1.9609814E-04
   1.5581145E+03   1.9600000E+03   1.2500000E+03   0.0000000E+00   0.0000000E+00
   1.5581220E+03   1.9950000E+03   1.2580000E+03   0.0000000E+00   0.0000000E+00
   1.5581296E+03   1.9940000E+03   1.2640000E+03   0.0000000E+00   0.0000000E+00
   1.5581371E+03   1.9780000E+03   1.2780000E+03   2.0422961E-05   0.0000000E+00
   1.5581446E+03   1.9650000E+03   1.2840000E+03   4.4728085E-04   6.8450691E-04
   1.5581521E+03   2.0170000E+03   1.2920000E+03   0.0000000E+00   0.0000000E+00
   1.5581597E+03   1.9780000E+03   1.2720000E+03   7.1050613E-05   1.1048594E-04
   1.5581672E+03   1.9640000E+03   1.1840000E+03   0.0000000E+00   0.0000000E+00
   1.5581747E+03   1.9250000E+03   1.2390000E+03   0.0000000E+00   0.0000000E+00
   1.5581823E+03   1.9810000E+03   1.2990000E+03   0.0000000E+00   0.0000000E+00
   1.5581898E+03   1.9110000E+03   1.2220000E+03   1.7659146E-04   2.7615898E-04
   1.5581973E+03   2.0000000E+03   1.2590000E+03   1.6925636E-04   2.6887428E-04
   1.5582048E+03   1.9580000E+03   1.2410000E+03   0.0000000E+00   0.0000000E+00
   1.5582124E+03   1.9840000E+03   1.2630000E+03   0.0000000E+00   0.0000000E+00
   1.5582199E+03   1.9080000E+03   1.1760000E+03   6.6010508E-05   1.0709868E-04
   1.5582274E+03   1.9330000E+03   1.2070000E+03   0.0000000E+00   0.0000000E+00
   1.5582350E+03   1.9090000E+03   1.2240000E+03   1.7024711E-04   2.6552430E-04
   1.5582425E+03   1.9080000E+03   1.1800000E+03   0.0000000E+00   0.0000000E+00
   1.5582500E+03   1.9430000E+03   1.2490000E+03   3.4421218E-04   5.3547178E-04
   1.5582575E+03   1.9480000E+03   1.2520000E+03   0.0000000E+00   0.0000000E+00
   1.5582651E+03   1.9860000E+03   1.2860000E+03   0.0000000E+00   0.0000000E+00
   1.5582726E+03   1.9960000E+03   1.2590000E+03   0.0000000E+00   0.0000000E+00
   1.5582801E+03   1.9820000E+03   1.2680000E+03   0.0000000E+00   0.0000000E+00
   1.5582876E+03   1.9360000E+03   1.2340000E+03   0.0000000E+00   0.0000000E+00
   1.5582952E+03   1.8890000E+03   1.1700000E+03   0.0000000E+00   0.0000000E+00
   1.5583027E+03   1.9370000E+03   1.2580000E+03   0.0000000E+00   0.0000000E+00
   1.5583102E+03   1.8910000E+03   1.2130000E+03   2.3744828E-04   3.7016875E-04
   1.5583178E+03   2.0100000E+03   1.3070000E+03   0.0000000E+00   0.0000000E+00
   1.5583253E+03   1.9490000E+03   1.2480000E+03   4.1628405E-04   6.5011026E-04
   1.5583328E+03   1.8750000E+03   1.1710000E+03   0.0000000E+00   0.0000000E+00
   1.5583403E+03   1.9300000E+03   1.2540000E+03   4.5942475E-05   7.0708913E-05
   1.5583479E+03   1.9040000E+03   1.2100000E+03   0.0000000E+00   0.0000000E+00
   1.5583554E+03   1.8860000E+03   1.1960000E+03   0.0000000E+00   0.0000000E+00
   1.5583629E+03   1.9510000E+03   1.2380000E+03   0.0000000E+00   0.0000000E+00
   1.5583705E+03   1.9550000E+03   1.2540000E+03   0.0000000E+00   0.0000000E+00
   1.5583780E+03   1.8920000E+03   1.1900000E+03   0.0000000E+00   0.0000000E+00
   1.5583855E+03   1.9860000E+03   1.2370000E+03   3.4477627E-04   5.5353732E-04
   1.5583930E+03   1.9820000E+03   1.2500000E+03   1.8939377E-04   3.0030275E-04
   1.5584006E+03   1.9680000E+03   1.2260000E+03   0.0000000E+00   0.0000000E+00
   1.5584081E+03   2.0150000E+03   1.2910000E+03   0.0000000E+00   0.0000000E+00
   1.5584156E+03   1.8270000E+03   1.1610000E+03   8.2294281E-05   0.0000000E+00
   1.5584232E+03   1.9050000E+03   1.1890000E+03   1.1138864E-04   1.7846540E-04
   1.5584307E+03   1.9160000E+03   1.2130000E+03   0.0000000E+00   0.0000000E+00
   1.5584382E+03   1.9790000E+03   1.2880000E+03   0.0000000E+00   0.0000000E+00
   1.5584457E+03   1.9210000E+03   1.2110000E+03   0.0000000E+00   0.0000000E+00
   1.5584533E+03   1.8920000E+03   1.2130000E+03   0.0000000E+00   0.0000000E+00
   1.5584608E+03   1.9140000E+03   1.2160000E+03   1.3941935E-04   2.1944790E-04
   1.5584683E+03   1.8990000E+03   1.2160000E+03   0.0000000E+00   0.0000000E+00
   1.5584759E+03   1.8490000E+03   1.1590000E+03   0.0000000E+00   0.0000000E+00
   1.5584834E+03   1.9130000E+03   1.1800000E+03   0.0000000E+00   0.0000000E+00
   1.5584909E+03   1.9130000E+03   1.1780000E+03   0.0000000E+00   0.0000000E+00
   1.5584984E+03   1.8750000E+03   1.2010000E+03   4.5126333E-04   0.0000000E+00
   1.5585060E+03   1.8590000E+03   1.1980000E+03   3.9140328E-06   6.0736119E-06
   1.5585135E+03   1.9510000E+03   1.2660000E+03   5.6428686E-05   8.6960796E-05
   1.5585210E+03   1.9530000E+03   1.2740000E+03   0.0000000E+00   0.0000000E+00
   1.5585286E+03   1.8540000E+03   1.1870000E+03   0.0000000E+00   0.0000000E+00
   1.5585361E+03   1.9310000E+03   1.2320000E+03   0.0000000E+00   0.0000000E+00
   1.5585436E+03   1.9360000E+03   1.2260000E+03   0.0000000E+00   0.0000000E+00
   1.5585511E+03   1.8840000E+03   1.2090000E+03   0.0000000E+00   0.0000000E+00
   1.5585587E+03   1.9000000E+03   1.1710000E+03   0.0000000E+00   0.0000000E+00
   1.5585662E+03   1.9190000E+03   1.2020000E+03   0.0000000E+00   0.0000000E+00
   1.5585737E+03   1.9080000E+03   1.1680000E+03   0.0000000E+00   0.0000000E+00
   1.5585813E+03   1.9820000E+03   1.2830000E+03   0.0000000E+00   0.0000000E+00
   1.5585888E+03   1.9430000E+03   1.2450000E+03   0.0000000E+00   0.0000000E+00
   1.5585963E+03   1.8750000E+03   1.1860000E+03   0.0000000E+00   0.0000000E+00
   1.5586038E+03   1.8560000E+03   1.1490000E+03   0.0000000E+00   0.0000000E+00
   1.5586114E+03   1.8760000E+03   1.1730000E+03   0.0000000E+00   0.0000000E+00
   1.5586189E+03   1.8030000E+03   1.1200000E+03   0.0000000E+00   0.0000000E+00
   1.5586264E+03   1.9230000E+03   1.1800000E+03   9.3738083E-05   1.5276130E-04
   1.5586340E+03   1.8790000E+03   1.1930000E+03   2.0960457E-04   3.3013159E-04
   1.5586415E+03   1.9130000E+03   1.2290000E+03   0.0000000E+00   0.0000000E+00
   1.5586490E+03   1.8280000E+03   1.1730000E+03   0.0000000E+00   0.0000000E+00
   1.5586565E+03   1.9000000E+03   1.1690000E+03   0.0000000E+00   0.0000000E+00
   1.5586641E+03   1.8800000E+03   1.1970000E+03   0.0000000E+00   0.0000000E+00
   1.5586716E+03   1.8780000E+03   1.2170000E+03   0.0000000E+00   0.0000000E+00
   1.5586791E+03   1.8650000E+03   1.2150000E+03   0.0000000E+00   0.0000000E+00
   1.5586867E+03   1.9020000E+03   1.1810000E+03   0.0000000E+00   0.0000000E+00
   1.5586942E+03   1.8580000E+03   1.1660000E+03   0.0000000E+00   0.0000000E+00
   1.5587017E+03   1.8830000E+03   1.2550000E+03   0.0000000E+00   0.0000000E+00
   1.5587092E+03   1.8490000E+03   1.1840000E+03   0.0000000E+00   0.0000000E+00
   1.5587168E+03   1.8970000E+03   1.2040000E+03   4.0786881E-04   6.4263050E-04
   1.5587243E+03   1.9120000E+03   1.2320000E+03   0.0000000E+00   0.0000000E+00
   1.5587318E+03   1.9120000E+03   1.1870000E+03   0.0000000E+00   0.0000000E+00
   1.5587393E+03   1.8620000E+03   1.1820000E+03   0.0000000E+00   0.0000000E+00
   1.5587469E+03   1.9150000E+03   1.2110000E+03   0.0000000E+00   0.0000000E+00
   1.5587544E+03   1.8860000E+03   1.1750000E+03   0.0000000E+00   0.0000000E+00
   1.5587619E+03   1.8900000E+03   1.2360000E+03   0.0000000E+00   0.0000000E+00
   1.5587695E+03   1.7920000E+03   1.1490000E+03   0.0000000E+00   0.0000000E+00
   1.5587770E+03   1.8980000E+03   1.1840000E+03   0.0000000E+00   0.0000000E+00
   1.5587845E+03   1.9260000E+03   1.1970000E+03   4.7359388E-04   7.6202323E-04
   1.5587920E+03   1.8570000E+03   1.1890000E+03   0.0000000E+00   0.0000000E+00
   1.5587996E+03   1.8400000E+03   1.1570000E+03   0.0000000E+00   0.0000000E+00
   1.5588071E+03   1.8000000E+03   1.1500000E+03   0.0000000E+00   0.0000000E+00
   1.5588146E+03   1.8170000E+03   1.2120000E+03   5.0126235E-04   7.5147995E-04
   1.5588222E+03   1.7790000E+03   1.1060000E+03   1.9497785E-04   3.1362169E-04
   1.5588297E+03   1.8960000E+03   1.1970000E+03   0.0000000E+00   0.0000000E+00
   1.5588372E+03   1.8650000E+03   1.2100000E+03   0.0000000E+00   0.0000000E+00
   1.5588447E+03   1.9160000E+03   1.2160000E+03   2.1667529E-04   3.4140614E-04
   1.5588523E+03   1.8640000E+03   1.1960000E+03   0.0000000E+00   0.0000000E+00
   1.5588598E+03   1.8790000E+03   1.1850000E+03   0.0000000E+00   0.0000000E+00
   1.5588673E+03   1.8440000E+03   1.1840000E+03   0.0000000E+00   0.0000000E+00
   1.5588749E+03   1.9610000E+03   1.2210000E+03   0.0000000E+00   0.0000000E+00
   1.5588824E+03   1.8870000E+03   1.2560000E+03   0.0000000E+00   0.0000000E+00
   1.5588899E+03   1.8120000E+03   1.1400000E+03   7.8455772E-05   1.2470339E-04
   1.5588974E+03   1.9150000E+03   1.2620000E+03   0.0000000E+00   0.0000000E+00
   1.5589050E+03   1.7800000E+03   1.1110000E+03   0.0000000E+00   0.0000000E+00
   1.5589125E+03   1.8290000E+03   1.1740000E+03   0.0000000E+00   0.0000000E+00
   1.5589200E+03   1.8810000E+03   1.2210000E+03   0.0000000E+00   0.0000000E+00
   1.5589276E+03   1.9280000E+03   1.2150000E+03   2.6294251E-05   0.0000000E+00
   1.5589351E+03   1.8790000E+03   1.2060000E+03   0.0000000E+00   0.0000000E+00
   1.5589426E+03   1.8000000E+03   1.1550000E+03   0.0000000E+00   0.0000000E+00
   1.5589501E+03   1.8200000E+03   1.1350000E+03   3.9860998E-04   6.3918075E-04
   1.5589577E+03   1.8260000E+03   1.1850000E+03   0.0000000E+00   0.0000000E+00
   1.5589652E+03   1.8180000E+03   1.1850000E+03   0.0000000E+00   0.0000000E+00
   1.5589727E+03   1.7940000E+03   1.0900000E+03   2.3298987E-05   3.8347139E-05
   1.5589803E+03   1.8380000E+03   1.1660000E+03   0.0000000E+00   0.0000000E+00
   1.5589878E+03   1.8350000E+03   1.1180000E+03   4.7300879E-04   7.7636058E-04
   1.5589953E+03   1.8860000E+03   1.2000000E+03   2.7818777E-04   4.3721844E-04
   1.5590028E+03   1.8050000E+03   1.1350000E+03   0.0000000E+00   0.0000000E+00
   1.5590104E+03   1.8170000E+03   1.1470000E+03   3.9305648E-04   6.2265355E-04
   1.5590179E+03   1.8010000E+03   1.1380000E+03   0.0000000E+00   0.0000000E+00
   1.5590254E+03   1.7940000E+03   1.1080000E+03   4.2358658E-04   6.8584325E-04
   1.5590330E+03   1.7930000E+03   1.1400000E+03   0.0000000E+00   0.0000000E+00
   1.5590405E+03   1.8310000E+03   1.1880000E+03   0.0000000E+00   0.0000000E+00
   1.5590480E+03   1.8210000E+03   1.1490000E+03   0.0000000E+00   0.0000000E+00
   1.5590555E+03   1.8140000E+03   1.1220000E+03   0.0000000E+00   0.0000000E+00
   1.5590631E+03   1.7050000E+03   1.0740000E+03   0.0000000E+00   0.0000000E+00
   1.5590706E+03   1.8430000E+03   1.1670000E+03   2.5755565E-04   4.0674812E-04
   1.5590781E+03   1.7580000E+03   1.0890000E+03   2.1475457E-04   3.4668369E-04
   1.5590857E+03   1.8340000E+03   1.1700000E+03   0.0000000E+00   0.0000000E+00
   1.5590932E+03   1.7950000E+03   1.1930000E+03   0.0000000E+00   0.0000000E+00
   1.5591007E+03   1.8940000E+03   1.2360000E+03   0.0000000E+00   0.0000000E+00
   1.5591082E+03   1.8050000E+03   1.1160000E+03   0.0000000E+00   0.0000000E+00
   1.5591158E+03   1.7600000E+03   1.1270000E+03   0.0000000E+00   0.0000000E+00
   1.5591233E+03   1.7520000E+03   1.1130000E+03   0.0000000E+00   0.0000000E+00
   1.5591308E+03   1.8370000E+03   1.1850000E+03   2.0139186E-04   3.1219988E-04
   1.5591384E+03   1.8320000E+03   1.1350000E+03   0.0000000E+00   0.0000000E+00
   1.5591459E+03   1.8230000E+03   1.1360000E+03   1.5760096E-04   2.5291070E-04
   1.5591534E+03   1.7880000E+03   1.1540000E+03   0.0000000E+00   0.0000000E+00
   1.5591609E+03   1.8230000E+03   1.1310000E+03   0.0000000E+00   0.0000000E+00
   1.5591685E+03   1.7910000E+03   1.1290000E+03   0.0000000E+00   0.0000000E+00
   1.5591760E+03   1.7180000E+03   1.0770000E+03   0.0000000E+00   0.0000000E+00
   1.5591835E+03   1.8190000E+03   1.1350000E+03   0.0000000E+00   0.0000000E+00
   1.5591910E+03   1.8000000E+03   1.1700000E+03   5.0672846E-04   7.7958225E-04
   1.5591986E+03   1.7930000E+03   1.1440000E+03   0.0000000E+00   0.0000000E+00
   1.5592061E+03   1.7780000E+03   1.1390000E+03   0.0000000E+00   0.0000000E+00
   1.5592136E+03   1.9030000E+03   1.1960000E+03   0.0000000E+00   0.0000000E+00
   1.5592212E+03   1.8030000E+03   1.1280000E+03   0.0000000E+00   0.0000000E+00
   1.5592287E+03   1.7530000E+03   1.0810000E+03   0.0000000E+00   0.0000000E+00
   1.5592362E+03   1.8010000E+03   1.1350000E+03   0.0000000E+00   0.0000000E+00
   1.5592437E+03   1.8320000E+03   1.1340000E+03   9.6337713E-05   1.5563553E-04
   1.5592513E+03   1.8710000E+03   1.1860000E+03   1.8204944E-06   0.0000000E+00
   1.5592588E+03   1.7550000E+03   1.1310000E+03   0.0000000E+00   0.0000000E+00
   1.5592663E+03   1.7320000E+03   1.0760000E+03   0.0000000E+00   0.0000000E+00
   1.5592739E+03   1.7640000E+03   1.0980000E+03   1.3931900E-04   0.0000000E+00
   1.5592814E+03   1.8100000E+03   1.2230000E+03   0.0000000E+00   0.0000000E+00
   1.5592889E+03   1.8260000E+03   1.1400000E+03   0.0000000E+00   0.0000000E+00
   1.5592964E+03   1.8010000E+03   1.1640000E+03   0.0000000E+00   0.0000000E+00
   1.5593040E+03   1.7200000E+03   1.0780000E+03   6.5652875E-05   0.0000000E+00
   1.5593115E+03   1.8280000E+03   1.1280000E+03   0.0000000E+00   0.0000000E+00
   1.5593190E+03   1.7550000E+03   1.1440000E+03   3.4571074E-04   5.3035170E-04
   1.5593266E+03   1.7150000E+03   1.0720000E+03   0.0000000E+00   0.0000000E+00
   1.5593341E+03   1.7390000E+03   1.1120000E+03   0.0000000E+00   0.0000000E+00
   1.5593416E+03   1.7250000E+03   1.0850000E+03   5.2306997E-05   8.3160894E-05
   1.5593491E+03   1.7570000E+03   1.1330000E+03   5.0519779E-04   7.8343558E-04
   1.5593567E+03   1.7850000E+03   1.1640000E+03   0.0000000E+00   0.0000000E+00
   1.5593642E+03   1.7990000E+03   1.1500000E+03   0.0000000E+00   0.0000000E+00
   1.5593717E+03   1.6640000E+03   1.0470000E+03   5.5436486E-04   8.8105360E-04
   1.5593793E+03   1.7190000E+03   1.0920000E+03   0.0000000E+00   0.0000000E+00
   1.5593868E+03   1.7580000E+03   1.1090000E+03   0.0000000E+00   0.0000000E+00
   1.5593943E+03   1.6770000E+03   1.0720000E+03   0.0000000E+00   0.0000000E+00
   1.5594018E+03   1.7890000E+03   1.1690000E+03   0.0000000E+00   0.0000000E+00
   1.5594094E+03   1.7530000E+03   1.1070000E+03   0.0000000E+00   0.0000000E+00
   1.5594169E+03   1.7780000E+03   1.1370000E+03   0.0000000E+00   0.0000000E+00
   1.5594244E+03   1.7320000E+03   1.0910000E+03   4.3793823E-04   6.9524199E-04
   1.5594320E+03   1.7220000E+03   1.0820000E+03   0.0000000E+00   0.0000000E+00
   1.5594395E+03   1.7430000E+03   1.1050000E+03   0.0000000E+00   0.0000000E+00
   1.5594470E+03   1.6850000E+03   1.0530000E+03   0.0000000E+00   0.0000000E+00
   1.5594545E+03   1.7430000E+03   1.1100000E+03   0.0000000E+00   0.0000000E+00
   1.5594621E+03   1.7190000E+03   1.1080000E+03   0.0000000E+00   0.0000000E+00
   1.5594696E+03   1.7390000E+03   1.0520000E+03   0.0000000E+00   0.0000000E+00
   1.5594771E+03   1.6650000E+03   1.0980000E+03   0.0000000E+00   0.0000000E+00
   1.5594847E+03   1.7740000E+03   1.1440000E+03   1.2026794E-04   1.8649940E-04
   1.5594922E+03   1.7580000E+03   1.1460000E+03   6.0868943E-04   9.3374871E-04
   1.5594997E+03   1.7670000E+03   1.1100000E+03   0.0000000E+00   0.0000000E+00
   1.5595072E+03   1.7210000E+03   1.1250000E+03   0.0000000E+00   0.0000000E+00
   1.5595148E+03   1.7260000E+03   1.1220000E+03   0.0000000E+00   0.0000000E+00
   1.5595223E+03   1.7560000E+03   1.1160000E+03   0.0000000E+00   0.0000000E+00
   1.5595298E+03   1.7250000E+03   1.0870000E+03   0.0000000E+00   0.0000000E+00
   1.5595374E+03   1.7490000E+03   1.1110000E+03   0.0000000E+00   0.0000000E+00
   1.5595449E+03   1.7660000E+03   1.1210000E+03   0.0000000E+00   0.0000000E+00
   1.5595524E+03   1.6870000E+03   1.0690000E+03   0.0000000E+00   0.0000000E+00
   1.5595599E+03   1.7420000E+03   1.1360000E+03   5.2831249E-04   8.1014116E-04
   1.5595675E+03   1.6550000E+03   1.0640000E+03   2.7469868E-04   0.0000000E+00
   1.5595750E+03   1.7490000E+03   1.1370000E+03   0.0000000E+00   0.0000000E+00
   1.5595825E+03   1.7630000E+03   1.1710000E+03   0.0000000E+00   0.0000000E+00
   1.5595901E+03   1.7370000E+03   1.1280000E+03   0.0000000E+00   0.0000000E+00
   1.5595976E+03   1.8060000E+03   1.1050000E+03   0.0000000E+00   0.0000000E+00
   1.5596051E+03   1.6350000E+03   1.0360000E+03   0.0000000E+00   0.0000000E+00
   1.5596126E+03   1.6690000E+03   1.0640000E+03   0.0000000E+00   0.0000000E+00
   1.5596202E+03   1.7520000E+03   1.1300000E+03   0.0000000E+00   0.0000000E+00
   1.5596277E+03   1.7180000E+03   1.1110000E+03   3.6313278E-04   0.0000000E+00
   1.5596352E+03   1.7180000E+03   1.0820000E+03   6.1582112E-04   9.7780101E-04
   1.5596427E+03   1.7420000E+03   1.1210000E+03   0.0000000E+00   0.0000000E+00
   1.5596503E+03   1.7330000E+03   1.0990000E+03   0.0000000E+00   0.0000000E+00
   1.5596578E+03   1.6880000E+03   1.0470000E+03   0.0000000E+00   0.0000000E+00
   1.5596653E+03   1.6970000E+03   1.0540000E+03   0.0000000E+00   0.0000000E+00
   1.5596729E+03   1.6050000E+03   1.0400000E+03   0.0000000E+00   0.0000000E+00
   1.5596804E+03   1.7610000E+03   1.1380000E+03   3.0249735E-04   4.6810004E-04
   1.5596879E+03   1.7290000E+03   1.1280000E+03   0.0000000E+00   0.0000000E+00
   1.5596954E+03   1.7540000E+03   1.0920000E+03   0.0000000E+00   0.0000000E+00
   1.5597030E+03   1.6850000E+03   1.0720000E+03   2.5041722E-04   3.9361289E-04
   1.5597105E+03   1.7310000E+03   1.1080000E+03   0.0000000E+00   0.0000000E+00
   1.5597180E+03   1.7490000E+03   1.1160000E+03   0.0000000E+00   0.0000000E+00
   1.5597256E+03   1.6800000E+03   1.1000000E+03   0.0000000E+00   0.0000000E+00
   1.5597331E+03   1.7000000E+03   1.0550000E+03   0.0000000E+00   0.0000000E+00
   1.5597406E+03   1.6370000E+03   1.0210000E+03   5.7459074E-04   9.2125861E-04
   1.5597481E+03   1.6670000E+03   1.0610000E+03   0.0000000E+00   0.0000000E+00
   1.5597557E+03   1.7250000E+03   1.0870000E+03   2.5729272E-04   4.0830722E-04
   1.5597632E+03   1.6720000E+03   1.0330000E+03   0.0000000E+00   0.0000000E+00
   1.5597707E+03   1.6810000E+03   1.0650000E+03   0.0000000E+00   0.0000000E+00
   1.5597783E+03   1.6510000E+03   1.0310000E+03   0.0000000E+00   0.0000000E+00
   1.5597858E+03   1.6870000E+03   1.0800000E+03   0.0000000E+00   0.0000000E+00
   1.5597933E+03   1.7280000E+03   1.1110000E+03   0.0000000E+00   0.0000000E+00
   1.5598008E+03   1.7010000E+03   1.0850000E+03   0.0000000E+00   0.0000000E+00
   1.5598084E+03   1.6760000E+03   1.0840000E+03   0.0000000E+00   0.0000000E+00
   1.5598159E+03   1.7030000E+03   1.0440000E+03   0.0000000E+00   0.0000000E+00
   1.5598234E+03   1.7000000E+03   1.0580000E+03   0.0000000E+00   0.0000000E+00
   1.5598310E+03   1.6890000E+03   1.0530000E+03   0.0000000E+00   0.0000000E+00
   1.5598385E+03   1.7930000E+03   1.1400000E+03   0.0000000E+00   0.0000000E+00
   1.5598460E+03   1.6950000E+03   1.0770000E+03   4.0050331E-04   6.3031858E-04
   1.5598535E+03   1.6270000E+03   1.0500000E+03   0.0000000E+00   0.0000000E+00
   1.5598611E+03   1.6830000E+03   1.0720000E+03   0.0000000E+00   0.0000000E+00
   1.5598686E+03   1.6410000E+03   1.0420000E+03   5.4531820E-04   8.5879766E-04
   1.5598761E+03   1.7440000E+03   1.1060000E+03   0.0000000E+00   0.0000000E+00
   1.5598837E+03   1.6630000E+03   1.0740000E+03   0.0000000E+00   0.0000000E+00
   1.5598912E+03   1.6760000E+03   1.0540000E+03   0.0000000E+00   0.0000000E+00
   1.5598987E+03   1.6000000E+03   1.0380000E+03   4.0327446E-04   6.2161767E-04
   1.5599062E+03   1.6340000E+03   1.0300000E+03   6.1321010E-04   9.7280127E-04
   1.5599138E+03   1.6480000E+03   1.0800000E+03   0.0000000E+00   0.0000000E+00
   1.5599213E+03   1.6720000E+03   1.0850000E+03   0.0000000E+00   0.0000000E+00
   1.5599288E+03   1.6960000E+03   1.0650000E+03   3.2586866E-04   0.0000000E+00
   1.5599364E+03   1.6710000E+03   1.0400000E+03   0.0000000E+00   0.0000000E+00
   1.5599439E+03   1.7230000E+03   1.0920000E+03   4.5380921E-04   7.1603779E-04
   1.5599514E+03   1.6630000E+03   1.0470000E+03   0.0000000E+00   0.0000000E+00
   1.5599589E+03   1.7180000E+03   1.0740000E+03   2.7016278E-04   4.3215982E-04
   1.5599665E+03   1.7010000E+03   1.0290000E+03   0.0000000E+00   0.0000000E+00
   1.5599740E+03   1.6370000E+03   1.0250000E+03   1.3819763E-04   2.2071173E-04
   1.5599815E+03   1.6690000E+03   1.0520000E+03   0.0000000E+00   0.0000000E+00
   1.5599891E+03   1.6530000E+03   1.0460000E+03   0.0000000E+00   0.0000000E+00
   1.5599966E+03   1.6840000E+03   1.0680000E+03   0.0000000E+00   0.0000000E+00
   1.5600041E+03   1.6890000E+03   1.0970000E+03   0.0000000E+00   0.0000000E+00
   1.5600116E+03   1.6300000E+03   1.0360000E+03   3.6132764E-04   5.6849812E-04
   1.5600192E+03   1.6550000E+03   1.0580000E+03   0.0000000E+00   0.0000000E+00
   1.5600267E+03   1.6330000E+03   1.0320000E+03   0.0000000E+00   0.0000000E+00
   1.5600342E+03   1.6590000E+03   1.0590000E+03   0.0000000E+00   0.0000000E+00
   1.5600418E+03   1.6800000E+03   1.0330000E+03   0.0000000E+00   0.0000000E+00
   1.5600493E+03   1.6280000E+03   1.0490000E+03   0.0000000E+00   0.0000000E+00
   1.5600568E+03   1.6170000E+03   1.0370000E+03   0.0000000E+00   0.0000000E+00
   1.5600643E+03   1.5690000E+03   1.0100000E+03   0.0000000E+00   0.0000000E+00
   1.5600719E+03   1.6340000E+03   1.0370000E+03   0.0000000E+00   0.0000000E+00
   1.5600794E+03   1.6580000E+03   1.0610000E+03   0.0000000E+00   0.0000000E+00
   1.5600869E+03   1.6700000E+03   1.0400000E+03   5.8092326E-04   9.3282870E-04
   1.5600944E+03   1.6270000E+03   1.0330000E+03   4.0012322E-04   6.3020376E-04
   1.5601020E+03   1.6520000E+03   1.0560000E+03   0.0000000E+00   0.0000000E+00
   1.5601095E+03   1.6410000E+03   1.0350000E+03   0.0000000E+00   0.0000000E+00
   1.5601170E+03   1.5860000E+03   9.9100000E+02   0.0000000E+00   0.0000000E+00
   1.5601246E+03   1.6550000E+03   1.0630000E+03   0.0000000E+00   0.0000000E+00
   1.5601321E+03   1.6580000E+03   1.0790000E+03   5.7056276E-04   8.7673129E-04
   1.5601396E+03   1.6450000E+03   1.0480000E+03   0.0000000E+00   0.0000000E+00
   1.5601471E+03   1.6600000E+03   1.0800000E+03   0.0000000E+00   0.0000000E+00
   1.5601547E+03   1.5560000E+03   9.8800000E+02   0.0000000E+00   0.0000000E+00
   1.5601622E+03   1.5770000E+03   1.0220000E+03   0.0000000E+00   0.0000000E+00
   1.5601697E+03   1.6630000E+03   1.0500000E+03   0.0000000E+00   0.0000000E+00
   1.5601773E+03   1.5350000E+03   9.6700000E+02   0.0000000E+00   0.0000000E+00
   1.5601848E+03   1.5170000E+03   9.2800000E+02   0.0000000E+00   0.0000000E+00
   1.5601923E+03   1.6180000E+03   1.0530000E+03   4.0308611E-04   6.1936688E-04
   1.5601998E+03   1.6480000E+03   1.0200000E+03   0.0000000E+00   0.0000000E+00
   1.5602074E+03   1.5740000E+03   1.0230000E+03   0.0000000E+00   0.0000000E+00
   1.5602149E+03   1.6080000E+03   1.0520000E+03   0.0000000E+00   0.0000000E+00
   1.5602224E+03   1.6590000E+03   1.0830000E+03   0.0000000E+00   0.0000000E+00
   1.5602300E+03   1.5500000E+03   9.6800000E+02   0.0000000E+00   0.0000000E+00
   1.5602375E+03   1.6180000E+03   1.0400000E+03   3.3699151E-04   5.2428101E-04
   1.5602450E+03   1.5600000E+03   9.8600000E+02   0.0000000E+00   0.0000000E+00
   1.5602525E+03   1.6630000E+03   1.0410000E+03   0.0000000E+00   0.0000000E+00
   1.5602601E+03   1.5960000E+03   9.8800000E+02   1.5706100E-04   2.5371392E-04
   1.5602676E+03   1.6100000E+03   9.9000000E+02   0.0000000E+00   0.0000000E+00
   1.5602751E+03   1.6290000E+03   1.0500000E+03   0.0000000E+00   0.0000000E+00
   1.5602827E+03   1.6260000E+03   1.0350000E+03   0.0000000E+00   0.0000000E+00
   1.5602902E+03   1.6990000E+03   1.0830000E+03   0.0000000E+00   0.0000000E+00
   1.5602977E+03   1.6190000E+03   1.0140000E+03   0.0000000E+00   0.0000000E+00
   1.5603052E+03   1.6200000E+03   1.0300000E+03   0.0000000E+00   0.0000000E+00
   1.5603128E+03   1.5660000E+03   9.9100000E+02   0.0000000E+00   0.0000000E+00
   1.5603203E+03   1.5780000E+03   1.0210000E+03   0.0000000E+00   0.0000000E+00
   1.5603278E+03   1.6450000E+03   1.0480000E+03   0.0000000E+00   0.0000000E+00
   1.5603354E+03   1.6860000E+03   1.0610000E+03   1.3606007E-04   2.1620856E-04
   1.5603429E+03   1.5770000E+03   1.0060000E+03   0.0000000E+00   0.0000000E+00
   1.5603504E+03   1.6110000E+03   9.8800000E+02   0.0000000E+00   0.0000000E+00
   1.5603579E+03   1.6010000E+03   1.0180000E+03   0.0000000E+00   0.0000000E+00
   1.5603655E+03   1.5610000E+03   9.9900000E+02   5.9493631E-04   9.2962521E-04
   1.5603730E+03   1.6120000E+03   1.0140000E+03   0.0000000E+00   0.0000000E+00
   1.5603805E+03   1.5050000E+03   9.4800000E+02   0.0000000E+00   0.0000000E+00
   1.5603881E+03   1.6180000E+03   1.0310000E+03   0.0000000E+00   0.0000000E+00
   1.5603956E+03   1.5940000E+03   1.0380000E+03   0.0000000E+00   0.0000000E+00
   1.5604031E+03   1.6380000E+03   1.0080000E+03   0.0000000E+00   0.0000000E+00
   1.5604106E+03   1.6050000E+03   1.0700000E+03   0.0000000E+00   0.0000000E+00
   1.5604182E+03   1.6200000E+03   1.0490000E+03   0.0000000E+00   0.0000000E+00
   1.5604257E+03   1.6690000E+03   1.0370000E+03   0.0000000E+00   0.0000000E+00
   1.5604332E+03   1.6070000E+03   1.0230000E+03   0.0000000E+00   0.0000000E+00
   1.5604408E+03   1.6080000E+03   1.0330000E+03   0.0000000E+00   0.0000000E+00
   1.5604483E+03   1.6060000E+03   1.0060000E+03   0.0000000E+00   0.0000000E+00
   1.5604558E+03   1.6000000E+03   9.9300000E+02   0.0000000E+00   0.0000000E+00
   1.5604633E+03   1.5050000E+03   9.5100000E+02   0.0000000E+00   0.0000000E+00
   1.5604709E+03   1.5210000E+03   1.0090000E+03   0.0000000E+00   0.0000000E+00
   1.5604784E+03   1.6110000E+03   1.0350000E+03   0.0000000E+00   0.0000000E+00
   1.5604859E+03   1.5040000E+03   9.7000000E+02   0.0000000E+00   0.0000000E+00
   1.5604935E+03   1.5690000E+03   9.7900000E+02   0.0000000E+00   0.0000000E+00
   1.5605010E+03   1.5510000E+03   1.0040000E+03   0.0000000E+00   0.0000000E+00
   1.5605085E+03   1.5480000E+03   9.6200000E+02   0.0000000E+00   0.0000000E+00
   1.5605160E+03   1.6380000E+03   1.0440000E+03   1.0170024E-04   1.5956417E-04
   1.5605236E+03   1.5710000E+03   9.9600000E+02   0.0000000E+00   0.0000000E+00
   1.5605311E+03   1.6020000E+03   1.0590000E+03   2.7447789E-04   4.1521584E-04
   1.5605386E+03   1.5730000E+03   1.0160000E+03   0.0000000E+00   0.0000000E+00
   1.5605461E+03   1.5670000E+03   9.9300000E+02   0.0000000E+00   0.0000000E+00
   1.5605537E+03   1.6490000E+03   1.0510000E+03   0.0000000E+00   0.0000000E+00
   1.5605612E+03   1.5970000E+03   9.7900000E+02   0.0000000E+00   0.0000000E+00
   1.5605687E+03   1.6020000E+03   1.0640000E+03   0.0000000E+00   0.0000000E+00
   1.5605763E+03   1.5530000E+03   9.7200000E+02   2.3476668E-04   3.7509532E-04
   1.5605838E+03   1.5730000E+03   1.0160000E+03   0.0000000E+00   0.0000000E+00
   1.5605913E+03   1.5930000E+03   1.0190000E+03   0.0000000E+00   0.0000000E+00
   1.5605988E+03   1.5910000E+03   1.0220000E+03   0.0000000E+00   0.0000000E+00
   1.5606064E+03   1.5370000E+03   9.9000000E+02   0.0000000E+00   0.0000000E+00
   1.5606139E+03   1.5380000E+03   9.8700000E+02   0.0000000E+00   0.0000000E+00
   1.5606214E+03   1.4920000E+03   9.3300000E+02   0.0000000E+00   0.0000000E+00
   1.5606290E+03   1.4480000E+03   9.0300000E+02   0.0000000E+00   0.0000000E+00
   1.5606365E+03   1.5240000E+03   9.7600000E+02   0.0000000E+00   0.0000000E+00
   1.5606440E+03   1.5940000E+03   9.8700000E+02   0.0000000E+00   0.0000000E+00
   1.5606515E+03   1.5850000E+03   9.9200000E+02   0.0000000E+00   0.0000000E+00
   1.5606591E+03   1.5020000E+03   9.4400000E+02   0.0000000E+00   0.0000000E+00
   1.5606666E+03   1.5840000E+03   9.8600000E+02   0.0000000E+00   0.0000000E+00
   1.5606741E+03   1.5490000E+03   1.0320000E+03   0.0000000E+00   0.0000000E+00
   1.5606817E+03   1.5020000E+03   9.4800000E+02   0.0000000E+00   0.0000000E+00
   1.5606892E+03   1.5450000E+03   9.4400000E+02   1.3493444E-04   2.2084080E-04
   1.5606967E+03   1.5300000E+03   9.7500000E+02   0.0000000E+00   0.0000000E+00
   1.5607042E+03   1.5080000E+03   9.1800000E+02   5.5004704E-04   9.0356311E-04
   1.5607118E+03   1.5100000E+03   9.6200000E+02   6.3671587E-04   9.9941888E-04
   1.5607193E+03   1.5490000E+03   9.8900000E+02   6.3076983E-04   9.8792969E-04
   1.5607268E+03   1.5700000E+03   9.9800000E+02   0.0000000E+00   0.0000000E+00
   1.5607344E+03   1.5460000E+03   9.7500000E+02   0.0000000E+00   0.0000000E+00
   1.5607419E+03   1.5350000E+03   9.9700000E+02   6.2096352E-04   9.5604714E-04
   1.5607494E+03   1.4650000E+03   9.5000000E+02   0.0000000E+00   0.0000000E+00
   1.5607569E+03   1.5050000E+03   9.3900000E+02   0.0000000E+00   0.0000000E+00
   1.5607645E+03   1.5240000E+03   9.8200000E+02   0.0000000E+00   0.0000000E+00
   1.5607720E+03   1.5150000E+03   9.4800000E+02   0.0000000E+00   0.0000000E+00
