   1.5381945E+03   0.0000000E+00   0.0000000E+00   0.0000000E+00   0.0000000E+00
   1.5382021E+03   0.0000000E+00   0.0000000E+00   0.0000000E+00   0.0000000E+00
   1.5382096E+03   0.0000000E+00   0.0000000E+00   0.0000000E+00   0.0000000E+00
   1.5382171E+03   0.0000000E+00   0.0000000E+00   0.0000000E+00   0.0000000E+00
   1.5382246E+03   0.0000000E+00   0.0000000E+00   0.0000000E+00   0.0000000E+00
   1.5382322E+03   0.0000000E+00   0.0000000E+00   0.0000000E+00   0.0000000E+00
   1.5382397E+03   0.0000000E+00   0.0000000E+00   0.0000000E+00   0.0000000E+00
   1.5382472E+03   0.0000000E+00   0.0000000E+00   0.0000000E+00   0.0000000E+00
   1.5382548E+03   0.0000000E+00   0.0000000E+00   0.0000000E+00   0.0000000E+00
   1.5382623E+03   0.0000000E+00   0.0000000E+00   0.0000000E+00   0.0000000E+00
   1.5382698E+03   0.0000000E+00   0.0000000E+00   0.0000000E+00   0.0000000E+00
   1.5382773E+03   0.0000000E+00   0.0000000E+00   0.0000000E+00   0.0000000E+00
   1.5382849E+03   0.0000000E+00   0.0000000E+00   0.0000000E+00   0.0000000E+00
   1.5382924E+03   0.0000000E+00   0.0000000E+00   0.0000000E+00   0.0000000E+00
   1.5382999E+03   0.0000000E+00   0.0000000E+00   0.0000000E+00   0.0000000E+00
   1.5383075E+03   0.0000000E+00   0.0000000E+00   0.0000000E+00   0.0000000E+00
   1.5383150E+03   0.0000000E+00   0.0000000E+00   0.0000000E+00   0.0000000E+00
   1.5383225E+03   0.0000000E+00   0.0000000E+00   0.0000000E+00   0.0000000E+00
   1.5383300E+03   0.0000000E+00   0.0000000E+00   0.0000000E+00   0.0000000E+00
   1.5383376E+03   0.0000000E+00   0.0000000E+00   0.0000000E+00   0.0000000E+00
   1.5383451E+03   0.0000000E+00   0.0000000E+00   0.0000000E+00   0.0000000E+00
   1.5383526E+03   0.0000000E+00   0.0000000E+00   0.0000000E+00   0.0000000E+00
   1.5383602E+03   0.0000000E+00   0.0000000E+00   0.0000000E+00   0.0000000E+00
   1.5383677E+03   0.0000000E+00   0.0000000E+00   0.0000000E+00   0.0000000E+00
   1.5383752E+03   0.0000000E+00   0.0000000E+00   0.0000000E+00   0.0000000E+00
   1.5383827E+03   0.0000000E+00   0.0000000E+00   0.0000000E+00   0.0000000E+00
   1.5383903E+03   0.0000000E+00   0.0000000E+00   0.0000000E+00   0.0000000E+00
   1.5383978E+03   0.0000000E+00   0.0000000E+00   0.0000000E+00   0.0000000E+00
   1.5384053E+03   0.0000000E+00   0.0000000E+00   0.0000000E+00   0.0000000E+00
   1.5384128E+03   0.0000000E+00   0.0000000E+00   0.0000000E+00   0.0000000E+00
   1.5384204E+03   0.0000000E+00   0.0000000E+00   0.0000000E+00   0.0000000E+00
   1.5384279E+03   0.0000000E+00   0.0000000E+00   0.0000000E+00   0.0000000E+00
   1.5384354E+03   0.0000000E+00   0.0000000E+00   0.0000000E+00   0.0000000E+00
   1.5384430E+03   0.0000000E+00   0.0000000E+00   0.0000000E+00   0.0000000E+00
   1.5384505E+03   0.0000000E+00   0.0000000E+00   0.0000000E+00   0.0000000E+00
   1.5384580E+03   0.0000000E+00   0.0000000E+00   0.0000000E+00   0.0000000E+00
   1.5384655E+03   0.0000000E+00   0.0000000E+00   0.0000000E+00   0.0000000E+00
   1.5384731E+03   0.0000000E+00   0.0000000E+00   0.0000000E+00   0.0000000E+00
   1.5384806E+03   0.0000000E+00   0.0000000E+00   0.0000000E+00   0.0000000E+00
   1.5384881E+03   0.0000000E+00   0.0000000E+00   0.0000000E+00   0.0000000E+00
   1.5384957E+03   0.0000000E+00   0.0000000E+00   0.0000000E+00   0.0000000E+00
   1.5385032E+03   0.0000000E+00   0.0000000E+00   0.0000000E+00   0.0000000E+00
   1.5385107E+03   0.0000000E+00   0.0000000E+00   0.0000000E+00   0.0000000E+00
   1.5385182E+03   0.0000000E+00   0.0000000E+00   0.0000000E+00   0.0000000E+00
   1.5385258E+03   0.0000000E+00   0.0000000E+00   0.0000000E+00   0.0000000E+00
   1.5385333E+03   0.0000000E+00   0.0000000E+00   0.0000000E+00   0.0000000E+00
   1.5385408E+03   0.0000000E+00   0.0000000E+00   0.0000000E+00   0.0000000E+00
   1.5385484E+03   0.0000000E+00   0.0000000E+00   0.0000000E+00   0.0000000E+00
   1.5385559E+03   0.0000000E+00   0.0000000E+00   0.0000000E+00   0.0000000E+00
   1.5385634E+03   0.0000000E+00   0.0000000E+00   0.0000000E+00   0.0000000E+00
   1.5385709E+03   0.0000000E+00   0.0000000E+00   0.0000000E+00   0.0000000E+00
   1.5385785E+03   0.0000000E+00   0.0000000E+00   0.0000000E+00   0.0000000E+00
   1.5385860E+03   0.0000000E+00   0.0000000E+00   0.0000000E+00   0.0000000E+00
   1.5385935E+03   0.0000000E+00   0.0000000E+00   0.0000000E+00   0.0000000E+00
   1.5386011E+03   0.0000000E+00   0.0000000E+00   0.0000000E+00   0.0000000E+00
   1.5386086E+03   0.0000000E+00   0.0000000E+00   0.0000000E+00   0.0000000E+00
   1.5386161E+03   0.0000000E+00   0.0000000E+00   0.0000000E+00   0.0000000E+00
   1.5386236E+03   0.0000000E+00   0.0000000E+00   0.0000000E+00   0.0000000E+00
   1.5386312E+03   0.0000000E+00   0.0000000E+00   0.0000000E+00   0.0000000E+00
   1.5386387E+03   0.0000000E+00   0.0000000E+00   0.0000000E+00   0.0000000E+00
   1.5386462E+03   0.0000000E+00   0.0000000E+00   0.0000000E+00   0.0000000E+00
   1.5386538E+03   0.0000000E+00   0.0000000E+00   0.0000000E+00   0.0000000E+00
   1.5386613E+03   0.0000000E+00   0.0000000E+00   0.0000000E+00   0.0000000E+00
   1.5386688E+03   0.0000000E+00   0.0000000E+00   0.0000000E+00   0.0000000E+00
   1.5386763E+03   0.0000000E+00   0.0000000E+00   0.0000000E+00   0.0000000E+00
   1.5386839E+03   0.0000000E+00   0.0000000E+00   0.0000000E+00   0.0000000E+00
   1.5386914E+03   0.0000000E+00   0.0000000E+00   0.0000000E+00   0.0000000E+00
   1.5386989E+03   0.0000000E+00   0.0000000E+00   0.0000000E+00   0.0000000E+00
   1.5387065E+03   0.0000000E+00   0.0000000E+00   0.0000000E+00   0.0000000E+00
   1.5387140E+03   0.0000000E+00   0.0000000E+00   0.0000000E+00   0.0000000E+00
   1.5387215E+03   0.0000000E+00   0.0000000E+00   0.0000000E+00   0.0000000E+00
   1.5387290E+03   0.0000000E+00   0.0000000E+00   0.0000000E+00   0.0000000E+00
   1.5387366E+03   0.0000000E+00   0.0000000E+00   0.0000000E+00   0.0000000E+00
   1.5387441E+03   0.0000000E+00   0.0000000E+00   0.0000000E+00   0.0000000E+00
   1.5387516E+03   0.0000000E+00   0.0000000E+00   0.0000000E+00   0.0000000E+00
   1.5387592E+03   0.0000000E+00   0.0000000E+00   0.0000000E+00   0.0000000E+00
   1.5387667E+03   0.0000000E+00   0.0000000E+00   0.0000000E+00   0.0000000E+00
   1.5387742E+03   0.0000000E+00   0.0000000E+00   0.0000000E+00   0.0000000E+00
   1.5387817E+03   0.0000000E+00   0.0000000E+00   0.0000000E+00   0.0000000E+00
   1.5387893E+03   0.0000000E+00   0.0000000E+00   0.0000000E+00   0.0000000E+00
   1.5387968E+03   0.0000000E+00   0.0000000E+00   0.0000000E+00   0.0000000E+00
   1.5388043E+03   0.0000000E+00   0.0000000E+00   0.0000000E+00   0.0000000E+00
   1.5388119E+03   0.0000000E+00   0.0000000E+00   0.0000000E+00   0.0000000E+00
   1.5388194E+03   0.0000000E+00   0.0000000E+00   0.0000000E+00   0.0000000E+00
   1.5388269E+03   0.0000000E+00   0.0000000E+00   0.0000000E+00   0.0000000E+00
   1.5388344E+03   0.0000000E+00   0.0000000E+00   0.0000000E+00   0.0000000E+00
   1.5388420E+03   0.0000000E+00   0.0000000E+00   0.0000000E+00   0.0000000E+00
   1.5388495E+03   0.0000000E+00   0.0000000E+00   0.0000000E+00   0.0000000E+00
   1.5388570E+03   0.0000000E+00   0.0000000E+00   0.0000000E+00   0.0000000E+00
   1.5388646E+03   0.0000000E+00   0.0000000E+00   0.0000000E+00   0.0000000E+00
   1.5388721E+03   0.0000000E+00   0.0000000E+00   0.0000000E+00   0.0000000E+00
   1.5388796E+03   0.0000000E+00   0.0000000E+00   0.0000000E+00   0.0000000E+00
   1.5388871E+03   0.0000000E+00   0.0000000E+00   0.0000000E+00   0.0000000E+00
   1.5388947E+03   0.0000000E+00   0.0000000E+00   0.0000000E+00   0.0000000E+00
   1.5389022E+03   0.0000000E+00   0.0000000E+00   0.0000000E+00   0.0000000E+00
   1.5389097E+03   0.0000000E+00   0.0000000E+00   0.0000000E+00   0.0000000E+00
   1.5389172E+03   0.0000000E+00   0.0000000E+00   0.0000000E+00   0.0000000E+00
   1.5389248E+03   0.0000000E+00   0.0000000E+00   0.0000000E+00   0.0000000E+00
   1.5389323E+03   0.0000000E+00   0.0000000E+00   0.0000000E+00   0.0000000E+00
   1.5389398E+03   0.0000000E+00   0.0000000E+00   0.0000000E+00   0.0000000E+00
   1.5389474E+03   0.0000000E+00   0.0000000E+00   0.0000000E+00   0.0000000E+00
   1.5389549E+03   0.0000000E+00   0.0000000E+00   0.0000000E+00   0.0000000E+00
   1.5389624E+03   0.0000000E+00   0.0000000E+00   0.0000000E+00   0.0000000E+00
   1.5389699E+03   0.0000000E+00   0.0000000E+00   0.0000000E+00   0.0000000E+00
   1.5389775E+03   0.0000000E+00   0.0000000E+00   0.0000000E+00   0.0000000E+00
   1.5389850E+03   0.0000000E+00   0.0000000E+00   0.0000000E+00   0.0000000E+00
   1.5389925E+03   0.0000000E+00   0.0000000E+00   0.0000000E+00   0.0000000E+00
   1.5390001E+03   0.0000000E+00   0.0000000E+00   0.0000000E+00   0.0000000E+00
   1.5390076E+03   0.0000000E+00   0.0000000E+00   0.0000000E+00   0.0000000E+00
   1.5390151E+03   0.0000000E+00   0.0000000E+00   0.0000000E+00   0.0000000E+00
   1.5390226E+03   0.0000000E+00   0.0000000E+00   0.0000000E+00   0.0000000E+00
   1.5390302E+03   0.0000000E+00   0.0000000E+00   0.0000000E+00   0.0000000E+00
   1.5390377E+03   0.0000000E+00   0.0000000E+00   0.0000000E+00   0.0000000E+00
   1.5390452E+03   0.0000000E+00   0.0000000E+00   0.0000000E+00   0.0000000E+00
   1.5390528E+03   0.0000000E+00   0.0000000E+00   0.0000000E+00   0.0000000E+00
   1.5390603E+03   0.0000000E+00   0.0000000E+00   0.0000000E+00   0.0000000E+00
   1.5390678E+03   0.0000000E+00   0.0000000E+00   0.0000000E+00   0.0000000E+00
   1.5390753E+03   0.0000000E+00   0.0000000E+00   0.0000000E+00   0.0000000E+00
   1.5390829E+03   0.0000000E+00   0.0000000E+00   0.0000000E+00   0.0000000E+00
   1.5390904E+03   0.0000000E+00   0.0000000E+00   0.0000000E+00   0.0000000E+00
   1.5390979E+03   0.0000000E+00   0.0000000E+00   0.0000000E+00   0.0000000E+00
   1.5391055E+03   0.0000000E+00   0.0000000E+00   0.0000000E+00   0.0000000E+00
   1.5391130E+03   0.0000000E+00   0.0000000E+00   0.0000000E+00   0.0000000E+00
   1.5391205E+03   0.0000000E+00   0.0000000E+00   0.0000000E+00   0.0000000E+00
   1.5391280E+03   0.0000000E+00   0.0000000E+00   0.0000000E+00   0.0000000E+00
   1.5391356E+03   0.0000000E+00   0.0000000E+00   0.0000000E+00   0.0000000E+00
   1.5391431E+03   0.0000000E+00   0.0000000E+00   0.0000000E+00   0.0000000E+00
   1.5391506E+03   0.0000000E+00   0.0000000E+00   0.0000000E+00   0.0000000E+00
   1.5391582E+03   0.0000000E+00   0.0000000E+00   0.0000000E+00   0.0000000E+00
   1.5391657E+03   0.0000000E+00   0.0000000E+00   0.0000000E+00   0.0000000E+00
   1.5391732E+03   0.0000000E+00   0.0000000E+00   0.0000000E+00   0.0000000E+00
   1.5391807E+03   0.0000000E+00   0.0000000E+00   0.0000000E+00   0.0000000E+00
   1.5391883E+03   0.0000000E+00   0.0000000E+00   0.0000000E+00   0.0000000E+00
   1.5391958E+03   0.0000000E+00   0.0000000E+00   0.0000000E+00   0.0000000E+00
   1.5392033E+03   0.0000000E+00   0.0000000E+00   0.0000000E+00   0.0000000E+00
   1.5392109E+03   0.0000000E+00   0.0000000E+00   0.0000000E+00   0.0000000E+00
   1.5392184E+03   0.0000000E+00   0.0000000E+00   0.0000000E+00   0.0000000E+00
   1.5392259E+03   0.0000000E+00   0.0000000E+00   0.0000000E+00   0.0000000E+00
   1.5392334E+03   0.0000000E+00   0.0000000E+00   0.0000000E+00   0.0000000E+00
   1.5392410E+03   0.0000000E+00   0.0000000E+00   0.0000000E+00   0.0000000E+00
   1.5392485E+03   0.0000000E+00   0.0000000E+00   0.0000000E+00   0.0000000E+00
   1.5392560E+03   0.0000000E+00   0.0000000E+00   0.0000000E+00   0.0000000E+00
   1.5392636E+03   0.0000000E+00   0.0000000E+00   0.0000000E+00   0.0000000E+00
   1.5392711E+03   0.0000000E+00   0.0000000E+00   0.0000000E+00   0.0000000E+00
   1.5392786E+03   0.0000000E+00   0.0000000E+00   0.0000000E+00   0.0000000E+00
   1.5392861E+03   0.0000000E+00   0.0000000E+00   0.0000000E+00   0.0000000E+00
   1.5392937E+03   0.0000000E+00   0.0000000E+00   0.0000000E+00   0.0000000E+00
   1.5393012E+03   0.0000000E+00   0.0000000E+00   0.0000000E+00   0.0000000E+00
   1.5393087E+03   0.0000000E+00   0.0000000E+00   0.0000000E+00   0.0000000E+00
   1.5393162E+03   0.0000000E+00   0.0000000E+00   0.0000000E+00   0.0000000E+00
   1.5393238E+03   0.0000000E+00   0.0000000E+00   0.0000000E+00   0.0000000E+00
   1.5393313E+03   0.0000000E+00   0.0000000E+00   0.0000000E+00   0.0000000E+00
   1.5393388E+03   0.0000000E+00   0.0000000E+00   0.0000000E+00   0.0000000E+00
   1.5393464E+03   0.0000000E+00   0.0000000E+00   0.0000000E+00   0.0000000E+00
   1.5393539E+03   0.0000000E+00   0.0000000E+00   0.0000000E+00   0.0000000E+00
   1.5393614E+03   0.0000000E+00   0.0000000E+00   0.0000000E+00   0.0000000E+00
   1.5393689E+03   0.0000000E+00   0.0000000E+00   0.0000000E+00   0.0000000E+00
   1.5393765E+03   0.0000000E+00   0.0000000E+00   0.0000000E+00   0.0000000E+00
   1.5393840E+03   0.0000000E+00   0.0000000E+00   0.0000000E+00   0.0000000E+00
   1.5393915E+03   0.0000000E+00   0.0000000E+00   0.0000000E+00   0.0000000E+00
   1.5393991E+03   0.0000000E+00   0.0000000E+00   0.0000000E+00   0.0000000E+00
   1.5394066E+03   0.0000000E+00   0.0000000E+00   0.0000000E+00   0.0000000E+00
   1.5394141E+03   0.0000000E+00   0.0000000E+00   0.0000000E+00   0.0000000E+00
   1.5394216E+03   0.0000000E+00   0.0000000E+00   0.0000000E+00   0.0000000E+00
   1.5394292E+03   0.0000000E+00   0.0000000E+00   0.0000000E+00   0.0000000E+00
   1.5394367E+03   0.0000000E+00   0.0000000E+00   0.0000000E+00   0.0000000E+00
   1.5394442E+03   0.0000000E+00   0.0000000E+00   0.0000000E+00   0.0000000E+00
   1.5394518E+03   0.0000000E+00   0.0000000E+00   0.0000000E+00   0.0000000E+00
   1.5394593E+03   0.0000000E+00   0.0000000E+00   0.0000000E+00   0.0000000E+00
   1.5394668E+03   0.0000000E+00   0.0000000E+00   0.0000000E+00   0.0000000E+00
   1.5394743E+03   0.0000000E+00   0.0000000E+00   0.0000000E+00   0.0000000E+00
   1.5394819E+03   0.0000000E+00   0.0000000E+00   0.0000000E+00   0.0000000E+00
   1.5394894E+03   0.0000000E+00   0.0000000E+00   0.0000000E+00   0.0000000E+00
   1.5394969E+03   0.0000000E+00   0.0000000E+00   0.0000000E+00   0.0000000E+00
   1.5395045E+03   0.0000000E+00   0.0000000E+00   0.0000000E+00   0.0000000E+00
   1.5395120E+03   0.0000000E+00   0.0000000E+00   0.0000000E+00   0.0000000E+00
   1.5395195E+03   0.0000000E+00   0.0000000E+00   0.0000000E+00   0.0000000E+00
   1.5395270E+03   0.0000000E+00   0.0000000E+00   0.0000000E+00   0.0000000E+00
   1.5395346E+03   0.0000000E+00   0.0000000E+00   0.0000000E+00   0.0000000E+00
   1.5395421E+03   0.0000000E+00   0.0000000E+00   0.0000000E+00   0.0000000E+00
   1.5395496E+03   0.0000000E+00   0.0000000E+00   0.0000000E+00   0.0000000E+00
   1.5395572E+03   0.0000000E+00   0.0000000E+00   0.0000000E+00   0.0000000E+00
   1.5395647E+03   0.0000000E+00   0.0000000E+00   0.0000000E+00   0.0000000E+00
   1.5395722E+03   0.0000000E+00   0.0000000E+00   0.0000000E+00   0.0000000E+00
   1.5395797E+03   0.0000000E+00   0.0000000E+00   0.0000000E+00   0.0000000E+00
   1.5395873E+03   0.0000000E+00   0.0000000E+00   0.0000000E+00   0.0000000E+00
   1.5395948E+03   0.0000000E+00   0.0000000E+00   0.0000000E+00   0.0000000E+00
   1.5396023E+03   0.0000000E+00   0.0000000E+00   0.0000000E+00   0.0000000E+00
   1.5396099E+03   0.0000000E+00   0.0000000E+00   0.0000000E+00   0.0000000E+00
   1.5396174E+03   0.0000000E+00   0.0000000E+00   0.0000000E+00   0.0000000E+00
   1.5396249E+03   0.0000000E+00   0.0000000E+00   0.0000000E+00   0.0000000E+00
   1.5396324E+03   0.0000000E+00   0.0000000E+00   0.0000000E+00   0.0000000E+00
   1.5396400E+03   0.0000000E+00   0.0000000E+00   0.0000000E+00   0.0000000E+00
   1.5396475E+03   0.0000000E+00   0.0000000E+00   0.0000000E+00   0.0000000E+00
   1.5396550E+03   0.0000000E+00   0.0000000E+00   0.0000000E+00   0.0000000E+00
   1.5396626E+03   0.0000000E+00   0.0000000E+00   0.0000000E+00   0.0000000E+00
   1.5396701E+03   0.0000000E+00   0.0000000E+00   0.0000000E+00   0.0000000E+00
   1.5396776E+03   0.0000000E+00   0.0000000E+00   0.0000000E+00   0.0000000E+00
   1.5396851E+03   0.0000000E+00   0.0000000E+00   0.0000000E+00   0.0000000E+00
   1.5396927E+03   0.0000000E+00   0.0000000E+00   0.0000000E+00   0.0000000E+00
   1.5397002E+03   0.0000000E+00   0.0000000E+00   0.0000000E+00   0.0000000E+00
   1.5397077E+03   0.0000000E+00   0.0000000E+00   0.0000000E+00   0.0000000E+00
   1.5397153E+03   0.0000000E+00   0.0000000E+00   0.0000000E+00   0.0000000E+00
   1.5397228E+03   0.0000000E+00   0.0000000E+00   0.0000000E+00   0.0000000E+00
   1.5397303E+03   0.0000000E+00   0.0000000E+00   0.0000000E+00   0.0000000E+00
   1.5397378E+03   0.0000000E+00   0.0000000E+00   0.0000000E+00   0.0000000E+00
   1.5397454E+03   0.0000000E+00   0.0000000E+00   0.0000000E+00   0.0000000E+00
   1.5397529E+03   0.0000000E+00   0.0000000E+00   0.0000000E+00   0.0000000E+00
   1.5397604E+03   0.0000000E+00   0.0000000E+00   0.0000000E+00   0.0000000E+00
   1.5397679E+03   0.0000000E+00   0.0000000E+00   0.0000000E+00   0.0000000E+00
   1.5397755E+03   0.0000000E+00   0.0000000E+00   0.0000000E+00   0.0000000E+00
   1.5397830E+03   0.0000000E+00   0.0000000E+00   0.0000000E+00   0.0000000E+00
   1.5397905E+03   0.0000000E+00   0.0000000E+00   0.0000000E+00   0.0000000E+00
   1.5397981E+03   0.0000000E+00   0.0000000E+00   0.0000000E+00   0.0000000E+00
   1.5398056E+03   0.0000000E+00   0.0000000E+00   0.0000000E+00   0.0000000E+00
   1.5398131E+03   0.0000000E+00   0.0000000E+00   0.0000000E+00   0.0000000E+00
   1.5398206E+03   0.0000000E+00   0.0000000E+00   0.0000000E+00   0.0000000E+00
   1.5398282E+03   0.0000000E+00   0.0000000E+00   0.0000000E+00   0.0000000E+00
   1.5398357E+03   0.0000000E+00   0.0000000E+00   0.0000000E+00   0.0000000E+00
   1.5398432E+03   0.0000000E+00   0.0000000E+00   0.0000000E+00   0.0000000E+00
   1.5398508E+03   0.0000000E+00   0.0000000E+00   0.0000000E+00   0.0000000E+00
   1.5398583E+03   0.0000000E+00   0.0000000E+00   0.0000000E+00   0.0000000E+00
   1.5398658E+03   0.0000000E+00   0.0000000E+00   0.0000000E+00   0.0000000E+00
   1.5398733E+03   0.0000000E+00   0.0000000E+00   0.0000000E+00   0.0000000E+00
   1.5398809E+03   0.0000000E+00   0.0000000E+00   0.0000000E+00   0.0000000E+00
   1.5398884E+03   0.0000000E+00   0.0000000E+00   0.0000000E+00   0.0000000E+00
   1.5398959E+03   0.0000000E+00   0.0000000E+00   0.0000000E+00   0.0000000E+00
   1.5399035E+03   0.0000000E+00   0.0000000E+00   0.0000000E+00   0.0000000E+00
   1.5399110E+03   0.0000000E+00   0.0000000E+00   0.0000000E+00   0.0000000E+00
   1.5399185E+03   0.0000000E+00   0.0000000E+00   0.0000000E+00   0.0000000E+00
   1.5399260E+03   0.0000000E+00   0.0000000E+00   0.0000000E+00   0.0000000E+00
   1.5399336E+03   0.0000000E+00   0.0000000E+00   0.0000000E+00   0.0000000E+00
   1.5399411E+03   0.0000000E+00   0.0000000E+00   0.0000000E+00   0.0000000E+00
   1.5399486E+03   0.0000000E+00   0.0000000E+00   0.0000000E+00   0.0000000E+00
   1.5399562E+03   0.0000000E+00   0.0000000E+00   0.0000000E+00   0.0000000E+00
   1.5399637E+03   0.0000000E+00   0.0000000E+00   0.0000000E+00   0.0000000E+00
   1.5399712E+03   0.0000000E+00   0.0000000E+00   0.0000000E+00   0.0000000E+00
   1.5399787E+03   0.0000000E+00   0.0000000E+00   0.0000000E+00   0.0000000E+00
   1.5399863E+03   0.0000000E+00   0.0000000E+00   0.0000000E+00   0.0000000E+00
   1.5399938E+03   0.0000000E+00   0.0000000E+00   0.0000000E+00   0.0000000E+00
   1.5400013E+03   0.0000000E+00   0.0000000E+00   0.0000000E+00   0.0000000E+00
   1.5400089E+03   0.0000000E+00   0.0000000E+00   0.0000000E+00   0.0000000E+00
   1.5400164E+03   0.0000000E+00   0.0000000E+00   0.0000000E+00   0.0000000E+00
   1.5400239E+03   0.0000000E+00   0.0000000E+00   0.0000000E+00   0.0000000E+00
   1.5400314E+03   0.0000000E+00   0.0000000E+00   0.0000000E+00   0.0000000E+00
   1.5400390E+03   0.0000000E+00   0.0000000E+00   0.0000000E+00   0.0000000E+00
   1.5400465E+03   0.0000000E+00   0.0000000E+00   0.0000000E+00   0.0000000E+00
   1.5400540E+03   0.0000000E+00   0.0000000E+00   0.0000000E+00   0.0000000E+00
   1.5400616E+03   0.0000000E+00   0.0000000E+00   0.0000000E+00   0.0000000E+00
   1.5400691E+03   0.0000000E+00   0.0000000E+00   0.0000000E+00   0.0000000E+00
   1.5400766E+03   0.0000000E+00   0.0000000E+00   0.0000000E+00   0.0000000E+00
   1.5400841E+03   0.0000000E+00   0.0000000E+00   0.0000000E+00   0.0000000E+00
   1.5400917E+03   0.0000000E+00   0.0000000E+00   0.0000000E+00   0.0000000E+00
   1.5400992E+03   0.0000000E+00   0.0000000E+00   0.0000000E+00   0.0000000E+00
   1.5401067E+03   0.0000000E+00   0.0000000E+00   0.0000000E+00   0.0000000E+00
   1.5401143E+03   0.0000000E+00   0.0000000E+00   0.0000000E+00   0.0000000E+00
   1.5401218E+03   0.0000000E+00   0.0000000E+00   0.0000000E+00   0.0000000E+00
   1.5401293E+03   0.0000000E+00   0.0000000E+00   0.0000000E+00   0.0000000E+00
   1.5401368E+03   0.0000000E+00   0.0000000E+00   0.0000000E+00   0.0000000E+00
   1.5401444E+03   0.0000000E+00   0.0000000E+00   0.0000000E+00   0.0000000E+00
   1.5401519E+03   0.0000000E+00   0.0000000E+00   0.0000000E+00   0.0000000E+00
   1.5401594E+03   0.0000000E+00   0.0000000E+00   0.0000000E+00   0.0000000E+00
   1.5401670E+03   0.0000000E+00   0.0000000E+00   0.0000000E+00   0.0000000E+00
   1.5401745E+03   0.0000000E+00   0.0000000E+00   0.0000000E+00   0.0000000E+00
   1.5401820E+03   0.0000000E+00   0.0000000E+00   0.0000000E+00   0.0000000E+00
   1.5401895E+03   0.0000000E+00   0.0000000E+00   0.0000000E+00   0.0000000E+00
   1.5401971E+03   0.0000000E+00   0.0000000E+00   0.0000000E+00   0.0000000E+00
   1.5402046E+03   0.0000000E+00   0.0000000E+00   0.0000000E+00   0.0000000E+00
   1.5402121E+03   0.0000000E+00   0.0000000E+00   0.0000000E+00   0.0000000E+00
   1.5402197E+03   0.0000000E+00   0.0000000E+00   0.0000000E+00   0.0000000E+00
   1.5402272E+03   0.0000000E+00   0.0000000E+00   0.0000000E+00   0.0000000E+00
   1.5402347E+03   0.0000000E+00   0.0000000E+00   0.0000000E+00   0.0000000E+00
   1.5402422E+03   0.0000000E+00   0.0000000E+00   0.0000000E+00   0.0000000E+00
   1.5402498E+03   0.0000000E+00   0.0000000E+00   0.0000000E+00   0.0000000E+00
   1.5402573E+03   0.0000000E+00   0.0000000E+00   0.0000000E+00   0.0000000E+00
   1.5402648E+03   0.0000000E+00   0.0000000E+00   0.0000000E+00   0.0000000E+00
   1.5402723E+03   0.0000000E+00   0.0000000E+00   0.0000000E+00   0.0000000E+00
   1.5402799E+03   0.0000000E+00   0.0000000E+00   0.0000000E+00   0.0000000E+00
   1.5402874E+03   0.0000000E+00   0.0000000E+00   0.0000000E+00   0.0000000E+00
   1.5402949E+03   0.0000000E+00   0.0000000E+00   0.0000000E+00   0.0000000E+00
   1.5403025E+03   0.0000000E+00   0.0000000E+00   0.0000000E+00   0.0000000E+00
   1.5403100E+03   0.0000000E+00   0.0000000E+00   0.0000000E+00   0.0000000E+00
   1.5403175E+03   0.0000000E+00   0.0000000E+00   0.0000000E+00   0.0000000E+00
   1.5403250E+03   0.0000000E+00   0.0000000E+00   0.0000000E+00   0.0000000E+00
   1.5403326E+03   0.0000000E+00   0.0000000E+00   0.0000000E+00   0.0000000E+00
   1.5403401E+03   0.0000000E+00   0.0000000E+00   0.0000000E+00   0.0000000E+00
   1.5403476E+03   0.0000000E+00   0.0000000E+00   0.0000000E+00   0.0000000E+00
   1.5403552E+03   0.0000000E+00   0.0000000E+00   0.0000000E+00   0.0000000E+00
   1.5403627E+03   0.0000000E+00   0.0000000E+00   0.0000000E+00   0.0000000E+00
   1.5403702E+03   0.0000000E+00   0.0000000E+00   0.0000000E+00   0.0000000E+00
   1.5403777E+03   0.0000000E+00   0.0000000E+00   0.0000000E+00   0.0000000E+00
   1.5403853E+03   0.0000000E+00   0.0000000E+00   0.0000000E+00   0.0000000E+00
   1.5403928E+03   0.0000000E+00   0.0000000E+00   0.0000000E+00   0.0000000E+00
   1.5404003E+03   0.0000000E+00   0.0000000E+00   0.0000000E+00   0.0000000E+00
   1.5404079E+03   0.0000000E+00   0.0000000E+00   0.0000000E+00   0.0000000E+00
   1.5404154E+03   0.0000000E+00   0.0000000E+00   0.0000000E+00   0.0000000E+00
   1.5404229E+03   0.0000000E+00   0.0000000E+00   0.0000000E+00   0.0000000E+00
   1.5404304E+03   0.0000000E+00   0.0000000E+00   0.0000000E+00   0.0000000E+00
   1.5404380E+03   0.0000000E+00   0.0000000E+00   0.0000000E+00   0.0000000E+00
   1.5404455E+03   0.0000000E+00   0.0000000E+00   0.0000000E+00   0.0000000E+00
   1.5404530E+03   0.0000000E+00   0.0000000E+00   0.0000000E+00   0.0000000E+00
   1.5404606E+03   0.0000000E+00   0.0000000E+00   0.0000000E+00   0.0000000E+00
   1.5404681E+03   0.0000000E+00   0.0000000E+00   0.0000000E+00   0.0000000E+00
   1.5404756E+03   0.0000000E+00   0.0000000E+00   0.0000000E+00   0.0000000E+00
   1.5404831E+03   0.0000000E+00   0.0000000E+00   0.0000000E+00   0.0000000E+00
   1.5404907E+03   0.0000000E+00   0.0000000E+00   0.0000000E+00   0.0000000E+00
   1.5404982E+03   0.0000000E+00   0.0000000E+00   0.0000000E+00   0.0000000E+00
   1.5405057E+03   0.0000000E+00   0.0000000E+00   0.0000000E+00   0.0000000E+00
   1.5405133E+03   0.0000000E+00   0.0000000E+00   0.0000000E+00   0.0000000E+00
   1.5405208E+03   0.0000000E+00   0.0000000E+00   0.0000000E+00   0.0000000E+00
   1.5405283E+03   0.0000000E+00   0.0000000E+00   0.0000000E+00   0.0000000E+00
   1.5405358E+03   0.0000000E+00   0.0000000E+00   0.0000000E+00   0.0000000E+00
   1.5405434E+03   0.0000000E+00   0.0000000E+00   0.0000000E+00   0.0000000E+00
   1.5405509E+03   0.0000000E+00   0.0000000E+00   0.0000000E+00   0.0000000E+00
   1.5405584E+03   0.0000000E+00   0.0000000E+00   0.0000000E+00   0.0000000E+00
   1.5405660E+03   0.0000000E+00   0.0000000E+00   0.0000000E+00   0.0000000E+00
   1.5405735E+03   0.0000000E+00   0.0000000E+00   0.0000000E+00   0.0000000E+00
   1.5405810E+03   0.0000000E+00   0.0000000E+00   0.0000000E+00   0.0000000E+00
   1.5405885E+03   0.0000000E+00   0.0000000E+00   0.0000000E+00   0.0000000E+00
   1.5405961E+03   0.0000000E+00   0.0000000E+00   0.0000000E+00   0.0000000E+00
   1.5406036E+03   0.0000000E+00   0.0000000E+00   0.0000000E+00   0.0000000E+00
   1.5406111E+03   0.0000000E+00   0.0000000E+00   0.0000000E+00   0.0000000E+00
   1.5406187E+03   0.0000000E+00   0.0000000E+00   0.0000000E+00   0.0000000E+00
   1.5406262E+03   0.0000000E+00   0.0000000E+00   0.0000000E+00   0.0000000E+00
   1.5406337E+03   0.0000000E+00   0.0000000E+00   0.0000000E+00   0.0000000E+00
   1.5406412E+03   0.0000000E+00   0.0000000E+00   0.0000000E+00   0.0000000E+00
   1.5406488E+03   0.0000000E+00   0.0000000E+00   0.0000000E+00   0.0000000E+00
   1.5406563E+03   0.0000000E+00   0.0000000E+00   0.0000000E+00   0.0000000E+00
   1.5406638E+03   0.0000000E+00   0.0000000E+00   0.0000000E+00   0.0000000E+00
   1.5406713E+03   0.0000000E+00   0.0000000E+00   0.0000000E+00   0.0000000E+00
   1.5406789E+03   0.0000000E+00   0.0000000E+00   0.0000000E+00   0.0000000E+00
   1.5406864E+03   0.0000000E+00   0.0000000E+00   0.0000000E+00   0.0000000E+00
   1.5406939E+03   0.0000000E+00   0.0000000E+00   0.0000000E+00   0.0000000E+00
   1.5407015E+03   0.0000000E+00   0.0000000E+00   0.0000000E+00   0.0000000E+00
   1.5407090E+03   0.0000000E+00   0.0000000E+00   0.0000000E+00   0.0000000E+00
   1.5407165E+03   0.0000000E+00   0.0000000E+00   0.0000000E+00   0.0000000E+00
   1.5407240E+03   0.0000000E+00   0.0000000E+00   0.0000000E+00   0.0000000E+00
   1.5407316E+03   0.0000000E+00   0.0000000E+00   0.0000000E+00   0.0000000E+00
   1.5407391E+03   0.0000000E+00   0.0000000E+00   0.0000000E+00   0.0000000E+00
   1.5407466E+03   0.0000000E+00   0.0000000E+00   0.0000000E+00   0.0000000E+00
   1.5407542E+03   0.0000000E+00   0.0000000E+00   0.0000000E+00   0.0000000E+00
   1.5407617E+03   0.0000000E+00   0.0000000E+00   0.0000000E+00   0.0000000E+00
   1.5407692E+03   0.0000000E+00   0.0000000E+00   0.0000000E+00   0.0000000E+00
   1.5407767E+03   0.0000000E+00   0.0000000E+00   0.0000000E+00   0.0000000E+00
   1.5407843E+03   0.0000000E+00   0.0000000E+00   0.0000000E+00   0.0000000E+00
   1.5407918E+03   0.0000000E+00   0.0000000E+00   0.0000000E+00   0.0000000E+00
   1.5407993E+03   0.0000000E+00   0.0000000E+00   0.0000000E+00   0.0000000E+00
   1.5408069E+03   0.0000000E+00   0.0000000E+00   0.0000000E+00   0.0000000E+00
   1.5408144E+03   0.0000000E+00   0.0000000E+00   0.0000000E+00   0.0000000E+00
   1.5408219E+03   0.0000000E+00   0.0000000E+00   0.0000000E+00   0.0000000E+00
   1.5408294E+03   0.0000000E+00   0.0000000E+00   0.0000000E+00   0.0000000E+00
   1.5408370E+03   0.0000000E+00   0.0000000E+00   0.0000000E+00   0.0000000E+00
   1.5408445E+03   0.0000000E+00   0.0000000E+00   0.0000000E+00   0.0000000E+00
   1.5408520E+03   0.0000000E+00   0.0000000E+00   0.0000000E+00   0.0000000E+00
   1.5408596E+03   0.0000000E+00   0.0000000E+00   0.0000000E+00   0.0000000E+00
   1.5408671E+03   0.0000000E+00   0.0000000E+00   0.0000000E+00   0.0000000E+00
   1.5408746E+03   0.0000000E+00   0.0000000E+00   0.0000000E+00   0.0000000E+00
   1.5408821E+03   0.0000000E+00   0.0000000E+00   0.0000000E+00   0.0000000E+00
   1.5408897E+03   0.0000000E+00   0.0000000E+00   0.0000000E+00   0.0000000E+00
   1.5408972E+03   0.0000000E+00   0.0000000E+00   0.0000000E+00   0.0000000E+00
   1.5409047E+03   0.0000000E+00   0.0000000E+00   0.0000000E+00   0.0000000E+00
   1.5409123E+03   0.0000000E+00   0.0000000E+00   0.0000000E+00   0.0000000E+00
   1.5409198E+03   0.0000000E+00   0.0000000E+00   0.0000000E+00   0.0000000E+00
   1.5409273E+03   0.0000000E+00   0.0000000E+00   0.0000000E+00   0.0000000E+00
   1.5409348E+03   0.0000000E+00   0.0000000E+00   0.0000000E+00   0.0000000E+00
   1.5409424E+03   0.0000000E+00   0.0000000E+00   0.0000000E+00   0.0000000E+00
   1.5409499E+03   0.0000000E+00   0.0000000E+00   0.0000000E+00   0.0000000E+00
   1.5409574E+03   0.0000000E+00   0.0000000E+00   0.0000000E+00   0.0000000E+00
   1.5409650E+03   0.0000000E+00   0.0000000E+00   0.0000000E+00   0.0000000E+00
   1.5409725E+03   0.0000000E+00   0.0000000E+00   0.0000000E+00   0.0000000E+00
   1.5409800E+03   0.0000000E+00   0.0000000E+00   0.0000000E+00   0.0000000E+00
   1.5409875E+03   0.0000000E+00   0.0000000E+00   0.0000000E+00   0.0000000E+00
   1.5409951E+03   0.0000000E+00   0.0000000E+00   0.0000000E+00   0.0000000E+00
   1.5410026E+03   0.0000000E+00   0.0000000E+00   0.0000000E+00   0.0000000E+00
   1.5410101E+03   0.0000000E+00   0.0000000E+00   0.0000000E+00   0.0000000E+00
   1.5410177E+03   0.0000000E+00   0.0000000E+00   0.0000000E+00   0.0000000E+00
   1.5410252E+03   0.0000000E+00   0.0000000E+00   0.0000000E+00   0.0000000E+00
   1.5410327E+03   0.0000000E+00   0.0000000E+00   0.0000000E+00   0.0000000E+00
   1.5410402E+03   0.0000000E+00   0.0000000E+00   0.0000000E+00   0.0000000E+00
   1.5410478E+03   0.0000000E+00   0.0000000E+00   0.0000000E+00   0.0000000E+00
   1.5410553E+03   0.0000000E+00   0.0000000E+00   0.0000000E+00   0.0000000E+00
   1.5410628E+03   0.0000000E+00   0.0000000E+00   0.0000000E+00   0.0000000E+00
   1.5410704E+03   0.0000000E+00   0.0000000E+00   0.0000000E+00   0.0000000E+00
   1.5410779E+03   0.0000000E+00   0.0000000E+00   0.0000000E+00   0.0000000E+00
   1.5410854E+03   0.0000000E+00   0.0000000E+00   0.0000000E+00   0.0000000E+00
   1.5410929E+03   0.0000000E+00   0.0000000E+00   0.0000000E+00   0.0000000E+00
   1.5411005E+03   0.0000000E+00   0.0000000E+00   0.0000000E+00   0.0000000E+00
   1.5411080E+03   0.0000000E+00   0.0000000E+00   0.0000000E+00   0.0000000E+00
   1.5411155E+03   0.0000000E+00   0.0000000E+00   0.0000000E+00   0.0000000E+00
   1.5411230E+03   0.0000000E+00   0.0000000E+00   0.0000000E+00   0.0000000E+00
   1.5411306E+03   0.0000000E+00   0.0000000E+00   0.0000000E+00   0.0000000E+00
   1.5411381E+03   0.0000000E+00   0.0000000E+00   0.0000000E+00   0.0000000E+00
   1.5411456E+03   0.0000000E+00   0.0000000E+00   0.0000000E+00   0.0000000E+00
   1.5411532E+03   0.0000000E+00   0.0000000E+00   0.0000000E+00   0.0000000E+00
   1.5411607E+03   0.0000000E+00   0.0000000E+00   0.0000000E+00   0.0000000E+00
   1.5411682E+03   0.0000000E+00   0.0000000E+00   0.0000000E+00   0.0000000E+00
   1.5411757E+03   0.0000000E+00   0.0000000E+00   0.0000000E+00   0.0000000E+00
   1.5411833E+03   0.0000000E+00   0.0000000E+00   0.0000000E+00   0.0000000E+00
   1.5411908E+03   0.0000000E+00   0.0000000E+00   0.0000000E+00   0.0000000E+00
   1.5411983E+03   0.0000000E+00   0.0000000E+00   0.0000000E+00   0.0000000E+00
   1.5412059E+03   0.0000000E+00   0.0000000E+00   0.0000000E+00   0.0000000E+00
   1.5412134E+03   0.0000000E+00   0.0000000E+00   0.0000000E+00   0.0000000E+00
   1.5412209E+03   0.0000000E+00   0.0000000E+00   0.0000000E+00   0.0000000E+00
   1.5412284E+03   0.0000000E+00   0.0000000E+00   0.0000000E+00   0.0000000E+00
   1.5412360E+03   0.0000000E+00   0.0000000E+00   0.0000000E+00   0.0000000E+00
   1.5412435E+03   0.0000000E+00   0.0000000E+00   0.0000000E+00   0.0000000E+00
   1.5412510E+03   0.0000000E+00   0.0000000E+00   0.0000000E+00   0.0000000E+00
   1.5412586E+03   0.0000000E+00   0.0000000E+00   0.0000000E+00   0.0000000E+00
   1.5412661E+03   0.0000000E+00   0.0000000E+00   0.0000000E+00   0.0000000E+00
   1.5412736E+03   0.0000000E+00   0.0000000E+00   0.0000000E+00   0.0000000E+00
   1.5412811E+03   0.0000000E+00   0.0000000E+00   0.0000000E+00   0.0000000E+00
   1.5412887E+03   0.0000000E+00   0.0000000E+00   0.0000000E+00   0.0000000E+00
   1.5412962E+03   0.0000000E+00   0.0000000E+00   0.0000000E+00   0.0000000E+00
   1.5413037E+03   0.0000000E+00   0.0000000E+00   0.0000000E+00   0.0000000E+00
   1.5413113E+03   0.0000000E+00   0.0000000E+00   0.0000000E+00   0.0000000E+00
   1.5413188E+03   0.0000000E+00   0.0000000E+00   0.0000000E+00   0.0000000E+00
   1.5413263E+03   0.0000000E+00   0.0000000E+00   0.0000000E+00   0.0000000E+00
   1.5413338E+03   0.0000000E+00   0.0000000E+00   0.0000000E+00   0.0000000E+00
   1.5413414E+03   0.0000000E+00   0.0000000E+00   0.0000000E+00   0.0000000E+00
   1.5413489E+03   0.0000000E+00   0.0000000E+00   0.0000000E+00   0.0000000E+00
   1.5413564E+03   0.0000000E+00   0.0000000E+00   0.0000000E+00   0.0000000E+00
   1.5413640E+03   0.0000000E+00   0.0000000E+00   0.0000000E+00   0.0000000E+00
   1.5413715E+03   0.0000000E+00   0.0000000E+00   0.0000000E+00   0.0000000E+00
   1.5413790E+03   0.0000000E+00   0.0000000E+00   0.0000000E+00   0.0000000E+00
   1.5413865E+03   0.0000000E+00   0.0000000E+00   0.0000000E+00   0.0000000E+00
   1.5413941E+03   0.0000000E+00   0.0000000E+00   0.0000000E+00   0.0000000E+00
   1.5414016E+03   0.0000000E+00   0.0000000E+00   0.0000000E+00   0.0000000E+00
   1.5414091E+03   0.0000000E+00   0.0000000E+00   0.0000000E+00   0.0000000E+00
   1.5414167E+03   0.0000000E+00   0.0000000E+00   0.0000000E+00   0.0000000E+00
   1.5414242E+03   0.0000000E+00   0.0000000E+00   0.0000000E+00   0.0000000E+00
   1.5414317E+03   0.0000000E+00   0.0000000E+00   0.0000000E+00   0.0000000E+00
   1.5414392E+03   0.0000000E+00   0.0000000E+00   0.0000000E+00   0.0000000E+00
   1.5414468E+03   0.0000000E+00   0.0000000E+00   0.0000000E+00   0.0000000E+00
   1.5414543E+03   0.0000000E+00   0.0000000E+00   0.0000000E+00   0.0000000E+00
   1.5414618E+03   0.0000000E+00   0.0000000E+00   0.0000000E+00   0.0000000E+00
   1.5414694E+03   0.0000000E+00   0.0000000E+00   0.0000000E+00   0.0000000E+00
   1.5414769E+03   0.0000000E+00   0.0000000E+00   0.0000000E+00   0.0000000E+00
   1.5414844E+03   0.0000000E+00   0.0000000E+00   0.0000000E+00   0.0000000E+00
   1.5414919E+03   0.0000000E+00   0.0000000E+00   0.0000000E+00   0.0000000E+00
   1.5414995E+03   0.0000000E+00   0.0000000E+00   0.0000000E+00   0.0000000E+00
   1.5415070E+03   0.0000000E+00   0.0000000E+00   0.0000000E+00   0.0000000E+00
   1.5415145E+03   0.0000000E+00   0.0000000E+00   0.0000000E+00   0.0000000E+00
   1.5415221E+03   0.0000000E+00   0.0000000E+00   0.0000000E+00   0.0000000E+00
   1.5415296E+03   0.0000000E+00   0.0000000E+00   0.0000000E+00   0.0000000E+00
   1.5415371E+03   0.0000000E+00   0.0000000E+00   0.0000000E+00   0.0000000E+00
   1.5415446E+03   0.0000000E+00   0.0000000E+00   0.0000000E+00   0.0000000E+00
   1.5415522E+03   0.0000000E+00   0.0000000E+00   0.0000000E+00   0.0000000E+00
   1.5415597E+03   0.0000000E+00   0.0000000E+00   0.0000000E+00   0.0000000E+00
   1.5415672E+03   0.0000000E+00   0.0000000E+00   0.0000000E+00   0.0000000E+00
   1.5415747E+03   0.0000000E+00   0.0000000E+00   0.0000000E+00   0.0000000E+00
   1.5415823E+03   0.0000000E+00   0.0000000E+00   0.0000000E+00   0.0000000E+00
   1.5415898E+03   0.0000000E+00   0.0000000E+00   0.0000000E+00   0.0000000E+00
   1.5415973E+03   0.0000000E+00   0.0000000E+00   0.0000000E+00   0.0000000E+00
   1.5416049E+03   0.0000000E+00   0.0000000E+00   0.0000000E+00   0.0000000E+00
   1.5416124E+03   0.0000000E+00   0.0000000E+00   0.0000000E+00   0.0000000E+00
   1.5416199E+03   0.0000000E+00   0.0000000E+00   0.0000000E+00   0.0000000E+00
   1.5416274E+03   0.0000000E+00   0.0000000E+00   0.0000000E+00   0.0000000E+00
   1.5416350E+03   0.0000000E+00   0.0000000E+00   0.0000000E+00   0.0000000E+00
   1.5416425E+03   0.0000000E+00   0.0000000E+00   0.0000000E+00   0.0000000E+00
   1.5416500E+03   0.0000000E+00   0.0000000E+00   0.0000000E+00   0.0000000E+00
   1.5416576E+03   0.0000000E+00   0.0000000E+00   0.0000000E+00   0.0000000E+00
   1.5416651E+03   0.0000000E+00   0.0000000E+00   0.0000000E+00   0.0000000E+00
   1.5416726E+03   0.0000000E+00   0.0000000E+00   0.0000000E+00   0.0000000E+00
   1.5416801E+03   0.0000000E+00   0.0000000E+00   0.0000000E+00   0.0000000E+00
   1.5416877E+03   0.0000000E+00   0.0000000E+00   0.0000000E+00   0.0000000E+00
   1.5416952E+03   0.0000000E+00   0.0000000E+00   0.0000000E+00   0.0000000E+00
   1.5417027E+03   0.0000000E+00   0.0000000E+00   0.0000000E+00   0.0000000E+00
   1.5417103E+03   0.0000000E+00   0.0000000E+00   0.0000000E+00   0.0000000E+00
   1.5417178E+03   0.0000000E+00   0.0000000E+00   0.0000000E+00   0.0000000E+00
   1.5417253E+03   0.0000000E+00   0.0000000E+00   0.0000000E+00   0.0000000E+00
   1.5417328E+03   0.0000000E+00   0.0000000E+00   0.0000000E+00   0.0000000E+00
   1.5417404E+03   0.0000000E+00   0.0000000E+00   0.0000000E+00   0.0000000E+00
   1.5417479E+03   0.0000000E+00   0.0000000E+00   0.0000000E+00   0.0000000E+00
   1.5417554E+03   0.0000000E+00   0.0000000E+00   0.0000000E+00   0.0000000E+00
   1.5417630E+03   0.0000000E+00   0.0000000E+00   0.0000000E+00   0.0000000E+00
   1.5417705E+03   0.0000000E+00   0.0000000E+00   0.0000000E+00   0.0000000E+00
   1.5417780E+03   0.0000000E+00   0.0000000E+00   0.0000000E+00   0.0000000E+00
   1.5417855E+03   0.0000000E+00   0.0000000E+00   0.0000000E+00   0.0000000E+00
   1.5417931E+03   0.0000000E+00   0.0000000E+00   0.0000000E+00   0.0000000E+00
   1.5418006E+03   0.0000000E+00   0.0000000E+00   0.0000000E+00   0.0000000E+00
   1.5418081E+03   0.0000000E+00   0.0000000E+00   0.0000000E+00   0.0000000E+00
   1.5418157E+03   0.0000000E+00   0.0000000E+00   0.0000000E+00   0.0000000E+00
   1.5418232E+03   0.0000000E+00   0.0000000E+00   0.0000000E+00   0.0000000E+00
   1.5418307E+03   0.0000000E+00   0.0000000E+00   0.0000000E+00   0.0000000E+00
   1.5418382E+03   0.0000000E+00   0.0000000E+00   0.0000000E+00   0.0000000E+00
   1.5418458E+03   0.0000000E+00   0.0000000E+00   0.0000000E+00   0.0000000E+00
   1.5418533E+03   0.0000000E+00   0.0000000E+00   0.0000000E+00   0.0000000E+00
   1.5418608E+03   0.0000000E+00   0.0000000E+00   0.0000000E+00   0.0000000E+00
   1.5418684E+03   0.0000000E+00   0.0000000E+00   0.0000000E+00   0.0000000E+00
   1.5418759E+03   0.0000000E+00   0.0000000E+00   0.0000000E+00   0.0000000E+00
   1.5418834E+03   0.0000000E+00   0.0000000E+00   0.0000000E+00   0.0000000E+00
   1.5418909E+03   0.0000000E+00   0.0000000E+00   0.0000000E+00   0.0000000E+00
   1.5418985E+03   0.0000000E+00   0.0000000E+00   0.0000000E+00   0.0000000E+00
   1.5419060E+03   0.0000000E+00   0.0000000E+00   0.0000000E+00   0.0000000E+00
   1.5419135E+03   0.0000000E+00   0.0000000E+00   0.0000000E+00   0.0000000E+00
   1.5419211E+03   0.0000000E+00   0.0000000E+00   0.0000000E+00   0.0000000E+00
   1.5419286E+03   0.0000000E+00   0.0000000E+00   0.0000000E+00   0.0000000E+00
   1.5419361E+03   0.0000000E+00   0.0000000E+00   0.0000000E+00   0.0000000E+00
   1.5419436E+03   0.0000000E+00   0.0000000E+00   0.0000000E+00   0.0000000E+00
   1.5419512E+03   0.0000000E+00   0.0000000E+00   0.0000000E+00   0.0000000E+00
   1.5419587E+03   0.0000000E+00   0.0000000E+00   0.0000000E+00   0.0000000E+00
   1.5419662E+03   0.0000000E+00   0.0000000E+00   0.0000000E+00   0.0000000E+00
   1.5419738E+03   0.0000000E+00   0.0000000E+00   0.0000000E+00   0.0000000E+00
   1.5419813E+03   0.0000000E+00   0.0000000E+00   0.0000000E+00   0.0000000E+00
   1.5419888E+03   0.0000000E+00   0.0000000E+00   0.0000000E+00   0.0000000E+00
   1.5419963E+03   0.0000000E+00   0.0000000E+00   0.0000000E+00   0.0000000E+00
   1.5420039E+03   0.0000000E+00   0.0000000E+00   0.0000000E+00   0.0000000E+00
   1.5420114E+03   0.0000000E+00   0.0000000E+00   0.0000000E+00   0.0000000E+00
   1.5420189E+03   0.0000000E+00   0.0000000E+00   0.0000000E+00   0.0000000E+00
   1.5420264E+03   0.0000000E+00   0.0000000E+00   0.0000000E+00   0.0000000E+00
   1.5420340E+03   0.0000000E+00   0.0000000E+00   0.0000000E+00   0.0000000E+00
   1.5420415E+03   0.0000000E+00   0.0000000E+00   0.0000000E+00   0.0000000E+00
   1.5420490E+03   0.0000000E+00   0.0000000E+00   0.0000000E+00   0.0000000E+00
   1.5420566E+03   0.0000000E+00   0.0000000E+00   0.0000000E+00   0.0000000E+00
   1.5420641E+03   0.0000000E+00   0.0000000E+00   0.0000000E+00   0.0000000E+00
   1.5420716E+03   0.0000000E+00   0.0000000E+00   0.0000000E+00   0.0000000E+00
   1.5420791E+03   0.0000000E+00   0.0000000E+00   0.0000000E+00   0.0000000E+00
   1.5420867E+03   0.0000000E+00   0.0000000E+00   0.0000000E+00   0.0000000E+00
   1.5420942E+03   0.0000000E+00   0.0000000E+00   0.0000000E+00   0.0000000E+00
   1.5421017E+03   0.0000000E+00   0.0000000E+00   0.0000000E+00   0.0000000E+00
   1.5421093E+03   0.0000000E+00   0.0000000E+00   0.0000000E+00   0.0000000E+00
   1.5421168E+03   0.0000000E+00   0.0000000E+00   0.0000000E+00   0.0000000E+00
   1.5421243E+03   0.0000000E+00   0.0000000E+00   0.0000000E+00   0.0000000E+00
   1.5421318E+03   0.0000000E+00   0.0000000E+00   0.0000000E+00   0.0000000E+00
   1.5421394E+03   0.0000000E+00   0.0000000E+00   0.0000000E+00   0.0000000E+00
   1.5421469E+03   0.0000000E+00   0.0000000E+00   0.0000000E+00   0.0000000E+00
   1.5421544E+03   0.0000000E+00   0.0000000E+00   0.0000000E+00   0.0000000E+00
   1.5421620E+03   0.0000000E+00   0.0000000E+00   0.0000000E+00   0.0000000E+00
   1.5421695E+03   0.0000000E+00   0.0000000E+00   0.0000000E+00   0.0000000E+00
   1.5421770E+03   0.0000000E+00   0.0000000E+00   0.0000000E+00   0.0000000E+00
   1.5421845E+03   0.0000000E+00   0.0000000E+00   0.0000000E+00   0.0000000E+00
   1.5421921E+03   0.0000000E+00   0.0000000E+00   0.0000000E+00   0.0000000E+00
   1.5421996E+03   0.0000000E+00   0.0000000E+00   0.0000000E+00   0.0000000E+00
   1.5422071E+03   0.0000000E+00   0.0000000E+00   0.0000000E+00   0.0000000E+00
   1.5422147E+03   0.0000000E+00   0.0000000E+00   0.0000000E+00   0.0000000E+00
   1.5422222E+03   0.0000000E+00   0.0000000E+00   0.0000000E+00   0.0000000E+00
   1.5422297E+03   0.0000000E+00   0.0000000E+00   0.0000000E+00   0.0000000E+00
   1.5422372E+03   0.0000000E+00   0.0000000E+00   0.0000000E+00   0.0000000E+00
   1.5422448E+03   0.0000000E+00   0.0000000E+00   0.0000000E+00   0.0000000E+00
   1.5422523E+03   0.0000000E+00   0.0000000E+00   0.0000000E+00   0.0000000E+00
   1.5422598E+03   0.0000000E+00   0.0000000E+00   0.0000000E+00   0.0000000E+00
   1.5422674E+03   0.0000000E+00   0.0000000E+00   0.0000000E+00   0.0000000E+00
   1.5422749E+03   0.0000000E+00   0.0000000E+00   0.0000000E+00   0.0000000E+00
   1.5422824E+03   0.0000000E+00   0.0000000E+00   0.0000000E+00   0.0000000E+00
   1.5422899E+03   0.0000000E+00   0.0000000E+00   0.0000000E+00   0.0000000E+00
   1.5422975E+03   0.0000000E+00   0.0000000E+00   0.0000000E+00   0.0000000E+00
   1.5423050E+03   0.0000000E+00   0.0000000E+00   0.0000000E+00   0.0000000E+00
   1.5423125E+03   0.0000000E+00   0.0000000E+00   0.0000000E+00   0.0000000E+00
   1.5423201E+03   0.0000000E+00   0.0000000E+00   0.0000000E+00   0.0000000E+00
   1.5423276E+03   0.0000000E+00   0.0000000E+00   0.0000000E+00   0.0000000E+00
   1.5423351E+03   0.0000000E+00   0.0000000E+00   0.0000000E+00   0.0000000E+00
   1.5423426E+03   0.0000000E+00   0.0000000E+00   0.0000000E+00   0.0000000E+00
   1.5423502E+03   0.0000000E+00   0.0000000E+00   0.0000000E+00   0.0000000E+00
   1.5423577E+03   0.0000000E+00   0.0000000E+00   0.0000000E+00   0.0000000E+00
   1.5423652E+03   0.0000000E+00   0.0000000E+00   0.0000000E+00   0.0000000E+00
   1.5423728E+03   0.0000000E+00   0.0000000E+00   0.0000000E+00   0.0000000E+00
   1.5423803E+03   0.0000000E+00   0.0000000E+00   0.0000000E+00   0.0000000E+00
   1.5423878E+03   0.0000000E+00   0.0000000E+00   0.0000000E+00   0.0000000E+00
   1.5423953E+03   0.0000000E+00   0.0000000E+00   0.0000000E+00   0.0000000E+00
   1.5424029E+03   0.0000000E+00   0.0000000E+00   0.0000000E+00   0.0000000E+00
   1.5424104E+03   0.0000000E+00   0.0000000E+00   0.0000000E+00   0.0000000E+00
   1.5424179E+03   0.0000000E+00   0.0000000E+00   0.0000000E+00   0.0000000E+00
   1.5424255E+03   0.0000000E+00   0.0000000E+00   0.0000000E+00   0.0000000E+00
   1.5424330E+03   0.0000000E+00   0.0000000E+00   0.0000000E+00   0.0000000E+00
   1.5424405E+03   0.0000000E+00   0.0000000E+00   0.0000000E+00   0.0000000E+00
   1.5424480E+03   0.0000000E+00   0.0000000E+00   0.0000000E+00   0.0000000E+00
   1.5424556E+03   0.0000000E+00   0.0000000E+00   0.0000000E+00   0.0000000E+00
   1.5424631E+03   0.0000000E+00   0.0000000E+00   0.0000000E+00   0.0000000E+00
   1.5424706E+03   0.0000000E+00   0.0000000E+00   0.0000000E+00   0.0000000E+00
   1.5424781E+03   0.0000000E+00   0.0000000E+00   0.0000000E+00   0.0000000E+00
   1.5424857E+03   0.0000000E+00   0.0000000E+00   0.0000000E+00   0.0000000E+00
   1.5424932E+03   0.0000000E+00   0.0000000E+00   0.0000000E+00   0.0000000E+00
   1.5425007E+03   0.0000000E+00   0.0000000E+00   0.0000000E+00   0.0000000E+00
   1.5425083E+03   0.0000000E+00   0.0000000E+00   0.0000000E+00   0.0000000E+00
   1.5425158E+03   0.0000000E+00   0.0000000E+00   0.0000000E+00   0.0000000E+00
   1.5425233E+03   0.0000000E+00   0.0000000E+00   0.0000000E+00   0.0000000E+00
   1.5425308E+03   0.0000000E+00   0.0000000E+00   0.0000000E+00   0.0000000E+00
   1.5425384E+03   0.0000000E+00   0.0000000E+00   0.0000000E+00   0.0000000E+00
   1.5425459E+03   0.0000000E+00   0.0000000E+00   0.0000000E+00   0.0000000E+00
   1.5425534E+03   0.0000000E+00   0.0000000E+00   0.0000000E+00   0.0000000E+00
   1.5425610E+03   0.0000000E+00   0.0000000E+00   0.0000000E+00   0.0000000E+00
   1.5425685E+03   0.0000000E+00   0.0000000E+00   0.0000000E+00   0.0000000E+00
   1.5425760E+03   0.0000000E+00   0.0000000E+00   0.0000000E+00   0.0000000E+00
   1.5425835E+03   0.0000000E+00   0.0000000E+00   0.0000000E+00   0.0000000E+00
   1.5425911E+03   0.0000000E+00   0.0000000E+00   0.0000000E+00   0.0000000E+00
   1.5425986E+03   0.0000000E+00   0.0000000E+00   0.0000000E+00   0.0000000E+00
   1.5426061E+03   0.0000000E+00   0.0000000E+00   0.0000000E+00   0.0000000E+00
   1.5426137E+03   0.0000000E+00   0.0000000E+00   0.0000000E+00   0.0000000E+00
   1.5426212E+03   0.0000000E+00   0.0000000E+00   0.0000000E+00   0.0000000E+00
   1.5426287E+03   0.0000000E+00   0.0000000E+00   0.0000000E+00   0.0000000E+00
   1.5426362E+03   0.0000000E+00   0.0000000E+00   0.0000000E+00   0.0000000E+00
   1.5426438E+03   0.0000000E+00   0.0000000E+00   0.0000000E+00   0.0000000E+00
   1.5426513E+03   0.0000000E+00   0.0000000E+00   0.0000000E+00   0.0000000E+00
   1.5426588E+03   0.0000000E+00   0.0000000E+00   0.0000000E+00   0.0000000E+00
   1.5426664E+03   0.0000000E+00   0.0000000E+00   0.0000000E+00   0.0000000E+00
   1.5426739E+03   0.0000000E+00   0.0000000E+00   0.0000000E+00   0.0000000E+00
   1.5426814E+03   0.0000000E+00   0.0000000E+00   0.0000000E+00   0.0000000E+00
   1.5426889E+03   0.0000000E+00   0.0000000E+00   0.0000000E+00   0.0000000E+00
   1.5426965E+03   0.0000000E+00   0.0000000E+00   0.0000000E+00   0.0000000E+00
   1.5427040E+03   0.0000000E+00   0.0000000E+00   0.0000000E+00   0.0000000E+00
   1.5427115E+03   0.0000000E+00   0.0000000E+00   0.0000000E+00   0.0000000E+00
   1.5427191E+03   0.0000000E+00   0.0000000E+00   0.0000000E+00   0.0000000E+00
   1.5427266E+03   0.0000000E+00   0.0000000E+00   0.0000000E+00   0.0000000E+00
   1.5427341E+03   0.0000000E+00   0.0000000E+00   0.0000000E+00   0.0000000E+00
   1.5427416E+03   0.0000000E+00   0.0000000E+00   0.0000000E+00   0.0000000E+00
   1.5427492E+03   0.0000000E+00   0.0000000E+00   0.0000000E+00   0.0000000E+00
   1.5427567E+03   0.0000000E+00   0.0000000E+00   0.0000000E+00   0.0000000E+00
   1.5427642E+03   0.0000000E+00   0.0000000E+00   0.0000000E+00   0.0000000E+00
   1.5427718E+03   0.0000000E+00   0.0000000E+00   0.0000000E+00   0.0000000E+00
   1.5427793E+03   0.0000000E+00   0.0000000E+00   0.0000000E+00   0.0000000E+00
   1.5427868E+03   0.0000000E+00   0.0000000E+00   0.0000000E+00   0.0000000E+00
   1.5427943E+03   0.0000000E+00   0.0000000E+00   0.0000000E+00   0.0000000E+00
   1.5428019E+03   0.0000000E+00   0.0000000E+00   0.0000000E+00   0.0000000E+00
   1.5428094E+03   0.0000000E+00   0.0000000E+00   0.0000000E+00   0.0000000E+00
   1.5428169E+03   0.0000000E+00   0.0000000E+00   0.0000000E+00   0.0000000E+00
   1.5428245E+03   0.0000000E+00   0.0000000E+00   0.0000000E+00   0.0000000E+00
   1.5428320E+03   0.0000000E+00   0.0000000E+00   0.0000000E+00   0.0000000E+00
   1.5428395E+03   0.0000000E+00   0.0000000E+00   0.0000000E+00   0.0000000E+00
   1.5428470E+03   0.0000000E+00   0.0000000E+00   0.0000000E+00   0.0000000E+00
   1.5428546E+03   0.0000000E+00   0.0000000E+00   0.0000000E+00   0.0000000E+00
   1.5428621E+03   0.0000000E+00   0.0000000E+00   0.0000000E+00   0.0000000E+00
   1.5428696E+03   0.0000000E+00   0.0000000E+00   0.0000000E+00   0.0000000E+00
   1.5428772E+03   0.0000000E+00   0.0000000E+00   0.0000000E+00   0.0000000E+00
   1.5428847E+03   0.0000000E+00   0.0000000E+00   0.0000000E+00   0.0000000E+00
   1.5428922E+03   0.0000000E+00   0.0000000E+00   0.0000000E+00   0.0000000E+00
   1.5428997E+03   0.0000000E+00   0.0000000E+00   0.0000000E+00   0.0000000E+00
   1.5429073E+03   0.0000000E+00   0.0000000E+00   0.0000000E+00   0.0000000E+00
   1.5429148E+03   0.0000000E+00   0.0000000E+00   0.0000000E+00   0.0000000E+00
   1.5429223E+03   0.0000000E+00   0.0000000E+00   0.0000000E+00   0.0000000E+00
   1.5429298E+03   0.0000000E+00   0.0000000E+00   0.0000000E+00   0.0000000E+00
   1.5429374E+03   0.0000000E+00   0.0000000E+00   0.0000000E+00   0.0000000E+00
   1.5429449E+03   0.0000000E+00   0.0000000E+00   0.0000000E+00   0.0000000E+00
   1.5429524E+03   0.0000000E+00   0.0000000E+00   0.0000000E+00   0.0000000E+00
   1.5429600E+03   0.0000000E+00   0.0000000E+00   0.0000000E+00   0.0000000E+00
   1.5429675E+03   0.0000000E+00   0.0000000E+00   0.0000000E+00   0.0000000E+00
   1.5429750E+03   0.0000000E+00   0.0000000E+00   0.0000000E+00   0.0000000E+00
   1.5429825E+03   0.0000000E+00   0.0000000E+00   0.0000000E+00   0.0000000E+00
   1.5429901E+03   0.0000000E+00   0.0000000E+00   0.0000000E+00   0.0000000E+00
   1.5429976E+03   0.0000000E+00   0.0000000E+00   0.0000000E+00   0.0000000E+00
   1.5430051E+03   0.0000000E+00   0.0000000E+00   0.0000000E+00   0.0000000E+00
   1.5430127E+03   0.0000000E+00   0.0000000E+00   0.0000000E+00   0.0000000E+00
   1.5430202E+03   0.0000000E+00   0.0000000E+00   0.0000000E+00   0.0000000E+00
   1.5430277E+03   0.0000000E+00   0.0000000E+00   0.0000000E+00   0.0000000E+00
   1.5430352E+03   0.0000000E+00   0.0000000E+00   0.0000000E+00   0.0000000E+00
   1.5430428E+03   0.0000000E+00   0.0000000E+00   0.0000000E+00   0.0000000E+00
   1.5430503E+03   0.0000000E+00   0.0000000E+00   0.0000000E+00   0.0000000E+00
   1.5430578E+03   0.0000000E+00   0.0000000E+00   0.0000000E+00   0.0000000E+00
   1.5430654E+03   0.0000000E+00   0.0000000E+00   0.0000000E+00   0.0000000E+00
   1.5430729E+03   0.0000000E+00   0.0000000E+00   0.0000000E+00   0.0000000E+00
   1.5430804E+03   0.0000000E+00   0.0000000E+00   0.0000000E+00   0.0000000E+00
   1.5430879E+03   0.0000000E+00   0.0000000E+00   0.0000000E+00   0.0000000E+00
   1.5430955E+03   0.0000000E+00   0.0000000E+00   0.0000000E+00   0.0000000E+00
   1.5431030E+03   0.0000000E+00   0.0000000E+00   0.0000000E+00   0.0000000E+00
   1.5431105E+03   0.0000000E+00   0.0000000E+00   0.0000000E+00   0.0000000E+00
   1.5431181E+03   0.0000000E+00   0.0000000E+00   0.0000000E+00   0.0000000E+00
   1.5431256E+03   0.0000000E+00   0.0000000E+00   0.0000000E+00   0.0000000E+00
   1.5431331E+03   0.0000000E+00   0.0000000E+00   0.0000000E+00   0.0000000E+00
   1.5431406E+03   0.0000000E+00   0.0000000E+00   0.0000000E+00   0.0000000E+00
   1.5431482E+03   0.0000000E+00   0.0000000E+00   0.0000000E+00   0.0000000E+00
   1.5431557E+03   0.0000000E+00   0.0000000E+00   0.0000000E+00   0.0000000E+00
   1.5431632E+03   0.0000000E+00   0.0000000E+00   0.0000000E+00   0.0000000E+00
   1.5431708E+03   0.0000000E+00   0.0000000E+00   0.0000000E+00   0.0000000E+00
   1.5431783E+03   0.0000000E+00   0.0000000E+00   0.0000000E+00   0.0000000E+00
   1.5431858E+03   0.0000000E+00   0.0000000E+00   0.0000000E+00   0.0000000E+00
   1.5431933E+03   0.0000000E+00   0.0000000E+00   0.0000000E+00   0.0000000E+00
   1.5432009E+03   0.0000000E+00   0.0000000E+00   0.0000000E+00   0.0000000E+00
   1.5432084E+03   0.0000000E+00   0.0000000E+00   0.0000000E+00   0.0000000E+00
   1.5432159E+03   0.0000000E+00   0.0000000E+00   0.0000000E+00   0.0000000E+00
   1.5432235E+03   0.0000000E+00   0.0000000E+00   0.0000000E+00   0.0000000E+00
   1.5432310E+03   0.0000000E+00   0.0000000E+00   0.0000000E+00   0.0000000E+00
   1.5432385E+03   0.0000000E+00   0.0000000E+00   0.0000000E+00   0.0000000E+00
   1.5432460E+03   0.0000000E+00   0.0000000E+00   0.0000000E+00   0.0000000E+00
   1.5432536E+03   0.0000000E+00   0.0000000E+00   0.0000000E+00   0.0000000E+00
   1.5432611E+03   0.0000000E+00   0.0000000E+00   0.0000000E+00   0.0000000E+00
   1.5432686E+03   0.0000000E+00   0.0000000E+00   0.0000000E+00   0.0000000E+00
   1.5432762E+03   0.0000000E+00   0.0000000E+00   0.0000000E+00   0.0000000E+00
   1.5432837E+03   0.0000000E+00   0.0000000E+00   0.0000000E+00   0.0000000E+00
   1.5432912E+03   0.0000000E+00   0.0000000E+00   0.0000000E+00   0.0000000E+00
   1.5432987E+03   0.0000000E+00   0.0000000E+00   0.0000000E+00   0.0000000E+00
   1.5433063E+03   0.0000000E+00   0.0000000E+00   0.0000000E+00   0.0000000E+00
   1.5433138E+03   0.0000000E+00   0.0000000E+00   0.0000000E+00   0.0000000E+00
   1.5433213E+03   0.0000000E+00   0.0000000E+00   0.0000000E+00   0.0000000E+00
   1.5433289E+03   0.0000000E+00   0.0000000E+00   0.0000000E+00   0.0000000E+00
   1.5433364E+03   0.0000000E+00   0.0000000E+00   0.0000000E+00   0.0000000E+00
   1.5433439E+03   0.0000000E+00   0.0000000E+00   0.0000000E+00   0.0000000E+00
   1.5433514E+03   0.0000000E+00   0.0000000E+00   0.0000000E+00   0.0000000E+00
   1.5433590E+03   0.0000000E+00   0.0000000E+00   0.0000000E+00   0.0000000E+00
   1.5433665E+03   0.0000000E+00   0.0000000E+00   0.0000000E+00   0.0000000E+00
   1.5433740E+03   0.0000000E+00   0.0000000E+00   0.0000000E+00   0.0000000E+00
   1.5433815E+03   0.0000000E+00   0.0000000E+00   0.0000000E+00   0.0000000E+00
   1.5433891E+03   0.0000000E+00   0.0000000E+00   0.0000000E+00   0.0000000E+00
   1.5433966E+03   0.0000000E+00   0.0000000E+00   0.0000000E+00   0.0000000E+00
   1.5434041E+03   0.0000000E+00   0.0000000E+00   0.0000000E+00   0.0000000E+00
   1.5434117E+03   0.0000000E+00   0.0000000E+00   0.0000000E+00   0.0000000E+00
   1.5434192E+03   0.0000000E+00   0.0000000E+00   0.0000000E+00   0.0000000E+00
   1.5434267E+03   0.0000000E+00   0.0000000E+00   0.0000000E+00   0.0000000E+00
   1.5434342E+03   0.0000000E+00   0.0000000E+00   0.0000000E+00   0.0000000E+00
   1.5434418E+03   0.0000000E+00   0.0000000E+00   0.0000000E+00   0.0000000E+00
   1.5434493E+03   0.0000000E+00   0.0000000E+00   0.0000000E+00   0.0000000E+00
   1.5434568E+03   0.0000000E+00   0.0000000E+00   0.0000000E+00   0.0000000E+00
   1.5434644E+03   0.0000000E+00   0.0000000E+00   0.0000000E+00   0.0000000E+00
   1.5434719E+03   0.0000000E+00   0.0000000E+00   0.0000000E+00   0.0000000E+00
   1.5434794E+03   0.0000000E+00   0.0000000E+00   0.0000000E+00   0.0000000E+00
   1.5434869E+03   0.0000000E+00   0.0000000E+00   0.0000000E+00   0.0000000E+00
   1.5434945E+03   0.0000000E+00   0.0000000E+00   0.0000000E+00   0.0000000E+00
   1.5435020E+03   0.0000000E+00   0.0000000E+00   0.0000000E+00   0.0000000E+00
   1.5435095E+03   0.0000000E+00   0.0000000E+00   0.0000000E+00   0.0000000E+00
   1.5435171E+03   0.0000000E+00   0.0000000E+00   0.0000000E+00   0.0000000E+00
   1.5435246E+03   0.0000000E+00   0.0000000E+00   0.0000000E+00   0.0000000E+00
   1.5435321E+03   0.0000000E+00   0.0000000E+00   0.0000000E+00   0.0000000E+00
   1.5435396E+03   0.0000000E+00   0.0000000E+00   0.0000000E+00   0.0000000E+00
   1.5435472E+03   0.0000000E+00   0.0000000E+00   0.0000000E+00   0.0000000E+00
   1.5435547E+03   0.0000000E+00   0.0000000E+00   0.0000000E+00   0.0000000E+00
   1.5435622E+03   0.0000000E+00   0.0000000E+00   0.0000000E+00   0.0000000E+00
   1.5435698E+03   0.0000000E+00   0.0000000E+00   0.0000000E+00   0.0000000E+00
   1.5435773E+03   0.0000000E+00   0.0000000E+00   0.0000000E+00   0.0000000E+00
   1.5435848E+03   0.0000000E+00   0.0000000E+00   0.0000000E+00   0.0000000E+00
   1.5435923E+03   0.0000000E+00   0.0000000E+00   0.0000000E+00   0.0000000E+00
   1.5435999E+03   0.0000000E+00   0.0000000E+00   0.0000000E+00   0.0000000E+00
   1.5436074E+03   0.0000000E+00   0.0000000E+00   0.0000000E+00   0.0000000E+00
   1.5436149E+03   0.0000000E+00   0.0000000E+00   0.0000000E+00   0.0000000E+00
   1.5436225E+03   0.0000000E+00   0.0000000E+00   0.0000000E+00   0.0000000E+00
   1.5436300E+03   0.0000000E+00   0.0000000E+00   0.0000000E+00   0.0000000E+00
   1.5436375E+03   0.0000000E+00   0.0000000E+00   0.0000000E+00   0.0000000E+00
   1.5436450E+03   0.0000000E+00   0.0000000E+00   0.0000000E+00   0.0000000E+00
   1.5436526E+03   0.0000000E+00   0.0000000E+00   0.0000000E+00   0.0000000E+00
   1.5436601E+03   0.0000000E+00   0.0000000E+00   0.0000000E+00   0.0000000E+00
   1.5436676E+03   0.0000000E+00   0.0000000E+00   0.0000000E+00   0.0000000E+00
   1.5436752E+03   0.0000000E+00   0.0000000E+00   0.0000000E+00   0.0000000E+00
   1.5436827E+03   0.0000000E+00   0.0000000E+00   0.0000000E+00   0.0000000E+00
   1.5436902E+03   0.0000000E+00   0.0000000E+00   0.0000000E+00   0.0000000E+00
   1.5436977E+03   0.0000000E+00   0.0000000E+00   0.0000000E+00   0.0000000E+00
   1.5437053E+03   0.0000000E+00   0.0000000E+00   0.0000000E+00   0.0000000E+00
   1.5437128E+03   0.0000000E+00   0.0000000E+00   0.0000000E+00   0.0000000E+00
   1.5437203E+03   0.0000000E+00   0.0000000E+00   0.0000000E+00   0.0000000E+00
   1.5437279E+03   0.0000000E+00   0.0000000E+00   0.0000000E+00   0.0000000E+00
   1.5437354E+03   0.0000000E+00   0.0000000E+00   0.0000000E+00   0.0000000E+00
   1.5437429E+03   0.0000000E+00   0.0000000E+00   0.0000000E+00   0.0000000E+00
   1.5437504E+03   0.0000000E+00   0.0000000E+00   0.0000000E+00   0.0000000E+00
   1.5437580E+03   0.0000000E+00   0.0000000E+00   0.0000000E+00   0.0000000E+00
   1.5437655E+03   0.0000000E+00   0.0000000E+00   0.0000000E+00   0.0000000E+00
   1.5437730E+03   0.0000000E+00   0.0000000E+00   0.0000000E+00   0.0000000E+00
   1.5437806E+03   0.0000000E+00   0.0000000E+00   0.0000000E+00   0.0000000E+00
   1.5437881E+03   0.0000000E+00   0.0000000E+00   0.0000000E+00   0.0000000E+00
   1.5437956E+03   0.0000000E+00   0.0000000E+00   0.0000000E+00   0.0000000E+00
   1.5438031E+03   0.0000000E+00   0.0000000E+00   0.0000000E+00   0.0000000E+00
   1.5438107E+03   0.0000000E+00   0.0000000E+00   0.0000000E+00   0.0000000E+00
   1.5438182E+03   0.0000000E+00   0.0000000E+00   0.0000000E+00   0.0000000E+00
   1.5438257E+03   0.0000000E+00   0.0000000E+00   0.0000000E+00   0.0000000E+00
   1.5438332E+03   0.0000000E+00   0.0000000E+00   0.0000000E+00   0.0000000E+00
   1.5438408E+03   0.0000000E+00   0.0000000E+00   0.0000000E+00   0.0000000E+00
   1.5438483E+03   0.0000000E+00   0.0000000E+00   0.0000000E+00   0.0000000E+00
   1.5438558E+03   0.0000000E+00   0.0000000E+00   0.0000000E+00   0.0000000E+00
   1.5438634E+03   0.0000000E+00   0.0000000E+00   0.0000000E+00   0.0000000E+00
   1.5438709E+03   0.0000000E+00   0.0000000E+00   0.0000000E+00   0.0000000E+00
   1.5438784E+03   0.0000000E+00   0.0000000E+00   0.0000000E+00   0.0000000E+00
   1.5438859E+03   0.0000000E+00   0.0000000E+00   0.0000000E+00   0.0000000E+00
   1.5438935E+03   0.0000000E+00   0.0000000E+00   0.0000000E+00   0.0000000E+00
   1.5439010E+03   0.0000000E+00   0.0000000E+00   0.0000000E+00   0.0000000E+00
   1.5439085E+03   0.0000000E+00   0.0000000E+00   0.0000000E+00   0.0000000E+00
   1.5439161E+03   0.0000000E+00   0.0000000E+00   0.0000000E+00   0.0000000E+00
   1.5439236E+03   0.0000000E+00   0.0000000E+00   0.0000000E+00   0.0000000E+00
   1.5439311E+03   0.0000000E+00   0.0000000E+00   0.0000000E+00   0.0000000E+00
   1.5439386E+03   0.0000000E+00   0.0000000E+00   0.0000000E+00   0.0000000E+00
   1.5439462E+03   0.0000000E+00   0.0000000E+00   0.0000000E+00   0.0000000E+00
   1.5439537E+03   0.0000000E+00   0.0000000E+00   0.0000000E+00   0.0000000E+00
   1.5439612E+03   0.0000000E+00   0.0000000E+00   0.0000000E+00   0.0000000E+00
   1.5439688E+03   0.0000000E+00   0.0000000E+00   0.0000000E+00   0.0000000E+00
   1.5439763E+03   0.0000000E+00   0.0000000E+00   0.0000000E+00   0.0000000E+00
   1.5439838E+03   0.0000000E+00   0.0000000E+00   0.0000000E+00   0.0000000E+00
   1.5439913E+03   0.0000000E+00   0.0000000E+00   0.0000000E+00   0.0000000E+00
   1.5439989E+03   0.0000000E+00   0.0000000E+00   0.0000000E+00   0.0000000E+00
   1.5440064E+03   0.0000000E+00   0.0000000E+00   0.0000000E+00   0.0000000E+00
   1.5440139E+03   0.0000000E+00   0.0000000E+00   0.0000000E+00   0.0000000E+00
   1.5440215E+03   0.0000000E+00   0.0000000E+00   0.0000000E+00   0.0000000E+00
   1.5440290E+03   0.0000000E+00   0.0000000E+00   0.0000000E+00   0.0000000E+00
   1.5440365E+03   0.0000000E+00   0.0000000E+00   0.0000000E+00   0.0000000E+00
   1.5440440E+03   0.0000000E+00   0.0000000E+00   0.0000000E+00   0.0000000E+00
   1.5440516E+03   0.0000000E+00   0.0000000E+00   0.0000000E+00   0.0000000E+00
   1.5440591E+03   0.0000000E+00   0.0000000E+00   0.0000000E+00   0.0000000E+00
   1.5440666E+03   0.0000000E+00   0.0000000E+00   0.0000000E+00   0.0000000E+00
   1.5440742E+03   0.0000000E+00   0.0000000E+00   0.0000000E+00   0.0000000E+00
   1.5440817E+03   0.0000000E+00   0.0000000E+00   0.0000000E+00   0.0000000E+00
   1.5440892E+03   0.0000000E+00   0.0000000E+00   0.0000000E+00   0.0000000E+00
   1.5440967E+03   0.0000000E+00   0.0000000E+00   0.0000000E+00   0.0000000E+00
   1.5441043E+03   0.0000000E+00   0.0000000E+00   0.0000000E+00   0.0000000E+00
   1.5441118E+03   0.0000000E+00   0.0000000E+00   0.0000000E+00   0.0000000E+00
   1.5441193E+03   0.0000000E+00   0.0000000E+00   0.0000000E+00   0.0000000E+00
   1.5441269E+03   0.0000000E+00   0.0000000E+00   0.0000000E+00   0.0000000E+00
   1.5441344E+03   0.0000000E+00   0.0000000E+00   0.0000000E+00   0.0000000E+00
   1.5441419E+03   0.0000000E+00   0.0000000E+00   0.0000000E+00   0.0000000E+00
   1.5441494E+03   0.0000000E+00   0.0000000E+00   0.0000000E+00   0.0000000E+00
   1.5441570E+03   0.0000000E+00   0.0000000E+00   0.0000000E+00   0.0000000E+00
   1.5441645E+03   0.0000000E+00   0.0000000E+00   0.0000000E+00   0.0000000E+00
   1.5441720E+03   0.0000000E+00   0.0000000E+00   0.0000000E+00   0.0000000E+00
   1.5441796E+03   0.0000000E+00   0.0000000E+00   0.0000000E+00   0.0000000E+00
   1.5441871E+03   0.0000000E+00   0.0000000E+00   0.0000000E+00   0.0000000E+00
   1.5441946E+03   0.0000000E+00   0.0000000E+00   0.0000000E+00   0.0000000E+00
   1.5442021E+03   0.0000000E+00   0.0000000E+00   0.0000000E+00   0.0000000E+00
   1.5442097E+03   0.0000000E+00   0.0000000E+00   0.0000000E+00   0.0000000E+00
   1.5442172E+03   0.0000000E+00   0.0000000E+00   0.0000000E+00   0.0000000E+00
   1.5442247E+03   0.0000000E+00   0.0000000E+00   0.0000000E+00   0.0000000E+00
   1.5442323E+03   0.0000000E+00   0.0000000E+00   0.0000000E+00   0.0000000E+00
   1.5442398E+03   0.0000000E+00   0.0000000E+00   0.0000000E+00   0.0000000E+00
   1.5442473E+03   0.0000000E+00   0.0000000E+00   0.0000000E+00   0.0000000E+00
   1.5442548E+03   0.0000000E+00   0.0000000E+00   0.0000000E+00   0.0000000E+00
   1.5442624E+03   0.0000000E+00   0.0000000E+00   0.0000000E+00   0.0000000E+00
   1.5442699E+03   0.0000000E+00   0.0000000E+00   0.0000000E+00   0.0000000E+00
   1.5442774E+03   0.0000000E+00   0.0000000E+00   0.0000000E+00   0.0000000E+00
   1.5442849E+03   0.0000000E+00   0.0000000E+00   0.0000000E+00   0.0000000E+00
   1.5442925E+03   0.0000000E+00   0.0000000E+00   0.0000000E+00   0.0000000E+00
   1.5443000E+03   0.0000000E+00   0.0000000E+00   0.0000000E+00   0.0000000E+00
   1.5443075E+03   0.0000000E+00   0.0000000E+00   0.0000000E+00   0.0000000E+00
   1.5443151E+03   0.0000000E+00   0.0000000E+00   0.0000000E+00   0.0000000E+00
   1.5443226E+03   0.0000000E+00   0.0000000E+00   0.0000000E+00   0.0000000E+00
   1.5443301E+03   0.0000000E+00   0.0000000E+00   0.0000000E+00   0.0000000E+00
   1.5443376E+03   0.0000000E+00   0.0000000E+00   0.0000000E+00   0.0000000E+00
   1.5443452E+03   0.0000000E+00   0.0000000E+00   0.0000000E+00   0.0000000E+00
   1.5443527E+03   0.0000000E+00   0.0000000E+00   0.0000000E+00   0.0000000E+00
   1.5443602E+03   0.0000000E+00   0.0000000E+00   0.0000000E+00   0.0000000E+00
   1.5443678E+03   0.0000000E+00   0.0000000E+00   0.0000000E+00   0.0000000E+00
   1.5443753E+03   0.0000000E+00   0.0000000E+00   0.0000000E+00   0.0000000E+00
   1.5443828E+03   0.0000000E+00   0.0000000E+00   0.0000000E+00   0.0000000E+00
   1.5443903E+03   0.0000000E+00   0.0000000E+00   0.0000000E+00   0.0000000E+00
   1.5443979E+03   0.0000000E+00   0.0000000E+00   0.0000000E+00   0.0000000E+00
   1.5444054E+03   0.0000000E+00   0.0000000E+00   0.0000000E+00   0.0000000E+00
   1.5444129E+03   0.0000000E+00   0.0000000E+00   0.0000000E+00   0.0000000E+00
   1.5444205E+03   0.0000000E+00   0.0000000E+00   0.0000000E+00   0.0000000E+00
   1.5444280E+03   0.0000000E+00   0.0000000E+00   0.0000000E+00   0.0000000E+00
   1.5444355E+03   0.0000000E+00   0.0000000E+00   0.0000000E+00   0.0000000E+00
   1.5444430E+03   0.0000000E+00   0.0000000E+00   0.0000000E+00   0.0000000E+00
   1.5444506E+03   0.0000000E+00   0.0000000E+00   0.0000000E+00   0.0000000E+00
   1.5444581E+03   0.0000000E+00   0.0000000E+00   0.0000000E+00   0.0000000E+00
   1.5444656E+03   0.0000000E+00   0.0000000E+00   0.0000000E+00   0.0000000E+00
   1.5444732E+03   0.0000000E+00   0.0000000E+00   0.0000000E+00   0.0000000E+00
   1.5444807E+03   0.0000000E+00   0.0000000E+00   0.0000000E+00   0.0000000E+00
   1.5444882E+03   0.0000000E+00   0.0000000E+00   0.0000000E+00   0.0000000E+00
   1.5444957E+03   0.0000000E+00   0.0000000E+00   0.0000000E+00   0.0000000E+00
   1.5445033E+03   0.0000000E+00   0.0000000E+00   0.0000000E+00   0.0000000E+00
   1.5445108E+03   0.0000000E+00   0.0000000E+00   0.0000000E+00   0.0000000E+00
   1.5445183E+03   0.0000000E+00   0.0000000E+00   0.0000000E+00   0.0000000E+00
   1.5445259E+03   0.0000000E+00   0.0000000E+00   0.0000000E+00   0.0000000E+00
   1.5445334E+03   0.0000000E+00   0.0000000E+00   0.0000000E+00   0.0000000E+00
   1.5445409E+03   0.0000000E+00   0.0000000E+00   0.0000000E+00   0.0000000E+00
   1.5445484E+03   0.0000000E+00   0.0000000E+00   0.0000000E+00   0.0000000E+00
   1.5445560E+03   0.0000000E+00   0.0000000E+00   0.0000000E+00   0.0000000E+00
   1.5445635E+03   0.0000000E+00   0.0000000E+00   0.0000000E+00   0.0000000E+00
   1.5445710E+03   0.0000000E+00   0.0000000E+00   0.0000000E+00   0.0000000E+00
   1.5445786E+03   0.0000000E+00   0.0000000E+00   0.0000000E+00   0.0000000E+00
   1.5445861E+03   0.0000000E+00   0.0000000E+00   0.0000000E+00   0.0000000E+00
   1.5445936E+03   0.0000000E+00   0.0000000E+00   0.0000000E+00   0.0000000E+00
   1.5446011E+03   0.0000000E+00   0.0000000E+00   0.0000000E+00   0.0000000E+00
   1.5446087E+03   0.0000000E+00   0.0000000E+00   0.0000000E+00   0.0000000E+00
   1.5446162E+03   0.0000000E+00   0.0000000E+00   0.0000000E+00   0.0000000E+00
   1.5446237E+03   0.0000000E+00   0.0000000E+00   0.0000000E+00   0.0000000E+00
   1.5446313E+03   0.0000000E+00   0.0000000E+00   0.0000000E+00   0.0000000E+00
   1.5446388E+03   0.0000000E+00   0.0000000E+00   0.0000000E+00   0.0000000E+00
   1.5446463E+03   0.0000000E+00   0.0000000E+00   0.0000000E+00   0.0000000E+00
   1.5446538E+03   0.0000000E+00   0.0000000E+00   0.0000000E+00   0.0000000E+00
   1.5446614E+03   0.0000000E+00   0.0000000E+00   0.0000000E+00   0.0000000E+00
   1.5446689E+03   0.0000000E+00   0.0000000E+00   0.0000000E+00   0.0000000E+00
   1.5446764E+03   0.0000000E+00   0.0000000E+00   0.0000000E+00   0.0000000E+00
   1.5446840E+03   0.0000000E+00   0.0000000E+00   0.0000000E+00   0.0000000E+00
   1.5446915E+03   0.0000000E+00   0.0000000E+00   0.0000000E+00   0.0000000E+00
   1.5446990E+03   0.0000000E+00   0.0000000E+00   0.0000000E+00   0.0000000E+00
   1.5447065E+03   0.0000000E+00   0.0000000E+00   0.0000000E+00   0.0000000E+00
   1.5447141E+03   0.0000000E+00   0.0000000E+00   0.0000000E+00   0.0000000E+00
   1.5447216E+03   0.0000000E+00   0.0000000E+00   0.0000000E+00   0.0000000E+00
   1.5447291E+03   0.0000000E+00   0.0000000E+00   0.0000000E+00   0.0000000E+00
   1.5447366E+03   0.0000000E+00   0.0000000E+00   0.0000000E+00   0.0000000E+00
   1.5447442E+03   0.0000000E+00   0.0000000E+00   0.0000000E+00   0.0000000E+00
   1.5447517E+03   0.0000000E+00   0.0000000E+00   0.0000000E+00   0.0000000E+00
   1.5447592E+03   0.0000000E+00   0.0000000E+00   0.0000000E+00   0.0000000E+00
   1.5447668E+03   0.0000000E+00   0.0000000E+00   0.0000000E+00   0.0000000E+00
   1.5447743E+03   0.0000000E+00   0.0000000E+00   0.0000000E+00   0.0000000E+00
   1.5447818E+03   0.0000000E+00   0.0000000E+00   0.0000000E+00   0.0000000E+00
   1.5447893E+03   0.0000000E+00   0.0000000E+00   0.0000000E+00   0.0000000E+00
   1.5447969E+03   0.0000000E+00   0.0000000E+00   0.0000000E+00   0.0000000E+00
   1.5448044E+03   0.0000000E+00   0.0000000E+00   0.0000000E+00   0.0000000E+00
   1.5448119E+03   0.0000000E+00   0.0000000E+00   0.0000000E+00   0.0000000E+00
   1.5448195E+03   0.0000000E+00   0.0000000E+00   0.0000000E+00   0.0000000E+00
   1.5448270E+03   0.0000000E+00   0.0000000E+00   0.0000000E+00   0.0000000E+00
   1.5448345E+03   0.0000000E+00   0.0000000E+00   0.0000000E+00   0.0000000E+00
   1.5448420E+03   0.0000000E+00   0.0000000E+00   0.0000000E+00   0.0000000E+00
   1.5448496E+03   0.0000000E+00   0.0000000E+00   0.0000000E+00   0.0000000E+00
   1.5448571E+03   0.0000000E+00   0.0000000E+00   0.0000000E+00   0.0000000E+00
   1.5448646E+03   0.0000000E+00   0.0000000E+00   0.0000000E+00   0.0000000E+00
   1.5448722E+03   0.0000000E+00   0.0000000E+00   0.0000000E+00   0.0000000E+00
   1.5448797E+03   0.0000000E+00   0.0000000E+00   0.0000000E+00   0.0000000E+00
   1.5448872E+03   0.0000000E+00   0.0000000E+00   0.0000000E+00   0.0000000E+00
   1.5448947E+03   0.0000000E+00   0.0000000E+00   0.0000000E+00   0.0000000E+00
   1.5449023E+03   0.0000000E+00   0.0000000E+00   0.0000000E+00   0.0000000E+00
   1.5449098E+03   0.0000000E+00   0.0000000E+00   0.0000000E+00   0.0000000E+00
   1.5449173E+03   0.0000000E+00   0.0000000E+00   0.0000000E+00   0.0000000E+00
   1.5449249E+03   0.0000000E+00   0.0000000E+00   0.0000000E+00   0.0000000E+00
   1.5449324E+03   0.0000000E+00   0.0000000E+00   0.0000000E+00   0.0000000E+00
   1.5449399E+03   0.0000000E+00   0.0000000E+00   0.0000000E+00   0.0000000E+00
   1.5449474E+03   0.0000000E+00   0.0000000E+00   0.0000000E+00   0.0000000E+00
   1.5449550E+03   0.0000000E+00   0.0000000E+00   0.0000000E+00   0.0000000E+00
   1.5449625E+03   0.0000000E+00   0.0000000E+00   0.0000000E+00   0.0000000E+00
   1.5449700E+03   0.0000000E+00   0.0000000E+00   0.0000000E+00   0.0000000E+00
   1.5449776E+03   0.0000000E+00   0.0000000E+00   0.0000000E+00   0.0000000E+00
   1.5449851E+03   0.0000000E+00   0.0000000E+00   0.0000000E+00   0.0000000E+00
   1.5449926E+03   0.0000000E+00   0.0000000E+00   0.0000000E+00   0.0000000E+00
   1.5450001E+03   0.0000000E+00   0.0000000E+00   0.0000000E+00   0.0000000E+00
   1.5450077E+03   0.0000000E+00   0.0000000E+00   0.0000000E+00   0.0000000E+00
   1.5450152E+03   0.0000000E+00   0.0000000E+00   0.0000000E+00   0.0000000E+00
   1.5450227E+03   0.0000000E+00   0.0000000E+00   0.0000000E+00   0.0000000E+00
   1.5450303E+03   0.0000000E+00   0.0000000E+00   0.0000000E+00   0.0000000E+00
   1.5450378E+03   0.0000000E+00   0.0000000E+00   0.0000000E+00   0.0000000E+00
   1.5450453E+03   0.0000000E+00   0.0000000E+00   0.0000000E+00   0.0000000E+00
   1.5450528E+03   0.0000000E+00   0.0000000E+00   0.0000000E+00   0.0000000E+00
   1.5450604E+03   0.0000000E+00   0.0000000E+00   0.0000000E+00   0.0000000E+00
   1.5450679E+03   0.0000000E+00   0.0000000E+00   0.0000000E+00   0.0000000E+00
   1.5450754E+03   0.0000000E+00   0.0000000E+00   0.0000000E+00   0.0000000E+00
   1.5450830E+03   0.0000000E+00   0.0000000E+00   0.0000000E+00   0.0000000E+00
   1.5450905E+03   0.0000000E+00   0.0000000E+00   0.0000000E+00   0.0000000E+00
   1.5450980E+03   0.0000000E+00   0.0000000E+00   0.0000000E+00   0.0000000E+00
   1.5451055E+03   0.0000000E+00   0.0000000E+00   0.0000000E+00   0.0000000E+00
   1.5451131E+03   0.0000000E+00   0.0000000E+00   0.0000000E+00   0.0000000E+00
   1.5451206E+03   0.0000000E+00   0.0000000E+00   0.0000000E+00   0.0000000E+00
   1.5451281E+03   0.0000000E+00   0.0000000E+00   0.0000000E+00   0.0000000E+00
   1.5451357E+03   0.0000000E+00   0.0000000E+00   0.0000000E+00   0.0000000E+00
   1.5451432E+03   0.0000000E+00   0.0000000E+00   0.0000000E+00   0.0000000E+00
   1.5451507E+03   0.0000000E+00   0.0000000E+00   0.0000000E+00   0.0000000E+00
   1.5451582E+03   0.0000000E+00   0.0000000E+00   0.0000000E+00   0.0000000E+00
   1.5451658E+03   0.0000000E+00   0.0000000E+00   0.0000000E+00   0.0000000E+00
   1.5451733E+03   0.0000000E+00   0.0000000E+00   0.0000000E+00   0.0000000E+00
   1.5451808E+03   0.0000000E+00   0.0000000E+00   0.0000000E+00   0.0000000E+00
   1.5451883E+03   0.0000000E+00   0.0000000E+00   0.0000000E+00   0.0000000E+00
   1.5451959E+03   0.0000000E+00   0.0000000E+00   0.0000000E+00   0.0000000E+00
   1.5452034E+03   0.0000000E+00   0.0000000E+00   0.0000000E+00   0.0000000E+00
   1.5452109E+03   0.0000000E+00   0.0000000E+00   0.0000000E+00   0.0000000E+00
   1.5452185E+03   0.0000000E+00   0.0000000E+00   0.0000000E+00   0.0000000E+00
   1.5452260E+03   0.0000000E+00   0.0000000E+00   0.0000000E+00   0.0000000E+00
   1.5452335E+03   0.0000000E+00   0.0000000E+00   0.0000000E+00   0.0000000E+00
   1.5452410E+03   0.0000000E+00   0.0000000E+00   0.0000000E+00   0.0000000E+00
   1.5452486E+03   0.0000000E+00   0.0000000E+00   0.0000000E+00   0.0000000E+00
   1.5452561E+03   0.0000000E+00   0.0000000E+00   0.0000000E+00   0.0000000E+00
   1.5452636E+03   0.0000000E+00   0.0000000E+00   0.0000000E+00   0.0000000E+00
   1.5452712E+03   0.0000000E+00   0.0000000E+00   0.0000000E+00   0.0000000E+00
   1.5452787E+03   0.0000000E+00   0.0000000E+00   0.0000000E+00   0.0000000E+00
   1.5452862E+03   0.0000000E+00   0.0000000E+00   0.0000000E+00   0.0000000E+00
   1.5452937E+03   0.0000000E+00   0.0000000E+00   0.0000000E+00   0.0000000E+00
   1.5453013E+03   0.0000000E+00   0.0000000E+00   0.0000000E+00   0.0000000E+00
   1.5453088E+03   0.0000000E+00   0.0000000E+00   0.0000000E+00   0.0000000E+00
   1.5453163E+03   0.0000000E+00   0.0000000E+00   0.0000000E+00   0.0000000E+00
   1.5453239E+03   0.0000000E+00   0.0000000E+00   0.0000000E+00   0.0000000E+00
   1.5453314E+03   0.0000000E+00   0.0000000E+00   0.0000000E+00   0.0000000E+00
   1.5453389E+03   0.0000000E+00   0.0000000E+00   0.0000000E+00   0.0000000E+00
   1.5453464E+03   0.0000000E+00   0.0000000E+00   0.0000000E+00   0.0000000E+00
   1.5453540E+03   0.0000000E+00   0.0000000E+00   0.0000000E+00   0.0000000E+00
   1.5453615E+03   0.0000000E+00   0.0000000E+00   0.0000000E+00   0.0000000E+00
   1.5453690E+03   0.0000000E+00   0.0000000E+00   0.0000000E+00   0.0000000E+00
   1.5453766E+03   0.0000000E+00   0.0000000E+00   0.0000000E+00   0.0000000E+00
   1.5453841E+03   0.0000000E+00   0.0000000E+00   0.0000000E+00   0.0000000E+00
   1.5453916E+03   0.0000000E+00   0.0000000E+00   0.0000000E+00   0.0000000E+00
   1.5453991E+03   0.0000000E+00   0.0000000E+00   0.0000000E+00   0.0000000E+00
   1.5454067E+03   0.0000000E+00   0.0000000E+00   0.0000000E+00   0.0000000E+00
   1.5454142E+03   0.0000000E+00   0.0000000E+00   0.0000000E+00   0.0000000E+00
   1.5454217E+03   0.0000000E+00   0.0000000E+00   0.0000000E+00   0.0000000E+00
   1.5454293E+03   0.0000000E+00   0.0000000E+00   0.0000000E+00   0.0000000E+00
   1.5454368E+03   1.0000000E+00   0.0000000E+00   0.0000000E+00   0.0000000E+00
   1.5454443E+03   0.0000000E+00   0.0000000E+00   0.0000000E+00   0.0000000E+00
   1.5454518E+03   0.0000000E+00   0.0000000E+00   0.0000000E+00   0.0000000E+00
   1.5454594E+03   0.0000000E+00   0.0000000E+00   0.0000000E+00   0.0000000E+00
   1.5454669E+03   0.0000000E+00   0.0000000E+00   0.0000000E+00   0.0000000E+00
   1.5454744E+03   2.0000000E+00   2.0000000E+00   0.0000000E+00   0.0000000E+00
   1.5454820E+03   1.0000000E+00   0.0000000E+00   0.0000000E+00   0.0000000E+00
   1.5454895E+03   0.0000000E+00   0.0000000E+00   0.0000000E+00   0.0000000E+00
   1.5454970E+03   0.0000000E+00   0.0000000E+00   0.0000000E+00   0.0000000E+00
   1.5455045E+03   0.0000000E+00   0.0000000E+00   0.0000000E+00   0.0000000E+00
   1.5455121E+03   0.0000000E+00   0.0000000E+00   0.0000000E+00   0.0000000E+00
   1.5455196E+03   0.0000000E+00   0.0000000E+00   0.0000000E+00   0.0000000E+00
   1.5455271E+03   0.0000000E+00   0.0000000E+00   0.0000000E+00   0.0000000E+00
   1.5455347E+03   0.0000000E+00   0.0000000E+00   0.0000000E+00   0.0000000E+00
   1.5455422E+03   0.0000000E+00   0.0000000E+00   0.0000000E+00   0.0000000E+00
   1.5455497E+03   0.0000000E+00   0.0000000E+00   0.0000000E+00   0.0000000E+00
   1.5455572E+03   0.0000000E+00   0.0000000E+00   0.0000000E+00   0.0000000E+00
   1.5455648E+03   1.0000000E+00   0.0000000E+00   0.0000000E+00   0.0000000E+00
   1.5455723E+03   0.0000000E+00   0.0000000E+00   0.0000000E+00   0.0000000E+00
   1.5455798E+03   0.0000000E+00   0.0000000E+00   0.0000000E+00   0.0000000E+00
   1.5455874E+03   0.0000000E+00   0.0000000E+00   0.0000000E+00   0.0000000E+00
   1.5455949E+03   1.0000000E+00   0.0000000E+00   0.0000000E+00   0.0000000E+00
   1.5456024E+03   0.0000000E+00   0.0000000E+00   0.0000000E+00   0.0000000E+00
   1.5456099E+03   0.0000000E+00   0.0000000E+00   0.0000000E+00   0.0000000E+00
   1.5456175E+03   1.0000000E+00   1.0000000E+00   0.0000000E+00   0.0000000E+00
   1.5456250E+03   0.0000000E+00   0.0000000E+00   0.0000000E+00   0.0000000E+00
   1.5456325E+03   0.0000000E+00   0.0000000E+00   0.0000000E+00   0.0000000E+00
   1.5456400E+03   0.0000000E+00   0.0000000E+00   0.0000000E+00   0.0000000E+00
   1.5456476E+03   0.0000000E+00   0.0000000E+00   0.0000000E+00   0.0000000E+00
   1.5456551E+03   2.0000000E+00   0.0000000E+00   0.0000000E+00   0.0000000E+00
   1.5456626E+03   1.0000000E+00   0.0000000E+00   0.0000000E+00   0.0000000E+00
   1.5456702E+03   0.0000000E+00   0.0000000E+00   0.0000000E+00   0.0000000E+00
   1.5456777E+03   0.0000000E+00   0.0000000E+00   0.0000000E+00   0.0000000E+00
   1.5456852E+03   1.0000000E+00   1.0000000E+00   0.0000000E+00   0.0000000E+00
   1.5456927E+03   1.0000000E+00   1.0000000E+00   0.0000000E+00   0.0000000E+00
   1.5457003E+03   0.0000000E+00   0.0000000E+00   0.0000000E+00   0.0000000E+00
   1.5457078E+03   0.0000000E+00   0.0000000E+00   0.0000000E+00   0.0000000E+00
   1.5457153E+03   1.0000000E+00   1.0000000E+00   0.0000000E+00   0.0000000E+00
   1.5457229E+03   1.0000000E+00   1.0000000E+00   0.0000000E+00   0.0000000E+00
   1.5457304E+03   3.0000000E+00   1.0000000E+00   0.0000000E+00   0.0000000E+00
   1.5457379E+03   0.0000000E+00   0.0000000E+00   0.0000000E+00   0.0000000E+00
   1.5457454E+03   1.0000000E+00   1.0000000E+00   0.0000000E+00   0.0000000E+00
   1.5457530E+03   0.0000000E+00   0.0000000E+00   0.0000000E+00   0.0000000E+00
   1.5457605E+03   0.0000000E+00   0.0000000E+00   0.0000000E+00   0.0000000E+00
   1.5457680E+03   2.0000000E+00   1.0000000E+00   0.0000000E+00   0.0000000E+00
   1.5457756E+03   1.0000000E+00   0.0000000E+00   0.0000000E+00   0.0000000E+00
   1.5457831E+03   0.0000000E+00   0.0000000E+00   0.0000000E+00   0.0000000E+00
   1.5457906E+03   2.0000000E+00   1.0000000E+00   0.0000000E+00   0.0000000E+00
   1.5457981E+03   4.0000000E+00   1.0000000E+00   0.0000000E+00   0.0000000E+00
   1.5458057E+03   1.0000000E+00   0.0000000E+00   0.0000000E+00   0.0000000E+00
   1.5458132E+03   0.0000000E+00   0.0000000E+00   0.0000000E+00   0.0000000E+00
   1.5458207E+03   1.0000000E+00   0.0000000E+00   0.0000000E+00   0.0000000E+00
   1.5458283E+03   1.0000000E+00   1.0000000E+00   0.0000000E+00   0.0000000E+00
   1.5458358E+03   5.0000000E+00   3.0000000E+00   0.0000000E+00   0.0000000E+00
   1.5458433E+03   4.0000000E+00   2.0000000E+00   0.0000000E+00   0.0000000E+00
   1.5458508E+03   0.0000000E+00   0.0000000E+00   0.0000000E+00   0.0000000E+00
   1.5458584E+03   5.0000000E+00   3.0000000E+00   0.0000000E+00   0.0000000E+00
   1.5458659E+03   2.0000000E+00   2.0000000E+00   0.0000000E+00   0.0000000E+00
   1.5458734E+03   1.0000000E+00   1.0000000E+00   0.0000000E+00   0.0000000E+00
   1.5458810E+03   6.0000000E+00   5.0000000E+00   0.0000000E+00   0.0000000E+00
   1.5458885E+03   2.0000000E+00   2.0000000E+00   0.0000000E+00   0.0000000E+00
   1.5458960E+03   3.0000000E+00   2.0000000E+00   0.0000000E+00   0.0000000E+00
   1.5459035E+03   7.0000000E+00   5.0000000E+00   0.0000000E+00   0.0000000E+00
   1.5459111E+03   5.0000000E+00   4.0000000E+00   0.0000000E+00   0.0000000E+00
   1.5459186E+03   5.0000000E+00   5.0000000E+00   0.0000000E+00   0.0000000E+00
   1.5459261E+03   3.0000000E+00   3.0000000E+00   0.0000000E+00   0.0000000E+00
   1.5459337E+03   7.0000000E+00   4.0000000E+00   0.0000000E+00   0.0000000E+00
   1.5459412E+03   3.0000000E+00   3.0000000E+00   0.0000000E+00   0.0000000E+00
   1.5459487E+03   1.1000000E+01   8.0000000E+00   0.0000000E+00   0.0000000E+00
   1.5459562E+03   1.1000000E+01   6.0000000E+00   0.0000000E+00   0.0000000E+00
   1.5459638E+03   6.0000000E+00   5.0000000E+00   0.0000000E+00   0.0000000E+00
   1.5459713E+03   9.0000000E+00   6.0000000E+00   0.0000000E+00   0.0000000E+00
   1.5459788E+03   1.6000000E+01   9.0000000E+00   0.0000000E+00   0.0000000E+00
   1.5459864E+03   9.0000000E+00   6.0000000E+00   0.0000000E+00   0.0000000E+00
   1.5459939E+03   8.0000000E+00   3.0000000E+00   0.0000000E+00   0.0000000E+00
   1.5460014E+03   4.0000000E+00   2.0000000E+00   0.0000000E+00   0.0000000E+00
   1.5460089E+03   6.0000000E+00   5.0000000E+00   0.0000000E+00   0.0000000E+00
   1.5460165E+03   1.8000000E+01   1.3000000E+01   0.0000000E+00   0.0000000E+00
   1.5460240E+03   1.0000000E+01   7.0000000E+00   0.0000000E+00   0.0000000E+00
   1.5460315E+03   1.1000000E+01   9.0000000E+00   0.0000000E+00   0.0000000E+00
   1.5460391E+03   1.3000000E+01   8.0000000E+00   0.0000000E+00   0.0000000E+00
   1.5460466E+03   9.0000000E+00   7.0000000E+00   0.0000000E+00   0.0000000E+00
   1.5460541E+03   1.5000000E+01   1.2000000E+01   0.0000000E+00   0.0000000E+00
   1.5460616E+03   1.2000000E+01   6.0000000E+00   0.0000000E+00   0.0000000E+00
   1.5460692E+03   1.4000000E+01   7.0000000E+00   0.0000000E+00   0.0000000E+00
   1.5460767E+03   1.2000000E+01   1.1000000E+01   0.0000000E+00   0.0000000E+00
   1.5460842E+03   1.9000000E+01   1.5000000E+01   0.0000000E+00   0.0000000E+00
   1.5460917E+03   2.2000000E+01   8.0000000E+00   0.0000000E+00   0.0000000E+00
   1.5460993E+03   2.6000000E+01   1.5000000E+01   0.0000000E+00   0.0000000E+00
   1.5461068E+03   1.5000000E+01   1.0000000E+01   0.0000000E+00   0.0000000E+00
   1.5461143E+03   1.9000000E+01   1.1000000E+01   0.0000000E+00   0.0000000E+00
   1.5461219E+03   1.7000000E+01   9.0000000E+00   0.0000000E+00   0.0000000E+00
   1.5461294E+03   2.8000000E+01   1.5000000E+01   0.0000000E+00   0.0000000E+00
   1.5461369E+03   3.2000000E+01   1.3000000E+01   0.0000000E+00   0.0000000E+00
   1.5461444E+03   2.1000000E+01   1.1000000E+01   0.0000000E+00   0.0000000E+00
   1.5461520E+03   3.1000000E+01   1.5000000E+01   0.0000000E+00   0.0000000E+00
   1.5461595E+03   3.0000000E+01   1.8000000E+01   0.0000000E+00   0.0000000E+00
   1.5461670E+03   3.8000000E+01   2.8000000E+01   0.0000000E+00   0.0000000E+00
   1.5461746E+03   3.3000000E+01   1.5000000E+01   0.0000000E+00   0.0000000E+00
   1.5461821E+03   2.7000000E+01   2.0000000E+01   0.0000000E+00   0.0000000E+00
   1.5461896E+03   3.7000000E+01   1.9000000E+01   0.0000000E+00   0.0000000E+00
   1.5461971E+03   4.3000000E+01   2.7000000E+01   0.0000000E+00   0.0000000E+00
   1.5462047E+03   4.2000000E+01   2.4000000E+01   0.0000000E+00   0.0000000E+00
   1.5462122E+03   3.6000000E+01   2.5000000E+01   0.0000000E+00   0.0000000E+00
   1.5462197E+03   4.3000000E+01   2.7000000E+01   0.0000000E+00   0.0000000E+00
   1.5462273E+03   4.5000000E+01   2.9000000E+01   0.0000000E+00   0.0000000E+00
   1.5462348E+03   5.8000000E+01   3.6000000E+01   0.0000000E+00   0.0000000E+00
   1.5462423E+03   4.2000000E+01   2.9000000E+01   0.0000000E+00   0.0000000E+00
   1.5462498E+03   6.5000000E+01   3.8000000E+01   0.0000000E+00   0.0000000E+00
   1.5462574E+03   4.7000000E+01   3.1000000E+01   0.0000000E+00   0.0000000E+00
   1.5462649E+03   6.2000000E+01   3.1000000E+01   0.0000000E+00   0.0000000E+00
   1.5462724E+03   6.8000000E+01   4.3000000E+01   0.0000000E+00   0.0000000E+00
   1.5462800E+03   7.5000000E+01   4.2000000E+01   0.0000000E+00   0.0000000E+00
   1.5462875E+03   7.9000000E+01   4.6000000E+01   0.0000000E+00   0.0000000E+00
   1.5462950E+03   6.9000000E+01   3.7000000E+01   0.0000000E+00   0.0000000E+00
   1.5463025E+03   7.8000000E+01   4.5000000E+01   0.0000000E+00   0.0000000E+00
   1.5463101E+03   8.4000000E+01   5.3000000E+01   0.0000000E+00   0.0000000E+00
   1.5463176E+03   7.9000000E+01   5.2000000E+01   0.0000000E+00   0.0000000E+00
   1.5463251E+03   8.3000000E+01   4.3000000E+01   0.0000000E+00   0.0000000E+00
   1.5463327E+03   9.3000000E+01   4.8000000E+01   0.0000000E+00   0.0000000E+00
   1.5463402E+03   8.2000000E+01   4.8000000E+01   0.0000000E+00   0.0000000E+00
   1.5463477E+03   1.1200000E+02   6.3000000E+01   0.0000000E+00   0.0000000E+00
   1.5463552E+03   9.3000000E+01   5.9000000E+01   0.0000000E+00   0.0000000E+00
   1.5463628E+03   9.2000000E+01   4.9000000E+01   0.0000000E+00   0.0000000E+00
   1.5463703E+03   1.0000000E+02   5.3000000E+01   0.0000000E+00   0.0000000E+00
   1.5463778E+03   1.2500000E+02   7.6000000E+01   0.0000000E+00   0.0000000E+00
   1.5463854E+03   1.4100000E+02   8.2000000E+01   4.5863761E-03   7.8863296E-03
   1.5463929E+03   1.6200000E+02   9.6000000E+01   1.1433852E-03   1.9294624E-03
   1.5464004E+03   1.2900000E+02   8.1000000E+01   0.0000000E+00   0.0000000E+00
   1.5464079E+03   1.4900000E+02   8.7000000E+01   0.0000000E+00   0.0000000E+00
   1.5464155E+03   1.6800000E+02   9.9000000E+01   0.0000000E+00   0.0000000E+00
   1.5464230E+03   1.8500000E+02   1.0200000E+02   0.0000000E+00   0.0000000E+00
   1.5464305E+03   1.8900000E+02   1.1500000E+02   0.0000000E+00   0.0000000E+00
   1.5464381E+03   1.9200000E+02   1.3200000E+02   0.0000000E+00   0.0000000E+00
   1.5464456E+03   2.0900000E+02   1.3000000E+02   1.5642375E-04   2.5148126E-04
   1.5464531E+03   1.9200000E+02   1.1500000E+02   0.0000000E+00   0.0000000E+00
   1.5464606E+03   1.9300000E+02   1.1300000E+02   0.0000000E+00   0.0000000E+00
   1.5464682E+03   1.8400000E+02   1.1600000E+02   0.0000000E+00   0.0000000E+00
   1.5464757E+03   2.0600000E+02   1.1700000E+02   0.0000000E+00   0.0000000E+00
   1.5464832E+03   2.3400000E+02   1.4500000E+02   0.0000000E+00   0.0000000E+00
   1.5464908E+03   2.5100000E+02   1.5200000E+02   0.0000000E+00   0.0000000E+00
   1.5464983E+03   2.6200000E+02   1.5800000E+02   9.2150819E-04   0.0000000E+00
   1.5465058E+03   3.0800000E+02   1.8500000E+02   0.0000000E+00   0.0000000E+00
   1.5465133E+03   2.9000000E+02   1.8600000E+02   8.0489174E-04   0.0000000E+00
   1.5465209E+03   2.9700000E+02   1.6600000E+02   0.0000000E+00   0.0000000E+00
   1.5465284E+03   3.0700000E+02   1.8300000E+02   3.3316993E-04   0.0000000E+00
   1.5465359E+03   3.2300000E+02   1.9400000E+02   2.3651698E-03   3.9378859E-03
   1.5465434E+03   3.4700000E+02   2.1000000E+02   5.5686823E-04   9.2015846E-04
   1.5465510E+03   3.6300000E+02   2.2100000E+02   0.0000000E+00   0.0000000E+00
   1.5465585E+03   3.7500000E+02   2.2700000E+02   3.8877283E-04   9.2427596E-04
   1.5465660E+03   3.7300000E+02   2.0600000E+02   1.2626471E-03   2.2862493E-03
   1.5465736E+03   4.1800000E+02   2.4500000E+02   0.0000000E+00   0.0000000E+00
   1.5465811E+03   4.2800000E+02   2.6900000E+02   0.0000000E+00   0.0000000E+00
   1.5465886E+03   4.2500000E+02   2.4400000E+02   1.0337756E-05   1.8006338E-05
   1.5465961E+03   4.5600000E+02   2.7800000E+02   0.0000000E+00   0.0000000E+00
   1.5466037E+03   4.4200000E+02   2.7700000E+02   0.0000000E+00   0.0000000E+00
   1.5466112E+03   4.7800000E+02   2.9300000E+02   0.0000000E+00   0.0000000E+00
   1.5466187E+03   5.0500000E+02   3.2200000E+02   1.0275183E-03   1.6114806E-03
   1.5466263E+03   5.1200000E+02   3.1700000E+02   0.0000000E+00   0.0000000E+00
   1.5466338E+03   5.6100000E+02   3.3200000E+02   0.0000000E+00   0.0000000E+00
   1.5466413E+03   6.0000000E+02   3.7500000E+02   2.7951902E-04   4.4723044E-04
   1.5466488E+03   6.1100000E+02   3.7800000E+02   1.7011554E-03   0.0000000E+00
   1.5466564E+03   6.6700000E+02   4.1700000E+02   0.0000000E+00   0.0000000E+00
   1.5466639E+03   6.9900000E+02   4.0800000E+02   1.1827588E-04   0.0000000E+00
   1.5466714E+03   6.8800000E+02   4.2300000E+02   1.1319466E-03   1.8410857E-03
   1.5466790E+03   6.8000000E+02   4.2200000E+02   8.3933956E-04   1.3524903E-03
   1.5466865E+03   7.2600000E+02   4.3900000E+02   0.0000000E+00   0.0000000E+00
   1.5466940E+03   7.6400000E+02   4.3700000E+02   8.8490636E-04   1.5470674E-03
   1.5467015E+03   8.3300000E+02   5.0700000E+02   8.8675152E-04   1.3457951E-03
   1.5467091E+03   8.2900000E+02   4.9900000E+02   6.9844156E-04   1.1603368E-03
   1.5467166E+03   8.6200000E+02   5.3100000E+02   0.0000000E+00   0.0000000E+00
   1.5467241E+03   9.1600000E+02   5.5500000E+02   2.2197051E-04   8.0714216E-04
   1.5467317E+03   9.5900000E+02   5.9300000E+02   7.0447601E-04   0.0000000E+00
   1.5467392E+03   9.4100000E+02   5.8200000E+02   2.4365366E-04   3.9394862E-04
   1.5467467E+03   1.0310000E+03   6.0800000E+02   9.3893938E-05   1.5921817E-04
   1.5467542E+03   1.0720000E+03   6.7300000E+02   1.4370509E-04   2.2890320E-04
   1.5467618E+03   1.0630000E+03   6.6500000E+02   6.4323961E-04   9.5106889E-04
   1.5467693E+03   1.2290000E+03   7.3800000E+02   2.6292904E-04   4.3785879E-04
   1.5467768E+03   1.1960000E+03   7.4700000E+02   6.4277511E-04   6.8870336E-04
   1.5467844E+03   1.2490000E+03   7.5800000E+02   7.1944431E-04   1.1854696E-03
   1.5467919E+03   1.3150000E+03   8.3400000E+02   9.4120385E-04   1.4058992E-03
   1.5467994E+03   1.3510000E+03   7.9900000E+02   1.9496377E-04   3.2965713E-04
   1.5468069E+03   1.3700000E+03   8.4900000E+02   5.3957092E-04   8.7068570E-04
   1.5468145E+03   1.4180000E+03   9.0100000E+02   1.4371372E-04   2.2617764E-04
   1.5468220E+03   1.4440000E+03   9.0100000E+02   3.1554564E-04   7.1211523E-04
   1.5468295E+03   1.5410000E+03   9.0200000E+02   1.7539990E-04   3.0985088E-04
   1.5468371E+03   1.4970000E+03   9.2100000E+02   4.4294094E-04   8.1537967E-04
   1.5468446E+03   1.5740000E+03   9.3800000E+02   4.6830140E-04   1.3849178E-03
   1.5468521E+03   1.6920000E+03   1.0060000E+03   7.3555502E-04   1.5371896E-03
   1.5468596E+03   1.7020000E+03   1.0260000E+03   3.9399291E-04   5.4469361E-04
   1.5468672E+03   1.8390000E+03   1.1350000E+03   1.5463975E-04   4.6852062E-04
   1.5468747E+03   1.8910000E+03   1.2020000E+03   5.5738420E-04   7.7519486E-04
   1.5468822E+03   1.8690000E+03   1.1490000E+03   1.1523054E-03   1.4306018E-03
   1.5468898E+03   2.0020000E+03   1.2700000E+03   7.9373388E-04   8.7975653E-04
   1.5468973E+03   2.0200000E+03   1.2540000E+03   9.3163976E-04   1.1135929E-03
   1.5469048E+03   2.0880000E+03   1.3020000E+03   7.8341398E-04   1.1918925E-03
   1.5469123E+03   2.1510000E+03   1.3390000E+03   5.4340411E-04   8.4139174E-04
   1.5469199E+03   2.1640000E+03   1.3690000E+03   6.2954712E-04   1.1631128E-03
   1.5469274E+03   2.3290000E+03   1.4790000E+03   6.8971967E-04   6.2001347E-04
   1.5469349E+03   2.3210000E+03   1.4300000E+03   6.4217848E-04   1.1032075E-03
   1.5469425E+03   2.4030000E+03   1.4920000E+03   7.9155275E-04   2.0573448E-04
   1.5469500E+03   2.4930000E+03   1.5610000E+03   3.5091392E-04   4.6430594E-04
   1.5469575E+03   2.6550000E+03   1.6580000E+03   2.6439008E-04   7.9933891E-04
   1.5469650E+03   2.5730000E+03   1.6060000E+03   2.3886261E-04   2.5665972E-04
   1.5469726E+03   2.6960000E+03   1.6670000E+03   7.5626287E-04   1.2859674E-03
   1.5469801E+03   2.7930000E+03   1.7750000E+03   1.2469007E-03   1.8250285E-03
   1.5469876E+03   2.6800000E+03   1.7210000E+03   1.1137932E-03   1.3118732E-03
   1.5469951E+03   2.8790000E+03   1.8200000E+03   3.5317340E-04   1.0219463E-03
   1.5470027E+03   2.9480000E+03   1.9490000E+03   2.8303470E-04   3.2551260E-04
   1.5470102E+03   2.8700000E+03   1.8490000E+03   4.6670892E-04   1.2039314E-03
   1.5470177E+03   2.9580000E+03   1.9370000E+03   6.8622259E-04   1.9324853E-04
   1.5470253E+03   2.9320000E+03   1.9600000E+03   1.0310297E-03   1.0323208E-03
   1.5470328E+03   2.9050000E+03   1.9350000E+03   8.5271647E-04   1.3391084E-03
   1.5470403E+03   2.9780000E+03   2.0230000E+03   4.7585297E-04   4.8043610E-04
   1.5470478E+03   2.8940000E+03   1.9280000E+03   1.0426298E-03   1.7115519E-03
   1.5470554E+03   2.8710000E+03   2.0220000E+03   1.1710837E-03   8.4289131E-04
   1.5470629E+03   2.7800000E+03   1.9530000E+03   1.4192777E-03   7.8752024E-04
   1.5470704E+03   2.7130000E+03   1.9710000E+03   2.6547879E-03   2.0144629E-03
   1.5470780E+03   2.6680000E+03   2.0010000E+03   5.8215326E-04   3.1101308E-04
   1.5470855E+03   2.6230000E+03   1.9510000E+03   1.9444564E-03   2.0345153E-03
   1.5470930E+03   2.4780000E+03   1.8870000E+03   5.8729020E-04   1.0058174E-03
   1.5471005E+03   2.3290000E+03   1.8390000E+03   7.4994011E-04   5.3786407E-04
   1.5471081E+03   2.1070000E+03   1.6870000E+03   2.6167558E-03   1.1685293E-03
   1.5471156E+03   1.9940000E+03   1.6240000E+03   2.2895931E-03   2.9438345E-03
   1.5471231E+03   1.7970000E+03   1.5050000E+03   1.3003752E-03   2.8710232E-03
   1.5471307E+03   1.7010000E+03   1.4520000E+03   2.8397504E-03   2.3337989E-03
   1.5471382E+03   1.5740000E+03   1.3450000E+03   2.3321694E-03   3.4816586E-03
   1.5471457E+03   1.4430000E+03   1.2450000E+03   9.7879212E-04   1.5251275E-03
   1.5471532E+03   1.4020000E+03   1.2370000E+03   1.4809727E-03   3.5242230E-03
   1.5471608E+03   1.2500000E+03   1.1040000E+03   9.0148149E-03   7.2245294E-03
   1.5471683E+03   1.1760000E+03   1.0540000E+03   8.1125114E-03   4.6057698E-03
   1.5471758E+03   1.1550000E+03   1.0400000E+03   8.4437071E-03   9.3568256E-03
   1.5471834E+03   1.1580000E+03   1.0250000E+03   5.9761026E-03   4.2116288E-03
   1.5471909E+03   1.0750000E+03   9.6600000E+02   1.7699780E-03   4.6570773E-03
   1.5471984E+03   1.0830000E+03   9.8100000E+02   3.4021350E-03   1.0572598E-03
   1.5472059E+03   1.0620000E+03   9.6400000E+02   1.4226493E-02   1.4395725E-02
   1.5472135E+03   1.0260000E+03   9.4100000E+02   9.8883826E-03   8.5182722E-03
   1.5472210E+03   9.9000000E+02   9.0800000E+02   7.1677139E-03   9.4347780E-03
   1.5472285E+03   9.9000000E+02   9.2100000E+02   8.2669743E-03   6.3027124E-03
   1.5472361E+03   9.9900000E+02   9.2900000E+02   1.1202401E-02   9.1105677E-03
   1.5472436E+03   9.9300000E+02   9.1900000E+02   1.7707288E-03   2.9830874E-03
   1.5472511E+03   9.3400000E+02   8.6600000E+02   5.3611666E-03   6.3463135E-03
   1.5472586E+03   9.8800000E+02   9.2500000E+02   9.3311787E-03   7.5059774E-03
   1.5472662E+03   9.5200000E+02   8.7900000E+02   5.9167664E-03   2.8887145E-03
   1.5472737E+03   9.6500000E+02   9.1500000E+02   1.4021657E-02   1.3150581E-02
   1.5472812E+03   9.3300000E+02   8.7300000E+02   6.8022378E-04   1.6244518E-03
   1.5472888E+03   9.1500000E+02   8.6600000E+02   5.4920983E-03   3.5521905E-03
   1.5472963E+03   9.9100000E+02   9.3800000E+02   1.2455810E-02   1.2443714E-02
   1.5473038E+03   9.0000000E+02   8.4600000E+02   7.8186609E-03   7.0338872E-03
   1.5473113E+03   8.9100000E+02   8.4500000E+02   5.9245159E-03   7.0474636E-03
   1.5473189E+03   8.8500000E+02   8.3800000E+02   1.6042103E-03   6.8557964E-04
   1.5473264E+03   8.8100000E+02   8.2300000E+02   4.1718711E-03   6.7145415E-03
   1.5473339E+03   8.3500000E+02   7.9000000E+02   2.0989190E-02   2.0645450E-02
   1.5473415E+03   8.1900000E+02   7.7100000E+02   9.6507592E-03   6.2404184E-03
   1.5473490E+03   8.4100000E+02   7.9300000E+02   8.7637495E-03   8.9703858E-03
   1.5473565E+03   8.2200000E+02   7.6800000E+02   9.4721030E-03   1.0076114E-02
   1.5473640E+03   8.0800000E+02   7.7600000E+02   6.6195380E-03   8.2193470E-03
   1.5473716E+03   7.8400000E+02   7.3400000E+02   4.5530667E-03   4.7665282E-03
   1.5473791E+03   7.3500000E+02   7.0200000E+02   6.8241585E-03   6.1589777E-03
   1.5473866E+03   6.9500000E+02   6.6100000E+02   5.8423684E-03   7.1642784E-03
   1.5473942E+03   7.6700000E+02   7.3300000E+02   1.1688102E-02   1.2298655E-02
   1.5474017E+03   7.4200000E+02   6.8900000E+02   8.8210922E-03   1.0536585E-02
   1.5474092E+03   6.9100000E+02   6.6100000E+02   6.5753489E-03   7.1058015E-03
   1.5474167E+03   6.5000000E+02   6.1700000E+02   1.0808017E-02   9.7942276E-03
   1.5474243E+03   6.6500000E+02   6.4000000E+02   1.9243580E-03   1.1836782E-03
   1.5474318E+03   6.6200000E+02   6.3500000E+02   2.1434185E-02   1.9820641E-02
   1.5474393E+03   5.6900000E+02   5.3800000E+02   3.2713307E-03   4.2766330E-03
   1.5474468E+03   6.1600000E+02   5.8600000E+02   6.6885162E-03   6.2218891E-03
   1.5474544E+03   5.9600000E+02   5.5900000E+02   8.8258610E-03   5.7376681E-03
   1.5474619E+03   5.8800000E+02   5.5200000E+02   2.5742323E-04   2.5373929E-03
   1.5474694E+03   5.2300000E+02   4.9800000E+02   2.4025209E-02   2.2745304E-02
   1.5474770E+03   5.5400000E+02   5.1800000E+02   6.4323113E-03   6.0010483E-03
   1.5474845E+03   5.3000000E+02   5.0300000E+02   1.4370265E-02   8.2544168E-03
   1.5474920E+03   5.0500000E+02   4.7700000E+02   9.4555005E-03   8.7284832E-03
   1.5474995E+03   4.9200000E+02   4.6100000E+02   1.6643608E-02   1.5535318E-02
   1.5475071E+03   4.8400000E+02   4.5200000E+02   5.7542201E-03   4.0008689E-03
   1.5475146E+03   4.7400000E+02   4.4300000E+02   8.3077502E-03   1.1904980E-02
   1.5475221E+03   4.5600000E+02   4.1900000E+02   6.1324237E-03   5.4692234E-03
   1.5475297E+03   4.3700000E+02   4.0800000E+02   8.1061983E-03   9.2342064E-03
   1.5475372E+03   4.2400000E+02   4.0200000E+02   2.0093837E-03   2.7304796E-03
   1.5475447E+03   4.1400000E+02   3.8300000E+02   4.4134815E-03   2.0406645E-03
   1.5475522E+03   4.0100000E+02   3.7200000E+02   2.4554088E-02   2.4535596E-02
   1.5475598E+03   3.8800000E+02   3.6000000E+02   3.0031116E-02   3.3719362E-02
   1.5475673E+03   4.2200000E+02   3.9300000E+02   1.9657119E-02   1.9321723E-02
   1.5475748E+03   3.7000000E+02   3.4600000E+02   2.7115909E-02   2.8421250E-02
   1.5475824E+03   3.7400000E+02   3.4900000E+02   1.5396449E-02   1.5445389E-02
   1.5475899E+03   3.4500000E+02   3.2400000E+02   1.1593584E-02   1.2433822E-02
   1.5475974E+03   3.7400000E+02   3.4700000E+02   7.9124805E-03   7.6891010E-03
   1.5476049E+03   3.7000000E+02   3.4100000E+02   3.1021005E-02   3.0763550E-02
   1.5476125E+03   3.0600000E+02   2.7400000E+02   2.2460382E-02   2.1514007E-02
   1.5476200E+03   3.1300000E+02   2.8400000E+02   5.9308136E-04   1.2472039E-02
   1.5476275E+03   3.5000000E+02   3.1700000E+02   1.7885673E-02   1.4725393E-02
   1.5476351E+03   3.4200000E+02   3.1700000E+02   4.0592959E-03   8.7025068E-03
   1.5476426E+03   3.0900000E+02   2.8300000E+02   1.8478070E-02   1.4383453E-02
   1.5476501E+03   3.2800000E+02   2.8700000E+02   7.2819957E-03   8.9406131E-03
   1.5476576E+03   3.0600000E+02   2.7700000E+02   2.9088342E-02   4.0690193E-02
   1.5476652E+03   3.0800000E+02   2.8100000E+02   2.0205188E-02   1.8577934E-02
   1.5476727E+03   3.0700000E+02   2.7800000E+02   8.8248448E-03   9.0960200E-03
   1.5476802E+03   3.3500000E+02   3.0600000E+02   1.8480488E-02   1.7627591E-02
   1.5476878E+03   3.1400000E+02   2.9500000E+02   2.3720549E-02   2.1735142E-02
   1.5476953E+03   3.0000000E+02   2.7200000E+02   2.0752918E-02   1.9476095E-02
   1.5477028E+03   2.8200000E+02   2.5500000E+02   1.6867518E-02   2.3534896E-02
   1.5477103E+03   2.9500000E+02   2.5500000E+02   8.3827811E-03   4.6408246E-03
   1.5477179E+03   2.8800000E+02   2.4800000E+02   1.5981305E-02   6.2774251E-03
   1.5477254E+03   3.1900000E+02   2.9200000E+02   1.6127789E-02   1.6659334E-02
   1.5477329E+03   3.0600000E+02   2.8400000E+02   1.0550765E-02   5.6355960E-03
   1.5477405E+03   2.8400000E+02   2.4900000E+02   4.3935502E-03   9.3784359E-03
   1.5477480E+03   3.1500000E+02   2.7600000E+02   2.2767864E-02   2.4804697E-02
   1.5477555E+03   3.0900000E+02   2.6400000E+02   2.9405847E-02   3.5824793E-02
   1.5477630E+03   3.2400000E+02   2.7600000E+02   2.1566121E-02   2.2741395E-02
   1.5477706E+03   3.0800000E+02   2.6400000E+02   1.2165893E-02   4.6349898E-03
   1.5477781E+03   2.8700000E+02   2.5400000E+02   8.5766130E-03   1.1328201E-02
   1.5477856E+03   3.0800000E+02   2.7500000E+02   1.3447155E-02   1.3342171E-02
   1.5477932E+03   3.0200000E+02   2.6300000E+02   1.0419229E-02   9.3388226E-03
   1.5478007E+03   3.2500000E+02   2.8400000E+02   2.1156717E-02   8.3962354E-03
   1.5478082E+03   3.3400000E+02   3.0000000E+02   1.1739567E-02   1.8884373E-02
   1.5478157E+03   3.2800000E+02   2.8500000E+02   4.2871272E-03   1.7531990E-02
   1.5478233E+03   3.4800000E+02   3.0500000E+02   1.4829496E-02   2.3976272E-02
   1.5478308E+03   3.4300000E+02   2.9300000E+02   1.1569174E-02   1.7864810E-02
   1.5478383E+03   4.0100000E+02   3.3100000E+02   2.4702405E-03   1.2295191E-02
   1.5478459E+03   3.5500000E+02   3.0800000E+02   1.2463892E-02   5.8140431E-03
   1.5478534E+03   3.6400000E+02   3.0700000E+02   2.5042913E-03   6.8636910E-03
   1.5478609E+03   3.4100000E+02   2.9500000E+02   5.6528718E-03   4.5401629E-03
   1.5478684E+03   3.4100000E+02   2.9600000E+02   1.5677394E-02   1.8528979E-02
   1.5478760E+03   4.0000000E+02   3.3100000E+02   1.3129640E-02   1.2116866E-02
   1.5478835E+03   4.0400000E+02   3.5200000E+02   1.1249925E-02   1.3575625E-02
   1.5478910E+03   4.1100000E+02   3.6400000E+02   2.5367468E-02   2.8164232E-02
   1.5478985E+03   4.2400000E+02   3.5100000E+02   1.5500849E-02   1.7885381E-02
   1.5479061E+03   4.3100000E+02   3.5400000E+02   2.5702660E-02   3.5122344E-02
   1.5479136E+03   4.3000000E+02   3.5900000E+02   7.8331712E-03   1.1890131E-02
   1.5479211E+03   4.1400000E+02   3.4300000E+02   1.6621933E-02   1.4813603E-02
   1.5479287E+03   4.3800000E+02   3.4400000E+02   1.1522629E-02   1.1296970E-02
   1.5479362E+03   4.8600000E+02   4.1500000E+02   1.3637576E-02   9.2985839E-03
   1.5479437E+03   5.2900000E+02   4.3000000E+02   1.0061298E-02   6.9364043E-03
   1.5479512E+03   4.9300000E+02   4.0900000E+02   4.0065513E-03   3.5172890E-03
   1.5479588E+03   5.2600000E+02   4.3000000E+02   1.2069132E-02   1.1093762E-02
   1.5479663E+03   4.7800000E+02   3.8800000E+02   1.9315228E-02   2.0924048E-02
   1.5479738E+03   5.4700000E+02   4.4600000E+02   5.2174314E-03   4.5161073E-03
   1.5479814E+03   5.3900000E+02   4.3900000E+02   1.5708584E-02   1.6698388E-02
   1.5479889E+03   5.7400000E+02   4.6400000E+02   6.2638021E-03   1.3050937E-02
   1.5479964E+03   6.4000000E+02   5.2800000E+02   1.5419705E-02   1.5449934E-02
   1.5480039E+03   6.6400000E+02   5.4300000E+02   5.7440086E-03   5.2052813E-03
   1.5480115E+03   6.8900000E+02   5.6400000E+02   5.1728078E-03   5.7338322E-03
   1.5480190E+03   6.5200000E+02   5.1700000E+02   3.8114427E-03   3.3603316E-03
   1.5480265E+03   6.9700000E+02   5.5600000E+02   7.5529032E-03   6.4083308E-03
   1.5480341E+03   7.4800000E+02   6.2100000E+02   8.0482503E-03   3.5133470E-03
   1.5480416E+03   7.5200000E+02   6.1500000E+02   1.3879769E-02   1.8148588E-02
   1.5480491E+03   7.6400000E+02   6.0900000E+02   1.6822570E-02   2.0511693E-02
   1.5480566E+03   8.4600000E+02   6.7400000E+02   5.4059987E-03   1.1250024E-02
   1.5480642E+03   8.4300000E+02   6.8500000E+02   1.1633258E-03   5.9873539E-03
   1.5480717E+03   8.9200000E+02   7.1800000E+02   6.9256546E-03   6.0111545E-03
   1.5480792E+03   9.3000000E+02   7.2700000E+02   9.3575062E-03   1.6558602E-02
   1.5480868E+03   9.7300000E+02   7.6300000E+02   5.9936938E-03   6.6984200E-03
   1.5480943E+03   1.0430000E+03   8.4300000E+02   1.1551820E-02   1.0388376E-02
   1.5481018E+03   1.0950000E+03   8.7500000E+02   2.3651573E-03   7.4252077E-03
   1.5481093E+03   1.0760000E+03   8.5100000E+02   8.2937693E-03   8.0138474E-03
   1.5481169E+03   1.2100000E+03   9.7300000E+02   2.7229983E-03   2.7409000E-03
   1.5481244E+03   1.2200000E+03   9.6200000E+02   6.5881129E-03   1.1483168E-02
   1.5481319E+03   1.2350000E+03   9.9600000E+02   1.0902638E-02   8.0419422E-03
   1.5481395E+03   1.3320000E+03   1.0390000E+03   2.0466173E-03   4.0496259E-03
   1.5481470E+03   1.3590000E+03   1.0630000E+03   5.4474601E-03   6.2858154E-03
   1.5481545E+03   1.4830000E+03   1.1640000E+03   4.1359707E-03   8.0862460E-03
   1.5481620E+03   1.4550000E+03   1.1420000E+03   2.2312518E-03   4.3688544E-03
   1.5481696E+03   1.5810000E+03   1.2450000E+03   2.5904938E-03   4.8939919E-03
   1.5481771E+03   1.6950000E+03   1.3770000E+03   5.7726699E-03   8.4457167E-03
   1.5481846E+03   1.6560000E+03   1.3210000E+03   9.2357836E-03   5.0953208E-03
   1.5481922E+03   1.8170000E+03   1.4450000E+03   5.5655286E-03   1.1977658E-02
   1.5481997E+03   1.8720000E+03   1.4780000E+03   1.2178082E-02   1.3556221E-02
   1.5482072E+03   1.9500000E+03   1.5650000E+03   6.0648848E-03   1.4498177E-03
   1.5482147E+03   2.0090000E+03   1.5790000E+03   8.9409929E-03   6.9614701E-03
   1.5482223E+03   2.0820000E+03   1.7150000E+03   7.4274071E-04   4.6710910E-03
   1.5482298E+03   2.1560000E+03   1.7510000E+03   3.8735339E-03   5.7301682E-03
   1.5482373E+03   2.2700000E+03   1.8410000E+03   8.7947755E-03   5.9307443E-03
   1.5482449E+03   2.3360000E+03   1.8970000E+03   1.1606223E-02   1.3587439E-02
   1.5482524E+03   2.4750000E+03   2.0180000E+03   7.8522678E-03   9.1744429E-03
   1.5482599E+03   2.5820000E+03   2.0900000E+03   8.3375441E-03   8.0401604E-03
   1.5482674E+03   2.5750000E+03   2.0730000E+03   2.9213179E-03   6.2637107E-03
   1.5482750E+03   2.6820000E+03   2.2110000E+03   7.8155359E-03   6.2331801E-03
   1.5482825E+03   2.8200000E+03   2.3060000E+03   8.4661379E-03   8.2101463E-03
   1.5482900E+03   2.8530000E+03   2.3810000E+03   5.8963904E-03   7.9851489E-03
   1.5482976E+03   3.0100000E+03   2.5060000E+03   1.5616305E-02   1.7711668E-02
   1.5483051E+03   2.9940000E+03   2.5060000E+03   7.0723918E-03   8.2745795E-03
   1.5483126E+03   3.1060000E+03   2.6090000E+03   2.2020606E-03   3.9351909E-03
   1.5483201E+03   3.1770000E+03   2.7070000E+03   2.6918702E-03   2.2409232E-03
   1.5483277E+03   3.1050000E+03   2.6360000E+03   8.0786921E-03   6.9717722E-03
   1.5483352E+03   3.2540000E+03   2.7440000E+03   4.8474331E-03   6.3737098E-03
   1.5483427E+03   3.4400000E+03   2.9470000E+03   8.0926535E-03   8.6388950E-03
   1.5483502E+03   3.5440000E+03   3.0470000E+03   1.7429518E-04   1.7882925E-03
   1.5483578E+03   3.4920000E+03   2.9760000E+03   6.0759308E-03   5.7854860E-03
   1.5483653E+03   3.5100000E+03   3.0260000E+03   4.9756735E-03   4.2784933E-03
   1.5483728E+03   3.7020000E+03   3.1920000E+03   2.6670007E-03   2.4292322E-03
   1.5483804E+03   3.6920000E+03   3.1960000E+03   8.3476535E-03   5.5273313E-03
   1.5483879E+03   3.8500000E+03   3.3440000E+03   2.5779879E-03   3.6405183E-03
   1.5483954E+03   3.9280000E+03   3.3980000E+03   2.7113367E-03   2.9317769E-03
   1.5484029E+03   3.8610000E+03   3.3870000E+03   2.5137785E-03   2.0076228E-03
   1.5484105E+03   4.1220000E+03   3.5840000E+03   6.8488713E-03   6.9400457E-03
   1.5484180E+03   4.0930000E+03   3.5690000E+03   6.5858313E-03   5.7709820E-03
   1.5484255E+03   4.0680000E+03   3.5240000E+03   3.7828640E-03   2.0426570E-03
   1.5484331E+03   4.2090000E+03   3.6170000E+03   6.5753252E-03   8.2017083E-03
   1.5484406E+03   4.4830000E+03   3.8550000E+03   5.0023853E-03   6.1641266E-03
   1.5484481E+03   4.4820000E+03   3.8420000E+03   1.0582873E-02   9.3582721E-03
   1.5484556E+03   4.4500000E+03   3.7550000E+03   3.5737757E-03   3.6389314E-03
   1.5484632E+03   4.7520000E+03   3.9790000E+03   2.2669801E-03   3.1341772E-03
   1.5484707E+03   4.7170000E+03   3.8940000E+03   4.7778984E-03   4.2849404E-03
   1.5484782E+03   5.1390000E+03   4.1430000E+03   3.5085754E-03   2.9410502E-03
   1.5484858E+03   5.3470000E+03   4.0830000E+03   2.0626891E-03   3.7541598E-03
   1.5484933E+03   6.0000000E+03   4.3330000E+03   1.9473290E-03   6.7762819E-03
   1.5485008E+03   6.4090000E+03   4.4230000E+03   4.3459351E-03   5.4509261E-03
   1.5485083E+03   7.2300000E+03   4.6330000E+03   2.4235123E-03   2.3011413E-03
   1.5485159E+03   7.8320000E+03   4.6400000E+03   6.9332262E-03   5.2618599E-03
   1.5485234E+03   9.0560000E+03   5.0130000E+03   3.8043484E-03   3.5733795E-03
   1.5485309E+03   1.0267000E+04   5.2970000E+03   2.3710288E-03   2.2723935E-03
   1.5485385E+03   1.1807000E+04   5.7670000E+03   2.3828822E-04   1.2841626E-03
   1.5485460E+03   1.3367000E+04   6.1760000E+03   3.3974422E-03   4.4876126E-03
   1.5485535E+03   1.5287000E+04   6.7310000E+03   3.0684463E-03   4.3624575E-04
   1.5485610E+03   1.7496000E+04   7.7000000E+03   2.8801403E-03   6.0456290E-03
   1.5485686E+03   2.0005000E+04   8.5740000E+03   3.3710242E-03   5.1727992E-04
   1.5485761E+03   2.2268000E+04   9.5550000E+03   2.0813201E-03   3.5951769E-03
   1.5485836E+03   2.4909000E+04   1.0783000E+04   6.8269991E-04   1.6205347E-03
   1.5485912E+03   2.7864000E+04   1.2183000E+04   2.3724016E-03   4.0870253E-03
   1.5485987E+03   3.0649000E+04   1.3831000E+04   1.9122414E-03   2.9247296E-03
   1.5486062E+03   3.3749000E+04   1.5834000E+04   5.4003973E-04   1.2154933E-03
   1.5486137E+03   3.6472000E+04   1.7551000E+04   1.3573733E-03   4.3086496E-03
   1.5486213E+03   3.9779000E+04   1.9563000E+04   1.5078365E-03   2.2866133E-03
   1.5486288E+03   4.2585000E+04   2.1615000E+04   1.0713565E-03   2.0056479E-03
   1.5486363E+03   4.5726000E+04   2.3854000E+04   1.6583755E-03   2.7907682E-03
   1.5486439E+03   4.8616000E+04   2.6075000E+04   5.9220245E-04   1.0576045E-03
   1.5486514E+03   5.1636000E+04   2.8553000E+04   2.2872673E-03   2.3762253E-03
   1.5486589E+03   5.5069000E+04   3.1208000E+04   5.2006650E-04   1.2653397E-03
   1.5486664E+03   5.8111000E+04   3.3775000E+04   5.2275308E-04   2.8124074E-04
   1.5486740E+03   6.0884000E+04   3.6339000E+04   9.3791102E-04   1.5774814E-03
   1.5486815E+03   6.3481000E+04   3.8464000E+04   6.6920071E-04   9.0344901E-04
   1.5486890E+03   6.6035000E+04   4.0787000E+04   9.0354355E-04   1.0532754E-03
   1.5486966E+03   6.9392000E+04   4.3508000E+04   6.4127050E-04   1.3415143E-03
   1.5487041E+03   7.1933000E+04   4.5871000E+04   9.2050021E-04   1.6355834E-03
   1.5487116E+03   7.4386000E+04   4.7826000E+04   5.3226523E-04   1.1083642E-03
   1.5487191E+03   7.7324000E+04   5.0483000E+04   1.0754579E-03   2.2447569E-03
   1.5487267E+03   7.9572000E+04   5.2714000E+04   5.6974130E-04   9.6746799E-04
   1.5487342E+03   8.2180000E+04   5.4905000E+04   2.8296626E-04   1.0455845E-03
   1.5487417E+03   8.4684000E+04   5.7059000E+04   1.4280034E-03   1.9685554E-03
   1.5487493E+03   8.6863000E+04   5.9041000E+04   2.7962415E-04   4.5766535E-04
   1.5487568E+03   8.8939000E+04   6.1055000E+04   5.7031437E-04   9.7731789E-04
   1.5487643E+03   9.0946000E+04   6.2711000E+04   1.9439041E-03   1.2759605E-03
   1.5487718E+03   9.2737000E+04   6.4722000E+04   6.8250407E-04   5.5730542E-04
   1.5487794E+03   9.4397000E+04   6.5879000E+04   5.8768076E-04   9.2287238E-04
   1.5487869E+03   9.6163000E+04   6.7592000E+04   1.9347460E-03   2.8039374E-03
   1.5487944E+03   9.8208000E+04   6.9226000E+04   1.3012384E-03   1.3901634E-03
   1.5488019E+03   9.9533000E+04   7.0573000E+04   1.1719835E-03   1.4956696E-03
   1.5488095E+03   1.0137600E+05   7.2082000E+04   8.4054120E-04   1.3828469E-03
   1.5488170E+03   1.0229600E+05   7.3027000E+04   9.0925471E-04   1.0086599E-03
   1.5488245E+03   1.0361100E+05   7.4114000E+04   4.6097781E-04   3.4625428E-04
   1.5488321E+03   1.0482200E+05   7.5445000E+04   9.1354531E-04   8.2367539E-04
   1.5488396E+03   1.0560000E+05   7.5713000E+04   5.8754766E-04   1.1492665E-03
   1.5488471E+03   1.0709400E+05   7.7040000E+04   7.8423756E-04   8.2081992E-04
   1.5488546E+03   1.0700900E+05   7.6884000E+04   3.1032514E-04   5.2772255E-04
   1.5488622E+03   1.0862600E+05   7.8154000E+04   1.5211699E-03   1.9210896E-03
   1.5488697E+03   1.0821300E+05   7.7840000E+04   1.6979073E-03   2.3912989E-03
   1.5488772E+03   1.0864300E+05   7.7654000E+04   5.8315367E-04   6.2085510E-04
   1.5488848E+03   1.0855400E+05   7.7361000E+04   8.4709145E-04   1.7974983E-03
   1.5488923E+03   1.0917700E+05   7.7580000E+04   9.0178003E-04   2.1910456E-03
   1.5488998E+03   1.0897800E+05   7.7121000E+04   6.2623882E-04   1.2472337E-03
   1.5489073E+03   1.0860500E+05   7.6099000E+04   1.5890017E-03   1.1937835E-03
   1.5489149E+03   1.0794500E+05   7.5424000E+04   8.3684122E-04   1.8721346E-03
   1.5489224E+03   1.0705700E+05   7.4023000E+04   9.9710815E-04   1.5909404E-03
   1.5489299E+03   1.0629100E+05   7.2820000E+04   1.5008071E-03   9.8195841E-04
   1.5489375E+03   1.0533900E+05   7.1293000E+04   1.6752269E-03   1.9185126E-03
   1.5489450E+03   1.0401000E+05   6.9669000E+04   6.8333426E-04   3.9183447E-04
   1.5489525E+03   1.0216500E+05   6.7705000E+04   7.8550998E-04   7.0803094E-04
   1.5489600E+03   1.0062400E+05   6.5935000E+04   4.5908048E-04   1.2984231E-03
   1.5489676E+03   9.8472000E+04   6.3937000E+04   6.6766006E-04   2.9702128E-04
   1.5489751E+03   9.6345000E+04   6.1689000E+04   6.1571610E-04   7.2780088E-04
   1.5489826E+03   9.3326000E+04   5.8495000E+04   1.6143886E-03   1.9910192E-03
   1.5489902E+03   9.1266000E+04   5.6890000E+04   4.0156114E-05   1.4448478E-04
   1.5489977E+03   8.8141000E+04   5.4426000E+04   4.7631019E-04   1.5020687E-03
   1.5490052E+03   8.5194000E+04   5.1766000E+04   3.9550273E-04   7.1447524E-04
   1.5490127E+03   8.1907000E+04   4.9376000E+04   6.1427160E-04   1.4911510E-03
   1.5490203E+03   7.8501000E+04   4.6783000E+04   1.0648996E-03   1.0287481E-03
   1.5490278E+03   7.4908000E+04   4.4305000E+04   6.6127632E-04   2.8702717E-04
   1.5490353E+03   7.0803000E+04   4.1207000E+04   6.2241223E-04   1.2260675E-03
   1.5490429E+03   6.7226000E+04   3.8850000E+04   1.7669907E-03   1.1867272E-03
   1.5490504E+03   6.3668000E+04   3.6478000E+04   5.9375780E-04   1.8440046E-04
   1.5490579E+03   6.0111000E+04   3.4183000E+04   2.1850468E-04   1.2048597E-03
   1.5490654E+03   5.7015000E+04   3.2416000E+04   1.9521642E-03   2.6148608E-03
   1.5490730E+03   5.3355000E+04   3.0252000E+04   1.1884756E-03   1.6873765E-03
   1.5490805E+03   5.0020000E+04   2.8056000E+04   5.4697043E-04   1.5419207E-03
   1.5490880E+03   4.6610000E+04   2.6241000E+04   1.7807063E-03   2.4611878E-03
   1.5490956E+03   4.3510000E+04   2.4481000E+04   2.0759673E-04   4.8994105E-04
   1.5491031E+03   4.0572000E+04   2.2818000E+04   1.6606105E-03   2.5479428E-03
   1.5491106E+03   3.8310000E+04   2.1572000E+04   5.8907553E-04   2.6936847E-04
   1.5491181E+03   3.5317000E+04   1.9898000E+04   2.3410858E-03   3.0832556E-03
   1.5491257E+03   3.2979000E+04   1.8594000E+04   1.4405802E-03   1.4658332E-03
   1.5491332E+03   3.0443000E+04   1.7257000E+04   2.2858403E-03   3.1684990E-03
   1.5491407E+03   2.8331000E+04   1.6222000E+04   1.0423699E-03   2.6916013E-03
   1.5491483E+03   2.6357000E+04   1.5011000E+04   9.7785726E-04   1.8487179E-03
   1.5491558E+03   2.4392000E+04   1.4000000E+04   1.1448866E-03   1.8504149E-03
   1.5491633E+03   2.3002000E+04   1.3215000E+04   1.3875586E-03   1.1531602E-03
   1.5491708E+03   2.1311000E+04   1.2388000E+04   1.5381055E-03   1.2116610E-03
   1.5491784E+03   1.9790000E+04   1.1498000E+04   1.5136822E-03   1.7895775E-03
   1.5491859E+03   1.8555000E+04   1.0943000E+04   1.7799584E-03   3.5740924E-03
   1.5491934E+03   1.7233000E+04   1.0131000E+04   1.2173880E-03   7.4604828E-04
   1.5492010E+03   1.6210000E+04   9.4050000E+03   1.3596041E-03   2.1069734E-03
   1.5492085E+03   1.5078000E+04   8.9020000E+03   2.0494186E-03   2.4326068E-03
   1.5492160E+03   1.3921000E+04   8.1870000E+03   9.7045758E-04   6.0901262E-04
   1.5492235E+03   1.3090000E+04   7.6430000E+03   2.4269371E-03   2.9537431E-03
   1.5492311E+03   1.2437000E+04   7.3120000E+03   2.3557572E-03   1.5827840E-03
   1.5492386E+03   1.1427000E+04   6.8650000E+03   2.6080565E-03   2.9721342E-03
   1.5492461E+03   1.0873000E+04   6.5570000E+03   1.9970837E-03   2.4818207E-03
   1.5492536E+03   1.0328000E+04   6.1710000E+03   3.5920529E-03   4.5973356E-03
   1.5492612E+03   9.5320000E+03   5.7710000E+03   3.0229469E-03   3.3155542E-03
   1.5492687E+03   9.0240000E+03   5.4400000E+03   2.6041899E-03   2.3361370E-03
   1.5492762E+03   8.4340000E+03   5.1130000E+03   1.2707207E-03   1.6623471E-03
   1.5492838E+03   8.1160000E+03   4.9900000E+03   1.2540932E-03   2.0671125E-03
   1.5492913E+03   7.7230000E+03   4.7220000E+03   4.4233348E-04   2.6500180E-03
   1.5492988E+03   7.1860000E+03   4.3540000E+03   1.7152061E-03   7.4521321E-04
   1.5493063E+03   6.8180000E+03   4.1690000E+03   1.2418643E-03   1.8728762E-03
   1.5493139E+03   6.5190000E+03   4.0320000E+03   2.1145780E-03   1.9399398E-03
   1.5493214E+03   6.1820000E+03   3.8280000E+03   1.5816365E-03   2.4512209E-03
   1.5493289E+03   5.9380000E+03   3.6770000E+03   1.8672677E-03   2.8526807E-03
   1.5493365E+03   5.7500000E+03   3.5880000E+03   3.2934766E-04   1.2214914E-03
   1.5493440E+03   5.4790000E+03   3.3990000E+03   1.3677995E-03   1.0642889E-03
   1.5493515E+03   5.2870000E+03   3.3520000E+03   1.4920090E-03   1.8372023E-03
   1.5493590E+03   5.0190000E+03   3.1490000E+03   1.9937087E-04   1.1840126E-03
   1.5493666E+03   4.8570000E+03   3.0220000E+03   3.8643084E-04   1.1863648E-03
   1.5493741E+03   4.6960000E+03   2.9500000E+03   7.2882371E-04   7.8897069E-04
   1.5493816E+03   4.6060000E+03   2.9290000E+03   4.9098358E-04   1.1752043E-03
   1.5493892E+03   4.5050000E+03   2.8260000E+03   6.3513697E-04   1.0699826E-03
   1.5493967E+03   4.3310000E+03   2.6790000E+03   1.3370694E-03   1.5124114E-03
   1.5494042E+03   4.0730000E+03   2.5740000E+03   8.4986431E-04   3.1113855E-04
   1.5494117E+03   4.1510000E+03   2.6200000E+03   8.0480554E-04   1.6717738E-03
   1.5494193E+03   3.9180000E+03   2.5240000E+03   7.1941725E-04   1.1099682E-03
   1.5494268E+03   3.8430000E+03   2.4130000E+03   1.2577798E-03   1.8235711E-03
   1.5494343E+03   3.8660000E+03   2.4330000E+03   7.0957815E-04   1.7361903E-03
   1.5494419E+03   3.7640000E+03   2.3620000E+03   8.1647005E-04   1.4445066E-03
   1.5494494E+03   3.6610000E+03   2.2920000E+03   2.1168156E-03   2.7880335E-03
   1.5494569E+03   3.6400000E+03   2.2770000E+03   9.9890977E-04   1.2289247E-03
   1.5494644E+03   3.4910000E+03   2.2640000E+03   8.9759135E-04   9.9585167E-04
   1.5494720E+03   3.4570000E+03   2.1730000E+03   5.3246319E-04   7.5986811E-04
   1.5494795E+03   3.2500000E+03   2.0230000E+03   4.4615939E-04   5.6518582E-04
   1.5494870E+03   3.3420000E+03   2.1190000E+03   1.6367654E-03   2.7631820E-03
   1.5494946E+03   3.2920000E+03   2.1020000E+03   9.6447638E-04   1.8021649E-03
   1.5495021E+03   3.2520000E+03   2.0530000E+03   1.2837550E-03   2.1006475E-03
   1.5495096E+03   3.2600000E+03   2.0270000E+03   7.3987779E-04   9.0692517E-04
   1.5495171E+03   3.1400000E+03   2.0300000E+03   2.1411669E-04   7.0257081E-05
   1.5495247E+03   3.0720000E+03   1.9670000E+03   8.6952509E-04   1.1296486E-03
   1.5495322E+03   3.0670000E+03   1.9750000E+03   1.7853660E-04   5.9938525E-04
   1.5495397E+03   3.0290000E+03   1.9800000E+03   5.5672931E-04   5.0343226E-04
   1.5495473E+03   2.9780000E+03   1.9160000E+03   2.8312378E-04   8.8831483E-04
   1.5495548E+03   3.0660000E+03   1.9250000E+03   5.6359723E-04   5.5720094E-04
   1.5495623E+03   2.9850000E+03   1.9120000E+03   1.1387526E-03   9.0138745E-04
   1.5495698E+03   2.8220000E+03   1.8480000E+03   1.0960200E-03   1.4443326E-03
   1.5495774E+03   2.9080000E+03   1.8620000E+03   6.9885283E-04   6.5762852E-04
   1.5495849E+03   2.8490000E+03   1.8080000E+03   1.0137263E-03   1.6498896E-03
   1.5495924E+03   2.8920000E+03   1.8360000E+03   1.1016034E-03   1.2943212E-03
   1.5496000E+03   2.8330000E+03   1.8030000E+03   7.1680441E-04   1.2732420E-03
   1.5496075E+03   2.8510000E+03   1.8630000E+03   5.9473666E-04   6.0438654E-04
   1.5496150E+03   2.7440000E+03   1.7710000E+03   2.9942236E-04   5.5837028E-04
   1.5496225E+03   2.6390000E+03   1.7440000E+03   4.6661978E-04   6.1500429E-04
   1.5496301E+03   2.6420000E+03   1.7470000E+03   3.7650246E-04   6.2276896E-04
   1.5496376E+03   2.6190000E+03   1.7260000E+03   4.7142764E-04   9.4658009E-04
   1.5496451E+03   2.5310000E+03   1.7030000E+03   9.8161929E-04   1.0997792E-03
   1.5496527E+03   2.5340000E+03   1.7260000E+03   6.5003068E-04   7.7849969E-04
   1.5496602E+03   2.3890000E+03   1.6310000E+03   1.5419324E-03   2.0180500E-03
   1.5496677E+03   2.3640000E+03   1.6440000E+03   7.2598670E-04   6.7383156E-04
   1.5496752E+03   2.3440000E+03   1.6560000E+03   4.4852670E-04   5.3403473E-04
   1.5496828E+03   2.1050000E+03   1.5290000E+03   5.3849849E-04   8.3844484E-04
   1.5496903E+03   2.0210000E+03   1.4390000E+03   2.3093374E-04   5.1422481E-04
   1.5496978E+03   1.9530000E+03   1.4360000E+03   8.6253222E-04   1.2026177E-03
   1.5497053E+03   1.8300000E+03   1.4300000E+03   1.9509126E-04   8.4360608E-05
   1.5497129E+03   1.7420000E+03   1.3480000E+03   5.5833110E-04   4.6131610E-04
   1.5497204E+03   1.6610000E+03   1.3170000E+03   1.0142619E-03   1.0765609E-03
   1.5497279E+03   1.5130000E+03   1.2120000E+03   7.5998939E-04   9.5956942E-04
   1.5497355E+03   1.4000000E+03   1.1150000E+03   1.6138199E-03   2.0304374E-03
   1.5497430E+03   1.3060000E+03   1.0840000E+03   1.0773998E-03   8.8294030E-04
   1.5497505E+03   1.1990000E+03   1.0200000E+03   8.4046978E-04   9.4137493E-04
   1.5497580E+03   1.0400000E+03   8.9200000E+02   1.8450099E-03   1.9653533E-03
   1.5497656E+03   9.7400000E+02   8.4400000E+02   5.0865549E-04   5.8846145E-04
   1.5497731E+03   9.4100000E+02   8.1900000E+02   1.2066700E-03   1.2561502E-03
   1.5497806E+03   8.4300000E+02   7.5500000E+02   1.0201005E-03   1.1390195E-03
   1.5497882E+03   8.1500000E+02   7.2600000E+02   9.8653495E-04   1.1064514E-03
   1.5497957E+03   7.8300000E+02   7.0200000E+02   5.7703739E-04   6.4366876E-04
   1.5498032E+03   7.5900000E+02   6.9300000E+02   6.5384360E-04   7.2718543E-04
   1.5498107E+03   7.6300000E+02   6.7700000E+02   7.0848836E-04   7.9836178E-04
   1.5498183E+03   7.3200000E+02   6.6800000E+02   7.4612673E-04   8.1773662E-04
   1.5498258E+03   7.1300000E+02   6.5200000E+02   7.0485235E-04   7.7271403E-04
   1.5498333E+03   6.8800000E+02   6.3400000E+02   4.2337305E-04   4.5476025E-04
   1.5498409E+03   6.6200000E+02   6.0300000E+02   6.2578986E-04   6.8652742E-04
   1.5498484E+03   6.3500000E+02   5.8700000E+02   8.2256417E-04   8.8975792E-04
   1.5498559E+03   6.7200000E+02   6.1000000E+02   9.6016038E-04   1.0589196E-03
   1.5498634E+03   6.4700000E+02   5.9600000E+02   2.6579737E-04   2.8895800E-04
   1.5498710E+03   6.7800000E+02   6.4400000E+02   8.1253995E-04   8.5555189E-04
   1.5498785E+03   6.6200000E+02   6.1300000E+02   5.4396130E-04   5.9124241E-04
   1.5498860E+03   6.2400000E+02   5.9800000E+02   1.0624561E-03   1.1092180E-03
   1.5498936E+03   6.5300000E+02   6.1700000E+02   5.3239085E-04   5.6357164E-04
   1.5499011E+03   6.5500000E+02   6.0400000E+02   1.3589699E-03   1.4735811E-03
   1.5499086E+03   6.3100000E+02   5.9100000E+02   2.8229033E-04   3.0129823E-04
   1.5499161E+03   5.9800000E+02   5.5000000E+02   4.6713671E-04   5.0757355E-04
   1.5499237E+03   6.3400000E+02   5.8400000E+02   5.1071539E-04   5.5479980E-04
   1.5499312E+03   5.9800000E+02   5.6200000E+02   8.5478304E-05   8.9966248E-05
   1.5499387E+03   5.7200000E+02   5.4700000E+02   4.7997219E-04   5.0000931E-04
   1.5499463E+03   5.8100000E+02   5.4400000E+02   4.6576604E-04   5.0428954E-04
   1.5499538E+03   5.4300000E+02   5.0600000E+02   8.4358307E-04   9.0522068E-04
   1.5499613E+03   5.3400000E+02   5.0700000E+02   3.1789313E-04   3.3475835E-04
   1.5499688E+03   5.5400000E+02   5.2100000E+02   4.9313578E-06   5.2219889E-06
   1.5499764E+03   5.7700000E+02   5.4500000E+02   5.2690103E-04   5.5699321E-04
   1.5499839E+03   5.1700000E+02   4.9400000E+02   7.6861539E-04   8.0381446E-04
   1.5499914E+03   5.2100000E+02   4.9800000E+02   1.9169834E-04   2.0556974E-04
   1.5499990E+03   5.2900000E+02   5.0100000E+02   2.0782351E-06   2.4360345E-06
   1.5500065E+03   4.6700000E+02   4.3900000E+02   8.4738882E-04   9.0202699E-04
   1.5500140E+03   4.9400000E+02   4.7300000E+02   3.1024379E-06   3.5861535E-06
   1.5500215E+03   4.7300000E+02   4.5300000E+02   1.0944950E-06   9.0916866E-07
   1.5500291E+03   4.5400000E+02   4.3300000E+02   4.6925741E-04   4.9203757E-04
   1.5500366E+03   4.7400000E+02   4.4700000E+02   7.4512266E-06   7.6474960E-06
   1.5500441E+03   4.6100000E+02   4.4800000E+02   4.3885005E-05   4.4636963E-05
   1.5500517E+03   4.1600000E+02   3.8800000E+02   7.4720436E-04   8.0333243E-04
   1.5500592E+03   3.9700000E+02   3.7500000E+02   4.5686483E-06   6.1599221E-06
   1.5500667E+03   3.6800000E+02   3.4400000E+02   3.2876560E-05   3.6197367E-05
   1.5500742E+03   3.8600000E+02   3.6200000E+02   7.3463412E-06   3.9230282E-06
   1.5500818E+03   4.2500000E+02   4.0400000E+02   6.8410583E-04   7.1964729E-04
   1.5500893E+03   3.4700000E+02   3.2900000E+02   1.8013833E-06   1.9223262E-06
   1.5500968E+03   4.0200000E+02   3.7500000E+02   1.9585403E-05   1.9201418E-05
   1.5501044E+03   3.5700000E+02   3.2700000E+02   7.0572340E-06   7.5641389E-06
   1.5501119E+03   3.6300000E+02   3.3400000E+02   1.0897413E-05   1.1731590E-05
   1.5501194E+03   3.2200000E+02   2.9800000E+02   2.0218002E-06   2.3460715E-06
   1.5501269E+03   3.3500000E+02   3.1900000E+02   2.7074432E-06   3.3224240E-06
   1.5501345E+03   2.8900000E+02   2.7100000E+02   5.3640417E-06   5.4633407E-06
   1.5501420E+03   2.8800000E+02   2.7200000E+02   1.3387841E-05   1.3383091E-05
   1.5501495E+03   2.8100000E+02   2.6200000E+02   8.5493587E-06   9.3790537E-06
   1.5501571E+03   2.8300000E+02   2.6400000E+02   1.2117642E-05   1.2898425E-05
   1.5501646E+03   2.8600000E+02   2.6400000E+02   5.8379582E-06   3.1622887E-06
   1.5501721E+03   2.9000000E+02   2.7100000E+02   2.8736260E-06   3.2010830E-06
   1.5501796E+03   2.9500000E+02   2.7300000E+02   1.0824360E-05   1.2397557E-05
   1.5501872E+03   2.6300000E+02   2.4600000E+02   2.0866989E-05   2.1414757E-05
   1.5501947E+03   2.4200000E+02   2.2200000E+02   7.5294257E-06   7.4016766E-06
   1.5502022E+03   2.5300000E+02   2.3800000E+02   3.0833530E-06   3.3744317E-06
   1.5502097E+03   2.5500000E+02   2.3800000E+02   1.9350697E-05   2.0801840E-05
   1.5502173E+03   2.4900000E+02   2.3100000E+02   3.7017785E-06   4.9342246E-06
   1.5502248E+03   2.2600000E+02   2.0500000E+02   4.2990415E-05   4.7253895E-05
   1.5502323E+03   2.2900000E+02   2.1100000E+02   3.6864698E-05   3.9620358E-05
   1.5502399E+03   2.5300000E+02   2.2700000E+02   2.5468403E-05   2.9408705E-05
   1.5502474E+03   2.3400000E+02   2.1500000E+02   8.8873557E-05   9.6739320E-05
   1.5502549E+03   2.7000000E+02   2.4400000E+02   2.5398369E-05   2.8149730E-05
   1.5502624E+03   2.2300000E+02   1.9800000E+02   5.0192390E-06   6.3315355E-06
   1.5502700E+03   2.3300000E+02   2.1300000E+02   5.2501296E-05   3.4279828E-05
   1.5502775E+03   2.2200000E+02   1.9000000E+02   8.6108231E-06   9.1571493E-06
   1.5502850E+03   2.3100000E+02   2.1000000E+02   3.8212737E-06   2.6564845E-06
   1.5502926E+03   2.3700000E+02   2.1300000E+02   1.0167960E-05   1.0324305E-05
   1.5503001E+03   2.3300000E+02   2.1500000E+02   3.0533588E-06   3.3819194E-06
   1.5503076E+03   2.6200000E+02   2.3900000E+02   9.4686462E-06   8.8965418E-06
   1.5503151E+03   2.4500000E+02   2.1800000E+02   4.1490886E-06   5.6601524E-06
   1.5503227E+03   2.4300000E+02   2.1200000E+02   1.5714521E-05   1.7069322E-05
   1.5503302E+03   2.3400000E+02   2.0700000E+02   7.0428933E-06   7.5030062E-06
   1.5503377E+03   2.2300000E+02   2.0700000E+02   2.6943378E-06   3.2911389E-06
   1.5503453E+03   2.1200000E+02   1.9100000E+02   1.2172240E-05   1.3372177E-05
   1.5503528E+03   2.2600000E+02   1.9500000E+02   1.9321112E-07   8.9766998E-07
   1.5503603E+03   2.2800000E+02   2.0400000E+02   8.2580640E-06   9.5826248E-06
   1.5503678E+03   2.1600000E+02   1.8900000E+02   9.7032888E-06   1.1720290E-05
   1.5503754E+03   2.2900000E+02   1.9900000E+02   1.5394847E-05   1.7495121E-05
   1.5503829E+03   2.5500000E+02   2.2900000E+02   7.7438076E-06   7.2493247E-06
   1.5503904E+03   2.2600000E+02   1.9400000E+02   5.2488354E-05   6.1440379E-05
   1.5503980E+03   2.5500000E+02   2.2000000E+02   5.5971413E-07   6.8918994E-07
   1.5504055E+03   2.2600000E+02   1.9200000E+02   5.3621016E-06   6.4340611E-06
   1.5504130E+03   2.5100000E+02   2.1400000E+02   8.9814147E-05   1.0512692E-04
   1.5504205E+03   2.4500000E+02   2.0900000E+02   3.8494352E-06   3.9348571E-06
   1.5504281E+03   2.5600000E+02   2.2200000E+02   6.0182260E-06   4.9479899E-06
   1.5504356E+03   2.6100000E+02   2.2000000E+02   6.7552861E-04   8.0061745E-04
   1.5504431E+03   2.9200000E+02   2.5100000E+02   2.8262560E-06   3.3426160E-06
   1.5504507E+03   2.6300000E+02   2.2500000E+02   2.1719022E-05   2.6101755E-05
   1.5504582E+03   2.6400000E+02   2.2800000E+02   1.5025228E-05   1.7971015E-05
   1.5504657E+03   2.9900000E+02   2.5100000E+02   4.0135469E-06   4.6427533E-06
   1.5504732E+03   3.1500000E+02   2.6700000E+02   7.7063378E-06   7.9341901E-06
   1.5504808E+03   2.7900000E+02   2.3800000E+02   1.6482410E-05   1.9230356E-05
   1.5504883E+03   3.1700000E+02   2.6800000E+02   2.2046226E-06   1.5879811E-06
   1.5504958E+03   2.7200000E+02   2.1800000E+02   2.9918867E-04   3.7503262E-04
   1.5505034E+03   2.9600000E+02   2.5100000E+02   8.4951084E-06   1.0167099E-05
   1.5505109E+03   3.0700000E+02   2.5900000E+02   7.4527577E-06   8.7242069E-06
   1.5505184E+03   2.8800000E+02   2.3400000E+02   3.3029144E-06   3.9643231E-06
   1.5505259E+03   3.5100000E+02   2.8500000E+02   9.7567554E-06   1.9467371E-05
   1.5505335E+03   3.5000000E+02   2.9500000E+02   9.0633731E-06   1.3848749E-05
   1.5505410E+03   3.5000000E+02   2.8000000E+02   4.1911496E-06   4.7387859E-06
   1.5505485E+03   3.7000000E+02   3.2100000E+02   8.3963066E-06   1.0303752E-05
   1.5505561E+03   3.8300000E+02   3.0900000E+02   3.6284795E-07   1.0907250E-06
   1.5505636E+03   4.0300000E+02   3.4500000E+02   1.1669378E-07   3.2429154E-07
   1.5505711E+03   4.0300000E+02   3.3700000E+02   1.3077180E-05   1.1608297E-05
   1.5505786E+03   4.1300000E+02   3.5500000E+02   8.8815691E-07   3.3347772E-06
   1.5505862E+03   4.5400000E+02   3.7700000E+02   9.3156401E-06   1.5774408E-06
   1.5505937E+03   4.3300000E+02   3.5000000E+02   6.2159402E-06   6.2832766E-06
   1.5506012E+03   4.5900000E+02   3.8000000E+02   7.5364345E-06   9.7212024E-06
   1.5506087E+03   4.3900000E+02   3.6300000E+02   8.8109509E-06   1.0226778E-05
   1.5506163E+03   5.0800000E+02   4.0700000E+02   1.0369115E-05   1.0360728E-05
   1.5506238E+03   5.0100000E+02   4.1500000E+02   7.5261048E-05   9.6371598E-05
   1.5506313E+03   5.3200000E+02   4.3200000E+02   7.5011032E-06   8.4078482E-06
   1.5506389E+03   5.0300000E+02   3.9500000E+02   2.3032599E-05   2.8545672E-05
   1.5506464E+03   5.7600000E+02   4.6400000E+02   1.3153453E-05   1.7313524E-05
   1.5506539E+03   6.1400000E+02   5.0100000E+02   2.2238918E-06   3.3636949E-06
   1.5506614E+03   6.0800000E+02   4.9200000E+02   2.0223428E-05   2.7402322E-05
   1.5506690E+03   6.3600000E+02   5.1800000E+02   1.0733617E-05   1.3284134E-05
   1.5506765E+03   6.8700000E+02   5.4000000E+02   1.5078143E-05   1.9262946E-05
   1.5506840E+03   6.9400000E+02   5.5000000E+02   1.7614168E-06   6.9708831E-06
   1.5506916E+03   6.9500000E+02   5.4900000E+02   4.0916334E-06   3.7142256E-06
   1.5506991E+03   7.5600000E+02   6.0800000E+02   5.2521787E-06   6.7990379E-06
   1.5507066E+03   7.7400000E+02   6.3100000E+02   3.3586892E-06   4.4607068E-06
   1.5507141E+03   8.5400000E+02   6.8600000E+02   1.9011501E-05   2.4705537E-05
   1.5507217E+03   7.9000000E+02   6.5600000E+02   1.4059598E-05   1.8448912E-05
   1.5507292E+03   8.5000000E+02   6.8800000E+02   6.9392010E-06   8.0468829E-06
   1.5507367E+03   8.7900000E+02   7.0100000E+02   1.0364155E-04   1.3004595E-04
   1.5507443E+03   9.3500000E+02   7.5700000E+02   4.9377860E-06   5.6309056E-06
   1.5507518E+03   9.5300000E+02   7.9300000E+02   3.1718215E-06   2.5867464E-06
   1.5507593E+03   9.5600000E+02   7.8500000E+02   2.9606195E-06   5.8247583E-06
   1.5507668E+03   9.9100000E+02   8.0500000E+02   7.6098794E-05   8.4629549E-06
   1.5507744E+03   1.0740000E+03   8.8100000E+02   5.0355940E-06   6.1957865E-06
   1.5507819E+03   1.1360000E+03   9.1900000E+02   2.4428134E-05   2.8928126E-05
   1.5507894E+03   1.2070000E+03   9.8200000E+02   2.0781711E-06   1.7250386E-06
   1.5507970E+03   1.1510000E+03   9.2700000E+02   3.3385584E-06   2.6650426E-06
   1.5508045E+03   1.2370000E+03   1.0180000E+03   1.1008645E-05   4.0664206E-06
   1.5508120E+03   1.2960000E+03   1.0480000E+03   8.1411851E-05   1.0040720E-04
   1.5508195E+03   1.3220000E+03   1.1420000E+03   6.3017478E-05   3.2330776E-06
   1.5508271E+03   1.3520000E+03   1.1100000E+03   5.3319818E-05   6.6498926E-05
   1.5508346E+03   1.4110000E+03   1.1780000E+03   2.5962084E-04   3.0973067E-04
   1.5508421E+03   1.3970000E+03   1.1470000E+03   2.1197394E-05   2.5927935E-05
   1.5508497E+03   1.4610000E+03   1.1890000E+03   5.3029296E-05   2.5290766E-06
   1.5508572E+03   1.4840000E+03   1.2580000E+03   5.6963049E-06   6.7526901E-06
   1.5508647E+03   1.5330000E+03   1.3020000E+03   1.6458358E-06   1.9880366E-06
   1.5508722E+03   1.5500000E+03   1.3150000E+03   1.2315235E-04   1.4511258E-04
   1.5508798E+03   1.5400000E+03   1.2950000E+03   4.9872708E-06   5.1642346E-06
   1.5508873E+03   1.6020000E+03   1.3570000E+03   7.2976501E-05   8.6150620E-05
   1.5508948E+03   1.6970000E+03   1.4110000E+03   5.6591266E-05   6.7389424E-05
   1.5509024E+03   1.7230000E+03   1.4670000E+03   2.0270554E-06   7.2088538E-07
   1.5509099E+03   1.8000000E+03   1.5380000E+03   9.1443352E-05   4.3334059E-05
   1.5509174E+03   1.7720000E+03   1.5190000E+03   3.9577738E-05   4.6326712E-05
   1.5509249E+03   1.8140000E+03   1.5180000E+03   9.6140338E-05   1.1530140E-04
   1.5509325E+03   1.9380000E+03   1.6610000E+03   3.6653231E-05   4.0787990E-05
   1.5509400E+03   1.9340000E+03   1.6460000E+03   1.2836254E-04   7.2117415E-06
   1.5509475E+03   1.8850000E+03   1.6190000E+03   9.1417466E-05   1.0595299E-04
   1.5509551E+03   1.9580000E+03   1.6730000E+03   8.7640185E-05   5.3040053E-05
   1.5509626E+03   2.0560000E+03   1.7590000E+03   3.1521183E-04   2.6718093E-04
   1.5509701E+03   2.0960000E+03   1.7860000E+03   1.9645632E-04   1.2631993E-04
   1.5509776E+03   2.1740000E+03   1.8900000E+03   1.0595593E-04   1.2334225E-04
   1.5509852E+03   2.1880000E+03   1.8610000E+03   1.0254416E-04   1.3372020E-04
   1.5509927E+03   2.2340000E+03   1.8800000E+03   3.0479532E-04   3.1660630E-04
   1.5510002E+03   2.3320000E+03   1.9600000E+03   2.0121779E-04   2.4061429E-04
   1.5510078E+03   2.4440000E+03   2.0140000E+03   6.7410156E-05   6.9510813E-05
   1.5510153E+03   2.3760000E+03   1.8960000E+03   8.3745125E-05   1.0264079E-04
   1.5510228E+03   2.5440000E+03   2.0250000E+03   5.9409080E-05   8.6938478E-06
   1.5510303E+03   2.7680000E+03   2.1460000E+03   1.3682020E-04   1.0244663E-04
   1.5510379E+03   2.8650000E+03   2.1210000E+03   1.1884296E-04   4.8748427E-05
   1.5510454E+03   3.1970000E+03   2.2540000E+03   7.2254980E-05   1.6549168E-04
   1.5510529E+03   3.3810000E+03   2.2450000E+03   2.1505948E-04   1.4345525E-04
   1.5510604E+03   3.8050000E+03   2.4370000E+03   3.5651461E-05   1.7648647E-04
   1.5510680E+03   4.3860000E+03   2.5570000E+03   2.3431688E-04   3.2121026E-04
   1.5510755E+03   4.8760000E+03   2.6980000E+03   3.1432694E-05   3.8472830E-05
   1.5510830E+03   5.5550000E+03   2.9490000E+03   9.0175789E-05   6.8674671E-05
   1.5510906E+03   6.2890000E+03   3.0660000E+03   5.4844323E-05   1.3787888E-04
   1.5510981E+03   7.1760000E+03   3.4960000E+03   1.6142297E-04   2.3018714E-04
   1.5511056E+03   7.9100000E+03   3.5800000E+03   2.4476175E-05   8.4788109E-05
   1.5511131E+03   9.0370000E+03   4.1010000E+03   7.2573235E-05   1.6440530E-04
   1.5511207E+03   1.0229000E+04   4.5880000E+03   6.8325308E-05   3.2408921E-05
   1.5511282E+03   1.1373000E+04   5.1110000E+03   8.5375796E-06   7.5679800E-05
   1.5511357E+03   1.2821000E+04   5.7700000E+03   6.0855895E-06   5.0676554E-06
   1.5511433E+03   1.4116000E+04   6.5680000E+03   5.0212539E-05   4.2656009E-05
   1.5511508E+03   1.5282000E+04   7.2020000E+03   1.3568335E-04   1.2017525E-04
   1.5511583E+03   1.6854000E+04   8.1890000E+03   1.4085315E-04   1.6838830E-04
   1.5511658E+03   1.8261000E+04   9.0180000E+03   4.4508991E-05   2.0748228E-05
   1.5511734E+03   1.9688000E+04   1.0032000E+04   5.8959400E-05   1.4117039E-04
   1.5511809E+03   2.1233000E+04   1.1047000E+04   3.4848697E-05   2.2691556E-05
   1.5511884E+03   2.2648000E+04   1.2056000E+04   5.3277501E-05   1.1156414E-04
   1.5511960E+03   2.4199000E+04   1.3221000E+04   9.6595548E-05   1.4438433E-04
   1.5512035E+03   2.5657000E+04   1.4372000E+04   6.1230620E-05   8.6711250E-05
   1.5512110E+03   2.7042000E+04   1.5512000E+04   6.7260574E-05   6.8440822E-05
   1.5512185E+03   2.8344000E+04   1.6588000E+04   8.6128403E-05   9.2631047E-05
   1.5512261E+03   3.0132000E+04   1.7980000E+04   9.0198274E-05   1.5821542E-04
   1.5512336E+03   3.1121000E+04   1.8956000E+04   8.1178281E-05   1.0134139E-04
   1.5512411E+03   3.2830000E+04   2.0169000E+04   5.5576540E-05   7.5130239E-05
   1.5512487E+03   3.4193000E+04   2.1446000E+04   8.7535189E-05   1.0981681E-04
   1.5512562E+03   3.5570000E+04   2.2661000E+04   2.6810638E-05   1.9671429E-05
   1.5512637E+03   3.6595000E+04   2.3774000E+04   5.6997228E-05   5.7191110E-05
   1.5512712E+03   3.8275000E+04   2.4986000E+04   1.9580602E-05   5.8274275E-05
   1.5512788E+03   3.9442000E+04   2.6220000E+04   4.2742899E-05   3.3300113E-05
   1.5512863E+03   4.0635000E+04   2.7227000E+04   1.5637992E-04   1.6668785E-04
   1.5512938E+03   4.1547000E+04   2.7982000E+04   9.8464943E-05   6.4584152E-05
   1.5513014E+03   4.2648000E+04   2.8935000E+04   6.1758117E-05   7.0623580E-05
   1.5513089E+03   4.3679000E+04   2.9858000E+04   3.8386084E-05   7.6236149E-05
   1.5513164E+03   4.4814000E+04   3.0888000E+04   6.2646159E-05   1.1193483E-04
   1.5513239E+03   4.5687000E+04   3.1667000E+04   1.2604031E-04   1.8395838E-04
   1.5513315E+03   4.6707000E+04   3.2635000E+04   3.6928938E-05   1.6025890E-05
   1.5513390E+03   4.7801000E+04   3.3426000E+04   3.9824613E-05   8.9641710E-05
   1.5513465E+03   4.8465000E+04   3.3958000E+04   4.3624423E-05   6.2227532E-05
   1.5513541E+03   4.9316000E+04   3.4792000E+04   7.6983402E-05   6.7659264E-05
   1.5513616E+03   4.9955000E+04   3.5491000E+04   5.2363265E-05   4.7449230E-05
   1.5513691E+03   5.0651000E+04   3.6205000E+04   8.3000307E-05   6.7407974E-05
   1.5513766E+03   5.1186000E+04   3.6520000E+04   7.5700325E-05   1.2336722E-04
   1.5513842E+03   5.1686000E+04   3.6909000E+04   1.6564740E-05   2.2546264E-05
   1.5513917E+03   5.2365000E+04   3.7438000E+04   4.8295855E-05   8.3341015E-05
   1.5513992E+03   5.2628000E+04   3.7561000E+04   6.8431458E-05   7.9413580E-05
   1.5514068E+03   5.2893000E+04   3.7773000E+04   7.9968038E-05   4.4703507E-05
   1.5514143E+03   5.3200000E+04   3.8084000E+04   3.5967178E-05   7.5483279E-05
   1.5514218E+03   5.3934000E+04   3.8480000E+04   1.5945017E-05   3.7842053E-05
   1.5514293E+03   5.4298000E+04   3.8644000E+04   2.7993144E-05   4.0908887E-05
   1.5514369E+03   5.4205000E+04   3.8398000E+04   4.8155301E-05   7.0130867E-05
   1.5514444E+03   5.4343000E+04   3.8495000E+04   4.3876357E-05   3.5351155E-05
   1.5514519E+03   5.4048000E+04   3.7901000E+04   3.4724234E-05   7.3364502E-05
   1.5514595E+03   5.4070000E+04   3.7887000E+04   7.5105059E-05   8.6652609E-05
   1.5514670E+03   5.3349000E+04   3.6899000E+04   5.0010627E-05   6.5761876E-05
   1.5514745E+03   5.3452000E+04   3.6808000E+04   1.8467279E-05   4.3835643E-05
   1.5514820E+03   5.2313000E+04   3.5667000E+04   1.2214915E-04   1.5459751E-04
   1.5514896E+03   5.2046000E+04   3.5020000E+04   1.2840209E-05   8.3441532E-05
   1.5514971E+03   5.1284000E+04   3.4309000E+04   3.9774566E-05   8.5007626E-05
   1.5515046E+03   5.0612000E+04   3.3531000E+04   4.5567783E-05   3.2113811E-05
   1.5515122E+03   4.9671000E+04   3.2615000E+04   4.5933476E-05   7.1358242E-05
   1.5515197E+03   4.8527000E+04   3.1432000E+04   7.3542943E-05   7.4543637E-05
   1.5515272E+03   4.7362000E+04   3.0580000E+04   1.5780285E-04   2.0147112E-04
   1.5515347E+03   4.6282000E+04   2.9462000E+04   7.4860839E-05   1.4251249E-04
   1.5515423E+03   4.5273000E+04   2.8237000E+04   1.0598494E-04   1.6482665E-04
   1.5515498E+03   4.3537000E+04   2.7136000E+04   3.1007941E-05   8.0274221E-05
   1.5515573E+03   4.1971000E+04   2.5693000E+04   6.1841788E-05   1.1579759E-04
   1.5515648E+03   4.0267000E+04   2.4681000E+04   7.1096557E-05   7.8543887E-05
   1.5515724E+03   3.8906000E+04   2.3591000E+04   1.0729836E-04   2.2157532E-04
   1.5515799E+03   3.7367000E+04   2.2274000E+04   5.4021807E-05   1.0069078E-04
   1.5515874E+03   3.5601000E+04   2.1131000E+04   1.0424998E-04   1.8120004E-04
   1.5515950E+03   3.4051000E+04   2.0149000E+04   1.5923391E-04   2.0584970E-04
   1.5516025E+03   3.2236000E+04   1.8993000E+04   1.2415649E-04   1.1837339E-04
   1.5516100E+03   3.0226000E+04   1.7661000E+04   7.5320034E-05   3.0714341E-05
   1.5516175E+03   2.8744000E+04   1.6574000E+04   1.7648510E-04   2.9174392E-04
   1.5516251E+03   2.6944000E+04   1.5534000E+04   3.3169030E-04   5.3083716E-04
   1.5516326E+03   2.5321000E+04   1.4487000E+04   1.0919141E-04   2.3857111E-04
   1.5516401E+03   2.3837000E+04   1.3667000E+04   6.6996744E-05   1.9708893E-04
   1.5516477E+03   2.2112000E+04   1.2612000E+04   2.4345553E-04   2.5985544E-04
   1.5516552E+03   2.0885000E+04   1.1958000E+04   2.4722637E-04   4.3106408E-04
   1.5516627E+03   1.9289000E+04   1.0996000E+04   1.3348128E-04   3.8474494E-04
   1.5516702E+03   1.8090000E+04   1.0447000E+04   2.0620858E-05   4.5735325E-05
   1.5516778E+03   1.7239000E+04   9.8560000E+03   9.5258463E-05   1.1578972E-04
   1.5516853E+03   1.5894000E+04   9.0210000E+03   2.1047575E-04   3.4731870E-04
   1.5516928E+03   1.4901000E+04   8.5100000E+03   3.3570802E-04   6.1326575E-04
   1.5517004E+03   1.3724000E+04   7.9450000E+03   2.9377803E-04   6.0355267E-04
   1.5517079E+03   1.2816000E+04   7.3960000E+03   4.2006871E-05   1.8740102E-04
   1.5517154E+03   1.2016000E+04   6.8670000E+03   1.3269954E-04   2.5041566E-04
   1.5517229E+03   1.1245000E+04   6.5560000E+03   1.6797913E-04   2.6961621E-04
   1.5517305E+03   1.0300000E+04   5.9790000E+03   4.8249501E-04   3.7925898E-04
   1.5517380E+03   9.6580000E+03   5.6560000E+03   6.7400541E-04   1.0789761E-03
   1.5517455E+03   8.8950000E+03   5.2730000E+03   5.9843087E-04   6.7504878E-04
   1.5517531E+03   8.4220000E+03   4.9280000E+03   3.8013517E-04   7.2401012E-04
   1.5517606E+03   7.9100000E+03   4.6870000E+03   2.1700016E-04   1.5887498E-04
   1.5517681E+03   7.2100000E+03   4.3120000E+03   1.9173877E-04   4.1193802E-04
   1.5517756E+03   6.8000000E+03   4.0420000E+03   7.1204296E-04   1.0631696E-03
   1.5517832E+03   6.3270000E+03   3.8340000E+03   5.3363853E-04   5.7281739E-04
   1.5517907E+03   5.9860000E+03   3.5580000E+03   9.9126640E-04   1.4945450E-03
   1.5517982E+03   5.7030000E+03   3.3970000E+03   3.2147378E-04   4.7358803E-04
   1.5518058E+03   5.2290000E+03   3.1110000E+03   1.6022418E-04   5.2284235E-04
   1.5518133E+03   4.9700000E+03   2.9470000E+03   1.0848304E-03   1.7263577E-03
   1.5518208E+03   4.6270000E+03   2.7990000E+03   1.1303896E-03   1.3024014E-03
   1.5518283E+03   4.4550000E+03   2.6550000E+03   4.6303792E-04   1.3044044E-03
   1.5518359E+03   4.0390000E+03   2.4620000E+03   8.2461706E-04   1.1428554E-03
   1.5518434E+03   3.9100000E+03   2.3050000E+03   9.8233873E-04   1.5686133E-03
   1.5518509E+03   3.7020000E+03   2.2360000E+03   8.0845290E-04   8.5433148E-04
   1.5518585E+03   3.4820000E+03   2.0830000E+03   1.5501254E-04   8.6115069E-04
   1.5518660E+03   3.3300000E+03   2.0590000E+03   1.3598040E-03   2.6785863E-03
   1.5518735E+03   3.0860000E+03   1.8370000E+03   1.5428870E-03   2.4201287E-03
   1.5518810E+03   2.9870000E+03   1.8250000E+03   1.6151840E-04   1.2111419E-03
   1.5518886E+03   2.8030000E+03   1.7010000E+03   7.5147663E-04   7.6157121E-04
   1.5518961E+03   2.6740000E+03   1.6770000E+03   1.5181261E-03   1.3741507E-03
   1.5519036E+03   2.5180000E+03   1.5220000E+03   6.0455861E-04   1.2424367E-04
   1.5519112E+03   2.4260000E+03   1.4770000E+03   3.5207662E-04   6.0865603E-04
   1.5519187E+03   2.3020000E+03   1.4030000E+03   3.3183628E-04   1.6181913E-03
   1.5519262E+03   2.1980000E+03   1.3450000E+03   6.0047575E-04   7.4117705E-04
   1.5519337E+03   2.0970000E+03   1.2810000E+03   3.0577372E-03   3.7620852E-03
   1.5519413E+03   2.0440000E+03   1.2600000E+03   7.4565403E-04   2.5694561E-03
   1.5519488E+03   1.9760000E+03   1.2950000E+03   1.1202712E-03   1.8887950E-03
   1.5519563E+03   1.8780000E+03   1.1740000E+03   1.7050895E-03   2.2250252E-03
   1.5519638E+03   1.7600000E+03   1.1210000E+03   9.4352685E-04   2.0916524E-03
   1.5519714E+03   1.7910000E+03   1.1420000E+03   1.2326116E-03   1.9599704E-03
   1.5519789E+03   1.6700000E+03   1.0410000E+03   1.3227850E-03   1.9212849E-03
   1.5519864E+03   1.6020000E+03   9.6600000E+02   4.7017101E-04   1.4572477E-03
   1.5519940E+03   1.5160000E+03   9.5500000E+02   1.2495895E-03   1.1294264E-03
   1.5520015E+03   1.4930000E+03   9.2700000E+02   1.6068795E-03   3.0614466E-03
   1.5520090E+03   1.4380000E+03   9.0000000E+02   1.8646711E-03   2.0128409E-03
   1.5520165E+03   1.4160000E+03   8.5900000E+02   8.3365638E-04   2.0062745E-03
   1.5520241E+03   1.3220000E+03   8.5500000E+02   2.6034964E-03   4.0894180E-03
   1.5520316E+03   1.2880000E+03   8.3700000E+02   3.6388526E-03   5.7215064E-03
   1.5520391E+03   1.2320000E+03   7.5300000E+02   2.7584798E-03   4.9704521E-03
   1.5520467E+03   1.1940000E+03   7.6900000E+02   1.8542193E-03   2.4816642E-03
   1.5520542E+03   1.1380000E+03   7.1900000E+02   2.1986205E-03   2.5449611E-03
   1.5520617E+03   1.0670000E+03   6.7300000E+02   1.2342034E-03   1.6362686E-03
   1.5520692E+03   1.1460000E+03   7.1400000E+02   1.2494827E-03   2.1151079E-03
   1.5520768E+03   1.0390000E+03   6.5200000E+02   1.9332959E-03   2.5161898E-03
   1.5520843E+03   9.9200000E+02   6.1000000E+02   6.0695710E-04   1.0321729E-03
   1.5520918E+03   9.5800000E+02   5.9300000E+02   3.2421993E-03   5.2790646E-03
   1.5520994E+03   9.3700000E+02   5.7500000E+02   2.1569074E-03   2.9494210E-03
   1.5521069E+03   9.9600000E+02   6.2400000E+02   2.7434468E-03   3.8337968E-03
   1.5521144E+03   7.8600000E+02   4.6800000E+02   2.3094431E-03   3.2836904E-03
   1.5521219E+03   8.0000000E+02   4.9500000E+02   2.0997098E-03   3.5786742E-03
   1.5521295E+03   8.5400000E+02   5.3200000E+02   2.3103407E-03   3.0337476E-03
   1.5521370E+03   7.5700000E+02   4.7100000E+02   2.5582194E-03   4.6082842E-03
   1.5521445E+03   7.5700000E+02   4.7000000E+02   2.3337205E-03   3.8742662E-03
   1.5521521E+03   7.4600000E+02   4.6700000E+02   6.9921419E-04   2.2560444E-03
   1.5521596E+03   6.7800000E+02   4.4000000E+02   3.5884214E-03   4.7732609E-03
   1.5521671E+03   6.2000000E+02   3.7600000E+02   3.8083719E-03   7.0708862E-03
   1.5521746E+03   6.6200000E+02   3.9800000E+02   1.0331918E-03   1.5099359E-03
   1.5521822E+03   6.3400000E+02   4.1000000E+02   5.2396303E-03   6.9474784E-03
   1.5521897E+03   5.8700000E+02   3.8300000E+02   1.1715606E-03   1.4891496E-03
   1.5521972E+03   6.0700000E+02   3.8000000E+02   4.7473343E-03   6.6959406E-03
   1.5522048E+03   5.7600000E+02   3.5400000E+02   3.3910660E-03   6.1334701E-03
   1.5522123E+03   5.8500000E+02   3.6800000E+02   3.7316633E-03   6.1452053E-03
   1.5522198E+03   5.1100000E+02   3.1300000E+02   1.8208245E-03   3.0559943E-03
   1.5522273E+03   4.9400000E+02   3.0800000E+02   3.1366526E-03   4.2230594E-03
   1.5522349E+03   4.7300000E+02   3.0800000E+02   1.5970689E-03   2.1239639E-03
   1.5522424E+03   4.3500000E+02   2.9100000E+02   4.2313100E-03   4.8874687E-03
   1.5522499E+03   4.2600000E+02   2.7100000E+02   3.4026800E-03   5.1973727E-03
   1.5522575E+03   4.5900000E+02   2.9200000E+02   2.9859819E-03   4.2245926E-03
   1.5522650E+03   3.9800000E+02   2.3000000E+02   2.0406737E-03   4.7916659E-03
   1.5522725E+03   4.2100000E+02   2.5800000E+02   4.0381169E-03   6.7541113E-03
   1.5522800E+03   3.6300000E+02   2.3700000E+02   9.9748865E-04   3.3057334E-03
   1.5522876E+03   3.2400000E+02   2.0700000E+02   1.9292119E-03   3.0398112E-03
   1.5522951E+03   3.2500000E+02   2.0000000E+02   2.4752241E-03   4.1345279E-03
   1.5523026E+03   3.5500000E+02   2.1300000E+02   3.1499823E-03   8.3977701E-03
   1.5523102E+03   3.0700000E+02   1.9500000E+02   3.2857128E-03   5.1873943E-03
   1.5523177E+03   3.1200000E+02   1.9300000E+02   1.6482031E-03   3.1266035E-03
   1.5523252E+03   2.6700000E+02   1.6100000E+02   2.7282896E-03   2.8937090E-03
   1.5523327E+03   2.8200000E+02   1.7300000E+02   3.8891998E-03   4.7613200E-03
   1.5523403E+03   2.6700000E+02   1.6600000E+02   4.8145714E-03   6.8564560E-03
   1.5523478E+03   3.0400000E+02   1.8800000E+02   6.4584876E-03   1.0443514E-02
   1.5523553E+03   2.4700000E+02   1.5500000E+02   4.5823886E-03   7.2549903E-03
   1.5523629E+03   2.5000000E+02   1.5100000E+02   2.0251056E-03   2.4405547E-03
   1.5523704E+03   2.2400000E+02   1.3100000E+02   6.0502344E-03   1.0741418E-02
   1.5523779E+03   2.0800000E+02   1.3700000E+02   4.2575017E-03   6.4639442E-03
   1.5523854E+03   1.9700000E+02   1.3100000E+02   6.3674406E-03   9.6370747E-03
   1.5523930E+03   1.9400000E+02   1.0500000E+02   2.4720199E-03   4.4171798E-03
   1.5524005E+03   1.8900000E+02   1.1300000E+02   5.6754248E-03   9.0018625E-03
   1.5524080E+03   1.9600000E+02   1.1600000E+02   2.5254228E-03   3.6600158E-03
   1.5524155E+03   1.8000000E+02   1.0500000E+02   3.7072128E-03   6.8964011E-03
   1.5524231E+03   1.8000000E+02   1.0800000E+02   3.7188270E-03   6.1980449E-03
   1.5524306E+03   1.5900000E+02   1.0000000E+02   7.0370289E-04   1.2819171E-03
   1.5524381E+03   1.3600000E+02   7.9000000E+01   1.7701160E-04   3.0472883E-04
   1.5524457E+03   1.5000000E+02   9.5000000E+01   1.9539442E-03   2.5854471E-03
   1.5524532E+03   1.4000000E+02   7.9000000E+01   6.3030007E-03   1.1169875E-02
   1.5524607E+03   1.1600000E+02   7.7000000E+01   9.0084071E-03   1.5169150E-02
   1.5524682E+03   1.5800000E+02   1.1200000E+02   1.5810904E-03   2.2304668E-03
   1.5524758E+03   1.1400000E+02   5.9000000E+01   5.0594371E-03   9.7658847E-03
   1.5524833E+03   1.0000000E+02   6.8000000E+01   6.7369872E-03   9.9073341E-03
   1.5524908E+03   1.2200000E+02   7.3000000E+01   5.1461114E-03   3.4399586E-03
   1.5524984E+03   1.0500000E+02   6.1000000E+01   5.4901948E-03   4.3463266E-04
   1.5525059E+03   1.3100000E+02   8.1000000E+01   1.0257010E-02   1.6719695E-02
   1.5525134E+03   9.3000000E+01   5.5000000E+01   1.1759444E-03   7.9271989E-04
   1.5525209E+03   9.8000000E+01   5.3000000E+01   6.0216679E-03   1.1134405E-02
   1.5525285E+03   9.1000000E+01   5.8000000E+01   6.7939690E-03   1.0659503E-02
   1.5525360E+03   9.0000000E+01   5.1000000E+01   4.6703603E-03   7.0728486E-03
   1.5525435E+03   7.4000000E+01   4.4000000E+01   8.4267771E-03   1.2028216E-02
   1.5525511E+03   7.9000000E+01   4.0000000E+01   4.5436364E-03   8.5329038E-03
   1.5525586E+03   6.2000000E+01   4.2000000E+01   2.9691356E-03   4.3830097E-03
   1.5525661E+03   8.7000000E+01   5.3000000E+01   3.1868917E-03   5.6435467E-03
   1.5525736E+03   6.6000000E+01   4.0000000E+01   5.3233435E-04   0.0000000E+00
   1.5525812E+03   6.9000000E+01   4.2000000E+01   1.2186417E-03   2.0020542E-03
   1.5525887E+03   6.2000000E+01   4.4000000E+01   1.1837431E-03   1.6680016E-03
   1.5525962E+03   5.4000000E+01   3.9000000E+01   0.0000000E+00   0.0000000E+00
   1.5526038E+03   5.5000000E+01   3.1000000E+01   1.2552788E-02   2.2271075E-02
   1.5526113E+03   6.0000000E+01   4.2000000E+01   0.0000000E+00   0.0000000E+00
   1.5526188E+03   5.0000000E+01   3.7000000E+01   7.4837913E-03   1.0113232E-02
   1.5526263E+03   4.6000000E+01   3.0000000E+01   7.7323038E-03   0.0000000E+00
   1.5526339E+03   5.2000000E+01   3.2000000E+01   9.5178588E-03   1.5466521E-02
   1.5526414E+03   4.1000000E+01   2.1000000E+01   0.0000000E+00   0.0000000E+00
   1.5526489E+03   3.4000000E+01   2.6000000E+01   3.3668829E-03   4.4028469E-03
   1.5526565E+03   4.8000000E+01   2.8000000E+01   1.0802790E-03   1.8519069E-03
   1.5526640E+03   2.8000000E+01   1.3000000E+01   1.5177791E-03   3.2690627E-03
   1.5526715E+03   2.3000000E+01   1.0000000E+01   0.0000000E+00   0.0000000E+00
   1.5526790E+03   4.2000000E+01   2.8000000E+01   0.0000000E+00   0.0000000E+00
   1.5526866E+03   3.1000000E+01   1.6000000E+01   0.0000000E+00   0.0000000E+00
   1.5526941E+03   4.1000000E+01   2.1000000E+01   0.0000000E+00   0.0000000E+00
   1.5527016E+03   3.0000000E+01   1.4000000E+01   0.0000000E+00   0.0000000E+00
   1.5527092E+03   3.1000000E+01   2.1000000E+01   0.0000000E+00   0.0000000E+00
   1.5527167E+03   2.7000000E+01   1.7000000E+01   0.0000000E+00   0.0000000E+00
   1.5527242E+03   2.2000000E+01   1.3000000E+01   2.6904956E-02   4.5531464E-02
   1.5527317E+03   2.9000000E+01   1.8000000E+01   2.3958073E-02   3.8599118E-02
   1.5527393E+03   2.4000000E+01   1.3000000E+01   2.2692530E-02   4.1893902E-02
   1.5527468E+03   1.6000000E+01   9.0000000E+00   0.0000000E+00   0.0000000E+00
   1.5527543E+03   1.9000000E+01   1.2000000E+01   0.0000000E+00   0.0000000E+00
   1.5527619E+03   1.8000000E+01   1.3000000E+01   0.0000000E+00   0.0000000E+00
   1.5527694E+03   1.0000000E+01   5.0000000E+00   0.0000000E+00   0.0000000E+00
   1.5527769E+03   2.5000000E+01   1.6000000E+01   0.0000000E+00   0.0000000E+00
   1.5527844E+03   1.6000000E+01   1.1000000E+01   0.0000000E+00   0.0000000E+00
   1.5527920E+03   9.0000000E+00   6.0000000E+00   0.0000000E+00   0.0000000E+00
   1.5527995E+03   1.4000000E+01   5.0000000E+00   0.0000000E+00   0.0000000E+00
   1.5528070E+03   1.3000000E+01   8.0000000E+00   0.0000000E+00   0.0000000E+00
   1.5528146E+03   1.0000000E+01   5.0000000E+00   0.0000000E+00   0.0000000E+00
   1.5528221E+03   1.4000000E+01   8.0000000E+00   5.1109612E-02   8.9441822E-02
   1.5528296E+03   1.7000000E+01   1.1000000E+01   0.0000000E+00   0.0000000E+00
   1.5528371E+03   1.6000000E+01   1.1000000E+01   2.6196784E-02   3.8104412E-02
   1.5528447E+03   1.5000000E+01   8.0000000E+00   4.1287865E-02   7.7414746E-02
   1.5528522E+03   4.0000000E+00   2.0000000E+00   1.6680234E-01   3.3360469E-01
   1.5528597E+03   1.0000000E+01   6.0000000E+00   0.0000000E+00   0.0000000E+00
   1.5528673E+03   7.0000000E+00   5.0000000E+00   5.1358113E-02   7.1901358E-02
   1.5528748E+03   9.0000000E+00   3.0000000E+00   9.3704969E-03   0.0000000E+00
   1.5528823E+03   7.0000000E+00   5.0000000E+00   0.0000000E+00   0.0000000E+00
   1.5528898E+03   3.0000000E+00   1.0000000E+00   0.0000000E+00   0.0000000E+00
   1.5528974E+03   1.4000000E+01   7.0000000E+00   4.6218422E-02   9.2436845E-02
   1.5529049E+03   9.0000000E+00   4.0000000E+00   0.0000000E+00   0.0000000E+00
   1.5529124E+03   5.0000000E+00   3.0000000E+00   0.0000000E+00   0.0000000E+00
   1.5529199E+03   1.0000000E+01   6.0000000E+00   0.0000000E+00   0.0000000E+00
   1.5529275E+03   4.0000000E+00   2.0000000E+00   0.0000000E+00   0.0000000E+00
   1.5529350E+03   3.0000000E+00   1.0000000E+00   0.0000000E+00   0.0000000E+00
   1.5529425E+03   6.0000000E+00   4.0000000E+00   0.0000000E+00   0.0000000E+00
   1.5529501E+03   6.0000000E+00   3.0000000E+00   0.0000000E+00   0.0000000E+00
   1.5529576E+03   6.0000000E+00   2.0000000E+00   0.0000000E+00   0.0000000E+00
   1.5529651E+03   6.0000000E+00   2.0000000E+00   0.0000000E+00   0.0000000E+00
   1.5529726E+03   7.0000000E+00   6.0000000E+00   0.0000000E+00   0.0000000E+00
   1.5529802E+03   7.0000000E+00   3.0000000E+00   0.0000000E+00   0.0000000E+00
   1.5529877E+03   5.0000000E+00   3.0000000E+00   3.7685976E-02   6.2809960E-02
   1.5529952E+03   4.0000000E+00   3.0000000E+00   0.0000000E+00   0.0000000E+00
   1.5530028E+03   7.0000000E+00   1.0000000E+00   0.0000000E+00   0.0000000E+00
   1.5530103E+03   6.0000000E+00   3.0000000E+00   0.0000000E+00   0.0000000E+00
   1.5530178E+03   0.0000000E+00   0.0000000E+00   0.0000000E+00   0.0000000E+00
   1.5530253E+03   3.0000000E+00   1.0000000E+00   0.0000000E+00   0.0000000E+00
   1.5530329E+03   4.0000000E+00   2.0000000E+00   0.0000000E+00   0.0000000E+00
   1.5530404E+03   2.0000000E+00   2.0000000E+00   0.0000000E+00   0.0000000E+00
   1.5530479E+03   3.0000000E+00   2.0000000E+00   0.0000000E+00   0.0000000E+00
   1.5530555E+03   1.0000000E+00   0.0000000E+00   0.0000000E+00   0.0000000E+00
   1.5530630E+03   2.0000000E+00   1.0000000E+00   0.0000000E+00   0.0000000E+00
   1.5530705E+03   2.0000000E+00   1.0000000E+00   0.0000000E+00   0.0000000E+00
   1.5530780E+03   2.0000000E+00   2.0000000E+00   2.6143196E-01   2.6143196E-01
   1.5530856E+03   0.0000000E+00   0.0000000E+00   0.0000000E+00   0.0000000E+00
   1.5530931E+03   0.0000000E+00   0.0000000E+00   0.0000000E+00   0.0000000E+00
   1.5531006E+03   2.0000000E+00   1.0000000E+00   0.0000000E+00   0.0000000E+00
   1.5531082E+03   2.0000000E+00   1.0000000E+00   0.0000000E+00   0.0000000E+00
   1.5531157E+03   2.0000000E+00   2.0000000E+00   0.0000000E+00   0.0000000E+00
   1.5531232E+03   2.0000000E+00   1.0000000E+00   0.0000000E+00   0.0000000E+00
   1.5531307E+03   2.0000000E+00   1.0000000E+00   0.0000000E+00   0.0000000E+00
   1.5531383E+03   0.0000000E+00   0.0000000E+00   0.0000000E+00   0.0000000E+00
   1.5531458E+03   0.0000000E+00   0.0000000E+00   0.0000000E+00   0.0000000E+00
   1.5531533E+03   1.0000000E+00   0.0000000E+00   0.0000000E+00   0.0000000E+00
   1.5531609E+03   0.0000000E+00   0.0000000E+00   0.0000000E+00   0.0000000E+00
   1.5531684E+03   1.0000000E+00   1.0000000E+00   0.0000000E+00   0.0000000E+00
   1.5531759E+03   1.0000000E+00   1.0000000E+00   2.2892626E-01   2.2892626E-01
   1.5531834E+03   0.0000000E+00   0.0000000E+00   0.0000000E+00   0.0000000E+00
   1.5531910E+03   0.0000000E+00   0.0000000E+00   0.0000000E+00   0.0000000E+00
   1.5531985E+03   0.0000000E+00   0.0000000E+00   0.0000000E+00   0.0000000E+00
   1.5532060E+03   1.0000000E+00   0.0000000E+00   0.0000000E+00   0.0000000E+00
   1.5532136E+03   0.0000000E+00   0.0000000E+00   0.0000000E+00   0.0000000E+00
   1.5532211E+03   0.0000000E+00   0.0000000E+00   0.0000000E+00   0.0000000E+00
   1.5532286E+03   1.0000000E+00   0.0000000E+00   0.0000000E+00   0.0000000E+00
   1.5532361E+03   2.0000000E+00   2.0000000E+00   0.0000000E+00   0.0000000E+00
   1.5532437E+03   1.0000000E+00   1.0000000E+00   0.0000000E+00   0.0000000E+00
   1.5532512E+03   0.0000000E+00   0.0000000E+00   0.0000000E+00   0.0000000E+00
   1.5532587E+03   0.0000000E+00   0.0000000E+00   0.0000000E+00   0.0000000E+00
   1.5532663E+03   0.0000000E+00   0.0000000E+00   0.0000000E+00   0.0000000E+00
   1.5532738E+03   0.0000000E+00   0.0000000E+00   0.0000000E+00   0.0000000E+00
   1.5532813E+03   1.0000000E+00   1.0000000E+00   0.0000000E+00   0.0000000E+00
   1.5532888E+03   0.0000000E+00   0.0000000E+00   0.0000000E+00   0.0000000E+00
   1.5532964E+03   0.0000000E+00   0.0000000E+00   0.0000000E+00   0.0000000E+00
   1.5533039E+03   0.0000000E+00   0.0000000E+00   0.0000000E+00   0.0000000E+00
   1.5533114E+03   0.0000000E+00   0.0000000E+00   0.0000000E+00   0.0000000E+00
   1.5533189E+03   0.0000000E+00   0.0000000E+00   0.0000000E+00   0.0000000E+00
   1.5533265E+03   0.0000000E+00   0.0000000E+00   0.0000000E+00   0.0000000E+00
   1.5533340E+03   0.0000000E+00   0.0000000E+00   0.0000000E+00   0.0000000E+00
   1.5533415E+03   1.0000000E+00   0.0000000E+00   0.0000000E+00   0.0000000E+00
   1.5533491E+03   0.0000000E+00   0.0000000E+00   0.0000000E+00   0.0000000E+00
   1.5533566E+03   1.0000000E+00   0.0000000E+00   0.0000000E+00   0.0000000E+00
   1.5533641E+03   0.0000000E+00   0.0000000E+00   0.0000000E+00   0.0000000E+00
   1.5533716E+03   1.0000000E+00   0.0000000E+00   0.0000000E+00   0.0000000E+00
   1.5533792E+03   0.0000000E+00   0.0000000E+00   0.0000000E+00   0.0000000E+00
   1.5533867E+03   1.0000000E+00   1.0000000E+00   0.0000000E+00   0.0000000E+00
   1.5533942E+03   0.0000000E+00   0.0000000E+00   0.0000000E+00   0.0000000E+00
   1.5534018E+03   0.0000000E+00   0.0000000E+00   0.0000000E+00   0.0000000E+00
   1.5534093E+03   0.0000000E+00   0.0000000E+00   0.0000000E+00   0.0000000E+00
   1.5534168E+03   1.0000000E+00   0.0000000E+00   0.0000000E+00   0.0000000E+00
   1.5534243E+03   0.0000000E+00   0.0000000E+00   0.0000000E+00   0.0000000E+00
   1.5534319E+03   0.0000000E+00   0.0000000E+00   0.0000000E+00   0.0000000E+00
   1.5534394E+03   0.0000000E+00   0.0000000E+00   0.0000000E+00   0.0000000E+00
   1.5534469E+03   0.0000000E+00   0.0000000E+00   0.0000000E+00   0.0000000E+00
   1.5534545E+03   0.0000000E+00   0.0000000E+00   0.0000000E+00   0.0000000E+00
   1.5534620E+03   0.0000000E+00   0.0000000E+00   0.0000000E+00   0.0000000E+00
   1.5534695E+03   0.0000000E+00   0.0000000E+00   0.0000000E+00   0.0000000E+00
   1.5534770E+03   0.0000000E+00   0.0000000E+00   0.0000000E+00   0.0000000E+00
   1.5534846E+03   0.0000000E+00   0.0000000E+00   0.0000000E+00   0.0000000E+00
   1.5534921E+03   0.0000000E+00   0.0000000E+00   0.0000000E+00   0.0000000E+00
   1.5534996E+03   0.0000000E+00   0.0000000E+00   0.0000000E+00   0.0000000E+00
   1.5535072E+03   0.0000000E+00   0.0000000E+00   0.0000000E+00   0.0000000E+00
   1.5535147E+03   0.0000000E+00   0.0000000E+00   0.0000000E+00   0.0000000E+00
   1.5535222E+03   0.0000000E+00   0.0000000E+00   0.0000000E+00   0.0000000E+00
   1.5535297E+03   0.0000000E+00   0.0000000E+00   0.0000000E+00   0.0000000E+00
   1.5535373E+03   0.0000000E+00   0.0000000E+00   0.0000000E+00   0.0000000E+00
   1.5535448E+03   0.0000000E+00   0.0000000E+00   0.0000000E+00   0.0000000E+00
   1.5535523E+03   0.0000000E+00   0.0000000E+00   0.0000000E+00   0.0000000E+00
   1.5535599E+03   0.0000000E+00   0.0000000E+00   0.0000000E+00   0.0000000E+00
   1.5535674E+03   0.0000000E+00   0.0000000E+00   0.0000000E+00   0.0000000E+00
   1.5535749E+03   0.0000000E+00   0.0000000E+00   0.0000000E+00   0.0000000E+00
   1.5535824E+03   0.0000000E+00   0.0000000E+00   0.0000000E+00   0.0000000E+00
   1.5535900E+03   0.0000000E+00   0.0000000E+00   0.0000000E+00   0.0000000E+00
   1.5535975E+03   0.0000000E+00   0.0000000E+00   0.0000000E+00   0.0000000E+00
   1.5536050E+03   0.0000000E+00   0.0000000E+00   0.0000000E+00   0.0000000E+00
   1.5536126E+03   0.0000000E+00   0.0000000E+00   0.0000000E+00   0.0000000E+00
   1.5536201E+03   0.0000000E+00   0.0000000E+00   0.0000000E+00   0.0000000E+00
   1.5536276E+03   0.0000000E+00   0.0000000E+00   0.0000000E+00   0.0000000E+00
   1.5536351E+03   0.0000000E+00   0.0000000E+00   0.0000000E+00   0.0000000E+00
   1.5536427E+03   0.0000000E+00   0.0000000E+00   0.0000000E+00   0.0000000E+00
   1.5536502E+03   0.0000000E+00   0.0000000E+00   0.0000000E+00   0.0000000E+00
   1.5536577E+03   0.0000000E+00   0.0000000E+00   0.0000000E+00   0.0000000E+00
   1.5536653E+03   0.0000000E+00   0.0000000E+00   0.0000000E+00   0.0000000E+00
   1.5536728E+03   0.0000000E+00   0.0000000E+00   0.0000000E+00   0.0000000E+00
   1.5536803E+03   0.0000000E+00   0.0000000E+00   0.0000000E+00   0.0000000E+00
   1.5536878E+03   0.0000000E+00   0.0000000E+00   0.0000000E+00   0.0000000E+00
   1.5536954E+03   0.0000000E+00   0.0000000E+00   0.0000000E+00   0.0000000E+00
   1.5537029E+03   0.0000000E+00   0.0000000E+00   0.0000000E+00   0.0000000E+00
   1.5537104E+03   0.0000000E+00   0.0000000E+00   0.0000000E+00   0.0000000E+00
   1.5537180E+03   0.0000000E+00   0.0000000E+00   0.0000000E+00   0.0000000E+00
   1.5537255E+03   0.0000000E+00   0.0000000E+00   0.0000000E+00   0.0000000E+00
   1.5537330E+03   0.0000000E+00   0.0000000E+00   0.0000000E+00   0.0000000E+00
   1.5537405E+03   0.0000000E+00   0.0000000E+00   0.0000000E+00   0.0000000E+00
   1.5537481E+03   0.0000000E+00   0.0000000E+00   0.0000000E+00   0.0000000E+00
   1.5537556E+03   0.0000000E+00   0.0000000E+00   0.0000000E+00   0.0000000E+00
   1.5537631E+03   0.0000000E+00   0.0000000E+00   0.0000000E+00   0.0000000E+00
   1.5537706E+03   0.0000000E+00   0.0000000E+00   0.0000000E+00   0.0000000E+00
   1.5537782E+03   0.0000000E+00   0.0000000E+00   0.0000000E+00   0.0000000E+00
   1.5537857E+03   0.0000000E+00   0.0000000E+00   0.0000000E+00   0.0000000E+00
   1.5537932E+03   0.0000000E+00   0.0000000E+00   0.0000000E+00   0.0000000E+00
   1.5538008E+03   0.0000000E+00   0.0000000E+00   0.0000000E+00   0.0000000E+00
   1.5538083E+03   0.0000000E+00   0.0000000E+00   0.0000000E+00   0.0000000E+00
   1.5538158E+03   0.0000000E+00   0.0000000E+00   0.0000000E+00   0.0000000E+00
   1.5538233E+03   0.0000000E+00   0.0000000E+00   0.0000000E+00   0.0000000E+00
   1.5538309E+03   0.0000000E+00   0.0000000E+00   0.0000000E+00   0.0000000E+00
   1.5538384E+03   0.0000000E+00   0.0000000E+00   0.0000000E+00   0.0000000E+00
   1.5538459E+03   0.0000000E+00   0.0000000E+00   0.0000000E+00   0.0000000E+00
   1.5538535E+03   0.0000000E+00   0.0000000E+00   0.0000000E+00   0.0000000E+00
   1.5538610E+03   0.0000000E+00   0.0000000E+00   0.0000000E+00   0.0000000E+00
   1.5538685E+03   0.0000000E+00   0.0000000E+00   0.0000000E+00   0.0000000E+00
   1.5538760E+03   0.0000000E+00   0.0000000E+00   0.0000000E+00   0.0000000E+00
   1.5538836E+03   0.0000000E+00   0.0000000E+00   0.0000000E+00   0.0000000E+00
   1.5538911E+03   0.0000000E+00   0.0000000E+00   0.0000000E+00   0.0000000E+00
   1.5538986E+03   0.0000000E+00   0.0000000E+00   0.0000000E+00   0.0000000E+00
   1.5539062E+03   0.0000000E+00   0.0000000E+00   0.0000000E+00   0.0000000E+00
   1.5539137E+03   0.0000000E+00   0.0000000E+00   0.0000000E+00   0.0000000E+00
   1.5539212E+03   0.0000000E+00   0.0000000E+00   0.0000000E+00   0.0000000E+00
   1.5539287E+03   0.0000000E+00   0.0000000E+00   0.0000000E+00   0.0000000E+00
   1.5539363E+03   0.0000000E+00   0.0000000E+00   0.0000000E+00   0.0000000E+00
   1.5539438E+03   0.0000000E+00   0.0000000E+00   0.0000000E+00   0.0000000E+00
   1.5539513E+03   0.0000000E+00   0.0000000E+00   0.0000000E+00   0.0000000E+00
   1.5539589E+03   0.0000000E+00   0.0000000E+00   0.0000000E+00   0.0000000E+00
   1.5539664E+03   0.0000000E+00   0.0000000E+00   0.0000000E+00   0.0000000E+00
   1.5539739E+03   0.0000000E+00   0.0000000E+00   0.0000000E+00   0.0000000E+00
   1.5539814E+03   0.0000000E+00   0.0000000E+00   0.0000000E+00   0.0000000E+00
   1.5539890E+03   0.0000000E+00   0.0000000E+00   0.0000000E+00   0.0000000E+00
   1.5539965E+03   0.0000000E+00   0.0000000E+00   0.0000000E+00   0.0000000E+00
   1.5540040E+03   0.0000000E+00   0.0000000E+00   0.0000000E+00   0.0000000E+00
   1.5540116E+03   0.0000000E+00   0.0000000E+00   0.0000000E+00   0.0000000E+00
   1.5540191E+03   0.0000000E+00   0.0000000E+00   0.0000000E+00   0.0000000E+00
   1.5540266E+03   0.0000000E+00   0.0000000E+00   0.0000000E+00   0.0000000E+00
   1.5540341E+03   0.0000000E+00   0.0000000E+00   0.0000000E+00   0.0000000E+00
   1.5540417E+03   0.0000000E+00   0.0000000E+00   0.0000000E+00   0.0000000E+00
   1.5540492E+03   0.0000000E+00   0.0000000E+00   0.0000000E+00   0.0000000E+00
   1.5540567E+03   0.0000000E+00   0.0000000E+00   0.0000000E+00   0.0000000E+00
   1.5540643E+03   0.0000000E+00   0.0000000E+00   0.0000000E+00   0.0000000E+00
   1.5540718E+03   0.0000000E+00   0.0000000E+00   0.0000000E+00   0.0000000E+00
   1.5540793E+03   0.0000000E+00   0.0000000E+00   0.0000000E+00   0.0000000E+00
   1.5540868E+03   0.0000000E+00   0.0000000E+00   0.0000000E+00   0.0000000E+00
   1.5540944E+03   0.0000000E+00   0.0000000E+00   0.0000000E+00   0.0000000E+00
   1.5541019E+03   0.0000000E+00   0.0000000E+00   0.0000000E+00   0.0000000E+00
   1.5541094E+03   0.0000000E+00   0.0000000E+00   0.0000000E+00   0.0000000E+00
   1.5541170E+03   0.0000000E+00   0.0000000E+00   0.0000000E+00   0.0000000E+00
   1.5541245E+03   0.0000000E+00   0.0000000E+00   0.0000000E+00   0.0000000E+00
   1.5541320E+03   0.0000000E+00   0.0000000E+00   0.0000000E+00   0.0000000E+00
   1.5541395E+03   0.0000000E+00   0.0000000E+00   0.0000000E+00   0.0000000E+00
   1.5541471E+03   0.0000000E+00   0.0000000E+00   0.0000000E+00   0.0000000E+00
   1.5541546E+03   0.0000000E+00   0.0000000E+00   0.0000000E+00   0.0000000E+00
   1.5541621E+03   0.0000000E+00   0.0000000E+00   0.0000000E+00   0.0000000E+00
   1.5541697E+03   0.0000000E+00   0.0000000E+00   0.0000000E+00   0.0000000E+00
   1.5541772E+03   0.0000000E+00   0.0000000E+00   0.0000000E+00   0.0000000E+00
   1.5541847E+03   0.0000000E+00   0.0000000E+00   0.0000000E+00   0.0000000E+00
   1.5541922E+03   0.0000000E+00   0.0000000E+00   0.0000000E+00   0.0000000E+00
   1.5541998E+03   0.0000000E+00   0.0000000E+00   0.0000000E+00   0.0000000E+00
   1.5542073E+03   0.0000000E+00   0.0000000E+00   0.0000000E+00   0.0000000E+00
   1.5542148E+03   0.0000000E+00   0.0000000E+00   0.0000000E+00   0.0000000E+00
   1.5542224E+03   0.0000000E+00   0.0000000E+00   0.0000000E+00   0.0000000E+00
   1.5542299E+03   0.0000000E+00   0.0000000E+00   0.0000000E+00   0.0000000E+00
   1.5542374E+03   0.0000000E+00   0.0000000E+00   0.0000000E+00   0.0000000E+00
   1.5542449E+03   0.0000000E+00   0.0000000E+00   0.0000000E+00   0.0000000E+00
   1.5542525E+03   0.0000000E+00   0.0000000E+00   0.0000000E+00   0.0000000E+00
   1.5542600E+03   0.0000000E+00   0.0000000E+00   0.0000000E+00   0.0000000E+00
   1.5542675E+03   0.0000000E+00   0.0000000E+00   0.0000000E+00   0.0000000E+00
   1.5542750E+03   0.0000000E+00   0.0000000E+00   0.0000000E+00   0.0000000E+00
   1.5542826E+03   0.0000000E+00   0.0000000E+00   0.0000000E+00   0.0000000E+00
   1.5542901E+03   0.0000000E+00   0.0000000E+00   0.0000000E+00   0.0000000E+00
   1.5542976E+03   0.0000000E+00   0.0000000E+00   0.0000000E+00   0.0000000E+00
   1.5543052E+03   0.0000000E+00   0.0000000E+00   0.0000000E+00   0.0000000E+00
   1.5543127E+03   0.0000000E+00   0.0000000E+00   0.0000000E+00   0.0000000E+00
   1.5543202E+03   0.0000000E+00   0.0000000E+00   0.0000000E+00   0.0000000E+00
   1.5543277E+03   0.0000000E+00   0.0000000E+00   0.0000000E+00   0.0000000E+00
   1.5543353E+03   0.0000000E+00   0.0000000E+00   0.0000000E+00   0.0000000E+00
   1.5543428E+03   0.0000000E+00   0.0000000E+00   0.0000000E+00   0.0000000E+00
   1.5543503E+03   0.0000000E+00   0.0000000E+00   0.0000000E+00   0.0000000E+00
   1.5543579E+03   0.0000000E+00   0.0000000E+00   0.0000000E+00   0.0000000E+00
   1.5543654E+03   0.0000000E+00   0.0000000E+00   0.0000000E+00   0.0000000E+00
   1.5543729E+03   0.0000000E+00   0.0000000E+00   0.0000000E+00   0.0000000E+00
   1.5543804E+03   0.0000000E+00   0.0000000E+00   0.0000000E+00   0.0000000E+00
   1.5543880E+03   0.0000000E+00   0.0000000E+00   0.0000000E+00   0.0000000E+00
   1.5543955E+03   0.0000000E+00   0.0000000E+00   0.0000000E+00   0.0000000E+00
   1.5544030E+03   0.0000000E+00   0.0000000E+00   0.0000000E+00   0.0000000E+00
   1.5544106E+03   0.0000000E+00   0.0000000E+00   0.0000000E+00   0.0000000E+00
   1.5544181E+03   0.0000000E+00   0.0000000E+00   0.0000000E+00   0.0000000E+00
   1.5544256E+03   0.0000000E+00   0.0000000E+00   0.0000000E+00   0.0000000E+00
   1.5544331E+03   0.0000000E+00   0.0000000E+00   0.0000000E+00   0.0000000E+00
   1.5544407E+03   0.0000000E+00   0.0000000E+00   0.0000000E+00   0.0000000E+00
   1.5544482E+03   0.0000000E+00   0.0000000E+00   0.0000000E+00   0.0000000E+00
   1.5544557E+03   0.0000000E+00   0.0000000E+00   0.0000000E+00   0.0000000E+00
   1.5544633E+03   0.0000000E+00   0.0000000E+00   0.0000000E+00   0.0000000E+00
   1.5544708E+03   0.0000000E+00   0.0000000E+00   0.0000000E+00   0.0000000E+00
   1.5544783E+03   0.0000000E+00   0.0000000E+00   0.0000000E+00   0.0000000E+00
   1.5544858E+03   0.0000000E+00   0.0000000E+00   0.0000000E+00   0.0000000E+00
   1.5544934E+03   0.0000000E+00   0.0000000E+00   0.0000000E+00   0.0000000E+00
   1.5545009E+03   0.0000000E+00   0.0000000E+00   0.0000000E+00   0.0000000E+00
   1.5545084E+03   0.0000000E+00   0.0000000E+00   0.0000000E+00   0.0000000E+00
   1.5545160E+03   0.0000000E+00   0.0000000E+00   0.0000000E+00   0.0000000E+00
   1.5545235E+03   0.0000000E+00   0.0000000E+00   0.0000000E+00   0.0000000E+00
   1.5545310E+03   0.0000000E+00   0.0000000E+00   0.0000000E+00   0.0000000E+00
   1.5545385E+03   0.0000000E+00   0.0000000E+00   0.0000000E+00   0.0000000E+00
   1.5545461E+03   0.0000000E+00   0.0000000E+00   0.0000000E+00   0.0000000E+00
   1.5545536E+03   0.0000000E+00   0.0000000E+00   0.0000000E+00   0.0000000E+00
   1.5545611E+03   0.0000000E+00   0.0000000E+00   0.0000000E+00   0.0000000E+00
   1.5545687E+03   0.0000000E+00   0.0000000E+00   0.0000000E+00   0.0000000E+00
   1.5545762E+03   0.0000000E+00   0.0000000E+00   0.0000000E+00   0.0000000E+00
   1.5545837E+03   0.0000000E+00   0.0000000E+00   0.0000000E+00   0.0000000E+00
   1.5545912E+03   0.0000000E+00   0.0000000E+00   0.0000000E+00   0.0000000E+00
   1.5545988E+03   0.0000000E+00   0.0000000E+00   0.0000000E+00   0.0000000E+00
   1.5546063E+03   0.0000000E+00   0.0000000E+00   0.0000000E+00   0.0000000E+00
   1.5546138E+03   0.0000000E+00   0.0000000E+00   0.0000000E+00   0.0000000E+00
   1.5546214E+03   0.0000000E+00   0.0000000E+00   0.0000000E+00   0.0000000E+00
   1.5546289E+03   0.0000000E+00   0.0000000E+00   0.0000000E+00   0.0000000E+00
   1.5546364E+03   0.0000000E+00   0.0000000E+00   0.0000000E+00   0.0000000E+00
   1.5546439E+03   0.0000000E+00   0.0000000E+00   0.0000000E+00   0.0000000E+00
   1.5546515E+03   0.0000000E+00   0.0000000E+00   0.0000000E+00   0.0000000E+00
   1.5546590E+03   0.0000000E+00   0.0000000E+00   0.0000000E+00   0.0000000E+00
   1.5546665E+03   0.0000000E+00   0.0000000E+00   0.0000000E+00   0.0000000E+00
   1.5546740E+03   0.0000000E+00   0.0000000E+00   0.0000000E+00   0.0000000E+00
   1.5546816E+03   0.0000000E+00   0.0000000E+00   0.0000000E+00   0.0000000E+00
   1.5546891E+03   0.0000000E+00   0.0000000E+00   0.0000000E+00   0.0000000E+00
   1.5546966E+03   0.0000000E+00   0.0000000E+00   0.0000000E+00   0.0000000E+00
   1.5547042E+03   0.0000000E+00   0.0000000E+00   0.0000000E+00   0.0000000E+00
   1.5547117E+03   0.0000000E+00   0.0000000E+00   0.0000000E+00   0.0000000E+00
   1.5547192E+03   0.0000000E+00   0.0000000E+00   0.0000000E+00   0.0000000E+00
   1.5547267E+03   0.0000000E+00   0.0000000E+00   0.0000000E+00   0.0000000E+00
   1.5547343E+03   0.0000000E+00   0.0000000E+00   0.0000000E+00   0.0000000E+00
   1.5547418E+03   0.0000000E+00   0.0000000E+00   0.0000000E+00   0.0000000E+00
   1.5547493E+03   0.0000000E+00   0.0000000E+00   0.0000000E+00   0.0000000E+00
   1.5547569E+03   0.0000000E+00   0.0000000E+00   0.0000000E+00   0.0000000E+00
   1.5547644E+03   0.0000000E+00   0.0000000E+00   0.0000000E+00   0.0000000E+00
   1.5547719E+03   0.0000000E+00   0.0000000E+00   0.0000000E+00   0.0000000E+00
   1.5547794E+03   0.0000000E+00   0.0000000E+00   0.0000000E+00   0.0000000E+00
   1.5547870E+03   0.0000000E+00   0.0000000E+00   0.0000000E+00   0.0000000E+00
   1.5547945E+03   0.0000000E+00   0.0000000E+00   0.0000000E+00   0.0000000E+00
   1.5548020E+03   0.0000000E+00   0.0000000E+00   0.0000000E+00   0.0000000E+00
   1.5548096E+03   0.0000000E+00   0.0000000E+00   0.0000000E+00   0.0000000E+00
   1.5548171E+03   0.0000000E+00   0.0000000E+00   0.0000000E+00   0.0000000E+00
   1.5548246E+03   0.0000000E+00   0.0000000E+00   0.0000000E+00   0.0000000E+00
   1.5548321E+03   0.0000000E+00   0.0000000E+00   0.0000000E+00   0.0000000E+00
   1.5548397E+03   0.0000000E+00   0.0000000E+00   0.0000000E+00   0.0000000E+00
   1.5548472E+03   0.0000000E+00   0.0000000E+00   0.0000000E+00   0.0000000E+00
   1.5548547E+03   0.0000000E+00   0.0000000E+00   0.0000000E+00   0.0000000E+00
   1.5548623E+03   0.0000000E+00   0.0000000E+00   0.0000000E+00   0.0000000E+00
   1.5548698E+03   0.0000000E+00   0.0000000E+00   0.0000000E+00   0.0000000E+00
   1.5548773E+03   0.0000000E+00   0.0000000E+00   0.0000000E+00   0.0000000E+00
   1.5548848E+03   0.0000000E+00   0.0000000E+00   0.0000000E+00   0.0000000E+00
   1.5548924E+03   0.0000000E+00   0.0000000E+00   0.0000000E+00   0.0000000E+00
   1.5548999E+03   0.0000000E+00   0.0000000E+00   0.0000000E+00   0.0000000E+00
   1.5549074E+03   0.0000000E+00   0.0000000E+00   0.0000000E+00   0.0000000E+00
   1.5549150E+03   0.0000000E+00   0.0000000E+00   0.0000000E+00   0.0000000E+00
   1.5549225E+03   0.0000000E+00   0.0000000E+00   0.0000000E+00   0.0000000E+00
   1.5549300E+03   0.0000000E+00   0.0000000E+00   0.0000000E+00   0.0000000E+00
   1.5549375E+03   0.0000000E+00   0.0000000E+00   0.0000000E+00   0.0000000E+00
   1.5549451E+03   0.0000000E+00   0.0000000E+00   0.0000000E+00   0.0000000E+00
   1.5549526E+03   0.0000000E+00   0.0000000E+00   0.0000000E+00   0.0000000E+00
   1.5549601E+03   0.0000000E+00   0.0000000E+00   0.0000000E+00   0.0000000E+00
   1.5549677E+03   0.0000000E+00   0.0000000E+00   0.0000000E+00   0.0000000E+00
   1.5549752E+03   0.0000000E+00   0.0000000E+00   0.0000000E+00   0.0000000E+00
   1.5549827E+03   0.0000000E+00   0.0000000E+00   0.0000000E+00   0.0000000E+00
   1.5549902E+03   0.0000000E+00   0.0000000E+00   0.0000000E+00   0.0000000E+00
   1.5549978E+03   0.0000000E+00   0.0000000E+00   0.0000000E+00   0.0000000E+00
   1.5550053E+03   0.0000000E+00   0.0000000E+00   0.0000000E+00   0.0000000E+00
   1.5550128E+03   0.0000000E+00   0.0000000E+00   0.0000000E+00   0.0000000E+00
   1.5550204E+03   0.0000000E+00   0.0000000E+00   0.0000000E+00   0.0000000E+00
   1.5550279E+03   0.0000000E+00   0.0000000E+00   0.0000000E+00   0.0000000E+00
   1.5550354E+03   0.0000000E+00   0.0000000E+00   0.0000000E+00   0.0000000E+00
   1.5550429E+03   0.0000000E+00   0.0000000E+00   0.0000000E+00   0.0000000E+00
   1.5550505E+03   0.0000000E+00   0.0000000E+00   0.0000000E+00   0.0000000E+00
   1.5550580E+03   0.0000000E+00   0.0000000E+00   0.0000000E+00   0.0000000E+00
   1.5550655E+03   0.0000000E+00   0.0000000E+00   0.0000000E+00   0.0000000E+00
   1.5550731E+03   0.0000000E+00   0.0000000E+00   0.0000000E+00   0.0000000E+00
   1.5550806E+03   0.0000000E+00   0.0000000E+00   0.0000000E+00   0.0000000E+00
   1.5550881E+03   0.0000000E+00   0.0000000E+00   0.0000000E+00   0.0000000E+00
   1.5550956E+03   0.0000000E+00   0.0000000E+00   0.0000000E+00   0.0000000E+00
   1.5551032E+03   0.0000000E+00   0.0000000E+00   0.0000000E+00   0.0000000E+00
   1.5551107E+03   0.0000000E+00   0.0000000E+00   0.0000000E+00   0.0000000E+00
   1.5551182E+03   0.0000000E+00   0.0000000E+00   0.0000000E+00   0.0000000E+00
   1.5551257E+03   0.0000000E+00   0.0000000E+00   0.0000000E+00   0.0000000E+00
   1.5551333E+03   0.0000000E+00   0.0000000E+00   0.0000000E+00   0.0000000E+00
   1.5551408E+03   0.0000000E+00   0.0000000E+00   0.0000000E+00   0.0000000E+00
   1.5551483E+03   0.0000000E+00   0.0000000E+00   0.0000000E+00   0.0000000E+00
   1.5551559E+03   0.0000000E+00   0.0000000E+00   0.0000000E+00   0.0000000E+00
   1.5551634E+03   0.0000000E+00   0.0000000E+00   0.0000000E+00   0.0000000E+00
   1.5551709E+03   0.0000000E+00   0.0000000E+00   0.0000000E+00   0.0000000E+00
   1.5551784E+03   0.0000000E+00   0.0000000E+00   0.0000000E+00   0.0000000E+00
   1.5551860E+03   0.0000000E+00   0.0000000E+00   0.0000000E+00   0.0000000E+00
   1.5551935E+03   0.0000000E+00   0.0000000E+00   0.0000000E+00   0.0000000E+00
   1.5552010E+03   0.0000000E+00   0.0000000E+00   0.0000000E+00   0.0000000E+00
   1.5552086E+03   0.0000000E+00   0.0000000E+00   0.0000000E+00   0.0000000E+00
   1.5552161E+03   0.0000000E+00   0.0000000E+00   0.0000000E+00   0.0000000E+00
   1.5552236E+03   0.0000000E+00   0.0000000E+00   0.0000000E+00   0.0000000E+00
   1.5552311E+03   0.0000000E+00   0.0000000E+00   0.0000000E+00   0.0000000E+00
   1.5552387E+03   0.0000000E+00   0.0000000E+00   0.0000000E+00   0.0000000E+00
   1.5552462E+03   0.0000000E+00   0.0000000E+00   0.0000000E+00   0.0000000E+00
   1.5552537E+03   0.0000000E+00   0.0000000E+00   0.0000000E+00   0.0000000E+00
   1.5552613E+03   0.0000000E+00   0.0000000E+00   0.0000000E+00   0.0000000E+00
   1.5552688E+03   0.0000000E+00   0.0000000E+00   0.0000000E+00   0.0000000E+00
   1.5552763E+03   0.0000000E+00   0.0000000E+00   0.0000000E+00   0.0000000E+00
   1.5552838E+03   0.0000000E+00   0.0000000E+00   0.0000000E+00   0.0000000E+00
   1.5552914E+03   0.0000000E+00   0.0000000E+00   0.0000000E+00   0.0000000E+00
   1.5552989E+03   0.0000000E+00   0.0000000E+00   0.0000000E+00   0.0000000E+00
   1.5553064E+03   0.0000000E+00   0.0000000E+00   0.0000000E+00   0.0000000E+00
   1.5553140E+03   0.0000000E+00   0.0000000E+00   0.0000000E+00   0.0000000E+00
   1.5553215E+03   0.0000000E+00   0.0000000E+00   0.0000000E+00   0.0000000E+00
   1.5553290E+03   0.0000000E+00   0.0000000E+00   0.0000000E+00   0.0000000E+00
   1.5553365E+03   0.0000000E+00   0.0000000E+00   0.0000000E+00   0.0000000E+00
   1.5553441E+03   0.0000000E+00   0.0000000E+00   0.0000000E+00   0.0000000E+00
   1.5553516E+03   0.0000000E+00   0.0000000E+00   0.0000000E+00   0.0000000E+00
   1.5553591E+03   0.0000000E+00   0.0000000E+00   0.0000000E+00   0.0000000E+00
   1.5553667E+03   0.0000000E+00   0.0000000E+00   0.0000000E+00   0.0000000E+00
   1.5553742E+03   0.0000000E+00   0.0000000E+00   0.0000000E+00   0.0000000E+00
   1.5553817E+03   0.0000000E+00   0.0000000E+00   0.0000000E+00   0.0000000E+00
   1.5553892E+03   0.0000000E+00   0.0000000E+00   0.0000000E+00   0.0000000E+00
   1.5553968E+03   0.0000000E+00   0.0000000E+00   0.0000000E+00   0.0000000E+00
   1.5554043E+03   0.0000000E+00   0.0000000E+00   0.0000000E+00   0.0000000E+00
   1.5554118E+03   0.0000000E+00   0.0000000E+00   0.0000000E+00   0.0000000E+00
   1.5554194E+03   0.0000000E+00   0.0000000E+00   0.0000000E+00   0.0000000E+00
   1.5554269E+03   0.0000000E+00   0.0000000E+00   0.0000000E+00   0.0000000E+00
   1.5554344E+03   0.0000000E+00   0.0000000E+00   0.0000000E+00   0.0000000E+00
   1.5554419E+03   0.0000000E+00   0.0000000E+00   0.0000000E+00   0.0000000E+00
   1.5554495E+03   0.0000000E+00   0.0000000E+00   0.0000000E+00   0.0000000E+00
   1.5554570E+03   0.0000000E+00   0.0000000E+00   0.0000000E+00   0.0000000E+00
   1.5554645E+03   0.0000000E+00   0.0000000E+00   0.0000000E+00   0.0000000E+00
   1.5554721E+03   0.0000000E+00   0.0000000E+00   0.0000000E+00   0.0000000E+00
   1.5554796E+03   0.0000000E+00   0.0000000E+00   0.0000000E+00   0.0000000E+00
   1.5554871E+03   0.0000000E+00   0.0000000E+00   0.0000000E+00   0.0000000E+00
   1.5554946E+03   0.0000000E+00   0.0000000E+00   0.0000000E+00   0.0000000E+00
   1.5555022E+03   0.0000000E+00   0.0000000E+00   0.0000000E+00   0.0000000E+00
   1.5555097E+03   0.0000000E+00   0.0000000E+00   0.0000000E+00   0.0000000E+00
   1.5555172E+03   0.0000000E+00   0.0000000E+00   0.0000000E+00   0.0000000E+00
   1.5555248E+03   0.0000000E+00   0.0000000E+00   0.0000000E+00   0.0000000E+00
   1.5555323E+03   0.0000000E+00   0.0000000E+00   0.0000000E+00   0.0000000E+00
   1.5555398E+03   0.0000000E+00   0.0000000E+00   0.0000000E+00   0.0000000E+00
   1.5555473E+03   0.0000000E+00   0.0000000E+00   0.0000000E+00   0.0000000E+00
   1.5555549E+03   0.0000000E+00   0.0000000E+00   0.0000000E+00   0.0000000E+00
   1.5555624E+03   0.0000000E+00   0.0000000E+00   0.0000000E+00   0.0000000E+00
   1.5555699E+03   0.0000000E+00   0.0000000E+00   0.0000000E+00   0.0000000E+00
   1.5555774E+03   0.0000000E+00   0.0000000E+00   0.0000000E+00   0.0000000E+00
   1.5555850E+03   0.0000000E+00   0.0000000E+00   0.0000000E+00   0.0000000E+00
   1.5555925E+03   0.0000000E+00   0.0000000E+00   0.0000000E+00   0.0000000E+00
   1.5556000E+03   0.0000000E+00   0.0000000E+00   0.0000000E+00   0.0000000E+00
   1.5556076E+03   0.0000000E+00   0.0000000E+00   0.0000000E+00   0.0000000E+00
   1.5556151E+03   0.0000000E+00   0.0000000E+00   0.0000000E+00   0.0000000E+00
   1.5556226E+03   0.0000000E+00   0.0000000E+00   0.0000000E+00   0.0000000E+00
   1.5556301E+03   0.0000000E+00   0.0000000E+00   0.0000000E+00   0.0000000E+00
   1.5556377E+03   0.0000000E+00   0.0000000E+00   0.0000000E+00   0.0000000E+00
   1.5556452E+03   0.0000000E+00   0.0000000E+00   0.0000000E+00   0.0000000E+00
   1.5556527E+03   0.0000000E+00   0.0000000E+00   0.0000000E+00   0.0000000E+00
   1.5556603E+03   0.0000000E+00   0.0000000E+00   0.0000000E+00   0.0000000E+00
   1.5556678E+03   0.0000000E+00   0.0000000E+00   0.0000000E+00   0.0000000E+00
   1.5556753E+03   0.0000000E+00   0.0000000E+00   0.0000000E+00   0.0000000E+00
   1.5556828E+03   0.0000000E+00   0.0000000E+00   0.0000000E+00   0.0000000E+00
   1.5556904E+03   0.0000000E+00   0.0000000E+00   0.0000000E+00   0.0000000E+00
   1.5556979E+03   0.0000000E+00   0.0000000E+00   0.0000000E+00   0.0000000E+00
   1.5557054E+03   0.0000000E+00   0.0000000E+00   0.0000000E+00   0.0000000E+00
   1.5557130E+03   0.0000000E+00   0.0000000E+00   0.0000000E+00   0.0000000E+00
   1.5557205E+03   0.0000000E+00   0.0000000E+00   0.0000000E+00   0.0000000E+00
   1.5557280E+03   0.0000000E+00   0.0000000E+00   0.0000000E+00   0.0000000E+00
   1.5557355E+03   0.0000000E+00   0.0000000E+00   0.0000000E+00   0.0000000E+00
   1.5557431E+03   0.0000000E+00   0.0000000E+00   0.0000000E+00   0.0000000E+00
   1.5557506E+03   0.0000000E+00   0.0000000E+00   0.0000000E+00   0.0000000E+00
   1.5557581E+03   0.0000000E+00   0.0000000E+00   0.0000000E+00   0.0000000E+00
   1.5557657E+03   0.0000000E+00   0.0000000E+00   0.0000000E+00   0.0000000E+00
   1.5557732E+03   0.0000000E+00   0.0000000E+00   0.0000000E+00   0.0000000E+00
   1.5557807E+03   0.0000000E+00   0.0000000E+00   0.0000000E+00   0.0000000E+00
   1.5557882E+03   0.0000000E+00   0.0000000E+00   0.0000000E+00   0.0000000E+00
   1.5557958E+03   0.0000000E+00   0.0000000E+00   0.0000000E+00   0.0000000E+00
   1.5558033E+03   0.0000000E+00   0.0000000E+00   0.0000000E+00   0.0000000E+00
   1.5558108E+03   0.0000000E+00   0.0000000E+00   0.0000000E+00   0.0000000E+00
   1.5558184E+03   0.0000000E+00   0.0000000E+00   0.0000000E+00   0.0000000E+00
   1.5558259E+03   0.0000000E+00   0.0000000E+00   0.0000000E+00   0.0000000E+00
   1.5558334E+03   0.0000000E+00   0.0000000E+00   0.0000000E+00   0.0000000E+00
   1.5558409E+03   0.0000000E+00   0.0000000E+00   0.0000000E+00   0.0000000E+00
   1.5558485E+03   0.0000000E+00   0.0000000E+00   0.0000000E+00   0.0000000E+00
   1.5558560E+03   0.0000000E+00   0.0000000E+00   0.0000000E+00   0.0000000E+00
   1.5558635E+03   0.0000000E+00   0.0000000E+00   0.0000000E+00   0.0000000E+00
   1.5558711E+03   0.0000000E+00   0.0000000E+00   0.0000000E+00   0.0000000E+00
   1.5558786E+03   0.0000000E+00   0.0000000E+00   0.0000000E+00   0.0000000E+00
   1.5558861E+03   0.0000000E+00   0.0000000E+00   0.0000000E+00   0.0000000E+00
   1.5558936E+03   0.0000000E+00   0.0000000E+00   0.0000000E+00   0.0000000E+00
   1.5559012E+03   0.0000000E+00   0.0000000E+00   0.0000000E+00   0.0000000E+00
   1.5559087E+03   0.0000000E+00   0.0000000E+00   0.0000000E+00   0.0000000E+00
   1.5559162E+03   0.0000000E+00   0.0000000E+00   0.0000000E+00   0.0000000E+00
   1.5559238E+03   0.0000000E+00   0.0000000E+00   0.0000000E+00   0.0000000E+00
   1.5559313E+03   0.0000000E+00   0.0000000E+00   0.0000000E+00   0.0000000E+00
   1.5559388E+03   0.0000000E+00   0.0000000E+00   0.0000000E+00   0.0000000E+00
   1.5559463E+03   0.0000000E+00   0.0000000E+00   0.0000000E+00   0.0000000E+00
   1.5559539E+03   0.0000000E+00   0.0000000E+00   0.0000000E+00   0.0000000E+00
   1.5559614E+03   0.0000000E+00   0.0000000E+00   0.0000000E+00   0.0000000E+00
   1.5559689E+03   0.0000000E+00   0.0000000E+00   0.0000000E+00   0.0000000E+00
   1.5559765E+03   0.0000000E+00   0.0000000E+00   0.0000000E+00   0.0000000E+00
   1.5559840E+03   0.0000000E+00   0.0000000E+00   0.0000000E+00   0.0000000E+00
   1.5559915E+03   0.0000000E+00   0.0000000E+00   0.0000000E+00   0.0000000E+00
   1.5559990E+03   0.0000000E+00   0.0000000E+00   0.0000000E+00   0.0000000E+00
   1.5560066E+03   0.0000000E+00   0.0000000E+00   0.0000000E+00   0.0000000E+00
   1.5560141E+03   0.0000000E+00   0.0000000E+00   0.0000000E+00   0.0000000E+00
   1.5560216E+03   0.0000000E+00   0.0000000E+00   0.0000000E+00   0.0000000E+00
   1.5560291E+03   0.0000000E+00   0.0000000E+00   0.0000000E+00   0.0000000E+00
   1.5560367E+03   0.0000000E+00   0.0000000E+00   0.0000000E+00   0.0000000E+00
   1.5560442E+03   0.0000000E+00   0.0000000E+00   0.0000000E+00   0.0000000E+00
   1.5560517E+03   0.0000000E+00   0.0000000E+00   0.0000000E+00   0.0000000E+00
   1.5560593E+03   0.0000000E+00   0.0000000E+00   0.0000000E+00   0.0000000E+00
   1.5560668E+03   0.0000000E+00   0.0000000E+00   0.0000000E+00   0.0000000E+00
   1.5560743E+03   0.0000000E+00   0.0000000E+00   0.0000000E+00   0.0000000E+00
   1.5560818E+03   0.0000000E+00   0.0000000E+00   0.0000000E+00   0.0000000E+00
   1.5560894E+03   0.0000000E+00   0.0000000E+00   0.0000000E+00   0.0000000E+00
   1.5560969E+03   0.0000000E+00   0.0000000E+00   0.0000000E+00   0.0000000E+00
   1.5561044E+03   0.0000000E+00   0.0000000E+00   0.0000000E+00   0.0000000E+00
   1.5561120E+03   0.0000000E+00   0.0000000E+00   0.0000000E+00   0.0000000E+00
   1.5561195E+03   0.0000000E+00   0.0000000E+00   0.0000000E+00   0.0000000E+00
   1.5561270E+03   0.0000000E+00   0.0000000E+00   0.0000000E+00   0.0000000E+00
   1.5561345E+03   0.0000000E+00   0.0000000E+00   0.0000000E+00   0.0000000E+00
   1.5561421E+03   0.0000000E+00   0.0000000E+00   0.0000000E+00   0.0000000E+00
   1.5561496E+03   0.0000000E+00   0.0000000E+00   0.0000000E+00   0.0000000E+00
   1.5561571E+03   0.0000000E+00   0.0000000E+00   0.0000000E+00   0.0000000E+00
   1.5561647E+03   0.0000000E+00   0.0000000E+00   0.0000000E+00   0.0000000E+00
   1.5561722E+03   0.0000000E+00   0.0000000E+00   0.0000000E+00   0.0000000E+00
   1.5561797E+03   0.0000000E+00   0.0000000E+00   0.0000000E+00   0.0000000E+00
   1.5561872E+03   0.0000000E+00   0.0000000E+00   0.0000000E+00   0.0000000E+00
   1.5561948E+03   0.0000000E+00   0.0000000E+00   0.0000000E+00   0.0000000E+00
   1.5562023E+03   0.0000000E+00   0.0000000E+00   0.0000000E+00   0.0000000E+00
   1.5562098E+03   0.0000000E+00   0.0000000E+00   0.0000000E+00   0.0000000E+00
   1.5562174E+03   0.0000000E+00   0.0000000E+00   0.0000000E+00   0.0000000E+00
   1.5562249E+03   0.0000000E+00   0.0000000E+00   0.0000000E+00   0.0000000E+00
   1.5562324E+03   0.0000000E+00   0.0000000E+00   0.0000000E+00   0.0000000E+00
   1.5562399E+03   0.0000000E+00   0.0000000E+00   0.0000000E+00   0.0000000E+00
   1.5562475E+03   0.0000000E+00   0.0000000E+00   0.0000000E+00   0.0000000E+00
   1.5562550E+03   0.0000000E+00   0.0000000E+00   0.0000000E+00   0.0000000E+00
   1.5562625E+03   0.0000000E+00   0.0000000E+00   0.0000000E+00   0.0000000E+00
   1.5562701E+03   0.0000000E+00   0.0000000E+00   0.0000000E+00   0.0000000E+00
   1.5562776E+03   0.0000000E+00   0.0000000E+00   0.0000000E+00   0.0000000E+00
   1.5562851E+03   0.0000000E+00   0.0000000E+00   0.0000000E+00   0.0000000E+00
   1.5562926E+03   0.0000000E+00   0.0000000E+00   0.0000000E+00   0.0000000E+00
   1.5563002E+03   0.0000000E+00   0.0000000E+00   0.0000000E+00   0.0000000E+00
   1.5563077E+03   0.0000000E+00   0.0000000E+00   0.0000000E+00   0.0000000E+00
   1.5563152E+03   0.0000000E+00   0.0000000E+00   0.0000000E+00   0.0000000E+00
   1.5563228E+03   0.0000000E+00   0.0000000E+00   0.0000000E+00   0.0000000E+00
   1.5563303E+03   0.0000000E+00   0.0000000E+00   0.0000000E+00   0.0000000E+00
   1.5563378E+03   0.0000000E+00   0.0000000E+00   0.0000000E+00   0.0000000E+00
   1.5563453E+03   0.0000000E+00   0.0000000E+00   0.0000000E+00   0.0000000E+00
   1.5563529E+03   0.0000000E+00   0.0000000E+00   0.0000000E+00   0.0000000E+00
   1.5563604E+03   0.0000000E+00   0.0000000E+00   0.0000000E+00   0.0000000E+00
   1.5563679E+03   0.0000000E+00   0.0000000E+00   0.0000000E+00   0.0000000E+00
   1.5563755E+03   0.0000000E+00   0.0000000E+00   0.0000000E+00   0.0000000E+00
   1.5563830E+03   0.0000000E+00   0.0000000E+00   0.0000000E+00   0.0000000E+00
   1.5563905E+03   0.0000000E+00   0.0000000E+00   0.0000000E+00   0.0000000E+00
   1.5563980E+03   0.0000000E+00   0.0000000E+00   0.0000000E+00   0.0000000E+00
   1.5564056E+03   0.0000000E+00   0.0000000E+00   0.0000000E+00   0.0000000E+00
   1.5564131E+03   0.0000000E+00   0.0000000E+00   0.0000000E+00   0.0000000E+00
   1.5564206E+03   0.0000000E+00   0.0000000E+00   0.0000000E+00   0.0000000E+00
   1.5564282E+03   0.0000000E+00   0.0000000E+00   0.0000000E+00   0.0000000E+00
   1.5564357E+03   0.0000000E+00   0.0000000E+00   0.0000000E+00   0.0000000E+00
   1.5564432E+03   0.0000000E+00   0.0000000E+00   0.0000000E+00   0.0000000E+00
   1.5564507E+03   0.0000000E+00   0.0000000E+00   0.0000000E+00   0.0000000E+00
   1.5564583E+03   0.0000000E+00   0.0000000E+00   0.0000000E+00   0.0000000E+00
   1.5564658E+03   0.0000000E+00   0.0000000E+00   0.0000000E+00   0.0000000E+00
   1.5564733E+03   0.0000000E+00   0.0000000E+00   0.0000000E+00   0.0000000E+00
   1.5564808E+03   0.0000000E+00   0.0000000E+00   0.0000000E+00   0.0000000E+00
   1.5564884E+03   0.0000000E+00   0.0000000E+00   0.0000000E+00   0.0000000E+00
   1.5564959E+03   0.0000000E+00   0.0000000E+00   0.0000000E+00   0.0000000E+00
   1.5565034E+03   0.0000000E+00   0.0000000E+00   0.0000000E+00   0.0000000E+00
   1.5565110E+03   0.0000000E+00   0.0000000E+00   0.0000000E+00   0.0000000E+00
   1.5565185E+03   0.0000000E+00   0.0000000E+00   0.0000000E+00   0.0000000E+00
   1.5565260E+03   0.0000000E+00   0.0000000E+00   0.0000000E+00   0.0000000E+00
   1.5565335E+03   0.0000000E+00   0.0000000E+00   0.0000000E+00   0.0000000E+00
   1.5565411E+03   0.0000000E+00   0.0000000E+00   0.0000000E+00   0.0000000E+00
   1.5565486E+03   0.0000000E+00   0.0000000E+00   0.0000000E+00   0.0000000E+00
   1.5565561E+03   0.0000000E+00   0.0000000E+00   0.0000000E+00   0.0000000E+00
   1.5565637E+03   0.0000000E+00   0.0000000E+00   0.0000000E+00   0.0000000E+00
   1.5565712E+03   0.0000000E+00   0.0000000E+00   0.0000000E+00   0.0000000E+00
   1.5565787E+03   0.0000000E+00   0.0000000E+00   0.0000000E+00   0.0000000E+00
   1.5565862E+03   0.0000000E+00   0.0000000E+00   0.0000000E+00   0.0000000E+00
   1.5565938E+03   0.0000000E+00   0.0000000E+00   0.0000000E+00   0.0000000E+00
   1.5566013E+03   0.0000000E+00   0.0000000E+00   0.0000000E+00   0.0000000E+00
   1.5566088E+03   0.0000000E+00   0.0000000E+00   0.0000000E+00   0.0000000E+00
   1.5566164E+03   0.0000000E+00   0.0000000E+00   0.0000000E+00   0.0000000E+00
   1.5566239E+03   0.0000000E+00   0.0000000E+00   0.0000000E+00   0.0000000E+00
   1.5566314E+03   0.0000000E+00   0.0000000E+00   0.0000000E+00   0.0000000E+00
   1.5566389E+03   0.0000000E+00   0.0000000E+00   0.0000000E+00   0.0000000E+00
   1.5566465E+03   0.0000000E+00   0.0000000E+00   0.0000000E+00   0.0000000E+00
   1.5566540E+03   0.0000000E+00   0.0000000E+00   0.0000000E+00   0.0000000E+00
   1.5566615E+03   0.0000000E+00   0.0000000E+00   0.0000000E+00   0.0000000E+00
   1.5566691E+03   0.0000000E+00   0.0000000E+00   0.0000000E+00   0.0000000E+00
   1.5566766E+03   0.0000000E+00   0.0000000E+00   0.0000000E+00   0.0000000E+00
   1.5566841E+03   0.0000000E+00   0.0000000E+00   0.0000000E+00   0.0000000E+00
   1.5566916E+03   0.0000000E+00   0.0000000E+00   0.0000000E+00   0.0000000E+00
   1.5566992E+03   0.0000000E+00   0.0000000E+00   0.0000000E+00   0.0000000E+00
   1.5567067E+03   0.0000000E+00   0.0000000E+00   0.0000000E+00   0.0000000E+00
   1.5567142E+03   0.0000000E+00   0.0000000E+00   0.0000000E+00   0.0000000E+00
   1.5567218E+03   0.0000000E+00   0.0000000E+00   0.0000000E+00   0.0000000E+00
   1.5567293E+03   0.0000000E+00   0.0000000E+00   0.0000000E+00   0.0000000E+00
   1.5567368E+03   0.0000000E+00   0.0000000E+00   0.0000000E+00   0.0000000E+00
   1.5567443E+03   0.0000000E+00   0.0000000E+00   0.0000000E+00   0.0000000E+00
   1.5567519E+03   0.0000000E+00   0.0000000E+00   0.0000000E+00   0.0000000E+00
   1.5567594E+03   0.0000000E+00   0.0000000E+00   0.0000000E+00   0.0000000E+00
   1.5567669E+03   0.0000000E+00   0.0000000E+00   0.0000000E+00   0.0000000E+00
   1.5567745E+03   0.0000000E+00   0.0000000E+00   0.0000000E+00   0.0000000E+00
   1.5567820E+03   0.0000000E+00   0.0000000E+00   0.0000000E+00   0.0000000E+00
   1.5567895E+03   0.0000000E+00   0.0000000E+00   0.0000000E+00   0.0000000E+00
   1.5567970E+03   0.0000000E+00   0.0000000E+00   0.0000000E+00   0.0000000E+00
   1.5568046E+03   0.0000000E+00   0.0000000E+00   0.0000000E+00   0.0000000E+00
   1.5568121E+03   0.0000000E+00   0.0000000E+00   0.0000000E+00   0.0000000E+00
   1.5568196E+03   0.0000000E+00   0.0000000E+00   0.0000000E+00   0.0000000E+00
   1.5568272E+03   0.0000000E+00   0.0000000E+00   0.0000000E+00   0.0000000E+00
   1.5568347E+03   0.0000000E+00   0.0000000E+00   0.0000000E+00   0.0000000E+00
   1.5568422E+03   0.0000000E+00   0.0000000E+00   0.0000000E+00   0.0000000E+00
   1.5568497E+03   0.0000000E+00   0.0000000E+00   0.0000000E+00   0.0000000E+00
   1.5568573E+03   0.0000000E+00   0.0000000E+00   0.0000000E+00   0.0000000E+00
   1.5568648E+03   0.0000000E+00   0.0000000E+00   0.0000000E+00   0.0000000E+00
   1.5568723E+03   0.0000000E+00   0.0000000E+00   0.0000000E+00   0.0000000E+00
   1.5568799E+03   0.0000000E+00   0.0000000E+00   0.0000000E+00   0.0000000E+00
   1.5568874E+03   0.0000000E+00   0.0000000E+00   0.0000000E+00   0.0000000E+00
   1.5568949E+03   0.0000000E+00   0.0000000E+00   0.0000000E+00   0.0000000E+00
   1.5569024E+03   0.0000000E+00   0.0000000E+00   0.0000000E+00   0.0000000E+00
   1.5569100E+03   0.0000000E+00   0.0000000E+00   0.0000000E+00   0.0000000E+00
   1.5569175E+03   0.0000000E+00   0.0000000E+00   0.0000000E+00   0.0000000E+00
   1.5569250E+03   0.0000000E+00   0.0000000E+00   0.0000000E+00   0.0000000E+00
   1.5569325E+03   0.0000000E+00   0.0000000E+00   0.0000000E+00   0.0000000E+00
   1.5569401E+03   0.0000000E+00   0.0000000E+00   0.0000000E+00   0.0000000E+00
   1.5569476E+03   0.0000000E+00   0.0000000E+00   0.0000000E+00   0.0000000E+00
   1.5569551E+03   0.0000000E+00   0.0000000E+00   0.0000000E+00   0.0000000E+00
   1.5569627E+03   0.0000000E+00   0.0000000E+00   0.0000000E+00   0.0000000E+00
   1.5569702E+03   0.0000000E+00   0.0000000E+00   0.0000000E+00   0.0000000E+00
   1.5569777E+03   0.0000000E+00   0.0000000E+00   0.0000000E+00   0.0000000E+00
   1.5569852E+03   0.0000000E+00   0.0000000E+00   0.0000000E+00   0.0000000E+00
   1.5569928E+03   0.0000000E+00   0.0000000E+00   0.0000000E+00   0.0000000E+00
   1.5570003E+03   0.0000000E+00   0.0000000E+00   0.0000000E+00   0.0000000E+00
   1.5570078E+03   0.0000000E+00   0.0000000E+00   0.0000000E+00   0.0000000E+00
   1.5570154E+03   0.0000000E+00   0.0000000E+00   0.0000000E+00   0.0000000E+00
   1.5570229E+03   0.0000000E+00   0.0000000E+00   0.0000000E+00   0.0000000E+00
   1.5570304E+03   0.0000000E+00   0.0000000E+00   0.0000000E+00   0.0000000E+00
   1.5570379E+03   0.0000000E+00   0.0000000E+00   0.0000000E+00   0.0000000E+00
   1.5570455E+03   0.0000000E+00   0.0000000E+00   0.0000000E+00   0.0000000E+00
   1.5570530E+03   0.0000000E+00   0.0000000E+00   0.0000000E+00   0.0000000E+00
   1.5570605E+03   0.0000000E+00   0.0000000E+00   0.0000000E+00   0.0000000E+00
   1.5570681E+03   0.0000000E+00   0.0000000E+00   0.0000000E+00   0.0000000E+00
   1.5570756E+03   0.0000000E+00   0.0000000E+00   0.0000000E+00   0.0000000E+00
   1.5570831E+03   0.0000000E+00   0.0000000E+00   0.0000000E+00   0.0000000E+00
   1.5570906E+03   0.0000000E+00   0.0000000E+00   0.0000000E+00   0.0000000E+00
   1.5570982E+03   0.0000000E+00   0.0000000E+00   0.0000000E+00   0.0000000E+00
   1.5571057E+03   0.0000000E+00   0.0000000E+00   0.0000000E+00   0.0000000E+00
   1.5571132E+03   0.0000000E+00   0.0000000E+00   0.0000000E+00   0.0000000E+00
   1.5571208E+03   0.0000000E+00   0.0000000E+00   0.0000000E+00   0.0000000E+00
   1.5571283E+03   0.0000000E+00   0.0000000E+00   0.0000000E+00   0.0000000E+00
   1.5571358E+03   0.0000000E+00   0.0000000E+00   0.0000000E+00   0.0000000E+00
   1.5571433E+03   0.0000000E+00   0.0000000E+00   0.0000000E+00   0.0000000E+00
   1.5571509E+03   0.0000000E+00   0.0000000E+00   0.0000000E+00   0.0000000E+00
   1.5571584E+03   0.0000000E+00   0.0000000E+00   0.0000000E+00   0.0000000E+00
   1.5571659E+03   0.0000000E+00   0.0000000E+00   0.0000000E+00   0.0000000E+00
   1.5571735E+03   0.0000000E+00   0.0000000E+00   0.0000000E+00   0.0000000E+00
   1.5571810E+03   0.0000000E+00   0.0000000E+00   0.0000000E+00   0.0000000E+00
   1.5571885E+03   0.0000000E+00   0.0000000E+00   0.0000000E+00   0.0000000E+00
   1.5571960E+03   0.0000000E+00   0.0000000E+00   0.0000000E+00   0.0000000E+00
   1.5572036E+03   0.0000000E+00   0.0000000E+00   0.0000000E+00   0.0000000E+00
   1.5572111E+03   0.0000000E+00   0.0000000E+00   0.0000000E+00   0.0000000E+00
   1.5572186E+03   0.0000000E+00   0.0000000E+00   0.0000000E+00   0.0000000E+00
   1.5572262E+03   0.0000000E+00   0.0000000E+00   0.0000000E+00   0.0000000E+00
   1.5572337E+03   0.0000000E+00   0.0000000E+00   0.0000000E+00   0.0000000E+00
   1.5572412E+03   0.0000000E+00   0.0000000E+00   0.0000000E+00   0.0000000E+00
   1.5572487E+03   0.0000000E+00   0.0000000E+00   0.0000000E+00   0.0000000E+00
   1.5572563E+03   0.0000000E+00   0.0000000E+00   0.0000000E+00   0.0000000E+00
   1.5572638E+03   0.0000000E+00   0.0000000E+00   0.0000000E+00   0.0000000E+00
   1.5572713E+03   0.0000000E+00   0.0000000E+00   0.0000000E+00   0.0000000E+00
   1.5572789E+03   0.0000000E+00   0.0000000E+00   0.0000000E+00   0.0000000E+00
   1.5572864E+03   0.0000000E+00   0.0000000E+00   0.0000000E+00   0.0000000E+00
   1.5572939E+03   0.0000000E+00   0.0000000E+00   0.0000000E+00   0.0000000E+00
   1.5573014E+03   0.0000000E+00   0.0000000E+00   0.0000000E+00   0.0000000E+00
   1.5573090E+03   0.0000000E+00   0.0000000E+00   0.0000000E+00   0.0000000E+00
   1.5573165E+03   0.0000000E+00   0.0000000E+00   0.0000000E+00   0.0000000E+00
   1.5573240E+03   0.0000000E+00   0.0000000E+00   0.0000000E+00   0.0000000E+00
   1.5573316E+03   0.0000000E+00   0.0000000E+00   0.0000000E+00   0.0000000E+00
   1.5573391E+03   0.0000000E+00   0.0000000E+00   0.0000000E+00   0.0000000E+00
   1.5573466E+03   0.0000000E+00   0.0000000E+00   0.0000000E+00   0.0000000E+00
   1.5573541E+03   0.0000000E+00   0.0000000E+00   0.0000000E+00   0.0000000E+00
   1.5573617E+03   0.0000000E+00   0.0000000E+00   0.0000000E+00   0.0000000E+00
   1.5573692E+03   0.0000000E+00   0.0000000E+00   0.0000000E+00   0.0000000E+00
   1.5573767E+03   0.0000000E+00   0.0000000E+00   0.0000000E+00   0.0000000E+00
   1.5573842E+03   0.0000000E+00   0.0000000E+00   0.0000000E+00   0.0000000E+00
   1.5573918E+03   0.0000000E+00   0.0000000E+00   0.0000000E+00   0.0000000E+00
   1.5573993E+03   0.0000000E+00   0.0000000E+00   0.0000000E+00   0.0000000E+00
   1.5574068E+03   0.0000000E+00   0.0000000E+00   0.0000000E+00   0.0000000E+00
   1.5574144E+03   0.0000000E+00   0.0000000E+00   0.0000000E+00   0.0000000E+00
   1.5574219E+03   0.0000000E+00   0.0000000E+00   0.0000000E+00   0.0000000E+00
   1.5574294E+03   0.0000000E+00   0.0000000E+00   0.0000000E+00   0.0000000E+00
   1.5574369E+03   0.0000000E+00   0.0000000E+00   0.0000000E+00   0.0000000E+00
   1.5574445E+03   0.0000000E+00   0.0000000E+00   0.0000000E+00   0.0000000E+00
   1.5574520E+03   0.0000000E+00   0.0000000E+00   0.0000000E+00   0.0000000E+00
   1.5574595E+03   0.0000000E+00   0.0000000E+00   0.0000000E+00   0.0000000E+00
   1.5574671E+03   0.0000000E+00   0.0000000E+00   0.0000000E+00   0.0000000E+00
   1.5574746E+03   0.0000000E+00   0.0000000E+00   0.0000000E+00   0.0000000E+00
   1.5574821E+03   0.0000000E+00   0.0000000E+00   0.0000000E+00   0.0000000E+00
   1.5574896E+03   0.0000000E+00   0.0000000E+00   0.0000000E+00   0.0000000E+00
   1.5574972E+03   0.0000000E+00   0.0000000E+00   0.0000000E+00   0.0000000E+00
   1.5575047E+03   0.0000000E+00   0.0000000E+00   0.0000000E+00   0.0000000E+00
   1.5575122E+03   0.0000000E+00   0.0000000E+00   0.0000000E+00   0.0000000E+00
   1.5575198E+03   0.0000000E+00   0.0000000E+00   0.0000000E+00   0.0000000E+00
   1.5575273E+03   0.0000000E+00   0.0000000E+00   0.0000000E+00   0.0000000E+00
   1.5575348E+03   0.0000000E+00   0.0000000E+00   0.0000000E+00   0.0000000E+00
   1.5575423E+03   0.0000000E+00   0.0000000E+00   0.0000000E+00   0.0000000E+00
   1.5575499E+03   0.0000000E+00   0.0000000E+00   0.0000000E+00   0.0000000E+00
   1.5575574E+03   0.0000000E+00   0.0000000E+00   0.0000000E+00   0.0000000E+00
   1.5575649E+03   0.0000000E+00   0.0000000E+00   0.0000000E+00   0.0000000E+00
   1.5575725E+03   0.0000000E+00   0.0000000E+00   0.0000000E+00   0.0000000E+00
   1.5575800E+03   0.0000000E+00   0.0000000E+00   0.0000000E+00   0.0000000E+00
   1.5575875E+03   0.0000000E+00   0.0000000E+00   0.0000000E+00   0.0000000E+00
   1.5575950E+03   0.0000000E+00   0.0000000E+00   0.0000000E+00   0.0000000E+00
   1.5576026E+03   0.0000000E+00   0.0000000E+00   0.0000000E+00   0.0000000E+00
   1.5576101E+03   0.0000000E+00   0.0000000E+00   0.0000000E+00   0.0000000E+00
   1.5576176E+03   0.0000000E+00   0.0000000E+00   0.0000000E+00   0.0000000E+00
   1.5576252E+03   0.0000000E+00   0.0000000E+00   0.0000000E+00   0.0000000E+00
   1.5576327E+03   0.0000000E+00   0.0000000E+00   0.0000000E+00   0.0000000E+00
   1.5576402E+03   0.0000000E+00   0.0000000E+00   0.0000000E+00   0.0000000E+00
   1.5576477E+03   0.0000000E+00   0.0000000E+00   0.0000000E+00   0.0000000E+00
   1.5576553E+03   0.0000000E+00   0.0000000E+00   0.0000000E+00   0.0000000E+00
   1.5576628E+03   0.0000000E+00   0.0000000E+00   0.0000000E+00   0.0000000E+00
   1.5576703E+03   0.0000000E+00   0.0000000E+00   0.0000000E+00   0.0000000E+00
   1.5576779E+03   0.0000000E+00   0.0000000E+00   0.0000000E+00   0.0000000E+00
   1.5576854E+03   0.0000000E+00   0.0000000E+00   0.0000000E+00   0.0000000E+00
   1.5576929E+03   0.0000000E+00   0.0000000E+00   0.0000000E+00   0.0000000E+00
   1.5577004E+03   0.0000000E+00   0.0000000E+00   0.0000000E+00   0.0000000E+00
   1.5577080E+03   0.0000000E+00   0.0000000E+00   0.0000000E+00   0.0000000E+00
   1.5577155E+03   0.0000000E+00   0.0000000E+00   0.0000000E+00   0.0000000E+00
   1.5577230E+03   0.0000000E+00   0.0000000E+00   0.0000000E+00   0.0000000E+00
   1.5577306E+03   0.0000000E+00   0.0000000E+00   0.0000000E+00   0.0000000E+00
   1.5577381E+03   0.0000000E+00   0.0000000E+00   0.0000000E+00   0.0000000E+00
   1.5577456E+03   0.0000000E+00   0.0000000E+00   0.0000000E+00   0.0000000E+00
   1.5577531E+03   0.0000000E+00   0.0000000E+00   0.0000000E+00   0.0000000E+00
   1.5577607E+03   0.0000000E+00   0.0000000E+00   0.0000000E+00   0.0000000E+00
   1.5577682E+03   0.0000000E+00   0.0000000E+00   0.0000000E+00   0.0000000E+00
   1.5577757E+03   0.0000000E+00   0.0000000E+00   0.0000000E+00   0.0000000E+00
   1.5577833E+03   0.0000000E+00   0.0000000E+00   0.0000000E+00   0.0000000E+00
   1.5577908E+03   0.0000000E+00   0.0000000E+00   0.0000000E+00   0.0000000E+00
   1.5577983E+03   0.0000000E+00   0.0000000E+00   0.0000000E+00   0.0000000E+00
   1.5578058E+03   0.0000000E+00   0.0000000E+00   0.0000000E+00   0.0000000E+00
   1.5578134E+03   0.0000000E+00   0.0000000E+00   0.0000000E+00   0.0000000E+00
   1.5578209E+03   0.0000000E+00   0.0000000E+00   0.0000000E+00   0.0000000E+00
   1.5578284E+03   0.0000000E+00   0.0000000E+00   0.0000000E+00   0.0000000E+00
   1.5578359E+03   0.0000000E+00   0.0000000E+00   0.0000000E+00   0.0000000E+00
   1.5578435E+03   0.0000000E+00   0.0000000E+00   0.0000000E+00   0.0000000E+00
   1.5578510E+03   0.0000000E+00   0.0000000E+00   0.0000000E+00   0.0000000E+00
   1.5578585E+03   0.0000000E+00   0.0000000E+00   0.0000000E+00   0.0000000E+00
   1.5578661E+03   0.0000000E+00   0.0000000E+00   0.0000000E+00   0.0000000E+00
   1.5578736E+03   0.0000000E+00   0.0000000E+00   0.0000000E+00   0.0000000E+00
   1.5578811E+03   0.0000000E+00   0.0000000E+00   0.0000000E+00   0.0000000E+00
   1.5578886E+03   0.0000000E+00   0.0000000E+00   0.0000000E+00   0.0000000E+00
   1.5578962E+03   0.0000000E+00   0.0000000E+00   0.0000000E+00   0.0000000E+00
   1.5579037E+03   0.0000000E+00   0.0000000E+00   0.0000000E+00   0.0000000E+00
   1.5579112E+03   0.0000000E+00   0.0000000E+00   0.0000000E+00   0.0000000E+00
   1.5579188E+03   0.0000000E+00   0.0000000E+00   0.0000000E+00   0.0000000E+00
   1.5579263E+03   0.0000000E+00   0.0000000E+00   0.0000000E+00   0.0000000E+00
   1.5579338E+03   0.0000000E+00   0.0000000E+00   0.0000000E+00   0.0000000E+00
   1.5579413E+03   0.0000000E+00   0.0000000E+00   0.0000000E+00   0.0000000E+00
   1.5579489E+03   0.0000000E+00   0.0000000E+00   0.0000000E+00   0.0000000E+00
   1.5579564E+03   0.0000000E+00   0.0000000E+00   0.0000000E+00   0.0000000E+00
   1.5579639E+03   0.0000000E+00   0.0000000E+00   0.0000000E+00   0.0000000E+00
   1.5579715E+03   0.0000000E+00   0.0000000E+00   0.0000000E+00   0.0000000E+00
   1.5579790E+03   0.0000000E+00   0.0000000E+00   0.0000000E+00   0.0000000E+00
   1.5579865E+03   0.0000000E+00   0.0000000E+00   0.0000000E+00   0.0000000E+00
   1.5579940E+03   0.0000000E+00   0.0000000E+00   0.0000000E+00   0.0000000E+00
   1.5580016E+03   0.0000000E+00   0.0000000E+00   0.0000000E+00   0.0000000E+00
   1.5580091E+03   0.0000000E+00   0.0000000E+00   0.0000000E+00   0.0000000E+00
   1.5580166E+03   0.0000000E+00   0.0000000E+00   0.0000000E+00   0.0000000E+00
   1.5580242E+03   0.0000000E+00   0.0000000E+00   0.0000000E+00   0.0000000E+00
   1.5580317E+03   0.0000000E+00   0.0000000E+00   0.0000000E+00   0.0000000E+00
   1.5580392E+03   0.0000000E+00   0.0000000E+00   0.0000000E+00   0.0000000E+00
   1.5580467E+03   0.0000000E+00   0.0000000E+00   0.0000000E+00   0.0000000E+00
   1.5580543E+03   0.0000000E+00   0.0000000E+00   0.0000000E+00   0.0000000E+00
   1.5580618E+03   0.0000000E+00   0.0000000E+00   0.0000000E+00   0.0000000E+00
   1.5580693E+03   0.0000000E+00   0.0000000E+00   0.0000000E+00   0.0000000E+00
   1.5580769E+03   0.0000000E+00   0.0000000E+00   0.0000000E+00   0.0000000E+00
   1.5580844E+03   0.0000000E+00   0.0000000E+00   0.0000000E+00   0.0000000E+00
   1.5580919E+03   0.0000000E+00   0.0000000E+00   0.0000000E+00   0.0000000E+00
   1.5580994E+03   0.0000000E+00   0.0000000E+00   0.0000000E+00   0.0000000E+00
   1.5581070E+03   0.0000000E+00   0.0000000E+00   0.0000000E+00   0.0000000E+00
   1.5581145E+03   0.0000000E+00   0.0000000E+00   0.0000000E+00   0.0000000E+00
   1.5581220E+03   0.0000000E+00   0.0000000E+00   0.0000000E+00   0.0000000E+00
   1.5581296E+03   0.0000000E+00   0.0000000E+00   0.0000000E+00   0.0000000E+00
   1.5581371E+03   0.0000000E+00   0.0000000E+00   0.0000000E+00   0.0000000E+00
   1.5581446E+03   0.0000000E+00   0.0000000E+00   0.0000000E+00   0.0000000E+00
   1.5581521E+03   0.0000000E+00   0.0000000E+00   0.0000000E+00   0.0000000E+00
   1.5581597E+03   0.0000000E+00   0.0000000E+00   0.0000000E+00   0.0000000E+00
   1.5581672E+03   0.0000000E+00   0.0000000E+00   0.0000000E+00   0.0000000E+00
   1.5581747E+03   0.0000000E+00   0.0000000E+00   0.0000000E+00   0.0000000E+00
   1.5581823E+03   0.0000000E+00   0.0000000E+00   0.0000000E+00   0.0000000E+00
   1.5581898E+03   0.0000000E+00   0.0000000E+00   0.0000000E+00   0.0000000E+00
   1.5581973E+03   0.0000000E+00   0.0000000E+00   0.0000000E+00   0.0000000E+00
   1.5582048E+03   0.0000000E+00   0.0000000E+00   0.0000000E+00   0.0000000E+00
   1.5582124E+03   0.0000000E+00   0.0000000E+00   0.0000000E+00   0.0000000E+00
   1.5582199E+03   0.0000000E+00   0.0000000E+00   0.0000000E+00   0.0000000E+00
   1.5582274E+03   0.0000000E+00   0.0000000E+00   0.0000000E+00   0.0000000E+00
   1.5582350E+03   0.0000000E+00   0.0000000E+00   0.0000000E+00   0.0000000E+00
   1.5582425E+03   0.0000000E+00   0.0000000E+00   0.0000000E+00   0.0000000E+00
   1.5582500E+03   0.0000000E+00   0.0000000E+00   0.0000000E+00   0.0000000E+00
   1.5582575E+03   0.0000000E+00   0.0000000E+00   0.0000000E+00   0.0000000E+00
   1.5582651E+03   0.0000000E+00   0.0000000E+00   0.0000000E+00   0.0000000E+00
   1.5582726E+03   0.0000000E+00   0.0000000E+00   0.0000000E+00   0.0000000E+00
   1.5582801E+03   0.0000000E+00   0.0000000E+00   0.0000000E+00   0.0000000E+00
   1.5582876E+03   0.0000000E+00   0.0000000E+00   0.0000000E+00   0.0000000E+00
   1.5582952E+03   0.0000000E+00   0.0000000E+00   0.0000000E+00   0.0000000E+00
   1.5583027E+03   0.0000000E+00   0.0000000E+00   0.0000000E+00   0.0000000E+00
   1.5583102E+03   0.0000000E+00   0.0000000E+00   0.0000000E+00   0.0000000E+00
   1.5583178E+03   0.0000000E+00   0.0000000E+00   0.0000000E+00   0.0000000E+00
   1.5583253E+03   0.0000000E+00   0.0000000E+00   0.0000000E+00   0.0000000E+00
   1.5583328E+03   0.0000000E+00   0.0000000E+00   0.0000000E+00   0.0000000E+00
   1.5583403E+03   0.0000000E+00   0.0000000E+00   0.0000000E+00   0.0000000E+00
   1.5583479E+03   0.0000000E+00   0.0000000E+00   0.0000000E+00   0.0000000E+00
   1.5583554E+03   0.0000000E+00   0.0000000E+00   0.0000000E+00   0.0000000E+00
   1.5583629E+03   0.0000000E+00   0.0000000E+00   0.0000000E+00   0.0000000E+00
   1.5583705E+03   0.0000000E+00   0.0000000E+00   0.0000000E+00   0.0000000E+00
   1.5583780E+03   0.0000000E+00   0.0000000E+00   0.0000000E+00   0.0000000E+00
   1.5583855E+03   0.0000000E+00   0.0000000E+00   0.0000000E+00   0.0000000E+00
   1.5583930E+03   0.0000000E+00   0.0000000E+00   0.0000000E+00   0.0000000E+00
   1.5584006E+03   0.0000000E+00   0.0000000E+00   0.0000000E+00   0.0000000E+00
   1.5584081E+03   0.0000000E+00   0.0000000E+00   0.0000000E+00   0.0000000E+00
   1.5584156E+03   0.0000000E+00   0.0000000E+00   0.0000000E+00   0.0000000E+00
   1.5584232E+03   0.0000000E+00   0.0000000E+00   0.0000000E+00   0.0000000E+00
   1.5584307E+03   0.0000000E+00   0.0000000E+00   0.0000000E+00   0.0000000E+00
   1.5584382E+03   0.0000000E+00   0.0000000E+00   0.0000000E+00   0.0000000E+00
   1.5584457E+03   0.0000000E+00   0.0000000E+00   0.0000000E+00   0.0000000E+00
   1.5584533E+03   0.0000000E+00   0.0000000E+00   0.0000000E+00   0.0000000E+00
   1.5584608E+03   0.0000000E+00   0.0000000E+00   0.0000000E+00   0.0000000E+00
   1.5584683E+03   0.0000000E+00   0.0000000E+00   0.0000000E+00   0.0000000E+00
   1.5584759E+03   0.0000000E+00   0.0000000E+00   0.0000000E+00   0.0000000E+00
   1.5584834E+03   0.0000000E+00   0.0000000E+00   0.0000000E+00   0.0000000E+00
   1.5584909E+03   0.0000000E+00   0.0000000E+00   0.0000000E+00   0.0000000E+00
   1.5584984E+03   0.0000000E+00   0.0000000E+00   0.0000000E+00   0.0000000E+00
   1.5585060E+03   0.0000000E+00   0.0000000E+00   0.0000000E+00   0.0000000E+00
   1.5585135E+03   0.0000000E+00   0.0000000E+00   0.0000000E+00   0.0000000E+00
   1.5585210E+03   0.0000000E+00   0.0000000E+00   0.0000000E+00   0.0000000E+00
   1.5585286E+03   0.0000000E+00   0.0000000E+00   0.0000000E+00   0.0000000E+00
   1.5585361E+03   0.0000000E+00   0.0000000E+00   0.0000000E+00   0.0000000E+00
   1.5585436E+03   0.0000000E+00   0.0000000E+00   0.0000000E+00   0.0000000E+00
   1.5585511E+03   0.0000000E+00   0.0000000E+00   0.0000000E+00   0.0000000E+00
   1.5585587E+03   0.0000000E+00   0.0000000E+00   0.0000000E+00   0.0000000E+00
   1.5585662E+03   0.0000000E+00   0.0000000E+00   0.0000000E+00   0.0000000E+00
   1.5585737E+03   0.0000000E+00   0.0000000E+00   0.0000000E+00   0.0000000E+00
   1.5585813E+03   0.0000000E+00   0.0000000E+00   0.0000000E+00   0.0000000E+00
   1.5585888E+03   0.0000000E+00   0.0000000E+00   0.0000000E+00   0.0000000E+00
   1.5585963E+03   0.0000000E+00   0.0000000E+00   0.0000000E+00   0.0000000E+00
   1.5586038E+03   0.0000000E+00   0.0000000E+00   0.0000000E+00   0.0000000E+00
   1.5586114E+03   0.0000000E+00   0.0000000E+00   0.0000000E+00   0.0000000E+00
   1.5586189E+03   0.0000000E+00   0.0000000E+00   0.0000000E+00   0.0000000E+00
   1.5586264E+03   0.0000000E+00   0.0000000E+00   0.0000000E+00   0.0000000E+00
   1.5586340E+03   0.0000000E+00   0.0000000E+00   0.0000000E+00   0.0000000E+00
   1.5586415E+03   0.0000000E+00   0.0000000E+00   0.0000000E+00   0.0000000E+00
   1.5586490E+03   0.0000000E+00   0.0000000E+00   0.0000000E+00   0.0000000E+00
   1.5586565E+03   0.0000000E+00   0.0000000E+00   0.0000000E+00   0.0000000E+00
   1.5586641E+03   0.0000000E+00   0.0000000E+00   0.0000000E+00   0.0000000E+00
   1.5586716E+03   0.0000000E+00   0.0000000E+00   0.0000000E+00   0.0000000E+00
   1.5586791E+03   0.0000000E+00   0.0000000E+00   0.0000000E+00   0.0000000E+00
   1.5586867E+03   0.0000000E+00   0.0000000E+00   0.0000000E+00   0.0000000E+00
   1.5586942E+03   0.0000000E+00   0.0000000E+00   0.0000000E+00   0.0000000E+00
   1.5587017E+03   0.0000000E+00   0.0000000E+00   0.0000000E+00   0.0000000E+00
   1.5587092E+03   0.0000000E+00   0.0000000E+00   0.0000000E+00   0.0000000E+00
   1.5587168E+03   0.0000000E+00   0.0000000E+00   0.0000000E+00   0.0000000E+00
   1.5587243E+03   0.0000000E+00   0.0000000E+00   0.0000000E+00   0.0000000E+00
   1.5587318E+03   0.0000000E+00   0.0000000E+00   0.0000000E+00   0.0000000E+00
   1.5587393E+03   0.0000000E+00   0.0000000E+00   0.0000000E+00   0.0000000E+00
   1.5587469E+03   0.0000000E+00   0.0000000E+00   0.0000000E+00   0.0000000E+00
   1.5587544E+03   0.0000000E+00   0.0000000E+00   0.0000000E+00   0.0000000E+00
   1.5587619E+03   0.0000000E+00   0.0000000E+00   0.0000000E+00   0.0000000E+00
   1.5587695E+03   0.0000000E+00   0.0000000E+00   0.0000000E+00   0.0000000E+00
   1.5587770E+03   0.0000000E+00   0.0000000E+00   0.0000000E+00   0.0000000E+00
   1.5587845E+03   0.0000000E+00   0.0000000E+00   0.0000000E+00   0.0000000E+00
   1.5587920E+03   0.0000000E+00   0.0000000E+00   0.0000000E+00   0.0000000E+00
   1.5587996E+03   0.0000000E+00   0.0000000E+00   0.0000000E+00   0.0000000E+00
   1.5588071E+03   0.0000000E+00   0.0000000E+00   0.0000000E+00   0.0000000E+00
   1.5588146E+03   0.0000000E+00   0.0000000E+00   0.0000000E+00   0.0000000E+00
   1.5588222E+03   0.0000000E+00   0.0000000E+00   0.0000000E+00   0.0000000E+00
   1.5588297E+03   0.0000000E+00   0.0000000E+00   0.0000000E+00   0.0000000E+00
   1.5588372E+03   0.0000000E+00   0.0000000E+00   0.0000000E+00   0.0000000E+00
   1.5588447E+03   0.0000000E+00   0.0000000E+00   0.0000000E+00   0.0000000E+00
   1.5588523E+03   0.0000000E+00   0.0000000E+00   0.0000000E+00   0.0000000E+00
   1.5588598E+03   0.0000000E+00   0.0000000E+00   0.0000000E+00   0.0000000E+00
   1.5588673E+03   0.0000000E+00   0.0000000E+00   0.0000000E+00   0.0000000E+00
   1.5588749E+03   0.0000000E+00   0.0000000E+00   0.0000000E+00   0.0000000E+00
   1.5588824E+03   0.0000000E+00   0.0000000E+00   0.0000000E+00   0.0000000E+00
   1.5588899E+03   0.0000000E+00   0.0000000E+00   0.0000000E+00   0.0000000E+00
   1.5588974E+03   0.0000000E+00   0.0000000E+00   0.0000000E+00   0.0000000E+00
   1.5589050E+03   0.0000000E+00   0.0000000E+00   0.0000000E+00   0.0000000E+00
   1.5589125E+03   0.0000000E+00   0.0000000E+00   0.0000000E+00   0.0000000E+00
   1.5589200E+03   0.0000000E+00   0.0000000E+00   0.0000000E+00   0.0000000E+00
   1.5589276E+03   0.0000000E+00   0.0000000E+00   0.0000000E+00   0.0000000E+00
   1.5589351E+03   0.0000000E+00   0.0000000E+00   0.0000000E+00   0.0000000E+00
   1.5589426E+03   0.0000000E+00   0.0000000E+00   0.0000000E+00   0.0000000E+00
   1.5589501E+03   0.0000000E+00   0.0000000E+00   0.0000000E+00   0.0000000E+00
   1.5589577E+03   0.0000000E+00   0.0000000E+00   0.0000000E+00   0.0000000E+00
   1.5589652E+03   0.0000000E+00   0.0000000E+00   0.0000000E+00   0.0000000E+00
   1.5589727E+03   0.0000000E+00   0.0000000E+00   0.0000000E+00   0.0000000E+00
   1.5589803E+03   0.0000000E+00   0.0000000E+00   0.0000000E+00   0.0000000E+00
   1.5589878E+03   0.0000000E+00   0.0000000E+00   0.0000000E+00   0.0000000E+00
   1.5589953E+03   0.0000000E+00   0.0000000E+00   0.0000000E+00   0.0000000E+00
   1.5590028E+03   0.0000000E+00   0.0000000E+00   0.0000000E+00   0.0000000E+00
   1.5590104E+03   0.0000000E+00   0.0000000E+00   0.0000000E+00   0.0000000E+00
   1.5590179E+03   0.0000000E+00   0.0000000E+00   0.0000000E+00   0.0000000E+00
   1.5590254E+03   0.0000000E+00   0.0000000E+00   0.0000000E+00   0.0000000E+00
   1.5590330E+03   0.0000000E+00   0.0000000E+00   0.0000000E+00   0.0000000E+00
   1.5590405E+03   0.0000000E+00   0.0000000E+00   0.0000000E+00   0.0000000E+00
   1.5590480E+03   0.0000000E+00   0.0000000E+00   0.0000000E+00   0.0000000E+00
   1.5590555E+03   0.0000000E+00   0.0000000E+00   0.0000000E+00   0.0000000E+00
   1.5590631E+03   0.0000000E+00   0.0000000E+00   0.0000000E+00   0.0000000E+00
   1.5590706E+03   0.0000000E+00   0.0000000E+00   0.0000000E+00   0.0000000E+00
   1.5590781E+03   0.0000000E+00   0.0000000E+00   0.0000000E+00   0.0000000E+00
   1.5590857E+03   0.0000000E+00   0.0000000E+00   0.0000000E+00   0.0000000E+00
   1.5590932E+03   0.0000000E+00   0.0000000E+00   0.0000000E+00   0.0000000E+00
   1.5591007E+03   0.0000000E+00   0.0000000E+00   0.0000000E+00   0.0000000E+00
   1.5591082E+03   0.0000000E+00   0.0000000E+00   0.0000000E+00   0.0000000E+00
   1.5591158E+03   0.0000000E+00   0.0000000E+00   0.0000000E+00   0.0000000E+00
   1.5591233E+03   0.0000000E+00   0.0000000E+00   0.0000000E+00   0.0000000E+00
   1.5591308E+03   0.0000000E+00   0.0000000E+00   0.0000000E+00   0.0000000E+00
   1.5591384E+03   0.0000000E+00   0.0000000E+00   0.0000000E+00   0.0000000E+00
   1.5591459E+03   0.0000000E+00   0.0000000E+00   0.0000000E+00   0.0000000E+00
   1.5591534E+03   0.0000000E+00   0.0000000E+00   0.0000000E+00   0.0000000E+00
   1.5591609E+03   0.0000000E+00   0.0000000E+00   0.0000000E+00   0.0000000E+00
   1.5591685E+03   0.0000000E+00   0.0000000E+00   0.0000000E+00   0.0000000E+00
   1.5591760E+03   0.0000000E+00   0.0000000E+00   0.0000000E+00   0.0000000E+00
   1.5591835E+03   0.0000000E+00   0.0000000E+00   0.0000000E+00   0.0000000E+00
   1.5591910E+03   0.0000000E+00   0.0000000E+00   0.0000000E+00   0.0000000E+00
   1.5591986E+03   0.0000000E+00   0.0000000E+00   0.0000000E+00   0.0000000E+00
   1.5592061E+03   0.0000000E+00   0.0000000E+00   0.0000000E+00   0.0000000E+00
   1.5592136E+03   0.0000000E+00   0.0000000E+00   0.0000000E+00   0.0000000E+00
   1.5592212E+03   0.0000000E+00   0.0000000E+00   0.0000000E+00   0.0000000E+00
   1.5592287E+03   0.0000000E+00   0.0000000E+00   0.0000000E+00   0.0000000E+00
   1.5592362E+03   0.0000000E+00   0.0000000E+00   0.0000000E+00   0.0000000E+00
   1.5592437E+03   0.0000000E+00   0.0000000E+00   0.0000000E+00   0.0000000E+00
   1.5592513E+03   0.0000000E+00   0.0000000E+00   0.0000000E+00   0.0000000E+00
   1.5592588E+03   0.0000000E+00   0.0000000E+00   0.0000000E+00   0.0000000E+00
   1.5592663E+03   0.0000000E+00   0.0000000E+00   0.0000000E+00   0.0000000E+00
   1.5592739E+03   0.0000000E+00   0.0000000E+00   0.0000000E+00   0.0000000E+00
   1.5592814E+03   0.0000000E+00   0.0000000E+00   0.0000000E+00   0.0000000E+00
   1.5592889E+03   0.0000000E+00   0.0000000E+00   0.0000000E+00   0.0000000E+00
   1.5592964E+03   0.0000000E+00   0.0000000E+00   0.0000000E+00   0.0000000E+00
   1.5593040E+03   0.0000000E+00   0.0000000E+00   0.0000000E+00   0.0000000E+00
   1.5593115E+03   0.0000000E+00   0.0000000E+00   0.0000000E+00   0.0000000E+00
   1.5593190E+03   0.0000000E+00   0.0000000E+00   0.0000000E+00   0.0000000E+00
   1.5593266E+03   0.0000000E+00   0.0000000E+00   0.0000000E+00   0.0000000E+00
   1.5593341E+03   0.0000000E+00   0.0000000E+00   0.0000000E+00   0.0000000E+00
   1.5593416E+03   0.0000000E+00   0.0000000E+00   0.0000000E+00   0.0000000E+00
   1.5593491E+03   0.0000000E+00   0.0000000E+00   0.0000000E+00   0.0000000E+00
   1.5593567E+03   0.0000000E+00   0.0000000E+00   0.0000000E+00   0.0000000E+00
   1.5593642E+03   0.0000000E+00   0.0000000E+00   0.0000000E+00   0.0000000E+00
   1.5593717E+03   0.0000000E+00   0.0000000E+00   0.0000000E+00   0.0000000E+00
   1.5593793E+03   0.0000000E+00   0.0000000E+00   0.0000000E+00   0.0000000E+00
   1.5593868E+03   0.0000000E+00   0.0000000E+00   0.0000000E+00   0.0000000E+00
   1.5593943E+03   0.0000000E+00   0.0000000E+00   0.0000000E+00   0.0000000E+00
   1.5594018E+03   0.0000000E+00   0.0000000E+00   0.0000000E+00   0.0000000E+00
   1.5594094E+03   0.0000000E+00   0.0000000E+00   0.0000000E+00   0.0000000E+00
   1.5594169E+03   0.0000000E+00   0.0000000E+00   0.0000000E+00   0.0000000E+00
   1.5594244E+03   0.0000000E+00   0.0000000E+00   0.0000000E+00   0.0000000E+00
   1.5594320E+03   0.0000000E+00   0.0000000E+00   0.0000000E+00   0.0000000E+00
   1.5594395E+03   0.0000000E+00   0.0000000E+00   0.0000000E+00   0.0000000E+00
   1.5594470E+03   0.0000000E+00   0.0000000E+00   0.0000000E+00   0.0000000E+00
   1.5594545E+03   0.0000000E+00   0.0000000E+00   0.0000000E+00   0.0000000E+00
   1.5594621E+03   0.0000000E+00   0.0000000E+00   0.0000000E+00   0.0000000E+00
   1.5594696E+03   0.0000000E+00   0.0000000E+00   0.0000000E+00   0.0000000E+00
   1.5594771E+03   0.0000000E+00   0.0000000E+00   0.0000000E+00   0.0000000E+00
   1.5594847E+03   0.0000000E+00   0.0000000E+00   0.0000000E+00   0.0000000E+00
   1.5594922E+03   0.0000000E+00   0.0000000E+00   0.0000000E+00   0.0000000E+00
   1.5594997E+03   0.0000000E+00   0.0000000E+00   0.0000000E+00   0.0000000E+00
   1.5595072E+03   0.0000000E+00   0.0000000E+00   0.0000000E+00   0.0000000E+00
   1.5595148E+03   0.0000000E+00   0.0000000E+00   0.0000000E+00   0.0000000E+00
   1.5595223E+03   0.0000000E+00   0.0000000E+00   0.0000000E+00   0.0000000E+00
   1.5595298E+03   0.0000000E+00   0.0000000E+00   0.0000000E+00   0.0000000E+00
   1.5595374E+03   0.0000000E+00   0.0000000E+00   0.0000000E+00   0.0000000E+00
   1.5595449E+03   0.0000000E+00   0.0000000E+00   0.0000000E+00   0.0000000E+00
   1.5595524E+03   0.0000000E+00   0.0000000E+00   0.0000000E+00   0.0000000E+00
   1.5595599E+03   0.0000000E+00   0.0000000E+00   0.0000000E+00   0.0000000E+00
   1.5595675E+03   0.0000000E+00   0.0000000E+00   0.0000000E+00   0.0000000E+00
   1.5595750E+03   0.0000000E+00   0.0000000E+00   0.0000000E+00   0.0000000E+00
   1.5595825E+03   0.0000000E+00   0.0000000E+00   0.0000000E+00   0.0000000E+00
   1.5595901E+03   0.0000000E+00   0.0000000E+00   0.0000000E+00   0.0000000E+00
   1.5595976E+03   0.0000000E+00   0.0000000E+00   0.0000000E+00   0.0000000E+00
   1.5596051E+03   0.0000000E+00   0.0000000E+00   0.0000000E+00   0.0000000E+00
   1.5596126E+03   0.0000000E+00   0.0000000E+00   0.0000000E+00   0.0000000E+00
   1.5596202E+03   0.0000000E+00   0.0000000E+00   0.0000000E+00   0.0000000E+00
   1.5596277E+03   0.0000000E+00   0.0000000E+00   0.0000000E+00   0.0000000E+00
   1.5596352E+03   0.0000000E+00   0.0000000E+00   0.0000000E+00   0.0000000E+00
   1.5596427E+03   0.0000000E+00   0.0000000E+00   0.0000000E+00   0.0000000E+00
   1.5596503E+03   0.0000000E+00   0.0000000E+00   0.0000000E+00   0.0000000E+00
   1.5596578E+03   0.0000000E+00   0.0000000E+00   0.0000000E+00   0.0000000E+00
   1.5596653E+03   0.0000000E+00   0.0000000E+00   0.0000000E+00   0.0000000E+00
   1.5596729E+03   0.0000000E+00   0.0000000E+00   0.0000000E+00   0.0000000E+00
   1.5596804E+03   0.0000000E+00   0.0000000E+00   0.0000000E+00   0.0000000E+00
   1.5596879E+03   0.0000000E+00   0.0000000E+00   0.0000000E+00   0.0000000E+00
   1.5596954E+03   0.0000000E+00   0.0000000E+00   0.0000000E+00   0.0000000E+00
   1.5597030E+03   0.0000000E+00   0.0000000E+00   0.0000000E+00   0.0000000E+00
   1.5597105E+03   0.0000000E+00   0.0000000E+00   0.0000000E+00   0.0000000E+00
   1.5597180E+03   0.0000000E+00   0.0000000E+00   0.0000000E+00   0.0000000E+00
   1.5597256E+03   0.0000000E+00   0.0000000E+00   0.0000000E+00   0.0000000E+00
   1.5597331E+03   0.0000000E+00   0.0000000E+00   0.0000000E+00   0.0000000E+00
   1.5597406E+03   0.0000000E+00   0.0000000E+00   0.0000000E+00   0.0000000E+00
   1.5597481E+03   0.0000000E+00   0.0000000E+00   0.0000000E+00   0.0000000E+00
   1.5597557E+03   0.0000000E+00   0.0000000E+00   0.0000000E+00   0.0000000E+00
   1.5597632E+03   0.0000000E+00   0.0000000E+00   0.0000000E+00   0.0000000E+00
   1.5597707E+03   0.0000000E+00   0.0000000E+00   0.0000000E+00   0.0000000E+00
   1.5597783E+03   0.0000000E+00   0.0000000E+00   0.0000000E+00   0.0000000E+00
   1.5597858E+03   0.0000000E+00   0.0000000E+00   0.0000000E+00   0.0000000E+00
   1.5597933E+03   0.0000000E+00   0.0000000E+00   0.0000000E+00   0.0000000E+00
   1.5598008E+03   0.0000000E+00   0.0000000E+00   0.0000000E+00   0.0000000E+00
   1.5598084E+03   0.0000000E+00   0.0000000E+00   0.0000000E+00   0.0000000E+00
   1.5598159E+03   0.0000000E+00   0.0000000E+00   0.0000000E+00   0.0000000E+00
   1.5598234E+03   0.0000000E+00   0.0000000E+00   0.0000000E+00   0.0000000E+00
   1.5598310E+03   0.0000000E+00   0.0000000E+00   0.0000000E+00   0.0000000E+00
   1.5598385E+03   0.0000000E+00   0.0000000E+00   0.0000000E+00   0.0000000E+00
   1.5598460E+03   0.0000000E+00   0.0000000E+00   0.0000000E+00   0.0000000E+00
   1.5598535E+03   0.0000000E+00   0.0000000E+00   0.0000000E+00   0.0000000E+00
   1.5598611E+03   0.0000000E+00   0.0000000E+00   0.0000000E+00   0.0000000E+00
   1.5598686E+03   0.0000000E+00   0.0000000E+00   0.0000000E+00   0.0000000E+00
   1.5598761E+03   0.0000000E+00   0.0000000E+00   0.0000000E+00   0.0000000E+00
   1.5598837E+03   0.0000000E+00   0.0000000E+00   0.0000000E+00   0.0000000E+00
   1.5598912E+03   0.0000000E+00   0.0000000E+00   0.0000000E+00   0.0000000E+00
   1.5598987E+03   0.0000000E+00   0.0000000E+00   0.0000000E+00   0.0000000E+00
   1.5599062E+03   0.0000000E+00   0.0000000E+00   0.0000000E+00   0.0000000E+00
   1.5599138E+03   0.0000000E+00   0.0000000E+00   0.0000000E+00   0.0000000E+00
   1.5599213E+03   0.0000000E+00   0.0000000E+00   0.0000000E+00   0.0000000E+00
   1.5599288E+03   0.0000000E+00   0.0000000E+00   0.0000000E+00   0.0000000E+00
   1.5599364E+03   0.0000000E+00   0.0000000E+00   0.0000000E+00   0.0000000E+00
   1.5599439E+03   0.0000000E+00   0.0000000E+00   0.0000000E+00   0.0000000E+00
   1.5599514E+03   0.0000000E+00   0.0000000E+00   0.0000000E+00   0.0000000E+00
   1.5599589E+03   0.0000000E+00   0.0000000E+00   0.0000000E+00   0.0000000E+00
   1.5599665E+03   0.0000000E+00   0.0000000E+00   0.0000000E+00   0.0000000E+00
   1.5599740E+03   0.0000000E+00   0.0000000E+00   0.0000000E+00   0.0000000E+00
   1.5599815E+03   0.0000000E+00   0.0000000E+00   0.0000000E+00   0.0000000E+00
   1.5599891E+03   0.0000000E+00   0.0000000E+00   0.0000000E+00   0.0000000E+00
   1.5599966E+03   0.0000000E+00   0.0000000E+00   0.0000000E+00   0.0000000E+00
   1.5600041E+03   0.0000000E+00   0.0000000E+00   0.0000000E+00   0.0000000E+00
   1.5600116E+03   0.0000000E+00   0.0000000E+00   0.0000000E+00   0.0000000E+00
   1.5600192E+03   0.0000000E+00   0.0000000E+00   0.0000000E+00   0.0000000E+00
   1.5600267E+03   0.0000000E+00   0.0000000E+00   0.0000000E+00   0.0000000E+00
   1.5600342E+03   0.0000000E+00   0.0000000E+00   0.0000000E+00   0.0000000E+00
   1.5600418E+03   0.0000000E+00   0.0000000E+00   0.0000000E+00   0.0000000E+00
   1.5600493E+03   0.0000000E+00   0.0000000E+00   0.0000000E+00   0.0000000E+00
   1.5600568E+03   0.0000000E+00   0.0000000E+00   0.0000000E+00   0.0000000E+00
   1.5600643E+03   0.0000000E+00   0.0000000E+00   0.0000000E+00   0.0000000E+00
   1.5600719E+03   0.0000000E+00   0.0000000E+00   0.0000000E+00   0.0000000E+00
   1.5600794E+03   0.0000000E+00   0.0000000E+00   0.0000000E+00   0.0000000E+00
   1.5600869E+03   0.0000000E+00   0.0000000E+00   0.0000000E+00   0.0000000E+00
   1.5600944E+03   0.0000000E+00   0.0000000E+00   0.0000000E+00   0.0000000E+00
   1.5601020E+03   0.0000000E+00   0.0000000E+00   0.0000000E+00   0.0000000E+00
   1.5601095E+03   0.0000000E+00   0.0000000E+00   0.0000000E+00   0.0000000E+00
   1.5601170E+03   0.0000000E+00   0.0000000E+00   0.0000000E+00   0.0000000E+00
   1.5601246E+03   0.0000000E+00   0.0000000E+00   0.0000000E+00   0.0000000E+00
   1.5601321E+03   0.0000000E+00   0.0000000E+00   0.0000000E+00   0.0000000E+00
   1.5601396E+03   0.0000000E+00   0.0000000E+00   0.0000000E+00   0.0000000E+00
   1.5601471E+03   0.0000000E+00   0.0000000E+00   0.0000000E+00   0.0000000E+00
   1.5601547E+03   0.0000000E+00   0.0000000E+00   0.0000000E+00   0.0000000E+00
   1.5601622E+03   0.0000000E+00   0.0000000E+00   0.0000000E+00   0.0000000E+00
   1.5601697E+03   0.0000000E+00   0.0000000E+00   0.0000000E+00   0.0000000E+00
   1.5601773E+03   0.0000000E+00   0.0000000E+00   0.0000000E+00   0.0000000E+00
   1.5601848E+03   0.0000000E+00   0.0000000E+00   0.0000000E+00   0.0000000E+00
   1.5601923E+03   0.0000000E+00   0.0000000E+00   0.0000000E+00   0.0000000E+00
   1.5601998E+03   0.0000000E+00   0.0000000E+00   0.0000000E+00   0.0000000E+00
   1.5602074E+03   0.0000000E+00   0.0000000E+00   0.0000000E+00   0.0000000E+00
   1.5602149E+03   0.0000000E+00   0.0000000E+00   0.0000000E+00   0.0000000E+00
   1.5602224E+03   0.0000000E+00   0.0000000E+00   0.0000000E+00   0.0000000E+00
   1.5602300E+03   0.0000000E+00   0.0000000E+00   0.0000000E+00   0.0000000E+00
   1.5602375E+03   0.0000000E+00   0.0000000E+00   0.0000000E+00   0.0000000E+00
   1.5602450E+03   0.0000000E+00   0.0000000E+00   0.0000000E+00   0.0000000E+00
   1.5602525E+03   0.0000000E+00   0.0000000E+00   0.0000000E+00   0.0000000E+00
   1.5602601E+03   0.0000000E+00   0.0000000E+00   0.0000000E+00   0.0000000E+00
   1.5602676E+03   0.0000000E+00   0.0000000E+00   0.0000000E+00   0.0000000E+00
   1.5602751E+03   0.0000000E+00   0.0000000E+00   0.0000000E+00   0.0000000E+00
   1.5602827E+03   0.0000000E+00   0.0000000E+00   0.0000000E+00   0.0000000E+00
   1.5602902E+03   0.0000000E+00   0.0000000E+00   0.0000000E+00   0.0000000E+00
   1.5602977E+03   0.0000000E+00   0.0000000E+00   0.0000000E+00   0.0000000E+00
   1.5603052E+03   0.0000000E+00   0.0000000E+00   0.0000000E+00   0.0000000E+00
   1.5603128E+03   0.0000000E+00   0.0000000E+00   0.0000000E+00   0.0000000E+00
   1.5603203E+03   0.0000000E+00   0.0000000E+00   0.0000000E+00   0.0000000E+00
   1.5603278E+03   0.0000000E+00   0.0000000E+00   0.0000000E+00   0.0000000E+00
   1.5603354E+03   0.0000000E+00   0.0000000E+00   0.0000000E+00   0.0000000E+00
   1.5603429E+03   0.0000000E+00   0.0000000E+00   0.0000000E+00   0.0000000E+00
   1.5603504E+03   0.0000000E+00   0.0000000E+00   0.0000000E+00   0.0000000E+00
   1.5603579E+03   0.0000000E+00   0.0000000E+00   0.0000000E+00   0.0000000E+00
   1.5603655E+03   0.0000000E+00   0.0000000E+00   0.0000000E+00   0.0000000E+00
   1.5603730E+03   0.0000000E+00   0.0000000E+00   0.0000000E+00   0.0000000E+00
   1.5603805E+03   0.0000000E+00   0.0000000E+00   0.0000000E+00   0.0000000E+00
   1.5603881E+03   0.0000000E+00   0.0000000E+00   0.0000000E+00   0.0000000E+00
   1.5603956E+03   0.0000000E+00   0.0000000E+00   0.0000000E+00   0.0000000E+00
   1.5604031E+03   0.0000000E+00   0.0000000E+00   0.0000000E+00   0.0000000E+00
   1.5604106E+03   0.0000000E+00   0.0000000E+00   0.0000000E+00   0.0000000E+00
   1.5604182E+03   0.0000000E+00   0.0000000E+00   0.0000000E+00   0.0000000E+00
   1.5604257E+03   0.0000000E+00   0.0000000E+00   0.0000000E+00   0.0000000E+00
   1.5604332E+03   0.0000000E+00   0.0000000E+00   0.0000000E+00   0.0000000E+00
   1.5604408E+03   0.0000000E+00   0.0000000E+00   0.0000000E+00   0.0000000E+00
   1.5604483E+03   0.0000000E+00   0.0000000E+00   0.0000000E+00   0.0000000E+00
   1.5604558E+03   0.0000000E+00   0.0000000E+00   0.0000000E+00   0.0000000E+00
   1.5604633E+03   0.0000000E+00   0.0000000E+00   0.0000000E+00   0.0000000E+00
   1.5604709E+03   0.0000000E+00   0.0000000E+00   0.0000000E+00   0.0000000E+00
   1.5604784E+03   0.0000000E+00   0.0000000E+00   0.0000000E+00   0.0000000E+00
   1.5604859E+03   0.0000000E+00   0.0000000E+00   0.0000000E+00   0.0000000E+00
   1.5604935E+03   0.0000000E+00   0.0000000E+00   0.0000000E+00   0.0000000E+00
   1.5605010E+03   0.0000000E+00   0.0000000E+00   0.0000000E+00   0.0000000E+00
   1.5605085E+03   0.0000000E+00   0.0000000E+00   0.0000000E+00   0.0000000E+00
   1.5605160E+03   0.0000000E+00   0.0000000E+00   0.0000000E+00   0.0000000E+00
   1.5605236E+03   0.0000000E+00   0.0000000E+00   0.0000000E+00   0.0000000E+00
   1.5605311E+03   0.0000000E+00   0.0000000E+00   0.0000000E+00   0.0000000E+00
   1.5605386E+03   0.0000000E+00   0.0000000E+00   0.0000000E+00   0.0000000E+00
   1.5605461E+03   0.0000000E+00   0.0000000E+00   0.0000000E+00   0.0000000E+00
   1.5605537E+03   0.0000000E+00   0.0000000E+00   0.0000000E+00   0.0000000E+00
   1.5605612E+03   0.0000000E+00   0.0000000E+00   0.0000000E+00   0.0000000E+00
   1.5605687E+03   0.0000000E+00   0.0000000E+00   0.0000000E+00   0.0000000E+00
   1.5605763E+03   0.0000000E+00   0.0000000E+00   0.0000000E+00   0.0000000E+00
   1.5605838E+03   0.0000000E+00   0.0000000E+00   0.0000000E+00   0.0000000E+00
   1.5605913E+03   0.0000000E+00   0.0000000E+00   0.0000000E+00   0.0000000E+00
   1.5605988E+03   0.0000000E+00   0.0000000E+00   0.0000000E+00   0.0000000E+00
   1.5606064E+03   0.0000000E+00   0.0000000E+00   0.0000000E+00   0.0000000E+00
   1.5606139E+03   0.0000000E+00   0.0000000E+00   0.0000000E+00   0.0000000E+00
   1.5606214E+03   0.0000000E+00   0.0000000E+00   0.0000000E+00   0.0000000E+00
   1.5606290E+03   0.0000000E+00   0.0000000E+00   0.0000000E+00   0.0000000E+00
   1.5606365E+03   0.0000000E+00   0.0000000E+00   0.0000000E+00   0.0000000E+00
   1.5606440E+03   0.0000000E+00   0.0000000E+00   0.0000000E+00   0.0000000E+00
   1.5606515E+03   0.0000000E+00   0.0000000E+00   0.0000000E+00   0.0000000E+00
   1.5606591E+03   0.0000000E+00   0.0000000E+00   0.0000000E+00   0.0000000E+00
   1.5606666E+03   0.0000000E+00   0.0000000E+00   0.0000000E+00   0.0000000E+00
   1.5606741E+03   0.0000000E+00   0.0000000E+00   0.0000000E+00   0.0000000E+00
   1.5606817E+03   0.0000000E+00   0.0000000E+00   0.0000000E+00   0.0000000E+00
   1.5606892E+03   0.0000000E+00   0.0000000E+00   0.0000000E+00   0.0000000E+00
   1.5606967E+03   0.0000000E+00   0.0000000E+00   0.0000000E+00   0.0000000E+00
   1.5607042E+03   0.0000000E+00   0.0000000E+00   0.0000000E+00   0.0000000E+00
   1.5607118E+03   0.0000000E+00   0.0000000E+00   0.0000000E+00   0.0000000E+00
   1.5607193E+03   0.0000000E+00   0.0000000E+00   0.0000000E+00   0.0000000E+00
   1.5607268E+03   0.0000000E+00   0.0000000E+00   0.0000000E+00   0.0000000E+00
   1.5607344E+03   0.0000000E+00   0.0000000E+00   0.0000000E+00   0.0000000E+00
   1.5607419E+03   0.0000000E+00   0.0000000E+00   0.0000000E+00   0.0000000E+00
   1.5607494E+03   0.0000000E+00   0.0000000E+00   0.0000000E+00   0.0000000E+00
   1.5607569E+03   0.0000000E+00   0.0000000E+00   0.0000000E+00   0.0000000E+00
   1.5607645E+03   0.0000000E+00   0.0000000E+00   0.0000000E+00   0.0000000E+00
   1.5607720E+03   0.0000000E+00   0.0000000E+00   0.0000000E+00   0.0000000E+00
