                                                          Cloudy 17.03
                                                         www.nublado.org

                       **************************************17Jun01**************************************
                       *                                                                                 *
                       * title CIV QSO                                                                   *
                       * set punch prefix "CIV_QSO"                                                      *
                       * radius = 21.500 23.500                                                          *
                       * iterate to convergence                                                          *
                       * sphere                                                                          *
                       * init "dlaw_HI_exp.ini"                                                          *
                       * dlaw table                                                                      *
                       * table SED "QSO.sed"                                                             *
                       * no line transfer                                                                *
                       * nuL(nu) = 40.5 at 1 Ryd                                                         *
                       * stop temperature off                                                            *
                       * metals 1.0                                                                      *
                       * save last radius ".rad"                                                         *
                       * save last continuum ".cont"                                                     *
                       * save last physical conditions ".phy"                                            *
                       * save last overview ".ovr"                                                       *
                       * save last heating ".heat"                                                       *
                       * save last cooling ".cool"                                                       *
                       * save last optical depth ".opd"                                                  *
                       * save last element hydrogen ".ele_H"                                             *
                       * save last element helium ".ele_He"                                              *
                       * save last element carbon ".ele_C"                                               *
                       * save last element nitrogen ".ele_N"                                             *
                       * save last element oxygen ".ele_O"                                               *
                       * save last element argon ".ele_Ar"                                               *
                       * save last element neon ".ele_Ne"                                                *
                       * save last element sulphur ".ele_S"                                              *
                       * save last element chlorin ".ele_Cl"                                             *
                       * save last element iron ".ele_Fe"                                                *
                       * save last element silicon ".ele_Si"                                             *
                       * save last lines emissivity  ".emis"                                             *
                       *                                                                                 *
                       ***********************************************************************************



 NOTE NO LINE TRANSER set but fine opacities still computed.
 NOTE Turning off fine opacities.


 NOTE
 NOTE The simulation is going into neutral gas but cosmic rays are not included.
 NOTE Ion-molecule chemistry will not occur without a source of ionization.
 NOTE The chemistry network may collapse deep in molecular regions.
 NOTE Consider adding galactic background cosmic rays with the COSMIC RAYS BACKGROUND command.
 NOTE You may be making a BIG mistake.
 NOTE



 NOTE Setcon: continuum has zero intensity starting at  3.0447e-09 Ryd.
  3800 cells in the incident continuum have zero intensity.  Problems???

           8228CellPeak1.00E+00   Lo 3.04e-09=  29.98m   Hi-Con:7.13E+06 Ryd   E(hi):7.35E+06Ryd     E(hi):     100.00 MeV
           L(nu>1ryd):  40.6904   Average nu:2.632E+00   L( X-ray):  39.9171   L(BalC):  40.6154     Q(Balmer C):  51.5776
           Q(1.0-1.8):  50.7340   Q(1.8-4.0):  50.3640   Q(4.0-20):  49.8799   Q(20--):  48.7166     Ion pht flx:6.798E+06
           L(gam ray):  39.0061   Q(gam ray):  45.4900   L(Infred):  40.8499   Alf(ox):  -1.5331     Total lumin:  41.2070
           log L/Lsun:   7.6240   Abs bol mg: -14.3174   Abs V mag: -11.8781   Bol cor:  -2.4394     nuFnu(Bbet):  40.4467
           U(1.0----):9.430E-02   U(4.0----):8.947E-03   T(En-Den):1.542E+00   T(Comp):2.661E+06     nuJnu(912A):2.516E-04
           Occ(FarIR):0.000E+00   Occ(H n=6):1.045E-14   Occ(1Ryd):1.161E-20   Occ(4R):1.703E-23     Occ (Nu-hi):0.000E+00
           Tbr(FarIR):0.000E+00   Tbr(H n=6):4.575E-11   Tbr(1Ryd):1.833E-15   Tbr(4R):1.078E-17     Tbr (Nu-hi):0.000E+00
  
                                                  Gas Phase Chemical Composition
        H :  0.0000  He: -1.0000  Li: -8.6904  Be:-10.5800  B : -9.2097  C : -3.6108  N : -4.0701  O : -3.3098  F : -7.5200
        Ne: -4.0000  Na: -5.6696  Mg: -4.4597  Al: -5.5302  Si: -4.4597  P : -6.4949  S : -4.7352  Cl: -6.7190  Ar: -5.6003
        K : -6.8794  Ca: -5.6402  Sc: -8.8297  Ti: -6.9788  V : -8.0000  Cr: -6.3298  Mn: -6.5406  Fe: -4.5498  Co: -7.0799
                                               Ni: -5.7496  Cu: -7.7905  Zn: -7.4001
 
 ####  1  Te:1.965E+04 Hden:2.403E-03 Ne:2.892E-03 R:3.226E+21 R-R0:6.325E+19 dR:1.265E+20 NTR: 10 Htot:4.847E-29 T912: 1.00e+08###
 Hydrogen      4.62e-05 1.00e+00 H+o/Hden 1.00e+00 2.40e-13 H-    H2 6.54e-19 2.20e-14 H2+ HeH+ 2.08e-15 Ho+ ColD 1.40e+13 3.04e+17
 Helium        9.62e-07 1.05e-02 9.90e-01 HeI 2s3S 2.78e-14 Comp H,C 4.21e-33 3.11e-35 Fill Fac 1.00e+00 Gam1/tot 1.00e+00
 He singlet n  9.62e-07 2.78e-21 3.33e-28 2.16e-27 2.61e-28 2.84e-27 He tripl 2.78e-14 2.32e-25 7.03e-27 5.20e-26 8.18e-27
 Pressure      NgasTgas 1.09e+02 P(total) 1.50e-14 P( gas ) 1.50e-14 P(Radtn) 0.00e+00 Rad accl 2.65e-12 ForceMul 1.91e+02
 Texc(La)      2.74e+03 T(I con) 1.50e+00 T(D con) 1.22e-01 T(U tot) 1.50e+00 nT (c+d) 3.91e+05 Prad/Gas 0.00e+00 Pmag/Gas 0.00e+00
 Molecules     CH/Ctot: 8.83e-24 CH+/Ctot 3.98e-19 CO/Ctot: 1.31e-33 CO+/Ctot 5.31e-29 H2O/Otot 5.90e-40 OH/Ototl 6.83e-25
 Lithium       2.75e-08 2.26e-03 1.97e-01 8.00e-01 Berylliu 3.17e-07 8.37e-05 1.14e-01 6.24e-01 2.62e-01 sec ion: 2.08e-19
 Boron         1.43e-08 2.24e-04 7.25e-03 5.83e-01 3.80e-01 2.91e-02
 Carbon        7.07e-10 2.00e-05 8.49e-03 8.05e-02 8.08e-01 1.01e-01 1.95e-03 H2O+/O   3.01e-40 OH+/Otot 8.72e-25 Hex(tot) 0.00e+00
 Nitrogen      1.54e-10 5.33e-06 5.66e-03 1.21e-01 2.92e-01 5.63e-01 1.89e-02 1.13e-04 O2/Ototl 9.51e-34 O2+/Otot 3.12e-34
 Oxygen        3.80e-11 1.95e-06 2.38e-03 1.20e-01 3.50e-01 3.43e-01 1.81e-01 1.97e-03 4.34e-06
 Fluorine      1.73e-11 1.23e-06 1.24e-03 8.51e-02 5.30e-01 3.33e-01 4.07e-02 9.93e-03 4.04e-05 0.00e+00
 Neon          8.87e-12 5.89e-07 1.04e-03 5.82e-02 4.50e-01 4.27e-01 5.72e-02 5.95e-03 5.78e-04 9.99e-07 0.00e+00
 Sodium        1.89e-12 2.02e-07 4.11e-04 5.04e-02 4.80e-01 3.64e-01 1.01e-01 4.93e-03 1.20e-04 1.13e-05 0.00e+00 0.00e+00
 Magnesium     4.78e-10 5.05e-08 1.08e-04 1.79e-02 2.62e-01 5.15e-01 1.87e-01 1.71e-02 1.09e-03 2.80e-05 1.20e-06 0.00e+00 0.00e+00
 Aluminium  0  2.08e-10 9.83e-07 1.96e-05 4.65e-03 1.24e-01 5.84e-01 2.47e-01 3.75e-02 2.79e-03 5.60e-05 0.00e+00 0.00e+00 0.00e+00
 Silicon    0  5.28e-11 1.32e-06 1.44e-04 1.55e-03 6.03e-02 3.56e-01 4.74e-01 1.06e-01 1.42e-03 2.10e-05 0.00e+00 0.00e+00 0.00e+00
 Phosphorus 0  9.61e-11 4.53e-06 4.44e-04 5.74e-03 3.29e-02 3.34e-01 4.68e-01 1.48e-01 1.03e-02 2.61e-04 1.15e-06 0.00e+00 0.00e+00
 Sulphur    0  1.03e-11 1.69e-06 9.84e-04 1.93e-02 5.01e-02 1.34e-01 4.71e-01 3.06e-01 1.91e-02 4.14e-04 5.89e-06 0.00e+00 0.00e+00
 Chlorine   0  2.15e-11 2.32e-06 1.40e-03 4.94e-02 1.87e-01 1.98e-01 1.77e-01 3.15e-01 6.95e-02 4.21e-03 4.04e-05 0.00e+00 0.00e+00
 Argon      0  5.21e-12 3.56e-07 1.08e-03 3.62e-02 3.42e-01 3.97e-01 7.82e-02 8.52e-02 5.54e-02 4.97e-03 1.26e-04 1.56e-06 0.00e+00
 Potassium  0  5.38e-12 1.49e-06 5.69e-04 1.82e-02 1.89e-01 6.12e-01 1.34e-01 3.06e-02 9.41e-03 5.57e-03 2.59e-04 2.84e-06 0.00e+00
 Calcium    0  4.98e-12 1.79e-07 3.56e-04 1.60e-02 1.23e-01 4.53e-01 3.55e-01 4.54e-02 4.36e-03 1.89e-03 4.49e-04 1.10e-05 0.00e+00
 Scandium   0  5.11e-14 3.06e-09 1.12e-05 1.57e-02 1.20e-01 3.93e-01 3.22e-01 1.42e-01 6.10e-03 6.29e-04 4.45e-05 2.96e-05 0.00e+00
 Titanium   0  4.85e-13 2.67e-08 5.33e-05 1.58e-02 1.33e-01 3.80e-01 3.00e-01 1.51e-01 1.96e-02 7.90e-04 4.19e-05 6.59e-06 1.59e-06
 Vanadium   0  2.07e-14 8.55e-10 4.09e-06 8.97e-04 3.59e-02 4.62e-01 3.25e-01 1.51e-01 2.16e-02 3.09e-03 2.73e-05 5.95e-06 0.00e+00
 Chromium   0  4.21e-15 4.03e-10 2.00e-06 5.21e-04 1.98e-02 2.05e-01 5.25e-01 2.16e-01 3.01e-02 4.36e-03 1.64e-04 4.09e-06 0.00e+00
 Manganese  0  2.19e-14 7.85e-10 2.28e-06 6.29e-04 2.96e-02 3.08e-01 5.47e-01 9.77e-02 1.50e-02 1.88e-03 7.58e-05 6.83e-06 0.00e+00
 Iron       0  1.90e-14 9.83e-11 3.67e-07 1.63e-04 9.19e-03 1.30e-01 5.38e-01 3.10e-01 1.28e-02 6.06e-04 9.37e-06 0.00e+00 0.00e+00
 Cobalt     0  1.65e-15 3.89e-11 2.58e-07 1.06e-04 8.30e-03 1.31e-01 3.60e-01 4.08e-01 8.32e-02 9.87e-03 3.41e-04 2.52e-05 1.02e-06
 Nickel     0  1.22e-15 2.93e-11 1.49e-07 5.68e-05 4.50e-03 1.02e-01 3.10e-01 4.42e-01 1.23e-01 1.81e-02 4.04e-04 3.47e-05 1.16e-06
 Copper     0  4.07e-16 1.67e-11 9.09e-08 3.40e-05 2.66e-03 6.22e-02 2.73e-01 4.68e-01 1.60e-01 3.37e-02 1.30e-03 1.76e-05 1.67e-06
 Zinc       0  1.71e-15 2.77e-11 7.25e-08 2.59e-05 2.02e-03 4.82e-02 2.16e-01 4.97e-01 1.85e-01 4.88e-02 2.42e-03 1.28e-04 3.76e-06
 ####384  Te:7.216E+01 Hden:3.159E-04 Ne:1.624E-06 R:3.162E+23 R-R0:3.130E+23 dR:1.203E+20 NTR:  8 Htot:4.076E-34 T912: 1.00e+08###
 Hydrogen      9.96e-01 4.09e-03 H+o/Hden 1.00e+00 1.01e-10 H-    H2 5.04e-07 6.00e-10 H2+ HeH+ 6.30e-09 Ho+ ColD 2.07e+20 1.13e+20
 Helium        9.93e-01 6.63e-03 8.72e-06 HeI 2s3S 4.50e-16 Comp H,C 2.43e-40 6.58e-45 Fill Fac 1.00e+00 Gam1/tot 1.15e-01
 He singlet n  9.93e-01 2.90e-23 1.10e-29 2.02e-29 7.62e-30 8.32e-29 He tripl 4.50e-16 4.20e-27 7.57e-29 7.56e-28 2.32e-28
 Pressure      NgasTgas 2.52e-02 P(total) 3.48e-18 P( gas ) 3.48e-18 P(Radtn) 0.00e+00 Rad accl 1.94e-15 ForceMul 3.21e+05
 Texc(La)      2.60e+03 T(I con) 1.44e-01 T(D con) 1.07e-01 T(U tot) 1.54e-01 nT (c+d) 6.06e+04 Prad/Gas 0.00e+00 Pmag/Gas 0.00e+00
 Molecules     CH/Ctot: 6.89e-10 CH+/Ctot 7.79e-09 CO/Ctot: 2.23e-08 CO+/Ctot 8.57e-11 H2O/Otot 3.12e-12 OH/Ototl 6.76e-08
 Lithium       3.97e-03 9.96e-01 2.62e-06 0.00e+00 Berylliu 7.73e-03 9.76e-01 1.66e-02 9.20e-05 0.00e+00 sec ion: 4.89e-20
 Boron         1.07e-03 9.90e-01 2.55e-04 8.66e-03 0.00e+00 0.00e+00
 Carbon        5.30e-03 9.92e-01 2.85e-03 1.21e-06 0.00e+00 0.00e+00 0.00e+00 H2O+/O   2.51e-14 OH+/Otot 4.31e-09 Hex(tot) 0.00e+00
 Nitrogen      9.96e-01 3.89e-03 3.10e-06 0.00e+00 0.00e+00 0.00e+00 0.00e+00 0.00e+00 O2/Ototl 4.75e-11 O2+/Otot 7.39e-13
 Oxygen        1.00e+00 2.48e-04 1.47e-06 0.00e+00 0.00e+00 0.00e+00 0.00e+00 0.00e+00 0.00e+00
 Fluorine      9.53e-01 4.41e-02 2.40e-03 0.00e+00 0.00e+00 0.00e+00 0.00e+00 0.00e+00 0.00e+00 0.00e+00
 Neon          9.24e-01 7.38e-02 1.69e-03 0.00e+00 0.00e+00 0.00e+00 0.00e+00 0.00e+00 0.00e+00 0.00e+00 0.00e+00
 Sodium        5.61e-02 9.25e-01 1.87e-02 0.00e+00 0.00e+00 0.00e+00 0.00e+00 0.00e+00 0.00e+00 0.00e+00 0.00e+00 0.00e+00
 Magnesium     1.51e-02 9.47e-01 3.75e-02 0.00e+00 0.00e+00 0.00e+00 0.00e+00 0.00e+00 0.00e+00 0.00e+00 0.00e+00 0.00e+00 0.00e+00
 Aluminium  0  2.70e-04 9.10e-01 6.15e-02 2.87e-02 1.06e-06 0.00e+00 0.00e+00 0.00e+00 0.00e+00 0.00e+00 0.00e+00 0.00e+00 0.00e+00
 Silicon    0  3.07e-03 9.97e-01 5.88e-06 4.35e-05 0.00e+00 0.00e+00 0.00e+00 0.00e+00 0.00e+00 0.00e+00 0.00e+00 0.00e+00 0.00e+00
 Phosphorus 0  1.96e-03 9.51e-01 4.72e-02 1.40e-04 0.00e+00 0.00e+00 0.00e+00 0.00e+00 0.00e+00 0.00e+00 0.00e+00 0.00e+00 0.00e+00
 Sulphur    0  6.93e-04 9.63e-01 3.63e-02 5.53e-06 0.00e+00 0.00e+00 0.00e+00 0.00e+00 0.00e+00 0.00e+00 0.00e+00 0.00e+00 0.00e+00
 Chlorine   0  2.97e-03 9.31e-01 6.64e-02 1.06e-05 0.00e+00 0.00e+00 0.00e+00 0.00e+00 0.00e+00 0.00e+00 0.00e+00 0.00e+00 0.00e+00
 Argon      0  6.98e-01 2.99e-01 2.98e-03 2.62e-06 0.00e+00 0.00e+00 0.00e+00 0.00e+00 0.00e+00 0.00e+00 0.00e+00 0.00e+00 0.00e+00
 Potassium  0  7.97e-03 9.19e-01 7.24e-02 1.46e-05 5.87e-04 0.00e+00 0.00e+00 0.00e+00 0.00e+00 0.00e+00 0.00e+00 0.00e+00 0.00e+00
 Calcium    0  9.57e-04 2.53e-01 7.43e-01 3.16e-03 1.98e-05 0.00e+00 0.00e+00 0.00e+00 0.00e+00 0.00e+00 0.00e+00 0.00e+00 0.00e+00
 Scandium   0  2.20e-03 7.11e-01 2.83e-01 2.82e-03 4.30e-04 0.00e+00 0.00e+00 0.00e+00 0.00e+00 0.00e+00 0.00e+00 0.00e+00 0.00e+00
 Titanium   0  1.74e-03 9.91e-01 6.88e-03 1.56e-05 3.40e-04 0.00e+00 0.00e+00 0.00e+00 0.00e+00 0.00e+00 0.00e+00 0.00e+00 0.00e+00
 Vanadium   0  1.13e-02 9.80e-01 8.96e-03 2.38e-06 2.00e-05 0.00e+00 0.00e+00 0.00e+00 0.00e+00 0.00e+00 0.00e+00 0.00e+00 0.00e+00
 Chromium   0  1.54e-03 9.98e-01 2.58e-04 1.42e-06 3.55e-06 0.00e+00 0.00e+00 0.00e+00 0.00e+00 0.00e+00 0.00e+00 0.00e+00 0.00e+00
 Manganese  0  4.44e-03 9.95e-01 8.24e-05 2.30e-06 9.31e-06 0.00e+00 0.00e+00 0.00e+00 0.00e+00 0.00e+00 0.00e+00 0.00e+00 0.00e+00
 Iron       0  1.70e-03 9.98e-01 1.84e-05 5.52e-05 1.81e-06 0.00e+00 0.00e+00 0.00e+00 0.00e+00 0.00e+00 0.00e+00 0.00e+00 0.00e+00
 Cobalt     0  3.39e-02 9.66e-01 4.47e-05 9.52e-06 5.11e-05 0.00e+00 0.00e+00 0.00e+00 0.00e+00 0.00e+00 0.00e+00 0.00e+00 0.00e+00
 Nickel     0  3.84e-03 9.96e-01 5.86e-05 1.36e-06 5.10e-06 0.00e+00 0.00e+00 0.00e+00 0.00e+00 0.00e+00 0.00e+00 0.00e+00 0.00e+00
 Copper     0  4.43e-03 7.71e-01 2.25e-01 2.69e-06 0.00e+00 0.00e+00 0.00e+00 0.00e+00 0.00e+00 0.00e+00 0.00e+00 0.00e+00 0.00e+00
 Zinc       0  1.39e-02 6.51e-01 2.16e-01 1.02e-01 1.66e-02 0.00e+00 0.00e+00 0.00e+00 0.00e+00 0.00e+00 0.00e+00 0.00e+00 0.00e+00
   CIV QSO  
   Calculation stopped because outer radius reached. Iteration 1 of 10
   The geometry is spherical.
 C-Continuum zero at some energies.
  !Background cosmic rays are not included - is this physical?  It affects the chemistry.
  !Ionization rate fell below background cosmic ray ionization rate.  Should this be added too?
  !   Use the COSMIC RAY BACKGROUND command.
  !Some input lines contained underscores, these were changed to spaces.
  !Suprathermal collisional ionization of H reached 90.31% of the local H ionization rate.
  !Charge transfer H => H+ reached 885.7% of the local H ionization rate.
  !Non-collisional excitation of [O III] 4363 reached 4.12% of the total.
  !AGE: Cloud age was not set.  Longest timescale was 5.71e+16 s = 1.81e+09 years.
  !The excitation temp of Lya exceeded the electron temp, largest value was 2.66e+03K (gas temp there was 2.34e+02K, zone 325)
  !Incident radiation field energy density is less than 2.7K.  Add background with CMB command.
  !The CMB was not included.  This is added with the CMB command.
  !The intensity of the incident radiation field is less than 10 times the Habing diffuse ISM field.  Is this OK?
  !   Consider adding diffuse ISM emission with TABLE ISM command.
   Te-ne bounds of Case B lookup table exceeded, H I Case B line intensities set to zero.
   Te-ne bounds of Case B lookup table exceeded, He II Case B line intensities set to zero.
   Charge transfer heating reached 1.20% of the local heating.
   The density is too low to l-mix the lowest H  I collapsed level.  More resolved levels are needed for accurate line ratios.
   The density is too low to l-mix the lowest He I collapsed level.  More resolved levels are needed for accurate line ratios.
   Grains were not present but might survive in this environment (energy density temperature was 1.54e+00K)
   Cloud thicker than smallest Jeans length=1.33e+22cm; stability problems? (smallest Jeans mass=9.25e+05Mo)
   Is an outer radius of 3.16e+23 reasonable?

                       *********************************> Cloudy 17.03 <**********************************
                       * title CIV QSO                                                                   *
                       * set punch prefix "CIV_QSO"                                                      *
                       * radius = 21.500 23.500                                                          *
                       * iterate to convergence                                                          *
                       * sphere                                                                          *
                       * init "dlaw_HI_exp.ini"                                                          *
                       * table SED "QSO.sed"                                                             *
                       * no line transfer                                                                *
                       * nuL(nu) = 40.5 at 1 Ryd                                                         *
                       * stop temperature off                                                            *
                       * metals 1.0                                                                      *
                       * save last radius ".rad"                                                         *
                       * save last continuum ".cont"                                                     *
                       * save last physical conditions ".phy"                                            *
                       * save last overview ".ovr"                                                       *
                       * save last heating ".heat"                                                       *
                       * save last cooling ".cool"                                                       *
                       * save last optical depth ".opd"                                                  *
                       * save last element hydrogen ".ele_H"                                             *
                       * save last element helium ".ele_He"                                              *
                       * save last element carbon ".ele_C"                                               *
                       * save last element nitrogen ".ele_N"                                             *
                       * save last element oxygen ".ele_O"                                               *
                       * save last element argon ".ele_Ar"                                               *
                       * save last element neon ".ele_Ne"                                                *
                       * save last element sulphur ".ele_S"                                              *
                       * save last element chlorin ".ele_Cl"                                             *
                       * save last element iron ".ele_Fe"                                                *
                       * save last element silicon ".ele_Si"                                             *
                       * save last lines emissivity  ".emis"                                             *
                       * H  1  1215.67A                                                                  *
                       * H  1  1025.72A                                                                  *
                       * H  1  4861.33A                                                                  *
                       * H  1  6562.81A                                                                  *
                       * O  6  1031.91A                                                                  *
                       * O  6  1037.62A                                                                  *
                       * He 2  949.31A                                                                   *
                       * He 2  972.108A                                                                  *
                       * He 2  1025.27A                                                                  *
                       * He 2  1640.43A                                                                  *
                       * He 2  4859A                                                                     *
                       * He 2  4339A                                                                     *
                       * He 2  6527A                                                                     *
                       * He 2  6560A                                                                     *
                       * C  4  1550.78                                                                   *
                       * O  3  5006.84A                                                                  *
                       * N  5  1238.82                                                                   *
                       * N  5  1242.80                                                                   *
                       * c  4  1548.19                                                                   *
                       * c  4  1550.78                                                                   *
                       * mg 2  2795.53                                                                   *
                       * mg 2  2802.71                                                                   *
                       * end of lines                                                                    *
                       *********************************> Log(U): -1.03 <*********************************
                       >>>>>>>>>> Cautions are present.

                     Emission Line Spectrum.  Special Density Lw Model.  Closed geometry.  Iteration 1 of 10.
                                    Luminosity (erg/s) emitted by a shell with full coverage.


                                                   Intrinsic line intensities
general properties.............................      Ca B                8664.98A   36.542    0.0128      Ar 3                21.8253m   36.748    0.0205
Inci                      0    41.207  590.4819      Ca B                8598.35A   36.445    0.0102      Ar 4                4711.26A   36.356    0.0083
TotH                      0    40.248   64.9629      Ca B                8545.34A   36.355    0.0083      Ar 4                4740.12A   36.204    0.0059
TotC                      0    40.248   64.9503      Ca B                8502.44A   36.271    0.0068      Ar 5                6435.12A   35.568    0.0014
BFH1                      0    40.047   40.8323      Ca B                8467.21A   36.193    0.0057      Ar 5                7005.83A   35.900    0.0029
BFHe                      0    39.744   20.3560      Ca B                8437.91A   36.119    0.0048      Ar 5                7.89971m   36.529    0.0124
TotM                      0    38.950    3.2655      Ca B                8413.28A   36.049    0.0041      Ar 5                13.0985m   36.767    0.0214
CT H                      0    38.140    0.5060      Ca B                8392.35A   35.982    0.0035      Ar 6                4.52800m   36.014    0.0038
H FB                      0    38.874    2.7439      Ca B                8374.43A   35.919    0.0030      C  1                9824.13A   36.026    0.0039
HFBc                      0    38.874    2.7439      Ca B                8358.96A   35.860    0.0027      C  1                9850.26A   36.502    0.0116
H  1c                     0    38.269    0.6809      Ca B                8345.51A   35.803    0.0023      C  1                370.269m   36.030    0.0039
Al 3c                     0    36.065    0.0043      Ca B                8333.74A   35.748    0.0021      C  1                609.590m   35.962    0.0034
Al 6c                     0    36.289    0.0071      Ca B                1.81740m   36.735    0.0199      C  2                1334.53A   35.833    0.0025
Ar 2c                     0    37.198    0.0579      Ca B                1.73620m   36.593    0.0144      C  2                1335.71A   35.568    0.0014
Ar 3c                     0    38.224    0.6136      Ca B                1.68064m   36.466    0.0107      C  2                2323.50A   36.601    0.0146
Ar 4c                     0    36.629    0.0156      Ca B                1.64071m   36.350    0.0082      C  2                2324.69A   36.945    0.0323
Ar 5c                     0    37.018    0.0382      Ca B                1.61092m   36.245    0.0064      C  2                2325.40A   37.244    0.0643
Ar 6c                     0    36.014    0.0038      Ca B                1.58804m   36.147    0.0051      C  2                2326.93A   37.383    0.0885
C  1c                     0    36.795    0.0228      Ca B                1.57006m   36.057    0.0042      C  2                2328.12A   36.998    0.0365
C  2c                     0    38.962    3.3568      Ca B                1.55563m   35.972    0.0034      C  2                157.636m   38.929    3.1160
C  3c                     0    37.664    0.1692      Ca B                1.54388m   35.893    0.0029      C  3                1908.73A   37.263    0.0671
Ca 4c                     0    36.980    0.0350      Ca B                1.53417m   35.818    0.0024      C  3                1906.68A   37.441    0.1011
Co 2c                     0    36.762    0.0212      Ca B                1.52604m   35.748    0.0021      Ca 4                3.20610m   36.980    0.0350
Co 3c                     0    36.041    0.0040      Ca B                1.51917m   35.681    0.0018      Co 2                10.5199m   35.974    0.0035
Cr 2c                     0    36.847    0.0258      Ca B                1.51331m   35.618    0.0015      Co 2                2.98382m   36.447    0.0103
Fe 2c                     0    39.442   10.1437      Ca B                1.50827m   35.558    0.0013      Co 2                1.01879m   35.604    0.0015
Fe 3c                     0    38.358    0.8360      Ca B                1.50389m   35.500    0.0012      Co 3                11.8845m   35.732    0.0020
Fe 7c                     0    37.095    0.0456      Ca B                1.50008m   35.445    0.0010      Cr 2                8000.08A   36.338    0.0080
K  3c                     0    36.547    0.0129      Ca B                3.03835m   36.366    0.0085      Cr 2                8125.30A   36.271    0.0068
K  4c                     0    35.599    0.0015      Ca B                2.87219m   36.238    0.0063      Cr 2                8229.67A   36.179    0.0055
Mg 1c                     0    37.307    0.0743      Ca B                2.75749m   36.121    0.0048      Cr 2                8308.49A   35.992    0.0036
Mn 2c                     0    36.609    0.0149      Ca B                2.67438m   36.014    0.0038      Cr 2                8357.64A   35.699    0.0018
N  1c                     0    37.454    0.1043      Ca B                2.61191m   35.916    0.0030      Fe 2                25.9811m   38.401    0.9240
N  5c                     0    35.860    0.0027      Ca B                2.56361m   35.825    0.0025      Fe 2                5.33881m   38.839    2.5319
Ne 2c                     0    37.929    0.3112      Ca B                2.52538m   35.740    0.0020      Fe 2                4.11394m   35.885    0.0028
Ne 3c                     0    38.740    2.0160      Ca B                2.49455m   35.660    0.0017      Fe 2                1.25668m   38.708    1.8733
O  1c                     0    38.305    0.7400      Ca B                2.46929m   35.585    0.0014      Fe 2                4416.27A   36.632    0.0157
O  2c                     0    39.047    4.0807      Ca B                2.44831m   35.515    0.0012      Fe 2                4382.74A   35.519    0.0012
O  3c                     0    39.513   11.9502      Ca B                2.43068m   35.448    0.0010      Fe 2                4287.39A   36.866    0.0269
O  5c                     0    35.954    0.0033      Ca B                12.3684m   36.649    0.0164      Fe 2                2599.40A   37.776    0.2188
P  2c                     0    37.651    0.1641      Ca B                7.50038m   36.482    0.0111      Fe 2                2585.88A   36.840    0.0254
P  3c                     0    36.489    0.0113      Ca B                5.90655m   36.322    0.0077      Fe 2                2382.04A   37.728    0.1958
S  2c                     0    38.904    2.9366      Ca B                5.12722m   36.178    0.0055      Fe 2                2373.74A   36.032    0.0039
S  3c                     0    39.197    5.7757      Ca B                4.67119m   36.048    0.0041      Fe 2                2343.50A   37.116    0.0479
Si 2c                     0    39.121    4.8489      Ca B                4.37522m   35.931    0.0031      Fe 2                35.3394m   37.709    0.1875
Si 3c                     0    37.315    0.0757      Ca B                4.16962m   35.823    0.0024      Fe 2                1.32055m   38.131    0.4956
Si 4c                     0    36.217    0.0060      Ca B                4.01974m   35.724    0.0019      Fe 2                1.24854m   36.330    0.0078
Si 7c                     0    35.710    0.0019      Ca B                3.90645m   35.633    0.0016      Fe 2                7637.54A   37.017    0.0381
Al 2c                     0    37.152    0.0520      Ca B                3.81838m   35.547    0.0013      Fe 2                4889.62A   36.510    0.0119
Al 5c                     0    36.145    0.0051      Ca B                3.74834m   35.467    0.0011      Fe 2                4492.63A   35.751    0.0021
C  4c                     0    37.249    0.0650      Ca B                19.0565m   36.291    0.0072      Fe 2                4457.94A   36.207    0.0059
Ca 2c                     0    38.195    0.5747      Ca B                11.3055m   36.153    0.0052      Fe 2                4359.33A   36.731    0.0197
Ca 5c                     0    36.495    0.0115      Ca B                8.75760m   36.012    0.0038      Fe 2                2625.67A   36.911    0.0299
Cl 2c                     0    36.940    0.0319      Ca B                7.50599m   35.884    0.0028      Fe 2                2611.87A   36.976    0.0347
Cl 3c                     0    36.707    0.0187      Ca B                6.77008m   35.766    0.0021      Fe 2                2598.37A   36.214    0.0060
Cl 4c                     0    36.571    0.0137      Ca B                6.29014m   35.658    0.0017      Fe 2                2395.63A   36.894    0.0287
Fe 4c                     0    37.632    0.1572      Ca B                5.95517m   35.559    0.0013      Fe 2                2388.63A   35.531    0.0012
Fe 5c                     0    37.847    0.2579      Ca B                5.70985m   35.467    0.0011      Fe 2                2364.83A   36.633    0.0157
Fe 6c                     0    37.797    0.2295      Ca B                27.7955m   35.975    0.0035      Fe 2                51.2865m   37.091    0.0452
Mg 2c                     0    38.553    1.3090      Ca B                16.2045m   35.859    0.0027      Fe 2                5.67249m   36.057    0.0042
Mg 4c                     0    37.231    0.0625      Ca B                12.3837m   35.735    0.0020      Fe 2                4.60647m   35.551    0.0013
Mg 5c                     0    36.990    0.0358      Ca B                10.5005m   35.619    0.0015      Fe 2                1.37182m   37.907    0.2958
Mg 7c                     0    35.500    0.0012      Ca B                9.38937m   35.512    0.0012      Fe 2                1.29427m   36.998    0.0365
N  2c                     0    38.954    3.2955      Ca B                38.8589m   35.691    0.0018      Fe 2                7686.94A   36.756    0.0209
N  3c                     0    38.398    0.9164      Ca B                22.3342m   35.594    0.0014      Fe 2                4728.07A   36.007    0.0037
N  4c                     0    36.236    0.0063      Ca B                16.8759m   35.484    0.0011      Fe 2                4514.90A   35.573    0.0014
Na 3c                     0    36.921    0.0306      H  1                2431.34A   39.257    6.6280      Fe 2                4488.75A   35.720    0.0019
Na 4c                     0    36.391    0.0090      H  1                1215.67A   40.007   37.2551      Fe 2                4413.78A   36.577    0.0138
Ne 4c                     0    37.082    0.0443      H  1                1025.72A   39.324    7.7237      Fe 2                2631.32A   36.661    0.0168
Ne 5c                     0    38.034    0.3968      H  1                972.537A   38.911    2.9895      Fe 2                2617.62A   35.725    0.0019
Ne 6c                     0    36.728    0.0196      H  1                949.743A   38.607    1.4816      Fe 2                2607.09A   35.944    0.0032
Ni 2c                     0    38.090    0.4510      H  1                937.804A   38.363    0.8462      Fe 2                2404.89A   35.843    0.0026
O  4c                     0    38.594    1.4392      H  1                930.748A   38.160    0.5304      Fe 2                2380.76A   36.356    0.0083
O  6c                     0    35.699    0.0018      H  1                926.226A   37.986    0.3549      Fe 2                87.3582m   36.318    0.0076
S  4c                     0    38.390    0.8994      H  1                923.150A   37.832    0.2492      Fe 2                4.43368m   35.549    0.0013
Si 6c                     0    36.150    0.0052      H  1                920.963A   37.695    0.1818      Fe 2                1.32778m   36.752    0.0207
continua.......................................      H  1                919.351A   38.085    0.4464      Fe 2                1.27878m   36.644    0.0161
Bac                 3646.00A   40.006   37.1477      H  1                918.129A   37.990    0.3585      Fe 2                1.25214m   35.588    0.0014
nFnu                3645.00A   40.045   40.6708      H  1                917.181A   37.903    0.2929      Fe 2                7665.30A   35.480    0.0011
nFnu                3647.00A   38.983    3.5231      H  1                916.429A   37.821    0.2430      Fe 2                4452.10A   36.380    0.0088
cout                3646.00A   40.006   37.1477      H  1                915.824A   37.746    0.2043      Fe 2                2631.05A   35.955    0.0033
thin                3646.00A   40.006   37.1562      H  1                915.329A   37.676    0.1739      Fe 2                2613.82A   35.595    0.0014
Inci                4860.00A   40.447  102.5781      H  1                914.919A   37.611    0.1498      Fe 2                1.29777m   36.280    0.0070
Inci                1215.00A   40.936  316.4823      H  1                914.576A   37.552    0.1306      Fe 2                1.27035m   36.300    0.0073
Ba C                      0    39.129    4.9324      H  1                914.286A   37.497    0.1153      Fe 2                7874.25A   35.899    0.0029
PA C                      0    38.721    1.9274      H  1                914.039A   37.449    0.1031      Fe 2                4474.90A   36.067    0.0043
FIR                 83.0000m   39.842   25.4832      H  1                913.826A   37.409    0.0939      Fe 2                2628.29A   35.608    0.0015
TIR                 1800.00m   36.636    0.0159      H  1                913.641A   37.380    0.0879      Fe 2                17.9314m   37.805    0.2339
NIRa                2.85000m   40.811  237.0285      H  1                913.480A   37.371    0.0862      Fe 2                1.64355m   38.636    1.5844
NIRb                3.00000m   40.385   88.9774      H  1                913.339A   37.415    0.0954      Fe 2                1.53347m   37.053    0.0414
MIRa                15.0000m   40.444  101.9459      H  1                913.215A   38.232    0.6255      Fe 2                8616.95A   37.595    0.1444
MIRb                22.5000m   40.546  128.8643      H  1                6562.81A   38.865    2.6862      Fe 2                5273.35A   36.625    0.0155
NMIR                21.7500m   40.811  237.0285      H  1                4861.33A   38.436    1.0000      Fe 2                5158.78A   37.263    0.0672
TFIR                611.250m   38.957    3.3216      H  1                4340.46A   38.116    0.4791      Fe 2                5111.63A   36.309    0.0075
TALL                10000.0A   41.200  581.3654      H  1                4101.73A   37.865    0.2685      Fe 2                4814.53A   36.632    0.0157
F12                 12.0000m   39.989   35.7499      H  1                3970.07A   37.657    0.1666      Fe 2                4774.72A   35.932    0.0031
F25                 25.0000m   39.809   23.6335      H  1                3889.05A   37.481    0.1109      Fe 2                4243.97A   36.631    0.0157
F60                 60.0000m   39.670   17.1623      H  1                3835.38A   37.327    0.0778      Fe 2                4177.20A   35.682    0.0018
F100                100.000m   39.089    4.4982      H  1                3797.89A   37.190    0.0568      Fe 2                3376.20A   35.999    0.0037
MIPS                24.0000m   39.560   13.3128      H  1                3770.63A   37.222    0.0611      Fe 2                2360.00A   35.511    0.0012
MIPS                70.0000m   39.053    4.1398      H  1                3750.15A   37.127    0.0491      Fe 2                2348.12A   35.497    0.0012
MIPS                160.000m   38.914    3.0097      H  1                3734.36A   37.039    0.0401      Fe 2                24.5120m   37.070    0.0431
IRAC                3.60000m   39.576   13.8101      H  1                3721.93A   36.958    0.0333      Fe 2                1.80939m   37.933    0.3140
IRAC                4.50000m   39.614   15.0702      H  1                3711.97A   36.883    0.0280      Fe 2                1.67688m   36.914    0.0301
IRAC                5.80000m   39.706   18.6427      H  1                3703.85A   36.813    0.0238      Fe 2                1.59947m   36.705    0.0186
IRAC                8.00000m   39.809   23.6103      H  1                3697.15A   36.749    0.0205      Fe 2                9051.95A   36.937    0.0317
SPR1                250.000m   36.305    0.0074      H  1                3691.55A   36.689    0.0179      Fe 2                8891.91A   37.113    0.0476
SPR2                350.000m   36.413    0.0095      H  1                3686.83A   36.635    0.0158      Fe 2                5433.13A   36.110    0.0047
SPR3                500.000m   36.137    0.0050      H  1                3682.80A   36.587    0.0141      Fe 2                5261.62A   36.821    0.0243
PAC1                70.0000m   39.109    4.7168      H  1                3679.35A   36.546    0.0129      Fe 2                5220.06A   35.848    0.0026
PAC2                100.000m   39.095    4.5601      H  1                3676.36A   36.517    0.0121      Fe 2                5158.00A   35.897    0.0029
PAC3                160.000m   38.915    3.0168      H  1                3673.75A   36.509    0.0118      Fe 2                4947.37A   35.781    0.0022
PAH                 3.30000m   38.719    1.9180      H  1                3671.47A   36.553    0.0131      Fe 2                4905.34A   36.158    0.0053
PAHC                3.23000m   38.439    1.0071      H  1                3669.46A   37.370    0.0859      Fe 2                4874.48A   35.853    0.0026
PAHC                3.37000m   38.410    0.9415      H  1                1.87510m   38.046    0.4077      Fe 2                4346.85A   35.968    0.0034
PAH                 6.20000m   39.162    5.3187      H  1                1.28180m   37.753    0.2074      Fe 2                4276.83A   36.282    0.0070
PAHC                5.65000m   39.201    5.8194      H  1                1.09380m   37.502    0.1165      Fe 2                4244.81A   35.477    0.0011
PAH                 7.90000m   39.350    8.2090      H  1                1.00493m   37.293    0.0719      Fe 2                3452.31A   35.470    0.0011
PAHC                6.90000m   39.420    9.6415      H  1                9545.93A   37.114    0.0476      Fe 2                3440.99A   35.524    0.0012
PAH                 11.3000m   38.761    2.1166      H  1                9228.97A   36.958    0.0333      Fe 2                35.7670m   36.225    0.0061
PAHC                10.9000m   38.784    2.2284      H  1                9014.87A   36.819    0.0242      Fe 2                1.80002m   36.742    0.0202
PAH                 11.8000m   38.978    3.4841      H  1                8862.74A   36.706    0.0186      Fe 2                1.71113m   36.123    0.0049
PAHC                12.6500m   38.985    3.5412      H  1                8750.43A   36.612    0.0150      Fe 2                1.66377m   36.260    0.0067
PAH                 13.3000m   38.978    3.4813      H  1                8664.98A   36.525    0.0123      Fe 2                9399.04A   36.160    0.0053
PAHC                14.1000m   38.964    3.3747      H  1                8598.35A   36.444    0.0102      Fe 2                9226.62A   36.857    0.0264
Bcon                3640.00A   40.780  221.0853      H  1                8545.34A   36.369    0.0086      Fe 2                9033.50A   35.731    0.0020
Pcon                5000.00A   40.299   72.9734      H  1                8502.44A   36.299    0.0073      Fe 2                5333.65A   36.233    0.0063
O3bn                5007.00A   39.194    5.7301      H  1                8467.21A   36.235    0.0063      Fe 2                5268.87A   35.701    0.0018
SX                  25.0000A   39.545   12.8580      H  1                8437.91A   36.175    0.0055      Fe 2                5005.51A   35.720    0.0019
HX                  4.70000A   39.305    7.3923      H  1                8413.28A   36.121    0.0048      Fe 2                4973.39A   35.752    0.0021
HFFc                      0    38.722    1.9348      H  1                8392.35A   36.073    0.0043      Fe 2                4950.74A   35.468    0.0011
H FF                      0    38.660    1.6777      H  1                8374.43A   36.032    0.0040      Fe 2                4352.78A   35.937    0.0032
HeFF                      0    37.826    0.2454      H  1                8358.96A   36.003    0.0037      Fe 2                4319.62A   35.748    0.0021
MeFB                      0    36.818    0.0241      H  1                8345.51A   35.995    0.0036      Fe 2                1.79710m   36.350    0.0082
MeFF                      0    36.192    0.0057      H  1                8333.74A   36.039    0.0040      Fe 2                1.74494m   35.951    0.0033
ToFF                      0    38.721    1.9288      H  1                8323.38A   36.856    0.0263      Fe 2                9470.94A   36.291    0.0072
nFnu                9993.08m   35.462    0.0011      H  1                4.05113m   37.417    0.0957      Fe 2                9267.56A   35.837    0.0025
nFnu                6917.22m   35.600    0.0015      H  1                2.62513m   37.206    0.0589      Fe 2                5376.45A   35.490    0.0011
nFnu                122.400m   37.062    0.0423      H  1                2.16551m   37.004    0.0370      Fe 2                5043.52A   35.467    0.0011
nFnu                60.8322m   37.309    0.0746      H  1                1.94454m   36.827    0.0246      Fe 2                5020.23A   35.481    0.0011
nInu                60.8322m   39.685   17.7634      H  1                1.81740m   36.671    0.0172      Fe 2                4372.43A   35.453    0.0010
nFnu                41.2152m   37.461    0.1059      H  1                1.73620m   36.533    0.0125      Fe 2                22.8960m   35.828    0.0025
nInu                41.2152m   39.909   29.6997      H  1                1.68064m   36.337    0.0080      Fe 2                1.81139m   36.140    0.0051
nFnu                30.8695m   37.564    0.1343      H  1                1.64071m   36.243    0.0064      Fe 2                1.74842m   35.871    0.0027
nInu                30.8695m   40.021   38.4513      H  1                1.61092m   36.156    0.0053      Fe 2                2755.74A   36.340    0.0080
nFnu                24.7829m   37.643    0.1611      H  1                1.58804m   36.076    0.0044      Fe 2                2739.55A   36.037    0.0040
nInu                24.7829m   40.080   44.0774      H  1                1.57006m   36.001    0.0037      Fe 3                22.9190m   37.982    0.3517
nFnu                24.2998m   37.650    0.1636      H  1                1.55563m   35.931    0.0031      Fe 3                4924.66A   35.939    0.0032
nInu                24.2998m   40.089   44.9677      H  1                1.54388m   35.867    0.0027      Fe 3                4881.12A   36.824    0.0245
nFnu                22.8302m   37.674    0.1729      H  1                1.53417m   35.808    0.0024      Fe 3                4658.01A   37.485    0.1119
nInu                22.8302m   40.106   46.7787      H  1                1.52604m   35.754    0.0021      Fe 3                4607.11A   36.227    0.0062
nFnu                21.4199m   37.694    0.1813      H  1                1.51917m   35.706    0.0019      Fe 3                33.0270m   37.428    0.0983
nInu                21.4199m   40.120   48.2834      H  1                1.51331m   35.665    0.0017      Fe 3                5270.40A   37.411    0.0945
nFnu                21.1235m   37.700    0.1836      H  1                1.50827m   35.636    0.0016      Fe 3                4987.33A   36.059    0.0042
nInu                21.1235m   40.123   48.6875      H  1                1.50389m   35.628    0.0016      Fe 3                4754.64A   36.747    0.0205
nFnu                19.6199m   37.729    0.1963      H  1                1.50008m   35.672    0.0017      Fe 3                4701.62A   36.993    0.0361
nInu                19.6199m   40.129   49.3561      H  1                1.49672m   36.489    0.0113      Fe 3                4666.94A   35.839    0.0025
nFnu                17.6534m   37.769    0.2152      H  1                7.45777m   36.898    0.0290      Fe 3                51.6655m   36.830    0.0248
nInu                17.6534m   40.152   51.9727      H  1                4.65247m   36.744    0.0203      Fe 3                5011.16A   36.600    0.0146
nFnu                17.3700m   37.774    0.2178      H  1                3.73951m   36.579    0.0139      Fe 3                4769.52A   36.518    0.0121
nInu                17.3700m   40.155   52.4078      H  1                3.29607m   36.428    0.0098      Fe 3                4733.84A   36.393    0.0091
nFnu                15.6901m   37.807    0.2349      H  1                3.03835m   36.291    0.0072      Fe 3                105.345m   35.885    0.0028
nInu                15.6901m   40.168   53.9299      H  1                2.87219m   36.048    0.0041      Fe 3                5411.98A   36.367    0.0085
nFnu                14.6036m   37.837    0.2517      H  1                2.75749m   35.955    0.0033      Fe 3                4930.44A   35.639    0.0016
nInu                14.6036m   40.183   55.8507      H  1                2.67438m   35.868    0.0027      Fe 3                4777.61A   36.070    0.0043
nFnu                12.4300m   37.900    0.2910      H  1                2.61191m   35.788    0.0023      Fe 3                5084.66A   35.830    0.0025
nInu                12.4300m   40.198   57.8753      H  1                2.56361m   35.714    0.0019      Fe 3                40.1336m   35.769    0.0022
nFnu                11.4000m   37.926    0.3093      H  1                2.52538m   35.645    0.0016      Fe 7                9.50763m   36.718    0.0192
nInu                11.4000m   40.207   59.0621      H  1                2.49455m   35.580    0.0014      Fe 7                5720.71A   36.022    0.0039
nFnu                10.4600m   37.965    0.3385      H  1                2.46929m   35.521    0.0012      Fe 7                4988.55A   35.817    0.0024
nInu                10.4600m   40.217   60.4135      H  1                2.44831m   35.467    0.0011      Fe 7                4893.37A   35.549    0.0013
nFnu                9.48002m   37.994    0.3614      H  1                2.37371m   36.203    0.0059      Fe 7                7.81037m   36.184    0.0056
nInu                9.48002m   40.227   61.8211      H  1                12.3684m   36.456    0.0105      Fe 7                6086.97A   36.196    0.0058
nFnu                9.32488m   37.999    0.3656      H  1                7.50038m   36.342    0.0081      Fe 7                5158.89A   35.682    0.0018
nInu                9.32488m   40.231   62.3353      H  1                5.90655m   36.206    0.0059      Fe 7                3586.32A   35.669    0.0017
nFnu                8.21035m   38.052    0.4131      H  1                5.12722m   36.076    0.0044      Fe 7                3758.92A   35.823    0.0024
nInu                8.21035m   40.237   63.2609      H  1                4.67119m   35.810    0.0024      K  3                4.61683m   36.547    0.0129
nFnu                7.58000m   38.075    0.4353      H  1                4.37522m   35.717    0.0019      K  4                5.98030m   35.599    0.0015
nInu                7.58000m   40.245   64.5071      H  1                4.16962m   35.632    0.0016      Mg 1                2852.13A   36.664    0.0169
nFnu                7.05026m   38.118    0.4814      H  1                4.01974m   35.552    0.0013      Mg 1                4562.60A   37.035    0.0397
nInu                7.05026m   40.247   64.7347      H  1                3.90645m   35.478    0.0011      Mg 1                4571.10A   36.605    0.0148
nFnu                4.11370m   38.326    0.7772      H  1                3.48198m   35.969    0.0034      Mg 1                4575.29A   35.670    0.0017
nInu                4.11370m   40.245   64.4907      H  1                19.0565m   36.072    0.0043      Mn 2                2576.10A   36.228    0.0062
nFnu                2.32440m   38.492    1.1393      H  1                11.3055m   35.986    0.0036      Mn 2                2593.72A   36.138    0.0050
nInu                2.32440m   40.162   53.1785      H  1                8.75760m   35.873    0.0027      Mn 2                2605.68A   35.998    0.0036
nFnu                1.64313m   38.630    1.5653      H  1                7.50599m   35.605    0.0015      N  1                5197.90A   37.044    0.0405
nInu                1.64313m   40.006   37.1933      H  1                6.77008m   35.515    0.0012      N  1                5200.26A   37.220    0.0608
nFnu                1.48022m   38.630    1.5651      H  1                4.84633m   35.770    0.0022      N  1                1.03977m   35.478    0.0011
nInu                1.48022m   39.974   34.5166      H  1                27.7955m   35.734    0.0020      N  5                1238.82A   35.681    0.0018
nFnu                1.43649m   38.875    2.7478      H  1                16.2045m   35.669    0.0017      Ne 2                12.8101m   37.929    0.3112
nInu                1.43649m   39.967   34.0025      H  1                6.49914m   35.597    0.0015      Ne 3                15.5509m   38.573    1.3729
nFnu                1.11867m   38.819    2.4191      H  1                8.48253m   35.445    0.0010      Ne 3                3868.76A   38.035    0.3973
nInu                1.11867m   39.961   33.4983      Ca A                234.347A   37.721    0.1929      Ne 3                36.0036m   37.530    0.1242
nFnu                8329.68A   38.764    2.1297      Ca A                232.584A   37.521    0.1218      Ne 3                3967.47A   37.517    0.1206
nInu                8329.68A   40.025   38.8540      Ca A                231.454A   37.351    0.0822      O  1                5577.34A   36.054    0.0042
nFnu                8078.61A   39.243    6.4090      Ca A                230.686A   37.202    0.0584      O  1                6300.30A   37.828    0.2468
nInu                8078.61A   40.028   39.1134      Ca A                230.139A   37.070    0.0430      O  1                6363.78A   37.333    0.0788
nFnu                6209.66A   39.102    4.6372      Ca A                229.736A   36.950    0.0327      O  1                63.1679m   38.014    0.3784
nInu                6209.66A   40.090   45.0632      Ca A                229.431A   36.842    0.0255      O  1                145.495m   36.930    0.0312
nFnu                4885.36A   38.993    3.6069      Ca A                229.194A   36.742    0.0202      O  2                2470.22A   36.286    0.0071
nInu                4885.36A   40.351   82.2196      Ca A                229.006A   36.649    0.0163      O  2                2470.34A   36.856    0.0263
nFnu                3704.34A   38.907    2.9614      Ca A                228.855A   36.563    0.0134      O  2                7318.92A   36.203    0.0058
nInu                3704.34A   40.267   67.8104      Ca A                228.731A   36.482    0.0111      O  2                7319.99A   36.663    0.0169
nFnu                3587.67A   39.918   30.3462      Ca A                228.629A   36.407    0.0094      O  2                7329.67A   36.425    0.0098
nInu                3587.67A   40.284   70.4250      Ca A                228.543A   36.335    0.0079      O  2                7330.73A   36.394    0.0091
nFnu                2430.05A   39.421    9.6549      Ca A                228.471A   36.268    0.0068      O  2                3728.81A   38.817    2.4066
nInu                2430.05A   40.406   93.3852      Ca A                228.409A   36.203    0.0059      O  2                3726.03A   38.640    1.5991
nFnu                2392.03A   39.405    9.3104      Ca A                228.356A   36.142    0.0051      O  3                88.3323m   39.015    3.7914
nInu                2392.03A   40.392   90.4081      Ca A                228.309A   36.084    0.0044      O  3                51.8004m   38.747    2.0472
nFnu                2071.34A   39.331    7.8653      Ca A                228.269A   36.028    0.0039      O  3                4958.91A   38.619    1.5254
nInu                2071.34A   40.409   93.9811      Ca A                228.234A   35.975    0.0035      O  3                5006.84A   39.094    4.5513
nFnu                2052.68A   39.361    8.4167      Ca A                992.360A   37.091    0.0452      O  3                2320.95A   36.066    0.0043
nInu                2052.68A   40.399   91.9510      Ca A                972.108A   36.911    0.0299      O  3                4363.21A   36.666    0.0170
nFnu                1793.44A   39.403    9.2640      Ca A                958.694A   36.755    0.0209      O  3                1660.81A   35.956    0.0033
nInu                1793.44A   40.426   97.8760      Ca A                949.324A   36.618    0.0152      O  3                1666.15A   36.423    0.0097
nFnu                1585.12A   39.412    9.4738      Ca A                942.508A   36.495    0.0115      O  5                1218.34A   35.558    0.0013
nInu                1585.12A   40.496  114.9961      Ca A                937.389A   36.384    0.0089      O  5                1213.81A   35.724    0.0019
nFnu                1458.33A   39.410    9.4302      Ca A                933.444A   36.282    0.0070      P  2                60.6263m   37.097    0.0458
nInu                1458.33A   40.437  100.3030      Ca A                930.337A   36.188    0.0057      P  2                32.8620m   36.906    0.0295
nFnu                1356.96A   39.367    8.5322      Ca A                927.846A   36.100    0.0046      P  2                1.14682m   36.809    0.0236
nInu                1356.96A   40.472  108.6774      Ca A                925.817A   36.019    0.0038      P  2                1.18828m   37.232    0.0626
nFnu                1297.29A   39.259    6.6599      Ca A                924.142A   35.942    0.0032      P  2                7875.99A   35.711    0.0019
nInu                1297.29A   40.500  115.8907      Ca A                922.743A   35.870    0.0027      P  3                17.8797m   36.489    0.0113
nFnu                1262.79A   39.095    4.5662      Ca A                921.562A   35.802    0.0023      S  2                6730.82A   38.488    1.1289
nInu                1262.79A   40.584  140.7710      Ca A                920.556A   35.737    0.0020      S  2                6716.44A   38.652    1.6437
nFnu                1218.08A   38.060    0.4212      Ca A                919.693A   35.675    0.0017      S  2                4076.35A   36.813    0.0238
nInu                1218.08A   40.930  311.9608      Ca A                918.945A   35.616    0.0015      S  2                4068.60A   37.302    0.0734
nFnu                1196.33A   38.075    0.4362      Ca A                918.295A   35.560    0.0013      S  2                1.03364m   36.674    0.0173
nInu                1196.33A   40.773  217.2393      Ca A                917.724A   35.507    0.0012      S  2                1.02867m   36.675    0.0174
nFnu                1175.06A   38.082    0.4433      Ca A                2385.35A   36.633    0.0157      S  2                1.03705m   36.353    0.0083
nInu                1175.06A   40.615  151.1236      Ca A                2306.15A   36.469    0.0108      S  2                1.03205m   36.809    0.0236
nFnu                1143.64A   38.097    0.4587      Ca A                2252.64A   36.326    0.0078      S  3                33.4704m   38.774    2.1775
nInu                1143.64A   40.529  123.8198      Ca A                2214.62A   36.199    0.0058      S  3                18.7078m   38.501    1.1610
nFnu                1113.22A   38.114    0.4767      Ca A                2186.56A   36.084    0.0044      S  3                9068.62A   38.269    0.6804
nInu                1113.22A   40.519  121.1745      Ca A                2165.20A   35.979    0.0035      S  3                9530.62A   38.669    1.7091
nFnu                1103.23A   38.119    0.4816      Ca A                2148.55A   35.883    0.0028      S  3                3721.63A   36.624    0.0154
nInu                1103.23A   40.507  117.7686      Ca A                2135.31A   35.793    0.0023      S  3                6312.06A   36.897    0.0289
nFnu                1073.86A   38.158    0.5271      Ca A                2124.58A   35.710    0.0019      S  3                1728.94A   35.729    0.0020
nInu                1073.86A   40.529  123.8482      Ca A                2115.78A   35.632    0.0016      Si 2                34.8046m   39.108    4.7020
nFnu                1064.34A   38.162    0.5320      Ca A                2108.46A   35.559    0.0013      Si 2                2334.41A   36.522    0.0122
nInu                1064.34A   40.532  124.9236      Ca A                2102.30A   35.489    0.0011      Si 2                2328.52A   35.903    0.0029
nFnu                1035.92A   38.176    0.5497      Ca A                4541.46A   36.269    0.0068      Si 2                1808.01A   36.500    0.0116
nInu                1035.92A   40.600  145.9936      Ca A                4338.55A   36.120    0.0048      Si 2                2350.17A   36.646    0.0162
nFnu                1000.00A   38.200    0.5812      Ca A                4199.71A   35.988    0.0036      Si 2                2344.20A   37.052    0.0413
nInu                1000.00A   40.535  125.6913      Ca A                4099.92A   35.869    0.0027      Si 2                2334.60A   36.940    0.0320
nFnu                925.144A   38.258    0.6640      Ca A                4025.48A   35.761    0.0021      Si 2                1817.45A   36.215    0.0060
nInu                925.144A   40.503  116.6405      Ca A                3968.32A   35.663    0.0017      Si 2                1816.93A   36.754    0.0208
RRC............................................      Ca A                3923.37A   35.571    0.0014      Si 2                1533.43A   35.650    0.0016
H  1                911.753A   39.819   24.1518      Ca A                3887.33A   35.486    0.0011      Si 3                1892.03A   36.911    0.0299
H  1                3645.98A   38.683    1.7673      Ca A                7592.50A   35.958    0.0033      Si 3                1882.71A   37.085    0.0446
H  1                3645.98A   39.045    4.0620      Ca A                7177.28A   35.821    0.0024      Si 3                1206.50A   35.490    0.0011
H  1                8203.53A   37.937    0.3168      Ca A                6890.67A   35.699    0.0018      Si 4                1393.75A   36.032    0.0039
H  1                8203.53A   38.347    0.8145      Ca A                6682.98A   35.589    0.0014      Si 4                1402.77A   35.757    0.0021
H  1                8203.53A   38.267    0.6781      Ca A                6526.88A   35.488    0.0011      Si 7                2.48071m   35.613    0.0015
H  1                1.45841m   37.441    0.1011      Ca A                3.09074m   36.387    0.0089      Al 2                2669.15A   36.715    0.0190
H  1                1.45841m   37.858    0.2643      Ca A                1.87427m   36.173    0.0055      Al 2                2660.35A   36.898    0.0290
H  1                1.45841m   37.886    0.2821      Ca A                1.47599m   35.985    0.0035      Al 2                1670.79A   36.035    0.0040
H  1                1.45841m   37.570    0.1363      Ca A                1.28124m   35.824    0.0024      Al 5                2.90450m   36.145    0.0051
H  1                2.27876m   37.076    0.0437      Ca A                1.16728m   35.683    0.0018      C  4                1550.78A   36.776    0.0219
H  1                2.27876m   37.493    0.1141      Ca A                1.09332m   35.557    0.0013      C  4                1548.19A   37.071    0.0432
H  1                2.27876m   37.554    0.1313      Ca A                1.04194m   35.444    0.0010      Ca 2                7323.89A   37.649    0.1634
H  1                2.27876m   37.385    0.0891      Ca A                4.76203m   36.049    0.0041      Ca 2                7291.47A   37.816    0.2402
H  1                2.27876m   36.914    0.0301      Ca A                2.82513m   35.872    0.0027      Ca 2                3968.47A   37.184    0.0559
H  1                3.28142m   36.791    0.0226      Ca A                2.18843m   35.707    0.0019      Ca 2                8662.14A   35.686    0.0018
H  1                3.28142m   37.206    0.0589      Ca A                1.87567m   35.562    0.0013      Ca 2                3933.66A   37.475    0.1095
H  1                3.28142m   37.279    0.0698      Ca A                6.94582m   35.747    0.0020      Ca 2                8542.09A   35.942    0.0032
H  1                3.28142m   37.165    0.0536      Ca A                4.04934m   35.599    0.0015      Ca 5                4.15739m   36.304    0.0074
H  1                3.28142m   36.867    0.0270      Ca A                3.09455m   35.454    0.0010      Ca 5                5309.11A   35.901    0.0029
H  1                3.28142m   36.289    0.0071      Ca A                9.71043m   35.475    0.0011      Cl 2                14.3639m   36.513    0.0119
H  1                4.46637m   36.557    0.0132      Ca B                992.360A   37.234    0.0629      Cl 2                8578.70A   36.609    0.0149
H  1                4.46637m   36.971    0.0343      Ca B                972.108A   37.054    0.0415      Cl 2                9123.60A   36.024    0.0039
H  1                4.46637m   37.049    0.0411      Ca B                958.694A   36.898    0.0290      Cl 3                5537.87A   36.294    0.0072
H  1                4.46637m   36.960    0.0335      Ca B                949.324A   36.760    0.0211      Cl 3                5517.71A   36.452    0.0104
H  1                4.46637m   36.733    0.0198      Ca B                942.508A   36.637    0.0159      Cl 4                20.3197m   36.178    0.0055
H  1                4.46637m   36.347    0.0082      Ca B                937.389A   36.525    0.0123      Cl 4                11.7629m   36.076    0.0044
H  1                4.46637m   35.696    0.0018      Ca B                933.444A   36.423    0.0097      Cl 4                7530.54A   35.477    0.0011
H  1                5.83363m   36.360    0.0084      Ca B                930.337A   36.328    0.0078      Cl 4                8045.62A   35.841    0.0025
H  1                5.83363m   36.772    0.0217      Ca B                927.846A   36.240    0.0064      Fe 4                3095.77A   37.134    0.0499
H  1                5.83363m   36.853    0.0261      Ca B                925.817A   36.158    0.0053      Fe 4                3094.96A   36.917    0.0303
H  1                5.83363m   36.777    0.0219      Ca B                924.142A   36.081    0.0044      Fe 4                3094.53A   36.752    0.0207
H  1                5.83363m   36.585    0.0141      Ca B                922.743A   36.009    0.0037      Fe 4                2835.74A   36.876    0.0276
H  1                5.83363m   36.284    0.0070      Ca B                921.562A   35.940    0.0032      Fe 4                2829.36A   36.558    0.0133
H  1                5.83363m   35.839    0.0025      Ca B                920.556A   35.875    0.0028      Fe 4                2823.50A   36.356    0.0083
H  1                7.38319m   36.190    0.0057      Ca B                919.693A   35.813    0.0024      Fe 4                2567.61A   35.787    0.0022
H  1                7.38319m   36.601    0.0146      Ca B                918.945A   35.755    0.0021      Fe 5                70.3538m   37.108    0.0470
H  1                7.38319m   36.682    0.0176      Ca B                918.295A   35.698    0.0018      Fe 5                36.3273m   37.100    0.0461
H  1                7.38319m   36.614    0.0151      Ca B                917.724A   35.644    0.0016      Fe 5                25.9131m   36.995    0.0363
H  1                7.38319m   36.443    0.0102      Ca B                2385.35A   36.679    0.0175      Fe 5                20.8407m   36.729    0.0197
H  1                7.38319m   36.186    0.0056      Ca B                2306.15A   36.517    0.0121      Fe 5                4180.59A   36.128    0.0049
H  1                7.38319m   35.835    0.0025      Ca B                2252.64A   36.375    0.0087      Fe 5                4143.15A   36.363    0.0085
H  1                9.11505m   36.040    0.0040      Ca B                2214.62A   36.248    0.0065      Fe 5                4227.19A   37.072    0.0433
H  1                9.11505m   36.450    0.0103      Ca B                2186.56A   36.133    0.0050      Fe 5                4071.24A   36.352    0.0083
H  1                9.11505m   36.531    0.0125      Ca B                2165.20A   36.029    0.0039      Fe 5                3895.22A   35.930    0.0031
H  1                9.11505m   36.467    0.0108      Ca B                2148.55A   35.933    0.0031      Fe 5                3851.34A   35.702    0.0018
H  1                9.11505m   36.309    0.0075      Ca B                2135.31A   35.843    0.0026      Fe 5                3794.94A   36.291    0.0072
H  1                9.11505m   36.079    0.0044      Ca B                2124.58A   35.760    0.0021      Fe 5                3755.70A   36.009    0.0037
H  1                9.11505m   35.781    0.0022      Ca B                2115.78A   35.682    0.0018      Fe 5                3839.27A   36.300    0.0073
H  1                11.0292m   37.036    0.0398      Ca B                2108.46A   35.609    0.0015      Fe 5                3783.22A   35.888    0.0028
H  1                13.1257m   36.924    0.0308      Ca B                2102.30A   35.540    0.0013      Fe 5                3891.28A   36.047    0.0041
H  1                15.4044m   36.820    0.0242      Ca B                2097.07A   35.474    0.0011      Fe 5                3445.62A   35.551    0.0013
H  1                17.8655m   36.725    0.0194      Ca B                4541.46A   36.290    0.0071      Fe 5                3463.51A   35.552    0.0013
H  1                20.5089m   36.635    0.0158      Ca B                4338.55A   36.142    0.0051      Fe 5                2828.24A   35.452    0.0010
H  1                23.3345m   36.552    0.0131      Ca B                4199.71A   36.011    0.0038      Fe 6                19.5527m   37.284    0.0705
H  1                26.3425m   36.473    0.0109      Ca B                4099.92A   35.892    0.0029      Fe 6                5335.19A   36.278    0.0070
H  1                29.5328m   36.399    0.0092      Ca B                4025.48A   35.785    0.0022      Fe 6                5277.81A   35.816    0.0024
H  1                32.9053m   36.329    0.0078      Ca B                3968.32A   35.687    0.0018      Fe 6                3492.10A   35.518    0.0012
H  1                36.4602m   36.263    0.0067      Ca B                3923.37A   35.596    0.0014      Fe 6                14.7670m   37.109    0.0471
H  1                40.1974m   36.199    0.0058      Ca B                3887.33A   35.511    0.0012      Fe 6                5484.85A   36.024    0.0039
H  1                44.1168m   36.139    0.0050      Ca B                7592.50A   35.970    0.0034      Fe 6                5424.23A   36.147    0.0051
H  1                48.2186m   36.081    0.0044      Ca B                7177.28A   35.834    0.0025      Fe 6                4972.48A   36.528    0.0124
H  1                52.5027m   36.026    0.0039      Ca B                6890.67A   35.712    0.0019      Fe 6                3889.41A   35.476    0.0011
H  1                56.9691m   37.203    0.0585      Ca B                6682.98A   35.602    0.0015      Fe 6                3555.61A   35.827    0.0025
He 2                227.838A   39.122    4.8517      Ca B                6526.88A   35.501    0.0012      Fe 6                12.3074m   36.822    0.0243
He 2                911.351A   37.804    0.2333      Ca B                3.09074m   36.392    0.0090      Fe 6                5631.08A   36.167    0.0054
He 2                911.351A   38.218    0.6053      Ca B                1.87427m   36.178    0.0055      Fe 6                5426.65A   35.886    0.0028
He 2                2049.88A   37.137    0.0502      Ca B                1.47599m   35.991    0.0036      Fe 6                5145.76A   36.544    0.0128
He 2                2049.88A   37.604    0.1474      Ca B                1.28124m   35.831    0.0025      Fe 6                4967.15A   36.044    0.0041
He 2                2049.88A   37.617    0.1516      Ca B                1.16728m   35.690    0.0018      Fe 6                3662.50A   35.851    0.0026
He 2                3644.36A   36.592    0.0143      Ca B                1.09332m   35.565    0.0013      Fe 6                5676.96A   36.216    0.0060
He 2                3644.36A   37.070    0.0430      Ca B                1.04194m   35.452    0.0010      Fe 6                5176.05A   36.415    0.0095
He 2                3644.36A   37.197    0.0577      Ca B                4.76203m   36.054    0.0042      Fe 6                1.23303m   35.465    0.0011
He 2                3644.36A   36.990    0.0359      Ca B                2.82513m   35.876    0.0028      Fe 6                1.34929m   35.660    0.0017
He 2                5694.36A   36.185    0.0056      Ca B                2.18843m   35.712    0.0019      Mg 2                2802.71A   38.079    0.4399
He 2                5694.36A   36.664    0.0169      Ca B                1.87567m   35.567    0.0014      Mg 2                2795.53A   38.374    0.8683
He 2                5694.36A   36.828    0.0247      Ca B                1.69177m   35.439    0.0010      Mg 4                4.48712m   37.231    0.0625
He 2                5694.36A   36.776    0.0219      Ca B                6.94582m   35.752    0.0021      Mg 5                5.60700m   36.883    0.0280
He 2                5694.36A   36.412    0.0095      Ca B                4.04934m   35.603    0.0015      Mg 5                2782.76A   36.067    0.0043
He 2                8199.90A   35.864    0.0027      Ca B                3.09455m   35.458    0.0011      Mg 5                13.5464m   35.805    0.0023
He 2                8199.90A   36.341    0.0080      Ca B                9.71043m   35.480    0.0011      Mg 5                2928.09A   35.502    0.0012
He 2                8199.90A   36.520    0.0121      He 2                607.567A   38.592    1.4319      N  2                205.244m   37.884    0.2805
He 2                8199.90A   36.528    0.0124      He 2                303.784A   39.400    9.2120      N  2                121.767m   37.676    0.1738
He 2                8199.90A   36.344    0.0081      He 2                256.317A   38.721    1.9272      N  2                6548.05A   38.287    0.7105
He 2                8199.90A   35.859    0.0026      He 2                243.027A   38.297    0.7261      N  2                6583.45A   38.757    2.0944
He 2                1.11610m   35.600    0.0015      He 2                237.331A   37.990    0.3580      N  2                5754.61A   36.692    0.0180
He 2                1.11610m   36.076    0.0044      He 2                234.347A   37.748    0.2052      N  2                2139.01A   36.127    0.0049
He 2                1.11610m   36.262    0.0067      He 2                232.584A   37.548    0.1296      N  2                2142.78A   36.518    0.0121
He 2                1.11610m   36.299    0.0073      He 2                231.454A   37.377    0.0874      N  3                57.3238m   38.393    0.9056
He 2                1.11610m   36.190    0.0057      He 2                230.686A   37.228    0.0620      N  3                1748.65A   35.559    0.0013
He 2                1.11610m   35.903    0.0029      He 2                230.139A   37.095    0.0456      N  3                1753.99A   35.574    0.0014
He 2                1.45776m   35.853    0.0026      He 2                229.736A   37.647    0.1628      N  3                1752.16A   35.981    0.0035
He 2                1.45776m   36.042    0.0040      He 2                229.431A   37.561    0.1335      N  3                1749.67A   36.035    0.0040
He 2                1.45776m   36.094    0.0046      He 2                229.194A   37.482    0.1112      N  4                1486.50A   35.838    0.0025
He 2                1.45776m   36.025    0.0039      He 2                229.006A   37.408    0.0938      N  4                1483.32A   36.010    0.0037
He 2                1.45776m   35.826    0.0025      He 2                228.855A   37.339    0.0801      Na 3                7.31706m   36.921    0.0306
He 2                1.45776m   35.458    0.0011      He 2                228.731A   37.275    0.0691      Na 4                9.03098m   36.288    0.0071
He 2                1.84498m   35.661    0.0017      He 2                228.629A   37.216    0.0603      Na 4                3241.51A   35.447    0.0010
He 2                1.84498m   35.851    0.0026      He 2                228.543A   37.161    0.0532      Ne 4                2421.66A   36.676    0.0174
He 2                1.84498m   35.912    0.0030      He 2                228.471A   37.112    0.0474      Ne 4                2424.28A   36.851    0.0260
He 2                1.84498m   35.867    0.0027      He 2                228.409A   37.068    0.0429      Ne 5                24.2065m   37.748    0.2053
He 2                1.84498m   35.716    0.0019      He 2                228.356A   37.032    0.0395      Ne 5                14.3228m   37.654    0.1651
He 2                1.84498m   35.445    0.0010      He 2                228.309A   37.007    0.0373      Ne 5                3345.99A   36.274    0.0069
He 2                2.27776m   35.494    0.0011      He 2                228.269A   37.003    0.0370      Ne 5                3426.03A   36.721    0.0193
He 2                2.27776m   35.684    0.0018      He 2                228.234A   37.053    0.0414      Ne 6                7.64318m   36.727    0.0196
He 2                2.27776m   35.750    0.0021      He 2                228.203A   37.881    0.2788      Ni 2                1.19102m   37.841    0.2541
He 2                2.27776m   35.719    0.0019      He 2                1640.43A   38.366    0.8522      Ni 2                6.63416m   37.340    0.0802
He 2                2.27776m   35.598    0.0015      He 2                1215.13A   37.902    0.2928      Ni 2                1.07151m   36.214    0.0060
He 2                2.75608m   36.322    0.0077      He 2                1084.94A   37.568    0.1355      Ni 2                10.6793m   36.576    0.0138
He 2                3.27997m   36.210    0.0059      He 2                1025.27A   37.310    0.0749      Ni 2                1.16129m   35.691    0.0018
He 2                3.84941m   36.107    0.0047      He 2                992.360A   37.101    0.0462      Ni 2                12.7253m   36.154    0.0052
He 2                4.46440m   36.011    0.0038      He 2                972.108A   36.924    0.0308      Ni 2                7377.83A   36.970    0.0342
He 2                5.12495m   35.922    0.0031      He 2                958.694A   36.771    0.0217      Ni 2                8300.99A   35.674    0.0017
He 2                5.83106m   35.839    0.0025      He 2                949.324A   36.637    0.0159      Ni 2                1.93877m   36.263    0.0067
He 2                6.58272m   35.761    0.0021      He 2                942.508A   36.784    0.0223      Ni 2                6666.80A   36.097    0.0046
He 2                7.37993m   35.687    0.0018      He 2                937.389A   36.698    0.0183      Ni 2                7411.61A   36.315    0.0076
He 2                8.22270m   35.617    0.0015      He 2                933.444A   36.618    0.0152      Ni 2                4326.24A   36.073    0.0043
He 2                9.11102m   35.551    0.0013      He 2                930.337A   36.545    0.0129      Ni 2                4628.05A   35.651    0.0016
He 2                10.0449m   35.487    0.0011      He 2                927.846A   36.476    0.0110      Ni 2                7255.82A   35.718    0.0019
He 2                14.2360m   36.531    0.0124      He 2                925.817A   36.412    0.0095      Ni 2                4201.17A   35.888    0.0028
C  6                25.3032A   35.931    0.0031      He 2                924.142A   36.353    0.0083      Ni 2                7307.65A   35.540    0.0013
N  7                18.5870A   35.702    0.0018      He 2                922.743A   36.299    0.0073      Ni 2                4033.04A   35.619    0.0015
O  8                14.2280A   36.665    0.0170      He 2                921.562A   36.249    0.0065      Ni 2                4294.09A   35.498    0.0012
O  8                56.9275A   35.664    0.0017      He 2                920.556A   36.205    0.0059      Ni 2                6813.57A   35.476    0.0011
He 1                504.259A   39.078    4.3836      He 2                919.693A   36.169    0.0054      Ni 2                3993.06A   35.941    0.0032
He 1                2599.69A   37.600    0.1460      He 2                918.945A   36.145    0.0051      Ni 2                4248.80A   35.466    0.0011
He 1                3120.85A   37.093    0.0454      He 2                918.295A   36.141    0.0051      Ni 2                6365.10A   35.468    0.0011
He 1                3421.00A   37.124    0.0487      He 2                917.724A   36.190    0.0057      Ni 2                3438.88A   35.703    0.0019
He 1                3420.88A   37.601    0.1462      He 2                917.221A   37.019    0.0383      O  4                25.8832m   38.592    1.4328
He 1                3420.88A   37.823    0.2436      He 2                4685.64A   37.597    0.1451      O  4                1404.78A   35.775    0.0022
He 1                3678.70A   37.409    0.0940      He 2                3203.04A   37.276    0.0691      O  4                1401.16A   35.772    0.0022
He 1                6632.16A   36.671    0.0172      He 2                2733.24A   37.010    0.0375      O  6                1031.91A   35.516    0.0012
He 1                7435.20A   36.258    0.0066      He 2                2511.15A   36.792    0.0227      S  4                10.5076m   38.389    0.8983
He 1                7843.44A   37.331    0.0786      He 2                2385.35A   36.609    0.0149      Si 6                1.96247m   36.150    0.0052
He 1                8188.36A   37.143    0.0510      He 2                2306.15A   36.451    0.0104      level 1 lines..................................
He 1                8190.64A   36.655    0.0165      He 2                2252.64A   36.312    0.0075      recombination..................................
He 1                8261.30A   36.727    0.0196      He 2                2214.62A   36.268    0.0068      C  1                1.06950m   35.440    0.0010
He 1                1.24779m   36.102    0.0046      He 2                2186.56A   36.183    0.0056      C  1                1657.00A   36.410    0.0094
He 1                1.35647m   35.726    0.0020      He 2                2165.20A   36.104    0.0047      C  2                4267.00A   35.874    0.0027
He 1                1.40934m   36.820    0.0242      He 2                2148.55A   36.030    0.0039      C  2                1761.00A   35.758    0.0021
He 1                1.45602m   36.763    0.0212      He 2                2135.31A   35.962    0.0034      C  2                1335.00A   37.570    0.1361
He 1                1.45643m   36.271    0.0068      He 2                2124.58A   35.898    0.0029      C  3                1923.00A   35.468    0.0011
He 1                1.45759m   36.437    0.0100      He 2                2115.78A   35.839    0.0025      C  4                1549.00A   35.714    0.0019
He 1                1.45759m   35.960    0.0033      He 2                2108.46A   35.785    0.0022      N  2                1742.00A   35.862    0.0027
He 1                1.46631m   36.245    0.0064      He 2                2102.30A   35.735    0.0020      O  1                1357.00A   36.128    0.0049
He 1                2.01409m   35.700    0.0018      He 2                2097.07A   35.692    0.0018      O  2                4094.00A   35.505    0.0012
He 1                2.21672m   36.443    0.0102      He 2                2092.59A   35.656    0.0017      O  2                4075.00A   35.846    0.0026
He 1                2.27546m   36.430    0.0099      He 2                2088.73A   35.631    0.0016      O  2                4111.00A   35.539    0.0013
He 1                2.27605m   35.938    0.0032      He 2                2085.37A   35.627    0.0016      O  2                4651.00A   36.060    0.0042
He 1                2.27752m   36.251    0.0065      He 2                2082.42A   35.677    0.0017      O  2                4341.00A   35.782    0.0022
He 1                2.27752m   35.774    0.0022      He 2                2079.84A   36.505    0.0117      O  3                3265.00A   35.642    0.0016
He 1                2.27778m   35.785    0.0022      He 2                1.01233m   36.995    0.0362      C  1                1140.10A   36.009    0.0037
He 1                2.28864m   35.884    0.0028      He 2                6559.91A   36.766    0.0214      C  2                1167.50A   35.889    0.0028
He 1                3.20640m   36.149    0.0052      He 2                5411.37A   36.552    0.0131      C  2                1092.50A   36.497    0.0115
He 1                3.27715m   36.156    0.0052      He 2                4859.18A   36.367    0.0085      C  2                1036.80A   36.830    0.0248
He 1                3.27790m   35.660    0.0017      He 2                4541.46A   36.206    0.0059      C  2                946.100A   36.826    0.0246
He 1                3.27968m   36.029    0.0039      He 2                4338.55A   36.065    0.0043      C  2                799.800A   37.751    0.2068
He 1                3.27969m   35.552    0.0013      He 2                4199.71A   35.899    0.0029      C  3                2296.90A   35.962    0.0034
He 1                3.28001m   35.736    0.0020      He 2                4099.92A   35.814    0.0024      C  3                1828.00A   35.936    0.0032
He 1                3.29317m   35.597    0.0015      He 2                4025.48A   35.735    0.0020      C  3                1577.10A   35.992    0.0036
He 1                4.46460m   36.600    0.0146      He 2                3968.32A   35.662    0.0017      C  3                1247.40A   35.449    0.0010
He 1                5.83132m   36.429    0.0099      He 2                3923.37A   35.594    0.0014      C  3                1175.70A   36.141    0.0051
He 1                7.38026m   36.278    0.0070      He 2                3887.33A   35.531    0.0012      C  3                977.000A   36.474    0.0109
He 1                9.11143m   36.142    0.0051      He 2                3857.96A   35.472    0.0011      C  3                493.500A   35.709    0.0019
He 1                11.0248m   36.020    0.0038      He 2                3740.11A   36.138    0.0050      C  3                492.600A   35.575    0.0014
He 1                13.1205m   35.907    0.0030      He 2                1.86362m   36.490    0.0113      C  3                483.700A   35.548    0.0013
He 1                15.3983m   35.804    0.0023      He 2                1.16260m   36.326    0.0078      C  3                476.000A   35.696    0.0018
He 1                17.8584m   35.708    0.0019      He 2                9344.62A   36.153    0.0052      C  3                459.600A   36.607    0.0148
He 1                20.5007m   35.619    0.0015      He 2                8236.51A   35.995    0.0036      C  3                411.700A   36.593    0.0143
He 1                23.3253m   35.535    0.0013      He 2                7592.50A   35.855    0.0026      C  3                398.400A   36.411    0.0094
He 1                26.3321m   35.457    0.0010      He 2                7177.28A   35.610    0.0015      C  3                371.700A   35.726    0.0020
He 1                61.5933m   36.149    0.0052      He 2                6890.67A   35.526    0.0012      N  1                980.700A   35.948    0.0032
C  5                31.6244A   35.560    0.0013      He 2                6682.98A   35.448    0.0010      N  2                1085.10A   36.385    0.0089
O  7                16.7725A   36.283    0.0070      He 2                5931.63A   35.852    0.0026      N  2                916.300A   35.905    0.0029
Ne 9                10.3678A   35.977    0.0035      He 2                3.09074m   36.055    0.0042      N  2                646.400A   36.366    0.0085
C  1                1101.24A   35.815    0.0024      He 2                1.87427m   35.937    0.0032      N  3                991.000A   36.570    0.0136
C  2                508.611A   36.791    0.0227      He 2                1.47599m   35.796    0.0023      N  3                782.900A   35.571    0.0014
C  3                258.925A   35.454    0.0010      He 2                1.28124m   35.662    0.0017      N  3                764.000A   36.034    0.0040
N  1                853.401A   36.241    0.0064      He 2                8701.09A   35.618    0.0015      N  3                685.700A   35.767    0.0021
N  2                418.916A   36.067    0.0043      He 2                4.76203m   35.673    0.0017      N  3                472.300A   35.506    0.0012
N  3                261.326A   35.811    0.0024      He 2                2.82513m   35.588    0.0014      N  3                418.800A   36.082    0.0044
O  1                910.420A   35.717    0.0019      He 2                2.18843m   35.473    0.0011      N  3                411.300A   35.523    0.0012
O  2                353.073A   38.043    0.4047      He-like iso-sequence...........................      N  3                391.300A   35.604    0.0015
O  3                225.699A   36.369    0.0086      He 1                1202.81A   37.832    0.2492      N  3                387.400A   36.151    0.0052
O  4                160.185A   35.852    0.0026      He 1                584.334A   38.621    1.5332      N  3                374.400A   35.942    0.0032
Ne 2                302.733A   36.988    0.0357      He 1                537.030A   38.024    0.3878      N  3                348.700A   36.751    0.0207
Ne 3                195.397A   36.178    0.0055      He 1                522.213A   37.632    0.1571      N  3                340.200A   36.364    0.0085
Ne 4                127.676A   35.808    0.0024      He 1                515.617A   37.340    0.0802      N  3                323.300A   35.646    0.0016
S  2                531.501A   36.094    0.0046      He 1                512.099A   37.100    0.0462      N  3                311.600A   35.561    0.0013
Ar 2                448.785A   35.630    0.0016      He 1                625.563A   39.307    7.4385      O  1                7949.50A   35.650    0.0016
Fe 3                404.565A   35.689    0.0018      He 1                510.018A   37.804    0.2334      O  2                386.300A   37.142    0.0508
Fe 4                226.276A   36.463    0.0106      He 1                508.657A   37.663    0.1689      O  2                385.700A   36.959    0.0333
grains.........................................      He 1                507.727A   37.539    0.1267      O  3                834.500A   37.018    0.0382
H-like iso-sequence............................      He 1                507.065A   37.426    0.0978      O  3                703.400A   36.662    0.0168
Cool                1215.67A   38.053    0.4140      He 1                506.576A   37.325    0.0775      O  3                599.600A   36.139    0.0050
Crst                960.000A   37.862    0.2668      He 1                506.204A   37.231    0.0624      O  3                541.600A   36.252    0.0066
LA X                1215.67A   38.553    1.3088      He 1                505.916A   37.144    0.0511      O  3                374.100A   36.559    0.0133
CION                      0    35.511    0.0012      He 1                505.687A   37.064    0.0425      O  3                320.700A   36.553    0.0131
Q(H)                4861.33A   38.596    1.4457      He 1                505.502A   36.990    0.0358      O  3                300.500A   37.198    0.0578
Q(H)                1215.67A   40.145   51.1798      He 1                505.352A   36.921    0.0305      O  3                299.300A   36.781    0.0221
CaBo                4861.33A   38.630    1.5632      He 1                505.227A   36.856    0.0263      O  4                844.400A   35.455    0.0010
CaBo                1640.00A   38.588    1.4201      He 1                505.122A   36.797    0.0230      O  4                789.400A   36.750    0.0206
CaBo                4685.64A   37.777    0.2196      He 1                505.033A   36.742    0.0202      O  4                779.900A   36.175    0.0055
Ca A                937.804A   38.342    0.8058      He 1                504.958A   36.692    0.0181      O  4                617.000A   35.670    0.0017
Ca A                930.748A   38.140    0.5062      He 1                504.893A   36.648    0.0163      O  4                609.400A   35.806    0.0023
Ca A                926.226A   37.967    0.3396      He 1                504.836A   36.612    0.0150      O  4                554.400A   36.206    0.0059
Ca A                923.150A   37.815    0.2392      He 1                504.787A   36.588    0.0142      O  4                288.500A   35.624    0.0015
Ca A                920.963A   37.679    0.1750      He 1                504.744A   36.584    0.0141      O  4                276.100A   35.515    0.0012
Ca A                919.351A   37.556    0.1320      He 1                504.706A   36.634    0.0158      O  4                273.500A   35.468    0.0011
Ca A                918.129A   37.445    0.1021      He 1                504.672A   37.466    0.1073      O  4                267.000A   35.552    0.0013
Ca A                917.181A   37.342    0.0805      TOTL                1.08303m   37.917    0.3030      O  4                265.500A   36.506    0.0117
Ca A                916.429A   37.247    0.0647      He 1                1.08303m   37.917    0.3030      O  4                260.500A   36.178    0.0055
Ca A                915.824A   37.158    0.0528      He 1                3888.63A   37.648    0.1629      O  4                258.600A   35.553    0.0013
Ca A                915.329A   37.076    0.0437      He 1                3187.74A   37.259    0.0666      O  4                252.500A   35.595    0.0014
Ca A                914.919A   36.999    0.0366      He 1                2945.10A   36.946    0.0324      O  4                250.300A   35.607    0.0015
Ca A                914.576A   36.927    0.0310      He 1                2829.08A   36.692    0.0180      O  4                238.500A   35.625    0.0015
Ca A                914.286A   36.859    0.0265      He 1                2760.44A   35.980    0.0035      O  4                224.100A   36.142    0.0051
Ca A                914.039A   36.795    0.0228      He 1                2721.00A   35.850    0.0026      O  4                213.000A   35.794    0.0023
Ca A                913.826A   36.735    0.0199      He 1                2694.61A   35.732    0.0020      O  4                211.300A   35.789    0.0023
Ca A                913.641A   36.678    0.0175      He 1                2676.05A   35.624    0.0015      O  4                207.200A   35.863    0.0027
Ca A                913.480A   36.625    0.0155      He 1                2662.47A   35.518    0.0012      O  4                203.000A   35.474    0.0011
Ca A                913.339A   36.576    0.0138      He 1                2610.71A   35.676    0.0017      O  4                200.800A   36.818    0.0241
Ca A                3970.07A   37.650    0.1639      He 1                3355.42A   35.483    0.0011      O  4                196.400A   36.468    0.0108
Ca A                3889.05A   37.472    0.1088      He 1                7065.22A   36.922    0.0307      O  4                188.200A   35.551    0.0013
Ca A                3835.38A   37.317    0.0760      He 1                5875.64A   37.654    0.1651      O  4                182.800A   35.622    0.0015
Ca A                3797.89A   37.179    0.0553      He 1                4713.03A   36.246    0.0065      O  4                158.600A   36.470    0.0108
Ca A                3770.63A   37.055    0.0416      He 1                4471.49A   37.257    0.0662      level2 lines...................................
Ca A                3750.15A   36.942    0.0320      He 1                4120.82A   35.823    0.0024      Ti 2                3364.74A   36.493    0.0114
Ca A                3734.36A   36.838    0.0252      He 1                4026.20A   36.944    0.0322      Ti 2                3237.15A   36.240    0.0064
Ca A                3721.93A   36.742    0.0203      He 1                3867.48A   35.518    0.0012      Cr 2                2059.78A   35.731    0.0020
Ca A                3711.97A   36.653    0.0165      He 1                3819.61A   36.691    0.0180      hyperfine structure............................
Ca A                3703.85A   36.570    0.0136      He 1                3704.76A   36.605    0.0148      H  1                21.1207c   36.173    0.0055
Ca A                3697.15A   36.492    0.0114      He 1                3634.08A   36.464    0.0107      inner shell....................................
Ca A                3691.55A   36.418    0.0096      He 1                3587.16A   36.338    0.0080      C  4                527.592A   36.241    0.0064
Ca A                3686.83A   36.348    0.0082      He 1                3554.34A   36.225    0.0062      Mg 3                246.489A   36.830    0.0248
Ca A                3682.80A   36.282    0.0070      He 1                3530.43A   36.122    0.0049      Mg 3                247.968A   36.827    0.0246
Ca A                3679.35A   36.220    0.0061      He 1                3512.47A   36.028    0.0039      Al 4                165.312A   35.680    0.0018
Ca A                3676.36A   36.160    0.0053      He 1                3498.61A   35.941    0.0032      Al 4                166.199A   35.678    0.0017
Ca A                3673.75A   36.102    0.0046      He 1                3487.70A   35.861    0.0027      Si 4                720.838A   35.576    0.0014
Ca A                3671.47A   36.048    0.0041      He 1                3478.94A   35.787    0.0022      Si 4                720.838A   36.504    0.0117
Ca A                9545.93A   37.125    0.0489      He 1                3471.80A   35.718    0.0019      Si 5                120.490A   35.514    0.0012
Ca A                9228.97A   36.966    0.0339      He 1                3465.91A   35.653    0.0017      Si 5                119.791A   36.484    0.0112
Ca A                9014.87A   36.826    0.0245      He 1                3460.99A   35.594    0.0014      Si 5                120.490A   36.482    0.0111
Ca A                8862.74A   36.700    0.0184      He 1                3456.84A   35.539    0.0013      S  4                607.766A   35.507    0.0012
Ca A                8750.43A   36.585    0.0141      He 1                3453.30A   35.489    0.0011      S  4                1408.91A   35.509    0.0012
Ca A                8664.98A   36.480    0.0111      He 1                3450.26A   35.446    0.0010      S  5                1203.73A   35.658    0.0017
Ca A                8598.35A   36.384    0.0089      He 1                3439.99A   36.264    0.0067      Fe 6                167.773A   35.934    0.0031
Ca A                8545.34A   36.294    0.0072      He 1                7281.35A   36.183    0.0056      Fe 6                172.200A   35.923    0.0031
Ca A                8502.44A   36.210    0.0059      He 1                6678.15A   37.100    0.0462      Fe 7                172.440A   35.663    0.0017
Ca A                8467.21A   36.131    0.0050      He 1                5047.64A   35.741    0.0020      Fe 7                177.120A   35.651    0.0016
Ca A                8437.91A   36.057    0.0042      He 1                4921.93A   36.683    0.0177      molecules......................................
Ca A                8413.28A   35.987    0.0036      He 1                4387.93A   36.368    0.0086      H2 l                2.00000m   36.275    0.0069
Ca A                8392.35A   35.920    0.0031      He 1                4143.76A   36.117    0.0048      H2 v                      0    36.719    0.0192
Ca A                8374.43A   35.857    0.0026      He 1                4009.05A   35.969    0.0034      H-FB                      0    36.391    0.0090
Ca A                8358.96A   35.797    0.0023      He 1                3926.41A   35.825    0.0025      H-FF                      0    36.209    0.0059
Ca A                8345.51A   35.739    0.0020      He 1                3871.69A   35.698    0.0018      H-CT                6562.81A   36.356    0.0083
Ca A                8333.74A   35.684    0.0018      He 1                3833.48A   35.584    0.0014      H- H                      0    35.887    0.0028
Ca A                1.81740m   36.704    0.0185      He 1                3805.69A   35.481    0.0011      H2+                       0    36.011    0.0038
Ca A                1.73620m   36.561    0.0133      He 1                3700.80A   35.619    0.0015      HEH+                      0    35.450    0.0010
Ca A                1.68064m   36.433    0.0099      He 1                4.29459m   35.659    0.0017      blends.........................................
Ca A                1.64071m   36.317    0.0076      He 1                1.25274m   35.765    0.0021      Blnd                2798.00A   38.552    1.3082
Ca A                1.61092m   36.211    0.0060      He 1                9463.57A   35.689    0.0018      Blnd                6720.00A   38.879    2.7726
Ca A                1.58804m   36.114    0.0048      He 1                8361.73A   35.515    0.0012      Blnd                4074.00A   37.424    0.0972
Ca A                1.57006m   36.023    0.0039      He 1                1.70027m   36.106    0.0047      Blnd                1.03300m   37.315    0.0757
Ca A                1.55563m   35.938    0.0032      He 1                1.19692m   35.948    0.0033      Blnd                1720.00A   35.861    0.0027
Ca A                1.54388m   35.859    0.0026      He 1                1.03113m   35.751    0.0021      Blnd                3722.00A   36.630    0.0156
Ca A                1.53417m   35.784    0.0022      He 1                9515.06A   35.718    0.0019      Blnd                2665.00A   37.117    0.0480
Ca A                1.52604m   35.714    0.0019      He 1                9062.39A   35.592    0.0014      Blnd                1860.00A   36.065    0.0043
Ca A                1.51917m   35.647    0.0016      He 1                8776.14A   35.477    0.0011      Blnd                4725.00A   36.588    0.0142
Ca A                1.51331m   35.583    0.0014      He 1                1.95430m   35.530    0.0012      Blnd                2860.00A   35.484    0.0011
Ca A                1.50827m   35.522    0.0012      He 1                1.86854m   36.701    0.0184      Blnd                2335.00A   37.455    0.1046
Ca A                1.50389m   35.464    0.0011      He 1                1.27849m   36.390    0.0090      Blnd                1888.00A   37.308    0.0745
Ca A                3.03835m   36.347    0.0081      He 1                1.09130m   36.130    0.0049      Blnd                1397.00A   36.217    0.0060
Ca A                2.87219m   36.217    0.0060      He 1                1.00275m   35.789    0.0023      Blnd                2424.00A   37.073    0.0434
Ca A                2.75749m   36.100    0.0046      He 1                9526.01A   35.639    0.0016      Blnd                5525.00A   36.681    0.0176
Ca A                2.67438m   35.993    0.0036      He 1                9210.23A   35.507    0.0012      Blnd                8579.00A   36.164    0.0054
Ca A                2.61191m   35.895    0.0029      He 1                1.86972m   36.223    0.0061      Blnd                7306.00A   38.042    0.4036
Ca A                2.56361m   35.803    0.0023      He 1                1.27905m   35.912    0.0030      Blnd                3933.00A   37.654    0.1654
Ca A                2.52538m   35.718    0.0019      He 1                1.09171m   35.652    0.0016      Blnd                1657.00A   36.411    0.0094
Ca A                2.49455m   35.638    0.0016      He 1                1.90894m   35.648    0.0016      C 1R                1656.00A   36.410    0.0094
Ca A                2.46929m   35.563    0.0013      He 1                1.29684m   35.470    0.0011      Blnd                9850.00A   36.627    0.0155
Ca A                2.44831m   35.492    0.0011      He 1                4.03664m   35.643    0.0016      Blnd                2326.00A   37.809    0.2363
Ca A                12.3684m   36.638    0.0159      He 1                2.61850m   35.526    0.0012      Blnd                1335.00A   37.583    0.1404
Ca A                7.50038m   36.471    0.0108      He 1                4.04791m   35.957    0.0033      C 2R                1335.00A   37.570    0.1361
Ca A                5.90655m   36.309    0.0075      He 1                2.62338m   35.690    0.0018      Blnd                977.000A   36.510    0.0119
Ca A                5.12722m   36.164    0.0054      He 1                4.04793m   35.480    0.0011      C 3R                977.000A   36.474    0.0109
Ca A                4.67119m   36.034    0.0040      Ca B                2945.10A   36.969    0.0342      Blnd                1909.00A   37.681    0.1760
Ca A                4.37522m   35.916    0.0030      Ca B                3187.74A   37.288    0.0711      C 3R                1909.00A   36.320    0.0077
Ca A                4.16962m   35.808    0.0024      Ca B                3613.64A   36.389    0.0090      Blnd                1176.00A   36.141    0.0051
Ca A                4.01974m   35.709    0.0019      Ca B                3888.63A   37.688    0.1786      C 3R                1175.00A   36.141    0.0051
Ca A                3.90645m   35.617    0.0015      Ca B                3964.73A   36.698    0.0183      Blnd                1549.00A   37.274    0.0688
Ca A                3.81838m   35.531    0.0012      Ca B                4026.20A   37.034    0.0396      C 4R                1549.00A   35.714    0.0019
Ca A                3.74834m   35.451    0.0010      Ca B                4120.82A   35.905    0.0029      Blnd                5199.00A   37.443    0.1018
Ca A                19.0565m   36.281    0.0070      Ca B                4387.93A   36.459    0.0106      Blnd                1.04030m   35.821    0.0024
Ca A                11.3055m   36.143    0.0051      Ca B                4437.55A   35.534    0.0013      Blnd                5755.00A   36.697    0.0182
Ca A                8.75760m   36.002    0.0037      Ca B                4471.49A   37.362    0.0844      Blnd                1085.00A   36.389    0.0090
Ca A                7.50599m   35.873    0.0027      Ca B                4713.03A   36.323    0.0077      N 2R                1085.00A   36.385    0.0089
Ca A                6.77008m   35.755    0.0021      Ca B                4921.93A   36.795    0.0229      Blnd                2141.00A   36.666    0.0170
Ca A                6.29014m   35.647    0.0016      Ca B                5015.68A   37.101    0.0463      Blnd                1750.00A   36.465    0.0107
Ca A                5.95517m   35.547    0.0013      Ca B                5047.64A   35.916    0.0030      Blnd                990.000A   36.574    0.0137
Ca A                5.70985m   35.455    0.0010      Ca B                5875.64A   37.818    0.2409      N 3R                990.000A   36.570    0.0136
Ca A                27.7955m   35.964    0.0034      Ca B                6678.15A   37.273    0.0688      Blnd                1486.00A   36.233    0.0063
Ca A                16.2045m   35.850    0.0026      Ca B                7065.22A   36.987    0.0356      Blnd                1240.00A   35.860    0.0027
Ca A                12.3837m   35.726    0.0020      Ca B                7281.35A   36.479    0.0110      Blnd                6300.00A   37.949    0.3257
Ca A                10.5005m   35.610    0.0015      Ca B                9463.57A   35.712    0.0019      Blnd                2471.00A   36.983    0.0352
Ca A                9.38937m   35.502    0.0012      Ca B                1.08303m   38.006    0.3718      Blnd                3726.00A   38.640    1.5991
Ca A                38.8589m   35.680    0.0018      Ca B                1.19692m   36.037    0.0040      Blnd                3729.00A   38.817    2.4066
Ca A                22.3342m   35.585    0.0014      Ca B                1.25274m   35.793    0.0023      Blnd                7323.00A   36.815    0.0240
Ca A                16.8759m   35.475    0.0011      Ca B                1.27849m   36.573    0.0137      Blnd                7332.00A   36.734    0.0199
Ca B                3970.07A   37.811    0.2375      Ca B                1.27905m   36.096    0.0046      O 2R                7332.00A   35.454    0.0010
Ca B                3889.05A   37.631    0.1568      Ca B                1.29684m   35.561    0.0013      O 2R                7323.00A   35.535    0.0013
Ca B                3835.38A   37.474    0.1092      Ca B                1.70027m   36.212    0.0060      O 2H                3727.00A   36.785    0.0223
Ca B                3797.89A   37.335    0.0793      Ca B                1.86854m   36.956    0.0331      O 2R                3726.00A   36.253    0.0066
Ca B                3770.63A   37.210    0.0594      Ca B                1.86972m   36.478    0.0110      O 2R                3729.00A   36.430    0.0099
Ca B                3750.15A   37.096    0.0457      Ca B                1.90894m   35.761    0.0021      Blnd                3727.00A   39.043    4.0445
Ca B                3734.36A   36.991    0.0359      Ca B                1.95430m   35.559    0.0013      O 2R                2471.00A   35.702    0.0018
Ca B                3721.93A   36.895    0.0288      Ca B                2.05813m   37.175    0.0549      O 2H                7325.00A   36.176    0.0055
Ca B                3711.97A   36.805    0.0234      Ca B                2.11180m   35.506    0.0012      Blnd                7325.00A   37.078    0.0438
Ca B                3703.85A   36.721    0.0193      Ca B                2.16080m   35.499    0.0012      O 2R                4651.00A   36.060    0.0042
Ca B                3697.15A   36.643    0.0161      C  5                41.4721A   35.480    0.0011      Blnd                4341.00A   35.782    0.0022
Ca B                3691.55A   36.569    0.0136      Pho+                3889.00A   38.231    0.6246      O 2R                4341.00A   35.782    0.0022
Ca B                3686.83A   36.500    0.0116      extra Lyman....................................      Blnd                1666.00A   36.564    0.0134
Ca B                3682.80A   36.434    0.0100      database lines.................................      Blnd                5007.00A   39.219    6.0773
Ca B                3679.35A   36.371    0.0086      Al 3                1854.72A   35.884    0.0028      Blnd                4363.00A   36.684    0.0177
Ca B                3676.36A   36.312    0.0075      Al 3                1862.79A   35.598    0.0015      Blnd                835.000A   37.018    0.0382
Ca B                3673.75A   36.255    0.0066      Al 6                3.65932m   36.244    0.0064      O 3R                835.000A   37.018    0.0382
Ca B                3671.47A   36.202    0.0058      Ar 2                6.98337m   37.198    0.0579      Blnd                1402.00A   36.236    0.0063
Ca B                9545.93A   37.186    0.0562      Ar 3                3109.18A   35.802    0.0023      Blnd                789.000A   36.752    0.0207
Ca B                9228.97A   37.027    0.0391      Ar 3                5191.82A   35.466    0.0011      O 4R                789.000A   36.750    0.0206
Ca B                9014.87A   36.887    0.0283      Ar 3                7135.79A   37.794    0.2282      Blnd                1218.00A   35.950    0.0033
Ca B                8862.74A   36.761    0.0212      Ar 3                7751.11A   37.169    0.0542      Blnd                1035.00A   35.699    0.0018
Ca B                8750.43A   36.647    0.0163      Ar 3                8.98898m   37.923    0.3073

                                                    Emergent line intensities
 Caution: emergent intensities are not reliable on the first iteration.
general properties.............................      He 1                515.617A   36.778    0.0220      Fe 7                5720.71A   36.022    0.0039
continua.......................................      He 1                512.099A   36.544    0.0128      Fe 7                4988.55A   35.817    0.0024
FIR                 83.0000m   39.842   25.4835      He 1                625.563A   38.591    1.4283      Fe 7                4893.37A   35.549    0.0013
TIR                 1800.00m   36.636    0.0159      He 1                510.018A   37.249    0.0650      Fe 7                7.81037m   36.184    0.0056
NIRa                2.85000m   40.811  237.0314      He 1                508.657A   37.102    0.0464      Fe 7                6086.97A   36.196    0.0058
NIRb                3.00000m   40.385   88.9785      He 1                507.727A   36.974    0.0346      Fe 7                5158.89A   35.682    0.0018
MIRa                15.0000m   40.444  101.9472      He 1                507.065A   36.862    0.0267      Fe 7                3586.32A   35.669    0.0017
MIRb                22.5000m   40.546  128.8658      He 1                506.576A   36.758    0.0210      Fe 7                3758.92A   35.823    0.0024
NMIR                21.7500m   40.811  237.0314      He 1                506.204A   36.661    0.0168      K  3                4.61683m   36.547    0.0129
TFIR                611.250m   38.957    3.3216      He 1                505.916A   36.574    0.0137      K  4                5.98030m   35.599    0.0015
TALL                10000.0A   41.200  581.2667      He 1                505.687A   36.491    0.0114      Mg 1                2852.13A   36.664    0.0169
F12                 12.0000m   39.989   35.7503      He 1                505.502A   36.414    0.0095      Mg 1                4562.60A   37.035    0.0397
F25                 25.0000m   39.809   23.6337      He 1                505.352A   36.342    0.0081      Mg 1                4571.10A   36.605    0.0148
F60                 60.0000m   39.670   17.1625      He 1                505.227A   36.275    0.0069      Mg 1                4575.29A   35.670    0.0017
F100                100.000m   39.089    4.4982      He 1                505.122A   36.213    0.0060      Mn 2                2576.10A   36.228    0.0062
MIPS                24.0000m   39.560   13.3130      He 1                505.033A   36.155    0.0052      Mn 2                2593.72A   36.138    0.0050
MIPS                70.0000m   39.053    4.1398      He 1                504.958A   36.103    0.0046      Mn 2                2605.68A   35.998    0.0036
MIPS                160.000m   38.914    3.0098      He 1                504.893A   36.056    0.0042      N  1                5197.90A   37.044    0.0405
IRAC                3.60000m   39.576   13.8102      He 1                504.836A   36.016    0.0038      N  1                5200.26A   37.220    0.0608
IRAC                4.50000m   39.614   15.0704      He 1                504.787A   35.988    0.0036      N  1                1.03977m   35.478    0.0011
IRAC                5.80000m   39.706   18.6430      He 1                504.744A   35.980    0.0035      N  5                1238.82A   35.681    0.0018
IRAC                8.00000m   39.809   23.6106      He 1                504.706A   36.024    0.0039      Ne 2                12.8101m   37.929    0.3112
SPR1                250.000m   36.305    0.0074      He 1                504.672A   36.841    0.0254      Ne 3                15.5509m   38.573    1.3730
SPR2                350.000m   36.413    0.0095      He 1                1.08303m   37.917    0.3030      Ne 3                3868.76A   38.035    0.3973
SPR3                500.000m   36.137    0.0050      He 1                3888.63A   37.648    0.1629      Ne 3                36.0036m   37.530    0.1242
PAC1                70.0000m   39.109    4.7169      He 1                3187.74A   37.259    0.0666      Ne 3                3967.47A   37.517    0.1206
PAC2                100.000m   39.095    4.5601      He 1                2945.10A   36.946    0.0324      O  1                5577.34A   36.054    0.0042
PAC3                160.000m   38.915    3.0168      He 1                2829.08A   36.692    0.0180      O  1                6300.30A   37.828    0.2468
PAH                 3.30000m   38.719    1.9180      He 1                2760.44A   35.980    0.0035      O  1                6363.78A   37.332    0.0788
PAHC                3.23000m   38.439    1.0071      He 1                2721.00A   35.850    0.0026      O  1                63.1679m   38.014    0.3784
PAHC                3.37000m   38.410    0.9415      He 1                2694.61A   35.732    0.0020      O  1                145.495m   36.930    0.0312
PAH                 6.20000m   39.162    5.3187      He 1                2676.05A   35.624    0.0015      O  2                2470.22A   36.286    0.0071
PAHC                5.65000m   39.201    5.8195      He 1                2662.47A   35.518    0.0012      O  2                2470.34A   36.856    0.0263
PAH                 7.90000m   39.350    8.2091      He 1                2610.71A   35.676    0.0017      O  2                7318.92A   36.203    0.0058
PAHC                6.90000m   39.420    9.6416      He 1                3355.42A   35.483    0.0011      O  2                7319.99A   36.663    0.0169
PAH                 11.3000m   38.761    2.1166      He 1                7065.22A   36.922    0.0307      O  2                7329.67A   36.425    0.0098
PAHC                10.9000m   38.784    2.2285      He 1                5875.64A   37.654    0.1651      O  2                7330.73A   36.394    0.0091
PAH                 11.8000m   38.978    3.4841      He 1                4713.03A   36.246    0.0065      O  2                3728.81A   38.817    2.4066
PAHC                12.6500m   38.985    3.5412      He 1                4471.49A   37.257    0.0662      O  2                3726.03A   38.640    1.5991
PAH                 13.3000m   38.978    3.4814      He 1                4120.82A   35.823    0.0024      O  3                88.3323m   39.015    3.7914
PAHC                14.1000m   38.964    3.3747      He 1                4026.20A   36.944    0.0322      O  3                51.8004m   38.747    2.0472
Bcon                3640.00A   40.780  221.0700      He 1                3867.48A   35.518    0.0012      O  3                4958.91A   38.619    1.5255
Pcon                5000.00A   40.299   72.9635      He 1                3819.61A   36.691    0.0180      O  3                5006.84A   39.094    4.5513
O3bn                5007.00A   39.194    5.7294      He 1                3704.76A   36.605    0.0148      O  3                2320.95A   36.066    0.0043
SX                  25.0000A   39.473   10.8883      He 1                3634.08A   36.464    0.0107      O  3                4363.21A   36.666    0.0170
HX                  4.70000A   39.302    7.3432      He 1                3587.16A   36.338    0.0080      O  3                1660.81A   35.956    0.0033
RRC............................................      He 1                3554.34A   36.225    0.0062      O  3                1666.15A   36.423    0.0097
grains.........................................      He 1                3530.43A   36.122    0.0049      O  5                1218.34A   35.558    0.0013
H-like iso-sequence............................      He 1                3512.47A   36.028    0.0039      O  5                1213.81A   35.724    0.0019
H  1                1215.67A   40.007   37.2339      He 1                3498.61A   35.941    0.0032      P  2                60.6263m   37.097    0.0458
H  1                1025.72A   39.323    7.7172      He 1                3487.70A   35.861    0.0027      P  2                32.8620m   36.906    0.0295
H  1                972.537A   38.911    2.9871      He 1                3478.94A   35.787    0.0022      P  2                1.14682m   36.809    0.0236
H  1                949.743A   38.606    1.4805      He 1                3471.80A   35.718    0.0019      P  2                1.18828m   37.232    0.0626
H  1                937.804A   38.363    0.8455      He 1                3465.91A   35.653    0.0017      P  2                7875.99A   35.711    0.0019
H  1                930.748A   38.160    0.5300      He 1                3460.99A   35.594    0.0014      P  3                17.8797m   36.489    0.0113
H  1                926.226A   37.986    0.3546      He 1                3456.84A   35.539    0.0013      S  2                6730.82A   38.488    1.1288
H  1                923.150A   37.832    0.2491      He 1                3453.30A   35.489    0.0011      S  2                6716.44A   38.652    1.6436
H  1                920.963A   37.695    0.1816      He 1                3450.26A   35.446    0.0010      S  2                4076.35A   36.813    0.0238
H  1                919.351A   38.085    0.4460      He 1                3439.99A   36.264    0.0067      S  2                4068.60A   37.301    0.0734
H  1                918.129A   37.990    0.3582      He 1                7281.35A   36.183    0.0056      S  2                1.03364m   36.674    0.0173
H  1                917.181A   37.902    0.2927      He 1                6678.15A   37.100    0.0462      S  2                1.02867m   36.675    0.0174
H  1                916.429A   37.821    0.2428      He 1                5047.64A   35.741    0.0020      S  2                1.03705m   36.353    0.0083
H  1                915.824A   37.746    0.2041      He 1                4921.93A   36.683    0.0177      S  2                1.03205m   36.809    0.0236
H  1                915.329A   37.676    0.1738      He 1                4387.93A   36.368    0.0086      S  3                33.4704m   38.774    2.1775
H  1                914.919A   37.611    0.1497      He 1                4143.76A   36.117    0.0048      S  3                18.7078m   38.501    1.1610
H  1                914.576A   37.551    0.1305      He 1                4009.05A   35.969    0.0034      S  3                9068.62A   38.269    0.6804
H  1                914.286A   37.497    0.1151      He 1                3926.41A   35.825    0.0025      S  3                9530.62A   38.669    1.7091
H  1                914.039A   37.449    0.1030      He 1                3871.69A   35.698    0.0018      S  3                3721.63A   36.624    0.0154
H  1                913.826A   37.408    0.0939      He 1                3833.48A   35.584    0.0014      S  3                6312.06A   36.897    0.0289
H  1                913.641A   37.379    0.0878      He 1                3805.69A   35.481    0.0011      S  3                1728.94A   35.729    0.0020
H  1                913.480A   37.371    0.0861      He 1                3700.80A   35.619    0.0015      Si 2                34.8046m   39.108    4.7021
H  1                913.339A   37.415    0.0953      He 1                4.29459m   35.659    0.0017      Si 2                2334.41A   36.522    0.0122
H  1                913.215A   38.232    0.6248      He 1                1.25274m   35.765    0.0021      Si 2                2328.52A   35.903    0.0029
H  1                6562.81A   38.865    2.6862      He 1                9463.57A   35.689    0.0018      Si 2                1808.01A   36.500    0.0116
H  1                4861.33A   38.436    1.0000      He 1                8361.73A   35.515    0.0012      Si 2                2350.17A   36.646    0.0162
H  1                4340.46A   38.116    0.4791      He 1                1.70027m   36.106    0.0047      Si 2                2344.20A   37.052    0.0413
H  1                4101.73A   37.865    0.2685      He 1                1.19692m   35.948    0.0033      Si 2                2334.60A   36.940    0.0320
H  1                3970.07A   37.657    0.1666      He 1                1.03113m   35.751    0.0021      Si 2                1817.45A   36.215    0.0060
H  1                3889.05A   37.481    0.1109      He 1                9515.06A   35.718    0.0019      Si 2                1816.93A   36.754    0.0208
H  1                3835.38A   37.327    0.0778      He 1                9062.39A   35.592    0.0014      Si 2                1533.43A   35.650    0.0016
H  1                3797.89A   37.190    0.0568      He 1                8776.14A   35.477    0.0011      Si 3                1892.03A   36.911    0.0299
H  1                3770.63A   37.222    0.0611      He 1                1.95430m   35.530    0.0012      Si 3                1882.71A   37.085    0.0446
H  1                3750.15A   37.127    0.0491      He 1                1.86854m   36.701    0.0184      Si 3                1206.50A   35.490    0.0011
H  1                3734.36A   37.039    0.0401      He 1                1.27849m   36.390    0.0090      Si 4                1393.75A   36.032    0.0039
H  1                3721.93A   36.958    0.0333      He 1                1.09130m   36.130    0.0049      Si 4                1402.77A   35.757    0.0021
H  1                3711.97A   36.883    0.0280      He 1                1.00275m   35.789    0.0023      Si 7                2.48071m   35.613    0.0015
H  1                3703.85A   36.813    0.0238      He 1                9526.01A   35.639    0.0016      Al 2                2669.15A   36.715    0.0190
H  1                3697.15A   36.749    0.0205      He 1                9210.23A   35.507    0.0012      Al 2                2660.35A   36.898    0.0290
H  1                3691.55A   36.689    0.0179      He 1                1.86972m   36.223    0.0061      Al 2                1670.79A   36.035    0.0040
H  1                3686.83A   36.635    0.0158      He 1                1.27905m   35.912    0.0030      Al 5                2.90450m   36.145    0.0051
H  1                3682.80A   36.587    0.0141      He 1                1.09171m   35.652    0.0016      C  4                1550.78A   36.776    0.0219
H  1                3679.35A   36.546    0.0129      He 1                1.90894m   35.648    0.0016      C  4                1548.19A   37.071    0.0432
H  1                3676.36A   36.517    0.0121      He 1                1.29684m   35.470    0.0011      Ca 2                7323.89A   37.649    0.1634
H  1                3673.75A   36.509    0.0118      He 1                4.03664m   35.643    0.0016      Ca 2                7291.47A   37.816    0.2402
H  1                3671.47A   36.553    0.0131      He 1                2.61850m   35.526    0.0012      Ca 2                3968.47A   37.183    0.0559
H  1                3669.46A   37.370    0.0859      He 1                4.04791m   35.957    0.0033      Ca 2                8662.14A   35.686    0.0018
H  1                1.87510m   38.046    0.4077      He 1                2.62338m   35.690    0.0018      Ca 2                3933.66A   37.475    0.1095
H  1                1.28180m   37.753    0.2074      He 1                4.04793m   35.480    0.0011      Ca 2                8542.09A   35.942    0.0032
H  1                1.09380m   37.502    0.1165      C  5                41.4721A   35.473    0.0011      Ca 5                4.15739m   36.304    0.0074
H  1                1.00493m   37.293    0.0719      extra Lyman....................................      Ca 5                5309.11A   35.901    0.0029
H  1                9545.93A   37.114    0.0476      database lines.................................      Cl 2                14.3639m   36.513    0.0119
H  1                9228.97A   36.958    0.0333      Al 3                1854.72A   35.884    0.0028      Cl 2                8578.70A   36.609    0.0149
H  1                9014.87A   36.819    0.0242      Al 3                1862.79A   35.598    0.0015      Cl 2                9123.60A   36.024    0.0039
H  1                8862.74A   36.706    0.0186      Al 6                3.65932m   36.244    0.0064      Cl 3                5537.87A   36.294    0.0072
H  1                8750.43A   36.612    0.0150      Ar 2                6.98337m   37.198    0.0579      Cl 3                5517.71A   36.452    0.0104
H  1                8664.98A   36.525    0.0123      Ar 3                3109.18A   35.802    0.0023      Cl 4                20.3197m   36.178    0.0055
H  1                8598.35A   36.444    0.0102      Ar 3                5191.82A   35.466    0.0011      Cl 4                11.7629m   36.076    0.0044
H  1                8545.34A   36.369    0.0086      Ar 3                7135.79A   37.794    0.2282      Cl 4                7530.54A   35.477    0.0011
H  1                8502.44A   36.299    0.0073      Ar 3                7751.11A   37.169    0.0542      Cl 4                8045.62A   35.841    0.0025
H  1                8467.21A   36.235    0.0063      Ar 3                8.98898m   37.923    0.3073      Fe 4                3095.77A   37.134    0.0499
H  1                8437.91A   36.175    0.0055      Ar 3                21.8253m   36.748    0.0205      Fe 4                3094.96A   36.917    0.0303
H  1                8413.28A   36.121    0.0048      Ar 4                4711.26A   36.356    0.0083      Fe 4                3094.53A   36.752    0.0207
H  1                8392.35A   36.073    0.0043      Ar 4                4740.12A   36.204    0.0059      Fe 4                2835.74A   36.876    0.0276
H  1                8374.43A   36.032    0.0040      Ar 5                6435.12A   35.568    0.0014      Fe 4                2829.36A   36.558    0.0133
H  1                8358.96A   36.003    0.0037      Ar 5                7005.83A   35.900    0.0029      Fe 4                2823.50A   36.356    0.0083
H  1                8345.51A   35.995    0.0036      Ar 5                7.89971m   36.529    0.0124      Fe 4                2567.61A   35.787    0.0022
H  1                8333.74A   36.039    0.0040      Ar 5                13.0985m   36.767    0.0214      Fe 5                70.3538m   37.108    0.0470
H  1                8323.38A   36.856    0.0263      Ar 6                4.52800m   36.014    0.0038      Fe 5                36.3273m   37.100    0.0461
H  1                4.05113m   37.417    0.0957      C  1                9824.13A   36.026    0.0039      Fe 5                25.9131m   36.995    0.0363
H  1                2.62513m   37.206    0.0589      C  1                9850.26A   36.502    0.0116      Fe 5                20.8407m   36.729    0.0197
H  1                2.16551m   37.004    0.0370      C  1                370.269m   36.030    0.0039      Fe 5                4180.59A   36.128    0.0049
H  1                1.94454m   36.827    0.0246      C  1                609.590m   35.962    0.0034      Fe 5                4143.15A   36.363    0.0085
H  1                1.81740m   36.671    0.0172      C  2                1334.53A   35.833    0.0025      Fe 5                4227.19A   37.072    0.0433
H  1                1.73620m   36.533    0.0125      C  2                1335.71A   35.568    0.0014      Fe 5                4071.24A   36.352    0.0083
H  1                1.68064m   36.337    0.0080      C  2                2323.50A   36.601    0.0146      Fe 5                3895.22A   35.930    0.0031
H  1                1.64071m   36.243    0.0064      C  2                2324.69A   36.945    0.0323      Fe 5                3851.34A   35.702    0.0018
H  1                1.61092m   36.156    0.0053      C  2                2325.40A   37.244    0.0643      Fe 5                3794.94A   36.291    0.0072
H  1                1.58804m   36.076    0.0044      C  2                2326.93A   37.383    0.0885      Fe 5                3755.70A   36.009    0.0037
H  1                1.57006m   36.001    0.0037      C  2                2328.12A   36.998    0.0365      Fe 5                3839.27A   36.300    0.0073
H  1                1.55563m   35.931    0.0031      C  2                157.636m   38.929    3.1160      Fe 5                3783.22A   35.888    0.0028
H  1                1.54388m   35.867    0.0027      C  3                1908.73A   37.263    0.0671      Fe 5                3891.28A   36.047    0.0041
H  1                1.53417m   35.808    0.0024      C  3                1906.68A   37.441    0.1011      Fe 5                3445.62A   35.551    0.0013
H  1                1.52604m   35.754    0.0021      Ca 4                3.20610m   36.980    0.0350      Fe 5                3463.51A   35.552    0.0013
H  1                1.51917m   35.706    0.0019      Co 2                10.5199m   35.974    0.0035      Fe 5                2828.24A   35.452    0.0010
H  1                1.51331m   35.665    0.0017      Co 2                2.98382m   36.447    0.0103      Fe 6                19.5527m   37.284    0.0705
H  1                1.50827m   35.636    0.0016      Co 2                1.01879m   35.604    0.0015      Fe 6                5335.19A   36.278    0.0070
H  1                1.50389m   35.628    0.0016      Co 3                11.8845m   35.732    0.0020      Fe 6                5277.81A   35.816    0.0024
H  1                1.50008m   35.672    0.0017      Cr 2                8000.08A   36.338    0.0080      Fe 6                3492.10A   35.518    0.0012
H  1                1.49672m   36.489    0.0113      Cr 2                8125.30A   36.271    0.0068      Fe 6                14.7670m   37.109    0.0471
H  1                7.45777m   36.898    0.0290      Cr 2                8229.67A   36.179    0.0055      Fe 6                5484.85A   36.024    0.0039
H  1                4.65247m   36.744    0.0203      Cr 2                8308.49A   35.992    0.0036      Fe 6                5424.23A   36.147    0.0051
H  1                3.73951m   36.579    0.0139      Cr 2                8357.64A   35.699    0.0018      Fe 6                4972.48A   36.528    0.0124
H  1                3.29607m   36.428    0.0098      Fe 2                25.9811m   38.401    0.9241      Fe 6                3889.41A   35.476    0.0011
H  1                3.03835m   36.291    0.0072      Fe 2                5.33881m   38.839    2.5319      Fe 6                3555.61A   35.827    0.0025
H  1                2.87219m   36.048    0.0041      Fe 2                4.11394m   35.885    0.0028      Fe 6                12.3074m   36.822    0.0243
H  1                2.75749m   35.955    0.0033      Fe 2                1.25668m   38.708    1.8732      Fe 6                5631.08A   36.167    0.0054
H  1                2.67438m   35.868    0.0027      Fe 2                4416.27A   36.632    0.0157      Fe 6                5426.65A   35.886    0.0028
H  1                2.61191m   35.788    0.0023      Fe 2                4382.74A   35.519    0.0012      Fe 6                5145.76A   36.544    0.0128
H  1                2.56361m   35.714    0.0019      Fe 2                4287.39A   36.866    0.0269      Fe 6                4967.15A   36.044    0.0041
H  1                2.52538m   35.645    0.0016      Fe 2                2599.40A   37.776    0.2188      Fe 6                3662.50A   35.851    0.0026
H  1                2.49455m   35.580    0.0014      Fe 2                2585.88A   36.840    0.0254      Fe 6                5676.96A   36.216    0.0060
H  1                2.46929m   35.521    0.0012      Fe 2                2382.04A   37.728    0.1958      Fe 6                5176.05A   36.415    0.0095
H  1                2.44831m   35.467    0.0011      Fe 2                2373.74A   36.032    0.0039      Fe 6                1.23303m   35.465    0.0011
H  1                2.37371m   36.203    0.0059      Fe 2                2343.50A   37.116    0.0479      Fe 6                1.34929m   35.660    0.0017
H  1                12.3684m   36.456    0.0105      Fe 2                35.3394m   37.709    0.1875      Mg 2                2802.71A   38.079    0.4399
H  1                7.50038m   36.342    0.0081      Fe 2                1.32055m   38.131    0.4956      Mg 2                2795.53A   38.374    0.8683
H  1                5.90655m   36.206    0.0059      Fe 2                1.24854m   36.330    0.0078      Mg 4                4.48712m   37.231    0.0625
H  1                5.12722m   36.076    0.0044      Fe 2                7637.54A   37.017    0.0381      Mg 5                5.60700m   36.883    0.0280
H  1                4.67119m   35.810    0.0024      Fe 2                4889.62A   36.510    0.0119      Mg 5                2782.76A   36.067    0.0043
H  1                4.37522m   35.717    0.0019      Fe 2                4492.63A   35.751    0.0021      Mg 5                13.5464m   35.805    0.0023
H  1                4.16962m   35.632    0.0016      Fe 2                4457.94A   36.207    0.0059      Mg 5                2928.09A   35.502    0.0012
H  1                4.01974m   35.552    0.0013      Fe 2                4359.33A   36.731    0.0197      N  2                205.244m   37.884    0.2805
H  1                3.90645m   35.478    0.0011      Fe 2                2625.67A   36.911    0.0299      N  2                121.767m   37.676    0.1738
H  1                3.48198m   35.969    0.0034      Fe 2                2611.87A   36.976    0.0347      N  2                6548.05A   38.287    0.7105
H  1                19.0565m   36.072    0.0043      Fe 2                2598.37A   36.214    0.0060      N  2                6583.45A   38.757    2.0943
H  1                11.3055m   35.986    0.0036      Fe 2                2395.63A   36.894    0.0287      N  2                5754.61A   36.692    0.0180
H  1                8.75760m   35.873    0.0027      Fe 2                2388.63A   35.531    0.0012      N  2                2139.01A   36.127    0.0049
H  1                7.50599m   35.605    0.0015      Fe 2                2364.83A   36.633    0.0157      N  2                2142.78A   36.518    0.0121
H  1                6.77008m   35.515    0.0012      Fe 2                51.2865m   37.091    0.0452      N  3                57.3238m   38.393    0.9056
H  1                4.84633m   35.770    0.0022      Fe 2                5.67249m   36.057    0.0042      N  3                1748.65A   35.559    0.0013
H  1                27.7955m   35.734    0.0020      Fe 2                4.60647m   35.551    0.0013      N  3                1753.99A   35.574    0.0014
H  1                16.2045m   35.669    0.0017      Fe 2                1.37182m   37.907    0.2958      N  3                1752.16A   35.981    0.0035
H  1                6.49914m   35.597    0.0015      Fe 2                1.29427m   36.998    0.0365      N  3                1749.67A   36.035    0.0040
H  1                8.48253m   35.445    0.0010      Fe 2                7686.94A   36.756    0.0209      N  4                1486.50A   35.838    0.0025
He 2                303.784A   39.352    8.2464      Fe 2                4728.07A   36.007    0.0037      N  4                1483.32A   36.010    0.0037
He 2                256.317A   38.675    1.7351      Fe 2                4514.90A   35.573    0.0014      Na 3                7.31706m   36.921    0.0306
He 2                243.027A   38.253    0.6571      Fe 2                4488.75A   35.720    0.0019      Na 4                9.03098m   36.288    0.0071
He 2                237.331A   37.947    0.3248      Fe 2                4413.78A   36.577    0.0138      Na 4                3241.51A   35.447    0.0010
He 2                234.347A   37.706    0.1865      Fe 2                2631.32A   36.661    0.0168      Ne 4                2421.66A   36.676    0.0174
He 2                232.584A   37.507    0.1178      Fe 2                2617.62A   35.725    0.0019      Ne 4                2424.28A   36.851    0.0260
He 2                231.454A   37.336    0.0795      Fe 2                2607.09A   35.944    0.0032      Ne 5                24.2065m   37.748    0.2053
He 2                230.686A   37.187    0.0564      Fe 2                2404.89A   35.843    0.0026      Ne 5                14.3228m   37.654    0.1651
He 2                230.139A   37.054    0.0415      Fe 2                2380.76A   36.356    0.0083      Ne 5                3345.99A   36.274    0.0069
He 2                229.736A   37.605    0.1478      Fe 2                87.3582m   36.318    0.0076      Ne 5                3426.03A   36.721    0.0193
He 2                229.431A   37.519    0.1212      Fe 2                4.43368m   35.549    0.0013      Ne 6                7.64318m   36.727    0.0196
He 2                229.194A   37.440    0.1009      Fe 2                1.32778m   36.752    0.0207      Ni 2                1.19102m   37.841    0.2541
He 2                229.006A   37.366    0.0851      Fe 2                1.27878m   36.644    0.0161      Ni 2                6.63416m   37.340    0.0802
He 2                228.855A   37.297    0.0726      Fe 2                1.25214m   35.588    0.0014      Ni 2                1.07151m   36.214    0.0060
He 2                228.731A   37.233    0.0627      Fe 2                7665.30A   35.480    0.0011      Ni 2                10.6793m   36.576    0.0138
He 2                228.629A   37.173    0.0547      Fe 2                4452.10A   36.380    0.0088      Ni 2                1.16129m   35.691    0.0018
He 2                228.543A   37.119    0.0482      Fe 2                2631.05A   35.955    0.0033      Ni 2                12.7253m   36.154    0.0052
He 2                228.471A   37.069    0.0430      Fe 2                2613.82A   35.595    0.0014      Ni 2                7377.83A   36.970    0.0342
He 2                228.409A   37.025    0.0389      Fe 2                1.29777m   36.280    0.0070      Ni 2                8300.99A   35.674    0.0017
He 2                228.356A   36.989    0.0357      Fe 2                1.27035m   36.300    0.0073      Ni 2                1.93877m   36.263    0.0067
He 2                228.309A   36.964    0.0338      Fe 2                7874.25A   35.898    0.0029      Ni 2                6666.80A   36.097    0.0046
He 2                228.269A   36.960    0.0335      Fe 2                4474.90A   36.067    0.0043      Ni 2                7411.61A   36.315    0.0076
He 2                228.234A   37.009    0.0375      Fe 2                2628.29A   35.608    0.0015      Ni 2                4326.24A   36.073    0.0043
He 2                228.203A   37.837    0.2521      Fe 2                17.9314m   37.805    0.2339      Ni 2                4628.05A   35.651    0.0016
He 2                1640.43A   38.366    0.8522      Fe 2                1.64355m   38.636    1.5845      Ni 2                7255.82A   35.718    0.0019
He 2                1215.13A   37.902    0.2928      Fe 2                1.53347m   37.053    0.0414      Ni 2                4201.17A   35.888    0.0028
He 2                1084.94A   37.568    0.1354      Fe 2                8616.95A   37.595    0.1444      Ni 2                7307.65A   35.540    0.0013
He 2                1025.27A   37.310    0.0748      Fe 2                5273.35A   36.625    0.0155      Ni 2                4033.04A   35.619    0.0015
He 2                992.360A   37.101    0.0462      Fe 2                5158.78A   37.263    0.0672      Ni 2                4294.09A   35.498    0.0012
He 2                972.108A   36.924    0.0308      Fe 2                5111.63A   36.309    0.0075      Ni 2                6813.57A   35.476    0.0011
He 2                958.694A   36.771    0.0217      Fe 2                4814.53A   36.632    0.0157      Ni 2                3993.06A   35.941    0.0032
He 2                949.324A   36.637    0.0159      Fe 2                4774.72A   35.932    0.0031      Ni 2                4248.80A   35.466    0.0011
He 2                942.508A   36.784    0.0223      Fe 2                4243.97A   36.631    0.0157      Ni 2                6365.10A   35.468    0.0011
He 2                937.389A   36.698    0.0183      Fe 2                4177.20A   35.682    0.0018      Ni 2                3438.88A   35.703    0.0019
He 2                933.444A   36.618    0.0152      Fe 2                3376.20A   35.999    0.0037      O  4                25.8832m   38.592    1.4328
He 2                930.337A   36.545    0.0129      Fe 2                2360.00A   35.511    0.0012      O  4                1404.78A   35.775    0.0022
He 2                927.846A   36.476    0.0110      Fe 2                2348.12A   35.497    0.0012      O  4                1401.16A   35.772    0.0022
He 2                925.817A   36.412    0.0095      Fe 2                24.5120m   37.070    0.0431      O  6                1031.91A   35.516    0.0012
He 2                924.142A   36.353    0.0083      Fe 2                1.80939m   37.933    0.3140      S  4                10.5076m   38.389    0.8983
He 2                922.743A   36.299    0.0073      Fe 2                1.67688m   36.914    0.0301      Si 6                1.96247m   36.150    0.0052
He 2                921.562A   36.249    0.0065      Fe 2                1.59947m   36.705    0.0186      level 1 lines..................................
He 2                920.556A   36.205    0.0059      Fe 2                9051.95A   36.937    0.0317      recombination..................................
He 2                919.693A   36.169    0.0054      Fe 2                8891.91A   37.113    0.0476      level2 lines...................................
He 2                918.945A   36.145    0.0051      Fe 2                5433.13A   36.110    0.0047      Ti 2                3364.74A   36.493    0.0114
He 2                918.295A   36.141    0.0051      Fe 2                5261.62A   36.821    0.0243      Ti 2                3237.15A   36.240    0.0064
He 2                917.724A   36.190    0.0057      Fe 2                5220.06A   35.848    0.0026      Cr 2                2059.78A   35.731    0.0020
He 2                917.221A   37.019    0.0383      Fe 2                5158.00A   35.897    0.0029      hyperfine structure............................
He 2                4685.64A   37.597    0.1451      Fe 2                4947.37A   35.781    0.0022      H  1                21.1207c   36.173    0.0055
He 2                3203.04A   37.276    0.0691      Fe 2                4905.34A   36.158    0.0053      inner shell....................................
He 2                2733.24A   37.010    0.0375      Fe 2                4874.48A   35.853    0.0026      molecules......................................
He 2                2511.15A   36.792    0.0227      Fe 2                4346.85A   35.968    0.0034      blends.........................................
He 2                2385.35A   36.609    0.0149      Fe 2                4276.83A   36.282    0.0070      Blnd                2798.00A   38.552    1.3082
He 2                2306.15A   36.451    0.0104      Fe 2                4244.81A   35.477    0.0011      Blnd                6720.00A   38.879    2.7725
He 2                2252.64A   36.312    0.0075      Fe 2                3452.31A   35.470    0.0011      Blnd                4074.00A   37.424    0.0972
He 2                2214.62A   36.268    0.0068      Fe 2                3440.99A   35.524    0.0012      Blnd                1.03300m   37.315    0.0757
He 2                2186.56A   36.183    0.0056      Fe 2                35.7670m   36.225    0.0061      Blnd                1720.00A   35.861    0.0027
He 2                2165.20A   36.104    0.0047      Fe 2                1.80002m   36.742    0.0202      Blnd                3722.00A   36.630    0.0156
He 2                2148.55A   36.030    0.0039      Fe 2                1.71113m   36.123    0.0049      Blnd                2665.00A   37.117    0.0480
He 2                2135.31A   35.962    0.0034      Fe 2                1.66377m   36.260    0.0067      Blnd                1860.00A   36.065    0.0043
He 2                2124.58A   35.898    0.0029      Fe 2                9399.04A   36.160    0.0053      Blnd                4725.00A   36.588    0.0142
He 2                2115.78A   35.839    0.0025      Fe 2                9226.62A   36.857    0.0264      Blnd                2860.00A   35.484    0.0011
He 2                2108.46A   35.785    0.0022      Fe 2                9033.50A   35.731    0.0020      Blnd                2335.00A   37.455    0.1046
He 2                2102.30A   35.735    0.0020      Fe 2                5333.65A   36.233    0.0063      Blnd                1888.00A   37.308    0.0745
He 2                2097.07A   35.692    0.0018      Fe 2                5268.87A   35.701    0.0018      Blnd                1397.00A   36.217    0.0060
He 2                2092.59A   35.656    0.0017      Fe 2                5005.51A   35.720    0.0019      Blnd                2424.00A   37.073    0.0434
He 2                2088.73A   35.631    0.0016      Fe 2                4973.39A   35.752    0.0021      Blnd                5525.00A   36.681    0.0176
He 2                2085.37A   35.627    0.0016      Fe 2                4950.74A   35.468    0.0011      Blnd                8579.00A   36.164    0.0054
He 2                2082.42A   35.677    0.0017      Fe 2                4352.78A   35.937    0.0032      Blnd                7306.00A   38.042    0.4036
He 2                2079.84A   36.505    0.0117      Fe 2                4319.62A   35.748    0.0021      Blnd                3933.00A   37.654    0.1654
He 2                1.01233m   36.995    0.0362      Fe 2                1.79710m   36.350    0.0082      Blnd                1657.00A   36.411    0.0094
He 2                6559.91A   36.766    0.0214      Fe 2                1.74494m   35.951    0.0033      C 1R                1656.00A   36.410    0.0094
He 2                5411.37A   36.552    0.0131      Fe 2                9470.94A   36.291    0.0072      Blnd                9850.00A   36.627    0.0155
He 2                4859.18A   36.367    0.0085      Fe 2                9267.56A   35.837    0.0025      Blnd                1335.00A   37.583    0.1404
He 2                4541.46A   36.206    0.0059      Fe 2                5376.45A   35.490    0.0011      C 2R                1335.00A   37.569    0.1360
He 2                4338.55A   36.065    0.0043      Fe 2                5043.52A   35.467    0.0011      Blnd                977.000A   36.510    0.0119
He 2                4199.71A   35.899    0.0029      Fe 2                5020.23A   35.481    0.0011      C 3R                977.000A   36.474    0.0109
He 2                4099.92A   35.814    0.0024      Fe 2                4372.43A   35.453    0.0010      Blnd                1909.00A   37.681    0.1760
He 2                4025.48A   35.735    0.0020      Fe 2                22.8960m   35.828    0.0025      C 3R                1909.00A   36.320    0.0077
He 2                3968.32A   35.662    0.0017      Fe 2                1.81139m   36.140    0.0051      Blnd                1176.00A   36.141    0.0051
He 2                3923.37A   35.594    0.0014      Fe 2                1.74842m   35.871    0.0027      C 3R                1175.00A   36.141    0.0051
He 2                3887.33A   35.531    0.0012      Fe 2                2755.74A   36.340    0.0080      Blnd                1549.00A   37.274    0.0688
He 2                3857.96A   35.472    0.0011      Fe 2                2739.55A   36.037    0.0040      C 4R                1549.00A   35.714    0.0019
He 2                3740.11A   36.138    0.0050      Fe 3                22.9190m   37.982    0.3517      Blnd                1.04030m   35.821    0.0024
He 2                1.86362m   36.490    0.0113      Fe 3                4924.66A   35.939    0.0032      Blnd                1085.00A   36.389    0.0090
He 2                1.16260m   36.326    0.0078      Fe 3                4881.12A   36.824    0.0245      N 2R                1085.00A   36.385    0.0089
He 2                9344.62A   36.153    0.0052      Fe 3                4658.01A   37.485    0.1119      Blnd                2141.00A   36.666    0.0170
He 2                8236.51A   35.995    0.0036      Fe 3                4607.11A   36.227    0.0062      Blnd                1750.00A   36.465    0.0107
He 2                7592.50A   35.855    0.0026      Fe 3                33.0270m   37.428    0.0983      Blnd                990.000A   36.574    0.0137
He 2                7177.28A   35.610    0.0015      Fe 3                5270.40A   37.411    0.0945      N 3R                990.000A   36.570    0.0136
He 2                6890.67A   35.526    0.0012      Fe 3                4987.33A   36.059    0.0042      Blnd                1486.00A   36.233    0.0063
He 2                6682.98A   35.448    0.0010      Fe 3                4754.64A   36.747    0.0205      Blnd                1240.00A   35.860    0.0027
He 2                5931.63A   35.852    0.0026      Fe 3                4701.62A   36.993    0.0361      Blnd                6300.00A   37.949    0.3257
He 2                3.09074m   36.055    0.0042      Fe 3                4666.94A   35.839    0.0025      Blnd                3726.00A   38.640    1.5991
He 2                1.87427m   35.937    0.0032      Fe 3                51.6655m   36.830    0.0248      Blnd                3729.00A   38.817    2.4066
He 2                1.47599m   35.796    0.0023      Fe 3                5011.16A   36.600    0.0146      O 2R                3729.00A   36.430    0.0099
He 2                1.28124m   35.662    0.0017      Fe 3                4769.52A   36.518    0.0121      O 2R                4651.00A   36.060    0.0042
He 2                8701.09A   35.618    0.0015      Fe 3                4733.84A   36.393    0.0091      O 2R                4341.00A   35.782    0.0022
He 2                4.76203m   35.673    0.0017      Fe 3                105.345m   35.885    0.0028      Blnd                5007.00A   39.219    6.0773
He 2                2.82513m   35.588    0.0014      Fe 3                5411.98A   36.367    0.0085      Blnd                835.000A   36.934    0.0315
He 2                2.18843m   35.473    0.0011      Fe 3                4930.44A   35.639    0.0016      O 3R                835.000A   36.933    0.0314
He-like iso-sequence...........................      Fe 3                4777.61A   36.070    0.0043      Blnd                789.000A   36.715    0.0190
He 1                584.334A   37.951    0.3276      Fe 3                5084.66A   35.830    0.0025      O 4R                789.000A   36.712    0.0189
He 1                537.030A   37.431    0.0988      Fe 3                40.1336m   35.769    0.0022      Blnd                1218.00A   35.950    0.0033
He 1                522.213A   37.060    0.0421      Fe 7                9.50763m   36.718    0.0192      Blnd                1035.00A   35.699    0.0018



 CIV QSO  
 Cooling:  C  2c                     0 :0.052 Fe 2c                     0 :0.156 O  2c                     0 :0.063 O  3c                     0 :0.184 S  3c                     0 :0.089 Si 2c                     0 :0.075 N  2c                     0 :0.051  
 Heating:  BFH1                      0 :0.629 BFHe                      0 :0.313 TotM                      0 :0.050  

 These are some of the most important databases used by Cloudy:
 Many recombination coefficients were taken from http://amdpp.phys.strath.ac.uk/tamoc/RR/ and http://amdpp.phys.strath.ac.uk/tamoc/DR/
      and are based on the following papers:
        Badnell N. R., et al., A&A 406, 1151 (2003) [http://adsabs.harvard.edu/abs/2003A%26A...406.1151B]
        Badnell N. R., ApJS 167, 334 (2006) [http://adsabs.harvard.edu/abs/2006ApJS..167..334B]
 Much of the molecular emission data is from LAMDA as accessed on June 30, 2015. This database is described in:
        Schoeier F.L., et al., A&A 432, 369 (2005) [http://adsabs.harvard.edu/abs/2005A%26A...432..369S]
      This database is in part based on the work of the following groups:
        JPL: Pickett H. M. et al., JQSRT, 60, 883 (1998). [http://adsabs.harvard.edu/abs/1998JQSRT..60..883P]
        CDMS: Mueller H. S. et al., A&A 370, L49 (2001). [http://adsabs.harvard.edu/abs/2001A%26A...370L..49M]
              Mueller H. S. et al., J. Mol. Struct. 742, 215 (2005). [http://adsabs.harvard.edu/abs/2005JMoSt.742..215M]
 Some of the ionic emission data is from version 7.1.4 of CHIANTI. CHIANTI is a collaborative project involving the NRL (USA), the
      Universities of Florence (Italy) and Cambridge (UK), and George Mason University (USA). These papers describe Chianti:
        Dere K. P., et al., A&AS, 125, 149 (1997) [http://adsabs.harvard.edu/abs/1997A%26AS..125..149D]
        Landi E., et al., ApJ, 744, 99 (2012) [http://adsabs.harvard.edu/abs/2012ApJ...744...99L]
 Much of the H_2 data is from this web site: http://molat.obspm.fr/index.php?page=pages/Molecules/H2/H2can94.php. These data are
      described in:
        Abgrall H. et al., Can. J. Phys., 72, 856 (1994) [http://adsabs.harvard.edu/abs/1994CaJPh..72..856A]
        Wrathmall S. A. & Flower D. R., J. Phys. B, 40, 3221 (2007) [http://adsabs.harvard.edu/abs/2007JPhB...40.3221W]
 The Case A and Case B recombination predictions for one-electron systems are from
	Storey, P.J. & Hummer, D.G., 1995, MNRAS 272, 41 http://adsabs.harvard.edu/abs/1995MNRAS.272...41S
 The He I recombination predictions are from
	Porter, R. L.; Ferland, G. J.; Storey, P. J.; Detisch, M. J., 2012, MNRAS, 425, 28p http://adsabs.harvard.edu/abs/2012MNRAS.425L..28P
		http://adsabs.harvard.edu/abs/2013MNRAS.433L..89P

 If you find some process or data set to be particularly critical to a result, please follow the trail of references back to the
 original source and cite that.  This will support and encourage atomic, molecular, and chemical physicists to continue their
 valuable work.

 IONIZE PARMET:  U(1-) -1.0255  U(4-): -2.0483  U(sp): -2.67  Q(ion):   48.760  L(ion) 39.962    Q(low): 53.789    L(low) 41.175
 ENERGY BUDGET:  Heat:  40.248  Coolg:  40.248  Error:  0.0%  Rec Lin:  39.413  F-F  H  0.000    P(rad/tot)max     0.00E+00    R(F Con):1.737e+05

     Col(Heff):      2.168E+20  snd travl time  2.92E+18 sec  Te-low: 7.22E+01  Te-hi: 1.97E+04  G0TH85: 1.34E-01  G0DB96:1.30E-01
  Emiss Measure    n(e)n(p) dl       2.482E+17  n(e)n(He+)dl         1.423E+16  En(e)n(He++) dl         1.106E+16  ne nC+:1.29E+13
 He/Ha:1.33E-01  =   1.33*true  Lthin:2.64E+09  itr/zn: 7.85  H2 itr/zn:  0.00  File Opacity: F  MassTot 1.78e+44  (gm)
   Temps(21 cm)   T(21cm/Ly a)  1.69E+02        T(<nH/Tkin>)  1.46E+02          T(<nH/Tspin>)    1.96E+02          TB21cm:3.72E+01
                   N(H0/Tspin)  1.06E+18        N(OH/Tkin)    3.52E+07          B(21cm)          0.00E+00
   <a>:1.19E-13  erdeFe1.9E+28  Tcompt1.69E+17  Tthr1.27E+16  <Tden>: 3.85E+03  <dens>:2.42E-27  <MolWgt>1.05E+00
     Mean Jeans  l(cm)1.25E+23  M(sun)3.84E+08  smallest:     len(cm):1.33E+22  M(sun):9.25E+05  a_ox tran: -1.53
 Rion:5.803E+22  Dist:0.00E+00  Diam:0.000E+00
 Hatom level 70  HatomType: add  HInducImp  F  He tot level: 63  He2 level:   70  ExecTime   149.6
 ConvrgError(%)  <eden>  0.082  MaxEden  0.968  <H-C>   0.07  Max(H-C)    0.44  <Press>   0.000  MaxPrs er  0.000
  Continuity(%)  chng Te   3.3  elec den   7.6  n(H2)    0.0  n(CO)        0.0

                                                        Averaged Quantities
             Te      Te(Ne)   Te(NeNp)  Te(NeHe+)Te(NeHe2+) Te(NeO+)  Te(NeO2+)  Te(H2)     N(H)     Ne(O2+)   Ne(Np)
 Radius:  2.02e+03  9.47e+03  9.98e+03  8.48e+03  1.18e+04  8.18e+03  8.87e+03  1.72e+03  1.02e-03  2.29e-03  2.20e-03
   Area:  4.95e+02  7.87e+03  8.76e+03  8.22e+03  1.04e+04  8.17e+03  8.46e+03  9.05e+02  7.01e-04  2.20e-03  1.83e-03
 Volume:  1.77e+02  6.10e+03  8.32e+03  8.10e+03  9.49e+03  8.19e+03  8.20e+03  4.05e+02  5.68e-04  2.14e-03  1.36e-03
 
 Peimbert T(OIIIr)8.00E+03 T(Bac)2.63E+03 T(Hth)0.00E+00 t2(Hstrc) 1.52e-02 T(O3-BAC)0.00E+00 t2(O3-BC) 0.00e+00 t2(O3str) 9.22e-03

 Contin Optical Depths: COMP: 8.64e-05    H-: 3.39e-05 R(1300): 1.39e-03  H2+: 2.66e-06  Bra:4.32E-05
                          Pa: 4.32e-05    Ba: 5.89e-05      Hb: 5.53e-05   La: 1.71e+00     1r:5.004E+07  1.8:1.18E+07 4.:1.715E+06

 Old, new H  1 continuum optical depths:
     1 1.00e+08     2 0.00e+00     3 0.00e+00     4 0.00e+00     5 0.00e+00     6 0.00e+00     7 0.00e+00     8 0.00e+00
     9 0.00e+00    10 0.00e+00    11 0.00e+00    12 0.00e+00    13 0.00e+00    14 0.00e+00    15 0.00e+00    16 0.00e+00
    17 0.00e+00    18 0.00e+00    19 0.00e+00    20 0.00e+00    21 0.00e+00    22 0.00e+00    23 0.00e+00    24 0.00e+00
    25 0.00e+00    26 0.00e+00    27 0.00e+00    28 0.00e+00    29 0.00e+00    30 0.00e+00    31 0.00e+00    32 0.00e+00
    33 0.00e+00    34 0.00e+00    35 0.00e+00    36 0.00e+00    37 0.00e+00    38 0.00e+00    39 0.00e+00    40 0.00e+00
    41 0.00e+00    42 0.00e+00    43 0.00e+00    44 0.00e+00    45 0.00e+00    46 0.00e+00    47 0.00e+00    48 0.00e+00
    49 0.00e+00    50 0.00e+00    51 0.00e+00    52 0.00e+00    53 0.00e+00    54 0.00e+00
     1 5.00e+07     2 8.76e-06     3 1.72e-05     4 1.72e-05     5 1.72e-05     6 4.42e-06     7 4.42e-06     8 4.42e-06
     9 4.42e-06    10 2.96e-19    11 2.96e-19    12 2.96e-19    13 2.96e-19    14 2.96e-19    15 7.09e-19    16 7.09e-19
    17 7.09e-19    18 7.09e-19    19 7.09e-19    20 7.09e-19    21 1.49e-18    22 1.49e-18    23 1.49e-18    24 1.49e-18
    25 1.49e-18    26 1.49e-18    27 1.49e-18    28 2.85e-18    29 2.85e-18    30 2.85e-18    31 2.85e-18    32 2.85e-18
    33 2.85e-18    34 2.85e-18    35 2.85e-18    36 5.10e-18    37 5.10e-18    38 5.10e-18    39 5.10e-18    40 5.10e-18
    41 5.10e-18    42 5.10e-18    43 5.10e-18    44 5.10e-18    45 8.60e-18    46 8.60e-18    47 8.60e-18    48 8.60e-18
    49 8.60e-18    50 8.60e-18    51 8.60e-18    52 8.60e-18    53 8.60e-18    54 8.60e-18

 Old, new H  1 mean line optical depths:
  2- 1 1.61e+20  3- 2 2.72e-06  4- 3 0.00e+00  5- 4 0.00e+00  6- 5 0.00e+00  7- 6 0.00e+00  8- 7 0.00e+00
  9- 8 0.00e+00 10- 9 0.00e+00 11-10 0.00e+00 12-11 0.00e+00 13-12 0.00e+00 14-13 0.00e+00 15-14 0.00e+00 16-15 0.00e+00
 17-16 0.00e+00 18-17 0.00e+00 19-18 0.00e+00 20-19 0.00e+00 21-20 0.00e+00 22-21 0.00e+00 23-22 0.00e+00 24-23 0.00e+00
 25-24 0.00e+00
  2- 1 1.65e+08  3- 2 7.95e-10  4- 3 1.85e-16  5- 4 1.03e-15  6- 5 1.72e-15  7- 6 1.24e-15  8- 7 3.68e-15
  9- 8 1.06e-14 10- 9 2.17e-14 11-10 2.79e-13 12-11 0.00e+00 13-12 0.00e+00 14-13 0.00e+00 15-14 0.00e+00 16-15 0.00e+00
 17-16 0.00e+00 18-17 0.00e+00 19-18 0.00e+00 20-19 0.00e+00 21-20 0.00e+00 22-21 0.00e+00 23-22 0.00e+00 24-23 0.00e+00
 25-24 0.00e+00

 Old, new He 2 continuum optical depths:
     1 3.43e+06     2 9.96e+07     3 0.00e+00     4 0.00e+00     5 0.00e+00     6 0.00e+00     7 0.00e+00     8 0.00e+00
     9 0.00e+00    10 0.00e+00    11 0.00e+00    12 0.00e+00    13 0.00e+00    14 0.00e+00    15 0.00e+00    16 0.00e+00
    17 0.00e+00    18 0.00e+00    19 0.00e+00    20 0.00e+00    21 0.00e+00    22 0.00e+00    23 0.00e+00    24 0.00e+00
    25 0.00e+00    26 0.00e+00    27 0.00e+00    28 0.00e+00    29 0.00e+00    30 0.00e+00    31 0.00e+00    32 0.00e+00
    33 0.00e+00    34 0.00e+00    35 0.00e+00    36 0.00e+00    37 0.00e+00    38 0.00e+00    39 0.00e+00    40 0.00e+00
    41 0.00e+00    42 0.00e+00    43 0.00e+00    44 0.00e+00    45 0.00e+00    46 0.00e+00    47 0.00e+00    48 0.00e+00
    49 0.00e+00    50 0.00e+00    51 0.00e+00    52 0.00e+00    53 0.00e+00    54 0.00e+00
     1 1.72e+06     2 4.98e+07     3 7.67e-06     4 7.67e-06     5 7.67e-06     6 8.76e-06     7 8.76e-06     8 8.76e-06
     9 8.76e-06    10 1.39e-05    11 1.39e-05    12 1.39e-05    13 1.39e-05    14 1.39e-05    15 1.72e-05    16 1.72e-05
    17 1.72e-05    18 1.72e-05    19 1.72e-05    20 1.72e-05    21 1.44e-05    22 1.44e-05    23 1.44e-05    24 1.44e-05
    25 1.44e-05    26 1.44e-05    27 1.44e-05    28 4.42e-06    29 4.42e-06    30 4.42e-06    31 4.42e-06    32 4.42e-06
    33 4.42e-06    34 4.42e-06    35 4.42e-06    36 1.70e-19    37 1.70e-19    38 1.70e-19    39 1.70e-19    40 1.70e-19
    41 1.70e-19    42 1.70e-19    43 1.70e-19    44 1.70e-19    45 2.96e-19    46 2.96e-19    47 2.96e-19    48 2.96e-19
    49 2.96e-19    50 2.96e-19    51 2.96e-19    52 2.96e-19    53 2.96e-19    54 2.96e-19

 Old, new He 2 mean line optical depths:
  2- 1 1.61e+19  3- 2 2.72e-07  4- 3 0.00e+00  5- 4 0.00e+00  6- 5 0.00e+00  7- 6 0.00e+00  8- 7 0.00e+00
  9- 8 0.00e+00 10- 9 0.00e+00 11-10 0.00e+00 12-11 0.00e+00 13-12 0.00e+00 14-13 0.00e+00 15-14 0.00e+00 16-15 0.00e+00
 17-16 0.00e+00 18-17 0.00e+00 19-18 0.00e+00 20-19 0.00e+00 21-20 0.00e+00 22-21 0.00e+00 23-22 0.00e+00 24-23 0.00e+00
 25-24 0.00e+00
  2- 1 5.80e+05  3- 2 8.30e-13  4- 3 3.74e-18  5- 4 5.52e-18  6- 5 9.34e-18  7- 6 1.57e-17  8- 7 1.06e-17
  9- 8 7.51e-17 10- 9 1.96e-16 11-10 3.43e-15 12-11 0.00e+00 13-12 0.00e+00 14-13 0.00e+00 15-14 0.00e+00 16-15 0.00e+00
 17-16 0.00e+00 18-17 0.00e+00 19-18 0.00e+00 20-19 0.00e+00 21-20 0.00e+00 22-21 0.00e+00 23-22 0.00e+00 24-23 0.00e+00
 25-24 0.00e+00

 Old He Is optical depths:    1 2.36e+07    2 0.00e+00    3 0.00e+00    4 0.00e+00    5 0.00e+00
 New He Is optical depths:    1 1.18e+07    2 5.75e-06    3 7.27e-06    4 8.12e-06    5 8.12e-06
          Old He Is Lines:  584 0.00e+00 3889 0.00e+00 5016 0.00e+00 5876 0.00e+00
          New He Is Lines:  584 1.03e+07 3889 2.94e-06 5016 2.94e-06 5876 2.94e-06
CIV QSO  


          Start Iteration Number 2                                                                     CIV QSO  


 ####  1  Te:1.979E+04 Hden:2.404E-03 Ne:2.894E-03 R:3.178E+21 R-R0:1.581E+19 dR:3.162E+19 NTR:  6 Htot:4.848E-29 T912: 1.31e+03###
 Hydrogen      4.46e-05 1.00e+00 H+o/Hden 1.00e+00 2.26e-13 H-    H2 5.71e-19 2.07e-14 H2+ HeH+ 1.89e-15 Ho+ ColD 3.39e+12 7.60e+16
 Helium        8.99e-07 1.01e-02 9.90e-01 HeI 2s3S 5.50e-14 Comp H,C 4.34e-33 3.23e-35 Fill Fac 1.00e+00 Gam1/tot 1.00e+00
 He singlet n  8.99e-07 2.85e-21 6.64e-28 2.15e-27 5.04e-28 2.90e-27 He tripl 5.50e-14 2.30e-25 6.89e-27 5.12e-26 8.33e-27
 Pressure      NgasTgas 1.10e+02 P(total) 1.51e-14 P( gas ) 1.51e-14 P(Radtn) 0.00e+00 Rad accl 2.95e-12 ForceMul 2.07e+02
 Texc(La)      2.75e+03 T(I con) 1.53e+00 T(D con) 9.07e-02 T(U tot) 1.53e+00 nT (c+d) 3.92e+05 Prad/Gas 0.00e+00 Pmag/Gas 0.00e+00
 Molecules     CH/Ctot: 7.47e-24 CH+/Ctot 3.53e-19 CO/Ctot: 9.59e-34 CO+/Ctot 4.23e-29 H2O/Otot 4.31e-40 OH/Ototl 5.42e-25
 Lithium       2.49e-08 2.12e-03 1.92e-01 8.06e-01 Berylliu 2.88e-07 7.77e-05 1.10e-01 6.20e-01 2.70e-01 sec ion: 2.08e-19
 Boron         1.32e-08 2.09e-04 6.90e-03 5.74e-01 3.88e-01 3.07e-02
 Carbon        6.42e-10 1.85e-05 8.01e-03 7.77e-02 8.07e-01 1.05e-01 2.09e-03 H2O+/O   2.25e-40 OH+/Otot 6.93e-25 Hex(tot) 0.00e+00
 Nitrogen      1.36e-10 4.82e-06 5.24e-03 1.16e-01 2.87e-01 5.73e-01 1.98e-02 1.24e-04 O2/Ototl 6.96e-34 O2+/Otot 2.32e-34
 Oxygen        3.28e-11 1.74e-06 2.19e-03 1.15e-01 3.45e-01 3.47e-01 1.90e-01 2.13e-03 4.85e-06
 Fluorine      1.50e-11 1.10e-06 1.15e-03 8.15e-02 5.24e-01 3.40e-01 4.29e-02 1.07e-02 4.52e-05 0.00e+00
 Neon          7.59e-12 5.22e-07 9.53e-04 5.53e-02 4.42e-01 4.34e-01 6.02e-02 6.42e-03 6.39e-04 1.14e-06 0.00e+00
 Sodium        1.62e-12 1.78e-07 3.77e-04 4.79e-02 4.70e-01 3.70e-01 1.06e-01 5.32e-03 1.34e-04 1.27e-05 0.00e+00 0.00e+00
 Magnesium     4.08e-10 4.40e-08 9.76e-05 1.68e-02 2.55e-01 5.15e-01 1.94e-01 1.84e-02 1.20e-03 3.15e-05 1.38e-06 0.00e+00 0.00e+00
 Aluminium  0  1.82e-10 8.69e-07 1.76e-05 4.31e-03 1.19e-01 5.81e-01 2.53e-01 3.97e-02 3.04e-03 6.26e-05 0.00e+00 0.00e+00 0.00e+00
 Silicon    0  4.62e-11 1.17e-06 1.29e-04 1.41e-03 5.70e-02 3.49e-01 4.80e-01 1.11e-01 1.55e-03 2.33e-05 0.00e+00 0.00e+00 0.00e+00
 Phosphorus 0  8.21e-11 3.99e-06 4.00e-04 5.32e-03 3.10e-02 3.25e-01 4.72e-01 1.54e-01 1.11e-02 2.89e-04 1.31e-06 0.00e+00 0.00e+00
 Sulphur    0  8.70e-12 1.47e-06 8.80e-04 1.77e-02 4.76e-02 1.29e-01 4.69e-01 3.15e-01 2.04e-02 4.55e-04 6.65e-06 0.00e+00 0.00e+00
 Chlorine   0  1.81e-11 2.03e-06 1.26e-03 4.58e-02 1.79e-01 1.94e-01 1.77e-01 3.24e-01 7.40e-02 4.63e-03 4.60e-05 0.00e+00 0.00e+00
 Argon      0  4.48e-12 3.15e-07 9.91e-04 3.42e-02 3.32e-01 3.98e-01 8.06e-02 8.87e-02 5.94e-02 5.51e-03 1.44e-04 1.83e-06 0.00e+00
 Potassium  0  4.63e-12 1.32e-06 5.19e-04 1.71e-02 1.83e-01 6.12e-01 1.38e-01 3.20e-02 1.00e-02 6.05e-03 2.91e-04 3.30e-06 0.00e+00
 Calcium    0  4.23e-12 1.57e-07 3.22e-04 1.49e-02 1.18e-01 4.49e-01 3.62e-01 4.76e-02 4.63e-03 2.04e-03 4.95e-04 1.25e-05 0.00e+00
 Scandium   0  4.32e-14 2.66e-09 1.00e-05 1.45e-02 1.15e-01 3.88e-01 3.27e-01 1.48e-01 6.53e-03 6.78e-04 4.90e-05 3.27e-05 0.00e+00
 Titanium   0  4.10e-13 2.32e-08 4.79e-05 1.47e-02 1.27e-01 3.74e-01 3.05e-01 1.57e-01 2.10e-02 8.60e-04 4.63e-05 7.34e-06 1.79e-06
 Vanadium   0  1.74e-14 7.38e-10 3.64e-06 8.25e-04 3.40e-02 4.53e-01 3.28e-01 1.57e-01 2.30e-02 3.35e-03 3.04e-05 6.65e-06 0.00e+00
 Chromium   0  3.50e-15 3.45e-10 1.77e-06 4.75e-04 1.87e-02 1.98e-01 5.24e-01 2.22e-01 3.18e-02 4.70e-03 1.80e-04 4.55e-06 0.00e+00
 Manganese  0  1.84e-14 6.78e-10 2.03e-06 5.78e-04 2.81e-02 3.01e-01 5.51e-01 1.01e-01 1.60e-02 2.05e-03 8.39e-05 7.65e-06 0.00e+00
 Iron       0  1.59e-14 8.36e-11 3.21e-07 1.47e-04 8.55e-03 1.25e-01 5.34e-01 3.18e-01 1.36e-02 6.50e-04 1.03e-05 0.00e+00 0.00e+00
 Cobalt     0  1.36e-15 3.30e-11 2.26e-07 9.57e-05 7.71e-03 1.25e-01 3.55e-01 4.14e-01 8.71e-02 1.06e-02 3.74e-04 2.81e-05 1.14e-06
 Nickel     0  1.00e-15 2.47e-11 1.29e-07 5.09e-05 4.16e-03 9.70e-02 3.04e-01 4.47e-01 1.28e-01 1.94e-02 4.43e-04 3.85e-05 1.30e-06
 Copper     0  3.32e-16 1.40e-11 7.87e-08 3.04e-05 2.45e-03 5.90e-02 2.66e-01 4.70e-01 1.65e-01 3.59e-02 1.42e-03 1.95e-05 1.87e-06
 Zinc       0  1.39e-15 2.33e-11 6.27e-08 2.30e-05 1.86e-03 4.55e-02 2.10e-01 4.97e-01 1.91e-01 5.17e-02 2.63e-03 1.42e-04 4.25e-06
 ####381  Te:7.214E+01 Hden:3.159E-04 Ne:1.626E-06 R:3.157E+23 R-R0:3.125E+23 dR:1.054E+21 NTR:  5 Htot:4.080E-34 T912: 2.63e+03###
 Hydrogen      9.96e-01 4.09e-03 H+o/Hden 1.00e+00 1.01e-10 H-    H2 5.02e-07 6.01e-10 H2+ HeH+ 6.31e-09 Ho+ ColD 2.07e+20 1.13e+20
 Helium        9.93e-01 6.64e-03 8.76e-06 HeI 2s3S 9.96e-16 Comp H,C 2.44e-40 6.61e-45 Fill Fac 1.00e+00 Gam1/tot 1.14e-01
 He singlet n  9.93e-01 3.58e-23 2.36e-29 2.32e-29 1.58e-29 9.36e-29 He tripl 9.96e-16 4.66e-27 8.31e-29 8.33e-28 2.60e-28
 Pressure      NgasTgas 2.52e-02 P(total) 3.48e-18 P( gas ) 3.48e-18 P(Radtn) 0.00e+00 Rad accl 2.01e-15 ForceMul 3.31e+05
 Texc(La)      2.30e+03 T(I con) 1.43e-01 T(D con) 1.07e-01 T(U tot) 1.54e-01 nT (c+d) 6.05e+04 Prad/Gas 0.00e+00 Pmag/Gas 0.00e+00
 Molecules     CH/Ctot: 7.33e-10 CH+/Ctot 7.78e-09 CO/Ctot: 2.24e-08 CO+/Ctot 8.57e-11 H2O/Otot 3.13e-12 OH/Ototl 6.76e-08
 Lithium       3.95e-03 9.96e-01 2.63e-06 0.00e+00 Berylliu 7.76e-03 9.75e-01 1.67e-02 9.24e-05 0.00e+00 sec ion: 4.91e-20
 Boron         1.07e-03 9.90e-01 2.56e-04 8.68e-03 0.00e+00 0.00e+00
 Carbon        5.63e-03 9.92e-01 2.85e-03 1.21e-06 0.00e+00 0.00e+00 0.00e+00 H2O+/O   2.51e-14 OH+/Otot 4.31e-09 Hex(tot) 0.00e+00
 Nitrogen      9.96e-01 3.90e-03 3.11e-06 0.00e+00 0.00e+00 0.00e+00 0.00e+00 0.00e+00 O2/Ototl 4.76e-11 O2+/Otot 7.37e-13
 Oxygen        1.00e+00 2.48e-04 1.47e-06 0.00e+00 0.00e+00 0.00e+00 0.00e+00 0.00e+00 0.00e+00
 Fluorine      9.53e-01 4.41e-02 2.41e-03 0.00e+00 0.00e+00 0.00e+00 0.00e+00 0.00e+00 0.00e+00 0.00e+00
 Neon          9.24e-01 7.39e-02 1.69e-03 0.00e+00 0.00e+00 0.00e+00 0.00e+00 0.00e+00 0.00e+00 0.00e+00 0.00e+00
 Sodium        5.63e-02 9.25e-01 1.87e-02 0.00e+00 0.00e+00 0.00e+00 0.00e+00 0.00e+00 0.00e+00 0.00e+00 0.00e+00 0.00e+00
 Magnesium     1.50e-02 9.47e-01 3.76e-02 0.00e+00 0.00e+00 0.00e+00 0.00e+00 0.00e+00 0.00e+00 0.00e+00 0.00e+00 0.00e+00 0.00e+00
 Aluminium  0  2.66e-04 9.09e-01 6.16e-02 2.87e-02 1.06e-06 0.00e+00 0.00e+00 0.00e+00 0.00e+00 0.00e+00 0.00e+00 0.00e+00 0.00e+00
 Silicon    0  3.05e-03 9.97e-01 5.90e-06 4.36e-05 0.00e+00 0.00e+00 0.00e+00 0.00e+00 0.00e+00 0.00e+00 0.00e+00 0.00e+00 0.00e+00
 Phosphorus 0  2.02e-03 9.51e-01 4.73e-02 1.40e-04 0.00e+00 0.00e+00 0.00e+00 0.00e+00 0.00e+00 0.00e+00 0.00e+00 0.00e+00 0.00e+00
 Sulphur    0  7.28e-04 9.63e-01 3.64e-02 5.54e-06 0.00e+00 0.00e+00 0.00e+00 0.00e+00 0.00e+00 0.00e+00 0.00e+00 0.00e+00 0.00e+00
 Chlorine   0  3.37e-03 9.30e-01 6.65e-02 1.07e-05 0.00e+00 0.00e+00 0.00e+00 0.00e+00 0.00e+00 0.00e+00 0.00e+00 0.00e+00 0.00e+00
 Argon      0  6.98e-01 2.99e-01 2.99e-03 2.63e-06 0.00e+00 0.00e+00 0.00e+00 0.00e+00 0.00e+00 0.00e+00 0.00e+00 0.00e+00 0.00e+00
 Potassium  0  7.95e-03 9.19e-01 7.25e-02 1.46e-05 5.88e-04 0.00e+00 0.00e+00 0.00e+00 0.00e+00 0.00e+00 0.00e+00 0.00e+00 0.00e+00
 Calcium    0  9.97e-04 2.67e-01 7.29e-01 3.16e-03 1.97e-05 0.00e+00 0.00e+00 0.00e+00 0.00e+00 0.00e+00 0.00e+00 0.00e+00 0.00e+00
 Scandium   0  2.26e-03 7.33e-01 2.62e-01 2.83e-03 4.31e-04 0.00e+00 0.00e+00 0.00e+00 0.00e+00 0.00e+00 0.00e+00 0.00e+00 0.00e+00
 Titanium   0  1.74e-03 9.91e-01 6.89e-03 1.57e-05 3.41e-04 0.00e+00 0.00e+00 0.00e+00 0.00e+00 0.00e+00 0.00e+00 0.00e+00 0.00e+00
 Vanadium   0  1.21e-02 9.79e-01 8.97e-03 2.38e-06 2.01e-05 0.00e+00 0.00e+00 0.00e+00 0.00e+00 0.00e+00 0.00e+00 0.00e+00 0.00e+00
 Chromium   0  1.55e-03 9.98e-01 2.59e-04 1.42e-06 3.56e-06 0.00e+00 0.00e+00 0.00e+00 0.00e+00 0.00e+00 0.00e+00 0.00e+00 0.00e+00
 Manganese  0  4.44e-03 9.95e-01 8.26e-05 2.31e-06 9.34e-06 0.00e+00 0.00e+00 0.00e+00 0.00e+00 0.00e+00 0.00e+00 0.00e+00 0.00e+00
 Iron       0  1.70e-03 9.98e-01 1.85e-05 5.54e-05 1.81e-06 0.00e+00 0.00e+00 0.00e+00 0.00e+00 0.00e+00 0.00e+00 0.00e+00 0.00e+00
 Cobalt     0  3.34e-02 9.66e-01 4.49e-05 9.55e-06 5.12e-05 0.00e+00 0.00e+00 0.00e+00 0.00e+00 0.00e+00 0.00e+00 0.00e+00 0.00e+00
 Nickel     0  3.84e-03 9.96e-01 5.88e-05 1.37e-06 5.11e-06 0.00e+00 0.00e+00 0.00e+00 0.00e+00 0.00e+00 0.00e+00 0.00e+00 0.00e+00
 Copper     0  4.64e-03 7.70e-01 2.25e-01 2.70e-06 0.00e+00 0.00e+00 0.00e+00 0.00e+00 0.00e+00 0.00e+00 0.00e+00 0.00e+00 0.00e+00
 Zinc       0  1.37e-02 6.51e-01 2.16e-01 1.03e-01 1.67e-02 0.00e+00 0.00e+00 0.00e+00 0.00e+00 0.00e+00 0.00e+00 0.00e+00 0.00e+00
   CIV QSO  
   Calculation stopped because outer radius reached. Iteration 2 of 10
   The geometry is spherical.
 C-Continuum zero at some energies.
  !Background cosmic rays are not included - is this physical?  It affects the chemistry.
  !Ionization rate fell below background cosmic ray ionization rate.  Should this be added too?
  !   Use the COSMIC RAY BACKGROUND command.
  !Some input lines contained underscores, these were changed to spaces.
  !Suprathermal collisional ionization of H reached 90.30% of the local H ionization rate.
  !Charge transfer H => H+ reached 880.2% of the local H ionization rate.
  !Non-collisional excitation of [O III] 4363 reached 4.14% of the total.
  !AGE: Cloud age was not set.  Longest timescale was 5.67e+16 s = 1.80e+09 years.
  !The excitation temp of Lya exceeded the electron temp, largest value was 2.65e+03K (gas temp there was 2.73e+02K, zone 316)
  !Incident radiation field energy density is less than 2.7K.  Add background with CMB command.
  !The CMB was not included.  This is added with the CMB command.
  !The intensity of the incident radiation field is less than 10 times the Habing diffuse ISM field.  Is this OK?
  !   Consider adding diffuse ISM emission with TABLE ISM command.
  !The optical depth in the H I 21 cm line is 1.25e+00
   Iteration not converged because Converged!.
   Te-ne bounds of Case B lookup table exceeded, H I Case B line intensities set to zero.
   Te-ne bounds of Case B lookup table exceeded, He II Case B line intensities set to zero.
   Charge transfer heating reached 1.19% of the local heating.
   The density is too low to l-mix the lowest H  I collapsed level.  More resolved levels are needed for accurate line ratios.
   The density is too low to l-mix the lowest He I collapsed level.  More resolved levels are needed for accurate line ratios.
   Grains were not present but might survive in this environment (energy density temperature was 1.54e+00K)
   Cloud thicker than smallest Jeans length=1.33e+22cm; stability problems? (smallest Jeans mass=9.25e+05Mo)
   Is an outer radius of 3.16e+23 reasonable?

                       *********************************> Cloudy 17.03 <**********************************
                       * title CIV QSO                                                                   *
                       * set punch prefix "CIV_QSO"                                                      *
                       * radius = 21.500 23.500                                                          *
                       * iterate to convergence                                                          *
                       * sphere                                                                          *
                       * init "dlaw_HI_exp.ini"                                                          *
                       * table SED "QSO.sed"                                                             *
                       * no line transfer                                                                *
                       * nuL(nu) = 40.5 at 1 Ryd                                                         *
                       * stop temperature off                                                            *
                       * metals 1.0                                                                      *
                       * save last radius ".rad"                                                         *
                       * save last continuum ".cont"                                                     *
                       * save last physical conditions ".phy"                                            *
                       * save last overview ".ovr"                                                       *
                       * save last heating ".heat"                                                       *
                       * save last cooling ".cool"                                                       *
                       * save last optical depth ".opd"                                                  *
                       * save last element hydrogen ".ele_H"                                             *
                       * save last element helium ".ele_He"                                              *
                       * save last element carbon ".ele_C"                                               *
                       * save last element nitrogen ".ele_N"                                             *
                       * save last element oxygen ".ele_O"                                               *
                       * save last element argon ".ele_Ar"                                               *
                       * save last element neon ".ele_Ne"                                                *
                       * save last element sulphur ".ele_S"                                              *
                       * save last element chlorin ".ele_Cl"                                             *
                       * save last element iron ".ele_Fe"                                                *
                       * save last element silicon ".ele_Si"                                             *
                       * save last lines emissivity  ".emis"                                             *
                       * H  1  1215.67A                                                                  *
                       * H  1  1025.72A                                                                  *
                       * H  1  4861.33A                                                                  *
                       * H  1  6562.81A                                                                  *
                       * O  6  1031.91A                                                                  *
                       * O  6  1037.62A                                                                  *
                       * He 2  949.31A                                                                   *
                       * He 2  972.108A                                                                  *
                       * He 2  1025.27A                                                                  *
                       * He 2  1640.43A                                                                  *
                       * He 2  4859A                                                                     *
                       * He 2  4339A                                                                     *
                       * He 2  6527A                                                                     *
                       * He 2  6560A                                                                     *
                       * C  4  1550.78                                                                   *
                       * O  3  5006.84A                                                                  *
                       * N  5  1238.82                                                                   *
                       * N  5  1242.80                                                                   *
                       * c  4  1548.19                                                                   *
                       * c  4  1550.78                                                                   *
                       * mg 2  2795.53                                                                   *
                       * mg 2  2802.71                                                                   *
                       * end of lines                                                                    *
                       *********************************> Log(U): -1.03 <*********************************
                       >>>>>>>>>> Cautions are present.

                     Emission Line Spectrum.  Special Density Lw Model.  Closed geometry.  Iteration 2 of 10.
                                    Luminosity (erg/s) emitted by a shell with full coverage.


                                                   Intrinsic line intensities
general properties.............................      Ca B                1.81740m   36.736    0.0182      Ar 2                6.98337m   37.194    0.0524
Inci                      0    41.207  540.0986      Ca B                1.73620m   36.594    0.0132      Ar 3                3109.18A   35.797    0.0021
TotH                      0    40.246   59.1083      Ca B                1.68064m   36.466    0.0098      Ar 3                7135.79A   37.792    0.2077
TotC                      0    40.246   59.0983      Ca B                1.64071m   36.351    0.0075      Ar 3                7751.11A   37.167    0.0493
BFH1                      0    40.045   37.1655      Ca B                1.61092m   36.245    0.0059      Ar 3                8.98898m   37.923    0.2808
BFHe                      0    39.742   18.5164      Ca B                1.58804m   36.148    0.0047      Ar 3                21.8253m   36.747    0.0187
TotM                      0    38.946    2.9637      Ca B                1.57006m   36.057    0.0038      Ar 4                4711.26A   36.356    0.0076
CT H                      0    38.137    0.4598      Ca B                1.55563m   35.973    0.0031      Ar 4                4740.12A   36.204    0.0054
H FB                      0    38.874    2.5081      Ca B                1.54388m   35.893    0.0026      Ar 5                6435.12A   35.568    0.0012
HFBc                      0    38.874    2.5081      Ca B                1.53417m   35.819    0.0022      Ar 5                7005.83A   35.900    0.0027
H  1c                     0    38.247    0.5916      Ca B                1.52604m   35.748    0.0019      Ar 5                7.89971m   36.529    0.0113
Al 3c                     0    36.059    0.0038      Ca B                1.51917m   35.682    0.0016      Ar 5                13.0985m   36.767    0.0196
Al 6c                     0    36.289    0.0065      Ca B                1.51331m   35.618    0.0014      Ar 6                4.52800m   36.014    0.0035
Ar 2c                     0    37.194    0.0524      Ca B                1.50827m   35.558    0.0012      C  1                9824.13A   36.042    0.0037
Ar 3c                     0    38.222    0.5597      Ca B                1.50389m   35.501    0.0011      C  1                9850.26A   36.517    0.0110
Ar 4c                     0    36.629    0.0143      Ca B                3.03835m   36.367    0.0078      C  1                370.269m   36.049    0.0038
Ar 5c                     0    37.018    0.0350      Ca B                2.87219m   36.238    0.0058      C  1                609.590m   35.981    0.0032
Ar 6c                     0    36.014    0.0035      Ca B                2.75749m   36.122    0.0044      C  2                1334.53A   35.753    0.0019
C  1c                     0    36.811    0.0217      Ca B                2.67438m   36.015    0.0035      C  2                1335.71A   35.554    0.0012
C  2c                     0    38.960    3.0614      Ca B                2.61191m   35.917    0.0028      C  2                2323.50A   36.592    0.0131
C  3c                     0    37.661    0.1535      Ca B                2.56361m   35.826    0.0022      C  2                2324.69A   36.936    0.0290
Ca 4c                     0    36.963    0.0308      Ca B                2.52538m   35.740    0.0018      C  2                2325.40A   37.235    0.0576
Co 2c                     0    36.759    0.0192      Ca B                2.49455m   35.661    0.0015      C  2                2326.93A   37.374    0.0793
Co 3c                     0    36.044    0.0037      Ca B                2.46929m   35.586    0.0013      C  2                2328.12A   36.989    0.0327
Cr 2c                     0    36.842    0.0233      Ca B                2.44831m   35.515    0.0011      C  2                157.636m   38.929    2.8457
Fe 2c                     0    39.438    9.1987      Ca B                12.3684m   36.650    0.0150      C  3                1908.73A   37.259    0.0609
Fe 3c                     0    38.357    0.7626      Ca B                7.50038m   36.483    0.0102      C  3                1906.68A   37.437    0.0917
Fe 7c                     0    37.095    0.0417      Ca B                5.90655m   36.322    0.0070      Ca 4                3.20610m   36.963    0.0308
K  3c                     0    36.546    0.0118      Ca B                5.12722m   36.178    0.0051      Co 2                10.5199m   35.972    0.0031
K  4c                     0    35.594    0.0013      Ca B                4.67119m   36.049    0.0038      Co 2                2.98382m   36.444    0.0093
Mg 1c                     0    37.298    0.0666      Ca B                4.37522m   35.931    0.0029      Co 2                1.01879m   35.600    0.0013
Mn 2c                     0    36.556    0.0121      Ca B                4.16962m   35.824    0.0022      Co 3                11.8845m   35.735    0.0018
N  1c                     0    37.443    0.0929      Ca B                4.01974m   35.725    0.0018      Cr 2                8000.08A   36.333    0.0072
N  5c                     0    35.860    0.0024      Ca B                3.90645m   35.633    0.0014      Cr 2                8125.30A   36.266    0.0062
Ne 2c                     0    37.937    0.2899      Ca B                3.81838m   35.548    0.0012      Cr 2                8229.67A   36.173    0.0050
Ne 3c                     0    38.735    1.8238      Ca B                19.0565m   36.292    0.0066      Cr 2                8308.49A   35.987    0.0033
O  1c                     0    38.299    0.6674      Ca B                11.3055m   36.153    0.0048      Cr 2                8357.64A   35.694    0.0017
O  2c                     0    39.041    3.6874      Ca B                8.75760m   36.013    0.0035      Fe 2                25.9811m   38.400    0.8426
O  3c                     0    39.513   10.9190      Ca B                7.50599m   35.884    0.0026      Fe 2                5.33881m   38.836    2.3011
O  5c                     0    35.954    0.0030      Ca B                6.77008m   35.767    0.0020      Fe 2                4.11394m   35.883    0.0026
P  2c                     0    37.649    0.1495      Ca B                6.29014m   35.659    0.0015      Fe 2                1.25668m   38.705    1.6995
P  3c                     0    36.489    0.0103      Ca B                5.95517m   35.560    0.0012      Fe 2                4416.27A   36.625    0.0141
S  2c                     0    38.902    2.6747      Ca B                27.7955m   35.976    0.0032      Fe 2                4382.74A   35.512    0.0011
S  3c                     0    39.195    5.2546      Ca B                16.2045m   35.860    0.0024      Fe 2                4287.39A   36.860    0.0243
Si 2c                     0    39.120    4.4240      Ca B                12.3837m   35.736    0.0018      Fe 2                2599.40A   37.716    0.1742
Si 3c                     0    37.312    0.0688      Ca B                10.5005m   35.620    0.0014      Fe 2                2585.88A   36.608    0.0136
Si 4c                     0    36.217    0.0055      Ca B                9.38937m   35.513    0.0011      Fe 2                2382.04A   37.717    0.1747
Si 7c                     0    35.710    0.0017      Ca B                38.8589m   35.692    0.0017      Fe 2                2373.74A   35.750    0.0019
Al 2c                     0    37.144    0.0467      Ca B                22.3342m   35.595    0.0013      Fe 2                2343.50A   36.976    0.0318
Al 5c                     0    36.145    0.0047      Ca B                16.8759m   35.485    0.0010      Fe 2                35.3394m   37.707    0.1708
C  4c                     0    37.247    0.0592      H  1                2431.34A   39.335    7.2568      Fe 2                1.32055m   38.127    0.4496
Ca 2c                     0    38.206    0.5394      H  1                1215.67A   40.018   34.9925      Fe 2                1.24854m   36.326    0.0071
Ca 5c                     0    36.492    0.0104      H  1                1025.72A   39.284    6.4443      Fe 2                7637.54A   37.012    0.0345
Cl 2c                     0    36.940    0.0292      H  1                972.537A   38.854    2.3952      Fe 2                4889.62A   36.503    0.0107
Cl 3c                     0    36.704    0.0169      H  1                949.743A   38.541    1.1642      Fe 2                4492.63A   35.744    0.0019
Cl 4c                     0    36.568    0.0124      H  1                937.804A   38.293    0.6577      Fe 2                4457.94A   36.200    0.0053
Fe 4c                     0    37.631    0.1433      H  1                930.748A   38.087    0.4095      Fe 2                4359.33A   36.724    0.0178
Fe 5c                     0    37.847    0.2359      H  1                926.226A   37.910    0.2728      Fe 2                2625.67A   37.152    0.0476
Fe 6c                     0    37.797    0.2100      H  1                923.150A   37.756    0.1911      Fe 2                2611.87A   37.044    0.0371
Mg 2c                     0    38.545    1.1759      H  1                920.963A   37.618    0.1391      Fe 2                2598.37A   36.205    0.0054
Mg 4c                     0    37.232    0.0572      H  1                919.351A   37.862    0.2439      Fe 2                2395.63A   36.909    0.0272
Mg 5c                     0    36.990    0.0328      H  1                918.129A   37.763    0.1945      Fe 2                2388.63A   35.520    0.0011
Mg 7c                     0    35.500    0.0011      H  1                917.181A   37.673    0.1580      Fe 2                2364.83A   36.793    0.0208
N  2c                     0    38.950    2.9891      H  1                916.429A   37.590    0.1305      Fe 2                51.2865m   37.089    0.0412
N  3c                     0    38.400    0.8414      H  1                915.824A   37.513    0.1092      Fe 2                5.67249m   36.054    0.0038
N  4c                     0    36.235    0.0058      H  1                915.329A   37.441    0.0927      Fe 2                4.60647m   35.548    0.0012
Na 3c                     0    36.915    0.0276      H  1                914.919A   37.375    0.0796      Fe 2                1.37182m   37.903    0.2684
Na 4c                     0    36.391    0.0082      H  1                914.576A   37.315    0.0692      Fe 2                1.29427m   36.994    0.0331
Ne 4c                     0    37.082    0.0405      H  1                914.286A   37.259    0.0609      Fe 2                7686.94A   36.751    0.0189
Ne 5c                     0    38.034    0.3630      H  1                914.039A   37.210    0.0544      Fe 2                4728.07A   36.000    0.0034
Ne 6c                     0    36.728    0.0179      H  1                913.826A   37.169    0.0495      Fe 2                4514.90A   35.566    0.0012
Ni 2c                     0    38.086    0.4089      H  1                913.641A   37.140    0.0463      Fe 2                4488.75A   35.713    0.0017
O  4c                     0    38.594    1.3168      H  1                913.480A   37.132    0.0455      Fe 2                4413.78A   36.571    0.0125
O  6c                     0    35.698    0.0017      H  1                913.339A   37.177    0.0504      Fe 2                2631.32A   36.728    0.0179
S  4c                     0    38.388    0.8187      H  1                913.215A   37.970    0.3130      Fe 2                2617.62A   35.716    0.0017
Si 6c                     0    36.150    0.0047      H  1                6562.81A   38.904    2.6903      Fe 2                2607.09A   35.935    0.0029
continua.......................................      H  1                4861.33A   38.475    1.0000      Fe 2                2404.89A   35.833    0.0023
Bac                 3646.00A   40.006   34.0268      H  1                4340.46A   38.155    0.4795      Fe 2                2380.76A   36.516    0.0110
nFnu                3645.00A   40.049   37.5775      H  1                4101.73A   37.904    0.2688      Fe 2                87.3582m   36.316    0.0069
nFnu                3647.00A   39.025    3.5507      H  1                3970.07A   37.697    0.1668      Fe 2                4.43368m   35.546    0.0012
cout                3646.00A   40.006   34.0268      H  1                3889.05A   37.520    0.1110      Fe 2                1.32778m   36.748    0.0188
thin                3646.00A   40.006   34.0347      H  1                3835.38A   37.366    0.0779      Fe 2                1.27878m   36.640    0.0146
Inci                4860.00A   40.447   93.8256      H  1                3797.89A   37.229    0.0568      Fe 2                1.25214m   35.583    0.0013
Inci                1215.00A   40.936  289.4782      H  1                3770.63A   37.299    0.0667      Fe 2                4452.10A   36.374    0.0079
Ba C                      0    39.129    4.5128      H  1                3750.15A   37.201    0.0533      Fe 2                2631.05A   35.946    0.0030
PA C                      0    38.721    1.7637      H  1                3734.36A   37.111    0.0433      Fe 2                2613.82A   35.586    0.0013
FIR                 83.0000m   39.842   23.3271      H  1                3721.93A   37.028    0.0358      Fe 2                1.29777m   36.276    0.0063
TIR                 1800.00m   36.641    0.0147      H  1                3711.97A   36.951    0.0299      Fe 2                1.27035m   36.296    0.0066
NIRa                2.85000m   40.811  216.9332      H  1                3703.85A   36.880    0.0254      Fe 2                7874.25A   35.893    0.0026
NIRb                3.00000m   40.386   81.4700      H  1                3697.15A   36.814    0.0218      Fe 2                4474.90A   36.060    0.0039
MIRa                15.0000m   40.444   93.2404      H  1                3691.55A   36.753    0.0190      Fe 2                2628.29A   35.599    0.0013
MIRb                22.5000m   40.546  117.8595      H  1                3686.83A   36.698    0.0167      Fe 2                17.9314m   37.802    0.2125
NMIR                21.7500m   40.811  216.9332      H  1                3682.80A   36.649    0.0149      Fe 2                1.64355m   38.632    1.4375
TFIR                611.250m   38.957    3.0397      H  1                3679.35A   36.608    0.0136      Fe 2                1.53347m   37.049    0.0375
TALL                10000.0A   41.201  532.2117      H  1                3676.36A   36.579    0.0127      Fe 2                8616.95A   37.590    0.1305
F12                 12.0000m   39.989   32.7072      H  1                3673.75A   36.571    0.0125      Fe 2                5273.35A   36.619    0.0139
F25                 25.0000m   39.809   21.6216      H  1                3671.47A   36.615    0.0138      Fe 2                5158.78A   37.257    0.0605
F60                 60.0000m   39.671   15.7064      H  1                3669.46A   37.409    0.0859      Fe 2                5111.63A   36.303    0.0067
F100                100.000m   39.090    4.1233      H  1                1.87510m   38.073    0.3971      Fe 2                4814.53A   36.625    0.0141
MIPS                24.0000m   39.560   12.1804      H  1                1.28180m   37.776    0.2000      Fe 2                4774.72A   35.925    0.0028
MIPS                70.0000m   39.053    3.7856      H  1                1.09380m   37.524    0.1121      Fe 2                4243.97A   36.623    0.0141
MIPS                160.000m   38.915    2.7545      H  1                1.00493m   37.314    0.0692      Fe 2                4177.20A   35.674    0.0016
IRAC                3.60000m   39.576   12.6341      H  1                9545.93A   37.135    0.0458      Fe 2                3376.20A   35.990    0.0033
IRAC                4.50000m   39.614   13.7948      H  1                9228.97A   36.979    0.0320      Fe 2                2360.00A   35.502    0.0011
IRAC                5.80000m   39.706   17.0438      H  1                9014.87A   36.841    0.0233      Fe 2                2348.12A   35.488    0.0010
IRAC                8.00000m   39.809   21.6000      H  1                8862.74A   36.784    0.0204      Fe 2                24.5120m   37.067    0.0391
SPR1                250.000m   36.307    0.0068      H  1                8750.43A   36.686    0.0163      Fe 2                1.80939m   37.929    0.2848
SPR2                350.000m   36.422    0.0089      H  1                8664.98A   36.596    0.0132      Fe 2                1.67688m   36.910    0.0272
SPR3                500.000m   36.139    0.0046      H  1                8598.35A   36.513    0.0109      Fe 2                1.59947m   36.701    0.0168
PAC1                70.0000m   39.109    4.3134      H  1                8545.34A   36.437    0.0092      Fe 2                9051.95A   36.932    0.0287
PAC2                100.000m   39.096    4.1794      H  1                8502.44A   36.366    0.0078      Fe 2                8891.91A   37.108    0.0430
PAC3                160.000m   38.916    2.7610      H  1                8467.21A   36.300    0.0067      Fe 2                5433.13A   36.104    0.0043
PAH                 3.30000m   38.719    1.7550      H  1                8437.91A   36.239    0.0058      Fe 2                5261.62A   36.814    0.0219
PAHC                3.23000m   38.438    0.9202      H  1                8413.28A   36.184    0.0051      Fe 2                5220.06A   35.842    0.0023
PAHC                3.37000m   38.410    0.8612      H  1                8392.35A   36.135    0.0046      Fe 2                5158.00A   35.891    0.0026
PAH                 6.20000m   39.162    4.8656      H  1                8374.43A   36.094    0.0042      Fe 2                4947.37A   35.774    0.0020
PAHC                5.65000m   39.201    5.3234      H  1                8358.96A   36.065    0.0039      Fe 2                4905.34A   36.152    0.0048
PAH                 7.90000m   39.350    7.5122      H  1                8345.51A   36.057    0.0038      Fe 2                4874.48A   35.846    0.0024
PAHC                6.90000m   39.420    8.8188      H  1                8333.74A   36.102    0.0042      Fe 2                4346.85A   35.960    0.0031
PAH                 11.3000m   38.761    1.9364      H  1                8323.38A   36.895    0.0263      Fe 2                4276.83A   36.274    0.0063
PAHC                10.9000m   38.784    2.0384      H  1                4.05113m   37.446    0.0937      Fe 2                3440.99A   35.515    0.0011
PAH                 11.8000m   38.978    3.1869      H  1                2.62513m   37.229    0.0568      Fe 2                35.7670m   36.222    0.0056
PAHC                12.6500m   38.986    3.2459      H  1                2.16551m   37.025    0.0355      Fe 2                1.80002m   36.738    0.0183
PAH                 13.3000m   38.978    3.1845      H  1                1.94454m   36.847    0.0236      Fe 2                1.71113m   36.119    0.0044
PAHC                14.1000m   38.964    3.0872      H  1                1.81740m   36.691    0.0164      Fe 2                1.66377m   36.255    0.0060
Bcon                3640.00A   40.780  201.9143      H  1                1.73620m   36.552    0.0119      Fe 2                9399.04A   36.155    0.0048
Pcon                5000.00A   40.303   67.3135      H  1                1.68064m   36.414    0.0087      Fe 2                9226.62A   36.852    0.0239
O3bn                5007.00A   39.194    5.2445      H  1                1.64071m   36.317    0.0070      Fe 2                9033.50A   35.726    0.0018
SX                  25.0000A   39.603   13.4483      H  1                1.61092m   36.228    0.0057      Fe 2                5333.65A   36.226    0.0056
HX                  4.70000A   39.307    6.8065      H  1                1.58804m   36.145    0.0047      Fe 2                5268.87A   35.695    0.0017
HFFc                      0    38.722    1.7666      H  1                1.57006m   36.069    0.0039      Fe 2                5005.51A   35.714    0.0017
H FF                      0    38.660    1.5320      H  1                1.55563m   35.998    0.0033      Fe 2                4973.39A   35.745    0.0019
HeFF                      0    37.825    0.2240      H  1                1.54388m   35.932    0.0029      Fe 2                4352.78A   35.930    0.0029
MeFB                      0    36.817    0.0220      H  1                1.53417m   35.871    0.0025      Fe 2                4319.62A   35.741    0.0018
MeFF                      0    36.191    0.0052      H  1                1.52604m   35.817    0.0022      Fe 2                1.79710m   36.346    0.0074
ToFF                      0    38.720    1.7612      H  1                1.51917m   35.768    0.0020      Fe 2                1.74494m   35.947    0.0030
nFnu                6917.22m   35.600    0.0013      H  1                1.51331m   35.727    0.0018      Fe 2                9470.94A   36.286    0.0065
nFnu                122.400m   37.062    0.0387      H  1                1.50827m   35.698    0.0017      Fe 2                9267.56A   35.831    0.0023
nFnu                60.8322m   37.308    0.0682      H  1                1.50389m   35.690    0.0016      Fe 2                5376.45A   35.483    0.0010
nInu                60.8322m   39.684   16.1996      H  1                1.50008m   35.735    0.0018      Fe 2                22.8960m   35.824    0.0022
nFnu                41.2152m   37.461    0.0969      H  1                1.49672m   36.528    0.0113      Fe 2                1.81139m   36.135    0.0046
nInu                41.2152m   39.907   27.0852      H  1                7.45777m   36.932    0.0287      Fe 2                1.74842m   35.866    0.0025
nFnu                30.8695m   37.564    0.1227      H  1                4.65247m   36.770    0.0197      Fe 2                2755.74A   36.332    0.0072
nInu                30.8695m   40.019   35.0663      H  1                3.73951m   36.602    0.0134      Fe 2                2739.55A   36.028    0.0036
nFnu                24.7829m   37.643    0.1473      H  1                3.29607m   36.449    0.0094      Fe 3                22.9190m   37.982    0.3218
nInu                24.7829m   40.079   40.1972      H  1                3.03835m   36.312    0.0069      Fe 3                4924.66A   35.936    0.0029
nFnu                24.2998m   37.649    0.1496      H  1                2.87219m   36.125    0.0045      Fe 3                4881.12A   36.821    0.0222
nInu                24.2998m   40.087   41.0091      H  1                2.75749m   36.029    0.0036      Fe 3                4658.01A   37.482    0.1017
nFnu                22.8302m   37.673    0.1581      H  1                2.67438m   35.940    0.0029      Fe 3                4607.11A   36.224    0.0056
nInu                22.8302m   40.105   42.6607      H  1                2.61191m   35.858    0.0024      Fe 3                33.0270m   37.428    0.0899
nFnu                21.4199m   37.694    0.1658      H  1                2.56361m   35.782    0.0020      Fe 3                5270.40A   37.408    0.0859
nInu                21.4199m   40.118   44.0330      H  1                2.52538m   35.711    0.0017      Fe 3                4987.33A   36.056    0.0038
nFnu                21.1235m   37.700    0.1679      H  1                2.49455m   35.645    0.0015      Fe 3                4754.64A   36.744    0.0186
nInu                21.1235m   40.122   44.4015      H  1                2.46929m   35.585    0.0013      Fe 3                4701.62A   36.990    0.0327
nFnu                19.6199m   37.728    0.1795      H  1                2.44831m   35.530    0.0011      Fe 3                4666.94A   35.836    0.0023
nInu                19.6199m   40.128   45.0112      H  1                2.43068m   35.481    0.0010      Fe 3                51.6655m   36.830    0.0227
nFnu                17.6534m   37.768    0.1967      H  1                2.37371m   36.242    0.0059      Fe 3                5011.16A   36.597    0.0133
nInu                17.6534m   40.150   47.3975      H  1                12.3684m   36.495    0.0105      Fe 3                4769.52A   36.515    0.0110
nFnu                17.3700m   37.774    0.1991      H  1                7.50038m   36.372    0.0079      Fe 3                4733.84A   36.390    0.0082
nInu                17.3700m   40.154   47.7942      H  1                5.90655m   36.232    0.0057      Fe 3                105.345m   35.885    0.0026
nFnu                15.6901m   37.807    0.2148      H  1                5.12722m   36.100    0.0042      Fe 3                5411.98A   36.365    0.0078
nInu                15.6901m   40.166   49.1824      H  1                4.67119m   35.887    0.0026      Fe 3                4930.44A   35.636    0.0014
nFnu                14.6036m   37.836    0.2301      H  1                4.37522m   35.792    0.0021      Fe 3                4777.61A   36.067    0.0039
nInu                14.6036m   40.182   50.9342      H  1                4.16962m   35.704    0.0017      Fe 3                5084.66A   35.827    0.0023
nFnu                12.4300m   37.900    0.2661      H  1                4.01974m   35.622    0.0014      Fe 3                40.1336m   35.767    0.0020
nInu                12.4300m   40.197   52.7805      H  1                3.90645m   35.546    0.0012      Fe 7                9.50763m   36.718    0.0175
nFnu                11.4000m   37.926    0.2829      H  1                3.81838m   35.475    0.0010      Fe 7                5720.71A   36.022    0.0035
nInu                11.4000m   40.206   53.8628      H  1                3.48198m   36.008    0.0034      Fe 7                4988.55A   35.817    0.0022
nFnu                10.4600m   37.965    0.3095      H  1                19.0565m   36.116    0.0044      Fe 7                4893.37A   35.549    0.0012
nInu                10.4600m   40.216   55.0953      H  1                11.3055m   36.021    0.0035      Fe 7                7.81037m   36.184    0.0051
nFnu                9.48002m   37.994    0.3305      H  1                8.75760m   35.903    0.0027      Fe 7                6086.97A   36.196    0.0053
nInu                9.48002m   40.226   56.3790      H  1                7.50599m   35.682    0.0016      Fe 7                5158.89A   35.682    0.0016
nFnu                9.32488m   37.999    0.3343      H  1                6.77008m   35.589    0.0013      Fe 7                3586.32A   35.669    0.0016
nInu                9.32488m   40.229   56.8478      H  1                6.29014m   35.502    0.0011      Fe 7                3758.92A   35.823    0.0022
nFnu                8.21035m   38.052    0.3778      H  1                4.84633m   35.809    0.0022      K  3                4.61683m   36.546    0.0118
nInu                8.21035m   40.236   57.6920      H  1                27.7955m   35.782    0.0020      K  4                5.98030m   35.594    0.0013
nFnu                7.58000m   38.075    0.3981      H  1                16.2045m   35.708    0.0017      Mg 1                2852.13A   36.653    0.0151
nInu                7.58000m   40.244   58.8284      H  1                12.3837m   35.501    0.0011      Mg 1                4562.60A   37.026    0.0356
nFnu                7.05026m   38.118    0.4403      H  1                6.49914m   35.636    0.0015      Mg 1                4571.10A   36.597    0.0133
nInu                7.05026m   40.246   59.0362      H  1                38.8589m   35.484    0.0010      Mg 1                4575.29A   35.662    0.0015
nFnu                4.11370m   38.327    0.7113      H  1                8.48253m   35.484    0.0010      Mn 2                2576.10A   36.175    0.0050
nInu                4.11370m   40.244   58.8136      Ca A                234.347A   37.721    0.1763      Mn 2                2593.72A   36.085    0.0041
nFnu                2.32440m   38.493    1.0447      Ca A                232.584A   37.521    0.1113      Mn 2                2605.68A   35.945    0.0030
nInu                2.32440m   40.160   48.4972      Ca A                231.454A   37.351    0.0752      N  1                5197.90A   37.032    0.0361
nFnu                1.64313m   38.633    1.4392      Ca A                230.686A   37.202    0.0534      N  1                5200.26A   37.209    0.0542
nInu                1.64313m   40.005   33.9192      Ca A                230.139A   37.069    0.0394      N  5                1238.82A   35.681    0.0016
nFnu                1.48022m   38.633    1.4413      Ca A                229.736A   36.950    0.0299      Ne 2                12.8101m   37.937    0.2899
nInu                1.48022m   39.973   31.4781      Ca A                229.431A   36.841    0.0233      Ne 3                15.5509m   38.570    1.2445
nFnu                1.43649m   38.877    2.5255      Ca A                229.194A   36.742    0.0185      Ne 3                3868.76A   38.028    0.3574
nInu                1.43649m   39.966   31.0093      Ca A                229.006A   36.649    0.0149      Ne 3                36.0036m   37.526    0.1126
nFnu                1.11867m   38.824    2.2340      Ca A                228.855A   36.563    0.0123      Ne 3                3967.47A   37.510    0.1085
nInu                1.11867m   39.960   30.5494      Ca A                228.731A   36.482    0.0102      O  1                5577.34A   36.041    0.0037
nFnu                8329.68A   38.774    1.9926      Ca A                228.629A   36.407    0.0086      O  1                6300.30A   37.817    0.2202
nInu                8329.68A   40.024   35.4336      Ca A                228.543A   36.335    0.0073      O  1                6363.78A   37.322    0.0703
nFnu                8078.61A   39.247    5.9164      Ca A                228.471A   36.267    0.0062      O  1                63.1679m   38.011    0.3440
nInu                8078.61A   40.027   35.6702      Ca A                228.409A   36.203    0.0054      O  1                145.495m   36.927    0.0283
nFnu                6209.66A   39.112    4.3361      Ca A                228.356A   36.142    0.0047      O  2                2470.22A   36.278    0.0064
nInu                6209.66A   40.088   41.0963      Ca A                228.309A   36.084    0.0041      O  2                2470.34A   36.848    0.0236
nFnu                4885.36A   39.014    3.4654      Ca A                228.269A   36.028    0.0036      O  2                7318.92A   36.195    0.0053
nInu                4885.36A   40.349   74.9817      Ca A                228.234A   35.975    0.0032      O  2                7319.99A   36.655    0.0151
nFnu                3704.34A   38.955    3.0253      Ca A                992.360A   37.091    0.0413      O  2                7329.67A   36.417    0.0088
nInu                3704.34A   40.266   61.8409      Ca A                972.108A   36.911    0.0273      O  2                7330.73A   36.386    0.0082
nFnu                3587.67A   39.924   28.1358      Ca A                958.694A   36.755    0.0191      O  2                3728.81A   38.812    2.1750
nInu                3587.67A   40.282   64.2255      Ca A                949.324A   36.618    0.0139      O  2                3726.03A   38.634    1.4451
nFnu                2430.05A   39.457    9.6046      Ca A                942.508A   36.495    0.0105      O  3                88.3323m   39.015    3.4703
nInu                2430.05A   40.405   85.1643      Ca A                937.389A   36.384    0.0081      O  3                51.8004m   38.747    1.8736
nFnu                2392.03A   39.444    9.3160      Ca A                933.444A   36.282    0.0064      O  3                4958.91A   38.618    1.3916
nInu                2392.03A   40.391   82.4493      Ca A                930.337A   36.188    0.0052      O  3                5006.84A   39.093    4.1518
nFnu                2071.34A   39.391    8.2550      Ca A                927.846A   36.100    0.0042      O  3                2320.95A   36.064    0.0039
nInu                2071.34A   40.408   85.7080      Ca A                925.817A   36.019    0.0035      O  3                4363.21A   36.664    0.0155
nFnu                2052.68A   39.418    8.7795      Ca A                924.142A   35.942    0.0029      O  3                1660.81A   35.954    0.0030
nInu                2052.68A   40.398   83.8564      Ca A                922.743A   35.870    0.0025      O  3                1666.15A   36.421    0.0088
nFnu                1793.44A   39.467    9.8320      Ca A                921.562A   35.802    0.0021      O  5                1218.34A   35.558    0.0012
nInu                1793.44A   40.425   89.2597      Ca A                920.556A   35.737    0.0018      O  5                1213.81A   35.724    0.0018
nFnu                1585.12A   39.486   10.2591      Ca A                919.693A   35.675    0.0016      P  2                60.6263m   37.096    0.0418
nInu                1585.12A   40.495  104.8730      Ca A                918.945A   35.616    0.0014      P  2                32.8620m   36.905    0.0269
nFnu                1458.33A   39.486   10.2670      Ca A                918.295A   35.560    0.0012      P  2                1.14682m   36.806    0.0215
nInu                1458.33A   40.436   91.4741      Ca A                917.724A   35.506    0.0011      P  2                1.18828m   37.229    0.0569
nFnu                1356.96A   39.443    9.3083      Ca A                2385.35A   36.633    0.0144      P  2                7875.99A   35.706    0.0017
nInu                1356.96A   40.471   99.1110      Ca A                2306.15A   36.469    0.0099      P  3                17.8797m   36.489    0.0103
nFnu                1297.29A   39.336    7.2675      Ca A                2252.64A   36.326    0.0071      S  2                6730.82A   38.487    1.0284
nInu                1297.29A   40.499  105.6891      Ca A                2214.62A   36.199    0.0053      S  2                6716.44A   38.650    1.4975
nFnu                1262.79A   39.172    4.9788      Ca A                2186.56A   36.084    0.0041      S  2                4076.35A   36.809    0.0216
nInu                1262.79A   40.583  128.3792      Ca A                2165.20A   35.979    0.0032      S  2                4068.60A   37.298    0.0666
nFnu                1218.08A   38.122    0.4439      Ca A                2148.55A   35.883    0.0026      S  2                1.03364m   36.671    0.0157
nInu                1218.08A   40.929  284.5002      Ca A                2135.31A   35.793    0.0021      S  2                1.02867m   36.672    0.0158
nFnu                1196.33A   38.137    0.4599      Ca A                2124.58A   35.710    0.0017      S  2                1.03705m   36.349    0.0075
nInu                1196.33A   40.771  198.1157      Ca A                2115.78A   35.632    0.0014      S  2                1.03205m   36.806    0.0214
nFnu                1175.06A   38.145    0.4687      Ca A                2108.46A   35.558    0.0012      S  3                33.4704m   38.772    1.9840
nInu                1175.06A   40.614  137.8197      Ca A                2102.30A   35.489    0.0010      S  3                18.7078m   38.499    1.0573
nFnu                1143.64A   38.162    0.4873      Ca A                4541.46A   36.269    0.0062      S  3                9068.62A   38.265    0.6179
nInu                1143.64A   40.527  112.9199      Ca A                4338.55A   36.120    0.0044      S  3                9530.62A   38.665    1.5522
nFnu                1113.22A   38.180    0.5078      Ca A                4199.71A   35.988    0.0033      S  3                3721.63A   36.619    0.0139
nInu                1113.22A   40.518  110.5072      Ca A                4099.92A   35.869    0.0025      S  3                6312.06A   36.892    0.0262
nFnu                1103.23A   38.185    0.5134      Ca A                4025.48A   35.761    0.0019      S  3                1728.94A   35.723    0.0018
nInu                1103.23A   40.506  107.4010      Ca A                3968.32A   35.663    0.0015      Si 2                34.8046m   39.107    4.2926
nFnu                1073.86A   38.222    0.5589      Ca A                3923.37A   35.571    0.0012      Si 2                2334.41A   36.513    0.0109
nInu                1073.86A   40.527  112.9205      Ca A                3887.33A   35.486    0.0010      Si 2                2328.52A   35.894    0.0026
nFnu                1064.34A   38.227    0.5651      Ca A                7592.50A   35.958    0.0030      Si 2                1808.01A   36.489    0.0103
nInu                1064.34A   40.531  113.9013      Ca A                7177.28A   35.821    0.0022      Si 2                2350.17A   36.637    0.0145
nFnu                1035.92A   38.242    0.5860      Ca A                6890.67A   35.699    0.0017      Si 2                2344.20A   37.043    0.0370
nInu                1035.92A   40.599  133.1124      Ca A                6682.98A   35.589    0.0013      Si 2                2334.60A   36.932    0.0286
nFnu                1000.00A   38.268    0.6217      Ca A                6526.88A   35.488    0.0010      Si 2                1817.45A   36.204    0.0054
nInu                1000.00A   40.534  114.6020      Ca A                3.09074m   36.387    0.0082      Si 2                1816.93A   36.743    0.0185
nFnu                925.144A   38.328    0.7131      Ca A                1.87427m   36.173    0.0050      Si 2                1533.43A   35.716    0.0017
nInu                925.144A   40.501  106.3505      Ca A                1.47599m   35.985    0.0032      Si 3                1892.03A   36.909    0.0272
RRC............................................      Ca A                1.28124m   35.824    0.0022      Si 3                1882.71A   37.083    0.0406
H  1                3645.98A   38.683    1.6160      Ca A                1.16728m   35.683    0.0016      Si 3                1206.50A   35.488    0.0010
H  1                3645.98A   39.044    3.7151      Ca A                1.09332m   35.557    0.0012      Si 4                1393.75A   36.032    0.0036
H  1                8203.53A   37.936    0.2896      Ca A                4.76203m   36.049    0.0038      Si 4                1402.77A   35.756    0.0019
H  1                8203.53A   38.347    0.7447      Ca A                2.82513m   35.872    0.0025      Si 7                2.48071m   35.613    0.0014
H  1                8203.53A   38.267    0.6202      Ca A                2.18843m   35.707    0.0017      Al 2                2669.15A   36.707    0.0171
H  1                1.45841m   37.440    0.0924      Ca A                1.87567m   35.562    0.0012      Al 2                2660.35A   36.890    0.0261
H  1                1.45841m   37.858    0.2416      Ca A                6.94582m   35.747    0.0019      Al 2                1670.79A   36.024    0.0035
H  1                1.45841m   37.886    0.2580      Ca A                4.04934m   35.599    0.0013      Al 5                2.90450m   36.145    0.0047
H  1                1.45841m   37.571    0.1247      Ca A                9.71043m   35.475    0.0010      C  4                1550.78A   36.774    0.0199
H  1                2.27876m   37.076    0.0399      Ca B                992.360A   37.234    0.0575      C  4                1548.19A   37.069    0.0393
H  1                2.27876m   37.493    0.1043      Ca B                972.108A   37.054    0.0380      Ca 2                7323.89A   37.667    0.1556
H  1                2.27876m   37.554    0.1201      Ca B                958.694A   36.898    0.0265      Ca 2                7291.47A   37.834    0.2288
H  1                2.27876m   37.386    0.0815      Ca B                949.324A   36.760    0.0193      Ca 2                3968.47A   37.167    0.0492
H  1                2.27876m   36.914    0.0275      Ca B                942.508A   36.637    0.0145      Ca 2                8662.14A   35.962    0.0031
H  1                3.28142m   36.790    0.0207      Ca B                937.389A   36.525    0.0112      Ca 2                3933.66A   37.457    0.0961
H  1                3.28142m   37.206    0.0539      Ca B                933.444A   36.422    0.0089      Ca 2                8542.09A   36.221    0.0056
H  1                3.28142m   37.279    0.0638      Ca B                930.337A   36.328    0.0071      Ca 5                4.15739m   36.301    0.0067
H  1                3.28142m   37.165    0.0491      Ca B                927.846A   36.240    0.0058      Ca 5                5309.11A   35.899    0.0027
H  1                3.28142m   36.867    0.0247      Ca B                925.817A   36.158    0.0048      Cl 2                14.3639m   36.514    0.0109
H  1                3.28142m   36.290    0.0065      Ca B                924.142A   36.081    0.0040      Cl 2                8578.70A   36.608    0.0136
H  1                4.46637m   36.557    0.0121      Ca B                922.743A   36.009    0.0034      Cl 2                9123.60A   36.024    0.0035
H  1                4.46637m   36.971    0.0313      Ca B                921.562A   35.940    0.0029      Cl 3                5537.87A   36.290    0.0065
H  1                4.46637m   37.049    0.0376      Ca B                920.556A   35.875    0.0025      Cl 3                5517.71A   36.448    0.0094
H  1                4.46637m   36.960    0.0306      Ca B                919.693A   35.813    0.0022      Cl 4                20.3197m   36.174    0.0050
H  1                4.46637m   36.733    0.0181      Ca B                918.945A   35.754    0.0019      Cl 4                11.7629m   36.073    0.0040
H  1                4.46637m   36.348    0.0075      Ca B                918.295A   35.698    0.0017      Cl 4                8045.62A   35.838    0.0023
H  1                4.46637m   35.696    0.0017      Ca B                917.724A   35.644    0.0015      Fe 4                3095.77A   37.132    0.0455
H  1                5.83363m   36.360    0.0077      Ca B                2385.35A   36.679    0.0160      Fe 4                3094.96A   36.916    0.0276
H  1                5.83363m   36.772    0.0198      Ca B                2306.15A   36.517    0.0110      Fe 4                3094.53A   36.750    0.0189
H  1                5.83363m   36.853    0.0239      Ca B                2252.64A   36.375    0.0079      Fe 4                2835.74A   36.875    0.0251
H  1                5.83363m   36.777    0.0201      Ca B                2214.62A   36.248    0.0059      Fe 4                2829.36A   36.557    0.0121
H  1                5.83363m   36.586    0.0129      Ca B                2186.56A   36.133    0.0046      Fe 4                2823.50A   36.355    0.0076
H  1                5.83363m   36.284    0.0065      Ca B                2165.20A   36.029    0.0036      Fe 4                2567.61A   35.786    0.0020
H  1                5.83363m   35.839    0.0023      Ca B                2148.55A   35.933    0.0029      Fe 5                70.3538m   37.108    0.0430
H  1                7.38319m   36.190    0.0052      Ca B                2135.31A   35.843    0.0023      Fe 5                36.3273m   37.100    0.0422
H  1                7.38319m   36.600    0.0134      Ca B                2124.58A   35.760    0.0019      Fe 5                25.9131m   36.996    0.0332
H  1                7.38319m   36.682    0.0161      Ca B                2115.78A   35.682    0.0016      Fe 5                20.8407m   36.729    0.0180
H  1                7.38319m   36.614    0.0138      Ca B                2108.46A   35.609    0.0014      Fe 5                4180.59A   36.128    0.0045
H  1                7.38319m   36.443    0.0093      Ca B                2102.30A   35.540    0.0012      Fe 5                4143.15A   36.363    0.0077
H  1                7.38319m   36.186    0.0051      Ca B                4541.46A   36.290    0.0065      Fe 5                4227.19A   37.072    0.0396
H  1                7.38319m   35.836    0.0023      Ca B                4338.55A   36.142    0.0046      Fe 5                4071.24A   36.352    0.0075
H  1                9.11505m   36.040    0.0037      Ca B                4199.71A   36.010    0.0034      Fe 5                3895.22A   35.930    0.0029
H  1                9.11505m   36.449    0.0094      Ca B                4099.92A   35.892    0.0026      Fe 5                3851.34A   35.702    0.0017
H  1                9.11505m   36.531    0.0114      Ca B                4025.48A   35.785    0.0020      Fe 5                3794.94A   36.291    0.0066
H  1                9.11505m   36.467    0.0098      Ca B                3968.32A   35.687    0.0016      Fe 5                3755.70A   36.009    0.0034
H  1                9.11505m   36.309    0.0068      Ca B                3923.37A   35.596    0.0013      Fe 5                3839.27A   36.299    0.0067
H  1                9.11505m   36.079    0.0040      Ca B                3887.33A   35.511    0.0011      Fe 5                3783.22A   35.888    0.0026
H  1                9.11505m   35.781    0.0020      Ca B                7592.50A   35.970    0.0031      Fe 5                3891.28A   36.047    0.0037
H  1                11.0292m   37.036    0.0364      Ca B                7177.28A   35.834    0.0023      Fe 5                3445.62A   35.551    0.0012
H  1                13.1257m   36.924    0.0281      Ca B                6890.67A   35.712    0.0017      Fe 5                3463.51A   35.552    0.0012
H  1                15.4044m   36.820    0.0222      Ca B                6682.98A   35.602    0.0013      Fe 6                19.5527m   37.284    0.0645
H  1                17.8655m   36.725    0.0178      Ca B                6526.88A   35.501    0.0011      Fe 6                5335.19A   36.278    0.0064
H  1                20.5089m   36.635    0.0145      Ca B                3.09074m   36.392    0.0083      Fe 6                5277.81A   35.816    0.0022
H  1                23.3345m   36.552    0.0119      Ca B                1.87427m   36.178    0.0051      Fe 6                3492.10A   35.518    0.0011
H  1                26.3425m   36.473    0.0100      Ca B                1.47599m   35.991    0.0033      Fe 6                14.7670m   37.109    0.0431
H  1                29.5328m   36.399    0.0084      Ca B                1.28124m   35.831    0.0023      Fe 6                5484.85A   36.024    0.0035
H  1                32.9053m   36.329    0.0072      Ca B                1.16728m   35.690    0.0016      Fe 6                5424.23A   36.147    0.0047
H  1                36.4602m   36.263    0.0061      Ca B                1.09332m   35.565    0.0012      Fe 6                4972.48A   36.528    0.0113
H  1                40.1974m   36.199    0.0053      Ca B                4.76203m   36.054    0.0038      Fe 6                3889.41A   35.476    0.0010
H  1                44.1168m   36.139    0.0046      Ca B                2.82513m   35.876    0.0025      Fe 6                3555.61A   35.827    0.0023
H  1                48.2186m   36.081    0.0040      Ca B                2.18843m   35.712    0.0017      Fe 6                12.3074m   36.822    0.0223
H  1                52.5027m   36.026    0.0036      Ca B                1.87567m   35.567    0.0012      Fe 6                5631.08A   36.167    0.0049
H  1                56.9691m   37.203    0.0535      Ca B                6.94582m   35.752    0.0019      Fe 6                5426.65A   35.886    0.0026
He 2                2049.88A   37.136    0.0458      Ca B                4.04934m   35.603    0.0013      Fe 6                5145.76A   36.544    0.0117
He 2                2049.88A   37.603    0.1346      Ca B                9.71043m   35.480    0.0010      Fe 6                4967.15A   36.044    0.0037
He 2                2049.88A   37.616    0.1385      He 2                607.567A   38.684    1.6199      Fe 6                3662.50A   35.851    0.0024
He 2                3644.36A   36.592    0.0131      He 2                303.784A   39.417    8.7539      Fe 6                5676.96A   36.216    0.0055
He 2                3644.36A   37.069    0.0393      He 2                256.317A   38.684    1.6216      Fe 6                5176.05A   36.415    0.0087
He 2                3644.36A   37.196    0.0527      He 2                243.027A   38.243    0.5867      Fe 6                1.34929m   35.660    0.0015
He 2                3644.36A   36.990    0.0328      He 2                237.331A   37.927    0.2837      Mg 2                2802.71A   38.071    0.3952
He 2                5694.36A   36.185    0.0051      He 2                234.347A   37.681    0.1609      Mg 2                2795.53A   38.367    0.7800
He 2                5694.36A   36.663    0.0154      He 2                232.584A   37.478    0.1009      Mg 4                4.48712m   37.232    0.0572
He 2                5694.36A   36.827    0.0225      He 2                231.454A   37.306    0.0678      Mg 5                5.60700m   36.883    0.0256
He 2                5694.36A   36.776    0.0200      He 2                230.686A   37.155    0.0479      Mg 5                2782.76A   36.067    0.0039
He 2                5694.36A   36.411    0.0086      He 2                230.139A   37.021    0.0352      Mg 5                13.5464m   35.805    0.0021
He 2                8199.90A   35.863    0.0024      He 2                229.736A   37.426    0.0894      Mg 5                2928.09A   35.502    0.0011
He 2                8199.90A   36.341    0.0074      He 2                229.431A   37.337    0.0728      N  2                205.244m   37.882    0.2557
He 2                8199.90A   36.520    0.0111      He 2                229.194A   37.254    0.0602      N  2                121.767m   37.674    0.1582
He 2                8199.90A   36.528    0.0113      He 2                229.006A   37.178    0.0506      N  2                6548.05A   38.283    0.6440
He 2                8199.90A   36.343    0.0074      He 2                228.855A   37.108    0.0430      N  2                6583.45A   38.753    1.8985
He 2                8199.90A   35.858    0.0024      He 2                228.731A   37.043    0.0370      N  2                5754.61A   36.685    0.0162
He 2                1.11610m   35.600    0.0013      He 2                228.629A   36.982    0.0322      N  2                2139.01A   36.117    0.0044
He 2                1.11610m   36.076    0.0040      He 2                228.543A   36.927    0.0283      N  2                2142.78A   36.508    0.0108
He 2                1.11610m   36.262    0.0061      He 2                228.471A   36.877    0.0252      N  3                57.3238m   38.394    0.8316
He 2                1.11610m   36.298    0.0067      He 2                228.409A   36.833    0.0228      N  3                1748.65A   35.558    0.0012
He 2                1.11610m   36.190    0.0052      He 2                228.356A   36.796    0.0210      N  3                1753.99A   35.573    0.0013
He 2                1.11610m   35.903    0.0027      He 2                228.309A   36.772    0.0198      N  3                1752.16A   35.981    0.0032
He 2                1.45776m   35.853    0.0024      He 2                228.269A   36.769    0.0197      N  3                1749.67A   36.035    0.0036
He 2                1.45776m   36.042    0.0037      He 2                228.234A   36.820    0.0221      N  4                1486.50A   35.836    0.0023
He 2                1.45776m   36.094    0.0042      He 2                228.203A   37.625    0.1415      N  4                1483.32A   36.008    0.0034
He 2                1.45776m   36.025    0.0036      He 2                1640.43A   38.403    0.8487      Na 3                7.31706m   36.915    0.0276
He 2                1.45776m   35.826    0.0022      He 2                1215.13A   37.939    0.2916      Na 4                9.03098m   36.288    0.0065
He 2                1.84498m   35.661    0.0015      He 2                1084.94A   37.605    0.1352      Ne 4                2421.66A   36.676    0.0159
He 2                1.84498m   35.851    0.0024      He 2                1025.27A   37.348    0.0748      Ne 4                2424.28A   36.851    0.0238
He 2                1.84498m   35.912    0.0027      He 2                992.360A   37.139    0.0462      Ne 5                24.2065m   37.748    0.1878
He 2                1.84498m   35.867    0.0025      He 2                972.108A   36.963    0.0308      Ne 5                14.3228m   37.654    0.1510
He 2                1.84498m   35.716    0.0017      He 2                958.694A   36.810    0.0217      Ne 5                3345.99A   36.274    0.0063
He 2                2.27776m   35.493    0.0010      He 2                949.324A   36.676    0.0159      Ne 5                3426.03A   36.721    0.0176
He 2                2.27776m   35.684    0.0016      He 2                942.508A   36.862    0.0244      Ne 6                7.64318m   36.727    0.0179
He 2                2.27776m   35.750    0.0019      He 2                937.389A   36.773    0.0199      Ni 2                1.19102m   37.837    0.2304
He 2                2.27776m   35.719    0.0018      He 2                933.444A   36.691    0.0165      Ni 2                6.63416m   37.338    0.0730
He 2                2.27776m   35.598    0.0013      He 2                930.337A   36.615    0.0138      Ni 2                1.07151m   36.210    0.0054
He 2                2.75608m   36.321    0.0070      He 2                927.846A   36.544    0.0117      Ni 2                10.6793m   36.572    0.0125
He 2                3.27997m   36.209    0.0054      He 2                925.817A   36.479    0.0101      Ni 2                1.16129m   35.687    0.0016
He 2                3.84941m   36.106    0.0043      He 2                924.142A   36.418    0.0088      Ni 2                12.7253m   36.150    0.0047
He 2                4.46440m   36.011    0.0034      He 2                922.743A   36.363    0.0077      Ni 2                7377.83A   36.966    0.0310
He 2                5.12495m   35.922    0.0028      He 2                921.562A   36.312    0.0069      Ni 2                8300.99A   35.670    0.0016
He 2                5.83106m   35.839    0.0023      He 2                920.556A   36.267    0.0062      Ni 2                1.93877m   36.258    0.0061
He 2                6.58272m   35.760    0.0019      He 2                919.693A   36.231    0.0057      Ni 2                6666.80A   36.091    0.0041
He 2                7.37993m   35.687    0.0016      He 2                918.945A   36.206    0.0054      Ni 2                7411.61A   36.310    0.0068
He 2                8.22270m   35.617    0.0014      He 2                918.295A   36.202    0.0053      Ni 2                4326.24A   36.067    0.0039
He 2                9.11102m   35.550    0.0012      He 2                917.724A   36.252    0.0060      Ni 2                4628.05A   35.645    0.0015
He 2                10.0449m   35.487    0.0010      He 2                917.221A   37.057    0.0382      Ni 2                7255.82A   35.712    0.0017
He 2                14.2360m   36.531    0.0114      He 2                4685.64A   37.624    0.1411      Ni 2                4201.17A   35.881    0.0026
C  6                25.3032A   35.711    0.0017      He 2                3203.04A   37.298    0.0666      Ni 2                7307.65A   35.533    0.0011
N  7                18.5870A   35.537    0.0012      He 2                2733.24A   37.031    0.0360      Ni 2                4033.04A   35.612    0.0014
O  8                14.2280A   36.574    0.0126      He 2                2511.15A   36.814    0.0218      Ni 2                4294.09A   35.491    0.0010
He 1                2599.69A   37.599    0.1333      He 2                2385.35A   36.631    0.0143      Ni 2                3993.06A   35.935    0.0029
He 1                3120.85A   37.092    0.0415      He 2                2306.15A   36.473    0.0100      Ni 2                3438.88A   35.696    0.0017
He 1                3421.00A   37.123    0.0445      He 2                2252.64A   36.334    0.0072      O  4                25.8832m   38.592    1.3110
He 1                3420.88A   37.600    0.1335      He 2                2214.62A   36.347    0.0075      O  4                1404.78A   35.775    0.0020
He 1                3420.88A   37.822    0.2226      He 2                2186.56A   36.258    0.0061      O  4                1401.16A   35.772    0.0020
He 1                3678.70A   37.409    0.0859      He 2                2165.20A   36.177    0.0050      O  6                1031.91A   35.516    0.0011
He 1                6632.16A   36.670    0.0157      He 2                2148.55A   36.101    0.0042      S  4                10.5076m   38.387    0.8177
He 1                7435.20A   36.257    0.0061      He 2                2135.31A   36.030    0.0036      Si 6                1.96247m   36.150    0.0047
He 1                7843.44A   37.330    0.0717      He 2                2124.58A   35.965    0.0031      level 1 lines..................................
He 1                8188.36A   37.143    0.0466      He 2                2115.78A   35.904    0.0027      recombination..................................
He 1                8190.64A   36.654    0.0151      He 2                2108.46A   35.849    0.0024      C  1                1657.00A   36.410    0.0086
He 1                8261.30A   36.726    0.0179      He 2                2102.30A   35.798    0.0021      C  2                4267.00A   35.875    0.0025
He 1                1.24779m   36.101    0.0042      He 2                2097.07A   35.754    0.0019      C  2                1761.00A   35.758    0.0019
He 1                1.35647m   35.725    0.0018      He 2                2092.59A   35.717    0.0017      C  2                1335.00A   37.570    0.1246
He 1                1.40934m   36.819    0.0221      He 2                2088.73A   35.692    0.0017      C  4                1549.00A   35.712    0.0017
He 1                1.45602m   36.763    0.0194      He 2                2085.37A   35.689    0.0016      N  2                1742.00A   35.864    0.0025
He 1                1.45643m   36.271    0.0063      He 2                2082.42A   35.739    0.0018      O  1                1357.00A   36.128    0.0045
He 1                1.45759m   36.437    0.0092      He 2                2079.84A   36.543    0.0117      O  2                4094.00A   35.506    0.0011
He 1                1.45759m   35.960    0.0031      He 2                1.01233m   37.023    0.0354      O  2                4075.00A   35.846    0.0024
He 1                1.46631m   36.244    0.0059      He 2                6559.91A   36.788    0.0206      O  2                4111.00A   35.539    0.0012
He 1                2.01409m   35.698    0.0017      He 2                5411.37A   36.572    0.0125      O  2                4651.00A   36.061    0.0039
He 1                2.21672m   36.442    0.0093      He 2                4859.18A   36.387    0.0082      O  2                4341.00A   35.783    0.0020
He 1                2.27546m   36.430    0.0090      He 2                4541.46A   36.226    0.0056      O  3                3265.00A   35.642    0.0015
He 1                2.27605m   35.938    0.0029      He 2                4338.55A   36.085    0.0041      C  1                1140.10A   36.007    0.0034
He 1                2.27752m   36.251    0.0060      He 2                4199.71A   35.978    0.0032      C  2                1167.50A   35.889    0.0026
He 1                2.27752m   35.773    0.0020      He 2                4099.92A   35.890    0.0026      C  2                1092.50A   36.497    0.0105
He 1                2.27778m   35.785    0.0020      He 2                4025.48A   35.808    0.0022      C  2                1036.80A   36.830    0.0227
He 1                2.28864m   35.883    0.0026      He 2                3968.32A   35.733    0.0018      C  2                946.100A   36.826    0.0225
He 1                3.20640m   36.148    0.0047      He 2                3923.37A   35.662    0.0015      C  2                799.800A   37.752    0.1893
He 1                3.27715m   36.155    0.0048      He 2                3887.33A   35.597    0.0013      C  3                2296.90A   35.952    0.0030
He 1                3.27790m   35.659    0.0015      He 2                3857.96A   35.537    0.0012      C  3                1828.00A   35.925    0.0028
He 1                3.27968m   36.029    0.0036      He 2                3833.69A   35.481    0.0010      C  3                1577.10A   35.982    0.0032
He 1                3.27969m   35.552    0.0012      He 2                3740.11A   36.176    0.0050      C  3                1175.70A   36.131    0.0045
He 1                3.28001m   35.736    0.0018      He 2                1.86362m   36.523    0.0112      C  3                977.000A   36.464    0.0098
He 1                3.29317m   35.597    0.0013      He 2                1.16260m   36.351    0.0075      C  3                493.500A   35.700    0.0017
He 1                4.46460m   36.600    0.0133      He 2                9344.62A   36.175    0.0050      C  3                492.600A   35.565    0.0012
He 1                5.83132m   36.429    0.0090      He 2                8236.51A   36.016    0.0035      C  3                483.700A   35.538    0.0012
He 1                7.38026m   36.277    0.0064      He 2                7592.50A   35.875    0.0025      C  3                476.000A   35.686    0.0016
He 1                9.11143m   36.142    0.0046      He 2                7177.28A   35.689    0.0016      C  3                459.600A   36.597    0.0133
He 1                11.0248m   36.019    0.0035      He 2                6890.67A   35.601    0.0013      C  3                411.700A   36.582    0.0128
He 1                13.1205m   35.907    0.0027      He 2                6682.98A   35.520    0.0011      C  3                398.400A   36.401    0.0084
He 1                15.3983m   35.803    0.0021      He 2                5931.63A   35.890    0.0026      C  3                371.700A   35.716    0.0017
He 1                17.8584m   35.708    0.0017      He 2                3.09074m   36.092    0.0041      N  1                980.700A   35.947    0.0030
He 1                20.5007m   35.618    0.0014      He 2                1.87427m   35.965    0.0031      N  2                1085.10A   36.387    0.0082
He 1                23.3253m   35.535    0.0011      He 2                1.47599m   35.821    0.0022      N  2                916.300A   35.906    0.0027
He 1                61.5933m   36.148    0.0047      He 2                1.28124m   35.685    0.0016      N  2                646.400A   36.367    0.0078
O  7                16.7725A   36.129    0.0045      He 2                8701.09A   35.656    0.0015      N  3                991.000A   36.561    0.0122
Ne 9                10.3678A   35.879    0.0025      He 2                4.76203m   35.714    0.0017      N  3                782.900A   35.563    0.0012
C  1                1101.24A   35.792    0.0021      He 2                2.82513m   35.621    0.0014      N  3                764.000A   36.025    0.0036
grains.........................................      He 2                2.18843m   35.502    0.0011      N  3                685.700A   35.758    0.0019
H-like iso-sequence............................      He-like iso-sequence...........................      N  3                472.300A   35.497    0.0011
Cool                1215.67A   38.031    0.3598      He 1                1202.81A   37.871    0.2490      N  3                418.800A   36.073    0.0040
Crst                960.000A   37.840    0.2318      He 1                584.334A   38.641    1.4687      N  3                411.300A   35.514    0.0011
LA X                1215.67A   38.553    1.1993      He 1                537.030A   38.030    0.3592      N  3                391.300A   35.597    0.0013
CION                      0    35.483    0.0010      He 1                522.213A   37.632    0.1437      N  3                387.400A   36.142    0.0047
Q(H)                4861.33A   38.596    1.3219      He 1                515.617A   37.337    0.0728      N  3                374.400A   35.935    0.0029
Q(H)                1215.67A   40.145   46.8129      He 1                512.099A   37.096    0.0418      N  3                348.700A   36.742    0.0185
CaBo                4861.33A   38.630    1.4309      He 1                625.563A   39.324    7.0766      N  3                340.200A   36.356    0.0076
CaBo                1640.00A   38.588    1.2987      He 1                510.018A   37.595    0.1319      N  3                323.300A   35.640    0.0015
CaBo                4685.64A   37.777    0.2009      He 1                508.657A   37.448    0.0940      N  3                311.600A   35.552    0.0012
Ca A                937.804A   38.342    0.7374      He 1                507.727A   37.318    0.0697      O  1                7949.50A   35.651    0.0015
Ca A                930.748A   38.140    0.4633      He 1                507.065A   37.202    0.0533      O  2                386.300A   37.142    0.0465
Ca A                926.226A   37.967    0.3108      He 1                506.576A   37.097    0.0419      O  2                385.700A   36.959    0.0305
Ca A                923.150A   37.815    0.2189      He 1                506.204A   37.000    0.0335      O  3                834.500A   37.018    0.0350
Ca A                920.963A   37.679    0.1602      He 1                505.916A   36.911    0.0273      O  3                703.400A   36.662    0.0154
Ca A                919.351A   37.556    0.1208      He 1                505.687A   36.829    0.0226      O  3                599.600A   36.139    0.0046
Ca A                918.129A   37.445    0.0934      He 1                505.502A   36.753    0.0190      O  3                541.600A   36.252    0.0060
Ca A                917.181A   37.342    0.0737      He 1                505.352A   36.682    0.0161      O  3                374.100A   36.559    0.0122
Ca A                916.429A   37.247    0.0592      He 1                505.227A   36.617    0.0139      O  3                320.700A   36.553    0.0120
Ca A                915.824A   37.159    0.0483      He 1                505.122A   36.556    0.0121      O  3                300.500A   37.198    0.0529
Ca A                915.329A   37.076    0.0400      He 1                505.033A   36.500    0.0106      O  3                299.300A   36.781    0.0203
Ca A                914.919A   36.999    0.0335      He 1                504.958A   36.450    0.0095      O  4                789.400A   36.750    0.0188
Ca A                914.576A   36.927    0.0283      He 1                504.893A   36.406    0.0085      O  4                779.900A   36.175    0.0050
Ca A                914.286A   36.859    0.0242      He 1                504.836A   36.369    0.0078      O  4                617.000A   35.670    0.0016
Ca A                914.039A   36.795    0.0209      He 1                504.787A   36.345    0.0074      O  4                609.400A   35.806    0.0021
Ca A                913.826A   36.735    0.0182      He 1                504.744A   36.341    0.0074      O  4                554.400A   36.207    0.0054
Ca A                913.641A   36.678    0.0160      He 1                504.706A   36.392    0.0083      O  4                288.500A   35.624    0.0014
Ca A                913.480A   36.626    0.0142      He 1                504.672A   37.202    0.0534      O  4                276.100A   35.515    0.0011
Ca A                913.339A   36.576    0.0126      TOTL                1.08303m   37.936    0.2895      O  4                267.000A   35.552    0.0012
Ca A                3970.07A   37.651    0.1500      He 1                1.08303m   37.936    0.2895      O  4                265.500A   36.506    0.0107
Ca A                3889.05A   37.473    0.0995      He 1                3888.63A   37.662    0.1540      O  4                260.500A   36.178    0.0051
Ca A                3835.38A   37.317    0.0696      He 1                3187.74A   37.273    0.0628      O  4                258.600A   35.553    0.0012
Ca A                3797.89A   37.179    0.0506      He 1                2945.10A   36.959    0.0305      O  4                252.500A   35.595    0.0013
Ca A                3770.63A   37.055    0.0381      He 1                2829.08A   36.704    0.0170      O  4                250.300A   35.607    0.0014
Ca A                3750.15A   36.942    0.0293      He 1                2760.44A   36.072    0.0040      O  4                238.500A   35.625    0.0014
Ca A                3734.36A   36.838    0.0231      He 1                2721.00A   35.935    0.0029      O  4                224.100A   36.142    0.0047
Ca A                3721.93A   36.743    0.0185      He 1                2694.61A   35.812    0.0022      O  4                213.000A   35.794    0.0021
Ca A                3711.97A   36.653    0.0151      He 1                2676.05A   35.700    0.0017      O  4                211.300A   35.789    0.0021
Ca A                3703.85A   36.570    0.0125      He 1                2662.47A   35.591    0.0013      O  4                207.200A   35.863    0.0024
Ca A                3697.15A   36.492    0.0104      He 1                2652.24A   35.498    0.0011      O  4                200.800A   36.818    0.0221
Ca A                3691.55A   36.419    0.0088      He 1                2610.71A   35.712    0.0017      O  4                196.400A   36.468    0.0098
Ca A                3686.83A   36.349    0.0075      He 1                5015.68A   35.733    0.0018      O  4                188.200A   35.551    0.0012
Ca A                3682.80A   36.283    0.0064      He 1                3964.73A   35.508    0.0011      O  4                182.800A   35.622    0.0014
Ca A                3679.35A   36.220    0.0056      He 1                3355.42A   35.575    0.0013      O  4                158.600A   36.470    0.0099
Ca A                3676.36A   36.160    0.0048      He 1                7065.22A   36.934    0.0288      level2 lines...................................
Ca A                3673.75A   36.103    0.0042      He 1                5875.64A   37.682    0.1613      Ti 2                3364.74A   36.485    0.0103
Ca A                3671.47A   36.048    0.0037      He 1                4713.03A   36.255    0.0060      Ti 2                3237.15A   36.231    0.0057
Ca A                9545.93A   37.126    0.0448      He 1                4471.49A   37.278    0.0636      Cr 2                2059.78A   35.718    0.0018
Ca A                9228.97A   36.967    0.0311      He 1                4120.82A   35.831    0.0023      hyperfine structure............................
Ca A                9014.87A   36.826    0.0225      He 1                4026.20A   36.964    0.0308      H  1                21.1207c   36.172    0.0050
Ca A                8862.74A   36.700    0.0168      He 1                3867.48A   35.523    0.0011      inner shell....................................
Ca A                8750.43A   36.586    0.0129      He 1                3819.61A   36.709    0.0172      C  4                527.592A   36.241    0.0058
Ca A                8664.98A   36.481    0.0101      He 1                3704.76A   36.697    0.0167      Mg 3                246.489A   36.830    0.0227
Ca A                8598.35A   36.384    0.0081      He 1                3634.08A   36.549    0.0119      Mg 3                247.968A   36.827    0.0225
Ca A                8545.34A   36.294    0.0066      He 1                3587.16A   36.419    0.0088      Al 4                165.312A   35.681    0.0016
Ca A                8502.44A   36.210    0.0054      He 1                3554.34A   36.302    0.0067      Al 4                166.199A   35.678    0.0016
Ca A                8467.21A   36.131    0.0045      He 1                3530.43A   36.195    0.0053      Si 4                720.838A   35.576    0.0013
Ca A                8437.91A   36.057    0.0038      He 1                3512.47A   36.098    0.0042      Si 4                720.838A   36.504    0.0107
Ca A                8413.28A   35.987    0.0033      He 1                3498.61A   36.009    0.0034      Si 5                120.490A   35.514    0.0011
Ca A                8392.35A   35.921    0.0028      He 1                3487.70A   35.927    0.0028      Si 5                119.791A   36.484    0.0102
Ca A                8374.43A   35.857    0.0024      He 1                3478.94A   35.851    0.0024      Si 5                120.490A   36.482    0.0102
Ca A                8358.96A   35.797    0.0021      He 1                3471.80A   35.780    0.0020      S  4                607.766A   35.508    0.0011
Ca A                8345.51A   35.739    0.0018      He 1                3465.91A   35.715    0.0017      S  4                1408.91A   35.510    0.0011
Ca A                8333.74A   35.684    0.0016      He 1                3460.99A   35.654    0.0015      S  5                1203.73A   35.657    0.0015
Ca A                1.81740m   36.705    0.0170      He 1                3456.84A   35.599    0.0013      Fe 6                167.773A   35.934    0.0029
Ca A                1.73620m   36.562    0.0122      He 1                3453.30A   35.548    0.0012      Fe 6                172.200A   35.923    0.0028
Ca A                1.68064m   36.434    0.0091      He 1                3450.26A   35.504    0.0011      Fe 7                172.440A   35.663    0.0015
Ca A                1.64071m   36.318    0.0070      He 1                3441.56A   35.490    0.0010      Fe 7                177.120A   35.651    0.0015
Ca A                1.61092m   36.212    0.0055      He 1                3439.99A   36.300    0.0067      molecules......................................
Ca A                1.58804m   36.114    0.0044      He 1                7281.35A   36.204    0.0054      H2 l                2.00000m   36.264    0.0062
Ca A                1.57006m   36.023    0.0035      He 1                6678.15A   37.130    0.0452      H2 v                      0    36.716    0.0175
Ca A                1.55563m   35.939    0.0029      He 1                5047.64A   35.755    0.0019      H-FB                      0    36.383    0.0081
Ca A                1.54388m   35.859    0.0024      He 1                4921.93A   36.705    0.0170      H-FF                      0    36.202    0.0053
Ca A                1.53417m   35.785    0.0020      He 1                4387.93A   36.388    0.0082      H-CT                6562.81A   36.351    0.0075
Ca A                1.52604m   35.714    0.0017      He 1                4143.76A   36.136    0.0046      H- H                      0    35.883    0.0026
Ca A                1.51917m   35.647    0.0015      He 1                4009.05A   36.061    0.0039      H2+                       0    36.004    0.0034
Ca A                1.51331m   35.584    0.0013      He 1                3926.41A   35.910    0.0027      blends.........................................
Ca A                1.50827m   35.523    0.0011      He 1                3871.69A   35.778    0.0020      Blnd                2798.00A   38.545    1.1752
Ca A                3.03835m   36.347    0.0075      He 1                3833.48A   35.661    0.0015      Blnd                6720.00A   38.877    2.5259
Ca A                2.87219m   36.218    0.0055      He 1                3805.69A   35.554    0.0012      Blnd                4074.00A   37.420    0.0882
Ca A                2.75749m   36.101    0.0042      He 1                3700.80A   35.656    0.0015      Blnd                1.03300m   37.311    0.0686
Ca A                2.67438m   35.994    0.0033      He 1                4.29459m   35.673    0.0016      Blnd                1720.00A   35.855    0.0024
Ca A                2.61191m   35.895    0.0026      He 1                1.25274m   35.778    0.0020      Blnd                3722.00A   36.625    0.0141
Ca A                2.56361m   35.804    0.0021      He 1                9463.57A   35.702    0.0017      Blnd                2665.00A   37.109    0.0431
Ca A                2.52538m   35.719    0.0018      He 1                8361.73A   35.527    0.0011      Blnd                1860.00A   36.059    0.0038
Ca A                2.49455m   35.639    0.0015      He 1                1.70027m   36.128    0.0045      Blnd                4725.00A   36.588    0.0130
Ca A                2.46929m   35.564    0.0012      He 1                1.19692m   35.967    0.0031      Blnd                2860.00A   35.484    0.0010
Ca A                2.44831m   35.493    0.0010      He 1                1.03113m   35.769    0.0020      Blnd                2335.00A   37.446    0.0937
Ca A                12.3684m   36.639    0.0146      He 1                9515.06A   35.810    0.0022      Blnd                1888.00A   37.306    0.0678
Ca A                7.50038m   36.471    0.0099      He 1                9062.39A   35.678    0.0016      Blnd                1397.00A   36.217    0.0055
Ca A                5.90655m   36.310    0.0068      He 1                8776.14A   35.557    0.0012      Blnd                2424.00A   37.073    0.0397
Ca A                5.12722m   36.165    0.0049      He 1                1.95430m   35.544    0.0012      Blnd                5525.00A   36.677    0.0160
Ca A                4.67119m   36.035    0.0036      He 1                1.86854m   36.742    0.0185      Blnd                8579.00A   36.442    0.0093
Ca A                4.37522m   35.917    0.0028      He 1                1.27849m   36.421    0.0088      Blnd                7306.00A   38.059    0.3845
Ca A                4.16962m   35.809    0.0022      He 1                1.09130m   36.158    0.0048      Blnd                3933.00A   37.637    0.1454
Ca A                4.01974m   35.710    0.0017      He 1                1.00275m   35.881    0.0025      Blnd                1657.00A   36.411    0.0086
Ca A                3.90645m   35.618    0.0014      He 1                9526.01A   35.724    0.0018      C 1R                1656.00A   36.410    0.0086
Ca A                3.81838m   35.532    0.0011      He 1                9210.23A   35.588    0.0013      Blnd                9850.00A   36.643    0.0147
Ca A                19.0565m   36.281    0.0064      He 1                1.86972m   36.264    0.0062      Blnd                2326.00A   37.800    0.2117
Ca A                11.3055m   36.144    0.0047      He 1                1.27905m   35.943    0.0029      Blnd                1335.00A   37.583    0.1284
Ca A                8.75760m   36.003    0.0034      He 1                1.09171m   35.680    0.0016      C 2R                1335.00A   37.570    0.1246
Ca A                7.50599m   35.874    0.0025      He 1                1.90894m   35.671    0.0016      Blnd                977.000A   36.501    0.0106
Ca A                6.77008m   35.755    0.0019      He 1                1.29684m   35.490    0.0010      C 3R                977.000A   36.464    0.0098
Ca A                6.29014m   35.647    0.0015      He 1                4.03664m   35.674    0.0016      Blnd                1909.00A   37.677    0.1595
Ca A                5.95517m   35.548    0.0012      He 1                2.61850m   35.554    0.0012      C 3R                1909.00A   36.310    0.0069
Ca A                27.7955m   35.965    0.0031      He 1                4.04791m   36.011    0.0034      Blnd                1176.00A   36.131    0.0045
Ca A                16.2045m   35.851    0.0024      He 1                2.62338m   35.734    0.0018      C 3R                1175.00A   36.131    0.0045
Ca A                12.3837m   35.727    0.0018      He 1                4.04793m   35.534    0.0011      Blnd                1549.00A   37.272    0.0627
Ca A                10.5005m   35.611    0.0014      Ca B                2945.10A   36.969    0.0312      C 4R                1549.00A   35.712    0.0017
Ca A                9.38937m   35.503    0.0011      Ca B                3187.74A   37.288    0.0650      Blnd                5199.00A   37.432    0.0907
Ca A                38.8589m   35.681    0.0016      Ca B                3613.64A   36.389    0.0082      Blnd                1.04030m   35.808    0.0022
Ca A                22.3342m   35.586    0.0013      Ca B                3888.63A   37.688    0.1633      Blnd                5755.00A   36.690    0.0164
Ca A                16.8759m   35.476    0.0010      Ca B                3964.73A   36.698    0.0167      Blnd                1085.00A   36.390    0.0082
Ca B                3970.07A   37.812    0.2173      Ca B                4026.20A   37.034    0.0362      N 2R                1085.00A   36.387    0.0082
Ca B                3889.05A   37.631    0.1435      Ca B                4120.82A   35.905    0.0027      Blnd                2141.00A   36.656    0.0152
Ca B                3835.38A   37.474    0.1000      Ca B                4387.93A   36.459    0.0097      Blnd                1750.00A   36.465    0.0098
Ca B                3797.89A   37.335    0.0725      Ca B                4437.55A   35.534    0.0011      Blnd                990.000A   36.565    0.0123
Ca B                3770.63A   37.210    0.0544      Ca B                4471.49A   37.362    0.0772      N 3R                990.000A   36.561    0.0122
Ca B                3750.15A   37.096    0.0418      Ca B                4713.03A   36.322    0.0070      Blnd                1486.00A   36.232    0.0057
Ca B                3734.36A   36.992    0.0329      Ca B                4921.93A   36.795    0.0209      Blnd                1240.00A   35.860    0.0024
Ca B                3721.93A   36.895    0.0263      Ca B                5015.68A   37.101    0.0423      Blnd                6300.00A   37.938    0.2906
Ca B                3711.97A   36.805    0.0214      Ca B                5047.64A   35.916    0.0028      Blnd                2471.00A   36.975    0.0317
Ca B                3703.85A   36.722    0.0177      Ca B                5875.64A   37.818    0.2204      Blnd                3726.00A   38.634    1.4451
Ca B                3697.15A   36.643    0.0148      Ca B                6678.15A   37.273    0.0629      Blnd                3729.00A   38.812    2.1750
Ca B                3691.55A   36.569    0.0124      Ca B                7065.22A   36.987    0.0325      Blnd                7323.00A   36.808    0.0215
Ca B                3686.83A   36.500    0.0106      Ca B                7281.35A   36.478    0.0101      Blnd                7332.00A   36.727    0.0179
Ca B                3682.80A   36.434    0.0091      Ca B                9463.57A   35.712    0.0017      O 2R                7323.00A   35.536    0.0012
Ca B                3679.35A   36.371    0.0079      Ca B                1.08303m   38.006    0.3400      O 2H                3727.00A   36.780    0.0202
Ca B                3676.36A   36.312    0.0069      Ca B                1.19692m   36.037    0.0037      O 2R                3726.00A   36.253    0.0060
Ca B                3673.75A   36.256    0.0060      Ca B                1.25274m   35.793    0.0021      O 2R                3729.00A   36.431    0.0090
Ca B                3671.47A   36.202    0.0053      Ca B                1.27849m   36.573    0.0126      Blnd                3727.00A   39.037    3.6553
Ca B                9545.93A   37.186    0.0515      Ca B                1.27905m   36.096    0.0042      O 2R                2471.00A   35.703    0.0017
Ca B                9228.97A   37.028    0.0358      Ca B                1.29684m   35.562    0.0012      O 2H                7325.00A   36.172    0.0050
Ca B                9014.87A   36.888    0.0259      Ca B                1.70027m   36.212    0.0055      Blnd                7325.00A   37.070    0.0394
Ca B                8862.74A   36.762    0.0194      Ca B                1.86854m   36.956    0.0303      O 2R                4651.00A   36.061    0.0039
Ca B                8750.43A   36.647    0.0149      Ca B                1.86972m   36.478    0.0101      Blnd                4341.00A   35.783    0.0020
Ca B                8664.98A   36.543    0.0117      Ca B                1.90894m   35.761    0.0019      O 2R                4341.00A   35.783    0.0020
Ca B                8598.35A   36.446    0.0094      Ca B                1.95430m   35.559    0.0012      Blnd                1666.00A   36.562    0.0122
Ca B                8545.34A   36.356    0.0076      Ca B                2.05813m   37.175    0.0502      Blnd                5007.00A   39.218    5.5439
Ca B                8502.44A   36.272    0.0063      Ca B                2.11180m   35.506    0.0011      Blnd                4363.00A   36.682    0.0161
Ca B                8467.21A   36.193    0.0052      Ca B                2.16080m   35.500    0.0011      Blnd                835.000A   37.018    0.0350
Ca B                8437.91A   36.119    0.0044      C  5                41.4721A   35.493    0.0010      O 3R                835.000A   37.018    0.0350
Ca B                8413.28A   36.049    0.0038      Pho+                3889.00A   38.255    0.6039      Blnd                1402.00A   36.236    0.0058
Ca B                8392.35A   35.983    0.0032      extra Lyman....................................      Blnd                789.000A   36.752    0.0190
Ca B                8374.43A   35.920    0.0028      database lines.................................      O 4R                789.000A   36.750    0.0188
Ca B                8358.96A   35.860    0.0024      Al 3                1854.72A   35.878    0.0025      Blnd                1218.00A   35.950    0.0030
Ca B                8345.51A   35.803    0.0021      Al 3                1862.79A   35.591    0.0013      Blnd                1035.00A   35.698    0.0017
Ca B                8333.74A   35.748    0.0019      Al 6                3.65932m   36.244    0.0059

                                                    Emergent line intensities
general properties.............................      He 1                3888.63A   37.662    0.1540      K  4                5.98030m   35.594    0.0013
continua.......................................      He 1                3187.74A   37.273    0.0628      Mg 1                2852.13A   36.653    0.0151
FIR                 83.0000m   39.842   23.3333      He 1                2945.10A   36.959    0.0305      Mg 1                4562.60A   37.026    0.0356
TIR                 1800.00m   36.641    0.0147      He 1                2829.08A   36.704    0.0170      Mg 1                4571.10A   36.597    0.0133
NIRa                2.85000m   40.811  216.9913      He 1                2760.44A   36.072    0.0040      Mg 1                4575.29A   35.662    0.0015
NIRb                3.00000m   40.386   81.4918      He 1                2721.00A   35.935    0.0029      Mn 2                2576.10A   36.175    0.0050
MIRa                15.0000m   40.444   93.2653      He 1                2694.61A   35.812    0.0022      Mn 2                2593.72A   36.085    0.0041
MIRb                22.5000m   40.546  117.8910      He 1                2676.05A   35.700    0.0017      Mn 2                2605.68A   35.945    0.0030
NMIR                21.7500m   40.811  216.9913      He 1                2662.47A   35.591    0.0013      N  1                5197.90A   37.032    0.0361
TFIR                611.250m   38.957    3.0405      He 1                2652.24A   35.498    0.0011      N  1                5200.26A   37.209    0.0542
TALL                10000.0A   41.200  532.1598      He 1                2610.71A   35.712    0.0017      N  5                1238.82A   35.678    0.0016
F12                 12.0000m   39.989   32.7160      He 1                5015.68A   35.733    0.0018      Ne 2                12.8101m   37.937    0.2899
F25                 25.0000m   39.809   21.6273      He 1                3964.73A   35.508    0.0011      Ne 3                15.5509m   38.570    1.2448
F60                 60.0000m   39.671   15.7106      He 1                3355.42A   35.575    0.0013      Ne 3                3868.76A   38.028    0.3574
F100                100.000m   39.090    4.1244      He 1                7065.22A   36.934    0.0288      Ne 3                36.0036m   37.526    0.1126
MIPS                24.0000m   39.560   12.1837      He 1                5875.64A   37.682    0.1613      Ne 3                3967.47A   37.510    0.1085
MIPS                70.0000m   39.053    3.7866      He 1                4713.03A   36.255    0.0060      O  1                5577.34A   36.041    0.0037
MIPS                160.000m   38.915    2.7552      He 1                4471.49A   37.278    0.0636      O  1                6300.30A   37.817    0.2202
IRAC                3.60000m   39.576   12.6375      He 1                4120.82A   35.831    0.0023      O  1                6363.78A   37.322    0.0703
IRAC                4.50000m   39.614   13.7985      He 1                4026.20A   36.964    0.0308      O  1                63.1679m   38.011    0.3441
IRAC                5.80000m   39.706   17.0483      He 1                3867.48A   35.523    0.0011      O  1                145.495m   36.927    0.0283
IRAC                8.00000m   39.809   21.6058      He 1                3819.61A   36.709    0.0172      O  2                2470.22A   36.278    0.0064
SPR1                250.000m   36.307    0.0068      He 1                3704.76A   36.697    0.0167      O  2                2470.34A   36.848    0.0236
SPR2                350.000m   36.422    0.0089      He 1                3634.08A   36.549    0.0119      O  2                7318.92A   36.195    0.0053
SPR3                500.000m   36.139    0.0046      He 1                3587.16A   36.419    0.0088      O  2                7319.99A   36.655    0.0151
PAC1                70.0000m   39.109    4.3146      He 1                3554.34A   36.302    0.0067      O  2                7329.67A   36.417    0.0088
PAC2                100.000m   39.096    4.1805      He 1                3530.43A   36.195    0.0053      O  2                7330.73A   36.386    0.0082
PAC3                160.000m   38.916    2.7617      He 1                3512.47A   36.098    0.0042      O  2                3728.81A   38.812    2.1751
PAH                 3.30000m   38.719    1.7554      He 1                3498.61A   36.009    0.0034      O  2                3726.03A   38.634    1.4452
PAHC                3.23000m   38.438    0.9204      He 1                3487.70A   35.927    0.0028      O  3                88.3323m   39.015    3.4712
PAHC                3.37000m   38.410    0.8614      He 1                3478.94A   35.851    0.0024      O  3                51.8004m   38.747    1.8741
PAH                 6.20000m   39.162    4.8669      He 1                3471.80A   35.780    0.0020      O  3                4958.91A   38.618    1.3916
PAHC                5.65000m   39.201    5.3248      He 1                3465.91A   35.715    0.0017      O  3                5006.84A   39.093    4.1518
PAH                 7.90000m   39.350    7.5142      He 1                3460.99A   35.654    0.0015      O  3                2320.95A   36.064    0.0039
PAHC                6.90000m   39.420    8.8211      He 1                3456.84A   35.598    0.0013      O  3                4363.21A   36.664    0.0155
PAH                 11.3000m   38.761    1.9369      He 1                3453.30A   35.548    0.0012      O  3                1660.81A   35.954    0.0030
PAHC                10.9000m   38.784    2.0390      He 1                3450.26A   35.504    0.0011      O  3                1666.15A   36.421    0.0088
PAH                 11.8000m   38.978    3.1878      He 1                3441.56A   35.490    0.0010      O  5                1218.34A   35.555    0.0012
PAHC                12.6500m   38.986    3.2467      He 1                3439.99A   36.300    0.0067      O  5                1213.81A   35.722    0.0018
PAH                 13.3000m   38.978    3.1853      He 1                7281.35A   36.204    0.0054      P  2                60.6263m   37.096    0.0418
PAHC                14.1000m   38.964    3.0880      He 1                6678.15A   37.129    0.0452      P  2                32.8620m   36.905    0.0269
Bcon                3640.00A   40.780  201.9353      He 1                5047.64A   35.755    0.0019      P  2                1.14682m   36.806    0.0215
Pcon                5000.00A   40.302   67.3117      He 1                4921.93A   36.705    0.0170      P  2                1.18828m   37.229    0.0569
O3bn                5007.00A   39.194    5.2444      He 1                4387.93A   36.388    0.0082      P  2                7875.99A   35.706    0.0017
SX                  25.0000A   39.473    9.9617      He 1                4143.76A   36.136    0.0046      P  3                17.8797m   36.489    0.0103
HX                  4.70000A   39.302    6.7184      He 1                4009.05A   36.061    0.0039      S  2                6730.82A   38.487    1.0283
RRC............................................      He 1                3926.41A   35.910    0.0027      S  2                6716.44A   38.650    1.4974
grains.........................................      He 1                3871.69A   35.778    0.0020      S  2                4076.35A   36.809    0.0216
H-like iso-sequence............................      He 1                3833.48A   35.660    0.0015      S  2                4068.60A   37.298    0.0666
H  1                1215.67A   40.016   34.7953      He 1                3805.69A   35.554    0.0012      S  2                1.03364m   36.671    0.0157
H  1                1025.72A   39.272    6.2813      He 1                3700.80A   35.655    0.0015      S  2                1.02867m   36.672    0.0157
H  1                972.537A   38.843    2.3373      He 1                4.29459m   35.673    0.0016      S  2                1.03705m   36.349    0.0075
H  1                949.743A   38.530    1.1366      He 1                1.25274m   35.778    0.0020      S  2                1.03205m   36.805    0.0214
H  1                937.804A   38.282    0.6423      He 1                9463.57A   35.702    0.0017      S  3                33.4704m   38.772    1.9845
H  1                930.748A   38.076    0.3999      He 1                8361.73A   35.527    0.0011      S  3                18.7078m   38.499    1.0576
H  1                926.226A   37.900    0.2665      He 1                1.70027m   36.128    0.0045      S  3                9068.62A   38.265    0.6179
H  1                923.150A   37.745    0.1866      He 1                1.19692m   35.967    0.0031      S  3                9530.62A   38.665    1.5521
H  1                920.963A   37.607    0.1358      He 1                1.03113m   35.769    0.0020      S  3                3721.63A   36.619    0.0139
H  1                919.351A   37.851    0.2382      He 1                9515.06A   35.810    0.0022      S  3                6312.06A   36.892    0.0262
H  1                918.129A   37.753    0.1900      He 1                9062.39A   35.677    0.0016      S  3                1728.94A   35.723    0.0018
H  1                917.181A   37.663    0.1544      He 1                8776.14A   35.557    0.0012      Si 2                34.8046m   39.107    4.2937
H  1                916.429A   37.580    0.1274      He 1                1.95430m   35.544    0.0012      Si 2                2334.41A   36.513    0.0109
H  1                915.824A   37.503    0.1067      He 1                1.86854m   36.742    0.0185      Si 2                2328.52A   35.894    0.0026
H  1                915.329A   37.431    0.0905      He 1                1.27849m   36.421    0.0088      Si 2                1808.01A   36.489    0.0103
H  1                914.919A   37.365    0.0777      He 1                1.09130m   36.158    0.0048      Si 2                2350.17A   36.637    0.0145
H  1                914.576A   37.304    0.0676      He 1                1.00275m   35.881    0.0025      Si 2                2344.20A   37.043    0.0370
H  1                914.286A   37.249    0.0595      He 1                9526.01A   35.724    0.0018      Si 2                2334.60A   36.932    0.0287
H  1                914.039A   37.200    0.0532      He 1                9210.23A   35.587    0.0013      Si 2                1817.45A   36.203    0.0054
H  1                913.826A   37.159    0.0484      He 1                1.86972m   36.264    0.0062      Si 2                1816.93A   36.742    0.0185
H  1                913.641A   37.130    0.0452      He 1                1.27905m   35.943    0.0029      Si 2                1533.43A   35.716    0.0017
H  1                913.480A   37.122    0.0444      He 1                1.09171m   35.680    0.0016      Si 3                1892.03A   36.909    0.0272
H  1                913.339A   37.166    0.0492      He 1                1.90894m   35.671    0.0016      Si 3                1882.71A   37.083    0.0406
H  1                913.215A   37.960    0.3056      He 1                1.29684m   35.490    0.0010      Si 3                1206.50A   35.486    0.0010
H  1                6562.81A   38.904    2.6901      He 1                4.03664m   35.674    0.0016      Si 4                1393.75A   36.028    0.0036
H  1                4861.33A   38.474    1.0000      He 1                2.61850m   35.554    0.0012      Si 4                1402.77A   35.753    0.0019
H  1                4340.46A   38.155    0.4795      He 1                4.04791m   36.011    0.0034      Si 7                2.48071m   35.613    0.0014
H  1                4101.73A   37.904    0.2689      He 1                2.62338m   35.734    0.0018      Al 2                2669.15A   36.707    0.0171
H  1                3970.07A   37.697    0.1668      He 1                4.04793m   35.534    0.0011      Al 2                2660.35A   36.890    0.0261
H  1                3889.05A   37.520    0.1111      extra Lyman....................................      Al 2                1670.79A   36.023    0.0035
H  1                3835.38A   37.366    0.0779      database lines.................................      Al 5                2.90450m   36.145    0.0047
H  1                3797.89A   37.229    0.0568      Al 3                1854.72A   35.877    0.0025      C  4                1550.78A   36.773    0.0199
H  1                3770.63A   37.299    0.0667      Al 3                1862.79A   35.591    0.0013      C  4                1548.19A   37.068    0.0393
H  1                3750.15A   37.201    0.0533      Al 6                3.65932m   36.244    0.0059      Ca 2                7323.89A   37.666    0.1556
H  1                3734.36A   37.111    0.0433      Ar 2                6.98337m   37.194    0.0525      Ca 2                7291.47A   37.834    0.2288
H  1                3721.93A   37.028    0.0358      Ar 3                3109.18A   35.797    0.0021      Ca 2                3968.47A   37.167    0.0492
H  1                3711.97A   36.951    0.0299      Ar 3                7135.79A   37.792    0.2077      Ca 2                8662.14A   35.962    0.0031
H  1                3703.85A   36.879    0.0254      Ar 3                7751.11A   37.167    0.0493      Ca 2                3933.66A   37.457    0.0961
H  1                3697.15A   36.813    0.0218      Ar 3                8.98898m   37.923    0.2809      Ca 2                8542.09A   36.221    0.0056
H  1                3691.55A   36.753    0.0190      Ar 3                21.8253m   36.747    0.0187      Ca 5                4.15739m   36.301    0.0067
H  1                3686.83A   36.698    0.0167      Ar 4                4711.26A   36.356    0.0076      Ca 5                5309.11A   35.899    0.0027
H  1                3682.80A   36.649    0.0149      Ar 4                4740.12A   36.204    0.0054      Cl 2                14.3639m   36.514    0.0109
H  1                3679.35A   36.608    0.0136      Ar 5                6435.12A   35.568    0.0012      Cl 2                8578.70A   36.608    0.0136
H  1                3676.36A   36.579    0.0127      Ar 5                7005.83A   35.900    0.0027      Cl 2                9123.60A   36.024    0.0035
H  1                3673.75A   36.570    0.0125      Ar 5                7.89971m   36.529    0.0113      Cl 3                5537.87A   36.290    0.0065
H  1                3671.47A   36.615    0.0138      Ar 5                13.0985m   36.767    0.0196      Cl 3                5517.71A   36.448    0.0094
H  1                3669.46A   37.409    0.0859      Ar 6                4.52800m   36.014    0.0035      Cl 4                20.3197m   36.174    0.0050
H  1                1.87510m   38.073    0.3972      C  1                9824.13A   36.042    0.0037      Cl 4                11.7629m   36.073    0.0040
H  1                1.28180m   37.776    0.2000      C  1                9850.26A   36.517    0.0110      Cl 4                8045.62A   35.838    0.0023
H  1                1.09380m   37.524    0.1121      C  1                370.269m   36.049    0.0038      Fe 4                3095.77A   37.132    0.0455
H  1                1.00493m   37.314    0.0692      C  1                609.590m   35.981    0.0032      Fe 4                3094.96A   36.916    0.0276
H  1                9545.93A   37.135    0.0458      C  2                1334.53A   35.749    0.0019      Fe 4                3094.53A   36.750    0.0189
H  1                9228.97A   36.979    0.0320      C  2                1335.71A   35.551    0.0012      Fe 4                2835.74A   36.875    0.0251
H  1                9014.87A   36.841    0.0232      C  2                2323.50A   36.592    0.0131      Fe 4                2829.36A   36.557    0.0121
H  1                8862.74A   36.783    0.0204      C  2                2324.69A   36.936    0.0290      Fe 4                2823.50A   36.355    0.0076
H  1                8750.43A   36.686    0.0163      C  2                2325.40A   37.235    0.0576      Fe 4                2567.61A   35.786    0.0020
H  1                8664.98A   36.596    0.0132      C  2                2326.93A   37.374    0.0793      Fe 5                70.3538m   37.108    0.0430
H  1                8598.35A   36.513    0.0109      C  2                2328.12A   36.989    0.0327      Fe 5                36.3273m   37.100    0.0422
H  1                8545.34A   36.437    0.0092      C  2                157.636m   38.929    2.8465      Fe 5                25.9131m   36.996    0.0332
H  1                8502.44A   36.365    0.0078      C  3                1908.73A   37.259    0.0609      Fe 5                20.8407m   36.729    0.0180
H  1                8467.21A   36.299    0.0067      C  3                1906.68A   37.437    0.0917      Fe 5                4180.59A   36.128    0.0045
H  1                8437.91A   36.239    0.0058      Ca 4                3.20610m   36.963    0.0308      Fe 5                4143.15A   36.363    0.0077
H  1                8413.28A   36.184    0.0051      Co 2                10.5199m   35.972    0.0031      Fe 5                4227.19A   37.072    0.0396
H  1                8392.35A   36.135    0.0046      Co 2                2.98382m   36.444    0.0093      Fe 5                4071.24A   36.352    0.0075
H  1                8374.43A   36.094    0.0042      Co 2                1.01879m   35.600    0.0013      Fe 5                3895.22A   35.930    0.0029
H  1                8358.96A   36.065    0.0039      Co 3                11.8845m   35.735    0.0018      Fe 5                3851.34A   35.702    0.0017
H  1                8345.51A   36.057    0.0038      Cr 2                8000.08A   36.333    0.0072      Fe 5                3794.94A   36.291    0.0066
H  1                8333.74A   36.102    0.0042      Cr 2                8125.30A   36.266    0.0062      Fe 5                3755.70A   36.009    0.0034
H  1                8323.38A   36.895    0.0263      Cr 2                8229.67A   36.173    0.0050      Fe 5                3839.27A   36.299    0.0067
H  1                4.05113m   37.446    0.0937      Cr 2                8308.49A   35.987    0.0033      Fe 5                3783.22A   35.888    0.0026
H  1                2.62513m   37.229    0.0568      Cr 2                8357.64A   35.694    0.0017      Fe 5                3891.28A   36.047    0.0037
H  1                2.16551m   37.025    0.0355      Fe 2                25.9811m   38.400    0.8428      Fe 5                3445.62A   35.551    0.0012
H  1                1.94454m   36.847    0.0236      Fe 2                5.33881m   38.836    2.3017      Fe 5                3463.51A   35.552    0.0012
H  1                1.81740m   36.691    0.0165      Fe 2                4.11394m   35.883    0.0026      Fe 6                19.5527m   37.284    0.0645
H  1                1.73620m   36.552    0.0119      Fe 2                1.25668m   38.705    1.6996      Fe 6                5335.19A   36.278    0.0064
H  1                1.68064m   36.414    0.0087      Fe 2                4416.27A   36.625    0.0141      Fe 6                5277.81A   35.815    0.0022
H  1                1.64071m   36.317    0.0070      Fe 2                4382.74A   35.512    0.0011      Fe 6                3492.10A   35.518    0.0011
H  1                1.61092m   36.228    0.0057      Fe 2                4287.39A   36.860    0.0243      Fe 6                14.7670m   37.109    0.0431
H  1                1.58804m   36.145    0.0047      Fe 2                2599.40A   37.716    0.1743      Fe 6                5484.85A   36.024    0.0035
H  1                1.57006m   36.069    0.0039      Fe 2                2585.88A   36.608    0.0136      Fe 6                5424.23A   36.147    0.0047
H  1                1.55563m   35.998    0.0033      Fe 2                2382.04A   37.717    0.1747      Fe 6                4972.48A   36.528    0.0113
H  1                1.54388m   35.932    0.0029      Fe 2                2373.74A   35.750    0.0019      Fe 6                3889.41A   35.476    0.0010
H  1                1.53417m   35.871    0.0025      Fe 2                2343.50A   36.976    0.0318      Fe 6                3555.61A   35.827    0.0023
H  1                1.52604m   35.816    0.0022      Fe 2                35.3394m   37.707    0.1708      Fe 6                12.3074m   36.822    0.0223
H  1                1.51917m   35.768    0.0020      Fe 2                1.32055m   38.127    0.4496      Fe 6                5631.08A   36.167    0.0049
H  1                1.51331m   35.727    0.0018      Fe 2                1.24854m   36.326    0.0071      Fe 6                5426.65A   35.886    0.0026
H  1                1.50827m   35.698    0.0017      Fe 2                7637.54A   37.012    0.0345      Fe 6                5145.76A   36.544    0.0117
H  1                1.50389m   35.690    0.0016      Fe 2                4889.62A   36.503    0.0107      Fe 6                4967.15A   36.044    0.0037
H  1                1.50008m   35.735    0.0018      Fe 2                4492.63A   35.744    0.0019      Fe 6                3662.50A   35.851    0.0024
H  1                1.49672m   36.528    0.0113      Fe 2                4457.94A   36.200    0.0053      Fe 6                5676.96A   36.216    0.0055
H  1                7.45777m   36.932    0.0287      Fe 2                4359.33A   36.724    0.0178      Fe 6                5176.05A   36.415    0.0087
H  1                4.65247m   36.770    0.0197      Fe 2                2625.67A   37.152    0.0476      Fe 6                1.34929m   35.660    0.0015
H  1                3.73951m   36.602    0.0134      Fe 2                2611.87A   37.043    0.0371      Mg 2                2802.71A   38.071    0.3952
H  1                3.29607m   36.449    0.0094      Fe 2                2598.37A   36.205    0.0054      Mg 2                2795.53A   38.367    0.7801
H  1                3.03835m   36.312    0.0069      Fe 2                2395.63A   36.909    0.0272      Mg 4                4.48712m   37.232    0.0572
H  1                2.87219m   36.125    0.0045      Fe 2                2388.63A   35.520    0.0011      Mg 5                5.60700m   36.883    0.0256
H  1                2.75749m   36.029    0.0036      Fe 2                2364.83A   36.793    0.0208      Mg 5                2782.76A   36.067    0.0039
H  1                2.67438m   35.940    0.0029      Fe 2                51.2865m   37.089    0.0412      Mg 5                13.5464m   35.805    0.0021
H  1                2.61191m   35.858    0.0024      Fe 2                5.67249m   36.054    0.0038      Mg 5                2928.09A   35.502    0.0011
H  1                2.56361m   35.782    0.0020      Fe 2                4.60647m   35.548    0.0012      N  2                205.244m   37.882    0.2558
H  1                2.52538m   35.711    0.0017      Fe 2                1.37182m   37.903    0.2684      N  2                121.767m   37.674    0.1582
H  1                2.49455m   35.645    0.0015      Fe 2                1.29427m   36.994    0.0331      N  2                6548.05A   38.283    0.6440
H  1                2.46929m   35.585    0.0013      Fe 2                7686.94A   36.751    0.0189      N  2                6583.45A   38.753    1.8983
H  1                2.44831m   35.530    0.0011      Fe 2                4728.07A   36.000    0.0034      N  2                5754.61A   36.685    0.0162
H  1                2.43068m   35.481    0.0010      Fe 2                4514.90A   35.566    0.0012      N  2                2139.01A   36.117    0.0044
H  1                2.37371m   36.242    0.0059      Fe 2                4488.75A   35.713    0.0017      N  2                2142.78A   36.508    0.0108
H  1                12.3684m   36.495    0.0105      Fe 2                4413.78A   36.571    0.0125      N  3                57.3238m   38.394    0.8318
H  1                7.50038m   36.372    0.0079      Fe 2                2631.32A   36.728    0.0179      N  3                1748.65A   35.558    0.0012
H  1                5.90655m   36.232    0.0057      Fe 2                2617.62A   35.716    0.0017      N  3                1753.99A   35.573    0.0013
H  1                5.12722m   36.100    0.0042      Fe 2                2607.09A   35.935    0.0029      N  3                1752.16A   35.981    0.0032
H  1                4.67119m   35.887    0.0026      Fe 2                2404.89A   35.833    0.0023      N  3                1749.67A   36.035    0.0036
H  1                4.37522m   35.792    0.0021      Fe 2                2380.76A   36.516    0.0110      N  4                1486.50A   35.832    0.0023
H  1                4.16962m   35.704    0.0017      Fe 2                87.3582m   36.316    0.0069      N  4                1483.32A   36.004    0.0034
H  1                4.01974m   35.622    0.0014      Fe 2                4.43368m   35.546    0.0012      Na 3                7.31706m   36.915    0.0276
H  1                3.90645m   35.546    0.0012      Fe 2                1.32778m   36.748    0.0188      Na 4                9.03098m   36.288    0.0065
H  1                3.81838m   35.475    0.0010      Fe 2                1.27878m   36.640    0.0146      Ne 4                2421.66A   36.676    0.0159
H  1                3.48198m   36.008    0.0034      Fe 2                1.25214m   35.583    0.0013      Ne 4                2424.28A   36.851    0.0238
H  1                19.0565m   36.116    0.0044      Fe 2                4452.10A   36.374    0.0079      Ne 5                24.2065m   37.748    0.1878
H  1                11.3055m   36.021    0.0035      Fe 2                2631.05A   35.946    0.0030      Ne 5                14.3228m   37.654    0.1511
H  1                8.75760m   35.903    0.0027      Fe 2                2613.82A   35.586    0.0013      Ne 5                3345.99A   36.274    0.0063
H  1                7.50599m   35.682    0.0016      Fe 2                1.29777m   36.276    0.0063      Ne 5                3426.03A   36.721    0.0177
H  1                6.77008m   35.589    0.0013      Fe 2                1.27035m   36.296    0.0066      Ne 6                7.64318m   36.727    0.0179
H  1                6.29014m   35.502    0.0011      Fe 2                7874.25A   35.893    0.0026      Ni 2                1.19102m   37.837    0.2304
H  1                4.84633m   35.809    0.0022      Fe 2                4474.90A   36.060    0.0039      Ni 2                6.63416m   37.338    0.0730
H  1                27.7955m   35.782    0.0020      Fe 2                2628.29A   35.599    0.0013      Ni 2                1.07151m   36.210    0.0054
H  1                16.2045m   35.708    0.0017      Fe 2                17.9314m   37.802    0.2126      Ni 2                10.6793m   36.572    0.0125
H  1                12.3837m   35.501    0.0011      Fe 2                1.64355m   38.632    1.4379      Ni 2                1.16129m   35.687    0.0016
H  1                6.49914m   35.636    0.0015      Fe 2                1.53347m   37.049    0.0375      Ni 2                12.7253m   36.150    0.0047
H  1                38.8589m   35.484    0.0010      Fe 2                8616.95A   37.590    0.1305      Ni 2                7377.83A   36.965    0.0310
H  1                8.48253m   35.484    0.0010      Fe 2                5273.35A   36.619    0.0139      Ni 2                8300.99A   35.669    0.0016
He 2                1640.43A   38.403    0.8488      Fe 2                5158.78A   37.256    0.0605      Ni 2                1.93877m   36.258    0.0061
He 2                1215.13A   37.937    0.2901      Fe 2                5111.63A   36.303    0.0067      Ni 2                6666.80A   36.091    0.0041
He 2                1084.94A   37.595    0.1319      Fe 2                4814.53A   36.625    0.0141      Ni 2                7411.61A   36.310    0.0068
He 2                1025.27A   37.338    0.0730      Fe 2                4774.72A   35.925    0.0028      Ni 2                4326.24A   36.067    0.0039
He 2                992.360A   37.129    0.0452      Fe 2                4243.97A   36.623    0.0141      Ni 2                4628.05A   35.645    0.0015
He 2                972.108A   36.953    0.0301      Fe 2                4177.20A   35.674    0.0016      Ni 2                7255.82A   35.712    0.0017
He 2                958.694A   36.801    0.0212      Fe 2                3376.20A   35.990    0.0033      Ni 2                4201.17A   35.881    0.0026
He 2                949.324A   36.666    0.0155      Fe 2                2360.00A   35.502    0.0011      Ni 2                7307.65A   35.533    0.0011
He 2                942.508A   36.852    0.0239      Fe 2                2348.12A   35.488    0.0010      Ni 2                4033.04A   35.612    0.0014
He 2                937.389A   36.763    0.0195      Fe 2                24.5120m   37.067    0.0392      Ni 2                4294.09A   35.491    0.0010
He 2                933.444A   36.681    0.0161      Fe 2                1.80939m   37.929    0.2849      Ni 2                3993.06A   35.934    0.0029
He 2                930.337A   36.605    0.0135      Fe 2                1.67688m   36.910    0.0272      Ni 2                3438.88A   35.696    0.0017
He 2                927.846A   36.535    0.0115      Fe 2                1.59947m   36.701    0.0168      O  4                25.8832m   38.592    1.3113
He 2                925.817A   36.469    0.0099      Fe 2                9051.95A   36.932    0.0287      O  4                1404.78A   35.771    0.0020
He 2                924.142A   36.409    0.0086      Fe 2                8891.91A   37.108    0.0430      O  4                1401.16A   35.768    0.0020
He 2                922.743A   36.353    0.0076      Fe 2                5433.13A   36.104    0.0043      O  6                1031.91A   35.505    0.0011
He 2                921.562A   36.302    0.0067      Fe 2                5261.62A   36.814    0.0219      S  4                10.5076m   38.387    0.8179
He 2                920.556A   36.258    0.0061      Fe 2                5220.06A   35.842    0.0023      Si 6                1.96247m   36.150    0.0047
He 2                919.693A   36.221    0.0056      Fe 2                5158.00A   35.891    0.0026      level 1 lines..................................
He 2                918.945A   36.196    0.0053      Fe 2                4947.37A   35.774    0.0020      recombination..................................
He 2                918.295A   36.192    0.0052      Fe 2                4905.34A   36.152    0.0048      level2 lines...................................
He 2                917.724A   36.242    0.0059      Fe 2                4874.48A   35.846    0.0024      Ti 2                3364.74A   36.485    0.0103
He 2                917.221A   37.047    0.0374      Fe 2                4346.85A   35.960    0.0031      Ti 2                3237.15A   36.231    0.0057
He 2                4685.64A   37.624    0.1411      Fe 2                4276.83A   36.274    0.0063      Cr 2                2059.78A   35.718    0.0018
He 2                3203.04A   37.298    0.0666      Fe 2                3440.99A   35.515    0.0011      hyperfine structure............................
He 2                2733.24A   37.031    0.0361      Fe 2                35.7670m   36.222    0.0056      H  1                21.1207c   36.172    0.0050
He 2                2511.15A   36.814    0.0218      Fe 2                1.80002m   36.738    0.0183      inner shell....................................
He 2                2385.35A   36.631    0.0143      Fe 2                1.71113m   36.119    0.0044      molecules......................................
He 2                2306.15A   36.473    0.0100      Fe 2                1.66377m   36.255    0.0060      blends.........................................
He 2                2252.64A   36.334    0.0072      Fe 2                9399.04A   36.155    0.0048      Blnd                2798.00A   38.545    1.1753
He 2                2214.62A   36.347    0.0075      Fe 2                9226.62A   36.852    0.0239      Blnd                6720.00A   38.877    2.5257
He 2                2186.56A   36.258    0.0061      Fe 2                9033.50A   35.725    0.0018      Blnd                4074.00A   37.420    0.0882
He 2                2165.20A   36.177    0.0050      Fe 2                5333.65A   36.226    0.0056      Blnd                1.03300m   37.311    0.0686
He 2                2148.55A   36.101    0.0042      Fe 2                5268.87A   35.695    0.0017      Blnd                1720.00A   35.855    0.0024
He 2                2135.31A   36.030    0.0036      Fe 2                5005.51A   35.713    0.0017      Blnd                3722.00A   36.625    0.0141
He 2                2124.58A   35.965    0.0031      Fe 2                4973.39A   35.745    0.0019      Blnd                2665.00A   37.109    0.0431
He 2                2115.78A   35.904    0.0027      Fe 2                4352.78A   35.929    0.0029      Blnd                1860.00A   36.059    0.0038
He 2                2108.46A   35.849    0.0024      Fe 2                4319.62A   35.741    0.0018      Blnd                4725.00A   36.588    0.0130
He 2                2102.30A   35.798    0.0021      Fe 2                1.79710m   36.346    0.0074      Blnd                2860.00A   35.484    0.0010
He 2                2097.07A   35.754    0.0019      Fe 2                1.74494m   35.947    0.0030      Blnd                2335.00A   37.446    0.0938
He 2                2092.59A   35.717    0.0017      Fe 2                9470.94A   36.286    0.0065      Blnd                1888.00A   37.306    0.0678
He 2                2088.73A   35.692    0.0017      Fe 2                9267.56A   35.831    0.0023      Blnd                1397.00A   36.213    0.0055
He 2                2085.37A   35.689    0.0016      Fe 2                5376.45A   35.483    0.0010      Blnd                2424.00A   37.073    0.0397
He 2                2082.42A   35.739    0.0018      Fe 2                22.8960m   35.824    0.0022      Blnd                5525.00A   36.677    0.0160
He 2                2079.84A   36.543    0.0117      Fe 2                1.81139m   36.135    0.0046      Blnd                8579.00A   36.442    0.0093
He 2                1.01233m   37.023    0.0354      Fe 2                1.74842m   35.866    0.0025      Blnd                7306.00A   38.059    0.3844
He 2                6559.91A   36.788    0.0206      Fe 2                2755.74A   36.332    0.0072      Blnd                3933.00A   37.637    0.1454
He 2                5411.37A   36.572    0.0125      Fe 2                2739.55A   36.028    0.0036      Blnd                1657.00A   36.411    0.0086
He 2                4859.18A   36.387    0.0082      Fe 3                22.9190m   37.982    0.3219      C 1R                1656.00A   36.410    0.0086
He 2                4541.46A   36.226    0.0056      Fe 3                4924.66A   35.936    0.0029      Blnd                9850.00A   36.642    0.0147
He 2                4338.55A   36.084    0.0041      Fe 3                4881.12A   36.821    0.0222      Blnd                1335.00A   37.580    0.1275
He 2                4199.71A   35.978    0.0032      Fe 3                4658.01A   37.482    0.1017      C 2R                1335.00A   37.567    0.1237
He 2                4099.92A   35.889    0.0026      Fe 3                4607.11A   36.224    0.0056      Blnd                977.000A   36.491    0.0104
He 2                4025.48A   35.808    0.0022      Fe 3                33.0270m   37.428    0.0899      C 3R                977.000A   36.454    0.0095
He 2                3968.32A   35.732    0.0018      Fe 3                5270.40A   37.408    0.0859      Blnd                1909.00A   37.677    0.1596
He 2                3923.37A   35.662    0.0015      Fe 3                4987.33A   36.056    0.0038      C 3R                1909.00A   36.310    0.0069
He 2                3887.33A   35.597    0.0013      Fe 3                4754.64A   36.744    0.0186      Blnd                1176.00A   36.128    0.0045
He 2                3857.96A   35.537    0.0012      Fe 3                4701.62A   36.990    0.0327      C 3R                1175.00A   36.128    0.0045
He 2                3833.69A   35.481    0.0010      Fe 3                4666.94A   35.836    0.0023      Blnd                1549.00A   37.271    0.0626
He 2                3740.11A   36.176    0.0050      Fe 3                51.6655m   36.830    0.0227      C 4R                1549.00A   35.712    0.0017
He 2                1.86362m   36.523    0.0112      Fe 3                5011.16A   36.597    0.0133      Blnd                1.04030m   35.808    0.0022
He 2                1.16260m   36.351    0.0075      Fe 3                4769.52A   36.515    0.0110      Blnd                1085.00A   36.379    0.0080
He 2                9344.62A   36.175    0.0050      Fe 3                4733.84A   36.390    0.0082      N 2R                1085.00A   36.376    0.0080
He 2                8236.51A   36.016    0.0035      Fe 3                105.345m   35.885    0.0026      Blnd                2141.00A   36.656    0.0152
He 2                7592.50A   35.875    0.0025      Fe 3                5411.98A   36.365    0.0078      Blnd                1750.00A   36.465    0.0098
He 2                7177.28A   35.689    0.0016      Fe 3                4930.44A   35.636    0.0014      Blnd                990.000A   36.555    0.0120
He 2                6890.67A   35.601    0.0013      Fe 3                4777.61A   36.067    0.0039      N 3R                990.000A   36.551    0.0119
He 2                6682.98A   35.520    0.0011      Fe 3                5084.66A   35.827    0.0023      Blnd                1486.00A   36.227    0.0057
He 2                5931.63A   35.890    0.0026      Fe 3                40.1336m   35.767    0.0020      Blnd                1240.00A   35.857    0.0024
He 2                3.09074m   36.092    0.0041      Fe 7                9.50763m   36.718    0.0175      Blnd                6300.00A   37.938    0.2906
He 2                1.87427m   35.965    0.0031      Fe 7                5720.71A   36.022    0.0035      Blnd                3726.00A   38.634    1.4452
He 2                1.47599m   35.821    0.0022      Fe 7                4988.55A   35.817    0.0022      Blnd                3729.00A   38.812    2.1751
He 2                1.28124m   35.685    0.0016      Fe 7                4893.37A   35.549    0.0012      O 2R                3729.00A   36.431    0.0090
He 2                8701.09A   35.655    0.0015      Fe 7                7.81037m   36.184    0.0051      O 2R                4651.00A   36.061    0.0039
He 2                4.76203m   35.714    0.0017      Fe 7                6086.97A   36.196    0.0053      O 2R                4341.00A   35.782    0.0020
He 2                2.82513m   35.621    0.0014      Fe 7                5158.89A   35.682    0.0016      Blnd                5007.00A   39.218    5.5439
He 2                2.18843m   35.502    0.0011      Fe 7                3586.32A   35.669    0.0016      Blnd                1218.00A   35.947    0.0030
He-like iso-sequence...........................      Fe 7                3758.92A   35.823    0.0022      Blnd                1035.00A   35.688    0.0016
He 1                1.08303m   37.936    0.2894      K  3                4.61683m   36.546    0.0118



 CIV QSO  
 Cooling:  C  2c                     0 :0.052 Fe 2c                     0 :0.156 O  2c                     0 :0.062 O  3c                     0 :0.185 S  3c                     0 :0.089 Si 2c                     0 :0.075 N  2c                     0 :0.051  
 Heating:  BFH1                      0 :0.629 BFHe                      0 :0.313 TotM                      0 :0.050  

 These are some of the most important databases used by Cloudy:
 Many recombination coefficients were taken from http://amdpp.phys.strath.ac.uk/tamoc/RR/ and http://amdpp.phys.strath.ac.uk/tamoc/DR/
      and are based on the following papers:
        Badnell N. R., et al., A&A 406, 1151 (2003) [http://adsabs.harvard.edu/abs/2003A%26A...406.1151B]
        Badnell N. R., ApJS 167, 334 (2006) [http://adsabs.harvard.edu/abs/2006ApJS..167..334B]
 Much of the molecular emission data is from LAMDA as accessed on June 30, 2015. This database is described in:
        Schoeier F.L., et al., A&A 432, 369 (2005) [http://adsabs.harvard.edu/abs/2005A%26A...432..369S]
      This database is in part based on the work of the following groups:
        JPL: Pickett H. M. et al., JQSRT, 60, 883 (1998). [http://adsabs.harvard.edu/abs/1998JQSRT..60..883P]
        CDMS: Mueller H. S. et al., A&A 370, L49 (2001). [http://adsabs.harvard.edu/abs/2001A%26A...370L..49M]
              Mueller H. S. et al., J. Mol. Struct. 742, 215 (2005). [http://adsabs.harvard.edu/abs/2005JMoSt.742..215M]
 Some of the ionic emission data is from version 7.1.4 of CHIANTI. CHIANTI is a collaborative project involving the NRL (USA), the
      Universities of Florence (Italy) and Cambridge (UK), and George Mason University (USA). These papers describe Chianti:
        Dere K. P., et al., A&AS, 125, 149 (1997) [http://adsabs.harvard.edu/abs/1997A%26AS..125..149D]
        Landi E., et al., ApJ, 744, 99 (2012) [http://adsabs.harvard.edu/abs/2012ApJ...744...99L]
 Much of the H_2 data is from this web site: http://molat.obspm.fr/index.php?page=pages/Molecules/H2/H2can94.php. These data are
      described in:
        Abgrall H. et al., Can. J. Phys., 72, 856 (1994) [http://adsabs.harvard.edu/abs/1994CaJPh..72..856A]
        Wrathmall S. A. & Flower D. R., J. Phys. B, 40, 3221 (2007) [http://adsabs.harvard.edu/abs/2007JPhB...40.3221W]
 The Case A and Case B recombination predictions for one-electron systems are from
	Storey, P.J. & Hummer, D.G., 1995, MNRAS 272, 41 http://adsabs.harvard.edu/abs/1995MNRAS.272...41S
 The He I recombination predictions are from
	Porter, R. L.; Ferland, G. J.; Storey, P. J.; Detisch, M. J., 2012, MNRAS, 425, 28p http://adsabs.harvard.edu/abs/2012MNRAS.425L..28P
		http://adsabs.harvard.edu/abs/2013MNRAS.433L..89P

 If you find some process or data set to be particularly critical to a result, please follow the trail of references back to the
 original source and cite that.  This will support and encourage atomic, molecular, and chemical physicists to continue their
 valuable work.

 IONIZE PARMET:  U(1-) -1.0255  U(4-): -2.0483  U(sp): -2.67  Q(ion):   48.760  L(ion) 39.962    Q(low): 53.794    L(low) 41.175
 ENERGY BUDGET:  Heat:  40.246  Coolg:  40.246  Error:  0.0%  Rec Lin:  39.483  F-F  H  0.000    P(rad/tot)max     0.00E+00    R(F Con):1.737e+05

     Col(Heff):      2.534E+20  snd travl time  2.93E+18 sec  Te-low: 7.21E+01  Te-hi: 1.98E+04  G0TH85: 1.38E-01  G0DB96:1.30E-01
  Emiss Measure    n(e)n(p) dl       2.482E+17  n(e)n(He+)dl         1.422E+16  En(e)n(He++) dl         1.106E+16  ne nC+:1.29E+13
 He/Ha:1.30E-01  =   1.30*true  Lthin:2.63E+09  itr/zn: 8.02  H2 itr/zn:  0.00  File Opacity: F  MassTot 1.78e+44  (gm)
   Temps(21 cm)   T(21cm/Ly a)  2.87E+01        T(<nH/Tkin>)  1.46E+02          T(<nH/Tspin>)    4.33E+01          TB21cm:3.09E+01
                   N(H0/Tspin)  4.78E+18        N(OH/Tkin)    3.53E+07          B(21cm)          0.00E+00
   <a>:1.19E-13  erdeFe1.9E+28  Tcompt1.69E+17  Tthr1.27E+16  <Tden>: 3.84E+03  <dens>:2.42E-27  <MolWgt>1.05E+00
     Mean Jeans  l(cm)1.25E+23  M(sun)3.83E+08  smallest:     len(cm):1.33E+22  M(sun):9.25E+05  a_ox tran: -1.53
 Rion:5.806E+22  Dist:0.00E+00  Diam:0.000E+00
 Hatom level 70  HatomType: add  HInducImp  F  He tot level: 63  He2 level:   70  ExecTime   293.9
 ConvrgError(%)  <eden>  0.076  MaxEden  0.889  <H-C>   0.06  Max(H-C)    0.41  <Press>   0.000  MaxPrs er  0.000
  Continuity(%)  chng Te   3.3  elec den   7.6  n(H2)    0.0  n(CO)        0.0

                                                        Averaged Quantities
             Te      Te(Ne)   Te(NeNp)  Te(NeHe+)Te(NeHe2+) Te(NeO+)  Te(NeO2+)  Te(H2)     N(H)     Ne(O2+)   Ne(Np)
 Radius:  2.01e+03  9.46e+03  9.97e+03  8.47e+03  1.18e+04  8.16e+03  8.87e+03  1.70e+03  1.02e-03  2.29e-03  2.20e-03
   Area:  4.93e+02  7.86e+03  8.75e+03  8.20e+03  1.04e+04  8.16e+03  8.45e+03  8.90e+02  7.01e-04  2.20e-03  1.83e-03
 Volume:  1.76e+02  6.08e+03  8.30e+03  8.08e+03  9.49e+03  8.17e+03  8.19e+03  3.98e+02  5.68e-04  2.14e-03  1.36e-03
 
 Peimbert T(OIIIr)8.00E+03 T(Bac)2.98E+03 T(Hth)0.00E+00 t2(Hstrc) 1.53e-02 T(O3-BAC)0.00E+00 t2(O3-BC) 0.00e+00 t2(O3str) 9.31e-03

 Contin Optical Depths: COMP: 8.63e-05    H-: 3.35e-05 R(1300): 1.39e-03  H2+: 2.65e-06  Bra:8.64E-05
                          Pa: 8.64e-05    Ba: 1.17e-04      Hb: 1.10e-04   La: 3.42e+00     1r:1.314E+03  1.8:4.03E+02 4.:7.316E+01

 Old, new H  1 continuum optical depths:
     1 1.31e+03     2 1.75e-05     3 3.44e-05     4 3.44e-05     5 3.44e-05     6 8.84e-06     7 8.84e-06     8 8.84e-06
     9 8.84e-06    10 5.92e-19    11 5.92e-19    12 5.92e-19    13 5.92e-19    14 5.92e-19    15 1.42e-18    16 1.42e-18
    17 1.42e-18    18 1.42e-18    19 1.42e-18    20 1.42e-18    21 2.97e-18    22 2.97e-18    23 2.97e-18    24 2.97e-18
    25 2.97e-18    26 2.97e-18    27 2.97e-18    28 5.69e-18    29 5.69e-18    30 5.69e-18    31 5.69e-18    32 5.69e-18
    33 5.69e-18    34 5.69e-18    35 5.69e-18    36 1.02e-17    37 1.02e-17    38 1.02e-17    39 1.02e-17    40 1.02e-17
    41 1.02e-17    42 1.02e-17    43 1.02e-17    44 1.02e-17    45 1.72e-17    46 1.72e-17    47 1.72e-17    48 1.72e-17
    49 1.72e-17    50 1.72e-17    51 1.72e-17    52 1.72e-17    53 1.72e-17    54 1.72e-17
     1 1.31e+03     2 1.74e-05     3 3.41e-05     4 3.41e-05     5 3.41e-05     6 8.77e-06     7 8.77e-06     8 8.77e-06
     9 8.77e-06    10 6.05e-19    11 6.05e-19    12 6.05e-19    13 6.05e-19    14 6.05e-19    15 1.45e-18    16 1.45e-18
    17 1.45e-18    18 1.45e-18    19 1.45e-18    20 1.45e-18    21 3.05e-18    22 3.05e-18    23 3.05e-18    24 3.05e-18
    25 3.05e-18    26 3.05e-18    27 3.05e-18    28 5.85e-18    29 5.85e-18    30 5.85e-18    31 5.85e-18    32 5.85e-18
    33 5.85e-18    34 5.85e-18    35 5.85e-18    36 1.05e-17    37 1.05e-17    38 1.05e-17    39 1.05e-17    40 1.05e-17
    41 1.05e-17    42 1.05e-17    43 1.05e-17    44 1.05e-17    45 1.78e-17    46 1.78e-17    47 1.78e-17    48 1.78e-17
    49 1.78e-17    50 1.78e-17    51 1.78e-17    52 1.78e-17    53 1.78e-17    54 1.78e-17

 Old, new H  1 mean line optical depths:
  2- 1 1.65e+08  3- 2 7.95e-10  4- 3 1.85e-16  5- 4 1.03e-15  6- 5 1.72e-15  7- 6 1.24e-15  8- 7 3.68e-15
  9- 8 1.06e-14 10- 9 2.17e-14 11-10 2.79e-13 12-11 0.00e+00 13-12 0.00e+00 14-13 0.00e+00 15-14 0.00e+00 16-15 0.00e+00
 17-16 0.00e+00 18-17 0.00e+00 19-18 0.00e+00 20-19 0.00e+00 21-20 0.00e+00 22-21 0.00e+00 23-22 0.00e+00 24-23 0.00e+00
 25-24 0.00e+00
  2- 1 1.65e+08  3- 2 8.59e-10  4- 3 2.98e-16  5- 4 1.04e-15  6- 5 1.75e-15  7- 6 2.71e-15  8- 7 1.28e-15
  9- 8 6.16e-15 10- 9 1.42e-14 11-10 2.36e-13 12-11 0.00e+00 13-12 0.00e+00 14-13 0.00e+00 15-14 0.00e+00 16-15 0.00e+00
 17-16 0.00e+00 18-17 0.00e+00 19-18 0.00e+00 20-19 0.00e+00 21-20 0.00e+00 22-21 0.00e+00 23-22 0.00e+00 24-23 0.00e+00
 25-24 0.00e+00

 Old, new He 2 continuum optical depths:
     1 7.32e+01     2 1.31e+03     3 1.53e-05     4 1.53e-05     5 1.53e-05     6 1.75e-05     7 1.75e-05     8 1.75e-05
     9 1.75e-05    10 2.79e-05    11 2.79e-05    12 2.79e-05    13 2.79e-05    14 2.79e-05    15 3.44e-05    16 3.44e-05
    17 3.44e-05    18 3.44e-05    19 3.44e-05    20 3.44e-05    21 2.88e-05    22 2.88e-05    23 2.88e-05    24 2.88e-05
    25 2.88e-05    26 2.88e-05    27 2.88e-05    28 8.84e-06    29 8.84e-06    30 8.84e-06    31 8.84e-06    32 8.84e-06
    33 8.84e-06    34 8.84e-06    35 8.84e-06    36 3.39e-19    37 3.39e-19    38 3.39e-19    39 3.39e-19    40 3.39e-19
    41 3.39e-19    42 3.39e-19    43 3.39e-19    44 3.39e-19    45 5.92e-19    46 5.92e-19    47 5.92e-19    48 5.92e-19
    49 5.92e-19    50 5.92e-19    51 5.92e-19    52 5.92e-19    53 5.92e-19    54 5.92e-19
     1 7.32e+01     2 1.31e+03     3 1.53e-05     4 1.53e-05     5 1.53e-05     6 1.74e-05     7 1.74e-05     8 1.74e-05
     9 1.74e-05    10 2.77e-05    11 2.77e-05    12 2.77e-05    13 2.77e-05    14 2.77e-05    15 3.41e-05    16 3.41e-05
    17 3.41e-05    18 3.41e-05    19 3.41e-05    20 3.41e-05    21 2.86e-05    22 2.86e-05    23 2.86e-05    24 2.86e-05
    25 2.86e-05    26 2.86e-05    27 2.86e-05    28 8.77e-06    29 8.77e-06    30 8.77e-06    31 8.77e-06    32 8.77e-06
    33 8.77e-06    34 8.77e-06    35 8.77e-06    36 3.47e-19    37 3.47e-19    38 3.47e-19    39 3.47e-19    40 3.47e-19
    41 3.47e-19    42 3.47e-19    43 3.47e-19    44 3.47e-19    45 6.05e-19    46 6.05e-19    47 6.05e-19    48 6.05e-19
    49 6.05e-19    50 6.05e-19    51 6.05e-19    52 6.05e-19    53 6.05e-19    54 6.05e-19

 Old, new He 2 mean line optical depths:
  2- 1 5.80e+05  3- 2 8.30e-13  4- 3 3.74e-18  5- 4 5.52e-18  6- 5 9.34e-18  7- 6 1.57e-17  8- 7 1.06e-17
  9- 8 7.51e-17 10- 9 1.96e-16 11-10 3.43e-15 12-11 0.00e+00 13-12 0.00e+00 14-13 0.00e+00 15-14 0.00e+00 16-15 0.00e+00
 17-16 0.00e+00 18-17 0.00e+00 19-18 0.00e+00 20-19 0.00e+00 21-20 0.00e+00 22-21 0.00e+00 23-22 0.00e+00 24-23 0.00e+00
 25-24 0.00e+00
  2- 1 5.79e+05  3- 2 1.02e-12  4- 3 3.96e-18  5- 4 5.70e-18  6- 5 9.35e-18  7- 6 1.54e-17  8- 7 2.46e-17
  9- 8 3.26e-17 10- 9 1.27e-16 11-10 3.10e-15 12-11 0.00e+00 13-12 0.00e+00 14-13 0.00e+00 15-14 0.00e+00 16-15 0.00e+00
 17-16 0.00e+00 18-17 0.00e+00 19-18 0.00e+00 20-19 0.00e+00 21-20 0.00e+00 22-21 0.00e+00 23-22 0.00e+00 24-23 0.00e+00
 25-24 0.00e+00

 Old He Is optical depths:    1 4.03e+02    2 1.15e-05    3 1.45e-05    4 1.62e-05    5 1.62e-05
 New He Is optical depths:    1 4.03e+02    2 1.14e-05    3 1.44e-05    4 1.61e-05    5 1.61e-05
          Old He Is Lines:  584 1.03e+07 3889 2.94e-06 5016 2.94e-06 5876 2.94e-06
          New He Is Lines:  584 1.04e+07 3889 6.11e-06 5016 6.11e-06 5876 6.11e-06
CIV QSO  


          Start Iteration Number 3                                                                     CIV QSO  


WARNING: no exact matching lines found for "HE 2" 949.310A
Taking best match as "He 2                949.324A"
WARNING: no exact matching lines found for "HE 2" 4859.00A
Taking best match as "He 2                4859.18A"
WARNING: no exact matching lines found for "HE 2" 4339.00A
WARNING: Line with incorrect label found close "O  2                4339.00A"
Taking best match as "He 2                4338.55A"
WARNING: no exact matching lines found for "HE 2" 6527.00A
Taking best match as "He 2                6526.88A"
WARNING: no exact matching lines found for "HE 2" 6560.00A
Taking best match as "He 2                6559.91A"
 ####  1  Te:1.979E+04 Hden:2.404E-03 Ne:2.894E-03 R:3.178E+21 R-R0:1.581E+19 dR:3.162E+19 NTR:  6 Htot:4.848E-29 T912: 1.31e+03###
 Hydrogen      4.46e-05 1.00e+00 H+o/Hden 1.00e+00 2.26e-13 H-    H2 5.71e-19 2.07e-14 H2+ HeH+ 1.89e-15 Ho+ ColD 3.39e+12 7.60e+16
 Helium        8.99e-07 1.01e-02 9.90e-01 HeI 2s3S 5.50e-14 Comp H,C 4.34e-33 3.23e-35 Fill Fac 1.00e+00 Gam1/tot 1.00e+00
 He singlet n  8.99e-07 2.85e-21 6.64e-28 2.15e-27 5.04e-28 2.90e-27 He tripl 5.50e-14 2.30e-25 6.89e-27 5.12e-26 8.33e-27
 Pressure      NgasTgas 1.10e+02 P(total) 1.51e-14 P( gas ) 1.51e-14 P(Radtn) 0.00e+00 Rad accl 2.95e-12 ForceMul 2.07e+02
 Texc(La)      2.75e+03 T(I con) 1.53e+00 T(D con) 9.07e-02 T(U tot) 1.53e+00 nT (c+d) 3.92e+05 Prad/Gas 0.00e+00 Pmag/Gas 0.00e+00
 Molecules     CH/Ctot: 7.47e-24 CH+/Ctot 3.53e-19 CO/Ctot: 9.59e-34 CO+/Ctot 4.23e-29 H2O/Otot 4.31e-40 OH/Ototl 5.42e-25
 Lithium       2.49e-08 2.12e-03 1.92e-01 8.06e-01 Berylliu 2.88e-07 7.77e-05 1.10e-01 6.20e-01 2.70e-01 sec ion: 2.08e-19
 Boron         1.32e-08 2.09e-04 6.90e-03 5.74e-01 3.88e-01 3.07e-02
 Carbon        6.42e-10 1.85e-05 8.01e-03 7.77e-02 8.07e-01 1.05e-01 2.09e-03 H2O+/O   2.25e-40 OH+/Otot 6.93e-25 Hex(tot) 0.00e+00
 Nitrogen      1.36e-10 4.82e-06 5.24e-03 1.16e-01 2.87e-01 5.73e-01 1.98e-02 1.24e-04 O2/Ototl 6.96e-34 O2+/Otot 2.32e-34
 Oxygen        3.28e-11 1.74e-06 2.19e-03 1.15e-01 3.45e-01 3.47e-01 1.90e-01 2.13e-03 4.85e-06
 Fluorine      1.50e-11 1.10e-06 1.15e-03 8.15e-02 5.24e-01 3.40e-01 4.29e-02 1.07e-02 4.52e-05 0.00e+00
 Neon          7.59e-12 5.22e-07 9.53e-04 5.53e-02 4.42e-01 4.34e-01 6.02e-02 6.42e-03 6.39e-04 1.14e-06 0.00e+00
 Sodium        1.62e-12 1.78e-07 3.77e-04 4.79e-02 4.70e-01 3.70e-01 1.06e-01 5.32e-03 1.34e-04 1.27e-05 0.00e+00 0.00e+00
 Magnesium     4.08e-10 4.40e-08 9.76e-05 1.68e-02 2.55e-01 5.15e-01 1.94e-01 1.84e-02 1.20e-03 3.15e-05 1.38e-06 0.00e+00 0.00e+00
 Aluminium  0  1.82e-10 8.69e-07 1.76e-05 4.31e-03 1.19e-01 5.81e-01 2.53e-01 3.97e-02 3.04e-03 6.26e-05 0.00e+00 0.00e+00 0.00e+00
 Silicon    0  4.62e-11 1.17e-06 1.29e-04 1.41e-03 5.70e-02 3.49e-01 4.80e-01 1.11e-01 1.55e-03 2.33e-05 0.00e+00 0.00e+00 0.00e+00
 Phosphorus 0  8.21e-11 3.99e-06 4.00e-04 5.32e-03 3.10e-02 3.25e-01 4.72e-01 1.54e-01 1.11e-02 2.89e-04 1.31e-06 0.00e+00 0.00e+00
 Sulphur    0  8.70e-12 1.47e-06 8.80e-04 1.77e-02 4.76e-02 1.29e-01 4.69e-01 3.15e-01 2.04e-02 4.55e-04 6.65e-06 0.00e+00 0.00e+00
 Chlorine   0  1.81e-11 2.03e-06 1.26e-03 4.58e-02 1.79e-01 1.94e-01 1.77e-01 3.24e-01 7.40e-02 4.63e-03 4.60e-05 0.00e+00 0.00e+00
 Argon      0  4.48e-12 3.15e-07 9.91e-04 3.42e-02 3.32e-01 3.98e-01 8.06e-02 8.87e-02 5.94e-02 5.51e-03 1.44e-04 1.83e-06 0.00e+00
 Potassium  0  4.63e-12 1.32e-06 5.19e-04 1.71e-02 1.83e-01 6.12e-01 1.38e-01 3.20e-02 1.00e-02 6.05e-03 2.91e-04 3.30e-06 0.00e+00
 Calcium    0  4.23e-12 1.57e-07 3.22e-04 1.49e-02 1.18e-01 4.49e-01 3.62e-01 4.76e-02 4.63e-03 2.04e-03 4.95e-04 1.25e-05 0.00e+00
 Scandium   0  4.32e-14 2.66e-09 1.00e-05 1.45e-02 1.15e-01 3.88e-01 3.27e-01 1.48e-01 6.53e-03 6.78e-04 4.90e-05 3.27e-05 0.00e+00
 Titanium   0  4.10e-13 2.32e-08 4.79e-05 1.47e-02 1.27e-01 3.74e-01 3.05e-01 1.57e-01 2.10e-02 8.60e-04 4.63e-05 7.34e-06 1.79e-06
 Vanadium   0  1.74e-14 7.38e-10 3.64e-06 8.25e-04 3.40e-02 4.53e-01 3.28e-01 1.57e-01 2.30e-02 3.35e-03 3.04e-05 6.65e-06 0.00e+00
 Chromium   0  3.50e-15 3.45e-10 1.77e-06 4.75e-04 1.87e-02 1.98e-01 5.24e-01 2.22e-01 3.18e-02 4.70e-03 1.80e-04 4.55e-06 0.00e+00
 Manganese  0  1.84e-14 6.78e-10 2.03e-06 5.78e-04 2.81e-02 3.01e-01 5.51e-01 1.01e-01 1.60e-02 2.05e-03 8.39e-05 7.65e-06 0.00e+00
 Iron       0  1.59e-14 8.36e-11 3.21e-07 1.47e-04 8.55e-03 1.25e-01 5.34e-01 3.18e-01 1.36e-02 6.50e-04 1.03e-05 0.00e+00 0.00e+00
 Cobalt     0  1.36e-15 3.30e-11 2.26e-07 9.57e-05 7.71e-03 1.25e-01 3.55e-01 4.14e-01 8.71e-02 1.06e-02 3.74e-04 2.81e-05 1.14e-06
 Nickel     0  1.00e-15 2.47e-11 1.29e-07 5.09e-05 4.16e-03 9.70e-02 3.04e-01 4.47e-01 1.28e-01 1.94e-02 4.43e-04 3.85e-05 1.30e-06
 Copper     0  3.32e-16 1.40e-11 7.87e-08 3.04e-05 2.45e-03 5.90e-02 2.66e-01 4.70e-01 1.65e-01 3.59e-02 1.42e-03 1.95e-05 1.87e-06
 Zinc       0  1.39e-15 2.33e-11 6.27e-08 2.30e-05 1.86e-03 4.55e-02 2.10e-01 4.97e-01 1.91e-01 5.17e-02 2.63e-03 1.42e-04 4.25e-06
 ####383  Te:7.217E+01 Hden:3.159E-04 Ne:1.627E-06 R:3.155E+23 R-R0:3.124E+23 dR:1.388E+21 NTR:  7 Htot:4.085E-34 T912: 2.63e+03###
 Hydrogen      9.96e-01 4.10e-03 H+o/Hden 1.00e+00 1.01e-10 H-    H2 5.02e-07 6.01e-10 H2+ HeH+ 6.32e-09 Ho+ ColD 2.07e+20 1.13e+20
 Helium        9.93e-01 6.65e-03 8.78e-06 HeI 2s3S 9.97e-16 Comp H,C 2.44e-40 6.62e-45 Fill Fac 1.00e+00 Gam1/tot 1.14e-01
 He singlet n  9.93e-01 3.59e-23 2.37e-29 2.32e-29 1.58e-29 9.37e-29 He tripl 9.97e-16 4.67e-27 8.32e-29 8.34e-28 2.61e-28
 Pressure      NgasTgas 2.52e-02 P(total) 3.48e-18 P( gas ) 3.48e-18 P(Radtn) 0.00e+00 Rad accl 2.02e-15 ForceMul 3.31e+05
 Texc(La)      2.32e+03 T(I con) 1.43e-01 T(D con) 1.07e-01 T(U tot) 1.53e-01 nT (c+d) 6.05e+04 Prad/Gas 0.00e+00 Pmag/Gas 0.00e+00
 Molecules     CH/Ctot: 7.31e-10 CH+/Ctot 7.78e-09 CO/Ctot: 2.23e-08 CO+/Ctot 8.55e-11 H2O/Otot 3.11e-12 OH/Ototl 6.76e-08
 Lithium       3.94e-03 9.96e-01 2.63e-06 0.00e+00 Berylliu 7.75e-03 9.75e-01 1.67e-02 9.25e-05 0.00e+00 sec ion: 4.91e-20
 Boron         1.06e-03 9.90e-01 2.57e-04 8.68e-03 0.00e+00 0.00e+00
 Carbon        5.62e-03 9.92e-01 2.86e-03 1.22e-06 0.00e+00 0.00e+00 0.00e+00 H2O+/O   2.50e-14 OH+/Otot 4.31e-09 Hex(tot) 0.00e+00
 Nitrogen      9.96e-01 3.90e-03 3.11e-06 0.00e+00 0.00e+00 0.00e+00 0.00e+00 0.00e+00 O2/Ototl 4.75e-11 O2+/Otot 7.37e-13
 Oxygen        1.00e+00 2.48e-04 1.47e-06 0.00e+00 0.00e+00 0.00e+00 0.00e+00 0.00e+00 0.00e+00
 Fluorine      9.53e-01 4.42e-02 2.41e-03 0.00e+00 0.00e+00 0.00e+00 0.00e+00 0.00e+00 0.00e+00 0.00e+00
 Neon          9.24e-01 7.40e-02 1.69e-03 0.00e+00 0.00e+00 0.00e+00 0.00e+00 0.00e+00 0.00e+00 0.00e+00 0.00e+00
 Sodium        5.63e-02 9.25e-01 1.87e-02 0.00e+00 0.00e+00 0.00e+00 0.00e+00 0.00e+00 0.00e+00 0.00e+00 0.00e+00 0.00e+00
 Magnesium     1.50e-02 9.47e-01 3.76e-02 0.00e+00 0.00e+00 0.00e+00 0.00e+00 0.00e+00 0.00e+00 0.00e+00 0.00e+00 0.00e+00 0.00e+00
 Aluminium  0  2.66e-04 9.09e-01 6.17e-02 2.87e-02 1.06e-06 0.00e+00 0.00e+00 0.00e+00 0.00e+00 0.00e+00 0.00e+00 0.00e+00 0.00e+00
 Silicon    0  3.04e-03 9.97e-01 5.91e-06 4.37e-05 0.00e+00 0.00e+00 0.00e+00 0.00e+00 0.00e+00 0.00e+00 0.00e+00 0.00e+00 0.00e+00
 Phosphorus 0  2.02e-03 9.50e-01 4.74e-02 1.41e-04 0.00e+00 0.00e+00 0.00e+00 0.00e+00 0.00e+00 0.00e+00 0.00e+00 0.00e+00 0.00e+00
 Sulphur    0  7.27e-04 9.63e-01 3.64e-02 5.55e-06 0.00e+00 0.00e+00 0.00e+00 0.00e+00 0.00e+00 0.00e+00 0.00e+00 0.00e+00 0.00e+00
 Chlorine   0  3.37e-03 9.30e-01 6.65e-02 1.07e-05 0.00e+00 0.00e+00 0.00e+00 0.00e+00 0.00e+00 0.00e+00 0.00e+00 0.00e+00 0.00e+00
 Argon      0  6.98e-01 2.99e-01 3.00e-03 2.63e-06 0.00e+00 0.00e+00 0.00e+00 0.00e+00 0.00e+00 0.00e+00 0.00e+00 0.00e+00 0.00e+00
 Potassium  0  7.94e-03 9.19e-01 7.25e-02 1.46e-05 5.89e-04 0.00e+00 0.00e+00 0.00e+00 0.00e+00 0.00e+00 0.00e+00 0.00e+00 0.00e+00
 Calcium    0  9.95e-04 2.67e-01 7.29e-01 3.16e-03 1.97e-05 0.00e+00 0.00e+00 0.00e+00 0.00e+00 0.00e+00 0.00e+00 0.00e+00 0.00e+00
 Scandium   0  2.26e-03 7.33e-01 2.62e-01 2.83e-03 4.31e-04 0.00e+00 0.00e+00 0.00e+00 0.00e+00 0.00e+00 0.00e+00 0.00e+00 0.00e+00
 Titanium   0  1.74e-03 9.91e-01 6.90e-03 1.57e-05 3.41e-04 0.00e+00 0.00e+00 0.00e+00 0.00e+00 0.00e+00 0.00e+00 0.00e+00 0.00e+00
 Vanadium   0  1.21e-02 9.79e-01 8.98e-03 2.39e-06 2.01e-05 0.00e+00 0.00e+00 0.00e+00 0.00e+00 0.00e+00 0.00e+00 0.00e+00 0.00e+00
 Chromium   0  1.55e-03 9.98e-01 2.59e-04 1.42e-06 3.57e-06 0.00e+00 0.00e+00 0.00e+00 0.00e+00 0.00e+00 0.00e+00 0.00e+00 0.00e+00
 Manganese  0  4.44e-03 9.95e-01 8.27e-05 2.31e-06 9.35e-06 0.00e+00 0.00e+00 0.00e+00 0.00e+00 0.00e+00 0.00e+00 0.00e+00 0.00e+00
 Iron       0  1.70e-03 9.98e-01 1.85e-05 5.55e-05 1.81e-06 0.00e+00 0.00e+00 0.00e+00 0.00e+00 0.00e+00 0.00e+00 0.00e+00 0.00e+00
 Cobalt     0  3.34e-02 9.66e-01 4.49e-05 9.56e-06 5.13e-05 0.00e+00 0.00e+00 0.00e+00 0.00e+00 0.00e+00 0.00e+00 0.00e+00 0.00e+00
 Nickel     0  3.83e-03 9.96e-01 5.89e-05 1.37e-06 5.12e-06 0.00e+00 0.00e+00 0.00e+00 0.00e+00 0.00e+00 0.00e+00 0.00e+00 0.00e+00
 Copper     0  4.63e-03 7.70e-01 2.25e-01 2.71e-06 0.00e+00 0.00e+00 0.00e+00 0.00e+00 0.00e+00 0.00e+00 0.00e+00 0.00e+00 0.00e+00
 Zinc       0  1.37e-02 6.51e-01 2.16e-01 1.03e-01 1.67e-02 0.00e+00 0.00e+00 0.00e+00 0.00e+00 0.00e+00 0.00e+00 0.00e+00 0.00e+00
   CIV QSO  
   Calculation stopped because outer radius reached. Iteration 3 of 3
   The geometry is spherical.
 C-Continuum zero at some energies.
  !Background cosmic rays are not included - is this physical?  It affects the chemistry.
  !Ionization rate fell below background cosmic ray ionization rate.  Should this be added too?
  !   Use the COSMIC RAY BACKGROUND command.
  !Some input lines contained underscores, these were changed to spaces.
  !Suprathermal collisional ionization of H reached 90.30% of the local H ionization rate.
  !Charge transfer H => H+ reached 880.7% of the local H ionization rate.
  !Non-collisional excitation of [O III] 4363 reached 4.14% of the total.
  !AGE: Cloud age was not set.  Longest timescale was 5.66e+16 s = 1.79e+09 years.
  !The excitation temp of Lya exceeded the electron temp, largest value was 2.65e+03K (gas temp there was 2.81e+02K, zone 316)
  !Incident radiation field energy density is less than 2.7K.  Add background with CMB command.
  !The CMB was not included.  This is added with the CMB command.
  !The intensity of the incident radiation field is less than 10 times the Habing diffuse ISM field.  Is this OK?
  !   Consider adding diffuse ISM emission with TABLE ISM command.
  !The optical depth in the H I 21 cm line is 1.10e+00
   Te-ne bounds of Case B lookup table exceeded, H I Case B line intensities set to zero.
   Te-ne bounds of Case B lookup table exceeded, He II Case B line intensities set to zero.
   Charge transfer heating reached 1.19% of the local heating.
   The density is too low to l-mix the lowest H  I collapsed level.  More resolved levels are needed for accurate line ratios.
   The density is too low to l-mix the lowest He I collapsed level.  More resolved levels are needed for accurate line ratios.
   Grains were not present but might survive in this environment (energy density temperature was 1.54e+00K)
   Cloud thicker than smallest Jeans length=1.33e+22cm; stability problems? (smallest Jeans mass=9.24e+05Mo)
   Is an outer radius of 3.16e+23 reasonable?

                       *********************************> Cloudy 17.03 <**********************************
                       * title CIV QSO                                                                   *
                       * set punch prefix "CIV_QSO"                                                      *
                       * radius = 21.500 23.500                                                          *
                       * iterate to convergence                                                          *
                       * sphere                                                                          *
                       * init "dlaw_HI_exp.ini"                                                          *
                       * table SED "QSO.sed"                                                             *
                       * no line transfer                                                                *
                       * nuL(nu) = 40.5 at 1 Ryd                                                         *
                       * stop temperature off                                                            *
                       * metals 1.0                                                                      *
                       * save last radius ".rad"                                                         *
                       * save last continuum ".cont"                                                     *
                       * save last physical conditions ".phy"                                            *
                       * save last overview ".ovr"                                                       *
                       * save last heating ".heat"                                                       *
                       * save last cooling ".cool"                                                       *
                       * save last optical depth ".opd"                                                  *
                       * save last element hydrogen ".ele_H"                                             *
                       * save last element helium ".ele_He"                                              *
                       * save last element carbon ".ele_C"                                               *
                       * save last element nitrogen ".ele_N"                                             *
                       * save last element oxygen ".ele_O"                                               *
                       * save last element argon ".ele_Ar"                                               *
                       * save last element neon ".ele_Ne"                                                *
                       * save last element sulphur ".ele_S"                                              *
                       * save last element chlorin ".ele_Cl"                                             *
                       * save last element iron ".ele_Fe"                                                *
                       * save last element silicon ".ele_Si"                                             *
                       * save last lines emissivity  ".emis"                                             *
                       * H  1  1215.67A                                                                  *
                       * H  1  1025.72A                                                                  *
                       * H  1  4861.33A                                                                  *
                       * H  1  6562.81A                                                                  *
                       * O  6  1031.91A                                                                  *
                       * O  6  1037.62A                                                                  *
                       * He 2  949.31A                                                                   *
                       * He 2  972.108A                                                                  *
                       * He 2  1025.27A                                                                  *
                       * He 2  1640.43A                                                                  *
                       * He 2  4859A                                                                     *
                       * He 2  4339A                                                                     *
                       * He 2  6527A                                                                     *
                       * He 2  6560A                                                                     *
                       * C  4  1550.78                                                                   *
                       * O  3  5006.84A                                                                  *
                       * N  5  1238.82                                                                   *
                       * N  5  1242.80                                                                   *
                       * c  4  1548.19                                                                   *
                       * c  4  1550.78                                                                   *
                       * mg 2  2795.53                                                                   *
                       * mg 2  2802.71                                                                   *
                       * end of lines                                                                    *
                       *********************************> Log(U): -1.03 <*********************************
                       >>>>>>>>>> Cautions are present.

                     Emission Line Spectrum.  Special Density Lw Model.  Closed geometry.  Iteration 3 of 3.
                                    Luminosity (erg/s) emitted by a shell with full coverage.


                                                   Intrinsic line intensities
general properties.............................      Ca B                1.81740m   36.736    0.0183      Ar 2                6.98337m   37.194    0.0524
Inci                      0    41.207  540.0796      Ca B                1.73620m   36.594    0.0132      Ar 3                3109.18A   35.797    0.0021
TotH                      0    40.246   59.1079      Ca B                1.68064m   36.466    0.0098      Ar 3                7135.79A   37.792    0.2077
TotC                      0    40.246   59.0961      Ca B                1.64071m   36.351    0.0075      Ar 3                7751.11A   37.167    0.0493
BFH1                      0    40.045   37.1656      Ca B                1.61092m   36.245    0.0059      Ar 3                8.98898m   37.923    0.2808
BFHe                      0    39.742   18.5160      Ca B                1.58804m   36.148    0.0047      Ar 3                21.8253m   36.747    0.0187
TotM                      0    38.946    2.9637      Ca B                1.57006m   36.057    0.0038      Ar 4                4711.26A   36.356    0.0076
CT H                      0    38.137    0.4597      Ca B                1.55563m   35.973    0.0031      Ar 4                4740.12A   36.204    0.0054
H FB                      0    38.874    2.5079      Ca B                1.54388m   35.893    0.0026      Ar 5                6435.12A   35.568    0.0012
HFBc                      0    38.874    2.5079      Ca B                1.53417m   35.819    0.0022      Ar 5                7005.83A   35.900    0.0027
H  1c                     0    38.246    0.5914      Ca B                1.52604m   35.749    0.0019      Ar 5                7.89971m   36.529    0.0113
Al 3c                     0    36.059    0.0038      Ca B                1.51917m   35.682    0.0016      Ar 5                13.0985m   36.767    0.0196
Al 6c                     0    36.289    0.0065      Ca B                1.51331m   35.618    0.0014      Ar 6                4.52800m   36.014    0.0035
Ar 2c                     0    37.194    0.0524      Ca B                1.50827m   35.558    0.0012      C  1                9824.13A   36.042    0.0037
Ar 3c                     0    38.222    0.5596      Ca B                1.50389m   35.501    0.0011      C  1                9850.26A   36.517    0.0110
Ar 4c                     0    36.629    0.0143      Ca B                3.03835m   36.367    0.0078      C  1                370.269m   36.049    0.0038
Ar 5c                     0    37.018    0.0350      Ca B                2.87219m   36.238    0.0058      C  1                609.590m   35.981    0.0032
Ar 6c                     0    36.014    0.0035      Ca B                2.75749m   36.122    0.0044      C  2                1334.53A   35.753    0.0019
C  1c                     0    36.811    0.0217      Ca B                2.67438m   36.015    0.0035      C  2                1335.71A   35.554    0.0012
C  2c                     0    38.960    3.0618      Ca B                2.61191m   35.917    0.0028      C  2                2323.50A   36.592    0.0131
C  3c                     0    37.661    0.1535      Ca B                2.56361m   35.826    0.0022      C  2                2324.69A   36.936    0.0289
Ca 4c                     0    36.963    0.0308      Ca B                2.52538m   35.741    0.0018      C  2                2325.40A   37.235    0.0576
Co 2c                     0    36.759    0.0192      Ca B                2.49455m   35.661    0.0015      C  2                2326.93A   37.374    0.0793
Co 3c                     0    36.044    0.0037      Ca B                2.46929m   35.586    0.0013      C  2                2328.12A   36.989    0.0327
Cr 2c                     0    36.842    0.0233      Ca B                2.44831m   35.515    0.0011      C  2                157.636m   38.929    2.8461
Fe 2c                     0    39.438    9.1986      Ca B                12.3684m   36.650    0.0150      C  3                1908.73A   37.259    0.0609
Fe 3c                     0    38.357    0.7625      Ca B                7.50038m   36.483    0.0102      C  3                1906.68A   37.437    0.0917
Fe 7c                     0    37.095    0.0417      Ca B                5.90655m   36.322    0.0070      Ca 4                3.20610m   36.963    0.0308
K  3c                     0    36.546    0.0118      Ca B                5.12722m   36.178    0.0051      Co 2                10.5199m   35.972    0.0031
K  4c                     0    35.594    0.0013      Ca B                4.67119m   36.049    0.0038      Co 2                2.98382m   36.444    0.0093
Mg 1c                     0    37.298    0.0666      Ca B                4.37522m   35.931    0.0029      Co 2                1.01879m   35.600    0.0013
Mn 2c                     0    36.558    0.0121      Ca B                4.16962m   35.824    0.0022      Co 3                11.8845m   35.735    0.0018
N  1c                     0    37.443    0.0929      Ca B                4.01974m   35.725    0.0018      Cr 2                8000.08A   36.333    0.0072
N  5c                     0    35.860    0.0024      Ca B                3.90645m   35.634    0.0014      Cr 2                8125.30A   36.266    0.0062
Ne 2c                     0    37.937    0.2899      Ca B                3.81838m   35.548    0.0012      Cr 2                8229.67A   36.173    0.0050
Ne 3c                     0    38.735    1.8237      Ca B                19.0565m   36.292    0.0066      Cr 2                8308.49A   35.987    0.0033
O  1c                     0    38.299    0.6674      Ca B                11.3055m   36.154    0.0048      Cr 2                8357.64A   35.694    0.0017
O  2c                     0    39.041    3.6871      Ca B                8.75760m   36.013    0.0035      Fe 2                25.9811m   38.400    0.8427
O  3c                     0    39.513   10.9179      Ca B                7.50599m   35.884    0.0026      Fe 2                5.33881m   38.836    2.3011
O  5c                     0    35.954    0.0030      Ca B                6.77008m   35.767    0.0020      Fe 2                4.11394m   35.883    0.0026
P  2c                     0    37.649    0.1495      Ca B                6.29014m   35.659    0.0015      Fe 2                1.25668m   38.705    1.6995
P  3c                     0    36.489    0.0103      Ca B                5.95517m   35.560    0.0012      Fe 2                4416.27A   36.625    0.0141
S  2c                     0    38.902    2.6745      Ca B                27.7955m   35.976    0.0032      Fe 2                4382.74A   35.512    0.0011
S  3c                     0    39.195    5.2543      Ca B                16.2045m   35.860    0.0024      Fe 2                4287.39A   36.860    0.0243
Si 2c                     0    39.120    4.4245      Ca B                12.3837m   35.736    0.0018      Fe 2                2599.40A   37.716    0.1742
Si 3c                     0    37.312    0.0688      Ca B                10.5005m   35.620    0.0014      Fe 2                2585.88A   36.608    0.0136
Si 4c                     0    36.217    0.0055      Ca B                9.38937m   35.513    0.0011      Fe 2                2382.04A   37.717    0.1747
Si 7c                     0    35.710    0.0017      Ca B                38.8589m   35.692    0.0017      Fe 2                2373.74A   35.750    0.0019
Al 2c                     0    37.144    0.0467      Ca B                22.3342m   35.595    0.0013      Fe 2                2343.50A   36.976    0.0317
Al 5c                     0    36.145    0.0047      Ca B                16.8759m   35.485    0.0010      Fe 2                35.3394m   37.707    0.1708
C  4c                     0    37.247    0.0592      H  1                2431.34A   39.335    7.2567      Fe 2                1.32055m   38.127    0.4496
Ca 2c                     0    38.206    0.5394      H  1                1215.67A   40.019   34.9927      Fe 2                1.24854m   36.326    0.0071
Ca 5c                     0    36.492    0.0104      H  1                1025.72A   39.284    6.4442      Fe 2                7637.54A   37.012    0.0345
Cl 2c                     0    36.940    0.0292      H  1                972.537A   38.854    2.3952      Fe 2                4889.62A   36.503    0.0107
Cl 3c                     0    36.704    0.0169      H  1                949.743A   38.541    1.1642      Fe 2                4492.63A   35.744    0.0019
Cl 4c                     0    36.568    0.0124      H  1                937.804A   38.293    0.6577      Fe 2                4457.94A   36.200    0.0053
Fe 4c                     0    37.631    0.1432      H  1                930.748A   38.087    0.4095      Fe 2                4359.33A   36.724    0.0178
Fe 5c                     0    37.847    0.2359      H  1                926.226A   37.910    0.2728      Fe 2                2625.67A   37.152    0.0476
Fe 6c                     0    37.797    0.2100      H  1                923.150A   37.756    0.1911      Fe 2                2611.87A   37.043    0.0371
Mg 2c                     0    38.545    1.1758      H  1                920.963A   37.618    0.1391      Fe 2                2598.37A   36.205    0.0054
Mg 4c                     0    37.232    0.0572      H  1                919.351A   37.862    0.2439      Fe 2                2395.63A   36.909    0.0272
Mg 5c                     0    36.990    0.0328      H  1                918.129A   37.764    0.1945      Fe 2                2388.63A   35.520    0.0011
Mg 7c                     0    35.500    0.0011      H  1                917.181A   37.673    0.1580      Fe 2                2364.83A   36.793    0.0208
N  2c                     0    38.950    2.9889      H  1                916.429A   37.590    0.1305      Fe 2                51.2865m   37.089    0.0412
N  3c                     0    38.400    0.8414      H  1                915.824A   37.513    0.1092      Fe 2                5.67249m   36.054    0.0038
N  4c                     0    36.235    0.0058      H  1                915.329A   37.441    0.0927      Fe 2                4.60647m   35.548    0.0012
Na 3c                     0    36.915    0.0276      H  1                914.919A   37.375    0.0796      Fe 2                1.37182m   37.903    0.2684
Na 4c                     0    36.391    0.0082      H  1                914.576A   37.315    0.0692      Fe 2                1.29427m   36.994    0.0331
Ne 4c                     0    37.082    0.0405      H  1                914.286A   37.259    0.0609      Fe 2                7686.94A   36.751    0.0189
Ne 5c                     0    38.034    0.3630      H  1                914.039A   37.210    0.0544      Fe 2                4728.07A   36.000    0.0034
Ne 6c                     0    36.728    0.0179      H  1                913.826A   37.169    0.0495      Fe 2                4514.90A   35.566    0.0012
Ni 2c                     0    38.086    0.4088      H  1                913.641A   37.140    0.0463      Fe 2                4488.75A   35.713    0.0017
O  4c                     0    38.594    1.3168      H  1                913.480A   37.132    0.0455      Fe 2                4413.78A   36.571    0.0125
O  6c                     0    35.699    0.0017      H  1                913.339A   37.177    0.0504      Fe 2                2631.32A   36.728    0.0179
S  4c                     0    38.388    0.8186      H  1                913.215A   37.970    0.3131      Fe 2                2617.62A   35.716    0.0017
Si 6c                     0    36.150    0.0047      H  1                6562.81A   38.904    2.6903      Fe 2                2607.09A   35.935    0.0029
continua.......................................      H  1                4861.33A   38.475    1.0000      Fe 2                2404.89A   35.833    0.0023
Bac                 3646.00A   40.006   34.0311      H  1                4340.46A   38.155    0.4795      Fe 2                2380.76A   36.516    0.0110
nFnu                3645.00A   40.050   37.5817      H  1                4101.73A   37.904    0.2688      Fe 2                87.3582m   36.316    0.0069
nFnu                3647.00A   39.025    3.5506      H  1                3970.07A   37.697    0.1668      Fe 2                4.43368m   35.546    0.0012
cout                3646.00A   40.006   34.0311      H  1                3889.05A   37.520    0.1110      Fe 2                1.32778m   36.748    0.0188
thin                3646.00A   40.007   34.0389      H  1                3835.38A   37.366    0.0779      Fe 2                1.27878m   36.640    0.0146
Inci                4860.00A   40.447   93.8223      H  1                3797.89A   37.229    0.0568      Fe 2                1.25214m   35.583    0.0013
Inci                1215.00A   40.936  289.4680      H  1                3770.63A   37.299    0.0667      Fe 2                4452.10A   36.374    0.0079
Ba C                      0    39.129    4.5127      H  1                3750.15A   37.201    0.0533      Fe 2                2631.05A   35.946    0.0030
PA C                      0    38.721    1.7637      H  1                3734.36A   37.111    0.0433      Fe 2                2613.82A   35.586    0.0013
FIR                 83.0000m   39.843   23.3376      H  1                3721.93A   37.028    0.0358      Fe 2                1.29777m   36.276    0.0063
TIR                 1800.00m   36.642    0.0147      H  1                3711.97A   36.951    0.0299      Fe 2                1.27035m   36.296    0.0066
NIRa                2.85000m   40.811  216.9588      H  1                3703.85A   36.880    0.0254      Fe 2                7874.25A   35.893    0.0026
NIRb                3.00000m   40.386   81.4765      H  1                3697.15A   36.814    0.0218      Fe 2                4474.90A   36.060    0.0039
MIRa                15.0000m   40.444   93.2454      H  1                3691.55A   36.753    0.0190      Fe 2                2628.29A   35.599    0.0013
MIRb                22.5000m   40.546  117.8742      H  1                3686.83A   36.698    0.0167      Fe 2                17.9314m   37.802    0.2125
NMIR                21.7500m   40.811  216.9588      H  1                3682.80A   36.649    0.0149      Fe 2                1.64355m   38.632    1.4374
TFIR                611.250m   38.958    3.0439      H  1                3679.35A   36.608    0.0136      Fe 2                1.53347m   37.049    0.0375
TALL                10000.0A   41.201  532.3349      H  1                3676.36A   36.579    0.0127      Fe 2                8616.95A   37.590    0.1305
F12                 12.0000m   39.989   32.7080      H  1                3673.75A   36.571    0.0125      Fe 2                5273.35A   36.619    0.0139
F25                 25.0000m   39.809   21.6240      H  1                3671.47A   36.615    0.0138      Fe 2                5158.78A   37.257    0.0605
F60                 60.0000m   39.671   15.7092      H  1                3669.46A   37.409    0.0859      Fe 2                5111.63A   36.303    0.0067
F100                100.000m   39.090    4.1266      H  1                1.87510m   38.073    0.3971      Fe 2                4814.53A   36.625    0.0141
MIPS                24.0000m   39.560   12.1831      H  1                1.28180m   37.776    0.2000      Fe 2                4774.72A   35.925    0.0028
MIPS                70.0000m   39.053    3.7860      H  1                1.09380m   37.524    0.1121      Fe 2                4243.97A   36.623    0.0141
MIPS                160.000m   38.915    2.7584      H  1                1.00493m   37.314    0.0692      Fe 2                4177.20A   35.674    0.0016
IRAC                3.60000m   39.576   12.6340      H  1                9545.93A   37.135    0.0458      Fe 2                3376.20A   35.990    0.0033
IRAC                4.50000m   39.614   13.7947      H  1                9228.97A   36.979    0.0320      Fe 2                2360.00A   35.502    0.0011
IRAC                5.80000m   39.706   17.0458      H  1                9014.87A   36.841    0.0233      Fe 2                2348.12A   35.488    0.0010
IRAC                8.00000m   39.809   21.5999      H  1                8862.74A   36.784    0.0204      Fe 2                24.5120m   37.067    0.0391
SPR1                250.000m   36.307    0.0068      H  1                8750.43A   36.686    0.0163      Fe 2                1.80939m   37.929    0.2848
SPR2                350.000m   36.423    0.0089      H  1                8664.98A   36.596    0.0132      Fe 2                1.67688m   36.910    0.0272
SPR3                500.000m   36.139    0.0046      H  1                8598.35A   36.514    0.0109      Fe 2                1.59947m   36.701    0.0168
PAC1                70.0000m   39.109    4.3139      H  1                8545.34A   36.437    0.0092      Fe 2                9051.95A   36.932    0.0287
PAC2                100.000m   39.096    4.1828      H  1                8502.44A   36.366    0.0078      Fe 2                8891.91A   37.108    0.0430
PAC3                160.000m   38.916    2.7649      H  1                8467.21A   36.300    0.0067      Fe 2                5433.13A   36.104    0.0043
PAH                 3.30000m   38.719    1.7550      H  1                8437.91A   36.239    0.0058      Fe 2                5261.62A   36.814    0.0219
PAHC                3.23000m   38.438    0.9202      H  1                8413.28A   36.184    0.0051      Fe 2                5220.06A   35.842    0.0023
PAHC                3.37000m   38.410    0.8612      H  1                8392.35A   36.135    0.0046      Fe 2                5158.00A   35.891    0.0026
PAH                 6.20000m   39.162    4.8655      H  1                8374.43A   36.094    0.0042      Fe 2                4947.37A   35.774    0.0020
PAHC                5.65000m   39.201    5.3233      H  1                8358.96A   36.065    0.0039      Fe 2                4905.34A   36.152    0.0048
PAH                 7.90000m   39.350    7.5120      H  1                8345.51A   36.057    0.0038      Fe 2                4874.48A   35.846    0.0024
PAHC                6.90000m   39.420    8.8187      H  1                8333.74A   36.102    0.0042      Fe 2                4346.85A   35.960    0.0031
PAH                 11.3000m   38.762    1.9363      H  1                8323.38A   36.895    0.0263      Fe 2                4276.83A   36.274    0.0063
PAHC                10.9000m   38.784    2.0384      H  1                4.05113m   37.446    0.0937      Fe 2                3440.99A   35.515    0.0011
PAH                 11.8000m   38.978    3.1868      H  1                2.62513m   37.229    0.0568      Fe 2                35.7670m   36.222    0.0056
PAHC                12.6500m   38.986    3.2461      H  1                2.16551m   37.025    0.0355      Fe 2                1.80002m   36.738    0.0183
PAH                 13.3000m   38.978    3.1844      H  1                1.94454m   36.847    0.0236      Fe 2                1.71113m   36.119    0.0044
PAHC                14.1000m   38.964    3.0873      H  1                1.81740m   36.691    0.0164      Fe 2                1.66377m   36.255    0.0060
Bcon                3640.00A   40.780  201.9828      H  1                1.73620m   36.552    0.0119      Fe 2                9399.04A   36.155    0.0048
Pcon                5000.00A   40.303   67.3375      H  1                1.68064m   36.414    0.0087      Fe 2                9226.62A   36.852    0.0239
O3bn                5007.00A   39.195    5.2480      H  1                1.64071m   36.317    0.0070      Fe 2                9033.50A   35.726    0.0018
SX                  25.0000A   39.603   13.4478      H  1                1.61092m   36.228    0.0057      Fe 2                5333.65A   36.226    0.0056
HX                  4.70000A   39.307    6.8062      H  1                1.58804m   36.145    0.0047      Fe 2                5268.87A   35.695    0.0017
HFFc                      0    38.722    1.7665      H  1                1.57006m   36.069    0.0039      Fe 2                5005.51A   35.714    0.0017
H FF                      0    38.660    1.5320      H  1                1.55563m   35.998    0.0033      Fe 2                4973.39A   35.745    0.0019
HeFF                      0    37.825    0.2240      H  1                1.54388m   35.932    0.0029      Fe 2                4352.78A   35.930    0.0029
MeFB                      0    36.817    0.0220      H  1                1.53417m   35.872    0.0025      Fe 2                4319.62A   35.741    0.0018
MeFF                      0    36.191    0.0052      H  1                1.52604m   35.817    0.0022      Fe 2                1.79710m   36.346    0.0074
ToFF                      0    38.720    1.7611      H  1                1.51917m   35.768    0.0020      Fe 2                1.74494m   35.947    0.0030
nFnu                6917.22m   35.600    0.0013      H  1                1.51331m   35.727    0.0018      Fe 2                9470.94A   36.286    0.0065
nFnu                122.400m   37.062    0.0387      H  1                1.50827m   35.698    0.0017      Fe 2                9267.56A   35.831    0.0023
nFnu                60.8322m   37.308    0.0682      H  1                1.50389m   35.690    0.0016      Fe 2                5376.45A   35.483    0.0010
nInu                60.8322m   39.684   16.1819      H  1                1.50008m   35.735    0.0018      Fe 2                22.8960m   35.824    0.0022
nFnu                41.2152m   37.461    0.0969      H  1                1.49672m   36.528    0.0113      Fe 2                1.81139m   36.135    0.0046
nInu                41.2152m   39.907   27.0555      H  1                7.45777m   36.932    0.0287      Fe 2                1.74842m   35.866    0.0025
nFnu                30.8695m   37.564    0.1227      H  1                4.65247m   36.770    0.0197      Fe 2                2755.74A   36.332    0.0072
nInu                30.8695m   40.019   35.0279      H  1                3.73951m   36.602    0.0134      Fe 2                2739.55A   36.028    0.0036
nFnu                24.7829m   37.643    0.1473      H  1                3.29607m   36.449    0.0094      Fe 3                22.9190m   37.982    0.3218
nInu                24.7829m   40.078   40.1532      H  1                3.03835m   36.312    0.0069      Fe 3                4924.66A   35.936    0.0029
nFnu                24.2998m   37.649    0.1496      H  1                2.87219m   36.125    0.0045      Fe 3                4881.12A   36.821    0.0222
nInu                24.2998m   40.087   40.9642      H  1                2.75749m   36.029    0.0036      Fe 3                4658.01A   37.482    0.1017
nFnu                22.8302m   37.673    0.1581      H  1                2.67438m   35.940    0.0029      Fe 3                4607.11A   36.224    0.0056
nInu                22.8302m   40.104   42.6139      H  1                2.61191m   35.858    0.0024      Fe 3                33.0270m   37.428    0.0899
nFnu                21.4199m   37.694    0.1658      H  1                2.56361m   35.782    0.0020      Fe 3                5270.40A   37.408    0.0859
nInu                21.4199m   40.118   43.9847      H  1                2.52538m   35.711    0.0017      Fe 3                4987.33A   36.056    0.0038
nFnu                21.1235m   37.700    0.1679      H  1                2.49455m   35.645    0.0015      Fe 3                4754.64A   36.744    0.0186
nInu                21.1235m   40.121   44.3529      H  1                2.46929m   35.585    0.0013      Fe 3                4701.62A   36.990    0.0327
nFnu                19.6199m   37.728    0.1795      H  1                2.44831m   35.530    0.0011      Fe 3                4666.94A   35.836    0.0023
nInu                19.6199m   40.127   44.9619      H  1                2.43068m   35.481    0.0010      Fe 3                51.6655m   36.830    0.0227
nFnu                17.6534m   37.768    0.1967      H  1                2.37371m   36.242    0.0059      Fe 3                5011.16A   36.597    0.0133
nInu                17.6534m   40.150   47.3454      H  1                12.3684m   36.495    0.0105      Fe 3                4769.52A   36.515    0.0110
nFnu                17.3700m   37.774    0.1991      H  1                7.50038m   36.372    0.0079      Fe 3                4733.84A   36.390    0.0082
nInu                17.3700m   40.153   47.7417      H  1                5.90655m   36.232    0.0057      Fe 3                105.345m   35.885    0.0026
nFnu                15.6901m   37.807    0.2148      H  1                5.12722m   36.100    0.0042      Fe 3                5411.98A   36.365    0.0078
nInu                15.6901m   40.166   49.1283      H  1                4.67119m   35.887    0.0026      Fe 3                4930.44A   35.636    0.0014
nFnu                14.6036m   37.836    0.2301      H  1                4.37522m   35.792    0.0021      Fe 3                4777.61A   36.067    0.0039
nInu                14.6036m   40.181   50.8783      H  1                4.16962m   35.704    0.0017      Fe 3                5084.66A   35.827    0.0022
nFnu                12.4300m   37.900    0.2661      H  1                4.01974m   35.622    0.0014      Fe 3                40.1336m   35.766    0.0020
nInu                12.4300m   40.197   52.7226      H  1                3.90645m   35.546    0.0012      Fe 7                9.50763m   36.718    0.0175
nFnu                11.4000m   37.926    0.2829      H  1                3.81838m   35.475    0.0010      Fe 7                5720.71A   36.022    0.0035
nInu                11.4000m   40.205   53.8037      H  1                3.48198m   36.008    0.0034      Fe 7                4988.55A   35.817    0.0022
nFnu                10.4600m   37.965    0.3095      H  1                19.0565m   36.116    0.0044      Fe 7                4893.37A   35.549    0.0012
nInu                10.4600m   40.215   55.0348      H  1                11.3055m   36.021    0.0035      Fe 7                7.81037m   36.184    0.0051
nFnu                9.48002m   37.994    0.3305      H  1                8.75760m   35.903    0.0027      Fe 7                6086.97A   36.196    0.0053
nInu                9.48002m   40.225   56.3171      H  1                7.50599m   35.683    0.0016      Fe 7                5158.89A   35.682    0.0016
nFnu                9.32488m   37.999    0.3343      H  1                6.77008m   35.589    0.0013      Fe 7                3586.32A   35.669    0.0016
nInu                9.32488m   40.229   56.7855      H  1                6.29014m   35.502    0.0011      Fe 7                3758.92A   35.823    0.0022
nFnu                8.21035m   38.052    0.3778      H  1                4.84633m   35.809    0.0022      K  3                4.61683m   36.546    0.0118
nInu                8.21035m   40.235   57.6286      H  1                27.7955m   35.782    0.0020      K  4                5.98030m   35.594    0.0013
nFnu                7.58000m   38.075    0.3981      H  1                16.2045m   35.708    0.0017      Mg 1                2852.13A   36.653    0.0151
nInu                7.58000m   40.244   58.7638      H  1                12.3837m   35.501    0.0011      Mg 1                4562.60A   37.026    0.0356
nFnu                7.05026m   38.118    0.4403      H  1                6.49914m   35.636    0.0015      Mg 1                4571.10A   36.597    0.0133
nInu                7.05026m   40.245   58.9713      H  1                38.8589m   35.484    0.0010      Mg 1                4575.29A   35.662    0.0015
nFnu                4.11370m   38.327    0.7113      H  1                8.48253m   35.484    0.0010      Mn 2                2576.10A   36.176    0.0050
nInu                4.11370m   40.244   58.7491      Ca A                234.347A   37.721    0.1763      Mn 2                2593.72A   36.087    0.0041
nFnu                2.32440m   38.493    1.0446      Ca A                232.584A   37.521    0.1113      Mn 2                2605.68A   35.947    0.0030
nInu                2.32440m   40.160   48.4440      Ca A                231.454A   37.351    0.0752      N  1                5197.90A   37.032    0.0361
nFnu                1.64313m   38.633    1.4391      Ca A                230.686A   37.202    0.0534      N  1                5200.26A   37.209    0.0542
nInu                1.64313m   40.004   33.8820      Ca A                230.139A   37.069    0.0393      N  5                1238.82A   35.681    0.0016
nFnu                1.48022m   38.633    1.4413      Ca A                229.736A   36.950    0.0299      Ne 2                12.8101m   37.937    0.2899
nInu                1.48022m   39.972   31.4435      Ca A                229.431A   36.841    0.0233      Ne 3                15.5509m   38.570    1.2445
nFnu                1.43649m   38.877    2.5256      Ca A                229.194A   36.742    0.0185      Ne 3                3868.76A   38.028    0.3574
nInu                1.43649m   39.966   30.9752      Ca A                229.006A   36.649    0.0149      Ne 3                36.0036m   37.526    0.1126
nFnu                1.11867m   38.824    2.2339      Ca A                228.855A   36.563    0.0123      Ne 3                3967.47A   37.510    0.1085
nInu                1.11867m   39.959   30.5160      Ca A                228.731A   36.482    0.0102      O  1                5577.34A   36.041    0.0037
nFnu                8329.68A   38.774    1.9925      Ca A                228.629A   36.407    0.0086      O  1                6300.30A   37.817    0.2202
nInu                8329.68A   40.023   35.3948      Ca A                228.543A   36.335    0.0073      O  1                6363.78A   37.322    0.0703
nFnu                8078.61A   39.247    5.9167      Ca A                228.471A   36.267    0.0062      O  1                63.1679m   38.011    0.3440
nInu                8078.61A   40.026   35.6311      Ca A                228.409A   36.203    0.0054      O  1                145.495m   36.927    0.0283
nFnu                6209.66A   39.112    4.3360      Ca A                228.356A   36.142    0.0047      O  2                2470.22A   36.278    0.0064
nInu                6209.66A   40.088   41.0512      Ca A                228.309A   36.084    0.0041      O  2                2470.34A   36.848    0.0236
nFnu                4885.36A   39.014    3.4653      Ca A                228.269A   36.028    0.0036      O  2                7318.92A   36.195    0.0053
nInu                4885.36A   40.349   74.8994      Ca A                228.234A   35.975    0.0032      O  2                7319.99A   36.655    0.0151
nFnu                3704.34A   38.955    3.0251      Ca A                992.360A   37.091    0.0413      O  2                7329.67A   36.417    0.0088
nInu                3704.34A   40.265   61.7731      Ca A                972.108A   36.911    0.0273      O  2                7330.73A   36.386    0.0082
nFnu                3587.67A   39.924   28.1369      Ca A                958.694A   36.755    0.0191      O  2                3728.81A   38.812    2.1748
nInu                3587.67A   40.282   64.1550      Ca A                949.324A   36.618    0.0139      O  2                3726.03A   38.634    1.4450
nFnu                2430.05A   39.457    9.6042      Ca A                942.508A   36.495    0.0105      O  3                88.3323m   39.015    3.4701
nInu                2430.05A   40.404   85.0711      Ca A                937.389A   36.384    0.0081      O  3                51.8004m   38.747    1.8735
nFnu                2392.03A   39.444    9.3156      Ca A                933.444A   36.282    0.0064      O  3                4958.91A   38.618    1.3913
nInu                2392.03A   40.390   82.3590      Ca A                930.337A   36.188    0.0052      O  3                5006.84A   39.093    4.1511
nFnu                2071.34A   39.391    8.2547      Ca A                927.846A   36.100    0.0042      O  3                2320.95A   36.064    0.0039
nInu                2071.34A   40.407   85.6138      Ca A                925.817A   36.019    0.0035      O  3                4363.21A   36.664    0.0155
nFnu                2052.68A   39.418    8.7792      Ca A                924.142A   35.942    0.0029      O  3                1660.81A   35.954    0.0030
nInu                2052.68A   40.398   83.7644      Ca A                922.743A   35.870    0.0025      O  3                1666.15A   36.421    0.0088
nFnu                1793.44A   39.467    9.8317      Ca A                921.562A   35.802    0.0021      O  5                1218.34A   35.558    0.0012
nInu                1793.44A   40.425   89.1622      Ca A                920.556A   35.737    0.0018      O  5                1213.81A   35.724    0.0018
nFnu                1585.12A   39.486   10.2588      Ca A                919.693A   35.675    0.0016      P  2                60.6263m   37.096    0.0418
nInu                1585.12A   40.495  104.7580      Ca A                918.945A   35.616    0.0014      P  2                32.8620m   36.905    0.0269
nFnu                1458.33A   39.486   10.2667      Ca A                918.295A   35.560    0.0012      P  2                1.14682m   36.806    0.0215
nInu                1458.33A   40.435   91.3737      Ca A                917.724A   35.506    0.0011      P  2                1.18828m   37.229    0.0569
nFnu                1356.96A   39.443    9.3081      Ca A                2385.35A   36.633    0.0144      P  2                7875.99A   35.706    0.0017
nInu                1356.96A   40.470   99.0022      Ca A                2306.15A   36.469    0.0099      P  3                17.8797m   36.489    0.0103
nFnu                1297.29A   39.336    7.2674      Ca A                2252.64A   36.326    0.0071      S  2                6730.82A   38.487    1.0283
nInu                1297.29A   40.498  105.5732      Ca A                2214.62A   36.199    0.0053      S  2                6716.44A   38.650    1.4974
nFnu                1262.79A   39.172    4.9786      Ca A                2186.56A   36.084    0.0041      S  2                4076.35A   36.809    0.0216
nInu                1262.79A   40.583  128.2386      Ca A                2165.20A   35.979    0.0032      S  2                4068.60A   37.298    0.0666
nFnu                1218.08A   38.122    0.4439      Ca A                2148.55A   35.883    0.0026      S  2                1.03364m   36.671    0.0157
nInu                1218.08A   40.928  284.1879      Ca A                2135.31A   35.793    0.0021      S  2                1.02867m   36.672    0.0157
nFnu                1196.33A   38.137    0.4599      Ca A                2124.58A   35.710    0.0017      S  2                1.03705m   36.349    0.0075
nInu                1196.33A   40.771  197.8978      Ca A                2115.78A   35.632    0.0014      S  2                1.03205m   36.805    0.0214
nFnu                1175.06A   38.145    0.4687      Ca A                2108.46A   35.558    0.0012      S  3                33.4704m   38.772    1.9839
nInu                1175.06A   40.613  137.6688      Ca A                2102.30A   35.489    0.0010      S  3                18.7078m   38.499    1.0573
nFnu                1143.64A   38.162    0.4872      Ca A                4541.46A   36.269    0.0062      S  3                9068.62A   38.265    0.6179
nInu                1143.64A   40.527  112.7959      Ca A                4338.55A   36.120    0.0044      S  3                9530.62A   38.665    1.5521
nFnu                1113.22A   38.180    0.5078      Ca A                4199.71A   35.988    0.0033      S  3                3721.63A   36.619    0.0139
nInu                1113.22A   40.517  110.3859      Ca A                4099.92A   35.869    0.0025      S  3                6312.06A   36.892    0.0262
nFnu                1103.23A   38.185    0.5134      Ca A                4025.48A   35.761    0.0019      S  3                1728.94A   35.723    0.0018
nInu                1103.23A   40.505  107.2832      Ca A                3968.32A   35.663    0.0015      Si 2                34.8046m   39.107    4.2931
nFnu                1073.86A   38.222    0.5589      Ca A                3923.37A   35.571    0.0012      Si 2                2334.41A   36.513    0.0109
nInu                1073.86A   40.527  112.7968      Ca A                3887.33A   35.486    0.0010      Si 2                2328.52A   35.894    0.0026
nFnu                1064.34A   38.227    0.5651      Ca A                7592.50A   35.958    0.0030      Si 2                1808.01A   36.489    0.0103
nInu                1064.34A   40.531  113.7764      Ca A                7177.28A   35.821    0.0022      Si 2                2350.17A   36.637    0.0145
nFnu                1035.92A   38.242    0.5860      Ca A                6890.67A   35.699    0.0017      Si 2                2344.20A   37.043    0.0370
nInu                1035.92A   40.598  132.9662      Ca A                6682.98A   35.589    0.0013      Si 2                2334.60A   36.932    0.0286
nFnu                1000.00A   38.268    0.6216      Ca A                6526.88A   35.488    0.0010      Si 2                1817.45A   36.203    0.0054
nInu                1000.00A   40.533  114.4763      Ca A                3.09074m   36.387    0.0082      Si 2                1816.93A   36.742    0.0185
nFnu                925.144A   38.328    0.7131      Ca A                1.87427m   36.173    0.0050      Si 2                1533.43A   35.716    0.0017
nInu                925.144A   40.501  106.2338      Ca A                1.47599m   35.985    0.0032      Si 3                1892.03A   36.909    0.0272
RRC............................................      Ca A                1.28124m   35.824    0.0022      Si 3                1882.71A   37.083    0.0406
H  1                3645.98A   38.683    1.6160      Ca A                1.16728m   35.683    0.0016      Si 3                1206.50A   35.488    0.0010
H  1                3645.98A   39.044    3.7151      Ca A                1.09332m   35.557    0.0012      Si 4                1393.75A   36.032    0.0036
H  1                8203.53A   37.936    0.2896      Ca A                4.76203m   36.049    0.0038      Si 4                1402.77A   35.756    0.0019
H  1                8203.53A   38.347    0.7447      Ca A                2.82513m   35.872    0.0025      Si 7                2.48071m   35.613    0.0014
H  1                8203.53A   38.267    0.6202      Ca A                2.18843m   35.707    0.0017      Al 2                2669.15A   36.707    0.0171
H  1                1.45841m   37.440    0.0924      Ca A                1.87567m   35.562    0.0012      Al 2                2660.35A   36.890    0.0261
H  1                1.45841m   37.858    0.2416      Ca A                6.94582m   35.747    0.0019      Al 2                1670.79A   36.024    0.0035
H  1                1.45841m   37.886    0.2580      Ca A                4.04934m   35.599    0.0013      Al 5                2.90450m   36.145    0.0047
H  1                1.45841m   37.571    0.1247      Ca A                9.71043m   35.475    0.0010      C  4                1550.78A   36.774    0.0199
H  1                2.27876m   37.076    0.0399      Ca B                992.360A   37.234    0.0575      C  4                1548.19A   37.069    0.0393
H  1                2.27876m   37.493    0.1043      Ca B                972.108A   37.054    0.0380      Ca 2                7323.89A   37.667    0.1556
H  1                2.27876m   37.554    0.1201      Ca B                958.694A   36.898    0.0265      Ca 2                7291.47A   37.834    0.2288
H  1                2.27876m   37.386    0.0815      Ca B                949.324A   36.760    0.0193      Ca 2                3968.47A   37.167    0.0492
H  1                2.27876m   36.914    0.0275      Ca B                942.508A   36.637    0.0145      Ca 2                8662.14A   35.962    0.0031
H  1                3.28142m   36.790    0.0207      Ca B                937.389A   36.525    0.0112      Ca 2                3933.66A   37.457    0.0961
H  1                3.28142m   37.206    0.0539      Ca B                933.444A   36.422    0.0089      Ca 2                8542.09A   36.221    0.0056
H  1                3.28142m   37.279    0.0638      Ca B                930.337A   36.328    0.0071      Ca 5                4.15739m   36.301    0.0067
H  1                3.28142m   37.165    0.0491      Ca B                927.846A   36.240    0.0058      Ca 5                5309.11A   35.899    0.0027
H  1                3.28142m   36.867    0.0247      Ca B                925.817A   36.158    0.0048      Cl 2                14.3639m   36.514    0.0109
H  1                3.28142m   36.290    0.0065      Ca B                924.142A   36.081    0.0040      Cl 2                8578.70A   36.608    0.0136
H  1                4.46637m   36.557    0.0121      Ca B                922.743A   36.009    0.0034      Cl 2                9123.60A   36.024    0.0035
H  1                4.46637m   36.971    0.0313      Ca B                921.562A   35.940    0.0029      Cl 3                5537.87A   36.290    0.0065
H  1                4.46637m   37.049    0.0375      Ca B                920.556A   35.875    0.0025      Cl 3                5517.71A   36.448    0.0094
H  1                4.46637m   36.960    0.0306      Ca B                919.693A   35.813    0.0022      Cl 4                20.3197m   36.174    0.0050
H  1                4.46637m   36.733    0.0181      Ca B                918.945A   35.754    0.0019      Cl 4                11.7629m   36.073    0.0040
H  1                4.46637m   36.348    0.0075      Ca B                918.295A   35.698    0.0017      Cl 4                8045.62A   35.838    0.0023
H  1                4.46637m   35.696    0.0017      Ca B                917.724A   35.644    0.0015      Fe 4                3095.77A   37.132    0.0455
H  1                5.83363m   36.360    0.0077      Ca B                2385.35A   36.679    0.0160      Fe 4                3094.96A   36.916    0.0276
H  1                5.83363m   36.772    0.0198      Ca B                2306.15A   36.517    0.0110      Fe 4                3094.53A   36.750    0.0189
H  1                5.83363m   36.853    0.0239      Ca B                2252.64A   36.375    0.0079      Fe 4                2835.74A   36.875    0.0251
H  1                5.83363m   36.777    0.0201      Ca B                2214.62A   36.248    0.0059      Fe 4                2829.36A   36.557    0.0121
H  1                5.83363m   36.586    0.0129      Ca B                2186.56A   36.133    0.0046      Fe 4                2823.50A   36.355    0.0076
H  1                5.83363m   36.284    0.0065      Ca B                2165.20A   36.029    0.0036      Fe 4                2567.61A   35.786    0.0020
H  1                5.83363m   35.839    0.0023      Ca B                2148.55A   35.933    0.0029      Fe 5                70.3538m   37.108    0.0430
H  1                7.38319m   36.190    0.0052      Ca B                2135.31A   35.843    0.0023      Fe 5                36.3273m   37.100    0.0422
H  1                7.38319m   36.600    0.0134      Ca B                2124.58A   35.760    0.0019      Fe 5                25.9131m   36.996    0.0332
H  1                7.38319m   36.682    0.0161      Ca B                2115.78A   35.682    0.0016      Fe 5                20.8407m   36.729    0.0180
H  1                7.38319m   36.614    0.0138      Ca B                2108.46A   35.609    0.0014      Fe 5                4180.59A   36.128    0.0045
H  1                7.38319m   36.443    0.0093      Ca B                2102.30A   35.540    0.0012      Fe 5                4143.15A   36.363    0.0077
H  1                7.38319m   36.186    0.0051      Ca B                4541.46A   36.290    0.0065      Fe 5                4227.19A   37.072    0.0396
H  1                7.38319m   35.836    0.0023      Ca B                4338.55A   36.142    0.0046      Fe 5                4071.24A   36.352    0.0075
H  1                9.11505m   36.040    0.0037      Ca B                4199.71A   36.010    0.0034      Fe 5                3895.22A   35.930    0.0029
H  1                9.11505m   36.449    0.0094      Ca B                4099.92A   35.892    0.0026      Fe 5                3851.34A   35.702    0.0017
H  1                9.11505m   36.531    0.0114      Ca B                4025.48A   35.785    0.0020      Fe 5                3794.94A   36.291    0.0066
H  1                9.11505m   36.467    0.0098      Ca B                3968.32A   35.687    0.0016      Fe 5                3755.70A   36.009    0.0034
H  1                9.11505m   36.309    0.0068      Ca B                3923.37A   35.596    0.0013      Fe 5                3839.27A   36.299    0.0067
H  1                9.11505m   36.079    0.0040      Ca B                3887.33A   35.511    0.0011      Fe 5                3783.22A   35.888    0.0026
H  1                9.11505m   35.781    0.0020      Ca B                7592.50A   35.970    0.0031      Fe 5                3891.28A   36.047    0.0037
H  1                11.0292m   37.036    0.0364      Ca B                7177.28A   35.834    0.0023      Fe 5                3445.62A   35.551    0.0012
H  1                13.1257m   36.924    0.0281      Ca B                6890.67A   35.712    0.0017      Fe 5                3463.51A   35.552    0.0012
H  1                15.4044m   36.820    0.0222      Ca B                6682.98A   35.602    0.0013      Fe 6                19.5527m   37.284    0.0645
H  1                17.8655m   36.725    0.0178      Ca B                6526.88A   35.501    0.0011      Fe 6                5335.19A   36.278    0.0064
H  1                20.5089m   36.635    0.0145      Ca B                3.09074m   36.392    0.0083      Fe 6                5277.81A   35.816    0.0022
H  1                23.3345m   36.552    0.0119      Ca B                1.87427m   36.178    0.0051      Fe 6                3492.10A   35.518    0.0011
H  1                26.3425m   36.473    0.0100      Ca B                1.47599m   35.991    0.0033      Fe 6                14.7670m   37.109    0.0431
H  1                29.5328m   36.399    0.0084      Ca B                1.28124m   35.831    0.0023      Fe 6                5484.85A   36.024    0.0035
H  1                32.9053m   36.329    0.0072      Ca B                1.16728m   35.690    0.0016      Fe 6                5424.23A   36.147    0.0047
H  1                36.4602m   36.263    0.0061      Ca B                1.09332m   35.565    0.0012      Fe 6                4972.48A   36.528    0.0113
H  1                40.1974m   36.199    0.0053      Ca B                4.76203m   36.054    0.0038      Fe 6                3889.41A   35.476    0.0010
H  1                44.1168m   36.139    0.0046      Ca B                2.82513m   35.876    0.0025      Fe 6                3555.61A   35.827    0.0023
H  1                48.2186m   36.081    0.0040      Ca B                2.18843m   35.712    0.0017      Fe 6                12.3074m   36.822    0.0223
H  1                52.5027m   36.026    0.0036      Ca B                1.87567m   35.567    0.0012      Fe 6                5631.08A   36.167    0.0049
H  1                56.9691m   37.203    0.0535      Ca B                6.94582m   35.752    0.0019      Fe 6                5426.65A   35.886    0.0026
He 2                2049.88A   37.136    0.0458      Ca B                4.04934m   35.603    0.0013      Fe 6                5145.76A   36.544    0.0117
He 2                2049.88A   37.603    0.1346      Ca B                9.71043m   35.480    0.0010      Fe 6                4967.15A   36.044    0.0037
He 2                2049.88A   37.616    0.1385      He 2                607.567A   38.684    1.6199      Fe 6                3662.50A   35.851    0.0024
He 2                3644.36A   36.592    0.0131      He 2                303.784A   39.417    8.7537      Fe 6                5676.96A   36.216    0.0055
He 2                3644.36A   37.069    0.0393      He 2                256.317A   38.684    1.6215      Fe 6                5176.05A   36.415    0.0087
He 2                3644.36A   37.196    0.0527      He 2                243.027A   38.243    0.5867      Fe 6                1.34929m   35.660    0.0015
He 2                3644.36A   36.990    0.0328      He 2                237.331A   37.927    0.2837      Mg 2                2802.71A   38.071    0.3951
He 2                5694.36A   36.185    0.0051      He 2                234.347A   37.681    0.1609      Mg 2                2795.53A   38.367    0.7799
He 2                5694.36A   36.663    0.0154      He 2                232.584A   37.478    0.1009      Mg 4                4.48712m   37.232    0.0572
He 2                5694.36A   36.827    0.0225      He 2                231.454A   37.306    0.0678      Mg 5                5.60700m   36.883    0.0256
He 2                5694.36A   36.776    0.0200      He 2                230.686A   37.155    0.0479      Mg 5                2782.76A   36.067    0.0039
He 2                5694.36A   36.411    0.0086      He 2                230.139A   37.021    0.0352      Mg 5                13.5464m   35.805    0.0021
He 2                8199.90A   35.863    0.0024      He 2                229.736A   37.426    0.0894      Mg 5                2928.09A   35.502    0.0011
He 2                8199.90A   36.341    0.0074      He 2                229.431A   37.337    0.0728      N  2                205.244m   37.882    0.2557
He 2                8199.90A   36.520    0.0111      He 2                229.194A   37.254    0.0602      N  2                121.767m   37.674    0.1582
He 2                8199.90A   36.528    0.0113      He 2                229.006A   37.178    0.0506      N  2                6548.05A   38.283    0.6440
He 2                8199.90A   36.343    0.0074      He 2                228.855A   37.108    0.0430      N  2                6583.45A   38.753    1.8984
He 2                8199.90A   35.858    0.0024      He 2                228.731A   37.043    0.0370      N  2                5754.61A   36.685    0.0162
He 2                1.11610m   35.600    0.0013      He 2                228.629A   36.982    0.0322      N  2                2139.01A   36.117    0.0044
He 2                1.11610m   36.076    0.0040      He 2                228.543A   36.927    0.0283      N  2                2142.78A   36.508    0.0108
He 2                1.11610m   36.262    0.0061      He 2                228.471A   36.877    0.0252      N  3                57.3238m   38.394    0.8315
He 2                1.11610m   36.298    0.0067      He 2                228.409A   36.833    0.0228      N  3                1748.65A   35.558    0.0012
He 2                1.11610m   36.190    0.0052      He 2                228.356A   36.796    0.0210      N  3                1753.99A   35.573    0.0013
He 2                1.11610m   35.903    0.0027      He 2                228.309A   36.772    0.0198      N  3                1752.16A   35.981    0.0032
He 2                1.45776m   35.853    0.0024      He 2                228.269A   36.769    0.0197      N  3                1749.67A   36.035    0.0036
He 2                1.45776m   36.042    0.0037      He 2                228.234A   36.820    0.0221      N  4                1486.50A   35.836    0.0023
He 2                1.45776m   36.094    0.0042      He 2                228.203A   37.625    0.1415      N  4                1483.32A   36.008    0.0034
He 2                1.45776m   36.025    0.0036      He 2                1640.43A   38.403    0.8487      Na 3                7.31706m   36.915    0.0276
He 2                1.45776m   35.826    0.0022      He 2                1215.13A   37.939    0.2916      Na 4                9.03098m   36.288    0.0065
He 2                1.84498m   35.661    0.0015      He 2                1084.94A   37.605    0.1352      Ne 4                2421.66A   36.676    0.0159
He 2                1.84498m   35.851    0.0024      He 2                1025.27A   37.348    0.0748      Ne 4                2424.28A   36.851    0.0238
He 2                1.84498m   35.912    0.0027      He 2                992.360A   37.139    0.0462      Ne 5                24.2065m   37.748    0.1878
He 2                1.84498m   35.867    0.0025      He 2                972.108A   36.963    0.0308      Ne 5                14.3228m   37.654    0.1510
He 2                1.84498m   35.716    0.0017      He 2                958.694A   36.810    0.0217      Ne 5                3345.99A   36.274    0.0063
He 2                2.27776m   35.493    0.0010      He 2                949.324A   36.676    0.0159      Ne 5                3426.03A   36.721    0.0176
He 2                2.27776m   35.684    0.0016      He 2                942.508A   36.862    0.0244      Ne 6                7.64318m   36.727    0.0179
He 2                2.27776m   35.750    0.0019      He 2                937.389A   36.773    0.0199      Ni 2                1.19102m   37.837    0.2304
He 2                2.27776m   35.719    0.0018      He 2                933.444A   36.691    0.0165      Ni 2                6.63416m   37.338    0.0730
He 2                2.27776m   35.598    0.0013      He 2                930.337A   36.615    0.0138      Ni 2                1.07151m   36.210    0.0054
He 2                2.75608m   36.321    0.0070      He 2                927.846A   36.545    0.0117      Ni 2                10.6793m   36.572    0.0125
He 2                3.27997m   36.209    0.0054      He 2                925.817A   36.479    0.0101      Ni 2                1.16129m   35.687    0.0016
He 2                3.84941m   36.106    0.0043      He 2                924.142A   36.418    0.0088      Ni 2                12.7253m   36.150    0.0047
He 2                4.46440m   36.011    0.0034      He 2                922.743A   36.363    0.0077      Ni 2                7377.83A   36.966    0.0310
He 2                5.12495m   35.922    0.0028      He 2                921.562A   36.312    0.0069      Ni 2                8300.99A   35.670    0.0016
He 2                5.83106m   35.839    0.0023      He 2                920.556A   36.267    0.0062      Ni 2                1.93877m   36.258    0.0061
He 2                6.58272m   35.760    0.0019      He 2                919.693A   36.231    0.0057      Ni 2                6666.80A   36.091    0.0041
He 2                7.37993m   35.687    0.0016      He 2                918.945A   36.206    0.0054      Ni 2                7411.61A   36.310    0.0068
He 2                8.22270m   35.617    0.0014      He 2                918.295A   36.202    0.0053      Ni 2                4326.24A   36.067    0.0039
He 2                9.11102m   35.550    0.0012      He 2                917.724A   36.252    0.0060      Ni 2                4628.05A   35.645    0.0015
He 2                10.0449m   35.487    0.0010      He 2                917.221A   37.057    0.0382      Ni 2                7255.82A   35.712    0.0017
He 2                14.2360m   36.531    0.0114      He 2                4685.64A   37.624    0.1411      Ni 2                4201.17A   35.881    0.0026
C  6                25.3032A   35.711    0.0017      He 2                3203.04A   37.298    0.0666      Ni 2                7307.65A   35.533    0.0011
N  7                18.5870A   35.537    0.0012      He 2                2733.24A   37.031    0.0360      Ni 2                4033.04A   35.612    0.0014
O  8                14.2280A   36.574    0.0126      He 2                2511.15A   36.814    0.0218      Ni 2                4294.09A   35.491    0.0010
He 1                2599.69A   37.599    0.1333      He 2                2385.35A   36.631    0.0143      Ni 2                3993.06A   35.935    0.0029
He 1                3120.85A   37.092    0.0415      He 2                2306.15A   36.473    0.0100      Ni 2                3438.88A   35.696    0.0017
He 1                3421.00A   37.123    0.0445      He 2                2252.64A   36.334    0.0072      O  4                25.8832m   38.592    1.3109
He 1                3420.88A   37.600    0.1335      He 2                2214.62A   36.347    0.0075      O  4                1404.78A   35.775    0.0020
He 1                3420.88A   37.822    0.2226      He 2                2186.56A   36.258    0.0061      O  4                1401.16A   35.772    0.0020
He 1                3678.70A   37.409    0.0859      He 2                2165.20A   36.177    0.0050      O  6                1031.91A   35.516    0.0011
He 1                6632.16A   36.670    0.0157      He 2                2148.55A   36.101    0.0042      S  4                10.5076m   38.387    0.8177
He 1                7435.20A   36.257    0.0061      He 2                2135.31A   36.030    0.0036      Si 6                1.96247m   36.150    0.0047
He 1                7843.44A   37.330    0.0717      He 2                2124.58A   35.965    0.0031      level 1 lines..................................
He 1                8188.36A   37.143    0.0466      He 2                2115.78A   35.904    0.0027      recombination..................................
He 1                8190.64A   36.654    0.0151      He 2                2108.46A   35.849    0.0024      C  1                1657.00A   36.410    0.0086
He 1                8261.30A   36.726    0.0179      He 2                2102.30A   35.798    0.0021      C  2                4267.00A   35.875    0.0025
He 1                1.24779m   36.101    0.0042      He 2                2097.07A   35.754    0.0019      C  2                1761.00A   35.758    0.0019
He 1                1.35647m   35.725    0.0018      He 2                2092.59A   35.717    0.0017      C  2                1335.00A   37.570    0.1246
He 1                1.40934m   36.819    0.0221      He 2                2088.73A   35.692    0.0017      C  4                1549.00A   35.712    0.0017
He 1                1.45602m   36.763    0.0194      He 2                2085.37A   35.689    0.0016      N  2                1742.00A   35.864    0.0025
He 1                1.45643m   36.271    0.0063      He 2                2082.42A   35.739    0.0018      O  1                1357.00A   36.128    0.0045
He 1                1.45759m   36.437    0.0092      He 2                2079.84A   36.543    0.0117      O  2                4094.00A   35.506    0.0011
He 1                1.45759m   35.960    0.0031      He 2                1.01233m   37.023    0.0354      O  2                4075.00A   35.846    0.0024
He 1                1.46631m   36.244    0.0059      He 2                6559.91A   36.788    0.0206      O  2                4111.00A   35.539    0.0012
He 1                2.01409m   35.698    0.0017      He 2                5411.37A   36.572    0.0125      O  2                4651.00A   36.061    0.0039
He 1                2.21672m   36.442    0.0093      He 2                4859.18A   36.387    0.0082      O  2                4341.00A   35.783    0.0020
He 1                2.27546m   36.430    0.0090      He 2                4541.46A   36.226    0.0056      O  3                3265.00A   35.642    0.0015
He 1                2.27605m   35.938    0.0029      He 2                4338.55A   36.085    0.0041      C  1                1140.10A   36.007    0.0034
He 1                2.27752m   36.251    0.0060      He 2                4199.71A   35.978    0.0032      C  2                1167.50A   35.889    0.0026
He 1                2.27752m   35.773    0.0020      He 2                4099.92A   35.890    0.0026      C  2                1092.50A   36.497    0.0105
He 1                2.27778m   35.785    0.0020      He 2                4025.48A   35.808    0.0022      C  2                1036.80A   36.830    0.0227
He 1                2.28864m   35.883    0.0026      He 2                3968.32A   35.733    0.0018      C  2                946.100A   36.826    0.0225
He 1                3.20640m   36.148    0.0047      He 2                3923.37A   35.662    0.0015      C  2                799.800A   37.752    0.1893
He 1                3.27715m   36.155    0.0048      He 2                3887.33A   35.597    0.0013      C  3                2296.90A   35.952    0.0030
He 1                3.27790m   35.659    0.0015      He 2                3857.96A   35.537    0.0012      C  3                1828.00A   35.925    0.0028
He 1                3.27968m   36.029    0.0036      He 2                3833.69A   35.481    0.0010      C  3                1577.10A   35.982    0.0032
He 1                3.27969m   35.552    0.0012      He 2                3740.11A   36.176    0.0050      C  3                1175.70A   36.131    0.0045
He 1                3.28001m   35.736    0.0018      He 2                1.86362m   36.523    0.0112      C  3                977.000A   36.464    0.0098
He 1                3.29317m   35.597    0.0013      He 2                1.16260m   36.351    0.0075      C  3                493.500A   35.700    0.0017
He 1                4.46460m   36.600    0.0133      He 2                9344.62A   36.175    0.0050      C  3                492.600A   35.565    0.0012
He 1                5.83132m   36.429    0.0090      He 2                8236.51A   36.016    0.0035      C  3                483.700A   35.538    0.0012
He 1                7.38026m   36.277    0.0064      He 2                7592.50A   35.875    0.0025      C  3                476.000A   35.686    0.0016
He 1                9.11143m   36.142    0.0046      He 2                7177.28A   35.689    0.0016      C  3                459.600A   36.597    0.0133
He 1                11.0248m   36.019    0.0035      He 2                6890.67A   35.601    0.0013      C  3                411.700A   36.582    0.0128
He 1                13.1205m   35.907    0.0027      He 2                6682.98A   35.520    0.0011      C  3                398.400A   36.401    0.0084
He 1                15.3983m   35.803    0.0021      He 2                5931.63A   35.890    0.0026      C  3                371.700A   35.716    0.0017
He 1                17.8584m   35.708    0.0017      He 2                3.09074m   36.092    0.0041      N  1                980.700A   35.947    0.0030
He 1                20.5007m   35.618    0.0014      He 2                1.87427m   35.965    0.0031      N  2                1085.10A   36.387    0.0082
He 1                23.3253m   35.535    0.0011      He 2                1.47599m   35.821    0.0022      N  2                916.300A   35.906    0.0027
He 1                61.5933m   36.148    0.0047      He 2                1.28124m   35.685    0.0016      N  2                646.400A   36.367    0.0078
O  7                16.7725A   36.129    0.0045      He 2                8701.09A   35.656    0.0015      N  3                991.000A   36.561    0.0122
Ne 9                10.3678A   35.879    0.0025      He 2                4.76203m   35.714    0.0017      N  3                782.900A   35.563    0.0012
C  1                1101.24A   35.791    0.0021      He 2                2.82513m   35.621    0.0014      N  3                764.000A   36.025    0.0036
grains.........................................      He 2                2.18843m   35.502    0.0011      N  3                685.700A   35.758    0.0019
H-like iso-sequence............................      He-like iso-sequence...........................      N  3                472.300A   35.497    0.0011
Cool                1215.67A   38.030    0.3597      He 1                1202.81A   37.871    0.2490      N  3                418.800A   36.073    0.0040
Crst                960.000A   37.839    0.2317      He 1                584.334A   38.641    1.4687      N  3                411.300A   35.514    0.0011
LA X                1215.67A   38.553    1.1993      He 1                537.030A   38.030    0.3592      N  3                391.300A   35.597    0.0013
CION                      0    35.483    0.0010      He 1                522.213A   37.632    0.1437      N  3                387.400A   36.142    0.0047
Q(H)                4861.33A   38.596    1.3219      He 1                515.617A   37.337    0.0728      N  3                374.400A   35.935    0.0029
Q(H)                1215.67A   40.145   46.8112      He 1                512.099A   37.096    0.0418      N  3                348.700A   36.742    0.0185
CaBo                4861.33A   38.630    1.4309      He 1                625.563A   39.324    7.0764      N  3                340.200A   36.356    0.0076
CaBo                1640.00A   38.588    1.2987      He 1                510.018A   37.595    0.1319      N  3                323.300A   35.640    0.0015
CaBo                4685.64A   37.777    0.2009      He 1                508.657A   37.448    0.0940      N  3                311.600A   35.552    0.0012
Ca A                937.804A   38.342    0.7374      He 1                507.727A   37.318    0.0697      O  1                7949.50A   35.651    0.0015
Ca A                930.748A   38.140    0.4633      He 1                507.065A   37.202    0.0533      O  2                386.300A   37.142    0.0465
Ca A                926.226A   37.967    0.3108      He 1                506.576A   37.097    0.0419      O  2                385.700A   36.959    0.0305
Ca A                923.150A   37.815    0.2189      He 1                506.204A   37.000    0.0335      O  3                834.500A   37.018    0.0350
Ca A                920.963A   37.679    0.1602      He 1                505.916A   36.911    0.0273      O  3                703.400A   36.662    0.0154
Ca A                919.351A   37.556    0.1208      He 1                505.687A   36.829    0.0226      O  3                599.600A   36.139    0.0046
Ca A                918.129A   37.445    0.0934      He 1                505.502A   36.753    0.0190      O  3                541.600A   36.252    0.0060
Ca A                917.181A   37.342    0.0737      He 1                505.352A   36.682    0.0161      O  3                374.100A   36.559    0.0122
Ca A                916.429A   37.247    0.0592      He 1                505.227A   36.617    0.0139      O  3                320.700A   36.553    0.0120
Ca A                915.824A   37.159    0.0483      He 1                505.122A   36.556    0.0121      O  3                300.500A   37.198    0.0529
Ca A                915.329A   37.076    0.0400      He 1                505.033A   36.500    0.0106      O  3                299.300A   36.781    0.0203
Ca A                914.919A   36.999    0.0335      He 1                504.958A   36.450    0.0095      O  4                789.400A   36.750    0.0188
Ca A                914.576A   36.927    0.0283      He 1                504.893A   36.406    0.0085      O  4                779.900A   36.175    0.0050
Ca A                914.286A   36.859    0.0242      He 1                504.836A   36.369    0.0078      O  4                617.000A   35.670    0.0016
Ca A                914.039A   36.795    0.0209      He 1                504.787A   36.345    0.0074      O  4                609.400A   35.806    0.0021
Ca A                913.826A   36.735    0.0182      He 1                504.744A   36.341    0.0074      O  4                554.400A   36.207    0.0054
Ca A                913.641A   36.678    0.0160      He 1                504.706A   36.392    0.0083      O  4                288.500A   35.624    0.0014
Ca A                913.480A   36.626    0.0142      He 1                504.672A   37.202    0.0534      O  4                276.100A   35.515    0.0011
Ca A                913.339A   36.576    0.0126      TOTL                1.08303m   37.936    0.2895      O  4                267.000A   35.552    0.0012
Ca A                3970.07A   37.651    0.1500      He 1                1.08303m   37.936    0.2895      O  4                265.500A   36.506    0.0107
Ca A                3889.05A   37.473    0.0995      He 1                3888.63A   37.662    0.1540      O  4                260.500A   36.178    0.0051
Ca A                3835.38A   37.317    0.0696      He 1                3187.74A   37.273    0.0628      O  4                258.600A   35.553    0.0012
Ca A                3797.89A   37.179    0.0506      He 1                2945.10A   36.959    0.0305      O  4                252.500A   35.595    0.0013
Ca A                3770.63A   37.055    0.0381      He 1                2829.08A   36.704    0.0170      O  4                250.300A   35.607    0.0014
Ca A                3750.15A   36.942    0.0293      He 1                2760.44A   36.072    0.0040      O  4                238.500A   35.625    0.0014
Ca A                3734.36A   36.838    0.0231      He 1                2721.00A   35.935    0.0029      O  4                224.100A   36.142    0.0047
Ca A                3721.93A   36.743    0.0185      He 1                2694.61A   35.812    0.0022      O  4                213.000A   35.794    0.0021
Ca A                3711.97A   36.653    0.0151      He 1                2676.05A   35.700    0.0017      O  4                211.300A   35.789    0.0021
Ca A                3703.85A   36.570    0.0125      He 1                2662.47A   35.591    0.0013      O  4                207.200A   35.863    0.0024
Ca A                3697.15A   36.492    0.0104      He 1                2652.24A   35.498    0.0011      O  4                200.800A   36.818    0.0221
Ca A                3691.55A   36.419    0.0088      He 1                2610.71A   35.712    0.0017      O  4                196.400A   36.468    0.0098
Ca A                3686.83A   36.349    0.0075      He 1                5015.68A   35.733    0.0018      O  4                188.200A   35.551    0.0012
Ca A                3682.80A   36.283    0.0064      He 1                3964.73A   35.508    0.0011      O  4                182.800A   35.622    0.0014
Ca A                3679.35A   36.220    0.0056      He 1                3355.42A   35.575    0.0013      O  4                158.600A   36.470    0.0099
Ca A                3676.36A   36.160    0.0048      He 1                7065.22A   36.934    0.0288      level2 lines...................................
Ca A                3673.75A   36.103    0.0042      He 1                5875.64A   37.682    0.1613      Ti 2                3364.74A   36.485    0.0102
Ca A                3671.47A   36.048    0.0037      He 1                4713.03A   36.255    0.0060      Ti 2                3237.15A   36.231    0.0057
Ca A                9545.93A   37.126    0.0448      He 1                4471.49A   37.278    0.0636      Cr 2                2059.78A   35.718    0.0018
Ca A                9228.97A   36.967    0.0311      He 1                4120.82A   35.831    0.0023      hyperfine structure............................
Ca A                9014.87A   36.826    0.0225      He 1                4026.20A   36.964    0.0308      H  1                21.1207c   36.127    0.0045
Ca A                8862.74A   36.700    0.0168      He 1                3867.48A   35.523    0.0011      inner shell....................................
Ca A                8750.43A   36.586    0.0129      He 1                3819.61A   36.709    0.0172      C  4                527.592A   36.241    0.0058
Ca A                8664.98A   36.481    0.0101      He 1                3704.76A   36.697    0.0167      Mg 3                246.489A   36.830    0.0227
Ca A                8598.35A   36.384    0.0081      He 1                3634.08A   36.549    0.0119      Mg 3                247.968A   36.827    0.0225
Ca A                8545.34A   36.294    0.0066      He 1                3587.16A   36.419    0.0088      Al 4                165.312A   35.681    0.0016
Ca A                8502.44A   36.210    0.0054      He 1                3554.34A   36.302    0.0067      Al 4                166.199A   35.678    0.0016
Ca A                8467.21A   36.131    0.0045      He 1                3530.43A   36.195    0.0053      Si 4                720.838A   35.576    0.0013
Ca A                8437.91A   36.057    0.0038      He 1                3512.47A   36.098    0.0042      Si 4                720.838A   36.504    0.0107
Ca A                8413.28A   35.987    0.0033      He 1                3498.61A   36.009    0.0034      Si 5                120.490A   35.514    0.0011
Ca A                8392.35A   35.921    0.0028      He 1                3487.70A   35.927    0.0028      Si 5                119.791A   36.484    0.0102
Ca A                8374.43A   35.857    0.0024      He 1                3478.94A   35.851    0.0024      Si 5                120.490A   36.482    0.0102
Ca A                8358.96A   35.797    0.0021      He 1                3471.80A   35.780    0.0020      S  4                607.766A   35.508    0.0011
Ca A                8345.51A   35.739    0.0018      He 1                3465.91A   35.715    0.0017      S  4                1408.91A   35.510    0.0011
Ca A                8333.74A   35.684    0.0016      He 1                3460.99A   35.654    0.0015      S  5                1203.73A   35.657    0.0015
Ca A                1.81740m   36.705    0.0170      He 1                3456.84A   35.599    0.0013      Fe 6                167.773A   35.934    0.0029
Ca A                1.73620m   36.562    0.0122      He 1                3453.30A   35.548    0.0012      Fe 6                172.200A   35.923    0.0028
Ca A                1.68064m   36.434    0.0091      He 1                3450.26A   35.504    0.0011      Fe 7                172.440A   35.663    0.0015
Ca A                1.64071m   36.318    0.0070      He 1                3441.56A   35.490    0.0010      Fe 7                177.120A   35.651    0.0015
Ca A                1.61092m   36.212    0.0055      He 1                3439.99A   36.300    0.0067      molecules......................................
Ca A                1.58804m   36.114    0.0044      He 1                7281.35A   36.204    0.0054      H2 l                2.00000m   36.264    0.0062
Ca A                1.57006m   36.023    0.0035      He 1                6678.15A   37.130    0.0452      H2 v                      0    36.716    0.0175
Ca A                1.55563m   35.939    0.0029      He 1                5047.64A   35.755    0.0019      H-FB                      0    36.383    0.0081
Ca A                1.54388m   35.859    0.0024      He 1                4921.93A   36.705    0.0170      H-FF                      0    36.202    0.0053
Ca A                1.53417m   35.785    0.0020      He 1                4387.93A   36.388    0.0082      H-CT                6562.81A   36.351    0.0075
Ca A                1.52604m   35.714    0.0017      He 1                4143.76A   36.136    0.0046      H- H                      0    35.883    0.0026
Ca A                1.51917m   35.647    0.0015      He 1                4009.05A   36.061    0.0039      H2+                       0    36.004    0.0034
Ca A                1.51331m   35.584    0.0013      He 1                3926.41A   35.910    0.0027      blends.........................................
Ca A                1.50827m   35.523    0.0011      He 1                3871.69A   35.778    0.0020      Blnd                2798.00A   38.545    1.1751
Ca A                3.03835m   36.347    0.0075      He 1                3833.48A   35.661    0.0015      Blnd                6720.00A   38.877    2.5257
Ca A                2.87219m   36.218    0.0055      He 1                3805.69A   35.554    0.0012      Blnd                4074.00A   37.420    0.0882
Ca A                2.75749m   36.101    0.0042      He 1                3700.80A   35.656    0.0015      Blnd                1.03300m   37.311    0.0686
Ca A                2.67438m   35.994    0.0033      He 1                4.29459m   35.673    0.0016      Blnd                1720.00A   35.855    0.0024
Ca A                2.61191m   35.895    0.0026      He 1                1.25274m   35.778    0.0020      Blnd                3722.00A   36.625    0.0141
Ca A                2.56361m   35.804    0.0021      He 1                9463.57A   35.702    0.0017      Blnd                2665.00A   37.109    0.0431
Ca A                2.52538m   35.719    0.0018      He 1                8361.73A   35.527    0.0011      Blnd                1860.00A   36.059    0.0038
Ca A                2.49455m   35.639    0.0015      He 1                1.70027m   36.128    0.0045      Blnd                4725.00A   36.588    0.0130
Ca A                2.46929m   35.564    0.0012      He 1                1.19692m   35.967    0.0031      Blnd                2860.00A   35.484    0.0010
Ca A                2.44831m   35.493    0.0010      He 1                1.03113m   35.769    0.0020      Blnd                2335.00A   37.446    0.0937
Ca A                12.3684m   36.639    0.0146      He 1                9515.06A   35.810    0.0022      Blnd                1888.00A   37.306    0.0678
Ca A                7.50038m   36.471    0.0099      He 1                9062.39A   35.678    0.0016      Blnd                1397.00A   36.217    0.0055
Ca A                5.90655m   36.310    0.0068      He 1                8776.14A   35.557    0.0012      Blnd                2424.00A   37.073    0.0397
Ca A                5.12722m   36.165    0.0049      He 1                1.95430m   35.544    0.0012      Blnd                5525.00A   36.677    0.0160
Ca A                4.67119m   36.035    0.0036      He 1                1.86854m   36.742    0.0185      Blnd                8579.00A   36.442    0.0093
Ca A                4.37522m   35.917    0.0028      He 1                1.27849m   36.421    0.0088      Blnd                7306.00A   38.059    0.3845
Ca A                4.16962m   35.809    0.0022      He 1                1.09130m   36.158    0.0048      Blnd                3933.00A   37.637    0.1453
Ca A                4.01974m   35.710    0.0017      He 1                1.00275m   35.881    0.0025      Blnd                1657.00A   36.411    0.0086
Ca A                3.90645m   35.618    0.0014      He 1                9526.01A   35.724    0.0018      C 1R                1656.00A   36.410    0.0086
Ca A                3.81838m   35.532    0.0011      He 1                9210.23A   35.588    0.0013      Blnd                9850.00A   36.643    0.0147
Ca A                19.0565m   36.281    0.0064      He 1                1.86972m   36.264    0.0062      Blnd                2326.00A   37.800    0.2117
Ca A                11.3055m   36.144    0.0047      He 1                1.27905m   35.944    0.0029      Blnd                1335.00A   37.583    0.1284
Ca A                8.75760m   36.003    0.0034      He 1                1.09171m   35.680    0.0016      C 2R                1335.00A   37.570    0.1246
Ca A                7.50599m   35.874    0.0025      He 1                1.90894m   35.671    0.0016      Blnd                977.000A   36.501    0.0106
Ca A                6.77008m   35.756    0.0019      He 1                1.29684m   35.490    0.0010      C 3R                977.000A   36.464    0.0098
Ca A                6.29014m   35.648    0.0015      He 1                4.03664m   35.674    0.0016      Blnd                1909.00A   37.677    0.1595
Ca A                5.95517m   35.548    0.0012      He 1                2.61850m   35.554    0.0012      C 3R                1909.00A   36.310    0.0069
Ca A                27.7955m   35.965    0.0031      He 1                4.04791m   36.011    0.0034      Blnd                1176.00A   36.131    0.0045
Ca A                16.2045m   35.851    0.0024      He 1                2.62338m   35.734    0.0018      C 3R                1175.00A   36.131    0.0045
Ca A                12.3837m   35.727    0.0018      He 1                4.04793m   35.534    0.0011      Blnd                1549.00A   37.272    0.0627
Ca A                10.5005m   35.611    0.0014      Ca B                2945.10A   36.969    0.0312      C 4R                1549.00A   35.712    0.0017
Ca A                9.38937m   35.503    0.0011      Ca B                3187.74A   37.288    0.0650      Blnd                5199.00A   37.432    0.0907
Ca A                38.8589m   35.681    0.0016      Ca B                3613.64A   36.389    0.0082      Blnd                1.04030m   35.808    0.0022
Ca A                22.3342m   35.586    0.0013      Ca B                3888.63A   37.688    0.1633      Blnd                5755.00A   36.690    0.0164
Ca A                16.8759m   35.476    0.0010      Ca B                3964.73A   36.698    0.0167      Blnd                1085.00A   36.390    0.0082
Ca B                3970.07A   37.812    0.2174      Ca B                4026.20A   37.034    0.0362      N 2R                1085.00A   36.387    0.0082
Ca B                3889.05A   37.631    0.1435      Ca B                4120.82A   35.905    0.0027      Blnd                2141.00A   36.656    0.0152
Ca B                3835.38A   37.474    0.1000      Ca B                4387.93A   36.459    0.0097      Blnd                1750.00A   36.465    0.0098
Ca B                3797.89A   37.335    0.0725      Ca B                4437.55A   35.534    0.0011      Blnd                990.000A   36.565    0.0123
Ca B                3770.63A   37.210    0.0544      Ca B                4471.49A   37.362    0.0772      N 3R                990.000A   36.561    0.0122
Ca B                3750.15A   37.096    0.0418      Ca B                4713.03A   36.322    0.0070      Blnd                1486.00A   36.232    0.0057
Ca B                3734.36A   36.992    0.0329      Ca B                4921.93A   36.796    0.0209      Blnd                1240.00A   35.860    0.0024
Ca B                3721.93A   36.895    0.0263      Ca B                5015.68A   37.101    0.0423      Blnd                6300.00A   37.938    0.2906
Ca B                3711.97A   36.805    0.0214      Ca B                5047.64A   35.916    0.0028      Blnd                2471.00A   36.975    0.0317
Ca B                3703.85A   36.722    0.0177      Ca B                5875.64A   37.818    0.2204      Blnd                3726.00A   38.634    1.4450
Ca B                3697.15A   36.643    0.0148      Ca B                6678.15A   37.273    0.0629      Blnd                3729.00A   38.812    2.1748
Ca B                3691.55A   36.569    0.0124      Ca B                7065.22A   36.987    0.0325      Blnd                7323.00A   36.808    0.0215
Ca B                3686.83A   36.500    0.0106      Ca B                7281.35A   36.478    0.0101      Blnd                7332.00A   36.727    0.0179
Ca B                3682.80A   36.434    0.0091      Ca B                9463.57A   35.712    0.0017      O 2R                7323.00A   35.536    0.0012
Ca B                3679.35A   36.371    0.0079      Ca B                1.08303m   38.006    0.3400      O 2H                3727.00A   36.780    0.0202
Ca B                3676.36A   36.312    0.0069      Ca B                1.19692m   36.037    0.0037      O 2R                3726.00A   36.253    0.0060
Ca B                3673.75A   36.256    0.0060      Ca B                1.25274m   35.793    0.0021      O 2R                3729.00A   36.431    0.0090
Ca B                3671.47A   36.202    0.0053      Ca B                1.27849m   36.574    0.0126      Blnd                3727.00A   39.037    3.6550
Ca B                9545.93A   37.186    0.0515      Ca B                1.27905m   36.096    0.0042      O 2R                2471.00A   35.703    0.0017
Ca B                9228.97A   37.028    0.0358      Ca B                1.29684m   35.562    0.0012      O 2H                7325.00A   36.172    0.0050
Ca B                9014.87A   36.888    0.0259      Ca B                1.70027m   36.212    0.0055      Blnd                7325.00A   37.070    0.0394
Ca B                8862.74A   36.762    0.0194      Ca B                1.86854m   36.956    0.0303      O 2R                4651.00A   36.061    0.0039
Ca B                8750.43A   36.647    0.0149      Ca B                1.86972m   36.478    0.0101      Blnd                4341.00A   35.783    0.0020
Ca B                8664.98A   36.543    0.0117      Ca B                1.90894m   35.761    0.0019      O 2R                4341.00A   35.783    0.0020
Ca B                8598.35A   36.446    0.0094      Ca B                1.95430m   35.559    0.0012      Blnd                1666.00A   36.562    0.0122
Ca B                8545.34A   36.356    0.0076      Ca B                2.05813m   37.175    0.0502      Blnd                5007.00A   39.218    5.5430
Ca B                8502.44A   36.272    0.0063      Ca B                2.11180m   35.506    0.0011      Blnd                4363.00A   36.682    0.0161
Ca B                8467.21A   36.193    0.0052      Ca B                2.16080m   35.500    0.0011      Blnd                835.000A   37.018    0.0350
Ca B                8437.91A   36.119    0.0044      C  5                41.4721A   35.493    0.0010      O 3R                835.000A   37.018    0.0350
Ca B                8413.28A   36.049    0.0038      Pho+                3889.00A   38.255    0.6039      Blnd                1402.00A   36.236    0.0058
Ca B                8392.35A   35.983    0.0032      extra Lyman....................................      Blnd                789.000A   36.752    0.0190
Ca B                8374.43A   35.920    0.0028      database lines.................................      O 4R                789.000A   36.750    0.0188
Ca B                8358.96A   35.860    0.0024      Al 3                1854.72A   35.877    0.0025      Blnd                1218.00A   35.950    0.0030
Ca B                8345.51A   35.803    0.0021      Al 3                1862.79A   35.591    0.0013      Blnd                1035.00A   35.699    0.0017
Ca B                8333.74A   35.748    0.0019      Al 6                3.65932m   36.244    0.0059

                                                    Emergent line intensities
general properties.............................      He 1                3888.63A   37.662    0.1540      K  4                5.98030m   35.594    0.0013
continua.......................................      He 1                3187.74A   37.273    0.0628      Mg 1                2852.13A   36.653    0.0151
FIR                 83.0000m   39.843   23.3438      He 1                2945.10A   36.959    0.0305      Mg 1                4562.60A   37.026    0.0356
TIR                 1800.00m   36.642    0.0147      He 1                2829.08A   36.704    0.0170      Mg 1                4571.10A   36.597    0.0133
NIRa                2.85000m   40.811  217.0161      He 1                2760.44A   36.072    0.0040      Mg 1                4575.29A   35.662    0.0015
NIRb                3.00000m   40.386   81.4980      He 1                2721.00A   35.935    0.0029      Mn 2                2576.10A   36.176    0.0050
MIRa                15.0000m   40.444   93.2700      He 1                2694.61A   35.812    0.0022      Mn 2                2593.72A   36.087    0.0041
MIRb                22.5000m   40.546  117.9053      He 1                2676.05A   35.700    0.0017      Mn 2                2605.68A   35.947    0.0030
NMIR                21.7500m   40.811  217.0161      He 1                2662.47A   35.591    0.0013      N  1                5197.90A   37.032    0.0361
TFIR                611.250m   38.958    3.0447      He 1                2652.24A   35.498    0.0011      N  1                5200.26A   37.209    0.0542
TALL                10000.0A   41.201  532.2844      He 1                2610.71A   35.712    0.0017      N  5                1238.82A   35.678    0.0016
F12                 12.0000m   39.989   32.7166      He 1                5015.68A   35.733    0.0018      Ne 2                12.8101m   37.937    0.2899
F25                 25.0000m   39.809   21.6297      He 1                3964.73A   35.508    0.0011      Ne 3                15.5509m   38.570    1.2448
F60                 60.0000m   39.671   15.7134      He 1                3355.42A   35.575    0.0013      Ne 3                3868.76A   38.028    0.3574
F100                100.000m   39.090    4.1277      He 1                7065.22A   36.934    0.0288      Ne 3                36.0036m   37.526    0.1126
MIPS                24.0000m   39.560   12.1863      He 1                5875.64A   37.682    0.1613      Ne 3                3967.47A   37.510    0.1085
MIPS                70.0000m   39.053    3.7870      He 1                4713.03A   36.255    0.0060      O  1                5577.34A   36.041    0.0037
MIPS                160.000m   38.915    2.7592      He 1                4471.49A   37.278    0.0636      O  1                6300.30A   37.817    0.2202
IRAC                3.60000m   39.576   12.6373      He 1                4120.82A   35.831    0.0023      O  1                6363.78A   37.322    0.0703
IRAC                4.50000m   39.614   13.7984      He 1                4026.20A   36.964    0.0308      O  1                63.1679m   38.011    0.3441
IRAC                5.80000m   39.706   17.0503      He 1                3867.48A   35.523    0.0011      O  1                145.495m   36.927    0.0283
IRAC                8.00000m   39.809   21.6056      He 1                3819.61A   36.709    0.0172      O  2                2470.22A   36.278    0.0064
SPR1                250.000m   36.307    0.0068      He 1                3704.76A   36.697    0.0167      O  2                2470.34A   36.848    0.0236
SPR2                350.000m   36.423    0.0089      He 1                3634.08A   36.549    0.0119      O  2                7318.92A   36.195    0.0053
SPR3                500.000m   36.139    0.0046      He 1                3587.16A   36.419    0.0088      O  2                7319.99A   36.655    0.0151
PAC1                70.0000m   39.109    4.3150      He 1                3554.34A   36.302    0.0067      O  2                7329.67A   36.417    0.0088
PAC2                100.000m   39.096    4.1839      He 1                3530.43A   36.195    0.0053      O  2                7330.73A   36.386    0.0081
PAC3                160.000m   38.916    2.7657      He 1                3512.47A   36.098    0.0042      O  2                3728.81A   38.812    2.1749
PAH                 3.30000m   38.719    1.7554      He 1                3498.61A   36.009    0.0034      O  2                3726.03A   38.634    1.4451
PAHC                3.23000m   38.438    0.9204      He 1                3487.70A   35.927    0.0028      O  3                88.3323m   39.015    3.4711
PAHC                3.37000m   38.410    0.8614      He 1                3478.94A   35.851    0.0024      O  3                51.8004m   38.747    1.8740
PAH                 6.20000m   39.162    4.8668      He 1                3471.80A   35.780    0.0020      O  3                4958.91A   38.618    1.3913
PAHC                5.65000m   39.201    5.3247      He 1                3465.91A   35.715    0.0017      O  3                5006.84A   39.093    4.1511
PAH                 7.90000m   39.350    7.5140      He 1                3460.99A   35.654    0.0015      O  3                2320.95A   36.064    0.0039
PAHC                6.90000m   39.420    8.8210      He 1                3456.84A   35.598    0.0013      O  3                4363.21A   36.664    0.0155
PAH                 11.3000m   38.762    1.9368      He 1                3453.30A   35.548    0.0012      O  3                1660.81A   35.954    0.0030
PAHC                10.9000m   38.784    2.0389      He 1                3450.26A   35.504    0.0011      O  3                1666.15A   36.421    0.0088
PAH                 11.8000m   38.978    3.1877      He 1                3441.56A   35.490    0.0010      O  5                1218.34A   35.555    0.0012
PAHC                12.6500m   38.986    3.2470      He 1                3439.99A   36.300    0.0067      O  5                1213.81A   35.722    0.0018
PAH                 13.3000m   38.978    3.1852      He 1                7281.35A   36.204    0.0054      P  2                60.6263m   37.096    0.0419
PAHC                14.1000m   38.964    3.0881      He 1                6678.15A   37.129    0.0452      P  2                32.8620m   36.905    0.0269
Bcon                3640.00A   40.780  202.0033      He 1                5047.64A   35.755    0.0019      P  2                1.14682m   36.806    0.0215
Pcon                5000.00A   40.303   67.3357      He 1                4921.93A   36.705    0.0170      P  2                1.18828m   37.229    0.0569
O3bn                5007.00A   39.194    5.2479      He 1                4387.93A   36.388    0.0082      P  2                7875.99A   35.706    0.0017
SX                  25.0000A   39.473    9.9613      He 1                4143.76A   36.136    0.0046      P  3                17.8797m   36.489    0.0103
HX                  4.70000A   39.302    6.7181      He 1                4009.05A   36.061    0.0039      S  2                6730.82A   38.487    1.0283
RRC............................................      He 1                3926.41A   35.910    0.0027      S  2                6716.44A   38.650    1.4973
grains.........................................      He 1                3871.69A   35.778    0.0020      S  2                4076.35A   36.809    0.0216
H-like iso-sequence............................      He 1                3833.48A   35.660    0.0015      S  2                4068.60A   37.298    0.0666
H  1                1215.67A   40.016   34.7961      He 1                3805.69A   35.554    0.0012      S  2                1.03364m   36.671    0.0157
H  1                1025.72A   39.272    6.2743      He 1                3700.80A   35.655    0.0015      S  2                1.02867m   36.672    0.0157
H  1                972.537A   38.843    2.3348      He 1                4.29459m   35.673    0.0016      S  2                1.03705m   36.349    0.0075
H  1                949.743A   38.530    1.1354      He 1                1.25274m   35.778    0.0020      S  2                1.03205m   36.805    0.0214
H  1                937.804A   38.282    0.6416      He 1                9463.57A   35.702    0.0017      S  3                33.4704m   38.772    1.9844
H  1                930.748A   38.076    0.3995      He 1                8361.73A   35.527    0.0011      S  3                18.7078m   38.499    1.0576
H  1                926.226A   37.900    0.2662      He 1                1.70027m   36.128    0.0045      S  3                9068.62A   38.265    0.6178
H  1                923.150A   37.745    0.1864      He 1                1.19692m   35.967    0.0031      S  3                9530.62A   38.665    1.5519
H  1                920.963A   37.607    0.1357      He 1                1.03113m   35.769    0.0020      S  3                3721.63A   36.619    0.0139
H  1                919.351A   37.851    0.2380      He 1                9515.06A   35.810    0.0022      S  3                6312.06A   36.892    0.0262
H  1                918.129A   37.753    0.1898      He 1                9062.39A   35.677    0.0016      S  3                1728.94A   35.723    0.0018
H  1                917.181A   37.663    0.1542      He 1                8776.14A   35.557    0.0012      Si 2                34.8046m   39.107    4.2942
H  1                916.429A   37.579    0.1273      He 1                1.95430m   35.544    0.0012      Si 2                2334.41A   36.513    0.0109
H  1                915.824A   37.502    0.1066      He 1                1.86854m   36.742    0.0185      Si 2                2328.52A   35.894    0.0026
H  1                915.329A   37.431    0.0904      He 1                1.27849m   36.421    0.0088      Si 2                1808.01A   36.489    0.0103
H  1                914.919A   37.365    0.0777      He 1                1.09130m   36.158    0.0048      Si 2                2350.17A   36.637    0.0145
H  1                914.576A   37.304    0.0675      He 1                1.00275m   35.881    0.0025      Si 2                2344.20A   37.043    0.0370
H  1                914.286A   37.249    0.0594      He 1                9526.01A   35.724    0.0018      Si 2                2334.60A   36.931    0.0286
H  1                914.039A   37.200    0.0531      He 1                9210.23A   35.587    0.0013      Si 2                1817.45A   36.203    0.0054
H  1                913.826A   37.159    0.0483      He 1                1.86972m   36.264    0.0062      Si 2                1816.93A   36.742    0.0185
H  1                913.641A   37.129    0.0452      He 1                1.27905m   35.943    0.0029      Si 2                1533.43A   35.716    0.0017
H  1                913.480A   37.121    0.0443      He 1                1.09171m   35.680    0.0016      Si 3                1892.03A   36.909    0.0272
H  1                913.339A   37.166    0.0491      He 1                1.90894m   35.671    0.0016      Si 3                1882.71A   37.083    0.0406
H  1                913.215A   37.959    0.3053      He 1                1.29684m   35.490    0.0010      Si 3                1206.50A   35.486    0.0010
H  1                6562.81A   38.904    2.6901      He 1                4.03664m   35.674    0.0016      Si 4                1393.75A   36.028    0.0036
H  1                4861.33A   38.474    1.0000      He 1                2.61850m   35.554    0.0012      Si 4                1402.77A   35.753    0.0019
H  1                4340.46A   38.155    0.4795      He 1                4.04791m   36.011    0.0034      Si 7                2.48071m   35.613    0.0014
H  1                4101.73A   37.904    0.2689      He 1                2.62338m   35.734    0.0018      Al 2                2669.15A   36.707    0.0171
H  1                3970.07A   37.697    0.1668      He 1                4.04793m   35.534    0.0011      Al 2                2660.35A   36.890    0.0261
H  1                3889.05A   37.520    0.1111      extra Lyman....................................      Al 2                1670.79A   36.023    0.0035
H  1                3835.38A   37.366    0.0779      database lines.................................      Al 5                2.90450m   36.145    0.0047
H  1                3797.89A   37.229    0.0568      Al 3                1854.72A   35.877    0.0025      C  4                1550.78A   36.773    0.0199
H  1                3770.63A   37.299    0.0667      Al 3                1862.79A   35.591    0.0013      C  4                1548.19A   37.068    0.0393
H  1                3750.15A   37.201    0.0533      Al 6                3.65932m   36.244    0.0059      Ca 2                7323.89A   37.666    0.1556
H  1                3734.36A   37.111    0.0433      Ar 2                6.98337m   37.194    0.0525      Ca 2                7291.47A   37.834    0.2288
H  1                3721.93A   37.028    0.0358      Ar 3                3109.18A   35.797    0.0021      Ca 2                3968.47A   37.167    0.0492
H  1                3711.97A   36.951    0.0299      Ar 3                7135.79A   37.792    0.2077      Ca 2                8662.14A   35.962    0.0031
H  1                3703.85A   36.879    0.0254      Ar 3                7751.11A   37.167    0.0493      Ca 2                3933.66A   37.457    0.0961
H  1                3697.15A   36.813    0.0218      Ar 3                8.98898m   37.923    0.2809      Ca 2                8542.09A   36.221    0.0056
H  1                3691.55A   36.753    0.0190      Ar 3                21.8253m   36.747    0.0187      Ca 5                4.15739m   36.301    0.0067
H  1                3686.83A   36.698    0.0167      Ar 4                4711.26A   36.356    0.0076      Ca 5                5309.11A   35.899    0.0027
H  1                3682.80A   36.649    0.0149      Ar 4                4740.12A   36.204    0.0054      Cl 2                14.3639m   36.514    0.0109
H  1                3679.35A   36.608    0.0136      Ar 5                6435.12A   35.568    0.0012      Cl 2                8578.70A   36.608    0.0136
H  1                3676.36A   36.579    0.0127      Ar 5                7005.83A   35.900    0.0027      Cl 2                9123.60A   36.024    0.0035
H  1                3673.75A   36.571    0.0125      Ar 5                7.89971m   36.529    0.0113      Cl 3                5537.87A   36.290    0.0065
H  1                3671.47A   36.615    0.0138      Ar 5                13.0985m   36.767    0.0196      Cl 3                5517.71A   36.448    0.0094
H  1                3669.46A   37.409    0.0859      Ar 6                4.52800m   36.014    0.0035      Cl 4                20.3197m   36.174    0.0050
H  1                1.87510m   38.073    0.3972      C  1                9824.13A   36.042    0.0037      Cl 4                11.7629m   36.073    0.0040
H  1                1.28180m   37.776    0.2000      C  1                9850.26A   36.517    0.0110      Cl 4                8045.62A   35.838    0.0023
H  1                1.09380m   37.524    0.1121      C  1                370.269m   36.049    0.0038      Fe 4                3095.77A   37.132    0.0455
H  1                1.00493m   37.314    0.0692      C  1                609.590m   35.981    0.0032      Fe 4                3094.96A   36.916    0.0276
H  1                9545.93A   37.135    0.0458      C  2                1334.53A   35.749    0.0019      Fe 4                3094.53A   36.750    0.0189
H  1                9228.97A   36.979    0.0320      C  2                1335.71A   35.551    0.0012      Fe 4                2835.74A   36.875    0.0251
H  1                9014.87A   36.841    0.0232      C  2                2323.50A   36.592    0.0131      Fe 4                2829.36A   36.557    0.0121
H  1                8862.74A   36.783    0.0204      C  2                2324.69A   36.936    0.0290      Fe 4                2823.50A   36.354    0.0076
H  1                8750.43A   36.686    0.0163      C  2                2325.40A   37.235    0.0576      Fe 4                2567.61A   35.786    0.0020
H  1                8664.98A   36.596    0.0132      C  2                2326.93A   37.374    0.0793      Fe 5                70.3538m   37.108    0.0430
H  1                8598.35A   36.513    0.0109      C  2                2328.12A   36.989    0.0327      Fe 5                36.3273m   37.100    0.0422
H  1                8545.34A   36.437    0.0092      C  2                157.636m   38.929    2.8469      Fe 5                25.9131m   36.996    0.0332
H  1                8502.44A   36.365    0.0078      C  3                1908.73A   37.259    0.0609      Fe 5                20.8407m   36.729    0.0180
H  1                8467.21A   36.300    0.0067      C  3                1906.68A   37.437    0.0917      Fe 5                4180.59A   36.128    0.0045
H  1                8437.91A   36.239    0.0058      Ca 4                3.20610m   36.963    0.0308      Fe 5                4143.15A   36.363    0.0077
H  1                8413.28A   36.184    0.0051      Co 2                10.5199m   35.972    0.0031      Fe 5                4227.19A   37.072    0.0396
H  1                8392.35A   36.135    0.0046      Co 2                2.98382m   36.444    0.0093      Fe 5                4071.24A   36.352    0.0075
H  1                8374.43A   36.094    0.0042      Co 2                1.01879m   35.600    0.0013      Fe 5                3895.22A   35.930    0.0029
H  1                8358.96A   36.065    0.0039      Co 3                11.8845m   35.735    0.0018      Fe 5                3851.34A   35.701    0.0017
H  1                8345.51A   36.057    0.0038      Cr 2                8000.08A   36.333    0.0072      Fe 5                3794.94A   36.291    0.0066
H  1                8333.74A   36.102    0.0042      Cr 2                8125.30A   36.266    0.0062      Fe 5                3755.70A   36.009    0.0034
H  1                8323.38A   36.895    0.0263      Cr 2                8229.67A   36.173    0.0050      Fe 5                3839.27A   36.299    0.0067
H  1                4.05113m   37.446    0.0937      Cr 2                8308.49A   35.987    0.0033      Fe 5                3783.22A   35.888    0.0026
H  1                2.62513m   37.229    0.0568      Cr 2                8357.64A   35.694    0.0017      Fe 5                3891.28A   36.047    0.0037
H  1                2.16551m   37.025    0.0355      Fe 2                25.9811m   38.400    0.8430      Fe 5                3445.62A   35.551    0.0012
H  1                1.94454m   36.847    0.0236      Fe 2                5.33881m   38.836    2.3017      Fe 5                3463.51A   35.552    0.0012
H  1                1.81740m   36.691    0.0165      Fe 2                4.11394m   35.883    0.0026      Fe 6                19.5527m   37.284    0.0645
H  1                1.73620m   36.552    0.0119      Fe 2                1.25668m   38.705    1.6995      Fe 6                5335.19A   36.278    0.0064
H  1                1.68064m   36.414    0.0087      Fe 2                4416.27A   36.625    0.0141      Fe 6                5277.81A   35.815    0.0022
H  1                1.64071m   36.317    0.0070      Fe 2                4382.74A   35.512    0.0011      Fe 6                3492.10A   35.518    0.0011
H  1                1.61092m   36.228    0.0057      Fe 2                4287.39A   36.860    0.0243      Fe 6                14.7670m   37.109    0.0431
H  1                1.58804m   36.145    0.0047      Fe 2                2599.40A   37.716    0.1742      Fe 6                5484.85A   36.024    0.0035
H  1                1.57006m   36.069    0.0039      Fe 2                2585.88A   36.608    0.0136      Fe 6                5424.23A   36.147    0.0047
H  1                1.55563m   35.998    0.0033      Fe 2                2382.04A   37.717    0.1747      Fe 6                4972.48A   36.528    0.0113
H  1                1.54388m   35.932    0.0029      Fe 2                2373.74A   35.750    0.0019      Fe 6                3889.41A   35.476    0.0010
H  1                1.53417m   35.872    0.0025      Fe 2                2343.50A   36.976    0.0318      Fe 6                3555.61A   35.827    0.0023
H  1                1.52604m   35.817    0.0022      Fe 2                35.3394m   37.707    0.1709      Fe 6                12.3074m   36.822    0.0223
H  1                1.51917m   35.768    0.0020      Fe 2                1.32055m   38.127    0.4496      Fe 6                5631.08A   36.167    0.0049
H  1                1.51331m   35.727    0.0018      Fe 2                1.24854m   36.326    0.0071      Fe 6                5426.65A   35.886    0.0026
H  1                1.50827m   35.698    0.0017      Fe 2                7637.54A   37.012    0.0345      Fe 6                5145.76A   36.544    0.0117
H  1                1.50389m   35.690    0.0016      Fe 2                4889.62A   36.503    0.0107      Fe 6                4967.15A   36.044    0.0037
H  1                1.50008m   35.735    0.0018      Fe 2                4492.63A   35.744    0.0019      Fe 6                3662.50A   35.851    0.0024
H  1                1.49672m   36.528    0.0113      Fe 2                4457.94A   36.200    0.0053      Fe 6                5676.96A   36.216    0.0055
H  1                7.45777m   36.932    0.0287      Fe 2                4359.33A   36.724    0.0178      Fe 6                5176.05A   36.415    0.0087
H  1                4.65247m   36.770    0.0197      Fe 2                2625.67A   37.152    0.0476      Fe 6                1.34929m   35.660    0.0015
H  1                3.73951m   36.602    0.0134      Fe 2                2611.87A   37.043    0.0371      Mg 2                2802.71A   38.071    0.3952
H  1                3.29607m   36.449    0.0094      Fe 2                2598.37A   36.205    0.0054      Mg 2                2795.53A   38.367    0.7800
H  1                3.03835m   36.312    0.0069      Fe 2                2395.63A   36.909    0.0272      Mg 4                4.48712m   37.232    0.0572
H  1                2.87219m   36.125    0.0045      Fe 2                2388.63A   35.520    0.0011      Mg 5                5.60700m   36.883    0.0256
H  1                2.75749m   36.029    0.0036      Fe 2                2364.83A   36.793    0.0208      Mg 5                2782.76A   36.067    0.0039
H  1                2.67438m   35.940    0.0029      Fe 2                51.2865m   37.089    0.0412      Mg 5                13.5464m   35.805    0.0021
H  1                2.61191m   35.858    0.0024      Fe 2                5.67249m   36.054    0.0038      Mg 5                2928.09A   35.502    0.0011
H  1                2.56361m   35.782    0.0020      Fe 2                4.60647m   35.548    0.0012      N  2                205.244m   37.882    0.2558
H  1                2.52538m   35.711    0.0017      Fe 2                1.37182m   37.903    0.2684      N  2                121.767m   37.674    0.1582
H  1                2.49455m   35.645    0.0015      Fe 2                1.29427m   36.994    0.0331      N  2                6548.05A   38.283    0.6439
H  1                2.46929m   35.585    0.0013      Fe 2                7686.94A   36.751    0.0189      N  2                6583.45A   38.753    1.8982
H  1                2.44831m   35.530    0.0011      Fe 2                4728.07A   36.000    0.0034      N  2                5754.61A   36.685    0.0162
H  1                2.43068m   35.481    0.0010      Fe 2                4514.90A   35.566    0.0012      N  2                2139.01A   36.117    0.0044
H  1                2.37371m   36.242    0.0059      Fe 2                4488.75A   35.713    0.0017      N  2                2142.78A   36.508    0.0108
H  1                12.3684m   36.495    0.0105      Fe 2                4413.78A   36.571    0.0125      N  3                57.3238m   38.394    0.8317
H  1                7.50038m   36.372    0.0079      Fe 2                2631.32A   36.728    0.0179      N  3                1748.65A   35.558    0.0012
H  1                5.90655m   36.232    0.0057      Fe 2                2617.62A   35.716    0.0017      N  3                1753.99A   35.573    0.0013
H  1                5.12722m   36.100    0.0042      Fe 2                2607.09A   35.935    0.0029      N  3                1752.16A   35.981    0.0032
H  1                4.67119m   35.887    0.0026      Fe 2                2404.89A   35.833    0.0023      N  3                1749.67A   36.035    0.0036
H  1                4.37522m   35.792    0.0021      Fe 2                2380.76A   36.516    0.0110      N  4                1486.50A   35.832    0.0023
H  1                4.16962m   35.704    0.0017      Fe 2                87.3582m   36.316    0.0069      N  4                1483.32A   36.004    0.0034
H  1                4.01974m   35.622    0.0014      Fe 2                4.43368m   35.546    0.0012      Na 3                7.31706m   36.915    0.0276
H  1                3.90645m   35.546    0.0012      Fe 2                1.32778m   36.748    0.0188      Na 4                9.03098m   36.288    0.0065
H  1                3.81838m   35.475    0.0010      Fe 2                1.27878m   36.640    0.0146      Ne 4                2421.66A   36.676    0.0159
H  1                3.48198m   36.008    0.0034      Fe 2                1.25214m   35.583    0.0013      Ne 4                2424.28A   36.851    0.0238
H  1                19.0565m   36.116    0.0044      Fe 2                4452.10A   36.374    0.0079      Ne 5                24.2065m   37.748    0.1878
H  1                11.3055m   36.021    0.0035      Fe 2                2631.05A   35.946    0.0030      Ne 5                14.3228m   37.654    0.1511
H  1                8.75760m   35.903    0.0027      Fe 2                2613.82A   35.586    0.0013      Ne 5                3345.99A   36.274    0.0063
H  1                7.50599m   35.683    0.0016      Fe 2                1.29777m   36.276    0.0063      Ne 5                3426.03A   36.721    0.0177
H  1                6.77008m   35.589    0.0013      Fe 2                1.27035m   36.296    0.0066      Ne 6                7.64318m   36.727    0.0179
H  1                6.29014m   35.502    0.0011      Fe 2                7874.25A   35.893    0.0026      Ni 2                1.19102m   37.837    0.2304
H  1                4.84633m   35.809    0.0022      Fe 2                4474.90A   36.060    0.0039      Ni 2                6.63416m   37.338    0.0730
H  1                27.7955m   35.782    0.0020      Fe 2                2628.29A   35.599    0.0013      Ni 2                1.07151m   36.210    0.0054
H  1                16.2045m   35.708    0.0017      Fe 2                17.9314m   37.802    0.2126      Ni 2                10.6793m   36.572    0.0125
H  1                12.3837m   35.501    0.0011      Fe 2                1.64355m   38.632    1.4378      Ni 2                1.16129m   35.687    0.0016
H  1                6.49914m   35.636    0.0015      Fe 2                1.53347m   37.049    0.0375      Ni 2                12.7253m   36.150    0.0047
H  1                38.8589m   35.484    0.0010      Fe 2                8616.95A   37.590    0.1305      Ni 2                7377.83A   36.965    0.0310
H  1                8.48253m   35.484    0.0010      Fe 2                5273.35A   36.619    0.0139      Ni 2                8300.99A   35.669    0.0016
He 2                1640.43A   38.403    0.8488      Fe 2                5158.78A   37.256    0.0605      Ni 2                1.93877m   36.258    0.0061
He 2                1215.13A   37.937    0.2900      Fe 2                5111.63A   36.303    0.0067      Ni 2                6666.80A   36.091    0.0041
He 2                1084.94A   37.594    0.1317      Fe 2                4814.53A   36.625    0.0141      Ni 2                7411.61A   36.310    0.0068
He 2                1025.27A   37.337    0.0730      Fe 2                4774.72A   35.925    0.0028      Ni 2                4326.24A   36.067    0.0039
He 2                992.360A   37.129    0.0451      Fe 2                4243.97A   36.623    0.0141      Ni 2                4628.05A   35.645    0.0015
He 2                972.108A   36.953    0.0301      Fe 2                4177.20A   35.674    0.0016      Ni 2                7255.82A   35.712    0.0017
He 2                958.694A   36.800    0.0212      Fe 2                3376.20A   35.990    0.0033      Ni 2                4201.17A   35.881    0.0026
He 2                949.324A   36.665    0.0155      Fe 2                2360.00A   35.502    0.0011      Ni 2                7307.65A   35.533    0.0011
He 2                942.508A   36.852    0.0239      Fe 2                2348.12A   35.488    0.0010      Ni 2                4033.04A   35.612    0.0014
He 2                937.389A   36.763    0.0194      Fe 2                24.5120m   37.067    0.0392      Ni 2                4294.09A   35.491    0.0010
He 2                933.444A   36.681    0.0161      Fe 2                1.80939m   37.929    0.2849      Ni 2                3993.06A   35.934    0.0029
He 2                930.337A   36.605    0.0135      Fe 2                1.67688m   36.910    0.0272      Ni 2                3438.88A   35.696    0.0017
He 2                927.846A   36.534    0.0115      Fe 2                1.59947m   36.701    0.0168      O  4                25.8832m   38.592    1.3113
He 2                925.817A   36.469    0.0099      Fe 2                9051.95A   36.932    0.0287      O  4                1404.78A   35.771    0.0020
He 2                924.142A   36.408    0.0086      Fe 2                8891.91A   37.108    0.0430      O  4                1401.16A   35.768    0.0020
He 2                922.743A   36.352    0.0076      Fe 2                5433.13A   36.104    0.0043      O  6                1031.91A   35.505    0.0011
He 2                921.562A   36.302    0.0067      Fe 2                5261.62A   36.814    0.0219      S  4                10.5076m   38.387    0.8179
He 2                920.556A   36.257    0.0061      Fe 2                5220.06A   35.842    0.0023      Si 6                1.96247m   36.150    0.0047
He 2                919.693A   36.221    0.0056      Fe 2                5158.00A   35.891    0.0026      level 1 lines..................................
He 2                918.945A   36.196    0.0053      Fe 2                4947.37A   35.774    0.0020      recombination..................................
He 2                918.295A   36.192    0.0052      Fe 2                4905.34A   36.152    0.0048      level2 lines...................................
He 2                917.724A   36.242    0.0059      Fe 2                4874.48A   35.846    0.0024      Ti 2                3364.74A   36.485    0.0103
He 2                917.221A   37.047    0.0373      Fe 2                4346.85A   35.960    0.0031      Ti 2                3237.15A   36.231    0.0057
He 2                4685.64A   37.624    0.1411      Fe 2                4276.83A   36.274    0.0063      Cr 2                2059.78A   35.718    0.0018
He 2                3203.04A   37.298    0.0666      Fe 2                3440.99A   35.515    0.0011      hyperfine structure............................
He 2                2733.24A   37.031    0.0361      Fe 2                35.7670m   36.222    0.0056      H  1                21.1207c   36.127    0.0045
He 2                2511.15A   36.814    0.0218      Fe 2                1.80002m   36.738    0.0183      inner shell....................................
He 2                2385.35A   36.631    0.0143      Fe 2                1.71113m   36.119    0.0044      molecules......................................
He 2                2306.15A   36.473    0.0100      Fe 2                1.66377m   36.255    0.0060      blends.........................................
He 2                2252.64A   36.334    0.0072      Fe 2                9399.04A   36.155    0.0048      Blnd                2798.00A   38.545    1.1752
He 2                2214.62A   36.347    0.0075      Fe 2                9226.62A   36.852    0.0239      Blnd                6720.00A   38.877    2.5255
He 2                2186.56A   36.258    0.0061      Fe 2                9033.50A   35.725    0.0018      Blnd                4074.00A   37.420    0.0882
He 2                2165.20A   36.177    0.0050      Fe 2                5333.65A   36.226    0.0056      Blnd                1.03300m   37.311    0.0686
He 2                2148.55A   36.101    0.0042      Fe 2                5268.87A   35.695    0.0017      Blnd                1720.00A   35.855    0.0024
He 2                2135.31A   36.030    0.0036      Fe 2                5005.51A   35.713    0.0017      Blnd                3722.00A   36.625    0.0141
He 2                2124.58A   35.965    0.0031      Fe 2                4973.39A   35.745    0.0019      Blnd                2665.00A   37.109    0.0431
He 2                2115.78A   35.904    0.0027      Fe 2                4352.78A   35.929    0.0029      Blnd                1860.00A   36.058    0.0038
He 2                2108.46A   35.849    0.0024      Fe 2                4319.62A   35.741    0.0018      Blnd                4725.00A   36.588    0.0130
He 2                2102.30A   35.798    0.0021      Fe 2                1.79710m   36.346    0.0074      Blnd                2860.00A   35.484    0.0010
He 2                2097.07A   35.754    0.0019      Fe 2                1.74494m   35.947    0.0030      Blnd                2335.00A   37.446    0.0937
He 2                2092.59A   35.717    0.0017      Fe 2                9470.94A   36.286    0.0065      Blnd                1888.00A   37.306    0.0678
He 2                2088.73A   35.692    0.0017      Fe 2                9267.56A   35.831    0.0023      Blnd                1397.00A   36.213    0.0055
He 2                2085.37A   35.689    0.0016      Fe 2                5376.45A   35.483    0.0010      Blnd                2424.00A   37.073    0.0397
He 2                2082.42A   35.739    0.0018      Fe 2                22.8960m   35.824    0.0022      Blnd                5525.00A   36.677    0.0160
He 2                2079.84A   36.543    0.0117      Fe 2                1.81139m   36.135    0.0046      Blnd                8579.00A   36.442    0.0093
He 2                1.01233m   37.023    0.0354      Fe 2                1.74842m   35.866    0.0025      Blnd                7306.00A   38.059    0.3844
He 2                6559.91A   36.788    0.0206      Fe 2                2755.74A   36.332    0.0072      Blnd                3933.00A   37.637    0.1453
He 2                5411.37A   36.572    0.0125      Fe 2                2739.55A   36.028    0.0036      Blnd                1657.00A   36.411    0.0086
He 2                4859.18A   36.387    0.0082      Fe 3                22.9190m   37.982    0.3219      C 1R                1656.00A   36.410    0.0086
He 2                4541.46A   36.226    0.0056      Fe 3                4924.66A   35.936    0.0029      Blnd                9850.00A   36.642    0.0147
He 2                4338.55A   36.084    0.0041      Fe 3                4881.12A   36.821    0.0222      Blnd                1335.00A   37.580    0.1275
He 2                4199.71A   35.978    0.0032      Fe 3                4658.01A   37.482    0.1017      C 2R                1335.00A   37.567    0.1237
He 2                4099.92A   35.889    0.0026      Fe 3                4607.11A   36.224    0.0056      Blnd                977.000A   36.491    0.0104
He 2                4025.48A   35.808    0.0022      Fe 3                33.0270m   37.428    0.0899      C 3R                977.000A   36.454    0.0095
He 2                3968.32A   35.732    0.0018      Fe 3                5270.40A   37.408    0.0859      Blnd                1909.00A   37.677    0.1595
He 2                3923.37A   35.662    0.0015      Fe 3                4987.33A   36.056    0.0038      C 3R                1909.00A   36.310    0.0069
He 2                3887.33A   35.597    0.0013      Fe 3                4754.64A   36.744    0.0186      Blnd                1176.00A   36.128    0.0045
He 2                3857.96A   35.537    0.0012      Fe 3                4701.62A   36.990    0.0327      C 3R                1175.00A   36.128    0.0045
He 2                3833.69A   35.481    0.0010      Fe 3                4666.94A   35.836    0.0023      Blnd                1549.00A   37.271    0.0626
He 2                3740.11A   36.176    0.0050      Fe 3                51.6655m   36.830    0.0227      C 4R                1549.00A   35.712    0.0017
He 2                1.86362m   36.523    0.0112      Fe 3                5011.16A   36.597    0.0133      Blnd                1.04030m   35.808    0.0022
He 2                1.16260m   36.351    0.0075      Fe 3                4769.52A   36.515    0.0110      Blnd                1085.00A   36.379    0.0080
He 2                9344.62A   36.175    0.0050      Fe 3                4733.84A   36.390    0.0082      N 2R                1085.00A   36.376    0.0080
He 2                8236.51A   36.016    0.0035      Fe 3                105.345m   35.885    0.0026      Blnd                2141.00A   36.656    0.0152
He 2                7592.50A   35.875    0.0025      Fe 3                5411.98A   36.365    0.0078      Blnd                1750.00A   36.465    0.0098
He 2                7177.28A   35.689    0.0016      Fe 3                4930.44A   35.636    0.0014      Blnd                990.000A   36.554    0.0120
He 2                6890.67A   35.601    0.0013      Fe 3                4777.61A   36.067    0.0039      N 3R                990.000A   36.551    0.0119
He 2                6682.98A   35.520    0.0011      Fe 3                5084.66A   35.827    0.0022      Blnd                1486.00A   36.227    0.0057
He 2                5931.63A   35.890    0.0026      Fe 3                40.1336m   35.766    0.0020      Blnd                1240.00A   35.858    0.0024
He 2                3.09074m   36.092    0.0041      Fe 7                9.50763m   36.718    0.0175      Blnd                6300.00A   37.938    0.2906
He 2                1.87427m   35.965    0.0031      Fe 7                5720.71A   36.022    0.0035      Blnd                3726.00A   38.634    1.4451
He 2                1.47599m   35.821    0.0022      Fe 7                4988.55A   35.817    0.0022      Blnd                3729.00A   38.812    2.1749
He 2                1.28124m   35.685    0.0016      Fe 7                4893.37A   35.549    0.0012      O 2R                3729.00A   36.431    0.0090
He 2                8701.09A   35.655    0.0015      Fe 7                7.81037m   36.184    0.0051      O 2R                4651.00A   36.061    0.0039
He 2                4.76203m   35.714    0.0017      Fe 7                6086.97A   36.196    0.0053      O 2R                4341.00A   35.782    0.0020
He 2                2.82513m   35.621    0.0014      Fe 7                5158.89A   35.682    0.0016      Blnd                5007.00A   39.218    5.5429
He 2                2.18843m   35.502    0.0011      Fe 7                3586.32A   35.669    0.0016      Blnd                1218.00A   35.948    0.0030
He-like iso-sequence...........................      Fe 7                3758.92A   35.823    0.0022      Blnd                1035.00A   35.688    0.0016
He 1                1.08303m   37.936    0.2894      K  3                4.61683m   36.546    0.0118



 CIV QSO  
 Cooling:  C  2c                     0 :0.052 Fe 2c                     0 :0.156 O  2c                     0 :0.062 O  3c                     0 :0.185 S  3c                     0 :0.089 Si 2c                     0 :0.075 N  2c                     0 :0.051  
 Heating:  BFH1                      0 :0.629 BFHe                      0 :0.313 TotM                      0 :0.050  

 These are some of the most important databases used by Cloudy:
 Many recombination coefficients were taken from http://amdpp.phys.strath.ac.uk/tamoc/RR/ and http://amdpp.phys.strath.ac.uk/tamoc/DR/
      and are based on the following papers:
        Badnell N. R., et al., A&A 406, 1151 (2003) [http://adsabs.harvard.edu/abs/2003A%26A...406.1151B]
        Badnell N. R., ApJS 167, 334 (2006) [http://adsabs.harvard.edu/abs/2006ApJS..167..334B]
 Much of the molecular emission data is from LAMDA as accessed on June 30, 2015. This database is described in:
        Schoeier F.L., et al., A&A 432, 369 (2005) [http://adsabs.harvard.edu/abs/2005A%26A...432..369S]
      This database is in part based on the work of the following groups:
        JPL: Pickett H. M. et al., JQSRT, 60, 883 (1998). [http://adsabs.harvard.edu/abs/1998JQSRT..60..883P]
        CDMS: Mueller H. S. et al., A&A 370, L49 (2001). [http://adsabs.harvard.edu/abs/2001A%26A...370L..49M]
              Mueller H. S. et al., J. Mol. Struct. 742, 215 (2005). [http://adsabs.harvard.edu/abs/2005JMoSt.742..215M]
 Some of the ionic emission data is from version 7.1.4 of CHIANTI. CHIANTI is a collaborative project involving the NRL (USA), the
      Universities of Florence (Italy) and Cambridge (UK), and George Mason University (USA). These papers describe Chianti:
        Dere K. P., et al., A&AS, 125, 149 (1997) [http://adsabs.harvard.edu/abs/1997A%26AS..125..149D]
        Landi E., et al., ApJ, 744, 99 (2012) [http://adsabs.harvard.edu/abs/2012ApJ...744...99L]
 Much of the H_2 data is from this web site: http://molat.obspm.fr/index.php?page=pages/Molecules/H2/H2can94.php. These data are
      described in:
        Abgrall H. et al., Can. J. Phys., 72, 856 (1994) [http://adsabs.harvard.edu/abs/1994CaJPh..72..856A]
        Wrathmall S. A. & Flower D. R., J. Phys. B, 40, 3221 (2007) [http://adsabs.harvard.edu/abs/2007JPhB...40.3221W]
 The Case A and Case B recombination predictions for one-electron systems are from
	Storey, P.J. & Hummer, D.G., 1995, MNRAS 272, 41 http://adsabs.harvard.edu/abs/1995MNRAS.272...41S
 The He I recombination predictions are from
	Porter, R. L.; Ferland, G. J.; Storey, P. J.; Detisch, M. J., 2012, MNRAS, 425, 28p http://adsabs.harvard.edu/abs/2012MNRAS.425L..28P
		http://adsabs.harvard.edu/abs/2013MNRAS.433L..89P

 If you find some process or data set to be particularly critical to a result, please follow the trail of references back to the
 original source and cite that.  This will support and encourage atomic, molecular, and chemical physicists to continue their
 valuable work.

 IONIZE PARMET:  U(1-) -1.0255  U(4-): -2.0483  U(sp): -2.67  Q(ion):   48.760  L(ion) 39.962    Q(low): 53.793    L(low) 41.175
 ENERGY BUDGET:  Heat:  40.246  Coolg:  40.246  Error:  0.0%  Rec Lin:  39.483  F-F  H  0.000    P(rad/tot)max     0.00E+00    R(F Con):1.737e+05

     Col(Heff):      2.534E+20  snd travl time  2.93E+18 sec  Te-low: 7.22E+01  Te-hi: 1.98E+04  G0TH85: 1.38E-01  G0DB96:1.30E-01
  Emiss Measure    n(e)n(p) dl       2.482E+17  n(e)n(He+)dl         1.422E+16  En(e)n(He++) dl         1.106E+16  ne nC+:1.29E+13
 He/Ha:1.30E-01  =   1.30*true  Lthin:2.63E+09  itr/zn: 7.92  H2 itr/zn:  0.00  File Opacity: F  MassTot 1.78e+44  (gm)
   Temps(21 cm)   T(21cm/Ly a)  3.26E+01        T(<nH/Tkin>)  1.46E+02          T(<nH/Tspin>)    4.90E+01          TB21cm:3.27E+01
                   N(H0/Tspin)  4.23E+18        N(OH/Tkin)    3.53E+07          B(21cm)          0.00E+00
   <a>:1.19E-13  erdeFe1.9E+28  Tcompt1.69E+17  Tthr1.26E+16  <Tden>: 3.84E+03  <dens>:2.42E-27  <MolWgt>1.05E+00
     Mean Jeans  l(cm)1.25E+23  M(sun)3.83E+08  smallest:     len(cm):1.33E+22  M(sun):9.24E+05  a_ox tran: -1.53
 Rion:5.805E+22  Dist:0.00E+00  Diam:0.000E+00
 Hatom level 70  HatomType: add  HInducImp  F  He tot level: 63  He2 level:   70  ExecTime   493.5
 ConvrgError(%)  <eden>  0.080  MaxEden  0.948  <H-C>   0.06  Max(H-C)    0.43  <Press>   0.000  MaxPrs er  0.000
  Continuity(%)  chng Te   3.3  elec den   7.6  n(H2)    0.0  n(CO)        0.0

                                                        Averaged Quantities
             Te      Te(Ne)   Te(NeNp)  Te(NeHe+)Te(NeHe2+) Te(NeO+)  Te(NeO2+)  Te(H2)     N(H)     Ne(O2+)   Ne(Np)
 Radius:  2.01e+03  9.46e+03  9.97e+03  8.47e+03  1.18e+04  8.16e+03  8.87e+03  1.70e+03  1.02e-03  2.29e-03  2.20e-03
   Area:  4.93e+02  7.86e+03  8.75e+03  8.20e+03  1.04e+04  8.16e+03  8.45e+03  8.90e+02  7.01e-04  2.20e-03  1.83e-03
 Volume:  1.76e+02  6.08e+03  8.30e+03  8.08e+03  9.49e+03  8.17e+03  8.19e+03  3.98e+02  5.68e-04  2.14e-03  1.36e-03
 
 Peimbert T(OIIIr)8.00E+03 T(Bac)2.98E+03 T(Hth)0.00E+00 t2(Hstrc) 1.53e-02 T(O3-BAC)0.00E+00 t2(O3-BC) 0.00e+00 t2(O3str) 9.31e-03

 Contin Optical Depths: COMP: 8.63e-05    H-: 3.35e-05 R(1300): 1.39e-03  H2+: 2.65e-06  Bra:8.64E-05
                          Pa: 8.64e-05    Ba: 1.17e-04      Hb: 1.10e-04   La: 3.42e+00     1r:1.314E+03  1.8:4.03E+02 4.:7.316E+01

 Old, new H  1 continuum optical depths:
     1 1.31e+03     2 1.73e-05     3 3.39e-05     4 3.39e-05     5 3.39e-05     6 8.71e-06     7 8.71e-06     8 8.71e-06
     9 8.71e-06    10 6.19e-19    11 6.19e-19    12 6.19e-19    13 6.19e-19    14 6.19e-19    15 1.49e-18    16 1.49e-18
    17 1.49e-18    18 1.49e-18    19 1.49e-18    20 1.49e-18    21 3.13e-18    22 3.13e-18    23 3.13e-18    24 3.13e-18
    25 3.13e-18    26 3.13e-18    27 3.13e-18    28 6.01e-18    29 6.01e-18    30 6.01e-18    31 6.01e-18    32 6.01e-18
    33 6.01e-18    34 6.01e-18    35 6.01e-18    36 1.08e-17    37 1.08e-17    38 1.08e-17    39 1.08e-17    40 1.08e-17
    41 1.08e-17    42 1.08e-17    43 1.08e-17    44 1.08e-17    45 1.83e-17    46 1.83e-17    47 1.83e-17    48 1.83e-17
    49 1.83e-17    50 1.83e-17    51 1.83e-17    52 1.83e-17    53 1.83e-17    54 1.83e-17
     1 1.31e+03     2 1.73e-05     3 3.39e-05     4 3.39e-05     5 3.39e-05     6 8.71e-06     7 8.71e-06     8 8.71e-06
     9 8.71e-06    10 6.19e-19    11 6.19e-19    12 6.19e-19    13 6.19e-19    14 6.19e-19    15 1.49e-18    16 1.49e-18
    17 1.49e-18    18 1.49e-18    19 1.49e-18    20 1.49e-18    21 3.13e-18    22 3.13e-18    23 3.13e-18    24 3.13e-18
    25 3.13e-18    26 3.13e-18    27 3.13e-18    28 6.01e-18    29 6.01e-18    30 6.01e-18    31 6.01e-18    32 6.01e-18
    33 6.01e-18    34 6.01e-18    35 6.01e-18    36 1.08e-17    37 1.08e-17    38 1.08e-17    39 1.08e-17    40 1.08e-17
    41 1.08e-17    42 1.08e-17    43 1.08e-17    44 1.08e-17    45 1.83e-17    46 1.83e-17    47 1.83e-17    48 1.83e-17
    49 1.83e-17    50 1.83e-17    51 1.83e-17    52 1.83e-17    53 1.83e-17    54 1.83e-17

 Old, new H  1 mean line optical depths:
  2- 1 1.65e+08  3- 2 8.59e-10  4- 3 2.98e-16  5- 4 1.04e-15  6- 5 1.75e-15  7- 6 2.71e-15  8- 7 1.28e-15
  9- 8 6.16e-15 10- 9 1.42e-14 11-10 2.36e-13 12-11 0.00e+00 13-12 0.00e+00 14-13 0.00e+00 15-14 0.00e+00 16-15 0.00e+00
 17-16 0.00e+00 18-17 0.00e+00 19-18 0.00e+00 20-19 0.00e+00 21-20 0.00e+00 22-21 0.00e+00 23-22 0.00e+00 24-23 0.00e+00
 25-24 0.00e+00
  2- 1 1.65e+08  3- 2 8.59e-10  4- 3 2.98e-16  5- 4 1.04e-15  6- 5 1.75e-15  7- 6 2.71e-15  8- 7 1.28e-15
  9- 8 6.16e-15 10- 9 1.42e-14 11-10 2.36e-13 12-11 0.00e+00 13-12 0.00e+00 14-13 0.00e+00 15-14 0.00e+00 16-15 0.00e+00
 17-16 0.00e+00 18-17 0.00e+00 19-18 0.00e+00 20-19 0.00e+00 21-20 0.00e+00 22-21 0.00e+00 23-22 0.00e+00 24-23 0.00e+00
 25-24 0.00e+00

 Old, new He 2 continuum optical depths:
     1 7.32e+01     2 1.31e+03     3 1.52e-05     4 1.52e-05     5 1.52e-05     6 1.73e-05     7 1.73e-05     8 1.73e-05
     9 1.73e-05    10 2.75e-05    11 2.75e-05    12 2.75e-05    13 2.75e-05    14 2.75e-05    15 3.39e-05    16 3.39e-05
    17 3.39e-05    18 3.39e-05    19 3.39e-05    20 3.39e-05    21 2.84e-05    22 2.84e-05    23 2.84e-05    24 2.84e-05
    25 2.84e-05    26 2.84e-05    27 2.84e-05    28 8.71e-06    29 8.71e-06    30 8.71e-06    31 8.71e-06    32 8.71e-06
    33 8.71e-06    34 8.71e-06    35 8.71e-06    36 3.54e-19    37 3.54e-19    38 3.54e-19    39 3.54e-19    40 3.54e-19
    41 3.54e-19    42 3.54e-19    43 3.54e-19    44 3.54e-19    45 6.19e-19    46 6.19e-19    47 6.19e-19    48 6.19e-19
    49 6.19e-19    50 6.19e-19    51 6.19e-19    52 6.19e-19    53 6.19e-19    54 6.19e-19
     1 7.32e+01     2 1.31e+03     3 1.52e-05     4 1.52e-05     5 1.52e-05     6 1.73e-05     7 1.73e-05     8 1.73e-05
     9 1.73e-05    10 2.75e-05    11 2.75e-05    12 2.75e-05    13 2.75e-05    14 2.75e-05    15 3.39e-05    16 3.39e-05
    17 3.39e-05    18 3.39e-05    19 3.39e-05    20 3.39e-05    21 2.84e-05    22 2.84e-05    23 2.84e-05    24 2.84e-05
    25 2.84e-05    26 2.84e-05    27 2.84e-05    28 8.71e-06    29 8.71e-06    30 8.71e-06    31 8.71e-06    32 8.71e-06
    33 8.71e-06    34 8.71e-06    35 8.71e-06    36 3.54e-19    37 3.54e-19    38 3.54e-19    39 3.54e-19    40 3.54e-19
    41 3.54e-19    42 3.54e-19    43 3.54e-19    44 3.54e-19    45 6.19e-19    46 6.19e-19    47 6.19e-19    48 6.19e-19
    49 6.19e-19    50 6.19e-19    51 6.19e-19    52 6.19e-19    53 6.19e-19    54 6.19e-19

 Old, new He 2 mean line optical depths:
  2- 1 5.79e+05  3- 2 1.02e-12  4- 3 3.96e-18  5- 4 5.70e-18  6- 5 9.35e-18  7- 6 1.54e-17  8- 7 2.46e-17
  9- 8 3.26e-17 10- 9 1.27e-16 11-10 3.10e-15 12-11 0.00e+00 13-12 0.00e+00 14-13 0.00e+00 15-14 0.00e+00 16-15 0.00e+00
 17-16 0.00e+00 18-17 0.00e+00 19-18 0.00e+00 20-19 0.00e+00 21-20 0.00e+00 22-21 0.00e+00 23-22 0.00e+00 24-23 0.00e+00
 25-24 0.00e+00
  2- 1 5.79e+05  3- 2 1.02e-12  4- 3 3.96e-18  5- 4 5.70e-18  6- 5 9.35e-18  7- 6 1.54e-17  8- 7 2.46e-17
  9- 8 3.26e-17 10- 9 1.27e-16 11-10 3.10e-15 12-11 0.00e+00 13-12 0.00e+00 14-13 0.00e+00 15-14 0.00e+00 16-15 0.00e+00
 17-16 0.00e+00 18-17 0.00e+00 19-18 0.00e+00 20-19 0.00e+00 21-20 0.00e+00 22-21 0.00e+00 23-22 0.00e+00 24-23 0.00e+00
 25-24 0.00e+00

 Old He Is optical depths:    1 4.03e+02    2 1.13e-05    3 1.43e-05    4 1.60e-05    5 1.60e-05
 New He Is optical depths:    1 4.03e+02    2 1.13e-05    3 1.43e-05    4 1.60e-05    5 1.60e-05
          Old He Is Lines:  584 1.04e+07 3889 6.11e-06 5016 6.11e-06 5876 6.11e-06
          New He Is Lines:  584 1.04e+07 3889 6.11e-06 5016 6.11e-06 5876 6.11e-06

==== H      compounds ====           Log10 column densities [cm^-2]
   H2        : 14.130   H2*       :  7.848   H2+       : 11.579   H3+       :  6.689
==== He     compounds ====
   HeH+      : 12.787
==== Li     compounds ====
   LiH       :  1.456   LiH+      :  2.022
==== C      compounds ====
   CH        :  7.271   CH+       :  8.496   CH2       :  0.936   CH2+      :  2.455   CH3       : -5.636   CH3+      : -4.488
   CH4       :-13.246   CH4+      :-15.118   CH5+      :-16.395   C2        :  1.706   C2+       :  2.838   C2H       : -5.337
   C2H+      : -3.333   C2H2      :-14.930   C2H2+     : -9.797   C2H3+     :-18.015   C3        :-14.718   C3+       : -9.297
   C3H       :-20.786   C3H+      :-15.646
==== N      compounds ====
   NH        :  8.636   NH+       :  8.708   NH2       :  1.227   NH2+      :  1.946   NH3       : -4.951   NH3+      : -5.379
   NH4+      :-15.690   CN        :  4.198   CN+       :  4.015   HCN       : -2.225   HCN+      : -2.288   HNC       : -3.358
   HCNH+     : -9.205   N2        :  5.242   N2+       :  4.562   N2H+      : -8.371
==== O      compounds ====
   OH        : 10.184   OH+       :  9.749   H2O       :  4.740   H2O+      :  3.097   H3O+      : -3.922   CO        :  8.603
   CO+       :  6.336   HCO+      :  1.604   NO        :  5.680   NO+       :  4.378   HNO       : -1.905   HNO+      : -2.435
   OCN       : -5.475   OCN+      : -4.322   N2O       : -6.313   O2        :  6.264   O2+       :  5.647   NO2       : -6.712
   NO2+      : -6.744
==== Ne     compounds ====
   NeH+      :  8.272
==== Si     compounds ====
   SiH       :  1.207   SiH2+     :  0.182   SiN       : -2.763   SiN+      :  3.374   SiO       :  3.453   SiO+      :  4.838
   SiOH+     : -0.887
==== S      compounds ====
   HS        :  5.227   HS+       :  7.641   CS        : -1.889   CS+       :  1.931   HCS+      : -4.490   NS        :  0.060
   NS+       :  3.128   SO        :  1.391   SO+       :  4.441   OCS       : -5.682   OCS+      : -7.728   S2        : -8.534
   S2+       : -9.771
==== Cl     compounds ====
   HCl       :  1.061   HCl+      :  6.603   H2Cl+     : -0.175   CCl       :-21.489   CCl+      : -3.073   H2CCl+    :-24.115
   ClO       :-29.411   ClO+      :-33.845
==== Ar     compounds ====
   ArH+      : 10.823


               1      2      3      4      5      6      7      8      9     10     11     12     13     14     15     16     17

 Hydrogen   20.316 20.053 14.130 (H2)                Log10 Column density (cm^-2)
 Helium     19.297 18.902 18.627
 Lithium     9.201 11.769 10.648 10.274
 Beryllium   7.870  9.742  9.385  8.559  7.478
 Boron       8.140 11.155 10.345 10.486  9.209  7.670
 Carbon     14.320 16.748 16.208 15.503 15.442 13.989 11.992
 Nitrogen   16.238 15.509 15.642 15.210 14.671 14.383 12.593 10.180
 Oxygen     17.010 16.178 16.387 16.028 15.501 14.987 14.387 12.213  9.329
 Fluorine   12.693 12.185 12.356 11.739 11.515 10.743  9.485  8.751  6.190  2.488
 Neon       16.171 15.786 15.895 15.289 15.014 14.363 13.158 12.042 10.911  7.562  4.058
 Sodium     13.230 14.611 14.231 13.726 13.497 12.628 11.750 10.268  8.541  7.432  3.733-30.000
 Magnesium  14.021 15.821 15.489 14.835 14.636 14.207 13.333 12.060 10.744  9.060  7.375  3.678-30.000
 Aluminium  11.154 14.736 14.129 14.259 13.750 13.363 12.514 11.404 10.119  8.321  5.622-30.000-30.000-30.000
 Silicon    13.271 15.936 15.013 14.749 14.710 14.395 13.949 12.984 10.905  8.988  6.114-30.000-30.000-30.000-30.000
 Phosphorus 11.050 13.864 13.271 12.593 12.430 12.461 11.950 11.115  9.764  8.040  5.321  2.988-30.000-30.000-30.000-30.000
 Sulphur    12.437 15.593 15.133 14.568 13.875 13.867 13.852 13.267 11.827 10.038  8.043  5.628-30.000-30.000-30.000-30.000-30.000
 Chlorine   10.962 13.576 13.215 12.681 12.137 11.607 11.333 11.290 10.404  9.038  6.910  4.018-30.000-30.000-30.000-30.000-30.000
-30.000
 Argon      14.454 14.364 14.297 13.697 13.478 12.892 11.891 11.822 11.424 10.225  8.527  6.330  3.723-30.000-30.000-30.000-30.000
-30.000-30.000
 Potassium  11.169 13.428 13.033 12.312 12.184 11.930 10.835 10.113  9.420  9.105  7.625  5.452  2.797-30.000-30.000-30.000-30.000
-30.000-30.000-30.000
 Calcium    11.540 14.076 14.701 13.851 13.356 13.132 12.599 11.468 10.354  9.894  9.185  7.418  4.449-30.000-30.000-30.000-30.000
-30.000-30.000-30.000-30.000
 Scandium    8.641 11.287 11.136 11.048 10.296  9.921  9.386  8.785  7.251  6.224  4.981  4.777  2.209-30.000-30.000-30.000-30.000
-30.000-30.000-30.000-30.000-30.000
 Titanium   10.358 13.346 12.569 12.740 12.159 11.736 11.194 10.644  9.608  8.123  6.772  5.897  5.092  2.418-30.000-30.000-30.000
-30.000-30.000-30.000-30.000-30.000-30.000
 Vanadium   10.237 12.308 11.707 11.391 11.366 11.128 10.350  9.703  8.667  7.727  5.548  4.827  3.266-30.000-30.000-30.000-30.000
-30.000-30.000-30.000-30.000-30.000-30.000-30.000
 Chromium   11.053 14.010 13.299 13.027 12.924 12.733 12.409 11.607 10.552  9.585  8.072  6.329  5.007-30.000-30.000-30.000-30.000
-30.000-30.000-30.000-30.000-30.000-30.000-30.000-30.000
 Manganese  11.160 13.800 13.078 12.778 12.770 12.558 12.120 11.015 10.030  8.982  7.504  6.344  3.396-30.000-30.000-30.000-30.000
-30.000-30.000-30.000-30.000-30.000-30.000-30.000-30.000-30.000
 Iron       12.764 15.801 14.844 14.973 14.678 14.542 14.278 13.558 11.918 10.556  8.574  6.355-30.000-30.000-30.000-30.000-30.000
-30.000-30.000-30.000-30.000-30.000-30.000-30.000-30.000-30.000-30.000
 Cobalt     11.654 13.272 12.191 12.305 12.308 12.070 11.704 11.259 10.279  9.193  7.632  6.439  4.491  2.922-30.000-30.000-30.000
-30.000-30.000-30.000-30.000-30.000-30.000-30.000-30.000-30.000-30.000-30.000
 Nickel     11.944 14.616 13.677 13.532 13.484 13.429 13.059 12.683 11.816 10.803  9.036  7.921  6.081  4.363-30.000-30.000-30.000
-30.000-30.000-30.000-30.000-30.000-30.000-30.000-30.000-30.000-30.000-30.000-30.000
 Copper     10.024 12.328 12.315 11.573 11.317 11.323 11.072 10.777  9.963  9.073  7.520  5.570  4.310  2.355-30.000-30.000-30.000
-30.000-30.000-30.000-30.000-30.000-30.000-30.000-30.000-30.000-30.000-30.000-30.000-30.000
 Zinc       10.803 12.553 12.527 12.517 12.143 11.757 11.454 11.242 10.448  9.641  8.190  6.836  5.137  3.081-30.000-30.000-30.000
-30.000-30.000-30.000-30.000-30.000-30.000-30.000-30.000-30.000-30.000-30.000-30.000-30.000-30.000
 Exc state                  He[2]  7.719                 C+[2] 11.766                  C[1] 14.320                  C[2] 11.022
                             C[3] 10.361                  O[1] 17.010                  O[2]  8.744                  O[3]  8.776
                           Si+[1] 15.936                C+2[2] 11.514                C+2[3]  0.523                C+2[4]  5.004


 Hydrogen   -0.012 -1.562 -6.001 (H2)                 Log10 Mean Ionisation (over volume)
 Helium     -0.017 -1.454 -2.649
 Lithium    -2.452 -0.002 -3.080 -3.951
 Beryllium  -2.120 -0.024 -1.354 -3.023 -5.185
 Boron      -3.011 -0.010 -2.123 -1.817 -4.523 -6.562
 Carbon     -2.331 -0.010 -1.777 -3.251 -3.854 -5.741 -7.935
 Nitrogen   -0.013 -1.684 -2.126 -3.090 -4.149 -4.839 -6.847 -9.366
 Oxygen     -0.010 -1.880 -2.100 -3.100 -4.073 -4.953 -5.773 -8.068-11.062
 Fluorine   -0.053 -1.046 -1.623 -3.150 -3.791 -4.957 -6.466 -7.273 -9.941-13.743
 Neon       -0.077 -0.868 -1.571 -3.061 -3.829 -4.891 -6.331 -7.516 -8.712-12.195-15.693
 Sodium     -1.319 -0.049 -1.240 -2.817 -3.502 -4.909 -6.048 -7.635 -9.424-10.578-14.349
 Magnesium  -1.873 -0.046 -1.062 -2.966 -3.617 -4.445 -5.619 -7.035 -8.410-10.146-11.908-15.614
 Aluminium  -3.649 -0.075 -1.001 -1.234 -3.070 -4.066 -5.267 -6.578 -7.947 -9.797-12.599
 Silicon    -2.551 -0.004 -2.333 -2.795 -3.299 -4.110 -4.897 -6.052 -8.236-10.203-13.177
 Phosphorus -2.753 -0.035 -1.130 -2.885 -3.521 -3.903 -4.825 -5.873 -7.325 -9.105-11.926-14.269
 Sulphur    -3.181 -0.028 -1.221 -2.916 -3.970 -4.231 -4.599 -5.447 -7.010 -8.852-10.917-13.388
 Chlorine   -2.552 -0.050 -0.983 -2.813 -3.855 -4.682 -5.138 -5.430 -6.450 -7.877-10.048-13.014
 Argon      -0.205 -0.458 -1.568 -2.905 -3.627 -4.594 -5.793 -5.995 -6.525 -7.804 -9.543-11.812-14.428
 Potassium  -2.174 -0.053 -0.978 -3.051 -2.912 -4.232 -5.609 -6.398 -7.221 -7.581 -9.139-11.393-14.075
 Calcium    -3.100 -0.614 -0.126 -2.106 -3.524 -4.230 -5.043 -6.325 -7.517 -8.030 -8.783-10.628-13.662
 Scandium   -2.743 -0.172 -0.515 -1.729 -2.932 -4.189 -5.043 -5.830 -7.468 -8.521 -9.818-10.036-12.713
 Titanium   -2.859 -0.014 -1.657 -2.173 -2.969 -4.252 -5.107 -5.840 -6.964 -8.497 -9.892-10.808-11.657-14.354
 Vanadium   -1.998 -0.021 -1.506 -2.487 -2.789 -3.620 -4.793 -5.659 -6.844 -7.841-10.104-10.857-12.486
 Chromium   -2.885 -0.008 -1.908 -2.572 -2.986 -3.582 -4.314 -5.406 -6.581 -7.637 -9.202-11.031-12.415
 Manganese  -2.473 -0.008 -1.930 -2.602 -2.913 -3.567 -4.419 -5.794 -6.881 -8.039 -9.572-10.799-13.815
 Iron       -2.876 -0.006 -2.146 -2.298 -3.022 -3.504 -4.196 -5.227 -7.034 -8.409-10.526-12.846
 Cobalt     -1.540 -0.018 -2.304 -2.418 -2.694 -3.391 -4.108 -4.914 -6.103 -7.274 -8.896-10.130-12.185-13.750
 Nickel     -2.511 -0.006 -2.192 -2.601 -2.951 -3.367 -4.074 -4.794 -5.879 -6.994 -8.823 -9.971-11.910-13.639
 Copper     -2.427 -0.168 -0.504 -2.515 -3.146 -3.435 -4.007 -4.574 -5.632 -6.659 -8.288-10.295-11.628-13.606
 Zinc       -1.981 -0.271 -0.574 -0.818 -1.462 -3.295 -3.953 -4.475 -5.525 -6.477 -8.004 -9.397-11.173-13.271

               1      2      3      4      5      6      7      8      9     10     11     12     13     14     15     16     17

 Hydrogen   -0.046 -0.999 -5.998 (H2)                 Log10 Mean Ionisation (over area)
 Helium     -0.055 -0.994 -1.743
 Lithium    -2.496 -0.006 -2.079 -2.707
 Beryllium  -2.082 -0.054 -0.983 -2.279 -3.767
 Boron      -3.045 -0.032 -1.476 -1.430 -3.289 -5.022
 Carbon     -2.399 -0.033 -1.206 -2.281 -2.614 -4.256 -6.334
 Nitrogen   -0.049 -1.249 -1.394 -2.118 -2.915 -3.382 -5.263 -7.720
 Oxygen     -0.043 -1.371 -1.384 -2.081 -2.840 -3.520 -4.212 -6.437 -9.369
 Fluorine   -0.109 -0.891 -1.083 -2.145 -2.587 -3.542 -4.907 -5.671 -8.275-12.024
 Neon       -0.140 -0.758 -1.045 -2.086 -2.614 -3.456 -4.760 -5.905 -7.062-10.473-13.974
 Sodium     -1.394 -0.085 -0.916 -1.909 -2.383 -3.506 -4.491 -6.015 -7.768 -8.896-12.629
 Magnesium  -1.912 -0.085 -0.817 -2.029 -2.463 -3.086 -4.092 -5.425 -6.766 -8.472-10.193-13.895
 Aluminium  -3.700 -0.114 -0.908 -1.009 -2.109 -2.795 -3.799 -4.993 -6.313 -8.133-10.880
 Silicon    -2.607 -0.020 -1.613 -1.998 -2.268 -2.826 -3.428 -4.475 -6.599 -8.537-11.458
 Phosphorus -2.808 -0.055 -0.978 -2.143 -2.507 -2.680 -3.377 -4.304 -5.697 -7.446-10.212-12.549
 Sulphur    -3.218 -0.056 -0.965 -2.014 -2.904 -3.027 -3.201 -3.896 -5.389 -7.201 -9.227-11.668
 Chlorine   -2.625 -0.083 -0.806 -1.917 -2.722 -3.398 -3.746 -3.888 -4.829 -6.221 -8.368-11.295
 Argon      -0.265 -0.452 -1.045 -2.008 -2.491 -3.262 -4.349 -4.467 -4.919 -6.151 -7.867-10.097-12.708
 Potassium  -2.249 -0.082 -0.818 -2.131 -2.338 -2.915 -4.138 -4.885 -5.632 -5.966 -7.478 -9.687-12.355
 Calcium    -3.169 -0.657 -0.124 -1.626 -2.494 -2.936 -3.594 -4.788 -5.933 -6.415 -7.142 -8.943-11.943
 Scandium   -2.825 -0.223 -0.492 -1.155 -2.235 -2.935 -3.611 -4.285 -5.862 -6.899 -8.164 -8.374-10.993
 Titanium   -2.945 -0.045 -1.281 -1.422 -2.237 -2.982 -3.662 -4.284 -5.357 -6.861 -8.231 -9.124 -9.950-12.635
 Vanadium   -2.071 -0.055 -1.123 -1.730 -1.916 -2.456 -3.424 -4.167 -5.261 -6.224 -8.437 -9.172-10.766
 Chromium   -2.949 -0.036 -1.314 -1.789 -2.063 -2.466 -2.991 -3.920 -5.027 -6.029 -7.563 -9.344-10.695
 Manganese  -2.568 -0.036 -1.327 -1.823 -2.001 -2.444 -3.084 -4.306 -5.335 -6.426 -7.925 -9.115-12.096
 Iron       -2.965 -0.032 -1.544 -1.567 -2.087 -2.409 -2.885 -3.746 -5.457 -6.823 -8.860-11.127
 Cobalt     -1.601 -0.039 -1.684 -1.691 -1.850 -2.324 -2.874 -3.481 -4.548 -5.670 -7.255 -8.465-10.463-12.031
 Nickel     -2.594 -0.028 -1.551 -1.834 -2.045 -2.291 -2.838 -3.374 -4.333 -5.389 -7.181 -8.310-10.196-11.919
 Copper     -2.502 -0.223 -0.435 -1.752 -2.201 -2.353 -2.772 -3.200 -4.121 -5.069 -6.653 -8.626 -9.920-11.886
 Zinc       -2.074 -0.348 -0.545 -0.708 -1.265 -2.267 -2.754 -3.115 -4.021 -4.888 -6.371 -7.741 -9.475-11.551

               1      2      3      4      5      6      7      8      9     10     11     12     13     14     15     16     17

 Hydrogen   -0.189 -0.452 -6.074 (H2)                 Log10 Mean Ionisation (over radius)
 Helium     -0.209 -0.604 -0.879
 Lithium    -2.614 -0.045 -1.167 -1.541
 Beryllium  -2.055 -0.183 -0.541 -1.366 -2.447
 Boron      -3.156 -0.140 -0.951 -0.810 -2.087 -3.625
 Carbon     -2.574 -0.146 -0.686 -1.392 -1.452 -2.906 -4.902
 Nitrogen   -0.197 -0.926 -0.793 -1.226 -1.765 -2.052 -3.843 -6.256
 Oxygen     -0.185 -1.018 -0.809 -1.167 -1.695 -2.208 -2.808 -4.982 -7.866
 Fluorine   -0.292 -0.800 -0.630 -1.247 -1.471 -2.242 -3.500 -4.234 -6.795-10.497
 Neon       -0.335 -0.719 -0.610 -1.216 -1.492 -2.142 -3.348 -4.464 -5.595 -8.943-12.447
 Sodium     -1.606 -0.225 -0.604 -1.110 -1.339 -2.208 -3.086 -4.567 -6.295 -7.404-11.102
 Magnesium  -2.025 -0.225 -0.557 -1.211 -1.410 -1.838 -2.713 -3.985 -5.302 -6.986 -8.671-12.368
 Aluminium  -3.821 -0.239 -0.846 -0.716 -1.225 -1.612 -2.461 -3.571 -4.856 -6.654 -9.353
 Silicon    -2.774 -0.109 -1.032 -1.296 -1.336 -1.650 -2.097 -3.062 -5.141 -7.057 -9.931
 Phosphorus -2.960 -0.146 -0.740 -1.418 -1.580 -1.549 -2.060 -2.896 -4.246 -5.971 -8.689-11.023
 Sulphur    -3.333 -0.177 -0.637 -1.202 -1.895 -1.903 -1.918 -2.503 -3.943 -5.732 -7.727-10.142
 Chlorine   -2.824 -0.211 -0.572 -1.105 -1.649 -2.179 -2.453 -2.497 -3.382 -4.748 -6.876 -9.768
 Argon      -0.451 -0.540 -0.608 -1.208 -1.427 -2.013 -3.013 -3.083 -3.480 -4.680 -6.378 -8.575-11.181
 Potassium  -2.457 -0.198 -0.593 -1.313 -1.441 -1.696 -2.791 -3.513 -4.206 -4.521 -6.001 -8.174-10.829
 Calcium    -3.325 -0.789 -0.164 -1.014 -1.509 -1.733 -2.266 -3.397 -4.511 -4.971 -5.680 -7.447-10.416
 Scandium   -3.034 -0.389 -0.539 -0.627 -1.380 -1.755 -2.289 -2.890 -4.425 -5.451 -6.695 -6.899 -9.467
 Titanium   -3.169 -0.180 -0.958 -0.787 -1.367 -1.791 -2.332 -2.882 -3.918 -5.403 -6.755 -7.630 -8.434-11.108
 Vanadium   -2.268 -0.197 -0.798 -1.114 -1.139 -1.377 -2.155 -2.802 -3.838 -4.778 -6.958 -7.678 -9.239
 Chromium   -3.122 -0.166 -0.877 -1.148 -1.251 -1.442 -1.767 -2.568 -3.624 -4.590 -6.103 -7.847 -9.168
 Manganese  -2.805 -0.164 -0.886 -1.187 -1.195 -1.406 -1.845 -2.949 -3.934 -4.983 -6.460 -7.620-10.569
 Iron       -3.191 -0.154 -1.112 -0.983 -1.277 -1.413 -1.678 -2.397 -4.038 -5.399 -7.382 -9.600
 Cobalt     -1.772 -0.154 -1.234 -1.120 -1.117 -1.355 -1.721 -2.166 -3.146 -4.232 -5.793 -6.986 -8.934-10.504
 Nickel     -2.812 -0.140 -1.078 -1.224 -1.272 -1.326 -1.696 -2.073 -2.939 -3.953 -5.719 -6.835 -8.674-10.392
 Copper     -2.691 -0.387 -0.399 -1.142 -1.398 -1.392 -1.643 -1.937 -2.751 -3.642 -5.195 -7.145 -8.405-10.359
 Zinc       -2.302 -0.552 -0.578 -0.588 -0.962 -1.349 -1.652 -1.863 -2.657 -3.464 -4.915 -6.269 -7.969-10.024

               1      2      3      4      5      6      7      8      9     10     11     12     13     14     15     16     17

 Hydrogen   -0.585 -0.131 -6.312 (H2)         Log10 Mean Ionisation (over volume*electron density)
 Helium     -0.687 -0.157 -1.008
 Lithium    -2.637 -0.022 -1.392 -2.228
 Beryllium  -1.692 -0.403 -0.251 -1.625 -3.448
 Boron      -3.120 -0.264 -0.548 -0.770 -2.809 -4.814
 Carbon     -2.732 -0.309 -0.325 -1.569 -2.132 -3.995 -6.181
 Nitrogen   -0.666 -0.376 -0.495 -1.406 -2.427 -3.095 -5.095 -7.610
 Oxygen     -0.574 -0.453 -0.473 -1.403 -2.349 -3.211 -4.022 -6.314 -9.305
 Fluorine   -0.908 -0.646 -0.217 -1.456 -2.071 -3.217 -4.716 -5.520 -8.184-11.986
 Neon       -0.967 -0.660 -0.206 -1.373 -2.106 -3.149 -4.579 -5.762 -6.956-10.437-13.936
 Sodium     -2.230 -0.490 -0.235 -1.144 -1.794 -3.171 -4.297 -5.881 -7.668 -8.821-12.591
 Magnesium  -1.955 -0.431 -0.258 -1.285 -1.901 -2.708 -3.870 -5.281 -6.655 -8.389-10.150-13.856
 Aluminium  -3.754 -0.314 -0.762 -0.529 -1.393 -2.339 -3.522 -4.826 -6.192 -8.041-10.842
 Silicon    -3.009 -0.151 -0.709 -1.172 -1.602 -2.380 -3.152 -4.300 -6.481 -8.447-11.420
 Phosphorus -3.114 -0.193 -0.536 -1.354 -1.832 -2.181 -3.082 -4.121 -5.570 -7.349-10.169-12.511
 Sulphur    -3.296 -0.343 -0.320 -1.249 -2.276 -2.513 -2.860 -3.696 -5.256 -7.097 -9.160-11.630
 Chlorine   -3.223 -0.396 -0.286 -1.149 -2.151 -2.959 -3.402 -3.681 -4.696 -6.122 -8.292-11.257
 Argon      -1.027 -0.785 -0.174 -1.237 -1.918 -2.864 -4.052 -4.247 -4.772 -6.048 -7.787-10.055-12.670
 Potassium  -3.028 -0.330 -0.327 -1.383 -1.822 -2.500 -3.866 -4.650 -5.468 -5.827 -7.383 -9.635-12.317
 Calcium    -3.304 -0.863 -0.142 -0.903 -1.867 -2.502 -3.301 -4.577 -5.765 -6.277 -7.028 -8.872-11.905
 Scandium   -3.403 -0.768 -0.569 -0.278 -1.556 -2.467 -3.304 -4.080 -5.715 -6.766 -8.062 -8.280-10.955
 Titanium   -3.745 -0.462 -0.474 -0.540 -1.565 -2.528 -3.366 -4.090 -5.211 -6.742 -8.136 -9.051 -9.900-12.597
 Vanadium   -2.658 -0.543 -0.317 -0.847 -1.133 -1.905 -3.058 -3.914 -5.092 -6.087 -8.347 -9.100-10.728
 Chromium   -3.314 -0.430 -0.353 -0.925 -1.311 -1.872 -2.582 -3.660 -4.831 -5.883 -7.447 -9.274-10.657
 Manganese  -3.429 -0.420 -0.361 -0.956 -1.243 -1.857 -2.687 -4.048 -5.132 -6.286 -7.817 -9.043-12.057
 Iron       -3.742 -0.346 -0.569 -0.671 -1.340 -1.796 -2.464 -3.481 -5.283 -6.657 -8.770-11.089
 Cobalt     -1.985 -0.287 -0.712 -0.786 -1.048 -1.687 -2.386 -3.172 -4.352 -5.521 -7.141 -8.374-10.427-11.992
 Nickel     -3.353 -0.257 -0.592 -0.956 -1.276 -1.660 -2.350 -3.053 -4.129 -5.240 -7.068 -8.215-10.153-11.881
 Copper     -2.932 -0.689 -0.222 -0.873 -1.459 -1.726 -2.280 -2.836 -3.884 -4.907 -6.533 -8.538 -9.870-11.848
 Zinc       -2.723 -0.984 -0.514 -0.362 -0.918 -1.597 -2.232 -2.739 -3.778 -4.725 -6.249 -7.641 -9.416-11.513

               1      2      3      4      5      6      7      8      9     10     11     12     13     14     15     16     17

 Hydrogen   -0.878 -0.062 -6.561 (H2)         Log10 Mean Ionisation (over area*electron density)
 Helium     -1.020 -0.158 -0.679
 Lithium    -2.721 -0.060 -0.994 -1.594
 Beryllium  -1.797 -0.586 -0.175 -1.267 -2.642
 Boron      -3.245 -0.411 -0.485 -0.557 -2.177 -3.891
 Carbon     -2.904 -0.464 -0.252 -1.201 -1.501 -3.128 -5.202
 Nitrogen   -1.005 -0.441 -0.371 -1.038 -1.803 -2.255 -4.130 -6.585
 Oxygen     -0.868 -0.510 -0.366 -0.994 -1.728 -2.394 -3.081 -5.303 -8.233
 Fluorine   -1.374 -0.744 -0.185 -1.060 -1.477 -2.418 -3.776 -4.538 -7.140-10.888
 Neon       -1.455 -0.770 -0.180 -1.006 -1.503 -2.330 -3.628 -4.772 -5.928 -9.337-12.838
 Sodium     -2.698 -0.677 -0.231 -0.842 -1.283 -2.382 -3.360 -4.881 -6.633 -7.761-11.493
 Magnesium  -2.072 -0.601 -0.241 -0.956 -1.358 -1.965 -2.962 -4.292 -5.632 -7.337 -9.057-12.758
 Aluminium  -3.856 -0.436 -0.778 -0.455 -1.032 -1.679 -2.671 -3.861 -5.179 -6.998 -9.744
 Silicon    -3.177 -0.265 -0.595 -0.956 -1.179 -1.710 -2.301 -3.343 -5.465 -7.402-10.322
 Phosphorus -3.250 -0.293 -0.464 -1.118 -1.421 -1.568 -2.251 -3.172 -4.564 -6.311 -9.076-11.413
 Sulphur    -3.432 -0.504 -0.271 -0.948 -1.810 -1.917 -2.077 -2.765 -4.255 -6.066 -8.092-10.532
 Chlorine   -3.489 -0.564 -0.258 -0.851 -1.619 -2.281 -2.622 -2.757 -3.695 -5.086 -7.233-10.159
 Argon      -1.455 -0.986 -0.156 -0.943 -1.388 -2.142 -3.222 -3.337 -3.786 -5.017 -6.732 -8.961-11.572
 Potassium  -3.423 -0.469 -0.291 -1.061 -1.363 -1.797 -3.011 -3.756 -4.500 -4.832 -6.343 -8.551-11.219
 Calcium    -3.423 -0.994 -0.193 -0.701 -1.404 -1.819 -2.468 -3.658 -4.800 -5.282 -6.008 -7.807-10.807
 Scandium   -3.681 -1.052 -0.695 -0.202 -1.208 -1.821 -2.486 -3.155 -4.729 -5.765 -7.030 -7.240 -9.857
 Titanium   -4.166 -0.692 -0.506 -0.393 -1.205 -1.867 -2.536 -3.153 -4.224 -5.727 -7.096 -7.989 -8.814-11.499
 Vanadium   -2.944 -0.802 -0.346 -0.699 -0.856 -1.350 -2.302 -3.038 -4.129 -5.091 -7.302 -8.037 -9.630
 Chromium   -3.521 -0.659 -0.354 -0.751 -0.992 -1.366 -1.872 -2.792 -3.896 -4.896 -6.429 -8.208 -9.559
 Manganese  -3.911 -0.644 -0.361 -0.786 -0.932 -1.343 -1.964 -3.178 -4.204 -5.293 -6.791 -7.980-10.959
 Iron       -4.135 -0.547 -0.576 -0.544 -1.014 -1.311 -1.767 -2.618 -4.325 -5.691 -7.725 -9.991
 Cobalt     -2.198 -0.469 -0.701 -0.670 -0.796 -1.230 -1.761 -2.355 -3.417 -4.537 -6.121 -7.330 -9.327-10.894
 Nickel     -3.731 -0.429 -0.560 -0.801 -0.978 -1.195 -1.726 -2.249 -3.202 -4.256 -6.047 -7.175 -9.060-10.783
 Copper     -3.166 -0.941 -0.273 -0.720 -1.127 -1.257 -1.659 -2.078 -2.991 -3.936 -5.519 -7.491 -8.784-10.750
 Zinc       -3.028 -1.287 -0.619 -0.364 -0.760 -1.178 -1.644 -1.994 -2.892 -3.756 -5.237 -6.607 -8.339-10.415

               1      2      3      4      5      6      7      8      9     10     11     12     13     14     15     16     17

 Hydrogen   -1.255 -0.025 -6.937 (H2)         Log10 Mean Ionisation (over radius*electron density)
 Helium     -1.417 -0.267 -0.376
 Lithium    -2.898 -0.167 -0.658 -1.009
 Beryllium  -2.038 -0.845 -0.157 -0.859 -1.907
 Boron      -3.485 -0.645 -0.523 -0.352 -1.553 -3.082
 Carbon     -3.170 -0.700 -0.264 -0.885 -0.920 -2.365 -4.358
 Nitrogen   -1.428 -0.646 -0.341 -0.719 -1.233 -1.512 -3.299 -5.710
 Oxygen     -1.253 -0.708 -0.364 -0.658 -1.164 -1.669 -2.265 -4.437 -7.320
 Fluorine   -1.917 -0.962 -0.251 -0.739 -0.942 -1.703 -2.957 -3.690 -6.250 -9.950
 Neon       -2.019 -0.995 -0.252 -0.712 -0.962 -1.603 -2.804 -3.919 -5.049 -8.397-11.900
 Sodium     -3.195 -0.936 -0.333 -0.616 -0.816 -1.669 -2.543 -4.023 -5.750 -6.858-10.556
 Magnesium  -2.303 -0.855 -0.323 -0.714 -0.886 -1.302 -2.170 -3.441 -4.757 -6.440 -8.124-11.821
 Aluminium  -4.068 -0.653 -0.885 -0.444 -0.719 -1.079 -1.920 -3.027 -4.311 -6.108 -8.806
 Silicon    -3.419 -0.478 -0.587 -0.821 -0.823 -1.118 -1.556 -2.518 -4.596 -6.512 -9.384
 Phosphorus -3.466 -0.481 -0.471 -0.938 -1.069 -1.019 -1.520 -2.352 -3.702 -5.425 -8.143-10.476
 Sulphur    -3.688 -0.749 -0.312 -0.706 -1.375 -1.374 -1.380 -1.960 -3.398 -5.187 -7.181 -9.595
 Chlorine   -3.804 -0.815 -0.321 -0.609 -1.123 -1.644 -1.914 -1.954 -2.838 -4.202 -6.330 -9.221
 Argon      -1.953 -1.277 -0.239 -0.714 -0.902 -1.476 -2.473 -2.541 -2.936 -4.135 -5.832 -8.028-10.635
 Potassium  -3.826 -0.692 -0.345 -0.817 -0.935 -1.161 -2.250 -2.971 -3.662 -3.976 -5.455 -7.627-10.282
 Calcium    -3.657 -1.222 -0.320 -0.560 -0.991 -1.199 -1.726 -2.854 -3.967 -4.427 -5.135 -6.901 -9.869
 Scandium   -4.031 -1.416 -0.923 -0.203 -0.877 -1.222 -1.749 -2.347 -3.880 -4.907 -6.149 -6.353 -8.920
 Titanium   -4.612 -1.015 -0.663 -0.326 -0.863 -1.257 -1.792 -2.339 -3.374 -4.858 -6.209 -7.084 -7.888-10.561
 Vanadium   -3.298 -1.146 -0.505 -0.658 -0.649 -0.851 -1.618 -2.260 -3.294 -4.234 -6.412 -7.132 -8.693
 Chromium   -3.829 -0.986 -0.487 -0.687 -0.755 -0.921 -1.231 -2.027 -3.080 -4.046 -5.558 -7.301 -8.622
 Manganese  -4.419 -0.967 -0.494 -0.726 -0.700 -0.884 -1.308 -2.408 -3.391 -4.438 -5.915 -7.074-10.022
 Iron       -4.554 -0.855 -0.721 -0.536 -0.782 -0.894 -1.143 -1.856 -3.494 -4.856 -6.836 -9.053
 Cobalt     -2.513 -0.764 -0.833 -0.677 -0.636 -0.839 -1.190 -1.626 -2.603 -3.688 -5.248 -6.441 -8.387 -9.957
 Nickel     -4.132 -0.713 -0.667 -0.770 -0.783 -0.811 -1.166 -1.533 -2.397 -3.408 -5.174 -6.289 -8.127 -9.846
 Copper     -3.497 -1.284 -0.442 -0.688 -0.903 -0.876 -1.113 -1.400 -2.209 -3.098 -4.650 -6.599 -7.859 -9.813
 Zinc       -3.387 -1.644 -0.837 -0.470 -0.665 -0.838 -1.124 -1.326 -2.115 -2.920 -4.370 -5.724 -7.422 -9.477

               1      2      3      4      5      6      7      8      9     10     11     12     13     14     15     16     17

 Hydrogen    2.297  3.795  2.600 (H2)                  Log10 Mean Temperature (over volume)
 Helium      2.225  3.712  3.954
 Lithium     2.400  2.550  3.991  4.074
 Beryllium   2.957  2.366  3.472  3.751  4.142
 Boron       2.496  2.439  3.884  3.381  4.066  4.199
 Carbon      2.298  2.413  3.786  3.981  4.072  4.173  4.230
 Nitrogen    2.256  3.756  3.914  3.982  4.071  4.160  4.222  4.254
 Oxygen      2.304  3.847  3.911  4.001  4.071  4.150  4.209  4.246  4.279
 Fluorine    2.098  3.027  3.792  3.997  4.062  4.142  4.209  4.231  4.264  4.291
 Neon        2.072  2.843  3.775  3.986  4.066  4.151  4.215  4.235  4.255  4.293  4.291
 Sodium      2.051  2.303  3.447  3.963  4.031  4.137  4.208  4.240  4.259  4.272  4.291
 Magnesium   2.510  2.329  3.249  3.974  4.046  4.119  4.193  4.235  4.252  4.268  4.289  4.291
 Aluminium   2.480  2.404  2.751  3.163  3.977  4.085  4.165  4.222  4.247  4.264  4.291
 Silicon     2.240  2.489  3.914  3.913  4.003  4.091  4.166  4.218  4.249  4.265  4.291
 Phosphorus  2.317  2.476  2.996  3.842  3.995  4.067  4.157  4.214  4.244  4.261  4.289  4.291
 Sulphur     2.506  2.397  3.284  3.958  4.010  4.059  4.135  4.205  4.241  4.256  4.277  4.291
 Chlorine    2.159  2.377  3.113  3.955  4.033  4.087  4.132  4.201  4.241  4.259  4.272  4.291
 Argon       2.134  2.448  3.790  3.958  4.036  4.106  4.154  4.193  4.233  4.257  4.270  4.289  4.291
 Potassium   2.081  2.408  3.070  3.961  3.453  4.102  4.167  4.186  4.223  4.237  4.262  4.284  4.291
 Calcium     2.391  2.394  2.564  3.509  3.972  4.093  4.156  4.198  4.222  4.237  4.251  4.275  4.291
 Scandium    2.183  2.254  2.602  3.784  3.688  4.076  4.148  4.202  4.233  4.241  4.258  4.262  4.291
 Titanium    2.062  2.345  3.596  3.917  3.723  4.083  4.154  4.207  4.233  4.248  4.262  4.274  4.286  4.291
 Vanadium    2.190  2.306  3.602  3.918  3.947  4.048  4.122  4.176  4.221  4.238  4.264  4.274  4.291
 Chromium    2.316  2.373  3.890  3.925  3.968  4.032  4.105  4.173  4.206  4.233  4.250  4.275  4.291
 Manganese   2.027  2.378  3.901  3.924  3.963  4.033  4.109  4.174  4.202  4.236  4.254  4.274  4.291
 Iron        2.065  2.409  3.903  3.904  3.974  4.025  4.100  4.171  4.218  4.222  4.265  4.291
 Cobalt      2.307  2.442  3.889  3.906  3.930  4.016  4.071  4.149  4.207  4.232  4.251  4.264  4.293  4.291
 Nickel      2.076  2.448  3.889  3.919  3.964  4.021  4.073  4.144  4.202  4.232  4.251  4.262  4.289  4.291
 Copper      2.302  2.324  2.764  3.919  3.980  4.024  4.073  4.125  4.185  4.225  4.248  4.266  4.285  4.291
 Zinc        2.135  2.167  2.669  2.901  2.950  4.004  4.060  4.119  4.182  4.224  4.247  4.259  4.281  4.291

               1      2      3      4      5      6      7      8      9     10     11     12     13     14     15     16     17

 Hydrogen    2.590  3.898  2.950 (H2)                  Log10 Mean Temperature (over area)
 Helium      2.477  3.835  4.006
 Lithium     2.846  3.016  4.026  4.118
 Beryllium   3.394  2.721  3.763  3.985  4.186
 Boron       2.929  2.824  3.912  3.813  4.131  4.224
 Carbon      2.680  2.788  3.891  4.018  4.116  4.201  4.242
 Nitrogen    2.521  3.850  3.929  4.018  4.112  4.191  4.236  4.259
 Oxygen      2.599  3.880  3.923  4.029  4.110  4.182  4.228  4.254  4.279
 Fluorine    2.251  3.332  3.871  4.024  4.099  4.177  4.229  4.244  4.267  4.291
 Neon        2.204  3.173  3.854  4.014  4.102  4.183  4.232  4.247  4.261  4.293  4.291
 Sodium      2.183  2.639  3.696  3.990  4.072  4.176  4.228  4.250  4.264  4.274  4.291
 Magnesium   2.959  2.687  3.582  3.998  4.077  4.153  4.215  4.246  4.259  4.271  4.289  4.291
 Aluminium   2.943  2.815  3.167  3.556  4.016  4.125  4.195  4.237  4.255  4.267  4.291
 Silicon     2.585  2.900  3.926  3.956  4.034  4.123  4.192  4.233  4.256  4.268  4.291
 Phosphorus  2.709  2.897  3.475  3.953  4.031  4.105  4.185  4.230  4.252  4.265  4.289  4.291
 Sulphur     2.936  2.770  3.656  3.993  4.057  4.101  4.169  4.223  4.250  4.262  4.278  4.291
 Chlorine    2.433  2.745  3.530  3.992  4.081  4.139  4.173  4.221  4.250  4.264  4.274  4.291
 Argon       2.333  2.776  3.871  3.989  4.078  4.153  4.193  4.217  4.246  4.263  4.272  4.289  4.291
 Potassium   2.259  2.797  3.507  3.996  3.946  4.141  4.199  4.212  4.239  4.249  4.266  4.285  4.291
 Calcium     2.841  2.804  3.016  3.846  4.048  4.133  4.190  4.221  4.237  4.248  4.258  4.276  4.291
 Scandium    2.481  2.551  2.984  3.889  3.972  4.124  4.187  4.223  4.245  4.250  4.262  4.265  4.291
 Titanium    2.232  2.674  3.778  3.938  3.981  4.128  4.190  4.227  4.246  4.256  4.266  4.275  4.286  4.291
 Vanadium    2.479  2.612  3.778  3.933  3.982  4.085  4.162  4.208  4.237  4.249  4.268  4.275  4.291
 Chromium    2.684  2.708  3.902  3.941  3.995  4.066  4.143  4.202  4.228  4.246  4.257  4.277  4.291
 Manganese   2.158  2.716  3.905  3.939  3.993  4.070  4.149  4.204  4.226  4.248  4.260  4.275  4.291
 Iron        2.247  2.764  3.904  3.922  3.996  4.056  4.136  4.200  4.235  4.238  4.267  4.291
 Cobalt      2.664  2.811  3.895  3.918  3.967  4.047  4.113  4.184  4.227  4.245  4.258  4.267  4.293  4.291
 Nickel      2.263  2.823  3.897  3.931  3.985  4.047  4.109  4.177  4.223  4.245  4.258  4.265  4.289  4.291
 Copper      2.666  2.665  3.189  3.932  3.997  4.047  4.105  4.160  4.210  4.240  4.256  4.268  4.286  4.291
 Zinc        2.407  2.440  3.072  3.341  3.460  4.031  4.094  4.155  4.208  4.238  4.255  4.263  4.281  4.291

               1      2      3      4      5      6      7      8      9     10     11     12     13     14     15     16     17

 Hydrogen    2.898  3.974  3.230 (H2)                  Log10 Mean Temperature (over radius)
 Helium      2.762  3.892  4.065
 Lithium     3.307  3.465  4.065  4.160
 Beryllium   3.684  3.093  3.916  4.105  4.214
 Boron       3.333  3.208  3.935  4.007  4.182  4.240
 Carbon      3.105  3.169  3.939  4.058  4.156  4.222  4.252
 Nitrogen    2.806  3.886  3.954  4.061  4.151  4.214  4.247  4.264
 Oxygen      2.906  3.895  3.942  4.063  4.149  4.207  4.241  4.260  4.280
 Fluorine    2.445  3.550  3.914  4.056  4.139  4.205  4.243  4.254  4.270  4.291
 Neon        2.379  3.433  3.903  4.047  4.139  4.208  4.244  4.256  4.266  4.293  4.291
 Sodium      2.382  3.013  3.830  4.024  4.117  4.205  4.242  4.258  4.268  4.276  4.291
 Magnesium   3.376  3.077  3.785  4.026  4.112  4.184  4.232  4.255  4.264  4.273  4.289  4.291
 Aluminium   3.383  3.237  3.527  3.817  4.058  4.162  4.217  4.248  4.262  4.270  4.291
 Silicon     3.005  3.292  3.944  3.988  4.068  4.154  4.213  4.244  4.262  4.270  4.291
 Phosphorus  3.147  3.310  3.793  4.006  4.067  4.140  4.208  4.242  4.259  4.269  4.289  4.291
 Sulphur     3.333  3.153  3.851  4.030  4.102  4.139  4.195  4.236  4.257  4.266  4.279  4.291
 Chlorine    2.798  3.128  3.788  4.032  4.125  4.179  4.203  4.236  4.257  4.268  4.276  4.291
 Argon       2.582  3.089  3.912  4.026  4.120  4.188  4.219  4.234  4.255  4.267  4.274  4.289  4.291
 Potassium   2.526  3.195  3.782  4.028  4.088  4.175  4.222  4.231  4.250  4.257  4.270  4.285  4.291
 Calcium     3.297  3.225  3.443  3.974  4.092  4.168  4.214  4.238  4.248  4.257  4.263  4.277  4.291
 Scandium    2.855  2.884  3.322  3.943  4.065  4.163  4.213  4.238  4.254  4.258  4.266  4.269  4.291
 Titanium    2.492  3.011  3.859  3.969  4.069  4.166  4.215  4.241  4.254  4.262  4.269  4.276  4.286  4.291
 Vanadium    2.835  2.937  3.855  3.953  4.017  4.125  4.194  4.229  4.249  4.258  4.270  4.277  4.291
 Chromium    3.078  3.043  3.908  3.960  4.025  4.103  4.176  4.223  4.242  4.255  4.263  4.278  4.291
 Manganese   2.372  3.052  3.909  3.958  4.024  4.110  4.184  4.225  4.242  4.257  4.264  4.277  4.291
 Iron        2.528  3.109  3.906  3.939  4.021  4.090  4.169  4.221  4.247  4.249  4.269  4.291
 Cobalt      3.049  3.164  3.899  3.932  3.997  4.082  4.152  4.209  4.241  4.255  4.263  4.270  4.293  4.291
 Nickel      2.547  3.181  3.902  3.945  4.007  4.077  4.146  4.204  4.237  4.254  4.263  4.268  4.289  4.291
 Copper      3.061  3.023  3.528  3.946  4.015  4.073  4.138  4.190  4.229  4.250  4.262  4.271  4.286  4.291
 Zinc        2.777  2.791  3.414  3.663  3.819  4.061  4.129  4.186  4.226  4.249  4.261  4.267  4.282  4.291

               1      2      3      4      5      6      7      8      9     10     11     12     13     14     15     16     17

 Hydrogen    3.563  3.919  3.661 (H2)          Log10 Mean Temperature (over volume*electron density)
 Helium      3.415  3.908  3.977
 Lithium     3.824  3.841  4.000  4.079
 Beryllium   3.905  3.732  3.911  3.978  4.146
 Boron       3.844  3.782  3.911  3.937  4.074  4.201
 Carbon      3.785  3.762  3.916  3.989  4.077  4.175  4.230
 Nitrogen    3.429  3.912  3.917  3.988  4.075  4.162  4.222  4.254
 Oxygen      3.573  3.912  3.913  4.005  4.075  4.152  4.210  4.246  4.279
 Fluorine    2.881  3.849  3.912  4.001  4.066  4.145  4.210  4.231  4.264  4.291
 Neon        2.785  3.825  3.909  3.991  4.069  4.153  4.216  4.236  4.255  4.293  4.291
 Sodium      2.971  3.701  3.899  3.969  4.036  4.140  4.209  4.240  4.259  4.272  4.291
 Magnesium   3.856  3.744  3.891  3.979  4.049  4.122  4.194  4.235  4.253  4.268  4.289  4.291
 Aluminium   3.852  3.805  3.845  3.896  3.986  4.089  4.167  4.223  4.248  4.264  4.291
 Silicon     3.738  3.810  3.917  3.944  4.009  4.093  4.168  4.218  4.249  4.265  4.291
 Phosphorus  3.777  3.813  3.895  3.950  4.003  4.071  4.159  4.215  4.244  4.261  4.289  4.291
 Sulphur     3.846  3.763  3.902  3.968  4.018  4.064  4.138  4.206  4.241  4.257  4.277  4.291
 Chlorine    3.612  3.754  3.894  3.966  4.041  4.093  4.136  4.202  4.241  4.259  4.272  4.291
 Argon       3.148  3.694  3.911  3.966  4.042  4.111  4.157  4.195  4.233  4.257  4.270  4.289  4.291
 Potassium   3.244  3.779  3.894  3.976  4.013  4.105  4.169  4.187  4.224  4.238  4.262  4.284  4.291
 Calcium     3.843  3.809  3.836  3.936  4.020  4.097  4.159  4.199  4.222  4.238  4.251  4.275  4.291
 Scandium    3.658  3.612  3.808  3.916  3.979  4.082  4.152  4.203  4.233  4.241  4.258  4.262  4.291
 Titanium    3.274  3.688  3.905  3.923  3.983  4.088  4.158  4.208  4.234  4.249  4.262  4.274  4.286  4.291
 Vanadium    3.622  3.628  3.903  3.922  3.961  4.052  4.126  4.179  4.222  4.239  4.265  4.274  4.291
 Chromium    3.771  3.700  3.906  3.929  3.975  4.036  4.108  4.175  4.207  4.234  4.250  4.276  4.291
 Manganese   3.088  3.707  3.906  3.928  3.973  4.038  4.112  4.176  4.204  4.237  4.254  4.274  4.291
 Iron        3.370  3.748  3.904  3.915  3.979  4.029  4.103  4.173  4.219  4.223  4.265  4.291
 Cobalt      3.757  3.777  3.897  3.910  3.953  4.020  4.075  4.152  4.208  4.232  4.251  4.264  4.293  4.291
 Nickel      3.375  3.783  3.897  3.922  3.971  4.024  4.076  4.147  4.203  4.232  4.252  4.262  4.289  4.291
 Copper      3.747  3.683  3.862  3.923  3.983  4.027  4.076  4.128  4.187  4.226  4.248  4.266  4.285  4.291
 Zinc        3.609  3.569  3.839  3.877  3.902  4.009  4.064  4.122  4.184  4.224  4.247  4.259  4.281  4.291

               1      2      3      4      5      6      7      8      9     10     11     12     13     14     15     16     17

 Hydrogen    3.706  3.942  3.730 (H2)          Log10 Mean Temperature (over area*electron density)
 Helium      3.604  3.914  4.018
 Lithium     3.880  3.894  4.032  4.122
 Beryllium   3.915  3.829  3.934  4.049  4.188
 Boron       3.886  3.855  3.921  3.982  4.137  4.225
 Carbon      3.865  3.844  3.930  4.024  4.120  4.202  4.243
 Nitrogen    3.596  3.912  3.934  4.024  4.116  4.192  4.237  4.259
 Oxygen      3.710  3.911  3.927  4.033  4.114  4.184  4.229  4.254  4.279
 Fluorine    3.126  3.876  3.921  4.028  4.103  4.179  4.230  4.245  4.267  4.291
 Neon        3.046  3.863  3.919  4.019  4.105  4.185  4.233  4.247  4.261  4.293  4.291
 Sodium      3.306  3.814  3.910  3.996  4.076  4.178  4.229  4.251  4.264  4.274  4.291
 Magnesium   3.893  3.838  3.909  4.003  4.080  4.155  4.216  4.247  4.259  4.271  4.289  4.291
 Aluminium   3.891  3.869  3.888  3.929  4.022  4.128  4.196  4.237  4.256  4.267  4.291
 Silicon     3.843  3.867  3.930  3.967  4.039  4.125  4.193  4.233  4.256  4.268  4.291
 Phosphorus  3.859  3.872  3.925  3.981  4.037  4.108  4.186  4.231  4.253  4.265  4.289  4.291
 Sulphur     3.888  3.845  3.920  3.999  4.063  4.105  4.171  4.223  4.250  4.262  4.278  4.291
 Chlorine    3.778  3.841  3.914  3.999  4.086  4.143  4.175  4.222  4.250  4.264  4.274  4.291
 Argon       3.375  3.792  3.919  3.995  4.083  4.156  4.195  4.218  4.246  4.263  4.272  4.289  4.291
 Potassium   3.539  3.854  3.916  4.002  4.062  4.143  4.201  4.213  4.240  4.249  4.266  4.285  4.291
 Calcium     3.889  3.871  3.888  3.967  4.057  4.136  4.191  4.222  4.237  4.249  4.258  4.276  4.291
 Scandium    3.802  3.754  3.862  3.932  4.026  4.128  4.189  4.224  4.245  4.251  4.262  4.266  4.291
 Titanium    3.556  3.796  3.908  3.944  4.030  4.132  4.192  4.228  4.246  4.256  4.266  4.275  4.286  4.291
 Vanadium    3.776  3.757  3.906  3.937  3.989  4.089  4.165  4.209  4.238  4.250  4.268  4.275  4.291
 Chromium    3.856  3.800  3.907  3.945  4.001  4.069  4.145  4.203  4.228  4.246  4.257  4.277  4.291
 Manganese   3.414  3.805  3.907  3.943  3.999  4.074  4.152  4.205  4.227  4.248  4.260  4.275  4.291
 Iron        3.632  3.830  3.904  3.927  4.000  4.060  4.138  4.201  4.236  4.238  4.267  4.291
 Cobalt      3.848  3.847  3.898  3.921  3.975  4.051  4.117  4.185  4.227  4.246  4.258  4.267  4.293  4.291
 Nickel      3.634  3.851  3.900  3.934  3.989  4.050  4.112  4.179  4.223  4.245  4.258  4.265  4.289  4.291
 Copper      3.843  3.794  3.888  3.935  4.000  4.049  4.107  4.162  4.211  4.240  4.256  4.268  4.286  4.291
 Zinc        3.781  3.745  3.877  3.901  3.949  4.035  4.097  4.157  4.209  4.239  4.255  4.264  4.281  4.291

               1      2      3      4      5      6      7      8      9     10     11     12     13     14     15     16     17

 Hydrogen    3.785  3.999  3.768 (H2)          Log10 Mean Temperature (over radius*electron density)
 Helium      3.720  3.928  4.073
 Lithium     3.901  3.926  4.070  4.163
 Beryllium   3.919  3.876  3.975  4.119  4.216
 Boron       3.902  3.890  3.943  4.044  4.184  4.241
 Carbon      3.894  3.884  3.955  4.063  4.158  4.223  4.252
 Nitrogen    3.695  3.912  3.960  4.066  4.153  4.215  4.247  4.264
 Oxygen      3.785  3.912  3.948  4.067  4.151  4.208  4.242  4.261  4.280
 Fluorine    3.315  3.893  3.938  4.060  4.141  4.206  4.244  4.254  4.270  4.291
 Neon        3.258  3.886  3.937  4.051  4.141  4.209  4.245  4.256  4.266  4.293  4.291
 Sodium      3.556  3.864  3.925  4.029  4.120  4.207  4.243  4.258  4.268  4.276  4.291
 Magnesium   3.906  3.877  3.927  4.030  4.114  4.185  4.233  4.255  4.265  4.273  4.289  4.291
 Aluminium   3.904  3.893  3.915  3.963  4.064  4.164  4.218  4.248  4.262  4.270  4.291
 Silicon     3.882  3.892  3.949  3.995  4.071  4.156  4.214  4.244  4.262  4.270  4.291
 Phosphorus  3.891  3.900  3.952  4.016  4.071  4.142  4.209  4.243  4.259  4.269  4.289  4.291
 Sulphur     3.903  3.884  3.944  4.036  4.105  4.142  4.197  4.237  4.257  4.266  4.279  4.291
 Chlorine    3.852  3.881  3.937  4.038  4.128  4.181  4.204  4.237  4.257  4.268  4.276  4.291
 Argon       3.526  3.846  3.935  4.031  4.124  4.190  4.220  4.235  4.255  4.267  4.275  4.289  4.291
 Potassium   3.719  3.888  3.938  4.032  4.103  4.176  4.223  4.231  4.250  4.257  4.270  4.285  4.291
 Calcium     3.902  3.895  3.918  4.003  4.096  4.170  4.215  4.238  4.248  4.257  4.264  4.277  4.291
 Scandium    3.864  3.825  3.890  3.962  4.076  4.165  4.214  4.239  4.254  4.258  4.266  4.269  4.291
 Titanium    3.723  3.848  3.915  3.977  4.079  4.168  4.216  4.241  4.255  4.262  4.269  4.276  4.286  4.291
 Vanadium    3.846  3.823  3.910  3.958  4.023  4.128  4.196  4.230  4.249  4.258  4.270  4.277  4.291
 Chromium    3.889  3.849  3.911  3.965  4.030  4.106  4.178  4.223  4.243  4.255  4.263  4.278  4.291
 Manganese   3.633  3.852  3.910  3.963  4.029  4.113  4.185  4.226  4.242  4.257  4.265  4.277  4.291
 Iron        3.774  3.868  3.906  3.944  4.025  4.093  4.171  4.222  4.248  4.249  4.270  4.291
 Cobalt      3.885  3.878  3.901  3.937  4.002  4.086  4.155  4.210  4.241  4.255  4.263  4.270  4.293  4.291
 Nickel      3.773  3.880  3.905  3.948  4.011  4.081  4.148  4.205  4.238  4.254  4.264  4.269  4.289  4.291
 Copper      3.882  3.846  3.901  3.950  4.018  4.076  4.140  4.191  4.229  4.250  4.262  4.271  4.286  4.291
 Zinc        3.855  3.828  3.895  3.918  3.982  4.064  4.132  4.187  4.227  4.249  4.261  4.268  4.282  4.291

               1      2      3      4      5      6      7      8      9     10     11     12     13     14     15     16     17
CIV QSO  

---------------Convergence statistics---------------
      3.03 mean iterations/state convergence
      2.43 mean cx acceleration loops/iteration
      1.25 mean iso convergence loops/ion solve
         1 mean steps/chemistry solve
         1 mean step length searches/chemistry step
----------------------------------------------------

 Cloudy ends: 383 zones, 3 iterations, 1 caution. (single thread) ExecTime(s) 493.52
 [Stop in cdMain at maincl.cpp:496, Cloudy exited OK]
