   1.5381945E+03   7.0000000E+00   7.0000000E+00   0.0000000E+00   0.0000000E+00
   1.5382021E+03   3.0000000E+00   3.0000000E+00   0.0000000E+00   0.0000000E+00
   1.5382096E+03   3.0000000E+00   3.0000000E+00   0.0000000E+00   0.0000000E+00
   1.5382171E+03   1.0000000E+00   1.0000000E+00   0.0000000E+00   0.0000000E+00
   1.5382246E+03   9.0000000E+00   9.0000000E+00   0.0000000E+00   0.0000000E+00
   1.5382322E+03   2.0000000E+00   2.0000000E+00   0.0000000E+00   0.0000000E+00
   1.5382397E+03   7.0000000E+00   7.0000000E+00   0.0000000E+00   0.0000000E+00
   1.5382472E+03   6.0000000E+00   6.0000000E+00   0.0000000E+00   0.0000000E+00
   1.5382548E+03   6.0000000E+00   5.0000000E+00   0.0000000E+00   0.0000000E+00
   1.5382623E+03   1.1000000E+01   1.1000000E+01   0.0000000E+00   0.0000000E+00
   1.5382698E+03   3.0000000E+00   3.0000000E+00   0.0000000E+00   0.0000000E+00
   1.5382773E+03   4.0000000E+00   4.0000000E+00   0.0000000E+00   0.0000000E+00
   1.5382849E+03   7.0000000E+00   7.0000000E+00   0.0000000E+00   0.0000000E+00
   1.5382924E+03   5.0000000E+00   5.0000000E+00   0.0000000E+00   0.0000000E+00
   1.5382999E+03   6.0000000E+00   6.0000000E+00   0.0000000E+00   0.0000000E+00
   1.5383075E+03   6.0000000E+00   6.0000000E+00   0.0000000E+00   0.0000000E+00
   1.5383150E+03   2.0000000E+00   2.0000000E+00   0.0000000E+00   0.0000000E+00
   1.5383225E+03   5.0000000E+00   5.0000000E+00   0.0000000E+00   0.0000000E+00
   1.5383300E+03   6.0000000E+00   6.0000000E+00   0.0000000E+00   0.0000000E+00
   1.5383376E+03   7.0000000E+00   7.0000000E+00   0.0000000E+00   0.0000000E+00
   1.5383451E+03   5.0000000E+00   5.0000000E+00   0.0000000E+00   0.0000000E+00
   1.5383526E+03   1.1000000E+01   1.1000000E+01   0.0000000E+00   0.0000000E+00
   1.5383602E+03   1.0000000E+00   1.0000000E+00   0.0000000E+00   0.0000000E+00
   1.5383677E+03   9.0000000E+00   9.0000000E+00   0.0000000E+00   0.0000000E+00
   1.5383752E+03   4.0000000E+00   4.0000000E+00   0.0000000E+00   0.0000000E+00
   1.5383827E+03   8.0000000E+00   7.0000000E+00   0.0000000E+00   0.0000000E+00
   1.5383903E+03   6.0000000E+00   6.0000000E+00   0.0000000E+00   0.0000000E+00
   1.5383978E+03   7.0000000E+00   7.0000000E+00   0.0000000E+00   0.0000000E+00
   1.5384053E+03   2.0000000E+00   2.0000000E+00   0.0000000E+00   0.0000000E+00
   1.5384128E+03   3.0000000E+00   2.0000000E+00   0.0000000E+00   0.0000000E+00
   1.5384204E+03   8.0000000E+00   8.0000000E+00   0.0000000E+00   0.0000000E+00
   1.5384279E+03   9.0000000E+00   9.0000000E+00   0.0000000E+00   0.0000000E+00
   1.5384354E+03   7.0000000E+00   7.0000000E+00   0.0000000E+00   0.0000000E+00
   1.5384430E+03   6.0000000E+00   6.0000000E+00   0.0000000E+00   0.0000000E+00
   1.5384505E+03   1.0000000E+00   1.0000000E+00   0.0000000E+00   0.0000000E+00
   1.5384580E+03   8.0000000E+00   8.0000000E+00   0.0000000E+00   0.0000000E+00
   1.5384655E+03   7.0000000E+00   7.0000000E+00   0.0000000E+00   0.0000000E+00
   1.5384731E+03   7.0000000E+00   7.0000000E+00   0.0000000E+00   0.0000000E+00
   1.5384806E+03   4.0000000E+00   4.0000000E+00   0.0000000E+00   0.0000000E+00
   1.5384881E+03   6.0000000E+00   6.0000000E+00   0.0000000E+00   0.0000000E+00
   1.5384957E+03   6.0000000E+00   6.0000000E+00   0.0000000E+00   0.0000000E+00
   1.5385032E+03   8.0000000E+00   8.0000000E+00   0.0000000E+00   0.0000000E+00
   1.5385107E+03   4.0000000E+00   4.0000000E+00   0.0000000E+00   0.0000000E+00
   1.5385182E+03   8.0000000E+00   8.0000000E+00   0.0000000E+00   0.0000000E+00
   1.5385258E+03   1.0000000E+01   1.0000000E+01   0.0000000E+00   0.0000000E+00
   1.5385333E+03   1.0000000E+01   1.0000000E+01   0.0000000E+00   0.0000000E+00
   1.5385408E+03   9.0000000E+00   9.0000000E+00   0.0000000E+00   0.0000000E+00
   1.5385484E+03   8.0000000E+00   7.0000000E+00   0.0000000E+00   0.0000000E+00
   1.5385559E+03   7.0000000E+00   7.0000000E+00   0.0000000E+00   0.0000000E+00
   1.5385634E+03   1.6000000E+01   1.5000000E+01   0.0000000E+00   0.0000000E+00
   1.5385709E+03   6.0000000E+00   6.0000000E+00   0.0000000E+00   0.0000000E+00
   1.5385785E+03   1.1000000E+01   1.1000000E+01   0.0000000E+00   0.0000000E+00
   1.5385860E+03   9.0000000E+00   9.0000000E+00   0.0000000E+00   0.0000000E+00
   1.5385935E+03   9.0000000E+00   9.0000000E+00   0.0000000E+00   0.0000000E+00
   1.5386011E+03   1.4000000E+01   1.3000000E+01   0.0000000E+00   0.0000000E+00
   1.5386086E+03   7.0000000E+00   7.0000000E+00   0.0000000E+00   0.0000000E+00
   1.5386161E+03   1.0000000E+01   1.0000000E+01   0.0000000E+00   0.0000000E+00
   1.5386236E+03   6.0000000E+00   5.0000000E+00   0.0000000E+00   0.0000000E+00
   1.5386312E+03   1.6000000E+01   1.6000000E+01   0.0000000E+00   0.0000000E+00
   1.5386387E+03   7.0000000E+00   7.0000000E+00   0.0000000E+00   0.0000000E+00
   1.5386462E+03   1.9000000E+01   1.8000000E+01   0.0000000E+00   0.0000000E+00
   1.5386538E+03   8.0000000E+00   8.0000000E+00   0.0000000E+00   0.0000000E+00
   1.5386613E+03   9.0000000E+00   9.0000000E+00   0.0000000E+00   0.0000000E+00
   1.5386688E+03   8.0000000E+00   8.0000000E+00   0.0000000E+00   0.0000000E+00
   1.5386763E+03   6.0000000E+00   6.0000000E+00   0.0000000E+00   0.0000000E+00
   1.5386839E+03   1.1000000E+01   1.1000000E+01   0.0000000E+00   0.0000000E+00
   1.5386914E+03   8.0000000E+00   8.0000000E+00   0.0000000E+00   0.0000000E+00
   1.5386989E+03   8.0000000E+00   8.0000000E+00   0.0000000E+00   0.0000000E+00
   1.5387065E+03   1.1000000E+01   1.1000000E+01   0.0000000E+00   0.0000000E+00
   1.5387140E+03   5.0000000E+00   5.0000000E+00   0.0000000E+00   0.0000000E+00
   1.5387215E+03   1.2000000E+01   1.2000000E+01   0.0000000E+00   0.0000000E+00
   1.5387290E+03   1.2000000E+01   1.2000000E+01   0.0000000E+00   0.0000000E+00
   1.5387366E+03   1.0000000E+01   1.0000000E+01   0.0000000E+00   0.0000000E+00
   1.5387441E+03   7.0000000E+00   6.0000000E+00   0.0000000E+00   0.0000000E+00
   1.5387516E+03   1.4000000E+01   1.3000000E+01   0.0000000E+00   0.0000000E+00
   1.5387592E+03   1.0000000E+01   1.0000000E+01   0.0000000E+00   0.0000000E+00
   1.5387667E+03   1.3000000E+01   1.2000000E+01   0.0000000E+00   0.0000000E+00
   1.5387742E+03   1.2000000E+01   1.1000000E+01   0.0000000E+00   0.0000000E+00
   1.5387817E+03   1.3000000E+01   1.3000000E+01   0.0000000E+00   0.0000000E+00
   1.5387893E+03   1.0000000E+01   1.0000000E+01   0.0000000E+00   0.0000000E+00
   1.5387968E+03   1.3000000E+01   1.3000000E+01   0.0000000E+00   0.0000000E+00
   1.5388043E+03   1.5000000E+01   1.5000000E+01   0.0000000E+00   0.0000000E+00
   1.5388119E+03   1.2000000E+01   1.2000000E+01   0.0000000E+00   0.0000000E+00
   1.5388194E+03   5.0000000E+00   5.0000000E+00   0.0000000E+00   0.0000000E+00
   1.5388269E+03   1.0000000E+01   1.0000000E+01   0.0000000E+00   0.0000000E+00
   1.5388344E+03   1.3000000E+01   1.2000000E+01   0.0000000E+00   0.0000000E+00
   1.5388420E+03   1.0000000E+01   1.0000000E+01   0.0000000E+00   0.0000000E+00
   1.5388495E+03   1.4000000E+01   1.4000000E+01   0.0000000E+00   0.0000000E+00
   1.5388570E+03   1.1000000E+01   1.1000000E+01   0.0000000E+00   0.0000000E+00
   1.5388646E+03   9.0000000E+00   9.0000000E+00   0.0000000E+00   0.0000000E+00
   1.5388721E+03   1.4000000E+01   1.4000000E+01   0.0000000E+00   0.0000000E+00
   1.5388796E+03   1.1000000E+01   1.1000000E+01   0.0000000E+00   0.0000000E+00
   1.5388871E+03   1.2000000E+01   1.2000000E+01   0.0000000E+00   0.0000000E+00
   1.5388947E+03   2.3000000E+01   2.2000000E+01   0.0000000E+00   0.0000000E+00
   1.5389022E+03   1.6000000E+01   1.6000000E+01   0.0000000E+00   0.0000000E+00
   1.5389097E+03   1.3000000E+01   1.3000000E+01   0.0000000E+00   0.0000000E+00
   1.5389172E+03   1.8000000E+01   1.8000000E+01   0.0000000E+00   0.0000000E+00
   1.5389248E+03   6.0000000E+00   6.0000000E+00   0.0000000E+00   0.0000000E+00
   1.5389323E+03   1.3000000E+01   1.3000000E+01   0.0000000E+00   0.0000000E+00
   1.5389398E+03   1.0000000E+01   9.0000000E+00   0.0000000E+00   0.0000000E+00
   1.5389474E+03   1.1000000E+01   1.1000000E+01   0.0000000E+00   0.0000000E+00
   1.5389549E+03   1.1000000E+01   1.1000000E+01   0.0000000E+00   0.0000000E+00
   1.5389624E+03   1.4000000E+01   1.4000000E+01   0.0000000E+00   0.0000000E+00
   1.5389699E+03   1.2000000E+01   1.2000000E+01   0.0000000E+00   0.0000000E+00
   1.5389775E+03   1.2000000E+01   1.2000000E+01   0.0000000E+00   0.0000000E+00
   1.5389850E+03   1.1000000E+01   1.0000000E+01   0.0000000E+00   0.0000000E+00
   1.5389925E+03   1.6000000E+01   1.6000000E+01   0.0000000E+00   0.0000000E+00
   1.5390001E+03   1.2000000E+01   1.2000000E+01   0.0000000E+00   0.0000000E+00
   1.5390076E+03   1.4000000E+01   1.3000000E+01   0.0000000E+00   0.0000000E+00
   1.5390151E+03   1.6000000E+01   1.5000000E+01   0.0000000E+00   0.0000000E+00
   1.5390226E+03   2.0000000E+01   2.0000000E+01   0.0000000E+00   0.0000000E+00
   1.5390302E+03   1.5000000E+01   1.5000000E+01   0.0000000E+00   0.0000000E+00
   1.5390377E+03   1.1000000E+01   1.1000000E+01   0.0000000E+00   0.0000000E+00
   1.5390452E+03   1.8000000E+01   1.8000000E+01   0.0000000E+00   0.0000000E+00
   1.5390528E+03   2.1000000E+01   2.0000000E+01   0.0000000E+00   0.0000000E+00
   1.5390603E+03   1.6000000E+01   1.6000000E+01   0.0000000E+00   0.0000000E+00
   1.5390678E+03   1.7000000E+01   1.7000000E+01   0.0000000E+00   0.0000000E+00
   1.5390753E+03   1.6000000E+01   1.6000000E+01   0.0000000E+00   0.0000000E+00
   1.5390829E+03   1.6000000E+01   1.6000000E+01   0.0000000E+00   0.0000000E+00
   1.5390904E+03   1.3000000E+01   1.3000000E+01   0.0000000E+00   0.0000000E+00
   1.5390979E+03   1.9000000E+01   1.9000000E+01   0.0000000E+00   0.0000000E+00
   1.5391055E+03   1.5000000E+01   1.4000000E+01   0.0000000E+00   0.0000000E+00
   1.5391130E+03   1.2000000E+01   1.2000000E+01   0.0000000E+00   0.0000000E+00
   1.5391205E+03   1.2000000E+01   1.2000000E+01   0.0000000E+00   0.0000000E+00
   1.5391280E+03   2.5000000E+01   2.4000000E+01   0.0000000E+00   0.0000000E+00
   1.5391356E+03   1.7000000E+01   1.7000000E+01   0.0000000E+00   0.0000000E+00
   1.5391431E+03   1.5000000E+01   1.5000000E+01   0.0000000E+00   0.0000000E+00
   1.5391506E+03   1.6000000E+01   1.5000000E+01   0.0000000E+00   0.0000000E+00
   1.5391582E+03   1.8000000E+01   1.8000000E+01   0.0000000E+00   0.0000000E+00
   1.5391657E+03   1.3000000E+01   1.3000000E+01   0.0000000E+00   0.0000000E+00
   1.5391732E+03   2.4000000E+01   2.3000000E+01   0.0000000E+00   0.0000000E+00
   1.5391807E+03   2.1000000E+01   2.1000000E+01   0.0000000E+00   0.0000000E+00
   1.5391883E+03   1.9000000E+01   1.9000000E+01   0.0000000E+00   0.0000000E+00
   1.5391958E+03   1.9000000E+01   1.7000000E+01   0.0000000E+00   0.0000000E+00
   1.5392033E+03   1.5000000E+01   1.5000000E+01   0.0000000E+00   0.0000000E+00
   1.5392109E+03   1.9000000E+01   1.8000000E+01   0.0000000E+00   0.0000000E+00
   1.5392184E+03   1.9000000E+01   1.8000000E+01   0.0000000E+00   0.0000000E+00
   1.5392259E+03   1.6000000E+01   1.5000000E+01   0.0000000E+00   0.0000000E+00
   1.5392334E+03   1.8000000E+01   1.8000000E+01   0.0000000E+00   0.0000000E+00
   1.5392410E+03   2.4000000E+01   2.4000000E+01   0.0000000E+00   0.0000000E+00
   1.5392485E+03   1.9000000E+01   1.8000000E+01   0.0000000E+00   0.0000000E+00
   1.5392560E+03   1.4000000E+01   1.4000000E+01   0.0000000E+00   0.0000000E+00
   1.5392636E+03   2.6000000E+01   2.5000000E+01   0.0000000E+00   0.0000000E+00
   1.5392711E+03   1.4000000E+01   1.4000000E+01   0.0000000E+00   0.0000000E+00
   1.5392786E+03   2.2000000E+01   2.2000000E+01   0.0000000E+00   0.0000000E+00
   1.5392861E+03   2.4000000E+01   2.3000000E+01   0.0000000E+00   0.0000000E+00
   1.5392937E+03   1.5000000E+01   1.5000000E+01   0.0000000E+00   0.0000000E+00
   1.5393012E+03   2.0000000E+01   2.0000000E+01   0.0000000E+00   0.0000000E+00
   1.5393087E+03   2.3000000E+01   2.3000000E+01   0.0000000E+00   0.0000000E+00
   1.5393162E+03   2.1000000E+01   2.1000000E+01   0.0000000E+00   0.0000000E+00
   1.5393238E+03   2.2000000E+01   2.2000000E+01   0.0000000E+00   0.0000000E+00
   1.5393313E+03   3.3000000E+01   3.2000000E+01   0.0000000E+00   0.0000000E+00
   1.5393388E+03   2.7000000E+01   2.7000000E+01   0.0000000E+00   0.0000000E+00
   1.5393464E+03   2.2000000E+01   2.2000000E+01   0.0000000E+00   0.0000000E+00
   1.5393539E+03   2.5000000E+01   2.5000000E+01   0.0000000E+00   0.0000000E+00
   1.5393614E+03   2.8000000E+01   2.8000000E+01   0.0000000E+00   0.0000000E+00
   1.5393689E+03   2.9000000E+01   2.9000000E+01   0.0000000E+00   0.0000000E+00
   1.5393765E+03   2.8000000E+01   2.8000000E+01   0.0000000E+00   0.0000000E+00
   1.5393840E+03   2.3000000E+01   2.3000000E+01   0.0000000E+00   0.0000000E+00
   1.5393915E+03   1.9000000E+01   1.9000000E+01   0.0000000E+00   0.0000000E+00
   1.5393991E+03   2.3000000E+01   2.2000000E+01   0.0000000E+00   0.0000000E+00
   1.5394066E+03   3.0000000E+01   3.0000000E+01   0.0000000E+00   0.0000000E+00
   1.5394141E+03   3.3000000E+01   3.2000000E+01   0.0000000E+00   0.0000000E+00
   1.5394216E+03   2.0000000E+01   2.0000000E+01   0.0000000E+00   0.0000000E+00
   1.5394292E+03   3.2000000E+01   3.1000000E+01   0.0000000E+00   0.0000000E+00
   1.5394367E+03   3.3000000E+01   3.3000000E+01   0.0000000E+00   0.0000000E+00
   1.5394442E+03   3.1000000E+01   3.1000000E+01   0.0000000E+00   0.0000000E+00
   1.5394518E+03   3.1000000E+01   3.0000000E+01   0.0000000E+00   0.0000000E+00
   1.5394593E+03   1.9000000E+01   1.8000000E+01   0.0000000E+00   0.0000000E+00
   1.5394668E+03   2.1000000E+01   2.1000000E+01   0.0000000E+00   0.0000000E+00
   1.5394743E+03   2.7000000E+01   2.7000000E+01   0.0000000E+00   0.0000000E+00
   1.5394819E+03   2.8000000E+01   2.5000000E+01   0.0000000E+00   0.0000000E+00
   1.5394894E+03   3.1000000E+01   3.1000000E+01   0.0000000E+00   0.0000000E+00
   1.5394969E+03   3.9000000E+01   3.9000000E+01   0.0000000E+00   0.0000000E+00
   1.5395045E+03   2.3000000E+01   2.3000000E+01   0.0000000E+00   0.0000000E+00
   1.5395120E+03   4.3000000E+01   4.3000000E+01   0.0000000E+00   0.0000000E+00
   1.5395195E+03   3.0000000E+01   3.0000000E+01   0.0000000E+00   0.0000000E+00
   1.5395270E+03   3.9000000E+01   3.9000000E+01   0.0000000E+00   0.0000000E+00
   1.5395346E+03   3.6000000E+01   3.5000000E+01   0.0000000E+00   0.0000000E+00
   1.5395421E+03   3.8000000E+01   3.7000000E+01   0.0000000E+00   0.0000000E+00
   1.5395496E+03   3.3000000E+01   3.3000000E+01   0.0000000E+00   0.0000000E+00
   1.5395572E+03   2.6000000E+01   2.5000000E+01   0.0000000E+00   0.0000000E+00
   1.5395647E+03   3.5000000E+01   3.5000000E+01   0.0000000E+00   0.0000000E+00
   1.5395722E+03   3.9000000E+01   3.6000000E+01   0.0000000E+00   0.0000000E+00
   1.5395797E+03   3.7000000E+01   3.6000000E+01   0.0000000E+00   0.0000000E+00
   1.5395873E+03   4.3000000E+01   4.2000000E+01   0.0000000E+00   0.0000000E+00
   1.5395948E+03   2.9000000E+01   2.9000000E+01   0.0000000E+00   0.0000000E+00
   1.5396023E+03   3.0000000E+01   2.9000000E+01   0.0000000E+00   0.0000000E+00
   1.5396099E+03   2.8000000E+01   2.6000000E+01   0.0000000E+00   0.0000000E+00
   1.5396174E+03   2.8000000E+01   2.8000000E+01   0.0000000E+00   0.0000000E+00
   1.5396249E+03   4.0000000E+01   4.0000000E+01   0.0000000E+00   0.0000000E+00
   1.5396324E+03   2.4000000E+01   2.4000000E+01   0.0000000E+00   0.0000000E+00
   1.5396400E+03   3.2000000E+01   3.1000000E+01   0.0000000E+00   0.0000000E+00
   1.5396475E+03   3.5000000E+01   3.4000000E+01   0.0000000E+00   0.0000000E+00
   1.5396550E+03   3.7000000E+01   3.7000000E+01   0.0000000E+00   0.0000000E+00
   1.5396626E+03   2.8000000E+01   2.8000000E+01   0.0000000E+00   0.0000000E+00
   1.5396701E+03   3.9000000E+01   3.9000000E+01   0.0000000E+00   0.0000000E+00
   1.5396776E+03   4.3000000E+01   4.2000000E+01   0.0000000E+00   0.0000000E+00
   1.5396851E+03   4.0000000E+01   3.9000000E+01   0.0000000E+00   0.0000000E+00
   1.5396927E+03   2.6000000E+01   2.6000000E+01   0.0000000E+00   0.0000000E+00
   1.5397002E+03   4.5000000E+01   4.4000000E+01   0.0000000E+00   0.0000000E+00
   1.5397077E+03   3.6000000E+01   3.5000000E+01   0.0000000E+00   0.0000000E+00
   1.5397153E+03   2.6000000E+01   2.6000000E+01   0.0000000E+00   0.0000000E+00
   1.5397228E+03   3.0000000E+01   3.0000000E+01   0.0000000E+00   0.0000000E+00
   1.5397303E+03   2.4000000E+01   2.2000000E+01   0.0000000E+00   0.0000000E+00
   1.5397378E+03   2.7000000E+01   2.7000000E+01   0.0000000E+00   0.0000000E+00
   1.5397454E+03   2.9000000E+01   2.9000000E+01   0.0000000E+00   0.0000000E+00
   1.5397529E+03   3.9000000E+01   3.9000000E+01   0.0000000E+00   0.0000000E+00
   1.5397604E+03   3.4000000E+01   3.4000000E+01   0.0000000E+00   0.0000000E+00
   1.5397679E+03   4.4000000E+01   4.4000000E+01   0.0000000E+00   0.0000000E+00
   1.5397755E+03   3.1000000E+01   3.0000000E+01   0.0000000E+00   0.0000000E+00
   1.5397830E+03   3.8000000E+01   3.7000000E+01   0.0000000E+00   0.0000000E+00
   1.5397905E+03   3.9000000E+01   3.7000000E+01   0.0000000E+00   0.0000000E+00
   1.5397981E+03   3.6000000E+01   3.6000000E+01   0.0000000E+00   0.0000000E+00
   1.5398056E+03   3.3000000E+01   3.3000000E+01   0.0000000E+00   0.0000000E+00
   1.5398131E+03   4.7000000E+01   4.7000000E+01   0.0000000E+00   0.0000000E+00
   1.5398206E+03   4.1000000E+01   4.0000000E+01   0.0000000E+00   0.0000000E+00
   1.5398282E+03   4.0000000E+01   4.0000000E+01   0.0000000E+00   0.0000000E+00
   1.5398357E+03   4.6000000E+01   4.4000000E+01   0.0000000E+00   0.0000000E+00
   1.5398432E+03   5.5000000E+01   5.3000000E+01   0.0000000E+00   0.0000000E+00
   1.5398508E+03   4.3000000E+01   4.2000000E+01   0.0000000E+00   0.0000000E+00
   1.5398583E+03   5.0000000E+01   4.9000000E+01   0.0000000E+00   0.0000000E+00
   1.5398658E+03   3.9000000E+01   3.8000000E+01   0.0000000E+00   0.0000000E+00
   1.5398733E+03   4.3000000E+01   4.2000000E+01   0.0000000E+00   0.0000000E+00
   1.5398809E+03   6.0000000E+01   5.8000000E+01   0.0000000E+00   0.0000000E+00
   1.5398884E+03   3.9000000E+01   3.9000000E+01   0.0000000E+00   0.0000000E+00
   1.5398959E+03   3.6000000E+01   3.5000000E+01   0.0000000E+00   0.0000000E+00
   1.5399035E+03   4.5000000E+01   4.4000000E+01   0.0000000E+00   0.0000000E+00
   1.5399110E+03   4.7000000E+01   4.6000000E+01   0.0000000E+00   0.0000000E+00
   1.5399185E+03   3.7000000E+01   3.7000000E+01   0.0000000E+00   0.0000000E+00
   1.5399260E+03   4.6000000E+01   4.6000000E+01   0.0000000E+00   0.0000000E+00
   1.5399336E+03   5.2000000E+01   5.0000000E+01   0.0000000E+00   0.0000000E+00
   1.5399411E+03   4.7000000E+01   4.7000000E+01   0.0000000E+00   0.0000000E+00
   1.5399486E+03   4.3000000E+01   4.3000000E+01   0.0000000E+00   0.0000000E+00
   1.5399562E+03   4.3000000E+01   4.2000000E+01   0.0000000E+00   0.0000000E+00
   1.5399637E+03   7.0000000E+01   6.8000000E+01   0.0000000E+00   0.0000000E+00
   1.5399712E+03   6.2000000E+01   6.1000000E+01   0.0000000E+00   0.0000000E+00
   1.5399787E+03   6.3000000E+01   6.3000000E+01   0.0000000E+00   0.0000000E+00
   1.5399863E+03   4.1000000E+01   4.1000000E+01   0.0000000E+00   0.0000000E+00
   1.5399938E+03   5.9000000E+01   5.9000000E+01   0.0000000E+00   0.0000000E+00
   1.5400013E+03   4.7000000E+01   4.5000000E+01   0.0000000E+00   0.0000000E+00
   1.5400089E+03   5.6000000E+01   5.2000000E+01   0.0000000E+00   0.0000000E+00
   1.5400164E+03   4.8000000E+01   4.5000000E+01   0.0000000E+00   0.0000000E+00
   1.5400239E+03   5.9000000E+01   5.9000000E+01   0.0000000E+00   0.0000000E+00
   1.5400314E+03   5.2000000E+01   5.2000000E+01   0.0000000E+00   0.0000000E+00
   1.5400390E+03   5.9000000E+01   5.9000000E+01   0.0000000E+00   0.0000000E+00
   1.5400465E+03   5.9000000E+01   5.9000000E+01   0.0000000E+00   0.0000000E+00
   1.5400540E+03   4.9000000E+01   4.7000000E+01   0.0000000E+00   0.0000000E+00
   1.5400616E+03   6.5000000E+01   6.4000000E+01   0.0000000E+00   0.0000000E+00
   1.5400691E+03   5.4000000E+01   5.4000000E+01   0.0000000E+00   0.0000000E+00
   1.5400766E+03   5.7000000E+01   5.4000000E+01   0.0000000E+00   0.0000000E+00
   1.5400841E+03   5.8000000E+01   5.8000000E+01   0.0000000E+00   0.0000000E+00
   1.5400917E+03   6.1000000E+01   6.0000000E+01   0.0000000E+00   0.0000000E+00
   1.5400992E+03   5.4000000E+01   5.2000000E+01   0.0000000E+00   0.0000000E+00
   1.5401067E+03   6.3000000E+01   6.2000000E+01   0.0000000E+00   0.0000000E+00
   1.5401143E+03   6.2000000E+01   6.1000000E+01   0.0000000E+00   0.0000000E+00
   1.5401218E+03   8.2000000E+01   7.9000000E+01   0.0000000E+00   0.0000000E+00
   1.5401293E+03   5.7000000E+01   5.6000000E+01   0.0000000E+00   0.0000000E+00
   1.5401368E+03   5.4000000E+01   5.4000000E+01   0.0000000E+00   0.0000000E+00
   1.5401444E+03   6.1000000E+01   5.9000000E+01   0.0000000E+00   0.0000000E+00
   1.5401519E+03   5.9000000E+01   5.7000000E+01   0.0000000E+00   0.0000000E+00
   1.5401594E+03   6.8000000E+01   6.5000000E+01   0.0000000E+00   0.0000000E+00
   1.5401670E+03   8.2000000E+01   7.9000000E+01   0.0000000E+00   0.0000000E+00
   1.5401745E+03   6.5000000E+01   6.3000000E+01   0.0000000E+00   0.0000000E+00
   1.5401820E+03   6.8000000E+01   6.7000000E+01   0.0000000E+00   0.0000000E+00
   1.5401895E+03   5.0000000E+01   4.8000000E+01   0.0000000E+00   0.0000000E+00
   1.5401971E+03   7.1000000E+01   6.9000000E+01   0.0000000E+00   0.0000000E+00
   1.5402046E+03   5.7000000E+01   5.5000000E+01   0.0000000E+00   0.0000000E+00
   1.5402121E+03   7.2000000E+01   7.0000000E+01   0.0000000E+00   0.0000000E+00
   1.5402197E+03   5.3000000E+01   5.3000000E+01   0.0000000E+00   0.0000000E+00
   1.5402272E+03   7.1000000E+01   7.0000000E+01   0.0000000E+00   0.0000000E+00
   1.5402347E+03   6.2000000E+01   6.2000000E+01   0.0000000E+00   0.0000000E+00
   1.5402422E+03   6.0000000E+01   5.8000000E+01   0.0000000E+00   0.0000000E+00
   1.5402498E+03   6.0000000E+01   6.0000000E+01   0.0000000E+00   0.0000000E+00
   1.5402573E+03   6.2000000E+01   6.2000000E+01   0.0000000E+00   0.0000000E+00
   1.5402648E+03   5.9000000E+01   5.8000000E+01   0.0000000E+00   0.0000000E+00
   1.5402723E+03   5.6000000E+01   5.6000000E+01   0.0000000E+00   0.0000000E+00
   1.5402799E+03   7.7000000E+01   7.5000000E+01   0.0000000E+00   0.0000000E+00
   1.5402874E+03   8.7000000E+01   8.4000000E+01   0.0000000E+00   0.0000000E+00
   1.5402949E+03   8.1000000E+01   7.9000000E+01   0.0000000E+00   0.0000000E+00
   1.5403025E+03   8.4000000E+01   8.3000000E+01   0.0000000E+00   0.0000000E+00
   1.5403100E+03   8.0000000E+01   7.9000000E+01   0.0000000E+00   0.0000000E+00
   1.5403175E+03   9.3000000E+01   9.1000000E+01   0.0000000E+00   0.0000000E+00
   1.5403250E+03   7.9000000E+01   7.9000000E+01   0.0000000E+00   0.0000000E+00
   1.5403326E+03   7.7000000E+01   7.7000000E+01   0.0000000E+00   0.0000000E+00
   1.5403401E+03   9.1000000E+01   9.1000000E+01   0.0000000E+00   0.0000000E+00
   1.5403476E+03   7.4000000E+01   7.4000000E+01   0.0000000E+00   0.0000000E+00
   1.5403552E+03   8.5000000E+01   8.4000000E+01   0.0000000E+00   0.0000000E+00
   1.5403627E+03   8.3000000E+01   8.3000000E+01   0.0000000E+00   0.0000000E+00
   1.5403702E+03   8.3000000E+01   8.2000000E+01   0.0000000E+00   0.0000000E+00
   1.5403777E+03   8.8000000E+01   8.3000000E+01   0.0000000E+00   0.0000000E+00
   1.5403853E+03   9.0000000E+01   8.8000000E+01   0.0000000E+00   0.0000000E+00
   1.5403928E+03   8.2000000E+01   8.2000000E+01   0.0000000E+00   0.0000000E+00
   1.5404003E+03   9.7000000E+01   9.7000000E+01   0.0000000E+00   0.0000000E+00
   1.5404079E+03   9.0000000E+01   8.7000000E+01   0.0000000E+00   0.0000000E+00
   1.5404154E+03   9.1000000E+01   9.0000000E+01   0.0000000E+00   0.0000000E+00
   1.5404229E+03   9.6000000E+01   9.5000000E+01   0.0000000E+00   0.0000000E+00
   1.5404304E+03   8.7000000E+01   8.2000000E+01   0.0000000E+00   0.0000000E+00
   1.5404380E+03   9.4000000E+01   9.3000000E+01   0.0000000E+00   0.0000000E+00
   1.5404455E+03   9.3000000E+01   9.1000000E+01   0.0000000E+00   0.0000000E+00
   1.5404530E+03   7.2000000E+01   7.1000000E+01   0.0000000E+00   0.0000000E+00
   1.5404606E+03   9.1000000E+01   8.7000000E+01   0.0000000E+00   0.0000000E+00
   1.5404681E+03   1.1900000E+02   1.1600000E+02   0.0000000E+00   0.0000000E+00
   1.5404756E+03   9.8000000E+01   9.6000000E+01   0.0000000E+00   0.0000000E+00
   1.5404831E+03   9.4000000E+01   9.0000000E+01   0.0000000E+00   0.0000000E+00
   1.5404907E+03   9.7000000E+01   9.7000000E+01   0.0000000E+00   0.0000000E+00
   1.5404982E+03   1.0900000E+02   1.0700000E+02   0.0000000E+00   0.0000000E+00
   1.5405057E+03   8.8000000E+01   8.7000000E+01   0.0000000E+00   0.0000000E+00
   1.5405133E+03   1.0600000E+02   1.0200000E+02   0.0000000E+00   0.0000000E+00
   1.5405208E+03   8.4000000E+01   8.3000000E+01   0.0000000E+00   0.0000000E+00
   1.5405283E+03   8.3000000E+01   8.2000000E+01   0.0000000E+00   0.0000000E+00
   1.5405358E+03   9.6000000E+01   9.2000000E+01   0.0000000E+00   0.0000000E+00
   1.5405434E+03   8.9000000E+01   8.7000000E+01   0.0000000E+00   0.0000000E+00
   1.5405509E+03   1.1000000E+02   1.1000000E+02   0.0000000E+00   0.0000000E+00
   1.5405584E+03   1.0600000E+02   1.0400000E+02   0.0000000E+00   0.0000000E+00
   1.5405660E+03   1.2700000E+02   1.2500000E+02   0.0000000E+00   0.0000000E+00
   1.5405735E+03   1.0400000E+02   1.0200000E+02   0.0000000E+00   0.0000000E+00
   1.5405810E+03   9.2000000E+01   8.8000000E+01   0.0000000E+00   0.0000000E+00
   1.5405885E+03   9.7000000E+01   9.5000000E+01   0.0000000E+00   0.0000000E+00
   1.5405961E+03   9.8000000E+01   9.4000000E+01   0.0000000E+00   0.0000000E+00
   1.5406036E+03   1.0500000E+02   1.0500000E+02   0.0000000E+00   0.0000000E+00
   1.5406111E+03   1.1600000E+02   1.1200000E+02   0.0000000E+00   0.0000000E+00
   1.5406187E+03   1.0800000E+02   1.0800000E+02   0.0000000E+00   0.0000000E+00
   1.5406262E+03   9.0000000E+01   8.6000000E+01   0.0000000E+00   0.0000000E+00
   1.5406337E+03   1.2000000E+02   1.1600000E+02   0.0000000E+00   0.0000000E+00
   1.5406412E+03   1.3100000E+02   1.3000000E+02   0.0000000E+00   0.0000000E+00
   1.5406488E+03   1.1500000E+02   1.1100000E+02   0.0000000E+00   0.0000000E+00
   1.5406563E+03   1.3900000E+02   1.3900000E+02   0.0000000E+00   0.0000000E+00
   1.5406638E+03   1.2000000E+02   1.1800000E+02   0.0000000E+00   0.0000000E+00
   1.5406713E+03   1.2500000E+02   1.2400000E+02   0.0000000E+00   0.0000000E+00
   1.5406789E+03   1.2300000E+02   1.1900000E+02   0.0000000E+00   0.0000000E+00
   1.5406864E+03   1.1500000E+02   1.1200000E+02   0.0000000E+00   0.0000000E+00
   1.5406939E+03   1.2700000E+02   1.2500000E+02   0.0000000E+00   0.0000000E+00
   1.5407015E+03   1.1600000E+02   1.1300000E+02   0.0000000E+00   0.0000000E+00
   1.5407090E+03   1.2900000E+02   1.2800000E+02   0.0000000E+00   0.0000000E+00
   1.5407165E+03   1.1600000E+02   1.1400000E+02   0.0000000E+00   0.0000000E+00
   1.5407240E+03   1.3100000E+02   1.2900000E+02   0.0000000E+00   0.0000000E+00
   1.5407316E+03   1.3200000E+02   1.2800000E+02   0.0000000E+00   0.0000000E+00
   1.5407391E+03   1.2600000E+02   1.2500000E+02   0.0000000E+00   0.0000000E+00
   1.5407466E+03   1.4400000E+02   1.4300000E+02   0.0000000E+00   0.0000000E+00
   1.5407542E+03   1.2800000E+02   1.2200000E+02   0.0000000E+00   0.0000000E+00
   1.5407617E+03   1.3700000E+02   1.3700000E+02   0.0000000E+00   0.0000000E+00
   1.5407692E+03   1.5100000E+02   1.4900000E+02   0.0000000E+00   0.0000000E+00
   1.5407767E+03   1.3400000E+02   1.3000000E+02   0.0000000E+00   0.0000000E+00
   1.5407843E+03   1.2500000E+02   1.2300000E+02   0.0000000E+00   0.0000000E+00
   1.5407918E+03   1.1900000E+02   1.1700000E+02   0.0000000E+00   0.0000000E+00
   1.5407993E+03   1.4300000E+02   1.4300000E+02   0.0000000E+00   0.0000000E+00
   1.5408069E+03   1.3400000E+02   1.3300000E+02   0.0000000E+00   0.0000000E+00
   1.5408144E+03   1.2200000E+02   1.2200000E+02   0.0000000E+00   0.0000000E+00
   1.5408219E+03   1.2700000E+02   1.2500000E+02   0.0000000E+00   0.0000000E+00
   1.5408294E+03   1.4600000E+02   1.4200000E+02   0.0000000E+00   0.0000000E+00
   1.5408370E+03   1.3200000E+02   1.3000000E+02   0.0000000E+00   0.0000000E+00
   1.5408445E+03   1.5400000E+02   1.5300000E+02   0.0000000E+00   0.0000000E+00
   1.5408520E+03   1.4500000E+02   1.4300000E+02   0.0000000E+00   0.0000000E+00
   1.5408596E+03   1.4800000E+02   1.4400000E+02   0.0000000E+00   0.0000000E+00
   1.5408671E+03   1.3800000E+02   1.3500000E+02   0.0000000E+00   0.0000000E+00
   1.5408746E+03   1.4400000E+02   1.4400000E+02   0.0000000E+00   0.0000000E+00
   1.5408821E+03   1.3600000E+02   1.3400000E+02   0.0000000E+00   0.0000000E+00
   1.5408897E+03   1.2000000E+02   1.1900000E+02   0.0000000E+00   0.0000000E+00
   1.5408972E+03   1.5600000E+02   1.5600000E+02   0.0000000E+00   0.0000000E+00
   1.5409047E+03   1.5900000E+02   1.5600000E+02   0.0000000E+00   0.0000000E+00
   1.5409123E+03   1.6700000E+02   1.6600000E+02   0.0000000E+00   0.0000000E+00
   1.5409198E+03   1.6000000E+02   1.5800000E+02   0.0000000E+00   0.0000000E+00
   1.5409273E+03   1.3800000E+02   1.3600000E+02   0.0000000E+00   0.0000000E+00
   1.5409348E+03   1.6900000E+02   1.6300000E+02   0.0000000E+00   0.0000000E+00
   1.5409424E+03   1.4400000E+02   1.4000000E+02   0.0000000E+00   0.0000000E+00
   1.5409499E+03   1.6500000E+02   1.6400000E+02   0.0000000E+00   0.0000000E+00
   1.5409574E+03   1.5300000E+02   1.5200000E+02   0.0000000E+00   0.0000000E+00
   1.5409650E+03   1.7000000E+02   1.6600000E+02   0.0000000E+00   0.0000000E+00
   1.5409725E+03   1.5600000E+02   1.5200000E+02   0.0000000E+00   0.0000000E+00
   1.5409800E+03   1.7800000E+02   1.7400000E+02   0.0000000E+00   0.0000000E+00
   1.5409875E+03   1.5000000E+02   1.4200000E+02   0.0000000E+00   0.0000000E+00
   1.5409951E+03   1.5900000E+02   1.5600000E+02   0.0000000E+00   0.0000000E+00
   1.5410026E+03   1.6700000E+02   1.6500000E+02   0.0000000E+00   0.0000000E+00
   1.5410101E+03   1.8100000E+02   1.7800000E+02   0.0000000E+00   0.0000000E+00
   1.5410177E+03   1.7400000E+02   1.7200000E+02   0.0000000E+00   0.0000000E+00
   1.5410252E+03   1.8900000E+02   1.8700000E+02   0.0000000E+00   0.0000000E+00
   1.5410327E+03   1.4400000E+02   1.4400000E+02   0.0000000E+00   0.0000000E+00
   1.5410402E+03   1.5600000E+02   1.5400000E+02   0.0000000E+00   0.0000000E+00
   1.5410478E+03   1.6900000E+02   1.6600000E+02   0.0000000E+00   0.0000000E+00
   1.5410553E+03   1.7500000E+02   1.6900000E+02   0.0000000E+00   0.0000000E+00
   1.5410628E+03   1.8200000E+02   1.7900000E+02   0.0000000E+00   0.0000000E+00
   1.5410704E+03   1.9100000E+02   1.8800000E+02   0.0000000E+00   0.0000000E+00
   1.5410779E+03   1.7400000E+02   1.7000000E+02   0.0000000E+00   0.0000000E+00
   1.5410854E+03   1.7800000E+02   1.7500000E+02   0.0000000E+00   0.0000000E+00
   1.5410929E+03   1.8900000E+02   1.8200000E+02   0.0000000E+00   0.0000000E+00
   1.5411005E+03   2.0200000E+02   1.9900000E+02   0.0000000E+00   0.0000000E+00
   1.5411080E+03   1.8600000E+02   1.8300000E+02   0.0000000E+00   0.0000000E+00
   1.5411155E+03   1.8900000E+02   1.8400000E+02   0.0000000E+00   0.0000000E+00
   1.5411230E+03   2.2000000E+02   2.1500000E+02   0.0000000E+00   0.0000000E+00
   1.5411306E+03   1.8800000E+02   1.8500000E+02   0.0000000E+00   0.0000000E+00
   1.5411381E+03   2.0300000E+02   2.0100000E+02   0.0000000E+00   0.0000000E+00
   1.5411456E+03   1.8300000E+02   1.7800000E+02   0.0000000E+00   0.0000000E+00
   1.5411532E+03   2.1500000E+02   2.1400000E+02   0.0000000E+00   0.0000000E+00
   1.5411607E+03   1.8400000E+02   1.7900000E+02   0.0000000E+00   0.0000000E+00
   1.5411682E+03   1.9600000E+02   1.9200000E+02   0.0000000E+00   0.0000000E+00
   1.5411757E+03   2.2200000E+02   2.2000000E+02   0.0000000E+00   0.0000000E+00
   1.5411833E+03   2.4100000E+02   2.3500000E+02   0.0000000E+00   0.0000000E+00
   1.5411908E+03   2.2500000E+02   2.2200000E+02   0.0000000E+00   0.0000000E+00
   1.5411983E+03   2.1200000E+02   2.0900000E+02   0.0000000E+00   0.0000000E+00
   1.5412059E+03   1.7500000E+02   1.7300000E+02   0.0000000E+00   0.0000000E+00
   1.5412134E+03   2.4200000E+02   2.4000000E+02   0.0000000E+00   0.0000000E+00
   1.5412209E+03   2.2400000E+02   2.1800000E+02   0.0000000E+00   0.0000000E+00
   1.5412284E+03   2.1300000E+02   2.1000000E+02   0.0000000E+00   0.0000000E+00
   1.5412360E+03   2.2300000E+02   2.2100000E+02   0.0000000E+00   0.0000000E+00
   1.5412435E+03   2.1200000E+02   2.0700000E+02   0.0000000E+00   0.0000000E+00
   1.5412510E+03   1.9900000E+02   1.9900000E+02   0.0000000E+00   0.0000000E+00
   1.5412586E+03   2.2800000E+02   2.2600000E+02   0.0000000E+00   0.0000000E+00
   1.5412661E+03   2.1100000E+02   2.1000000E+02   0.0000000E+00   0.0000000E+00
   1.5412736E+03   2.0600000E+02   2.0200000E+02   0.0000000E+00   0.0000000E+00
   1.5412811E+03   2.2000000E+02   2.1700000E+02   0.0000000E+00   0.0000000E+00
   1.5412887E+03   1.9100000E+02   1.8800000E+02   0.0000000E+00   0.0000000E+00
   1.5412962E+03   2.1400000E+02   2.1300000E+02   5.2661180E-04   5.2908416E-04
   1.5413037E+03   2.3200000E+02   2.2900000E+02   0.0000000E+00   0.0000000E+00
   1.5413113E+03   2.1700000E+02   2.1200000E+02   0.0000000E+00   0.0000000E+00
   1.5413188E+03   2.3800000E+02   2.3500000E+02   0.0000000E+00   0.0000000E+00
   1.5413263E+03   2.4000000E+02   2.3500000E+02   0.0000000E+00   0.0000000E+00
   1.5413338E+03   2.4200000E+02   2.3600000E+02   0.0000000E+00   0.0000000E+00
   1.5413414E+03   2.4100000E+02   2.3700000E+02   0.0000000E+00   0.0000000E+00
   1.5413489E+03   2.3400000E+02   2.2800000E+02   0.0000000E+00   0.0000000E+00
   1.5413564E+03   2.5400000E+02   2.5000000E+02   0.0000000E+00   0.0000000E+00
   1.5413640E+03   2.6700000E+02   2.6400000E+02   0.0000000E+00   0.0000000E+00
   1.5413715E+03   2.3400000E+02   2.3200000E+02   0.0000000E+00   0.0000000E+00
   1.5413790E+03   2.4800000E+02   2.4500000E+02   0.0000000E+00   0.0000000E+00
   1.5413865E+03   2.4600000E+02   2.4100000E+02   0.0000000E+00   0.0000000E+00
   1.5413941E+03   2.5800000E+02   2.5100000E+02   0.0000000E+00   0.0000000E+00
   1.5414016E+03   2.5100000E+02   2.4700000E+02   0.0000000E+00   0.0000000E+00
   1.5414091E+03   2.6000000E+02   2.5700000E+02   0.0000000E+00   0.0000000E+00
   1.5414167E+03   2.6100000E+02   2.5500000E+02   0.0000000E+00   0.0000000E+00
   1.5414242E+03   2.7000000E+02   2.6500000E+02   0.0000000E+00   0.0000000E+00
   1.5414317E+03   2.8200000E+02   2.6900000E+02   0.0000000E+00   0.0000000E+00
   1.5414392E+03   2.8300000E+02   2.8000000E+02   0.0000000E+00   0.0000000E+00
   1.5414468E+03   3.0500000E+02   3.0500000E+02   0.0000000E+00   0.0000000E+00
   1.5414543E+03   2.6700000E+02   2.6100000E+02   0.0000000E+00   0.0000000E+00
   1.5414618E+03   2.6000000E+02   2.5800000E+02   0.0000000E+00   0.0000000E+00
   1.5414694E+03   3.0700000E+02   3.0400000E+02   0.0000000E+00   0.0000000E+00
   1.5414769E+03   2.9100000E+02   2.8800000E+02   0.0000000E+00   0.0000000E+00
   1.5414844E+03   2.9900000E+02   2.9500000E+02   0.0000000E+00   0.0000000E+00
   1.5414919E+03   2.7300000E+02   2.7000000E+02   0.0000000E+00   0.0000000E+00
   1.5414995E+03   2.6900000E+02   2.6300000E+02   0.0000000E+00   0.0000000E+00
   1.5415070E+03   2.9300000E+02   2.8600000E+02   0.0000000E+00   0.0000000E+00
   1.5415145E+03   3.0900000E+02   3.0200000E+02   0.0000000E+00   0.0000000E+00
   1.5415221E+03   2.7900000E+02   2.7300000E+02   0.0000000E+00   0.0000000E+00
   1.5415296E+03   2.6900000E+02   2.6500000E+02   0.0000000E+00   0.0000000E+00
   1.5415371E+03   2.9500000E+02   2.8200000E+02   0.0000000E+00   0.0000000E+00
   1.5415446E+03   2.8600000E+02   2.8200000E+02   0.0000000E+00   0.0000000E+00
   1.5415522E+03   3.1600000E+02   3.1300000E+02   0.0000000E+00   0.0000000E+00
   1.5415597E+03   3.0600000E+02   3.0000000E+02   0.0000000E+00   0.0000000E+00
   1.5415672E+03   2.9900000E+02   2.9200000E+02   0.0000000E+00   0.0000000E+00
   1.5415747E+03   2.9700000E+02   2.9000000E+02   0.0000000E+00   0.0000000E+00
   1.5415823E+03   3.1300000E+02   3.0900000E+02   0.0000000E+00   0.0000000E+00
   1.5415898E+03   3.2700000E+02   3.2500000E+02   0.0000000E+00   0.0000000E+00
   1.5415973E+03   3.1200000E+02   3.0600000E+02   0.0000000E+00   0.0000000E+00
   1.5416049E+03   3.3500000E+02   3.3000000E+02   0.0000000E+00   0.0000000E+00
   1.5416124E+03   3.3300000E+02   3.2700000E+02   0.0000000E+00   0.0000000E+00
   1.5416199E+03   3.5400000E+02   3.4800000E+02   0.0000000E+00   0.0000000E+00
   1.5416274E+03   2.6800000E+02   2.5900000E+02   0.0000000E+00   0.0000000E+00
   1.5416350E+03   3.4900000E+02   3.4600000E+02   0.0000000E+00   0.0000000E+00
   1.5416425E+03   3.2900000E+02   3.2500000E+02   0.0000000E+00   0.0000000E+00
   1.5416500E+03   3.4200000E+02   3.3600000E+02   0.0000000E+00   0.0000000E+00
   1.5416576E+03   3.3200000E+02   3.2100000E+02   0.0000000E+00   0.0000000E+00
   1.5416651E+03   3.1300000E+02   3.0500000E+02   0.0000000E+00   0.0000000E+00
   1.5416726E+03   3.4400000E+02   3.3500000E+02   0.0000000E+00   0.0000000E+00
   1.5416801E+03   3.2000000E+02   3.1400000E+02   0.0000000E+00   0.0000000E+00
   1.5416877E+03   3.2400000E+02   3.1900000E+02   0.0000000E+00   0.0000000E+00
   1.5416952E+03   3.3000000E+02   3.2700000E+02   0.0000000E+00   0.0000000E+00
   1.5417027E+03   3.6900000E+02   3.6600000E+02   0.0000000E+00   0.0000000E+00
   1.5417103E+03   3.4700000E+02   3.4200000E+02   0.0000000E+00   0.0000000E+00
   1.5417178E+03   3.5200000E+02   3.4600000E+02   0.0000000E+00   0.0000000E+00
   1.5417253E+03   3.6400000E+02   3.5900000E+02   0.0000000E+00   0.0000000E+00
   1.5417328E+03   3.4600000E+02   3.3900000E+02   0.0000000E+00   0.0000000E+00
   1.5417404E+03   3.7000000E+02   3.6400000E+02   0.0000000E+00   0.0000000E+00
   1.5417479E+03   3.8500000E+02   3.7700000E+02   0.0000000E+00   0.0000000E+00
   1.5417554E+03   3.9200000E+02   3.8600000E+02   0.0000000E+00   0.0000000E+00
   1.5417630E+03   3.6300000E+02   3.5700000E+02   0.0000000E+00   0.0000000E+00
   1.5417705E+03   3.3900000E+02   3.3300000E+02   0.0000000E+00   0.0000000E+00
   1.5417780E+03   3.5000000E+02   3.4600000E+02   0.0000000E+00   0.0000000E+00
   1.5417855E+03   3.5200000E+02   3.4800000E+02   0.0000000E+00   0.0000000E+00
   1.5417931E+03   3.7600000E+02   3.6600000E+02   0.0000000E+00   0.0000000E+00
   1.5418006E+03   3.9900000E+02   3.9000000E+02   0.0000000E+00   0.0000000E+00
   1.5418081E+03   3.7700000E+02   3.6900000E+02   0.0000000E+00   0.0000000E+00
   1.5418157E+03   3.7800000E+02   3.7200000E+02   0.0000000E+00   0.0000000E+00
   1.5418232E+03   3.8300000E+02   3.7700000E+02   0.0000000E+00   0.0000000E+00
   1.5418307E+03   4.0400000E+02   3.9300000E+02   0.0000000E+00   0.0000000E+00
   1.5418382E+03   3.5800000E+02   3.5100000E+02   0.0000000E+00   0.0000000E+00
   1.5418458E+03   3.8900000E+02   3.8200000E+02   0.0000000E+00   0.0000000E+00
   1.5418533E+03   3.7800000E+02   3.7200000E+02   0.0000000E+00   0.0000000E+00
   1.5418608E+03   4.0500000E+02   3.9800000E+02   0.0000000E+00   0.0000000E+00
   1.5418684E+03   4.0300000E+02   3.9600000E+02   0.0000000E+00   0.0000000E+00
   1.5418759E+03   3.9500000E+02   3.8800000E+02   0.0000000E+00   0.0000000E+00
   1.5418834E+03   4.2700000E+02   4.2100000E+02   0.0000000E+00   0.0000000E+00
   1.5418909E+03   3.8600000E+02   3.7400000E+02   0.0000000E+00   0.0000000E+00
   1.5418985E+03   4.0500000E+02   3.9300000E+02   0.0000000E+00   0.0000000E+00
   1.5419060E+03   3.9000000E+02   3.8000000E+02   0.0000000E+00   0.0000000E+00
   1.5419135E+03   4.5100000E+02   4.4700000E+02   0.0000000E+00   0.0000000E+00
   1.5419211E+03   4.2400000E+02   4.1400000E+02   0.0000000E+00   0.0000000E+00
   1.5419286E+03   3.9900000E+02   3.9000000E+02   0.0000000E+00   0.0000000E+00
   1.5419361E+03   4.5800000E+02   4.4600000E+02   0.0000000E+00   0.0000000E+00
   1.5419436E+03   4.4500000E+02   4.4000000E+02   0.0000000E+00   0.0000000E+00
   1.5419512E+03   4.7200000E+02   4.7000000E+02   0.0000000E+00   0.0000000E+00
   1.5419587E+03   4.4800000E+02   4.4100000E+02   0.0000000E+00   0.0000000E+00
   1.5419662E+03   4.9100000E+02   4.7900000E+02   0.0000000E+00   0.0000000E+00
   1.5419738E+03   4.6100000E+02   4.5500000E+02   0.0000000E+00   0.0000000E+00
   1.5419813E+03   4.3700000E+02   4.2900000E+02   0.0000000E+00   0.0000000E+00
   1.5419888E+03   4.4500000E+02   4.3900000E+02   0.0000000E+00   0.0000000E+00
   1.5419963E+03   4.7800000E+02   4.6800000E+02   0.0000000E+00   0.0000000E+00
   1.5420039E+03   4.7200000E+02   4.6600000E+02   0.0000000E+00   0.0000000E+00
   1.5420114E+03   4.6900000E+02   4.6100000E+02   0.0000000E+00   0.0000000E+00
   1.5420189E+03   5.0300000E+02   4.9300000E+02   0.0000000E+00   0.0000000E+00
   1.5420264E+03   4.9100000E+02   4.8300000E+02   0.0000000E+00   0.0000000E+00
   1.5420340E+03   4.9100000E+02   4.8200000E+02   0.0000000E+00   0.0000000E+00
   1.5420415E+03   4.6700000E+02   4.5200000E+02   0.0000000E+00   0.0000000E+00
   1.5420490E+03   4.7500000E+02   4.6500000E+02   0.0000000E+00   0.0000000E+00
   1.5420566E+03   4.7600000E+02   4.6100000E+02   0.0000000E+00   0.0000000E+00
   1.5420641E+03   5.1000000E+02   5.0300000E+02   0.0000000E+00   0.0000000E+00
   1.5420716E+03   5.0900000E+02   4.9400000E+02   0.0000000E+00   0.0000000E+00
   1.5420791E+03   5.2300000E+02   5.1400000E+02   0.0000000E+00   0.0000000E+00
   1.5420867E+03   5.0700000E+02   4.9800000E+02   0.0000000E+00   0.0000000E+00
   1.5420942E+03   5.4200000E+02   5.3000000E+02   0.0000000E+00   0.0000000E+00
   1.5421017E+03   5.4400000E+02   5.3000000E+02   0.0000000E+00   0.0000000E+00
   1.5421093E+03   5.3000000E+02   5.2200000E+02   0.0000000E+00   0.0000000E+00
   1.5421168E+03   5.0400000E+02   4.9900000E+02   0.0000000E+00   0.0000000E+00
   1.5421243E+03   5.4100000E+02   5.3000000E+02   0.0000000E+00   0.0000000E+00
   1.5421318E+03   5.1900000E+02   5.0900000E+02   0.0000000E+00   0.0000000E+00
   1.5421394E+03   5.4000000E+02   5.3500000E+02   0.0000000E+00   0.0000000E+00
   1.5421469E+03   5.2500000E+02   5.1100000E+02   0.0000000E+00   0.0000000E+00
   1.5421544E+03   5.0200000E+02   4.8900000E+02   0.0000000E+00   0.0000000E+00
   1.5421620E+03   5.4000000E+02   5.2100000E+02   0.0000000E+00   0.0000000E+00
   1.5421695E+03   5.4300000E+02   5.3400000E+02   0.0000000E+00   0.0000000E+00
   1.5421770E+03   5.4100000E+02   5.3100000E+02   0.0000000E+00   0.0000000E+00
   1.5421845E+03   5.2500000E+02   5.1400000E+02   0.0000000E+00   0.0000000E+00
   1.5421921E+03   5.6200000E+02   5.5500000E+02   0.0000000E+00   0.0000000E+00
   1.5421996E+03   5.7800000E+02   5.6800000E+02   0.0000000E+00   0.0000000E+00
   1.5422071E+03   5.8600000E+02   5.7600000E+02   0.0000000E+00   0.0000000E+00
   1.5422147E+03   5.3400000E+02   5.2600000E+02   0.0000000E+00   0.0000000E+00
   1.5422222E+03   5.8400000E+02   5.7600000E+02   0.0000000E+00   0.0000000E+00
   1.5422297E+03   5.4000000E+02   5.2700000E+02   0.0000000E+00   0.0000000E+00
   1.5422372E+03   5.7100000E+02   5.5900000E+02   0.0000000E+00   0.0000000E+00
   1.5422448E+03   5.9400000E+02   5.7900000E+02   0.0000000E+00   0.0000000E+00
   1.5422523E+03   5.6600000E+02   5.5500000E+02   0.0000000E+00   0.0000000E+00
   1.5422598E+03   6.0000000E+02   5.9000000E+02   0.0000000E+00   0.0000000E+00
   1.5422674E+03   5.4100000E+02   5.3200000E+02   0.0000000E+00   0.0000000E+00
   1.5422749E+03   5.8100000E+02   5.6900000E+02   0.0000000E+00   0.0000000E+00
   1.5422824E+03   5.9000000E+02   5.7400000E+02   0.0000000E+00   0.0000000E+00
   1.5422899E+03   6.0300000E+02   5.9500000E+02   0.0000000E+00   0.0000000E+00
   1.5422975E+03   5.8300000E+02   5.7200000E+02   0.0000000E+00   0.0000000E+00
   1.5423050E+03   5.7300000E+02   5.5200000E+02   0.0000000E+00   0.0000000E+00
   1.5423125E+03   6.2800000E+02   6.1500000E+02   0.0000000E+00   0.0000000E+00
   1.5423201E+03   6.2200000E+02   6.1100000E+02   0.0000000E+00   0.0000000E+00
   1.5423276E+03   5.9800000E+02   5.8500000E+02   0.0000000E+00   0.0000000E+00
   1.5423351E+03   6.2700000E+02   6.1400000E+02   0.0000000E+00   0.0000000E+00
   1.5423426E+03   6.5500000E+02   6.3800000E+02   0.0000000E+00   0.0000000E+00
   1.5423502E+03   6.0200000E+02   5.8800000E+02   0.0000000E+00   0.0000000E+00
   1.5423577E+03   6.6000000E+02   6.4300000E+02   0.0000000E+00   0.0000000E+00
   1.5423652E+03   7.0100000E+02   6.8700000E+02   0.0000000E+00   0.0000000E+00
   1.5423728E+03   6.7100000E+02   6.5700000E+02   0.0000000E+00   0.0000000E+00
   1.5423803E+03   6.5800000E+02   6.4200000E+02   0.0000000E+00   0.0000000E+00
   1.5423878E+03   6.9000000E+02   6.8300000E+02   0.0000000E+00   0.0000000E+00
   1.5423953E+03   6.4200000E+02   6.2800000E+02   0.0000000E+00   0.0000000E+00
   1.5424029E+03   6.6900000E+02   6.5700000E+02   0.0000000E+00   0.0000000E+00
   1.5424104E+03   6.7100000E+02   6.5900000E+02   0.0000000E+00   0.0000000E+00
   1.5424179E+03   6.9200000E+02   6.7900000E+02   0.0000000E+00   0.0000000E+00
   1.5424255E+03   6.7900000E+02   6.6600000E+02   0.0000000E+00   0.0000000E+00
   1.5424330E+03   6.8000000E+02   6.7100000E+02   0.0000000E+00   0.0000000E+00
   1.5424405E+03   6.9800000E+02   6.8400000E+02   0.0000000E+00   0.0000000E+00
   1.5424480E+03   6.8300000E+02   6.7100000E+02   0.0000000E+00   0.0000000E+00
   1.5424556E+03   6.4100000E+02   6.3200000E+02   0.0000000E+00   0.0000000E+00
   1.5424631E+03   6.9700000E+02   6.8800000E+02   0.0000000E+00   0.0000000E+00
   1.5424706E+03   7.2500000E+02   7.1400000E+02   0.0000000E+00   0.0000000E+00
   1.5424781E+03   7.1300000E+02   7.0000000E+02   0.0000000E+00   0.0000000E+00
   1.5424857E+03   6.8500000E+02   6.7900000E+02   0.0000000E+00   0.0000000E+00
   1.5424932E+03   7.2600000E+02   7.1200000E+02   0.0000000E+00   0.0000000E+00
   1.5425007E+03   7.0900000E+02   6.9900000E+02   0.0000000E+00   0.0000000E+00
   1.5425083E+03   7.5400000E+02   7.3800000E+02   0.0000000E+00   0.0000000E+00
   1.5425158E+03   6.9300000E+02   6.8300000E+02   0.0000000E+00   0.0000000E+00
   1.5425233E+03   7.2400000E+02   7.1600000E+02   0.0000000E+00   0.0000000E+00
   1.5425308E+03   7.1000000E+02   7.0300000E+02   0.0000000E+00   0.0000000E+00
   1.5425384E+03   7.3300000E+02   7.1600000E+02   0.0000000E+00   0.0000000E+00
   1.5425459E+03   7.1800000E+02   7.0600000E+02   0.0000000E+00   0.0000000E+00
   1.5425534E+03   7.4800000E+02   7.3700000E+02   4.4217514E-04   4.4877477E-04
   1.5425610E+03   7.3000000E+02   7.1200000E+02   0.0000000E+00   0.0000000E+00
   1.5425685E+03   7.4600000E+02   7.3500000E+02   0.0000000E+00   0.0000000E+00
   1.5425760E+03   7.5000000E+02   7.3700000E+02   0.0000000E+00   0.0000000E+00
   1.5425835E+03   7.8100000E+02   7.6400000E+02   0.0000000E+00   0.0000000E+00
   1.5425911E+03   8.2900000E+02   8.0900000E+02   0.0000000E+00   0.0000000E+00
   1.5425986E+03   8.1600000E+02   8.0400000E+02   0.0000000E+00   0.0000000E+00
   1.5426061E+03   8.2700000E+02   8.1200000E+02   0.0000000E+00   0.0000000E+00
   1.5426137E+03   8.0200000E+02   7.8700000E+02   0.0000000E+00   0.0000000E+00
   1.5426212E+03   7.7600000E+02   7.5500000E+02   0.0000000E+00   0.0000000E+00
   1.5426287E+03   7.8400000E+02   7.7200000E+02   0.0000000E+00   0.0000000E+00
   1.5426362E+03   7.5600000E+02   7.3800000E+02   0.0000000E+00   0.0000000E+00
   1.5426438E+03   8.1600000E+02   8.0700000E+02   0.0000000E+00   0.0000000E+00
   1.5426513E+03   8.2100000E+02   8.0400000E+02   0.0000000E+00   0.0000000E+00
   1.5426588E+03   7.7500000E+02   7.6400000E+02   0.0000000E+00   0.0000000E+00
   1.5426664E+03   8.1200000E+02   7.9700000E+02   0.0000000E+00   0.0000000E+00
   1.5426739E+03   7.8700000E+02   7.7500000E+02   0.0000000E+00   0.0000000E+00
   1.5426814E+03   8.4100000E+02   8.2500000E+02   0.0000000E+00   0.0000000E+00
   1.5426889E+03   8.2900000E+02   8.1500000E+02   0.0000000E+00   0.0000000E+00
   1.5426965E+03   8.2200000E+02   8.0700000E+02   0.0000000E+00   0.0000000E+00
   1.5427040E+03   8.4000000E+02   8.3000000E+02   0.0000000E+00   0.0000000E+00
   1.5427115E+03   8.5700000E+02   8.3900000E+02   0.0000000E+00   0.0000000E+00
   1.5427191E+03   8.5900000E+02   8.3800000E+02   0.0000000E+00   0.0000000E+00
   1.5427266E+03   8.4600000E+02   8.3600000E+02   0.0000000E+00   0.0000000E+00
   1.5427341E+03   9.0000000E+02   8.7700000E+02   0.0000000E+00   0.0000000E+00
   1.5427416E+03   8.1100000E+02   7.8900000E+02   0.0000000E+00   0.0000000E+00
   1.5427492E+03   8.5800000E+02   8.3800000E+02   0.0000000E+00   0.0000000E+00
   1.5427567E+03   9.3600000E+02   9.2200000E+02   0.0000000E+00   0.0000000E+00
   1.5427642E+03   9.1900000E+02   9.0800000E+02   0.0000000E+00   0.0000000E+00
   1.5427718E+03   8.8500000E+02   8.7000000E+02   0.0000000E+00   0.0000000E+00
   1.5427793E+03   9.2500000E+02   9.0600000E+02   0.0000000E+00   0.0000000E+00
   1.5427868E+03   8.7300000E+02   8.5100000E+02   0.0000000E+00   0.0000000E+00
   1.5427943E+03   9.4400000E+02   9.3000000E+02   0.0000000E+00   0.0000000E+00
   1.5428019E+03   9.1400000E+02   8.9900000E+02   0.0000000E+00   0.0000000E+00
   1.5428094E+03   9.3700000E+02   9.1800000E+02   0.0000000E+00   0.0000000E+00
   1.5428169E+03   9.3100000E+02   9.1200000E+02   0.0000000E+00   0.0000000E+00
   1.5428245E+03   9.3100000E+02   9.1700000E+02   0.0000000E+00   0.0000000E+00
   1.5428320E+03   9.7100000E+02   9.5900000E+02   0.0000000E+00   0.0000000E+00
   1.5428395E+03   9.0400000E+02   8.8800000E+02   0.0000000E+00   0.0000000E+00
   1.5428470E+03   8.9500000E+02   8.7900000E+02   0.0000000E+00   0.0000000E+00
   1.5428546E+03   9.9800000E+02   9.8400000E+02   0.0000000E+00   0.0000000E+00
   1.5428621E+03   9.6600000E+02   9.4100000E+02   0.0000000E+00   0.0000000E+00
   1.5428696E+03   9.4000000E+02   9.2100000E+02   0.0000000E+00   0.0000000E+00
   1.5428772E+03   9.3000000E+02   9.0900000E+02   0.0000000E+00   0.0000000E+00
   1.5428847E+03   9.9000000E+02   9.6900000E+02   0.0000000E+00   0.0000000E+00
   1.5428922E+03   9.8600000E+02   9.6600000E+02   0.0000000E+00   0.0000000E+00
   1.5428997E+03   9.7400000E+02   9.5300000E+02   0.0000000E+00   0.0000000E+00
   1.5429073E+03   9.6900000E+02   9.4500000E+02   0.0000000E+00   0.0000000E+00
   1.5429148E+03   1.0100000E+03   9.9600000E+02   1.1794609E-03   1.1960396E-03
   1.5429223E+03   1.0040000E+03   9.8900000E+02   0.0000000E+00   0.0000000E+00
   1.5429298E+03   1.0290000E+03   1.0120000E+03   0.0000000E+00   0.0000000E+00
   1.5429374E+03   1.0230000E+03   1.0010000E+03   0.0000000E+00   0.0000000E+00
   1.5429449E+03   9.8700000E+02   9.7100000E+02   0.0000000E+00   0.0000000E+00
   1.5429524E+03   1.0610000E+03   1.0390000E+03   0.0000000E+00   0.0000000E+00
   1.5429600E+03   1.0250000E+03   1.0110000E+03   0.0000000E+00   0.0000000E+00
   1.5429675E+03   1.0130000E+03   9.9400000E+02   0.0000000E+00   0.0000000E+00
   1.5429750E+03   1.0790000E+03   1.0620000E+03   0.0000000E+00   0.0000000E+00
   1.5429825E+03   1.1460000E+03   1.1150000E+03   0.0000000E+00   0.0000000E+00
   1.5429901E+03   1.1170000E+03   1.0960000E+03   0.0000000E+00   0.0000000E+00
   1.5429976E+03   1.0460000E+03   1.0230000E+03   0.0000000E+00   0.0000000E+00
   1.5430051E+03   1.0950000E+03   1.0660000E+03   0.0000000E+00   0.0000000E+00
   1.5430127E+03   1.0700000E+03   1.0540000E+03   3.2273829E-04   3.2763754E-04
   1.5430202E+03   1.1560000E+03   1.1310000E+03   0.0000000E+00   0.0000000E+00
   1.5430277E+03   1.0990000E+03   1.0830000E+03   0.0000000E+00   0.0000000E+00
   1.5430352E+03   1.0720000E+03   1.0460000E+03   0.0000000E+00   0.0000000E+00
   1.5430428E+03   1.1240000E+03   1.1060000E+03   0.0000000E+00   0.0000000E+00
   1.5430503E+03   1.1150000E+03   1.0910000E+03   0.0000000E+00   0.0000000E+00
   1.5430578E+03   1.2070000E+03   1.1810000E+03   0.0000000E+00   0.0000000E+00
   1.5430654E+03   1.1440000E+03   1.1270000E+03   0.0000000E+00   0.0000000E+00
   1.5430729E+03   1.1280000E+03   1.1090000E+03   0.0000000E+00   0.0000000E+00
   1.5430804E+03   1.1710000E+03   1.1510000E+03   0.0000000E+00   0.0000000E+00
   1.5430879E+03   1.1920000E+03   1.1660000E+03   0.0000000E+00   0.0000000E+00
   1.5430955E+03   1.1760000E+03   1.1470000E+03   0.0000000E+00   0.0000000E+00
   1.5431030E+03   1.2160000E+03   1.1920000E+03   0.0000000E+00   0.0000000E+00
   1.5431105E+03   1.1790000E+03   1.1460000E+03   0.0000000E+00   0.0000000E+00
   1.5431181E+03   1.2380000E+03   1.2130000E+03   0.0000000E+00   0.0000000E+00
   1.5431256E+03   1.1790000E+03   1.1500000E+03   0.0000000E+00   0.0000000E+00
   1.5431331E+03   1.1720000E+03   1.1450000E+03   0.0000000E+00   0.0000000E+00
   1.5431406E+03   1.2080000E+03   1.1940000E+03   0.0000000E+00   0.0000000E+00
   1.5431482E+03   1.2090000E+03   1.1780000E+03   0.0000000E+00   0.0000000E+00
   1.5431557E+03   1.2120000E+03   1.1900000E+03   0.0000000E+00   0.0000000E+00
   1.5431632E+03   1.1520000E+03   1.1290000E+03   0.0000000E+00   0.0000000E+00
   1.5431708E+03   1.2250000E+03   1.2000000E+03   0.0000000E+00   0.0000000E+00
   1.5431783E+03   1.2590000E+03   1.2370000E+03   0.0000000E+00   0.0000000E+00
   1.5431858E+03   1.2360000E+03   1.2130000E+03   0.0000000E+00   0.0000000E+00
   1.5431933E+03   1.2330000E+03   1.2150000E+03   0.0000000E+00   0.0000000E+00
   1.5432009E+03   1.2940000E+03   1.2670000E+03   0.0000000E+00   0.0000000E+00
   1.5432084E+03   1.2500000E+03   1.2240000E+03   0.0000000E+00   0.0000000E+00
   1.5432159E+03   1.2650000E+03   1.2390000E+03   0.0000000E+00   0.0000000E+00
   1.5432235E+03   1.2750000E+03   1.2520000E+03   0.0000000E+00   0.0000000E+00
   1.5432310E+03   1.2130000E+03   1.1950000E+03   1.0422397E-04   1.0579387E-04
   1.5432385E+03   1.3600000E+03   1.3300000E+03   0.0000000E+00   0.0000000E+00
   1.5432460E+03   1.3050000E+03   1.2860000E+03   0.0000000E+00   0.0000000E+00
   1.5432536E+03   1.3650000E+03   1.3330000E+03   0.0000000E+00   0.0000000E+00
   1.5432611E+03   1.3230000E+03   1.3010000E+03   0.0000000E+00   0.0000000E+00
   1.5432686E+03   1.3220000E+03   1.2990000E+03   0.0000000E+00   0.0000000E+00
   1.5432762E+03   1.3260000E+03   1.2980000E+03   0.0000000E+00   0.0000000E+00
   1.5432837E+03   1.3160000E+03   1.2930000E+03   0.0000000E+00   0.0000000E+00
   1.5432912E+03   1.3410000E+03   1.3150000E+03   0.0000000E+00   0.0000000E+00
   1.5432987E+03   1.3400000E+03   1.3120000E+03   0.0000000E+00   0.0000000E+00
   1.5433063E+03   1.3870000E+03   1.3550000E+03   0.0000000E+00   0.0000000E+00
   1.5433138E+03   1.3760000E+03   1.3500000E+03   0.0000000E+00   0.0000000E+00
   1.5433213E+03   1.3640000E+03   1.3380000E+03   0.0000000E+00   0.0000000E+00
   1.5433289E+03   1.3880000E+03   1.3690000E+03   0.0000000E+00   0.0000000E+00
   1.5433364E+03   1.4200000E+03   1.3890000E+03   0.0000000E+00   0.0000000E+00
   1.5433439E+03   1.3800000E+03   1.3520000E+03   0.0000000E+00   0.0000000E+00
   1.5433514E+03   1.4380000E+03   1.4020000E+03   0.0000000E+00   0.0000000E+00
   1.5433590E+03   1.4020000E+03   1.3830000E+03   0.0000000E+00   0.0000000E+00
   1.5433665E+03   1.4500000E+03   1.4220000E+03   0.0000000E+00   0.0000000E+00
   1.5433740E+03   1.5730000E+03   1.5390000E+03   0.0000000E+00   0.0000000E+00
   1.5433815E+03   1.4380000E+03   1.4080000E+03   0.0000000E+00   0.0000000E+00
   1.5433891E+03   1.4770000E+03   1.4540000E+03   0.0000000E+00   0.0000000E+00
   1.5433966E+03   1.4810000E+03   1.4510000E+03   0.0000000E+00   0.0000000E+00
   1.5434041E+03   1.4630000E+03   1.4360000E+03   0.0000000E+00   0.0000000E+00
   1.5434117E+03   1.4710000E+03   1.4470000E+03   0.0000000E+00   0.0000000E+00
   1.5434192E+03   1.4850000E+03   1.4580000E+03   0.0000000E+00   0.0000000E+00
   1.5434267E+03   1.4600000E+03   1.4220000E+03   0.0000000E+00   0.0000000E+00
   1.5434342E+03   1.4930000E+03   1.4590000E+03   0.0000000E+00   0.0000000E+00
   1.5434418E+03   1.5440000E+03   1.5170000E+03   0.0000000E+00   0.0000000E+00
   1.5434493E+03   1.4800000E+03   1.4490000E+03   0.0000000E+00   0.0000000E+00
   1.5434568E+03   1.5280000E+03   1.4990000E+03   0.0000000E+00   0.0000000E+00
   1.5434644E+03   1.5570000E+03   1.5130000E+03   0.0000000E+00   0.0000000E+00
   1.5434719E+03   1.5790000E+03   1.5510000E+03   0.0000000E+00   0.0000000E+00
   1.5434794E+03   1.5580000E+03   1.5330000E+03   0.0000000E+00   0.0000000E+00
   1.5434869E+03   1.5910000E+03   1.5540000E+03   0.0000000E+00   0.0000000E+00
   1.5434945E+03   1.4990000E+03   1.4740000E+03   0.0000000E+00   0.0000000E+00
   1.5435020E+03   1.5590000E+03   1.5340000E+03   0.0000000E+00   0.0000000E+00
   1.5435095E+03   1.5800000E+03   1.5530000E+03   0.0000000E+00   0.0000000E+00
   1.5435171E+03   1.6270000E+03   1.5870000E+03   0.0000000E+00   0.0000000E+00
   1.5435246E+03   1.5980000E+03   1.5650000E+03   1.1193095E-04   1.1429116E-04
   1.5435321E+03   1.6510000E+03   1.6180000E+03   0.0000000E+00   0.0000000E+00
   1.5435396E+03   1.6070000E+03   1.5850000E+03   0.0000000E+00   0.0000000E+00
   1.5435472E+03   1.6250000E+03   1.5980000E+03   3.0371949E-05   3.0885117E-05
   1.5435547E+03   1.7250000E+03   1.6950000E+03   0.0000000E+00   0.0000000E+00
   1.5435622E+03   1.6300000E+03   1.6000000E+03   0.0000000E+00   0.0000000E+00
   1.5435698E+03   1.6640000E+03   1.6300000E+03   0.0000000E+00   0.0000000E+00
   1.5435773E+03   1.7110000E+03   1.6780000E+03   0.0000000E+00   0.0000000E+00
   1.5435848E+03   1.7060000E+03   1.6720000E+03   0.0000000E+00   0.0000000E+00
   1.5435923E+03   1.6450000E+03   1.6240000E+03   0.0000000E+00   0.0000000E+00
   1.5435999E+03   1.6860000E+03   1.6570000E+03   0.0000000E+00   0.0000000E+00
   1.5436074E+03   1.7030000E+03   1.6640000E+03   0.0000000E+00   0.0000000E+00
   1.5436149E+03   1.7240000E+03   1.6840000E+03   0.0000000E+00   0.0000000E+00
   1.5436225E+03   1.6950000E+03   1.6590000E+03   0.0000000E+00   0.0000000E+00
   1.5436300E+03   1.7220000E+03   1.7000000E+03   0.0000000E+00   0.0000000E+00
   1.5436375E+03   1.7040000E+03   1.6720000E+03   0.0000000E+00   0.0000000E+00
   1.5436450E+03   1.7740000E+03   1.7490000E+03   0.0000000E+00   0.0000000E+00
   1.5436526E+03   1.7140000E+03   1.6890000E+03   0.0000000E+00   0.0000000E+00
   1.5436601E+03   1.8010000E+03   1.7700000E+03   0.0000000E+00   0.0000000E+00
   1.5436676E+03   1.8320000E+03   1.7960000E+03   0.0000000E+00   0.0000000E+00
   1.5436752E+03   1.8140000E+03   1.7750000E+03   0.0000000E+00   0.0000000E+00
   1.5436827E+03   1.8050000E+03   1.7640000E+03   0.0000000E+00   0.0000000E+00
   1.5436902E+03   1.9230000E+03   1.8960000E+03   0.0000000E+00   0.0000000E+00
   1.5436977E+03   1.9170000E+03   1.8750000E+03   0.0000000E+00   0.0000000E+00
   1.5437053E+03   1.8810000E+03   1.8490000E+03   0.0000000E+00   0.0000000E+00
   1.5437128E+03   1.8330000E+03   1.7880000E+03   0.0000000E+00   0.0000000E+00
   1.5437203E+03   1.8890000E+03   1.8530000E+03   0.0000000E+00   0.0000000E+00
   1.5437279E+03   1.8900000E+03   1.8420000E+03   2.3371280E-04   2.3980304E-04
   1.5437354E+03   1.8750000E+03   1.8410000E+03   0.0000000E+00   0.0000000E+00
   1.5437429E+03   1.8210000E+03   1.7800000E+03   0.0000000E+00   0.0000000E+00
   1.5437504E+03   1.8240000E+03   1.7990000E+03   0.0000000E+00   0.0000000E+00
   1.5437580E+03   1.9560000E+03   1.9240000E+03   0.0000000E+00   0.0000000E+00
   1.5437655E+03   1.9300000E+03   1.8870000E+03   0.0000000E+00   0.0000000E+00
   1.5437730E+03   1.9470000E+03   1.9170000E+03   0.0000000E+00   0.0000000E+00
   1.5437806E+03   1.9170000E+03   1.8710000E+03   0.0000000E+00   0.0000000E+00
   1.5437881E+03   1.8750000E+03   1.8410000E+03   0.0000000E+00   0.0000000E+00
   1.5437956E+03   1.9570000E+03   1.9120000E+03   0.0000000E+00   0.0000000E+00
   1.5438031E+03   2.0390000E+03   1.9920000E+03   0.0000000E+00   0.0000000E+00
   1.5438107E+03   1.9220000E+03   1.8790000E+03   0.0000000E+00   0.0000000E+00
   1.5438182E+03   2.0380000E+03   2.0030000E+03   0.0000000E+00   0.0000000E+00
   1.5438257E+03   1.9400000E+03   1.9120000E+03   0.0000000E+00   0.0000000E+00
   1.5438332E+03   1.9320000E+03   1.8940000E+03   0.0000000E+00   0.0000000E+00
   1.5438408E+03   2.0510000E+03   2.0080000E+03   0.0000000E+00   0.0000000E+00
   1.5438483E+03   2.0630000E+03   2.0220000E+03   1.7711139E-04   1.8070267E-04
   1.5438558E+03   1.9890000E+03   1.9430000E+03   0.0000000E+00   0.0000000E+00
   1.5438634E+03   2.0140000E+03   1.9790000E+03   0.0000000E+00   0.0000000E+00
   1.5438709E+03   2.0120000E+03   1.9810000E+03   0.0000000E+00   0.0000000E+00
   1.5438784E+03   2.0550000E+03   2.0160000E+03   0.0000000E+00   0.0000000E+00
   1.5438859E+03   2.0970000E+03   2.0560000E+03   0.0000000E+00   0.0000000E+00
   1.5438935E+03   2.1580000E+03   2.1090000E+03   0.0000000E+00   0.0000000E+00
   1.5439010E+03   2.0940000E+03   2.0580000E+03   0.0000000E+00   0.0000000E+00
   1.5439085E+03   2.1010000E+03   2.0650000E+03   0.0000000E+00   0.0000000E+00
   1.5439161E+03   2.1670000E+03   2.1250000E+03   0.0000000E+00   0.0000000E+00
   1.5439236E+03   2.0870000E+03   2.0450000E+03   0.0000000E+00   0.0000000E+00
   1.5439311E+03   2.1380000E+03   2.0940000E+03   0.0000000E+00   0.0000000E+00
   1.5439386E+03   2.1110000E+03   2.0640000E+03   0.0000000E+00   0.0000000E+00
   1.5439462E+03   2.1750000E+03   2.1360000E+03   0.0000000E+00   0.0000000E+00
   1.5439537E+03   2.1600000E+03   2.1060000E+03   0.0000000E+00   0.0000000E+00
   1.5439612E+03   2.1380000E+03   2.0940000E+03   0.0000000E+00   0.0000000E+00
   1.5439688E+03   2.1350000E+03   2.1150000E+03   0.0000000E+00   0.0000000E+00
   1.5439763E+03   2.1520000E+03   2.1150000E+03   0.0000000E+00   0.0000000E+00
   1.5439838E+03   2.1340000E+03   2.0940000E+03   0.0000000E+00   0.0000000E+00
   1.5439913E+03   2.2610000E+03   2.2170000E+03   0.0000000E+00   0.0000000E+00
   1.5439989E+03   2.2070000E+03   2.1700000E+03   0.0000000E+00   0.0000000E+00
   1.5440064E+03   2.2860000E+03   2.2460000E+03   0.0000000E+00   0.0000000E+00
   1.5440139E+03   2.2500000E+03   2.2080000E+03   0.0000000E+00   0.0000000E+00
   1.5440215E+03   2.3300000E+03   2.2960000E+03   0.0000000E+00   0.0000000E+00
   1.5440290E+03   2.2430000E+03   2.2060000E+03   3.8987054E-04   3.9640962E-04
   1.5440365E+03   2.2500000E+03   2.2070000E+03   0.0000000E+00   0.0000000E+00
   1.5440440E+03   2.1960000E+03   2.1570000E+03   0.0000000E+00   0.0000000E+00
   1.5440516E+03   2.3330000E+03   2.2930000E+03   0.0000000E+00   0.0000000E+00
   1.5440591E+03   2.4320000E+03   2.3940000E+03   0.0000000E+00   0.0000000E+00
   1.5440666E+03   2.2650000E+03   2.2290000E+03   0.0000000E+00   0.0000000E+00
   1.5440742E+03   2.3900000E+03   2.3440000E+03   0.0000000E+00   0.0000000E+00
   1.5440817E+03   2.3480000E+03   2.3120000E+03   0.0000000E+00   0.0000000E+00
   1.5440892E+03   2.2840000E+03   2.2470000E+03   0.0000000E+00   0.0000000E+00
   1.5440967E+03   2.2500000E+03   2.2170000E+03   0.0000000E+00   0.0000000E+00
   1.5441043E+03   2.2930000E+03   2.2460000E+03   0.0000000E+00   0.0000000E+00
   1.5441118E+03   2.3350000E+03   2.2990000E+03   0.0000000E+00   0.0000000E+00
   1.5441193E+03   2.4070000E+03   2.3630000E+03   0.0000000E+00   0.0000000E+00
   1.5441269E+03   2.3540000E+03   2.3140000E+03   0.0000000E+00   0.0000000E+00
   1.5441344E+03   2.4380000E+03   2.3860000E+03   0.0000000E+00   0.0000000E+00
   1.5441419E+03   2.3800000E+03   2.3390000E+03   0.0000000E+00   0.0000000E+00
   1.5441494E+03   2.5030000E+03   2.4400000E+03   0.0000000E+00   0.0000000E+00
   1.5441570E+03   2.4510000E+03   2.4090000E+03   0.0000000E+00   0.0000000E+00
   1.5441645E+03   2.4180000E+03   2.3790000E+03   0.0000000E+00   0.0000000E+00
   1.5441720E+03   2.4840000E+03   2.4330000E+03   0.0000000E+00   0.0000000E+00
   1.5441796E+03   2.4640000E+03   2.4240000E+03   8.7035557E-05   8.8471787E-05
   1.5441871E+03   2.5000000E+03   2.4480000E+03   0.0000000E+00   0.0000000E+00
   1.5441946E+03   2.4900000E+03   2.4360000E+03   0.0000000E+00   0.0000000E+00
   1.5442021E+03   2.5610000E+03   2.5190000E+03   0.0000000E+00   0.0000000E+00
   1.5442097E+03   2.5570000E+03   2.5250000E+03   0.0000000E+00   0.0000000E+00
   1.5442172E+03   2.5210000E+03   2.4740000E+03   0.0000000E+00   0.0000000E+00
   1.5442247E+03   2.6060000E+03   2.5590000E+03   0.0000000E+00   0.0000000E+00
   1.5442323E+03   2.6250000E+03   2.5710000E+03   0.0000000E+00   0.0000000E+00
   1.5442398E+03   2.5660000E+03   2.5240000E+03   0.0000000E+00   0.0000000E+00
   1.5442473E+03   2.5550000E+03   2.5040000E+03   0.0000000E+00   0.0000000E+00
   1.5442548E+03   2.5940000E+03   2.5530000E+03   0.0000000E+00   0.0000000E+00
   1.5442624E+03   2.5850000E+03   2.5420000E+03   0.0000000E+00   0.0000000E+00
   1.5442699E+03   2.5740000E+03   2.5390000E+03   0.0000000E+00   0.0000000E+00
   1.5442774E+03   2.6120000E+03   2.5680000E+03   0.0000000E+00   0.0000000E+00
   1.5442849E+03   2.6020000E+03   2.5620000E+03   0.0000000E+00   0.0000000E+00
   1.5442925E+03   2.6600000E+03   2.6080000E+03   0.0000000E+00   0.0000000E+00
   1.5443000E+03   2.6690000E+03   2.6140000E+03   0.0000000E+00   0.0000000E+00
   1.5443075E+03   2.7420000E+03   2.6930000E+03   0.0000000E+00   0.0000000E+00
   1.5443151E+03   2.6720000E+03   2.6280000E+03   0.0000000E+00   0.0000000E+00
   1.5443226E+03   2.7490000E+03   2.7040000E+03   0.0000000E+00   0.0000000E+00
   1.5443301E+03   2.7590000E+03   2.7140000E+03   0.0000000E+00   0.0000000E+00
   1.5443376E+03   2.7990000E+03   2.7580000E+03   0.0000000E+00   0.0000000E+00
   1.5443452E+03   2.7430000E+03   2.6790000E+03   0.0000000E+00   0.0000000E+00
   1.5443527E+03   2.8050000E+03   2.7630000E+03   0.0000000E+00   0.0000000E+00
   1.5443602E+03   2.9290000E+03   2.8710000E+03   0.0000000E+00   0.0000000E+00
   1.5443678E+03   2.7520000E+03   2.7120000E+03   0.0000000E+00   0.0000000E+00
   1.5443753E+03   2.8210000E+03   2.7640000E+03   0.0000000E+00   0.0000000E+00
   1.5443828E+03   2.8120000E+03   2.7590000E+03   0.0000000E+00   0.0000000E+00
   1.5443903E+03   2.8060000E+03   2.7460000E+03   0.0000000E+00   0.0000000E+00
   1.5443979E+03   2.8310000E+03   2.7880000E+03   0.0000000E+00   0.0000000E+00
   1.5444054E+03   2.8470000E+03   2.7900000E+03   0.0000000E+00   0.0000000E+00
   1.5444129E+03   2.8380000E+03   2.7750000E+03   0.0000000E+00   0.0000000E+00
   1.5444205E+03   2.9340000E+03   2.8830000E+03   1.0211616E-04   1.0392259E-04
   1.5444280E+03   2.9050000E+03   2.8410000E+03   0.0000000E+00   0.0000000E+00
   1.5444355E+03   2.9420000E+03   2.9030000E+03   0.0000000E+00   0.0000000E+00
   1.5444430E+03   3.0540000E+03   2.9890000E+03   2.9648059E-04   3.0292798E-04
   1.5444506E+03   2.9720000E+03   2.9160000E+03   0.0000000E+00   0.0000000E+00
   1.5444581E+03   2.9320000E+03   2.8810000E+03   0.0000000E+00   0.0000000E+00
   1.5444656E+03   2.9100000E+03   2.8450000E+03   0.0000000E+00   0.0000000E+00
   1.5444732E+03   2.9790000E+03   2.9330000E+03   0.0000000E+00   0.0000000E+00
   1.5444807E+03   2.9490000E+03   2.8970000E+03   0.0000000E+00   0.0000000E+00
   1.5444882E+03   2.9730000E+03   2.9130000E+03   0.0000000E+00   0.0000000E+00
   1.5444957E+03   2.9910000E+03   2.9370000E+03   0.0000000E+00   0.0000000E+00
   1.5445033E+03   3.0830000E+03   3.0300000E+03   2.8296823E-04   2.8791784E-04
   1.5445108E+03   2.9950000E+03   2.9410000E+03   0.0000000E+00   0.0000000E+00
   1.5445183E+03   3.0200000E+03   2.9680000E+03   0.0000000E+00   0.0000000E+00
   1.5445259E+03   3.0510000E+03   2.9940000E+03   0.0000000E+00   0.0000000E+00
   1.5445334E+03   3.0280000E+03   2.9810000E+03   0.0000000E+00   0.0000000E+00
   1.5445409E+03   3.1460000E+03   3.0960000E+03   0.0000000E+00   0.0000000E+00
   1.5445484E+03   3.1280000E+03   3.0710000E+03   0.0000000E+00   0.0000000E+00
   1.5445560E+03   3.1180000E+03   3.0560000E+03   2.0869817E-04   2.1293223E-04
   1.5445635E+03   3.1350000E+03   3.0840000E+03   1.5019618E-04   1.5267997E-04
   1.5445710E+03   3.0770000E+03   3.0260000E+03   0.0000000E+00   0.0000000E+00
   1.5445786E+03   3.2240000E+03   3.1560000E+03   0.0000000E+00   0.0000000E+00
   1.5445861E+03   3.1870000E+03   3.1250000E+03   0.0000000E+00   0.0000000E+00
   1.5445936E+03   3.2140000E+03   3.1590000E+03   0.0000000E+00   0.0000000E+00
   1.5446011E+03   3.1500000E+03   3.0910000E+03   0.0000000E+00   0.0000000E+00
   1.5446087E+03   3.1550000E+03   3.0840000E+03   0.0000000E+00   0.0000000E+00
   1.5446162E+03   3.2640000E+03   3.2010000E+03   0.0000000E+00   0.0000000E+00
   1.5446237E+03   3.1730000E+03   3.1190000E+03   0.0000000E+00   0.0000000E+00
   1.5446313E+03   3.2590000E+03   3.2010000E+03   0.0000000E+00   0.0000000E+00
   1.5446388E+03   3.2610000E+03   3.1910000E+03   0.0000000E+00   0.0000000E+00
   1.5446463E+03   3.2660000E+03   3.2040000E+03   0.0000000E+00   0.0000000E+00
   1.5446538E+03   3.3910000E+03   3.3140000E+03   0.0000000E+00   0.0000000E+00
   1.5446614E+03   3.3160000E+03   3.2710000E+03   0.0000000E+00   0.0000000E+00
   1.5446689E+03   3.3800000E+03   3.3260000E+03   0.0000000E+00   0.0000000E+00
   1.5446764E+03   3.3280000E+03   3.2710000E+03   0.0000000E+00   0.0000000E+00
   1.5446840E+03   3.3010000E+03   3.2420000E+03   0.0000000E+00   0.0000000E+00
   1.5446915E+03   3.2950000E+03   3.2440000E+03   0.0000000E+00   0.0000000E+00
   1.5446990E+03   3.3820000E+03   3.3280000E+03   0.0000000E+00   0.0000000E+00
   1.5447065E+03   3.3830000E+03   3.3220000E+03   0.0000000E+00   0.0000000E+00
   1.5447141E+03   3.3520000E+03   3.2950000E+03   0.0000000E+00   0.0000000E+00
   1.5447216E+03   3.4100000E+03   3.3530000E+03   0.0000000E+00   0.0000000E+00
   1.5447291E+03   3.3940000E+03   3.3310000E+03   0.0000000E+00   0.0000000E+00
   1.5447366E+03   3.4320000E+03   3.3750000E+03   0.0000000E+00   0.0000000E+00
   1.5447442E+03   3.6130000E+03   3.5470000E+03   0.0000000E+00   0.0000000E+00
   1.5447517E+03   3.5090000E+03   3.4340000E+03   0.0000000E+00   0.0000000E+00
   1.5447592E+03   3.4380000E+03   3.3700000E+03   0.0000000E+00   0.0000000E+00
   1.5447668E+03   3.5910000E+03   3.5020000E+03   0.0000000E+00   0.0000000E+00
   1.5447743E+03   3.5180000E+03   3.4380000E+03   0.0000000E+00   0.0000000E+00
   1.5447818E+03   3.5670000E+03   3.4930000E+03   0.0000000E+00   0.0000000E+00
   1.5447893E+03   3.5500000E+03   3.4880000E+03   2.3280947E-04   2.3694772E-04
   1.5447969E+03   3.6140000E+03   3.5570000E+03   0.0000000E+00   0.0000000E+00
   1.5448044E+03   3.5450000E+03   3.4630000E+03   0.0000000E+00   0.0000000E+00
   1.5448119E+03   3.5720000E+03   3.5040000E+03   0.0000000E+00   0.0000000E+00
   1.5448195E+03   3.5850000E+03   3.5250000E+03   8.5962958E-05   8.7426157E-05
   1.5448270E+03   3.5540000E+03   3.4880000E+03   0.0000000E+00   0.0000000E+00
   1.5448345E+03   3.7220000E+03   3.6580000E+03   0.0000000E+00   0.0000000E+00
   1.5448420E+03   3.7880000E+03   3.7210000E+03   0.0000000E+00   0.0000000E+00
   1.5448496E+03   3.7080000E+03   3.6360000E+03   0.0000000E+00   0.0000000E+00
   1.5448571E+03   3.5710000E+03   3.5080000E+03   0.0000000E+00   0.0000000E+00
   1.5448646E+03   3.5500000E+03   3.4960000E+03   0.0000000E+00   0.0000000E+00
   1.5448722E+03   3.6610000E+03   3.5870000E+03   0.0000000E+00   0.0000000E+00
   1.5448797E+03   3.7340000E+03   3.6700000E+03   0.0000000E+00   0.0000000E+00
   1.5448872E+03   3.7450000E+03   3.6720000E+03   9.4368490E-05   9.6244552E-05
   1.5448947E+03   3.7400000E+03   3.6880000E+03   0.0000000E+00   0.0000000E+00
   1.5449023E+03   3.6760000E+03   3.6130000E+03   0.0000000E+00   0.0000000E+00
   1.5449098E+03   3.7590000E+03   3.6910000E+03   0.0000000E+00   0.0000000E+00
   1.5449173E+03   3.9090000E+03   3.8390000E+03   1.3736710E-04   1.3987184E-04
   1.5449249E+03   3.7220000E+03   3.6370000E+03   1.9729306E-04   2.0190398E-04
   1.5449324E+03   3.8100000E+03   3.7330000E+03   0.0000000E+00   0.0000000E+00
   1.5449399E+03   3.8480000E+03   3.7730000E+03   0.0000000E+00   0.0000000E+00
   1.5449474E+03   3.9010000E+03   3.8290000E+03   2.0251205E-04   2.0632006E-04
   1.5449550E+03   3.7950000E+03   3.7260000E+03   0.0000000E+00   0.0000000E+00
   1.5449625E+03   3.9180000E+03   3.8460000E+03   0.0000000E+00   0.0000000E+00
   1.5449700E+03   3.8930000E+03   3.8330000E+03   8.7317321E-05   8.8684145E-05
   1.5449776E+03   3.9830000E+03   3.9070000E+03   0.0000000E+00   0.0000000E+00
   1.5449851E+03   3.9820000E+03   3.9230000E+03   5.0896012E-05   5.1661463E-05
   1.5449926E+03   3.7760000E+03   3.7010000E+03   0.0000000E+00   0.0000000E+00
   1.5450001E+03   3.9120000E+03   3.8400000E+03   0.0000000E+00   0.0000000E+00
   1.5450077E+03   3.9410000E+03   3.8660000E+03   0.0000000E+00   0.0000000E+00
   1.5450152E+03   3.9540000E+03   3.8930000E+03   0.0000000E+00   0.0000000E+00
   1.5450227E+03   4.0580000E+03   3.9720000E+03   0.0000000E+00   0.0000000E+00
   1.5450303E+03   4.0830000E+03   4.0140000E+03   0.0000000E+00   0.0000000E+00
   1.5450378E+03   4.0740000E+03   3.9830000E+03   0.0000000E+00   0.0000000E+00
   1.5450453E+03   3.9460000E+03   3.8760000E+03   0.0000000E+00   0.0000000E+00
   1.5450528E+03   4.0820000E+03   4.0050000E+03   0.0000000E+00   0.0000000E+00
   1.5450604E+03   4.1180000E+03   4.0450000E+03   0.0000000E+00   0.0000000E+00
   1.5450679E+03   4.1160000E+03   4.0350000E+03   0.0000000E+00   0.0000000E+00
   1.5450754E+03   4.2000000E+03   4.1260000E+03   0.0000000E+00   0.0000000E+00
   1.5450830E+03   4.1950000E+03   4.1220000E+03   0.0000000E+00   0.0000000E+00
   1.5450905E+03   4.0420000E+03   3.9820000E+03   0.0000000E+00   0.0000000E+00
   1.5450980E+03   4.1210000E+03   4.0390000E+03   0.0000000E+00   0.0000000E+00
   1.5451055E+03   4.1110000E+03   4.0280000E+03   2.0592154E-04   2.1016471E-04
   1.5451131E+03   4.1770000E+03   4.0780000E+03   0.0000000E+00   0.0000000E+00
   1.5451206E+03   4.1530000E+03   4.0710000E+03   1.8878613E-04   1.9258874E-04
   1.5451281E+03   4.1880000E+03   4.1020000E+03   0.0000000E+00   0.0000000E+00
   1.5451357E+03   4.0630000E+03   3.9960000E+03   0.0000000E+00   0.0000000E+00
   1.5451432E+03   4.2160000E+03   4.1350000E+03   2.0025722E-04   2.0418003E-04
   1.5451507E+03   4.3210000E+03   4.2350000E+03   0.0000000E+00   0.0000000E+00
   1.5451582E+03   4.3040000E+03   4.2210000E+03   0.0000000E+00   0.0000000E+00
   1.5451658E+03   4.2930000E+03   4.2120000E+03   0.0000000E+00   0.0000000E+00
   1.5451733E+03   4.3920000E+03   4.3040000E+03   0.0000000E+00   0.0000000E+00
   1.5451808E+03   4.3360000E+03   4.2530000E+03   0.0000000E+00   0.0000000E+00
   1.5451883E+03   4.3440000E+03   4.2570000E+03   0.0000000E+00   0.0000000E+00
   1.5451959E+03   4.3350000E+03   4.2510000E+03   0.0000000E+00   0.0000000E+00
   1.5452034E+03   4.3180000E+03   4.2300000E+03   0.0000000E+00   0.0000000E+00
   1.5452109E+03   4.3260000E+03   4.2370000E+03   3.0884739E-05   3.1533486E-05
   1.5452185E+03   4.4110000E+03   4.3470000E+03   0.0000000E+00   0.0000000E+00
   1.5452260E+03   4.4230000E+03   4.3320000E+03   1.6538830E-04   1.6886252E-04
   1.5452335E+03   4.3870000E+03   4.3140000E+03   0.0000000E+00   0.0000000E+00
   1.5452410E+03   4.4340000E+03   4.3580000E+03   0.0000000E+00   0.0000000E+00
   1.5452486E+03   4.4050000E+03   4.3160000E+03   0.0000000E+00   0.0000000E+00
   1.5452561E+03   4.5500000E+03   4.4510000E+03   1.1094462E-04   1.1341227E-04
   1.5452636E+03   4.5370000E+03   4.4550000E+03   1.8260359E-04   1.8596464E-04
   1.5452712E+03   4.4990000E+03   4.4030000E+03   0.0000000E+00   0.0000000E+00
   1.5452787E+03   4.6230000E+03   4.5390000E+03   0.0000000E+00   0.0000000E+00
   1.5452862E+03   4.6300000E+03   4.5620000E+03   0.0000000E+00   0.0000000E+00
   1.5452937E+03   4.5840000E+03   4.4830000E+03   0.0000000E+00   0.0000000E+00
   1.5453013E+03   4.6300000E+03   4.5400000E+03   2.5977793E-05   2.6492771E-05
   1.5453088E+03   4.7090000E+03   4.6220000E+03   0.0000000E+00   0.0000000E+00
   1.5453163E+03   4.6330000E+03   4.5400000E+03   0.0000000E+00   0.0000000E+00
   1.5453239E+03   4.5810000E+03   4.5100000E+03   5.9095771E-05   6.0026104E-05
   1.5453314E+03   4.6370000E+03   4.5510000E+03   0.0000000E+00   0.0000000E+00
   1.5453389E+03   4.7100000E+03   4.6230000E+03   0.0000000E+00   0.0000000E+00
   1.5453464E+03   4.6680000E+03   4.5870000E+03   7.0286280E-05   7.1527437E-05
   1.5453540E+03   4.6800000E+03   4.5950000E+03   1.4624629E-04   1.4895160E-04
   1.5453615E+03   4.5180000E+03   4.4300000E+03   0.0000000E+00   0.0000000E+00
   1.5453690E+03   4.7650000E+03   4.6810000E+03   3.2631238E-05   3.3216802E-05
   1.5453766E+03   4.7110000E+03   4.5990000E+03   0.0000000E+00   0.0000000E+00
   1.5453841E+03   4.7130000E+03   4.6260000E+03   1.9386935E-05   1.9751540E-05
   1.5453916E+03   4.7390000E+03   4.6400000E+03   0.0000000E+00   0.0000000E+00
   1.5453991E+03   4.8000000E+03   4.7070000E+03   0.0000000E+00   0.0000000E+00
   1.5454067E+03   4.8630000E+03   4.7740000E+03   9.6263916E-05   9.8058530E-05
   1.5454142E+03   4.7680000E+03   4.6890000E+03   0.0000000E+00   0.0000000E+00
   1.5454217E+03   4.8890000E+03   4.8080000E+03   0.0000000E+00   0.0000000E+00
   1.5454293E+03   4.7910000E+03   4.7250000E+03   0.0000000E+00   0.0000000E+00
   1.5454368E+03   4.7320000E+03   4.6340000E+03   3.6436826E-04   3.7207393E-04
   1.5454443E+03   4.9530000E+03   4.8760000E+03   0.0000000E+00   0.0000000E+00
   1.5454518E+03   4.8760000E+03   4.7720000E+03   1.9852024E-04   2.0284674E-04
   1.5454594E+03   4.9180000E+03   4.8190000E+03   0.0000000E+00   0.0000000E+00
   1.5454669E+03   4.9870000E+03   4.9050000E+03   1.2429454E-04   1.2637245E-04
   1.5454744E+03   4.7950000E+03   4.6980000E+03   0.0000000E+00   0.0000000E+00
   1.5454820E+03   4.9420000E+03   4.8650000E+03   4.3823414E-05   4.4517022E-05
   1.5454895E+03   4.9900000E+03   4.8920000E+03   1.1562633E-04   1.1794264E-04
   1.5454970E+03   5.1010000E+03   5.0070000E+03   0.0000000E+00   0.0000000E+00
   1.5455045E+03   5.0590000E+03   4.9670000E+03   0.0000000E+00   0.0000000E+00
   1.5455121E+03   5.0060000E+03   4.8830000E+03   0.0000000E+00   0.0000000E+00
   1.5455196E+03   5.1510000E+03   5.0650000E+03   1.6079059E-04   1.6352069E-04
   1.5455271E+03   4.9740000E+03   4.8910000E+03   0.0000000E+00   0.0000000E+00
   1.5455347E+03   5.0740000E+03   4.9870000E+03   0.0000000E+00   0.0000000E+00
   1.5455422E+03   5.0880000E+03   4.9820000E+03   0.0000000E+00   0.0000000E+00
   1.5455497E+03   5.0220000E+03   4.9160000E+03   0.0000000E+00   0.0000000E+00
   1.5455572E+03   5.1010000E+03   4.9900000E+03   0.0000000E+00   0.0000000E+00
   1.5455648E+03   5.1850000E+03   5.0850000E+03   1.6026188E-04   1.6341354E-04
   1.5455723E+03   5.0920000E+03   4.9920000E+03   5.1826683E-06   5.2864878E-06
   1.5455798E+03   5.1520000E+03   5.0770000E+03   6.3130718E-05   6.4063316E-05
   1.5455874E+03   5.1390000E+03   5.0520000E+03   0.0000000E+00   0.0000000E+00
   1.5455949E+03   5.2630000E+03   5.1820000E+03   0.0000000E+00   0.0000000E+00
   1.5456024E+03   5.3100000E+03   5.2180000E+03   0.0000000E+00   0.0000000E+00
   1.5456099E+03   5.1870000E+03   5.0870000E+03   0.0000000E+00   0.0000000E+00
   1.5456175E+03   5.3270000E+03   5.2320000E+03   0.0000000E+00   0.0000000E+00
   1.5456250E+03   5.2040000E+03   5.1070000E+03   0.0000000E+00   0.0000000E+00
   1.5456325E+03   5.1770000E+03   5.0910000E+03   1.2007291E-05   1.2210125E-05
   1.5456400E+03   5.1770000E+03   5.0690000E+03   0.0000000E+00   0.0000000E+00
   1.5456476E+03   5.2440000E+03   5.1390000E+03   0.0000000E+00   0.0000000E+00
   1.5456551E+03   5.4950000E+03   5.4040000E+03   0.0000000E+00   0.0000000E+00
   1.5456626E+03   5.2890000E+03   5.2140000E+03   4.2561579E-05   4.3173799E-05
   1.5456702E+03   5.3460000E+03   5.2560000E+03   0.0000000E+00   0.0000000E+00
   1.5456777E+03   5.4410000E+03   5.3360000E+03   1.3587537E-04   1.3854908E-04
   1.5456852E+03   5.3950000E+03   5.2710000E+03   1.4106753E-04   1.4438613E-04
   1.5456927E+03   5.4310000E+03   5.3050000E+03   0.0000000E+00   0.0000000E+00
   1.5457003E+03   5.4940000E+03   5.3980000E+03   0.0000000E+00   0.0000000E+00
   1.5457078E+03   5.5090000E+03   5.4010000E+03   0.0000000E+00   0.0000000E+00
   1.5457153E+03   5.4130000E+03   5.3240000E+03   0.0000000E+00   0.0000000E+00
   1.5457229E+03   5.5020000E+03   5.3980000E+03   1.4420318E-04   1.4698146E-04
   1.5457304E+03   5.5170000E+03   5.4120000E+03   0.0000000E+00   0.0000000E+00
   1.5457379E+03   5.4690000E+03   5.3850000E+03   0.0000000E+00   0.0000000E+00
   1.5457454E+03   5.5450000E+03   5.4530000E+03   1.2143167E-04   1.2348040E-04
   1.5457530E+03   5.5430000E+03   5.4530000E+03   1.0305753E-04   1.0475847E-04
   1.5457605E+03   5.5620000E+03   5.4590000E+03   2.6871717E-05   2.7378731E-05
   1.5457680E+03   5.5710000E+03   5.4670000E+03   8.0285261E-05   8.1812546E-05
   1.5457756E+03   5.6720000E+03   5.5730000E+03   0.0000000E+00   0.0000000E+00
   1.5457831E+03   5.6570000E+03   5.5610000E+03   9.3159206E-05   9.4767421E-05
   1.5457906E+03   5.5970000E+03   5.5000000E+03   1.5531275E-04   1.5805190E-04
   1.5457981E+03   5.6530000E+03   5.5420000E+03   1.4303828E-04   1.4590318E-04
   1.5458057E+03   5.7060000E+03   5.5940000E+03   0.0000000E+00   0.0000000E+00
   1.5458132E+03   5.7790000E+03   5.6690000E+03   0.0000000E+00   0.0000000E+00
   1.5458207E+03   5.7080000E+03   5.6100000E+03   1.0741407E-04   1.0929047E-04
   1.5458283E+03   5.7270000E+03   5.6300000E+03   0.0000000E+00   0.0000000E+00
   1.5458358E+03   5.7460000E+03   5.6310000E+03   7.9926419E-05   8.1558730E-05
   1.5458433E+03   5.7630000E+03   5.6530000E+03   2.2738837E-05   2.3181305E-05
   1.5458508E+03   5.7440000E+03   5.6330000E+03   0.0000000E+00   0.0000000E+00
   1.5458584E+03   5.7900000E+03   5.6790000E+03   0.0000000E+00   0.0000000E+00
   1.5458659E+03   5.8140000E+03   5.6950000E+03   1.3095916E-04   1.3369562E-04
   1.5458734E+03   5.6700000E+03   5.5860000E+03   0.0000000E+00   0.0000000E+00
   1.5458810E+03   5.8310000E+03   5.7250000E+03   4.0665657E-05   4.1418593E-05
   1.5458885E+03   5.8700000E+03   5.7660000E+03   1.1683832E-04   1.1894570E-04
   1.5458960E+03   5.8550000E+03   5.7480000E+03   1.4181041E-04   1.4445024E-04
   1.5459035E+03   5.8800000E+03   5.7770000E+03   2.7898874E-05   2.8396292E-05
   1.5459111E+03   6.0480000E+03   5.9300000E+03   9.5184472E-05   9.7078530E-05
   1.5459186E+03   5.9360000E+03   5.8190000E+03   8.8619317E-05   9.0401145E-05
   1.5459261E+03   6.0140000E+03   5.9110000E+03   7.6401922E-05   7.7733236E-05
   1.5459337E+03   5.8530000E+03   5.7390000E+03   1.1584392E-04   1.1814505E-04
   1.5459412E+03   5.8280000E+03   5.7290000E+03   0.0000000E+00   0.0000000E+00
   1.5459487E+03   6.0300000E+03   5.9100000E+03   1.0791052E-04   1.1010160E-04
   1.5459562E+03   6.0090000E+03   5.8940000E+03   8.5193329E-05   8.6855567E-05
   1.5459638E+03   6.1850000E+03   6.0640000E+03   0.0000000E+00   0.0000000E+00
   1.5459713E+03   5.9670000E+03   5.8580000E+03   1.3518472E-04   1.3770010E-04
   1.5459788E+03   6.0560000E+03   5.9170000E+03   1.3221832E-04   1.3532435E-04
   1.5459864E+03   6.1640000E+03   6.0490000E+03   1.2686527E-04   1.2927715E-04
   1.5459939E+03   6.2000000E+03   6.0860000E+03   0.0000000E+00   0.0000000E+00
   1.5460014E+03   6.0990000E+03   5.9760000E+03   4.3692368E-05   4.4591659E-05
   1.5460089E+03   6.1890000E+03   6.0780000E+03   1.1266753E-04   1.1472513E-04
   1.5460165E+03   6.2260000E+03   6.1030000E+03   1.5283103E-04   1.5591119E-04
   1.5460240E+03   6.0560000E+03   5.9400000E+03   1.0797993E-04   1.1008863E-04
   1.5460315E+03   6.2920000E+03   6.1700000E+03   2.4447074E-05   2.4930468E-05
   1.5460391E+03   6.3640000E+03   6.2380000E+03   0.0000000E+00   0.0000000E+00
   1.5460466E+03   6.2310000E+03   6.1120000E+03   1.0902152E-04   1.1114416E-04
   1.5460541E+03   6.3810000E+03   6.2530000E+03   7.5451606E-05   7.6996114E-05
   1.5460616E+03   6.1850000E+03   6.0580000E+03   9.0032241E-05   9.1919678E-05
   1.5460692E+03   6.2030000E+03   6.1040000E+03   0.0000000E+00   0.0000000E+00
   1.5460767E+03   6.3150000E+03   6.1910000E+03   9.2460251E-05   9.4312144E-05
   1.5460842E+03   6.1600000E+03   6.0300000E+03   9.9525481E-06   1.0167114E-05
   1.5460917E+03   6.2920000E+03   6.1740000E+03   0.0000000E+00   0.0000000E+00
   1.5460993E+03   6.2280000E+03   6.1030000E+03   1.2839883E-04   1.3102866E-04
   1.5461068E+03   6.3950000E+03   6.2770000E+03   1.0212637E-04   1.0404622E-04
   1.5461143E+03   6.3900000E+03   6.2700000E+03   0.0000000E+00   0.0000000E+00
   1.5461219E+03   6.3590000E+03   6.2360000E+03   0.0000000E+00   0.0000000E+00
   1.5461294E+03   6.4610000E+03   6.3370000E+03   2.4288847E-05   2.4764122E-05
   1.5461369E+03   6.5640000E+03   6.4580000E+03   5.8999192E-05   5.9967590E-05
   1.5461444E+03   6.3840000E+03   6.2590000E+03   0.0000000E+00   0.0000000E+00
   1.5461520E+03   6.5000000E+03   6.3740000E+03   0.0000000E+00   0.0000000E+00
   1.5461595E+03   6.4920000E+03   6.3570000E+03   1.0430718E-04   1.0652230E-04
   1.5461670E+03   6.6510000E+03   6.5190000E+03   0.0000000E+00   0.0000000E+00
   1.5461746E+03   6.3600000E+03   6.2390000E+03   0.0000000E+00   0.0000000E+00
   1.5461821E+03   6.5630000E+03   6.4540000E+03   0.0000000E+00   0.0000000E+00
   1.5461896E+03   6.4940000E+03   6.3730000E+03   0.0000000E+00   0.0000000E+00
   1.5461971E+03   6.5160000E+03   6.4080000E+03   7.6545650E-06   7.7835745E-06
   1.5462047E+03   6.6590000E+03   6.5340000E+03   0.0000000E+00   0.0000000E+00
   1.5462122E+03   6.4650000E+03   6.3440000E+03   1.4601523E-04   1.4880020E-04
   1.5462197E+03   6.5180000E+03   6.3760000E+03   2.5823052E-05   2.6398157E-05
   1.5462273E+03   6.7020000E+03   6.5680000E+03   1.8407825E-04   1.8783380E-04
   1.5462348E+03   6.7160000E+03   6.5630000E+03   1.1738557E-04   1.2012213E-04
   1.5462423E+03   6.7620000E+03   6.6380000E+03   0.0000000E+00   0.0000000E+00
   1.5462498E+03   6.6160000E+03   6.4820000E+03   3.6332533E-05   3.7083622E-05
   1.5462574E+03   6.6710000E+03   6.5630000E+03   1.8354210E-05   1.8656245E-05
   1.5462649E+03   6.6970000E+03   6.5860000E+03   0.0000000E+00   0.0000000E+00
   1.5462724E+03   6.7790000E+03   6.6700000E+03   3.7958819E-05   3.8579136E-05
   1.5462800E+03   6.7690000E+03   6.6450000E+03   5.9950638E-05   6.1069356E-05
   1.5462875E+03   6.9520000E+03   6.8100000E+03   3.3552004E-05   3.4251620E-05
   1.5462950E+03   6.8240000E+03   6.7010000E+03   7.6072288E-05   7.7468631E-05
   1.5463025E+03   6.7670000E+03   6.6240000E+03   4.2379801E-05   4.3294703E-05
   1.5463101E+03   6.7480000E+03   6.6200000E+03   5.2006655E-05   5.3012221E-05
   1.5463176E+03   6.7870000E+03   6.6720000E+03   0.0000000E+00   0.0000000E+00
   1.5463251E+03   6.8890000E+03   6.7650000E+03   7.9494909E-05   6.4839774E-05
   1.5463327E+03   6.9180000E+03   6.7670000E+03   3.7219185E-05   3.8049700E-05
   1.5463402E+03   6.8670000E+03   6.7420000E+03   2.2615159E-05   2.3034455E-05
   1.5463477E+03   6.9650000E+03   6.8300000E+03   9.2931159E-05   9.4768012E-05
   1.5463552E+03   6.9210000E+03   6.7880000E+03   3.5982421E-05   3.6687439E-05
   1.5463628E+03   7.0750000E+03   6.9370000E+03   5.7089197E-05   5.8224891E-05
   1.5463703E+03   7.0330000E+03   6.9120000E+03   0.0000000E+00   0.0000000E+00
   1.5463778E+03   6.9730000E+03   6.8630000E+03   2.0058945E-04   2.0380449E-04
   1.5463854E+03   7.0270000E+03   6.8940000E+03   2.4419199E-05   2.4890297E-05
   1.5463929E+03   6.9380000E+03   6.8230000E+03   3.1713563E-05   3.2248087E-05
   1.5464004E+03   7.0160000E+03   6.8890000E+03   6.2561483E-05   6.3714816E-05
   1.5464079E+03   7.0280000E+03   6.8920000E+03   8.5570738E-05   8.7259307E-05
   1.5464155E+03   6.9870000E+03   6.8710000E+03   6.7146580E-05   6.8280185E-05
   1.5464230E+03   7.0760000E+03   6.9530000E+03   3.3268601E-05   3.3857129E-05
   1.5464305E+03   7.0060000E+03   6.8780000E+03   4.0543353E-05   4.1297867E-05
   1.5464381E+03   7.0400000E+03   6.9040000E+03   9.4815390E-05   9.6683133E-05
   1.5464456E+03   7.2130000E+03   7.0580000E+03   0.0000000E+00   0.0000000E+00
   1.5464531E+03   7.1270000E+03   6.9800000E+03   4.7001939E-05   4.7991808E-05
   1.5464606E+03   7.2220000E+03   7.0820000E+03   7.5933293E-05   7.7434375E-05
   1.5464682E+03   7.1600000E+03   7.0140000E+03   0.0000000E+00   0.0000000E+00
   1.5464757E+03   7.1770000E+03   7.0370000E+03   1.4974353E-05   1.5272265E-05
   1.5464832E+03   7.3770000E+03   7.2270000E+03   7.2275249E-05   7.3775358E-05
   1.5464908E+03   7.2450000E+03   7.0970000E+03   2.2418944E-05   2.2886466E-05
   1.5464983E+03   7.1270000E+03   6.9990000E+03   1.4977891E-04   1.5251812E-04
   1.5465058E+03   7.2850000E+03   7.1490000E+03   5.5912566E-05   5.6976226E-05
   1.5465133E+03   7.2990000E+03   7.1590000E+03   9.9043810E-05   1.0098069E-04
   1.5465209E+03   7.3060000E+03   7.1680000E+03   4.8669721E-05   4.9606721E-05
   1.5465284E+03   7.2750000E+03   7.1390000E+03   5.6211002E-05   5.7281837E-05
   1.5465359E+03   7.3800000E+03   7.2590000E+03   9.2476321E-05   9.4017805E-05
   1.5465434E+03   7.2530000E+03   7.1300000E+03   8.8908300E-05   9.0442062E-05
   1.5465510E+03   7.3160000E+03   7.1770000E+03   3.9619495E-05   4.0386823E-05
   1.5465585E+03   7.3820000E+03   7.2520000E+03   0.0000000E+00   0.0000000E+00
   1.5465660E+03   7.3180000E+03   7.1790000E+03   4.8922802E-05   4.9870046E-05
   1.5465736E+03   7.3830000E+03   7.2400000E+03   4.8908219E-05   4.9874224E-05
   1.5465811E+03   7.5710000E+03   7.4430000E+03   1.0028276E-06   1.0200736E-06
   1.5465886E+03   7.3280000E+03   7.1930000E+03   8.5065971E-05   8.6662510E-05
   1.5465961E+03   7.4220000E+03   7.2750000E+03   3.9897240E-05   4.0703411E-05
   1.5466037E+03   7.3630000E+03   7.2160000E+03   5.7954381E-05   5.9134992E-05
   1.5466112E+03   7.4490000E+03   7.3150000E+03   3.0676707E-05   3.1238659E-05
   1.5466187E+03   7.4920000E+03   7.3460000E+03   4.4613235E-05   4.5499913E-05
   1.5466263E+03   7.5570000E+03   7.4250000E+03   5.7311062E-05   5.8329925E-05
   1.5466338E+03   7.4150000E+03   7.2980000E+03   3.2737397E-05   3.3262236E-05
   1.5466413E+03   7.6340000E+03   7.4910000E+03   9.3253386E-05   9.5033553E-05
   1.5466488E+03   7.6710000E+03   7.5220000E+03   7.0247161E-06   7.1638657E-06
   1.5466564E+03   7.6930000E+03   7.5180000E+03   1.3441798E-04   1.3754689E-04
   1.5466639E+03   7.4700000E+03   7.3340000E+03   1.5316597E-04   1.5600624E-04
   1.5466714E+03   7.5500000E+03   7.4020000E+03   2.6845649E-05   2.7382417E-05
   1.5466790E+03   7.5460000E+03   7.4050000E+03   8.3478421E-05   8.5067949E-05
   1.5466865E+03   7.6340000E+03   7.4790000E+03   6.0899907E-06   6.2162039E-06
   1.5466940E+03   7.6640000E+03   7.5410000E+03   7.6306072E-05   7.7550688E-05
   1.5467015E+03   7.5580000E+03   7.4100000E+03   0.0000000E+00   0.0000000E+00
   1.5467091E+03   7.7490000E+03   7.6050000E+03   9.7758803E-05   9.9609858E-05
   1.5467166E+03   7.6430000E+03   7.4970000E+03   9.3398226E-05   9.5217106E-05
   1.5467241E+03   7.7810000E+03   7.6520000E+03   1.5517705E-05   1.5779308E-05
   1.5467317E+03   7.8240000E+03   7.6530000E+03   1.0454289E-04   1.0687881E-04
   1.5467392E+03   7.7250000E+03   7.5800000E+03   9.8913690E-05   1.0080584E-04
   1.5467467E+03   7.7490000E+03   7.6130000E+03   1.0758429E-04   1.0950619E-04
   1.5467542E+03   7.6510000E+03   7.5010000E+03   1.2488328E-04   1.2738061E-04
   1.5467618E+03   7.7530000E+03   7.6040000E+03   9.6530400E-05   9.8421908E-05
   1.5467693E+03   7.7900000E+03   7.6440000E+03   1.7368660E-04   1.7700400E-04
   1.5467768E+03   7.8810000E+03   7.7310000E+03   5.9211050E-05   6.0359887E-05
   1.5467844E+03   7.8790000E+03   7.7330000E+03   5.7355604E-05   5.8438485E-05
   1.5467919E+03   7.9020000E+03   7.7550000E+03   1.1011847E-04   1.4192383E-04
   1.5467994E+03   7.9760000E+03   7.8250000E+03   1.2426800E-04   1.2666602E-04
   1.5468069E+03   7.8380000E+03   7.6840000E+03   1.3214835E-04   1.3479682E-04
   1.5468145E+03   8.0080000E+03   7.8800000E+03   1.3515177E-04   1.3734713E-04
   1.5468220E+03   7.9600000E+03   7.8270000E+03   1.0019400E-04   1.0189654E-04
   1.5468295E+03   8.0640000E+03   7.9210000E+03   7.1455920E-05   7.2745934E-05
   1.5468371E+03   7.9670000E+03   7.8270000E+03   4.5896959E-05   6.8572475E-05
   1.5468446E+03   7.8170000E+03   7.6840000E+03   1.2795470E-04   1.3016943E-04
   1.5468521E+03   8.0150000E+03   7.8560000E+03   9.1019917E-05   9.2862097E-05
   1.5468596E+03   8.0660000E+03   7.9280000E+03   2.1034391E-05   2.1400529E-05
   1.5468672E+03   7.9770000E+03   7.8410000E+03   3.4442488E-05   3.5039883E-05
   1.5468747E+03   8.1840000E+03   8.0210000E+03   7.7631967E-05   7.9209577E-05
   1.5468822E+03   8.0990000E+03   7.9510000E+03   3.8328281E-05   3.9041724E-05
   1.5468898E+03   8.0600000E+03   7.9100000E+03   2.6535706E-05   2.7038912E-05
   1.5468973E+03   8.1210000E+03   7.9470000E+03   1.3575758E-04   1.3873000E-04
   1.5469048E+03   7.9260000E+03   7.7910000E+03   2.8366946E-04   2.8858480E-04
   1.5469123E+03   8.1190000E+03   7.9630000E+03   4.1634063E-05   4.2449699E-05
   1.5469199E+03   8.0280000E+03   7.8660000E+03   1.9690710E-04   2.0096240E-04
   1.5469274E+03   8.0540000E+03   7.9020000E+03   1.3516364E-04   1.6023951E-04
   1.5469349E+03   8.1290000E+03   7.9470000E+03   2.0359142E-04   2.0825401E-04
   1.5469425E+03   8.1100000E+03   7.9490000E+03   8.6514748E-05   6.6469291E-05
   1.5469500E+03   8.1440000E+03   8.0070000E+03   2.7217929E-04   2.7683628E-04
   1.5469575E+03   8.2650000E+03   8.1080000E+03   1.4870156E-04   1.2053875E-04
   1.5469650E+03   8.0690000E+03   7.9060000E+03   1.9867574E-05   2.0277189E-05
   1.5469726E+03   8.0710000E+03   7.9070000E+03   2.3219335E-04   2.2707177E-04
   1.5469801E+03   8.3730000E+03   8.2030000E+03   9.1710481E-05   8.8812046E-05
   1.5469876E+03   8.2820000E+03   8.1200000E+03   1.9027830E-04   2.2659020E-04
   1.5469951E+03   8.2630000E+03   8.1080000E+03   2.7557734E-04   2.1266782E-04
   1.5470027E+03   8.3020000E+03   8.1520000E+03   1.9348388E-04   1.5110123E-04
   1.5470102E+03   8.2210000E+03   8.0670000E+03   2.2759448E-04   2.9618786E-04
   1.5470177E+03   8.0110000E+03   7.8760000E+03   3.0338224E-04   3.4296946E-04
   1.5470253E+03   8.2710000E+03   8.1230000E+03   4.4165925E-04   3.1879786E-04
   1.5470328E+03   8.1420000E+03   7.9710000E+03   2.6017228E-04   4.0551069E-04
   1.5470403E+03   8.1770000E+03   8.0290000E+03   3.3384682E-04   3.0335675E-04
   1.5470478E+03   8.3680000E+03   8.2220000E+03   4.8082731E-04   4.4902656E-04
   1.5470554E+03   8.1460000E+03   8.0110000E+03   4.4561477E-04   4.0000793E-04
   1.5470629E+03   8.2400000E+03   8.0910000E+03   8.0760683E-04   7.2784063E-04
   1.5470704E+03   8.2670000E+03   8.1360000E+03   5.4154061E-04   4.6583943E-04
   1.5470780E+03   8.1610000E+03   8.0170000E+03   5.2518799E-04   4.1522876E-04
   1.5470855E+03   8.2390000E+03   8.1180000E+03   2.7155542E-04   2.2446442E-04
   1.5470930E+03   8.2230000E+03   8.0720000E+03   2.4549091E-04   1.1825631E-04
   1.5471005E+03   8.2390000E+03   8.1020000E+03   7.2308233E-04   7.2140427E-04
   1.5471081E+03   8.0340000E+03   7.8950000E+03   5.3856605E-04   3.3966485E-04
   1.5471156E+03   7.9600000E+03   7.8260000E+03   1.1013202E-03   9.4557556E-04
   1.5471231E+03   7.9330000E+03   7.7850000E+03   5.8176828E-04   6.0857546E-04
   1.5471307E+03   7.7920000E+03   7.6710000E+03   6.4143515E-04   8.9630949E-04
   1.5471382E+03   7.9440000E+03   7.8200000E+03   6.2009622E-04   8.3992572E-04
   1.5471457E+03   7.6310000E+03   7.5290000E+03   5.7397515E-04   4.4978847E-04
   1.5471532E+03   7.5290000E+03   7.4080000E+03   1.1332510E-03   9.5779366E-04
   1.5471608E+03   7.4060000E+03   7.2860000E+03   1.1918491E-03   1.2319572E-03
   1.5471683E+03   7.3470000E+03   7.2350000E+03   1.0910902E-03   1.0305570E-03
   1.5471758E+03   7.3400000E+03   7.2350000E+03   1.4626666E-03   1.6513722E-03
   1.5471834E+03   7.0660000E+03   6.9640000E+03   2.0102609E-03   1.9833638E-03
   1.5471909E+03   6.9020000E+03   6.8010000E+03   6.8176246E-04   9.6167199E-04
   1.5471984E+03   6.9700000E+03   6.8750000E+03   1.3940182E-03   1.0263621E-03
   1.5472059E+03   6.5590000E+03   6.4740000E+03   3.3852935E-03   3.2768579E-03
   1.5472135E+03   6.6850000E+03   6.6020000E+03   2.4061479E-03   2.7642595E-03
   1.5472210E+03   6.4210000E+03   6.3630000E+03   1.6267745E-03   1.5998170E-03
   1.5472285E+03   6.2600000E+03   6.1840000E+03   1.5926363E-03   1.8819643E-03
   1.5472361E+03   6.0770000E+03   6.0130000E+03   2.7057411E-03   2.7399197E-03
   1.5472436E+03   6.1200000E+03   6.0540000E+03   2.4773342E-03   2.4134569E-03
   1.5472511E+03   5.6590000E+03   5.6060000E+03   8.7812558E-04   8.5118950E-04
   1.5472586E+03   5.6130000E+03   5.5580000E+03   2.5899101E-03   2.7034427E-03
   1.5472662E+03   5.4100000E+03   5.3740000E+03   5.9469793E-03   6.1005181E-03
   1.5472737E+03   5.2740000E+03   5.2160000E+03   1.3281841E-03   1.4405599E-03
   1.5472812E+03   5.2150000E+03   5.1690000E+03   4.1504891E-04   2.0001077E-04
   1.5472888E+03   5.0500000E+03   5.0100000E+03   1.2859470E-03   1.2971186E-03
   1.5472963E+03   4.8140000E+03   4.7860000E+03   1.1298806E-03   9.6200388E-04
   1.5473038E+03   4.7210000E+03   4.6820000E+03   1.0552353E-03   1.3693550E-03
   1.5473113E+03   4.5750000E+03   4.5370000E+03   2.2389145E-03   2.1482669E-03
   1.5473189E+03   4.3240000E+03   4.2910000E+03   3.3333134E-03   3.5499811E-03
   1.5473264E+03   4.1990000E+03   4.1710000E+03   4.4557498E-03   4.7329187E-03
   1.5473339E+03   4.1720000E+03   4.1430000E+03   4.4864732E-03   4.6836404E-03
   1.5473415E+03   3.9630000E+03   3.9420000E+03   3.0198479E-03   2.7820750E-03
   1.5473490E+03   3.9990000E+03   3.9750000E+03   7.1343119E-03   7.0679770E-03
   1.5473565E+03   3.7900000E+03   3.7710000E+03   3.2230839E-03   3.3017875E-03
   1.5473640E+03   3.6710000E+03   3.6410000E+03   2.8057590E-03   3.6297082E-03
   1.5473716E+03   3.6090000E+03   3.5890000E+03   3.1725880E-03   3.3359028E-03
   1.5473791E+03   3.4920000E+03   3.4720000E+03   1.3444029E-04   4.7248182E-04
   1.5473866E+03   3.4100000E+03   3.3940000E+03   2.3412309E-03   2.6137924E-03
   1.5473942E+03   3.3530000E+03   3.3350000E+03   4.0252250E-03   4.3660804E-03
   1.5474017E+03   3.1590000E+03   3.1410000E+03   6.4842782E-03   6.7611514E-03
   1.5474092E+03   3.0800000E+03   3.0640000E+03   6.0236700E-03   6.0804802E-03
   1.5474167E+03   2.9080000E+03   2.8940000E+03   6.4344503E-03   6.7795357E-03
   1.5474243E+03   2.9050000E+03   2.8930000E+03   1.9461469E-03   1.9554097E-03
   1.5474318E+03   2.8420000E+03   2.8230000E+03   9.0905972E-03   8.8304459E-03
   1.5474393E+03   2.7410000E+03   2.7200000E+03   2.9679096E-03   2.5347870E-03
   1.5474468E+03   2.6640000E+03   2.6460000E+03   8.8532126E-03   8.7861491E-03
   1.5474544E+03   2.5400000E+03   2.5270000E+03   4.3133723E-03   4.4834271E-03
   1.5474619E+03   2.5140000E+03   2.4990000E+03   5.2089285E-03   5.0840257E-03
   1.5474694E+03   2.4640000E+03   2.4460000E+03   6.4604816E-03   6.3568601E-03
   1.5474770E+03   2.3640000E+03   2.3460000E+03   9.6402116E-03   9.9556776E-03
   1.5474845E+03   2.3820000E+03   2.3650000E+03   3.6632191E-03   3.1663497E-03
   1.5474920E+03   2.2120000E+03   2.2010000E+03   5.0518184E-03   4.8831408E-03
   1.5474995E+03   2.2760000E+03   2.2620000E+03   2.0755946E-03   2.9302594E-03
   1.5475071E+03   2.1910000E+03   2.1740000E+03   3.8416293E-03   3.8060785E-03
   1.5475146E+03   2.1180000E+03   2.1070000E+03   5.0376933E-03   4.9214975E-03
   1.5475221E+03   2.0390000E+03   2.0220000E+03   3.7875842E-03   4.0338153E-03
   1.5475297E+03   1.9990000E+03   1.9880000E+03   8.0154516E-03   7.8816514E-03
   1.5475372E+03   1.9820000E+03   1.9710000E+03   3.5748505E-03   3.4992383E-03
   1.5475447E+03   1.8140000E+03   1.7990000E+03   2.6203214E-03   2.7747474E-03
   1.5475522E+03   1.8430000E+03   1.8330000E+03   3.1330479E-03   3.3036691E-03
   1.5475598E+03   1.8230000E+03   1.8100000E+03   3.2112196E-03   3.1028478E-03
   1.5475673E+03   1.7100000E+03   1.6970000E+03   3.5224993E-03   3.2968008E-03
   1.5475748E+03   1.7730000E+03   1.7580000E+03   7.9187921E-03   8.1184781E-03
   1.5475824E+03   1.6730000E+03   1.6560000E+03   8.5341555E-03   8.6652901E-03
   1.5475899E+03   1.6560000E+03   1.6440000E+03   1.7332440E-03   1.6621584E-03
   1.5475974E+03   1.5730000E+03   1.5560000E+03   1.1762234E-02   1.1633972E-02
   1.5476049E+03   1.5790000E+03   1.5690000E+03   1.2143375E-02   1.1788763E-02
   1.5476125E+03   1.5450000E+03   1.5280000E+03   5.7122186E-03   5.1512838E-03
   1.5476200E+03   1.5870000E+03   1.5700000E+03   3.7874166E-03   2.9943925E-03
   1.5476275E+03   1.4560000E+03   1.4430000E+03   5.0154700E-04   1.4797613E-03
   1.5476351E+03   1.4230000E+03   1.4100000E+03   7.1532138E-03   6.9456942E-03
   1.5476426E+03   1.4390000E+03   1.4220000E+03   6.4253631E-03   5.4839528E-03
   1.5476501E+03   1.3930000E+03   1.3890000E+03   1.5188192E-02   1.5434781E-02
   1.5476576E+03   1.3690000E+03   1.3540000E+03   2.1760255E-03   2.6694559E-03
   1.5476652E+03   1.3320000E+03   1.3180000E+03   4.6598602E-03   4.8272493E-03
   1.5476727E+03   1.3990000E+03   1.3870000E+03   3.4541655E-03   4.1643765E-03
   1.5476802E+03   1.2460000E+03   1.2390000E+03   7.1396475E-03   7.0876056E-03
   1.5476878E+03   1.2820000E+03   1.2660000E+03   3.1586298E-03   3.9649497E-03
   1.5476953E+03   1.2840000E+03   1.2730000E+03   1.4150766E-02   1.4127734E-02
   1.5477028E+03   1.2760000E+03   1.2670000E+03   3.3402618E-04   1.4109258E-03
   1.5477103E+03   1.2300000E+03   1.2140000E+03   6.6085604E-03   6.2761662E-03
   1.5477179E+03   1.1660000E+03   1.1540000E+03   1.1135333E-03   1.0526993E-03
   1.5477254E+03   1.2860000E+03   1.2710000E+03   3.9527996E-03   4.3131411E-03
   1.5477329E+03   1.2320000E+03   1.2170000E+03   5.7428190E-03   5.4378975E-03
   1.5477405E+03   1.1820000E+03   1.1680000E+03   2.1387270E-03   2.6118681E-03
   1.5477480E+03   1.2240000E+03   1.2150000E+03   9.2393535E-03   9.0801329E-03
   1.5477555E+03   1.1980000E+03   1.1880000E+03   3.3798565E-03   3.8812542E-03
   1.5477630E+03   1.1320000E+03   1.1220000E+03   9.2791662E-03   9.9788122E-03
   1.5477706E+03   1.1990000E+03   1.1860000E+03   6.6899731E-03   5.8779835E-03
   1.5477781E+03   1.2550000E+03   1.2460000E+03   5.6100441E-03   6.2011202E-03
   1.5477856E+03   1.1850000E+03   1.1770000E+03   3.8650463E-03   3.1412540E-03
   1.5477932E+03   1.2310000E+03   1.2080000E+03   5.5433241E-03   6.2782863E-03
   1.5478007E+03   1.1960000E+03   1.1860000E+03   1.2715480E-02   1.3311616E-02
   1.5478082E+03   1.1250000E+03   1.1020000E+03   1.3400812E-02   1.2205029E-02
   1.5478157E+03   1.1710000E+03   1.1600000E+03   2.7613220E-03   2.3780400E-03
   1.5478233E+03   1.1950000E+03   1.1830000E+03   6.8748254E-03   7.1281153E-03
   1.5478308E+03   1.1720000E+03   1.1570000E+03   1.5599439E-03   1.3202732E-03
   1.5478383E+03   1.1230000E+03   1.1040000E+03   1.2260469E-02   1.3198740E-02
   1.5478459E+03   1.2340000E+03   1.2130000E+03   1.0433733E-02   9.5248124E-03
   1.5478534E+03   1.1160000E+03   1.0970000E+03   2.6093414E-03   2.2371983E-03
   1.5478609E+03   1.1790000E+03   1.1630000E+03   1.4074421E-02   1.4764006E-02
   1.5478684E+03   1.1540000E+03   1.1300000E+03   8.9290195E-03   7.2084032E-03
   1.5478760E+03   1.1540000E+03   1.1420000E+03   9.7370050E-03   9.3805296E-03
   1.5478835E+03   1.1730000E+03   1.1660000E+03   1.2630391E-02   1.3075245E-02
   1.5478910E+03   1.1780000E+03   1.1660000E+03   1.2863263E-02   1.3800538E-02
   1.5478985E+03   1.2590000E+03   1.2460000E+03   1.1450915E-03   1.1884789E-03
   1.5479061E+03   1.2220000E+03   1.2020000E+03   1.2789548E-02   1.3057589E-02
   1.5479136E+03   1.1930000E+03   1.1830000E+03   4.3864249E-03   3.8025292E-03
   1.5479211E+03   1.2510000E+03   1.2380000E+03   6.7499334E-03   6.4446120E-03
   1.5479287E+03   1.2750000E+03   1.2530000E+03   2.3740605E-03   4.0694875E-03
   1.5479362E+03   1.2980000E+03   1.2810000E+03   1.5171941E-02   1.5429683E-02
   1.5479437E+03   1.2650000E+03   1.2450000E+03   8.6742426E-03   9.2203480E-03
   1.5479512E+03   1.2960000E+03   1.2750000E+03   1.3162555E-02   1.3658595E-02
   1.5479588E+03   1.3040000E+03   1.2710000E+03   1.1499514E-02   1.2645072E-02
   1.5479663E+03   1.3310000E+03   1.3090000E+03   5.8376984E-03   6.3059877E-03
   1.5479738E+03   1.3900000E+03   1.3610000E+03   9.1883160E-03   1.0468699E-02
   1.5479814E+03   1.3670000E+03   1.3500000E+03   6.1473035E-03   6.1264605E-03
   1.5479889E+03   1.4180000E+03   1.3870000E+03   5.8476009E-03   6.7650475E-03
   1.5479964E+03   1.4370000E+03   1.4130000E+03   5.8915095E-03   6.3286633E-03
   1.5480039E+03   1.4550000E+03   1.4290000E+03   6.3236081E-03   5.7554753E-03
   1.5480115E+03   1.5790000E+03   1.5530000E+03   1.2264407E-02   1.2065718E-02
   1.5480190E+03   1.5690000E+03   1.5370000E+03   4.3672690E-03   5.0601495E-03
   1.5480265E+03   1.4960000E+03   1.4670000E+03   2.2661684E-03   1.0476413E-03
   1.5480341E+03   1.6240000E+03   1.5980000E+03   6.0935351E-03   5.1160438E-03
   1.5480416E+03   1.5860000E+03   1.5580000E+03   5.9085774E-03   5.7756764E-03
   1.5480491E+03   1.7150000E+03   1.6790000E+03   1.0933346E-02   1.1842760E-02
   1.5480566E+03   1.8040000E+03   1.7730000E+03   1.3684127E-02   1.4353185E-02
   1.5480642E+03   1.7710000E+03   1.7260000E+03   7.1153837E-03   7.4119978E-03
   1.5480717E+03   1.8220000E+03   1.7860000E+03   1.2023336E-03   4.5280030E-04
   1.5480792E+03   1.8570000E+03   1.8190000E+03   5.8615744E-03   5.5861059E-03
   1.5480868E+03   1.9250000E+03   1.8940000E+03   6.8748190E-03   7.6098449E-03
   1.5480943E+03   2.0620000E+03   2.0120000E+03   3.5787719E-03   4.0015429E-03
   1.5481018E+03   2.0940000E+03   2.0360000E+03   5.7996176E-03   5.8992078E-03
   1.5481093E+03   2.1990000E+03   2.1430000E+03   5.1575211E-03   3.5226646E-03
   1.5481169E+03   2.2030000E+03   2.1390000E+03   7.0291844E-03   7.7968960E-03
   1.5481244E+03   2.2600000E+03   2.2070000E+03   5.6723011E-03   5.3866891E-03
   1.5481319E+03   2.4010000E+03   2.3430000E+03   4.0251192E-03   3.8715050E-03
   1.5481395E+03   2.4880000E+03   2.4320000E+03   1.1144074E-02   1.1675611E-02
   1.5481470E+03   2.5160000E+03   2.4500000E+03   4.9976872E-03   4.3813435E-03
   1.5481545E+03   2.7770000E+03   2.7130000E+03   3.9302733E-03   3.9887628E-03
   1.5481620E+03   2.8750000E+03   2.8100000E+03   4.2426239E-03   4.4704429E-03
   1.5481696E+03   2.9460000E+03   2.8670000E+03   4.3008420E-04   5.4012661E-04
   1.5481771E+03   3.1840000E+03   3.0920000E+03   5.2439308E-03   4.7251941E-03
   1.5481846E+03   3.1610000E+03   3.0850000E+03   4.2918011E-03   4.0305886E-03
   1.5481922E+03   3.3980000E+03   3.3140000E+03   2.9276571E-03   2.4753450E-03
   1.5481997E+03   3.4680000E+03   3.3760000E+03   2.5776584E-03   2.9098764E-03
   1.5482072E+03   3.7580000E+03   3.6490000E+03   1.2582105E-03   2.1447850E-03
   1.5482147E+03   3.7810000E+03   3.6910000E+03   7.7182319E-04   1.6617449E-03
   1.5482223E+03   4.0100000E+03   3.9110000E+03   5.4230249E-03   3.9540434E-03
   1.5482298E+03   4.1130000E+03   4.0000000E+03   1.8753902E-03   1.6800804E-03
   1.5482373E+03   4.4740000E+03   4.3560000E+03   2.0999741E-03   1.9602410E-03
   1.5482449E+03   4.6130000E+03   4.4980000E+03   1.2535933E-03   1.1927085E-03
   1.5482524E+03   4.6520000E+03   4.5450000E+03   5.0156561E-03   5.4685648E-03
   1.5482599E+03   5.0160000E+03   4.8820000E+03   6.7750140E-03   6.5733290E-03
   1.5482674E+03   5.1920000E+03   5.0670000E+03   3.1459300E-03   2.8330518E-03
   1.5482750E+03   5.5330000E+03   5.4030000E+03   4.2193552E-03   3.9153487E-03
   1.5482825E+03   5.6490000E+03   5.5080000E+03   3.8388062E-03   3.9331783E-03
   1.5482900E+03   6.1590000E+03   6.0040000E+03   4.5418983E-03   4.0293531E-03
   1.5482976E+03   6.4490000E+03   6.2990000E+03   3.8570639E-03   4.2163927E-03
   1.5483051E+03   6.5210000E+03   6.3410000E+03   1.1459482E-03   6.7260483E-04
   1.5483126E+03   6.9640000E+03   6.7950000E+03   6.2663138E-03   6.6281367E-03
   1.5483201E+03   7.1570000E+03   6.9630000E+03   5.4752547E-03   5.7679532E-03
   1.5483277E+03   7.5250000E+03   7.3460000E+03   4.0128185E-03   3.5483837E-03
   1.5483352E+03   7.7950000E+03   7.5770000E+03   2.4895150E-03   3.1805532E-03
   1.5483427E+03   8.2910000E+03   8.0720000E+03   2.0057373E-03   2.0372780E-03
   1.5483502E+03   8.5460000E+03   8.3130000E+03   1.8170259E-03   2.1997393E-03
   1.5483578E+03   8.7900000E+03   8.5580000E+03   4.0943211E-03   3.4165098E-03
   1.5483653E+03   9.3430000E+03   9.1040000E+03   2.2206676E-03   1.9958892E-03
   1.5483728E+03   9.6450000E+03   9.3890000E+03   6.5958698E-03   7.0745350E-03
   1.5483804E+03   1.0046000E+04   9.7720000E+03   2.9430748E-03   2.9268978E-03
   1.5483879E+03   1.0526000E+04   1.0237000E+04   2.2507869E-03   1.9243555E-03
   1.5483954E+03   1.0913000E+04   1.0637000E+04   4.0368429E-03   4.1054729E-03
   1.5484029E+03   1.1199000E+04   1.0876000E+04   2.1455096E-03   2.2926440E-03
   1.5484105E+03   1.1809000E+04   1.1523000E+04   3.4469187E-03   4.0739439E-03
   1.5484180E+03   1.2198000E+04   1.1886000E+04   2.9403944E-03   3.0618096E-03
   1.5484255E+03   1.2603000E+04   1.2269000E+04   1.1411461E-03   1.3117036E-03
   1.5484331E+03   1.3079000E+04   1.2731000E+04   3.0430113E-03   2.6830943E-03
   1.5484406E+03   1.3624000E+04   1.3260000E+04   3.3128302E-03   3.5649869E-03
   1.5484481E+03   1.3944000E+04   1.3578000E+04   1.9954728E-03   1.7206867E-03
   1.5484556E+03   1.4385000E+04   1.4004000E+04   5.3795570E-03   5.6345071E-03
   1.5484632E+03   1.4721000E+04   1.4353000E+04   4.1683513E-03   4.3973606E-03
   1.5484707E+03   1.5427000E+04   1.5026000E+04   1.9669153E-03   1.7593775E-03
   1.5484782E+03   1.5620000E+04   1.5240000E+04   1.6279626E-03   1.5196235E-03
   1.5484858E+03   1.6150000E+04   1.5757000E+04   5.2348615E-03   4.7994383E-03
   1.5484933E+03   1.6694000E+04   1.6287000E+04   2.8319513E-03   2.8221268E-03
   1.5485008E+03   1.7178000E+04   1.6763000E+04   9.9944197E-04   9.7877536E-04
   1.5485083E+03   1.7699000E+04   1.7312000E+04   3.9353698E-03   4.3017623E-03
   1.5485159E+03   1.8105000E+04   1.7678000E+04   1.5164210E-03   1.4893465E-03
   1.5485234E+03   1.8589000E+04   1.8191000E+04   4.6023502E-03   4.6507847E-03
   1.5485309E+03   1.8836000E+04   1.8414000E+04   2.1009836E-03   1.9917410E-03
   1.5485385E+03   1.9469000E+04   1.9000000E+04   8.9923636E-04   1.1577001E-03
   1.5485460E+03   1.9570000E+04   1.9119000E+04   5.4938356E-04   5.6375444E-04
   1.5485535E+03   2.0374000E+04   1.9894000E+04   1.6762888E-03   2.1681442E-03
   1.5485610E+03   2.0566000E+04   2.0112000E+04   3.3366791E-04   3.6816648E-04
   1.5485686E+03   2.0952000E+04   2.0510000E+04   1.9742709E-03   2.1953482E-03
   1.5485761E+03   2.1320000E+04   2.0863000E+04   2.6258333E-03   2.6234526E-03
   1.5485836E+03   2.2138000E+04   2.1653000E+04   1.1767636E-03   1.2203914E-03
   1.5485912E+03   2.2012000E+04   2.1544000E+04   2.6243571E-03   2.1221276E-03
   1.5485987E+03   2.2338000E+04   2.1904000E+04   1.6367984E-03   1.6818890E-03
   1.5486062E+03   2.2762000E+04   2.2292000E+04   2.2829394E-03   1.9788900E-03
   1.5486137E+03   2.3125000E+04   2.2641000E+04   4.4449168E-04   7.9979697E-04
   1.5486213E+03   2.3432000E+04   2.2973000E+04   1.2014068E-03   1.3520682E-03
   1.5486288E+03   2.3760000E+04   2.3306000E+04   1.9980744E-03   2.0694914E-03
   1.5486363E+03   2.4079000E+04   2.3594000E+04   1.1293006E-03   1.0884696E-03
   1.5486439E+03   2.4333000E+04   2.3920000E+04   5.7424951E-04   6.6672073E-04
   1.5486514E+03   2.4802000E+04   2.4300000E+04   8.6999999E-04   7.2388893E-04
   1.5486589E+03   2.4467000E+04   2.3964000E+04   3.8259270E-03   3.8721000E-03
   1.5486664E+03   2.5072000E+04   2.4574000E+04   1.1128919E-03   8.4211151E-04
   1.5486740E+03   2.5372000E+04   2.4868000E+04   2.0418332E-03   1.9925910E-03
   1.5486815E+03   2.5409000E+04   2.4926000E+04   7.0631530E-04   5.1246250E-04
   1.5486890E+03   2.5718000E+04   2.5228000E+04   2.1281472E-03   1.8764448E-03
   1.5486966E+03   2.5943000E+04   2.5451000E+04   9.3250101E-04   9.0626188E-04
   1.5487041E+03   2.5903000E+04   2.5413000E+04   9.4051213E-04   8.1417278E-04
   1.5487116E+03   2.6088000E+04   2.5582000E+04   1.2134373E-03   1.4472610E-03
   1.5487191E+03   2.6390000E+04   2.5843000E+04   1.1937730E-03   1.2600748E-03
   1.5487267E+03   2.6241000E+04   2.5767000E+04   2.9500924E-04   2.9573280E-04
   1.5487342E+03   2.6426000E+04   2.5857000E+04   6.4880468E-04   7.9358207E-04
   1.5487417E+03   2.6536000E+04   2.6036000E+04   1.6339652E-03   1.7123346E-03
   1.5487493E+03   2.6158000E+04   2.5667000E+04   2.0622072E-03   2.0498181E-03
   1.5487568E+03   2.6488000E+04   2.5965000E+04   2.4229121E-03   2.6626463E-03
   1.5487643E+03   2.6315000E+04   2.5815000E+04   2.3164995E-03   2.4307166E-03
   1.5487718E+03   2.6473000E+04   2.5951000E+04   2.4671309E-03   2.2338336E-03
   1.5487794E+03   2.6328000E+04   2.5802000E+04   1.0151004E-03   1.1863857E-03
   1.5487869E+03   2.6336000E+04   2.5843000E+04   1.4636985E-03   1.4399592E-03
   1.5487944E+03   2.6201000E+04   2.5677000E+04   1.7271163E-03   1.9690032E-03
   1.5488019E+03   2.6025000E+04   2.5521000E+04   7.2386016E-04   5.0666665E-04
   1.5488095E+03   2.5959000E+04   2.5472000E+04   7.2380537E-04   6.7457749E-04
   1.5488170E+03   2.5869000E+04   2.5361000E+04   1.1542047E-03   1.2880132E-03
   1.5488245E+03   2.5915000E+04   2.5409000E+04   1.5372606E-03   1.8075392E-03
   1.5488321E+03   2.5438000E+04   2.4946000E+04   2.4745628E-03   2.4637928E-03
   1.5488396E+03   2.5664000E+04   2.5154000E+04   2.1065916E-03   1.7918156E-03
   1.5488471E+03   2.5414000E+04   2.4954000E+04   1.3327704E-03   1.3053551E-03
   1.5488546E+03   2.5128000E+04   2.4575000E+04   1.6053521E-03   1.6032027E-03
   1.5488622E+03   2.4769000E+04   2.4283000E+04   2.2463493E-03   2.4500728E-03
   1.5488697E+03   2.4877000E+04   2.4396000E+04   3.0880522E-03   3.2935017E-03
   1.5488772E+03   2.4282000E+04   2.3764000E+04   4.3880982E-04   2.0626792E-04
   1.5488848E+03   2.4483000E+04   2.4020000E+04   8.9526650E-04   1.0029143E-03
   1.5488923E+03   2.4083000E+04   2.3580000E+04   6.3057940E-04   4.3276653E-04
   1.5488998E+03   2.3906000E+04   2.3435000E+04   2.7005923E-04   1.2145884E-04
   1.5489073E+03   2.3513000E+04   2.3016000E+04   9.9007099E-04   7.0490864E-04
   1.5489149E+03   2.3074000E+04   2.2648000E+04   1.5087076E-03   1.5959751E-03
   1.5489224E+03   2.3035000E+04   2.2540000E+04   2.9268894E-03   2.8799709E-03
   1.5489299E+03   2.2616000E+04   2.2136000E+04   1.1179305E-03   1.2120872E-03
   1.5489375E+03   2.2039000E+04   2.1545000E+04   5.7436381E-04   4.9180333E-04
   1.5489450E+03   2.1945000E+04   2.1476000E+04   2.0863851E-03   1.9853643E-03
   1.5489525E+03   2.1497000E+04   2.1014000E+04   2.7512262E-03   2.4119856E-03
   1.5489600E+03   2.1306000E+04   2.0849000E+04   2.2493263E-03   2.0516928E-03
   1.5489676E+03   2.1101000E+04   2.0631000E+04   1.1273331E-03   1.1854213E-03
   1.5489751E+03   2.0635000E+04   2.0202000E+04   1.5412030E-03   1.7163642E-03
   1.5489826E+03   2.0177000E+04   1.9692000E+04   2.9474424E-03   2.9682193E-03
   1.5489902E+03   1.9816000E+04   1.9378000E+04   1.9773742E-03   1.8390686E-03
   1.5489977E+03   1.9410000E+04   1.8974000E+04   2.6581981E-03   2.4899008E-03
   1.5490052E+03   1.9481000E+04   1.9038000E+04   1.8114311E-03   1.6716179E-03
   1.5490127E+03   1.8850000E+04   1.8424000E+04   1.6172517E-03   1.3807289E-03
   1.5490203E+03   1.8354000E+04   1.7907000E+04   1.2340502E-03   1.1474821E-03
   1.5490278E+03   1.7931000E+04   1.7526000E+04   6.5262710E-04   6.2703220E-04
   1.5490353E+03   1.8031000E+04   1.7619000E+04   6.2706689E-04   3.3922448E-04
   1.5490429E+03   1.7266000E+04   1.6895000E+04   4.6145548E-03   4.8164677E-03
   1.5490504E+03   1.6819000E+04   1.6418000E+04   7.2502827E-04   9.7538366E-04
   1.5490579E+03   1.6880000E+04   1.6468000E+04   7.4218230E-04   6.0661414E-04
   1.5490654E+03   1.6289000E+04   1.5912000E+04   2.1173370E-03   2.3874229E-03
   1.5490730E+03   1.6083000E+04   1.5668000E+04   4.9010881E-04   4.1214945E-04
   1.5490805E+03   1.5681000E+04   1.5313000E+04   8.7762637E-04   9.8022885E-04
   1.5490880E+03   1.5227000E+04   1.4876000E+04   3.5196321E-03   3.4955084E-03
   1.5490956E+03   1.4873000E+04   1.4533000E+04   6.0246314E-04   7.7098135E-04
   1.5491031E+03   1.4638000E+04   1.4267000E+04   2.3309721E-03   1.9975787E-03
   1.5491106E+03   1.4256000E+04   1.3914000E+04   2.0146624E-03   1.9840608E-03
   1.5491181E+03   1.4112000E+04   1.3757000E+04   1.2166029E-04   2.1982959E-04
   1.5491257E+03   1.3524000E+04   1.3165000E+04   7.9034127E-04   1.2211569E-03
   1.5491332E+03   1.3524000E+04   1.3207000E+04   1.2389830E-03   1.5070541E-03
   1.5491407E+03   1.3282000E+04   1.2970000E+04   1.5043285E-03   1.8024422E-03
   1.5491483E+03   1.3125000E+04   1.2795000E+04   9.0571606E-04   1.1002074E-03
   1.5491558E+03   1.2654000E+04   1.2365000E+04   1.1875517E-03   1.1390812E-03
   1.5491633E+03   1.2557000E+04   1.2257000E+04   8.3488684E-04   1.0216482E-03
   1.5491708E+03   1.2265000E+04   1.1978000E+04   1.3934160E-03   1.4733193E-03
   1.5491784E+03   1.2175000E+04   1.1880000E+04   1.5744071E-03   1.4003568E-03
   1.5491859E+03   1.1952000E+04   1.1673000E+04   1.1982982E-03   1.3734376E-03
   1.5491934E+03   1.1745000E+04   1.1472000E+04   1.5228506E-03   1.3026377E-03
   1.5492010E+03   1.1750000E+04   1.1503000E+04   1.5275186E-04   2.6533486E-04
   1.5492085E+03   1.1558000E+04   1.1292000E+04   5.9813974E-04   5.0468291E-04
   1.5492160E+03   1.1226000E+04   1.0982000E+04   6.1041389E-04   4.0281876E-04
   1.5492235E+03   1.1143000E+04   1.0903000E+04   2.1763495E-04   1.6829695E-04
   1.5492311E+03   1.1211000E+04   1.0981000E+04   6.2380134E-04   6.8457282E-04
   1.5492386E+03   1.0930000E+04   1.0694000E+04   6.6535748E-04   6.3409380E-04
   1.5492461E+03   1.0996000E+04   1.0759000E+04   2.9009692E-04   3.1363009E-04
   1.5492536E+03   1.0751000E+04   1.0530000E+04   1.2853877E-03   1.0613600E-03
   1.5492612E+03   1.0685000E+04   1.0473000E+04   5.2985832E-04   4.3889007E-04
   1.5492687E+03   1.0502000E+04   1.0274000E+04   6.6052061E-04   5.0632962E-04
   1.5492762E+03   1.0474000E+04   1.0256000E+04   2.2724556E-04   1.8122466E-04
   1.5492838E+03   1.0791000E+04   1.0583000E+04   4.8658377E-04   4.9502842E-04
   1.5492913E+03   1.0598000E+04   1.0377000E+04   4.2376226E-04   4.7343483E-04
   1.5492988E+03   1.0604000E+04   1.0422000E+04   1.6633988E-04   1.6396642E-04
   1.5493063E+03   1.0557000E+04   1.0328000E+04   1.3026530E-04   1.4218064E-04
   1.5493139E+03   1.0308000E+04   1.0108000E+04   1.1979828E-04   1.0379654E-04
   1.5493214E+03   1.0550000E+04   1.0329000E+04   2.5089928E-04   2.7360001E-04
   1.5493289E+03   1.0417000E+04   1.0216000E+04   1.3265054E-04   1.3850031E-04
   1.5493365E+03   1.0567000E+04   1.0372000E+04   2.3006135E-04   2.8142109E-04
   1.5493440E+03   1.0461000E+04   1.0250000E+04   5.2862180E-04   5.6949574E-04
   1.5493515E+03   1.0446000E+04   1.0256000E+04   1.4531189E-04   1.9706927E-04
   1.5493590E+03   1.0345000E+04   1.0144000E+04   1.9762736E-04   1.6433475E-04
   1.5493666E+03   1.0502000E+04   1.0310000E+04   1.3729339E-04   9.4986448E-05
   1.5493741E+03   1.0259000E+04   1.0044000E+04   8.4320425E-05   7.3437135E-05
   1.5493816E+03   1.0317000E+04   1.0116000E+04   2.6759788E-04   3.0596709E-04
   1.5493892E+03   1.0280000E+04   1.0083000E+04   8.6923965E-05   1.2936389E-04
   1.5493967E+03   1.0182000E+04   1.0012000E+04   1.7675333E-04   9.9044507E-05
   1.5494042E+03   1.0351000E+04   1.0181000E+04   1.4772679E-04   1.2824839E-04
   1.5494117E+03   1.0317000E+04   1.0126000E+04   1.6881829E-04   1.9483800E-04
   1.5494193E+03   1.0303000E+04   1.0118000E+04   1.3898502E-04   1.2697958E-04
   1.5494268E+03   1.0149000E+04   9.9650000E+03   1.4196184E-04   1.4458311E-04
   1.5494343E+03   1.0384000E+04   1.0169000E+04   3.6274801E-05   3.7041747E-05
   1.5494419E+03   1.0301000E+04   1.0107000E+04   6.7452213E-05   8.2677965E-05
   1.5494494E+03   1.0197000E+04   1.0000000E+04   2.0832193E-04   2.1242587E-04
   1.5494569E+03   1.0415000E+04   1.0227000E+04   8.4163447E-05   6.5758835E-05
   1.5494644E+03   1.0293000E+04   1.0088000E+04   6.2482138E-05   6.3751848E-05
   1.5494720E+03   1.0185000E+04   9.9850000E+03   2.1399228E-05   2.1827856E-05
   1.5494795E+03   1.0214000E+04   1.0039000E+04   3.4269121E-05   3.4866501E-05
   1.5494870E+03   1.0244000E+04   1.0050000E+04   6.6673051E-05   7.4117243E-05
   1.5494946E+03   1.0201000E+04   1.0005000E+04   2.1313591E-05   2.1731128E-05
   1.5495021E+03   1.0188000E+04   1.0006000E+04   8.8274747E-05   8.9880384E-05
   1.5495096E+03   1.0157000E+04   9.9840000E+03   9.5328429E-06   9.6984261E-06
   1.5495171E+03   1.0206000E+04   1.0030000E+04   6.5601202E-05   6.8535417E-05
   1.5495247E+03   1.0478000E+04   1.0262000E+04   3.4392154E-05   3.5115704E-05
   1.5495322E+03   1.0109000E+04   9.9460000E+03   6.3973920E-05   6.5022357E-05
   1.5495397E+03   1.0120000E+04   9.9230000E+03   1.4783547E-05   1.5077043E-05
   1.5495473E+03   1.0165000E+04   9.9800000E+03   2.4017462E-05   2.4462770E-05
   1.5495548E+03   1.0095000E+04   9.9200000E+03   5.3626513E-05   5.4572545E-05
   1.5495623E+03   1.0304000E+04   1.0125000E+04   3.7486305E-05   3.9425318E-05
   1.5495698E+03   1.0204000E+04   1.0009000E+04   1.7999578E-05   1.8350309E-05
   1.5495774E+03   1.0197000E+04   1.0001000E+04   2.5232710E-05   2.5728424E-05
   1.5495849E+03   1.0039000E+04   9.8340000E+03   1.6425365E-05   1.6767796E-05
   1.5495924E+03   1.0132000E+04   9.9220000E+03   5.1245054E-05   5.2329220E-05
   1.5496000E+03   1.0061000E+04   9.8750000E+03   2.0618677E-05   2.0303832E-05
   1.5496075E+03   1.0012000E+04   9.8370000E+03   6.7564698E-05   6.8766357E-05
   1.5496150E+03   9.9380000E+03   9.7440000E+03   5.5673297E-05   5.6781354E-05
   1.5496225E+03   9.9510000E+03   9.8040000E+03   1.0785155E-04   1.0946816E-04
   1.5496301E+03   1.0053000E+04   9.8610000E+03   1.0721056E-04   1.0929753E-04
   1.5496376E+03   9.9830000E+03   9.8200000E+03   2.6955254E-05   2.7402779E-05
   1.5496451E+03   1.0001000E+04   9.8230000E+03   3.2234205E-05   3.2817747E-05
   1.5496527E+03   9.8860000E+03   9.6970000E+03   2.9009492E-05   2.9578424E-05
   1.5496602E+03   1.0011000E+04   9.8260000E+03   1.4662572E-05   1.4935976E-05
   1.5496677E+03   9.9260000E+03   9.7440000E+03   3.2403482E-05   3.3007244E-05
   1.5496752E+03   9.8650000E+03   9.6890000E+03   7.2731611E-05   7.4046900E-05
   1.5496828E+03   9.7800000E+03   9.5740000E+03   7.4323966E-05   7.6027636E-05
   1.5496903E+03   9.5720000E+03   9.4070000E+03   4.3062312E-05   4.3819822E-05
   1.5496978E+03   9.5850000E+03   9.4300000E+03   9.5500232E-05   9.7077328E-05
   1.5497053E+03   9.5050000E+03   9.3460000E+03   1.3193477E-04   1.3418259E-04
   1.5497129E+03   9.6080000E+03   9.4290000E+03   3.5852111E-05   3.6531596E-05
   1.5497204E+03   9.4480000E+03   9.2880000E+03   1.2270660E-04   1.2481505E-04
   1.5497279E+03   9.4150000E+03   9.2490000E+03   1.0321509E-04   1.0506161E-04
   1.5497355E+03   9.1820000E+03   9.0290000E+03   1.1958063E-04   1.1139429E-04
   1.5497430E+03   9.2730000E+03   9.1310000E+03   3.7286570E-05   3.7880641E-05
   1.5497505E+03   9.0460000E+03   8.8960000E+03   2.8132317E-05   2.8609524E-05
   1.5497580E+03   8.8320000E+03   8.7090000E+03   1.0348693E-04   1.0494586E-04
   1.5497656E+03   8.7330000E+03   8.6080000E+03   9.3790066E-05   9.3884464E-05
   1.5497731E+03   8.6590000E+03   8.5330000E+03   4.4958646E-05   4.5627294E-05
   1.5497806E+03   8.6400000E+03   8.5260000E+03   2.9762961E-05   3.0187206E-05
   1.5497882E+03   8.3900000E+03   8.2730000E+03   1.8230884E-05   1.8464759E-05
   1.5497957E+03   8.3510000E+03   8.2260000E+03   5.5580937E-05   5.6433317E-05
   1.5498032E+03   7.9750000E+03   7.8660000E+03   1.2109559E-04   1.2276806E-04
   1.5498107E+03   7.9330000E+03   7.8270000E+03   8.9703784E-05   9.1087833E-05
   1.5498183E+03   7.7580000E+03   7.6740000E+03   4.2772661E-05   8.6321024E-05
   1.5498258E+03   7.5170000E+03   7.4330000E+03   8.4344922E-05   8.5273432E-05
   1.5498333E+03   7.1880000E+03   7.1000000E+03   6.8326752E-05   6.9157555E-05
   1.5498409E+03   6.9060000E+03   6.8400000E+03   3.2708238E-05   2.5165699E-05
   1.5498484E+03   6.9180000E+03   6.8240000E+03   9.4980904E-05   9.6313920E-05
   1.5498559E+03   6.6120000E+03   6.5480000E+03   7.4466560E-05   7.5244612E-05
   1.5498634E+03   6.3740000E+03   6.3100000E+03   7.8985951E-05   7.9768460E-05
   1.5498710E+03   6.2510000E+03   6.1860000E+03   1.6434094E-04   1.6605334E-04
   1.5498785E+03   6.1140000E+03   6.0570000E+03   7.5835560E-05   7.6558638E-05
   1.5498860E+03   5.9070000E+03   5.8580000E+03   9.1273696E-05   9.2055109E-05
   1.5498936E+03   5.5450000E+03   5.4930000E+03   7.1276670E-05   7.2055775E-05
   1.5499011E+03   5.3990000E+03   5.3570000E+03   9.0581136E-06   9.0636265E-06
   1.5499086E+03   5.1830000E+03   5.1400000E+03   6.0390675E-06   6.1024933E-06
   1.5499161E+03   5.0770000E+03   5.0420000E+03   2.9006688E-05   2.9198314E-05
   1.5499237E+03   4.9490000E+03   4.9090000E+03   2.4290427E-05   2.4405867E-05
   1.5499312E+03   4.6760000E+03   4.6460000E+03   4.6630705E-05   4.7057190E-05
   1.5499387E+03   4.6250000E+03   4.5900000E+03   1.1485722E-04   1.1567419E-04
   1.5499463E+03   4.5260000E+03   4.5000000E+03   4.1030840E-05   4.1307744E-05
   1.5499538E+03   4.3490000E+03   4.3130000E+03   7.8154967E-05   7.8461320E-05
   1.5499613E+03   4.0750000E+03   4.0410000E+03   5.3628279E-05   5.4076579E-05
   1.5499688E+03   3.9400000E+03   3.9240000E+03   1.0499858E-04   1.0541584E-04
   1.5499764E+03   3.9070000E+03   3.8780000E+03   1.8635435E-04   1.8768448E-04
   1.5499839E+03   3.7400000E+03   3.7120000E+03   1.9340421E-05   1.9548399E-05
   1.5499914E+03   3.6960000E+03   3.6650000E+03   5.0154912E-05   5.0402589E-05
   1.5499990E+03   3.6390000E+03   3.6090000E+03   8.5951178E-05   8.6692197E-05
   1.5500065E+03   3.4500000E+03   3.4190000E+03   7.6659253E-05   7.7388143E-05
   1.5500140E+03   3.4560000E+03   3.4350000E+03   6.3971831E-05   6.4370033E-05
   1.5500215E+03   3.2530000E+03   3.2390000E+03   1.6594829E-05   1.6641426E-05
   1.5500291E+03   3.2920000E+03   3.2670000E+03   7.0634926E-05   7.1188154E-05
   1.5500366E+03   3.0730000E+03   3.0440000E+03   1.7022678E-04   1.7181480E-04
   1.5500441E+03   2.9890000E+03   2.9620000E+03   2.2521068E-06   2.2452758E-06
   1.5500517E+03   2.8360000E+03   2.8210000E+03   3.8470082E-06   3.8586928E-06
   1.5500592E+03   2.8020000E+03   2.7850000E+03   1.5520580E-05   1.5621891E-05
   1.5500667E+03   2.7590000E+03   2.7380000E+03   2.1270108E-05   2.1419283E-05
   1.5500742E+03   2.7610000E+03   2.7380000E+03   1.6376218E-05   1.6515349E-05
   1.5500818E+03   2.6210000E+03   2.6030000E+03   9.9170019E-05   9.9870343E-05
   1.5500893E+03   2.5490000E+03   2.5320000E+03   3.1247398E-05   3.1433849E-05
   1.5500968E+03   2.4780000E+03   2.4630000E+03   4.1890536E-06   4.1874239E-06
   1.5501044E+03   2.3580000E+03   2.3410000E+03   1.8622416E-04   1.8759071E-04
   1.5501119E+03   2.3600000E+03   2.3380000E+03   8.6509017E-07   8.7848576E-07
   1.5501194E+03   2.4150000E+03   2.3990000E+03   7.2262345E-05   7.2693181E-05
   1.5501269E+03   2.3230000E+03   2.3020000E+03   2.4781390E-05   2.4443355E-05
   1.5501345E+03   2.2570000E+03   2.2360000E+03   3.3131446E-06   3.2712196E-06
   1.5501420E+03   2.2050000E+03   2.1920000E+03   3.2798444E-06   3.2352026E-06
   1.5501495E+03   2.1270000E+03   2.1070000E+03   3.5776270E-05   3.6079096E-05
   1.5501571E+03   2.0420000E+03   2.0250000E+03   2.3075821E-06   2.3621175E-06
   1.5501646E+03   2.0690000E+03   2.0560000E+03   7.5538526E-06   7.5979016E-06
   1.5501721E+03   2.0060000E+03   1.9930000E+03   3.0727711E-05   3.0918991E-05
   1.5501796E+03   1.9870000E+03   1.9710000E+03   7.6603019E-05   7.7212500E-05
   1.5501872E+03   1.8920000E+03   1.8710000E+03   1.3777319E-05   1.3146732E-05
   1.5501947E+03   1.8650000E+03   1.8470000E+03   9.6767332E-05   9.7724844E-05
   1.5502022E+03   1.7680000E+03   1.7490000E+03   6.2567259E-06   6.3755110E-06
   1.5502097E+03   1.7580000E+03   1.7460000E+03   2.0407974E-05   2.0544640E-05
   1.5502173E+03   1.8300000E+03   1.8050000E+03   2.0533565E-06   1.9825232E-06
   1.5502248E+03   1.7820000E+03   1.7680000E+03   2.1231828E-06   2.1896175E-06
   1.5502323E+03   1.8130000E+03   1.7970000E+03   8.0805446E-05   8.1727327E-05
   1.5502399E+03   1.7260000E+03   1.7160000E+03   9.1916061E-06   9.2496316E-06
   1.5502474E+03   1.7160000E+03   1.7020000E+03   4.3970736E-05   4.4264914E-05
   1.5502549E+03   1.6480000E+03   1.6270000E+03   3.6109113E-06   3.6285553E-06
   1.5502624E+03   1.6450000E+03   1.6280000E+03   7.5435923E-06   7.7735384E-06
   1.5502700E+03   1.5590000E+03   1.5370000E+03   4.2424173E-05   4.2748668E-05
   1.5502775E+03   1.6200000E+03   1.5970000E+03   1.4162526E-06   1.3924180E-06
   1.5502850E+03   1.6350000E+03   1.6160000E+03   3.6162867E-06   3.6070558E-06
   1.5502926E+03   1.5320000E+03   1.5220000E+03   5.2437709E-06   5.2926971E-06
   1.5503001E+03   1.4850000E+03   1.4650000E+03   1.8511003E-05   1.8441832E-05
   1.5503076E+03   1.5010000E+03   1.4940000E+03   4.4952581E-06   4.5460779E-06
   1.5503151E+03   1.4380000E+03   1.4260000E+03   4.9667181E-06   4.9876955E-06
   1.5503227E+03   1.4720000E+03   1.4570000E+03   1.1814357E-05   6.9312550E-06
   1.5503302E+03   1.4180000E+03   1.4140000E+03   8.8973705E-06   8.9056786E-06
   1.5503377E+03   1.4220000E+03   1.4070000E+03   1.2216129E-05   1.2086104E-05
   1.5503453E+03   1.4390000E+03   1.4260000E+03   3.3143178E-06   3.3108384E-06
   1.5503528E+03   1.4160000E+03   1.4040000E+03   4.2906300E-06   4.3273295E-06
   1.5503603E+03   1.4210000E+03   1.4000000E+03   7.2300625E-06   7.4602886E-06
   1.5503678E+03   1.4930000E+03   1.4710000E+03   3.3504019E-06   3.3981877E-06
   1.5503754E+03   1.3720000E+03   1.3610000E+03   1.3752674E-05   1.3964497E-05
   1.5503829E+03   1.4280000E+03   1.4110000E+03   4.0673793E-05   4.1178477E-05
   1.5503904E+03   1.4410000E+03   1.4310000E+03   4.9532368E-06   4.8829283E-06
   1.5503980E+03   1.3840000E+03   1.3720000E+03   1.5991385E-05   1.6223107E-05
   1.5504055E+03   1.4190000E+03   1.3980000E+03   7.4730084E-06   7.5282704E-06
   1.5504130E+03   1.4740000E+03   1.4590000E+03   1.9817706E-05   2.0037402E-05
   1.5504205E+03   1.4580000E+03   1.4380000E+03   1.1896974E-05   1.2203026E-05
   1.5504281E+03   1.5050000E+03   1.4820000E+03   4.2993704E-06   4.3213834E-06
   1.5504356E+03   1.4560000E+03   1.4370000E+03   1.5852292E-06   1.6066430E-06
   1.5504431E+03   1.4340000E+03   1.4200000E+03   6.4255962E-06   6.3631397E-06
   1.5504507E+03   1.4180000E+03   1.4040000E+03   1.5328342E-05   1.5481659E-05
   1.5504582E+03   1.4410000E+03   1.4220000E+03   1.3397007E-05   1.3517111E-05
   1.5504657E+03   1.4040000E+03   1.3870000E+03   5.2054356E-06   5.2498240E-06
   1.5504732E+03   1.5140000E+03   1.4880000E+03   7.8011749E-06   7.6319764E-06
   1.5504808E+03   1.4920000E+03   1.4770000E+03   1.0474454E-05   1.0600690E-05
   1.5504883E+03   1.5510000E+03   1.5280000E+03   4.8920100E-06   4.9631397E-06
   1.5504958E+03   1.5040000E+03   1.4770000E+03   1.4070997E-05   1.4134089E-05
   1.5505034E+03   1.5090000E+03   1.4870000E+03   1.6214859E-06   1.3258549E-06
   1.5505109E+03   1.4910000E+03   1.4620000E+03   1.0291874E-05   1.0385360E-05
   1.5505184E+03   1.5510000E+03   1.5370000E+03   6.7133928E-06   7.1656617E-06
   1.5505259E+03   1.6160000E+03   1.5920000E+03   3.3136387E-06   3.3223424E-06
   1.5505335E+03   1.5480000E+03   1.5180000E+03   8.4912359E-06   8.6824364E-06
   1.5505410E+03   1.5400000E+03   1.5060000E+03   9.6781409E-06   9.9015181E-06
   1.5505485E+03   1.6350000E+03   1.6100000E+03   1.4380682E-05   1.4695471E-05
   1.5505561E+03   1.6390000E+03   1.6160000E+03   4.9739424E-06   5.0542312E-06
   1.5505636E+03   1.6980000E+03   1.6720000E+03   8.1565825E-06   8.3572892E-06
   1.5505711E+03   1.6940000E+03   1.6660000E+03   1.7712218E-05   1.8450408E-05
   1.5505786E+03   1.7970000E+03   1.7620000E+03   1.0998710E-04   1.1206242E-04
   1.5505862E+03   1.7560000E+03   1.7160000E+03   7.9233680E-06   8.0158978E-06
   1.5505937E+03   1.9100000E+03   1.8770000E+03   8.0672156E-06   8.2200761E-06
   1.5506012E+03   1.8170000E+03   1.7870000E+03   7.4368196E-06   7.5829540E-06
   1.5506087E+03   1.8380000E+03   1.8030000E+03   3.3148307E-06   3.2942294E-06
   1.5506163E+03   1.8760000E+03   1.8350000E+03   3.0022276E-05   3.0554103E-05
   1.5506238E+03   2.0640000E+03   2.0230000E+03   3.9646887E-06   3.7017681E-06
   1.5506313E+03   2.0820000E+03   2.0320000E+03   8.6664032E-06   9.1227285E-06
   1.5506389E+03   2.1170000E+03   2.0790000E+03   1.5767823E-05   1.5029600E-05
   1.5506464E+03   2.1150000E+03   2.0640000E+03   1.6891392E-05   1.7287822E-05
   1.5506539E+03   2.1690000E+03   2.1310000E+03   2.7425920E-05   2.7852027E-05
   1.5506614E+03   2.2580000E+03   2.2090000E+03   1.6525495E-05   1.6326716E-05
   1.5506690E+03   2.4310000E+03   2.3670000E+03   1.7883716E-06   1.8509142E-06
   1.5506765E+03   2.4750000E+03   2.4290000E+03   1.2274059E-05   1.2478089E-05
   1.5506840E+03   2.5320000E+03   2.4710000E+03   2.8423308E-06   2.8297472E-06
   1.5506916E+03   2.5330000E+03   2.4750000E+03   1.8890608E-05   1.9386483E-05
   1.5506991E+03   2.7170000E+03   2.6660000E+03   1.1286288E-04   1.1492426E-04
   1.5507066E+03   2.7450000E+03   2.6820000E+03   3.2548664E-05   3.3482292E-05
   1.5507141E+03   2.9430000E+03   2.8800000E+03   3.1115156E-06   4.1119604E-06
   1.5507217E+03   3.0570000E+03   2.9930000E+03   2.1133546E-05   2.1911653E-05
   1.5507292E+03   3.0880000E+03   3.0120000E+03   2.6832115E-05   2.7538731E-05
   1.5507367E+03   3.3100000E+03   3.2330000E+03   4.2143694E-05   4.3187093E-05
   1.5507443E+03   3.3240000E+03   3.2490000E+03   3.8773093E-05   3.9667836E-05
   1.5507518E+03   3.3970000E+03   3.2910000E+03   4.7074428E-06   4.1918804E-06
   1.5507593E+03   3.5320000E+03   3.4560000E+03   1.9310974E-06   2.0636059E-06
   1.5507668E+03   3.8650000E+03   3.7660000E+03   4.5965766E-05   4.7169925E-05
   1.5507744E+03   3.9390000E+03   3.8260000E+03   1.1012558E-05   1.1402179E-05
   1.5507819E+03   4.1840000E+03   4.0690000E+03   9.8642900E-06   1.0130401E-05
   1.5507894E+03   4.3970000E+03   4.2910000E+03   1.6984220E-05   1.7372404E-05
   1.5507970E+03   4.4530000E+03   4.3310000E+03   4.9909919E-05   5.1280575E-05
   1.5508045E+03   4.6500000E+03   4.5310000E+03   1.6449033E-05   1.6461258E-05
   1.5508120E+03   4.8080000E+03   4.6830000E+03   8.0097863E-06   8.2502048E-06
   1.5508195E+03   5.0620000E+03   4.9470000E+03   5.3107494E-05   5.4440099E-05
   1.5508271E+03   5.2400000E+03   5.1060000E+03   1.0918014E-05   1.1120118E-05
   1.5508346E+03   5.5980000E+03   5.4680000E+03   2.0400967E-05   2.0856775E-05
   1.5508421E+03   5.7120000E+03   5.5510000E+03   3.7632550E-05   3.8660083E-05
   1.5508497E+03   5.8480000E+03   5.6830000E+03   2.7350176E-05   2.8502273E-05
   1.5508572E+03   6.0770000E+03   5.9150000E+03   2.9755387E-06   3.1544550E-06
   1.5508647E+03   6.3750000E+03   6.2060000E+03   2.7769580E-05   2.8728338E-05
   1.5508722E+03   6.6550000E+03   6.4930000E+03   2.2436389E-05   2.6542039E-05
   1.5508798E+03   6.9280000E+03   6.7650000E+03   3.6032672E-05   3.6977776E-05
   1.5508873E+03   7.1490000E+03   6.9670000E+03   3.5783001E-05   3.6688768E-05
   1.5508948E+03   7.4410000E+03   7.2680000E+03   2.7266750E-05   2.7964261E-05
   1.5509024E+03   7.7810000E+03   7.5930000E+03   4.6033063E-05   4.7943223E-05
   1.5509099E+03   8.0240000E+03   7.8350000E+03   1.9389234E-05   1.7699294E-05
   1.5509174E+03   8.3930000E+03   8.1870000E+03   2.1429029E-05   2.1533228E-05
   1.5509249E+03   8.5500000E+03   8.3150000E+03   4.0533314E-05   4.2005777E-05
   1.5509325E+03   8.9390000E+03   8.7330000E+03   1.9437371E-05   1.9789776E-05
   1.5509400E+03   9.2560000E+03   8.9860000E+03   3.6505786E-06   3.8285073E-06
   1.5509475E+03   9.8570000E+03   9.6180000E+03   1.5271495E-05   1.5690739E-05
   1.5509551E+03   1.0024000E+04   9.7350000E+03   4.1525345E-05   4.2536659E-05
   1.5509626E+03   1.0328000E+04   1.0083000E+04   5.8157520E-05   6.0505057E-05
   1.5509701E+03   1.0771000E+04   1.0487000E+04   2.7516650E-05   2.7882576E-05
   1.5509776E+03   1.0952000E+04   1.0669000E+04   6.0784051E-05   2.9858109E-05
   1.5509852E+03   1.1497000E+04   1.1230000E+04   6.0673061E-05   6.2116255E-05
   1.5509927E+03   1.1640000E+04   1.1340000E+04   3.2815636E-05   3.3650649E-05
   1.5510002E+03   1.2333000E+04   1.2028000E+04   2.5825955E-05   2.2524073E-05
   1.5510078E+03   1.2551000E+04   1.2252000E+04   3.1477569E-05   3.1878260E-05
   1.5510153E+03   1.2504000E+04   1.2206000E+04   7.1289385E-06   7.2351251E-06
   1.5510228E+03   1.3090000E+04   1.2792000E+04   1.2425877E-05   9.2570238E-06
   1.5510303E+03   1.3449000E+04   1.3129000E+04   4.0884457E-05   4.1597193E-05
   1.5510379E+03   1.4007000E+04   1.3668000E+04   2.4093623E-05   2.4744159E-05
   1.5510454E+03   1.4258000E+04   1.3944000E+04   1.2241903E-05   1.2416451E-05
   1.5510529E+03   1.4495000E+04   1.4135000E+04   3.2583006E-05   3.3892493E-05
   1.5510604E+03   1.4825000E+04   1.4478000E+04   2.1980701E-05   1.9011689E-05
   1.5510680E+03   1.5388000E+04   1.5025000E+04   5.7326197E-05   5.8948524E-05
   1.5510755E+03   1.5546000E+04   1.5179000E+04   5.8350281E-05   5.9812667E-05
   1.5510830E+03   1.5734000E+04   1.5400000E+04   2.4476753E-05   2.4980397E-05
   1.5510906E+03   1.6332000E+04   1.5966000E+04   1.0866004E-05   1.1363838E-05
   1.5510981E+03   1.6590000E+04   1.6248000E+04   1.6294599E-05   1.6647338E-05
   1.5511056E+03   1.6974000E+04   1.6584000E+04   9.4056872E-06   9.2826678E-06
   1.5511131E+03   1.7032000E+04   1.6645000E+04   1.2369962E-05   1.2712178E-05
   1.5511207E+03   1.7503000E+04   1.7165000E+04   3.6433723E-05   3.7219614E-05
   1.5511282E+03   1.7896000E+04   1.7524000E+04   1.6606992E-05   1.3993047E-05
   1.5511357E+03   1.8006000E+04   1.7620000E+04   2.8268983E-05   2.8984183E-05
   1.5511433E+03   1.8311000E+04   1.7955000E+04   6.1036625E-05   6.2068381E-05
   1.5511508E+03   1.8522000E+04   1.8146000E+04   3.6728507E-06   3.7501757E-06
   1.5511583E+03   1.8982000E+04   1.8611000E+04   5.4615253E-05   5.5740266E-05
   1.5511658E+03   1.8956000E+04   1.8581000E+04   2.2135583E-05   2.2592729E-05
   1.5511734E+03   1.9332000E+04   1.8952000E+04   4.3196964E-05   4.4032604E-05
   1.5511809E+03   1.9625000E+04   1.9246000E+04   3.6209766E-05   3.0597160E-05
   1.5511884E+03   1.9791000E+04   1.9353000E+04   4.8365663E-05   4.9127757E-05
   1.5511960E+03   1.9927000E+04   1.9545000E+04   5.1376562E-05   5.2478254E-05
   1.5512035E+03   2.0192000E+04   1.9783000E+04   9.6366180E-06   9.8611686E-06
   1.5512110E+03   2.0253000E+04   1.9842000E+04   1.5991710E-05   1.6318898E-05
   1.5512185E+03   2.0264000E+04   1.9882000E+04   1.8180610E-05   1.8647596E-05
   1.5512261E+03   2.0619000E+04   2.0207000E+04   1.6193614E-05   1.6528799E-05
   1.5512336E+03   2.0617000E+04   2.0203000E+04   1.2681190E-05   1.2948550E-05
   1.5512411E+03   2.0576000E+04   2.0211000E+04   1.9722062E-05   1.7860752E-05
   1.5512487E+03   2.0962000E+04   2.0562000E+04   4.5892609E-05   4.6752660E-05
   1.5512562E+03   2.1014000E+04   2.0578000E+04   2.4629004E-05   2.7823499E-05
   1.5512637E+03   2.0724000E+04   2.0329000E+04   2.8780484E-05   2.9368884E-05
   1.5512712E+03   2.1164000E+04   2.0708000E+04   2.1093065E-05   2.1824040E-05
   1.5512788E+03   2.0825000E+04   2.0399000E+04   4.0627426E-05   4.1676723E-05
   1.5512863E+03   2.1077000E+04   2.0635000E+04   4.8624520E-05   4.9668797E-05
   1.5512938E+03   2.1033000E+04   2.0633000E+04   3.6099265E-05   3.6864052E-05
   1.5513014E+03   2.1037000E+04   2.0636000E+04   2.0866585E-05   2.0998397E-05
   1.5513089E+03   2.1302000E+04   2.0898000E+04   3.0726673E-05   3.1307157E-05
   1.5513164E+03   2.0977000E+04   2.0594000E+04   3.5873173E-05   3.4515243E-05
   1.5513239E+03   2.1056000E+04   2.0668000E+04   3.9094056E-05   3.9603177E-05
   1.5513315E+03   2.1128000E+04   2.0724000E+04   3.0159720E-05   3.3252626E-05
   1.5513390E+03   2.1036000E+04   2.0634000E+04   2.4164589E-05   2.4699429E-05
   1.5513465E+03   2.0822000E+04   2.0406000E+04   5.1727239E-05   5.2724506E-05
   1.5513541E+03   2.0996000E+04   2.0627000E+04   3.5006976E-05   3.5672579E-05
   1.5513616E+03   2.0572000E+04   2.0207000E+04   2.7376458E-05   2.7888846E-05
   1.5513691E+03   2.0489000E+04   2.0113000E+04   5.5013354E-05   5.6139742E-05
   1.5513766E+03   2.0190000E+04   1.9792000E+04   3.6188939E-05   3.4573841E-05
   1.5513842E+03   2.0261000E+04   1.9880000E+04   2.9432657E-05   2.9822959E-05
   1.5513917E+03   1.9809000E+04   1.9424000E+04   5.1060647E-05   5.2046478E-05
   1.5513992E+03   1.9720000E+04   1.9324000E+04   6.2963968E-05   6.4277549E-05
   1.5514068E+03   1.9540000E+04   1.9128000E+04   2.3582637E-05   2.4071113E-05
   1.5514143E+03   1.9201000E+04   1.8797000E+04   6.7519651E-05   6.9102061E-05
   1.5514218E+03   1.9090000E+04   1.8704000E+04   3.3507905E-05   3.4217403E-05
   1.5514293E+03   1.8812000E+04   1.8433000E+04   4.5800073E-05   4.6654428E-05
   1.5514369E+03   1.8657000E+04   1.8267000E+04   3.5721613E-05   3.6517645E-05
   1.5514444E+03   1.8541000E+04   1.8173000E+04   4.2546500E-05   4.3437402E-05
   1.5514519E+03   1.8168000E+04   1.7780000E+04   2.0272134E-05   2.0672788E-05
   1.5514595E+03   1.8166000E+04   1.7767000E+04   6.9590663E-05   7.1254455E-05
   1.5514670E+03   1.7547000E+04   1.7205000E+04   8.6746167E-05   8.8441955E-05
   1.5514745E+03   1.7483000E+04   1.7102000E+04   5.9019077E-05   6.0302445E-05
   1.5514820E+03   1.7184000E+04   1.6825000E+04   1.0657032E-05   1.1024700E-05
   1.5514896E+03   1.6971000E+04   1.6617000E+04   3.6953770E-05   3.7631493E-05
   1.5514971E+03   1.6403000E+04   1.6035000E+04   6.1667121E-05   6.3053554E-05
   1.5515046E+03   1.6131000E+04   1.5739000E+04   6.7026220E-05   6.8833715E-05
   1.5515122E+03   1.5938000E+04   1.5582000E+04   6.5328460E-05   6.4561696E-05
   1.5515197E+03   1.5755000E+04   1.5424000E+04   6.0013813E-05   5.8664835E-05
   1.5515272E+03   1.5415000E+04   1.5096000E+04   5.2945779E-05   5.4013970E-05
   1.5515347E+03   1.5333000E+04   1.4954000E+04   2.1910139E-05   2.2465955E-05
   1.5515423E+03   1.4662000E+04   1.4366000E+04   7.4897275E-05   7.6600366E-05
   1.5515498E+03   1.4370000E+04   1.4061000E+04   4.4049209E-05   4.4929889E-05
   1.5515573E+03   1.3942000E+04   1.3629000E+04   5.3184857E-05   5.4325073E-05
   1.5515648E+03   1.3800000E+04   1.3489000E+04   1.3109183E-05   2.3436002E-05
   1.5515724E+03   1.3615000E+04   1.3292000E+04   4.6400076E-05   4.7405119E-05
   1.5515799E+03   1.3021000E+04   1.2723000E+04   2.7695261E-05   2.8351575E-05
   1.5515874E+03   1.2796000E+04   1.2493000E+04   6.3612795E-05   6.5110316E-05
   1.5515950E+03   1.2451000E+04   1.2198000E+04   6.9621153E-05   6.7345680E-05
   1.5516025E+03   1.2040000E+04   1.1745000E+04   2.9518562E-05   3.0191961E-05
   1.5516100E+03   1.1907000E+04   1.1616000E+04   1.4005428E-04   1.4360936E-04
   1.5516175E+03   1.1976000E+04   1.1664000E+04   3.9352191E-05   4.0427458E-05
   1.5516251E+03   1.1440000E+04   1.1139000E+04   5.7043898E-05   5.8581632E-05
   1.5516326E+03   1.1181000E+04   1.0909000E+04   9.8661778E-05   1.0121092E-04
   1.5516401E+03   1.0702000E+04   1.0458000E+04   4.4670128E-05   4.5745083E-05
   1.5516477E+03   1.0484000E+04   1.0256000E+04   1.1964147E-04   1.2260933E-04
   1.5516552E+03   1.0215000E+04   9.9580000E+03   1.8129886E-04   1.8599770E-04
   1.5516627E+03   9.8590000E+03   9.6330000E+03   3.9531022E-05   4.0587707E-05
   1.5516702E+03   9.5290000E+03   9.2910000E+03   9.8306372E-05   9.9860260E-05
   1.5516778E+03   9.3930000E+03   9.1500000E+03   9.4484327E-05   9.7690719E-05
   1.5516853E+03   9.2540000E+03   9.0160000E+03   7.9689470E-05   8.1838672E-05
   1.5516928E+03   8.9400000E+03   8.7360000E+03   6.6374389E-05   6.7967892E-05
   1.5517004E+03   8.8090000E+03   8.5940000E+03   1.7808296E-04   1.9521586E-04
   1.5517079E+03   8.3560000E+03   8.1540000E+03   1.0393604E-04   1.0584668E-04
   1.5517154E+03   8.3100000E+03   8.1020000E+03   8.4764269E-05   6.7233868E-05
   1.5517229E+03   8.2500000E+03   8.0400000E+03   1.1951105E-05   1.2280780E-05
   1.5517305E+03   8.0630000E+03   7.8960000E+03   3.1866180E-05   3.2566662E-05
   1.5517380E+03   7.7630000E+03   7.5710000E+03   8.2679166E-05   8.6453597E-05
   1.5517455E+03   7.7010000E+03   7.5180000E+03   5.2541017E-05   5.2846939E-05
   1.5517531E+03   7.6120000E+03   7.4650000E+03   1.3723571E-04   1.3993742E-04
   1.5517606E+03   7.3970000E+03   7.2300000E+03   7.1280860E-05   7.2929301E-05
   1.5517681E+03   7.2860000E+03   7.1420000E+03   1.3176442E-04   1.3432374E-04
   1.5517756E+03   7.2540000E+03   7.0810000E+03   6.5074334E-05   6.6638852E-05
   1.5517832E+03   7.2140000E+03   7.0670000E+03   3.5126759E-05   3.5749240E-05
   1.5517907E+03   7.0770000E+03   6.9390000E+03   8.9082122E-05   9.0865241E-05
   1.5517982E+03   6.9190000E+03   6.7790000E+03   1.0667326E-04   1.0887245E-04
   1.5518058E+03   6.8790000E+03   6.7390000E+03   1.1348361E-04   1.1584070E-04
   1.5518133E+03   6.8230000E+03   6.7090000E+03   4.5809632E-05   4.6587323E-05
   1.5518208E+03   6.7370000E+03   6.5860000E+03   1.2353377E-04   1.3572163E-04
   1.5518283E+03   6.7500000E+03   6.5940000E+03   8.9657946E-05   9.1768211E-05
   1.5518359E+03   6.7110000E+03   6.5860000E+03   1.0739715E-04   1.0943416E-04
   1.5518434E+03   6.6250000E+03   6.4980000E+03   7.2235810E-05   7.3643740E-05
   1.5518509E+03   6.6670000E+03   6.5410000E+03   7.9840081E-05   8.1261608E-05
   1.5518585E+03   6.4810000E+03   6.3450000E+03   1.4731256E-04   1.5046873E-04
   1.5518660E+03   6.4280000E+03   6.3190000E+03   2.0360804E-05   2.8388353E-05
   1.5518735E+03   6.3670000E+03   6.2560000E+03   6.6653606E-05   6.7843712E-05
   1.5518810E+03   6.4980000E+03   6.3790000E+03   1.0893648E-04   1.1096375E-04
   1.5518886E+03   6.4070000E+03   6.2780000E+03   6.0044468E-05   6.1290821E-05
   1.5518961E+03   6.2280000E+03   6.1110000E+03   1.1601184E-04   1.1823063E-04
   1.5519036E+03   6.3350000E+03   6.2150000E+03   1.0366074E-04   1.0565634E-04
   1.5519112E+03   6.3270000E+03   6.2110000E+03   1.7995999E-04   1.8331104E-04
   1.5519187E+03   6.4250000E+03   6.3050000E+03   1.7370591E-04   1.7701447E-04
   1.5519262E+03   6.0860000E+03   5.9670000E+03   8.4144317E-06   8.5669666E-06
   1.5519337E+03   6.2800000E+03   6.1550000E+03   1.1227493E-04   1.1455574E-04
   1.5519413E+03   6.0890000E+03   5.9840000E+03   5.5089031E-05   5.6055076E-05
   1.5519488E+03   6.2510000E+03   6.1310000E+03   4.9448978E-05   5.0416307E-05
   1.5519563E+03   6.2040000E+03   6.1000000E+03   5.2804665E-05   5.3705146E-05
   1.5519638E+03   6.2160000E+03   6.1060000E+03   7.2862841E-05   7.4175470E-05
   1.5519714E+03   6.1720000E+03   6.0580000E+03   2.0745272E-04   2.1135782E-04
   1.5519789E+03   6.0570000E+03   5.9430000E+03   4.5963095E-05   4.6843500E-05
   1.5519864E+03   6.2290000E+03   6.1230000E+03   1.4530365E-04   1.4782008E-04
   1.5519940E+03   6.2060000E+03   6.0890000E+03   4.6716044E-05   4.7613529E-05
   1.5520015E+03   6.0960000E+03   5.9680000E+03   7.1163884E-05   7.2690187E-05
   1.5520090E+03   6.0200000E+03   5.9220000E+03   4.2932696E-05   4.3643166E-05
   1.5520165E+03   6.0640000E+03   5.9540000E+03   5.9215528E-05   6.0309533E-05
   1.5520241E+03   6.0470000E+03   5.9290000E+03   4.9365050E-05   5.0347522E-05
   1.5520316E+03   5.9440000E+03   5.8310000E+03   2.3364658E-04   2.3817541E-04
   1.5520391E+03   6.0360000E+03   5.9290000E+03   4.2673179E-05   1.5925665E-05
   1.5520467E+03   5.8890000E+03   5.7820000E+03   1.4288565E-04   1.4552985E-04
   1.5520542E+03   5.9340000E+03   5.8310000E+03   7.0102490E-05   7.1340795E-05
   1.5520617E+03   6.0020000E+03   5.9020000E+03   4.3163960E-05   4.3895304E-05
   1.5520692E+03   5.8460000E+03   5.7220000E+03   1.1197850E-04   1.1440516E-04
   1.5520768E+03   5.9230000E+03   5.8390000E+03   3.6237875E-06   3.6759194E-06
   1.5520843E+03   5.8400000E+03   5.7230000E+03   1.1835397E-04   1.2077358E-04
   1.5520918E+03   5.8930000E+03   5.7700000E+03   3.2244035E-05   3.2931386E-05
   1.5520994E+03   5.8510000E+03   5.7510000E+03   1.5803923E-04   1.6078726E-04
   1.5521069E+03   6.0020000E+03   5.8900000E+03   2.9846913E-05   3.0414460E-05
   1.5521144E+03   5.8130000E+03   5.7040000E+03   1.1479318E-04   1.1698681E-04
   1.5521219E+03   5.7690000E+03   5.6530000E+03   1.0004034E-04   1.0209317E-04
   1.5521295E+03   5.7970000E+03   5.6860000E+03   1.0518792E-04   1.0724136E-04
   1.5521370E+03   5.8110000E+03   5.6920000E+03   8.4547723E-05   8.6315323E-05
   1.5521445E+03   5.7080000E+03   5.6070000E+03   4.0248096E-05   4.0973093E-05
   1.5521521E+03   5.7460000E+03   5.6530000E+03   1.3356362E-04   1.3576094E-04
   1.5521596E+03   5.6810000E+03   5.5660000E+03   8.5184554E-05   8.6944565E-05
   1.5521671E+03   5.6090000E+03   5.4940000E+03   5.7365949E-05   5.8566729E-05
   1.5521746E+03   5.6160000E+03   5.5100000E+03   1.6862529E-04   1.7186926E-04
   1.5521822E+03   5.7680000E+03   5.6640000E+03   1.2640940E-05   1.2873047E-05
   1.5521897E+03   5.6560000E+03   5.5390000E+03   9.7320988E-05   9.9376694E-05
   1.5521972E+03   5.5530000E+03   5.4490000E+03   9.5008087E-05   9.6821418E-05
   1.5522048E+03   5.7480000E+03   5.6420000E+03   8.3416533E-06   8.4983735E-06
   1.5522123E+03   5.5410000E+03   5.4410000E+03   9.8315447E-05   1.0012238E-04
   1.5522198E+03   5.6410000E+03   5.5390000E+03   8.3471541E-05   8.5008659E-05
   1.5522273E+03   5.5000000E+03   5.4100000E+03   2.7697841E-05   2.8158618E-05
   1.5522349E+03   5.4620000E+03   5.3590000E+03   1.9611616E-05   1.9988551E-05
   1.5522424E+03   5.5900000E+03   5.4690000E+03   1.1637319E-05   1.1894792E-05
   1.5522499E+03   5.5260000E+03   5.4100000E+03   1.7309197E-05   1.7680337E-05
   1.5522575E+03   5.5740000E+03   5.4800000E+03   0.0000000E+00   0.0000000E+00
   1.5522650E+03   5.4910000E+03   5.3940000E+03   2.9707622E-05   3.0241853E-05
   1.5522725E+03   5.3900000E+03   5.2880000E+03   7.4293956E-05   7.5727009E-05
   1.5522800E+03   5.5370000E+03   5.4450000E+03   0.0000000E+00   0.0000000E+00
   1.5522876E+03   5.4840000E+03   5.3780000E+03   7.8095189E-05   7.9634440E-05
   1.5522951E+03   5.3030000E+03   5.2110000E+03   9.3763064E-06   8.0508176E-06
   1.5523026E+03   5.4060000E+03   5.3090000E+03   6.8331087E-05   6.9579555E-05
   1.5523102E+03   5.3010000E+03   5.2120000E+03   9.5054600E-05   9.6677750E-05
   1.5523177E+03   5.2900000E+03   5.1900000E+03   0.0000000E+00   0.0000000E+00
   1.5523252E+03   5.3940000E+03   5.2940000E+03   1.9067358E-04   1.9427528E-04
   1.5523327E+03   5.2300000E+03   5.1340000E+03   9.9427907E-05   1.0128710E-04
   1.5523403E+03   5.3850000E+03   5.3010000E+03   1.7171180E-05   1.7443275E-05
   1.5523478E+03   5.2960000E+03   5.1880000E+03   1.1769019E-04   1.2014018E-04
   1.5523553E+03   5.1500000E+03   5.0500000E+03   3.9877437E-05   4.0667089E-05
   1.5523629E+03   5.3460000E+03   5.2510000E+03   0.0000000E+00   0.0000000E+00
   1.5523704E+03   5.3450000E+03   5.2420000E+03   8.2162643E-05   8.3777056E-05
   1.5523779E+03   5.2910000E+03   5.2040000E+03   0.0000000E+00   0.0000000E+00
   1.5523854E+03   5.2480000E+03   5.1570000E+03   3.9903788E-05   4.0607927E-05
   1.5523930E+03   5.2350000E+03   5.1310000E+03   5.7450084E-05   5.8614537E-05
   1.5524005E+03   5.1850000E+03   5.0960000E+03   4.3517360E-06   4.4277377E-06
   1.5524080E+03   5.1250000E+03   5.0360000E+03   7.9865596E-05   8.1277041E-05
   1.5524155E+03   5.2240000E+03   5.1270000E+03   3.7114512E-06   3.7816698E-06
   1.5524231E+03   5.2410000E+03   5.1300000E+03   4.6380618E-05   4.7384175E-05
   1.5524306E+03   5.0010000E+03   4.9160000E+03   3.1917457E-05   3.2469326E-05
   1.5524381E+03   5.1030000E+03   5.0040000E+03   3.9939901E-05   4.0730078E-05
   1.5524457E+03   5.0480000E+03   4.9560000E+03   3.5756756E-05   3.6420521E-05
   1.5524532E+03   5.1340000E+03   5.0320000E+03   7.3155351E-05   7.4638230E-05
   1.5524607E+03   5.0970000E+03   5.0030000E+03   0.0000000E+00   0.0000000E+00
   1.5524682E+03   5.0510000E+03   4.9680000E+03   0.0000000E+00   0.0000000E+00
   1.5524758E+03   5.0500000E+03   4.9650000E+03   1.4506213E-04   1.4754557E-04
   1.5524833E+03   5.0510000E+03   4.9700000E+03   1.1625236E-04   1.1814701E-04
   1.5524908E+03   4.9290000E+03   4.8360000E+03   1.5414181E-04   1.5710608E-04
   1.5524984E+03   4.9640000E+03   4.8550000E+03   1.7014991E-04   1.7396996E-04
   1.5525059E+03   5.0340000E+03   4.9350000E+03   0.0000000E+00   0.0000000E+00
   1.5525134E+03   4.9390000E+03   4.8570000E+03   1.3546406E-04   1.3775108E-04
   1.5525209E+03   4.9000000E+03   4.7920000E+03   0.0000000E+00   0.0000000E+00
   1.5525285E+03   4.9770000E+03   4.8750000E+03   0.0000000E+00   0.0000000E+00
   1.5525360E+03   4.9760000E+03   4.8840000E+03   1.3232111E-04   1.3481365E-04
   1.5525435E+03   4.9700000E+03   4.8740000E+03   0.0000000E+00   0.0000000E+00
   1.5525511E+03   4.9030000E+03   4.7960000E+03   1.2008712E-04   1.2276629E-04
   1.5525586E+03   4.9240000E+03   4.8250000E+03   0.0000000E+00   0.0000000E+00
   1.5525661E+03   4.9730000E+03   4.8830000E+03   1.2834979E-04   1.3071544E-04
   1.5525736E+03   4.8430000E+03   4.7500000E+03   6.2357164E-05   6.3578052E-05
   1.5525812E+03   4.8060000E+03   4.7050000E+03   0.0000000E+00   0.0000000E+00
   1.5525887E+03   4.7250000E+03   4.6590000E+03   0.0000000E+00   0.0000000E+00
   1.5525962E+03   4.8180000E+03   4.7280000E+03   3.2489678E-05   3.3108136E-05
   1.5526038E+03   4.8020000E+03   4.7250000E+03   0.0000000E+00   0.0000000E+00
   1.5526113E+03   4.8090000E+03   4.7100000E+03   1.4877411E-04   1.5190121E-04
   1.5526188E+03   4.7330000E+03   4.6460000E+03   1.2639655E-04   1.2876343E-04
   1.5526263E+03   4.7970000E+03   4.6940000E+03   6.3553234E-05   6.4947777E-05
   1.5526339E+03   4.7360000E+03   4.6490000E+03   7.3133405E-05   7.4502002E-05
   1.5526414E+03   4.7790000E+03   4.6960000E+03   6.7893095E-05   6.9093079E-05
   1.5526489E+03   4.7520000E+03   4.6630000E+03   0.0000000E+00   0.0000000E+00
   1.5526565E+03   4.7380000E+03   4.6490000E+03   5.4890284E-05   5.5941098E-05
   1.5526640E+03   4.6240000E+03   4.5310000E+03   7.9734433E-05   8.1371004E-05
   1.5526715E+03   4.6420000E+03   4.5670000E+03   3.0643722E-05   3.1146958E-05
   1.5526790E+03   4.6740000E+03   4.6000000E+03   1.0907679E-04   1.1083150E-04
   1.5526866E+03   4.7920000E+03   4.6930000E+03   4.7401763E-06   4.8401715E-06
   1.5526941E+03   4.6030000E+03   4.4930000E+03   2.1158909E-05   2.1676932E-05
   1.5527016E+03   4.6640000E+03   4.5840000E+03   1.3893952E-04   1.4136429E-04
   1.5527092E+03   4.5120000E+03   4.4390000E+03   0.0000000E+00   0.0000000E+00
   1.5527167E+03   4.6050000E+03   4.5150000E+03   0.0000000E+00   0.0000000E+00
   1.5527242E+03   4.4500000E+03   4.3690000E+03   0.0000000E+00   0.0000000E+00
   1.5527317E+03   4.6210000E+03   4.5230000E+03   0.0000000E+00   0.0000000E+00
   1.5527393E+03   4.4560000E+03   4.3580000E+03   0.0000000E+00   0.0000000E+00
   1.5527468E+03   4.4750000E+03   4.3830000E+03   1.2467539E-04   1.2729235E-04
   1.5527543E+03   4.5610000E+03   4.4840000E+03   0.0000000E+00   0.0000000E+00
   1.5527619E+03   4.3810000E+03   4.2910000E+03   9.3034323E-05   9.4985637E-05
   1.5527694E+03   4.4500000E+03   4.3570000E+03   0.0000000E+00   0.0000000E+00
   1.5527769E+03   4.4840000E+03   4.3940000E+03   1.5022448E-04   1.5330145E-04
   1.5527844E+03   4.4410000E+03   4.3660000E+03   0.0000000E+00   0.0000000E+00
   1.5527920E+03   4.4700000E+03   4.3780000E+03   6.2678788E-05   6.3995930E-05
   1.5527995E+03   4.4100000E+03   4.3430000E+03   1.2905086E-04   1.3104175E-04
   1.5528070E+03   4.3590000E+03   4.2780000E+03   0.0000000E+00   0.0000000E+00
   1.5528146E+03   4.3150000E+03   4.2280000E+03   4.7084912E-05   4.8053783E-05
   1.5528221E+03   4.4450000E+03   4.3480000E+03   0.0000000E+00   0.0000000E+00
   1.5528296E+03   4.3950000E+03   4.3190000E+03   1.2345454E-04   1.2562693E-04
   1.5528371E+03   4.3760000E+03   4.2880000E+03   1.5195614E-04   1.5507464E-04
   1.5528447E+03   4.2340000E+03   4.1420000E+03   0.0000000E+00   0.0000000E+00
   1.5528522E+03   4.2720000E+03   4.2040000E+03   5.8797784E-05   5.9748842E-05
   1.5528597E+03   4.3390000E+03   4.2540000E+03   0.0000000E+00   0.0000000E+00
   1.5528673E+03   4.2810000E+03   4.1870000E+03   2.1017743E-04   2.1489600E-04
   1.5528748E+03   4.2350000E+03   4.1500000E+03   3.6825946E-05   0.0000000E+00
   1.5528823E+03   4.2830000E+03   4.1850000E+03   4.9468514E-05   5.0626916E-05
   1.5528898E+03   4.1760000E+03   4.0970000E+03   2.2778838E-04   2.3218069E-04
   1.5528974E+03   4.1900000E+03   4.1190000E+03   0.0000000E+00   0.0000000E+00
   1.5529049E+03   4.2030000E+03   4.1370000E+03   0.0000000E+00   0.0000000E+00
   1.5529124E+03   4.1910000E+03   4.1300000E+03   0.0000000E+00   0.0000000E+00
   1.5529199E+03   4.1160000E+03   4.0370000E+03   1.8848517E-05   1.9217363E-05
   1.5529275E+03   4.2400000E+03   4.1720000E+03   0.0000000E+00   0.0000000E+00
   1.5529350E+03   4.1790000E+03   4.1110000E+03   1.1653600E-04   1.1846362E-04
   1.5529425E+03   4.1490000E+03   4.0730000E+03   1.3148239E-04   1.3393578E-04
   1.5529501E+03   4.1610000E+03   4.0700000E+03   0.0000000E+00   0.0000000E+00
   1.5529576E+03   4.1340000E+03   4.0450000E+03   0.0000000E+00   0.0000000E+00
   1.5529651E+03   4.1830000E+03   4.0990000E+03   0.0000000E+00   0.0000000E+00
   1.5529726E+03   4.0580000E+03   3.9910000E+03   0.0000000E+00   0.0000000E+00
   1.5529802E+03   4.0900000E+03   4.0150000E+03   0.0000000E+00   0.0000000E+00
   1.5529877E+03   4.0580000E+03   3.9590000E+03   1.1272992E-04   1.1554888E-04
   1.5529952E+03   4.0120000E+03   3.9300000E+03   4.6659621E-05   4.7633180E-05
   1.5530028E+03   4.0230000E+03   3.9390000E+03   9.0633703E-05   9.2566486E-05
   1.5530103E+03   3.9810000E+03   3.8960000E+03   1.6421448E-04   1.6779719E-04
   1.5530178E+03   4.0700000E+03   3.9740000E+03   1.3276017E-04   1.3596726E-04
   1.5530253E+03   3.8980000E+03   3.8190000E+03   0.0000000E+00   0.0000000E+00
   1.5530329E+03   3.9270000E+03   3.8570000E+03   0.0000000E+00   0.0000000E+00
   1.5530404E+03   4.0140000E+03   3.9280000E+03   0.0000000E+00   0.0000000E+00
   1.5530479E+03   3.9360000E+03   3.8740000E+03   0.0000000E+00   0.0000000E+00
   1.5530555E+03   3.9130000E+03   3.8500000E+03   0.0000000E+00   0.0000000E+00
   1.5530630E+03   3.8260000E+03   3.7430000E+03   0.0000000E+00   0.0000000E+00
   1.5530705E+03   3.8780000E+03   3.8090000E+03   0.0000000E+00   0.0000000E+00
   1.5530780E+03   4.0070000E+03   3.9330000E+03   0.0000000E+00   0.0000000E+00
   1.5530856E+03   3.8290000E+03   3.7530000E+03   1.1851396E-04   1.2091393E-04
   1.5530931E+03   3.8920000E+03   3.8260000E+03   0.0000000E+00   0.0000000E+00
   1.5531006E+03   3.8850000E+03   3.8160000E+03   9.9957169E-05   1.0176457E-04
   1.5531082E+03   3.8470000E+03   3.7730000E+03   0.0000000E+00   0.0000000E+00
   1.5531157E+03   3.8280000E+03   3.7540000E+03   0.0000000E+00   0.0000000E+00
   1.5531232E+03   3.8640000E+03   3.7890000E+03   0.0000000E+00   0.0000000E+00
   1.5531307E+03   3.7930000E+03   3.7170000E+03   0.0000000E+00   0.0000000E+00
   1.5531383E+03   3.5940000E+03   3.5340000E+03   0.0000000E+00   0.0000000E+00
   1.5531458E+03   3.7120000E+03   3.6360000E+03   0.0000000E+00   0.0000000E+00
   1.5531533E+03   3.8340000E+03   3.7620000E+03   0.0000000E+00   0.0000000E+00
   1.5531609E+03   3.7870000E+03   3.7190000E+03   3.8454562E-05   3.9157684E-05
   1.5531684E+03   3.6830000E+03   3.6140000E+03   0.0000000E+00   0.0000000E+00
   1.5531759E+03   3.5950000E+03   3.5230000E+03   0.0000000E+00   0.0000000E+00
   1.5531834E+03   3.6080000E+03   3.5330000E+03   0.0000000E+00   0.0000000E+00
   1.5531910E+03   3.5940000E+03   3.5190000E+03   1.3483098E-04   1.3770462E-04
   1.5531985E+03   3.6660000E+03   3.5860000E+03   0.0000000E+00   0.0000000E+00
   1.5532060E+03   3.7290000E+03   3.6590000E+03   1.4144336E-04   1.4414930E-04
   1.5532136E+03   3.6770000E+03   3.6230000E+03   0.0000000E+00   0.0000000E+00
   1.5532211E+03   3.5550000E+03   3.4870000E+03   1.7450386E-04   1.7790686E-04
   1.5532286E+03   3.5960000E+03   3.5250000E+03   0.0000000E+00   0.0000000E+00
   1.5532361E+03   3.5610000E+03   3.4920000E+03   0.0000000E+00   0.0000000E+00
   1.5532437E+03   3.5440000E+03   3.4780000E+03   0.0000000E+00   0.0000000E+00
   1.5532512E+03   3.6080000E+03   3.5200000E+03   0.0000000E+00   0.0000000E+00
   1.5532587E+03   3.4900000E+03   3.4320000E+03   0.0000000E+00   0.0000000E+00
   1.5532663E+03   3.5160000E+03   3.4600000E+03   0.0000000E+00   0.0000000E+00
   1.5532738E+03   3.5760000E+03   3.5100000E+03   0.0000000E+00   0.0000000E+00
   1.5532813E+03   3.4290000E+03   3.3510000E+03   3.3747589E-04   3.4533119E-04
   1.5532888E+03   3.6060000E+03   3.5390000E+03   0.0000000E+00   0.0000000E+00
   1.5532964E+03   3.4930000E+03   3.4370000E+03   0.0000000E+00   0.0000000E+00
   1.5533039E+03   3.4430000E+03   3.3770000E+03   0.0000000E+00   0.0000000E+00
   1.5533114E+03   3.5560000E+03   3.4980000E+03   0.0000000E+00   0.0000000E+00
   1.5533189E+03   3.4230000E+03   3.3380000E+03   0.0000000E+00   0.0000000E+00
   1.5533265E+03   3.4610000E+03   3.3970000E+03   0.0000000E+00   0.0000000E+00
   1.5533340E+03   3.5660000E+03   3.4830000E+03   0.0000000E+00   0.0000000E+00
   1.5533415E+03   3.5040000E+03   3.4350000E+03   1.9752735E-05   2.0149515E-05
   1.5533491E+03   3.3670000E+03   3.3130000E+03   0.0000000E+00   0.0000000E+00
   1.5533566E+03   3.3860000E+03   3.3240000E+03   0.0000000E+00   0.0000000E+00
   1.5533641E+03   3.4930000E+03   3.4250000E+03   0.0000000E+00   0.0000000E+00
   1.5533716E+03   3.4450000E+03   3.3820000E+03   0.0000000E+00   0.0000000E+00
   1.5533792E+03   3.3800000E+03   3.3080000E+03   0.0000000E+00   0.0000000E+00
   1.5533867E+03   3.2790000E+03   3.2160000E+03   0.0000000E+00   0.0000000E+00
   1.5533942E+03   3.2720000E+03   3.2120000E+03   0.0000000E+00   0.0000000E+00
   1.5534018E+03   3.2640000E+03   3.1870000E+03   1.9574786E-04   2.0047726E-04
   1.5534093E+03   3.4050000E+03   3.3500000E+03   0.0000000E+00   0.0000000E+00
   1.5534168E+03   3.3320000E+03   3.2760000E+03   7.8164216E-05   7.9500357E-05
   1.5534243E+03   3.2070000E+03   3.1410000E+03   2.4712652E-04   2.5231924E-04
   1.5534319E+03   3.2880000E+03   3.2250000E+03   0.0000000E+00   0.0000000E+00
   1.5534394E+03   3.1830000E+03   3.1230000E+03   0.0000000E+00   0.0000000E+00
   1.5534469E+03   3.3310000E+03   3.2770000E+03   0.0000000E+00   0.0000000E+00
   1.5534545E+03   3.2640000E+03   3.2020000E+03   2.9236574E-04   2.9802678E-04
   1.5534620E+03   3.1960000E+03   3.1400000E+03   2.2451357E-04   2.2851763E-04
   1.5534695E+03   3.1810000E+03   3.1140000E+03   0.0000000E+00   0.0000000E+00
   1.5534770E+03   3.2870000E+03   3.2290000E+03   3.6548680E-04   3.7205175E-04
   1.5534846E+03   3.1670000E+03   3.1130000E+03   0.0000000E+00   0.0000000E+00
   1.5534921E+03   3.2030000E+03   3.1430000E+03   0.0000000E+00   0.0000000E+00
   1.5534996E+03   3.1600000E+03   3.1000000E+03   7.1069299E-05   7.2444834E-05
   1.5535072E+03   3.2010000E+03   3.1460000E+03   0.0000000E+00   0.0000000E+00
   1.5535147E+03   3.1650000E+03   3.1070000E+03   0.0000000E+00   0.0000000E+00
   1.5535222E+03   3.0700000E+03   3.0210000E+03   0.0000000E+00   0.0000000E+00
   1.5535297E+03   3.0280000E+03   2.9680000E+03   0.0000000E+00   0.0000000E+00
   1.5535373E+03   3.1010000E+03   3.0350000E+03   2.3574142E-04   2.4086793E-04
   1.5535448E+03   3.1620000E+03   3.1040000E+03   0.0000000E+00   0.0000000E+00
   1.5535523E+03   3.2320000E+03   3.1550000E+03   0.0000000E+00   0.0000000E+00
   1.5535599E+03   3.0400000E+03   2.9820000E+03   0.0000000E+00   0.0000000E+00
   1.5535674E+03   3.1840000E+03   3.1330000E+03   0.0000000E+00   0.0000000E+00
   1.5535749E+03   3.0980000E+03   3.0420000E+03   0.0000000E+00   0.0000000E+00
   1.5535824E+03   2.9940000E+03   2.9350000E+03   0.0000000E+00   0.0000000E+00
   1.5535900E+03   2.9420000E+03   2.8870000E+03   0.0000000E+00   0.0000000E+00
   1.5535975E+03   3.1130000E+03   3.0650000E+03   0.0000000E+00   0.0000000E+00
   1.5536050E+03   3.0640000E+03   2.9990000E+03   0.0000000E+00   0.0000000E+00
   1.5536126E+03   2.9960000E+03   2.9360000E+03   0.0000000E+00   0.0000000E+00
   1.5536201E+03   2.9030000E+03   2.8430000E+03   3.0977064E-06   3.1630818E-06
   1.5536276E+03   2.9460000E+03   2.8930000E+03   0.0000000E+00   0.0000000E+00
   1.5536351E+03   2.9540000E+03   2.9140000E+03   0.0000000E+00   0.0000000E+00
   1.5536427E+03   2.8970000E+03   2.8410000E+03   2.6702334E-04   2.7228673E-04
   1.5536502E+03   2.9140000E+03   2.8630000E+03   0.0000000E+00   0.0000000E+00
   1.5536577E+03   2.9140000E+03   2.8540000E+03   0.0000000E+00   0.0000000E+00
   1.5536653E+03   2.7810000E+03   2.7250000E+03   0.0000000E+00   0.0000000E+00
   1.5536728E+03   2.8150000E+03   2.7640000E+03   1.8140381E-04   1.8475099E-04
   1.5536803E+03   2.8690000E+03   2.8240000E+03   0.0000000E+00   0.0000000E+00
   1.5536878E+03   2.8840000E+03   2.8200000E+03   0.0000000E+00   0.0000000E+00
   1.5536954E+03   2.9080000E+03   2.8560000E+03   0.0000000E+00   0.0000000E+00
   1.5537029E+03   2.9440000E+03   2.8890000E+03   2.5532704E-04   2.6018789E-04
   1.5537104E+03   2.7890000E+03   2.7440000E+03   7.3570493E-05   7.4777006E-05
   1.5537180E+03   2.8470000E+03   2.7880000E+03   2.6260934E-04   2.6816671E-04
   1.5537255E+03   2.7610000E+03   2.6990000E+03   0.0000000E+00   0.0000000E+00
   1.5537330E+03   2.7210000E+03   2.6720000E+03   0.0000000E+00   0.0000000E+00
   1.5537405E+03   2.8190000E+03   2.7640000E+03   0.0000000E+00   0.0000000E+00
   1.5537481E+03   2.7580000E+03   2.6930000E+03   0.0000000E+00   0.0000000E+00
   1.5537556E+03   2.7550000E+03   2.6940000E+03   0.0000000E+00   0.0000000E+00
   1.5537631E+03   2.6420000E+03   2.5920000E+03   0.0000000E+00   0.0000000E+00
   1.5537706E+03   2.7070000E+03   2.6560000E+03   0.0000000E+00   0.0000000E+00
   1.5537782E+03   2.7350000E+03   2.6960000E+03   0.0000000E+00   0.0000000E+00
   1.5537857E+03   2.7120000E+03   2.6570000E+03   0.0000000E+00   0.0000000E+00
   1.5537932E+03   2.7840000E+03   2.7290000E+03   0.0000000E+00   0.0000000E+00
   1.5538008E+03   2.7500000E+03   2.6900000E+03   0.0000000E+00   0.0000000E+00
   1.5538083E+03   2.6200000E+03   2.5720000E+03   0.0000000E+00   0.0000000E+00
   1.5538158E+03   2.7140000E+03   2.6600000E+03   0.0000000E+00   0.0000000E+00
   1.5538233E+03   2.6820000E+03   2.6380000E+03   3.0739567E-04   3.1252281E-04
   1.5538309E+03   2.6650000E+03   2.6210000E+03   0.0000000E+00   0.0000000E+00
   1.5538384E+03   2.6370000E+03   2.5880000E+03   0.0000000E+00   0.0000000E+00
   1.5538459E+03   2.7320000E+03   2.6910000E+03   0.0000000E+00   0.0000000E+00
   1.5538535E+03   2.5970000E+03   2.5500000E+03   0.0000000E+00   0.0000000E+00
   1.5538610E+03   2.5970000E+03   2.5440000E+03   0.0000000E+00   0.0000000E+00
   1.5538685E+03   2.6120000E+03   2.5720000E+03   6.5097032E-05   6.6109428E-05
   1.5538760E+03   2.5850000E+03   2.5300000E+03   0.0000000E+00   0.0000000E+00
   1.5538836E+03   2.4960000E+03   2.4500000E+03   0.0000000E+00   0.0000000E+00
   1.5538911E+03   2.5750000E+03   2.5220000E+03   0.0000000E+00   0.0000000E+00
   1.5538986E+03   2.6050000E+03   2.5560000E+03   0.0000000E+00   0.0000000E+00
   1.5539062E+03   2.4080000E+03   2.3460000E+03   0.0000000E+00   0.0000000E+00
   1.5539137E+03   2.5310000E+03   2.4790000E+03   0.0000000E+00   0.0000000E+00
   1.5539212E+03   2.4410000E+03   2.3860000E+03   0.0000000E+00   0.0000000E+00
   1.5539287E+03   2.5310000E+03   2.4900000E+03   0.0000000E+00   0.0000000E+00
   1.5539363E+03   2.4880000E+03   2.4380000E+03   9.9407951E-05   1.0144667E-04
   1.5539438E+03   2.5070000E+03   2.4540000E+03   0.0000000E+00   0.0000000E+00
   1.5539513E+03   2.4540000E+03   2.3970000E+03   0.0000000E+00   0.0000000E+00
   1.5539589E+03   2.5200000E+03   2.4720000E+03   0.0000000E+00   0.0000000E+00
   1.5539664E+03   2.5180000E+03   2.4730000E+03   3.1634880E-04   3.2210525E-04
   1.5539739E+03   2.3990000E+03   2.3550000E+03   0.0000000E+00   0.0000000E+00
   1.5539814E+03   2.4020000E+03   2.3480000E+03   3.2049429E-04   3.2786512E-04
   1.5539890E+03   2.5160000E+03   2.4680000E+03   0.0000000E+00   0.0000000E+00
   1.5539965E+03   2.4580000E+03   2.3950000E+03   3.0589865E-04   3.1394526E-04
   1.5540040E+03   2.4240000E+03   2.3700000E+03   0.0000000E+00   0.0000000E+00
   1.5540116E+03   2.4510000E+03   2.3990000E+03   0.0000000E+00   0.0000000E+00
   1.5540191E+03   2.4030000E+03   2.3620000E+03   0.0000000E+00   0.0000000E+00
   1.5540266E+03   2.3310000E+03   2.2830000E+03   0.0000000E+00   0.0000000E+00
   1.5540341E+03   2.3710000E+03   2.3350000E+03   1.9520224E-04   1.9821178E-04
   1.5540417E+03   2.3140000E+03   2.2580000E+03   0.0000000E+00   0.0000000E+00
   1.5540492E+03   2.2850000E+03   2.2420000E+03   0.0000000E+00   0.0000000E+00
   1.5540567E+03   2.3290000E+03   2.2790000E+03   0.0000000E+00   0.0000000E+00
   1.5540643E+03   2.3170000E+03   2.2730000E+03   0.0000000E+00   0.0000000E+00
   1.5540718E+03   2.2900000E+03   2.2420000E+03   0.0000000E+00   0.0000000E+00
   1.5540793E+03   2.3790000E+03   2.3350000E+03   3.1551869E-04   3.2146423E-04
   1.5540868E+03   2.3180000E+03   2.2740000E+03   0.0000000E+00   0.0000000E+00
   1.5540944E+03   2.2270000E+03   2.1760000E+03   0.0000000E+00   0.0000000E+00
   1.5541019E+03   2.3290000E+03   2.2800000E+03   0.0000000E+00   0.0000000E+00
   1.5541094E+03   2.2710000E+03   2.2360000E+03   0.0000000E+00   0.0000000E+00
   1.5541170E+03   2.3370000E+03   2.2910000E+03   0.0000000E+00   0.0000000E+00
   1.5541245E+03   2.2550000E+03   2.2270000E+03   0.0000000E+00   0.0000000E+00
   1.5541320E+03   2.1570000E+03   2.1090000E+03   4.8542348E-05   4.9647153E-05
   1.5541395E+03   2.1900000E+03   2.1420000E+03   0.0000000E+00   0.0000000E+00
   1.5541471E+03   2.2480000E+03   2.1970000E+03   2.2673627E-04   2.3199961E-04
   1.5541546E+03   2.1470000E+03   2.1080000E+03   0.0000000E+00   0.0000000E+00
   1.5541621E+03   2.1480000E+03   2.1100000E+03   0.0000000E+00   0.0000000E+00
   1.5541697E+03   2.2250000E+03   2.1710000E+03   0.0000000E+00   0.0000000E+00
   1.5541772E+03   2.1430000E+03   2.0920000E+03   1.1403370E-04   1.1681368E-04
   1.5541847E+03   2.1450000E+03   2.1060000E+03   0.0000000E+00   0.0000000E+00
   1.5541922E+03   2.1240000E+03   2.0770000E+03   0.0000000E+00   0.0000000E+00
   1.5541998E+03   2.0850000E+03   2.0340000E+03   0.0000000E+00   0.0000000E+00
   1.5542073E+03   2.0660000E+03   2.0330000E+03   0.0000000E+00   0.0000000E+00
   1.5542148E+03   2.0310000E+03   1.9950000E+03   0.0000000E+00   0.0000000E+00
   1.5542224E+03   2.1220000E+03   2.0910000E+03   0.0000000E+00   0.0000000E+00
   1.5542299E+03   2.1720000E+03   2.1240000E+03   0.0000000E+00   0.0000000E+00
   1.5542374E+03   2.0450000E+03   2.0050000E+03   0.0000000E+00   0.0000000E+00
   1.5542449E+03   2.0700000E+03   2.0310000E+03   0.0000000E+00   0.0000000E+00
   1.5542525E+03   2.0900000E+03   2.0470000E+03   0.0000000E+00   0.0000000E+00
   1.5542600E+03   2.0520000E+03   2.0110000E+03   0.0000000E+00   0.0000000E+00
   1.5542675E+03   1.9880000E+03   1.9420000E+03   0.0000000E+00   0.0000000E+00
   1.5542750E+03   2.0500000E+03   2.0240000E+03   1.2161063E-04   1.2317283E-04
   1.5542826E+03   1.9480000E+03   1.9170000E+03   1.3483818E-04   1.3701866E-04
   1.5542901E+03   2.0340000E+03   1.9830000E+03   1.9518238E-04   2.0020220E-04
   1.5542976E+03   1.9690000E+03   1.9200000E+03   0.0000000E+00   0.0000000E+00
   1.5543052E+03   1.9380000E+03   1.9040000E+03   0.0000000E+00   0.0000000E+00
   1.5543127E+03   2.0170000E+03   1.9850000E+03   0.0000000E+00   0.0000000E+00
   1.5543202E+03   1.9590000E+03   1.9210000E+03   0.0000000E+00   0.0000000E+00
   1.5543277E+03   2.0320000E+03   1.9870000E+03   0.0000000E+00   0.0000000E+00
   1.5543353E+03   1.9850000E+03   1.9530000E+03   0.0000000E+00   0.0000000E+00
   1.5543428E+03   2.0390000E+03   2.0030000E+03   0.0000000E+00   0.0000000E+00
   1.5543503E+03   1.9690000E+03   1.9290000E+03   4.9668032E-05   5.0697955E-05
   1.5543579E+03   1.9800000E+03   1.9430000E+03   4.8929143E-05   4.9860886E-05
   1.5543654E+03   1.9170000E+03   1.8840000E+03   0.0000000E+00   0.0000000E+00
   1.5543729E+03   1.9000000E+03   1.8650000E+03   0.0000000E+00   0.0000000E+00
   1.5543804E+03   1.8370000E+03   1.7890000E+03   0.0000000E+00   0.0000000E+00
   1.5543880E+03   1.9030000E+03   1.8780000E+03   0.0000000E+00   0.0000000E+00
   1.5543955E+03   1.8600000E+03   1.8190000E+03   0.0000000E+00   0.0000000E+00
   1.5544030E+03   1.8780000E+03   1.8340000E+03   0.0000000E+00   0.0000000E+00
   1.5544106E+03   1.9290000E+03   1.8950000E+03   0.0000000E+00   0.0000000E+00
   1.5544181E+03   1.8110000E+03   1.7800000E+03   0.0000000E+00   0.0000000E+00
   1.5544256E+03   1.8560000E+03   1.8250000E+03   0.0000000E+00   0.0000000E+00
   1.5544331E+03   1.7720000E+03   1.7230000E+03   0.0000000E+00   0.0000000E+00
   1.5544407E+03   1.8840000E+03   1.8480000E+03   0.0000000E+00   0.0000000E+00
   1.5544482E+03   1.8380000E+03   1.7960000E+03   0.0000000E+00   0.0000000E+00
   1.5544557E+03   1.8010000E+03   1.7630000E+03   0.0000000E+00   0.0000000E+00
   1.5544633E+03   1.7890000E+03   1.7530000E+03   0.0000000E+00   0.0000000E+00
   1.5544708E+03   1.8550000E+03   1.8200000E+03   0.0000000E+00   0.0000000E+00
   1.5544783E+03   1.7660000E+03   1.7300000E+03   0.0000000E+00   0.0000000E+00
   1.5544858E+03   1.7800000E+03   1.7400000E+03   0.0000000E+00   0.0000000E+00
   1.5544934E+03   1.8440000E+03   1.7950000E+03   0.0000000E+00   0.0000000E+00
   1.5545009E+03   1.8190000E+03   1.7800000E+03   0.0000000E+00   0.0000000E+00
   1.5545084E+03   1.8120000E+03   1.7780000E+03   4.5360613E-05   4.6228027E-05
   1.5545160E+03   1.7280000E+03   1.6890000E+03   4.7827630E-04   4.8931998E-04
   1.5545235E+03   1.8330000E+03   1.7990000E+03   0.0000000E+00   0.0000000E+00
   1.5545310E+03   1.6870000E+03   1.6550000E+03   0.0000000E+00   0.0000000E+00
   1.5545385E+03   1.6870000E+03   1.6540000E+03   0.0000000E+00   0.0000000E+00
   1.5545461E+03   1.7270000E+03   1.6990000E+03   0.0000000E+00   0.0000000E+00
   1.5545536E+03   1.7280000E+03   1.6870000E+03   0.0000000E+00   0.0000000E+00
   1.5545611E+03   1.7570000E+03   1.7320000E+03   0.0000000E+00   0.0000000E+00
   1.5545687E+03   1.7600000E+03   1.7160000E+03   0.0000000E+00   0.0000000E+00
   1.5545762E+03   1.7320000E+03   1.7000000E+03   0.0000000E+00   0.0000000E+00
   1.5545837E+03   1.7010000E+03   1.6740000E+03   0.0000000E+00   0.0000000E+00
   1.5545912E+03   1.6470000E+03   1.6080000E+03   0.0000000E+00   0.0000000E+00
   1.5545988E+03   1.6330000E+03   1.6080000E+03   0.0000000E+00   0.0000000E+00
   1.5546063E+03   1.7020000E+03   1.6660000E+03   0.0000000E+00   0.0000000E+00
   1.5546138E+03   1.7320000E+03   1.6930000E+03   0.0000000E+00   0.0000000E+00
   1.5546214E+03   1.6260000E+03   1.5980000E+03   0.0000000E+00   0.0000000E+00
   1.5546289E+03   1.6610000E+03   1.6340000E+03   0.0000000E+00   0.0000000E+00
   1.5546364E+03   1.5600000E+03   1.5240000E+03   0.0000000E+00   0.0000000E+00
   1.5546439E+03   1.6220000E+03   1.5930000E+03   0.0000000E+00   0.0000000E+00
   1.5546515E+03   1.5550000E+03   1.5260000E+03   0.0000000E+00   0.0000000E+00
   1.5546590E+03   1.5500000E+03   1.5270000E+03   0.0000000E+00   0.0000000E+00
   1.5546665E+03   1.5830000E+03   1.5550000E+03   0.0000000E+00   0.0000000E+00
   1.5546740E+03   1.5680000E+03   1.5310000E+03   0.0000000E+00   0.0000000E+00
   1.5546816E+03   1.5440000E+03   1.5230000E+03   0.0000000E+00   0.0000000E+00
   1.5546891E+03   1.5270000E+03   1.4960000E+03   0.0000000E+00   0.0000000E+00
   1.5546966E+03   1.5810000E+03   1.5520000E+03   0.0000000E+00   0.0000000E+00
   1.5547042E+03   1.5700000E+03   1.5440000E+03   0.0000000E+00   0.0000000E+00
   1.5547117E+03   1.5500000E+03   1.5140000E+03   0.0000000E+00   0.0000000E+00
   1.5547192E+03   1.5690000E+03   1.5400000E+03   5.5296124E-04   5.6337414E-04
   1.5547267E+03   1.5300000E+03   1.5070000E+03   0.0000000E+00   0.0000000E+00
   1.5547343E+03   1.5240000E+03   1.4970000E+03   0.0000000E+00   0.0000000E+00
   1.5547418E+03   1.5560000E+03   1.5210000E+03   0.0000000E+00   0.0000000E+00
   1.5547493E+03   1.5100000E+03   1.4730000E+03   0.0000000E+00   0.0000000E+00
   1.5547569E+03   1.5490000E+03   1.5140000E+03   0.0000000E+00   0.0000000E+00
   1.5547644E+03   1.4580000E+03   1.4270000E+03   0.0000000E+00   0.0000000E+00
   1.5547719E+03   1.4720000E+03   1.4390000E+03   0.0000000E+00   0.0000000E+00
   1.5547794E+03   1.4240000E+03   1.3890000E+03   0.0000000E+00   0.0000000E+00
   1.5547870E+03   1.4650000E+03   1.4280000E+03   0.0000000E+00   0.0000000E+00
   1.5547945E+03   1.5330000E+03   1.5080000E+03   0.0000000E+00   0.0000000E+00
   1.5548020E+03   1.5040000E+03   1.4820000E+03   0.0000000E+00   0.0000000E+00
   1.5548096E+03   1.4500000E+03   1.4220000E+03   0.0000000E+00   0.0000000E+00
   1.5548171E+03   1.4880000E+03   1.4630000E+03   3.6871042E-04   3.7501101E-04
   1.5548246E+03   1.3530000E+03   1.3280000E+03   0.0000000E+00   0.0000000E+00
   1.5548321E+03   1.3870000E+03   1.3560000E+03   0.0000000E+00   0.0000000E+00
   1.5548397E+03   1.4330000E+03   1.4050000E+03   5.8779866E-04   5.9951280E-04
   1.5548472E+03   1.4430000E+03   1.4140000E+03   0.0000000E+00   0.0000000E+00
   1.5548547E+03   1.3650000E+03   1.3480000E+03   0.0000000E+00   0.0000000E+00
   1.5548623E+03   1.4030000E+03   1.3820000E+03   0.0000000E+00   0.0000000E+00
   1.5548698E+03   1.3760000E+03   1.3460000E+03   0.0000000E+00   0.0000000E+00
   1.5548773E+03   1.3840000E+03   1.3580000E+03   4.1674257E-04   4.2472144E-04
   1.5548848E+03   1.3430000E+03   1.3240000E+03   0.0000000E+00   0.0000000E+00
   1.5548924E+03   1.3550000E+03   1.3300000E+03   0.0000000E+00   0.0000000E+00
   1.5548999E+03   1.3040000E+03   1.2760000E+03   0.0000000E+00   0.0000000E+00
   1.5549074E+03   1.3430000E+03   1.3230000E+03   0.0000000E+00   0.0000000E+00
   1.5549150E+03   1.4020000E+03   1.3790000E+03   0.0000000E+00   0.0000000E+00
   1.5549225E+03   1.4260000E+03   1.3860000E+03   0.0000000E+00   0.0000000E+00
   1.5549300E+03   1.3410000E+03   1.3230000E+03   0.0000000E+00   0.0000000E+00
   1.5549375E+03   1.3400000E+03   1.3140000E+03   0.0000000E+00   0.0000000E+00
   1.5549451E+03   1.3400000E+03   1.3110000E+03   0.0000000E+00   0.0000000E+00
   1.5549526E+03   1.3270000E+03   1.3010000E+03   0.0000000E+00   0.0000000E+00
   1.5549601E+03   1.3720000E+03   1.3340000E+03   0.0000000E+00   0.0000000E+00
   1.5549677E+03   1.2610000E+03   1.2440000E+03   0.0000000E+00   0.0000000E+00
   1.5549752E+03   1.2960000E+03   1.2680000E+03   0.0000000E+00   0.0000000E+00
   1.5549827E+03   1.2810000E+03   1.2520000E+03   0.0000000E+00   0.0000000E+00
   1.5549902E+03   1.2540000E+03   1.2330000E+03   0.0000000E+00   0.0000000E+00
   1.5549978E+03   1.2400000E+03   1.2170000E+03   0.0000000E+00   0.0000000E+00
   1.5550053E+03   1.2340000E+03   1.2150000E+03   0.0000000E+00   0.0000000E+00
   1.5550128E+03   1.2830000E+03   1.2680000E+03   0.0000000E+00   0.0000000E+00
   1.5550204E+03   1.2430000E+03   1.2240000E+03   0.0000000E+00   0.0000000E+00
   1.5550279E+03   1.2930000E+03   1.2650000E+03   3.9802393E-04   4.0683395E-04
   1.5550354E+03   1.2490000E+03   1.2230000E+03   0.0000000E+00   0.0000000E+00
   1.5550429E+03   1.2240000E+03   1.2040000E+03   0.0000000E+00   0.0000000E+00
   1.5550505E+03   1.2280000E+03   1.2000000E+03   0.0000000E+00   0.0000000E+00
   1.5550580E+03   1.2540000E+03   1.2220000E+03   0.0000000E+00   0.0000000E+00
   1.5550655E+03   1.1820000E+03   1.1590000E+03   0.0000000E+00   0.0000000E+00
   1.5550731E+03   1.1800000E+03   1.1560000E+03   0.0000000E+00   0.0000000E+00
   1.5550806E+03   1.1520000E+03   1.1220000E+03   0.0000000E+00   0.0000000E+00
   1.5550881E+03   1.1580000E+03   1.1370000E+03   0.0000000E+00   0.0000000E+00
   1.5550956E+03   1.2080000E+03   1.1800000E+03   0.0000000E+00   0.0000000E+00
   1.5551032E+03   1.1530000E+03   1.1330000E+03   0.0000000E+00   0.0000000E+00
   1.5551107E+03   1.1550000E+03   1.1290000E+03   0.0000000E+00   0.0000000E+00
   1.5551182E+03   1.1540000E+03   1.1220000E+03   0.0000000E+00   0.0000000E+00
   1.5551257E+03   1.0790000E+03   1.0610000E+03   0.0000000E+00   0.0000000E+00
   1.5551333E+03   1.2000000E+03   1.1790000E+03   0.0000000E+00   0.0000000E+00
   1.5551408E+03   1.1890000E+03   1.1680000E+03   0.0000000E+00   0.0000000E+00
   1.5551483E+03   1.1510000E+03   1.1290000E+03   0.0000000E+00   0.0000000E+00
   1.5551559E+03   1.1030000E+03   1.0770000E+03   0.0000000E+00   0.0000000E+00
   1.5551634E+03   1.1000000E+03   1.0780000E+03   0.0000000E+00   0.0000000E+00
   1.5551709E+03   1.0740000E+03   1.0520000E+03   0.0000000E+00   0.0000000E+00
   1.5551784E+03   1.1210000E+03   1.1030000E+03   0.0000000E+00   0.0000000E+00
   1.5551860E+03   1.1120000E+03   1.0940000E+03   0.0000000E+00   0.0000000E+00
   1.5551935E+03   1.0650000E+03   1.0480000E+03   0.0000000E+00   0.0000000E+00
   1.5552010E+03   1.1380000E+03   1.1140000E+03   0.0000000E+00   0.0000000E+00
   1.5552086E+03   1.1370000E+03   1.1140000E+03   0.0000000E+00   0.0000000E+00
   1.5552161E+03   1.0730000E+03   1.0520000E+03   0.0000000E+00   0.0000000E+00
   1.5552236E+03   1.0790000E+03   1.0600000E+03   0.0000000E+00   0.0000000E+00
   1.5552311E+03   1.0630000E+03   1.0380000E+03   0.0000000E+00   0.0000000E+00
   1.5552387E+03   1.0370000E+03   1.0110000E+03   0.0000000E+00   0.0000000E+00
   1.5552462E+03   1.0750000E+03   1.0550000E+03   0.0000000E+00   0.0000000E+00
   1.5552537E+03   1.0580000E+03   1.0380000E+03   0.0000000E+00   0.0000000E+00
   1.5552613E+03   1.0250000E+03   1.0120000E+03   0.0000000E+00   0.0000000E+00
   1.5552688E+03   1.0670000E+03   1.0400000E+03   0.0000000E+00   0.0000000E+00
   1.5552763E+03   1.0230000E+03   1.0130000E+03   0.0000000E+00   0.0000000E+00
   1.5552838E+03   1.0220000E+03   1.0060000E+03   0.0000000E+00   0.0000000E+00
   1.5552914E+03   9.9700000E+02   9.7700000E+02   0.0000000E+00   0.0000000E+00
   1.5552989E+03   1.0250000E+03   1.0100000E+03   0.0000000E+00   0.0000000E+00
   1.5553064E+03   1.0270000E+03   1.0040000E+03   0.0000000E+00   0.0000000E+00
   1.5553140E+03   9.9000000E+02   9.7500000E+02   0.0000000E+00   0.0000000E+00
   1.5553215E+03   9.8300000E+02   9.6100000E+02   0.0000000E+00   0.0000000E+00
   1.5553290E+03   1.0030000E+03   9.8400000E+02   0.0000000E+00   0.0000000E+00
   1.5553365E+03   9.7300000E+02   9.5500000E+02   0.0000000E+00   0.0000000E+00
   1.5553441E+03   1.0180000E+03   9.9900000E+02   0.0000000E+00   0.0000000E+00
   1.5553516E+03   9.7100000E+02   9.4400000E+02   0.0000000E+00   0.0000000E+00
   1.5553591E+03   9.3800000E+02   9.1100000E+02   0.0000000E+00   0.0000000E+00
   1.5553667E+03   9.8900000E+02   9.7200000E+02   0.0000000E+00   0.0000000E+00
   1.5553742E+03   9.1300000E+02   8.9800000E+02   0.0000000E+00   0.0000000E+00
   1.5553817E+03   1.0050000E+03   9.8400000E+02   0.0000000E+00   0.0000000E+00
   1.5553892E+03   9.4300000E+02   9.2100000E+02   0.0000000E+00   0.0000000E+00
   1.5553968E+03   9.7400000E+02   9.5700000E+02   0.0000000E+00   0.0000000E+00
   1.5554043E+03   9.5900000E+02   9.4500000E+02   0.0000000E+00   0.0000000E+00
   1.5554118E+03   9.3900000E+02   9.2100000E+02   4.6542747E-08   4.7452377E-08
   1.5554194E+03   9.5200000E+02   9.3500000E+02   0.0000000E+00   0.0000000E+00
   1.5554269E+03   9.0800000E+02   8.8900000E+02   0.0000000E+00   0.0000000E+00
   1.5554344E+03   9.2800000E+02   9.1500000E+02   0.0000000E+00   0.0000000E+00
   1.5554419E+03   9.5100000E+02   9.3600000E+02   0.0000000E+00   0.0000000E+00
   1.5554495E+03   9.3600000E+02   9.2000000E+02   9.4966078E-04   9.6617662E-04
   1.5554570E+03   9.2400000E+02   9.0800000E+02   0.0000000E+00   0.0000000E+00
   1.5554645E+03   9.0000000E+02   8.8800000E+02   0.0000000E+00   0.0000000E+00
   1.5554721E+03   9.2900000E+02   9.1200000E+02   0.0000000E+00   0.0000000E+00
   1.5554796E+03   8.5300000E+02   8.4000000E+02   0.0000000E+00   0.0000000E+00
   1.5554871E+03   8.8300000E+02   8.6500000E+02   0.0000000E+00   0.0000000E+00
   1.5554946E+03   9.0700000E+02   8.8300000E+02   0.0000000E+00   0.0000000E+00
   1.5555022E+03   8.4000000E+02   8.2200000E+02   0.0000000E+00   0.0000000E+00
   1.5555097E+03   8.8500000E+02   8.6900000E+02   0.0000000E+00   0.0000000E+00
   1.5555172E+03   8.8200000E+02   8.7100000E+02   0.0000000E+00   0.0000000E+00
   1.5555248E+03   8.8500000E+02   8.6000000E+02   0.0000000E+00   0.0000000E+00
   1.5555323E+03   8.5300000E+02   8.4100000E+02   0.0000000E+00   0.0000000E+00
   1.5555398E+03   8.4100000E+02   8.1900000E+02   0.0000000E+00   0.0000000E+00
   1.5555473E+03   8.5500000E+02   8.3600000E+02   0.0000000E+00   0.0000000E+00
   1.5555549E+03   8.5700000E+02   8.4400000E+02   0.0000000E+00   0.0000000E+00
   1.5555624E+03   8.1300000E+02   8.0100000E+02   0.0000000E+00   0.0000000E+00
   1.5555699E+03   8.1400000E+02   8.0200000E+02   0.0000000E+00   0.0000000E+00
   1.5555774E+03   8.2700000E+02   8.1000000E+02   0.0000000E+00   0.0000000E+00
   1.5555850E+03   7.8700000E+02   7.6800000E+02   0.0000000E+00   0.0000000E+00
   1.5555925E+03   7.9300000E+02   7.7300000E+02   0.0000000E+00   0.0000000E+00
   1.5556000E+03   7.8000000E+02   7.7100000E+02   0.0000000E+00   0.0000000E+00
   1.5556076E+03   8.2900000E+02   8.1500000E+02   0.0000000E+00   0.0000000E+00
   1.5556151E+03   8.4200000E+02   8.2300000E+02   0.0000000E+00   0.0000000E+00
   1.5556226E+03   7.8900000E+02   7.7600000E+02   0.0000000E+00   0.0000000E+00
   1.5556301E+03   7.6000000E+02   7.4600000E+02   0.0000000E+00   0.0000000E+00
   1.5556377E+03   7.5100000E+02   7.3600000E+02   0.0000000E+00   0.0000000E+00
   1.5556452E+03   8.1100000E+02   7.9700000E+02   0.0000000E+00   0.0000000E+00
   1.5556527E+03   7.4700000E+02   7.3200000E+02   0.0000000E+00   0.0000000E+00
   1.5556603E+03   7.7800000E+02   7.6000000E+02   0.0000000E+00   0.0000000E+00
   1.5556678E+03   7.9800000E+02   7.8500000E+02   0.0000000E+00   0.0000000E+00
   1.5556753E+03   7.8700000E+02   7.6300000E+02   0.0000000E+00   0.0000000E+00
   1.5556828E+03   7.5800000E+02   7.4600000E+02   0.0000000E+00   0.0000000E+00
   1.5556904E+03   7.6600000E+02   7.4300000E+02   0.0000000E+00   0.0000000E+00
   1.5556979E+03   7.7400000E+02   7.6400000E+02   0.0000000E+00   0.0000000E+00
   1.5557054E+03   7.3800000E+02   7.2500000E+02   0.0000000E+00   0.0000000E+00
   1.5557130E+03   7.5600000E+02   7.4400000E+02   0.0000000E+00   0.0000000E+00
   1.5557205E+03   7.1400000E+02   6.9500000E+02   0.0000000E+00   0.0000000E+00
   1.5557280E+03   7.3300000E+02   7.1400000E+02   0.0000000E+00   0.0000000E+00
   1.5557355E+03   7.0400000E+02   6.9200000E+02   0.0000000E+00   0.0000000E+00
   1.5557431E+03   7.2300000E+02   7.1000000E+02   0.0000000E+00   0.0000000E+00
   1.5557506E+03   7.4500000E+02   7.3300000E+02   0.0000000E+00   0.0000000E+00
   1.5557581E+03   7.0800000E+02   6.9900000E+02   0.0000000E+00   0.0000000E+00
   1.5557657E+03   6.8500000E+02   6.7200000E+02   0.0000000E+00   0.0000000E+00
   1.5557732E+03   6.9000000E+02   6.7000000E+02   0.0000000E+00   0.0000000E+00
   1.5557807E+03   7.0700000E+02   6.9400000E+02   0.0000000E+00   0.0000000E+00
   1.5557882E+03   7.3000000E+02   7.1500000E+02   0.0000000E+00   0.0000000E+00
   1.5557958E+03   7.2300000E+02   7.1200000E+02   0.0000000E+00   0.0000000E+00
   1.5558033E+03   6.8900000E+02   6.7300000E+02   0.0000000E+00   0.0000000E+00
   1.5558108E+03   6.8100000E+02   6.6400000E+02   0.0000000E+00   0.0000000E+00
   1.5558184E+03   6.5900000E+02   6.4300000E+02   0.0000000E+00   0.0000000E+00
   1.5558259E+03   6.6900000E+02   6.5300000E+02   0.0000000E+00   0.0000000E+00
   1.5558334E+03   6.6400000E+02   6.4900000E+02   2.3681923E-04   2.4229271E-04
   1.5558409E+03   6.7600000E+02   6.6300000E+02   0.0000000E+00   0.0000000E+00
   1.5558485E+03   6.5900000E+02   6.5000000E+02   0.0000000E+00   0.0000000E+00
   1.5558560E+03   6.6800000E+02   6.5500000E+02   0.0000000E+00   0.0000000E+00
   1.5558635E+03   6.7800000E+02   6.6500000E+02   0.0000000E+00   0.0000000E+00
   1.5558711E+03   6.5600000E+02   6.4200000E+02   0.0000000E+00   0.0000000E+00
   1.5558786E+03   6.6800000E+02   6.5000000E+02   0.0000000E+00   0.0000000E+00
   1.5558861E+03   6.3800000E+02   6.2500000E+02   0.0000000E+00   0.0000000E+00
   1.5558936E+03   6.4800000E+02   6.3200000E+02   0.0000000E+00   0.0000000E+00
   1.5559012E+03   6.3700000E+02   6.1800000E+02   0.0000000E+00   0.0000000E+00
   1.5559087E+03   6.5200000E+02   6.3800000E+02   0.0000000E+00   0.0000000E+00
   1.5559162E+03   6.4500000E+02   6.3500000E+02   0.0000000E+00   0.0000000E+00
   1.5559238E+03   6.2300000E+02   6.1400000E+02   0.0000000E+00   0.0000000E+00
   1.5559313E+03   6.1900000E+02   6.0700000E+02   0.0000000E+00   0.0000000E+00
   1.5559388E+03   6.7500000E+02   6.5700000E+02   0.0000000E+00   0.0000000E+00
   1.5559463E+03   5.9700000E+02   5.8800000E+02   0.0000000E+00   0.0000000E+00
   1.5559539E+03   6.2100000E+02   6.1300000E+02   0.0000000E+00   0.0000000E+00
   1.5559614E+03   6.1000000E+02   5.9500000E+02   0.0000000E+00   0.0000000E+00
   1.5559689E+03   5.8500000E+02   5.7500000E+02   0.0000000E+00   0.0000000E+00
   1.5559765E+03   5.6200000E+02   5.5300000E+02   0.0000000E+00   0.0000000E+00
   1.5559840E+03   5.6300000E+02   5.4800000E+02   0.0000000E+00   0.0000000E+00
   1.5559915E+03   5.4100000E+02   5.2900000E+02   0.0000000E+00   0.0000000E+00
   1.5559990E+03   5.6200000E+02   5.5500000E+02   0.0000000E+00   0.0000000E+00
   1.5560066E+03   5.9300000E+02   5.8000000E+02   0.0000000E+00   0.0000000E+00
   1.5560141E+03   5.8800000E+02   5.7900000E+02   0.0000000E+00   0.0000000E+00
   1.5560216E+03   5.7100000E+02   5.6400000E+02   0.0000000E+00   0.0000000E+00
   1.5560291E+03   5.5200000E+02   5.4300000E+02   0.0000000E+00   0.0000000E+00
   1.5560367E+03   5.8700000E+02   5.7700000E+02   0.0000000E+00   0.0000000E+00
   1.5560442E+03   5.9600000E+02   5.8200000E+02   0.0000000E+00   0.0000000E+00
   1.5560517E+03   5.6900000E+02   5.5800000E+02   0.0000000E+00   0.0000000E+00
   1.5560593E+03   5.1800000E+02   5.0400000E+02   0.0000000E+00   0.0000000E+00
   1.5560668E+03   5.6800000E+02   5.5100000E+02   0.0000000E+00   0.0000000E+00
   1.5560743E+03   5.4100000E+02   5.2400000E+02   0.0000000E+00   0.0000000E+00
   1.5560818E+03   5.1000000E+02   5.0300000E+02   0.0000000E+00   0.0000000E+00
   1.5560894E+03   5.5500000E+02   5.4500000E+02   0.0000000E+00   0.0000000E+00
   1.5560969E+03   5.5500000E+02   5.4800000E+02   0.0000000E+00   0.0000000E+00
   1.5561044E+03   5.2100000E+02   5.1500000E+02   0.0000000E+00   0.0000000E+00
   1.5561120E+03   5.0700000E+02   4.9900000E+02   0.0000000E+00   0.0000000E+00
   1.5561195E+03   5.1200000E+02   5.0300000E+02   0.0000000E+00   0.0000000E+00
   1.5561270E+03   5.2100000E+02   5.1700000E+02   0.0000000E+00   0.0000000E+00
   1.5561345E+03   5.2500000E+02   5.1500000E+02   0.0000000E+00   0.0000000E+00
   1.5561421E+03   5.1500000E+02   5.0600000E+02   0.0000000E+00   0.0000000E+00
   1.5561496E+03   5.5100000E+02   5.4600000E+02   0.0000000E+00   0.0000000E+00
   1.5561571E+03   4.9600000E+02   4.8200000E+02   0.0000000E+00   0.0000000E+00
   1.5561647E+03   4.9400000E+02   4.7900000E+02   0.0000000E+00   0.0000000E+00
   1.5561722E+03   5.3100000E+02   5.1800000E+02   0.0000000E+00   0.0000000E+00
   1.5561797E+03   4.6100000E+02   4.5500000E+02   0.0000000E+00   0.0000000E+00
   1.5561872E+03   5.1000000E+02   5.0000000E+02   0.0000000E+00   0.0000000E+00
   1.5561948E+03   5.3000000E+02   5.1900000E+02   0.0000000E+00   0.0000000E+00
   1.5562023E+03   5.1900000E+02   5.1200000E+02   0.0000000E+00   0.0000000E+00
   1.5562098E+03   5.0800000E+02   5.0200000E+02   0.0000000E+00   0.0000000E+00
   1.5562174E+03   5.0000000E+02   4.9100000E+02   0.0000000E+00   0.0000000E+00
   1.5562249E+03   4.9400000E+02   4.8600000E+02   0.0000000E+00   0.0000000E+00
   1.5562324E+03   4.7700000E+02   4.6300000E+02   0.0000000E+00   0.0000000E+00
   1.5562399E+03   4.6100000E+02   4.5300000E+02   0.0000000E+00   0.0000000E+00
   1.5562475E+03   4.3400000E+02   4.2700000E+02   0.0000000E+00   0.0000000E+00
   1.5562550E+03   4.9900000E+02   4.8200000E+02   0.0000000E+00   0.0000000E+00
   1.5562625E+03   4.4800000E+02   4.3700000E+02   0.0000000E+00   0.0000000E+00
   1.5562701E+03   4.8200000E+02   4.7200000E+02   0.0000000E+00   0.0000000E+00
   1.5562776E+03   4.7700000E+02   4.7100000E+02   0.0000000E+00   0.0000000E+00
   1.5562851E+03   4.6800000E+02   4.5800000E+02   0.0000000E+00   0.0000000E+00
   1.5562926E+03   4.5900000E+02   4.5300000E+02   0.0000000E+00   0.0000000E+00
   1.5563002E+03   4.3600000E+02   4.2800000E+02   0.0000000E+00   0.0000000E+00
   1.5563077E+03   4.5300000E+02   4.4800000E+02   0.0000000E+00   0.0000000E+00
   1.5563152E+03   4.4500000E+02   4.3600000E+02   0.0000000E+00   0.0000000E+00
   1.5563228E+03   4.6800000E+02   4.6200000E+02   0.0000000E+00   0.0000000E+00
   1.5563303E+03   4.4200000E+02   4.2900000E+02   0.0000000E+00   0.0000000E+00
   1.5563378E+03   4.7800000E+02   4.7000000E+02   0.0000000E+00   0.0000000E+00
   1.5563453E+03   4.2100000E+02   4.1600000E+02   0.0000000E+00   0.0000000E+00
   1.5563529E+03   4.4800000E+02   4.3900000E+02   0.0000000E+00   0.0000000E+00
   1.5563604E+03   4.2200000E+02   4.1300000E+02   0.0000000E+00   0.0000000E+00
   1.5563679E+03   4.2800000E+02   4.2100000E+02   0.0000000E+00   0.0000000E+00
   1.5563755E+03   4.3900000E+02   4.3000000E+02   0.0000000E+00   0.0000000E+00
   1.5563830E+03   3.8600000E+02   3.8300000E+02   0.0000000E+00   0.0000000E+00
   1.5563905E+03   4.3600000E+02   4.2800000E+02   0.0000000E+00   0.0000000E+00
   1.5563980E+03   3.8000000E+02   3.7800000E+02   0.0000000E+00   0.0000000E+00
   1.5564056E+03   4.1300000E+02   4.0000000E+02   0.0000000E+00   0.0000000E+00
   1.5564131E+03   3.9800000E+02   3.8900000E+02   0.0000000E+00   0.0000000E+00
   1.5564206E+03   3.9400000E+02   3.8600000E+02   0.0000000E+00   0.0000000E+00
   1.5564282E+03   3.7400000E+02   3.6600000E+02   0.0000000E+00   0.0000000E+00
   1.5564357E+03   4.1100000E+02   4.0500000E+02   0.0000000E+00   0.0000000E+00
   1.5564432E+03   4.1300000E+02   4.0400000E+02   0.0000000E+00   0.0000000E+00
   1.5564507E+03   4.2000000E+02   4.1000000E+02   0.0000000E+00   0.0000000E+00
   1.5564583E+03   3.8600000E+02   3.7900000E+02   0.0000000E+00   0.0000000E+00
   1.5564658E+03   4.2400000E+02   4.1900000E+02   0.0000000E+00   0.0000000E+00
   1.5564733E+03   4.0700000E+02   3.9700000E+02   0.0000000E+00   0.0000000E+00
   1.5564808E+03   3.7500000E+02   3.6400000E+02   0.0000000E+00   0.0000000E+00
   1.5564884E+03   4.0200000E+02   3.9700000E+02   0.0000000E+00   0.0000000E+00
   1.5564959E+03   3.9400000E+02   3.8600000E+02   0.0000000E+00   0.0000000E+00
   1.5565034E+03   3.5500000E+02   3.5100000E+02   0.0000000E+00   0.0000000E+00
   1.5565110E+03   3.2800000E+02   3.2200000E+02   0.0000000E+00   0.0000000E+00
   1.5565185E+03   3.6400000E+02   3.5400000E+02   0.0000000E+00   0.0000000E+00
   1.5565260E+03   3.7700000E+02   3.6700000E+02   0.0000000E+00   0.0000000E+00
   1.5565335E+03   3.9600000E+02   3.8700000E+02   0.0000000E+00   0.0000000E+00
   1.5565411E+03   3.4900000E+02   3.4000000E+02   0.0000000E+00   0.0000000E+00
   1.5565486E+03   3.8700000E+02   3.7900000E+02   0.0000000E+00   0.0000000E+00
   1.5565561E+03   3.6800000E+02   3.5900000E+02   0.0000000E+00   0.0000000E+00
   1.5565637E+03   3.6400000E+02   3.5500000E+02   0.0000000E+00   0.0000000E+00
   1.5565712E+03   3.3800000E+02   3.3200000E+02   0.0000000E+00   0.0000000E+00
   1.5565787E+03   3.2200000E+02   3.1400000E+02   0.0000000E+00   0.0000000E+00
   1.5565862E+03   3.7000000E+02   3.6300000E+02   0.0000000E+00   0.0000000E+00
   1.5565938E+03   3.1600000E+02   3.1400000E+02   0.0000000E+00   0.0000000E+00
   1.5566013E+03   3.6400000E+02   3.5800000E+02   0.0000000E+00   0.0000000E+00
   1.5566088E+03   3.3200000E+02   3.2700000E+02   0.0000000E+00   0.0000000E+00
   1.5566164E+03   3.4200000E+02   3.3800000E+02   0.0000000E+00   0.0000000E+00
   1.5566239E+03   3.3200000E+02   3.1900000E+02   0.0000000E+00   0.0000000E+00
   1.5566314E+03   3.3100000E+02   3.2100000E+02   0.0000000E+00   0.0000000E+00
   1.5566389E+03   3.5600000E+02   3.5200000E+02   0.0000000E+00   0.0000000E+00
   1.5566465E+03   3.3000000E+02   3.2600000E+02   0.0000000E+00   0.0000000E+00
   1.5566540E+03   3.1000000E+02   3.0300000E+02   0.0000000E+00   0.0000000E+00
   1.5566615E+03   3.4100000E+02   3.3300000E+02   0.0000000E+00   0.0000000E+00
   1.5566691E+03   3.0800000E+02   3.0200000E+02   0.0000000E+00   0.0000000E+00
   1.5566766E+03   3.3500000E+02   3.3300000E+02   0.0000000E+00   0.0000000E+00
   1.5566841E+03   3.0200000E+02   2.9900000E+02   0.0000000E+00   0.0000000E+00
   1.5566916E+03   3.4600000E+02   3.3700000E+02   0.0000000E+00   0.0000000E+00
   1.5566992E+03   3.0700000E+02   3.0000000E+02   0.0000000E+00   0.0000000E+00
   1.5567067E+03   3.2700000E+02   3.2000000E+02   0.0000000E+00   0.0000000E+00
   1.5567142E+03   3.3600000E+02   3.2700000E+02   0.0000000E+00   0.0000000E+00
   1.5567218E+03   3.0400000E+02   2.9500000E+02   0.0000000E+00   0.0000000E+00
   1.5567293E+03   2.9300000E+02   2.8900000E+02   0.0000000E+00   0.0000000E+00
   1.5567368E+03   2.9700000E+02   2.9000000E+02   0.0000000E+00   0.0000000E+00
   1.5567443E+03   2.9100000E+02   2.8700000E+02   0.0000000E+00   0.0000000E+00
   1.5567519E+03   2.9900000E+02   2.9400000E+02   0.0000000E+00   0.0000000E+00
   1.5567594E+03   3.1300000E+02   3.0300000E+02   0.0000000E+00   0.0000000E+00
   1.5567669E+03   2.8700000E+02   2.8300000E+02   0.0000000E+00   0.0000000E+00
   1.5567745E+03   2.9900000E+02   2.9300000E+02   0.0000000E+00   0.0000000E+00
   1.5567820E+03   2.7400000E+02   2.6700000E+02   0.0000000E+00   0.0000000E+00
   1.5567895E+03   2.8700000E+02   2.8300000E+02   0.0000000E+00   0.0000000E+00
   1.5567970E+03   2.8300000E+02   2.7800000E+02   0.0000000E+00   0.0000000E+00
   1.5568046E+03   2.7800000E+02   2.6900000E+02   0.0000000E+00   0.0000000E+00
   1.5568121E+03   2.4900000E+02   2.4200000E+02   0.0000000E+00   0.0000000E+00
   1.5568196E+03   2.9300000E+02   2.8800000E+02   0.0000000E+00   0.0000000E+00
   1.5568272E+03   2.7900000E+02   2.7000000E+02   0.0000000E+00   0.0000000E+00
   1.5568347E+03   3.1300000E+02   3.0900000E+02   0.0000000E+00   0.0000000E+00
   1.5568422E+03   2.8900000E+02   2.8300000E+02   0.0000000E+00   0.0000000E+00
   1.5568497E+03   2.6200000E+02   2.5600000E+02   0.0000000E+00   0.0000000E+00
   1.5568573E+03   2.7400000E+02   2.7400000E+02   3.1749654E-03   3.1749654E-03
   1.5568648E+03   2.6000000E+02   2.5700000E+02   0.0000000E+00   0.0000000E+00
   1.5568723E+03   2.7000000E+02   2.6700000E+02   0.0000000E+00   0.0000000E+00
   1.5568799E+03   3.0800000E+02   3.0200000E+02   0.0000000E+00   0.0000000E+00
   1.5568874E+03   2.6900000E+02   2.6700000E+02   0.0000000E+00   0.0000000E+00
   1.5568949E+03   2.8400000E+02   2.7700000E+02   0.0000000E+00   0.0000000E+00
   1.5569024E+03   2.3500000E+02   2.3000000E+02   0.0000000E+00   0.0000000E+00
   1.5569100E+03   2.7000000E+02   2.6100000E+02   0.0000000E+00   0.0000000E+00
   1.5569175E+03   2.5200000E+02   2.4800000E+02   0.0000000E+00   0.0000000E+00
   1.5569250E+03   2.6500000E+02   2.6200000E+02   0.0000000E+00   0.0000000E+00
   1.5569325E+03   2.4600000E+02   2.4200000E+02   0.0000000E+00   0.0000000E+00
   1.5569401E+03   2.6400000E+02   2.6100000E+02   0.0000000E+00   0.0000000E+00
   1.5569476E+03   2.3700000E+02   2.3100000E+02   0.0000000E+00   0.0000000E+00
   1.5569551E+03   2.4500000E+02   2.3900000E+02   0.0000000E+00   0.0000000E+00
   1.5569627E+03   2.6900000E+02   2.5900000E+02   0.0000000E+00   0.0000000E+00
   1.5569702E+03   2.5700000E+02   2.5200000E+02   0.0000000E+00   0.0000000E+00
   1.5569777E+03   2.6500000E+02   2.5900000E+02   0.0000000E+00   0.0000000E+00
   1.5569852E+03   2.4400000E+02   2.3800000E+02   0.0000000E+00   0.0000000E+00
   1.5569928E+03   2.2800000E+02   2.2800000E+02   0.0000000E+00   0.0000000E+00
   1.5570003E+03   2.4400000E+02   2.4200000E+02   0.0000000E+00   0.0000000E+00
   1.5570078E+03   2.6300000E+02   2.6000000E+02   0.0000000E+00   0.0000000E+00
   1.5570154E+03   2.5700000E+02   2.5000000E+02   0.0000000E+00   0.0000000E+00
   1.5570229E+03   2.4000000E+02   2.3500000E+02   0.0000000E+00   0.0000000E+00
   1.5570304E+03   2.1600000E+02   2.1600000E+02   0.0000000E+00   0.0000000E+00
   1.5570379E+03   2.1600000E+02   2.1100000E+02   0.0000000E+00   0.0000000E+00
   1.5570455E+03   2.1800000E+02   2.1300000E+02   0.0000000E+00   0.0000000E+00
   1.5570530E+03   2.1900000E+02   2.1400000E+02   0.0000000E+00   0.0000000E+00
   1.5570605E+03   2.1300000E+02   2.1200000E+02   0.0000000E+00   0.0000000E+00
   1.5570681E+03   2.0100000E+02   1.9300000E+02   0.0000000E+00   0.0000000E+00
   1.5570756E+03   2.4200000E+02   2.3800000E+02   0.0000000E+00   0.0000000E+00
   1.5570831E+03   2.2000000E+02   2.1700000E+02   0.0000000E+00   0.0000000E+00
   1.5570906E+03   2.1400000E+02   2.1100000E+02   0.0000000E+00   0.0000000E+00
   1.5570982E+03   2.2200000E+02   2.1800000E+02   0.0000000E+00   0.0000000E+00
   1.5571057E+03   1.9400000E+02   1.8600000E+02   0.0000000E+00   0.0000000E+00
   1.5571132E+03   2.0600000E+02   2.0300000E+02   0.0000000E+00   0.0000000E+00
   1.5571208E+03   2.1100000E+02   2.0600000E+02   0.0000000E+00   0.0000000E+00
   1.5571283E+03   2.0700000E+02   2.0500000E+02   0.0000000E+00   0.0000000E+00
   1.5571358E+03   2.4200000E+02   2.4000000E+02   0.0000000E+00   0.0000000E+00
   1.5571433E+03   2.3000000E+02   2.2400000E+02   0.0000000E+00   0.0000000E+00
   1.5571509E+03   2.1900000E+02   2.1600000E+02   0.0000000E+00   0.0000000E+00
   1.5571584E+03   1.9000000E+02   1.8600000E+02   0.0000000E+00   0.0000000E+00
   1.5571659E+03   1.9100000E+02   1.8700000E+02   0.0000000E+00   0.0000000E+00
   1.5571735E+03   2.1500000E+02   2.1000000E+02   0.0000000E+00   0.0000000E+00
   1.5571810E+03   2.0200000E+02   2.0000000E+02   0.0000000E+00   0.0000000E+00
   1.5571885E+03   2.0100000E+02   2.0000000E+02   0.0000000E+00   0.0000000E+00
   1.5571960E+03   1.9300000E+02   1.9100000E+02   0.0000000E+00   0.0000000E+00
   1.5572036E+03   1.8800000E+02   1.8400000E+02   0.0000000E+00   0.0000000E+00
   1.5572111E+03   1.9200000E+02   1.8700000E+02   0.0000000E+00   0.0000000E+00
   1.5572186E+03   1.7000000E+02   1.6700000E+02   0.0000000E+00   0.0000000E+00
   1.5572262E+03   1.9600000E+02   1.9400000E+02   0.0000000E+00   0.0000000E+00
   1.5572337E+03   2.0200000E+02   2.0000000E+02   0.0000000E+00   0.0000000E+00
   1.5572412E+03   2.2000000E+02   2.1600000E+02   0.0000000E+00   0.0000000E+00
   1.5572487E+03   1.7200000E+02   1.6700000E+02   0.0000000E+00   0.0000000E+00
   1.5572563E+03   1.8400000E+02   1.7700000E+02   0.0000000E+00   0.0000000E+00
   1.5572638E+03   2.1000000E+02   2.0600000E+02   0.0000000E+00   0.0000000E+00
   1.5572713E+03   1.6100000E+02   1.6100000E+02   0.0000000E+00   0.0000000E+00
   1.5572789E+03   1.8000000E+02   1.7700000E+02   0.0000000E+00   0.0000000E+00
   1.5572864E+03   1.9300000E+02   1.9000000E+02   0.0000000E+00   0.0000000E+00
   1.5572939E+03   1.8000000E+02   1.7800000E+02   0.0000000E+00   0.0000000E+00
   1.5573014E+03   1.7500000E+02   1.7300000E+02   0.0000000E+00   0.0000000E+00
   1.5573090E+03   1.7900000E+02   1.7600000E+02   0.0000000E+00   0.0000000E+00
   1.5573165E+03   1.9600000E+02   1.9300000E+02   0.0000000E+00   0.0000000E+00
   1.5573240E+03   1.5700000E+02   1.5500000E+02   0.0000000E+00   0.0000000E+00
   1.5573316E+03   1.7800000E+02   1.7600000E+02   0.0000000E+00   0.0000000E+00
   1.5573391E+03   1.6700000E+02   1.6300000E+02   0.0000000E+00   0.0000000E+00
   1.5573466E+03   1.6500000E+02   1.6300000E+02   0.0000000E+00   0.0000000E+00
   1.5573541E+03   1.7000000E+02   1.6500000E+02   0.0000000E+00   0.0000000E+00
   1.5573617E+03   1.5800000E+02   1.5400000E+02   0.0000000E+00   0.0000000E+00
   1.5573692E+03   1.4300000E+02   1.4100000E+02   0.0000000E+00   0.0000000E+00
   1.5573767E+03   1.6100000E+02   1.5900000E+02   0.0000000E+00   0.0000000E+00
   1.5573842E+03   1.8100000E+02   1.7800000E+02   0.0000000E+00   0.0000000E+00
   1.5573918E+03   1.6200000E+02   1.5700000E+02   0.0000000E+00   0.0000000E+00
   1.5573993E+03   1.4100000E+02   1.3700000E+02   0.0000000E+00   0.0000000E+00
   1.5574068E+03   1.6200000E+02   1.5500000E+02   0.0000000E+00   0.0000000E+00
   1.5574144E+03   1.4100000E+02   1.3900000E+02   0.0000000E+00   0.0000000E+00
   1.5574219E+03   1.6100000E+02   1.5500000E+02   0.0000000E+00   0.0000000E+00
   1.5574294E+03   1.4800000E+02   1.4500000E+02   0.0000000E+00   0.0000000E+00
   1.5574369E+03   1.5100000E+02   1.4900000E+02   0.0000000E+00   0.0000000E+00
   1.5574445E+03   1.5400000E+02   1.5100000E+02   0.0000000E+00   0.0000000E+00
   1.5574520E+03   1.3800000E+02   1.3400000E+02   0.0000000E+00   0.0000000E+00
   1.5574595E+03   1.5800000E+02   1.5700000E+02   0.0000000E+00   0.0000000E+00
   1.5574671E+03   1.6000000E+02   1.5600000E+02   0.0000000E+00   0.0000000E+00
   1.5574746E+03   1.5900000E+02   1.5800000E+02   0.0000000E+00   0.0000000E+00
   1.5574821E+03   1.4400000E+02   1.4300000E+02   0.0000000E+00   0.0000000E+00
   1.5574896E+03   1.3600000E+02   1.3400000E+02   0.0000000E+00   0.0000000E+00
   1.5574972E+03   1.6900000E+02   1.6500000E+02   0.0000000E+00   0.0000000E+00
   1.5575047E+03   1.2900000E+02   1.2600000E+02   0.0000000E+00   0.0000000E+00
   1.5575122E+03   1.2000000E+02   1.1700000E+02   0.0000000E+00   0.0000000E+00
   1.5575198E+03   1.3500000E+02   1.3200000E+02   0.0000000E+00   0.0000000E+00
   1.5575273E+03   1.3200000E+02   1.2900000E+02   0.0000000E+00   0.0000000E+00
   1.5575348E+03   1.4100000E+02   1.3800000E+02   0.0000000E+00   0.0000000E+00
   1.5575423E+03   1.4000000E+02   1.3900000E+02   0.0000000E+00   0.0000000E+00
   1.5575499E+03   1.5100000E+02   1.5000000E+02   0.0000000E+00   0.0000000E+00
   1.5575574E+03   1.2700000E+02   1.2300000E+02   0.0000000E+00   0.0000000E+00
   1.5575649E+03   1.2700000E+02   1.2300000E+02   0.0000000E+00   0.0000000E+00
   1.5575725E+03   1.3700000E+02   1.3400000E+02   0.0000000E+00   0.0000000E+00
   1.5575800E+03   1.4200000E+02   1.3800000E+02   0.0000000E+00   0.0000000E+00
   1.5575875E+03   1.3700000E+02   1.3200000E+02   0.0000000E+00   0.0000000E+00
   1.5575950E+03   1.1900000E+02   1.1600000E+02   0.0000000E+00   0.0000000E+00
   1.5576026E+03   1.2300000E+02   1.1700000E+02   0.0000000E+00   0.0000000E+00
   1.5576101E+03   1.3400000E+02   1.3300000E+02   0.0000000E+00   0.0000000E+00
   1.5576176E+03   1.3500000E+02   1.3100000E+02   0.0000000E+00   0.0000000E+00
   1.5576252E+03   1.1600000E+02   1.1600000E+02   0.0000000E+00   0.0000000E+00
   1.5576327E+03   1.1700000E+02   1.1400000E+02   0.0000000E+00   0.0000000E+00
   1.5576402E+03   1.1800000E+02   1.1700000E+02   0.0000000E+00   0.0000000E+00
   1.5576477E+03   1.5600000E+02   1.5500000E+02   0.0000000E+00   0.0000000E+00
   1.5576553E+03   1.1500000E+02   1.1200000E+02   0.0000000E+00   0.0000000E+00
   1.5576628E+03   1.0000000E+02   9.9000000E+01   0.0000000E+00   0.0000000E+00
   1.5576703E+03   1.2900000E+02   1.2800000E+02   0.0000000E+00   0.0000000E+00
   1.5576779E+03   1.2100000E+02   1.1900000E+02   0.0000000E+00   0.0000000E+00
   1.5576854E+03   1.4500000E+02   1.4200000E+02   0.0000000E+00   0.0000000E+00
   1.5576929E+03   1.0700000E+02   1.0600000E+02   0.0000000E+00   0.0000000E+00
   1.5577004E+03   1.3400000E+02   1.3200000E+02   0.0000000E+00   0.0000000E+00
   1.5577080E+03   1.3800000E+02   1.3300000E+02   0.0000000E+00   0.0000000E+00
   1.5577155E+03   1.2300000E+02   1.2000000E+02   0.0000000E+00   0.0000000E+00
   1.5577230E+03   1.2700000E+02   1.2400000E+02   0.0000000E+00   0.0000000E+00
   1.5577306E+03   1.2500000E+02   1.2200000E+02   0.0000000E+00   0.0000000E+00
   1.5577381E+03   1.2900000E+02   1.2800000E+02   0.0000000E+00   0.0000000E+00
   1.5577456E+03   9.4000000E+01   9.1000000E+01   0.0000000E+00   0.0000000E+00
   1.5577531E+03   1.0800000E+02   1.0600000E+02   0.0000000E+00   0.0000000E+00
   1.5577607E+03   1.2500000E+02   1.2000000E+02   0.0000000E+00   0.0000000E+00
   1.5577682E+03   1.2600000E+02   1.2600000E+02   0.0000000E+00   0.0000000E+00
   1.5577757E+03   1.2200000E+02   1.2000000E+02   0.0000000E+00   0.0000000E+00
   1.5577833E+03   1.1700000E+02   1.1400000E+02   0.0000000E+00   0.0000000E+00
   1.5577908E+03   1.0500000E+02   1.0400000E+02   0.0000000E+00   0.0000000E+00
   1.5577983E+03   1.2000000E+02   1.1700000E+02   0.0000000E+00   0.0000000E+00
   1.5578058E+03   1.0800000E+02   1.0700000E+02   0.0000000E+00   0.0000000E+00
   1.5578134E+03   9.6000000E+01   9.4000000E+01   0.0000000E+00   0.0000000E+00
   1.5578209E+03   9.4000000E+01   9.3000000E+01   0.0000000E+00   0.0000000E+00
   1.5578284E+03   1.0900000E+02   1.0700000E+02   0.0000000E+00   0.0000000E+00
   1.5578359E+03   8.9000000E+01   8.9000000E+01   0.0000000E+00   0.0000000E+00
   1.5578435E+03   1.0400000E+02   1.0400000E+02   0.0000000E+00   0.0000000E+00
   1.5578510E+03   1.0200000E+02   1.0200000E+02   0.0000000E+00   0.0000000E+00
   1.5578585E+03   9.6000000E+01   9.6000000E+01   0.0000000E+00   0.0000000E+00
   1.5578661E+03   1.1700000E+02   1.1200000E+02   0.0000000E+00   0.0000000E+00
   1.5578736E+03   9.3000000E+01   9.2000000E+01   0.0000000E+00   0.0000000E+00
   1.5578811E+03   9.7000000E+01   9.6000000E+01   0.0000000E+00   0.0000000E+00
   1.5578886E+03   1.0000000E+02   9.7000000E+01   0.0000000E+00   0.0000000E+00
   1.5578962E+03   9.2000000E+01   9.1000000E+01   0.0000000E+00   0.0000000E+00
   1.5579037E+03   9.4000000E+01   9.0000000E+01   6.3909924E-03   6.6750365E-03
   1.5579112E+03   8.2000000E+01   8.1000000E+01   0.0000000E+00   0.0000000E+00
   1.5579188E+03   7.8000000E+01   7.7000000E+01   0.0000000E+00   0.0000000E+00
   1.5579263E+03   9.0000000E+01   8.7000000E+01   0.0000000E+00   0.0000000E+00
   1.5579338E+03   9.1000000E+01   9.0000000E+01   0.0000000E+00   0.0000000E+00
   1.5579413E+03   7.7000000E+01   7.5000000E+01   0.0000000E+00   0.0000000E+00
   1.5579489E+03   8.5000000E+01   8.5000000E+01   0.0000000E+00   0.0000000E+00
   1.5579564E+03   9.2000000E+01   9.0000000E+01   0.0000000E+00   0.0000000E+00
   1.5579639E+03   9.9000000E+01   9.7000000E+01   0.0000000E+00   0.0000000E+00
   1.5579715E+03   8.6000000E+01   8.4000000E+01   0.0000000E+00   0.0000000E+00
   1.5579790E+03   8.3000000E+01   8.1000000E+01   0.0000000E+00   0.0000000E+00
   1.5579865E+03   1.0000000E+02   9.9000000E+01   0.0000000E+00   0.0000000E+00
   1.5579940E+03   8.3000000E+01   8.3000000E+01   0.0000000E+00   0.0000000E+00
   1.5580016E+03   7.9000000E+01   7.9000000E+01   0.0000000E+00   0.0000000E+00
   1.5580091E+03   9.2000000E+01   9.1000000E+01   0.0000000E+00   0.0000000E+00
   1.5580166E+03   7.8000000E+01   7.6000000E+01   0.0000000E+00   0.0000000E+00
   1.5580242E+03   9.0000000E+01   8.7000000E+01   0.0000000E+00   0.0000000E+00
   1.5580317E+03   8.4000000E+01   8.2000000E+01   0.0000000E+00   0.0000000E+00
   1.5580392E+03   5.8000000E+01   5.6000000E+01   0.0000000E+00   0.0000000E+00
   1.5580467E+03   8.2000000E+01   7.8000000E+01   0.0000000E+00   0.0000000E+00
   1.5580543E+03   7.8000000E+01   7.5000000E+01   0.0000000E+00   0.0000000E+00
   1.5580618E+03   7.7000000E+01   7.5000000E+01   0.0000000E+00   0.0000000E+00
   1.5580693E+03   7.6000000E+01   7.5000000E+01   0.0000000E+00   0.0000000E+00
   1.5580769E+03   8.7000000E+01   8.6000000E+01   0.0000000E+00   0.0000000E+00
   1.5580844E+03   7.8000000E+01   7.6000000E+01   0.0000000E+00   0.0000000E+00
   1.5580919E+03   7.5000000E+01   7.3000000E+01   0.0000000E+00   0.0000000E+00
   1.5580994E+03   8.0000000E+01   8.0000000E+01   0.0000000E+00   0.0000000E+00
   1.5581070E+03   7.2000000E+01   7.0000000E+01   0.0000000E+00   0.0000000E+00
   1.5581145E+03   7.0000000E+01   6.9000000E+01   0.0000000E+00   0.0000000E+00
   1.5581220E+03   7.3000000E+01   7.2000000E+01   0.0000000E+00   0.0000000E+00
   1.5581296E+03   9.1000000E+01   9.0000000E+01   0.0000000E+00   0.0000000E+00
   1.5581371E+03   6.7000000E+01   6.4000000E+01   0.0000000E+00   0.0000000E+00
   1.5581446E+03   7.2000000E+01   7.0000000E+01   0.0000000E+00   0.0000000E+00
   1.5581521E+03   6.6000000E+01   6.6000000E+01   0.0000000E+00   0.0000000E+00
   1.5581597E+03   7.0000000E+01   6.7000000E+01   0.0000000E+00   0.0000000E+00
   1.5581672E+03   7.2000000E+01   7.2000000E+01   0.0000000E+00   0.0000000E+00
   1.5581747E+03   7.9000000E+01   7.8000000E+01   0.0000000E+00   0.0000000E+00
   1.5581823E+03   7.7000000E+01   7.5000000E+01   0.0000000E+00   0.0000000E+00
   1.5581898E+03   9.1000000E+01   8.9000000E+01   0.0000000E+00   0.0000000E+00
   1.5581973E+03   5.4000000E+01   5.2000000E+01   0.0000000E+00   0.0000000E+00
   1.5582048E+03   7.1000000E+01   6.8000000E+01   0.0000000E+00   0.0000000E+00
   1.5582124E+03   7.4000000E+01   7.4000000E+01   0.0000000E+00   0.0000000E+00
   1.5582199E+03   5.4000000E+01   5.2000000E+01   0.0000000E+00   0.0000000E+00
   1.5582274E+03   7.4000000E+01   7.4000000E+01   0.0000000E+00   0.0000000E+00
   1.5582350E+03   6.9000000E+01   6.9000000E+01   0.0000000E+00   0.0000000E+00
   1.5582425E+03   6.4000000E+01   6.1000000E+01   0.0000000E+00   0.0000000E+00
   1.5582500E+03   6.8000000E+01   6.6000000E+01   0.0000000E+00   0.0000000E+00
   1.5582575E+03   4.7000000E+01   4.7000000E+01   0.0000000E+00   0.0000000E+00
   1.5582651E+03   7.4000000E+01   7.3000000E+01   0.0000000E+00   0.0000000E+00
   1.5582726E+03   6.3000000E+01   6.2000000E+01   0.0000000E+00   0.0000000E+00
   1.5582801E+03   6.2000000E+01   6.0000000E+01   0.0000000E+00   0.0000000E+00
   1.5582876E+03   6.5000000E+01   6.3000000E+01   0.0000000E+00   0.0000000E+00
   1.5582952E+03   6.3000000E+01   6.2000000E+01   0.0000000E+00   0.0000000E+00
   1.5583027E+03   5.8000000E+01   5.7000000E+01   0.0000000E+00   0.0000000E+00
   1.5583102E+03   4.9000000E+01   4.9000000E+01   0.0000000E+00   0.0000000E+00
   1.5583178E+03   4.6000000E+01   4.5000000E+01   0.0000000E+00   0.0000000E+00
   1.5583253E+03   6.6000000E+01   6.4000000E+01   0.0000000E+00   0.0000000E+00
   1.5583328E+03   6.3000000E+01   5.9000000E+01   0.0000000E+00   0.0000000E+00
   1.5583403E+03   6.1000000E+01   6.1000000E+01   0.0000000E+00   0.0000000E+00
   1.5583479E+03   5.3000000E+01   5.3000000E+01   0.0000000E+00   0.0000000E+00
   1.5583554E+03   5.0000000E+01   5.0000000E+01   0.0000000E+00   0.0000000E+00
   1.5583629E+03   4.7000000E+01   4.6000000E+01   0.0000000E+00   0.0000000E+00
   1.5583705E+03   5.4000000E+01   5.3000000E+01   0.0000000E+00   0.0000000E+00
   1.5583780E+03   6.4000000E+01   6.3000000E+01   0.0000000E+00   0.0000000E+00
   1.5583855E+03   4.8000000E+01   4.6000000E+01   0.0000000E+00   0.0000000E+00
   1.5583930E+03   5.4000000E+01   5.4000000E+01   0.0000000E+00   0.0000000E+00
   1.5584006E+03   6.0000000E+01   5.9000000E+01   0.0000000E+00   0.0000000E+00
   1.5584081E+03   5.1000000E+01   5.1000000E+01   0.0000000E+00   0.0000000E+00
   1.5584156E+03   4.5000000E+01   4.4000000E+01   0.0000000E+00   0.0000000E+00
   1.5584232E+03   5.3000000E+01   5.2000000E+01   0.0000000E+00   0.0000000E+00
   1.5584307E+03   6.1000000E+01   6.1000000E+01   0.0000000E+00   0.0000000E+00
   1.5584382E+03   5.5000000E+01   5.5000000E+01   0.0000000E+00   0.0000000E+00
   1.5584457E+03   5.0000000E+01   4.9000000E+01   0.0000000E+00   0.0000000E+00
   1.5584533E+03   4.4000000E+01   4.4000000E+01   0.0000000E+00   0.0000000E+00
   1.5584608E+03   5.0000000E+01   4.9000000E+01   0.0000000E+00   0.0000000E+00
   1.5584683E+03   4.9000000E+01   4.8000000E+01   0.0000000E+00   0.0000000E+00
   1.5584759E+03   4.6000000E+01   4.6000000E+01   0.0000000E+00   0.0000000E+00
   1.5584834E+03   4.9000000E+01   4.7000000E+01   0.0000000E+00   0.0000000E+00
   1.5584909E+03   4.4000000E+01   4.3000000E+01   0.0000000E+00   0.0000000E+00
   1.5584984E+03   5.2000000E+01   5.2000000E+01   0.0000000E+00   0.0000000E+00
   1.5585060E+03   4.7000000E+01   4.6000000E+01   0.0000000E+00   0.0000000E+00
   1.5585135E+03   5.2000000E+01   5.1000000E+01   0.0000000E+00   0.0000000E+00
   1.5585210E+03   4.6000000E+01   4.4000000E+01   0.0000000E+00   0.0000000E+00
   1.5585286E+03   5.4000000E+01   5.3000000E+01   0.0000000E+00   0.0000000E+00
   1.5585361E+03   4.8000000E+01   4.8000000E+01   0.0000000E+00   0.0000000E+00
   1.5585436E+03   5.2000000E+01   5.1000000E+01   0.0000000E+00   0.0000000E+00
   1.5585511E+03   4.3000000E+01   4.2000000E+01   0.0000000E+00   0.0000000E+00
   1.5585587E+03   5.3000000E+01   5.2000000E+01   0.0000000E+00   0.0000000E+00
   1.5585662E+03   3.5000000E+01   3.4000000E+01   0.0000000E+00   0.0000000E+00
   1.5585737E+03   5.3000000E+01   5.3000000E+01   0.0000000E+00   0.0000000E+00
   1.5585813E+03   3.3000000E+01   3.3000000E+01   0.0000000E+00   0.0000000E+00
   1.5585888E+03   5.0000000E+01   4.9000000E+01   0.0000000E+00   0.0000000E+00
   1.5585963E+03   4.2000000E+01   4.0000000E+01   0.0000000E+00   0.0000000E+00
   1.5586038E+03   3.9000000E+01   3.9000000E+01   0.0000000E+00   0.0000000E+00
   1.5586114E+03   3.6000000E+01   3.4000000E+01   0.0000000E+00   0.0000000E+00
   1.5586189E+03   4.0000000E+01   3.8000000E+01   0.0000000E+00   0.0000000E+00
   1.5586264E+03   4.3000000E+01   4.2000000E+01   0.0000000E+00   0.0000000E+00
   1.5586340E+03   4.5000000E+01   4.4000000E+01   0.0000000E+00   0.0000000E+00
   1.5586415E+03   4.8000000E+01   4.7000000E+01   0.0000000E+00   0.0000000E+00
   1.5586490E+03   4.3000000E+01   4.1000000E+01   0.0000000E+00   0.0000000E+00
   1.5586565E+03   5.2000000E+01   5.0000000E+01   0.0000000E+00   0.0000000E+00
   1.5586641E+03   3.8000000E+01   3.8000000E+01   0.0000000E+00   0.0000000E+00
   1.5586716E+03   3.9000000E+01   3.5000000E+01   0.0000000E+00   0.0000000E+00
   1.5586791E+03   4.1000000E+01   3.9000000E+01   0.0000000E+00   0.0000000E+00
   1.5586867E+03   3.8000000E+01   3.7000000E+01   0.0000000E+00   0.0000000E+00
   1.5586942E+03   3.9000000E+01   3.8000000E+01   0.0000000E+00   0.0000000E+00
   1.5587017E+03   3.7000000E+01   3.7000000E+01   0.0000000E+00   0.0000000E+00
   1.5587092E+03   4.6000000E+01   4.5000000E+01   0.0000000E+00   0.0000000E+00
   1.5587168E+03   3.8000000E+01   3.8000000E+01   0.0000000E+00   0.0000000E+00
   1.5587243E+03   3.7000000E+01   3.7000000E+01   0.0000000E+00   0.0000000E+00
   1.5587318E+03   2.7000000E+01   2.6000000E+01   0.0000000E+00   0.0000000E+00
   1.5587393E+03   3.3000000E+01   3.2000000E+01   0.0000000E+00   0.0000000E+00
   1.5587469E+03   4.7000000E+01   4.6000000E+01   0.0000000E+00   0.0000000E+00
   1.5587544E+03   3.6000000E+01   3.6000000E+01   0.0000000E+00   0.0000000E+00
   1.5587619E+03   3.8000000E+01   3.6000000E+01   0.0000000E+00   0.0000000E+00
   1.5587695E+03   3.1000000E+01   3.1000000E+01   0.0000000E+00   0.0000000E+00
   1.5587770E+03   3.6000000E+01   3.6000000E+01   0.0000000E+00   0.0000000E+00
   1.5587845E+03   3.6000000E+01   3.6000000E+01   0.0000000E+00   0.0000000E+00
   1.5587920E+03   3.1000000E+01   3.1000000E+01   0.0000000E+00   0.0000000E+00
   1.5587996E+03   2.7000000E+01   2.7000000E+01   0.0000000E+00   0.0000000E+00
   1.5588071E+03   3.0000000E+01   2.8000000E+01   0.0000000E+00   0.0000000E+00
   1.5588146E+03   2.6000000E+01   2.6000000E+01   0.0000000E+00   0.0000000E+00
   1.5588222E+03   2.8000000E+01   2.8000000E+01   0.0000000E+00   0.0000000E+00
   1.5588297E+03   3.1000000E+01   3.0000000E+01   0.0000000E+00   0.0000000E+00
   1.5588372E+03   2.9000000E+01   2.9000000E+01   0.0000000E+00   0.0000000E+00
   1.5588447E+03   2.6000000E+01   2.5000000E+01   0.0000000E+00   0.0000000E+00
   1.5588523E+03   4.7000000E+01   4.6000000E+01   0.0000000E+00   0.0000000E+00
   1.5588598E+03   2.5000000E+01   2.5000000E+01   0.0000000E+00   0.0000000E+00
   1.5588673E+03   3.1000000E+01   3.0000000E+01   0.0000000E+00   0.0000000E+00
   1.5588749E+03   2.8000000E+01   2.8000000E+01   0.0000000E+00   0.0000000E+00
   1.5588824E+03   3.2000000E+01   3.2000000E+01   0.0000000E+00   0.0000000E+00
   1.5588899E+03   3.7000000E+01   3.6000000E+01   0.0000000E+00   0.0000000E+00
   1.5588974E+03   2.1000000E+01   2.1000000E+01   0.0000000E+00   0.0000000E+00
   1.5589050E+03   2.6000000E+01   2.6000000E+01   0.0000000E+00   0.0000000E+00
   1.5589125E+03   2.4000000E+01   2.4000000E+01   0.0000000E+00   0.0000000E+00
   1.5589200E+03   2.8000000E+01   2.8000000E+01   0.0000000E+00   0.0000000E+00
   1.5589276E+03   3.1000000E+01   3.1000000E+01   0.0000000E+00   0.0000000E+00
   1.5589351E+03   3.7000000E+01   3.7000000E+01   0.0000000E+00   0.0000000E+00
   1.5589426E+03   2.9000000E+01   2.8000000E+01   0.0000000E+00   0.0000000E+00
   1.5589501E+03   3.4000000E+01   3.4000000E+01   0.0000000E+00   0.0000000E+00
   1.5589577E+03   3.2000000E+01   3.0000000E+01   0.0000000E+00   0.0000000E+00
   1.5589652E+03   3.0000000E+01   2.8000000E+01   0.0000000E+00   0.0000000E+00
   1.5589727E+03   3.2000000E+01   3.2000000E+01   0.0000000E+00   0.0000000E+00
   1.5589803E+03   2.2000000E+01   2.2000000E+01   0.0000000E+00   0.0000000E+00
   1.5589878E+03   3.2000000E+01   3.2000000E+01   0.0000000E+00   0.0000000E+00
   1.5589953E+03   2.6000000E+01   2.6000000E+01   0.0000000E+00   0.0000000E+00
   1.5590028E+03   2.3000000E+01   2.1000000E+01   0.0000000E+00   0.0000000E+00
   1.5590104E+03   2.7000000E+01   2.6000000E+01   0.0000000E+00   0.0000000E+00
   1.5590179E+03   2.3000000E+01   2.3000000E+01   0.0000000E+00   0.0000000E+00
   1.5590254E+03   2.6000000E+01   2.5000000E+01   0.0000000E+00   0.0000000E+00
   1.5590330E+03   2.2000000E+01   2.1000000E+01   0.0000000E+00   0.0000000E+00
   1.5590405E+03   2.8000000E+01   2.8000000E+01   0.0000000E+00   0.0000000E+00
   1.5590480E+03   2.2000000E+01   2.1000000E+01   0.0000000E+00   0.0000000E+00
   1.5590555E+03   2.7000000E+01   2.7000000E+01   0.0000000E+00   0.0000000E+00
   1.5590631E+03   2.5000000E+01   2.4000000E+01   0.0000000E+00   0.0000000E+00
   1.5590706E+03   2.0000000E+01   2.0000000E+01   0.0000000E+00   0.0000000E+00
   1.5590781E+03   3.0000000E+01   2.8000000E+01   0.0000000E+00   0.0000000E+00
   1.5590857E+03   2.8000000E+01   2.7000000E+01   0.0000000E+00   0.0000000E+00
   1.5590932E+03   1.6000000E+01   1.6000000E+01   0.0000000E+00   0.0000000E+00
   1.5591007E+03   2.9000000E+01   2.9000000E+01   0.0000000E+00   0.0000000E+00
   1.5591082E+03   2.3000000E+01   2.2000000E+01   0.0000000E+00   0.0000000E+00
   1.5591158E+03   2.1000000E+01   2.1000000E+01   0.0000000E+00   0.0000000E+00
   1.5591233E+03   1.9000000E+01   1.9000000E+01   0.0000000E+00   0.0000000E+00
   1.5591308E+03   2.3000000E+01   2.3000000E+01   0.0000000E+00   0.0000000E+00
   1.5591384E+03   2.6000000E+01   2.6000000E+01   0.0000000E+00   0.0000000E+00
   1.5591459E+03   1.7000000E+01   1.6000000E+01   0.0000000E+00   0.0000000E+00
   1.5591534E+03   1.8000000E+01   1.8000000E+01   0.0000000E+00   0.0000000E+00
   1.5591609E+03   2.6000000E+01   2.6000000E+01   0.0000000E+00   0.0000000E+00
   1.5591685E+03   3.2000000E+01   3.2000000E+01   0.0000000E+00   0.0000000E+00
   1.5591760E+03   1.1000000E+01   1.1000000E+01   0.0000000E+00   0.0000000E+00
   1.5591835E+03   2.8000000E+01   2.7000000E+01   0.0000000E+00   0.0000000E+00
   1.5591910E+03   2.0000000E+01   2.0000000E+01   0.0000000E+00   0.0000000E+00
   1.5591986E+03   1.4000000E+01   1.4000000E+01   0.0000000E+00   0.0000000E+00
   1.5592061E+03   1.7000000E+01   1.7000000E+01   0.0000000E+00   0.0000000E+00
   1.5592136E+03   1.8000000E+01   1.8000000E+01   0.0000000E+00   0.0000000E+00
   1.5592212E+03   2.6000000E+01   2.5000000E+01   0.0000000E+00   0.0000000E+00
   1.5592287E+03   1.8000000E+01   1.8000000E+01   0.0000000E+00   0.0000000E+00
   1.5592362E+03   2.2000000E+01   2.2000000E+01   0.0000000E+00   0.0000000E+00
   1.5592437E+03   2.3000000E+01   2.3000000E+01   0.0000000E+00   0.0000000E+00
   1.5592513E+03   1.8000000E+01   1.8000000E+01   0.0000000E+00   0.0000000E+00
   1.5592588E+03   1.6000000E+01   1.5000000E+01   0.0000000E+00   0.0000000E+00
   1.5592663E+03   2.0000000E+01   2.0000000E+01   0.0000000E+00   0.0000000E+00
   1.5592739E+03   2.0000000E+01   2.0000000E+01   0.0000000E+00   0.0000000E+00
   1.5592814E+03   1.5000000E+01   1.5000000E+01   0.0000000E+00   0.0000000E+00
   1.5592889E+03   1.4000000E+01   1.4000000E+01   0.0000000E+00   0.0000000E+00
   1.5592964E+03   2.3000000E+01   2.3000000E+01   0.0000000E+00   0.0000000E+00
   1.5593040E+03   2.1000000E+01   2.1000000E+01   0.0000000E+00   0.0000000E+00
   1.5593115E+03   2.0000000E+01   2.0000000E+01   0.0000000E+00   0.0000000E+00
   1.5593190E+03   1.8000000E+01   1.8000000E+01   0.0000000E+00   0.0000000E+00
   1.5593266E+03   1.7000000E+01   1.6000000E+01   0.0000000E+00   0.0000000E+00
   1.5593341E+03   1.2000000E+01   1.1000000E+01   0.0000000E+00   0.0000000E+00
   1.5593416E+03   1.8000000E+01   1.7000000E+01   0.0000000E+00   0.0000000E+00
   1.5593491E+03   2.3000000E+01   2.2000000E+01   0.0000000E+00   0.0000000E+00
   1.5593567E+03   1.3000000E+01   1.2000000E+01   0.0000000E+00   0.0000000E+00
   1.5593642E+03   1.3000000E+01   1.3000000E+01   0.0000000E+00   0.0000000E+00
   1.5593717E+03   1.5000000E+01   1.5000000E+01   0.0000000E+00   0.0000000E+00
   1.5593793E+03   2.4000000E+01   2.4000000E+01   0.0000000E+00   0.0000000E+00
   1.5593868E+03   2.3000000E+01   2.3000000E+01   0.0000000E+00   0.0000000E+00
   1.5593943E+03   1.9000000E+01   1.9000000E+01   0.0000000E+00   0.0000000E+00
   1.5594018E+03   1.2000000E+01   1.2000000E+01   0.0000000E+00   0.0000000E+00
   1.5594094E+03   1.5000000E+01   1.5000000E+01   0.0000000E+00   0.0000000E+00
   1.5594169E+03   2.1000000E+01   2.1000000E+01   0.0000000E+00   0.0000000E+00
   1.5594244E+03   2.2000000E+01   2.2000000E+01   0.0000000E+00   0.0000000E+00
   1.5594320E+03   1.2000000E+01   1.2000000E+01   0.0000000E+00   0.0000000E+00
   1.5594395E+03   1.2000000E+01   1.2000000E+01   0.0000000E+00   0.0000000E+00
   1.5594470E+03   1.3000000E+01   1.3000000E+01   0.0000000E+00   0.0000000E+00
   1.5594545E+03   1.0000000E+01   9.0000000E+00   0.0000000E+00   0.0000000E+00
   1.5594621E+03   1.3000000E+01   1.3000000E+01   0.0000000E+00   0.0000000E+00
   1.5594696E+03   1.5000000E+01   1.4000000E+01   0.0000000E+00   0.0000000E+00
   1.5594771E+03   1.1000000E+01   1.1000000E+01   0.0000000E+00   0.0000000E+00
   1.5594847E+03   1.7000000E+01   1.6000000E+01   0.0000000E+00   0.0000000E+00
   1.5594922E+03   1.7000000E+01   1.7000000E+01   0.0000000E+00   0.0000000E+00
   1.5594997E+03   1.7000000E+01   1.7000000E+01   0.0000000E+00   0.0000000E+00
   1.5595072E+03   1.4000000E+01   1.4000000E+01   0.0000000E+00   0.0000000E+00
   1.5595148E+03   1.0000000E+01   1.0000000E+01   0.0000000E+00   0.0000000E+00
   1.5595223E+03   1.4000000E+01   1.4000000E+01   0.0000000E+00   0.0000000E+00
   1.5595298E+03   1.6000000E+01   1.6000000E+01   0.0000000E+00   0.0000000E+00
   1.5595374E+03   1.3000000E+01   1.3000000E+01   0.0000000E+00   0.0000000E+00
   1.5595449E+03   1.0000000E+01   9.0000000E+00   0.0000000E+00   0.0000000E+00
   1.5595524E+03   1.2000000E+01   1.2000000E+01   0.0000000E+00   0.0000000E+00
   1.5595599E+03   1.0000000E+01   9.0000000E+00   0.0000000E+00   0.0000000E+00
   1.5595675E+03   1.7000000E+01   1.6000000E+01   0.0000000E+00   0.0000000E+00
   1.5595750E+03   1.2000000E+01   1.2000000E+01   0.0000000E+00   0.0000000E+00
   1.5595825E+03   1.2000000E+01   1.1000000E+01   0.0000000E+00   0.0000000E+00
   1.5595901E+03   1.4000000E+01   1.4000000E+01   0.0000000E+00   0.0000000E+00
   1.5595976E+03   1.3000000E+01   1.3000000E+01   0.0000000E+00   0.0000000E+00
   1.5596051E+03   1.5000000E+01   1.5000000E+01   0.0000000E+00   0.0000000E+00
   1.5596126E+03   1.2000000E+01   1.2000000E+01   0.0000000E+00   0.0000000E+00
   1.5596202E+03   1.4000000E+01   1.3000000E+01   0.0000000E+00   0.0000000E+00
   1.5596277E+03   1.6000000E+01   1.4000000E+01   0.0000000E+00   0.0000000E+00
   1.5596352E+03   1.0000000E+01   1.0000000E+01   0.0000000E+00   0.0000000E+00
   1.5596427E+03   9.0000000E+00   9.0000000E+00   0.0000000E+00   0.0000000E+00
   1.5596503E+03   1.0000000E+01   1.0000000E+01   0.0000000E+00   0.0000000E+00
   1.5596578E+03   1.5000000E+01   1.5000000E+01   0.0000000E+00   0.0000000E+00
   1.5596653E+03   1.3000000E+01   1.3000000E+01   0.0000000E+00   0.0000000E+00
   1.5596729E+03   1.0000000E+01   1.0000000E+01   0.0000000E+00   0.0000000E+00
   1.5596804E+03   1.4000000E+01   1.4000000E+01   0.0000000E+00   0.0000000E+00
   1.5596879E+03   1.5000000E+01   1.5000000E+01   0.0000000E+00   0.0000000E+00
   1.5596954E+03   1.2000000E+01   1.0000000E+01   0.0000000E+00   0.0000000E+00
   1.5597030E+03   5.0000000E+00   5.0000000E+00   0.0000000E+00   0.0000000E+00
   1.5597105E+03   3.0000000E+00   3.0000000E+00   0.0000000E+00   0.0000000E+00
   1.5597180E+03   1.1000000E+01   1.1000000E+01   0.0000000E+00   0.0000000E+00
   1.5597256E+03   1.0000000E+01   9.0000000E+00   0.0000000E+00   0.0000000E+00
   1.5597331E+03   1.0000000E+01   9.0000000E+00   0.0000000E+00   0.0000000E+00
   1.5597406E+03   9.0000000E+00   9.0000000E+00   0.0000000E+00   0.0000000E+00
   1.5597481E+03   4.0000000E+00   4.0000000E+00   0.0000000E+00   0.0000000E+00
   1.5597557E+03   7.0000000E+00   7.0000000E+00   0.0000000E+00   0.0000000E+00
   1.5597632E+03   6.0000000E+00   6.0000000E+00   0.0000000E+00   0.0000000E+00
   1.5597707E+03   7.0000000E+00   7.0000000E+00   0.0000000E+00   0.0000000E+00
   1.5597783E+03   1.0000000E+01   1.0000000E+01   0.0000000E+00   0.0000000E+00
   1.5597858E+03   1.3000000E+01   1.2000000E+01   0.0000000E+00   0.0000000E+00
   1.5597933E+03   1.5000000E+01   1.5000000E+01   0.0000000E+00   0.0000000E+00
   1.5598008E+03   6.0000000E+00   6.0000000E+00   0.0000000E+00   0.0000000E+00
   1.5598084E+03   1.5000000E+01   1.5000000E+01   0.0000000E+00   0.0000000E+00
   1.5598159E+03   1.8000000E+01   1.7000000E+01   0.0000000E+00   0.0000000E+00
   1.5598234E+03   5.0000000E+00   5.0000000E+00   0.0000000E+00   0.0000000E+00
   1.5598310E+03   8.0000000E+00   8.0000000E+00   0.0000000E+00   0.0000000E+00
   1.5598385E+03   1.0000000E+01   1.0000000E+01   0.0000000E+00   0.0000000E+00
   1.5598460E+03   1.3000000E+01   1.2000000E+01   0.0000000E+00   0.0000000E+00
   1.5598535E+03   1.0000000E+01   1.0000000E+01   0.0000000E+00   0.0000000E+00
   1.5598611E+03   1.4000000E+01   1.4000000E+01   0.0000000E+00   0.0000000E+00
   1.5598686E+03   1.1000000E+01   1.1000000E+01   0.0000000E+00   0.0000000E+00
   1.5598761E+03   5.0000000E+00   5.0000000E+00   0.0000000E+00   0.0000000E+00
   1.5598837E+03   1.0000000E+01   1.0000000E+01   0.0000000E+00   0.0000000E+00
   1.5598912E+03   1.3000000E+01   1.2000000E+01   0.0000000E+00   0.0000000E+00
   1.5598987E+03   1.1000000E+01   1.1000000E+01   0.0000000E+00   0.0000000E+00
   1.5599062E+03   1.6000000E+01   1.6000000E+01   0.0000000E+00   0.0000000E+00
   1.5599138E+03   8.0000000E+00   8.0000000E+00   0.0000000E+00   0.0000000E+00
   1.5599213E+03   5.0000000E+00   5.0000000E+00   0.0000000E+00   0.0000000E+00
   1.5599288E+03   6.0000000E+00   6.0000000E+00   0.0000000E+00   0.0000000E+00
   1.5599364E+03   6.0000000E+00   5.0000000E+00   0.0000000E+00   0.0000000E+00
   1.5599439E+03   5.0000000E+00   5.0000000E+00   0.0000000E+00   0.0000000E+00
   1.5599514E+03   5.0000000E+00   5.0000000E+00   0.0000000E+00   0.0000000E+00
   1.5599589E+03   1.0000000E+01   1.0000000E+01   0.0000000E+00   0.0000000E+00
   1.5599665E+03   6.0000000E+00   6.0000000E+00   0.0000000E+00   0.0000000E+00
   1.5599740E+03   8.0000000E+00   8.0000000E+00   0.0000000E+00   0.0000000E+00
   1.5599815E+03   1.0000000E+01   1.0000000E+01   0.0000000E+00   0.0000000E+00
   1.5599891E+03   1.2000000E+01   1.2000000E+01   0.0000000E+00   0.0000000E+00
   1.5599966E+03   4.0000000E+00   4.0000000E+00   0.0000000E+00   0.0000000E+00
   1.5600041E+03   8.0000000E+00   8.0000000E+00   0.0000000E+00   0.0000000E+00
   1.5600116E+03   9.0000000E+00   9.0000000E+00   0.0000000E+00   0.0000000E+00
   1.5600192E+03   7.0000000E+00   7.0000000E+00   0.0000000E+00   0.0000000E+00
   1.5600267E+03   6.0000000E+00   6.0000000E+00   0.0000000E+00   0.0000000E+00
   1.5600342E+03   5.0000000E+00   5.0000000E+00   0.0000000E+00   0.0000000E+00
   1.5600418E+03   3.0000000E+00   3.0000000E+00   0.0000000E+00   0.0000000E+00
   1.5600493E+03   6.0000000E+00   6.0000000E+00   0.0000000E+00   0.0000000E+00
   1.5600568E+03   4.0000000E+00   4.0000000E+00   0.0000000E+00   0.0000000E+00
   1.5600643E+03   5.0000000E+00   5.0000000E+00   0.0000000E+00   0.0000000E+00
   1.5600719E+03   0.0000000E+00   0.0000000E+00   0.0000000E+00   0.0000000E+00
   1.5600794E+03   6.0000000E+00   6.0000000E+00   0.0000000E+00   0.0000000E+00
   1.5600869E+03   2.0000000E+00   2.0000000E+00   0.0000000E+00   0.0000000E+00
   1.5600944E+03   1.0000000E+01   1.0000000E+01   0.0000000E+00   0.0000000E+00
   1.5601020E+03   4.0000000E+00   4.0000000E+00   0.0000000E+00   0.0000000E+00
   1.5601095E+03   6.0000000E+00   6.0000000E+00   0.0000000E+00   0.0000000E+00
   1.5601170E+03   1.1000000E+01   1.1000000E+01   0.0000000E+00   0.0000000E+00
   1.5601246E+03   9.0000000E+00   9.0000000E+00   0.0000000E+00   0.0000000E+00
   1.5601321E+03   1.0000000E+01   1.0000000E+01   0.0000000E+00   0.0000000E+00
   1.5601396E+03   1.0000000E+00   1.0000000E+00   0.0000000E+00   0.0000000E+00
   1.5601471E+03   6.0000000E+00   6.0000000E+00   0.0000000E+00   0.0000000E+00
   1.5601547E+03   6.0000000E+00   6.0000000E+00   0.0000000E+00   0.0000000E+00
   1.5601622E+03   3.0000000E+00   3.0000000E+00   0.0000000E+00   0.0000000E+00
   1.5601697E+03   4.0000000E+00   3.0000000E+00   0.0000000E+00   0.0000000E+00
   1.5601773E+03   6.0000000E+00   6.0000000E+00   0.0000000E+00   0.0000000E+00
   1.5601848E+03   7.0000000E+00   7.0000000E+00   0.0000000E+00   0.0000000E+00
   1.5601923E+03   8.0000000E+00   8.0000000E+00   0.0000000E+00   0.0000000E+00
   1.5601998E+03   7.0000000E+00   7.0000000E+00   0.0000000E+00   0.0000000E+00
   1.5602074E+03   3.0000000E+00   3.0000000E+00   0.0000000E+00   0.0000000E+00
   1.5602149E+03   6.0000000E+00   6.0000000E+00   0.0000000E+00   0.0000000E+00
   1.5602224E+03   0.0000000E+00   0.0000000E+00   0.0000000E+00   0.0000000E+00
   1.5602300E+03   3.0000000E+00   3.0000000E+00   0.0000000E+00   0.0000000E+00
   1.5602375E+03   5.0000000E+00   4.0000000E+00   0.0000000E+00   0.0000000E+00
   1.5602450E+03   5.0000000E+00   4.0000000E+00   0.0000000E+00   0.0000000E+00
   1.5602525E+03   9.0000000E+00   9.0000000E+00   0.0000000E+00   0.0000000E+00
   1.5602601E+03   5.0000000E+00   5.0000000E+00   0.0000000E+00   0.0000000E+00
   1.5602676E+03   7.0000000E+00   7.0000000E+00   0.0000000E+00   0.0000000E+00
   1.5602751E+03   2.0000000E+00   2.0000000E+00   0.0000000E+00   0.0000000E+00
   1.5602827E+03   8.0000000E+00   8.0000000E+00   0.0000000E+00   0.0000000E+00
   1.5602902E+03   8.0000000E+00   8.0000000E+00   0.0000000E+00   0.0000000E+00
   1.5602977E+03   5.0000000E+00   5.0000000E+00   0.0000000E+00   0.0000000E+00
   1.5603052E+03   6.0000000E+00   6.0000000E+00   0.0000000E+00   0.0000000E+00
   1.5603128E+03   3.0000000E+00   3.0000000E+00   0.0000000E+00   0.0000000E+00
   1.5603203E+03   5.0000000E+00   5.0000000E+00   0.0000000E+00   0.0000000E+00
   1.5603278E+03   3.0000000E+00   3.0000000E+00   0.0000000E+00   0.0000000E+00
   1.5603354E+03   3.0000000E+00   3.0000000E+00   0.0000000E+00   0.0000000E+00
   1.5603429E+03   3.0000000E+00   3.0000000E+00   0.0000000E+00   0.0000000E+00
   1.5603504E+03   8.0000000E+00   8.0000000E+00   0.0000000E+00   0.0000000E+00
   1.5603579E+03   5.0000000E+00   5.0000000E+00   0.0000000E+00   0.0000000E+00
   1.5603655E+03   5.0000000E+00   5.0000000E+00   0.0000000E+00   0.0000000E+00
   1.5603730E+03   3.0000000E+00   3.0000000E+00   0.0000000E+00   0.0000000E+00
   1.5603805E+03   5.0000000E+00   5.0000000E+00   0.0000000E+00   0.0000000E+00
   1.5603881E+03   7.0000000E+00   7.0000000E+00   0.0000000E+00   0.0000000E+00
   1.5603956E+03   2.0000000E+00   2.0000000E+00   0.0000000E+00   0.0000000E+00
   1.5604031E+03   3.0000000E+00   3.0000000E+00   0.0000000E+00   0.0000000E+00
   1.5604106E+03   7.0000000E+00   7.0000000E+00   0.0000000E+00   0.0000000E+00
   1.5604182E+03   2.0000000E+00   2.0000000E+00   0.0000000E+00   0.0000000E+00
   1.5604257E+03   6.0000000E+00   6.0000000E+00   0.0000000E+00   0.0000000E+00
   1.5604332E+03   5.0000000E+00   5.0000000E+00   0.0000000E+00   0.0000000E+00
   1.5604408E+03   5.0000000E+00   5.0000000E+00   0.0000000E+00   0.0000000E+00
   1.5604483E+03   3.0000000E+00   3.0000000E+00   0.0000000E+00   0.0000000E+00
   1.5604558E+03   3.0000000E+00   3.0000000E+00   0.0000000E+00   0.0000000E+00
   1.5604633E+03   4.0000000E+00   4.0000000E+00   0.0000000E+00   0.0000000E+00
   1.5604709E+03   3.0000000E+00   2.0000000E+00   0.0000000E+00   0.0000000E+00
   1.5604784E+03   2.0000000E+00   2.0000000E+00   0.0000000E+00   0.0000000E+00
   1.5604859E+03   4.0000000E+00   4.0000000E+00   0.0000000E+00   0.0000000E+00
   1.5604935E+03   8.0000000E+00   8.0000000E+00   0.0000000E+00   0.0000000E+00
   1.5605010E+03   4.0000000E+00   4.0000000E+00   0.0000000E+00   0.0000000E+00
   1.5605085E+03   4.0000000E+00   4.0000000E+00   0.0000000E+00   0.0000000E+00
   1.5605160E+03   4.0000000E+00   3.0000000E+00   0.0000000E+00   0.0000000E+00
   1.5605236E+03   5.0000000E+00   5.0000000E+00   0.0000000E+00   0.0000000E+00
   1.5605311E+03   5.0000000E+00   5.0000000E+00   0.0000000E+00   0.0000000E+00
   1.5605386E+03   2.0000000E+00   1.0000000E+00   0.0000000E+00   0.0000000E+00
   1.5605461E+03   3.0000000E+00   3.0000000E+00   0.0000000E+00   0.0000000E+00
   1.5605537E+03   2.0000000E+00   2.0000000E+00   0.0000000E+00   0.0000000E+00
   1.5605612E+03   3.0000000E+00   3.0000000E+00   0.0000000E+00   0.0000000E+00
   1.5605687E+03   4.0000000E+00   4.0000000E+00   0.0000000E+00   0.0000000E+00
   1.5605763E+03   2.0000000E+00   1.0000000E+00   0.0000000E+00   0.0000000E+00
   1.5605838E+03   1.0000000E+00   1.0000000E+00   0.0000000E+00   0.0000000E+00
   1.5605913E+03   2.0000000E+00   2.0000000E+00   0.0000000E+00   0.0000000E+00
   1.5605988E+03   3.0000000E+00   3.0000000E+00   0.0000000E+00   0.0000000E+00
   1.5606064E+03   5.0000000E+00   5.0000000E+00   0.0000000E+00   0.0000000E+00
   1.5606139E+03   3.0000000E+00   3.0000000E+00   0.0000000E+00   0.0000000E+00
   1.5606214E+03   2.0000000E+00   2.0000000E+00   0.0000000E+00   0.0000000E+00
   1.5606290E+03   4.0000000E+00   4.0000000E+00   0.0000000E+00   0.0000000E+00
   1.5606365E+03   0.0000000E+00   0.0000000E+00   0.0000000E+00   0.0000000E+00
   1.5606440E+03   5.0000000E+00   5.0000000E+00   0.0000000E+00   0.0000000E+00
   1.5606515E+03   4.0000000E+00   4.0000000E+00   0.0000000E+00   0.0000000E+00
   1.5606591E+03   3.0000000E+00   3.0000000E+00   0.0000000E+00   0.0000000E+00
   1.5606666E+03   5.0000000E+00   5.0000000E+00   0.0000000E+00   0.0000000E+00
   1.5606741E+03   2.0000000E+00   2.0000000E+00   0.0000000E+00   0.0000000E+00
   1.5606817E+03   5.0000000E+00   5.0000000E+00   0.0000000E+00   0.0000000E+00
   1.5606892E+03   4.0000000E+00   4.0000000E+00   0.0000000E+00   0.0000000E+00
   1.5606967E+03   2.0000000E+00   2.0000000E+00   0.0000000E+00   0.0000000E+00
   1.5607042E+03   2.0000000E+00   2.0000000E+00   0.0000000E+00   0.0000000E+00
   1.5607118E+03   5.0000000E+00   5.0000000E+00   0.0000000E+00   0.0000000E+00
   1.5607193E+03   2.0000000E+00   2.0000000E+00   0.0000000E+00   0.0000000E+00
   1.5607268E+03   3.0000000E+00   3.0000000E+00   0.0000000E+00   0.0000000E+00
   1.5607344E+03   2.0000000E+00   2.0000000E+00   0.0000000E+00   0.0000000E+00
   1.5607419E+03   0.0000000E+00   0.0000000E+00   0.0000000E+00   0.0000000E+00
   1.5607494E+03   2.0000000E+00   2.0000000E+00   0.0000000E+00   0.0000000E+00
   1.5607569E+03   0.0000000E+00   0.0000000E+00   0.0000000E+00   0.0000000E+00
   1.5607645E+03   6.0000000E+00   6.0000000E+00   0.0000000E+00   0.0000000E+00
   1.5607720E+03   2.0000000E+00   2.0000000E+00   0.0000000E+00   0.0000000E+00
