   1.5381945E+03   0.0000000E+00   0.0000000E+00   0.0000000E+00   0.0000000E+00
   1.5382021E+03   0.0000000E+00   0.0000000E+00   0.0000000E+00   0.0000000E+00
   1.5382096E+03   0.0000000E+00   0.0000000E+00   0.0000000E+00   0.0000000E+00
   1.5382171E+03   0.0000000E+00   0.0000000E+00   0.0000000E+00   0.0000000E+00
   1.5382246E+03   0.0000000E+00   0.0000000E+00   0.0000000E+00   0.0000000E+00
   1.5382322E+03   0.0000000E+00   0.0000000E+00   0.0000000E+00   0.0000000E+00
   1.5382397E+03   0.0000000E+00   0.0000000E+00   0.0000000E+00   0.0000000E+00
   1.5382472E+03   0.0000000E+00   0.0000000E+00   0.0000000E+00   0.0000000E+00
   1.5382548E+03   0.0000000E+00   0.0000000E+00   0.0000000E+00   0.0000000E+00
   1.5382623E+03   0.0000000E+00   0.0000000E+00   0.0000000E+00   0.0000000E+00
   1.5382698E+03   0.0000000E+00   0.0000000E+00   0.0000000E+00   0.0000000E+00
   1.5382773E+03   0.0000000E+00   0.0000000E+00   0.0000000E+00   0.0000000E+00
   1.5382849E+03   0.0000000E+00   0.0000000E+00   0.0000000E+00   0.0000000E+00
   1.5382924E+03   0.0000000E+00   0.0000000E+00   0.0000000E+00   0.0000000E+00
   1.5382999E+03   0.0000000E+00   0.0000000E+00   0.0000000E+00   0.0000000E+00
   1.5383075E+03   0.0000000E+00   0.0000000E+00   0.0000000E+00   0.0000000E+00
   1.5383150E+03   0.0000000E+00   0.0000000E+00   0.0000000E+00   0.0000000E+00
   1.5383225E+03   0.0000000E+00   0.0000000E+00   0.0000000E+00   0.0000000E+00
   1.5383300E+03   0.0000000E+00   0.0000000E+00   0.0000000E+00   0.0000000E+00
   1.5383376E+03   0.0000000E+00   0.0000000E+00   0.0000000E+00   0.0000000E+00
   1.5383451E+03   0.0000000E+00   0.0000000E+00   0.0000000E+00   0.0000000E+00
   1.5383526E+03   0.0000000E+00   0.0000000E+00   0.0000000E+00   0.0000000E+00
   1.5383602E+03   0.0000000E+00   0.0000000E+00   0.0000000E+00   0.0000000E+00
   1.5383677E+03   0.0000000E+00   0.0000000E+00   0.0000000E+00   0.0000000E+00
   1.5383752E+03   0.0000000E+00   0.0000000E+00   0.0000000E+00   0.0000000E+00
   1.5383827E+03   0.0000000E+00   0.0000000E+00   0.0000000E+00   0.0000000E+00
   1.5383903E+03   0.0000000E+00   0.0000000E+00   0.0000000E+00   0.0000000E+00
   1.5383978E+03   0.0000000E+00   0.0000000E+00   0.0000000E+00   0.0000000E+00
   1.5384053E+03   0.0000000E+00   0.0000000E+00   0.0000000E+00   0.0000000E+00
   1.5384128E+03   0.0000000E+00   0.0000000E+00   0.0000000E+00   0.0000000E+00
   1.5384204E+03   0.0000000E+00   0.0000000E+00   0.0000000E+00   0.0000000E+00
   1.5384279E+03   0.0000000E+00   0.0000000E+00   0.0000000E+00   0.0000000E+00
   1.5384354E+03   0.0000000E+00   0.0000000E+00   0.0000000E+00   0.0000000E+00
   1.5384430E+03   0.0000000E+00   0.0000000E+00   0.0000000E+00   0.0000000E+00
   1.5384505E+03   0.0000000E+00   0.0000000E+00   0.0000000E+00   0.0000000E+00
   1.5384580E+03   0.0000000E+00   0.0000000E+00   0.0000000E+00   0.0000000E+00
   1.5384655E+03   0.0000000E+00   0.0000000E+00   0.0000000E+00   0.0000000E+00
   1.5384731E+03   0.0000000E+00   0.0000000E+00   0.0000000E+00   0.0000000E+00
   1.5384806E+03   0.0000000E+00   0.0000000E+00   0.0000000E+00   0.0000000E+00
   1.5384881E+03   0.0000000E+00   0.0000000E+00   0.0000000E+00   0.0000000E+00
   1.5384957E+03   0.0000000E+00   0.0000000E+00   0.0000000E+00   0.0000000E+00
   1.5385032E+03   0.0000000E+00   0.0000000E+00   0.0000000E+00   0.0000000E+00
   1.5385107E+03   0.0000000E+00   0.0000000E+00   0.0000000E+00   0.0000000E+00
   1.5385182E+03   0.0000000E+00   0.0000000E+00   0.0000000E+00   0.0000000E+00
   1.5385258E+03   0.0000000E+00   0.0000000E+00   0.0000000E+00   0.0000000E+00
   1.5385333E+03   0.0000000E+00   0.0000000E+00   0.0000000E+00   0.0000000E+00
   1.5385408E+03   0.0000000E+00   0.0000000E+00   0.0000000E+00   0.0000000E+00
   1.5385484E+03   0.0000000E+00   0.0000000E+00   0.0000000E+00   0.0000000E+00
   1.5385559E+03   0.0000000E+00   0.0000000E+00   0.0000000E+00   0.0000000E+00
   1.5385634E+03   0.0000000E+00   0.0000000E+00   0.0000000E+00   0.0000000E+00
   1.5385709E+03   0.0000000E+00   0.0000000E+00   0.0000000E+00   0.0000000E+00
   1.5385785E+03   0.0000000E+00   0.0000000E+00   0.0000000E+00   0.0000000E+00
   1.5385860E+03   0.0000000E+00   0.0000000E+00   0.0000000E+00   0.0000000E+00
   1.5385935E+03   0.0000000E+00   0.0000000E+00   0.0000000E+00   0.0000000E+00
   1.5386011E+03   0.0000000E+00   0.0000000E+00   0.0000000E+00   0.0000000E+00
   1.5386086E+03   0.0000000E+00   0.0000000E+00   0.0000000E+00   0.0000000E+00
   1.5386161E+03   0.0000000E+00   0.0000000E+00   0.0000000E+00   0.0000000E+00
   1.5386236E+03   0.0000000E+00   0.0000000E+00   0.0000000E+00   0.0000000E+00
   1.5386312E+03   0.0000000E+00   0.0000000E+00   0.0000000E+00   0.0000000E+00
   1.5386387E+03   0.0000000E+00   0.0000000E+00   0.0000000E+00   0.0000000E+00
   1.5386462E+03   0.0000000E+00   0.0000000E+00   0.0000000E+00   0.0000000E+00
   1.5386538E+03   0.0000000E+00   0.0000000E+00   0.0000000E+00   0.0000000E+00
   1.5386613E+03   0.0000000E+00   0.0000000E+00   0.0000000E+00   0.0000000E+00
   1.5386688E+03   0.0000000E+00   0.0000000E+00   0.0000000E+00   0.0000000E+00
   1.5386763E+03   0.0000000E+00   0.0000000E+00   0.0000000E+00   0.0000000E+00
   1.5386839E+03   0.0000000E+00   0.0000000E+00   0.0000000E+00   0.0000000E+00
   1.5386914E+03   0.0000000E+00   0.0000000E+00   0.0000000E+00   0.0000000E+00
   1.5386989E+03   0.0000000E+00   0.0000000E+00   0.0000000E+00   0.0000000E+00
   1.5387065E+03   0.0000000E+00   0.0000000E+00   0.0000000E+00   0.0000000E+00
   1.5387140E+03   0.0000000E+00   0.0000000E+00   0.0000000E+00   0.0000000E+00
   1.5387215E+03   0.0000000E+00   0.0000000E+00   0.0000000E+00   0.0000000E+00
   1.5387290E+03   0.0000000E+00   0.0000000E+00   0.0000000E+00   0.0000000E+00
   1.5387366E+03   0.0000000E+00   0.0000000E+00   0.0000000E+00   0.0000000E+00
   1.5387441E+03   0.0000000E+00   0.0000000E+00   0.0000000E+00   0.0000000E+00
   1.5387516E+03   0.0000000E+00   0.0000000E+00   0.0000000E+00   0.0000000E+00
   1.5387592E+03   0.0000000E+00   0.0000000E+00   0.0000000E+00   0.0000000E+00
   1.5387667E+03   0.0000000E+00   0.0000000E+00   0.0000000E+00   0.0000000E+00
   1.5387742E+03   0.0000000E+00   0.0000000E+00   0.0000000E+00   0.0000000E+00
   1.5387817E+03   0.0000000E+00   0.0000000E+00   0.0000000E+00   0.0000000E+00
   1.5387893E+03   0.0000000E+00   0.0000000E+00   0.0000000E+00   0.0000000E+00
   1.5387968E+03   0.0000000E+00   0.0000000E+00   0.0000000E+00   0.0000000E+00
   1.5388043E+03   0.0000000E+00   0.0000000E+00   0.0000000E+00   0.0000000E+00
   1.5388119E+03   0.0000000E+00   0.0000000E+00   0.0000000E+00   0.0000000E+00
   1.5388194E+03   0.0000000E+00   0.0000000E+00   0.0000000E+00   0.0000000E+00
   1.5388269E+03   0.0000000E+00   0.0000000E+00   0.0000000E+00   0.0000000E+00
   1.5388344E+03   0.0000000E+00   0.0000000E+00   0.0000000E+00   0.0000000E+00
   1.5388420E+03   0.0000000E+00   0.0000000E+00   0.0000000E+00   0.0000000E+00
   1.5388495E+03   0.0000000E+00   0.0000000E+00   0.0000000E+00   0.0000000E+00
   1.5388570E+03   0.0000000E+00   0.0000000E+00   0.0000000E+00   0.0000000E+00
   1.5388646E+03   0.0000000E+00   0.0000000E+00   0.0000000E+00   0.0000000E+00
   1.5388721E+03   0.0000000E+00   0.0000000E+00   0.0000000E+00   0.0000000E+00
   1.5388796E+03   0.0000000E+00   0.0000000E+00   0.0000000E+00   0.0000000E+00
   1.5388871E+03   0.0000000E+00   0.0000000E+00   0.0000000E+00   0.0000000E+00
   1.5388947E+03   0.0000000E+00   0.0000000E+00   0.0000000E+00   0.0000000E+00
   1.5389022E+03   0.0000000E+00   0.0000000E+00   0.0000000E+00   0.0000000E+00
   1.5389097E+03   0.0000000E+00   0.0000000E+00   0.0000000E+00   0.0000000E+00
   1.5389172E+03   0.0000000E+00   0.0000000E+00   0.0000000E+00   0.0000000E+00
   1.5389248E+03   0.0000000E+00   0.0000000E+00   0.0000000E+00   0.0000000E+00
   1.5389323E+03   0.0000000E+00   0.0000000E+00   0.0000000E+00   0.0000000E+00
   1.5389398E+03   0.0000000E+00   0.0000000E+00   0.0000000E+00   0.0000000E+00
   1.5389474E+03   0.0000000E+00   0.0000000E+00   0.0000000E+00   0.0000000E+00
   1.5389549E+03   0.0000000E+00   0.0000000E+00   0.0000000E+00   0.0000000E+00
   1.5389624E+03   0.0000000E+00   0.0000000E+00   0.0000000E+00   0.0000000E+00
   1.5389699E+03   0.0000000E+00   0.0000000E+00   0.0000000E+00   0.0000000E+00
   1.5389775E+03   0.0000000E+00   0.0000000E+00   0.0000000E+00   0.0000000E+00
   1.5389850E+03   0.0000000E+00   0.0000000E+00   0.0000000E+00   0.0000000E+00
   1.5389925E+03   0.0000000E+00   0.0000000E+00   0.0000000E+00   0.0000000E+00
   1.5390001E+03   0.0000000E+00   0.0000000E+00   0.0000000E+00   0.0000000E+00
   1.5390076E+03   0.0000000E+00   0.0000000E+00   0.0000000E+00   0.0000000E+00
   1.5390151E+03   0.0000000E+00   0.0000000E+00   0.0000000E+00   0.0000000E+00
   1.5390226E+03   0.0000000E+00   0.0000000E+00   0.0000000E+00   0.0000000E+00
   1.5390302E+03   0.0000000E+00   0.0000000E+00   0.0000000E+00   0.0000000E+00
   1.5390377E+03   0.0000000E+00   0.0000000E+00   0.0000000E+00   0.0000000E+00
   1.5390452E+03   0.0000000E+00   0.0000000E+00   0.0000000E+00   0.0000000E+00
   1.5390528E+03   0.0000000E+00   0.0000000E+00   0.0000000E+00   0.0000000E+00
   1.5390603E+03   0.0000000E+00   0.0000000E+00   0.0000000E+00   0.0000000E+00
   1.5390678E+03   0.0000000E+00   0.0000000E+00   0.0000000E+00   0.0000000E+00
   1.5390753E+03   0.0000000E+00   0.0000000E+00   0.0000000E+00   0.0000000E+00
   1.5390829E+03   0.0000000E+00   0.0000000E+00   0.0000000E+00   0.0000000E+00
   1.5390904E+03   0.0000000E+00   0.0000000E+00   0.0000000E+00   0.0000000E+00
   1.5390979E+03   0.0000000E+00   0.0000000E+00   0.0000000E+00   0.0000000E+00
   1.5391055E+03   0.0000000E+00   0.0000000E+00   0.0000000E+00   0.0000000E+00
   1.5391130E+03   0.0000000E+00   0.0000000E+00   0.0000000E+00   0.0000000E+00
   1.5391205E+03   0.0000000E+00   0.0000000E+00   0.0000000E+00   0.0000000E+00
   1.5391280E+03   0.0000000E+00   0.0000000E+00   0.0000000E+00   0.0000000E+00
   1.5391356E+03   0.0000000E+00   0.0000000E+00   0.0000000E+00   0.0000000E+00
   1.5391431E+03   0.0000000E+00   0.0000000E+00   0.0000000E+00   0.0000000E+00
   1.5391506E+03   0.0000000E+00   0.0000000E+00   0.0000000E+00   0.0000000E+00
   1.5391582E+03   0.0000000E+00   0.0000000E+00   0.0000000E+00   0.0000000E+00
   1.5391657E+03   0.0000000E+00   0.0000000E+00   0.0000000E+00   0.0000000E+00
   1.5391732E+03   0.0000000E+00   0.0000000E+00   0.0000000E+00   0.0000000E+00
   1.5391807E+03   0.0000000E+00   0.0000000E+00   0.0000000E+00   0.0000000E+00
   1.5391883E+03   0.0000000E+00   0.0000000E+00   0.0000000E+00   0.0000000E+00
   1.5391958E+03   0.0000000E+00   0.0000000E+00   0.0000000E+00   0.0000000E+00
   1.5392033E+03   0.0000000E+00   0.0000000E+00   0.0000000E+00   0.0000000E+00
   1.5392109E+03   0.0000000E+00   0.0000000E+00   0.0000000E+00   0.0000000E+00
   1.5392184E+03   0.0000000E+00   0.0000000E+00   0.0000000E+00   0.0000000E+00
   1.5392259E+03   0.0000000E+00   0.0000000E+00   0.0000000E+00   0.0000000E+00
   1.5392334E+03   0.0000000E+00   0.0000000E+00   0.0000000E+00   0.0000000E+00
   1.5392410E+03   0.0000000E+00   0.0000000E+00   0.0000000E+00   0.0000000E+00
   1.5392485E+03   0.0000000E+00   0.0000000E+00   0.0000000E+00   0.0000000E+00
   1.5392560E+03   0.0000000E+00   0.0000000E+00   0.0000000E+00   0.0000000E+00
   1.5392636E+03   0.0000000E+00   0.0000000E+00   0.0000000E+00   0.0000000E+00
   1.5392711E+03   0.0000000E+00   0.0000000E+00   0.0000000E+00   0.0000000E+00
   1.5392786E+03   0.0000000E+00   0.0000000E+00   0.0000000E+00   0.0000000E+00
   1.5392861E+03   0.0000000E+00   0.0000000E+00   0.0000000E+00   0.0000000E+00
   1.5392937E+03   0.0000000E+00   0.0000000E+00   0.0000000E+00   0.0000000E+00
   1.5393012E+03   0.0000000E+00   0.0000000E+00   0.0000000E+00   0.0000000E+00
   1.5393087E+03   0.0000000E+00   0.0000000E+00   0.0000000E+00   0.0000000E+00
   1.5393162E+03   0.0000000E+00   0.0000000E+00   0.0000000E+00   0.0000000E+00
   1.5393238E+03   0.0000000E+00   0.0000000E+00   0.0000000E+00   0.0000000E+00
   1.5393313E+03   0.0000000E+00   0.0000000E+00   0.0000000E+00   0.0000000E+00
   1.5393388E+03   0.0000000E+00   0.0000000E+00   0.0000000E+00   0.0000000E+00
   1.5393464E+03   0.0000000E+00   0.0000000E+00   0.0000000E+00   0.0000000E+00
   1.5393539E+03   0.0000000E+00   0.0000000E+00   0.0000000E+00   0.0000000E+00
   1.5393614E+03   0.0000000E+00   0.0000000E+00   0.0000000E+00   0.0000000E+00
   1.5393689E+03   0.0000000E+00   0.0000000E+00   0.0000000E+00   0.0000000E+00
   1.5393765E+03   0.0000000E+00   0.0000000E+00   0.0000000E+00   0.0000000E+00
   1.5393840E+03   0.0000000E+00   0.0000000E+00   0.0000000E+00   0.0000000E+00
   1.5393915E+03   0.0000000E+00   0.0000000E+00   0.0000000E+00   0.0000000E+00
   1.5393991E+03   0.0000000E+00   0.0000000E+00   0.0000000E+00   0.0000000E+00
   1.5394066E+03   0.0000000E+00   0.0000000E+00   0.0000000E+00   0.0000000E+00
   1.5394141E+03   0.0000000E+00   0.0000000E+00   0.0000000E+00   0.0000000E+00
   1.5394216E+03   0.0000000E+00   0.0000000E+00   0.0000000E+00   0.0000000E+00
   1.5394292E+03   0.0000000E+00   0.0000000E+00   0.0000000E+00   0.0000000E+00
   1.5394367E+03   0.0000000E+00   0.0000000E+00   0.0000000E+00   0.0000000E+00
   1.5394442E+03   0.0000000E+00   0.0000000E+00   0.0000000E+00   0.0000000E+00
   1.5394518E+03   0.0000000E+00   0.0000000E+00   0.0000000E+00   0.0000000E+00
   1.5394593E+03   0.0000000E+00   0.0000000E+00   0.0000000E+00   0.0000000E+00
   1.5394668E+03   0.0000000E+00   0.0000000E+00   0.0000000E+00   0.0000000E+00
   1.5394743E+03   0.0000000E+00   0.0000000E+00   0.0000000E+00   0.0000000E+00
   1.5394819E+03   0.0000000E+00   0.0000000E+00   0.0000000E+00   0.0000000E+00
   1.5394894E+03   0.0000000E+00   0.0000000E+00   0.0000000E+00   0.0000000E+00
   1.5394969E+03   0.0000000E+00   0.0000000E+00   0.0000000E+00   0.0000000E+00
   1.5395045E+03   0.0000000E+00   0.0000000E+00   0.0000000E+00   0.0000000E+00
   1.5395120E+03   0.0000000E+00   0.0000000E+00   0.0000000E+00   0.0000000E+00
   1.5395195E+03   0.0000000E+00   0.0000000E+00   0.0000000E+00   0.0000000E+00
   1.5395270E+03   0.0000000E+00   0.0000000E+00   0.0000000E+00   0.0000000E+00
   1.5395346E+03   0.0000000E+00   0.0000000E+00   0.0000000E+00   0.0000000E+00
   1.5395421E+03   0.0000000E+00   0.0000000E+00   0.0000000E+00   0.0000000E+00
   1.5395496E+03   0.0000000E+00   0.0000000E+00   0.0000000E+00   0.0000000E+00
   1.5395572E+03   0.0000000E+00   0.0000000E+00   0.0000000E+00   0.0000000E+00
   1.5395647E+03   0.0000000E+00   0.0000000E+00   0.0000000E+00   0.0000000E+00
   1.5395722E+03   0.0000000E+00   0.0000000E+00   0.0000000E+00   0.0000000E+00
   1.5395797E+03   0.0000000E+00   0.0000000E+00   0.0000000E+00   0.0000000E+00
   1.5395873E+03   0.0000000E+00   0.0000000E+00   0.0000000E+00   0.0000000E+00
   1.5395948E+03   0.0000000E+00   0.0000000E+00   0.0000000E+00   0.0000000E+00
   1.5396023E+03   0.0000000E+00   0.0000000E+00   0.0000000E+00   0.0000000E+00
   1.5396099E+03   0.0000000E+00   0.0000000E+00   0.0000000E+00   0.0000000E+00
   1.5396174E+03   0.0000000E+00   0.0000000E+00   0.0000000E+00   0.0000000E+00
   1.5396249E+03   0.0000000E+00   0.0000000E+00   0.0000000E+00   0.0000000E+00
   1.5396324E+03   0.0000000E+00   0.0000000E+00   0.0000000E+00   0.0000000E+00
   1.5396400E+03   0.0000000E+00   0.0000000E+00   0.0000000E+00   0.0000000E+00
   1.5396475E+03   0.0000000E+00   0.0000000E+00   0.0000000E+00   0.0000000E+00
   1.5396550E+03   0.0000000E+00   0.0000000E+00   0.0000000E+00   0.0000000E+00
   1.5396626E+03   0.0000000E+00   0.0000000E+00   0.0000000E+00   0.0000000E+00
   1.5396701E+03   0.0000000E+00   0.0000000E+00   0.0000000E+00   0.0000000E+00
   1.5396776E+03   0.0000000E+00   0.0000000E+00   0.0000000E+00   0.0000000E+00
   1.5396851E+03   0.0000000E+00   0.0000000E+00   0.0000000E+00   0.0000000E+00
   1.5396927E+03   0.0000000E+00   0.0000000E+00   0.0000000E+00   0.0000000E+00
   1.5397002E+03   0.0000000E+00   0.0000000E+00   0.0000000E+00   0.0000000E+00
   1.5397077E+03   0.0000000E+00   0.0000000E+00   0.0000000E+00   0.0000000E+00
   1.5397153E+03   0.0000000E+00   0.0000000E+00   0.0000000E+00   0.0000000E+00
   1.5397228E+03   0.0000000E+00   0.0000000E+00   0.0000000E+00   0.0000000E+00
   1.5397303E+03   0.0000000E+00   0.0000000E+00   0.0000000E+00   0.0000000E+00
   1.5397378E+03   0.0000000E+00   0.0000000E+00   0.0000000E+00   0.0000000E+00
   1.5397454E+03   0.0000000E+00   0.0000000E+00   0.0000000E+00   0.0000000E+00
   1.5397529E+03   0.0000000E+00   0.0000000E+00   0.0000000E+00   0.0000000E+00
   1.5397604E+03   0.0000000E+00   0.0000000E+00   0.0000000E+00   0.0000000E+00
   1.5397679E+03   0.0000000E+00   0.0000000E+00   0.0000000E+00   0.0000000E+00
   1.5397755E+03   0.0000000E+00   0.0000000E+00   0.0000000E+00   0.0000000E+00
   1.5397830E+03   0.0000000E+00   0.0000000E+00   0.0000000E+00   0.0000000E+00
   1.5397905E+03   0.0000000E+00   0.0000000E+00   0.0000000E+00   0.0000000E+00
   1.5397981E+03   0.0000000E+00   0.0000000E+00   0.0000000E+00   0.0000000E+00
   1.5398056E+03   0.0000000E+00   0.0000000E+00   0.0000000E+00   0.0000000E+00
   1.5398131E+03   0.0000000E+00   0.0000000E+00   0.0000000E+00   0.0000000E+00
   1.5398206E+03   0.0000000E+00   0.0000000E+00   0.0000000E+00   0.0000000E+00
   1.5398282E+03   0.0000000E+00   0.0000000E+00   0.0000000E+00   0.0000000E+00
   1.5398357E+03   0.0000000E+00   0.0000000E+00   0.0000000E+00   0.0000000E+00
   1.5398432E+03   0.0000000E+00   0.0000000E+00   0.0000000E+00   0.0000000E+00
   1.5398508E+03   0.0000000E+00   0.0000000E+00   0.0000000E+00   0.0000000E+00
   1.5398583E+03   0.0000000E+00   0.0000000E+00   0.0000000E+00   0.0000000E+00
   1.5398658E+03   0.0000000E+00   0.0000000E+00   0.0000000E+00   0.0000000E+00
   1.5398733E+03   0.0000000E+00   0.0000000E+00   0.0000000E+00   0.0000000E+00
   1.5398809E+03   0.0000000E+00   0.0000000E+00   0.0000000E+00   0.0000000E+00
   1.5398884E+03   0.0000000E+00   0.0000000E+00   0.0000000E+00   0.0000000E+00
   1.5398959E+03   0.0000000E+00   0.0000000E+00   0.0000000E+00   0.0000000E+00
   1.5399035E+03   0.0000000E+00   0.0000000E+00   0.0000000E+00   0.0000000E+00
   1.5399110E+03   0.0000000E+00   0.0000000E+00   0.0000000E+00   0.0000000E+00
   1.5399185E+03   0.0000000E+00   0.0000000E+00   0.0000000E+00   0.0000000E+00
   1.5399260E+03   0.0000000E+00   0.0000000E+00   0.0000000E+00   0.0000000E+00
   1.5399336E+03   0.0000000E+00   0.0000000E+00   0.0000000E+00   0.0000000E+00
   1.5399411E+03   0.0000000E+00   0.0000000E+00   0.0000000E+00   0.0000000E+00
   1.5399486E+03   0.0000000E+00   0.0000000E+00   0.0000000E+00   0.0000000E+00
   1.5399562E+03   0.0000000E+00   0.0000000E+00   0.0000000E+00   0.0000000E+00
   1.5399637E+03   0.0000000E+00   0.0000000E+00   0.0000000E+00   0.0000000E+00
   1.5399712E+03   0.0000000E+00   0.0000000E+00   0.0000000E+00   0.0000000E+00
   1.5399787E+03   0.0000000E+00   0.0000000E+00   0.0000000E+00   0.0000000E+00
   1.5399863E+03   0.0000000E+00   0.0000000E+00   0.0000000E+00   0.0000000E+00
   1.5399938E+03   0.0000000E+00   0.0000000E+00   0.0000000E+00   0.0000000E+00
   1.5400013E+03   0.0000000E+00   0.0000000E+00   0.0000000E+00   0.0000000E+00
   1.5400089E+03   0.0000000E+00   0.0000000E+00   0.0000000E+00   0.0000000E+00
   1.5400164E+03   0.0000000E+00   0.0000000E+00   0.0000000E+00   0.0000000E+00
   1.5400239E+03   0.0000000E+00   0.0000000E+00   0.0000000E+00   0.0000000E+00
   1.5400314E+03   0.0000000E+00   0.0000000E+00   0.0000000E+00   0.0000000E+00
   1.5400390E+03   0.0000000E+00   0.0000000E+00   0.0000000E+00   0.0000000E+00
   1.5400465E+03   0.0000000E+00   0.0000000E+00   0.0000000E+00   0.0000000E+00
   1.5400540E+03   0.0000000E+00   0.0000000E+00   0.0000000E+00   0.0000000E+00
   1.5400616E+03   0.0000000E+00   0.0000000E+00   0.0000000E+00   0.0000000E+00
   1.5400691E+03   0.0000000E+00   0.0000000E+00   0.0000000E+00   0.0000000E+00
   1.5400766E+03   0.0000000E+00   0.0000000E+00   0.0000000E+00   0.0000000E+00
   1.5400841E+03   0.0000000E+00   0.0000000E+00   0.0000000E+00   0.0000000E+00
   1.5400917E+03   0.0000000E+00   0.0000000E+00   0.0000000E+00   0.0000000E+00
   1.5400992E+03   0.0000000E+00   0.0000000E+00   0.0000000E+00   0.0000000E+00
   1.5401067E+03   0.0000000E+00   0.0000000E+00   0.0000000E+00   0.0000000E+00
   1.5401143E+03   0.0000000E+00   0.0000000E+00   0.0000000E+00   0.0000000E+00
   1.5401218E+03   0.0000000E+00   0.0000000E+00   0.0000000E+00   0.0000000E+00
   1.5401293E+03   0.0000000E+00   0.0000000E+00   0.0000000E+00   0.0000000E+00
   1.5401368E+03   0.0000000E+00   0.0000000E+00   0.0000000E+00   0.0000000E+00
   1.5401444E+03   0.0000000E+00   0.0000000E+00   0.0000000E+00   0.0000000E+00
   1.5401519E+03   0.0000000E+00   0.0000000E+00   0.0000000E+00   0.0000000E+00
   1.5401594E+03   0.0000000E+00   0.0000000E+00   0.0000000E+00   0.0000000E+00
   1.5401670E+03   0.0000000E+00   0.0000000E+00   0.0000000E+00   0.0000000E+00
   1.5401745E+03   0.0000000E+00   0.0000000E+00   0.0000000E+00   0.0000000E+00
   1.5401820E+03   0.0000000E+00   0.0000000E+00   0.0000000E+00   0.0000000E+00
   1.5401895E+03   0.0000000E+00   0.0000000E+00   0.0000000E+00   0.0000000E+00
   1.5401971E+03   0.0000000E+00   0.0000000E+00   0.0000000E+00   0.0000000E+00
   1.5402046E+03   0.0000000E+00   0.0000000E+00   0.0000000E+00   0.0000000E+00
   1.5402121E+03   0.0000000E+00   0.0000000E+00   0.0000000E+00   0.0000000E+00
   1.5402197E+03   0.0000000E+00   0.0000000E+00   0.0000000E+00   0.0000000E+00
   1.5402272E+03   0.0000000E+00   0.0000000E+00   0.0000000E+00   0.0000000E+00
   1.5402347E+03   0.0000000E+00   0.0000000E+00   0.0000000E+00   0.0000000E+00
   1.5402422E+03   0.0000000E+00   0.0000000E+00   0.0000000E+00   0.0000000E+00
   1.5402498E+03   0.0000000E+00   0.0000000E+00   0.0000000E+00   0.0000000E+00
   1.5402573E+03   0.0000000E+00   0.0000000E+00   0.0000000E+00   0.0000000E+00
   1.5402648E+03   0.0000000E+00   0.0000000E+00   0.0000000E+00   0.0000000E+00
   1.5402723E+03   0.0000000E+00   0.0000000E+00   0.0000000E+00   0.0000000E+00
   1.5402799E+03   0.0000000E+00   0.0000000E+00   0.0000000E+00   0.0000000E+00
   1.5402874E+03   0.0000000E+00   0.0000000E+00   0.0000000E+00   0.0000000E+00
   1.5402949E+03   0.0000000E+00   0.0000000E+00   0.0000000E+00   0.0000000E+00
   1.5403025E+03   0.0000000E+00   0.0000000E+00   0.0000000E+00   0.0000000E+00
   1.5403100E+03   0.0000000E+00   0.0000000E+00   0.0000000E+00   0.0000000E+00
   1.5403175E+03   0.0000000E+00   0.0000000E+00   0.0000000E+00   0.0000000E+00
   1.5403250E+03   0.0000000E+00   0.0000000E+00   0.0000000E+00   0.0000000E+00
   1.5403326E+03   0.0000000E+00   0.0000000E+00   0.0000000E+00   0.0000000E+00
   1.5403401E+03   0.0000000E+00   0.0000000E+00   0.0000000E+00   0.0000000E+00
   1.5403476E+03   0.0000000E+00   0.0000000E+00   0.0000000E+00   0.0000000E+00
   1.5403552E+03   0.0000000E+00   0.0000000E+00   0.0000000E+00   0.0000000E+00
   1.5403627E+03   0.0000000E+00   0.0000000E+00   0.0000000E+00   0.0000000E+00
   1.5403702E+03   0.0000000E+00   0.0000000E+00   0.0000000E+00   0.0000000E+00
   1.5403777E+03   0.0000000E+00   0.0000000E+00   0.0000000E+00   0.0000000E+00
   1.5403853E+03   0.0000000E+00   0.0000000E+00   0.0000000E+00   0.0000000E+00
   1.5403928E+03   0.0000000E+00   0.0000000E+00   0.0000000E+00   0.0000000E+00
   1.5404003E+03   0.0000000E+00   0.0000000E+00   0.0000000E+00   0.0000000E+00
   1.5404079E+03   0.0000000E+00   0.0000000E+00   0.0000000E+00   0.0000000E+00
   1.5404154E+03   0.0000000E+00   0.0000000E+00   0.0000000E+00   0.0000000E+00
   1.5404229E+03   0.0000000E+00   0.0000000E+00   0.0000000E+00   0.0000000E+00
   1.5404304E+03   0.0000000E+00   0.0000000E+00   0.0000000E+00   0.0000000E+00
   1.5404380E+03   0.0000000E+00   0.0000000E+00   0.0000000E+00   0.0000000E+00
   1.5404455E+03   0.0000000E+00   0.0000000E+00   0.0000000E+00   0.0000000E+00
   1.5404530E+03   0.0000000E+00   0.0000000E+00   0.0000000E+00   0.0000000E+00
   1.5404606E+03   0.0000000E+00   0.0000000E+00   0.0000000E+00   0.0000000E+00
   1.5404681E+03   0.0000000E+00   0.0000000E+00   0.0000000E+00   0.0000000E+00
   1.5404756E+03   0.0000000E+00   0.0000000E+00   0.0000000E+00   0.0000000E+00
   1.5404831E+03   0.0000000E+00   0.0000000E+00   0.0000000E+00   0.0000000E+00
   1.5404907E+03   0.0000000E+00   0.0000000E+00   0.0000000E+00   0.0000000E+00
   1.5404982E+03   0.0000000E+00   0.0000000E+00   0.0000000E+00   0.0000000E+00
   1.5405057E+03   0.0000000E+00   0.0000000E+00   0.0000000E+00   0.0000000E+00
   1.5405133E+03   0.0000000E+00   0.0000000E+00   0.0000000E+00   0.0000000E+00
   1.5405208E+03   0.0000000E+00   0.0000000E+00   0.0000000E+00   0.0000000E+00
   1.5405283E+03   0.0000000E+00   0.0000000E+00   0.0000000E+00   0.0000000E+00
   1.5405358E+03   0.0000000E+00   0.0000000E+00   0.0000000E+00   0.0000000E+00
   1.5405434E+03   0.0000000E+00   0.0000000E+00   0.0000000E+00   0.0000000E+00
   1.5405509E+03   0.0000000E+00   0.0000000E+00   0.0000000E+00   0.0000000E+00
   1.5405584E+03   0.0000000E+00   0.0000000E+00   0.0000000E+00   0.0000000E+00
   1.5405660E+03   0.0000000E+00   0.0000000E+00   0.0000000E+00   0.0000000E+00
   1.5405735E+03   0.0000000E+00   0.0000000E+00   0.0000000E+00   0.0000000E+00
   1.5405810E+03   0.0000000E+00   0.0000000E+00   0.0000000E+00   0.0000000E+00
   1.5405885E+03   0.0000000E+00   0.0000000E+00   0.0000000E+00   0.0000000E+00
   1.5405961E+03   0.0000000E+00   0.0000000E+00   0.0000000E+00   0.0000000E+00
   1.5406036E+03   0.0000000E+00   0.0000000E+00   0.0000000E+00   0.0000000E+00
   1.5406111E+03   0.0000000E+00   0.0000000E+00   0.0000000E+00   0.0000000E+00
   1.5406187E+03   0.0000000E+00   0.0000000E+00   0.0000000E+00   0.0000000E+00
   1.5406262E+03   0.0000000E+00   0.0000000E+00   0.0000000E+00   0.0000000E+00
   1.5406337E+03   0.0000000E+00   0.0000000E+00   0.0000000E+00   0.0000000E+00
   1.5406412E+03   0.0000000E+00   0.0000000E+00   0.0000000E+00   0.0000000E+00
   1.5406488E+03   0.0000000E+00   0.0000000E+00   0.0000000E+00   0.0000000E+00
   1.5406563E+03   0.0000000E+00   0.0000000E+00   0.0000000E+00   0.0000000E+00
   1.5406638E+03   0.0000000E+00   0.0000000E+00   0.0000000E+00   0.0000000E+00
   1.5406713E+03   0.0000000E+00   0.0000000E+00   0.0000000E+00   0.0000000E+00
   1.5406789E+03   0.0000000E+00   0.0000000E+00   0.0000000E+00   0.0000000E+00
   1.5406864E+03   0.0000000E+00   0.0000000E+00   0.0000000E+00   0.0000000E+00
   1.5406939E+03   0.0000000E+00   0.0000000E+00   0.0000000E+00   0.0000000E+00
   1.5407015E+03   0.0000000E+00   0.0000000E+00   0.0000000E+00   0.0000000E+00
   1.5407090E+03   0.0000000E+00   0.0000000E+00   0.0000000E+00   0.0000000E+00
   1.5407165E+03   0.0000000E+00   0.0000000E+00   0.0000000E+00   0.0000000E+00
   1.5407240E+03   0.0000000E+00   0.0000000E+00   0.0000000E+00   0.0000000E+00
   1.5407316E+03   0.0000000E+00   0.0000000E+00   0.0000000E+00   0.0000000E+00
   1.5407391E+03   0.0000000E+00   0.0000000E+00   0.0000000E+00   0.0000000E+00
   1.5407466E+03   0.0000000E+00   0.0000000E+00   0.0000000E+00   0.0000000E+00
   1.5407542E+03   0.0000000E+00   0.0000000E+00   0.0000000E+00   0.0000000E+00
   1.5407617E+03   0.0000000E+00   0.0000000E+00   0.0000000E+00   0.0000000E+00
   1.5407692E+03   0.0000000E+00   0.0000000E+00   0.0000000E+00   0.0000000E+00
   1.5407767E+03   0.0000000E+00   0.0000000E+00   0.0000000E+00   0.0000000E+00
   1.5407843E+03   0.0000000E+00   0.0000000E+00   0.0000000E+00   0.0000000E+00
   1.5407918E+03   0.0000000E+00   0.0000000E+00   0.0000000E+00   0.0000000E+00
   1.5407993E+03   0.0000000E+00   0.0000000E+00   0.0000000E+00   0.0000000E+00
   1.5408069E+03   0.0000000E+00   0.0000000E+00   0.0000000E+00   0.0000000E+00
   1.5408144E+03   0.0000000E+00   0.0000000E+00   0.0000000E+00   0.0000000E+00
   1.5408219E+03   0.0000000E+00   0.0000000E+00   0.0000000E+00   0.0000000E+00
   1.5408294E+03   0.0000000E+00   0.0000000E+00   0.0000000E+00   0.0000000E+00
   1.5408370E+03   0.0000000E+00   0.0000000E+00   0.0000000E+00   0.0000000E+00
   1.5408445E+03   0.0000000E+00   0.0000000E+00   0.0000000E+00   0.0000000E+00
   1.5408520E+03   0.0000000E+00   0.0000000E+00   0.0000000E+00   0.0000000E+00
   1.5408596E+03   0.0000000E+00   0.0000000E+00   0.0000000E+00   0.0000000E+00
   1.5408671E+03   0.0000000E+00   0.0000000E+00   0.0000000E+00   0.0000000E+00
   1.5408746E+03   0.0000000E+00   0.0000000E+00   0.0000000E+00   0.0000000E+00
   1.5408821E+03   0.0000000E+00   0.0000000E+00   0.0000000E+00   0.0000000E+00
   1.5408897E+03   0.0000000E+00   0.0000000E+00   0.0000000E+00   0.0000000E+00
   1.5408972E+03   0.0000000E+00   0.0000000E+00   0.0000000E+00   0.0000000E+00
   1.5409047E+03   0.0000000E+00   0.0000000E+00   0.0000000E+00   0.0000000E+00
   1.5409123E+03   0.0000000E+00   0.0000000E+00   0.0000000E+00   0.0000000E+00
   1.5409198E+03   0.0000000E+00   0.0000000E+00   0.0000000E+00   0.0000000E+00
   1.5409273E+03   0.0000000E+00   0.0000000E+00   0.0000000E+00   0.0000000E+00
   1.5409348E+03   0.0000000E+00   0.0000000E+00   0.0000000E+00   0.0000000E+00
   1.5409424E+03   0.0000000E+00   0.0000000E+00   0.0000000E+00   0.0000000E+00
   1.5409499E+03   0.0000000E+00   0.0000000E+00   0.0000000E+00   0.0000000E+00
   1.5409574E+03   0.0000000E+00   0.0000000E+00   0.0000000E+00   0.0000000E+00
   1.5409650E+03   0.0000000E+00   0.0000000E+00   0.0000000E+00   0.0000000E+00
   1.5409725E+03   0.0000000E+00   0.0000000E+00   0.0000000E+00   0.0000000E+00
   1.5409800E+03   0.0000000E+00   0.0000000E+00   0.0000000E+00   0.0000000E+00
   1.5409875E+03   0.0000000E+00   0.0000000E+00   0.0000000E+00   0.0000000E+00
   1.5409951E+03   0.0000000E+00   0.0000000E+00   0.0000000E+00   0.0000000E+00
   1.5410026E+03   0.0000000E+00   0.0000000E+00   0.0000000E+00   0.0000000E+00
   1.5410101E+03   0.0000000E+00   0.0000000E+00   0.0000000E+00   0.0000000E+00
   1.5410177E+03   0.0000000E+00   0.0000000E+00   0.0000000E+00   0.0000000E+00
   1.5410252E+03   0.0000000E+00   0.0000000E+00   0.0000000E+00   0.0000000E+00
   1.5410327E+03   0.0000000E+00   0.0000000E+00   0.0000000E+00   0.0000000E+00
   1.5410402E+03   0.0000000E+00   0.0000000E+00   0.0000000E+00   0.0000000E+00
   1.5410478E+03   0.0000000E+00   0.0000000E+00   0.0000000E+00   0.0000000E+00
   1.5410553E+03   0.0000000E+00   0.0000000E+00   0.0000000E+00   0.0000000E+00
   1.5410628E+03   0.0000000E+00   0.0000000E+00   0.0000000E+00   0.0000000E+00
   1.5410704E+03   0.0000000E+00   0.0000000E+00   0.0000000E+00   0.0000000E+00
   1.5410779E+03   0.0000000E+00   0.0000000E+00   0.0000000E+00   0.0000000E+00
   1.5410854E+03   0.0000000E+00   0.0000000E+00   0.0000000E+00   0.0000000E+00
   1.5410929E+03   0.0000000E+00   0.0000000E+00   0.0000000E+00   0.0000000E+00
   1.5411005E+03   0.0000000E+00   0.0000000E+00   0.0000000E+00   0.0000000E+00
   1.5411080E+03   0.0000000E+00   0.0000000E+00   0.0000000E+00   0.0000000E+00
   1.5411155E+03   0.0000000E+00   0.0000000E+00   0.0000000E+00   0.0000000E+00
   1.5411230E+03   0.0000000E+00   0.0000000E+00   0.0000000E+00   0.0000000E+00
   1.5411306E+03   0.0000000E+00   0.0000000E+00   0.0000000E+00   0.0000000E+00
   1.5411381E+03   0.0000000E+00   0.0000000E+00   0.0000000E+00   0.0000000E+00
   1.5411456E+03   0.0000000E+00   0.0000000E+00   0.0000000E+00   0.0000000E+00
   1.5411532E+03   0.0000000E+00   0.0000000E+00   0.0000000E+00   0.0000000E+00
   1.5411607E+03   0.0000000E+00   0.0000000E+00   0.0000000E+00   0.0000000E+00
   1.5411682E+03   0.0000000E+00   0.0000000E+00   0.0000000E+00   0.0000000E+00
   1.5411757E+03   0.0000000E+00   0.0000000E+00   0.0000000E+00   0.0000000E+00
   1.5411833E+03   0.0000000E+00   0.0000000E+00   0.0000000E+00   0.0000000E+00
   1.5411908E+03   0.0000000E+00   0.0000000E+00   0.0000000E+00   0.0000000E+00
   1.5411983E+03   0.0000000E+00   0.0000000E+00   0.0000000E+00   0.0000000E+00
   1.5412059E+03   0.0000000E+00   0.0000000E+00   0.0000000E+00   0.0000000E+00
   1.5412134E+03   0.0000000E+00   0.0000000E+00   0.0000000E+00   0.0000000E+00
   1.5412209E+03   0.0000000E+00   0.0000000E+00   0.0000000E+00   0.0000000E+00
   1.5412284E+03   0.0000000E+00   0.0000000E+00   0.0000000E+00   0.0000000E+00
   1.5412360E+03   0.0000000E+00   0.0000000E+00   0.0000000E+00   0.0000000E+00
   1.5412435E+03   0.0000000E+00   0.0000000E+00   0.0000000E+00   0.0000000E+00
   1.5412510E+03   0.0000000E+00   0.0000000E+00   0.0000000E+00   0.0000000E+00
   1.5412586E+03   0.0000000E+00   0.0000000E+00   0.0000000E+00   0.0000000E+00
   1.5412661E+03   0.0000000E+00   0.0000000E+00   0.0000000E+00   0.0000000E+00
   1.5412736E+03   0.0000000E+00   0.0000000E+00   0.0000000E+00   0.0000000E+00
   1.5412811E+03   0.0000000E+00   0.0000000E+00   0.0000000E+00   0.0000000E+00
   1.5412887E+03   0.0000000E+00   0.0000000E+00   0.0000000E+00   0.0000000E+00
   1.5412962E+03   0.0000000E+00   0.0000000E+00   0.0000000E+00   0.0000000E+00
   1.5413037E+03   0.0000000E+00   0.0000000E+00   0.0000000E+00   0.0000000E+00
   1.5413113E+03   0.0000000E+00   0.0000000E+00   0.0000000E+00   0.0000000E+00
   1.5413188E+03   0.0000000E+00   0.0000000E+00   0.0000000E+00   0.0000000E+00
   1.5413263E+03   0.0000000E+00   0.0000000E+00   0.0000000E+00   0.0000000E+00
   1.5413338E+03   0.0000000E+00   0.0000000E+00   0.0000000E+00   0.0000000E+00
   1.5413414E+03   0.0000000E+00   0.0000000E+00   0.0000000E+00   0.0000000E+00
   1.5413489E+03   0.0000000E+00   0.0000000E+00   0.0000000E+00   0.0000000E+00
   1.5413564E+03   0.0000000E+00   0.0000000E+00   0.0000000E+00   0.0000000E+00
   1.5413640E+03   0.0000000E+00   0.0000000E+00   0.0000000E+00   0.0000000E+00
   1.5413715E+03   0.0000000E+00   0.0000000E+00   0.0000000E+00   0.0000000E+00
   1.5413790E+03   0.0000000E+00   0.0000000E+00   0.0000000E+00   0.0000000E+00
   1.5413865E+03   0.0000000E+00   0.0000000E+00   0.0000000E+00   0.0000000E+00
   1.5413941E+03   0.0000000E+00   0.0000000E+00   0.0000000E+00   0.0000000E+00
   1.5414016E+03   0.0000000E+00   0.0000000E+00   0.0000000E+00   0.0000000E+00
   1.5414091E+03   0.0000000E+00   0.0000000E+00   0.0000000E+00   0.0000000E+00
   1.5414167E+03   0.0000000E+00   0.0000000E+00   0.0000000E+00   0.0000000E+00
   1.5414242E+03   0.0000000E+00   0.0000000E+00   0.0000000E+00   0.0000000E+00
   1.5414317E+03   0.0000000E+00   0.0000000E+00   0.0000000E+00   0.0000000E+00
   1.5414392E+03   0.0000000E+00   0.0000000E+00   0.0000000E+00   0.0000000E+00
   1.5414468E+03   0.0000000E+00   0.0000000E+00   0.0000000E+00   0.0000000E+00
   1.5414543E+03   0.0000000E+00   0.0000000E+00   0.0000000E+00   0.0000000E+00
   1.5414618E+03   0.0000000E+00   0.0000000E+00   0.0000000E+00   0.0000000E+00
   1.5414694E+03   0.0000000E+00   0.0000000E+00   0.0000000E+00   0.0000000E+00
   1.5414769E+03   0.0000000E+00   0.0000000E+00   0.0000000E+00   0.0000000E+00
   1.5414844E+03   0.0000000E+00   0.0000000E+00   0.0000000E+00   0.0000000E+00
   1.5414919E+03   0.0000000E+00   0.0000000E+00   0.0000000E+00   0.0000000E+00
   1.5414995E+03   0.0000000E+00   0.0000000E+00   0.0000000E+00   0.0000000E+00
   1.5415070E+03   0.0000000E+00   0.0000000E+00   0.0000000E+00   0.0000000E+00
   1.5415145E+03   0.0000000E+00   0.0000000E+00   0.0000000E+00   0.0000000E+00
   1.5415221E+03   0.0000000E+00   0.0000000E+00   0.0000000E+00   0.0000000E+00
   1.5415296E+03   0.0000000E+00   0.0000000E+00   0.0000000E+00   0.0000000E+00
   1.5415371E+03   0.0000000E+00   0.0000000E+00   0.0000000E+00   0.0000000E+00
   1.5415446E+03   0.0000000E+00   0.0000000E+00   0.0000000E+00   0.0000000E+00
   1.5415522E+03   0.0000000E+00   0.0000000E+00   0.0000000E+00   0.0000000E+00
   1.5415597E+03   0.0000000E+00   0.0000000E+00   0.0000000E+00   0.0000000E+00
   1.5415672E+03   0.0000000E+00   0.0000000E+00   0.0000000E+00   0.0000000E+00
   1.5415747E+03   0.0000000E+00   0.0000000E+00   0.0000000E+00   0.0000000E+00
   1.5415823E+03   0.0000000E+00   0.0000000E+00   0.0000000E+00   0.0000000E+00
   1.5415898E+03   0.0000000E+00   0.0000000E+00   0.0000000E+00   0.0000000E+00
   1.5415973E+03   0.0000000E+00   0.0000000E+00   0.0000000E+00   0.0000000E+00
   1.5416049E+03   0.0000000E+00   0.0000000E+00   0.0000000E+00   0.0000000E+00
   1.5416124E+03   0.0000000E+00   0.0000000E+00   0.0000000E+00   0.0000000E+00
   1.5416199E+03   0.0000000E+00   0.0000000E+00   0.0000000E+00   0.0000000E+00
   1.5416274E+03   0.0000000E+00   0.0000000E+00   0.0000000E+00   0.0000000E+00
   1.5416350E+03   0.0000000E+00   0.0000000E+00   0.0000000E+00   0.0000000E+00
   1.5416425E+03   0.0000000E+00   0.0000000E+00   0.0000000E+00   0.0000000E+00
   1.5416500E+03   0.0000000E+00   0.0000000E+00   0.0000000E+00   0.0000000E+00
   1.5416576E+03   0.0000000E+00   0.0000000E+00   0.0000000E+00   0.0000000E+00
   1.5416651E+03   0.0000000E+00   0.0000000E+00   0.0000000E+00   0.0000000E+00
   1.5416726E+03   0.0000000E+00   0.0000000E+00   0.0000000E+00   0.0000000E+00
   1.5416801E+03   0.0000000E+00   0.0000000E+00   0.0000000E+00   0.0000000E+00
   1.5416877E+03   0.0000000E+00   0.0000000E+00   0.0000000E+00   0.0000000E+00
   1.5416952E+03   0.0000000E+00   0.0000000E+00   0.0000000E+00   0.0000000E+00
   1.5417027E+03   0.0000000E+00   0.0000000E+00   0.0000000E+00   0.0000000E+00
   1.5417103E+03   0.0000000E+00   0.0000000E+00   0.0000000E+00   0.0000000E+00
   1.5417178E+03   0.0000000E+00   0.0000000E+00   0.0000000E+00   0.0000000E+00
   1.5417253E+03   0.0000000E+00   0.0000000E+00   0.0000000E+00   0.0000000E+00
   1.5417328E+03   0.0000000E+00   0.0000000E+00   0.0000000E+00   0.0000000E+00
   1.5417404E+03   0.0000000E+00   0.0000000E+00   0.0000000E+00   0.0000000E+00
   1.5417479E+03   0.0000000E+00   0.0000000E+00   0.0000000E+00   0.0000000E+00
   1.5417554E+03   0.0000000E+00   0.0000000E+00   0.0000000E+00   0.0000000E+00
   1.5417630E+03   0.0000000E+00   0.0000000E+00   0.0000000E+00   0.0000000E+00
   1.5417705E+03   0.0000000E+00   0.0000000E+00   0.0000000E+00   0.0000000E+00
   1.5417780E+03   0.0000000E+00   0.0000000E+00   0.0000000E+00   0.0000000E+00
   1.5417855E+03   0.0000000E+00   0.0000000E+00   0.0000000E+00   0.0000000E+00
   1.5417931E+03   0.0000000E+00   0.0000000E+00   0.0000000E+00   0.0000000E+00
   1.5418006E+03   0.0000000E+00   0.0000000E+00   0.0000000E+00   0.0000000E+00
   1.5418081E+03   0.0000000E+00   0.0000000E+00   0.0000000E+00   0.0000000E+00
   1.5418157E+03   0.0000000E+00   0.0000000E+00   0.0000000E+00   0.0000000E+00
   1.5418232E+03   0.0000000E+00   0.0000000E+00   0.0000000E+00   0.0000000E+00
   1.5418307E+03   0.0000000E+00   0.0000000E+00   0.0000000E+00   0.0000000E+00
   1.5418382E+03   0.0000000E+00   0.0000000E+00   0.0000000E+00   0.0000000E+00
   1.5418458E+03   0.0000000E+00   0.0000000E+00   0.0000000E+00   0.0000000E+00
   1.5418533E+03   0.0000000E+00   0.0000000E+00   0.0000000E+00   0.0000000E+00
   1.5418608E+03   0.0000000E+00   0.0000000E+00   0.0000000E+00   0.0000000E+00
   1.5418684E+03   0.0000000E+00   0.0000000E+00   0.0000000E+00   0.0000000E+00
   1.5418759E+03   0.0000000E+00   0.0000000E+00   0.0000000E+00   0.0000000E+00
   1.5418834E+03   0.0000000E+00   0.0000000E+00   0.0000000E+00   0.0000000E+00
   1.5418909E+03   0.0000000E+00   0.0000000E+00   0.0000000E+00   0.0000000E+00
   1.5418985E+03   0.0000000E+00   0.0000000E+00   0.0000000E+00   0.0000000E+00
   1.5419060E+03   0.0000000E+00   0.0000000E+00   0.0000000E+00   0.0000000E+00
   1.5419135E+03   0.0000000E+00   0.0000000E+00   0.0000000E+00   0.0000000E+00
   1.5419211E+03   0.0000000E+00   0.0000000E+00   0.0000000E+00   0.0000000E+00
   1.5419286E+03   0.0000000E+00   0.0000000E+00   0.0000000E+00   0.0000000E+00
   1.5419361E+03   0.0000000E+00   0.0000000E+00   0.0000000E+00   0.0000000E+00
   1.5419436E+03   0.0000000E+00   0.0000000E+00   0.0000000E+00   0.0000000E+00
   1.5419512E+03   0.0000000E+00   0.0000000E+00   0.0000000E+00   0.0000000E+00
   1.5419587E+03   0.0000000E+00   0.0000000E+00   0.0000000E+00   0.0000000E+00
   1.5419662E+03   0.0000000E+00   0.0000000E+00   0.0000000E+00   0.0000000E+00
   1.5419738E+03   0.0000000E+00   0.0000000E+00   0.0000000E+00   0.0000000E+00
   1.5419813E+03   0.0000000E+00   0.0000000E+00   0.0000000E+00   0.0000000E+00
   1.5419888E+03   0.0000000E+00   0.0000000E+00   0.0000000E+00   0.0000000E+00
   1.5419963E+03   0.0000000E+00   0.0000000E+00   0.0000000E+00   0.0000000E+00
   1.5420039E+03   0.0000000E+00   0.0000000E+00   0.0000000E+00   0.0000000E+00
   1.5420114E+03   0.0000000E+00   0.0000000E+00   0.0000000E+00   0.0000000E+00
   1.5420189E+03   0.0000000E+00   0.0000000E+00   0.0000000E+00   0.0000000E+00
   1.5420264E+03   0.0000000E+00   0.0000000E+00   0.0000000E+00   0.0000000E+00
   1.5420340E+03   0.0000000E+00   0.0000000E+00   0.0000000E+00   0.0000000E+00
   1.5420415E+03   0.0000000E+00   0.0000000E+00   0.0000000E+00   0.0000000E+00
   1.5420490E+03   0.0000000E+00   0.0000000E+00   0.0000000E+00   0.0000000E+00
   1.5420566E+03   0.0000000E+00   0.0000000E+00   0.0000000E+00   0.0000000E+00
   1.5420641E+03   0.0000000E+00   0.0000000E+00   0.0000000E+00   0.0000000E+00
   1.5420716E+03   0.0000000E+00   0.0000000E+00   0.0000000E+00   0.0000000E+00
   1.5420791E+03   0.0000000E+00   0.0000000E+00   0.0000000E+00   0.0000000E+00
   1.5420867E+03   0.0000000E+00   0.0000000E+00   0.0000000E+00   0.0000000E+00
   1.5420942E+03   0.0000000E+00   0.0000000E+00   0.0000000E+00   0.0000000E+00
   1.5421017E+03   0.0000000E+00   0.0000000E+00   0.0000000E+00   0.0000000E+00
   1.5421093E+03   0.0000000E+00   0.0000000E+00   0.0000000E+00   0.0000000E+00
   1.5421168E+03   0.0000000E+00   0.0000000E+00   0.0000000E+00   0.0000000E+00
   1.5421243E+03   0.0000000E+00   0.0000000E+00   0.0000000E+00   0.0000000E+00
   1.5421318E+03   0.0000000E+00   0.0000000E+00   0.0000000E+00   0.0000000E+00
   1.5421394E+03   0.0000000E+00   0.0000000E+00   0.0000000E+00   0.0000000E+00
   1.5421469E+03   0.0000000E+00   0.0000000E+00   0.0000000E+00   0.0000000E+00
   1.5421544E+03   0.0000000E+00   0.0000000E+00   0.0000000E+00   0.0000000E+00
   1.5421620E+03   0.0000000E+00   0.0000000E+00   0.0000000E+00   0.0000000E+00
   1.5421695E+03   0.0000000E+00   0.0000000E+00   0.0000000E+00   0.0000000E+00
   1.5421770E+03   0.0000000E+00   0.0000000E+00   0.0000000E+00   0.0000000E+00
   1.5421845E+03   0.0000000E+00   0.0000000E+00   0.0000000E+00   0.0000000E+00
   1.5421921E+03   0.0000000E+00   0.0000000E+00   0.0000000E+00   0.0000000E+00
   1.5421996E+03   0.0000000E+00   0.0000000E+00   0.0000000E+00   0.0000000E+00
   1.5422071E+03   0.0000000E+00   0.0000000E+00   0.0000000E+00   0.0000000E+00
   1.5422147E+03   0.0000000E+00   0.0000000E+00   0.0000000E+00   0.0000000E+00
   1.5422222E+03   0.0000000E+00   0.0000000E+00   0.0000000E+00   0.0000000E+00
   1.5422297E+03   0.0000000E+00   0.0000000E+00   0.0000000E+00   0.0000000E+00
   1.5422372E+03   0.0000000E+00   0.0000000E+00   0.0000000E+00   0.0000000E+00
   1.5422448E+03   0.0000000E+00   0.0000000E+00   0.0000000E+00   0.0000000E+00
   1.5422523E+03   0.0000000E+00   0.0000000E+00   0.0000000E+00   0.0000000E+00
   1.5422598E+03   0.0000000E+00   0.0000000E+00   0.0000000E+00   0.0000000E+00
   1.5422674E+03   0.0000000E+00   0.0000000E+00   0.0000000E+00   0.0000000E+00
   1.5422749E+03   0.0000000E+00   0.0000000E+00   0.0000000E+00   0.0000000E+00
   1.5422824E+03   0.0000000E+00   0.0000000E+00   0.0000000E+00   0.0000000E+00
   1.5422899E+03   0.0000000E+00   0.0000000E+00   0.0000000E+00   0.0000000E+00
   1.5422975E+03   0.0000000E+00   0.0000000E+00   0.0000000E+00   0.0000000E+00
   1.5423050E+03   0.0000000E+00   0.0000000E+00   0.0000000E+00   0.0000000E+00
   1.5423125E+03   0.0000000E+00   0.0000000E+00   0.0000000E+00   0.0000000E+00
   1.5423201E+03   0.0000000E+00   0.0000000E+00   0.0000000E+00   0.0000000E+00
   1.5423276E+03   0.0000000E+00   0.0000000E+00   0.0000000E+00   0.0000000E+00
   1.5423351E+03   0.0000000E+00   0.0000000E+00   0.0000000E+00   0.0000000E+00
   1.5423426E+03   0.0000000E+00   0.0000000E+00   0.0000000E+00   0.0000000E+00
   1.5423502E+03   0.0000000E+00   0.0000000E+00   0.0000000E+00   0.0000000E+00
   1.5423577E+03   0.0000000E+00   0.0000000E+00   0.0000000E+00   0.0000000E+00
   1.5423652E+03   0.0000000E+00   0.0000000E+00   0.0000000E+00   0.0000000E+00
   1.5423728E+03   0.0000000E+00   0.0000000E+00   0.0000000E+00   0.0000000E+00
   1.5423803E+03   0.0000000E+00   0.0000000E+00   0.0000000E+00   0.0000000E+00
   1.5423878E+03   0.0000000E+00   0.0000000E+00   0.0000000E+00   0.0000000E+00
   1.5423953E+03   0.0000000E+00   0.0000000E+00   0.0000000E+00   0.0000000E+00
   1.5424029E+03   0.0000000E+00   0.0000000E+00   0.0000000E+00   0.0000000E+00
   1.5424104E+03   0.0000000E+00   0.0000000E+00   0.0000000E+00   0.0000000E+00
   1.5424179E+03   0.0000000E+00   0.0000000E+00   0.0000000E+00   0.0000000E+00
   1.5424255E+03   0.0000000E+00   0.0000000E+00   0.0000000E+00   0.0000000E+00
   1.5424330E+03   0.0000000E+00   0.0000000E+00   0.0000000E+00   0.0000000E+00
   1.5424405E+03   0.0000000E+00   0.0000000E+00   0.0000000E+00   0.0000000E+00
   1.5424480E+03   0.0000000E+00   0.0000000E+00   0.0000000E+00   0.0000000E+00
   1.5424556E+03   0.0000000E+00   0.0000000E+00   0.0000000E+00   0.0000000E+00
   1.5424631E+03   0.0000000E+00   0.0000000E+00   0.0000000E+00   0.0000000E+00
   1.5424706E+03   0.0000000E+00   0.0000000E+00   0.0000000E+00   0.0000000E+00
   1.5424781E+03   0.0000000E+00   0.0000000E+00   0.0000000E+00   0.0000000E+00
   1.5424857E+03   0.0000000E+00   0.0000000E+00   0.0000000E+00   0.0000000E+00
   1.5424932E+03   0.0000000E+00   0.0000000E+00   0.0000000E+00   0.0000000E+00
   1.5425007E+03   0.0000000E+00   0.0000000E+00   0.0000000E+00   0.0000000E+00
   1.5425083E+03   0.0000000E+00   0.0000000E+00   0.0000000E+00   0.0000000E+00
   1.5425158E+03   0.0000000E+00   0.0000000E+00   0.0000000E+00   0.0000000E+00
   1.5425233E+03   0.0000000E+00   0.0000000E+00   0.0000000E+00   0.0000000E+00
   1.5425308E+03   0.0000000E+00   0.0000000E+00   0.0000000E+00   0.0000000E+00
   1.5425384E+03   0.0000000E+00   0.0000000E+00   0.0000000E+00   0.0000000E+00
   1.5425459E+03   0.0000000E+00   0.0000000E+00   0.0000000E+00   0.0000000E+00
   1.5425534E+03   0.0000000E+00   0.0000000E+00   0.0000000E+00   0.0000000E+00
   1.5425610E+03   0.0000000E+00   0.0000000E+00   0.0000000E+00   0.0000000E+00
   1.5425685E+03   0.0000000E+00   0.0000000E+00   0.0000000E+00   0.0000000E+00
   1.5425760E+03   0.0000000E+00   0.0000000E+00   0.0000000E+00   0.0000000E+00
   1.5425835E+03   0.0000000E+00   0.0000000E+00   0.0000000E+00   0.0000000E+00
   1.5425911E+03   0.0000000E+00   0.0000000E+00   0.0000000E+00   0.0000000E+00
   1.5425986E+03   0.0000000E+00   0.0000000E+00   0.0000000E+00   0.0000000E+00
   1.5426061E+03   0.0000000E+00   0.0000000E+00   0.0000000E+00   0.0000000E+00
   1.5426137E+03   0.0000000E+00   0.0000000E+00   0.0000000E+00   0.0000000E+00
   1.5426212E+03   0.0000000E+00   0.0000000E+00   0.0000000E+00   0.0000000E+00
   1.5426287E+03   0.0000000E+00   0.0000000E+00   0.0000000E+00   0.0000000E+00
   1.5426362E+03   0.0000000E+00   0.0000000E+00   0.0000000E+00   0.0000000E+00
   1.5426438E+03   0.0000000E+00   0.0000000E+00   0.0000000E+00   0.0000000E+00
   1.5426513E+03   0.0000000E+00   0.0000000E+00   0.0000000E+00   0.0000000E+00
   1.5426588E+03   0.0000000E+00   0.0000000E+00   0.0000000E+00   0.0000000E+00
   1.5426664E+03   0.0000000E+00   0.0000000E+00   0.0000000E+00   0.0000000E+00
   1.5426739E+03   0.0000000E+00   0.0000000E+00   0.0000000E+00   0.0000000E+00
   1.5426814E+03   0.0000000E+00   0.0000000E+00   0.0000000E+00   0.0000000E+00
   1.5426889E+03   0.0000000E+00   0.0000000E+00   0.0000000E+00   0.0000000E+00
   1.5426965E+03   0.0000000E+00   0.0000000E+00   0.0000000E+00   0.0000000E+00
   1.5427040E+03   0.0000000E+00   0.0000000E+00   0.0000000E+00   0.0000000E+00
   1.5427115E+03   0.0000000E+00   0.0000000E+00   0.0000000E+00   0.0000000E+00
   1.5427191E+03   0.0000000E+00   0.0000000E+00   0.0000000E+00   0.0000000E+00
   1.5427266E+03   0.0000000E+00   0.0000000E+00   0.0000000E+00   0.0000000E+00
   1.5427341E+03   0.0000000E+00   0.0000000E+00   0.0000000E+00   0.0000000E+00
   1.5427416E+03   0.0000000E+00   0.0000000E+00   0.0000000E+00   0.0000000E+00
   1.5427492E+03   0.0000000E+00   0.0000000E+00   0.0000000E+00   0.0000000E+00
   1.5427567E+03   0.0000000E+00   0.0000000E+00   0.0000000E+00   0.0000000E+00
   1.5427642E+03   0.0000000E+00   0.0000000E+00   0.0000000E+00   0.0000000E+00
   1.5427718E+03   0.0000000E+00   0.0000000E+00   0.0000000E+00   0.0000000E+00
   1.5427793E+03   0.0000000E+00   0.0000000E+00   0.0000000E+00   0.0000000E+00
   1.5427868E+03   0.0000000E+00   0.0000000E+00   0.0000000E+00   0.0000000E+00
   1.5427943E+03   0.0000000E+00   0.0000000E+00   0.0000000E+00   0.0000000E+00
   1.5428019E+03   0.0000000E+00   0.0000000E+00   0.0000000E+00   0.0000000E+00
   1.5428094E+03   0.0000000E+00   0.0000000E+00   0.0000000E+00   0.0000000E+00
   1.5428169E+03   0.0000000E+00   0.0000000E+00   0.0000000E+00   0.0000000E+00
   1.5428245E+03   0.0000000E+00   0.0000000E+00   0.0000000E+00   0.0000000E+00
   1.5428320E+03   0.0000000E+00   0.0000000E+00   0.0000000E+00   0.0000000E+00
   1.5428395E+03   0.0000000E+00   0.0000000E+00   0.0000000E+00   0.0000000E+00
   1.5428470E+03   0.0000000E+00   0.0000000E+00   0.0000000E+00   0.0000000E+00
   1.5428546E+03   0.0000000E+00   0.0000000E+00   0.0000000E+00   0.0000000E+00
   1.5428621E+03   0.0000000E+00   0.0000000E+00   0.0000000E+00   0.0000000E+00
   1.5428696E+03   0.0000000E+00   0.0000000E+00   0.0000000E+00   0.0000000E+00
   1.5428772E+03   0.0000000E+00   0.0000000E+00   0.0000000E+00   0.0000000E+00
   1.5428847E+03   0.0000000E+00   0.0000000E+00   0.0000000E+00   0.0000000E+00
   1.5428922E+03   0.0000000E+00   0.0000000E+00   0.0000000E+00   0.0000000E+00
   1.5428997E+03   0.0000000E+00   0.0000000E+00   0.0000000E+00   0.0000000E+00
   1.5429073E+03   0.0000000E+00   0.0000000E+00   0.0000000E+00   0.0000000E+00
   1.5429148E+03   0.0000000E+00   0.0000000E+00   0.0000000E+00   0.0000000E+00
   1.5429223E+03   0.0000000E+00   0.0000000E+00   0.0000000E+00   0.0000000E+00
   1.5429298E+03   0.0000000E+00   0.0000000E+00   0.0000000E+00   0.0000000E+00
   1.5429374E+03   0.0000000E+00   0.0000000E+00   0.0000000E+00   0.0000000E+00
   1.5429449E+03   0.0000000E+00   0.0000000E+00   0.0000000E+00   0.0000000E+00
   1.5429524E+03   0.0000000E+00   0.0000000E+00   0.0000000E+00   0.0000000E+00
   1.5429600E+03   0.0000000E+00   0.0000000E+00   0.0000000E+00   0.0000000E+00
   1.5429675E+03   0.0000000E+00   0.0000000E+00   0.0000000E+00   0.0000000E+00
   1.5429750E+03   0.0000000E+00   0.0000000E+00   0.0000000E+00   0.0000000E+00
   1.5429825E+03   0.0000000E+00   0.0000000E+00   0.0000000E+00   0.0000000E+00
   1.5429901E+03   0.0000000E+00   0.0000000E+00   0.0000000E+00   0.0000000E+00
   1.5429976E+03   0.0000000E+00   0.0000000E+00   0.0000000E+00   0.0000000E+00
   1.5430051E+03   0.0000000E+00   0.0000000E+00   0.0000000E+00   0.0000000E+00
   1.5430127E+03   0.0000000E+00   0.0000000E+00   0.0000000E+00   0.0000000E+00
   1.5430202E+03   0.0000000E+00   0.0000000E+00   0.0000000E+00   0.0000000E+00
   1.5430277E+03   0.0000000E+00   0.0000000E+00   0.0000000E+00   0.0000000E+00
   1.5430352E+03   0.0000000E+00   0.0000000E+00   0.0000000E+00   0.0000000E+00
   1.5430428E+03   0.0000000E+00   0.0000000E+00   0.0000000E+00   0.0000000E+00
   1.5430503E+03   0.0000000E+00   0.0000000E+00   0.0000000E+00   0.0000000E+00
   1.5430578E+03   0.0000000E+00   0.0000000E+00   0.0000000E+00   0.0000000E+00
   1.5430654E+03   0.0000000E+00   0.0000000E+00   0.0000000E+00   0.0000000E+00
   1.5430729E+03   0.0000000E+00   0.0000000E+00   0.0000000E+00   0.0000000E+00
   1.5430804E+03   0.0000000E+00   0.0000000E+00   0.0000000E+00   0.0000000E+00
   1.5430879E+03   0.0000000E+00   0.0000000E+00   0.0000000E+00   0.0000000E+00
   1.5430955E+03   0.0000000E+00   0.0000000E+00   0.0000000E+00   0.0000000E+00
   1.5431030E+03   0.0000000E+00   0.0000000E+00   0.0000000E+00   0.0000000E+00
   1.5431105E+03   0.0000000E+00   0.0000000E+00   0.0000000E+00   0.0000000E+00
   1.5431181E+03   0.0000000E+00   0.0000000E+00   0.0000000E+00   0.0000000E+00
   1.5431256E+03   0.0000000E+00   0.0000000E+00   0.0000000E+00   0.0000000E+00
   1.5431331E+03   0.0000000E+00   0.0000000E+00   0.0000000E+00   0.0000000E+00
   1.5431406E+03   0.0000000E+00   0.0000000E+00   0.0000000E+00   0.0000000E+00
   1.5431482E+03   0.0000000E+00   0.0000000E+00   0.0000000E+00   0.0000000E+00
   1.5431557E+03   0.0000000E+00   0.0000000E+00   0.0000000E+00   0.0000000E+00
   1.5431632E+03   0.0000000E+00   0.0000000E+00   0.0000000E+00   0.0000000E+00
   1.5431708E+03   0.0000000E+00   0.0000000E+00   0.0000000E+00   0.0000000E+00
   1.5431783E+03   0.0000000E+00   0.0000000E+00   0.0000000E+00   0.0000000E+00
   1.5431858E+03   0.0000000E+00   0.0000000E+00   0.0000000E+00   0.0000000E+00
   1.5431933E+03   0.0000000E+00   0.0000000E+00   0.0000000E+00   0.0000000E+00
   1.5432009E+03   0.0000000E+00   0.0000000E+00   0.0000000E+00   0.0000000E+00
   1.5432084E+03   0.0000000E+00   0.0000000E+00   0.0000000E+00   0.0000000E+00
   1.5432159E+03   0.0000000E+00   0.0000000E+00   0.0000000E+00   0.0000000E+00
   1.5432235E+03   0.0000000E+00   0.0000000E+00   0.0000000E+00   0.0000000E+00
   1.5432310E+03   0.0000000E+00   0.0000000E+00   0.0000000E+00   0.0000000E+00
   1.5432385E+03   0.0000000E+00   0.0000000E+00   0.0000000E+00   0.0000000E+00
   1.5432460E+03   0.0000000E+00   0.0000000E+00   0.0000000E+00   0.0000000E+00
   1.5432536E+03   0.0000000E+00   0.0000000E+00   0.0000000E+00   0.0000000E+00
   1.5432611E+03   0.0000000E+00   0.0000000E+00   0.0000000E+00   0.0000000E+00
   1.5432686E+03   0.0000000E+00   0.0000000E+00   0.0000000E+00   0.0000000E+00
   1.5432762E+03   0.0000000E+00   0.0000000E+00   0.0000000E+00   0.0000000E+00
   1.5432837E+03   0.0000000E+00   0.0000000E+00   0.0000000E+00   0.0000000E+00
   1.5432912E+03   0.0000000E+00   0.0000000E+00   0.0000000E+00   0.0000000E+00
   1.5432987E+03   0.0000000E+00   0.0000000E+00   0.0000000E+00   0.0000000E+00
   1.5433063E+03   0.0000000E+00   0.0000000E+00   0.0000000E+00   0.0000000E+00
   1.5433138E+03   0.0000000E+00   0.0000000E+00   0.0000000E+00   0.0000000E+00
   1.5433213E+03   0.0000000E+00   0.0000000E+00   0.0000000E+00   0.0000000E+00
   1.5433289E+03   0.0000000E+00   0.0000000E+00   0.0000000E+00   0.0000000E+00
   1.5433364E+03   0.0000000E+00   0.0000000E+00   0.0000000E+00   0.0000000E+00
   1.5433439E+03   0.0000000E+00   0.0000000E+00   0.0000000E+00   0.0000000E+00
   1.5433514E+03   0.0000000E+00   0.0000000E+00   0.0000000E+00   0.0000000E+00
   1.5433590E+03   0.0000000E+00   0.0000000E+00   0.0000000E+00   0.0000000E+00
   1.5433665E+03   0.0000000E+00   0.0000000E+00   0.0000000E+00   0.0000000E+00
   1.5433740E+03   0.0000000E+00   0.0000000E+00   0.0000000E+00   0.0000000E+00
   1.5433815E+03   0.0000000E+00   0.0000000E+00   0.0000000E+00   0.0000000E+00
   1.5433891E+03   0.0000000E+00   0.0000000E+00   0.0000000E+00   0.0000000E+00
   1.5433966E+03   0.0000000E+00   0.0000000E+00   0.0000000E+00   0.0000000E+00
   1.5434041E+03   0.0000000E+00   0.0000000E+00   0.0000000E+00   0.0000000E+00
   1.5434117E+03   0.0000000E+00   0.0000000E+00   0.0000000E+00   0.0000000E+00
   1.5434192E+03   0.0000000E+00   0.0000000E+00   0.0000000E+00   0.0000000E+00
   1.5434267E+03   0.0000000E+00   0.0000000E+00   0.0000000E+00   0.0000000E+00
   1.5434342E+03   0.0000000E+00   0.0000000E+00   0.0000000E+00   0.0000000E+00
   1.5434418E+03   0.0000000E+00   0.0000000E+00   0.0000000E+00   0.0000000E+00
   1.5434493E+03   0.0000000E+00   0.0000000E+00   0.0000000E+00   0.0000000E+00
   1.5434568E+03   0.0000000E+00   0.0000000E+00   0.0000000E+00   0.0000000E+00
   1.5434644E+03   0.0000000E+00   0.0000000E+00   0.0000000E+00   0.0000000E+00
   1.5434719E+03   0.0000000E+00   0.0000000E+00   0.0000000E+00   0.0000000E+00
   1.5434794E+03   0.0000000E+00   0.0000000E+00   0.0000000E+00   0.0000000E+00
   1.5434869E+03   0.0000000E+00   0.0000000E+00   0.0000000E+00   0.0000000E+00
   1.5434945E+03   0.0000000E+00   0.0000000E+00   0.0000000E+00   0.0000000E+00
   1.5435020E+03   0.0000000E+00   0.0000000E+00   0.0000000E+00   0.0000000E+00
   1.5435095E+03   0.0000000E+00   0.0000000E+00   0.0000000E+00   0.0000000E+00
   1.5435171E+03   0.0000000E+00   0.0000000E+00   0.0000000E+00   0.0000000E+00
   1.5435246E+03   0.0000000E+00   0.0000000E+00   0.0000000E+00   0.0000000E+00
   1.5435321E+03   0.0000000E+00   0.0000000E+00   0.0000000E+00   0.0000000E+00
   1.5435396E+03   0.0000000E+00   0.0000000E+00   0.0000000E+00   0.0000000E+00
   1.5435472E+03   0.0000000E+00   0.0000000E+00   0.0000000E+00   0.0000000E+00
   1.5435547E+03   0.0000000E+00   0.0000000E+00   0.0000000E+00   0.0000000E+00
   1.5435622E+03   0.0000000E+00   0.0000000E+00   0.0000000E+00   0.0000000E+00
   1.5435698E+03   0.0000000E+00   0.0000000E+00   0.0000000E+00   0.0000000E+00
   1.5435773E+03   0.0000000E+00   0.0000000E+00   0.0000000E+00   0.0000000E+00
   1.5435848E+03   0.0000000E+00   0.0000000E+00   0.0000000E+00   0.0000000E+00
   1.5435923E+03   0.0000000E+00   0.0000000E+00   0.0000000E+00   0.0000000E+00
   1.5435999E+03   0.0000000E+00   0.0000000E+00   0.0000000E+00   0.0000000E+00
   1.5436074E+03   0.0000000E+00   0.0000000E+00   0.0000000E+00   0.0000000E+00
   1.5436149E+03   0.0000000E+00   0.0000000E+00   0.0000000E+00   0.0000000E+00
   1.5436225E+03   0.0000000E+00   0.0000000E+00   0.0000000E+00   0.0000000E+00
   1.5436300E+03   0.0000000E+00   0.0000000E+00   0.0000000E+00   0.0000000E+00
   1.5436375E+03   0.0000000E+00   0.0000000E+00   0.0000000E+00   0.0000000E+00
   1.5436450E+03   0.0000000E+00   0.0000000E+00   0.0000000E+00   0.0000000E+00
   1.5436526E+03   0.0000000E+00   0.0000000E+00   0.0000000E+00   0.0000000E+00
   1.5436601E+03   0.0000000E+00   0.0000000E+00   0.0000000E+00   0.0000000E+00
   1.5436676E+03   0.0000000E+00   0.0000000E+00   0.0000000E+00   0.0000000E+00
   1.5436752E+03   0.0000000E+00   0.0000000E+00   0.0000000E+00   0.0000000E+00
   1.5436827E+03   0.0000000E+00   0.0000000E+00   0.0000000E+00   0.0000000E+00
   1.5436902E+03   0.0000000E+00   0.0000000E+00   0.0000000E+00   0.0000000E+00
   1.5436977E+03   0.0000000E+00   0.0000000E+00   0.0000000E+00   0.0000000E+00
   1.5437053E+03   0.0000000E+00   0.0000000E+00   0.0000000E+00   0.0000000E+00
   1.5437128E+03   2.0000000E+00   2.0000000E+00   0.0000000E+00   0.0000000E+00
   1.5437203E+03   0.0000000E+00   0.0000000E+00   0.0000000E+00   0.0000000E+00
   1.5437279E+03   0.0000000E+00   0.0000000E+00   0.0000000E+00   0.0000000E+00
   1.5437354E+03   0.0000000E+00   0.0000000E+00   0.0000000E+00   0.0000000E+00
   1.5437429E+03   0.0000000E+00   0.0000000E+00   0.0000000E+00   0.0000000E+00
   1.5437504E+03   0.0000000E+00   0.0000000E+00   0.0000000E+00   0.0000000E+00
   1.5437580E+03   1.0000000E+00   0.0000000E+00   0.0000000E+00   0.0000000E+00
   1.5437655E+03   1.0000000E+00   1.0000000E+00   0.0000000E+00   0.0000000E+00
   1.5437730E+03   0.0000000E+00   0.0000000E+00   0.0000000E+00   0.0000000E+00
   1.5437806E+03   0.0000000E+00   0.0000000E+00   0.0000000E+00   0.0000000E+00
   1.5437881E+03   0.0000000E+00   0.0000000E+00   0.0000000E+00   0.0000000E+00
   1.5437956E+03   0.0000000E+00   0.0000000E+00   0.0000000E+00   0.0000000E+00
   1.5438031E+03   0.0000000E+00   0.0000000E+00   0.0000000E+00   0.0000000E+00
   1.5438107E+03   0.0000000E+00   0.0000000E+00   0.0000000E+00   0.0000000E+00
   1.5438182E+03   0.0000000E+00   0.0000000E+00   0.0000000E+00   0.0000000E+00
   1.5438257E+03   0.0000000E+00   0.0000000E+00   0.0000000E+00   0.0000000E+00
   1.5438332E+03   1.0000000E+00   1.0000000E+00   0.0000000E+00   0.0000000E+00
   1.5438408E+03   0.0000000E+00   0.0000000E+00   0.0000000E+00   0.0000000E+00
   1.5438483E+03   0.0000000E+00   0.0000000E+00   0.0000000E+00   0.0000000E+00
   1.5438558E+03   1.0000000E+00   1.0000000E+00   0.0000000E+00   0.0000000E+00
   1.5438634E+03   0.0000000E+00   0.0000000E+00   0.0000000E+00   0.0000000E+00
   1.5438709E+03   1.0000000E+00   0.0000000E+00   0.0000000E+00   0.0000000E+00
   1.5438784E+03   0.0000000E+00   0.0000000E+00   0.0000000E+00   0.0000000E+00
   1.5438859E+03   1.0000000E+00   1.0000000E+00   0.0000000E+00   0.0000000E+00
   1.5438935E+03   0.0000000E+00   0.0000000E+00   0.0000000E+00   0.0000000E+00
   1.5439010E+03   1.0000000E+00   1.0000000E+00   0.0000000E+00   0.0000000E+00
   1.5439085E+03   1.0000000E+00   1.0000000E+00   0.0000000E+00   0.0000000E+00
   1.5439161E+03   1.0000000E+00   1.0000000E+00   0.0000000E+00   0.0000000E+00
   1.5439236E+03   1.0000000E+00   1.0000000E+00   0.0000000E+00   0.0000000E+00
   1.5439311E+03   1.0000000E+00   1.0000000E+00   0.0000000E+00   0.0000000E+00
   1.5439386E+03   1.0000000E+00   1.0000000E+00   0.0000000E+00   0.0000000E+00
   1.5439462E+03   0.0000000E+00   0.0000000E+00   0.0000000E+00   0.0000000E+00
   1.5439537E+03   1.0000000E+00   1.0000000E+00   0.0000000E+00   0.0000000E+00
   1.5439612E+03   0.0000000E+00   0.0000000E+00   0.0000000E+00   0.0000000E+00
   1.5439688E+03   0.0000000E+00   0.0000000E+00   0.0000000E+00   0.0000000E+00
   1.5439763E+03   2.0000000E+00   2.0000000E+00   0.0000000E+00   0.0000000E+00
   1.5439838E+03   1.0000000E+00   1.0000000E+00   0.0000000E+00   0.0000000E+00
   1.5439913E+03   2.0000000E+00   2.0000000E+00   0.0000000E+00   0.0000000E+00
   1.5439989E+03   0.0000000E+00   0.0000000E+00   0.0000000E+00   0.0000000E+00
   1.5440064E+03   0.0000000E+00   0.0000000E+00   0.0000000E+00   0.0000000E+00
   1.5440139E+03   1.0000000E+00   1.0000000E+00   0.0000000E+00   0.0000000E+00
   1.5440215E+03   1.0000000E+00   0.0000000E+00   0.0000000E+00   0.0000000E+00
   1.5440290E+03   1.0000000E+00   1.0000000E+00   0.0000000E+00   0.0000000E+00
   1.5440365E+03   4.0000000E+00   4.0000000E+00   0.0000000E+00   0.0000000E+00
   1.5440440E+03   2.0000000E+00   1.0000000E+00   0.0000000E+00   0.0000000E+00
   1.5440516E+03   1.0000000E+00   1.0000000E+00   0.0000000E+00   0.0000000E+00
   1.5440591E+03   0.0000000E+00   0.0000000E+00   0.0000000E+00   0.0000000E+00
   1.5440666E+03   1.0000000E+00   1.0000000E+00   0.0000000E+00   0.0000000E+00
   1.5440742E+03   2.0000000E+00   2.0000000E+00   0.0000000E+00   0.0000000E+00
   1.5440817E+03   1.0000000E+00   1.0000000E+00   0.0000000E+00   0.0000000E+00
   1.5440892E+03   0.0000000E+00   0.0000000E+00   0.0000000E+00   0.0000000E+00
   1.5440967E+03   1.0000000E+00   0.0000000E+00   0.0000000E+00   0.0000000E+00
   1.5441043E+03   2.0000000E+00   2.0000000E+00   0.0000000E+00   0.0000000E+00
   1.5441118E+03   1.0000000E+00   1.0000000E+00   0.0000000E+00   0.0000000E+00
   1.5441193E+03   2.0000000E+00   2.0000000E+00   0.0000000E+00   0.0000000E+00
   1.5441269E+03   1.0000000E+00   1.0000000E+00   0.0000000E+00   0.0000000E+00
   1.5441344E+03   0.0000000E+00   0.0000000E+00   0.0000000E+00   0.0000000E+00
   1.5441419E+03   3.0000000E+00   3.0000000E+00   0.0000000E+00   0.0000000E+00
   1.5441494E+03   3.0000000E+00   3.0000000E+00   0.0000000E+00   0.0000000E+00
   1.5441570E+03   0.0000000E+00   0.0000000E+00   0.0000000E+00   0.0000000E+00
   1.5441645E+03   4.0000000E+00   4.0000000E+00   0.0000000E+00   0.0000000E+00
   1.5441720E+03   3.0000000E+00   3.0000000E+00   0.0000000E+00   0.0000000E+00
   1.5441796E+03   2.0000000E+00   2.0000000E+00   0.0000000E+00   0.0000000E+00
   1.5441871E+03   6.0000000E+00   6.0000000E+00   0.0000000E+00   0.0000000E+00
   1.5441946E+03   5.0000000E+00   4.0000000E+00   0.0000000E+00   0.0000000E+00
   1.5442021E+03   3.0000000E+00   3.0000000E+00   0.0000000E+00   0.0000000E+00
   1.5442097E+03   1.0000000E+00   1.0000000E+00   0.0000000E+00   0.0000000E+00
   1.5442172E+03   1.0000000E+00   0.0000000E+00   0.0000000E+00   0.0000000E+00
   1.5442247E+03   1.0000000E+00   1.0000000E+00   0.0000000E+00   0.0000000E+00
   1.5442323E+03   4.0000000E+00   4.0000000E+00   0.0000000E+00   0.0000000E+00
   1.5442398E+03   4.0000000E+00   3.0000000E+00   0.0000000E+00   0.0000000E+00
   1.5442473E+03   0.0000000E+00   0.0000000E+00   0.0000000E+00   0.0000000E+00
   1.5442548E+03   5.0000000E+00   5.0000000E+00   0.0000000E+00   0.0000000E+00
   1.5442624E+03   7.0000000E+00   6.0000000E+00   0.0000000E+00   0.0000000E+00
   1.5442699E+03   4.0000000E+00   4.0000000E+00   0.0000000E+00   0.0000000E+00
   1.5442774E+03   2.0000000E+00   1.0000000E+00   0.0000000E+00   0.0000000E+00
   1.5442849E+03   5.0000000E+00   5.0000000E+00   0.0000000E+00   0.0000000E+00
   1.5442925E+03   7.0000000E+00   7.0000000E+00   0.0000000E+00   0.0000000E+00
   1.5443000E+03   1.0000000E+01   8.0000000E+00   0.0000000E+00   0.0000000E+00
   1.5443075E+03   6.0000000E+00   5.0000000E+00   0.0000000E+00   0.0000000E+00
   1.5443151E+03   8.0000000E+00   6.0000000E+00   0.0000000E+00   0.0000000E+00
   1.5443226E+03   7.0000000E+00   7.0000000E+00   0.0000000E+00   0.0000000E+00
   1.5443301E+03   4.0000000E+00   3.0000000E+00   0.0000000E+00   0.0000000E+00
   1.5443376E+03   6.0000000E+00   5.0000000E+00   0.0000000E+00   0.0000000E+00
   1.5443452E+03   9.0000000E+00   9.0000000E+00   0.0000000E+00   0.0000000E+00
   1.5443527E+03   7.0000000E+00   7.0000000E+00   0.0000000E+00   0.0000000E+00
   1.5443602E+03   7.0000000E+00   6.0000000E+00   0.0000000E+00   0.0000000E+00
   1.5443678E+03   7.0000000E+00   6.0000000E+00   0.0000000E+00   0.0000000E+00
   1.5443753E+03   8.0000000E+00   8.0000000E+00   0.0000000E+00   0.0000000E+00
   1.5443828E+03   4.0000000E+00   3.0000000E+00   0.0000000E+00   0.0000000E+00
   1.5443903E+03   1.0000000E+01   9.0000000E+00   0.0000000E+00   0.0000000E+00
   1.5443979E+03   1.1000000E+01   9.0000000E+00   0.0000000E+00   0.0000000E+00
   1.5444054E+03   1.3000000E+01   1.1000000E+01   0.0000000E+00   0.0000000E+00
   1.5444129E+03   7.0000000E+00   7.0000000E+00   0.0000000E+00   0.0000000E+00
   1.5444205E+03   1.2000000E+01   1.1000000E+01   0.0000000E+00   0.0000000E+00
   1.5444280E+03   8.0000000E+00   5.0000000E+00   0.0000000E+00   0.0000000E+00
   1.5444355E+03   1.2000000E+01   1.1000000E+01   0.0000000E+00   0.0000000E+00
   1.5444430E+03   8.0000000E+00   7.0000000E+00   0.0000000E+00   0.0000000E+00
   1.5444506E+03   1.5000000E+01   1.3000000E+01   0.0000000E+00   0.0000000E+00
   1.5444581E+03   1.7000000E+01   1.7000000E+01   0.0000000E+00   0.0000000E+00
   1.5444656E+03   1.3000000E+01   1.0000000E+01   0.0000000E+00   0.0000000E+00
   1.5444732E+03   1.2000000E+01   1.1000000E+01   0.0000000E+00   0.0000000E+00
   1.5444807E+03   2.0000000E+01   1.7000000E+01   0.0000000E+00   0.0000000E+00
   1.5444882E+03   1.3000000E+01   1.2000000E+01   0.0000000E+00   0.0000000E+00
   1.5444957E+03   2.4000000E+01   2.3000000E+01   0.0000000E+00   0.0000000E+00
   1.5445033E+03   1.6000000E+01   1.4000000E+01   0.0000000E+00   0.0000000E+00
   1.5445108E+03   1.4000000E+01   1.4000000E+01   0.0000000E+00   0.0000000E+00
   1.5445183E+03   1.8000000E+01   1.7000000E+01   0.0000000E+00   0.0000000E+00
   1.5445259E+03   2.3000000E+01   2.2000000E+01   0.0000000E+00   0.0000000E+00
   1.5445334E+03   2.3000000E+01   2.0000000E+01   0.0000000E+00   0.0000000E+00
   1.5445409E+03   2.1000000E+01   2.0000000E+01   0.0000000E+00   0.0000000E+00
   1.5445484E+03   1.6000000E+01   1.5000000E+01   0.0000000E+00   0.0000000E+00
   1.5445560E+03   1.8000000E+01   1.7000000E+01   0.0000000E+00   0.0000000E+00
   1.5445635E+03   2.3000000E+01   2.0000000E+01   0.0000000E+00   0.0000000E+00
   1.5445710E+03   1.8000000E+01   1.7000000E+01   0.0000000E+00   0.0000000E+00
   1.5445786E+03   1.9000000E+01   1.6000000E+01   0.0000000E+00   0.0000000E+00
   1.5445861E+03   2.8000000E+01   2.6000000E+01   0.0000000E+00   0.0000000E+00
   1.5445936E+03   2.6000000E+01   2.5000000E+01   0.0000000E+00   0.0000000E+00
   1.5446011E+03   3.1000000E+01   2.9000000E+01   0.0000000E+00   0.0000000E+00
   1.5446087E+03   3.3000000E+01   3.1000000E+01   0.0000000E+00   0.0000000E+00
   1.5446162E+03   3.9000000E+01   3.6000000E+01   0.0000000E+00   0.0000000E+00
   1.5446237E+03   3.7000000E+01   3.3000000E+01   0.0000000E+00   0.0000000E+00
   1.5446313E+03   2.8000000E+01   2.5000000E+01   0.0000000E+00   0.0000000E+00
   1.5446388E+03   3.4000000E+01   3.3000000E+01   0.0000000E+00   0.0000000E+00
   1.5446463E+03   2.8000000E+01   2.7000000E+01   0.0000000E+00   0.0000000E+00
   1.5446538E+03   4.0000000E+01   3.7000000E+01   0.0000000E+00   0.0000000E+00
   1.5446614E+03   4.5000000E+01   4.3000000E+01   0.0000000E+00   0.0000000E+00
   1.5446689E+03   3.7000000E+01   3.4000000E+01   0.0000000E+00   0.0000000E+00
   1.5446764E+03   4.6000000E+01   4.2000000E+01   0.0000000E+00   0.0000000E+00
   1.5446840E+03   3.8000000E+01   3.5000000E+01   0.0000000E+00   0.0000000E+00
   1.5446915E+03   3.9000000E+01   3.6000000E+01   0.0000000E+00   0.0000000E+00
   1.5446990E+03   5.3000000E+01   4.9000000E+01   0.0000000E+00   0.0000000E+00
   1.5447065E+03   4.3000000E+01   4.0000000E+01   0.0000000E+00   0.0000000E+00
   1.5447141E+03   3.8000000E+01   3.4000000E+01   0.0000000E+00   0.0000000E+00
   1.5447216E+03   4.9000000E+01   4.5000000E+01   0.0000000E+00   0.0000000E+00
   1.5447291E+03   5.6000000E+01   5.2000000E+01   0.0000000E+00   0.0000000E+00
   1.5447366E+03   4.5000000E+01   4.1000000E+01   0.0000000E+00   0.0000000E+00
   1.5447442E+03   5.5000000E+01   5.2000000E+01   0.0000000E+00   0.0000000E+00
   1.5447517E+03   5.6000000E+01   5.1000000E+01   0.0000000E+00   0.0000000E+00
   1.5447592E+03   6.0000000E+01   5.7000000E+01   0.0000000E+00   0.0000000E+00
   1.5447668E+03   8.0000000E+01   7.2000000E+01   0.0000000E+00   0.0000000E+00
   1.5447743E+03   6.4000000E+01   5.9000000E+01   0.0000000E+00   0.0000000E+00
   1.5447818E+03   6.7000000E+01   6.4000000E+01   0.0000000E+00   0.0000000E+00
   1.5447893E+03   7.1000000E+01   6.5000000E+01   0.0000000E+00   0.0000000E+00
   1.5447969E+03   6.9000000E+01   6.4000000E+01   0.0000000E+00   0.0000000E+00
   1.5448044E+03   5.3000000E+01   4.7000000E+01   0.0000000E+00   0.0000000E+00
   1.5448119E+03   5.6000000E+01   5.2000000E+01   0.0000000E+00   0.0000000E+00
   1.5448195E+03   7.5000000E+01   6.9000000E+01   0.0000000E+00   0.0000000E+00
   1.5448270E+03   8.4000000E+01   7.6000000E+01   0.0000000E+00   0.0000000E+00
   1.5448345E+03   9.4000000E+01   8.8000000E+01   0.0000000E+00   0.0000000E+00
   1.5448420E+03   1.0100000E+02   9.7000000E+01   0.0000000E+00   0.0000000E+00
   1.5448496E+03   8.5000000E+01   7.9000000E+01   0.0000000E+00   0.0000000E+00
   1.5448571E+03   9.3000000E+01   8.5000000E+01   0.0000000E+00   0.0000000E+00
   1.5448646E+03   1.0200000E+02   9.4000000E+01   0.0000000E+00   0.0000000E+00
   1.5448722E+03   1.0300000E+02   9.0000000E+01   0.0000000E+00   0.0000000E+00
   1.5448797E+03   9.3000000E+01   8.4000000E+01   0.0000000E+00   0.0000000E+00
   1.5448872E+03   1.2800000E+02   1.2100000E+02   0.0000000E+00   0.0000000E+00
   1.5448947E+03   1.1500000E+02   1.0800000E+02   0.0000000E+00   0.0000000E+00
   1.5449023E+03   1.0200000E+02   9.4000000E+01   0.0000000E+00   0.0000000E+00
   1.5449098E+03   1.2700000E+02   1.2100000E+02   0.0000000E+00   0.0000000E+00
   1.5449173E+03   1.1500000E+02   1.0600000E+02   0.0000000E+00   0.0000000E+00
   1.5449249E+03   1.4600000E+02   1.3200000E+02   0.0000000E+00   0.0000000E+00
   1.5449324E+03   1.0800000E+02   1.0200000E+02   0.0000000E+00   0.0000000E+00
   1.5449399E+03   1.3600000E+02   1.3000000E+02   0.0000000E+00   0.0000000E+00
   1.5449474E+03   1.3100000E+02   1.2500000E+02   0.0000000E+00   0.0000000E+00
   1.5449550E+03   1.3400000E+02   1.2500000E+02   0.0000000E+00   0.0000000E+00
   1.5449625E+03   1.4900000E+02   1.3800000E+02   0.0000000E+00   0.0000000E+00
   1.5449700E+03   1.5500000E+02   1.4100000E+02   0.0000000E+00   0.0000000E+00
   1.5449776E+03   1.6800000E+02   1.5700000E+02   0.0000000E+00   0.0000000E+00
   1.5449851E+03   1.4500000E+02   1.3700000E+02   0.0000000E+00   0.0000000E+00
   1.5449926E+03   1.8000000E+02   1.7300000E+02   0.0000000E+00   0.0000000E+00
   1.5450001E+03   1.5500000E+02   1.4200000E+02   0.0000000E+00   0.0000000E+00
   1.5450077E+03   1.3800000E+02   1.3300000E+02   0.0000000E+00   0.0000000E+00
   1.5450152E+03   1.9300000E+02   1.8600000E+02   0.0000000E+00   0.0000000E+00
   1.5450227E+03   1.8200000E+02   1.7700000E+02   0.0000000E+00   0.0000000E+00
   1.5450303E+03   2.0800000E+02   2.0000000E+02   0.0000000E+00   0.0000000E+00
   1.5450378E+03   2.0900000E+02   1.9900000E+02   0.0000000E+00   0.0000000E+00
   1.5450453E+03   1.9300000E+02   1.8900000E+02   0.0000000E+00   0.0000000E+00
   1.5450528E+03   1.8000000E+02   1.7300000E+02   3.4982890E-03   3.6398382E-03
   1.5450604E+03   2.3400000E+02   2.2000000E+02   0.0000000E+00   0.0000000E+00
   1.5450679E+03   2.1000000E+02   2.0100000E+02   0.0000000E+00   0.0000000E+00
   1.5450754E+03   2.2900000E+02   2.1600000E+02   0.0000000E+00   0.0000000E+00
   1.5450830E+03   2.2300000E+02   2.0600000E+02   0.0000000E+00   0.0000000E+00
   1.5450905E+03   2.6100000E+02   2.5000000E+02   0.0000000E+00   0.0000000E+00
   1.5450980E+03   2.6900000E+02   2.4900000E+02   0.0000000E+00   0.0000000E+00
   1.5451055E+03   2.6700000E+02   2.5300000E+02   0.0000000E+00   0.0000000E+00
   1.5451131E+03   2.4300000E+02   2.2900000E+02   0.0000000E+00   0.0000000E+00
   1.5451206E+03   2.8400000E+02   2.6400000E+02   0.0000000E+00   0.0000000E+00
   1.5451281E+03   2.7000000E+02   2.5400000E+02   1.2651928E-03   1.3448899E-03
   1.5451357E+03   2.7600000E+02   2.5600000E+02   0.0000000E+00   0.0000000E+00
   1.5451432E+03   2.9500000E+02   2.8400000E+02   0.0000000E+00   0.0000000E+00
   1.5451507E+03   3.0300000E+02   2.8500000E+02   7.6593841E-04   8.1431347E-04
   1.5451582E+03   3.1900000E+02   3.0300000E+02   0.0000000E+00   0.0000000E+00
   1.5451658E+03   3.2300000E+02   3.0200000E+02   0.0000000E+00   0.0000000E+00
   1.5451733E+03   3.2000000E+02   3.0300000E+02   0.0000000E+00   0.0000000E+00
   1.5451808E+03   3.4700000E+02   3.3100000E+02   0.0000000E+00   0.0000000E+00
   1.5451883E+03   3.5800000E+02   3.3800000E+02   0.0000000E+00   0.0000000E+00
   1.5451959E+03   3.5400000E+02   3.3700000E+02   0.0000000E+00   0.0000000E+00
   1.5452034E+03   3.7700000E+02   3.6400000E+02   0.0000000E+00   0.0000000E+00
   1.5452109E+03   3.6800000E+02   3.5700000E+02   0.0000000E+00   0.0000000E+00
   1.5452185E+03   4.1900000E+02   3.9400000E+02   0.0000000E+00   0.0000000E+00
   1.5452260E+03   3.6900000E+02   3.4800000E+02   0.0000000E+00   0.0000000E+00
   1.5452335E+03   4.0800000E+02   3.9200000E+02   0.0000000E+00   0.0000000E+00
   1.5452410E+03   4.1300000E+02   3.8900000E+02   0.0000000E+00   0.0000000E+00
   1.5452486E+03   4.3700000E+02   4.1300000E+02   0.0000000E+00   0.0000000E+00
   1.5452561E+03   4.1100000E+02   3.8700000E+02   4.3086826E-04   4.5758877E-04
   1.5452636E+03   4.4100000E+02   4.2500000E+02   0.0000000E+00   0.0000000E+00
   1.5452712E+03   4.4100000E+02   4.1900000E+02   0.0000000E+00   0.0000000E+00
   1.5452787E+03   4.7900000E+02   4.5100000E+02   0.0000000E+00   0.0000000E+00
   1.5452862E+03   5.0200000E+02   4.7400000E+02   0.0000000E+00   0.0000000E+00
   1.5452937E+03   5.0800000E+02   4.8200000E+02   0.0000000E+00   0.0000000E+00
   1.5453013E+03   5.3100000E+02   5.0600000E+02   0.0000000E+00   0.0000000E+00
   1.5453088E+03   4.9600000E+02   4.6800000E+02   0.0000000E+00   0.0000000E+00
   1.5453163E+03   5.2200000E+02   4.9900000E+02   0.0000000E+00   0.0000000E+00
   1.5453239E+03   5.8100000E+02   5.5300000E+02   0.0000000E+00   0.0000000E+00
   1.5453314E+03   5.3900000E+02   5.0500000E+02   0.0000000E+00   0.0000000E+00
   1.5453389E+03   6.1600000E+02   5.9300000E+02   0.0000000E+00   0.0000000E+00
   1.5453464E+03   5.7300000E+02   5.4900000E+02   0.0000000E+00   0.0000000E+00
   1.5453540E+03   6.3500000E+02   6.0700000E+02   0.0000000E+00   0.0000000E+00
   1.5453615E+03   6.1100000E+02   5.8600000E+02   1.0663577E-03   1.1118508E-03
   1.5453690E+03   5.7900000E+02   5.4300000E+02   0.0000000E+00   0.0000000E+00
   1.5453766E+03   6.3900000E+02   6.1800000E+02   0.0000000E+00   0.0000000E+00
   1.5453841E+03   6.4800000E+02   6.1100000E+02   0.0000000E+00   0.0000000E+00
   1.5453916E+03   6.5200000E+02   6.1700000E+02   4.0390233E-04   0.0000000E+00
   1.5453991E+03   7.2300000E+02   6.8300000E+02   5.5382908E-04   0.0000000E+00
   1.5454067E+03   6.8100000E+02   6.4500000E+02   0.0000000E+00   0.0000000E+00
   1.5454142E+03   7.5000000E+02   7.2100000E+02   0.0000000E+00   0.0000000E+00
   1.5454217E+03   7.4800000E+02   7.1600000E+02   0.0000000E+00   0.0000000E+00
   1.5454293E+03   7.5800000E+02   7.2800000E+02   0.0000000E+00   0.0000000E+00
   1.5454368E+03   7.9500000E+02   7.6200000E+02   0.0000000E+00   0.0000000E+00
   1.5454443E+03   8.5400000E+02   8.1900000E+02   3.4794595E-04   3.6281543E-04
   1.5454518E+03   8.0100000E+02   7.6500000E+02   3.2775342E-04   3.4317711E-04
   1.5454594E+03   8.2400000E+02   7.8100000E+02   4.3383445E-04   0.0000000E+00
   1.5454669E+03   8.2400000E+02   7.9200000E+02   0.0000000E+00   0.0000000E+00
   1.5454744E+03   8.6700000E+02   8.4300000E+02   7.1701187E-04   6.0531211E-04
   1.5454820E+03   8.6500000E+02   8.3500000E+02   4.5582949E-04   1.7679850E-04
   1.5454895E+03   8.9500000E+02   8.5600000E+02   5.5046721E-04   5.7554691E-04
   1.5454970E+03   9.4000000E+02   9.0700000E+02   8.7392969E-04   3.5754425E-04
   1.5455045E+03   9.5200000E+02   9.2000000E+02   7.2120872E-04   7.5588224E-04
   1.5455121E+03   9.4700000E+02   9.2300000E+02   1.1684553E-03   5.5306267E-04
   1.5455196E+03   9.4600000E+02   9.1900000E+02   1.6232648E-03   9.2883301E-04
   1.5455271E+03   9.4200000E+02   9.1500000E+02   2.0472791E-03   9.8872204E-04
   1.5455347E+03   9.6300000E+02   9.4400000E+02   1.0491011E-03   8.7160150E-04
   1.5455422E+03   9.7600000E+02   9.6000000E+02   1.4209991E-03   1.1344721E-03
   1.5455497E+03   1.0270000E+03   1.0120000E+03   2.2868958E-03   2.5896100E-03
   1.5455572E+03   9.3100000E+02   9.2100000E+02   1.8606340E-03   1.0273787E-03
   1.5455648E+03   9.5800000E+02   9.4800000E+02   8.9693466E-04   1.4990343E-04
   1.5455723E+03   9.8500000E+02   9.7400000E+02   4.1404080E-03   3.8672583E-03
   1.5455798E+03   9.4700000E+02   9.4500000E+02   2.0236377E-03   1.8933529E-03
   1.5455874E+03   9.9200000E+02   9.8700000E+02   3.5739757E-03   3.8635351E-03
   1.5455949E+03   9.2400000E+02   9.1600000E+02   5.1455774E-03   3.9258888E-03
   1.5456024E+03   9.7700000E+02   9.7200000E+02   1.1301005E-03   4.9166541E-04
   1.5456099E+03   9.9400000E+02   9.8600000E+02   2.4747753E-03   2.5978753E-03
   1.5456175E+03   1.0050000E+03   1.0000000E+03   1.9083018E-03   1.3180157E-03
   1.5456250E+03   9.4700000E+02   9.3700000E+02   5.2202672E-03   5.5037498E-03
   1.5456325E+03   9.3800000E+02   9.3300000E+02   4.2059812E-03   4.5944876E-03
   1.5456400E+03   9.1800000E+02   9.1400000E+02   5.5508444E-03   5.7709495E-03
   1.5456476E+03   9.3700000E+02   9.3100000E+02   4.6265375E-03   3.9720640E-03
   1.5456551E+03   9.4600000E+02   9.4000000E+02   6.3513569E-04   7.9985208E-04
   1.5456626E+03   9.9600000E+02   9.8900000E+02   3.8677275E-03   4.8944741E-03
   1.5456702E+03   9.9800000E+02   9.9000000E+02   1.8971734E-03   2.1491963E-03
   1.5456777E+03   9.2700000E+02   9.1800000E+02   1.2739524E-03   9.7448966E-04
   1.5456852E+03   9.6600000E+02   9.6100000E+02   2.2191637E-03   2.0457281E-03
   1.5456927E+03   9.0600000E+02   8.9300000E+02   5.0881392E-03   4.5287092E-03
   1.5457003E+03   9.6900000E+02   9.5400000E+02   4.1325305E-03   4.6202263E-03
   1.5457078E+03   1.0260000E+03   1.0140000E+03   4.1413902E-03   4.1080708E-03
   1.5457153E+03   9.6400000E+02   9.4300000E+02   1.1704413E-03   4.6313441E-04
   1.5457229E+03   9.8700000E+02   9.7500000E+02   1.6555714E-03   2.1141343E-03
   1.5457304E+03   9.9700000E+02   9.7600000E+02   4.1468045E-03   3.8721825E-03
   1.5457379E+03   9.9500000E+02   9.7900000E+02   1.2631340E-03   2.6330985E-03
   1.5457454E+03   1.0380000E+03   1.0170000E+03   2.5486829E-03   2.2176396E-03
   1.5457530E+03   1.0230000E+03   9.9400000E+02   3.2951112E-03   2.7070106E-03
   1.5457605E+03   1.0540000E+03   1.0210000E+03   5.4971738E-03   5.5547674E-03
   1.5457680E+03   1.0050000E+03   9.7600000E+02   6.1149170E-04   1.1703759E-03
   1.5457756E+03   1.0700000E+03   1.0390000E+03   7.3698362E-03   9.8180089E-03
   1.5457831E+03   1.0450000E+03   1.0180000E+03   3.6298219E-03   3.9749188E-03
   1.5457906E+03   1.0800000E+03   1.0410000E+03   4.5399072E-03   3.1247622E-03
   1.5457981E+03   1.1070000E+03   1.0650000E+03   5.2570594E-03   4.9751414E-03
   1.5458057E+03   1.1140000E+03   1.0850000E+03   4.1229800E-03   2.7454346E-03
   1.5458132E+03   1.0720000E+03   1.0340000E+03   4.2067114E-03   2.7151688E-03
   1.5458207E+03   1.1430000E+03   1.1130000E+03   3.8235961E-03   2.6048782E-03
   1.5458283E+03   1.1370000E+03   1.1040000E+03   3.5936733E-04   1.4787763E-03
   1.5458358E+03   1.1040000E+03   1.0610000E+03   4.6042528E-03   5.6895217E-03
   1.5458433E+03   1.1350000E+03   1.0970000E+03   9.6502665E-03   9.9418582E-03
   1.5458508E+03   1.2080000E+03   1.1680000E+03   6.2114871E-03   6.5098549E-03
   1.5458584E+03   1.2010000E+03   1.1510000E+03   8.0545093E-03   9.3604342E-03
   1.5458659E+03   1.2610000E+03   1.2220000E+03   4.2546074E-03   4.2342560E-03
   1.5458734E+03   1.3160000E+03   1.2690000E+03   9.6079517E-04   1.2316108E-03
   1.5458810E+03   1.3190000E+03   1.2600000E+03   3.7640945E-03   3.6886563E-03
   1.5458885E+03   1.3090000E+03   1.2510000E+03   7.6126971E-03   8.0448203E-03
   1.5458960E+03   1.3380000E+03   1.2990000E+03   4.6668228E-03   3.9784181E-03
   1.5459035E+03   1.3330000E+03   1.2690000E+03   5.7557696E-03   4.6556108E-03
   1.5459111E+03   1.3840000E+03   1.3300000E+03   4.2809281E-03   3.4186563E-03
   1.5459186E+03   1.4490000E+03   1.4010000E+03   2.4734339E-03   2.5668702E-03
   1.5459261E+03   1.4380000E+03   1.3880000E+03   1.1910194E-02   1.1800286E-02
   1.5459337E+03   1.4960000E+03   1.4380000E+03   9.7480642E-03   8.9901647E-03
   1.5459412E+03   1.5200000E+03   1.4730000E+03   8.0432696E-03   8.5567914E-03
   1.5459487E+03   1.5050000E+03   1.4470000E+03   6.4336909E-03   6.7439186E-03
   1.5459562E+03   1.5390000E+03   1.4870000E+03   3.8722275E-03   6.0698541E-03
   1.5459638E+03   1.5220000E+03   1.4640000E+03   2.6074312E-03   1.5117134E-03
   1.5459713E+03   1.6120000E+03   1.5410000E+03   5.5376526E-03   4.7543730E-03
   1.5459788E+03   1.6000000E+03   1.5350000E+03   9.6040202E-03   1.0018732E-02
   1.5459864E+03   1.6040000E+03   1.5480000E+03   4.3257398E-03   3.7926838E-03
   1.5459939E+03   1.6970000E+03   1.6440000E+03   3.0925042E-03   4.4664027E-03
   1.5460014E+03   1.6000000E+03   1.5420000E+03   1.1814593E-02   1.2618644E-02
   1.5460089E+03   1.6870000E+03   1.6280000E+03   6.0705032E-03   6.3135162E-03
   1.5460165E+03   1.7860000E+03   1.7240000E+03   5.6074773E-03   4.6658280E-03
   1.5460240E+03   1.7860000E+03   1.7200000E+03   4.2984424E-03   5.0579175E-03
   1.5460315E+03   1.7910000E+03   1.7330000E+03   5.8657807E-03   4.7470733E-03
   1.5460391E+03   1.7990000E+03   1.7260000E+03   3.7357740E-03   3.7440418E-03
   1.5460466E+03   1.8700000E+03   1.7950000E+03   4.0183755E-03   3.6472613E-03
   1.5460541E+03   1.8910000E+03   1.8290000E+03   9.5105366E-03   7.9121709E-03
   1.5460616E+03   1.8980000E+03   1.8220000E+03   3.6448817E-03   2.4769725E-03
   1.5460692E+03   2.0620000E+03   1.9840000E+03   7.9670793E-03   8.6143570E-03
   1.5460767E+03   1.9830000E+03   1.9230000E+03   1.0251805E-02   1.1724436E-02
   1.5460842E+03   2.0570000E+03   1.9860000E+03   4.2231904E-03   2.9878060E-03
   1.5460917E+03   2.0320000E+03   1.9660000E+03   2.1982340E-03   3.1912575E-03
   1.5460993E+03   2.0320000E+03   1.9720000E+03   5.6553223E-03   4.8638107E-03
   1.5461068E+03   2.1500000E+03   2.0840000E+03   3.4513718E-03   3.4545120E-03
   1.5461143E+03   2.1310000E+03   2.0660000E+03   7.9972505E-03   7.8862851E-03
   1.5461219E+03   2.0990000E+03   2.0230000E+03   3.2627941E-03   4.1122024E-03
   1.5461294E+03   2.2470000E+03   2.1780000E+03   5.2134969E-03   5.6089800E-03
   1.5461369E+03   2.2870000E+03   2.2120000E+03   2.0767463E-03   3.2692975E-03
   1.5461444E+03   2.3320000E+03   2.2460000E+03   3.9777907E-03   2.9798506E-03
   1.5461520E+03   2.3390000E+03   2.2510000E+03   1.8790763E-03   1.5530787E-03
   1.5461595E+03   2.3190000E+03   2.2420000E+03   6.0568649E-03   5.7698542E-03
   1.5461670E+03   2.3090000E+03   2.2250000E+03   3.5386238E-03   2.1363739E-03
   1.5461746E+03   2.3840000E+03   2.3020000E+03   2.5241624E-03   2.2463561E-03
   1.5461821E+03   2.5000000E+03   2.4040000E+03   1.3109824E-03   1.3308705E-03
   1.5461896E+03   2.4420000E+03   2.3530000E+03   3.3538104E-03   4.7411956E-03
   1.5461971E+03   2.6050000E+03   2.5200000E+03   3.2388773E-03   3.6194869E-03
   1.5462047E+03   2.5850000E+03   2.5110000E+03   3.5456974E-03   4.1515580E-03
   1.5462122E+03   2.6330000E+03   2.5300000E+03   5.1233878E-03   4.7877792E-03
   1.5462197E+03   2.6560000E+03   2.5810000E+03   3.9717917E-03   4.0132563E-03
   1.5462273E+03   2.7230000E+03   2.6190000E+03   7.8541784E-03   6.8332594E-03
   1.5462348E+03   2.8270000E+03   2.7340000E+03   4.8582907E-03   5.2233831E-03
   1.5462423E+03   2.7280000E+03   2.6370000E+03   3.3002845E-03   2.7675766E-03
   1.5462498E+03   2.7640000E+03   2.6680000E+03   3.9290517E-03   3.2739678E-03
   1.5462574E+03   2.8470000E+03   2.7410000E+03   1.4956425E-03   2.5235894E-03
   1.5462649E+03   2.9530000E+03   2.8690000E+03   2.0657001E-03   2.4418858E-03
   1.5462724E+03   2.8790000E+03   2.7830000E+03   3.4878864E-03   2.9149057E-03
   1.5462800E+03   2.9840000E+03   2.8910000E+03   4.9470685E-03   5.1149456E-03
   1.5462875E+03   3.0070000E+03   2.9280000E+03   4.5817446E-03   3.9489302E-03
   1.5462950E+03   3.0560000E+03   2.9560000E+03   2.5203302E-03   3.4422024E-03
   1.5463025E+03   3.1370000E+03   3.0340000E+03   3.4824196E-03   4.5438376E-03
   1.5463101E+03   3.1930000E+03   3.0840000E+03   1.9541576E-03   2.9882102E-03
   1.5463176E+03   3.1840000E+03   3.0880000E+03   6.0089292E-03   6.2719752E-03
   1.5463251E+03   3.1880000E+03   3.0750000E+03   4.1839931E-03   3.2813829E-03
   1.5463327E+03   3.3570000E+03   3.2590000E+03   2.0655760E-03   2.7471155E-03
   1.5463402E+03   3.3260000E+03   3.2180000E+03   3.0592636E-03   2.8515176E-03
   1.5463477E+03   3.3380000E+03   3.2280000E+03   6.8288882E-03   6.0572026E-03
   1.5463552E+03   3.3940000E+03   3.2790000E+03   3.3779805E-04   1.4910232E-03
   1.5463628E+03   3.5470000E+03   3.4150000E+03   5.5200920E-03   5.1005881E-03
   1.5463703E+03   3.5760000E+03   3.4700000E+03   7.1797402E-03   8.1740117E-03
   1.5463778E+03   3.5690000E+03   3.4480000E+03   5.4732763E-03   4.9823089E-03
   1.5463854E+03   3.6970000E+03   3.5710000E+03   3.5153073E-03   2.3599422E-03
   1.5463929E+03   3.6020000E+03   3.4850000E+03   2.2742593E-03   2.5414143E-03
   1.5464004E+03   3.7540000E+03   3.6430000E+03   2.7729788E-03   3.7154082E-03
   1.5464079E+03   3.7630000E+03   3.6410000E+03   2.8276554E-03   4.7377136E-03
   1.5464155E+03   3.7340000E+03   3.6350000E+03   3.5951647E-03   2.6595178E-03
   1.5464230E+03   3.8560000E+03   3.7380000E+03   2.2668560E-03   2.0648734E-03
   1.5464305E+03   3.8630000E+03   3.7440000E+03   4.8492890E-03   5.0155320E-03
   1.5464381E+03   3.8940000E+03   3.7810000E+03   4.5284165E-03   3.8670615E-03
   1.5464456E+03   4.0380000E+03   3.9070000E+03   5.0518650E-03   5.1462061E-03
   1.5464531E+03   4.0220000E+03   3.9020000E+03   1.8396780E-03   1.7082634E-03
   1.5464606E+03   4.0720000E+03   3.9540000E+03   1.8505321E-03   8.3719805E-04
   1.5464682E+03   4.0260000E+03   3.8990000E+03   1.3920229E-03   1.9827758E-03
   1.5464757E+03   4.2160000E+03   4.1060000E+03   5.4791509E-03   5.7158594E-03
   1.5464832E+03   4.3220000E+03   4.2130000E+03   9.5426749E-03   9.5307177E-03
   1.5464908E+03   4.2300000E+03   4.1140000E+03   2.7945504E-03   3.1922696E-03
   1.5464983E+03   4.4000000E+03   4.2860000E+03   3.6311276E-03   4.6046474E-03
   1.5465058E+03   4.3670000E+03   4.2230000E+03   2.1709916E-03   1.9175873E-03
   1.5465133E+03   4.5030000E+03   4.3690000E+03   5.1133358E-03   5.6222122E-03
   1.5465209E+03   4.4930000E+03   4.3560000E+03   4.5152981E-03   5.0482719E-03
   1.5465284E+03   4.4870000E+03   4.3630000E+03   4.3110775E-03   4.4969670E-03
   1.5465359E+03   4.5690000E+03   4.4310000E+03   4.4145070E-03   4.7939131E-03
   1.5465434E+03   4.6580000E+03   4.5120000E+03   3.9641503E-03   3.0169209E-03
   1.5465510E+03   4.6910000E+03   4.5390000E+03   2.2981166E-03   2.2586102E-03
   1.5465585E+03   4.7930000E+03   4.6580000E+03   3.4635650E-03   3.8987014E-03
   1.5465660E+03   4.8600000E+03   4.7030000E+03   1.9930196E-03   2.6098509E-03
   1.5465736E+03   4.9480000E+03   4.8130000E+03   2.8282838E-03   3.0436503E-03
   1.5465811E+03   4.9210000E+03   4.7620000E+03   5.7350266E-03   5.4704333E-03
   1.5465886E+03   5.0760000E+03   4.9230000E+03   2.1306824E-03   1.9602008E-03
   1.5465961E+03   4.9060000E+03   4.7540000E+03   3.0408401E-03   3.1040188E-03
   1.5466037E+03   5.1540000E+03   5.0060000E+03   3.3839150E-03   4.4360386E-03
   1.5466112E+03   5.1070000E+03   4.9560000E+03   3.3683212E-03   2.3864379E-03
   1.5466187E+03   5.0700000E+03   4.9140000E+03   3.2157638E-03   3.1472676E-03
   1.5466263E+03   5.2650000E+03   5.1030000E+03   3.2484613E-03   4.2834957E-03
   1.5466338E+03   5.4340000E+03   5.2710000E+03   2.1026034E-03   2.5408258E-03
   1.5466413E+03   5.3510000E+03   5.1910000E+03   3.9475270E-03   4.1689500E-03
   1.5466488E+03   5.5180000E+03   5.3720000E+03   1.9758811E-03   2.6382637E-03
   1.5466564E+03   5.5740000E+03   5.4070000E+03   2.1286389E-03   1.2694189E-03
   1.5466639E+03   5.6430000E+03   5.4740000E+03   2.1918826E-03   2.4432519E-03
   1.5466714E+03   5.7110000E+03   5.5310000E+03   3.3763937E-03   3.2611541E-03
   1.5466790E+03   5.7920000E+03   5.6360000E+03   9.2961569E-04   6.7344869E-04
   1.5466865E+03   5.8530000E+03   5.6950000E+03   3.7676297E-03   3.9572129E-03
   1.5466940E+03   5.8820000E+03   5.6930000E+03   3.4248394E-03   3.1659032E-03
   1.5467015E+03   5.9560000E+03   5.7750000E+03   6.4805257E-03   6.6305986E-03
   1.5467091E+03   5.9740000E+03   5.7970000E+03   5.0044868E-03   5.2459841E-03
   1.5467166E+03   5.9770000E+03   5.8150000E+03   1.9391778E-03   2.4137144E-03
   1.5467241E+03   6.0530000E+03   5.8880000E+03   1.3906797E-03   1.2222376E-03
   1.5467317E+03   6.0620000E+03   5.8630000E+03   4.0500138E-03   3.9278330E-03
   1.5467392E+03   6.1420000E+03   5.9790000E+03   3.1642750E-03   4.2670787E-03
   1.5467467E+03   6.2290000E+03   6.0400000E+03   5.0724226E-03   5.0055090E-03
   1.5467542E+03   6.4130000E+03   6.2480000E+03   1.1572870E-03   1.6831160E-03
   1.5467618E+03   6.2710000E+03   6.0750000E+03   1.1819392E-03   1.4060155E-03
   1.5467693E+03   6.3670000E+03   6.1880000E+03   3.8858333E-03   4.1854225E-03
   1.5467768E+03   6.4190000E+03   6.2380000E+03   2.9746304E-03   2.9574333E-03
   1.5467844E+03   6.6570000E+03   6.4710000E+03   7.9618890E-04   1.2486519E-03
   1.5467919E+03   6.6350000E+03   6.4670000E+03   1.9872385E-03   1.4298809E-03
   1.5467994E+03   6.7890000E+03   6.6230000E+03   1.9781723E-03   2.4177981E-03
   1.5468069E+03   6.7600000E+03   6.5990000E+03   2.2112799E-03   2.0511826E-03
   1.5468145E+03   6.9600000E+03   6.7880000E+03   2.5042656E-03   2.1974106E-03
   1.5468220E+03   6.8730000E+03   6.6840000E+03   2.7934093E-03   2.7547029E-03
   1.5468295E+03   6.9570000E+03   6.7580000E+03   2.5158331E-03   2.8777555E-03
   1.5468371E+03   7.0910000E+03   6.9040000E+03   3.4393012E-03   3.4092456E-03
   1.5468446E+03   7.1510000E+03   6.9500000E+03   1.0654848E-03   9.2622861E-04
   1.5468521E+03   7.1200000E+03   6.9130000E+03   1.4408314E-03   1.3808561E-03
   1.5468596E+03   7.3340000E+03   7.1160000E+03   2.5698943E-03   2.9356027E-03
   1.5468672E+03   7.2600000E+03   7.0830000E+03   1.4704772E-03   1.3233935E-03
   1.5468747E+03   7.3570000E+03   7.1480000E+03   4.3474151E-03   4.6437582E-03
   1.5468822E+03   7.4750000E+03   7.2690000E+03   3.4764807E-03   3.1497465E-03
   1.5468898E+03   7.4690000E+03   7.2510000E+03   2.1924903E-03   3.0046357E-03
   1.5468973E+03   7.5360000E+03   7.3180000E+03   2.3593701E-03   2.5137628E-03
   1.5469048E+03   7.5930000E+03   7.3880000E+03   3.7848541E-03   4.1638854E-03
   1.5469123E+03   7.6450000E+03   7.4360000E+03   2.6922856E-03   2.5279453E-03
   1.5469199E+03   7.7850000E+03   7.5710000E+03   1.7241355E-03   2.1291894E-03
   1.5469274E+03   7.8250000E+03   7.5810000E+03   3.5404143E-03   3.0673244E-03
   1.5469349E+03   7.9070000E+03   7.6800000E+03   1.8640292E-03   2.1454219E-03
   1.5469425E+03   7.9970000E+03   7.7730000E+03   5.2920357E-03   5.2870104E-03
   1.5469500E+03   8.0100000E+03   7.7710000E+03   2.0965819E-03   2.6410834E-03
   1.5469575E+03   8.1940000E+03   7.9930000E+03   1.2328651E-03   9.0576172E-04
   1.5469650E+03   8.2930000E+03   8.0790000E+03   2.0176160E-03   1.8069957E-03
   1.5469726E+03   8.1620000E+03   7.9130000E+03   3.4413555E-03   4.1108413E-03
   1.5469801E+03   8.2890000E+03   8.0490000E+03   2.7778601E-03   2.3634922E-03
   1.5469876E+03   8.4200000E+03   8.1760000E+03   1.4017709E-03   9.6484457E-04
   1.5469951E+03   8.4470000E+03   8.2040000E+03   1.5983029E-03   1.6997196E-03
   1.5470027E+03   8.5940000E+03   8.3680000E+03   4.0410404E-03   4.8200617E-03
   1.5470102E+03   8.6510000E+03   8.4020000E+03   2.7639689E-03   2.5532155E-03
   1.5470177E+03   8.7770000E+03   8.5170000E+03   1.8398469E-03   1.9655044E-03
   1.5470253E+03   8.7400000E+03   8.5140000E+03   4.0961528E-03   3.7646349E-03
   1.5470328E+03   8.8340000E+03   8.6040000E+03   2.6707380E-03   2.6491006E-03
   1.5470403E+03   8.9320000E+03   8.6980000E+03   2.3210384E-03   2.3102730E-03
   1.5470478E+03   9.0910000E+03   8.8350000E+03   3.4601965E-03   3.7291057E-03
   1.5470554E+03   9.0200000E+03   8.7900000E+03   4.6004861E-03   4.4923432E-03
   1.5470629E+03   9.0110000E+03   8.7690000E+03   2.5913784E-03   2.6770811E-03
   1.5470704E+03   9.2060000E+03   8.9560000E+03   2.2309850E-03   1.7630475E-03
   1.5470780E+03   9.3140000E+03   9.0370000E+03   4.3880234E-03   4.5423834E-03
   1.5470855E+03   9.4160000E+03   9.1790000E+03   9.2851303E-04   9.3068535E-04
   1.5470930E+03   9.3090000E+03   9.0520000E+03   2.6167599E-03   2.9361513E-03
   1.5471005E+03   9.5710000E+03   9.2980000E+03   2.3240590E-03   2.1142592E-03
   1.5471081E+03   9.5410000E+03   9.2860000E+03   2.9370491E-03   3.5803298E-03
   1.5471156E+03   9.6090000E+03   9.3570000E+03   1.5683899E-03   1.8057452E-03
   1.5471231E+03   9.6000000E+03   9.3550000E+03   2.6681004E-03   2.4322980E-03
   1.5471307E+03   9.7440000E+03   9.4790000E+03   5.0852572E-03   5.5711877E-03
   1.5471382E+03   9.9030000E+03   9.6260000E+03   3.6981546E-03   3.3742805E-03
   1.5471457E+03   9.9280000E+03   9.6510000E+03   2.3241289E-03   2.0115063E-03
   1.5471532E+03   1.0007000E+04   9.7130000E+03   2.7723461E-03   3.1186111E-03
   1.5471608E+03   1.0091000E+04   9.8150000E+03   2.6493735E-03   2.3515804E-03
   1.5471683E+03   1.0098000E+04   9.8240000E+03   1.4472681E-03   1.5635333E-03
   1.5471758E+03   1.0266000E+04   9.9830000E+03   3.7714281E-03   3.2106869E-03
   1.5471834E+03   1.0152000E+04   9.8830000E+03   1.8030259E-03   1.5257236E-03
   1.5471909E+03   1.0306000E+04   1.0024000E+04   3.2033061E-03   3.5197242E-03
   1.5471984E+03   1.0489000E+04   1.0214000E+04   2.7680584E-03   2.4485016E-03
   1.5472059E+03   1.0540000E+04   1.0265000E+04   3.4437695E-03   3.6190165E-03
   1.5472135E+03   1.0579000E+04   1.0296000E+04   3.8885195E-03   4.1172959E-03
   1.5472210E+03   1.0809000E+04   1.0532000E+04   2.4811629E-03   2.7381671E-03
   1.5472285E+03   1.0761000E+04   1.0461000E+04   4.9547739E-04   7.5281484E-04
   1.5472361E+03   1.0515000E+04   1.0230000E+04   1.1414288E-03   1.4245135E-03
   1.5472436E+03   1.0899000E+04   1.0615000E+04   1.7447697E-03   1.6011543E-03
   1.5472511E+03   1.1174000E+04   1.0884000E+04   2.2200456E-03   2.1216077E-03
   1.5472586E+03   1.0896000E+04   1.0595000E+04   2.5637584E-03   2.7717034E-03
   1.5472662E+03   1.1150000E+04   1.0875000E+04   1.3640006E-03   1.9384107E-03
   1.5472737E+03   1.1345000E+04   1.1045000E+04   1.8982503E-03   1.6283600E-03
   1.5472812E+03   1.1265000E+04   1.0973000E+04   4.5110884E-03   4.5556466E-03
   1.5472888E+03   1.1260000E+04   1.0975000E+04   1.6584205E-03   1.7859994E-03
   1.5472963E+03   1.1403000E+04   1.1130000E+04   1.9773603E-03   2.0563552E-03
   1.5473038E+03   1.1359000E+04   1.1054000E+04   1.1882453E-03   4.1925827E-04
   1.5473113E+03   1.1494000E+04   1.1223000E+04   9.7822350E-04   4.8838174E-04
   1.5473189E+03   1.1750000E+04   1.1418000E+04   1.4399596E-03   1.2773577E-03
   1.5473264E+03   1.1516000E+04   1.1202000E+04   2.7709198E-03   2.8851338E-03
   1.5473339E+03   1.1825000E+04   1.1542000E+04   2.1100737E-03   2.7290374E-03
   1.5473415E+03   1.2047000E+04   1.1718000E+04   1.4929037E-03   1.4948406E-03
   1.5473490E+03   1.2179000E+04   1.1843000E+04   2.5670130E-03   2.5687697E-03
   1.5473565E+03   1.2063000E+04   1.1722000E+04   4.5790038E-04   7.1831415E-04
   1.5473640E+03   1.2229000E+04   1.1904000E+04   5.7439614E-04   5.1132080E-04
   1.5473716E+03   1.2239000E+04   1.1940000E+04   1.4682500E-03   1.3256157E-03
   1.5473791E+03   1.2085000E+04   1.1772000E+04   7.3231919E-04   8.3966325E-04
   1.5473866E+03   1.2424000E+04   1.2090000E+04   2.5726474E-03   2.8452598E-03
   1.5473942E+03   1.2523000E+04   1.2201000E+04   7.5986854E-04   8.4872476E-04
   1.5474017E+03   1.2458000E+04   1.2153000E+04   2.4137553E-04   8.2663710E-04
   1.5474092E+03   1.2452000E+04   1.2118000E+04   1.4676421E-03   1.3540672E-03
   1.5474167E+03   1.2698000E+04   1.2371000E+04   3.5251689E-03   3.9235948E-03
   1.5474243E+03   1.2672000E+04   1.2367000E+04   3.2926484E-03   3.5126765E-03
   1.5474318E+03   1.2628000E+04   1.2310000E+04   1.9618070E-03   2.2567047E-03
   1.5474393E+03   1.2722000E+04   1.2402000E+04   1.3538547E-03   1.5340521E-03
   1.5474468E+03   1.3043000E+04   1.2735000E+04   6.5994566E-04   3.3966156E-04
   1.5474544E+03   1.2874000E+04   1.2583000E+04   1.1573521E-03   1.5606981E-03
   1.5474619E+03   1.2988000E+04   1.2677000E+04   9.9201656E-04   8.0068842E-04
   1.5474694E+03   1.3016000E+04   1.2694000E+04   2.1949981E-03   2.1143197E-03
   1.5474770E+03   1.3199000E+04   1.2883000E+04   1.2048808E-03   1.6309843E-03
   1.5474845E+03   1.3298000E+04   1.2977000E+04   3.7178212E-03   3.8563507E-03
   1.5474920E+03   1.3107000E+04   1.2777000E+04   2.2597474E-03   2.8054061E-03
   1.5474995E+03   1.3329000E+04   1.3000000E+04   1.9056742E-03   1.7683381E-03
   1.5475071E+03   1.3560000E+04   1.3229000E+04   1.8184005E-04   4.5553948E-04
   1.5475146E+03   1.3348000E+04   1.3028000E+04   8.1302355E-04   9.1876547E-04
   1.5475221E+03   1.3643000E+04   1.3320000E+04   2.3841060E-03   2.4597924E-03
   1.5475297E+03   1.3487000E+04   1.3164000E+04   2.1150687E-03   2.0171033E-03
   1.5475372E+03   1.3671000E+04   1.3312000E+04   3.2391369E-03   3.2558345E-03
   1.5475447E+03   1.3718000E+04   1.3408000E+04   1.3301167E-03   1.3335950E-03
   1.5475522E+03   1.3643000E+04   1.3339000E+04   1.5828996E-03   1.7197012E-03
   1.5475598E+03   1.3874000E+04   1.3579000E+04   2.0218485E-03   2.0844274E-03
   1.5475673E+03   1.3902000E+04   1.3564000E+04   1.0892015E-03   8.7404205E-04
   1.5475748E+03   1.3799000E+04   1.3480000E+04   3.9138799E-03   4.1536344E-03
   1.5475824E+03   1.4172000E+04   1.3870000E+04   1.1385302E-03   9.9024575E-04
   1.5475899E+03   1.4233000E+04   1.3908000E+04   1.7031829E-03   1.5351136E-03
   1.5475974E+03   1.4171000E+04   1.3830000E+04   2.3383462E-03   2.6295652E-03
   1.5476049E+03   1.4157000E+04   1.3868000E+04   6.1359877E-04   7.6748759E-04
   1.5476125E+03   1.4413000E+04   1.4111000E+04   3.2328209E-03   3.3265134E-03
   1.5476200E+03   1.4429000E+04   1.4104000E+04   1.8659729E-03   1.8181295E-03
   1.5476275E+03   1.4559000E+04   1.4248000E+04   3.2503255E-03   3.8591682E-03
   1.5476351E+03   1.4280000E+04   1.3987000E+04   7.5622021E-04   9.3199442E-04
   1.5476426E+03   1.4281000E+04   1.3987000E+04   1.6213384E-03   1.5211381E-03
   1.5476501E+03   1.4572000E+04   1.4272000E+04   1.1907592E-03   1.1705257E-03
   1.5476576E+03   1.4710000E+04   1.4409000E+04   1.2071389E-03   1.3773925E-03
   1.5476652E+03   1.4392000E+04   1.4109000E+04   2.9768186E-03   3.0882884E-03
   1.5476727E+03   1.4834000E+04   1.4529000E+04   3.2607884E-03   3.4393971E-03
   1.5476802E+03   1.4706000E+04   1.4390000E+04   1.2728992E-03   1.4518988E-03
   1.5476878E+03   1.4942000E+04   1.4637000E+04   1.4219797E-03   1.4303146E-03
   1.5476953E+03   1.4967000E+04   1.4658000E+04   1.3582682E-03   1.5514343E-03
   1.5477028E+03   1.4919000E+04   1.4636000E+04   2.7852311E-04   2.2158139E-04
   1.5477103E+03   1.5101000E+04   1.4832000E+04   7.4315607E-04   6.9729857E-04
   1.5477179E+03   1.5013000E+04   1.4739000E+04   2.4222466E-03   2.7083064E-03
   1.5477254E+03   1.4908000E+04   1.4610000E+04   2.8207037E-03   2.6610869E-03
   1.5477329E+03   1.4912000E+04   1.4649000E+04   1.5414856E-03   1.4261824E-03
   1.5477405E+03   1.5185000E+04   1.4896000E+04   4.1851564E-04   4.6088175E-04
   1.5477480E+03   1.5077000E+04   1.4796000E+04   1.9609239E-03   1.9603479E-03
   1.5477555E+03   1.4918000E+04   1.4645000E+04   8.1847894E-04   1.0707739E-03
   1.5477630E+03   1.5361000E+04   1.5081000E+04   2.2642445E-03   2.4551032E-03
   1.5477706E+03   1.5237000E+04   1.4977000E+04   1.7473875E-03   1.9801463E-03
   1.5477781E+03   1.5401000E+04   1.5149000E+04   1.8503914E-03   1.7531423E-03
   1.5477856E+03   1.5316000E+04   1.5051000E+04   3.8317644E-04   1.0319382E-04
   1.5477932E+03   1.5397000E+04   1.5129000E+04   1.5458244E-03   1.4860728E-03
   1.5478007E+03   1.5467000E+04   1.5221000E+04   1.7238993E-03   1.7978662E-03
   1.5478082E+03   1.5457000E+04   1.5218000E+04   2.0821600E-03   2.0592681E-03
   1.5478157E+03   1.5512000E+04   1.5252000E+04   9.1665413E-04   9.2002843E-04
   1.5478233E+03   1.5674000E+04   1.5433000E+04   1.1656689E-03   1.0809054E-03
   1.5478308E+03   1.5662000E+04   1.5446000E+04   1.5990050E-03   1.6551280E-03
   1.5478383E+03   1.5350000E+04   1.5131000E+04   1.0199630E-03   8.0641724E-04
   1.5478459E+03   1.5742000E+04   1.5514000E+04   7.5592687E-04   8.8276315E-04
   1.5478534E+03   1.5892000E+04   1.5656000E+04   6.2963752E-04   6.2525919E-04
   1.5478609E+03   1.5867000E+04   1.5647000E+04   9.7287095E-04   1.0940822E-03
   1.5478684E+03   1.5965000E+04   1.5741000E+04   1.5320151E-03   1.4993974E-03
   1.5478760E+03   1.5854000E+04   1.5634000E+04   2.2642402E-03   2.3107516E-03
   1.5478835E+03   1.5824000E+04   1.5622000E+04   2.7282055E-03   2.8212990E-03
   1.5478910E+03   1.6061000E+04   1.5864000E+04   7.4011081E-04   7.3082542E-04
   1.5478985E+03   1.5838000E+04   1.5665000E+04   3.5343038E-03   3.5186368E-03
   1.5479061E+03   1.5890000E+04   1.5711000E+04   2.2788576E-03   2.3307214E-03
   1.5479136E+03   1.5974000E+04   1.5782000E+04   2.0289552E-03   1.9467304E-03
   1.5479211E+03   1.6194000E+04   1.6009000E+04   5.1981600E-04   4.7701582E-04
   1.5479287E+03   1.5980000E+04   1.5792000E+04   7.1023515E-04   5.2349996E-04
   1.5479362E+03   1.6107000E+04   1.5873000E+04   4.8744487E-04   5.1990350E-04
   1.5479437E+03   1.5986000E+04   1.5797000E+04   2.3750728E-03   2.4634739E-03
   1.5479512E+03   1.6274000E+04   1.6097000E+04   2.5243384E-03   2.6203746E-03
   1.5479588E+03   1.6120000E+04   1.5945000E+04   2.2229169E-03   2.1271355E-03
   1.5479663E+03   1.6122000E+04   1.5933000E+04   1.8053641E-03   1.7922867E-03
   1.5479738E+03   1.6291000E+04   1.6107000E+04   1.4517588E-03   1.4754393E-03
   1.5479814E+03   1.6497000E+04   1.6313000E+04   5.6640756E-04   6.1761485E-04
   1.5479889E+03   1.6509000E+04   1.6324000E+04   2.5014324E-03   2.4232412E-03
   1.5479964E+03   1.6218000E+04   1.6028000E+04   1.4302654E-03   1.4330382E-03
   1.5480039E+03   1.6276000E+04   1.6103000E+04   3.1005956E-03   3.0405115E-03
   1.5480115E+03   1.6635000E+04   1.6463000E+04   3.8763842E-03   3.8405505E-03
   1.5480190E+03   1.6323000E+04   1.6147000E+04   1.8047449E-03   1.8558761E-03
   1.5480265E+03   1.6584000E+04   1.6433000E+04   6.7531789E-04   6.3941317E-04
   1.5480341E+03   1.6497000E+04   1.6340000E+04   2.6594540E-03   2.6454301E-03
   1.5480416E+03   1.6408000E+04   1.6247000E+04   8.0979087E-04   8.4319916E-04
   1.5480491E+03   1.6750000E+04   1.6583000E+04   9.0075159E-04   8.9373992E-04
   1.5480566E+03   1.6555000E+04   1.6412000E+04   8.9461182E-04   8.5736721E-04
   1.5480642E+03   1.6753000E+04   1.6584000E+04   2.0173538E-03   2.0289545E-03
   1.5480717E+03   1.6780000E+04   1.6620000E+04   1.9183509E-03   1.8886892E-03
   1.5480792E+03   1.6619000E+04   1.6468000E+04   2.6596939E-03   2.6769842E-03
   1.5480868E+03   1.6686000E+04   1.6522000E+04   9.1257234E-04   9.0823611E-04
   1.5480943E+03   1.6676000E+04   1.6562000E+04   2.1379182E-03   2.1933149E-03
   1.5481018E+03   1.6727000E+04   1.6597000E+04   5.0572540E-04   4.8340536E-04
   1.5481093E+03   1.6958000E+04   1.6864000E+04   2.2245857E-03   2.2329969E-03
   1.5481169E+03   1.6763000E+04   1.6687000E+04   1.8546663E-03   1.8399785E-03
   1.5481244E+03   1.6426000E+04   1.6363000E+04   2.2133402E-03   2.2206718E-03
   1.5481319E+03   1.6465000E+04   1.6408000E+04   8.8002950E-04   8.8309225E-04
   1.5481395E+03   1.6354000E+04   1.6316000E+04   2.9959409E-03   3.0029051E-03
   1.5481470E+03   1.6318000E+04   1.6298000E+04   1.8283615E-03   1.8306010E-03
   1.5481545E+03   1.6140000E+04   1.6111000E+04   7.0365470E-04   7.0493169E-04
   1.5481620E+03   1.6075000E+04   1.6050000E+04   1.5951039E-03   1.5975871E-03
   1.5481696E+03   1.5548000E+04   1.5528000E+04   2.9207931E-03   2.9245887E-03
   1.5481771E+03   1.5868000E+04   1.5850000E+04   9.9188587E-04   9.9302063E-04
   1.5481846E+03   1.5616000E+04   1.5602000E+04   1.6513534E-03   1.6528346E-03
   1.5481922E+03   1.5655000E+04   1.5625000E+04   1.8095968E-03   1.8130253E-03
   1.5481997E+03   1.5564000E+04   1.5539000E+04   2.0525116E-03   2.0558264E-03
   1.5482072E+03   1.5066000E+04   1.5052000E+04   2.2408357E-03   2.2429124E-03
   1.5482147E+03   1.4819000E+04   1.4803000E+04   2.2850945E-03   2.2875691E-03
   1.5482223E+03   1.4912000E+04   1.4897000E+04   3.2058578E-03   3.2090681E-03
   1.5482298E+03   1.4468000E+04   1.4443000E+04   1.4264587E-03   1.4289237E-03
   1.5482373E+03   1.4625000E+04   1.4603000E+04   2.4289417E-03   2.4325553E-03
   1.5482449E+03   1.4289000E+04   1.4259000E+04   2.5687936E-03   2.5741973E-03
   1.5482524E+03   1.4400000E+04   1.4373000E+04   8.6354038E-04   8.6517046E-04
   1.5482599E+03   1.4202000E+04   1.4177000E+04   6.9800422E-04   6.9923920E-04
   1.5482674E+03   1.3854000E+04   1.3825000E+04   3.2383165E-03   3.2450951E-03
   1.5482750E+03   1.3577000E+04   1.3547000E+04   2.0042564E-03   2.0086897E-03
   1.5482825E+03   1.3483000E+04   1.3442000E+04   1.2598489E-03   1.2636672E-03
   1.5482900E+03   1.3317000E+04   1.3272000E+04   2.2839095E-03   2.2916618E-03
   1.5482976E+03   1.3301000E+04   1.3257000E+04   5.2432795E-04   5.2607528E-04
   1.5483051E+03   1.3292000E+04   1.3237000E+04   2.2741536E-03   2.2835792E-03
   1.5483126E+03   1.2945000E+04   1.2897000E+04   2.2947608E-03   2.3033122E-03
   1.5483201E+03   1.2783000E+04   1.2731000E+04   2.3739518E-03   2.3836280E-03
   1.5483277E+03   1.2654000E+04   1.2596000E+04   2.2946799E-03   2.3052521E-03
   1.5483352E+03   1.2751000E+04   1.2699000E+04   1.4107212E-03   1.4163701E-03
   1.5483427E+03   1.2435000E+04   1.2368000E+04   2.8326015E-03   2.8480036E-03
   1.5483502E+03   1.2265000E+04   1.2211000E+04   1.8600067E-03   1.8682401E-03
   1.5483578E+03   1.1948000E+04   1.1894000E+04   1.3385963E-03   1.3446847E-03
   1.5483653E+03   1.2070000E+04   1.2000000E+04   2.0879294E-03   2.1001009E-03
   1.5483728E+03   1.2166000E+04   1.2111000E+04   2.0144822E-03   2.0236634E-03
   1.5483804E+03   1.1959000E+04   1.1884000E+04   1.2210695E-03   1.2287343E-03
   1.5483879E+03   1.1874000E+04   1.1807000E+04   1.8276564E-03   1.8380183E-03
   1.5483954E+03   1.1698000E+04   1.1626000E+04   7.3124178E-04   7.3575881E-04
   1.5484029E+03   1.1389000E+04   1.1330000E+04   2.1775956E-03   2.1889437E-03
   1.5484105E+03   1.1409000E+04   1.1335000E+04   9.9811202E-04   1.0046661E-03
   1.5484180E+03   1.1461000E+04   1.1394000E+04   2.4015458E-03   2.4156765E-03
   1.5484255E+03   1.1138000E+04   1.1078000E+04   1.1973567E-03   1.2030891E-03
   1.5484331E+03   1.1089000E+04   1.1023000E+04   4.4096289E-04   4.4360892E-04
   1.5484406E+03   1.0967000E+04   1.0888000E+04   8.6886225E-04   8.7524951E-04
   1.5484481E+03   1.1125000E+04   1.1059000E+04   1.0962329E-03   1.1028398E-03
   1.5484556E+03   1.0709000E+04   1.0641000E+04   1.1937973E-03   1.2014053E-03
   1.5484632E+03   1.0513000E+04   1.0449000E+04   3.8516977E-03   3.8752836E-03
   1.5484707E+03   1.0637000E+04   1.0549000E+04   2.2057164E-03   2.2240073E-03
   1.5484782E+03   1.0377000E+04   1.0293000E+04   2.3635500E-03   2.3827399E-03
   1.5484858E+03   1.0344000E+04   1.0259000E+04   1.7724328E-03   1.7870744E-03
   1.5484933E+03   1.0356000E+04   1.0277000E+04   7.5428847E-04   7.5986264E-04
   1.5485008E+03   1.0105000E+04   1.0034000E+04   1.5113684E-03   1.5220383E-03
   1.5485083E+03   1.0131000E+04   1.0055000E+04   2.9130544E-03   2.9350642E-03
   1.5485159E+03   1.0018000E+04   9.9450000E+03   2.1625818E-03   2.1864168E-03
   1.5485234E+03   1.0000000E+04   9.9170000E+03   1.0788151E-03   1.0796670E-03
   1.5485309E+03   9.9690000E+03   9.8930000E+03   7.7795276E-04   7.8388814E-04
   1.5485385E+03   9.8710000E+03   9.8000000E+03   4.7916566E-03   4.8263767E-03
   1.5485460E+03   9.6670000E+03   9.5810000E+03   1.6195944E-03   1.6341188E-03
   1.5485535E+03   9.7160000E+03   9.6420000E+03   3.2359803E-03   3.2612591E-03
   1.5485610E+03   9.7820000E+03   9.6930000E+03   2.4324597E-03   2.4532283E-03
   1.5485686E+03   9.5260000E+03   9.4550000E+03   5.5672119E-04   5.6088657E-04
   1.5485761E+03   9.2610000E+03   9.1690000E+03   2.4781172E-03   2.5030035E-03
   1.5485836E+03   9.5160000E+03   9.4280000E+03   1.5516644E-03   1.5632213E-03
   1.5485912E+03   9.3400000E+03   9.2340000E+03   1.3020537E-03   1.3170409E-03
   1.5485987E+03   9.4740000E+03   9.3870000E+03   1.4914053E-03   1.5052461E-03
   1.5486062E+03   9.1870000E+03   9.1110000E+03   7.7492445E-04   7.8137666E-04
   1.5486137E+03   9.0650000E+03   8.9770000E+03   5.2760906E-04   5.3275074E-04
   1.5486213E+03   8.9330000E+03   8.8610000E+03   2.6546221E-03   2.6760391E-03
   1.5486288E+03   9.1100000E+03   9.0160000E+03   2.1200480E-03   2.1421218E-03
   1.5486363E+03   8.9390000E+03   8.8410000E+03   2.1527979E-03   2.1769767E-03
   1.5486439E+03   8.9520000E+03   8.8520000E+03   1.7555648E-03   1.7754224E-03
   1.5486514E+03   8.8210000E+03   8.7510000E+03   8.5102861E-04   8.5783566E-04
   1.5486589E+03   9.0410000E+03   8.9400000E+03   2.2617412E-03   2.2873540E-03
   1.5486664E+03   8.8760000E+03   8.7840000E+03   3.0379337E-03   3.0697580E-03
   1.5486740E+03   8.5740000E+03   8.4890000E+03   1.8161847E-03   1.8342887E-03
   1.5486815E+03   8.6780000E+03   8.5730000E+03   1.8072848E-03   1.8294000E-03
   1.5486890E+03   8.6800000E+03   8.5640000E+03   1.2293376E-03   1.2459449E-03
   1.5486966E+03   8.5050000E+03   8.4320000E+03   1.3514544E-03   1.3631145E-03
   1.5487041E+03   8.5720000E+03   8.4820000E+03   2.0058119E-03   2.0272664E-03
   1.5487116E+03   8.4190000E+03   8.3140000E+03   2.0258707E-03   2.0521747E-03
   1.5487191E+03   8.5420000E+03   8.4440000E+03   1.5060122E-03   1.5234400E-03
   1.5487267E+03   8.5080000E+03   8.4280000E+03   1.6178837E-03   1.6332058E-03
   1.5487342E+03   8.3520000E+03   8.2510000E+03   2.7133241E-03   2.7466984E-03
   1.5487417E+03   8.3000000E+03   8.2000000E+03   3.2277265E-03   3.2655024E-03
   1.5487493E+03   8.2180000E+03   8.1270000E+03   5.8934104E-04   5.9597527E-04
   1.5487568E+03   8.3690000E+03   8.2640000E+03   6.0607780E-04   6.1374277E-04
   1.5487643E+03   8.3040000E+03   8.1990000E+03   2.9553294E-03   2.9931685E-03
   1.5487718E+03   8.0310000E+03   7.9390000E+03   1.8369446E-03   1.8582545E-03
   1.5487794E+03   8.2180000E+03   8.1510000E+03   2.6520384E-03   2.6738577E-03
   1.5487869E+03   8.2140000E+03   8.1090000E+03   2.5679528E-03   2.6034181E-03
   1.5487944E+03   8.0740000E+03   7.9500000E+03   1.7614814E-03   1.7889669E-03
   1.5488019E+03   8.0730000E+03   7.9820000E+03   1.1284587E-03   1.1416749E-03
   1.5488095E+03   8.0430000E+03   7.9500000E+03   1.8285416E-03   1.8498244E-03
   1.5488170E+03   8.1570000E+03   8.0350000E+03   2.4758242E-03   2.5134421E-03
   1.5488245E+03   8.0240000E+03   7.8960000E+03   8.5915123E-04   8.7313245E-04
   1.5488321E+03   7.8090000E+03   7.6830000E+03   1.4444784E-03   1.4682554E-03
   1.5488396E+03   7.8900000E+03   7.7700000E+03   1.7501992E-03   1.7770097E-03
   1.5488471E+03   7.8140000E+03   7.6890000E+03   2.3610341E-03   2.3989630E-03
   1.5488546E+03   8.0570000E+03   7.9520000E+03   5.4340953E-04   5.6011413E-04
   1.5488622E+03   7.9780000E+03   7.8650000E+03   9.9668503E-04   1.0110368E-03
   1.5488697E+03   7.7630000E+03   7.6560000E+03   1.7410697E-03   1.7654981E-03
   1.5488772E+03   7.7710000E+03   7.6540000E+03   1.5763298E-03   1.6005158E-03
   1.5488848E+03   7.7810000E+03   7.6720000E+03   2.6131822E-03   2.6487485E-03
   1.5488923E+03   7.9020000E+03   7.7650000E+03   1.4682642E-03   1.4941111E-03
   1.5488998E+03   7.7210000E+03   7.5710000E+03   1.1529377E-03   1.1759814E-03
   1.5489073E+03   7.8940000E+03   7.8000000E+03   4.3542980E-04   4.4066674E-04
   1.5489149E+03   7.7970000E+03   7.6740000E+03   1.9208571E-03   1.9515899E-03
   1.5489224E+03   7.7530000E+03   7.6500000E+03   6.1182974E-04   6.2021108E-04
   1.5489299E+03   7.8540000E+03   7.7260000E+03   5.2865952E-04   5.3761132E-04
   1.5489375E+03   7.6780000E+03   7.5540000E+03   7.7776664E-04   7.9214557E-04
   1.5489450E+03   7.7570000E+03   7.6340000E+03   8.6292210E-04   8.7680384E-04
   1.5489525E+03   7.8020000E+03   7.6690000E+03   3.6425009E-03   3.7004954E-03
   1.5489600E+03   7.5900000E+03   7.4690000E+03   2.2129150E-03   2.2487068E-03
   1.5489676E+03   7.6000000E+03   7.4910000E+03   2.1108083E-03   2.1414728E-03
   1.5489751E+03   7.6630000E+03   7.5390000E+03   1.5802738E-03   1.6063045E-03
   1.5489826E+03   7.5890000E+03   7.4590000E+03   1.0301032E-03   1.0448144E-03
   1.5489902E+03   7.8050000E+03   7.6890000E+03   4.0419109E-04   4.1021354E-04
   1.5489977E+03   7.6280000E+03   7.5000000E+03   2.0017835E-03   2.0359108E-03
   1.5490052E+03   7.6000000E+03   7.4720000E+03   1.0793579E-03   1.0978630E-03
   1.5490127E+03   7.6110000E+03   7.4840000E+03   2.7089209E-03   2.7551747E-03
   1.5490203E+03   7.4620000E+03   7.3410000E+03   2.7720009E-03   2.8172788E-03
   1.5490278E+03   7.6490000E+03   7.5180000E+03   2.2459768E-03   2.2849634E-03
   1.5490353E+03   7.7720000E+03   7.6450000E+03   3.3401983E-04   3.3873628E-04
   1.5490429E+03   7.7000000E+03   7.5980000E+03   6.3328680E-04   6.4177187E-04
   1.5490504E+03   7.6330000E+03   7.5080000E+03   3.6844256E-04   3.7433258E-04
   1.5490579E+03   7.4690000E+03   7.3300000E+03   6.1611254E-04   6.2902820E-04
   1.5490654E+03   7.6250000E+03   7.4970000E+03   2.2139873E-03   2.2521967E-03
   1.5490730E+03   7.5990000E+03   7.4460000E+03   1.2857351E-03   1.3075983E-03
   1.5490805E+03   7.5260000E+03   7.3970000E+03   3.6269457E-03   3.6904697E-03
   1.5490880E+03   7.7090000E+03   7.5790000E+03   1.2875674E-03   1.3097063E-03
   1.5490956E+03   7.5750000E+03   7.4380000E+03   1.3237016E-03   1.3488392E-03
   1.5491031E+03   7.6330000E+03   7.4900000E+03   1.6406037E-03   1.6719557E-03
   1.5491106E+03   7.6990000E+03   7.5510000E+03   8.3270761E-04   8.4656389E-04
   1.5491181E+03   7.7320000E+03   7.5930000E+03   7.4476021E-04   7.4919053E-04
   1.5491257E+03   7.7040000E+03   7.5560000E+03   1.8210284E-03   1.8567267E-03
   1.5491332E+03   7.6640000E+03   7.5330000E+03   7.3214581E-04   7.4557663E-04
   1.5491407E+03   7.6010000E+03   7.4480000E+03   9.0484111E-04   9.2438100E-04
   1.5491483E+03   7.6600000E+03   7.4790000E+03   9.9974552E-04   1.0240135E-03
   1.5491558E+03   7.4900000E+03   7.3500000E+03   2.0116718E-03   2.0500350E-03
   1.5491633E+03   7.4910000E+03   7.3430000E+03   5.6750777E-04   5.7884849E-04
   1.5491708E+03   7.8560000E+03   7.7050000E+03   1.0785189E-03   1.0997018E-03
   1.5491784E+03   7.7440000E+03   7.5980000E+03   1.2308951E-03   1.2579272E-03
   1.5491859E+03   7.6830000E+03   7.5440000E+03   7.6180007E-04   7.7599978E-04
   1.5491934E+03   7.6440000E+03   7.4980000E+03   8.8297307E-04   9.0769513E-04
   1.5492010E+03   7.9510000E+03   7.7930000E+03   1.5926860E-03   1.6384307E-03
   1.5492085E+03   7.6930000E+03   7.5470000E+03   8.1204627E-04   8.2922449E-04
   1.5492160E+03   7.8070000E+03   7.6450000E+03   1.8811925E-04   1.9227002E-04
   1.5492235E+03   7.4140000E+03   7.2850000E+03   1.5454454E-03   1.5734130E-03
   1.5492311E+03   7.6990000E+03   7.5540000E+03   2.0716935E-04   2.1121298E-04
   1.5492386E+03   7.9210000E+03   7.7630000E+03   1.1587551E-03   1.1770158E-03
   1.5492461E+03   7.7860000E+03   7.6300000E+03   1.0820000E-03   1.1042241E-03
   1.5492536E+03   7.9580000E+03   7.8250000E+03   1.3661710E-03   1.3893552E-03
   1.5492612E+03   7.9280000E+03   7.7640000E+03   1.6396273E-03   1.6742740E-03
   1.5492687E+03   7.6730000E+03   7.5270000E+03   3.2921129E-04   3.3440712E-04
   1.5492762E+03   7.7690000E+03   7.6220000E+03   8.6789905E-04   8.8356308E-04
   1.5492838E+03   7.7810000E+03   7.6150000E+03   3.8743437E-05   3.9470598E-05
   1.5492913E+03   8.0190000E+03   7.8630000E+03   4.9176822E-04   5.1057982E-04
   1.5492988E+03   8.0300000E+03   7.8530000E+03   1.1558582E-03   1.1821880E-03
   1.5493063E+03   7.9300000E+03   7.7520000E+03   7.0387316E-04   7.2014228E-04
   1.5493139E+03   7.9520000E+03   7.7990000E+03   4.8380915E-04   4.9345799E-04
   1.5493214E+03   8.0250000E+03   7.8740000E+03   7.2708856E-04   7.4098630E-04
   1.5493289E+03   8.0290000E+03   7.8640000E+03   7.2609449E-04   7.4140747E-04
   1.5493365E+03   8.1100000E+03   7.9290000E+03   6.1458191E-04   6.2871489E-04
   1.5493440E+03   7.9840000E+03   7.8000000E+03   6.3673913E-04   6.7228533E-04
   1.5493515E+03   8.0730000E+03   7.8970000E+03   6.7606788E-04   6.9030389E-04
   1.5493590E+03   8.1820000E+03   8.0230000E+03   8.6939586E-04   8.8660681E-04
   1.5493666E+03   7.9880000E+03   7.8190000E+03   5.0682269E-04   5.1779341E-04
   1.5493741E+03   8.1430000E+03   7.9820000E+03   9.5194444E-04   9.7114253E-04
   1.5493816E+03   8.0430000E+03   7.8830000E+03   9.0649597E-04   9.2694010E-04
   1.5493892E+03   8.1530000E+03   7.9820000E+03   7.5365925E-04   7.6981225E-04
   1.5493967E+03   8.3060000E+03   8.1310000E+03   9.2610149E-05   9.4486618E-05
   1.5494042E+03   8.3470000E+03   8.1790000E+03   3.0187292E-04   3.0799636E-04
   1.5494117E+03   8.3360000E+03   8.1620000E+03   5.0359423E-04   5.1422025E-04
   1.5494193E+03   8.3260000E+03   8.1410000E+03   2.5106320E-04   2.5684251E-04
   1.5494268E+03   8.2830000E+03   8.0890000E+03   1.3734744E-04   1.4017784E-04
   1.5494343E+03   8.4640000E+03   8.3010000E+03   9.7303259E-05   9.9254588E-05
   1.5494419E+03   8.5920000E+03   8.4150000E+03   1.9712092E-04   2.0123921E-04
   1.5494494E+03   8.4150000E+03   8.2330000E+03   1.0963965E-04   1.1199227E-04
   1.5494569E+03   8.3460000E+03   8.1600000E+03   1.7453260E-04   1.7838807E-04
   1.5494644E+03   8.5430000E+03   8.3480000E+03   9.1080028E-05   9.3212425E-05
   1.5494720E+03   8.4790000E+03   8.3120000E+03   1.2440611E-04   1.2696792E-04
   1.5494795E+03   8.5420000E+03   8.3630000E+03   6.3312533E-05   6.4266252E-05
   1.5494870E+03   8.6170000E+03   8.4150000E+03   8.1394522E-05   8.3444234E-05
   1.5494946E+03   8.5160000E+03   8.3270000E+03   1.3165375E-04   1.3457564E-04
   1.5495021E+03   8.7790000E+03   8.6200000E+03   2.9427064E-05   2.9906877E-05
   1.5495096E+03   8.9000000E+03   8.6990000E+03   1.1321024E-05   1.1454041E-05
   1.5495171E+03   8.9320000E+03   8.7430000E+03   4.1906504E-06   4.3088103E-06
   1.5495247E+03   8.8080000E+03   8.6230000E+03   9.1819181E-05   9.3885401E-05
   1.5495322E+03   9.0550000E+03   8.8690000E+03   1.3491385E-05   1.4452573E-05
   1.5495397E+03   8.9260000E+03   8.7420000E+03   2.7892752E-05   2.8467376E-05
   1.5495473E+03   8.8810000E+03   8.6810000E+03   1.4147049E-05   1.4513779E-05
   1.5495548E+03   9.0220000E+03   8.8360000E+03   4.7777038E-05   4.8924846E-05
   1.5495623E+03   8.8520000E+03   8.6800000E+03   5.0928916E-06   5.2503650E-06
   1.5495698E+03   9.2380000E+03   9.0480000E+03   6.7070535E-05   6.8480720E-05
   1.5495774E+03   9.1470000E+03   8.9450000E+03   1.4385136E-05   1.4381662E-05
   1.5495849E+03   9.1670000E+03   8.9790000E+03   4.6289810E-05   4.8999671E-05
   1.5495924E+03   9.4200000E+03   9.2460000E+03   3.0505554E-05   9.2709429E-06
   1.5496000E+03   9.2480000E+03   9.0290000E+03   7.3958451E-05   7.5266846E-05
   1.5496075E+03   9.3570000E+03   9.1450000E+03   9.1861019E-06   9.4574278E-06
   1.5496150E+03   9.5070000E+03   9.2870000E+03   3.6589837E-05   3.7308417E-05
   1.5496225E+03   9.6780000E+03   9.4740000E+03   3.5219491E-06   3.6735785E-06
   1.5496301E+03   9.5980000E+03   9.4010000E+03   3.2749588E-05   3.3414681E-05
   1.5496376E+03   9.5190000E+03   9.3060000E+03   3.9486219E-05   4.0391360E-05
   1.5496451E+03   9.5490000E+03   9.3050000E+03   1.4782993E-05   1.5017430E-05
   1.5496527E+03   9.8210000E+03   9.6360000E+03   2.9183170E-05   2.9872218E-05
   1.5496602E+03   9.8900000E+03   9.6950000E+03   4.5014310E-05   4.6068668E-05
   1.5496677E+03   9.6990000E+03   9.4940000E+03   1.9097441E-05   1.9532506E-05
   1.5496752E+03   9.7630000E+03   9.5440000E+03   2.8516954E-05   2.9132691E-05
   1.5496828E+03   1.0035000E+04   9.8370000E+03   6.0098313E-05   6.1290185E-05
   1.5496903E+03   9.7860000E+03   9.5800000E+03   4.1206303E-05   3.8287054E-05
   1.5496978E+03   1.0023000E+04   9.8300000E+03   3.4224626E-05   3.4935947E-05
   1.5497053E+03   9.9140000E+03   9.7070000E+03   4.6695967E-05   4.6371289E-05
   1.5497129E+03   1.0223000E+04   9.9640000E+03   1.5062725E-05   1.5829160E-05
   1.5497204E+03   1.0225000E+04   1.0019000E+04   2.0680817E-05   2.0020469E-05
   1.5497279E+03   1.0043000E+04   9.8350000E+03   6.1630718E-05   5.9631422E-05
   1.5497355E+03   1.0168000E+04   9.9580000E+03   4.9194056E-05   5.0259479E-05
   1.5497430E+03   1.0354000E+04   1.0149000E+04   6.0587824E-05   6.1863787E-05
   1.5497505E+03   1.0111000E+04   9.9040000E+03   5.0998631E-05   5.2442053E-05
   1.5497580E+03   1.0240000E+04   1.0034000E+04   5.0925166E-05   5.1979735E-05
   1.5497656E+03   1.0571000E+04   1.0360000E+04   4.7795762E-05   4.8159125E-05
   1.5497731E+03   1.0441000E+04   1.0223000E+04   2.4959727E-05   2.5476201E-05
   1.5497806E+03   1.0576000E+04   1.0349000E+04   2.0088744E-05   2.0462930E-05
   1.5497882E+03   1.0716000E+04   1.0490000E+04   2.3694203E-05   2.5176761E-05
   1.5497957E+03   1.0640000E+04   1.0414000E+04   1.6287470E-05   2.1335532E-05
   1.5498032E+03   1.0856000E+04   1.0662000E+04   1.2646077E-05   1.2913548E-05
   1.5498107E+03   1.0698000E+04   1.0503000E+04   1.2285395E-05   1.2254014E-05
   1.5498183E+03   1.1056000E+04   1.0805000E+04   3.1770226E-05   3.2573871E-05
   1.5498258E+03   1.0848000E+04   1.0625000E+04   1.9717722E-05   2.0030984E-05
   1.5498333E+03   1.1021000E+04   1.0783000E+04   2.9708841E-05   3.0471717E-05
   1.5498409E+03   1.0920000E+04   1.0696000E+04   7.6377637E-05   7.1133576E-05
   1.5498484E+03   1.1024000E+04   1.0797000E+04   4.7669278E-05   3.2320438E-05
   1.5498559E+03   1.1130000E+04   1.0899000E+04   4.6514988E-05   4.8413774E-05
   1.5498634E+03   1.1122000E+04   1.0900000E+04   4.1718048E-05   4.2443168E-05
   1.5498710E+03   1.1393000E+04   1.1147000E+04   3.7387266E-05   3.8176801E-05
   1.5498785E+03   1.1386000E+04   1.1145000E+04   6.2252903E-05   6.3576596E-05
   1.5498860E+03   1.1247000E+04   1.0983000E+04   1.4556840E-05   1.5116377E-05
   1.5498936E+03   1.1238000E+04   1.1020000E+04   1.0740031E-05   1.0989369E-05
   1.5499011E+03   1.1233000E+04   1.1001000E+04   2.4344950E-05   2.4803778E-05
   1.5499086E+03   1.1622000E+04   1.1377000E+04   1.9212746E-05   2.0259828E-05
   1.5499161E+03   1.1428000E+04   1.1217000E+04   9.6584794E-06   9.8215021E-06
   1.5499237E+03   1.1527000E+04   1.1272000E+04   3.1629902E-05   3.2877489E-05
   1.5499312E+03   1.1684000E+04   1.1453000E+04   3.0342531E-05   3.3536100E-05
   1.5499387E+03   1.1442000E+04   1.1241000E+04   1.9648887E-05   1.9976568E-05
   1.5499463E+03   1.1944000E+04   1.1712000E+04   1.9664220E-05   1.6070469E-05
   1.5499538E+03   1.1902000E+04   1.1662000E+04   5.0406713E-06   4.9294711E-06
   1.5499613E+03   1.1836000E+04   1.1600000E+04   4.7247739E-06   1.2343048E-05
   1.5499688E+03   1.1664000E+04   1.1451000E+04   2.2798371E-05   2.3599767E-05
   1.5499764E+03   1.1886000E+04   1.1661000E+04   3.3544844E-05   3.3863023E-05
   1.5499839E+03   1.1963000E+04   1.1725000E+04   4.5257595E-05   5.4692335E-05
   1.5499914E+03   1.2152000E+04   1.1901000E+04   3.5022881E-05   3.5960416E-05
   1.5499990E+03   1.2045000E+04   1.1822000E+04   6.9186592E-06   6.8775433E-06
   1.5500065E+03   1.2274000E+04   1.2054000E+04   2.0229589E-06   1.2171917E-06
   1.5500140E+03   1.2242000E+04   1.2001000E+04   2.3494154E-05   2.3885504E-05
   1.5500215E+03   1.2274000E+04   1.2014000E+04   2.5405040E-05   2.5915287E-05
   1.5500291E+03   1.2161000E+04   1.1901000E+04   8.9758108E-06   8.9387562E-06
   1.5500366E+03   1.2331000E+04   1.2075000E+04   9.0062980E-05   9.1944422E-05
   1.5500441E+03   1.2431000E+04   1.2197000E+04   3.8036357E-05   3.8722327E-05
   1.5500517E+03   1.2231000E+04   1.1981000E+04   3.5694328E-05   3.7046459E-05
   1.5500592E+03   1.2491000E+04   1.2245000E+04   1.9219960E-05   1.6956154E-05
   1.5500667E+03   1.2528000E+04   1.2263000E+04   2.5167765E-05   2.4736961E-05
   1.5500742E+03   1.2537000E+04   1.2279000E+04   4.3715513E-05   4.4758310E-05
   1.5500818E+03   1.2510000E+04   1.2273000E+04   4.8404435E-05   4.9282165E-05
   1.5500893E+03   1.2896000E+04   1.2634000E+04   4.8693519E-05   4.9621662E-05
   1.5500968E+03   1.2532000E+04   1.2313000E+04   5.0550543E-05   5.1461531E-05
   1.5501044E+03   1.2735000E+04   1.2525000E+04   1.4981687E-05   1.5240297E-05
   1.5501119E+03   1.2704000E+04   1.2457000E+04   4.8925858E-05   4.9804618E-05
   1.5501194E+03   1.2806000E+04   1.2568000E+04   4.0658264E-05   4.0647079E-05
   1.5501269E+03   1.2748000E+04   1.2503000E+04   4.0411678E-05   4.0590192E-05
   1.5501345E+03   1.2936000E+04   1.2716000E+04   4.9451780E-05   1.6932055E-05
   1.5501420E+03   1.3012000E+04   1.2772000E+04   1.6680911E-05   1.6785305E-05
   1.5501495E+03   1.2974000E+04   1.2726000E+04   1.3003006E-05   1.3253304E-05
   1.5501571E+03   1.2886000E+04   1.2647000E+04   1.9291189E-05   1.9719783E-05
   1.5501646E+03   1.3044000E+04   1.2831000E+04   2.1203260E-05   3.2904647E-05
   1.5501721E+03   1.3173000E+04   1.2938000E+04   1.2966714E-05   1.3070387E-05
   1.5501796E+03   1.3265000E+04   1.3022000E+04   4.4930398E-05   2.4643709E-05
   1.5501872E+03   1.3274000E+04   1.3027000E+04   1.0559159E-04   1.0697832E-04
   1.5501947E+03   1.3305000E+04   1.3077000E+04   4.9042685E-06   5.7265245E-06
   1.5502022E+03   1.3006000E+04   1.2784000E+04   5.6673224E-05   4.7687009E-05
   1.5502097E+03   1.3348000E+04   1.3109000E+04   1.0652459E-05   4.2381881E-05
   1.5502173E+03   1.3470000E+04   1.3240000E+04   4.7866876E-05   4.8664732E-05
   1.5502248E+03   1.3196000E+04   1.2975000E+04   4.4750691E-05   4.5505793E-05
   1.5502323E+03   1.3499000E+04   1.3293000E+04   3.6398558E-05   3.1821324E-05
   1.5502399E+03   1.3428000E+04   1.3209000E+04   9.3170137E-06   9.3783296E-06
   1.5502474E+03   1.3647000E+04   1.3431000E+04   4.2672904E-05   4.3386055E-05
   1.5502549E+03   1.3428000E+04   1.3212000E+04   6.3930028E-05   6.5536744E-05
   1.5502624E+03   1.3456000E+04   1.3221000E+04   2.1758600E-05   3.0268297E-05
   1.5502700E+03   1.3619000E+04   1.3422000E+04   4.8991843E-05   4.2148725E-05
   1.5502775E+03   1.3717000E+04   1.3499000E+04   8.3013271E-05   3.6473927E-05
   1.5502850E+03   1.3744000E+04   1.3505000E+04   8.3317367E-05   6.1291373E-05
   1.5502926E+03   1.3564000E+04   1.3324000E+04   6.0972657E-05   3.2830441E-05
   1.5503001E+03   1.3691000E+04   1.3459000E+04   2.5963198E-05   2.6528757E-05
   1.5503076E+03   1.3677000E+04   1.3438000E+04   7.0149674E-05   7.3000613E-05
   1.5503151E+03   1.3814000E+04   1.3586000E+04   9.7687127E-05   9.3512698E-05
   1.5503227E+03   1.3739000E+04   1.3503000E+04   7.2001887E-05   2.2160806E-05
   1.5503302E+03   1.4116000E+04   1.3880000E+04   1.0408348E-04   2.7388508E-05
   1.5503377E+03   1.3825000E+04   1.3592000E+04   5.3214190E-06   8.8266891E-05
   1.5503453E+03   1.3981000E+04   1.3798000E+04   6.4359680E-05   3.6538305E-05
   1.5503528E+03   1.4135000E+04   1.3910000E+04   8.1841795E-05   1.2843179E-05
   1.5503603E+03   1.3957000E+04   1.3733000E+04   1.7491030E-04   1.1174241E-04
   1.5503678E+03   1.3945000E+04   1.3740000E+04   1.3580838E-04   4.0225995E-05
   1.5503754E+03   1.4121000E+04   1.3890000E+04   1.7729820E-04   6.5661266E-05
   1.5503829E+03   1.3911000E+04   1.3666000E+04   1.9971865E-04   7.1119513E-05
   1.5503904E+03   1.3977000E+04   1.3753000E+04   9.8901818E-05   4.3904427E-05
   1.5503980E+03   1.4165000E+04   1.3966000E+04   1.4471612E-04   6.5587403E-05
   1.5504055E+03   1.3997000E+04   1.3783000E+04   1.8415620E-04   7.4978873E-05
   1.5504130E+03   1.4017000E+04   1.3814000E+04   7.7053698E-05   8.9070717E-06
   1.5504205E+03   1.4139000E+04   1.3926000E+04   2.1158102E-04   1.4411637E-04
   1.5504281E+03   1.4292000E+04   1.4101000E+04   2.0888803E-04   1.6780935E-04
   1.5504356E+03   1.4349000E+04   1.4164000E+04   1.9221983E-04   6.6233045E-05
   1.5504431E+03   1.4322000E+04   1.4123000E+04   1.9280458E-04   4.0576789E-05
   1.5504507E+03   1.4463000E+04   1.4245000E+04   2.3926325E-04   6.3379588E-05
   1.5504582E+03   1.4360000E+04   1.4159000E+04   1.5317908E-04   1.9314643E-05
   1.5504657E+03   1.4244000E+04   1.4058000E+04   1.0001234E-04   9.3689439E-05
   1.5504732E+03   1.4465000E+04   1.4263000E+04   7.5858254E-05   1.0698478E-05
   1.5504808E+03   1.4427000E+04   1.4204000E+04   1.6543254E-04   4.9602804E-05
   1.5504883E+03   1.4542000E+04   1.4314000E+04   6.3292333E-05   1.1061939E-04
   1.5504958E+03   1.4297000E+04   1.4112000E+04   1.6865029E-04   7.1534856E-05
   1.5505034E+03   1.4493000E+04   1.4306000E+04   3.0750243E-05   2.1347621E-05
   1.5505109E+03   1.4524000E+04   1.4339000E+04   1.9854198E-04   6.1408119E-05
   1.5505184E+03   1.4447000E+04   1.4251000E+04   2.3576599E-05   1.2876829E-04
   1.5505259E+03   1.4451000E+04   1.4271000E+04   3.1494267E-04   1.1370780E-04
   1.5505335E+03   1.4455000E+04   1.4284000E+04   2.9215980E-04   7.3955348E-05
   1.5505410E+03   1.4342000E+04   1.4172000E+04   1.6849743E-04   1.2151521E-04
   1.5505485E+03   1.4525000E+04   1.4317000E+04   1.3153150E-04   1.5417126E-04
   1.5505561E+03   1.4623000E+04   1.4451000E+04   2.6551669E-05   3.8129994E-05
   1.5505636E+03   1.4684000E+04   1.4520000E+04   1.0195040E-04   1.8902586E-04
   1.5505711E+03   1.4626000E+04   1.4447000E+04   2.2543142E-04   8.6018933E-05
   1.5505786E+03   1.4579000E+04   1.4399000E+04   1.2268437E-04   2.2176900E-04
   1.5505862E+03   1.4622000E+04   1.4457000E+04   2.4568261E-04   2.0311289E-04
   1.5505937E+03   1.4590000E+04   1.4416000E+04   1.6958215E-04   5.6958824E-05
   1.5506012E+03   1.4757000E+04   1.4588000E+04   2.6054256E-04   1.1341537E-04
   1.5506087E+03   1.4676000E+04   1.4503000E+04   2.4052846E-04   1.3171365E-04
   1.5506163E+03   1.4756000E+04   1.4588000E+04   3.5491162E-05   3.4438448E-05
   1.5506238E+03   1.4812000E+04   1.4620000E+04   1.7183989E-04   1.0263779E-04
   1.5506313E+03   1.4784000E+04   1.4602000E+04   5.6332391E-05   1.1728882E-04
   1.5506389E+03   1.4841000E+04   1.4678000E+04   1.7505664E-04   1.5741647E-04
   1.5506464E+03   1.4803000E+04   1.4646000E+04   1.9260882E-04   9.6277835E-05
   1.5506539E+03   1.4768000E+04   1.4604000E+04   3.3359724E-05   5.8155538E-05
   1.5506614E+03   1.4614000E+04   1.4430000E+04   2.9026257E-04   6.6208868E-05
   1.5506690E+03   1.4763000E+04   1.4595000E+04   1.4972631E-04   9.6545456E-05
   1.5506765E+03   1.4808000E+04   1.4651000E+04   1.4847912E-04   5.9209693E-05
   1.5506840E+03   1.4844000E+04   1.4670000E+04   2.5217606E-04   1.5113831E-04
   1.5506916E+03   1.4948000E+04   1.4794000E+04   8.1374245E-05   1.5778785E-04
   1.5506991E+03   1.4796000E+04   1.4636000E+04   2.7829681E-04   1.4227260E-04
   1.5507066E+03   1.5103000E+04   1.4922000E+04   2.8581016E-04   1.3798834E-04
   1.5507141E+03   1.4859000E+04   1.4691000E+04   1.9371413E-04   6.1505395E-05
   1.5507217E+03   1.4794000E+04   1.4633000E+04   1.1619633E-04   9.4149932E-05
   1.5507292E+03   1.4875000E+04   1.4720000E+04   2.2986823E-04   6.7576406E-05
   1.5507367E+03   1.4856000E+04   1.4687000E+04   1.1968615E-04   3.3931236E-04
   1.5507443E+03   1.4805000E+04   1.4628000E+04   2.5867880E-04   2.2951271E-04
   1.5507518E+03   1.4782000E+04   1.4630000E+04   1.9488093E-04   8.6698597E-05
   1.5507593E+03   1.4893000E+04   1.4747000E+04   1.8105101E-04   1.4439745E-04
   1.5507668E+03   1.5053000E+04   1.4889000E+04   3.0674382E-04   1.7003004E-04
   1.5507744E+03   1.4746000E+04   1.4594000E+04   1.0142055E-04   1.2062597E-04
   1.5507819E+03   1.4808000E+04   1.4667000E+04   1.4642424E-04   1.5304228E-04
   1.5507894E+03   1.4727000E+04   1.4570000E+04   3.6537711E-05   7.2536986E-05
   1.5507970E+03   1.4900000E+04   1.4749000E+04   1.8665665E-04   1.9751669E-04
   1.5508045E+03   1.4970000E+04   1.4810000E+04   2.0688498E-04   2.0834887E-04
   1.5508120E+03   1.4556000E+04   1.4422000E+04   7.9906889E-05   3.5983070E-05
   1.5508195E+03   1.4982000E+04   1.4838000E+04   1.5003137E-04   1.2306605E-04
   1.5508271E+03   1.4920000E+04   1.4769000E+04   1.1718016E-04   9.8604952E-05
   1.5508346E+03   1.4993000E+04   1.4863000E+04   6.8895606E-05   1.0702931E-04
   1.5508421E+03   1.5071000E+04   1.4926000E+04   7.4573337E-05   7.1079193E-05
   1.5508497E+03   1.4741000E+04   1.4634000E+04   4.5430055E-05   4.6656217E-05
   1.5508572E+03   1.4962000E+04   1.4849000E+04   1.1268958E-04   4.5539269E-05
   1.5508647E+03   1.4845000E+04   1.4722000E+04   7.3929984E-05   1.7321326E-05
   1.5508722E+03   1.4891000E+04   1.4762000E+04   1.1428287E-04   8.1901337E-05
   1.5508798E+03   1.4895000E+04   1.4775000E+04   4.2148152E-05   1.6930102E-05
   1.5508873E+03   1.4649000E+04   1.4530000E+04   4.4447690E-05   2.3473578E-05
   1.5508948E+03   1.5092000E+04   1.4988000E+04   2.4474406E-05   2.4632280E-05
   1.5509024E+03   1.5013000E+04   1.4899000E+04   4.3415942E-05   1.4964698E-05
   1.5509099E+03   1.4732000E+04   1.4629000E+04   5.1529717E-05   5.1892374E-05
   1.5509174E+03   1.4907000E+04   1.4803000E+04   2.7224011E-05   2.7415294E-05
   1.5509249E+03   1.4603000E+04   1.4487000E+04   2.1452085E-05   1.7150850E-05
   1.5509325E+03   1.4963000E+04   1.4827000E+04   1.0579716E-05   1.0678839E-05
   1.5509400E+03   1.4866000E+04   1.4769000E+04   2.1281624E-05   2.1425324E-05
   1.5509475E+03   1.4753000E+04   1.4653000E+04   2.2019241E-05   2.2168136E-05
   1.5509551E+03   1.4875000E+04   1.4756000E+04   4.9986486E-05   5.0383612E-05
   1.5509626E+03   1.4876000E+04   1.4748000E+04   1.7299008E-05   2.5398877E-05
   1.5509701E+03   1.5001000E+04   1.4897000E+04   3.5212882E-05   3.5460693E-05
   1.5509776E+03   1.4837000E+04   1.4731000E+04   4.1022012E-05   4.1311659E-05
   1.5509852E+03   1.4852000E+04   1.4733000E+04   2.4353597E-05   2.4553937E-05
   1.5509927E+03   1.4910000E+04   1.4795000E+04   1.9259514E-05   1.9406995E-05
   1.5510002E+03   1.5030000E+04   1.4918000E+04   2.4673408E-05   2.4841213E-05
   1.5510078E+03   1.4991000E+04   1.4897000E+04   2.9799985E-05   2.9978582E-05
   1.5510153E+03   1.4933000E+04   1.4831000E+04   7.6813345E-06   7.7315647E-06
   1.5510228E+03   1.5086000E+04   1.4969000E+04   4.9334059E-05   4.9670036E-05
   1.5510303E+03   1.5008000E+04   1.4876000E+04   2.7121978E-05   2.7384051E-05
   1.5510379E+03   1.4978000E+04   1.4867000E+04   1.4363265E-05   1.4483011E-05
   1.5510454E+03   1.5072000E+04   1.4953000E+04   5.0394120E-05   5.0851020E-05
   1.5510529E+03   1.5026000E+04   1.4919000E+04   8.4802810E-06   8.5486723E-06
   1.5510604E+03   1.4927000E+04   1.4815000E+04   2.3748246E-05   2.3942850E-05
   1.5510680E+03   1.4908000E+04   1.4797000E+04   7.8474479E-06   7.9052663E-06
   1.5510755E+03   1.5078000E+04   1.4951000E+04   3.5572850E-05   3.5596563E-05
   1.5510830E+03   1.4973000E+04   1.4852000E+04   3.3830770E-05   3.4120307E-05
   1.5510906E+03   1.4820000E+04   1.4696000E+04   2.6042065E-05   2.6264915E-05
   1.5510981E+03   1.5202000E+04   1.5064000E+04   8.3601910E-05   8.4333620E-05
   1.5511056E+03   1.4826000E+04   1.4699000E+04   1.0366077E-05   1.0457703E-05
   1.5511131E+03   1.4928000E+04   1.4791000E+04   2.5903622E-06   3.9649843E-06
   1.5511207E+03   1.4805000E+04   1.4682000E+04   2.3053671E-05   2.3235271E-05
   1.5511282E+03   1.4935000E+04   1.4819000E+04   6.0038961E-05   6.0505518E-05
   1.5511357E+03   1.4943000E+04   1.4830000E+04   1.6777350E-05   1.6979899E-05
   1.5511433E+03   1.4989000E+04   1.4848000E+04   2.1866631E-05   2.2021490E-05
   1.5511508E+03   1.4894000E+04   1.4763000E+04   4.6782466E-05   4.7093132E-05
   1.5511583E+03   1.5046000E+04   1.4904000E+04   4.4705305E-05   4.5126828E-05
   1.5511658E+03   1.4770000E+04   1.4639000E+04   1.0727723E-05   1.0777170E-05
   1.5511734E+03   1.4854000E+04   1.4724000E+04   1.7613320E-05   1.7786605E-05
   1.5511809E+03   1.4769000E+04   1.4631000E+04   5.3855010E-05   5.4381624E-05
   1.5511884E+03   1.4575000E+04   1.4432000E+04   1.3146244E-05   1.3274032E-05
   1.5511960E+03   1.4809000E+04   1.4657000E+04   4.5339804E-05   4.5829298E-05
   1.5512035E+03   1.4729000E+04   1.4581000E+04   3.6266187E-05   3.6614202E-05
   1.5512110E+03   1.4868000E+04   1.4723000E+04   5.1597702E-05   5.2119990E-05
   1.5512185E+03   1.4781000E+04   1.4626000E+04   2.3583395E-05   2.3898968E-05
   1.5512261E+03   1.4959000E+04   1.4802000E+04   1.0942993E-05   1.1022493E-05
   1.5512336E+03   1.4541000E+04   1.4395000E+04   3.6781707E-05   3.7193889E-05
   1.5512411E+03   1.4783000E+04   1.4652000E+04   2.8102383E-05   2.8380095E-05
   1.5512487E+03   1.4699000E+04   1.4542000E+04   6.6618357E-05   6.7379390E-05
   1.5512562E+03   1.4967000E+04   1.4797000E+04   2.5840494E-05   2.7538899E-05
   1.5512637E+03   1.4752000E+04   1.4621000E+04   4.3728935E-06   4.7301733E-06
   1.5512712E+03   1.4527000E+04   1.4358000E+04   2.5435229E-05   2.5515381E-05
   1.5512788E+03   1.4877000E+04   1.4727000E+04   3.0074788E-05   2.9726669E-05
   1.5512863E+03   1.4825000E+04   1.4673000E+04   5.4166502E-05   5.4691772E-05
   1.5512938E+03   1.4757000E+04   1.4619000E+04   1.1682762E-05   1.1817566E-05
   1.5513014E+03   1.4601000E+04   1.4464000E+04   2.7094735E-05   2.7442821E-05
   1.5513089E+03   1.4653000E+04   1.4505000E+04   8.1365925E-06   8.1800936E-06
   1.5513164E+03   1.4664000E+04   1.4501000E+04   1.9758147E-05   2.0045105E-05
   1.5513239E+03   1.4459000E+04   1.4309000E+04   1.7788447E-05   1.7970933E-05
   1.5513315E+03   1.4791000E+04   1.4628000E+04   4.4246285E-05   4.4726133E-05
   1.5513390E+03   1.4652000E+04   1.4496000E+04   3.9513849E-05   3.9915610E-05
   1.5513465E+03   1.4696000E+04   1.4542000E+04   3.7758059E-05   3.7912582E-05
   1.5513541E+03   1.4607000E+04   1.4425000E+04   4.3446624E-05   4.4081080E-05
   1.5513616E+03   1.4637000E+04   1.4418000E+04   3.8530155E-05   3.9124673E-05
   1.5513691E+03   1.4548000E+04   1.4400000E+04   2.4047158E-05   2.4296059E-05
   1.5513766E+03   1.4593000E+04   1.4431000E+04   2.5663290E-05   2.6005126E-05
   1.5513842E+03   1.4690000E+04   1.4509000E+04   1.4732500E-05   1.4909543E-05
   1.5513917E+03   1.4681000E+04   1.4512000E+04   5.5569998E-05   5.6236083E-05
   1.5513992E+03   1.4521000E+04   1.4354000E+04   5.4515034E-05   5.5148362E-05
   1.5514068E+03   1.4495000E+04   1.4312000E+04   4.3589259E-05   4.4130250E-05
   1.5514143E+03   1.4467000E+04   1.4311000E+04   9.9834107E-06   1.0180560E-05
   1.5514218E+03   1.4464000E+04   1.4275000E+04   7.3957667E-05   7.5607135E-05
   1.5514293E+03   1.4430000E+04   1.4241000E+04   1.8204174E-05   1.8491846E-05
   1.5514369E+03   1.4405000E+04   1.4185000E+04   2.3964935E-05   2.4347948E-05
   1.5514444E+03   1.4399000E+04   1.4224000E+04   4.4309821E-05   4.4812870E-05
   1.5514519E+03   1.4512000E+04   1.4325000E+04   2.9765970E-05   3.0109195E-05
   1.5514595E+03   1.4402000E+04   1.4232000E+04   3.6186361E-05   3.6585996E-05
   1.5514670E+03   1.4313000E+04   1.4120000E+04   4.3300910E-05   4.3905166E-05
   1.5514745E+03   1.4296000E+04   1.4107000E+04   3.8962210E-05   3.9527879E-05
   1.5514820E+03   1.4157000E+04   1.3977000E+04   3.7900187E-05   3.8465048E-05
   1.5514896E+03   1.4154000E+04   1.3976000E+04   2.8274881E-05   2.8647606E-05
   1.5514971E+03   1.4345000E+04   1.4160000E+04   2.7775218E-05   2.7947207E-05
   1.5515046E+03   1.4105000E+04   1.3910000E+04   2.8777784E-05   2.9243632E-05
   1.5515122E+03   1.4230000E+04   1.4031000E+04   1.7922439E-05   1.8213208E-05
   1.5515197E+03   1.4159000E+04   1.3971000E+04   2.5802009E-05   2.6035740E-05
   1.5515272E+03   1.4229000E+04   1.4043000E+04   1.0520472E-04   1.0657637E-04
   1.5515347E+03   1.4046000E+04   1.3876000E+04   1.8185998E-05   1.8338283E-05
   1.5515423E+03   1.3972000E+04   1.3789000E+04   5.5450219E-05   5.6236939E-05
   1.5515498E+03   1.3886000E+04   1.3700000E+04   5.8280469E-05   5.9061618E-05
   1.5515573E+03   1.3985000E+04   1.3766000E+04   1.5850016E-05   1.4366900E-05
   1.5515648E+03   1.3776000E+04   1.3582000E+04   1.9124271E-05   1.9442340E-05
   1.5515724E+03   1.3767000E+04   1.3579000E+04   1.5124658E-05   1.4868240E-05
   1.5515799E+03   1.3911000E+04   1.3696000E+04   1.5462829E-05   1.5558569E-05
   1.5515874E+03   1.3856000E+04   1.3668000E+04   4.3191143E-05   4.3896186E-05
   1.5515950E+03   1.3867000E+04   1.3661000E+04   5.2068475E-05   5.2790836E-05
   1.5516025E+03   1.3776000E+04   1.3567000E+04   2.3355974E-05   2.3701754E-05
   1.5516100E+03   1.3877000E+04   1.3651000E+04   3.5580542E-05   3.6170051E-05
   1.5516175E+03   1.3762000E+04   1.3576000E+04   9.5872673E-06   9.6946067E-06
   1.5516251E+03   1.3758000E+04   1.3541000E+04   2.0504576E-05   2.0989636E-05
   1.5516326E+03   1.3692000E+04   1.3478000E+04   2.8331520E-05   2.9122378E-05
   1.5516401E+03   1.3493000E+04   1.3274000E+04   7.6792799E-05   7.8060788E-05
   1.5516477E+03   1.3605000E+04   1.3393000E+04   4.2140727E-05   4.2827043E-05
   1.5516552E+03   1.3673000E+04   1.3482000E+04   3.9282907E-05   3.9763710E-05
   1.5516627E+03   1.3337000E+04   1.3121000E+04   3.9189533E-05   3.9861066E-05
   1.5516702E+03   1.3380000E+04   1.3171000E+04   7.4972687E-05   7.6203256E-05
   1.5516778E+03   1.3444000E+04   1.3207000E+04   5.1825727E-05   5.2738348E-05
   1.5516853E+03   1.3409000E+04   1.3197000E+04   3.5125315E-05   3.5576098E-05
   1.5516928E+03   1.3538000E+04   1.3320000E+04   5.6772626E-05   5.7734255E-05
   1.5517004E+03   1.3299000E+04   1.3075000E+04   3.6096740E-05   3.6743328E-05
   1.5517079E+03   1.2985000E+04   1.2788000E+04   6.8331449E-06   6.8974689E-06
   1.5517154E+03   1.3263000E+04   1.3028000E+04   6.5119004E-05   6.6259375E-05
   1.5517229E+03   1.3353000E+04   1.3122000E+04   7.6525109E-05   7.5461745E-05
   1.5517305E+03   1.3163000E+04   1.2945000E+04   7.4205014E-06   7.4989685E-06
   1.5517380E+03   1.3209000E+04   1.2994000E+04   3.2077800E-05   3.2402233E-05
   1.5517455E+03   1.3308000E+04   1.3092000E+04   5.6822562E-05   5.7630963E-05
   1.5517531E+03   1.3130000E+04   1.2911000E+04   2.3626675E-05   2.4058126E-05
   1.5517606E+03   1.3091000E+04   1.2879000E+04   1.2944310E-05   1.3147423E-05
   1.5517681E+03   1.3071000E+04   1.2827000E+04   8.4028651E-05   8.5758084E-05
   1.5517756E+03   1.2795000E+04   1.2580000E+04   2.3453873E-05   2.3940292E-05
   1.5517832E+03   1.3059000E+04   1.2831000E+04   2.1350387E-05   2.1746034E-05
   1.5517907E+03   1.2824000E+04   1.2594000E+04   2.0269793E-05   2.0593870E-05
   1.5517982E+03   1.2864000E+04   1.2626000E+04   3.6449783E-05   3.7147783E-05
   1.5518058E+03   1.2703000E+04   1.2488000E+04   5.0686993E-05   5.1563594E-05
   1.5518133E+03   1.2731000E+04   1.2496000E+04   6.4866204E-05   6.5685305E-05
   1.5518208E+03   1.2583000E+04   1.2364000E+04   2.9670441E-05   3.0319077E-05
   1.5518283E+03   1.2551000E+04   1.2354000E+04   3.7952386E-05   3.8312541E-05
   1.5518359E+03   1.2695000E+04   1.2448000E+04   1.5820952E-05   1.6596029E-05
   1.5518434E+03   1.2563000E+04   1.2352000E+04   7.8539222E-05   7.9907754E-05
   1.5518509E+03   1.2425000E+04   1.2193000E+04   4.2255933E-05   4.3047703E-05
   1.5518585E+03   1.2504000E+04   1.2284000E+04   6.3842834E-05   6.2620368E-05
   1.5518660E+03   1.2585000E+04   1.2334000E+04   2.3423262E-05   2.3920395E-05
   1.5518735E+03   1.2233000E+04   1.2009000E+04   1.9075008E-05   1.9743553E-05
   1.5518810E+03   1.2283000E+04   1.2073000E+04   3.3236365E-05   3.3764681E-05
   1.5518886E+03   1.2171000E+04   1.1941000E+04   4.8815852E-05   4.9721499E-05
   1.5518961E+03   1.2240000E+04   1.2027000E+04   5.5403857E-05   5.6446935E-05
   1.5519036E+03   1.2113000E+04   1.1887000E+04   4.6621804E-05   4.7338192E-05
   1.5519112E+03   1.1956000E+04   1.1717000E+04   5.4019303E-05   5.5095986E-05
   1.5519187E+03   1.2119000E+04   1.1888000E+04   2.3054591E-05   2.0296637E-05
   1.5519262E+03   1.1897000E+04   1.1654000E+04   3.5932990E-05   3.6785878E-05
   1.5519337E+03   1.1800000E+04   1.1583000E+04   3.1415156E-05   3.1947578E-05
   1.5519413E+03   1.1931000E+04   1.1687000E+04   6.4927189E-05   6.6563351E-05
   1.5519488E+03   1.1817000E+04   1.1584000E+04   6.3221267E-05   6.4781436E-05
   1.5519563E+03   1.1717000E+04   1.1470000E+04   8.1347745E-06   8.3130846E-06
   1.5519638E+03   1.1733000E+04   1.1537000E+04   9.3368314E-06   9.4865369E-06
   1.5519714E+03   1.1582000E+04   1.1368000E+04   6.0716235E-05   6.1859953E-05
   1.5519789E+03   1.1389000E+04   1.1184000E+04   1.8278035E-05   3.7970135E-05
   1.5519864E+03   1.1602000E+04   1.1354000E+04   4.5359903E-05   4.6358375E-05
   1.5519940E+03   1.1491000E+04   1.1244000E+04   1.7982676E-05   1.8824168E-05
   1.5520015E+03   1.1614000E+04   1.1393000E+04   6.4998539E-05   6.6276912E-05
   1.5520090E+03   1.1174000E+04   1.0953000E+04   6.9892291E-05   7.1291545E-05
   1.5520165E+03   1.1327000E+04   1.1106000E+04   3.3241846E-05   3.3835091E-05
   1.5520241E+03   1.1206000E+04   1.0974000E+04   1.1575192E-04   1.1822409E-04
   1.5520316E+03   1.1426000E+04   1.1183000E+04   3.1813029E-05   3.2445525E-05
   1.5520391E+03   1.1057000E+04   1.0826000E+04   1.3020991E-05   1.3273982E-05
   1.5520467E+03   1.1307000E+04   1.1109000E+04   1.9597591E-05   1.9963607E-05
   1.5520542E+03   1.0977000E+04   1.0769000E+04   3.2112305E-05   3.4117670E-05
   1.5520617E+03   1.0999000E+04   1.0756000E+04   4.9847770E-05   5.0993152E-05
   1.5520692E+03   1.0926000E+04   1.0715000E+04   3.5059836E-05   3.5789244E-05
   1.5520768E+03   1.0875000E+04   1.0631000E+04   1.2865111E-04   1.3148015E-04
   1.5520843E+03   1.0595000E+04   1.0383000E+04   1.3625333E-05   1.3910168E-05
   1.5520918E+03   1.0966000E+04   1.0733000E+04   1.5541841E-04   1.4159149E-04
   1.5520994E+03   1.0725000E+04   1.0483000E+04   3.2450447E-05   3.3057818E-05
   1.5521069E+03   1.0459000E+04   1.0214000E+04   7.2597949E-05   7.4340036E-05
   1.5521144E+03   1.0470000E+04   1.0245000E+04   8.6635454E-05   8.5403545E-05
   1.5521219E+03   1.0520000E+04   1.0293000E+04   1.4411390E-05   1.4743958E-05
   1.5521295E+03   1.0527000E+04   1.0296000E+04   3.1031018E-05   3.1541740E-05
   1.5521370E+03   1.0385000E+04   1.0163000E+04   7.1786437E-05   7.2952468E-05
   1.5521445E+03   1.0367000E+04   1.0136000E+04   3.8244541E-05   3.9143975E-05
   1.5521521E+03   1.0314000E+04   1.0091000E+04   4.9724516E-05   5.0772783E-05
   1.5521596E+03   1.0279000E+04   1.0055000E+04   9.3742077E-05   9.5973476E-05
   1.5521671E+03   1.0093000E+04   9.8760000E+03   2.6439291E-05   2.6921192E-05
   1.5521746E+03   9.9830000E+03   9.7640000E+03   5.3305322E-05   5.4112595E-05
   1.5521822E+03   1.0070000E+04   9.8500000E+03   9.0062356E-05   9.2021914E-05
   1.5521897E+03   9.9390000E+03   9.7190000E+03   2.0272579E-05   5.6899693E-05
   1.5521972E+03   9.9020000E+03   9.6720000E+03   1.1323413E-05   7.3248821E-06
   1.5522048E+03   9.8810000E+03   9.6560000E+03   3.1998869E-05   3.2815947E-05
   1.5522123E+03   9.8470000E+03   9.6090000E+03   9.3431561E-05   9.5973730E-05
   1.5522198E+03   9.5910000E+03   9.3900000E+03   5.5487553E-05   5.2027625E-05
   1.5522273E+03   9.8070000E+03   9.6000000E+03   3.4425792E-05   3.5155479E-05
   1.5522349E+03   9.7400000E+03   9.5100000E+03   1.0492514E-04   1.0757170E-04
   1.5522424E+03   9.7420000E+03   9.5220000E+03   3.0108052E-05   3.0875422E-05
   1.5522499E+03   9.6680000E+03   9.4540000E+03   9.1689100E-05   9.2474285E-05
   1.5522575E+03   9.4820000E+03   9.2860000E+03   1.7815872E-05   1.8176026E-05
   1.5522650E+03   9.3350000E+03   9.1110000E+03   3.9661375E-05   3.3783528E-05
   1.5522725E+03   9.4020000E+03   9.1870000E+03   6.5770234E-05   6.7307590E-05
   1.5522800E+03   9.4990000E+03   9.2860000E+03   4.0095058E-05   4.1091031E-05
   1.5522876E+03   9.2310000E+03   9.0130000E+03   2.4546258E-05   3.0685846E-05
   1.5522951E+03   9.1300000E+03   8.9310000E+03   3.5321881E-05   3.0641990E-05
   1.5523026E+03   9.1310000E+03   8.9260000E+03   8.5578622E-05   8.7466932E-05
   1.5523102E+03   8.9910000E+03   8.7900000E+03   9.8175714E-05   1.0043159E-04
   1.5523177E+03   9.0030000E+03   8.8130000E+03   1.7310307E-04   1.7669581E-04
   1.5523252E+03   8.8150000E+03   8.5730000E+03   9.8428988E-06   9.9732397E-06
   1.5523327E+03   8.9960000E+03   8.7850000E+03   4.4383261E-05   4.5431934E-05
   1.5523403E+03   8.9030000E+03   8.6960000E+03   1.0744233E-04   1.1599853E-04
   1.5523478E+03   8.7260000E+03   8.4970000E+03   1.0070774E-04   1.0340193E-04
   1.5523553E+03   8.6330000E+03   8.4140000E+03   3.9479094E-05   4.0633030E-05
   1.5523629E+03   8.5770000E+03   8.3730000E+03   3.4899575E-05   3.4969881E-05
   1.5523704E+03   8.5520000E+03   8.3670000E+03   6.9394040E-05   6.9396400E-05
   1.5523779E+03   8.4600000E+03   8.2620000E+03   8.8886493E-05   9.1019799E-05
   1.5523854E+03   8.3840000E+03   8.1840000E+03   6.1328579E-05   6.2769844E-05
   1.5523930E+03   8.3490000E+03   8.1490000E+03   3.3594204E-05   3.4424891E-05
   1.5524005E+03   8.2330000E+03   8.0730000E+03   1.7221712E-05   1.7560668E-05
   1.5524080E+03   8.1950000E+03   7.9860000E+03   5.4560836E-05   5.2692157E-05
   1.5524155E+03   8.2320000E+03   8.0170000E+03   1.2880307E-04   1.4468312E-04
   1.5524231E+03   8.0350000E+03   7.8400000E+03   3.7123879E-05   3.7888718E-05
   1.5524306E+03   7.9710000E+03   7.7530000E+03   4.5608444E-05   4.6754159E-05
   1.5524381E+03   7.9100000E+03   7.7000000E+03   8.9923921E-06   9.1904804E-06
   1.5524457E+03   7.7200000E+03   7.5510000E+03   2.0607797E-04   2.1059410E-04
   1.5524532E+03   7.8440000E+03   7.6510000E+03   1.4256668E-04   1.4608458E-04
   1.5524607E+03   7.7040000E+03   7.5140000E+03   4.1214925E-05   4.2629187E-05
   1.5524682E+03   7.5420000E+03   7.3640000E+03   3.5644192E-05   3.6433617E-05
   1.5524758E+03   7.6520000E+03   7.4600000E+03   4.7555733E-05   4.9423305E-05
   1.5524833E+03   7.6660000E+03   7.4780000E+03   6.2135166E-05   6.3810414E-05
   1.5524908E+03   7.6290000E+03   7.4420000E+03   6.2905385E-05   5.5869523E-05
   1.5524984E+03   7.5350000E+03   7.3420000E+03   1.1644825E-04   1.1922341E-04
   1.5525059E+03   7.3530000E+03   7.1700000E+03   2.3723804E-05   2.4353956E-05
   1.5525134E+03   7.3950000E+03   7.2200000E+03   7.3412951E-05   7.5188054E-05
   1.5525209E+03   7.1820000E+03   6.9680000E+03   6.1927679E-05   6.3722995E-05
   1.5525285E+03   7.1480000E+03   6.9900000E+03   4.4035319E-05   4.5003326E-05
   1.5525360E+03   7.2000000E+03   7.0510000E+03   5.5957128E-05   5.6608307E-05
   1.5525435E+03   7.2380000E+03   7.0570000E+03   1.5373782E-04   1.5748068E-04
   1.5525511E+03   6.9480000E+03   6.7720000E+03   5.5292575E-05   5.6678261E-05
   1.5525586E+03   7.0210000E+03   6.8380000E+03   6.3685877E-05   6.5501430E-05
   1.5525661E+03   6.8020000E+03   6.6120000E+03   1.2977988E-04   1.3343843E-04
   1.5525736E+03   6.6830000E+03   6.4980000E+03   5.0152598E-05   5.1583700E-05
   1.5525812E+03   6.8150000E+03   6.6630000E+03   2.6941124E-05   2.7413088E-05
   1.5525887E+03   6.6210000E+03   6.4620000E+03   8.1181376E-05   8.3283497E-05
   1.5525962E+03   6.4980000E+03   6.3400000E+03   5.7328010E-05   5.8702618E-05
   1.5526038E+03   6.6430000E+03   6.4520000E+03   1.0524435E-04   1.0840547E-04
   1.5526113E+03   6.5490000E+03   6.3900000E+03   9.7959674E-05   1.0041103E-04
   1.5526188E+03   6.4220000E+03   6.2480000E+03   8.5000130E-05   8.7588722E-05
   1.5526263E+03   6.4230000E+03   6.2590000E+03   9.3904421E-05   9.6438077E-05
   1.5526339E+03   6.3170000E+03   6.1590000E+03   3.7459588E-05   3.4919106E-05
   1.5526414E+03   6.1420000E+03   5.9910000E+03   1.0510781E-04   1.0771996E-04
   1.5526489E+03   6.1500000E+03   5.9820000E+03   5.1588653E-05   5.2972453E-05
   1.5526565E+03   6.2060000E+03   6.0480000E+03   8.4905858E-05   8.6634338E-05
   1.5526640E+03   6.1300000E+03   5.9560000E+03   3.1685267E-05   3.9036714E-05
   1.5526715E+03   6.1150000E+03   5.9550000E+03   1.0245652E-04   1.0745194E-04
   1.5526790E+03   5.9310000E+03   5.7640000E+03   4.3936989E-05   4.5235228E-05
   1.5526866E+03   5.8940000E+03   5.7320000E+03   5.2353123E-05   5.3792445E-05
   1.5526941E+03   5.7960000E+03   5.6450000E+03   3.3477032E-05   3.4726670E-05
   1.5527016E+03   5.7500000E+03   5.5810000E+03   4.1802453E-05   4.3301097E-05
   1.5527092E+03   5.8090000E+03   5.6550000E+03   6.9502989E-05   7.1242134E-05
   1.5527167E+03   5.6670000E+03   5.5000000E+03   2.1442974E-05   2.2008836E-05
   1.5527242E+03   5.6190000E+03   5.4540000E+03   2.3596815E-05   2.4328157E-05
   1.5527317E+03   5.5070000E+03   5.3350000E+03   4.0523840E-05   4.1884698E-05
   1.5527393E+03   5.4330000E+03   5.2980000E+03   2.0446595E-05   2.0880101E-05
   1.5527468E+03   5.4550000E+03   5.2900000E+03   8.7087360E-05   8.9345397E-05
   1.5527543E+03   5.3020000E+03   5.1620000E+03   1.8058897E-04   1.8550124E-04
   1.5527619E+03   5.2810000E+03   5.1240000E+03   4.6164680E-05   4.7065895E-05
   1.5527694E+03   5.2080000E+03   5.0430000E+03   5.5286913E-05   5.7044837E-05
   1.5527769E+03   5.1890000E+03   5.0340000E+03   1.2567940E-04   1.3016597E-04
   1.5527844E+03   5.1840000E+03   5.0340000E+03   1.8216611E-04   1.8756783E-04
   1.5527920E+03   5.0870000E+03   4.9210000E+03   4.0537895E-05   4.0136862E-05
   1.5527995E+03   4.9540000E+03   4.8220000E+03   5.7423278E-05   5.9060945E-05
   1.5528070E+03   4.9270000E+03   4.7940000E+03   5.8741865E-05   6.2190391E-05
   1.5528146E+03   5.0060000E+03   4.8350000E+03   3.9488218E-04   4.0797522E-04
   1.5528221E+03   4.7470000E+03   4.5940000E+03   6.9504344E-05   7.1718422E-05
   1.5528296E+03   4.7020000E+03   4.5600000E+03   7.4324729E-05   7.6719154E-05
   1.5528371E+03   4.7310000E+03   4.6030000E+03   2.0872417E-04   2.1461046E-04
   1.5528447E+03   4.6170000E+03   4.4550000E+03   6.5260368E-05   5.3287308E-05
   1.5528522E+03   4.6230000E+03   4.4860000E+03   5.2373593E-05   5.3975603E-05
   1.5528597E+03   4.5520000E+03   4.4010000E+03   4.1787258E-05   4.3009607E-05
   1.5528673E+03   4.3750000E+03   4.2370000E+03   6.0857147E-05   6.2815262E-05
   1.5528748E+03   4.3780000E+03   4.2340000E+03   1.1348041E-04   1.1726667E-04
   1.5528823E+03   4.2200000E+03   4.1090000E+03   1.9343084E-04   1.9915836E-04
   1.5528898E+03   4.2380000E+03   4.1100000E+03   1.3957558E-04   1.4419115E-04
   1.5528974E+03   4.1060000E+03   3.9580000E+03   1.6299252E-04   1.6908131E-04
   1.5529049E+03   4.1370000E+03   3.9860000E+03   1.8675942E-04   1.9057872E-04
   1.5529124E+03   4.0390000E+03   3.8970000E+03   1.1196955E-04   1.1605173E-04
   1.5529199E+03   4.0430000E+03   3.9280000E+03   5.3202891E-05   5.4739541E-05
   1.5529275E+03   3.9830000E+03   3.8380000E+03   2.8725319E-04   2.9506400E-04
   1.5529350E+03   3.9150000E+03   3.7760000E+03   1.2757838E-04   1.3628532E-04
   1.5529425E+03   3.8610000E+03   3.7390000E+03   1.4533919E-04   1.4996880E-04
   1.5529501E+03   3.8480000E+03   3.7140000E+03   4.8834148E-05   5.7945149E-05
   1.5529576E+03   3.7580000E+03   3.6210000E+03   7.4065579E-05   7.6748554E-05
   1.5529651E+03   3.6410000E+03   3.5190000E+03   2.0755786E-04   2.0903867E-04
   1.5529726E+03   3.6630000E+03   3.5360000E+03   1.2694586E-04   1.3178879E-04
   1.5529802E+03   3.6430000E+03   3.5310000E+03   2.9706631E-05   3.1027134E-05
   1.5529877E+03   3.5550000E+03   3.4310000E+03   1.9047509E-04   2.1984897E-04
   1.5529952E+03   3.3180000E+03   3.2020000E+03   4.4529488E-05   4.6012138E-05
   1.5530028E+03   3.4440000E+03   3.3190000E+03   4.4687818E-05   4.6437943E-05
   1.5530103E+03   3.3040000E+03   3.1750000E+03   7.7455432E-05   8.1699972E-05
   1.5530178E+03   3.3020000E+03   3.1650000E+03   2.0005598E-04   1.9796256E-04
   1.5530253E+03   3.2610000E+03   3.1450000E+03   7.2637239E-05   7.6131946E-05
   1.5530329E+03   3.1610000E+03   3.0660000E+03   4.1652507E-05   4.2645749E-05
   1.5530404E+03   3.0210000E+03   2.9060000E+03   1.4412274E-05   1.7020341E-05
   1.5530479E+03   3.0970000E+03   2.9910000E+03   1.3746566E-04   1.6138791E-04
   1.5530555E+03   3.0280000E+03   2.9210000E+03   7.8807177E-05   8.1714860E-05
   1.5530630E+03   2.9550000E+03   2.8360000E+03   9.4346431E-05   9.8254122E-05
   1.5530705E+03   2.8300000E+03   2.7290000E+03   3.6179107E-05   3.7395109E-05
   1.5530780E+03   2.9750000E+03   2.8400000E+03   9.9225863E-05   1.0417574E-04
   1.5530856E+03   2.7500000E+03   2.6470000E+03   2.0319520E-04   2.1124881E-04
   1.5530931E+03   2.7340000E+03   2.6160000E+03   2.2701924E-04   2.3702775E-04
   1.5531006E+03   2.7260000E+03   2.6130000E+03   3.3514488E-04   3.4965100E-04
   1.5531082E+03   2.7050000E+03   2.5940000E+03   1.0681513E-04   1.1114244E-04
   1.5531157E+03   2.5750000E+03   2.4610000E+03   3.4325690E-05   3.5677670E-05
   1.5531232E+03   2.5780000E+03   2.4590000E+03   2.2399553E-04   2.3483030E-04
   1.5531307E+03   2.3970000E+03   2.2950000E+03   2.9088850E-04   3.0368751E-04
   1.5531383E+03   2.4340000E+03   2.3390000E+03   6.0572482E-05   6.3076290E-05
   1.5531458E+03   2.4480000E+03   2.3280000E+03   2.4829389E-04   2.3193852E-04
   1.5531533E+03   2.2510000E+03   2.1380000E+03   1.4636106E-04   1.5428297E-04
   1.5531609E+03   2.2420000E+03   2.1180000E+03   1.9766452E-04   2.0958982E-04
   1.5531684E+03   2.2540000E+03   2.1450000E+03   6.2497162E-05   6.5510200E-05
   1.5531759E+03   2.2560000E+03   2.1380000E+03   9.7152835E-05   1.1013421E-04
   1.5531834E+03   2.1560000E+03   2.0640000E+03   5.6583410E-05   5.9181309E-05
   1.5531910E+03   2.0750000E+03   1.9790000E+03   2.4419006E-04   2.5601162E-04
   1.5531985E+03   2.0540000E+03   1.9500000E+03   5.6035070E-04   4.9243861E-04
   1.5532060E+03   1.9450000E+03   1.8350000E+03   8.5211704E-05   9.0283345E-05
   1.5532136E+03   1.8250000E+03   1.6990000E+03   6.4268403E-04   6.8903547E-04
   1.5532211E+03   1.9040000E+03   1.8140000E+03   3.4997337E-04   3.5387704E-04
   1.5532286E+03   1.7880000E+03   1.6750000E+03   4.6988150E-04   5.2236808E-04
   1.5532361E+03   1.7740000E+03   1.6810000E+03   5.5196729E-04   5.8255536E-04
   1.5532437E+03   1.7790000E+03   1.6820000E+03   1.4145677E-04   1.2976616E-04
   1.5532512E+03   1.6170000E+03   1.5200000E+03   3.4803682E-04   3.7016782E-04
   1.5532587E+03   1.5630000E+03   1.4610000E+03   2.7698737E-04   2.9641126E-04
   1.5532663E+03   1.5060000E+03   1.4140000E+03   3.4089463E-04   3.6295223E-04
   1.5532738E+03   1.5490000E+03   1.4530000E+03   2.2813416E-04   2.4271155E-04
   1.5532813E+03   1.4250000E+03   1.3360000E+03   3.4410792E-04   3.6707190E-04
   1.5532888E+03   1.3770000E+03   1.2620000E+03   1.2618999E-04   1.3787135E-04
   1.5532964E+03   1.2710000E+03   1.1820000E+03   8.8903495E-05   9.5930911E-05
   1.5533039E+03   1.2740000E+03   1.1770000E+03   2.2438181E-04   2.4354065E-04
   1.5533114E+03   1.1760000E+03   1.1010000E+03   9.1601280E-04   9.7823970E-04
   1.5533189E+03   1.1930000E+03   1.0950000E+03   3.0498176E-04   3.2950630E-04
   1.5533265E+03   1.1610000E+03   1.0680000E+03   1.5738942E-05   1.7457499E-05
   1.5533340E+03   1.1420000E+03   1.0460000E+03   2.5951232E-05   2.5866463E-05
   1.5533415E+03   1.0460000E+03   9.6400000E+02   1.4482114E-04   1.5565493E-04
   1.5533491E+03   1.0220000E+03   9.3900000E+02   3.0036038E-04   3.2712834E-04
   1.5533566E+03   1.0610000E+03   9.5100000E+02   2.8555456E-04   3.1849005E-04
   1.5533641E+03   8.8300000E+02   7.9500000E+02   2.2693520E-04   2.5184555E-04
   1.5533716E+03   8.5700000E+02   7.6900000E+02   2.1760189E-04   3.4072705E-05
   1.5533792E+03   8.3600000E+02   7.4300000E+02   8.3389984E-04   9.3831515E-04
   1.5533867E+03   7.5900000E+02   6.7800000E+02   1.0482076E-03   1.1734886E-03
   1.5533942E+03   6.9100000E+02   6.3700000E+02   1.3824322E-03   1.4996937E-03
   1.5534018E+03   7.4000000E+02   6.6200000E+02   1.4796948E-04   1.6546934E-04
   1.5534093E+03   6.4800000E+02   5.7500000E+02   1.2919634E-03   1.4563384E-03
   1.5534168E+03   5.9400000E+02   5.3400000E+02   1.3863127E-03   1.5419984E-03
   1.5534243E+03   6.0000000E+02   5.5100000E+02   4.0220619E-04   4.3798701E-04
   1.5534319E+03   5.6000000E+02   5.0100000E+02   1.5632098E-03   1.7472456E-03
   1.5534394E+03   5.5100000E+02   5.1400000E+02   1.9083161E-03   1.8874536E-03
   1.5534469E+03   5.5300000E+02   5.2300000E+02   1.4716836E-04   1.5535588E-04
   1.5534545E+03   4.5300000E+02   4.2800000E+02   1.0071076E-03   1.0661413E-03
   1.5534620E+03   4.5200000E+02   4.2300000E+02   5.8946112E-04   4.1790203E-04
   1.5534695E+03   4.4900000E+02   4.2200000E+02   1.9984365E-03   2.1263301E-03
   1.5534770E+03   4.7300000E+02   4.4600000E+02   7.1725989E-04   7.6074360E-04
   1.5534846E+03   4.4200000E+02   4.1400000E+02   1.4553668E-03   1.5537975E-03
   1.5534921E+03   4.5700000E+02   4.3600000E+02   4.3896475E-04   4.6012220E-04
   1.5534996E+03   4.1600000E+02   3.8900000E+02   5.1302287E-04   5.4863114E-04
   1.5535072E+03   3.7900000E+02   3.5900000E+02   1.2868758E-03   1.3585681E-03
   1.5535147E+03   4.0500000E+02   3.9000000E+02   4.6622613E-04   4.8415791E-04
   1.5535222E+03   4.0000000E+02   3.9100000E+02   2.6985392E-04   2.7606539E-04
   1.5535297E+03   3.4300000E+02   3.2500000E+02   1.3771263E-03   1.4533979E-03
   1.5535373E+03   3.9800000E+02   3.8200000E+02   1.3487390E-03   1.4052307E-03
   1.5535448E+03   4.0900000E+02   3.9400000E+02   1.6746018E-03   1.7383557E-03
   1.5535523E+03   3.6700000E+02   3.5200000E+02   1.1884515E-03   1.2390958E-03
   1.5535599E+03   3.4800000E+02   3.3100000E+02   1.8369231E-03   1.9312666E-03
   1.5535674E+03   3.2600000E+02   3.0900000E+02   5.8441993E-04   6.1657248E-04
   1.5535749E+03   3.4700000E+02   3.3200000E+02   2.4595458E-04   0.0000000E+00
   1.5535824E+03   3.2600000E+02   3.1400000E+02   7.9189676E-05   8.2216033E-05
   1.5535900E+03   3.3300000E+02   3.1400000E+02   0.0000000E+00   0.0000000E+00
   1.5535975E+03   3.3800000E+02   3.2500000E+02   1.5580941E-03   1.6204179E-03
   1.5536050E+03   3.1000000E+02   2.9600000E+02   8.3372521E-04   8.7315816E-04
   1.5536126E+03   2.7000000E+02   2.6100000E+02   0.0000000E+00   0.0000000E+00
   1.5536201E+03   2.9000000E+02   2.7500000E+02   2.1708640E-03   2.2892748E-03
   1.5536276E+03   2.9000000E+02   2.7700000E+02   9.6917304E-04   1.0146577E-03
   1.5536351E+03   2.8300000E+02   2.6900000E+02   1.2667637E-03   1.3326920E-03
   1.5536427E+03   2.7200000E+02   2.6300000E+02   0.0000000E+00   0.0000000E+00
   1.5536502E+03   2.5800000E+02   2.4300000E+02   2.0836638E-03   2.2122850E-03
   1.5536577E+03   2.4600000E+02   2.3300000E+02   1.4006485E-03   1.4787962E-03
   1.5536653E+03   2.5500000E+02   2.4200000E+02   1.1626137E-03   1.2250681E-03
   1.5536728E+03   2.5300000E+02   2.3800000E+02   1.9046303E-03   2.0246700E-03
   1.5536803E+03   2.5100000E+02   2.2900000E+02   0.0000000E+00   0.0000000E+00
   1.5536878E+03   2.4700000E+02   2.3800000E+02   2.2999379E-03   0.0000000E+00
   1.5536954E+03   2.4000000E+02   2.2800000E+02   0.0000000E+00   0.0000000E+00
   1.5537029E+03   2.0700000E+02   1.9800000E+02   0.0000000E+00   0.0000000E+00
   1.5537104E+03   2.2200000E+02   2.1300000E+02   3.5492245E-03   3.6991918E-03
   1.5537180E+03   1.8800000E+02   1.8100000E+02   0.0000000E+00   0.0000000E+00
   1.5537255E+03   2.0200000E+02   1.9500000E+02   2.5185981E-03   2.6090094E-03
   1.5537330E+03   2.1400000E+02   2.0600000E+02   2.7750765E-03   2.8828465E-03
   1.5537405E+03   1.7500000E+02   1.6800000E+02   0.0000000E+00   0.0000000E+00
   1.5537481E+03   1.9800000E+02   1.9200000E+02   1.6746126E-03   1.7269443E-03
   1.5537556E+03   2.3200000E+02   2.1800000E+02   1.3354881E-03   1.4212534E-03
   1.5537631E+03   1.7000000E+02   1.6100000E+02   3.5943912E-03   3.7953199E-03
   1.5537706E+03   1.9200000E+02   1.8300000E+02   0.0000000E+00   0.0000000E+00
   1.5537782E+03   1.7000000E+02   1.6500000E+02   0.0000000E+00   0.0000000E+00
   1.5537857E+03   1.6300000E+02   1.5700000E+02   0.0000000E+00   0.0000000E+00
   1.5537932E+03   1.6300000E+02   1.5300000E+02   0.0000000E+00   0.0000000E+00
   1.5538008E+03   1.4100000E+02   1.3500000E+02   4.6310649E-03   4.2137122E-03
   1.5538083E+03   1.7700000E+02   1.7000000E+02   0.0000000E+00   0.0000000E+00
   1.5538158E+03   1.4700000E+02   1.3900000E+02   9.7877104E-04   1.0351032E-03
   1.5538233E+03   1.4200000E+02   1.3600000E+02   1.3949824E-03   1.4565257E-03
   1.5538309E+03   1.4100000E+02   1.3100000E+02   2.2836211E-03   2.4579433E-03
   1.5538384E+03   1.3600000E+02   1.3100000E+02   2.2009677E-03   2.2849741E-03
   1.5538459E+03   1.2500000E+02   1.2100000E+02   0.0000000E+00   0.0000000E+00
   1.5538535E+03   1.3700000E+02   1.2900000E+02   3.3830488E-03   3.5928503E-03
   1.5538610E+03   1.3000000E+02   1.2600000E+02   3.1552317E-03   3.2553978E-03
   1.5538685E+03   1.2400000E+02   1.2200000E+02   0.0000000E+00   0.0000000E+00
   1.5538760E+03   1.2400000E+02   1.1500000E+02   3.6670352E-04   3.9540206E-04
   1.5538836E+03   9.7000000E+01   8.9000000E+01   0.0000000E+00   0.0000000E+00
   1.5538911E+03   1.2600000E+02   1.1900000E+02   8.1850217E-04   8.6664936E-04
   1.5538986E+03   1.1600000E+02   1.0800000E+02   0.0000000E+00   0.0000000E+00
   1.5539062E+03   1.2300000E+02   1.1600000E+02   3.0728907E-03   3.2583237E-03
   1.5539137E+03   1.1300000E+02   1.0800000E+02   2.0397463E-03   2.1341790E-03
   1.5539212E+03   1.2100000E+02   1.1000000E+02   0.0000000E+00   0.0000000E+00
   1.5539287E+03   8.1000000E+01   7.8000000E+01   2.0581513E-03   2.1373110E-03
   1.5539363E+03   9.1000000E+01   8.8000000E+01   0.0000000E+00   0.0000000E+00
   1.5539438E+03   9.8000000E+01   9.0000000E+01   2.9352719E-03   3.1961850E-03
   1.5539513E+03   9.0000000E+01   8.1000000E+01   5.1489333E-03   5.7210370E-03
   1.5539589E+03   1.0800000E+02   1.0100000E+02   0.0000000E+00   0.0000000E+00
   1.5539664E+03   8.3000000E+01   7.6000000E+01   0.0000000E+00   0.0000000E+00
   1.5539739E+03   8.4000000E+01   7.6000000E+01   0.0000000E+00   0.0000000E+00
   1.5539814E+03   7.6000000E+01   7.1000000E+01   0.0000000E+00   0.0000000E+00
   1.5539890E+03   8.4000000E+01   7.7000000E+01   0.0000000E+00   0.0000000E+00
   1.5539965E+03   6.8000000E+01   6.4000000E+01   1.0768235E-02   1.1441250E-02
   1.5540040E+03   7.3000000E+01   6.9000000E+01   1.1454565E-02   1.2118598E-02
   1.5540116E+03   7.9000000E+01   7.0000000E+01   0.0000000E+00   0.0000000E+00
   1.5540191E+03   5.7000000E+01   5.2000000E+01   0.0000000E+00   0.0000000E+00
   1.5540266E+03   7.6000000E+01   6.8000000E+01   0.0000000E+00   0.0000000E+00
   1.5540341E+03   6.1000000E+01   5.7000000E+01   0.0000000E+00   0.0000000E+00
   1.5540417E+03   7.1000000E+01   6.9000000E+01   5.8349335E-05   6.0040620E-05
   1.5540492E+03   5.9000000E+01   5.4000000E+01   3.1646766E-04   3.4577022E-04
   1.5540567E+03   6.4000000E+01   6.1000000E+01   9.0920058E-03   9.5391536E-03
   1.5540643E+03   5.7000000E+01   5.5000000E+01   4.6617858E-03   4.8313053E-03
   1.5540718E+03   6.1000000E+01   5.6000000E+01   5.4976356E-03   5.9884959E-03
   1.5540793E+03   5.9000000E+01   5.4000000E+01   0.0000000E+00   0.0000000E+00
   1.5540868E+03   5.7000000E+01   5.6000000E+01   7.6985034E-03   7.8359766E-03
   1.5540944E+03   5.0000000E+01   4.3000000E+01   0.0000000E+00   0.0000000E+00
   1.5541019E+03   4.0000000E+01   3.8000000E+01   0.0000000E+00   0.0000000E+00
   1.5541094E+03   4.2000000E+01   4.1000000E+01   0.0000000E+00   0.0000000E+00
   1.5541170E+03   4.1000000E+01   3.8000000E+01   0.0000000E+00   0.0000000E+00
   1.5541245E+03   3.5000000E+01   3.3000000E+01   1.1070136E-02   1.1741053E-02
   1.5541320E+03   4.2000000E+01   3.5000000E+01   0.0000000E+00   0.0000000E+00
   1.5541395E+03   4.2000000E+01   4.0000000E+01   1.0137563E-02   1.0644441E-02
   1.5541471E+03   3.6000000E+01   3.5000000E+01   0.0000000E+00   0.0000000E+00
   1.5541546E+03   3.9000000E+01   3.8000000E+01   0.0000000E+00   0.0000000E+00
   1.5541621E+03   3.0000000E+01   2.8000000E+01   0.0000000E+00   0.0000000E+00
   1.5541697E+03   3.1000000E+01   3.1000000E+01   7.6552170E-03   7.6552170E-03
   1.5541772E+03   4.1000000E+01   3.7000000E+01   0.0000000E+00   0.0000000E+00
   1.5541847E+03   3.1000000E+01   3.1000000E+01   0.0000000E+00   0.0000000E+00
   1.5541922E+03   3.0000000E+01   2.6000000E+01   0.0000000E+00   0.0000000E+00
   1.5541998E+03   2.5000000E+01   2.3000000E+01   0.0000000E+00   0.0000000E+00
   1.5542073E+03   2.9000000E+01   2.5000000E+01   0.0000000E+00   0.0000000E+00
   1.5542148E+03   2.0000000E+01   2.0000000E+01   0.0000000E+00   0.0000000E+00
   1.5542224E+03   2.3000000E+01   2.1000000E+01   1.4011607E-02   1.5346046E-02
   1.5542299E+03   1.9000000E+01   1.8000000E+01   6.0124185E-02   6.3464418E-02
   1.5542374E+03   1.4000000E+01   1.3000000E+01   0.0000000E+00   0.0000000E+00
   1.5542449E+03   2.1000000E+01   2.0000000E+01   2.9013159E-02   3.0463817E-02
   1.5542525E+03   3.1000000E+01   2.9000000E+01   0.0000000E+00   0.0000000E+00
   1.5542600E+03   2.9000000E+01   2.4000000E+01   0.0000000E+00   0.0000000E+00
   1.5542675E+03   2.6000000E+01   2.3000000E+01   1.8547164E-02   2.0966360E-02
   1.5542750E+03   2.0000000E+01   1.9000000E+01   0.0000000E+00   0.0000000E+00
   1.5542826E+03   2.5000000E+01   2.0000000E+01   0.0000000E+00   0.0000000E+00
   1.5542901E+03   2.4000000E+01   2.2000000E+01   0.0000000E+00   0.0000000E+00
   1.5542976E+03   1.8000000E+01   1.6000000E+01   0.0000000E+00   0.0000000E+00
   1.5543052E+03   1.4000000E+01   1.1000000E+01   0.0000000E+00   0.0000000E+00
   1.5543127E+03   2.5000000E+01   2.5000000E+01   0.0000000E+00   0.0000000E+00
   1.5543202E+03   1.6000000E+01   1.5000000E+01   1.3157665E-02   1.4034843E-02
   1.5543277E+03   2.1000000E+01   2.1000000E+01   3.6629094E-02   3.6629094E-02
   1.5543353E+03   1.3000000E+01   1.3000000E+01   2.2875839E-02   2.2875839E-02
   1.5543428E+03   1.6000000E+01   1.3000000E+01   2.9686063E-02   3.0779160E-03
   1.5543503E+03   1.8000000E+01   1.7000000E+01   0.0000000E+00   0.0000000E+00
   1.5543579E+03   1.2000000E+01   1.2000000E+01   0.0000000E+00   0.0000000E+00
   1.5543654E+03   6.0000000E+00   6.0000000E+00   0.0000000E+00   0.0000000E+00
   1.5543729E+03   1.4000000E+01   1.2000000E+01   0.0000000E+00   0.0000000E+00
   1.5543804E+03   1.9000000E+01   1.8000000E+01   9.6008657E-03   1.0134247E-02
   1.5543880E+03   1.2000000E+01   1.2000000E+01   0.0000000E+00   0.0000000E+00
   1.5543955E+03   6.0000000E+00   6.0000000E+00   0.0000000E+00   0.0000000E+00
   1.5544030E+03   9.0000000E+00   9.0000000E+00   0.0000000E+00   0.0000000E+00
   1.5544106E+03   1.7000000E+01   1.6000000E+01   4.0322042E-02   4.2842170E-02
   1.5544181E+03   8.0000000E+00   7.0000000E+00   4.5311150E-02   5.1784171E-02
   1.5544256E+03   1.2000000E+01   1.2000000E+01   4.7825501E-02   4.7825501E-02
   1.5544331E+03   1.0000000E+01   1.0000000E+01   0.0000000E+00   0.0000000E+00
   1.5544407E+03   1.3000000E+01   1.3000000E+01   5.9736973E-02   5.9736973E-02
   1.5544482E+03   6.0000000E+00   6.0000000E+00   0.0000000E+00   0.0000000E+00
   1.5544557E+03   7.0000000E+00   3.0000000E+00   0.0000000E+00   0.0000000E+00
   1.5544633E+03   8.0000000E+00   7.0000000E+00   0.0000000E+00   0.0000000E+00
   1.5544708E+03   8.0000000E+00   8.0000000E+00   0.0000000E+00   0.0000000E+00
   1.5544783E+03   6.0000000E+00   6.0000000E+00   0.0000000E+00   0.0000000E+00
   1.5544858E+03   1.2000000E+01   1.1000000E+01   1.4397794E-02   1.5706684E-02
   1.5544934E+03   8.0000000E+00   8.0000000E+00   0.0000000E+00   0.0000000E+00
   1.5545009E+03   9.0000000E+00   7.0000000E+00   8.0902752E-02   1.0401782E-01
   1.5545084E+03   8.0000000E+00   8.0000000E+00   0.0000000E+00   0.0000000E+00
   1.5545160E+03   6.0000000E+00   6.0000000E+00   0.0000000E+00   0.0000000E+00
   1.5545235E+03   5.0000000E+00   5.0000000E+00   3.6203550E-02   3.6203550E-02
   1.5545310E+03   3.0000000E+00   3.0000000E+00   0.0000000E+00   0.0000000E+00
   1.5545385E+03   7.0000000E+00   7.0000000E+00   2.7260335E-03   2.7260335E-03
   1.5545461E+03   4.0000000E+00   3.0000000E+00   0.0000000E+00   0.0000000E+00
   1.5545536E+03   9.0000000E+00   8.0000000E+00   1.3734712E-02   0.0000000E+00
   1.5545611E+03   1.0000000E+01   9.0000000E+00   0.0000000E+00   0.0000000E+00
   1.5545687E+03   3.0000000E+00   3.0000000E+00   0.0000000E+00   0.0000000E+00
   1.5545762E+03   7.0000000E+00   7.0000000E+00   0.0000000E+00   0.0000000E+00
   1.5545837E+03   6.0000000E+00   6.0000000E+00   4.2308764E-02   4.2308764E-02
   1.5545912E+03   6.0000000E+00   6.0000000E+00   7.3432521E-02   7.3432521E-02
   1.5545988E+03   4.0000000E+00   2.0000000E+00   8.1911000E-02   0.0000000E+00
   1.5546063E+03   4.0000000E+00   4.0000000E+00   0.0000000E+00   0.0000000E+00
   1.5546138E+03   5.0000000E+00   5.0000000E+00   0.0000000E+00   0.0000000E+00
   1.5546214E+03   3.0000000E+00   3.0000000E+00   0.0000000E+00   0.0000000E+00
   1.5546289E+03   3.0000000E+00   3.0000000E+00   0.0000000E+00   0.0000000E+00
   1.5546364E+03   3.0000000E+00   3.0000000E+00   1.6552264E-01   1.6552264E-01
   1.5546439E+03   2.0000000E+00   2.0000000E+00   0.0000000E+00   0.0000000E+00
   1.5546515E+03   3.0000000E+00   3.0000000E+00   0.0000000E+00   0.0000000E+00
   1.5546590E+03   1.0000000E+00   1.0000000E+00   0.0000000E+00   0.0000000E+00
   1.5546665E+03   3.0000000E+00   3.0000000E+00   0.0000000E+00   0.0000000E+00
   1.5546740E+03   3.0000000E+00   3.0000000E+00   0.0000000E+00   0.0000000E+00
   1.5546816E+03   4.0000000E+00   4.0000000E+00   0.0000000E+00   0.0000000E+00
   1.5546891E+03   4.0000000E+00   4.0000000E+00   0.0000000E+00   0.0000000E+00
   1.5546966E+03   2.0000000E+00   1.0000000E+00   1.4225223E-01   2.8450446E-01
   1.5547042E+03   0.0000000E+00   0.0000000E+00   0.0000000E+00   0.0000000E+00
   1.5547117E+03   3.0000000E+00   3.0000000E+00   1.3613843E-01   1.3613843E-01
   1.5547192E+03   1.0000000E+00   1.0000000E+00   0.0000000E+00   0.0000000E+00
   1.5547267E+03   0.0000000E+00   0.0000000E+00   0.0000000E+00   0.0000000E+00
   1.5547343E+03   3.0000000E+00   2.0000000E+00   0.0000000E+00   0.0000000E+00
   1.5547418E+03   3.0000000E+00   3.0000000E+00   0.0000000E+00   0.0000000E+00
   1.5547493E+03   1.0000000E+00   1.0000000E+00   0.0000000E+00   0.0000000E+00
   1.5547569E+03   3.0000000E+00   2.0000000E+00   0.0000000E+00   0.0000000E+00
   1.5547644E+03   2.0000000E+00   2.0000000E+00   0.0000000E+00   0.0000000E+00
   1.5547719E+03   0.0000000E+00   0.0000000E+00   0.0000000E+00   0.0000000E+00
   1.5547794E+03   0.0000000E+00   0.0000000E+00   0.0000000E+00   0.0000000E+00
   1.5547870E+03   0.0000000E+00   0.0000000E+00   0.0000000E+00   0.0000000E+00
   1.5547945E+03   2.0000000E+00   2.0000000E+00   0.0000000E+00   0.0000000E+00
   1.5548020E+03   0.0000000E+00   0.0000000E+00   0.0000000E+00   0.0000000E+00
   1.5548096E+03   1.0000000E+00   1.0000000E+00   4.2171954E-01   4.2171954E-01
   1.5548171E+03   1.0000000E+00   0.0000000E+00   6.0476547E-02   0.0000000E+00
   1.5548246E+03   1.0000000E+00   1.0000000E+00   0.0000000E+00   0.0000000E+00
   1.5548321E+03   0.0000000E+00   0.0000000E+00   0.0000000E+00   0.0000000E+00
   1.5548397E+03   1.0000000E+00   1.0000000E+00   1.8160390E-01   1.8160390E-01
   1.5548472E+03   0.0000000E+00   0.0000000E+00   0.0000000E+00   0.0000000E+00
   1.5548547E+03   1.0000000E+00   0.0000000E+00   0.0000000E+00   0.0000000E+00
   1.5548623E+03   1.0000000E+00   1.0000000E+00   0.0000000E+00   0.0000000E+00
   1.5548698E+03   1.0000000E+00   1.0000000E+00   0.0000000E+00   0.0000000E+00
   1.5548773E+03   0.0000000E+00   0.0000000E+00   0.0000000E+00   0.0000000E+00
   1.5548848E+03   0.0000000E+00   0.0000000E+00   0.0000000E+00   0.0000000E+00
   1.5548924E+03   1.0000000E+00   1.0000000E+00   0.0000000E+00   0.0000000E+00
   1.5548999E+03   0.0000000E+00   0.0000000E+00   0.0000000E+00   0.0000000E+00
   1.5549074E+03   2.0000000E+00   2.0000000E+00   0.0000000E+00   0.0000000E+00
   1.5549150E+03   1.0000000E+00   1.0000000E+00   0.0000000E+00   0.0000000E+00
   1.5549225E+03   1.0000000E+00   1.0000000E+00   3.1843934E-01   3.1843934E-01
   1.5549300E+03   2.0000000E+00   2.0000000E+00   1.0769863E-01   1.0769863E-01
   1.5549375E+03   0.0000000E+00   0.0000000E+00   0.0000000E+00   0.0000000E+00
   1.5549451E+03   0.0000000E+00   0.0000000E+00   0.0000000E+00   0.0000000E+00
   1.5549526E+03   0.0000000E+00   0.0000000E+00   0.0000000E+00   0.0000000E+00
   1.5549601E+03   1.0000000E+00   1.0000000E+00   0.0000000E+00   0.0000000E+00
   1.5549677E+03   0.0000000E+00   0.0000000E+00   0.0000000E+00   0.0000000E+00
   1.5549752E+03   0.0000000E+00   0.0000000E+00   0.0000000E+00   0.0000000E+00
   1.5549827E+03   1.0000000E+00   1.0000000E+00   0.0000000E+00   0.0000000E+00
   1.5549902E+03   0.0000000E+00   0.0000000E+00   0.0000000E+00   0.0000000E+00
   1.5549978E+03   1.0000000E+00   1.0000000E+00   7.6745290E-02   7.6745290E-02
   1.5550053E+03   0.0000000E+00   0.0000000E+00   0.0000000E+00   0.0000000E+00
   1.5550128E+03   1.0000000E+00   0.0000000E+00   0.0000000E+00   0.0000000E+00
   1.5550204E+03   1.0000000E+00   1.0000000E+00   0.0000000E+00   0.0000000E+00
   1.5550279E+03   0.0000000E+00   0.0000000E+00   0.0000000E+00   0.0000000E+00
   1.5550354E+03   0.0000000E+00   0.0000000E+00   0.0000000E+00   0.0000000E+00
   1.5550429E+03   1.0000000E+00   1.0000000E+00   0.0000000E+00   0.0000000E+00
   1.5550505E+03   0.0000000E+00   0.0000000E+00   0.0000000E+00   0.0000000E+00
   1.5550580E+03   0.0000000E+00   0.0000000E+00   0.0000000E+00   0.0000000E+00
   1.5550655E+03   0.0000000E+00   0.0000000E+00   0.0000000E+00   0.0000000E+00
   1.5550731E+03   0.0000000E+00   0.0000000E+00   0.0000000E+00   0.0000000E+00
   1.5550806E+03   0.0000000E+00   0.0000000E+00   0.0000000E+00   0.0000000E+00
   1.5550881E+03   0.0000000E+00   0.0000000E+00   0.0000000E+00   0.0000000E+00
   1.5550956E+03   0.0000000E+00   0.0000000E+00   0.0000000E+00   0.0000000E+00
   1.5551032E+03   0.0000000E+00   0.0000000E+00   0.0000000E+00   0.0000000E+00
   1.5551107E+03   0.0000000E+00   0.0000000E+00   0.0000000E+00   0.0000000E+00
   1.5551182E+03   0.0000000E+00   0.0000000E+00   0.0000000E+00   0.0000000E+00
   1.5551257E+03   0.0000000E+00   0.0000000E+00   0.0000000E+00   0.0000000E+00
   1.5551333E+03   0.0000000E+00   0.0000000E+00   0.0000000E+00   0.0000000E+00
   1.5551408E+03   0.0000000E+00   0.0000000E+00   0.0000000E+00   0.0000000E+00
   1.5551483E+03   0.0000000E+00   0.0000000E+00   0.0000000E+00   0.0000000E+00
   1.5551559E+03   0.0000000E+00   0.0000000E+00   0.0000000E+00   0.0000000E+00
   1.5551634E+03   0.0000000E+00   0.0000000E+00   0.0000000E+00   0.0000000E+00
   1.5551709E+03   1.0000000E+00   1.0000000E+00   1.4247576E-01   1.4247576E-01
   1.5551784E+03   0.0000000E+00   0.0000000E+00   0.0000000E+00   0.0000000E+00
   1.5551860E+03   0.0000000E+00   0.0000000E+00   0.0000000E+00   0.0000000E+00
   1.5551935E+03   0.0000000E+00   0.0000000E+00   0.0000000E+00   0.0000000E+00
   1.5552010E+03   0.0000000E+00   0.0000000E+00   0.0000000E+00   0.0000000E+00
   1.5552086E+03   0.0000000E+00   0.0000000E+00   0.0000000E+00   0.0000000E+00
   1.5552161E+03   0.0000000E+00   0.0000000E+00   0.0000000E+00   0.0000000E+00
   1.5552236E+03   0.0000000E+00   0.0000000E+00   0.0000000E+00   0.0000000E+00
   1.5552311E+03   1.0000000E+00   1.0000000E+00   8.0810654E-01   8.0810654E-01
   1.5552387E+03   0.0000000E+00   0.0000000E+00   0.0000000E+00   0.0000000E+00
   1.5552462E+03   0.0000000E+00   0.0000000E+00   0.0000000E+00   0.0000000E+00
   1.5552537E+03   0.0000000E+00   0.0000000E+00   0.0000000E+00   0.0000000E+00
   1.5552613E+03   0.0000000E+00   0.0000000E+00   0.0000000E+00   0.0000000E+00
   1.5552688E+03   0.0000000E+00   0.0000000E+00   0.0000000E+00   0.0000000E+00
   1.5552763E+03   1.0000000E+00   1.0000000E+00   8.8613804E-01   8.8613804E-01
   1.5552838E+03   0.0000000E+00   0.0000000E+00   0.0000000E+00   0.0000000E+00
   1.5552914E+03   0.0000000E+00   0.0000000E+00   0.0000000E+00   0.0000000E+00
   1.5552989E+03   0.0000000E+00   0.0000000E+00   0.0000000E+00   0.0000000E+00
   1.5553064E+03   0.0000000E+00   0.0000000E+00   0.0000000E+00   0.0000000E+00
   1.5553140E+03   1.0000000E+00   1.0000000E+00   0.0000000E+00   0.0000000E+00
   1.5553215E+03   0.0000000E+00   0.0000000E+00   0.0000000E+00   0.0000000E+00
   1.5553290E+03   0.0000000E+00   0.0000000E+00   0.0000000E+00   0.0000000E+00
   1.5553365E+03   0.0000000E+00   0.0000000E+00   0.0000000E+00   0.0000000E+00
   1.5553441E+03   0.0000000E+00   0.0000000E+00   0.0000000E+00   0.0000000E+00
   1.5553516E+03   0.0000000E+00   0.0000000E+00   0.0000000E+00   0.0000000E+00
   1.5553591E+03   0.0000000E+00   0.0000000E+00   0.0000000E+00   0.0000000E+00
   1.5553667E+03   0.0000000E+00   0.0000000E+00   0.0000000E+00   0.0000000E+00
   1.5553742E+03   0.0000000E+00   0.0000000E+00   0.0000000E+00   0.0000000E+00
   1.5553817E+03   0.0000000E+00   0.0000000E+00   0.0000000E+00   0.0000000E+00
   1.5553892E+03   0.0000000E+00   0.0000000E+00   0.0000000E+00   0.0000000E+00
   1.5553968E+03   1.0000000E+00   1.0000000E+00   3.1961132E-01   3.1961132E-01
   1.5554043E+03   0.0000000E+00   0.0000000E+00   0.0000000E+00   0.0000000E+00
   1.5554118E+03   0.0000000E+00   0.0000000E+00   0.0000000E+00   0.0000000E+00
   1.5554194E+03   0.0000000E+00   0.0000000E+00   0.0000000E+00   0.0000000E+00
   1.5554269E+03   0.0000000E+00   0.0000000E+00   0.0000000E+00   0.0000000E+00
   1.5554344E+03   0.0000000E+00   0.0000000E+00   0.0000000E+00   0.0000000E+00
   1.5554419E+03   1.0000000E+00   1.0000000E+00   7.9292778E-01   7.9292778E-01
   1.5554495E+03   0.0000000E+00   0.0000000E+00   0.0000000E+00   0.0000000E+00
   1.5554570E+03   0.0000000E+00   0.0000000E+00   0.0000000E+00   0.0000000E+00
   1.5554645E+03   0.0000000E+00   0.0000000E+00   0.0000000E+00   0.0000000E+00
   1.5554721E+03   0.0000000E+00   0.0000000E+00   0.0000000E+00   0.0000000E+00
   1.5554796E+03   0.0000000E+00   0.0000000E+00   0.0000000E+00   0.0000000E+00
   1.5554871E+03   0.0000000E+00   0.0000000E+00   0.0000000E+00   0.0000000E+00
   1.5554946E+03   0.0000000E+00   0.0000000E+00   0.0000000E+00   0.0000000E+00
   1.5555022E+03   0.0000000E+00   0.0000000E+00   0.0000000E+00   0.0000000E+00
   1.5555097E+03   0.0000000E+00   0.0000000E+00   0.0000000E+00   0.0000000E+00
   1.5555172E+03   0.0000000E+00   0.0000000E+00   0.0000000E+00   0.0000000E+00
   1.5555248E+03   0.0000000E+00   0.0000000E+00   0.0000000E+00   0.0000000E+00
   1.5555323E+03   0.0000000E+00   0.0000000E+00   0.0000000E+00   0.0000000E+00
   1.5555398E+03   0.0000000E+00   0.0000000E+00   0.0000000E+00   0.0000000E+00
   1.5555473E+03   0.0000000E+00   0.0000000E+00   0.0000000E+00   0.0000000E+00
   1.5555549E+03   0.0000000E+00   0.0000000E+00   0.0000000E+00   0.0000000E+00
   1.5555624E+03   0.0000000E+00   0.0000000E+00   0.0000000E+00   0.0000000E+00
   1.5555699E+03   0.0000000E+00   0.0000000E+00   0.0000000E+00   0.0000000E+00
   1.5555774E+03   0.0000000E+00   0.0000000E+00   0.0000000E+00   0.0000000E+00
   1.5555850E+03   0.0000000E+00   0.0000000E+00   0.0000000E+00   0.0000000E+00
   1.5555925E+03   1.0000000E+00   1.0000000E+00   4.4649217E-03   4.4649217E-03
   1.5556000E+03   0.0000000E+00   0.0000000E+00   0.0000000E+00   0.0000000E+00
   1.5556076E+03   0.0000000E+00   0.0000000E+00   0.0000000E+00   0.0000000E+00
   1.5556151E+03   0.0000000E+00   0.0000000E+00   0.0000000E+00   0.0000000E+00
   1.5556226E+03   0.0000000E+00   0.0000000E+00   0.0000000E+00   0.0000000E+00
   1.5556301E+03   0.0000000E+00   0.0000000E+00   0.0000000E+00   0.0000000E+00
   1.5556377E+03   0.0000000E+00   0.0000000E+00   0.0000000E+00   0.0000000E+00
   1.5556452E+03   0.0000000E+00   0.0000000E+00   0.0000000E+00   0.0000000E+00
   1.5556527E+03   0.0000000E+00   0.0000000E+00   0.0000000E+00   0.0000000E+00
   1.5556603E+03   0.0000000E+00   0.0000000E+00   0.0000000E+00   0.0000000E+00
   1.5556678E+03   0.0000000E+00   0.0000000E+00   0.0000000E+00   0.0000000E+00
   1.5556753E+03   0.0000000E+00   0.0000000E+00   0.0000000E+00   0.0000000E+00
   1.5556828E+03   0.0000000E+00   0.0000000E+00   0.0000000E+00   0.0000000E+00
   1.5556904E+03   0.0000000E+00   0.0000000E+00   0.0000000E+00   0.0000000E+00
   1.5556979E+03   0.0000000E+00   0.0000000E+00   0.0000000E+00   0.0000000E+00
   1.5557054E+03   1.0000000E+00   1.0000000E+00   7.7001815E-03   7.7001815E-03
   1.5557130E+03   0.0000000E+00   0.0000000E+00   0.0000000E+00   0.0000000E+00
   1.5557205E+03   0.0000000E+00   0.0000000E+00   0.0000000E+00   0.0000000E+00
   1.5557280E+03   0.0000000E+00   0.0000000E+00   0.0000000E+00   0.0000000E+00
   1.5557355E+03   0.0000000E+00   0.0000000E+00   0.0000000E+00   0.0000000E+00
   1.5557431E+03   0.0000000E+00   0.0000000E+00   0.0000000E+00   0.0000000E+00
   1.5557506E+03   0.0000000E+00   0.0000000E+00   0.0000000E+00   0.0000000E+00
   1.5557581E+03   0.0000000E+00   0.0000000E+00   0.0000000E+00   0.0000000E+00
   1.5557657E+03   0.0000000E+00   0.0000000E+00   0.0000000E+00   0.0000000E+00
   1.5557732E+03   0.0000000E+00   0.0000000E+00   0.0000000E+00   0.0000000E+00
   1.5557807E+03   0.0000000E+00   0.0000000E+00   0.0000000E+00   0.0000000E+00
   1.5557882E+03   1.0000000E+00   1.0000000E+00   2.0081234E-01   2.0081234E-01
   1.5557958E+03   0.0000000E+00   0.0000000E+00   0.0000000E+00   0.0000000E+00
   1.5558033E+03   0.0000000E+00   0.0000000E+00   0.0000000E+00   0.0000000E+00
   1.5558108E+03   0.0000000E+00   0.0000000E+00   0.0000000E+00   0.0000000E+00
   1.5558184E+03   0.0000000E+00   0.0000000E+00   0.0000000E+00   0.0000000E+00
   1.5558259E+03   0.0000000E+00   0.0000000E+00   0.0000000E+00   0.0000000E+00
   1.5558334E+03   0.0000000E+00   0.0000000E+00   0.0000000E+00   0.0000000E+00
   1.5558409E+03   0.0000000E+00   0.0000000E+00   0.0000000E+00   0.0000000E+00
   1.5558485E+03   0.0000000E+00   0.0000000E+00   0.0000000E+00   0.0000000E+00
   1.5558560E+03   1.0000000E+00   1.0000000E+00   1.9298669E-01   1.9298669E-01
   1.5558635E+03   0.0000000E+00   0.0000000E+00   0.0000000E+00   0.0000000E+00
   1.5558711E+03   0.0000000E+00   0.0000000E+00   0.0000000E+00   0.0000000E+00
   1.5558786E+03   0.0000000E+00   0.0000000E+00   0.0000000E+00   0.0000000E+00
   1.5558861E+03   0.0000000E+00   0.0000000E+00   0.0000000E+00   0.0000000E+00
   1.5558936E+03   0.0000000E+00   0.0000000E+00   0.0000000E+00   0.0000000E+00
   1.5559012E+03   0.0000000E+00   0.0000000E+00   0.0000000E+00   0.0000000E+00
   1.5559087E+03   0.0000000E+00   0.0000000E+00   0.0000000E+00   0.0000000E+00
   1.5559162E+03   0.0000000E+00   0.0000000E+00   0.0000000E+00   0.0000000E+00
   1.5559238E+03   0.0000000E+00   0.0000000E+00   0.0000000E+00   0.0000000E+00
   1.5559313E+03   1.0000000E+00   1.0000000E+00   6.6170902E-01   6.6170902E-01
   1.5559388E+03   0.0000000E+00   0.0000000E+00   0.0000000E+00   0.0000000E+00
   1.5559463E+03   0.0000000E+00   0.0000000E+00   0.0000000E+00   0.0000000E+00
   1.5559539E+03   0.0000000E+00   0.0000000E+00   0.0000000E+00   0.0000000E+00
   1.5559614E+03   0.0000000E+00   0.0000000E+00   0.0000000E+00   0.0000000E+00
   1.5559689E+03   0.0000000E+00   0.0000000E+00   0.0000000E+00   0.0000000E+00
   1.5559765E+03   0.0000000E+00   0.0000000E+00   0.0000000E+00   0.0000000E+00
   1.5559840E+03   0.0000000E+00   0.0000000E+00   0.0000000E+00   0.0000000E+00
   1.5559915E+03   0.0000000E+00   0.0000000E+00   0.0000000E+00   0.0000000E+00
   1.5559990E+03   0.0000000E+00   0.0000000E+00   0.0000000E+00   0.0000000E+00
   1.5560066E+03   0.0000000E+00   0.0000000E+00   0.0000000E+00   0.0000000E+00
   1.5560141E+03   0.0000000E+00   0.0000000E+00   0.0000000E+00   0.0000000E+00
   1.5560216E+03   0.0000000E+00   0.0000000E+00   0.0000000E+00   0.0000000E+00
   1.5560291E+03   0.0000000E+00   0.0000000E+00   0.0000000E+00   0.0000000E+00
   1.5560367E+03   0.0000000E+00   0.0000000E+00   0.0000000E+00   0.0000000E+00
   1.5560442E+03   0.0000000E+00   0.0000000E+00   0.0000000E+00   0.0000000E+00
   1.5560517E+03   0.0000000E+00   0.0000000E+00   0.0000000E+00   0.0000000E+00
   1.5560593E+03   0.0000000E+00   0.0000000E+00   0.0000000E+00   0.0000000E+00
   1.5560668E+03   0.0000000E+00   0.0000000E+00   0.0000000E+00   0.0000000E+00
   1.5560743E+03   0.0000000E+00   0.0000000E+00   0.0000000E+00   0.0000000E+00
   1.5560818E+03   0.0000000E+00   0.0000000E+00   0.0000000E+00   0.0000000E+00
   1.5560894E+03   0.0000000E+00   0.0000000E+00   0.0000000E+00   0.0000000E+00
   1.5560969E+03   0.0000000E+00   0.0000000E+00   0.0000000E+00   0.0000000E+00
   1.5561044E+03   0.0000000E+00   0.0000000E+00   0.0000000E+00   0.0000000E+00
   1.5561120E+03   0.0000000E+00   0.0000000E+00   0.0000000E+00   0.0000000E+00
   1.5561195E+03   0.0000000E+00   0.0000000E+00   0.0000000E+00   0.0000000E+00
   1.5561270E+03   0.0000000E+00   0.0000000E+00   0.0000000E+00   0.0000000E+00
   1.5561345E+03   0.0000000E+00   0.0000000E+00   0.0000000E+00   0.0000000E+00
   1.5561421E+03   0.0000000E+00   0.0000000E+00   0.0000000E+00   0.0000000E+00
   1.5561496E+03   0.0000000E+00   0.0000000E+00   0.0000000E+00   0.0000000E+00
   1.5561571E+03   0.0000000E+00   0.0000000E+00   0.0000000E+00   0.0000000E+00
   1.5561647E+03   0.0000000E+00   0.0000000E+00   0.0000000E+00   0.0000000E+00
   1.5561722E+03   0.0000000E+00   0.0000000E+00   0.0000000E+00   0.0000000E+00
   1.5561797E+03   0.0000000E+00   0.0000000E+00   0.0000000E+00   0.0000000E+00
   1.5561872E+03   0.0000000E+00   0.0000000E+00   0.0000000E+00   0.0000000E+00
   1.5561948E+03   0.0000000E+00   0.0000000E+00   0.0000000E+00   0.0000000E+00
   1.5562023E+03   0.0000000E+00   0.0000000E+00   0.0000000E+00   0.0000000E+00
   1.5562098E+03   0.0000000E+00   0.0000000E+00   0.0000000E+00   0.0000000E+00
   1.5562174E+03   0.0000000E+00   0.0000000E+00   0.0000000E+00   0.0000000E+00
   1.5562249E+03   0.0000000E+00   0.0000000E+00   0.0000000E+00   0.0000000E+00
   1.5562324E+03   0.0000000E+00   0.0000000E+00   0.0000000E+00   0.0000000E+00
   1.5562399E+03   0.0000000E+00   0.0000000E+00   0.0000000E+00   0.0000000E+00
   1.5562475E+03   0.0000000E+00   0.0000000E+00   0.0000000E+00   0.0000000E+00
   1.5562550E+03   0.0000000E+00   0.0000000E+00   0.0000000E+00   0.0000000E+00
   1.5562625E+03   0.0000000E+00   0.0000000E+00   0.0000000E+00   0.0000000E+00
   1.5562701E+03   0.0000000E+00   0.0000000E+00   0.0000000E+00   0.0000000E+00
   1.5562776E+03   0.0000000E+00   0.0000000E+00   0.0000000E+00   0.0000000E+00
   1.5562851E+03   0.0000000E+00   0.0000000E+00   0.0000000E+00   0.0000000E+00
   1.5562926E+03   0.0000000E+00   0.0000000E+00   0.0000000E+00   0.0000000E+00
   1.5563002E+03   0.0000000E+00   0.0000000E+00   0.0000000E+00   0.0000000E+00
   1.5563077E+03   0.0000000E+00   0.0000000E+00   0.0000000E+00   0.0000000E+00
   1.5563152E+03   0.0000000E+00   0.0000000E+00   0.0000000E+00   0.0000000E+00
   1.5563228E+03   0.0000000E+00   0.0000000E+00   0.0000000E+00   0.0000000E+00
   1.5563303E+03   0.0000000E+00   0.0000000E+00   0.0000000E+00   0.0000000E+00
   1.5563378E+03   0.0000000E+00   0.0000000E+00   0.0000000E+00   0.0000000E+00
   1.5563453E+03   0.0000000E+00   0.0000000E+00   0.0000000E+00   0.0000000E+00
   1.5563529E+03   0.0000000E+00   0.0000000E+00   0.0000000E+00   0.0000000E+00
   1.5563604E+03   0.0000000E+00   0.0000000E+00   0.0000000E+00   0.0000000E+00
   1.5563679E+03   0.0000000E+00   0.0000000E+00   0.0000000E+00   0.0000000E+00
   1.5563755E+03   0.0000000E+00   0.0000000E+00   0.0000000E+00   0.0000000E+00
   1.5563830E+03   0.0000000E+00   0.0000000E+00   0.0000000E+00   0.0000000E+00
   1.5563905E+03   0.0000000E+00   0.0000000E+00   0.0000000E+00   0.0000000E+00
   1.5563980E+03   0.0000000E+00   0.0000000E+00   0.0000000E+00   0.0000000E+00
   1.5564056E+03   0.0000000E+00   0.0000000E+00   0.0000000E+00   0.0000000E+00
   1.5564131E+03   0.0000000E+00   0.0000000E+00   0.0000000E+00   0.0000000E+00
   1.5564206E+03   0.0000000E+00   0.0000000E+00   0.0000000E+00   0.0000000E+00
   1.5564282E+03   0.0000000E+00   0.0000000E+00   0.0000000E+00   0.0000000E+00
   1.5564357E+03   0.0000000E+00   0.0000000E+00   0.0000000E+00   0.0000000E+00
   1.5564432E+03   0.0000000E+00   0.0000000E+00   0.0000000E+00   0.0000000E+00
   1.5564507E+03   0.0000000E+00   0.0000000E+00   0.0000000E+00   0.0000000E+00
   1.5564583E+03   0.0000000E+00   0.0000000E+00   0.0000000E+00   0.0000000E+00
   1.5564658E+03   0.0000000E+00   0.0000000E+00   0.0000000E+00   0.0000000E+00
   1.5564733E+03   0.0000000E+00   0.0000000E+00   0.0000000E+00   0.0000000E+00
   1.5564808E+03   0.0000000E+00   0.0000000E+00   0.0000000E+00   0.0000000E+00
   1.5564884E+03   0.0000000E+00   0.0000000E+00   0.0000000E+00   0.0000000E+00
   1.5564959E+03   0.0000000E+00   0.0000000E+00   0.0000000E+00   0.0000000E+00
   1.5565034E+03   0.0000000E+00   0.0000000E+00   0.0000000E+00   0.0000000E+00
   1.5565110E+03   1.0000000E+00   1.0000000E+00   7.4384392E-01   7.4384392E-01
   1.5565185E+03   0.0000000E+00   0.0000000E+00   0.0000000E+00   0.0000000E+00
   1.5565260E+03   0.0000000E+00   0.0000000E+00   0.0000000E+00   0.0000000E+00
   1.5565335E+03   0.0000000E+00   0.0000000E+00   0.0000000E+00   0.0000000E+00
   1.5565411E+03   0.0000000E+00   0.0000000E+00   0.0000000E+00   0.0000000E+00
   1.5565486E+03   0.0000000E+00   0.0000000E+00   0.0000000E+00   0.0000000E+00
   1.5565561E+03   0.0000000E+00   0.0000000E+00   0.0000000E+00   0.0000000E+00
   1.5565637E+03   0.0000000E+00   0.0000000E+00   0.0000000E+00   0.0000000E+00
   1.5565712E+03   1.0000000E+00   1.0000000E+00   5.2082358E-02   5.2082358E-02
   1.5565787E+03   0.0000000E+00   0.0000000E+00   0.0000000E+00   0.0000000E+00
   1.5565862E+03   0.0000000E+00   0.0000000E+00   0.0000000E+00   0.0000000E+00
   1.5565938E+03   0.0000000E+00   0.0000000E+00   0.0000000E+00   0.0000000E+00
   1.5566013E+03   0.0000000E+00   0.0000000E+00   0.0000000E+00   0.0000000E+00
   1.5566088E+03   0.0000000E+00   0.0000000E+00   0.0000000E+00   0.0000000E+00
   1.5566164E+03   0.0000000E+00   0.0000000E+00   0.0000000E+00   0.0000000E+00
   1.5566239E+03   0.0000000E+00   0.0000000E+00   0.0000000E+00   0.0000000E+00
   1.5566314E+03   0.0000000E+00   0.0000000E+00   0.0000000E+00   0.0000000E+00
   1.5566389E+03   0.0000000E+00   0.0000000E+00   0.0000000E+00   0.0000000E+00
   1.5566465E+03   0.0000000E+00   0.0000000E+00   0.0000000E+00   0.0000000E+00
   1.5566540E+03   0.0000000E+00   0.0000000E+00   0.0000000E+00   0.0000000E+00
   1.5566615E+03   0.0000000E+00   0.0000000E+00   0.0000000E+00   0.0000000E+00
   1.5566691E+03   0.0000000E+00   0.0000000E+00   0.0000000E+00   0.0000000E+00
   1.5566766E+03   0.0000000E+00   0.0000000E+00   0.0000000E+00   0.0000000E+00
   1.5566841E+03   0.0000000E+00   0.0000000E+00   0.0000000E+00   0.0000000E+00
   1.5566916E+03   0.0000000E+00   0.0000000E+00   0.0000000E+00   0.0000000E+00
   1.5566992E+03   0.0000000E+00   0.0000000E+00   0.0000000E+00   0.0000000E+00
   1.5567067E+03   0.0000000E+00   0.0000000E+00   0.0000000E+00   0.0000000E+00
   1.5567142E+03   0.0000000E+00   0.0000000E+00   0.0000000E+00   0.0000000E+00
   1.5567218E+03   0.0000000E+00   0.0000000E+00   0.0000000E+00   0.0000000E+00
   1.5567293E+03   0.0000000E+00   0.0000000E+00   0.0000000E+00   0.0000000E+00
   1.5567368E+03   0.0000000E+00   0.0000000E+00   0.0000000E+00   0.0000000E+00
   1.5567443E+03   0.0000000E+00   0.0000000E+00   0.0000000E+00   0.0000000E+00
   1.5567519E+03   0.0000000E+00   0.0000000E+00   0.0000000E+00   0.0000000E+00
   1.5567594E+03   1.0000000E+00   1.0000000E+00   2.7902275E-01   2.7902275E-01
   1.5567669E+03   0.0000000E+00   0.0000000E+00   0.0000000E+00   0.0000000E+00
   1.5567745E+03   0.0000000E+00   0.0000000E+00   0.0000000E+00   0.0000000E+00
   1.5567820E+03   0.0000000E+00   0.0000000E+00   0.0000000E+00   0.0000000E+00
   1.5567895E+03   0.0000000E+00   0.0000000E+00   0.0000000E+00   0.0000000E+00
   1.5567970E+03   0.0000000E+00   0.0000000E+00   0.0000000E+00   0.0000000E+00
   1.5568046E+03   0.0000000E+00   0.0000000E+00   0.0000000E+00   0.0000000E+00
   1.5568121E+03   0.0000000E+00   0.0000000E+00   0.0000000E+00   0.0000000E+00
   1.5568196E+03   0.0000000E+00   0.0000000E+00   0.0000000E+00   0.0000000E+00
   1.5568272E+03   0.0000000E+00   0.0000000E+00   0.0000000E+00   0.0000000E+00
   1.5568347E+03   0.0000000E+00   0.0000000E+00   0.0000000E+00   0.0000000E+00
   1.5568422E+03   0.0000000E+00   0.0000000E+00   0.0000000E+00   0.0000000E+00
   1.5568497E+03   0.0000000E+00   0.0000000E+00   0.0000000E+00   0.0000000E+00
   1.5568573E+03   0.0000000E+00   0.0000000E+00   0.0000000E+00   0.0000000E+00
   1.5568648E+03   0.0000000E+00   0.0000000E+00   0.0000000E+00   0.0000000E+00
   1.5568723E+03   0.0000000E+00   0.0000000E+00   0.0000000E+00   0.0000000E+00
   1.5568799E+03   0.0000000E+00   0.0000000E+00   0.0000000E+00   0.0000000E+00
   1.5568874E+03   0.0000000E+00   0.0000000E+00   0.0000000E+00   0.0000000E+00
   1.5568949E+03   0.0000000E+00   0.0000000E+00   0.0000000E+00   0.0000000E+00
   1.5569024E+03   0.0000000E+00   0.0000000E+00   0.0000000E+00   0.0000000E+00
   1.5569100E+03   0.0000000E+00   0.0000000E+00   0.0000000E+00   0.0000000E+00
   1.5569175E+03   0.0000000E+00   0.0000000E+00   0.0000000E+00   0.0000000E+00
   1.5569250E+03   0.0000000E+00   0.0000000E+00   0.0000000E+00   0.0000000E+00
   1.5569325E+03   0.0000000E+00   0.0000000E+00   0.0000000E+00   0.0000000E+00
   1.5569401E+03   0.0000000E+00   0.0000000E+00   0.0000000E+00   0.0000000E+00
   1.5569476E+03   0.0000000E+00   0.0000000E+00   0.0000000E+00   0.0000000E+00
   1.5569551E+03   0.0000000E+00   0.0000000E+00   0.0000000E+00   0.0000000E+00
   1.5569627E+03   0.0000000E+00   0.0000000E+00   0.0000000E+00   0.0000000E+00
   1.5569702E+03   0.0000000E+00   0.0000000E+00   0.0000000E+00   0.0000000E+00
   1.5569777E+03   0.0000000E+00   0.0000000E+00   0.0000000E+00   0.0000000E+00
   1.5569852E+03   0.0000000E+00   0.0000000E+00   0.0000000E+00   0.0000000E+00
   1.5569928E+03   0.0000000E+00   0.0000000E+00   0.0000000E+00   0.0000000E+00
   1.5570003E+03   0.0000000E+00   0.0000000E+00   0.0000000E+00   0.0000000E+00
   1.5570078E+03   0.0000000E+00   0.0000000E+00   0.0000000E+00   0.0000000E+00
   1.5570154E+03   0.0000000E+00   0.0000000E+00   0.0000000E+00   0.0000000E+00
   1.5570229E+03   0.0000000E+00   0.0000000E+00   0.0000000E+00   0.0000000E+00
   1.5570304E+03   0.0000000E+00   0.0000000E+00   0.0000000E+00   0.0000000E+00
   1.5570379E+03   0.0000000E+00   0.0000000E+00   0.0000000E+00   0.0000000E+00
   1.5570455E+03   0.0000000E+00   0.0000000E+00   0.0000000E+00   0.0000000E+00
   1.5570530E+03   0.0000000E+00   0.0000000E+00   0.0000000E+00   0.0000000E+00
   1.5570605E+03   0.0000000E+00   0.0000000E+00   0.0000000E+00   0.0000000E+00
   1.5570681E+03   0.0000000E+00   0.0000000E+00   0.0000000E+00   0.0000000E+00
   1.5570756E+03   0.0000000E+00   0.0000000E+00   0.0000000E+00   0.0000000E+00
   1.5570831E+03   0.0000000E+00   0.0000000E+00   0.0000000E+00   0.0000000E+00
   1.5570906E+03   0.0000000E+00   0.0000000E+00   0.0000000E+00   0.0000000E+00
   1.5570982E+03   0.0000000E+00   0.0000000E+00   0.0000000E+00   0.0000000E+00
   1.5571057E+03   0.0000000E+00   0.0000000E+00   0.0000000E+00   0.0000000E+00
   1.5571132E+03   0.0000000E+00   0.0000000E+00   0.0000000E+00   0.0000000E+00
   1.5571208E+03   0.0000000E+00   0.0000000E+00   0.0000000E+00   0.0000000E+00
   1.5571283E+03   0.0000000E+00   0.0000000E+00   0.0000000E+00   0.0000000E+00
   1.5571358E+03   0.0000000E+00   0.0000000E+00   0.0000000E+00   0.0000000E+00
   1.5571433E+03   0.0000000E+00   0.0000000E+00   0.0000000E+00   0.0000000E+00
   1.5571509E+03   0.0000000E+00   0.0000000E+00   0.0000000E+00   0.0000000E+00
   1.5571584E+03   0.0000000E+00   0.0000000E+00   0.0000000E+00   0.0000000E+00
   1.5571659E+03   0.0000000E+00   0.0000000E+00   0.0000000E+00   0.0000000E+00
   1.5571735E+03   0.0000000E+00   0.0000000E+00   0.0000000E+00   0.0000000E+00
   1.5571810E+03   0.0000000E+00   0.0000000E+00   0.0000000E+00   0.0000000E+00
   1.5571885E+03   0.0000000E+00   0.0000000E+00   0.0000000E+00   0.0000000E+00
   1.5571960E+03   0.0000000E+00   0.0000000E+00   0.0000000E+00   0.0000000E+00
   1.5572036E+03   0.0000000E+00   0.0000000E+00   0.0000000E+00   0.0000000E+00
   1.5572111E+03   0.0000000E+00   0.0000000E+00   0.0000000E+00   0.0000000E+00
   1.5572186E+03   0.0000000E+00   0.0000000E+00   0.0000000E+00   0.0000000E+00
   1.5572262E+03   0.0000000E+00   0.0000000E+00   0.0000000E+00   0.0000000E+00
   1.5572337E+03   0.0000000E+00   0.0000000E+00   0.0000000E+00   0.0000000E+00
   1.5572412E+03   0.0000000E+00   0.0000000E+00   0.0000000E+00   0.0000000E+00
   1.5572487E+03   0.0000000E+00   0.0000000E+00   0.0000000E+00   0.0000000E+00
   1.5572563E+03   0.0000000E+00   0.0000000E+00   0.0000000E+00   0.0000000E+00
   1.5572638E+03   0.0000000E+00   0.0000000E+00   0.0000000E+00   0.0000000E+00
   1.5572713E+03   0.0000000E+00   0.0000000E+00   0.0000000E+00   0.0000000E+00
   1.5572789E+03   0.0000000E+00   0.0000000E+00   0.0000000E+00   0.0000000E+00
   1.5572864E+03   0.0000000E+00   0.0000000E+00   0.0000000E+00   0.0000000E+00
   1.5572939E+03   0.0000000E+00   0.0000000E+00   0.0000000E+00   0.0000000E+00
   1.5573014E+03   0.0000000E+00   0.0000000E+00   0.0000000E+00   0.0000000E+00
   1.5573090E+03   0.0000000E+00   0.0000000E+00   0.0000000E+00   0.0000000E+00
   1.5573165E+03   0.0000000E+00   0.0000000E+00   0.0000000E+00   0.0000000E+00
   1.5573240E+03   0.0000000E+00   0.0000000E+00   0.0000000E+00   0.0000000E+00
   1.5573316E+03   0.0000000E+00   0.0000000E+00   0.0000000E+00   0.0000000E+00
   1.5573391E+03   0.0000000E+00   0.0000000E+00   0.0000000E+00   0.0000000E+00
   1.5573466E+03   0.0000000E+00   0.0000000E+00   0.0000000E+00   0.0000000E+00
   1.5573541E+03   0.0000000E+00   0.0000000E+00   0.0000000E+00   0.0000000E+00
   1.5573617E+03   0.0000000E+00   0.0000000E+00   0.0000000E+00   0.0000000E+00
   1.5573692E+03   0.0000000E+00   0.0000000E+00   0.0000000E+00   0.0000000E+00
   1.5573767E+03   0.0000000E+00   0.0000000E+00   0.0000000E+00   0.0000000E+00
   1.5573842E+03   0.0000000E+00   0.0000000E+00   0.0000000E+00   0.0000000E+00
   1.5573918E+03   0.0000000E+00   0.0000000E+00   0.0000000E+00   0.0000000E+00
   1.5573993E+03   0.0000000E+00   0.0000000E+00   0.0000000E+00   0.0000000E+00
   1.5574068E+03   0.0000000E+00   0.0000000E+00   0.0000000E+00   0.0000000E+00
   1.5574144E+03   0.0000000E+00   0.0000000E+00   0.0000000E+00   0.0000000E+00
   1.5574219E+03   0.0000000E+00   0.0000000E+00   0.0000000E+00   0.0000000E+00
   1.5574294E+03   0.0000000E+00   0.0000000E+00   0.0000000E+00   0.0000000E+00
   1.5574369E+03   0.0000000E+00   0.0000000E+00   0.0000000E+00   0.0000000E+00
   1.5574445E+03   0.0000000E+00   0.0000000E+00   0.0000000E+00   0.0000000E+00
   1.5574520E+03   0.0000000E+00   0.0000000E+00   0.0000000E+00   0.0000000E+00
   1.5574595E+03   0.0000000E+00   0.0000000E+00   0.0000000E+00   0.0000000E+00
   1.5574671E+03   0.0000000E+00   0.0000000E+00   0.0000000E+00   0.0000000E+00
   1.5574746E+03   0.0000000E+00   0.0000000E+00   0.0000000E+00   0.0000000E+00
   1.5574821E+03   0.0000000E+00   0.0000000E+00   0.0000000E+00   0.0000000E+00
   1.5574896E+03   0.0000000E+00   0.0000000E+00   0.0000000E+00   0.0000000E+00
   1.5574972E+03   0.0000000E+00   0.0000000E+00   0.0000000E+00   0.0000000E+00
   1.5575047E+03   0.0000000E+00   0.0000000E+00   0.0000000E+00   0.0000000E+00
   1.5575122E+03   0.0000000E+00   0.0000000E+00   0.0000000E+00   0.0000000E+00
   1.5575198E+03   0.0000000E+00   0.0000000E+00   0.0000000E+00   0.0000000E+00
   1.5575273E+03   0.0000000E+00   0.0000000E+00   0.0000000E+00   0.0000000E+00
   1.5575348E+03   0.0000000E+00   0.0000000E+00   0.0000000E+00   0.0000000E+00
   1.5575423E+03   0.0000000E+00   0.0000000E+00   0.0000000E+00   0.0000000E+00
   1.5575499E+03   0.0000000E+00   0.0000000E+00   0.0000000E+00   0.0000000E+00
   1.5575574E+03   0.0000000E+00   0.0000000E+00   0.0000000E+00   0.0000000E+00
   1.5575649E+03   0.0000000E+00   0.0000000E+00   0.0000000E+00   0.0000000E+00
   1.5575725E+03   0.0000000E+00   0.0000000E+00   0.0000000E+00   0.0000000E+00
   1.5575800E+03   0.0000000E+00   0.0000000E+00   0.0000000E+00   0.0000000E+00
   1.5575875E+03   0.0000000E+00   0.0000000E+00   0.0000000E+00   0.0000000E+00
   1.5575950E+03   0.0000000E+00   0.0000000E+00   0.0000000E+00   0.0000000E+00
   1.5576026E+03   0.0000000E+00   0.0000000E+00   0.0000000E+00   0.0000000E+00
   1.5576101E+03   0.0000000E+00   0.0000000E+00   0.0000000E+00   0.0000000E+00
   1.5576176E+03   0.0000000E+00   0.0000000E+00   0.0000000E+00   0.0000000E+00
   1.5576252E+03   0.0000000E+00   0.0000000E+00   0.0000000E+00   0.0000000E+00
   1.5576327E+03   0.0000000E+00   0.0000000E+00   0.0000000E+00   0.0000000E+00
   1.5576402E+03   0.0000000E+00   0.0000000E+00   0.0000000E+00   0.0000000E+00
   1.5576477E+03   0.0000000E+00   0.0000000E+00   0.0000000E+00   0.0000000E+00
   1.5576553E+03   0.0000000E+00   0.0000000E+00   0.0000000E+00   0.0000000E+00
   1.5576628E+03   0.0000000E+00   0.0000000E+00   0.0000000E+00   0.0000000E+00
   1.5576703E+03   0.0000000E+00   0.0000000E+00   0.0000000E+00   0.0000000E+00
   1.5576779E+03   0.0000000E+00   0.0000000E+00   0.0000000E+00   0.0000000E+00
   1.5576854E+03   0.0000000E+00   0.0000000E+00   0.0000000E+00   0.0000000E+00
   1.5576929E+03   0.0000000E+00   0.0000000E+00   0.0000000E+00   0.0000000E+00
   1.5577004E+03   0.0000000E+00   0.0000000E+00   0.0000000E+00   0.0000000E+00
   1.5577080E+03   0.0000000E+00   0.0000000E+00   0.0000000E+00   0.0000000E+00
   1.5577155E+03   0.0000000E+00   0.0000000E+00   0.0000000E+00   0.0000000E+00
   1.5577230E+03   0.0000000E+00   0.0000000E+00   0.0000000E+00   0.0000000E+00
   1.5577306E+03   0.0000000E+00   0.0000000E+00   0.0000000E+00   0.0000000E+00
   1.5577381E+03   0.0000000E+00   0.0000000E+00   0.0000000E+00   0.0000000E+00
   1.5577456E+03   0.0000000E+00   0.0000000E+00   0.0000000E+00   0.0000000E+00
   1.5577531E+03   0.0000000E+00   0.0000000E+00   0.0000000E+00   0.0000000E+00
   1.5577607E+03   0.0000000E+00   0.0000000E+00   0.0000000E+00   0.0000000E+00
   1.5577682E+03   0.0000000E+00   0.0000000E+00   0.0000000E+00   0.0000000E+00
   1.5577757E+03   0.0000000E+00   0.0000000E+00   0.0000000E+00   0.0000000E+00
   1.5577833E+03   0.0000000E+00   0.0000000E+00   0.0000000E+00   0.0000000E+00
   1.5577908E+03   0.0000000E+00   0.0000000E+00   0.0000000E+00   0.0000000E+00
   1.5577983E+03   0.0000000E+00   0.0000000E+00   0.0000000E+00   0.0000000E+00
   1.5578058E+03   0.0000000E+00   0.0000000E+00   0.0000000E+00   0.0000000E+00
   1.5578134E+03   0.0000000E+00   0.0000000E+00   0.0000000E+00   0.0000000E+00
   1.5578209E+03   0.0000000E+00   0.0000000E+00   0.0000000E+00   0.0000000E+00
   1.5578284E+03   0.0000000E+00   0.0000000E+00   0.0000000E+00   0.0000000E+00
   1.5578359E+03   0.0000000E+00   0.0000000E+00   0.0000000E+00   0.0000000E+00
   1.5578435E+03   0.0000000E+00   0.0000000E+00   0.0000000E+00   0.0000000E+00
   1.5578510E+03   0.0000000E+00   0.0000000E+00   0.0000000E+00   0.0000000E+00
   1.5578585E+03   0.0000000E+00   0.0000000E+00   0.0000000E+00   0.0000000E+00
   1.5578661E+03   0.0000000E+00   0.0000000E+00   0.0000000E+00   0.0000000E+00
   1.5578736E+03   0.0000000E+00   0.0000000E+00   0.0000000E+00   0.0000000E+00
   1.5578811E+03   0.0000000E+00   0.0000000E+00   0.0000000E+00   0.0000000E+00
   1.5578886E+03   0.0000000E+00   0.0000000E+00   0.0000000E+00   0.0000000E+00
   1.5578962E+03   0.0000000E+00   0.0000000E+00   0.0000000E+00   0.0000000E+00
   1.5579037E+03   0.0000000E+00   0.0000000E+00   0.0000000E+00   0.0000000E+00
   1.5579112E+03   0.0000000E+00   0.0000000E+00   0.0000000E+00   0.0000000E+00
   1.5579188E+03   0.0000000E+00   0.0000000E+00   0.0000000E+00   0.0000000E+00
   1.5579263E+03   0.0000000E+00   0.0000000E+00   0.0000000E+00   0.0000000E+00
   1.5579338E+03   0.0000000E+00   0.0000000E+00   0.0000000E+00   0.0000000E+00
   1.5579413E+03   0.0000000E+00   0.0000000E+00   0.0000000E+00   0.0000000E+00
   1.5579489E+03   0.0000000E+00   0.0000000E+00   0.0000000E+00   0.0000000E+00
   1.5579564E+03   0.0000000E+00   0.0000000E+00   0.0000000E+00   0.0000000E+00
   1.5579639E+03   0.0000000E+00   0.0000000E+00   0.0000000E+00   0.0000000E+00
   1.5579715E+03   0.0000000E+00   0.0000000E+00   0.0000000E+00   0.0000000E+00
   1.5579790E+03   0.0000000E+00   0.0000000E+00   0.0000000E+00   0.0000000E+00
   1.5579865E+03   0.0000000E+00   0.0000000E+00   0.0000000E+00   0.0000000E+00
   1.5579940E+03   0.0000000E+00   0.0000000E+00   0.0000000E+00   0.0000000E+00
   1.5580016E+03   0.0000000E+00   0.0000000E+00   0.0000000E+00   0.0000000E+00
   1.5580091E+03   0.0000000E+00   0.0000000E+00   0.0000000E+00   0.0000000E+00
   1.5580166E+03   0.0000000E+00   0.0000000E+00   0.0000000E+00   0.0000000E+00
   1.5580242E+03   0.0000000E+00   0.0000000E+00   0.0000000E+00   0.0000000E+00
   1.5580317E+03   0.0000000E+00   0.0000000E+00   0.0000000E+00   0.0000000E+00
   1.5580392E+03   0.0000000E+00   0.0000000E+00   0.0000000E+00   0.0000000E+00
   1.5580467E+03   0.0000000E+00   0.0000000E+00   0.0000000E+00   0.0000000E+00
   1.5580543E+03   0.0000000E+00   0.0000000E+00   0.0000000E+00   0.0000000E+00
   1.5580618E+03   0.0000000E+00   0.0000000E+00   0.0000000E+00   0.0000000E+00
   1.5580693E+03   0.0000000E+00   0.0000000E+00   0.0000000E+00   0.0000000E+00
   1.5580769E+03   0.0000000E+00   0.0000000E+00   0.0000000E+00   0.0000000E+00
   1.5580844E+03   0.0000000E+00   0.0000000E+00   0.0000000E+00   0.0000000E+00
   1.5580919E+03   0.0000000E+00   0.0000000E+00   0.0000000E+00   0.0000000E+00
   1.5580994E+03   0.0000000E+00   0.0000000E+00   0.0000000E+00   0.0000000E+00
   1.5581070E+03   0.0000000E+00   0.0000000E+00   0.0000000E+00   0.0000000E+00
   1.5581145E+03   0.0000000E+00   0.0000000E+00   0.0000000E+00   0.0000000E+00
   1.5581220E+03   0.0000000E+00   0.0000000E+00   0.0000000E+00   0.0000000E+00
   1.5581296E+03   0.0000000E+00   0.0000000E+00   0.0000000E+00   0.0000000E+00
   1.5581371E+03   0.0000000E+00   0.0000000E+00   0.0000000E+00   0.0000000E+00
   1.5581446E+03   0.0000000E+00   0.0000000E+00   0.0000000E+00   0.0000000E+00
   1.5581521E+03   0.0000000E+00   0.0000000E+00   0.0000000E+00   0.0000000E+00
   1.5581597E+03   0.0000000E+00   0.0000000E+00   0.0000000E+00   0.0000000E+00
   1.5581672E+03   0.0000000E+00   0.0000000E+00   0.0000000E+00   0.0000000E+00
   1.5581747E+03   0.0000000E+00   0.0000000E+00   0.0000000E+00   0.0000000E+00
   1.5581823E+03   0.0000000E+00   0.0000000E+00   0.0000000E+00   0.0000000E+00
   1.5581898E+03   0.0000000E+00   0.0000000E+00   0.0000000E+00   0.0000000E+00
   1.5581973E+03   0.0000000E+00   0.0000000E+00   0.0000000E+00   0.0000000E+00
   1.5582048E+03   0.0000000E+00   0.0000000E+00   0.0000000E+00   0.0000000E+00
   1.5582124E+03   0.0000000E+00   0.0000000E+00   0.0000000E+00   0.0000000E+00
   1.5582199E+03   0.0000000E+00   0.0000000E+00   0.0000000E+00   0.0000000E+00
   1.5582274E+03   0.0000000E+00   0.0000000E+00   0.0000000E+00   0.0000000E+00
   1.5582350E+03   0.0000000E+00   0.0000000E+00   0.0000000E+00   0.0000000E+00
   1.5582425E+03   0.0000000E+00   0.0000000E+00   0.0000000E+00   0.0000000E+00
   1.5582500E+03   0.0000000E+00   0.0000000E+00   0.0000000E+00   0.0000000E+00
   1.5582575E+03   0.0000000E+00   0.0000000E+00   0.0000000E+00   0.0000000E+00
   1.5582651E+03   0.0000000E+00   0.0000000E+00   0.0000000E+00   0.0000000E+00
   1.5582726E+03   0.0000000E+00   0.0000000E+00   0.0000000E+00   0.0000000E+00
   1.5582801E+03   0.0000000E+00   0.0000000E+00   0.0000000E+00   0.0000000E+00
   1.5582876E+03   0.0000000E+00   0.0000000E+00   0.0000000E+00   0.0000000E+00
   1.5582952E+03   0.0000000E+00   0.0000000E+00   0.0000000E+00   0.0000000E+00
   1.5583027E+03   0.0000000E+00   0.0000000E+00   0.0000000E+00   0.0000000E+00
   1.5583102E+03   0.0000000E+00   0.0000000E+00   0.0000000E+00   0.0000000E+00
   1.5583178E+03   0.0000000E+00   0.0000000E+00   0.0000000E+00   0.0000000E+00
   1.5583253E+03   0.0000000E+00   0.0000000E+00   0.0000000E+00   0.0000000E+00
   1.5583328E+03   0.0000000E+00   0.0000000E+00   0.0000000E+00   0.0000000E+00
   1.5583403E+03   0.0000000E+00   0.0000000E+00   0.0000000E+00   0.0000000E+00
   1.5583479E+03   0.0000000E+00   0.0000000E+00   0.0000000E+00   0.0000000E+00
   1.5583554E+03   0.0000000E+00   0.0000000E+00   0.0000000E+00   0.0000000E+00
   1.5583629E+03   0.0000000E+00   0.0000000E+00   0.0000000E+00   0.0000000E+00
   1.5583705E+03   0.0000000E+00   0.0000000E+00   0.0000000E+00   0.0000000E+00
   1.5583780E+03   0.0000000E+00   0.0000000E+00   0.0000000E+00   0.0000000E+00
   1.5583855E+03   0.0000000E+00   0.0000000E+00   0.0000000E+00   0.0000000E+00
   1.5583930E+03   0.0000000E+00   0.0000000E+00   0.0000000E+00   0.0000000E+00
   1.5584006E+03   0.0000000E+00   0.0000000E+00   0.0000000E+00   0.0000000E+00
   1.5584081E+03   0.0000000E+00   0.0000000E+00   0.0000000E+00   0.0000000E+00
   1.5584156E+03   0.0000000E+00   0.0000000E+00   0.0000000E+00   0.0000000E+00
   1.5584232E+03   0.0000000E+00   0.0000000E+00   0.0000000E+00   0.0000000E+00
   1.5584307E+03   0.0000000E+00   0.0000000E+00   0.0000000E+00   0.0000000E+00
   1.5584382E+03   0.0000000E+00   0.0000000E+00   0.0000000E+00   0.0000000E+00
   1.5584457E+03   0.0000000E+00   0.0000000E+00   0.0000000E+00   0.0000000E+00
   1.5584533E+03   0.0000000E+00   0.0000000E+00   0.0000000E+00   0.0000000E+00
   1.5584608E+03   0.0000000E+00   0.0000000E+00   0.0000000E+00   0.0000000E+00
   1.5584683E+03   0.0000000E+00   0.0000000E+00   0.0000000E+00   0.0000000E+00
   1.5584759E+03   0.0000000E+00   0.0000000E+00   0.0000000E+00   0.0000000E+00
   1.5584834E+03   0.0000000E+00   0.0000000E+00   0.0000000E+00   0.0000000E+00
   1.5584909E+03   0.0000000E+00   0.0000000E+00   0.0000000E+00   0.0000000E+00
   1.5584984E+03   0.0000000E+00   0.0000000E+00   0.0000000E+00   0.0000000E+00
   1.5585060E+03   0.0000000E+00   0.0000000E+00   0.0000000E+00   0.0000000E+00
   1.5585135E+03   0.0000000E+00   0.0000000E+00   0.0000000E+00   0.0000000E+00
   1.5585210E+03   0.0000000E+00   0.0000000E+00   0.0000000E+00   0.0000000E+00
   1.5585286E+03   0.0000000E+00   0.0000000E+00   0.0000000E+00   0.0000000E+00
   1.5585361E+03   0.0000000E+00   0.0000000E+00   0.0000000E+00   0.0000000E+00
   1.5585436E+03   0.0000000E+00   0.0000000E+00   0.0000000E+00   0.0000000E+00
   1.5585511E+03   0.0000000E+00   0.0000000E+00   0.0000000E+00   0.0000000E+00
   1.5585587E+03   0.0000000E+00   0.0000000E+00   0.0000000E+00   0.0000000E+00
   1.5585662E+03   0.0000000E+00   0.0000000E+00   0.0000000E+00   0.0000000E+00
   1.5585737E+03   0.0000000E+00   0.0000000E+00   0.0000000E+00   0.0000000E+00
   1.5585813E+03   0.0000000E+00   0.0000000E+00   0.0000000E+00   0.0000000E+00
   1.5585888E+03   0.0000000E+00   0.0000000E+00   0.0000000E+00   0.0000000E+00
   1.5585963E+03   0.0000000E+00   0.0000000E+00   0.0000000E+00   0.0000000E+00
   1.5586038E+03   0.0000000E+00   0.0000000E+00   0.0000000E+00   0.0000000E+00
   1.5586114E+03   0.0000000E+00   0.0000000E+00   0.0000000E+00   0.0000000E+00
   1.5586189E+03   0.0000000E+00   0.0000000E+00   0.0000000E+00   0.0000000E+00
   1.5586264E+03   0.0000000E+00   0.0000000E+00   0.0000000E+00   0.0000000E+00
   1.5586340E+03   0.0000000E+00   0.0000000E+00   0.0000000E+00   0.0000000E+00
   1.5586415E+03   0.0000000E+00   0.0000000E+00   0.0000000E+00   0.0000000E+00
   1.5586490E+03   0.0000000E+00   0.0000000E+00   0.0000000E+00   0.0000000E+00
   1.5586565E+03   0.0000000E+00   0.0000000E+00   0.0000000E+00   0.0000000E+00
   1.5586641E+03   0.0000000E+00   0.0000000E+00   0.0000000E+00   0.0000000E+00
   1.5586716E+03   0.0000000E+00   0.0000000E+00   0.0000000E+00   0.0000000E+00
   1.5586791E+03   0.0000000E+00   0.0000000E+00   0.0000000E+00   0.0000000E+00
   1.5586867E+03   0.0000000E+00   0.0000000E+00   0.0000000E+00   0.0000000E+00
   1.5586942E+03   0.0000000E+00   0.0000000E+00   0.0000000E+00   0.0000000E+00
   1.5587017E+03   0.0000000E+00   0.0000000E+00   0.0000000E+00   0.0000000E+00
   1.5587092E+03   0.0000000E+00   0.0000000E+00   0.0000000E+00   0.0000000E+00
   1.5587168E+03   0.0000000E+00   0.0000000E+00   0.0000000E+00   0.0000000E+00
   1.5587243E+03   0.0000000E+00   0.0000000E+00   0.0000000E+00   0.0000000E+00
   1.5587318E+03   0.0000000E+00   0.0000000E+00   0.0000000E+00   0.0000000E+00
   1.5587393E+03   0.0000000E+00   0.0000000E+00   0.0000000E+00   0.0000000E+00
   1.5587469E+03   0.0000000E+00   0.0000000E+00   0.0000000E+00   0.0000000E+00
   1.5587544E+03   0.0000000E+00   0.0000000E+00   0.0000000E+00   0.0000000E+00
   1.5587619E+03   0.0000000E+00   0.0000000E+00   0.0000000E+00   0.0000000E+00
   1.5587695E+03   0.0000000E+00   0.0000000E+00   0.0000000E+00   0.0000000E+00
   1.5587770E+03   0.0000000E+00   0.0000000E+00   0.0000000E+00   0.0000000E+00
   1.5587845E+03   0.0000000E+00   0.0000000E+00   0.0000000E+00   0.0000000E+00
   1.5587920E+03   0.0000000E+00   0.0000000E+00   0.0000000E+00   0.0000000E+00
   1.5587996E+03   0.0000000E+00   0.0000000E+00   0.0000000E+00   0.0000000E+00
   1.5588071E+03   0.0000000E+00   0.0000000E+00   0.0000000E+00   0.0000000E+00
   1.5588146E+03   0.0000000E+00   0.0000000E+00   0.0000000E+00   0.0000000E+00
   1.5588222E+03   0.0000000E+00   0.0000000E+00   0.0000000E+00   0.0000000E+00
   1.5588297E+03   0.0000000E+00   0.0000000E+00   0.0000000E+00   0.0000000E+00
   1.5588372E+03   0.0000000E+00   0.0000000E+00   0.0000000E+00   0.0000000E+00
   1.5588447E+03   0.0000000E+00   0.0000000E+00   0.0000000E+00   0.0000000E+00
   1.5588523E+03   0.0000000E+00   0.0000000E+00   0.0000000E+00   0.0000000E+00
   1.5588598E+03   0.0000000E+00   0.0000000E+00   0.0000000E+00   0.0000000E+00
   1.5588673E+03   0.0000000E+00   0.0000000E+00   0.0000000E+00   0.0000000E+00
   1.5588749E+03   0.0000000E+00   0.0000000E+00   0.0000000E+00   0.0000000E+00
   1.5588824E+03   0.0000000E+00   0.0000000E+00   0.0000000E+00   0.0000000E+00
   1.5588899E+03   0.0000000E+00   0.0000000E+00   0.0000000E+00   0.0000000E+00
   1.5588974E+03   0.0000000E+00   0.0000000E+00   0.0000000E+00   0.0000000E+00
   1.5589050E+03   0.0000000E+00   0.0000000E+00   0.0000000E+00   0.0000000E+00
   1.5589125E+03   0.0000000E+00   0.0000000E+00   0.0000000E+00   0.0000000E+00
   1.5589200E+03   0.0000000E+00   0.0000000E+00   0.0000000E+00   0.0000000E+00
   1.5589276E+03   0.0000000E+00   0.0000000E+00   0.0000000E+00   0.0000000E+00
   1.5589351E+03   0.0000000E+00   0.0000000E+00   0.0000000E+00   0.0000000E+00
   1.5589426E+03   0.0000000E+00   0.0000000E+00   0.0000000E+00   0.0000000E+00
   1.5589501E+03   0.0000000E+00   0.0000000E+00   0.0000000E+00   0.0000000E+00
   1.5589577E+03   0.0000000E+00   0.0000000E+00   0.0000000E+00   0.0000000E+00
   1.5589652E+03   0.0000000E+00   0.0000000E+00   0.0000000E+00   0.0000000E+00
   1.5589727E+03   0.0000000E+00   0.0000000E+00   0.0000000E+00   0.0000000E+00
   1.5589803E+03   0.0000000E+00   0.0000000E+00   0.0000000E+00   0.0000000E+00
   1.5589878E+03   0.0000000E+00   0.0000000E+00   0.0000000E+00   0.0000000E+00
   1.5589953E+03   0.0000000E+00   0.0000000E+00   0.0000000E+00   0.0000000E+00
   1.5590028E+03   0.0000000E+00   0.0000000E+00   0.0000000E+00   0.0000000E+00
   1.5590104E+03   0.0000000E+00   0.0000000E+00   0.0000000E+00   0.0000000E+00
   1.5590179E+03   0.0000000E+00   0.0000000E+00   0.0000000E+00   0.0000000E+00
   1.5590254E+03   0.0000000E+00   0.0000000E+00   0.0000000E+00   0.0000000E+00
   1.5590330E+03   0.0000000E+00   0.0000000E+00   0.0000000E+00   0.0000000E+00
   1.5590405E+03   0.0000000E+00   0.0000000E+00   0.0000000E+00   0.0000000E+00
   1.5590480E+03   0.0000000E+00   0.0000000E+00   0.0000000E+00   0.0000000E+00
   1.5590555E+03   0.0000000E+00   0.0000000E+00   0.0000000E+00   0.0000000E+00
   1.5590631E+03   0.0000000E+00   0.0000000E+00   0.0000000E+00   0.0000000E+00
   1.5590706E+03   0.0000000E+00   0.0000000E+00   0.0000000E+00   0.0000000E+00
   1.5590781E+03   0.0000000E+00   0.0000000E+00   0.0000000E+00   0.0000000E+00
   1.5590857E+03   0.0000000E+00   0.0000000E+00   0.0000000E+00   0.0000000E+00
   1.5590932E+03   0.0000000E+00   0.0000000E+00   0.0000000E+00   0.0000000E+00
   1.5591007E+03   0.0000000E+00   0.0000000E+00   0.0000000E+00   0.0000000E+00
   1.5591082E+03   0.0000000E+00   0.0000000E+00   0.0000000E+00   0.0000000E+00
   1.5591158E+03   0.0000000E+00   0.0000000E+00   0.0000000E+00   0.0000000E+00
   1.5591233E+03   0.0000000E+00   0.0000000E+00   0.0000000E+00   0.0000000E+00
   1.5591308E+03   0.0000000E+00   0.0000000E+00   0.0000000E+00   0.0000000E+00
   1.5591384E+03   0.0000000E+00   0.0000000E+00   0.0000000E+00   0.0000000E+00
   1.5591459E+03   0.0000000E+00   0.0000000E+00   0.0000000E+00   0.0000000E+00
   1.5591534E+03   0.0000000E+00   0.0000000E+00   0.0000000E+00   0.0000000E+00
   1.5591609E+03   0.0000000E+00   0.0000000E+00   0.0000000E+00   0.0000000E+00
   1.5591685E+03   0.0000000E+00   0.0000000E+00   0.0000000E+00   0.0000000E+00
   1.5591760E+03   0.0000000E+00   0.0000000E+00   0.0000000E+00   0.0000000E+00
   1.5591835E+03   0.0000000E+00   0.0000000E+00   0.0000000E+00   0.0000000E+00
   1.5591910E+03   0.0000000E+00   0.0000000E+00   0.0000000E+00   0.0000000E+00
   1.5591986E+03   0.0000000E+00   0.0000000E+00   0.0000000E+00   0.0000000E+00
   1.5592061E+03   0.0000000E+00   0.0000000E+00   0.0000000E+00   0.0000000E+00
   1.5592136E+03   0.0000000E+00   0.0000000E+00   0.0000000E+00   0.0000000E+00
   1.5592212E+03   0.0000000E+00   0.0000000E+00   0.0000000E+00   0.0000000E+00
   1.5592287E+03   0.0000000E+00   0.0000000E+00   0.0000000E+00   0.0000000E+00
   1.5592362E+03   0.0000000E+00   0.0000000E+00   0.0000000E+00   0.0000000E+00
   1.5592437E+03   0.0000000E+00   0.0000000E+00   0.0000000E+00   0.0000000E+00
   1.5592513E+03   0.0000000E+00   0.0000000E+00   0.0000000E+00   0.0000000E+00
   1.5592588E+03   0.0000000E+00   0.0000000E+00   0.0000000E+00   0.0000000E+00
   1.5592663E+03   0.0000000E+00   0.0000000E+00   0.0000000E+00   0.0000000E+00
   1.5592739E+03   0.0000000E+00   0.0000000E+00   0.0000000E+00   0.0000000E+00
   1.5592814E+03   0.0000000E+00   0.0000000E+00   0.0000000E+00   0.0000000E+00
   1.5592889E+03   0.0000000E+00   0.0000000E+00   0.0000000E+00   0.0000000E+00
   1.5592964E+03   0.0000000E+00   0.0000000E+00   0.0000000E+00   0.0000000E+00
   1.5593040E+03   0.0000000E+00   0.0000000E+00   0.0000000E+00   0.0000000E+00
   1.5593115E+03   0.0000000E+00   0.0000000E+00   0.0000000E+00   0.0000000E+00
   1.5593190E+03   0.0000000E+00   0.0000000E+00   0.0000000E+00   0.0000000E+00
   1.5593266E+03   0.0000000E+00   0.0000000E+00   0.0000000E+00   0.0000000E+00
   1.5593341E+03   0.0000000E+00   0.0000000E+00   0.0000000E+00   0.0000000E+00
   1.5593416E+03   0.0000000E+00   0.0000000E+00   0.0000000E+00   0.0000000E+00
   1.5593491E+03   0.0000000E+00   0.0000000E+00   0.0000000E+00   0.0000000E+00
   1.5593567E+03   0.0000000E+00   0.0000000E+00   0.0000000E+00   0.0000000E+00
   1.5593642E+03   0.0000000E+00   0.0000000E+00   0.0000000E+00   0.0000000E+00
   1.5593717E+03   0.0000000E+00   0.0000000E+00   0.0000000E+00   0.0000000E+00
   1.5593793E+03   0.0000000E+00   0.0000000E+00   0.0000000E+00   0.0000000E+00
   1.5593868E+03   0.0000000E+00   0.0000000E+00   0.0000000E+00   0.0000000E+00
   1.5593943E+03   0.0000000E+00   0.0000000E+00   0.0000000E+00   0.0000000E+00
   1.5594018E+03   0.0000000E+00   0.0000000E+00   0.0000000E+00   0.0000000E+00
   1.5594094E+03   0.0000000E+00   0.0000000E+00   0.0000000E+00   0.0000000E+00
   1.5594169E+03   0.0000000E+00   0.0000000E+00   0.0000000E+00   0.0000000E+00
   1.5594244E+03   0.0000000E+00   0.0000000E+00   0.0000000E+00   0.0000000E+00
   1.5594320E+03   0.0000000E+00   0.0000000E+00   0.0000000E+00   0.0000000E+00
   1.5594395E+03   0.0000000E+00   0.0000000E+00   0.0000000E+00   0.0000000E+00
   1.5594470E+03   0.0000000E+00   0.0000000E+00   0.0000000E+00   0.0000000E+00
   1.5594545E+03   0.0000000E+00   0.0000000E+00   0.0000000E+00   0.0000000E+00
   1.5594621E+03   0.0000000E+00   0.0000000E+00   0.0000000E+00   0.0000000E+00
   1.5594696E+03   0.0000000E+00   0.0000000E+00   0.0000000E+00   0.0000000E+00
   1.5594771E+03   0.0000000E+00   0.0000000E+00   0.0000000E+00   0.0000000E+00
   1.5594847E+03   0.0000000E+00   0.0000000E+00   0.0000000E+00   0.0000000E+00
   1.5594922E+03   0.0000000E+00   0.0000000E+00   0.0000000E+00   0.0000000E+00
   1.5594997E+03   0.0000000E+00   0.0000000E+00   0.0000000E+00   0.0000000E+00
   1.5595072E+03   0.0000000E+00   0.0000000E+00   0.0000000E+00   0.0000000E+00
   1.5595148E+03   0.0000000E+00   0.0000000E+00   0.0000000E+00   0.0000000E+00
   1.5595223E+03   0.0000000E+00   0.0000000E+00   0.0000000E+00   0.0000000E+00
   1.5595298E+03   0.0000000E+00   0.0000000E+00   0.0000000E+00   0.0000000E+00
   1.5595374E+03   0.0000000E+00   0.0000000E+00   0.0000000E+00   0.0000000E+00
   1.5595449E+03   0.0000000E+00   0.0000000E+00   0.0000000E+00   0.0000000E+00
   1.5595524E+03   0.0000000E+00   0.0000000E+00   0.0000000E+00   0.0000000E+00
   1.5595599E+03   0.0000000E+00   0.0000000E+00   0.0000000E+00   0.0000000E+00
   1.5595675E+03   0.0000000E+00   0.0000000E+00   0.0000000E+00   0.0000000E+00
   1.5595750E+03   0.0000000E+00   0.0000000E+00   0.0000000E+00   0.0000000E+00
   1.5595825E+03   0.0000000E+00   0.0000000E+00   0.0000000E+00   0.0000000E+00
   1.5595901E+03   0.0000000E+00   0.0000000E+00   0.0000000E+00   0.0000000E+00
   1.5595976E+03   0.0000000E+00   0.0000000E+00   0.0000000E+00   0.0000000E+00
   1.5596051E+03   0.0000000E+00   0.0000000E+00   0.0000000E+00   0.0000000E+00
   1.5596126E+03   0.0000000E+00   0.0000000E+00   0.0000000E+00   0.0000000E+00
   1.5596202E+03   0.0000000E+00   0.0000000E+00   0.0000000E+00   0.0000000E+00
   1.5596277E+03   0.0000000E+00   0.0000000E+00   0.0000000E+00   0.0000000E+00
   1.5596352E+03   0.0000000E+00   0.0000000E+00   0.0000000E+00   0.0000000E+00
   1.5596427E+03   0.0000000E+00   0.0000000E+00   0.0000000E+00   0.0000000E+00
   1.5596503E+03   0.0000000E+00   0.0000000E+00   0.0000000E+00   0.0000000E+00
   1.5596578E+03   0.0000000E+00   0.0000000E+00   0.0000000E+00   0.0000000E+00
   1.5596653E+03   0.0000000E+00   0.0000000E+00   0.0000000E+00   0.0000000E+00
   1.5596729E+03   0.0000000E+00   0.0000000E+00   0.0000000E+00   0.0000000E+00
   1.5596804E+03   0.0000000E+00   0.0000000E+00   0.0000000E+00   0.0000000E+00
   1.5596879E+03   0.0000000E+00   0.0000000E+00   0.0000000E+00   0.0000000E+00
   1.5596954E+03   0.0000000E+00   0.0000000E+00   0.0000000E+00   0.0000000E+00
   1.5597030E+03   0.0000000E+00   0.0000000E+00   0.0000000E+00   0.0000000E+00
   1.5597105E+03   0.0000000E+00   0.0000000E+00   0.0000000E+00   0.0000000E+00
   1.5597180E+03   0.0000000E+00   0.0000000E+00   0.0000000E+00   0.0000000E+00
   1.5597256E+03   0.0000000E+00   0.0000000E+00   0.0000000E+00   0.0000000E+00
   1.5597331E+03   0.0000000E+00   0.0000000E+00   0.0000000E+00   0.0000000E+00
   1.5597406E+03   0.0000000E+00   0.0000000E+00   0.0000000E+00   0.0000000E+00
   1.5597481E+03   0.0000000E+00   0.0000000E+00   0.0000000E+00   0.0000000E+00
   1.5597557E+03   0.0000000E+00   0.0000000E+00   0.0000000E+00   0.0000000E+00
   1.5597632E+03   0.0000000E+00   0.0000000E+00   0.0000000E+00   0.0000000E+00
   1.5597707E+03   0.0000000E+00   0.0000000E+00   0.0000000E+00   0.0000000E+00
   1.5597783E+03   0.0000000E+00   0.0000000E+00   0.0000000E+00   0.0000000E+00
   1.5597858E+03   0.0000000E+00   0.0000000E+00   0.0000000E+00   0.0000000E+00
   1.5597933E+03   0.0000000E+00   0.0000000E+00   0.0000000E+00   0.0000000E+00
   1.5598008E+03   0.0000000E+00   0.0000000E+00   0.0000000E+00   0.0000000E+00
   1.5598084E+03   0.0000000E+00   0.0000000E+00   0.0000000E+00   0.0000000E+00
   1.5598159E+03   0.0000000E+00   0.0000000E+00   0.0000000E+00   0.0000000E+00
   1.5598234E+03   0.0000000E+00   0.0000000E+00   0.0000000E+00   0.0000000E+00
   1.5598310E+03   0.0000000E+00   0.0000000E+00   0.0000000E+00   0.0000000E+00
   1.5598385E+03   0.0000000E+00   0.0000000E+00   0.0000000E+00   0.0000000E+00
   1.5598460E+03   0.0000000E+00   0.0000000E+00   0.0000000E+00   0.0000000E+00
   1.5598535E+03   0.0000000E+00   0.0000000E+00   0.0000000E+00   0.0000000E+00
   1.5598611E+03   0.0000000E+00   0.0000000E+00   0.0000000E+00   0.0000000E+00
   1.5598686E+03   0.0000000E+00   0.0000000E+00   0.0000000E+00   0.0000000E+00
   1.5598761E+03   0.0000000E+00   0.0000000E+00   0.0000000E+00   0.0000000E+00
   1.5598837E+03   0.0000000E+00   0.0000000E+00   0.0000000E+00   0.0000000E+00
   1.5598912E+03   0.0000000E+00   0.0000000E+00   0.0000000E+00   0.0000000E+00
   1.5598987E+03   0.0000000E+00   0.0000000E+00   0.0000000E+00   0.0000000E+00
   1.5599062E+03   0.0000000E+00   0.0000000E+00   0.0000000E+00   0.0000000E+00
   1.5599138E+03   0.0000000E+00   0.0000000E+00   0.0000000E+00   0.0000000E+00
   1.5599213E+03   0.0000000E+00   0.0000000E+00   0.0000000E+00   0.0000000E+00
   1.5599288E+03   0.0000000E+00   0.0000000E+00   0.0000000E+00   0.0000000E+00
   1.5599364E+03   0.0000000E+00   0.0000000E+00   0.0000000E+00   0.0000000E+00
   1.5599439E+03   0.0000000E+00   0.0000000E+00   0.0000000E+00   0.0000000E+00
   1.5599514E+03   0.0000000E+00   0.0000000E+00   0.0000000E+00   0.0000000E+00
   1.5599589E+03   0.0000000E+00   0.0000000E+00   0.0000000E+00   0.0000000E+00
   1.5599665E+03   0.0000000E+00   0.0000000E+00   0.0000000E+00   0.0000000E+00
   1.5599740E+03   0.0000000E+00   0.0000000E+00   0.0000000E+00   0.0000000E+00
   1.5599815E+03   0.0000000E+00   0.0000000E+00   0.0000000E+00   0.0000000E+00
   1.5599891E+03   0.0000000E+00   0.0000000E+00   0.0000000E+00   0.0000000E+00
   1.5599966E+03   0.0000000E+00   0.0000000E+00   0.0000000E+00   0.0000000E+00
   1.5600041E+03   0.0000000E+00   0.0000000E+00   0.0000000E+00   0.0000000E+00
   1.5600116E+03   0.0000000E+00   0.0000000E+00   0.0000000E+00   0.0000000E+00
   1.5600192E+03   0.0000000E+00   0.0000000E+00   0.0000000E+00   0.0000000E+00
   1.5600267E+03   0.0000000E+00   0.0000000E+00   0.0000000E+00   0.0000000E+00
   1.5600342E+03   0.0000000E+00   0.0000000E+00   0.0000000E+00   0.0000000E+00
   1.5600418E+03   0.0000000E+00   0.0000000E+00   0.0000000E+00   0.0000000E+00
   1.5600493E+03   0.0000000E+00   0.0000000E+00   0.0000000E+00   0.0000000E+00
   1.5600568E+03   0.0000000E+00   0.0000000E+00   0.0000000E+00   0.0000000E+00
   1.5600643E+03   0.0000000E+00   0.0000000E+00   0.0000000E+00   0.0000000E+00
   1.5600719E+03   0.0000000E+00   0.0000000E+00   0.0000000E+00   0.0000000E+00
   1.5600794E+03   0.0000000E+00   0.0000000E+00   0.0000000E+00   0.0000000E+00
   1.5600869E+03   0.0000000E+00   0.0000000E+00   0.0000000E+00   0.0000000E+00
   1.5600944E+03   0.0000000E+00   0.0000000E+00   0.0000000E+00   0.0000000E+00
   1.5601020E+03   0.0000000E+00   0.0000000E+00   0.0000000E+00   0.0000000E+00
   1.5601095E+03   0.0000000E+00   0.0000000E+00   0.0000000E+00   0.0000000E+00
   1.5601170E+03   0.0000000E+00   0.0000000E+00   0.0000000E+00   0.0000000E+00
   1.5601246E+03   0.0000000E+00   0.0000000E+00   0.0000000E+00   0.0000000E+00
   1.5601321E+03   0.0000000E+00   0.0000000E+00   0.0000000E+00   0.0000000E+00
   1.5601396E+03   0.0000000E+00   0.0000000E+00   0.0000000E+00   0.0000000E+00
   1.5601471E+03   0.0000000E+00   0.0000000E+00   0.0000000E+00   0.0000000E+00
   1.5601547E+03   0.0000000E+00   0.0000000E+00   0.0000000E+00   0.0000000E+00
   1.5601622E+03   0.0000000E+00   0.0000000E+00   0.0000000E+00   0.0000000E+00
   1.5601697E+03   0.0000000E+00   0.0000000E+00   0.0000000E+00   0.0000000E+00
   1.5601773E+03   0.0000000E+00   0.0000000E+00   0.0000000E+00   0.0000000E+00
   1.5601848E+03   0.0000000E+00   0.0000000E+00   0.0000000E+00   0.0000000E+00
   1.5601923E+03   0.0000000E+00   0.0000000E+00   0.0000000E+00   0.0000000E+00
   1.5601998E+03   0.0000000E+00   0.0000000E+00   0.0000000E+00   0.0000000E+00
   1.5602074E+03   0.0000000E+00   0.0000000E+00   0.0000000E+00   0.0000000E+00
   1.5602149E+03   0.0000000E+00   0.0000000E+00   0.0000000E+00   0.0000000E+00
   1.5602224E+03   0.0000000E+00   0.0000000E+00   0.0000000E+00   0.0000000E+00
   1.5602300E+03   0.0000000E+00   0.0000000E+00   0.0000000E+00   0.0000000E+00
   1.5602375E+03   0.0000000E+00   0.0000000E+00   0.0000000E+00   0.0000000E+00
   1.5602450E+03   0.0000000E+00   0.0000000E+00   0.0000000E+00   0.0000000E+00
   1.5602525E+03   0.0000000E+00   0.0000000E+00   0.0000000E+00   0.0000000E+00
   1.5602601E+03   0.0000000E+00   0.0000000E+00   0.0000000E+00   0.0000000E+00
   1.5602676E+03   0.0000000E+00   0.0000000E+00   0.0000000E+00   0.0000000E+00
   1.5602751E+03   0.0000000E+00   0.0000000E+00   0.0000000E+00   0.0000000E+00
   1.5602827E+03   0.0000000E+00   0.0000000E+00   0.0000000E+00   0.0000000E+00
   1.5602902E+03   0.0000000E+00   0.0000000E+00   0.0000000E+00   0.0000000E+00
   1.5602977E+03   0.0000000E+00   0.0000000E+00   0.0000000E+00   0.0000000E+00
   1.5603052E+03   0.0000000E+00   0.0000000E+00   0.0000000E+00   0.0000000E+00
   1.5603128E+03   0.0000000E+00   0.0000000E+00   0.0000000E+00   0.0000000E+00
   1.5603203E+03   0.0000000E+00   0.0000000E+00   0.0000000E+00   0.0000000E+00
   1.5603278E+03   0.0000000E+00   0.0000000E+00   0.0000000E+00   0.0000000E+00
   1.5603354E+03   0.0000000E+00   0.0000000E+00   0.0000000E+00   0.0000000E+00
   1.5603429E+03   0.0000000E+00   0.0000000E+00   0.0000000E+00   0.0000000E+00
   1.5603504E+03   0.0000000E+00   0.0000000E+00   0.0000000E+00   0.0000000E+00
   1.5603579E+03   0.0000000E+00   0.0000000E+00   0.0000000E+00   0.0000000E+00
   1.5603655E+03   0.0000000E+00   0.0000000E+00   0.0000000E+00   0.0000000E+00
   1.5603730E+03   0.0000000E+00   0.0000000E+00   0.0000000E+00   0.0000000E+00
   1.5603805E+03   0.0000000E+00   0.0000000E+00   0.0000000E+00   0.0000000E+00
   1.5603881E+03   0.0000000E+00   0.0000000E+00   0.0000000E+00   0.0000000E+00
   1.5603956E+03   0.0000000E+00   0.0000000E+00   0.0000000E+00   0.0000000E+00
   1.5604031E+03   0.0000000E+00   0.0000000E+00   0.0000000E+00   0.0000000E+00
   1.5604106E+03   0.0000000E+00   0.0000000E+00   0.0000000E+00   0.0000000E+00
   1.5604182E+03   0.0000000E+00   0.0000000E+00   0.0000000E+00   0.0000000E+00
   1.5604257E+03   0.0000000E+00   0.0000000E+00   0.0000000E+00   0.0000000E+00
   1.5604332E+03   0.0000000E+00   0.0000000E+00   0.0000000E+00   0.0000000E+00
   1.5604408E+03   0.0000000E+00   0.0000000E+00   0.0000000E+00   0.0000000E+00
   1.5604483E+03   0.0000000E+00   0.0000000E+00   0.0000000E+00   0.0000000E+00
   1.5604558E+03   0.0000000E+00   0.0000000E+00   0.0000000E+00   0.0000000E+00
   1.5604633E+03   0.0000000E+00   0.0000000E+00   0.0000000E+00   0.0000000E+00
   1.5604709E+03   0.0000000E+00   0.0000000E+00   0.0000000E+00   0.0000000E+00
   1.5604784E+03   0.0000000E+00   0.0000000E+00   0.0000000E+00   0.0000000E+00
   1.5604859E+03   0.0000000E+00   0.0000000E+00   0.0000000E+00   0.0000000E+00
   1.5604935E+03   0.0000000E+00   0.0000000E+00   0.0000000E+00   0.0000000E+00
   1.5605010E+03   0.0000000E+00   0.0000000E+00   0.0000000E+00   0.0000000E+00
   1.5605085E+03   0.0000000E+00   0.0000000E+00   0.0000000E+00   0.0000000E+00
   1.5605160E+03   0.0000000E+00   0.0000000E+00   0.0000000E+00   0.0000000E+00
   1.5605236E+03   0.0000000E+00   0.0000000E+00   0.0000000E+00   0.0000000E+00
   1.5605311E+03   0.0000000E+00   0.0000000E+00   0.0000000E+00   0.0000000E+00
   1.5605386E+03   0.0000000E+00   0.0000000E+00   0.0000000E+00   0.0000000E+00
   1.5605461E+03   0.0000000E+00   0.0000000E+00   0.0000000E+00   0.0000000E+00
   1.5605537E+03   0.0000000E+00   0.0000000E+00   0.0000000E+00   0.0000000E+00
   1.5605612E+03   0.0000000E+00   0.0000000E+00   0.0000000E+00   0.0000000E+00
   1.5605687E+03   0.0000000E+00   0.0000000E+00   0.0000000E+00   0.0000000E+00
   1.5605763E+03   0.0000000E+00   0.0000000E+00   0.0000000E+00   0.0000000E+00
   1.5605838E+03   0.0000000E+00   0.0000000E+00   0.0000000E+00   0.0000000E+00
   1.5605913E+03   0.0000000E+00   0.0000000E+00   0.0000000E+00   0.0000000E+00
   1.5605988E+03   0.0000000E+00   0.0000000E+00   0.0000000E+00   0.0000000E+00
   1.5606064E+03   0.0000000E+00   0.0000000E+00   0.0000000E+00   0.0000000E+00
   1.5606139E+03   0.0000000E+00   0.0000000E+00   0.0000000E+00   0.0000000E+00
   1.5606214E+03   0.0000000E+00   0.0000000E+00   0.0000000E+00   0.0000000E+00
   1.5606290E+03   0.0000000E+00   0.0000000E+00   0.0000000E+00   0.0000000E+00
   1.5606365E+03   0.0000000E+00   0.0000000E+00   0.0000000E+00   0.0000000E+00
   1.5606440E+03   0.0000000E+00   0.0000000E+00   0.0000000E+00   0.0000000E+00
   1.5606515E+03   0.0000000E+00   0.0000000E+00   0.0000000E+00   0.0000000E+00
   1.5606591E+03   0.0000000E+00   0.0000000E+00   0.0000000E+00   0.0000000E+00
   1.5606666E+03   0.0000000E+00   0.0000000E+00   0.0000000E+00   0.0000000E+00
   1.5606741E+03   0.0000000E+00   0.0000000E+00   0.0000000E+00   0.0000000E+00
   1.5606817E+03   0.0000000E+00   0.0000000E+00   0.0000000E+00   0.0000000E+00
   1.5606892E+03   0.0000000E+00   0.0000000E+00   0.0000000E+00   0.0000000E+00
   1.5606967E+03   0.0000000E+00   0.0000000E+00   0.0000000E+00   0.0000000E+00
   1.5607042E+03   0.0000000E+00   0.0000000E+00   0.0000000E+00   0.0000000E+00
   1.5607118E+03   0.0000000E+00   0.0000000E+00   0.0000000E+00   0.0000000E+00
   1.5607193E+03   0.0000000E+00   0.0000000E+00   0.0000000E+00   0.0000000E+00
   1.5607268E+03   0.0000000E+00   0.0000000E+00   0.0000000E+00   0.0000000E+00
   1.5607344E+03   0.0000000E+00   0.0000000E+00   0.0000000E+00   0.0000000E+00
   1.5607419E+03   0.0000000E+00   0.0000000E+00   0.0000000E+00   0.0000000E+00
   1.5607494E+03   0.0000000E+00   0.0000000E+00   0.0000000E+00   0.0000000E+00
   1.5607569E+03   0.0000000E+00   0.0000000E+00   0.0000000E+00   0.0000000E+00
   1.5607645E+03   0.0000000E+00   0.0000000E+00   0.0000000E+00   0.0000000E+00
   1.5607720E+03   0.0000000E+00   0.0000000E+00   0.0000000E+00   0.0000000E+00
