   1.5381945E+03   1.2000000E+01   1.2000000E+01   1.3614934E-02   1.3614934E-02
   1.5382021E+03   1.4000000E+01   1.3000000E+01   2.0123006E-02   2.1670321E-02
   1.5382096E+03   1.3000000E+01   1.2000000E+01   3.9624538E-02   4.2926609E-02
   1.5382171E+03   1.9000000E+01   1.5000000E+01   3.2237660E-02   4.0835437E-02
   1.5382246E+03   1.6000000E+01   1.5000000E+01   4.9421820E-02   5.2716854E-02
   1.5382322E+03   1.9000000E+01   1.8000000E+01   5.0456590E-02   5.3259908E-02
   1.5382397E+03   7.0000000E+00   7.0000000E+00   3.2297509E-02   3.2297509E-02
   1.5382472E+03   1.5000000E+01   1.5000000E+01   3.0955466E-02   3.0955466E-02
   1.5382548E+03   1.6000000E+01   1.6000000E+01   2.6029516E-02   2.6029516E-02
   1.5382623E+03   2.1000000E+01   2.0000000E+01   3.6775789E-02   3.8614492E-02
   1.5382698E+03   1.7000000E+01   1.7000000E+01   2.4546982E-02   2.4546982E-02
   1.5382773E+03   1.2000000E+01   1.2000000E+01   5.1263353E-02   5.1263353E-02
   1.5382849E+03   2.1000000E+01   2.1000000E+01   2.0344471E-02   2.0344471E-02
   1.5382924E+03   1.9000000E+01   1.9000000E+01   3.1701982E-02   3.1701982E-02
   1.5382999E+03   1.1000000E+01   1.0000000E+01   1.1723945E-02   1.2896331E-02
   1.5383075E+03   1.6000000E+01   1.5000000E+01   2.5606724E-02   2.7346433E-02
   1.5383150E+03   2.0000000E+01   2.0000000E+01   1.7947768E-02   1.7947768E-02
   1.5383225E+03   1.8000000E+01   1.8000000E+01   1.9525989E-03   1.9525989E-03
   1.5383300E+03   1.4000000E+01   1.4000000E+01   1.2653340E-02   1.2653340E-02
   1.5383376E+03   1.7000000E+01   1.7000000E+01   4.9347345E-02   4.9347345E-02
   1.5383451E+03   2.0000000E+01   1.9000000E+01   2.2191118E-02   2.3359205E-02
   1.5383526E+03   1.2000000E+01   1.1000000E+01   2.0876777E-02   2.2773311E-02
   1.5383602E+03   1.6000000E+01   1.6000000E+01   2.2905617E-02   2.2905617E-02
   1.5383677E+03   1.6000000E+01   1.5000000E+01   2.8742735E-02   3.0659039E-02
   1.5383752E+03   2.3000000E+01   2.3000000E+01   5.3133518E-02   5.3133518E-02
   1.5383827E+03   1.9000000E+01   1.9000000E+01   2.3664280E-02   2.3664280E-02
   1.5383903E+03   2.4000000E+01   2.2000000E+01   4.2844969E-03   4.6739750E-03
   1.5383978E+03   1.3000000E+01   1.2000000E+01   5.7905111E-02   6.2730040E-02
   1.5384053E+03   1.8000000E+01   1.7000000E+01   2.6717051E-02   2.8288806E-02
   1.5384128E+03   1.9000000E+01   1.8000000E+01   8.0439018E-03   8.4907906E-03
   1.5384204E+03   2.1000000E+01   2.0000000E+01   1.9036377E-02   1.9988185E-02
   1.5384279E+03   1.9000000E+01   1.8000000E+01   1.0782573E-01   1.1381539E-01
   1.5384354E+03   1.0000000E+01   9.0000000E+00   2.7180804E-02   3.0201256E-02
   1.5384430E+03   1.4000000E+01   1.3000000E+01   5.2667773E-02   5.6717162E-02
   1.5384505E+03   1.3000000E+01   1.2000000E+01   1.6409285E-02   1.7776402E-02
   1.5384580E+03   2.7000000E+01   2.5000000E+01   2.4943526E-02   2.6939304E-02
   1.5384655E+03   1.7000000E+01   1.7000000E+01   1.4498542E-02   1.4498542E-02
   1.5384731E+03   2.0000000E+01   1.9000000E+01   4.0550835E-03   4.2686071E-03
   1.5384806E+03   2.0000000E+01   2.0000000E+01   3.1571566E-02   3.1571566E-02
   1.5384881E+03   2.3000000E+01   2.0000000E+01   3.9637979E-02   4.5584094E-02
   1.5384957E+03   1.6000000E+01   1.5000000E+01   4.8318120E-02   5.1539370E-02
   1.5385032E+03   1.2000000E+01   1.2000000E+01   2.9799616E-02   2.9799616E-02
   1.5385107E+03   2.9000000E+01   2.6000000E+01   3.1445818E-02   3.5074371E-02
   1.5385182E+03   2.6000000E+01   2.5000000E+01   9.5594784E-03   6.2184306E-03
   1.5385258E+03   1.8000000E+01   1.8000000E+01   1.4903295E-02   1.4903295E-02
   1.5385333E+03   1.4000000E+01   1.4000000E+01   4.6629860E-02   4.6629860E-02
   1.5385408E+03   1.6000000E+01   1.6000000E+01   1.6876727E-02   1.6876727E-02
   1.5385484E+03   1.6000000E+01   1.6000000E+01   2.6801962E-02   2.6801962E-02
   1.5385559E+03   2.1000000E+01   1.9000000E+01   1.8680368E-02   2.0646644E-02
   1.5385634E+03   1.4000000E+01   1.4000000E+01   2.6493809E-02   2.6493809E-02
   1.5385709E+03   1.1000000E+01   1.0000000E+01   6.0107432E-02   6.6116856E-02
   1.5385785E+03   2.3000000E+01   2.1000000E+01   1.5921572E-02   1.7438243E-02
   1.5385860E+03   1.7000000E+01   1.7000000E+01   6.1383620E-02   6.1383620E-02
   1.5385935E+03   2.2000000E+01   2.1000000E+01   2.7198400E-02   2.8493519E-02
   1.5386011E+03   2.1000000E+01   1.9000000E+01   1.8326638E-02   2.0253872E-02
   1.5386086E+03   1.3000000E+01   1.3000000E+01   5.3329102E-03   5.3329102E-03
   1.5386161E+03   2.0000000E+01   1.9000000E+01   2.0672268E-02   2.1760269E-02
   1.5386236E+03   2.6000000E+01   2.4000000E+01   4.0843557E-02   4.4248190E-02
   1.5386312E+03   2.0000000E+01   1.7000000E+01   8.7741587E-06   9.7398941E-06
   1.5386387E+03   2.2000000E+01   2.2000000E+01   2.5709161E-02   2.5709161E-02
   1.5386462E+03   2.1000000E+01   1.9000000E+01   1.6327558E-02   1.8046177E-02
   1.5386538E+03   1.4000000E+01   1.4000000E+01   4.4895032E-02   4.4895032E-02
   1.5386613E+03   2.0000000E+01   2.0000000E+01   4.1118086E-02   4.1118086E-02
   1.5386688E+03   1.8000000E+01   1.8000000E+01   1.4948026E-02   1.4948026E-02
   1.5386763E+03   1.9000000E+01   1.7000000E+01   2.7824118E-02   3.1327310E-02
   1.5386839E+03   1.6000000E+01   1.4000000E+01   4.5460312E-06   5.3905125E-06
   1.5386914E+03   1.6000000E+01   1.6000000E+01   3.1426452E-02   3.1426452E-02
   1.5386989E+03   2.1000000E+01   1.9000000E+01   1.2085439E-02   1.3362876E-02
   1.5387065E+03   1.4000000E+01   1.4000000E+01   4.8640959E-02   4.8640959E-02
   1.5387140E+03   1.9000000E+01   1.9000000E+01   3.3399103E-02   3.3399103E-02
   1.5387215E+03   1.1000000E+01   1.0000000E+01   1.0402494E-02   1.1444364E-02
   1.5387290E+03   2.5000000E+01   2.1000000E+01   1.2898415E-02   1.5355283E-02
   1.5387366E+03   1.6000000E+01   1.5000000E+01   1.6085786E-02   1.7158293E-02
   1.5387441E+03   2.2000000E+01   2.2000000E+01   3.3945205E-02   3.3945205E-02
   1.5387516E+03   1.7000000E+01   1.6000000E+01   2.9391571E-02   3.1228404E-02
   1.5387592E+03   1.5000000E+01   1.5000000E+01   3.2089300E-02   3.2089300E-02
   1.5387667E+03   1.7000000E+01   1.6000000E+01   2.0110992E-02   2.1367689E-02
   1.5387742E+03   2.1000000E+01   2.1000000E+01   2.2799220E-02   2.2799220E-02
   1.5387817E+03   1.4000000E+01   1.3000000E+01   2.1240845E-02   2.2875920E-02
   1.5387893E+03   2.3000000E+01   2.3000000E+01   1.4721567E-02   1.4721567E-02
   1.5387968E+03   2.5000000E+01   2.5000000E+01   1.4925415E-02   1.4925415E-02
   1.5388043E+03   2.1000000E+01   2.1000000E+01   1.8899633E-02   1.8899633E-02
   1.5388119E+03   1.7000000E+01   1.6000000E+01   8.9665797E-03   9.5269809E-03
   1.5388194E+03   2.5000000E+01   2.5000000E+01   3.9915501E-02   3.9915501E-02
   1.5388269E+03   2.6000000E+01   2.5000000E+01   1.4293940E-02   1.4866063E-02
   1.5388344E+03   3.0000000E+01   2.9000000E+01   2.0862159E-02   2.1581498E-02
   1.5388420E+03   2.1000000E+01   2.1000000E+01   3.0122675E-02   3.0122675E-02
   1.5388495E+03   2.4000000E+01   2.3000000E+01   2.9342089E-02   3.0617807E-02
   1.5388570E+03   1.8000000E+01   1.7000000E+01   3.4961337E-02   3.7018619E-02
   1.5388646E+03   1.7000000E+01   1.7000000E+01   3.5770870E-02   3.5770870E-02
   1.5388721E+03   1.4000000E+01   1.3000000E+01   4.7256859E-02   5.0892165E-02
   1.5388796E+03   1.7000000E+01   1.6000000E+01   1.4921951E-02   1.5855261E-02
   1.5388871E+03   2.4000000E+01   2.3000000E+01   2.1095485E-02   2.2012919E-02
   1.5388947E+03   2.9000000E+01   2.5000000E+01   3.4138396E-02   3.9608601E-02
   1.5389022E+03   2.6000000E+01   2.5000000E+01   1.7869269E-02   1.8584158E-02
   1.5389097E+03   1.6000000E+01   1.6000000E+01   1.3905452E-02   1.3905452E-02
   1.5389172E+03   2.3000000E+01   2.3000000E+01   1.1376203E-02   1.1376203E-02
   1.5389248E+03   2.3000000E+01   2.2000000E+01   5.5833991E-03   5.8371475E-03
   1.5389323E+03   2.2000000E+01   2.2000000E+01   3.4702868E-02   3.4702868E-02
   1.5389398E+03   2.3000000E+01   2.2000000E+01   6.8653615E-03   7.1775998E-03
   1.5389474E+03   2.4000000E+01   2.4000000E+01   5.1598358E-03   5.1598358E-03
   1.5389549E+03   2.6000000E+01   2.5000000E+01   1.7225797E-02   1.7914758E-02
   1.5389624E+03   2.4000000E+01   2.3000000E+01   1.9469029E-02   2.0315495E-02
   1.5389699E+03   2.1000000E+01   2.0000000E+01   1.9676057E-02   2.0660961E-02
   1.5389775E+03   2.6000000E+01   2.5000000E+01   2.3646071E-02   2.4591930E-02
   1.5389850E+03   1.6000000E+01   1.5000000E+01   1.0625850E-02   1.1334141E-02
   1.5389925E+03   2.1000000E+01   1.9000000E+01   2.7221947E-02   3.0087482E-02
   1.5390001E+03   2.5000000E+01   2.4000000E+01   3.9303503E-02   4.0941062E-02
   1.5390076E+03   2.8000000E+01   2.6000000E+01   6.6748771E-06   7.1844738E-06
   1.5390151E+03   1.6000000E+01   1.4000000E+01   5.9725505E-02   6.8258298E-02
   1.5390226E+03   2.1000000E+01   2.1000000E+01   3.4270672E-02   3.4270672E-02
   1.5390302E+03   2.5000000E+01   2.2000000E+01   5.4440880E-03   6.1869690E-03
   1.5390377E+03   1.8000000E+01   1.7000000E+01   2.3581711E-02   2.4968868E-02
   1.5390452E+03   2.7000000E+01   2.6000000E+01   2.3171754E-02   2.4062606E-02
   1.5390528E+03   2.0000000E+01   1.9000000E+01   2.1018792E-02   2.2125275E-02
   1.5390603E+03   2.4000000E+01   2.3000000E+01   3.1603478E-02   3.2977305E-02
   1.5390678E+03   2.5000000E+01   2.2000000E+01   1.1285391E-02   1.2824715E-02
   1.5390753E+03   1.5000000E+01   1.5000000E+01   8.9519856E-03   8.9519856E-03
   1.5390829E+03   2.2000000E+01   2.0000000E+01   1.7528665E-02   1.9282950E-02
   1.5390904E+03   2.6000000E+01   2.6000000E+01   1.1869952E-02   1.1869952E-02
   1.5390979E+03   2.6000000E+01   2.4000000E+01   1.6368944E-02   1.7733518E-02
   1.5391055E+03   2.2000000E+01   2.1000000E+01   2.3650400E-02   2.4777014E-02
   1.5391130E+03   2.2000000E+01   2.1000000E+01   4.0951271E-02   4.2901330E-02
   1.5391205E+03   2.7000000E+01   2.7000000E+01   4.1907189E-02   4.1907189E-02
   1.5391280E+03   1.8000000E+01   1.6000000E+01   2.9697209E-02   3.3408586E-02
   1.5391356E+03   3.0000000E+01   2.6000000E+01   1.9040382E-02   2.1968936E-02
   1.5391431E+03   1.6000000E+01   1.6000000E+01   2.2207910E-02   2.2207910E-02
   1.5391506E+03   3.2000000E+01   2.9000000E+01   4.3770553E-02   4.8299005E-02
   1.5391582E+03   1.3000000E+01   1.2000000E+01   4.9726708E-02   5.3870508E-02
   1.5391657E+03   2.8000000E+01   2.8000000E+01   2.7324155E-02   2.7324155E-02
   1.5391732E+03   2.7000000E+01   2.6000000E+01   1.1584883E-02   1.2030009E-02
   1.5391807E+03   2.0000000E+01   1.7000000E+01   1.8512176E-02   2.1778798E-02
   1.5391883E+03   1.5000000E+01   1.4000000E+01   5.0484900E-02   5.4091222E-02
   1.5391958E+03   2.3000000E+01   2.1000000E+01   1.4116578E-02   1.5458976E-02
   1.5392033E+03   2.3000000E+01   2.3000000E+01   2.7523903E-02   2.7523903E-02
   1.5392109E+03   2.2000000E+01   2.1000000E+01   1.2806267E-02   1.3415768E-02
   1.5392184E+03   2.6000000E+01   2.6000000E+01   2.0315084E-02   2.0315084E-02
   1.5392259E+03   2.7000000E+01   2.6000000E+01   1.9961825E-02   2.0729777E-02
   1.5392334E+03   2.9000000E+01   2.9000000E+01   2.4307680E-02   2.4307680E-02
   1.5392410E+03   2.9000000E+01   2.6000000E+01   1.3253387E-02   1.4782989E-02
   1.5392485E+03   2.7000000E+01   2.7000000E+01   9.7535059E-03   9.7535059E-03
   1.5392560E+03   3.3000000E+01   3.0000000E+01   1.9404697E-04   2.1269041E-04
   1.5392636E+03   2.8000000E+01   2.5000000E+01   5.8405262E-03   6.5402430E-03
   1.5392711E+03   2.2000000E+01   2.1000000E+01   4.1495481E-02   4.3471396E-02
   1.5392786E+03   2.7000000E+01   2.3000000E+01   1.7965918E-03   2.1096138E-03
   1.5392861E+03   2.5000000E+01   2.3000000E+01   1.6498636E-02   1.7933205E-02
   1.5392937E+03   3.1000000E+01   3.1000000E+01   1.0821974E-02   1.0821974E-02
   1.5393012E+03   2.0000000E+01   1.9000000E+01   2.4139477E-02   2.5409987E-02
   1.5393087E+03   3.3000000E+01   3.2000000E+01   1.1799712E-02   1.2168392E-02
   1.5393162E+03   2.6000000E+01   2.4000000E+01   5.0975241E-03   5.5222544E-03
   1.5393238E+03   2.7000000E+01   2.5000000E+01   9.5717417E-03   1.0337365E-02
   1.5393313E+03   2.7000000E+01   2.4000000E+01   2.7049260E-02   3.0430149E-02
   1.5393388E+03   2.5000000E+01   2.5000000E+01   7.9015224E-03   7.9015224E-03
   1.5393464E+03   2.9000000E+01   2.8000000E+01   3.3846634E-02   3.5055298E-02
   1.5393539E+03   2.1000000E+01   1.9000000E+01   2.0495251E-02   2.2652378E-02
   1.5393614E+03   2.9000000E+01   2.7000000E+01   7.7892039E-03   8.3617463E-03
   1.5393689E+03   3.1000000E+01   3.1000000E+01   1.5865060E-02   1.5865060E-02
   1.5393765E+03   4.1000000E+01   4.1000000E+01   1.2107400E-02   1.2107400E-02
   1.5393840E+03   2.4000000E+01   2.2000000E+01   1.1120369E-02   1.2131927E-02
   1.5393915E+03   2.0000000E+01   1.8000000E+01   2.6442786E-02   2.9380586E-02
   1.5393991E+03   3.0000000E+01   3.0000000E+01   1.5583374E-02   1.5583374E-02
   1.5394066E+03   2.2000000E+01   2.2000000E+01   1.8638458E-02   1.8638458E-02
   1.5394141E+03   3.0000000E+01   2.9000000E+01   5.6592423E-03   5.8543006E-03
   1.5394216E+03   2.6000000E+01   2.6000000E+01   8.4544042E-03   8.4544042E-03
   1.5394292E+03   3.0000000E+01   2.9000000E+01   2.8394298E-02   2.9373093E-02
   1.5394367E+03   2.0000000E+01   1.9000000E+01   7.0906434E-06   7.3647834E-06
   1.5394442E+03   3.1000000E+01   3.0000000E+01   1.1442948E-02   1.1823609E-02
   1.5394518E+03   2.7000000E+01   2.6000000E+01   1.4351877E-02   1.4903875E-02
   1.5394593E+03   3.3000000E+01   3.3000000E+01   3.1321576E-02   3.1321576E-02
   1.5394668E+03   2.9000000E+01   2.5000000E+01   8.3506551E-03   9.6863998E-03
   1.5394743E+03   3.5000000E+01   3.5000000E+01   3.6136018E-02   3.6136018E-02
   1.5394819E+03   3.0000000E+01   3.0000000E+01   8.2084049E-03   8.2084049E-03
   1.5394894E+03   3.6000000E+01   3.4000000E+01   6.5401277E-03   6.9249169E-03
   1.5394969E+03   2.9000000E+01   2.6000000E+01   1.3537630E-02   1.5099843E-02
   1.5395045E+03   3.3000000E+01   3.3000000E+01   1.9080664E-02   1.9080664E-02
   1.5395120E+03   2.3000000E+01   2.2000000E+01   2.1737687E-02   2.2725480E-02
   1.5395195E+03   3.7000000E+01   3.7000000E+01   1.4592039E-02   1.4592039E-02
   1.5395270E+03   3.7000000E+01   3.5000000E+01   1.4110105E-02   1.4916358E-02
   1.5395346E+03   2.8000000E+01   2.4000000E+01   2.6452499E-02   3.0861185E-02
   1.5395421E+03   2.8000000E+01   2.4000000E+01   6.6096958E-03   7.7122136E-03
   1.5395496E+03   2.6000000E+01   2.4000000E+01   1.3852939E-02   1.5007668E-02
   1.5395572E+03   2.0000000E+01   1.9000000E+01   7.3804559E-03   7.7691648E-03
   1.5395647E+03   2.5000000E+01   2.4000000E+01   7.2019527E-03   7.5021500E-03
   1.5395722E+03   3.6000000E+01   3.4000000E+01   7.8335839E-03   8.2944662E-03
   1.5395797E+03   3.4000000E+01   3.2000000E+01   3.1399337E-02   3.3361556E-02
   1.5395873E+03   2.3000000E+01   2.3000000E+01   3.7293031E-02   3.7293031E-02
   1.5395948E+03   3.1000000E+01   2.9000000E+01   2.7214098E-02   2.9095290E-02
   1.5396023E+03   3.2000000E+01   3.0000000E+01   1.1617977E-03   1.2379438E-03
   1.5396099E+03   4.2000000E+01   3.9000000E+01   2.5991213E-02   2.7990023E-02
   1.5396174E+03   3.8000000E+01   3.6000000E+01   3.2261284E-02   3.4053656E-02
   1.5396249E+03   3.1000000E+01   2.9000000E+01   7.3664875E-03   7.8745400E-03
   1.5396324E+03   2.7000000E+01   2.6000000E+01   3.9286061E-02   4.0796986E-02
   1.5396400E+03   3.4000000E+01   3.3000000E+01   2.4086109E-03   2.4817955E-03
   1.5396475E+03   3.4000000E+01   3.3000000E+01   1.0118909E-02   1.0445543E-02
   1.5396550E+03   2.9000000E+01   2.8000000E+01   2.5744509E-02   2.6664260E-02
   1.5396626E+03   2.6000000E+01   2.6000000E+01   2.6840573E-02   2.6840573E-02
   1.5396701E+03   4.4000000E+01   4.3000000E+01   1.8917107E-02   1.9357056E-02
   1.5396776E+03   2.4000000E+01   2.3000000E+01   7.2269926E-03   7.5412270E-03
   1.5396851E+03   2.7000000E+01   2.7000000E+01   3.7907420E-02   3.7907420E-02
   1.5396927E+03   2.8000000E+01   2.7000000E+01   2.1823483E-02   2.2630902E-02
   1.5397002E+03   2.5000000E+01   2.4000000E+01   1.5081731E-02   1.5710109E-02
   1.5397077E+03   3.2000000E+01   3.2000000E+01   1.2120086E-02   1.2120086E-02
   1.5397153E+03   4.2000000E+01   4.0000000E+01   1.6635579E-02   1.7466173E-02
   1.5397228E+03   4.7000000E+01   4.3000000E+01   7.6784068E-03   8.3924592E-03
   1.5397303E+03   2.8000000E+01   2.6000000E+01   1.7275031E-02   1.8603756E-02
   1.5397378E+03   3.7000000E+01   3.3000000E+01   1.3201348E-02   1.4801383E-02
   1.5397454E+03   2.1000000E+01   2.0000000E+01   6.6265454E-03   6.9578807E-03
   1.5397529E+03   3.7000000E+01   3.5000000E+01   9.4529444E-03   9.9932785E-03
   1.5397604E+03   5.5000000E+01   5.1000000E+01   1.3836910E-03   1.4918186E-03
   1.5397679E+03   2.4000000E+01   2.3000000E+01   7.3882584E-03   7.7093211E-03
   1.5397755E+03   3.3000000E+01   2.9000000E+01   4.4977908E-03   5.1179819E-03
   1.5397830E+03   3.1000000E+01   2.8000000E+01   8.1198258E-03   8.9901529E-03
   1.5397905E+03   3.7000000E+01   3.7000000E+01   1.2258006E-02   1.2258006E-02
   1.5397981E+03   3.1000000E+01   2.7000000E+01   1.0124150E-02   1.1624673E-02
   1.5398056E+03   2.7000000E+01   2.5000000E+01   7.5461198E-04   8.1519113E-04
   1.5398131E+03   2.8000000E+01   2.4000000E+01   1.8278144E-02   2.1303873E-02
   1.5398206E+03   3.2000000E+01   3.2000000E+01   7.6712920E-03   7.6712920E-03
   1.5398282E+03   4.4000000E+01   4.1000000E+01   5.9581670E-03   6.3959956E-03
   1.5398357E+03   3.7000000E+01   3.6000000E+01   1.1552441E-02   1.1873369E-02
   1.5398432E+03   3.8000000E+01   3.6000000E+01   1.1545404E-02   1.2186259E-02
   1.5398508E+03   2.7000000E+01   2.2000000E+01   1.4562499E-02   1.7872341E-02
   1.5398583E+03   4.7000000E+01   4.2000000E+01   9.3514717E-03   1.0464792E-02
   1.5398658E+03   3.4000000E+01   3.2000000E+01   1.5648980E-02   1.6627128E-02
   1.5398733E+03   4.0000000E+01   3.6000000E+01   1.0098473E-02   1.1221510E-02
   1.5398809E+03   4.2000000E+01   4.0000000E+01   9.9286932E-03   1.0424723E-02
   1.5398884E+03   3.0000000E+01   3.0000000E+01   4.2168719E-03   4.2168719E-03
   1.5398959E+03   3.2000000E+01   3.1000000E+01   2.8403363E-02   2.9319397E-02
   1.5399035E+03   2.5000000E+01   2.2000000E+01   2.4209895E-02   2.7511277E-02
   1.5399110E+03   3.9000000E+01   3.9000000E+01   1.4055075E-02   1.4055075E-02
   1.5399185E+03   4.0000000E+01   3.8000000E+01   1.3379529E-02   6.8947652E-03
   1.5399260E+03   3.1000000E+01   3.1000000E+01   1.1924057E-02   1.1924057E-02
   1.5399336E+03   4.3000000E+01   4.1000000E+01   1.7856340E-02   1.8727166E-02
   1.5399411E+03   3.4000000E+01   3.2000000E+01   2.8499394E-03   3.0279896E-03
   1.5399486E+03   4.2000000E+01   4.0000000E+01   1.5680984E-02   1.6465322E-02
   1.5399562E+03   3.4000000E+01   3.2000000E+01   4.1036807E-02   4.3600397E-02
   1.5399637E+03   4.8000000E+01   4.6000000E+01   5.8766179E-03   6.1310148E-03
   1.5399712E+03   3.2000000E+01   3.0000000E+01   2.5282276E-02   1.5539621E-02
   1.5399787E+03   4.8000000E+01   4.7000000E+01   7.1856191E-03   7.3385223E-03
   1.5399863E+03   4.0000000E+01   3.9000000E+01   2.1151177E-02   2.1693070E-02
   1.5399938E+03   4.6000000E+01   4.3000000E+01   1.0645870E-02   1.1389233E-02
   1.5400013E+03   2.3000000E+01   2.2000000E+01   1.6695055E-02   1.7453378E-02
   1.5400089E+03   3.9000000E+01   3.9000000E+01   1.1248747E-02   1.1248747E-02
   1.5400164E+03   3.5000000E+01   3.4000000E+01   9.2693524E-03   9.5420320E-03
   1.5400239E+03   3.8000000E+01   3.6000000E+01   1.6875301E-02   1.7815581E-02
   1.5400314E+03   3.6000000E+01   3.4000000E+01   1.0950918E-02   1.1595937E-02
   1.5400390E+03   3.9000000E+01   3.7000000E+01   1.5150871E-05   1.5495448E-05
   1.5400465E+03   2.9000000E+01   2.8000000E+01   1.5032432E-02   1.5569353E-02
   1.5400540E+03   5.0000000E+01   5.0000000E+01   7.5262137E-03   7.5262137E-03
   1.5400616E+03   3.3000000E+01   3.1000000E+01   8.2352302E-03   8.7666712E-03
   1.5400691E+03   4.8000000E+01   4.4000000E+01   5.8391792E-03   6.3705304E-03
   1.5400766E+03   3.3000000E+01   3.1000000E+01   2.8951099E-02   3.0819265E-02
   1.5400841E+03   3.3000000E+01   3.1000000E+01   2.8858161E-02   3.0721167E-02
   1.5400917E+03   5.1000000E+01   4.8000000E+01   1.0098282E-02   1.0729839E-02
   1.5400992E+03   4.9000000E+01   4.0000000E+01   9.1391908E-03   1.1196337E-02
   1.5401067E+03   4.2000000E+01   4.2000000E+01   6.9616533E-03   6.9616533E-03
   1.5401143E+03   4.3000000E+01   4.1000000E+01   7.4985046E-03   7.8638883E-03
   1.5401218E+03   5.0000000E+01   4.7000000E+01   3.1089677E-03   3.3078206E-03
   1.5401293E+03   4.2000000E+01   4.0000000E+01   1.1758980E-02   1.2346923E-02
   1.5401368E+03   3.7000000E+01   3.6000000E+01   2.3485931E-02   2.4138246E-02
   1.5401444E+03   4.6000000E+01   3.7000000E+01   9.8733731E-03   1.6879850E-02
   1.5401519E+03   2.9000000E+01   2.7000000E+01   1.5526574E-06   1.6921100E-06
   1.5401594E+03   5.4000000E+01   5.1000000E+01   1.6634439E-02   1.7613074E-02
   1.5401670E+03   4.1000000E+01   4.0000000E+01   7.7216643E-03   7.9148475E-03
   1.5401745E+03   3.5000000E+01   3.3000000E+01   5.8273195E-03   6.1803531E-03
   1.5401820E+03   4.4000000E+01   4.0000000E+01   6.2490806E-03   6.8742261E-03
   1.5401895E+03   4.4000000E+01   4.0000000E+01   1.7213369E-02   1.8934920E-02
   1.5401971E+03   5.1000000E+01   4.7000000E+01   1.1563226E-02   1.2554814E-02
   1.5402046E+03   3.5000000E+01   3.2000000E+01   1.7625274E-02   1.9277776E-02
   1.5402121E+03   4.4000000E+01   4.3000000E+01   9.5970621E-03   9.8201052E-03
   1.5402197E+03   4.7000000E+01   4.3000000E+01   9.6510572E-03   1.0548712E-02
   1.5402272E+03   4.9000000E+01   4.8000000E+01   5.7327936E-03   5.8521957E-03
   1.5402347E+03   2.7000000E+01   2.5000000E+01   1.2017235E-02   1.2978596E-02
   1.5402422E+03   4.1000000E+01   3.7000000E+01   1.3512589E-02   1.4973561E-02
   1.5402498E+03   3.7000000E+01   3.4000000E+01   2.3041494E-02   2.5074546E-02
   1.5402573E+03   4.4000000E+01   4.0000000E+01   3.6700317E-03   4.0374486E-03
   1.5402648E+03   4.0000000E+01   3.7000000E+01   5.9945740E-03   6.4808696E-03
   1.5402723E+03   6.1000000E+01   5.9000000E+01   4.9275110E-03   5.0947070E-03
   1.5402799E+03   4.1000000E+01   3.9000000E+01   1.7958613E-02   1.1733942E-02
   1.5402874E+03   4.9000000E+01   4.8000000E+01   1.1731062E-02   1.1975275E-02
   1.5402949E+03   5.3000000E+01   4.9000000E+01   1.4880469E-02   1.6095285E-02
   1.5403025E+03   3.8000000E+01   3.5000000E+01   1.0274002E-02   1.1155265E-02
   1.5403100E+03   4.7000000E+01   4.5000000E+01   6.5808434E-03   6.8731288E-03
   1.5403175E+03   5.2000000E+01   4.9000000E+01   1.1580923E-02   1.2289626E-02
   1.5403250E+03   4.8000000E+01   4.5000000E+01   1.4519315E-02   1.5488107E-02
   1.5403326E+03   4.5000000E+01   4.3000000E+01   2.5748760E-02   2.6946460E-02
   1.5403401E+03   4.9000000E+01   4.8000000E+01   9.2274761E-03   5.9284490E-03
   1.5403476E+03   5.5000000E+01   5.4000000E+01   2.3354514E-02   2.3787097E-02
   1.5403552E+03   4.5000000E+01   4.3000000E+01   8.8685663E-03   9.2815612E-03
   1.5403627E+03   4.3000000E+01   4.3000000E+01   1.4896866E-02   1.4896866E-02
   1.5403702E+03   4.5000000E+01   4.0000000E+01   1.0703901E-02   1.2042493E-02
   1.5403777E+03   5.6000000E+01   5.5000000E+01   4.6305939E-03   4.7147381E-03
   1.5403853E+03   4.7000000E+01   4.3000000E+01   6.5453479E-03   7.1550455E-03
   1.5403928E+03   4.2000000E+01   3.8000000E+01   3.8909590E-03   4.3000741E-03
   1.5404003E+03   4.9000000E+01   4.5000000E+01   4.7619361E-03   5.1847266E-03
   1.5404079E+03   6.3000000E+01   5.9000000E+01   1.3841959E-02   1.4780365E-02
   1.5404154E+03   6.5000000E+01   6.2000000E+01   8.3787981E-03   8.7841371E-03
   1.5404229E+03   4.7000000E+01   4.5000000E+01   2.4073482E-03   2.5142886E-03
   1.5404304E+03   6.1000000E+01   5.7000000E+01   1.7023624E-02   1.8219904E-02
   1.5404380E+03   5.0000000E+01   4.5000000E+01   8.4474603E-03   9.3867948E-03
   1.5404455E+03   6.0000000E+01   5.5000000E+01   2.7405074E-03   2.9843307E-03
   1.5404530E+03   6.1000000E+01   5.5000000E+01   6.4071253E-03   7.1058595E-03
   1.5404606E+03   4.5000000E+01   4.1000000E+01   7.7602936E-03   8.5229745E-03
   1.5404681E+03   3.4000000E+01   3.3000000E+01   1.6219167E-02   1.6710683E-02
   1.5404756E+03   5.1000000E+01   4.9000000E+01   9.8742577E-03   1.0277027E-02
   1.5404831E+03   5.1000000E+01   4.7000000E+01   1.7688605E-02   1.9196680E-02
   1.5404907E+03   4.8000000E+01   4.7000000E+01   1.0261674E-02   1.0480016E-02
   1.5404982E+03   4.1000000E+01   4.1000000E+01   3.8051331E-06   3.8051331E-06
   1.5405057E+03   4.2000000E+01   4.1000000E+01   8.2490604E-03   8.4502638E-03
   1.5405133E+03   5.2000000E+01   4.9000000E+01   2.1115663E-02   6.7032057E-03
   1.5405208E+03   6.8000000E+01   6.2000000E+01   4.1320619E-03   4.5319268E-03
   1.5405283E+03   4.9000000E+01   4.8000000E+01   8.8810622E-03   9.0660874E-03
   1.5405358E+03   7.2000000E+01   6.8000000E+01   1.5255760E-02   1.6154513E-02
   1.5405434E+03   5.3000000E+01   5.0000000E+01   4.3461301E-03   4.6069261E-03
   1.5405509E+03   6.3000000E+01   5.7000000E+01   3.5124527E-03   3.8825143E-03
   1.5405584E+03   4.2000000E+01   4.1000000E+01   1.0809837E-03   1.1073355E-03
   1.5405660E+03   5.3000000E+01   5.1000000E+01   8.8580756E-03   9.2055613E-03
   1.5405735E+03   5.1000000E+01   4.9000000E+01   1.0264866E-02   1.0684124E-02
   1.5405810E+03   6.0000000E+01   5.8000000E+01   1.1430298E-02   1.1824658E-02
   1.5405885E+03   5.2000000E+01   4.8000000E+01   1.6167879E-02   1.7514411E-02
   1.5405961E+03   4.3000000E+01   4.2000000E+01   3.6833557E-03   3.7710773E-03
   1.5406036E+03   4.7000000E+01   4.6000000E+01   1.5135538E-02   1.5464582E-02
   1.5406111E+03   5.4000000E+01   5.3000000E+01   5.5335611E-03   5.6379428E-03
   1.5406187E+03   5.0000000E+01   4.8000000E+01   1.1201666E-02   1.1668262E-02
   1.5406262E+03   5.6000000E+01   5.2000000E+01   4.5905072E-03   4.9435145E-03
   1.5406337E+03   6.0000000E+01   5.7000000E+01   2.2157124E-02   2.3323147E-02
   1.5406412E+03   4.3000000E+01   3.9000000E+01   1.1003760E-02   1.2132431E-02
   1.5406488E+03   5.8000000E+01   5.3000000E+01   2.4415929E-02   2.6719373E-02
   1.5406563E+03   5.5000000E+01   5.4000000E+01   2.6335658E-02   2.6823517E-02
   1.5406638E+03   6.4000000E+01   5.9000000E+01   3.4778754E-03   3.7648660E-03
   1.5406713E+03   6.6000000E+01   6.5000000E+01   7.5358444E-04   7.6519845E-04
   1.5406789E+03   5.7000000E+01   5.5000000E+01   8.8593066E-03   9.1815624E-03
   1.5406864E+03   6.0000000E+01   5.3000000E+01   1.6334425E-02   1.8491751E-02
   1.5406939E+03   5.7000000E+01   5.3000000E+01   6.3050773E-03   6.7786818E-03
   1.5407015E+03   6.1000000E+01   6.0000000E+01   3.3717279E-03   3.4278798E-03
   1.5407090E+03   6.9000000E+01   6.7000000E+01   7.7865720E-04   8.0082166E-04
   1.5407165E+03   6.2000000E+01   5.5000000E+01   4.7685970E-03   5.3752098E-03
   1.5407240E+03   5.3000000E+01   5.1000000E+01   6.5250212E-03   6.7808882E-03
   1.5407316E+03   6.8000000E+01   6.5000000E+01   1.0212784E-02   1.0683914E-02
   1.5407391E+03   4.4000000E+01   4.0000000E+01   4.2985132E-04   4.7441743E-04
   1.5407466E+03   6.1000000E+01   5.9000000E+01   1.7295721E-03   1.7879201E-03
   1.5407542E+03   7.1000000E+01   6.7000000E+01   1.1449182E-02   1.2131220E-02
   1.5407617E+03   4.9000000E+01   4.9000000E+01   9.0875540E-03   9.0875540E-03
   1.5407692E+03   5.3000000E+01   5.2000000E+01   8.1989982E-03   8.3567135E-03
   1.5407767E+03   5.3000000E+01   4.8000000E+01   5.2901530E-03   5.8403194E-03
   1.5407843E+03   4.6000000E+01   4.2000000E+01   9.8491099E-03   1.0781210E-02
   1.5407918E+03   4.9000000E+01   4.7000000E+01   9.8422279E-06   2.6299661E-06
   1.5407993E+03   5.6000000E+01   5.4000000E+01   6.0124143E-03   6.2350416E-03
   1.5408069E+03   6.1000000E+01   5.7000000E+01   6.9423000E-03   7.4295536E-03
   1.5408144E+03   6.7000000E+01   6.0000000E+01   6.0941270E-03   6.8051575E-03
   1.5408219E+03   5.0000000E+01   4.7000000E+01   1.4473876E-02   1.5397007E-02
   1.5408294E+03   7.1000000E+01   6.7000000E+01   7.7867243E-03   8.2515216E-03
   1.5408370E+03   6.6000000E+01   6.1000000E+01   1.2152469E-02   1.3148501E-02
   1.5408445E+03   5.2000000E+01   5.0000000E+01   6.3855371E-03   6.6421130E-03
   1.5408520E+03   6.7000000E+01   6.5000000E+01   8.4994207E-03   8.7609119E-03
   1.5408596E+03   6.7000000E+01   6.1000000E+01   8.1679072E-03   8.9721342E-03
   1.5408671E+03   6.0000000E+01   5.4000000E+01   7.8242485E-03   8.6921157E-03
   1.5408746E+03   7.2000000E+01   6.6000000E+01   1.2477345E-05   1.1347635E-05
   1.5408821E+03   6.1000000E+01   5.8000000E+01   3.8407618E-03   4.0392418E-03
   1.5408897E+03   5.3000000E+01   5.1000000E+01   1.1283985E-02   1.1726570E-02
   1.5408972E+03   5.9000000E+01   4.9000000E+01   5.5886608E-03   6.7285579E-03
   1.5409047E+03   7.0000000E+01   6.4000000E+01   9.5476077E-06   1.0411670E-05
   1.5409123E+03   6.9000000E+01   6.6000000E+01   1.6768229E-02   1.1697787E-02
   1.5409198E+03   6.4000000E+01   6.0000000E+01   1.3632515E-02   1.4541469E-02
   1.5409273E+03   7.2000000E+01   6.9000000E+01   5.9043527E-03   6.1601497E-03
   1.5409348E+03   7.5000000E+01   6.9000000E+01   6.9424480E-03   7.5456326E-03
   1.5409424E+03   7.8000000E+01   7.7000000E+01   1.4743804E-02   1.4935280E-02
   1.5409499E+03   6.7000000E+01   6.4000000E+01   1.1731438E-02   1.2277493E-02
   1.5409574E+03   7.1000000E+01   6.8000000E+01   1.3583609E-02   1.4182978E-02
   1.5409650E+03   6.4000000E+01   6.0000000E+01   7.6856269E-03   8.1977484E-03
   1.5409725E+03   5.3000000E+01   4.9000000E+01   9.5305681E-03   1.0310657E-02
   1.5409800E+03   7.4000000E+01   6.9000000E+01   6.8528418E-03   7.3497691E-03
   1.5409875E+03   7.1000000E+01   6.4000000E+01   2.0820148E-03   2.2556415E-03
   1.5409951E+03   5.4000000E+01   4.9000000E+01   1.4079855E-02   1.5517215E-02
   1.5410026E+03   6.7000000E+01   6.3000000E+01   1.3825507E-03   1.4703684E-03
   1.5410101E+03   5.4000000E+01   5.1000000E+01   1.3864685E-02   1.4679753E-02
   1.5410177E+03   6.5000000E+01   6.0000000E+01   3.4376002E-03   3.7237735E-03
   1.5410252E+03   6.7000000E+01   6.3000000E+01   8.2677197E-03   8.7927386E-03
   1.5410327E+03   6.1000000E+01   5.7000000E+01   9.9190129E-03   1.0614999E-02
   1.5410402E+03   5.8000000E+01   5.7000000E+01   7.8065526E-03   7.9434558E-03
   1.5410478E+03   5.8000000E+01   5.6000000E+01   7.1783579E-03   7.4349958E-03
   1.5410553E+03   7.3000000E+01   6.8000000E+01   1.0919182E-02   1.1720669E-02
   1.5410628E+03   7.6000000E+01   7.0000000E+01   1.1918737E-02   1.2940536E-02
   1.5410704E+03   7.5000000E+01   6.9000000E+01   3.8999941E-03   4.2396028E-03
   1.5410779E+03   7.6000000E+01   7.3000000E+01   4.8760254E-03   5.0764580E-03
   1.5410854E+03   6.9000000E+01   6.5000000E+01   1.2017095E-03   1.2757955E-03
   1.5410929E+03   6.7000000E+01   6.2000000E+01   4.2152371E-03   4.5533288E-03
   1.5411005E+03   7.5000000E+01   7.2000000E+01   1.4377165E-02   1.4976563E-02
   1.5411080E+03   6.6000000E+01   6.3000000E+01   7.6302964E-03   7.9937231E-03
   1.5411155E+03   7.0000000E+01   6.5000000E+01   1.2112239E-02   1.3043837E-02
   1.5411230E+03   8.3000000E+01   7.8000000E+01   1.1300225E-02   1.2024743E-02
   1.5411306E+03   5.6000000E+01   5.4000000E+01   5.9593064E-03   6.1799643E-03
   1.5411381E+03   7.1000000E+01   7.1000000E+01   7.2636820E-03   7.2636820E-03
   1.5411456E+03   5.8000000E+01   5.2000000E+01   7.9340301E-03   8.8500192E-03
   1.5411532E+03   8.4000000E+01   7.9000000E+01   1.7968716E-03   1.9102366E-03
   1.5411607E+03   7.6000000E+01   7.0000000E+01   3.0304544E-03   3.2906064E-03
   1.5411682E+03   6.4000000E+01   6.0000000E+01   6.2320054E-03   6.6473251E-03
   1.5411757E+03   6.0000000E+01   5.9000000E+01   4.8047025E-03   4.8866818E-03
   1.5411833E+03   8.5000000E+01   7.7000000E+01   6.8035740E-03   7.5103818E-03
   1.5411908E+03   6.1000000E+01   5.7000000E+01   3.7257859E-03   3.9868909E-03
   1.5411983E+03   6.8000000E+01   6.2000000E+01   8.7363964E-03   9.5817904E-03
   1.5412059E+03   6.2000000E+01   5.7000000E+01   3.3132208E-03   3.6038443E-03
   1.5412134E+03   6.7000000E+01   6.4000000E+01   4.2408711E-03   4.4396326E-03
   1.5412209E+03   7.0000000E+01   6.8000000E+01   4.3859052E-03   4.5148729E-03
   1.5412284E+03   6.6000000E+01   6.1000000E+01   5.4728167E-03   5.9212408E-03
   1.5412360E+03   8.1000000E+01   7.7000000E+01   8.4068233E-03   8.8430665E-03
   1.5412435E+03   7.5000000E+01   7.0000000E+01   4.5597863E-03   4.8856036E-03
   1.5412510E+03   8.4000000E+01   7.8000000E+01   6.3622240E-03   6.8145100E-03
   1.5412586E+03   7.7000000E+01   7.4000000E+01   5.5728073E-03   5.7987619E-03
   1.5412661E+03   7.7000000E+01   6.9000000E+01   5.1254352E-03   5.7196470E-03
   1.5412736E+03   8.9000000E+01   8.7000000E+01   3.1075949E-03   3.1830962E-03
   1.5412811E+03   1.0100000E+02   9.5000000E+01   7.1331295E-03   7.5831272E-03
   1.5412887E+03   7.3000000E+01   6.6000000E+01   7.1806770E-03   6.0294108E-03
   1.5412962E+03   7.6000000E+01   7.3000000E+01   2.5595221E-03   2.6648047E-03
   1.5413037E+03   7.8000000E+01   7.0000000E+01   5.1350986E-03   5.7235608E-03
   1.5413113E+03   8.5000000E+01   8.0000000E+01   2.8249159E-03   3.0016297E-03
   1.5413188E+03   7.6000000E+01   7.3000000E+01   2.1057047E-03   2.1922270E-03
   1.5413263E+03   8.6000000E+01   8.0000000E+01   1.9751685E-05   2.0553534E-05
   1.5413338E+03   7.1000000E+01   6.6000000E+01   4.6424472E-03   4.9947023E-03
   1.5413414E+03   8.1000000E+01   7.5000000E+01   3.3772594E-03   3.6466672E-03
   1.5413489E+03   9.3000000E+01   8.7000000E+01   7.9716157E-03   4.2418936E-03
   1.5413564E+03   8.4000000E+01   7.9000000E+01   6.1930293E-03   6.5849722E-03
   1.5413640E+03   9.7000000E+01   9.1000000E+01   6.7359513E-03   7.1804201E-03
   1.5413715E+03   8.0000000E+01   7.6000000E+01   1.1603986E-02   1.2214928E-02
   1.5413790E+03   7.9000000E+01   7.4000000E+01   3.5418844E-03   7.3969029E-03
   1.5413865E+03   9.3000000E+01   8.7000000E+01   3.8994670E-03   4.1679699E-03
   1.5413941E+03   8.4000000E+01   8.2000000E+01   1.4207930E-02   1.4554427E-02
   1.5414016E+03   8.0000000E+01   7.3000000E+01   5.8808723E-03   6.4450034E-03
   1.5414091E+03   8.2000000E+01   8.0000000E+01   1.0157768E-02   1.0412201E-02
   1.5414167E+03   1.0900000E+02   1.0100000E+02   4.9902760E-03   5.3855139E-03
   1.5414242E+03   5.8000000E+01   5.6000000E+01   6.8811673E-03   7.1269562E-03
   1.5414317E+03   9.3000000E+01   8.8000000E+01   4.7181596E-03   4.9862585E-03
   1.5414392E+03   9.2000000E+01   8.3000000E+01   6.9403393E-03   1.1073637E-02
   1.5414468E+03   7.8000000E+01   7.3000000E+01   3.9833138E-03   4.2561455E-03
   1.5414543E+03   8.8000000E+01   8.2000000E+01   1.0317217E-02   1.1072398E-02
   1.5414618E+03   9.6000000E+01   9.1000000E+01   2.8650914E-03   3.0227419E-03
   1.5414694E+03   8.0000000E+01   7.7000000E+01   9.5277732E-03   9.8987997E-03
   1.5414769E+03   9.1000000E+01   8.3000000E+01   7.1329503E-03   5.3468399E-03
   1.5414844E+03   7.4000000E+01   6.9000000E+01   5.8323972E-03   6.2552074E-03
   1.5414919E+03   8.8000000E+01   8.4000000E+01   5.1995132E-03   5.4498488E-03
   1.5414995E+03   8.2000000E+01   7.7000000E+01   8.5952041E-03   9.1533041E-03
   1.5415070E+03   7.2000000E+01   6.5000000E+01   3.1322750E-04   3.4672850E-04
   1.5415145E+03   9.9000000E+01   9.6000000E+01   4.5253156E-03   4.6667458E-03
   1.5415221E+03   8.1000000E+01   7.9000000E+01   3.8533452E-03   3.9508229E-03
   1.5415296E+03   1.0000000E+02   9.5000000E+01   7.5797826E-03   5.8594270E-03
   1.5415371E+03   8.5000000E+01   8.0000000E+01   2.1948438E-03   2.3315418E-03
   1.5415446E+03   8.9000000E+01   8.2000000E+01   3.1952588E-03   3.4681135E-03
   1.5415522E+03   8.1000000E+01   7.5000000E+01   3.8762407E-03   4.1878598E-03
   1.5415597E+03   9.6000000E+01   9.0000000E+01   8.4633878E-03   9.0268787E-03
   1.5415672E+03   8.6000000E+01   8.4000000E+01   6.6472256E-03   6.8053385E-03
   1.5415747E+03   9.0000000E+01   8.7000000E+01   2.2646877E-03   2.3431237E-03
   1.5415823E+03   8.9000000E+01   8.5000000E+01   4.0818789E-03   4.2735254E-03
   1.5415898E+03   9.9000000E+01   8.9000000E+01   3.0478118E-03   3.3901985E-03
   1.5415973E+03   8.8000000E+01   8.1000000E+01   7.0552332E-03   7.6699135E-03
   1.5416049E+03   8.7000000E+01   8.1000000E+01   1.5275364E-03   1.6405738E-03
   1.5416124E+03   1.0600000E+02   1.0300000E+02   3.3529183E-03   3.4510331E-03
   1.5416199E+03   1.0500000E+02   9.9000000E+01   3.9864558E-03   4.2275670E-03
   1.5416274E+03   9.9000000E+01   9.3000000E+01   9.6853360E-03   1.0310425E-02
   1.5416350E+03   9.7000000E+01   9.2000000E+01   5.0106099E-03   5.2829424E-03
   1.5416425E+03   8.8000000E+01   8.0000000E+01   1.1855767E-03   1.3040338E-03
   1.5416500E+03   9.5000000E+01   8.8000000E+01   5.5943152E-03   6.0396991E-03
   1.5416576E+03   7.8000000E+01   7.4000000E+01   4.0070132E-03   4.2233824E-03
   1.5416651E+03   1.0000000E+02   9.5000000E+01   6.9428439E-03   7.3088836E-03
   1.5416726E+03   1.1300000E+02   1.0400000E+02   4.1240837E-03   4.4902411E-03
   1.5416801E+03   1.0600000E+02   9.5000000E+01   3.9145180E-03   4.3694509E-03
   1.5416877E+03   9.6000000E+01   8.2000000E+01   4.3932290E-03   3.9755351E-03
   1.5416952E+03   1.0500000E+02   1.0300000E+02   7.9924377E-03   8.1482482E-03
   1.5417027E+03   1.1000000E+02   1.0200000E+02   6.4539706E-03   2.2129115E-03
   1.5417103E+03   9.9000000E+01   9.4000000E+01   5.6065248E-03   5.9048166E-03
   1.5417178E+03   9.7000000E+01   9.1000000E+01   1.8768381E-03   2.0004261E-03
   1.5417253E+03   9.2000000E+01   8.5000000E+01   3.4242583E-03   1.1074635E-03
   1.5417328E+03   1.0400000E+02   9.9000000E+01   4.5692950E-03   4.7982365E-03
   1.5417404E+03   1.2600000E+02   1.1600000E+02   3.7480477E-03   4.0712840E-03
   1.5417479E+03   1.0300000E+02   9.5000000E+01   9.5702332E-03   1.0376480E-02
   1.5417554E+03   1.0000000E+02   9.5000000E+01   2.4249049E-03   2.5522726E-03
   1.5417630E+03   9.5000000E+01   8.9000000E+01   1.2277625E-02   1.3105474E-02
   1.5417705E+03   1.0600000E+02   9.9000000E+01   3.3822743E-03   3.6270652E-03
   1.5417780E+03   1.0000000E+02   9.0000000E+01   6.3491961E-03   4.1533659E-03
   1.5417855E+03   1.0100000E+02   9.7000000E+01   1.1009535E-02   1.1463715E-02
   1.5417931E+03   1.0900000E+02   9.8000000E+01   1.5953623E-03   1.7744005E-03
   1.5418006E+03   1.0900000E+02   1.0500000E+02   3.9412316E-03   4.0910722E-03
   1.5418081E+03   8.6000000E+01   8.5000000E+01   3.4441249E-03   3.4845590E-03
   1.5418157E+03   1.1800000E+02   1.1400000E+02   2.7578599E-03   2.8545778E-03
   1.5418232E+03   1.0300000E+02   9.6000000E+01   3.8720283E-03   4.1505811E-03
   1.5418307E+03   1.0900000E+02   1.0300000E+02   7.8173141E-03   8.2988123E-03
   1.5418382E+03   1.1900000E+02   1.1400000E+02   2.5451189E-03   2.6568374E-03
   1.5418458E+03   1.2100000E+02   1.1100000E+02   7.2767105E-03   7.4387076E-03
   1.5418533E+03   1.1600000E+02   1.1100000E+02   8.5385187E-03   8.9231638E-03
   1.5418608E+03   9.1000000E+01   7.9000000E+01   8.1557275E-04   9.3990992E-04
   1.5418684E+03   1.0600000E+02   9.9000000E+01   7.5988012E-03   8.1402397E-03
   1.5418759E+03   9.8000000E+01   9.2000000E+01   3.1929724E-03   3.4013860E-03
   1.5418834E+03   9.7000000E+01   9.1000000E+01   3.2123777E-03   3.4245605E-03
   1.5418909E+03   9.9000000E+01   9.3000000E+01   3.1748667E-03   3.3797478E-03
   1.5418985E+03   1.1000000E+02   1.0700000E+02   2.5218873E-03   2.5927132E-03
   1.5419060E+03   9.2000000E+01   8.7000000E+01   3.6069710E-03   3.8084551E-03
   1.5419135E+03   1.1100000E+02   1.0600000E+02   4.9644070E-03   5.1991427E-03
   1.5419211E+03   1.2600000E+02   1.1600000E+02   1.7808241E-03   1.9353809E-03
   1.5419286E+03   1.2600000E+02   1.2100000E+02   2.1453328E-03   2.2337185E-03
   1.5419361E+03   1.1200000E+02   1.0700000E+02   3.5155120E-03   3.6819692E-03
   1.5419436E+03   9.8000000E+01   9.2000000E+01   4.5203022E-03   4.8147374E-03
   1.5419512E+03   9.7000000E+01   8.5000000E+01   4.4574928E-03   1.8559583E-03
   1.5419587E+03   1.3000000E+02   1.1700000E+02   8.4821690E-03   9.4244189E-03
   1.5419662E+03   1.2200000E+02   1.1200000E+02   1.8495740E-03   2.0140791E-03
   1.5419738E+03   1.2100000E+02   1.1500000E+02   8.7021559E-04   9.1566628E-04
   1.5419813E+03   1.0500000E+02   9.3000000E+01   2.7979058E-03   3.1583590E-03
   1.5419888E+03   1.0700000E+02   1.0200000E+02   7.0013296E-06   7.3902621E-06
   1.5419963E+03   1.0700000E+02   1.0400000E+02   3.4627311E-03   3.5588998E-03
   1.5420039E+03   1.0000000E+02   9.5000000E+01   2.2569737E-03   2.3762337E-03
   1.5420114E+03   1.1800000E+02   1.1200000E+02   4.6690727E-03   3.9678640E-03
   1.5420189E+03   1.1000000E+02   1.0400000E+02   2.9309648E-03   3.1002231E-03
   1.5420264E+03   1.2200000E+02   1.1300000E+02   5.7116543E-03   6.1668404E-03
   1.5420340E+03   1.2000000E+02   1.0900000E+02   4.2638734E-03   4.6940142E-03
   1.5420415E+03   1.2500000E+02   1.1500000E+02   4.2473795E-03   4.6172129E-03
   1.5420490E+03   1.1000000E+02   1.0100000E+02   2.1631450E-03   2.3560113E-03
   1.5420566E+03   1.3700000E+02   1.2700000E+02   1.9918036E-03   2.1491571E-03
   1.5420641E+03   1.3700000E+02   1.3100000E+02   9.2622161E-03   9.6863430E-03
   1.5420716E+03   1.1100000E+02   9.8000000E+01   4.7449171E-06   5.7068020E-06
   1.5420791E+03   1.2500000E+02   1.1600000E+02   4.2066521E-03   4.5330699E-03
   1.5420867E+03   1.3700000E+02   1.3100000E+02   2.8344492E-03   2.9640727E-03
   1.5420942E+03   1.1400000E+02   1.1000000E+02   3.6610348E-03   3.7941463E-03
   1.5421017E+03   1.3800000E+02   1.3300000E+02   6.2291888E-03   6.4623296E-03
   1.5421093E+03   1.0600000E+02   9.8000000E+01   2.1077700E-03   2.2801689E-03
   1.5421168E+03   1.2100000E+02   1.1700000E+02   5.7973336E-03   5.9959497E-03
   1.5421243E+03   1.3400000E+02   1.2900000E+02   2.1581965E-03   5.9959525E-06
   1.5421318E+03   1.2100000E+02   1.1300000E+02   3.3889492E-03   3.6289330E-03
   1.5421394E+03   1.1000000E+02   1.0400000E+02   4.4339628E-03   4.6885658E-03
   1.5421469E+03   9.3000000E+01   8.8000000E+01   9.0455748E-03   9.5593184E-03
   1.5421544E+03   1.3400000E+02   1.2200000E+02   3.6891790E-03   2.1688602E-05
   1.5421620E+03   1.2500000E+02   1.1500000E+02   1.0699780E-02   3.7033729E-03
   1.5421695E+03   1.4500000E+02   1.3900000E+02   2.8440399E-03   2.9668447E-03
   1.5421770E+03   1.2100000E+02   1.1000000E+02   3.0005320E-03   1.5827640E-03
   1.5421845E+03   1.5100000E+02   1.4500000E+02   2.4839413E-03   4.4033631E-03
   1.5421921E+03   1.3100000E+02   1.2300000E+02   3.3184848E-03   3.5344393E-03
   1.5421996E+03   1.1100000E+02   1.0100000E+02   4.1343801E-04   4.5510720E-04
   1.5422071E+03   1.3300000E+02   1.2300000E+02   3.6851085E-03   3.9848024E-03
   1.5422147E+03   1.2500000E+02   1.2100000E+02   1.0816557E-02   1.0770735E-02
   1.5422222E+03   1.3700000E+02   1.2500000E+02   3.4881447E-03   3.8229372E-03
   1.5422297E+03   1.2100000E+02   1.1700000E+02   6.0769236E-03   6.2845090E-03
   1.5422372E+03   1.4300000E+02   1.3200000E+02   1.1080994E-02   1.2004074E-02
   1.5422448E+03   1.2900000E+02   1.2300000E+02   1.8526181E-03   1.9422587E-03
   1.5422523E+03   1.3400000E+02   1.2500000E+02   7.3876817E-03   6.1042610E-03
   1.5422598E+03   1.5500000E+02   1.4400000E+02   2.4933878E-03   6.9951885E-04
   1.5422674E+03   1.3700000E+02   1.2800000E+02   1.0580787E-03   1.1673222E-03
   1.5422749E+03   1.3800000E+02   1.2700000E+02   3.3736993E-03   3.6627439E-03
   1.5422824E+03   1.3400000E+02   1.2700000E+02   4.9952474E-03   5.2705342E-03
   1.5422899E+03   1.3800000E+02   1.2600000E+02   2.0158016E-06   2.2873241E-06
   1.5422975E+03   1.5500000E+02   1.4200000E+02   7.1927752E-04   8.3914269E-04
   1.5423050E+03   1.5400000E+02   1.4300000E+02   7.7091545E-03   9.0279963E-03
   1.5423125E+03   1.2600000E+02   1.1900000E+02   2.8261641E-03   2.9924217E-03
   1.5423201E+03   1.0800000E+02   1.0200000E+02   4.1237531E-03   4.3867295E-03
   1.5423276E+03   1.3800000E+02   1.2900000E+02   3.2191416E-03   3.4421712E-03
   1.5423351E+03   1.3300000E+02   1.2800000E+02   1.5360124E-03   1.5946482E-03
   1.5423426E+03   1.6900000E+02   1.6300000E+02   3.6073166E-03   1.5645786E-03
   1.5423502E+03   1.1300000E+02   1.0200000E+02   7.6031408E-03   4.8934082E-03
   1.5423577E+03   1.4500000E+02   1.2900000E+02   5.0861657E-03   7.4606380E-03
   1.5423652E+03   1.6900000E+02   1.5600000E+02   1.4491846E-03   1.9961765E-03
   1.5423728E+03   1.2900000E+02   1.2000000E+02   7.5425141E-03   8.1082310E-03
   1.5423803E+03   1.3400000E+02   1.2600000E+02   5.7441706E-03   6.1086035E-03
   1.5423878E+03   1.4500000E+02   1.3600000E+02   4.1849090E-03   4.4613521E-03
   1.5423953E+03   1.2200000E+02   1.1300000E+02   3.0667663E-03   3.3124687E-03
   1.5424029E+03   1.2400000E+02   1.1700000E+02   4.1712503E-03   4.4209815E-03
   1.5424104E+03   1.3900000E+02   1.3400000E+02   7.7408047E-04   8.0282346E-04
   1.5424179E+03   1.5200000E+02   1.4100000E+02   4.3115268E-03   4.6488761E-03
   1.5424255E+03   1.3200000E+02   1.1700000E+02   1.0811648E-03   1.2205001E-03
   1.5424330E+03   1.4600000E+02   1.3600000E+02   2.5299451E-03   2.7160888E-03
   1.5424405E+03   1.1100000E+02   1.0600000E+02   5.3746158E-03   5.5951751E-03
   1.5424480E+03   1.4600000E+02   1.3300000E+02   1.9983551E-03   2.1936989E-03
   1.5424556E+03   1.4300000E+02   1.2900000E+02   2.2457699E-03   2.5435248E-03
   1.5424631E+03   1.5500000E+02   1.4100000E+02   8.2464041E-04   9.0654649E-04
   1.5424706E+03   1.2300000E+02   1.1300000E+02   1.1087125E-02   9.6758877E-03
   1.5424781E+03   1.2800000E+02   1.1900000E+02   3.5996461E-03   3.8846722E-03
   1.5424857E+03   1.4900000E+02   1.3800000E+02   1.6242937E-03   1.9925372E-03
   1.5424932E+03   1.3600000E+02   1.2400000E+02   1.1462433E-03   1.2565598E-03
   1.5425007E+03   1.7000000E+02   1.6200000E+02   4.0519404E-03   4.2526611E-03
   1.5425083E+03   1.4300000E+02   1.3300000E+02   1.6117371E-03   3.2989047E-03
   1.5425158E+03   1.5800000E+02   1.5100000E+02   6.7255395E-03   7.0373585E-03
   1.5425233E+03   1.3800000E+02   1.3000000E+02   5.0261688E-03   5.3355427E-03
   1.5425308E+03   1.6300000E+02   1.5300000E+02   4.4997460E-03   4.7937956E-03
   1.5425384E+03   1.6900000E+02   1.5700000E+02   3.3384863E-03   4.9802092E-03
   1.5425459E+03   1.7700000E+02   1.6600000E+02   3.8579338E-03   3.2748984E-03
   1.5425534E+03   1.3600000E+02   1.2600000E+02   3.1951013E-03   3.4490212E-03
   1.5425610E+03   1.4400000E+02   1.3400000E+02   4.1958419E-03   4.5081943E-03
   1.5425685E+03   1.5500000E+02   1.4300000E+02   6.3320712E-03   6.8633117E-03
   1.5425760E+03   1.4600000E+02   1.3300000E+02   3.0674098E-03   2.9905390E-03
   1.5425835E+03   1.5900000E+02   1.5100000E+02   1.5461307E-03   1.6281325E-03
   1.5425911E+03   1.5800000E+02   1.4300000E+02   1.6772508E-03   1.8530936E-03
   1.5425986E+03   1.6700000E+02   1.5500000E+02   1.1463839E-03   1.5210950E-03
   1.5426061E+03   1.3800000E+02   1.2700000E+02   5.4275469E-04   5.8972033E-04
   1.5426137E+03   1.4700000E+02   1.3800000E+02   3.7691462E-03   4.0156505E-03
   1.5426212E+03   1.7700000E+02   1.6400000E+02   4.5810379E-03   4.9631697E-03
   1.5426287E+03   1.6400000E+02   1.4700000E+02   1.1659608E-03   1.2996333E-03
   1.5426362E+03   1.4300000E+02   1.3300000E+02   2.7365704E-03   4.9307028E-04
   1.5426438E+03   1.6600000E+02   1.5900000E+02   3.9442748E-03   4.1175617E-03
   1.5426513E+03   1.4900000E+02   1.3900000E+02   1.9843820E-03   2.1268419E-03
   1.5426588E+03   1.5100000E+02   1.4500000E+02   8.3146105E-03   8.6589567E-03
   1.5426664E+03   1.7500000E+02   1.5800000E+02   3.0827183E-03   3.4152371E-03
   1.5426739E+03   1.7300000E+02   1.6300000E+02   9.1540054E-04   9.7092450E-04
   1.5426814E+03   1.6300000E+02   1.4500000E+02   3.9872831E-03   3.2396763E-03
   1.5426889E+03   1.6700000E+02   1.5100000E+02   3.9416581E-03   4.2441184E-03
   1.5426965E+03   1.6500000E+02   1.5100000E+02   6.8967007E-03   7.5363570E-03
   1.5427040E+03   1.6700000E+02   1.5100000E+02   6.6205495E-03   5.6262354E-03
   1.5427115E+03   1.8900000E+02   1.6800000E+02   8.3712140E-03   8.1522448E-03
   1.5427191E+03   1.6900000E+02   1.5600000E+02   3.6784337E-03   3.9851804E-03
   1.5427266E+03   1.7800000E+02   1.6600000E+02   2.9612826E-03   5.2319326E-03
   1.5427341E+03   1.8000000E+02   1.7000000E+02   1.8959807E-03   1.9939307E-03
   1.5427416E+03   1.7200000E+02   1.6800000E+02   3.2459305E-03   3.3228194E-03
   1.5427492E+03   1.6700000E+02   1.5400000E+02   2.3727875E-03   2.5727522E-03
   1.5427567E+03   1.6800000E+02   1.5700000E+02   3.3966592E-03   3.6349214E-03
   1.5427642E+03   1.4500000E+02   1.3500000E+02   3.9108388E-03   4.2007092E-03
   1.5427718E+03   1.6100000E+02   1.5400000E+02   2.1298360E-03   2.2269658E-03
   1.5427793E+03   1.8100000E+02   1.6600000E+02   1.6392137E-03   1.2450306E-03
   1.5427868E+03   1.5600000E+02   1.4100000E+02   5.5585750E-03   5.4022387E-03
   1.5427943E+03   1.8600000E+02   1.7500000E+02   8.8986248E-03   7.4296588E-03
   1.5428019E+03   1.6400000E+02   1.4800000E+02   5.9522932E-03   6.5960423E-03
   1.5428094E+03   1.7200000E+02   1.6200000E+02   1.4703628E-03   1.5614363E-03
   1.5428169E+03   1.6000000E+02   1.5300000E+02   3.6478525E-03   3.8147345E-03
   1.5428245E+03   1.8400000E+02   1.7500000E+02   1.7366750E-03   1.8260923E-03
   1.5428320E+03   1.7700000E+02   1.7100000E+02   3.1989523E-03   3.3113991E-03
   1.5428395E+03   1.7500000E+02   1.6000000E+02   3.9362625E-03   3.7666313E-03
   1.5428470E+03   1.8500000E+02   1.7200000E+02   2.4152482E-03   1.8851810E-03
   1.5428546E+03   1.7700000E+02   1.6100000E+02   2.3567945E-03   5.8106563E-04
   1.5428621E+03   2.0000000E+02   1.9200000E+02   2.2019180E-03   2.2939461E-03
   1.5428696E+03   1.8000000E+02   1.6700000E+02   5.5459814E-03   3.8546899E-03
   1.5428772E+03   1.9800000E+02   1.8100000E+02   1.5808626E-03   1.7291267E-03
   1.5428847E+03   2.0700000E+02   1.8900000E+02   4.3947842E-03   4.7704583E-03
   1.5428922E+03   1.7400000E+02   1.5700000E+02   3.6954112E-03   4.7222438E-03
   1.5428997E+03   1.8100000E+02   1.6500000E+02   3.9355158E-03   2.5285471E-03
   1.5429073E+03   1.7100000E+02   1.5800000E+02   2.4328216E-03   1.7411983E-03
   1.5429148E+03   1.7900000E+02   1.6800000E+02   1.0669793E-03   1.1365796E-03
   1.5429223E+03   1.7000000E+02   1.5400000E+02   1.2065713E-03   1.9313144E-03
   1.5429298E+03   1.7700000E+02   1.6800000E+02   1.9623358E-03   3.1278387E-03
   1.5429374E+03   1.8800000E+02   1.7300000E+02   2.0313045E-03   3.2819739E-03
   1.5429449E+03   1.8400000E+02   1.7000000E+02   1.1667497E-02   1.2628140E-02
   1.5429524E+03   1.8600000E+02   1.7100000E+02   2.6651707E-03   2.8985984E-03
   1.5429600E+03   1.9000000E+02   1.7600000E+02   1.1555258E-03   1.2483777E-03
   1.5429675E+03   1.8700000E+02   1.6500000E+02   2.5740486E-03   2.9176034E-03
   1.5429750E+03   1.8900000E+02   1.7500000E+02   2.5862220E-03   2.7930269E-03
   1.5429825E+03   1.8500000E+02   1.7000000E+02   3.3003541E-03   1.9672992E-03
   1.5429901E+03   2.0600000E+02   1.8500000E+02   4.8218407E-03   3.3631925E-03
   1.5429976E+03   1.9700000E+02   1.8000000E+02   7.2864211E-03   7.9778634E-03
   1.5430051E+03   1.8400000E+02   1.7600000E+02   7.1419783E-03   6.3378068E-03
   1.5430127E+03   2.0600000E+02   1.9400000E+02   4.7327976E-03   3.3639801E-03
   1.5430202E+03   1.7600000E+02   1.6300000E+02   3.2172384E-03   3.4762873E-03
   1.5430277E+03   1.8100000E+02   1.6400000E+02   3.1024764E-03   3.4245660E-03
   1.5430352E+03   1.8700000E+02   1.7800000E+02   4.3598915E-03   4.5798253E-03
   1.5430428E+03   1.7100000E+02   1.5300000E+02   7.5737430E-03   5.8455961E-03
   1.5430503E+03   2.1400000E+02   2.0200000E+02   5.0848416E-03   5.3866590E-03
   1.5430578E+03   2.1700000E+02   1.9900000E+02   2.3540818E-03   2.3632172E-03
   1.5430654E+03   1.9000000E+02   1.7800000E+02   2.7171644E-03   2.9002412E-03
   1.5430729E+03   2.3800000E+02   2.1600000E+02   7.1166831E-04   2.3685644E-03
   1.5430804E+03   1.9200000E+02   1.7700000E+02   4.6663800E-03   6.5492442E-03
   1.5430879E+03   2.0200000E+02   1.8800000E+02   2.6756111E-03   2.8750092E-03
   1.5430955E+03   2.1600000E+02   2.0100000E+02   6.1058643E-03   6.8984784E-03
   1.5431030E+03   1.8600000E+02   1.7500000E+02   4.6657682E-03   4.9588017E-03
   1.5431105E+03   1.8000000E+02   1.6700000E+02   5.1745694E-03   3.5454250E-03
   1.5431181E+03   1.9800000E+02   1.8200000E+02   4.9283995E-03   5.3599516E-03
   1.5431256E+03   2.0100000E+02   1.8300000E+02   1.2827954E-03   1.3746825E-03
   1.5431331E+03   2.0400000E+02   1.9000000E+02   4.7339504E-03   5.0829234E-03
   1.5431406E+03   2.1500000E+02   1.9800000E+02   4.1544478E-03   4.5068952E-03
   1.5431482E+03   1.8600000E+02   1.7200000E+02   5.1813860E-03   5.9491872E-03
   1.5431557E+03   2.1600000E+02   2.0200000E+02   7.2748360E-03   7.7792960E-03
   1.5431632E+03   2.0200000E+02   1.9100000E+02   1.8677964E-03   1.9751194E-03
   1.5431708E+03   2.0200000E+02   1.8000000E+02   1.7015537E-03   2.0570816E-03
   1.5431783E+03   2.0500000E+02   1.9700000E+02   2.8028469E-03   3.4013581E-03
   1.5431858E+03   1.9300000E+02   1.8100000E+02   1.2310372E-03   1.3125983E-03
   1.5431933E+03   1.9700000E+02   1.8400000E+02   3.7514696E-03   4.0163612E-03
   1.5432009E+03   2.1200000E+02   1.9200000E+02   5.1619616E-03   5.9624050E-03
   1.5432084E+03   2.0500000E+02   1.8300000E+02   4.4090471E-03   4.1022101E-03
   1.5432159E+03   2.3200000E+02   2.1600000E+02   6.0803538E-03   6.5307045E-03
   1.5432235E+03   1.9300000E+02   1.8100000E+02   2.9832931E-03   3.1828679E-03
   1.5432310E+03   2.3600000E+02   2.1800000E+02   8.2986857E-03   7.3884433E-03
   1.5432385E+03   1.9300000E+02   1.7600000E+02   4.6342599E-03   5.0819182E-03
   1.5432460E+03   2.2400000E+02   2.1100000E+02   4.0321165E-03   4.2804176E-03
   1.5432536E+03   2.4400000E+02   2.1900000E+02   6.2253809E-04   4.7773310E-04
   1.5432611E+03   1.9300000E+02   1.7600000E+02   3.3383712E-03   3.6601693E-03
   1.5432686E+03   2.2900000E+02   2.1300000E+02   5.1942044E-03   4.9596627E-03
   1.5432762E+03   1.9800000E+02   1.8600000E+02   8.1227225E-04   8.6472967E-04
   1.5432837E+03   2.0500000E+02   1.9300000E+02   2.3049433E-03   1.8703627E-03
   1.5432912E+03   2.1500000E+02   1.9700000E+02   1.9363958E-03   1.0366540E-05
   1.5432987E+03   2.2400000E+02   2.0900000E+02   2.3803554E-03   2.7306153E-03
   1.5433063E+03   2.3100000E+02   2.1200000E+02   1.2117615E-03   1.5312076E-03
   1.5433138E+03   2.2200000E+02   2.0100000E+02   1.1761920E-03   1.2999927E-03
   1.5433213E+03   2.3200000E+02   2.1400000E+02   2.9429536E-03   2.9451023E-03
   1.5433289E+03   2.1800000E+02   2.0900000E+02   1.3634888E-03   1.4223737E-03
   1.5433364E+03   2.2000000E+02   2.0300000E+02   4.1152663E-03   4.4596013E-03
   1.5433439E+03   2.4900000E+02   2.2900000E+02   1.7995516E-03   1.9566470E-03
   1.5433514E+03   2.3400000E+02   2.1800000E+02   5.8078895E-03   4.1507929E-03
   1.5433590E+03   2.5200000E+02   2.3000000E+02   4.7390712E-03   5.1926987E-03
   1.5433665E+03   2.2700000E+02   2.1100000E+02   2.1408983E-03   2.3030166E-03
   1.5433740E+03   2.1200000E+02   1.9600000E+02   3.1618698E-03   3.5769597E-03
   1.5433815E+03   2.2900000E+02   2.0600000E+02   5.1508344E-03   5.7261155E-03
   1.5433891E+03   2.4800000E+02   2.2500000E+02   4.0021620E-03   2.5754240E-03
   1.5433966E+03   2.3000000E+02   2.1400000E+02   1.6857974E-03   1.8119516E-03
   1.5434041E+03   2.4100000E+02   2.2200000E+02   3.9839355E-03   4.3240816E-03
   1.5434117E+03   2.4100000E+02   2.2000000E+02   4.9449115E-04   1.7021902E-03
   1.5434192E+03   2.0500000E+02   1.9400000E+02   2.7079056E-03   2.6473396E-03
   1.5434267E+03   2.4500000E+02   2.2000000E+02   1.4284289E-03   1.5550607E-03
   1.5434342E+03   2.3900000E+02   2.2000000E+02   4.2658469E-03   3.6763033E-03
   1.5434418E+03   2.3700000E+02   2.1600000E+02   2.4977825E-03   1.2654255E-03
   1.5434493E+03   2.1200000E+02   2.0200000E+02   3.3860266E-03   2.9140889E-03
   1.5434568E+03   2.3500000E+02   2.2300000E+02   2.0766132E-03   1.9797889E-03
   1.5434644E+03   2.0700000E+02   1.8900000E+02   4.9123121E-03   4.4353982E-03
   1.5434719E+03   2.4500000E+02   2.2300000E+02   2.7404238E-03   3.0136974E-03
   1.5434794E+03   2.4600000E+02   2.2700000E+02   1.1784915E-03   8.8199250E-04
   1.5434869E+03   2.7300000E+02   2.4100000E+02   2.3021303E-03   1.9724905E-03
   1.5434945E+03   2.6300000E+02   2.4500000E+02   2.6609577E-03   2.8409049E-03
   1.5435020E+03   2.3100000E+02   2.0800000E+02   2.4125830E-03   2.6758602E-03
   1.5435095E+03   2.2600000E+02   2.1400000E+02   5.3705344E-03   5.6710036E-03
   1.5435171E+03   2.6100000E+02   2.4500000E+02   2.0396457E-03   2.1730006E-03
   1.5435246E+03   2.7800000E+02   2.6000000E+02   1.2265875E-03   3.5075222E-03
   1.5435321E+03   2.6100000E+02   2.4400000E+02   3.2212122E-03   3.4453519E-03
   1.5435396E+03   2.4600000E+02   2.2700000E+02   2.2133253E-03   1.7882298E-03
   1.5435472E+03   2.2400000E+02   2.1000000E+02   1.9948538E-03   2.1245027E-03
   1.5435547E+03   2.2900000E+02   2.0900000E+02   2.0691715E-03   2.2671072E-03
   1.5435622E+03   2.5900000E+02   2.3300000E+02   8.7436932E-04   4.9525723E-04
   1.5435698E+03   2.5300000E+02   2.3400000E+02   3.0849689E-03   5.9536011E-03
   1.5435773E+03   2.8900000E+02   2.6700000E+02   2.2721581E-03   2.4606357E-03
   1.5435848E+03   2.5300000E+02   2.2400000E+02   1.4879762E-03   1.1696407E-03
   1.5435923E+03   2.5100000E+02   2.2600000E+02   1.6065905E-03   1.7846691E-03
   1.5435999E+03   2.5400000E+02   2.4000000E+02   2.8477908E-03   3.0145993E-03
   1.5436074E+03   2.3200000E+02   2.0500000E+02   4.3221888E-03   4.8921756E-03
   1.5436149E+03   2.5300000E+02   2.3400000E+02   2.7070601E-03   1.9733191E-03
   1.5436225E+03   2.8800000E+02   2.6300000E+02   2.2956144E-03   3.4562763E-03
   1.5436300E+03   2.7800000E+02   2.5000000E+02   1.6570572E-03   1.5842072E-03
   1.5436375E+03   2.5400000E+02   2.3400000E+02   1.6859210E-03   1.8300116E-03
   1.5436450E+03   2.5900000E+02   2.4000000E+02   5.3884809E-03   4.0998108E-03
   1.5436526E+03   2.8600000E+02   2.5700000E+02   3.0799817E-03   1.7726836E-03
   1.5436601E+03   2.7500000E+02   2.5800000E+02   2.1606115E-03   2.3105282E-03
   1.5436676E+03   2.8900000E+02   2.6200000E+02   9.5820304E-05   2.3204974E-03
   1.5436752E+03   2.5900000E+02   2.3600000E+02   4.5222463E-03   4.8131774E-03
   1.5436827E+03   2.8100000E+02   2.4800000E+02   1.6450254E-03   1.4925388E-03
   1.5436902E+03   2.8200000E+02   2.6000000E+02   1.3425855E-03   1.4668992E-03
   1.5436977E+03   2.8300000E+02   2.6100000E+02   3.4114131E-03   4.1119415E-03
   1.5437053E+03   2.4600000E+02   2.2500000E+02   6.9915464E-04   4.5685274E-04
   1.5437128E+03   3.0200000E+02   2.7100000E+02   3.6898991E-03   4.1116256E-03
   1.5437203E+03   2.7800000E+02   2.4900000E+02   1.8282473E-03   2.0410854E-03
   1.5437279E+03   2.7800000E+02   2.5100000E+02   4.5835344E-03   4.3642714E-03
   1.5437354E+03   2.8300000E+02   2.6400000E+02   2.5146804E-03   2.6955534E-03
   1.5437429E+03   2.6100000E+02   2.3700000E+02   1.9471251E-03   2.1332549E-03
   1.5437504E+03   2.9800000E+02   2.7000000E+02   2.5640467E-03   2.8300476E-03
   1.5437580E+03   2.8100000E+02   2.5700000E+02   1.7811601E-03   2.3563051E-03
   1.5437655E+03   2.8700000E+02   2.6000000E+02   1.1226447E-03   1.6781778E-03
   1.5437730E+03   2.6900000E+02   2.4800000E+02   1.7674443E-03   1.9175559E-03
   1.5437806E+03   2.8200000E+02   2.5000000E+02   1.2726108E-03   1.4362928E-03
   1.5437881E+03   2.6400000E+02   2.3700000E+02   3.1106739E-03   3.4647746E-03
   1.5437956E+03   2.8100000E+02   2.4200000E+02   1.6948137E-03   1.9606115E-03
   1.5438031E+03   2.7000000E+02   2.4700000E+02   2.2060046E-03   2.2487789E-03
   1.5438107E+03   2.8500000E+02   2.6200000E+02   1.2842797E-03   1.3734307E-03
   1.5438182E+03   3.0800000E+02   2.8000000E+02   2.3267113E-03   2.8772808E-03
   1.5438257E+03   2.9000000E+02   2.6800000E+02   4.0986711E-03   4.4060813E-03
   1.5438332E+03   2.9100000E+02   2.6300000E+02   3.3290336E-03   3.6838443E-03
   1.5438408E+03   2.8300000E+02   2.5400000E+02   1.0511697E-03   7.0902429E-04
   1.5438483E+03   2.9800000E+02   2.7300000E+02   2.8746612E-03   3.1275610E-03
   1.5438558E+03   3.0000000E+02   2.6800000E+02   1.6242186E-03   1.7905033E-03
   1.5438634E+03   2.9300000E+02   2.6900000E+02   1.8250907E-03   2.9634850E-03
   1.5438709E+03   2.5400000E+02   2.3600000E+02   3.0872147E-03   1.8576846E-03
   1.5438784E+03   2.7400000E+02   2.4900000E+02   6.4753644E-04   5.7531203E-04
   1.5438859E+03   3.1000000E+02   2.8100000E+02   5.8001155E-03   6.8510012E-03
   1.5438935E+03   3.3800000E+02   2.9900000E+02   4.6946831E-03   2.8347098E-03
   1.5439010E+03   3.2900000E+02   2.9100000E+02   2.4453247E-03   2.4007037E-03
   1.5439085E+03   2.9800000E+02   2.7400000E+02   8.7644618E-04   2.6044089E-03
   1.5439161E+03   2.9700000E+02   2.7700000E+02   4.5009478E-03   3.8558652E-03
   1.5439236E+03   3.0900000E+02   2.8300000E+02   2.6431948E-03   3.5172734E-03
   1.5439311E+03   3.1000000E+02   2.8800000E+02   2.8924113E-03   2.7744461E-03
   1.5439386E+03   2.8000000E+02   2.4100000E+02   4.2395925E-03   4.6901756E-03
   1.5439462E+03   3.3100000E+02   3.0800000E+02   3.9685232E-03   4.2741447E-03
   1.5439537E+03   3.2900000E+02   2.9700000E+02   2.4557024E-03   2.8192312E-03
   1.5439612E+03   3.0600000E+02   2.7800000E+02   1.7038708E-03   1.2441720E-03
   1.5439688E+03   3.3000000E+02   3.0900000E+02   2.7088519E-03   4.5031124E-03
   1.5439763E+03   3.2200000E+02   2.8400000E+02   2.5836950E-03   3.8399177E-03
   1.5439838E+03   3.3100000E+02   2.9700000E+02   1.4747672E-03   1.0090255E-03
   1.5439913E+03   3.4500000E+02   3.0200000E+02   5.2834872E-04   6.0348264E-04
   1.5439989E+03   3.1400000E+02   2.8900000E+02   2.1538701E-03   2.3423407E-03
   1.5440064E+03   3.2500000E+02   2.9000000E+02   1.5287458E-03   1.7116337E-03
   1.5440139E+03   3.4000000E+02   3.0800000E+02   4.8949160E-03   4.7719964E-03
   1.5440215E+03   3.0700000E+02   2.8100000E+02   3.3242138E-03   3.7231043E-03
   1.5440290E+03   3.1600000E+02   2.7800000E+02   5.7483889E-03   3.5150705E-03
   1.5440365E+03   3.3600000E+02   2.9000000E+02   2.2334708E-03   2.1196484E-03
   1.5440440E+03   3.4400000E+02   3.0100000E+02   1.9042935E-03   2.1767005E-03
   1.5440516E+03   3.3100000E+02   3.0700000E+02   6.1226067E-04   1.9661389E-03
   1.5440591E+03   3.5100000E+02   3.0600000E+02   2.1787929E-03   2.8554989E-03
   1.5440666E+03   3.3000000E+02   2.9300000E+02   2.8090822E-03   9.4788616E-04
   1.5440742E+03   3.3400000E+02   3.0000000E+02   2.9663925E-03   3.2898661E-03
   1.5440817E+03   3.3300000E+02   2.9400000E+02   5.6690774E-03   7.9479080E-03
   1.5440892E+03   3.8100000E+02   3.3500000E+02   2.9525836E-03   3.2412776E-03
   1.5440967E+03   3.4000000E+02   3.0900000E+02   2.6952869E-03   2.9879261E-03
   1.5441043E+03   3.9600000E+02   3.5500000E+02   1.5689101E-03   1.7379151E-03
   1.5441118E+03   3.6500000E+02   3.3100000E+02   2.7789652E-03   3.0332728E-03
   1.5441193E+03   3.4500000E+02   3.1600000E+02   2.8922384E-03   3.6676426E-03
   1.5441269E+03   3.5400000E+02   3.2700000E+02   1.9488492E-03   2.3695779E-03
   1.5441344E+03   3.0200000E+02   2.7000000E+02   2.3496814E-03   6.3665524E-04
   1.5441419E+03   3.4600000E+02   3.0400000E+02   1.3712180E-03   1.4465366E-03
   1.5441494E+03   3.2300000E+02   2.8800000E+02   4.3047486E-03   3.9352523E-03
   1.5441570E+03   3.2500000E+02   2.9300000E+02   5.9614705E-03   5.7397555E-03
   1.5441645E+03   3.4000000E+02   3.1100000E+02   1.1587743E-03   1.8830985E-03
   1.5441720E+03   3.3500000E+02   2.9900000E+02   2.2019535E-03   2.8380031E-03
   1.5441796E+03   3.8700000E+02   3.4800000E+02   1.2635491E-03   9.6499023E-04
   1.5441871E+03   3.6700000E+02   3.3500000E+02   1.9710106E-03   2.0172234E-03
   1.5441946E+03   3.4900000E+02   3.1700000E+02   1.4074633E-03   7.3921171E-04
   1.5442021E+03   3.5200000E+02   3.1000000E+02   2.1556199E-03   3.0209475E-03
   1.5442097E+03   3.6900000E+02   3.3400000E+02   8.7376734E-04   1.9497314E-06
   1.5442172E+03   3.7000000E+02   3.2200000E+02   2.3227404E-03   2.4327662E-03
   1.5442247E+03   3.8100000E+02   3.3200000E+02   4.0709028E-04   8.9540444E-04
   1.5442323E+03   3.8500000E+02   3.4700000E+02   2.7453149E-03   3.7991799E-03
   1.5442398E+03   3.6500000E+02   3.2800000E+02   1.1860658E-03   3.2601000E-03
   1.5442473E+03   3.4300000E+02   3.0800000E+02   3.4208604E-03   2.9360060E-03
   1.5442548E+03   3.6000000E+02   3.2500000E+02   3.2552191E-03   2.8680943E-03
   1.5442624E+03   3.9700000E+02   3.3900000E+02   3.0892192E-03   2.7304947E-03
   1.5442699E+03   3.5100000E+02   3.1700000E+02   5.9911881E-04   1.3360637E-03
   1.5442774E+03   3.8400000E+02   3.3900000E+02   5.4410846E-04   1.3187093E-03
   1.5442849E+03   3.5000000E+02   3.1400000E+02   9.7826603E-04   4.2488308E-04
   1.5442925E+03   3.5400000E+02   3.1700000E+02   2.2165327E-03   2.3321334E-03
   1.5443000E+03   3.8000000E+02   3.4300000E+02   1.6589759E-03   2.0898045E-03
   1.5443075E+03   3.8800000E+02   3.5800000E+02   3.9416486E-03   3.0138251E-03
   1.5443151E+03   4.0100000E+02   3.5200000E+02   2.6786363E-03   2.4975770E-03
   1.5443226E+03   4.0700000E+02   3.4900000E+02   1.2728494E-03   9.2764425E-04
   1.5443301E+03   3.8500000E+02   3.3200000E+02   2.2485831E-03   2.5651343E-03
   1.5443376E+03   4.1600000E+02   3.6400000E+02   1.0420072E-03   1.3900626E-03
   1.5443452E+03   4.1300000E+02   3.5800000E+02   3.6766239E-03   1.4433964E-03
   1.5443527E+03   4.2400000E+02   3.6600000E+02   2.2400334E-03   2.3339910E-03
   1.5443602E+03   3.9700000E+02   3.5500000E+02   3.0147521E-03   3.1524167E-03
   1.5443678E+03   4.0400000E+02   3.6200000E+02   2.5879181E-03   2.8861814E-03
   1.5443753E+03   3.9700000E+02   3.4900000E+02   3.6589225E-03   4.6832826E-03
   1.5443828E+03   3.9800000E+02   3.4700000E+02   1.4676869E-03   1.6096536E-03
   1.5443903E+03   3.9100000E+02   3.3800000E+02   1.5362988E-03   1.8005544E-03
   1.5443979E+03   3.8400000E+02   3.3700000E+02   3.4257195E-03   3.6506267E-03
   1.5444054E+03   4.1400000E+02   3.5700000E+02   2.3926767E-03   3.1621329E-03
   1.5444129E+03   4.0600000E+02   3.5900000E+02   1.3652343E-03   1.5172657E-03
   1.5444205E+03   3.9700000E+02   3.4800000E+02   1.3872538E-03   1.5759456E-03
   1.5444280E+03   4.1800000E+02   3.6400000E+02   3.3610189E-03   3.6982647E-03
   1.5444355E+03   4.6000000E+02   4.1200000E+02   2.0766544E-03   1.9479011E-03
   1.5444430E+03   3.8200000E+02   3.3000000E+02   1.8924180E-03   2.1396161E-03
   1.5444506E+03   3.9000000E+02   3.3200000E+02   2.2057706E-03   3.2086287E-03
   1.5444581E+03   4.3900000E+02   3.8600000E+02   3.2686769E-03   3.7172646E-03
   1.5444656E+03   4.5900000E+02   4.0200000E+02   4.1463274E-03   1.6113886E-03
   1.5444732E+03   4.3300000E+02   3.7600000E+02   2.6691555E-03   3.0954776E-03
   1.5444807E+03   4.3400000E+02   3.8100000E+02   1.1213189E-03   7.7362300E-04
   1.5444882E+03   4.5900000E+02   4.0700000E+02   1.9316200E-03   1.7771506E-03
   1.5444957E+03   4.3600000E+02   3.7000000E+02   2.5224584E-03   2.9372695E-03
   1.5445033E+03   4.5600000E+02   4.0000000E+02   2.8426966E-03   3.0477409E-03
   1.5445108E+03   4.1300000E+02   3.5800000E+02   1.1964645E-03   1.9298294E-03
   1.5445183E+03   4.2800000E+02   3.7300000E+02   1.6375189E-03   8.2194920E-04
   1.5445259E+03   4.7300000E+02   4.0200000E+02   2.3217648E-03   3.3157251E-03
   1.5445334E+03   4.7000000E+02   4.1700000E+02   1.9565447E-03   2.6121403E-03
   1.5445409E+03   4.6700000E+02   4.0300000E+02   2.7681788E-03   2.5669425E-03
   1.5445484E+03   4.6400000E+02   3.8700000E+02   1.7981148E-03   2.3517601E-03
   1.5445560E+03   4.5400000E+02   3.8700000E+02   2.3902583E-03   2.6518231E-03
   1.5445635E+03   4.8300000E+02   4.1000000E+02   3.5286936E-03   2.3703418E-03
   1.5445710E+03   4.4500000E+02   3.8600000E+02   2.1672246E-03   7.3679709E-04
   1.5445786E+03   4.6600000E+02   4.1400000E+02   8.3096287E-04   8.1052557E-04
   1.5445861E+03   4.6200000E+02   3.9500000E+02   1.1026880E-03   1.2895834E-03
   1.5445936E+03   4.3100000E+02   3.7400000E+02   2.7296617E-03   4.4830408E-03
   1.5446011E+03   4.4800000E+02   3.5400000E+02   2.6024636E-03   1.2250027E-03
   1.5446087E+03   4.7100000E+02   3.9400000E+02   7.7607758E-04   1.1057578E-03
   1.5446162E+03   4.7700000E+02   4.0200000E+02   3.0283796E-03   2.9861792E-03
   1.5446237E+03   4.6700000E+02   3.9300000E+02   3.6833021E-03   4.1145503E-03
   1.5446313E+03   4.6400000E+02   3.9900000E+02   3.5360873E-03   3.3254862E-03
   1.5446388E+03   4.5600000E+02   3.9600000E+02   1.2436855E-03   2.6267000E-03
   1.5446463E+03   4.7300000E+02   3.9300000E+02   1.8573349E-03   1.3504453E-03
   1.5446538E+03   4.9700000E+02   4.3100000E+02   1.8948469E-03   2.1507182E-03
   1.5446614E+03   5.0700000E+02   4.3400000E+02   6.0935708E-04   9.7964219E-04
   1.5446689E+03   4.7600000E+02   4.1000000E+02   2.3957816E-03   2.4970221E-03
   1.5446764E+03   4.5400000E+02   3.7900000E+02   2.4143847E-03   2.7211599E-03
   1.5446840E+03   4.9700000E+02   4.1300000E+02   1.4092722E-03   1.0961881E-03
   1.5446915E+03   4.9800000E+02   4.2200000E+02   3.3236941E-03   3.4477976E-03
   1.5446990E+03   5.1200000E+02   4.2100000E+02   5.9593768E-04   1.3719058E-03
   1.5447065E+03   4.9200000E+02   3.9600000E+02   1.1468618E-03   9.0904024E-04
   1.5447141E+03   4.8300000E+02   4.0200000E+02   5.4075536E-03   5.4349450E-03
   1.5447216E+03   4.7700000E+02   3.8000000E+02   6.2780920E-03   8.4973308E-03
   1.5447291E+03   5.0100000E+02   4.1500000E+02   1.8902681E-03   1.1172747E-03
   1.5447366E+03   4.9400000E+02   4.1100000E+02   1.7377060E-03   1.5939879E-03
   1.5447442E+03   5.0100000E+02   4.2400000E+02   2.3212261E-03   2.3798338E-03
   1.5447517E+03   5.5700000E+02   4.5800000E+02   3.6453970E-03   3.9019377E-03
   1.5447592E+03   5.4000000E+02   4.3000000E+02   1.6770894E-03   1.9906939E-03
   1.5447668E+03   5.2900000E+02   4.4300000E+02   1.0713672E-03   1.8916983E-03
   1.5447743E+03   5.3000000E+02   4.3100000E+02   1.8201281E-03   2.3518287E-03
   1.5447818E+03   5.3200000E+02   4.4100000E+02   1.8469561E-03   2.6265104E-03
   1.5447893E+03   5.5100000E+02   4.4000000E+02   2.5099233E-03   1.5887907E-03
   1.5447969E+03   5.4400000E+02   4.6100000E+02   2.9312749E-03   4.1358548E-03
   1.5448044E+03   5.4500000E+02   4.5400000E+02   3.9936902E-03   4.8626789E-03
   1.5448119E+03   5.8400000E+02   4.9700000E+02   1.9332256E-03   2.5744779E-03
   1.5448195E+03   5.6000000E+02   4.5600000E+02   1.1460343E-03   2.3995345E-03
   1.5448270E+03   5.3600000E+02   4.3500000E+02   3.9115859E-03   4.7757398E-03
   1.5448345E+03   5.8400000E+02   4.7900000E+02   2.4481865E-03   2.0811713E-03
   1.5448420E+03   5.4000000E+02   4.4300000E+02   3.7071318E-03   3.9055150E-03
   1.5448496E+03   5.8000000E+02   4.6200000E+02   1.3687269E-03   7.0051541E-04
   1.5448571E+03   5.3500000E+02   4.3200000E+02   1.6928504E-03   1.0899421E-03
   1.5448646E+03   6.1000000E+02   4.8900000E+02   1.0832292E-03   1.6356900E-03
   1.5448722E+03   5.8700000E+02   4.7900000E+02   2.2319874E-03   2.9227743E-03
   1.5448797E+03   5.5500000E+02   4.6100000E+02   8.8701030E-04   1.1928005E-03
   1.5448872E+03   5.5300000E+02   4.5600000E+02   9.4239653E-04   1.2253631E-03
   1.5448947E+03   6.0300000E+02   4.7900000E+02   1.8756258E-03   2.7078658E-03
   1.5449023E+03   5.8300000E+02   4.7900000E+02   1.3447152E-03   1.9184315E-03
   1.5449098E+03   5.9200000E+02   4.8700000E+02   3.5255714E-03   2.5951859E-03
   1.5449173E+03   5.6800000E+02   4.7000000E+02   1.4996123E-03   9.4869575E-04
   1.5449249E+03   5.5900000E+02   4.5400000E+02   2.2001412E-03   9.9269870E-04
   1.5449324E+03   5.9300000E+02   4.7500000E+02   2.1282081E-03   1.8097698E-03
   1.5449399E+03   5.5700000E+02   4.4500000E+02   9.7168652E-04   1.4151713E-03
   1.5449474E+03   6.4600000E+02   5.1800000E+02   6.9032865E-04   2.5088838E-03
   1.5449550E+03   5.9800000E+02   4.7700000E+02   1.9667629E-03   1.1711353E-03
   1.5449625E+03   5.8800000E+02   4.5900000E+02   5.6536037E-03   5.3509754E-03
   1.5449700E+03   6.6000000E+02   5.3000000E+02   2.2254533E-03   1.7036440E-03
   1.5449776E+03   6.6300000E+02   5.3100000E+02   1.4743551E-03   6.1862908E-05
   1.5449851E+03   6.3600000E+02   4.9300000E+02   3.8096462E-03   6.3737542E-03
   1.5449926E+03   6.0600000E+02   4.8900000E+02   1.3753288E-03   1.3785773E-03
   1.5450001E+03   5.8300000E+02   4.6600000E+02   1.2683176E-03   1.4256398E-03
   1.5450077E+03   6.5300000E+02   5.1500000E+02   3.5846578E-03   4.0480061E-03
   1.5450152E+03   6.6000000E+02   5.1700000E+02   2.8224615E-03   2.8350200E-03
   1.5450227E+03   6.3700000E+02   5.1900000E+02   1.7038846E-04   1.1604479E-03
   1.5450303E+03   6.2000000E+02   5.0000000E+02   2.5871691E-03   3.5682757E-03
   1.5450378E+03   6.5500000E+02   5.1300000E+02   1.5287477E-03   4.5807097E-04
   1.5450453E+03   6.5200000E+02   5.3500000E+02   1.4760482E-03   1.4157006E-03
   1.5450528E+03   6.2400000E+02   4.8600000E+02   1.3454639E-03   1.2353792E-03
   1.5450604E+03   6.7200000E+02   5.3200000E+02   1.5788395E-03   1.7712419E-03
   1.5450679E+03   6.6800000E+02   5.2400000E+02   4.5175368E-03   3.6613743E-03
   1.5450754E+03   6.4300000E+02   4.8800000E+02   2.1415613E-03   1.1801752E-03
   1.5450830E+03   6.9600000E+02   5.3000000E+02   1.1908565E-03   1.8202955E-03
   1.5450905E+03   6.9600000E+02   5.2800000E+02   2.6574908E-03   3.0414125E-03
   1.5450980E+03   6.8500000E+02   5.2200000E+02   1.2349231E-03   3.8078508E-03
   1.5451055E+03   6.5600000E+02   4.8300000E+02   1.8725735E-03   8.6251896E-04
   1.5451131E+03   7.4800000E+02   5.7600000E+02   1.3477830E-03   1.7941766E-03
   1.5451206E+03   6.8700000E+02   5.2300000E+02   1.8654788E-03   1.4431025E-03
   1.5451281E+03   6.8900000E+02   5.2800000E+02   1.8934711E-03   2.4149311E-03
   1.5451357E+03   7.0200000E+02   5.2700000E+02   1.7163295E-03   1.5031404E-03
   1.5451432E+03   6.8300000E+02   5.0700000E+02   1.3283327E-03   8.0947020E-04
   1.5451507E+03   7.0400000E+02   5.2300000E+02   1.8843643E-03   2.2104991E-03
   1.5451582E+03   7.2900000E+02   5.5600000E+02   2.5488123E-03   3.6594727E-03
   1.5451658E+03   6.8500000E+02   5.3600000E+02   3.2412950E-03   3.9974705E-03
   1.5451733E+03   7.1100000E+02   5.4200000E+02   1.1528383E-03   5.3332287E-04
   1.5451808E+03   7.2200000E+02   5.4700000E+02   1.1851164E-03   2.2559823E-03
   1.5451883E+03   7.7600000E+02   5.8600000E+02   3.1272305E-03   3.4421113E-03
   1.5451959E+03   7.2200000E+02   5.6400000E+02   1.6845477E-03   2.8010862E-03
   1.5452034E+03   7.5300000E+02   5.5500000E+02   3.0550960E-03   5.5022529E-03
   1.5452109E+03   8.0800000E+02   5.9300000E+02   2.5135014E-03   3.1760587E-03
   1.5452185E+03   8.1300000E+02   5.9300000E+02   2.4955875E-03   2.4395352E-03
   1.5452260E+03   7.7000000E+02   5.6500000E+02   1.8525114E-03   1.9503415E-03
   1.5452335E+03   7.7900000E+02   5.8400000E+02   1.6824637E-03   2.0849122E-03
   1.5452410E+03   7.5600000E+02   5.6300000E+02   2.0598121E-03   1.9517131E-03
   1.5452486E+03   7.9000000E+02   5.9300000E+02   4.1467494E-03   4.2046454E-03
   1.5452561E+03   7.6900000E+02   5.7100000E+02   5.4233623E-04   5.0398441E-04
   1.5452636E+03   7.5600000E+02   5.3900000E+02   2.1569553E-03   2.8324912E-03
   1.5452712E+03   8.1800000E+02   6.0100000E+02   1.0415743E-03   1.1898714E-03
   1.5452787E+03   7.6500000E+02   5.6200000E+02   1.7150141E-03   8.1577925E-04
   1.5452862E+03   8.1100000E+02   5.9400000E+02   1.0467563E-03   9.6145292E-04
   1.5452937E+03   8.2200000E+02   6.0600000E+02   2.1304470E-03   1.8373347E-03
   1.5453013E+03   8.2000000E+02   5.9100000E+02   6.7817766E-04   2.1600805E-03
   1.5453088E+03   8.4300000E+02   6.1200000E+02   8.6637558E-04   4.5826589E-04
   1.5453163E+03   8.3500000E+02   6.0200000E+02   1.0831227E-03   2.3623308E-03
   1.5453239E+03   8.8400000E+02   6.4400000E+02   3.9612202E-03   4.1304519E-03
   1.5453314E+03   8.3400000E+02   5.8200000E+02   2.0845417E-03   2.1912340E-03
   1.5453389E+03   8.4500000E+02   5.9500000E+02   1.0593013E-03   2.2433127E-03
   1.5453464E+03   8.5300000E+02   5.9000000E+02   8.6012398E-04   1.2695717E-03
   1.5453540E+03   8.6800000E+02   6.2300000E+02   5.3596901E-03   6.3862559E-03
   1.5453615E+03   8.9400000E+02   6.5600000E+02   1.6240764E-03   1.8751756E-03
   1.5453690E+03   8.7100000E+02   6.1500000E+02   2.6190075E-03   3.3592089E-03
   1.5453766E+03   8.5400000E+02   6.0200000E+02   1.8964405E-03   1.1994171E-03
   1.5453841E+03   8.8500000E+02   6.4200000E+02   1.3154554E-03   2.0058872E-03
   1.5453916E+03   9.2300000E+02   6.4800000E+02   2.2579341E-03   3.1152409E-03
   1.5453991E+03   9.1600000E+02   6.5200000E+02   1.7815763E-03   2.1148019E-03
   1.5454067E+03   8.9000000E+02   6.2100000E+02   7.4019654E-04   1.4782430E-03
   1.5454142E+03   8.7800000E+02   6.1600000E+02   3.0573463E-03   3.1967684E-03
   1.5454217E+03   9.3100000E+02   6.4000000E+02   1.5292610E-03   2.0130313E-03
   1.5454293E+03   9.3500000E+02   6.5000000E+02   3.1607259E-03   4.6713043E-03
   1.5454368E+03   9.7100000E+02   6.8200000E+02   9.0975913E-04   1.6464729E-03
   1.5454443E+03   9.1700000E+02   6.3300000E+02   2.6922051E-03   2.1350549E-03
   1.5454518E+03   8.8900000E+02   6.1700000E+02   2.4153011E-03   4.2826514E-03
   1.5454594E+03   9.5800000E+02   6.7100000E+02   2.6283327E-03   3.0523875E-03
   1.5454669E+03   9.3100000E+02   6.3100000E+02   1.3761033E-03   2.7395197E-03
   1.5454744E+03   9.8800000E+02   6.7600000E+02   1.8058900E-03   2.5985620E-03
   1.5454820E+03   9.4100000E+02   6.2900000E+02   1.1004302E-03   1.5165997E-03
   1.5454895E+03   9.7600000E+02   6.8500000E+02   1.8736427E-03   1.8070147E-03
   1.5454970E+03   9.4900000E+02   6.3400000E+02   2.0665646E-03   2.8784233E-03
   1.5455045E+03   9.5400000E+02   6.4400000E+02   7.7651338E-04   2.5352674E-03
   1.5455121E+03   1.0230000E+03   6.9700000E+02   2.2060518E-04   7.1365334E-04
   1.5455196E+03   9.9700000E+02   6.8700000E+02   1.3664517E-03   5.4472448E-04
   1.5455271E+03   1.0290000E+03   6.8800000E+02   1.6778574E-03   2.3542695E-03
   1.5455347E+03   9.8100000E+02   6.9100000E+02   1.7509324E-03   2.3084664E-03
   1.5455422E+03   9.9000000E+02   6.6500000E+02   1.7755411E-03   7.5559969E-04
   1.5455497E+03   1.0480000E+03   7.1300000E+02   1.1231380E-03   2.0904526E-04
   1.5455572E+03   1.0530000E+03   7.0600000E+02   7.8244365E-04   1.9784929E-03
   1.5455648E+03   1.0150000E+03   6.7300000E+02   2.4204362E-03   3.4995555E-03
   1.5455723E+03   1.0250000E+03   6.6500000E+02   1.8060139E-03   2.3000284E-03
   1.5455798E+03   1.0280000E+03   6.7800000E+02   8.2045630E-04   1.0146475E-03
   1.5455874E+03   1.0780000E+03   7.1800000E+02   7.9020156E-04   7.4791924E-04
   1.5455949E+03   1.0630000E+03   7.3100000E+02   2.4240422E-03   3.6487627E-03
   1.5456024E+03   1.0440000E+03   6.9200000E+02   8.8623718E-04   1.5966399E-03
   1.5456099E+03   1.0870000E+03   7.2700000E+02   1.0531457E-03   1.7498034E-03
   1.5456175E+03   1.1140000E+03   7.3700000E+02   2.8374258E-03   3.6474809E-03
   1.5456250E+03   1.1190000E+03   6.8800000E+02   3.1041700E-03   4.9598124E-03
   1.5456325E+03   1.0780000E+03   6.8100000E+02   9.8361732E-04   2.9141932E-03
   1.5456400E+03   1.1060000E+03   7.5500000E+02   7.7421938E-04   1.4191143E-03
   1.5456476E+03   1.1420000E+03   7.3900000E+02   1.2942421E-03   1.2580851E-03
   1.5456551E+03   1.0890000E+03   7.0700000E+02   3.8813629E-03   5.7905941E-03
   1.5456626E+03   1.1810000E+03   7.5400000E+02   4.2541406E-04   1.3090141E-03
   1.5456702E+03   1.1040000E+03   6.8300000E+02   1.2681535E-03   2.1760783E-03
   1.5456777E+03   1.1910000E+03   7.6800000E+02   2.2322392E-03   3.2503761E-03
   1.5456852E+03   1.1810000E+03   7.5500000E+02   2.2970595E-03   3.2450082E-03
   1.5456927E+03   1.2350000E+03   7.7400000E+02   1.7350819E-03   2.0465145E-03
   1.5457003E+03   1.1860000E+03   7.7900000E+02   1.7015896E-03   2.4050257E-03
   1.5457078E+03   1.2630000E+03   8.0000000E+02   2.5898058E-03   3.6352444E-03
   1.5457153E+03   1.2150000E+03   7.6500000E+02   2.9781675E-03   5.0284642E-03
   1.5457229E+03   1.1740000E+03   7.2900000E+02   9.6275722E-04   5.1722149E-04
   1.5457304E+03   1.1390000E+03   7.2700000E+02   3.3094447E-03   5.2153719E-03
   1.5457379E+03   1.2140000E+03   7.5100000E+02   1.1554575E-03   2.3665934E-03
   1.5457454E+03   1.2670000E+03   8.1300000E+02   5.9994005E-04   1.0029801E-03
   1.5457530E+03   1.2890000E+03   8.0200000E+02   5.5060803E-04   1.6902254E-03
   1.5457605E+03   1.2540000E+03   7.8800000E+02   2.3805824E-03   3.5495892E-03
   1.5457680E+03   1.2850000E+03   7.9000000E+02   1.8135473E-03   2.2970581E-03
   1.5457756E+03   1.2480000E+03   7.8200000E+02   1.0395293E-03   1.7672036E-03
   1.5457831E+03   1.2860000E+03   8.1700000E+02   1.4792060E-03   2.0481116E-03
   1.5457906E+03   1.2930000E+03   8.1100000E+02   7.2936292E-04   1.2727781E-03
   1.5457981E+03   1.2900000E+03   8.1200000E+02   1.9610969E-03   2.4936848E-03
   1.5458057E+03   1.3250000E+03   8.0300000E+02   1.1967220E-03   2.2609157E-03
   1.5458132E+03   1.3080000E+03   7.9000000E+02   1.5433706E-03   2.5116841E-03
   1.5458207E+03   1.2870000E+03   7.8400000E+02   1.9339010E-04   2.6788918E-04
   1.5458283E+03   1.3420000E+03   8.2000000E+02   1.2187246E-03   1.7096781E-03
   1.5458358E+03   1.2770000E+03   7.8600000E+02   3.9031819E-04   1.1481723E-03
   1.5458433E+03   1.3700000E+03   8.4000000E+02   1.4336231E-03   2.5046684E-03
   1.5458508E+03   1.3530000E+03   8.3100000E+02   8.8904774E-04   1.4419617E-03
   1.5458584E+03   1.3580000E+03   8.0600000E+02   2.3297358E-03   2.8920086E-03
   1.5458659E+03   1.3790000E+03   8.3000000E+02   3.1080008E-04   5.5827340E-04
   1.5458734E+03   1.3620000E+03   8.2300000E+02   2.6338231E-03   4.5935100E-03
   1.5458810E+03   1.4490000E+03   8.4200000E+02   2.5506813E-03   3.2593843E-03
   1.5458885E+03   1.3840000E+03   8.0400000E+02   8.4273754E-04   2.1088159E-03
   1.5458960E+03   1.3940000E+03   8.1100000E+02   1.5328868E-03   2.4392418E-03
   1.5459035E+03   1.4210000E+03   8.5900000E+02   1.4828980E-03   2.0480236E-03
   1.5459111E+03   1.4060000E+03   8.0300000E+02   1.8603952E-03   2.6819552E-03
   1.5459186E+03   1.4630000E+03   8.6200000E+02   1.6599892E-03   1.4592230E-03
   1.5459261E+03   1.4480000E+03   8.5300000E+02   9.0443424E-04   1.0957480E-03
   1.5459337E+03   1.4980000E+03   8.8900000E+02   1.1361276E-03   1.9266977E-03
   1.5459412E+03   1.3980000E+03   7.9800000E+02   1.8729916E-03   3.7057397E-03
   1.5459487E+03   1.4870000E+03   8.8600000E+02   1.2572305E-03   1.9609234E-03
   1.5459562E+03   1.5530000E+03   8.9200000E+02   4.2773626E-05   3.7882279E-04
   1.5459638E+03   1.5320000E+03   8.6400000E+02   1.4537759E-03   2.2498886E-03
   1.5459713E+03   1.4780000E+03   8.5900000E+02   1.5100562E-03   2.6323719E-03
   1.5459788E+03   1.5440000E+03   8.6300000E+02   7.8197295E-04   1.4986704E-03
   1.5459864E+03   1.5140000E+03   8.8600000E+02   1.0771715E-03   1.9232555E-03
   1.5459939E+03   1.5440000E+03   8.7500000E+02   1.6934414E-03   3.1977462E-03
   1.5460014E+03   1.5990000E+03   9.1100000E+02   1.6157762E-03   3.3108262E-03
   1.5460089E+03   1.6870000E+03   9.7500000E+02   9.6719654E-04   1.0524705E-03
   1.5460165E+03   1.6440000E+03   9.3800000E+02   1.1904698E-03   2.7298661E-03
   1.5460240E+03   1.6560000E+03   9.2300000E+02   1.2617463E-03   1.3710202E-03
   1.5460315E+03   1.5630000E+03   8.7000000E+02   1.4257035E-03   2.9021402E-03
   1.5460391E+03   1.6470000E+03   9.7900000E+02   8.0754786E-04   1.5895103E-03
   1.5460466E+03   1.6570000E+03   9.2400000E+02   1.3296822E-03   1.7655944E-03
   1.5460541E+03   1.6740000E+03   9.5500000E+02   1.8638351E-04   5.5609240E-04
   1.5460616E+03   1.6940000E+03   9.3000000E+02   1.1342094E-03   2.1639473E-03
   1.5460692E+03   1.6920000E+03   9.5400000E+02   1.2352833E-03   2.2419888E-03
   1.5460767E+03   1.7670000E+03   9.4600000E+02   5.8123550E-04   1.4655860E-03
   1.5460842E+03   1.7580000E+03   9.7200000E+02   7.5210576E-04   1.0655078E-03
   1.5460917E+03   1.7190000E+03   9.9100000E+02   1.2165246E-03   1.5012493E-03
   1.5460993E+03   1.7380000E+03   9.3100000E+02   6.6974196E-04   1.9467965E-03
   1.5461068E+03   1.7500000E+03   9.5400000E+02   8.4469953E-04   1.7479120E-03
   1.5461143E+03   1.7560000E+03   9.7700000E+02   1.5126138E-03   2.5121888E-03
   1.5461219E+03   1.8260000E+03   1.0040000E+03   1.5084515E-03   2.3643091E-03
   1.5461294E+03   1.7440000E+03   9.6500000E+02   1.9566332E-03   3.7697476E-03
   1.5461369E+03   1.8250000E+03   1.0140000E+03   1.3265345E-04   3.7246590E-04
   1.5461444E+03   1.8190000E+03   1.0010000E+03   4.7574364E-04   8.8994521E-04
   1.5461520E+03   1.7760000E+03   9.5900000E+02   9.4430245E-04   1.5826972E-03
   1.5461595E+03   1.7810000E+03   9.5700000E+02   1.4712155E-03   2.7729278E-03
   1.5461670E+03   1.8530000E+03   1.0130000E+03   2.4871050E-04   6.2371471E-04
   1.5461746E+03   1.9020000E+03   1.0300000E+03   1.1375251E-03   1.4345334E-03
   1.5461821E+03   1.8020000E+03   9.7800000E+02   2.1597263E-03   3.9366117E-03
   1.5461896E+03   1.9080000E+03   1.0130000E+03   6.5088750E-04   9.8497026E-04
   1.5461971E+03   1.8920000E+03   1.0110000E+03   1.2794304E-03   1.4988244E-03
   1.5462047E+03   1.9320000E+03   1.0250000E+03   1.9785450E-03   3.4939131E-03
   1.5462122E+03   2.0060000E+03   1.0870000E+03   7.7812682E-04   9.7448604E-04
   1.5462197E+03   1.9770000E+03   1.0680000E+03   3.8658259E-04   8.2885336E-04
   1.5462273E+03   1.9370000E+03   9.7700000E+02   4.6232931E-04   8.0152051E-04
   1.5462348E+03   2.0040000E+03   1.0540000E+03   1.0939053E-03   2.2538803E-03
   1.5462423E+03   1.9200000E+03   1.0450000E+03   4.9796566E-04   1.0259966E-03
   1.5462498E+03   2.0000000E+03   1.0630000E+03   8.8700885E-04   1.5251764E-03
   1.5462574E+03   2.0210000E+03   1.0380000E+03   2.0169287E-03   3.8698120E-03
   1.5462649E+03   2.1380000E+03   1.1150000E+03   5.7608333E-04   9.3325995E-04
   1.5462724E+03   1.9990000E+03   1.0550000E+03   9.1066731E-04   5.5367343E-04
   1.5462800E+03   2.1070000E+03   1.1130000E+03   2.6600635E-04   7.0072821E-04
   1.5462875E+03   2.0220000E+03   1.0330000E+03   5.9112148E-04   1.0463383E-03
   1.5462950E+03   2.0860000E+03   1.0850000E+03   5.6115868E-04   1.0282397E-03
   1.5463025E+03   1.9910000E+03   1.0320000E+03   1.7631039E-03   2.8998151E-03
   1.5463101E+03   2.1250000E+03   1.1270000E+03   1.2086177E-03   2.0405215E-03
   1.5463176E+03   2.0720000E+03   1.0480000E+03   3.6139451E-04   3.6624308E-04
   1.5463251E+03   2.2270000E+03   1.1400000E+03   1.2458848E-03   1.8476076E-03
   1.5463327E+03   2.1910000E+03   1.0910000E+03   8.7754972E-04   1.9235241E-03
   1.5463402E+03   2.2080000E+03   1.1100000E+03   1.0438098E-03   2.0815097E-03
   1.5463477E+03   2.2110000E+03   1.1480000E+03   5.3664495E-04   7.6673288E-04
   1.5463552E+03   2.2350000E+03   1.1060000E+03   7.4070302E-04   1.5485570E-03
   1.5463628E+03   2.2290000E+03   1.1280000E+03   1.8696141E-04   2.6753109E-04
   1.5463703E+03   2.1850000E+03   1.1440000E+03   1.3484620E-03   2.4133388E-03
   1.5463778E+03   2.2680000E+03   1.1800000E+03   8.5401799E-04   1.6069252E-03
   1.5463854E+03   2.2870000E+03   1.1720000E+03   5.5888850E-04   9.9646605E-04
   1.5463929E+03   2.2320000E+03   1.1180000E+03   1.5846952E-03   3.3385367E-03
   1.5464004E+03   2.3070000E+03   1.2040000E+03   1.3560514E-03   1.7356840E-03
   1.5464079E+03   2.2560000E+03   1.1610000E+03   1.5669712E-03   2.8924158E-03
   1.5464155E+03   2.3150000E+03   1.1520000E+03   5.2551098E-04   4.3612381E-04
   1.5464230E+03   2.2610000E+03   1.0640000E+03   1.0742574E-03   2.2476203E-03
   1.5464305E+03   2.2870000E+03   1.0960000E+03   6.5353064E-04   1.7928702E-03
   1.5464381E+03   2.2750000E+03   1.1070000E+03   7.5605887E-04   2.3282417E-03
   1.5464456E+03   2.3880000E+03   1.1550000E+03   2.4074821E-04   9.6977386E-04
   1.5464531E+03   2.4350000E+03   1.2160000E+03   1.3298623E-03   2.7439070E-03
   1.5464606E+03   2.4390000E+03   1.2430000E+03   9.9368948E-04   1.5119716E-03
   1.5464682E+03   2.4410000E+03   1.1690000E+03   1.8861914E-04   7.1882774E-04
   1.5464757E+03   2.4460000E+03   1.2470000E+03   8.4412319E-04   1.6880350E-03
   1.5464832E+03   2.5010000E+03   1.2230000E+03   9.7235997E-04   1.3628803E-03
   1.5464908E+03   2.4340000E+03   1.2140000E+03   3.3219891E-04   7.9533921E-04
   1.5464983E+03   2.4620000E+03   1.2140000E+03   4.3929403E-04   6.0366057E-04
   1.5465058E+03   2.6060000E+03   1.2800000E+03   1.5272374E-03   3.1053834E-03
   1.5465133E+03   2.4670000E+03   1.2560000E+03   6.4318590E-04   7.9716491E-04
   1.5465209E+03   2.5240000E+03   1.2100000E+03   1.3202529E-03   2.7750648E-03
   1.5465284E+03   2.6140000E+03   1.2440000E+03   3.0540563E-04   3.6333441E-04
   1.5465359E+03   2.5600000E+03   1.2230000E+03   8.5082866E-04   1.5654817E-03
   1.5465434E+03   2.5450000E+03   1.2250000E+03   7.3185952E-04   1.0253658E-03
   1.5465510E+03   2.6250000E+03   1.3200000E+03   1.3936578E-03   2.3076793E-03
   1.5465585E+03   2.6490000E+03   1.2480000E+03   1.9576258E-03   3.9960134E-03
   1.5465660E+03   2.5800000E+03   1.2430000E+03   1.1422932E-03   2.0940255E-03
   1.5465736E+03   2.6240000E+03   1.2640000E+03   5.4855629E-04   1.2794822E-03
   1.5465811E+03   2.6220000E+03   1.2370000E+03   5.1312458E-04   2.8619276E-04
   1.5465886E+03   2.6760000E+03   1.2450000E+03   4.7428884E-04   7.6363773E-04
   1.5465961E+03   2.6970000E+03   1.2670000E+03   5.4796188E-04   1.5554580E-03
   1.5466037E+03   2.7130000E+03   1.2890000E+03   1.5641266E-03   3.9196379E-03
   1.5466112E+03   2.7910000E+03   1.3110000E+03   2.7479138E-04   8.7453893E-04
   1.5466187E+03   2.7230000E+03   1.2900000E+03   3.8545356E-04   6.3202187E-04
   1.5466263E+03   2.8640000E+03   1.3380000E+03   8.3916103E-04   1.9088298E-03
   1.5466338E+03   2.7820000E+03   1.3320000E+03   1.1482700E-03   2.5661749E-03
   1.5466413E+03   2.7830000E+03   1.3090000E+03   2.1762428E-03   4.8388456E-03
   1.5466488E+03   2.7930000E+03   1.3030000E+03   1.5187513E-03   3.5248218E-03
   1.5466564E+03   2.7680000E+03   1.2720000E+03   1.5244624E-04   5.1843515E-04
   1.5466639E+03   2.8570000E+03   1.2950000E+03   7.6208184E-04   1.4720999E-03
   1.5466714E+03   2.8630000E+03   1.3430000E+03   6.7546645E-04   1.2268901E-03
   1.5466790E+03   2.7870000E+03   1.3240000E+03   3.4912931E-04   6.4153747E-04
   1.5466865E+03   2.9150000E+03   1.2970000E+03   6.0737831E-04   1.5996379E-03
   1.5466940E+03   2.8350000E+03   1.2840000E+03   7.2695671E-04   1.3540006E-03
   1.5467015E+03   2.8870000E+03   1.3310000E+03   1.4448239E-03   3.2077716E-03
   1.5467091E+03   2.9640000E+03   1.3450000E+03   9.3334583E-04   2.4178734E-03
   1.5467166E+03   2.8760000E+03   1.2650000E+03   1.2216053E-03   2.4334917E-03
   1.5467241E+03   2.9370000E+03   1.3760000E+03   9.1428113E-04   1.7110053E-03
   1.5467317E+03   3.0620000E+03   1.4260000E+03   9.6482562E-04   1.8427539E-03
   1.5467392E+03   2.9140000E+03   1.3120000E+03   3.2913290E-04   4.6946387E-04
   1.5467467E+03   3.0070000E+03   1.3260000E+03   4.7566084E-04   1.1360829E-03
   1.5467542E+03   3.0210000E+03   1.4520000E+03   1.2293061E-03   2.3720419E-03
   1.5467618E+03   3.0320000E+03   1.4330000E+03   2.3334748E-04   7.2590607E-04
   1.5467693E+03   3.0290000E+03   1.3780000E+03   1.7028868E-03   3.1981923E-03
   1.5467768E+03   3.0400000E+03   1.4300000E+03   1.5405129E-03   3.5305942E-03
   1.5467844E+03   3.1550000E+03   1.4240000E+03   3.5789888E-04   1.1576495E-03
   1.5467919E+03   3.0440000E+03   1.3890000E+03   1.3730976E-03   2.9167089E-03
   1.5467994E+03   3.1530000E+03   1.4450000E+03   2.6131847E-04   4.4109630E-04
   1.5468069E+03   3.1600000E+03   1.4420000E+03   6.7863125E-04   1.2987158E-03
   1.5468145E+03   3.2500000E+03   1.4850000E+03   2.3886504E-03   4.8738756E-03
   1.5468220E+03   3.2270000E+03   1.4180000E+03   1.3490173E-03   2.6724398E-03
   1.5468295E+03   3.3600000E+03   1.5120000E+03   3.9447647E-04   9.5387607E-04
   1.5468371E+03   3.2780000E+03   1.4580000E+03   1.5048379E-03   3.7353637E-03
   1.5468446E+03   3.2400000E+03   1.4360000E+03   8.7099924E-04   1.7234346E-03
   1.5468521E+03   3.3390000E+03   1.4970000E+03   5.9971226E-04   1.5156489E-03
   1.5468596E+03   3.2500000E+03   1.3900000E+03   1.0972590E-03   2.6687655E-03
   1.5468672E+03   3.3770000E+03   1.5610000E+03   1.1723755E-03   2.6126879E-03
   1.5468747E+03   3.3460000E+03   1.5010000E+03   5.3411987E-04   1.3657698E-03
   1.5468822E+03   3.3850000E+03   1.4650000E+03   7.7959968E-04   1.7226599E-03
   1.5468898E+03   3.3270000E+03   1.4810000E+03   4.2093826E-04   8.8313158E-04
   1.5468973E+03   3.4450000E+03   1.4890000E+03   1.1571223E-03   2.3076009E-03
   1.5469048E+03   3.3740000E+03   1.4920000E+03   1.2058812E-03   2.6330594E-03
   1.5469123E+03   3.4170000E+03   1.4890000E+03   1.4636706E-03   3.5815250E-03
   1.5469199E+03   3.3960000E+03   1.4950000E+03   8.4516878E-05   3.4605934E-04
   1.5469274E+03   3.3580000E+03   1.3960000E+03   1.1133415E-03   2.3256270E-03
   1.5469349E+03   3.4650000E+03   1.5510000E+03   3.1463974E-04   8.1361460E-04
   1.5469425E+03   3.5550000E+03   1.5590000E+03   3.8339696E-04   1.3456546E-03
   1.5469500E+03   3.4780000E+03   1.4950000E+03   4.8957741E-04   1.2824847E-03
   1.5469575E+03   3.4680000E+03   1.5110000E+03   8.7876747E-04   2.0995769E-03
   1.5469650E+03   3.5310000E+03   1.4690000E+03   6.1180196E-04   1.3669698E-03
   1.5469726E+03   3.5310000E+03   1.4910000E+03   1.2134884E-03   2.5826089E-03
   1.5469801E+03   3.5700000E+03   1.4900000E+03   1.1513644E-03   2.4875578E-03
   1.5469876E+03   3.6540000E+03   1.6270000E+03   7.7884320E-04   1.3946075E-03
   1.5469951E+03   3.6600000E+03   1.5600000E+03   6.5750454E-04   1.6806545E-03
   1.5470027E+03   3.6470000E+03   1.5600000E+03   5.7656098E-04   1.7229228E-03
   1.5470102E+03   3.5970000E+03   1.5430000E+03   1.2887305E-03   2.5058728E-03
   1.5470177E+03   3.7290000E+03   1.6030000E+03   1.0848417E-03   2.5493566E-03
   1.5470253E+03   3.7240000E+03   1.5690000E+03   3.8795769E-04   1.1586278E-03
   1.5470328E+03   3.7470000E+03   1.6040000E+03   7.9454527E-04   2.2573352E-03
   1.5470403E+03   3.7420000E+03   1.6180000E+03   5.7934323E-04   1.3404096E-03
   1.5470478E+03   3.6780000E+03   1.5270000E+03   1.1313281E-03   2.8405256E-03
   1.5470554E+03   3.7780000E+03   1.6230000E+03   1.3400576E-03   3.1978544E-03
   1.5470629E+03   3.7110000E+03   1.5640000E+03   7.3554769E-04   1.7711053E-03
   1.5470704E+03   3.7500000E+03   1.5920000E+03   3.2542140E-04   9.7239374E-04
   1.5470780E+03   3.8050000E+03   1.5750000E+03   9.8497913E-04   2.7797563E-03
   1.5470855E+03   3.9070000E+03   1.6480000E+03   4.9555882E-04   1.6471630E-03
   1.5470930E+03   3.9050000E+03   1.6810000E+03   8.1268848E-04   2.2849758E-03
   1.5471005E+03   3.6710000E+03   1.5010000E+03   1.0850473E-03   2.2010615E-03
   1.5471081E+03   3.8340000E+03   1.5820000E+03   7.9480349E-04   1.4024266E-03
   1.5471156E+03   3.9080000E+03   1.6560000E+03   5.0265839E-04   2.0041951E-03
   1.5471231E+03   4.0460000E+03   1.6520000E+03   1.0922199E-03   2.4830826E-03
   1.5471307E+03   3.8700000E+03   1.6460000E+03   9.4469097E-04   1.7067114E-03
   1.5471382E+03   3.8940000E+03   1.5750000E+03   4.1597223E-04   5.5083164E-04
   1.5471457E+03   4.0730000E+03   1.6560000E+03   6.0096994E-04   1.6729540E-03
   1.5471532E+03   4.0500000E+03   1.6760000E+03   2.3575536E-04   3.0996603E-04
   1.5471608E+03   4.0820000E+03   1.6740000E+03   9.2529704E-04   2.0713408E-03
   1.5471683E+03   4.0970000E+03   1.6420000E+03   4.6084797E-04   2.6939523E-04
   1.5471758E+03   4.0220000E+03   1.6560000E+03   2.5840424E-04   3.9162094E-04
   1.5471834E+03   4.1730000E+03   1.7150000E+03   3.7624019E-04   1.0540220E-03
   1.5471909E+03   4.1550000E+03   1.7260000E+03   9.9697787E-04   2.3240357E-03
   1.5471984E+03   4.2820000E+03   1.7530000E+03   9.4329735E-04   2.7562330E-03
   1.5472059E+03   4.2340000E+03   1.7270000E+03   1.8400061E-03   3.9980675E-03
   1.5472135E+03   4.2310000E+03   1.6860000E+03   2.0101353E-04   7.8687690E-04
   1.5472210E+03   4.2370000E+03   1.7120000E+03   5.6447532E-04   1.2876513E-03
   1.5472285E+03   4.3580000E+03   1.7970000E+03   9.3362046E-04   2.0130329E-03
   1.5472361E+03   4.3010000E+03   1.7590000E+03   9.0893038E-04   2.5391415E-03
   1.5472436E+03   4.1560000E+03   1.6510000E+03   1.3928822E-03   3.4577119E-03
   1.5472511E+03   4.2750000E+03   1.7140000E+03   2.5759086E-05   3.8842655E-04
   1.5472586E+03   4.2830000E+03   1.7290000E+03   1.0731946E-03   2.9108387E-03
   1.5472662E+03   4.3500000E+03   1.7820000E+03   1.7342122E-03   3.8902851E-03
   1.5472737E+03   4.4760000E+03   1.8510000E+03   1.2053773E-03   3.3706509E-03
   1.5472812E+03   4.3020000E+03   1.6970000E+03   1.1183654E-03   3.0974644E-03
   1.5472888E+03   4.3640000E+03   1.7310000E+03   1.0207204E-03   2.7886241E-03
   1.5472963E+03   4.4350000E+03   1.8030000E+03   1.9072555E-03   4.2390369E-03
   1.5473038E+03   4.5940000E+03   1.9020000E+03   7.8795510E-04   2.2360349E-03
   1.5473113E+03   4.4690000E+03   1.8410000E+03   5.9331339E-04   1.2298647E-03
   1.5473189E+03   4.5050000E+03   1.8280000E+03   2.7607353E-04   5.8980063E-04
   1.5473264E+03   4.5700000E+03   1.8330000E+03   8.0602679E-04   2.0739150E-03
   1.5473339E+03   4.5380000E+03   1.7790000E+03   9.6239323E-04   2.1238019E-03
   1.5473415E+03   4.5040000E+03   1.8020000E+03   4.7369402E-04   1.6039856E-03
   1.5473490E+03   4.6160000E+03   1.8340000E+03   1.3598017E-03   2.9809860E-03
   1.5473565E+03   4.5570000E+03   1.7960000E+03   7.8582450E-04   2.2282358E-03
   1.5473640E+03   4.5680000E+03   1.8090000E+03   8.5953806E-04   2.6352718E-03
   1.5473716E+03   4.8010000E+03   1.8950000E+03   1.2651962E-03   3.1019246E-03
   1.5473791E+03   4.5990000E+03   1.8580000E+03   1.4101227E-03   3.3158812E-03
   1.5473866E+03   4.6790000E+03   1.8230000E+03   7.2911199E-04   1.9909039E-03
   1.5473942E+03   4.5860000E+03   1.7640000E+03   6.2017700E-04   1.2453847E-03
   1.5474017E+03   4.7300000E+03   1.8710000E+03   6.9618617E-04   1.5974394E-03
   1.5474092E+03   4.7210000E+03   1.8780000E+03   7.6713459E-04   2.1518626E-03
   1.5474167E+03   4.7950000E+03   1.8280000E+03   2.6460770E-04   1.1946657E-03
   1.5474243E+03   4.9480000E+03   1.8570000E+03   1.5245487E-04   4.2055959E-04
   1.5474318E+03   4.7510000E+03   1.8230000E+03   3.5904830E-04   1.3386733E-03
   1.5474393E+03   4.8340000E+03   1.8800000E+03   8.7184346E-04   2.1468852E-03
   1.5474468E+03   4.8130000E+03   1.8130000E+03   8.1842165E-04   2.8423498E-03
   1.5474544E+03   4.7420000E+03   1.8310000E+03   1.2775102E-03   2.9288585E-03
   1.5474619E+03   4.8140000E+03   1.8890000E+03   1.8611745E-04   8.3028171E-04
   1.5474694E+03   4.7690000E+03   1.8960000E+03   2.1264086E-03   5.3688697E-03
   1.5474770E+03   4.9820000E+03   1.8880000E+03   8.0355207E-04   2.0382510E-03
   1.5474845E+03   4.9280000E+03   1.9060000E+03   6.8173319E-04   1.7829570E-03
   1.5474920E+03   4.9640000E+03   1.8980000E+03   1.5661950E-03   4.1087786E-03
   1.5474995E+03   4.8950000E+03   1.8910000E+03   1.0312347E-03   2.5833280E-03
   1.5475071E+03   4.9140000E+03   1.8500000E+03   3.3746742E-04   1.1345387E-03
   1.5475146E+03   5.1200000E+03   1.9970000E+03   9.0026651E-04   2.4357528E-03
   1.5475221E+03   5.1450000E+03   1.9010000E+03   1.7104283E-04   7.8547727E-04
   1.5475297E+03   5.0900000E+03   1.8760000E+03   7.1417082E-04   1.8356794E-03
   1.5475372E+03   5.2110000E+03   1.9790000E+03   7.3313376E-04   2.1255940E-03
   1.5475447E+03   5.0840000E+03   1.9160000E+03   1.0367894E-03   2.5848696E-03
   1.5475522E+03   5.1460000E+03   1.9900000E+03   1.4553313E-03   4.1031941E-03
   1.5475598E+03   5.1930000E+03   1.9910000E+03   3.2791013E-04   8.6397590E-04
   1.5475673E+03   5.2300000E+03   1.9210000E+03   6.6544702E-04   1.2893915E-03
   1.5475748E+03   5.2040000E+03   1.9630000E+03   3.5817953E-04   1.2553376E-03
   1.5475824E+03   5.3050000E+03   2.0020000E+03   3.6167820E-04   8.6499353E-04
   1.5475899E+03   5.3450000E+03   2.0340000E+03   1.3286591E-03   2.8586991E-03
   1.5475974E+03   5.2220000E+03   1.9600000E+03   5.5288622E-04   1.1056051E-03
   1.5476049E+03   5.3600000E+03   2.0130000E+03   1.6662066E-04   8.6167377E-05
   1.5476125E+03   5.2800000E+03   1.9550000E+03   3.8678562E-04   1.1719691E-03
   1.5476200E+03   5.2800000E+03   1.9660000E+03   5.3742673E-05   5.2149767E-04
   1.5476275E+03   5.2740000E+03   1.9560000E+03   8.3740596E-04   2.3413428E-03
   1.5476351E+03   5.3520000E+03   1.9940000E+03   1.8255660E-03   4.9357888E-03
   1.5476426E+03   5.4680000E+03   2.0650000E+03   5.3066638E-04   1.6771482E-03
   1.5476501E+03   5.4250000E+03   2.0480000E+03   5.6299398E-04   1.5411875E-03
   1.5476576E+03   5.4550000E+03   2.0000000E+03   1.4935453E-03   3.7179087E-03
   1.5476652E+03   5.4680000E+03   2.0170000E+03   9.7169327E-04   2.5743005E-03
   1.5476727E+03   5.4640000E+03   2.0510000E+03   1.8326802E-04   8.2789389E-04
   1.5476802E+03   5.5400000E+03   2.0570000E+03   1.2700770E-03   3.5907065E-03
   1.5476878E+03   5.4450000E+03   2.0200000E+03   6.4581483E-04   1.6520968E-03
   1.5476953E+03   5.6260000E+03   2.0570000E+03   1.1738535E-03   3.1039758E-03
   1.5477028E+03   5.5530000E+03   2.0580000E+03   6.5252707E-04   1.7524458E-03
   1.5477103E+03   5.6120000E+03   2.0740000E+03   5.4471181E-04   1.8253094E-03
   1.5477179E+03   5.5400000E+03   2.0230000E+03   9.1945400E-04   2.5384842E-03
   1.5477254E+03   5.5410000E+03   2.0130000E+03   6.7283449E-04   1.9973045E-03
   1.5477329E+03   5.7050000E+03   1.9840000E+03   8.4749362E-04   2.2010135E-03
   1.5477405E+03   5.6250000E+03   2.0860000E+03   1.2997332E-03   2.9328983E-03
   1.5477480E+03   5.7040000E+03   2.0960000E+03   1.2099746E-03   3.4239146E-03
   1.5477555E+03   5.7890000E+03   2.0960000E+03   1.4351796E-03   3.7599074E-03
   1.5477630E+03   5.5620000E+03   2.0340000E+03   9.5594746E-05   6.0616870E-04
   1.5477706E+03   5.6410000E+03   2.0820000E+03   3.8056862E-04   1.0130254E-03
   1.5477781E+03   5.7690000E+03   2.0900000E+03   3.1452947E-04   1.2221348E-03
   1.5477856E+03   5.7870000E+03   2.0890000E+03   4.4065446E-04   1.3470235E-03
   1.5477932E+03   5.8740000E+03   2.0700000E+03   8.5616168E-04   2.1337356E-03
   1.5478007E+03   5.8830000E+03   2.1150000E+03   1.1035826E-04   1.2372497E-04
   1.5478082E+03   5.8970000E+03   2.0740000E+03   7.0555866E-05   1.5068478E-04
   1.5478157E+03   5.7720000E+03   2.0830000E+03   2.4902638E-04   6.6300875E-04
   1.5478233E+03   6.0280000E+03   2.1960000E+03   1.1483715E-03   2.9409784E-03
   1.5478308E+03   5.8480000E+03   2.0770000E+03   4.8370352E-04   1.5502697E-03
   1.5478383E+03   5.8380000E+03   2.1150000E+03   6.1108668E-04   1.8628498E-03
   1.5478459E+03   5.9980000E+03   2.1420000E+03   7.8921961E-04   2.1044116E-03
   1.5478534E+03   5.8190000E+03   2.0540000E+03   5.9408142E-04   1.6706672E-03
   1.5478609E+03   5.9960000E+03   2.1600000E+03   7.9798580E-04   1.7086510E-03
   1.5478684E+03   5.9270000E+03   2.1730000E+03   1.9946018E-04   9.6567906E-04
   1.5478760E+03   6.0170000E+03   2.0810000E+03   3.6929044E-04   7.3929084E-04
   1.5478835E+03   6.1830000E+03   2.1820000E+03   8.4890277E-04   2.3734134E-03
   1.5478910E+03   6.0600000E+03   2.1630000E+03   5.7047672E-04   1.4901106E-03
   1.5478985E+03   6.1600000E+03   2.1700000E+03   7.9371737E-04   2.5359601E-03
   1.5479061E+03   6.0510000E+03   2.1370000E+03   6.5940403E-04   2.1307876E-03
   1.5479136E+03   6.0220000E+03   2.1130000E+03   1.4167519E-03   3.7289784E-03
   1.5479211E+03   5.9500000E+03   2.0770000E+03   6.3824416E-04   1.2460658E-03
   1.5479287E+03   6.2240000E+03   2.2120000E+03   1.1495026E-03   2.8318132E-03
   1.5479362E+03   6.3350000E+03   2.2290000E+03   1.0464221E-03   2.8214625E-03
   1.5479437E+03   6.2140000E+03   2.1500000E+03   7.0830147E-04   1.5961459E-03
   1.5479512E+03   6.1610000E+03   2.2120000E+03   1.5656653E-03   4.0228356E-03
   1.5479588E+03   6.3480000E+03   2.1990000E+03   1.5841911E-03   4.6244752E-03
   1.5479663E+03   6.3310000E+03   2.2270000E+03   3.5947893E-04   1.0124903E-03
   1.5479738E+03   6.3510000E+03   2.2320000E+03   1.9599905E-03   5.2507642E-03
   1.5479814E+03   6.3770000E+03   2.2100000E+03   8.2097128E-04   2.0147145E-03
   1.5479889E+03   6.3600000E+03   2.2420000E+03   4.0089887E-04   1.0455383E-03
   1.5479964E+03   6.4240000E+03   2.2630000E+03   2.1489941E-04   9.9154677E-04
   1.5480039E+03   6.4190000E+03   2.2070000E+03   8.3297503E-04   2.6046443E-03
   1.5480115E+03   6.3970000E+03   2.2300000E+03   1.0457007E-03   2.9407918E-03
   1.5480190E+03   6.3980000E+03   2.2300000E+03   7.5116228E-04   2.1944782E-03
   1.5480265E+03   6.5170000E+03   2.2760000E+03   1.4677733E-04   6.9176259E-04
   1.5480341E+03   6.5230000E+03   2.2850000E+03   8.8761269E-04   2.2101317E-03
   1.5480416E+03   6.5550000E+03   2.2050000E+03   7.5790826E-04   2.3648748E-03
   1.5480491E+03   6.7850000E+03   2.3360000E+03   7.7807891E-04   2.5315647E-03
   1.5480566E+03   6.5350000E+03   2.2870000E+03   9.7426573E-04   2.4754753E-03
   1.5480642E+03   6.3970000E+03   2.2310000E+03   1.6544081E-03   4.6943120E-03
   1.5480717E+03   6.4650000E+03   2.2470000E+03   3.2969407E-04   7.8424915E-04
   1.5480792E+03   6.5930000E+03   2.2720000E+03   9.3841220E-04   2.8254968E-03
   1.5480868E+03   6.7740000E+03   2.3640000E+03   4.9821224E-04   1.1046416E-03
   1.5480943E+03   6.7800000E+03   2.3790000E+03   5.3136958E-04   1.8031991E-03
   1.5481018E+03   6.6770000E+03   2.3140000E+03   2.6001040E-04   1.1426306E-03
   1.5481093E+03   6.7180000E+03   2.2940000E+03   1.9182320E-04   5.3811524E-04
   1.5481169E+03   6.7980000E+03   2.3590000E+03   8.8274350E-04   2.2082280E-03
   1.5481244E+03   6.7380000E+03   2.3560000E+03   8.7836025E-04   2.3144626E-03
   1.5481319E+03   6.6320000E+03   2.2600000E+03   5.5426143E-04   1.9427922E-03
   1.5481395E+03   6.8950000E+03   2.3150000E+03   4.9038396E-04   1.1864846E-03
   1.5481470E+03   6.8090000E+03   2.3170000E+03   2.8184875E-04   4.9342134E-04
   1.5481545E+03   6.8070000E+03   2.3300000E+03   8.4055116E-04   2.3314009E-03
   1.5481620E+03   6.7430000E+03   2.3190000E+03   1.6408757E-03   4.7957084E-03
   1.5481696E+03   6.6930000E+03   2.2270000E+03   8.3176316E-04   2.5040853E-03
   1.5481771E+03   6.7040000E+03   2.2670000E+03   1.1263500E-04   7.6164620E-04
   1.5481846E+03   6.8800000E+03   2.3470000E+03   1.2069387E-03   3.6392799E-03
   1.5481922E+03   6.9530000E+03   2.3670000E+03   5.9986949E-04   1.4484895E-03
   1.5481997E+03   6.9830000E+03   2.3710000E+03   7.9874866E-04   2.5267823E-03
   1.5482072E+03   6.7950000E+03   2.3710000E+03   7.2578714E-04   2.3609135E-03
   1.5482147E+03   7.0340000E+03   2.4120000E+03   6.3270130E-04   1.6343991E-03
   1.5482223E+03   6.9640000E+03   2.3890000E+03   1.1720694E-03   3.4405354E-03
   1.5482298E+03   6.9870000E+03   2.4210000E+03   1.4970014E-03   3.8655431E-03
   1.5482373E+03   6.8600000E+03   2.4290000E+03   3.6569355E-04   1.2463911E-03
   1.5482449E+03   6.9180000E+03   2.3840000E+03   3.7968731E-04   1.2438696E-03
   1.5482524E+03   7.0840000E+03   2.4200000E+03   5.5577104E-04   1.4895534E-03
   1.5482599E+03   7.1600000E+03   2.4190000E+03   2.2382530E-03   6.7705971E-03
   1.5482674E+03   7.0590000E+03   2.4450000E+03   5.3577469E-04   1.8363648E-03
   1.5482750E+03   7.0020000E+03   2.4030000E+03   6.3580382E-04   2.1369132E-03
   1.5482825E+03   7.0330000E+03   2.3530000E+03   1.0453797E-03   2.4112513E-03
   1.5482900E+03   7.0970000E+03   2.4110000E+03   1.3171970E-03   4.1546998E-03
   1.5482976E+03   6.9850000E+03   2.3720000E+03   7.5001652E-04   1.9917684E-03
   1.5483051E+03   7.0500000E+03   2.3110000E+03   1.5198455E-03   4.8660398E-03
   1.5483126E+03   7.1280000E+03   2.3880000E+03   6.8421110E-04   1.9857423E-03
   1.5483201E+03   7.0440000E+03   2.3700000E+03   3.9614747E-04   1.1788503E-03
   1.5483277E+03   7.0720000E+03   2.4110000E+03   1.0752658E-03   3.5948882E-03
   1.5483352E+03   7.2120000E+03   2.4170000E+03   9.2363863E-04   2.7272949E-03
   1.5483427E+03   7.1700000E+03   2.4140000E+03   4.9681149E-04   1.5373270E-03
   1.5483502E+03   7.1780000E+03   2.5020000E+03   8.8366104E-04   2.1310874E-03
   1.5483578E+03   7.1380000E+03   2.3360000E+03   8.4249481E-04   2.4758612E-03
   1.5483653E+03   7.3780000E+03   2.5610000E+03   3.1977186E-04   1.0948159E-03
   1.5483728E+03   7.1730000E+03   2.3990000E+03   4.1306349E-04   1.4315302E-03
   1.5483804E+03   7.2880000E+03   2.4680000E+03   8.2795896E-04   2.6956566E-03
   1.5483879E+03   7.2620000E+03   2.3860000E+03   1.2720658E-03   3.9257191E-03
   1.5483954E+03   7.3930000E+03   2.5040000E+03   7.2855133E-04   2.1115577E-03
   1.5484029E+03   7.3750000E+03   2.4840000E+03   4.2133897E-04   1.7751467E-03
   1.5484105E+03   7.3390000E+03   2.4820000E+03   4.4611107E-04   1.2600289E-03
   1.5484180E+03   7.2680000E+03   2.4100000E+03   5.9649423E-04   1.8904849E-03
   1.5484255E+03   7.2800000E+03   2.3610000E+03   7.9203512E-04   2.4066736E-03
   1.5484331E+03   7.2750000E+03   2.4270000E+03   1.5741544E-03   4.2636273E-03
   1.5484406E+03   7.5480000E+03   2.4800000E+03   2.2460966E-04   1.0996297E-03
   1.5484481E+03   7.2820000E+03   2.3710000E+03   1.1236369E-03   3.4460366E-03
   1.5484556E+03   7.3710000E+03   2.3980000E+03   6.2711135E-04   2.2802368E-03
   1.5484632E+03   7.5570000E+03   2.5380000E+03   4.4079736E-04   1.4704576E-03
   1.5484707E+03   7.4020000E+03   2.4650000E+03   1.3144159E-03   3.7285030E-03
   1.5484782E+03   7.6220000E+03   2.5970000E+03   1.7373262E-03   4.5363807E-03
   1.5484858E+03   7.4500000E+03   2.4640000E+03   5.2909704E-04   1.5489806E-03
   1.5484933E+03   7.4280000E+03   2.4750000E+03   8.4305966E-04   2.0836209E-03
   1.5485008E+03   7.4170000E+03   2.4890000E+03   5.6465021E-04   2.0663681E-03
   1.5485083E+03   7.6990000E+03   2.5580000E+03   5.5144152E-04   1.5507801E-03
   1.5485159E+03   7.6230000E+03   2.5590000E+03   4.7870564E-04   1.4527236E-03
   1.5485234E+03   7.4900000E+03   2.4870000E+03   7.2940539E-04   2.3416877E-03
   1.5485309E+03   7.6140000E+03   2.4640000E+03   8.2547904E-04   3.1754775E-03
   1.5485385E+03   7.5040000E+03   2.4950000E+03   9.8316786E-04   2.9253700E-03
   1.5485460E+03   7.6990000E+03   2.5570000E+03   1.7721430E-03   4.8557405E-03
   1.5485535E+03   7.5390000E+03   2.4880000E+03   1.1844879E-03   3.8742044E-03
   1.5485610E+03   7.6180000E+03   2.5330000E+03   1.4269398E-03   4.7759872E-03
   1.5485686E+03   7.6620000E+03   2.5890000E+03   6.6910810E-04   2.0022883E-03
   1.5485761E+03   7.6950000E+03   2.5250000E+03   8.4817755E-04   2.5001370E-03
   1.5485836E+03   7.6270000E+03   2.4740000E+03   8.0961849E-04   2.5298626E-03
   1.5485912E+03   7.7120000E+03   2.5790000E+03   1.3436327E-03   3.9498186E-03
   1.5485987E+03   7.5770000E+03   2.6080000E+03   7.4831745E-04   1.9031494E-03
   1.5486062E+03   7.7440000E+03   2.5380000E+03   1.0054643E-03   3.5491270E-03
   1.5486137E+03   7.6590000E+03   2.5100000E+03   6.8820501E-04   1.7859452E-03
   1.5486213E+03   7.6370000E+03   2.4590000E+03   6.1638410E-04   1.8646994E-03
   1.5486288E+03   7.7600000E+03   2.4910000E+03   5.0488760E-04   1.5076330E-03
   1.5486363E+03   7.7990000E+03   2.6020000E+03   5.9018683E-04   2.0513829E-03
   1.5486439E+03   7.8520000E+03   2.7120000E+03   6.5844999E-04   2.0509065E-03
   1.5486514E+03   7.7750000E+03   2.5560000E+03   7.6616220E-04   2.5188576E-03
   1.5486589E+03   7.6860000E+03   2.5670000E+03   8.7497765E-04   2.2773957E-03
   1.5486664E+03   7.9270000E+03   2.6170000E+03   1.3538852E-03   4.0149258E-03
   1.5486740E+03   7.9120000E+03   2.5850000E+03   9.4672504E-04   2.8005434E-03
   1.5486815E+03   8.0360000E+03   2.6900000E+03   2.4351148E-04   1.2249280E-03
   1.5486890E+03   7.8320000E+03   2.6060000E+03   4.1201541E-04   1.1496379E-03
   1.5486966E+03   7.8730000E+03   2.6210000E+03   5.0409761E-04   1.3669531E-03
   1.5487041E+03   7.7600000E+03   2.5720000E+03   1.2010402E-04   7.4668217E-04
   1.5487116E+03   7.7890000E+03   2.5890000E+03   5.2003784E-04   1.3326891E-03
   1.5487191E+03   7.8730000E+03   2.5960000E+03   4.0787839E-04   1.9693697E-03
   1.5487267E+03   7.8840000E+03   2.5920000E+03   1.0890489E-03   2.9244954E-03
   1.5487342E+03   8.1620000E+03   2.7160000E+03   4.2919489E-04   9.4944886E-04
   1.5487417E+03   7.8140000E+03   2.6090000E+03   8.7462440E-04   2.8150102E-03
   1.5487493E+03   8.0080000E+03   2.6340000E+03   9.3322257E-04   2.7680288E-03
   1.5487568E+03   7.8720000E+03   2.6340000E+03   5.0389719E-04   1.2247204E-03
   1.5487643E+03   8.0040000E+03   2.6780000E+03   1.8577632E-03   5.8052814E-03
   1.5487718E+03   7.8610000E+03   2.5850000E+03   1.0963597E-03   2.9222777E-03
   1.5487794E+03   7.9880000E+03   2.6440000E+03   1.4488712E-04   4.7748483E-04
   1.5487869E+03   8.0660000E+03   2.7010000E+03   6.5488412E-04   2.2535537E-03
   1.5487944E+03   8.0830000E+03   2.6240000E+03   9.9819806E-04   3.2120520E-03
   1.5488019E+03   8.0150000E+03   2.5330000E+03   4.0367633E-04   1.0184317E-03
   1.5488095E+03   7.9560000E+03   2.6150000E+03   2.1861974E-04   1.2282089E-03
   1.5488170E+03   8.0490000E+03   2.6090000E+03   9.0228227E-04   2.2570652E-03
   1.5488245E+03   8.1680000E+03   2.6560000E+03   8.0754552E-04   2.2312717E-03
   1.5488321E+03   7.8980000E+03   2.6570000E+03   9.3231717E-04   2.2112902E-03
   1.5488396E+03   7.7550000E+03   2.4980000E+03   2.9462303E-04   1.8079221E-03
   1.5488471E+03   8.0070000E+03   2.7060000E+03   1.1895170E-03   3.5216838E-03
   1.5488546E+03   7.9370000E+03   2.6470000E+03   5.7562210E-04   1.6573913E-03
   1.5488622E+03   8.1270000E+03   2.6490000E+03   1.2196489E-03   4.1380743E-03
   1.5488697E+03   8.0420000E+03   2.5800000E+03   3.0040959E-04   8.8677969E-04
   1.5488772E+03   8.0060000E+03   2.6360000E+03   9.4674628E-04   2.7759727E-03
   1.5488848E+03   8.2120000E+03   2.7310000E+03   4.8509203E-04   1.1411708E-03
   1.5488923E+03   8.1330000E+03   2.6550000E+03   3.5951193E-04   8.6876679E-04
   1.5488998E+03   8.0980000E+03   2.6230000E+03   3.9695484E-04   1.8413400E-03
   1.5489073E+03   8.1880000E+03   2.7490000E+03   1.0519677E-03   2.5833974E-03
   1.5489149E+03   8.1550000E+03   2.6640000E+03   8.7926157E-04   2.9382035E-03
   1.5489224E+03   8.2260000E+03   2.7080000E+03   4.0515392E-04   1.2627502E-03
   1.5489299E+03   8.2210000E+03   2.7090000E+03   1.3234666E-03   3.3902334E-03
   1.5489375E+03   8.2560000E+03   2.7570000E+03   6.8617854E-04   2.0860539E-03
   1.5489450E+03   8.2150000E+03   2.7110000E+03   1.3614573E-03   4.1230232E-03
   1.5489525E+03   8.1760000E+03   2.6320000E+03   1.0358241E-03   3.0976066E-03
   1.5489600E+03   8.3090000E+03   2.8100000E+03   6.7203500E-04   2.0239674E-03
   1.5489676E+03   8.3520000E+03   2.6770000E+03   7.9753696E-04   2.4612865E-03
   1.5489751E+03   8.3080000E+03   2.7510000E+03   6.2368121E-04   1.7704465E-03
   1.5489826E+03   8.2310000E+03   2.7690000E+03   4.8339857E-04   1.1973314E-03
   1.5489902E+03   8.2220000E+03   2.7800000E+03   1.5245431E-03   4.2348281E-03
   1.5489977E+03   8.2360000E+03   2.7500000E+03   1.1388143E-03   3.1892829E-03
   1.5490052E+03   8.3170000E+03   2.7570000E+03   1.1310455E-03   3.2896766E-03
   1.5490127E+03   8.2200000E+03   2.7520000E+03   4.8516531E-04   1.0355726E-03
   1.5490203E+03   8.2970000E+03   2.7150000E+03   5.1879801E-04   1.9726174E-03
   1.5490278E+03   8.1120000E+03   2.6840000E+03   6.8628855E-04   1.5462499E-03
   1.5490353E+03   8.2950000E+03   2.7100000E+03   5.6054965E-04   1.3691637E-03
   1.5490429E+03   8.3480000E+03   2.7530000E+03   2.9552206E-04   8.2731668E-04
   1.5490504E+03   8.1400000E+03   2.6120000E+03   4.2810162E-04   1.0991604E-03
   1.5490579E+03   8.3700000E+03   2.7800000E+03   8.7349400E-04   2.5691723E-03
   1.5490654E+03   8.4730000E+03   2.8200000E+03   5.7565548E-04   1.6236997E-03
   1.5490730E+03   8.3740000E+03   2.8320000E+03   1.0535976E-03   3.1447362E-03
   1.5490805E+03   8.4290000E+03   2.9000000E+03   3.5107226E-04   1.2157131E-03
   1.5490880E+03   8.2870000E+03   2.7800000E+03   1.7029090E-03   5.1138613E-03
   1.5490956E+03   8.5000000E+03   2.8780000E+03   4.6222493E-04   9.2655265E-04
   1.5491031E+03   8.1320000E+03   2.7020000E+03   4.5656154E-04   7.3638327E-04
   1.5491106E+03   8.4290000E+03   2.7560000E+03   7.8089907E-04   2.7607783E-03
   1.5491181E+03   8.3000000E+03   2.7390000E+03   9.4214013E-04   2.7991731E-03
   1.5491257E+03   8.4880000E+03   2.8350000E+03   1.0870702E-03   2.9077689E-03
   1.5491332E+03   8.3860000E+03   2.7750000E+03   6.4959532E-04   2.0492143E-03
   1.5491407E+03   8.5170000E+03   2.8140000E+03   7.0069709E-04   1.9687350E-03
   1.5491483E+03   8.3330000E+03   2.7680000E+03   4.7985485E-04   1.2481972E-03
   1.5491558E+03   8.4490000E+03   2.8060000E+03   4.7300316E-04   1.5809867E-03
   1.5491633E+03   8.4800000E+03   2.8100000E+03   6.7044283E-04   2.1883589E-03
   1.5491708E+03   8.6070000E+03   2.8470000E+03   4.0261254E-04   1.0433950E-03
   1.5491784E+03   8.3740000E+03   2.7180000E+03   9.5900800E-04   3.6608104E-03
   1.5491859E+03   8.3750000E+03   2.8160000E+03   1.1490786E-03   3.0383076E-03
   1.5491934E+03   8.5330000E+03   2.8050000E+03   8.8723017E-04   2.1741762E-03
   1.5492010E+03   8.3820000E+03   2.8270000E+03   1.0245431E-03   2.6549573E-03
   1.5492085E+03   8.1610000E+03   2.7240000E+03   3.7478294E-04   1.2430292E-03
   1.5492160E+03   8.4240000E+03   2.7690000E+03   8.7086006E-04   2.9203405E-03
   1.5492235E+03   8.5430000E+03   2.8450000E+03   1.0070426E-03   2.8683695E-03
   1.5492311E+03   8.4860000E+03   2.8280000E+03   5.3067714E-04   1.6675624E-03
   1.5492386E+03   8.4920000E+03   2.7760000E+03   3.6908227E-04   5.3584059E-04
   1.5492461E+03   8.5040000E+03   2.8510000E+03   6.2137576E-04   2.0699190E-03
   1.5492536E+03   8.4810000E+03   2.8750000E+03   9.9768884E-04   3.1903474E-03
   1.5492612E+03   8.5160000E+03   2.9260000E+03   6.4175500E-04   1.2737719E-03
   1.5492687E+03   8.4440000E+03   2.7870000E+03   4.1449713E-04   1.5993786E-03
   1.5492762E+03   8.4440000E+03   2.8600000E+03   6.8924136E-04   1.9433194E-03
   1.5492838E+03   8.3590000E+03   2.7970000E+03   5.5546197E-04   2.0140718E-03
   1.5492913E+03   8.4750000E+03   2.8250000E+03   3.2088319E-04   1.0165966E-03
   1.5492988E+03   8.4380000E+03   2.8250000E+03   5.6251413E-04   1.7918553E-03
   1.5493063E+03   8.4850000E+03   2.8510000E+03   7.9136777E-04   2.1877716E-03
   1.5493139E+03   8.3900000E+03   2.8730000E+03   7.9076005E-04   1.9810421E-03
   1.5493214E+03   8.4090000E+03   2.7810000E+03   5.5816385E-04   2.2432005E-03
   1.5493289E+03   8.4530000E+03   2.8890000E+03   3.5296541E-04   1.2983036E-03
   1.5493365E+03   8.5170000E+03   2.8430000E+03   2.6973335E-04   4.2594352E-04
   1.5493440E+03   8.4040000E+03   2.8300000E+03   1.1850721E-03   3.6264303E-03
   1.5493515E+03   8.5420000E+03   2.8150000E+03   8.3037954E-04   2.5836125E-03
   1.5493590E+03   8.3730000E+03   2.8050000E+03   7.5437745E-04   1.6803394E-03
   1.5493666E+03   8.5230000E+03   2.8700000E+03   5.7451215E-04   2.0634667E-03
   1.5493741E+03   8.4430000E+03   2.8520000E+03   2.7163273E-04   8.4209608E-04
   1.5493816E+03   8.4330000E+03   2.8160000E+03   4.6250240E-04   1.1129086E-03
   1.5493892E+03   8.5430000E+03   2.8890000E+03   9.3082932E-04   2.9865113E-03
   1.5493967E+03   8.4860000E+03   2.8500000E+03   5.0755316E-04   1.2290966E-03
   1.5494042E+03   8.5900000E+03   2.8980000E+03   5.0367723E-04   1.3687940E-03
   1.5494117E+03   8.5280000E+03   2.8060000E+03   6.7439445E-04   2.0558222E-03
   1.5494193E+03   8.6440000E+03   2.7800000E+03   4.6022779E-04   1.4822796E-03
   1.5494268E+03   8.5530000E+03   2.9200000E+03   4.1040942E-04   1.0392955E-03
   1.5494343E+03   8.5400000E+03   2.9080000E+03   8.8484224E-04   2.9460914E-03
   1.5494419E+03   8.3800000E+03   2.7780000E+03   2.7735805E-04   2.9309295E-04
   1.5494494E+03   8.6630000E+03   2.8290000E+03   4.5905280E-04   1.5415531E-03
   1.5494569E+03   8.5200000E+03   2.9610000E+03   1.4256178E-04   1.4418172E-04
   1.5494644E+03   8.5280000E+03   2.8660000E+03   6.9399561E-04   1.9912086E-03
   1.5494720E+03   8.6110000E+03   2.8580000E+03   8.0879100E-04   2.4250301E-03
   1.5494795E+03   8.6840000E+03   3.0030000E+03   4.6292022E-04   1.5278134E-03
   1.5494870E+03   8.4590000E+03   2.8970000E+03   6.4978882E-04   1.4997500E-03
   1.5494946E+03   8.6660000E+03   2.9680000E+03   9.7559970E-04   3.1155803E-03
   1.5495021E+03   8.5130000E+03   2.9430000E+03   1.1861306E-03   3.7760994E-03
   1.5495096E+03   8.7130000E+03   2.9780000E+03   8.7129552E-04   2.4603677E-03
   1.5495171E+03   8.5590000E+03   2.9370000E+03   1.1477928E-03   3.6362729E-03
   1.5495247E+03   8.4260000E+03   2.8380000E+03   5.6481934E-04   1.4516464E-03
   1.5495322E+03   8.6180000E+03   2.9670000E+03   5.5245478E-04   1.6433053E-03
   1.5495397E+03   8.4500000E+03   2.8870000E+03   9.2344996E-04   2.9289395E-03
   1.5495473E+03   8.5210000E+03   2.9240000E+03   5.0307495E-04   1.4336859E-03
   1.5495548E+03   8.5840000E+03   2.8300000E+03   6.8110367E-04   2.1662338E-03
   1.5495623E+03   8.6610000E+03   2.9500000E+03   9.5366423E-04   2.7590083E-03
   1.5495698E+03   8.6880000E+03   3.0130000E+03   3.1681035E-04   5.5825695E-04
   1.5495774E+03   8.7220000E+03   2.9070000E+03   6.6207652E-04   1.8891768E-03
   1.5495849E+03   8.4790000E+03   2.8700000E+03   1.2751222E-03   3.7462174E-03
   1.5495924E+03   8.7420000E+03   3.0500000E+03   4.7389809E-04   1.1021620E-03
   1.5496000E+03   8.6150000E+03   3.0120000E+03   5.9008052E-04   1.3121401E-03
   1.5496075E+03   8.6640000E+03   2.9210000E+03   7.8939335E-04   2.1443536E-03
   1.5496150E+03   8.6250000E+03   2.8660000E+03   7.8577076E-04   2.7302886E-03
   1.5496225E+03   8.8670000E+03   3.0690000E+03   1.2361796E-03   3.6533846E-03
   1.5496301E+03   8.6740000E+03   3.0570000E+03   5.5490634E-04   1.9362436E-03
   1.5496376E+03   8.6940000E+03   2.9560000E+03   8.1979064E-04   2.3621576E-03
   1.5496451E+03   8.5850000E+03   2.9090000E+03   4.6217945E-04   1.2885975E-03
   1.5496527E+03   8.5440000E+03   2.8850000E+03   1.7263725E-03   5.0309588E-03
   1.5496602E+03   8.5530000E+03   2.8650000E+03   3.4764559E-04   1.5280093E-03
   1.5496677E+03   8.7250000E+03   3.0130000E+03   3.2052836E-04   8.5287832E-04
   1.5496752E+03   8.6210000E+03   2.8920000E+03   6.6358813E-04   2.0387108E-03
   1.5496828E+03   8.5560000E+03   2.9800000E+03   2.2728165E-04   7.3743725E-04
   1.5496903E+03   8.6520000E+03   3.0510000E+03   7.2096544E-04   2.1167030E-03
   1.5496978E+03   8.7710000E+03   3.0100000E+03   6.6530141E-04   1.7524543E-03
   1.5497053E+03   8.5980000E+03   3.0110000E+03   1.0172395E-03   2.5784095E-03
   1.5497129E+03   8.6500000E+03   2.9620000E+03   8.3718336E-04   2.4206290E-03
   1.5497204E+03   8.7160000E+03   2.9580000E+03   5.9027723E-04   1.7718308E-03
   1.5497279E+03   8.5800000E+03   3.0360000E+03   1.2231027E-03   3.4887435E-03
   1.5497355E+03   8.5970000E+03   2.9980000E+03   4.3662093E-04   1.0897958E-03
   1.5497430E+03   8.7740000E+03   3.1000000E+03   4.2723158E-04   1.3349276E-03
   1.5497505E+03   8.7010000E+03   3.0080000E+03   1.0610259E-03   3.3886682E-03
   1.5497580E+03   8.5850000E+03   2.8390000E+03   1.1345552E-03   3.3423744E-03
   1.5497656E+03   8.7510000E+03   3.0330000E+03   1.2976808E-03   3.3301980E-03
   1.5497731E+03   8.8820000E+03   3.0240000E+03   3.5388701E-04   5.7115446E-04
   1.5497806E+03   8.6860000E+03   2.9990000E+03   3.2257175E-04   6.0032816E-04
   1.5497882E+03   8.7230000E+03   2.9820000E+03   7.4354924E-04   2.2123497E-03
   1.5497957E+03   8.7270000E+03   2.9460000E+03   6.3162959E-04   9.0354508E-04
   1.5498032E+03   8.9130000E+03   3.0620000E+03   5.7887525E-04   1.6114737E-03
   1.5498107E+03   8.5830000E+03   3.0080000E+03   6.2949067E-05   1.1477200E-04
   1.5498183E+03   8.7800000E+03   2.9750000E+03   1.7870007E-03   5.2835802E-03
   1.5498258E+03   8.7170000E+03   3.0200000E+03   8.3281028E-04   2.0318957E-03
   1.5498333E+03   8.6760000E+03   2.9640000E+03   1.4969916E-03   3.5867218E-03
   1.5498409E+03   8.7630000E+03   2.9790000E+03   8.9478938E-04   3.0073100E-03
   1.5498484E+03   8.5880000E+03   3.0010000E+03   1.4076300E-03   4.2280665E-03
   1.5498559E+03   8.5590000E+03   2.9850000E+03   3.8511233E-04   1.4097216E-03
   1.5498634E+03   8.7310000E+03   3.0770000E+03   6.0061282E-04   2.1313102E-03
   1.5498710E+03   8.5950000E+03   2.9550000E+03   6.7132938E-04   1.8556909E-03
   1.5498785E+03   8.5130000E+03   3.0150000E+03   9.1738667E-04   2.8291185E-03
   1.5498860E+03   8.6550000E+03   2.9910000E+03   1.1412985E-03   3.1232761E-03
   1.5498936E+03   8.7980000E+03   3.0740000E+03   4.5612925E-04   9.7403702E-04
   1.5499011E+03   8.8190000E+03   3.1070000E+03   1.1879528E-03   3.2385256E-03
   1.5499086E+03   8.5210000E+03   2.9020000E+03   5.4663699E-04   1.6811795E-03
   1.5499161E+03   8.8500000E+03   3.0780000E+03   4.8215246E-04   1.3257750E-03
   1.5499237E+03   8.8650000E+03   3.1470000E+03   3.2891607E-04   6.1202088E-04
   1.5499312E+03   8.6440000E+03   3.0310000E+03   6.8931552E-04   1.9259767E-03
   1.5499387E+03   8.7930000E+03   3.1280000E+03   1.0748996E-03   3.0165255E-03
   1.5499463E+03   8.8360000E+03   3.0330000E+03   8.6930191E-04   2.1948472E-03
   1.5499538E+03   8.8590000E+03   3.0810000E+03   6.4256528E-04   2.0466422E-03
   1.5499613E+03   8.7520000E+03   3.0520000E+03   6.8252877E-04   1.8844672E-03
   1.5499688E+03   8.6890000E+03   2.9630000E+03   3.9676314E-04   1.4345743E-03
   1.5499764E+03   8.5630000E+03   3.0530000E+03   1.3471248E-03   3.8996865E-03
   1.5499839E+03   8.8170000E+03   3.1020000E+03   3.9211027E-04   8.7143503E-04
   1.5499914E+03   8.5770000E+03   3.0340000E+03   4.4031531E-04   1.9379416E-03
   1.5499990E+03   8.6970000E+03   3.0580000E+03   4.2617675E-04   1.0884020E-03
   1.5500065E+03   8.7580000E+03   3.0660000E+03   1.0990249E-03   3.5999541E-03
   1.5500140E+03   8.6140000E+03   3.0680000E+03   2.3394191E-04   6.1303166E-04
   1.5500215E+03   8.9130000E+03   3.2180000E+03   2.1772707E-04   5.5781939E-04
   1.5500291E+03   8.5920000E+03   3.0490000E+03   2.7475872E-04   7.3603427E-04
   1.5500366E+03   8.7900000E+03   3.0680000E+03   1.4876847E-03   3.3201414E-03
   1.5500441E+03   8.9050000E+03   3.1040000E+03   1.0858763E-03   2.6741384E-03
   1.5500517E+03   8.6030000E+03   2.9710000E+03   3.5542509E-04   2.0730220E-03
   1.5500592E+03   8.7340000E+03   3.1000000E+03   1.4404689E-03   3.9214407E-03
   1.5500667E+03   8.7230000E+03   2.9550000E+03   1.4964171E-03   4.5958729E-03
   1.5500742E+03   8.8180000E+03   3.0980000E+03   8.3249004E-04   2.2301946E-03
   1.5500818E+03   8.7420000E+03   3.0530000E+03   8.6235690E-04   2.9043391E-03
   1.5500893E+03   8.6910000E+03   3.0620000E+03   7.0550739E-04   1.9882108E-03
   1.5500968E+03   8.6400000E+03   3.0930000E+03   1.1742784E-04   4.7089084E-04
   1.5501044E+03   8.8620000E+03   3.1920000E+03   1.0013032E-03   2.4069255E-03
   1.5501119E+03   8.7660000E+03   3.0840000E+03   2.6282641E-04   8.2568697E-04
   1.5501194E+03   8.7120000E+03   3.0100000E+03   7.1292677E-04   2.1751170E-03
   1.5501269E+03   8.6920000E+03   3.0860000E+03   8.3410063E-04   2.0840631E-03
   1.5501345E+03   8.6730000E+03   2.9940000E+03   8.7473320E-04   3.0612826E-03
   1.5501420E+03   8.8160000E+03   3.1440000E+03   7.2154655E-04   2.4466246E-03
   1.5501495E+03   8.6260000E+03   3.0010000E+03   8.0836677E-04   2.3293634E-03
   1.5501571E+03   8.8400000E+03   3.1350000E+03   7.8054177E-04   2.2124702E-03
   1.5501646E+03   8.7600000E+03   3.1040000E+03   8.2495012E-04   2.2571018E-03
   1.5501721E+03   8.7620000E+03   3.0610000E+03   8.0083751E-04   2.3490926E-03
   1.5501796E+03   8.8780000E+03   3.1170000E+03   1.2550206E-03   3.5304474E-03
   1.5501872E+03   8.7590000E+03   3.1170000E+03   3.8186235E-04   1.2643913E-03
   1.5501947E+03   8.7370000E+03   3.0470000E+03   3.3587778E-04   7.3306455E-04
   1.5502022E+03   8.9230000E+03   3.0970000E+03   1.3555575E-03   4.2002173E-03
   1.5502097E+03   8.9110000E+03   3.0790000E+03   7.6981175E-04   2.4091600E-03
   1.5502173E+03   8.8110000E+03   3.1200000E+03   4.5201582E-04   1.0373260E-03
   1.5502248E+03   8.8150000E+03   3.1440000E+03   5.2346122E-04   1.3543593E-03
   1.5502323E+03   8.5980000E+03   3.0880000E+03   8.7435578E-04   2.6538855E-03
   1.5502399E+03   8.8400000E+03   3.1910000E+03   7.0544728E-04   1.1973876E-03
   1.5502474E+03   8.7850000E+03   3.0580000E+03   1.1237877E-03   2.9150182E-03
   1.5502549E+03   8.6330000E+03   3.0080000E+03   3.5504105E-04   5.6395807E-04
   1.5502624E+03   8.7910000E+03   3.1280000E+03   2.7493320E-04   6.2845607E-04
   1.5502700E+03   8.7260000E+03   3.0740000E+03   1.0572052E-03   2.3312933E-03
   1.5502775E+03   8.7420000E+03   3.1100000E+03   1.0459092E-03   3.0204402E-03
   1.5502850E+03   8.8000000E+03   3.0960000E+03   3.2550168E-04   5.4490007E-04
   1.5502926E+03   8.6130000E+03   3.1070000E+03   9.3904354E-04   2.7903792E-03
   1.5503001E+03   8.6590000E+03   3.1180000E+03   3.3009455E-04   1.2907048E-03
   1.5503076E+03   8.6000000E+03   2.9880000E+03   8.5501386E-04   2.6850004E-03
   1.5503151E+03   8.7750000E+03   3.1440000E+03   9.4021262E-04   2.7367760E-03
   1.5503227E+03   8.6770000E+03   3.0920000E+03   1.4189945E-03   3.7537991E-03
   1.5503302E+03   8.8110000E+03   3.1980000E+03   9.2726649E-04   2.3928307E-03
   1.5503377E+03   8.7740000E+03   3.0570000E+03   4.4254440E-04   1.2975204E-03
   1.5503453E+03   8.9960000E+03   3.1940000E+03   6.8405434E-04   1.7598961E-03
   1.5503528E+03   8.6460000E+03   3.0750000E+03   1.0087448E-03   2.6699430E-03
   1.5503603E+03   8.6840000E+03   3.1030000E+03   5.9193002E-04   1.3592985E-03
   1.5503678E+03   8.8340000E+03   3.1490000E+03   1.1027380E-03   2.5252586E-03
   1.5503754E+03   8.7510000E+03   3.1060000E+03   3.4603076E-04   4.1718899E-04
   1.5503829E+03   8.8930000E+03   3.1990000E+03   8.9645087E-04   2.7751688E-03
   1.5503904E+03   8.5640000E+03   3.0530000E+03   1.7013305E-03   4.6455645E-03
   1.5503980E+03   8.8130000E+03   3.1310000E+03   4.7676568E-04   1.6540063E-03
   1.5504055E+03   8.7870000E+03   3.1760000E+03   9.6500548E-04   2.0045552E-03
   1.5504130E+03   8.7680000E+03   3.0160000E+03   8.3030340E-04   2.3597266E-03
   1.5504205E+03   8.6950000E+03   3.1310000E+03   4.9998625E-04   9.3176348E-04
   1.5504281E+03   8.4970000E+03   3.0120000E+03   1.9878114E-04   6.1539656E-04
   1.5504356E+03   8.7470000E+03   3.1190000E+03   1.8345181E-04   9.6711354E-04
   1.5504431E+03   8.6960000E+03   2.9990000E+03   1.0095693E-03   3.4512449E-03
   1.5504507E+03   8.7600000E+03   3.1460000E+03   7.1933213E-04   2.2095731E-03
   1.5504582E+03   8.7430000E+03   3.1340000E+03   8.7253627E-04   2.5303693E-03
   1.5504657E+03   8.8200000E+03   3.1520000E+03   8.1521038E-04   1.9443503E-03
   1.5504732E+03   8.7950000E+03   3.1520000E+03   1.8171087E-04   5.2124025E-04
   1.5504808E+03   8.9830000E+03   3.2010000E+03   8.1434299E-04   2.5255504E-03
   1.5504883E+03   8.6380000E+03   3.1220000E+03   4.7610322E-04   1.9548940E-03
   1.5504958E+03   8.7470000E+03   3.1440000E+03   2.4050586E-04   3.1291174E-04
   1.5505034E+03   8.6960000E+03   3.0710000E+03   2.4946054E-04   1.3972668E-03
   1.5505109E+03   8.7370000E+03   3.0260000E+03   1.1749700E-03   2.5348292E-03
   1.5505184E+03   8.7770000E+03   3.1040000E+03   4.5160666E-04   1.5761469E-03
   1.5505259E+03   8.8440000E+03   3.1160000E+03   6.4341133E-05   7.8131664E-04
   1.5505335E+03   8.5520000E+03   3.1050000E+03   1.2411019E-03   2.8693958E-03
   1.5505410E+03   8.8230000E+03   3.1580000E+03   3.8332369E-04   6.5648883E-04
   1.5505485E+03   8.8430000E+03   3.0980000E+03   5.0377111E-04   8.7075013E-04
   1.5505561E+03   8.6240000E+03   3.0570000E+03   3.3112400E-04   1.5570700E-03
   1.5505636E+03   8.6110000E+03   3.0840000E+03   3.6993540E-04   1.0330331E-03
   1.5505711E+03   8.7260000E+03   3.1180000E+03   4.5955885E-04   1.4408776E-03
   1.5505786E+03   8.8020000E+03   3.1390000E+03   2.0379679E-03   5.8341049E-03
   1.5505862E+03   8.7660000E+03   3.1470000E+03   1.3057413E-03   3.0758821E-03
   1.5505937E+03   8.7510000E+03   3.1400000E+03   6.9330994E-04   1.6201111E-03
   1.5506012E+03   8.7470000E+03   3.1820000E+03   1.2970594E-03   3.5954669E-03
   1.5506087E+03   8.7000000E+03   2.9880000E+03   6.1984140E-04   1.9715823E-03
   1.5506163E+03   8.7260000E+03   3.0670000E+03   2.0316552E-03   5.4846035E-03
   1.5506238E+03   8.9910000E+03   3.1410000E+03   5.2652548E-04   2.3311039E-03
   1.5506313E+03   8.7400000E+03   3.0640000E+03   2.0820597E-04   1.1207975E-03
   1.5506389E+03   8.8170000E+03   3.0720000E+03   2.6794760E-04   4.8323175E-04
   1.5506464E+03   8.7120000E+03   3.1010000E+03   1.5045549E-03   3.8392181E-03
   1.5506539E+03   8.7340000E+03   3.1160000E+03   6.8478860E-04   2.1066098E-03
   1.5506614E+03   8.8710000E+03   3.1130000E+03   1.4513809E-03   3.6822802E-03
   1.5506690E+03   8.7000000E+03   3.1170000E+03   8.6499800E-04   2.2710448E-03
   1.5506765E+03   8.8390000E+03   3.2120000E+03   4.3863811E-04   2.3261599E-03
   1.5506840E+03   8.8920000E+03   3.1680000E+03   2.8392557E-04   4.6287687E-04
   1.5506916E+03   8.7140000E+03   3.0860000E+03   1.2040497E-03   2.7019291E-03
   1.5506991E+03   8.5510000E+03   3.0160000E+03   3.8002226E-04   1.3390547E-03
   1.5507066E+03   8.7460000E+03   3.1520000E+03   1.4787461E-03   3.3592014E-03
   1.5507141E+03   8.7140000E+03   3.1900000E+03   5.7007704E-04   1.5324109E-03
   1.5507217E+03   8.7250000E+03   3.0440000E+03   1.6497201E-04   6.0402157E-04
   1.5507292E+03   8.5910000E+03   3.0940000E+03   6.5488041E-04   1.0993770E-03
   1.5507367E+03   8.5060000E+03   3.0540000E+03   2.4173897E-04   9.7986548E-04
   1.5507443E+03   8.7340000E+03   3.1610000E+03   5.1861201E-04   1.4073313E-03
   1.5507518E+03   8.7010000E+03   3.0880000E+03   1.7177764E-04   9.0609459E-05
   1.5507593E+03   8.5660000E+03   3.0480000E+03   8.1835995E-05   1.1614592E-03
   1.5507668E+03   8.6740000E+03   3.1040000E+03   1.0398153E-03   2.6863796E-03
   1.5507744E+03   8.8720000E+03   3.1750000E+03   4.1063636E-04   1.5931323E-03
   1.5507819E+03   8.6580000E+03   3.0780000E+03   1.2892069E-03   2.6904437E-03
   1.5507894E+03   8.6360000E+03   3.1290000E+03   1.8267331E-04   7.4015361E-04
   1.5507970E+03   8.6210000E+03   3.0880000E+03   1.8538758E-03   4.9049648E-03
   1.5508045E+03   8.7260000E+03   3.1560000E+03   5.9156773E-04   1.8630956E-03
   1.5508120E+03   8.7430000E+03   3.1150000E+03   4.9334956E-04   1.7895369E-03
   1.5508195E+03   8.6620000E+03   3.1180000E+03   1.3032736E-03   2.8427680E-03
   1.5508271E+03   8.7310000E+03   3.1750000E+03   1.1835793E-03   2.0004624E-03
   1.5508346E+03   8.5440000E+03   3.0400000E+03   9.6328653E-04   2.5670385E-03
   1.5508421E+03   8.5620000E+03   3.1110000E+03   3.4977186E-04   1.7911413E-03
   1.5508497E+03   8.6720000E+03   3.1430000E+03   5.1796408E-04   1.5400012E-03
   1.5508572E+03   8.5900000E+03   3.0500000E+03   3.3884364E-04   1.9597427E-03
   1.5508647E+03   8.5270000E+03   3.1130000E+03   1.2256585E-03   2.4214027E-03
   1.5508722E+03   8.6490000E+03   3.1110000E+03   6.7590296E-04   2.0455111E-03
   1.5508798E+03   8.5800000E+03   2.9890000E+03   1.1943775E-03   2.9054686E-03
   1.5508873E+03   8.7700000E+03   3.1260000E+03   4.8655841E-04   5.8611565E-04
   1.5508948E+03   8.7850000E+03   3.1580000E+03   1.5627880E-03   3.4876746E-03
   1.5509024E+03   8.6690000E+03   3.1320000E+03   8.6543437E-04   2.1992008E-03
   1.5509099E+03   8.8340000E+03   3.2010000E+03   4.3545585E-04   9.1468262E-04
   1.5509174E+03   8.6080000E+03   3.0760000E+03   5.2561023E-04   4.8670302E-04
   1.5509249E+03   8.5210000E+03   3.0520000E+03   1.2041781E-03   3.7331813E-03
   1.5509325E+03   8.6500000E+03   3.1120000E+03   9.5835663E-04   1.8054145E-03
   1.5509400E+03   8.5530000E+03   3.0360000E+03   5.0219083E-05   2.2909676E-04
   1.5509475E+03   8.7620000E+03   3.1970000E+03   8.8832236E-04   2.4783277E-03
   1.5509551E+03   8.5310000E+03   3.0900000E+03   7.8788860E-04   2.1725626E-03
   1.5509626E+03   8.6870000E+03   3.0750000E+03   1.6010593E-03   3.6729503E-03
   1.5509701E+03   8.6210000E+03   3.1420000E+03   7.8939933E-04   1.2508714E-03
   1.5509776E+03   8.5050000E+03   3.0240000E+03   5.5798910E-04   3.9311498E-04
   1.5509852E+03   8.5260000E+03   3.0550000E+03   1.1983973E-03   2.1905369E-03
   1.5509927E+03   8.6070000E+03   3.0690000E+03   4.0672970E-04   2.2689930E-03
   1.5510002E+03   8.5700000E+03   3.0350000E+03   8.9400096E-04   1.8676202E-03
   1.5510078E+03   8.5910000E+03   3.0820000E+03   1.6746506E-03   4.4950897E-03
   1.5510153E+03   8.5120000E+03   3.1260000E+03   2.2434407E-04   3.9906637E-04
   1.5510228E+03   8.6270000E+03   3.0690000E+03   8.9862505E-04   2.7721386E-03
   1.5510303E+03   8.5810000E+03   3.0300000E+03   1.6873619E-04   6.1964491E-04
   1.5510379E+03   8.4740000E+03   2.9890000E+03   5.3008807E-04   1.5885381E-03
   1.5510454E+03   8.5820000E+03   3.1260000E+03   1.1473979E-03   3.1455279E-03
   1.5510529E+03   8.5570000E+03   3.1000000E+03   7.0408925E-04   2.2335849E-03
   1.5510604E+03   8.5350000E+03   3.0800000E+03   2.7776429E-04   7.1749607E-04
   1.5510680E+03   8.6060000E+03   3.0340000E+03   3.5130159E-04   1.1933255E-03
   1.5510755E+03   8.4160000E+03   2.9760000E+03   1.2978520E-03   2.6347164E-03
   1.5510830E+03   8.5480000E+03   3.0670000E+03   2.6115243E-04   5.4803496E-04
   1.5510906E+03   8.7390000E+03   3.1250000E+03   5.2596617E-04   8.9542211E-04
   1.5510981E+03   8.5880000E+03   3.0890000E+03   1.2471739E-03   2.6076522E-03
   1.5511056E+03   8.6120000E+03   3.1200000E+03   8.0858718E-04   2.3718626E-03
   1.5511131E+03   8.4950000E+03   3.0040000E+03   1.1840768E-03   2.8677469E-03
   1.5511207E+03   8.5740000E+03   3.0270000E+03   2.9737622E-04   1.6984017E-03
   1.5511282E+03   8.5080000E+03   3.0280000E+03   8.7379856E-04   2.5733610E-03
   1.5511357E+03   8.5540000E+03   3.0630000E+03   6.6414927E-04   1.1462381E-03
   1.5511433E+03   8.3880000E+03   3.0240000E+03   1.2929720E-03   3.6100602E-03
   1.5511508E+03   8.5110000E+03   3.1120000E+03   1.3711988E-03   3.0090274E-03
   1.5511583E+03   8.6000000E+03   3.0760000E+03   2.5914236E-04   7.9642695E-04
   1.5511658E+03   8.3780000E+03   3.0370000E+03   9.3996898E-04   2.4608131E-03
   1.5511734E+03   8.4620000E+03   2.9700000E+03   9.8352224E-04   1.1921057E-03
   1.5511809E+03   8.6560000E+03   3.1210000E+03   1.3269027E-03   2.8563094E-03
   1.5511884E+03   8.5690000E+03   3.0620000E+03   1.7606970E-04   3.5853757E-05
   1.5511960E+03   8.4970000E+03   3.0700000E+03   4.0080742E-04   4.5180598E-04
   1.5512035E+03   8.6020000E+03   3.1150000E+03   1.0112193E-03   3.2497961E-03
   1.5512110E+03   8.3400000E+03   3.0480000E+03   1.0637137E-03   2.3050585E-03
   1.5512185E+03   8.4930000E+03   3.0090000E+03   6.2324465E-04   1.1984758E-03
   1.5512261E+03   8.6170000E+03   3.0080000E+03   4.1957650E-04   1.5780301E-03
   1.5512336E+03   8.4180000E+03   3.0030000E+03   8.5191269E-04   2.9238431E-03
   1.5512411E+03   8.4570000E+03   3.0830000E+03   6.3046015E-04   1.9067194E-03
   1.5512487E+03   8.3770000E+03   3.0230000E+03   8.9005449E-04   3.4444340E-03
   1.5512562E+03   8.4970000E+03   2.9990000E+03   2.9527677E-04   9.9917930E-04
   1.5512637E+03   8.4180000E+03   3.1000000E+03   8.9086015E-04   2.8508328E-03
   1.5512712E+03   8.4720000E+03   3.0130000E+03   2.1314222E-04   6.6227748E-05
   1.5512788E+03   8.4470000E+03   3.0860000E+03   6.6879773E-04   2.2192129E-03
   1.5512863E+03   8.5200000E+03   3.0850000E+03   3.2543493E-04   2.8544562E-04
   1.5512938E+03   8.4590000E+03   3.0130000E+03   7.5471882E-04   1.7911038E-03
   1.5513014E+03   8.3290000E+03   3.0250000E+03   8.7899269E-04   1.9478497E-03
   1.5513089E+03   8.3000000E+03   2.9660000E+03   7.7786203E-04   1.7647875E-03
   1.5513164E+03   8.4590000E+03   3.0800000E+03   3.4922377E-04   1.0764027E-03
   1.5513239E+03   8.5020000E+03   3.0200000E+03   6.2040791E-04   2.0314748E-03
   1.5513315E+03   8.4100000E+03   2.9350000E+03   7.1165739E-04   2.0018692E-03
   1.5513390E+03   8.3490000E+03   3.0300000E+03   6.2087042E-04   1.9039881E-04
   1.5513465E+03   8.3830000E+03   3.0130000E+03   4.9100131E-04   3.8494067E-04
   1.5513541E+03   8.4400000E+03   3.0030000E+03   1.1917958E-03   2.7733009E-03
   1.5513616E+03   8.4340000E+03   3.1460000E+03   1.4481405E-03   3.1501291E-03
   1.5513691E+03   8.3620000E+03   2.9960000E+03   1.3652420E-03   2.9414561E-03
   1.5513766E+03   8.4080000E+03   3.0470000E+03   3.9486436E-04   9.5211428E-04
   1.5513842E+03   8.3480000E+03   2.9420000E+03   1.2545709E-03   2.4438022E-03
   1.5513917E+03   8.1370000E+03   2.8920000E+03   3.1046154E-04   1.8339093E-03
   1.5513992E+03   8.4500000E+03   2.9610000E+03   1.2166053E-03   3.4151363E-03
   1.5514068E+03   8.4430000E+03   3.0600000E+03   1.0878728E-04   1.3574010E-03
   1.5514143E+03   8.4250000E+03   3.0250000E+03   1.7504785E-03   3.4668164E-03
   1.5514218E+03   8.4060000E+03   2.9990000E+03   6.0784453E-04   2.8008742E-03
   1.5514293E+03   8.2940000E+03   2.9850000E+03   9.7196533E-04   3.5567145E-03
   1.5514369E+03   8.2960000E+03   2.9950000E+03   2.4697350E-04   8.0310103E-04
   1.5514444E+03   8.2880000E+03   3.0390000E+03   6.6941453E-04   1.2226372E-03
   1.5514519E+03   8.2880000E+03   2.9860000E+03   7.9846703E-04   2.8191523E-03
   1.5514595E+03   8.4610000E+03   3.0930000E+03   2.4894717E-04   1.3200096E-03
   1.5514670E+03   8.4700000E+03   3.0630000E+03   6.7434316E-04   2.1748795E-03
   1.5514745E+03   8.4170000E+03   3.0630000E+03   1.5202757E-03   4.2413282E-03
   1.5514820E+03   8.3370000E+03   3.0370000E+03   3.9635760E-04   1.2189016E-03
   1.5514896E+03   8.2940000E+03   2.9840000E+03   8.0648363E-04   2.4917723E-03
   1.5514971E+03   8.3850000E+03   3.0130000E+03   8.9543660E-04   2.1616093E-03
   1.5515046E+03   8.3360000E+03   2.9630000E+03   1.8819430E-04   9.8962486E-04
   1.5515122E+03   8.2520000E+03   2.9080000E+03   3.7168034E-04   9.1522162E-04
   1.5515197E+03   8.4570000E+03   2.9930000E+03   7.2989037E-04   1.5754677E-03
   1.5515272E+03   8.2180000E+03   2.9630000E+03   1.6078785E-04   8.3145710E-04
   1.5515347E+03   8.1960000E+03   2.9390000E+03   8.2304066E-04   1.8383058E-03
   1.5515423E+03   8.3090000E+03   3.0310000E+03   5.5945685E-04   1.4108269E-03
   1.5515498E+03   8.3850000E+03   3.0000000E+03   6.5807629E-04   1.3897284E-03
   1.5515573E+03   8.1140000E+03   2.9540000E+03   5.0186145E-04   9.9259511E-04
   1.5515648E+03   8.2520000E+03   2.9730000E+03   1.7457543E-04   4.5665448E-04
   1.5515724E+03   8.4950000E+03   3.0500000E+03   8.5267258E-04   2.0338867E-03
   1.5515799E+03   8.2660000E+03   3.0640000E+03   6.3558347E-04   1.4431629E-03
   1.5515874E+03   8.2900000E+03   2.9600000E+03   1.0766794E-03   2.5124617E-03
   1.5515950E+03   8.3200000E+03   2.9160000E+03   3.1972446E-04   5.3148025E-04
   1.5516025E+03   8.2230000E+03   3.0320000E+03   3.2104373E-04   9.2402945E-04
   1.5516100E+03   8.2850000E+03   2.9580000E+03   4.0076163E-04   1.7280127E-03
   1.5516175E+03   8.1070000E+03   2.9440000E+03   1.2437556E-03   2.0579074E-03
   1.5516251E+03   8.2860000E+03   2.9990000E+03   5.1316692E-04   1.1665675E-03
   1.5516326E+03   8.1600000E+03   2.8840000E+03   7.8949207E-04   2.5335991E-03
   1.5516401E+03   8.1330000E+03   2.9020000E+03   4.3988318E-04   7.3561921E-04
   1.5516477E+03   8.0160000E+03   2.8780000E+03   9.0785588E-04   1.8353743E-03
   1.5516552E+03   8.2010000E+03   2.9230000E+03   8.9389174E-04   2.6819121E-03
   1.5516627E+03   8.2230000E+03   2.9380000E+03   8.1659737E-04   2.8197730E-03
   1.5516702E+03   8.1350000E+03   2.8550000E+03   3.7155814E-04   1.0981304E-03
   1.5516778E+03   8.2140000E+03   2.9630000E+03   9.0285564E-04   2.9357728E-03
   1.5516853E+03   8.1970000E+03   2.9020000E+03   9.5988324E-04   2.6275716E-03
   1.5516928E+03   8.2200000E+03   3.0370000E+03   1.1560396E-03   2.2417010E-03
   1.5517004E+03   8.1640000E+03   2.9710000E+03   7.8519543E-04   2.9923404E-03
   1.5517079E+03   8.2550000E+03   2.9800000E+03   3.4545317E-04   2.0687202E-03
   1.5517154E+03   8.2190000E+03   3.0040000E+03   7.4787688E-04   1.9720102E-03
   1.5517229E+03   7.9810000E+03   2.9130000E+03   4.4437764E-04   1.4319080E-03
   1.5517305E+03   8.1000000E+03   2.9630000E+03   1.3960494E-03   3.6470890E-03
   1.5517380E+03   8.1210000E+03   2.8760000E+03   9.6036728E-04   2.4396886E-03
   1.5517455E+03   8.2570000E+03   2.9280000E+03   3.6457932E-04   1.4156391E-03
   1.5517531E+03   8.1870000E+03   2.9210000E+03   5.5603150E-04   1.6392565E-03
   1.5517606E+03   7.9320000E+03   2.8460000E+03   6.9853545E-04   2.5426605E-03
   1.5517681E+03   7.9540000E+03   2.8230000E+03   1.3743264E-03   3.2702311E-03
   1.5517756E+03   8.2190000E+03   2.9870000E+03   4.5271693E-04   1.3779696E-03
   1.5517832E+03   8.1200000E+03   2.9300000E+03   5.2484216E-04   2.2868549E-03
   1.5517907E+03   7.9800000E+03   2.8400000E+03   4.0156916E-04   2.6013511E-03
   1.5517982E+03   8.1450000E+03   2.9240000E+03   2.9480896E-04   1.0145602E-03
   1.5518058E+03   8.0020000E+03   2.8670000E+03   8.7030486E-04   2.8385993E-03
   1.5518133E+03   8.0560000E+03   2.9250000E+03   9.9270492E-04   1.7562828E-03
   1.5518208E+03   7.9610000E+03   2.8480000E+03   9.0641268E-04   1.8474003E-03
   1.5518283E+03   8.0280000E+03   2.8450000E+03   7.8944723E-04   6.9478594E-04
   1.5518359E+03   8.0080000E+03   2.8920000E+03   4.7066736E-04   5.9428026E-04
   1.5518434E+03   8.0230000E+03   2.9000000E+03   1.2969385E-03   2.2811664E-03
   1.5518509E+03   8.0900000E+03   2.9380000E+03   1.8837615E-03   3.0238943E-03
   1.5518585E+03   8.0860000E+03   2.8440000E+03   6.5067528E-04   4.8807891E-04
   1.5518660E+03   8.1090000E+03   2.9500000E+03   7.3183543E-04   1.9451936E-03
   1.5518735E+03   8.0100000E+03   2.9050000E+03   5.2148260E-04   1.4670613E-03
   1.5518810E+03   8.0660000E+03   2.9380000E+03   2.3562077E-04   3.9586964E-04
   1.5518886E+03   7.7880000E+03   2.8040000E+03   6.2721773E-04   7.7063300E-05
   1.5518961E+03   7.8850000E+03   2.8870000E+03   5.8599064E-04   2.4996203E-03
   1.5519036E+03   8.0300000E+03   2.8100000E+03   4.4876581E-04   1.7948672E-03
   1.5519112E+03   8.0070000E+03   2.9560000E+03   6.0820398E-04   2.0464010E-03
   1.5519187E+03   7.9720000E+03   2.9570000E+03   1.9556137E-04   7.3025429E-04
   1.5519262E+03   8.0310000E+03   2.9670000E+03   3.4130833E-04   2.0565878E-03
   1.5519337E+03   7.9990000E+03   2.8440000E+03   1.6261762E-03   3.4327942E-03
   1.5519413E+03   7.9960000E+03   2.8840000E+03   6.9526768E-04   1.9835553E-03
   1.5519488E+03   7.9800000E+03   2.8750000E+03   4.6585639E-04   9.7779006E-04
   1.5519563E+03   7.9510000E+03   2.9360000E+03   1.2274754E-03   2.8936778E-03
   1.5519638E+03   8.1230000E+03   2.9050000E+03   1.0925980E-03   2.1641459E-03
   1.5519714E+03   8.1560000E+03   2.9200000E+03   2.2712708E-04   2.1226388E-03
   1.5519789E+03   8.0100000E+03   2.9400000E+03   7.2274594E-04   1.1232483E-03
   1.5519864E+03   7.9930000E+03   2.8950000E+03   7.3599165E-04   1.8100261E-03
   1.5519940E+03   7.8620000E+03   2.8740000E+03   9.9584290E-04   2.1367733E-03
   1.5520015E+03   7.8460000E+03   2.8740000E+03   1.0140926E-03   2.1551386E-03
   1.5520090E+03   7.8670000E+03   2.8500000E+03   9.6712041E-04   8.5356188E-04
   1.5520165E+03   7.8630000E+03   2.8620000E+03   1.4192420E-03   2.8529055E-03
   1.5520241E+03   7.9390000E+03   2.8260000E+03   6.6241765E-04   2.2573378E-03
   1.5520316E+03   8.0520000E+03   2.8860000E+03   2.1262587E-03   5.3282075E-03
   1.5520391E+03   7.9090000E+03   2.8540000E+03   8.6073027E-04   1.6440414E-03
   1.5520467E+03   7.9010000E+03   2.8070000E+03   4.3173729E-04   2.3626017E-03
   1.5520542E+03   7.9780000E+03   2.8400000E+03   3.9063591E-04   1.7516686E-03
   1.5520617E+03   7.8630000E+03   2.8840000E+03   8.6666130E-04   2.8218917E-03
   1.5520692E+03   7.8980000E+03   2.8370000E+03   9.1128981E-05   9.6463085E-04
   1.5520768E+03   7.9340000E+03   2.8520000E+03   2.0803026E-04   4.7815977E-04
   1.5520843E+03   7.8970000E+03   2.9080000E+03   5.6740693E-04   8.2550948E-04
   1.5520918E+03   7.8360000E+03   2.8360000E+03   6.7730876E-04   1.1854734E-03
   1.5520994E+03   7.9360000E+03   2.8920000E+03   5.0248857E-04   1.2605858E-03
   1.5521069E+03   7.9520000E+03   2.9520000E+03   9.4842397E-04   1.7830620E-03
   1.5521144E+03   7.7650000E+03   2.7970000E+03   7.3122200E-04   1.4039387E-03
   1.5521219E+03   7.7760000E+03   2.7900000E+03   6.3539101E-04   2.0576588E-03
   1.5521295E+03   7.8830000E+03   2.8650000E+03   5.3726132E-04   7.9486506E-04
   1.5521370E+03   7.8920000E+03   2.9070000E+03   3.8023100E-04   1.7566725E-03
   1.5521445E+03   7.8610000E+03   2.9020000E+03   5.0701868E-04   8.3068987E-04
   1.5521521E+03   7.9550000E+03   2.8710000E+03   4.0852602E-04   2.4705124E-03
   1.5521596E+03   7.6840000E+03   2.7900000E+03   6.9253546E-04   2.0107147E-03
   1.5521671E+03   7.6720000E+03   2.7600000E+03   5.1050532E-04   1.8001305E-03
   1.5521746E+03   7.8010000E+03   2.8520000E+03   5.6896636E-04   1.4126647E-03
   1.5521822E+03   7.7070000E+03   2.7340000E+03   9.8624939E-04   2.3167759E-03
   1.5521897E+03   7.6830000E+03   2.8230000E+03   1.2688315E-03   3.1768085E-03
   1.5521972E+03   7.7090000E+03   2.7420000E+03   7.0213229E-04   2.4995337E-03
   1.5522048E+03   7.6080000E+03   2.7410000E+03   5.8531119E-04   1.0742784E-03
   1.5522123E+03   7.7160000E+03   2.7300000E+03   7.5638133E-04   1.4963174E-03
   1.5522198E+03   7.8950000E+03   2.8480000E+03   7.1873433E-04   1.5429435E-03
   1.5522273E+03   7.5910000E+03   2.7580000E+03   4.3369910E-04   1.0219735E-03
   1.5522349E+03   7.7500000E+03   2.8370000E+03   6.5783272E-04   5.2788834E-04
   1.5522424E+03   7.8840000E+03   2.8550000E+03   4.5415022E-04   1.8344341E-03
   1.5522499E+03   7.7360000E+03   2.8080000E+03   5.6379125E-04   8.3347169E-04
   1.5522575E+03   7.6720000E+03   2.7890000E+03   1.0198457E-03   1.5105681E-03
   1.5522650E+03   7.6240000E+03   2.7340000E+03   1.5359637E-04   4.8748663E-04
   1.5522725E+03   7.8230000E+03   2.9130000E+03   1.3704224E-03   2.6406840E-03
   1.5522800E+03   7.5310000E+03   2.7220000E+03   1.1865771E-03   2.8769635E-03
   1.5522876E+03   7.6940000E+03   2.7480000E+03   2.5135641E-04   5.8456800E-04
   1.5522951E+03   7.6890000E+03   2.8220000E+03   6.7129545E-04   2.2364512E-03
   1.5523026E+03   7.6310000E+03   2.7520000E+03   4.4955028E-04   9.0560137E-04
   1.5523102E+03   7.4660000E+03   2.6410000E+03   5.8244091E-04   1.8034514E-03
   1.5523177E+03   7.6510000E+03   2.7720000E+03   4.9012481E-04   7.9243526E-04
   1.5523252E+03   7.6090000E+03   2.6820000E+03   2.1621865E-04   6.6587717E-04
   1.5523327E+03   7.5000000E+03   2.7010000E+03   3.5078259E-04   8.4092147E-04
   1.5523403E+03   7.7270000E+03   2.7810000E+03   7.2926149E-05   6.9350671E-04
   1.5523478E+03   7.6520000E+03   2.6970000E+03   6.8248392E-04   1.1889820E-03
   1.5523553E+03   7.5750000E+03   2.7300000E+03   6.2219403E-04   1.3435091E-03
   1.5523629E+03   7.6560000E+03   2.7540000E+03   3.1789224E-04   1.6170268E-03
   1.5523704E+03   7.6620000E+03   2.7750000E+03   4.5404706E-04   2.2123548E-03
   1.5523779E+03   7.6630000E+03   2.7680000E+03   3.6267908E-04   1.6999901E-03
   1.5523854E+03   7.7190000E+03   2.7670000E+03   3.9359165E-04   1.0891945E-03
   1.5523930E+03   7.5540000E+03   2.7340000E+03   1.4543538E-03   2.9999398E-03
   1.5524005E+03   7.5480000E+03   2.6860000E+03   7.7154345E-04   1.1101360E-03
   1.5524080E+03   7.6310000E+03   2.8410000E+03   7.1680363E-04   2.0964573E-03
   1.5524155E+03   7.5030000E+03   2.6570000E+03   8.2441846E-04   2.1975546E-03
   1.5524231E+03   7.7410000E+03   2.7440000E+03   6.5057164E-04   1.2490331E-03
   1.5524306E+03   7.5110000E+03   2.6630000E+03   4.6253109E-04   6.1417325E-04
   1.5524381E+03   7.4440000E+03   2.6780000E+03   1.2794117E-04   2.0798358E-04
   1.5524457E+03   7.5000000E+03   2.7440000E+03   7.2639904E-04   8.8538093E-04
   1.5524532E+03   7.5990000E+03   2.7560000E+03   1.2371719E-03   2.8084763E-03
   1.5524607E+03   7.5960000E+03   2.7370000E+03   6.2136670E-04   1.3486221E-03
   1.5524682E+03   7.4230000E+03   2.6820000E+03   8.7908465E-04   1.2270920E-03
   1.5524758E+03   7.6210000E+03   2.7730000E+03   3.1031165E-04   1.0450805E-03
   1.5524833E+03   7.5570000E+03   2.7450000E+03   3.5322886E-04   9.9537783E-04
   1.5524908E+03   7.6450000E+03   2.7100000E+03   3.3196714E-04   1.2461911E-03
   1.5524984E+03   7.3840000E+03   2.6100000E+03   3.7104414E-04   1.2532697E-03
   1.5525059E+03   7.6390000E+03   2.7910000E+03   2.3928678E-04   1.5487386E-03
   1.5525134E+03   7.3200000E+03   2.6760000E+03   2.8786889E-04   7.5266293E-04
   1.5525209E+03   7.4580000E+03   2.7260000E+03   1.0851721E-03   2.3114157E-03
   1.5525285E+03   7.4990000E+03   2.7370000E+03   1.4680440E-03   4.0696168E-03
   1.5525360E+03   7.5370000E+03   2.7240000E+03   7.8828529E-04   1.4786750E-03
   1.5525435E+03   7.4840000E+03   2.7890000E+03   3.3806451E-04   5.6499541E-04
   1.5525511E+03   7.4980000E+03   2.7740000E+03   7.8642437E-04   1.5679449E-03
   1.5525586E+03   7.4550000E+03   2.7330000E+03   9.0529189E-04   2.1158742E-03
   1.5525661E+03   7.5610000E+03   2.6920000E+03   1.1227965E-03   2.9029329E-03
   1.5525736E+03   7.5160000E+03   2.6890000E+03   6.8750132E-04   1.6826385E-03
   1.5525812E+03   7.3810000E+03   2.7170000E+03   9.9079800E-04   2.9809599E-03
   1.5525887E+03   7.4920000E+03   2.7090000E+03   8.7693324E-04   1.8914068E-03
   1.5525962E+03   7.5710000E+03   2.7130000E+03   8.5467405E-04   1.2524804E-03
   1.5526038E+03   7.2920000E+03   2.5670000E+03   1.3353672E-03   2.6296030E-03
   1.5526113E+03   7.4120000E+03   2.7380000E+03   8.0683794E-04   1.5730575E-03
   1.5526188E+03   7.3140000E+03   2.6240000E+03   1.4268124E-03   2.0241790E-03
   1.5526263E+03   7.5900000E+03   2.7290000E+03   1.1225343E-03   2.2368799E-03
   1.5526339E+03   7.2810000E+03   2.6170000E+03   1.9265313E-04   1.2406024E-04
   1.5526414E+03   7.4250000E+03   2.7370000E+03   5.3509107E-04   1.5408259E-03
   1.5526489E+03   7.3190000E+03   2.6660000E+03   1.5875198E-04   6.9396733E-04
   1.5526565E+03   7.3390000E+03   2.6550000E+03   6.0777930E-04   1.9308257E-03
   1.5526640E+03   7.3080000E+03   2.7120000E+03   2.4665248E-04   1.2351329E-03
   1.5526715E+03   7.2590000E+03   2.5650000E+03   1.7692988E-03   3.3894440E-03
   1.5526790E+03   7.3310000E+03   2.6280000E+03   3.8072376E-04   1.3298688E-03
   1.5526866E+03   7.2150000E+03   2.6610000E+03   1.5630265E-03   2.4341621E-03
   1.5526941E+03   7.4160000E+03   2.6350000E+03   7.1442105E-04   2.3280436E-03
   1.5527016E+03   7.4010000E+03   2.6650000E+03   7.6478062E-04   1.5867038E-03
   1.5527092E+03   7.3580000E+03   2.6730000E+03   1.1950697E-03   2.7107426E-03
   1.5527167E+03   7.3440000E+03   2.6630000E+03   4.1997676E-04   1.4698193E-04
   1.5527242E+03   7.0920000E+03   2.5520000E+03   7.4321424E-04   1.3955039E-03
   1.5527317E+03   7.2550000E+03   2.6140000E+03   9.3116376E-04   1.3685293E-03
   1.5527393E+03   7.2190000E+03   2.6450000E+03   1.1805889E-03   1.9267075E-03
   1.5527468E+03   7.4010000E+03   2.6410000E+03   6.9425848E-04   9.3724236E-04
   1.5527543E+03   7.2130000E+03   2.6370000E+03   6.9027026E-04   8.6899619E-04
   1.5527619E+03   7.3330000E+03   2.6850000E+03   1.9822723E-04   1.3149400E-03
   1.5527694E+03   7.2810000E+03   2.5980000E+03   1.9992815E-04   1.0222443E-03
   1.5527769E+03   7.2820000E+03   2.6150000E+03   1.7328531E-04   6.4618415E-04
   1.5527844E+03   7.3050000E+03   2.6410000E+03   8.9642294E-04   2.0544968E-03
   1.5527920E+03   7.1940000E+03   2.5870000E+03   4.0030249E-04   1.1649769E-03
   1.5527995E+03   7.2280000E+03   2.6150000E+03   4.8796607E-04   1.9964707E-03
   1.5528070E+03   7.2260000E+03   2.5780000E+03   6.9881041E-04   1.2010537E-03
   1.5528146E+03   7.4170000E+03   2.7220000E+03   1.9080631E-04   1.1833471E-03
   1.5528221E+03   7.1400000E+03   2.5430000E+03   3.3784217E-04   1.2431983E-03
   1.5528296E+03   7.2060000E+03   2.6110000E+03   2.4687655E-04   9.5445324E-04
   1.5528371E+03   7.1630000E+03   2.6230000E+03   9.2301362E-04   2.4333322E-03
   1.5528447E+03   7.0800000E+03   2.5250000E+03   2.5635488E-04   7.3545811E-04
   1.5528522E+03   7.1120000E+03   2.5300000E+03   1.8400295E-04   6.4785750E-04
   1.5528597E+03   7.1690000E+03   2.5810000E+03   6.3513550E-04   2.0694727E-03
   1.5528673E+03   7.3340000E+03   2.5900000E+03   2.8596930E-04   5.6776288E-04
   1.5528748E+03   7.0650000E+03   2.4870000E+03   1.6233868E-04   8.0140544E-04
   1.5528823E+03   7.2500000E+03   2.6280000E+03   1.2094679E-04   6.0235923E-04
   1.5528898E+03   7.0990000E+03   2.5990000E+03   3.0926796E-04   1.3183488E-03
   1.5528974E+03   7.1360000E+03   2.6420000E+03   5.5477208E-04   1.4384485E-03
   1.5529049E+03   7.2570000E+03   2.6070000E+03   1.0681937E-04   1.0254340E-03
   1.5529124E+03   7.1980000E+03   2.6060000E+03   8.7449029E-04   3.2095480E-03
   1.5529199E+03   6.9500000E+03   2.4700000E+03   5.5616318E-04   1.3453152E-03
   1.5529275E+03   7.1520000E+03   2.6110000E+03   4.3125463E-04   6.7415315E-04
   1.5529350E+03   7.0240000E+03   2.5380000E+03   9.1698830E-04   1.9793851E-03
   1.5529425E+03   7.0390000E+03   2.5280000E+03   1.5278808E-03   2.0692254E-03
   1.5529501E+03   7.1080000E+03   2.5740000E+03   8.0014917E-04   1.6294273E-03
   1.5529576E+03   7.3070000E+03   2.5920000E+03   4.4142842E-04   1.1661365E-03
   1.5529651E+03   7.1280000E+03   2.6160000E+03   1.2758034E-03   3.0386669E-03
   1.5529726E+03   7.0500000E+03   2.5900000E+03   3.1118533E-04   8.1998375E-04
   1.5529802E+03   7.0530000E+03   2.5220000E+03   5.4640762E-04   1.1329553E-03
   1.5529877E+03   7.0420000E+03   2.4830000E+03   4.4210701E-04   1.3355614E-03
   1.5529952E+03   7.0740000E+03   2.5210000E+03   1.1293529E-03   2.4178080E-03
   1.5530028E+03   7.0490000E+03   2.5550000E+03   1.8138448E-04   4.9730278E-04
   1.5530103E+03   7.0520000E+03   2.5700000E+03   1.1551914E-03   2.1837491E-03
   1.5530178E+03   7.0170000E+03   2.5370000E+03   6.5091580E-04   1.4049524E-03
   1.5530253E+03   7.0110000E+03   2.5310000E+03   4.1276557E-04   7.2752208E-04
   1.5530329E+03   6.9020000E+03   2.4410000E+03   7.2821047E-04   1.2535206E-03
   1.5530404E+03   7.0160000E+03   2.5020000E+03   3.2300812E-04   1.8718704E-04
   1.5530479E+03   6.9170000E+03   2.4130000E+03   2.7584866E-04   6.8074516E-04
   1.5530555E+03   6.9810000E+03   2.6070000E+03   5.1979380E-04   2.1109932E-04
   1.5530630E+03   7.1480000E+03   2.5930000E+03   8.8055143E-04   1.1996372E-03
   1.5530705E+03   6.7600000E+03   2.3670000E+03   6.1563159E-04   8.9763535E-04
   1.5530780E+03   6.8990000E+03   2.4970000E+03   9.6487760E-04   1.2957335E-03
   1.5530856E+03   6.8530000E+03   2.4040000E+03   6.3580345E-04   1.1064240E-03
   1.5530931E+03   7.0600000E+03   2.5210000E+03   5.1155885E-04   2.1474189E-03
   1.5531006E+03   6.9600000E+03   2.4860000E+03   3.3886820E-04   6.4433470E-04
   1.5531082E+03   6.9930000E+03   2.5000000E+03   6.1212863E-04   1.8651522E-03
   1.5531157E+03   6.8570000E+03   2.4410000E+03   4.4996913E-04   1.2875913E-03
   1.5531232E+03   7.0160000E+03   2.5910000E+03   4.0567410E-04   1.0125357E-03
   1.5531307E+03   6.9050000E+03   2.4750000E+03   4.6247613E-04   8.7326906E-04
   1.5531383E+03   6.8490000E+03   2.4980000E+03   4.7581919E-04   1.4077231E-03
   1.5531458E+03   6.8410000E+03   2.5120000E+03   6.3286239E-05   7.1784522E-04
   1.5531533E+03   6.9790000E+03   2.5790000E+03   2.3119055E-04   1.6069154E-03
   1.5531609E+03   6.9570000E+03   2.5270000E+03   8.5378798E-04   2.1316617E-03
   1.5531684E+03   7.0670000E+03   2.5670000E+03   4.4286969E-04   1.0013696E-03
   1.5531759E+03   7.0320000E+03   2.4760000E+03   1.7763687E-04   2.0899052E-04
   1.5531834E+03   6.8670000E+03   2.4660000E+03   6.6454566E-04   1.2614218E-03
   1.5531910E+03   6.7470000E+03   2.4590000E+03   4.7522178E-04   2.1081318E-04
   1.5531985E+03   6.8680000E+03   2.4650000E+03   7.1091771E-05   8.0780648E-04
   1.5532060E+03   6.8090000E+03   2.4670000E+03   1.1470248E-03   1.0438312E-03
   1.5532136E+03   6.7500000E+03   2.4080000E+03   6.6336945E-04   2.7154635E-03
   1.5532211E+03   6.7990000E+03   2.4360000E+03   2.7942937E-04   8.7708919E-04
   1.5532286E+03   6.8440000E+03   2.4590000E+03   1.0118047E-03   1.6610882E-03
   1.5532361E+03   6.8210000E+03   2.4690000E+03   5.5893898E-04   1.2817741E-03
   1.5532437E+03   6.8560000E+03   2.4360000E+03   6.2902739E-04   1.7593940E-03
   1.5532512E+03   6.8040000E+03   2.4530000E+03   5.2273913E-04   9.3811027E-04
   1.5532587E+03   6.7640000E+03   2.4640000E+03   2.1394350E-04   1.2949146E-03
   1.5532663E+03   6.8030000E+03   2.4280000E+03   8.5423772E-04   1.3389897E-03
   1.5532738E+03   6.6870000E+03   2.4300000E+03   5.3111533E-04   4.3264708E-04
   1.5532813E+03   6.7950000E+03   2.4120000E+03   7.6791388E-04   1.6872896E-03
   1.5532888E+03   6.6240000E+03   2.3860000E+03   4.1230470E-04   1.0036485E-03
   1.5532964E+03   6.8160000E+03   2.4310000E+03   5.3031993E-04   1.2310696E-03
   1.5533039E+03   6.7950000E+03   2.4280000E+03   3.7315363E-04   1.3322545E-03
   1.5533114E+03   6.7370000E+03   2.4300000E+03   7.3465453E-05   8.2879651E-04
   1.5533189E+03   6.6730000E+03   2.3460000E+03   8.3445245E-04   1.9017087E-03
   1.5533265E+03   6.6980000E+03   2.3690000E+03   6.1279231E-04   1.6307468E-03
   1.5533340E+03   6.6610000E+03   2.3950000E+03   6.3200209E-04   2.9702100E-03
   1.5533415E+03   6.9110000E+03   2.4610000E+03   2.4559579E-04   3.5037123E-04
   1.5533491E+03   6.7890000E+03   2.4500000E+03   2.0492566E-04   5.4572033E-04
   1.5533566E+03   6.7200000E+03   2.3910000E+03   4.9791089E-04   1.0702211E-03
   1.5533641E+03   6.7970000E+03   2.4820000E+03   4.6296093E-04   9.9532647E-04
   1.5533716E+03   6.6870000E+03   2.3540000E+03   4.9709735E-04   1.2607344E-03
   1.5533792E+03   6.7610000E+03   2.4790000E+03   4.8081804E-04   1.3288247E-03
   1.5533867E+03   6.7730000E+03   2.4510000E+03   4.8376996E-04   1.5571314E-03
   1.5533942E+03   6.7310000E+03   2.3870000E+03   1.0889105E-03   1.4288606E-03
   1.5534018E+03   6.4930000E+03   2.3810000E+03   5.8511781E-04   6.6412633E-04
   1.5534093E+03   6.5450000E+03   2.3580000E+03   7.3514230E-04   1.7149632E-03
   1.5534168E+03   6.5810000E+03   2.3090000E+03   9.2795425E-04   1.6134711E-03
   1.5534243E+03   6.6090000E+03   2.2970000E+03   9.4200215E-04   1.2118257E-03
   1.5534319E+03   6.4940000E+03   2.3590000E+03   3.9228454E-04   1.4624438E-03
   1.5534394E+03   6.6220000E+03   2.3490000E+03   3.3214480E-04   8.1471797E-04
   1.5534469E+03   6.5670000E+03   2.3120000E+03   3.4567521E-04   1.4358616E-03
   1.5534545E+03   6.6760000E+03   2.4170000E+03   2.6747052E-04   1.4519288E-03
   1.5534620E+03   6.6220000E+03   2.3740000E+03   1.3754935E-03   2.0164015E-03
   1.5534695E+03   6.6200000E+03   2.3390000E+03   1.7051242E-04   6.9340077E-04
   1.5534770E+03   6.4770000E+03   2.2940000E+03   4.4220722E-04   1.1663338E-03
   1.5534846E+03   6.6430000E+03   2.3740000E+03   8.3235488E-04   2.8790988E-03
   1.5534921E+03   6.6620000E+03   2.3160000E+03   9.8814381E-04   2.0213095E-03
   1.5534996E+03   6.5150000E+03   2.3470000E+03   9.0071601E-04   1.6863938E-03
   1.5535072E+03   6.5530000E+03   2.3930000E+03   5.2583487E-04   3.7107054E-04
   1.5535147E+03   6.3320000E+03   2.2700000E+03   3.7205970E-04   6.9368753E-04
   1.5535222E+03   6.4540000E+03   2.3090000E+03   5.0876049E-04   1.6419740E-03
   1.5535297E+03   6.5580000E+03   2.3030000E+03   5.1745156E-04   9.8525945E-04
   1.5535373E+03   6.5980000E+03   2.2830000E+03   2.6996540E-05   4.5877271E-04
   1.5535448E+03   6.5280000E+03   2.3220000E+03   5.0559247E-04   1.8869740E-03
   1.5535523E+03   6.5380000E+03   2.3180000E+03   4.9398978E-04   5.0488096E-04
   1.5535599E+03   6.6210000E+03   2.3990000E+03   3.3778817E-04   9.2258748E-04
   1.5535674E+03   6.3590000E+03   2.2570000E+03   3.7640480E-04   1.4303772E-03
   1.5535749E+03   6.6950000E+03   2.3730000E+03   5.8762015E-04   7.8178375E-04
   1.5535824E+03   6.4910000E+03   2.3040000E+03   7.2157214E-04   1.9237479E-03
   1.5535900E+03   6.4990000E+03   2.3120000E+03   3.1753735E-04   1.2240921E-03
   1.5535975E+03   6.4940000E+03   2.3290000E+03   9.8160388E-04   2.2652364E-03
   1.5536050E+03   6.4360000E+03   2.2650000E+03   1.3589298E-04   3.6830977E-04
   1.5536126E+03   6.3940000E+03   2.2510000E+03   2.7403393E-04   8.5975938E-04
   1.5536201E+03   6.4940000E+03   2.2680000E+03   2.9442470E-04   6.5257642E-04
   1.5536276E+03   6.5330000E+03   2.2980000E+03   3.9905166E-04   2.6129275E-04
   1.5536351E+03   6.4150000E+03   2.2190000E+03   4.2702779E-04   1.3905324E-03
   1.5536427E+03   6.4980000E+03   2.2700000E+03   3.7419397E-04   7.2848890E-04
   1.5536502E+03   6.3790000E+03   2.2760000E+03   1.3343184E-04   7.6324301E-04
   1.5536577E+03   6.2770000E+03   2.2480000E+03   8.8990990E-04   2.0537994E-03
   1.5536653E+03   6.2370000E+03   2.2370000E+03   3.7967572E-04   2.4912930E-04
   1.5536728E+03   6.2940000E+03   2.1830000E+03   3.3326346E-04   1.4427168E-03
   1.5536803E+03   6.3240000E+03   2.3480000E+03   5.3358462E-04   8.0586154E-04
   1.5536878E+03   6.2760000E+03   2.2440000E+03   1.4007572E-04   5.9172482E-04
   1.5536954E+03   6.3360000E+03   2.2850000E+03   5.3104652E-04   1.0203164E-03
   1.5537029E+03   6.3190000E+03   2.2560000E+03   3.6630988E-04   1.4204467E-03
   1.5537104E+03   6.3200000E+03   2.2710000E+03   8.9054805E-05   3.4899648E-04
   1.5537180E+03   6.2980000E+03   2.2030000E+03   8.6153200E-04   1.7862003E-03
   1.5537255E+03   6.1600000E+03   2.1590000E+03   7.2573924E-05   1.1104827E-03
   1.5537330E+03   6.3820000E+03   2.2420000E+03   3.0828596E-04   7.3621845E-04
   1.5537405E+03   6.3360000E+03   2.2110000E+03   7.1940283E-04   1.1306491E-03
   1.5537481E+03   6.2650000E+03   2.2510000E+03   4.4532254E-04   1.1311773E-03
   1.5537556E+03   6.2180000E+03   2.2060000E+03   3.9344121E-04   1.0474769E-03
   1.5537631E+03   6.2660000E+03   2.1990000E+03   1.4875360E-04   7.1341580E-04
   1.5537706E+03   6.3380000E+03   2.1960000E+03   4.2433958E-04   7.6166972E-05
   1.5537782E+03   6.3020000E+03   2.1750000E+03   2.7325641E-04   6.1692122E-04
   1.5537857E+03   6.3420000E+03   2.2150000E+03   6.0959028E-04   1.5671063E-03
   1.5537932E+03   6.2400000E+03   2.2130000E+03   2.7154387E-04   1.1042959E-03
   1.5538008E+03   6.1940000E+03   2.1990000E+03   3.0772951E-04   5.3609455E-04
   1.5538083E+03   6.2700000E+03   2.2010000E+03   1.6919154E-04   3.6456184E-04
   1.5538158E+03   6.3620000E+03   2.2660000E+03   6.2565381E-04   1.2659833E-03
   1.5538233E+03   6.2700000E+03   2.2120000E+03   7.4885135E-04   6.9505516E-04
   1.5538309E+03   6.1080000E+03   2.1400000E+03   1.0834913E-03   2.2410689E-03
   1.5538384E+03   6.2460000E+03   2.1460000E+03   9.1519956E-04   1.7726508E-03
   1.5538459E+03   6.0920000E+03   2.0920000E+03   2.9699638E-04   3.8052751E-04
   1.5538535E+03   6.1200000E+03   2.1560000E+03   5.6061830E-04   5.9455080E-04
   1.5538610E+03   6.0380000E+03   2.1150000E+03   3.2329767E-04   1.0713727E-03
   1.5538685E+03   6.2410000E+03   2.1900000E+03   3.5604101E-04   1.2114518E-03
   1.5538760E+03   6.1660000E+03   2.0910000E+03   3.8591666E-04   1.2546131E-03
   1.5538836E+03   6.0980000E+03   2.1570000E+03   8.7549372E-04   1.7911942E-03
   1.5538911E+03   6.1730000E+03   2.1120000E+03   2.0766757E-04   4.4525679E-04
   1.5538986E+03   6.2210000E+03   2.1630000E+03   2.7397578E-04   6.4544527E-04
   1.5539062E+03   6.0480000E+03   2.1110000E+03   3.4914719E-04   1.7166767E-03
   1.5539137E+03   6.1370000E+03   2.1210000E+03   3.2998183E-04   1.7695189E-04
   1.5539212E+03   6.0030000E+03   2.0830000E+03   2.3198913E-04   5.9712724E-04
   1.5539287E+03   6.0610000E+03   2.1140000E+03   4.2175257E-04   1.2670036E-03
   1.5539363E+03   6.1400000E+03   2.1200000E+03   3.4096252E-04   5.1904159E-04
   1.5539438E+03   6.1010000E+03   2.1460000E+03   8.9554297E-04   1.8378476E-03
   1.5539513E+03   6.1650000E+03   2.1450000E+03   6.7919696E-04   1.4756919E-03
   1.5539589E+03   6.0250000E+03   2.1410000E+03   1.3144597E-04   8.1110363E-05
   1.5539664E+03   6.0980000E+03   2.0920000E+03   6.8021875E-04   1.2138451E-03
   1.5539739E+03   5.9330000E+03   2.0090000E+03   7.7515507E-04   8.0255798E-04
   1.5539814E+03   6.1810000E+03   2.2200000E+03   2.8533885E-04   9.0357951E-04
   1.5539890E+03   5.9610000E+03   2.1020000E+03   5.1753267E-04   8.4195481E-04
   1.5539965E+03   6.1740000E+03   2.0990000E+03   6.8196106E-04   1.4042915E-03
   1.5540040E+03   5.9270000E+03   2.1080000E+03   5.9662740E-04   1.3966747E-03
   1.5540116E+03   6.0950000E+03   2.1380000E+03   4.6409623E-04   4.6994028E-04
   1.5540191E+03   5.9920000E+03   2.1230000E+03   5.3236409E-04   1.1111789E-03
   1.5540266E+03   6.0260000E+03   2.0310000E+03   1.4852976E-04   8.0731010E-04
   1.5540341E+03   5.9940000E+03   2.0440000E+03   2.2587459E-04   4.8627393E-04
   1.5540417E+03   5.9870000E+03   2.0960000E+03   7.1624057E-05   1.6654893E-04
   1.5540492E+03   5.9650000E+03   2.0440000E+03   3.4283898E-04   1.0131668E-03
   1.5540567E+03   6.0000000E+03   2.0030000E+03   5.1334007E-04   2.0252723E-03
   1.5540643E+03   5.8990000E+03   1.9980000E+03   4.6490958E-04   7.4678123E-04
   1.5540718E+03   6.0050000E+03   2.0890000E+03   7.9029049E-05   3.7026006E-04
   1.5540793E+03   5.8850000E+03   2.0390000E+03   3.7810846E-04   6.5952990E-04
   1.5540868E+03   5.7070000E+03   1.9430000E+03   2.3146900E-04   6.6157809E-04
   1.5540944E+03   5.9270000E+03   2.0440000E+03   4.8016927E-04   9.5546481E-04
   1.5541019E+03   5.8840000E+03   1.9840000E+03   4.6097525E-04   8.8465877E-04
   1.5541094E+03   5.7770000E+03   1.9050000E+03   7.3251357E-04   1.5246429E-03
   1.5541170E+03   5.8640000E+03   2.0130000E+03   8.8247767E-04   2.5424960E-03
   1.5541245E+03   5.8200000E+03   2.0050000E+03   2.6154587E-04   2.6918056E-04
   1.5541320E+03   5.8170000E+03   2.0250000E+03   5.3090788E-04   4.7006477E-04
   1.5541395E+03   5.8060000E+03   2.0000000E+03   5.5367450E-04   8.4616540E-04
   1.5541471E+03   5.7930000E+03   2.0080000E+03   1.3797598E-04   8.1159461E-04
   1.5541546E+03   5.9210000E+03   2.0420000E+03   4.4664485E-04   6.8645407E-04
   1.5541621E+03   5.7070000E+03   1.9270000E+03   9.2108581E-04   1.6624757E-03
   1.5541697E+03   5.8180000E+03   1.9250000E+03   4.1486849E-04   9.1389537E-04
   1.5541772E+03   5.6990000E+03   1.9380000E+03   2.1896279E-04   2.0092645E-04
   1.5541847E+03   5.8700000E+03   2.0820000E+03   4.5538504E-04   1.4850217E-03
   1.5541922E+03   5.6680000E+03   1.8400000E+03   5.4973199E-04   8.1171510E-04
   1.5541998E+03   5.7180000E+03   1.9020000E+03   9.7748148E-05   3.0546186E-04
   1.5542073E+03   5.6890000E+03   1.9210000E+03   4.2127163E-04   1.5490351E-03
   1.5542148E+03   5.8410000E+03   1.9110000E+03   6.0301407E-05   5.5950329E-04
   1.5542224E+03   5.6660000E+03   1.8900000E+03   4.9686548E-04   1.2695960E-03
   1.5542299E+03   5.7240000E+03   1.9150000E+03   4.2025714E-04   8.9248853E-04
   1.5542374E+03   5.6030000E+03   1.8860000E+03   6.3187087E-04   1.9462547E-03
   1.5542449E+03   5.7500000E+03   1.9860000E+03   8.0753787E-04   1.1118011E-03
   1.5542525E+03   5.6490000E+03   1.9040000E+03   3.2208563E-04   1.0559701E-03
   1.5542600E+03   5.6670000E+03   1.9260000E+03   6.2478417E-04   1.8112801E-03
   1.5542675E+03   5.5340000E+03   1.9330000E+03   4.9270863E-04   1.8112625E-05
   1.5542750E+03   5.5970000E+03   1.8870000E+03   2.3474967E-04   9.9669868E-04
   1.5542826E+03   5.5720000E+03   1.8950000E+03   1.3069722E-04   3.1803342E-04
   1.5542901E+03   5.6100000E+03   1.9250000E+03   7.0040727E-04   1.1838933E-03
   1.5542976E+03   5.6790000E+03   1.9400000E+03   3.9147763E-04   7.6998659E-04
   1.5543052E+03   5.5810000E+03   1.8860000E+03   1.8886791E-04   7.5944371E-04
   1.5543127E+03   5.5930000E+03   1.8500000E+03   5.0955655E-04   1.2371926E-03
   1.5543202E+03   5.5370000E+03   1.7930000E+03   3.7878901E-04   5.9934659E-04
   1.5543277E+03   5.6690000E+03   1.8710000E+03   8.8544282E-04   2.0182675E-03
   1.5543353E+03   5.5660000E+03   1.8960000E+03   4.8410295E-04   6.3040902E-04
   1.5543428E+03   5.5370000E+03   1.8920000E+03   2.8011112E-04   1.6283196E-04
   1.5543503E+03   5.6710000E+03   1.9260000E+03   2.5075942E-04   6.3001447E-04
   1.5543579E+03   5.5740000E+03   1.8620000E+03   1.1518594E-04   5.4743873E-04
   1.5543654E+03   5.4640000E+03   1.7960000E+03   1.9340747E-04   7.2986801E-04
   1.5543729E+03   5.5140000E+03   1.9010000E+03   3.0647705E-04   5.9978665E-04
   1.5543804E+03   5.4550000E+03   1.7670000E+03   4.5295721E-04   1.0228185E-03
   1.5543880E+03   5.4730000E+03   1.8130000E+03   3.8609485E-04   1.8448061E-03
   1.5543955E+03   5.5630000E+03   1.8580000E+03   1.7970400E-04   1.1669873E-04
   1.5544030E+03   5.5330000E+03   1.8550000E+03   6.7366955E-04   8.4898254E-04
   1.5544106E+03   5.3990000E+03   1.7720000E+03   3.1975977E-05   5.7799023E-04
   1.5544181E+03   5.4450000E+03   1.9090000E+03   1.7076361E-04   4.3652385E-04
   1.5544256E+03   5.5490000E+03   1.8730000E+03   4.2395514E-04   8.5370328E-04
   1.5544331E+03   5.3390000E+03   1.7840000E+03   2.5860470E-04   7.9836990E-04
   1.5544407E+03   5.4310000E+03   1.7550000E+03   4.8753444E-04   1.3276483E-03
   1.5544482E+03   5.4990000E+03   1.8440000E+03   5.6733630E-04   1.3166063E-03
   1.5544557E+03   5.3060000E+03   1.7670000E+03   1.4572611E-04   5.5893602E-04
   1.5544633E+03   5.5180000E+03   1.7790000E+03   4.2746393E-04   1.0437400E-03
   1.5544708E+03   5.2740000E+03   1.6520000E+03   2.9164480E-04   1.1844771E-03
   1.5544783E+03   5.3930000E+03   1.7800000E+03   2.5634340E-04   1.5350930E-03
   1.5544858E+03   5.3620000E+03   1.7740000E+03   2.8893460E-04   4.4034223E-04
   1.5544934E+03   5.3790000E+03   1.7250000E+03   7.3552669E-04   1.9474422E-03
   1.5545009E+03   5.3470000E+03   1.7330000E+03   5.0282753E-04   1.0986166E-03
   1.5545084E+03   5.3290000E+03   1.7450000E+03   5.6019899E-04   9.8589011E-04
   1.5545160E+03   5.4160000E+03   1.7130000E+03   5.0047789E-04   8.9869587E-04
   1.5545235E+03   5.3190000E+03   1.7820000E+03   2.7486367E-04   7.2950557E-04
   1.5545310E+03   5.2530000E+03   1.7460000E+03   1.0958811E-04   3.4981007E-04
   1.5545385E+03   5.3030000E+03   1.7230000E+03   2.2003023E-04   8.8423734E-04
   1.5545461E+03   5.3270000E+03   1.7690000E+03   9.6610260E-05   4.4569535E-04
   1.5545536E+03   5.2550000E+03   1.7150000E+03   4.1274300E-04   1.1072119E-03
   1.5545611E+03   5.2580000E+03   1.6840000E+03   4.4093632E-05   1.8487944E-04
   1.5545687E+03   5.2180000E+03   1.7370000E+03   1.1170520E-04   1.6850292E-04
   1.5545762E+03   5.1640000E+03   1.7100000E+03   5.2016586E-05   2.3412251E-04
   1.5545837E+03   5.2400000E+03   1.6950000E+03   3.0754479E-04   1.1341560E-03
   1.5545912E+03   5.2320000E+03   1.6830000E+03   2.1761042E-04   5.9962973E-04
   1.5545988E+03   5.2180000E+03   1.7220000E+03   2.3549425E-04   5.9877317E-04
   1.5546063E+03   5.1290000E+03   1.7000000E+03   1.8878134E-04   1.2608562E-03
   1.5546138E+03   5.3660000E+03   1.7580000E+03   2.9918157E-04   7.9628569E-04
   1.5546214E+03   5.3660000E+03   1.7790000E+03   2.2862318E-04   7.9757512E-04
   1.5546289E+03   5.0850000E+03   1.6410000E+03   3.8279404E-04   9.5344713E-04
   1.5546364E+03   5.2550000E+03   1.7640000E+03   3.3320169E-04   9.9455186E-04
   1.5546439E+03   5.1980000E+03   1.6810000E+03   7.2119851E-04   1.3422477E-03
   1.5546515E+03   5.2490000E+03   1.7420000E+03   3.4203431E-04   1.1271558E-03
   1.5546590E+03   5.1200000E+03   1.6430000E+03   9.2235144E-05   3.8927358E-04
   1.5546665E+03   5.0970000E+03   1.6740000E+03   9.1516671E-05   6.0783170E-04
   1.5546740E+03   5.2330000E+03   1.6440000E+03   1.6031975E-04   4.5378125E-04
   1.5546816E+03   5.0700000E+03   1.5720000E+03   3.0827258E-04   1.1243397E-03
   1.5546891E+03   5.1100000E+03   1.6440000E+03   1.7905903E-04   7.2063202E-04
   1.5546966E+03   5.1260000E+03   1.6520000E+03   5.0159757E-04   1.4413808E-03
   1.5547042E+03   5.0520000E+03   1.6260000E+03   5.9272030E-04   1.1466653E-03
   1.5547117E+03   5.0580000E+03   1.6300000E+03   3.5408994E-04   1.0843975E-03
   1.5547192E+03   4.9470000E+03   1.5850000E+03   5.4240759E-04   8.9497513E-04
   1.5547267E+03   5.1040000E+03   1.6200000E+03   5.0147723E-04   1.3170867E-03
   1.5547343E+03   5.0700000E+03   1.6050000E+03   2.6053475E-04   1.3218942E-04
   1.5547418E+03   5.1410000E+03   1.6860000E+03   2.3315148E-04   7.1626748E-04
   1.5547493E+03   5.0580000E+03   1.5740000E+03   3.2656145E-04   9.2840731E-04
   1.5547569E+03   5.0140000E+03   1.5860000E+03   1.6854310E-04   9.7618025E-04
   1.5547644E+03   5.0270000E+03   1.5210000E+03   3.0990989E-05   5.1546897E-04
   1.5547719E+03   4.9420000E+03   1.5160000E+03   6.2321007E-04   1.3736428E-03
   1.5547794E+03   4.9210000E+03   1.5840000E+03   1.3065402E-04   2.3803771E-04
   1.5547870E+03   4.8930000E+03   1.5500000E+03   2.2403688E-04   4.9253808E-04
   1.5547945E+03   4.9970000E+03   1.6220000E+03   7.2084813E-04   1.7517541E-03
   1.5548020E+03   4.9010000E+03   1.5760000E+03   5.2584215E-04   6.1559938E-04
   1.5548096E+03   4.9500000E+03   1.4890000E+03   5.5986975E-04   1.1154753E-03
   1.5548171E+03   4.9960000E+03   1.5670000E+03   5.3627781E-04   1.1407337E-03
   1.5548246E+03   4.8850000E+03   1.5540000E+03   2.8379208E-04   7.6320005E-04
   1.5548321E+03   4.9180000E+03   1.5120000E+03   8.0300918E-05   2.5266610E-04
   1.5548397E+03   4.9250000E+03   1.5210000E+03   5.4844675E-05   1.0782107E-03
   1.5548472E+03   4.9060000E+03   1.5720000E+03   3.4885363E-04   1.2213979E-03
   1.5548547E+03   4.9240000E+03   1.5220000E+03   1.6071593E-04   4.5317673E-04
   1.5548623E+03   4.8550000E+03   1.4870000E+03   4.1016900E-04   1.9184785E-03
   1.5548698E+03   4.7570000E+03   1.4510000E+03   1.1188128E-04   1.3360095E-03
   1.5548773E+03   4.9290000E+03   1.5560000E+03   8.2244814E-04   1.7119952E-03
   1.5548848E+03   4.7920000E+03   1.4760000E+03   3.9296409E-04   1.7979440E-04
   1.5548924E+03   4.8520000E+03   1.4960000E+03   4.7604139E-04   1.1228734E-03
   1.5548999E+03   4.8540000E+03   1.4460000E+03   3.4812659E-04   4.7930893E-04
   1.5549074E+03   4.8090000E+03   1.4930000E+03   2.3362330E-04   6.9206739E-04
   1.5549150E+03   4.8630000E+03   1.5620000E+03   3.5634401E-04   1.0191608E-03
   1.5549225E+03   4.8940000E+03   1.4870000E+03   3.2474213E-04   6.9641623E-04
   1.5549300E+03   4.6890000E+03   1.4100000E+03   1.8672794E-04   9.4247474E-04
   1.5549375E+03   4.7180000E+03   1.4700000E+03   4.7900303E-04   7.2137632E-04
   1.5549451E+03   4.8440000E+03   1.5140000E+03   1.8991168E-04   9.4069552E-04
   1.5549526E+03   4.7580000E+03   1.4700000E+03   3.2536131E-04   7.7709439E-04
   1.5549601E+03   4.6150000E+03   1.4620000E+03   1.0355131E-04   2.6728799E-04
   1.5549677E+03   4.7830000E+03   1.4950000E+03   3.9018341E-04   5.6073569E-04
   1.5549752E+03   4.7820000E+03   1.4470000E+03   3.5867378E-04   1.1621430E-03
   1.5549827E+03   4.7860000E+03   1.4940000E+03   4.7176809E-04   8.8718769E-04
   1.5549902E+03   4.6690000E+03   1.4020000E+03   3.6724206E-04   7.6548628E-04
   1.5549978E+03   4.8990000E+03   1.4850000E+03   2.6002491E-04   4.0044572E-04
   1.5550053E+03   4.6200000E+03   1.4130000E+03   4.0151171E-04   1.2040570E-03
   1.5550128E+03   4.7400000E+03   1.4330000E+03   4.3046766E-04   1.1977988E-03
   1.5550204E+03   4.6920000E+03   1.4300000E+03   5.2032473E-04   4.3575914E-04
   1.5550279E+03   4.6490000E+03   1.4340000E+03   3.6504374E-04   1.2365842E-03
   1.5550354E+03   4.6850000E+03   1.3980000E+03   4.3044417E-04   1.5156779E-03
   1.5550429E+03   4.6410000E+03   1.4200000E+03   1.2108837E-04   1.2351553E-04
   1.5550505E+03   4.5520000E+03   1.4390000E+03   1.6793582E-04   2.5136949E-04
   1.5550580E+03   4.6240000E+03   1.4110000E+03   4.2268692E-04   7.1817116E-04
   1.5550655E+03   4.5490000E+03   1.3970000E+03   3.4475061E-04   3.4470531E-04
   1.5550731E+03   4.5750000E+03   1.3900000E+03   1.8815125E-04   3.5724194E-04
   1.5550806E+03   4.6790000E+03   1.3510000E+03   2.3650134E-04   9.1280896E-04
   1.5550881E+03   4.5780000E+03   1.3400000E+03   2.6665680E-04   6.9729231E-04
   1.5550956E+03   4.5840000E+03   1.3750000E+03   2.3000946E-04   9.9846141E-04
   1.5551032E+03   4.5480000E+03   1.3350000E+03   1.4665164E-04   3.9533947E-04
   1.5551107E+03   4.5690000E+03   1.3640000E+03   4.1362608E-04   1.3403656E-03
   1.5551182E+03   4.4830000E+03   1.3540000E+03   1.0172022E-04   5.4496896E-04
   1.5551257E+03   4.3780000E+03   1.3350000E+03   3.1653335E-04   8.2598148E-04
   1.5551333E+03   4.4670000E+03   1.3410000E+03   3.4289386E-04   1.1921659E-03
   1.5551408E+03   4.4080000E+03   1.2700000E+03   3.4406736E-04   7.1549573E-04
   1.5551483E+03   4.4520000E+03   1.2710000E+03   5.7342406E-04   1.6577148E-03
   1.5551559E+03   4.4640000E+03   1.3100000E+03   1.0579846E-04   4.6634718E-05
   1.5551634E+03   4.5530000E+03   1.4240000E+03   3.9783055E-04   9.9955111E-04
   1.5551709E+03   4.4960000E+03   1.3450000E+03   2.1912953E-05   3.0047736E-04
   1.5551784E+03   4.4380000E+03   1.3020000E+03   5.5044399E-05   9.3640979E-04
   1.5551860E+03   4.4470000E+03   1.2790000E+03   5.8373461E-05   5.9070044E-04
   1.5551935E+03   4.4420000E+03   1.3180000E+03   1.4721440E-04   5.0533101E-04
   1.5552010E+03   4.4570000E+03   1.3510000E+03   2.3674593E-04   1.8138863E-04
   1.5552086E+03   4.5090000E+03   1.3800000E+03   6.5539331E-04   8.5290984E-04
   1.5552161E+03   4.4090000E+03   1.3240000E+03   1.5361649E-04   7.1150554E-04
   1.5552236E+03   4.3790000E+03   1.2890000E+03   2.5813913E-04   6.2700641E-04
   1.5552311E+03   4.5140000E+03   1.2990000E+03   1.5409244E-04   2.1990348E-04
   1.5552387E+03   4.3840000E+03   1.3180000E+03   3.4304239E-04   7.1860253E-04
   1.5552462E+03   4.2850000E+03   1.3150000E+03   1.4383973E-04   2.4566258E-04
   1.5552537E+03   4.3050000E+03   1.2740000E+03   6.3431961E-05   4.1859383E-04
   1.5552613E+03   4.3160000E+03   1.2630000E+03   2.1619433E-04   7.0639070E-04
   1.5552688E+03   4.4240000E+03   1.2770000E+03   3.8953961E-04   8.4082741E-04
   1.5552763E+03   4.3200000E+03   1.2540000E+03   2.5001099E-04   8.0963293E-04
   1.5552838E+03   4.4020000E+03   1.2770000E+03   3.9996268E-04   1.4174917E-03
   1.5552914E+03   4.3340000E+03   1.2910000E+03   3.2041585E-04   5.6148122E-04
   1.5552989E+03   4.3070000E+03   1.2010000E+03   2.3427425E-04   1.2147323E-03
   1.5553064E+03   4.2460000E+03   1.2370000E+03   3.4648566E-05   3.0960437E-04
   1.5553140E+03   4.3050000E+03   1.1860000E+03   1.3926366E-04   4.7861750E-04
   1.5553215E+03   4.2490000E+03   1.2270000E+03   2.8395011E-04   8.9864152E-04
   1.5553290E+03   4.3110000E+03   1.2940000E+03   2.4274410E-04   9.1607139E-04
   1.5553365E+03   4.2720000E+03   1.2080000E+03   9.8600157E-05   5.8703671E-04
   1.5553441E+03   4.2670000E+03   1.2560000E+03   3.1266034E-04   1.2138574E-03
   1.5553516E+03   4.2560000E+03   1.2050000E+03   1.4624015E-04   8.5152747E-04
   1.5553591E+03   4.1960000E+03   1.2140000E+03   5.7831210E-04   7.9186551E-04
   1.5553667E+03   4.2150000E+03   1.2150000E+03   8.3648427E-05   6.5849596E-04
   1.5553742E+03   4.1540000E+03   1.2080000E+03   2.0292100E-04   8.7980722E-04
   1.5553817E+03   4.3360000E+03   1.2640000E+03   1.6451495E-04   5.0802696E-04
   1.5553892E+03   4.2420000E+03   1.2100000E+03   1.3729181E-04   4.9624637E-04
   1.5553968E+03   4.0340000E+03   1.1680000E+03   1.9607421E-04   8.1919864E-04
   1.5554043E+03   4.0990000E+03   1.1520000E+03   4.1148597E-04   7.1212780E-04
   1.5554118E+03   4.0900000E+03   1.1710000E+03   7.0398352E-05   2.5713432E-04
   1.5554194E+03   4.1290000E+03   1.1950000E+03   3.5423010E-04   1.2047262E-03
   1.5554269E+03   4.1880000E+03   1.1860000E+03   2.1608635E-04   9.3443817E-04
   1.5554344E+03   4.0370000E+03   1.1440000E+03   2.1711792E-04   3.5432675E-04
   1.5554419E+03   4.0380000E+03   1.1960000E+03   2.2399682E-04   4.3657524E-04
   1.5554495E+03   4.0150000E+03   1.1350000E+03   2.7294558E-04   4.1115621E-04
   1.5554570E+03   4.1480000E+03   1.1540000E+03   1.7631772E-04   3.4127626E-04
   1.5554645E+03   4.1270000E+03   1.1470000E+03   1.8907612E-04   6.8267910E-04
   1.5554721E+03   4.0670000E+03   1.1550000E+03   2.4656565E-04   6.8335229E-04
   1.5554796E+03   3.9550000E+03   1.1960000E+03   5.4878342E-04   1.0668441E-03
   1.5554871E+03   4.0580000E+03   1.1510000E+03   1.0013215E-04   6.0129164E-04
   1.5554946E+03   4.0220000E+03   1.1310000E+03   1.3762472E-05   1.3994250E-04
   1.5555022E+03   3.9630000E+03   1.1500000E+03   1.7023335E-04   3.6247802E-04
   1.5555097E+03   4.0440000E+03   1.0760000E+03   1.4335052E-04   1.2587411E-03
   1.5555172E+03   4.0180000E+03   1.0790000E+03   3.9434715E-04   1.7341457E-03
   1.5555248E+03   4.0770000E+03   1.1280000E+03   3.9207936E-04   1.3231354E-03
   1.5555323E+03   3.9520000E+03   1.0720000E+03   3.2939426E-04   9.1310150E-04
   1.5555398E+03   4.0700000E+03   1.0760000E+03   1.8119256E-04   4.2011745E-04
   1.5555473E+03   3.9070000E+03   1.0900000E+03   2.1917907E-04   6.8909064E-04
   1.5555549E+03   3.9290000E+03   1.0530000E+03   2.2860162E-04   8.4360087E-04
   1.5555624E+03   4.0460000E+03   1.1260000E+03   3.4916091E-04   1.2813612E-03
   1.5555699E+03   3.9800000E+03   1.0540000E+03   1.1923475E-04   1.4944088E-04
   1.5555774E+03   3.8310000E+03   1.0310000E+03   3.1515533E-04   6.1996573E-04
   1.5555850E+03   3.8740000E+03   1.1030000E+03   3.0546939E-04   9.0471022E-04
   1.5555925E+03   3.8970000E+03   1.0540000E+03   2.0382620E-04   6.3761602E-04
   1.5556000E+03   3.9050000E+03   1.0680000E+03   4.6167544E-04   1.9420517E-03
   1.5556076E+03   3.9990000E+03   1.0640000E+03   4.2780737E-04   1.1449924E-03
   1.5556151E+03   3.7890000E+03   1.0100000E+03   2.2155484E-04   5.3992542E-04
   1.5556226E+03   3.8620000E+03   1.0620000E+03   4.0992324E-04   8.1647070E-04
   1.5556301E+03   3.9240000E+03   1.0780000E+03   8.0812307E-05   5.6585440E-04
   1.5556377E+03   3.8350000E+03   1.0150000E+03   3.8310806E-04   1.0451116E-03
   1.5556452E+03   3.8820000E+03   1.0470000E+03   1.2408327E-04   4.6021590E-04
   1.5556527E+03   3.7780000E+03   1.0010000E+03   3.3245065E-04   1.2716551E-03
   1.5556603E+03   3.8630000E+03   1.0800000E+03   2.4651189E-04   6.7520456E-04
   1.5556678E+03   3.7270000E+03   9.6300000E+02   1.4376190E-04   7.4345176E-04
   1.5556753E+03   3.7690000E+03   1.0010000E+03   2.2526818E-04   4.9690206E-04
   1.5556828E+03   3.7340000E+03   9.8800000E+02   8.8408401E-05   2.1538763E-04
   1.5556904E+03   3.7550000E+03   9.6200000E+02   9.7714108E-05   5.5924440E-05
   1.5556979E+03   3.8820000E+03   1.0480000E+03   4.3835966E-04   1.5594937E-03
   1.5557054E+03   3.7290000E+03   9.5400000E+02   5.5589421E-04   1.7543459E-03
   1.5557130E+03   3.7320000E+03   8.9700000E+02   2.3722114E-04   8.4383035E-04
   1.5557205E+03   3.7330000E+03   9.5100000E+02   1.6706382E-04   9.9489998E-04
   1.5557280E+03   3.7920000E+03   1.0500000E+03   7.7034940E-05   2.7836249E-04
   1.5557355E+03   3.7520000E+03   1.0190000E+03   4.1863222E-04   1.5433543E-03
   1.5557431E+03   3.7640000E+03   9.6600000E+02   1.4047248E-04   5.5534495E-04
   1.5557506E+03   3.8490000E+03   1.0480000E+03   1.9803586E-04   2.7464995E-04
   1.5557581E+03   3.6270000E+03   9.6500000E+02   4.3417860E-04   1.7005106E-03
   1.5557657E+03   3.7360000E+03   9.6200000E+02   9.1108386E-05   3.5418541E-04
   1.5557732E+03   3.6340000E+03   9.4900000E+02   4.9386774E-04   1.7039620E-03
   1.5557807E+03   3.7580000E+03   9.6300000E+02   1.5125990E-04   5.8991009E-04
   1.5557882E+03   3.5970000E+03   9.8400000E+02   2.9230890E-04   5.1902377E-04
   1.5557958E+03   3.6420000E+03   9.4600000E+02   2.4163686E-04   6.1424494E-04
   1.5558033E+03   3.7410000E+03   9.6100000E+02   2.0104843E-04   1.0372044E-03
   1.5558108E+03   3.5780000E+03   8.9400000E+02   9.6617386E-05   4.0157932E-04
   1.5558184E+03   3.6840000E+03   9.4100000E+02   2.6830805E-04   1.4286009E-03
   1.5558259E+03   3.6790000E+03   9.9500000E+02   1.1095333E-04   2.8286608E-04
   1.5558334E+03   3.5760000E+03   9.1300000E+02   2.3876772E-04   7.6684332E-04
   1.5558409E+03   3.6230000E+03   9.7100000E+02   1.5142236E-04   6.5351320E-04
   1.5558485E+03   3.6730000E+03   9.6500000E+02   3.2820285E-04   9.2760275E-04
   1.5558560E+03   3.6300000E+03   9.0900000E+02   3.0399548E-04   7.6422376E-04
   1.5558635E+03   3.5590000E+03   9.1200000E+02   5.5981042E-05   3.3707856E-04
   1.5558711E+03   3.5670000E+03   9.5600000E+02   2.3532926E-04   8.7761775E-04
   1.5558786E+03   3.6240000E+03   9.2800000E+02   1.4185443E-04   2.7032669E-04
   1.5558861E+03   3.5710000E+03   9.3100000E+02   2.9671707E-05   2.7974220E-04
   1.5558936E+03   3.4970000E+03   9.1500000E+02   5.6295056E-05   2.1518755E-04
   1.5559012E+03   3.6740000E+03   9.6500000E+02   2.3281433E-04   8.6342378E-04
   1.5559087E+03   3.4560000E+03   8.6600000E+02   3.4683577E-05   4.1502843E-04
   1.5559162E+03   3.5100000E+03   8.7700000E+02   1.5899410E-04   4.1591326E-04
   1.5559238E+03   3.5240000E+03   8.6000000E+02   2.3188473E-04   7.2282352E-04
   1.5559313E+03   3.5300000E+03   8.7500000E+02   3.7755390E-04   4.0027829E-04
   1.5559388E+03   3.4060000E+03   9.3000000E+02   1.8419468E-04   5.0763325E-04
   1.5559463E+03   3.4760000E+03   8.9300000E+02   2.5609562E-04   1.2873402E-03
   1.5559539E+03   3.4200000E+03   9.0400000E+02   2.2326402E-04   5.7435797E-04
   1.5559614E+03   3.5130000E+03   8.9600000E+02   1.9453218E-04   5.6134513E-04
   1.5559689E+03   3.4330000E+03   8.7900000E+02   2.0684761E-04   3.0041831E-04
   1.5559765E+03   3.4680000E+03   9.1000000E+02   1.2094588E-04   4.6050180E-04
   1.5559840E+03   3.3910000E+03   8.4000000E+02   9.3806298E-05   3.7462736E-04
   1.5559915E+03   3.3190000E+03   8.4400000E+02   1.4663887E-04   5.7704047E-04
   1.5559990E+03   3.4550000E+03   8.5600000E+02   2.7018601E-04   1.0301739E-03
   1.5560066E+03   3.4810000E+03   8.3600000E+02   3.6644238E-05   1.6817259E-04
   1.5560141E+03   3.3660000E+03   8.3700000E+02   1.6355977E-04   6.1272680E-04
   1.5560216E+03   3.3670000E+03   8.5000000E+02   4.2987480E-04   1.9114854E-03
   1.5560291E+03   3.3110000E+03   8.3100000E+02   1.9930341E-04   7.9533851E-04
   1.5560367E+03   3.4960000E+03   8.6700000E+02   3.7730198E-04   9.5572026E-04
   1.5560442E+03   3.3890000E+03   8.3400000E+02   1.2402720E-04   3.0698672E-04
   1.5560517E+03   3.4000000E+03   8.3900000E+02   3.7400165E-05   3.8235939E-04
   1.5560593E+03   3.4490000E+03   8.3100000E+02   6.6370490E-05   1.2353445E-04
   1.5560668E+03   3.4570000E+03   8.0600000E+02   2.5287111E-04   4.5963014E-04
   1.5560743E+03   3.4280000E+03   8.5000000E+02   2.7220464E-04   1.1335842E-03
   1.5560818E+03   3.3690000E+03   8.5500000E+02   1.9222101E-04   7.5744242E-04
   1.5560894E+03   3.3290000E+03   8.0900000E+02   4.9614263E-05   1.7196575E-04
   1.5560969E+03   3.3340000E+03   8.2400000E+02   2.1077584E-04   8.4450208E-04
   1.5561044E+03   3.2150000E+03   7.8700000E+02   1.7592279E-04   1.0917963E-03
   1.5561120E+03   3.3150000E+03   8.1100000E+02   3.4286897E-04   7.9437750E-04
   1.5561195E+03   3.4070000E+03   8.7500000E+02   2.2938476E-04   6.4767099E-05
   1.5561270E+03   3.2830000E+03   8.0400000E+02   1.4329138E-04   3.1598101E-04
   1.5561345E+03   3.3450000E+03   8.5800000E+02   2.5121333E-04   9.7421812E-04
   1.5561421E+03   3.2370000E+03   8.0700000E+02   2.9449590E-04   8.9979637E-04
   1.5561496E+03   3.1510000E+03   7.4400000E+02   2.4347623E-04   1.0285957E-03
   1.5561571E+03   3.3010000E+03   8.0100000E+02   3.8158172E-04   1.5730675E-03
   1.5561647E+03   3.3060000E+03   7.9900000E+02   2.3528208E-04   7.7039202E-04
   1.5561722E+03   3.2610000E+03   8.0900000E+02   6.2736881E-05   2.5289970E-04
   1.5561797E+03   3.1750000E+03   7.9200000E+02   1.2974671E-04   4.7560467E-04
   1.5561872E+03   3.1720000E+03   7.5500000E+02   2.5598064E-04   1.0756673E-03
   1.5561948E+03   3.1640000E+03   7.1800000E+02   2.2092355E-04   2.7043071E-04
   1.5562023E+03   3.1500000E+03   7.4500000E+02   7.7306396E-05   1.4935139E-04
   1.5562098E+03   3.2410000E+03   7.3200000E+02   1.4168800E-04   5.9971753E-04
   1.5562174E+03   3.2220000E+03   7.7300000E+02   8.7613064E-05   2.0054851E-06
   1.5562249E+03   3.2160000E+03   7.5200000E+02   3.7310470E-04   1.2074114E-03
   1.5562324E+03   3.2260000E+03   7.4400000E+02   3.0927233E-04   6.5271779E-04
   1.5562399E+03   3.0770000E+03   7.3300000E+02   1.2389409E-04   5.1987051E-04
   1.5562475E+03   3.1380000E+03   7.3600000E+02   2.4868650E-04   1.5487511E-03
   1.5562550E+03   3.1130000E+03   7.3800000E+02   1.1743713E-04   1.9491853E-04
   1.5562625E+03   3.1570000E+03   7.8000000E+02   1.4139414E-04   5.8576194E-04
   1.5562701E+03   3.0550000E+03   7.2200000E+02   1.7147330E-04   6.6874154E-04
   1.5562776E+03   3.0910000E+03   7.6800000E+02   2.3930105E-04   6.4695380E-04
   1.5562851E+03   3.1270000E+03   7.2600000E+02   3.1636498E-04   1.0646003E-03
   1.5562926E+03   3.0810000E+03   7.1400000E+02   3.2429529E-04   1.3996918E-03
   1.5563002E+03   3.2350000E+03   7.3900000E+02   1.5086153E-04   3.9085309E-04
   1.5563077E+03   3.0540000E+03   6.9000000E+02   1.2428364E-04   1.0460595E-03
   1.5563152E+03   3.0900000E+03   7.1800000E+02   2.3901167E-04   1.0288109E-03
   1.5563228E+03   3.0330000E+03   7.0300000E+02   2.5470338E-04   1.3002457E-03
   1.5563303E+03   3.0670000E+03   7.1500000E+02   2.7870714E-04   7.1594619E-04
   1.5563378E+03   2.9620000E+03   6.8500000E+02   5.3453929E-05   2.3157823E-04
   1.5563453E+03   3.0970000E+03   7.0800000E+02   5.0240165E-04   1.8243562E-03
   1.5563529E+03   3.1020000E+03   6.9200000E+02   2.9875908E-04   1.3398408E-03
   1.5563604E+03   3.0290000E+03   6.9000000E+02   1.9020494E-04   6.6558774E-04
   1.5563679E+03   3.0140000E+03   7.1100000E+02   1.5738605E-04   6.6669065E-04
   1.5563755E+03   3.0160000E+03   7.2700000E+02   2.4912420E-04   1.3053078E-03
   1.5563830E+03   2.9730000E+03   7.0700000E+02   4.8399571E-05   2.3838406E-04
   1.5563905E+03   3.1480000E+03   7.3600000E+02   1.1574528E-04   5.6032694E-05
   1.5563980E+03   2.9600000E+03   6.7600000E+02   3.1392175E-04   7.6201404E-04
   1.5564056E+03   2.9460000E+03   6.4800000E+02   5.8035558E-05   2.6385379E-04
   1.5564131E+03   2.8440000E+03   6.3400000E+02   3.3931629E-04   1.2287404E-03
   1.5564206E+03   2.9290000E+03   6.9600000E+02   1.0336037E-04   5.4912744E-04
   1.5564282E+03   2.8910000E+03   6.5800000E+02   1.4300128E-05   6.2605936E-05
   1.5564357E+03   2.8690000E+03   6.8200000E+02   2.2855478E-04   1.5278268E-03
   1.5564432E+03   2.9890000E+03   6.9100000E+02   1.1296649E-05   4.9014010E-05
   1.5564507E+03   2.8890000E+03   7.0200000E+02   2.5924431E-04   1.0621412E-03
   1.5564583E+03   2.8770000E+03   6.6500000E+02   2.7223225E-04   1.1779839E-03
   1.5564658E+03   2.9350000E+03   6.6800000E+02   8.3237129E-05   3.6577944E-04
   1.5564733E+03   2.9940000E+03   6.7200000E+02   1.7303545E-04   3.0363614E-04
   1.5564808E+03   2.8770000E+03   6.7100000E+02   2.1611393E-04   9.2588786E-04
   1.5564884E+03   2.9340000E+03   6.3900000E+02   1.8612109E-04   8.5447273E-04
   1.5564959E+03   2.9050000E+03   6.8200000E+02   7.4559263E-05   3.4652036E-04
   1.5565034E+03   2.8550000E+03   6.3300000E+02   1.5311254E-04   1.3017282E-03
   1.5565110E+03   2.9310000E+03   6.6500000E+02   3.9474994E-04   1.7427019E-03
   1.5565185E+03   2.7880000E+03   6.4700000E+02   2.5987616E-04   5.7901148E-04
   1.5565260E+03   2.8040000E+03   6.3800000E+02   2.6377841E-04   6.1011332E-04
   1.5565335E+03   2.9080000E+03   6.3100000E+02   1.1300054E-04   8.9594058E-05
   1.5565411E+03   2.8450000E+03   5.8900000E+02   1.2353470E-04   5.9682645E-04
   1.5565486E+03   2.8970000E+03   6.4600000E+02   3.9767736E-04   1.7357384E-03
   1.5565561E+03   2.7560000E+03   6.1800000E+02   1.3969237E-04   6.2882236E-04
   1.5565637E+03   2.8860000E+03   6.3200000E+02   6.4355850E-05   4.1442738E-04
   1.5565712E+03   2.8750000E+03   6.3400000E+02   1.7094422E-04   7.7453970E-04
   1.5565787E+03   2.8280000E+03   5.9700000E+02   1.4855719E-04   7.0294524E-04
   1.5565862E+03   2.8480000E+03   6.1200000E+02   4.5661023E-05   2.1242931E-04
   1.5565938E+03   2.7020000E+03   5.6400000E+02   2.5025546E-04   1.1952485E-03
   1.5566013E+03   2.7430000E+03   6.1400000E+02   1.8430984E-04   1.1852916E-03
   1.5566088E+03   2.7810000E+03   5.6400000E+02   1.5751391E-04   9.1116139E-04
   1.5566164E+03   2.7820000E+03   6.0800000E+02   1.2870626E-04   5.9004480E-04
   1.5566239E+03   2.7610000E+03   6.0700000E+02   2.5001460E-04   2.4728849E-05
   1.5566314E+03   2.6940000E+03   5.7400000E+02   1.5492611E-04   7.2727701E-04
   1.5566389E+03   2.7680000E+03   5.9300000E+02   2.6570239E-04   1.2412194E-03
   1.5566465E+03   2.7530000E+03   5.9100000E+02   3.7105063E-04   1.7241528E-03
   1.5566540E+03   2.7370000E+03   5.6900000E+02   6.0243322E-05   3.5943788E-04
   1.5566615E+03   2.6840000E+03   6.2800000E+02   2.0704154E-05   8.7687610E-05
   1.5566691E+03   2.7510000E+03   6.2400000E+02   1.2374860E-04   5.3309509E-04
   1.5566766E+03   2.7770000E+03   6.0300000E+02   1.3960835E-04   6.4768566E-04
   1.5566841E+03   2.6750000E+03   5.5700000E+02   4.0759007E-04   1.9525362E-03
   1.5566916E+03   2.6400000E+03   6.0200000E+02   2.1483460E-04   9.4049325E-04
   1.5566992E+03   2.7550000E+03   5.7700000E+02   2.7675077E-06   1.4126498E-05
   1.5567067E+03   2.6820000E+03   5.6500000E+02   1.1591019E-04   5.5007278E-04
   1.5567142E+03   2.7290000E+03   5.8800000E+02   2.5841400E-04   5.0571810E-04
   1.5567218E+03   2.6710000E+03   5.6200000E+02   3.5345453E-04   1.6790633E-03
   1.5567293E+03   2.7340000E+03   5.8400000E+02   2.3540724E-04   7.4857856E-04
   1.5567368E+03   2.7630000E+03   5.9800000E+02   4.7435546E-05   2.1929683E-04
   1.5567443E+03   2.7090000E+03   5.9800000E+02   8.7694001E-05   3.9697588E-04
   1.5567519E+03   2.6610000E+03   5.5500000E+02   3.2531111E-06   1.0185382E-05
   1.5567594E+03   2.5980000E+03   5.6900000E+02   1.8846612E-04   6.3044300E-04
   1.5567669E+03   2.6770000E+03   5.5300000E+02   9.1790946E-05   1.8904372E-06
   1.5567745E+03   2.6250000E+03   5.2100000E+02   1.1725296E-04   6.7896261E-04
   1.5567820E+03   2.5620000E+03   5.2600000E+02   2.5695360E-04   1.2515266E-03
   1.5567895E+03   2.5830000E+03   5.2300000E+02   3.5993314E-04   1.0143636E-03
   1.5567970E+03   2.6160000E+03   5.2800000E+02   9.8219068E-05   5.2272418E-04
   1.5568046E+03   2.5500000E+03   5.3600000E+02   1.1394085E-04   5.4099552E-04
   1.5568121E+03   2.6020000E+03   5.8400000E+02   1.3517843E-04   6.0178862E-04
   1.5568196E+03   2.5920000E+03   5.7000000E+02   3.8249463E-05   1.7044406E-04
   1.5568272E+03   2.5890000E+03   5.4400000E+02   1.3464215E-04   6.3964104E-04
   1.5568347E+03   2.4480000E+03   5.1400000E+02   9.1134411E-05   4.3331440E-04
   1.5568422E+03   2.5900000E+03   5.4800000E+02   1.0568996E-04   5.0027961E-04
   1.5568497E+03   2.5560000E+03   5.5200000E+02   2.4836362E-04   1.1504192E-03
   1.5568573E+03   2.4940000E+03   5.1000000E+02   1.6835626E-04   8.3751420E-04
   1.5568648E+03   2.4870000E+03   5.3100000E+02   1.3077461E-04   8.5655670E-04
   1.5568723E+03   2.5350000E+03   4.9000000E+02   1.1421943E-04   5.9272895E-04
   1.5568799E+03   2.6170000E+03   5.5200000E+02   1.0303662E-04   1.1316890E-03
   1.5568874E+03   2.5490000E+03   5.4400000E+02   1.8034497E-04   8.4660549E-04
   1.5568949E+03   2.5720000E+03   5.1100000E+02   1.2698934E-04   6.3913523E-04
   1.5569024E+03   2.4650000E+03   5.2000000E+02   2.0077052E-04   5.2835204E-04
   1.5569100E+03   2.4720000E+03   5.2700000E+02   8.9274192E-05   3.1583572E-05
   1.5569175E+03   2.3900000E+03   4.8000000E+02   3.6193119E-05   1.8066903E-04
   1.5569250E+03   2.5070000E+03   5.2600000E+02   3.9548804E-05   1.8971392E-04
   1.5569325E+03   2.5180000E+03   5.3100000E+02   1.7876858E-05   8.5066605E-05
   1.5569401E+03   2.4820000E+03   5.3800000E+02   4.6329268E-06   2.3202731E-05
   1.5569476E+03   2.4610000E+03   5.0400000E+02   2.5255545E-04   3.5661146E-04
   1.5569551E+03   2.5090000E+03   5.0500000E+02   1.1860956E-04   5.8944297E-04
   1.5569627E+03   2.3860000E+03   5.0100000E+02   8.1158441E-06   3.8758414E-05
   1.5569702E+03   2.4220000E+03   4.7600000E+02   2.1350679E-04   8.3580969E-04
   1.5569777E+03   2.5100000E+03   5.1600000E+02   3.7903032E-05   5.8131317E-06
   1.5569852E+03   2.3960000E+03   5.0000000E+02   1.3920482E-04   2.0338906E-04
   1.5569928E+03   2.4480000E+03   4.7900000E+02   1.2157499E-04   6.2099492E-04
   1.5570003E+03   2.4110000E+03   4.8600000E+02   1.7668861E-04   5.8517009E-04
   1.5570078E+03   2.4370000E+03   5.0100000E+02   6.6403321E-06   3.1995721E-05
   1.5570154E+03   2.5080000E+03   5.4700000E+02   2.0593198E-04   9.4455176E-04
   1.5570229E+03   2.3640000E+03   4.8600000E+02   2.8242349E-07   1.0018191E-06
   1.5570304E+03   2.3950000E+03   4.9800000E+02   1.1030571E-06   5.3169288E-06
   1.5570379E+03   2.4650000E+03   5.0700000E+02   1.6975325E-04   7.5511439E-05
   1.5570455E+03   2.3830000E+03   5.0900000E+02   1.2423812E-04   7.3702663E-04
   1.5570530E+03   2.2750000E+03   4.1400000E+02   7.6610359E-05   4.2047678E-04
   1.5570605E+03   2.4640000E+03   5.3600000E+02   1.5208399E-04   6.9946835E-04
   1.5570681E+03   2.4020000E+03   4.7000000E+02   1.8363540E-04   9.3856233E-04
   1.5570756E+03   2.3570000E+03   5.2200000E+02   1.2481951E-04   1.5304081E-05
   1.5570831E+03   2.4520000E+03   4.9000000E+02   4.0696038E-05   2.0238554E-04
   1.5570906E+03   2.3100000E+03   4.5100000E+02   2.7326433E-05   1.3982525E-04
   1.5570982E+03   2.3790000E+03   4.6000000E+02   6.7326021E-05   3.1599390E-04
   1.5571057E+03   2.2680000E+03   4.4000000E+02   4.6945628E-07   2.9822220E-06
   1.5571132E+03   2.3540000E+03   4.6400000E+02   9.1687440E-05   4.6505101E-04
   1.5571208E+03   2.3190000E+03   4.6300000E+02   6.3723483E-05   3.1940613E-04
   1.5571283E+03   2.3570000E+03   4.8900000E+02   1.4316368E-04   6.8971768E-04
   1.5571358E+03   2.3160000E+03   4.1700000E+02   4.1904155E-06   2.2542118E-05
   1.5571433E+03   2.2620000E+03   4.4400000E+02   1.8101780E-04   1.5783702E-04
   1.5571509E+03   2.2840000E+03   4.7800000E+02   1.3111105E-04   6.2256749E-04
   1.5571584E+03   2.3280000E+03   4.3900000E+02   1.9888156E-05   1.0500368E-04
   1.5571659E+03   2.2710000E+03   4.2600000E+02   1.1623884E-04   1.1177765E-03
   1.5571735E+03   2.2160000E+03   4.4900000E+02   1.1943002E-05   5.8404815E-05
   1.5571810E+03   2.1820000E+03   3.8100000E+02   2.7167629E-07   2.2112416E-06
   1.5571885E+03   2.3400000E+03   4.2800000E+02   3.5390767E-04   1.9373437E-03
   1.5571960E+03   2.2990000E+03   4.9700000E+02   4.0529726E-04   1.2575203E-03
   1.5572036E+03   2.2620000E+03   4.6300000E+02   6.2629165E-05   3.0828016E-04
   1.5572111E+03   2.2990000E+03   4.1800000E+02   1.9428537E-04   1.0848325E-03
   1.5572186E+03   2.1590000E+03   4.5600000E+02   2.4784420E-06   1.2250735E-05
   1.5572262E+03   2.2810000E+03   4.2800000E+02   4.7012177E-05   2.5072038E-04
   1.5572337E+03   2.2860000E+03   4.1100000E+02   1.5315428E-04   8.5210138E-04
   1.5572412E+03   2.2450000E+03   4.3000000E+02   1.1224605E-04   5.8589512E-04
   1.5572487E+03   2.1420000E+03   4.3600000E+02   1.6656704E-04   8.1755276E-04
   1.5572563E+03   2.1970000E+03   4.0800000E+02   8.8044570E-05   4.7457782E-04
   1.5572638E+03   2.2570000E+03   4.6100000E+02   1.8667689E-06   1.1058380E-05
   1.5572713E+03   2.2970000E+03   4.5700000E+02   2.5150065E-07   1.1548990E-06
   1.5572789E+03   2.2500000E+03   4.2700000E+02   1.4391403E-05   7.5498560E-05
   1.5572864E+03   2.1570000E+03   4.1100000E+02   1.9740626E-06   1.0454988E-05
   1.5572939E+03   2.1730000E+03   4.4000000E+02   2.7097779E-05   1.3433357E-04
   1.5573014E+03   2.2400000E+03   4.2900000E+02   2.3930707E-04   1.2516313E-03
   1.5573090E+03   2.2110000E+03   4.2400000E+02   1.0148846E-04   5.1928850E-04
   1.5573165E+03   2.1180000E+03   4.0100000E+02   7.9894575E-06   4.1205544E-05
   1.5573240E+03   2.1960000E+03   3.8700000E+02   7.1641210E-05   4.0637676E-04
   1.5573316E+03   2.1750000E+03   4.2200000E+02   1.5526375E-05   7.9486263E-05
   1.5573391E+03   2.1940000E+03   4.3600000E+02   2.1901897E-04   1.1034323E-03
   1.5573466E+03   2.1230000E+03   3.8500000E+02   1.5679167E-04   5.0789224E-06
   1.5573541E+03   2.1380000E+03   4.2200000E+02   9.2651648E-05   4.6956833E-04
   1.5573617E+03   2.1720000E+03   4.0800000E+02   1.5094793E-05   7.9776923E-05
   1.5573692E+03   2.1060000E+03   3.9700000E+02   3.0706697E-06   1.4476215E-06
   1.5573767E+03   2.2350000E+03   4.2900000E+02   1.7575690E-04   9.1420288E-04
   1.5573842E+03   2.1060000E+03   4.1900000E+02   4.9113438E-05   2.4759465E-04
   1.5573918E+03   2.1190000E+03   3.7700000E+02   1.0207235E-04   5.7381491E-04
   1.5573993E+03   2.1180000E+03   4.3700000E+02   8.0904570E-05   3.9254829E-04
   1.5574068E+03   2.0770000E+03   3.7800000E+02   5.0411899E-04   1.3513128E-03
   1.5574144E+03   2.0520000E+03   3.8400000E+02   5.0936098E-05   2.7225214E-04
   1.5574219E+03   2.1030000E+03   3.7900000E+02   5.4568906E-05   3.0356059E-04
   1.5574294E+03   2.1030000E+03   4.1800000E+02   4.4216613E-04   2.2247348E-03
   1.5574369E+03   2.1560000E+03   4.1800000E+02   9.1637145E-05   4.7271899E-04
   1.5574445E+03   2.0510000E+03   4.0400000E+02   2.0921653E-04   1.0623553E-03
   1.5574520E+03   2.1600000E+03   3.8100000E+02   5.1469093E-04   1.2819902E-03
   1.5574595E+03   2.0400000E+03   3.8100000E+02   8.6788892E-05   7.9798111E-04
   1.5574671E+03   2.0350000E+03   3.7800000E+02   1.4717408E-04   7.9201045E-04
   1.5574746E+03   2.0950000E+03   3.6800000E+02   4.5487298E-05   2.5909950E-04
   1.5574821E+03   2.0040000E+03   3.8800000E+02   2.0920144E-04   1.0807707E-03
   1.5574896E+03   2.0360000E+03   4.0200000E+02   1.8592090E-05   9.4455022E-05
   1.5574972E+03   2.1380000E+03   4.1200000E+02   8.6033368E-06   4.3481487E-05
   1.5575047E+03   2.0610000E+03   3.7400000E+02   1.3718542E-04   7.5572495E-04
   1.5575122E+03   1.9780000E+03   3.5200000E+02   3.1793360E-04   1.7800256E-03
   1.5575198E+03   2.0220000E+03   3.6500000E+02   1.6865332E-04   9.3383924E-04
   1.5575273E+03   1.9990000E+03   3.5300000E+02   5.6713808E-04   3.2124606E-03
   1.5575348E+03   2.0490000E+03   3.7200000E+02   1.6869172E-04   9.2894815E-04
   1.5575423E+03   2.0880000E+03   3.8900000E+02   6.2942119E-05   3.3598945E-04
   1.5575499E+03   2.0150000E+03   3.6400000E+02   1.3312482E-04   7.3709465E-04
   1.5575574E+03   2.0430000E+03   3.5100000E+02   3.3120808E-04   1.9263764E-03
   1.5575649E+03   2.0340000E+03   3.8000000E+02   1.8443347E-06   1.0141574E-05
   1.5575725E+03   1.9390000E+03   3.9000000E+02   9.7865849E-07   4.8768421E-06
   1.5575800E+03   1.9730000E+03   3.6700000E+02   1.0791235E-04   5.8009346E-04
   1.5575875E+03   2.0100000E+03   3.4200000E+02   1.8830846E-04   1.1084431E-03
   1.5575950E+03   2.0240000E+03   3.7500000E+02   1.8212536E-04   9.8187513E-04
   1.5576026E+03   1.9060000E+03   3.4400000E+02   2.0968013E-04   1.1606943E-03
   1.5576101E+03   1.9770000E+03   3.6900000E+02   2.5252395E-04   1.3536347E-03
   1.5576176E+03   1.8540000E+03   3.2800000E+02   1.2795083E-06   6.9319808E-06
   1.5576252E+03   1.9850000E+03   3.5700000E+02   1.8215610E-04   1.7208429E-03
   1.5576327E+03   1.9520000E+03   3.8000000E+02   1.9147013E-04   9.8305325E-04
   1.5576402E+03   2.0250000E+03   3.4000000E+02   8.1253073E-06   4.7112626E-05
   1.5576477E+03   1.8830000E+03   3.3900000E+02   3.3944820E-06   1.8146908E-05
   1.5576553E+03   2.0110000E+03   3.6400000E+02   1.4940665E-06   6.6308483E-06
   1.5576628E+03   1.9400000E+03   3.2800000E+02   1.4340373E-04   8.4746939E-04
   1.5576703E+03   1.9200000E+03   3.5600000E+02   1.9193082E-04   2.9630072E-04
   1.5576779E+03   1.9160000E+03   3.7600000E+02   3.8277097E-05   9.4520663E-04
   1.5576854E+03   1.9430000E+03   3.3300000E+02   2.3437868E-04   1.3233654E-05
   1.5576929E+03   1.8860000E+03   3.5600000E+02   5.2427731E-06   2.7752048E-05
   1.5577004E+03   1.9390000E+03   3.3100000E+02   1.7120877E-07   1.2151276E-06
   1.5577080E+03   1.8290000E+03   3.2400000E+02   2.1510670E-04   1.2140324E-03
   1.5577155E+03   1.9080000E+03   3.2100000E+02   5.3200587E-05   3.0870011E-04
   1.5577230E+03   1.9670000E+03   3.4000000E+02   7.2351163E-07   3.8879139E-06
   1.5577306E+03   1.8840000E+03   3.3600000E+02   2.5017210E-04   1.4089147E-03
   1.5577381E+03   1.8710000E+03   3.6300000E+02   4.8840893E-07   1.9569451E-06
   1.5577456E+03   1.9560000E+03   3.8800000E+02   1.5821870E-04   7.9806857E-04
   1.5577531E+03   1.8450000E+03   3.0800000E+02   7.9364821E-07   3.6197397E-06
   1.5577607E+03   1.8700000E+03   3.5600000E+02   8.4467321E-05   4.4175908E-04
   1.5577682E+03   1.8510000E+03   3.2800000E+02   1.8833810E-05   1.0611923E-04
   1.5577757E+03   1.8040000E+03   3.0700000E+02   1.1425476E-04   6.7071321E-04
   1.5577833E+03   1.8650000E+03   3.2500000E+02   9.9018870E-05   5.7040178E-04
   1.5577908E+03   1.8200000E+03   3.6600000E+02   1.4234708E-06   6.5517640E-06
   1.5577983E+03   1.8710000E+03   3.3500000E+02   1.5814356E-06   8.7796217E-06
   1.5578058E+03   1.8980000E+03   3.2800000E+02   7.4498558E-05   4.3098783E-04
   1.5578134E+03   1.7290000E+03   3.0700000E+02   1.9794117E-04   1.1168242E-03
   1.5578209E+03   1.8760000E+03   3.4500000E+02   7.1754796E-05   3.9352112E-04
   1.5578284E+03   1.8560000E+03   3.2600000E+02   9.5320502E-07   5.3824844E-06
   1.5578359E+03   1.7690000E+03   3.2700000E+02   7.3381483E-06   3.9296877E-05
   1.5578435E+03   1.7470000E+03   3.1200000E+02   8.8948465E-07   5.0084067E-06
   1.5578510E+03   1.8360000E+03   3.5300000E+02   4.1177046E-05   2.1627740E-04
   1.5578585E+03   1.7580000E+03   3.1200000E+02   8.0644775E-06   4.5129398E-05
   1.5578661E+03   1.8500000E+03   3.5300000E+02   2.1754526E-04   1.1394830E-03
   1.5578736E+03   1.8010000E+03   3.1700000E+02   1.2135977E-04   6.9088121E-04
   1.5578811E+03   1.7750000E+03   3.0200000E+02   2.5440796E-06   1.9695768E-06
   1.5578886E+03   1.8220000E+03   3.1500000E+02   4.8125872E-04   2.7812742E-03
   1.5578962E+03   1.8830000E+03   3.3800000E+02   6.1062164E-05   3.4088083E-04
   1.5579037E+03   1.7900000E+03   3.0500000E+02   2.5809339E-04   6.6403172E-06
   1.5579112E+03   1.7580000E+03   3.0300000E+02   7.5550288E-05   4.3876427E-04
   1.5579188E+03   1.7540000E+03   2.8700000E+02   3.2475457E-07   1.7162524E-06
   1.5579263E+03   1.8010000E+03   3.3900000E+02   4.9811951E-07   1.2305886E-06
   1.5579338E+03   1.8570000E+03   3.2000000E+02   2.4196616E-04   1.4042413E-03
   1.5579413E+03   1.6970000E+03   2.9000000E+02   1.1168412E-06   7.1025503E-06
   1.5579489E+03   1.8110000E+03   3.3100000E+02   9.7072774E-06   5.2777849E-05
   1.5579564E+03   1.7190000E+03   3.0200000E+02   4.4921675E-06   2.5731942E-05
   1.5579639E+03   1.7930000E+03   3.1100000E+02   2.3850941E-04   1.3755863E-03
   1.5579715E+03   1.8230000E+03   3.2800000E+02   1.4893936E-04   8.2789081E-04
   1.5579790E+03   1.7350000E+03   2.7800000E+02   2.0061918E-07   1.0248257E-06
   1.5579865E+03   1.7410000E+03   3.0000000E+02   8.2102560E-07   4.8464782E-06
   1.5579940E+03   1.7780000E+03   3.1700000E+02   5.9853268E-05   2.0926262E-04
   1.5580016E+03   1.7110000E+03   2.7800000E+02   2.4733842E-06   1.4887331E-05
   1.5580091E+03   1.7320000E+03   3.0300000E+02   2.4593202E-04   1.4054264E-03
   1.5580166E+03   1.7290000E+03   3.0900000E+02   2.1861321E-04   4.7419181E-04
   1.5580242E+03   1.6900000E+03   2.9100000E+02   7.4946558E-06   4.4045360E-05
   1.5580317E+03   1.7540000E+03   3.1500000E+02   3.8922444E-07   2.3673247E-06
   1.5580392E+03   1.6980000E+03   3.0100000E+02   2.5625254E-04   1.4448715E-03
   1.5580467E+03   1.6960000E+03   2.7900000E+02   5.1246709E-05   3.1210968E-04
   1.5580543E+03   1.6330000E+03   2.9700000E+02   2.1790338E-06   1.1561462E-05
   1.5580618E+03   1.6860000E+03   3.0300000E+02   1.7823734E-04   1.7737731E-05
   1.5580693E+03   1.6660000E+03   3.0500000E+02   4.9703178E-05   2.7206479E-04
   1.5580769E+03   1.7110000E+03   2.7900000E+02   3.8913081E-07   1.7817100E-06
   1.5580844E+03   1.6820000E+03   2.8800000E+02   2.2746389E-04   1.3287023E-03
   1.5580919E+03   1.7150000E+03   3.0700000E+02   4.1471351E-05   2.3171428E-04
   1.5580994E+03   1.6810000E+03   3.1300000E+02   1.1705001E-04   6.2897676E-04
   1.5581070E+03   1.7170000E+03   2.5900000E+02   1.0770521E-06   6.1683319E-06
   1.5581145E+03   1.6720000E+03   2.7600000E+02   6.9844531E-05   4.2308509E-04
   1.5581220E+03   1.7210000E+03   2.6100000E+02   1.8019972E-06   1.0874432E-05
   1.5581296E+03   1.6430000E+03   2.8000000E+02   7.3287666E-05   4.3424245E-04
   1.5581371E+03   1.6910000E+03   2.7000000E+02   1.0899780E-04   6.8172340E-04
   1.5581446E+03   1.6380000E+03   2.9200000E+02   1.2611905E-04   7.0748853E-04
   1.5581521E+03   1.6660000E+03   2.5000000E+02   1.2535212E-06   7.4488886E-06
   1.5581597E+03   1.6740000E+03   2.7300000E+02   5.4776980E-07   3.4986397E-06
   1.5581672E+03   1.6700000E+03   2.9000000E+02   4.6987764E-06   2.6447085E-05
   1.5581747E+03   1.5900000E+03   2.4700000E+02   1.4634473E-06   9.1817664E-06
   1.5581823E+03   1.6090000E+03   2.7100000E+02   2.2518737E-06   1.3809258E-05
   1.5581898E+03   1.5980000E+03   2.8000000E+02   1.2792409E-04   7.2838323E-04
   1.5581973E+03   1.6180000E+03   2.6200000E+02   2.3148154E-04   1.4295484E-03
   1.5582048E+03   1.5590000E+03   2.6200000E+02   1.3811554E-04   2.7747107E-06
   1.5582124E+03   1.5690000E+03   2.6400000E+02   2.3031329E-06   1.4017418E-05
   1.5582199E+03   1.5900000E+03   2.7000000E+02   1.5122292E-06   4.9396679E-06
   1.5582274E+03   1.5940000E+03   2.7600000E+02   1.2980111E-05   7.6282959E-05
   1.5582350E+03   1.5950000E+03   2.5700000E+02   3.0969244E-04   1.9222832E-03
   1.5582425E+03   1.5370000E+03   2.4600000E+02   1.4426397E-06   9.1883242E-06
   1.5582500E+03   1.6350000E+03   2.7200000E+02   2.7677624E-04   9.8859100E-04
   1.5582575E+03   1.4950000E+03   2.2700000E+02   9.1179358E-07   5.0120923E-06
   1.5582651E+03   1.6100000E+03   2.5100000E+02   2.9756729E-05   1.8998946E-04
   1.5582726E+03   1.5910000E+03   2.6200000E+02   4.8995458E-07   2.8018522E-06
   1.5582801E+03   1.5630000E+03   2.8400000E+02   9.1308186E-05   5.0233799E-04
   1.5582876E+03   1.5480000E+03   2.6700000E+02   1.7866284E-04   1.0353242E-03
   1.5582952E+03   1.4600000E+03   2.2400000E+02   5.8364051E-05   3.8028859E-04
   1.5583027E+03   1.5160000E+03   2.4800000E+02   1.2147573E-06   7.4961123E-06
   1.5583102E+03   1.5220000E+03   2.5300000E+02   4.2564415E-05   2.5619063E-04
   1.5583178E+03   1.4950000E+03   2.4100000E+02   4.0088670E-06   2.4806524E-05
   1.5583253E+03   1.6460000E+03   2.8900000E+02   4.9151242E-05   2.7697962E-04
   1.5583328E+03   1.5350000E+03   2.7600000E+02   3.1135916E-06   1.7029484E-05
   1.5583403E+03   1.5990000E+03   2.7600000E+02   5.5802932E-06   3.2371337E-05
   1.5583479E+03   1.5490000E+03   2.4900000E+02   1.9091292E-07   1.0425454E-06
   1.5583554E+03   1.5100000E+03   2.3100000E+02   1.1045402E-04   6.2447294E-04
   1.5583629E+03   1.4940000E+03   2.6000000E+02   3.2719104E-06   1.8442216E-05
   1.5583705E+03   1.4320000E+03   2.3600000E+02   1.1337371E-04   6.8624360E-04
   1.5583780E+03   1.5340000E+03   2.3300000E+02   3.2718541E-06   2.1480441E-05
   1.5583855E+03   1.4620000E+03   2.3200000E+02   6.8816460E-06   4.2870785E-05
   1.5583930E+03   1.4430000E+03   2.4200000E+02   1.2935091E-06   4.6629822E-06
   1.5584006E+03   1.4700000E+03   2.6000000E+02   1.8499236E-05   1.0457603E-04
   1.5584081E+03   1.5010000E+03   2.3400000E+02   3.1966739E-04   2.0502030E-03
   1.5584156E+03   1.5320000E+03   2.5000000E+02   6.5033561E-07   3.8243596E-06
   1.5584232E+03   1.4050000E+03   2.4100000E+02   1.4889346E-06   8.8068771E-06
   1.5584307E+03   1.4890000E+03   2.3800000E+02   2.7537505E-04   1.7237639E-03
   1.5584382E+03   1.4360000E+03   2.4500000E+02   4.2694956E-04   2.5012779E-03
   1.5584457E+03   1.4300000E+03   2.3000000E+02   8.6130589E-07   5.5337580E-06
   1.5584533E+03   1.4780000E+03   2.3200000E+02   2.2306390E-04   1.4211690E-03
   1.5584608E+03   1.4570000E+03   2.4900000E+02   1.1193773E-06   6.9242762E-06
   1.5584683E+03   1.4660000E+03   2.4600000E+02   8.4079902E-05   4.9914980E-04
   1.5584759E+03   1.4880000E+03   2.3300000E+02   1.9628242E-04   1.2520390E-03
   1.5584834E+03   1.4470000E+03   2.5900000E+02   4.9518984E-06   2.7814769E-05
   1.5584909E+03   1.4940000E+03   2.4200000E+02   1.0981682E-05   6.6405355E-05
   1.5584984E+03   1.4170000E+03   2.5300000E+02   7.5287294E-05   4.2177658E-04
   1.5585060E+03   1.4180000E+03   2.2100000E+02   1.1728504E-06   7.3684962E-06
   1.5585135E+03   1.4230000E+03   2.3200000E+02   9.5556275E-07   7.0038015E-06
   1.5585210E+03   1.4130000E+03   2.4600000E+02   2.2375380E-06   1.3049235E-05
   1.5585286E+03   1.4250000E+03   2.2500000E+02   2.2275471E-04   1.4521445E-03
   1.5585361E+03   1.3990000E+03   2.3400000E+02   4.4389553E-07   2.7331087E-06
   1.5585436E+03   1.4220000E+03   2.0700000E+02   4.9755796E-05   3.4073626E-04
   1.5585511E+03   1.4250000E+03   2.4000000E+02   2.0966010E-06   1.2477698E-05
   1.5585587E+03   1.4340000E+03   2.3200000E+02   4.2829081E-07   1.5738239E-06
   1.5585662E+03   1.3570000E+03   2.2000000E+02   2.4722426E-04   1.5251449E-03
   1.5585737E+03   1.4010000E+03   2.0500000E+02   6.0557087E-07   4.1207810E-06
   1.5585813E+03   1.3130000E+03   1.9900000E+02   6.6507408E-07   4.4583258E-06
   1.5585888E+03   1.3750000E+03   2.3400000E+02   2.3906014E-06   1.4098047E-05
   1.5585963E+03   1.3350000E+03   2.4100000E+02   5.3724831E-07   2.6496488E-06
   1.5586038E+03   1.3850000E+03   2.2200000E+02   6.9396275E-04   4.3322588E-03
   1.5586114E+03   1.3830000E+03   2.2100000E+02   5.0380066E-07   2.8808110E-06
   1.5586189E+03   1.4650000E+03   2.3200000E+02   4.3806798E-07   2.7623581E-06
   1.5586264E+03   1.3760000E+03   2.0700000E+02   1.3145804E-04   8.7435543E-04
   1.5586340E+03   1.3270000E+03   2.1200000E+02   3.1303818E-07   2.3634459E-06
   1.5586415E+03   1.3800000E+03   2.1600000E+02   1.8129575E-04   1.1580289E-03
   1.5586490E+03   1.4040000E+03   1.9700000E+02   6.1226015E-07   4.9517932E-06
   1.5586565E+03   1.3710000E+03   2.0900000E+02   2.7966073E-04   1.8343620E-03
   1.5586641E+03   1.3860000E+03   2.1800000E+02   6.5034702E-06   3.7841258E-05
   1.5586716E+03   1.3470000E+03   2.2600000E+02   2.3947341E-04   1.4269294E-03
   1.5586791E+03   1.3850000E+03   2.1100000E+02   1.8610454E-04   1.2236684E-03
   1.5586867E+03   1.2970000E+03   2.0900000E+02   8.3798568E-07   4.9795677E-06
   1.5586942E+03   1.3870000E+03   2.2400000E+02   1.6234950E-04   1.0049974E-03
   1.5587017E+03   1.3980000E+03   2.1600000E+02   4.8646315E-07   1.2422095E-06
   1.5587092E+03   1.2820000E+03   2.0600000E+02   1.3448375E-06   8.3163352E-06
   1.5587168E+03   1.3070000E+03   2.2700000E+02   2.2420876E-06   1.2673178E-05
   1.5587243E+03   1.3820000E+03   2.1800000E+02   1.1289114E-06   1.0506865E-05
   1.5587318E+03   1.3480000E+03   2.2800000E+02   6.8144333E-05   4.0432590E-04
   1.5587393E+03   1.2840000E+03   2.1400000E+02   1.4308883E-05   8.5694941E-05
   1.5587469E+03   1.3030000E+03   1.9600000E+02   2.3154641E-06   1.6238739E-05
   1.5587544E+03   1.3260000E+03   2.1600000E+02   2.9044378E-07   1.1002687E-06
   1.5587619E+03   1.2760000E+03   2.2100000E+02   2.6741461E-04   1.5444672E-03
   1.5587695E+03   1.3020000E+03   2.0500000E+02   1.3978335E-07   2.0919967E-06
   1.5587770E+03   1.2230000E+03   1.8600000E+02   2.0748565E-05   1.3528871E-04
   1.5587845E+03   1.3470000E+03   2.2400000E+02   1.3451133E-04   8.0729900E-04
   1.5587920E+03   1.2920000E+03   1.8900000E+02   1.2540209E-04   8.5723461E-04
   1.5587996E+03   1.2530000E+03   2.1200000E+02   2.0888034E-06   1.2696983E-05
   1.5588071E+03   1.3100000E+03   1.9600000E+02   2.8643524E-06   1.8450767E-05
   1.5588146E+03   1.2480000E+03   2.0200000E+02   3.0744170E-06   1.9412924E-05
   1.5588222E+03   1.2810000E+03   2.0600000E+02   8.4017268E-05   5.2192183E-04
   1.5588297E+03   1.3070000E+03   2.0000000E+02   4.1740099E-07   2.8665052E-06
   1.5588372E+03   1.2280000E+03   1.8600000E+02   9.0051313E-07   6.3184013E-06
   1.5588447E+03   1.2960000E+03   2.1300000E+02   7.7591233E-07   4.1260309E-06
   1.5588523E+03   1.2530000E+03   1.9400000E+02   1.2395592E-06   8.2101592E-06
   1.5588598E+03   1.2550000E+03   2.0800000E+02   1.4979815E-06   9.2004681E-06
   1.5588673E+03   1.2410000E+03   1.9400000E+02   3.2378756E-07   3.3187485E-06
   1.5588749E+03   1.2390000E+03   1.9500000E+02   1.0923739E-07   1.5448121E-06
   1.5588824E+03   1.2440000E+03   1.8800000E+02   1.8898952E-06   1.3062214E-05
   1.5588899E+03   1.2910000E+03   2.2200000E+02   5.5722860E-05   1.3966031E-03
   1.5588974E+03   1.1660000E+03   1.7500000E+02   1.5207751E-04   1.0118703E-03
   1.5589050E+03   1.1820000E+03   1.9300000E+02   1.0707829E-06   6.1192034E-06
   1.5589125E+03   1.2590000E+03   1.7800000E+02   1.0650394E-06   6.5846725E-06
   1.5589200E+03   1.2130000E+03   1.9400000E+02   1.9931978E-06   1.2326509E-05
   1.5589276E+03   1.2100000E+03   2.0700000E+02   4.0364361E-04   3.7438684E-05
   1.5589351E+03   1.2340000E+03   1.8500000E+02   1.3459909E-05   8.9435588E-05
   1.5589426E+03   1.2120000E+03   1.6900000E+02   3.0735879E-07   2.6067226E-06
   1.5589501E+03   1.2470000E+03   1.9500000E+02   9.0290346E-07   5.5069700E-06
   1.5589577E+03   1.2170000E+03   1.8500000E+02   6.7001188E-05   4.4210541E-04
   1.5589652E+03   1.2370000E+03   1.9800000E+02   1.0671340E-06   6.8389570E-06
   1.5589727E+03   1.1900000E+03   1.7700000E+02   5.2694384E-07   3.2322702E-06
   1.5589803E+03   1.2130000E+03   1.7500000E+02   5.0168139E-07   3.6918617E-06
   1.5589878E+03   1.2160000E+03   1.7900000E+02   1.0056938E-04   6.8233494E-04
   1.5589953E+03   1.2800000E+03   1.9600000E+02   7.3700394E-05   4.8114077E-04
   1.5590028E+03   1.2440000E+03   1.7900000E+02   8.9480600E-07   4.7221765E-06
   1.5590104E+03   1.1470000E+03   1.7500000E+02   1.2398822E-06   5.5346726E-06
   1.5590179E+03   1.1940000E+03   2.0300000E+02   8.3402935E-07   4.9769325E-06
   1.5590254E+03   1.2160000E+03   1.7900000E+02   7.5761299E-07   3.8962997E-06
   1.5590330E+03   1.1310000E+03   1.8600000E+02   2.5046900E-06   1.5242319E-05
   1.5590405E+03   1.2380000E+03   1.9800000E+02   2.7800761E-06   1.7789201E-05
   1.5590480E+03   1.1530000E+03   1.8800000E+02   1.4643280E-06   9.4274345E-06
   1.5590555E+03   1.1860000E+03   1.8000000E+02   6.6849748E-07   2.6042336E-06
   1.5590631E+03   1.1880000E+03   1.7600000E+02   3.6987729E-06   2.6356730E-06
   1.5590706E+03   1.2300000E+03   1.9300000E+02   8.9091342E-06   5.1310486E-05
   1.5590781E+03   1.1360000E+03   1.8100000E+02   2.4722557E-06   1.5248075E-05
   1.5590857E+03   1.2020000E+03   1.7600000E+02   3.9149788E-04   2.6743611E-03
   1.5590932E+03   1.1480000E+03   1.6700000E+02   2.9165503E-04   2.0053187E-03
   1.5591007E+03   1.1590000E+03   1.7300000E+02   4.6862689E-06   3.0033156E-05
   1.5591082E+03   1.1840000E+03   1.7300000E+02   3.7761789E-04   2.5847477E-03
   1.5591158E+03   1.1230000E+03   1.5800000E+02   2.2993932E-07   2.2290192E-06
   1.5591233E+03   1.1330000E+03   1.7600000E+02   5.9323620E-07   3.7325574E-06
   1.5591308E+03   1.0930000E+03   1.5600000E+02   1.0889690E-06   8.3731156E-06
   1.5591384E+03   1.1450000E+03   1.7200000E+02   3.1632174E-04   2.1047422E-03
   1.5591459E+03   1.0950000E+03   1.7400000E+02   3.3846983E-06   2.1231306E-05
   1.5591534E+03   1.0890000E+03   1.7600000E+02   1.4040157E-06   7.1018869E-06
   1.5591609E+03   1.1350000E+03   1.7400000E+02   5.4992838E-06   3.5015660E-05
   1.5591685E+03   1.1400000E+03   1.8300000E+02   1.5650983E-06   9.6481180E-06
   1.5591760E+03   1.1170000E+03   1.7500000E+02   5.1194742E-06   5.1402132E-06
   1.5591835E+03   1.1000000E+03   1.6600000E+02   4.1356385E-07   2.6199417E-06
   1.5591910E+03   1.0620000E+03   1.7000000E+02   1.5193461E-06   9.5696782E-06
   1.5591986E+03   1.1410000E+03   1.7100000E+02   3.7432517E-04   2.4989704E-03
   1.5592061E+03   1.0710000E+03   1.6400000E+02   2.1330792E-06   1.4041914E-05
   1.5592136E+03   1.1040000E+03   1.6700000E+02   6.7071594E-07   4.0369910E-06
   1.5592212E+03   1.0990000E+03   1.6800000E+02   2.1995575E-06   1.4610641E-05
   1.5592287E+03   1.1380000E+03   1.8400000E+02   2.4865451E-04   1.5386035E-03
   1.5592362E+03   1.0570000E+03   1.3800000E+02   2.9625467E-07   2.2762545E-06
   1.5592437E+03   1.0930000E+03   1.7200000E+02   1.5911965E-04   1.0128994E-03
   1.5592513E+03   1.1030000E+03   1.5100000E+02   4.9065538E-07   4.1373426E-06
   1.5592588E+03   1.1080000E+03   1.5800000E+02   5.2343504E-07   7.0536638E-06
   1.5592663E+03   1.0120000E+03   1.4500000E+02   6.0662868E-07   4.1052332E-06
   1.5592739E+03   1.1040000E+03   1.7000000E+02   9.2340323E-07   5.0484705E-06
   1.5592814E+03   1.0810000E+03   1.6400000E+02   5.0973019E-07   3.3750365E-06
   1.5592889E+03   1.1070000E+03   1.6400000E+02   2.8059931E-06   5.7770463E-06
   1.5592964E+03   1.1280000E+03   1.6100000E+02   1.0636702E-06   4.3840376E-06
   1.5593040E+03   1.0800000E+03   1.5500000E+02   6.8266876E-07   3.6417591E-06
   1.5593115E+03   1.0450000E+03   1.5900000E+02   3.7025319E-07   2.3656909E-06
   1.5593190E+03   1.0430000E+03   1.2500000E+02   3.8379906E-04   3.2026767E-03
   1.5593266E+03   1.0120000E+03   1.5200000E+02   9.2628874E-07   6.0135388E-06
   1.5593341E+03   1.0690000E+03   1.4700000E+02   3.8637346E-07   2.5487106E-06
   1.5593416E+03   1.0960000E+03   1.6300000E+02   3.7658331E-04   2.5315237E-03
   1.5593491E+03   1.0850000E+03   1.5200000E+02   1.4788273E-06   7.7307690E-06
   1.5593567E+03   1.0550000E+03   1.7500000E+02   8.1528363E-04   4.9140464E-03
   1.5593642E+03   1.0610000E+03   1.7300000E+02   2.2564956E-04   1.3837039E-03
   1.5593717E+03   1.0490000E+03   1.4300000E+02   2.6352528E-07   2.0360480E-06
   1.5593793E+03   1.0270000E+03   1.2900000E+02   2.2598976E-06   1.8688703E-05
   1.5593868E+03   1.0020000E+03   1.5200000E+02   9.1584757E-07   4.0207171E-06
   1.5593943E+03   1.0900000E+03   1.5800000E+02   1.7577396E-06   1.2575796E-05
   1.5594018E+03   1.0410000E+03   1.5000000E+02   6.7521050E-07   2.7666233E-06
   1.5594094E+03   9.8000000E+02   1.4200000E+02   1.2055157E-05   8.3089230E-05
   1.5594169E+03   1.0100000E+03   1.5400000E+02   1.0586765E-04   6.9367609E-04
   1.5594244E+03   9.8000000E+02   1.4800000E+02   1.2912412E-06   2.2334812E-06
   1.5594320E+03   1.0840000E+03   1.7300000E+02   8.1273262E-07   7.6943612E-06
   1.5594395E+03   1.0620000E+03   1.4000000E+02   3.4388638E-07   1.5496901E-06
   1.5594470E+03   1.0440000E+03   1.3500000E+02   2.3273034E-07   8.4785230E-07
   1.5594545E+03   1.0270000E+03   1.4900000E+02   2.1320730E-06   1.3221027E-05
   1.5594621E+03   9.8800000E+02   1.4500000E+02   2.3699179E-06   1.8244072E-05
   1.5594696E+03   9.7800000E+02   1.2700000E+02   1.4835116E-07   1.0861103E-06
   1.5594771E+03   9.8300000E+02   1.3400000E+02   1.4136098E-06   1.0403608E-05
   1.5594847E+03   1.0190000E+03   1.4500000E+02   3.4772453E-06   2.4588164E-05
   1.5594922E+03   9.8300000E+02   1.4300000E+02   6.0046488E-07   4.6218041E-06
   1.5594997E+03   1.0100000E+03   1.4600000E+02   2.5532970E-07   2.4084213E-06
   1.5595072E+03   1.0080000E+03   1.5600000E+02   8.9502840E-07   5.7468215E-06
   1.5595148E+03   9.6800000E+02   1.3800000E+02   1.6137988E-07   1.7908644E-06
   1.5595223E+03   9.7200000E+02   1.4900000E+02   9.6391757E-07   7.8187876E-06
   1.5595298E+03   9.4400000E+02   1.3100000E+02   1.2273294E-04   8.8452644E-04
   1.5595374E+03   1.0580000E+03   1.3400000E+02   3.5824682E-07   3.3303463E-06
   1.5595449E+03   1.0300000E+03   1.4900000E+02   3.9706008E-06   5.3756338E-06
   1.5595524E+03   1.0050000E+03   1.5300000E+02   7.4467045E-07   5.1279617E-06
   1.5595599E+03   9.4800000E+02   1.2700000E+02   1.5878493E-07   1.4771524E-06
   1.5595675E+03   9.6500000E+02   1.4200000E+02   3.7863247E-05   2.5732421E-04
   1.5595750E+03   9.4900000E+02   1.4100000E+02   8.0682473E-06   5.4336949E-05
   1.5595825E+03   9.4300000E+02   1.4000000E+02   4.5372674E-06   3.0674507E-05
   1.5595901E+03   9.8700000E+02   1.3800000E+02   1.3977264E-07   9.6220603E-07
   1.5595976E+03   1.0050000E+03   1.5900000E+02   1.3116569E-06   8.1866262E-06
   1.5596051E+03   9.5200000E+02   1.5100000E+02   3.1858412E-06   9.4771074E-06
   1.5596126E+03   9.7600000E+02   1.3300000E+02   1.9195744E-06   1.3975365E-05
   1.5596202E+03   1.0020000E+03   1.2300000E+02   5.4979993E-07   4.3585416E-06
   1.5596277E+03   9.3900000E+02   1.3300000E+02   5.0632797E-04   3.5748387E-03
   1.5596352E+03   9.1200000E+02   1.4200000E+02   1.5194164E-06   9.9881807E-06
   1.5596427E+03   1.0070000E+03   1.4800000E+02   4.6295146E-06   4.0271686E-05
   1.5596503E+03   9.6500000E+02   1.3800000E+02   3.4517634E-07   1.1012455E-06
   1.5596578E+03   9.4500000E+02   1.3500000E+02   5.8676845E-06   4.1090080E-05
   1.5596653E+03   9.8700000E+02   1.3100000E+02   2.0956384E-04   1.5790358E-03
   1.5596729E+03   9.6900000E+02   1.2900000E+02   4.8168200E-04   3.6169864E-03
   1.5596804E+03   9.4200000E+02   1.2900000E+02   2.0652611E-07   2.3992619E-06
   1.5596879E+03   8.8700000E+02   1.2000000E+02   9.1922528E-06   6.7772449E-05
   1.5596954E+03   9.2200000E+02   1.3300000E+02   2.7596721E-04   1.9132159E-03
   1.5597030E+03   8.8700000E+02   1.1400000E+02   5.3157329E-06   4.0866634E-05
   1.5597105E+03   9.6600000E+02   1.2900000E+02   3.9722452E-06   2.9586677E-05
   1.5597180E+03   8.7300000E+02   1.3100000E+02   3.2549176E-07   2.4198627E-06
   1.5597256E+03   8.8200000E+02   1.2400000E+02   4.5819248E-07   3.1943285E-06
   1.5597331E+03   8.8200000E+02   1.2900000E+02   4.7217862E-07   2.8037032E-06
   1.5597406E+03   9.1600000E+02   1.3500000E+02   5.3187504E-07   4.4462633E-06
   1.5597481E+03   9.1800000E+02   1.3100000E+02   4.5810463E-07   3.3114543E-06
   1.5597557E+03   8.8600000E+02   1.1700000E+02   2.0022523E-06   1.4953068E-05
   1.5597632E+03   9.0300000E+02   1.1500000E+02   8.1449306E-06   6.3994319E-05
   1.5597707E+03   9.0600000E+02   1.1600000E+02   5.1150794E-07   4.4122795E-06
   1.5597783E+03   8.5000000E+02   1.2200000E+02   2.3086473E-06   1.2242689E-06
   1.5597858E+03   8.9800000E+02   1.4700000E+02   6.0097486E-07   3.3522361E-06
   1.5597933E+03   9.2300000E+02   1.2100000E+02   4.5548722E-07   2.9597829E-06
   1.5598008E+03   8.4600000E+02   1.1900000E+02   1.0571486E-05   7.4300588E-05
   1.5598084E+03   8.7200000E+02   1.1500000E+02   4.2533274E-07   3.3173768E-06
   1.5598159E+03   9.1000000E+02   1.4400000E+02   3.2568767E-04   2.0579921E-03
   1.5598234E+03   8.1500000E+02   1.1900000E+02   1.9987020E-06   1.3692225E-05
   1.5598310E+03   8.8900000E+02   1.1700000E+02   3.0722458E-07   4.2666912E-06
   1.5598385E+03   8.7300000E+02   1.1900000E+02   5.0140155E-08   7.0384957E-06
   1.5598460E+03   8.3800000E+02   1.2100000E+02   1.9959567E-06   1.0301196E-05
   1.5598535E+03   8.0200000E+02   1.0700000E+02   1.5216237E-06   1.0477582E-05
   1.5598611E+03   8.6800000E+02   1.0300000E+02   1.1883634E-06   1.3235961E-05
   1.5598686E+03   8.6100000E+02   1.1500000E+02   6.1582139E-07   4.4509156E-06
   1.5598761E+03   8.8500000E+02   1.0800000E+02   2.2900124E-06   1.7147778E-05
   1.5598837E+03   8.5500000E+02   1.1900000E+02   2.2689589E-06   1.6349678E-05
   1.5598912E+03   8.3800000E+02   1.0200000E+02   5.3992045E-07   4.0937615E-06
   1.5598987E+03   8.1200000E+02   1.1100000E+02   1.1682627E-03   8.5462666E-03
   1.5599062E+03   8.6600000E+02   1.1900000E+02   1.3880111E-05   1.0056940E-04
   1.5599138E+03   8.1600000E+02   9.9000000E+01   1.1054309E-06   8.9363298E-06
   1.5599213E+03   8.8200000E+02   1.0900000E+02   4.2661015E-07   5.9957885E-06
   1.5599288E+03   8.1900000E+02   1.2300000E+02   1.7033475E-06   1.0173811E-05
   1.5599364E+03   8.1900000E+02   1.1700000E+02   2.4729977E-07   2.0520087E-06
   1.5599439E+03   8.0900000E+02   1.0500000E+02   1.2998569E-06   9.8981428E-06
   1.5599514E+03   8.1400000E+02   1.1700000E+02   6.1316210E-07   3.5116616E-06
   1.5599589E+03   8.6000000E+02   1.1200000E+02   4.5582697E-07   3.4989401E-06
   1.5599665E+03   7.8200000E+02   1.1700000E+02   6.2013862E-06   4.1857808E-05
   1.5599740E+03   7.9600000E+02   1.0000000E+02   3.9670391E-04   3.1574965E-03
   1.5599815E+03   7.9900000E+02   9.6000000E+01   4.8486416E-06   3.4892503E-06
   1.5599891E+03   8.5800000E+02   1.1500000E+02   2.4406269E-06   1.8468150E-05
   1.5599966E+03   8.0700000E+02   1.0600000E+02   4.9102319E-07   4.1335457E-06
   1.5600041E+03   8.5300000E+02   1.1300000E+02   1.1984273E-06   9.0527971E-06
   1.5600116E+03   8.2200000E+02   1.0000000E+02   2.3498760E-06   1.9220713E-05
   1.5600192E+03   7.8500000E+02   1.1300000E+02   1.4059089E-07   1.6218253E-06
   1.5600267E+03   8.1300000E+02   1.1800000E+02   2.4347402E-04   1.6780624E-03
   1.5600342E+03   7.6100000E+02   7.9000000E+01   1.3047590E-05   1.2508628E-04
   1.5600418E+03   8.1000000E+02   1.0200000E+02   1.1760138E-06   9.1767308E-06
   1.5600493E+03   8.1300000E+02   1.3500000E+02   5.7616034E-04   3.4697091E-03
   1.5600568E+03   8.5500000E+02   1.3100000E+02   1.5257896E-06   1.0229414E-05
   1.5600643E+03   7.8000000E+02   1.0800000E+02   1.6144515E-07   1.1972285E-06
   1.5600719E+03   8.4100000E+02   1.1700000E+02   4.3739489E-04   3.1440001E-03
   1.5600794E+03   8.0700000E+02   9.5000000E+01   1.8849841E-06   1.6172573E-05
   1.5600869E+03   8.0500000E+02   1.2400000E+02   1.1985800E-06   7.6725364E-06
   1.5600944E+03   7.7300000E+02   9.5000000E+01   4.8867644E-07   3.3841107E-06
   1.5601020E+03   7.8400000E+02   9.1000000E+01   1.3086625E-07   1.0636930E-06
   1.5601095E+03   7.4600000E+02   9.6000000E+01   5.0989240E-07   3.1375748E-06
   1.5601170E+03   8.4500000E+02   1.0500000E+02   1.8246400E-06   1.4933379E-05
   1.5601246E+03   7.5500000E+02   9.7000000E+01   1.0477079E-06   8.1536116E-06
   1.5601321E+03   7.6200000E+02   8.6000000E+01   5.6195116E-06   5.0116866E-05
   1.5601396E+03   7.6200000E+02   1.1000000E+02   7.5546139E-07   5.8655991E-06
   1.5601471E+03   7.4700000E+02   1.0200000E+02   2.0893426E-05   1.5318088E-04
   1.5601547E+03   7.5300000E+02   9.0000000E+01   1.1426663E-07   1.0160298E-06
   1.5601622E+03   7.4600000E+02   9.4000000E+01   4.3055647E-07   2.0885204E-06
   1.5601697E+03   7.8100000E+02   1.0200000E+02   6.4585428E-07   4.3112852E-06
   1.5601773E+03   7.4600000E+02   7.7000000E+01   3.4399948E-06   3.3255371E-05
   1.5601848E+03   7.4800000E+02   1.0400000E+02   5.1188611E-07   3.3447472E-06
   1.5601923E+03   7.6600000E+02   8.9000000E+01   2.9192859E-07   2.3321617E-06
   1.5601998E+03   7.4900000E+02   8.3000000E+01   4.7708953E-06   3.7188043E-05
   1.5602074E+03   7.2700000E+02   9.7000000E+01   3.7964396E-04   2.8453819E-03
   1.5602149E+03   7.3700000E+02   9.1000000E+01   2.7663641E-07   2.4939500E-06
   1.5602224E+03   7.5000000E+02   1.0200000E+02   3.1355967E-06   2.2788136E-05
   1.5602300E+03   7.4500000E+02   9.1000000E+01   1.3910629E-06   6.1719346E-06
   1.5602375E+03   7.0800000E+02   9.0000000E+01   3.5283321E-06   2.7603152E-05
   1.5602450E+03   7.0000000E+02   1.1200000E+02   5.9869467E-07   3.7220607E-06
   1.5602525E+03   7.3600000E+02   1.0600000E+02   2.9194822E-05   2.0300575E-04
   1.5602601E+03   7.4800000E+02   1.0800000E+02   3.7660322E-06   2.5422407E-05
   1.5602676E+03   7.5000000E+02   1.0700000E+02   3.0400533E-07   3.4185648E-06
   1.5602751E+03   6.9800000E+02   9.4000000E+01   9.4875374E-07   7.4835876E-06
   1.5602827E+03   7.1400000E+02   1.0200000E+02   1.4387983E-06   6.4385265E-06
   1.5602902E+03   7.0900000E+02   8.0000000E+01   5.5121208E-06   4.8986432E-05
   1.5602977E+03   7.3200000E+02   8.7000000E+01   4.4772028E-07   3.8050967E-06
   1.5603052E+03   7.5900000E+02   1.0400000E+02   5.4202889E-08   5.2354937E-06
   1.5603128E+03   7.3000000E+02   8.7000000E+01   3.4130142E-07   2.5888050E-06
   1.5603203E+03   7.6100000E+02   9.5000000E+01   9.8849860E-08   9.4340199E-07
   1.5603278E+03   7.2400000E+02   8.6000000E+01   1.9791122E-06   1.6801104E-05
   1.5603354E+03   7.0000000E+02   9.3000000E+01   8.3578250E-06   6.3201657E-05
   1.5603429E+03   7.4400000E+02   9.2000000E+01   5.7912718E-07   5.6041091E-06
   1.5603504E+03   6.7400000E+02   1.0000000E+02   1.0732757E-03   7.2341183E-03
   1.5603579E+03   6.9300000E+02   9.9000000E+01   8.2449592E-07   5.5205688E-06
   1.5603655E+03   7.0100000E+02   7.7000000E+01   3.3135686E-06   3.0684529E-05
   1.5603730E+03   6.9900000E+02   1.0500000E+02   7.6549980E-06   5.0386549E-05
   1.5603805E+03   6.9000000E+02   8.4000000E+01   2.0154250E-06   1.5941235E-05
   1.5603881E+03   7.1500000E+02   9.9000000E+01   5.6270619E-08   5.7111521E-07
   1.5603956E+03   7.0700000E+02   8.5000000E+01   1.7847842E-06   1.4485386E-05
   1.5604031E+03   7.0600000E+02   8.3000000E+01   2.7602625E-07   2.3849965E-06
   1.5604106E+03   6.7700000E+02   8.4000000E+01   3.0964241E-07   2.7252725E-06
   1.5604182E+03   6.9000000E+02   6.8000000E+01   6.4494532E-07   5.7466557E-06
   1.5604257E+03   6.9800000E+02   1.0300000E+02   3.1288150E-06   1.5802053E-05
   1.5604332E+03   6.6400000E+02   8.8000000E+01   1.7732011E-06   1.3389327E-05
   1.5604408E+03   6.9700000E+02   7.6000000E+01   2.2761993E-06   7.0950617E-06
   1.5604483E+03   6.5900000E+02   8.5000000E+01   9.2525314E-06   7.1531741E-05
   1.5604558E+03   6.5500000E+02   9.8000000E+01   4.5850952E-04   3.0643930E-03
   1.5604633E+03   7.2000000E+02   7.6000000E+01   2.7043677E-06   2.5880671E-05
   1.5604709E+03   6.8500000E+02   7.2000000E+01   9.1150534E-07   8.2140431E-06
   1.5604784E+03   6.5300000E+02   9.7000000E+01   5.7976717E-06   3.8900861E-05
   1.5604859E+03   6.6300000E+02   8.6000000E+01   6.5983028E-05   5.0843264E-04
   1.5604935E+03   6.7500000E+02   7.5000000E+01   6.1364501E-04   5.5228846E-03
   1.5605010E+03   6.4700000E+02   7.5000000E+01   1.0374961E-05   9.2192389E-05
   1.5605085E+03   6.5300000E+02   8.8000000E+01   1.5030175E-07   1.4149020E-06
   1.5605160E+03   6.3400000E+02   8.2000000E+01   5.5674009E-04   4.3101874E-03
   1.5605236E+03   6.8200000E+02   9.4000000E+01   1.0456138E-06   7.9785594E-06
   1.5605311E+03   6.4800000E+02   8.7000000E+01   2.3231903E-07   1.6939362E-06
   1.5605386E+03   6.5000000E+02   8.3000000E+01   5.5508086E-06   4.3407342E-05
   1.5605461E+03   6.1300000E+02   8.0000000E+01   1.3023949E-03   9.9795172E-03
   1.5605537E+03   6.2100000E+02   9.2000000E+01   3.2525340E-08   1.6918070E-07
   1.5605612E+03   6.6500000E+02   7.0000000E+01   1.1866333E-06   1.1415226E-05
   1.5605687E+03   6.3300000E+02   7.3000000E+01   8.2207493E-07   7.3834845E-06
   1.5605763E+03   6.2200000E+02   8.2000000E+01   1.1717771E-06   8.8266505E-06
   1.5605838E+03   6.5000000E+02   7.8000000E+01   8.7753481E-07   7.0960152E-06
   1.5605913E+03   6.4000000E+02   7.5000000E+01   9.1048520E-06   7.7887024E-05
   1.5605988E+03   6.3200000E+02   8.5000000E+01   1.7464965E-07   1.3976855E-06
   1.5606064E+03   6.8200000E+02   8.8000000E+01   1.3565479E-06   1.0239320E-05
   1.5606139E+03   6.8100000E+02   8.6000000E+01   1.2999909E-06   1.0239490E-05
   1.5606214E+03   6.3100000E+02   7.0000000E+01   2.3676579E-04   2.1325867E-03
   1.5606290E+03   6.2700000E+02   7.3000000E+01   5.1058910E-07   1.2980119E-05
   1.5606365E+03   6.1900000E+02   8.9000000E+01   7.2599895E-07   5.0711920E-06
   1.5606440E+03   6.5000000E+02   7.7000000E+01   2.7441176E-07   2.3171625E-06
   1.5606515E+03   6.3300000E+02   7.5000000E+01   1.8391198E-06   1.5458800E-05
   1.5606591E+03   5.9200000E+02   6.5000000E+01   6.8983545E-07   6.5028815E-06
   1.5606666E+03   6.0100000E+02   6.4000000E+01   1.6545412E-06   1.5590087E-05
   1.5606741E+03   6.1600000E+02   6.6000000E+01   4.6587442E-07   4.3912101E-06
   1.5606817E+03   5.9900000E+02   7.9000000E+01   4.2388677E-07   3.7688252E-06
   1.5606892E+03   6.1200000E+02   6.7000000E+01   3.6687557E-07   1.7032518E-06
   1.5606967E+03   5.8300000E+02   7.3000000E+01   3.5177862E-06   2.8400259E-05
   1.5607042E+03   5.6800000E+02   6.1000000E+01   2.2743488E-06   2.1271400E-05
   1.5607118E+03   6.0500000E+02   8.2000000E+01   5.1824794E-07   3.1164567E-06
   1.5607193E+03   5.9900000E+02   7.0000000E+01   3.8318402E-06   3.4689821E-05
   1.5607268E+03   5.9300000E+02   6.8000000E+01   6.5856807E-04   5.7434072E-03
   1.5607344E+03   5.9700000E+02   6.5000000E+01   4.0383966E-07   3.5706160E-06
   1.5607419E+03   6.2200000E+02   7.7000000E+01   2.6354412E-06   2.0766958E-05
   1.5607494E+03   6.0500000E+02   6.9000000E+01   6.8334221E-07   6.5642778E-06
   1.5607569E+03   5.6300000E+02   6.1000000E+01   5.2866290E-06   4.9542397E-05
   1.5607645E+03   5.6900000E+02   8.1000000E+01   1.5248871E-06   1.0479304E-05
   1.5607720E+03   5.7600000E+02   6.2000000E+01   7.3796581E-04   6.8558725E-03
