   1.5381945E+03   1.7000000E+01   1.4000000E+01   2.1385619E-02   4.0190050E-02
   1.5382021E+03   2.2000000E+01   1.9000000E+01   6.9336076E-02   6.4617177E-02
   1.5382096E+03   1.7000000E+01   1.4000000E+01   7.6173080E-02   8.8146925E-02
   1.5382171E+03   2.6000000E+01   2.4000000E+01   6.3850202E-02   6.5593182E-02
   1.5382246E+03   2.8000000E+01   2.5000000E+01   6.5422674E-02   4.8633523E-02
   1.5382322E+03   2.7000000E+01   2.6000000E+01   5.8447833E-02   4.1325771E-02
   1.5382397E+03   1.9000000E+01   1.8000000E+01   2.0498190E-02   7.0861038E-03
   1.5382472E+03   2.8000000E+01   2.8000000E+01   6.9905273E-03   6.9905273E-03
   1.5382548E+03   3.7000000E+01   3.5000000E+01   4.2823126E-02   6.1429115E-02
   1.5382623E+03   2.4000000E+01   1.9000000E+01   8.1422712E-02   5.2990060E-02
   1.5382698E+03   2.7000000E+01   2.7000000E+01   7.9775012E-02   7.9775012E-02
   1.5382773E+03   2.4000000E+01   2.1000000E+01   7.2674749E-02   5.5243779E-02
   1.5382849E+03   2.3000000E+01   2.3000000E+01   1.2867155E-02   1.2867155E-02
   1.5382924E+03   2.5000000E+01   2.4000000E+01   5.6389761E-02   4.4507662E-02
   1.5382999E+03   1.9000000E+01   1.4000000E+01   6.7158998E-02   7.3446060E-02
   1.5383075E+03   2.3000000E+01   2.1000000E+01   6.3132073E-02   6.0817138E-02
   1.5383150E+03   2.3000000E+01   2.0000000E+01   1.2670756E-02   8.6075885E-03
   1.5383225E+03   3.6000000E+01   2.4000000E+01   9.2733445E-02   1.4782862E-01
   1.5383300E+03   2.6000000E+01   2.4000000E+01   3.7116539E-02   4.1029967E-02
   1.5383376E+03   3.1000000E+01   2.9000000E+01   3.7439276E-02   4.6221564E-02
   1.5383451E+03   2.8000000E+01   2.5000000E+01   4.9146768E-02   3.4261802E-02
   1.5383526E+03   2.5000000E+01   2.1000000E+01   8.9157739E-02   8.1152440E-02
   1.5383602E+03   2.6000000E+01   2.1000000E+01   6.4606961E-02   3.5393839E-02
   1.5383677E+03   3.6000000E+01   3.1000000E+01   4.5529312E-02   4.8639948E-02
   1.5383752E+03   2.8000000E+01   2.4000000E+01   2.8343686E-02   5.5676973E-02
   1.5383827E+03   4.6000000E+01   3.8000000E+01   1.3869381E-02   3.3879974E-02
   1.5383903E+03   3.8000000E+01   3.8000000E+01   4.6704309E-02   4.6704309E-02
   1.5383978E+03   3.7000000E+01   2.9000000E+01   5.8560354E-02   4.6481274E-02
   1.5384053E+03   3.2000000E+01   2.9000000E+01   3.4072394E-02   3.9884611E-02
   1.5384128E+03   3.1000000E+01   2.8000000E+01   5.0821250E-02   4.3549710E-02
   1.5384204E+03   3.6000000E+01   3.5000000E+01   3.8618050E-02   3.7907817E-02
   1.5384279E+03   2.7000000E+01   2.2000000E+01   6.2702215E-02   5.2864731E-02
   1.5384354E+03   2.7000000E+01   2.4000000E+01   6.2187156E-02   4.9461827E-02
   1.5384430E+03   3.1000000E+01   2.9000000E+01   6.4210878E-02   6.1711103E-02
   1.5384505E+03   3.4000000E+01   3.1000000E+01   6.0224133E-02   6.0034671E-02
   1.5384580E+03   5.0000000E+01   4.6000000E+01   4.5772925E-02   3.4735109E-02
   1.5384655E+03   2.7000000E+01   2.6000000E+01   6.2934523E-02   5.8297297E-02
   1.5384731E+03   3.9000000E+01   3.2000000E+01   7.5938432E-02   6.4381926E-02
   1.5384806E+03   3.6000000E+01   3.1000000E+01   5.8975434E-02   6.9549175E-02
   1.5384881E+03   4.8000000E+01   4.0000000E+01   7.3910739E-02   7.9462722E-02
   1.5384957E+03   3.5000000E+01   3.3000000E+01   7.6025028E-02   6.2239639E-02
   1.5385032E+03   4.6000000E+01   4.4000000E+01   3.6898245E-02   3.4409284E-02
   1.5385107E+03   3.4000000E+01   3.2000000E+01   5.1991934E-02   5.0438600E-02
   1.5385182E+03   3.5000000E+01   3.4000000E+01   4.9943912E-03   5.2064502E-03
   1.5385258E+03   4.1000000E+01   3.6000000E+01   3.2410689E-02   4.2847966E-02
   1.5385333E+03   3.8000000E+01   3.5000000E+01   6.6312211E-02   8.1224889E-02
   1.5385408E+03   4.8000000E+01   4.6000000E+01   3.3359931E-02   3.1619124E-02
   1.5385484E+03   5.3000000E+01   5.2000000E+01   5.7025887E-02   5.1901172E-02
   1.5385559E+03   3.8000000E+01   3.5000000E+01   2.1480101E-02   2.6774217E-02
   1.5385634E+03   4.0000000E+01   3.9000000E+01   3.8207409E-02   4.2785320E-02
   1.5385709E+03   4.5000000E+01   4.3000000E+01   2.9679675E-02   3.5143619E-02
   1.5385785E+03   5.7000000E+01   5.0000000E+01   3.7368744E-02   2.2807548E-02
   1.5385860E+03   5.3000000E+01   4.9000000E+01   1.9947617E-02   2.8572471E-02
   1.5385935E+03   4.4000000E+01   3.9000000E+01   7.5480375E-02   8.0816769E-02
   1.5386011E+03   5.2000000E+01   4.9000000E+01   5.6776925E-02   7.0368388E-02
   1.5386086E+03   4.8000000E+01   4.7000000E+01   1.4916216E-02   1.5287561E-02
   1.5386161E+03   5.1000000E+01   4.6000000E+01   3.6479848E-02   2.8678254E-02
   1.5386236E+03   5.1000000E+01   4.8000000E+01   2.3396830E-02   3.7715609E-02
   1.5386312E+03   3.6000000E+01   3.3000000E+01   2.4710674E-02   3.4383272E-02
   1.5386387E+03   5.1000000E+01   4.6000000E+01   4.2739686E-02   4.5838057E-02
   1.5386462E+03   5.4000000E+01   4.9000000E+01   5.1122091E-02   5.8535884E-02
   1.5386538E+03   5.6000000E+01   5.3000000E+01   4.4493936E-02   3.4862772E-02
   1.5386613E+03   5.8000000E+01   5.3000000E+01   1.5830942E-02   1.1810691E-02
   1.5386688E+03   6.2000000E+01   5.7000000E+01   1.2152326E-02   1.7907288E-02
   1.5386763E+03   3.9000000E+01   3.4000000E+01   2.8911351E-02   3.7126698E-02
   1.5386839E+03   5.4000000E+01   4.6000000E+01   5.3212320E-02   3.6095091E-02
   1.5386914E+03   6.9000000E+01   6.5000000E+01   2.5980391E-02   2.9413392E-02
   1.5386989E+03   5.9000000E+01   5.6000000E+01   5.9145061E-02   6.1297751E-02
   1.5387065E+03   5.6000000E+01   5.3000000E+01   3.5347130E-02   3.8302686E-02
   1.5387140E+03   6.1000000E+01   5.8000000E+01   3.3219467E-02   4.1540334E-02
   1.5387215E+03   7.4000000E+01   6.9000000E+01   2.3936148E-02   3.4200156E-02
   1.5387290E+03   5.7000000E+01   5.2000000E+01   6.9262468E-02   6.3411139E-02
   1.5387366E+03   6.1000000E+01   6.1000000E+01   2.1310073E-02   2.1310073E-02
   1.5387441E+03   6.6000000E+01   6.3000000E+01   1.9502655E-02   1.4951101E-02
   1.5387516E+03   6.1000000E+01   5.6000000E+01   3.9480052E-02   3.1602447E-02
   1.5387592E+03   5.2000000E+01   4.7000000E+01   4.2348531E-02   4.6927844E-02
   1.5387667E+03   6.0000000E+01   5.7000000E+01   3.2824721E-02   3.6055457E-02
   1.5387742E+03   5.3000000E+01   5.1000000E+01   5.9071123E-02   5.0627840E-02
   1.5387817E+03   6.4000000E+01   5.7000000E+01   3.4181540E-02   3.1613269E-02
   1.5387893E+03   6.2000000E+01   5.9000000E+01   5.3623426E-02   4.5320798E-02
   1.5387968E+03   6.6000000E+01   5.8000000E+01   4.0825908E-02   5.1931443E-02
   1.5388043E+03   7.7000000E+01   7.5000000E+01   2.9744132E-02   3.6805530E-02
   1.5388119E+03   6.7000000E+01   6.3000000E+01   2.4578534E-02   3.6860802E-02
   1.5388194E+03   7.1000000E+01   6.6000000E+01   2.0106894E-02   3.2342291E-02
   1.5388269E+03   6.3000000E+01   5.5000000E+01   1.1726453E-02   1.5780878E-02
   1.5388344E+03   7.7000000E+01   7.5000000E+01   3.6293150E-02   3.5458240E-02
   1.5388420E+03   5.6000000E+01   5.5000000E+01   2.0928054E-02   2.3345227E-02
   1.5388495E+03   8.7000000E+01   8.2000000E+01   1.0361151E-02   7.8382037E-03
   1.5388570E+03   8.0000000E+01   7.5000000E+01   2.0558887E-02   1.5031756E-02
   1.5388646E+03   6.9000000E+01   6.9000000E+01   9.9839977E-03   9.9839977E-03
   1.5388721E+03   6.7000000E+01   6.3000000E+01   3.0415269E-03   1.2117727E-02
   1.5388796E+03   7.0000000E+01   6.6000000E+01   3.1337956E-02   4.9569194E-02
   1.5388871E+03   7.4000000E+01   6.9000000E+01   1.9854442E-02   2.7158844E-02
   1.5388947E+03   7.7000000E+01   7.1000000E+01   1.7999732E-02   2.2628632E-02
   1.5389022E+03   7.8000000E+01   7.1000000E+01   7.6383079E-03   1.4755738E-02
   1.5389097E+03   8.4000000E+01   7.9000000E+01   2.4569582E-02   2.6829247E-02
   1.5389172E+03   8.6000000E+01   8.2000000E+01   2.4504897E-02   3.1979298E-02
   1.5389248E+03   7.6000000E+01   7.2000000E+01   2.1677166E-02   2.2085122E-02
   1.5389323E+03   6.5000000E+01   6.1000000E+01   3.3405912E-02   3.0040450E-02
   1.5389398E+03   8.6000000E+01   7.9000000E+01   1.5613586E-02   2.4639865E-02
   1.5389474E+03   7.5000000E+01   6.8000000E+01   2.7489434E-02   2.6989683E-02
   1.5389549E+03   7.5000000E+01   7.0000000E+01   2.9549905E-02   3.7287558E-02
   1.5389624E+03   7.8000000E+01   7.5000000E+01   3.5048855E-03   1.1758997E-03
   1.5389699E+03   9.5000000E+01   8.9000000E+01   1.2293795E-02   1.1823472E-02
   1.5389775E+03   7.6000000E+01   7.0000000E+01   1.3468349E-02   1.9400335E-02
   1.5389850E+03   7.5000000E+01   7.0000000E+01   2.0326537E-02   2.9812360E-02
   1.5389925E+03   7.2000000E+01   6.7000000E+01   1.7007850E-02   2.4239409E-02
   1.5390001E+03   9.4000000E+01   8.7000000E+01   1.3947475E-02   2.3417458E-02
   1.5390076E+03   1.0100000E+02   9.4000000E+01   2.8224159E-02   2.3194377E-02
   1.5390151E+03   8.5000000E+01   8.1000000E+01   2.5256184E-02   3.7273243E-02
   1.5390226E+03   7.7000000E+01   7.3000000E+01   6.2231117E-02   6.3649526E-02
   1.5390302E+03   9.3000000E+01   9.1000000E+01   1.6904802E-02   1.9330049E-02
   1.5390377E+03   9.3000000E+01   8.3000000E+01   2.2034674E-02   1.4988832E-02
   1.5390452E+03   7.1000000E+01   6.6000000E+01   2.3383991E-02   3.2453356E-02
   1.5390528E+03   7.7000000E+01   7.3000000E+01   2.9649889E-02   3.8149099E-02
   1.5390603E+03   9.3000000E+01   9.0000000E+01   2.0777348E-02   2.6059684E-02
   1.5390678E+03   8.1000000E+01   7.3000000E+01   3.7121903E-02   3.2766798E-02
   1.5390753E+03   8.5000000E+01   8.2000000E+01   4.4445190E-02   4.2651607E-02
   1.5390829E+03   1.0100000E+02   9.4000000E+01   3.7709647E-02   2.8369903E-02
   1.5390904E+03   8.5000000E+01   7.7000000E+01   3.2354666E-02   4.0969422E-02
   1.5390979E+03   6.8000000E+01   6.7000000E+01   4.0274392E-02   3.9358769E-02
   1.5391055E+03   9.9000000E+01   9.2000000E+01   1.3422398E-02   1.5152707E-02
   1.5391130E+03   1.1100000E+02   1.0600000E+02   4.2246842E-02   5.0418111E-02
   1.5391205E+03   8.1000000E+01   7.3000000E+01   3.0303454E-02   3.5389270E-02
   1.5391280E+03   8.7000000E+01   8.5000000E+01   1.7382185E-02   1.2733710E-02
   1.5391356E+03   8.3000000E+01   7.9000000E+01   1.9828471E-02   1.7139016E-02
   1.5391431E+03   9.1000000E+01   8.6000000E+01   6.7558948E-03   8.9443047E-03
   1.5391506E+03   9.2000000E+01   9.0000000E+01   3.9556978E-02   3.7100011E-02
   1.5391582E+03   9.5000000E+01   9.2000000E+01   2.7106046E-02   2.2954309E-02
   1.5391657E+03   9.4000000E+01   8.8000000E+01   2.1432236E-02   2.3462712E-02
   1.5391732E+03   9.8000000E+01   9.0000000E+01   1.5141892E-02   2.2592798E-02
   1.5391807E+03   1.0100000E+02   9.8000000E+01   3.8481617E-02   3.9721285E-02
   1.5391883E+03   7.6000000E+01   6.9000000E+01   2.2856127E-02   2.0958049E-02
   1.5391958E+03   9.3000000E+01   8.6000000E+01   2.9476782E-02   3.3223461E-02
   1.5392033E+03   8.9000000E+01   8.7000000E+01   2.6675281E-02   2.7668365E-02
   1.5392109E+03   8.2000000E+01   7.9000000E+01   2.2325624E-02   2.5550713E-02
   1.5392184E+03   8.4000000E+01   7.7000000E+01   2.7784836E-02   3.2465137E-02
   1.5392259E+03   7.9000000E+01   7.8000000E+01   3.9518684E-02   3.4641198E-02
   1.5392334E+03   9.5000000E+01   8.7000000E+01   6.3857279E-02   6.8973940E-02
   1.5392410E+03   9.4000000E+01   9.2000000E+01   3.8825149E-02   3.5405599E-02
   1.5392485E+03   8.8000000E+01   8.1000000E+01   2.6327469E-02   2.5697601E-02
   1.5392560E+03   1.1300000E+02   1.1100000E+02   4.6354994E-02   4.7882749E-02
   1.5392636E+03   1.1200000E+02   1.0400000E+02   2.0933523E-02   2.9446370E-02
   1.5392711E+03   1.1300000E+02   1.0600000E+02   4.1502952E-02   3.7417630E-02
   1.5392786E+03   8.5000000E+01   8.1000000E+01   2.3015291E-02   3.0566164E-02
   1.5392861E+03   1.1200000E+02   1.0500000E+02   3.2097463E-02   2.9192989E-02
   1.5392937E+03   1.1700000E+02   1.1200000E+02   2.0132176E-02   2.9049953E-02
   1.5393012E+03   1.2000000E+02   1.1100000E+02   2.7261553E-02   3.0832285E-02
   1.5393087E+03   9.5000000E+01   9.2000000E+01   2.4677237E-02   2.2093134E-02
   1.5393162E+03   1.2400000E+02   1.1900000E+02   1.1938377E-02   1.2120413E-02
   1.5393238E+03   9.7000000E+01   9.3000000E+01   2.9969152E-02   2.8526119E-02
   1.5393313E+03   1.0000000E+02   9.7000000E+01   2.4778755E-02   3.2337571E-02
   1.5393388E+03   1.1500000E+02   1.0900000E+02   1.6645332E-02   1.2627784E-02
   1.5393464E+03   1.1800000E+02   1.1200000E+02   1.8924118E-02   2.4909751E-02
   1.5393539E+03   1.1500000E+02   1.0800000E+02   3.8057418E-02   3.0522073E-02
   1.5393614E+03   1.2900000E+02   1.2200000E+02   5.1634988E-02   5.6384677E-02
   1.5393689E+03   1.2600000E+02   1.1900000E+02   2.7586738E-02   2.4671255E-02
   1.5393765E+03   1.0900000E+02   1.0500000E+02   7.5676918E-03   1.0526772E-02
   1.5393840E+03   8.1000000E+01   7.6000000E+01   3.2283553E-02   3.5276039E-02
   1.5393915E+03   1.2600000E+02   1.2400000E+02   2.3108019E-02   2.3513176E-02
   1.5393991E+03   1.1300000E+02   1.0700000E+02   3.9309340E-02   3.0446197E-02
   1.5394066E+03   1.2000000E+02   1.1500000E+02   2.1662775E-02   2.4247376E-02
   1.5394141E+03   1.1200000E+02   1.0700000E+02   9.1082771E-03   1.1817476E-02
   1.5394216E+03   1.1200000E+02   1.1000000E+02   4.2250102E-02   4.1011110E-02
   1.5394292E+03   1.1200000E+02   1.0600000E+02   5.6547862E-03   6.9189271E-03
   1.5394367E+03   1.3400000E+02   1.2800000E+02   6.7915911E-03   7.2590861E-03
   1.5394442E+03   1.1000000E+02   1.0400000E+02   3.8004431E-02   3.2361635E-02
   1.5394518E+03   1.1700000E+02   1.1000000E+02   2.7855086E-02   2.2640914E-02
   1.5394593E+03   1.5000000E+02   1.4500000E+02   1.3757465E-02   1.4307051E-02
   1.5394668E+03   1.2100000E+02   1.1500000E+02   5.1858555E-02   4.6272769E-02
   1.5394743E+03   1.1900000E+02   1.1600000E+02   2.9209703E-02   2.3187225E-02
   1.5394819E+03   1.3800000E+02   1.3500000E+02   8.6992017E-04   4.9764157E-03
   1.5394894E+03   1.3800000E+02   1.2800000E+02   3.3391366E-02   3.9373123E-02
   1.5394969E+03   1.4900000E+02   1.4000000E+02   3.6887074E-02   3.6025617E-02
   1.5395045E+03   1.2400000E+02   1.2000000E+02   2.6033138E-02   2.8612184E-02
   1.5395120E+03   1.2200000E+02   1.1400000E+02   2.8610538E-02   3.3587699E-02
   1.5395195E+03   1.2500000E+02   1.2000000E+02   9.7774157E-03   1.1504910E-02
   1.5395270E+03   1.4600000E+02   1.3800000E+02   2.9517323E-02   3.4793467E-02
   1.5395346E+03   1.3400000E+02   1.2800000E+02   2.6645253E-02   2.8150842E-02
   1.5395421E+03   1.3600000E+02   1.2700000E+02   1.8154216E-02   2.0715124E-02
   1.5395496E+03   1.5600000E+02   1.4700000E+02   3.3755705E-02   3.3859984E-02
   1.5395572E+03   1.3800000E+02   1.3400000E+02   1.0790078E-02   1.4528820E-02
   1.5395647E+03   1.2900000E+02   1.1800000E+02   3.0071926E-02   2.8298699E-02
   1.5395722E+03   1.2400000E+02   1.1900000E+02   3.3149714E-02   3.7580258E-02
   1.5395797E+03   1.1500000E+02   1.0700000E+02   1.6193160E-02   2.0840177E-02
   1.5395873E+03   1.3600000E+02   1.3300000E+02   2.9734997E-02   3.2685118E-02
   1.5395948E+03   1.2800000E+02   1.1700000E+02   3.7362841E-02   3.1336143E-02
   1.5396023E+03   1.2900000E+02   1.2500000E+02   1.4933921E-02   1.6708240E-02
   1.5396099E+03   1.4100000E+02   1.3000000E+02   1.6814180E-02   8.6165472E-03
   1.5396174E+03   1.4000000E+02   1.3100000E+02   1.2004385E-02   1.1397411E-02
   1.5396249E+03   1.3200000E+02   1.2900000E+02   2.4779930E-02   2.2535829E-02
   1.5396324E+03   1.2200000E+02   1.2000000E+02   1.6485292E-02   1.9051315E-02
   1.5396400E+03   1.4400000E+02   1.3700000E+02   1.9315107E-02   1.6466828E-02
   1.5396475E+03   1.4100000E+02   1.3500000E+02   9.3196540E-03   5.1765327E-03
   1.5396550E+03   1.4800000E+02   1.4200000E+02   1.4785001E-02   1.6071572E-02
   1.5396626E+03   1.3300000E+02   1.2600000E+02   1.7306010E-02   2.2892398E-02
   1.5396701E+03   1.4300000E+02   1.3800000E+02   3.8683949E-03   7.2657242E-03
   1.5396776E+03   1.4600000E+02   1.4000000E+02   1.4651046E-02   1.7080951E-02
   1.5396851E+03   1.3600000E+02   1.3300000E+02   3.2951709E-02   3.1097043E-02
   1.5396927E+03   1.3000000E+02   1.2200000E+02   6.6264187E-03   8.0866511E-04
   1.5397002E+03   1.4400000E+02   1.3500000E+02   1.1055371E-02   1.1280046E-02
   1.5397077E+03   1.4300000E+02   1.3500000E+02   2.5229840E-02   2.4957992E-02
   1.5397153E+03   1.5000000E+02   1.4500000E+02   3.0005317E-02   2.9989509E-02
   1.5397228E+03   1.5300000E+02   1.4700000E+02   1.9917017E-02   2.4525838E-02
   1.5397303E+03   1.4600000E+02   1.4400000E+02   2.1607761E-02   2.2740644E-02
   1.5397378E+03   1.5400000E+02   1.4700000E+02   2.2530961E-02   2.2259083E-02
   1.5397454E+03   1.6600000E+02   1.5800000E+02   1.0374945E-02   1.4191341E-02
   1.5397529E+03   1.5400000E+02   1.4500000E+02   2.0282605E-02   2.3546925E-02
   1.5397604E+03   1.5100000E+02   1.4900000E+02   1.3380390E-02   1.5419794E-02
   1.5397679E+03   1.5900000E+02   1.5400000E+02   3.2501541E-02   3.1319190E-02
   1.5397755E+03   1.6200000E+02   1.5600000E+02   9.7708470E-03   7.2550811E-03
   1.5397830E+03   1.7200000E+02   1.6600000E+02   2.4787090E-02   2.6703096E-02
   1.5397905E+03   1.5100000E+02   1.4700000E+02   5.8564285E-03   5.8496206E-03
   1.5397981E+03   1.5400000E+02   1.4600000E+02   3.3692176E-02   4.3397147E-02
   1.5398056E+03   1.5300000E+02   1.4600000E+02   1.5324568E-02   1.2488703E-02
   1.5398131E+03   1.6500000E+02   1.6000000E+02   2.4318148E-02   2.7897311E-02
   1.5398206E+03   1.6100000E+02   1.5200000E+02   1.7706630E-02   1.3314531E-02
   1.5398282E+03   1.3500000E+02   1.2400000E+02   6.9103885E-03   8.3265626E-03
   1.5398357E+03   1.5100000E+02   1.4600000E+02   1.9810958E-02   2.4259144E-02
   1.5398432E+03   1.7400000E+02   1.6600000E+02   1.8427814E-02   1.9674050E-02
   1.5398508E+03   1.3000000E+02   1.2200000E+02   3.2353607E-02   2.9229214E-02
   1.5398583E+03   1.6700000E+02   1.6200000E+02   1.7424992E-02   1.7461348E-02
   1.5398658E+03   1.5700000E+02   1.5300000E+02   3.4060338E-02   3.5533781E-02
   1.5398733E+03   1.7500000E+02   1.6700000E+02   3.1366738E-02   2.7802191E-02
   1.5398809E+03   1.9200000E+02   1.8700000E+02   2.9094337E-02   2.4818269E-02
   1.5398884E+03   1.6200000E+02   1.5300000E+02   1.9970658E-02   2.5127005E-02
   1.5398959E+03   1.8500000E+02   1.7000000E+02   1.9922697E-02   1.9231923E-02
   1.5399035E+03   1.5400000E+02   1.4700000E+02   1.2880317E-02   1.3642959E-02
   1.5399110E+03   1.7200000E+02   1.6700000E+02   2.9756764E-02   2.6618144E-02
   1.5399185E+03   1.4600000E+02   1.4000000E+02   7.4549031E-03   4.3182494E-03
   1.5399260E+03   1.5700000E+02   1.5000000E+02   1.7241961E-02   1.8809003E-02
   1.5399336E+03   1.5200000E+02   1.4200000E+02   3.3153822E-03   5.2338718E-03
   1.5399411E+03   1.8000000E+02   1.7200000E+02   7.9949017E-03   5.8668017E-03
   1.5399486E+03   1.7100000E+02   1.6800000E+02   1.2481809E-02   9.3343713E-03
   1.5399562E+03   1.5300000E+02   1.4600000E+02   1.9821562E-02   2.6929876E-02
   1.5399637E+03   1.8000000E+02   1.7600000E+02   2.9923736E-02   2.8832641E-02
   1.5399712E+03   1.6800000E+02   1.6500000E+02   1.5973822E-02   1.4241578E-02
   1.5399787E+03   1.7700000E+02   1.7500000E+02   2.0049934E-02   2.2682091E-02
   1.5399863E+03   1.8300000E+02   1.7900000E+02   3.1703060E-02   3.4508369E-02
   1.5399938E+03   1.7600000E+02   1.7000000E+02   3.8166333E-02   4.0071957E-02
   1.5400013E+03   1.6200000E+02   1.5700000E+02   3.4034138E-02   3.8941502E-02
   1.5400089E+03   1.6100000E+02   1.5500000E+02   1.0249883E-02   7.9083460E-03
   1.5400164E+03   1.5900000E+02   1.5400000E+02   2.2884815E-02   2.3848594E-02
   1.5400239E+03   1.8000000E+02   1.7500000E+02   3.7638754E-02   3.1799586E-02
   1.5400314E+03   2.1400000E+02   2.0700000E+02   3.0886240E-02   2.6507370E-02
   1.5400390E+03   1.8600000E+02   1.7300000E+02   6.9527936E-03   5.7599055E-03
   1.5400465E+03   1.9500000E+02   1.8800000E+02   1.8598937E-02   1.6386100E-02
   1.5400540E+03   1.8100000E+02   1.7600000E+02   2.4933699E-03   7.8184615E-03
   1.5400616E+03   2.0400000E+02   1.9500000E+02   2.7391387E-02   2.5262969E-02
   1.5400691E+03   1.7000000E+02   1.6400000E+02   4.3031651E-02   4.7423590E-02
   1.5400766E+03   1.9500000E+02   1.8800000E+02   2.7163326E-02   2.8329135E-02
   1.5400841E+03   1.9600000E+02   1.9100000E+02   1.4229964E-02   1.6086842E-02
   1.5400917E+03   2.0800000E+02   2.0100000E+02   1.7530165E-02   1.5940353E-02
   1.5400992E+03   1.8700000E+02   1.8100000E+02   1.4463576E-02   1.4178814E-02
   1.5401067E+03   1.9200000E+02   1.9000000E+02   1.8246988E-02   2.0015846E-02
   1.5401143E+03   1.7900000E+02   1.7300000E+02   2.1941145E-02   2.6358072E-02
   1.5401218E+03   2.0500000E+02   1.9400000E+02   1.2096123E-02   8.9543314E-03
   1.5401293E+03   2.0500000E+02   1.9400000E+02   1.5788571E-02   1.9610219E-02
   1.5401368E+03   1.7600000E+02   1.7000000E+02   2.1348692E-02   2.5090962E-02
   1.5401444E+03   1.8100000E+02   1.7300000E+02   4.1992411E-02   4.7129938E-02
   1.5401519E+03   1.9700000E+02   1.9000000E+02   1.1470512E-02   9.2682095E-03
   1.5401594E+03   1.9800000E+02   1.9300000E+02   1.9654151E-02   1.8791835E-02
   1.5401670E+03   2.2600000E+02   2.2300000E+02   4.2300945E-02   4.2529599E-02
   1.5401745E+03   1.9300000E+02   1.9000000E+02   1.7043720E-02   2.0043282E-02
   1.5401820E+03   2.1900000E+02   2.1300000E+02   1.8365190E-02   1.6403927E-02
   1.5401895E+03   2.0000000E+02   1.9500000E+02   1.3397627E-02   1.6636726E-02
   1.5401971E+03   1.7700000E+02   1.7300000E+02   2.4274851E-02   2.5434067E-02
   1.5402046E+03   2.0300000E+02   1.9500000E+02   2.0137589E-02   2.7091617E-02
   1.5402121E+03   2.2700000E+02   2.2000000E+02   1.9975124E-02   2.4363061E-02
   1.5402197E+03   1.9300000E+02   1.8700000E+02   3.6071076E-02   3.5628485E-02
   1.5402272E+03   1.9600000E+02   1.8700000E+02   2.9569329E-02   2.4897891E-02
   1.5402347E+03   2.0900000E+02   2.0200000E+02   3.8145616E-02   4.0010971E-02
   1.5402422E+03   1.8100000E+02   1.7300000E+02   1.4916388E-02   1.3164334E-02
   1.5402498E+03   1.9400000E+02   1.8600000E+02   3.3904002E-02   3.2396427E-02
   1.5402573E+03   1.9000000E+02   1.8500000E+02   2.6717361E-02   2.8073668E-02
   1.5402648E+03   1.9400000E+02   1.9000000E+02   2.2554048E-02   2.2037827E-02
   1.5402723E+03   1.7700000E+02   1.7400000E+02   8.2886062E-03   5.9030877E-03
   1.5402799E+03   1.8300000E+02   1.8000000E+02   2.3745798E-02   2.3907539E-02
   1.5402874E+03   1.8800000E+02   1.8500000E+02   1.1383703E-02   1.2277855E-02
   1.5402949E+03   2.0400000E+02   1.9900000E+02   2.3628543E-02   2.2650238E-02
   1.5403025E+03   2.0400000E+02   2.0200000E+02   1.9666098E-02   2.1690964E-02
   1.5403100E+03   2.0500000E+02   2.0000000E+02   2.7531009E-02   2.9396352E-02
   1.5403175E+03   1.8900000E+02   1.8600000E+02   1.2255870E-02   9.8895055E-03
   1.5403250E+03   1.8800000E+02   1.8400000E+02   7.4571100E-03   7.6193827E-03
   1.5403326E+03   2.4200000E+02   2.3600000E+02   1.6873046E-02   1.6833342E-02
   1.5403401E+03   2.0200000E+02   2.0100000E+02   3.3135098E-02   3.3667086E-02
   1.5403476E+03   2.1300000E+02   2.1100000E+02   1.3413838E-02   1.1564419E-02
   1.5403552E+03   2.1200000E+02   2.0600000E+02   1.4503085E-02   1.8847342E-02
   1.5403627E+03   1.9100000E+02   1.8700000E+02   8.6019118E-03   6.9398429E-03
   1.5403702E+03   2.1100000E+02   2.0700000E+02   2.1639148E-03   2.9263617E-03
   1.5403777E+03   2.2500000E+02   2.2400000E+02   9.1119744E-03   9.1526694E-03
   1.5403853E+03   2.1500000E+02   2.1400000E+02   3.1919531E-02   3.0467206E-02
   1.5403928E+03   2.1500000E+02   2.1300000E+02   9.1399312E-03   8.4921973E-03
   1.5404003E+03   2.2000000E+02   2.1700000E+02   1.0484116E-02   8.5968875E-03
   1.5404079E+03   2.2800000E+02   2.2400000E+02   7.2808475E-03   8.2088531E-03
   1.5404154E+03   2.2700000E+02   2.2100000E+02   1.9256912E-02   1.8991394E-02
   1.5404229E+03   1.9400000E+02   1.9300000E+02   6.2130943E-03   6.2452211E-03
   1.5404304E+03   2.2200000E+02   2.1900000E+02   2.9460773E-02   2.8226682E-02
   1.5404380E+03   1.8800000E+02   1.8700000E+02   2.7967628E-02   2.8117269E-02
   1.5404455E+03   2.0200000E+02   1.9600000E+02   3.4801117E-02   3.6916492E-02
   1.5404530E+03   1.9100000E+02   1.8700000E+02   3.2831301E-02   3.2171652E-02
   1.5404606E+03   1.5700000E+02   1.5700000E+02   2.5187329E-03   2.5187329E-03
   1.5404681E+03   1.9700000E+02   1.9500000E+02   7.7022320E-03   7.7812647E-03
   1.5404756E+03   1.9400000E+02   1.9200000E+02   1.5891516E-02   1.6796436E-02
   1.5404831E+03   1.9900000E+02   1.9700000E+02   3.1617487E-02   3.1938482E-02
   1.5404907E+03   2.1100000E+02   2.0900000E+02   1.6184202E-02   1.6338944E-02
   1.5404982E+03   2.0600000E+02   2.0500000E+02   9.0540616E-03   9.0982121E-03
   1.5405057E+03   2.1000000E+02   2.0700000E+02   2.9310541E-02   2.9735223E-02
   1.5405133E+03   1.9100000E+02   1.8800000E+02   3.8595144E-02   3.9211024E-02
   1.5405208E+03   1.7300000E+02   1.7200000E+02   1.6600070E-02   1.6696618E-02
   1.5405283E+03   2.1300000E+02   2.1200000E+02   1.8326501E-02   1.8412993E-02
   1.5405358E+03   2.0500000E+02   2.0500000E+02   2.4463213E-02   2.4463213E-02
   1.5405434E+03   1.9500000E+02   1.9300000E+02   1.3066586E-02   1.3201974E-02
   1.5405509E+03   1.6600000E+02   1.6600000E+02   1.6989297E-02   1.6989297E-02
   1.5405584E+03   2.2000000E+02   2.1800000E+02   1.3814897E-02   1.3941625E-02
   1.5405660E+03   1.9400000E+02   1.9300000E+02   2.0645872E-02   1.8097435E-02
   1.5405735E+03   2.1300000E+02   2.1300000E+02   2.4355920E-02   2.4355920E-02
   1.5405810E+03   1.8600000E+02   1.8500000E+02   1.8781497E-02   1.8883117E-02
   1.5405885E+03   1.9200000E+02   1.8800000E+02   1.0076519E-02   1.0290963E-02
   1.5405961E+03   2.0700000E+02   2.0300000E+02   2.9405098E-02   3.0879300E-02
   1.5406036E+03   2.3200000E+02   2.3000000E+02   1.7004041E-02   1.7151881E-02
   1.5406111E+03   2.1200000E+02   2.1000000E+02   1.1464867E-02   1.1574154E-02
   1.5406187E+03   2.0300000E+02   2.0300000E+02   1.7630604E-02   1.7630604E-02
   1.5406262E+03   2.0000000E+02   1.9900000E+02   1.4471870E-02   1.4543085E-02
   1.5406337E+03   1.9100000E+02   1.8900000E+02   1.6008891E-02   1.6178170E-02
   1.5406412E+03   2.1100000E+02   2.1000000E+02   1.1915886E-02   1.1972620E-02
   1.5406488E+03   2.1000000E+02   2.0600000E+02   1.7784327E-02   1.8129817E-02
   1.5406563E+03   2.1700000E+02   2.1600000E+02   2.8070482E-02   2.8200445E-02
   1.5406638E+03   2.1100000E+02   2.0700000E+02   1.3323740E-02   1.2897195E-02
   1.5406713E+03   1.6600000E+02   1.6500000E+02   5.4801462E-03   5.5130670E-03
   1.5406789E+03   1.8400000E+02   1.8100000E+02   1.0536101E-02   1.0710277E-02
   1.5406864E+03   1.7900000E+02   1.7900000E+02   1.4145169E-02   1.4145169E-02
   1.5406939E+03   2.0200000E+02   2.0200000E+02   1.8689796E-02   1.8689796E-02
   1.5407015E+03   1.9400000E+02   1.9200000E+02   2.1632687E-02   2.1858036E-02
   1.5407090E+03   2.0200000E+02   2.0100000E+02   6.4952473E-03   6.5275732E-03
   1.5407165E+03   2.1500000E+02   2.1500000E+02   1.4781019E-02   1.4781019E-02
   1.5407240E+03   1.7600000E+02   1.7500000E+02   2.5095512E-02   2.5238818E-02
   1.5407316E+03   1.8100000E+02   1.7700000E+02   1.7197352E-02   1.7586247E-02
   1.5407391E+03   1.9300000E+02   1.9200000E+02   1.6627301E-03   1.6713717E-03
   1.5407466E+03   2.2800000E+02   2.2600000E+02   3.1752867E-02   3.2034282E-02
   1.5407542E+03   2.0500000E+02   2.0300000E+02   2.8261906E-02   2.8540345E-02
   1.5407617E+03   2.1000000E+02   2.0800000E+02   5.0188624E-03   5.0673085E-03
   1.5407692E+03   2.2000000E+02   2.1400000E+02   2.9675152E-03   3.0506185E-03
   1.5407767E+03   2.1600000E+02   2.1500000E+02   7.7296723E-03   7.7656222E-03
   1.5407843E+03   2.2400000E+02   2.2100000E+02   1.5075673E-02   1.5280333E-02
   1.5407918E+03   2.0400000E+02   2.0200000E+02   4.6238185E-02   4.6695995E-02
   1.5407993E+03   2.0500000E+02   2.0500000E+02   3.1737198E-02   3.1737198E-02
   1.5408069E+03   1.9800000E+02   1.9700000E+02   1.3135308E-02   1.3202009E-02
   1.5408144E+03   2.0900000E+02   2.0500000E+02   2.4677450E-02   2.5158976E-02
   1.5408219E+03   2.0000000E+02   1.9700000E+02   7.6615098E-03   7.7781740E-03
   1.5408294E+03   2.1000000E+02   2.0900000E+02   7.8995593E-03   7.9373563E-03
   1.5408370E+03   2.0500000E+02   2.0400000E+02   9.2443133E-03   9.2896643E-03
   1.5408445E+03   2.1300000E+02   2.1000000E+02   1.7218742E-02   1.7465497E-02
   1.5408520E+03   1.7000000E+02   1.6900000E+02   1.8676731E-02   1.8787238E-02
   1.5408596E+03   2.0200000E+02   2.0100000E+02   1.5134173E-02   1.5209475E-02
   1.5408671E+03   2.1200000E+02   2.0900000E+02   1.8492133E-02   1.8757636E-02
   1.5408746E+03   1.7800000E+02   1.7700000E+02   1.1597080E-02   1.1662616E-02
   1.5408821E+03   1.9500000E+02   1.9300000E+02   3.0296895E-02   3.0610828E-02
   1.5408897E+03   2.2100000E+02   2.2000000E+02   4.2287903E-03   4.2480129E-03
   1.5408972E+03   1.9800000E+02   1.9600000E+02   2.3333260E-02   2.3571258E-02
   1.5409047E+03   2.0300000E+02   2.0300000E+02   2.6211796E-02   2.6211796E-02
   1.5409123E+03   1.8600000E+02   1.8400000E+02   2.9146907E-02   2.9463684E-02
   1.5409198E+03   2.5300000E+02   2.5000000E+02   1.4808356E-02   1.4986056E-02
   1.5409273E+03   1.8900000E+02   1.8800000E+02   2.4951708E-02   2.5084452E-02
   1.5409348E+03   2.1200000E+02   2.1000000E+02   4.2302837E-02   4.2705716E-02
   1.5409424E+03   2.0200000E+02   2.0200000E+02   1.1941503E-02   1.1941503E-02
   1.5409499E+03   1.9000000E+02   1.8800000E+02   1.6671274E-02   1.6848603E-02
   1.5409574E+03   1.7500000E+02   1.7300000E+02   2.1995155E-02   2.2249455E-02
   1.5409650E+03   2.2200000E+02   2.2200000E+02   1.2294643E-02   1.2294643E-02
   1.5409725E+03   2.0500000E+02   2.0300000E+02   4.3777756E-02   4.4209087E-02
   1.5409800E+03   2.2600000E+02   2.2400000E+02   4.5002465E-02   4.5404339E-02
   1.5409875E+03   2.0600000E+02   2.0500000E+02   2.3423372E-02   2.3537649E-02
   1.5409951E+03   1.8000000E+02   1.8000000E+02   2.3370435E-02   2.3370435E-02
   1.5410026E+03   2.2100000E+02   2.1600000E+02   1.6101916E-02   1.6474957E-02
   1.5410101E+03   1.6700000E+02   1.6300000E+02   9.6976823E-03   9.9357286E-03
   1.5410177E+03   2.1800000E+02   2.1500000E+02   9.4347375E-03   9.5664527E-03
   1.5410252E+03   2.0600000E+02   2.0500000E+02   3.1670155E-02   3.1824634E-02
   1.5410327E+03   2.0700000E+02   2.0400000E+02   5.8052179E-03   5.8904954E-03
   1.5410402E+03   2.1200000E+02   2.0800000E+02   2.0989023E-02   2.1392806E-02
   1.5410478E+03   2.0800000E+02   2.0600000E+02   1.3891747E-02   1.4026807E-02
   1.5410553E+03   2.1200000E+02   2.1200000E+02   1.6431870E-02   1.6431870E-02
   1.5410628E+03   1.8600000E+02   1.8300000E+02   1.7811297E-02   1.8103285E-02
   1.5410704E+03   2.3800000E+02   2.3600000E+02   1.1600786E-02   1.1699041E-02
   1.5410779E+03   2.0100000E+02   2.0100000E+02   9.1204204E-03   9.1204204E-03
   1.5410854E+03   2.0600000E+02   2.0500000E+02   1.2416243E-02   1.2476807E-02
   1.5410929E+03   2.2100000E+02   2.2000000E+02   1.4215754E-02   1.4280347E-02
   1.5411005E+03   1.8700000E+02   1.8400000E+02   2.6746470E-02   2.7182293E-02
   1.5411080E+03   2.0600000E+02   2.0400000E+02   1.6408155E-02   1.6568991E-02
   1.5411155E+03   2.1300000E+02   2.1200000E+02   1.2111964E-02   1.2169085E-02
   1.5411230E+03   1.9000000E+02   1.8700000E+02   7.3245615E-03   7.4420463E-03
   1.5411306E+03   2.3600000E+02   2.3300000E+02   2.0183764E-02   2.0443677E-02
   1.5411381E+03   2.0100000E+02   1.9800000E+02   9.9310151E-03   1.0081324E-02
   1.5411456E+03   2.1200000E+02   2.0800000E+02   3.4494036E-03   3.5156820E-03
   1.5411532E+03   2.2200000E+02   2.1900000E+02   1.8563649E-02   1.8818232E-02
   1.5411607E+03   1.9900000E+02   1.9700000E+02   1.0272149E-02   1.0376444E-02
   1.5411682E+03   2.1300000E+02   2.1200000E+02   8.0335244E-03   8.0714284E-03
   1.5411757E+03   2.1400000E+02   2.1300000E+02   2.5618523E-02   2.5738823E-02
   1.5411833E+03   2.0300000E+02   2.0100000E+02   8.3681907E-03   8.4515285E-03
   1.5411908E+03   2.0200000E+02   2.0100000E+02   2.4555241E-02   2.4677366E-02
   1.5411983E+03   1.8700000E+02   1.8100000E+02   2.7557225E-02   2.8470757E-02
   1.5412059E+03   2.3200000E+02   2.2800000E+02   2.6851911E-02   2.7322536E-02
   1.5412134E+03   2.0000000E+02   1.9800000E+02   2.0737402E-02   2.0949085E-02
   1.5412209E+03   2.1300000E+02   2.1100000E+02   3.1989587E-03   3.2292687E-03
   1.5412284E+03   2.0600000E+02   2.0000000E+02   9.7163856E-03   1.0007739E-02
   1.5412360E+03   2.3000000E+02   2.2900000E+02   8.8235756E-03   8.8621098E-03
   1.5412435E+03   2.1700000E+02   2.1200000E+02   1.4014331E-02   1.4344551E-02
   1.5412510E+03   2.1100000E+02   2.0700000E+02   9.9514960E-03   1.0143723E-02
   1.5412586E+03   2.1700000E+02   2.1500000E+02   9.6143890E-03   9.7039041E-03
   1.5412661E+03   2.3500000E+02   2.3200000E+02   2.2945190E-02   2.3241895E-02
   1.5412736E+03   2.0900000E+02   2.0700000E+02   1.5961416E-02   1.6115688E-02
   1.5412811E+03   1.9900000E+02   1.9700000E+02   1.2290316E-02   1.2415123E-02
   1.5412887E+03   2.2000000E+02   2.1500000E+02   2.4270851E-02   2.4835502E-02
   1.5412962E+03   2.1200000E+02   2.0900000E+02   2.9229515E-02   2.9648018E-02
   1.5413037E+03   2.2200000E+02   2.1800000E+02   1.5639264E-02   1.5929209E-02
   1.5413113E+03   2.0100000E+02   1.9900000E+02   1.4133308E-02   1.4275294E-02
   1.5413188E+03   2.2100000E+02   2.1800000E+02   2.2107537E-02   2.2411749E-02
   1.5413263E+03   2.1100000E+02   2.0900000E+02   7.1050709E-03   7.1730610E-03
   1.5413338E+03   2.3500000E+02   2.2800000E+02   4.3267520E-03   4.4303982E-03
   1.5413414E+03   2.2400000E+02   2.2300000E+02   1.3344232E-02   1.3404075E-02
   1.5413489E+03   2.0900000E+02   2.0500000E+02   1.7432966E-02   1.7773074E-02
   1.5413564E+03   2.1500000E+02   2.1100000E+02   2.0170938E-02   2.0553299E-02
   1.5413640E+03   2.0300000E+02   1.9800000E+02   4.4137094E-03   4.5250326E-03
   1.5413715E+03   2.0800000E+02   2.0600000E+02   1.9857156E-02   2.0049183E-02
   1.5413790E+03   1.9000000E+02   1.9000000E+02   2.5285027E-02   2.5285027E-02
   1.5413865E+03   2.3800000E+02   2.3400000E+02   3.5084564E-03   3.5681892E-03
   1.5413941E+03   2.0900000E+02   2.0200000E+02   2.2475247E-02   2.3253393E-02
   1.5414016E+03   2.4800000E+02   2.4400000E+02   1.6277232E-02   1.6543977E-02
   1.5414091E+03   2.3200000E+02   2.2900000E+02   3.7512965E-02   3.8004396E-02
   1.5414167E+03   2.2500000E+02   2.1600000E+02   1.2653153E-02   1.3180318E-02
   1.5414242E+03   2.2300000E+02   2.2200000E+02   1.8984061E-02   1.9069573E-02
   1.5414317E+03   2.2800000E+02   2.2600000E+02   1.2631758E-02   1.2743585E-02
   1.5414392E+03   2.3200000E+02   2.3000000E+02   1.7415075E-02   1.7566514E-02
   1.5414468E+03   2.3800000E+02   2.3400000E+02   2.7930898E-03   2.8409758E-03
   1.5414543E+03   2.0100000E+02   2.0000000E+02   1.0816888E-02   1.0870978E-02
   1.5414618E+03   2.2100000E+02   2.1900000E+02   2.6119381E-02   2.6357400E-02
   1.5414694E+03   2.0700000E+02   2.0200000E+02   3.6219003E-02   3.7115468E-02
   1.5414769E+03   2.3400000E+02   2.3100000E+02   6.5926737E-03   6.6783529E-03
   1.5414844E+03   2.3600000E+02   2.3300000E+02   1.7188565E-02   1.7409889E-02
   1.5414919E+03   2.1700000E+02   2.1600000E+02   6.7674392E-03   6.7987705E-03
   1.5414995E+03   2.3200000E+02   2.2600000E+02   5.7797513E-03   5.9332776E-03
   1.5415070E+03   2.1900000E+02   2.1500000E+02   8.2921820E-03   8.4465179E-03
   1.5415145E+03   2.1100000E+02   2.0900000E+02   2.0461981E-02   2.0657604E-02
   1.5415221E+03   2.4900000E+02   2.4500000E+02   1.8098634E-02   1.8394139E-02
   1.5415296E+03   2.0200000E+02   1.9500000E+02   1.6856268E-02   1.7461525E-02
   1.5415371E+03   2.3300000E+02   2.3100000E+02   5.0450187E-03   5.0887233E-03
   1.5415446E+03   1.9700000E+02   1.9600000E+02   1.9533453E-02   1.9633213E-02
   1.5415522E+03   2.1800000E+02   2.1500000E+02   3.0874977E-02   3.1305833E-02
   1.5415597E+03   2.1700000E+02   2.1500000E+02   2.1340684E-02   2.1539244E-02
   1.5415672E+03   2.1800000E+02   2.1500000E+02   2.7199366E-02   2.7581246E-02
   1.5415747E+03   2.3100000E+02   2.2700000E+02   2.2030671E-02   2.2418919E-02
   1.5415823E+03   2.3000000E+02   2.2400000E+02   2.5538849E-02   2.6222852E-02
   1.5415898E+03   2.3500000E+02   2.3100000E+02   2.1078107E-02   2.1443075E-02
   1.5415973E+03   2.1400000E+02   2.1000000E+02   1.4632845E-02   1.4911582E-02
   1.5416049E+03   2.4200000E+02   2.3700000E+02   2.3333227E-02   2.3815008E-02
   1.5416124E+03   2.2400000E+02   2.1700000E+02   6.4787753E-03   6.6883042E-03
   1.5416199E+03   2.2200000E+02   2.1600000E+02   4.1092390E-03   4.2234281E-03
   1.5416274E+03   2.4400000E+02   2.3600000E+02   9.9452114E-03   1.0282369E-02
   1.5416350E+03   2.0800000E+02   2.0300000E+02   1.9893553E-02   2.0383459E-02
   1.5416425E+03   2.2900000E+02   2.2700000E+02   3.6527026E-02   3.6849000E-02
   1.5416500E+03   1.9900000E+02   1.9600000E+02   1.2809784E-02   1.3005794E-02
   1.5416576E+03   2.4300000E+02   2.4000000E+02   1.9658962E-02   1.9904705E-02
   1.5416651E+03   2.3700000E+02   2.3000000E+02   1.8283906E-02   1.8840461E-02
   1.5416726E+03   2.1400000E+02   2.1100000E+02   4.1771676E-03   4.2364933E-03
   1.5416801E+03   2.2100000E+02   2.1900000E+02   2.6477944E-03   2.6702319E-03
   1.5416877E+03   2.3400000E+02   2.3300000E+02   2.4973156E-02   2.5080311E-02
   1.5416952E+03   2.3100000E+02   2.2700000E+02   6.5978020E-03   6.7140315E-03
   1.5417027E+03   2.1900000E+02   2.1800000E+02   4.2640067E-03   4.2835672E-03
   1.5417103E+03   1.9600000E+02   1.9300000E+02   7.0391965E-03   7.1485032E-03
   1.5417178E+03   2.0600000E+02   2.0300000E+02   2.5207578E-02   2.5580068E-02
   1.5417253E+03   2.0200000E+02   2.0000000E+02   1.8935883E-02   1.9124693E-02
   1.5417328E+03   2.4600000E+02   2.4400000E+02   1.0319641E-02   1.0404346E-02
   1.5417404E+03   2.3500000E+02   2.3200000E+02   2.8815613E-02   2.9188171E-02
   1.5417479E+03   2.2600000E+02   2.2100000E+02   1.3649881E-02   1.3958660E-02
   1.5417554E+03   2.3000000E+02   2.2400000E+02   1.3299605E-02   1.3655976E-02
   1.5417630E+03   2.4500000E+02   2.4200000E+02   1.2347591E-02   1.2500629E-02
   1.5417705E+03   2.4800000E+02   2.4600000E+02   1.0502985E-02   1.0588372E-02
   1.5417780E+03   1.9800000E+02   1.9500000E+02   1.5594533E-02   1.5834567E-02
   1.5417855E+03   2.3400000E+02   2.3000000E+02   1.3949597E-02   1.4192188E-02
   1.5417931E+03   2.3800000E+02   2.3300000E+02   1.1922553E-02   1.2178318E-02
   1.5418006E+03   2.3700000E+02   2.3400000E+02   8.3977623E-03   8.5054364E-03
   1.5418081E+03   2.3100000E+02   2.2700000E+02   1.9204175E-02   1.9542669E-02
   1.5418157E+03   2.3300000E+02   2.3200000E+02   1.9089660E-02   1.9171968E-02
   1.5418232E+03   2.3100000E+02   2.2600000E+02   1.1770670E-02   1.2031271E-02
   1.5418307E+03   2.4700000E+02   2.4000000E+02   1.3965447E-02   1.4368851E-02
   1.5418382E+03   2.1000000E+02   2.0800000E+02   6.3794759E-03   6.4407427E-03
   1.5418458E+03   2.1400000E+02   2.1100000E+02   5.9412549E-03   6.0256589E-03
   1.5418533E+03   2.3300000E+02   2.3000000E+02   2.0950387E-02   2.1223764E-02
   1.5418608E+03   2.6900000E+02   2.6400000E+02   1.7792739E-02   1.8129860E-02
   1.5418684E+03   2.4300000E+02   2.4000000E+02   1.5177500E-02   1.5367175E-02
   1.5418759E+03   2.3300000E+02   2.2900000E+02   9.0797341E-03   9.2383718E-03
   1.5418834E+03   2.4400000E+02   2.4300000E+02   1.5426112E-02   1.5490199E-02
   1.5418909E+03   2.2500000E+02   2.1800000E+02   2.4989841E-02   2.5792503E-02
   1.5418985E+03   2.7500000E+02   2.6800000E+02   1.1598360E-02   1.1900883E-02
   1.5419060E+03   2.1900000E+02   2.1500000E+02   9.5318254E-03   9.7093662E-03
   1.5419135E+03   2.3600000E+02   2.3100000E+02   1.7371618E-02   1.7747466E-02
   1.5419211E+03   2.5700000E+02   2.5400000E+02   2.6455855E-02   2.6768357E-02
   1.5419286E+03   2.4300000E+02   2.3900000E+02   3.0558137E-02   3.1069534E-02
   1.5419361E+03   2.6600000E+02   2.6100000E+02   7.9502701E-03   8.1025356E-03
   1.5419436E+03   2.3300000E+02   2.2900000E+02   2.6668472E-02   2.7134437E-02
   1.5419512E+03   2.5400000E+02   2.4900000E+02   3.5059201E-03   3.5766458E-03
   1.5419587E+03   2.4400000E+02   2.3900000E+02   1.9251290E-02   1.9654033E-02
   1.5419662E+03   2.4000000E+02   2.3100000E+02   3.3693146E-02   3.5005138E-02
   1.5419738E+03   2.4300000E+02   2.3900000E+02   7.8221432E-03   7.9476744E-03
   1.5419813E+03   2.4800000E+02   2.4200000E+02   1.2569872E-02   1.2881584E-02
   1.5419888E+03   2.7300000E+02   2.7100000E+02   2.6117298E-03   2.6310671E-03
   1.5419963E+03   2.2000000E+02   2.1400000E+02   1.3903978E-02   1.4293750E-02
   1.5420039E+03   2.1300000E+02   2.0500000E+02   9.6866812E-03   1.0064825E-02
   1.5420114E+03   2.4400000E+02   2.4000000E+02   1.2762194E-02   1.2974858E-02
   1.5420189E+03   2.8100000E+02   2.7600000E+02   9.8277038E-03   1.0005706E-02
   1.5420264E+03   2.4500000E+02   2.4000000E+02   5.9382108E-03   6.0615739E-03
   1.5420340E+03   2.4400000E+02   2.4100000E+02   8.2016796E-03   8.3037743E-03
   1.5420415E+03   2.2600000E+02   2.2200000E+02   1.5091167E-02   1.5363049E-02
   1.5420490E+03   2.4500000E+02   2.4100000E+02   7.8643980E-04   8.0024546E-04
   1.5420566E+03   2.5800000E+02   2.5000000E+02   6.7607133E-03   6.9770370E-03
   1.5420641E+03   2.2600000E+02   2.2000000E+02   1.1282184E-02   1.1589870E-02
   1.5420716E+03   2.3200000E+02   2.2700000E+02   3.2509970E-02   3.3226415E-02
   1.5420791E+03   2.4900000E+02   2.4800000E+02   7.7283821E-03   7.7596180E-03
   1.5420867E+03   2.1700000E+02   2.1400000E+02   1.7210813E-02   1.7452152E-02
   1.5420942E+03   2.6500000E+02   2.5600000E+02   1.6471056E-02   1.7049928E-02
   1.5421017E+03   2.5800000E+02   2.5500000E+02   2.3829251E-02   2.4109578E-02
   1.5421093E+03   2.5200000E+02   2.4500000E+02   1.2105281E-02   1.2451183E-02
   1.5421168E+03   2.4700000E+02   2.4100000E+02   3.8745453E-02   3.9710154E-02
   1.5421243E+03   2.5300000E+02   2.4300000E+02   1.0284777E-02   1.0707642E-02
   1.5421318E+03   2.4000000E+02   2.3200000E+02   1.3861935E-02   1.4339737E-02
   1.5421394E+03   2.4800000E+02   2.4600000E+02   5.9542992E-03   6.0027126E-03
   1.5421469E+03   2.3200000E+02   2.2700000E+02   8.2086991E-03   8.3894154E-03
   1.5421544E+03   2.3400000E+02   2.3200000E+02   1.0473051E-02   1.0563333E-02
   1.5421620E+03   2.5700000E+02   2.5100000E+02   4.1841804E-03   4.2842962E-03
   1.5421695E+03   2.5200000E+02   2.4900000E+02   6.4449777E-03   6.5225186E-03
   1.5421770E+03   2.3500000E+02   2.3000000E+02   7.1280174E-03   7.2832143E-03
   1.5421845E+03   2.6500000E+02   2.6400000E+02   1.2136789E-02   1.2182763E-02
   1.5421921E+03   2.4400000E+02   2.3700000E+02   1.8205803E-02   1.8743220E-02
   1.5421996E+03   2.6300000E+02   2.6000000E+02   6.8682914E-03   6.9475133E-03
   1.5422071E+03   2.5000000E+02   2.4500000E+02   1.2936290E-02   1.3200302E-02
   1.5422147E+03   2.4400000E+02   2.3800000E+02   8.6461497E-03   8.8641764E-03
   1.5422222E+03   2.7000000E+02   2.6500000E+02   2.3141993E-03   2.3577819E-03
   1.5422297E+03   2.3200000E+02   2.2900000E+02   2.3341572E-02   2.3647423E-02
   1.5422372E+03   2.8600000E+02   2.8100000E+02   2.2854614E-03   2.3261106E-03
   1.5422448E+03   2.3400000E+02   2.3300000E+02   9.7473592E-03   9.7892138E-03
   1.5422523E+03   2.5700000E+02   2.5400000E+02   1.2825242E-02   1.2976186E-02
   1.5422598E+03   2.8900000E+02   2.8200000E+02   1.1238567E-02   1.1517531E-02
   1.5422674E+03   2.4600000E+02   2.3900000E+02   1.0298850E-02   1.0600586E-02
   1.5422749E+03   2.3800000E+02   2.3400000E+02   1.2692375E-02   1.2909274E-02
   1.5422824E+03   2.4400000E+02   2.4000000E+02   1.5115576E-02   1.5367647E-02
   1.5422899E+03   2.6500000E+02   2.5600000E+02   1.1477840E-02   1.1881706E-02
   1.5422975E+03   2.5600000E+02   2.5200000E+02   1.7740059E-02   1.8021692E-02
   1.5423050E+03   2.5900000E+02   2.5500000E+02   1.2746120E-03   1.2946023E-03
   1.5423125E+03   2.8300000E+02   2.7700000E+02   1.9492998E-02   1.9915202E-02
   1.5423201E+03   2.6000000E+02   2.5200000E+02   1.3489607E-02   1.3917087E-02
   1.5423276E+03   2.2600000E+02   2.2100000E+02   1.3130237E-02   1.3427531E-02
   1.5423351E+03   2.9200000E+02   2.8400000E+02   2.1714666E-02   2.2326299E-02
   1.5423426E+03   2.5100000E+02   2.4900000E+02   1.1127745E-02   1.1217102E-02
   1.5423502E+03   2.7100000E+02   2.6600000E+02   1.4615253E-02   1.4890010E-02
   1.5423577E+03   2.6000000E+02   2.5700000E+02   2.0332834E-02   2.0570087E-02
   1.5423652E+03   2.6500000E+02   2.5400000E+02   1.2707239E-02   1.3257696E-02
   1.5423728E+03   2.7800000E+02   2.7000000E+02   4.3439852E-03   4.4728314E-03
   1.5423803E+03   2.7300000E+02   2.6500000E+02   1.9622398E-03   2.0213761E-03
   1.5423878E+03   2.4900000E+02   2.4300000E+02   8.8283121E-03   9.0462092E-03
   1.5423953E+03   2.7100000E+02   2.6800000E+02   1.3017956E-02   1.3163725E-02
   1.5424029E+03   2.5000000E+02   2.4700000E+02   2.2337159E-02   2.2608510E-02
   1.5424104E+03   2.6000000E+02   2.5500000E+02   1.2082374E-02   1.2319253E-02
   1.5424179E+03   2.5600000E+02   2.4600000E+02   9.4310791E-03   9.8146697E-03
   1.5424255E+03   2.7100000E+02   2.6900000E+02   4.1585095E-03   4.1900313E-03
   1.5424330E+03   2.6100000E+02   2.5400000E+02   1.0705292E-02   1.0999237E-02
   1.5424405E+03   2.7200000E+02   2.6600000E+02   9.6817188E-03   9.9002949E-03
   1.5424480E+03   2.7100000E+02   2.6400000E+02   1.3136286E-03   1.3485495E-03
   1.5424556E+03   2.7500000E+02   2.6800000E+02   1.8145173E-02   1.8619006E-02
   1.5424631E+03   2.7100000E+02   2.6100000E+02   5.7138955E-03   5.9320615E-03
   1.5424706E+03   2.6800000E+02   2.6300000E+02   4.7317234E-03   4.8215751E-03
   1.5424781E+03   2.7800000E+02   2.6900000E+02   1.2571168E-03   1.2985422E-03
   1.5424857E+03   2.8400000E+02   2.7400000E+02   2.5108251E-02   2.6024893E-02
   1.5424932E+03   2.3500000E+02   2.2900000E+02   2.0142785E-02   2.0670364E-02
   1.5425007E+03   2.6700000E+02   2.6400000E+02   1.1545344E-02   1.1676595E-02
   1.5425083E+03   2.6800000E+02   2.6200000E+02   9.7064960E-03   9.9286620E-03
   1.5425158E+03   2.3700000E+02   2.3100000E+02   2.0983631E-02   2.1528733E-02
   1.5425233E+03   2.7800000E+02   2.7700000E+02   1.4433247E-02   1.4485346E-02
   1.5425308E+03   2.6900000E+02   2.6200000E+02   1.4478644E-02   1.4865561E-02
   1.5425384E+03   3.0300000E+02   2.9000000E+02   1.1281016E-02   1.1810597E-02
   1.5425459E+03   2.7500000E+02   2.6900000E+02   1.0764100E-02   1.1004174E-02
   1.5425534E+03   2.8800000E+02   2.8400000E+02   7.6296830E-03   7.7371358E-03
   1.5425610E+03   2.6900000E+02   2.6200000E+02   1.0177118E-02   1.0449237E-02
   1.5425685E+03   2.6800000E+02   2.6000000E+02   1.5228544E-02   1.5697213E-02
   1.5425760E+03   2.8200000E+02   2.7500000E+02   1.8768950E-02   1.9246918E-02
   1.5425835E+03   2.5300000E+02   2.4700000E+02   1.4006280E-02   1.4346441E-02
   1.5425911E+03   2.9100000E+02   2.8300000E+02   1.3099130E-02   1.3469354E-02
   1.5425986E+03   3.3500000E+02   3.2800000E+02   1.5647163E-02   1.5981244E-02
   1.5426061E+03   2.6400000E+02   2.6300000E+02   7.6414345E-03   7.6704632E-03
   1.5426137E+03   2.7100000E+02   2.6400000E+02   1.2170852E-02   1.2493568E-02
   1.5426212E+03   2.6800000E+02   2.6200000E+02   1.6953907E-03   1.7341708E-03
   1.5426287E+03   2.5100000E+02   2.4700000E+02   1.9369635E-02   1.9683319E-02
   1.5426362E+03   3.0600000E+02   2.9900000E+02   7.4754316E-03   7.6504858E-03
   1.5426438E+03   2.6800000E+02   2.6000000E+02   3.5401948E-03   3.6492842E-03
   1.5426513E+03   2.5800000E+02   2.4900000E+02   1.8605495E-02   1.9277960E-02
   1.5426588E+03   2.9400000E+02   2.8700000E+02   1.1269669E-02   1.1544538E-02
   1.5426664E+03   2.9000000E+02   2.8500000E+02   6.0322514E-03   6.1380973E-03
   1.5426739E+03   2.7400000E+02   2.7200000E+02   1.1229570E-02   1.1312053E-02
   1.5426814E+03   2.9000000E+02   2.8500000E+02   1.2486815E-02   1.2705835E-02
   1.5426889E+03   2.9900000E+02   2.9400000E+02   9.5695219E-03   9.7323036E-03
   1.5426965E+03   2.8900000E+02   2.8300000E+02   4.2098320E-03   4.2991053E-03
   1.5427040E+03   2.6600000E+02   2.6100000E+02   1.0952489E-02   1.1162133E-02
   1.5427115E+03   2.7500000E+02   2.6500000E+02   1.1864197E-02   1.2315772E-02
   1.5427191E+03   2.8300000E+02   2.7800000E+02   1.7362229E-02   1.7674389E-02
   1.5427266E+03   2.8900000E+02   2.7900000E+02   1.1627117E-02   1.2043684E-02
   1.5427341E+03   2.8900000E+02   2.7600000E+02   6.7709481E-03   7.0898668E-03
   1.5427416E+03   3.0300000E+02   2.8600000E+02   3.4372855E-03   3.6417900E-03
   1.5427492E+03   3.0700000E+02   3.0300000E+02   1.6427938E-02   1.6644748E-02
   1.5427567E+03   2.9300000E+02   2.9000000E+02   4.1046606E-03   4.1471064E-03
   1.5427642E+03   2.9300000E+02   2.8700000E+02   7.4945538E-03   7.6491754E-03
   1.5427718E+03   2.9800000E+02   2.9300000E+02   1.0681085E-02   1.0862868E-02
   1.5427793E+03   3.3600000E+02   3.2800000E+02   7.2539133E-03   7.4310459E-03
   1.5427868E+03   3.1300000E+02   3.0200000E+02   2.4899057E-03   2.5806515E-03
   1.5427943E+03   3.1100000E+02   3.0100000E+02   9.0595319E-03   9.3606094E-03
   1.5428019E+03   2.8700000E+02   2.8100000E+02   2.4802880E-02   2.5332488E-02
   1.5428094E+03   2.9800000E+02   2.9200000E+02   1.2601709E-02   1.2860556E-02
   1.5428169E+03   3.1600000E+02   3.1300000E+02   1.4464895E-02   1.4603542E-02
   1.5428245E+03   2.8900000E+02   2.8200000E+02   1.5978238E-02   1.6375119E-02
   1.5428320E+03   2.8800000E+02   2.7900000E+02   1.7810706E-02   1.8384533E-02
   1.5428395E+03   3.1800000E+02   3.1000000E+02   2.1427997E-02   2.1981002E-02
   1.5428470E+03   3.2400000E+02   3.1400000E+02   8.7806018E-03   9.0608929E-03
   1.5428546E+03   2.9600000E+02   2.8800000E+02   1.5143647E-02   1.5564162E-02
   1.5428621E+03   3.2000000E+02   3.0900000E+02   2.2333603E-03   2.3126270E-03
   1.5428696E+03   3.1600000E+02   3.0700000E+02   4.3101010E-03   4.4364813E-03
   1.5428772E+03   2.8300000E+02   2.7500000E+02   8.2078757E-03   8.4468128E-03
   1.5428847E+03   3.0800000E+02   3.0000000E+02   2.9276639E-03   3.0058908E-03
   1.5428922E+03   3.0800000E+02   3.0300000E+02   1.4117445E-02   1.4350411E-02
   1.5428997E+03   2.9200000E+02   2.8700000E+02   1.1237328E-02   1.1439445E-02
   1.5429073E+03   3.2000000E+02   3.1500000E+02   1.8264372E-02   1.8554273E-02
   1.5429148E+03   3.3700000E+02   3.3000000E+02   6.4576615E-03   6.5945949E-03
   1.5429223E+03   3.2300000E+02   3.1500000E+02   8.6376411E-03   8.8573877E-03
   1.5429298E+03   3.2100000E+02   3.1500000E+02   9.4663596E-03   9.6467272E-03
   1.5429374E+03   3.0800000E+02   2.9800000E+02   1.3092288E-02   1.3531659E-02
   1.5429449E+03   3.2200000E+02   3.1200000E+02   1.5050245E-02   1.5532169E-02
   1.5429524E+03   3.2000000E+02   3.0800000E+02   2.3408295E-03   2.4319422E-03
   1.5429600E+03   3.2500000E+02   3.1900000E+02   2.6244875E-02   2.6502005E-02
   1.5429675E+03   3.0300000E+02   2.9500000E+02   7.0740946E-03   7.2653650E-03
   1.5429750E+03   3.0000000E+02   2.9000000E+02   6.6738440E-03   6.9039819E-03
   1.5429825E+03   3.2800000E+02   3.1900000E+02   1.0444689E-02   1.0739387E-02
   1.5429901E+03   3.2000000E+02   3.1200000E+02   4.3159359E-03   4.4267950E-03
   1.5429976E+03   2.8700000E+02   2.8100000E+02   1.2717320E-02   1.2990908E-02
   1.5430051E+03   3.3400000E+02   3.2500000E+02   2.0006403E-03   2.0555630E-03
   1.5430127E+03   3.3500000E+02   3.2500000E+02   6.6464189E-03   6.8509992E-03
   1.5430202E+03   3.1500000E+02   3.0400000E+02   1.5873217E-02   1.6447364E-02
   1.5430277E+03   3.4100000E+02   3.3400000E+02   5.0300985E-03   5.1357530E-03
   1.5430352E+03   3.3900000E+02   3.3400000E+02   1.4963896E-02   1.5187911E-02
   1.5430428E+03   3.1300000E+02   3.0300000E+02   1.1846023E-02   1.2237112E-02
   1.5430503E+03   3.1100000E+02   3.0400000E+02   1.2081672E-02   1.2348966E-02
   1.5430578E+03   3.2500000E+02   3.2000000E+02   1.7390904E-02   1.7663032E-02
   1.5430654E+03   3.1700000E+02   3.1100000E+02   1.5073253E-02   1.5364063E-02
   1.5430729E+03   3.1800000E+02   3.1000000E+02   1.4155036E-02   1.4520603E-02
   1.5430804E+03   2.7600000E+02   2.7000000E+02   6.6870787E-03   6.8358466E-03
   1.5430879E+03   2.8900000E+02   2.8400000E+02   8.9141686E-03   9.0708734E-03
   1.5430955E+03   3.3500000E+02   3.2900000E+02   7.6156094E-04   7.7544551E-04
   1.5431030E+03   3.0100000E+02   2.9900000E+02   2.2831490E-02   2.2984198E-02
   1.5431105E+03   3.5200000E+02   3.4800000E+02   9.4209766E-03   9.5292630E-03
   1.5431181E+03   3.3300000E+02   3.2200000E+02   9.4995150E-03   9.8238561E-03
   1.5431256E+03   3.3500000E+02   3.2900000E+02   4.8169375E-03   4.9048333E-03
   1.5431331E+03   2.8900000E+02   2.8000000E+02   4.4676663E-03   4.6107014E-03
   1.5431406E+03   3.1300000E+02   3.0700000E+02   2.1488891E-02   2.1909535E-02
   1.5431482E+03   3.2400000E+02   3.2000000E+02   8.7954182E-03   8.9053420E-03
   1.5431557E+03   3.2200000E+02   3.1400000E+02   8.0670765E-03   8.2729326E-03
   1.5431632E+03   3.1700000E+02   3.0600000E+02   4.4786867E-03   4.6390768E-03
   1.5431708E+03   3.3800000E+02   3.3100000E+02   1.6220070E-02   1.6563181E-02
   1.5431783E+03   3.2200000E+02   3.1100000E+02   4.5783666E-03   4.7403392E-03
   1.5431858E+03   3.3900000E+02   3.2800000E+02   1.2946421E-02   1.3380677E-02
   1.5431933E+03   3.2400000E+02   3.1300000E+02   2.8332529E-03   2.9327382E-03
   1.5432009E+03   3.3800000E+02   3.2600000E+02   1.3027290E-02   1.3505718E-02
   1.5432084E+03   3.5100000E+02   3.4600000E+02   1.2360833E-02   1.2539490E-02
   1.5432159E+03   3.3800000E+02   3.3100000E+02   1.1790071E-02   1.2044929E-02
   1.5432235E+03   3.6300000E+02   3.5600000E+02   2.8688966E-03   2.9252123E-03
   1.5432310E+03   3.3100000E+02   3.2100000E+02   6.0415319E-03   6.2297248E-03
   1.5432385E+03   3.5500000E+02   3.4300000E+02   1.0382940E-02   1.0745999E-02
   1.5432460E+03   3.6900000E+02   3.5900000E+02   1.2708220E-02   1.3062411E-02
   1.5432536E+03   3.9000000E+02   3.7700000E+02   1.6737348E-02   1.7314781E-02
   1.5432611E+03   3.2100000E+02   3.0900000E+02   9.6305546E-03   1.0004462E-02
   1.5432686E+03   3.3900000E+02   3.3000000E+02   2.7500874E-03   2.8252418E-03
   1.5432762E+03   3.2300000E+02   3.1600000E+02   6.8154502E-03   6.9662192E-03
   1.5432837E+03   3.3700000E+02   3.2800000E+02   1.0762101E-02   1.1057023E-02
   1.5432912E+03   3.7100000E+02   3.6500000E+02   1.0360522E-02   1.0531003E-02
   1.5432987E+03   3.6600000E+02   3.5400000E+02   7.7897641E-03   8.0535860E-03
   1.5433063E+03   3.7100000E+02   3.5800000E+02   1.0129823E-02   1.0496934E-02
   1.5433138E+03   3.4500000E+02   3.3500000E+02   3.7822659E-03   3.8953474E-03
   1.5433213E+03   3.6900000E+02   3.6100000E+02   2.2620749E-03   2.3122457E-03
   1.5433289E+03   3.4200000E+02   3.3500000E+02   1.1858675E-02   1.2106390E-02
   1.5433364E+03   3.3800000E+02   3.2700000E+02   6.4097820E-03   6.6306379E-03
   1.5433439E+03   3.5200000E+02   3.4800000E+02   9.9873266E-03   1.0102173E-02
   1.5433514E+03   3.3800000E+02   3.3100000E+02   4.4321385E-03   4.5261645E-03
   1.5433590E+03   3.5200000E+02   3.4000000E+02   7.1641865E-03   7.4170921E-03
   1.5433665E+03   3.6200000E+02   3.5100000E+02   2.3854483E-03   2.4602677E-03
   1.5433740E+03   3.6600000E+02   3.5400000E+02   4.1256844E-03   4.2655867E-03
   1.5433815E+03   3.4200000E+02   3.3300000E+02   1.2786168E-02   1.3131711E-02
   1.5433891E+03   3.4700000E+02   3.4000000E+02   1.4048646E-02   1.4337947E-02
   1.5433966E+03   3.7000000E+02   3.6100000E+02   8.8621797E-03   9.0832562E-03
   1.5434041E+03   3.8100000E+02   3.7400000E+02   9.4376914E-03   9.6143375E-03
   1.5434117E+03   3.6600000E+02   3.5700000E+02   8.9079401E-03   9.1324226E-03
   1.5434192E+03   3.7500000E+02   3.7100000E+02   7.4517374E-03   7.5317897E-03
   1.5434267E+03   3.7000000E+02   3.6300000E+02   9.4777958E-03   9.6608222E-03
   1.5434342E+03   3.9400000E+02   3.8600000E+02   1.0976489E-02   1.1203848E-02
   1.5434418E+03   3.8000000E+02   3.7400000E+02   3.7605795E-03   3.8208860E-03
   1.5434493E+03   3.4600000E+02   3.3700000E+02   6.4463143E-03   6.6185250E-03
   1.5434568E+03   3.5200000E+02   3.4200000E+02   8.1973424E-04   8.4373428E-04
   1.5434644E+03   3.5100000E+02   3.4300000E+02   6.8029600E-03   6.9603896E-03
   1.5434719E+03   3.9100000E+02   3.8400000E+02   5.3161468E-03   5.4131396E-03
   1.5434794E+03   3.6900000E+02   3.5800000E+02   1.3869414E-02   1.4295623E-02
   1.5434869E+03   3.8200000E+02   3.6900000E+02   3.8569740E-03   3.9928281E-03
   1.5434945E+03   3.8600000E+02   3.7900000E+02   6.9970860E-03   7.1262358E-03
   1.5435020E+03   3.6700000E+02   3.5900000E+02   1.7122395E-03   1.7503786E-03
   1.5435095E+03   3.7400000E+02   3.6100000E+02   4.5008086E-03   4.6632925E-03
   1.5435171E+03   3.5400000E+02   3.4500000E+02   9.4475596E-03   9.6943927E-03
   1.5435246E+03   3.6300000E+02   3.5100000E+02   6.4268877E-03   6.6465955E-03
   1.5435321E+03   3.5500000E+02   3.4600000E+02   4.2049818E-03   4.3119125E-03
   1.5435396E+03   3.9100000E+02   3.8200000E+02   6.7874286E-03   6.9473243E-03
   1.5435472E+03   3.8300000E+02   3.7100000E+02   2.8984665E-03   2.5736079E-03
   1.5435547E+03   3.7800000E+02   3.6600000E+02   6.0861339E-03   6.2833567E-03
   1.5435622E+03   3.6500000E+02   3.5000000E+02   1.6301917E-03   1.7002184E-03
   1.5435698E+03   4.0900000E+02   3.9400000E+02   1.8102282E-02   1.8792554E-02
   1.5435773E+03   3.9200000E+02   3.8400000E+02   1.8812956E-03   1.9204733E-03
   1.5435848E+03   4.3300000E+02   4.2100000E+02   1.5272442E-02   1.5706652E-02
   1.5435923E+03   4.1900000E+02   4.0800000E+02   4.5397363E-03   4.6624447E-03
   1.5435999E+03   3.7000000E+02   3.5600000E+02   5.8535376E-03   6.0838760E-03
   1.5436074E+03   3.5200000E+02   3.4800000E+02   3.4619843E-03   3.5017730E-03
   1.5436149E+03   3.6200000E+02   3.4400000E+02   2.7579977E-03   2.9020594E-03
   1.5436225E+03   3.7400000E+02   3.6500000E+02   5.7205413E-03   5.8619877E-03
   1.5436300E+03   3.5700000E+02   3.4800000E+02   7.2658437E-03   7.4531659E-03
   1.5436375E+03   3.9700000E+02   3.8900000E+02   8.3856671E-03   8.5508159E-03
   1.5436450E+03   3.7900000E+02   3.6500000E+02   2.7616866E-03   2.8675285E-03
   1.5436526E+03   4.3300000E+02   4.2200000E+02   2.5597296E-03   2.6263802E-03
   1.5436601E+03   3.9100000E+02   3.8200000E+02   2.9079660E-03   2.9765051E-03
   1.5436676E+03   4.0600000E+02   3.9800000E+02   4.2701559E-03   4.3559935E-03
   1.5436752E+03   3.9000000E+02   3.8100000E+02   1.1044191E-02   1.1304955E-02
   1.5436827E+03   4.0700000E+02   3.9700000E+02   1.0081932E-02   1.0335633E-02
   1.5436902E+03   3.6100000E+02   3.5200000E+02   1.0185105E-02   1.0445475E-02
   1.5436977E+03   4.1400000E+02   4.0000000E+02   3.3949058E-03   3.5134275E-03
   1.5437053E+03   3.6400000E+02   3.5500000E+02   1.7079550E-03   1.7512376E-03
   1.5437128E+03   3.8700000E+02   3.8000000E+02   8.4778235E-03   8.6339755E-03
   1.5437203E+03   3.7400000E+02   3.6500000E+02   4.1536076E-03   4.2560364E-03
   1.5437279E+03   4.1100000E+02   4.0500000E+02   5.5469711E-03   5.6291613E-03
   1.5437354E+03   4.0600000E+02   3.9500000E+02   3.7842688E-03   3.8898701E-03
   1.5437429E+03   4.1300000E+02   3.9700000E+02   7.9925747E-03   8.3098300E-03
   1.5437504E+03   3.6600000E+02   3.5400000E+02   8.8256137E-03   9.1247519E-03
   1.5437580E+03   4.1000000E+02   3.9800000E+02   5.4417272E-03   5.6056971E-03
   1.5437655E+03   3.9600000E+02   3.8500000E+02   7.2656347E-03   7.4732572E-03
   1.5437730E+03   3.8500000E+02   3.7800000E+02   5.5583707E-03   5.6612323E-03
   1.5437806E+03   4.1300000E+02   4.0600000E+02   5.1723596E-03   5.2614787E-03
   1.5437881E+03   4.3000000E+02   4.1400000E+02   1.5394068E-02   1.5988643E-02
   1.5437956E+03   4.2300000E+02   4.1000000E+02   4.4952236E-03   4.6376484E-03
   1.5438031E+03   4.0800000E+02   3.9200000E+02   1.2498049E-02   1.3008305E-02
   1.5438107E+03   4.0300000E+02   3.9400000E+02   9.9805549E-03   1.0208484E-02
   1.5438182E+03   3.8200000E+02   3.7000000E+02   4.6100186E-03   4.7595745E-03
   1.5438257E+03   3.9300000E+02   3.8100000E+02   5.3556992E-03   5.5244041E-03
   1.5438332E+03   4.2300000E+02   4.1300000E+02   4.1038510E-03   4.2038465E-03
   1.5438408E+03   4.1300000E+02   4.0100000E+02   1.0301388E-02   1.0610836E-02
   1.5438483E+03   4.1100000E+02   3.9700000E+02   5.7326031E-03   5.9349312E-03
   1.5438558E+03   4.0700000E+02   3.9700000E+02   7.1882967E-03   7.3727223E-03
   1.5438634E+03   3.9900000E+02   3.8600000E+02   1.2220691E-02   1.2631850E-02
   1.5438709E+03   4.3300000E+02   4.2100000E+02   2.3705205E-03   2.4386535E-03
   1.5438784E+03   3.9500000E+02   3.8700000E+02   1.1430527E-02   1.1666665E-02
   1.5438859E+03   4.1500000E+02   4.0100000E+02   7.4246084E-03   7.6839255E-03
   1.5438935E+03   4.1200000E+02   3.9800000E+02   5.8002176E-03   6.0042358E-03
   1.5439010E+03   4.2700000E+02   4.1300000E+02   7.0243795E-03   7.2626372E-03
   1.5439085E+03   3.9900000E+02   3.8900000E+02   9.6958204E-03   9.9450985E-03
   1.5439161E+03   4.7400000E+02   4.6700000E+02   4.9830423E-03   5.0577068E-03
   1.5439236E+03   3.9400000E+02   3.7700000E+02   5.5069375E-03   5.7552636E-03
   1.5439311E+03   3.9200000E+02   3.8000000E+02   6.0850793E-03   6.2774356E-03
   1.5439386E+03   3.7600000E+02   3.6500000E+02   3.7665255E-03   3.8799670E-03
   1.5439462E+03   4.7000000E+02   4.6000000E+02   9.0394357E-03   9.2359493E-03
   1.5439537E+03   4.2200000E+02   4.0700000E+02   9.5376855E-03   9.8888663E-03
   1.5439612E+03   4.2400000E+02   4.1500000E+02   3.8621849E-03   3.9459421E-03
   1.5439688E+03   4.1700000E+02   4.0900000E+02   7.2651806E-03   7.4071126E-03
   1.5439763E+03   4.3500000E+02   4.2200000E+02   6.4343637E-03   6.6329398E-03
   1.5439838E+03   4.3300000E+02   4.2200000E+02   9.2867660E-03   9.5289673E-03
   1.5439913E+03   4.4600000E+02   4.3300000E+02   7.2561468E-03   7.4740876E-03
   1.5439989E+03   4.0400000E+02   3.9200000E+02   1.5817672E-02   1.6301968E-02
   1.5440064E+03   4.5000000E+02   4.4300000E+02   6.1932959E-03   6.2910870E-03
   1.5440139E+03   4.4600000E+02   4.3300000E+02   3.8424296E-03   3.9577065E-03
   1.5440215E+03   3.9900000E+02   3.9300000E+02   1.6836522E-03   1.7093903E-03
   1.5440290E+03   4.3900000E+02   4.2500000E+02   2.1246603E-03   2.1947668E-03
   1.5440365E+03   4.3400000E+02   4.2500000E+02   1.0798970E-03   1.1035827E-03
   1.5440440E+03   4.3200000E+02   4.1500000E+02   6.6853763E-03   6.9592434E-03
   1.5440516E+03   4.5500000E+02   4.4500000E+02   3.2504916E-03   3.3235856E-03
   1.5440591E+03   4.3200000E+02   4.2300000E+02   1.1371347E-03   1.1620741E-03
   1.5440666E+03   4.4400000E+02   4.2500000E+02   1.4539363E-03   1.5174541E-03
   1.5440742E+03   4.4700000E+02   4.4200000E+02   3.0597200E-03   3.0943537E-03
   1.5440817E+03   4.5900000E+02   4.4500000E+02   8.0981323E-03   8.3527661E-03
   1.5440892E+03   4.4500000E+02   4.3400000E+02   8.8982836E-03   9.1240719E-03
   1.5440967E+03   4.4900000E+02   4.3600000E+02   3.7392995E-03   3.8507620E-03
   1.5441043E+03   4.7200000E+02   4.6300000E+02   5.6870131E-03   5.7975615E-03
   1.5441118E+03   4.3800000E+02   4.2500000E+02   2.1101299E-03   2.1745893E-03
   1.5441193E+03   4.4100000E+02   4.3200000E+02   4.8215654E-04   4.9301309E-04
   1.5441269E+03   4.2700000E+02   4.1500000E+02   4.8528204E-03   4.9930960E-03
   1.5441344E+03   4.7400000E+02   4.6500000E+02   1.0507576E-02   1.0711045E-02
   1.5441419E+03   4.5500000E+02   4.3600000E+02   4.1374953E-03   4.3178317E-03
   1.5441494E+03   4.5900000E+02   4.5100000E+02   1.2368502E-03   1.2590937E-03
   1.5441570E+03   4.5400000E+02   4.4500000E+02   9.2560068E-03   9.4432872E-03
   1.5441645E+03   4.4800000E+02   4.4100000E+02   3.5917449E-03   3.6487451E-03
   1.5441720E+03   4.7000000E+02   4.5700000E+02   5.0536654E-03   5.1974453E-03
   1.5441796E+03   4.4900000E+02   4.4000000E+02   8.6946345E-03   8.8723900E-03
   1.5441871E+03   4.8200000E+02   4.7200000E+02   7.5043121E-03   7.6630658E-03
   1.5441946E+03   4.4000000E+02   4.2500000E+02   5.5211165E-03   5.7160528E-03
   1.5442021E+03   5.2100000E+02   5.0800000E+02   5.4496962E-03   5.5892098E-03
   1.5442097E+03   4.8400000E+02   4.6200000E+02   5.2571679E-03   5.5075786E-03
   1.5442172E+03   4.3300000E+02   4.2700000E+02   1.8762781E-03   1.9027785E-03
   1.5442247E+03   4.5400000E+02   4.4600000E+02   2.5067393E-03   2.5516565E-03
   1.5442323E+03   4.5700000E+02   4.4500000E+02   1.9293284E-03   1.9814625E-03
   1.5442398E+03   4.3600000E+02   4.2400000E+02   6.4269155E-03   6.6088376E-03
   1.5442473E+03   4.5000000E+02   4.3800000E+02   2.0942552E-03   2.1512474E-03
   1.5442548E+03   4.5000000E+02   4.3400000E+02   1.3875442E-02   1.4387062E-02
   1.5442624E+03   4.7800000E+02   4.6700000E+02   2.3170013E-03   2.3714671E-03
   1.5442699E+03   4.9100000E+02   4.8000000E+02   6.2685258E-03   6.4120874E-03
   1.5442774E+03   4.4300000E+02   4.3100000E+02   4.4884792E-03   4.6166303E-03
   1.5442849E+03   4.8200000E+02   4.7000000E+02   7.5849183E-03   7.7781780E-03
   1.5442925E+03   4.9500000E+02   4.8500000E+02   5.2247236E-03   5.3317263E-03
   1.5443000E+03   4.7900000E+02   4.6600000E+02   6.1245933E-03   6.2954222E-03
   1.5443075E+03   5.2200000E+02   5.1300000E+02   5.7386128E-03   5.8394986E-03
   1.5443151E+03   4.5700000E+02   4.4400000E+02   5.2596186E-03   5.4136032E-03
   1.5443226E+03   4.5400000E+02   4.3700000E+02   1.1589844E-03   1.2043300E-03
   1.5443301E+03   4.9500000E+02   4.8000000E+02   2.6948388E-03   2.7791746E-03
   1.5443376E+03   4.8200000E+02   4.6900000E+02   4.2623609E-03   4.3805163E-03
   1.5443452E+03   4.8300000E+02   4.6800000E+02   4.2900577E-03   4.4275845E-03
   1.5443527E+03   4.7400000E+02   4.6200000E+02   7.2688627E-03   7.4576356E-03
   1.5443602E+03   4.7700000E+02   4.6700000E+02   4.2851154E-03   4.3768353E-03
   1.5443678E+03   5.0100000E+02   4.9400000E+02   7.4478871E-03   7.5534302E-03
   1.5443753E+03   4.8700000E+02   4.8000000E+02   2.9098434E-03   2.9522570E-03
   1.5443828E+03   4.9200000E+02   4.7500000E+02   3.3736193E-03   3.4945171E-03
   1.5443903E+03   4.9700000E+02   4.8100000E+02   3.6966748E-03   3.8193963E-03
   1.5443979E+03   4.7300000E+02   4.6000000E+02   1.1504851E-02   1.1830085E-02
   1.5444054E+03   4.8900000E+02   4.7400000E+02   4.3327110E-03   4.4699089E-03
   1.5444129E+03   4.9900000E+02   4.8700000E+02   4.6639300E-03   4.7798443E-03
   1.5444205E+03   5.3400000E+02   5.2300000E+02   7.4296549E-03   7.5859103E-03
   1.5444280E+03   4.6500000E+02   4.5600000E+02   2.7384426E-03   2.7909752E-03
   1.5444355E+03   4.6800000E+02   4.6100000E+02   4.8232984E-03   4.8965704E-03
   1.5444430E+03   5.1300000E+02   4.9900000E+02   5.6822691E-03   5.8417001E-03
   1.5444506E+03   4.8700000E+02   4.7200000E+02   8.6448452E-03   8.9219558E-03
   1.5444581E+03   5.3000000E+02   5.1500000E+02   2.1187365E-03   2.1803259E-03
   1.5444656E+03   5.2900000E+02   5.1000000E+02   4.0625956E-03   4.2139379E-03
   1.5444732E+03   5.1200000E+02   5.0200000E+02   3.9107350E-03   3.9907896E-03
   1.5444807E+03   5.0100000E+02   4.8900000E+02   3.9951291E-03   4.0931146E-03
   1.5444882E+03   4.5500000E+02   4.3700000E+02   3.2155706E-03   3.3481129E-03
   1.5444957E+03   4.9600000E+02   4.8400000E+02   4.0860820E-03   4.1874342E-03
   1.5445033E+03   4.8500000E+02   4.7300000E+02   5.7742152E-03   5.9205389E-03
   1.5445108E+03   5.2000000E+02   4.9900000E+02   4.4836383E-03   4.6725088E-03
   1.5445183E+03   5.4700000E+02   5.2900000E+02   8.1115001E-03   8.3874580E-03
   1.5445259E+03   4.8300000E+02   4.6700000E+02   8.1754626E-03   8.4567125E-03
   1.5445334E+03   5.3200000E+02   5.1400000E+02   4.5289995E-03   4.6877532E-03
   1.5445409E+03   5.2000000E+02   5.0100000E+02   4.6247759E-03   4.8001688E-03
   1.5445484E+03   5.0300000E+02   4.8400000E+02   7.0436078E-03   7.3198991E-03
   1.5445560E+03   5.4200000E+02   5.2900000E+02   3.3495735E-03   3.4317452E-03
   1.5445635E+03   5.1900000E+02   5.0700000E+02   5.0000953E-03   5.1185462E-03
   1.5445710E+03   4.7800000E+02   4.6500000E+02   6.0740772E-03   6.2438744E-03
   1.5445786E+03   5.7400000E+02   5.5500000E+02   3.5163139E-03   3.6368770E-03
   1.5445861E+03   5.3300000E+02   5.1800000E+02   5.0336871E-03   5.1791850E-03
   1.5445936E+03   4.8700000E+02   4.6000000E+02   2.8825895E-03   3.0517771E-03
   1.5446011E+03   5.2400000E+02   5.0500000E+02   6.6593139E-03   6.9097446E-03
   1.5446087E+03   5.2300000E+02   5.0600000E+02   5.8964800E-03   6.0947938E-03
   1.5446162E+03   5.2900000E+02   5.1700000E+02   3.8640600E-03   3.9537024E-03
   1.5446237E+03   5.0100000E+02   4.8900000E+02   7.0670944E-03   7.2404628E-03
   1.5446313E+03   5.1700000E+02   5.0800000E+02   3.5731056E-03   3.6362268E-03
   1.5446388E+03   5.4300000E+02   5.2500000E+02   6.7062202E-03   6.9364401E-03
   1.5446463E+03   5.3500000E+02   5.2100000E+02   5.6916016E-03   5.8434667E-03
   1.5446538E+03   4.9800000E+02   4.8800000E+02   3.5944296E-03   3.6689702E-03
   1.5446614E+03   5.3300000E+02   5.1800000E+02   4.8638709E-03   5.0040179E-03
   1.5446689E+03   5.3900000E+02   5.2300000E+02   7.6674559E-03   7.9018417E-03
   1.5446764E+03   5.3700000E+02   5.1900000E+02   6.8115597E-03   7.0479631E-03
   1.5446840E+03   4.7500000E+02   4.5700000E+02   8.5381497E-03   8.8703097E-03
   1.5446915E+03   5.0100000E+02   4.7800000E+02   2.7806216E-03   2.9144946E-03
   1.5446990E+03   5.3400000E+02   5.1200000E+02   6.2230473E-03   7.0818092E-03
   1.5447065E+03   5.2200000E+02   5.0600000E+02   3.7279509E-03   3.8458586E-03
   1.5447141E+03   5.2600000E+02   5.1300000E+02   7.5865785E-03   7.7786090E-03
   1.5447216E+03   5.3000000E+02   5.1700000E+02   2.5723529E-03   2.6369707E-03
   1.5447291E+03   5.3400000E+02   5.1900000E+02   7.1919220E-03   7.3996210E-03
   1.5447366E+03   5.1900000E+02   5.0900000E+02   3.9330316E-03   4.0102133E-03
   1.5447442E+03   5.4100000E+02   5.2700000E+02   1.9712109E-03   2.0233180E-03
   1.5447517E+03   5.3200000E+02   5.1600000E+02   5.8733154E-03   6.0554529E-03
   1.5447592E+03   5.5800000E+02   5.4000000E+02   1.3151458E-03   1.3590131E-03
   1.5447668E+03   5.4300000E+02   5.3000000E+02   4.8726474E-03   4.9921491E-03
   1.5447743E+03   5.2800000E+02   5.1000000E+02   1.0400051E-02   1.0767052E-02
   1.5447818E+03   5.6600000E+02   5.5300000E+02   1.9700848E-03   2.0153668E-03
   1.5447893E+03   5.3400000E+02   5.1500000E+02   6.2539753E-03   6.4848648E-03
   1.5447969E+03   5.6100000E+02   5.3700000E+02   5.9766707E-03   6.2487770E-03
   1.5448044E+03   5.7400000E+02   5.5300000E+02   1.8528912E-04   1.9128291E-04
   1.5448119E+03   5.6300000E+02   5.4500000E+02   2.5296993E-03   2.6144087E-03
   1.5448195E+03   6.1500000E+02   5.9900000E+02   3.9790670E-03   4.0851611E-03
   1.5448270E+03   5.5700000E+02   5.4200000E+02   1.4010305E-02   1.4398069E-02
   1.5448345E+03   5.9200000E+02   5.8600000E+02   5.6351790E-03   5.6929366E-03
   1.5448420E+03   5.5500000E+02   5.4200000E+02   5.2309619E-03   5.3566656E-03
   1.5448496E+03   5.6200000E+02   5.5600000E+02   1.2365618E-03   1.2499083E-03
   1.5448571E+03   5.5200000E+02   5.3900000E+02   1.3291548E-03   1.3611593E-03
   1.5448646E+03   5.5100000E+02   5.3500000E+02   4.6293666E-03   4.7677903E-03
   1.5448722E+03   6.1600000E+02   5.9400000E+02   8.4699252E-03   8.7834839E-03
   1.5448797E+03   5.4600000E+02   5.3600000E+02   4.0547822E-03   4.1303895E-03
   1.5448872E+03   5.8000000E+02   5.7000000E+02   7.1035011E-03   7.2219164E-03
   1.5448947E+03   5.8500000E+02   5.6700000E+02   5.1253546E-03   5.2879982E-03
   1.5449023E+03   5.8500000E+02   5.6800000E+02   4.9840710E-03   5.1332600E-03
   1.5449098E+03   6.0400000E+02   5.8700000E+02   6.6463282E-03   6.8388293E-03
   1.5449173E+03   5.9300000E+02   5.6900000E+02   7.1294926E-03   7.4303655E-03
   1.5449249E+03   5.3600000E+02   5.1300000E+02   1.6792452E-03   1.7544698E-03
   1.5449324E+03   5.7600000E+02   5.5700000E+02   2.4661765E-03   2.5502154E-03
   1.5449399E+03   5.8100000E+02   5.6600000E+02   4.9429987E-03   5.0739687E-03
   1.5449474E+03   5.8900000E+02   5.6900000E+02   5.8381948E-03   6.0433527E-03
   1.5449550E+03   5.6000000E+02   5.4400000E+02   7.2805811E-03   7.4948633E-03
   1.5449625E+03   5.5200000E+02   5.3200000E+02   5.2405438E-03   5.4370086E-03
   1.5449700E+03   5.8900000E+02   5.7200000E+02   2.0326057E-03   2.0930092E-03
   1.5449776E+03   6.3400000E+02   6.1100000E+02   4.8531022E-03   5.0356156E-03
   1.5449851E+03   5.6400000E+02   5.4900000E+02   5.0724692E-03   5.2100739E-03
   1.5449926E+03   5.8100000E+02   5.6500000E+02   2.8469377E-03   2.9275207E-03
   1.5450001E+03   5.8000000E+02   5.6400000E+02   2.3166951E-03   2.3824919E-03
   1.5450077E+03   5.8000000E+02   5.5900000E+02   3.6291183E-03   3.7654861E-03
   1.5450152E+03   5.9600000E+02   5.7600000E+02   7.7816465E-03   8.0514507E-03
   1.5450227E+03   6.0200000E+02   5.7900000E+02   5.7389114E-03   5.9667324E-03
   1.5450303E+03   5.7700000E+02   5.5900000E+02   3.4267117E-03   3.5385410E-03
   1.5450378E+03   6.1700000E+02   5.9600000E+02   6.2623849E-03   6.4829982E-03
   1.5450453E+03   5.8200000E+02   5.6400000E+02   4.9939681E-03   5.1524939E-03
   1.5450528E+03   6.2100000E+02   6.0500000E+02   3.0549517E-03   3.1355819E-03
   1.5450604E+03   6.3900000E+02   6.1900000E+02   2.8914877E-03   2.9841234E-03
   1.5450679E+03   6.0600000E+02   5.9400000E+02   1.1956043E-03   1.2197246E-03
   1.5450754E+03   6.1800000E+02   6.0200000E+02   3.1717512E-03   3.2562141E-03
   1.5450830E+03   6.0900000E+02   5.9400000E+02   5.6709617E-04   5.8142783E-04
   1.5450905E+03   5.7200000E+02   5.5700000E+02   2.5638640E-03   2.6329369E-03
   1.5450980E+03   6.2600000E+02   6.1200000E+02   2.1325602E-03   2.1813359E-03
   1.5451055E+03   6.2400000E+02   6.0800000E+02   6.3892180E-03   6.5572805E-03
   1.5451131E+03   5.9100000E+02   5.7600000E+02   1.6014418E-03   1.6438953E-03
   1.5451206E+03   6.1500000E+02   5.9700000E+02   1.8376646E-03   1.8913719E-03
   1.5451281E+03   6.2500000E+02   6.0600000E+02   4.4666427E-03   4.6057666E-03
   1.5451357E+03   6.0000000E+02   5.7700000E+02   2.6935431E-03   2.8020215E-03
   1.5451432E+03   5.8200000E+02   5.7100000E+02   2.8615342E-03   2.9179145E-03
   1.5451507E+03   5.6800000E+02   5.5500000E+02   3.8629693E-03   3.9533766E-03
   1.5451582E+03   5.8700000E+02   5.7600000E+02   1.5996529E-03   1.6304253E-03
   1.5451658E+03   6.2000000E+02   5.9900000E+02   2.3947358E-03   2.4789340E-03
   1.5451733E+03   6.3600000E+02   6.1500000E+02   2.5481085E-03   2.6392439E-03
   1.5451808E+03   6.1700000E+02   6.0100000E+02   1.6332837E-03   1.6058828E-03
   1.5451883E+03   6.1700000E+02   5.9700000E+02   3.7879274E-03   3.9149843E-03
   1.5451959E+03   5.9900000E+02   5.8200000E+02   1.4189193E-03   1.4603445E-03
   1.5452034E+03   6.4700000E+02   6.2900000E+02   3.3741262E-03   3.4701699E-03
   1.5452109E+03   6.4300000E+02   6.2300000E+02   2.0222543E-03   1.6012319E-03
   1.5452185E+03   6.5500000E+02   6.2900000E+02   4.3616472E-03   4.5418375E-03
   1.5452260E+03   6.1400000E+02   6.0400000E+02   2.7420918E-03   2.7834311E-03
   1.5452335E+03   6.0600000E+02   5.8900000E+02   5.2424088E-03   5.3937161E-03
   1.5452410E+03   6.2800000E+02   6.0800000E+02   5.4034705E-04   5.5799897E-04
   1.5452486E+03   6.2000000E+02   6.0800000E+02   1.6998811E-03   1.7335238E-03
   1.5452561E+03   6.8600000E+02   6.6400000E+02   1.0792864E-03   1.1149279E-03
   1.5452636E+03   6.4200000E+02   6.1900000E+02   4.9465712E-03   5.1304036E-03
   1.5452712E+03   6.0800000E+02   5.8700000E+02   5.3328411E-03   5.5236121E-03
   1.5452787E+03   6.3100000E+02   6.1200000E+02   5.1585476E-03   5.3192947E-03
   1.5452862E+03   6.3700000E+02   6.1800000E+02   3.4493325E-03   3.5554046E-03
   1.5452937E+03   6.7600000E+02   6.6400000E+02   1.7548998E-03   1.7866677E-03
   1.5453013E+03   6.6700000E+02   6.4200000E+02   3.5654593E-03   3.7079691E-03
   1.5453088E+03   6.9000000E+02   6.6500000E+02   1.5770743E-03   1.6362675E-03
   1.5453163E+03   6.7900000E+02   6.5500000E+02   2.2956863E-03   2.3796974E-03
   1.5453239E+03   6.7300000E+02   6.4800000E+02   2.7374592E-03   2.8437540E-03
   1.5453314E+03   6.1800000E+02   5.9800000E+02   2.9580157E-03   3.0566376E-03
   1.5453389E+03   6.3700000E+02   6.1000000E+02   6.2567579E-03   6.5336798E-03
   1.5453464E+03   6.5900000E+02   6.3500000E+02   3.7025072E-03   3.8425632E-03
   1.5453540E+03   6.3100000E+02   6.1700000E+02   4.6941472E-03   4.8006248E-03
   1.5453615E+03   6.6800000E+02   6.4800000E+02   4.2612816E-03   4.3928014E-03
   1.5453690E+03   6.9400000E+02   6.6500000E+02   3.0927836E-03   3.2276719E-03
   1.5453766E+03   7.0000000E+02   6.7900000E+02   2.1216073E-03   2.1870794E-03
   1.5453841E+03   6.6100000E+02   6.4500000E+02   4.0481552E-03   4.1484422E-03
   1.5453916E+03   6.5400000E+02   6.3100000E+02   3.1606108E-03   3.2752913E-03
   1.5453991E+03   6.6300000E+02   6.3500000E+02   5.5054440E-03   5.7459407E-03
   1.5454067E+03   6.5900000E+02   6.4000000E+02   4.8731794E-03   5.0182356E-03
   1.5454142E+03   6.9700000E+02   6.7900000E+02   3.2128165E-03   3.2980447E-03
   1.5454217E+03   6.9200000E+02   6.6400000E+02   3.0173139E-03   3.1444212E-03
   1.5454293E+03   6.7900000E+02   6.5200000E+02   2.1614237E-03   2.2510612E-03
   1.5454368E+03   6.9200000E+02   6.6800000E+02   5.1498624E-03   5.3318810E-03
   1.5454443E+03   6.3800000E+02   6.2300000E+02   5.3575157E-03   5.4864449E-03
   1.5454518E+03   6.9500000E+02   6.6600000E+02   4.9383862E-03   5.1509319E-03
   1.5454594E+03   6.9200000E+02   6.7200000E+02   5.2687385E-03   5.4280840E-03
   1.5454669E+03   6.5000000E+02   6.2400000E+02   3.4063729E-03   3.5486480E-03
   1.5454744E+03   6.5000000E+02   6.2800000E+02   1.7519768E-03   1.8134385E-03
   1.5454820E+03   6.8700000E+02   6.6600000E+02   3.3924529E-03   3.4995951E-03
   1.5454895E+03   6.8100000E+02   6.5900000E+02   5.3936483E-03   5.5739336E-03
   1.5454970E+03   6.8500000E+02   6.6600000E+02   3.2601435E-03   3.3532825E-03
   1.5455045E+03   7.1900000E+02   6.9500000E+02   3.9818342E-03   4.1193821E-03
   1.5455121E+03   6.8300000E+02   6.5900000E+02   2.0997748E-04   2.1812626E-04
   1.5455196E+03   6.5500000E+02   6.3100000E+02   3.6714557E-03   3.8110051E-03
   1.5455271E+03   6.8800000E+02   6.6800000E+02   3.3243858E-03   3.4242180E-03
   1.5455347E+03   6.6500000E+02   6.4600000E+02   3.8417215E-03   3.9553974E-03
   1.5455422E+03   7.4500000E+02   7.1700000E+02   2.4982126E-03   2.5943555E-03
   1.5455497E+03   6.9900000E+02   6.7900000E+02   2.9420293E-03   3.0287397E-03
   1.5455572E+03   7.1100000E+02   6.8200000E+02   6.4023874E-03   6.6743991E-03
   1.5455648E+03   6.9100000E+02   6.7400000E+02   7.2656187E-03   7.4492034E-03
   1.5455723E+03   7.0800000E+02   6.8100000E+02   4.2265800E-03   4.3942140E-03
   1.5455798E+03   7.3500000E+02   7.0300000E+02   5.0698430E-03   5.2995816E-03
   1.5455874E+03   7.0000000E+02   6.7600000E+02   5.8393902E-03   5.6876370E-03
   1.5455949E+03   7.0600000E+02   6.8700000E+02   3.1458711E-03   3.2329306E-03
   1.5456024E+03   6.7900000E+02   6.5900000E+02   8.9087079E-04   9.1839465E-04
   1.5456099E+03   6.8400000E+02   6.6600000E+02   1.9866031E-03   2.0370641E-03
   1.5456175E+03   7.0900000E+02   6.8600000E+02   2.0242973E-03   2.0923087E-03
   1.5456250E+03   7.3800000E+02   7.2000000E+02   1.7326809E-03   1.7760938E-03
   1.5456325E+03   7.3100000E+02   6.9600000E+02   1.4853180E-03   1.5598403E-03
   1.5456400E+03   7.3100000E+02   7.0700000E+02   1.4012668E-03   1.9890703E-03
   1.5456476E+03   6.3900000E+02   6.2100000E+02   4.1467986E-03   4.2672758E-03
   1.5456551E+03   7.6600000E+02   7.5000000E+02   2.8636422E-03   2.9246789E-03
   1.5456626E+03   6.7900000E+02   6.5800000E+02   4.3342094E-03   4.4725521E-03
   1.5456702E+03   6.9500000E+02   6.6700000E+02   1.1315255E-03   1.1793647E-03
   1.5456777E+03   7.0500000E+02   6.8700000E+02   1.7195054E-03   1.7648035E-03
   1.5456852E+03   7.3200000E+02   7.1000000E+02   3.0319242E-03   3.1258858E-03
   1.5456927E+03   6.8200000E+02   6.5600000E+02   4.5622253E-03   4.7424188E-03
   1.5457003E+03   7.4700000E+02   7.2300000E+02   4.4076270E-03   4.5541003E-03
   1.5457078E+03   7.1800000E+02   6.9500000E+02   4.3273589E-03   4.4705277E-03
   1.5457153E+03   7.4700000E+02   7.2600000E+02   3.0091790E-03   3.0962936E-03
   1.5457229E+03   7.3800000E+02   7.2000000E+02   1.6996165E-03   1.7348238E-03
   1.5457304E+03   7.6200000E+02   7.3300000E+02   2.2058897E-03   2.2929019E-03
   1.5457379E+03   7.2200000E+02   6.9000000E+02   2.8204242E-03   2.9363994E-03
   1.5457454E+03   7.5600000E+02   7.3100000E+02   2.4248228E-03   2.5079181E-03
   1.5457530E+03   7.5500000E+02   7.2800000E+02   3.7826468E-03   3.9187207E-03
   1.5457605E+03   7.0500000E+02   6.7900000E+02   9.4333764E-04   9.7927245E-04
   1.5457680E+03   7.7900000E+02   7.5100000E+02   2.7451761E-03   2.8478051E-03
   1.5457756E+03   7.2700000E+02   7.0800000E+02   2.5926385E-03   2.6637609E-03
   1.5457831E+03   7.3100000E+02   7.0300000E+02   3.4415394E-03   3.9020851E-03
   1.5457906E+03   8.3400000E+02   8.0600000E+02   3.7266254E-03   3.8579804E-03
   1.5457981E+03   7.8500000E+02   7.6400000E+02   9.9263209E-04   1.0199955E-03
   1.5458057E+03   7.4000000E+02   7.1700000E+02   3.5171335E-03   3.6300304E-03
   1.5458132E+03   7.5400000E+02   7.2600000E+02   1.4037707E-03   1.4585557E-03
   1.5458207E+03   8.1300000E+02   7.8400000E+02   5.5448836E-04   5.7499816E-04
   1.5458283E+03   7.4300000E+02   7.1500000E+02   2.1776548E-03   2.2627919E-03
   1.5458358E+03   7.6700000E+02   7.3900000E+02   3.8738128E-03   3.7969443E-03
   1.5458433E+03   7.8100000E+02   7.4300000E+02   2.4987264E-03   2.6267842E-03
   1.5458508E+03   7.7000000E+02   7.4900000E+02   2.4232950E-03   2.4912372E-03
   1.5458584E+03   7.2700000E+02   7.0700000E+02   2.0189197E-03   2.0795999E-03
   1.5458659E+03   7.8100000E+02   7.5700000E+02   3.8077742E-03   3.9285082E-03
   1.5458734E+03   7.8700000E+02   7.5300000E+02   3.5145462E-03   3.6995424E-03
   1.5458810E+03   7.8600000E+02   7.6000000E+02   1.0957241E-03   1.1331942E-03
   1.5458885E+03   7.8000000E+02   7.4200000E+02   2.1036414E-03   2.2113178E-03
   1.5458960E+03   8.1900000E+02   7.9200000E+02   7.8352625E-04   8.3093576E-04
   1.5459035E+03   7.8800000E+02   7.5600000E+02   2.7069790E-03   2.8220905E-03
   1.5459111E+03   7.9000000E+02   7.6000000E+02   3.2370836E-03   3.3648186E-03
   1.5459186E+03   7.1600000E+02   6.9400000E+02   2.2199271E-03   2.2902205E-03
   1.5459261E+03   8.1800000E+02   7.9800000E+02   3.3961811E-03   3.4812585E-03
   1.5459337E+03   7.9800000E+02   7.7000000E+02   3.0365483E-03   3.1043292E-03
   1.5459412E+03   8.1600000E+02   7.8000000E+02   1.5990563E-03   1.6725569E-03
   1.5459487E+03   8.2300000E+02   8.0000000E+02   4.0932719E-03   4.2108206E-03
   1.5459562E+03   8.3800000E+02   7.9700000E+02   2.5638450E-03   2.6963660E-03
   1.5459638E+03   7.4800000E+02   7.1200000E+02   5.6936219E-03   5.9814761E-03
   1.5459713E+03   8.0700000E+02   7.8200000E+02   6.8611316E-04   7.0796359E-04
   1.5459788E+03   8.4700000E+02   8.1800000E+02   5.6335326E-03   5.8323333E-03
   1.5459864E+03   7.9900000E+02   7.5000000E+02   2.7889834E-03   2.9796301E-03
   1.5459939E+03   8.1600000E+02   7.8700000E+02   4.3576291E-03   4.5183062E-03
   1.5460014E+03   8.2700000E+02   8.0100000E+02   8.5707298E-04   8.8500552E-04
   1.5460089E+03   8.1900000E+02   7.9300000E+02   3.6406124E-03   3.7604700E-03
   1.5460165E+03   8.2400000E+02   7.8800000E+02   5.5548845E-03   6.1946365E-03
   1.5460240E+03   8.3900000E+02   8.1000000E+02   3.4305174E-04   3.5579620E-04
   1.5460315E+03   7.8100000E+02   7.4100000E+02   2.7478513E-03   2.8964029E-03
   1.5460391E+03   7.9800000E+02   7.7000000E+02   3.4415463E-03   3.5051266E-03
   1.5460466E+03   8.3300000E+02   8.0200000E+02   3.3992386E-03   3.5307448E-03
   1.5460541E+03   8.5000000E+02   8.2200000E+02   2.4709277E-03   2.5548613E-03
   1.5460616E+03   8.8100000E+02   8.3300000E+02   2.8836395E-03   3.0505201E-03
   1.5460692E+03   7.8000000E+02   7.4600000E+02   1.3425518E-03   1.4036149E-03
   1.5460767E+03   8.0500000E+02   7.6600000E+02   2.8215705E-03   3.4333221E-03
   1.5460842E+03   8.3000000E+02   8.0700000E+02   9.8649419E-04   8.5380828E-04
   1.5460917E+03   8.7100000E+02   8.3300000E+02   1.6473527E-03   1.7223125E-03
   1.5460993E+03   8.2900000E+02   7.9700000E+02   7.8100551E-04   8.1234346E-04
   1.5461068E+03   8.2800000E+02   7.9800000E+02   1.4160131E-03   1.4691924E-03
   1.5461143E+03   8.9900000E+02   8.6000000E+02   4.0589506E-03   4.2236039E-03
   1.5461219E+03   8.4400000E+02   8.1400000E+02   3.4026609E-03   3.5279183E-03
   1.5461294E+03   8.7700000E+02   8.4200000E+02   2.4719071E-04   2.7026388E-04
   1.5461369E+03   8.2600000E+02   7.9300000E+02   2.4093302E-03   2.5131029E-03
   1.5461444E+03   8.1700000E+02   7.9100000E+02   2.8042388E-03   2.6534200E-03
   1.5461520E+03   8.5800000E+02   8.3500000E+02   2.5320400E-03   2.6016930E-03
   1.5461595E+03   8.4200000E+02   8.0600000E+02   3.1161440E-03   3.2552283E-03
   1.5461670E+03   8.4600000E+02   8.0300000E+02   2.6938690E-03   2.8381641E-03
   1.5461746E+03   8.2600000E+02   7.8200000E+02   1.6872428E-03   1.5399194E-03
   1.5461821E+03   8.9700000E+02   8.6600000E+02   8.6628097E-04   8.5550764E-04
   1.5461896E+03   8.9400000E+02   8.5400000E+02   2.5864260E-03   2.7075502E-03
   1.5461971E+03   9.0500000E+02   8.7000000E+02   1.3747774E-03   1.2439018E-03
   1.5462047E+03   9.0600000E+02   8.7100000E+02   8.3300468E-04   8.6638944E-04
   1.5462122E+03   8.8300000E+02   8.3900000E+02   7.8817067E-04   1.4117538E-03
   1.5462197E+03   8.5400000E+02   8.0800000E+02   1.7661104E-03   1.8681516E-03
   1.5462273E+03   8.9500000E+02   8.5900000E+02   2.2807872E-03   2.3758832E-03
   1.5462348E+03   8.8600000E+02   8.5500000E+02   1.4716341E-03   1.5125540E-03
   1.5462423E+03   8.6400000E+02   8.3500000E+02   2.0710148E-03   2.1430519E-03
   1.5462498E+03   8.2400000E+02   7.8500000E+02   7.8906255E-04   8.4484956E-04
   1.5462574E+03   8.9300000E+02   8.5700000E+02   1.1485238E-03   1.1968452E-03
   1.5462649E+03   9.3400000E+02   8.9800000E+02   3.9751849E-03   4.1348117E-03
   1.5462724E+03   9.3700000E+02   8.8800000E+02   2.1155859E-03   2.2321986E-03
   1.5462800E+03   9.6900000E+02   9.1900000E+02   2.5905142E-03   2.7314695E-03
   1.5462875E+03   8.6900000E+02   8.3300000E+02   4.2614949E-03   3.9407292E-03
   1.5462950E+03   8.8400000E+02   8.4600000E+02   3.4005426E-03   3.5530495E-03
   1.5463025E+03   8.7900000E+02   8.4100000E+02   2.4906188E-03   2.6029175E-03
   1.5463101E+03   9.1500000E+02   8.8000000E+02   3.0619882E-03   3.1837681E-03
   1.5463176E+03   8.9700000E+02   8.4700000E+02   1.8124152E-03   2.1302375E-03
   1.5463251E+03   8.8400000E+02   8.2600000E+02   1.1300151E-03   1.2026993E-03
   1.5463327E+03   9.3200000E+02   9.0000000E+02   2.3639923E-03   2.4477573E-03
   1.5463402E+03   9.0000000E+02   8.4600000E+02   2.3206840E-03   2.1934196E-03
   1.5463477E+03   9.3800000E+02   8.8300000E+02   6.6453873E-04   7.0572835E-04
   1.5463552E+03   8.9200000E+02   8.4900000E+02   3.7927203E-03   3.9848945E-03
   1.5463628E+03   9.3400000E+02   8.9400000E+02   6.2341325E-04   6.5111871E-04
   1.5463703E+03   9.0600000E+02   8.6600000E+02   1.8180480E-03   1.8813821E-03
   1.5463778E+03   8.6600000E+02   8.2800000E+02   1.7634613E-03   1.7575601E-03
   1.5463854E+03   9.5700000E+02   9.2500000E+02   2.5283387E-03   2.6125246E-03
   1.5463929E+03   9.4800000E+02   8.9700000E+02   2.0515858E-03   2.1936081E-03
   1.5464004E+03   9.2900000E+02   8.6800000E+02   1.3460160E-03   1.4398668E-03
   1.5464079E+03   9.6100000E+02   9.1400000E+02   1.3516127E-03   1.4208665E-03
   1.5464155E+03   9.5300000E+02   9.0500000E+02   5.3776039E-04   5.6160726E-04
   1.5464230E+03   9.0300000E+02   8.6300000E+02   1.1573528E-03   1.1996110E-03
   1.5464305E+03   9.4500000E+02   8.8900000E+02   1.8439429E-03   2.1083436E-03
   1.5464381E+03   9.5200000E+02   8.9200000E+02   8.0746371E-04   8.6168610E-04
   1.5464456E+03   9.5600000E+02   9.1300000E+02   1.9001421E-03   1.9867297E-03
   1.5464531E+03   9.0000000E+02   8.5800000E+02   1.9024999E-03   2.0861649E-03
   1.5464606E+03   9.2900000E+02   8.7800000E+02   3.8835839E-03   3.8211678E-03
   1.5464682E+03   9.9800000E+02   9.4600000E+02   1.6036198E-03   1.6917215E-03
   1.5464757E+03   9.5100000E+02   8.9800000E+02   2.3003914E-03   2.4349129E-03
   1.5464832E+03   9.9700000E+02   9.4300000E+02   2.6245087E-03   2.7793563E-03
   1.5464908E+03   1.0090000E+03   9.4900000E+02   1.4997091E-03   1.5943348E-03
   1.5464983E+03   9.2400000E+02   8.7500000E+02   2.0258184E-03   2.1391450E-03
   1.5465058E+03   9.7600000E+02   9.2500000E+02   3.3119314E-03   3.3755380E-03
   1.5465133E+03   1.0540000E+03   9.9300000E+02   2.0558908E-03   1.7839477E-03
   1.5465209E+03   1.0110000E+03   9.6500000E+02   2.1785416E-03   2.3053944E-03
   1.5465284E+03   1.0020000E+03   9.4600000E+02   4.8621666E-03   5.1493648E-03
   1.5465359E+03   9.7700000E+02   9.2100000E+02   1.1235150E-03   1.1917119E-03
   1.5465434E+03   1.0280000E+03   9.5900000E+02   2.3816021E-03   2.5366747E-03
   1.5465510E+03   9.7800000E+02   9.3200000E+02   4.1034192E-04   4.3004319E-04
   1.5465585E+03   1.0010000E+03   9.4700000E+02   6.3873413E-04   6.6661571E-04
   1.5465660E+03   9.5300000E+02   9.0800000E+02   1.1606032E-03   1.2182471E-03
   1.5465736E+03   9.4300000E+02   8.9600000E+02   3.8557916E-03   4.0483583E-03
   1.5465811E+03   1.0030000E+03   9.4600000E+02   1.2177080E-03   1.2928863E-03
   1.5465886E+03   1.0060000E+03   9.3100000E+02   3.7135927E-03   3.9810775E-03
   1.5465961E+03   1.0220000E+03   9.4800000E+02   1.1208462E-03   1.2065606E-03
   1.5466037E+03   1.0520000E+03   9.8900000E+02   1.4149426E-03   1.2205260E-03
   1.5466112E+03   1.0260000E+03   9.7100000E+02   2.2539151E-03   2.4032016E-03
   1.5466187E+03   1.0160000E+03   9.5400000E+02   4.2403140E-04   4.0417038E-04
   1.5466263E+03   9.8000000E+02   9.2000000E+02   1.0850748E-03   1.2091924E-03
   1.5466338E+03   1.0140000E+03   9.4100000E+02   1.0979680E-03   1.3542529E-03
   1.5466413E+03   1.0480000E+03   9.8000000E+02   6.7213620E-04   7.0052821E-04
   1.5466488E+03   1.0720000E+03   1.0120000E+03   1.7134643E-03   1.8155659E-03
   1.5466564E+03   1.0560000E+03   9.9300000E+02   5.0984763E-04   5.3028743E-04
   1.5466639E+03   1.0540000E+03   9.8700000E+02   1.5609267E-03   1.6676043E-03
   1.5466714E+03   1.0320000E+03   9.7600000E+02   1.4352659E-03   1.5177141E-03
   1.5466790E+03   1.0900000E+03   1.0210000E+03   2.9951614E-03   3.1952448E-03
   1.5466865E+03   1.0430000E+03   9.6700000E+02   1.9765188E-04   2.1297915E-04
   1.5466940E+03   1.0430000E+03   9.7900000E+02   2.4727747E-03   2.6352955E-03
   1.5467015E+03   1.0450000E+03   9.7500000E+02   8.9383090E-04   9.5830556E-04
   1.5467091E+03   1.1060000E+03   1.0180000E+03   1.0483842E-03   1.1397198E-03
   1.5467166E+03   1.0330000E+03   9.7100000E+02   1.2768512E-03   1.3975077E-03
   1.5467241E+03   1.1300000E+03   1.0580000E+03   2.0817316E-03   2.2236505E-03
   1.5467317E+03   1.0740000E+03   9.9200000E+02   4.2953289E-04   1.0622295E-03
   1.5467392E+03   1.0010000E+03   9.4200000E+02   3.0739752E-03   3.2300174E-03
   1.5467467E+03   1.1380000E+03   1.0470000E+03   1.6016017E-03   1.7410237E-03
   1.5467542E+03   1.1020000E+03   1.0150000E+03   8.1706708E-04   8.1751368E-04
   1.5467618E+03   1.0970000E+03   9.9800000E+02   6.9101455E-04   7.5938474E-04
   1.5467693E+03   1.1550000E+03   1.0780000E+03   2.2487285E-03   2.4122550E-03
   1.5467768E+03   1.1120000E+03   1.0360000E+03   4.3475571E-04   4.4827621E-04
   1.5467844E+03   1.1250000E+03   1.0440000E+03   8.6799551E-04   9.4706303E-04
   1.5467919E+03   1.1450000E+03   1.0650000E+03   1.7357814E-03   1.7979857E-03
   1.5467994E+03   1.0880000E+03   1.0110000E+03   2.6064678E-03   2.2241064E-03
   1.5468069E+03   1.0570000E+03   9.7200000E+02   1.3395808E-03   1.4566624E-03
   1.5468145E+03   1.1050000E+03   1.0220000E+03   1.1196696E-03   1.2571146E-03
   1.5468220E+03   1.1310000E+03   1.0630000E+03   2.5026433E-03   2.4562951E-03
   1.5468295E+03   1.0810000E+03   9.9700000E+02   1.6469921E-03   1.8055264E-03
   1.5468371E+03   1.1030000E+03   1.0300000E+03   1.6433493E-03   1.6957930E-03
   1.5468446E+03   1.1000000E+03   1.0190000E+03   4.0301737E-04   4.2377430E-04
   1.5468521E+03   1.1660000E+03   1.0790000E+03   1.5085478E-03   1.5928341E-03
   1.5468596E+03   1.1650000E+03   1.0630000E+03   1.3466245E-03   1.5075123E-03
   1.5468672E+03   1.0960000E+03   1.0050000E+03   2.0026616E-03   2.1834662E-03
   1.5468747E+03   1.1720000E+03   1.0960000E+03   2.0087250E-03   2.1480439E-03
   1.5468822E+03   1.2020000E+03   1.0910000E+03   4.2559406E-04   4.4785396E-04
   1.5468898E+03   1.2090000E+03   1.1070000E+03   2.7246183E-03   2.9820407E-03
   1.5468973E+03   1.1530000E+03   1.0690000E+03   1.1781936E-03   1.2709751E-03
   1.5469048E+03   1.1540000E+03   1.0660000E+03   1.6474619E-03   1.8005901E-03
   1.5469123E+03   1.1630000E+03   1.0510000E+03   1.9995031E-03   1.8632332E-03
   1.5469199E+03   1.1830000E+03   1.0750000E+03   2.3314069E-03   2.4357982E-03
   1.5469274E+03   1.2400000E+03   1.1440000E+03   1.5896374E-03   1.7359748E-03
   1.5469349E+03   1.2030000E+03   1.1010000E+03   6.7937888E-04   5.0884731E-04
   1.5469425E+03   1.1980000E+03   1.0960000E+03   2.1563442E-03   2.3127293E-03
   1.5469500E+03   1.2070000E+03   1.1060000E+03   1.7165640E-03   2.1031527E-03
   1.5469575E+03   1.2070000E+03   1.1050000E+03   4.5937483E-04   2.0594874E-04
   1.5469650E+03   1.2090000E+03   1.1120000E+03   1.4580472E-03   1.2491938E-03
   1.5469726E+03   1.1870000E+03   1.0640000E+03   1.6353774E-03   1.8868144E-03
   1.5469801E+03   1.2350000E+03   1.1430000E+03   1.1716501E-03   1.1824407E-03
   1.5469876E+03   1.2140000E+03   1.1160000E+03   1.5622990E-03   1.7000870E-03
   1.5469951E+03   1.2320000E+03   1.1180000E+03   2.3885649E-03   2.5370466E-03
   1.5470027E+03   1.2570000E+03   1.1710000E+03   1.3860719E-03   1.4880014E-03
   1.5470102E+03   1.2830000E+03   1.1880000E+03   1.8118306E-03   2.0044462E-03
   1.5470177E+03   1.1960000E+03   1.1040000E+03   1.8906669E-03   1.8131226E-03
   1.5470253E+03   1.3080000E+03   1.1930000E+03   1.1780975E-03   1.3702513E-03
   1.5470328E+03   1.2950000E+03   1.1770000E+03   9.2655980E-04   1.0183941E-03
   1.5470403E+03   1.3350000E+03   1.2330000E+03   8.2646443E-05   1.3727819E-04
   1.5470478E+03   1.2960000E+03   1.1750000E+03   1.1862314E-03   1.2377552E-03
   1.5470554E+03   1.3330000E+03   1.2200000E+03   1.0439382E-03   1.0609540E-03
   1.5470629E+03   1.2660000E+03   1.1360000E+03   2.1611823E-03   2.4020587E-03
   1.5470704E+03   1.2680000E+03   1.1510000E+03   1.4352912E-03   1.5848480E-03
   1.5470780E+03   1.2900000E+03   1.1870000E+03   1.0976023E-03   1.2321353E-03
   1.5470855E+03   1.2440000E+03   1.1150000E+03   1.4548956E-03   1.9658325E-03
   1.5470930E+03   1.2910000E+03   1.1700000E+03   1.1575027E-03   1.3535925E-03
   1.5471005E+03   1.3340000E+03   1.1970000E+03   8.5529152E-04   9.5010948E-04
   1.5471081E+03   1.2930000E+03   1.1620000E+03   1.0129757E-03   1.1632181E-03
   1.5471156E+03   1.3020000E+03   1.1660000E+03   5.8514743E-04   7.0885705E-04
   1.5471231E+03   1.3100000E+03   1.1770000E+03   1.9972372E-03   2.2232419E-03
   1.5471307E+03   1.3210000E+03   1.1990000E+03   2.2619126E-03   2.4166005E-03
   1.5471382E+03   1.3540000E+03   1.2170000E+03   2.0417019E-03   2.2708921E-03
   1.5471457E+03   1.3300000E+03   1.1920000E+03   2.6472824E-03   3.0656407E-03
   1.5471532E+03   1.3490000E+03   1.2120000E+03   5.3059509E-04   7.3000219E-04
   1.5471608E+03   1.2740000E+03   1.1260000E+03   1.1031196E-03   1.2492200E-03
   1.5471683E+03   1.3930000E+03   1.2360000E+03   1.8524794E-03   2.3341252E-03
   1.5471758E+03   1.4210000E+03   1.2610000E+03   1.5780808E-03   1.7837738E-03
   1.5471834E+03   1.3730000E+03   1.2340000E+03   1.1876917E-03   1.4211628E-03
   1.5471909E+03   1.3770000E+03   1.2240000E+03   1.9620793E-03   2.2197601E-03
   1.5471984E+03   1.3550000E+03   1.2100000E+03   1.8793463E-03   2.2060797E-03
   1.5472059E+03   1.4100000E+03   1.2690000E+03   7.8108381E-04   8.6164679E-04
   1.5472135E+03   1.3910000E+03   1.2430000E+03   8.8568561E-04   9.9292158E-04
   1.5472210E+03   1.4210000E+03   1.2610000E+03   1.1540726E-03   1.3776651E-03
   1.5472285E+03   1.3760000E+03   1.2180000E+03   5.4945810E-04   6.2237364E-04
   1.5472361E+03   1.3700000E+03   1.2050000E+03   1.1913719E-03   1.3562925E-03
   1.5472436E+03   1.4080000E+03   1.2510000E+03   1.2664471E-03   1.3418529E-03
   1.5472511E+03   1.4610000E+03   1.2770000E+03   1.1041164E-03   1.2566310E-03
   1.5472586E+03   1.4630000E+03   1.3180000E+03   7.5910337E-04   8.3095806E-04
   1.5472662E+03   1.4480000E+03   1.2960000E+03   5.9229924E-04   6.9690220E-04
   1.5472737E+03   1.5120000E+03   1.3130000E+03   1.6656626E-03   1.8865629E-03
   1.5472812E+03   1.5340000E+03   1.3610000E+03   8.6829367E-04   1.0107955E-03
   1.5472888E+03   1.4690000E+03   1.3000000E+03   1.7513166E-03   2.0596856E-03
   1.5472963E+03   1.4630000E+03   1.3120000E+03   5.2516389E-04   5.8520033E-04
   1.5473038E+03   1.4880000E+03   1.3110000E+03   1.5112518E-03   1.7153001E-03
   1.5473113E+03   1.4720000E+03   1.2900000E+03   9.1229154E-04   9.4933792E-04
   1.5473189E+03   1.4960000E+03   1.3170000E+03   1.5562414E-03   1.6729648E-03
   1.5473264E+03   1.5150000E+03   1.3300000E+03   1.9839801E-04   2.2389050E-04
   1.5473339E+03   1.5070000E+03   1.3240000E+03   1.3748468E-03   1.5592291E-03
   1.5473415E+03   1.5340000E+03   1.3490000E+03   1.0103090E-03   1.0581137E-03
   1.5473490E+03   1.5060000E+03   1.3540000E+03   2.4245282E-03   2.8076008E-03
   1.5473565E+03   1.5160000E+03   1.3250000E+03   1.9204208E-04   1.1909264E-04
   1.5473640E+03   1.5120000E+03   1.3270000E+03   1.5478720E-03   1.7356247E-03
   1.5473716E+03   1.5540000E+03   1.3640000E+03   8.4585890E-04   9.6398536E-04
   1.5473791E+03   1.5740000E+03   1.3710000E+03   6.9919106E-04   6.7890592E-04
   1.5473866E+03   1.4820000E+03   1.3050000E+03   8.7744366E-04   8.8671367E-04
   1.5473942E+03   1.6010000E+03   1.4250000E+03   5.2281023E-04   5.8732276E-04
   1.5474017E+03   1.6160000E+03   1.4130000E+03   7.0559471E-04   7.9247122E-04
   1.5474092E+03   1.6010000E+03   1.4150000E+03   8.4725250E-04   1.0606030E-03
   1.5474167E+03   1.5870000E+03   1.3700000E+03   1.2288562E-03   1.5444193E-03
   1.5474243E+03   1.6040000E+03   1.3940000E+03   3.9065821E-04   4.4859011E-04
   1.5474318E+03   1.5640000E+03   1.3590000E+03   1.8564232E-03   2.1359534E-03
   1.5474393E+03   1.6040000E+03   1.3880000E+03   1.4720779E-03   1.7711315E-03
   1.5474468E+03   1.6070000E+03   1.3990000E+03   1.9249629E-03   2.3012179E-03
   1.5474544E+03   1.6550000E+03   1.4380000E+03   1.4207735E-03   1.5937459E-03
   1.5474619E+03   1.5790000E+03   1.3500000E+03   2.0265938E-03   2.4479237E-03
   1.5474694E+03   1.5520000E+03   1.3520000E+03   1.5297993E-03   1.7771790E-03
   1.5474770E+03   1.6630000E+03   1.4070000E+03   6.4712544E-04   8.7044613E-04
   1.5474845E+03   1.7140000E+03   1.4990000E+03   3.1518354E-04   3.5982864E-04
   1.5474920E+03   1.7090000E+03   1.4640000E+03   1.2413691E-03   1.5289249E-03
   1.5474995E+03   1.6860000E+03   1.4620000E+03   1.5472229E-03   1.7882474E-03
   1.5475071E+03   1.6760000E+03   1.4340000E+03   3.2494403E-04   4.0178740E-04
   1.5475146E+03   1.7060000E+03   1.4540000E+03   1.1729090E-03   1.3759716E-03
   1.5475221E+03   1.6790000E+03   1.4560000E+03   1.0748535E-03   1.2393091E-03
   1.5475297E+03   1.6550000E+03   1.4400000E+03   8.7967295E-04   1.1055121E-03
   1.5475372E+03   1.7510000E+03   1.4920000E+03   4.3531643E-04   6.5505194E-04
   1.5475447E+03   1.6350000E+03   1.3890000E+03   2.3976825E-03   2.8225347E-03
   1.5475522E+03   1.7780000E+03   1.4950000E+03   1.8303723E-03   2.3126071E-03
   1.5475598E+03   1.7340000E+03   1.4840000E+03   1.6094262E-03   1.8810026E-03
   1.5475673E+03   1.6760000E+03   1.4180000E+03   1.6966556E-03   2.0057041E-03
   1.5475748E+03   1.7020000E+03   1.4610000E+03   1.4945464E-03   1.3883613E-03
   1.5475824E+03   1.7950000E+03   1.5310000E+03   5.2771617E-04   6.7447815E-04
   1.5475899E+03   1.8080000E+03   1.5590000E+03   1.2761921E-03   1.5444700E-03
   1.5475974E+03   1.7340000E+03   1.4570000E+03   1.8967672E-03   2.4413711E-03
   1.5476049E+03   1.7990000E+03   1.5320000E+03   6.6239705E-04   7.7653382E-04
   1.5476125E+03   1.7850000E+03   1.4680000E+03   6.5328209E-04   7.9643153E-04
   1.5476200E+03   1.8160000E+03   1.5500000E+03   1.5894556E-03   1.8622674E-03
   1.5476275E+03   1.7940000E+03   1.5120000E+03   3.9358428E-04   4.6700069E-04
   1.5476351E+03   1.7550000E+03   1.4910000E+03   1.1461866E-03   1.3871954E-03
   1.5476426E+03   1.8600000E+03   1.5660000E+03   3.5056677E-04   5.2350469E-04
   1.5476501E+03   1.9240000E+03   1.6200000E+03   4.0945320E-04   5.4396258E-04
   1.5476576E+03   1.8140000E+03   1.5290000E+03   1.0284429E-03   1.1913630E-03
   1.5476652E+03   1.8200000E+03   1.5190000E+03   8.6347980E-04   1.2247724E-03
   1.5476727E+03   1.9020000E+03   1.5940000E+03   9.5949955E-04   1.1596891E-03
   1.5476802E+03   1.7940000E+03   1.5210000E+03   3.2536163E-04   3.8420526E-04
   1.5476878E+03   1.9110000E+03   1.6040000E+03   8.4828791E-04   1.2892761E-03
   1.5476953E+03   1.8930000E+03   1.5900000E+03   1.3466433E-03   1.2625574E-03
   1.5477028E+03   1.8970000E+03   1.5890000E+03   9.9592434E-04   1.2778309E-03
   1.5477103E+03   1.9550000E+03   1.6190000E+03   7.1738159E-04   9.9469685E-04
   1.5477179E+03   1.9870000E+03   1.6620000E+03   6.3665630E-04   8.3613414E-04
   1.5477254E+03   1.9250000E+03   1.5740000E+03   3.8275877E-04   4.6865168E-04
   1.5477329E+03   2.0270000E+03   1.7020000E+03   1.1097652E-03   1.5537404E-03
   1.5477405E+03   2.0180000E+03   1.6850000E+03   1.1480654E-03   1.3750429E-03
   1.5477480E+03   1.9750000E+03   1.6140000E+03   1.1956888E-03   1.4637204E-03
   1.5477555E+03   1.9680000E+03   1.6310000E+03   6.9262706E-04   8.5977850E-04
   1.5477630E+03   2.0160000E+03   1.6350000E+03   1.1077943E-03   1.4392876E-03
   1.5477706E+03   1.9340000E+03   1.6040000E+03   9.3218137E-04   1.1239212E-03
   1.5477781E+03   2.0310000E+03   1.6810000E+03   6.2372454E-04   7.5394189E-04
   1.5477856E+03   1.9820000E+03   1.6420000E+03   1.0394975E-03   1.2540391E-03
   1.5477932E+03   1.9910000E+03   1.6140000E+03   9.7365448E-04   1.2009319E-03
   1.5478007E+03   2.0400000E+03   1.6570000E+03   4.8169313E-04   5.9319519E-04
   1.5478082E+03   2.0010000E+03   1.6130000E+03   5.8258586E-04   7.2281063E-04
   1.5478157E+03   2.0310000E+03   1.6760000E+03   1.7993110E-04   2.1801858E-04
   1.5478233E+03   2.0540000E+03   1.6510000E+03   1.3178864E-03   1.5501903E-03
   1.5478308E+03   2.0510000E+03   1.6790000E+03   7.8596864E-04   9.5999392E-04
   1.5478383E+03   2.0880000E+03   1.7230000E+03   3.6725981E-04   4.4501635E-04
   1.5478459E+03   2.1090000E+03   1.7020000E+03   1.7620690E-03   2.2779334E-03
   1.5478534E+03   2.0550000E+03   1.6840000E+03   8.2914961E-04   7.6641381E-04
   1.5478609E+03   2.1810000E+03   1.7540000E+03   9.0539733E-04   1.1260401E-03
   1.5478684E+03   2.1530000E+03   1.7260000E+03   6.8792842E-05   2.4693858E-04
   1.5478760E+03   2.1630000E+03   1.7230000E+03   5.5716311E-04   7.7455060E-04
   1.5478835E+03   2.2620000E+03   1.8180000E+03   1.1402290E-03   1.7995376E-03
   1.5478910E+03   2.1830000E+03   1.7550000E+03   1.7270673E-03   2.3172679E-03
   1.5478985E+03   2.1480000E+03   1.7010000E+03   1.0079459E-03   1.3262668E-03
   1.5479061E+03   2.2190000E+03   1.7680000E+03   9.2282219E-04   9.7089316E-04
   1.5479136E+03   2.2800000E+03   1.8430000E+03   6.4607694E-04   7.9525792E-04
   1.5479211E+03   2.2230000E+03   1.7940000E+03   1.1527187E-03   1.4283252E-03
   1.5479287E+03   2.2030000E+03   1.7260000E+03   1.4178493E-03   1.8924660E-03
   1.5479362E+03   2.2880000E+03   1.8210000E+03   6.8236993E-04   6.7865418E-04
   1.5479437E+03   2.2790000E+03   1.7890000E+03   1.2358857E-03   1.5274776E-03
   1.5479512E+03   2.3080000E+03   1.7980000E+03   9.1774832E-04   9.7195998E-04
   1.5479588E+03   2.2590000E+03   1.7950000E+03   5.9120369E-04   8.0780318E-04
   1.5479663E+03   2.2720000E+03   1.7710000E+03   1.4109925E-03   1.8934099E-03
   1.5479738E+03   2.3080000E+03   1.7970000E+03   1.0467460E-03   1.1563059E-03
   1.5479814E+03   2.3190000E+03   1.7640000E+03   8.6310581E-04   1.1113991E-03
   1.5479889E+03   2.3840000E+03   1.8700000E+03   1.8175538E-04   2.3149127E-04
   1.5479964E+03   2.4020000E+03   1.8670000E+03   6.4114385E-04   7.4992787E-04
   1.5480039E+03   2.3860000E+03   1.8440000E+03   7.1873861E-04   7.5549331E-04
   1.5480115E+03   2.3670000E+03   1.7970000E+03   1.4423207E-03   1.8409339E-03
   1.5480190E+03   2.3710000E+03   1.8360000E+03   4.2235225E-04   9.1882313E-04
   1.5480265E+03   2.4310000E+03   1.8530000E+03   1.6092816E-03   2.1108055E-03
   1.5480341E+03   2.3950000E+03   1.8430000E+03   5.6753506E-04   7.3715982E-04
   1.5480416E+03   2.4270000E+03   1.8640000E+03   1.2085098E-03   1.5735073E-03
   1.5480491E+03   2.4390000E+03   1.8630000E+03   5.9900975E-04   7.8400355E-04
   1.5480566E+03   2.5450000E+03   1.9360000E+03   1.0395585E-03   1.3666361E-03
   1.5480642E+03   2.4220000E+03   1.8570000E+03   5.7486019E-04   7.4985616E-04
   1.5480717E+03   2.4350000E+03   1.8450000E+03   4.0390244E-04   5.3477539E-04
   1.5480792E+03   2.5410000E+03   1.9220000E+03   8.5675434E-04   1.1306508E-03
   1.5480868E+03   2.4620000E+03   1.8980000E+03   1.0279327E-03   1.1096440E-03
   1.5480943E+03   2.4970000E+03   1.8920000E+03   5.7938269E-04   7.6491512E-04
   1.5481018E+03   2.5640000E+03   1.9070000E+03   1.0627327E-03   1.1778058E-03
   1.5481093E+03   2.4240000E+03   1.8090000E+03   8.4121228E-04   1.2093793E-03
   1.5481169E+03   2.5110000E+03   1.8750000E+03   9.0871915E-04   1.2165670E-03
   1.5481244E+03   2.5030000E+03   1.8620000E+03   2.4271922E-04   3.2692970E-04
   1.5481319E+03   2.5760000E+03   1.9180000E+03   1.0351974E-03   1.3903911E-03
   1.5481395E+03   2.6480000E+03   2.0070000E+03   1.1882020E-03   1.5678254E-03
   1.5481470E+03   2.5310000E+03   1.8700000E+03   8.3213076E-04   9.0380863E-04
   1.5481545E+03   2.6000000E+03   1.9130000E+03   1.2059044E-03   1.6254765E-03
   1.5481620E+03   2.5710000E+03   1.8990000E+03   1.2581198E-03   1.7034416E-03
   1.5481696E+03   2.6750000E+03   1.9720000E+03   1.0369906E-03   1.2292936E-03
   1.5481771E+03   2.6440000E+03   1.8920000E+03   9.6716979E-04   1.5026962E-03
   1.5481846E+03   2.6660000E+03   2.0040000E+03   1.0023727E-03   1.3334092E-03
   1.5481922E+03   2.7960000E+03   2.0290000E+03   6.6083083E-04   9.1033180E-04
   1.5481997E+03   2.5970000E+03   1.9070000E+03   1.6494832E-03   2.1027470E-03
   1.5482072E+03   2.7520000E+03   2.0170000E+03   3.9974525E-04   5.4557976E-04
   1.5482147E+03   2.6900000E+03   1.9600000E+03   4.0051369E-04   8.0192045E-04
   1.5482223E+03   2.7250000E+03   1.9650000E+03   1.7400313E-03   2.1360433E-03
   1.5482298E+03   2.7770000E+03   2.0380000E+03   1.4453168E-03   2.0264522E-03
   1.5482373E+03   2.6690000E+03   1.9420000E+03   4.2634291E-04   4.0895536E-04
   1.5482449E+03   2.8390000E+03   2.0300000E+03   5.5528307E-04   6.2192847E-04
   1.5482524E+03   2.9240000E+03   2.1020000E+03   5.7207623E-04   8.2621888E-04
   1.5482599E+03   2.8860000E+03   2.1020000E+03   1.8425652E-03   2.5290280E-03
   1.5482674E+03   2.8370000E+03   1.9790000E+03   5.0271702E-04   7.2062904E-04
   1.5482750E+03   2.8400000E+03   2.0110000E+03   7.1254331E-04   9.1847914E-04
   1.5482825E+03   2.8370000E+03   1.9870000E+03   5.6844451E-04   8.1071039E-04
   1.5482900E+03   2.9860000E+03   2.0820000E+03   4.9451585E-04   4.9141571E-04
   1.5482976E+03   2.9520000E+03   2.0790000E+03   1.7083560E-04   1.0676627E-04
   1.5483051E+03   2.8710000E+03   2.0730000E+03   6.2494417E-04   8.8472057E-04
   1.5483126E+03   2.9750000E+03   2.0950000E+03   1.3861438E-03   1.9324141E-03
   1.5483201E+03   2.9850000E+03   2.0890000E+03   1.2656449E-03   1.6218908E-03
   1.5483277E+03   2.9900000E+03   2.0930000E+03   2.8259210E-04   5.0971127E-04
   1.5483352E+03   2.9690000E+03   2.0820000E+03   1.0287367E-03   1.5877518E-03
   1.5483427E+03   3.0400000E+03   2.1300000E+03   1.1982086E-03   1.7222002E-03
   1.5483502E+03   2.9830000E+03   2.0460000E+03   4.4435552E-04   5.1765269E-04
   1.5483578E+03   2.9860000E+03   2.1010000E+03   5.8607684E-04   6.7215669E-04
   1.5483653E+03   3.0670000E+03   2.1310000E+03   1.3320203E-03   1.9172331E-03
   1.5483728E+03   3.0550000E+03   2.1800000E+03   1.5225816E-03   2.2554375E-03
   1.5483804E+03   3.1050000E+03   2.1370000E+03   9.6878615E-04   1.2401486E-03
   1.5483879E+03   3.2040000E+03   2.1500000E+03   5.5793494E-04   9.0824742E-04
   1.5483954E+03   3.1220000E+03   2.1130000E+03   1.7092221E-03   2.5245137E-03
   1.5484029E+03   3.1280000E+03   2.1430000E+03   1.0688362E-03   1.5779066E-03
   1.5484105E+03   3.1840000E+03   2.1600000E+03   1.2043981E-03   2.0824511E-03
   1.5484180E+03   3.1260000E+03   2.1860000E+03   2.5064712E-03   3.5050370E-03
   1.5484255E+03   3.0850000E+03   2.1220000E+03   3.9865995E-04   6.9046447E-04
   1.5484331E+03   3.0760000E+03   2.1350000E+03   1.0456534E-03   1.5054541E-03
   1.5484406E+03   3.2130000E+03   2.2030000E+03   2.2730533E-03   2.9912913E-03
   1.5484481E+03   3.2710000E+03   2.2520000E+03   7.1951469E-04   1.0177274E-03
   1.5484556E+03   3.2020000E+03   2.1330000E+03   6.8531251E-04   7.9231412E-04
   1.5484632E+03   3.3290000E+03   2.2640000E+03   1.3217101E-03   1.7538668E-03
   1.5484707E+03   3.2620000E+03   2.2050000E+03   2.0232882E-03   2.7574660E-03
   1.5484782E+03   3.4050000E+03   2.2670000E+03   1.3112939E-03   1.7524137E-03
   1.5484858E+03   3.2780000E+03   2.1900000E+03   3.8814646E-04   5.8098511E-04
   1.5484933E+03   3.2710000E+03   2.1260000E+03   2.4241727E-04   2.8642811E-04
   1.5485008E+03   3.4070000E+03   2.2210000E+03   7.2520940E-04   1.3735192E-03
   1.5485083E+03   3.3750000E+03   2.2620000E+03   4.6784422E-04   6.8127121E-04
   1.5485159E+03   3.4800000E+03   2.3320000E+03   8.0438332E-04   1.0971541E-03
   1.5485234E+03   3.4780000E+03   2.2750000E+03   1.1898612E-03   1.8191494E-03
   1.5485309E+03   3.4950000E+03   2.2810000E+03   8.6364271E-04   1.5952878E-03
   1.5485385E+03   3.3950000E+03   2.2280000E+03   3.3826320E-04   6.1495603E-04
   1.5485460E+03   3.4680000E+03   2.2760000E+03   9.0915919E-04   1.5129770E-03
   1.5485535E+03   3.4510000E+03   2.2300000E+03   8.1554577E-04   1.1133556E-03
   1.5485610E+03   3.4410000E+03   2.2250000E+03   6.9089930E-04   1.1321857E-03
   1.5485686E+03   3.5200000E+03   2.2860000E+03   9.1916517E-04   8.9414805E-04
   1.5485761E+03   3.5430000E+03   2.2670000E+03   1.5006781E-03   1.9950138E-03
   1.5485836E+03   3.6580000E+03   2.3610000E+03   1.0812379E-03   1.6387094E-03
   1.5485912E+03   3.5680000E+03   2.2740000E+03   5.6965690E-04   8.3466162E-04
   1.5485987E+03   3.5530000E+03   2.2720000E+03   7.2746753E-04   9.6824148E-04
   1.5486062E+03   3.6060000E+03   2.3100000E+03   6.4637555E-04   1.0166566E-03
   1.5486137E+03   3.6970000E+03   2.3560000E+03   8.7105044E-04   1.2916701E-03
   1.5486213E+03   3.6360000E+03   2.2530000E+03   7.4498724E-04   1.0147868E-03
   1.5486288E+03   3.7120000E+03   2.3590000E+03   1.3961982E-03   2.1683556E-03
   1.5486363E+03   3.6850000E+03   2.3920000E+03   5.8523195E-04   7.2717514E-04
   1.5486439E+03   3.6820000E+03   2.2670000E+03   1.2439305E-03   1.5620313E-03
   1.5486514E+03   3.7630000E+03   2.3950000E+03   1.5426983E-03   2.3524141E-03
   1.5486589E+03   3.7270000E+03   2.3520000E+03   5.5325591E-04   5.9908609E-04
   1.5486664E+03   3.7800000E+03   2.3660000E+03   3.1345750E-04   3.7976416E-04
   1.5486740E+03   3.8170000E+03   2.4220000E+03   4.6239615E-04   1.2049750E-03
   1.5486815E+03   3.8400000E+03   2.3800000E+03   9.9244154E-04   1.4462500E-03
   1.5486890E+03   3.8400000E+03   2.4100000E+03   3.2485670E-04   4.9546499E-04
   1.5486966E+03   3.9060000E+03   2.3960000E+03   1.0503113E-03   1.5047451E-03
   1.5487041E+03   3.8900000E+03   2.4000000E+03   3.6956993E-04   8.3313187E-04
   1.5487116E+03   3.9080000E+03   2.3880000E+03   5.6643487E-04   9.0883648E-04
   1.5487191E+03   4.0360000E+03   2.4490000E+03   5.8055378E-04   8.0230516E-04
   1.5487267E+03   4.0420000E+03   2.4520000E+03   8.6795664E-04   1.4323551E-03
   1.5487342E+03   3.9790000E+03   2.4650000E+03   1.1532603E-03   1.8529363E-03
   1.5487417E+03   3.9380000E+03   2.3870000E+03   5.7525499E-05   4.5972405E-04
   1.5487493E+03   4.0440000E+03   2.4030000E+03   1.0656458E-03   1.6379559E-03
   1.5487568E+03   4.0060000E+03   2.4040000E+03   2.9175833E-04   3.8826216E-04
   1.5487643E+03   3.9580000E+03   2.3650000E+03   1.0039443E-03   1.5722874E-03
   1.5487718E+03   4.0280000E+03   2.4660000E+03   6.4465014E-04   1.2833808E-03
   1.5487794E+03   4.0350000E+03   2.4350000E+03   1.3445333E-04   1.4640674E-04
   1.5487869E+03   4.0250000E+03   2.4380000E+03   1.1203333E-03   1.5269415E-03
   1.5487944E+03   4.1900000E+03   2.5320000E+03   1.7521515E-04   3.6126785E-04
   1.5488019E+03   4.2290000E+03   2.5400000E+03   3.8779192E-04   7.2171136E-04
   1.5488095E+03   4.0940000E+03   2.4790000E+03   5.6435112E-04   6.9708706E-04
   1.5488170E+03   4.0740000E+03   2.4820000E+03   7.6996986E-04   1.3707115E-03
   1.5488245E+03   4.2590000E+03   2.5170000E+03   7.4486897E-04   1.1195635E-03
   1.5488321E+03   4.2440000E+03   2.4970000E+03   5.6945833E-04   9.4547950E-04
   1.5488396E+03   4.2630000E+03   2.4610000E+03   1.2329424E-03   1.9444168E-03
   1.5488471E+03   4.2870000E+03   2.4460000E+03   8.1730512E-04   1.5257096E-03
   1.5488546E+03   4.4330000E+03   2.5840000E+03   9.2115254E-04   1.5828290E-03
   1.5488622E+03   4.4080000E+03   2.5790000E+03   3.6417775E-04   6.7888245E-04
   1.5488697E+03   4.3540000E+03   2.5530000E+03   1.1294369E-03   1.8569006E-03
   1.5488772E+03   4.2880000E+03   2.5570000E+03   4.9829855E-04   1.0898944E-03
   1.5488848E+03   4.4210000E+03   2.6080000E+03   9.1927058E-04   1.8319515E-03
   1.5488923E+03   4.4510000E+03   2.5990000E+03   1.3689876E-03   2.2966261E-03
   1.5488998E+03   4.4150000E+03   2.5770000E+03   1.5646282E-03   2.5666291E-03
   1.5489073E+03   4.4740000E+03   2.5880000E+03   9.3552925E-04   1.6010521E-03
   1.5489149E+03   4.5370000E+03   2.5990000E+03   4.6256422E-04   2.7368861E-04
   1.5489224E+03   4.3310000E+03   2.4800000E+03   7.1026530E-04   1.0177705E-03
   1.5489299E+03   4.5490000E+03   2.6040000E+03   1.1346345E-03   1.7189228E-03
   1.5489375E+03   4.4680000E+03   2.6160000E+03   1.4465047E-03   2.5167810E-03
   1.5489450E+03   4.4930000E+03   2.6010000E+03   3.1461041E-04   7.1699234E-04
   1.5489525E+03   4.5870000E+03   2.5700000E+03   6.3672713E-04   9.5525830E-04
   1.5489600E+03   4.6150000E+03   2.6900000E+03   2.4788448E-04   3.7115998E-04
   1.5489676E+03   4.5290000E+03   2.5460000E+03   3.8112657E-04   6.8945055E-04
   1.5489751E+03   4.5810000E+03   2.5810000E+03   7.8566530E-04   1.3093063E-03
   1.5489826E+03   4.7040000E+03   2.5690000E+03   5.4103560E-04   6.5868540E-04
   1.5489902E+03   4.5970000E+03   2.5750000E+03   2.2144617E-04   6.1711271E-04
   1.5489977E+03   4.6780000E+03   2.6460000E+03   7.5718105E-04   1.4903101E-03
   1.5490052E+03   4.6270000E+03   2.6040000E+03   5.3044239E-04   8.9745948E-04
   1.5490127E+03   4.6790000E+03   2.6480000E+03   8.4351613E-04   1.6919590E-03
   1.5490203E+03   4.7140000E+03   2.5940000E+03   5.0227284E-04   6.7571589E-04
   1.5490278E+03   4.7890000E+03   2.6960000E+03   3.1676388E-04   6.8958489E-04
   1.5490353E+03   4.7550000E+03   2.6390000E+03   9.3038719E-04   1.3672486E-03
   1.5490429E+03   4.8670000E+03   2.7370000E+03   9.3187498E-04   1.4710363E-03
   1.5490504E+03   4.8570000E+03   2.6800000E+03   1.0292267E-03   2.0992727E-03
   1.5490579E+03   4.7170000E+03   2.6370000E+03   1.0697632E-03   2.3197200E-03
   1.5490654E+03   4.8000000E+03   2.6370000E+03   9.1285244E-04   1.3368792E-03
   1.5490730E+03   4.8640000E+03   2.6310000E+03   5.5868352E-04   9.3270900E-04
   1.5490805E+03   4.8220000E+03   2.7150000E+03   5.1045968E-04   1.0594555E-03
   1.5490880E+03   4.9630000E+03   2.7230000E+03   4.6583929E-04   4.6744383E-04
   1.5490956E+03   4.8780000E+03   2.6180000E+03   4.1956967E-04   8.4653556E-04
   1.5491031E+03   4.9300000E+03   2.7190000E+03   1.1752841E-03   2.3527114E-03
   1.5491106E+03   4.9820000E+03   2.6620000E+03   7.6944883E-04   1.3270007E-03
   1.5491181E+03   5.1070000E+03   2.7990000E+03   6.7007531E-04   1.3624988E-03
   1.5491257E+03   5.0610000E+03   2.7800000E+03   1.0036235E-03   1.9864133E-03
   1.5491332E+03   4.9600000E+03   2.6800000E+03   5.8174812E-04   7.9497051E-04
   1.5491407E+03   5.0400000E+03   2.6830000E+03   5.6428453E-04   7.1376703E-04
   1.5491483E+03   5.0870000E+03   2.7170000E+03   1.0917811E-03   2.0553495E-03
   1.5491558E+03   5.1700000E+03   2.7480000E+03   1.9922852E-04   3.0851090E-04
   1.5491633E+03   5.0300000E+03   2.7320000E+03   1.4534707E-04   2.3638881E-04
   1.5491708E+03   5.1440000E+03   2.7910000E+03   2.6177938E-04   7.3604038E-04
   1.5491784E+03   5.2200000E+03   2.7950000E+03   4.6351939E-04   8.5012459E-04
   1.5491859E+03   5.1400000E+03   2.7610000E+03   4.2774008E-04   9.8324791E-04
   1.5491934E+03   5.2130000E+03   2.7830000E+03   8.2582474E-04   1.4873434E-03
   1.5492010E+03   5.1750000E+03   2.7900000E+03   1.6729534E-03   2.8355232E-03
   1.5492085E+03   5.1960000E+03   2.8120000E+03   4.7394390E-04   1.3007577E-03
   1.5492160E+03   5.2890000E+03   2.8870000E+03   5.4033190E-04   9.3197375E-04
   1.5492235E+03   5.2480000E+03   2.7280000E+03   6.8373973E-04   1.3563293E-03
   1.5492311E+03   5.3660000E+03   2.9200000E+03   1.2628469E-03   1.8215062E-03
   1.5492386E+03   5.3320000E+03   2.8880000E+03   1.0440830E-03   1.7546477E-03
   1.5492461E+03   5.1340000E+03   2.7090000E+03   7.8068477E-04   9.2701762E-04
   1.5492536E+03   5.3250000E+03   2.8770000E+03   3.1230413E-04   2.6444840E-04
   1.5492612E+03   5.2990000E+03   2.7790000E+03   9.1976865E-04   2.0321004E-03
   1.5492687E+03   5.2560000E+03   2.7460000E+03   4.0229718E-04   9.7825785E-04
   1.5492762E+03   5.3760000E+03   2.8390000E+03   8.4625491E-04   1.5077182E-03
   1.5492838E+03   5.3540000E+03   2.8450000E+03   5.2140266E-04   5.0157464E-04
   1.5492913E+03   5.3950000E+03   2.8370000E+03   9.1492091E-04   1.6763039E-03
   1.5492988E+03   5.4270000E+03   2.8460000E+03   1.1389832E-03   1.6081281E-03
   1.5493063E+03   5.4340000E+03   2.8340000E+03   5.7410592E-04   9.6379525E-04
   1.5493139E+03   5.5210000E+03   2.9240000E+03   3.1650005E-04   6.9353732E-04
   1.5493214E+03   5.4520000E+03   2.8950000E+03   1.0008214E-03   1.7486122E-03
   1.5493289E+03   5.5410000E+03   2.8940000E+03   3.8382443E-04   5.7619736E-04
   1.5493365E+03   5.5690000E+03   2.8900000E+03   1.1609939E-03   2.2042261E-03
   1.5493440E+03   5.5560000E+03   2.8950000E+03   3.6603537E-04   4.5701927E-04
   1.5493515E+03   5.4840000E+03   2.8090000E+03   3.4407908E-04   5.9361837E-04
   1.5493590E+03   5.5950000E+03   2.9740000E+03   1.2345724E-03   2.4514917E-03
   1.5493666E+03   5.4760000E+03   2.8700000E+03   4.4966605E-04   8.4612737E-04
   1.5493741E+03   5.4810000E+03   2.8940000E+03   2.1165418E-04   4.3880056E-04
   1.5493816E+03   5.6160000E+03   2.9340000E+03   1.5443286E-03   2.5467939E-03
   1.5493892E+03   5.4230000E+03   2.7960000E+03   8.3967075E-04   1.5209795E-03
   1.5493967E+03   5.4140000E+03   2.7680000E+03   1.8203793E-03   3.1684967E-03
   1.5494042E+03   5.6020000E+03   2.9420000E+03   4.7634381E-04   1.0569725E-03
   1.5494117E+03   5.6450000E+03   2.9670000E+03   7.2526586E-04   1.5257235E-03
   1.5494193E+03   5.5760000E+03   2.9200000E+03   7.5921973E-04   1.4495051E-03
   1.5494268E+03   5.7490000E+03   2.9990000E+03   8.6538678E-04   1.5471633E-03
   1.5494343E+03   5.3970000E+03   2.8040000E+03   1.3367835E-03   2.5616740E-03
   1.5494419E+03   5.7220000E+03   2.9640000E+03   1.1337985E-03   1.9082510E-03
   1.5494494E+03   5.6460000E+03   2.9040000E+03   8.0644764E-04   1.5910471E-03
   1.5494569E+03   5.7290000E+03   2.9880000E+03   7.4639585E-04   1.5928013E-03
   1.5494644E+03   5.7610000E+03   2.9600000E+03   1.1082040E-03   1.5634011E-03
   1.5494720E+03   5.8430000E+03   3.0430000E+03   8.2917979E-04   1.5949971E-03
   1.5494795E+03   5.6680000E+03   2.8810000E+03   5.1136744E-04   1.0619637E-03
   1.5494870E+03   5.8110000E+03   2.9930000E+03   6.2491551E-04   9.8896171E-04
   1.5494946E+03   5.8600000E+03   3.0500000E+03   4.6065275E-04   1.2790331E-03
   1.5495021E+03   5.8660000E+03   3.0040000E+03   7.2166114E-04   7.3760118E-04
   1.5495096E+03   5.6490000E+03   2.8980000E+03   1.2139929E-03   2.5338874E-03
   1.5495171E+03   5.8290000E+03   2.9510000E+03   9.6454970E-04   1.2777613E-03
   1.5495247E+03   5.8760000E+03   3.0110000E+03   1.2099525E-03   1.9631673E-03
   1.5495322E+03   5.8290000E+03   2.9910000E+03   1.1003409E-03   2.0333080E-03
   1.5495397E+03   5.8440000E+03   3.0320000E+03   1.2114187E-03   2.2444358E-03
   1.5495473E+03   5.7190000E+03   2.8720000E+03   1.2758402E-03   2.6077829E-03
   1.5495548E+03   6.0260000E+03   3.1430000E+03   7.8457473E-04   1.1312137E-03
   1.5495623E+03   5.9720000E+03   3.0510000E+03   6.1812264E-04   1.2266310E-03
   1.5495698E+03   5.9340000E+03   3.0910000E+03   1.2536179E-03   1.9262721E-03
   1.5495774E+03   6.0260000E+03   3.0750000E+03   1.0547597E-03   1.7171960E-03
   1.5495849E+03   5.8420000E+03   2.9790000E+03   1.0264942E-03   2.1161658E-03
   1.5495924E+03   5.9820000E+03   3.0520000E+03   4.2645227E-04   8.7455606E-04
   1.5496000E+03   5.8980000E+03   3.0810000E+03   2.0840199E-04   1.0217415E-03
   1.5496075E+03   6.0240000E+03   3.0730000E+03   4.8876529E-04   1.3133018E-03
   1.5496150E+03   6.0200000E+03   3.0670000E+03   9.4029838E-04   1.2445799E-03
   1.5496225E+03   6.0190000E+03   3.0420000E+03   3.4467908E-04   5.1252145E-04
   1.5496301E+03   5.9950000E+03   3.1030000E+03   3.1104869E-04   1.2181711E-03
   1.5496376E+03   6.1470000E+03   3.1690000E+03   7.9241418E-04   1.1415726E-03
   1.5496451E+03   5.9930000E+03   3.0750000E+03   8.9317615E-04   1.3513278E-03
   1.5496527E+03   5.9180000E+03   3.0200000E+03   1.6750206E-03   3.8074110E-03
   1.5496602E+03   6.1100000E+03   3.1410000E+03   4.4465317E-04   3.3402517E-04
   1.5496677E+03   5.9590000E+03   3.0390000E+03   5.2155033E-04   1.0157749E-03
   1.5496752E+03   6.1730000E+03   3.1880000E+03   9.9650055E-04   1.1458108E-03
   1.5496828E+03   6.0910000E+03   3.1440000E+03   9.0072746E-04   1.3972084E-03
   1.5496903E+03   6.1170000E+03   3.1510000E+03   9.5810102E-04   2.0856307E-03
   1.5496978E+03   5.9710000E+03   3.0480000E+03   1.0698554E-03   1.8979896E-03
   1.5497053E+03   6.1000000E+03   3.0880000E+03   9.2726895E-04   1.3818981E-03
   1.5497129E+03   6.0370000E+03   3.1020000E+03   1.0007202E-03   1.6419050E-03
   1.5497204E+03   6.0860000E+03   3.1040000E+03   1.9183514E-03   2.9867620E-03
   1.5497279E+03   6.1130000E+03   3.0320000E+03   4.2184788E-04   3.5350680E-04
   1.5497355E+03   6.0600000E+03   3.0600000E+03   1.0378867E-03   1.8338813E-03
   1.5497430E+03   6.1640000E+03   3.2090000E+03   7.5054334E-04   1.2309322E-03
   1.5497505E+03   5.9970000E+03   3.0770000E+03   2.4924132E-04   1.3955271E-04
   1.5497580E+03   5.9920000E+03   3.0770000E+03   1.2865580E-03   2.2280575E-03
   1.5497656E+03   6.1590000E+03   3.2050000E+03   6.8691124E-04   7.6496984E-04
   1.5497731E+03   5.9620000E+03   2.9800000E+03   1.7884623E-03   2.9712538E-03
   1.5497806E+03   6.1160000E+03   3.1660000E+03   1.3423848E-03   2.2126506E-03
   1.5497882E+03   6.3520000E+03   3.1960000E+03   4.6747857E-04   8.4108565E-04
   1.5497957E+03   6.1010000E+03   3.1030000E+03   8.1202801E-04   2.1501270E-03
   1.5498032E+03   6.1370000E+03   3.1100000E+03   1.0165658E-03   1.4202756E-03
   1.5498107E+03   6.1080000E+03   3.1470000E+03   1.3322811E-04   4.8896093E-04
   1.5498183E+03   6.2900000E+03   3.2010000E+03   1.4996027E-03   3.1444418E-03
   1.5498258E+03   6.0750000E+03   3.0870000E+03   1.2105018E-03   1.9549404E-03
   1.5498333E+03   6.1500000E+03   3.0980000E+03   7.5060182E-04   1.8131365E-03
   1.5498409E+03   6.0650000E+03   3.1100000E+03   1.3636639E-03   2.2338334E-03
   1.5498484E+03   6.1360000E+03   3.2110000E+03   1.0268555E-03   1.5947611E-03
   1.5498559E+03   6.1200000E+03   3.1770000E+03   1.0498419E-03   1.6995339E-03
   1.5498634E+03   6.0490000E+03   3.0970000E+03   7.0185055E-04   1.3888121E-03
   1.5498710E+03   6.2510000E+03   3.1810000E+03   5.7487678E-04   2.0788747E-04
   1.5498785E+03   6.1610000E+03   3.1110000E+03   1.3860496E-03   2.9077050E-03
   1.5498860E+03   6.0860000E+03   3.0960000E+03   1.0773437E-03   1.7962619E-03
   1.5498936E+03   6.3420000E+03   3.2690000E+03   3.8291647E-04   7.6608833E-04
   1.5499011E+03   6.1400000E+03   3.1990000E+03   7.1367308E-04   4.0425253E-04
   1.5499086E+03   6.2740000E+03   3.1790000E+03   1.4940863E-03   1.6881805E-03
   1.5499161E+03   6.0710000E+03   3.1310000E+03   6.8559059E-04   5.5758456E-04
   1.5499237E+03   6.1340000E+03   3.0610000E+03   5.7366289E-04   1.4689652E-03
   1.5499312E+03   6.2690000E+03   3.2190000E+03   5.0707288E-04   4.7396292E-04
   1.5499387E+03   6.1640000E+03   3.1910000E+03   1.2739082E-03   2.5004902E-03
   1.5499463E+03   6.3260000E+03   3.2480000E+03   8.3172956E-04   7.7402107E-04
   1.5499538E+03   6.0820000E+03   3.1690000E+03   7.9714904E-04   7.1710770E-04
   1.5499613E+03   6.2270000E+03   3.2060000E+03   6.2618145E-04   5.6487660E-04
   1.5499688E+03   6.2520000E+03   3.1740000E+03   3.5772993E-04   1.1607472E-03
   1.5499764E+03   6.2150000E+03   3.1720000E+03   4.5358305E-04   3.7530344E-04
   1.5499839E+03   6.2060000E+03   3.2110000E+03   5.1759650E-04   1.7056915E-03
   1.5499914E+03   6.2290000E+03   3.1290000E+03   1.1455713E-03   2.5423311E-03
   1.5499990E+03   6.2310000E+03   3.1620000E+03   5.0937829E-04   9.6049453E-04
   1.5500065E+03   6.2870000E+03   3.2160000E+03   9.9880232E-05   7.5131922E-04
   1.5500140E+03   6.3290000E+03   3.2220000E+03   6.5484524E-04   1.0437048E-03
   1.5500215E+03   6.0910000E+03   3.1630000E+03   2.4988971E-04   7.7527697E-04
   1.5500291E+03   6.1970000E+03   3.1590000E+03   1.0114595E-03   2.6695421E-03
   1.5500366E+03   6.2420000E+03   3.2100000E+03   1.1361268E-03   1.1159827E-03
   1.5500441E+03   6.2360000E+03   3.2030000E+03   1.2095817E-03   1.4405351E-03
   1.5500517E+03   6.2550000E+03   3.2350000E+03   8.1813516E-04   1.4223079E-03
   1.5500592E+03   6.2720000E+03   3.2760000E+03   2.3102986E-04   2.0392879E-04
   1.5500667E+03   6.2000000E+03   3.1050000E+03   7.6653324E-04   2.7305874E-04
   1.5500742E+03   6.2260000E+03   3.1770000E+03   5.4184661E-04   7.0343031E-04
   1.5500818E+03   6.2150000E+03   3.2510000E+03   1.0213445E-03   1.4962127E-03
   1.5500893E+03   6.3430000E+03   3.2010000E+03   1.0637212E-03   2.3483662E-03
   1.5500968E+03   6.2770000E+03   3.2410000E+03   7.1208275E-04   7.9485063E-04
   1.5501044E+03   6.1760000E+03   3.1810000E+03   1.2361386E-03   1.5901174E-03
   1.5501119E+03   6.1680000E+03   3.1940000E+03   5.8952954E-04   1.4003352E-03
   1.5501194E+03   6.1080000E+03   3.0260000E+03   1.3610939E-03   3.4888490E-03
   1.5501269E+03   6.1850000E+03   3.2350000E+03   5.5150667E-04   9.9246350E-04
   1.5501345E+03   6.3770000E+03   3.3350000E+03   4.3332085E-04   5.4021037E-04
   1.5501420E+03   6.2450000E+03   3.1830000E+03   6.6152518E-04   1.4179437E-03
   1.5501495E+03   6.2680000E+03   3.2140000E+03   9.2037052E-04   4.0303524E-04
   1.5501571E+03   6.1780000E+03   3.1440000E+03   7.5570218E-04   1.0664469E-03
   1.5501646E+03   6.2980000E+03   3.2840000E+03   1.7282124E-03   2.9560076E-03
   1.5501721E+03   6.2250000E+03   3.2310000E+03   7.8917507E-04   2.1592580E-03
   1.5501796E+03   6.2230000E+03   3.1940000E+03   1.1795784E-04   6.7532835E-04
   1.5501872E+03   6.2900000E+03   3.2350000E+03   8.8534709E-04   1.4680322E-03
   1.5501947E+03   6.2220000E+03   3.1900000E+03   1.5382701E-03   2.6941139E-03
   1.5502022E+03   6.3490000E+03   3.2100000E+03   1.1067772E-03   2.1882009E-03
   1.5502097E+03   6.3000000E+03   3.2130000E+03   5.5335373E-04   1.4980811E-03
   1.5502173E+03   6.2000000E+03   3.1600000E+03   1.1805900E-03   2.5598438E-03
   1.5502248E+03   6.1650000E+03   3.1500000E+03   4.6441814E-04   1.4002441E-03
   1.5502323E+03   6.0740000E+03   3.0840000E+03   1.0258934E-03   1.1709300E-03
   1.5502399E+03   6.0650000E+03   3.1130000E+03   1.3955849E-03   1.9954806E-03
   1.5502474E+03   6.2390000E+03   3.1380000E+03   1.6524635E-03   2.5944546E-03
   1.5502549E+03   6.2700000E+03   3.2060000E+03   6.5207765E-04   1.6859081E-03
   1.5502624E+03   6.1630000E+03   3.1940000E+03   7.3746636E-04   1.7910754E-03
   1.5502700E+03   6.1950000E+03   3.2030000E+03   6.2587108E-04   6.1141603E-04
   1.5502775E+03   6.2040000E+03   3.2020000E+03   2.7492834E-04   1.1409455E-03
   1.5502850E+03   6.2060000E+03   3.1770000E+03   1.4678444E-03   2.4829648E-03
   1.5502926E+03   6.2230000E+03   3.1580000E+03   1.7586583E-03   2.8041184E-03
   1.5503001E+03   6.2500000E+03   3.1730000E+03   1.8553026E-03   2.9836768E-03
   1.5503076E+03   6.3600000E+03   3.2330000E+03   8.3748773E-04   1.0041720E-03
   1.5503151E+03   6.4300000E+03   3.2800000E+03   1.1477199E-03   1.7886754E-03
   1.5503227E+03   6.2560000E+03   3.1930000E+03   7.8548762E-04   9.5349034E-04
   1.5503302E+03   6.1990000E+03   3.2100000E+03   1.4814605E-03   2.9753608E-03
   1.5503377E+03   6.2950000E+03   3.2290000E+03   1.1104469E-03   2.2221709E-03
   1.5503453E+03   6.1830000E+03   3.2180000E+03   7.1133686E-04   2.1262252E-03
   1.5503528E+03   6.2470000E+03   3.1890000E+03   2.7350277E-04   7.2480196E-04
   1.5503603E+03   6.3580000E+03   3.3110000E+03   1.2835584E-03   1.1352136E-03
   1.5503678E+03   6.4080000E+03   3.2850000E+03   4.3228303E-04   3.9816886E-04
   1.5503754E+03   6.1440000E+03   3.1070000E+03   7.9959391E-04   1.5940547E-03
   1.5503829E+03   6.1910000E+03   3.1670000E+03   3.6834743E-04   2.8507454E-04
   1.5503904E+03   6.2000000E+03   3.1570000E+03   1.0050252E-03   8.5108933E-04
   1.5503980E+03   6.2740000E+03   3.1770000E+03   5.8302766E-04   1.1471286E-03
   1.5504055E+03   6.1580000E+03   3.1230000E+03   1.1288249E-03   2.0882577E-03
   1.5504130E+03   6.2620000E+03   3.2370000E+03   8.9674373E-04   8.4423477E-04
   1.5504205E+03   6.3510000E+03   3.3020000E+03   5.1359317E-04   1.2830236E-03
   1.5504281E+03   6.2350000E+03   3.1670000E+03   9.5739396E-04   1.2971349E-03
   1.5504356E+03   6.1100000E+03   3.0850000E+03   5.5374997E-04   1.1306706E-03
   1.5504431E+03   6.2730000E+03   3.2420000E+03   5.9351276E-04   1.9392339E-03
   1.5504507E+03   6.2160000E+03   3.1620000E+03   1.1772180E-03   2.3042681E-03
   1.5504582E+03   6.1540000E+03   3.1690000E+03   5.6592277E-04   6.3958283E-04
   1.5504657E+03   6.2060000E+03   3.2030000E+03   4.2381108E-04   3.4817178E-04
   1.5504732E+03   6.2880000E+03   3.1890000E+03   8.3818637E-04   5.3252325E-04
   1.5504808E+03   6.2800000E+03   3.2440000E+03   1.1448384E-03   1.6594484E-03
   1.5504883E+03   6.2450000E+03   3.2410000E+03   1.1353655E-04   8.2435183E-04
   1.5504958E+03   6.2510000E+03   3.2490000E+03   6.0506268E-04   1.5195715E-03
   1.5505034E+03   6.3780000E+03   3.3200000E+03   8.5631526E-04   1.9146578E-03
   1.5505109E+03   6.1320000E+03   3.1600000E+03   2.0313357E-03   3.9983333E-03
   1.5505184E+03   6.1830000E+03   3.1700000E+03   8.9778789E-04   1.3494742E-03
   1.5505259E+03   6.3880000E+03   3.2620000E+03   6.2345813E-04   5.8991181E-04
   1.5505335E+03   6.2160000E+03   3.2470000E+03   1.9226800E-03   1.8854147E-03
   1.5505410E+03   6.2690000E+03   3.1660000E+03   3.1965678E-04   4.3691112E-04
   1.5505485E+03   6.2550000E+03   3.2980000E+03   7.8019923E-04   1.7396392E-03
   1.5505561E+03   6.3290000E+03   3.2640000E+03   1.5364885E-03   2.0832374E-03
   1.5505636E+03   6.2670000E+03   3.2530000E+03   1.9839545E-03   2.4286647E-03
   1.5505711E+03   6.2310000E+03   3.2100000E+03   8.7617071E-04   9.0246293E-04
   1.5505786E+03   6.2600000E+03   3.2130000E+03   2.3587175E-03   2.9532200E-03
   1.5505862E+03   6.2250000E+03   3.2710000E+03   5.7244530E-04   1.4692020E-03
   1.5505937E+03   6.3650000E+03   3.2610000E+03   7.4517127E-04   1.7490455E-03
   1.5506012E+03   6.2650000E+03   3.2300000E+03   1.2560697E-03   2.3741652E-03
   1.5506087E+03   6.2420000E+03   3.1820000E+03   1.0754340E-03   1.0066916E-03
   1.5506163E+03   6.1380000E+03   3.1270000E+03   5.7986185E-04   2.4078577E-03
   1.5506238E+03   6.1070000E+03   3.0820000E+03   3.7082677E-04   1.0770044E-03
   1.5506313E+03   6.3450000E+03   3.2120000E+03   6.9539782E-04   1.8594205E-03
   1.5506389E+03   6.2730000E+03   3.2140000E+03   1.1472992E-03   1.7711080E-03
   1.5506464E+03   6.1800000E+03   3.2030000E+03   6.8725458E-04   1.0858222E-03
   1.5506539E+03   6.0650000E+03   3.1010000E+03   1.2044828E-03   1.7491407E-03
   1.5506614E+03   6.1580000E+03   3.0760000E+03   7.2746596E-04   2.3557184E-03
   1.5506690E+03   6.1630000E+03   3.1650000E+03   8.3253654E-04   1.7972704E-03
   1.5506765E+03   6.2080000E+03   3.2970000E+03   5.7371128E-04   9.2954872E-04
   1.5506840E+03   6.2170000E+03   3.2010000E+03   1.1328756E-03   1.7265960E-03
   1.5506916E+03   6.1700000E+03   3.1460000E+03   1.2048722E-03   1.8983109E-03
   1.5506991E+03   6.1930000E+03   3.1880000E+03   1.0560973E-03   1.5527341E-03
   1.5507066E+03   6.1060000E+03   3.2200000E+03   1.5917672E-04   8.4722533E-04
   1.5507141E+03   6.3630000E+03   3.2550000E+03   9.7160075E-04   2.1718009E-03
   1.5507217E+03   6.0140000E+03   3.0770000E+03   3.7653674E-04   1.0563689E-03
   1.5507292E+03   6.1710000E+03   3.2280000E+03   1.1161137E-04   1.5726526E-03
   1.5507367E+03   6.0310000E+03   3.0400000E+03   8.1115661E-04   6.5956472E-04
   1.5507443E+03   6.3730000E+03   3.2890000E+03   8.2382767E-04   1.3117253E-03
   1.5507518E+03   6.3780000E+03   3.2120000E+03   7.2490256E-04   1.2485232E-03
   1.5507593E+03   6.1330000E+03   3.1910000E+03   9.5634668E-04   1.7202333E-03
   1.5507668E+03   6.2870000E+03   3.2050000E+03   1.0020991E-03   1.7831004E-03
   1.5507744E+03   6.2860000E+03   3.2710000E+03   7.9072890E-04   1.1743916E-03
   1.5507819E+03   6.1060000E+03   3.1200000E+03   1.1015665E-03   2.1815636E-03
   1.5507894E+03   6.1280000E+03   3.2080000E+03   3.9101809E-04   1.2571074E-03
   1.5507970E+03   6.0800000E+03   3.1850000E+03   6.4368328E-04   2.5348592E-04
   1.5508045E+03   6.1840000E+03   3.1650000E+03   8.4773076E-04   1.6196000E-03
   1.5508120E+03   6.2720000E+03   3.2050000E+03   9.0977220E-04   1.0223807E-03
   1.5508195E+03   6.2470000E+03   3.2510000E+03   3.1458332E-04   1.1648927E-03
   1.5508271E+03   6.1480000E+03   3.1830000E+03   9.3710315E-04   1.5641867E-03
   1.5508346E+03   6.0990000E+03   3.1670000E+03   4.5517405E-04   1.4433546E-03
   1.5508421E+03   6.2160000E+03   3.1890000E+03   1.1140172E-03   2.8390140E-03
   1.5508497E+03   6.2490000E+03   3.1720000E+03   1.1461548E-03   1.5121935E-03
   1.5508572E+03   6.0310000E+03   3.0880000E+03   3.2311277E-04   1.6840504E-03
   1.5508647E+03   6.1190000E+03   3.2310000E+03   5.4982651E-04   4.6348993E-04
   1.5508722E+03   6.0880000E+03   3.1000000E+03   1.3005078E-03   1.0874503E-03
   1.5508798E+03   6.1340000E+03   3.1430000E+03   5.6221689E-04   9.4488473E-04
   1.5508873E+03   6.0480000E+03   3.1050000E+03   2.7594726E-04   1.0920024E-03
   1.5508948E+03   6.1410000E+03   3.1800000E+03   3.9762266E-04   4.6675213E-04
   1.5509024E+03   6.2080000E+03   3.2910000E+03   2.3615536E-04   3.1058381E-04
   1.5509099E+03   6.2520000E+03   3.2530000E+03   9.2969910E-04   1.5256896E-03
   1.5509174E+03   6.2220000E+03   3.1580000E+03   1.1455577E-03   1.4060016E-03
   1.5509249E+03   6.0820000E+03   3.1310000E+03   2.6578365E-04   9.3521991E-04
   1.5509325E+03   6.2570000E+03   3.2390000E+03   6.0997870E-04   1.0702533E-03
   1.5509400E+03   6.0620000E+03   3.1330000E+03   9.7211043E-04   1.1100885E-03
   1.5509475E+03   6.1760000E+03   3.1490000E+03   1.5035030E-03   2.0168945E-03
   1.5509551E+03   6.1520000E+03   3.2040000E+03   1.2348542E-03   2.2752194E-03
   1.5509626E+03   6.1490000E+03   3.1240000E+03   1.2111342E-03   2.3151406E-03
   1.5509701E+03   6.1160000E+03   3.1000000E+03   1.0975536E-03   1.5996716E-03
   1.5509776E+03   6.2630000E+03   3.2470000E+03   4.3537426E-04   1.6102374E-03
   1.5509852E+03   6.1720000E+03   3.2070000E+03   8.5887831E-04   1.8842212E-03
   1.5509927E+03   6.0180000E+03   3.1550000E+03   7.0920302E-04   1.2235076E-03
   1.5510002E+03   6.2020000E+03   3.2300000E+03   1.0242683E-04   2.6057917E-04
   1.5510078E+03   6.1290000E+03   3.1830000E+03   6.5669051E-04   5.3875944E-04
   1.5510153E+03   6.1070000E+03   3.1660000E+03   1.0336642E-03   2.5515541E-03
   1.5510228E+03   6.1670000E+03   3.2200000E+03   6.2033294E-04   1.8986725E-03
   1.5510303E+03   6.0440000E+03   3.1290000E+03   7.7315525E-04   1.2757636E-03
   1.5510379E+03   6.3130000E+03   3.2060000E+03   8.7965289E-04   1.3626381E-03
   1.5510454E+03   6.1560000E+03   3.1390000E+03   7.2405508E-04   7.1068028E-04
   1.5510529E+03   6.2120000E+03   3.2050000E+03   8.4311527E-04   1.1292871E-03
   1.5510604E+03   6.0820000E+03   3.1470000E+03   8.5470587E-04   1.2209503E-03
   1.5510680E+03   6.0600000E+03   3.0930000E+03   8.9834133E-04   1.4042978E-03
   1.5510755E+03   6.0110000E+03   3.0890000E+03   9.9477662E-04   1.3824394E-03
   1.5510830E+03   6.0180000E+03   3.0960000E+03   1.1737222E-03   1.6592407E-03
   1.5510906E+03   6.2140000E+03   3.2280000E+03   5.3253737E-04   9.9609766E-04
   1.5510981E+03   6.1180000E+03   3.2070000E+03   6.0871777E-04   6.8142851E-04
   1.5511056E+03   6.0640000E+03   3.0630000E+03   5.7192635E-04   1.3813866E-03
   1.5511131E+03   6.0200000E+03   3.1170000E+03   1.7562344E-03   2.5186879E-03
   1.5511207E+03   6.0810000E+03   3.1690000E+03   3.4990467E-04   1.1955661E-03
   1.5511282E+03   6.1400000E+03   3.1990000E+03   3.1830475E-04   4.6561791E-04
   1.5511357E+03   6.1340000E+03   3.1530000E+03   1.0501203E-03   2.0615856E-03
   1.5511433E+03   6.0630000E+03   3.0860000E+03   3.3388588E-04   1.1285117E-03
   1.5511508E+03   6.0060000E+03   3.1380000E+03   4.4165219E-04   6.5933700E-04
   1.5511583E+03   6.1490000E+03   3.2240000E+03   1.0024638E-03   1.1467231E-03
   1.5511658E+03   5.9700000E+03   3.0910000E+03   1.1828722E-03   1.5168215E-03
   1.5511734E+03   6.1050000E+03   3.0720000E+03   1.6121840E-03   2.0393986E-03
   1.5511809E+03   6.0400000E+03   3.1370000E+03   5.5497232E-04   1.4570977E-03
   1.5511884E+03   6.0590000E+03   3.1080000E+03   1.0537640E-03   1.8787015E-03
   1.5511960E+03   6.0500000E+03   3.1480000E+03   7.2669296E-04   1.7407921E-03
   1.5512035E+03   6.0560000E+03   3.0910000E+03   1.1893322E-03   2.4963643E-03
   1.5512110E+03   6.0450000E+03   3.1320000E+03   2.1709700E-04   8.3719326E-04
   1.5512185E+03   6.1280000E+03   3.1720000E+03   7.8521501E-04   8.4824023E-04
   1.5512261E+03   6.0590000E+03   3.1540000E+03   2.1126663E-03   3.0284321E-03
   1.5512336E+03   6.0100000E+03   3.0900000E+03   1.3898442E-03   9.9495921E-04
   1.5512411E+03   6.0460000E+03   3.1660000E+03   2.4512678E-04   5.1820955E-04
   1.5512487E+03   6.0480000E+03   3.0770000E+03   1.1575656E-03   1.1664669E-03
   1.5512562E+03   5.9960000E+03   3.1060000E+03   1.2149884E-03   1.3501543E-03
   1.5512637E+03   6.1400000E+03   3.2020000E+03   5.2890038E-04   6.5688841E-04
   1.5512712E+03   5.9810000E+03   3.1320000E+03   1.0668991E-03   1.3161833E-03
   1.5512788E+03   6.1280000E+03   3.1690000E+03   1.8804134E-03   3.8571705E-03
   1.5512863E+03   6.0400000E+03   3.1390000E+03   1.4004566E-03   1.9336518E-03
   1.5512938E+03   6.0400000E+03   3.2090000E+03   6.6699056E-04   1.5712635E-03
   1.5513014E+03   5.9700000E+03   2.9750000E+03   6.2744183E-04   1.9445208E-03
   1.5513089E+03   6.0050000E+03   3.0990000E+03   3.3814402E-04   9.7734635E-04
   1.5513164E+03   6.0320000E+03   3.0760000E+03   4.4166103E-04   1.7075417E-04
   1.5513239E+03   6.1210000E+03   3.1680000E+03   6.7813593E-04   4.7028769E-04
   1.5513315E+03   6.0370000E+03   3.0460000E+03   7.3205818E-04   1.1797273E-03
   1.5513390E+03   6.0050000E+03   3.0950000E+03   3.5973973E-04   9.8453183E-04
   1.5513465E+03   5.9820000E+03   3.0650000E+03   3.7356262E-04   5.0728567E-04
   1.5513541E+03   6.1510000E+03   3.1730000E+03   7.3183092E-04   1.0598604E-03
   1.5513616E+03   5.9840000E+03   3.0270000E+03   8.3861176E-04   8.4982657E-04
   1.5513691E+03   5.9770000E+03   3.0420000E+03   1.3039316E-03   1.8434112E-03
   1.5513766E+03   6.0390000E+03   3.0730000E+03   4.9642906E-04   1.1433625E-03
   1.5513842E+03   6.0320000E+03   3.1380000E+03   5.1915633E-04   5.5937045E-04
   1.5513917E+03   6.1140000E+03   3.0850000E+03   2.1768004E-04   1.2261309E-03
   1.5513992E+03   5.9660000E+03   3.0570000E+03   9.2661042E-04   1.6158264E-03
   1.5514068E+03   5.9870000E+03   3.1130000E+03   1.4879623E-03   1.8876150E-03
   1.5514143E+03   6.1310000E+03   3.2650000E+03   6.9387127E-04   1.0295324E-03
   1.5514218E+03   5.9260000E+03   3.0840000E+03   1.0598471E-03   1.4258371E-03
   1.5514293E+03   5.9980000E+03   3.1090000E+03   1.0213368E-03   7.5214231E-04
   1.5514369E+03   6.0340000E+03   3.0150000E+03   1.2416196E-03   2.6956096E-03
   1.5514444E+03   5.9220000E+03   3.0800000E+03   5.1536131E-04   5.1785042E-04
   1.5514519E+03   6.0840000E+03   3.1610000E+03   8.6444583E-04   1.0175438E-03
   1.5514595E+03   6.0560000E+03   3.1360000E+03   1.0773622E-03   1.3591642E-03
   1.5514670E+03   6.0620000E+03   3.1000000E+03   1.3326645E-03   2.1678234E-03
   1.5514745E+03   5.9390000E+03   3.0250000E+03   6.0034949E-04   2.9581595E-04
   1.5514820E+03   5.8370000E+03   2.9650000E+03   1.6458482E-04   1.3399590E-04
   1.5514896E+03   5.9630000E+03   3.0590000E+03   7.9731901E-04   1.7781323E-03
   1.5514971E+03   5.9250000E+03   3.0870000E+03   7.4927781E-04   1.8132188E-03
   1.5515046E+03   6.0510000E+03   3.1110000E+03   9.4193508E-04   1.8554928E-03
   1.5515122E+03   5.8310000E+03   3.0210000E+03   4.9039760E-04   7.5256866E-04
   1.5515197E+03   6.0420000E+03   3.0960000E+03   1.6923714E-04   5.8040292E-04
   1.5515272E+03   6.0260000E+03   3.1230000E+03   8.9416873E-04   2.0238555E-03
   1.5515347E+03   5.9650000E+03   3.0770000E+03   4.0775994E-04   1.2673242E-03
   1.5515423E+03   6.0250000E+03   3.0970000E+03   3.6537867E-04   1.1009540E-03
   1.5515498E+03   5.9450000E+03   3.1640000E+03   3.8051347E-04   9.8422585E-04
   1.5515573E+03   5.8730000E+03   3.0070000E+03   3.1548753E-04   6.4843908E-04
   1.5515648E+03   5.9220000E+03   3.0960000E+03   2.0095931E-03   2.6995978E-03
   1.5515724E+03   5.9600000E+03   2.9960000E+03   7.9190464E-04   1.3447972E-03
   1.5515799E+03   5.9270000E+03   3.0210000E+03   1.0352683E-03   1.0241482E-03
   1.5515874E+03   5.9780000E+03   3.0990000E+03   8.5230707E-04   7.0290587E-04
   1.5515950E+03   5.8590000E+03   3.0630000E+03   4.0084163E-04   5.4579200E-04
   1.5516025E+03   6.1150000E+03   3.1900000E+03   7.1602730E-04   1.1879125E-03
   1.5516100E+03   5.9390000E+03   3.1010000E+03   1.6634868E-04   7.6208405E-04
   1.5516175E+03   5.9870000E+03   3.0920000E+03   4.0439928E-04   1.2953791E-03
   1.5516251E+03   5.8620000E+03   3.0620000E+03   1.2523026E-03   2.3624398E-03
   1.5516326E+03   6.0200000E+03   3.0610000E+03   1.2206154E-03   1.3640934E-03
   1.5516401E+03   5.9850000E+03   3.0570000E+03   7.9256133E-04   1.3776247E-03
   1.5516477E+03   6.0580000E+03   3.1120000E+03   8.1857052E-04   1.3545813E-03
   1.5516552E+03   5.8820000E+03   3.0410000E+03   8.8576620E-04   1.3754451E-03
   1.5516627E+03   6.0740000E+03   3.0920000E+03   4.8831388E-04   1.7176095E-03
   1.5516702E+03   5.9800000E+03   3.0220000E+03   8.7569538E-04   1.4522874E-03
   1.5516778E+03   5.7860000E+03   3.0050000E+03   6.1358021E-04   4.1392336E-04
   1.5516853E+03   5.9540000E+03   3.0280000E+03   4.7812269E-04   7.6866106E-04
   1.5516928E+03   5.9370000E+03   3.0650000E+03   4.6688001E-04   7.5007518E-04
   1.5517004E+03   5.9830000E+03   3.0900000E+03   2.4995774E-04   4.9084376E-04
   1.5517079E+03   5.8910000E+03   3.0580000E+03   9.1387349E-04   1.5579653E-03
   1.5517154E+03   6.0280000E+03   3.0990000E+03   9.3263605E-04   1.9129597E-03
   1.5517229E+03   5.9710000E+03   3.0030000E+03   9.4228412E-04   1.9452726E-03
   1.5517305E+03   5.9100000E+03   2.9870000E+03   8.6417694E-04   1.5978910E-03
   1.5517380E+03   5.8230000E+03   2.9840000E+03   2.3437353E-04   5.3498828E-04
   1.5517455E+03   5.9410000E+03   2.9730000E+03   5.7630417E-04   1.0527537E-03
   1.5517531E+03   6.0560000E+03   3.0780000E+03   6.0440333E-04   3.4026367E-04
   1.5517606E+03   6.0360000E+03   3.1190000E+03   4.0766796E-04   9.6493595E-04
   1.5517681E+03   5.9560000E+03   3.0350000E+03   6.5540604E-04   1.2917967E-03
   1.5517756E+03   5.9830000E+03   3.0810000E+03   1.1605922E-03   1.4625963E-03
   1.5517832E+03   5.9820000E+03   3.0810000E+03   1.7752280E-03   2.6905775E-03
   1.5517907E+03   6.0090000E+03   2.9760000E+03   4.2895978E-04   7.8777701E-04
   1.5517982E+03   5.9050000E+03   3.0020000E+03   3.7763695E-04   7.7331193E-04
   1.5518058E+03   5.9590000E+03   2.9930000E+03   7.1293120E-04   7.1193611E-04
   1.5518133E+03   5.9810000E+03   3.0760000E+03   7.8812412E-04   1.8994463E-03
   1.5518208E+03   5.9460000E+03   3.0350000E+03   5.4536964E-04   1.7509230E-04
   1.5518283E+03   5.9880000E+03   3.0880000E+03   7.0018414E-04   1.7546115E-03
   1.5518359E+03   5.8920000E+03   2.9940000E+03   3.7261225E-04   1.6920323E-04
   1.5518434E+03   5.9220000E+03   3.0090000E+03   7.7814238E-04   1.2003791E-03
   1.5518509E+03   6.0360000E+03   3.1080000E+03   5.7893894E-04   1.1663626E-03
   1.5518585E+03   5.8680000E+03   2.9800000E+03   5.7433568E-04   9.7811481E-04
   1.5518660E+03   5.8970000E+03   3.0470000E+03   1.5730795E-04   7.3644602E-04
   1.5518735E+03   5.9610000E+03   3.0090000E+03   2.0901810E-04   4.7938667E-04
   1.5518810E+03   5.9060000E+03   3.0260000E+03   4.1757805E-04   8.5577170E-04
   1.5518886E+03   5.9030000E+03   3.0470000E+03   5.2712533E-04   5.9821122E-04
   1.5518961E+03   5.9330000E+03   3.0700000E+03   1.0044029E-03   5.0796640E-04
   1.5519036E+03   5.7890000E+03   2.9420000E+03   1.2229091E-03   2.3698448E-03
   1.5519112E+03   5.8510000E+03   2.9340000E+03   6.6736181E-04   1.5759832E-03
   1.5519187E+03   5.9360000E+03   3.0920000E+03   2.5425023E-04   6.6580442E-04
   1.5519262E+03   5.7390000E+03   2.9040000E+03   2.1726459E-04   8.8599791E-04
   1.5519337E+03   5.9330000E+03   3.0540000E+03   5.9950780E-04   7.9415611E-04
   1.5519413E+03   5.8910000E+03   2.9960000E+03   2.7192617E-04   5.5862724E-04
   1.5519488E+03   5.8610000E+03   3.0250000E+03   1.2483542E-04   5.0407448E-05
   1.5519563E+03   5.9060000E+03   2.9290000E+03   6.8052543E-04   5.1525376E-04
   1.5519638E+03   5.9870000E+03   3.0450000E+03   9.8352002E-04   1.2291410E-03
   1.5519714E+03   5.8420000E+03   2.9980000E+03   8.4325584E-04   8.2304992E-04
   1.5519789E+03   5.8760000E+03   2.9510000E+03   1.0917402E-04   4.3152922E-04
   1.5519864E+03   5.7520000E+03   2.9090000E+03   9.8107809E-04   1.3496361E-03
   1.5519940E+03   5.8720000E+03   2.9700000E+03   7.0227571E-04   1.2761866E-03
   1.5520015E+03   5.8920000E+03   2.9750000E+03   3.5310483E-04   3.9226668E-04
   1.5520090E+03   5.8000000E+03   2.9840000E+03   2.9410816E-04   4.2817061E-04
   1.5520165E+03   5.7530000E+03   2.8910000E+03   1.4009732E-03   2.4762545E-03
   1.5520241E+03   5.9740000E+03   2.9570000E+03   5.0777589E-04   1.3802772E-03
   1.5520316E+03   5.7860000E+03   3.0480000E+03   9.4897933E-04   1.6703798E-03
   1.5520391E+03   5.8970000E+03   2.9180000E+03   6.4212841E-04   6.0684513E-04
   1.5520467E+03   5.8210000E+03   2.9330000E+03   1.0810371E-04   7.0085833E-04
   1.5520542E+03   5.8100000E+03   2.9240000E+03   1.3893251E-04   3.7361560E-04
   1.5520617E+03   5.9450000E+03   3.0160000E+03   6.1505384E-04   9.2997410E-04
   1.5520692E+03   5.7390000E+03   2.9400000E+03   4.0686357E-04   6.3866628E-04
   1.5520768E+03   5.7390000E+03   2.9340000E+03   4.7142111E-04   1.6552109E-03
   1.5520843E+03   5.9690000E+03   3.0610000E+03   7.8641343E-04   7.0946975E-04
   1.5520918E+03   5.8160000E+03   2.9370000E+03   9.1152758E-04   1.5762826E-03
   1.5520994E+03   5.7820000E+03   2.9830000E+03   9.7484274E-04   6.6369997E-04
   1.5521069E+03   5.8130000E+03   2.8830000E+03   7.8055458E-04   8.7276829E-04
   1.5521144E+03   5.6890000E+03   2.8470000E+03   4.2862263E-04   8.8248202E-04
   1.5521219E+03   5.7980000E+03   2.9900000E+03   5.0848066E-04   8.7652172E-04
   1.5521295E+03   5.9560000E+03   3.0120000E+03   6.8648300E-04   5.4054214E-04
   1.5521370E+03   5.8580000E+03   2.9640000E+03   4.6249148E-04   9.8204962E-04
   1.5521445E+03   5.7970000E+03   2.9010000E+03   5.5362024E-04   1.6860734E-03
   1.5521521E+03   5.7420000E+03   2.9180000E+03   2.4777726E-04   1.5565791E-04
   1.5521596E+03   5.7750000E+03   2.9850000E+03   4.3865565E-04   6.1209741E-04
   1.5521671E+03   5.8670000E+03   2.9800000E+03   7.1067021E-04   1.0452922E-03
   1.5521746E+03   5.8100000E+03   2.9820000E+03   5.1228579E-04   5.4997442E-04
   1.5521822E+03   5.8600000E+03   2.9080000E+03   4.9043098E-04   1.0226100E-04
   1.5521897E+03   5.8980000E+03   2.9990000E+03   5.4364975E-04   5.4629415E-04
   1.5521972E+03   5.9040000E+03   2.9960000E+03   6.0515269E-04   1.3741013E-03
   1.5522048E+03   5.7610000E+03   2.8890000E+03   1.6588791E-04   6.5681046E-04
   1.5522123E+03   6.0230000E+03   3.0960000E+03   6.5162366E-04   1.0867330E-03
   1.5522198E+03   5.8280000E+03   2.8430000E+03   7.3798208E-04   2.1818245E-03
   1.5522273E+03   5.7590000E+03   2.9390000E+03   7.9675396E-04   1.1205077E-03
   1.5522349E+03   5.8390000E+03   2.9140000E+03   7.2435979E-04   9.9102284E-04
   1.5522424E+03   5.8750000E+03   2.9700000E+03   6.9008234E-04   6.2553085E-04
   1.5522499E+03   5.7680000E+03   2.8990000E+03   8.7419441E-04   6.9960839E-04
   1.5522575E+03   5.8180000E+03   2.9540000E+03   1.1169526E-03   1.6156761E-03
   1.5522650E+03   5.8340000E+03   2.9020000E+03   2.2128899E-04   5.4074857E-04
   1.5522725E+03   5.8620000E+03   2.8810000E+03   1.3037520E-03   2.2488788E-03
   1.5522800E+03   5.7770000E+03   2.9200000E+03   6.0675577E-04   8.1987482E-04
   1.5522876E+03   5.7630000E+03   2.8740000E+03   6.5203209E-04   1.1562813E-03
   1.5522951E+03   5.9280000E+03   2.9420000E+03   4.4687197E-04   1.7552837E-04
   1.5523026E+03   5.7960000E+03   2.9560000E+03   2.4438208E-04   2.9944915E-04
   1.5523102E+03   5.9330000E+03   2.9900000E+03   3.0652917E-04   5.2291201E-04
   1.5523177E+03   5.8360000E+03   2.9220000E+03   4.7486021E-04   4.6949655E-04
   1.5523252E+03   5.6560000E+03   2.8560000E+03   2.3861332E-04   4.8084136E-04
   1.5523327E+03   5.7440000E+03   2.9250000E+03   7.3550087E-04   7.4619476E-04
   1.5523403E+03   5.8800000E+03   2.9620000E+03   6.3916166E-04   1.0478473E-03
   1.5523478E+03   5.5310000E+03   2.7370000E+03   3.1476387E-04   3.8498201E-04
   1.5523553E+03   5.8850000E+03   2.9660000E+03   3.0020200E-04   7.5946585E-04
   1.5523629E+03   5.7570000E+03   2.8320000E+03   5.1103210E-04   1.1788213E-03
   1.5523704E+03   5.7430000E+03   2.8620000E+03   3.7500862E-04   9.3629680E-04
   1.5523779E+03   5.7470000E+03   2.9630000E+03   5.9232859E-04   9.9563766E-04
   1.5523854E+03   5.7530000E+03   2.9310000E+03   4.4384768E-04   5.6298871E-04
   1.5523930E+03   5.7170000E+03   2.9010000E+03   7.0659482E-04   7.3114882E-04
   1.5524005E+03   5.7080000E+03   2.8090000E+03   1.3932424E-04   2.6163809E-04
   1.5524080E+03   5.6660000E+03   2.7720000E+03   3.3351410E-04   6.5452805E-04
   1.5524155E+03   5.7320000E+03   2.8100000E+03   5.6243131E-04   9.6686679E-04
   1.5524231E+03   5.6500000E+03   2.7430000E+03   3.4322404E-04   1.2066058E-03
   1.5524306E+03   5.5100000E+03   2.6950000E+03   6.5556940E-04   1.5412270E-03
   1.5524381E+03   5.6040000E+03   2.8400000E+03   1.8942609E-04   2.5836845E-04
   1.5524457E+03   5.8080000E+03   2.9240000E+03   7.4779074E-04   1.1524984E-03
   1.5524532E+03   5.7340000E+03   2.9320000E+03   1.7751460E-04   1.6168212E-04
   1.5524607E+03   5.6510000E+03   2.7930000E+03   6.6391556E-04   1.0718373E-03
   1.5524682E+03   5.6690000E+03   2.8820000E+03   3.8008839E-05   6.9107531E-04
   1.5524758E+03   5.8090000E+03   2.9530000E+03   7.7791551E-04   7.7631459E-04
   1.5524833E+03   5.6580000E+03   2.7640000E+03   7.7307316E-04   1.3407034E-03
   1.5524908E+03   5.6470000E+03   2.8170000E+03   6.6881714E-04   7.4928304E-04
   1.5524984E+03   5.7070000E+03   2.7830000E+03   5.0198219E-04   4.1858748E-04
   1.5525059E+03   5.7790000E+03   2.8110000E+03   5.4643121E-04   8.1196433E-04
   1.5525134E+03   5.7380000E+03   2.7840000E+03   2.5773156E-04   8.3726619E-04
   1.5525209E+03   5.6430000E+03   2.8420000E+03   6.6007198E-04   7.4475529E-04
   1.5525285E+03   5.6270000E+03   2.7790000E+03   4.4007470E-04   7.5670398E-04
   1.5525360E+03   5.6850000E+03   2.8150000E+03   8.5842120E-04   1.9314688E-03
   1.5525435E+03   5.7460000E+03   2.8120000E+03   2.6361734E-04   5.6497408E-04
   1.5525511E+03   5.6700000E+03   2.8280000E+03   4.6741252E-04   4.1302346E-04
   1.5525586E+03   5.5790000E+03   2.7450000E+03   6.4161264E-04   4.1080606E-04
   1.5525661E+03   5.7120000E+03   2.8550000E+03   1.4300789E-04   3.8119398E-04
   1.5525736E+03   5.6230000E+03   2.7430000E+03   5.9004500E-04   1.0686345E-03
   1.5525812E+03   5.5920000E+03   2.6980000E+03   3.5419615E-04   2.3699441E-04
   1.5525887E+03   5.5810000E+03   2.6950000E+03   1.0750690E-03   1.2117848E-03
   1.5525962E+03   5.8080000E+03   2.8460000E+03   2.0982638E-04   8.3359877E-04
   1.5526038E+03   5.5870000E+03   2.7720000E+03   8.8120251E-05   3.8670786E-04
   1.5526113E+03   5.5930000E+03   2.7050000E+03   4.6650833E-04   7.5176792E-04
   1.5526188E+03   5.6030000E+03   2.7170000E+03   1.2658441E-04   1.6433406E-04
   1.5526263E+03   5.7410000E+03   2.8300000E+03   4.4360788E-04   3.4780848E-04
   1.5526339E+03   5.5950000E+03   2.7760000E+03   2.7796078E-04   5.9170952E-04
   1.5526414E+03   5.6400000E+03   2.7510000E+03   3.5181063E-04   4.5247497E-04
   1.5526489E+03   5.5840000E+03   2.7150000E+03   1.9926940E-04   2.8748856E-04
   1.5526565E+03   5.5800000E+03   2.7160000E+03   4.2188023E-04   1.0118143E-03
   1.5526640E+03   5.5940000E+03   2.7310000E+03   1.3174007E-04   4.1881425E-04
   1.5526715E+03   5.5940000E+03   2.6590000E+03   4.1867999E-04   9.5481160E-04
   1.5526790E+03   5.6440000E+03   2.6940000E+03   2.4469458E-04   4.8348232E-04
   1.5526866E+03   5.5660000E+03   2.7080000E+03   2.6202942E-04   5.2802887E-04
   1.5526941E+03   5.6150000E+03   2.7900000E+03   1.2236463E-04   5.4817850E-04
   1.5527016E+03   5.4260000E+03   2.6750000E+03   3.8677243E-04   5.8604186E-04
   1.5527092E+03   5.5430000E+03   2.6180000E+03   4.4839502E-04   6.8578777E-04
   1.5527167E+03   5.6110000E+03   2.7010000E+03   4.9442495E-04   7.7979534E-04
   1.5527242E+03   5.6950000E+03   2.7270000E+03   3.9253616E-04   9.6061875E-04
   1.5527317E+03   5.4410000E+03   2.5870000E+03   1.5829186E-04   3.1143682E-04
   1.5527393E+03   5.6260000E+03   2.7520000E+03   6.1975810E-04   7.9427492E-04
   1.5527468E+03   5.4580000E+03   2.6460000E+03   5.5210678E-04   6.2263526E-04
   1.5527543E+03   5.4760000E+03   2.6370000E+03   3.7388159E-04   1.3586168E-04
   1.5527619E+03   5.6120000E+03   2.7080000E+03   2.2739874E-04   2.3799171E-04
   1.5527694E+03   5.5420000E+03   2.6630000E+03   3.5818210E-04   1.1014686E-03
   1.5527769E+03   5.6440000E+03   2.6810000E+03   3.7297807E-04   6.6758952E-04
   1.5527844E+03   5.5880000E+03   2.6800000E+03   4.9705084E-04   3.3301195E-04
   1.5527920E+03   5.4660000E+03   2.6060000E+03   2.1892344E-04   2.1629631E-04
   1.5527995E+03   5.4860000E+03   2.5920000E+03   1.9685761E-04   2.4431826E-04
   1.5528070E+03   5.5460000E+03   2.6380000E+03   2.6894802E-04   6.2581800E-04
   1.5528146E+03   5.5040000E+03   2.6060000E+03   1.3152145E-04   6.0208275E-04
   1.5528221E+03   5.4640000E+03   2.6060000E+03   4.1093598E-04   7.9877791E-04
   1.5528296E+03   5.5540000E+03   2.6820000E+03   2.8268814E-04   5.5352589E-04
   1.5528371E+03   5.5100000E+03   2.6300000E+03   1.6223550E-04   2.8041810E-04
   1.5528447E+03   5.6130000E+03   2.6440000E+03   7.8993638E-05   8.2356422E-05
   1.5528522E+03   5.3770000E+03   2.6470000E+03   2.5362396E-04   4.8719521E-04
   1.5528597E+03   5.4780000E+03   2.6560000E+03   5.0396099E-04   7.6700855E-04
   1.5528673E+03   5.4350000E+03   2.5870000E+03   2.9211057E-04   9.0461492E-04
   1.5528748E+03   5.2900000E+03   2.4830000E+03   3.5807409E-04   6.2189077E-04
   1.5528823E+03   5.5330000E+03   2.5500000E+03   1.8574923E-04   3.0707143E-04
   1.5528898E+03   5.5170000E+03   2.6410000E+03   2.0287374E-04   4.0118468E-04
   1.5528974E+03   5.4580000E+03   2.5930000E+03   2.8864224E-04   2.3972302E-04
   1.5529049E+03   5.3300000E+03   2.5850000E+03   5.4775843E-04   8.4042490E-04
   1.5529124E+03   5.4380000E+03   2.6000000E+03   1.1758089E-05   5.1311074E-04
   1.5529199E+03   5.4500000E+03   2.5190000E+03   2.0710593E-04   5.2495700E-04
   1.5529275E+03   5.4880000E+03   2.6200000E+03   3.3850361E-04   3.0877309E-04
   1.5529350E+03   5.3810000E+03   2.5130000E+03   1.1124981E-04   2.1587762E-04
   1.5529425E+03   5.3910000E+03   2.5200000E+03   1.5562530E-04   3.7558027E-04
   1.5529501E+03   5.5390000E+03   2.5730000E+03   3.6190550E-04   4.5162166E-04
   1.5529576E+03   5.4770000E+03   2.6060000E+03   2.1383501E-04   3.9160960E-04
   1.5529651E+03   5.5270000E+03   2.5940000E+03   8.8004315E-05   4.5809212E-04
   1.5529726E+03   5.4680000E+03   2.5350000E+03   5.9595388E-04   1.7475573E-04
   1.5529802E+03   5.4120000E+03   2.5720000E+03   1.6220494E-04   3.8962250E-04
   1.5529877E+03   5.5110000E+03   2.5440000E+03   3.8292156E-05   3.7083872E-04
   1.5529952E+03   5.3280000E+03   2.5330000E+03   4.4064847E-04   6.2333371E-04
   1.5530028E+03   5.3490000E+03   2.5130000E+03   1.6504733E-04   1.1370856E-04
   1.5530103E+03   5.4020000E+03   2.5430000E+03   8.9500127E-05   1.1664301E-04
   1.5530178E+03   5.3040000E+03   2.4730000E+03   1.7406177E-04   1.6182085E-04
   1.5530253E+03   5.5320000E+03   2.5820000E+03   2.2845503E-04   3.6575414E-04
   1.5530329E+03   5.3700000E+03   2.5080000E+03   1.3414553E-04   2.2959166E-04
   1.5530404E+03   5.3580000E+03   2.5350000E+03   2.9054052E-04   8.9015737E-04
   1.5530479E+03   5.4070000E+03   2.5300000E+03   1.6867260E-04   7.8777225E-04
   1.5530555E+03   5.2000000E+03   2.4460000E+03   1.9999237E-04   1.3865396E-04
   1.5530630E+03   5.3250000E+03   2.4970000E+03   3.2156110E-04   4.3566099E-04
   1.5530705E+03   5.3490000E+03   2.4900000E+03   1.0514034E-04   1.6296918E-04
   1.5530780E+03   5.2680000E+03   2.4580000E+03   8.5183350E-05   3.0182591E-04
   1.5530856E+03   5.2520000E+03   2.4150000E+03   9.6167255E-05   2.2030845E-04
   1.5530931E+03   5.3890000E+03   2.5180000E+03   1.1719657E-04   8.9387513E-04
   1.5531006E+03   5.2750000E+03   2.4730000E+03   3.7800650E-04   7.2329041E-04
   1.5531082E+03   5.2490000E+03   2.4190000E+03   2.1335410E-04   3.5497294E-04
   1.5531157E+03   5.3260000E+03   2.5060000E+03   1.8019825E-04   3.4326496E-04
   1.5531232E+03   5.1910000E+03   2.4330000E+03   2.9201856E-04   5.5824884E-04
   1.5531307E+03   5.1600000E+03   2.3830000E+03   1.1664215E-04   2.7618093E-04
   1.5531383E+03   5.2680000E+03   2.4090000E+03   5.4186164E-05   2.3342777E-04
   1.5531458E+03   5.2680000E+03   2.4270000E+03   3.4648411E-04   7.2044676E-04
   1.5531533E+03   5.1840000E+03   2.3830000E+03   1.5421388E-04   3.2483475E-04
   1.5531609E+03   5.3490000E+03   2.5170000E+03   2.7749684E-04   3.1979396E-04
   1.5531684E+03   5.2530000E+03   2.4300000E+03   1.3197274E-04   2.3103717E-05
   1.5531759E+03   5.1660000E+03   2.3380000E+03   4.1094943E-04   1.6322500E-04
   1.5531834E+03   5.1740000E+03   2.3440000E+03   6.5207205E-04   1.3012567E-03
   1.5531910E+03   5.2780000E+03   2.4510000E+03   2.4508637E-04   3.0144973E-04
   1.5531985E+03   5.2360000E+03   2.4480000E+03   2.5957129E-04   7.1917457E-04
   1.5532060E+03   5.2290000E+03   2.3570000E+03   1.0690189E-04   3.7674719E-04
   1.5532136E+03   5.2210000E+03   2.3930000E+03   3.6335396E-04   5.6068018E-04
   1.5532211E+03   5.1910000E+03   2.3400000E+03   1.1122311E-04   4.1754273E-04
   1.5532286E+03   5.1140000E+03   2.3360000E+03   2.3053939E-04   3.2872265E-04
   1.5532361E+03   5.2990000E+03   2.4220000E+03   3.2375708E-04   5.7121871E-04
   1.5532437E+03   5.1530000E+03   2.2960000E+03   2.6131446E-04   3.6526061E-04
   1.5532512E+03   5.1150000E+03   2.3110000E+03   3.8407112E-04   3.7392692E-04
   1.5532587E+03   5.3280000E+03   2.4230000E+03   2.9362479E-04   6.7088342E-04
   1.5532663E+03   5.2880000E+03   2.4300000E+03   3.0484537E-04   1.2406119E-04
   1.5532738E+03   5.2030000E+03   2.3670000E+03   9.1714275E-05   1.2364886E-04
   1.5532813E+03   5.1470000E+03   2.2850000E+03   5.5399565E-05   4.4748242E-04
   1.5532888E+03   5.0830000E+03   2.3070000E+03   3.5487613E-04   2.6457401E-04
   1.5532964E+03   5.2790000E+03   2.4290000E+03   3.1526765E-04   8.1109074E-04
   1.5533039E+03   5.2270000E+03   2.4070000E+03   7.9145206E-05   5.9321614E-05
   1.5533114E+03   5.1040000E+03   2.3610000E+03   2.6766471E-04   5.4811297E-04
   1.5533189E+03   5.0950000E+03   2.3130000E+03   1.7048297E-04   3.2438027E-04
   1.5533265E+03   5.2220000E+03   2.4370000E+03   3.5203394E-04   8.6155568E-04
   1.5533340E+03   5.1820000E+03   2.2320000E+03   6.3049366E-05   4.3159542E-04
   1.5533415E+03   5.1140000E+03   2.3040000E+03   1.3224467E-04   3.5358297E-04
   1.5533491E+03   5.0950000E+03   2.2010000E+03   1.4015242E-04   2.3751036E-04
   1.5533566E+03   5.0480000E+03   2.2720000E+03   1.3174998E-04   3.2436476E-04
   1.5533641E+03   4.9570000E+03   2.1630000E+03   3.5190400E-04   6.5972311E-04
   1.5533716E+03   5.1980000E+03   2.3380000E+03   4.5369279E-04   7.9631258E-04
   1.5533792E+03   5.0490000E+03   2.1950000E+03   7.2117464E-05   3.0355012E-04
   1.5533867E+03   5.0680000E+03   2.2380000E+03   7.6225262E-05   3.4415348E-04
   1.5533942E+03   5.0120000E+03   2.2190000E+03   8.9534441E-05   3.1539119E-04
   1.5534018E+03   5.1360000E+03   2.2980000E+03   9.9579510E-05   3.4251078E-04
   1.5534093E+03   4.9050000E+03   2.1570000E+03   6.1507091E-05   3.7920244E-04
   1.5534168E+03   5.0860000E+03   2.2590000E+03   2.1733663E-04   3.0088936E-04
   1.5534243E+03   4.9910000E+03   2.1950000E+03   2.9103058E-04   5.6421122E-04
   1.5534319E+03   4.9970000E+03   2.2330000E+03   1.3122004E-04   3.5942354E-04
   1.5534394E+03   5.0140000E+03   2.2080000E+03   2.0455664E-04   4.6422410E-04
   1.5534469E+03   4.9950000E+03   2.2430000E+03   1.2740476E-04   1.1702275E-04
   1.5534545E+03   5.0480000E+03   2.2170000E+03   7.4298612E-05   2.3687777E-04
   1.5534620E+03   4.8480000E+03   2.1530000E+03   2.2048135E-04   4.8861735E-04
   1.5534695E+03   5.0180000E+03   2.2100000E+03   2.5779745E-04   5.1558971E-04
   1.5534770E+03   4.9960000E+03   2.1700000E+03   3.1548236E-04   2.5352245E-04
   1.5534846E+03   4.9970000E+03   2.1970000E+03   1.4472692E-04   8.3298355E-05
   1.5534921E+03   4.9890000E+03   2.1830000E+03   1.0164386E-04   2.4978947E-04
   1.5534996E+03   5.0380000E+03   2.1660000E+03   9.9629750E-05   3.5493615E-04
   1.5535072E+03   4.9740000E+03   2.1960000E+03   1.7390744E-04   3.1625455E-04
   1.5535147E+03   4.8880000E+03   2.1320000E+03   3.7761834E-05   8.6606318E-05
   1.5535222E+03   5.0010000E+03   2.1710000E+03   3.1784971E-04   8.3872923E-04
   1.5535297E+03   5.1180000E+03   2.2280000E+03   2.1581826E-04   3.4485225E-04
   1.5535373E+03   5.0220000E+03   2.2160000E+03   1.2725256E-04   3.1973401E-04
   1.5535448E+03   4.9670000E+03   2.1500000E+03   1.6684245E-04   1.4830941E-04
   1.5535523E+03   4.9790000E+03   2.1300000E+03   1.5399261E-04   3.5337749E-04
   1.5535599E+03   4.8820000E+03   2.1000000E+03   1.7286499E-04   2.2001273E-04
   1.5535674E+03   4.7810000E+03   2.0540000E+03   4.7455737E-05   1.0962067E-04
   1.5535749E+03   4.9230000E+03   2.1800000E+03   2.0516554E-04   2.3400364E-04
   1.5535824E+03   5.0600000E+03   2.1340000E+03   1.2921697E-04   3.0145545E-04
   1.5535900E+03   4.9680000E+03   2.1510000E+03   9.8039642E-05   2.5363157E-04
   1.5535975E+03   4.9860000E+03   2.0960000E+03   1.7190878E-04   2.6729181E-04
   1.5536050E+03   4.9050000E+03   2.1100000E+03   1.4761679E-04   5.0645915E-04
   1.5536126E+03   4.7840000E+03   2.0350000E+03   2.5359470E-04   3.3389357E-04
   1.5536201E+03   4.8060000E+03   2.0760000E+03   2.5131073E-04   3.6271551E-04
   1.5536276E+03   4.8050000E+03   2.0500000E+03   3.2277080E-04   4.9168931E-04
   1.5536351E+03   4.9130000E+03   2.0760000E+03   1.7722110E-04   4.5950383E-04
   1.5536427E+03   4.7310000E+03   2.0550000E+03   1.7847574E-04   1.6996452E-04
   1.5536502E+03   4.7770000E+03   2.0090000E+03   1.5910577E-04   2.3053194E-04
   1.5536577E+03   4.8730000E+03   2.1020000E+03   1.2826004E-04   2.9751534E-04
   1.5536653E+03   4.7780000E+03   2.0390000E+03   2.2984395E-04   2.2337288E-04
   1.5536728E+03   4.8260000E+03   2.0240000E+03   2.8707850E-04   4.6968634E-04
   1.5536803E+03   4.8490000E+03   2.0530000E+03   1.5210211E-04   2.2684467E-04
   1.5536878E+03   4.8930000E+03   2.0770000E+03   4.3360238E-05   4.9980918E-05
   1.5536954E+03   4.7740000E+03   1.9530000E+03   1.8112689E-04   4.0270573E-04
   1.5537029E+03   4.8630000E+03   2.0260000E+03   8.7439788E-05   1.0234786E-04
   1.5537104E+03   4.6580000E+03   1.9240000E+03   1.9976969E-05   8.4858638E-05
   1.5537180E+03   4.7400000E+03   1.9380000E+03   1.1847311E-04   1.6173259E-04
   1.5537255E+03   4.8230000E+03   2.0360000E+03   1.9054200E-04   2.3221602E-04
   1.5537330E+03   4.7570000E+03   2.0610000E+03   1.9622271E-04   2.6848523E-04
   1.5537405E+03   4.8400000E+03   2.1190000E+03   4.1370671E-05   1.4139818E-04
   1.5537481E+03   4.8230000E+03   2.0510000E+03   2.1479058E-04   3.1531536E-04
   1.5537556E+03   4.8930000E+03   2.0450000E+03   5.6020606E-05   1.3073592E-04
   1.5537631E+03   4.6880000E+03   2.0030000E+03   2.0246194E-04   3.3102859E-04
   1.5537706E+03   4.7550000E+03   1.9850000E+03   1.8621199E-04   4.1753210E-04
   1.5537782E+03   4.7660000E+03   1.9560000E+03   6.1573485E-05   1.1777453E-04
   1.5537857E+03   4.6110000E+03   1.9380000E+03   6.9560559E-05   2.0574182E-04
   1.5537932E+03   4.7380000E+03   2.0040000E+03   4.4454405E-05   1.1257825E-04
   1.5538008E+03   4.6220000E+03   1.8760000E+03   3.6221570E-05   8.9282228E-05
   1.5538083E+03   4.7050000E+03   1.9370000E+03   1.8774726E-04   3.0284376E-04
   1.5538158E+03   4.6890000E+03   1.9520000E+03   1.5981623E-04   3.7262816E-04
   1.5538233E+03   4.7810000E+03   2.0110000E+03   5.7733737E-05   2.3492950E-04
   1.5538309E+03   4.8060000E+03   1.9540000E+03   3.3216141E-04   8.1732718E-04
   1.5538384E+03   4.6150000E+03   1.8920000E+03   1.6146339E-04   3.3501248E-04
   1.5538459E+03   4.5920000E+03   1.8760000E+03   7.6401675E-05   2.5486267E-04
   1.5538535E+03   4.6070000E+03   1.8740000E+03   1.4268920E-04   4.3942547E-04
   1.5538610E+03   4.6550000E+03   1.9160000E+03   1.3895039E-04   1.0643441E-04
   1.5538685E+03   4.6130000E+03   1.8930000E+03   2.1955535E-04   5.3835885E-04
   1.5538760E+03   4.6350000E+03   1.8420000E+03   8.8184375E-05   2.2336893E-04
   1.5538836E+03   4.6080000E+03   1.8670000E+03   5.7818934E-05   1.2831269E-04
   1.5538911E+03   4.6640000E+03   1.8840000E+03   1.7489145E-04   2.5939846E-04
   1.5538986E+03   4.5600000E+03   1.8000000E+03   1.1502372E-04   3.1542774E-04
   1.5539062E+03   4.5860000E+03   1.8530000E+03   1.2707676E-04   2.7504440E-04
   1.5539137E+03   4.6160000E+03   1.8390000E+03   5.9007564E-05   4.5390958E-06
   1.5539212E+03   4.6760000E+03   1.8700000E+03   5.9679197E-05   1.4772718E-04
   1.5539287E+03   4.7000000E+03   1.9050000E+03   2.6139429E-05   2.0296438E-04
   1.5539363E+03   4.6150000E+03   1.8800000E+03   2.7362873E-04   6.7170836E-04
   1.5539438E+03   4.5590000E+03   1.8610000E+03   1.4920278E-04   3.6623791E-04
   1.5539513E+03   4.6170000E+03   1.8730000E+03   1.0018556E-04   8.9363311E-05
   1.5539589E+03   4.6560000E+03   1.8380000E+03   8.4953391E-05   2.1446323E-04
   1.5539664E+03   4.5220000E+03   1.7750000E+03   4.0875347E-05   1.3507384E-04
   1.5539739E+03   4.6640000E+03   1.8650000E+03   8.0845556E-05   2.8587449E-05
   1.5539814E+03   4.4050000E+03   1.7000000E+03   1.3277493E-04   3.4394371E-04
   1.5539890E+03   4.5330000E+03   1.7850000E+03   9.8281273E-05   1.6109868E-05
   1.5539965E+03   4.4880000E+03   1.7600000E+03   1.3399423E-04   1.2318367E-04
   1.5540040E+03   4.6240000E+03   1.8680000E+03   4.2037313E-05   1.0347994E-04
   1.5540116E+03   4.4300000E+03   1.8070000E+03   8.1920448E-05   1.5199163E-04
   1.5540191E+03   4.5820000E+03   1.8160000E+03   2.7611934E-06   7.5576864E-06
   1.5540266E+03   4.4030000E+03   1.7430000E+03   1.6789105E-04   4.8655379E-04
   1.5540341E+03   4.4590000E+03   1.7270000E+03   1.0358311E-04   2.6750796E-04
   1.5540417E+03   4.4110000E+03   1.7360000E+03   1.8301065E-05   4.4913673E-05
   1.5540492E+03   4.5720000E+03   1.7400000E+03   1.2222027E-04   3.0881341E-04
   1.5540567E+03   4.5340000E+03   1.7490000E+03   2.0402866E-04   5.2975098E-04
   1.5540643E+03   4.4670000E+03   1.7170000E+03   1.0696630E-04   2.7690993E-04
   1.5540718E+03   4.5600000E+03   1.7930000E+03   1.7384647E-05   4.4287795E-05
   1.5540793E+03   4.4730000E+03   1.7240000E+03   2.0678228E-05   5.3859476E-05
   1.5540868E+03   4.4710000E+03   1.7660000E+03   2.9084211E-05   1.8021173E-04
   1.5540944E+03   4.2960000E+03   1.7030000E+03   2.0788043E-04   5.2497617E-04
   1.5541019E+03   4.3780000E+03   1.6860000E+03   6.9117346E-07   1.7751650E-06
   1.5541094E+03   4.5070000E+03   1.7480000E+03   3.4380492E-04   3.7976584E-04
   1.5541170E+03   4.4210000E+03   1.7050000E+03   3.4021743E-05   3.0083102E-04
   1.5541245E+03   4.4000000E+03   1.6750000E+03   8.1336439E-05   2.9519030E-04
   1.5541320E+03   4.3820000E+03   1.6390000E+03   1.0778462E-04   2.8806935E-04
   1.5541395E+03   4.3270000E+03   1.6880000E+03   1.3820322E-04   3.5455773E-04
   1.5541471E+03   4.4100000E+03   1.6360000E+03   1.0567386E-04   2.7273205E-04
   1.5541546E+03   4.2390000E+03   1.6010000E+03   5.1318242E-05   1.9253009E-04
   1.5541621E+03   4.2540000E+03   1.6240000E+03   2.7658153E-05   7.1792245E-05
   1.5541697E+03   4.2420000E+03   1.6230000E+03   1.7318930E-04   4.5266257E-04
   1.5541772E+03   4.3370000E+03   1.6430000E+03   2.9289434E-05   7.7453679E-05
   1.5541847E+03   4.3730000E+03   1.7050000E+03   1.4947045E-04   1.6191725E-04
   1.5541922E+03   4.3720000E+03   1.7050000E+03   5.3528310E-05   1.3703010E-04
   1.5541998E+03   4.2310000E+03   1.6400000E+03   6.7440221E-05   1.7397294E-04
   1.5542073E+03   4.4150000E+03   1.6520000E+03   2.7153864E-05   7.2913624E-05
   1.5542148E+03   4.2490000E+03   1.6060000E+03   1.6658544E-04   2.2551214E-04
   1.5542224E+03   4.3540000E+03   1.7000000E+03   1.7645533E-04   2.8613839E-04
   1.5542299E+03   4.3270000E+03   1.5740000E+03   1.1602662E-04   3.1909116E-04
   1.5542374E+03   4.3490000E+03   1.6930000E+03   1.2243092E-06   3.0069509E-06
   1.5542449E+03   4.2500000E+03   1.5640000E+03   9.8235071E-05   2.6548305E-04
   1.5542525E+03   4.2860000E+03   1.5690000E+03   1.9681168E-05   5.9822445E-05
   1.5542600E+03   4.1510000E+03   1.5540000E+03   1.3135687E-04   3.5096104E-04
   1.5542675E+03   4.3090000E+03   1.5990000E+03   1.9719027E-04   5.3184656E-04
   1.5542750E+03   4.2620000E+03   1.6060000E+03   8.9212604E-06   2.1794621E-05
   1.5542826E+03   4.4370000E+03   1.6670000E+03   4.2975820E-05   1.1444929E-04
   1.5542901E+03   4.2990000E+03   1.5790000E+03   1.2222980E-04   2.0675541E-04
   1.5542976E+03   4.2550000E+03   1.5920000E+03   2.4446963E-04   6.7087272E-04
   1.5543052E+03   4.1670000E+03   1.5680000E+03   5.1239545E-05   1.3533869E-04
   1.5543127E+03   4.2470000E+03   1.5840000E+03   1.0395977E-04   2.7833073E-04
   1.5543202E+03   4.1460000E+03   1.5230000E+03   1.0805859E-04   4.3300256E-04
   1.5543277E+03   4.2120000E+03   1.5760000E+03   1.1095507E-04   2.9684664E-04
   1.5543353E+03   4.3180000E+03   1.6040000E+03   3.8803158E-06   1.0401110E-05
   1.5543428E+03   4.0500000E+03   1.4890000E+03   2.1270745E-05   2.1705398E-05
   1.5543503E+03   4.2670000E+03   1.5580000E+03   1.9822334E-04   3.0738999E-04
   1.5543579E+03   4.2050000E+03   1.5260000E+03   1.0419481E-04   2.6918997E-04
   1.5543654E+03   4.3510000E+03   1.5600000E+03   3.2763684E-04   4.4216400E-04
   1.5543729E+03   4.3390000E+03   1.5600000E+03   7.8723656E-05   2.5814895E-05
   1.5543804E+03   4.1700000E+03   1.5450000E+03   1.1337989E-04   1.7840888E-04
   1.5543880E+03   4.2890000E+03   1.5490000E+03   4.9192660E-05   1.3048224E-04
   1.5543955E+03   4.1370000E+03   1.5160000E+03   3.3622475E-05   2.4105425E-04
   1.5544030E+03   4.0590000E+03   1.4270000E+03   3.3337107E-05   2.5678136E-06
   1.5544106E+03   4.0150000E+03   1.4260000E+03   1.1307560E-04   2.9435099E-06
   1.5544181E+03   4.1550000E+03   1.4650000E+03   1.1565192E-06   3.4071557E-06
   1.5544256E+03   4.1150000E+03   1.5200000E+03   1.5134432E-04   4.0979873E-04
   1.5544331E+03   4.1290000E+03   1.4710000E+03   1.6202006E-05   4.5272879E-05
   1.5544407E+03   4.1110000E+03   1.4580000E+03   1.2305009E-04   3.4615996E-04
   1.5544482E+03   4.0680000E+03   1.4240000E+03   3.1966193E-06   9.2291634E-06
   1.5544557E+03   4.0390000E+03   1.4500000E+03   5.4492699E-05   1.5107590E-04
   1.5544633E+03   4.0720000E+03   1.4470000E+03   1.4189897E-06   4.5321555E-06
   1.5544708E+03   4.2130000E+03   1.4970000E+03   4.5402765E-05   1.2776431E-04
   1.5544783E+03   4.0970000E+03   1.4740000E+03   1.2888156E-04   3.5816260E-04
   1.5544858E+03   4.0250000E+03   1.4180000E+03   1.0121100E-04   2.8613332E-04
   1.5544934E+03   4.1180000E+03   1.4120000E+03   3.5333545E-06   8.3093709E-06
   1.5545009E+03   4.0990000E+03   1.4020000E+03   5.3604382E-06   1.5524208E-05
   1.5545084E+03   4.0920000E+03   1.4080000E+03   7.6472072E-05   2.2216431E-04
   1.5545160E+03   3.9900000E+03   1.4080000E+03   9.5822535E-05   7.2075917E-05
   1.5545235E+03   4.1450000E+03   1.3850000E+03   9.0710766E-05   2.7156153E-04
   1.5545310E+03   4.0110000E+03   1.3750000E+03   3.5001567E-06   9.0979886E-06
   1.5545385E+03   3.9980000E+03   1.4340000E+03   3.1174037E-05   8.6910295E-05
   1.5545461E+03   4.0150000E+03   1.3820000E+03   5.1559275E-05   1.5017893E-04
   1.5545536E+03   3.9610000E+03   1.3640000E+03   1.2036662E-04   3.4928314E-04
   1.5545611E+03   3.9860000E+03   1.3710000E+03   4.1445796E-05   1.2173907E-04
   1.5545687E+03   3.9750000E+03   1.3270000E+03   1.1552480E-06   3.5928843E-06
   1.5545762E+03   4.0300000E+03   1.4080000E+03   6.8836639E-05   1.9699645E-04
   1.5545837E+03   4.1010000E+03   1.4100000E+03   1.5054653E-06   5.0539448E-06
   1.5545912E+03   3.9690000E+03   1.3670000E+03   6.9786683E-07   1.7524572E-06
   1.5545988E+03   4.0960000E+03   1.4310000E+03   1.1153683E-06   3.4869659E-06
   1.5546063E+03   4.0340000E+03   1.3910000E+03   5.6572198E-06   1.6302622E-05
   1.5546138E+03   3.8630000E+03   1.3450000E+03   4.6926745E-05   1.3430309E-04
   1.5546214E+03   3.9680000E+03   1.3520000E+03   7.0964660E-05   2.0819544E-04
   1.5546289E+03   3.9040000E+03   1.2980000E+03   1.2926592E-04   4.5336790E-06
   1.5546364E+03   4.0270000E+03   1.3540000E+03   2.7974609E-06   7.8619822E-06
   1.5546439E+03   4.0290000E+03   1.3530000E+03   7.6386439E-05   2.2731624E-04
   1.5546515E+03   3.9360000E+03   1.2920000E+03   4.7149886E-06   1.4347358E-05
   1.5546590E+03   3.9220000E+03   1.3190000E+03   1.6298780E-06   5.1240547E-06
   1.5546665E+03   3.8360000E+03   1.2800000E+03   1.2124253E-04   3.6355983E-04
   1.5546740E+03   3.8910000E+03   1.3220000E+03   8.6316543E-05   2.5458233E-04
   1.5546816E+03   3.8460000E+03   1.2590000E+03   2.1529869E-04   6.6014638E-04
   1.5546891E+03   3.9190000E+03   1.2820000E+03   1.2218122E-04   3.7127112E-04
   1.5546966E+03   3.8170000E+03   1.2450000E+03   2.4806021E-04   7.6060645E-04
   1.5547042E+03   3.8630000E+03   1.2720000E+03   1.2501378E-06   4.1213941E-06
   1.5547117E+03   3.7850000E+03   1.2890000E+03   9.6737147E-05   2.8389342E-04
   1.5547192E+03   3.8770000E+03   1.3030000E+03   6.8327214E-05   2.0394163E-04
   1.5547267E+03   3.8270000E+03   1.2890000E+03   1.0673700E-04   3.1638967E-04
   1.5547343E+03   3.8240000E+03   1.2560000E+03   5.5876852E-05   1.6796584E-04
   1.5547418E+03   3.8420000E+03   1.1930000E+03   1.3099261E-06   4.2418005E-06
   1.5547493E+03   3.8920000E+03   1.3230000E+03   6.3735297E-06   1.8850988E-05
   1.5547569E+03   3.7790000E+03   1.2610000E+03   1.2081140E-04   3.6211804E-04
   1.5547644E+03   3.7850000E+03   1.2750000E+03   8.2093965E-07   2.6951683E-06
   1.5547719E+03   3.8840000E+03   1.2780000E+03   3.5217354E-05   1.0739129E-04
   1.5547794E+03   3.8410000E+03   1.2670000E+03   2.4577621E-06   4.2670988E-06
   1.5547870E+03   3.7760000E+03   1.1640000E+03   1.2149279E-04   3.9608435E-04
   1.5547945E+03   3.7180000E+03   1.1740000E+03   1.9447987E-06   6.5625736E-06
   1.5548020E+03   3.7360000E+03   1.2210000E+03   1.7040248E-04   5.2297364E-04
   1.5548096E+03   3.6780000E+03   1.1990000E+03   7.0789845E-06   4.2139325E-06
   1.5548171E+03   3.9210000E+03   1.3360000E+03   1.3672246E-04   1.5334308E-04
   1.5548246E+03   3.7150000E+03   1.1560000E+03   1.6497289E-04   5.2938774E-04
   1.5548321E+03   3.7840000E+03   1.2000000E+03   9.9865097E-05   4.0603896E-04
   1.5548397E+03   3.7530000E+03   1.1950000E+03   8.5071506E-05   3.7923615E-04
   1.5548472E+03   3.8690000E+03   1.2800000E+03   1.1693231E-04   3.5332279E-04
   1.5548547E+03   3.7290000E+03   1.1770000E+03   8.6418379E-07   3.1180397E-06
   1.5548623E+03   3.7110000E+03   1.1740000E+03   2.5303933E-07   1.1863706E-06
   1.5548698E+03   3.7860000E+03   1.1430000E+03   4.4267988E-05   1.4741176E-04
   1.5548773E+03   3.7350000E+03   1.1640000E+03   2.6304732E-04   8.4423073E-04
   1.5548848E+03   3.8170000E+03   1.1990000E+03   8.6781743E-06   2.7104081E-05
   1.5548924E+03   3.7760000E+03   1.1840000E+03   7.7803201E-05   1.4398807E-05
   1.5548999E+03   3.6900000E+03   1.1630000E+03   2.6709027E-05   8.4893802E-05
   1.5549074E+03   3.7210000E+03   1.1330000E+03   1.6981730E-05   5.5914807E-05
   1.5549150E+03   3.7860000E+03   1.2270000E+03   9.5356794E-07   3.6528950E-06
   1.5549225E+03   3.6550000E+03   1.1170000E+03   4.5661943E-06   1.4830253E-05
   1.5549300E+03   3.7100000E+03   1.1310000E+03   6.8646037E-07   2.6666208E-06
   1.5549375E+03   3.5790000E+03   1.1310000E+03   1.8127058E-06   1.0686923E-05
   1.5549451E+03   3.6920000E+03   1.1190000E+03   1.4718122E-06   4.6970059E-06
   1.5549526E+03   3.5220000E+03   1.1060000E+03   1.3776260E-04   4.3898766E-04
   1.5549601E+03   3.6600000E+03   1.1840000E+03   5.2890724E-07   1.5695427E-06
   1.5549677E+03   3.7450000E+03   1.1360000E+03   2.5300166E-06   8.8272919E-06
   1.5549752E+03   3.7670000E+03   1.1340000E+03   7.7425121E-05   2.5842591E-04
   1.5549827E+03   3.6860000E+03   1.1630000E+03   1.3627459E-06   4.5671817E-06
   1.5549902E+03   3.7530000E+03   1.1700000E+03   1.1752133E-04   3.7701292E-04
   1.5549978E+03   3.6660000E+03   1.1080000E+03   2.9334150E-06   9.6852596E-06
   1.5550053E+03   3.6580000E+03   1.1260000E+03   9.7491285E-05   3.1642520E-04
   1.5550128E+03   3.5150000E+03   1.0620000E+03   3.8528023E-06   1.2201074E-05
   1.5550204E+03   3.5550000E+03   1.0460000E+03   3.1183856E-05   1.0605722E-04
   1.5550279E+03   3.5920000E+03   1.0860000E+03   8.8190330E-05   2.9156595E-04
   1.5550354E+03   3.6820000E+03   1.1440000E+03   7.5534355E-06   2.3231044E-05
   1.5550429E+03   3.6980000E+03   1.0920000E+03   3.4449436E-06   1.1510958E-05
   1.5550505E+03   3.5740000E+03   1.0640000E+03   1.4841731E-06   5.0522113E-06
   1.5550580E+03   3.6030000E+03   1.1220000E+03   6.2288399E-07   1.7405551E-06
   1.5550655E+03   3.5670000E+03   1.1140000E+03   2.0422023E-06   6.5848916E-06
   1.5550731E+03   3.5940000E+03   1.0970000E+03   6.7995428E-05   2.2293237E-04
   1.5550806E+03   3.4460000E+03   1.0640000E+03   2.7450955E-06   8.6948969E-06
   1.5550881E+03   3.5680000E+03   1.0800000E+03   6.0380837E-07   1.6294337E-06
   1.5550956E+03   3.4770000E+03   1.0260000E+03   8.2728519E-07   3.0175950E-06
   1.5551032E+03   3.5710000E+03   1.0800000E+03   3.6969192E-05   1.2258628E-04
   1.5551107E+03   3.5770000E+03   1.0770000E+03   2.6891680E-04   8.9311317E-04
   1.5551182E+03   3.5450000E+03   1.0780000E+03   8.0512517E-05   2.6484837E-04
   1.5551257E+03   3.7300000E+03   1.0970000E+03   2.1952310E-04   7.4639582E-04
   1.5551333E+03   3.6370000E+03   1.0450000E+03   5.2871045E-07   2.6780370E-06
   1.5551408E+03   3.5680000E+03   1.0520000E+03   1.7581109E-04   1.0276497E-04
   1.5551483E+03   3.5170000E+03   1.1040000E+03   7.3590082E-05   2.2926848E-04
   1.5551559E+03   3.5140000E+03   1.0130000E+03   2.3246719E-06   7.9564741E-06
   1.5551634E+03   3.6000000E+03   1.0520000E+03   2.5692218E-05   8.7764055E-05
   1.5551709E+03   3.5460000E+03   1.0190000E+03   2.9920465E-06   9.9447454E-06
   1.5551784E+03   3.4700000E+03   1.0310000E+03   1.0193461E-04   3.3911458E-04
   1.5551860E+03   3.5280000E+03   1.0220000E+03   2.6521060E-07   1.0606777E-06
   1.5551935E+03   3.5270000E+03   9.5800000E+02   3.8623439E-06   1.3844289E-05
   1.5552010E+03   3.5640000E+03   1.0410000E+03   7.8398315E-05   2.6911229E-04
   1.5552086E+03   3.5870000E+03   1.0780000E+03   3.0885930E-04   1.0276631E-03
   1.5552161E+03   3.4970000E+03   9.8100000E+02   4.5603822E-06   1.6887658E-05
   1.5552236E+03   3.4500000E+03   1.0040000E+03   4.5649514E-06   1.5863309E-05
   1.5552311E+03   3.4440000E+03   9.7800000E+02   8.3993867E-05   2.9637651E-04
   1.5552387E+03   3.5440000E+03   1.0450000E+03   2.8653431E-06   9.6141229E-06
   1.5552462E+03   3.5070000E+03   1.0220000E+03   3.7510891E-05   1.2876273E-04
   1.5552537E+03   3.5480000E+03   1.0080000E+03   1.3238611E-05   1.3082432E-04
   1.5552613E+03   3.4640000E+03   1.0160000E+03   9.0353075E-05   6.2610385E-06
   1.5552688E+03   3.5380000E+03   1.0740000E+03   2.8276062E-06   9.1102311E-06
   1.5552763E+03   3.4470000E+03   9.4000000E+02   3.8851050E-06   1.4004864E-05
   1.5552838E+03   3.4480000E+03   9.7500000E+02   7.1759032E-05   2.5289491E-04
   1.5552914E+03   3.4990000E+03   9.8300000E+02   1.5633403E-05   5.6050612E-05
   1.5552989E+03   3.3860000E+03   9.4200000E+02   1.3636876E-06   4.8458449E-06
   1.5553064E+03   3.4120000E+03   9.4400000E+02   2.9248181E-05   1.0562332E-04
   1.5553140E+03   3.3620000E+03   9.5400000E+02   2.6428681E-06   9.1562068E-06
   1.5553215E+03   3.5270000E+03   9.4500000E+02   6.7508075E-05   3.0278574E-05
   1.5553290E+03   3.4750000E+03   9.4300000E+02   3.6972918E-06   1.3468455E-05
   1.5553365E+03   3.4940000E+03   9.7400000E+02   2.4708371E-04   8.8705555E-04
   1.5553441E+03   3.4640000E+03   9.4900000E+02   8.9595535E-05   3.2703015E-04
   1.5553516E+03   3.3200000E+03   9.4000000E+02   1.0824440E-04   3.8269137E-04
   1.5553591E+03   3.3770000E+03   9.2100000E+02   8.8431038E-07   2.7118476E-06
   1.5553667E+03   3.4460000E+03   9.2700000E+02   1.2272553E-04   4.5621291E-04
   1.5553742E+03   3.4040000E+03   9.6300000E+02   5.4160488E-06   1.9013077E-05
   1.5553817E+03   3.4640000E+03   9.9900000E+02   1.0646183E-04   3.6718950E-04
   1.5553892E+03   3.5270000E+03   9.9600000E+02   9.4074600E-05   3.3324351E-04
   1.5553968E+03   3.3920000E+03   9.1900000E+02   2.6355868E-08   3.6029243E-06
   1.5554043E+03   3.5060000E+03   9.3800000E+02   3.6839944E-07   1.3188559E-06
   1.5554118E+03   3.4040000E+03   9.3500000E+02   4.6551903E-05   1.6950062E-04
   1.5554194E+03   3.3830000E+03   9.5100000E+02   2.0204447E-06   6.9924068E-06
   1.5554269E+03   3.3650000E+03   9.1500000E+02   1.4717131E-06   5.5076900E-06
   1.5554344E+03   3.3810000E+03   9.7300000E+02   6.4503198E-06   2.4183335E-05
   1.5554419E+03   3.4080000E+03   9.7800000E+02   2.0751241E-06   7.2207412E-06
   1.5554495E+03   3.4580000E+03   9.3100000E+02   4.0463780E-07   1.4700884E-06
   1.5554570E+03   3.4090000E+03   9.4300000E+02   3.0156728E-06   1.0848508E-05
   1.5554645E+03   3.4050000E+03   9.6900000E+02   3.0240096E-05   1.0619815E-04
   1.5554721E+03   3.3820000E+03   8.9100000E+02   4.6845623E-07   1.8284316E-06
   1.5554796E+03   3.3440000E+03   9.0100000E+02   4.2039551E-05   1.5307910E-04
   1.5554871E+03   3.3600000E+03   9.0400000E+02   9.0066114E-06   3.3549842E-05
   1.5554946E+03   3.2630000E+03   8.5900000E+02   6.7961387E-06   2.7172043E-05
   1.5555022E+03   3.2820000E+03   9.0600000E+02   1.2037391E-06   4.4425204E-06
   1.5555097E+03   3.3510000E+03   9.2500000E+02   9.0694813E-05   3.2814958E-04
   1.5555172E+03   3.2960000E+03   8.9400000E+02   6.1695603E-05   9.3798761E-05
   1.5555248E+03   3.4330000E+03   9.5000000E+02   8.4869569E-07   3.6860395E-06
   1.5555323E+03   3.2780000E+03   9.2600000E+02   4.9238359E-05   1.7373664E-04
   1.5555398E+03   3.3230000E+03   9.1000000E+02   3.0693309E-06   1.1286275E-05
   1.5555473E+03   3.3340000E+03   8.7100000E+02   1.1308870E-05   4.2974424E-05
   1.5555549E+03   3.3270000E+03   8.5800000E+02   1.2597064E-06   4.8600424E-06
   1.5555624E+03   3.3200000E+03   8.8500000E+02   1.3246085E-04   7.1979286E-05
   1.5555699E+03   3.2690000E+03   8.6700000E+02   3.2118730E-07   1.3019915E-06
   1.5555774E+03   3.3020000E+03   8.8100000E+02   4.4824071E-07   1.3869541E-06
   1.5555850E+03   3.2190000E+03   8.5600000E+02   1.4570351E-04   5.4926202E-04
   1.5555925E+03   3.2780000E+03   8.6600000E+02   1.5553593E-06   5.8008612E-06
   1.5556000E+03   3.3000000E+03   8.7000000E+02   1.2088021E-04   4.6049404E-04
   1.5556076E+03   3.3030000E+03   8.8600000E+02   3.0541695E-06   1.1508570E-05
   1.5556151E+03   3.2890000E+03   8.6500000E+02   3.0508935E-06   1.1646897E-05
   1.5556226E+03   3.3340000E+03   8.4500000E+02   1.3011661E-06   5.2054251E-06
   1.5556301E+03   3.2030000E+03   8.7200000E+02   5.0064114E-06   1.8266281E-05
   1.5556377E+03   3.2760000E+03   9.0400000E+02   8.9233565E-05   3.2243297E-04
   1.5556452E+03   3.2800000E+03   8.1600000E+02   6.8054078E-05   2.7347218E-04
   1.5556527E+03   3.2970000E+03   8.4600000E+02   6.8159543E-06   2.6684043E-05
   1.5556603E+03   3.2430000E+03   8.3400000E+02   3.1746452E-06   1.2400107E-05
   1.5556678E+03   3.3440000E+03   9.3300000E+02   9.4130510E-05   3.3735240E-04
   1.5556753E+03   3.3260000E+03   8.2500000E+02   4.0448660E-06   1.7813504E-05
   1.5556828E+03   3.2680000E+03   8.5700000E+02   9.4816789E-05   3.6214191E-04
   1.5556904E+03   3.1450000E+03   7.9100000E+02   9.6314538E-05   3.8300029E-04
   1.5556979E+03   3.2980000E+03   8.3600000E+02   1.5218727E-04   8.6337835E-04
   1.5557054E+03   3.2870000E+03   8.2200000E+02   3.0649306E-05   1.2267402E-04
   1.5557130E+03   3.2200000E+03   8.7900000E+02   2.2226684E-06   8.0915176E-06
   1.5557205E+03   3.2730000E+03   8.5300000E+02   7.3353091E-06   2.8451256E-05
   1.5557280E+03   3.2600000E+03   8.1600000E+02   3.7872920E-07   1.2375188E-06
   1.5557355E+03   3.2630000E+03   8.1700000E+02   2.4384918E-08   2.3561964E-07
   1.5557431E+03   3.3310000E+03   8.1400000E+02   1.1172124E-05   4.5676998E-05
   1.5557506E+03   3.1550000E+03   8.0700000E+02   5.3783009E-06   2.2516121E-05
   1.5557581E+03   3.2040000E+03   7.9300000E+02   3.7830125E-06   1.5435652E-05
   1.5557657E+03   3.2690000E+03   7.8900000E+02   7.1574002E-06   2.9131943E-05
   1.5557732E+03   3.1600000E+03   8.5000000E+02   2.4481310E-06   8.9126621E-06
   1.5557807E+03   3.1280000E+03   7.4600000E+02   4.5244274E-06   1.8947998E-05
   1.5557882E+03   3.1670000E+03   7.8500000E+02   1.4157821E-06   5.7454469E-06
   1.5557958E+03   3.1420000E+03   8.2800000E+02   4.3725364E-07   1.7083510E-06
   1.5558033E+03   3.1880000E+03   7.8000000E+02   2.3794101E-06   1.0036909E-05
   1.5558108E+03   3.1500000E+03   7.7800000E+02   3.5948927E-06   1.4649872E-05
   1.5558184E+03   3.1210000E+03   8.0700000E+02   1.1672978E-04   4.5273870E-04
   1.5558259E+03   3.0620000E+03   7.5100000E+02   1.8137524E-06   1.1556750E-05
   1.5558334E+03   3.1280000E+03   7.7000000E+02   1.1732310E-06   4.9212067E-06
   1.5558409E+03   3.1640000E+03   7.2100000E+02   2.4529839E-06   1.0664684E-05
   1.5558485E+03   3.2170000E+03   7.5700000E+02   8.5280573E-05   3.6246910E-04
   1.5558560E+03   3.1840000E+03   7.7600000E+02   8.7044985E-07   3.5168393E-06
   1.5558635E+03   3.1510000E+03   7.6500000E+02   8.3238568E-05   3.4282031E-04
   1.5558711E+03   3.2210000E+03   7.7000000E+02   2.6105477E-06   1.0924781E-05
   1.5558786E+03   3.1880000E+03   7.6500000E+02   1.5660453E-04   6.5337629E-04
   1.5558861E+03   3.0130000E+03   7.1700000E+02   8.8226807E-05   3.7045226E-04
   1.5558936E+03   3.1070000E+03   7.9400000E+02   3.8330232E-07   1.8628017E-06
   1.5559012E+03   3.1810000E+03   7.8000000E+02   5.9707505E-05   2.4342631E-04
   1.5559087E+03   3.1820000E+03   7.8300000E+02   9.5445427E-06   3.8737795E-05
   1.5559162E+03   3.0470000E+03   7.5700000E+02   1.6335669E-05   6.5631450E-05
   1.5559238E+03   3.0890000E+03   7.7400000E+02   1.2145627E-06   5.2453453E-06
   1.5559313E+03   3.0860000E+03   7.2400000E+02   6.1940573E-07   2.5915095E-06
   1.5559388E+03   3.2030000E+03   7.7700000E+02   2.3411554E-04   9.6517172E-04
   1.5559463E+03   3.1270000E+03   7.5600000E+02   1.3780722E-06   6.0917112E-06
   1.5559539E+03   3.1590000E+03   7.5800000E+02   3.7778275E-06   1.5822952E-05
   1.5559614E+03   3.1890000E+03   7.9900000E+02   7.1334761E-07   2.7541826E-06
   1.5559689E+03   3.0550000E+03   7.2300000E+02   1.5680044E-06   6.5057318E-06
   1.5559765E+03   3.0390000E+03   7.5500000E+02   1.0294400E-04   4.1433233E-04
   1.5559840E+03   3.1470000E+03   7.1400000E+02   1.9328741E-06   8.7180019E-06
   1.5559915E+03   3.0130000E+03   7.4600000E+02   2.2100262E-06   8.8875671E-06
   1.5559990E+03   3.1830000E+03   7.4000000E+02   3.7517874E-06   1.6115012E-05
   1.5560066E+03   3.0110000E+03   7.0000000E+02   9.4464356E-06   4.0819454E-05
   1.5560141E+03   3.0860000E+03   7.3800000E+02   3.9316404E-06   3.2766410E-06
   1.5560216E+03   3.0480000E+03   7.1100000E+02   1.5283354E-04   6.5457765E-04
   1.5560291E+03   3.1690000E+03   7.3300000E+02   3.5128595E-06   1.5945834E-05
   1.5560367E+03   3.0830000E+03   7.1800000E+02   1.2017140E-06   5.5412998E-06
   1.5560442E+03   3.1150000E+03   7.7100000E+02   2.2905159E-06   1.3642406E-05
   1.5560517E+03   3.1840000E+03   7.8900000E+02   5.1443645E-07   1.3493388E-06
   1.5560593E+03   3.0900000E+03   6.9200000E+02   3.7680844E-05   1.6830222E-04
   1.5560668E+03   3.1080000E+03   7.3100000E+02   1.3063926E-04   5.5543084E-04
   1.5560743E+03   3.1020000E+03   7.5900000E+02   2.8385548E-06   1.1778437E-05
   1.5560818E+03   3.0740000E+03   7.6100000E+02   3.4754289E-05   1.4042006E-04
   1.5560894E+03   3.0820000E+03   7.5300000E+02   1.4020579E-04   5.7379300E-04
   1.5560969E+03   2.9760000E+03   6.7100000E+02   1.6398304E-06   7.1805670E-06
   1.5561044E+03   3.1720000E+03   7.2700000E+02   3.2789764E-06   2.8366492E-06
   1.5561120E+03   3.0740000E+03   7.4700000E+02   2.2347618E-04   8.6674492E-04
   1.5561195E+03   3.1500000E+03   7.2100000E+02   3.6127081E-06   5.6564441E-06
   1.5561270E+03   3.0460000E+03   7.0500000E+02   2.2763644E-04   9.8353998E-04
   1.5561345E+03   3.0460000E+03   7.0700000E+02   5.0890235E-07   2.2393762E-06
   1.5561421E+03   3.0880000E+03   7.1500000E+02   1.6532155E-06   7.4804560E-06
   1.5561496E+03   3.0320000E+03   6.8100000E+02   1.2218772E-04   5.4372815E-04
   1.5561571E+03   3.0640000E+03   6.7300000E+02   1.2102960E-06   5.4930161E-06
   1.5561647E+03   2.9090000E+03   6.6100000E+02   2.7788406E-06   1.2026108E-05
   1.5561722E+03   3.0420000E+03   7.0100000E+02   1.8982553E-06   7.9840255E-06
   1.5561797E+03   3.0450000E+03   7.3700000E+02   1.8155263E-05   7.4985855E-05
   1.5561872E+03   3.0040000E+03   6.8600000E+02   4.3025815E-06   1.8443912E-05
   1.5561948E+03   3.0010000E+03   6.7400000E+02   2.4406801E-04   1.0870253E-03
   1.5562023E+03   3.0770000E+03   7.0500000E+02   5.5440142E-05   2.4185184E-04
   1.5562098E+03   3.0770000E+03   7.2800000E+02   4.1682783E-07   1.9742268E-06
   1.5562174E+03   2.9640000E+03   6.9800000E+02   6.1986021E-07   2.3140165E-06
   1.5562249E+03   3.1220000E+03   7.0600000E+02   5.0855193E-07   4.1811453E-06
   1.5562324E+03   2.9380000E+03   6.4800000E+02   6.0327975E-05   2.7264227E-04
   1.5562399E+03   3.0260000E+03   7.0200000E+02   3.6582190E-07   1.8993001E-06
   1.5562475E+03   2.9310000E+03   6.6500000E+02   9.8423521E-07   3.8811794E-06
   1.5562550E+03   2.9300000E+03   6.7200000E+02   1.5636216E-06   7.0088667E-06
   1.5562625E+03   2.9800000E+03   7.0300000E+02   1.4332836E-05   6.0715916E-05
   1.5562701E+03   2.9190000E+03   6.7400000E+02   5.3496348E-07   2.4360429E-06
   1.5562776E+03   2.9560000E+03   6.5800000E+02   1.1612497E-04   5.2160253E-04
   1.5562851E+03   2.9080000E+03   6.6200000E+02   5.0873718E-06   2.2882551E-05
   1.5562926E+03   2.9630000E+03   7.0400000E+02   2.2272665E-04   9.3722258E-04
   1.5563002E+03   2.9520000E+03   6.3100000E+02   1.2936729E-06   5.1907610E-06
   1.5563077E+03   2.9200000E+03   6.6900000E+02   5.0004994E-06   2.1864515E-05
   1.5563152E+03   3.0390000E+03   7.1000000E+02   5.0471956E-05   2.1544763E-04
   1.5563228E+03   2.9510000E+03   7.1900000E+02   1.1768052E-06   4.9818371E-06
   1.5563303E+03   2.8740000E+03   6.3200000E+02   8.0746548E-07   3.6578434E-06
   1.5563378E+03   2.9940000E+03   6.9400000E+02   7.7692382E-05   3.3521636E-04
   1.5563453E+03   2.9620000E+03   6.3700000E+02   3.0746296E-04   1.4214752E-03
   1.5563529E+03   2.9870000E+03   6.2500000E+02   8.5915372E-06   4.1258481E-05
   1.5563604E+03   2.9070000E+03   6.4200000E+02   1.6171623E-06   7.4624331E-06
   1.5563679E+03   3.0120000E+03   6.7200000E+02   4.0087678E-06   1.7978463E-05
   1.5563755E+03   2.9600000E+03   6.5200000E+02   3.1359296E-06   1.4275622E-05
   1.5563830E+03   2.9010000E+03   6.3700000E+02   1.2664666E-05   5.7711262E-05
   1.5563905E+03   2.9620000E+03   6.7000000E+02   3.8621022E-06   1.7695716E-05
   1.5563980E+03   2.8880000E+03   6.4800000E+02   3.5732832E-05   1.5891165E-04
   1.5564056E+03   2.9060000E+03   6.3800000E+02   1.5552459E-05   7.1011890E-05
   1.5564131E+03   3.0290000E+03   6.4100000E+02   1.1849516E-05   5.5873208E-05
   1.5564206E+03   2.8550000E+03   6.4500000E+02   6.1208229E-06   2.8929905E-05
   1.5564282E+03   2.8280000E+03   6.0300000E+02   1.3021458E-05   6.1235052E-05
   1.5564357E+03   2.8250000E+03   6.2000000E+02   9.2406117E-06   3.8480333E-05
   1.5564432E+03   2.8880000E+03   6.1400000E+02   4.3753108E-06   2.0472530E-05
   1.5564507E+03   2.9060000E+03   6.2000000E+02   1.1725504E-04   5.4923013E-04
   1.5564583E+03   2.8770000E+03   6.5000000E+02   5.0189426E-06   2.2457568E-05
   1.5564658E+03   2.9000000E+03   6.2400000E+02   9.0099607E-07   4.2868360E-06
   1.5564733E+03   2.9720000E+03   5.9400000E+02   1.6353912E-04   8.1819213E-04
   1.5564808E+03   2.8620000E+03   5.9700000E+02   5.4308183E-06   2.7938271E-05
   1.5564884E+03   2.9270000E+03   6.6500000E+02   5.1057322E-07   2.3242635E-06
   1.5564959E+03   2.8360000E+03   5.9100000E+02   2.2469236E-05   1.0753024E-04
   1.5565034E+03   2.8800000E+03   6.0000000E+02   6.5034681E-07   6.1317065E-06
   1.5565110E+03   2.9150000E+03   6.2800000E+02   3.0116532E-04   1.3987123E-03
   1.5565185E+03   2.8940000E+03   6.0800000E+02   3.3931518E-06   1.6375046E-05
   1.5565260E+03   2.8700000E+03   6.3400000E+02   5.2101961E-06   2.3617702E-05
   1.5565335E+03   2.7870000E+03   6.1500000E+02   4.2989680E-06   1.9700062E-05
   1.5565411E+03   2.7560000E+03   5.9200000E+02   6.7450229E-07   3.4246165E-06
   1.5565486E+03   2.8120000E+03   6.1300000E+02   5.7811355E-07   2.6057095E-06
   1.5565561E+03   2.8500000E+03   6.1600000E+02   4.3631753E-06   2.0726765E-05
   1.5565637E+03   2.7450000E+03   5.4200000E+02   2.3820729E-06   1.2152928E-05
   1.5565712E+03   2.8820000E+03   6.0500000E+02   3.1632653E-06   1.5010105E-05
   1.5565787E+03   2.7830000E+03   5.5800000E+02   1.3709914E-06   6.7370270E-06
   1.5565862E+03   2.7700000E+03   5.6000000E+02   4.6684438E-05   2.3003352E-04
   1.5565938E+03   2.7400000E+03   5.7300000E+02   1.1541480E-05   5.5263416E-05
   1.5566013E+03   2.8660000E+03   5.9700000E+02   1.0611385E-06   6.0559274E-06
   1.5566088E+03   2.7750000E+03   5.6700000E+02   4.2469247E-07   1.8066988E-06
   1.5566164E+03   2.8400000E+03   5.6500000E+02   8.7381997E-07   4.4937972E-06
   1.5566239E+03   2.8140000E+03   5.5300000E+02   5.1549684E-06   2.6172056E-05
   1.5566314E+03   2.8150000E+03   5.6300000E+02   1.4019231E-04   7.0030815E-04
   1.5566389E+03   2.8040000E+03   5.7700000E+02   3.1897653E-06   1.4990314E-05
   1.5566465E+03   2.8740000E+03   5.8100000E+02   2.5718583E-07   1.3011213E-06
   1.5566540E+03   2.8340000E+03   5.9800000E+02   7.6880792E-07   3.5047596E-06
   1.5566615E+03   2.7270000E+03   5.4800000E+02   1.1213440E-06   4.9726117E-06
   1.5566691E+03   2.8270000E+03   5.6100000E+02   3.2675146E-06   1.6395045E-05
   1.5566766E+03   2.7920000E+03   5.8300000E+02   9.3140813E-07   4.4100634E-06
   1.5566841E+03   2.7700000E+03   5.8500000E+02   9.7773929E-07   4.5650452E-06
   1.5566916E+03   2.8790000E+03   5.8000000E+02   2.8067607E-06   1.4678905E-05
   1.5566992E+03   2.7680000E+03   5.2100000E+02   1.8657930E-07   1.0830168E-06
   1.5567067E+03   2.8590000E+03   5.4600000E+02   8.6129357E-07   4.5953678E-06
   1.5567142E+03   2.8060000E+03   5.7000000E+02   1.2585015E-05   6.1975412E-05
   1.5567218E+03   2.7950000E+03   5.3900000E+02   7.2411683E-07   3.5626615E-06
   1.5567293E+03   2.7610000E+03   5.9700000E+02   2.3958360E-06   1.0888009E-05
   1.5567368E+03   2.7000000E+03   5.2700000E+02   2.0582767E-06   1.0503436E-05
   1.5567443E+03   2.7470000E+03   5.7000000E+02   6.8408383E-06   3.2973090E-05
   1.5567519E+03   2.7870000E+03   5.7600000E+02   2.3820337E-07   1.0271645E-06
   1.5567594E+03   2.7510000E+03   5.3200000E+02   4.2071048E-07   2.2045486E-06
   1.5567669E+03   2.7300000E+03   5.2000000E+02   8.9068183E-07   4.5266923E-06
   1.5567745E+03   2.7420000E+03   5.4400000E+02   2.2592026E-04   1.1382985E-03
   1.5567820E+03   2.7660000E+03   5.7000000E+02   5.2324099E-05   7.7913643E-05
   1.5567895E+03   2.7650000E+03   5.4400000E+02   5.3528000E-05   2.7215612E-04
   1.5567970E+03   2.7090000E+03   5.4400000E+02   6.6051780E-07   3.5618558E-06
   1.5568046E+03   2.7140000E+03   5.2800000E+02   2.4072878E-07   1.3698871E-06
   1.5568121E+03   2.7470000E+03   5.5000000E+02   2.6365150E-06   1.3242084E-05
   1.5568196E+03   2.6810000E+03   5.1800000E+02   2.1692257E-05   1.1264623E-04
   1.5568272E+03   2.7330000E+03   5.3800000E+02   1.3653363E-05   6.9494520E-05
   1.5568347E+03   2.8210000E+03   6.2300000E+02   3.2207079E-06   1.5107015E-05
   1.5568422E+03   2.7740000E+03   5.5900000E+02   2.6990183E-06   1.3263208E-05
   1.5568497E+03   2.7100000E+03   5.2300000E+02   2.9076347E-04   1.5064086E-03
   1.5568573E+03   2.8140000E+03   5.1100000E+02   1.0333090E-06   5.9622347E-06
   1.5568648E+03   2.7330000E+03   5.2800000E+02   1.0784890E-06   5.0298736E-06
   1.5568723E+03   2.6900000E+03   5.2000000E+02   9.2560324E-06   4.7824102E-05
   1.5568799E+03   2.6890000E+03   5.5900000E+02   5.4302903E-07   2.6228206E-06
   1.5568874E+03   2.7320000E+03   5.2900000E+02   7.8652810E-06   4.0594485E-05
   1.5568949E+03   2.8320000E+03   5.5200000E+02   7.7410568E-05   3.9680306E-04
   1.5569024E+03   2.7160000E+03   5.4400000E+02   3.2850065E-06   1.6284535E-05
   1.5569100E+03   2.6660000E+03   4.7900000E+02   5.7598609E-06   3.2489356E-05
   1.5569175E+03   2.7600000E+03   5.4900000E+02   1.0928731E-06   5.4152820E-06
   1.5569250E+03   2.7280000E+03   5.3400000E+02   3.0739294E-04   1.5188876E-03
   1.5569325E+03   2.6980000E+03   5.1700000E+02   1.3499370E-06   6.9073499E-06
   1.5569401E+03   2.6980000E+03   5.5500000E+02   9.5786348E-07   4.5055576E-06
   1.5569476E+03   2.7290000E+03   5.1100000E+02   3.2914410E-04   1.7577978E-03
   1.5569551E+03   2.6270000E+03   4.8800000E+02   8.2114759E-07   4.8510388E-06
   1.5569627E+03   2.6520000E+03   4.9600000E+02   7.6044219E-07   3.3785931E-06
   1.5569702E+03   2.7360000E+03   5.2600000E+02   2.0338029E-06   1.0357232E-05
   1.5569777E+03   2.5840000E+03   4.9000000E+02   1.3662617E-06   6.9268233E-06
   1.5569852E+03   2.6710000E+03   5.0000000E+02   5.8531949E-07   3.3623356E-06
   1.5569928E+03   2.7550000E+03   5.3400000E+02   2.4816468E-06   1.2608984E-05
   1.5570003E+03   2.7520000E+03   5.1500000E+02   3.2105294E-07   1.7217912E-06
   1.5570078E+03   2.6770000E+03   5.3100000E+02   5.9534106E-06   3.2508931E-05
   1.5570154E+03   2.7100000E+03   5.0200000E+02   2.9505594E-07   1.1575927E-06
   1.5570229E+03   2.6140000E+03   4.9500000E+02   2.3445177E-06   1.2307441E-05
   1.5570304E+03   2.7050000E+03   4.6900000E+02   9.1424325E-07   5.0419595E-06
   1.5570379E+03   2.6470000E+03   5.3200000E+02   2.8506367E-06   1.4259769E-05
   1.5570455E+03   2.6890000E+03   5.2600000E+02   2.9817576E-06   1.1795215E-05
   1.5570530E+03   2.7140000E+03   5.0600000E+02   4.5989647E-07   2.5584791E-06
   1.5570605E+03   2.6640000E+03   5.0200000E+02   8.2124234E-07   4.2742167E-06
   1.5570681E+03   2.7150000E+03   5.4400000E+02   1.0903471E-04   5.4425158E-04
   1.5570756E+03   2.7060000E+03   5.0400000E+02   6.7006178E-06   3.6164777E-05
   1.5570831E+03   2.6550000E+03   4.8100000E+02   7.3007910E-06   4.0409087E-05
   1.5570906E+03   2.7300000E+03   4.8900000E+02   1.6988560E-06   3.4309237E-06
   1.5570982E+03   2.5800000E+03   5.0100000E+02   9.0018306E-07   5.4416462E-06
   1.5571057E+03   2.5970000E+03   4.7300000E+02   4.9032336E-07   2.3490732E-06
   1.5571132E+03   2.6850000E+03   4.8700000E+02   1.1247770E-06   6.2513589E-06
   1.5571208E+03   2.6640000E+03   4.8200000E+02   1.6833079E-06   9.2950403E-06
   1.5571283E+03   2.5920000E+03   4.7600000E+02   5.6294841E-06   3.0293995E-05
   1.5571358E+03   2.5910000E+03   4.7400000E+02   8.7424785E-07   4.9627160E-06
   1.5571433E+03   2.6640000E+03   4.8400000E+02   2.1552301E-06   1.1981704E-05
   1.5571509E+03   2.5110000E+03   4.3600000E+02   1.2068727E-06   6.9964288E-06
   1.5571584E+03   2.6200000E+03   4.6100000E+02   4.5574209E-07   2.6987974E-06
   1.5571659E+03   2.6940000E+03   4.9000000E+02   4.3316465E-07   2.0356762E-06
   1.5571735E+03   2.6860000E+03   5.0700000E+02   1.4546887E-07   7.2651270E-07
   1.5571810E+03   2.6750000E+03   4.8000000E+02   2.2126081E-07   1.2134413E-06
   1.5571885E+03   2.5570000E+03   4.4700000E+02   1.1228290E-06   4.7766445E-06
   1.5571960E+03   2.6910000E+03   4.8600000E+02   4.3952615E-07   2.0492648E-06
   1.5572036E+03   2.6610000E+03   4.4200000E+02   4.8504360E-07   3.0083452E-06
   1.5572111E+03   2.5250000E+03   4.3700000E+02   5.9462574E-07   3.0085591E-06
   1.5572186E+03   2.6960000E+03   4.5600000E+02   9.2922452E-07   5.8514008E-06
   1.5572262E+03   2.6220000E+03   4.8900000E+02   1.0980835E-06   5.6521672E-06
   1.5572337E+03   2.6380000E+03   4.2800000E+02   5.7336473E-07   3.7832021E-06
   1.5572412E+03   2.5110000E+03   4.5100000E+02   5.5030685E-07   2.5674176E-06
   1.5572487E+03   2.5920000E+03   4.4000000E+02   2.7456138E-07   1.7277520E-06
   1.5572563E+03   2.6060000E+03   4.4500000E+02   1.8666577E-04   1.0927484E-03
   1.5572638E+03   2.5690000E+03   4.8500000E+02   2.0338973E-06   1.0759145E-05
   1.5572713E+03   2.5890000E+03   4.6200000E+02   6.9943464E-07   3.9379046E-06
   1.5572789E+03   2.6300000E+03   4.7800000E+02   5.8474171E-05   3.2168156E-04
   1.5572864E+03   2.6360000E+03   5.0500000E+02   1.3310077E-05   6.9490708E-05
   1.5572939E+03   2.5670000E+03   4.8000000E+02   8.7018779E-07   4.6103257E-06
   1.5573014E+03   2.5180000E+03   4.4500000E+02   5.7923376E-05   3.2772743E-04
   1.5573090E+03   2.5710000E+03   4.3300000E+02   5.7960115E-07   3.4065397E-06
   1.5573165E+03   2.6340000E+03   4.6000000E+02   2.3467573E-05   1.3441218E-04
   1.5573240E+03   2.5910000E+03   4.3900000E+02   1.1270308E-06   6.2927450E-06
   1.5573316E+03   2.5700000E+03   4.2000000E+02   1.4787510E-06   8.6588752E-06
   1.5573391E+03   2.5400000E+03   4.4600000E+02   4.5184883E-06   2.5716674E-05
   1.5573466E+03   2.5550000E+03   4.3700000E+02   2.0216863E-07   1.3125181E-06
   1.5573541E+03   2.6120000E+03   4.4500000E+02   7.9902547E-07   5.1883725E-06
   1.5573617E+03   2.5800000E+03   4.2100000E+02   1.1872228E-06   7.2669786E-06
   1.5573692E+03   2.5870000E+03   4.4700000E+02   1.2831602E-06   7.5607004E-06
   1.5573767E+03   2.5330000E+03   4.1200000E+02   3.4325734E-06   2.0944144E-05
   1.5573842E+03   2.5540000E+03   4.1100000E+02   1.1058087E-04   6.8739949E-04
   1.5573918E+03   2.5090000E+03   4.4800000E+02   5.8439121E-05   3.2755528E-04
   1.5573993E+03   2.4380000E+03   4.0800000E+02   1.6251194E-06   9.7763073E-06
   1.5574068E+03   2.4840000E+03   4.6300000E+02   7.7974226E-05   9.8852364E-06
   1.5574144E+03   2.5470000E+03   4.1600000E+02   2.7384131E-07   2.1548023E-06
   1.5574219E+03   2.5190000E+03   4.0500000E+02   2.6519118E-06   1.6540791E-05
   1.5574294E+03   2.5650000E+03   4.1000000E+02   5.9342320E-06   3.7148817E-05
   1.5574369E+03   2.5020000E+03   4.1200000E+02   1.2899604E-04   7.8360667E-04
   1.5574445E+03   2.5590000E+03   4.1900000E+02   6.6710049E-06   3.8743177E-05
   1.5574520E+03   2.5330000E+03   4.0700000E+02   1.7758386E-07   1.2361332E-06
   1.5574595E+03   2.5540000E+03   4.2400000E+02   1.9720465E-06   1.2160249E-05
   1.5574671E+03   2.5380000E+03   4.2300000E+02   4.6316478E-07   2.9619374E-06
   1.5574746E+03   2.5440000E+03   4.2800000E+02   3.3346621E-06   1.9777690E-05
   1.5574821E+03   2.5700000E+03   4.0900000E+02   1.0973279E-06   6.5964864E-06
   1.5574896E+03   2.4920000E+03   4.1000000E+02   5.1159562E-07   3.8656414E-06
   1.5574972E+03   2.4830000E+03   4.1400000E+02   6.9497717E-08   1.5092508E-06
   1.5575047E+03   2.5090000E+03   3.9500000E+02   1.6516158E-06   1.0701364E-05
   1.5575122E+03   2.3990000E+03   3.9200000E+02   2.0641144E-07   1.4549079E-06
   1.5575198E+03   2.5470000E+03   4.4100000E+02   2.5272320E-04   1.4593599E-03
   1.5575273E+03   2.5770000E+03   3.9700000E+02   2.4723902E-06   9.1581734E-06
   1.5575348E+03   2.4520000E+03   3.8000000E+02   1.8883619E-06   1.2296328E-05
   1.5575423E+03   2.5350000E+03   3.8300000E+02   9.2520077E-07   6.3269958E-06
   1.5575499E+03   2.4290000E+03   4.1500000E+02   2.5510597E-07   8.4741835E-07
   1.5575574E+03   2.4740000E+03   4.1700000E+02   1.7955581E-06   1.0707237E-05
   1.5575649E+03   2.4810000E+03   4.2500000E+02   1.8949187E-05   1.1025793E-04
   1.5575725E+03   2.5470000E+03   4.3300000E+02   5.4161598E-07   3.2449327E-06
   1.5575800E+03   2.4030000E+03   4.0200000E+02   1.0379443E-04   6.1478126E-04
   1.5575875E+03   2.4430000E+03   3.5800000E+02   1.6644085E-06   1.1353160E-05
   1.5575950E+03   2.3750000E+03   3.1300000E+02   9.1102353E-07   7.0545013E-06
   1.5576026E+03   2.4700000E+03   3.7900000E+02   3.1020382E-05   2.0213478E-04
   1.5576101E+03   2.4710000E+03   3.7500000E+02   3.7930925E-07   2.5924974E-06
   1.5576176E+03   2.4860000E+03   3.8500000E+02   1.9608577E-05   1.2668072E-04
   1.5576252E+03   2.5250000E+03   4.1500000E+02   1.3908446E-06   8.2348442E-06
   1.5576327E+03   2.4490000E+03   3.7600000E+02   2.1756758E-04   1.4170299E-03
   1.5576402E+03   2.4720000E+03   3.9100000E+02   1.4235758E-06   9.1458735E-06
   1.5576477E+03   2.4510000E+03   3.4900000E+02   6.4779812E-06   4.5737541E-05
   1.5576553E+03   2.5090000E+03   4.1500000E+02   1.5534890E-06   9.3543284E-06
   1.5576628E+03   2.5020000E+03   3.9900000E+02   2.3495814E-05   1.4745222E-04
   1.5576703E+03   2.4010000E+03   3.7600000E+02   1.2006696E-07   1.5750451E-06
   1.5576779E+03   2.4160000E+03   3.7400000E+02   5.4372349E-07   3.4542982E-06
   1.5576854E+03   2.5170000E+03   3.6800000E+02   1.2434797E-05   8.5124913E-05
   1.5576929E+03   2.4510000E+03   3.6200000E+02   2.7796089E-06   1.8684803E-05
   1.5577004E+03   2.4370000E+03   3.6600000E+02   4.8530750E-07   2.9512072E-06
   1.5577080E+03   2.4100000E+03   3.7100000E+02   5.2177744E-06   3.3945295E-05
   1.5577155E+03   2.4810000E+03   3.7100000E+02   1.3847443E-06   8.8092445E-06
   1.5577230E+03   2.4070000E+03   3.6200000E+02   2.1711258E-06   1.4366890E-05
   1.5577306E+03   2.4410000E+03   3.9200000E+02   1.6538983E-06   1.0523005E-05
   1.5577381E+03   2.4390000E+03   3.8300000E+02   4.8906278E-08   9.1522303E-07
   1.5577456E+03   2.4340000E+03   3.8700000E+02   7.4204641E-07   4.6453778E-06
   1.5577531E+03   2.4410000E+03   3.5700000E+02   1.2827376E-04   8.7695288E-04
   1.5577607E+03   2.4020000E+03   3.8400000E+02   8.9161897E-07   5.5170559E-06
   1.5577682E+03   2.3610000E+03   3.6400000E+02   3.7697923E-06   2.4140620E-05
   1.5577757E+03   2.4300000E+03   3.3700000E+02   2.9405701E-07   3.1880165E-06
   1.5577833E+03   2.3950000E+03   3.4300000E+02   5.1254246E-07   3.7128182E-06
   1.5577908E+03   2.4830000E+03   3.4900000E+02   1.8528558E-04   1.3181714E-03
   1.5577983E+03   2.3490000E+03   3.5800000E+02   1.0835567E-06   7.1846369E-06
   1.5578058E+03   2.3910000E+03   3.6200000E+02   1.5913969E-06   1.0451169E-05
   1.5578134E+03   2.4380000E+03   3.6500000E+02   2.6076721E-06   1.7726887E-05
   1.5578209E+03   2.3870000E+03   3.3800000E+02   9.1008935E-07   6.4641749E-06
   1.5578284E+03   2.3990000E+03   3.6000000E+02   6.8117538E-07   4.9533630E-06
   1.5578359E+03   2.3440000E+03   3.4800000E+02   7.0311402E-07   4.6306094E-06
   1.5578435E+03   2.4050000E+03   3.4700000E+02   9.8064581E-07   6.4345235E-06
   1.5578510E+03   2.4040000E+03   3.5100000E+02   3.7399083E-06   2.5323152E-05
   1.5578585E+03   2.4110000E+03   3.4300000E+02   1.3138312E-06   8.8916700E-06
   1.5578661E+03   2.4130000E+03   3.5200000E+02   3.2303251E-07   2.1245487E-06
   1.5578736E+03   2.2600000E+03   3.1800000E+02   1.8042169E-06   1.1741949E-05
   1.5578811E+03   2.4020000E+03   3.3200000E+02   1.5874640E-04   1.1483939E-03
   1.5578886E+03   2.2950000E+03   3.4800000E+02   7.7744502E-07   1.5819249E-06
   1.5578962E+03   2.4610000E+03   3.8700000E+02   3.3340929E-07   2.2457667E-06
   1.5579037E+03   2.4300000E+03   3.4400000E+02   1.5871731E-05   1.1207630E-04
   1.5579112E+03   2.3840000E+03   3.8200000E+02   6.0332863E-07   3.9068894E-06
   1.5579188E+03   2.3550000E+03   3.0400000E+02   2.4313466E-04   1.8834582E-03
   1.5579263E+03   2.3700000E+03   3.2900000E+02   1.9376553E-06   1.3595871E-05
   1.5579338E+03   2.3390000E+03   3.4000000E+02   8.8296893E-07   5.8478883E-06
   1.5579413E+03   2.3960000E+03   3.4700000E+02   1.0403354E-06   7.2039670E-06
   1.5579489E+03   2.3850000E+03   3.4200000E+02   1.0451697E-06   7.2696208E-06
   1.5579564E+03   2.2950000E+03   3.6100000E+02   5.2422870E-07   2.6375563E-06
   1.5579639E+03   2.3670000E+03   2.9800000E+02   7.4258824E-06   5.9058607E-05
   1.5579715E+03   2.3640000E+03   3.4400000E+02   4.8841744E-07   3.2614308E-06
   1.5579790E+03   2.3190000E+03   3.3700000E+02   9.4785123E-07   4.3850881E-06
   1.5579865E+03   2.3270000E+03   3.2500000E+02   6.3269958E-05   4.5286772E-04
   1.5579940E+03   2.2460000E+03   3.4800000E+02   4.6284331E-06   2.9917950E-05
   1.5580016E+03   2.3230000E+03   3.0100000E+02   5.4571105E-05   4.2132028E-04
   1.5580091E+03   2.2940000E+03   3.1600000E+02   1.2121701E-06   8.7152532E-06
   1.5580166E+03   2.2870000E+03   3.4900000E+02   1.9242845E-05   1.2610607E-04
   1.5580242E+03   2.3700000E+03   3.5300000E+02   9.9179276E-06   6.6613440E-05
   1.5580317E+03   2.3020000E+03   3.2700000E+02   2.3901311E-07   2.2186967E-06
   1.5580392E+03   2.2800000E+03   3.1900000E+02   3.7757162E-04   2.6900958E-03
   1.5580467E+03   2.3490000E+03   3.5400000E+02   4.3492415E-07   3.0586254E-06
   1.5580543E+03   2.4320000E+03   3.1600000E+02   5.6465611E-06   4.4183287E-05
   1.5580618E+03   2.3460000E+03   3.5900000E+02   4.0023090E-06   2.6219134E-05
   1.5580693E+03   2.3040000E+03   3.1600000E+02   5.4479916E-07   3.6836765E-06
   1.5580769E+03   2.3750000E+03   3.1900000E+02   7.3461233E-07   4.9372290E-06
   1.5580844E+03   2.3070000E+03   2.8400000E+02   2.0230270E-06   1.6454066E-05
   1.5580919E+03   2.3140000E+03   3.0900000E+02   1.1541757E-06   7.8700696E-06
   1.5580994E+03   2.2650000E+03   3.0500000E+02   2.2287163E-07   1.6858328E-06
   1.5581070E+03   2.2980000E+03   3.4000000E+02   3.4294665E-07   2.8376764E-06
   1.5581145E+03   2.3000000E+03   3.3700000E+02   3.5043447E-06   2.3962778E-05
   1.5581220E+03   2.2730000E+03   3.3700000E+02   1.7261882E-06   1.1596572E-05
   1.5581296E+03   2.3310000E+03   3.0300000E+02   9.0122815E-05   6.9354075E-04
   1.5581371E+03   2.2490000E+03   2.9900000E+02   8.6301024E-07   6.3033972E-06
   1.5581446E+03   2.2390000E+03   3.3900000E+02   5.1698302E-07   3.3556228E-06
   1.5581521E+03   2.2940000E+03   3.2800000E+02   3.1342635E-07   2.1983232E-06
   1.5581597E+03   2.2710000E+03   3.1600000E+02   5.0056644E-07   3.5873856E-06
   1.5581672E+03   2.2490000E+03   3.0600000E+02   8.6728292E-07   6.3925786E-06
   1.5581747E+03   2.2630000E+03   2.9900000E+02   1.3712211E-06   1.0354301E-05
   1.5581823E+03   2.2750000E+03   3.3300000E+02   2.0382741E-07   1.2983112E-06
   1.5581898E+03   2.3190000E+03   2.9900000E+02   1.1504204E-06   8.3695187E-06
   1.5581973E+03   2.2410000E+03   3.0500000E+02   3.2309686E-07   2.4727174E-06
   1.5582048E+03   2.2150000E+03   2.7200000E+02   7.3197258E-06   5.9614258E-05
   1.5582124E+03   2.2740000E+03   3.0700000E+02   1.7488580E-06   1.3243056E-05
   1.5582199E+03   2.3660000E+03   3.1600000E+02   5.7871511E-07   4.3343743E-06
   1.5582274E+03   2.3500000E+03   2.9100000E+02   7.9285870E-05   6.4051750E-04
   1.5582350E+03   2.3020000E+03   3.1400000E+02   3.0276799E-06   2.2299753E-05
   1.5582425E+03   2.2100000E+03   2.9600000E+02   7.3163805E-05   7.1837669E-06
   1.5582500E+03   2.3050000E+03   3.0100000E+02   4.9402039E-07   3.8956512E-06
   1.5582575E+03   2.2570000E+03   2.8700000E+02   4.1268519E-07   3.2728637E-06
   1.5582651E+03   2.2650000E+03   2.9000000E+02   2.9600077E-07   2.2480441E-06
   1.5582726E+03   2.2040000E+03   2.9300000E+02   1.5839043E-06   1.2205377E-05
   1.5582801E+03   2.2350000E+03   2.5500000E+02   3.1234074E-07   2.8817594E-06
   1.5582876E+03   2.3270000E+03   3.0800000E+02   6.6361208E-07   4.4991250E-06
   1.5582952E+03   2.2620000E+03   2.7100000E+02   7.8407507E-07   6.5864465E-06
   1.5583027E+03   2.2430000E+03   3.1700000E+02   8.8126329E-07   5.9424291E-06
   1.5583102E+03   2.2930000E+03   3.0300000E+02   9.1512182E-07   6.8069022E-06
   1.5583178E+03   2.2340000E+03   2.8600000E+02   8.8977782E-07   6.9822063E-06
   1.5583253E+03   2.2120000E+03   2.8800000E+02   3.8032215E-04   2.9210609E-03
   1.5583328E+03   2.2400000E+03   2.7500000E+02   8.6504178E-07   6.9693519E-06
   1.5583403E+03   2.2240000E+03   2.7800000E+02   3.8702057E-06   3.0811271E-05
   1.5583479E+03   2.2730000E+03   2.9300000E+02   2.8253359E-07   2.3120773E-06
   1.5583554E+03   2.2550000E+03   2.7700000E+02   6.8574882E-07   5.7020657E-06
   1.5583629E+03   2.2670000E+03   2.8600000E+02   1.3404355E-06   1.0561703E-05
   1.5583705E+03   2.2300000E+03   2.8200000E+02   2.8541904E-07   2.0851724E-06
   1.5583780E+03   2.2150000E+03   2.9200000E+02   6.2442483E-07   4.3665739E-06
   1.5583855E+03   2.1660000E+03   2.5600000E+02   1.1231219E-06   9.3809484E-06
   1.5583930E+03   2.1600000E+03   2.7300000E+02   2.9140165E-06   2.3132380E-05
   1.5584006E+03   2.2080000E+03   2.6200000E+02   3.3994837E-07   2.8747860E-06
   1.5584081E+03   2.1880000E+03   2.8900000E+02   8.9470948E-07   6.7578788E-06
   1.5584156E+03   2.2050000E+03   2.6500000E+02   2.3386072E-06   1.9195472E-05
   1.5584232E+03   2.2420000E+03   2.5400000E+02   1.9930230E-07   1.2160867E-06
   1.5584307E+03   2.1820000E+03   2.8700000E+02   5.4600834E-07   4.3430527E-06
   1.5584382E+03   2.1980000E+03   2.6300000E+02   1.1241833E-07   6.9930557E-07
   1.5584457E+03   2.1950000E+03   2.7500000E+02   2.3004883E-04   1.8360860E-03
   1.5584533E+03   2.2380000E+03   2.8400000E+02   4.2440186E-04   3.3442128E-03
   1.5584608E+03   2.1860000E+03   2.4200000E+02   4.6982402E-07   4.4262605E-06
   1.5584683E+03   2.1940000E+03   2.9000000E+02   7.7931235E-07   5.8607988E-06
   1.5584759E+03   2.0930000E+03   2.9700000E+02   4.1752934E-07   2.7695710E-06
   1.5584834E+03   2.1840000E+03   2.3700000E+02   9.2603606E-06   8.5402067E-05
   1.5584909E+03   2.1990000E+03   2.4100000E+02   3.0783874E-07   4.3831150E-06
   1.5584984E+03   2.0820000E+03   2.5300000E+02   2.0345840E-06   1.6798575E-05
   1.5585060E+03   2.1760000E+03   2.6100000E+02   1.9595158E-06   1.6401566E-05
   1.5585135E+03   2.1680000E+03   2.5100000E+02   4.2808710E-07   3.7774145E-06
   1.5585210E+03   2.1860000E+03   2.6300000E+02   6.7710739E-07   5.3480261E-06
   1.5585286E+03   2.1380000E+03   2.5600000E+02   1.6335718E-06   1.3247065E-05
   1.5585361E+03   2.1930000E+03   2.4300000E+02   1.2580088E-06   1.1555195E-05
   1.5585436E+03   2.2750000E+03   2.7100000E+02   4.3666654E-05   1.1837082E-05
   1.5585511E+03   2.0990000E+03   2.2300000E+02   1.2503086E-06   1.6040257E-05
   1.5585587E+03   2.1600000E+03   2.5400000E+02   2.3407354E-07   1.5733144E-06
   1.5585662E+03   2.2110000E+03   2.5100000E+02   1.7465357E-05   1.5382072E-04
   1.5585737E+03   2.1080000E+03   2.4200000E+02   9.3778688E-07   8.4104132E-06
   1.5585813E+03   2.1690000E+03   2.6500000E+02   1.2376390E-06   1.0208742E-05
   1.5585888E+03   2.1210000E+03   2.6500000E+02   6.5455668E-06   5.2762330E-05
   1.5585963E+03   2.1990000E+03   2.8300000E+02   1.5337415E-05   1.1931401E-04
   1.5586038E+03   2.1220000E+03   2.2400000E+02   1.6370938E-06   1.5429019E-05
   1.5586114E+03   2.2490000E+03   2.4600000E+02   1.3153163E-06   1.2109905E-05
   1.5586189E+03   2.1270000E+03   2.3500000E+02   7.2566744E-07   6.4269356E-06
   1.5586264E+03   2.1870000E+03   2.4000000E+02   1.0356833E-04   9.4164046E-04
   1.5586340E+03   2.0770000E+03   2.5600000E+02   2.8080372E-06   2.2610031E-05
   1.5586415E+03   2.2090000E+03   2.4200000E+02   3.3622256E-06   3.0741289E-05
   1.5586490E+03   2.1350000E+03   2.5900000E+02   5.9000583E-07   4.5079682E-06
   1.5586565E+03   2.1230000E+03   2.3900000E+02   4.1383630E-07   4.0366980E-06
   1.5586641E+03   2.0800000E+03   2.4300000E+02   7.0684378E-07   5.4468651E-06
   1.5586716E+03   2.2280000E+03   2.6000000E+02   2.1159970E-06   1.8896539E-05
   1.5586791E+03   2.0660000E+03   2.2600000E+02   3.7399303E-07   3.0543886E-06
   1.5586867E+03   2.0890000E+03   2.1400000E+02   3.3079404E-07   3.9483992E-06
   1.5586942E+03   2.1280000E+03   2.3600000E+02   6.0460516E-07   5.3793908E-06
   1.5587017E+03   2.1640000E+03   2.4500000E+02   1.3062967E-06   1.1154496E-05
   1.5587092E+03   2.0680000E+03   2.1000000E+02   8.0273095E-07   6.9246179E-06
   1.5587168E+03   2.1490000E+03   2.4000000E+02   5.7680292E-06   5.1517128E-05
   1.5587243E+03   2.1240000E+03   2.5400000E+02   3.2051572E-06   2.6173735E-05
   1.5587318E+03   2.0840000E+03   2.1400000E+02   5.0324683E-06   4.8872255E-05
   1.5587393E+03   2.0570000E+03   2.3000000E+02   1.5317936E-06   1.3681557E-05
   1.5587469E+03   2.0600000E+03   2.4200000E+02   1.0523663E-04   8.9580702E-04
   1.5587544E+03   2.0580000E+03   2.3400000E+02   1.3746586E-06   1.1941731E-05
   1.5587619E+03   2.0750000E+03   2.3100000E+02   1.0426784E-06   8.5561087E-06
   1.5587695E+03   2.1100000E+03   2.1900000E+02   5.6090447E-07   5.4870441E-06
   1.5587770E+03   2.1140000E+03   2.2600000E+02   2.6974742E-07   2.7685380E-06
   1.5587845E+03   2.1880000E+03   2.4700000E+02   6.0379079E-07   5.6075574E-06
   1.5587920E+03   2.1360000E+03   2.3400000E+02   1.3748709E-06   1.2723275E-05
   1.5587996E+03   2.0100000E+03   2.3700000E+02   3.2434778E-06   2.8052922E-05
   1.5588071E+03   2.0720000E+03   2.3500000E+02   5.5599492E-06   4.8999842E-05
   1.5588146E+03   2.0410000E+03   2.0400000E+02   4.3045035E-07   6.0489523E-06
   1.5588222E+03   2.1420000E+03   2.2000000E+02   4.1803080E-06   3.8469901E-05
   1.5588297E+03   2.0570000E+03   2.1900000E+02   5.2447912E-07   4.4921120E-06
   1.5588372E+03   2.0460000E+03   2.3300000E+02   3.8029246E-07   3.4714251E-06
   1.5588447E+03   2.0750000E+03   2.1900000E+02   1.7921701E-04   1.6981025E-03
   1.5588523E+03   1.9860000E+03   2.0100000E+02   5.6034917E-07   5.4429861E-06
   1.5588598E+03   2.0180000E+03   2.0800000E+02   2.8237151E-05   2.6861881E-04
   1.5588673E+03   2.0750000E+03   2.0300000E+02   3.5362542E-07   3.1299274E-06
   1.5588749E+03   2.0730000E+03   1.7200000E+02   3.3946851E-08   3.8549668E-07
   1.5588824E+03   2.0500000E+03   2.1800000E+02   6.3618659E-07   5.9411256E-06
   1.5588899E+03   2.0360000E+03   1.9400000E+02   1.2046500E-07   1.6369327E-06
   1.5588974E+03   2.0580000E+03   2.0200000E+02   3.1216722E-07   2.9524876E-06
   1.5589050E+03   2.0480000E+03   2.2900000E+02   1.7469985E-06   1.5450343E-05
   1.5589125E+03   2.0390000E+03   2.0500000E+02   6.8000389E-06   7.1837858E-05
   1.5589200E+03   2.0880000E+03   2.2000000E+02   2.2259278E-07   2.0324499E-06
   1.5589276E+03   2.1020000E+03   2.0600000E+02   6.3215622E-07   6.3362915E-06
   1.5589351E+03   2.0000000E+03   1.8400000E+02   9.2694763E-07   1.0084954E-05
   1.5589426E+03   2.0400000E+03   2.1400000E+02   6.5798787E-07   6.3148483E-06
   1.5589501E+03   2.0490000E+03   2.2200000E+02   2.5264258E-07   2.1127673E-06
   1.5589577E+03   2.0540000E+03   2.0800000E+02   7.9983693E-07   7.0756952E-06
   1.5589652E+03   2.0410000E+03   2.0900000E+02   7.9199467E-07   7.7762982E-06
   1.5589727E+03   2.0410000E+03   2.1800000E+02   6.6639374E-07   6.3047426E-06
   1.5589803E+03   2.0550000E+03   2.0700000E+02   1.4280624E-06   1.4176324E-05
   1.5589878E+03   2.0370000E+03   1.9600000E+02   5.6431320E-07   5.7696708E-06
   1.5589953E+03   2.0480000E+03   1.6300000E+02   4.6999847E-05   5.9018177E-04
   1.5590028E+03   2.0390000E+03   1.9400000E+02   1.3965561E-06   1.0288316E-05
   1.5590104E+03   2.0600000E+03   1.9700000E+02   2.5512555E-06   2.7345792E-05
   1.5590179E+03   2.0740000E+03   1.7700000E+02   4.3326333E-07   4.6141528E-06
   1.5590254E+03   2.1000000E+03   1.8400000E+02   3.7978277E-04   4.3347789E-03
   1.5590330E+03   2.0490000E+03   1.9100000E+02   1.6163766E-07   1.6558852E-06
   1.5590405E+03   2.0710000E+03   1.7200000E+02   3.6228693E-06   4.1761174E-05
   1.5590480E+03   2.0230000E+03   1.8100000E+02   3.2286613E-07   3.4308674E-06
   1.5590555E+03   2.0720000E+03   1.8700000E+02   7.8934354E-07   8.3378986E-06
   1.5590631E+03   2.0980000E+03   1.9400000E+02   2.4010483E-06   2.5860465E-05
   1.5590706E+03   1.9840000E+03   1.7900000E+02   6.3662937E-07   6.7165274E-06
   1.5590781E+03   2.0050000E+03   2.1500000E+02   3.3967341E-06   3.1190745E-05
   1.5590857E+03   2.0220000E+03   2.1400000E+02   1.3342720E-06   1.7097565E-05
   1.5590932E+03   1.9970000E+03   1.7400000E+02   6.8230185E-07   8.4342832E-06
   1.5591007E+03   2.0030000E+03   1.7000000E+02   6.1370558E-08   1.4815587E-06
   1.5591082E+03   2.0220000E+03   1.7700000E+02   1.6577133E-07   1.8648049E-06
   1.5591158E+03   1.9060000E+03   1.6500000E+02   3.3307528E-06   3.7176232E-05
   1.5591233E+03   2.0430000E+03   2.1000000E+02   5.1252425E-07   4.8269435E-06
   1.5591308E+03   2.0000000E+03   1.7300000E+02   1.0102969E-06   1.2293976E-05
   1.5591384E+03   2.0380000E+03   1.4800000E+02   2.3297280E-06   2.5066600E-06
   1.5591459E+03   1.9540000E+03   1.6800000E+02   4.5153769E-06   5.2681713E-05
   1.5591534E+03   2.0260000E+03   1.9200000E+02   1.9986347E-06   2.1195883E-05
   1.5591609E+03   2.0320000E+03   1.7800000E+02   6.7406306E-07   7.0942136E-06
   1.5591685E+03   1.9760000E+03   1.5500000E+02   2.2664785E-06   2.8522526E-05
   1.5591760E+03   2.0120000E+03   1.7400000E+02   8.6273443E-07   9.9250567E-06
   1.5591835E+03   2.0100000E+03   1.6900000E+02   8.6311705E-06   1.0281144E-04
   1.5591910E+03   1.9100000E+03   1.5800000E+02   8.0243706E-08   1.3333370E-06
   1.5591986E+03   1.9820000E+03   1.8200000E+02   7.0254865E-08   7.9824010E-07
   1.5592061E+03   1.9650000E+03   1.5200000E+02   5.4919399E-07   8.6503730E-06
   1.5592136E+03   1.9620000E+03   1.5600000E+02   1.5154949E-07   1.7598389E-06
   1.5592212E+03   1.8660000E+03   1.7500000E+02   1.9459376E-06   2.1098692E-05
   1.5592287E+03   2.0140000E+03   1.8000000E+02   1.1461340E-06   1.2613941E-05
   1.5592362E+03   1.9540000E+03   1.5000000E+02   6.1935945E-07   9.3768611E-06
   1.5592437E+03   1.9670000E+03   1.6100000E+02   9.8666115E-05   1.2052466E-03
   1.5592513E+03   1.9580000E+03   1.5900000E+02   9.8949203E-07   1.2093775E-05
   1.5592588E+03   2.0450000E+03   1.9600000E+02   3.1847048E-07   6.6808550E-07
   1.5592663E+03   1.9310000E+03   1.5200000E+02   3.5198638E-07   6.9607932E-06
   1.5592739E+03   2.0330000E+03   1.6000000E+02   4.4234107E-07   5.5379942E-06
   1.5592814E+03   1.9290000E+03   1.5100000E+02   5.5591102E-06   7.2332692E-05
   1.5592889E+03   1.9850000E+03   1.5200000E+02   3.4702066E-07   4.7926239E-06
   1.5592964E+03   1.9280000E+03   1.5300000E+02   3.7073367E-07   4.4274720E-06
   1.5593040E+03   1.9170000E+03   1.6500000E+02   4.2372201E-07   4.9160662E-06
   1.5593115E+03   1.9910000E+03   1.5800000E+02   1.8546068E-05   2.3721192E-04
   1.5593190E+03   1.9850000E+03   1.8500000E+02   3.2287387E-07   3.2916424E-06
   1.5593266E+03   1.9600000E+03   1.8600000E+02   2.3757755E-06   2.5004853E-05
   1.5593341E+03   1.9820000E+03   1.7700000E+02   1.8196394E-06   2.0428486E-05
   1.5593416E+03   2.0370000E+03   1.6000000E+02   2.6590783E-06   3.3703509E-05
   1.5593491E+03   1.9450000E+03   1.3200000E+02   3.0756578E-05   4.5315829E-04
   1.5593567E+03   1.9060000E+03   1.4400000E+02   3.1326993E-07   4.1079574E-06
   1.5593642E+03   2.0050000E+03   1.4200000E+02   4.2823983E-04   6.0463764E-03
   1.5593717E+03   1.9660000E+03   1.4400000E+02   2.2185049E-04   6.0089195E-06
   1.5593793E+03   1.9620000E+03   1.5200000E+02   9.6378066E-07   1.2792188E-05
   1.5593868E+03   1.8880000E+03   1.3300000E+02   1.1901633E-06   1.7044217E-05
   1.5593943E+03   1.9210000E+03   1.4300000E+02   7.3735302E-07   1.0031977E-05
   1.5594018E+03   1.9200000E+03   1.3400000E+02   4.7734068E-07   6.8995079E-06
   1.5594094E+03   1.9110000E+03   1.5100000E+02   5.9311552E-08   2.2840405E-06
   1.5594169E+03   1.9060000E+03   1.3300000E+02   5.9481000E-07   8.3899342E-06
   1.5594244E+03   1.8780000E+03   1.4100000E+02   3.8005115E-07   5.2765298E-06
   1.5594320E+03   1.8480000E+03   1.3200000E+02   4.1972306E-07   5.6802851E-06
   1.5594395E+03   1.8120000E+03   1.3500000E+02   3.3756776E-08   3.2057168E-07
   1.5594470E+03   1.8860000E+03   1.4700000E+02   1.2168696E-06   7.3099759E-06
   1.5594545E+03   1.8890000E+03   1.6400000E+02   3.1424224E-07   3.8065343E-06
   1.5594621E+03   1.9040000E+03   1.5200000E+02   9.9954628E-05   1.2520679E-03
   1.5594696E+03   1.9130000E+03   1.4800000E+02   2.9494355E-06   3.7265573E-05
   1.5594771E+03   1.9510000E+03   1.4100000E+02   5.4313353E-06   7.5186414E-05
   1.5594847E+03   1.9210000E+03   1.4600000E+02   4.2491427E-07   5.7569018E-06
   1.5594922E+03   1.8830000E+03   1.3000000E+02   2.3553025E-06   3.3848343E-05
   1.5594997E+03   1.8850000E+03   1.4000000E+02   1.3326860E-07   1.7842175E-06
   1.5595072E+03   1.8760000E+03   1.6200000E+02   6.5721451E-07   7.9480999E-06
   1.5595148E+03   1.9020000E+03   1.3800000E+02   6.9442949E-07   1.1191961E-05
   1.5595223E+03   1.8250000E+03   1.4100000E+02   1.8116852E-06   2.3360666E-05
   1.5595298E+03   1.8910000E+03   1.4900000E+02   6.2036871E-07   7.1731647E-06
   1.5595374E+03   1.8950000E+03   1.3200000E+02   5.1135480E-07   7.1291513E-06
   1.5595449E+03   1.8770000E+03   1.3000000E+02   8.7361288E-08   1.9157955E-06
   1.5595524E+03   1.8800000E+03   1.1200000E+02   7.6665999E-07   1.2416558E-05
   1.5595599E+03   1.8730000E+03   1.3500000E+02   1.7050737E-06   2.3751135E-05
   1.5595675E+03   1.8460000E+03   1.3600000E+02   9.2688817E-07   1.2515172E-05
   1.5595750E+03   1.9070000E+03   1.2700000E+02   1.5146383E-06   2.2732572E-05
   1.5595825E+03   1.9040000E+03   1.3100000E+02   3.0482079E-06   4.4152187E-05
   1.5595901E+03   1.8720000E+03   1.2600000E+02   4.8729075E-06   7.2520011E-05
   1.5595976E+03   1.8440000E+03   1.2700000E+02   4.2288648E-07   6.2026351E-06
   1.5596051E+03   1.8460000E+03   1.1900000E+02   9.6980900E-08   1.5216133E-06
   1.5596126E+03   1.8210000E+03   1.2600000E+02   2.4857259E-07   3.4090065E-06
   1.5596202E+03   1.8770000E+03   1.2100000E+02   2.5238013E-06   3.9724033E-05
   1.5596277E+03   1.7980000E+03   1.2000000E+02   6.1889183E-07   9.2410982E-06
   1.5596352E+03   1.7160000E+03   1.1500000E+02   2.0302752E-07   3.0281471E-06
   1.5596427E+03   1.8660000E+03   1.0500000E+02   4.9825041E-04   8.8544662E-03
   1.5596503E+03   1.8740000E+03   1.2000000E+02   2.8516198E-07   4.4026309E-06
   1.5596578E+03   1.8130000E+03   1.2000000E+02   7.6859271E-06   1.1612422E-04
   1.5596653E+03   1.8180000E+03   1.1500000E+02   9.9261916E-06   1.5815444E-04
   1.5596729E+03   1.8870000E+03   1.0800000E+02   1.0427352E-06   1.8378485E-05
   1.5596804E+03   1.8190000E+03   1.2600000E+02   5.3689340E-04   7.7506861E-03
   1.5596879E+03   1.8840000E+03   1.1100000E+02   1.4001562E-07   2.3002850E-06
   1.5596954E+03   1.8870000E+03   1.1800000E+02   9.9736931E-08   2.1633252E-06
   1.5597030E+03   1.8510000E+03   1.1200000E+02   3.7334808E-07   4.7833627E-06
   1.5597105E+03   1.7780000E+03   1.1300000E+02   5.8307491E-07   9.5023104E-06
   1.5597180E+03   1.8780000E+03   1.0000000E+02   5.7964942E-07   1.0989106E-05
   1.5597256E+03   1.8500000E+03   1.1500000E+02   4.7794605E-07   7.4746069E-06
   1.5597331E+03   1.8220000E+03   9.7000000E+01   5.3402343E-07   9.7198984E-06
   1.5597406E+03   1.7250000E+03   1.0200000E+02   5.6437072E-07   9.7202662E-06
   1.5597481E+03   1.8110000E+03   1.1400000E+02   3.7471449E-07   6.2614945E-06
   1.5597557E+03   1.8230000E+03   1.2000000E+02   1.6075627E-07   2.5185621E-06
   1.5597632E+03   1.7570000E+03   1.1000000E+02   1.7754755E-07   2.9852859E-06
   1.5597707E+03   1.7690000E+03   1.1600000E+02   2.0044008E-07   3.0573361E-06
   1.5597783E+03   1.8320000E+03   1.0100000E+02   9.2631209E-08   2.5358802E-06
   1.5597858E+03   1.8440000E+03   1.3200000E+02   7.1024129E-07   9.7134566E-06
   1.5597933E+03   1.7290000E+03   1.1200000E+02   6.2533713E-07   1.0119008E-05
   1.5598008E+03   1.7320000E+03   9.4000000E+01   1.1482181E-06   2.1144128E-05
   1.5598084E+03   1.7810000E+03   1.1000000E+02   5.6935857E-07   9.1962664E-06
   1.5598159E+03   1.7750000E+03   1.1000000E+02   2.1579132E-06   3.4828271E-05
   1.5598234E+03   1.7940000E+03   1.0300000E+02   4.4595952E-07   7.5800705E-06
   1.5598310E+03   1.7710000E+03   1.0100000E+02   3.3508316E-07   5.9150071E-06
   1.5598385E+03   1.7410000E+03   9.8000000E+01   2.0704088E-07   3.6814572E-06
   1.5598460E+03   1.7630000E+03   1.0200000E+02   4.5455819E-07   7.8688710E-06
   1.5598535E+03   1.7880000E+03   1.0000000E+02   1.7041162E-07   2.1247449E-06
   1.5598611E+03   1.7340000E+03   1.0000000E+02   2.3038482E-06   3.9721510E-05
   1.5598686E+03   1.7520000E+03   9.0000000E+01   2.7181818E-07   5.1910641E-06
   1.5598761E+03   1.7620000E+03   1.1700000E+02   6.3736146E-07   9.6193372E-06
   1.5598837E+03   1.7360000E+03   1.0300000E+02   4.0098533E-06   6.7574944E-05
   1.5598912E+03   1.8250000E+03   9.2000000E+01   8.2698818E-07   1.6440310E-05
   1.5598987E+03   1.9050000E+03   1.1600000E+02   4.2682721E-07   7.0907552E-06
   1.5599062E+03   1.7790000E+03   9.0000000E+01   2.7980067E-06   5.5123601E-05
   1.5599138E+03   1.7830000E+03   9.0000000E+01   1.2508072E-07   1.8595554E-06
   1.5599213E+03   1.7960000E+03   8.4000000E+01   2.1229724E-07   3.9252722E-06
   1.5599288E+03   1.7620000E+03   8.9000000E+01   5.5809843E-06   1.1056187E-04
   1.5599364E+03   1.7550000E+03   1.0000000E+02   1.3584724E-05   2.3823184E-04
   1.5599439E+03   1.7970000E+03   8.8000000E+01   3.7105395E-04   7.5772130E-03
   1.5599514E+03   1.7720000E+03   9.5000000E+01   2.3711372E-06   8.5078820E-06
   1.5599589E+03   1.7690000E+03   8.2000000E+01   4.0900287E-04   8.8234024E-03
   1.5599665E+03   1.7790000E+03   8.1000000E+01   3.1317681E-07   7.7106571E-06
   1.5599740E+03   1.7920000E+03   8.9000000E+01   1.8623412E-07   3.8589569E-06
   1.5599815E+03   1.7220000E+03   8.4000000E+01   4.0589746E-06   8.3463483E-05
   1.5599891E+03   1.7600000E+03   1.0200000E+02   2.6770065E-06   4.6441432E-05
   1.5599966E+03   1.7070000E+03   9.5000000E+01   4.0344796E-07   7.9966671E-06
   1.5600041E+03   1.7960000E+03   7.3000000E+01   1.2719370E-06   3.2591964E-05
   1.5600116E+03   1.7930000E+03   7.8000000E+01   1.2331837E-07   2.8256799E-06
   1.5600192E+03   1.8510000E+03   7.7000000E+01   8.2755714E-06   7.2415543E-06
   1.5600267E+03   1.7880000E+03   7.6000000E+01   5.5454619E-07   1.3445837E-05
   1.5600342E+03   1.7140000E+03   9.1000000E+01   1.8434134E-05   3.4647276E-04
   1.5600418E+03   1.7550000E+03   7.5000000E+01   1.4722376E-06   3.3921024E-05
   1.5600493E+03   1.7670000E+03   7.6000000E+01   2.2006866E-07   5.2989828E-06
   1.5600568E+03   1.7300000E+03   8.9000000E+01   2.3642794E-04   4.5954338E-03
   1.5600643E+03   1.7120000E+03   7.5000000E+01   1.7281107E-06   3.9963436E-05
   1.5600719E+03   1.7200000E+03   6.8000000E+01   4.8934707E-07   1.1248986E-05
   1.5600794E+03   1.6800000E+03   7.4000000E+01   1.4605455E-07   3.2332919E-06
   1.5600869E+03   1.7620000E+03   7.3000000E+01   1.0696869E-06   2.5244731E-05
   1.5600944E+03   1.6430000E+03   7.6000000E+01   2.6303339E-07   5.6087272E-06
   1.5601020E+03   1.7580000E+03   8.7000000E+01   2.9882449E-04   6.0387758E-03
   1.5601095E+03   1.7000000E+03   6.9000000E+01   1.3215649E-06   3.2977534E-05
   1.5601170E+03   1.7440000E+03   7.8000000E+01   1.3280534E-05   2.9401607E-04
   1.5601246E+03   1.8330000E+03   8.1000000E+01   3.5809636E-04   8.1036470E-03
   1.5601321E+03   1.7140000E+03   6.6000000E+01   6.7234204E-08   1.5572898E-06
   1.5601396E+03   1.7160000E+03   6.6000000E+01   2.9667602E-07   7.3820743E-06
   1.5601471E+03   1.7750000E+03   8.0000000E+01   8.9754469E-06   2.0015687E-04
   1.5601547E+03   1.6660000E+03   8.0000000E+01   2.9815125E-08   4.7149262E-07
   1.5601622E+03   1.7430000E+03   7.3000000E+01   7.7851009E-07   1.8661888E-05
   1.5601697E+03   1.6430000E+03   6.6000000E+01   1.0882694E-06   2.7669174E-05
   1.5601773E+03   1.7830000E+03   6.7000000E+01   6.3424827E-07   1.6886547E-05
   1.5601848E+03   1.7620000E+03   6.8000000E+01   2.5344678E-07   6.9406999E-06
   1.5601923E+03   1.6830000E+03   7.0000000E+01   1.3072439E-06   3.1417254E-05
   1.5601998E+03   1.6230000E+03   5.9000000E+01   1.0566079E-07   2.7853626E-06
   1.5602074E+03   1.6870000E+03   7.3000000E+01   1.2408290E-06   2.8537271E-05
   1.5602149E+03   1.7550000E+03   6.4000000E+01   1.2637391E-06   3.4768068E-05
   1.5602224E+03   1.7460000E+03   6.9000000E+01   1.0254135E-06   2.5918123E-05
   1.5602300E+03   1.6780000E+03   6.3000000E+01   2.5173445E-06   6.7157282E-05
   1.5602375E+03   1.7480000E+03   7.4000000E+01   1.9950601E-07   3.6529034E-06
   1.5602450E+03   1.6400000E+03   6.0000000E+01   1.2047206E-08   3.6396214E-07
   1.5602525E+03   1.6950000E+03   6.1000000E+01   1.2142264E-07   2.8632712E-06
   1.5602601E+03   1.6910000E+03   7.7000000E+01   1.3520745E-06   2.7902971E-05
   1.5602676E+03   1.7080000E+03   5.9000000E+01   1.2887795E-07   3.5903648E-06
   1.5602751E+03   1.7430000E+03   7.0000000E+01   1.8398502E-07   4.5571193E-06
   1.5602827E+03   1.6980000E+03   6.8000000E+01   1.1024574E-06   2.7946996E-05
   1.5602902E+03   1.7300000E+03   6.1000000E+01   5.0305709E-04   1.4264037E-02
   1.5602977E+03   1.6720000E+03   5.7000000E+01   3.8203668E-07   1.1023639E-05
   1.5603052E+03   1.5960000E+03   5.4000000E+01   9.8329507E-06   2.9068550E-04
   1.5603128E+03   1.6200000E+03   6.2000000E+01   4.7746314E-06   1.2504958E-04
   1.5603203E+03   1.7060000E+03   6.4000000E+01   3.0150278E-07   8.0387368E-06
   1.5603278E+03   1.6390000E+03   5.7000000E+01   3.1518489E-07   9.1180313E-06
   1.5603354E+03   1.6220000E+03   5.4000000E+01   7.7713672E-08   2.3342211E-06
   1.5603429E+03   1.7020000E+03   4.7000000E+01   2.4544920E-07   8.9190511E-06
   1.5603504E+03   1.5990000E+03   5.5000000E+01   1.3318857E-06   3.8687893E-05
   1.5603579E+03   1.6580000E+03   6.2000000E+01   1.1172773E-07   2.5421610E-06
   1.5603655E+03   1.6360000E+03   4.7000000E+01   1.5247444E-07   5.4802763E-06
   1.5603730E+03   1.7020000E+03   5.5000000E+01   3.7049756E-07   1.1659490E-05
   1.5603805E+03   1.6510000E+03   5.9000000E+01   5.2892002E-07   1.4251303E-05
   1.5603881E+03   1.6520000E+03   5.0000000E+01   4.4102218E-07   1.4945504E-05
   1.5603956E+03   1.7080000E+03   6.1000000E+01   1.1448275E-07   2.8627597E-06
   1.5604031E+03   1.6360000E+03   5.5000000E+01   2.9265426E-07   8.9698806E-06
   1.5604106E+03   1.6680000E+03   6.2000000E+01   4.6177804E-08   1.0383356E-06
   1.5604182E+03   1.6750000E+03   4.9000000E+01   6.9900999E-08   3.0593299E-06
   1.5604257E+03   1.6910000E+03   4.8000000E+01   2.7916882E-07   9.8253015E-06
   1.5604332E+03   1.6540000E+03   4.7000000E+01   1.1190709E-07   3.0762655E-06
   1.5604408E+03   1.5500000E+03   4.3000000E+01   1.7513588E-06   5.1140572E-05
   1.5604483E+03   1.6260000E+03   5.2000000E+01   1.7442918E-07   5.1706740E-06
   1.5604558E+03   1.6310000E+03   4.5000000E+01   9.5552225E-07   3.5599335E-05
   1.5604633E+03   1.6420000E+03   5.7000000E+01   2.5410625E-08   1.0495812E-05
   1.5604709E+03   1.6350000E+03   4.7000000E+01   2.3460170E-07   1.2276128E-06
   1.5604784E+03   1.6140000E+03   4.9000000E+01   5.3197991E-08   2.2988682E-06
   1.5604859E+03   1.7180000E+03   6.3000000E+01   1.8506651E-07   5.0141274E-06
   1.5604935E+03   1.6740000E+03   4.9000000E+01   2.4682186E-04   8.4317699E-03
   1.5605010E+03   1.5780000E+03   3.9000000E+01   1.2253540E-07   5.0043289E-06
   1.5605085E+03   1.6650000E+03   4.1000000E+01   8.1060146E-08   3.2634759E-06
   1.5605160E+03   1.6850000E+03   3.2000000E+01   2.2120077E-07   1.1675773E-05
   1.5605236E+03   1.6140000E+03   4.8000000E+01   1.3231194E-06   2.7659595E-05
   1.5605311E+03   1.6380000E+03   4.1000000E+01   1.6097302E-07   6.6953231E-06
   1.5605386E+03   1.5970000E+03   5.2000000E+01   9.2515959E-08   2.7211267E-06
   1.5605461E+03   1.6380000E+03   4.3000000E+01   5.7695933E-07   2.2236457E-05
   1.5605537E+03   1.5290000E+03   5.2000000E+01   6.7809753E-07   1.9559504E-05
   1.5605612E+03   1.5850000E+03   3.9000000E+01   5.1097650E-08   1.5524124E-06
   1.5605687E+03   1.5490000E+03   3.1000000E+01   6.2737876E-08   2.5825485E-06
   1.5605763E+03   1.6170000E+03   3.2000000E+01   1.9789496E-07   1.0455116E-05
   1.5605838E+03   1.6080000E+03   3.8000000E+01   1.6959737E-07   7.2445197E-06
   1.5605913E+03   1.5990000E+03   3.4000000E+01   9.1151058E-07   4.3162537E-05
   1.5605988E+03   1.6400000E+03   4.4000000E+01   1.5837384E-04   5.9030405E-03
   1.5606064E+03   1.6010000E+03   4.5000000E+01   7.5307874E-08   2.9207950E-06
   1.5606139E+03   1.6060000E+03   3.6000000E+01   1.8322377E-07   8.7742497E-06
   1.5606214E+03   1.5600000E+03   3.0000000E+01   8.0291040E-07   4.1920634E-05
   1.5606290E+03   1.6750000E+03   4.7000000E+01   1.8166759E-07   7.6924360E-06
   1.5606365E+03   1.6160000E+03   4.0000000E+01   2.2059371E-04   8.9130386E-03
   1.5606440E+03   1.5630000E+03   4.3000000E+01   9.2670087E-07   3.3723840E-05
   1.5606515E+03   1.6340000E+03   4.0000000E+01   3.7939122E-06   1.5552481E-04
   1.5606591E+03   1.5320000E+03   3.5000000E+01   4.7779123E-04   2.0913604E-02
   1.5606666E+03   1.5150000E+03   2.9000000E+01   1.5784047E-07   3.1413895E-06
   1.5606741E+03   1.6220000E+03   3.1000000E+01   1.9803153E-07   1.0614964E-05
   1.5606817E+03   1.5760000E+03   3.7000000E+01   1.5376447E-07   4.1648510E-06
   1.5606892E+03   1.6520000E+03   3.5000000E+01   1.2931095E-06   6.1034766E-05
   1.5606967E+03   1.5620000E+03   2.5000000E+01   1.0241584E-07   6.2926965E-06
   1.5607042E+03   1.6390000E+03   3.3000000E+01   2.1146687E-07   8.3775397E-06
   1.5607118E+03   1.5430000E+03   2.5000000E+01   1.1604814E-07   7.1014976E-06
   1.5607193E+03   1.4830000E+03   2.4000000E+01   1.1956569E-08   9.9542683E-07
   1.5607268E+03   1.5320000E+03   2.5000000E+01   4.6633454E-07   2.8209550E-05
   1.5607344E+03   1.5540000E+03   3.5000000E+01   2.8469400E-07   1.2545662E-05
   1.5607419E+03   1.6340000E+03   3.7000000E+01   4.5515966E-07   1.9587099E-05
   1.5607494E+03   1.5840000E+03   2.5000000E+01   1.3992110E-08   1.0866558E-06
   1.5607569E+03   1.6010000E+03   2.9000000E+01   1.5872285E-07   9.9453639E-06
   1.5607645E+03   1.4610000E+03   3.1000000E+01   4.5227595E-08   1.4882596E-06
   1.5607720E+03   1.6280000E+03   3.2000000E+01   2.3264243E-07   1.2294597E-05
