                                                          Cloudy 17.03
                                                         www.nublado.org

                       **************************************17Jun01**************************************
                       *                                                                                 *
                       * title CIV QSO                                                                   *
                       * set punch prefix "CIV_QSO"                                                      *
                       * radius = 21.500 23.500                                                          *
                       * iterate to convergence                                                          *
                       * sphere                                                                          *
                       * init "dlaw_HI_exp.ini"                                                          *
                       * dlaw table                                                                      *
                       * table SED "QSO.sed"                                                             *
                       * nuL(nu) = 42.5 at 1 Ryd                                                         *
                       * stop temperature off                                                            *
                       * metals 0.001                                                                    *
                       * save last radius ".rad"                                                         *
                       * save last continuum ".cont"                                                     *
                       * save last physical conditions ".phy"                                            *
                       * save last overview ".ovr"                                                       *
                       * save last heating ".heat"                                                       *
                       * save last cooling ".cool"                                                       *
                       * save last optical depth ".opd"                                                  *
                       * save last element hydrogen ".ele_H"                                             *
                       * save last element helium ".ele_He"                                              *
                       * save last element carbon ".ele_C"                                               *
                       * save last element nitrogen ".ele_N"                                             *
                       * save last element oxygen ".ele_O"                                               *
                       * save last element argon ".ele_Ar"                                               *
                       * save last element neon ".ele_Ne"                                                *
                       * save last element sulphur ".ele_S"                                              *
                       * save last element chlorin ".ele_Cl"                                             *
                       * save last element iron ".ele_Fe"                                                *
                       * save last element silicon ".ele_Si"                                             *
                       * save last lines emissivity  ".emis"                                             *
                       *                                                                                 *
                       ***********************************************************************************




 NOTE
 NOTE The simulation is going into neutral gas but cosmic rays are not included.
 NOTE Ion-molecule chemistry will not occur without a source of ionization.
 NOTE The chemistry network may collapse deep in molecular regions.
 NOTE Consider adding galactic background cosmic rays with the COSMIC RAYS BACKGROUND command.
 NOTE You may be making a BIG mistake.
 NOTE



 NOTE Setcon: continuum has zero intensity starting at  3.0447e-09 Ryd.
  3800 cells in the incident continuum have zero intensity.  Problems???

           8228CellPeak1.00E+00   Lo 3.04e-09=  29.98m   Hi-Con:7.13E+06 Ryd   E(hi):7.35E+06Ryd     E(hi):     100.00 MeV
           L(nu>1ryd):  42.6904   Average nu:2.632E+00   L( X-ray):  41.9171   L(BalC):  42.6154     Q(Balmer C):  53.5776
           Q(1.0-1.8):  52.7340   Q(1.8-4.0):  52.3640   Q(4.0-20):  51.8799   Q(20--):  50.7166     Ion pht flx:6.798E+08
           L(gam ray):  41.0061   Q(gam ray):  47.4900   L(Infred):  42.8499   Alf(ox):  -1.5331     Total lumin:  43.2070
           log L/Lsun:   9.6240   Abs bol mg: -19.3174   Abs V mag: -16.8781   Bol cor:  -2.4394     nuFnu(Bbet):  42.4467
           U(1.0----):3.018E-04   U(4.0----):2.863E-05   T(En-Den):4.876E+00   T(Comp):2.661E+06     nuJnu(912A):2.516E-02
           Occ(FarIR):0.000E+00   Occ(H n=6):1.045E-12   Occ(1Ryd):1.161E-18   Occ(4R):1.703E-21     Occ (Nu-hi):0.000E+00
           Tbr(FarIR):0.000E+00   Tbr(H n=6):4.575E-09   Tbr(1Ryd):1.833E-13   Tbr(4R):1.078E-15     Tbr (Nu-hi):0.000E+00
  
                                                  Gas Phase Chemical Composition
        H :  0.0000  He: -1.0000  Li:-11.6904  Be:-13.5800  B :-12.2097  C : -6.6108  N : -7.0701  O : -6.3098  F :-10.5200
        Ne: -7.0000  Na: -8.6696  Mg: -7.4597  Al: -8.5302  Si: -7.4597  P : -9.4948  S : -7.7352  Cl: -9.7190  Ar: -8.6003
        K : -9.8794  Ca: -8.6402  Sc:-11.8297  Ti: -9.9788  V :-11.0000  Cr: -9.3298  Mn: -9.5406  Fe: -7.5498  Co:-10.0799
                                               Ni: -8.7496  Cu:-10.7905  Zn:-10.4001
 
 ####  1  Te:1.434E+04 Hden:7.515E+01 Ne:8.267E+01 R:3.162E+21 R-R0:7.864E+13 dR:1.573E+14 NTR:  6 Htot:2.003E-20 T912: 1.00e+08###
 Hydrogen      1.57e-02 9.84e-01 H+o/Hden 1.00e+00 9.31e-10 H-    H2 9.44e-14 4.63e-11 H2+ HeH+ 1.02e-09 Ho+ ColD 1.86e+14 1.16e+16
 Helium        2.39e-02 7.64e-01 2.12e-01 HeI 2s3S 7.57e-08 Comp H,C 1.25e-26 6.75e-29 Fill Fac 1.00e+00 Gam1/tot 9.95e-01
 He singlet n  2.39e-02 1.39e-14 8.41e-21 6.56e-21 6.83e-21 9.36e-21 He tripl 7.57e-08 7.68e-19 1.94e-20 1.46e-19 2.68e-20
 Pressure      NgasTgas 2.37e+06 P(total) 3.27e-10 P( gas ) 3.27e-10 P(Radtn) 0.00e+00 Rad accl 4.56e-08 ForceMul 3.40e+04
 Texc(La)      2.99e+03 T(I con) 4.88e+00 T(D con) 6.38e-01 T(U tot) 4.88e+00 nT (c+d) 1.33e+06 Prad/Gas 0.00e+00 Pmag/Gas 0.00e+00
 Molecules     CH/Ctot: 1.19e-12 CH+/Ctot 3.18e-12 CO/Ctot: 4.71e-18 CO+/Ctot 3.51e-19 H2O/Otot 6.94e-23 OH/Ototl 5.15e-12
 Lithium       3.79e-04 9.91e-01 8.15e-03 9.78e-05 Berylliu 8.30e-02 1.78e-01 7.27e-01 1.17e-02 1.41e-06 sec ion: 1.19e-14
 Boron         4.79e-03 7.67e-01 1.76e-01 5.23e-02 1.49e-05 0.00e+00
 Carbon        2.38e-03 3.78e-01 6.12e-01 7.50e-03 2.15e-04 0.00e+00 0.00e+00 H2O+/O   1.14e-23 OH+/Otot 1.95e-12 Hex(tot) 0.00e+00
 Nitrogen      4.97e-03 6.16e-01 3.73e-01 6.36e-03 4.41e-05 0.00e+00 0.00e+00 0.00e+00 O2/Ototl 7.71e-19 O2+/Otot 1.48e-19
 Oxygen        1.23e-02 6.47e-01 3.33e-01 7.86e-03 8.04e-05 0.00e+00 0.00e+00 0.00e+00 0.00e+00
 Fluorine      1.18e-03 2.47e-01 7.43e-01 8.83e-03 1.45e-04 0.00e+00 0.00e+00 0.00e+00 0.00e+00 0.00e+00
 Neon          8.86e-04 1.62e-01 8.21e-01 1.64e-02 6.85e-05 0.00e+00 0.00e+00 0.00e+00 0.00e+00 0.00e+00 0.00e+00
 Sodium        9.78e-06 1.45e-01 8.25e-01 2.95e-02 8.14e-04 0.00e+00 0.00e+00 0.00e+00 0.00e+00 0.00e+00 0.00e+00 0.00e+00
 Magnesium     5.77e-03 1.11e-01 8.71e-01 1.24e-02 6.28e-05 0.00e+00 0.00e+00 0.00e+00 0.00e+00 0.00e+00 0.00e+00 0.00e+00 0.00e+00
 Aluminium  0  8.96e-04 5.11e-01 9.74e-02 3.81e-01 1.04e-02 1.74e-05 0.00e+00 0.00e+00 0.00e+00 0.00e+00 0.00e+00 0.00e+00 0.00e+00
 Silicon    0  8.61e-04 2.90e-01 6.59e-01 4.64e-02 2.94e-03 4.92e-06 0.00e+00 0.00e+00 0.00e+00 0.00e+00 0.00e+00 0.00e+00 0.00e+00
 Phosphorus 0  7.31e-04 6.85e-01 2.91e-01 2.21e-02 1.07e-03 7.24e-05 0.00e+00 0.00e+00 0.00e+00 0.00e+00 0.00e+00 0.00e+00 0.00e+00
 Sulphur    0  5.90e-04 3.38e-01 6.44e-01 1.66e-02 7.29e-04 6.28e-05 1.56e-06 0.00e+00 0.00e+00 0.00e+00 0.00e+00 0.00e+00 0.00e+00
 Chlorine   0  2.87e-04 3.21e-01 6.56e-01 2.22e-02 5.35e-04 3.16e-05 9.78e-07 0.00e+00 0.00e+00 0.00e+00 0.00e+00 0.00e+00 0.00e+00
 Argon      0  3.48e-04 7.95e-02 9.06e-01 1.39e-02 5.19e-04 2.51e-05 0.00e+00 0.00e+00 0.00e+00 0.00e+00 0.00e+00 0.00e+00 0.00e+00
 Potassium  0  9.31e-06 4.32e-01 5.57e-01 9.15e-03 1.71e-03 1.84e-05 0.00e+00 0.00e+00 0.00e+00 0.00e+00 0.00e+00 0.00e+00 0.00e+00
 Calcium    0  5.28e-05 1.23e-01 8.00e-01 7.58e-02 1.02e-03 2.92e-05 0.00e+00 0.00e+00 0.00e+00 0.00e+00 0.00e+00 0.00e+00 0.00e+00
 Scandium   0  2.43e-06 1.21e-02 2.09e-01 7.61e-01 1.78e-02 1.31e-04 6.68e-06 0.00e+00 0.00e+00 0.00e+00 0.00e+00 0.00e+00 0.00e+00
 Titanium   0  8.64e-06 8.45e-02 5.70e-01 3.31e-01 1.46e-02 6.43e-05 3.59e-06 0.00e+00 0.00e+00 0.00e+00 0.00e+00 0.00e+00 0.00e+00
 Vanadium   0  2.21e-05 4.83e-02 8.02e-01 1.13e-01 3.66e-02 2.47e-04 3.42e-06 0.00e+00 0.00e+00 0.00e+00 0.00e+00 0.00e+00 0.00e+00
 Chromium   0  1.39e-05 2.16e-02 9.03e-01 6.13e-02 1.43e-02 2.71e-04 9.87e-06 0.00e+00 0.00e+00 0.00e+00 0.00e+00 0.00e+00 0.00e+00
 Manganese  0  7.21e-06 5.64e-02 8.80e-01 4.73e-02 1.62e-02 5.06e-04 1.02e-05 0.00e+00 0.00e+00 0.00e+00 0.00e+00 0.00e+00 0.00e+00
 Iron       0  2.17e-05 5.75e-02 7.50e-01 1.83e-01 8.78e-03 5.59e-04 6.97e-06 0.00e+00 0.00e+00 0.00e+00 0.00e+00 0.00e+00 0.00e+00
 Cobalt     0  1.08e-03 3.74e-01 5.05e-01 9.77e-02 2.18e-02 4.60e-04 2.10e-05 0.00e+00 0.00e+00 0.00e+00 0.00e+00 0.00e+00 0.00e+00
 Nickel     0  8.82e-05 4.33e-01 5.19e-01 4.19e-02 5.15e-03 2.18e-04 7.33e-06 0.00e+00 0.00e+00 0.00e+00 0.00e+00 0.00e+00 0.00e+00
 Copper     0  2.00e-04 5.09e-02 8.77e-01 6.92e-02 2.57e-03 2.38e-04 6.20e-06 0.00e+00 0.00e+00 0.00e+00 0.00e+00 0.00e+00 0.00e+00
 Zinc       0  3.56e-04 3.29e-02 3.53e-01 4.74e-01 1.37e-01 2.25e-03 7.08e-05 2.69e-06 0.00e+00 0.00e+00 0.00e+00 0.00e+00 0.00e+00
 ####543  Te:8.271E+00 Hden:9.873E+00 Ne:5.470E-06 R:3.154E+23 R-R0:3.123E+23 dR:1.623E+21 NTR:  5 Htot:7.272E-33 T912: 1.63e+08###
 Hydrogen      9.99e-01 1.81e-07 H+o/Hden 9.99e-01 7.05e-15 H-    H2 2.85e-04 2.13e-16 H2+ HeH+ 1.34e-15 Ho+ ColD 9.96e+24 2.78e+20
 Helium        1.00e+00 1.35e-09 3.83e-19 HeI 2s3S 5.45e-20 Comp H,C 1.90e-39 5.79e-43 Fill Fac 1.00e+00 Gam1/tot 1.53e-02
 He singlet n  1.00e+00 1.36e-25 2.58e-30 9.32e-33 9.25e-32 1.14e-33 He tripl 5.45e-20 4.14e-32 5.22e-34 5.39e-33 2.06e-33
 Pressure      NgasTgas 8.98e+01 P(total) 1.24e-14 P( gas ) 1.24e-14 P(Radtn) 1.16e-17 Rad accl 3.76e-12 ForceMul 2.51e+10
 Texc(La)      3.39e+03 T(I con) 4.44e-01 T(D con) 5.41e-01 T(U tot) 5.94e-01 nT (c+d) 2.38e+05 Prad/Gas 9.32e-04 Pmag/Gas 0.00e+00
 Molecules     CH/Ctot: 1.33e-08 CH+/Ctot 2.26e-08 CO/Ctot: 9.56e-07 CO+/Ctot 8.98e-11 H2O/Otot 4.26e-07 OH/Ototl 1.45e-05
 Lithium       5.77e-06 1.00e+00 5.56e-15 0.00e+00 Berylliu 1.07e-04 1.00e+00 3.16e-10 0.00e+00 0.00e+00 sec ion: 2.82e-23
 Boron         1.50e-05 1.00e+00 0.00e+00 0.00e+00 0.00e+00 0.00e+00
 Carbon        1.14e-03 9.99e-01 4.53e-12 0.00e+00 0.00e+00 0.00e+00 0.00e+00 H2O+/O   1.94e-08 OH+/Otot 5.51e-08 Hex(tot) 0.00e+00
 Nitrogen      1.00e+00 2.60e-11 8.30e-15 0.00e+00 0.00e+00 0.00e+00 0.00e+00 0.00e+00 O2/Ototl 8.84e-11 O2+/Otot 1.74e-11
 Oxygen        1.00e+00 3.33e-14 7.95e-15 0.00e+00 0.00e+00 0.00e+00 0.00e+00 0.00e+00 0.00e+00
 Fluorine      1.00e+00 1.89e-07 7.94e-10 0.00e+00 0.00e+00 0.00e+00 0.00e+00 0.00e+00 0.00e+00 0.00e+00
 Neon          1.00e+00 6.99e-07 9.68e-10 0.00e+00 0.00e+00 0.00e+00 0.00e+00 0.00e+00 0.00e+00 0.00e+00 0.00e+00
 Sodium        3.22e-04 1.00e+00 1.94e-09 0.00e+00 0.00e+00 0.00e+00 0.00e+00 0.00e+00 0.00e+00 0.00e+00 0.00e+00 0.00e+00
 Magnesium     3.23e-04 1.00e+00 3.06e-10 0.00e+00 0.00e+00 0.00e+00 0.00e+00 0.00e+00 0.00e+00 0.00e+00 0.00e+00 0.00e+00 0.00e+00
 Aluminium  0  4.28e-07 1.00e+00 3.42e-09 0.00e+00 0.00e+00 0.00e+00 0.00e+00 0.00e+00 0.00e+00 0.00e+00 0.00e+00 0.00e+00 0.00e+00
 Silicon    0  1.37e-05 1.00e+00 1.42e-14 0.00e+00 0.00e+00 0.00e+00 0.00e+00 0.00e+00 0.00e+00 0.00e+00 0.00e+00 0.00e+00 0.00e+00
 Phosphorus 0  3.54e-04 1.00e+00 5.86e-08 0.00e+00 0.00e+00 0.00e+00 0.00e+00 0.00e+00 0.00e+00 0.00e+00 0.00e+00 0.00e+00 0.00e+00
 Sulphur    0  6.19e-05 1.00e+00 1.46e-10 0.00e+00 0.00e+00 0.00e+00 0.00e+00 0.00e+00 0.00e+00 0.00e+00 0.00e+00 0.00e+00 0.00e+00
 Chlorine   0  6.97e-01 2.20e-01 7.11e-09 0.00e+00 0.00e+00 0.00e+00 0.00e+00 0.00e+00 0.00e+00 0.00e+00 0.00e+00 0.00e+00 0.00e+00
 Argon      0  1.00e+00 3.80e-10 6.96e-12 0.00e+00 0.00e+00 0.00e+00 0.00e+00 0.00e+00 0.00e+00 0.00e+00 0.00e+00 0.00e+00 0.00e+00
 Potassium  0  1.84e-05 1.00e+00 1.12e-08 0.00e+00 0.00e+00 0.00e+00 0.00e+00 0.00e+00 0.00e+00 0.00e+00 0.00e+00 0.00e+00 0.00e+00
 Calcium    0  5.81e-07 7.38e-02 9.26e-01 0.00e+00 0.00e+00 0.00e+00 0.00e+00 0.00e+00 0.00e+00 0.00e+00 0.00e+00 0.00e+00 0.00e+00
 Scandium   0  5.08e-05 5.27e-01 4.73e-01 0.00e+00 0.00e+00 0.00e+00 0.00e+00 0.00e+00 0.00e+00 0.00e+00 0.00e+00 0.00e+00 0.00e+00
 Titanium   0  5.61e-05 9.96e-01 4.36e-03 0.00e+00 0.00e+00 0.00e+00 0.00e+00 0.00e+00 0.00e+00 0.00e+00 0.00e+00 0.00e+00 0.00e+00
 Vanadium   0  1.88e-04 1.00e+00 3.83e-09 0.00e+00 0.00e+00 0.00e+00 0.00e+00 0.00e+00 0.00e+00 0.00e+00 0.00e+00 0.00e+00 0.00e+00
 Chromium   0  4.04e-05 1.00e+00 9.91e-13 0.00e+00 0.00e+00 0.00e+00 0.00e+00 0.00e+00 0.00e+00 0.00e+00 0.00e+00 0.00e+00 0.00e+00
 Manganese  0  8.32e-04 9.99e-01 3.35e-13 0.00e+00 0.00e+00 0.00e+00 0.00e+00 0.00e+00 0.00e+00 0.00e+00 0.00e+00 0.00e+00 0.00e+00
 Iron       0  1.49e-04 1.00e+00 6.43e-14 0.00e+00 0.00e+00 0.00e+00 0.00e+00 0.00e+00 0.00e+00 0.00e+00 0.00e+00 0.00e+00 0.00e+00
 Cobalt     0  9.53e-04 9.99e-01 0.00e+00 0.00e+00 0.00e+00 0.00e+00 0.00e+00 0.00e+00 0.00e+00 0.00e+00 0.00e+00 0.00e+00 0.00e+00
 Nickel     0  4.01e-04 1.00e+00 1.85e-13 0.00e+00 0.00e+00 0.00e+00 0.00e+00 0.00e+00 0.00e+00 0.00e+00 0.00e+00 0.00e+00 0.00e+00
 Copper     0  6.91e-04 9.99e-01 7.22e-09 0.00e+00 0.00e+00 0.00e+00 0.00e+00 0.00e+00 0.00e+00 0.00e+00 0.00e+00 0.00e+00 0.00e+00
 Zinc       0  2.77e-04 1.00e+00 0.00e+00 0.00e+00 0.00e+00 0.00e+00 0.00e+00 0.00e+00 0.00e+00 0.00e+00 0.00e+00 0.00e+00 0.00e+00
   CIV QSO  
   Calculation stopped because outer radius reached. Iteration 1 of 10
   The geometry is spherical.
 C-Continuum zero at some energies.
 C-Thermal equilibrium timescale, 2.52e+18 s, longer than Hubble time; this cloud is not time-steady.
  !Bound Compton heating reached 59.74% of the local heating.
  !Background cosmic rays are not included - is this physical?  It affects the chemistry.
  !Ionization rate fell below background cosmic ray ionization rate.  Should this be added too?
  !   Use the COSMIC RAY BACKGROUND command.
  !Some input lines contained underscores, these were changed to spaces.
  !Suprathermal collisional ionization of H reached 98.49% of the local H ionization rate.
  !H2 vib deexec heating reached 32.07% of the local heating.
  !Charge transfer H => H+ reached 53.9% of the local H ionization rate.
  !Charge transfer heating reached 9.07% of the local heating.
  !AGE: Cloud age was not set.  Longest timescale was 2.52e+18 s = 7.99e+10 years.
  !The excitation temp of Lya exceeded the electron temp, largest value was 3.93e+03K (gas temp there was 5.44e+01K, zone 370)
  !Mutual neutralization production of H-alpha was significant.
  !The local H2 cooling rate reached 62.1% of the local cooling.
  !The CMB was not included.  This is added with the CMB command.
  !The optical depth in the H I 21 cm line is 2.06e+03
  !The temperature varied by 12.4% between two zones
   Thermal collisional ionization of H reached 1.05% of the local ionization rate.
   Te-ne bounds of Case B lookup table exceeded, H I Case B line intensities set to zero.
   Te-ne bounds of Case B lookup table exceeded, He II Case B line intensities set to zero.
   The density is too low to l-mix the lowest H  I collapsed level.  More resolved levels are needed for accurate line ratios.
   The density is too low to l-mix the lowest He I collapsed level.  More resolved levels are needed for accurate line ratios.
   Non-collisional excitation of [O III] 4363 reached 0.12% of the total.
   Grains were not present but might survive in this environment (energy density temperature was 4.88e+00K)
   Cloud thicker than smallest Jeans length=1.67e+19cm; stability problems? (smallest Jeans mass=1.42e+02Mo)
   The local H2 photodissociation heating rate reached 1.1% of the total heating.
   The continuum optical depth at the lowest energy considered (3.045e-09 Ryd) was 5.129e+00.
   The optical depth to Rayleigh scattering at 1300A is 6.68e+01
   The fraction of Cl in HCl reached 2.05% at some point in the cloud.
   The fraction of Cl in HCl+ reached 4.57% at some point in the cloud.
   The fraction of Cl in H2Cl+ reached 1.69% at some point in the cloud.
   Is an outer radius of 3.16e+23 reasonable?

                       *********************************> Cloudy 17.03 <**********************************
                       * title CIV QSO                                                                   *
                       * set punch prefix "CIV_QSO"                                                      *
                       * radius = 21.500 23.500                                                          *
                       * iterate to convergence                                                          *
                       * sphere                                                                          *
                       * init "dlaw_HI_exp.ini"                                                          *
                       * table SED "QSO.sed"                                                             *
                       * nuL(nu) = 42.5 at 1 Ryd                                                         *
                       * stop temperature off                                                            *
                       * metals 0.001                                                                    *
                       * save last radius ".rad"                                                         *
                       * save last continuum ".cont"                                                     *
                       * save last physical conditions ".phy"                                            *
                       * save last overview ".ovr"                                                       *
                       * save last heating ".heat"                                                       *
                       * save last cooling ".cool"                                                       *
                       * save last optical depth ".opd"                                                  *
                       * save last element hydrogen ".ele_H"                                             *
                       * save last element helium ".ele_He"                                              *
                       * save last element carbon ".ele_C"                                               *
                       * save last element nitrogen ".ele_N"                                             *
                       * save last element oxygen ".ele_O"                                               *
                       * save last element argon ".ele_Ar"                                               *
                       * save last element neon ".ele_Ne"                                                *
                       * save last element sulphur ".ele_S"                                              *
                       * save last element chlorin ".ele_Cl"                                             *
                       * save last element iron ".ele_Fe"                                                *
                       * save last element silicon ".ele_Si"                                             *
                       * save last lines emissivity  ".emis"                                             *
                       * H  1  1215.67A                                                                  *
                       * H  1  1025.72A                                                                  *
                       * H  1  4861.33A                                                                  *
                       * H  1  6562.81A                                                                  *
                       * O  6  1031.91A                                                                  *
                       * O  6  1037.62A                                                                  *
                       * He 2  949.31A                                                                   *
                       * He 2  972.108A                                                                  *
                       * He 2  1025.27A                                                                  *
                       * He 2  1640.43A                                                                  *
                       * He 2  4859A                                                                     *
                       * He 2  4339A                                                                     *
                       * He 2  6527A                                                                     *
                       * He 2  6560A                                                                     *
                       * C  4  1550.78                                                                   *
                       * O  3  5006.84A                                                                  *
                       * N  5  1238.82                                                                   *
                       * N  5  1242.80                                                                   *
                       * c  4  1548.19                                                                   *
                       * c  4  1550.78                                                                   *
                       * mg 2  2795.53                                                                   *
                       * mg 2  2802.71                                                                   *
                       * end of lines                                                                    *
                       *********************************> Log(U): -3.52 <*********************************
                       >>>>>>>>>> Cautions are present.

                     Emission Line Spectrum.  Special Density Lw Model.  Closed geometry.  Iteration 1 of 10.
                                    Luminosity (erg/s) emitted by a shell with full coverage.


                                                   Intrinsic line intensities
general properties.............................      He 2                8199.90A   38.512    0.0025      Ca A                930.337A   38.147    0.0011
Inci                      0    43.207  126.1750      He 2                8199.90A   38.297    0.0016      Ca A                2385.35A   38.576    0.0030
TotH                      0    42.285   15.1125      He 2                1.11610m   38.123    0.0010      Ca A                2306.15A   38.414    0.0020
TotC                      0    42.285   15.1029      He 2                1.11610m   38.285    0.0015      Ca A                2252.64A   38.272    0.0015
BFH1                      0    42.081    9.4315      He 2                1.11610m   38.291    0.0015      Ca A                2214.62A   38.145    0.0011
BFHe                      0    41.837    5.3777      He 2                1.11610m   38.150    0.0011      Ca A                4541.46A   38.195    0.0012
TotM                      0    39.574    0.0294      He 2                2.75608m   38.319    0.0016      Ca A                3.09074m   38.253    0.0014
Cbnd                      0    40.132    0.1062      He 2                3.27997m   38.207    0.0013      Ca B                992.360A   39.200    0.0124
CT H                      0    40.167    0.1150      He 2                14.2360m   38.513    0.0026      Ca B                972.108A   39.020    0.0082
H FB                      0    41.081    0.9436      He 1                504.259A   41.186    1.2025      Ca B                958.694A   38.863    0.0057
HFBc                      0    41.081    0.9435      He 1                2599.69A   39.747    0.0437      Ca B                949.324A   38.725    0.0042
H  1c                     0    42.196   12.3067      He 1                3120.85A   39.231    0.0133      Ca B                942.508A   38.601    0.0031
H  1h                     0    38.429    0.0021      He 1                3421.00A   39.216    0.0129      Ca B                937.389A   38.488    0.0024
He 1c                     0    39.127    0.0105      He 1                3420.88A   39.693    0.0386      Ca B                933.444A   38.385    0.0019
C  1c                     0    39.042    0.0086      He 1                3420.88A   39.915    0.0644      Ca B                930.337A   38.290    0.0015
C  2c                     0    40.609    0.3185      He 1                3678.70A   39.489    0.0241      Ca B                927.846A   38.201    0.0012
C  3c                     0    38.115    0.0010      He 1                6632.16A   38.864    0.0057      Ca B                925.817A   38.119    0.0010
Fe 2c                     0    39.527    0.0264      He 1                7435.20A   38.433    0.0021      Ca B                2385.35A   38.626    0.0033
N  1c                     0    38.113    0.0010      He 1                7843.44A   39.453    0.0222      Ca B                2306.15A   38.465    0.0023
Ne 2c                     0    38.826    0.0052      He 1                8188.36A   39.197    0.0123      Ca B                2252.64A   38.323    0.0016
Ne 3c                     0    38.200    0.0012      He 1                8190.64A   38.706    0.0040      Ca B                2214.62A   38.196    0.0012
O  1c                     0    39.928    0.0663      He 1                8261.30A   38.831    0.0053      Ca B                4541.46A   38.218    0.0013
O  2c                     0    39.085    0.0095      He 1                1.24779m   38.329    0.0017      Ca B                3.09074m   38.259    0.0014
O  3c                     0    38.759    0.0045      He 1                1.40934m   38.966    0.0072      He 2                607.567A   41.022    0.8247
S  2c                     0    38.937    0.0068      He 1                1.45602m   38.834    0.0053      He 2                303.784A   41.088    0.9584
S  3c                     0    38.619    0.0033      He 1                1.45643m   38.341    0.0017      He 2                256.317A   38.393    0.0019
Si 2c                     0    39.593    0.0307      He 1                1.45759m   38.450    0.0022      He 2                243.027A   38.275    0.0015
Mg 2c                     0    38.728    0.0042      He 1                1.46631m   38.369    0.0018      He 2                237.331A   38.212    0.0013
N  2c                     0    38.581    0.0030      He 1                2.21672m   38.607    0.0032      He 2                234.347A   38.174    0.0012
continua.......................................      He 1                2.27546m   38.516    0.0026      He 2                232.584A   38.144    0.0011
Bac                 3646.00A   42.078    9.3839      He 1                2.27752m   38.276    0.0015      He 2                231.454A   38.120    0.0010
nFnu                3645.00A   42.339   17.1080      He 1                3.20640m   38.327    0.0017      He 2                228.234A   38.158    0.0011
nFnu                3647.00A   41.994    7.7240      He 1                3.27715m   38.253    0.0014      He 2                228.203A   38.969    0.0073
cout                3646.00A   42.078    9.3839      He 1                4.46460m   38.695    0.0039      He 2                1640.43A   40.498    0.2465
thin                3646.00A   42.079    9.3932      He 1                5.83132m   38.523    0.0026      He 2                1215.13A   40.031    0.0841
Inci                4860.00A   42.447   21.9190      He 1                7.38026m   38.372    0.0018      He 2                1084.94A   39.695    0.0389
Inci                1215.00A   42.936   67.6264      He 1                9.11143m   38.236    0.0013      He 2                1025.27A   39.437    0.0214
Ba C                      0    41.197    1.2342      He 1                11.0248m   38.113    0.0010      He 2                992.360A   39.226    0.0132
PA C                      0    40.772    0.4634      He 1                61.5933m   38.238    0.0014      He 2                972.108A   39.048    0.0087
FIR                 83.0000m   41.668    3.6480      C  5                31.6244A   39.386    0.0191      He 2                958.694A   38.894    0.0061
TIR                 1800.00m   39.191    0.0122      C  5                141.477A   38.149    0.0011      He 2                949.324A   38.757    0.0045
NIRa                2.85000m   42.774   46.5459      grains.........................................      He 2                942.508A   38.870    0.0058
NIRb                3.00000m   42.377   18.6576      H-like iso-sequence............................      He 2                937.389A   38.773    0.0046
MIRa                15.0000m   42.412   20.2175      Cool                1215.67A   41.971    7.3226      He 2                933.444A   38.684    0.0038
MIRb                22.5000m   42.487   24.0369      Crst                960.000A   41.804    4.9840      He 2                930.337A   38.602    0.0031
NMIR                21.7500m   42.774   46.5459      LA X                1215.67A   41.195    1.2278      He 2                927.846A   38.527    0.0026
TFIR                611.250m   40.617    0.3244      CION                      0    40.107    0.1001      He 2                925.817A   38.456    0.0022
TALL                10000.0A   43.557  282.5666      Q(H)                4861.33A   40.604    0.3147      He 2                924.142A   38.391    0.0019
F12                 12.0000m   41.969    7.2991      Q(H)                1215.67A   42.145   10.9362      He 2                922.743A   38.331    0.0017
F25                 25.0000m   41.754    4.4446      CaBo                4861.33A   40.648    0.3484      He 2                921.562A   38.276    0.0015
F60                 60.0000m   41.589    3.0422      CaBo                1640.00A   40.526    0.2630      He 2                920.556A   38.228    0.0013
F100                100.000m   40.443    0.2174      CaBo                4685.64A   39.675    0.0370      He 2                919.693A   38.188    0.0012
MIPS                24.0000m   41.458    2.2505      Ca A                937.804A   40.391    0.1928      He 2                918.945A   38.159    0.0011
MIPS                70.0000m   41.040    0.8581      Ca A                930.748A   40.188    0.1209      He 2                918.295A   38.150    0.0011
MIPS                160.000m   40.590    0.3050      Ca A                926.226A   40.014    0.0810      He 2                917.724A   38.194    0.0012
IRAC                3.60000m   41.578    2.9655      Ca A                923.150A   39.861    0.0569      He 2                917.221A   38.963    0.0072
IRAC                4.50000m   41.616    3.2353      Ca A                920.963A   39.724    0.0415      He 2                4685.64A   39.602    0.0314
IRAC                5.80000m   41.646    3.4707      Ca A                919.351A   39.601    0.0313      He 2                3203.04A   39.285    0.0151
IRAC                8.00000m   41.801    4.9592      Ca A                918.129A   39.488    0.0241      He 2                2733.24A   39.024    0.0083
SPR1                250.000m   38.465    0.0023      Ca A                917.181A   39.385    0.0190      He 2                2511.15A   38.810    0.0051
SPR2                350.000m   38.434    0.0021      Ca A                916.429A   39.289    0.0153      He 2                2385.35A   38.629    0.0033
SPR3                500.000m   38.336    0.0017      Ca A                915.824A   39.200    0.0124      He 2                2306.15A   38.472    0.0023
PAC1                70.0000m   41.094    0.9725      Ca A                915.329A   39.117    0.0103      He 2                2252.64A   38.333    0.0017
PAC2                100.000m   40.397    0.1952      Ca A                914.919A   39.040    0.0086      He 2                2214.62A   38.355    0.0018
PAC3                160.000m   40.593    0.3072      Ca A                914.576A   38.967    0.0073      He 2                2186.56A   38.259    0.0014
PAH                 3.30000m   40.723    0.4141      Ca A                914.286A   38.898    0.0062      He 2                2165.20A   38.170    0.0012
PAHC                3.23000m   40.428    0.2098      Ca A                914.039A   38.833    0.0053      He 2                2079.84A   38.450    0.0022
PAHC                3.37000m   40.412    0.2024      Ca A                913.826A   38.772    0.0046      He 2                1.01233m   38.981    0.0075
PAH                 6.20000m   41.163    1.1407      Ca A                913.641A   38.715    0.0041      He 2                6559.91A   38.748    0.0044
PAHC                5.65000m   41.200    1.2420      Ca A                913.480A   38.662    0.0036      He 2                5411.37A   38.536    0.0027
PAH                 7.90000m   41.351    1.7562      Ca A                913.339A   38.611    0.0032      He 2                4859.18A   38.353    0.0018
PAHC                6.90000m   41.414    2.0324      Ca A                3970.07A   39.673    0.0369      He 2                4541.46A   38.193    0.0012
PAH                 11.3000m   40.763    0.4535      Ca A                3889.05A   39.495    0.0245      He 2                1.86362m   38.476    0.0023
PAHC                10.9000m   40.784    0.4767      Ca A                3835.38A   39.339    0.0171      He 2                1.16260m   38.301    0.0016
PAH                 11.8000m   40.976    0.7420      Ca A                3797.89A   39.201    0.0125      He 2                9344.62A   38.126    0.0010
PAHC                12.6500m   40.950    0.6974      Ca A                3770.63A   39.077    0.0094      He-like iso-sequence...........................
PAH                 13.3000m   40.976    0.7408      Ca A                3750.15A   38.964    0.0072      He 1                1202.81A   40.739    0.4299
PAHC                14.1000m   40.944    0.6884      Ca A                3734.36A   38.860    0.0057      He 1                584.334A   39.762    0.0453
Bcon                3640.00A   43.433  212.5460      Ca A                3721.93A   38.763    0.0045      He 1                537.030A   38.777    0.0047
Pcon                5000.00A   42.396   19.4755      Ca A                3711.97A   38.674    0.0037      He 1                522.213A   38.635    0.0034
O3bn                5007.00A   40.738    0.4287      Ca A                3703.85A   38.590    0.0031      He 1                515.617A   38.553    0.0028
HX                  4.70000A   38.519    0.0026      Ca A                3697.15A   38.512    0.0025      He 1                512.099A   38.491    0.0024
HFFc                      0    41.029    0.8375      Ca A                3691.55A   38.438    0.0021      He 1                625.563A   41.363    1.8067
H FF                      0    40.955    0.7065      Ca A                3686.83A   38.368    0.0018      He 1                510.018A   38.324    0.0017
HeFF                      0    40.083    0.0948      Ca A                3682.80A   38.301    0.0016      He 1                508.657A   38.296    0.0016
ToFF                      0    41.010    0.8013      Ca A                3679.35A   38.238    0.0014      He 1                507.727A   38.274    0.0015
nFnu                122.400m   39.214    0.0128      Ca A                3676.36A   38.178    0.0012      He 1                507.065A   38.254    0.0014
nFnu                60.8322m   39.460    0.0226      Ca A                3673.75A   38.120    0.0010      He 1                506.576A   38.237    0.0014
nInu                60.8322m   41.683    3.7776      Ca A                9545.93A   39.123    0.0104      He 1                506.204A   38.219    0.0013
nFnu                41.2152m   39.608    0.0317      Ca A                9228.97A   38.965    0.0072      He 1                505.916A   38.201    0.0012
nInu                41.2152m   41.906    6.3161      Ca A                9014.87A   38.825    0.0052      He 1                505.687A   38.183    0.0012
nFnu                30.8695m   39.710    0.0402      Ca A                8862.74A   38.700    0.0039      He 1                505.502A   38.165    0.0011
nInu                30.8695m   42.019    8.1772      Ca A                8750.43A   38.585    0.0030      He 1                505.352A   38.147    0.0011
nFnu                24.7829m   39.789    0.0482      Ca A                8664.98A   38.480    0.0024      He 1                505.227A   38.129    0.0011
nInu                24.7829m   42.078    9.3737      Ca A                8598.35A   38.384    0.0019      He 1                505.122A   38.112    0.0010
nFnu                24.2998m   39.796    0.0489      Ca A                8545.34A   38.294    0.0015      He 1                504.672A   38.857    0.0056
nInu                24.2998m   42.087    9.5630      Ca A                8502.44A   38.210    0.0013      TOTL                1.08303m   40.022    0.0823
nFnu                22.8302m   39.821    0.0519      Ca A                8467.21A   38.131    0.0011      He 1                1.08303m   40.022    0.0823
nInu                22.8302m   42.104    9.9481      Ca A                1.81740m   38.683    0.0038      He 1                3888.63A   39.717    0.0408
nFnu                21.4199m   39.840    0.0542      Ca A                1.73620m   38.542    0.0027      He 1                3187.74A   39.329    0.0167
nInu                21.4199m   42.118   10.2682      Ca A                1.68064m   38.415    0.0020      He 1                2945.10A   39.016    0.0081
nFnu                21.1235m   39.846    0.0549      Ca A                1.64071m   38.300    0.0016      He 1                2829.08A   38.761    0.0045
nInu                21.1235m   42.121   10.3541      Ca A                1.61092m   38.194    0.0012      He 1                2760.44A   38.158    0.0011
nFnu                19.6199m   39.875    0.0587      Ca A                3.03835m   38.313    0.0016      He 1                2.05813m   38.878    0.0059
nInu                19.6199m   42.127   10.4963      Ca A                2.87219m   38.185    0.0012      He 1                5015.68A   39.128    0.0105
nFnu                17.6534m   39.919    0.0649      Ca A                12.3684m   38.577    0.0030      He 1                3964.73A   38.740    0.0043
nInu                17.6534m   42.149   11.0527      Ca A                7.50038m   38.417    0.0020      He 1                3613.64A   38.433    0.0021
nFnu                17.3700m   39.920    0.0652      Ca A                5.90655m   38.260    0.0014      He 1                3447.59A   38.182    0.0012
nInu                17.3700m   42.153   11.1452      Ca A                5.12722m   38.118    0.0010      He 1                7065.22A   39.038    0.0086
nFnu                15.6901m   39.953    0.0702      Ca A                19.0565m   38.215    0.0013      He 1                5875.64A   39.703    0.0395
nInu                15.6901m   42.166   11.4689      Ca B                3970.07A   39.842    0.0544      He 1                4713.03A   38.361    0.0018
nFnu                14.6036m   39.981    0.0750      Ca B                3889.05A   39.661    0.0359      He 1                4471.49A   39.297    0.0155
nInu                14.6036m   42.181   11.8775      Ca B                3835.38A   39.504    0.0250      He 1                4026.20A   38.983    0.0075
nFnu                12.4300m   40.042    0.0864      Ca B                3797.89A   39.364    0.0181      He 1                3819.61A   38.729    0.0042
nInu                12.4300m   42.196   12.3080      Ca B                3770.63A   39.238    0.0136      He 1                3704.76A   38.784    0.0048
nFnu                11.4000m   40.071    0.0922      Ca B                3750.15A   39.124    0.0104      He 1                3634.08A   38.619    0.0033
nInu                11.4000m   42.205   12.5604      Ca B                3734.36A   39.019    0.0082      He 1                3587.16A   38.475    0.0023
nFnu                10.4600m   40.107    0.1003      Ca B                3721.93A   38.922    0.0065      He 1                3554.34A   38.346    0.0017
nInu                10.4600m   42.215   12.8478      Ca B                3711.97A   38.832    0.0053      He 1                3530.43A   38.229    0.0013
nFnu                9.48002m   40.139    0.1079      Ca B                3703.85A   38.748    0.0044      He 1                3512.47A   38.123    0.0010
nInu                9.48002m   42.225   13.1471      Ca B                3697.15A   38.669    0.0037      He 1                3439.99A   38.207    0.0013
nFnu                9.32488m   40.145    0.1093      Ca B                3691.55A   38.595    0.0031      He 1                7281.35A   38.509    0.0025
nInu                9.32488m   42.228   13.2565      Ca B                3686.83A   38.525    0.0026      He 1                6678.15A   39.152    0.0111
nFnu                8.21035m   40.195    0.1229      Ca B                3682.80A   38.458    0.0023      He 1                4921.93A   38.728    0.0042
nInu                8.21035m   42.235   13.4533      Ca B                3679.35A   38.395    0.0019      He 1                4387.93A   38.410    0.0020
nFnu                7.58000m   40.222    0.1306      Ca B                3676.36A   38.336    0.0017      He 1                4143.76A   38.158    0.0011
nInu                7.58000m   42.243   13.7183      Ca B                3673.75A   38.279    0.0015      He 1                4009.05A   38.148    0.0011
nFnu                7.05026m   40.259    0.1423      Ca B                3671.47A   38.225    0.0013      He 1                1.70027m   38.147    0.0011
nInu                7.05026m   42.245   13.7668      Ca B                9545.93A   39.190    0.0121      He 1                1.86854m   38.755    0.0045
nFnu                4.11370m   40.477    0.2349      Ca B                9228.97A   39.033    0.0084      He 1                1.27849m   38.426    0.0021
nInu                4.11370m   42.243   13.7149      Ca B                9014.87A   38.893    0.0061      He 1                1.09130m   38.160    0.0011
nFnu                2.32440m   40.710    0.4015      Ca B                8862.74A   38.767    0.0046      He 1                1.86972m   38.278    0.0015
nInu                2.32440m   42.159   11.3092      Ca B                8750.43A   38.653    0.0035      Ca B                2945.10A   38.994    0.0077
nFnu                1.64313m   41.797    4.9050      Ca B                8664.98A   38.548    0.0028      Ca B                3187.74A   39.311    0.0160
nInu                1.64313m   42.004    7.9097      Ca B                8598.35A   38.451    0.0022      Ca B                3613.64A   38.399    0.0020
nFnu                1.48022m   40.957    0.7096      Ca B                8545.34A   38.361    0.0018      Ca B                3888.63A   39.706    0.0398
nInu                1.48022m   41.971    7.3350      Ca B                8502.44A   38.277    0.0015      Ca B                3964.73A   38.707    0.0040
nFnu                1.43649m   41.074    0.9284      Ca B                8467.21A   38.198    0.0012      Ca B                4026.20A   39.002    0.0079
nInu                1.43649m   41.965    7.2238      Ca B                8437.91A   38.124    0.0010      Ca B                4387.93A   38.425    0.0021
nFnu                1.11867m   41.170    1.1581      Ca B                1.81740m   38.719    0.0041      Ca B                4471.49A   39.322    0.0164
nInu                1.11867m   41.957    7.1035      Ca B                1.73620m   38.579    0.0030      Ca B                4713.03A   38.392    0.0019
nFnu                8329.68A   41.331    1.6802      Ca B                1.68064m   38.452    0.0022      Ca B                4921.93A   38.753    0.0044
nInu                8329.68A   42.022    8.2343      Ca B                1.64071m   38.337    0.0017      Ca B                5015.68A   39.104    0.0100
nFnu                8078.61A   41.502    2.4874      Ca B                1.61092m   38.232    0.0013      Ca B                5875.64A   39.757    0.0448
nInu                8078.61A   42.025    8.2894      Ca B                1.58804m   38.135    0.0011      Ca B                6678.15A   39.210    0.0127
nFnu                6209.66A   41.620    3.2627      Ca B                3.03835m   38.336    0.0017      Ca B                7065.22A   39.052    0.0088
nInu                6209.66A   42.086    9.5545      Ca B                2.87219m   38.209    0.0013      Ca B                7281.35A   38.524    0.0026
nFnu                4885.36A   41.769    4.6031      Ca B                12.3684m   38.589    0.0030      Ca B                1.08303m   40.087    0.0957
nInu                4885.36A   42.348   17.4429      Ca B                7.50038m   38.430    0.0021      Ca B                1.27849m   38.493    0.0024
nFnu                3704.34A   41.976    7.4214      Ca B                5.90655m   38.275    0.0015      Ca B                1.70027m   38.171    0.0012
nInu                3704.34A   42.264   14.3949      Ca B                5.12722m   38.134    0.0011      Ca B                1.86854m   38.860    0.0057
nFnu                3587.67A   42.209   12.6827      Ca B                19.0565m   38.227    0.0013      Ca B                1.86972m   38.387    0.0019
nInu                3587.67A   42.281   14.9508      H  1                2431.34A   42.512   25.4547      Ca B                2.05813m   39.163    0.0114
nFnu                2430.05A   42.377   18.6486      H  1                1215.67A   43.327  166.1970      Pho+                3889.00A   40.430    0.2111
nInu                2430.05A   42.404   19.8386      H  1                1025.72A   39.136    0.0107      extra Lyman....................................
nFnu                2392.03A   42.387   19.0870      H  1                972.537A   38.988    0.0076      database lines.................................
nInu                2392.03A   42.389   19.2066      H  1                949.743A   38.926    0.0066      Ar 1                1048.22A   38.450    0.0022
nFnu                2071.34A   42.480   23.6809      H  1                937.804A   38.868    0.0058      C  1                609.590m   39.023    0.0083
nInu                2071.34A   42.406   19.9694      H  1                930.748A   38.834    0.0054      C  2                1037.02A   39.478    0.0235
nFnu                2052.68A   42.489   24.1267      H  1                926.226A   38.800    0.0049      C  2                1334.53A   38.163    0.0011
nInu                2052.68A   42.397   19.5383      H  1                923.150A   38.768    0.0046      C  2                1335.66A   39.422    0.0207
nFnu                1793.44A   42.576   29.5189      H  1                920.963A   38.740    0.0043      C  2                1335.71A   38.415    0.0020
nInu                1793.44A   42.424   20.8000      H  1                919.351A   38.594    0.0031      C  2                157.636m   40.607    0.3170
nFnu                1585.12A   42.637   33.9720      H  1                918.129A   38.574    0.0029      C  3                977.020A   38.127    0.0010
nInu                1585.12A   42.494   24.4416      H  1                917.181A   38.556    0.0028      Fe 2                25.9811m   38.683    0.0038
nFnu                1458.33A   42.647   34.7371      H  1                916.429A   38.541    0.0027      Fe 2                5.33881m   38.966    0.0072
nInu                1458.33A   42.435   21.3383      H  1                915.824A   38.527    0.0026      Fe 2                1.25668m   38.772    0.0046
nFnu                1356.96A   42.606   31.6021      H  1                915.329A   38.515    0.0026      Fe 2                2382.04A   38.359    0.0018
nInu                1356.96A   42.470   23.1165      H  1                914.919A   38.505    0.0025      Fe 2                1.32055m   38.195    0.0012
nFnu                1297.29A   42.495   24.4768      H  1                914.576A   38.495    0.0024      Fe 2                2625.67A   39.217    0.0129
nInu                1297.29A   42.498   24.6486      H  1                914.286A   38.487    0.0024      Fe 2                2611.87A   38.760    0.0045
nFnu                1262.79A   42.322   16.4384      H  1                914.039A   38.483    0.0024      Fe 2                2395.63A   38.833    0.0053
nInu                1262.79A   42.582   29.9388      H  1                913.826A   38.482    0.0024      Fe 2                2364.83A   38.820    0.0052
nFnu                1218.08A   40.798    0.4923      H  1                913.641A   38.489    0.0024      Fe 2                2631.32A   38.547    0.0028
nInu                1218.08A   42.928   66.3425      H  1                913.480A   38.512    0.0025      Fe 2                2380.76A   38.681    0.0038
nFnu                1196.33A   40.803    0.4980      H  1                913.339A   38.579    0.0030      Fe 2                1.64355m   38.700    0.0039
nInu                1196.33A   42.771   46.1968      H  1                913.215A   39.356    0.0178      Fe 2                2493.29A   39.265    0.0144
nFnu                1175.06A   40.809    0.5051      H  1                6562.81A   41.698    3.9047      Fe 2                2755.74A   38.142    0.0011
nInu                1175.06A   42.613   32.1352      H  1                4861.33A   41.106    1.0000      Mg 1                2852.13A   38.236    0.0013
nFnu                1143.64A   40.823    0.5209      H  1                4340.46A   40.771    0.4626      N  1                1134.17A   38.489    0.0024
nInu                1143.64A   42.526   26.3285      H  1                4101.73A   40.504    0.2501      N  1                1134.41A   38.603    0.0031
nFnu                1113.22A   40.837    0.5381      H  1                3970.07A   40.285    0.1511      N  1                1134.98A   38.661    0.0036
nInu                1113.22A   42.517   25.7653      H  1                3889.05A   40.095    0.0974      N  1                1199.55A   39.407    0.0200
nFnu                1103.23A   40.841    0.5428      H  1                3835.38A   39.932    0.0669      N  1                1200.22A   39.335    0.0169
nInu                1103.23A   42.505   25.0410      H  1                3797.89A   39.790    0.0483      N  1                1200.71A   39.179    0.0118
nFnu                1073.86A   40.843    0.5459      H  1                3770.63A   39.450    0.0221      Ne 2                12.8101m   38.826    0.0052
nInu                1073.86A   42.514   25.6097      H  1                3750.15A   39.342    0.0172      O  1                1040.94A   38.126    0.0010
nFnu                1064.34A   40.850    0.5540      H  1                3734.36A   39.243    0.0137      O  1                1304.86A   39.185    0.0120
nInu                1064.34A   42.518   25.8360      H  1                3721.93A   39.153    0.0112      O  1                1306.03A   39.283    0.0150
nFnu                1035.92A   40.867    0.5767      H  1                3711.97A   39.072    0.0092      O  1                6300.30A   38.231    0.0013
nInu                1035.92A   42.586   30.1918      H  1                3703.85A   38.996    0.0078      O  1                63.1679m   39.884    0.0600
nFnu                1000.00A   40.892    0.6112      H  1                3697.15A   38.928    0.0066      O  1                145.495m   38.770    0.0046
nInu                1000.00A   42.521   26.0108      H  1                3691.55A   38.864    0.0057      O  2                3728.81A   38.830    0.0053
nFnu                925.144A   40.903    0.6266      H  1                3686.83A   38.808    0.0050      O  2                3726.03A   38.685    0.0038
nInu                925.144A   42.446   21.8847      H  1                3682.80A   38.758    0.0045      O  3                5006.84A   38.538    0.0027
RRC............................................      H  1                3679.35A   38.716    0.0041      S  2                6730.82A   38.563    0.0029
H  1                911.753A   41.920    6.5158      H  1                3676.36A   38.686    0.0038      S  2                6716.44A   38.688    0.0038
H  1                3645.98A   40.807    0.5023      H  1                3673.75A   38.676    0.0037      S  2                1055.88A   38.167    0.0011
H  1                3645.98A   41.133    1.0634      H  1                3671.47A   38.717    0.0041      S  3                9530.62A   38.191    0.0012
H  1                8203.53A   40.086    0.0956      H  1                3669.46A   39.471    0.0232      Si 2                34.8046m   39.593    0.0307
H  1                8203.53A   40.457    0.2246      H  1                1.87510m   40.469    0.2307      Si 2                1533.43A   39.475    0.0234
H  1                8203.53A   40.327    0.1663      H  1                1.28180m   40.140    0.1080      Si 2                1309.28A   39.188    0.0121
H  1                1.45841m   39.611    0.0320      H  1                1.09380m   39.876    0.0589      Si 2                1265.00A   39.844    0.0547
H  1                1.45841m   39.988    0.0762      H  1                1.00493m   39.661    0.0359      Si 2                1197.39A   39.740    0.0431
H  1                1.45841m   39.962    0.0717      H  1                9545.93A   39.475    0.0234      Si 2                1194.50A   39.558    0.0283
H  1                1.45841m   39.596    0.0309      H  1                9228.97A   39.314    0.0162      Zn 2                2025.48A   38.174    0.0012
H  1                2.27876m   39.262    0.0143      H  1                9014.87A   39.174    0.0117      Al 2                1670.79A   39.504    0.0250
H  1                2.27876m   39.638    0.0340      H  1                8862.74A   38.945    0.0069      Mg 2                2802.71A   39.463    0.0228
H  1                2.27876m   39.642    0.0344      H  1                8750.43A   38.836    0.0054      Mg 2                2795.53A   39.636    0.0339
H  1                2.27876m   39.421    0.0206      H  1                8664.98A   38.737    0.0043      N  2                6583.45A   38.408    0.0020
H  1                2.27876m   38.909    0.0064      H  1                8598.35A   38.647    0.0035      level 1 lines..................................
H  1                3.28142m   38.988    0.0076      H  1                8545.34A   38.565    0.0029      recombination..................................
H  1                3.28142m   39.362    0.0180      H  1                8502.44A   38.490    0.0024      C  1                1657.00A   39.023    0.0083
H  1                3.28142m   39.378    0.0187      H  1                8467.21A   38.421    0.0021      level2 lines...................................
H  1                3.28142m   39.208    0.0127      H  1                8437.91A   38.358    0.0018      N  1                942.258A   38.492    0.0024
H  1                3.28142m   38.868    0.0058      H  1                8413.28A   38.301    0.0016      O  1                976.791A   38.947    0.0069
H  1                3.28142m   38.263    0.0014      H  1                8392.35A   38.251    0.0014      O  1                969.049A   38.532    0.0027
H  1                4.46637m   38.763    0.0045      H  1                8374.43A   38.209    0.0013      O  1                946.387A   38.291    0.0015
H  1                4.46637m   39.135    0.0107      H  1                8358.96A   38.179    0.0012      O  1                934.501A   38.196    0.0012
H  1                4.46637m   39.155    0.0112      H  1                8345.51A   38.170    0.0012      O  1                973.577A   38.275    0.0015
H  1                4.46637m   39.010    0.0080      H  1                8333.74A   38.211    0.0013      O  1                927.472A   38.123    0.0010
H  1                4.46637m   38.738    0.0043      H  1                8323.38A   38.966    0.0072      O  1                948.506A   38.120    0.0010
H  1                4.46637m   38.324    0.0017      H  1                4.05113m   39.643    0.0344      Si 2                1179.59A   39.890    0.0608
H  1                5.83363m   38.573    0.0029      H  1                2.62513m   39.432    0.0212      Si 2                993.354A   38.907    0.0063
H  1                5.83363m   38.943    0.0069      H  1                2.16551m   39.233    0.0134      Si 2                1024.03A   38.274    0.0015
H  1                5.83363m   38.965    0.0072      H  1                1.94454m   39.055    0.0089      P  2                967.202A   38.576    0.0030
H  1                5.83363m   38.832    0.0053      H  1                1.81740m   38.900    0.0062      P  2                963.828A   38.810    0.0051
H  1                5.83363m   38.595    0.0031      H  1                1.73620m   38.762    0.0045      Ti 2                3364.74A   38.141    0.0011
H  1                5.83363m   38.263    0.0014      H  1                1.68064m   38.576    0.0029      Cr 2                2059.78A   38.341    0.0017
H  1                7.38319m   38.407    0.0020      H  1                1.64071m   38.467    0.0023      Mn 2                1198.85A   38.381    0.0019
H  1                7.38319m   38.776    0.0047      H  1                1.61092m   38.369    0.0018      Ni 2                1751.83A   38.339    0.0017
H  1                7.38319m   38.799    0.0049      H  1                1.58804m   38.279    0.0015      Ni 2                1744.24A   38.574    0.0029
H  1                7.38319m   38.673    0.0037      H  1                1.57006m   38.197    0.0012      Ni 2                1472.74A   38.277    0.0015
H  1                7.38319m   38.456    0.0022      H  1                1.55563m   38.122    0.0010      Ni 2                1400.37A   38.205    0.0013
H  1                7.38319m   38.167    0.0012      H  1                1.49672m   38.599    0.0031      Ni 2                1375.73A   38.662    0.0036
H  1                9.11505m   38.261    0.0014      H  1                7.45777m   39.072    0.0092      Ni 2                1324.11A   38.532    0.0027
H  1                9.11505m   38.629    0.0033      H  1                4.65247m   38.912    0.0064      hyperfine structure............................
H  1                9.11505m   38.652    0.0035      H  1                3.73951m   38.747    0.0044      inner shell....................................
H  1                9.11505m   38.530    0.0027      H  1                3.29607m   38.596    0.0031      Ca 4                3.33246A   38.147    0.0011
H  1                9.11505m   38.325    0.0017      H  1                3.03835m   38.461    0.0023      Ca 4                3.32942A   38.449    0.0022
H  1                11.0292m   39.134    0.0107      H  1                2.87219m   38.287    0.0015      molecules......................................
H  1                13.1257m   39.022    0.0082      H  1                2.75749m   38.179    0.0012      H2 l                2.00000m   40.154    0.1118
H  1                15.4044m   38.918    0.0065      H  1                2.37371m   38.313    0.0016      H2dH                      0    38.551    0.0028
H  1                17.8655m   38.822    0.0052      H  1                12.3684m   38.619    0.0033      H2vH                      0    39.981    0.0751
H  1                20.5089m   38.733    0.0042      H  1                7.50038m   38.490    0.0024      H2 v                      0    40.592    0.3063
H  1                23.3345m   38.649    0.0035      H  1                5.90655m   38.350    0.0018      H-FB                      0    39.823    0.0521
H  1                26.3425m   38.571    0.0029      H  1                5.12722m   38.219    0.0013      H-FF                      0    39.665    0.0362
H  1                29.5328m   38.497    0.0025      H  1                19.0565m   38.235    0.0013      H-CT                6562.81A   39.218    0.0130
H  1                32.9053m   38.427    0.0021      H  1                11.3055m   38.131    0.0011      H- H                      0    39.985    0.0756
H  1                36.4602m   38.360    0.0018      Ca A                234.347A   39.698    0.0391      H2+                       0    39.490    0.0242
H  1                40.1974m   38.297    0.0016      Ca A                232.584A   39.498    0.0246      H2+p                      0    38.517    0.0026
H  1                44.1168m   38.236    0.0013      Ca A                231.454A   39.326    0.0166      HEH+                      0    38.597    0.0031
H  1                48.2186m   38.178    0.0012      Ca A                230.686A   39.176    0.0118      blends.........................................
H  1                52.5027m   38.123    0.0010      Ca A                230.139A   39.043    0.0086      Blnd                1304.00A   39.543    0.0274
H  1                56.9691m   39.294    0.0154      Ca A                229.736A   38.923    0.0066      Blnd                1039.00A   38.447    0.0022
He 2                227.838A   41.128    1.0512      Ca A                229.431A   38.813    0.0051      Blnd                2798.00A   39.859    0.0567
He 2                911.351A   39.747    0.0437      Ca A                229.194A   38.712    0.0040      Blnd                6720.00A   38.931    0.0067
He 2                911.351A   40.150    0.1107      Ca A                229.006A   38.619    0.0033      Blnd                1256.00A   38.462    0.0023
He 2                2049.88A   39.151    0.0111      Ca A                228.855A   38.532    0.0027      Blnd                7306.00A   38.137    0.0011
He 2                2049.88A   39.608    0.0317      Ca A                228.731A   38.450    0.0022      Blnd                1657.00A   39.093    0.0097
He 2                2049.88A   39.600    0.0312      Ca A                228.629A   38.374    0.0019      C 1R                1656.00A   39.023    0.0083
He 2                3644.36A   38.619    0.0033      Ca A                228.543A   38.301    0.0016      Blnd                2326.00A   38.246    0.0014
He 2                3644.36A   39.085    0.0095      Ca A                228.471A   38.233    0.0013      Blnd                1335.00A   39.485    0.0239
He 2                3644.36A   39.191    0.0122      Ca A                228.409A   38.168    0.0012      Blnd                977.000A   38.127    0.0010
He 2                3644.36A   38.957    0.0071      Ca A                228.356A   38.107    0.0010      Blnd                5199.00A   38.293    0.0015
He 2                5694.36A   38.223    0.0013      Ca A                992.360A   39.052    0.0088      Blnd                6300.00A   38.351    0.0018
He 2                5694.36A   38.690    0.0038      Ca A                972.108A   38.873    0.0058      Blnd                3726.00A   38.685    0.0038
He 2                5694.36A   38.832    0.0053      Ca A                958.694A   38.717    0.0041      Blnd                3729.00A   38.830    0.0053
He 2                5694.36A   38.752    0.0044      Ca A                949.324A   38.580    0.0030      Blnd                3727.00A   39.065    0.0091
He 2                5694.36A   38.358    0.0018      Ca A                942.508A   38.456    0.0022      Blnd                5007.00A   38.664    0.0036
He 2                8199.90A   38.378    0.0019      Ca A                937.389A   38.344    0.0017
He 2                8199.90A   38.535    0.0027      Ca A                933.444A   38.242    0.0014

                                                    Emergent line intensities
 Caution: emergent intensities are not reliable on the first iteration.
general properties.............................      H  1                8333.74A   38.210    0.0013      He 1                3554.34A   38.346    0.0017
continua.......................................      H  1                8323.38A   38.965    0.0073      He 1                3530.43A   38.229    0.0013
FIR                 83.0000m   41.668    3.6660      H  1                4.05113m   39.643    0.0346      He 1                3512.47A   38.123    0.0010
TIR                 1800.00m   39.191    0.0122      H  1                2.62513m   39.432    0.0213      He 1                3439.99A   38.207    0.0013
NIRa                2.85000m   42.774   46.7753      H  1                2.16551m   39.233    0.0135      He 1                7281.35A   38.508    0.0025
NIRb                3.00000m   42.377   18.7496      H  1                1.94454m   39.055    0.0089      He 1                6678.15A   39.152    0.0112
MIRa                15.0000m   42.412   20.3172      H  1                1.81740m   38.900    0.0062      He 1                4921.93A   38.728    0.0042
MIRb                22.5000m   42.487   24.1554      H  1                1.73620m   38.762    0.0045      He 1                4387.93A   38.410    0.0020
NMIR                21.7500m   42.774   46.7753      H  1                1.68064m   38.576    0.0030      He 1                4143.76A   38.158    0.0011
TFIR                611.250m   40.617    0.3260      H  1                1.64071m   38.467    0.0023      He 1                4009.05A   38.148    0.0011
TALL                10000.0A   43.553  280.9749      H  1                1.61092m   38.368    0.0018      He 1                1.70027m   38.147    0.0011
F12                 12.0000m   41.969    7.3351      H  1                1.58804m   38.279    0.0015      He 1                1.86854m   38.755    0.0045
F25                 25.0000m   41.754    4.4665      H  1                1.57006m   38.197    0.0012      He 1                1.27849m   38.426    0.0021
F60                 60.0000m   41.589    3.0572      H  1                1.55563m   38.122    0.0010      He 1                1.09130m   38.160    0.0011
F100                100.000m   40.443    0.2185      H  1                1.49672m   38.599    0.0031      He 1                1.86972m   38.278    0.0015
MIPS                24.0000m   41.458    2.2616      H  1                7.45777m   39.072    0.0093      extra Lyman....................................
MIPS                70.0000m   41.040    0.8623      H  1                4.65247m   38.912    0.0064      database lines.................................
MIPS                160.000m   40.590    0.3065      H  1                3.73951m   38.747    0.0044      Ar 1                1048.22A   38.443    0.0022
IRAC                3.60000m   41.578    2.9801      H  1                3.29607m   38.596    0.0031      C  1                609.590m   39.023    0.0083
IRAC                4.50000m   41.616    3.2513      H  1                3.03835m   38.461    0.0023      C  2                1037.02A   39.473    0.0234
IRAC                5.80000m   41.646    3.4878      H  1                2.87219m   38.287    0.0015      C  2                1334.53A   38.163    0.0011
IRAC                8.00000m   41.801    4.9836      H  1                2.75749m   38.179    0.0012      C  2                1335.66A   39.421    0.0208
SPR1                250.000m   38.465    0.0023      H  1                2.37371m   38.313    0.0016      C  2                1335.71A   38.414    0.0020
SPR2                350.000m   38.434    0.0021      H  1                12.3684m   38.619    0.0033      C  2                157.636m   40.607    0.3186
SPR3                500.000m   38.336    0.0017      H  1                7.50038m   38.490    0.0024      C  3                977.020A   38.127    0.0011
PAC1                70.0000m   41.094    0.9773      H  1                5.90655m   38.350    0.0018      Fe 2                25.9811m   38.683    0.0038
PAC2                100.000m   40.397    0.1962      H  1                5.12722m   38.219    0.0013      Fe 2                5.33881m   38.966    0.0073
PAC3                160.000m   40.593    0.3087      H  1                19.0565m   38.235    0.0014      Fe 2                1.25668m   38.771    0.0046
PAH                 3.30000m   40.723    0.4161      H  1                11.3055m   38.131    0.0011      Fe 2                2382.04A   38.359    0.0018
PAHC                3.23000m   40.428    0.2108      He 2                303.784A   41.024    0.8325      Fe 2                1.32055m   38.194    0.0012
PAHC                3.37000m   40.412    0.2034      He 2                256.317A   38.387    0.0019      Fe 2                2625.67A   39.215    0.0129
PAH                 6.20000m   41.163    1.1464      He 2                243.027A   38.270    0.0015      Fe 2                2611.87A   38.758    0.0045
PAHC                5.65000m   41.200    1.2481      He 2                237.331A   38.206    0.0013      Fe 2                2395.63A   38.831    0.0053
PAH                 7.90000m   41.351    1.7649      He 2                234.347A   38.167    0.0012      Fe 2                2364.83A   38.819    0.0052
PAHC                6.90000m   41.414    2.0424      He 2                232.584A   38.137    0.0011      Fe 2                2631.32A   38.546    0.0028
PAH                 11.3000m   40.763    0.4557      He 2                231.454A   38.111    0.0010      Fe 2                2380.76A   38.679    0.0038
PAHC                10.9000m   40.784    0.4791      He 2                228.234A   38.133    0.0011      Fe 2                1.64355m   38.700    0.0039
PAH                 11.8000m   40.976    0.7456      He 2                228.203A   38.944    0.0069      Fe 2                2493.29A   39.263    0.0144
PAHC                12.6500m   40.950    0.7009      He 2                1640.43A   40.498    0.2477      Fe 2                2755.74A   38.140    0.0011
PAH                 13.3000m   40.976    0.7445      He 2                1215.13A   40.031    0.0845      Mg 1                2852.13A   38.234    0.0014
PAHC                14.1000m   40.944    0.6918      He 2                1084.94A   39.695    0.0390      N  1                1134.17A   38.488    0.0024
Bcon                3640.00A   43.432  212.9977      He 2                1025.27A   39.437    0.0215      N  1                1134.41A   38.602    0.0031
Pcon                5000.00A   42.392   19.4024      He 2                992.360A   39.226    0.0132      N  1                1134.98A   38.660    0.0036
O3bn                5007.00A   40.735    0.4274      He 2                972.108A   39.048    0.0088      N  1                1199.55A   39.406    0.0201
HX                  4.70000A   38.218    0.0013      He 2                958.694A   38.894    0.0062      N  1                1200.22A   39.334    0.0170
RRC............................................      He 2                949.324A   38.757    0.0045      N  1                1200.71A   39.178    0.0119
grains.........................................      He 2                942.508A   38.870    0.0058      Ne 2                12.8101m   38.826    0.0053
H-like iso-sequence............................      He 2                937.389A   38.773    0.0047      O  1                1040.94A   38.124    0.0010
H  1                1215.67A   43.325  166.3325      He 2                933.444A   38.684    0.0038      O  1                1304.86A   39.184    0.0120
H  1                1025.72A   39.136    0.0108      He 2                930.337A   38.602    0.0032      O  1                1306.03A   39.282    0.0151
H  1                972.537A   38.988    0.0077      He 2                927.846A   38.527    0.0026      O  1                6300.30A   38.229    0.0013
H  1                949.743A   38.926    0.0066      He 2                925.817A   38.456    0.0023      O  1                63.1679m   39.884    0.0603
H  1                937.804A   38.868    0.0058      He 2                924.142A   38.391    0.0019      O  1                145.495m   38.770    0.0046
H  1                930.748A   38.834    0.0054      He 2                922.743A   38.331    0.0017      O  2                3728.81A   38.830    0.0053
H  1                926.226A   38.800    0.0050      He 2                921.562A   38.276    0.0015      O  2                3726.03A   38.685    0.0038
H  1                923.150A   38.768    0.0046      He 2                920.556A   38.228    0.0013      O  3                5006.84A   38.538    0.0027
H  1                920.963A   38.740    0.0043      He 2                919.693A   38.188    0.0012      S  2                6730.82A   38.562    0.0029
H  1                919.351A   38.594    0.0031      He 2                918.945A   38.159    0.0011      S  2                6716.44A   38.687    0.0038
H  1                918.129A   38.574    0.0030      He 2                918.295A   38.150    0.0011      S  2                1055.88A   38.155    0.0011
H  1                917.181A   38.556    0.0028      He 2                917.724A   38.194    0.0012      S  3                9530.62A   38.191    0.0012
H  1                916.429A   38.541    0.0027      He 2                917.221A   38.963    0.0072      Si 2                34.8046m   39.593    0.0308
H  1                915.824A   38.527    0.0027      He 2                4685.64A   39.602    0.0315      Si 2                1533.43A   39.474    0.0234
H  1                915.329A   38.515    0.0026      He 2                3203.04A   39.285    0.0152      Si 2                1309.28A   39.187    0.0121
H  1                914.919A   38.505    0.0025      He 2                2733.24A   39.024    0.0083      Si 2                1265.00A   39.843    0.0549
H  1                914.576A   38.495    0.0025      He 2                2511.15A   38.810    0.0051      Si 2                1197.39A   39.739    0.0432
H  1                914.286A   38.487    0.0024      He 2                2385.35A   38.629    0.0033      Si 2                1194.50A   39.557    0.0284
H  1                914.039A   38.483    0.0024      He 2                2306.15A   38.472    0.0023      Zn 2                2025.48A   38.172    0.0012
H  1                913.826A   38.482    0.0024      He 2                2252.64A   38.333    0.0017      Al 2                1670.79A   39.503    0.0251
H  1                913.641A   38.489    0.0024      He 2                2214.62A   38.355    0.0018      Mg 2                2802.71A   39.461    0.0228
H  1                913.480A   38.512    0.0026      He 2                2186.56A   38.259    0.0014      Mg 2                2795.53A   39.634    0.0339
H  1                913.339A   38.579    0.0030      He 2                2165.20A   38.170    0.0012      N  2                6583.45A   38.408    0.0020
H  1                913.215A   39.356    0.0179      He 2                2079.84A   38.450    0.0022      level 1 lines..................................
H  1                6562.81A   41.695    3.8963      He 2                1.01233m   38.981    0.0075      recombination..................................
H  1                4861.33A   41.104    1.0000      He 2                6559.91A   38.748    0.0044      level2 lines...................................
H  1                4340.46A   40.769    0.4628      He 2                5411.37A   38.536    0.0027      N  1                942.258A   38.485    0.0024
H  1                4101.73A   40.502    0.2503      He 2                4859.18A   38.353    0.0018      O  1                976.791A   38.942    0.0069
H  1                3970.07A   40.283    0.1512      He 2                4541.46A   38.193    0.0012      O  1                969.049A   38.529    0.0027
H  1                3889.05A   40.093    0.0975      He 2                1.86362m   38.476    0.0024      O  1                946.387A   38.287    0.0015
H  1                3835.38A   39.930    0.0670      He 2                1.16260m   38.301    0.0016      O  1                934.501A   38.194    0.0012
H  1                3797.89A   39.788    0.0483      He 2                9344.62A   38.126    0.0011      O  1                973.577A   38.273    0.0015
H  1                3770.63A   39.450    0.0222      He-like iso-sequence...........................      O  1                927.472A   38.121    0.0010
H  1                3750.15A   39.341    0.0173      He 1                584.334A   39.650    0.0351      O  1                948.506A   38.118    0.0010
H  1                3734.36A   39.242    0.0138      He 1                537.030A   38.732    0.0043      Si 2                1179.59A   39.889    0.0610
H  1                3721.93A   39.153    0.0112      He 1                522.213A   38.590    0.0031      Si 2                993.354A   38.901    0.0063
H  1                3711.97A   39.071    0.0093      He 1                515.617A   38.503    0.0025      Si 2                1024.03A   38.269    0.0015
H  1                3703.85A   38.996    0.0078      He 1                512.099A   38.435    0.0021      P  2                967.202A   38.569    0.0029
H  1                3697.15A   38.927    0.0067      He 1                625.563A   41.140    1.0858      P  2                963.828A   38.803    0.0050
H  1                3691.55A   38.864    0.0058      He 1                510.018A   38.275    0.0015      Ti 2                3364.74A   38.139    0.0011
H  1                3686.83A   38.807    0.0051      He 1                508.657A   38.242    0.0014      Cr 2                2059.78A   38.340    0.0017
H  1                3682.80A   38.757    0.0045      He 1                507.727A   38.214    0.0013      Mn 2                1198.85A   38.380    0.0019
H  1                3679.35A   38.715    0.0041      He 1                507.065A   38.188    0.0012      Ni 2                1751.83A   38.338    0.0017
H  1                3676.36A   38.685    0.0038      He 1                506.576A   38.165    0.0012      Ni 2                1744.24A   38.573    0.0029
H  1                3673.75A   38.675    0.0037      He 1                506.204A   38.141    0.0011      Ni 2                1472.74A   38.276    0.0015
H  1                3671.47A   38.716    0.0041      He 1                505.916A   38.118    0.0010      Ni 2                1400.37A   38.204    0.0013
H  1                3669.46A   39.470    0.0232      He 1                504.672A   38.728    0.0042      Ni 2                1375.73A   38.661    0.0036
H  1                1.87510m   40.469    0.2318      He 1                1.08303m   40.022    0.0827      Ni 2                1324.11A   38.531    0.0027
H  1                1.28180m   40.138    0.1082      He 1                3888.63A   39.717    0.0410      hyperfine structure............................
H  1                1.09380m   39.874    0.0589      He 1                3187.74A   39.329    0.0168      inner shell....................................
H  1                1.00493m   39.659    0.0359      He 1                2945.10A   39.016    0.0082      molecules......................................
H  1                9545.93A   39.472    0.0234      He 1                2829.08A   38.761    0.0045      blends.........................................
H  1                9228.97A   39.312    0.0161      He 1                2760.44A   38.158    0.0011      Blnd                1304.00A   39.542    0.0274
H  1                9014.87A   39.172    0.0117      He 1                2.05813m   38.878    0.0059      Blnd                1039.00A   38.442    0.0022
H  1                8862.74A   38.944    0.0069      He 1                5015.68A   39.128    0.0106      Blnd                2798.00A   39.857    0.0567
H  1                8750.43A   38.835    0.0054      He 1                3964.73A   38.740    0.0043      Blnd                6720.00A   38.930    0.0067
H  1                8664.98A   38.736    0.0043      He 1                3613.64A   38.433    0.0021      Blnd                1256.00A   38.461    0.0023
H  1                8598.35A   38.646    0.0035      He 1                3447.59A   38.182    0.0012      Blnd                7306.00A   38.134    0.0011
H  1                8545.34A   38.564    0.0029      He 1                7065.22A   39.038    0.0086      Blnd                1657.00A   39.092    0.0097
H  1                8502.44A   38.489    0.0024      He 1                5875.64A   39.703    0.0397      C 1R                1656.00A   39.022    0.0083
H  1                8467.21A   38.420    0.0021      He 1                4713.03A   38.361    0.0018      Blnd                1335.00A   39.484    0.0240
H  1                8437.91A   38.357    0.0018      He 1                4471.49A   39.297    0.0156      Blnd                977.000A   38.127    0.0011
H  1                8413.28A   38.300    0.0016      He 1                4026.20A   38.983    0.0076      Blnd                6300.00A   38.350    0.0018
H  1                8392.35A   38.250    0.0014      He 1                3819.61A   38.729    0.0042      Blnd                3726.00A   38.685    0.0038
H  1                8374.43A   38.208    0.0013      He 1                3704.76A   38.784    0.0048      Blnd                3729.00A   38.830    0.0053
H  1                8358.96A   38.178    0.0012      He 1                3634.08A   38.619    0.0033      Blnd                5007.00A   38.664    0.0036
H  1                8345.51A   38.168    0.0012      He 1                3587.16A   38.475    0.0023



 CIV QSO  
 Cooling:  HFBc                      0 :0.062 H  1c                     0 :0.815 HFFc                      0 :0.055  
 Heating:  BFH1                      0 :0.624 BFHe                      0 :0.356  

 These are some of the most important databases used by Cloudy:
 Many recombination coefficients were taken from http://amdpp.phys.strath.ac.uk/tamoc/RR/ and http://amdpp.phys.strath.ac.uk/tamoc/DR/
      and are based on the following papers:
        Badnell N. R., et al., A&A 406, 1151 (2003) [http://adsabs.harvard.edu/abs/2003A%26A...406.1151B]
        Badnell N. R., ApJS 167, 334 (2006) [http://adsabs.harvard.edu/abs/2006ApJS..167..334B]
 Much of the molecular emission data is from LAMDA as accessed on June 30, 2015. This database is described in:
        Schoeier F.L., et al., A&A 432, 369 (2005) [http://adsabs.harvard.edu/abs/2005A%26A...432..369S]
      This database is in part based on the work of the following groups:
        JPL: Pickett H. M. et al., JQSRT, 60, 883 (1998). [http://adsabs.harvard.edu/abs/1998JQSRT..60..883P]
        CDMS: Mueller H. S. et al., A&A 370, L49 (2001). [http://adsabs.harvard.edu/abs/2001A%26A...370L..49M]
              Mueller H. S. et al., J. Mol. Struct. 742, 215 (2005). [http://adsabs.harvard.edu/abs/2005JMoSt.742..215M]
 Some of the ionic emission data is from version 7.1.4 of CHIANTI. CHIANTI is a collaborative project involving the NRL (USA), the
      Universities of Florence (Italy) and Cambridge (UK), and George Mason University (USA). These papers describe Chianti:
        Dere K. P., et al., A&AS, 125, 149 (1997) [http://adsabs.harvard.edu/abs/1997A%26AS..125..149D]
        Landi E., et al., ApJ, 744, 99 (2012) [http://adsabs.harvard.edu/abs/2012ApJ...744...99L]
 Much of the H_2 data is from this web site: http://molat.obspm.fr/index.php?page=pages/Molecules/H2/H2can94.php. These data are
      described in:
        Abgrall H. et al., Can. J. Phys., 72, 856 (1994) [http://adsabs.harvard.edu/abs/1994CaJPh..72..856A]
        Wrathmall S. A. & Flower D. R., J. Phys. B, 40, 3221 (2007) [http://adsabs.harvard.edu/abs/2007JPhB...40.3221W]
 The Case A and Case B recombination predictions for one-electron systems are from
	Storey, P.J. & Hummer, D.G., 1995, MNRAS 272, 41 http://adsabs.harvard.edu/abs/1995MNRAS.272...41S
 The He I recombination predictions are from
	Porter, R. L.; Ferland, G. J.; Storey, P. J.; Detisch, M. J., 2012, MNRAS, 425, 28p http://adsabs.harvard.edu/abs/2012MNRAS.425L..28P
		http://adsabs.harvard.edu/abs/2013MNRAS.433L..89P

 If you find some process or data set to be particularly critical to a result, please follow the trail of references back to the
 original source and cite that.  This will support and encourage atomic, molecular, and chemical physicists to continue their
 valuable work.

 IONIZE PARMET:  U(1-) -3.5203  U(4-): -4.5432  U(sp): -2.64  Q(ion):   46.433  L(ion) 39.306    Q(low): 55.677    L(low) 43.551
 ENERGY BUDGET:  Heat:  42.285  Coolg:  42.285  Error:  0.1%  Rec Lin:  42.533  F-F  H  0.000    P(rad/tot)max     3.90E-03    R(F Con):1.737e+05

     Col(Heff):      1.989E+24  snd travl time  1.24E+19 sec  Te-low: 8.27E+00  Te-hi: 1.43E+04  G0TH85: 1.39E+01  G0DB96:1.30E+01
  Emiss Measure    n(e)n(p) dl       3.449E+21  n(e)n(He+)dl         3.292E+20  En(e)n(He++) dl         3.544E+19  ne nC+:4.90E+15
 He/Ha:3.16E-02  =   0.32*true  Lthin:1.35E+03  itr/zn: 8.22  H2 itr/zn:  0.00  File Opacity: F  MassTot 5.48e+48  (gm)
   Temps(21 cm)   T(21cm/Ly a)  3.20E+03        T(<nH/Tkin>)  1.09E+01          T(<nH/Tspin>)    3.51E+03          TB21cm:3.51E+03
                   N(H0/Tspin)  2.84E+21        N(OH/Tkin)    3.42E+12          B(21cm)          0.00E+00
   <a>:1.15E-10  erdeFe1.9E+26  Tcompt5.90E+10  Tthr2.52E+18  <Tden>: 2.70E+01  <dens>:7.44E-23  <MolWgt>1.28E+00
     Mean Jeans  l(cm)5.97E+19  M(sun)1.30E+03  smallest:     len(cm):1.67E+19  M(sun):1.42E+02  a_ox tran: -9.89
 Rion:3.163E+21  Dist:0.00E+00  Diam:0.000E+00
 Hatom level 70  HatomType: add  HInducImp  F  He tot level: 63  He2 level:   70  ExecTime   213.1
 ConvrgError(%)  <eden>  0.049  MaxEden  0.840  <H-C>   0.07  Max(H-C)    0.50  <Press>   0.000  MaxPrs er  0.000
  Continuity(%)  chng Te  12.4  elec den   6.7  n(H2)    0.0  n(CO)        0.0

                                                        Averaged Quantities
             Te      Te(Ne)   Te(NeNp)  Te(NeHe+)Te(NeHe2+) Te(NeO+)  Te(NeO2+)  Te(H2)     N(H)     Ne(O2+)   Ne(Np)
 Radius:  1.67e+01  5.42e+03  1.30e+04  1.28e+04  1.37e+04  1.28e+04  1.39e+04  1.14e+01  3.18e+01  8.12e+01  1.24e+01
   Area:  9.07e+00  2.29e+03  1.30e+04  1.28e+04  1.37e+04  1.28e+04  1.39e+04  9.27e+00  2.18e+01  8.11e+01  6.07e+00
 Volume:  8.61e+00  1.26e+02  1.30e+04  1.28e+04  1.37e+04  1.28e+04  1.39e+04  8.78e+00  1.77e+01  8.10e+01  4.77e-01
 
 Peimbert T(OIIIr)1.23E+04 T(Bac)2.55E+04 T(Hth)0.00E+00 t2(Hstrc) 1.55e-02 T(O3-BAC)0.00E+00 t2(O3-BC) 0.00e+00 t2(O3str) 1.55e-03

 Contin Optical Depths: COMP: 1.98e-04    H-: 3.44e-03 R(1300): 6.68e+01  H2+: 1.27e-04  Bra:1.00E-04
                          Pa: 1.23e-04    Ba: 3.36e-03      Hb: 7.20e-03   La: 8.23e+04     1r:8.163E+07  1.8:2.16E+07 4.:3.185E+06

 Old, new H  1 continuum optical depths:
     1 1.00e+08     2 0.00e+00     3 0.00e+00     4 0.00e+00     5 0.00e+00     6 0.00e+00     7 0.00e+00     8 0.00e+00
     9 0.00e+00    10 0.00e+00    11 0.00e+00    12 0.00e+00    13 0.00e+00    14 0.00e+00    15 0.00e+00    16 0.00e+00
    17 0.00e+00    18 0.00e+00    19 0.00e+00    20 0.00e+00    21 0.00e+00    22 0.00e+00    23 0.00e+00    24 0.00e+00
    25 0.00e+00    26 0.00e+00    27 0.00e+00    28 0.00e+00    29 0.00e+00    30 0.00e+00    31 0.00e+00    32 0.00e+00
    33 0.00e+00    34 0.00e+00    35 0.00e+00    36 0.00e+00    37 0.00e+00    38 0.00e+00    39 0.00e+00    40 0.00e+00
    41 0.00e+00    42 0.00e+00    43 0.00e+00    44 0.00e+00    45 0.00e+00    46 0.00e+00    47 0.00e+00    48 0.00e+00
    49 0.00e+00    50 0.00e+00    51 0.00e+00    52 0.00e+00    53 0.00e+00    54 0.00e+00
     1 8.16e+07     2 8.93e-04     3 1.75e-03     4 1.75e-03     5 1.75e-03     6 4.48e-04     7 4.48e-04     8 4.48e-04
     9 4.48e-04    10 5.32e-15    11 5.32e-15    12 5.32e-15    13 5.32e-15    14 5.32e-15    15 1.24e-14    16 1.24e-14
    17 1.24e-14    18 1.24e-14    19 1.24e-14    20 1.24e-14    21 2.58e-14    22 2.58e-14    23 2.58e-14    24 2.58e-14
    25 2.58e-14    26 2.58e-14    27 2.58e-14    28 4.90e-14    29 4.90e-14    30 4.90e-14    31 4.90e-14    32 4.90e-14
    33 4.90e-14    34 4.90e-14    35 4.90e-14    36 8.74e-14    37 8.74e-14    38 8.74e-14    39 8.74e-14    40 8.74e-14
    41 8.74e-14    42 8.74e-14    43 8.74e-14    44 8.74e-14    45 1.47e-13    46 1.47e-13    47 1.47e-13    48 1.47e-13
    49 1.47e-13    50 1.47e-13    51 1.47e-13    52 1.47e-13    53 1.47e-13    54 1.47e-13

 Old, new H  1 mean line optical depths:
  2- 1 1.61e+20  3- 2 2.72e-04  4- 3 0.00e+00  5- 4 0.00e+00  6- 5 0.00e+00  7- 6 0.00e+00  8- 7 0.00e+00
  9- 8 0.00e+00 10- 9 0.00e+00 11-10 0.00e+00 12-11 0.00e+00 13-12 0.00e+00 14-13 0.00e+00 15-14 0.00e+00 16-15 0.00e+00
 17-16 0.00e+00 18-17 0.00e+00 19-18 0.00e+00 20-19 0.00e+00 21-20 0.00e+00 22-21 0.00e+00 23-22 0.00e+00 24-23 0.00e+00
 25-24 0.00e+00
  2- 1 3.05e+13  3- 2 9.03e+00  4- 3 4.75e-02  5- 4 1.25e-10  6- 5 1.68e-10  7- 6 2.63e-10  8- 7 4.21e-10
  9- 8 6.57e-10 10- 9 1.00e-09 11-10 2.51e-09 12-11 4.32e-11 13-12 3.29e-11 14-13 1.37e-11 15-14 8.96e-12 16-15 5.69e-12
 17-16 3.24e-12 18-17 2.45e-12 19-18 1.28e-13 20-19 0.00e+00 21-20 0.00e+00 22-21 0.00e+00 23-22 0.00e+00 24-23 0.00e+00
 25-24 0.00e+00

 Old, new He 2 continuum optical depths:
     1 3.43e+06     2 9.96e+07     3 0.00e+00     4 0.00e+00     5 0.00e+00     6 0.00e+00     7 0.00e+00     8 0.00e+00
     9 0.00e+00    10 0.00e+00    11 0.00e+00    12 0.00e+00    13 0.00e+00    14 0.00e+00    15 0.00e+00    16 0.00e+00
    17 0.00e+00    18 0.00e+00    19 0.00e+00    20 0.00e+00    21 0.00e+00    22 0.00e+00    23 0.00e+00    24 0.00e+00
    25 0.00e+00    26 0.00e+00    27 0.00e+00    28 0.00e+00    29 0.00e+00    30 0.00e+00    31 0.00e+00    32 0.00e+00
    33 0.00e+00    34 0.00e+00    35 0.00e+00    36 0.00e+00    37 0.00e+00    38 0.00e+00    39 0.00e+00    40 0.00e+00
    41 0.00e+00    42 0.00e+00    43 0.00e+00    44 0.00e+00    45 0.00e+00    46 0.00e+00    47 0.00e+00    48 0.00e+00
    49 0.00e+00    50 0.00e+00    51 0.00e+00    52 0.00e+00    53 0.00e+00    54 0.00e+00
     1 3.18e+06     2 8.12e+07     3 4.28e-04     4 4.28e-04     5 4.28e-04     6 8.93e-04     7 8.93e-04     8 8.93e-04
     9 8.93e-04    10 1.42e-03    11 1.42e-03    12 1.42e-03    13 1.42e-03    14 1.42e-03    15 1.75e-03    16 1.75e-03
    17 1.75e-03    18 1.75e-03    19 1.75e-03    20 1.75e-03    21 1.46e-03    22 1.46e-03    23 1.46e-03    24 1.46e-03
    25 1.46e-03    26 1.46e-03    27 1.46e-03    28 4.48e-04    29 4.48e-04    30 4.48e-04    31 4.48e-04    32 4.48e-04
    33 4.48e-04    34 4.48e-04    35 4.48e-04    36 3.12e-15    37 3.12e-15    38 3.12e-15    39 3.12e-15    40 3.12e-15
    41 3.12e-15    42 3.12e-15    43 3.12e-15    44 3.12e-15    45 5.32e-15    46 5.32e-15    47 5.32e-15    48 5.32e-15
    49 5.32e-15    50 5.32e-15    51 5.32e-15    52 5.32e-15    53 5.32e-15    54 5.32e-15

 Old, new He 2 mean line optical depths:
  2- 1 1.61e+19  3- 2 2.72e-05  4- 3 0.00e+00  5- 4 0.00e+00  6- 5 0.00e+00  7- 6 0.00e+00  8- 7 0.00e+00
  9- 8 0.00e+00 10- 9 0.00e+00 11-10 0.00e+00 12-11 0.00e+00 13-12 0.00e+00 14-13 0.00e+00 15-14 0.00e+00 16-15 0.00e+00
 17-16 0.00e+00 18-17 0.00e+00 19-18 0.00e+00 20-19 0.00e+00 21-20 0.00e+00 22-21 0.00e+00 23-22 0.00e+00 24-23 0.00e+00
 25-24 0.00e+00
  2- 1 2.01e+06  3- 2 5.73e+00  4- 3 2.62e-01  5- 4 9.45e-02  6- 5 4.77e-02  7- 6 2.21e-02  8- 7 2.61e-13
  9- 8 5.16e-13 10- 9 9.38e-13 11-10 5.77e-12 12-11 0.00e+00 13-12 0.00e+00 14-13 0.00e+00 15-14 0.00e+00 16-15 0.00e+00
 17-16 0.00e+00 18-17 0.00e+00 19-18 0.00e+00 20-19 0.00e+00 21-20 0.00e+00 22-21 0.00e+00 23-22 0.00e+00 24-23 0.00e+00
 25-24 0.00e+00

 Old He Is optical depths:    1 2.36e+07    2 0.00e+00    3 0.00e+00    4 0.00e+00    5 0.00e+00
 New He Is optical depths:    1 2.16e+07    2 5.86e-04    3 7.41e-04    4 8.27e-04    5 8.27e-04
          Old He Is Lines:  584 0.00e+00 3889 0.00e+00 5016 0.00e+00 5876 0.00e+00
          New He Is Lines:  584 1.88e+12 3889 4.02e-01 5016 2.35e-01 5876 1.87e-01
CIV QSO  


          Start Iteration Number 2                                                                     CIV QSO  


 ####  1  Te:1.434E+04 Hden:7.515E+01 Ne:8.267E+01 R:3.162E+21 R-R0:1.573E+13 dR:3.145E+13 NTR:  7 Htot:2.003E-20 T912: 6.32e+07###
 Hydrogen      1.57e-02 9.84e-01 H+o/Hden 1.00e+00 7.21e-12 H-    H2 7.70e-16 8.27e-13 H2+ HeH+ 1.02e-09 Ho+ ColD 3.71e+13 2.33e+15
 Helium        2.38e-02 7.64e-01 2.12e-01 HeI 2s3S 1.44e-07 Comp H,C 1.25e-26 6.75e-29 Fill Fac 1.00e+00 Gam1/tot 9.95e-01
 He singlet n  2.38e-02 2.02e-14 2.11e-20 8.75e-21 1.45e-20 1.15e-20 He tripl 1.44e-07 1.21e-18 2.58e-20 1.89e-19 3.38e-20
 Pressure      NgasTgas 2.37e+06 P(total) 3.27e-10 P( gas ) 3.27e-10 P(Radtn) 0.00e+00 Rad accl 7.33e-08 ForceMul 5.48e+04
 Texc(La)      3.04e+03 T(I con) 4.88e+00 T(D con) 4.80e-01 T(U tot) 4.88e+00 nT (c+d) 1.29e+06 Prad/Gas 0.00e+00 Pmag/Gas 0.00e+00
 Molecules     CH/Ctot: 1.19e-14 CH+/Ctot 3.11e-12 CO/Ctot: 7.99e-20 CO+/Ctot 3.08e-19 H2O/Otot 6.19e-27 OH/Ototl 5.94e-14
 Lithium       2.09e-04 9.92e-01 8.16e-03 9.79e-05 Berylliu 1.06e-02 1.95e-01 7.82e-01 1.26e-02 1.52e-06 sec ion: 1.19e-14
 Boron         4.57e-04 7.70e-01 1.77e-01 5.26e-02 1.50e-05 0.00e+00
 Carbon        1.59e-04 3.79e-01 6.14e-01 7.54e-03 2.16e-04 0.00e+00 0.00e+00 H2O+/O   1.39e-27 OH+/Otot 2.33e-14 Hex(tot) 0.00e+00
 Nitrogen      4.73e-03 6.16e-01 3.73e-01 6.39e-03 4.42e-05 0.00e+00 0.00e+00 0.00e+00 O2/Ototl 7.69e-19 O2+/Otot 1.07e-19
 Oxygen        1.23e-02 6.47e-01 3.33e-01 7.88e-03 8.06e-05 0.00e+00 0.00e+00 0.00e+00 0.00e+00
 Fluorine      1.18e-03 2.46e-01 7.44e-01 8.85e-03 1.45e-04 0.00e+00 0.00e+00 0.00e+00 0.00e+00 0.00e+00
 Neon          8.84e-04 1.61e-01 8.21e-01 1.64e-02 6.86e-05 0.00e+00 0.00e+00 0.00e+00 0.00e+00 0.00e+00 0.00e+00
 Sodium        9.60e-06 1.45e-01 8.25e-01 2.95e-02 8.15e-04 0.00e+00 0.00e+00 0.00e+00 0.00e+00 0.00e+00 0.00e+00 0.00e+00
 Magnesium     5.34e-03 1.11e-01 8.71e-01 1.24e-02 6.29e-05 0.00e+00 0.00e+00 0.00e+00 0.00e+00 0.00e+00 0.00e+00 0.00e+00 0.00e+00
 Aluminium  0  4.78e-04 5.11e-01 9.74e-02 3.81e-01 1.05e-02 1.75e-05 0.00e+00 0.00e+00 0.00e+00 0.00e+00 0.00e+00 0.00e+00 0.00e+00
 Silicon    0  1.43e-04 2.90e-01 6.60e-01 4.65e-02 2.95e-03 4.93e-06 0.00e+00 0.00e+00 0.00e+00 0.00e+00 0.00e+00 0.00e+00 0.00e+00
 Phosphorus 0  2.12e-04 6.85e-01 2.91e-01 2.22e-02 1.07e-03 7.26e-05 0.00e+00 0.00e+00 0.00e+00 0.00e+00 0.00e+00 0.00e+00 0.00e+00
 Sulphur    0  5.30e-05 3.38e-01 6.45e-01 1.66e-02 7.30e-04 6.29e-05 1.56e-06 0.00e+00 0.00e+00 0.00e+00 0.00e+00 0.00e+00 0.00e+00
 Chlorine   0  6.39e-05 3.21e-01 6.56e-01 2.22e-02 5.36e-04 3.17e-05 9.81e-07 0.00e+00 0.00e+00 0.00e+00 0.00e+00 0.00e+00 0.00e+00
 Argon      0  3.48e-04 7.95e-02 9.06e-01 1.39e-02 5.20e-04 2.51e-05 0.00e+00 0.00e+00 0.00e+00 0.00e+00 0.00e+00 0.00e+00 0.00e+00
 Potassium  0  8.99e-06 4.32e-01 5.57e-01 9.17e-03 1.71e-03 1.85e-05 0.00e+00 0.00e+00 0.00e+00 0.00e+00 0.00e+00 0.00e+00 0.00e+00
 Calcium    0  6.08e-06 2.27e-02 8.93e-01 8.34e-02 1.12e-03 3.11e-05 1.01e-06 0.00e+00 0.00e+00 0.00e+00 0.00e+00 0.00e+00 0.00e+00
 Scandium   0  1.57e-06 9.73e-03 2.10e-01 7.63e-01 1.79e-02 1.32e-04 6.70e-06 0.00e+00 0.00e+00 0.00e+00 0.00e+00 0.00e+00 0.00e+00
 Titanium   0  7.20e-06 8.44e-02 5.69e-01 3.32e-01 1.46e-02 6.44e-05 3.59e-06 0.00e+00 0.00e+00 0.00e+00 0.00e+00 0.00e+00 0.00e+00
 Vanadium   0  1.59e-05 4.83e-02 8.02e-01 1.13e-01 3.66e-02 2.47e-04 3.43e-06 0.00e+00 0.00e+00 0.00e+00 0.00e+00 0.00e+00 0.00e+00
 Chromium   0  4.43e-06 2.16e-02 9.02e-01 6.14e-02 1.43e-02 2.72e-04 9.89e-06 0.00e+00 0.00e+00 0.00e+00 0.00e+00 0.00e+00 0.00e+00
 Manganese  0  6.92e-06 5.63e-02 8.80e-01 4.74e-02 1.62e-02 5.07e-04 1.02e-05 0.00e+00 0.00e+00 0.00e+00 0.00e+00 0.00e+00 0.00e+00
 Iron       0  2.01e-05 5.74e-02 7.50e-01 1.83e-01 8.79e-03 5.59e-04 6.98e-06 0.00e+00 0.00e+00 0.00e+00 0.00e+00 0.00e+00 0.00e+00
 Cobalt     0  9.76e-04 3.73e-01 5.06e-01 9.79e-02 2.19e-02 4.62e-04 2.11e-05 0.00e+00 0.00e+00 0.00e+00 0.00e+00 0.00e+00 0.00e+00
 Nickel     0  8.71e-05 4.33e-01 5.19e-01 4.20e-02 5.16e-03 2.18e-04 7.34e-06 0.00e+00 0.00e+00 0.00e+00 0.00e+00 0.00e+00 0.00e+00
 Copper     0  4.20e-05 5.08e-02 8.77e-01 6.93e-02 2.58e-03 2.38e-04 6.21e-06 0.00e+00 0.00e+00 0.00e+00 0.00e+00 0.00e+00 0.00e+00
 Zinc       0  1.44e-04 3.28e-02 3.53e-01 4.75e-01 1.37e-01 2.25e-03 7.09e-05 2.69e-06 0.00e+00 0.00e+00 0.00e+00 0.00e+00 0.00e+00
 ####552  Te:8.068E+00 Hden:9.873E+00 Ne:5.430E-06 R:3.156E+23 R-R0:3.124E+23 dR:1.263E+21 NTR:  5 Htot:7.427E-33 T912: 1.26e+08###
 Hydrogen      1.00e+00 1.78e-07 H+o/Hden 1.00e+00 5.89e-15 H-    H2 2.24e-04 2.12e-16 H2+ HeH+ 1.34e-15 Ho+ ColD 9.96e+24 2.79e+20
 Helium        1.00e+00 1.35e-09 3.82e-19 HeI 2s3S 6.50e-21 Comp H,C 1.88e-39 5.59e-43 Fill Fac 1.00e+00 Gam1/tot 1.53e-02
 He singlet n  1.00e+00 1.36e-25 2.55e-30 9.24e-33 9.18e-32 1.13e-33 He tripl 6.50e-21 3.41e-32 5.18e-34 5.35e-33 2.05e-33
 Pressure      NgasTgas 8.76e+01 P(total) 1.21e-14 P( gas ) 1.21e-14 P(Radtn) 1.96e-20 Rad accl 3.75e-12 ForceMul 2.54e+10
 Texc(La)      2.82e+03 T(I con) 4.44e-01 T(D con) 5.41e-01 T(U tot) 5.94e-01 nT (c+d) 2.38e+05 Prad/Gas 1.62e-06 Pmag/Gas 0.00e+00
 Molecules     CH/Ctot: 1.26e-08 CH+/Ctot 2.26e-08 CO/Ctot: 9.75e-07 CO+/Ctot 9.15e-11 H2O/Otot 3.72e-07 OH/Ototl 1.46e-05
 Lithium       4.37e-06 1.00e+00 5.55e-15 0.00e+00 Berylliu 1.17e-04 1.00e+00 3.16e-10 0.00e+00 0.00e+00 sec ion: 2.82e-23
 Boron         1.57e-05 1.00e+00 0.00e+00 0.00e+00 0.00e+00 0.00e+00
 Carbon        1.17e-03 9.99e-01 4.54e-12 0.00e+00 0.00e+00 0.00e+00 0.00e+00 H2O+/O   1.80e-08 OH+/Otot 6.48e-08 Hex(tot) 0.00e+00
 Nitrogen      1.00e+00 2.63e-11 8.31e-15 0.00e+00 0.00e+00 0.00e+00 0.00e+00 0.00e+00 O2/Ototl 8.26e-11 O2+/Otot 1.96e-11
 Oxygen        1.00e+00 3.33e-14 7.90e-15 0.00e+00 0.00e+00 0.00e+00 0.00e+00 0.00e+00 0.00e+00
 Fluorine      1.00e+00 1.86e-07 7.90e-10 0.00e+00 0.00e+00 0.00e+00 0.00e+00 0.00e+00 0.00e+00 0.00e+00
 Neon          1.00e+00 6.95e-07 9.58e-10 0.00e+00 0.00e+00 0.00e+00 0.00e+00 0.00e+00 0.00e+00 0.00e+00 0.00e+00
 Sodium        2.64e-04 1.00e+00 1.92e-09 0.00e+00 0.00e+00 0.00e+00 0.00e+00 0.00e+00 0.00e+00 0.00e+00 0.00e+00 0.00e+00
 Magnesium     3.35e-04 1.00e+00 3.03e-10 0.00e+00 0.00e+00 0.00e+00 0.00e+00 0.00e+00 0.00e+00 0.00e+00 0.00e+00 0.00e+00 0.00e+00
 Aluminium  0  3.22e-07 1.00e+00 3.39e-09 0.00e+00 0.00e+00 0.00e+00 0.00e+00 0.00e+00 0.00e+00 0.00e+00 0.00e+00 0.00e+00 0.00e+00
 Silicon    0  1.38e-05 1.00e+00 1.41e-14 0.00e+00 0.00e+00 0.00e+00 0.00e+00 0.00e+00 0.00e+00 0.00e+00 0.00e+00 0.00e+00 0.00e+00
 Phosphorus 0  3.74e-04 1.00e+00 5.80e-08 0.00e+00 0.00e+00 0.00e+00 0.00e+00 0.00e+00 0.00e+00 0.00e+00 0.00e+00 0.00e+00 0.00e+00
 Sulphur    0  1.29e-04 1.00e+00 1.83e-10 0.00e+00 0.00e+00 0.00e+00 0.00e+00 0.00e+00 0.00e+00 0.00e+00 0.00e+00 0.00e+00 0.00e+00
 Chlorine   0  6.70e-01 2.57e-01 7.14e-09 0.00e+00 0.00e+00 0.00e+00 0.00e+00 0.00e+00 0.00e+00 0.00e+00 0.00e+00 0.00e+00 0.00e+00
 Argon      0  1.00e+00 4.79e-10 6.90e-12 0.00e+00 0.00e+00 0.00e+00 0.00e+00 0.00e+00 0.00e+00 0.00e+00 0.00e+00 0.00e+00 0.00e+00
 Potassium  0  1.40e-05 1.00e+00 1.11e-08 0.00e+00 0.00e+00 0.00e+00 0.00e+00 0.00e+00 0.00e+00 0.00e+00 0.00e+00 0.00e+00 0.00e+00
 Calcium    0  4.54e-07 7.62e-02 9.24e-01 0.00e+00 0.00e+00 0.00e+00 0.00e+00 0.00e+00 0.00e+00 0.00e+00 0.00e+00 0.00e+00 0.00e+00
 Scandium   0  5.45e-05 5.42e-01 4.58e-01 0.00e+00 0.00e+00 0.00e+00 0.00e+00 0.00e+00 0.00e+00 0.00e+00 0.00e+00 0.00e+00 0.00e+00
 Titanium   0  5.68e-05 9.96e-01 4.29e-03 0.00e+00 0.00e+00 0.00e+00 0.00e+00 0.00e+00 0.00e+00 0.00e+00 0.00e+00 0.00e+00 0.00e+00
 Vanadium   0  1.45e-04 1.00e+00 3.82e-09 0.00e+00 0.00e+00 0.00e+00 0.00e+00 0.00e+00 0.00e+00 0.00e+00 0.00e+00 0.00e+00 0.00e+00
 Chromium   0  4.17e-05 1.00e+00 9.89e-13 0.00e+00 0.00e+00 0.00e+00 0.00e+00 0.00e+00 0.00e+00 0.00e+00 0.00e+00 0.00e+00 0.00e+00
 Manganese  0  7.51e-04 9.99e-01 3.34e-13 0.00e+00 0.00e+00 0.00e+00 0.00e+00 0.00e+00 0.00e+00 0.00e+00 0.00e+00 0.00e+00 0.00e+00
 Iron       0  1.58e-04 1.00e+00 6.39e-14 0.00e+00 0.00e+00 0.00e+00 0.00e+00 0.00e+00 0.00e+00 0.00e+00 0.00e+00 0.00e+00 0.00e+00
 Cobalt     0  9.88e-04 9.99e-01 0.00e+00 0.00e+00 0.00e+00 0.00e+00 0.00e+00 0.00e+00 0.00e+00 0.00e+00 0.00e+00 0.00e+00 0.00e+00
 Nickel     0  4.15e-04 1.00e+00 1.83e-13 0.00e+00 0.00e+00 0.00e+00 0.00e+00 0.00e+00 0.00e+00 0.00e+00 0.00e+00 0.00e+00 0.00e+00
 Copper     0  7.14e-04 9.99e-01 7.15e-09 0.00e+00 0.00e+00 0.00e+00 0.00e+00 0.00e+00 0.00e+00 0.00e+00 0.00e+00 0.00e+00 0.00e+00
 Zinc       0  3.05e-04 1.00e+00 8.40e-09 0.00e+00 0.00e+00 0.00e+00 0.00e+00 0.00e+00 0.00e+00 0.00e+00 0.00e+00 0.00e+00 0.00e+00
   CIV QSO  
   Calculation stopped because outer radius reached. Iteration 2 of 10
   The geometry is spherical.
 C-Continuum zero at some energies.
 C-Thermal equilibrium timescale, 2.41e+18 s, longer than Hubble time; this cloud is not time-steady.
  !Bound Compton heating reached 59.74% of the local heating.
  !Background cosmic rays are not included - is this physical?  It affects the chemistry.
  !Ionization rate fell below background cosmic ray ionization rate.  Should this be added too?
  !   Use the COSMIC RAY BACKGROUND command.
  !Some input lines contained underscores, these were changed to spaces.
  !Suprathermal collisional ionization of H reached 98.49% of the local H ionization rate.
  !H2 vib deexec heating reached 32.01% of the local heating.
  !Charge transfer H => H+ reached 53.7% of the local H ionization rate.
  !Charge transfer heating reached 9.04% of the local heating.
  !AGE: Cloud age was not set.  Longest timescale was 2.41e+18 s = 7.63e+10 years.
  !The excitation temp of Lya exceeded the electron temp, largest value was 3.93e+03K (gas temp there was 5.72e+01K, zone 376)
  !Mutual neutralization production of H-alpha was significant.
  !The local H2 cooling rate reached 63.4% of the local cooling.
  !The CMB was not included.  This is added with the CMB command.
  !The optical depth in the H I 21 cm line is 2.57e+03
  !The temperature varied by 12.9% between two zones
   Iteration not converged because Converged!.
   Thermal collisional ionization of H reached 1.05% of the local ionization rate.
   Te-ne bounds of Case B lookup table exceeded, H I Case B line intensities set to zero.
   Te-ne bounds of Case B lookup table exceeded, He II Case B line intensities set to zero.
   The density is too low to l-mix the lowest H  I collapsed level.  More resolved levels are needed for accurate line ratios.
   The density is too low to l-mix the lowest He I collapsed level.  More resolved levels are needed for accurate line ratios.
   Non-collisional excitation of [O III] 4363 reached 0.12% of the total.
   Grains were not present but might survive in this environment (energy density temperature was 4.88e+00K)
   Cloud thicker than smallest Jeans length=1.69e+19cm; stability problems? (smallest Jeans mass=1.42e+02Mo)
   The local H2 photodissociation heating rate reached 1.1% of the total heating.
   The continuum optical depth at the lowest energy considered (3.045e-09 Ryd) was 1.027e+01.
   The optical depth to Rayleigh scattering at 1300A is 6.68e+01
   The fraction of Cl in HCl reached 1.57% at some point in the cloud.
   The fraction of Cl in HCl+ reached 4.44% at some point in the cloud.
   The fraction of Cl in H2Cl+ reached 1.29% at some point in the cloud.
   Is an outer radius of 3.16e+23 reasonable?

                       *********************************> Cloudy 17.03 <**********************************
                       * title CIV QSO                                                                   *
                       * set punch prefix "CIV_QSO"                                                      *
                       * radius = 21.500 23.500                                                          *
                       * iterate to convergence                                                          *
                       * sphere                                                                          *
                       * init "dlaw_HI_exp.ini"                                                          *
                       * table SED "QSO.sed"                                                             *
                       * nuL(nu) = 42.5 at 1 Ryd                                                         *
                       * stop temperature off                                                            *
                       * metals 0.001                                                                    *
                       * save last radius ".rad"                                                         *
                       * save last continuum ".cont"                                                     *
                       * save last physical conditions ".phy"                                            *
                       * save last overview ".ovr"                                                       *
                       * save last heating ".heat"                                                       *
                       * save last cooling ".cool"                                                       *
                       * save last optical depth ".opd"                                                  *
                       * save last element hydrogen ".ele_H"                                             *
                       * save last element helium ".ele_He"                                              *
                       * save last element carbon ".ele_C"                                               *
                       * save last element nitrogen ".ele_N"                                             *
                       * save last element oxygen ".ele_O"                                               *
                       * save last element argon ".ele_Ar"                                               *
                       * save last element neon ".ele_Ne"                                                *
                       * save last element sulphur ".ele_S"                                              *
                       * save last element chlorin ".ele_Cl"                                             *
                       * save last element iron ".ele_Fe"                                                *
                       * save last element silicon ".ele_Si"                                             *
                       * save last lines emissivity  ".emis"                                             *
                       * H  1  1215.67A                                                                  *
                       * H  1  1025.72A                                                                  *
                       * H  1  4861.33A                                                                  *
                       * H  1  6562.81A                                                                  *
                       * O  6  1031.91A                                                                  *
                       * O  6  1037.62A                                                                  *
                       * He 2  949.31A                                                                   *
                       * He 2  972.108A                                                                  *
                       * He 2  1025.27A                                                                  *
                       * He 2  1640.43A                                                                  *
                       * He 2  4859A                                                                     *
                       * He 2  4339A                                                                     *
                       * He 2  6527A                                                                     *
                       * He 2  6560A                                                                     *
                       * C  4  1550.78                                                                   *
                       * O  3  5006.84A                                                                  *
                       * N  5  1238.82                                                                   *
                       * N  5  1242.80                                                                   *
                       * c  4  1548.19                                                                   *
                       * c  4  1550.78                                                                   *
                       * mg 2  2795.53                                                                   *
                       * mg 2  2802.71                                                                   *
                       * end of lines                                                                    *
                       *********************************> Log(U): -3.52 <*********************************
                       >>>>>>>>>> Cautions are present.

                     Emission Line Spectrum.  Special Density Lw Model.  Closed geometry.  Iteration 2 of 10.
                                    Luminosity (erg/s) emitted by a shell with full coverage.


                                                   Intrinsic line intensities
general properties.............................      He 2                5694.36A   38.690    0.0038      Ca A                228.855A   38.536    0.0026
Inci                      0    43.207  123.9318      He 2                5694.36A   38.832    0.0052      Ca A                228.731A   38.455    0.0022
TotH                      0    42.285   14.8244      He 2                5694.36A   38.750    0.0043      Ca A                228.629A   38.378    0.0018
TotC                      0    42.285   14.8225      He 2                5694.36A   38.356    0.0017      Ca A                228.543A   38.306    0.0016
BFH1                      0    42.079    9.2352      He 2                8199.90A   38.377    0.0018      Ca A                228.471A   38.238    0.0013
BFHe                      0    41.837    5.2910      He 2                8199.90A   38.533    0.0026      Ca A                228.409A   38.173    0.0011
TotM                      0    39.571    0.0286      He 2                8199.90A   38.510    0.0025      Ca A                992.360A   39.057    0.0088
Cbnd                      0    40.132    0.1043      He 2                8199.90A   38.293    0.0015      Ca A                972.108A   38.877    0.0058
CT H                      0    40.166    0.1128      He 2                1.11610m   38.121    0.0010      Ca A                958.694A   38.722    0.0041
H FB                      0    41.084    0.9346      He 2                1.11610m   38.283    0.0015      Ca A                949.324A   38.584    0.0030
HFBc                      0    41.084    0.9345      He 2                1.11610m   38.288    0.0015      Ca A                942.508A   38.461    0.0022
H  1c                     0    42.195   12.0467      He 2                1.11610m   38.146    0.0011      Ca A                937.389A   38.349    0.0017
H  1h                     0    38.144    0.0011      He 2                2.75608m   38.319    0.0016      Ca A                933.444A   38.246    0.0014
He 1c                     0    39.398    0.0192      He 2                3.27997m   38.207    0.0012      Ca A                930.337A   38.152    0.0011
C  1c                     0    39.032    0.0083      He 2                14.2360m   38.514    0.0025      Ca A                2385.35A   38.580    0.0029
C  2c                     0    40.602    0.3079      He 1                2599.69A   39.746    0.0429      Ca A                2306.15A   38.418    0.0020
C  3c                     0    38.132    0.0010      He 1                3120.85A   39.230    0.0131      Ca A                2252.64A   38.276    0.0015
Fe 2c                     0    39.526    0.0258      He 1                3421.00A   39.215    0.0126      Ca A                2214.62A   38.149    0.0011
Ne 2c                     0    38.824    0.0051      He 1                3420.88A   39.692    0.0379      Ca A                4541.46A   38.199    0.0012
Ne 3c                     0    38.205    0.0012      He 1                3420.88A   39.914    0.0631      Ca A                3.09074m   38.257    0.0014
O  1c                     0    39.940    0.0670      He 1                3678.70A   39.487    0.0236      Ca B                992.360A   39.204    0.0123
O  2c                     0    39.085    0.0094      He 1                6632.16A   38.862    0.0056      Ca B                972.108A   39.024    0.0081
O  3c                     0    38.788    0.0047      He 1                7435.20A   38.430    0.0021      Ca B                958.694A   38.868    0.0057
S  2c                     0    38.936    0.0066      He 1                7843.44A   39.449    0.0217      Ca B                949.324A   38.729    0.0041
S  3c                     0    38.624    0.0032      He 1                8188.36A   39.192    0.0120      Ca B                942.508A   38.605    0.0031
Si 2c                     0    39.599    0.0306      He 1                8190.64A   38.702    0.0039      Ca B                937.389A   38.493    0.0024
Mg 2c                     0    38.730    0.0041      He 1                8261.30A   38.827    0.0052      Ca B                933.444A   38.390    0.0019
N  2c                     0    38.580    0.0029      He 1                1.24779m   38.327    0.0016      Ca B                930.337A   38.294    0.0015
continua.......................................      He 1                1.40934m   38.962    0.0070      Ca B                927.846A   38.206    0.0012
Bac                 3646.00A   42.079    9.2312      He 1                1.45602m   38.830    0.0052      Ca B                925.817A   38.123    0.0010
nFnu                3645.00A   42.341   16.8545      He 1                1.45643m   38.336    0.0017      Ca B                2385.35A   38.630    0.0033
nFnu                3647.00A   41.996    7.6233      He 1                1.45759m   38.445    0.0021      Ca B                2306.15A   38.469    0.0023
cout                3646.00A   42.079    9.2312      He 1                1.46631m   38.365    0.0018      Ca B                2252.64A   38.327    0.0016
thin                3646.00A   42.079    9.2403      He 1                2.21672m   38.604    0.0031      Ca B                2214.62A   38.201    0.0012
Inci                4860.00A   42.447   21.5294      He 1                2.27546m   38.513    0.0025      Ca B                4541.46A   38.223    0.0013
Inci                1215.00A   42.936   66.4241      He 1                2.27752m   38.274    0.0014      Ca B                3.09074m   38.262    0.0014
Ba C                      0    41.201    1.2229      He 1                3.20640m   38.325    0.0016      He 2                607.567A   41.029    0.8226
PA C                      0    40.776    0.4590      He 1                3.27715m   38.251    0.0014      He 2                303.784A   40.976    0.7278
FIR                 83.0000m   41.668    3.5802      He 1                4.46460m   38.693    0.0038      He 2                256.317A   38.169    0.0011
TIR                 1800.00m   39.186    0.0118      He 1                5.83132m   38.522    0.0026      He 2                228.203A   38.665    0.0036
NIRa                2.85000m   42.774   45.7231      He 1                7.38026m   38.371    0.0018      He 2                1640.43A   40.504    0.2454
NIRb                3.00000m   42.377   18.3275      He 1                9.11143m   38.235    0.0013      He 2                1215.13A   40.037    0.0837
MIRa                15.0000m   42.412   19.8600      He 1                61.5933m   38.238    0.0013      He 2                1084.94A   39.702    0.0387
MIRb                22.5000m   42.487   23.6121      grains.........................................      He 2                1025.27A   39.443    0.0213
NMIR                21.7500m   42.774   45.7231      H-like iso-sequence............................      He 2                992.360A   39.233    0.0132
TFIR                611.250m   40.610    0.3138      Cool                1215.67A   41.969    7.1669      He 2                972.108A   39.055    0.0087
TALL                10000.0A   43.561  279.9657      Crst                960.000A   41.802    4.8798      He 2                958.694A   38.902    0.0061
F12                 12.0000m   41.969    7.1700      LA X                1215.67A   41.195    1.2056      He 2                949.324A   38.767    0.0045
F25                 25.0000m   41.754    4.3659      CION                      0    40.110    0.0992      He 2                942.508A   38.878    0.0058
F60                 60.0000m   41.589    2.9898      Dest                6562.81A   38.129    0.0010      He 2                937.389A   38.781    0.0046
F100                100.000m   40.443    0.2136      Q(H)                4861.33A   40.604    0.3091      He 2                933.444A   38.693    0.0038
MIPS                24.0000m   41.458    2.2107      Q(H)                1215.67A   42.145   10.7417      He 2                930.337A   38.611    0.0031
MIPS                70.0000m   41.040    0.8445      CaBo                4861.33A   40.652    0.3449      He 2                927.846A   38.536    0.0026
MIPS                160.000m   40.583    0.2948      CaBo                1640.00A   40.530    0.2609      He 2                925.817A   38.466    0.0022
IRAC                3.60000m   41.578    2.9133      CaBo                4685.64A   39.678    0.0367      He 2                924.142A   38.401    0.0019
IRAC                4.50000m   41.616    3.1791      Ca A                937.804A   40.395    0.1910      He 2                922.743A   38.341    0.0017
IRAC                5.80000m   41.646    3.4094      Ca A                930.748A   40.192    0.1198      He 2                921.562A   38.287    0.0015
IRAC                8.00000m   41.801    4.8717      Ca A                926.226A   40.018    0.0802      He 2                920.556A   38.239    0.0013
SPR1                250.000m   38.469    0.0023      Ca A                923.150A   39.865    0.0564      He 2                919.693A   38.199    0.0012
SPR2                350.000m   38.436    0.0021      Ca A                920.963A   39.728    0.0411      He 2                918.945A   38.170    0.0011
SPR3                500.000m   38.339    0.0017      Ca A                919.351A   39.605    0.0310      He 2                918.295A   38.163    0.0011
PAC1                70.0000m   41.095    0.9568      Ca A                918.129A   39.492    0.0239      He 2                917.724A   38.207    0.0012
PAC2                100.000m   40.397    0.1918      Ca A                917.181A   39.389    0.0188      He 2                917.221A   38.973    0.0072
PAC3                160.000m   40.586    0.2969      Ca A                916.429A   39.293    0.0151      He 2                4685.64A   39.608    0.0312
PAH                 3.30000m   40.723    0.4068      Ca A                915.824A   39.204    0.0123      He 2                3203.04A   39.291    0.0150
PAHC                3.23000m   40.428    0.2061      Ca A                915.329A   39.121    0.0102      He 2                2733.24A   39.030    0.0083
PAHC                3.37000m   40.412    0.1989      Ca A                914.919A   39.043    0.0085      He 2                2511.15A   38.816    0.0050
PAH                 6.20000m   41.163    1.1206      Ca A                914.576A   38.970    0.0072      He 2                2385.35A   38.635    0.0033
PAHC                5.65000m   41.200    1.2201      Ca A                914.286A   38.902    0.0061      He 2                2306.15A   38.478    0.0023
PAH                 7.90000m   41.351    1.7254      Ca A                914.039A   38.837    0.0053      He 2                2252.64A   38.340    0.0017
PAHC                6.90000m   41.414    1.9964      Ca A                913.826A   38.776    0.0046      He 2                2214.62A   38.363    0.0018
PAH                 11.3000m   40.763    0.4455      Ca A                913.641A   38.719    0.0040      He 2                2186.56A   38.267    0.0014
PAHC                10.9000m   40.784    0.4683      Ca A                913.480A   38.665    0.0036      He 2                2165.20A   38.178    0.0012
PAH                 11.8000m   40.976    0.7288      Ca A                913.339A   38.615    0.0032      He 2                2079.84A   38.460    0.0022
PAHC                12.6500m   40.950    0.6851      Ca A                3970.07A   39.676    0.0365      He 2                1.01233m   38.988    0.0075
PAH                 13.3000m   40.976    0.7277      Ca A                3889.05A   39.499    0.0243      He 2                6559.91A   38.754    0.0044
PAHC                14.1000m   40.944    0.6762      Ca A                3835.38A   39.343    0.0170      He 2                5411.37A   38.542    0.0027
Bcon                3640.00A   43.435  209.4803      Ca A                3797.89A   39.205    0.0123      He 2                4859.18A   38.359    0.0018
Pcon                5000.00A   42.385   18.6548      Ca A                3770.63A   39.080    0.0093      He 2                4541.46A   38.200    0.0012
O3bn                5007.00A   40.743    0.4258      Ca A                3750.15A   38.967    0.0071      He 2                1.86362m   38.483    0.0023
HX                  4.70000A   38.519    0.0025      Ca A                3734.36A   38.863    0.0056      He 2                1.16260m   38.307    0.0016
HFFc                      0    41.034    0.8323      Ca A                3721.93A   38.767    0.0045      He 2                9344.62A   38.132    0.0010
H FF                      0    40.961    0.7027      Ca A                3711.97A   38.677    0.0037      He-like iso-sequence...........................
HeFF                      0    40.088    0.0942      Ca A                3703.85A   38.594    0.0030      He 1                1202.81A   40.779    0.4624
ToFF                      0    41.015    0.7969      Ca A                3697.15A   38.515    0.0025      He 1                584.334A   39.584    0.0295
nFnu                122.400m   39.218    0.0127      Ca A                3691.55A   38.441    0.0021      He 1                537.030A   38.630    0.0033
nFnu                60.8322m   39.465    0.0224      Ca A                3686.83A   38.371    0.0018      He 1                522.213A   38.488    0.0024
nInu                60.8322m   41.684    3.7147      Ca A                3682.80A   38.305    0.0016      He 1                515.617A   38.415    0.0020
nFnu                41.2152m   39.612    0.0315      Ca A                3679.35A   38.242    0.0013      He 1                512.099A   38.370    0.0018
nInu                41.2152m   41.907    6.2109      Ca A                3676.36A   38.182    0.0012      He 1                625.563A   41.358    1.7550
nFnu                30.8695m   39.714    0.0399      Ca A                3673.75A   38.124    0.0010      He 1                504.672A   38.583    0.0029
nInu                30.8695m   42.019    8.0410      Ca A                9545.93A   39.126    0.0103      TOTL                1.08303m   40.062    0.0888
nFnu                24.7829m   39.793    0.0478      Ca A                9228.97A   38.968    0.0072      He 1                1.08303m   40.062    0.0888
nInu                24.7829m   42.078    9.2176      Ca A                9014.87A   38.829    0.0052      He 1                3888.63A   39.734    0.0417
nFnu                24.2998m   39.800    0.0485      Ca A                8862.74A   38.703    0.0039      He 1                3187.74A   39.320    0.0161
nInu                24.2998m   42.087    9.4038      Ca A                8750.43A   38.589    0.0030      He 1                2945.10A   38.990    0.0075
nFnu                22.8302m   39.825    0.0515      Ca A                8664.98A   38.484    0.0023      He 1                2829.08A   38.726    0.0041
nInu                22.8302m   42.104    9.7825      Ca A                8598.35A   38.387    0.0019      He 1                2.05813m   38.900    0.0061
nFnu                21.4199m   39.844    0.0538      Ca A                8545.34A   38.297    0.0015      He 1                5015.68A   39.153    0.0109
nInu                21.4199m   42.118   10.0972      Ca A                8502.44A   38.213    0.0013      He 1                3964.73A   38.746    0.0043
nFnu                21.1235m   39.850    0.0545      Ca A                8467.21A   38.134    0.0010      He 1                3613.64A   38.430    0.0021
nInu                21.1235m   42.122   10.1817      Ca A                1.81740m   38.687    0.0037      He 1                3447.59A   38.180    0.0012
nFnu                19.6199m   39.879    0.0582      Ca A                1.73620m   38.545    0.0027      He 1                7065.22A   39.108    0.0099
nInu                19.6199m   42.128   10.3215      Ca A                1.68064m   38.418    0.0020      He 1                5875.64A   39.726    0.0409
nFnu                17.6534m   39.923    0.0644      Ca A                1.64071m   38.303    0.0015      He 1                4713.03A   38.370    0.0018
nInu                17.6534m   42.150   10.8687      Ca A                1.61092m   38.198    0.0012      He 1                4471.49A   39.299    0.0153
nFnu                17.3700m   39.925    0.0647      Ca A                3.03835m   38.316    0.0016      He 1                4026.20A   38.974    0.0073
nInu                17.3700m   42.154   10.9596      Ca A                2.87219m   38.188    0.0012      He 1                3819.61A   38.712    0.0040
nFnu                15.6901m   39.957    0.0697      Ca A                12.3684m   38.580    0.0029      He 1                3704.76A   38.742    0.0042
nInu                15.6901m   42.166   11.2780      Ca A                7.50038m   38.420    0.0020      He 1                3634.08A   38.574    0.0029
nFnu                14.6036m   39.985    0.0744      Ca A                5.90655m   38.263    0.0014      He 1                3587.16A   38.428    0.0021
nInu                14.6036m   42.181   11.6797      Ca A                5.12722m   38.122    0.0010      He 1                3554.34A   38.299    0.0015
nFnu                12.4300m   40.047    0.0857      Ca A                19.0565m   38.218    0.0013      He 1                3530.43A   38.182    0.0012
nInu                12.4300m   42.197   12.1030      Ca B                3970.07A   39.845    0.0539      He 1                3439.99A   38.186    0.0012
nFnu                11.4000m   40.075    0.0915      Ca B                3889.05A   39.665    0.0356      He 1                7281.35A   38.553    0.0027
nInu                11.4000m   42.206   12.3513      Ca B                3835.38A   39.508    0.0248      He 1                6678.15A   39.171    0.0114
nFnu                10.4600m   40.111    0.0995      Ca B                3797.89A   39.368    0.0179      He 1                4921.93A   38.726    0.0041
nInu                10.4600m   42.215   12.6339      Ca B                3770.63A   39.242    0.0134      He 1                4387.93A   38.398    0.0019
nFnu                9.48002m   40.143    0.1070      Ca B                3750.15A   39.128    0.0103      He 1                4143.76A   38.142    0.0011
nInu                9.48002m   42.225   12.9282      Ca B                3734.36A   39.023    0.0081      He 1                1.70027m   38.216    0.0013
nFnu                9.32488m   40.149    0.1084      Ca B                3721.93A   38.926    0.0065      He 1                1.86854m   38.778    0.0046
nInu                9.32488m   42.229   13.0357      Ca B                3711.97A   38.836    0.0053      He 1                1.27849m   38.444    0.0021
nFnu                8.21035m   40.200    0.1218      Ca B                3703.85A   38.752    0.0043      He 1                1.09130m   38.176    0.0012
nInu                8.21035m   42.235   13.2293      Ca B                3697.15A   38.673    0.0036      He 1                1.86972m   38.301    0.0015
nFnu                7.58000m   40.226    0.1295      Ca B                3691.55A   38.598    0.0031      Ca B                2945.10A   38.996    0.0076
nInu                7.58000m   42.244   13.4899      Ca B                3686.83A   38.528    0.0026      Ca B                3187.74A   39.314    0.0159
nFnu                7.05026m   40.263    0.1411      Ca B                3682.80A   38.462    0.0022      Ca B                3613.64A   38.401    0.0019
nInu                7.05026m   42.245   13.5375      Ca B                3679.35A   38.399    0.0019      Ca B                3888.63A   39.708    0.0393
nFnu                4.11370m   40.481    0.2328      Ca B                3676.36A   38.339    0.0017      Ca B                3964.73A   38.709    0.0039
nInu                4.11370m   42.244   13.4865      Ca B                3673.75A   38.282    0.0015      Ca B                4026.20A   39.004    0.0078
nFnu                2.32440m   40.713    0.3977      Ca B                3671.47A   38.228    0.0013      Ca B                4387.93A   38.427    0.0021
nInu                2.32440m   42.160   11.1209      Ca B                9545.93A   39.193    0.0120      Ca B                4471.49A   39.324    0.0162
nFnu                1.64313m   41.799    4.8389      Ca B                9228.97A   39.036    0.0084      Ca B                4713.03A   38.395    0.0019
nInu                1.64313m   42.005    7.7780      Ca B                9014.87A   38.896    0.0061      Ca B                4921.93A   38.755    0.0044
nFnu                1.48022m   40.961    0.7027      Ca B                8862.74A   38.771    0.0045      Ca B                5015.68A   39.106    0.0098
nInu                1.48022m   41.972    7.2128      Ca B                8750.43A   38.656    0.0035      Ca B                5875.64A   39.759    0.0442
nFnu                1.43649m   41.077    0.9191      Ca B                8664.98A   38.551    0.0027      Ca B                6678.15A   39.212    0.0125
nInu                1.43649m   41.965    7.1034      Ca B                8598.35A   38.454    0.0022      Ca B                7065.22A   39.055    0.0087
nFnu                1.11867m   41.173    1.1453      Ca B                8545.34A   38.364    0.0018      Ca B                7281.35A   38.527    0.0026
nInu                1.11867m   41.958    6.9850      Ca B                8502.44A   38.280    0.0015      Ca B                1.08303m   40.090    0.0946
nFnu                8329.68A   41.334    1.6603      Ca B                8467.21A   38.201    0.0012      Ca B                1.27849m   38.495    0.0024
nInu                8329.68A   42.022    8.0969      Ca B                8437.91A   38.127    0.0010      Ca B                1.70027m   38.174    0.0011
nFnu                8078.61A   41.505    2.4588      Ca B                1.81740m   38.723    0.0041      Ca B                1.86854m   38.862    0.0056
nInu                8078.61A   42.025    8.1511      Ca B                1.73620m   38.582    0.0029      Ca B                1.86972m   38.389    0.0019
nFnu                6209.66A   41.622    3.2232      Ca B                1.68064m   38.456    0.0022      Ca B                2.05813m   39.165    0.0112
nInu                6209.66A   42.087    9.3951      Ca B                1.64071m   38.341    0.0017      Pho+                3889.00A   40.445    0.2144
nFnu                4885.36A   41.771    4.5454      Ca B                1.61092m   38.235    0.0013      extra Lyman....................................
nInu                4885.36A   42.348   17.1520      Ca B                1.58804m   38.138    0.0011      database lines.................................
nFnu                3704.34A   41.979    7.3248      Ca B                3.03835m   38.339    0.0017      Ar 1                1048.22A   38.455    0.0022
nInu                3704.34A   42.265   14.1550      Ca B                2.87219m   38.212    0.0013      C  1                609.590m   39.014    0.0079
nFnu                3587.67A   42.212   12.5285      Ca B                12.3684m   38.593    0.0030      C  2                1037.02A   39.492    0.0239
nInu                3587.67A   42.281   14.7016      Ca B                7.50038m   38.434    0.0021      C  2                1334.53A   38.203    0.0012
nFnu                2430.05A   42.379   18.4084      Ca B                5.90655m   38.278    0.0015      C  2                1335.66A   39.413    0.0199
nInu                2430.05A   42.404   19.5081      Ca B                5.12722m   38.138    0.0011      C  2                1335.71A   38.473    0.0023
nFnu                2392.03A   42.389   18.8406      Ca B                19.0565m   38.230    0.0013      C  2                157.636m   40.600    0.3065
nInu                2392.03A   42.390   18.8866      H  1                2431.34A   42.513   25.0996      C  3                977.020A   38.130    0.0010
nFnu                2071.34A   42.482   23.3695      H  1                1215.67A   43.328  163.6583      Fe 2                25.9811m   38.687    0.0037
nInu                2071.34A   42.407   19.6367      H  1                1025.72A   38.969    0.0072      Fe 2                5.33881m   38.965    0.0071
nFnu                2052.68A   42.491   23.8093      H  1                972.537A   38.774    0.0046      Fe 2                1.25668m   38.770    0.0045
nInu                2052.68A   42.397   19.2127      H  1                949.743A   38.696    0.0038      Fe 2                2382.04A   38.317    0.0016
nFnu                1793.44A   42.578   29.1273      H  1                937.804A   38.625    0.0032      Fe 2                1.32055m   38.193    0.0012
nInu                1793.44A   42.425   20.4534      H  1                930.748A   38.580    0.0029      Fe 2                2625.67A   39.220    0.0128
nFnu                1585.12A   42.639   33.5196      H  1                926.226A   38.545    0.0027      Fe 2                2611.87A   38.762    0.0044
nInu                1585.12A   42.495   24.0346      H  1                923.150A   38.520    0.0025      Fe 2                2395.63A   38.834    0.0052
nFnu                1458.33A   42.649   34.2762      H  1                920.963A   38.504    0.0025      Fe 2                2364.83A   38.818    0.0051
nInu                1458.33A   42.436   20.9835      H  1                919.351A   38.266    0.0014      Fe 2                2631.32A   38.551    0.0027
nFnu                1356.96A   42.608   31.1869      H  1                918.129A   38.254    0.0014      Fe 2                2380.76A   38.687    0.0037
nInu                1356.96A   42.470   22.7320      H  1                917.181A   38.243    0.0013      Fe 2                1.64355m   38.698    0.0038
nFnu                1297.29A   42.497   24.1626      H  1                916.429A   38.234    0.0013      Fe 2                2493.29A   39.270    0.0143
nInu                1297.29A   42.498   24.2385      H  1                915.824A   38.226    0.0013      Fe 2                2755.74A   38.147    0.0011
nFnu                1262.79A   42.324   16.2373      H  1                915.329A   38.218    0.0013      Mg 1                2852.13A   38.234    0.0013
nInu                1262.79A   42.583   29.4407      H  1                914.919A   38.211    0.0012      N  1                1134.17A   38.491    0.0024
nFnu                1218.08A   40.826    0.5151      H  1                914.576A   38.204    0.0012      N  1                1134.41A   38.605    0.0031
nInu                1218.08A   42.928   65.2388      H  1                914.286A   38.199    0.0012      N  1                1134.98A   38.664    0.0035
nFnu                1196.33A   40.831    0.5215      H  1                914.039A   38.196    0.0012      N  1                1199.55A   39.413    0.0199
nInu                1196.33A   42.771   45.4256      H  1                913.826A   38.198    0.0012      N  1                1200.22A   39.341    0.0169
nFnu                1175.06A   40.838    0.5293      H  1                913.641A   38.206    0.0012      N  1                1200.71A   39.184    0.0118
nInu                1175.06A   42.613   31.5987      H  1                913.480A   38.231    0.0013      Ne 2                12.8101m   38.824    0.0051
nFnu                1143.64A   40.851    0.5466      H  1                913.339A   38.300    0.0015      O  1                1304.86A   39.184    0.0118
nInu                1143.64A   42.527   25.8888      H  1                913.215A   39.068    0.0090      O  1                1306.03A   39.293    0.0151
nFnu                1113.22A   40.866    0.5650      H  1                6562.81A   41.700    3.8534      O  1                6300.30A   38.228    0.0013
nInu                1113.22A   42.518   25.3350      H  1                4861.33A   41.114    1.0000      O  1                63.1679m   39.897    0.0607
nFnu                1103.23A   40.870    0.5700      H  1                4340.46A   40.771    0.4544      O  1                145.495m   38.781    0.0046
nInu                1103.23A   42.505   24.6227      H  1                4101.73A   40.501    0.2442      O  2                3728.81A   38.829    0.0052
nFnu                1073.86A   40.872    0.5733      H  1                3970.07A   40.281    0.1471      O  2                3726.03A   38.684    0.0037
nInu                1073.86A   42.515   25.1690      H  1                3889.05A   40.090    0.0947      O  3                5006.84A   38.568    0.0028
nFnu                1064.34A   40.879    0.5818      H  1                3835.38A   39.927    0.0651      S  2                6730.82A   38.563    0.0028
nInu                1064.34A   42.518   25.3915      H  1                3797.89A   39.786    0.0470      S  2                6716.44A   38.688    0.0038
nFnu                1035.92A   40.896    0.6058      H  1                3770.63A   39.450    0.0217      S  2                1055.88A   38.167    0.0011
nInu                1035.92A   42.586   29.6721      H  1                3750.15A   39.342    0.0169      S  3                9530.62A   38.197    0.0012
nFnu                1000.00A   40.921    0.6422      H  1                3734.36A   39.244    0.0135      Si 2                34.8046m   39.598    0.0305
nInu                1000.00A   42.521   25.5633      H  1                3721.93A   39.154    0.0110      Si 2                1533.43A   39.478    0.0231
nFnu                925.144A   40.932    0.6573      H  1                3711.97A   39.073    0.0091      Si 2                1309.28A   39.190    0.0119
nInu                925.144A   42.446   21.4809      H  1                3703.85A   38.998    0.0077      Si 2                1265.00A   39.844    0.0537
RRC............................................      H  1                3697.15A   38.929    0.0065      Si 2                1197.39A   39.732    0.0415
H  1                3645.98A   40.807    0.4935      H  1                3691.55A   38.866    0.0057      Si 2                1194.50A   39.557    0.0277
H  1                3645.98A   41.132    1.0440      H  1                3686.83A   38.810    0.0050      Zn 2                2025.48A   38.174    0.0011
H  1                8203.53A   40.084    0.0934      H  1                3682.80A   38.760    0.0044      Al 2                1670.79A   39.505    0.0246
H  1                8203.53A   40.455    0.2192      H  1                3679.35A   38.718    0.0040      Mg 2                2802.71A   39.464    0.0224
H  1                8203.53A   40.323    0.1620      H  1                3676.36A   38.688    0.0038      Mg 2                2795.53A   39.637    0.0334
H  1                1.45841m   39.609    0.0313      H  1                3673.75A   38.678    0.0037      N  2                6583.45A   38.408    0.0020
H  1                1.45841m   39.985    0.0743      H  1                3671.47A   38.718    0.0040      level 1 lines..................................
H  1                1.45841m   39.958    0.0699      H  1                3669.46A   39.467    0.0226      recombination..................................
H  1                1.45841m   39.592    0.0301      H  1                1.87510m   40.468    0.2262      C  1                1657.00A   39.023    0.0081
H  1                2.27876m   39.261    0.0140      H  1                1.28180m   40.147    0.1079      level2 lines...................................
H  1                2.27876m   39.636    0.0333      H  1                1.09380m   39.885    0.0591      N  1                942.258A   38.490    0.0024
H  1                2.27876m   39.640    0.0336      H  1                1.00493m   39.671    0.0360      O  1                976.791A   38.943    0.0067
H  1                2.27876m   39.419    0.0202      H  1                9545.93A   39.485    0.0235      O  1                969.049A   38.533    0.0026
H  1                2.27876m   38.909    0.0062      H  1                9228.97A   39.324    0.0162      O  1                946.387A   38.287    0.0015
H  1                3.28142m   38.987    0.0075      H  1                9014.87A   39.184    0.0118      O  1                934.501A   38.194    0.0012
H  1                3.28142m   39.361    0.0177      H  1                8862.74A   38.952    0.0069      O  1                973.577A   38.272    0.0014
H  1                3.28142m   39.376    0.0183      H  1                8750.43A   38.844    0.0054      O  1                927.472A   38.121    0.0010
H  1                3.28142m   39.208    0.0124      H  1                8664.98A   38.745    0.0043      O  1                948.506A   38.117    0.0010
H  1                3.28142m   38.868    0.0057      H  1                8598.35A   38.655    0.0035      Si 2                1179.59A   39.891    0.0599
H  1                3.28142m   38.265    0.0014      H  1                8545.34A   38.573    0.0029      Si 2                993.354A   38.911    0.0063
H  1                4.46637m   38.763    0.0045      H  1                8502.44A   38.498    0.0024      Si 2                1024.03A   38.272    0.0014
H  1                4.46637m   39.134    0.0105      H  1                8467.21A   38.429    0.0021      P  2                967.202A   38.581    0.0029
H  1                4.46637m   39.155    0.0110      H  1                8437.91A   38.366    0.0018      P  2                963.828A   38.815    0.0050
H  1                4.46637m   39.010    0.0079      H  1                8413.28A   38.310    0.0016      Ti 2                3364.74A   38.142    0.0011
H  1                4.46637m   38.739    0.0042      H  1                8392.35A   38.260    0.0014      Cr 2                2059.78A   38.342    0.0017
H  1                4.46637m   38.326    0.0016      H  1                8374.43A   38.219    0.0013      Mn 2                1198.85A   38.382    0.0019
H  1                5.83363m   38.572    0.0029      H  1                8358.96A   38.189    0.0012      Ni 2                1751.83A   38.339    0.0017
H  1                5.83363m   38.942    0.0067      H  1                8345.51A   38.180    0.0012      Ni 2                1744.24A   38.575    0.0029
H  1                5.83363m   38.964    0.0071      H  1                8333.74A   38.221    0.0013      Ni 2                1472.74A   38.277    0.0015
H  1                5.83363m   38.832    0.0052      H  1                8323.38A   38.973    0.0072      Ni 2                1400.37A   38.206    0.0012
H  1                5.83363m   38.596    0.0030      H  1                4.05113m   39.650    0.0343      Ni 2                1375.73A   38.663    0.0035
H  1                5.83363m   38.265    0.0014      H  1                2.62513m   39.439    0.0212      Ni 2                1324.11A   38.533    0.0026
H  1                7.38319m   38.407    0.0020      H  1                2.16551m   39.241    0.0134      hyperfine structure............................
H  1                7.38319m   38.775    0.0046      H  1                1.94454m   39.064    0.0089      inner shell....................................
H  1                7.38319m   38.799    0.0048      H  1                1.81740m   38.908    0.0062      Ca 4                3.33246A   38.143    0.0011
H  1                7.38319m   38.673    0.0036      H  1                1.73620m   38.770    0.0045      Ca 4                3.32942A   38.444    0.0021
H  1                7.38319m   38.457    0.0022      H  1                1.68064m   38.583    0.0029      molecules......................................
H  1                7.38319m   38.169    0.0011      H  1                1.64071m   38.475    0.0023      H2 l                2.00000m   40.167    0.1132
H  1                9.11505m   38.261    0.0014      H  1                1.61092m   38.376    0.0018      H2dH                      0    38.550    0.0027
H  1                9.11505m   38.628    0.0033      H  1                1.58804m   38.287    0.0015      H2vH                      0    39.982    0.0738
H  1                9.11505m   38.652    0.0035      H  1                1.57006m   38.205    0.0012      H2 v                      0    40.590    0.2990
H  1                9.11505m   38.531    0.0026      H  1                1.55563m   38.130    0.0010      H-FB                      0    39.821    0.0509
H  1                9.11505m   38.326    0.0016      H  1                1.49672m   38.606    0.0031      H-FF                      0    39.663    0.0354
H  1                11.0292m   39.135    0.0105      H  1                7.45777m   39.079    0.0092      H-CT                6562.81A   39.209    0.0124
H  1                13.1257m   39.022    0.0081      H  1                4.65247m   38.919    0.0064      H- H                      0    39.993    0.0758
H  1                15.4044m   38.919    0.0064      H  1                3.73951m   38.754    0.0044      H2+                       0    39.488    0.0236
H  1                17.8655m   38.823    0.0051      H  1                3.29607m   38.604    0.0031      H2+p                      0    38.550    0.0027
H  1                20.5089m   38.734    0.0042      H  1                3.03835m   38.468    0.0023      HEH+                      0    38.597    0.0030
H  1                23.3345m   38.650    0.0034      H  1                2.87219m   38.294    0.0015      blends.........................................
H  1                26.3425m   38.571    0.0029      H  1                2.75749m   38.186    0.0012      Blnd                1304.00A   39.548    0.0272
H  1                29.5328m   38.497    0.0024      H  1                2.37371m   38.320    0.0016      Blnd                1039.00A   38.391    0.0019
H  1                32.9053m   38.427    0.0021      H  1                12.3684m   38.626    0.0033      Blnd                2798.00A   39.860    0.0558
H  1                36.4602m   38.360    0.0018      H  1                7.50038m   38.497    0.0024      Blnd                6720.00A   38.931    0.0066
H  1                40.1974m   38.297    0.0015      H  1                5.90655m   38.357    0.0018      Blnd                1256.00A   38.451    0.0022
H  1                44.1168m   38.237    0.0013      H  1                5.12722m   38.226    0.0013      Blnd                1657.00A   39.094    0.0096
H  1                48.2186m   38.179    0.0012      H  1                19.0565m   38.242    0.0013      C 1R                1656.00A   39.023    0.0081
H  1                52.5027m   38.124    0.0010      H  1                11.3055m   38.138    0.0011      Blnd                2326.00A   38.250    0.0014
H  1                56.9691m   39.294    0.0151      Ca A                234.347A   39.703    0.0388      Blnd                1335.00A   39.484    0.0234
He 2                2049.88A   39.151    0.0109      Ca A                232.584A   39.502    0.0245      Blnd                977.000A   38.130    0.0010
He 2                2049.88A   39.609    0.0312      Ca A                231.454A   39.331    0.0165      Blnd                5199.00A   38.295    0.0015
He 2                2049.88A   39.601    0.0307      Ca A                230.686A   39.181    0.0117      Blnd                6300.00A   38.349    0.0017
He 2                3644.36A   38.620    0.0032      Ca A                230.139A   39.048    0.0086      Blnd                3726.00A   38.684    0.0037
He 2                3644.36A   39.086    0.0094      Ca A                229.736A   38.927    0.0065      Blnd                3729.00A   38.829    0.0052
He 2                3644.36A   39.191    0.0120      Ca A                229.431A   38.817    0.0051      Blnd                3727.00A   39.064    0.0089
He 2                3644.36A   38.958    0.0070      Ca A                229.194A   38.717    0.0040      Blnd                5007.00A   38.693    0.0038
He 2                5694.36A   38.223    0.0013      Ca A                229.006A   38.623    0.0032

                                                    Emergent line intensities
general properties.............................      H  1                8392.35A   38.251    0.0014      He 1                4009.05A   38.107    0.0010
continua.......................................      H  1                8374.43A   38.209    0.0013      He 1                1.70027m   38.216    0.0013
FIR                 83.0000m   41.668    3.6400      H  1                8358.96A   38.180    0.0012      He 1                1.86854m   38.778    0.0047
TIR                 1800.00m   39.186    0.0120      H  1                8345.51A   38.170    0.0012      He 1                1.27849m   38.438    0.0021
NIRa                2.85000m   42.774   46.4860      H  1                8333.74A   38.212    0.0013      He 1                1.09130m   38.168    0.0012
NIRb                3.00000m   42.377   18.6333      H  1                8323.38A   38.964    0.0072      He 1                1.86972m   38.301    0.0016
MIRa                15.0000m   42.412   20.1914      H  1                4.05113m   39.650    0.0349      extra Lyman....................................
MIRb                22.5000m   42.487   24.0060      H  1                2.62513m   39.439    0.0215      database lines.................................
NMIR                21.7500m   42.774   46.4860      H  1                2.16551m   39.241    0.0136      Ar 1                1048.22A   38.398    0.0020
TFIR                611.250m   40.610    0.3190      H  1                1.94454m   39.064    0.0091      C  1                609.590m   39.014    0.0081
TALL                10000.0A   43.552  278.6910      H  1                1.81740m   38.908    0.0063      C  2                1037.02A   39.436    0.0214
F12                 12.0000m   41.969    7.2896      H  1                1.73620m   38.770    0.0046      C  2                1334.53A   38.200    0.0012
F25                 25.0000m   41.754    4.4387      H  1                1.68064m   38.583    0.0030      C  2                1335.66A   39.410    0.0201
F60                 60.0000m   41.589    3.0397      H  1                1.64071m   38.475    0.0023      C  2                1335.71A   38.470    0.0023
F100                100.000m   40.443    0.2172      H  1                1.61092m   38.376    0.0019      C  2                157.636m   40.600    0.3116
MIPS                24.0000m   41.458    2.2475      H  1                1.58804m   38.286    0.0015      Fe 2                25.9811m   38.687    0.0038
MIPS                70.0000m   41.040    0.8586      H  1                1.57006m   38.204    0.0013      Fe 2                5.33881m   38.965    0.0072
MIPS                160.000m   40.583    0.2997      H  1                1.55563m   38.129    0.0011      Fe 2                1.25668m   38.763    0.0045
IRAC                3.60000m   41.578    2.9619      H  1                1.49672m   38.604    0.0031      Fe 2                2382.04A   38.313    0.0016
IRAC                4.50000m   41.616    3.2322      H  1                7.45777m   39.079    0.0094      Fe 2                1.32055m   38.188    0.0012
IRAC                5.80000m   41.646    3.4663      H  1                4.65247m   38.919    0.0065      Fe 2                2625.67A   39.216    0.0129
IRAC                8.00000m   41.801    4.9530      H  1                3.73951m   38.754    0.0044      Fe 2                2611.87A   38.758    0.0045
SPR1                250.000m   38.469    0.0023      H  1                3.29607m   38.604    0.0031      Fe 2                2395.63A   38.830    0.0053
SPR2                350.000m   38.436    0.0021      H  1                3.03835m   38.468    0.0023      Fe 2                2364.83A   38.814    0.0051
SPR3                500.000m   38.339    0.0017      H  1                2.87219m   38.294    0.0015      Fe 2                2631.32A   38.546    0.0028
PAC1                70.0000m   41.095    0.9728      H  1                2.75749m   38.186    0.0012      Fe 2                2380.76A   38.684    0.0038
PAC2                100.000m   40.397    0.1950      H  1                2.37371m   38.320    0.0016      Fe 2                1.64355m   38.698    0.0039
PAC3                160.000m   40.586    0.3019      H  1                12.3684m   38.626    0.0033      Fe 2                2493.29A   39.267    0.0145
PAH                 3.30000m   40.723    0.4136      H  1                7.50038m   38.497    0.0025      Fe 2                2755.74A   38.142    0.0011
PAHC                3.23000m   40.428    0.2096      H  1                5.90655m   38.357    0.0018      Mg 1                2852.13A   38.228    0.0013
PAHC                3.37000m   40.412    0.2022      H  1                5.12722m   38.226    0.0013      N  1                1134.17A   38.487    0.0024
PAH                 6.20000m   41.163    1.1393      H  1                19.0565m   38.242    0.0014      N  1                1134.41A   38.602    0.0031
PAHC                5.65000m   41.200    1.2404      H  1                11.3055m   38.138    0.0011      N  1                1134.98A   38.661    0.0036
PAH                 7.90000m   41.351    1.7542      He 2                1640.43A   40.501    0.2482      N  1                1199.55A   39.410    0.0201
PAHC                6.90000m   41.414    2.0297      He 2                1215.13A   40.034    0.0846      N  1                1200.22A   39.338    0.0170
PAH                 11.3000m   40.763    0.4529      He 2                1084.94A   39.644    0.0344      N  1                1200.71A   39.181    0.0119
PAHC                10.9000m   40.784    0.4761      He 2                1025.27A   39.386    0.0190      Ne 2                12.8101m   38.824    0.0052
PAH                 11.8000m   40.976    0.7410      He 2                992.360A   39.177    0.0118      O  1                1304.86A   39.181    0.0119
PAHC                12.6500m   40.950    0.6966      He 2                972.108A   39.000    0.0078      O  1                1306.03A   39.290    0.0152
PAH                 13.3000m   40.976    0.7398      He 2                958.694A   38.847    0.0055      O  1                6300.30A   38.220    0.0013
PAHC                14.1000m   40.944    0.6875      He 2                949.324A   38.581    0.0030      O  1                63.1679m   39.897    0.0617
Bcon                3640.00A   43.433  211.7839      He 2                942.508A   38.698    0.0039      O  1                145.495m   38.781    0.0047
Pcon                5000.00A   42.377   18.6397      He 2                937.389A   38.603    0.0031      O  2                3728.81A   38.824    0.0052
O3bn                5007.00A   40.736    0.4259      He 2                933.444A   38.516    0.0026      O  2                3726.03A   38.679    0.0037
HX                  4.70000A   38.218    0.0013      He 2                930.337A   38.436    0.0021      O  3                5006.84A   38.561    0.0028
RRC............................................      He 2                927.846A   38.362    0.0018      S  2                6730.82A   38.554    0.0028
grains.........................................      He 2                925.817A   38.294    0.0015      S  2                6716.44A   38.679    0.0037
H-like iso-sequence............................      He 2                924.142A   38.229    0.0013      S  2                1055.88A   38.114    0.0010
H  1                1215.67A   43.325  165.1765      He 2                922.743A   38.171    0.0012      S  3                9530.62A   38.188    0.0012
H  1                1025.72A   38.912    0.0064      He 2                921.562A   38.117    0.0010      Si 2                34.8046m   39.598    0.0310
H  1                972.537A   38.718    0.0041      He 2                917.221A   38.806    0.0050      Si 2                1533.43A   39.476    0.0234
H  1                949.743A   38.511    0.0025      He 2                4685.64A   39.602    0.0313      Si 2                1309.28A   39.187    0.0120
H  1                937.804A   38.447    0.0022      He 2                3203.04A   39.287    0.0151      Si 2                1265.00A   39.841    0.0542
H  1                930.748A   38.406    0.0020      He 2                2733.24A   39.027    0.0083      Si 2                1197.39A   39.729    0.0419
H  1                926.226A   38.373    0.0018      He 2                2511.15A   38.812    0.0051      Si 2                1194.50A   39.553    0.0280
H  1                923.150A   38.350    0.0018      He 2                2385.35A   38.632    0.0033      Zn 2                2025.48A   38.170    0.0012
H  1                920.963A   38.334    0.0017      He 2                2306.15A   38.475    0.0023      Al 2                1670.79A   39.502    0.0248
H  1                913.339A   38.135    0.0011      He 2                2252.64A   38.337    0.0017      Mg 2                2802.71A   39.459    0.0225
H  1                913.215A   38.903    0.0063      He 2                2214.62A   38.360    0.0018      Mg 2                2795.53A   39.632    0.0335
H  1                6562.81A   41.691    3.8395      He 2                2186.56A   38.264    0.0014      N  2                6583.45A   38.399    0.0020
H  1                4861.33A   41.107    1.0000      He 2                2165.20A   38.175    0.0012      level 1 lines..................................
H  1                4340.46A   40.765    0.4551      He 2                2079.84A   38.457    0.0022      recombination..................................
H  1                4101.73A   40.495    0.2447      He 2                1.01233m   38.979    0.0075      level2 lines...................................
H  1                3970.07A   40.275    0.1475      He 2                6559.91A   38.745    0.0044      N  1                942.258A   38.306    0.0016
H  1                3889.05A   40.084    0.0950      He 2                5411.37A   38.534    0.0027      O  1                976.791A   38.884    0.0060
H  1                3835.38A   39.921    0.0653      He 2                4859.18A   38.352    0.0018      O  1                969.049A   38.474    0.0023
H  1                3797.89A   39.780    0.0471      He 2                4541.46A   38.193    0.0012      O  1                973.577A   38.214    0.0013
H  1                3770.63A   39.445    0.0218      He 2                1.86362m   38.483    0.0024      Si 2                1179.59A   39.888    0.0604
H  1                3750.15A   39.336    0.0170      He 2                1.16260m   38.300    0.0016      Si 2                993.354A   38.854    0.0056
H  1                3734.36A   39.238    0.0135      He 2                9344.62A   38.123    0.0010      Si 2                1024.03A   38.213    0.0013
H  1                3721.93A   39.149    0.0110      He-like iso-sequence...........................      P  2                967.202A   38.527    0.0026
H  1                3711.97A   39.067    0.0091      He 1                1.08303m   40.054    0.0886      P  2                963.828A   38.761    0.0045
H  1                3703.85A   38.992    0.0077      He 1                3888.63A   39.728    0.0418      Ti 2                3364.74A   38.135    0.0011
H  1                3697.15A   38.924    0.0066      He 1                3187.74A   39.316    0.0162      Cr 2                2059.78A   38.338    0.0017
H  1                3691.55A   38.861    0.0057      He 1                2945.10A   38.986    0.0076      Mn 2                1198.85A   38.379    0.0019
H  1                3686.83A   38.804    0.0050      He 1                2829.08A   38.721    0.0041      Ni 2                1751.83A   38.336    0.0017
H  1                3682.80A   38.755    0.0044      He 1                2.05813m   38.900    0.0062      Ni 2                1744.24A   38.571    0.0029
H  1                3679.35A   38.713    0.0040      He 1                5015.68A   39.146    0.0110      Ni 2                1472.74A   38.273    0.0015
H  1                3676.36A   38.683    0.0038      He 1                3964.73A   38.740    0.0043      Ni 2                1400.37A   38.202    0.0012
H  1                3673.75A   38.673    0.0037      He 1                3613.64A   38.425    0.0021      Ni 2                1375.73A   38.659    0.0036
H  1                3671.47A   38.713    0.0040      He 1                3447.59A   38.175    0.0012      Ni 2                1324.11A   38.529    0.0026
H  1                3669.46A   39.462    0.0227      He 1                7065.22A   39.099    0.0098      hyperfine structure............................
H  1                1.87510m   40.468    0.2300      He 1                5875.64A   39.718    0.0409      inner shell....................................
H  1                1.28180m   40.141    0.1082      He 1                4713.03A   38.364    0.0018      molecules......................................
H  1                1.09380m   39.877    0.0589      He 1                4471.49A   39.293    0.0153      blends.........................................
H  1                1.00493m   39.662    0.0359      He 1                4026.20A   38.968    0.0073      Blnd                1304.00A   39.545    0.0274
H  1                9545.93A   39.475    0.0234      He 1                3819.61A   38.707    0.0040      Blnd                1039.00A   38.336    0.0017
H  1                9228.97A   39.315    0.0162      He 1                3704.76A   38.737    0.0043      Blnd                2798.00A   39.855    0.0560
H  1                9014.87A   39.175    0.0117      He 1                3634.08A   38.569    0.0029      Blnd                6720.00A   38.922    0.0065
H  1                8862.74A   38.943    0.0069      He 1                3587.16A   38.423    0.0021      Blnd                1256.00A   38.448    0.0022
H  1                8750.43A   38.834    0.0053      He 1                3554.34A   38.294    0.0015      Blnd                1657.00A   39.092    0.0097
H  1                8664.98A   38.735    0.0043      He 1                3530.43A   38.177    0.0012      C 1R                1656.00A   39.021    0.0082
H  1                8598.35A   38.646    0.0035      He 1                3439.99A   38.181    0.0012      Blnd                1335.00A   39.481    0.0237
H  1                8545.34A   38.564    0.0029      He 1                7281.35A   38.544    0.0027      Blnd                1909.00A   38.110    0.0010
H  1                8502.44A   38.489    0.0024      He 1                6678.15A   39.162    0.0114      Blnd                6300.00A   38.340    0.0017
H  1                8467.21A   38.420    0.0021      He 1                4921.93A   38.719    0.0041      Blnd                3726.00A   38.679    0.0037
H  1                8437.91A   38.357    0.0018      He 1                4387.93A   38.392    0.0019      Blnd                3729.00A   38.824    0.0052
H  1                8413.28A   38.301    0.0016      He 1                4143.76A   38.136    0.0011      Blnd                5007.00A   38.686    0.0038



 CIV QSO  
 Cooling:  HFBc                      0 :0.063 H  1c                     0 :0.813 HFFc                      0 :0.056  
 Heating:  BFH1                      0 :0.623 BFHe                      0 :0.357  

 These are some of the most important databases used by Cloudy:
 Many recombination coefficients were taken from http://amdpp.phys.strath.ac.uk/tamoc/RR/ and http://amdpp.phys.strath.ac.uk/tamoc/DR/
      and are based on the following papers:
        Badnell N. R., et al., A&A 406, 1151 (2003) [http://adsabs.harvard.edu/abs/2003A%26A...406.1151B]
        Badnell N. R., ApJS 167, 334 (2006) [http://adsabs.harvard.edu/abs/2006ApJS..167..334B]
 Much of the molecular emission data is from LAMDA as accessed on June 30, 2015. This database is described in:
        Schoeier F.L., et al., A&A 432, 369 (2005) [http://adsabs.harvard.edu/abs/2005A%26A...432..369S]
      This database is in part based on the work of the following groups:
        JPL: Pickett H. M. et al., JQSRT, 60, 883 (1998). [http://adsabs.harvard.edu/abs/1998JQSRT..60..883P]
        CDMS: Mueller H. S. et al., A&A 370, L49 (2001). [http://adsabs.harvard.edu/abs/2001A%26A...370L..49M]
              Mueller H. S. et al., J. Mol. Struct. 742, 215 (2005). [http://adsabs.harvard.edu/abs/2005JMoSt.742..215M]
 Some of the ionic emission data is from version 7.1.4 of CHIANTI. CHIANTI is a collaborative project involving the NRL (USA), the
      Universities of Florence (Italy) and Cambridge (UK), and George Mason University (USA). These papers describe Chianti:
        Dere K. P., et al., A&AS, 125, 149 (1997) [http://adsabs.harvard.edu/abs/1997A%26AS..125..149D]
        Landi E., et al., ApJ, 744, 99 (2012) [http://adsabs.harvard.edu/abs/2012ApJ...744...99L]
 Much of the H_2 data is from this web site: http://molat.obspm.fr/index.php?page=pages/Molecules/H2/H2can94.php. These data are
      described in:
        Abgrall H. et al., Can. J. Phys., 72, 856 (1994) [http://adsabs.harvard.edu/abs/1994CaJPh..72..856A]
        Wrathmall S. A. & Flower D. R., J. Phys. B, 40, 3221 (2007) [http://adsabs.harvard.edu/abs/2007JPhB...40.3221W]
 The Case A and Case B recombination predictions for one-electron systems are from
	Storey, P.J. & Hummer, D.G., 1995, MNRAS 272, 41 http://adsabs.harvard.edu/abs/1995MNRAS.272...41S
 The He I recombination predictions are from
	Porter, R. L.; Ferland, G. J.; Storey, P. J.; Detisch, M. J., 2012, MNRAS, 425, 28p http://adsabs.harvard.edu/abs/2012MNRAS.425L..28P
		http://adsabs.harvard.edu/abs/2013MNRAS.433L..89P

 If you find some process or data set to be particularly critical to a result, please follow the trail of references back to the
 original source and cite that.  This will support and encourage atomic, molecular, and chemical physicists to continue their
 valuable work.

 IONIZE PARMET:  U(1-) -3.5203  U(4-): -4.5432  U(sp): -2.64  Q(ion):   46.430  L(ion) 39.305    Q(low): 55.677    L(low) 43.550
 ENERGY BUDGET:  Heat:  42.285  Coolg:  42.285  Error:  0.0%  Rec Lin:  42.535  F-F  H  0.000    P(rad/tot)max     4.41E-03    R(F Con):1.737e+05

     Col(Heff):      1.989E+24  snd travl time  1.24E+19 sec  Te-low: 8.07E+00  Te-hi: 1.44E+04  G0TH85: 1.39E+01  G0DB96:1.30E+01
  Emiss Measure    n(e)n(p) dl       3.487E+21  n(e)n(He+)dl         3.319E+20  En(e)n(He++) dl         3.592E+19  ne nC+:4.90E+15
 He/Ha:3.27E-02  =   0.33*true  Lthin:9.67E+02  itr/zn: 8.17  H2 itr/zn:  0.00  File Opacity: F  MassTot 5.48e+48  (gm)
   Temps(21 cm)   T(21cm/Ly a)  2.57E+03        T(<nH/Tkin>)  1.09E+01          T(<nH/Tspin>)    2.90E+03          TB21cm:2.90E+03
                   N(H0/Tspin)  3.44E+21        N(OH/Tkin)    3.49E+12          B(21cm)          0.00E+00
   <a>:1.15E-10  erdeFe1.9E+26  Tcompt5.90E+10  Tthr2.41E+18  <Tden>: 2.71E+01  <dens>:7.44E-23  <MolWgt>1.28E+00
     Mean Jeans  l(cm)5.99E+19  M(sun)1.30E+03  smallest:     len(cm):1.69E+19  M(sun):1.42E+02  a_ox tran: -9.89
 Rion:3.163E+21  Dist:0.00E+00  Diam:0.000E+00
 Hatom level 70  HatomType: add  HInducImp  F  He tot level: 63  He2 level:   70  ExecTime   516.2
 ConvrgError(%)  <eden>  0.051  MaxEden  0.527  <H-C>   0.10  Max(H-C)    0.49  <Press>   0.000  MaxPrs er  0.000
  Continuity(%)  chng Te  12.9  elec den   6.8  n(H2)    0.0  n(CO)        0.0

                                                        Averaged Quantities
             Te      Te(Ne)   Te(NeNp)  Te(NeHe+)Te(NeHe2+) Te(NeO+)  Te(NeO2+)  Te(H2)     N(H)     Ne(O2+)   Ne(Np)
 Radius:  1.66e+01  5.42e+03  1.30e+04  1.28e+04  1.37e+04  1.28e+04  1.39e+04  1.15e+01  3.18e+01  8.13e+01  1.25e+01
   Area:  8.91e+00  2.30e+03  1.30e+04  1.28e+04  1.37e+04  1.28e+04  1.39e+04  9.18e+00  2.18e+01  8.13e+01  6.13e+00
 Volume:  8.41e+00  1.27e+02  1.30e+04  1.28e+04  1.37e+04  1.28e+04  1.39e+04  8.63e+00  1.77e+01  8.12e+01  4.87e-01
 
 Peimbert T(OIIIr)1.24E+04 T(Bac)2.64E+04 T(Hth)0.00E+00 t2(Hstrc) 1.57e-02 T(O3-BAC)0.00E+00 t2(O3-BC) 0.00e+00 t2(O3str) 1.59e-03

 Contin Optical Depths: COMP: 1.99e-04    H-: 3.48e-03 R(1300): 6.68e+01  H2+: 1.27e-04  Bra:2.01E-04
                          Pa: 2.45e-04    Ba: 6.74e-03      Hb: 1.44e-02   La: 1.65e+05     1r:6.320E+07  1.8:1.96E+07 4.:2.939E+06

 Old, new H  1 continuum optical depths:
     1 6.32e+07     2 1.79e-03     3 3.49e-03     4 3.49e-03     5 3.49e-03     6 8.96e-04     7 8.96e-04     8 8.96e-04
     9 8.96e-04    10 1.06e-14    11 1.06e-14    12 1.06e-14    13 1.06e-14    14 1.06e-14    15 2.48e-14    16 2.48e-14
    17 2.48e-14    18 2.48e-14    19 2.48e-14    20 2.48e-14    21 5.15e-14    22 5.15e-14    23 5.15e-14    24 5.15e-14
    25 5.15e-14    26 5.15e-14    27 5.15e-14    28 9.81e-14    29 9.81e-14    30 9.81e-14    31 9.81e-14    32 9.81e-14
    33 9.81e-14    34 9.81e-14    35 9.81e-14    36 1.75e-13    37 1.75e-13    38 1.75e-13    39 1.75e-13    40 1.75e-13
    41 1.75e-13    42 1.75e-13    43 1.75e-13    44 1.75e-13    45 2.93e-13    46 2.93e-13    47 2.93e-13    48 2.93e-13
    49 2.93e-13    50 2.93e-13    51 2.93e-13    52 2.93e-13    53 2.93e-13    54 2.93e-13
     1 6.32e+07     2 1.79e-03     3 3.51e-03     4 3.51e-03     5 3.51e-03     6 9.00e-04     7 9.00e-04     8 9.00e-04
     9 9.00e-04    10 1.07e-14    11 1.07e-14    12 1.07e-14    13 1.07e-14    14 1.07e-14    15 2.50e-14    16 2.50e-14
    17 2.50e-14    18 2.50e-14    19 2.50e-14    20 2.50e-14    21 5.18e-14    22 5.18e-14    23 5.18e-14    24 5.18e-14
    25 5.18e-14    26 5.18e-14    27 5.18e-14    28 9.85e-14    29 9.85e-14    30 9.85e-14    31 9.85e-14    32 9.85e-14
    33 9.85e-14    34 9.85e-14    35 9.85e-14    36 1.75e-13    37 1.75e-13    38 1.75e-13    39 1.75e-13    40 1.75e-13
    41 1.75e-13    42 1.75e-13    43 1.75e-13    44 1.75e-13    45 2.94e-13    46 2.94e-13    47 2.94e-13    48 2.94e-13
    49 2.94e-13    50 2.94e-13    51 2.94e-13    52 2.94e-13    53 2.94e-13    54 2.94e-13

 Old, new H  1 mean line optical depths:
  2- 1 3.05e+13  3- 2 9.03e+00  4- 3 4.75e-02  5- 4 1.25e-10  6- 5 1.68e-10  7- 6 2.63e-10  8- 7 4.21e-10
  9- 8 6.57e-10 10- 9 1.00e-09 11-10 2.51e-09 12-11 4.32e-11 13-12 3.29e-11 14-13 1.37e-11 15-14 8.96e-12 16-15 5.69e-12
 17-16 3.24e-12 18-17 2.45e-12 19-18 1.28e-13 20-19 0.00e+00 21-20 0.00e+00 22-21 0.00e+00 23-22 0.00e+00 24-23 0.00e+00
 25-24 0.00e+00
  2- 1 3.05e+13  3- 2 7.27e+00  4- 3 4.75e-02  5- 4 1.52e-10  6- 5 1.86e-10  7- 6 2.84e-10  8- 7 4.49e-10
  9- 8 6.94e-10 10- 9 1.05e-09 11-10 2.56e-09 12-11 5.71e-11 13-12 3.70e-11 14-13 1.45e-11 15-14 9.33e-12 16-15 5.93e-12
 17-16 3.40e-12 18-17 2.63e-12 19-18 1.71e-13 20-19 0.00e+00 21-20 0.00e+00 22-21 0.00e+00 23-22 0.00e+00 24-23 0.00e+00
 25-24 0.00e+00

 Old, new He 2 continuum optical depths:
     1 2.94e+06     2 6.29e+07     3 8.55e-04     4 8.55e-04     5 8.55e-04     6 1.79e-03     7 1.79e-03     8 1.79e-03
     9 1.79e-03    10 2.83e-03    11 2.83e-03    12 2.83e-03    13 2.83e-03    14 2.83e-03    15 3.49e-03    16 3.49e-03
    17 3.49e-03    18 3.49e-03    19 3.49e-03    20 3.49e-03    21 2.92e-03    22 2.92e-03    23 2.92e-03    24 2.92e-03
    25 2.92e-03    26 2.92e-03    27 2.92e-03    28 8.96e-04    29 8.96e-04    30 8.96e-04    31 8.96e-04    32 8.96e-04
    33 8.96e-04    34 8.96e-04    35 8.96e-04    36 6.24e-15    37 6.24e-15    38 6.24e-15    39 6.24e-15    40 6.24e-15
    41 6.24e-15    42 6.24e-15    43 6.24e-15    44 6.24e-15    45 1.06e-14    46 1.06e-14    47 1.06e-14    48 1.06e-14
    49 1.06e-14    50 1.06e-14    51 1.06e-14    52 1.06e-14    53 1.06e-14    54 1.06e-14
     1 2.94e+06     2 6.29e+07     3 8.61e-04     4 8.61e-04     5 8.61e-04     6 1.79e-03     7 1.79e-03     8 1.79e-03
     9 1.79e-03    10 2.85e-03    11 2.85e-03    12 2.85e-03    13 2.85e-03    14 2.85e-03    15 3.51e-03    16 3.51e-03
    17 3.51e-03    18 3.51e-03    19 3.51e-03    20 3.51e-03    21 2.93e-03    22 2.93e-03    23 2.93e-03    24 2.93e-03
    25 2.93e-03    26 2.93e-03    27 2.93e-03    28 9.00e-04    29 9.00e-04    30 9.00e-04    31 9.00e-04    32 9.00e-04
    33 9.00e-04    34 9.00e-04    35 9.00e-04    36 6.27e-15    37 6.27e-15    38 6.27e-15    39 6.27e-15    40 6.27e-15
    41 6.27e-15    42 6.27e-15    43 6.27e-15    44 6.27e-15    45 1.07e-14    46 1.07e-14    47 1.07e-14    48 1.07e-14
    49 1.07e-14    50 1.07e-14    51 1.07e-14    52 1.07e-14    53 1.07e-14    54 1.07e-14

 Old, new He 2 mean line optical depths:
  2- 1 2.01e+06  3- 2 5.73e+00  4- 3 2.62e-01  5- 4 9.45e-02  6- 5 4.77e-02  7- 6 2.21e-02  8- 7 2.61e-13
  9- 8 5.16e-13 10- 9 9.38e-13 11-10 5.77e-12 12-11 0.00e+00 13-12 0.00e+00 14-13 0.00e+00 15-14 0.00e+00 16-15 0.00e+00
 17-16 0.00e+00 18-17 0.00e+00 19-18 0.00e+00 20-19 0.00e+00 21-20 0.00e+00 22-21 0.00e+00 23-22 0.00e+00 24-23 0.00e+00
 25-24 0.00e+00
  2- 1 2.00e+06  3- 2 5.73e+00  4- 3 2.62e-01  5- 4 9.45e-02  6- 5 4.77e-02  7- 6 2.21e-02  8- 7 2.62e-13
  9- 8 5.18e-13 10- 9 9.45e-13 11-10 5.82e-12 12-11 0.00e+00 13-12 0.00e+00 14-13 0.00e+00 15-14 0.00e+00 16-15 0.00e+00
 17-16 0.00e+00 18-17 0.00e+00 19-18 0.00e+00 20-19 0.00e+00 21-20 0.00e+00 22-21 0.00e+00 23-22 0.00e+00 24-23 0.00e+00
 25-24 0.00e+00

 Old He Is optical depths:    1 1.96e+07    2 1.17e-03    3 1.48e-03    4 1.65e-03    5 1.65e-03
 New He Is optical depths:    1 1.96e+07    2 1.18e-03    3 1.49e-03    4 1.66e-03    5 1.66e-03
          Old He Is Lines:  584 1.88e+12 3889 4.02e-01 5016 2.35e-01 5876 1.87e-01
          New He Is Lines:  584 1.88e+12 3889 4.39e-01 5016 2.35e-01 5876 1.87e-01
CIV QSO  


          Start Iteration Number 3                                                                     CIV QSO  


 ####  1  Te:1.434E+04 Hden:7.515E+01 Ne:8.307E+01 R:3.162E+21 R-R0:1.573E+13 dR:3.145E+13 NTR:  9 Htot:2.011E-20 T912: 6.32e+07###
 Hydrogen      1.58e-02 9.84e-01 H+o/Hden 1.00e+00 7.28e-12 H-    H2 7.77e-16 8.32e-13 H2+ HeH+ 1.02e-09 Ho+ ColD 3.73e+13 2.33e+15
 Helium        2.40e-02 7.65e-01 2.11e-01 HeI 2s3S 1.45e-07 Comp H,C 1.26e-26 6.78e-29 Fill Fac 1.00e+00 Gam1/tot 9.95e-01
 He singlet n  2.40e-02 2.04e-14 2.13e-20 8.80e-21 1.46e-20 1.16e-20 He tripl 1.45e-07 1.35e-18 2.61e-20 1.93e-19 3.40e-20
 Pressure      NgasTgas 2.38e+06 P(total) 3.28e-10 P( gas ) 3.28e-10 P(Radtn) 0.00e+00 Rad accl 7.33e-08 ForceMul 5.48e+04
 Texc(La)      3.04e+03 T(I con) 4.88e+00 T(D con) 4.80e-01 T(U tot) 4.88e+00 nT (c+d) 1.29e+06 Prad/Gas 0.00e+00 Pmag/Gas 0.00e+00
 Molecules     CH/Ctot: 1.21e-14 CH+/Ctot 3.12e-12 CO/Ctot: 8.10e-20 CO+/Ctot 3.10e-19 H2O/Otot 6.34e-27 OH/Ototl 6.02e-14
 Lithium       2.10e-04 9.92e-01 8.12e-03 9.69e-05 Berylliu 1.07e-02 1.96e-01 7.81e-01 1.25e-02 1.50e-06 sec ion: 1.14e-14
 Boron         4.60e-04 7.71e-01 1.76e-01 5.22e-02 1.48e-05 0.00e+00
 Carbon        1.60e-04 3.80e-01 6.12e-01 7.49e-03 2.14e-04 0.00e+00 0.00e+00 H2O+/O   1.41e-27 OH+/Otot 2.35e-14 Hex(tot) 0.00e+00
 Nitrogen      4.48e-03 6.17e-01 3.72e-01 6.34e-03 4.38e-05 0.00e+00 0.00e+00 0.00e+00 O2/Ototl 7.79e-19 O2+/Otot 1.08e-19
 Oxygen        1.24e-02 6.48e-01 3.32e-01 7.82e-03 7.96e-05 0.00e+00 0.00e+00 0.00e+00 0.00e+00
 Fluorine      1.19e-03 2.47e-01 7.43e-01 8.79e-03 1.44e-04 0.00e+00 0.00e+00 0.00e+00 0.00e+00 0.00e+00
 Neon          8.92e-04 1.62e-01 8.21e-01 1.63e-02 6.80e-05 0.00e+00 0.00e+00 0.00e+00 0.00e+00 0.00e+00 0.00e+00
 Sodium        9.64e-06 1.45e-01 8.24e-01 2.94e-02 8.07e-04 0.00e+00 0.00e+00 0.00e+00 0.00e+00 0.00e+00 0.00e+00 0.00e+00
 Magnesium     5.38e-03 1.11e-01 8.71e-01 1.24e-02 6.23e-05 0.00e+00 0.00e+00 0.00e+00 0.00e+00 0.00e+00 0.00e+00 0.00e+00 0.00e+00
 Aluminium  0  4.80e-04 5.12e-01 9.72e-02 3.80e-01 1.04e-02 1.72e-05 0.00e+00 0.00e+00 0.00e+00 0.00e+00 0.00e+00 0.00e+00 0.00e+00
 Silicon    0  1.44e-04 2.91e-01 6.59e-01 4.63e-02 2.93e-03 4.88e-06 0.00e+00 0.00e+00 0.00e+00 0.00e+00 0.00e+00 0.00e+00 0.00e+00
 Phosphorus 0  2.13e-04 6.86e-01 2.90e-01 2.20e-02 1.06e-03 7.19e-05 0.00e+00 0.00e+00 0.00e+00 0.00e+00 0.00e+00 0.00e+00 0.00e+00
 Sulphur    0  5.34e-05 3.39e-01 6.44e-01 1.65e-02 7.25e-04 6.24e-05 1.54e-06 0.00e+00 0.00e+00 0.00e+00 0.00e+00 0.00e+00 0.00e+00
 Chlorine   0  6.44e-05 3.22e-01 6.55e-01 2.21e-02 5.32e-04 3.14e-05 9.71e-07 0.00e+00 0.00e+00 0.00e+00 0.00e+00 0.00e+00 0.00e+00
 Argon      0  3.51e-04 7.98e-02 9.05e-01 1.38e-02 5.17e-04 2.50e-05 0.00e+00 0.00e+00 0.00e+00 0.00e+00 0.00e+00 0.00e+00 0.00e+00
 Potassium  0  9.01e-06 4.33e-01 5.56e-01 9.11e-03 1.70e-03 1.83e-05 0.00e+00 0.00e+00 0.00e+00 0.00e+00 0.00e+00 0.00e+00 0.00e+00
 Calcium    0  6.09e-06 2.28e-02 8.93e-01 8.30e-02 1.11e-03 3.09e-05 9.98e-07 0.00e+00 0.00e+00 0.00e+00 0.00e+00 0.00e+00 0.00e+00
 Scandium   0  1.59e-06 9.81e-03 2.10e-01 7.62e-01 1.78e-02 1.31e-04 6.65e-06 0.00e+00 0.00e+00 0.00e+00 0.00e+00 0.00e+00 0.00e+00
 Titanium   0  7.27e-06 8.49e-02 5.70e-01 3.30e-01 1.45e-02 6.38e-05 3.57e-06 0.00e+00 0.00e+00 0.00e+00 0.00e+00 0.00e+00 0.00e+00
 Vanadium   0  1.60e-05 4.85e-02 8.02e-01 1.12e-01 3.64e-02 2.45e-04 3.40e-06 0.00e+00 0.00e+00 0.00e+00 0.00e+00 0.00e+00 0.00e+00
 Chromium   0  4.48e-06 2.17e-02 9.03e-01 6.11e-02 1.42e-02 2.69e-04 9.82e-06 0.00e+00 0.00e+00 0.00e+00 0.00e+00 0.00e+00 0.00e+00
 Manganese  0  6.99e-06 5.66e-02 8.80e-01 4.72e-02 1.61e-02 5.03e-04 1.01e-05 0.00e+00 0.00e+00 0.00e+00 0.00e+00 0.00e+00 0.00e+00
 Iron       0  2.03e-05 5.77e-02 7.50e-01 1.83e-01 8.73e-03 5.55e-04 6.92e-06 0.00e+00 0.00e+00 0.00e+00 0.00e+00 0.00e+00 0.00e+00
 Cobalt     0  9.81e-04 3.75e-01 5.05e-01 9.73e-02 2.17e-02 4.57e-04 2.08e-05 0.00e+00 0.00e+00 0.00e+00 0.00e+00 0.00e+00 0.00e+00
 Nickel     0  8.78e-05 4.34e-01 5.19e-01 4.17e-02 5.11e-03 2.16e-04 7.27e-06 0.00e+00 0.00e+00 0.00e+00 0.00e+00 0.00e+00 0.00e+00
 Copper     0  4.25e-05 5.11e-02 8.77e-01 6.90e-02 2.56e-03 2.36e-04 6.17e-06 0.00e+00 0.00e+00 0.00e+00 0.00e+00 0.00e+00 0.00e+00
 Zinc       0  1.46e-04 3.31e-02 3.54e-01 4.74e-01 1.37e-01 2.23e-03 7.02e-05 2.67e-06 0.00e+00 0.00e+00 0.00e+00 0.00e+00 0.00e+00
 ####553  Te:8.036E+00 Hden:9.873E+00 Ne:5.432E-06 R:3.152E+23 R-R0:3.121E+23 dR:1.960E+21 NTR:  4 Htot:7.249E-33 T912: 1.26e+08###
 Hydrogen      9.99e-01 1.77e-07 H+o/Hden 9.99e-01 6.79e-15 H-    H2 2.85e-04 2.13e-16 H2+ HeH+ 1.35e-15 Ho+ ColD 9.96e+24 2.79e+20
 Helium        1.00e+00 1.35e-09 3.83e-19 HeI 2s3S 6.60e-21 Comp H,C 1.89e-39 5.59e-43 Fill Fac 1.00e+00 Gam1/tot 1.53e-02
 He singlet n  1.00e+00 1.36e-25 2.56e-30 9.26e-33 9.20e-32 1.14e-33 He tripl 6.60e-21 3.36e-32 5.20e-34 5.37e-33 2.06e-33
 Pressure      NgasTgas 8.72e+01 P(total) 1.20e-14 P( gas ) 1.20e-14 P(Radtn) 2.74e-20 Rad accl 3.78e-12 ForceMul 2.54e+10
 Texc(La)      2.88e+03 T(I con) 4.44e-01 T(D con) 5.41e-01 T(U tot) 5.94e-01 nT (c+d) 2.38e+05 Prad/Gas 2.28e-06 Pmag/Gas 0.00e+00
 Molecules     CH/Ctot: 1.39e-08 CH+/Ctot 2.26e-08 CO/Ctot: 9.71e-07 CO+/Ctot 9.14e-11 H2O/Otot 3.62e-07 OH/Ototl 1.46e-05
 Lithium       4.95e-06 1.00e+00 5.56e-15 0.00e+00 Berylliu 1.17e-04 1.00e+00 3.17e-10 0.00e+00 0.00e+00 sec ion: 2.83e-23
 Boron         1.70e-05 1.00e+00 0.00e+00 0.00e+00 0.00e+00 0.00e+00
 Carbon        1.22e-03 9.99e-01 4.53e-12 0.00e+00 0.00e+00 0.00e+00 0.00e+00 H2O+/O   1.82e-08 OH+/Otot 5.52e-08 Hex(tot) 0.00e+00
 Nitrogen      1.00e+00 2.64e-11 8.36e-15 0.00e+00 0.00e+00 0.00e+00 0.00e+00 0.00e+00 O2/Ototl 8.10e-11 O2+/Otot 1.70e-11
 Oxygen        1.00e+00 3.34e-14 7.95e-15 0.00e+00 0.00e+00 0.00e+00 0.00e+00 0.00e+00 0.00e+00
 Fluorine      1.00e+00 1.86e-07 7.95e-10 0.00e+00 0.00e+00 0.00e+00 0.00e+00 0.00e+00 0.00e+00 0.00e+00
 Neon          1.00e+00 6.98e-07 9.64e-10 0.00e+00 0.00e+00 0.00e+00 0.00e+00 0.00e+00 0.00e+00 0.00e+00 0.00e+00
 Sodium        2.95e-04 1.00e+00 1.93e-09 0.00e+00 0.00e+00 0.00e+00 0.00e+00 0.00e+00 0.00e+00 0.00e+00 0.00e+00 0.00e+00
 Magnesium     3.67e-04 1.00e+00 3.05e-10 0.00e+00 0.00e+00 0.00e+00 0.00e+00 0.00e+00 0.00e+00 0.00e+00 0.00e+00 0.00e+00 0.00e+00
 Aluminium  0  3.65e-07 1.00e+00 3.41e-09 0.00e+00 0.00e+00 0.00e+00 0.00e+00 0.00e+00 0.00e+00 0.00e+00 0.00e+00 0.00e+00 0.00e+00
 Silicon    0  1.50e-05 1.00e+00 1.41e-14 0.00e+00 0.00e+00 0.00e+00 0.00e+00 0.00e+00 0.00e+00 0.00e+00 0.00e+00 0.00e+00 0.00e+00
 Phosphorus 0  3.85e-04 1.00e+00 5.83e-08 0.00e+00 0.00e+00 0.00e+00 0.00e+00 0.00e+00 0.00e+00 0.00e+00 0.00e+00 0.00e+00 0.00e+00
 Sulphur    0  1.30e-04 1.00e+00 1.46e-10 0.00e+00 0.00e+00 0.00e+00 0.00e+00 0.00e+00 0.00e+00 0.00e+00 0.00e+00 0.00e+00 0.00e+00
 Chlorine   0  7.07e-01 2.13e-01 7.11e-09 0.00e+00 0.00e+00 0.00e+00 0.00e+00 0.00e+00 0.00e+00 0.00e+00 0.00e+00 0.00e+00 0.00e+00
 Argon      0  1.00e+00 3.79e-10 6.94e-12 0.00e+00 0.00e+00 0.00e+00 0.00e+00 0.00e+00 0.00e+00 0.00e+00 0.00e+00 0.00e+00 0.00e+00
 Potassium  0  1.59e-05 1.00e+00 1.11e-08 0.00e+00 0.00e+00 0.00e+00 0.00e+00 0.00e+00 0.00e+00 0.00e+00 0.00e+00 0.00e+00 0.00e+00
 Calcium    0  5.48e-07 8.09e-02 9.19e-01 0.00e+00 0.00e+00 0.00e+00 0.00e+00 0.00e+00 0.00e+00 0.00e+00 0.00e+00 0.00e+00 0.00e+00
 Scandium   0  5.99e-05 5.42e-01 4.58e-01 0.00e+00 0.00e+00 0.00e+00 0.00e+00 0.00e+00 0.00e+00 0.00e+00 0.00e+00 0.00e+00 0.00e+00
 Titanium   0  5.79e-05 9.96e-01 4.27e-03 0.00e+00 0.00e+00 0.00e+00 0.00e+00 0.00e+00 0.00e+00 0.00e+00 0.00e+00 0.00e+00 0.00e+00
 Vanadium   0  1.64e-04 1.00e+00 3.84e-09 0.00e+00 0.00e+00 0.00e+00 0.00e+00 0.00e+00 0.00e+00 0.00e+00 0.00e+00 0.00e+00 0.00e+00
 Chromium   0  4.52e-05 1.00e+00 9.95e-13 0.00e+00 0.00e+00 0.00e+00 0.00e+00 0.00e+00 0.00e+00 0.00e+00 0.00e+00 0.00e+00 0.00e+00
 Manganese  0  8.37e-04 9.99e-01 3.36e-13 0.00e+00 0.00e+00 0.00e+00 0.00e+00 0.00e+00 0.00e+00 0.00e+00 0.00e+00 0.00e+00 0.00e+00
 Iron       0  1.68e-04 1.00e+00 6.43e-14 0.00e+00 0.00e+00 0.00e+00 0.00e+00 0.00e+00 0.00e+00 0.00e+00 0.00e+00 0.00e+00 0.00e+00
 Cobalt     0  1.11e-03 9.99e-01 0.00e+00 0.00e+00 0.00e+00 0.00e+00 0.00e+00 0.00e+00 0.00e+00 0.00e+00 0.00e+00 0.00e+00 0.00e+00
 Nickel     0  4.59e-04 1.00e+00 1.84e-13 0.00e+00 0.00e+00 0.00e+00 0.00e+00 0.00e+00 0.00e+00 0.00e+00 0.00e+00 0.00e+00 0.00e+00
 Copper     0  7.65e-04 9.99e-01 7.20e-09 0.00e+00 0.00e+00 0.00e+00 0.00e+00 0.00e+00 0.00e+00 0.00e+00 0.00e+00 0.00e+00 0.00e+00
 Zinc       0  3.05e-04 1.00e+00 0.00e+00 0.00e+00 0.00e+00 0.00e+00 0.00e+00 0.00e+00 0.00e+00 0.00e+00 0.00e+00 0.00e+00 0.00e+00
   CIV QSO  
   Calculation stopped because outer radius reached. Iteration 3 of 10, not converged due to He-like subord
   The geometry is spherical.
 C-Continuum zero at some energies.
 C-Thermal equilibrium timescale, 2.45e+18 s, longer than Hubble time; this cloud is not time-steady.
  !Bound Compton heating reached 59.74% of the local heating.
  !Background cosmic rays are not included - is this physical?  It affects the chemistry.
  !Ionization rate fell below background cosmic ray ionization rate.  Should this be added too?
  !   Use the COSMIC RAY BACKGROUND command.
  !Some input lines contained underscores, these were changed to spaces.
  !Suprathermal collisional ionization of H reached 98.49% of the local H ionization rate.
  !H2 vib deexec heating reached 32.01% of the local heating.
  !Charge transfer H => H+ reached 53.8% of the local H ionization rate.
  !Charge transfer heating reached 9.04% of the local heating.
  !AGE: Cloud age was not set.  Longest timescale was 2.45e+18 s = 7.77e+10 years.
  !The excitation temp of Lya exceeded the electron temp, largest value was 3.93e+03K (gas temp there was 5.75e+01K, zone 377)
  !Mutual neutralization production of H-alpha was significant.
  !The local H2 cooling rate reached 63.4% of the local cooling.
  !The CMB was not included.  This is added with the CMB command.
  !The optical depth in the H I 21 cm line is 2.51e+03
  !An ionization jump occurred elem Zn 4, by 152% from 1.80e-03 (zone 184) to 1.99e-03 (zone 185) to 3.03e-03 (zone 186)
  !The temperature varied by 13.5% between two zones
   Iteration not converged because He-like subord.
   Thermal collisional ionization of H reached 1.05% of the local ionization rate.
   Te-ne bounds of Case B lookup table exceeded, H I Case B line intensities set to zero.
   Te-ne bounds of Case B lookup table exceeded, He II Case B line intensities set to zero.
   The density is too low to l-mix the lowest H  I collapsed level.  More resolved levels are needed for accurate line ratios.
   The density is too low to l-mix the lowest He I collapsed level.  More resolved levels are needed for accurate line ratios.
   Non-collisional excitation of [O III] 4363 reached 0.12% of the total.
   Grains were not present but might survive in this environment (energy density temperature was 4.88e+00K)
   Cloud thicker than smallest Jeans length=1.69e+19cm; stability problems? (smallest Jeans mass=1.41e+02Mo)
   The local H2 photodissociation heating rate reached 1.1% of the total heating.
   The continuum optical depth at the lowest energy considered (3.045e-09 Ryd) was 1.028e+01.
   The optical depth to Rayleigh scattering at 1300A is 6.68e+01
   The fraction of Cl in HCl reached 1.98% at some point in the cloud.
   The fraction of Cl in HCl+ reached 4.41% at some point in the cloud.
   The fraction of Cl in H2Cl+ reached 1.62% at some point in the cloud.
   Is an outer radius of 3.16e+23 reasonable?

                       *********************************> Cloudy 17.03 <**********************************
                       * title CIV QSO                                                                   *
                       * set punch prefix "CIV_QSO"                                                      *
                       * radius = 21.500 23.500                                                          *
                       * iterate to convergence                                                          *
                       * sphere                                                                          *
                       * init "dlaw_HI_exp.ini"                                                          *
                       * table SED "QSO.sed"                                                             *
                       * nuL(nu) = 42.5 at 1 Ryd                                                         *
                       * stop temperature off                                                            *
                       * metals 0.001                                                                    *
                       * save last radius ".rad"                                                         *
                       * save last continuum ".cont"                                                     *
                       * save last physical conditions ".phy"                                            *
                       * save last overview ".ovr"                                                       *
                       * save last heating ".heat"                                                       *
                       * save last cooling ".cool"                                                       *
                       * save last optical depth ".opd"                                                  *
                       * save last element hydrogen ".ele_H"                                             *
                       * save last element helium ".ele_He"                                              *
                       * save last element carbon ".ele_C"                                               *
                       * save last element nitrogen ".ele_N"                                             *
                       * save last element oxygen ".ele_O"                                               *
                       * save last element argon ".ele_Ar"                                               *
                       * save last element neon ".ele_Ne"                                                *
                       * save last element sulphur ".ele_S"                                              *
                       * save last element chlorin ".ele_Cl"                                             *
                       * save last element iron ".ele_Fe"                                                *
                       * save last element silicon ".ele_Si"                                             *
                       * save last lines emissivity  ".emis"                                             *
                       * H  1  1215.67A                                                                  *
                       * H  1  1025.72A                                                                  *
                       * H  1  4861.33A                                                                  *
                       * H  1  6562.81A                                                                  *
                       * O  6  1031.91A                                                                  *
                       * O  6  1037.62A                                                                  *
                       * He 2  949.31A                                                                   *
                       * He 2  972.108A                                                                  *
                       * He 2  1025.27A                                                                  *
                       * He 2  1640.43A                                                                  *
                       * He 2  4859A                                                                     *
                       * He 2  4339A                                                                     *
                       * He 2  6527A                                                                     *
                       * He 2  6560A                                                                     *
                       * C  4  1550.78                                                                   *
                       * O  3  5006.84A                                                                  *
                       * N  5  1238.82                                                                   *
                       * N  5  1242.80                                                                   *
                       * c  4  1548.19                                                                   *
                       * c  4  1550.78                                                                   *
                       * mg 2  2795.53                                                                   *
                       * mg 2  2802.71                                                                   *
                       * end of lines                                                                    *
                       *********************************> Log(U): -3.52 <*********************************
                       >>>>>>>>>> Cautions are present.

                     Emission Line Spectrum.  Special Density Lw Model.  Closed geometry.  Iteration 3 of 10.
                                    Luminosity (erg/s) emitted by a shell with full coverage.


                                                   Intrinsic line intensities
general properties.............................      He 2                3644.36A   38.958    0.0068      Ca A                229.006A   38.623    0.0032
Inci                      0    43.207  121.2036      He 2                5694.36A   38.223    0.0013      Ca A                228.855A   38.536    0.0026
TotH                      0    42.285   14.4986      He 2                5694.36A   38.690    0.0037      Ca A                228.731A   38.455    0.0021
TotC                      0    42.285   14.4957      He 2                5694.36A   38.832    0.0051      Ca A                228.629A   38.378    0.0018
BFH1                      0    42.079    9.0326      He 2                5694.36A   38.750    0.0042      Ca A                228.543A   38.306    0.0015
BFHe                      0    41.837    5.1743      He 2                5694.36A   38.356    0.0017      Ca A                228.471A   38.238    0.0013
TotM                      0    39.575    0.0283      He 2                8199.90A   38.377    0.0018      Ca A                228.409A   38.173    0.0011
Cbnd                      0    40.132    0.1020      He 2                8199.90A   38.533    0.0026      Ca A                992.360A   39.057    0.0086
CT H                      0    40.166    0.1103      He 2                8199.90A   38.510    0.0024      Ca A                972.108A   38.877    0.0057
H FB                      0    41.084    0.9139      He 2                8199.90A   38.293    0.0015      Ca A                958.694A   38.722    0.0040
HFBc                      0    41.084    0.9139      He 2                1.11610m   38.283    0.0014      Ca A                949.324A   38.584    0.0029
H  1c                     0    42.195   11.7812      He 2                1.11610m   38.288    0.0015      Ca A                942.508A   38.461    0.0022
H  1h                     0    38.144    0.0010      He 2                1.11610m   38.146    0.0011      Ca A                937.389A   38.349    0.0017
He 1c                     0    39.398    0.0188      He 2                2.75608m   38.319    0.0016      Ca A                933.444A   38.246    0.0013
C  1c                     0    39.053    0.0085      He 2                3.27997m   38.207    0.0012      Ca A                930.337A   38.152    0.0011
C  2c                     0    40.602    0.3009      He 2                14.2360m   38.514    0.0025      Ca A                2385.35A   38.580    0.0029
C  3c                     0    38.132    0.0010      He 1                2599.69A   39.746    0.0420      Ca A                2306.15A   38.418    0.0020
Fe 2c                     0    39.526    0.0253      He 1                3120.85A   39.230    0.0128      Ca A                2252.64A   38.276    0.0014
Ne 2c                     0    38.825    0.0050      He 1                3421.00A   39.215    0.0123      Ca A                2214.62A   38.149    0.0011
Ne 3c                     0    38.205    0.0012      He 1                3420.88A   39.692    0.0370      Ca A                4541.46A   38.200    0.0012
O  1c                     0    39.940    0.0655      He 1                3420.88A   39.914    0.0617      Ca A                3.09074m   38.257    0.0014
O  2c                     0    39.085    0.0091      He 1                3678.70A   39.487    0.0231      Ca B                992.360A   39.204    0.0120
O  3c                     0    38.788    0.0046      He 1                6632.16A   38.862    0.0055      Ca B                972.108A   39.024    0.0080
S  2c                     0    38.937    0.0065      He 1                7435.20A   38.430    0.0020      Ca B                958.694A   38.868    0.0056
S  3c                     0    38.624    0.0032      He 1                7843.44A   39.449    0.0212      Ca B                949.324A   38.729    0.0040
Si 2c                     0    39.599    0.0299      He 1                8188.36A   39.192    0.0117      Ca B                942.508A   38.605    0.0030
Mg 2c                     0    38.730    0.0040      He 1                8190.64A   38.702    0.0038      Ca B                937.389A   38.493    0.0023
N  2c                     0    38.580    0.0029      He 1                8261.30A   38.827    0.0051      Ca B                933.444A   38.390    0.0018
continua.......................................      He 1                1.24779m   38.327    0.0016      Ca B                930.337A   38.294    0.0015
Bac                 3646.00A   42.079    9.0277      He 1                1.40934m   38.962    0.0069      Ca B                927.846A   38.206    0.0012
nFnu                3645.00A   42.341   16.5036      He 1                1.45602m   38.830    0.0051      Ca B                2385.35A   38.630    0.0032
nFnu                3647.00A   41.997    7.4759      He 1                1.45643m   38.336    0.0016      Ca B                2306.15A   38.469    0.0022
cout                3646.00A   42.079    9.0277      He 1                1.45759m   38.445    0.0021      Ca B                2252.64A   38.327    0.0016
thin                3646.00A   42.079    9.0366      He 1                1.46631m   38.365    0.0017      Ca B                2214.62A   38.201    0.0012
Inci                4860.00A   42.447   21.0554      He 1                2.21672m   38.604    0.0030      Ca B                4541.46A   38.223    0.0013
Inci                1215.00A   42.936   64.9619      He 1                2.27546m   38.513    0.0025      Ca B                3.09074m   38.263    0.0014
Ba C                      0    41.201    1.1959      He 1                2.27752m   38.274    0.0014      He 2                607.567A   41.029    0.8046
PA C                      0    40.776    0.4489      He 1                3.20640m   38.325    0.0016      He 2                303.784A   40.976    0.7118
FIR                 83.0000m   41.668    3.5020      He 1                3.27715m   38.251    0.0013      He 2                256.317A   38.169    0.0011
TIR                 1800.00m   39.200    0.0119      He 1                4.46460m   38.693    0.0037      He 2                228.203A   38.665    0.0035
NIRa                2.85000m   42.774   44.7175      He 1                5.83132m   38.522    0.0025      He 2                1640.43A   40.504    0.2400
NIRb                3.00000m   42.377   17.9216      He 1                7.38026m   38.371    0.0018      He 2                1215.13A   40.037    0.0819
MIRa                15.0000m   42.412   19.4233      He 1                9.11143m   38.235    0.0013      He 2                1084.94A   39.702    0.0379
MIRb                22.5000m   42.487   23.0929      He 1                61.5933m   38.237    0.0013      He 2                1025.27A   39.443    0.0209
NMIR                21.7500m   42.774   44.7175      grains.........................................      He 2                992.360A   39.233    0.0129
TFIR                611.250m   40.612    0.3077      H-like iso-sequence............................      He 2                972.108A   39.055    0.0086
TALL                10000.0A   43.562  274.3105      Cool                1215.67A   41.969    7.0090      He 2                958.694A   38.902    0.0060
F12                 12.0000m   41.969    7.0123      Crst                960.000A   41.802    4.7722      He 2                949.324A   38.767    0.0044
F25                 25.0000m   41.754    4.2698      LA X                1215.67A   41.195    1.1791      He 2                942.508A   38.878    0.0057
F60                 60.0000m   41.589    2.9242      CION                      0    40.110    0.0970      He 2                937.389A   38.781    0.0045
F100                100.000m   40.443    0.2089      Q(H)                4861.33A   40.604    0.3023      He 2                933.444A   38.693    0.0037
MIPS                24.0000m   41.458    2.1620      Q(H)                1215.67A   42.145   10.5053      He 2                930.337A   38.611    0.0031
MIPS                70.0000m   41.040    0.8260      CaBo                4861.33A   40.652    0.3373      He 2                927.846A   38.536    0.0026
MIPS                160.000m   40.584    0.2887      CaBo                1640.00A   40.530    0.2552      He 2                925.817A   38.466    0.0022
IRAC                3.60000m   41.578    2.8493      CaBo                4685.64A   39.679    0.0359      He 2                924.142A   38.401    0.0019
IRAC                4.50000m   41.616    3.1092      Ca A                937.804A   40.395    0.1867      He 2                922.743A   38.341    0.0017
IRAC                5.80000m   41.647    3.3345      Ca A                930.748A   40.192    0.1171      He 2                921.562A   38.287    0.0015
IRAC                8.00000m   41.801    4.7646      Ca A                926.226A   40.018    0.0784      He 2                920.556A   38.239    0.0013
SPR1                250.000m   38.470    0.0022      Ca A                923.150A   39.865    0.0551      He 2                919.693A   38.199    0.0012
SPR2                350.000m   38.439    0.0021      Ca A                920.963A   39.728    0.0402      He 2                918.945A   38.171    0.0011
SPR3                500.000m   38.340    0.0016      Ca A                919.351A   39.605    0.0303      He 2                918.295A   38.163    0.0011
PAC1                70.0000m   41.095    0.9359      Ca A                918.129A   39.492    0.0234      He 2                917.724A   38.207    0.0012
PAC2                100.000m   40.397    0.1876      Ca A                917.181A   39.389    0.0184      He 2                917.221A   38.973    0.0071
PAC3                160.000m   40.587    0.2908      Ca A                916.429A   39.293    0.0148      He 2                4685.64A   39.609    0.0306
PAH                 3.30000m   40.723    0.3979      Ca A                915.824A   39.204    0.0120      He 2                3203.04A   39.291    0.0147
PAHC                3.23000m   40.428    0.2016      Ca A                915.329A   39.121    0.0099      He 2                2733.24A   39.030    0.0081
PAHC                3.37000m   40.412    0.1945      Ca A                914.919A   39.043    0.0083      He 2                2511.15A   38.816    0.0049
PAH                 6.20000m   41.163    1.0960      Ca A                914.576A   38.970    0.0070      He 2                2385.35A   38.635    0.0032
PAHC                5.65000m   41.200    1.1933      Ca A                914.286A   38.902    0.0060      He 2                2306.15A   38.478    0.0023
PAH                 7.90000m   41.351    1.6875      Ca A                914.039A   38.837    0.0052      He 2                2252.64A   38.340    0.0016
PAHC                6.90000m   41.414    1.9525      Ca A                913.826A   38.776    0.0045      He 2                2214.62A   38.363    0.0017
PAH                 11.3000m   40.763    0.4357      Ca A                913.641A   38.719    0.0039      He 2                2186.56A   38.267    0.0014
PAHC                10.9000m   40.784    0.4580      Ca A                913.480A   38.665    0.0035      He 2                2165.20A   38.178    0.0011
PAH                 11.8000m   40.976    0.7128      Ca A                913.339A   38.615    0.0031      He 2                2079.84A   38.460    0.0022
PAHC                12.6500m   40.950    0.6701      Ca A                3970.07A   39.676    0.0357      He 2                1.01233m   38.988    0.0073
PAH                 13.3000m   40.976    0.7117      Ca A                3889.05A   39.498    0.0237      He 2                6559.91A   38.754    0.0043
PAHC                14.1000m   40.944    0.6613      Ca A                3835.38A   39.343    0.0166      He 2                5411.37A   38.542    0.0026
Bcon                3640.00A   43.436  205.2969      Ca A                3797.89A   39.205    0.0121      He 2                4859.18A   38.359    0.0017
Pcon                5000.00A   42.386   18.2994      Ca A                3770.63A   39.080    0.0091      He 2                4541.46A   38.200    0.0012
O3bn                5007.00A   40.744    0.4169      Ca A                3750.15A   38.967    0.0070      He 2                1.86362m   38.483    0.0023
HX                  4.70000A   38.519    0.0025      Ca A                3734.36A   38.863    0.0055      He 2                1.16260m   38.308    0.0015
HFFc                      0    41.034    0.8139      Ca A                3721.93A   38.767    0.0044      He 2                9344.62A   38.132    0.0010
H FF                      0    40.961    0.6872      Ca A                3711.97A   38.677    0.0036      He-like iso-sequence...........................
HeFF                      0    40.088    0.0921      Ca A                3703.85A   38.594    0.0030      He 1                1202.81A   40.779    0.4522
ToFF                      0    41.015    0.7793      Ca A                3697.15A   38.515    0.0025      He 1                584.334A   39.584    0.0289
nFnu                122.400m   39.218    0.0124      Ca A                3691.55A   38.441    0.0021      He 1                537.030A   38.630    0.0032
nFnu                60.8322m   39.464    0.0219      Ca A                3686.83A   38.371    0.0018      He 1                522.213A   38.487    0.0023
nInu                60.8322m   41.683    3.6249      Ca A                3682.80A   38.305    0.0015      He 1                515.617A   38.415    0.0020
nFnu                41.2152m   39.612    0.0308      Ca A                3679.35A   38.242    0.0013      He 1                512.099A   38.370    0.0018
nInu                41.2152m   41.906    6.0607      Ca A                3676.36A   38.182    0.0011      He 1                625.563A   41.358    1.7163
nFnu                30.8695m   39.714    0.0390      Ca A                3673.75A   38.124    0.0010      He 1                504.672A   38.583    0.0029
nInu                30.8695m   42.018    7.8466      Ca A                9545.93A   39.126    0.0101      TOTL                1.08303m   40.062    0.0869
nFnu                24.7829m   39.793    0.0468      Ca A                9228.97A   38.968    0.0070      He 1                1.08303m   40.062    0.0869
nInu                24.7829m   42.077    8.9947      Ca A                9014.87A   38.829    0.0051      He 1                3888.63A   39.733    0.0407
nFnu                24.2998m   39.800    0.0475      Ca A                8862.74A   38.703    0.0038      He 1                3187.74A   39.320    0.0157
nInu                24.2998m   42.086    9.1764      Ca A                8750.43A   38.589    0.0029      He 1                2945.10A   38.990    0.0073
nFnu                22.8302m   39.825    0.0503      Ca A                8664.98A   38.484    0.0023      He 1                2829.08A   38.725    0.0040
nInu                22.8302m   42.103    9.5459      Ca A                8598.35A   38.387    0.0018      He 1                2.05813m   38.900    0.0060
nFnu                21.4199m   39.844    0.0526      Ca A                8545.34A   38.297    0.0015      He 1                5015.68A   39.153    0.0107
nInu                21.4199m   42.117    9.8530      Ca A                8502.44A   38.213    0.0012      He 1                3964.73A   38.746    0.0042
nFnu                21.1235m   39.850    0.0533      Ca A                8467.21A   38.134    0.0010      He 1                3613.64A   38.430    0.0020
nInu                21.1235m   42.121    9.9355      Ca A                1.81740m   38.687    0.0037      He 1                3447.59A   38.180    0.0011
nFnu                19.6199m   39.879    0.0569      Ca A                1.73620m   38.545    0.0026      He 1                7065.22A   39.110    0.0097
nInu                19.6199m   42.127   10.0719      Ca A                1.68064m   38.418    0.0020      He 1                5875.64A   39.726    0.0400
nFnu                17.6534m   39.923    0.0630      Ca A                1.64071m   38.303    0.0015      He 1                4713.03A   38.370    0.0018
nInu                17.6534m   42.149   10.6059      Ca A                1.61092m   38.198    0.0012      He 1                4471.49A   39.299    0.0150
nFnu                17.3700m   39.924    0.0632      Ca A                3.03835m   38.316    0.0016      He 1                4026.20A   38.974    0.0071
nInu                17.3700m   42.153   10.6946      Ca A                2.87219m   38.188    0.0012      He 1                3819.61A   38.712    0.0039
nFnu                15.6901m   39.957    0.0681      Ca A                12.3684m   38.580    0.0029      He 1                3704.76A   38.742    0.0042
nInu                15.6901m   42.165   11.0052      Ca A                7.50038m   38.420    0.0020      He 1                3634.08A   38.574    0.0028
nFnu                14.6036m   39.985    0.0728      Ca A                5.90655m   38.263    0.0014      He 1                3587.16A   38.428    0.0020
nInu                14.6036m   42.180   11.3972      Ca A                19.0565m   38.218    0.0012      He 1                3554.34A   38.299    0.0015
nFnu                12.4300m   40.047    0.0838      Ca B                3970.07A   39.845    0.0527      He 1                3530.43A   38.182    0.0011
nInu                12.4300m   42.196   11.8104      Ca B                3889.05A   39.665    0.0348      He 1                3439.99A   38.186    0.0012
nFnu                11.4000m   40.075    0.0894      Ca B                3835.38A   39.508    0.0242      He 1                7281.35A   38.553    0.0027
nInu                11.4000m   42.205   12.0526      Ca B                3797.89A   39.368    0.0176      He 1                6678.15A   39.171    0.0112
nFnu                10.4600m   40.111    0.0973      Ca B                3770.63A   39.242    0.0131      He 1                4921.93A   38.726    0.0040
nInu                10.4600m   42.214   12.3283      Ca B                3750.15A   39.128    0.0101      He 1                4387.93A   38.398    0.0019
nFnu                9.48002m   40.143    0.1046      Ca B                3734.36A   39.023    0.0079      He 1                4143.76A   38.142    0.0010
nInu                9.48002m   42.224   12.6156      Ca B                3721.93A   38.926    0.0063      He 1                1.70027m   38.216    0.0012
nFnu                9.32488m   40.149    0.1060      Ca B                3711.97A   38.836    0.0052      He 1                1.86854m   38.778    0.0045
nInu                9.32488m   42.228   12.7205      Ca B                3703.85A   38.752    0.0042      He 1                1.27849m   38.444    0.0021
nFnu                8.21035m   40.200    0.1191      Ca B                3697.15A   38.673    0.0035      He 1                1.09130m   38.176    0.0011
nInu                8.21035m   42.234   12.9094      Ca B                3691.55A   38.598    0.0030      He 1                1.86972m   38.301    0.0015
nFnu                7.58000m   40.226    0.1266      Ca B                3686.83A   38.528    0.0025      Ca B                2945.10A   38.996    0.0075
nInu                7.58000m   42.243   13.1637      Ca B                3682.80A   38.462    0.0022      Ca B                3187.74A   39.314    0.0155
nFnu                7.05026m   40.263    0.1380      Ca B                3679.35A   38.399    0.0019      Ca B                3613.64A   38.401    0.0019
nInu                7.05026m   42.244   13.2102      Ca B                3676.36A   38.339    0.0016      Ca B                3888.63A   39.708    0.0385
nFnu                4.11370m   40.481    0.2277      Ca B                3673.75A   38.282    0.0014      Ca B                3964.73A   38.709    0.0039
nInu                4.11370m   42.243   13.1604      Ca B                3671.47A   38.228    0.0013      Ca B                4026.20A   39.004    0.0076
nFnu                2.32440m   40.714    0.3892      Ca B                9545.93A   39.193    0.0117      Ca B                4387.93A   38.427    0.0020
nInu                2.32440m   42.159   10.8519      Ca B                9228.97A   39.036    0.0082      Ca B                4471.49A   39.324    0.0159
nFnu                1.64313m   41.799    4.7399      Ca B                9014.87A   38.896    0.0059      Ca B                4713.03A   38.395    0.0019
nInu                1.64313m   42.004    7.5899      Ca B                8862.74A   38.770    0.0044      Ca B                4921.93A   38.755    0.0043
nFnu                1.48022m   40.961    0.6879      Ca B                8750.43A   38.656    0.0034      Ca B                5015.68A   39.106    0.0096
nInu                1.48022m   41.971    7.0384      Ca B                8664.98A   38.551    0.0027      Ca B                5875.64A   39.759    0.0432
nFnu                1.43649m   41.077    0.8995      Ca B                8598.35A   38.454    0.0021      Ca B                6678.15A   39.212    0.0123
nInu                1.43649m   41.964    6.9317      Ca B                8545.34A   38.364    0.0017      Ca B                7065.22A   39.055    0.0085
nFnu                1.11867m   41.173    1.1214      Ca B                8502.44A   38.280    0.0014      Ca B                7281.35A   38.527    0.0025
nInu                1.11867m   41.957    6.8160      Ca B                8467.21A   38.201    0.0012      Ca B                1.08303m   40.090    0.0925
nFnu                8329.68A   41.335    1.6267      Ca B                8437.91A   38.127    0.0010      Ca B                1.27849m   38.495    0.0024
nInu                8329.68A   42.021    7.9011      Ca B                1.81740m   38.723    0.0040      Ca B                1.70027m   38.174    0.0011
nFnu                8078.61A   41.505    2.4077      Ca B                1.73620m   38.582    0.0029      Ca B                1.86854m   38.862    0.0055
nInu                8078.61A   42.024    7.9540      Ca B                1.68064m   38.456    0.0021      Ca B                1.86972m   38.389    0.0018
nFnu                6209.66A   41.623    3.1581      Ca B                1.64071m   38.341    0.0016      Ca B                2.05813m   39.165    0.0110
nInu                6209.66A   42.086    9.1678      Ca B                1.61092m   38.235    0.0013      Pho+                3889.00A   40.445    0.2098
nFnu                4885.36A   41.772    4.4559      Ca B                1.58804m   38.138    0.0010      extra Lyman....................................
nInu                4885.36A   42.347   16.7372      Ca B                3.03835m   38.339    0.0016      database lines.................................
nFnu                3704.34A   41.980    7.1833      Ca B                2.87219m   38.212    0.0012      Ar 1                1048.22A   38.454    0.0021
nInu                3704.34A   42.264   13.8127      Ca B                12.3684m   38.593    0.0029      C  1                609.590m   39.035    0.0082
nFnu                3587.67A   42.212   12.2736      Ca B                7.50038m   38.433    0.0020      C  2                1037.02A   39.605    0.0303
nInu                3587.67A   42.280   14.3461      Ca B                5.90655m   38.278    0.0014      C  2                1334.53A   38.208    0.0012
nFnu                2430.05A   42.380   18.0513      Ca B                5.12722m   38.138    0.0010      C  2                1335.66A   39.434    0.0205
nInu                2430.05A   42.403   19.0362      Ca B                19.0565m   38.230    0.0013      C  2                1335.71A   38.473    0.0022
nFnu                2392.03A   42.390   18.4756      H  1                2431.34A   42.515   24.6217      C  2                157.636m   40.600    0.2994
nInu                2392.03A   42.389   18.4298      H  1                1215.67A   43.328  159.9857      C  3                977.020A   38.130    0.0010
nFnu                2071.34A   42.484   22.9206      H  1                1025.72A   38.968    0.0070      Fe 2                25.9811m   38.687    0.0037
nInu                2071.34A   42.406   19.1618      H  1                972.537A   38.773    0.0045      Fe 2                5.33881m   38.965    0.0069
nFnu                2052.68A   42.492   23.3520      H  1                949.743A   38.696    0.0037      Fe 2                1.25668m   38.770    0.0044
nInu                2052.68A   42.396   18.7481      H  1                937.804A   38.625    0.0032      Fe 2                2382.04A   38.317    0.0016
nFnu                1793.44A   42.579   28.5697      H  1                930.748A   38.580    0.0029      Fe 2                1.32055m   38.194    0.0012
nInu                1793.44A   42.424   19.9588      H  1                926.226A   38.545    0.0026      Fe 2                2625.67A   39.220    0.0125
nFnu                1585.12A   42.640   32.8793      H  1                923.150A   38.520    0.0025      Fe 2                2611.87A   38.760    0.0043
nInu                1585.12A   42.494   23.4533      H  1                920.963A   38.504    0.0024      Fe 2                2395.63A   38.834    0.0051
nFnu                1458.33A   42.650   33.6217      H  1                919.351A   38.266    0.0014      Fe 2                2364.83A   38.817    0.0049
nInu                1458.33A   42.435   20.4758      H  1                918.129A   38.254    0.0014      Fe 2                2631.32A   38.553    0.0027
nFnu                1356.96A   42.609   30.5913      H  1                917.181A   38.243    0.0013      Fe 2                2380.76A   38.688    0.0037
nInu                1356.96A   42.469   22.1821      H  1                916.429A   38.234    0.0013      Fe 2                1.64355m   38.698    0.0038
nFnu                1297.29A   42.498   23.7009      H  1                915.824A   38.226    0.0013      Fe 2                2493.29A   39.271    0.0140
nInu                1297.29A   42.497   23.6522      H  1                915.329A   38.218    0.0012      Fe 2                2755.74A   38.147    0.0011
nFnu                1262.79A   42.326   15.9266      H  1                914.919A   38.211    0.0012      Mg 1                2852.13A   38.239    0.0013
nInu                1262.79A   42.582   28.7285      H  1                914.576A   38.204    0.0012      N  1                1134.17A   38.491    0.0023
nFnu                1218.08A   40.826    0.5038      H  1                914.286A   38.199    0.0012      N  1                1134.41A   38.605    0.0030
nInu                1218.08A   42.927   63.6608      H  1                914.039A   38.196    0.0012      N  1                1134.98A   38.664    0.0035
nFnu                1196.33A   40.831    0.5100      H  1                913.826A   38.198    0.0012      N  1                1199.55A   39.413    0.0195
nInu                1196.33A   42.770   44.3267      H  1                913.641A   38.206    0.0012      N  1                1200.22A   39.341    0.0165
nFnu                1175.06A   40.838    0.5177      H  1                913.480A   38.231    0.0013      N  1                1200.71A   39.184    0.0115
nInu                1175.06A   42.613   30.8342      H  1                913.339A   38.300    0.0015      Ne 2                12.8101m   38.825    0.0050
nFnu                1143.64A   40.851    0.5345      H  1                913.215A   39.068    0.0088      O  1                1304.86A   39.176    0.0113
nInu                1143.64A   42.526   25.2625      H  1                6562.81A   41.697    3.7485      O  1                1306.03A   39.299    0.0150
nFnu                1113.22A   40.866    0.5526      H  1                4861.33A   41.123    1.0000      O  1                6300.30A   38.229    0.0013
nInu                1113.22A   42.517   24.7221      H  1                4340.46A   40.775    0.4481      O  1                63.1679m   39.897    0.0593
nFnu                1103.23A   40.870    0.5575      H  1                4101.73A   40.503    0.2398      O  1                145.495m   38.781    0.0045
nInu                1103.23A   42.504   24.0270      H  1                3970.07A   40.282    0.1442      O  2                3728.81A   38.829    0.0051
nFnu                1073.86A   40.871    0.5598      H  1                3889.05A   40.091    0.0928      O  2                3726.03A   38.684    0.0036
nInu                1073.86A   42.513   24.5210      H  1                3835.38A   39.928    0.0637      O  3                5006.84A   38.568    0.0028
nFnu                1064.34A   40.878    0.5682      H  1                3797.89A   39.786    0.0460      S  2                6730.82A   38.563    0.0028
nInu                1064.34A   42.517   24.7379      H  1                3770.63A   39.450    0.0212      S  2                6716.44A   38.688    0.0037
nFnu                1035.92A   40.895    0.5915      H  1                3750.15A   39.342    0.0165      S  2                1055.88A   38.166    0.0011
nInu                1035.92A   42.584   28.9081      H  1                3734.36A   39.244    0.0132      S  3                9530.62A   38.197    0.0012
nFnu                1000.00A   40.921    0.6272      H  1                3721.93A   39.154    0.0107      Si 2                34.8046m   39.598    0.0299
nInu                1000.00A   42.520   24.9060      H  1                3711.97A   39.073    0.0089      Si 2                1533.43A   39.478    0.0226
nFnu                925.144A   40.931    0.6413      H  1                3703.85A   38.998    0.0075      Si 2                1309.28A   39.190    0.0117
nInu                925.144A   42.444   20.9098      H  1                3697.15A   38.929    0.0064      Si 2                1265.00A   39.844    0.0525
RRC............................................      H  1                3691.55A   38.866    0.0055      Si 2                1197.39A   39.732    0.0406
H  1                3645.98A   40.807    0.4825      H  1                3686.83A   38.810    0.0049      Si 2                1194.50A   39.557    0.0271
H  1                3645.98A   41.132    1.0209      H  1                3682.80A   38.760    0.0043      Zn 2                2025.48A   38.175    0.0011
H  1                8203.53A   40.084    0.0913      H  1                3679.35A   38.718    0.0039      Al 2                1670.79A   39.505    0.0241
H  1                8203.53A   40.455    0.2144      H  1                3676.36A   38.688    0.0037      Mg 2                2802.71A   39.464    0.0219
H  1                8203.53A   40.323    0.1584      H  1                3673.75A   38.678    0.0036      Mg 2                2795.53A   39.637    0.0326
H  1                1.45841m   39.609    0.0306      H  1                3671.47A   38.718    0.0039      N  2                6583.45A   38.408    0.0019
H  1                1.45841m   39.985    0.0727      H  1                3669.46A   39.467    0.0221      level 1 lines..................................
H  1                1.45841m   39.958    0.0683      H  1                1.87510m   40.456    0.2151      recombination..................................
H  1                1.45841m   39.592    0.0294      H  1                1.28180m   40.143    0.1046      C  1                1657.00A   39.023    0.0079
H  1                2.27876m   39.261    0.0137      H  1                1.09380m   39.883    0.0575      level2 lines...................................
H  1                2.27876m   39.636    0.0325      H  1                1.00493m   39.670    0.0352      N  1                942.258A   38.488    0.0023
H  1                2.27876m   39.640    0.0329      H  1                9545.93A   39.484    0.0229      O  1                976.791A   38.944    0.0066
H  1                2.27876m   39.419    0.0198      H  1                9228.97A   39.324    0.0159      O  1                969.049A   38.531    0.0026
H  1                2.27876m   38.909    0.0061      H  1                9014.87A   39.184    0.0115      O  1                946.387A   38.287    0.0015
H  1                3.28142m   38.987    0.0073      H  1                8862.74A   38.952    0.0067      O  1                934.501A   38.194    0.0012
H  1                3.28142m   39.361    0.0173      H  1                8750.43A   38.844    0.0052      O  1                973.577A   38.273    0.0014
H  1                3.28142m   39.376    0.0179      H  1                8664.98A   38.745    0.0042      Si 2                1179.59A   39.891    0.0586
H  1                3.28142m   39.208    0.0121      H  1                8598.35A   38.655    0.0034      Si 2                993.354A   38.909    0.0061
H  1                3.28142m   38.868    0.0056      H  1                8545.34A   38.573    0.0028      Si 2                1024.03A   38.273    0.0014
H  1                3.28142m   38.265    0.0014      H  1                8502.44A   38.498    0.0024      P  2                967.202A   38.580    0.0029
H  1                4.46637m   38.763    0.0044      H  1                8467.21A   38.429    0.0020      P  2                963.828A   38.814    0.0049
H  1                4.46637m   39.134    0.0102      H  1                8437.91A   38.366    0.0017      Ti 2                3364.74A   38.142    0.0010
H  1                4.46637m   39.154    0.0107      H  1                8413.28A   38.310    0.0015      Cr 2                2059.78A   38.342    0.0017
H  1                4.46637m   39.010    0.0077      H  1                8392.35A   38.260    0.0014      Mn 2                1198.85A   38.382    0.0018
H  1                4.46637m   38.739    0.0041      H  1                8374.43A   38.219    0.0012      Ni 2                1751.83A   38.340    0.0016
H  1                4.46637m   38.326    0.0016      H  1                8358.96A   38.189    0.0012      Ni 2                1744.24A   38.575    0.0028
H  1                5.83363m   38.572    0.0028      H  1                8345.51A   38.180    0.0011      Ni 2                1472.74A   38.277    0.0014
H  1                5.83363m   38.942    0.0066      H  1                8333.74A   38.221    0.0013      Ni 2                1400.37A   38.206    0.0012
H  1                5.83363m   38.964    0.0069      H  1                8323.38A   38.973    0.0071      Ni 2                1375.73A   38.663    0.0035
H  1                5.83363m   38.832    0.0051      H  1                4.05113m   39.648    0.0334      Ni 2                1324.11A   38.533    0.0026
H  1                5.83363m   38.596    0.0030      H  1                2.62513m   39.438    0.0206      hyperfine structure............................
H  1                5.83363m   38.265    0.0014      H  1                2.16551m   39.240    0.0131      inner shell....................................
H  1                7.38319m   38.407    0.0019      H  1                1.94454m   39.063    0.0087      Ca 4                3.33246A   38.145    0.0011
H  1                7.38319m   38.775    0.0045      H  1                1.81740m   38.908    0.0061      Ca 4                3.32942A   38.447    0.0021
H  1                7.38319m   38.798    0.0047      H  1                1.73620m   38.770    0.0044      molecules......................................
H  1                7.38319m   38.673    0.0035      H  1                1.68064m   38.583    0.0029      H2 l                2.00000m   40.167    0.1105
H  1                7.38319m   38.457    0.0022      H  1                1.64071m   38.475    0.0022      H2dH                      0    38.552    0.0027
H  1                7.38319m   38.169    0.0011      H  1                1.61092m   38.376    0.0018      H2vH                      0    39.982    0.0721
H  1                9.11505m   38.261    0.0014      H  1                1.58804m   38.287    0.0015      H2 v                      0    40.592    0.2943
H  1                9.11505m   38.628    0.0032      H  1                1.57006m   38.205    0.0012      H-FB                      0    39.821    0.0498
H  1                9.11505m   38.652    0.0034      H  1                1.55563m   38.130    0.0010      H-FF                      0    39.663    0.0347
H  1                9.11505m   38.531    0.0026      H  1                1.49672m   38.606    0.0030      H-CT                6562.81A   39.209    0.0122
H  1                9.11505m   38.326    0.0016      H  1                7.45777m   39.078    0.0090      H- H                      0    39.992    0.0739
H  1                11.0292m   39.134    0.0103      H  1                4.65247m   38.919    0.0062      H2+                       0    39.488    0.0231
H  1                13.1257m   39.022    0.0079      H  1                3.73951m   38.754    0.0043      H2+p                      0    38.551    0.0027
H  1                15.4044m   38.919    0.0062      H  1                3.29607m   38.603    0.0030      HEH+                      0    38.597    0.0030
H  1                17.8655m   38.823    0.0050      H  1                3.03835m   38.468    0.0022      blends.........................................
H  1                20.5089m   38.733    0.0041      H  1                2.87219m   38.294    0.0015      Blnd                1304.00A   39.548    0.0266
H  1                23.3345m   38.650    0.0034      H  1                2.75749m   38.186    0.0012      Blnd                1039.00A   38.390    0.0018
H  1                26.3425m   38.571    0.0028      H  1                2.37371m   38.320    0.0016      Blnd                2798.00A   39.860    0.0546
H  1                29.5328m   38.497    0.0024      H  1                12.3684m   38.626    0.0032      Blnd                6720.00A   38.931    0.0064
H  1                32.9053m   38.427    0.0020      H  1                7.50038m   38.497    0.0024      Blnd                1256.00A   38.451    0.0021
H  1                36.4602m   38.360    0.0017      H  1                5.90655m   38.357    0.0017      Blnd                1657.00A   39.095    0.0094
H  1                40.1974m   38.297    0.0015      H  1                5.12722m   38.226    0.0013      C 1R                1656.00A   39.023    0.0079
H  1                44.1168m   38.237    0.0013      H  1                19.0565m   38.242    0.0013      Blnd                2326.00A   38.250    0.0013
H  1                48.2186m   38.179    0.0011      H  1                11.3055m   38.137    0.0010      Blnd                1335.00A   39.502    0.0239
H  1                52.5027m   38.124    0.0010      Ca A                234.347A   39.703    0.0380      Blnd                977.000A   38.130    0.0010
H  1                56.9691m   39.294    0.0148      Ca A                232.584A   39.502    0.0239      Blnd                5199.00A   38.296    0.0015
He 2                2049.88A   39.151    0.0107      Ca A                231.454A   39.331    0.0161      Blnd                6300.00A   38.349    0.0017
He 2                2049.88A   39.609    0.0306      Ca A                230.686A   39.181    0.0114      Blnd                3726.00A   38.684    0.0036
He 2                2049.88A   39.602    0.0301      Ca A                230.139A   39.048    0.0084      Blnd                3729.00A   38.829    0.0051
He 2                3644.36A   38.620    0.0031      Ca A                229.736A   38.927    0.0064      Blnd                3727.00A   39.064    0.0087
He 2                3644.36A   39.086    0.0092      Ca A                229.431A   38.817    0.0049      Blnd                5007.00A   38.693    0.0037
He 2                3644.36A   39.191    0.0117      Ca A                229.194A   38.717    0.0039

                                                    Emergent line intensities
general properties.............................      H  1                8413.28A   38.300    0.0015      He 1                4143.76A   38.135    0.0010
continua.......................................      H  1                8392.35A   38.251    0.0014      He 1                1.70027m   38.216    0.0013
FIR                 83.0000m   41.668    3.5577      H  1                8374.43A   38.209    0.0012      He 1                1.86854m   38.778    0.0046
TIR                 1800.00m   39.200    0.0121      H  1                8358.96A   38.179    0.0012      He 1                1.27849m   38.438    0.0021
NIRa                2.85000m   42.774   45.4288      H  1                8345.51A   38.170    0.0011      He 1                1.09130m   38.168    0.0011
NIRb                3.00000m   42.377   18.2067      H  1                8333.74A   38.211    0.0012      He 1                1.86972m   38.301    0.0015
MIRa                15.0000m   42.412   19.7323      H  1                8323.38A   38.964    0.0070      extra Lyman....................................
MIRb                22.5000m   42.487   23.4602      H  1                4.05113m   39.648    0.0340      database lines.................................
NMIR                21.7500m   42.774   45.4288      H  1                2.62513m   39.438    0.0210      Ar 1                1048.22A   38.397    0.0019
TFIR                611.250m   40.612    0.3125      H  1                2.16551m   39.240    0.0133      C  1                609.590m   39.035    0.0083
TALL                10000.0A   43.553  272.8281      H  1                1.94454m   39.063    0.0088      C  2                1037.02A   39.557    0.0276
F12                 12.0000m   41.969    7.1238      H  1                1.81740m   38.908    0.0062      C  2                1334.53A   38.205    0.0012
F25                 25.0000m   41.754    4.3377      H  1                1.73620m   38.770    0.0045      C  2                1335.66A   39.432    0.0207
F60                 60.0000m   41.589    2.9707      H  1                1.68064m   38.583    0.0029      C  2                1335.71A   38.470    0.0023
F100                100.000m   40.443    0.2122      H  1                1.64071m   38.475    0.0023      C  2                157.636m   40.600    0.3042
MIPS                24.0000m   41.458    2.1964      H  1                1.61092m   38.376    0.0018      Fe 2                25.9811m   38.687    0.0037
MIPS                70.0000m   41.040    0.8392      H  1                1.58804m   38.286    0.0015      Fe 2                5.33881m   38.965    0.0070
MIPS                160.000m   40.584    0.2933      H  1                1.57006m   38.204    0.0012      Fe 2                1.25668m   38.763    0.0044
IRAC                3.60000m   41.578    2.8946      H  1                1.55563m   38.129    0.0010      Fe 2                2382.04A   38.313    0.0016
IRAC                4.50000m   41.616    3.1587      H  1                1.49672m   38.604    0.0031      Fe 2                1.32055m   38.188    0.0012
IRAC                5.80000m   41.647    3.3875      H  1                7.45777m   39.078    0.0092      Fe 2                2625.67A   39.216    0.0126
IRAC                8.00000m   41.801    4.8404      H  1                4.65247m   38.919    0.0063      Fe 2                2611.87A   38.756    0.0044
SPR1                250.000m   38.470    0.0023      H  1                3.73951m   38.754    0.0043      Fe 2                2395.63A   38.830    0.0052
SPR2                350.000m   38.439    0.0021      H  1                3.29607m   38.603    0.0031      Fe 2                2364.83A   38.814    0.0050
SPR3                500.000m   38.340    0.0017      H  1                3.03835m   38.468    0.0022      Fe 2                2631.32A   38.549    0.0027
PAC1                70.0000m   41.095    0.9508      H  1                2.87219m   38.294    0.0015      Fe 2                2380.76A   38.685    0.0037
PAC2                100.000m   40.397    0.1906      H  1                2.75749m   38.186    0.0012      Fe 2                1.64355m   38.698    0.0038
PAC3                160.000m   40.587    0.2954      H  1                2.37371m   38.320    0.0016      Fe 2                2493.29A   39.267    0.0141
PAH                 3.30000m   40.723    0.4042      H  1                12.3684m   38.626    0.0032      Fe 2                2755.74A   38.142    0.0011
PAHC                3.23000m   40.428    0.2048      H  1                7.50038m   38.497    0.0024      Mg 1                2852.13A   38.234    0.0013
PAHC                3.37000m   40.412    0.1976      H  1                5.90655m   38.357    0.0017      N  1                1134.17A   38.487    0.0023
PAH                 6.20000m   41.163    1.1134      H  1                5.12722m   38.226    0.0013      N  1                1134.41A   38.602    0.0031
PAHC                5.65000m   41.200    1.2122      H  1                19.0565m   38.242    0.0013      N  1                1134.98A   38.660    0.0035
PAH                 7.90000m   41.351    1.7143      H  1                11.3055m   38.137    0.0010      N  1                1199.55A   39.410    0.0196
PAHC                6.90000m   41.414    1.9836      He 2                1640.43A   40.502    0.2426      N  1                1200.22A   39.338    0.0167
PAH                 11.3000m   40.763    0.4426      He 2                1215.13A   40.034    0.0827      N  1                1200.71A   39.181    0.0116
PAHC                10.9000m   40.784    0.4653      He 2                1084.94A   39.643    0.0336      Ne 2                12.8101m   38.825    0.0051
PAH                 11.8000m   40.976    0.7241      He 2                1025.27A   39.385    0.0186      O  1                1304.86A   39.173    0.0114
PAHC                12.6500m   40.950    0.6807      He 2                992.360A   39.176    0.0115      O  1                1306.03A   39.296    0.0151
PAH                 13.3000m   40.976    0.7230      He 2                972.108A   38.999    0.0076      O  1                6300.30A   38.220    0.0013
PAHC                14.1000m   40.944    0.6719      He 2                958.694A   38.846    0.0054      O  1                63.1679m   39.897    0.0603
Bcon                3640.00A   43.433  207.3898      He 2                949.324A   38.579    0.0029      O  1                145.495m   38.781    0.0046
Pcon                5000.00A   42.378   18.2692      He 2                942.508A   38.696    0.0038      O  2                3728.81A   38.824    0.0051
O3bn                5007.00A   40.736    0.4167      He 2                937.389A   38.601    0.0031      O  2                3726.03A   38.679    0.0036
HX                  4.70000A   38.218    0.0013      He 2                933.444A   38.514    0.0025      O  3                5006.84A   38.561    0.0028
RRC............................................      He 2                930.337A   38.434    0.0021      S  2                6730.82A   38.554    0.0027
grains.........................................      He 2                927.846A   38.360    0.0018      S  2                6716.44A   38.679    0.0037
H-like iso-sequence............................      He 2                925.817A   38.292    0.0015      S  3                9530.62A   38.187    0.0012
H  1                1215.67A   43.324  161.3614      He 2                924.142A   38.227    0.0013      Si 2                34.8046m   39.598    0.0303
H  1                1025.72A   38.910    0.0062      He 2                922.743A   38.169    0.0011      Si 2                1533.43A   39.475    0.0228
H  1                972.537A   38.717    0.0040      He 2                917.221A   38.804    0.0049      Si 2                1309.28A   39.187    0.0118
H  1                949.743A   38.509    0.0025      He 2                4685.64A   39.602    0.0306      Si 2                1265.00A   39.841    0.0530
H  1                937.804A   38.445    0.0021      He 2                3203.04A   39.287    0.0148      Si 2                1197.39A   39.729    0.0409
H  1                930.748A   38.404    0.0019      He 2                2733.24A   39.027    0.0081      Si 2                1194.50A   39.553    0.0273
H  1                926.226A   38.371    0.0018      He 2                2511.15A   38.813    0.0050      Zn 2                2025.48A   38.171    0.0011
H  1                923.150A   38.348    0.0017      He 2                2385.35A   38.632    0.0033      Al 2                1670.79A   39.502    0.0243
H  1                920.963A   38.332    0.0016      He 2                2306.15A   38.475    0.0023      Mg 2                2802.71A   39.459    0.0220
H  1                913.339A   38.133    0.0010      He 2                2252.64A   38.337    0.0017      Mg 2                2795.53A   39.632    0.0327
H  1                913.215A   38.901    0.0061      He 2                2214.62A   38.360    0.0017      N  2                6583.45A   38.399    0.0019
H  1                6562.81A   41.690    3.7415      He 2                2186.56A   38.264    0.0014      level 1 lines..................................
H  1                4861.33A   41.117    1.0000      He 2                2165.20A   38.175    0.0011      recombination..................................
H  1                4340.46A   40.768    0.4486      He 2                2079.84A   38.457    0.0022      level2 lines...................................
H  1                4101.73A   40.497    0.2402      He 2                1.01233m   38.979    0.0073      N  1                942.258A   38.303    0.0015
H  1                3970.07A   40.276    0.1445      He 2                6559.91A   38.745    0.0043      O  1                976.791A   38.884    0.0059
H  1                3889.05A   40.085    0.0930      He 2                5411.37A   38.534    0.0026      O  1                969.049A   38.472    0.0023
H  1                3835.38A   39.922    0.0638      He 2                4859.18A   38.352    0.0017      O  1                973.577A   38.214    0.0013
H  1                3797.89A   39.780    0.0461      He 2                4541.46A   38.193    0.0012      Si 2                1179.59A   39.887    0.0590
H  1                3770.63A   39.445    0.0213      He 2                1.86362m   38.483    0.0023      Si 2                993.354A   38.851    0.0054
H  1                3750.15A   39.336    0.0166      He 2                1.16260m   38.300    0.0015      Si 2                1024.03A   38.212    0.0012
H  1                3734.36A   39.238    0.0132      He 2                9344.62A   38.123    0.0010      P  2                967.202A   38.526    0.0026
H  1                3721.93A   39.149    0.0108      He-like iso-sequence...........................      P  2                963.828A   38.760    0.0044
H  1                3711.97A   39.067    0.0089      He 1                1.08303m   40.054    0.0866      Ti 2                3364.74A   38.135    0.0010
H  1                3703.85A   38.992    0.0075      He 1                3888.63A   39.727    0.0408      Cr 2                2059.78A   38.338    0.0017
H  1                3697.15A   38.924    0.0064      He 1                3187.74A   39.315    0.0158      Mn 2                1198.85A   38.379    0.0018
H  1                3691.55A   38.861    0.0055      He 1                2945.10A   38.985    0.0074      Ni 2                1751.83A   38.336    0.0017
H  1                3686.83A   38.804    0.0049      He 1                2829.08A   38.721    0.0040      Ni 2                1744.24A   38.572    0.0029
H  1                3682.80A   38.754    0.0043      He 1                2.05813m   38.900    0.0061      Ni 2                1472.74A   38.274    0.0014
H  1                3679.35A   38.713    0.0039      He 1                5015.68A   39.146    0.0107      Ni 2                1400.37A   38.202    0.0012
H  1                3676.36A   38.683    0.0037      He 1                3964.73A   38.740    0.0042      Ni 2                1375.73A   38.660    0.0035
H  1                3673.75A   38.673    0.0036      He 1                3613.64A   38.425    0.0020      Ni 2                1324.11A   38.530    0.0026
H  1                3671.47A   38.713    0.0039      He 1                3447.59A   38.175    0.0011      hyperfine structure............................
H  1                3669.46A   39.462    0.0221      He 1                7065.22A   39.101    0.0096      inner shell....................................
H  1                1.87510m   40.456    0.2185      He 1                5875.64A   39.718    0.0399      molecules......................................
H  1                1.28180m   40.137    0.1048      He 1                4713.03A   38.364    0.0018      blends.........................................
H  1                1.09380m   39.875    0.0573      He 1                4471.49A   39.293    0.0150      Blnd                1304.00A   39.545    0.0268
H  1                1.00493m   39.660    0.0350      He 1                4026.20A   38.968    0.0071      Blnd                1039.00A   38.335    0.0017
H  1                9545.93A   39.475    0.0228      He 1                3819.61A   38.707    0.0039      Blnd                2798.00A   39.855    0.0547
H  1                9228.97A   39.314    0.0158      He 1                3704.76A   38.737    0.0042      Blnd                6720.00A   38.922    0.0064
H  1                9014.87A   39.175    0.0114      He 1                3634.08A   38.569    0.0028      Blnd                1256.00A   38.448    0.0021
H  1                8862.74A   38.943    0.0067      He 1                3587.16A   38.423    0.0020      Blnd                1657.00A   39.093    0.0095
H  1                8750.43A   38.834    0.0052      He 1                3554.34A   38.294    0.0015      C 1R                1656.00A   39.021    0.0080
H  1                8664.98A   38.735    0.0042      He 1                3530.43A   38.177    0.0011      Blnd                1335.00A   39.500    0.0242
H  1                8598.35A   38.645    0.0034      He 1                3439.99A   38.181    0.0012      Blnd                6300.00A   38.340    0.0017
H  1                8545.34A   38.564    0.0028      He 1                7281.35A   38.544    0.0027      Blnd                3726.00A   38.679    0.0036
H  1                8502.44A   38.489    0.0024      He 1                6678.15A   39.162    0.0111      Blnd                3729.00A   38.824    0.0051
H  1                8467.21A   38.420    0.0020      He 1                4921.93A   38.719    0.0040      Blnd                5007.00A   38.686    0.0037
H  1                8437.91A   38.357    0.0017      He 1                4387.93A   38.392    0.0019



 CIV QSO  
 Cooling:  HFBc                      0 :0.063 H  1c                     0 :0.813 HFFc                      0 :0.056  
 Heating:  BFH1                      0 :0.623 BFHe                      0 :0.357  

 These are some of the most important databases used by Cloudy:
 Many recombination coefficients were taken from http://amdpp.phys.strath.ac.uk/tamoc/RR/ and http://amdpp.phys.strath.ac.uk/tamoc/DR/
      and are based on the following papers:
        Badnell N. R., et al., A&A 406, 1151 (2003) [http://adsabs.harvard.edu/abs/2003A%26A...406.1151B]
        Badnell N. R., ApJS 167, 334 (2006) [http://adsabs.harvard.edu/abs/2006ApJS..167..334B]
 Much of the molecular emission data is from LAMDA as accessed on June 30, 2015. This database is described in:
        Schoeier F.L., et al., A&A 432, 369 (2005) [http://adsabs.harvard.edu/abs/2005A%26A...432..369S]
      This database is in part based on the work of the following groups:
        JPL: Pickett H. M. et al., JQSRT, 60, 883 (1998). [http://adsabs.harvard.edu/abs/1998JQSRT..60..883P]
        CDMS: Mueller H. S. et al., A&A 370, L49 (2001). [http://adsabs.harvard.edu/abs/2001A%26A...370L..49M]
              Mueller H. S. et al., J. Mol. Struct. 742, 215 (2005). [http://adsabs.harvard.edu/abs/2005JMoSt.742..215M]
 Some of the ionic emission data is from version 7.1.4 of CHIANTI. CHIANTI is a collaborative project involving the NRL (USA), the
      Universities of Florence (Italy) and Cambridge (UK), and George Mason University (USA). These papers describe Chianti:
        Dere K. P., et al., A&AS, 125, 149 (1997) [http://adsabs.harvard.edu/abs/1997A%26AS..125..149D]
        Landi E., et al., ApJ, 744, 99 (2012) [http://adsabs.harvard.edu/abs/2012ApJ...744...99L]
 Much of the H_2 data is from this web site: http://molat.obspm.fr/index.php?page=pages/Molecules/H2/H2can94.php. These data are
      described in:
        Abgrall H. et al., Can. J. Phys., 72, 856 (1994) [http://adsabs.harvard.edu/abs/1994CaJPh..72..856A]
        Wrathmall S. A. & Flower D. R., J. Phys. B, 40, 3221 (2007) [http://adsabs.harvard.edu/abs/2007JPhB...40.3221W]
 The Case A and Case B recombination predictions for one-electron systems are from
	Storey, P.J. & Hummer, D.G., 1995, MNRAS 272, 41 http://adsabs.harvard.edu/abs/1995MNRAS.272...41S
 The He I recombination predictions are from
	Porter, R. L.; Ferland, G. J.; Storey, P. J.; Detisch, M. J., 2012, MNRAS, 425, 28p http://adsabs.harvard.edu/abs/2012MNRAS.425L..28P
		http://adsabs.harvard.edu/abs/2013MNRAS.433L..89P

 If you find some process or data set to be particularly critical to a result, please follow the trail of references back to the
 original source and cite that.  This will support and encourage atomic, molecular, and chemical physicists to continue their
 valuable work.

 IONIZE PARMET:  U(1-) -3.5203  U(4-): -4.5432  U(sp): -2.64  Q(ion):   46.434  L(ion) 39.306    Q(low): 55.677    L(low) 43.550
 ENERGY BUDGET:  Heat:  42.285  Coolg:  42.285  Error:  0.0%  Rec Lin:  42.537  F-F  H  0.000    P(rad/tot)max     4.67E-03    R(F Con):1.737e+05

     Col(Heff):      1.989E+24  snd travl time  1.24E+19 sec  Te-low: 8.04E+00  Te-hi: 1.44E+04  G0TH85: 1.39E+01  G0DB96:1.30E+01
  Emiss Measure    n(e)n(p) dl       3.486E+21  n(e)n(He+)dl         3.319E+20  En(e)n(He++) dl         3.592E+19  ne nC+:4.90E+15
 He/Ha:3.20E-02  =   0.32*true  Lthin:9.66E+02  itr/zn: 8.12  H2 itr/zn:  0.00  File Opacity: F  MassTot 5.48e+48  (gm)
   Temps(21 cm)   T(21cm/Ly a)  2.63E+03        T(<nH/Tkin>)  1.09E+01          T(<nH/Tspin>)    2.96E+03          TB21cm:2.96E+03
                   N(H0/Tspin)  3.37E+21        N(OH/Tkin)    3.50E+12          B(21cm)          0.00E+00
   <a>:1.15E-10  erdeFe1.9E+26  Tcompt5.90E+10  Tthr2.45E+18  <Tden>: 2.71E+01  <dens>:7.44E-23  <MolWgt>1.28E+00
     Mean Jeans  l(cm)5.99E+19  M(sun)1.30E+03  smallest:     len(cm):1.69E+19  M(sun):1.41E+02  a_ox tran: -9.89
 Rion:3.163E+21  Dist:0.00E+00  Diam:0.000E+00
 Hatom level 70  HatomType: add  HInducImp  F  He tot level: 63  He2 level:   70  ExecTime   881.2
 ConvrgError(%)  <eden>  0.050  MaxEden  0.903  <H-C>   0.09  Max(H-C)    0.50  <Press>   0.000  MaxPrs er  0.000
  Continuity(%)  chng Te  13.5  elec den   6.7  n(H2)    0.0  n(CO)        0.0

                                                        Averaged Quantities
             Te      Te(Ne)   Te(NeNp)  Te(NeHe+)Te(NeHe2+) Te(NeO+)  Te(NeO2+)  Te(H2)     N(H)     Ne(O2+)   Ne(Np)
 Radius:  1.66e+01  5.42e+03  1.30e+04  1.28e+04  1.37e+04  1.28e+04  1.39e+04  1.14e+01  3.18e+01  8.13e+01  1.25e+01
   Area:  8.89e+00  2.30e+03  1.30e+04  1.28e+04  1.37e+04  1.28e+04  1.39e+04  9.13e+00  2.18e+01  8.13e+01  6.13e+00
 Volume:  8.40e+00  1.27e+02  1.30e+04  1.28e+04  1.37e+04  1.28e+04  1.39e+04  8.58e+00  1.77e+01  8.12e+01  4.88e-01
 
 Peimbert T(OIIIr)1.24E+04 T(Bac)2.77E+04 T(Hth)0.00E+00 t2(Hstrc) 1.57e-02 T(O3-BAC)0.00E+00 t2(O3-BC) 0.00e+00 t2(O3str) 1.59e-03

 Contin Optical Depths: COMP: 1.99e-04    H-: 3.48e-03 R(1300): 6.68e+01  H2+: 1.27e-04  Bra:2.01E-04
                          Pa: 2.46e-04    Ba: 6.75e-03      Hb: 1.44e-02   La: 1.65e+05     1r:6.320E+07  1.8:1.96E+07 4.:2.939E+06

 Old, new H  1 continuum optical depths:
     1 6.32e+07     2 1.80e-03     3 3.53e-03     4 3.53e-03     5 3.53e-03     6 9.05e-04     7 9.05e-04     8 9.05e-04
     9 9.05e-04    10 1.08e-14    11 1.08e-14    12 1.08e-14    13 1.08e-14    14 1.08e-14    15 2.51e-14    16 2.51e-14
    17 2.51e-14    18 2.51e-14    19 2.51e-14    20 2.51e-14    21 5.20e-14    22 5.20e-14    23 5.20e-14    24 5.20e-14
    25 5.20e-14    26 5.20e-14    27 5.20e-14    28 9.88e-14    29 9.88e-14    30 9.88e-14    31 9.88e-14    32 9.88e-14
    33 9.88e-14    34 9.88e-14    35 9.88e-14    36 1.76e-13    37 1.76e-13    38 1.76e-13    39 1.76e-13    40 1.76e-13
    41 1.76e-13    42 1.76e-13    43 1.76e-13    44 1.76e-13    45 2.95e-13    46 2.95e-13    47 2.95e-13    48 2.95e-13
    49 2.95e-13    50 2.95e-13    51 2.95e-13    52 2.95e-13    53 2.95e-13    54 2.95e-13
     1 6.32e+07     2 1.80e-03     3 3.53e-03     4 3.53e-03     5 3.53e-03     6 9.05e-04     7 9.05e-04     8 9.05e-04
     9 9.05e-04    10 1.08e-14    11 1.08e-14    12 1.08e-14    13 1.08e-14    14 1.08e-14    15 2.51e-14    16 2.51e-14
    17 2.51e-14    18 2.51e-14    19 2.51e-14    20 2.51e-14    21 5.20e-14    22 5.20e-14    23 5.20e-14    24 5.20e-14
    25 5.20e-14    26 5.20e-14    27 5.20e-14    28 9.88e-14    29 9.88e-14    30 9.88e-14    31 9.88e-14    32 9.88e-14
    33 9.88e-14    34 9.88e-14    35 9.88e-14    36 1.76e-13    37 1.76e-13    38 1.76e-13    39 1.76e-13    40 1.76e-13
    41 1.76e-13    42 1.76e-13    43 1.76e-13    44 1.76e-13    45 2.95e-13    46 2.95e-13    47 2.95e-13    48 2.95e-13
    49 2.95e-13    50 2.95e-13    51 2.95e-13    52 2.95e-13    53 2.95e-13    54 2.95e-13

 Old, new H  1 mean line optical depths:
  2- 1 3.05e+13  3- 2 7.27e+00  4- 3 4.75e-02  5- 4 1.52e-10  6- 5 1.86e-10  7- 6 2.84e-10  8- 7 4.49e-10
  9- 8 6.94e-10 10- 9 1.05e-09 11-10 2.56e-09 12-11 5.71e-11 13-12 3.70e-11 14-13 1.45e-11 15-14 9.33e-12 16-15 5.93e-12
 17-16 3.40e-12 18-17 2.63e-12 19-18 1.71e-13 20-19 0.00e+00 21-20 0.00e+00 22-21 0.00e+00 23-22 0.00e+00 24-23 0.00e+00
 25-24 0.00e+00
  2- 1 3.05e+13  3- 2 7.27e+00  4- 3 4.77e-02  5- 4 1.48e-10  6- 5 1.84e-10  7- 6 2.83e-10  8- 7 4.48e-10
  9- 8 6.93e-10 10- 9 1.05e-09 11-10 2.56e-09 12-11 5.66e-11 13-12 3.68e-11 14-13 1.44e-11 15-14 9.31e-12 16-15 5.91e-12
 17-16 3.39e-12 18-17 2.62e-12 19-18 1.70e-13 20-19 0.00e+00 21-20 0.00e+00 22-21 0.00e+00 23-22 0.00e+00 24-23 0.00e+00
 25-24 0.00e+00

 Old, new He 2 continuum optical depths:
     1 2.94e+06     2 6.29e+07     3 8.66e-04     4 8.66e-04     5 8.66e-04     6 1.80e-03     7 1.80e-03     8 1.80e-03
     9 1.80e-03    10 2.86e-03    11 2.86e-03    12 2.86e-03    13 2.86e-03    14 2.86e-03    15 3.53e-03    16 3.53e-03
    17 3.53e-03    18 3.53e-03    19 3.53e-03    20 3.53e-03    21 2.95e-03    22 2.95e-03    23 2.95e-03    24 2.95e-03
    25 2.95e-03    26 2.95e-03    27 2.95e-03    28 9.05e-04    29 9.05e-04    30 9.05e-04    31 9.05e-04    32 9.05e-04
    33 9.05e-04    34 9.05e-04    35 9.05e-04    36 6.30e-15    37 6.30e-15    38 6.30e-15    39 6.30e-15    40 6.30e-15
    41 6.30e-15    42 6.30e-15    43 6.30e-15    44 6.30e-15    45 1.08e-14    46 1.08e-14    47 1.08e-14    48 1.08e-14
    49 1.08e-14    50 1.08e-14    51 1.08e-14    52 1.08e-14    53 1.08e-14    54 1.08e-14
     1 2.94e+06     2 6.29e+07     3 8.66e-04     4 8.66e-04     5 8.66e-04     6 1.80e-03     7 1.80e-03     8 1.80e-03
     9 1.80e-03    10 2.86e-03    11 2.86e-03    12 2.86e-03    13 2.86e-03    14 2.86e-03    15 3.53e-03    16 3.53e-03
    17 3.53e-03    18 3.53e-03    19 3.53e-03    20 3.53e-03    21 2.95e-03    22 2.95e-03    23 2.95e-03    24 2.95e-03
    25 2.95e-03    26 2.95e-03    27 2.95e-03    28 9.05e-04    29 9.05e-04    30 9.05e-04    31 9.05e-04    32 9.05e-04
    33 9.05e-04    34 9.05e-04    35 9.05e-04    36 6.30e-15    37 6.30e-15    38 6.30e-15    39 6.30e-15    40 6.30e-15
    41 6.30e-15    42 6.30e-15    43 6.30e-15    44 6.30e-15    45 1.08e-14    46 1.08e-14    47 1.08e-14    48 1.08e-14
    49 1.08e-14    50 1.08e-14    51 1.08e-14    52 1.08e-14    53 1.08e-14    54 1.08e-14

 Old, new He 2 mean line optical depths:
  2- 1 2.00e+06  3- 2 5.73e+00  4- 3 2.62e-01  5- 4 9.45e-02  6- 5 4.77e-02  7- 6 2.21e-02  8- 7 2.62e-13
  9- 8 5.18e-13 10- 9 9.45e-13 11-10 5.82e-12 12-11 0.00e+00 13-12 0.00e+00 14-13 0.00e+00 15-14 0.00e+00 16-15 0.00e+00
 17-16 0.00e+00 18-17 0.00e+00 19-18 0.00e+00 20-19 0.00e+00 21-20 0.00e+00 22-21 0.00e+00 23-22 0.00e+00 24-23 0.00e+00
 25-24 0.00e+00
  2- 1 2.00e+06  3- 2 5.73e+00  4- 3 2.62e-01  5- 4 9.42e-02  6- 5 4.79e-02  7- 6 2.25e-02  8- 7 2.62e-13
  9- 8 5.18e-13 10- 9 9.45e-13 11-10 5.83e-12 12-11 0.00e+00 13-12 0.00e+00 14-13 0.00e+00 15-14 0.00e+00 16-15 0.00e+00
 17-16 0.00e+00 18-17 0.00e+00 19-18 0.00e+00 20-19 0.00e+00 21-20 0.00e+00 22-21 0.00e+00 23-22 0.00e+00 24-23 0.00e+00
 25-24 0.00e+00

 Old He Is optical depths:    1 1.96e+07    2 1.19e-03    3 1.50e-03    4 1.67e-03    5 1.67e-03
 New He Is optical depths:    1 1.96e+07    2 1.19e-03    3 1.50e-03    4 1.67e-03    5 1.67e-03
          Old He Is Lines:  584 1.88e+12 3889 4.39e-01 5016 2.35e-01 5876 1.87e-01
          New He Is Lines:  584 1.89e+12 3889 4.39e-01 5016 2.35e-01 5876 1.87e-01
CIV QSO  


          Start Iteration Number 4                                                                     CIV QSO  


WARNING: no exact matching lines found for "HE 2" 949.310A
Taking best match as "He 2                949.324A"
WARNING: no exact matching lines found for "HE 2" 4859.00A
Taking best match as "He 2                4859.18A"
WARNING: no exact matching lines found for "HE 2" 4339.00A
WARNING: Line with incorrect label found close "O  2                4339.00A"
Taking best match as "He 2                4338.55A"
WARNING: no exact matching lines found for "HE 2" 6527.00A
Taking best match as "He 2                6526.88A"
WARNING: no exact matching lines found for "HE 2" 6560.00A
Taking best match as "He 2                6559.91A"
 ####  1  Te:1.434E+04 Hden:7.515E+01 Ne:8.307E+01 R:3.162E+21 R-R0:1.573E+13 dR:3.145E+13 NTR:  9 Htot:2.011E-20 T912: 6.32e+07###
 Hydrogen      1.58e-02 9.84e-01 H+o/Hden 1.00e+00 7.28e-12 H-    H2 7.77e-16 8.32e-13 H2+ HeH+ 1.02e-09 Ho+ ColD 3.73e+13 2.33e+15
 Helium        2.40e-02 7.65e-01 2.11e-01 HeI 2s3S 1.45e-07 Comp H,C 1.26e-26 6.78e-29 Fill Fac 1.00e+00 Gam1/tot 9.95e-01
 He singlet n  2.40e-02 2.04e-14 2.13e-20 8.80e-21 1.46e-20 1.16e-20 He tripl 1.45e-07 1.35e-18 2.61e-20 1.93e-19 3.40e-20
 Pressure      NgasTgas 2.38e+06 P(total) 3.28e-10 P( gas ) 3.28e-10 P(Radtn) 0.00e+00 Rad accl 7.33e-08 ForceMul 5.48e+04
 Texc(La)      3.04e+03 T(I con) 4.88e+00 T(D con) 4.80e-01 T(U tot) 4.88e+00 nT (c+d) 1.29e+06 Prad/Gas 0.00e+00 Pmag/Gas 0.00e+00
 Molecules     CH/Ctot: 1.21e-14 CH+/Ctot 3.12e-12 CO/Ctot: 8.10e-20 CO+/Ctot 3.10e-19 H2O/Otot 6.34e-27 OH/Ototl 6.02e-14
 Lithium       2.10e-04 9.92e-01 8.12e-03 9.69e-05 Berylliu 1.07e-02 1.96e-01 7.81e-01 1.25e-02 1.50e-06 sec ion: 1.14e-14
 Boron         4.60e-04 7.71e-01 1.76e-01 5.22e-02 1.48e-05 0.00e+00
 Carbon        1.60e-04 3.80e-01 6.12e-01 7.49e-03 2.14e-04 0.00e+00 0.00e+00 H2O+/O   1.41e-27 OH+/Otot 2.35e-14 Hex(tot) 0.00e+00
 Nitrogen      4.48e-03 6.17e-01 3.72e-01 6.34e-03 4.38e-05 0.00e+00 0.00e+00 0.00e+00 O2/Ototl 7.79e-19 O2+/Otot 1.08e-19
 Oxygen        1.24e-02 6.48e-01 3.32e-01 7.82e-03 7.96e-05 0.00e+00 0.00e+00 0.00e+00 0.00e+00
 Fluorine      1.19e-03 2.47e-01 7.43e-01 8.79e-03 1.44e-04 0.00e+00 0.00e+00 0.00e+00 0.00e+00 0.00e+00
 Neon          8.92e-04 1.62e-01 8.21e-01 1.63e-02 6.80e-05 0.00e+00 0.00e+00 0.00e+00 0.00e+00 0.00e+00 0.00e+00
 Sodium        9.64e-06 1.45e-01 8.24e-01 2.94e-02 8.07e-04 0.00e+00 0.00e+00 0.00e+00 0.00e+00 0.00e+00 0.00e+00 0.00e+00
 Magnesium     5.38e-03 1.11e-01 8.71e-01 1.24e-02 6.23e-05 0.00e+00 0.00e+00 0.00e+00 0.00e+00 0.00e+00 0.00e+00 0.00e+00 0.00e+00
 Aluminium  0  4.80e-04 5.12e-01 9.72e-02 3.80e-01 1.04e-02 1.72e-05 0.00e+00 0.00e+00 0.00e+00 0.00e+00 0.00e+00 0.00e+00 0.00e+00
 Silicon    0  1.44e-04 2.91e-01 6.59e-01 4.63e-02 2.93e-03 4.88e-06 0.00e+00 0.00e+00 0.00e+00 0.00e+00 0.00e+00 0.00e+00 0.00e+00
 Phosphorus 0  2.13e-04 6.86e-01 2.90e-01 2.20e-02 1.06e-03 7.19e-05 0.00e+00 0.00e+00 0.00e+00 0.00e+00 0.00e+00 0.00e+00 0.00e+00
 Sulphur    0  5.34e-05 3.39e-01 6.44e-01 1.65e-02 7.25e-04 6.24e-05 1.54e-06 0.00e+00 0.00e+00 0.00e+00 0.00e+00 0.00e+00 0.00e+00
 Chlorine   0  6.44e-05 3.22e-01 6.55e-01 2.21e-02 5.32e-04 3.14e-05 9.71e-07 0.00e+00 0.00e+00 0.00e+00 0.00e+00 0.00e+00 0.00e+00
 Argon      0  3.51e-04 7.98e-02 9.05e-01 1.38e-02 5.17e-04 2.50e-05 0.00e+00 0.00e+00 0.00e+00 0.00e+00 0.00e+00 0.00e+00 0.00e+00
 Potassium  0  9.01e-06 4.33e-01 5.56e-01 9.11e-03 1.70e-03 1.83e-05 0.00e+00 0.00e+00 0.00e+00 0.00e+00 0.00e+00 0.00e+00 0.00e+00
 Calcium    0  6.09e-06 2.28e-02 8.93e-01 8.30e-02 1.11e-03 3.09e-05 9.98e-07 0.00e+00 0.00e+00 0.00e+00 0.00e+00 0.00e+00 0.00e+00
 Scandium   0  1.59e-06 9.81e-03 2.10e-01 7.62e-01 1.78e-02 1.31e-04 6.65e-06 0.00e+00 0.00e+00 0.00e+00 0.00e+00 0.00e+00 0.00e+00
 Titanium   0  7.27e-06 8.49e-02 5.70e-01 3.30e-01 1.45e-02 6.38e-05 3.57e-06 0.00e+00 0.00e+00 0.00e+00 0.00e+00 0.00e+00 0.00e+00
 Vanadium   0  1.60e-05 4.85e-02 8.02e-01 1.12e-01 3.64e-02 2.45e-04 3.40e-06 0.00e+00 0.00e+00 0.00e+00 0.00e+00 0.00e+00 0.00e+00
 Chromium   0  4.48e-06 2.17e-02 9.03e-01 6.11e-02 1.42e-02 2.69e-04 9.82e-06 0.00e+00 0.00e+00 0.00e+00 0.00e+00 0.00e+00 0.00e+00
 Manganese  0  6.99e-06 5.66e-02 8.80e-01 4.72e-02 1.61e-02 5.03e-04 1.01e-05 0.00e+00 0.00e+00 0.00e+00 0.00e+00 0.00e+00 0.00e+00
 Iron       0  2.03e-05 5.77e-02 7.50e-01 1.83e-01 8.73e-03 5.55e-04 6.92e-06 0.00e+00 0.00e+00 0.00e+00 0.00e+00 0.00e+00 0.00e+00
 Cobalt     0  9.81e-04 3.75e-01 5.05e-01 9.73e-02 2.17e-02 4.57e-04 2.08e-05 0.00e+00 0.00e+00 0.00e+00 0.00e+00 0.00e+00 0.00e+00
 Nickel     0  8.78e-05 4.34e-01 5.19e-01 4.17e-02 5.11e-03 2.16e-04 7.27e-06 0.00e+00 0.00e+00 0.00e+00 0.00e+00 0.00e+00 0.00e+00
 Copper     0  4.25e-05 5.11e-02 8.77e-01 6.90e-02 2.56e-03 2.36e-04 6.17e-06 0.00e+00 0.00e+00 0.00e+00 0.00e+00 0.00e+00 0.00e+00
 Zinc       0  1.46e-04 3.31e-02 3.54e-01 4.74e-01 1.37e-01 2.23e-03 7.02e-05 2.67e-06 0.00e+00 0.00e+00 0.00e+00 0.00e+00 0.00e+00
 ####552  Te:8.035E+00 Hden:9.873E+00 Ne:5.431E-06 R:3.153E+23 R-R0:3.121E+23 dR:1.891E+21 NTR:  4 Htot:7.247E-33 T912: 1.26e+08###
 Hydrogen      9.99e-01 1.77e-07 H+o/Hden 9.99e-01 6.79e-15 H-    H2 2.85e-04 2.13e-16 H2+ HeH+ 1.34e-15 Ho+ ColD 9.96e+24 2.79e+20
 Helium        1.00e+00 1.35e-09 3.83e-19 HeI 2s3S 6.59e-21 Comp H,C 1.89e-39 5.59e-43 Fill Fac 1.00e+00 Gam1/tot 1.53e-02
 He singlet n  1.00e+00 1.36e-25 2.56e-30 9.26e-33 9.20e-32 1.14e-33 He tripl 6.59e-21 3.36e-32 5.20e-34 5.37e-33 2.06e-33
 Pressure      NgasTgas 8.72e+01 P(total) 1.20e-14 P( gas ) 1.20e-14 P(Radtn) 2.15e-20 Rad accl 3.78e-12 ForceMul 2.54e+10
 Texc(La)      2.88e+03 T(I con) 4.44e-01 T(D con) 5.41e-01 T(U tot) 5.94e-01 nT (c+d) 2.38e+05 Prad/Gas 1.78e-06 Pmag/Gas 0.00e+00
 Molecules     CH/Ctot: 1.39e-08 CH+/Ctot 2.26e-08 CO/Ctot: 9.71e-07 CO+/Ctot 9.14e-11 H2O/Otot 3.62e-07 OH/Ototl 1.46e-05
 Lithium       4.95e-06 1.00e+00 5.56e-15 0.00e+00 Berylliu 1.17e-04 1.00e+00 3.17e-10 0.00e+00 0.00e+00 sec ion: 2.82e-23
 Boron         1.70e-05 1.00e+00 0.00e+00 0.00e+00 0.00e+00 0.00e+00
 Carbon        1.22e-03 9.99e-01 4.53e-12 0.00e+00 0.00e+00 0.00e+00 0.00e+00 H2O+/O   1.82e-08 OH+/Otot 5.52e-08 Hex(tot) 0.00e+00
 Nitrogen      1.00e+00 2.64e-11 8.35e-15 0.00e+00 0.00e+00 0.00e+00 0.00e+00 0.00e+00 O2/Ototl 8.11e-11 O2+/Otot 1.70e-11
 Oxygen        1.00e+00 3.34e-14 7.94e-15 0.00e+00 0.00e+00 0.00e+00 0.00e+00 0.00e+00 0.00e+00
 Fluorine      1.00e+00 1.86e-07 7.94e-10 0.00e+00 0.00e+00 0.00e+00 0.00e+00 0.00e+00 0.00e+00 0.00e+00
 Neon          1.00e+00 6.98e-07 9.63e-10 0.00e+00 0.00e+00 0.00e+00 0.00e+00 0.00e+00 0.00e+00 0.00e+00 0.00e+00
 Sodium        2.95e-04 1.00e+00 1.93e-09 0.00e+00 0.00e+00 0.00e+00 0.00e+00 0.00e+00 0.00e+00 0.00e+00 0.00e+00 0.00e+00
 Magnesium     3.67e-04 1.00e+00 3.05e-10 0.00e+00 0.00e+00 0.00e+00 0.00e+00 0.00e+00 0.00e+00 0.00e+00 0.00e+00 0.00e+00 0.00e+00
 Aluminium  0  3.65e-07 1.00e+00 3.40e-09 0.00e+00 0.00e+00 0.00e+00 0.00e+00 0.00e+00 0.00e+00 0.00e+00 0.00e+00 0.00e+00 0.00e+00
 Silicon    0  1.50e-05 1.00e+00 1.41e-14 0.00e+00 0.00e+00 0.00e+00 0.00e+00 0.00e+00 0.00e+00 0.00e+00 0.00e+00 0.00e+00 0.00e+00
 Phosphorus 0  3.85e-04 1.00e+00 5.82e-08 0.00e+00 0.00e+00 0.00e+00 0.00e+00 0.00e+00 0.00e+00 0.00e+00 0.00e+00 0.00e+00 0.00e+00
 Sulphur    0  1.30e-04 1.00e+00 1.45e-10 0.00e+00 0.00e+00 0.00e+00 0.00e+00 0.00e+00 0.00e+00 0.00e+00 0.00e+00 0.00e+00 0.00e+00
 Chlorine   0  7.07e-01 2.13e-01 7.10e-09 0.00e+00 0.00e+00 0.00e+00 0.00e+00 0.00e+00 0.00e+00 0.00e+00 0.00e+00 0.00e+00 0.00e+00
 Argon      0  1.00e+00 3.78e-10 6.93e-12 0.00e+00 0.00e+00 0.00e+00 0.00e+00 0.00e+00 0.00e+00 0.00e+00 0.00e+00 0.00e+00 0.00e+00
 Potassium  0  1.59e-05 1.00e+00 1.11e-08 0.00e+00 0.00e+00 0.00e+00 0.00e+00 0.00e+00 0.00e+00 0.00e+00 0.00e+00 0.00e+00 0.00e+00
 Calcium    0  5.48e-07 8.09e-02 9.19e-01 0.00e+00 0.00e+00 0.00e+00 0.00e+00 0.00e+00 0.00e+00 0.00e+00 0.00e+00 0.00e+00 0.00e+00
 Scandium   0  5.99e-05 5.42e-01 4.57e-01 0.00e+00 0.00e+00 0.00e+00 0.00e+00 0.00e+00 0.00e+00 0.00e+00 0.00e+00 0.00e+00 0.00e+00
 Titanium   0  5.80e-05 9.96e-01 4.27e-03 0.00e+00 0.00e+00 0.00e+00 0.00e+00 0.00e+00 0.00e+00 0.00e+00 0.00e+00 0.00e+00 0.00e+00
 Vanadium   0  1.64e-04 1.00e+00 3.84e-09 0.00e+00 0.00e+00 0.00e+00 0.00e+00 0.00e+00 0.00e+00 0.00e+00 0.00e+00 0.00e+00 0.00e+00
 Chromium   0  4.52e-05 1.00e+00 9.94e-13 0.00e+00 0.00e+00 0.00e+00 0.00e+00 0.00e+00 0.00e+00 0.00e+00 0.00e+00 0.00e+00 0.00e+00
 Manganese  0  8.38e-04 9.99e-01 3.36e-13 0.00e+00 0.00e+00 0.00e+00 0.00e+00 0.00e+00 0.00e+00 0.00e+00 0.00e+00 0.00e+00 0.00e+00
 Iron       0  1.68e-04 1.00e+00 6.42e-14 0.00e+00 0.00e+00 0.00e+00 0.00e+00 0.00e+00 0.00e+00 0.00e+00 0.00e+00 0.00e+00 0.00e+00
 Cobalt     0  1.11e-03 9.99e-01 0.00e+00 0.00e+00 0.00e+00 0.00e+00 0.00e+00 0.00e+00 0.00e+00 0.00e+00 0.00e+00 0.00e+00 0.00e+00
 Nickel     0  4.59e-04 1.00e+00 1.84e-13 0.00e+00 0.00e+00 0.00e+00 0.00e+00 0.00e+00 0.00e+00 0.00e+00 0.00e+00 0.00e+00 0.00e+00
 Copper     0  7.66e-04 9.99e-01 7.19e-09 0.00e+00 0.00e+00 0.00e+00 0.00e+00 0.00e+00 0.00e+00 0.00e+00 0.00e+00 0.00e+00 0.00e+00
 Zinc       0  3.05e-04 1.00e+00 8.44e-09 0.00e+00 0.00e+00 0.00e+00 0.00e+00 0.00e+00 0.00e+00 0.00e+00 0.00e+00 0.00e+00 0.00e+00
   CIV QSO  
   Calculation stopped because outer radius reached. Iteration 4 of 4
   The geometry is spherical.
 C-Continuum zero at some energies.
 C-Thermal equilibrium timescale, 2.46e+18 s, longer than Hubble time; this cloud is not time-steady.
  !Bound Compton heating reached 59.74% of the local heating.
  !Background cosmic rays are not included - is this physical?  It affects the chemistry.
  !Ionization rate fell below background cosmic ray ionization rate.  Should this be added too?
  !   Use the COSMIC RAY BACKGROUND command.
  !Some input lines contained underscores, these were changed to spaces.
  !Suprathermal collisional ionization of H reached 98.49% of the local H ionization rate.
  !H2 vib deexec heating reached 32.01% of the local heating.
  !Charge transfer H => H+ reached 53.9% of the local H ionization rate.
  !Charge transfer heating reached 9.04% of the local heating.
  !AGE: Cloud age was not set.  Longest timescale was 2.46e+18 s = 7.78e+10 years.
  !The excitation temp of Lya exceeded the electron temp, largest value was 3.93e+03K (gas temp there was 5.75e+01K, zone 376)
  !Mutual neutralization production of H-alpha was significant.
  !The local H2 cooling rate reached 63.4% of the local cooling.
  !The CMB was not included.  This is added with the CMB command.
  !The optical depth in the H I 21 cm line is 2.51e+03
  !An ionization jump occurred elem Zn 4, by 153% from 1.81e-03 (zone 183) to 2.02e-03 (zone 184) to 3.09e-03 (zone 185)
  !The temperature varied by 13.7% between two zones
   Thermal collisional ionization of H reached 1.05% of the local ionization rate.
   Te-ne bounds of Case B lookup table exceeded, H I Case B line intensities set to zero.
   Te-ne bounds of Case B lookup table exceeded, He II Case B line intensities set to zero.
   The density is too low to l-mix the lowest H  I collapsed level.  More resolved levels are needed for accurate line ratios.
   The density is too low to l-mix the lowest He I collapsed level.  More resolved levels are needed for accurate line ratios.
   Non-collisional excitation of [O III] 4363 reached 0.12% of the total.
   Grains were not present but might survive in this environment (energy density temperature was 4.88e+00K)
   Cloud thicker than smallest Jeans length=1.69e+19cm; stability problems? (smallest Jeans mass=1.42e+02Mo)
   The local H2 photodissociation heating rate reached 1.1% of the total heating.
   The continuum optical depth at the lowest energy considered (3.045e-09 Ryd) was 1.028e+01.
   The optical depth to Rayleigh scattering at 1300A is 6.68e+01
   The fraction of Cl in HCl reached 1.98% at some point in the cloud.
   The fraction of Cl in HCl+ reached 4.41% at some point in the cloud.
   The fraction of Cl in H2Cl+ reached 1.62% at some point in the cloud.
   Is an outer radius of 3.16e+23 reasonable?

                       *********************************> Cloudy 17.03 <**********************************
                       * title CIV QSO                                                                   *
                       * set punch prefix "CIV_QSO"                                                      *
                       * radius = 21.500 23.500                                                          *
                       * iterate to convergence                                                          *
                       * sphere                                                                          *
                       * init "dlaw_HI_exp.ini"                                                          *
                       * table SED "QSO.sed"                                                             *
                       * nuL(nu) = 42.5 at 1 Ryd                                                         *
                       * stop temperature off                                                            *
                       * metals 0.001                                                                    *
                       * save last radius ".rad"                                                         *
                       * save last continuum ".cont"                                                     *
                       * save last physical conditions ".phy"                                            *
                       * save last overview ".ovr"                                                       *
                       * save last heating ".heat"                                                       *
                       * save last cooling ".cool"                                                       *
                       * save last optical depth ".opd"                                                  *
                       * save last element hydrogen ".ele_H"                                             *
                       * save last element helium ".ele_He"                                              *
                       * save last element carbon ".ele_C"                                               *
                       * save last element nitrogen ".ele_N"                                             *
                       * save last element oxygen ".ele_O"                                               *
                       * save last element argon ".ele_Ar"                                               *
                       * save last element neon ".ele_Ne"                                                *
                       * save last element sulphur ".ele_S"                                              *
                       * save last element chlorin ".ele_Cl"                                             *
                       * save last element iron ".ele_Fe"                                                *
                       * save last element silicon ".ele_Si"                                             *
                       * save last lines emissivity  ".emis"                                             *
                       * H  1  1215.67A                                                                  *
                       * H  1  1025.72A                                                                  *
                       * H  1  4861.33A                                                                  *
                       * H  1  6562.81A                                                                  *
                       * O  6  1031.91A                                                                  *
                       * O  6  1037.62A                                                                  *
                       * He 2  949.31A                                                                   *
                       * He 2  972.108A                                                                  *
                       * He 2  1025.27A                                                                  *
                       * He 2  1640.43A                                                                  *
                       * He 2  4859A                                                                     *
                       * He 2  4339A                                                                     *
                       * He 2  6527A                                                                     *
                       * He 2  6560A                                                                     *
                       * C  4  1550.78                                                                   *
                       * O  3  5006.84A                                                                  *
                       * N  5  1238.82                                                                   *
                       * N  5  1242.80                                                                   *
                       * c  4  1548.19                                                                   *
                       * c  4  1550.78                                                                   *
                       * mg 2  2795.53                                                                   *
                       * mg 2  2802.71                                                                   *
                       * end of lines                                                                    *
                       *********************************> Log(U): -3.52 <*********************************
                       >>>>>>>>>> Cautions are present.

                     Emission Line Spectrum.  Special Density Lw Model.  Closed geometry.  Iteration 4 of 4.
                                    Luminosity (erg/s) emitted by a shell with full coverage.


                                                   Intrinsic line intensities
general properties.............................      He 2                3644.36A   38.958    0.0068      Ca A                229.006A   38.623    0.0032
Inci                      0    43.207  121.1964      He 2                5694.36A   38.223    0.0013      Ca A                228.855A   38.536    0.0026
TotH                      0    42.285   14.4982      He 2                5694.36A   38.690    0.0037      Ca A                228.731A   38.455    0.0021
TotC                      0    42.285   14.4959      He 2                5694.36A   38.832    0.0051      Ca A                228.629A   38.378    0.0018
BFH1                      0    42.079    9.0323      He 2                5694.36A   38.750    0.0042      Ca A                228.543A   38.306    0.0015
BFHe                      0    41.837    5.1743      He 2                5694.36A   38.356    0.0017      Ca A                228.471A   38.238    0.0013
TotM                      0    39.575    0.0283      He 2                8199.90A   38.377    0.0018      Ca A                228.409A   38.173    0.0011
Cbnd                      0    40.132    0.1020      He 2                8199.90A   38.533    0.0026      Ca A                992.360A   39.057    0.0086
CT H                      0    40.166    0.1103      He 2                8199.90A   38.510    0.0024      Ca A                972.108A   38.877    0.0057
H FB                      0    41.084    0.9140      He 2                8199.90A   38.293    0.0015      Ca A                958.694A   38.722    0.0040
HFBc                      0    41.084    0.9139      He 2                1.11610m   38.283    0.0014      Ca A                949.324A   38.584    0.0029
H  1c                     0    42.195   11.7813      He 2                1.11610m   38.288    0.0015      Ca A                942.508A   38.461    0.0022
H  1h                     0    38.144    0.0010      He 2                1.11610m   38.146    0.0011      Ca A                937.389A   38.349    0.0017
He 1c                     0    39.398    0.0188      He 2                2.75608m   38.319    0.0016      Ca A                933.444A   38.246    0.0013
C  1c                     0    39.053    0.0085      He 2                3.27997m   38.207    0.0012      Ca A                930.337A   38.152    0.0011
C  2c                     0    40.602    0.3008      He 2                14.2360m   38.514    0.0025      Ca A                2385.35A   38.580    0.0029
C  3c                     0    38.132    0.0010      He 1                2599.69A   39.746    0.0420      Ca A                2306.15A   38.418    0.0020
Fe 2c                     0    39.526    0.0253      He 1                3120.85A   39.230    0.0128      Ca A                2252.64A   38.276    0.0014
Ne 2c                     0    38.825    0.0050      He 1                3421.00A   39.215    0.0123      Ca A                2214.62A   38.149    0.0011
Ne 3c                     0    38.205    0.0012      He 1                3420.88A   39.692    0.0370      Ca A                4541.46A   38.200    0.0012
O  1c                     0    39.940    0.0655      He 1                3420.88A   39.914    0.0617      Ca A                3.09074m   38.257    0.0014
O  2c                     0    39.085    0.0091      He 1                3678.70A   39.487    0.0231      Ca B                992.360A   39.204    0.0120
O  3c                     0    38.788    0.0046      He 1                6632.16A   38.862    0.0055      Ca B                972.108A   39.024    0.0080
S  2c                     0    38.937    0.0065      He 1                7435.20A   38.430    0.0020      Ca B                958.694A   38.868    0.0055
S  3c                     0    38.624    0.0032      He 1                7843.44A   39.449    0.0212      Ca B                949.324A   38.729    0.0040
Si 2c                     0    39.599    0.0299      He 1                8188.36A   39.192    0.0117      Ca B                942.508A   38.605    0.0030
Mg 2c                     0    38.730    0.0040      He 1                8190.64A   38.702    0.0038      Ca B                937.389A   38.493    0.0023
N  2c                     0    38.580    0.0029      He 1                8261.30A   38.827    0.0051      Ca B                933.444A   38.390    0.0018
continua.......................................      He 1                1.24779m   38.327    0.0016      Ca B                930.337A   38.294    0.0015
Bac                 3646.00A   42.079    9.0275      He 1                1.40934m   38.962    0.0069      Ca B                927.846A   38.206    0.0012
nFnu                3645.00A   42.341   16.5033      He 1                1.45602m   38.830    0.0051      Ca B                2385.35A   38.630    0.0032
nFnu                3647.00A   41.997    7.4758      He 1                1.45643m   38.336    0.0016      Ca B                2306.15A   38.469    0.0022
cout                3646.00A   42.079    9.0275      He 1                1.45759m   38.445    0.0021      Ca B                2252.64A   38.327    0.0016
thin                3646.00A   42.079    9.0365      He 1                1.46631m   38.365    0.0017      Ca B                2214.62A   38.201    0.0012
Inci                4860.00A   42.447   21.0542      He 1                2.21672m   38.604    0.0030      Ca B                4541.46A   38.223    0.0013
Inci                1215.00A   42.936   64.9580      He 1                2.27546m   38.513    0.0025      Ca B                3.09074m   38.263    0.0014
Ba C                      0    41.201    1.1960      He 1                2.27752m   38.274    0.0014      He 2                607.567A   41.029    0.8045
PA C                      0    40.776    0.4489      He 1                3.20640m   38.325    0.0016      He 2                303.784A   40.976    0.7118
FIR                 83.0000m   41.668    3.5018      He 1                3.27715m   38.251    0.0013      He 2                256.317A   38.169    0.0011
TIR                 1800.00m   39.200    0.0119      He 1                4.46460m   38.693    0.0037      He 2                228.203A   38.665    0.0035
NIRa                2.85000m   42.774   44.7144      He 1                5.83132m   38.522    0.0025      He 2                1640.43A   40.504    0.2400
NIRb                3.00000m   42.377   17.9203      He 1                7.38026m   38.371    0.0018      He 2                1215.13A   40.037    0.0819
MIRa                15.0000m   42.412   19.4221      He 1                9.11143m   38.235    0.0013      He 2                1084.94A   39.702    0.0379
MIRb                22.5000m   42.487   23.0915      He 1                61.5933m   38.238    0.0013      He 2                1025.27A   39.443    0.0209
NMIR                21.7500m   42.774   44.7144      grains.........................................      He 2                992.360A   39.233    0.0129
TFIR                611.250m   40.611    0.3076      H-like iso-sequence............................      He 2                972.108A   39.055    0.0085
TALL                10000.0A   43.562  274.2604      Cool                1215.67A   41.969    7.0091      He 2                958.694A   38.902    0.0060
F12                 12.0000m   41.969    7.0118      Crst                960.000A   41.802    4.7723      He 2                949.324A   38.767    0.0044
F25                 25.0000m   41.754    4.2696      LA X                1215.67A   41.195    1.1790      He 2                942.508A   38.878    0.0057
F60                 60.0000m   41.589    2.9240      CION                      0    40.110    0.0970      He 2                937.389A   38.781    0.0045
F100                100.000m   40.443    0.2089      Q(H)                4861.33A   40.604    0.3023      He 2                933.444A   38.693    0.0037
MIPS                24.0000m   41.458    2.1619      Q(H)                1215.67A   42.145   10.5047      He 2                930.337A   38.611    0.0031
MIPS                70.0000m   41.040    0.8260      CaBo                4861.33A   40.652    0.3374      He 2                927.846A   38.536    0.0026
MIPS                160.000m   40.584    0.2886      CaBo                1640.00A   40.530    0.2551      He 2                925.817A   38.466    0.0022
IRAC                3.60000m   41.578    2.8491      CaBo                4685.64A   39.679    0.0359      He 2                924.142A   38.401    0.0019
IRAC                4.50000m   41.616    3.1090      Ca A                937.804A   40.395    0.1868      He 2                922.743A   38.341    0.0017
IRAC                5.80000m   41.646    3.3343      Ca A                930.748A   40.192    0.1172      He 2                921.562A   38.287    0.0015
IRAC                8.00000m   41.801    4.7643      Ca A                926.226A   40.018    0.0784      He 2                920.556A   38.239    0.0013
SPR1                250.000m   38.470    0.0022      Ca A                923.150A   39.865    0.0551      He 2                919.693A   38.199    0.0012
SPR2                350.000m   38.439    0.0021      Ca A                920.963A   39.728    0.0402      He 2                918.945A   38.170    0.0011
SPR3                500.000m   38.340    0.0016      Ca A                919.351A   39.605    0.0303      He 2                918.295A   38.163    0.0011
PAC1                70.0000m   41.095    0.9358      Ca A                918.129A   39.492    0.0234      He 2                917.724A   38.207    0.0012
PAC2                100.000m   40.397    0.1876      Ca A                917.181A   39.389    0.0184      He 2                917.221A   38.973    0.0071
PAC3                160.000m   40.587    0.2907      Ca A                916.429A   39.293    0.0148      He 2                4685.64A   39.609    0.0306
PAH                 3.30000m   40.723    0.3978      Ca A                915.824A   39.204    0.0120      He 2                3203.04A   39.291    0.0147
PAHC                3.23000m   40.428    0.2016      Ca A                915.329A   39.121    0.0099      He 2                2733.24A   39.030    0.0081
PAHC                3.37000m   40.412    0.1945      Ca A                914.919A   39.043    0.0083      He 2                2511.15A   38.816    0.0049
PAH                 6.20000m   41.163    1.0959      Ca A                914.576A   38.970    0.0070      He 2                2385.35A   38.635    0.0032
PAHC                5.65000m   41.200    1.1932      Ca A                914.286A   38.902    0.0060      He 2                2306.15A   38.478    0.0023
PAH                 7.90000m   41.351    1.6874      Ca A                914.039A   38.837    0.0052      He 2                2252.64A   38.340    0.0016
PAHC                6.90000m   41.414    1.9524      Ca A                913.826A   38.776    0.0045      He 2                2214.62A   38.363    0.0017
PAH                 11.3000m   40.763    0.4357      Ca A                913.641A   38.719    0.0039      He 2                2186.56A   38.267    0.0014
PAHC                10.9000m   40.784    0.4580      Ca A                913.480A   38.665    0.0035      He 2                2165.20A   38.178    0.0011
PAH                 11.8000m   40.976    0.7128      Ca A                913.339A   38.615    0.0031      He 2                2079.84A   38.460    0.0022
PAHC                12.6500m   40.950    0.6700      Ca A                3970.07A   39.676    0.0357      He 2                1.01233m   38.988    0.0073
PAH                 13.3000m   40.976    0.7117      Ca A                3889.05A   39.499    0.0237      He 2                6559.91A   38.754    0.0043
PAHC                14.1000m   40.944    0.6613      Ca A                3835.38A   39.343    0.0166      He 2                5411.37A   38.542    0.0026
Bcon                3640.00A   43.436  205.2530      Ca A                3797.89A   39.205    0.0121      He 2                4859.18A   38.359    0.0017
Pcon                5000.00A   42.386   18.2970      Ca A                3770.63A   39.080    0.0091      He 2                4541.46A   38.200    0.0012
O3bn                5007.00A   40.744    0.4169      Ca A                3750.15A   38.967    0.0070      He 2                1.86362m   38.483    0.0023
HX                  4.70000A   38.519    0.0025      Ca A                3734.36A   38.863    0.0055      He 2                1.16260m   38.308    0.0015
HFFc                      0    41.034    0.8140      Ca A                3721.93A   38.767    0.0044      He 2                9344.62A   38.132    0.0010
H FF                      0    40.961    0.6872      Ca A                3711.97A   38.677    0.0036      He-like iso-sequence...........................
HeFF                      0    40.088    0.0921      Ca A                3703.85A   38.594    0.0030      He 1                1202.81A   40.779    0.4522
ToFF                      0    41.015    0.7793      Ca A                3697.15A   38.515    0.0025      He 1                584.334A   39.584    0.0289
nFnu                122.400m   39.218    0.0124      Ca A                3691.55A   38.441    0.0021      He 1                537.030A   38.630    0.0032
nFnu                60.8322m   39.465    0.0219      Ca A                3686.83A   38.371    0.0018      He 1                522.213A   38.487    0.0023
nInu                60.8322m   41.683    3.6255      Ca A                3682.80A   38.305    0.0015      He 1                515.617A   38.415    0.0020
nFnu                41.2152m   39.612    0.0308      Ca A                3679.35A   38.242    0.0013      He 1                512.099A   38.370    0.0018
nInu                41.2152m   41.906    6.0616      Ca A                3676.36A   38.182    0.0011      He 1                625.563A   41.358    1.7164
nFnu                30.8695m   39.714    0.0390      Ca A                3673.75A   38.124    0.0010      He 1                504.672A   38.583    0.0029
nInu                30.8695m   42.018    7.8478      Ca A                9545.93A   39.126    0.0101      TOTL                1.08303m   40.062    0.0869
nFnu                24.7829m   39.793    0.0468      Ca A                9228.97A   38.968    0.0070      He 1                1.08303m   40.062    0.0869
nInu                24.7829m   42.078    8.9961      Ca A                9014.87A   38.829    0.0051      He 1                3888.63A   39.733    0.0407
nFnu                24.2998m   39.800    0.0475      Ca A                8862.74A   38.703    0.0038      He 1                3187.74A   39.320    0.0157
nInu                24.2998m   42.086    9.1778      Ca A                8750.43A   38.589    0.0029      He 1                2945.10A   38.990    0.0073
nFnu                22.8302m   39.826    0.0504      Ca A                8664.98A   38.484    0.0023      He 1                2829.08A   38.725    0.0040
nInu                22.8302m   42.103    9.5474      Ca A                8598.35A   38.387    0.0018      He 1                2.05813m   38.900    0.0060
nFnu                21.4199m   39.844    0.0526      Ca A                8545.34A   38.297    0.0015      He 1                5015.68A   39.153    0.0107
nInu                21.4199m   42.117    9.8546      Ca A                8502.44A   38.213    0.0012      He 1                3964.73A   38.746    0.0042
nFnu                21.1235m   39.850    0.0533      Ca A                8467.21A   38.134    0.0010      He 1                3613.64A   38.430    0.0020
nInu                21.1235m   42.121    9.9370      Ca A                1.81740m   38.687    0.0037      He 1                3447.59A   38.180    0.0011
nFnu                19.6199m   39.879    0.0569      Ca A                1.73620m   38.545    0.0026      He 1                7065.22A   39.110    0.0097
nInu                19.6199m   42.127   10.0735      Ca A                1.68064m   38.418    0.0020      He 1                5875.64A   39.726    0.0400
nFnu                17.6534m   39.923    0.0630      Ca A                1.64071m   38.303    0.0015      He 1                4713.03A   38.371    0.0018
nInu                17.6534m   42.149   10.6075      Ca A                1.61092m   38.198    0.0012      He 1                4471.49A   39.299    0.0150
nFnu                17.3700m   39.925    0.0632      Ca A                3.03835m   38.316    0.0016      He 1                4026.20A   38.974    0.0071
nInu                17.3700m   42.153   10.6963      Ca A                2.87219m   38.188    0.0012      He 1                3819.61A   38.712    0.0039
nFnu                15.6901m   39.957    0.0681      Ca A                12.3684m   38.580    0.0029      He 1                3704.76A   38.742    0.0042
nInu                15.6901m   42.165   11.0070      Ca A                7.50038m   38.420    0.0020      He 1                3634.08A   38.574    0.0028
nFnu                14.6036m   39.985    0.0728      Ca A                5.90655m   38.263    0.0014      He 1                3587.16A   38.428    0.0020
nInu                14.6036m   42.180   11.3990      Ca A                19.0565m   38.218    0.0012      He 1                3554.34A   38.299    0.0015
nFnu                12.4300m   40.047    0.0838      Ca B                3970.07A   39.845    0.0527      He 1                3530.43A   38.182    0.0011
nInu                12.4300m   42.196   11.8122      Ca B                3889.05A   39.665    0.0348      He 1                3439.99A   38.186    0.0012
nFnu                11.4000m   40.075    0.0894      Ca B                3835.38A   39.508    0.0242      He 1                7281.35A   38.553    0.0027
nInu                11.4000m   42.205   12.0545      Ca B                3797.89A   39.368    0.0176      He 1                6678.15A   39.171    0.0112
nFnu                10.4600m   40.112    0.0973      Ca B                3770.63A   39.242    0.0131      He 1                4921.93A   38.726    0.0040
nInu                10.4600m   42.214   12.3303      Ca B                3750.15A   39.128    0.0101      He 1                4387.93A   38.398    0.0019
nFnu                9.48002m   40.143    0.1046      Ca B                3734.36A   39.023    0.0079      He 1                4143.76A   38.142    0.0010
nInu                9.48002m   42.224   12.6176      Ca B                3721.93A   38.926    0.0063      He 1                1.70027m   38.216    0.0012
nFnu                9.32488m   40.149    0.1060      Ca B                3711.97A   38.836    0.0052      He 1                1.86854m   38.778    0.0045
nInu                9.32488m   42.228   12.7225      Ca B                3703.85A   38.752    0.0042      He 1                1.27849m   38.444    0.0021
nFnu                8.21035m   40.200    0.1191      Ca B                3697.15A   38.673    0.0035      He 1                1.09130m   38.176    0.0011
nInu                8.21035m   42.234   12.9114      Ca B                3691.55A   38.598    0.0030      He 1                1.86972m   38.301    0.0015
nFnu                7.58000m   40.226    0.1267      Ca B                3686.83A   38.528    0.0025      Ca B                2945.10A   38.996    0.0075
nInu                7.58000m   42.243   13.1658      Ca B                3682.80A   38.462    0.0022      Ca B                3187.74A   39.314    0.0155
nFnu                7.05026m   40.263    0.1380      Ca B                3679.35A   38.399    0.0019      Ca B                3613.64A   38.401    0.0019
nInu                7.05026m   42.244   13.2122      Ca B                3676.36A   38.339    0.0016      Ca B                3888.63A   39.708    0.0385
nFnu                4.11370m   40.481    0.2277      Ca B                3673.75A   38.282    0.0014      Ca B                3964.73A   38.709    0.0039
nInu                4.11370m   42.243   13.1625      Ca B                3671.47A   38.228    0.0013      Ca B                4026.20A   39.004    0.0076
nFnu                2.32440m   40.714    0.3892      Ca B                9545.93A   39.193    0.0117      Ca B                4387.93A   38.428    0.0020
nInu                2.32440m   42.159   10.8537      Ca B                9228.97A   39.036    0.0082      Ca B                4471.49A   39.324    0.0159
nFnu                1.64313m   41.799    4.7403      Ca B                9014.87A   38.896    0.0059      Ca B                4713.03A   38.395    0.0019
nInu                1.64313m   42.004    7.5911      Ca B                8862.74A   38.771    0.0044      Ca B                4921.93A   38.755    0.0043
nFnu                1.48022m   40.961    0.6879      Ca B                8750.43A   38.656    0.0034      Ca B                5015.68A   39.106    0.0096
nInu                1.48022m   41.971    7.0395      Ca B                8664.98A   38.551    0.0027      Ca B                5875.64A   39.759    0.0432
nFnu                1.43649m   41.078    0.8995      Ca B                8598.35A   38.454    0.0021      Ca B                6678.15A   39.212    0.0123
nInu                1.43649m   41.964    6.9328      Ca B                8545.34A   38.364    0.0017      Ca B                7065.22A   39.055    0.0085
nFnu                1.11867m   41.173    1.1214      Ca B                8502.44A   38.280    0.0014      Ca B                7281.35A   38.527    0.0025
nInu                1.11867m   41.957    6.8171      Ca B                8467.21A   38.201    0.0012      Ca B                1.08303m   40.090    0.0925
nFnu                8329.68A   41.335    1.6267      Ca B                8437.91A   38.127    0.0010      Ca B                1.27849m   38.495    0.0024
nInu                8329.68A   42.021    7.9023      Ca B                1.81740m   38.723    0.0040      Ca B                1.70027m   38.174    0.0011
nFnu                8078.61A   41.505    2.4077      Ca B                1.73620m   38.582    0.0029      Ca B                1.86854m   38.862    0.0055
nInu                8078.61A   42.024    7.9552      Ca B                1.68064m   38.456    0.0021      Ca B                1.86972m   38.389    0.0018
nFnu                6209.66A   41.623    3.1581      Ca B                1.64071m   38.341    0.0016      Ca B                2.05813m   39.165    0.0110
nInu                6209.66A   42.086    9.1693      Ca B                1.61092m   38.235    0.0013      Pho+                3889.00A   40.445    0.2098
nFnu                4885.36A   41.772    4.4558      Ca B                1.58804m   38.138    0.0010      extra Lyman....................................
nInu                4885.36A   42.347   16.7398      Ca B                3.03835m   38.339    0.0016      database lines.................................
nFnu                3704.34A   41.980    7.1832      Ca B                2.87219m   38.212    0.0012      Ar 1                1048.22A   38.454    0.0021
nInu                3704.34A   42.264   13.8149      Ca B                12.3684m   38.593    0.0029      C  1                609.590m   39.035    0.0082
nFnu                3587.67A   42.212   12.2735      Ca B                7.50038m   38.434    0.0020      C  2                1037.02A   39.605    0.0303
nInu                3587.67A   42.280   14.3484      Ca B                5.90655m   38.278    0.0014      C  2                1334.53A   38.208    0.0012
nFnu                2430.05A   42.380   18.0511      Ca B                5.12722m   38.138    0.0010      C  2                1335.66A   39.434    0.0205
nInu                2430.05A   42.403   19.0393      Ca B                19.0565m   38.230    0.0013      C  2                1335.71A   38.473    0.0022
nFnu                2392.03A   42.390   18.4753      H  1                2431.34A   42.515   24.6211      C  2                157.636m   40.600    0.2994
nInu                2392.03A   42.389   18.4328      H  1                1215.67A   43.328  159.9780      C  3                977.020A   38.130    0.0010
nFnu                2071.34A   42.484   22.9202      H  1                1025.72A   38.968    0.0070      Fe 2                25.9811m   38.687    0.0037
nInu                2071.34A   42.406   19.1649      H  1                972.537A   38.773    0.0045      Fe 2                5.33881m   38.965    0.0069
nFnu                2052.68A   42.492   23.3515      H  1                949.743A   38.696    0.0037      Fe 2                1.25668m   38.770    0.0044
nInu                2052.68A   42.397   18.7511      H  1                937.804A   38.625    0.0032      Fe 2                2382.04A   38.317    0.0016
nFnu                1793.44A   42.579   28.5691      H  1                930.748A   38.580    0.0029      Fe 2                1.32055m   38.194    0.0012
nInu                1793.44A   42.424   19.9619      H  1                926.226A   38.545    0.0026      Fe 2                2625.67A   39.220    0.0125
nFnu                1585.12A   42.640   32.8786      H  1                923.150A   38.520    0.0025      Fe 2                2611.87A   38.760    0.0043
nInu                1585.12A   42.494   23.4570      H  1                920.963A   38.504    0.0024      Fe 2                2395.63A   38.834    0.0051
nFnu                1458.33A   42.650   33.6209      H  1                919.351A   38.266    0.0014      Fe 2                2364.83A   38.817    0.0049
nInu                1458.33A   42.435   20.4791      H  1                918.129A   38.254    0.0014      Fe 2                2631.32A   38.553    0.0027
nFnu                1356.96A   42.609   30.5906      H  1                917.181A   38.243    0.0013      Fe 2                2380.76A   38.688    0.0037
nInu                1356.96A   42.470   22.1857      H  1                916.429A   38.234    0.0013      Fe 2                1.64355m   38.698    0.0038
nFnu                1297.29A   42.498   23.7003      H  1                915.824A   38.226    0.0013      Fe 2                2493.29A   39.271    0.0140
nInu                1297.29A   42.497   23.6560      H  1                915.329A   38.218    0.0012      Fe 2                2755.74A   38.147    0.0011
nFnu                1262.79A   42.326   15.9262      H  1                914.919A   38.211    0.0012      Mg 1                2852.13A   38.239    0.0013
nInu                1262.79A   42.582   28.7331      H  1                914.576A   38.204    0.0012      N  1                1134.17A   38.491    0.0023
nFnu                1218.08A   40.826    0.5038      H  1                914.286A   38.199    0.0012      N  1                1134.41A   38.605    0.0030
nInu                1218.08A   42.927   63.6709      H  1                914.039A   38.196    0.0012      N  1                1134.98A   38.664    0.0035
nFnu                1196.33A   40.831    0.5100      H  1                913.826A   38.198    0.0012      N  1                1199.55A   39.413    0.0195
nInu                1196.33A   42.770   44.3336      H  1                913.641A   38.206    0.0012      N  1                1200.22A   39.341    0.0165
nFnu                1175.06A   40.838    0.5176      H  1                913.480A   38.231    0.0013      N  1                1200.71A   39.184    0.0115
nInu                1175.06A   42.613   30.8391      H  1                913.339A   38.300    0.0015      Ne 2                12.8101m   38.825    0.0050
nFnu                1143.64A   40.851    0.5345      H  1                913.215A   39.068    0.0088      O  1                1304.86A   39.176    0.0113
nInu                1143.64A   42.526   25.2665      H  1                6562.81A   41.697    3.7485      O  1                1306.03A   39.299    0.0150
nFnu                1113.22A   40.866    0.5526      H  1                4861.33A   41.123    1.0000      O  1                6300.30A   38.229    0.0013
nInu                1113.22A   42.517   24.7261      H  1                4340.46A   40.775    0.4482      O  1                63.1679m   39.897    0.0593
nFnu                1103.23A   40.870    0.5575      H  1                4101.73A   40.503    0.2398      O  1                145.495m   38.781    0.0045
nInu                1103.23A   42.504   24.0309      H  1                3970.07A   40.282    0.1442      O  2                3728.81A   38.829    0.0051
nFnu                1073.86A   40.872    0.5598      H  1                3889.05A   40.091    0.0928      O  2                3726.03A   38.684    0.0036
nInu                1073.86A   42.513   24.5249      H  1                3835.38A   39.928    0.0637      O  3                5006.84A   38.568    0.0028
nFnu                1064.34A   40.878    0.5681      H  1                3797.89A   39.786    0.0460      S  2                6730.82A   38.563    0.0028
nInu                1064.34A   42.517   24.7418      H  1                3770.63A   39.450    0.0212      S  2                6716.44A   38.688    0.0037
nFnu                1035.92A   40.895    0.5915      H  1                3750.15A   39.342    0.0165      S  2                1055.88A   38.166    0.0011
nInu                1035.92A   42.585   28.9127      H  1                3734.36A   39.244    0.0132      S  3                9530.62A   38.197    0.0012
nFnu                1000.00A   40.921    0.6272      H  1                3721.93A   39.154    0.0107      Si 2                34.8046m   39.598    0.0299
nInu                1000.00A   42.520   24.9101      H  1                3711.97A   39.073    0.0089      Si 2                1533.43A   39.478    0.0226
nFnu                925.144A   40.931    0.6413      H  1                3703.85A   38.998    0.0075      Si 2                1309.28A   39.190    0.0117
nInu                925.144A   42.444   20.9133      H  1                3697.15A   38.929    0.0064      Si 2                1265.00A   39.844    0.0525
RRC............................................      H  1                3691.55A   38.866    0.0055      Si 2                1197.39A   39.732    0.0406
H  1                3645.98A   40.807    0.4825      H  1                3686.83A   38.810    0.0049      Si 2                1194.50A   39.557    0.0271
H  1                3645.98A   41.132    1.0209      H  1                3682.80A   38.760    0.0043      Zn 2                2025.48A   38.175    0.0011
H  1                8203.53A   40.084    0.0913      H  1                3679.35A   38.718    0.0039      Al 2                1670.79A   39.505    0.0241
H  1                8203.53A   40.455    0.2144      H  1                3676.36A   38.688    0.0037      Mg 2                2802.71A   39.464    0.0219
H  1                8203.53A   40.323    0.1584      H  1                3673.75A   38.678    0.0036      Mg 2                2795.53A   39.637    0.0326
H  1                1.45841m   39.609    0.0306      H  1                3671.47A   38.718    0.0039      N  2                6583.45A   38.408    0.0019
H  1                1.45841m   39.985    0.0727      H  1                3669.46A   39.467    0.0221      level 1 lines..................................
H  1                1.45841m   39.958    0.0683      H  1                1.87510m   40.456    0.2150      recombination..................................
H  1                1.45841m   39.592    0.0294      H  1                1.28180m   40.143    0.1046      C  1                1657.00A   39.023    0.0079
H  1                2.27876m   39.261    0.0137      H  1                1.09380m   39.883    0.0575      level2 lines...................................
H  1                2.27876m   39.636    0.0326      H  1                1.00493m   39.670    0.0352      N  1                942.258A   38.488    0.0023
H  1                2.27876m   39.640    0.0329      H  1                9545.93A   39.484    0.0229      O  1                976.791A   38.944    0.0066
H  1                2.27876m   39.419    0.0198      H  1                9228.97A   39.324    0.0159      O  1                969.049A   38.531    0.0026
H  1                2.27876m   38.909    0.0061      H  1                9014.87A   39.184    0.0115      O  1                946.387A   38.287    0.0015
H  1                3.28142m   38.987    0.0073      H  1                8862.74A   38.952    0.0067      O  1                934.501A   38.194    0.0012
H  1                3.28142m   39.361    0.0173      H  1                8750.43A   38.844    0.0052      O  1                973.577A   38.273    0.0014
H  1                3.28142m   39.376    0.0179      H  1                8664.98A   38.745    0.0042      Si 2                1179.59A   39.891    0.0585
H  1                3.28142m   39.208    0.0121      H  1                8598.35A   38.655    0.0034      Si 2                993.354A   38.910    0.0061
H  1                3.28142m   38.868    0.0056      H  1                8545.34A   38.573    0.0028      Si 2                1024.03A   38.273    0.0014
H  1                3.28142m   38.265    0.0014      H  1                8502.44A   38.498    0.0024      P  2                967.202A   38.580    0.0029
H  1                4.46637m   38.763    0.0044      H  1                8467.21A   38.429    0.0020      P  2                963.828A   38.814    0.0049
H  1                4.46637m   39.134    0.0102      H  1                8437.91A   38.366    0.0017      Ti 2                3364.74A   38.142    0.0010
H  1                4.46637m   39.155    0.0107      H  1                8413.28A   38.310    0.0015      Cr 2                2059.78A   38.342    0.0017
H  1                4.46637m   39.010    0.0077      H  1                8392.35A   38.260    0.0014      Mn 2                1198.85A   38.382    0.0018
H  1                4.46637m   38.739    0.0041      H  1                8374.43A   38.219    0.0012      Ni 2                1751.83A   38.340    0.0016
H  1                4.46637m   38.326    0.0016      H  1                8358.96A   38.189    0.0012      Ni 2                1744.24A   38.575    0.0028
H  1                5.83363m   38.572    0.0028      H  1                8345.51A   38.180    0.0011      Ni 2                1472.74A   38.277    0.0014
H  1                5.83363m   38.942    0.0066      H  1                8333.74A   38.221    0.0013      Ni 2                1400.37A   38.206    0.0012
H  1                5.83363m   38.964    0.0069      H  1                8323.38A   38.973    0.0071      Ni 2                1375.73A   38.663    0.0035
H  1                5.83363m   38.832    0.0051      H  1                4.05113m   39.648    0.0334      Ni 2                1324.11A   38.533    0.0026
H  1                5.83363m   38.596    0.0030      H  1                2.62513m   39.438    0.0206      hyperfine structure............................
H  1                5.83363m   38.265    0.0014      H  1                2.16551m   39.240    0.0131      inner shell....................................
H  1                7.38319m   38.407    0.0019      H  1                1.94454m   39.063    0.0087      Ca 4                3.33246A   38.145    0.0011
H  1                7.38319m   38.775    0.0045      H  1                1.81740m   38.908    0.0061      Ca 4                3.32942A   38.446    0.0021
H  1                7.38319m   38.799    0.0047      H  1                1.73620m   38.770    0.0044      molecules......................................
H  1                7.38319m   38.673    0.0035      H  1                1.68064m   38.583    0.0029      H2 l                2.00000m   40.167    0.1105
H  1                7.38319m   38.457    0.0022      H  1                1.64071m   38.475    0.0022      H2dH                      0    38.552    0.0027
H  1                7.38319m   38.169    0.0011      H  1                1.61092m   38.376    0.0018      H2vH                      0    39.982    0.0721
H  1                9.11505m   38.261    0.0014      H  1                1.58804m   38.287    0.0015      H2 v                      0    40.592    0.2943
H  1                9.11505m   38.628    0.0032      H  1                1.57006m   38.205    0.0012      H-FB                      0    39.821    0.0498
H  1                9.11505m   38.652    0.0034      H  1                1.55563m   38.130    0.0010      H-FF                      0    39.663    0.0347
H  1                9.11505m   38.531    0.0026      H  1                1.49672m   38.606    0.0030      H-CT                6562.81A   39.209    0.0122
H  1                9.11505m   38.326    0.0016      H  1                7.45777m   39.078    0.0090      H- H                      0    39.992    0.0739
H  1                11.0292m   39.135    0.0103      H  1                4.65247m   38.919    0.0062      H2+                       0    39.488    0.0231
H  1                13.1257m   39.022    0.0079      H  1                3.73951m   38.754    0.0043      H2+p                      0    38.551    0.0027
H  1                15.4044m   38.919    0.0062      H  1                3.29607m   38.604    0.0030      HEH+                      0    38.597    0.0030
H  1                17.8655m   38.823    0.0050      H  1                3.03835m   38.468    0.0022      blends.........................................
H  1                20.5089m   38.734    0.0041      H  1                2.87219m   38.294    0.0015      Blnd                1304.00A   39.548    0.0266
H  1                23.3345m   38.650    0.0034      H  1                2.75749m   38.186    0.0012      Blnd                1039.00A   38.390    0.0018
H  1                26.3425m   38.571    0.0028      H  1                2.37371m   38.320    0.0016      Blnd                2798.00A   39.860    0.0546
H  1                29.5328m   38.497    0.0024      H  1                12.3684m   38.626    0.0032      Blnd                6720.00A   38.931    0.0064
H  1                32.9053m   38.427    0.0020      H  1                7.50038m   38.497    0.0024      Blnd                1256.00A   38.451    0.0021
H  1                36.4602m   38.360    0.0017      H  1                5.90655m   38.357    0.0017      Blnd                1657.00A   39.095    0.0094
H  1                40.1974m   38.297    0.0015      H  1                5.12722m   38.226    0.0013      C 1R                1656.00A   39.023    0.0079
H  1                44.1168m   38.237    0.0013      H  1                19.0565m   38.242    0.0013      Blnd                2326.00A   38.250    0.0013
H  1                48.2186m   38.179    0.0011      H  1                11.3055m   38.137    0.0010      Blnd                1335.00A   39.502    0.0239
H  1                52.5027m   38.124    0.0010      Ca A                234.347A   39.703    0.0380      Blnd                977.000A   38.130    0.0010
H  1                56.9691m   39.294    0.0148      Ca A                232.584A   39.502    0.0239      Blnd                5199.00A   38.296    0.0015
He 2                2049.88A   39.151    0.0107      Ca A                231.454A   39.331    0.0161      Blnd                6300.00A   38.349    0.0017
He 2                2049.88A   39.609    0.0306      Ca A                230.686A   39.181    0.0114      Blnd                3726.00A   38.684    0.0036
He 2                2049.88A   39.601    0.0301      Ca A                230.139A   39.048    0.0084      Blnd                3729.00A   38.829    0.0051
He 2                3644.36A   38.620    0.0031      Ca A                229.736A   38.927    0.0064      Blnd                3727.00A   39.064    0.0087
He 2                3644.36A   39.086    0.0092      Ca A                229.431A   38.817    0.0049      Blnd                5007.00A   38.693    0.0037
He 2                3644.36A   39.191    0.0117      Ca A                229.194A   38.717    0.0039

                                                    Emergent line intensities
general properties.............................      H  1                8413.28A   38.300    0.0015      He 1                4143.76A   38.136    0.0010
continua.......................................      H  1                8392.35A   38.251    0.0014      He 1                1.70027m   38.216    0.0013
FIR                 83.0000m   41.668    3.5575      H  1                8374.43A   38.209    0.0012      He 1                1.86854m   38.778    0.0046
TIR                 1800.00m   39.200    0.0121      H  1                8358.96A   38.179    0.0012      He 1                1.27849m   38.438    0.0021
NIRa                2.85000m   42.774   45.4257      H  1                8345.51A   38.170    0.0011      He 1                1.09130m   38.168    0.0011
NIRb                3.00000m   42.377   18.2053      H  1                8333.74A   38.212    0.0012      He 1                1.86972m   38.301    0.0015
MIRa                15.0000m   42.412   19.7311      H  1                8323.38A   38.964    0.0070      extra Lyman....................................
MIRb                22.5000m   42.487   23.4588      H  1                4.05113m   39.648    0.0340      database lines.................................
NMIR                21.7500m   42.774   45.4257      H  1                2.62513m   39.438    0.0210      Ar 1                1048.22A   38.395    0.0019
TFIR                611.250m   40.611    0.3125      H  1                2.16551m   39.240    0.0133      C  1                609.590m   39.035    0.0083
TALL                10000.0A   43.552  272.7780      H  1                1.94454m   39.063    0.0088      C  2                1037.02A   39.555    0.0274
F12                 12.0000m   41.969    7.1234      H  1                1.81740m   38.908    0.0062      C  2                1334.53A   38.205    0.0012
F25                 25.0000m   41.754    4.3375      H  1                1.73620m   38.770    0.0045      C  2                1335.66A   39.432    0.0207
F60                 60.0000m   41.589    2.9705      H  1                1.68064m   38.583    0.0029      C  2                1335.71A   38.470    0.0023
F100                100.000m   40.443    0.2122      H  1                1.64071m   38.475    0.0023      C  2                157.636m   40.600    0.3042
MIPS                24.0000m   41.458    2.1963      H  1                1.61092m   38.376    0.0018      Fe 2                25.9811m   38.687    0.0037
MIPS                70.0000m   41.040    0.8391      H  1                1.58804m   38.286    0.0015      Fe 2                5.33881m   38.965    0.0070
MIPS                160.000m   40.584    0.2932      H  1                1.57006m   38.204    0.0012      Fe 2                1.25668m   38.763    0.0044
IRAC                3.60000m   41.578    2.8945      H  1                1.55563m   38.129    0.0010      Fe 2                2382.04A   38.313    0.0016
IRAC                4.50000m   41.616    3.1585      H  1                1.49672m   38.604    0.0031      Fe 2                1.32055m   38.188    0.0012
IRAC                5.80000m   41.646    3.3873      H  1                7.45777m   39.078    0.0092      Fe 2                2625.67A   39.216    0.0126
IRAC                8.00000m   41.801    4.8401      H  1                4.65247m   38.919    0.0063      Fe 2                2611.87A   38.756    0.0044
SPR1                250.000m   38.470    0.0023      H  1                3.73951m   38.754    0.0043      Fe 2                2395.63A   38.830    0.0052
SPR2                350.000m   38.439    0.0021      H  1                3.29607m   38.604    0.0031      Fe 2                2364.83A   38.814    0.0050
SPR3                500.000m   38.340    0.0017      H  1                3.03835m   38.468    0.0022      Fe 2                2631.32A   38.549    0.0027
PAC1                70.0000m   41.095    0.9507      H  1                2.87219m   38.294    0.0015      Fe 2                2380.76A   38.685    0.0037
PAC2                100.000m   40.397    0.1906      H  1                2.75749m   38.186    0.0012      Fe 2                1.64355m   38.698    0.0038
PAC3                160.000m   40.587    0.2953      H  1                2.37371m   38.320    0.0016      Fe 2                2493.29A   39.267    0.0141
PAH                 3.30000m   40.723    0.4042      H  1                12.3684m   38.626    0.0032      Fe 2                2755.74A   38.142    0.0011
PAHC                3.23000m   40.428    0.2048      H  1                7.50038m   38.497    0.0024      Mg 1                2852.13A   38.234    0.0013
PAHC                3.37000m   40.412    0.1976      H  1                5.90655m   38.357    0.0017      N  1                1134.17A   38.487    0.0023
PAH                 6.20000m   41.163    1.1133      H  1                5.12722m   38.226    0.0013      N  1                1134.41A   38.602    0.0031
PAHC                5.65000m   41.200    1.2122      H  1                19.0565m   38.242    0.0013      N  1                1134.98A   38.660    0.0035
PAH                 7.90000m   41.351    1.7142      H  1                11.3055m   38.137    0.0010      N  1                1199.55A   39.410    0.0196
PAHC                6.90000m   41.414    1.9835      He 2                1640.43A   40.501    0.2426      N  1                1200.22A   39.338    0.0166
PAH                 11.3000m   40.763    0.4426      He 2                1215.13A   40.034    0.0827      N  1                1200.71A   39.181    0.0116
PAHC                10.9000m   40.784    0.4653      He 2                1084.94A   39.641    0.0334      Ne 2                12.8101m   38.825    0.0051
PAH                 11.8000m   40.976    0.7241      He 2                1025.27A   39.383    0.0185      O  1                1304.86A   39.173    0.0114
PAHC                12.6500m   40.950    0.6807      He 2                992.360A   39.174    0.0114      O  1                1306.03A   39.296    0.0151
PAH                 13.3000m   40.976    0.7230      He 2                972.108A   38.997    0.0076      O  1                6300.30A   38.220    0.0013
PAHC                14.1000m   40.944    0.6718      He 2                958.694A   38.844    0.0053      O  1                63.1679m   39.897    0.0603
Bcon                3640.00A   43.433  207.3453      He 2                949.324A   38.577    0.0029      O  1                145.495m   38.781    0.0046
Pcon                5000.00A   42.378   18.2667      He 2                942.508A   38.693    0.0038      O  2                3728.81A   38.824    0.0051
O3bn                5007.00A   40.736    0.4166      He 2                937.389A   38.599    0.0030      O  2                3726.03A   38.679    0.0036
HX                  4.70000A   38.218    0.0013      He 2                933.444A   38.512    0.0025      O  3                5006.84A   38.561    0.0028
RRC............................................      He 2                930.337A   38.432    0.0021      S  2                6730.82A   38.554    0.0027
grains.........................................      He 2                927.846A   38.358    0.0017      S  2                6716.44A   38.679    0.0037
H-like iso-sequence............................      He 2                925.817A   38.290    0.0015      S  3                9530.62A   38.187    0.0012
H  1                1215.67A   43.324  161.3466      He 2                924.142A   38.225    0.0013      Si 2                34.8046m   39.598    0.0303
H  1                1025.72A   38.908    0.0062      He 2                922.743A   38.167    0.0011      Si 2                1533.43A   39.475    0.0228
H  1                972.537A   38.715    0.0040      He 2                917.221A   38.802    0.0048      Si 2                1309.28A   39.187    0.0118
H  1                949.743A   38.506    0.0025      He 2                4685.64A   39.602    0.0306      Si 2                1265.00A   39.841    0.0530
H  1                937.804A   38.442    0.0021      He 2                3203.04A   39.287    0.0148      Si 2                1197.39A   39.729    0.0409
H  1                930.748A   38.401    0.0019      He 2                2733.24A   39.027    0.0081      Si 2                1194.50A   39.553    0.0273
H  1                926.226A   38.369    0.0018      He 2                2511.15A   38.812    0.0050      Zn 2                2025.48A   38.171    0.0011
H  1                923.150A   38.346    0.0017      He 2                2385.35A   38.632    0.0033      Al 2                1670.79A   39.502    0.0243
H  1                920.963A   38.330    0.0016      He 2                2306.15A   38.475    0.0023      Mg 2                2802.71A   39.459    0.0220
H  1                913.339A   38.130    0.0010      He 2                2252.64A   38.337    0.0017      Mg 2                2795.53A   39.632    0.0327
H  1                913.215A   38.899    0.0061      He 2                2214.62A   38.360    0.0017      N  2                6583.45A   38.399    0.0019
H  1                6562.81A   41.690    3.7415      He 2                2186.56A   38.264    0.0014      level 1 lines..................................
H  1                4861.33A   41.117    1.0000      He 2                2165.20A   38.175    0.0011      recombination..................................
H  1                4340.46A   40.768    0.4486      He 2                2079.84A   38.457    0.0022      level2 lines...................................
H  1                4101.73A   40.497    0.2402      He 2                1.01233m   38.979    0.0073      N  1                942.258A   38.300    0.0015
H  1                3970.07A   40.276    0.1444      He 2                6559.91A   38.745    0.0043      O  1                976.791A   38.882    0.0058
H  1                3889.05A   40.085    0.0930      He 2                5411.37A   38.534    0.0026      O  1                969.049A   38.470    0.0023
H  1                3835.38A   39.922    0.0638      He 2                4859.18A   38.352    0.0017      O  1                973.577A   38.212    0.0012
H  1                3797.89A   39.780    0.0461      He 2                4541.46A   38.193    0.0012      Si 2                1179.59A   39.887    0.0590
H  1                3770.63A   39.445    0.0213      He 2                1.86362m   38.483    0.0023      Si 2                993.354A   38.849    0.0054
H  1                3750.15A   39.336    0.0166      He 2                1.16260m   38.300    0.0015      Si 2                1024.03A   38.210    0.0012
H  1                3734.36A   39.238    0.0132      He 2                9344.62A   38.123    0.0010      P  2                967.202A   38.523    0.0026
H  1                3721.93A   39.149    0.0108      He-like iso-sequence...........................      P  2                963.828A   38.758    0.0044
H  1                3711.97A   39.067    0.0089      He 1                1.08303m   40.054    0.0866      Ti 2                3364.74A   38.135    0.0010
H  1                3703.85A   38.992    0.0075      He 1                3888.63A   39.727    0.0408      Cr 2                2059.78A   38.338    0.0017
H  1                3697.15A   38.924    0.0064      He 1                3187.74A   39.315    0.0158      Mn 2                1198.85A   38.379    0.0018
H  1                3691.55A   38.861    0.0055      He 1                2945.10A   38.985    0.0074      Ni 2                1751.83A   38.336    0.0017
H  1                3686.83A   38.804    0.0049      He 1                2829.08A   38.721    0.0040      Ni 2                1744.24A   38.572    0.0029
H  1                3682.80A   38.755    0.0043      He 1                2.05813m   38.900    0.0061      Ni 2                1472.74A   38.274    0.0014
H  1                3679.35A   38.713    0.0039      He 1                5015.68A   39.146    0.0107      Ni 2                1400.37A   38.202    0.0012
H  1                3676.36A   38.683    0.0037      He 1                3964.73A   38.740    0.0042      Ni 2                1375.73A   38.660    0.0035
H  1                3673.75A   38.673    0.0036      He 1                3613.64A   38.425    0.0020      Ni 2                1324.11A   38.530    0.0026
H  1                3671.47A   38.713    0.0039      He 1                3447.59A   38.175    0.0011      hyperfine structure............................
H  1                3669.46A   39.462    0.0221      He 1                7065.22A   39.101    0.0096      inner shell....................................
H  1                1.87510m   40.456    0.2185      He 1                5875.64A   39.718    0.0399      molecules......................................
H  1                1.28180m   40.137    0.1048      He 1                4713.03A   38.364    0.0018      blends.........................................
H  1                1.09380m   39.875    0.0573      He 1                4471.49A   39.293    0.0150      Blnd                1304.00A   39.545    0.0268
H  1                1.00493m   39.661    0.0350      He 1                4026.20A   38.968    0.0071      Blnd                1039.00A   38.333    0.0016
H  1                9545.93A   39.475    0.0228      He 1                3819.61A   38.707    0.0039      Blnd                2798.00A   39.855    0.0547
H  1                9228.97A   39.314    0.0158      He 1                3704.76A   38.737    0.0042      Blnd                6720.00A   38.922    0.0064
H  1                9014.87A   39.175    0.0114      He 1                3634.08A   38.569    0.0028      Blnd                1256.00A   38.448    0.0021
H  1                8862.74A   38.943    0.0067      He 1                3587.16A   38.423    0.0020      Blnd                1657.00A   39.093    0.0095
H  1                8750.43A   38.834    0.0052      He 1                3554.34A   38.294    0.0015      C 1R                1656.00A   39.021    0.0080
H  1                8664.98A   38.735    0.0042      He 1                3530.43A   38.177    0.0011      Blnd                1335.00A   39.500    0.0242
H  1                8598.35A   38.645    0.0034      He 1                3439.99A   38.181    0.0012      Blnd                6300.00A   38.340    0.0017
H  1                8545.34A   38.564    0.0028      He 1                7281.35A   38.544    0.0027      Blnd                3726.00A   38.679    0.0036
H  1                8502.44A   38.489    0.0024      He 1                6678.15A   39.162    0.0111      Blnd                3729.00A   38.824    0.0051
H  1                8467.21A   38.420    0.0020      He 1                4921.93A   38.719    0.0040      Blnd                5007.00A   38.686    0.0037
H  1                8437.91A   38.357    0.0017      He 1                4387.93A   38.392    0.0019



 CIV QSO  
 Cooling:  HFBc                      0 :0.063 H  1c                     0 :0.813 HFFc                      0 :0.056  
 Heating:  BFH1                      0 :0.623 BFHe                      0 :0.357  

 These are some of the most important databases used by Cloudy:
 Many recombination coefficients were taken from http://amdpp.phys.strath.ac.uk/tamoc/RR/ and http://amdpp.phys.strath.ac.uk/tamoc/DR/
      and are based on the following papers:
        Badnell N. R., et al., A&A 406, 1151 (2003) [http://adsabs.harvard.edu/abs/2003A%26A...406.1151B]
        Badnell N. R., ApJS 167, 334 (2006) [http://adsabs.harvard.edu/abs/2006ApJS..167..334B]
 Much of the molecular emission data is from LAMDA as accessed on June 30, 2015. This database is described in:
        Schoeier F.L., et al., A&A 432, 369 (2005) [http://adsabs.harvard.edu/abs/2005A%26A...432..369S]
      This database is in part based on the work of the following groups:
        JPL: Pickett H. M. et al., JQSRT, 60, 883 (1998). [http://adsabs.harvard.edu/abs/1998JQSRT..60..883P]
        CDMS: Mueller H. S. et al., A&A 370, L49 (2001). [http://adsabs.harvard.edu/abs/2001A%26A...370L..49M]
              Mueller H. S. et al., J. Mol. Struct. 742, 215 (2005). [http://adsabs.harvard.edu/abs/2005JMoSt.742..215M]
 Some of the ionic emission data is from version 7.1.4 of CHIANTI. CHIANTI is a collaborative project involving the NRL (USA), the
      Universities of Florence (Italy) and Cambridge (UK), and George Mason University (USA). These papers describe Chianti:
        Dere K. P., et al., A&AS, 125, 149 (1997) [http://adsabs.harvard.edu/abs/1997A%26AS..125..149D]
        Landi E., et al., ApJ, 744, 99 (2012) [http://adsabs.harvard.edu/abs/2012ApJ...744...99L]
 Much of the H_2 data is from this web site: http://molat.obspm.fr/index.php?page=pages/Molecules/H2/H2can94.php. These data are
      described in:
        Abgrall H. et al., Can. J. Phys., 72, 856 (1994) [http://adsabs.harvard.edu/abs/1994CaJPh..72..856A]
        Wrathmall S. A. & Flower D. R., J. Phys. B, 40, 3221 (2007) [http://adsabs.harvard.edu/abs/2007JPhB...40.3221W]
 The Case A and Case B recombination predictions for one-electron systems are from
	Storey, P.J. & Hummer, D.G., 1995, MNRAS 272, 41 http://adsabs.harvard.edu/abs/1995MNRAS.272...41S
 The He I recombination predictions are from
	Porter, R. L.; Ferland, G. J.; Storey, P. J.; Detisch, M. J., 2012, MNRAS, 425, 28p http://adsabs.harvard.edu/abs/2012MNRAS.425L..28P
		http://adsabs.harvard.edu/abs/2013MNRAS.433L..89P

 If you find some process or data set to be particularly critical to a result, please follow the trail of references back to the
 original source and cite that.  This will support and encourage atomic, molecular, and chemical physicists to continue their
 valuable work.

 IONIZE PARMET:  U(1-) -3.5203  U(4-): -4.5432  U(sp): -2.64  Q(ion):   46.433  L(ion) 39.306    Q(low): 55.677    L(low) 43.550
 ENERGY BUDGET:  Heat:  42.285  Coolg:  42.285  Error:  0.0%  Rec Lin:  42.537  F-F  H  0.000    P(rad/tot)max     4.67E-03    R(F Con):1.737e+05

     Col(Heff):      1.989E+24  snd travl time  1.24E+19 sec  Te-low: 8.04E+00  Te-hi: 1.44E+04  G0TH85: 1.39E+01  G0DB96:1.30E+01
  Emiss Measure    n(e)n(p) dl       3.487E+21  n(e)n(He+)dl         3.320E+20  En(e)n(He++) dl         3.592E+19  ne nC+:4.90E+15
 He/Ha:3.20E-02  =   0.32*true  Lthin:9.66E+02  itr/zn: 8.11  H2 itr/zn:  0.00  File Opacity: F  MassTot 5.48e+48  (gm)
   Temps(21 cm)   T(21cm/Ly a)  2.64E+03        T(<nH/Tkin>)  1.09E+01          T(<nH/Tspin>)    2.96E+03          TB21cm:2.96E+03
                   N(H0/Tspin)  3.36E+21        N(OH/Tkin)    3.50E+12          B(21cm)          0.00E+00
   <a>:1.15E-10  erdeFe1.9E+26  Tcompt5.90E+10  Tthr2.46E+18  <Tden>: 2.71E+01  <dens>:7.44E-23  <MolWgt>1.28E+00
     Mean Jeans  l(cm)5.99E+19  M(sun)1.30E+03  smallest:     len(cm):1.69E+19  M(sun):1.42E+02  a_ox tran: -9.89
 Rion:3.163E+21  Dist:0.00E+00  Diam:0.000E+00
 Hatom level 70  HatomType: add  HInducImp  F  He tot level: 63  He2 level:   70  ExecTime  1133.3
 ConvrgError(%)  <eden>  0.049  MaxEden  0.944  <H-C>   0.08  Max(H-C)    0.50  <Press>   0.000  MaxPrs er  0.000
  Continuity(%)  chng Te  13.7  elec den   6.8  n(H2)    0.0  n(CO)        0.0

                                                        Averaged Quantities
             Te      Te(Ne)   Te(NeNp)  Te(NeHe+)Te(NeHe2+) Te(NeO+)  Te(NeO2+)  Te(H2)     N(H)     Ne(O2+)   Ne(Np)
 Radius:  1.66e+01  5.42e+03  1.30e+04  1.28e+04  1.37e+04  1.28e+04  1.39e+04  1.14e+01  3.18e+01  8.13e+01  1.25e+01
   Area:  8.89e+00  2.30e+03  1.30e+04  1.28e+04  1.37e+04  1.28e+04  1.39e+04  9.13e+00  2.18e+01  8.13e+01  6.13e+00
 Volume:  8.40e+00  1.27e+02  1.30e+04  1.28e+04  1.37e+04  1.28e+04  1.39e+04  8.58e+00  1.77e+01  8.12e+01  4.88e-01
 
 Peimbert T(OIIIr)1.24E+04 T(Bac)2.77E+04 T(Hth)0.00E+00 t2(Hstrc) 1.57e-02 T(O3-BAC)0.00E+00 t2(O3-BC) 0.00e+00 t2(O3str) 1.59e-03

 Contin Optical Depths: COMP: 1.99e-04    H-: 3.48e-03 R(1300): 6.68e+01  H2+: 1.27e-04  Bra:2.01E-04
                          Pa: 2.46e-04    Ba: 6.75e-03      Hb: 1.44e-02   La: 1.65e+05     1r:6.320E+07  1.8:1.96E+07 4.:2.939E+06

 Old, new H  1 continuum optical depths:
     1 6.32e+07     2 1.80e-03     3 3.53e-03     4 3.53e-03     5 3.53e-03     6 9.05e-04     7 9.05e-04     8 9.05e-04
     9 9.05e-04    10 1.08e-14    11 1.08e-14    12 1.08e-14    13 1.08e-14    14 1.08e-14    15 2.50e-14    16 2.50e-14
    17 2.50e-14    18 2.50e-14    19 2.50e-14    20 2.50e-14    21 5.20e-14    22 5.20e-14    23 5.20e-14    24 5.20e-14
    25 5.20e-14    26 5.20e-14    27 5.20e-14    28 9.88e-14    29 9.88e-14    30 9.88e-14    31 9.88e-14    32 9.88e-14
    33 9.88e-14    34 9.88e-14    35 9.88e-14    36 1.76e-13    37 1.76e-13    38 1.76e-13    39 1.76e-13    40 1.76e-13
    41 1.76e-13    42 1.76e-13    43 1.76e-13    44 1.76e-13    45 2.95e-13    46 2.95e-13    47 2.95e-13    48 2.95e-13
    49 2.95e-13    50 2.95e-13    51 2.95e-13    52 2.95e-13    53 2.95e-13    54 2.95e-13
     1 6.32e+07     2 1.80e-03     3 3.53e-03     4 3.53e-03     5 3.53e-03     6 9.05e-04     7 9.05e-04     8 9.05e-04
     9 9.05e-04    10 1.08e-14    11 1.08e-14    12 1.08e-14    13 1.08e-14    14 1.08e-14    15 2.50e-14    16 2.50e-14
    17 2.50e-14    18 2.50e-14    19 2.50e-14    20 2.50e-14    21 5.20e-14    22 5.20e-14    23 5.20e-14    24 5.20e-14
    25 5.20e-14    26 5.20e-14    27 5.20e-14    28 9.88e-14    29 9.88e-14    30 9.88e-14    31 9.88e-14    32 9.88e-14
    33 9.88e-14    34 9.88e-14    35 9.88e-14    36 1.76e-13    37 1.76e-13    38 1.76e-13    39 1.76e-13    40 1.76e-13
    41 1.76e-13    42 1.76e-13    43 1.76e-13    44 1.76e-13    45 2.95e-13    46 2.95e-13    47 2.95e-13    48 2.95e-13
    49 2.95e-13    50 2.95e-13    51 2.95e-13    52 2.95e-13    53 2.95e-13    54 2.95e-13

 Old, new H  1 mean line optical depths:
  2- 1 3.05e+13  3- 2 7.27e+00  4- 3 4.76e-02  5- 4 1.49e-10  6- 5 1.84e-10  7- 6 2.83e-10  8- 7 4.48e-10
  9- 8 6.93e-10 10- 9 1.05e-09 11-10 2.56e-09 12-11 5.66e-11 13-12 3.68e-11 14-13 1.44e-11 15-14 9.31e-12 16-15 5.92e-12
 17-16 3.39e-12 18-17 2.62e-12 19-18 1.70e-13 20-19 0.00e+00 21-20 0.00e+00 22-21 0.00e+00 23-22 0.00e+00 24-23 0.00e+00
 25-24 0.00e+00
  2- 1 3.05e+13  3- 2 7.27e+00  4- 3 4.77e-02  5- 4 1.48e-10  6- 5 1.84e-10  7- 6 2.83e-10  8- 7 4.48e-10
  9- 8 6.93e-10 10- 9 1.05e-09 11-10 2.56e-09 12-11 5.66e-11 13-12 3.67e-11 14-13 1.44e-11 15-14 9.31e-12 16-15 5.91e-12
 17-16 3.39e-12 18-17 2.62e-12 19-18 1.70e-13 20-19 0.00e+00 21-20 0.00e+00 22-21 0.00e+00 23-22 0.00e+00 24-23 0.00e+00
 25-24 0.00e+00

 Old, new He 2 continuum optical depths:
     1 2.94e+06     2 6.29e+07     3 8.66e-04     4 8.66e-04     5 8.66e-04     6 1.80e-03     7 1.80e-03     8 1.80e-03
     9 1.80e-03    10 2.86e-03    11 2.86e-03    12 2.86e-03    13 2.86e-03    14 2.86e-03    15 3.53e-03    16 3.53e-03
    17 3.53e-03    18 3.53e-03    19 3.53e-03    20 3.53e-03    21 2.95e-03    22 2.95e-03    23 2.95e-03    24 2.95e-03
    25 2.95e-03    26 2.95e-03    27 2.95e-03    28 9.05e-04    29 9.05e-04    30 9.05e-04    31 9.05e-04    32 9.05e-04
    33 9.05e-04    34 9.05e-04    35 9.05e-04    36 6.30e-15    37 6.30e-15    38 6.30e-15    39 6.30e-15    40 6.30e-15
    41 6.30e-15    42 6.30e-15    43 6.30e-15    44 6.30e-15    45 1.08e-14    46 1.08e-14    47 1.08e-14    48 1.08e-14
    49 1.08e-14    50 1.08e-14    51 1.08e-14    52 1.08e-14    53 1.08e-14    54 1.08e-14
     1 2.94e+06     2 6.29e+07     3 8.66e-04     4 8.66e-04     5 8.66e-04     6 1.80e-03     7 1.80e-03     8 1.80e-03
     9 1.80e-03    10 2.86e-03    11 2.86e-03    12 2.86e-03    13 2.86e-03    14 2.86e-03    15 3.53e-03    16 3.53e-03
    17 3.53e-03    18 3.53e-03    19 3.53e-03    20 3.53e-03    21 2.95e-03    22 2.95e-03    23 2.95e-03    24 2.95e-03
    25 2.95e-03    26 2.95e-03    27 2.95e-03    28 9.05e-04    29 9.05e-04    30 9.05e-04    31 9.05e-04    32 9.05e-04
    33 9.05e-04    34 9.05e-04    35 9.05e-04    36 6.30e-15    37 6.30e-15    38 6.30e-15    39 6.30e-15    40 6.30e-15
    41 6.30e-15    42 6.30e-15    43 6.30e-15    44 6.30e-15    45 1.08e-14    46 1.08e-14    47 1.08e-14    48 1.08e-14
    49 1.08e-14    50 1.08e-14    51 1.08e-14    52 1.08e-14    53 1.08e-14    54 1.08e-14

 Old, new He 2 mean line optical depths:
  2- 1 2.00e+06  3- 2 5.73e+00  4- 3 2.62e-01  5- 4 9.46e-02  6- 5 4.78e-02  7- 6 2.21e-02  8- 7 2.62e-13
  9- 8 5.18e-13 10- 9 9.45e-13 11-10 5.83e-12 12-11 0.00e+00 13-12 0.00e+00 14-13 0.00e+00 15-14 0.00e+00 16-15 0.00e+00
 17-16 0.00e+00 18-17 0.00e+00 19-18 0.00e+00 20-19 0.00e+00 21-20 0.00e+00 22-21 0.00e+00 23-22 0.00e+00 24-23 0.00e+00
 25-24 0.00e+00
  2- 1 2.00e+06  3- 2 5.73e+00  4- 3 2.62e-01  5- 4 9.42e-02  6- 5 4.79e-02  7- 6 2.25e-02  8- 7 2.62e-13
  9- 8 5.18e-13 10- 9 9.45e-13 11-10 5.83e-12 12-11 0.00e+00 13-12 0.00e+00 14-13 0.00e+00 15-14 0.00e+00 16-15 0.00e+00
 17-16 0.00e+00 18-17 0.00e+00 19-18 0.00e+00 20-19 0.00e+00 21-20 0.00e+00 22-21 0.00e+00 23-22 0.00e+00 24-23 0.00e+00
 25-24 0.00e+00

 Old He Is optical depths:    1 1.96e+07    2 1.19e-03    3 1.50e-03    4 1.67e-03    5 1.67e-03
 New He Is optical depths:    1 1.96e+07    2 1.19e-03    3 1.50e-03    4 1.67e-03    5 1.67e-03
          Old He Is Lines:  584 1.89e+12 3889 4.39e-01 5016 2.35e-01 5876 1.87e-01
          New He Is Lines:  584 1.89e+12 3889 4.39e-01 5016 2.35e-01 5876 1.87e-01

==== H      compounds ====           Log10 column densities [cm^-2]
   H2        : 21.305   H2*       : 14.109   H2+       : 13.259   H3+       : 11.721
==== He     compounds ====
   HeH+      : 13.965
==== Li     compounds ====
   LiH       : -0.251   LiH+      :  2.026
==== C      compounds ====
   CH        : 10.093   CH+       : 10.741   CH2       :  8.081   CH2+      :  9.951   CH3       :  5.739   CH3+      :  8.841
   CH4       :  3.469   CH4+      :  3.807   CH5+      :  3.562   C2        :  5.935   C2+       :  6.115   C2H       :  4.489
   C2H+      :  4.930   C2H2      : -0.933   C2H2+     :  4.107   C2H3+     : -0.331   C3        : -0.373   C3+       :  0.652
   C3H       : -8.109   C3H+      :  0.390
==== N      compounds ====
   NH        :  8.425   NH+       :  9.024   NH2       :  4.237   NH2+      :  6.021   NH3       : -0.582   NH3+      :  4.221
   NH4+      : -0.952   CN        :  5.814   CN+       :  3.669   HCN       :  5.075   HCN+      :  3.645   HNC       :  2.685
   HCNH+     :  2.803   N2        :  3.666   N2+       :  2.917   N2H+      : -6.624
==== O      compounds ====
   OH        : 13.500   OH+       : 11.443   H2O       : 11.959   H2O+      : 10.669   H3O+      :  9.584   CO        : 11.851
   CO+       :  7.978   HCO+      :  8.066   NO        :  8.680   NO+       :  8.089   HNO       : -2.042   HNO+      :  5.755
   OCN       : -1.646   OCN+      : -4.289   N2O       : -9.969   O2        :  8.213   O2+       :  7.647   NO2       : -9.016
   NO2+      : -0.658
==== Ne     compounds ====
   NeH+      :  8.317
==== Si     compounds ====
   SiH       :  7.221   SiH2+     :  7.890   SiN       :  4.002   SiN+      :  2.671   SiO       :  8.530   SiO+      :  8.859
   SiOH+     :  7.734
==== S      compounds ====
   HS        :  3.767   HS+       :  8.761   CS        :  4.131   CS+       :  5.096   HCS+      :  4.483   NS        : -1.201
   NS+       :  3.496   SO        :  2.724   SO+       :  8.610   OCS       : -3.062   OCS+      : -1.178   S2        :-15.649
   S2+       :-16.804
==== Cl     compounds ====
   HCl       : 13.209   HCl+      : 13.875   H2Cl+     : 13.171   CCl       :  1.499   CCl+      :  9.533   H2CCl+    :  0.388
   ClO       :-28.267   ClO+      :-34.101
==== Ar     compounds ====
   ArH+      : 12.269


               1      2      3      4      5      6      7      8      9     10     11     12     13     14     15     16     17

 Hydrogen   24.998 20.445 21.305 (H2)                Log10 Column density (cm^-2)
 Helium     23.998 19.179 17.730
 Lithium     7.946 13.308  5.519  3.542
 Beryllium   7.205 11.418  6.975  5.343 -0.089
 Boron       7.730 12.789  6.695  8.236  2.457 -2.895
 Carbon     15.268 18.387 13.133 10.594  9.123  3.801-30.000
 Nitrogen   17.928 13.186 11.955 10.033  7.909  4.786-30.000-30.000
 Oxygen     18.689 13.908 12.706 10.787  8.810  5.118-30.000-30.000-30.000
 Fluorine   14.478 11.557 10.576  6.645  4.884  0.552-30.000-30.000-30.000-30.000
 Neon       17.998 15.186 14.154 10.428  8.011  3.944-30.000-30.000-30.000-30.000-30.000
 Sodium     12.628 16.329 12.626  9.068  7.485  2.634-30.000-30.000-30.000-30.000-30.000-30.000
 Magnesium  13.806 17.539 13.377  9.950  7.596  3.823-30.000-30.000-30.000-30.000-30.000-30.000-30.000
 Aluminium   9.965 16.468 12.699 12.636  8.903  6.015  1.874-30.000-30.000-30.000-30.000-30.000-30.000-30.000
 Silicon    12.517 17.539 11.865 10.726  9.399  6.590  2.775-30.000-30.000-30.000-30.000-30.000-30.000-30.000-30.000
 Phosphorus 11.863 15.503 11.699  8.814  6.989  5.780  2.010-30.000-30.000-30.000-30.000-30.000-30.000-30.000-30.000-30.000
 Sulphur    12.693 17.263 13.371  9.944  8.646  7.484  5.800  1.612-30.000-30.000-30.000-30.000-30.000-30.000-30.000-30.000-30.000
 Chlorine   14.858 15.032 11.751  8.084  6.554  5.213  3.533  1.641-30.000-30.000-30.000-30.000-30.000-30.000-30.000-30.000-30.000
-30.000
 Argon      16.398 13.240 11.362  9.054  7.573  6.260  3.324-30.000-30.000-30.000-30.000-30.000-30.000-30.000-30.000-30.000-30.000
-30.000-30.000
 Potassium  10.239 15.119 11.706  7.527 10.590  4.773  1.920-30.000-30.000-30.000-30.000-30.000-30.000-30.000-30.000-30.000-30.000
-30.000-30.000-30.000
 Calcium     9.747 15.050 16.336 10.494  8.470  6.252  4.531  1.922-30.000-30.000-30.000-30.000-30.000-30.000-30.000-30.000-30.000
-30.000-30.000-30.000-30.000
 Scandium    8.539 12.740 12.966  8.043  6.892  3.670  2.399 -0.937-30.000-30.000-30.000-30.000-30.000-30.000-30.000-30.000-30.000
-30.000-30.000-30.000-30.000-30.000
 Titanium   10.499 15.014 13.103  8.984  9.543  5.171  3.957  1.051-30.000-30.000-30.000-30.000-30.000-30.000-30.000-30.000-30.000
-30.000-30.000-30.000-30.000-30.000-30.000
 Vanadium   10.037 13.998 10.466  7.489  7.191  4.643  2.887  0.712-30.000-30.000-30.000-30.000-30.000-30.000-30.000-30.000-30.000
-30.000-30.000-30.000-30.000-30.000-30.000-30.000
 Chromium   11.004 15.669 10.385  8.907  8.293  6.444  5.072  1.870-30.000-30.000-30.000-30.000-30.000-30.000-30.000-30.000-30.000
-30.000-30.000-30.000-30.000-30.000-30.000-30.000-30.000
 Manganese  11.971 15.458 10.115  8.598  8.320  6.527  4.886  2.094-30.000-30.000-30.000-30.000-30.000-30.000-30.000-30.000-30.000
-30.000-30.000-30.000-30.000-30.000-30.000-30.000-30.000-30.000
 Iron       13.360 17.449 11.969 11.192  9.675  8.568  6.678  4.322-30.000-30.000-30.000-30.000-30.000-30.000-30.000-30.000-30.000
-30.000-30.000-30.000-30.000-30.000-30.000-30.000-30.000-30.000-30.000
 Cobalt     11.648 14.918  9.077  8.345  8.160  5.901  4.575  2.018-30.000-30.000-30.000-30.000-30.000-30.000-30.000-30.000-30.000
-30.000-30.000-30.000-30.000-30.000-30.000-30.000-30.000-30.000-30.000-30.000
 Nickel     12.597 16.249 10.416  9.297  8.551  6.931  5.472  2.961-30.000-30.000-30.000-30.000-30.000-30.000-30.000-30.000-30.000
-30.000-30.000-30.000-30.000-30.000-30.000-30.000-30.000-30.000-30.000-30.000-30.000
 Copper     10.812 14.208 11.015  7.494  5.925  4.984  3.397  1.298-30.000-30.000-30.000-30.000-30.000-30.000-30.000-30.000-30.000
-30.000-30.000-30.000-30.000-30.000-30.000-30.000-30.000-30.000-30.000-30.000-30.000-30.000
 Zinc       10.782 14.597 11.582 11.657 10.430  6.197  4.711  3.359  0.649-30.000-30.000-30.000-30.000-30.000-30.000-30.000-30.000
-30.000-30.000-30.000-30.000-30.000-30.000-30.000-30.000-30.000-30.000-30.000-30.000-30.000-30.000
 Exc state                  He[2] 11.925                 C+[2] 15.861                  C[1] 15.256                  C[2] 13.664
                             C[3] 12.319                  O[1] 18.689                  O[2] 13.543                  O[3] 13.176
                           Si+[1] 17.539                C+2[2]  9.076                C+2[3]  2.548                C+2[4]  7.029


 Hydrogen   -0.000 -6.416 -3.287 (H2)                 Log10 Mean Ionisation (over volume)
 Helium     -0.000 -7.771 -9.541
 Lithium    -5.355 -0.000-11.059-13.038
 Beryllium  -4.004 -0.000 -7.628 -9.345-14.779
 Boron      -4.842 -0.000 -9.361 -7.738-13.604-18.956
 Carbon     -2.969 -0.000 -8.495-11.066-12.537-17.859
 Nitrogen   -0.000 -7.977 -9.246-11.168-13.292-16.415
 Oxygen     -0.000 -8.001 -9.254-11.174-13.151-16.843
 Fluorine   -0.000 -5.826 -6.928-11.106-12.867-17.199
 Neon       -0.000 -5.544 -6.862-10.843-13.260-17.327
 Sodium     -3.588 -0.000 -6.704-10.534-12.116-16.967
 Magnesium  -3.510 -0.000 -7.237-10.861-13.215-16.988
 Aluminium  -6.510 -0.000 -6.596 -6.709-10.838-13.726-17.867
 Silicon    -4.867 -0.000 -8.946-10.085-11.412-14.222-18.036
 Phosphorus -3.478 -0.000 -6.116 -9.956-11.787-12.996-16.766
 Sulphur    -4.149 -0.000 -7.008-10.591-11.889-13.051-14.736-18.924
 Chlorine   -0.207 -0.520 -6.458-10.468-11.997-13.339-15.019-16.911
 Argon      -0.000 -6.345 -8.288-10.617-12.098-13.411-16.346
 Potassium  -4.846 -0.000 -6.372-10.781 -7.238-13.619-16.472
 Calcium    -6.390 -1.153 -0.032 -8.904-11.116-13.379-15.100-17.709
 Scandium   -4.336 -0.306 -0.296 -8.343 -9.393-12.771-14.042-17.378
 Titanium   -4.309 -0.002 -2.272 -9.305 -8.659-13.121-14.335-17.241
 Vanadium   -3.872 -0.000 -6.536 -9.781-10.060-12.628-14.384-16.559
 Chromium   -4.428 -0.000 -8.541-10.034-10.641-12.497-13.869-17.071
 Manganese  -3.229 -0.000 -8.609-10.131-10.383-12.203-13.844-16.636
 Iron       -3.852 -0.000 -8.750 -9.517-11.046-12.153-14.043-16.399
 Cobalt     -3.035 -0.000 -9.111 -9.839 -9.894-12.290-13.616-16.173
 Nickel     -3.417 -0.000 -9.096-10.223-10.924-12.590-14.049-16.560
 Copper     -3.187 -0.000 -6.061 -9.986-11.555-12.496-14.083-16.183
 Zinc       -3.592 -0.000 -5.956 -5.554 -7.046-11.674-13.160-14.512-17.222

               1      2      3      4      5      6      7      8      9     10     11     12     13     14     15     16     17

 Hydrogen   -0.000 -5.783 -3.315 (H2)                 Log10 Mean Ionisation (over area)
 Helium     -0.000 -6.293 -7.808
 Lithium    -5.374 -0.000 -9.328-11.306
 Beryllium  -4.067 -0.000 -5.958 -7.614-13.047
 Boron      -4.905 -0.000 -7.631 -6.059-11.872-17.224
 Carbon     -3.013 -0.000 -6.783 -9.333-10.804-16.126
 Nitrogen   -0.000 -6.269 -7.513 -9.435-11.559-14.682
 Oxygen     -0.000 -6.297 -7.522 -9.441-11.418-15.110
 Fluorine   -0.000 -4.357 -5.349 -9.373-11.134-15.466
 Neon       -0.000 -4.208 -5.291 -9.110-11.527-15.594
 Sodium     -3.625 -0.000 -5.145 -8.801-10.383-15.235
 Magnesium  -3.574 -0.000 -5.632 -9.129-11.482-15.256
 Aluminium  -6.537 -0.000 -5.139 -5.227 -9.105-11.993-16.134
 Silicon    -4.913 -0.000 -7.214 -8.353 -9.679-12.489-16.303
 Phosphorus -3.526 -0.000 -4.972 -8.226-10.054-11.263-15.033
 Sulphur    -4.286 -0.000 -5.379 -8.859-10.157-11.319-13.003-17.191
 Chlorine   -0.263 -0.419 -4.962 -8.735-10.265-11.606-13.286-15.178
 Argon      -0.000 -4.667 -6.570 -8.884-10.365-11.678-14.613
 Potassium  -4.867 -0.000 -4.856 -9.107 -5.887-11.886-14.739
 Calcium    -6.465 -1.199 -0.028 -7.304 -9.406-11.646-13.367-15.976
 Scandium   -4.422 -0.339 -0.266 -6.643 -7.746-11.038-12.310-15.645
 Titanium   -4.370 -0.003 -2.180 -7.574 -6.978-11.389-12.602-15.508
 Vanadium   -3.912 -0.000 -4.991 -8.049 -8.338-10.895-12.651-14.826
 Chromium   -4.497 -0.000 -6.818 -8.301 -8.912-10.765-12.136-15.338
 Manganese  -3.315 -0.000 -6.880 -8.399 -8.664-10.471-12.111-14.903
 Iron       -3.920 -0.000 -7.019 -7.791 -9.313-10.421-12.310-14.666
 Cobalt     -3.102 -0.000 -7.380 -8.110 -8.235-10.557-11.883-14.440
 Nickel     -3.483 -0.000 -7.370 -8.491 -9.215-10.858-12.316-14.827
 Copper     -3.246 -0.000 -4.572 -8.253 -9.822-10.763-12.351-14.450
 Zinc       -3.657 -0.000 -4.431 -4.225 -5.546 -9.941-11.427-12.779-15.489

               1      2      3      4      5      6      7      8      9     10     11     12     13     14     15     16     17

 Hydrogen   -0.000 -4.553 -3.393 (H2)                 Log10 Mean Ionisation (over radius)
 Helium     -0.000 -4.819 -6.269
 Lithium    -5.362 -0.000 -7.789 -9.766
 Beryllium  -4.214 -0.000 -4.444 -6.075-11.507
 Boron      -5.059 -0.000 -6.093 -4.553-10.332-15.684
 Carbon     -3.120 -0.000 -5.254 -7.794 -9.265-14.587
 Nitrogen   -0.000 -4.743 -5.974 -7.896-10.020-13.143
 Oxygen     -0.000 -4.781 -5.982 -7.902 -9.879-13.571
 Fluorine   -0.001 -2.922 -3.903 -7.834 -9.594-13.927
 Neon       -0.001 -2.813 -3.844 -7.570 -9.988-14.054
 Sodium     -3.701 -0.000 -3.702 -7.261 -8.844-13.695
 Magnesium  -3.732 -0.000 -4.162 -7.589 -9.943-13.716
 Aluminium  -6.503 -0.000 -3.769 -3.832 -7.565-10.453-14.594
 Silicon    -5.022 -0.000 -5.674 -6.813 -8.140-10.949-14.764
 Phosphorus -3.640 -0.000 -3.805 -6.690 -8.514 -9.723-13.494
 Sulphur    -4.570 -0.000 -3.892 -7.319 -8.617 -9.779-11.464-15.651
 Chlorine   -0.421 -0.248 -3.529 -7.196 -8.725-10.067-11.746-13.638
 Argon      -0.000 -3.159 -5.036 -7.344 -8.825-10.138-13.074
 Potassium  -4.880 -0.000 -3.413 -7.592 -4.529-10.346-13.199
 Calcium    -6.611 -1.308 -0.022 -5.864 -7.889-10.106-11.827-14.436
 Scandium   -4.630 -0.429 -0.202 -5.126 -6.276 -9.499-10.770-14.106
 Titanium   -4.521 -0.005 -1.916 -6.036 -5.477 -9.849-11.063-13.968
 Vanadium   -3.962 -0.000 -3.532 -6.510 -6.807 -9.356-11.111-13.286
 Chromium   -4.665 -0.000 -5.283 -6.762 -7.376 -9.225-10.596-13.799
 Manganese  -3.487 -0.000 -5.343 -6.860 -7.138 -8.931-10.572-13.363
 Iron       -4.089 -0.000 -5.480 -6.256 -7.774 -8.881-10.770-13.127
 Cobalt     -3.271 -0.000 -5.842 -6.574 -6.759 -9.017-10.343-12.901
 Nickel     -3.652 -0.000 -5.833 -6.952 -7.698 -9.318-10.777-13.288
 Copper     -3.396 -0.000 -3.193 -6.714 -8.283 -9.224-10.811-12.910
 Zinc       -3.817 -0.001 -3.016 -2.941 -4.168 -8.401 -9.888-11.239-13.949

               1      2      3      4      5      6      7      8      9     10     11     12     13     14     15     16     17

 Hydrogen   -0.004 -2.070 -3.383 (H2)         Log10 Mean Ionisation (over volume*electron density)
 Helium     -0.004 -2.091 -3.057
 Lithium    -4.948 -0.000 -4.499 -6.466
 Beryllium  -3.293 -0.003 -2.140 -3.775 -8.205
 Boron      -4.692 -0.001 -2.906 -2.925 -7.032-12.379
 Carbon     -3.090 -0.002 -2.334 -4.508 -5.966-11.281
 Nitrogen   -0.004 -2.156 -2.677 -4.594 -6.718 -9.837
 Oxygen     -0.004 -2.203 -2.686 -4.599 -6.577-10.266
 Fluorine   -0.009 -1.868 -2.137 -4.533 -6.297-10.622
 Neon       -0.010 -1.853 -2.072 -4.272 -6.685-10.749
 Sodium     -3.658 -0.004 -2.006 -3.967 -5.584-10.390
 Magnesium  -3.408 -0.004 -2.029 -4.297 -6.641-10.411
 Aluminium  -5.208 -0.003 -2.630 -2.271 -4.318 -7.151-11.289
 Silicon    -4.803 -0.002 -2.396 -3.578 -4.845 -7.647-11.458
 Phosphorus -3.603 -0.001 -2.578 -3.787 -5.252 -6.423-10.188
 Sulphur    -4.416 -0.004 -2.102 -4.063 -5.398 -6.479 -8.161-12.346
 Chlorine   -0.381 -0.288 -2.004 -3.943 -5.542 -6.768 -8.443-10.333
 Argon      -0.010 -1.868 -2.097 -4.061 -5.542 -6.841 -9.769
 Potassium  -4.812 -0.004 -2.025 -4.444 -3.479 -7.047 -9.894
 Calcium    -5.910 -1.276 -0.024 -3.376 -5.285 -6.807 -8.523-11.131
 Scandium   -4.555 -0.411 -0.217 -2.273 -4.061 -6.199 -7.470-10.801
 Titanium   -4.469 -0.010 -1.690 -2.751 -3.894 -6.549 -7.762-10.663
 Vanadium   -3.895 -0.005 -1.990 -3.216 -3.773 -6.054 -7.810 -9.981
 Chromium   -4.580 -0.003 -2.139 -3.466 -4.192 -5.924 -7.297-10.494
 Manganese  -3.440 -0.003 -2.171 -3.567 -4.111 -5.631 -7.273-10.058
 Iron       -4.035 -0.003 -2.252 -2.987 -4.490 -5.580 -7.470 -9.822
 Cobalt     -3.180 -0.002 -2.554 -3.294 -4.043 -5.715 -7.041 -9.596
 Nickel     -3.599 -0.001 -2.545 -3.657 -4.681 -6.016 -7.475 -9.983
 Copper     -3.340 -0.004 -2.090 -3.415 -4.985 -5.924 -7.511 -9.605
 Zinc       -3.728 -0.008 -1.918 -2.253 -3.125 -5.104 -6.587 -7.937-10.644

               1      2      3      4      5      6      7      8      9     10     11     12     13     14     15     16     17

 Hydrogen   -0.039 -1.070 -3.794 (H2)         Log10 Mean Ionisation (over area*electron density)
 Helium     -0.041 -1.091 -2.057
 Lithium    -4.123 -0.000 -3.499 -5.465
 Beryllium  -2.351 -0.036 -1.140 -2.775 -7.204
 Boron      -3.953 -0.011 -1.906 -1.927 -6.031-11.379
 Carbon     -3.316 -0.021 -1.333 -3.508 -4.965-10.281
 Nitrogen   -0.042 -1.156 -1.677 -3.593 -5.717 -8.837
 Oxygen     -0.038 -1.203 -1.686 -3.599 -5.576 -9.265
 Fluorine   -0.100 -0.879 -1.139 -3.533 -5.296 -9.621
 Neon       -0.108 -0.867 -1.074 -3.271 -5.685 -9.749
 Sodium     -3.560 -0.046 -1.008 -2.967 -4.583 -9.390
 Magnesium  -2.709 -0.044 -1.029 -3.296 -5.640 -9.410
 Aluminium  -4.226 -0.035 -1.639 -1.274 -3.318 -6.151-10.289
 Silicon    -4.205 -0.019 -1.395 -2.578 -3.845 -6.646-10.458
 Phosphorus -3.758 -0.012 -1.587 -2.787 -4.251 -5.423 -9.188
 Sulphur    -4.187 -0.036 -1.104 -3.062 -4.397 -5.479 -7.160-11.346
 Chlorine   -0.984 -0.108 -1.007 -2.942 -4.541 -5.768 -7.442 -9.333
 Argon      -0.105 -0.874 -1.097 -3.060 -4.541 -5.841 -8.768
 Potassium  -4.444 -0.044 -1.029 -3.444 -2.490 -6.046 -8.894
 Calcium    -5.010 -1.468 -0.017 -2.376 -4.285 -5.806 -7.523-10.131
 Scandium   -4.766 -0.727 -0.120 -1.272 -3.062 -5.199 -6.470 -9.800
 Titanium   -4.638 -0.066 -0.911 -1.751 -2.896 -5.548 -6.761 -9.663
 Vanadium   -3.592 -0.050 -0.993 -2.215 -2.773 -5.054 -6.809 -8.981
 Chromium   -4.503 -0.035 -1.138 -2.465 -3.191 -4.924 -6.296 -9.493
 Manganese  -3.761 -0.032 -1.170 -2.567 -3.111 -4.631 -6.272 -9.058
 Iron       -4.311 -0.030 -1.251 -1.987 -3.490 -4.580 -6.469 -8.821
 Cobalt     -3.064 -0.015 -1.554 -2.293 -3.043 -4.715 -6.041 -8.595
 Nickel     -3.878 -0.014 -1.545 -2.657 -3.681 -5.016 -6.475 -8.982
 Copper     -3.462 -0.038 -1.100 -2.415 -3.984 -4.924 -6.510 -8.605
 Zinc       -3.592 -0.085 -0.928 -1.282 -2.136 -4.104 -5.586 -6.937 -9.644

               1      2      3      4      5      6      7      8      9     10     11     12     13     14     15     16     17

 Hydrogen   -0.075 -0.799 -4.393 (H2)         Log10 Mean Ionisation (over radius*electron density)
 Helium     -0.080 -0.820 -1.786
 Lithium    -3.867 -0.000 -3.228 -5.194
 Beryllium  -2.082 -0.069 -0.869 -2.504 -6.933
 Boron      -3.693 -0.020 -1.635 -1.658 -5.760-11.108
 Carbon     -3.365 -0.040 -1.062 -3.237 -4.694-10.010
 Nitrogen   -0.081 -0.885 -1.406 -3.322 -5.446 -8.566
 Oxygen     -0.074 -0.932 -1.415 -3.328 -5.305 -8.994
 Fluorine   -0.205 -0.618 -0.869 -3.262 -5.025 -9.350
 Neon       -0.225 -0.608 -0.804 -3.000 -5.414 -9.478
 Sodium     -3.443 -0.089 -0.739 -2.696 -4.312 -9.119
 Magnesium  -2.451 -0.086 -0.758 -3.025 -5.369 -9.139
 Aluminium  -3.956 -0.066 -1.375 -1.005 -3.047 -5.880-10.018
 Silicon    -3.959 -0.036 -1.124 -2.307 -3.574 -6.375-10.187
 Phosphorus -3.732 -0.023 -1.321 -2.516 -3.980 -5.152 -8.917
 Sulphur    -3.957 -0.070 -0.834 -2.791 -4.126 -5.208 -6.889-11.075
 Chlorine   -2.116 -0.094 -0.739 -2.671 -4.270 -5.497 -7.171 -9.062
 Argon      -0.221 -0.608 -0.826 -2.789 -4.270 -5.570 -8.497
 Potassium  -4.264 -0.086 -0.762 -3.173 -2.228 -5.775 -8.622
 Calcium    -4.742 -1.483 -0.018 -2.105 -4.014 -5.535 -7.252 -9.859
 Scandium   -4.668 -0.959 -0.103 -1.002 -2.791 -4.928 -6.199 -9.529
 Titanium   -4.583 -0.121 -0.681 -1.480 -2.628 -5.277 -6.490 -9.392
 Vanadium   -3.414 -0.099 -0.725 -1.944 -2.502 -4.783 -6.538 -8.710
 Chromium   -4.327 -0.067 -0.867 -2.194 -2.920 -4.653 -6.025 -9.222
 Manganese  -3.862 -0.062 -0.899 -2.296 -2.840 -4.360 -6.001 -8.787
 Iron       -4.309 -0.058 -0.980 -1.716 -3.219 -4.309 -6.198 -8.550
 Cobalt     -2.875 -0.029 -1.283 -2.022 -2.772 -4.444 -5.770 -8.324
 Nickel     -3.883 -0.026 -1.274 -2.386 -3.410 -4.745 -6.203 -8.711
 Copper     -3.372 -0.072 -0.836 -2.143 -3.713 -4.653 -6.239 -8.334
 Zinc       -3.407 -0.170 -0.665 -1.030 -1.874 -3.833 -5.315 -6.666 -9.373

               1      2      3      4      5      6      7      8      9     10     11     12     13     14     15     16     17

 Hydrogen    0.939  2.351  0.934 (H2)                  Log10 Mean Temperature (over volume)
 Helium      0.939  3.560  4.111
 Lithium     0.939  0.939  4.139  4.148
 Beryllium   0.931  0.939  3.781  3.944  4.151
 Boron       0.929  0.939  4.085  3.710  4.146  4.158
 Carbon      0.931  0.939  3.955  4.141  4.145  4.158
 Nitrogen    0.939  3.890  4.142  4.151  4.150  4.158
 Oxygen      0.939  3.803  4.141  4.152  4.151  4.158
 Fluorine    0.939  3.177  3.269  4.149  4.146  4.158
 Neon        0.939  2.925  3.309  4.147  4.151  4.158
 Sodium      0.933  0.939  3.324  4.145  4.132  4.158
 Magnesium   0.930  0.939  3.552  4.144  4.151  4.158
 Aluminium   0.952  0.939  2.906  3.168  4.124  4.150  4.158
 Silicon     0.932  0.939  4.131  4.116  4.144  4.151  4.158
 Phosphorus  0.931  0.939  2.016  4.000  4.130  4.146  4.158
 Sulphur     0.918  0.939  3.638  4.127  4.112  4.145  4.152  4.158
 Chlorine    0.930  0.958  3.323  4.126  4.099  4.144  4.154  4.158
 Argon       0.939  3.714  3.990  4.139  4.137  4.142  4.158
 Potassium   0.936  0.939  3.333  3.966  3.003  4.145  4.158
 Calcium     0.928  0.931  0.939  3.273  3.750  4.145  4.155  4.159
 Scandium    0.925  0.933  0.944  3.885  3.402  4.145  4.145  4.158
 Titanium    0.929  0.939  0.968  4.132  3.665  4.147  4.147  4.158
 Vanadium    0.933  0.939  3.384  4.142  3.991  4.150  4.149  4.158
 Chromium    0.928  0.939  4.054  4.143  4.076  4.149  4.145  4.158
 Manganese   0.925  0.939  4.075  4.140  3.960  4.146  4.144  4.158
 Iron        0.928  0.939  4.102  4.107  4.142  4.147  4.146  4.158
 Cobalt      0.928  0.939  4.131  4.125  3.537  4.151  4.150  4.158
 Nickel      0.928  0.939  4.125  4.144  3.884  4.150  4.149  4.158
 Copper      0.929  0.939  2.459  4.146  4.148  4.146  4.146  4.158
 Zinc        0.928  0.939  3.094  2.110  2.501  4.147  4.148  4.150  4.158

               1      2      3      4      5      6      7      8      9     10     11     12     13     14     15     16     17

 Hydrogen    0.995  3.426  0.960 (H2)                  Log10 Mean Temperature (over area)
 Helium      0.995  3.811  4.111
 Lithium     1.145  0.995  4.141  4.148
 Beryllium   1.096  0.995  3.840  3.945  4.151
 Boron       0.981  0.995  4.087  3.756  4.146  4.158
 Carbon      0.956  0.995  3.974  4.141  4.145  4.158
 Nitrogen    0.995  3.911  4.142  4.151  4.150  4.158
 Oxygen      0.995  3.825  4.141  4.152  4.151  4.158
 Fluorine    0.990  3.421  3.405  4.149  4.146  4.158
 Neon        0.989  3.299  3.455  4.147  4.151  4.158
 Sodium      0.995  0.994  3.484  4.145  4.132  4.158
 Magnesium   1.031  0.995  3.673  4.144  4.151  4.158
 Aluminium   1.482  0.994  3.158  3.405  4.124  4.150  4.158
 Silicon     0.987  0.995  4.131  4.116  4.144  4.151  4.158
 Phosphorus  0.957  0.995  2.507  4.002  4.130  4.146  4.158
 Sulphur     0.938  0.994  3.733  4.127  4.112  4.145  4.152  4.158
 Chlorine    0.945  1.062  3.548  4.126  4.099  4.144  4.154  4.158
 Argon       0.990  3.758  4.004  4.139  4.137  4.142  4.158
 Potassium   1.053  0.993  3.537  4.024  3.366  4.145  4.158
 Calcium     1.032  0.957  0.998  3.393  3.767  4.145  4.155  4.159
 Scandium    0.939  0.960  1.023  3.914  3.475  4.145  4.145  4.158
 Titanium    0.956  0.991  1.356  4.134  3.707  4.147  4.147  4.158
 Vanadium    1.010  0.994  3.558  4.142  3.999  4.150  4.149  4.158
 Chromium    0.956  0.995  4.063  4.144  4.079  4.149  4.145  4.158
 Manganese   0.949  0.995  4.079  4.140  3.971  4.146  4.144  4.158
 Iron        0.949  0.995  4.104  4.113  4.142  4.147  4.146  4.158
 Cobalt      0.955  0.995  4.133  4.129  3.603  4.151  4.150  4.158
 Nickel      0.951  0.995  4.131  4.144  3.905  4.150  4.149  4.158
 Copper      0.953  0.995  2.628  4.146  4.148  4.146  4.146  4.158
 Zinc        0.965  0.992  3.280  2.397  2.665  4.147  4.148  4.150  4.158

               1      2      3      4      5      6      7      8      9     10     11     12     13     14     15     16     17

 Hydrogen    1.430  3.729  1.056 (H2)                  Log10 Mean Temperature (over radius)
 Helium      1.431  3.874  4.111
 Lithium     2.205  1.433  4.142  4.148
 Beryllium   2.269  1.428  3.861  3.945  4.151
 Boron       1.673  1.430  4.089  3.783  4.146  4.158
 Carbon      1.114  1.432  3.983  4.141  4.145  4.158
 Nitrogen    1.430  3.920  4.142  4.151  4.150  4.158
 Oxygen      1.430  3.843  4.142  4.152  4.151  4.158
 Fluorine    1.359  3.509  3.482  4.149  4.146  4.158
 Neon        1.353  3.424  3.535  4.147  4.151  4.158
 Sodium      1.630  1.421  3.570  4.145  4.132  4.158
 Magnesium   2.028  1.426  3.737  4.144  4.151  4.158
 Aluminium   2.827  1.419  3.309  3.539  4.124  4.150  4.158
 Silicon     1.629  1.432  4.131  4.116  4.144  4.151  4.158
 Phosphorus  1.183  1.431  2.834  4.004  4.130  4.146  4.158
 Sulphur     1.432  1.420  3.778  4.127  4.112  4.145  4.152  4.158
 Chlorine    0.974  1.584  3.644  4.126  4.099  4.144  4.154  4.158
 Argon       1.358  3.779  4.009  4.139  4.137  4.142  4.158
 Potassium   1.896  1.404  3.621  4.048  3.535  4.145  4.158
 Calcium     2.018  1.149  1.443  3.482  3.783  4.145  4.155  4.159
 Scandium    1.091  1.131  1.544  3.933  3.533  4.145  4.145  4.158
 Titanium    1.298  1.390  2.359  4.135  3.736  4.147  4.147  4.158
 Vanadium    1.707  1.412  3.625  4.142  4.006  4.150  4.149  4.158
 Chromium    1.362  1.432  4.067  4.144  4.081  4.149  4.145  4.158
 Manganese   1.237  1.432  4.081  4.141  3.981  4.146  4.144  4.158
 Iron        1.221  1.432  4.104  4.118  4.142  4.147  4.146  4.158
 Cobalt      1.349  1.432  4.134  4.132  3.661  4.151  4.150  4.158
 Nickel      1.259  1.432  4.134  4.145  3.924  4.150  4.149  4.158
 Copper      1.231  1.427  2.727  4.146  4.148  4.146  4.146  4.158
 Zinc        1.501  1.386  3.387  2.570  2.771  4.147  4.148  4.150  4.158

               1      2      3      4      5      6      7      8      9     10     11     12     13     14     15     16     17

 Hydrogen    2.315  4.115  1.068 (H2)          Log10 Mean Temperature (over volume*electron density)
 Helium      2.304  4.108  4.138
 Lithium     3.832  2.498  4.147  4.148
 Beryllium   4.017  2.343  4.093  4.050  4.151
 Boron       3.814  2.458  4.130  3.997  4.146  4.158
 Carbon      2.423  2.405  4.125  4.147  4.145  4.158
 Nitrogen    2.300  4.100  4.144  4.151  4.150  4.158
 Oxygen      2.317  4.108  4.144  4.152  4.151  4.158
 Fluorine    2.081  3.898  4.090  4.149  4.147  4.158
 Neon        2.042  3.877  4.077  4.148  4.151  4.158
 Sodium      2.700  2.309  4.057  4.147  4.148  4.158
 Magnesium   3.714  2.306  4.079  4.147  4.151  4.158
 Aluminium   4.080  2.376  3.970  4.028  4.142  4.150  4.158
 Silicon     3.625  2.410  4.139  4.140  4.147  4.151  4.158
 Phosphorus  2.581  2.451  4.075  4.123  4.144  4.146  4.158
 Sulphur     3.209  2.356  4.052  4.145  4.141  4.146  4.152  4.158
 Chlorine    0.970  2.599  4.024  4.146  4.142  4.144  4.154  4.158
 Argon       2.019  3.901  4.114  4.146  4.143  4.142  4.158
 Potassium   3.089  2.343  4.000  4.146  3.866  4.146  4.158
 Calcium     3.945  2.487  2.491  4.139  4.138  4.145  4.155  4.159
 Scandium    2.610  1.993  2.527  4.128  4.129  4.145  4.145  4.158
 Titanium    2.504  2.285  3.693  4.144  4.037  4.148  4.148  4.158
 Vanadium    3.094  2.284  4.048  4.146  4.140  4.150  4.149  4.158
 Chromium    2.952  2.331  4.125  4.146  4.144  4.149  4.145  4.158
 Manganese   2.011  2.345  4.128  4.147  4.142  4.146  4.144  4.158
 Iron        2.354  2.355  4.130  4.146  4.150  4.148  4.147  4.158
 Cobalt      3.038  2.429  4.142  4.149  4.148  4.151  4.151  4.158
 Nickel      2.312  2.437  4.143  4.150  4.149  4.150  4.150  4.158
 Copper      2.651  2.336  4.067  4.147  4.149  4.146  4.147  4.158
 Zinc        3.012  2.173  3.944  3.986  4.061  4.148  4.148  4.150  4.158

               1      2      3      4      5      6      7      8      9     10     11     12     13     14     15     16     17

 Hydrogen    3.319  4.115  1.703 (H2)          Log10 Mean Temperature (over area*electron density)
 Helium      3.310  4.108  4.138
 Lithium     4.007  3.479  4.147  4.148
 Beryllium   4.074  3.347  4.093  4.050  4.151
 Boron       4.075  3.447  4.130  3.998  4.146  4.158
 Carbon      3.633  3.400  4.125  4.147  4.145  4.158
 Nitrogen    3.307  4.100  4.144  4.151  4.150  4.158
 Oxygen      3.321  4.108  4.144  4.152  4.151  4.158
 Fluorine    3.122  3.905  4.092  4.149  4.147  4.158
 Neon        3.086  3.887  4.079  4.148  4.151  4.158
 Sodium      3.588  3.319  4.058  4.147  4.148  4.158
 Magnesium   4.014  3.315  4.079  4.147  4.151  4.158
 Aluminium   4.099  3.381  3.978  4.031  4.142  4.150  4.158
 Silicon     4.026  3.404  4.139  4.140  4.147  4.151  4.158
 Phosphorus  3.725  3.440  4.084  4.123  4.144  4.146  4.158
 Sulphur     3.978  3.361  4.053  4.145  4.141  4.146  4.152  4.158
 Chlorine    1.201  3.399  4.026  4.146  4.142  4.144  4.154  4.158
 Argon       3.057  3.902  4.114  4.146  4.143  4.142  4.158
 Potassium   3.714  3.356  4.003  4.146  3.873  4.146  4.158
 Calcium     4.044  3.666  3.464  4.139  4.138  4.145  4.155  4.159
 Scandium    3.812  3.262  3.409  4.128  4.129  4.145  4.145  4.158
 Titanium    3.658  3.311  3.912  4.144  4.038  4.148  4.148  4.158
 Vanadium    3.786  3.297  4.050  4.146  4.140  4.150  4.149  4.158
 Chromium    3.870  3.334  4.125  4.146  4.144  4.149  4.145  4.158
 Manganese   3.285  3.346  4.128  4.147  4.142  4.146  4.144  4.158
 Iron        3.611  3.355  4.130  4.146  4.150  4.148  4.147  4.158
 Cobalt      3.919  3.420  4.142  4.149  4.148  4.151  4.151  4.158
 Nickel      3.569  3.426  4.143  4.150  4.149  4.150  4.150  4.158
 Copper      3.764  3.342  4.077  4.147  4.149  4.146  4.147  4.158
 Zinc        3.871  3.209  3.952  4.015  4.072  4.148  4.148  4.150  4.158

               1      2      3      4      5      6      7      8      9     10     11     12     13     14     15     16     17

 Hydrogen    3.616  4.115  2.407 (H2)          Log10 Mean Temperature (over radius*electron density)
 Helium      3.609  4.108  4.138
 Lithium     4.021  3.743  4.147  4.148
 Beryllium   4.076  3.641  4.094  4.050  4.151
 Boron       4.086  3.720  4.130  3.999  4.146  4.158
 Carbon      3.951  3.681  4.125  4.147  4.145  4.158
 Nitrogen    3.606  4.100  4.144  4.151  4.150  4.158
 Oxygen      3.618  4.109  4.144  4.152  4.151  4.158
 Fluorine    3.484  3.911  4.093  4.149  4.147  4.158
 Neon        3.458  3.895  4.080  4.148  4.151  4.158
 Sodium      3.736  3.623  4.060  4.147  4.148  4.158
 Magnesium   4.026  3.617  4.080  4.147  4.151  4.158
 Aluminium   4.100  3.675  3.983  4.032  4.142  4.150  4.158
 Silicon     4.051  3.684  4.139  4.140  4.147  4.151  4.158
 Phosphorus  3.968  3.714  4.088  4.123  4.144  4.146  4.158
 Sulphur     4.018  3.657  4.054  4.145  4.141  4.146  4.152  4.158
 Chlorine    2.189  3.646  4.028  4.146  4.142  4.144  4.154  4.158
 Argon       3.425  3.904  4.114  4.146  4.143  4.142  4.158
 Potassium   3.800  3.659  4.005  4.146  3.878  4.146  4.158
 Calcium     4.048  3.950  3.729  4.140  4.139  4.145  4.155  4.159
 Scandium    3.984  3.760  3.653  4.128  4.130  4.145  4.145  4.158
 Titanium    3.872  3.627  3.950  4.144  4.040  4.148  4.148  4.158
 Vanadium    3.876  3.606  4.052  4.146  4.140  4.150  4.149  4.158
 Chromium    3.963  3.627  4.125  4.146  4.144  4.149  4.145  4.158
 Manganese   3.647  3.637  4.128  4.147  4.142  4.146  4.144  4.158
 Iron        3.877  3.644  4.130  4.146  4.150  4.148  4.147  4.158
 Cobalt      4.000  3.697  4.142  4.149  4.148  4.151  4.151  4.158
 Nickel      3.840  3.702  4.143  4.150  4.149  4.150  4.150  4.158
 Copper      3.943  3.637  4.084  4.147  4.149  4.146  4.147  4.158
 Zinc        3.955  3.551  3.958  4.033  4.081  4.148  4.148  4.150  4.158

               1      2      3      4      5      6      7      8      9     10     11     12     13     14     15     16     17
CIV QSO  

---------------Convergence statistics---------------
      2.11 mean iterations/state convergence
      2.64 mean cx acceleration loops/iteration
      1.16 mean iso convergence loops/ion solve
         1 mean steps/chemistry solve
         1 mean step length searches/chemistry step
----------------------------------------------------

 Cloudy ends: 552 zones, 4 iterations, 2 cautions. (single thread) ExecTime(s) 1133.34
 [Stop in cdMain at maincl.cpp:496, Cloudy exited OK]
