   1.5381945E+03   5.7600000E+02   0.0000000E+00   0.0000000E+00   0.0000000E+00
   1.5382021E+03   5.9100000E+02   0.0000000E+00   0.0000000E+00   0.0000000E+00
   1.5382096E+03   5.7500000E+02   0.0000000E+00   0.0000000E+00   0.0000000E+00
   1.5382171E+03   5.9700000E+02   0.0000000E+00   0.0000000E+00   0.0000000E+00
   1.5382246E+03   5.7900000E+02   0.0000000E+00   0.0000000E+00   0.0000000E+00
   1.5382322E+03   5.5800000E+02   0.0000000E+00   0.0000000E+00   0.0000000E+00
   1.5382397E+03   5.4700000E+02   0.0000000E+00   0.0000000E+00   0.0000000E+00
   1.5382472E+03   5.7300000E+02   0.0000000E+00   0.0000000E+00   0.0000000E+00
   1.5382548E+03   5.6700000E+02   0.0000000E+00   0.0000000E+00   0.0000000E+00
   1.5382623E+03   5.6800000E+02   0.0000000E+00   0.0000000E+00   0.0000000E+00
   1.5382698E+03   5.6600000E+02   0.0000000E+00   0.0000000E+00   0.0000000E+00
   1.5382773E+03   5.5200000E+02   0.0000000E+00   0.0000000E+00   0.0000000E+00
   1.5382849E+03   5.3900000E+02   0.0000000E+00   0.0000000E+00   0.0000000E+00
   1.5382924E+03   5.7000000E+02   0.0000000E+00   0.0000000E+00   0.0000000E+00
   1.5382999E+03   5.8000000E+02   0.0000000E+00   0.0000000E+00   0.0000000E+00
   1.5383075E+03   5.9200000E+02   0.0000000E+00   0.0000000E+00   0.0000000E+00
   1.5383150E+03   5.6200000E+02   0.0000000E+00   0.0000000E+00   0.0000000E+00
   1.5383225E+03   5.6300000E+02   0.0000000E+00   0.0000000E+00   0.0000000E+00
   1.5383300E+03   5.3100000E+02   0.0000000E+00   0.0000000E+00   0.0000000E+00
   1.5383376E+03   5.6600000E+02   0.0000000E+00   0.0000000E+00   0.0000000E+00
   1.5383451E+03   6.0600000E+02   0.0000000E+00   0.0000000E+00   0.0000000E+00
   1.5383526E+03   5.5300000E+02   0.0000000E+00   0.0000000E+00   0.0000000E+00
   1.5383602E+03   5.4500000E+02   0.0000000E+00   0.0000000E+00   0.0000000E+00
   1.5383677E+03   5.2900000E+02   0.0000000E+00   0.0000000E+00   0.0000000E+00
   1.5383752E+03   5.6500000E+02   0.0000000E+00   0.0000000E+00   0.0000000E+00
   1.5383827E+03   5.6400000E+02   0.0000000E+00   0.0000000E+00   0.0000000E+00
   1.5383903E+03   5.1500000E+02   0.0000000E+00   0.0000000E+00   0.0000000E+00
   1.5383978E+03   5.8400000E+02   0.0000000E+00   0.0000000E+00   0.0000000E+00
   1.5384053E+03   5.6500000E+02   0.0000000E+00   0.0000000E+00   0.0000000E+00
   1.5384128E+03   6.4900000E+02   0.0000000E+00   0.0000000E+00   0.0000000E+00
   1.5384204E+03   5.7900000E+02   0.0000000E+00   0.0000000E+00   0.0000000E+00
   1.5384279E+03   5.8200000E+02   0.0000000E+00   0.0000000E+00   0.0000000E+00
   1.5384354E+03   5.6100000E+02   0.0000000E+00   0.0000000E+00   0.0000000E+00
   1.5384430E+03   5.6800000E+02   0.0000000E+00   0.0000000E+00   0.0000000E+00
   1.5384505E+03   5.7700000E+02   0.0000000E+00   0.0000000E+00   0.0000000E+00
   1.5384580E+03   5.9600000E+02   0.0000000E+00   0.0000000E+00   0.0000000E+00
   1.5384655E+03   5.6600000E+02   0.0000000E+00   0.0000000E+00   0.0000000E+00
   1.5384731E+03   5.8800000E+02   0.0000000E+00   0.0000000E+00   0.0000000E+00
   1.5384806E+03   5.6800000E+02   0.0000000E+00   0.0000000E+00   0.0000000E+00
   1.5384881E+03   5.6700000E+02   0.0000000E+00   0.0000000E+00   0.0000000E+00
   1.5384957E+03   5.6300000E+02   0.0000000E+00   0.0000000E+00   0.0000000E+00
   1.5385032E+03   5.5000000E+02   0.0000000E+00   0.0000000E+00   0.0000000E+00
   1.5385107E+03   5.8000000E+02   0.0000000E+00   0.0000000E+00   0.0000000E+00
   1.5385182E+03   5.8500000E+02   0.0000000E+00   0.0000000E+00   0.0000000E+00
   1.5385258E+03   5.7000000E+02   0.0000000E+00   0.0000000E+00   0.0000000E+00
   1.5385333E+03   5.6500000E+02   0.0000000E+00   0.0000000E+00   0.0000000E+00
   1.5385408E+03   5.4700000E+02   0.0000000E+00   0.0000000E+00   0.0000000E+00
   1.5385484E+03   5.2700000E+02   0.0000000E+00   0.0000000E+00   0.0000000E+00
   1.5385559E+03   5.9800000E+02   0.0000000E+00   0.0000000E+00   0.0000000E+00
   1.5385634E+03   5.5600000E+02   0.0000000E+00   0.0000000E+00   0.0000000E+00
   1.5385709E+03   5.6500000E+02   0.0000000E+00   0.0000000E+00   0.0000000E+00
   1.5385785E+03   5.3900000E+02   0.0000000E+00   0.0000000E+00   0.0000000E+00
   1.5385860E+03   6.0100000E+02   0.0000000E+00   0.0000000E+00   0.0000000E+00
   1.5385935E+03   5.7400000E+02   0.0000000E+00   0.0000000E+00   0.0000000E+00
   1.5386011E+03   5.7800000E+02   0.0000000E+00   0.0000000E+00   0.0000000E+00
   1.5386086E+03   5.9100000E+02   0.0000000E+00   0.0000000E+00   0.0000000E+00
   1.5386161E+03   5.4700000E+02   0.0000000E+00   0.0000000E+00   0.0000000E+00
   1.5386236E+03   5.7900000E+02   0.0000000E+00   0.0000000E+00   0.0000000E+00
   1.5386312E+03   5.8700000E+02   0.0000000E+00   0.0000000E+00   0.0000000E+00
   1.5386387E+03   5.9700000E+02   0.0000000E+00   0.0000000E+00   0.0000000E+00
   1.5386462E+03   5.6900000E+02   0.0000000E+00   0.0000000E+00   0.0000000E+00
   1.5386538E+03   5.8400000E+02   0.0000000E+00   0.0000000E+00   0.0000000E+00
   1.5386613E+03   5.5600000E+02   0.0000000E+00   0.0000000E+00   0.0000000E+00
   1.5386688E+03   5.7800000E+02   0.0000000E+00   0.0000000E+00   0.0000000E+00
   1.5386763E+03   5.6700000E+02   0.0000000E+00   0.0000000E+00   0.0000000E+00
   1.5386839E+03   5.5900000E+02   0.0000000E+00   0.0000000E+00   0.0000000E+00
   1.5386914E+03   5.7000000E+02   0.0000000E+00   0.0000000E+00   0.0000000E+00
   1.5386989E+03   5.7800000E+02   0.0000000E+00   0.0000000E+00   0.0000000E+00
   1.5387065E+03   6.0300000E+02   0.0000000E+00   0.0000000E+00   0.0000000E+00
   1.5387140E+03   5.3400000E+02   0.0000000E+00   0.0000000E+00   0.0000000E+00
   1.5387215E+03   5.5200000E+02   0.0000000E+00   0.0000000E+00   0.0000000E+00
   1.5387290E+03   5.6400000E+02   0.0000000E+00   0.0000000E+00   0.0000000E+00
   1.5387366E+03   5.1100000E+02   0.0000000E+00   0.0000000E+00   0.0000000E+00
   1.5387441E+03   5.9400000E+02   0.0000000E+00   0.0000000E+00   0.0000000E+00
   1.5387516E+03   5.6000000E+02   0.0000000E+00   0.0000000E+00   0.0000000E+00
   1.5387592E+03   5.3900000E+02   0.0000000E+00   0.0000000E+00   0.0000000E+00
   1.5387667E+03   5.7000000E+02   0.0000000E+00   0.0000000E+00   0.0000000E+00
   1.5387742E+03   5.6300000E+02   0.0000000E+00   0.0000000E+00   0.0000000E+00
   1.5387817E+03   5.6700000E+02   0.0000000E+00   0.0000000E+00   0.0000000E+00
   1.5387893E+03   5.9700000E+02   0.0000000E+00   0.0000000E+00   0.0000000E+00
   1.5387968E+03   5.9700000E+02   0.0000000E+00   0.0000000E+00   0.0000000E+00
   1.5388043E+03   5.9300000E+02   0.0000000E+00   0.0000000E+00   0.0000000E+00
   1.5388119E+03   6.0000000E+02   0.0000000E+00   0.0000000E+00   0.0000000E+00
   1.5388194E+03   5.5200000E+02   0.0000000E+00   0.0000000E+00   0.0000000E+00
   1.5388269E+03   6.0500000E+02   0.0000000E+00   0.0000000E+00   0.0000000E+00
   1.5388344E+03   5.9100000E+02   0.0000000E+00   0.0000000E+00   0.0000000E+00
   1.5388420E+03   5.6300000E+02   0.0000000E+00   0.0000000E+00   0.0000000E+00
   1.5388495E+03   5.6000000E+02   0.0000000E+00   0.0000000E+00   0.0000000E+00
   1.5388570E+03   5.7000000E+02   0.0000000E+00   0.0000000E+00   0.0000000E+00
   1.5388646E+03   5.9300000E+02   0.0000000E+00   0.0000000E+00   0.0000000E+00
   1.5388721E+03   6.2000000E+02   0.0000000E+00   0.0000000E+00   0.0000000E+00
   1.5388796E+03   5.7800000E+02   0.0000000E+00   0.0000000E+00   0.0000000E+00
   1.5388871E+03   6.0100000E+02   0.0000000E+00   0.0000000E+00   0.0000000E+00
   1.5388947E+03   5.7500000E+02   0.0000000E+00   0.0000000E+00   0.0000000E+00
   1.5389022E+03   5.8600000E+02   0.0000000E+00   0.0000000E+00   0.0000000E+00
   1.5389097E+03   5.6200000E+02   0.0000000E+00   0.0000000E+00   0.0000000E+00
   1.5389172E+03   5.9400000E+02   0.0000000E+00   0.0000000E+00   0.0000000E+00
   1.5389248E+03   5.5600000E+02   0.0000000E+00   0.0000000E+00   0.0000000E+00
   1.5389323E+03   5.6700000E+02   0.0000000E+00   0.0000000E+00   0.0000000E+00
   1.5389398E+03   6.2500000E+02   0.0000000E+00   0.0000000E+00   0.0000000E+00
   1.5389474E+03   5.4500000E+02   0.0000000E+00   0.0000000E+00   0.0000000E+00
   1.5389549E+03   5.7900000E+02   0.0000000E+00   0.0000000E+00   0.0000000E+00
   1.5389624E+03   5.7400000E+02   0.0000000E+00   0.0000000E+00   0.0000000E+00
   1.5389699E+03   5.8200000E+02   0.0000000E+00   0.0000000E+00   0.0000000E+00
   1.5389775E+03   5.6800000E+02   0.0000000E+00   0.0000000E+00   0.0000000E+00
   1.5389850E+03   5.8400000E+02   0.0000000E+00   0.0000000E+00   0.0000000E+00
   1.5389925E+03   5.6000000E+02   0.0000000E+00   0.0000000E+00   0.0000000E+00
   1.5390001E+03   5.3600000E+02   0.0000000E+00   0.0000000E+00   0.0000000E+00
   1.5390076E+03   5.9500000E+02   0.0000000E+00   0.0000000E+00   0.0000000E+00
   1.5390151E+03   5.9600000E+02   0.0000000E+00   0.0000000E+00   0.0000000E+00
   1.5390226E+03   5.9400000E+02   0.0000000E+00   0.0000000E+00   0.0000000E+00
   1.5390302E+03   5.5800000E+02   0.0000000E+00   0.0000000E+00   0.0000000E+00
   1.5390377E+03   5.4000000E+02   0.0000000E+00   0.0000000E+00   0.0000000E+00
   1.5390452E+03   5.8100000E+02   0.0000000E+00   0.0000000E+00   0.0000000E+00
   1.5390528E+03   6.0900000E+02   0.0000000E+00   0.0000000E+00   0.0000000E+00
   1.5390603E+03   6.0600000E+02   0.0000000E+00   0.0000000E+00   0.0000000E+00
   1.5390678E+03   6.1300000E+02   0.0000000E+00   0.0000000E+00   0.0000000E+00
   1.5390753E+03   5.4900000E+02   0.0000000E+00   0.0000000E+00   0.0000000E+00
   1.5390829E+03   5.6400000E+02   0.0000000E+00   0.0000000E+00   0.0000000E+00
   1.5390904E+03   5.4600000E+02   0.0000000E+00   0.0000000E+00   0.0000000E+00
   1.5390979E+03   5.5200000E+02   0.0000000E+00   0.0000000E+00   0.0000000E+00
   1.5391055E+03   5.6900000E+02   0.0000000E+00   0.0000000E+00   0.0000000E+00
   1.5391130E+03   5.5400000E+02   0.0000000E+00   0.0000000E+00   0.0000000E+00
   1.5391205E+03   5.4100000E+02   0.0000000E+00   0.0000000E+00   0.0000000E+00
   1.5391280E+03   5.5200000E+02   0.0000000E+00   0.0000000E+00   0.0000000E+00
   1.5391356E+03   6.1100000E+02   0.0000000E+00   0.0000000E+00   0.0000000E+00
   1.5391431E+03   5.7600000E+02   0.0000000E+00   0.0000000E+00   0.0000000E+00
   1.5391506E+03   5.8000000E+02   0.0000000E+00   0.0000000E+00   0.0000000E+00
   1.5391582E+03   5.9000000E+02   0.0000000E+00   0.0000000E+00   0.0000000E+00
   1.5391657E+03   5.6500000E+02   0.0000000E+00   0.0000000E+00   0.0000000E+00
   1.5391732E+03   5.5300000E+02   0.0000000E+00   0.0000000E+00   0.0000000E+00
   1.5391807E+03   5.7000000E+02   0.0000000E+00   0.0000000E+00   0.0000000E+00
   1.5391883E+03   6.0000000E+02   0.0000000E+00   0.0000000E+00   0.0000000E+00
   1.5391958E+03   6.0700000E+02   0.0000000E+00   0.0000000E+00   0.0000000E+00
   1.5392033E+03   5.6900000E+02   0.0000000E+00   0.0000000E+00   0.0000000E+00
   1.5392109E+03   5.6100000E+02   0.0000000E+00   0.0000000E+00   0.0000000E+00
   1.5392184E+03   5.7800000E+02   0.0000000E+00   0.0000000E+00   0.0000000E+00
   1.5392259E+03   5.6100000E+02   0.0000000E+00   0.0000000E+00   0.0000000E+00
   1.5392334E+03   5.3600000E+02   0.0000000E+00   0.0000000E+00   0.0000000E+00
   1.5392410E+03   5.7500000E+02   0.0000000E+00   0.0000000E+00   0.0000000E+00
   1.5392485E+03   5.5900000E+02   0.0000000E+00   0.0000000E+00   0.0000000E+00
   1.5392560E+03   5.7800000E+02   0.0000000E+00   0.0000000E+00   0.0000000E+00
   1.5392636E+03   6.2800000E+02   0.0000000E+00   0.0000000E+00   0.0000000E+00
   1.5392711E+03   5.5900000E+02   0.0000000E+00   0.0000000E+00   0.0000000E+00
   1.5392786E+03   5.7000000E+02   0.0000000E+00   0.0000000E+00   0.0000000E+00
   1.5392861E+03   5.7700000E+02   0.0000000E+00   0.0000000E+00   0.0000000E+00
   1.5392937E+03   5.6400000E+02   0.0000000E+00   0.0000000E+00   0.0000000E+00
   1.5393012E+03   5.9300000E+02   0.0000000E+00   0.0000000E+00   0.0000000E+00
   1.5393087E+03   5.3100000E+02   0.0000000E+00   0.0000000E+00   0.0000000E+00
   1.5393162E+03   5.4600000E+02   0.0000000E+00   0.0000000E+00   0.0000000E+00
   1.5393238E+03   5.6400000E+02   0.0000000E+00   0.0000000E+00   0.0000000E+00
   1.5393313E+03   5.5500000E+02   0.0000000E+00   0.0000000E+00   0.0000000E+00
   1.5393388E+03   5.6700000E+02   0.0000000E+00   0.0000000E+00   0.0000000E+00
   1.5393464E+03   5.7300000E+02   0.0000000E+00   0.0000000E+00   0.0000000E+00
   1.5393539E+03   5.8900000E+02   0.0000000E+00   0.0000000E+00   0.0000000E+00
   1.5393614E+03   6.3200000E+02   0.0000000E+00   0.0000000E+00   0.0000000E+00
   1.5393689E+03   5.9200000E+02   0.0000000E+00   0.0000000E+00   0.0000000E+00
   1.5393765E+03   6.0700000E+02   0.0000000E+00   0.0000000E+00   0.0000000E+00
   1.5393840E+03   5.7200000E+02   0.0000000E+00   0.0000000E+00   0.0000000E+00
   1.5393915E+03   5.8900000E+02   0.0000000E+00   0.0000000E+00   0.0000000E+00
   1.5393991E+03   6.0100000E+02   0.0000000E+00   0.0000000E+00   0.0000000E+00
   1.5394066E+03   5.8000000E+02   0.0000000E+00   0.0000000E+00   0.0000000E+00
   1.5394141E+03   5.6000000E+02   0.0000000E+00   0.0000000E+00   0.0000000E+00
   1.5394216E+03   5.9100000E+02   0.0000000E+00   0.0000000E+00   0.0000000E+00
   1.5394292E+03   5.4600000E+02   0.0000000E+00   0.0000000E+00   0.0000000E+00
   1.5394367E+03   5.8100000E+02   0.0000000E+00   0.0000000E+00   0.0000000E+00
   1.5394442E+03   5.8200000E+02   0.0000000E+00   0.0000000E+00   0.0000000E+00
   1.5394518E+03   5.8200000E+02   0.0000000E+00   0.0000000E+00   0.0000000E+00
   1.5394593E+03   5.9900000E+02   0.0000000E+00   0.0000000E+00   0.0000000E+00
   1.5394668E+03   5.5100000E+02   0.0000000E+00   0.0000000E+00   0.0000000E+00
   1.5394743E+03   5.9500000E+02   0.0000000E+00   0.0000000E+00   0.0000000E+00
   1.5394819E+03   5.7500000E+02   0.0000000E+00   0.0000000E+00   0.0000000E+00
   1.5394894E+03   5.6700000E+02   0.0000000E+00   0.0000000E+00   0.0000000E+00
   1.5394969E+03   5.4300000E+02   0.0000000E+00   0.0000000E+00   0.0000000E+00
   1.5395045E+03   5.7500000E+02   0.0000000E+00   0.0000000E+00   0.0000000E+00
   1.5395120E+03   5.4500000E+02   0.0000000E+00   0.0000000E+00   0.0000000E+00
   1.5395195E+03   5.9700000E+02   0.0000000E+00   0.0000000E+00   0.0000000E+00
   1.5395270E+03   5.7800000E+02   0.0000000E+00   0.0000000E+00   0.0000000E+00
   1.5395346E+03   5.7000000E+02   0.0000000E+00   0.0000000E+00   0.0000000E+00
   1.5395421E+03   5.7000000E+02   0.0000000E+00   0.0000000E+00   0.0000000E+00
   1.5395496E+03   5.6800000E+02   0.0000000E+00   0.0000000E+00   0.0000000E+00
   1.5395572E+03   5.4400000E+02   0.0000000E+00   0.0000000E+00   0.0000000E+00
   1.5395647E+03   5.6100000E+02   0.0000000E+00   0.0000000E+00   0.0000000E+00
   1.5395722E+03   5.2100000E+02   0.0000000E+00   0.0000000E+00   0.0000000E+00
   1.5395797E+03   5.5400000E+02   0.0000000E+00   0.0000000E+00   0.0000000E+00
   1.5395873E+03   5.7900000E+02   0.0000000E+00   0.0000000E+00   0.0000000E+00
   1.5395948E+03   5.4900000E+02   0.0000000E+00   0.0000000E+00   0.0000000E+00
   1.5396023E+03   6.0000000E+02   0.0000000E+00   0.0000000E+00   0.0000000E+00
   1.5396099E+03   5.1700000E+02   0.0000000E+00   0.0000000E+00   0.0000000E+00
   1.5396174E+03   5.4400000E+02   0.0000000E+00   0.0000000E+00   0.0000000E+00
   1.5396249E+03   5.6500000E+02   0.0000000E+00   0.0000000E+00   0.0000000E+00
   1.5396324E+03   5.6100000E+02   0.0000000E+00   0.0000000E+00   0.0000000E+00
   1.5396400E+03   5.6500000E+02   0.0000000E+00   0.0000000E+00   0.0000000E+00
   1.5396475E+03   5.8500000E+02   0.0000000E+00   0.0000000E+00   0.0000000E+00
   1.5396550E+03   5.7700000E+02   0.0000000E+00   0.0000000E+00   0.0000000E+00
   1.5396626E+03   5.7600000E+02   0.0000000E+00   0.0000000E+00   0.0000000E+00
   1.5396701E+03   5.8400000E+02   0.0000000E+00   0.0000000E+00   0.0000000E+00
   1.5396776E+03   5.7100000E+02   0.0000000E+00   0.0000000E+00   0.0000000E+00
   1.5396851E+03   5.6700000E+02   0.0000000E+00   0.0000000E+00   0.0000000E+00
   1.5396927E+03   5.7700000E+02   0.0000000E+00   0.0000000E+00   0.0000000E+00
   1.5397002E+03   5.5000000E+02   0.0000000E+00   0.0000000E+00   0.0000000E+00
   1.5397077E+03   5.9500000E+02   0.0000000E+00   0.0000000E+00   0.0000000E+00
   1.5397153E+03   5.6400000E+02   0.0000000E+00   0.0000000E+00   0.0000000E+00
   1.5397228E+03   5.8100000E+02   0.0000000E+00   0.0000000E+00   0.0000000E+00
   1.5397303E+03   5.5000000E+02   0.0000000E+00   0.0000000E+00   0.0000000E+00
   1.5397378E+03   6.0500000E+02   0.0000000E+00   0.0000000E+00   0.0000000E+00
   1.5397454E+03   5.6900000E+02   0.0000000E+00   0.0000000E+00   0.0000000E+00
   1.5397529E+03   5.7600000E+02   0.0000000E+00   0.0000000E+00   0.0000000E+00
   1.5397604E+03   5.8600000E+02   0.0000000E+00   0.0000000E+00   0.0000000E+00
   1.5397679E+03   5.4100000E+02   0.0000000E+00   0.0000000E+00   0.0000000E+00
   1.5397755E+03   5.9000000E+02   0.0000000E+00   0.0000000E+00   0.0000000E+00
   1.5397830E+03   5.6600000E+02   0.0000000E+00   0.0000000E+00   0.0000000E+00
   1.5397905E+03   5.7100000E+02   0.0000000E+00   0.0000000E+00   0.0000000E+00
   1.5397981E+03   5.8600000E+02   0.0000000E+00   0.0000000E+00   0.0000000E+00
   1.5398056E+03   5.7300000E+02   0.0000000E+00   0.0000000E+00   0.0000000E+00
   1.5398131E+03   5.8100000E+02   0.0000000E+00   0.0000000E+00   0.0000000E+00
   1.5398206E+03   5.8800000E+02   0.0000000E+00   0.0000000E+00   0.0000000E+00
   1.5398282E+03   5.6100000E+02   0.0000000E+00   0.0000000E+00   0.0000000E+00
   1.5398357E+03   5.2400000E+02   0.0000000E+00   0.0000000E+00   0.0000000E+00
   1.5398432E+03   5.1500000E+02   0.0000000E+00   0.0000000E+00   0.0000000E+00
   1.5398508E+03   5.7400000E+02   0.0000000E+00   0.0000000E+00   0.0000000E+00
   1.5398583E+03   6.1300000E+02   0.0000000E+00   0.0000000E+00   0.0000000E+00
   1.5398658E+03   5.6700000E+02   0.0000000E+00   0.0000000E+00   0.0000000E+00
   1.5398733E+03   5.4300000E+02   0.0000000E+00   0.0000000E+00   0.0000000E+00
   1.5398809E+03   5.5400000E+02   0.0000000E+00   0.0000000E+00   0.0000000E+00
   1.5398884E+03   5.6500000E+02   0.0000000E+00   0.0000000E+00   0.0000000E+00
   1.5398959E+03   6.0900000E+02   0.0000000E+00   0.0000000E+00   0.0000000E+00
   1.5399035E+03   5.6300000E+02   0.0000000E+00   0.0000000E+00   0.0000000E+00
   1.5399110E+03   6.0300000E+02   0.0000000E+00   0.0000000E+00   0.0000000E+00
   1.5399185E+03   6.1200000E+02   0.0000000E+00   0.0000000E+00   0.0000000E+00
   1.5399260E+03   5.9200000E+02   0.0000000E+00   0.0000000E+00   0.0000000E+00
   1.5399336E+03   5.8300000E+02   0.0000000E+00   0.0000000E+00   0.0000000E+00
   1.5399411E+03   6.1500000E+02   0.0000000E+00   0.0000000E+00   0.0000000E+00
   1.5399486E+03   5.9400000E+02   0.0000000E+00   0.0000000E+00   0.0000000E+00
   1.5399562E+03   5.6500000E+02   0.0000000E+00   0.0000000E+00   0.0000000E+00
   1.5399637E+03   6.0100000E+02   0.0000000E+00   0.0000000E+00   0.0000000E+00
   1.5399712E+03   5.3700000E+02   0.0000000E+00   0.0000000E+00   0.0000000E+00
   1.5399787E+03   5.5800000E+02   0.0000000E+00   0.0000000E+00   0.0000000E+00
   1.5399863E+03   5.8600000E+02   0.0000000E+00   0.0000000E+00   0.0000000E+00
   1.5399938E+03   6.1300000E+02   0.0000000E+00   0.0000000E+00   0.0000000E+00
   1.5400013E+03   6.3300000E+02   0.0000000E+00   0.0000000E+00   0.0000000E+00
   1.5400089E+03   5.6400000E+02   0.0000000E+00   0.0000000E+00   0.0000000E+00
   1.5400164E+03   5.3100000E+02   0.0000000E+00   0.0000000E+00   0.0000000E+00
   1.5400239E+03   6.2000000E+02   0.0000000E+00   0.0000000E+00   0.0000000E+00
   1.5400314E+03   5.8500000E+02   0.0000000E+00   0.0000000E+00   0.0000000E+00
   1.5400390E+03   5.6600000E+02   0.0000000E+00   0.0000000E+00   0.0000000E+00
   1.5400465E+03   5.7500000E+02   0.0000000E+00   0.0000000E+00   0.0000000E+00
   1.5400540E+03   5.7300000E+02   0.0000000E+00   0.0000000E+00   0.0000000E+00
   1.5400616E+03   5.7100000E+02   0.0000000E+00   0.0000000E+00   0.0000000E+00
   1.5400691E+03   5.7900000E+02   0.0000000E+00   0.0000000E+00   0.0000000E+00
   1.5400766E+03   6.2200000E+02   0.0000000E+00   0.0000000E+00   0.0000000E+00
   1.5400841E+03   5.7500000E+02   0.0000000E+00   0.0000000E+00   0.0000000E+00
   1.5400917E+03   5.7200000E+02   0.0000000E+00   0.0000000E+00   0.0000000E+00
   1.5400992E+03   5.8600000E+02   0.0000000E+00   0.0000000E+00   0.0000000E+00
   1.5401067E+03   5.9100000E+02   0.0000000E+00   0.0000000E+00   0.0000000E+00
   1.5401143E+03   6.1800000E+02   0.0000000E+00   0.0000000E+00   0.0000000E+00
   1.5401218E+03   5.9100000E+02   0.0000000E+00   0.0000000E+00   0.0000000E+00
   1.5401293E+03   6.1400000E+02   0.0000000E+00   0.0000000E+00   0.0000000E+00
   1.5401368E+03   5.8700000E+02   0.0000000E+00   0.0000000E+00   0.0000000E+00
   1.5401444E+03   6.2000000E+02   0.0000000E+00   0.0000000E+00   0.0000000E+00
   1.5401519E+03   5.8800000E+02   0.0000000E+00   0.0000000E+00   0.0000000E+00
   1.5401594E+03   6.0500000E+02   0.0000000E+00   0.0000000E+00   0.0000000E+00
   1.5401670E+03   5.1400000E+02   0.0000000E+00   0.0000000E+00   0.0000000E+00
   1.5401745E+03   5.9100000E+02   0.0000000E+00   0.0000000E+00   0.0000000E+00
   1.5401820E+03   5.7700000E+02   0.0000000E+00   0.0000000E+00   0.0000000E+00
   1.5401895E+03   5.8000000E+02   0.0000000E+00   0.0000000E+00   0.0000000E+00
   1.5401971E+03   5.7100000E+02   0.0000000E+00   0.0000000E+00   0.0000000E+00
   1.5402046E+03   5.7500000E+02   0.0000000E+00   0.0000000E+00   0.0000000E+00
   1.5402121E+03   5.7600000E+02   0.0000000E+00   0.0000000E+00   0.0000000E+00
   1.5402197E+03   5.7000000E+02   0.0000000E+00   0.0000000E+00   0.0000000E+00
   1.5402272E+03   5.6200000E+02   0.0000000E+00   0.0000000E+00   0.0000000E+00
   1.5402347E+03   5.8300000E+02   0.0000000E+00   0.0000000E+00   0.0000000E+00
   1.5402422E+03   5.6300000E+02   0.0000000E+00   0.0000000E+00   0.0000000E+00
   1.5402498E+03   5.6200000E+02   0.0000000E+00   0.0000000E+00   0.0000000E+00
   1.5402573E+03   5.5800000E+02   0.0000000E+00   0.0000000E+00   0.0000000E+00
   1.5402648E+03   6.0800000E+02   0.0000000E+00   0.0000000E+00   0.0000000E+00
   1.5402723E+03   5.4500000E+02   0.0000000E+00   0.0000000E+00   0.0000000E+00
   1.5402799E+03   6.0000000E+02   0.0000000E+00   0.0000000E+00   0.0000000E+00
   1.5402874E+03   5.8500000E+02   0.0000000E+00   0.0000000E+00   0.0000000E+00
   1.5402949E+03   5.2500000E+02   0.0000000E+00   0.0000000E+00   0.0000000E+00
   1.5403025E+03   5.4700000E+02   0.0000000E+00   0.0000000E+00   0.0000000E+00
   1.5403100E+03   5.7100000E+02   0.0000000E+00   0.0000000E+00   0.0000000E+00
   1.5403175E+03   5.3700000E+02   0.0000000E+00   0.0000000E+00   0.0000000E+00
   1.5403250E+03   6.0600000E+02   0.0000000E+00   0.0000000E+00   0.0000000E+00
   1.5403326E+03   5.7200000E+02   0.0000000E+00   0.0000000E+00   0.0000000E+00
   1.5403401E+03   5.4100000E+02   0.0000000E+00   0.0000000E+00   0.0000000E+00
   1.5403476E+03   5.8900000E+02   0.0000000E+00   0.0000000E+00   0.0000000E+00
   1.5403552E+03   5.2700000E+02   0.0000000E+00   0.0000000E+00   0.0000000E+00
   1.5403627E+03   5.8000000E+02   0.0000000E+00   0.0000000E+00   0.0000000E+00
   1.5403702E+03   5.5300000E+02   0.0000000E+00   0.0000000E+00   0.0000000E+00
   1.5403777E+03   5.6600000E+02   0.0000000E+00   0.0000000E+00   0.0000000E+00
   1.5403853E+03   5.6700000E+02   0.0000000E+00   0.0000000E+00   0.0000000E+00
   1.5403928E+03   5.7300000E+02   0.0000000E+00   0.0000000E+00   0.0000000E+00
   1.5404003E+03   5.3800000E+02   0.0000000E+00   0.0000000E+00   0.0000000E+00
   1.5404079E+03   6.2200000E+02   0.0000000E+00   0.0000000E+00   0.0000000E+00
   1.5404154E+03   5.5500000E+02   0.0000000E+00   0.0000000E+00   0.0000000E+00
   1.5404229E+03   5.6800000E+02   0.0000000E+00   0.0000000E+00   0.0000000E+00
   1.5404304E+03   5.9000000E+02   0.0000000E+00   0.0000000E+00   0.0000000E+00
   1.5404380E+03   6.0800000E+02   0.0000000E+00   0.0000000E+00   0.0000000E+00
   1.5404455E+03   5.7500000E+02   0.0000000E+00   0.0000000E+00   0.0000000E+00
   1.5404530E+03   6.0200000E+02   0.0000000E+00   0.0000000E+00   0.0000000E+00
   1.5404606E+03   6.0000000E+02   0.0000000E+00   0.0000000E+00   0.0000000E+00
   1.5404681E+03   5.3500000E+02   0.0000000E+00   0.0000000E+00   0.0000000E+00
   1.5404756E+03   5.1800000E+02   0.0000000E+00   0.0000000E+00   0.0000000E+00
   1.5404831E+03   5.5200000E+02   0.0000000E+00   0.0000000E+00   0.0000000E+00
   1.5404907E+03   5.9700000E+02   0.0000000E+00   0.0000000E+00   0.0000000E+00
   1.5404982E+03   5.5200000E+02   0.0000000E+00   0.0000000E+00   0.0000000E+00
   1.5405057E+03   5.7900000E+02   0.0000000E+00   0.0000000E+00   0.0000000E+00
   1.5405133E+03   6.2200000E+02   0.0000000E+00   0.0000000E+00   0.0000000E+00
   1.5405208E+03   5.8200000E+02   0.0000000E+00   0.0000000E+00   0.0000000E+00
   1.5405283E+03   5.5900000E+02   0.0000000E+00   0.0000000E+00   0.0000000E+00
   1.5405358E+03   5.5100000E+02   0.0000000E+00   0.0000000E+00   0.0000000E+00
   1.5405434E+03   5.6000000E+02   0.0000000E+00   0.0000000E+00   0.0000000E+00
   1.5405509E+03   5.4900000E+02   0.0000000E+00   0.0000000E+00   0.0000000E+00
   1.5405584E+03   5.5000000E+02   0.0000000E+00   0.0000000E+00   0.0000000E+00
   1.5405660E+03   5.3700000E+02   1.0000000E+00   1.8011123E-03   9.6719729E-01
   1.5405735E+03   5.8200000E+02   0.0000000E+00   0.0000000E+00   0.0000000E+00
   1.5405810E+03   6.0200000E+02   0.0000000E+00   0.0000000E+00   0.0000000E+00
   1.5405885E+03   6.1200000E+02   1.0000000E+00   7.8361851E-04   4.7957453E-01
   1.5405961E+03   5.7100000E+02   0.0000000E+00   0.0000000E+00   0.0000000E+00
   1.5406036E+03   5.5600000E+02   0.0000000E+00   0.0000000E+00   0.0000000E+00
   1.5406111E+03   5.4600000E+02   0.0000000E+00   0.0000000E+00   0.0000000E+00
   1.5406187E+03   5.8400000E+02   0.0000000E+00   0.0000000E+00   0.0000000E+00
   1.5406262E+03   6.1900000E+02   0.0000000E+00   0.0000000E+00   0.0000000E+00
   1.5406337E+03   5.9800000E+02   0.0000000E+00   0.0000000E+00   0.0000000E+00
   1.5406412E+03   5.5300000E+02   0.0000000E+00   0.0000000E+00   0.0000000E+00
   1.5406488E+03   5.8000000E+02   0.0000000E+00   0.0000000E+00   0.0000000E+00
   1.5406563E+03   5.6900000E+02   0.0000000E+00   0.0000000E+00   0.0000000E+00
   1.5406638E+03   5.6900000E+02   0.0000000E+00   0.0000000E+00   0.0000000E+00
   1.5406713E+03   5.6400000E+02   0.0000000E+00   0.0000000E+00   0.0000000E+00
   1.5406789E+03   5.5400000E+02   0.0000000E+00   0.0000000E+00   0.0000000E+00
   1.5406864E+03   5.5500000E+02   0.0000000E+00   0.0000000E+00   0.0000000E+00
   1.5406939E+03   5.7500000E+02   0.0000000E+00   0.0000000E+00   0.0000000E+00
   1.5407015E+03   5.9700000E+02   0.0000000E+00   0.0000000E+00   0.0000000E+00
   1.5407090E+03   5.8600000E+02   0.0000000E+00   0.0000000E+00   0.0000000E+00
   1.5407165E+03   5.3900000E+02   0.0000000E+00   0.0000000E+00   0.0000000E+00
   1.5407240E+03   5.3900000E+02   0.0000000E+00   0.0000000E+00   0.0000000E+00
   1.5407316E+03   5.4200000E+02   0.0000000E+00   0.0000000E+00   0.0000000E+00
   1.5407391E+03   5.8700000E+02   0.0000000E+00   0.0000000E+00   0.0000000E+00
   1.5407466E+03   5.4500000E+02   0.0000000E+00   0.0000000E+00   0.0000000E+00
   1.5407542E+03   5.8500000E+02   0.0000000E+00   0.0000000E+00   0.0000000E+00
   1.5407617E+03   5.5800000E+02   0.0000000E+00   0.0000000E+00   0.0000000E+00
   1.5407692E+03   5.7200000E+02   0.0000000E+00   0.0000000E+00   0.0000000E+00
   1.5407767E+03   5.9400000E+02   0.0000000E+00   0.0000000E+00   0.0000000E+00
   1.5407843E+03   6.2300000E+02   0.0000000E+00   0.0000000E+00   0.0000000E+00
   1.5407918E+03   5.8100000E+02   0.0000000E+00   0.0000000E+00   0.0000000E+00
   1.5407993E+03   5.6300000E+02   0.0000000E+00   0.0000000E+00   0.0000000E+00
   1.5408069E+03   5.4100000E+02   0.0000000E+00   0.0000000E+00   0.0000000E+00
   1.5408144E+03   6.0100000E+02   0.0000000E+00   0.0000000E+00   0.0000000E+00
   1.5408219E+03   5.5500000E+02   0.0000000E+00   0.0000000E+00   0.0000000E+00
   1.5408294E+03   5.8900000E+02   0.0000000E+00   0.0000000E+00   0.0000000E+00
   1.5408370E+03   6.3000000E+02   0.0000000E+00   0.0000000E+00   0.0000000E+00
   1.5408445E+03   5.6600000E+02   0.0000000E+00   0.0000000E+00   0.0000000E+00
   1.5408520E+03   6.0200000E+02   0.0000000E+00   0.0000000E+00   0.0000000E+00
   1.5408596E+03   5.9200000E+02   0.0000000E+00   0.0000000E+00   0.0000000E+00
   1.5408671E+03   6.3100000E+02   0.0000000E+00   0.0000000E+00   0.0000000E+00
   1.5408746E+03   5.7700000E+02   0.0000000E+00   0.0000000E+00   0.0000000E+00
   1.5408821E+03   5.8500000E+02   0.0000000E+00   0.0000000E+00   0.0000000E+00
   1.5408897E+03   6.1500000E+02   0.0000000E+00   0.0000000E+00   0.0000000E+00
   1.5408972E+03   6.0200000E+02   0.0000000E+00   0.0000000E+00   0.0000000E+00
   1.5409047E+03   5.8800000E+02   0.0000000E+00   0.0000000E+00   0.0000000E+00
   1.5409123E+03   5.8300000E+02   0.0000000E+00   0.0000000E+00   0.0000000E+00
   1.5409198E+03   6.1800000E+02   0.0000000E+00   0.0000000E+00   0.0000000E+00
   1.5409273E+03   5.7300000E+02   0.0000000E+00   0.0000000E+00   0.0000000E+00
   1.5409348E+03   5.6700000E+02   0.0000000E+00   0.0000000E+00   0.0000000E+00
   1.5409424E+03   5.7500000E+02   0.0000000E+00   0.0000000E+00   0.0000000E+00
   1.5409499E+03   5.5300000E+02   0.0000000E+00   0.0000000E+00   0.0000000E+00
   1.5409574E+03   5.7300000E+02   0.0000000E+00   0.0000000E+00   0.0000000E+00
   1.5409650E+03   5.5800000E+02   0.0000000E+00   0.0000000E+00   0.0000000E+00
   1.5409725E+03   5.6700000E+02   0.0000000E+00   0.0000000E+00   0.0000000E+00
   1.5409800E+03   5.6600000E+02   0.0000000E+00   0.0000000E+00   0.0000000E+00
   1.5409875E+03   5.8700000E+02   0.0000000E+00   0.0000000E+00   0.0000000E+00
   1.5409951E+03   6.3000000E+02   0.0000000E+00   0.0000000E+00   0.0000000E+00
   1.5410026E+03   5.8300000E+02   0.0000000E+00   0.0000000E+00   0.0000000E+00
   1.5410101E+03   5.6200000E+02   0.0000000E+00   0.0000000E+00   0.0000000E+00
   1.5410177E+03   5.7600000E+02   0.0000000E+00   0.0000000E+00   0.0000000E+00
   1.5410252E+03   5.5600000E+02   0.0000000E+00   0.0000000E+00   0.0000000E+00
   1.5410327E+03   5.7400000E+02   0.0000000E+00   0.0000000E+00   0.0000000E+00
   1.5410402E+03   5.4400000E+02   0.0000000E+00   0.0000000E+00   0.0000000E+00
   1.5410478E+03   5.8000000E+02   0.0000000E+00   0.0000000E+00   0.0000000E+00
   1.5410553E+03   5.9400000E+02   0.0000000E+00   0.0000000E+00   0.0000000E+00
   1.5410628E+03   5.7800000E+02   0.0000000E+00   0.0000000E+00   0.0000000E+00
   1.5410704E+03   5.7100000E+02   0.0000000E+00   0.0000000E+00   0.0000000E+00
   1.5410779E+03   6.4500000E+02   0.0000000E+00   0.0000000E+00   0.0000000E+00
   1.5410854E+03   5.8500000E+02   0.0000000E+00   0.0000000E+00   0.0000000E+00
   1.5410929E+03   5.6500000E+02   0.0000000E+00   0.0000000E+00   0.0000000E+00
   1.5411005E+03   5.6300000E+02   0.0000000E+00   0.0000000E+00   0.0000000E+00
   1.5411080E+03   5.5000000E+02   0.0000000E+00   0.0000000E+00   0.0000000E+00
   1.5411155E+03   5.6300000E+02   0.0000000E+00   0.0000000E+00   0.0000000E+00
   1.5411230E+03   5.6500000E+02   0.0000000E+00   0.0000000E+00   0.0000000E+00
   1.5411306E+03   6.1300000E+02   0.0000000E+00   0.0000000E+00   0.0000000E+00
   1.5411381E+03   5.5100000E+02   0.0000000E+00   0.0000000E+00   0.0000000E+00
   1.5411456E+03   5.4900000E+02   0.0000000E+00   0.0000000E+00   0.0000000E+00
   1.5411532E+03   5.7400000E+02   0.0000000E+00   0.0000000E+00   0.0000000E+00
   1.5411607E+03   5.6700000E+02   0.0000000E+00   0.0000000E+00   0.0000000E+00
   1.5411682E+03   5.8100000E+02   0.0000000E+00   0.0000000E+00   0.0000000E+00
   1.5411757E+03   5.5500000E+02   0.0000000E+00   0.0000000E+00   0.0000000E+00
   1.5411833E+03   5.9400000E+02   0.0000000E+00   0.0000000E+00   0.0000000E+00
   1.5411908E+03   5.4900000E+02   0.0000000E+00   0.0000000E+00   0.0000000E+00
   1.5411983E+03   5.7800000E+02   0.0000000E+00   0.0000000E+00   0.0000000E+00
   1.5412059E+03   5.7100000E+02   0.0000000E+00   0.0000000E+00   0.0000000E+00
   1.5412134E+03   5.6800000E+02   0.0000000E+00   0.0000000E+00   0.0000000E+00
   1.5412209E+03   5.6000000E+02   0.0000000E+00   0.0000000E+00   0.0000000E+00
   1.5412284E+03   5.7200000E+02   0.0000000E+00   0.0000000E+00   0.0000000E+00
   1.5412360E+03   5.1600000E+02   0.0000000E+00   0.0000000E+00   0.0000000E+00
   1.5412435E+03   5.6400000E+02   0.0000000E+00   0.0000000E+00   0.0000000E+00
   1.5412510E+03   5.5500000E+02   0.0000000E+00   0.0000000E+00   0.0000000E+00
   1.5412586E+03   5.9300000E+02   0.0000000E+00   0.0000000E+00   0.0000000E+00
   1.5412661E+03   5.7700000E+02   0.0000000E+00   0.0000000E+00   0.0000000E+00
   1.5412736E+03   5.8200000E+02   0.0000000E+00   0.0000000E+00   0.0000000E+00
   1.5412811E+03   5.7300000E+02   0.0000000E+00   0.0000000E+00   0.0000000E+00
   1.5412887E+03   5.9200000E+02   0.0000000E+00   0.0000000E+00   0.0000000E+00
   1.5412962E+03   5.5900000E+02   0.0000000E+00   0.0000000E+00   0.0000000E+00
   1.5413037E+03   5.3000000E+02   0.0000000E+00   0.0000000E+00   0.0000000E+00
   1.5413113E+03   5.4300000E+02   0.0000000E+00   0.0000000E+00   0.0000000E+00
   1.5413188E+03   5.6400000E+02   0.0000000E+00   0.0000000E+00   0.0000000E+00
   1.5413263E+03   5.6300000E+02   0.0000000E+00   0.0000000E+00   0.0000000E+00
   1.5413338E+03   5.9100000E+02   0.0000000E+00   0.0000000E+00   0.0000000E+00
   1.5413414E+03   5.6100000E+02   0.0000000E+00   0.0000000E+00   0.0000000E+00
   1.5413489E+03   6.2000000E+02   0.0000000E+00   0.0000000E+00   0.0000000E+00
   1.5413564E+03   6.1000000E+02   0.0000000E+00   0.0000000E+00   0.0000000E+00
   1.5413640E+03   6.1100000E+02   0.0000000E+00   0.0000000E+00   0.0000000E+00
   1.5413715E+03   5.6900000E+02   0.0000000E+00   0.0000000E+00   0.0000000E+00
   1.5413790E+03   5.6900000E+02   0.0000000E+00   0.0000000E+00   0.0000000E+00
   1.5413865E+03   5.1700000E+02   0.0000000E+00   0.0000000E+00   0.0000000E+00
   1.5413941E+03   5.6900000E+02   0.0000000E+00   0.0000000E+00   0.0000000E+00
   1.5414016E+03   6.0200000E+02   0.0000000E+00   0.0000000E+00   0.0000000E+00
   1.5414091E+03   5.6100000E+02   0.0000000E+00   0.0000000E+00   0.0000000E+00
   1.5414167E+03   6.2500000E+02   0.0000000E+00   0.0000000E+00   0.0000000E+00
   1.5414242E+03   5.5700000E+02   0.0000000E+00   0.0000000E+00   0.0000000E+00
   1.5414317E+03   6.0800000E+02   0.0000000E+00   0.0000000E+00   0.0000000E+00
   1.5414392E+03   5.8400000E+02   0.0000000E+00   0.0000000E+00   0.0000000E+00
   1.5414468E+03   5.5500000E+02   0.0000000E+00   0.0000000E+00   0.0000000E+00
   1.5414543E+03   5.7000000E+02   0.0000000E+00   0.0000000E+00   0.0000000E+00
   1.5414618E+03   5.4600000E+02   0.0000000E+00   0.0000000E+00   0.0000000E+00
   1.5414694E+03   5.5300000E+02   0.0000000E+00   0.0000000E+00   0.0000000E+00
   1.5414769E+03   5.9100000E+02   0.0000000E+00   0.0000000E+00   0.0000000E+00
   1.5414844E+03   5.7000000E+02   0.0000000E+00   0.0000000E+00   0.0000000E+00
   1.5414919E+03   5.7000000E+02   0.0000000E+00   0.0000000E+00   0.0000000E+00
   1.5414995E+03   5.3200000E+02   0.0000000E+00   0.0000000E+00   0.0000000E+00
   1.5415070E+03   5.7700000E+02   0.0000000E+00   0.0000000E+00   0.0000000E+00
   1.5415145E+03   5.5900000E+02   0.0000000E+00   0.0000000E+00   0.0000000E+00
   1.5415221E+03   5.9700000E+02   1.0000000E+00   4.1724922E-04   2.4909778E-01
   1.5415296E+03   5.6900000E+02   0.0000000E+00   0.0000000E+00   0.0000000E+00
   1.5415371E+03   5.5500000E+02   0.0000000E+00   0.0000000E+00   0.0000000E+00
   1.5415446E+03   5.6100000E+02   0.0000000E+00   0.0000000E+00   0.0000000E+00
   1.5415522E+03   5.7200000E+02   0.0000000E+00   0.0000000E+00   0.0000000E+00
   1.5415597E+03   6.0800000E+02   0.0000000E+00   0.0000000E+00   0.0000000E+00
   1.5415672E+03   5.7700000E+02   0.0000000E+00   0.0000000E+00   0.0000000E+00
   1.5415747E+03   5.5400000E+02   0.0000000E+00   0.0000000E+00   0.0000000E+00
   1.5415823E+03   5.9500000E+02   0.0000000E+00   0.0000000E+00   0.0000000E+00
   1.5415898E+03   5.7100000E+02   0.0000000E+00   0.0000000E+00   0.0000000E+00
   1.5415973E+03   5.8600000E+02   0.0000000E+00   0.0000000E+00   0.0000000E+00
   1.5416049E+03   6.0800000E+02   0.0000000E+00   0.0000000E+00   0.0000000E+00
   1.5416124E+03   5.7000000E+02   1.0000000E+00   1.2925001E-03   7.3672507E-01
   1.5416199E+03   5.4400000E+02   0.0000000E+00   0.0000000E+00   0.0000000E+00
   1.5416274E+03   5.8600000E+02   0.0000000E+00   0.0000000E+00   0.0000000E+00
   1.5416350E+03   5.8500000E+02   0.0000000E+00   0.0000000E+00   0.0000000E+00
   1.5416425E+03   5.6000000E+02   0.0000000E+00   0.0000000E+00   0.0000000E+00
   1.5416500E+03   5.9900000E+02   0.0000000E+00   0.0000000E+00   0.0000000E+00
   1.5416576E+03   5.6000000E+02   0.0000000E+00   0.0000000E+00   0.0000000E+00
   1.5416651E+03   5.5600000E+02   0.0000000E+00   0.0000000E+00   0.0000000E+00
   1.5416726E+03   5.6600000E+02   0.0000000E+00   0.0000000E+00   0.0000000E+00
   1.5416801E+03   5.7200000E+02   0.0000000E+00   0.0000000E+00   0.0000000E+00
   1.5416877E+03   5.6000000E+02   0.0000000E+00   0.0000000E+00   0.0000000E+00
   1.5416952E+03   5.8900000E+02   0.0000000E+00   0.0000000E+00   0.0000000E+00
   1.5417027E+03   5.8300000E+02   0.0000000E+00   0.0000000E+00   0.0000000E+00
   1.5417103E+03   5.8100000E+02   0.0000000E+00   0.0000000E+00   0.0000000E+00
   1.5417178E+03   5.7800000E+02   0.0000000E+00   0.0000000E+00   0.0000000E+00
   1.5417253E+03   5.8500000E+02   0.0000000E+00   0.0000000E+00   0.0000000E+00
   1.5417328E+03   5.7600000E+02   0.0000000E+00   0.0000000E+00   0.0000000E+00
   1.5417404E+03   5.4900000E+02   0.0000000E+00   0.0000000E+00   0.0000000E+00
   1.5417479E+03   5.6800000E+02   0.0000000E+00   0.0000000E+00   0.0000000E+00
   1.5417554E+03   5.8800000E+02   0.0000000E+00   0.0000000E+00   0.0000000E+00
   1.5417630E+03   6.1000000E+02   0.0000000E+00   0.0000000E+00   0.0000000E+00
   1.5417705E+03   5.6300000E+02   0.0000000E+00   0.0000000E+00   0.0000000E+00
   1.5417780E+03   5.7400000E+02   0.0000000E+00   0.0000000E+00   0.0000000E+00
   1.5417855E+03   5.5500000E+02   0.0000000E+00   0.0000000E+00   0.0000000E+00
   1.5417931E+03   5.7200000E+02   0.0000000E+00   0.0000000E+00   0.0000000E+00
   1.5418006E+03   5.5200000E+02   0.0000000E+00   0.0000000E+00   0.0000000E+00
   1.5418081E+03   5.8400000E+02   0.0000000E+00   0.0000000E+00   0.0000000E+00
   1.5418157E+03   5.7200000E+02   0.0000000E+00   0.0000000E+00   0.0000000E+00
   1.5418232E+03   5.5800000E+02   0.0000000E+00   0.0000000E+00   0.0000000E+00
   1.5418307E+03   5.6500000E+02   0.0000000E+00   0.0000000E+00   0.0000000E+00
   1.5418382E+03   5.6000000E+02   0.0000000E+00   0.0000000E+00   0.0000000E+00
   1.5418458E+03   5.6300000E+02   0.0000000E+00   0.0000000E+00   0.0000000E+00
   1.5418533E+03   6.0700000E+02   0.0000000E+00   0.0000000E+00   0.0000000E+00
   1.5418608E+03   5.5300000E+02   0.0000000E+00   0.0000000E+00   0.0000000E+00
   1.5418684E+03   5.5600000E+02   0.0000000E+00   0.0000000E+00   0.0000000E+00
   1.5418759E+03   5.6400000E+02   0.0000000E+00   0.0000000E+00   0.0000000E+00
   1.5418834E+03   5.5500000E+02   0.0000000E+00   0.0000000E+00   0.0000000E+00
   1.5418909E+03   5.7400000E+02   0.0000000E+00   0.0000000E+00   0.0000000E+00
   1.5418985E+03   6.0600000E+02   0.0000000E+00   0.0000000E+00   0.0000000E+00
   1.5419060E+03   5.8100000E+02   0.0000000E+00   0.0000000E+00   0.0000000E+00
   1.5419135E+03   5.5400000E+02   0.0000000E+00   0.0000000E+00   0.0000000E+00
   1.5419211E+03   5.5000000E+02   0.0000000E+00   0.0000000E+00   0.0000000E+00
   1.5419286E+03   5.8900000E+02   0.0000000E+00   0.0000000E+00   0.0000000E+00
   1.5419361E+03   5.3200000E+02   0.0000000E+00   0.0000000E+00   0.0000000E+00
   1.5419436E+03   5.9300000E+02   0.0000000E+00   0.0000000E+00   0.0000000E+00
   1.5419512E+03   5.8600000E+02   0.0000000E+00   0.0000000E+00   0.0000000E+00
   1.5419587E+03   5.6600000E+02   0.0000000E+00   0.0000000E+00   0.0000000E+00
   1.5419662E+03   5.7300000E+02   0.0000000E+00   0.0000000E+00   0.0000000E+00
   1.5419738E+03   5.9400000E+02   0.0000000E+00   0.0000000E+00   0.0000000E+00
   1.5419813E+03   6.1100000E+02   0.0000000E+00   0.0000000E+00   0.0000000E+00
   1.5419888E+03   5.5000000E+02   0.0000000E+00   0.0000000E+00   0.0000000E+00
   1.5419963E+03   5.7600000E+02   0.0000000E+00   0.0000000E+00   0.0000000E+00
   1.5420039E+03   6.1900000E+02   0.0000000E+00   0.0000000E+00   0.0000000E+00
   1.5420114E+03   5.7100000E+02   0.0000000E+00   0.0000000E+00   0.0000000E+00
   1.5420189E+03   5.5500000E+02   0.0000000E+00   0.0000000E+00   0.0000000E+00
   1.5420264E+03   5.8600000E+02   0.0000000E+00   0.0000000E+00   0.0000000E+00
   1.5420340E+03   5.4700000E+02   0.0000000E+00   0.0000000E+00   0.0000000E+00
   1.5420415E+03   5.6900000E+02   0.0000000E+00   0.0000000E+00   0.0000000E+00
   1.5420490E+03   5.7000000E+02   0.0000000E+00   0.0000000E+00   0.0000000E+00
   1.5420566E+03   5.4400000E+02   0.0000000E+00   0.0000000E+00   0.0000000E+00
   1.5420641E+03   5.5400000E+02   0.0000000E+00   0.0000000E+00   0.0000000E+00
   1.5420716E+03   5.7100000E+02   0.0000000E+00   0.0000000E+00   0.0000000E+00
   1.5420791E+03   5.9600000E+02   0.0000000E+00   0.0000000E+00   0.0000000E+00
   1.5420867E+03   6.2700000E+02   0.0000000E+00   0.0000000E+00   0.0000000E+00
   1.5420942E+03   5.8700000E+02   0.0000000E+00   0.0000000E+00   0.0000000E+00
   1.5421017E+03   5.6700000E+02   0.0000000E+00   0.0000000E+00   0.0000000E+00
   1.5421093E+03   5.6200000E+02   0.0000000E+00   0.0000000E+00   0.0000000E+00
   1.5421168E+03   5.6200000E+02   0.0000000E+00   0.0000000E+00   0.0000000E+00
   1.5421243E+03   5.8200000E+02   0.0000000E+00   0.0000000E+00   0.0000000E+00
   1.5421318E+03   5.4900000E+02   1.0000000E+00   1.5010381E-03   8.2406992E-01
   1.5421394E+03   5.5400000E+02   0.0000000E+00   0.0000000E+00   0.0000000E+00
   1.5421469E+03   6.0100000E+02   0.0000000E+00   0.0000000E+00   0.0000000E+00
   1.5421544E+03   5.9800000E+02   0.0000000E+00   0.0000000E+00   0.0000000E+00
   1.5421620E+03   6.2800000E+02   0.0000000E+00   0.0000000E+00   0.0000000E+00
   1.5421695E+03   5.9100000E+02   0.0000000E+00   0.0000000E+00   0.0000000E+00
   1.5421770E+03   5.9200000E+02   0.0000000E+00   0.0000000E+00   0.0000000E+00
   1.5421845E+03   5.9000000E+02   0.0000000E+00   0.0000000E+00   0.0000000E+00
   1.5421921E+03   5.8000000E+02   0.0000000E+00   0.0000000E+00   0.0000000E+00
   1.5421996E+03   5.5700000E+02   0.0000000E+00   0.0000000E+00   0.0000000E+00
   1.5422071E+03   5.7600000E+02   0.0000000E+00   0.0000000E+00   0.0000000E+00
   1.5422147E+03   5.9400000E+02   0.0000000E+00   0.0000000E+00   0.0000000E+00
   1.5422222E+03   5.7800000E+02   0.0000000E+00   0.0000000E+00   0.0000000E+00
   1.5422297E+03   6.0200000E+02   0.0000000E+00   0.0000000E+00   0.0000000E+00
   1.5422372E+03   5.6600000E+02   0.0000000E+00   0.0000000E+00   0.0000000E+00
   1.5422448E+03   5.7800000E+02   0.0000000E+00   0.0000000E+00   0.0000000E+00
   1.5422523E+03   5.7000000E+02   0.0000000E+00   0.0000000E+00   0.0000000E+00
   1.5422598E+03   5.9100000E+02   0.0000000E+00   0.0000000E+00   0.0000000E+00
   1.5422674E+03   5.9800000E+02   0.0000000E+00   0.0000000E+00   0.0000000E+00
   1.5422749E+03   6.1700000E+02   0.0000000E+00   0.0000000E+00   0.0000000E+00
   1.5422824E+03   5.6800000E+02   0.0000000E+00   0.0000000E+00   0.0000000E+00
   1.5422899E+03   5.8500000E+02   0.0000000E+00   0.0000000E+00   0.0000000E+00
   1.5422975E+03   5.1900000E+02   0.0000000E+00   0.0000000E+00   0.0000000E+00
   1.5423050E+03   5.7000000E+02   0.0000000E+00   0.0000000E+00   0.0000000E+00
   1.5423125E+03   5.7000000E+02   0.0000000E+00   0.0000000E+00   0.0000000E+00
   1.5423201E+03   5.6500000E+02   0.0000000E+00   0.0000000E+00   0.0000000E+00
   1.5423276E+03   6.1200000E+02   0.0000000E+00   0.0000000E+00   0.0000000E+00
   1.5423351E+03   5.7400000E+02   0.0000000E+00   0.0000000E+00   0.0000000E+00
   1.5423426E+03   6.0400000E+02   0.0000000E+00   0.0000000E+00   0.0000000E+00
   1.5423502E+03   5.7400000E+02   0.0000000E+00   0.0000000E+00   0.0000000E+00
   1.5423577E+03   5.8200000E+02   0.0000000E+00   0.0000000E+00   0.0000000E+00
   1.5423652E+03   6.0400000E+02   0.0000000E+00   0.0000000E+00   0.0000000E+00
   1.5423728E+03   5.3500000E+02   0.0000000E+00   0.0000000E+00   0.0000000E+00
   1.5423803E+03   5.6600000E+02   0.0000000E+00   0.0000000E+00   0.0000000E+00
   1.5423878E+03   5.9000000E+02   0.0000000E+00   0.0000000E+00   0.0000000E+00
   1.5423953E+03   5.8700000E+02   0.0000000E+00   0.0000000E+00   0.0000000E+00
   1.5424029E+03   6.0600000E+02   0.0000000E+00   0.0000000E+00   0.0000000E+00
   1.5424104E+03   5.9200000E+02   0.0000000E+00   0.0000000E+00   0.0000000E+00
   1.5424179E+03   5.7800000E+02   0.0000000E+00   0.0000000E+00   0.0000000E+00
   1.5424255E+03   5.5900000E+02   0.0000000E+00   0.0000000E+00   0.0000000E+00
   1.5424330E+03   6.3800000E+02   0.0000000E+00   0.0000000E+00   0.0000000E+00
   1.5424405E+03   5.9000000E+02   0.0000000E+00   0.0000000E+00   0.0000000E+00
   1.5424480E+03   5.6900000E+02   0.0000000E+00   0.0000000E+00   0.0000000E+00
   1.5424556E+03   5.6400000E+02   0.0000000E+00   0.0000000E+00   0.0000000E+00
   1.5424631E+03   5.6300000E+02   0.0000000E+00   0.0000000E+00   0.0000000E+00
   1.5424706E+03   5.6600000E+02   0.0000000E+00   0.0000000E+00   0.0000000E+00
   1.5424781E+03   6.1100000E+02   0.0000000E+00   0.0000000E+00   0.0000000E+00
   1.5424857E+03   5.5300000E+02   0.0000000E+00   0.0000000E+00   0.0000000E+00
   1.5424932E+03   5.6600000E+02   0.0000000E+00   0.0000000E+00   0.0000000E+00
   1.5425007E+03   5.8700000E+02   0.0000000E+00   0.0000000E+00   0.0000000E+00
   1.5425083E+03   5.3400000E+02   0.0000000E+00   0.0000000E+00   0.0000000E+00
   1.5425158E+03   5.9300000E+02   0.0000000E+00   0.0000000E+00   0.0000000E+00
   1.5425233E+03   5.6100000E+02   0.0000000E+00   0.0000000E+00   0.0000000E+00
   1.5425308E+03   5.4800000E+02   1.0000000E+00   1.6192206E-03   8.8733288E-01
   1.5425384E+03   6.0500000E+02   0.0000000E+00   0.0000000E+00   0.0000000E+00
   1.5425459E+03   5.3600000E+02   0.0000000E+00   0.0000000E+00   0.0000000E+00
   1.5425534E+03   5.7100000E+02   0.0000000E+00   0.0000000E+00   0.0000000E+00
   1.5425610E+03   5.8500000E+02   0.0000000E+00   0.0000000E+00   0.0000000E+00
   1.5425685E+03   5.9400000E+02   0.0000000E+00   0.0000000E+00   0.0000000E+00
   1.5425760E+03   5.9200000E+02   0.0000000E+00   0.0000000E+00   0.0000000E+00
   1.5425835E+03   6.0600000E+02   0.0000000E+00   0.0000000E+00   0.0000000E+00
   1.5425911E+03   5.8800000E+02   0.0000000E+00   0.0000000E+00   0.0000000E+00
   1.5425986E+03   6.1100000E+02   0.0000000E+00   0.0000000E+00   0.0000000E+00
   1.5426061E+03   5.5500000E+02   0.0000000E+00   0.0000000E+00   0.0000000E+00
   1.5426137E+03   5.9700000E+02   0.0000000E+00   0.0000000E+00   0.0000000E+00
   1.5426212E+03   5.4900000E+02   0.0000000E+00   0.0000000E+00   0.0000000E+00
   1.5426287E+03   6.1600000E+02   0.0000000E+00   0.0000000E+00   0.0000000E+00
   1.5426362E+03   5.7500000E+02   0.0000000E+00   0.0000000E+00   0.0000000E+00
   1.5426438E+03   6.0100000E+02   0.0000000E+00   0.0000000E+00   0.0000000E+00
   1.5426513E+03   5.6400000E+02   0.0000000E+00   0.0000000E+00   0.0000000E+00
   1.5426588E+03   5.5300000E+02   0.0000000E+00   0.0000000E+00   0.0000000E+00
   1.5426664E+03   5.7200000E+02   0.0000000E+00   0.0000000E+00   0.0000000E+00
   1.5426739E+03   5.5900000E+02   0.0000000E+00   0.0000000E+00   0.0000000E+00
   1.5426814E+03   5.8700000E+02   0.0000000E+00   0.0000000E+00   0.0000000E+00
   1.5426889E+03   5.9400000E+02   0.0000000E+00   0.0000000E+00   0.0000000E+00
   1.5426965E+03   6.2100000E+02   0.0000000E+00   0.0000000E+00   0.0000000E+00
   1.5427040E+03   5.6900000E+02   0.0000000E+00   0.0000000E+00   0.0000000E+00
   1.5427115E+03   6.1000000E+02   0.0000000E+00   0.0000000E+00   0.0000000E+00
   1.5427191E+03   5.8700000E+02   0.0000000E+00   0.0000000E+00   0.0000000E+00
   1.5427266E+03   5.6100000E+02   0.0000000E+00   0.0000000E+00   0.0000000E+00
   1.5427341E+03   5.8500000E+02   0.0000000E+00   0.0000000E+00   0.0000000E+00
   1.5427416E+03   5.6200000E+02   0.0000000E+00   0.0000000E+00   0.0000000E+00
   1.5427492E+03   5.3300000E+02   0.0000000E+00   0.0000000E+00   0.0000000E+00
   1.5427567E+03   5.9900000E+02   0.0000000E+00   0.0000000E+00   0.0000000E+00
   1.5427642E+03   6.1100000E+02   0.0000000E+00   0.0000000E+00   0.0000000E+00
   1.5427718E+03   5.5000000E+02   0.0000000E+00   0.0000000E+00   0.0000000E+00
   1.5427793E+03   6.0000000E+02   0.0000000E+00   0.0000000E+00   0.0000000E+00
   1.5427868E+03   5.0800000E+02   0.0000000E+00   0.0000000E+00   0.0000000E+00
   1.5427943E+03   5.5000000E+02   0.0000000E+00   0.0000000E+00   0.0000000E+00
   1.5428019E+03   5.7400000E+02   0.0000000E+00   0.0000000E+00   0.0000000E+00
   1.5428094E+03   5.6200000E+02   0.0000000E+00   0.0000000E+00   0.0000000E+00
   1.5428169E+03   5.7700000E+02   0.0000000E+00   0.0000000E+00   0.0000000E+00
   1.5428245E+03   5.9100000E+02   0.0000000E+00   0.0000000E+00   0.0000000E+00
   1.5428320E+03   5.7000000E+02   0.0000000E+00   0.0000000E+00   0.0000000E+00
   1.5428395E+03   5.9200000E+02   0.0000000E+00   0.0000000E+00   0.0000000E+00
   1.5428470E+03   5.5300000E+02   0.0000000E+00   0.0000000E+00   0.0000000E+00
   1.5428546E+03   5.6700000E+02   0.0000000E+00   0.0000000E+00   0.0000000E+00
   1.5428621E+03   6.0900000E+02   0.0000000E+00   0.0000000E+00   0.0000000E+00
   1.5428696E+03   5.7300000E+02   0.0000000E+00   0.0000000E+00   0.0000000E+00
   1.5428772E+03   6.0000000E+02   0.0000000E+00   0.0000000E+00   0.0000000E+00
   1.5428847E+03   5.6800000E+02   0.0000000E+00   0.0000000E+00   0.0000000E+00
   1.5428922E+03   5.5900000E+02   0.0000000E+00   0.0000000E+00   0.0000000E+00
   1.5428997E+03   5.6900000E+02   0.0000000E+00   0.0000000E+00   0.0000000E+00
   1.5429073E+03   5.3300000E+02   0.0000000E+00   0.0000000E+00   0.0000000E+00
   1.5429148E+03   6.1700000E+02   0.0000000E+00   0.0000000E+00   0.0000000E+00
   1.5429223E+03   6.0300000E+02   0.0000000E+00   0.0000000E+00   0.0000000E+00
   1.5429298E+03   5.7200000E+02   0.0000000E+00   0.0000000E+00   0.0000000E+00
   1.5429374E+03   5.8900000E+02   0.0000000E+00   0.0000000E+00   0.0000000E+00
   1.5429449E+03   5.7000000E+02   0.0000000E+00   0.0000000E+00   0.0000000E+00
   1.5429524E+03   5.5400000E+02   0.0000000E+00   0.0000000E+00   0.0000000E+00
   1.5429600E+03   5.6000000E+02   0.0000000E+00   0.0000000E+00   0.0000000E+00
   1.5429675E+03   5.7300000E+02   0.0000000E+00   0.0000000E+00   0.0000000E+00
   1.5429750E+03   6.0600000E+02   0.0000000E+00   0.0000000E+00   0.0000000E+00
   1.5429825E+03   5.7600000E+02   0.0000000E+00   0.0000000E+00   0.0000000E+00
   1.5429901E+03   5.8500000E+02   0.0000000E+00   0.0000000E+00   0.0000000E+00
   1.5429976E+03   5.2300000E+02   0.0000000E+00   0.0000000E+00   0.0000000E+00
   1.5430051E+03   5.6400000E+02   0.0000000E+00   0.0000000E+00   0.0000000E+00
   1.5430127E+03   5.7800000E+02   0.0000000E+00   0.0000000E+00   0.0000000E+00
   1.5430202E+03   5.4200000E+02   0.0000000E+00   0.0000000E+00   0.0000000E+00
   1.5430277E+03   5.6000000E+02   0.0000000E+00   0.0000000E+00   0.0000000E+00
   1.5430352E+03   5.7800000E+02   0.0000000E+00   0.0000000E+00   0.0000000E+00
   1.5430428E+03   5.5000000E+02   0.0000000E+00   0.0000000E+00   0.0000000E+00
   1.5430503E+03   5.6700000E+02   0.0000000E+00   0.0000000E+00   0.0000000E+00
   1.5430578E+03   5.9900000E+02   0.0000000E+00   0.0000000E+00   0.0000000E+00
   1.5430654E+03   5.7100000E+02   0.0000000E+00   0.0000000E+00   0.0000000E+00
   1.5430729E+03   5.3700000E+02   0.0000000E+00   0.0000000E+00   0.0000000E+00
   1.5430804E+03   5.8400000E+02   0.0000000E+00   0.0000000E+00   0.0000000E+00
   1.5430879E+03   5.7100000E+02   0.0000000E+00   0.0000000E+00   0.0000000E+00
   1.5430955E+03   5.8400000E+02   0.0000000E+00   0.0000000E+00   0.0000000E+00
   1.5431030E+03   5.7100000E+02   0.0000000E+00   0.0000000E+00   0.0000000E+00
   1.5431105E+03   6.2300000E+02   0.0000000E+00   0.0000000E+00   0.0000000E+00
   1.5431181E+03   6.0400000E+02   0.0000000E+00   0.0000000E+00   0.0000000E+00
   1.5431256E+03   5.6200000E+02   0.0000000E+00   0.0000000E+00   0.0000000E+00
   1.5431331E+03   5.5000000E+02   0.0000000E+00   0.0000000E+00   0.0000000E+00
   1.5431406E+03   6.0200000E+02   0.0000000E+00   0.0000000E+00   0.0000000E+00
   1.5431482E+03   5.7800000E+02   0.0000000E+00   0.0000000E+00   0.0000000E+00
   1.5431557E+03   5.5800000E+02   0.0000000E+00   0.0000000E+00   0.0000000E+00
   1.5431632E+03   5.5500000E+02   0.0000000E+00   0.0000000E+00   0.0000000E+00
   1.5431708E+03   6.0600000E+02   0.0000000E+00   0.0000000E+00   0.0000000E+00
   1.5431783E+03   5.7100000E+02   0.0000000E+00   0.0000000E+00   0.0000000E+00
   1.5431858E+03   5.7300000E+02   0.0000000E+00   0.0000000E+00   0.0000000E+00
   1.5431933E+03   5.3400000E+02   0.0000000E+00   0.0000000E+00   0.0000000E+00
   1.5432009E+03   6.1400000E+02   0.0000000E+00   0.0000000E+00   0.0000000E+00
   1.5432084E+03   5.7100000E+02   0.0000000E+00   0.0000000E+00   0.0000000E+00
   1.5432159E+03   6.0500000E+02   0.0000000E+00   0.0000000E+00   0.0000000E+00
   1.5432235E+03   5.8800000E+02   0.0000000E+00   0.0000000E+00   0.0000000E+00
   1.5432310E+03   5.7600000E+02   0.0000000E+00   0.0000000E+00   0.0000000E+00
   1.5432385E+03   5.7300000E+02   0.0000000E+00   0.0000000E+00   0.0000000E+00
   1.5432460E+03   5.7400000E+02   0.0000000E+00   0.0000000E+00   0.0000000E+00
   1.5432536E+03   6.0500000E+02   0.0000000E+00   0.0000000E+00   0.0000000E+00
   1.5432611E+03   6.0100000E+02   0.0000000E+00   0.0000000E+00   0.0000000E+00
   1.5432686E+03   5.8900000E+02   0.0000000E+00   0.0000000E+00   0.0000000E+00
   1.5432762E+03   5.5600000E+02   0.0000000E+00   0.0000000E+00   0.0000000E+00
   1.5432837E+03   5.8900000E+02   0.0000000E+00   0.0000000E+00   0.0000000E+00
   1.5432912E+03   6.2300000E+02   0.0000000E+00   0.0000000E+00   0.0000000E+00
   1.5432987E+03   5.5800000E+02   0.0000000E+00   0.0000000E+00   0.0000000E+00
   1.5433063E+03   6.1600000E+02   0.0000000E+00   0.0000000E+00   0.0000000E+00
   1.5433138E+03   5.9500000E+02   0.0000000E+00   0.0000000E+00   0.0000000E+00
   1.5433213E+03   6.0700000E+02   0.0000000E+00   0.0000000E+00   0.0000000E+00
   1.5433289E+03   5.6100000E+02   0.0000000E+00   0.0000000E+00   0.0000000E+00
   1.5433364E+03   5.7200000E+02   0.0000000E+00   0.0000000E+00   0.0000000E+00
   1.5433439E+03   5.9200000E+02   0.0000000E+00   0.0000000E+00   0.0000000E+00
   1.5433514E+03   5.3800000E+02   0.0000000E+00   0.0000000E+00   0.0000000E+00
   1.5433590E+03   5.7600000E+02   0.0000000E+00   0.0000000E+00   0.0000000E+00
   1.5433665E+03   5.4300000E+02   0.0000000E+00   0.0000000E+00   0.0000000E+00
   1.5433740E+03   5.9200000E+02   0.0000000E+00   0.0000000E+00   0.0000000E+00
   1.5433815E+03   5.6100000E+02   0.0000000E+00   0.0000000E+00   0.0000000E+00
   1.5433891E+03   5.9700000E+02   0.0000000E+00   0.0000000E+00   0.0000000E+00
   1.5433966E+03   6.0200000E+02   0.0000000E+00   0.0000000E+00   0.0000000E+00
   1.5434041E+03   5.8600000E+02   0.0000000E+00   0.0000000E+00   0.0000000E+00
   1.5434117E+03   5.5000000E+02   0.0000000E+00   0.0000000E+00   0.0000000E+00
   1.5434192E+03   5.8500000E+02   0.0000000E+00   0.0000000E+00   0.0000000E+00
   1.5434267E+03   5.7600000E+02   0.0000000E+00   0.0000000E+00   0.0000000E+00
   1.5434342E+03   5.7400000E+02   0.0000000E+00   0.0000000E+00   0.0000000E+00
   1.5434418E+03   6.1200000E+02   0.0000000E+00   0.0000000E+00   0.0000000E+00
   1.5434493E+03   5.9800000E+02   0.0000000E+00   0.0000000E+00   0.0000000E+00
   1.5434568E+03   5.8600000E+02   0.0000000E+00   0.0000000E+00   0.0000000E+00
   1.5434644E+03   6.0600000E+02   0.0000000E+00   0.0000000E+00   0.0000000E+00
   1.5434719E+03   5.8200000E+02   0.0000000E+00   0.0000000E+00   0.0000000E+00
   1.5434794E+03   6.2600000E+02   0.0000000E+00   0.0000000E+00   0.0000000E+00
   1.5434869E+03   5.4800000E+02   0.0000000E+00   0.0000000E+00   0.0000000E+00
   1.5434945E+03   5.7700000E+02   0.0000000E+00   0.0000000E+00   0.0000000E+00
   1.5435020E+03   5.6600000E+02   0.0000000E+00   0.0000000E+00   0.0000000E+00
   1.5435095E+03   5.2300000E+02   0.0000000E+00   0.0000000E+00   0.0000000E+00
   1.5435171E+03   5.3500000E+02   0.0000000E+00   0.0000000E+00   0.0000000E+00
   1.5435246E+03   5.8600000E+02   0.0000000E+00   0.0000000E+00   0.0000000E+00
   1.5435321E+03   5.7000000E+02   0.0000000E+00   0.0000000E+00   0.0000000E+00
   1.5435396E+03   6.1000000E+02   0.0000000E+00   0.0000000E+00   0.0000000E+00
   1.5435472E+03   6.0200000E+02   0.0000000E+00   0.0000000E+00   0.0000000E+00
   1.5435547E+03   5.5700000E+02   0.0000000E+00   0.0000000E+00   0.0000000E+00
   1.5435622E+03   6.1900000E+02   0.0000000E+00   0.0000000E+00   0.0000000E+00
   1.5435698E+03   5.7900000E+02   0.0000000E+00   0.0000000E+00   0.0000000E+00
   1.5435773E+03   5.6000000E+02   0.0000000E+00   0.0000000E+00   0.0000000E+00
   1.5435848E+03   5.8100000E+02   0.0000000E+00   0.0000000E+00   0.0000000E+00
   1.5435923E+03   6.1400000E+02   0.0000000E+00   0.0000000E+00   0.0000000E+00
   1.5435999E+03   5.8500000E+02   0.0000000E+00   0.0000000E+00   0.0000000E+00
   1.5436074E+03   5.9500000E+02   0.0000000E+00   0.0000000E+00   0.0000000E+00
   1.5436149E+03   6.2000000E+02   0.0000000E+00   0.0000000E+00   0.0000000E+00
   1.5436225E+03   5.5600000E+02   0.0000000E+00   0.0000000E+00   0.0000000E+00
   1.5436300E+03   5.5800000E+02   0.0000000E+00   0.0000000E+00   0.0000000E+00
   1.5436375E+03   5.5700000E+02   0.0000000E+00   0.0000000E+00   0.0000000E+00
   1.5436450E+03   5.3800000E+02   0.0000000E+00   0.0000000E+00   0.0000000E+00
   1.5436526E+03   5.6600000E+02   0.0000000E+00   0.0000000E+00   0.0000000E+00
   1.5436601E+03   5.4900000E+02   0.0000000E+00   0.0000000E+00   0.0000000E+00
   1.5436676E+03   5.9700000E+02   0.0000000E+00   0.0000000E+00   0.0000000E+00
   1.5436752E+03   5.7500000E+02   0.0000000E+00   0.0000000E+00   0.0000000E+00
   1.5436827E+03   5.9200000E+02   0.0000000E+00   0.0000000E+00   0.0000000E+00
   1.5436902E+03   5.7300000E+02   0.0000000E+00   0.0000000E+00   0.0000000E+00
   1.5436977E+03   5.9300000E+02   0.0000000E+00   0.0000000E+00   0.0000000E+00
   1.5437053E+03   5.7100000E+02   0.0000000E+00   0.0000000E+00   0.0000000E+00
   1.5437128E+03   5.7800000E+02   0.0000000E+00   0.0000000E+00   0.0000000E+00
   1.5437203E+03   6.1300000E+02   0.0000000E+00   0.0000000E+00   0.0000000E+00
   1.5437279E+03   6.0300000E+02   0.0000000E+00   0.0000000E+00   0.0000000E+00
   1.5437354E+03   5.9400000E+02   0.0000000E+00   0.0000000E+00   0.0000000E+00
   1.5437429E+03   5.9300000E+02   0.0000000E+00   0.0000000E+00   0.0000000E+00
   1.5437504E+03   5.6300000E+02   0.0000000E+00   0.0000000E+00   0.0000000E+00
   1.5437580E+03   6.0000000E+02   0.0000000E+00   0.0000000E+00   0.0000000E+00
   1.5437655E+03   5.8700000E+02   0.0000000E+00   0.0000000E+00   0.0000000E+00
   1.5437730E+03   6.1100000E+02   0.0000000E+00   0.0000000E+00   0.0000000E+00
   1.5437806E+03   5.7400000E+02   0.0000000E+00   0.0000000E+00   0.0000000E+00
   1.5437881E+03   5.5600000E+02   0.0000000E+00   0.0000000E+00   0.0000000E+00
   1.5437956E+03   6.0200000E+02   0.0000000E+00   0.0000000E+00   0.0000000E+00
   1.5438031E+03   5.6400000E+02   0.0000000E+00   0.0000000E+00   0.0000000E+00
   1.5438107E+03   5.6500000E+02   0.0000000E+00   0.0000000E+00   0.0000000E+00
   1.5438182E+03   5.7800000E+02   0.0000000E+00   0.0000000E+00   0.0000000E+00
   1.5438257E+03   5.9200000E+02   0.0000000E+00   0.0000000E+00   0.0000000E+00
   1.5438332E+03   6.0600000E+02   0.0000000E+00   0.0000000E+00   0.0000000E+00
   1.5438408E+03   5.7900000E+02   0.0000000E+00   0.0000000E+00   0.0000000E+00
   1.5438483E+03   5.9700000E+02   0.0000000E+00   0.0000000E+00   0.0000000E+00
   1.5438558E+03   5.6300000E+02   0.0000000E+00   0.0000000E+00   0.0000000E+00
   1.5438634E+03   5.2700000E+02   0.0000000E+00   0.0000000E+00   0.0000000E+00
   1.5438709E+03   5.4600000E+02   0.0000000E+00   0.0000000E+00   0.0000000E+00
   1.5438784E+03   5.5700000E+02   0.0000000E+00   0.0000000E+00   0.0000000E+00
   1.5438859E+03   5.6600000E+02   0.0000000E+00   0.0000000E+00   0.0000000E+00
   1.5438935E+03   5.6000000E+02   0.0000000E+00   0.0000000E+00   0.0000000E+00
   1.5439010E+03   6.0000000E+02   0.0000000E+00   0.0000000E+00   0.0000000E+00
   1.5439085E+03   5.3300000E+02   0.0000000E+00   0.0000000E+00   0.0000000E+00
   1.5439161E+03   5.6800000E+02   0.0000000E+00   0.0000000E+00   0.0000000E+00
   1.5439236E+03   5.8900000E+02   0.0000000E+00   0.0000000E+00   0.0000000E+00
   1.5439311E+03   5.8600000E+02   0.0000000E+00   0.0000000E+00   0.0000000E+00
   1.5439386E+03   5.9800000E+02   0.0000000E+00   0.0000000E+00   0.0000000E+00
   1.5439462E+03   5.1400000E+02   0.0000000E+00   0.0000000E+00   0.0000000E+00
   1.5439537E+03   5.6000000E+02   0.0000000E+00   0.0000000E+00   0.0000000E+00
   1.5439612E+03   5.4600000E+02   0.0000000E+00   0.0000000E+00   0.0000000E+00
   1.5439688E+03   5.3500000E+02   0.0000000E+00   0.0000000E+00   0.0000000E+00
   1.5439763E+03   5.9000000E+02   0.0000000E+00   0.0000000E+00   0.0000000E+00
   1.5439838E+03   6.0100000E+02   0.0000000E+00   0.0000000E+00   0.0000000E+00
   1.5439913E+03   5.4800000E+02   0.0000000E+00   0.0000000E+00   0.0000000E+00
   1.5439989E+03   5.9300000E+02   0.0000000E+00   0.0000000E+00   0.0000000E+00
   1.5440064E+03   5.4500000E+02   0.0000000E+00   0.0000000E+00   0.0000000E+00
   1.5440139E+03   5.7500000E+02   0.0000000E+00   0.0000000E+00   0.0000000E+00
   1.5440215E+03   5.7600000E+02   0.0000000E+00   0.0000000E+00   0.0000000E+00
   1.5440290E+03   5.5300000E+02   0.0000000E+00   0.0000000E+00   0.0000000E+00
   1.5440365E+03   5.7400000E+02   0.0000000E+00   0.0000000E+00   0.0000000E+00
   1.5440440E+03   5.9100000E+02   0.0000000E+00   0.0000000E+00   0.0000000E+00
   1.5440516E+03   5.4700000E+02   0.0000000E+00   0.0000000E+00   0.0000000E+00
   1.5440591E+03   5.8800000E+02   0.0000000E+00   0.0000000E+00   0.0000000E+00
   1.5440666E+03   5.8900000E+02   0.0000000E+00   0.0000000E+00   0.0000000E+00
   1.5440742E+03   5.8400000E+02   0.0000000E+00   0.0000000E+00   0.0000000E+00
   1.5440817E+03   6.2000000E+02   0.0000000E+00   0.0000000E+00   0.0000000E+00
   1.5440892E+03   5.4400000E+02   0.0000000E+00   0.0000000E+00   0.0000000E+00
   1.5440967E+03   5.9900000E+02   0.0000000E+00   0.0000000E+00   0.0000000E+00
   1.5441043E+03   6.1400000E+02   0.0000000E+00   0.0000000E+00   0.0000000E+00
   1.5441118E+03   5.8800000E+02   0.0000000E+00   0.0000000E+00   0.0000000E+00
   1.5441193E+03   5.8300000E+02   0.0000000E+00   0.0000000E+00   0.0000000E+00
   1.5441269E+03   5.7100000E+02   0.0000000E+00   0.0000000E+00   0.0000000E+00
   1.5441344E+03   5.8200000E+02   0.0000000E+00   0.0000000E+00   0.0000000E+00
   1.5441419E+03   5.6900000E+02   0.0000000E+00   0.0000000E+00   0.0000000E+00
   1.5441494E+03   5.5100000E+02   0.0000000E+00   0.0000000E+00   0.0000000E+00
   1.5441570E+03   5.5900000E+02   0.0000000E+00   0.0000000E+00   0.0000000E+00
   1.5441645E+03   5.6300000E+02   0.0000000E+00   0.0000000E+00   0.0000000E+00
   1.5441720E+03   5.8400000E+02   0.0000000E+00   0.0000000E+00   0.0000000E+00
   1.5441796E+03   6.2500000E+02   0.0000000E+00   0.0000000E+00   0.0000000E+00
   1.5441871E+03   6.1900000E+02   0.0000000E+00   0.0000000E+00   0.0000000E+00
   1.5441946E+03   5.4800000E+02   1.0000000E+00   7.4022839E-04   4.0564516E-01
   1.5442021E+03   5.9100000E+02   0.0000000E+00   0.0000000E+00   0.0000000E+00
   1.5442097E+03   5.8800000E+02   0.0000000E+00   0.0000000E+00   0.0000000E+00
   1.5442172E+03   5.5500000E+02   0.0000000E+00   0.0000000E+00   0.0000000E+00
   1.5442247E+03   5.3100000E+02   0.0000000E+00   0.0000000E+00   0.0000000E+00
   1.5442323E+03   5.5600000E+02   0.0000000E+00   0.0000000E+00   0.0000000E+00
   1.5442398E+03   5.8800000E+02   0.0000000E+00   0.0000000E+00   0.0000000E+00
   1.5442473E+03   5.8600000E+02   0.0000000E+00   0.0000000E+00   0.0000000E+00
   1.5442548E+03   5.6900000E+02   0.0000000E+00   0.0000000E+00   0.0000000E+00
   1.5442624E+03   6.0700000E+02   0.0000000E+00   0.0000000E+00   0.0000000E+00
   1.5442699E+03   5.5900000E+02   0.0000000E+00   0.0000000E+00   0.0000000E+00
   1.5442774E+03   5.4600000E+02   0.0000000E+00   0.0000000E+00   0.0000000E+00
   1.5442849E+03   6.1400000E+02   0.0000000E+00   0.0000000E+00   0.0000000E+00
   1.5442925E+03   5.4200000E+02   0.0000000E+00   0.0000000E+00   0.0000000E+00
   1.5443000E+03   5.8000000E+02   0.0000000E+00   0.0000000E+00   0.0000000E+00
   1.5443075E+03   5.6200000E+02   0.0000000E+00   0.0000000E+00   0.0000000E+00
   1.5443151E+03   5.6100000E+02   0.0000000E+00   0.0000000E+00   0.0000000E+00
   1.5443226E+03   5.7300000E+02   1.0000000E+00   1.3314591E-04   7.6292607E-02
   1.5443301E+03   5.6300000E+02   0.0000000E+00   0.0000000E+00   0.0000000E+00
   1.5443376E+03   5.6900000E+02   0.0000000E+00   0.0000000E+00   0.0000000E+00
   1.5443452E+03   5.9500000E+02   0.0000000E+00   0.0000000E+00   0.0000000E+00
   1.5443527E+03   5.6600000E+02   0.0000000E+00   0.0000000E+00   0.0000000E+00
   1.5443602E+03   5.4200000E+02   0.0000000E+00   0.0000000E+00   0.0000000E+00
   1.5443678E+03   5.4900000E+02   0.0000000E+00   0.0000000E+00   0.0000000E+00
   1.5443753E+03   5.7000000E+02   1.0000000E+00   5.6105928E-05   3.1980379E-02
   1.5443828E+03   5.9000000E+02   0.0000000E+00   0.0000000E+00   0.0000000E+00
   1.5443903E+03   5.7700000E+02   0.0000000E+00   0.0000000E+00   0.0000000E+00
   1.5443979E+03   5.4200000E+02   0.0000000E+00   0.0000000E+00   0.0000000E+00
   1.5444054E+03   5.7100000E+02   0.0000000E+00   0.0000000E+00   0.0000000E+00
   1.5444129E+03   5.9800000E+02   0.0000000E+00   0.0000000E+00   0.0000000E+00
   1.5444205E+03   5.3800000E+02   0.0000000E+00   0.0000000E+00   0.0000000E+00
   1.5444280E+03   5.8200000E+02   0.0000000E+00   0.0000000E+00   0.0000000E+00
   1.5444355E+03   5.5600000E+02   0.0000000E+00   0.0000000E+00   0.0000000E+00
   1.5444430E+03   5.9800000E+02   0.0000000E+00   0.0000000E+00   0.0000000E+00
   1.5444506E+03   5.8200000E+02   0.0000000E+00   0.0000000E+00   0.0000000E+00
   1.5444581E+03   5.5300000E+02   0.0000000E+00   0.0000000E+00   0.0000000E+00
   1.5444656E+03   5.6300000E+02   0.0000000E+00   0.0000000E+00   0.0000000E+00
   1.5444732E+03   5.9500000E+02   0.0000000E+00   0.0000000E+00   0.0000000E+00
   1.5444807E+03   5.5900000E+02   0.0000000E+00   0.0000000E+00   0.0000000E+00
   1.5444882E+03   5.4400000E+02   0.0000000E+00   0.0000000E+00   0.0000000E+00
   1.5444957E+03   5.7700000E+02   0.0000000E+00   0.0000000E+00   0.0000000E+00
   1.5445033E+03   5.3300000E+02   0.0000000E+00   0.0000000E+00   0.0000000E+00
   1.5445108E+03   5.8200000E+02   0.0000000E+00   0.0000000E+00   0.0000000E+00
   1.5445183E+03   6.1200000E+02   0.0000000E+00   0.0000000E+00   0.0000000E+00
   1.5445259E+03   5.8700000E+02   0.0000000E+00   0.0000000E+00   0.0000000E+00
   1.5445334E+03   5.4800000E+02   0.0000000E+00   0.0000000E+00   0.0000000E+00
   1.5445409E+03   6.1700000E+02   0.0000000E+00   0.0000000E+00   0.0000000E+00
   1.5445484E+03   5.7800000E+02   0.0000000E+00   0.0000000E+00   0.0000000E+00
   1.5445560E+03   5.6900000E+02   0.0000000E+00   0.0000000E+00   0.0000000E+00
   1.5445635E+03   6.2200000E+02   0.0000000E+00   0.0000000E+00   0.0000000E+00
   1.5445710E+03   5.7400000E+02   0.0000000E+00   0.0000000E+00   0.0000000E+00
   1.5445786E+03   5.7500000E+02   0.0000000E+00   0.0000000E+00   0.0000000E+00
   1.5445861E+03   6.1000000E+02   0.0000000E+00   0.0000000E+00   0.0000000E+00
   1.5445936E+03   5.8400000E+02   0.0000000E+00   0.0000000E+00   0.0000000E+00
   1.5446011E+03   5.2200000E+02   0.0000000E+00   0.0000000E+00   0.0000000E+00
   1.5446087E+03   5.5500000E+02   0.0000000E+00   0.0000000E+00   0.0000000E+00
   1.5446162E+03   5.7900000E+02   0.0000000E+00   0.0000000E+00   0.0000000E+00
   1.5446237E+03   5.8200000E+02   0.0000000E+00   0.0000000E+00   0.0000000E+00
   1.5446313E+03   5.8300000E+02   0.0000000E+00   0.0000000E+00   0.0000000E+00
   1.5446388E+03   5.7600000E+02   0.0000000E+00   0.0000000E+00   0.0000000E+00
   1.5446463E+03   5.6900000E+02   0.0000000E+00   0.0000000E+00   0.0000000E+00
   1.5446538E+03   6.1700000E+02   0.0000000E+00   0.0000000E+00   0.0000000E+00
   1.5446614E+03   5.3700000E+02   0.0000000E+00   0.0000000E+00   0.0000000E+00
   1.5446689E+03   5.8300000E+02   0.0000000E+00   0.0000000E+00   0.0000000E+00
   1.5446764E+03   6.0100000E+02   0.0000000E+00   0.0000000E+00   0.0000000E+00
   1.5446840E+03   5.8200000E+02   0.0000000E+00   0.0000000E+00   0.0000000E+00
   1.5446915E+03   5.7100000E+02   0.0000000E+00   0.0000000E+00   0.0000000E+00
   1.5446990E+03   5.7300000E+02   0.0000000E+00   0.0000000E+00   0.0000000E+00
   1.5447065E+03   5.5700000E+02   0.0000000E+00   0.0000000E+00   0.0000000E+00
   1.5447141E+03   5.9200000E+02   0.0000000E+00   0.0000000E+00   0.0000000E+00
   1.5447216E+03   5.4100000E+02   0.0000000E+00   0.0000000E+00   0.0000000E+00
   1.5447291E+03   5.3200000E+02   0.0000000E+00   0.0000000E+00   0.0000000E+00
   1.5447366E+03   5.9500000E+02   0.0000000E+00   0.0000000E+00   0.0000000E+00
   1.5447442E+03   5.7300000E+02   0.0000000E+00   0.0000000E+00   0.0000000E+00
   1.5447517E+03   5.8700000E+02   1.0000000E+00   1.4411044E-03   8.4592831E-01
   1.5447592E+03   5.7300000E+02   0.0000000E+00   0.0000000E+00   0.0000000E+00
   1.5447668E+03   5.8200000E+02   0.0000000E+00   0.0000000E+00   0.0000000E+00
   1.5447743E+03   5.5700000E+02   0.0000000E+00   0.0000000E+00   0.0000000E+00
   1.5447818E+03   5.9600000E+02   0.0000000E+00   0.0000000E+00   0.0000000E+00
   1.5447893E+03   5.3400000E+02   0.0000000E+00   0.0000000E+00   0.0000000E+00
   1.5447969E+03   5.7300000E+02   0.0000000E+00   0.0000000E+00   0.0000000E+00
   1.5448044E+03   6.2000000E+02   0.0000000E+00   0.0000000E+00   0.0000000E+00
   1.5448119E+03   5.4500000E+02   0.0000000E+00   0.0000000E+00   0.0000000E+00
   1.5448195E+03   6.2900000E+02   0.0000000E+00   0.0000000E+00   0.0000000E+00
   1.5448270E+03   5.7600000E+02   0.0000000E+00   0.0000000E+00   0.0000000E+00
   1.5448345E+03   5.6400000E+02   0.0000000E+00   0.0000000E+00   0.0000000E+00
   1.5448420E+03   5.9800000E+02   0.0000000E+00   0.0000000E+00   0.0000000E+00
   1.5448496E+03   5.9600000E+02   0.0000000E+00   0.0000000E+00   0.0000000E+00
   1.5448571E+03   5.5800000E+02   0.0000000E+00   0.0000000E+00   0.0000000E+00
   1.5448646E+03   5.7600000E+02   0.0000000E+00   0.0000000E+00   0.0000000E+00
   1.5448722E+03   5.5800000E+02   0.0000000E+00   0.0000000E+00   0.0000000E+00
   1.5448797E+03   6.0300000E+02   0.0000000E+00   0.0000000E+00   0.0000000E+00
   1.5448872E+03   5.9200000E+02   0.0000000E+00   0.0000000E+00   0.0000000E+00
   1.5448947E+03   5.9700000E+02   0.0000000E+00   0.0000000E+00   0.0000000E+00
   1.5449023E+03   5.5700000E+02   0.0000000E+00   0.0000000E+00   0.0000000E+00
   1.5449098E+03   5.8300000E+02   0.0000000E+00   0.0000000E+00   0.0000000E+00
   1.5449173E+03   5.6100000E+02   1.0000000E+00   2.8949943E-04   1.6240918E-01
   1.5449249E+03   5.5500000E+02   0.0000000E+00   0.0000000E+00   0.0000000E+00
   1.5449324E+03   6.0500000E+02   0.0000000E+00   0.0000000E+00   0.0000000E+00
   1.5449399E+03   5.7000000E+02   0.0000000E+00   0.0000000E+00   0.0000000E+00
   1.5449474E+03   5.7200000E+02   0.0000000E+00   0.0000000E+00   0.0000000E+00
   1.5449550E+03   5.7300000E+02   0.0000000E+00   0.0000000E+00   0.0000000E+00
   1.5449625E+03   5.5700000E+02   0.0000000E+00   0.0000000E+00   0.0000000E+00
   1.5449700E+03   5.6900000E+02   0.0000000E+00   0.0000000E+00   0.0000000E+00
   1.5449776E+03   5.4000000E+02   0.0000000E+00   0.0000000E+00   0.0000000E+00
   1.5449851E+03   5.3000000E+02   0.0000000E+00   0.0000000E+00   0.0000000E+00
   1.5449926E+03   5.2800000E+02   0.0000000E+00   0.0000000E+00   0.0000000E+00
   1.5450001E+03   4.6400000E+02   0.0000000E+00   0.0000000E+00   0.0000000E+00
   1.5450077E+03   3.9400000E+02   0.0000000E+00   0.0000000E+00   0.0000000E+00
   1.5450152E+03   3.4200000E+02   0.0000000E+00   4.1207766E-06   0.0000000E+00
   1.5450227E+03   3.0400000E+02   0.0000000E+00   4.9561044E-04   0.0000000E+00
   1.5450303E+03   2.1300000E+02   0.0000000E+00   0.0000000E+00   0.0000000E+00
   1.5450378E+03   1.4800000E+02   0.0000000E+00   3.6431050E-03   0.0000000E+00
   1.5450453E+03   9.0000000E+01   0.0000000E+00   0.0000000E+00   0.0000000E+00
   1.5450528E+03   5.3000000E+01   0.0000000E+00   0.0000000E+00   0.0000000E+00
   1.5450604E+03   3.8000000E+01   1.0000000E+00   7.0730840E-03   9.0849253E-02
   1.5450679E+03   1.8000000E+01   1.0000000E+00   7.8165569E-03   2.9542722E-01
   1.5450754E+03   9.0000000E+00   2.0000000E+00   4.7802835E-02   2.1511276E-01
   1.5450830E+03   7.0000000E+00   5.0000000E+00   9.0160852E-02   1.2622519E-01
   1.5450905E+03   6.0000000E+00   1.0000000E+00   6.5999843E-02   1.2802613E-01
   1.5450980E+03   5.0000000E+00   3.0000000E+00   1.0782696E-01   2.5770000E-01
   1.5451055E+03   3.0000000E+00   3.0000000E+00   5.7287160E-02   5.7287160E-02
   1.5451131E+03   5.0000000E+00   4.0000000E+00   7.5467813E-02   9.4108806E-02
   1.5451206E+03   3.0000000E+00   3.0000000E+00   1.6865134E-01   1.6865134E-01
   1.5451281E+03   2.0000000E+00   2.0000000E+00   1.0300566E-01   1.0300566E-01
   1.5451357E+03   4.0000000E+00   3.0000000E+00   1.2318288E-01   1.6360095E-01
   1.5451432E+03   1.0000000E+01   8.0000000E+00   4.6096066E-02   9.7528936E-02
   1.5451507E+03   7.0000000E+00   6.0000000E+00   3.2671063E-02   3.5400544E-02
   1.5451582E+03   6.0000000E+00   6.0000000E+00   1.3727467E-01   1.3727467E-01
   1.5451658E+03   8.0000000E+00   6.0000000E+00   1.0691928E-01   1.1755027E-02
   1.5451733E+03   1.3000000E+01   1.1000000E+01   5.7738036E-02   5.5921905E-02
   1.5451808E+03   7.0000000E+00   6.0000000E+00   1.9844385E-01   1.7478777E-01
   1.5451883E+03   8.0000000E+00   8.0000000E+00   1.0957071E-01   1.0957071E-01
   1.5451959E+03   1.3000000E+01   1.3000000E+01   1.9070015E-02   1.9070015E-02
   1.5452034E+03   7.0000000E+00   5.0000000E+00   2.1751680E-01   2.4118241E-01
   1.5452109E+03   6.0000000E+00   6.0000000E+00   7.2655290E-02   7.2655290E-02
   1.5452185E+03   1.2000000E+01   1.1000000E+01   5.4683199E-02   4.8066527E-02
   1.5452260E+03   1.5000000E+01   1.4000000E+01   6.9594289E-02   7.4667965E-02
   1.5452335E+03   9.0000000E+00   7.0000000E+00   7.9163882E-02   5.8661719E-02
   1.5452410E+03   9.0000000E+00   9.0000000E+00   1.5838344E-01   1.5838344E-01
   1.5452486E+03   1.4000000E+01   1.2000000E+01   4.5356955E-02   2.4266998E-02
   1.5452561E+03   1.2000000E+01   1.2000000E+01   6.1098754E-02   6.1098754E-02
   1.5452636E+03   1.1000000E+01   1.0000000E+01   8.5369155E-02   1.0345074E-01
   1.5452712E+03   1.3000000E+01   1.2000000E+01   4.7857807E-02   6.5055947E-02
   1.5452787E+03   1.1000000E+01   9.0000000E+00   4.4048076E-02   3.1907036E-02
   1.5452862E+03   2.2000000E+01   2.1000000E+01   7.5647104E-02   6.4661672E-02
   1.5452937E+03   2.7000000E+01   2.4000000E+01   4.1123947E-02   5.0738316E-02
   1.5453013E+03   1.7000000E+01   1.6000000E+01   4.7433566E-02   5.4697820E-02
   1.5453088E+03   1.4000000E+01   1.3000000E+01   8.9665555E-02   1.1316506E-01
   1.5453163E+03   2.1000000E+01   1.9000000E+01   5.7590398E-02   3.6711784E-02
   1.5453239E+03   1.5000000E+01   1.4000000E+01   5.9432574E-02   8.0036963E-02
   1.5453314E+03   2.1000000E+01   2.1000000E+01   6.5653467E-02   6.5653467E-02
   1.5453389E+03   1.5000000E+01   1.4000000E+01   3.3824834E-02   3.8916503E-02
   1.5453464E+03   2.3000000E+01   2.1000000E+01   3.4142585E-02   2.3123080E-02
   1.5453540E+03   1.8000000E+01   1.5000000E+01   5.9917745E-02   5.1021071E-02
   1.5453615E+03   1.9000000E+01   1.8000000E+01   6.9143405E-02   5.9868969E-02
   1.5453690E+03   2.9000000E+01   2.5000000E+01   7.6469891E-02   8.1818301E-02
   1.5453766E+03   2.4000000E+01   2.1000000E+01   8.3723633E-02   7.1327207E-02
   1.5453841E+03   2.4000000E+01   2.0000000E+01   3.7286487E-02   4.6231688E-02
   1.5453916E+03   2.7000000E+01   2.5000000E+01   9.2675017E-02   8.5337292E-02
   1.5453991E+03   3.4000000E+01   3.1000000E+01   1.1529804E-01   1.0734949E-01
   1.5454067E+03   3.2000000E+01   3.1000000E+01   2.6355767E-02   2.3468478E-02
   1.5454142E+03   3.0000000E+01   2.8000000E+01   7.6336692E-02   7.2278573E-02
   1.5454217E+03   2.5000000E+01   2.4000000E+01   7.9416156E-03   1.1775273E-02
   1.5454293E+03   2.6000000E+01   2.4000000E+01   8.4936054E-02   1.0108107E-01
   1.5454368E+03   3.7000000E+01   3.6000000E+01   5.5641984E-02   5.7154287E-02
   1.5454443E+03   3.4000000E+01   3.0000000E+01   8.2845404E-02   7.9553657E-02
   1.5454518E+03   3.5000000E+01   3.4000000E+01   7.5723975E-02   7.4976564E-02
   1.5454594E+03   2.3000000E+01   2.2000000E+01   8.5062544E-02   7.7932208E-02
   1.5454669E+03   2.9000000E+01   2.8000000E+01   6.0954504E-02   7.6824711E-02
   1.5454744E+03   4.5000000E+01   4.2000000E+01   4.8902235E-02   4.3230308E-02
   1.5454820E+03   2.7000000E+01   2.6000000E+01   2.9019994E-02   4.3829549E-02
   1.5454895E+03   2.6000000E+01   2.2000000E+01   7.7477693E-03   1.7031520E-02
   1.5454970E+03   3.6000000E+01   3.6000000E+01   5.5828381E-02   5.5828381E-02
   1.5455045E+03   3.4000000E+01   3.3000000E+01   8.1408516E-02   8.4996847E-02
   1.5455121E+03   3.2000000E+01   3.2000000E+01   5.0390022E-02   5.0390022E-02
   1.5455196E+03   4.1000000E+01   4.1000000E+01   7.1055642E-02   7.1055642E-02
   1.5455271E+03   4.5000000E+01   4.3000000E+01   6.8095634E-03   1.3507998E-02
   1.5455347E+03   3.5000000E+01   3.4000000E+01   1.0674262E-01   9.9667289E-02
   1.5455422E+03   4.5000000E+01   4.1000000E+01   5.6641277E-02   5.7573621E-02
   1.5455497E+03   3.9000000E+01   3.8000000E+01   1.5522350E-02   2.0249432E-02
   1.5455572E+03   5.4000000E+01   5.4000000E+01   5.7054523E-02   5.7054523E-02
   1.5455648E+03   3.3000000E+01   3.2000000E+01   3.4974638E-02   4.0115203E-02
   1.5455723E+03   5.1000000E+01   5.1000000E+01   3.3925962E-02   3.3925962E-02
   1.5455798E+03   4.7000000E+01   4.5000000E+01   6.5126676E-02   6.7465939E-02
   1.5455874E+03   6.0000000E+01   5.9000000E+01   2.2747743E-02   2.9363202E-02
   1.5455949E+03   4.6000000E+01   4.6000000E+01   1.1141292E-02   1.1141292E-02
   1.5456024E+03   5.3000000E+01   5.0000000E+01   4.4108047E-02   3.9515403E-02
   1.5456099E+03   4.2000000E+01   4.0000000E+01   2.0965718E-02   3.2870542E-02
   1.5456175E+03   5.5000000E+01   5.2000000E+01   3.6565124E-02   3.7488184E-02
   1.5456250E+03   3.3000000E+01   3.3000000E+01   2.3515571E-02   2.3515571E-02
   1.5456325E+03   4.2000000E+01   4.2000000E+01   1.3223503E-02   1.3223503E-02
   1.5456400E+03   5.8000000E+01   5.6000000E+01   1.2268971E-02   1.3671001E-02
   1.5456476E+03   4.9000000E+01   4.6000000E+01   3.4816955E-02   3.0107998E-02
   1.5456551E+03   5.7000000E+01   5.5000000E+01   8.5289029E-03   4.1453556E-03
   1.5456626E+03   5.2000000E+01   5.2000000E+01   4.0206159E-02   4.0206159E-02
   1.5456702E+03   6.2000000E+01   6.0000000E+01   3.9635402E-03   2.5197021E-03
   1.5456777E+03   4.6000000E+01   4.4000000E+01   4.9526460E-02   5.0730511E-02
   1.5456852E+03   6.1000000E+01   5.8000000E+01   6.8387142E-02   7.3656036E-02
   1.5456927E+03   6.0000000E+01   5.8000000E+01   2.6579236E-02   2.4280635E-02
   1.5457003E+03   5.7000000E+01   5.6000000E+01   3.7957213E-02   3.4588827E-02
   1.5457078E+03   4.8000000E+01   4.4000000E+01   7.7328474E-02   8.0205131E-02
   1.5457153E+03   5.4000000E+01   5.1000000E+01   1.0957612E-02   2.1030652E-02
   1.5457229E+03   5.6000000E+01   5.5000000E+01   7.2645609E-02   7.4084718E-02
   1.5457304E+03   7.7000000E+01   7.5000000E+01   3.0426739E-02   3.1125769E-02
   1.5457379E+03   6.2000000E+01   5.9000000E+01   4.8923308E-02   4.5034875E-02
   1.5457454E+03   7.2000000E+01   6.9000000E+01   1.6462185E-02   8.7471054E-03
   1.5457530E+03   6.2000000E+01   6.1000000E+01   3.5776424E-02   3.3875509E-02
   1.5457605E+03   6.4000000E+01   6.1000000E+01   2.2381852E-02   2.0526221E-02
   1.5457680E+03   5.7000000E+01   5.6000000E+01   3.5312789E-02   3.9415078E-02
   1.5457756E+03   6.7000000E+01   6.5000000E+01   4.2473553E-02   4.2944312E-02
   1.5457831E+03   5.4000000E+01   5.3000000E+01   7.0923407E-02   6.8091858E-02
   1.5457906E+03   6.7000000E+01   6.4000000E+01   4.7296025E-02   4.8661732E-02
   1.5457981E+03   7.0000000E+01   6.8000000E+01   3.9047838E-02   4.1234172E-02
   1.5458057E+03   7.1000000E+01   7.1000000E+01   1.6912467E-02   1.6912467E-02
   1.5458132E+03   7.0000000E+01   6.9000000E+01   2.1314821E-02   1.8566270E-02
   1.5458207E+03   7.0000000E+01   6.6000000E+01   2.1871962E-02   2.1668104E-02
   1.5458283E+03   7.6000000E+01   7.5000000E+01   1.3789429E-02   1.6359405E-02
   1.5458358E+03   7.1000000E+01   6.9000000E+01   3.9005766E-02   3.8580128E-02
   1.5458433E+03   5.6000000E+01   5.2000000E+01   3.4129896E-02   4.9702653E-02
   1.5458508E+03   7.3000000E+01   7.0000000E+01   1.6478622E-02   1.5095475E-02
   1.5458584E+03   7.0000000E+01   6.8000000E+01   2.2013811E-03   1.1394641E-02
   1.5458659E+03   8.3000000E+01   7.9000000E+01   2.1139687E-02   3.1680142E-02
   1.5458734E+03   7.5000000E+01   7.3000000E+01   4.8120088E-02   4.5588990E-02
   1.5458810E+03   7.4000000E+01   7.2000000E+01   1.8599562E-02   1.7660354E-02
   1.5458885E+03   8.1000000E+01   7.7000000E+01   2.0481859E-02   1.4452986E-02
   1.5458960E+03   7.6000000E+01   7.5000000E+01   6.3693585E-03   7.9912520E-03
   1.5459035E+03   8.3000000E+01   8.2000000E+01   3.8777011E-02   3.4783131E-02
   1.5459111E+03   8.0000000E+01   7.6000000E+01   3.6152333E-03   3.0080279E-03
   1.5459186E+03   7.6000000E+01   7.5000000E+01   1.6336270E-02   1.3588651E-02
   1.5459261E+03   7.5000000E+01   7.3000000E+01   2.7313038E-02   3.2998707E-02
   1.5459337E+03   7.8000000E+01   7.6000000E+01   2.9913745E-02   2.6010354E-02
   1.5459412E+03   8.7000000E+01   8.3000000E+01   1.6309050E-02   1.8067747E-02
   1.5459487E+03   7.7000000E+01   7.3000000E+01   2.7163656E-02   2.4527756E-02
   1.5459562E+03   8.9000000E+01   8.4000000E+01   4.5574471E-02   5.6552708E-02
   1.5459638E+03   8.9000000E+01   8.5000000E+01   9.4131849E-03   1.3507547E-02
   1.5459713E+03   6.6000000E+01   6.1000000E+01   3.0833354E-02   3.1163085E-02
   1.5459788E+03   8.3000000E+01   8.1000000E+01   4.0079865E-02   3.6252967E-02
   1.5459864E+03   9.4000000E+01   9.2000000E+01   2.5711738E-02   2.3793394E-02
   1.5459939E+03   1.0000000E+02   9.8000000E+01   4.3853638E-03   7.0935222E-03
   1.5460014E+03   9.2000000E+01   8.9000000E+01   2.2924518E-02   2.5369359E-02
   1.5460089E+03   9.6000000E+01   9.3000000E+01   4.7622579E-02   4.6710941E-02
   1.5460165E+03   9.2000000E+01   8.8000000E+01   3.1056541E-02   3.0250829E-02
   1.5460240E+03   9.9000000E+01   9.7000000E+01   3.3801655E-02   3.1575150E-02
   1.5460315E+03   8.3000000E+01   8.1000000E+01   1.7767274E-02   1.9905096E-02
   1.5460391E+03   8.1000000E+01   7.7000000E+01   5.5795555E-02   6.0368519E-02
   1.5460466E+03   9.7000000E+01   9.4000000E+01   2.5491301E-02   2.4584655E-02
   1.5460541E+03   9.0000000E+01   8.9000000E+01   3.3935633E-02   3.5636774E-02
   1.5460616E+03   1.0100000E+02   9.7000000E+01   8.5858235E-03   6.0368499E-03
   1.5460692E+03   1.0300000E+02   9.9000000E+01   3.9953848E-02   3.9349053E-02
   1.5460767E+03   1.0000000E+02   9.9000000E+01   2.4337588E-02   2.4147839E-02
   1.5460842E+03   1.0000000E+02   9.9000000E+01   2.0667723E-02   1.9835392E-02
   1.5460917E+03   1.0200000E+02   1.0000000E+02   1.2041279E-02   7.5240024E-03
   1.5460993E+03   1.0600000E+02   1.0600000E+02   1.8088856E-02   1.8088856E-02
   1.5461068E+03   1.2300000E+02   1.1500000E+02   1.4508992E-02   5.6092100E-03
   1.5461143E+03   1.0700000E+02   1.0400000E+02   4.6285349E-02   4.8453938E-02
   1.5461219E+03   1.2400000E+02   1.2000000E+02   2.7778105E-02   2.4657745E-02
   1.5461294E+03   1.0400000E+02   1.0100000E+02   4.0053003E-02   3.7486074E-02
   1.5461369E+03   1.1200000E+02   1.0900000E+02   3.6288662E-02   4.2111168E-02
   1.5461444E+03   1.2600000E+02   1.2200000E+02   3.0427072E-02   3.0909035E-02
   1.5461520E+03   1.2600000E+02   1.2300000E+02   1.0684592E-02   1.3501595E-02
   1.5461595E+03   1.1800000E+02   1.1500000E+02   5.1641938E-02   5.1483785E-02
   1.5461670E+03   1.0900000E+02   1.0600000E+02   2.7794993E-02   3.1417682E-02
   1.5461746E+03   1.0200000E+02   9.9000000E+01   1.7964721E-02   1.7901777E-02
   1.5461821E+03   1.2800000E+02   1.2700000E+02   2.9305779E-02   2.9639987E-02
   1.5461896E+03   1.1000000E+02   1.0600000E+02   2.2765555E-02   2.2415203E-02
   1.5461971E+03   1.1900000E+02   1.1500000E+02   2.0406035E-02   1.9121767E-02
   1.5462047E+03   1.0500000E+02   1.0500000E+02   1.3326446E-02   1.3326446E-02
   1.5462122E+03   1.2400000E+02   1.2400000E+02   2.7650483E-02   2.7650483E-02
   1.5462197E+03   1.2000000E+02   1.1600000E+02   1.1525010E-02   1.5594057E-02
   1.5462273E+03   1.1800000E+02   1.1500000E+02   4.0858464E-02   3.8740360E-02
   1.5462348E+03   1.1100000E+02   1.0700000E+02   3.7272603E-02   3.5029387E-02
   1.5462423E+03   1.5900000E+02   1.5200000E+02   1.6760760E-02   1.5628112E-02
   1.5462498E+03   1.2800000E+02   1.2600000E+02   1.6271904E-02   1.5055396E-02
   1.5462574E+03   1.5000000E+02   1.4400000E+02   8.5282218E-03   1.1784051E-02
   1.5462649E+03   1.1800000E+02   1.1400000E+02   3.5638733E-02   3.4510961E-02
   1.5462724E+03   1.2800000E+02   1.2500000E+02   1.4061863E-02   8.6277196E-03
   1.5462800E+03   1.3300000E+02   1.2700000E+02   1.4411830E-02   2.2261177E-02
   1.5462875E+03   1.4200000E+02   1.3700000E+02   2.0377844E-02   1.4382402E-02
   1.5462950E+03   1.4100000E+02   1.3700000E+02   1.7609584E-02   1.8254355E-02
   1.5463025E+03   1.2000000E+02   1.1600000E+02   1.0302753E-02   1.2210746E-02
   1.5463101E+03   1.2400000E+02   1.2100000E+02   2.6387330E-02   2.6600368E-02
   1.5463176E+03   1.1900000E+02   1.1600000E+02   1.0845803E-02   1.2852450E-02
   1.5463251E+03   1.2900000E+02   1.2400000E+02   3.4743322E-02   3.1567795E-02
   1.5463327E+03   1.3400000E+02   1.2700000E+02   1.6846472E-02   2.1371123E-02
   1.5463402E+03   1.4800000E+02   1.4700000E+02   1.8207944E-02   1.7133333E-02
   1.5463477E+03   1.4000000E+02   1.3600000E+02   1.7921167E-02   1.4990790E-02
   1.5463552E+03   1.5200000E+02   1.4600000E+02   9.4555408E-03   1.4407383E-02
   1.5463628E+03   1.2400000E+02   1.2100000E+02   2.4337969E-02   2.0007393E-02
   1.5463703E+03   1.4400000E+02   1.3900000E+02   2.4108861E-02   2.6005027E-02
   1.5463778E+03   1.4200000E+02   1.3700000E+02   2.4202349E-02   2.0899959E-02
   1.5463854E+03   1.5700000E+02   1.5300000E+02   1.1157108E-02   1.0116568E-02
   1.5463929E+03   1.3200000E+02   1.2600000E+02   3.1992192E-02   4.0445069E-02
   1.5464004E+03   1.4900000E+02   1.4300000E+02   5.9886000E-02   6.1862499E-02
   1.5464079E+03   1.7600000E+02   1.7300000E+02   4.3976592E-02   4.5737611E-02
   1.5464155E+03   1.1800000E+02   1.1600000E+02   3.0620609E-02   2.4426663E-02
   1.5464230E+03   1.4100000E+02   1.3800000E+02   3.6199287E-02   3.4803267E-02
   1.5464305E+03   1.4600000E+02   1.3900000E+02   1.8110953E-02   1.7056577E-02
   1.5464381E+03   1.3500000E+02   1.3100000E+02   1.4503640E-02   1.3887853E-02
   1.5464456E+03   1.4900000E+02   1.4600000E+02   4.3294631E-03   5.3484977E-03
   1.5464531E+03   1.4700000E+02   1.4400000E+02   9.1522122E-03   1.0926917E-02
   1.5464606E+03   1.7000000E+02   1.6500000E+02   5.1527998E-02   5.1435187E-02
   1.5464682E+03   1.5400000E+02   1.4900000E+02   1.8655540E-02   1.3129478E-02
   1.5464757E+03   1.5900000E+02   1.5700000E+02   4.5996037E-02   4.6958407E-02
   1.5464832E+03   1.6000000E+02   1.5500000E+02   3.6610630E-02   4.0003691E-02
   1.5464908E+03   1.6000000E+02   1.5300000E+02   4.7863536E-03   7.8696895E-03
   1.5464983E+03   1.7100000E+02   1.6800000E+02   3.4377333E-02   3.6782116E-02
   1.5465058E+03   1.6000000E+02   1.5500000E+02   1.1786500E-02   1.1738545E-02
   1.5465133E+03   1.6500000E+02   1.6100000E+02   1.4642987E-02   1.3482008E-02
   1.5465209E+03   1.5100000E+02   1.4600000E+02   2.8069970E-02   2.9920840E-02
   1.5465284E+03   1.8200000E+02   1.7600000E+02   1.5958920E-02   1.8650055E-02
   1.5465359E+03   1.6900000E+02   1.6600000E+02   8.8974584E-03   1.1988611E-02
   1.5465434E+03   2.0400000E+02   2.0200000E+02   1.6563830E-02   1.4752967E-02
   1.5465510E+03   1.7300000E+02   1.6800000E+02   2.0190773E-02   2.0771304E-02
   1.5465585E+03   1.7600000E+02   1.7100000E+02   2.8609135E-03   1.4594144E-03
   1.5465660E+03   1.8800000E+02   1.8400000E+02   8.9635907E-03   1.2531857E-02
   1.5465736E+03   1.8600000E+02   1.8300000E+02   3.8283849E-02   3.6313636E-02
   1.5465811E+03   1.7900000E+02   1.7400000E+02   1.4861145E-02   1.4465768E-02
   1.5465886E+03   1.9600000E+02   1.9100000E+02   2.6144937E-02   2.5651064E-02
   1.5465961E+03   1.8500000E+02   1.8200000E+02   1.4032938E-02   1.4891965E-02
   1.5466037E+03   1.8100000E+02   1.7300000E+02   2.6848317E-02   2.5397829E-02
   1.5466112E+03   1.8300000E+02   1.7800000E+02   1.2580583E-02   1.0273166E-02
   1.5466187E+03   1.8500000E+02   1.8000000E+02   2.9067423E-02   2.4641062E-02
   1.5466263E+03   1.9400000E+02   1.8900000E+02   1.4890783E-02   1.9192009E-02
   1.5466338E+03   1.8500000E+02   1.8000000E+02   1.7934331E-02   2.0469684E-02
   1.5466413E+03   2.0400000E+02   2.0000000E+02   4.1201262E-03   6.6820388E-03
   1.5466488E+03   1.9400000E+02   1.8900000E+02   2.4353343E-02   2.2885876E-02
   1.5466564E+03   2.0300000E+02   1.9700000E+02   7.0760551E-03   9.2218171E-03
   1.5466639E+03   2.0900000E+02   2.0600000E+02   1.5589680E-02   1.2220612E-02
   1.5466714E+03   2.0000000E+02   1.9400000E+02   2.0294903E-02   1.7121788E-02
   1.5466790E+03   1.9800000E+02   1.9000000E+02   7.1492507E-03   8.3893599E-03
   1.5466865E+03   2.1300000E+02   2.0500000E+02   8.7681812E-03   5.6380408E-03
   1.5466940E+03   2.1200000E+02   2.0200000E+02   1.8012490E-02   1.6774664E-02
   1.5467015E+03   1.8700000E+02   1.8300000E+02   1.7979439E-02   1.6988865E-02
   1.5467091E+03   2.1900000E+02   2.1200000E+02   6.6398729E-03   7.0173509E-03
   1.5467166E+03   2.0100000E+02   1.9100000E+02   1.8238986E-02   1.9456092E-02
   1.5467241E+03   2.0600000E+02   2.0300000E+02   1.2452352E-02   1.2501440E-02
   1.5467317E+03   2.1000000E+02   2.0900000E+02   9.7195772E-03   9.9642326E-03
   1.5467392E+03   2.1200000E+02   2.0700000E+02   1.5834303E-02   1.8172279E-02
   1.5467467E+03   2.1100000E+02   2.0600000E+02   2.6599920E-02   2.7366556E-02
   1.5467542E+03   1.8500000E+02   1.8000000E+02   3.7535859E-03   4.5753787E-03
   1.5467618E+03   2.3900000E+02   2.3200000E+02   1.8077516E-02   1.6991048E-02
   1.5467693E+03   2.1600000E+02   2.1000000E+02   9.2520700E-03   8.7589521E-03
   1.5467768E+03   2.1800000E+02   2.1200000E+02   2.4631611E-02   2.7367421E-02
   1.5467844E+03   2.1900000E+02   2.1700000E+02   3.9078104E-03   1.0150426E-03
   1.5467919E+03   2.2300000E+02   2.1200000E+02   9.0594857E-03   1.2506664E-02
   1.5467994E+03   2.0700000E+02   2.0100000E+02   1.9922281E-02   1.7209134E-02
   1.5468069E+03   2.1500000E+02   2.1000000E+02   2.3790056E-02   2.1630431E-02
   1.5468145E+03   2.2400000E+02   2.1900000E+02   1.9392367E-02   2.3630272E-02
   1.5468220E+03   2.0000000E+02   1.9900000E+02   2.8650339E-02   2.9489270E-02
   1.5468295E+03   1.7900000E+02   1.7200000E+02   1.8156990E-02   2.1772660E-02
   1.5468371E+03   2.3600000E+02   2.3000000E+02   9.1710825E-03   9.0454778E-03
   1.5468446E+03   1.9000000E+02   1.8600000E+02   2.0906150E-02   1.8216374E-02
   1.5468521E+03   2.3100000E+02   2.2400000E+02   6.8329646E-03   1.4386520E-02
   1.5468596E+03   2.3700000E+02   2.2900000E+02   2.4346388E-02   2.2954365E-02
   1.5468672E+03   2.4200000E+02   2.3600000E+02   8.4268869E-03   9.5908564E-03
   1.5468747E+03   2.4400000E+02   2.3700000E+02   3.1709789E-02   2.8854497E-02
   1.5468822E+03   2.2100000E+02   2.1600000E+02   2.1523078E-02   2.3823453E-02
   1.5468898E+03   2.1600000E+02   2.1100000E+02   3.8113058E-02   3.7178278E-02
   1.5468973E+03   2.5400000E+02   2.4700000E+02   6.6787394E-03   7.0485174E-03
   1.5469048E+03   2.3900000E+02   2.3500000E+02   1.5591266E-02   1.6229842E-02
   1.5469123E+03   2.0700000E+02   2.0200000E+02   3.4839213E-02   3.8127749E-02
   1.5469199E+03   2.7500000E+02   2.6700000E+02   1.4744367E-02   1.2165819E-02
   1.5469274E+03   2.4900000E+02   2.4100000E+02   1.7804388E-02   1.4597277E-02
   1.5469349E+03   2.3900000E+02   2.3000000E+02   1.0462027E-02   9.1806909E-03
   1.5469425E+03   2.4300000E+02   2.3800000E+02   2.3048971E-02   2.1531653E-02
   1.5469500E+03   2.2900000E+02   2.1900000E+02   9.7099007E-03   1.4607162E-02
   1.5469575E+03   2.1800000E+02   2.1200000E+02   1.1188017E-02   1.0869767E-02
   1.5469650E+03   2.4500000E+02   2.4200000E+02   1.9087373E-02   1.9723635E-02
   1.5469726E+03   2.6900000E+02   2.6400000E+02   1.9442318E-02   1.9298660E-02
   1.5469801E+03   2.5100000E+02   2.4400000E+02   2.3112406E-02   2.3712545E-02
   1.5469876E+03   2.2700000E+02   2.1600000E+02   9.4100843E-03   1.6582463E-02
   1.5469951E+03   2.4500000E+02   2.3600000E+02   2.8206451E-02   3.4570467E-02
   1.5470027E+03   2.6200000E+02   2.5500000E+02   1.6056375E-02   1.5619406E-02
   1.5470102E+03   2.5600000E+02   2.4600000E+02   7.7153683E-03   1.0486210E-02
   1.5470177E+03   2.6400000E+02   2.5700000E+02   1.0314440E-02   1.1176903E-02
   1.5470253E+03   2.9200000E+02   2.8000000E+02   2.9049360E-02   3.1864782E-02
   1.5470328E+03   2.5500000E+02   2.5000000E+02   3.8046112E-03   6.6392785E-03
   1.5470403E+03   2.6300000E+02   2.5400000E+02   2.4416457E-02   2.2632486E-02
   1.5470478E+03   2.3500000E+02   2.2600000E+02   2.0568556E-02   1.9815305E-02
   1.5470554E+03   2.7200000E+02   2.6600000E+02   1.8437848E-02   1.7698809E-02
   1.5470629E+03   2.8000000E+02   2.7200000E+02   1.0545655E-02   8.1339598E-03
   1.5470704E+03   2.5500000E+02   2.5100000E+02   4.1967172E-02   4.1414992E-02
   1.5470780E+03   3.0600000E+02   2.9800000E+02   9.6613198E-03   1.3202140E-02
   1.5470855E+03   3.1500000E+02   3.1000000E+02   3.0796938E-02   2.9379347E-02
   1.5470930E+03   2.3900000E+02   2.3000000E+02   1.5556515E-02   1.7060945E-02
   1.5471005E+03   3.0100000E+02   2.9500000E+02   1.3481047E-02   1.2756011E-02
   1.5471081E+03   3.2900000E+02   3.2300000E+02   1.5535776E-02   1.5527734E-02
   1.5471156E+03   2.7100000E+02   2.6200000E+02   3.6841724E-02   3.7330915E-02
   1.5471231E+03   2.8000000E+02   2.6900000E+02   5.7524585E-03   4.8989554E-03
   1.5471307E+03   2.7800000E+02   2.6600000E+02   2.3347480E-02   2.5816727E-02
   1.5471382E+03   2.7800000E+02   2.7200000E+02   1.0491325E-02   8.8441322E-03
   1.5471457E+03   2.7100000E+02   2.6200000E+02   1.2026586E-02   1.3723652E-02
   1.5471532E+03   2.7400000E+02   2.6100000E+02   1.4374514E-02   1.3610013E-02
   1.5471608E+03   2.8100000E+02   2.7500000E+02   1.8821725E-02   1.8600594E-02
   1.5471683E+03   3.2300000E+02   3.1100000E+02   1.0217588E-02   8.4828374E-03
   1.5471758E+03   3.0600000E+02   2.9500000E+02   1.1695363E-02   6.4388515E-03
   1.5471834E+03   3.1900000E+02   3.0800000E+02   2.3147307E-02   2.1070070E-02
   1.5471909E+03   2.9200000E+02   2.7700000E+02   1.6772070E-02   1.7864401E-02
   1.5471984E+03   2.6200000E+02   2.5100000E+02   4.0210777E-03   4.2560344E-03
   1.5472059E+03   3.0300000E+02   2.9100000E+02   3.7568277E-02   3.8041098E-02
   1.5472135E+03   2.9800000E+02   2.8800000E+02   3.3423016E-02   3.5168916E-02
   1.5472210E+03   3.3200000E+02   3.1600000E+02   3.9024364E-03   1.7852475E-03
   1.5472285E+03   3.5500000E+02   3.4100000E+02   1.7020150E-02   1.3512861E-02
   1.5472361E+03   3.1300000E+02   2.9900000E+02   2.0586030E-02   1.7084380E-02
   1.5472436E+03   3.2200000E+02   3.0900000E+02   1.0613692E-02   1.2130189E-02
   1.5472511E+03   3.2000000E+02   3.0700000E+02   3.6751052E-02   3.9405037E-02
   1.5472586E+03   3.5400000E+02   3.4200000E+02   1.8598463E-02   1.8931378E-02
   1.5472662E+03   3.2100000E+02   3.0900000E+02   1.0734572E-02   1.3142845E-02
   1.5472737E+03   3.1700000E+02   3.0200000E+02   1.5312677E-03   7.7248513E-03
   1.5472812E+03   3.2600000E+02   3.1200000E+02   2.2318697E-02   2.6526838E-02
   1.5472888E+03   3.2900000E+02   3.1700000E+02   8.5153030E-03   4.8349551E-03
   1.5472963E+03   3.3300000E+02   3.1800000E+02   2.0029535E-02   2.2139126E-02
   1.5473038E+03   3.4200000E+02   3.2900000E+02   2.0441414E-02   2.0888689E-02
   1.5473113E+03   3.4300000E+02   3.2500000E+02   3.4804415E-02   3.4813241E-02
   1.5473189E+03   3.5900000E+02   3.4100000E+02   5.4846920E-03   8.9852337E-03
   1.5473264E+03   3.5800000E+02   3.3800000E+02   6.4777981E-03   3.8354418E-03
   1.5473339E+03   3.8200000E+02   3.7400000E+02   8.0057485E-03   9.5266513E-03
   1.5473415E+03   3.4200000E+02   3.2400000E+02   2.6268392E-03   7.2504568E-03
   1.5473490E+03   3.5000000E+02   3.3800000E+02   4.8471453E-03   3.5281391E-03
   1.5473565E+03   3.5300000E+02   3.3100000E+02   2.3949792E-02   2.2469163E-02
   1.5473640E+03   3.5900000E+02   3.4200000E+02   1.9511370E-02   1.7649674E-02
   1.5473716E+03   3.4600000E+02   3.3200000E+02   1.4511812E-03   1.5195107E-03
   1.5473791E+03   3.6400000E+02   3.5200000E+02   1.1858989E-02   1.2332469E-02
   1.5473866E+03   3.9100000E+02   3.7400000E+02   8.0000049E-03   7.3778097E-03
   1.5473942E+03   3.4900000E+02   3.3300000E+02   2.3418604E-02   2.5392282E-02
   1.5474017E+03   3.5300000E+02   3.4200000E+02   2.3892576E-02   2.3278192E-02
   1.5474092E+03   3.4600000E+02   3.3100000E+02   1.9028292E-02   2.0267319E-02
   1.5474167E+03   3.8100000E+02   3.7100000E+02   1.6879245E-02   1.6520223E-02
   1.5474243E+03   3.9800000E+02   3.8300000E+02   9.9847316E-03   9.0535794E-03
   1.5474318E+03   3.8700000E+02   3.7200000E+02   2.5277986E-02   2.4070259E-02
   1.5474393E+03   3.9000000E+02   3.6800000E+02   1.5515827E-02   1.3413758E-02
   1.5474468E+03   4.0400000E+02   3.8600000E+02   1.1268367E-02   8.8215073E-03
   1.5474544E+03   3.8200000E+02   3.6200000E+02   9.2400213E-03   7.9029673E-03
   1.5474619E+03   3.8500000E+02   3.5900000E+02   2.2113209E-02   2.2054099E-02
   1.5474694E+03   3.6100000E+02   3.4300000E+02   9.6800395E-03   1.0701040E-02
   1.5474770E+03   4.0000000E+02   3.7900000E+02   1.9743627E-03   3.6346984E-03
   1.5474845E+03   4.1300000E+02   3.8800000E+02   1.7730601E-02   1.7309880E-02
   1.5474920E+03   3.9700000E+02   3.7500000E+02   7.3375385E-03   6.9242416E-03
   1.5474995E+03   3.8000000E+02   3.6300000E+02   1.7959735E-02   1.7225334E-02
   1.5475071E+03   4.0900000E+02   3.8400000E+02   1.0818420E-02   1.0489755E-02
   1.5475146E+03   3.9900000E+02   3.8300000E+02   1.0333196E-02   1.3134228E-02
   1.5475221E+03   4.0200000E+02   3.8100000E+02   1.7823794E-02   1.7379099E-02
   1.5475297E+03   4.1300000E+02   3.9100000E+02   4.7794995E-03   4.7189616E-03
   1.5475372E+03   4.2300000E+02   4.0200000E+02   7.3411427E-03   4.4899135E-03
   1.5475447E+03   4.0800000E+02   3.8200000E+02   2.1128065E-02   2.4206661E-02
   1.5475522E+03   4.2100000E+02   3.9300000E+02   2.7934817E-03   6.0615767E-03
   1.5475598E+03   4.4300000E+02   4.1200000E+02   1.5994628E-02   1.5157775E-02
   1.5475673E+03   4.1700000E+02   3.9500000E+02   1.3607399E-02   1.0656794E-02
   1.5475748E+03   4.3200000E+02   4.0800000E+02   2.0535004E-02   2.0954631E-02
   1.5475824E+03   4.1600000E+02   3.8700000E+02   3.6478578E-03   1.5009821E-03
   1.5475899E+03   4.1800000E+02   3.9100000E+02   1.0283314E-02   1.0266153E-02
   1.5475974E+03   4.2800000E+02   4.0700000E+02   1.3641553E-02   1.5754096E-02
   1.5476049E+03   4.4500000E+02   4.3000000E+02   8.4356966E-03   8.8314760E-03
   1.5476125E+03   4.7200000E+02   4.5900000E+02   6.2958259E-03   5.5424448E-03
   1.5476200E+03   4.3400000E+02   4.1500000E+02   1.4936539E-02   1.4184026E-02
   1.5476275E+03   4.3700000E+02   4.1800000E+02   1.7622063E-02   1.7109778E-02
   1.5476351E+03   4.3000000E+02   4.2100000E+02   1.3279566E-02   1.6240362E-02
   1.5476426E+03   4.0400000E+02   3.9300000E+02   1.3127516E-02   1.4027444E-02
   1.5476501E+03   4.2900000E+02   4.1900000E+02   2.0454788E-02   2.1583594E-02
   1.5476576E+03   3.8500000E+02   3.7800000E+02   1.8152114E-02   1.6701173E-02
   1.5476652E+03   4.0600000E+02   4.0100000E+02   2.8094801E-02   2.8759903E-02
   1.5476727E+03   4.0100000E+02   3.9800000E+02   2.0024127E-03   5.6957652E-04
   1.5476802E+03   3.9000000E+02   3.8800000E+02   1.8252313E-02   1.8645089E-02
   1.5476878E+03   3.7600000E+02   3.7400000E+02   1.9995803E-02   1.9134812E-02
   1.5476953E+03   3.8300000E+02   3.8100000E+02   1.4623103E-02   1.4964385E-02
   1.5477028E+03   3.5700000E+02   3.5700000E+02   2.7866430E-02   2.7866430E-02
   1.5477103E+03   3.7700000E+02   3.7700000E+02   1.2054323E-02   1.2054323E-02
   1.5477179E+03   3.4600000E+02   3.4600000E+02   1.0345207E-02   1.0345207E-02
   1.5477254E+03   3.4800000E+02   3.4500000E+02   9.4228467E-03   9.5046104E-03
   1.5477329E+03   3.3700000E+02   3.3600000E+02   2.1772043E-02   2.1836848E-02
   1.5477405E+03   3.0900000E+02   3.0500000E+02   2.7592075E-02   2.7038055E-02
   1.5477480E+03   3.2000000E+02   3.1900000E+02   2.0340759E-02   2.0404520E-02
   1.5477555E+03   3.1200000E+02   3.1100000E+02   7.6482884E-03   7.5440510E-03
   1.5477630E+03   2.9100000E+02   2.9000000E+02   2.3181082E-02   2.3261046E-02
   1.5477706E+03   3.2000000E+02   3.2000000E+02   9.2994700E-03   9.2994700E-03
   1.5477781E+03   2.9700000E+02   2.9400000E+02   5.8276348E-03   5.8870954E-03
   1.5477856E+03   3.3000000E+02   3.2900000E+02   1.0479917E-02   1.0511798E-02
   1.5477932E+03   3.3700000E+02   3.3500000E+02   3.3201805E-03   3.3399977E-03
   1.5478007E+03   2.6600000E+02   2.6500000E+02   1.0343995E-02   1.0146847E-02
   1.5478082E+03   2.8800000E+02   2.8500000E+02   3.4359247E-02   3.4720950E-02
   1.5478157E+03   2.8500000E+02   2.8500000E+02   2.4003567E-02   2.4003567E-02
   1.5478233E+03   3.0500000E+02   3.0300000E+02   1.7265796E-02   1.7379759E-02
   1.5478308E+03   2.9100000E+02   2.8800000E+02   3.3152056E-02   3.3498943E-02
   1.5478383E+03   2.9800000E+02   2.9600000E+02   1.9079013E-02   2.0414033E-02
   1.5478459E+03   2.6400000E+02   2.6400000E+02   5.4685866E-03   5.4685866E-03
   1.5478534E+03   2.6900000E+02   2.6600000E+02   2.0826785E-02   2.1468129E-02
   1.5478609E+03   2.6400000E+02   2.6300000E+02   1.4016780E-02   1.4070073E-02
   1.5478684E+03   2.9700000E+02   2.9700000E+02   2.4965767E-02   2.4965767E-02
   1.5478760E+03   2.8600000E+02   2.8100000E+02   1.3720709E-02   1.3964800E-02
   1.5478835E+03   2.6200000E+02   2.6000000E+02   1.4183820E-02   1.4292917E-02
   1.5478910E+03   2.4800000E+02   2.4600000E+02   1.4695104E-02   1.4814967E-02
   1.5478985E+03   2.7000000E+02   2.6900000E+02   1.2230604E-02   1.2276077E-02
   1.5479061E+03   2.6500000E+02   2.6400000E+02   2.0208147E-02   2.0284693E-02
   1.5479136E+03   2.6000000E+02   2.5700000E+02   8.6860034E-03   8.7874103E-03
   1.5479211E+03   2.4400000E+02   2.4300000E+02   4.8348171E-03   4.8546942E-03
   1.5479287E+03   2.3500000E+02   2.3200000E+02   1.5238312E-02   1.5435348E-02
   1.5479362E+03   2.6200000E+02   2.6200000E+02   2.2362611E-02   2.2362611E-02
   1.5479437E+03   2.3800000E+02   2.3600000E+02   2.9369597E-02   2.9618434E-02
   1.5479512E+03   2.5200000E+02   2.4900000E+02   1.9628637E-02   1.9354803E-02
   1.5479588E+03   2.2200000E+02   2.1900000E+02   7.5261783E-03   7.6293396E-03
   1.5479663E+03   2.2700000E+02   2.2500000E+02   1.5840221E-02   1.5980988E-02
   1.5479738E+03   2.2700000E+02   2.2500000E+02   1.9435722E-02   1.9609538E-02
   1.5479814E+03   2.5500000E+02   2.5400000E+02   1.5629746E-02   1.7113113E-02
   1.5479889E+03   2.2600000E+02   2.2100000E+02   1.9554034E-02   1.8241346E-02
   1.5479964E+03   2.5300000E+02   2.4900000E+02   1.2830028E-02   1.3036078E-02
   1.5480039E+03   2.2900000E+02   2.2700000E+02   3.7718546E-02   3.8050724E-02
   1.5480115E+03   2.0500000E+02   2.0400000E+02   1.7020394E-02   1.6527420E-02
   1.5480190E+03   2.3700000E+02   2.3500000E+02   1.0975498E-02   1.1068871E-02
   1.5480265E+03   2.3500000E+02   2.2900000E+02   7.9723082E-03   8.1814726E-03
   1.5480341E+03   2.4900000E+02   2.4600000E+02   7.8491464E-03   8.5542042E-03
   1.5480416E+03   2.1500000E+02   2.1200000E+02   6.4388080E-03   6.5299028E-03
   1.5480491E+03   2.1700000E+02   2.1700000E+02   1.8203179E-02   1.8203179E-02
   1.5480566E+03   2.2800000E+02   2.2500000E+02   4.2373429E-02   4.2938309E-02
   1.5480642E+03   2.2700000E+02   2.2600000E+02   2.1876093E-02   2.1972889E-02
   1.5480717E+03   2.1100000E+02   2.0200000E+02   2.7575725E-02   2.8729280E-02
   1.5480792E+03   2.2600000E+02   2.2100000E+02   1.7173940E-02   1.7562480E-02
   1.5480868E+03   2.0600000E+02   2.0400000E+02   1.9569151E-02   1.9761027E-02
   1.5480943E+03   2.3500000E+02   2.3200000E+02   1.0554340E-02   1.0689980E-02
   1.5481018E+03   2.0400000E+02   2.0000000E+02   1.0101977E-02   1.1584376E-02
   1.5481093E+03   2.2900000E+02   2.2600000E+02   1.4358276E-02   1.2175111E-02
   1.5481169E+03   2.0100000E+02   2.0000000E+02   1.4841806E-02   1.4916057E-02
   1.5481244E+03   2.0200000E+02   2.0100000E+02   1.7917826E-02   1.8006959E-02
   1.5481319E+03   2.2600000E+02   2.2300000E+02   3.9697647E-03   4.4733315E-03
   1.5481395E+03   1.9100000E+02   1.8900000E+02   2.8524367E-02   2.8826217E-02
   1.5481470E+03   2.1300000E+02   2.1100000E+02   2.8745098E-02   2.9017399E-02
   1.5481545E+03   2.1500000E+02   2.1200000E+02   2.4438537E-02   2.4784378E-02
   1.5481620E+03   2.3900000E+02   2.3600000E+02   2.0992454E-02   2.1259332E-02
   1.5481696E+03   2.3000000E+02   2.2900000E+02   2.7746903E-02   2.7868046E-02
   1.5481771E+03   2.0700000E+02   2.0200000E+02   1.0665876E-02   9.1680160E-03
   1.5481846E+03   2.2500000E+02   2.1900000E+02   1.2157190E-02   1.2490159E-02
   1.5481922E+03   2.4000000E+02   2.3500000E+02   4.2462495E-04   1.3517962E-03
   1.5481997E+03   2.1200000E+02   2.0900000E+02   9.0488004E-03   8.6426903E-03
   1.5482072E+03   1.9000000E+02   1.8300000E+02   3.0429781E-02   3.2506403E-02
   1.5482147E+03   2.2600000E+02   2.1800000E+02   2.2540478E-02   2.1385410E-02
   1.5482223E+03   2.1300000E+02   2.0600000E+02   2.4810456E-02   2.5463604E-02
   1.5482298E+03   2.2100000E+02   2.1600000E+02   2.9806313E-02   3.0496201E-02
   1.5482373E+03   2.0500000E+02   2.0000000E+02   1.3198620E-02   1.1799002E-02
   1.5482449E+03   2.1900000E+02   2.1400000E+02   2.4777749E-02   2.3002251E-02
   1.5482524E+03   2.1000000E+02   2.0100000E+02   1.7244666E-02   1.8348792E-02
   1.5482599E+03   1.9700000E+02   1.8800000E+02   6.4809506E-03   5.7179218E-03
   1.5482674E+03   2.1600000E+02   2.0900000E+02   3.5280378E-03   3.3048118E-03
   1.5482750E+03   2.2600000E+02   2.1600000E+02   2.1642880E-02   2.2204932E-02
   1.5482825E+03   2.0500000E+02   2.0000000E+02   8.1423487E-03   7.5153462E-03
   1.5482900E+03   2.0700000E+02   1.9700000E+02   1.0600008E-02   1.1195420E-02
   1.5482976E+03   2.2000000E+02   2.0900000E+02   1.2766518E-02   1.0934108E-02
   1.5483051E+03   2.4200000E+02   2.3700000E+02   8.0658244E-03   6.6327145E-03
   1.5483126E+03   2.2600000E+02   2.1300000E+02   8.6956643E-03   9.2263364E-03
   1.5483201E+03   2.5100000E+02   2.4300000E+02   5.9780745E-03   6.1749491E-03
   1.5483277E+03   2.0800000E+02   1.9900000E+02   1.0804022E-02   9.8170892E-03
   1.5483352E+03   1.9600000E+02   1.8900000E+02   2.8940793E-02   3.0012649E-02
   1.5483427E+03   2.2100000E+02   2.1300000E+02   1.0001481E-02   1.0376840E-02
   1.5483502E+03   2.4000000E+02   2.3400000E+02   6.7450650E-03   5.8047210E-03
   1.5483578E+03   2.2600000E+02   2.2000000E+02   2.2553072E-02   2.3168024E-02
   1.5483653E+03   2.2200000E+02   2.1600000E+02   8.7726699E-03   9.0166335E-03
   1.5483728E+03   2.4500000E+02   2.3700000E+02   9.9995878E-03   1.0337173E-02
   1.5483804E+03   2.1200000E+02   2.0400000E+02   1.9293781E-02   2.0870067E-02
   1.5483879E+03   2.5100000E+02   2.4100000E+02   1.9507607E-02   2.0317713E-02
   1.5483954E+03   2.3500000E+02   2.2400000E+02   1.2292347E-02   1.2895922E-02
   1.5484029E+03   2.3200000E+02   2.1900000E+02   1.1345340E-02   1.0848421E-02
   1.5484105E+03   2.3100000E+02   2.2100000E+02   6.8303324E-03   6.2651739E-03
   1.5484180E+03   2.6000000E+02   2.4300000E+02   8.2137557E-03   1.1113473E-02
   1.5484255E+03   2.6000000E+02   2.4500000E+02   1.2677160E-02   1.1977558E-02
   1.5484331E+03   2.3600000E+02   2.2400000E+02   8.6912790E-03   9.1570291E-03
   1.5484406E+03   2.5600000E+02   2.4700000E+02   2.6333596E-02   2.7293222E-02
   1.5484481E+03   2.4300000E+02   2.3500000E+02   5.2219460E-03   6.5297989E-03
   1.5484556E+03   2.7800000E+02   2.7200000E+02   6.8733302E-03   7.0249510E-03
   1.5484632E+03   2.5800000E+02   2.4900000E+02   1.6597284E-02   1.7197977E-02
   1.5484707E+03   2.3300000E+02   2.2500000E+02   4.3172803E-03   4.4706598E-03
   1.5484782E+03   2.6300000E+02   2.5500000E+02   7.4104830E-03   7.6431198E-03
   1.5484858E+03   2.4100000E+02   2.3500000E+02   1.8104828E-03   1.9395088E-03
   1.5484933E+03   2.7600000E+02   2.6700000E+02   1.5769983E-02   1.6301640E-02
   1.5485008E+03   2.3400000E+02   2.2500000E+02   1.6052261E-02   1.6694296E-02
   1.5485083E+03   2.6400000E+02   2.5500000E+02   1.1372139E-02   1.1170201E-02
   1.5485159E+03   2.6400000E+02   2.5500000E+02   9.0395796E-03   9.3583005E-03
   1.5485234E+03   2.6300000E+02   2.5200000E+02   6.0997523E-03   6.3678296E-03
   1.5485309E+03   2.3700000E+02   2.2600000E+02   9.0998170E-03   9.5429489E-03
   1.5485385E+03   2.6600000E+02   2.5700000E+02   3.8139312E-03   3.9475239E-03
   1.5485460E+03   2.4700000E+02   2.3800000E+02   3.1670642E-02   3.2868150E-02
   1.5485535E+03   2.5800000E+02   2.4900000E+02   1.3948763E-02   1.4451713E-02
   1.5485610E+03   2.4900000E+02   2.4400000E+02   1.2368285E-02   1.2621813E-02
   1.5485686E+03   2.7400000E+02   2.7000000E+02   1.3404366E-02   1.3299593E-02
   1.5485761E+03   3.1100000E+02   3.0100000E+02   8.7525920E-03   8.5432037E-03
   1.5485836E+03   2.7000000E+02   2.6100000E+02   1.0519224E-02   1.0881929E-02
   1.5485912E+03   2.7000000E+02   2.6100000E+02   1.1174848E-02   1.2118154E-02
   1.5485987E+03   2.7700000E+02   2.7000000E+02   6.0189810E-03   6.1748946E-03
   1.5486062E+03   2.9700000E+02   2.8800000E+02   1.1352600E-02   1.1707365E-02
   1.5486137E+03   2.8000000E+02   2.7300000E+02   7.1406380E-03   7.3241228E-03
   1.5486213E+03   2.6000000E+02   2.5700000E+02   1.1186493E-02   1.1317065E-02
   1.5486288E+03   2.8800000E+02   2.7900000E+02   1.1339565E-02   1.1728473E-02
   1.5486363E+03   2.7300000E+02   2.6500000E+02   1.0219992E-02   1.0608942E-02
   1.5486439E+03   2.8600000E+02   2.7900000E+02   6.6099035E-03   6.7756765E-03
   1.5486514E+03   2.8300000E+02   2.7500000E+02   6.4559114E-03   6.6437886E-03
   1.5486589E+03   2.8700000E+02   2.7700000E+02   9.9647325E-03   1.0324336E-02
   1.5486664E+03   2.7900000E+02   2.7000000E+02   4.2758113E-03   4.4181149E-03
   1.5486740E+03   3.0200000E+02   2.9500000E+02   1.0339600E-02   1.0585026E-02
   1.5486815E+03   2.6400000E+02   2.5800000E+02   4.8205571E-03   4.9327879E-03
   1.5486890E+03   2.9200000E+02   2.8800000E+02   3.1589504E-03   3.2028542E-03
   1.5486966E+03   3.4100000E+02   3.3200000E+02   8.0291461E-03   8.2469074E-03
   1.5487041E+03   2.9800000E+02   2.9100000E+02   8.2022368E-03   8.3997051E-03
   1.5487116E+03   2.8000000E+02   2.7300000E+02   6.8025109E-03   6.9761314E-03
   1.5487191E+03   2.8100000E+02   2.7300000E+02   2.9423890E-03   3.0286965E-03
   1.5487267E+03   2.9600000E+02   2.8900000E+02   1.1811129E-02   1.2097258E-02
   1.5487342E+03   2.8200000E+02   2.7700000E+02   9.3666796E-03   9.5357211E-03
   1.5487417E+03   2.9200000E+02   2.8300000E+02   5.2092204E-03   5.3749850E-03
   1.5487493E+03   3.0200000E+02   2.8800000E+02   1.4533200E-02   1.5239751E-02
   1.5487568E+03   2.8600000E+02   2.7900000E+02   4.0625081E-03   4.1644779E-03
   1.5487643E+03   3.1400000E+02   3.0600000E+02   3.7021723E-03   3.7986664E-03
   1.5487718E+03   2.8100000E+02   2.7900000E+02   1.5636593E-03   1.5748793E-03
   1.5487794E+03   2.7900000E+02   2.7400000E+02   9.4174610E-03   9.5893240E-03
   1.5487869E+03   2.8100000E+02   2.7400000E+02   8.2368096E-03   8.4474572E-03
   1.5487944E+03   3.0500000E+02   2.9800000E+02   8.5583305E-03   8.7601479E-03
   1.5488019E+03   2.8400000E+02   2.7700000E+02   1.2450160E-02   1.2660785E-02
   1.5488095E+03   3.3700000E+02   3.3200000E+02   4.9689676E-03   5.0438027E-03
   1.5488170E+03   3.0800000E+02   3.0100000E+02   4.3824838E-03   4.4851244E-03
   1.5488245E+03   3.0700000E+02   3.0100000E+02   6.4701161E-03   6.5999751E-03
   1.5488321E+03   3.0600000E+02   3.0100000E+02   6.4918499E-03   6.5996629E-03
   1.5488396E+03   3.3100000E+02   3.2200000E+02   8.6821114E-03   8.9247922E-03
   1.5488471E+03   3.1400000E+02   3.0500000E+02   9.2081600E-03   9.4800013E-03
   1.5488546E+03   3.6200000E+02   3.5400000E+02   5.3670154E-03   5.4882706E-03
   1.5488622E+03   3.2200000E+02   3.1700000E+02   6.1119581E-03   6.2080694E-03
   1.5488697E+03   3.2100000E+02   3.1300000E+02   3.7829342E-03   3.8802426E-03
   1.5488772E+03   3.0000000E+02   2.9400000E+02   9.2398162E-03   9.4283715E-03
   1.5488848E+03   3.1800000E+02   3.1300000E+02   3.1137326E-03   3.1635549E-03
   1.5488923E+03   3.1300000E+02   3.0800000E+02   4.1287875E-03   4.1956421E-03
   1.5488998E+03   3.1600000E+02   3.1100000E+02   5.4586671E-03   5.5464464E-03
   1.5489073E+03   3.0300000E+02   2.9800000E+02   3.6209829E-03   3.6817371E-03
   1.5489149E+03   3.0700000E+02   3.0500000E+02   6.8740297E-03   6.9591768E-03
   1.5489224E+03   3.3600000E+02   3.3200000E+02   3.4506537E-03   3.4922239E-03
   1.5489299E+03   3.3000000E+02   3.2600000E+02   9.6560099E-03   9.7744978E-03
   1.5489375E+03   3.1500000E+02   3.0700000E+02   4.8939979E-03   5.0215851E-03
   1.5489450E+03   3.0300000E+02   2.9300000E+02   4.8767692E-03   5.0431574E-03
   1.5489525E+03   3.1700000E+02   3.1500000E+02   1.3824917E-02   1.3912728E-02
   1.5489600E+03   3.2100000E+02   3.1500000E+02   6.4345957E-03   6.5571779E-03
   1.5489676E+03   3.5500000E+02   3.5000000E+02   2.1960500E-03   2.8848039E-03
   1.5489751E+03   3.1900000E+02   3.1200000E+02   2.7715608E-03   2.8337206E-03
   1.5489826E+03   3.0200000E+02   2.9400000E+02   8.8187286E-03   9.0586630E-03
   1.5489902E+03   3.2800000E+02   3.1800000E+02   5.9818208E-03   6.1698597E-03
   1.5489977E+03   3.4100000E+02   3.3100000E+02   1.6036092E-03   1.6521953E-03
   1.5490052E+03   3.5000000E+02   3.4600000E+02   2.9979082E-03   3.0324894E-03
   1.5490127E+03   3.4100000E+02   3.3000000E+02   7.2877688E-04   7.5311401E-04
   1.5490203E+03   3.1600000E+02   3.1300000E+02   6.7646750E-03   6.8294983E-03
   1.5490278E+03   3.1000000E+02   3.0300000E+02   5.1874746E-03   5.3073671E-03
   1.5490353E+03   3.4600000E+02   3.3700000E+02   8.9492094E-04   9.1645740E-04
   1.5490429E+03   3.3300000E+02   3.2900000E+02   4.7933383E-03   4.8516681E-03
   1.5490504E+03   3.5600000E+02   3.5100000E+02   4.5449883E-03   4.6097679E-03
   1.5490579E+03   3.5600000E+02   3.4900000E+02   7.3874110E-03   7.5359304E-03
   1.5490654E+03   3.3000000E+02   3.2400000E+02   7.1388163E-03   7.2709340E-03
   1.5490730E+03   3.6700000E+02   3.5700000E+02   3.2042689E-03   3.2929967E-03
   1.5490805E+03   3.1800000E+02   3.0900000E+02   5.8990633E-03   6.0703449E-03
   1.5490880E+03   3.4100000E+02   3.2900000E+02   6.0296079E-03   6.2498168E-03
   1.5490956E+03   3.3900000E+02   3.3200000E+02   4.2967893E-03   4.3865705E-03
   1.5491031E+03   3.7000000E+02   3.6200000E+02   4.2947699E-04   4.3911920E-04
   1.5491106E+03   3.5600000E+02   3.4800000E+02   9.8413787E-03   1.0067616E-02
   1.5491181E+03   3.1000000E+02   3.0700000E+02   1.0748518E-03   1.0855767E-03
   1.5491257E+03   3.7300000E+02   3.6800000E+02   1.5858729E-03   1.6076627E-03
   1.5491332E+03   3.6100000E+02   3.5000000E+02   3.1146347E-03   3.2131546E-03
   1.5491407E+03   3.7000000E+02   3.6500000E+02   3.2964490E-03   3.3410575E-03
   1.5491483E+03   3.6700000E+02   3.5500000E+02   4.1896167E-03   4.3305296E-03
   1.5491558E+03   3.2900000E+02   3.1900000E+02   4.2453172E-03   4.3784561E-03
   1.5491633E+03   3.5800000E+02   3.5100000E+02   9.0016067E-03   9.1811279E-03
   1.5491708E+03   3.8200000E+02   3.7000000E+02   9.3683544E-03   9.6720432E-03
   1.5491784E+03   3.5000000E+02   3.4000000E+02   2.9809853E-03   2.8693958E-03
   1.5491859E+03   3.6700000E+02   3.5900000E+02   3.4632787E-03   3.5404835E-03
   1.5491934E+03   3.6200000E+02   3.5500000E+02   2.7510936E-03   2.8054060E-03
   1.5492010E+03   3.5700000E+02   3.5500000E+02   3.0038752E-03   3.0208061E-03
   1.5492085E+03   3.8900000E+02   3.8000000E+02   4.1978695E-03   4.2972710E-03
   1.5492160E+03   4.2900000E+02   4.1700000E+02   3.0134788E-03   3.1002645E-03
   1.5492235E+03   3.4800000E+02   3.4200000E+02   5.1350947E-04   5.2254048E-04
   1.5492311E+03   3.6300000E+02   3.5500000E+02   4.0137570E-03   4.1041439E-03
   1.5492386E+03   3.6600000E+02   3.5900000E+02   3.7691577E-03   3.8421638E-03
   1.5492461E+03   3.8700000E+02   3.7400000E+02   2.1375893E-03   2.2118662E-03
   1.5492536E+03   3.9400000E+02   3.8700000E+02   3.7217956E-04   3.7886061E-04
   1.5492612E+03   3.7300000E+02   3.6600000E+02   3.6619372E-03   3.7319816E-03
   1.5492687E+03   3.9000000E+02   3.8100000E+02   6.2514074E-03   6.3988995E-03
   1.5492762E+03   3.7400000E+02   3.6700000E+02   4.9148561E-03   5.0086546E-03
   1.5492838E+03   3.8800000E+02   3.7500000E+02   1.0916038E-03   1.1294061E-03
   1.5492913E+03   3.5400000E+02   3.4300000E+02   2.8329087E-03   2.9237189E-03
   1.5492988E+03   4.1400000E+02   4.0500000E+02   1.6122817E-03   1.6481266E-03
   1.5493063E+03   3.7100000E+02   3.6300000E+02   3.6063353E-03   3.6856920E-03
   1.5493139E+03   4.0400000E+02   3.9500000E+02   3.3836202E-03   3.4606515E-03
   1.5493214E+03   3.8200000E+02   3.7000000E+02   1.7518541E-03   1.8091318E-03
   1.5493289E+03   4.0300000E+02   3.8900000E+02   3.3834308E-03   3.5048572E-03
   1.5493365E+03   4.0000000E+02   3.9000000E+02   1.8431185E-03   1.8902982E-03
   1.5493440E+03   3.9600000E+02   3.8200000E+02   2.8633460E-03   2.9681595E-03
   1.5493515E+03   3.8900000E+02   3.8100000E+02   1.2923205E-03   1.3196423E-03
   1.5493590E+03   4.0400000E+02   3.9500000E+02   2.2860762E-03   2.3379996E-03
   1.5493666E+03   3.9400000E+02   3.8600000E+02   1.4209030E-03   1.4505571E-03
   1.5493741E+03   3.8800000E+02   3.7800000E+02   1.3652850E-03   1.4014102E-03
   1.5493816E+03   4.3800000E+02   4.3200000E+02   1.9195360E-03   1.9461547E-03
   1.5493892E+03   3.4700000E+02   3.4000000E+02   4.6149089E-04   4.7101857E-04
   1.5493967E+03   4.1700000E+02   4.1200000E+02   5.5695417E-04   5.6370833E-04
   1.5494042E+03   4.0700000E+02   4.0000000E+02   2.6504784E-03   2.6968215E-03
   1.5494117E+03   4.2500000E+02   4.2100000E+02   1.7606176E-03   1.7775877E-03
   1.5494193E+03   4.3000000E+02   4.1900000E+02   1.7237654E-03   1.7692089E-03
   1.5494268E+03   4.2500000E+02   4.1800000E+02   6.1845477E-04   6.2923309E-04
   1.5494343E+03   4.2600000E+02   4.2000000E+02   7.6688758E-04   7.7785179E-04
   1.5494419E+03   3.8500000E+02   3.7700000E+02   2.3341649E-03   2.3838140E-03
   1.5494494E+03   3.8300000E+02   3.7600000E+02   3.7456543E-05   3.8155520E-05
   1.5494569E+03   4.0600000E+02   3.9500000E+02   7.0434922E-04   7.2451882E-04
   1.5494644E+03   4.4000000E+02   4.2600000E+02   5.9828313E-04   6.1802937E-04
   1.5494720E+03   4.4100000E+02   4.2800000E+02   1.0260068E-05   1.0661390E-05
   1.5494795E+03   4.3200000E+02   4.2400000E+02   3.9870785E-06   4.1208941E-06
   1.5494870E+03   4.4900000E+02   4.3600000E+02   6.0455017E-04   6.2357472E-04
   1.5494946E+03   4.0700000E+02   3.9900000E+02   1.7230561E-06   1.7084710E-06
   1.5495021E+03   4.2000000E+02   4.0600000E+02   3.6388023E-06   3.7766902E-06
   1.5495096E+03   4.1400000E+02   4.0800000E+02   5.5895096E-04   5.6666261E-04
   1.5495171E+03   4.0000000E+02   3.9300000E+02   3.1449473E-04   3.2301170E-04
   1.5495247E+03   4.4200000E+02   4.3000000E+02   2.8406852E-07   2.9492214E-07
   1.5495322E+03   4.2000000E+02   4.0100000E+02   5.1932377E-05   5.4438251E-05
   1.5495397E+03   4.4200000E+02   4.3000000E+02   5.3792623E-04   5.5261261E-04
   1.5495473E+03   4.4000000E+02   4.3100000E+02   1.1990799E-05   1.2137339E-05
   1.5495548E+03   4.5600000E+02   4.5100000E+02   6.4074699E-06   6.4478937E-06
   1.5495623E+03   4.2600000E+02   4.1300000E+02   1.1713801E-05   1.2043853E-05
   1.5495698E+03   4.5800000E+02   4.4600000E+02   9.4003282E-05   9.6515559E-05
   1.5495774E+03   4.3100000E+02   4.1500000E+02   7.0915511E-06   8.0361283E-06
   1.5495849E+03   4.4500000E+02   4.3600000E+02   3.7539797E-04   3.8306302E-04
   1.5495924E+03   4.6400000E+02   4.5200000E+02   6.1548701E-05   6.3326593E-05
   1.5496000E+03   4.5600000E+02   4.4500000E+02   3.9389613E-06   4.3109378E-06
   1.5496075E+03   4.7900000E+02   4.6400000E+02   2.3705021E-06   2.3655928E-06
   1.5496150E+03   4.4200000E+02   4.3400000E+02   1.3930799E-05   1.3967236E-05
   1.5496225E+03   4.4400000E+02   4.3400000E+02   8.7368528E-06   8.9359960E-06
   1.5496301E+03   4.4300000E+02   4.3100000E+02   4.6773704E-05   4.8123035E-05
   1.5496376E+03   4.8600000E+02   4.6800000E+02   1.2226958E-04   1.2705288E-04
   1.5496451E+03   4.5500000E+02   4.4700000E+02   1.2629044E-03   1.2856708E-03
   1.5496527E+03   4.6500000E+02   4.4900000E+02   6.3194772E-04   6.5437274E-04
   1.5496602E+03   4.9500000E+02   4.7900000E+02   1.6819226E-06   1.8163218E-06
   1.5496677E+03   4.8800000E+02   4.7100000E+02   4.4109882E-05   4.5775194E-05
   1.5496752E+03   4.6400000E+02   4.5000000E+02   3.0973521E-04   3.1953714E-04
   1.5496828E+03   4.8100000E+02   4.6500000E+02   7.2670921E-04   7.5164907E-04
   1.5496903E+03   5.1000000E+02   5.0100000E+02   9.5970026E-06   9.7698337E-06
   1.5496978E+03   4.3500000E+02   4.2800000E+02   1.7804614E-03   1.8095474E-03
   1.5497053E+03   5.0300000E+02   4.8900000E+02   1.4356249E-06   1.3130583E-06
   1.5497129E+03   4.8600000E+02   4.7700000E+02   1.2554519E-04   1.2792517E-04
   1.5497204E+03   4.8900000E+02   4.7500000E+02   7.9599011E-04   8.1941917E-04
   1.5497279E+03   4.9200000E+02   4.7200000E+02   1.3120062E-05   1.3611678E-05
   1.5497355E+03   4.9400000E+02   4.8000000E+02   8.6306508E-04   8.8818107E-04
   1.5497430E+03   5.3200000E+02   5.1800000E+02   3.6260568E-06   3.6837147E-06
   1.5497505E+03   5.1200000E+02   4.9800000E+02   6.5968519E-04   6.7841965E-04
   1.5497580E+03   4.8200000E+02   4.6900000E+02   7.7446097E-06   8.0602655E-06
   1.5497656E+03   4.8800000E+02   4.7100000E+02   1.5399054E-04   1.5946193E-04
   1.5497731E+03   4.9300000E+02   4.7400000E+02   8.6000112E-06   1.0763327E-06
   1.5497806E+03   5.3500000E+02   5.2000000E+02   6.6692606E-05   6.8218342E-05
   1.5497882E+03   5.1800000E+02   5.0500000E+02   8.0847696E-04   8.2932091E-04
   1.5497957E+03   5.0600000E+02   4.9300000E+02   2.6126396E-04   2.6793719E-04
   1.5498032E+03   5.6600000E+02   5.4900000E+02   1.1462031E-05   1.1969438E-05
   1.5498107E+03   5.4100000E+02   5.2500000E+02   1.9280743E-06   2.0669127E-06
   1.5498183E+03   5.4400000E+02   5.3700000E+02   8.6390441E-06   8.7001017E-06
   1.5498258E+03   4.9500000E+02   4.8400000E+02   5.4609381E-06   5.6973518E-06
   1.5498333E+03   5.1700000E+02   4.9500000E+02   2.5279259E-04   2.6393679E-04
   1.5498409E+03   5.4000000E+02   5.2400000E+02   3.3659159E-05   3.3974022E-05
   1.5498484E+03   5.1700000E+02   5.0200000E+02   7.1426636E-04   7.3569282E-04
   1.5498559E+03   5.2700000E+02   5.1100000E+02   7.0439009E-06   7.2814605E-06
   1.5498634E+03   5.3000000E+02   5.1700000E+02   4.5167142E-04   4.6297841E-04
   1.5498710E+03   5.4500000E+02   5.2400000E+02   8.4934712E-05   8.8096572E-05
   1.5498785E+03   5.3100000E+02   5.1100000E+02   2.3157222E-05   2.7130517E-05
   1.5498860E+03   5.3100000E+02   5.2000000E+02   3.1065223E-05   3.1740839E-05
   1.5498936E+03   5.3800000E+02   5.2200000E+02   1.0852852E-05   1.0825354E-05
   1.5499011E+03   5.6400000E+02   5.4300000E+02   1.0233577E-05   1.0869741E-05
   1.5499086E+03   5.7200000E+02   5.4700000E+02   1.0533770E-05   1.0022926E-05
   1.5499161E+03   5.4600000E+02   5.2300000E+02   5.2746425E-04   5.5080784E-04
   1.5499237E+03   5.7300000E+02   5.5800000E+02   9.0451075E-05   9.2801262E-05
   1.5499312E+03   5.5900000E+02   5.3500000E+02   1.1885763E-05   1.3176440E-05
   1.5499387E+03   5.6700000E+02   5.3500000E+02   1.3003648E-05   1.2440991E-05
   1.5499463E+03   5.7500000E+02   5.5600000E+02   7.8132016E-06   8.0908318E-06
   1.5499538E+03   5.0300000E+02   4.8800000E+02   1.3451526E-05   1.3955783E-05
   1.5499613E+03   5.8400000E+02   5.6600000E+02   5.0802146E-04   5.2318454E-04
   1.5499688E+03   5.5600000E+02   5.3500000E+02   2.8648617E-06   2.7346985E-06
   1.5499764E+03   5.7200000E+02   5.5300000E+02   1.7623100E-06   1.9872696E-06
   1.5499839E+03   6.0000000E+02   5.8000000E+02   6.9903321E-05   7.2808014E-05
   1.5499914E+03   5.7900000E+02   5.5500000E+02   1.7739640E-06   1.8759918E-06
   1.5499990E+03   5.5400000E+02   5.3800000E+02   4.3520118E-06   4.4831069E-06
   1.5500065E+03   6.1700000E+02   5.8500000E+02   1.0531971E-05   1.0567323E-05
   1.5500140E+03   6.3700000E+02   6.2400000E+02   6.6130697E-04   6.7507743E-04
   1.5500215E+03   6.0800000E+02   5.8200000E+02   5.2272893E-05   5.4688126E-05
   1.5500291E+03   6.2000000E+02   5.9600000E+02   1.6414178E-06   2.5552990E-06
   1.5500366E+03   6.1000000E+02   5.8800000E+02   1.5843137E-05   1.5472401E-05
   1.5500441E+03   6.3900000E+02   6.1800000E+02   3.6663638E-04   5.7829071E-04
   1.5500517E+03   5.8700000E+02   5.7100000E+02   4.8248146E-06   4.9822655E-06
   1.5500592E+03   5.9200000E+02   5.6800000E+02   2.6592864E-06   2.7781906E-06
   1.5500667E+03   5.9700000E+02   5.7100000E+02   1.0990700E-05   1.1708307E-05
   1.5500742E+03   6.5500000E+02   6.3500000E+02   4.1488529E-05   4.2765836E-05
   1.5500818E+03   6.4100000E+02   6.0700000E+02   4.6356410E-05   4.9082819E-05
   1.5500893E+03   7.1300000E+02   6.7600000E+02   1.5177665E-05   1.5671488E-05
   1.5500968E+03   6.0100000E+02   5.7500000E+02   3.4537224E-05   3.6141836E-05
   1.5501044E+03   6.1600000E+02   5.8500000E+02   3.2709077E-04   3.4448910E-04
   1.5501119E+03   6.6300000E+02   6.3000000E+02   1.8614722E-04   1.9551531E-04
   1.5501194E+03   5.8500000E+02   5.5700000E+02   1.3332969E-05   7.6990687E-06
   1.5501269E+03   6.2500000E+02   6.0100000E+02   1.0218254E-05   1.0670687E-05
   1.5501345E+03   6.6700000E+02   6.2300000E+02   8.3623165E-05   8.9427504E-05
   1.5501420E+03   6.4200000E+02   6.1100000E+02   7.0298162E-07   9.8322434E-07
   1.5501495E+03   6.6600000E+02   6.4000000E+02   6.6247474E-04   6.8945837E-04
   1.5501571E+03   6.5500000E+02   6.2100000E+02   1.0324054E-05   1.0714257E-05
   1.5501646E+03   6.1200000E+02   5.8800000E+02   6.6844544E-06   3.8627226E-06
   1.5501721E+03   6.4700000E+02   6.1200000E+02   8.4828408E-06   8.8302497E-06
   1.5501796E+03   6.7700000E+02   6.4100000E+02   3.5599964E-05   3.7134665E-05
   1.5501872E+03   6.4600000E+02   6.0500000E+02   4.8427548E-06   5.0825929E-06
   1.5501947E+03   7.0900000E+02   6.6800000E+02   7.1836118E-06   7.9193571E-06
   1.5502022E+03   6.3400000E+02   5.9400000E+02   9.2737518E-07   9.7872445E-07
   1.5502097E+03   5.9300000E+02   5.6600000E+02   4.1799627E-04   4.3799281E-04
   1.5502173E+03   7.1700000E+02   6.7200000E+02   5.1333112E-06   5.3142506E-06
   1.5502248E+03   6.9600000E+02   6.6200000E+02   6.1711322E-05   6.4893192E-05
   1.5502323E+03   6.4600000E+02   6.2000000E+02   4.7749064E-05   5.0103484E-05
   1.5502399E+03   7.0300000E+02   6.6100000E+02   5.5072840E-06   5.8179694E-06
   1.5502474E+03   6.7400000E+02   6.3300000E+02   6.6430514E-04   7.0735494E-04
   1.5502549E+03   6.6600000E+02   6.1800000E+02   2.9007076E-06   3.5061118E-06
   1.5502624E+03   6.8600000E+02   6.4400000E+02   2.8885064E-04   3.0751579E-04
   1.5502700E+03   7.1300000E+02   6.6100000E+02   2.6980050E-05   2.9033212E-05
   1.5502775E+03   6.8300000E+02   6.4900000E+02   2.1171795E-05   1.9712254E-05
   1.5502850E+03   7.2200000E+02   6.7300000E+02   3.1142971E-05   3.3455274E-05
   1.5502926E+03   6.8400000E+02   6.4400000E+02   6.3636495E-04   6.7560894E-04
   1.5503001E+03   7.2500000E+02   6.6700000E+02   8.7994614E-06   9.5269154E-06
   1.5503076E+03   7.2600000E+02   6.7300000E+02   5.5294653E-05   5.9609308E-05
   1.5503151E+03   7.1100000E+02   6.5700000E+02   2.3892281E-06   2.8968221E-06
   1.5503227E+03   7.1600000E+02   6.6800000E+02   3.2241828E-04   3.4278097E-04
   1.5503302E+03   7.3400000E+02   6.7700000E+02   1.9345883E-05   2.0605065E-05
   1.5503377E+03   7.7400000E+02   7.2200000E+02   2.8133022E-04   3.0458753E-04
   1.5503453E+03   7.5700000E+02   7.0900000E+02   3.5493912E-06   3.4939490E-06
   1.5503528E+03   8.0100000E+02   7.4500000E+02   3.6994769E-04   3.9900350E-04
   1.5503603E+03   7.3700000E+02   6.8500000E+02   2.0333124E-04   2.1921355E-04
   1.5503678E+03   7.6800000E+02   7.1700000E+02   6.6724526E-06   7.1520530E-06
   1.5503754E+03   7.8400000E+02   7.3200000E+02   3.1081365E-06   3.4250119E-06
   1.5503829E+03   7.3800000E+02   6.8700000E+02   2.3704124E-04   2.5463485E-04
   1.5503904E+03   7.9600000E+02   7.3100000E+02   9.6220968E-06   1.0435008E-05
   1.5503980E+03   8.1500000E+02   7.6400000E+02   4.9720359E-05   5.3077922E-05
   1.5504055E+03   8.0800000E+02   7.3300000E+02   3.9222839E-06   4.8014765E-06
   1.5504130E+03   8.0800000E+02   7.4400000E+02   4.5418288E-04   4.9463819E-04
   1.5504205E+03   8.4000000E+02   7.7100000E+02   9.3497033E-05   9.9604109E-05
   1.5504281E+03   7.5200000E+02   6.7700000E+02   2.7894243E-06   1.6200440E-06
   1.5504356E+03   8.1500000E+02   7.4400000E+02   7.6017850E-06   4.7911064E-06
   1.5504431E+03   8.4200000E+02   7.5600000E+02   2.7989683E-04   3.1170885E-04
   1.5504507E+03   8.1100000E+02   7.3300000E+02   4.6592203E-06   4.4524307E-06
   1.5504582E+03   8.2900000E+02   7.5100000E+02   1.7195708E-05   1.9008890E-05
   1.5504657E+03   8.0500000E+02   7.1800000E+02   1.0780461E-05   1.1737346E-05
   1.5504732E+03   8.1100000E+02   7.4000000E+02   2.4633584E-05   1.5097128E-05
   1.5504808E+03   8.8200000E+02   7.8200000E+02   2.4286544E-05   2.8047103E-05
   1.5504883E+03   8.5100000E+02   7.7000000E+02   2.5915808E-05   1.1608205E-05
   1.5504958E+03   8.9500000E+02   8.0300000E+02   3.6220072E-06   4.0016177E-06
   1.5505034E+03   8.6400000E+02   7.9200000E+02   1.9291982E-05   2.0846937E-05
   1.5505109E+03   9.0100000E+02   7.9300000E+02   1.2559003E-06   3.0670237E-06
   1.5505184E+03   9.6700000E+02   8.5700000E+02   2.2804304E-05   2.4846693E-05
   1.5505259E+03   8.6500000E+02   7.7000000E+02   1.5973636E-06   2.5604858E-06
   1.5505335E+03   8.9400000E+02   7.7300000E+02   4.1698375E-06   4.9524818E-06
   1.5505410E+03   8.2500000E+02   7.3100000E+02   3.7738699E-06   4.1955627E-06
   1.5505485E+03   9.6100000E+02   8.5200000E+02   8.2248922E-05   9.1882339E-05
   1.5505561E+03   8.9400000E+02   7.6500000E+02   2.0929629E-05   2.1647601E-05
   1.5505636E+03   9.0500000E+02   7.7800000E+02   1.2214836E-06   1.1523234E-06
   1.5505711E+03   9.7500000E+02   8.1600000E+02   1.0192805E-04   1.2311082E-04
   1.5505786E+03   9.8600000E+02   8.4500000E+02   6.5003324E-06   7.5103275E-06
   1.5505862E+03   9.7400000E+02   8.2400000E+02   2.9935528E-04   3.5412503E-04
   1.5505937E+03   1.0170000E+03   8.3500000E+02   7.9308237E-06   7.5058999E-06
   1.5506012E+03   1.0320000E+03   8.5600000E+02   2.4648239E-05   3.2310304E-05
   1.5506087E+03   1.0350000E+03   8.6900000E+02   2.2005473E-06   3.2542439E-06
   1.5506163E+03   9.9500000E+02   8.1800000E+02   5.1976785E-06   3.8878414E-06
   1.5506238E+03   1.0000000E+03   8.0800000E+02   2.1334362E-06   2.5027089E-06
   1.5506313E+03   1.0530000E+03   8.7000000E+02   8.9024120E-06   1.0444969E-05
   1.5506389E+03   1.1050000E+03   8.9400000E+02   2.0543956E-04   2.5407127E-04
   1.5506464E+03   1.0950000E+03   8.7700000E+02   2.5878725E-04   3.2218238E-04
   1.5506539E+03   1.0210000E+03   8.0100000E+02   8.5208276E-05   1.0710453E-04
   1.5506614E+03   1.0860000E+03   8.5100000E+02   1.3913413E-04   7.4096570E-05
   1.5506690E+03   1.1030000E+03   8.4300000E+02   1.8195870E-05   1.3512975E-05
   1.5506765E+03   1.1270000E+03   8.2100000E+02   3.5433820E-05   4.9019575E-05
   1.5506840E+03   1.1570000E+03   8.5700000E+02   6.7217776E-06   2.3943175E-06
   1.5506916E+03   1.1680000E+03   8.4100000E+02   2.9942360E-05   2.3643074E-06
   1.5506991E+03   1.2270000E+03   8.9600000E+02   7.4254478E-07   4.1619414E-06
   1.5507066E+03   1.1850000E+03   8.2800000E+02   5.6174447E-05   8.1144436E-05
   1.5507141E+03   1.2310000E+03   8.2200000E+02   7.1441326E-06   6.4944606E-06
   1.5507217E+03   1.3170000E+03   8.9500000E+02   6.9927351E-06   6.5172243E-06
   1.5507292E+03   1.3330000E+03   8.8200000E+02   9.5095707E-06   7.1270598E-06
   1.5507367E+03   1.3860000E+03   8.3600000E+02   2.9418454E-06   7.8288829E-06
   1.5507443E+03   1.4170000E+03   8.5200000E+02   2.6455429E-06   3.6352469E-06
   1.5507518E+03   1.5640000E+03   9.0700000E+02   3.6858366E-05   2.5516797E-06
   1.5507593E+03   1.6350000E+03   8.6000000E+02   1.0424052E-05   5.8458696E-07
   1.5507668E+03   1.7010000E+03   8.6700000E+02   3.8749914E-06   6.0928622E-06
   1.5507744E+03   1.8070000E+03   8.7700000E+02   2.5954840E-06   2.0039717E-06
   1.5507819E+03   1.9460000E+03   8.7800000E+02   1.0806816E-05   1.4345233E-05
   1.5507894E+03   2.0830000E+03   8.2900000E+02   2.5050996E-05   5.9154823E-05
   1.5507970E+03   2.1510000E+03   8.7600000E+02   2.5376691E-05   6.4146429E-05
   1.5508045E+03   2.2190000E+03   8.8000000E+02   6.1406702E-06   4.1117246E-06
   1.5508120E+03   2.3290000E+03   8.9000000E+02   9.2750268E-05   2.4255599E-04
   1.5508195E+03   2.4220000E+03   8.8400000E+02   1.1671336E-06   4.5792537E-06
   1.5508271E+03   2.4290000E+03   8.7700000E+02   9.6587258E-06   2.9058954E-05
   1.5508346E+03   2.4880000E+03   8.9700000E+02   1.6231706E-05   3.9723113E-05
   1.5508421E+03   2.4080000E+03   8.6600000E+02   2.8005906E-06   6.9104595E-06
   1.5508497E+03   2.4170000E+03   8.6000000E+02   4.9273998E-05   1.8966509E-04
   1.5508572E+03   2.4160000E+03   8.8300000E+02   2.6075712E-05   2.6701395E-06
   1.5508647E+03   2.4100000E+03   8.9300000E+02   5.4151552E-06   1.7421682E-05
   1.5508722E+03   2.2820000E+03   8.9100000E+02   1.7411879E-06   2.8682877E-06
   1.5508798E+03   2.2510000E+03   8.7400000E+02   7.2262237E-05   1.8365317E-04
   1.5508873E+03   2.1140000E+03   8.8800000E+02   1.9171836E-06   4.2847824E-06
   1.5508948E+03   2.1390000E+03   8.7200000E+02   4.0978177E-06   2.4436515E-06
   1.5509024E+03   2.0810000E+03   8.6300000E+02   7.0796248E-06   5.6630886E-06
   1.5509099E+03   1.9500000E+03   8.7100000E+02   6.3144300E-06   8.5732848E-06
   1.5509174E+03   1.9910000E+03   8.6300000E+02   8.7765027E-05   2.2236803E-06
   1.5509249E+03   1.8820000E+03   8.4900000E+02   3.8499865E-06   7.9037561E-06
   1.5509325E+03   1.8850000E+03   8.5800000E+02   2.0274741E-06   2.5895789E-06
   1.5509400E+03   1.8260000E+03   8.6300000E+02   2.8173272E-05   5.4881393E-05
   1.5509475E+03   1.8240000E+03   8.6900000E+02   1.7476829E-05   1.7386798E-05
   1.5509551E+03   1.7860000E+03   8.6100000E+02   4.6992196E-06   5.7508254E-06
   1.5509626E+03   1.8310000E+03   9.0300000E+02   1.3003340E-04   2.6192715E-04
   1.5509701E+03   1.7650000E+03   8.2700000E+02   7.8916807E-06   1.1960695E-06
   1.5509776E+03   1.7930000E+03   8.9200000E+02   4.5719164E-05   8.7265484E-05
   1.5509852E+03   1.6730000E+03   8.5900000E+02   6.9164800E-06   1.4341813E-05
   1.5509927E+03   1.6530000E+03   8.3100000E+02   1.5849001E-05   3.4270943E-05
   1.5510002E+03   1.6520000E+03   8.2000000E+02   7.8355309E-06   1.5081372E-05
   1.5510078E+03   1.6160000E+03   8.2600000E+02   7.7632396E-06   1.7716963E-05
   1.5510153E+03   1.5580000E+03   8.0500000E+02   1.7096941E-05   9.8166208E-06
   1.5510228E+03   1.6060000E+03   8.3700000E+02   3.9424696E-05   7.6040472E-05
   1.5510303E+03   1.5690000E+03   8.3200000E+02   2.6193104E-06   3.8512015E-06
   1.5510379E+03   1.5800000E+03   7.9500000E+02   2.2781312E-06   4.8913097E-06
   1.5510454E+03   1.5300000E+03   8.1100000E+02   1.9233777E-05   3.4583867E-05
   1.5510529E+03   1.5890000E+03   8.4000000E+02   1.4560918E-05   2.9670951E-05
   1.5510604E+03   1.6550000E+03   8.6600000E+02   2.0740705E-06   4.2218640E-06
   1.5510680E+03   1.5220000E+03   8.3300000E+02   1.4113223E-04   2.5811130E-04
   1.5510755E+03   1.5640000E+03   8.6000000E+02   7.1922996E-05   1.1854723E-04
   1.5510830E+03   1.5340000E+03   8.2800000E+02   1.0981184E-04   9.9955970E-06
   1.5510906E+03   1.5480000E+03   8.3900000E+02   1.0497550E-05   1.9291682E-05
   1.5510981E+03   1.4960000E+03   7.7100000E+02   5.0370695E-06   3.6480708E-06
   1.5511056E+03   1.5210000E+03   8.3400000E+02   2.4409784E-05   4.5690364E-05
   1.5511131E+03   1.5460000E+03   8.2400000E+02   8.2382179E-07   5.7288702E-07
   1.5511207E+03   1.4500000E+03   7.8900000E+02   4.3781289E-06   9.2676661E-06
   1.5511282E+03   1.4920000E+03   7.8400000E+02   1.4473633E-05   5.3648310E-06
   1.5511357E+03   1.4730000E+03   7.8000000E+02   1.0383317E-04   5.6553548E-05
   1.5511433E+03   1.4740000E+03   8.1100000E+02   4.9208869E-06   9.0278262E-06
   1.5511508E+03   1.4590000E+03   7.5200000E+02   3.8315967E-06   4.6397235E-06
   1.5511583E+03   1.4030000E+03   7.5400000E+02   1.0780471E-05   1.4251891E-05
   1.5511658E+03   1.4080000E+03   7.4300000E+02   1.3607020E-05   2.5774431E-05
   1.5511734E+03   1.4350000E+03   7.9300000E+02   1.6235710E-06   4.2369465E-06
   1.5511809E+03   1.4470000E+03   7.4200000E+02   1.3423559E-04   2.6143027E-04
   1.5511884E+03   1.4630000E+03   7.7700000E+02   8.1040617E-06   1.5762658E-05
   1.5511960E+03   1.4980000E+03   8.1100000E+02   6.3594644E-06   1.1853151E-05
   1.5512035E+03   1.3720000E+03   7.5800000E+02   2.3377674E-06   2.3502851E-06
   1.5512110E+03   1.3920000E+03   7.4600000E+02   2.7249385E-05   5.1476023E-05
   1.5512185E+03   1.3630000E+03   7.1800000E+02   1.0282124E-05   1.8795821E-05
   1.5512261E+03   1.3820000E+03   7.2700000E+02   9.7346580E-08   7.0013304E-07
   1.5512336E+03   1.3520000E+03   7.3100000E+02   2.6402587E-06   5.7257211E-06
   1.5512411E+03   1.3900000E+03   7.4300000E+02   2.4726901E-05   4.7634699E-05
   1.5512487E+03   1.3950000E+03   7.2400000E+02   1.5674768E-06   3.4975392E-06
   1.5512562E+03   1.3180000E+03   6.9900000E+02   8.0014027E-05   1.5142089E-04
   1.5512637E+03   1.3540000E+03   7.2100000E+02   6.5024121E-06   1.2126867E-05
   1.5512712E+03   1.4070000E+03   7.5200000E+02   5.8247422E-06   9.6816364E-06
   1.5512788E+03   1.4140000E+03   7.3500000E+02   1.6053045E-06   6.2901980E-06
   1.5512863E+03   1.3300000E+03   7.0800000E+02   3.2986509E-06   6.9483808E-06
   1.5512938E+03   1.3430000E+03   7.0300000E+02   2.4786075E-04   4.7431958E-04
   1.5513014E+03   1.3820000E+03   7.8800000E+02   1.1567160E-05   2.0035077E-05
   1.5513089E+03   1.3140000E+03   7.0000000E+02   1.0819307E-05   2.0712213E-05
   1.5513164E+03   1.3130000E+03   6.8000000E+02   2.9332809E-06   5.7531954E-06
   1.5513239E+03   1.2790000E+03   6.4100000E+02   3.7024399E-05   7.3782395E-05
   1.5513315E+03   1.3560000E+03   7.1800000E+02   1.1189745E-05   2.0798058E-05
   1.5513390E+03   1.2950000E+03   6.9000000E+02   1.0885436E-06   1.3823218E-06
   1.5513465E+03   1.4480000E+03   7.3500000E+02   2.7868922E-06   8.8208692E-06
   1.5513541E+03   1.3030000E+03   6.9600000E+02   2.9150864E-06   5.3809018E-06
   1.5513616E+03   1.2700000E+03   6.6400000E+02   6.0165954E-06   1.1128270E-05
   1.5513691E+03   1.3540000E+03   7.4600000E+02   3.0761107E-06   7.6000003E-06
   1.5513766E+03   1.2690000E+03   6.5100000E+02   1.2891483E-05   2.4158408E-05
   1.5513842E+03   1.2370000E+03   6.1700000E+02   8.4338592E-06   1.6131658E-05
   1.5513917E+03   1.3230000E+03   6.6400000E+02   5.4817426E-06   1.0743546E-05
   1.5513992E+03   1.3030000E+03   6.6400000E+02   2.8464617E-06   1.3494846E-06
   1.5514068E+03   1.2700000E+03   6.4200000E+02   6.0360929E-06   1.1958355E-05
   1.5514143E+03   1.2350000E+03   6.4200000E+02   2.8868563E-06   5.5850833E-06
   1.5514218E+03   1.2710000E+03   6.6400000E+02   4.3064499E-06   7.7270984E-06
   1.5514293E+03   1.2820000E+03   6.6600000E+02   2.0254800E-06   1.9687859E-06
   1.5514369E+03   1.2790000E+03   7.0600000E+02   1.9830147E-05   3.5907355E-05
   1.5514444E+03   1.2490000E+03   6.5200000E+02   1.2889392E-05   2.5133035E-05
   1.5514519E+03   1.2830000E+03   6.6900000E+02   3.6394955E-06   6.9600969E-06
   1.5514595E+03   1.2320000E+03   6.4800000E+02   7.2500178E-06   1.3839787E-05
   1.5514670E+03   1.2970000E+03   6.9000000E+02   3.5861515E-06   6.7917410E-06
   1.5514745E+03   1.2420000E+03   6.1000000E+02   3.7654959E-06   7.5496743E-06
   1.5514820E+03   1.2970000E+03   6.4300000E+02   1.2763865E-05   2.5747902E-05
   1.5514896E+03   1.2990000E+03   6.4700000E+02   6.0180821E-06   1.2034615E-05
   1.5514971E+03   1.2530000E+03   6.4900000E+02   1.2937662E-05   2.5172145E-05
   1.5515046E+03   1.2720000E+03   6.2700000E+02   2.7744411E-06   5.3330194E-06
   1.5515122E+03   1.2050000E+03   5.7500000E+02   2.0169452E-06   4.7806721E-06
   1.5515197E+03   1.2290000E+03   6.1200000E+02   7.0993358E-06   1.4335707E-05
   1.5515272E+03   1.2370000E+03   6.1900000E+02   7.7856144E-06   1.1392372E-06
   1.5515347E+03   1.2330000E+03   5.8900000E+02   3.4567134E-05   7.2343917E-05
   1.5515423E+03   1.2310000E+03   6.1200000E+02   3.3134501E-06   6.5715346E-06
   1.5515498E+03   1.2190000E+03   5.7000000E+02   5.1173101E-06   1.1102739E-05
   1.5515573E+03   1.2370000E+03   6.2900000E+02   8.5411008E-06   1.6341428E-05
   1.5515648E+03   1.1460000E+03   5.4900000E+02   1.2477896E-06   2.7072096E-06
   1.5515724E+03   1.2130000E+03   5.8300000E+02   2.6563226E-05   5.5514939E-05
   1.5515799E+03   1.1660000E+03   5.7800000E+02   2.4284333E-06   1.2780525E-06
   1.5515874E+03   1.1870000E+03   6.0300000E+02   4.5551054E-06   9.0897959E-06
   1.5515950E+03   1.1970000E+03   5.9200000E+02   3.6116662E-06   5.0864295E-06
   1.5516025E+03   1.2560000E+03   6.2300000E+02   1.4123515E-06   1.8710439E-06
   1.5516100E+03   1.2340000E+03   6.5700000E+02   7.1046295E-05   1.3344679E-04
   1.5516175E+03   1.1980000E+03   6.1800000E+02   2.1658576E-04   2.8762102E-06
   1.5516251E+03   1.1590000E+03   5.7900000E+02   4.6867927E-06   9.1048198E-06
   1.5516326E+03   1.1820000E+03   5.3500000E+02   3.2320590E-04   7.1333895E-04
   1.5516401E+03   1.1250000E+03   5.8400000E+02   4.4150186E-04   8.5055691E-04
   1.5516477E+03   1.1760000E+03   6.0900000E+02   1.2972146E-06   2.6698203E-06
   1.5516552E+03   1.1430000E+03   5.5000000E+02   7.1050172E-06   1.4878429E-05
   1.5516627E+03   1.1970000E+03   5.8500000E+02   2.0694210E-06   4.0120598E-06
   1.5516702E+03   1.1320000E+03   5.6000000E+02   1.4445857E-05   2.9212835E-05
   1.5516778E+03   1.2320000E+03   5.9000000E+02   3.9644223E-05   8.2796029E-05
   1.5516853E+03   1.1440000E+03   5.7500000E+02   3.8176424E-04   7.5968768E-04
   1.5516928E+03   1.1060000E+03   4.9700000E+02   1.1528285E-05   2.5814009E-05
   1.5517004E+03   1.1870000E+03   6.0300000E+02   3.1813236E-06   6.1037929E-06
   1.5517079E+03   1.0970000E+03   5.4100000E+02   1.7274757E-05   3.4997568E-05
   1.5517154E+03   1.1050000E+03   5.2900000E+02   6.2395725E-07   1.3985272E-06
   1.5517229E+03   1.1260000E+03   5.3800000E+02   2.2908523E-06   4.9011932E-06
   1.5517305E+03   1.1700000E+03   5.5800000E+02   9.8549823E-07   1.9154729E-06
   1.5517380E+03   1.1320000E+03   5.4500000E+02   7.6167146E-06   1.5878440E-05
   1.5517455E+03   1.0560000E+03   5.2700000E+02   1.8523915E-06   3.7238755E-06
   1.5517531E+03   1.1280000E+03   5.2600000E+02   7.2231100E-06   1.4136543E-05
   1.5517606E+03   1.1530000E+03   5.4600000E+02   3.2882937E-05   6.9346453E-05
   1.5517681E+03   1.1110000E+03   5.4500000E+02   6.6702729E-06   1.2517997E-05
   1.5517756E+03   1.1150000E+03   5.0800000E+02   4.6535933E-04   1.0211481E-03
   1.5517832E+03   1.1400000E+03   5.0900000E+02   1.1241480E-05   2.5093178E-05
   1.5517907E+03   1.1210000E+03   5.0300000E+02   7.0367539E-06   1.5368725E-05
   1.5517982E+03   1.1340000E+03   5.4100000E+02   6.4848589E-06   1.4155170E-05
   1.5518058E+03   1.1120000E+03   5.1200000E+02   2.9336366E-05   6.3925896E-05
   1.5518133E+03   1.1290000E+03   4.9200000E+02   1.0187499E-06   2.1425078E-06
   1.5518208E+03   1.0960000E+03   5.2500000E+02   9.0537582E-07   2.0512845E-06
   1.5518283E+03   1.0930000E+03   5.0100000E+02   1.3493044E-06   2.7986633E-06
   1.5518359E+03   1.1140000E+03   5.1000000E+02   5.8191406E-06   1.2518870E-05
   1.5518434E+03   1.1190000E+03   5.4400000E+02   4.9231361E-06   1.0817737E-05
   1.5518509E+03   1.0540000E+03   4.7800000E+02   1.5571741E-05   3.4070504E-05
   1.5518585E+03   1.1470000E+03   5.3300000E+02   4.5286284E-06   9.8898444E-06
   1.5518660E+03   1.0410000E+03   4.6800000E+02   1.2033211E-06   2.5955578E-06
   1.5518735E+03   1.0860000E+03   4.7900000E+02   5.5997062E-05   1.2688365E-04
   1.5518810E+03   1.0440000E+03   4.6700000E+02   7.5429313E-06   1.6901684E-05
   1.5518886E+03   1.0410000E+03   4.6800000E+02   1.9661174E-05   4.3644662E-05
   1.5518961E+03   1.0640000E+03   4.6300000E+02   7.8790226E-05   1.8109364E-04
   1.5519036E+03   1.1510000E+03   5.2100000E+02   6.1529709E-06   1.3928641E-05
   1.5519112E+03   1.0730000E+03   4.9100000E+02   5.3065569E-06   1.1595812E-05
   1.5519187E+03   1.0850000E+03   5.0400000E+02   8.1294189E-05   1.7501631E-04
   1.5519262E+03   1.0850000E+03   5.0600000E+02   6.0942541E-06   1.2733769E-05
   1.5519337E+03   1.0530000E+03   4.5900000E+02   2.0345038E-05   4.6592872E-05
   1.5519413E+03   1.0430000E+03   4.6700000E+02   1.3872239E-05   3.1132778E-05
   1.5519488E+03   1.0420000E+03   4.4200000E+02   2.1513656E-07   8.6649945E-07
   1.5519563E+03   1.0790000E+03   4.6200000E+02   8.3374935E-07   2.8887025E-06
   1.5519638E+03   1.0370000E+03   4.4100000E+02   1.5948777E-06   4.0438592E-06
   1.5519714E+03   1.0350000E+03   4.4700000E+02   2.4043577E-06   6.1990540E-06
   1.5519789E+03   1.0790000E+03   4.6900000E+02   4.3968952E-05   1.0092997E-04
   1.5519864E+03   1.0920000E+03   4.8000000E+02   1.9973437E-04   4.5442071E-04
   1.5519940E+03   9.8000000E+02   4.3000000E+02   1.2616570E-06   2.8562042E-06
   1.5520015E+03   1.0920000E+03   4.8100000E+02   6.6393851E-06   1.5157382E-05
   1.5520090E+03   1.0600000E+03   4.7700000E+02   2.1954256E-05   4.8755229E-05
   1.5520165E+03   1.0950000E+03   4.7300000E+02   5.1589308E-06   1.1913728E-05
   1.5520241E+03   1.0090000E+03   4.2600000E+02   9.5502157E-06   2.2601063E-05
   1.5520316E+03   1.0330000E+03   4.5100000E+02   1.9098186E-04   4.3743454E-04
   1.5520391E+03   1.0660000E+03   4.2000000E+02   8.2584545E-07   2.0803793E-06
   1.5520467E+03   1.0360000E+03   4.7900000E+02   5.5622578E-06   1.2005729E-05
   1.5520542E+03   1.0140000E+03   4.1800000E+02   2.0618807E-06   5.0648773E-06
   1.5520617E+03   1.0280000E+03   4.5600000E+02   1.6828132E-06   3.8423989E-06
   1.5520692E+03   1.0260000E+03   4.4300000E+02   2.2505747E-04   5.2083219E-04
   1.5520768E+03   1.1010000E+03   4.5400000E+02   1.3382039E-06   3.1721870E-06
   1.5520843E+03   1.0200000E+03   4.1900000E+02   2.1830762E-06   5.2645746E-06
   1.5520918E+03   9.9600000E+02   4.3100000E+02   9.1547227E-07   1.5838831E-06
   1.5520994E+03   1.0690000E+03   4.2600000E+02   2.8805193E-06   7.4254966E-06
   1.5521069E+03   1.0310000E+03   4.4900000E+02   2.2787849E-06   5.9174964E-06
   1.5521144E+03   9.6300000E+02   4.1800000E+02   1.9873509E-06   4.6991241E-06
   1.5521219E+03   1.0000000E+03   4.2000000E+02   1.2083101E-04   2.8767924E-04
   1.5521295E+03   1.0490000E+03   4.2500000E+02   1.0877150E-04   2.6848163E-04
   1.5521370E+03   1.0100000E+03   4.0600000E+02   3.1768007E-05   7.9096621E-05
   1.5521445E+03   9.5700000E+02   4.2100000E+02   1.0985651E-05   2.4855743E-05
   1.5521521E+03   9.7800000E+02   4.1900000E+02   4.6697149E-06   1.1397506E-05
   1.5521596E+03   1.0000000E+03   3.8200000E+02   3.5745808E-06   9.7831861E-06
   1.5521671E+03   1.0180000E+03   4.1400000E+02   2.0025367E-06   4.8577739E-06
   1.5521746E+03   9.8100000E+02   4.1800000E+02   1.0884739E-05   2.5496354E-05
   1.5521822E+03   1.0380000E+03   4.2100000E+02   7.3464396E-04   1.8111342E-03
   1.5521897E+03   9.7400000E+02   4.1000000E+02   7.6774457E-06   1.8235316E-05
   1.5521972E+03   1.0060000E+03   3.9300000E+02   3.6659071E-06   9.4135137E-06
   1.5522048E+03   9.8500000E+02   4.1200000E+02   3.3423890E-05   8.0096698E-05
   1.5522123E+03   1.0550000E+03   4.3900000E+02   3.9415133E-07   1.6845017E-06
   1.5522198E+03   1.0120000E+03   3.8100000E+02   5.1641091E-06   1.3347600E-05
   1.5522273E+03   1.0040000E+03   4.0100000E+02   8.6219050E-05   2.1416403E-04
   1.5522349E+03   9.4000000E+02   3.8300000E+02   2.8120846E-06   6.8639729E-06
   1.5522424E+03   9.4300000E+02   3.5600000E+02   3.1583213E-06   8.2102922E-06
   1.5522499E+03   9.5500000E+02   3.7800000E+02   2.2706672E-06   3.9859146E-06
   1.5522575E+03   9.5900000E+02   3.8500000E+02   1.9432994E-06   4.9706616E-06
   1.5522650E+03   1.0000000E+03   3.9100000E+02   1.2874090E-05   3.6554571E-06
   1.5522725E+03   1.0350000E+03   4.4000000E+02   1.7963951E-06   4.2778503E-06
   1.5522800E+03   9.7800000E+02   4.1100000E+02   4.1789411E-06   9.9825947E-06
   1.5522876E+03   9.9400000E+02   3.9200000E+02   2.8360097E-06   7.1831705E-06
   1.5522951E+03   9.1800000E+02   3.4200000E+02   3.8260496E-06   1.0270321E-05
   1.5523026E+03   1.0090000E+03   3.8600000E+02   4.0338491E-04   1.0544595E-03
   1.5523102E+03   9.6800000E+02   3.8500000E+02   5.7845563E-06   1.4475054E-05
   1.5523177E+03   9.4500000E+02   3.7800000E+02   8.6218528E-07   2.0876152E-06
   1.5523252E+03   9.7500000E+02   3.8100000E+02   3.3987832E-06   8.7962532E-06
   1.5523327E+03   9.6000000E+02   3.8000000E+02   1.3091942E-06   3.2914112E-06
   1.5523403E+03   9.7900000E+02   3.5800000E+02   8.2565934E-05   2.2576768E-04
   1.5523478E+03   9.4400000E+02   3.7300000E+02   2.6852670E-06   7.1825322E-06
   1.5523553E+03   9.4900000E+02   3.5300000E+02   1.8030424E-06   4.7744700E-06
   1.5523629E+03   9.8500000E+02   3.5600000E+02   4.5947618E-06   1.2034980E-05
   1.5523704E+03   9.9300000E+02   3.8200000E+02   1.0716025E-06   2.7901550E-06
   1.5523779E+03   9.6600000E+02   3.6800000E+02   1.8382242E-06   4.8398077E-06
   1.5523854E+03   9.7700000E+02   3.7600000E+02   1.1202657E-06   2.8565318E-06
   1.5523930E+03   9.7800000E+02   3.7600000E+02   6.5997145E-06   2.7399452E-06
   1.5524005E+03   9.3100000E+02   3.5000000E+02   1.1857418E-04   3.1540933E-04
   1.5524080E+03   9.6200000E+02   3.6700000E+02   6.3740019E-05   1.6723015E-04
   1.5524155E+03   9.3400000E+02   3.7000000E+02   2.9027974E-06   7.3843486E-06
   1.5524231E+03   9.1400000E+02   3.4700000E+02   1.5928364E-06   4.0487342E-06
   1.5524306E+03   9.1600000E+02   3.2200000E+02   3.9311528E-06   1.1734682E-05
   1.5524381E+03   9.4700000E+02   3.5500000E+02   1.3251295E-05   3.5290637E-05
   1.5524457E+03   8.5800000E+02   3.1600000E+02   2.9313007E-06   7.9893241E-06
   1.5524532E+03   8.8800000E+02   3.2000000E+02   1.0597392E-06   2.8701314E-06
   1.5524607E+03   8.9200000E+02   3.4500000E+02   6.3900590E-06   1.6597487E-05
   1.5524682E+03   9.0900000E+02   3.2700000E+02   1.4357419E-06   4.1417945E-06
   1.5524758E+03   9.1800000E+02   3.5100000E+02   5.6116819E-06   1.4657103E-05
   1.5524833E+03   9.4100000E+02   3.2900000E+02   5.2066811E-06   1.4740478E-05
   1.5524908E+03   9.0700000E+02   3.5000000E+02   1.8138854E-05   4.6986022E-05
   1.5524984E+03   9.4900000E+02   3.4800000E+02   8.9578309E-05   2.4433460E-04
   1.5525059E+03   8.9000000E+02   3.0900000E+02   5.1681494E-07   1.6535651E-06
   1.5525134E+03   9.0700000E+02   3.0400000E+02   7.3294668E-06   2.1925529E-05
   1.5525209E+03   9.2300000E+02   3.4300000E+02   2.1393252E-06   5.6337603E-06
   1.5525285E+03   9.2400000E+02   3.2900000E+02   7.5890602E-06   2.1156998E-05
   1.5525360E+03   8.4000000E+02   2.9900000E+02   5.1989909E-05   1.4609458E-04
   1.5525435E+03   8.9200000E+02   3.2400000E+02   5.8831843E-05   1.6193888E-04
   1.5525511E+03   8.9000000E+02   3.1800000E+02   4.2153771E-07   1.2831867E-06
   1.5525586E+03   8.3900000E+02   2.7700000E+02   6.8111513E-05   2.0630276E-04
   1.5525661E+03   9.2200000E+02   3.2700000E+02   3.3700816E-06   1.0120174E-05
   1.5525736E+03   8.8900000E+02   2.8400000E+02   9.0545050E-07   2.7659896E-06
   1.5525812E+03   8.8600000E+02   3.2500000E+02   1.2398631E-06   3.3007568E-06
   1.5525887E+03   9.5000000E+02   3.4500000E+02   5.1491957E-06   1.4194041E-05
   1.5525962E+03   8.9100000E+02   2.8000000E+02   5.3558338E-07   1.6816604E-06
   1.5526038E+03   8.7100000E+02   2.9600000E+02   1.6701626E-06   5.1196158E-06
   1.5526113E+03   8.8300000E+02   3.0700000E+02   1.0684921E-05   3.0407757E-05
   1.5526188E+03   8.7800000E+02   3.0900000E+02   5.6757357E-06   1.6100489E-05
   1.5526263E+03   8.7900000E+02   2.8500000E+02   1.8628385E-06   5.7178592E-06
   1.5526339E+03   9.2700000E+02   3.1800000E+02   1.0351378E-05   3.0327765E-05
   1.5526414E+03   8.4700000E+02   2.7300000E+02   9.2473538E-07   2.8682952E-06
   1.5526489E+03   9.1300000E+02   3.0900000E+02   5.6582192E-06   1.6867708E-05
   1.5526565E+03   8.9600000E+02   2.7800000E+02   7.1578380E-07   3.6650678E-06
   1.5526640E+03   8.8200000E+02   2.6800000E+02   6.1877227E-06   2.0463677E-05
   1.5526715E+03   8.8400000E+02   2.8100000E+02   1.9943310E-06   6.5114835E-06
   1.5526790E+03   8.4500000E+02   2.7800000E+02   1.1328150E-06   3.4966167E-06
   1.5526866E+03   8.8000000E+02   3.0700000E+02   4.1363837E-06   1.2076522E-05
   1.5526941E+03   8.7400000E+02   2.9600000E+02   3.1230022E-06   9.1232781E-06
   1.5527016E+03   8.8100000E+02   2.8500000E+02   2.4800447E-05   7.7180287E-05
   1.5527092E+03   8.4000000E+02   2.6000000E+02   1.2696635E-06   4.2832126E-06
   1.5527167E+03   8.7300000E+02   2.6000000E+02   3.7076397E-06   1.2731380E-05
   1.5527242E+03   8.8700000E+02   2.9000000E+02   1.7000666E-06   5.0606593E-06
   1.5527317E+03   8.2400000E+02   2.7200000E+02   3.0639770E-06   9.2820480E-06
   1.5527393E+03   8.2300000E+02   2.7900000E+02   1.0114957E-05   2.9809835E-05
   1.5527468E+03   8.3700000E+02   2.7400000E+02   1.7859847E-06   5.3935669E-06
   1.5527543E+03   8.4500000E+02   2.3900000E+02   1.0354142E-05   3.6659961E-05
   1.5527619E+03   8.4600000E+02   2.5700000E+02   3.5254438E-06   1.1546946E-05
   1.5527694E+03   8.2100000E+02   2.5300000E+02   2.8544436E-05   9.1973891E-05
   1.5527769E+03   8.0300000E+02   2.7000000E+02   2.4185131E-05   7.2039912E-05
   1.5527844E+03   7.9800000E+02   2.5000000E+02   1.3476211E-06   4.6117892E-06
   1.5527920E+03   7.7200000E+02   2.3000000E+02   1.7320015E-06   5.7925239E-06
   1.5527995E+03   8.3000000E+02   2.6100000E+02   6.6713494E-07   2.1980034E-06
   1.5528070E+03   8.6000000E+02   2.5000000E+02   7.3861058E-06   2.5459499E-05
   1.5528146E+03   8.0300000E+02   2.5500000E+02   2.0418796E-06   5.4578150E-06
   1.5528221E+03   8.7400000E+02   2.5400000E+02   3.8911008E-06   1.3488859E-05
   1.5528296E+03   7.6900000E+02   2.0200000E+02   1.7897575E-04   6.8150729E-04
   1.5528371E+03   8.1000000E+02   2.4400000E+02   3.2812871E-06   1.0844920E-05
   1.5528447E+03   8.4600000E+02   2.7000000E+02   5.7485335E-06   1.8200569E-05
   1.5528522E+03   8.8800000E+02   2.1700000E+02   1.2837824E-06   5.2157564E-06
   1.5528597E+03   8.1800000E+02   2.1400000E+02   5.4636671E-05   2.0887452E-04
   1.5528673E+03   8.0000000E+02   2.2300000E+02   4.8255975E-05   1.7322869E-04
   1.5528748E+03   8.4600000E+02   2.3400000E+02   1.7439614E-06   6.3022128E-06
   1.5528823E+03   8.4000000E+02   2.5200000E+02   1.0336537E-06   3.3992454E-06
   1.5528898E+03   8.5500000E+02   2.3800000E+02   3.9654366E-06   1.4206984E-05
   1.5528974E+03   8.4700000E+02   2.4700000E+02   2.5358764E-06   8.8731038E-06
   1.5529049E+03   8.0900000E+02   2.2000000E+02   1.4278749E-06   5.2226563E-06
   1.5529124E+03   8.1300000E+02   2.2300000E+02   7.3911758E-04   2.6944548E-03
   1.5529199E+03   8.3400000E+02   2.3900000E+02   9.1679954E-07   2.9739492E-06
   1.5529275E+03   7.5800000E+02   2.0600000E+02   1.5794526E-06   5.6109374E-06
   1.5529350E+03   7.9800000E+02   2.3300000E+02   1.1893014E-07   4.1926859E-07
   1.5529425E+03   7.9800000E+02   2.2100000E+02   3.9053802E-07   1.3495353E-06
   1.5529501E+03   7.6800000E+02   1.8500000E+02   2.9979776E-06   1.2417700E-05
   1.5529576E+03   8.3900000E+02   2.1800000E+02   3.1034785E-06   1.1564799E-05
   1.5529651E+03   7.8400000E+02   2.2500000E+02   3.2992540E-07   9.9476212E-07
   1.5529726E+03   8.2900000E+02   2.2300000E+02   3.6650060E-07   1.1784988E-06
   1.5529802E+03   8.1300000E+02   1.9200000E+02   6.1084949E-07   2.5740064E-06
   1.5529877E+03   8.3100000E+02   2.1000000E+02   5.3666040E-07   2.0980217E-06
   1.5529952E+03   8.1400000E+02   2.3400000E+02   1.1667656E-06   3.5930659E-06
   1.5530028E+03   7.9400000E+02   1.7500000E+02   4.1230850E-05   1.8670619E-04
   1.5530103E+03   7.6000000E+02   1.6900000E+02   1.0561189E-06   4.6827729E-06
   1.5530178E+03   7.5900000E+02   1.8800000E+02   3.7495335E-07   1.3993241E-06
   1.5530253E+03   8.0500000E+02   2.1400000E+02   7.7244140E-05   2.8918322E-04
   1.5530329E+03   7.6200000E+02   1.9300000E+02   2.6269675E-07   1.0743762E-06
   1.5530404E+03   7.6700000E+02   1.7100000E+02   9.3868188E-06   4.1317571E-05
   1.5530479E+03   7.7100000E+02   1.6400000E+02   6.7993512E-07   1.6732591E-06
   1.5530555E+03   8.0900000E+02   1.8900000E+02   4.5394754E-05   1.9421655E-04
   1.5530630E+03   7.4500000E+02   1.7600000E+02   9.4990889E-07   4.0365401E-06
   1.5530705E+03   7.6100000E+02   1.7600000E+02   1.6406044E-06   7.1650139E-06
   1.5530780E+03   7.4400000E+02   1.4500000E+02   1.6818787E-06   8.8413246E-06
   1.5530856E+03   7.5700000E+02   1.6900000E+02   1.0156967E-05   1.9866308E-05
   1.5530931E+03   7.8900000E+02   1.9300000E+02   7.7135723E-06   3.1531605E-05
   1.5531006E+03   7.8800000E+02   1.7700000E+02   1.1436162E-06   5.1002191E-06
   1.5531082E+03   7.2500000E+02   1.5900000E+02   1.3054552E-06   5.4583053E-06
   1.5531157E+03   7.4300000E+02   1.6500000E+02   2.0548032E-05   9.2483025E-05
   1.5531232E+03   7.5600000E+02   1.7800000E+02   1.7162080E-04   7.2907766E-04
   1.5531307E+03   7.5100000E+02   1.4900000E+02   1.5657073E-06   7.9184038E-06
   1.5531383E+03   7.3400000E+02   1.5600000E+02   6.7713574E-07   3.1404730E-06
   1.5531458E+03   7.6500000E+02   1.4000000E+02   1.2922550E-07   7.6282022E-07
   1.5531533E+03   7.2700000E+02   1.4200000E+02   1.1088149E-06   5.3756250E-06
   1.5531609E+03   8.0200000E+02   1.5900000E+02   3.2804099E-06   1.6532895E-05
   1.5531684E+03   7.5200000E+02   1.5400000E+02   4.6779677E-07   2.2189941E-06
   1.5531759E+03   7.2300000E+02   1.4200000E+02   4.7247989E-06   2.5238391E-05
   1.5531834E+03   7.3800000E+02   1.4800000E+02   1.2820578E-06   5.8787677E-06
   1.5531910E+03   7.5900000E+02   1.3200000E+02   3.6820558E-06   2.1214054E-05
   1.5531985E+03   7.1800000E+02   1.3400000E+02   3.3385468E-06   1.7421959E-05
   1.5532060E+03   7.2300000E+02   1.2700000E+02   3.4553168E-07   2.8305757E-06
   1.5532136E+03   7.3500000E+02   1.2800000E+02   7.8360746E-06   4.4933258E-05
   1.5532211E+03   7.5700000E+02   1.3300000E+02   5.0935554E-06   2.9019993E-05
   1.5532286E+03   7.5400000E+02   1.1600000E+02   1.9318179E-06   7.9823737E-06
   1.5532361E+03   7.1500000E+02   1.2900000E+02   4.5705782E-07   2.5910471E-06
   1.5532437E+03   6.9500000E+02   1.1800000E+02   3.7768115E-06   2.1561437E-05
   1.5532512E+03   7.0800000E+02   1.0500000E+02   4.9935400E-07   3.3692936E-06
   1.5532587E+03   7.1600000E+02   1.0400000E+02   1.2348434E-06   7.9543437E-06
   1.5532663E+03   7.3500000E+02   1.1700000E+02   3.3261736E-04   2.0894194E-03
   1.5532738E+03   7.3400000E+02   1.1200000E+02   2.3836486E-04   1.5616064E-03
   1.5532813E+03   7.1100000E+02   1.0400000E+02   8.6994932E-06   5.9540201E-05
   1.5532888E+03   7.0100000E+02   1.0600000E+02   1.7157826E-06   1.1111661E-05
   1.5532964E+03   6.8600000E+02   1.0500000E+02   8.5808418E-06   5.6263851E-05
   1.5533039E+03   6.8600000E+02   9.7000000E+01   4.8081682E-07   3.1757919E-06
   1.5533114E+03   6.6200000E+02   7.9000000E+01   1.6316655E-06   1.3970009E-05
   1.5533189E+03   6.9600000E+02   9.5000000E+01   6.2166673E-06   4.5128201E-05
   1.5533265E+03   6.7000000E+02   1.0000000E+02   8.7608308E-07   7.5967443E-06
   1.5533340E+03   6.4100000E+02   7.7000000E+01   1.4589193E-06   1.2141322E-05
   1.5533415E+03   6.5600000E+02   8.3000000E+01   3.9842654E-06   3.1129987E-05
   1.5533491E+03   7.1900000E+02   8.5000000E+01   2.4853599E-07   9.9789888E-07
   1.5533566E+03   6.3200000E+02   6.3000000E+01   1.1302643E-06   1.1793206E-05
   1.5533641E+03   6.5200000E+02   7.1000000E+01   4.0535043E-07   3.1776620E-06
   1.5533716E+03   6.9000000E+02   7.5000000E+01   2.7295083E-06   2.5222653E-05
   1.5533792E+03   6.2400000E+02   7.1000000E+01   8.0014596E-07   6.8609715E-06
   1.5533867E+03   6.3200000E+02   6.2000000E+01   1.0277150E-06   1.0778252E-05
   1.5533942E+03   6.4900000E+02   6.2000000E+01   1.1807678E-06   1.2444081E-05
   1.5534018E+03   6.3900000E+02   6.8000000E+01   2.1259511E-05   1.9950047E-04
   1.5534093E+03   6.4000000E+02   7.0000000E+01   1.1338547E-06   1.1085096E-05
   1.5534168E+03   6.0600000E+02   6.0000000E+01   4.3014457E-06   4.3952034E-05
   1.5534243E+03   6.0900000E+02   6.8000000E+01   4.4750759E-06   3.9964626E-05
   1.5534319E+03   6.9400000E+02   7.1000000E+01   2.8434910E-04   2.7803984E-03
   1.5534394E+03   6.5900000E+02   5.8000000E+01   2.1233896E-07   2.5029568E-06
   1.5534469E+03   6.0900000E+02   5.4000000E+01   6.6018555E-07   7.4403974E-06
   1.5534545E+03   6.2900000E+02   5.5000000E+01   4.4605732E-07   5.1650121E-06
   1.5534620E+03   6.0200000E+02   6.4000000E+01   2.0057361E-06   1.8689895E-05
   1.5534695E+03   6.1900000E+02   4.7000000E+01   1.9364303E-07   3.4358810E-06
   1.5534770E+03   6.4200000E+02   5.4000000E+01   6.9093905E-06   8.2360938E-05
   1.5534846E+03   6.0600000E+02   4.6000000E+01   5.6340310E-07   7.4305628E-06
   1.5534921E+03   6.0400000E+02   5.0000000E+01   4.9569924E-07   5.7512430E-06
   1.5534996E+03   6.4400000E+02   4.8000000E+01   5.2248106E-07   6.9928114E-06
   1.5535072E+03   6.1400000E+02   5.4000000E+01   7.4118267E-07   8.4642258E-06
   1.5535147E+03   6.1000000E+02   5.0000000E+01   1.9187632E-07   2.8358090E-06
   1.5535222E+03   6.1200000E+02   4.1000000E+01   3.5164062E-07   5.1667861E-06
   1.5535297E+03   6.4100000E+02   4.0000000E+01   2.6811931E-07   3.6132180E-06
   1.5535373E+03   6.0500000E+02   4.6000000E+01   8.8790582E-07   1.5517668E-05
   1.5535448E+03   6.2300000E+02   3.5000000E+01   3.3521959E-08   6.9620169E-07
   1.5535523E+03   6.1200000E+02   4.9000000E+01   9.3160318E-07   9.8749532E-06
   1.5535599E+03   6.5000000E+02   3.8000000E+01   1.4086370E-07   2.2471553E-06
   1.5535674E+03   6.3600000E+02   4.4000000E+01   1.1827817E-06   1.7096571E-05
   1.5535749E+03   6.3400000E+02   4.5000000E+01   1.8048509E-06   2.5307452E-05
   1.5535824E+03   5.9800000E+02   3.3000000E+01   3.8013860E-07   7.0964757E-06
   1.5535900E+03   5.8400000E+02   3.8000000E+01   4.6691043E-07   6.9585402E-06
   1.5535975E+03   6.1600000E+02   3.9000000E+01   1.5370296E-06   2.6113454E-05
   1.5536050E+03   6.4200000E+02   3.8000000E+01   4.2043533E-06   7.0900839E-05
   1.5536126E+03   5.7000000E+02   2.4000000E+01   3.3418947E-08   3.7742673E-06
   1.5536201E+03   6.1400000E+02   3.2000000E+01   1.1635869E-06   2.2301627E-05
   1.5536276E+03   5.9300000E+02   3.0000000E+01   1.3925018E-07   2.7525119E-06
   1.5536351E+03   6.1500000E+02   1.9000000E+01   2.3459552E-07   8.5527062E-06
   1.5536427E+03   6.5300000E+02   3.2000000E+01   5.5790269E-07   1.1384702E-05
   1.5536502E+03   6.0200000E+02   2.7000000E+01   4.3251839E-07   9.7362280E-06
   1.5536577E+03   6.0500000E+02   2.5000000E+01   6.5487760E-07   2.9639397E-06
   1.5536653E+03   6.3700000E+02   2.5000000E+01   2.2714577E-06   5.7860245E-05
   1.5536728E+03   6.2000000E+02   2.0000000E+01   1.4856708E-07   4.6227916E-06
   1.5536803E+03   6.1300000E+02   1.7000000E+01   1.2096585E-06   4.0621152E-05
   1.5536878E+03   6.4300000E+02   2.7000000E+01   4.0315545E-07   8.5832909E-06
   1.5536954E+03   6.1100000E+02   2.0000000E+01   1.2238093E-07   3.3619631E-06
   1.5537029E+03   6.0300000E+02   3.0000000E+01   1.3526579E-06   2.7431090E-05
   1.5537104E+03   5.9500000E+02   1.8000000E+01   8.2289986E-07   2.7673584E-05
   1.5537180E+03   5.9600000E+02   2.1000000E+01   5.1547680E-08   1.4629723E-06
   1.5537255E+03   6.0700000E+02   2.7000000E+01   1.1242353E-06   2.5197314E-05
   1.5537330E+03   5.8700000E+02   1.1000000E+01   1.2510556E-07   5.2309584E-06
   1.5537405E+03   5.4900000E+02   1.2000000E+01   1.4059374E-06   5.9499387E-05
   1.5537481E+03   5.8300000E+02   1.8000000E+01   1.2058720E-07   3.9056853E-06
   1.5537556E+03   5.8200000E+02   2.0000000E+01   8.9538745E-08   1.3365487E-06
   1.5537631E+03   6.3100000E+02   1.0000000E+01   1.0851567E-07   9.9558304E-06
   1.5537706E+03   5.9100000E+02   1.8000000E+01   1.8569279E-07   5.7741289E-06
   1.5537782E+03   6.1000000E+02   1.3000000E+01   4.3256872E-05   2.0289913E-03
   1.5537857E+03   5.8800000E+02   1.1000000E+01   7.5801864E-08   5.8093894E-06
   1.5537932E+03   5.5200000E+02   9.0000000E+00   3.4647981E-08   2.0452273E-06
   1.5538008E+03   5.8100000E+02   7.0000000E+00   1.2658445E-07   9.2969111E-06
   1.5538083E+03   6.6400000E+02   1.0000000E+01   3.3468440E-07   2.2327742E-05
   1.5538158E+03   5.8500000E+02   3.0000000E+00   2.7004424E-07   5.3236216E-05
   1.5538233E+03   5.4300000E+02   6.0000000E+00   3.7785498E-08   1.1550192E-06
   1.5538309E+03   5.8100000E+02   5.0000000E+00   5.9789337E-08   9.1171281E-06
   1.5538384E+03   5.7100000E+02   5.0000000E+00   4.8987440E-08   5.5943657E-06
   1.5538459E+03   5.7300000E+02   8.0000000E+00   1.1208038E-07   6.5750539E-06
   1.5538535E+03   5.7400000E+02   2.0000000E+00   1.4747411E-07   4.9590153E-05
   1.5538610E+03   5.6700000E+02   3.0000000E+00   5.1542086E-08   8.9839161E-06
   1.5538685E+03   5.6400000E+02   5.0000000E+00   2.7797079E-07   3.1388023E-05
   1.5538760E+03   6.0000000E+02   1.0000000E+00   3.2332727E-10   1.9399636E-07
   1.5538836E+03   5.6800000E+02   1.0000000E+00   8.4959615E-09   4.8257061E-06
   1.5538911E+03   5.9000000E+02   2.0000000E+00   8.7320047E-09   4.0870245E-06
   1.5538986E+03   6.1300000E+02   1.0000000E+00   1.8901674E-08   3.7966895E-07
   1.5539062E+03   5.5300000E+02   2.0000000E+00   2.2582469E-08   8.4002623E-06
   1.5539137E+03   6.1100000E+02   1.0000000E+00   2.7805610E-08   1.6989228E-05
   1.5539212E+03   5.5500000E+02   0.0000000E+00   4.8823937E-08   0.0000000E+00
   1.5539287E+03   5.9900000E+02   0.0000000E+00   0.0000000E+00   0.0000000E+00
   1.5539363E+03   5.7600000E+02   0.0000000E+00   0.0000000E+00   0.0000000E+00
   1.5539438E+03   5.9900000E+02   0.0000000E+00   0.0000000E+00   0.0000000E+00
   1.5539513E+03   5.8100000E+02   0.0000000E+00   7.4146925E-08   0.0000000E+00
   1.5539589E+03   6.1400000E+02   0.0000000E+00   0.0000000E+00   0.0000000E+00
   1.5539664E+03   6.1000000E+02   0.0000000E+00   0.0000000E+00   0.0000000E+00
   1.5539739E+03   5.7900000E+02   0.0000000E+00   0.0000000E+00   0.0000000E+00
   1.5539814E+03   6.0000000E+02   0.0000000E+00   0.0000000E+00   0.0000000E+00
   1.5539890E+03   6.1200000E+02   0.0000000E+00   0.0000000E+00   0.0000000E+00
   1.5539965E+03   6.0000000E+02   0.0000000E+00   0.0000000E+00   0.0000000E+00
   1.5540040E+03   5.4600000E+02   0.0000000E+00   0.0000000E+00   0.0000000E+00
   1.5540116E+03   6.1200000E+02   0.0000000E+00   0.0000000E+00   0.0000000E+00
   1.5540191E+03   6.0600000E+02   0.0000000E+00   0.0000000E+00   0.0000000E+00
   1.5540266E+03   5.6900000E+02   0.0000000E+00   0.0000000E+00   0.0000000E+00
   1.5540341E+03   5.7600000E+02   0.0000000E+00   0.0000000E+00   0.0000000E+00
   1.5540417E+03   5.7700000E+02   0.0000000E+00   0.0000000E+00   0.0000000E+00
   1.5540492E+03   5.9500000E+02   0.0000000E+00   0.0000000E+00   0.0000000E+00
   1.5540567E+03   5.6600000E+02   0.0000000E+00   0.0000000E+00   0.0000000E+00
   1.5540643E+03   5.9400000E+02   0.0000000E+00   0.0000000E+00   0.0000000E+00
   1.5540718E+03   5.9300000E+02   0.0000000E+00   0.0000000E+00   0.0000000E+00
   1.5540793E+03   5.4800000E+02   0.0000000E+00   0.0000000E+00   0.0000000E+00
   1.5540868E+03   6.0100000E+02   0.0000000E+00   0.0000000E+00   0.0000000E+00
   1.5540944E+03   5.7200000E+02   0.0000000E+00   0.0000000E+00   0.0000000E+00
   1.5541019E+03   5.6100000E+02   0.0000000E+00   0.0000000E+00   0.0000000E+00
   1.5541094E+03   5.8600000E+02   0.0000000E+00   0.0000000E+00   0.0000000E+00
   1.5541170E+03   5.6200000E+02   0.0000000E+00   0.0000000E+00   0.0000000E+00
   1.5541245E+03   5.6600000E+02   0.0000000E+00   0.0000000E+00   0.0000000E+00
   1.5541320E+03   5.5400000E+02   0.0000000E+00   0.0000000E+00   0.0000000E+00
   1.5541395E+03   5.4400000E+02   0.0000000E+00   0.0000000E+00   0.0000000E+00
   1.5541471E+03   5.7300000E+02   0.0000000E+00   0.0000000E+00   0.0000000E+00
   1.5541546E+03   5.8900000E+02   0.0000000E+00   0.0000000E+00   0.0000000E+00
   1.5541621E+03   6.1300000E+02   0.0000000E+00   0.0000000E+00   0.0000000E+00
   1.5541697E+03   5.5200000E+02   0.0000000E+00   0.0000000E+00   0.0000000E+00
   1.5541772E+03   5.9400000E+02   0.0000000E+00   0.0000000E+00   0.0000000E+00
   1.5541847E+03   6.0200000E+02   0.0000000E+00   0.0000000E+00   0.0000000E+00
   1.5541922E+03   6.3700000E+02   0.0000000E+00   0.0000000E+00   0.0000000E+00
   1.5541998E+03   5.2700000E+02   0.0000000E+00   0.0000000E+00   0.0000000E+00
   1.5542073E+03   6.3000000E+02   0.0000000E+00   0.0000000E+00   0.0000000E+00
   1.5542148E+03   5.7600000E+02   0.0000000E+00   0.0000000E+00   0.0000000E+00
   1.5542224E+03   5.6900000E+02   0.0000000E+00   0.0000000E+00   0.0000000E+00
   1.5542299E+03   5.5100000E+02   0.0000000E+00   0.0000000E+00   0.0000000E+00
   1.5542374E+03   6.1500000E+02   0.0000000E+00   0.0000000E+00   0.0000000E+00
   1.5542449E+03   5.6000000E+02   0.0000000E+00   0.0000000E+00   0.0000000E+00
   1.5542525E+03   5.8200000E+02   0.0000000E+00   0.0000000E+00   0.0000000E+00
   1.5542600E+03   5.6900000E+02   0.0000000E+00   0.0000000E+00   0.0000000E+00
   1.5542675E+03   6.1000000E+02   0.0000000E+00   2.1327933E-05   0.0000000E+00
   1.5542750E+03   5.8500000E+02   0.0000000E+00   0.0000000E+00   0.0000000E+00
   1.5542826E+03   6.1600000E+02   0.0000000E+00   0.0000000E+00   0.0000000E+00
   1.5542901E+03   6.0100000E+02   0.0000000E+00   0.0000000E+00   0.0000000E+00
   1.5542976E+03   5.7300000E+02   0.0000000E+00   0.0000000E+00   0.0000000E+00
   1.5543052E+03   5.8900000E+02   0.0000000E+00   0.0000000E+00   0.0000000E+00
   1.5543127E+03   5.6300000E+02   0.0000000E+00   0.0000000E+00   0.0000000E+00
   1.5543202E+03   5.5200000E+02   0.0000000E+00   0.0000000E+00   0.0000000E+00
   1.5543277E+03   5.8100000E+02   0.0000000E+00   0.0000000E+00   0.0000000E+00
   1.5543353E+03   5.9700000E+02   0.0000000E+00   0.0000000E+00   0.0000000E+00
   1.5543428E+03   5.8600000E+02   0.0000000E+00   0.0000000E+00   0.0000000E+00
   1.5543503E+03   5.6400000E+02   0.0000000E+00   0.0000000E+00   0.0000000E+00
   1.5543579E+03   6.2300000E+02   0.0000000E+00   0.0000000E+00   0.0000000E+00
   1.5543654E+03   5.7400000E+02   0.0000000E+00   0.0000000E+00   0.0000000E+00
   1.5543729E+03   5.3700000E+02   0.0000000E+00   0.0000000E+00   0.0000000E+00
   1.5543804E+03   5.7000000E+02   0.0000000E+00   0.0000000E+00   0.0000000E+00
   1.5543880E+03   6.0700000E+02   0.0000000E+00   0.0000000E+00   0.0000000E+00
   1.5543955E+03   6.1100000E+02   0.0000000E+00   0.0000000E+00   0.0000000E+00
   1.5544030E+03   5.3300000E+02   0.0000000E+00   0.0000000E+00   0.0000000E+00
   1.5544106E+03   5.7100000E+02   0.0000000E+00   0.0000000E+00   0.0000000E+00
   1.5544181E+03   6.2400000E+02   0.0000000E+00   0.0000000E+00   0.0000000E+00
   1.5544256E+03   5.8600000E+02   0.0000000E+00   0.0000000E+00   0.0000000E+00
   1.5544331E+03   6.0800000E+02   0.0000000E+00   0.0000000E+00   0.0000000E+00
   1.5544407E+03   5.6700000E+02   0.0000000E+00   0.0000000E+00   0.0000000E+00
   1.5544482E+03   5.7800000E+02   0.0000000E+00   0.0000000E+00   0.0000000E+00
   1.5544557E+03   5.6100000E+02   0.0000000E+00   0.0000000E+00   0.0000000E+00
   1.5544633E+03   6.1900000E+02   0.0000000E+00   0.0000000E+00   0.0000000E+00
   1.5544708E+03   5.9600000E+02   0.0000000E+00   0.0000000E+00   0.0000000E+00
   1.5544783E+03   5.9900000E+02   0.0000000E+00   0.0000000E+00   0.0000000E+00
   1.5544858E+03   5.6900000E+02   0.0000000E+00   0.0000000E+00   0.0000000E+00
   1.5544934E+03   5.3700000E+02   0.0000000E+00   0.0000000E+00   0.0000000E+00
   1.5545009E+03   5.9000000E+02   0.0000000E+00   0.0000000E+00   0.0000000E+00
   1.5545084E+03   5.5900000E+02   0.0000000E+00   0.0000000E+00   0.0000000E+00
   1.5545160E+03   5.6600000E+02   0.0000000E+00   0.0000000E+00   0.0000000E+00
   1.5545235E+03   5.7200000E+02   0.0000000E+00   0.0000000E+00   0.0000000E+00
   1.5545310E+03   5.7800000E+02   0.0000000E+00   0.0000000E+00   0.0000000E+00
   1.5545385E+03   5.7300000E+02   0.0000000E+00   0.0000000E+00   0.0000000E+00
   1.5545461E+03   6.2900000E+02   0.0000000E+00   0.0000000E+00   0.0000000E+00
   1.5545536E+03   6.1300000E+02   0.0000000E+00   0.0000000E+00   0.0000000E+00
   1.5545611E+03   5.6400000E+02   0.0000000E+00   0.0000000E+00   0.0000000E+00
   1.5545687E+03   5.8100000E+02   0.0000000E+00   0.0000000E+00   0.0000000E+00
   1.5545762E+03   5.9200000E+02   0.0000000E+00   0.0000000E+00   0.0000000E+00
   1.5545837E+03   5.5600000E+02   0.0000000E+00   0.0000000E+00   0.0000000E+00
   1.5545912E+03   5.5300000E+02   0.0000000E+00   0.0000000E+00   0.0000000E+00
   1.5545988E+03   5.9700000E+02   0.0000000E+00   0.0000000E+00   0.0000000E+00
   1.5546063E+03   5.6900000E+02   0.0000000E+00   0.0000000E+00   0.0000000E+00
   1.5546138E+03   5.7500000E+02   0.0000000E+00   0.0000000E+00   0.0000000E+00
   1.5546214E+03   5.9900000E+02   0.0000000E+00   0.0000000E+00   0.0000000E+00
   1.5546289E+03   5.9300000E+02   0.0000000E+00   0.0000000E+00   0.0000000E+00
   1.5546364E+03   5.4900000E+02   0.0000000E+00   0.0000000E+00   0.0000000E+00
   1.5546439E+03   5.6600000E+02   0.0000000E+00   0.0000000E+00   0.0000000E+00
   1.5546515E+03   5.1600000E+02   0.0000000E+00   0.0000000E+00   0.0000000E+00
   1.5546590E+03   5.5300000E+02   0.0000000E+00   0.0000000E+00   0.0000000E+00
   1.5546665E+03   5.3200000E+02   0.0000000E+00   0.0000000E+00   0.0000000E+00
   1.5546740E+03   5.8600000E+02   0.0000000E+00   0.0000000E+00   0.0000000E+00
   1.5546816E+03   5.8000000E+02   0.0000000E+00   0.0000000E+00   0.0000000E+00
   1.5546891E+03   6.0800000E+02   0.0000000E+00   0.0000000E+00   0.0000000E+00
   1.5546966E+03   5.6600000E+02   0.0000000E+00   0.0000000E+00   0.0000000E+00
   1.5547042E+03   5.8300000E+02   0.0000000E+00   0.0000000E+00   0.0000000E+00
   1.5547117E+03   5.5200000E+02   0.0000000E+00   0.0000000E+00   0.0000000E+00
   1.5547192E+03   5.9100000E+02   0.0000000E+00   0.0000000E+00   0.0000000E+00
   1.5547267E+03   6.0600000E+02   0.0000000E+00   0.0000000E+00   0.0000000E+00
   1.5547343E+03   6.0200000E+02   0.0000000E+00   0.0000000E+00   0.0000000E+00
   1.5547418E+03   5.6800000E+02   0.0000000E+00   0.0000000E+00   0.0000000E+00
   1.5547493E+03   5.6000000E+02   0.0000000E+00   0.0000000E+00   0.0000000E+00
   1.5547569E+03   5.7200000E+02   0.0000000E+00   0.0000000E+00   0.0000000E+00
   1.5547644E+03   5.2100000E+02   0.0000000E+00   0.0000000E+00   0.0000000E+00
   1.5547719E+03   5.5300000E+02   0.0000000E+00   0.0000000E+00   0.0000000E+00
   1.5547794E+03   6.1000000E+02   0.0000000E+00   0.0000000E+00   0.0000000E+00
   1.5547870E+03   5.8400000E+02   0.0000000E+00   0.0000000E+00   0.0000000E+00
   1.5547945E+03   5.4800000E+02   0.0000000E+00   0.0000000E+00   0.0000000E+00
   1.5548020E+03   5.7000000E+02   0.0000000E+00   0.0000000E+00   0.0000000E+00
   1.5548096E+03   5.8000000E+02   0.0000000E+00   0.0000000E+00   0.0000000E+00
   1.5548171E+03   5.8700000E+02   0.0000000E+00   0.0000000E+00   0.0000000E+00
   1.5548246E+03   6.1700000E+02   0.0000000E+00   0.0000000E+00   0.0000000E+00
   1.5548321E+03   6.1100000E+02   0.0000000E+00   0.0000000E+00   0.0000000E+00
   1.5548397E+03   5.5000000E+02   0.0000000E+00   0.0000000E+00   0.0000000E+00
   1.5548472E+03   5.9900000E+02   0.0000000E+00   0.0000000E+00   0.0000000E+00
   1.5548547E+03   5.6800000E+02   0.0000000E+00   0.0000000E+00   0.0000000E+00
   1.5548623E+03   6.1000000E+02   0.0000000E+00   0.0000000E+00   0.0000000E+00
   1.5548698E+03   5.9500000E+02   0.0000000E+00   0.0000000E+00   0.0000000E+00
   1.5548773E+03   5.7100000E+02   0.0000000E+00   0.0000000E+00   0.0000000E+00
   1.5548848E+03   5.8200000E+02   0.0000000E+00   0.0000000E+00   0.0000000E+00
   1.5548924E+03   6.0300000E+02   0.0000000E+00   0.0000000E+00   0.0000000E+00
   1.5548999E+03   5.9300000E+02   0.0000000E+00   0.0000000E+00   0.0000000E+00
   1.5549074E+03   6.2600000E+02   0.0000000E+00   0.0000000E+00   0.0000000E+00
   1.5549150E+03   5.5900000E+02   0.0000000E+00   0.0000000E+00   0.0000000E+00
   1.5549225E+03   5.3100000E+02   0.0000000E+00   0.0000000E+00   0.0000000E+00
   1.5549300E+03   5.4700000E+02   0.0000000E+00   0.0000000E+00   0.0000000E+00
   1.5549375E+03   5.5500000E+02   0.0000000E+00   0.0000000E+00   0.0000000E+00
   1.5549451E+03   6.0700000E+02   0.0000000E+00   0.0000000E+00   0.0000000E+00
   1.5549526E+03   5.8500000E+02   0.0000000E+00   0.0000000E+00   0.0000000E+00
   1.5549601E+03   5.4300000E+02   0.0000000E+00   0.0000000E+00   0.0000000E+00
   1.5549677E+03   5.8600000E+02   0.0000000E+00   0.0000000E+00   0.0000000E+00
   1.5549752E+03   5.7800000E+02   0.0000000E+00   0.0000000E+00   0.0000000E+00
   1.5549827E+03   5.7800000E+02   0.0000000E+00   0.0000000E+00   0.0000000E+00
   1.5549902E+03   5.7900000E+02   0.0000000E+00   0.0000000E+00   0.0000000E+00
   1.5549978E+03   5.7600000E+02   0.0000000E+00   0.0000000E+00   0.0000000E+00
   1.5550053E+03   5.8500000E+02   0.0000000E+00   0.0000000E+00   0.0000000E+00
   1.5550128E+03   5.7700000E+02   0.0000000E+00   0.0000000E+00   0.0000000E+00
   1.5550204E+03   5.5200000E+02   0.0000000E+00   0.0000000E+00   0.0000000E+00
   1.5550279E+03   5.7600000E+02   0.0000000E+00   0.0000000E+00   0.0000000E+00
   1.5550354E+03   5.7900000E+02   0.0000000E+00   0.0000000E+00   0.0000000E+00
   1.5550429E+03   5.5600000E+02   0.0000000E+00   0.0000000E+00   0.0000000E+00
   1.5550505E+03   5.6800000E+02   0.0000000E+00   0.0000000E+00   0.0000000E+00
   1.5550580E+03   5.8500000E+02   0.0000000E+00   0.0000000E+00   0.0000000E+00
   1.5550655E+03   5.9300000E+02   0.0000000E+00   0.0000000E+00   0.0000000E+00
   1.5550731E+03   5.7400000E+02   0.0000000E+00   0.0000000E+00   0.0000000E+00
   1.5550806E+03   6.0800000E+02   0.0000000E+00   0.0000000E+00   0.0000000E+00
   1.5550881E+03   6.0500000E+02   0.0000000E+00   0.0000000E+00   0.0000000E+00
   1.5550956E+03   5.6800000E+02   0.0000000E+00   0.0000000E+00   0.0000000E+00
   1.5551032E+03   5.5700000E+02   0.0000000E+00   0.0000000E+00   0.0000000E+00
   1.5551107E+03   5.8800000E+02   0.0000000E+00   0.0000000E+00   0.0000000E+00
   1.5551182E+03   5.6600000E+02   0.0000000E+00   0.0000000E+00   0.0000000E+00
   1.5551257E+03   6.1000000E+02   0.0000000E+00   0.0000000E+00   0.0000000E+00
   1.5551333E+03   5.6000000E+02   0.0000000E+00   0.0000000E+00   0.0000000E+00
   1.5551408E+03   5.5400000E+02   0.0000000E+00   0.0000000E+00   0.0000000E+00
   1.5551483E+03   5.9500000E+02   0.0000000E+00   0.0000000E+00   0.0000000E+00
   1.5551559E+03   5.9100000E+02   0.0000000E+00   0.0000000E+00   0.0000000E+00
   1.5551634E+03   6.0000000E+02   0.0000000E+00   0.0000000E+00   0.0000000E+00
   1.5551709E+03   5.7800000E+02   0.0000000E+00   0.0000000E+00   0.0000000E+00
   1.5551784E+03   5.8300000E+02   0.0000000E+00   0.0000000E+00   0.0000000E+00
   1.5551860E+03   5.9100000E+02   0.0000000E+00   0.0000000E+00   0.0000000E+00
   1.5551935E+03   6.0700000E+02   0.0000000E+00   0.0000000E+00   0.0000000E+00
   1.5552010E+03   5.6500000E+02   0.0000000E+00   0.0000000E+00   0.0000000E+00
   1.5552086E+03   5.4600000E+02   0.0000000E+00   0.0000000E+00   0.0000000E+00
   1.5552161E+03   5.5200000E+02   0.0000000E+00   0.0000000E+00   0.0000000E+00
   1.5552236E+03   5.7200000E+02   0.0000000E+00   0.0000000E+00   0.0000000E+00
   1.5552311E+03   5.6200000E+02   0.0000000E+00   0.0000000E+00   0.0000000E+00
   1.5552387E+03   5.9100000E+02   0.0000000E+00   0.0000000E+00   0.0000000E+00
   1.5552462E+03   5.8100000E+02   0.0000000E+00   0.0000000E+00   0.0000000E+00
   1.5552537E+03   5.7900000E+02   0.0000000E+00   0.0000000E+00   0.0000000E+00
   1.5552613E+03   6.1300000E+02   0.0000000E+00   0.0000000E+00   0.0000000E+00
   1.5552688E+03   5.9500000E+02   0.0000000E+00   0.0000000E+00   0.0000000E+00
   1.5552763E+03   5.8400000E+02   0.0000000E+00   0.0000000E+00   0.0000000E+00
   1.5552838E+03   6.2400000E+02   0.0000000E+00   0.0000000E+00   0.0000000E+00
   1.5552914E+03   6.1700000E+02   0.0000000E+00   0.0000000E+00   0.0000000E+00
   1.5552989E+03   5.6500000E+02   0.0000000E+00   0.0000000E+00   0.0000000E+00
   1.5553064E+03   5.9500000E+02   0.0000000E+00   0.0000000E+00   0.0000000E+00
   1.5553140E+03   5.7800000E+02   0.0000000E+00   0.0000000E+00   0.0000000E+00
   1.5553215E+03   5.5600000E+02   0.0000000E+00   0.0000000E+00   0.0000000E+00
   1.5553290E+03   5.4900000E+02   0.0000000E+00   0.0000000E+00   0.0000000E+00
   1.5553365E+03   5.6200000E+02   0.0000000E+00   0.0000000E+00   0.0000000E+00
   1.5553441E+03   5.8400000E+02   0.0000000E+00   0.0000000E+00   0.0000000E+00
   1.5553516E+03   5.4700000E+02   0.0000000E+00   0.0000000E+00   0.0000000E+00
   1.5553591E+03   5.5800000E+02   0.0000000E+00   0.0000000E+00   0.0000000E+00
   1.5553667E+03   5.6200000E+02   0.0000000E+00   0.0000000E+00   0.0000000E+00
   1.5553742E+03   5.6200000E+02   0.0000000E+00   0.0000000E+00   0.0000000E+00
   1.5553817E+03   5.6100000E+02   0.0000000E+00   0.0000000E+00   0.0000000E+00
   1.5553892E+03   5.5600000E+02   1.0000000E+00   9.1122867E-04   5.0664314E-01
   1.5553968E+03   5.7400000E+02   0.0000000E+00   0.0000000E+00   0.0000000E+00
   1.5554043E+03   5.9000000E+02   0.0000000E+00   0.0000000E+00   0.0000000E+00
   1.5554118E+03   5.7700000E+02   0.0000000E+00   0.0000000E+00   0.0000000E+00
   1.5554194E+03   5.9900000E+02   0.0000000E+00   0.0000000E+00   0.0000000E+00
   1.5554269E+03   5.8000000E+02   0.0000000E+00   0.0000000E+00   0.0000000E+00
   1.5554344E+03   5.4900000E+02   0.0000000E+00   0.0000000E+00   0.0000000E+00
   1.5554419E+03   5.8300000E+02   0.0000000E+00   0.0000000E+00   0.0000000E+00
   1.5554495E+03   5.5200000E+02   0.0000000E+00   0.0000000E+00   0.0000000E+00
   1.5554570E+03   5.9800000E+02   0.0000000E+00   0.0000000E+00   0.0000000E+00
   1.5554645E+03   5.6800000E+02   0.0000000E+00   0.0000000E+00   0.0000000E+00
   1.5554721E+03   5.8500000E+02   0.0000000E+00   0.0000000E+00   0.0000000E+00
   1.5554796E+03   5.5200000E+02   0.0000000E+00   0.0000000E+00   0.0000000E+00
   1.5554871E+03   5.5500000E+02   0.0000000E+00   0.0000000E+00   0.0000000E+00
   1.5554946E+03   5.6500000E+02   0.0000000E+00   0.0000000E+00   0.0000000E+00
   1.5555022E+03   5.7700000E+02   0.0000000E+00   0.0000000E+00   0.0000000E+00
   1.5555097E+03   5.7400000E+02   0.0000000E+00   0.0000000E+00   0.0000000E+00
   1.5555172E+03   5.4000000E+02   0.0000000E+00   0.0000000E+00   0.0000000E+00
   1.5555248E+03   5.8700000E+02   0.0000000E+00   0.0000000E+00   0.0000000E+00
   1.5555323E+03   5.7200000E+02   0.0000000E+00   0.0000000E+00   0.0000000E+00
   1.5555398E+03   5.7300000E+02   0.0000000E+00   0.0000000E+00   0.0000000E+00
   1.5555473E+03   6.2600000E+02   0.0000000E+00   0.0000000E+00   0.0000000E+00
   1.5555549E+03   5.5800000E+02   0.0000000E+00   0.0000000E+00   0.0000000E+00
   1.5555624E+03   5.8700000E+02   0.0000000E+00   0.0000000E+00   0.0000000E+00
   1.5555699E+03   5.8600000E+02   0.0000000E+00   0.0000000E+00   0.0000000E+00
   1.5555774E+03   5.9600000E+02   0.0000000E+00   0.0000000E+00   0.0000000E+00
   1.5555850E+03   6.2600000E+02   0.0000000E+00   0.0000000E+00   0.0000000E+00
   1.5555925E+03   5.2800000E+02   0.0000000E+00   0.0000000E+00   0.0000000E+00
   1.5556000E+03   5.5700000E+02   0.0000000E+00   0.0000000E+00   0.0000000E+00
   1.5556076E+03   5.5900000E+02   0.0000000E+00   0.0000000E+00   0.0000000E+00
   1.5556151E+03   5.4000000E+02   0.0000000E+00   0.0000000E+00   0.0000000E+00
   1.5556226E+03   5.5500000E+02   0.0000000E+00   0.0000000E+00   0.0000000E+00
   1.5556301E+03   6.1700000E+02   0.0000000E+00   0.0000000E+00   0.0000000E+00
   1.5556377E+03   5.9900000E+02   0.0000000E+00   0.0000000E+00   0.0000000E+00
   1.5556452E+03   6.0000000E+02   0.0000000E+00   0.0000000E+00   0.0000000E+00
   1.5556527E+03   5.9600000E+02   0.0000000E+00   0.0000000E+00   0.0000000E+00
   1.5556603E+03   5.4700000E+02   0.0000000E+00   0.0000000E+00   0.0000000E+00
   1.5556678E+03   6.0500000E+02   0.0000000E+00   0.0000000E+00   0.0000000E+00
   1.5556753E+03   5.6700000E+02   0.0000000E+00   0.0000000E+00   0.0000000E+00
   1.5556828E+03   5.6100000E+02   0.0000000E+00   0.0000000E+00   0.0000000E+00
   1.5556904E+03   5.7600000E+02   0.0000000E+00   0.0000000E+00   0.0000000E+00
   1.5556979E+03   5.9400000E+02   0.0000000E+00   0.0000000E+00   0.0000000E+00
   1.5557054E+03   6.2500000E+02   0.0000000E+00   0.0000000E+00   0.0000000E+00
   1.5557130E+03   5.6200000E+02   0.0000000E+00   0.0000000E+00   0.0000000E+00
   1.5557205E+03   6.0300000E+02   0.0000000E+00   0.0000000E+00   0.0000000E+00
   1.5557280E+03   5.7300000E+02   0.0000000E+00   0.0000000E+00   0.0000000E+00
   1.5557355E+03   5.7600000E+02   0.0000000E+00   0.0000000E+00   0.0000000E+00
   1.5557431E+03   5.1600000E+02   0.0000000E+00   0.0000000E+00   0.0000000E+00
   1.5557506E+03   5.6100000E+02   0.0000000E+00   0.0000000E+00   0.0000000E+00
   1.5557581E+03   5.7200000E+02   0.0000000E+00   0.0000000E+00   0.0000000E+00
   1.5557657E+03   5.7300000E+02   0.0000000E+00   0.0000000E+00   0.0000000E+00
   1.5557732E+03   5.2700000E+02   0.0000000E+00   0.0000000E+00   0.0000000E+00
   1.5557807E+03   5.4800000E+02   0.0000000E+00   0.0000000E+00   0.0000000E+00
   1.5557882E+03   5.7400000E+02   0.0000000E+00   0.0000000E+00   0.0000000E+00
   1.5557958E+03   5.4200000E+02   0.0000000E+00   0.0000000E+00   0.0000000E+00
   1.5558033E+03   5.8800000E+02   0.0000000E+00   0.0000000E+00   0.0000000E+00
   1.5558108E+03   5.4400000E+02   0.0000000E+00   0.0000000E+00   0.0000000E+00
   1.5558184E+03   5.6400000E+02   0.0000000E+00   0.0000000E+00   0.0000000E+00
   1.5558259E+03   5.3700000E+02   0.0000000E+00   0.0000000E+00   0.0000000E+00
   1.5558334E+03   6.0500000E+02   0.0000000E+00   0.0000000E+00   0.0000000E+00
   1.5558409E+03   5.8600000E+02   0.0000000E+00   0.0000000E+00   0.0000000E+00
   1.5558485E+03   5.5800000E+02   0.0000000E+00   0.0000000E+00   0.0000000E+00
   1.5558560E+03   5.9400000E+02   0.0000000E+00   0.0000000E+00   0.0000000E+00
   1.5558635E+03   6.2700000E+02   0.0000000E+00   0.0000000E+00   0.0000000E+00
   1.5558711E+03   6.0900000E+02   0.0000000E+00   0.0000000E+00   0.0000000E+00
   1.5558786E+03   5.8500000E+02   0.0000000E+00   0.0000000E+00   0.0000000E+00
   1.5558861E+03   6.0800000E+02   0.0000000E+00   0.0000000E+00   0.0000000E+00
   1.5558936E+03   5.4700000E+02   0.0000000E+00   0.0000000E+00   0.0000000E+00
   1.5559012E+03   6.0300000E+02   0.0000000E+00   0.0000000E+00   0.0000000E+00
   1.5559087E+03   6.0200000E+02   0.0000000E+00   0.0000000E+00   0.0000000E+00
   1.5559162E+03   6.0200000E+02   0.0000000E+00   0.0000000E+00   0.0000000E+00
   1.5559238E+03   5.6800000E+02   0.0000000E+00   0.0000000E+00   0.0000000E+00
   1.5559313E+03   6.1400000E+02   0.0000000E+00   0.0000000E+00   0.0000000E+00
   1.5559388E+03   5.9000000E+02   0.0000000E+00   0.0000000E+00   0.0000000E+00
   1.5559463E+03   5.8500000E+02   0.0000000E+00   0.0000000E+00   0.0000000E+00
   1.5559539E+03   5.9300000E+02   0.0000000E+00   0.0000000E+00   0.0000000E+00
   1.5559614E+03   5.8400000E+02   0.0000000E+00   0.0000000E+00   0.0000000E+00
   1.5559689E+03   5.9900000E+02   0.0000000E+00   0.0000000E+00   0.0000000E+00
   1.5559765E+03   6.0300000E+02   0.0000000E+00   0.0000000E+00   0.0000000E+00
   1.5559840E+03   5.7500000E+02   0.0000000E+00   0.0000000E+00   0.0000000E+00
   1.5559915E+03   6.0800000E+02   0.0000000E+00   0.0000000E+00   0.0000000E+00
   1.5559990E+03   5.7300000E+02   0.0000000E+00   0.0000000E+00   0.0000000E+00
   1.5560066E+03   5.8700000E+02   0.0000000E+00   0.0000000E+00   0.0000000E+00
   1.5560141E+03   5.7100000E+02   0.0000000E+00   0.0000000E+00   0.0000000E+00
   1.5560216E+03   5.7700000E+02   0.0000000E+00   0.0000000E+00   0.0000000E+00
   1.5560291E+03   5.3800000E+02   0.0000000E+00   0.0000000E+00   0.0000000E+00
   1.5560367E+03   5.8600000E+02   0.0000000E+00   0.0000000E+00   0.0000000E+00
   1.5560442E+03   5.3700000E+02   0.0000000E+00   0.0000000E+00   0.0000000E+00
   1.5560517E+03   6.3200000E+02   0.0000000E+00   0.0000000E+00   0.0000000E+00
   1.5560593E+03   6.0400000E+02   0.0000000E+00   0.0000000E+00   0.0000000E+00
   1.5560668E+03   5.8900000E+02   0.0000000E+00   0.0000000E+00   0.0000000E+00
   1.5560743E+03   5.8000000E+02   0.0000000E+00   0.0000000E+00   0.0000000E+00
   1.5560818E+03   6.1300000E+02   0.0000000E+00   0.0000000E+00   0.0000000E+00
   1.5560894E+03   5.6700000E+02   0.0000000E+00   0.0000000E+00   0.0000000E+00
   1.5560969E+03   6.0500000E+02   0.0000000E+00   0.0000000E+00   0.0000000E+00
   1.5561044E+03   5.8100000E+02   0.0000000E+00   0.0000000E+00   0.0000000E+00
   1.5561120E+03   5.8800000E+02   0.0000000E+00   0.0000000E+00   0.0000000E+00
   1.5561195E+03   5.9900000E+02   0.0000000E+00   0.0000000E+00   0.0000000E+00
   1.5561270E+03   5.7000000E+02   0.0000000E+00   0.0000000E+00   0.0000000E+00
   1.5561345E+03   5.4500000E+02   0.0000000E+00   0.0000000E+00   0.0000000E+00
   1.5561421E+03   5.7400000E+02   0.0000000E+00   0.0000000E+00   0.0000000E+00
   1.5561496E+03   5.9000000E+02   0.0000000E+00   0.0000000E+00   0.0000000E+00
   1.5561571E+03   5.4400000E+02   0.0000000E+00   0.0000000E+00   0.0000000E+00
   1.5561647E+03   5.7200000E+02   0.0000000E+00   0.0000000E+00   0.0000000E+00
   1.5561722E+03   5.9100000E+02   0.0000000E+00   0.0000000E+00   0.0000000E+00
   1.5561797E+03   5.5300000E+02   0.0000000E+00   0.0000000E+00   0.0000000E+00
   1.5561872E+03   5.8100000E+02   0.0000000E+00   0.0000000E+00   0.0000000E+00
   1.5561948E+03   5.5800000E+02   0.0000000E+00   0.0000000E+00   0.0000000E+00
   1.5562023E+03   6.0200000E+02   0.0000000E+00   0.0000000E+00   0.0000000E+00
   1.5562098E+03   5.7500000E+02   0.0000000E+00   0.0000000E+00   0.0000000E+00
   1.5562174E+03   6.0100000E+02   0.0000000E+00   0.0000000E+00   0.0000000E+00
   1.5562249E+03   5.6700000E+02   0.0000000E+00   0.0000000E+00   0.0000000E+00
   1.5562324E+03   5.7000000E+02   0.0000000E+00   0.0000000E+00   0.0000000E+00
   1.5562399E+03   6.0700000E+02   0.0000000E+00   0.0000000E+00   0.0000000E+00
   1.5562475E+03   5.6800000E+02   0.0000000E+00   0.0000000E+00   0.0000000E+00
   1.5562550E+03   5.2900000E+02   0.0000000E+00   0.0000000E+00   0.0000000E+00
   1.5562625E+03   5.7000000E+02   0.0000000E+00   0.0000000E+00   0.0000000E+00
   1.5562701E+03   5.7800000E+02   0.0000000E+00   0.0000000E+00   0.0000000E+00
   1.5562776E+03   5.4200000E+02   0.0000000E+00   0.0000000E+00   0.0000000E+00
   1.5562851E+03   5.4900000E+02   0.0000000E+00   0.0000000E+00   0.0000000E+00
   1.5562926E+03   5.6300000E+02   0.0000000E+00   0.0000000E+00   0.0000000E+00
   1.5563002E+03   5.6300000E+02   0.0000000E+00   0.0000000E+00   0.0000000E+00
   1.5563077E+03   6.1700000E+02   0.0000000E+00   0.0000000E+00   0.0000000E+00
   1.5563152E+03   5.7700000E+02   0.0000000E+00   0.0000000E+00   0.0000000E+00
   1.5563228E+03   5.8000000E+02   0.0000000E+00   0.0000000E+00   0.0000000E+00
   1.5563303E+03   5.6900000E+02   0.0000000E+00   0.0000000E+00   0.0000000E+00
   1.5563378E+03   5.3900000E+02   0.0000000E+00   0.0000000E+00   0.0000000E+00
   1.5563453E+03   5.4700000E+02   0.0000000E+00   0.0000000E+00   0.0000000E+00
   1.5563529E+03   5.8700000E+02   0.0000000E+00   0.0000000E+00   0.0000000E+00
   1.5563604E+03   5.5700000E+02   0.0000000E+00   0.0000000E+00   0.0000000E+00
   1.5563679E+03   5.5700000E+02   0.0000000E+00   0.0000000E+00   0.0000000E+00
   1.5563755E+03   5.9400000E+02   0.0000000E+00   0.0000000E+00   0.0000000E+00
   1.5563830E+03   5.8500000E+02   0.0000000E+00   0.0000000E+00   0.0000000E+00
   1.5563905E+03   5.7200000E+02   0.0000000E+00   0.0000000E+00   0.0000000E+00
   1.5563980E+03   5.8100000E+02   0.0000000E+00   0.0000000E+00   0.0000000E+00
   1.5564056E+03   5.6000000E+02   0.0000000E+00   0.0000000E+00   0.0000000E+00
   1.5564131E+03   5.9100000E+02   0.0000000E+00   0.0000000E+00   0.0000000E+00
   1.5564206E+03   5.4300000E+02   0.0000000E+00   0.0000000E+00   0.0000000E+00
   1.5564282E+03   6.0000000E+02   0.0000000E+00   0.0000000E+00   0.0000000E+00
   1.5564357E+03   5.7500000E+02   0.0000000E+00   0.0000000E+00   0.0000000E+00
   1.5564432E+03   5.6800000E+02   0.0000000E+00   0.0000000E+00   0.0000000E+00
   1.5564507E+03   5.9100000E+02   0.0000000E+00   0.0000000E+00   0.0000000E+00
   1.5564583E+03   5.4500000E+02   0.0000000E+00   0.0000000E+00   0.0000000E+00
   1.5564658E+03   5.9100000E+02   0.0000000E+00   0.0000000E+00   0.0000000E+00
   1.5564733E+03   5.7600000E+02   0.0000000E+00   0.0000000E+00   0.0000000E+00
   1.5564808E+03   5.7400000E+02   0.0000000E+00   0.0000000E+00   0.0000000E+00
   1.5564884E+03   5.7800000E+02   0.0000000E+00   0.0000000E+00   0.0000000E+00
   1.5564959E+03   5.4700000E+02   0.0000000E+00   0.0000000E+00   0.0000000E+00
   1.5565034E+03   5.5000000E+02   0.0000000E+00   0.0000000E+00   0.0000000E+00
   1.5565110E+03   5.5400000E+02   0.0000000E+00   0.0000000E+00   0.0000000E+00
   1.5565185E+03   6.2200000E+02   0.0000000E+00   0.0000000E+00   0.0000000E+00
   1.5565260E+03   5.8900000E+02   0.0000000E+00   0.0000000E+00   0.0000000E+00
   1.5565335E+03   5.7400000E+02   0.0000000E+00   0.0000000E+00   0.0000000E+00
   1.5565411E+03   5.6900000E+02   0.0000000E+00   0.0000000E+00   0.0000000E+00
   1.5565486E+03   5.0600000E+02   0.0000000E+00   0.0000000E+00   0.0000000E+00
   1.5565561E+03   5.9400000E+02   0.0000000E+00   0.0000000E+00   0.0000000E+00
   1.5565637E+03   5.8400000E+02   0.0000000E+00   0.0000000E+00   0.0000000E+00
   1.5565712E+03   5.9700000E+02   0.0000000E+00   0.0000000E+00   0.0000000E+00
   1.5565787E+03   5.6500000E+02   0.0000000E+00   0.0000000E+00   0.0000000E+00
   1.5565862E+03   6.0700000E+02   0.0000000E+00   0.0000000E+00   0.0000000E+00
   1.5565938E+03   5.6300000E+02   0.0000000E+00   0.0000000E+00   0.0000000E+00
   1.5566013E+03   5.3600000E+02   0.0000000E+00   0.0000000E+00   0.0000000E+00
   1.5566088E+03   5.7500000E+02   0.0000000E+00   0.0000000E+00   0.0000000E+00
   1.5566164E+03   5.7900000E+02   0.0000000E+00   0.0000000E+00   0.0000000E+00
   1.5566239E+03   5.9100000E+02   0.0000000E+00   0.0000000E+00   0.0000000E+00
   1.5566314E+03   5.6000000E+02   0.0000000E+00   0.0000000E+00   0.0000000E+00
   1.5566389E+03   5.7600000E+02   0.0000000E+00   0.0000000E+00   0.0000000E+00
   1.5566465E+03   5.5800000E+02   0.0000000E+00   0.0000000E+00   0.0000000E+00
   1.5566540E+03   5.4900000E+02   0.0000000E+00   0.0000000E+00   0.0000000E+00
   1.5566615E+03   6.1000000E+02   0.0000000E+00   0.0000000E+00   0.0000000E+00
   1.5566691E+03   5.5000000E+02   0.0000000E+00   0.0000000E+00   0.0000000E+00
   1.5566766E+03   6.2500000E+02   0.0000000E+00   0.0000000E+00   0.0000000E+00
   1.5566841E+03   5.8600000E+02   0.0000000E+00   0.0000000E+00   0.0000000E+00
   1.5566916E+03   5.7800000E+02   0.0000000E+00   0.0000000E+00   0.0000000E+00
   1.5566992E+03   5.3600000E+02   0.0000000E+00   0.0000000E+00   0.0000000E+00
   1.5567067E+03   5.6600000E+02   0.0000000E+00   0.0000000E+00   0.0000000E+00
   1.5567142E+03   5.6800000E+02   0.0000000E+00   0.0000000E+00   0.0000000E+00
   1.5567218E+03   5.8500000E+02   0.0000000E+00   0.0000000E+00   0.0000000E+00
   1.5567293E+03   5.7300000E+02   0.0000000E+00   0.0000000E+00   0.0000000E+00
   1.5567368E+03   5.8100000E+02   0.0000000E+00   0.0000000E+00   0.0000000E+00
   1.5567443E+03   5.6700000E+02   0.0000000E+00   0.0000000E+00   0.0000000E+00
   1.5567519E+03   5.5600000E+02   0.0000000E+00   0.0000000E+00   0.0000000E+00
   1.5567594E+03   5.7100000E+02   0.0000000E+00   0.0000000E+00   0.0000000E+00
   1.5567669E+03   5.8400000E+02   0.0000000E+00   0.0000000E+00   0.0000000E+00
   1.5567745E+03   5.9100000E+02   0.0000000E+00   0.0000000E+00   0.0000000E+00
   1.5567820E+03   5.6200000E+02   0.0000000E+00   0.0000000E+00   0.0000000E+00
   1.5567895E+03   5.7100000E+02   0.0000000E+00   0.0000000E+00   0.0000000E+00
   1.5567970E+03   5.6100000E+02   0.0000000E+00   0.0000000E+00   0.0000000E+00
   1.5568046E+03   6.0600000E+02   0.0000000E+00   0.0000000E+00   0.0000000E+00
   1.5568121E+03   5.7100000E+02   0.0000000E+00   0.0000000E+00   0.0000000E+00
   1.5568196E+03   5.7800000E+02   0.0000000E+00   0.0000000E+00   0.0000000E+00
   1.5568272E+03   5.4300000E+02   0.0000000E+00   0.0000000E+00   0.0000000E+00
   1.5568347E+03   6.0700000E+02   0.0000000E+00   0.0000000E+00   0.0000000E+00
   1.5568422E+03   5.5900000E+02   0.0000000E+00   0.0000000E+00   0.0000000E+00
   1.5568497E+03   5.8200000E+02   0.0000000E+00   0.0000000E+00   0.0000000E+00
   1.5568573E+03   5.8700000E+02   0.0000000E+00   0.0000000E+00   0.0000000E+00
   1.5568648E+03   5.6400000E+02   0.0000000E+00   0.0000000E+00   0.0000000E+00
   1.5568723E+03   5.6800000E+02   0.0000000E+00   0.0000000E+00   0.0000000E+00
   1.5568799E+03   6.1700000E+02   0.0000000E+00   0.0000000E+00   0.0000000E+00
   1.5568874E+03   5.8900000E+02   0.0000000E+00   0.0000000E+00   0.0000000E+00
   1.5568949E+03   5.8400000E+02   0.0000000E+00   0.0000000E+00   0.0000000E+00
   1.5569024E+03   5.7900000E+02   0.0000000E+00   0.0000000E+00   0.0000000E+00
   1.5569100E+03   5.6200000E+02   0.0000000E+00   0.0000000E+00   0.0000000E+00
   1.5569175E+03   5.6300000E+02   0.0000000E+00   0.0000000E+00   0.0000000E+00
   1.5569250E+03   5.9600000E+02   0.0000000E+00   0.0000000E+00   0.0000000E+00
   1.5569325E+03   5.4800000E+02   0.0000000E+00   0.0000000E+00   0.0000000E+00
   1.5569401E+03   5.9500000E+02   0.0000000E+00   0.0000000E+00   0.0000000E+00
   1.5569476E+03   5.8900000E+02   0.0000000E+00   0.0000000E+00   0.0000000E+00
   1.5569551E+03   5.6900000E+02   0.0000000E+00   0.0000000E+00   0.0000000E+00
   1.5569627E+03   5.6800000E+02   0.0000000E+00   0.0000000E+00   0.0000000E+00
   1.5569702E+03   5.5000000E+02   0.0000000E+00   0.0000000E+00   0.0000000E+00
   1.5569777E+03   5.5100000E+02   0.0000000E+00   0.0000000E+00   0.0000000E+00
   1.5569852E+03   5.4400000E+02   0.0000000E+00   0.0000000E+00   0.0000000E+00
   1.5569928E+03   5.9200000E+02   0.0000000E+00   0.0000000E+00   0.0000000E+00
   1.5570003E+03   5.7100000E+02   0.0000000E+00   0.0000000E+00   0.0000000E+00
   1.5570078E+03   5.6400000E+02   0.0000000E+00   0.0000000E+00   0.0000000E+00
   1.5570154E+03   5.8600000E+02   0.0000000E+00   0.0000000E+00   0.0000000E+00
   1.5570229E+03   5.6900000E+02   0.0000000E+00   0.0000000E+00   0.0000000E+00
   1.5570304E+03   5.5700000E+02   0.0000000E+00   0.0000000E+00   0.0000000E+00
   1.5570379E+03   5.1800000E+02   0.0000000E+00   0.0000000E+00   0.0000000E+00
   1.5570455E+03   6.0000000E+02   0.0000000E+00   0.0000000E+00   0.0000000E+00
   1.5570530E+03   5.8800000E+02   0.0000000E+00   0.0000000E+00   0.0000000E+00
   1.5570605E+03   5.7700000E+02   0.0000000E+00   0.0000000E+00   0.0000000E+00
   1.5570681E+03   5.1600000E+02   0.0000000E+00   0.0000000E+00   0.0000000E+00
   1.5570756E+03   6.0400000E+02   0.0000000E+00   0.0000000E+00   0.0000000E+00
   1.5570831E+03   6.2100000E+02   0.0000000E+00   0.0000000E+00   0.0000000E+00
   1.5570906E+03   5.7700000E+02   0.0000000E+00   0.0000000E+00   0.0000000E+00
   1.5570982E+03   5.3400000E+02   0.0000000E+00   0.0000000E+00   0.0000000E+00
   1.5571057E+03   5.6700000E+02   0.0000000E+00   0.0000000E+00   0.0000000E+00
   1.5571132E+03   5.6700000E+02   0.0000000E+00   0.0000000E+00   0.0000000E+00
   1.5571208E+03   5.7100000E+02   0.0000000E+00   0.0000000E+00   0.0000000E+00
   1.5571283E+03   5.8000000E+02   0.0000000E+00   0.0000000E+00   0.0000000E+00
   1.5571358E+03   5.8700000E+02   0.0000000E+00   0.0000000E+00   0.0000000E+00
   1.5571433E+03   5.1200000E+02   0.0000000E+00   0.0000000E+00   0.0000000E+00
   1.5571509E+03   5.5600000E+02   0.0000000E+00   0.0000000E+00   0.0000000E+00
   1.5571584E+03   5.2600000E+02   0.0000000E+00   0.0000000E+00   0.0000000E+00
   1.5571659E+03   5.7700000E+02   0.0000000E+00   0.0000000E+00   0.0000000E+00
   1.5571735E+03   6.0100000E+02   0.0000000E+00   0.0000000E+00   0.0000000E+00
   1.5571810E+03   5.6200000E+02   0.0000000E+00   0.0000000E+00   0.0000000E+00
   1.5571885E+03   5.8100000E+02   0.0000000E+00   0.0000000E+00   0.0000000E+00
   1.5571960E+03   5.8200000E+02   0.0000000E+00   0.0000000E+00   0.0000000E+00
   1.5572036E+03   5.4400000E+02   0.0000000E+00   0.0000000E+00   0.0000000E+00
   1.5572111E+03   5.4200000E+02   0.0000000E+00   0.0000000E+00   0.0000000E+00
   1.5572186E+03   5.3900000E+02   0.0000000E+00   0.0000000E+00   0.0000000E+00
   1.5572262E+03   5.9100000E+02   0.0000000E+00   0.0000000E+00   0.0000000E+00
   1.5572337E+03   5.6900000E+02   0.0000000E+00   0.0000000E+00   0.0000000E+00
   1.5572412E+03   5.5600000E+02   0.0000000E+00   0.0000000E+00   0.0000000E+00
   1.5572487E+03   6.0000000E+02   0.0000000E+00   0.0000000E+00   0.0000000E+00
   1.5572563E+03   5.8700000E+02   0.0000000E+00   0.0000000E+00   0.0000000E+00
   1.5572638E+03   5.8300000E+02   0.0000000E+00   0.0000000E+00   0.0000000E+00
   1.5572713E+03   5.5200000E+02   0.0000000E+00   0.0000000E+00   0.0000000E+00
   1.5572789E+03   6.0400000E+02   0.0000000E+00   0.0000000E+00   0.0000000E+00
   1.5572864E+03   5.7400000E+02   0.0000000E+00   0.0000000E+00   0.0000000E+00
   1.5572939E+03   6.0400000E+02   0.0000000E+00   0.0000000E+00   0.0000000E+00
   1.5573014E+03   6.1600000E+02   0.0000000E+00   0.0000000E+00   0.0000000E+00
   1.5573090E+03   6.0300000E+02   0.0000000E+00   0.0000000E+00   0.0000000E+00
   1.5573165E+03   6.3900000E+02   0.0000000E+00   0.0000000E+00   0.0000000E+00
   1.5573240E+03   5.5600000E+02   0.0000000E+00   0.0000000E+00   0.0000000E+00
   1.5573316E+03   5.7700000E+02   0.0000000E+00   0.0000000E+00   0.0000000E+00
   1.5573391E+03   6.0300000E+02   0.0000000E+00   0.0000000E+00   0.0000000E+00
   1.5573466E+03   6.1900000E+02   0.0000000E+00   0.0000000E+00   0.0000000E+00
   1.5573541E+03   5.7700000E+02   0.0000000E+00   0.0000000E+00   0.0000000E+00
   1.5573617E+03   5.2500000E+02   0.0000000E+00   0.0000000E+00   0.0000000E+00
   1.5573692E+03   5.7700000E+02   0.0000000E+00   0.0000000E+00   0.0000000E+00
   1.5573767E+03   5.7700000E+02   0.0000000E+00   0.0000000E+00   0.0000000E+00
   1.5573842E+03   5.4900000E+02   0.0000000E+00   0.0000000E+00   0.0000000E+00
   1.5573918E+03   5.5900000E+02   0.0000000E+00   0.0000000E+00   0.0000000E+00
   1.5573993E+03   6.0600000E+02   0.0000000E+00   0.0000000E+00   0.0000000E+00
   1.5574068E+03   6.1100000E+02   0.0000000E+00   0.0000000E+00   0.0000000E+00
   1.5574144E+03   5.5300000E+02   0.0000000E+00   0.0000000E+00   0.0000000E+00
   1.5574219E+03   5.9900000E+02   0.0000000E+00   0.0000000E+00   0.0000000E+00
   1.5574294E+03   5.5100000E+02   0.0000000E+00   0.0000000E+00   0.0000000E+00
   1.5574369E+03   5.8000000E+02   0.0000000E+00   0.0000000E+00   0.0000000E+00
   1.5574445E+03   6.1100000E+02   1.0000000E+00   1.0577541E-03   6.4628777E-01
   1.5574520E+03   5.4600000E+02   0.0000000E+00   0.0000000E+00   0.0000000E+00
   1.5574595E+03   5.7700000E+02   0.0000000E+00   0.0000000E+00   0.0000000E+00
   1.5574671E+03   5.9700000E+02   0.0000000E+00   0.0000000E+00   0.0000000E+00
   1.5574746E+03   5.3700000E+02   0.0000000E+00   0.0000000E+00   0.0000000E+00
   1.5574821E+03   5.4900000E+02   0.0000000E+00   0.0000000E+00   0.0000000E+00
   1.5574896E+03   5.8700000E+02   0.0000000E+00   0.0000000E+00   0.0000000E+00
   1.5574972E+03   6.1700000E+02   0.0000000E+00   0.0000000E+00   0.0000000E+00
   1.5575047E+03   5.7100000E+02   0.0000000E+00   0.0000000E+00   0.0000000E+00
   1.5575122E+03   5.7300000E+02   0.0000000E+00   0.0000000E+00   0.0000000E+00
   1.5575198E+03   5.9000000E+02   0.0000000E+00   0.0000000E+00   0.0000000E+00
   1.5575273E+03   5.3000000E+02   0.0000000E+00   0.0000000E+00   0.0000000E+00
   1.5575348E+03   5.9900000E+02   0.0000000E+00   0.0000000E+00   0.0000000E+00
   1.5575423E+03   5.6600000E+02   0.0000000E+00   0.0000000E+00   0.0000000E+00
   1.5575499E+03   6.0000000E+02   0.0000000E+00   0.0000000E+00   0.0000000E+00
   1.5575574E+03   5.6900000E+02   0.0000000E+00   0.0000000E+00   0.0000000E+00
   1.5575649E+03   5.7600000E+02   0.0000000E+00   0.0000000E+00   0.0000000E+00
   1.5575725E+03   6.0300000E+02   0.0000000E+00   0.0000000E+00   0.0000000E+00
   1.5575800E+03   5.9000000E+02   0.0000000E+00   0.0000000E+00   0.0000000E+00
   1.5575875E+03   5.6500000E+02   0.0000000E+00   0.0000000E+00   0.0000000E+00
   1.5575950E+03   5.8800000E+02   0.0000000E+00   0.0000000E+00   0.0000000E+00
   1.5576026E+03   5.4100000E+02   0.0000000E+00   0.0000000E+00   0.0000000E+00
   1.5576101E+03   5.2200000E+02   0.0000000E+00   0.0000000E+00   0.0000000E+00
   1.5576176E+03   5.3000000E+02   0.0000000E+00   0.0000000E+00   0.0000000E+00
   1.5576252E+03   5.7700000E+02   0.0000000E+00   0.0000000E+00   0.0000000E+00
   1.5576327E+03   5.5900000E+02   0.0000000E+00   0.0000000E+00   0.0000000E+00
   1.5576402E+03   6.3800000E+02   0.0000000E+00   0.0000000E+00   0.0000000E+00
   1.5576477E+03   5.7300000E+02   0.0000000E+00   0.0000000E+00   0.0000000E+00
   1.5576553E+03   5.5700000E+02   0.0000000E+00   0.0000000E+00   0.0000000E+00
   1.5576628E+03   5.6000000E+02   0.0000000E+00   0.0000000E+00   0.0000000E+00
   1.5576703E+03   5.5500000E+02   0.0000000E+00   0.0000000E+00   0.0000000E+00
   1.5576779E+03   5.5700000E+02   0.0000000E+00   0.0000000E+00   0.0000000E+00
   1.5576854E+03   5.7500000E+02   0.0000000E+00   0.0000000E+00   0.0000000E+00
   1.5576929E+03   5.7000000E+02   0.0000000E+00   0.0000000E+00   0.0000000E+00
   1.5577004E+03   5.8300000E+02   0.0000000E+00   0.0000000E+00   0.0000000E+00
   1.5577080E+03   5.4000000E+02   0.0000000E+00   0.0000000E+00   0.0000000E+00
   1.5577155E+03   5.5100000E+02   0.0000000E+00   0.0000000E+00   0.0000000E+00
   1.5577230E+03   5.9900000E+02   0.0000000E+00   0.0000000E+00   0.0000000E+00
   1.5577306E+03   5.5100000E+02   0.0000000E+00   0.0000000E+00   0.0000000E+00
   1.5577381E+03   5.8500000E+02   0.0000000E+00   0.0000000E+00   0.0000000E+00
   1.5577456E+03   5.5100000E+02   0.0000000E+00   0.0000000E+00   0.0000000E+00
   1.5577531E+03   5.8200000E+02   0.0000000E+00   0.0000000E+00   0.0000000E+00
   1.5577607E+03   5.7000000E+02   0.0000000E+00   0.0000000E+00   0.0000000E+00
   1.5577682E+03   5.4300000E+02   0.0000000E+00   0.0000000E+00   0.0000000E+00
   1.5577757E+03   5.7300000E+02   0.0000000E+00   0.0000000E+00   0.0000000E+00
   1.5577833E+03   5.8600000E+02   0.0000000E+00   0.0000000E+00   0.0000000E+00
   1.5577908E+03   5.9600000E+02   0.0000000E+00   0.0000000E+00   0.0000000E+00
   1.5577983E+03   5.7100000E+02   0.0000000E+00   0.0000000E+00   0.0000000E+00
   1.5578058E+03   5.7800000E+02   0.0000000E+00   0.0000000E+00   0.0000000E+00
   1.5578134E+03   5.5700000E+02   0.0000000E+00   0.0000000E+00   0.0000000E+00
   1.5578209E+03   5.9800000E+02   0.0000000E+00   0.0000000E+00   0.0000000E+00
   1.5578284E+03   5.9900000E+02   0.0000000E+00   0.0000000E+00   0.0000000E+00
   1.5578359E+03   5.6500000E+02   0.0000000E+00   0.0000000E+00   0.0000000E+00
   1.5578435E+03   5.6900000E+02   0.0000000E+00   0.0000000E+00   0.0000000E+00
   1.5578510E+03   5.4500000E+02   0.0000000E+00   0.0000000E+00   0.0000000E+00
   1.5578585E+03   5.8100000E+02   0.0000000E+00   0.0000000E+00   0.0000000E+00
   1.5578661E+03   5.4400000E+02   0.0000000E+00   0.0000000E+00   0.0000000E+00
   1.5578736E+03   5.7900000E+02   0.0000000E+00   0.0000000E+00   0.0000000E+00
   1.5578811E+03   5.6700000E+02   0.0000000E+00   0.0000000E+00   0.0000000E+00
   1.5578886E+03   5.5400000E+02   0.0000000E+00   0.0000000E+00   0.0000000E+00
   1.5578962E+03   6.1400000E+02   0.0000000E+00   0.0000000E+00   0.0000000E+00
   1.5579037E+03   5.4300000E+02   0.0000000E+00   0.0000000E+00   0.0000000E+00
   1.5579112E+03   5.6100000E+02   0.0000000E+00   0.0000000E+00   0.0000000E+00
   1.5579188E+03   6.0200000E+02   0.0000000E+00   0.0000000E+00   0.0000000E+00
   1.5579263E+03   5.8900000E+02   0.0000000E+00   0.0000000E+00   0.0000000E+00
   1.5579338E+03   6.0800000E+02   0.0000000E+00   0.0000000E+00   0.0000000E+00
   1.5579413E+03   5.8200000E+02   0.0000000E+00   0.0000000E+00   0.0000000E+00
   1.5579489E+03   5.1600000E+02   0.0000000E+00   0.0000000E+00   0.0000000E+00
   1.5579564E+03   5.4500000E+02   0.0000000E+00   0.0000000E+00   0.0000000E+00
   1.5579639E+03   6.0300000E+02   0.0000000E+00   0.0000000E+00   0.0000000E+00
   1.5579715E+03   5.7400000E+02   0.0000000E+00   0.0000000E+00   0.0000000E+00
   1.5579790E+03   6.5000000E+02   0.0000000E+00   0.0000000E+00   0.0000000E+00
   1.5579865E+03   5.4400000E+02   0.0000000E+00   0.0000000E+00   0.0000000E+00
   1.5579940E+03   5.8500000E+02   0.0000000E+00   0.0000000E+00   0.0000000E+00
   1.5580016E+03   5.5400000E+02   0.0000000E+00   0.0000000E+00   0.0000000E+00
   1.5580091E+03   5.5000000E+02   0.0000000E+00   0.0000000E+00   0.0000000E+00
   1.5580166E+03   5.4600000E+02   0.0000000E+00   0.0000000E+00   0.0000000E+00
   1.5580242E+03   5.7900000E+02   0.0000000E+00   0.0000000E+00   0.0000000E+00
   1.5580317E+03   5.7400000E+02   0.0000000E+00   0.0000000E+00   0.0000000E+00
   1.5580392E+03   5.7100000E+02   0.0000000E+00   0.0000000E+00   0.0000000E+00
   1.5580467E+03   5.5900000E+02   0.0000000E+00   0.0000000E+00   0.0000000E+00
   1.5580543E+03   5.7000000E+02   0.0000000E+00   0.0000000E+00   0.0000000E+00
   1.5580618E+03   5.8000000E+02   0.0000000E+00   0.0000000E+00   0.0000000E+00
   1.5580693E+03   5.5500000E+02   0.0000000E+00   0.0000000E+00   0.0000000E+00
   1.5580769E+03   5.9200000E+02   0.0000000E+00   0.0000000E+00   0.0000000E+00
   1.5580844E+03   5.9400000E+02   0.0000000E+00   0.0000000E+00   0.0000000E+00
   1.5580919E+03   5.6600000E+02   0.0000000E+00   0.0000000E+00   0.0000000E+00
   1.5580994E+03   6.0100000E+02   0.0000000E+00   0.0000000E+00   0.0000000E+00
   1.5581070E+03   5.8500000E+02   0.0000000E+00   0.0000000E+00   0.0000000E+00
   1.5581145E+03   6.0200000E+02   0.0000000E+00   0.0000000E+00   0.0000000E+00
   1.5581220E+03   5.6700000E+02   0.0000000E+00   0.0000000E+00   0.0000000E+00
   1.5581296E+03   5.8100000E+02   0.0000000E+00   0.0000000E+00   0.0000000E+00
   1.5581371E+03   5.6900000E+02   0.0000000E+00   0.0000000E+00   0.0000000E+00
   1.5581446E+03   5.8700000E+02   0.0000000E+00   0.0000000E+00   0.0000000E+00
   1.5581521E+03   6.0200000E+02   0.0000000E+00   0.0000000E+00   0.0000000E+00
   1.5581597E+03   5.6700000E+02   0.0000000E+00   0.0000000E+00   0.0000000E+00
   1.5581672E+03   5.8300000E+02   0.0000000E+00   0.0000000E+00   0.0000000E+00
   1.5581747E+03   5.7100000E+02   0.0000000E+00   0.0000000E+00   0.0000000E+00
   1.5581823E+03   5.4900000E+02   0.0000000E+00   0.0000000E+00   0.0000000E+00
   1.5581898E+03   5.7600000E+02   0.0000000E+00   0.0000000E+00   0.0000000E+00
   1.5581973E+03   5.7600000E+02   0.0000000E+00   0.0000000E+00   0.0000000E+00
   1.5582048E+03   5.6000000E+02   0.0000000E+00   0.0000000E+00   0.0000000E+00
   1.5582124E+03   5.4000000E+02   0.0000000E+00   0.0000000E+00   0.0000000E+00
   1.5582199E+03   5.7300000E+02   0.0000000E+00   0.0000000E+00   0.0000000E+00
   1.5582274E+03   5.7700000E+02   0.0000000E+00   0.0000000E+00   0.0000000E+00
   1.5582350E+03   6.2300000E+02   0.0000000E+00   0.0000000E+00   0.0000000E+00
   1.5582425E+03   5.7600000E+02   0.0000000E+00   0.0000000E+00   0.0000000E+00
   1.5582500E+03   5.5400000E+02   0.0000000E+00   0.0000000E+00   0.0000000E+00
   1.5582575E+03   5.8400000E+02   0.0000000E+00   0.0000000E+00   0.0000000E+00
   1.5582651E+03   5.8100000E+02   0.0000000E+00   0.0000000E+00   0.0000000E+00
   1.5582726E+03   6.1000000E+02   0.0000000E+00   0.0000000E+00   0.0000000E+00
   1.5582801E+03   5.8800000E+02   0.0000000E+00   0.0000000E+00   0.0000000E+00
   1.5582876E+03   5.8800000E+02   0.0000000E+00   0.0000000E+00   0.0000000E+00
   1.5582952E+03   5.9100000E+02   0.0000000E+00   0.0000000E+00   0.0000000E+00
   1.5583027E+03   5.6300000E+02   0.0000000E+00   0.0000000E+00   0.0000000E+00
   1.5583102E+03   5.8000000E+02   0.0000000E+00   0.0000000E+00   0.0000000E+00
   1.5583178E+03   5.8100000E+02   0.0000000E+00   0.0000000E+00   0.0000000E+00
   1.5583253E+03   5.4800000E+02   0.0000000E+00   0.0000000E+00   0.0000000E+00
   1.5583328E+03   5.7800000E+02   0.0000000E+00   0.0000000E+00   0.0000000E+00
   1.5583403E+03   5.7300000E+02   0.0000000E+00   0.0000000E+00   0.0000000E+00
   1.5583479E+03   6.0700000E+02   0.0000000E+00   0.0000000E+00   0.0000000E+00
   1.5583554E+03   5.1400000E+02   0.0000000E+00   0.0000000E+00   0.0000000E+00
   1.5583629E+03   5.3900000E+02   0.0000000E+00   0.0000000E+00   0.0000000E+00
   1.5583705E+03   5.8600000E+02   0.0000000E+00   0.0000000E+00   0.0000000E+00
   1.5583780E+03   5.5000000E+02   0.0000000E+00   0.0000000E+00   0.0000000E+00
   1.5583855E+03   5.5800000E+02   0.0000000E+00   0.0000000E+00   0.0000000E+00
   1.5583930E+03   5.7300000E+02   0.0000000E+00   0.0000000E+00   0.0000000E+00
   1.5584006E+03   5.7300000E+02   0.0000000E+00   0.0000000E+00   0.0000000E+00
   1.5584081E+03   5.6600000E+02   0.0000000E+00   0.0000000E+00   0.0000000E+00
   1.5584156E+03   5.6300000E+02   0.0000000E+00   0.0000000E+00   0.0000000E+00
   1.5584232E+03   5.9900000E+02   0.0000000E+00   0.0000000E+00   0.0000000E+00
   1.5584307E+03   5.7600000E+02   0.0000000E+00   0.0000000E+00   0.0000000E+00
   1.5584382E+03   5.8200000E+02   0.0000000E+00   0.0000000E+00   0.0000000E+00
   1.5584457E+03   5.5900000E+02   0.0000000E+00   0.0000000E+00   0.0000000E+00
   1.5584533E+03   6.0600000E+02   0.0000000E+00   0.0000000E+00   0.0000000E+00
   1.5584608E+03   6.1700000E+02   0.0000000E+00   0.0000000E+00   0.0000000E+00
   1.5584683E+03   5.4500000E+02   0.0000000E+00   0.0000000E+00   0.0000000E+00
   1.5584759E+03   5.8200000E+02   0.0000000E+00   0.0000000E+00   0.0000000E+00
   1.5584834E+03   5.5700000E+02   1.0000000E+00   6.4562149E-04   3.5961117E-01
   1.5584909E+03   5.7200000E+02   0.0000000E+00   0.0000000E+00   0.0000000E+00
   1.5584984E+03   5.5600000E+02   0.0000000E+00   0.0000000E+00   0.0000000E+00
   1.5585060E+03   6.0700000E+02   0.0000000E+00   0.0000000E+00   0.0000000E+00
   1.5585135E+03   6.0300000E+02   0.0000000E+00   0.0000000E+00   0.0000000E+00
   1.5585210E+03   5.8200000E+02   0.0000000E+00   0.0000000E+00   0.0000000E+00
   1.5585286E+03   5.8900000E+02   0.0000000E+00   0.0000000E+00   0.0000000E+00
   1.5585361E+03   5.6000000E+02   0.0000000E+00   0.0000000E+00   0.0000000E+00
   1.5585436E+03   5.5500000E+02   0.0000000E+00   0.0000000E+00   0.0000000E+00
   1.5585511E+03   5.5800000E+02   0.0000000E+00   0.0000000E+00   0.0000000E+00
   1.5585587E+03   6.5000000E+02   0.0000000E+00   0.0000000E+00   0.0000000E+00
   1.5585662E+03   5.2700000E+02   0.0000000E+00   0.0000000E+00   0.0000000E+00
   1.5585737E+03   5.7300000E+02   0.0000000E+00   0.0000000E+00   0.0000000E+00
   1.5585813E+03   5.5300000E+02   0.0000000E+00   0.0000000E+00   0.0000000E+00
   1.5585888E+03   5.8700000E+02   0.0000000E+00   0.0000000E+00   0.0000000E+00
   1.5585963E+03   5.6000000E+02   1.0000000E+00   2.1942593E-04   1.2287852E-01
   1.5586038E+03   5.5300000E+02   0.0000000E+00   0.0000000E+00   0.0000000E+00
   1.5586114E+03   6.0300000E+02   0.0000000E+00   0.0000000E+00   0.0000000E+00
   1.5586189E+03   5.4600000E+02   0.0000000E+00   0.0000000E+00   0.0000000E+00
   1.5586264E+03   5.7200000E+02   0.0000000E+00   0.0000000E+00   0.0000000E+00
   1.5586340E+03   5.6300000E+02   0.0000000E+00   0.0000000E+00   0.0000000E+00
   1.5586415E+03   5.7400000E+02   0.0000000E+00   0.0000000E+00   0.0000000E+00
   1.5586490E+03   5.8200000E+02   0.0000000E+00   0.0000000E+00   0.0000000E+00
   1.5586565E+03   5.7400000E+02   0.0000000E+00   0.0000000E+00   0.0000000E+00
   1.5586641E+03   6.0100000E+02   0.0000000E+00   0.0000000E+00   0.0000000E+00
   1.5586716E+03   5.7000000E+02   0.0000000E+00   0.0000000E+00   0.0000000E+00
   1.5586791E+03   5.8900000E+02   0.0000000E+00   0.0000000E+00   0.0000000E+00
   1.5586867E+03   5.6800000E+02   0.0000000E+00   0.0000000E+00   0.0000000E+00
   1.5586942E+03   5.7300000E+02   0.0000000E+00   0.0000000E+00   0.0000000E+00
   1.5587017E+03   5.5500000E+02   0.0000000E+00   0.0000000E+00   0.0000000E+00
   1.5587092E+03   5.3400000E+02   0.0000000E+00   0.0000000E+00   0.0000000E+00
   1.5587168E+03   5.6000000E+02   0.0000000E+00   0.0000000E+00   0.0000000E+00
   1.5587243E+03   6.1500000E+02   0.0000000E+00   0.0000000E+00   0.0000000E+00
   1.5587318E+03   5.8200000E+02   0.0000000E+00   0.0000000E+00   0.0000000E+00
   1.5587393E+03   5.4100000E+02   0.0000000E+00   0.0000000E+00   0.0000000E+00
   1.5587469E+03   5.6600000E+02   0.0000000E+00   0.0000000E+00   0.0000000E+00
   1.5587544E+03   5.5700000E+02   0.0000000E+00   0.0000000E+00   0.0000000E+00
   1.5587619E+03   5.7700000E+02   0.0000000E+00   0.0000000E+00   0.0000000E+00
   1.5587695E+03   5.8900000E+02   0.0000000E+00   0.0000000E+00   0.0000000E+00
   1.5587770E+03   6.0600000E+02   0.0000000E+00   0.0000000E+00   0.0000000E+00
   1.5587845E+03   5.6500000E+02   0.0000000E+00   0.0000000E+00   0.0000000E+00
   1.5587920E+03   5.8000000E+02   0.0000000E+00   0.0000000E+00   0.0000000E+00
   1.5587996E+03   5.6200000E+02   0.0000000E+00   0.0000000E+00   0.0000000E+00
   1.5588071E+03   5.8400000E+02   0.0000000E+00   0.0000000E+00   0.0000000E+00
   1.5588146E+03   5.8800000E+02   0.0000000E+00   0.0000000E+00   0.0000000E+00
   1.5588222E+03   5.6400000E+02   0.0000000E+00   0.0000000E+00   0.0000000E+00
   1.5588297E+03   5.5600000E+02   0.0000000E+00   0.0000000E+00   0.0000000E+00
   1.5588372E+03   5.8900000E+02   0.0000000E+00   0.0000000E+00   0.0000000E+00
   1.5588447E+03   5.3700000E+02   0.0000000E+00   0.0000000E+00   0.0000000E+00
   1.5588523E+03   5.8300000E+02   0.0000000E+00   0.0000000E+00   0.0000000E+00
   1.5588598E+03   5.9100000E+02   0.0000000E+00   0.0000000E+00   0.0000000E+00
   1.5588673E+03   5.9700000E+02   0.0000000E+00   0.0000000E+00   0.0000000E+00
   1.5588749E+03   5.8700000E+02   0.0000000E+00   0.0000000E+00   0.0000000E+00
   1.5588824E+03   5.7100000E+02   0.0000000E+00   0.0000000E+00   0.0000000E+00
   1.5588899E+03   5.7700000E+02   0.0000000E+00   0.0000000E+00   0.0000000E+00
   1.5588974E+03   5.5700000E+02   0.0000000E+00   0.0000000E+00   0.0000000E+00
   1.5589050E+03   5.8500000E+02   0.0000000E+00   0.0000000E+00   0.0000000E+00
   1.5589125E+03   5.7400000E+02   0.0000000E+00   0.0000000E+00   0.0000000E+00
   1.5589200E+03   5.8000000E+02   0.0000000E+00   0.0000000E+00   0.0000000E+00
   1.5589276E+03   5.4400000E+02   0.0000000E+00   0.0000000E+00   0.0000000E+00
   1.5589351E+03   6.1300000E+02   0.0000000E+00   0.0000000E+00   0.0000000E+00
   1.5589426E+03   5.6700000E+02   0.0000000E+00   0.0000000E+00   0.0000000E+00
   1.5589501E+03   5.6900000E+02   0.0000000E+00   0.0000000E+00   0.0000000E+00
   1.5589577E+03   5.5600000E+02   0.0000000E+00   0.0000000E+00   0.0000000E+00
   1.5589652E+03   5.3100000E+02   0.0000000E+00   0.0000000E+00   0.0000000E+00
   1.5589727E+03   5.7400000E+02   0.0000000E+00   0.0000000E+00   0.0000000E+00
   1.5589803E+03   5.6000000E+02   0.0000000E+00   0.0000000E+00   0.0000000E+00
   1.5589878E+03   5.7200000E+02   0.0000000E+00   0.0000000E+00   0.0000000E+00
   1.5589953E+03   5.8900000E+02   0.0000000E+00   0.0000000E+00   0.0000000E+00
   1.5590028E+03   5.8300000E+02   0.0000000E+00   0.0000000E+00   0.0000000E+00
   1.5590104E+03   5.8000000E+02   0.0000000E+00   0.0000000E+00   0.0000000E+00
   1.5590179E+03   6.2500000E+02   0.0000000E+00   0.0000000E+00   0.0000000E+00
   1.5590254E+03   5.3900000E+02   0.0000000E+00   0.0000000E+00   0.0000000E+00
   1.5590330E+03   5.9200000E+02   0.0000000E+00   0.0000000E+00   0.0000000E+00
   1.5590405E+03   5.7400000E+02   0.0000000E+00   0.0000000E+00   0.0000000E+00
   1.5590480E+03   5.5900000E+02   0.0000000E+00   0.0000000E+00   0.0000000E+00
   1.5590555E+03   5.7300000E+02   0.0000000E+00   0.0000000E+00   0.0000000E+00
   1.5590631E+03   5.8100000E+02   0.0000000E+00   0.0000000E+00   0.0000000E+00
   1.5590706E+03   5.6100000E+02   0.0000000E+00   0.0000000E+00   0.0000000E+00
   1.5590781E+03   5.3500000E+02   0.0000000E+00   0.0000000E+00   0.0000000E+00
   1.5590857E+03   5.8700000E+02   0.0000000E+00   0.0000000E+00   0.0000000E+00
   1.5590932E+03   5.6900000E+02   0.0000000E+00   0.0000000E+00   0.0000000E+00
   1.5591007E+03   5.1900000E+02   0.0000000E+00   0.0000000E+00   0.0000000E+00
   1.5591082E+03   5.9400000E+02   0.0000000E+00   0.0000000E+00   0.0000000E+00
   1.5591158E+03   6.0800000E+02   0.0000000E+00   0.0000000E+00   0.0000000E+00
   1.5591233E+03   5.8900000E+02   0.0000000E+00   0.0000000E+00   0.0000000E+00
   1.5591308E+03   5.3400000E+02   0.0000000E+00   0.0000000E+00   0.0000000E+00
   1.5591384E+03   5.1900000E+02   0.0000000E+00   0.0000000E+00   0.0000000E+00
   1.5591459E+03   5.8200000E+02   0.0000000E+00   0.0000000E+00   0.0000000E+00
   1.5591534E+03   5.3500000E+02   0.0000000E+00   0.0000000E+00   0.0000000E+00
   1.5591609E+03   5.6400000E+02   0.0000000E+00   0.0000000E+00   0.0000000E+00
   1.5591685E+03   5.6800000E+02   0.0000000E+00   0.0000000E+00   0.0000000E+00
   1.5591760E+03   5.7800000E+02   0.0000000E+00   0.0000000E+00   0.0000000E+00
   1.5591835E+03   5.7700000E+02   0.0000000E+00   0.0000000E+00   0.0000000E+00
   1.5591910E+03   5.9700000E+02   0.0000000E+00   0.0000000E+00   0.0000000E+00
   1.5591986E+03   5.8600000E+02   0.0000000E+00   0.0000000E+00   0.0000000E+00
   1.5592061E+03   5.4700000E+02   0.0000000E+00   0.0000000E+00   0.0000000E+00
   1.5592136E+03   5.8000000E+02   0.0000000E+00   0.0000000E+00   0.0000000E+00
   1.5592212E+03   5.6800000E+02   0.0000000E+00   0.0000000E+00   0.0000000E+00
   1.5592287E+03   5.8200000E+02   0.0000000E+00   0.0000000E+00   0.0000000E+00
   1.5592362E+03   5.7300000E+02   0.0000000E+00   0.0000000E+00   0.0000000E+00
   1.5592437E+03   5.7200000E+02   0.0000000E+00   0.0000000E+00   0.0000000E+00
   1.5592513E+03   5.4600000E+02   0.0000000E+00   0.0000000E+00   0.0000000E+00
   1.5592588E+03   5.7100000E+02   0.0000000E+00   0.0000000E+00   0.0000000E+00
   1.5592663E+03   5.7500000E+02   0.0000000E+00   0.0000000E+00   0.0000000E+00
   1.5592739E+03   5.7700000E+02   0.0000000E+00   0.0000000E+00   0.0000000E+00
   1.5592814E+03   5.7700000E+02   0.0000000E+00   0.0000000E+00   0.0000000E+00
   1.5592889E+03   5.7900000E+02   0.0000000E+00   0.0000000E+00   0.0000000E+00
   1.5592964E+03   5.7700000E+02   0.0000000E+00   0.0000000E+00   0.0000000E+00
   1.5593040E+03   5.5200000E+02   0.0000000E+00   0.0000000E+00   0.0000000E+00
   1.5593115E+03   6.0800000E+02   0.0000000E+00   0.0000000E+00   0.0000000E+00
   1.5593190E+03   5.5600000E+02   0.0000000E+00   0.0000000E+00   0.0000000E+00
   1.5593266E+03   5.7800000E+02   0.0000000E+00   0.0000000E+00   0.0000000E+00
   1.5593341E+03   5.8300000E+02   0.0000000E+00   0.0000000E+00   0.0000000E+00
   1.5593416E+03   5.6200000E+02   0.0000000E+00   0.0000000E+00   0.0000000E+00
   1.5593491E+03   5.7700000E+02   0.0000000E+00   0.0000000E+00   0.0000000E+00
   1.5593567E+03   5.4700000E+02   0.0000000E+00   0.0000000E+00   0.0000000E+00
   1.5593642E+03   5.7800000E+02   0.0000000E+00   0.0000000E+00   0.0000000E+00
   1.5593717E+03   5.7200000E+02   0.0000000E+00   0.0000000E+00   0.0000000E+00
   1.5593793E+03   5.7100000E+02   0.0000000E+00   0.0000000E+00   0.0000000E+00
   1.5593868E+03   5.8500000E+02   0.0000000E+00   0.0000000E+00   0.0000000E+00
   1.5593943E+03   5.0200000E+02   0.0000000E+00   0.0000000E+00   0.0000000E+00
   1.5594018E+03   5.4500000E+02   0.0000000E+00   0.0000000E+00   0.0000000E+00
   1.5594094E+03   5.7400000E+02   0.0000000E+00   0.0000000E+00   0.0000000E+00
   1.5594169E+03   5.8900000E+02   0.0000000E+00   0.0000000E+00   0.0000000E+00
   1.5594244E+03   5.1400000E+02   0.0000000E+00   0.0000000E+00   0.0000000E+00
   1.5594320E+03   5.7300000E+02   0.0000000E+00   0.0000000E+00   0.0000000E+00
   1.5594395E+03   5.6500000E+02   0.0000000E+00   0.0000000E+00   0.0000000E+00
   1.5594470E+03   5.7200000E+02   0.0000000E+00   0.0000000E+00   0.0000000E+00
   1.5594545E+03   5.9000000E+02   0.0000000E+00   0.0000000E+00   0.0000000E+00
   1.5594621E+03   5.7600000E+02   0.0000000E+00   0.0000000E+00   0.0000000E+00
   1.5594696E+03   5.9900000E+02   0.0000000E+00   0.0000000E+00   0.0000000E+00
   1.5594771E+03   5.8700000E+02   0.0000000E+00   0.0000000E+00   0.0000000E+00
   1.5594847E+03   5.6500000E+02   0.0000000E+00   0.0000000E+00   0.0000000E+00
   1.5594922E+03   5.6200000E+02   0.0000000E+00   0.0000000E+00   0.0000000E+00
   1.5594997E+03   5.7800000E+02   0.0000000E+00   0.0000000E+00   0.0000000E+00
   1.5595072E+03   5.6300000E+02   0.0000000E+00   0.0000000E+00   0.0000000E+00
   1.5595148E+03   5.3900000E+02   0.0000000E+00   0.0000000E+00   0.0000000E+00
   1.5595223E+03   6.0700000E+02   0.0000000E+00   0.0000000E+00   0.0000000E+00
   1.5595298E+03   5.0100000E+02   0.0000000E+00   0.0000000E+00   0.0000000E+00
   1.5595374E+03   5.4700000E+02   0.0000000E+00   0.0000000E+00   0.0000000E+00
   1.5595449E+03   5.6600000E+02   0.0000000E+00   0.0000000E+00   0.0000000E+00
   1.5595524E+03   5.6300000E+02   0.0000000E+00   0.0000000E+00   0.0000000E+00
   1.5595599E+03   5.6700000E+02   0.0000000E+00   0.0000000E+00   0.0000000E+00
   1.5595675E+03   6.3100000E+02   0.0000000E+00   0.0000000E+00   0.0000000E+00
   1.5595750E+03   5.9500000E+02   0.0000000E+00   0.0000000E+00   0.0000000E+00
   1.5595825E+03   5.6800000E+02   0.0000000E+00   0.0000000E+00   0.0000000E+00
   1.5595901E+03   5.4700000E+02   0.0000000E+00   0.0000000E+00   0.0000000E+00
   1.5595976E+03   6.1400000E+02   0.0000000E+00   0.0000000E+00   0.0000000E+00
   1.5596051E+03   5.4200000E+02   0.0000000E+00   0.0000000E+00   0.0000000E+00
   1.5596126E+03   5.6600000E+02   0.0000000E+00   0.0000000E+00   0.0000000E+00
   1.5596202E+03   5.5600000E+02   0.0000000E+00   0.0000000E+00   0.0000000E+00
   1.5596277E+03   5.5400000E+02   0.0000000E+00   0.0000000E+00   0.0000000E+00
   1.5596352E+03   6.2200000E+02   0.0000000E+00   0.0000000E+00   0.0000000E+00
   1.5596427E+03   5.6400000E+02   0.0000000E+00   0.0000000E+00   0.0000000E+00
   1.5596503E+03   5.6800000E+02   0.0000000E+00   0.0000000E+00   0.0000000E+00
   1.5596578E+03   5.4100000E+02   0.0000000E+00   0.0000000E+00   0.0000000E+00
   1.5596653E+03   5.5300000E+02   0.0000000E+00   0.0000000E+00   0.0000000E+00
   1.5596729E+03   6.2400000E+02   0.0000000E+00   0.0000000E+00   0.0000000E+00
   1.5596804E+03   5.9100000E+02   0.0000000E+00   0.0000000E+00   0.0000000E+00
   1.5596879E+03   5.4400000E+02   0.0000000E+00   0.0000000E+00   0.0000000E+00
   1.5596954E+03   5.3100000E+02   0.0000000E+00   0.0000000E+00   0.0000000E+00
   1.5597030E+03   5.7300000E+02   0.0000000E+00   0.0000000E+00   0.0000000E+00
   1.5597105E+03   5.6600000E+02   0.0000000E+00   0.0000000E+00   0.0000000E+00
   1.5597180E+03   5.5700000E+02   0.0000000E+00   0.0000000E+00   0.0000000E+00
   1.5597256E+03   5.5200000E+02   0.0000000E+00   0.0000000E+00   0.0000000E+00
   1.5597331E+03   5.4700000E+02   0.0000000E+00   0.0000000E+00   0.0000000E+00
   1.5597406E+03   5.3100000E+02   0.0000000E+00   0.0000000E+00   0.0000000E+00
   1.5597481E+03   6.0000000E+02   0.0000000E+00   0.0000000E+00   0.0000000E+00
   1.5597557E+03   5.2700000E+02   0.0000000E+00   0.0000000E+00   0.0000000E+00
   1.5597632E+03   5.7200000E+02   0.0000000E+00   0.0000000E+00   0.0000000E+00
   1.5597707E+03   5.6000000E+02   0.0000000E+00   0.0000000E+00   0.0000000E+00
   1.5597783E+03   5.7400000E+02   0.0000000E+00   0.0000000E+00   0.0000000E+00
   1.5597858E+03   5.5100000E+02   0.0000000E+00   0.0000000E+00   0.0000000E+00
   1.5597933E+03   5.6500000E+02   0.0000000E+00   0.0000000E+00   0.0000000E+00
   1.5598008E+03   5.5300000E+02   0.0000000E+00   0.0000000E+00   0.0000000E+00
   1.5598084E+03   5.3800000E+02   0.0000000E+00   0.0000000E+00   0.0000000E+00
   1.5598159E+03   5.5100000E+02   0.0000000E+00   0.0000000E+00   0.0000000E+00
   1.5598234E+03   5.7400000E+02   0.0000000E+00   0.0000000E+00   0.0000000E+00
   1.5598310E+03   5.3900000E+02   0.0000000E+00   0.0000000E+00   0.0000000E+00
   1.5598385E+03   5.7200000E+02   0.0000000E+00   0.0000000E+00   0.0000000E+00
   1.5598460E+03   5.9300000E+02   0.0000000E+00   0.0000000E+00   0.0000000E+00
   1.5598535E+03   5.7200000E+02   0.0000000E+00   0.0000000E+00   0.0000000E+00
   1.5598611E+03   5.3100000E+02   0.0000000E+00   0.0000000E+00   0.0000000E+00
   1.5598686E+03   5.5100000E+02   0.0000000E+00   0.0000000E+00   0.0000000E+00
   1.5598761E+03   5.5700000E+02   0.0000000E+00   0.0000000E+00   0.0000000E+00
   1.5598837E+03   5.5600000E+02   0.0000000E+00   0.0000000E+00   0.0000000E+00
   1.5598912E+03   5.4100000E+02   0.0000000E+00   0.0000000E+00   0.0000000E+00
   1.5598987E+03   5.4800000E+02   0.0000000E+00   0.0000000E+00   0.0000000E+00
   1.5599062E+03   5.9500000E+02   0.0000000E+00   0.0000000E+00   0.0000000E+00
   1.5599138E+03   5.8500000E+02   0.0000000E+00   0.0000000E+00   0.0000000E+00
   1.5599213E+03   5.3400000E+02   0.0000000E+00   0.0000000E+00   0.0000000E+00
   1.5599288E+03   5.8700000E+02   0.0000000E+00   0.0000000E+00   0.0000000E+00
   1.5599364E+03   5.5900000E+02   0.0000000E+00   0.0000000E+00   0.0000000E+00
   1.5599439E+03   5.7000000E+02   0.0000000E+00   0.0000000E+00   0.0000000E+00
   1.5599514E+03   5.6400000E+02   0.0000000E+00   0.0000000E+00   0.0000000E+00
   1.5599589E+03   5.4600000E+02   0.0000000E+00   0.0000000E+00   0.0000000E+00
   1.5599665E+03   6.0700000E+02   0.0000000E+00   0.0000000E+00   0.0000000E+00
   1.5599740E+03   5.3800000E+02   0.0000000E+00   0.0000000E+00   0.0000000E+00
   1.5599815E+03   5.5700000E+02   0.0000000E+00   0.0000000E+00   0.0000000E+00
   1.5599891E+03   5.7700000E+02   0.0000000E+00   0.0000000E+00   0.0000000E+00
   1.5599966E+03   5.8100000E+02   0.0000000E+00   0.0000000E+00   0.0000000E+00
   1.5600041E+03   5.3700000E+02   0.0000000E+00   0.0000000E+00   0.0000000E+00
   1.5600116E+03   4.8000000E+02   0.0000000E+00   0.0000000E+00   0.0000000E+00
   1.5600192E+03   5.5500000E+02   0.0000000E+00   0.0000000E+00   0.0000000E+00
   1.5600267E+03   5.6100000E+02   0.0000000E+00   0.0000000E+00   0.0000000E+00
   1.5600342E+03   5.5800000E+02   0.0000000E+00   0.0000000E+00   0.0000000E+00
   1.5600418E+03   5.6700000E+02   0.0000000E+00   0.0000000E+00   0.0000000E+00
   1.5600493E+03   6.0000000E+02   0.0000000E+00   0.0000000E+00   0.0000000E+00
   1.5600568E+03   5.8400000E+02   0.0000000E+00   0.0000000E+00   0.0000000E+00
   1.5600643E+03   5.5800000E+02   0.0000000E+00   0.0000000E+00   0.0000000E+00
   1.5600719E+03   5.5300000E+02   0.0000000E+00   0.0000000E+00   0.0000000E+00
   1.5600794E+03   5.6000000E+02   0.0000000E+00   0.0000000E+00   0.0000000E+00
   1.5600869E+03   5.6500000E+02   0.0000000E+00   0.0000000E+00   0.0000000E+00
   1.5600944E+03   5.5400000E+02   0.0000000E+00   0.0000000E+00   0.0000000E+00
   1.5601020E+03   5.6500000E+02   0.0000000E+00   0.0000000E+00   0.0000000E+00
   1.5601095E+03   6.1200000E+02   0.0000000E+00   0.0000000E+00   0.0000000E+00
   1.5601170E+03   5.9100000E+02   0.0000000E+00   0.0000000E+00   0.0000000E+00
   1.5601246E+03   5.9100000E+02   0.0000000E+00   0.0000000E+00   0.0000000E+00
   1.5601321E+03   5.4100000E+02   0.0000000E+00   0.0000000E+00   0.0000000E+00
   1.5601396E+03   5.8000000E+02   0.0000000E+00   0.0000000E+00   0.0000000E+00
   1.5601471E+03   5.8000000E+02   0.0000000E+00   0.0000000E+00   0.0000000E+00
   1.5601547E+03   5.5400000E+02   0.0000000E+00   0.0000000E+00   0.0000000E+00
   1.5601622E+03   6.1900000E+02   0.0000000E+00   0.0000000E+00   0.0000000E+00
   1.5601697E+03   5.7800000E+02   0.0000000E+00   0.0000000E+00   0.0000000E+00
   1.5601773E+03   5.3400000E+02   0.0000000E+00   0.0000000E+00   0.0000000E+00
   1.5601848E+03   5.5000000E+02   0.0000000E+00   0.0000000E+00   0.0000000E+00
   1.5601923E+03   5.7900000E+02   0.0000000E+00   0.0000000E+00   0.0000000E+00
   1.5601998E+03   5.9300000E+02   0.0000000E+00   0.0000000E+00   0.0000000E+00
   1.5602074E+03   5.8200000E+02   0.0000000E+00   0.0000000E+00   0.0000000E+00
   1.5602149E+03   6.3700000E+02   0.0000000E+00   0.0000000E+00   0.0000000E+00
   1.5602224E+03   5.6300000E+02   0.0000000E+00   0.0000000E+00   0.0000000E+00
   1.5602300E+03   5.9400000E+02   0.0000000E+00   0.0000000E+00   0.0000000E+00
   1.5602375E+03   5.9400000E+02   0.0000000E+00   0.0000000E+00   0.0000000E+00
   1.5602450E+03   5.4900000E+02   0.0000000E+00   0.0000000E+00   0.0000000E+00
   1.5602525E+03   6.2600000E+02   0.0000000E+00   0.0000000E+00   0.0000000E+00
   1.5602601E+03   5.4200000E+02   0.0000000E+00   0.0000000E+00   0.0000000E+00
   1.5602676E+03   5.6200000E+02   0.0000000E+00   0.0000000E+00   0.0000000E+00
   1.5602751E+03   5.5400000E+02   0.0000000E+00   0.0000000E+00   0.0000000E+00
   1.5602827E+03   5.9900000E+02   0.0000000E+00   0.0000000E+00   0.0000000E+00
   1.5602902E+03   5.4400000E+02   0.0000000E+00   0.0000000E+00   0.0000000E+00
   1.5602977E+03   6.0600000E+02   0.0000000E+00   0.0000000E+00   0.0000000E+00
   1.5603052E+03   6.0400000E+02   0.0000000E+00   0.0000000E+00   0.0000000E+00
   1.5603128E+03   5.5000000E+02   0.0000000E+00   0.0000000E+00   0.0000000E+00
   1.5603203E+03   5.2500000E+02   0.0000000E+00   0.0000000E+00   0.0000000E+00
   1.5603278E+03   5.8500000E+02   0.0000000E+00   0.0000000E+00   0.0000000E+00
   1.5603354E+03   5.5600000E+02   0.0000000E+00   0.0000000E+00   0.0000000E+00
   1.5603429E+03   6.1300000E+02   0.0000000E+00   0.0000000E+00   0.0000000E+00
   1.5603504E+03   5.8100000E+02   0.0000000E+00   0.0000000E+00   0.0000000E+00
   1.5603579E+03   5.7000000E+02   0.0000000E+00   0.0000000E+00   0.0000000E+00
   1.5603655E+03   5.7300000E+02   0.0000000E+00   0.0000000E+00   0.0000000E+00
   1.5603730E+03   5.7400000E+02   0.0000000E+00   0.0000000E+00   0.0000000E+00
   1.5603805E+03   5.7500000E+02   0.0000000E+00   0.0000000E+00   0.0000000E+00
   1.5603881E+03   5.8400000E+02   0.0000000E+00   0.0000000E+00   0.0000000E+00
   1.5603956E+03   5.5100000E+02   0.0000000E+00   0.0000000E+00   0.0000000E+00
   1.5604031E+03   5.3000000E+02   0.0000000E+00   0.0000000E+00   0.0000000E+00
   1.5604106E+03   5.6700000E+02   0.0000000E+00   0.0000000E+00   0.0000000E+00
   1.5604182E+03   5.8700000E+02   0.0000000E+00   0.0000000E+00   0.0000000E+00
   1.5604257E+03   5.8500000E+02   0.0000000E+00   0.0000000E+00   0.0000000E+00
   1.5604332E+03   5.6000000E+02   0.0000000E+00   0.0000000E+00   0.0000000E+00
   1.5604408E+03   5.4800000E+02   0.0000000E+00   0.0000000E+00   0.0000000E+00
   1.5604483E+03   5.6200000E+02   0.0000000E+00   0.0000000E+00   0.0000000E+00
   1.5604558E+03   5.2500000E+02   0.0000000E+00   0.0000000E+00   0.0000000E+00
   1.5604633E+03   5.8900000E+02   0.0000000E+00   0.0000000E+00   0.0000000E+00
   1.5604709E+03   5.7100000E+02   0.0000000E+00   0.0000000E+00   0.0000000E+00
   1.5604784E+03   5.4500000E+02   0.0000000E+00   0.0000000E+00   0.0000000E+00
   1.5604859E+03   5.8900000E+02   0.0000000E+00   0.0000000E+00   0.0000000E+00
   1.5604935E+03   5.5100000E+02   0.0000000E+00   0.0000000E+00   0.0000000E+00
   1.5605010E+03   5.7600000E+02   0.0000000E+00   0.0000000E+00   0.0000000E+00
   1.5605085E+03   5.6100000E+02   0.0000000E+00   0.0000000E+00   0.0000000E+00
   1.5605160E+03   5.6800000E+02   0.0000000E+00   0.0000000E+00   0.0000000E+00
   1.5605236E+03   5.8400000E+02   0.0000000E+00   0.0000000E+00   0.0000000E+00
   1.5605311E+03   5.8700000E+02   0.0000000E+00   0.0000000E+00   0.0000000E+00
   1.5605386E+03   5.5800000E+02   0.0000000E+00   0.0000000E+00   0.0000000E+00
   1.5605461E+03   5.4800000E+02   0.0000000E+00   0.0000000E+00   0.0000000E+00
   1.5605537E+03   5.6900000E+02   0.0000000E+00   0.0000000E+00   0.0000000E+00
   1.5605612E+03   5.7100000E+02   0.0000000E+00   0.0000000E+00   0.0000000E+00
   1.5605687E+03   5.9600000E+02   0.0000000E+00   0.0000000E+00   0.0000000E+00
   1.5605763E+03   5.9000000E+02   0.0000000E+00   0.0000000E+00   0.0000000E+00
   1.5605838E+03   5.8000000E+02   0.0000000E+00   0.0000000E+00   0.0000000E+00
   1.5605913E+03   5.7000000E+02   0.0000000E+00   0.0000000E+00   0.0000000E+00
   1.5605988E+03   6.1500000E+02   0.0000000E+00   0.0000000E+00   0.0000000E+00
   1.5606064E+03   5.6500000E+02   0.0000000E+00   0.0000000E+00   0.0000000E+00
   1.5606139E+03   6.0700000E+02   0.0000000E+00   0.0000000E+00   0.0000000E+00
   1.5606214E+03   5.7500000E+02   0.0000000E+00   0.0000000E+00   0.0000000E+00
   1.5606290E+03   5.4200000E+02   0.0000000E+00   0.0000000E+00   0.0000000E+00
   1.5606365E+03   5.6100000E+02   0.0000000E+00   0.0000000E+00   0.0000000E+00
   1.5606440E+03   5.4400000E+02   0.0000000E+00   0.0000000E+00   0.0000000E+00
   1.5606515E+03   5.3800000E+02   0.0000000E+00   0.0000000E+00   0.0000000E+00
   1.5606591E+03   5.4800000E+02   0.0000000E+00   0.0000000E+00   0.0000000E+00
   1.5606666E+03   5.8200000E+02   0.0000000E+00   0.0000000E+00   0.0000000E+00
   1.5606741E+03   5.9200000E+02   0.0000000E+00   0.0000000E+00   0.0000000E+00
   1.5606817E+03   5.3500000E+02   0.0000000E+00   0.0000000E+00   0.0000000E+00
   1.5606892E+03   5.6300000E+02   0.0000000E+00   0.0000000E+00   0.0000000E+00
   1.5606967E+03   5.4700000E+02   0.0000000E+00   0.0000000E+00   0.0000000E+00
   1.5607042E+03   5.4300000E+02   0.0000000E+00   0.0000000E+00   0.0000000E+00
   1.5607118E+03   5.3300000E+02   0.0000000E+00   0.0000000E+00   0.0000000E+00
   1.5607193E+03   5.5800000E+02   0.0000000E+00   0.0000000E+00   0.0000000E+00
   1.5607268E+03   6.0200000E+02   0.0000000E+00   0.0000000E+00   0.0000000E+00
   1.5607344E+03   5.8000000E+02   0.0000000E+00   0.0000000E+00   0.0000000E+00
   1.5607419E+03   5.7700000E+02   0.0000000E+00   0.0000000E+00   0.0000000E+00
   1.5607494E+03   5.6000000E+02   0.0000000E+00   0.0000000E+00   0.0000000E+00
   1.5607569E+03   5.6200000E+02   0.0000000E+00   0.0000000E+00   0.0000000E+00
   1.5607645E+03   5.3300000E+02   0.0000000E+00   0.0000000E+00   0.0000000E+00
   1.5607720E+03   5.7900000E+02   0.0000000E+00   0.0000000E+00   0.0000000E+00
