                                                          Cloudy 17.03
                                                         www.nublado.org

                       **************************************17Jun01**************************************
                       *                                                                                 *
                       * title CIV QSO                                                                   *
                       * set punch prefix "CIV_QSO"                                                      *
                       * radius = 21.500 23.500                                                          *
                       * iterate to convergence                                                          *
                       * sphere                                                                          *
                       * init "dlaw_HI_exp.ini"                                                          *
                       * dlaw table                                                                      *
                       * table SED "QSO.sed"                                                             *
                       * no line transfer                                                                *
                       * nuL(nu) = 43.5 at 1 Ryd                                                         *
                       * stop temperature off                                                            *
                       * metals 0.1                                                                      *
                       * save last radius ".rad"                                                         *
                       * save last continuum ".cont"                                                     *
                       * save last physical conditions ".phy"                                            *
                       * save last overview ".ovr"                                                       *
                       * save last heating ".heat"                                                       *
                       * save last cooling ".cool"                                                       *
                       * save last optical depth ".opd"                                                  *
                       * save last element hydrogen ".ele_H"                                             *
                       * save last element helium ".ele_He"                                              *
                       * save last element carbon ".ele_C"                                               *
                       * save last element nitrogen ".ele_N"                                             *
                       * save last element oxygen ".ele_O"                                               *
                       * save last element argon ".ele_Ar"                                               *
                       * save last element neon ".ele_Ne"                                                *
                       * save last element sulphur ".ele_S"                                              *
                       * save last element chlorin ".ele_Cl"                                             *
                       * save last element iron ".ele_Fe"                                                *
                       * save last element silicon ".ele_Si"                                             *
                       * save last lines emissivity  ".emis"                                             *
                       *                                                                                 *
                       ***********************************************************************************



 NOTE NO LINE TRANSER set but fine opacities still computed.
 NOTE Turning off fine opacities.


 NOTE
 NOTE The simulation is going into neutral gas but cosmic rays are not included.
 NOTE Ion-molecule chemistry will not occur without a source of ionization.
 NOTE The chemistry network may collapse deep in molecular regions.
 NOTE Consider adding galactic background cosmic rays with the COSMIC RAYS BACKGROUND command.
 NOTE You may be making a BIG mistake.
 NOTE



 NOTE Setcon: continuum has zero intensity starting at  3.0447e-09 Ryd.
  3800 cells in the incident continuum have zero intensity.  Problems???

           8228CellPeak1.00E+00   Lo 3.04e-09=  29.98m   Hi-Con:7.13E+06 Ryd   E(hi):7.35E+06Ryd     E(hi):     100.00 MeV
           L(nu>1ryd):  43.6904   Average nu:2.632E+00   L( X-ray):  42.9171   L(BalC):  43.6154     Q(Balmer C):  54.5776
           Q(1.0-1.8):  53.7340   Q(1.8-4.0):  53.3640   Q(4.0-20):  52.8799   Q(20--):  51.7166     Ion pht flx:6.798E+09
           L(gam ray):  42.0061   Q(gam ray):  48.4900   L(Infred):  43.8499   Alf(ox):  -1.5331     Total lumin:  44.2070
           log L/Lsun:  10.6240   Abs bol mg: -21.8174   Abs V mag: -19.3781   Bol cor:  -2.4394     nuFnu(Bbet):  43.4467
           U(1.0----):9.430E+00   U(4.0----):8.946E-01   T(En-Den):8.670E+00   T(Comp):2.661E+06     nuJnu(912A):2.516E-01
           Occ(FarIR):0.000E+00   Occ(H n=6):1.045E-11   Occ(1Ryd):1.161E-17   Occ(4R):1.703E-20     Occ (Nu-hi):0.000E+00
           Tbr(FarIR):0.000E+00   Tbr(H n=6):4.575E-08   Tbr(1Ryd):1.833E-12   Tbr(4R):1.078E-14     Tbr (Nu-hi):0.000E+00
  
                                                  Gas Phase Chemical Composition
        H :  0.0000  He: -1.0000  Li: -9.6904  Be:-11.5800  B :-10.2097  C : -4.6108  N : -5.0701  O : -4.3098  F : -8.5200
        Ne: -5.0000  Na: -6.6696  Mg: -5.4597  Al: -6.5302  Si: -5.4597  P : -7.4949  S : -5.7352  Cl: -7.7190  Ar: -6.6003
        K : -7.8794  Ca: -6.6402  Sc: -9.8297  Ti: -7.9788  V : -9.0000  Cr: -7.3298  Mn: -7.5406  Fe: -5.5498  Co: -8.0799
                                               Ni: -6.7496  Cu: -8.7905  Zn: -8.4001
 
 ####  1  Te:9.767E+04 Hden:2.403E-02 Ne:2.885E-02 R:3.226E+21 R-R0:6.325E+19 dR:1.265E+20 NTR:  7 Htot:1.810E-27 T912: 1.00e+08###
 Hydrogen      1.28e-07 1.00e+00 H+o/Hden 1.00e+00 1.01e-17 H-    H2 1.54e-28 5.92e-19 H2+ HeH+ 1.92e-22 Ho+ ColD 3.89e+11 3.04e+18
 Helium        3.28e-11 3.31e-05 1.00e+00 HeI 2s3S 1.14e-15 Comp H,C 4.20e-29 1.54e-30 Fill Fac 1.00e+00 Gam1/tot 9.94e-01
 He singlet n  3.28e-11 8.76e-23 1.69e-29 9.52e-29 1.31e-29 1.67e-28 He tripl 1.14e-15 9.54e-27 3.30e-28 2.02e-27 4.56e-28
 Pressure      NgasTgas 5.40e+03 P(total) 7.46e-13 P( gas ) 7.46e-13 P(Radtn) 0.00e+00 Rad accl 2.32e-11 ForceMul 1.66e+00
 Texc(La)      3.27e+03 T(I con) 8.42e+00 T(D con) 2.97e-01 T(U tot) 8.42e+00 nT (c+d) 2.11e+06 Prad/Gas 0.00e+00 Pmag/Gas 0.00e+00
 Molecules     CH/Ctot: 1.78e-37 CH+/Ctot 7.28e-31 CO/Ctot: 8.12e-56 CO+/Ctot 2.80e-47 H2O/Otot 6.63e-62 OH/Ototl 1.37e-40
 Lithium       1.00e-15 2.65e-08 8.08e-04 9.99e-01 Berylliu 1.93e-16 9.08e-12 4.53e-06 7.62e-03 9.92e-01 sec ion: 0.00e+00
 Boron         7.28e-18 2.34e-12 7.36e-09 2.05e-04 4.16e-02 9.58e-01
 Carbon        7.50e-19 2.86e-13 2.12e-09 1.13e-06 3.85e-03 1.49e-01 8.47e-01 H2O+/O   2.90e-60 OH+/Otot 1.19e-39 Hex(tot) 0.00e+00
 Nitrogen      8.46e-20 3.49e-14 4.29e-10 4.16e-07 5.39e-05 3.47e-02 3.51e-01 6.14e-01 O2/Ototl 4.03e-55 O2+/Otot 1.87e-53
 Oxygen        6.71e-21 2.83e-15 5.89e-11 9.93e-08 2.24e-05 9.66e-04 1.59e-01 5.14e-01 3.26e-01
 Fluorine      5.92e-22 2.50e-16 5.44e-12 1.76e-08 7.09e-06 4.87e-04 7.66e-03 3.95e-01 4.74e-01 1.23e-01
 Neon          1.98e-23 1.43e-17 5.58e-13 1.97e-09 1.54e-06 1.95e-04 4.45e-03 3.27e-02 6.16e-01 3.10e-01 3.68e-02
 Sodium        0.00e+00 5.59e-19 5.34e-14 4.27e-10 3.84e-07 7.71e-05 3.21e-03 2.65e-02 9.02e-02 7.04e-01 1.66e-01 9.90e-03
 Magnesium     1.34e-25 1.76e-21 9.46e-16 2.10e-11 4.69e-08 1.21e-05 9.60e-04 1.81e-02 9.40e-02 1.76e-01 6.32e-01 7.61e-02 2.53e-03
 Aluminium  1  1.15e-20 1.33e-17 1.10e-12 5.94e-09 5.73e-06 4.62e-04 1.45e-02 1.17e-01 2.40e-01 2.11e-01 3.90e-01 2.70e-02 5.43e-04
 Silicon    2  2.30e-16 6.83e-14 9.55e-10 1.44e-06 3.71e-04 1.55e-02 1.19e-01 3.06e-01 2.46e-01 1.52e-01 1.54e-01 6.43e-03 8.11e-05
 Phosphorus 3  3.02e-13 3.16e-11 1.00e-07 4.95e-05 3.77e-03 5.03e-02 2.90e-01 3.67e-01 1.87e-01 6.18e-02 3.89e-02 1.02e-03 8.36e-06
 Sulphur    4  1.11e-10 4.55e-09 4.22e-06 8.10e-04 2.47e-02 1.19e-01 3.20e-01 3.78e-01 1.21e-01 2.49e-02 1.05e-02 1.81e-04 9.82e-07
 Chlorine   4  3.97e-10 1.87e-08 3.71e-07 1.21e-04 7.51e-03 1.23e-01 3.80e-01 3.22e-01 1.41e-01 2.22e-02 3.77e-03 1.06e-03 1.21e-05
 Argon      5  4.84e-08 9.65e-07 9.79e-06 1.31e-03 3.35e-02 1.99e-01 3.71e-01 3.17e-01 7.09e-02 6.72e-03 7.54e-04 1.64e-04 1.28e-06
 Potassium  5  1.13e-07 3.01e-06 2.84e-05 1.62e-04 1.00e-02 1.51e-01 4.37e-01 3.07e-01 8.58e-02 8.14e-03 7.80e-04 5.96e-05 1.07e-05
 Calcium    6  4.76e-06 6.46e-05 3.12e-04 1.06e-03 3.33e-02 2.43e-01 4.08e-01 2.38e-01 6.65e-02 8.88e-03 4.96e-04 2.80e-05 4.21e-06
 Scandium   6  4.32e-06 2.02e-04 1.18e-03 2.75e-03 5.50e-03 9.71e-02 3.46e-01 4.33e-01 1.02e-01 1.14e-02 9.33e-04 4.11e-05 2.19e-06
 Titanium   6  5.36e-06 2.91e-04 3.41e-03 1.09e-02 1.49e-02 2.54e-02 2.50e-01 4.03e-01 2.45e-01 4.43e-02 2.13e-03 1.11e-04 3.01e-06
 Vanadium   6  4.41e-06 2.36e-04 3.23e-03 3.00e-02 4.20e-02 5.98e-02 6.26e-02 4.03e-01 3.12e-01 7.90e-02 8.39e-03 2.25e-04 7.31e-06
 Chromium   7  1.95e-04 2.70e-03 2.94e-02 6.35e-02 5.72e-02 1.30e-01 6.57e-02 3.45e-01 2.64e-01 3.95e-02 2.20e-03 8.35e-05 1.34e-06
 Manganese  7  3.77e-04 5.25e-03 5.80e-02 1.46e-01 3.62e-01 1.59e-01 7.12e-02 3.15e-02 1.09e-01 5.13e-02 6.42e-03 3.19e-04 6.56e-06
 Iron       7  3.83e-03 5.05e-02 1.99e-01 3.03e-01 2.23e-01 1.21e-01 4.82e-02 1.67e-02 1.09e-02 1.91e-02 5.45e-03 7.11e-04 2.36e-05
 Cobalt     8  2.92e-03 2.83e-02 7.54e-02 2.20e-01 3.79e-01 2.14e-01 4.94e-02 1.44e-02 5.84e-03 8.51e-03 1.58e-03 1.33e-04 3.15e-06
 Nickel     8  1.31e-03 2.32e-02 6.64e-02 1.96e-01 3.51e-01 2.27e-01 1.07e-01 2.11e-02 4.26e-03 1.39e-03 1.57e-03 1.58e-04 9.19e-06
 Copper     8  1.38e-03 3.13e-02 1.23e-01 1.59e-01 3.00e-01 2.04e-01 1.07e-01 6.63e-02 6.42e-03 1.17e-03 2.29e-04 2.71e-04 1.71e-05
 Zinc       9  1.01e-02 4.91e-02 2.08e-01 2.99e-01 2.11e-01 1.14e-01 7.73e-02 2.89e-02 2.15e-03 4.34e-04 5.42e-05 6.51e-05 2.35e-06
 ####245  Te:1.076E+04 Hden:3.159E-03 Ne:1.644E-03 R:3.162E+23 R-R0:3.130E+23 dR:1.460E+20 NTR:  6 Htot:3.446E-29 T912: 1.00e+08###
 Hydrogen      5.63e-01 4.37e-01 H+o/Hden 1.00e+00 8.62e-09 H-    H2 1.42e-08 1.24e-09 H2+ HeH+ 8.01e-08 Ho+ ColD 1.55e+19 3.18e+21
 Helium        1.76e-01 8.21e-01 2.69e-03 HeI 2s3S 1.97e-12 Comp H,C 2.45e-34 9.87e-37 Fill Fac 1.00e+00 Gam1/tot 9.83e-01
 He singlet n  1.76e-01 1.70e-19 2.53e-26 1.30e-25 1.91e-26 2.38e-25 He tripl 1.97e-12 1.70e-23 4.44e-25 3.65e-24 6.80e-25
 Pressure      NgasTgas 5.51e+01 P(total) 7.61e-15 P( gas ) 7.61e-15 P(Radtn) 0.00e+00 Rad accl 1.54e-12 ForceMul 2.46e+03
 Texc(La)      2.85e+03 T(I con) 8.05e-01 T(D con) 6.03e-01 T(U tot) 8.62e-01 nT (c+d) 3.40e+05 Prad/Gas 0.00e+00 Pmag/Gas 0.00e+00
 Molecules     CH/Ctot: 2.54e-13 CH+/Ctot 4.31e-10 CO/Ctot: 2.97e-13 CO+/Ctot 3.61e-14 H2O/Otot 1.10e-17 OH/Ototl 1.07e-08
 Lithium       8.43e-05 1.00e+00 9.88e-06 0.00e+00 Berylliu 4.80e-03 7.59e-01 2.31e-01 4.67e-03 0.00e+00 sec ion: 1.67e-18
 Boron         5.34e-05 9.09e-01 3.27e-02 5.85e-02 4.38e-06 0.00e+00
 Carbon        1.33e-04 7.80e-01 2.20e-01 1.43e-04 2.41e-05 0.00e+00 0.00e+00 H2O+/O   4.31e-18 OH+/Otot 6.24e-09 Hex(tot) 0.00e+00
 Nitrogen      2.74e-01 7.24e-01 2.72e-03 4.07e-05 0.00e+00 0.00e+00 0.00e+00 0.00e+00 O2/Ototl 5.51e-14 O2+/Otot 3.25e-14
 Oxygen        6.12e-01 3.86e-01 2.57e-03 1.05e-05 0.00e+00 0.00e+00 0.00e+00 0.00e+00 0.00e+00
 Fluorine      1.25e-02 3.42e-01 6.46e-01 1.29e-05 6.28e-05 0.00e+00 0.00e+00 0.00e+00 0.00e+00 0.00e+00
 Neon          5.31e-03 2.09e-01 7.86e-01 2.57e-05 3.86e-06 0.00e+00 0.00e+00 0.00e+00 0.00e+00 0.00e+00 0.00e+00
 Sodium        5.19e-05 1.90e-01 8.10e-01 7.56e-05 1.22e-04 0.00e+00 0.00e+00 0.00e+00 0.00e+00 0.00e+00 0.00e+00 0.00e+00
 Magnesium     1.08e-02 6.66e-01 3.23e-01 2.70e-05 1.11e-06 0.00e+00 0.00e+00 0.00e+00 0.00e+00 0.00e+00 0.00e+00 0.00e+00 0.00e+00
 Aluminium  0  7.14e-05 7.89e-01 6.65e-02 1.45e-01 9.95e-05 0.00e+00 0.00e+00 0.00e+00 0.00e+00 0.00e+00 0.00e+00 0.00e+00 0.00e+00
 Silicon    0  4.73e-05 9.83e-01 1.55e-02 1.29e-03 1.84e-05 0.00e+00 0.00e+00 0.00e+00 0.00e+00 0.00e+00 0.00e+00 0.00e+00 0.00e+00
 Phosphorus 0  1.07e-04 8.73e-01 1.20e-01 6.79e-03 4.19e-05 2.83e-06 0.00e+00 0.00e+00 0.00e+00 0.00e+00 0.00e+00 0.00e+00 0.00e+00
 Sulphur    0  3.96e-05 7.02e-01 2.97e-01 4.91e-04 6.03e-05 5.33e-06 0.00e+00 0.00e+00 0.00e+00 0.00e+00 0.00e+00 0.00e+00 0.00e+00
 Chlorine   0  6.16e-05 5.37e-01 4.62e-01 7.89e-04 7.98e-05 7.78e-06 0.00e+00 0.00e+00 0.00e+00 0.00e+00 0.00e+00 0.00e+00 0.00e+00
 Argon      0  5.62e-02 2.57e-01 6.86e-01 3.51e-04 1.20e-04 1.02e-05 0.00e+00 0.00e+00 0.00e+00 0.00e+00 0.00e+00 0.00e+00 0.00e+00
 Potassium  0  3.12e-05 5.23e-01 4.50e-01 3.78e-04 2.70e-02 8.39e-06 1.99e-06 0.00e+00 0.00e+00 0.00e+00 0.00e+00 0.00e+00 0.00e+00
 Calcium    0  1.59e-06 1.12e-02 9.78e-01 1.09e-02 3.35e-04 1.07e-05 0.00e+00 0.00e+00 0.00e+00 0.00e+00 0.00e+00 0.00e+00 0.00e+00
 Scandium   0  1.06e-05 8.58e-02 7.37e-01 1.72e-01 4.97e-03 1.87e-05 1.26e-06 0.00e+00 0.00e+00 0.00e+00 0.00e+00 0.00e+00 0.00e+00
 Titanium   0  4.18e-05 5.70e-01 4.18e-01 3.42e-03 9.13e-03 7.48e-06 1.23e-06 0.00e+00 0.00e+00 0.00e+00 0.00e+00 0.00e+00 0.00e+00
 Vanadium   0  2.04e-04 4.48e-01 5.48e-01 6.99e-04 3.16e-03 8.79e-06 0.00e+00 0.00e+00 0.00e+00 0.00e+00 0.00e+00 0.00e+00 0.00e+00
 Chromium   0  4.71e-05 7.69e-01 2.30e-01 1.75e-04 3.97e-04 2.83e-05 1.93e-06 0.00e+00 0.00e+00 0.00e+00 0.00e+00 0.00e+00 0.00e+00
 Manganese  0  1.51e-04 8.40e-01 1.59e-01 1.31e-04 7.72e-04 2.16e-05 4.63e-06 0.00e+00 0.00e+00 0.00e+00 0.00e+00 0.00e+00 0.00e+00
 Iron       0  1.57e-04 9.20e-01 7.98e-02 3.67e-04 5.39e-05 1.44e-05 2.80e-06 0.00e+00 0.00e+00 0.00e+00 0.00e+00 0.00e+00 0.00e+00
 Cobalt     0  1.18e-03 9.94e-01 4.62e-03 1.79e-04 3.50e-04 8.27e-06 1.71e-06 0.00e+00 0.00e+00 0.00e+00 0.00e+00 0.00e+00 0.00e+00
 Nickel     0  2.11e-04 9.95e-01 4.33e-03 6.03e-05 7.10e-05 5.96e-06 1.11e-06 0.00e+00 0.00e+00 0.00e+00 0.00e+00 0.00e+00 0.00e+00
 Copper     0  2.24e-04 6.77e-01 3.22e-01 3.20e-04 2.47e-05 8.26e-06 1.57e-06 0.00e+00 0.00e+00 0.00e+00 0.00e+00 0.00e+00 0.00e+00
 Zinc       0  1.43e-04 1.25e-01 5.52e-01 2.98e-01 2.42e-02 2.89e-05 4.03e-06 0.00e+00 0.00e+00 0.00e+00 0.00e+00 0.00e+00 0.00e+00
   CIV QSO  
   Calculation stopped because outer radius reached. Iteration 1 of 10
   The geometry is spherical.
 C-Continuum zero at some energies.
  !Background cosmic rays are not included - is this physical?  It affects the chemistry.
  !Some input lines contained underscores, these were changed to spaces.
  !Charge transfer H => H+ reached 42.8% of the local H ionization rate.
  !AGE: Cloud age was not set.  Longest timescale was 2.58e+15 s = 8.19e+07 years.
  !The CMB was not included.  This is added with the CMB command.
   Thermal collisional ionization of H reached 3.03% of the local ionization rate.
   Te-ne bounds of Case B lookup table exceeded, H I Case B line intensities set to zero.
   Suprathermal collisional ionization of H reached 0.54% of the local H ionization rate.
   The density is too low to l-mix the lowest H  I collapsed level.  More resolved levels are needed for accurate line ratios.
   The density is too low to l-mix the lowest He I collapsed level.  More resolved levels are needed for accurate line ratios.
   Grains were not present but might survive in this environment (energy density temperature was 8.67e+00K)
   Cloud thicker than smallest Jeans length=6.62e+22cm; stability problems? (smallest Jeans mass=1.03e+09Mo)
   Is an outer radius of 3.16e+23 reasonable?

                       *********************************> Cloudy 17.03 <**********************************
                       * title CIV QSO                                                                   *
                       * set punch prefix "CIV_QSO"                                                      *
                       * radius = 21.500 23.500                                                          *
                       * iterate to convergence                                                          *
                       * sphere                                                                          *
                       * init "dlaw_HI_exp.ini"                                                          *
                       * table SED "QSO.sed"                                                             *
                       * no line transfer                                                                *
                       * nuL(nu) = 43.5 at 1 Ryd                                                         *
                       * stop temperature off                                                            *
                       * metals 0.1                                                                      *
                       * save last radius ".rad"                                                         *
                       * save last continuum ".cont"                                                     *
                       * save last physical conditions ".phy"                                            *
                       * save last overview ".ovr"                                                       *
                       * save last heating ".heat"                                                       *
                       * save last cooling ".cool"                                                       *
                       * save last optical depth ".opd"                                                  *
                       * save last element hydrogen ".ele_H"                                             *
                       * save last element helium ".ele_He"                                              *
                       * save last element carbon ".ele_C"                                               *
                       * save last element nitrogen ".ele_N"                                             *
                       * save last element oxygen ".ele_O"                                               *
                       * save last element argon ".ele_Ar"                                               *
                       * save last element neon ".ele_Ne"                                                *
                       * save last element sulphur ".ele_S"                                              *
                       * save last element chlorin ".ele_Cl"                                             *
                       * save last element iron ".ele_Fe"                                                *
                       * save last element silicon ".ele_Si"                                             *
                       * save last lines emissivity  ".emis"                                             *
                       * H  1  1215.67A                                                                  *
                       * H  1  1025.72A                                                                  *
                       * H  1  4861.33A                                                                  *
                       * H  1  6562.81A                                                                  *
                       * O  6  1031.91A                                                                  *
                       * O  6  1037.62A                                                                  *
                       * He 2  949.31A                                                                   *
                       * He 2  972.108A                                                                  *
                       * He 2  1025.27A                                                                  *
                       * He 2  1640.43A                                                                  *
                       * He 2  4859A                                                                     *
                       * He 2  4339A                                                                     *
                       * He 2  6527A                                                                     *
                       * He 2  6560A                                                                     *
                       * C  4  1550.78                                                                   *
                       * O  3  5006.84A                                                                  *
                       * N  5  1238.82                                                                   *
                       * N  5  1242.80                                                                   *
                       * c  4  1548.19                                                                   *
                       * c  4  1550.78                                                                   *
                       * mg 2  2795.53                                                                   *
                       * mg 2  2802.71                                                                   *
                       * end of lines                                                                    *
                       *********************************> Log(U):  0.97 <*********************************
                       >>>>>>>>>> Cautions are present.

                     Emission Line Spectrum.  Special Density Lw Model.  Closed geometry.  Iteration 1 of 10.
                                    Luminosity (erg/s) emitted by a shell with full coverage.


                                                   Intrinsic line intensities
general properties.............................      Ca B                8664.98A   39.496    0.0118      Ar 4                2868.22A   39.114    0.0049
Inci                      0    44.207  606.5436      Ca B                8598.35A   39.399    0.0094      Ar 4                4711.26A   40.053    0.0426
TotH                      0    43.309   76.6505      Ca B                8545.34A   39.309    0.0077      Ar 4                4740.12A   39.924    0.0316
TotC                      0    43.309   76.6392      Ca B                8502.44A   39.225    0.0063      Ar 4                7170.70A   38.615    0.0016
BFH1                      0    43.076   44.8244      Ca B                8467.21A   39.146    0.0053      Ar 4                7237.77A   38.479    0.0011
BFHe                      0    42.910   30.6050      Ca B                8437.91A   39.071    0.0044      Ar 4                7263.33A   38.555    0.0014
TotM                      0    41.487    1.1553      Ca B                8413.28A   39.001    0.0038      Ar 5                822.174A   38.861    0.0027
ComH                      0    38.842    0.0026      Ca B                8392.35A   38.934    0.0032      Ar 5                827.366A   38.707    0.0019
CT H                      0    40.217    0.0620      Ca B                8374.43A   38.871    0.0028      Ar 5                2691.05A   38.537    0.0013
H FB                      0    42.227    6.3471      Ca B                8358.96A   38.810    0.0024      Ar 5                6435.12A   39.124    0.0050
HFBc                      0    42.227    6.3471      Ca B                8345.51A   38.752    0.0021      Ar 5                7005.83A   39.456    0.0108
H  1c                     0    42.818   24.7544      Ca B                8333.74A   38.697    0.0019      Ar 5                7.89971m   39.535    0.0129
He 2c                     0    38.942    0.0033      Ca B                1.81740m   39.649    0.0168      Ar 5                13.0985m   39.718    0.0197
He 1c                     0    38.835    0.0026      Ca B                1.73620m   39.510    0.0122      Ar 6                754.930A   38.502    0.0012
Al 3c                     0    39.908    0.0305      Ca B                1.68064m   39.384    0.0091      Ar 6                4.52800m   39.595    0.0148
Al 6c                     0    39.715    0.0196      Ca B                1.64071m   39.270    0.0070      C  2                903.962A   38.470    0.0011
Ar 3c                     0    40.305    0.0760      Ca B                1.61092m   39.165    0.0055      C  2                1037.02A   38.508    0.0012
Ar 4c                     0    40.403    0.0954      Ca B                1.58804m   39.068    0.0044      C  2                1334.53A   39.564    0.0138
Ar 5c                     0    40.163    0.0549      Ca B                1.57006m   38.977    0.0036      C  2                1335.66A   38.859    0.0027
Ar 6c                     0    39.634    0.0162      Ca B                1.55563m   38.893    0.0029      C  2                1335.71A   39.253    0.0067
C  2c                     0    40.534    0.1289      Ca B                1.54388m   38.814    0.0025      C  2                2323.50A   39.132    0.0051
C  3c                     0    41.904    3.0176      Ca B                1.53417m   38.739    0.0021      C  2                2324.69A   39.476    0.0113
Ca 4c                     0    39.843    0.0263      Ca B                1.52604m   38.669    0.0018      C  2                2325.40A   39.787    0.0230
Ca 6c                     0    38.472    0.0011      Ca B                1.51917m   38.602    0.0015      C  2                2326.93A   39.914    0.0309
Fe 2c                     0    40.635    0.1625      Ca B                1.51331m   38.538    0.0013      C  2                2328.12A   39.529    0.0127
Fe 3c                     0    40.274    0.0708      Ca B                1.50827m   38.478    0.0011      C  2                157.636m   39.673    0.0177
Fe 7c                     0    40.867    0.2775      Ca B                3.03835m   39.253    0.0067      C  3                1908.73A   41.390    0.9242
K  3c                     0    38.655    0.0017      Ca B                2.87219m   39.128    0.0051      C  3                1906.68A   41.578    1.4258
K  4c                     0    38.579    0.0014      Ca B                2.75749m   39.013    0.0039      C  3                977.020A   41.246    0.6629
Mg 1c                     0    39.629    0.0160      Ca B                2.67438m   38.908    0.0030      C  3                2296.87A   38.727    0.0020
N  1c                     0    38.693    0.0019      Ca B                2.61191m   38.811    0.0024      Ca 4                3.20610m   39.835    0.0257
N  5c                     0    40.913    0.3082      Ca B                2.56361m   38.720    0.0020      Fe 2                25.9811m   39.190    0.0058
Ne 2c                     0    38.714    0.0019      Ca B                2.52538m   38.636    0.0016      Fe 2                5.33881m   39.776    0.0225
Ne 3c                     0    41.423    0.9965      Ca B                2.49455m   38.557    0.0014      Fe 2                1.25668m   39.745    0.0209
O  1c                     0    39.525    0.0126      Ca B                2.46929m   38.482    0.0011      Fe 2                2599.40A   39.669    0.0176
O  2c                     0    41.112    0.4877      Ca B                12.3684m   39.478    0.0113      Fe 2                2585.88A   38.697    0.0019
O  3c                     0    42.576   14.1919      Ca B                7.50038m   39.328    0.0080      Fe 2                2382.04A   39.694    0.0186
O  5c                     0    41.165    0.5503      Ca B                5.90655m   39.178    0.0057      Fe 2                2343.50A   39.114    0.0049
P  2c                     0    39.147    0.0053      Ca B                5.12722m   39.040    0.0041      Fe 2                35.3394m   38.558    0.0014
P  3c                     0    38.631    0.0016      Ca B                4.67119m   38.915    0.0031      Fe 2                1.32055m   39.167    0.0055
P  4c                     0    38.709    0.0019      Ca B                4.37522m   38.801    0.0024      Fe 2                2625.67A   38.805    0.0024
S  2c                     0    40.526    0.1265      Ca B                4.16962m   38.696    0.0019      Fe 2                2611.87A   38.832    0.0026
S  3c                     0    41.454    1.0713      Ca B                4.01974m   38.599    0.0015      Fe 2                2395.63A   38.861    0.0027
Si 2c                     0    40.612    0.1543      Ca B                3.90645m   38.508    0.0012      Fe 2                2364.83A   38.630    0.0016
Si 3c                     0    41.466    1.1012      Ca B                19.0565m   39.111    0.0049      Fe 2                1.37182m   38.943    0.0033
Si 4c                     0    40.972    0.3529      Ca B                11.3055m   38.986    0.0036      Fe 2                2631.32A   38.517    0.0012
Si 7c                     0    40.034    0.0407      Ca B                8.75760m   38.855    0.0027      Fe 2                17.9314m   38.748    0.0021
Si 9c                     0    38.616    0.0016      Ca B                7.50599m   38.732    0.0020      Fe 2                1.64355m   39.672    0.0177
Al 2c                     0    40.294    0.0742      Ca B                6.77008m   38.619    0.0016      Fe 2                8616.95A   38.844    0.0026
Al 5c                     0    38.852    0.0027      Ca B                6.29014m   38.514    0.0012      Fe 2                5158.78A   38.699    0.0019
C  4c                     0    42.184    5.7466      Ca B                27.7955m   38.789    0.0023      Fe 2                1.80939m   38.969    0.0035
Ca 2c                     0    39.276    0.0071      Ca B                16.2045m   38.684    0.0018      Fe 3                22.9190m   39.465    0.0110
Ca 5c                     0    39.750    0.0212      Ca B                12.3837m   38.568    0.0014      Fe 3                4881.12A   38.990    0.0037
Ca 7c                     0    38.624    0.0016      Ca B                10.5005m   38.457    0.0011      Fe 3                4658.01A   39.686    0.0183
Ca 8c                     0    38.755    0.0021      Ca B                38.8589m   38.502    0.0012      Fe 3                4607.11A   38.437    0.0010
Cl 3c                     0    39.299    0.0075      H  1                2431.34A   42.609   15.2956      Fe 3                33.0270m   38.910    0.0031
Cl 4c                     0    39.677    0.0179      H  1                1215.67A   43.109   48.3977      Fe 3                5270.40A   39.547    0.0133
Fe10c                     0    38.528    0.0013      H  1                1025.72A   42.381    9.0583      Fe 3                4754.64A   38.948    0.0033
Fe 4c                     0    41.468    1.1060      H  1                972.537A   41.959    3.4289      Fe 3                4701.62A   39.203    0.0060
Fe 5c                     0    40.687    0.1833      H  1                949.743A   41.654    1.6981      Fe 3                5011.16A   38.776    0.0022
Fe 6c                     0    40.945    0.3319      H  1                937.804A   41.381    0.9046      Fe 3                4769.52A   38.729    0.0020
K  5c                     0    38.785    0.0023      H  1                930.748A   41.176    0.5646      Fe 3                4733.84A   38.612    0.0015
K  6c                     0    38.673    0.0018      H  1                926.226A   40.999    0.3759      Fe 3                5411.98A   38.503    0.0012
Mg 2c                     0    41.166    0.5516      H  1                923.150A   40.843    0.2626      Fe 7                9.50763m   40.108    0.0483
Mg 4c                     0    39.659    0.0172      H  1                920.963A   40.704    0.1904      Fe 7                5720.71A   39.928    0.0319
Mg 5c                     0    40.441    0.1040      H  1                919.351A   40.984    0.3630      Fe 7                4988.55A   39.738    0.0206
Mg 6c                     0    40.015    0.0390      H  1                918.129A   40.882    0.2871      Fe 7                4893.37A   39.484    0.0115
Mg 7c                     0    39.872    0.0281      H  1                917.181A   40.788    0.2314      Fe 7                4698.24A   38.614    0.0015
Mg 8c                     0    38.882    0.0029      H  1                916.429A   40.702    0.1895      Fe 7                7.81037m   39.584    0.0145
N  2c                     0    40.587    0.1454      H  1                915.824A   40.621    0.1575      Fe 7                6086.97A   40.103    0.0477
N  3c                     0    41.049    0.4213      H  1                915.329A   40.547    0.1326      Fe 7                5158.89A   39.617    0.0156
N  4c                     0    41.257    0.6803      H  1                914.919A   40.477    0.1130      Fe 7                4942.48A   39.216    0.0062
Na 3c                     0    39.087    0.0046      H  1                914.576A   40.413    0.0975      Fe 7                3586.32A   39.874    0.0282
Na 4c                     0    39.154    0.0054      H  1                914.286A   40.354    0.0852      Fe 7                5276.38A   39.051    0.0042
Na 5c                     0    39.237    0.0065      H  1                914.039A   40.302    0.0755      Fe 7                3758.92A   40.028    0.0402
Na 6c                     0    39.058    0.0043      H  1                913.826A   40.257    0.0680      Fe 7                3.38363m   38.739    0.0021
Ne 4c                     0    40.867    0.2770      H  1                913.641A   40.223    0.0629      Fe 7                2.62872m   38.896    0.0030
Ne 5c                     0    41.214    0.6170      H  1                913.480A   40.209    0.0610      Fe 7                2015.36A   38.545    0.0013
Ne 6c                     0    40.503    0.1199      H  1                913.339A   40.246    0.0664      K  3                4.61683m   38.655    0.0017
Ne 7c                     0    39.059    0.0043      H  1                913.215A   41.046    0.4189      K  4                5.98030m   38.578    0.0014
Ne 8c                     0    39.151    0.0053      H  1                6562.81A   41.845    2.6328      Mg 1                2852.13A   39.265    0.0069
Ni 2c                     0    39.487    0.0116      H  1                4861.33A   41.424    1.0000      Mg 1                4562.60A   39.181    0.0057
O  4c                     0    41.441    1.0404      H  1                4340.46A   41.113    0.4886      Mg 1                4571.10A   38.749    0.0021
O  6c                     0    41.126    0.5029      H  1                4101.73A   40.843    0.2626      N  1                5200.26A   38.449    0.0011
P  5c                     0    38.453    0.0011      H  1                3970.07A   40.637    0.1633      N  5                1238.82A   40.735    0.2047
S  4c                     0    41.373    0.8887      H  1                3889.05A   40.460    0.1087      N  5                1242.80A   40.439    0.1035
S  5c                     0    39.686    0.0183      H  1                3835.38A   40.305    0.0761      Ne 2                12.8101m   38.714    0.0019
S  6c                     0    39.889    0.0292      H  1                3797.89A   40.168    0.0554      Ne 3                15.5509m   40.737    0.2055
S  8c                     0    38.930    0.0032      H  1                3770.63A   40.120    0.0497      Ne 3                3868.76A   41.187    0.5795
Si 6c                     0    39.866    0.0277      H  1                3750.15A   40.019    0.0393      Ne 3                36.0036m   39.692    0.0185
Si 8c                     0    39.073    0.0045      H  1                3734.36A   39.925    0.0317      Ne 3                3967.47A   40.669    0.1759
continua.......................................      H  1                3721.93A   39.839    0.0260      Ne 3                1814.56A   39.526    0.0127
Bac                 3646.00A   42.658   17.1525      H  1                3711.97A   39.758    0.0216      Ne 3                3342.18A   39.044    0.0042
nFnu                3645.00A   42.847   26.5035      H  1                3703.85A   39.684    0.0182      O  1                6300.30A   39.333    0.0081
nFnu                3647.00A   42.395    9.3510      H  1                3697.15A   39.614    0.0155      O  1                6363.78A   38.837    0.0026
cout                3646.00A   42.658   17.1525      H  1                3691.55A   39.550    0.0134      O  1                63.1679m   38.571    0.0014
thin                3646.00A   42.659   17.1601      H  1                3686.83A   39.492    0.0117      O  2                833.330A   38.426    0.0010
Inci                4860.00A   43.447  105.3684      H  1                3682.80A   39.439    0.0104      O  2                834.465A   38.607    0.0015
Inci                1215.00A   43.936  325.0912      H  1                3679.35A   39.394    0.0093      O  2                2470.22A   38.765    0.0022
Ba C                      0    42.202    5.9922      H  1                3676.36A   39.360    0.0086      O  2                2470.34A   39.338    0.0082
PA C                      0    41.758    2.1587      H  1                3673.75A   39.347    0.0084      O  2                7318.92A   38.683    0.0018
FIR                 83.0000m   42.667   17.4959      H  1                3671.47A   39.384    0.0091      O  2                7319.99A   39.144    0.0052
TIR                 1800.00m   39.751    0.0212      H  1                3669.46A   40.184    0.0575      O  2                7329.67A   38.905    0.0030
NIRa                2.85000m   43.771  222.3365      H  1                1.87510m   40.961    0.3445      O  2                7330.73A   38.875    0.0028
NIRb                3.00000m   43.365   87.2313      H  1                1.28180m   40.687    0.1831      O  2                3728.81A   40.865    0.2762
MIRa                15.0000m   43.419   98.7743      H  1                1.09380m   40.433    0.1020      O  2                3726.03A   40.692    0.1852
MIRb                22.5000m   43.495  117.6533      H  1                1.00493m   40.228    0.0637      O  3                88.3323m   41.444    1.0470
NMIR                21.7500m   43.771  222.3365      H  1                9545.93A   40.051    0.0424      O  3                51.8004m   41.222    0.6279
TFIR                611.250m   40.412    0.0973      H  1                9228.97A   39.897    0.0297      O  3                4958.91A   41.874    2.8163
TALL                10000.0A   44.198  594.4808      H  1                9014.87A   39.759    0.0216      O  3                5006.84A   42.349    8.4026
F12                 12.0000m   42.980   35.9946      H  1                8862.74A   39.605    0.0152      O  3                2320.95A   40.213    0.0615
F25                 25.0000m   42.766   21.9696      H  1                8750.43A   39.504    0.0120      O  3                4363.21A   40.812    0.2445
F60                 60.0000m   42.602   15.0540      H  1                8664.98A   39.411    0.0097      O  3                1660.81A   40.718    0.1969
F100                100.000m   41.724    1.9962      H  1                8598.35A   39.324    0.0079      O  3                1666.15A   41.185    0.5765
MIPS                24.0000m   42.480   11.3818      H  1                8545.34A   39.244    0.0066      O  3                835.289A   39.717    0.0196
MIPS                70.0000m   42.010    3.8517      H  1                8502.44A   39.170    0.0056      O  3                833.749A   39.584    0.0144
MIPS                160.000m   39.908    0.0305      H  1                8467.21A   39.100    0.0047      O  3                835.092A   39.078    0.0045
IRAC                3.60000m   42.579   14.2835      H  1                8437.91A   39.037    0.0041      O  3                832.929A   40.322    0.0791
IRAC                4.50000m   42.614   15.4888      H  1                8413.28A   38.978    0.0036      O  3                833.715A   40.183    0.0573
IRAC                5.80000m   42.648   16.7285      H  1                8392.35A   38.926    0.0032      O  3                835.059A   38.978    0.0036
IRAC                8.00000m   42.804   23.9836      H  1                8374.43A   38.881    0.0029      O  3                703.854A   38.527    0.0013
SPR1                250.000m   39.528    0.0127      H  1                8358.96A   38.847    0.0026      O  3                702.337A   39.482    0.0114
SPR2                350.000m   39.412    0.0097      H  1                8345.51A   38.833    0.0026      O  3                702.896A   39.368    0.0088
SPR3                500.000m   39.356    0.0086      H  1                8333.74A   38.870    0.0028      O  3                703.851A   39.577    0.0142
PAC1                70.0000m   42.068    4.4021      H  1                8323.38A   39.670    0.0176      O  5                1218.34A   40.696    0.1871
PAC2                100.000m   41.701    1.8936      H  1                4.05113m   40.307    0.0763      O  5                1213.81A   40.868    0.2781
PAC3                160.000m   40.052    0.0424      H  1                2.62513m   40.099    0.0473      O  5                629.732A   40.353    0.0849
PAH                 3.30000m   41.722    1.9834      H  1                2.16551m   39.905    0.0303      P  2                1.18828m   38.807    0.0024
PAHC                3.23000m   41.438    1.0322      H  1                1.94454m   39.733    0.0204      P  3                17.8797m   38.579    0.0014
PAHC                3.37000m   41.414    0.9770      H  1                1.81740m   39.579    0.0143      P  4                950.657A   38.650    0.0017
PAH                 6.20000m   42.164    5.4884      H  1                1.73620m   39.442    0.0104      S  2                6730.82A   40.085    0.0458
PAHC                5.65000m   42.203    6.0162      H  1                1.68064m   39.236    0.0065      S  2                6716.44A   40.242    0.0657
PAH                 7.90000m   42.356    8.5388      H  1                1.64071m   39.135    0.0051      S  2                4076.35A   38.721    0.0020
PAHC                6.90000m   42.415    9.7838      H  1                1.61092m   39.042    0.0041      S  2                4068.60A   39.212    0.0061
PAH                 11.3000m   41.763    2.1802      H  1                1.58804m   38.956    0.0034      S  2                1.03364m   38.583    0.0014
PAHC                10.9000m   41.785    2.2932      H  1                1.57006m   38.876    0.0028      S  2                1.02867m   38.586    0.0015
PAH                 11.8000m   41.978    3.5814      H  1                1.55563m   38.802    0.0024      S  2                1.03205m   38.719    0.0020
PAHC                12.6500m   41.946    3.3276      H  1                1.54388m   38.733    0.0020      S  3                33.4704m   40.728    0.2014
PAH                 13.3000m   41.979    3.5849      H  1                1.53417m   38.669    0.0018      S  3                18.7078m   40.546    0.1325
PAHC                14.1000m   41.960    3.4369      H  1                1.52604m   38.611    0.0015      S  3                9068.62A   40.672    0.1769
Bcon                3640.00A   43.841  261.4392      H  1                1.51917m   38.558    0.0014      S  3                9530.62A   41.072    0.4443
Pcon                5000.00A   43.279   71.6553      H  1                1.51331m   38.513    0.0012      S  3                3721.63A   39.669    0.0176
O3bn                5007.00A   42.394    9.3264      H  1                1.50827m   38.480    0.0011      S  3                6312.06A   39.943    0.0330
SX                  25.0000A   42.475   11.2329      H  1                1.50389m   38.466    0.0011      S  3                1713.11A   39.394    0.0093
HX                  4.70000A   42.304    7.5880      H  1                1.50008m   38.503    0.0012      S  3                1728.94A   39.845    0.0264
HFFc                      0    42.242    6.5722      H  1                1.49672m   39.303    0.0076      S  3                1190.20A   39.093    0.0047
H FF                      0    42.175    5.6391      H  1                7.45777m   39.770    0.0222      S  3                1194.45A   38.912    0.0031
HeFF                      0    41.392    0.9278      H  1                4.65247m   39.621    0.0157      S  3                1194.06A   39.151    0.0053
MeFB                      0    39.622    0.0158      H  1                3.73951m   39.462    0.0109      S  3                1201.73A   38.560    0.0014
MeFF                      0    39.030    0.0040      H  1                3.29607m   39.314    0.0078      S  3                1200.97A   39.161    0.0055
ToFF                      0    42.242    6.5710      H  1                3.03835m   39.180    0.0057      S  3                1021.11A   38.499    0.0012
nFnu                1.33478c   38.549    0.0013      H  1                2.87219m   38.947    0.0033      S  3                1021.32A   38.615    0.0016
nFnu                9993.08m   38.660    0.0017      H  1                2.75749m   38.847    0.0026      S  3                1077.16A   38.750    0.0021
nFnu                6917.22m   38.801    0.0024      H  1                2.67438m   38.754    0.0021      Si 2                34.8046m   40.186    0.0578
nFnu                122.400m   40.291    0.0737      H  1                2.61191m   38.669    0.0018      Si 2                2334.41A   39.101    0.0048
nFnu                60.8322m   40.539    0.1302      H  1                2.56361m   38.589    0.0015      Si 2                2328.52A   38.480    0.0011
nInu                60.8322m   42.685   18.2451      H  1                2.52538m   38.515    0.0012      Si 2                1808.01A   39.488    0.0116
nFnu                41.2152m   40.680    0.1803      H  1                2.49455m   38.446    0.0011      Si 2                1526.71A   38.732    0.0020
nInu                41.2152m   42.908   30.5051      H  1                2.37371m   39.017    0.0039      Si 2                1260.42A   38.921    0.0031
nFnu                30.8695m   40.783    0.2286      H  1                12.3684m   39.325    0.0080      Si 2                1193.29A   38.582    0.0014
nInu                30.8695m   43.021   39.4940      H  1                7.50038m   39.210    0.0061      Si 2                2350.17A   39.226    0.0063
nFnu                24.7829m   40.861    0.2737      H  1                5.90655m   39.077    0.0045      Si 2                2344.20A   39.629    0.0160
nInu                24.7829m   43.080   45.2728      H  1                5.12722m   38.949    0.0034      Si 2                2334.60A   39.527    0.0127
nFnu                24.2998m   40.868    0.2781      H  1                4.67119m   38.708    0.0019      Si 2                1817.45A   39.202    0.0060
nInu                24.2998m   43.089   46.1871      H  1                4.37522m   38.609    0.0015      Si 2                1816.93A   39.758    0.0216
nFnu                22.8302m   40.890    0.2924      H  1                4.16962m   38.518    0.0012      Si 2                1533.43A   39.027    0.0040
nInu                22.8302m   43.106   48.0472      H  1                4.01974m   38.433    0.0010      Si 2                1309.28A   38.456    0.0011
nFnu                21.4199m   40.912    0.3077      H  1                3.48198m   38.783    0.0023      Si 2                1264.74A   38.479    0.0011
nInu                21.4199m   43.120   49.5928      H  1                19.0565m   38.940    0.0033      Si 2                1194.50A   38.466    0.0011
nFnu                21.1235m   40.918    0.3118      H  1                11.3055m   38.851    0.0027      Si 3                1892.03A   40.986    0.3650
nInu                21.1235m   43.123   50.0079      H  1                8.75760m   38.738    0.0021      Si 3                1882.71A   41.174    0.5617
nFnu                19.6199m   40.945    0.3315      H  1                7.50599m   38.504    0.0012      Si 3                1206.50A   40.662    0.1729
nInu                19.6199m   43.129   50.6947      H  1                4.84633m   38.584    0.0014      Si 4                1393.75A   40.791    0.2328
nFnu                17.6534m   40.982    0.3612      H  1                27.7955m   38.603    0.0015      Si 4                1402.77A   40.503    0.1199
nInu                17.6534m   43.152   53.3822      H  1                16.2045m   38.532    0.0013      Si 7                2146.64A   39.633    0.0162
nFnu                17.3700m   40.988    0.3660      Ca A                303.784A   42.523   12.5543      Si 7                2350.02A   38.998    0.0037
nInu                17.3700m   43.155   53.8289      Ca A                256.317A   41.856    2.7015      Si 7                2.48071m   39.705    0.0191
nFnu                15.6901m   41.023    0.3974      Ca A                243.027A   41.439    1.0351      Si 7                6.51288m   38.537    0.0013
nInu                15.6901m   43.168   55.3923      Ca A                237.331A   41.134    0.5126      Al 2                2669.15A   39.704    0.0191
nFnu                14.6036m   41.049    0.4219      Ca A                234.347A   40.892    0.2936      Al 2                2660.35A   39.894    0.0295
nInu                14.6036m   43.183   57.3653      Ca A                232.584A   40.690    0.1846      Al 2                1670.79A   39.822    0.0250
nFnu                12.4300m   41.109    0.4837      Ca A                231.454A   40.517    0.1240      Al 5                2.90450m   38.852    0.0027
nInu                12.4300m   43.198   59.4448      Ca A                230.686A   40.366    0.0874      C  4                1550.78A   41.708    1.9228
nFnu                11.4000m   41.138    0.5179      Ca A                230.139A   40.231    0.0640      C  4                1548.19A   42.007    3.8238
nInu                11.4000m   43.207   60.6638      Ca A                229.736A   40.108    0.0483      Ca 2                7323.89A   38.492    0.0012
nFnu                10.4600m   41.171    0.5586      Ca A                229.431A   39.997    0.0374      Ca 2                7291.47A   38.661    0.0017
nInu                10.4600m   43.217   62.0519      Ca A                229.194A   39.894    0.0295      Ca 2                3968.47A   38.552    0.0013
nFnu                9.48002m   41.204    0.6025      Ca A                229.006A   39.800    0.0237      Ca 2                3933.66A   38.850    0.0027
nInu                9.48002m   43.227   63.4975      Ca A                228.855A   39.711    0.0194      Ca 5                4.15739m   39.291    0.0074
nFnu                9.32488m   41.210    0.6104      Ca A                228.731A   39.629    0.0160      Ca 5                5309.11A   39.423    0.0100
nInu                9.32488m   43.230   64.0257      Ca A                228.629A   39.551    0.0134      Ca 5                6086.37A   38.712    0.0019
nFnu                8.21035m   41.257    0.6808      Ca A                228.543A   39.478    0.0113      Ca 5                2412.87A   38.509    0.0012
nInu                8.21035m   43.237   64.9764      Ca A                228.471A   39.408    0.0096      Ca 8                2.32117m   38.734    0.0020
nFnu                7.58000m   41.284    0.7241      Ca A                228.409A   39.343    0.0083      Cl 3                5537.87A   38.846    0.0026
nInu                7.58000m   43.245   66.2564      Ca A                228.356A   39.280    0.0072      Cl 3                5517.71A   38.988    0.0037
nFnu                7.05026m   41.315    0.7777      Ca A                228.309A   39.221    0.0063      Cl 4                20.3197m   39.053    0.0043
nInu                7.05026m   43.247   66.4903      Ca A                228.269A   39.163    0.0055      Cl 4                11.7629m   38.979    0.0036
nFnu                4.11370m   41.515    1.2323      Ca A                228.234A   39.109    0.0048      Cl 4                7530.54A   38.844    0.0026
nInu                4.11370m   43.245   66.2397      Ca A                1640.43A   41.481    1.1389      Cl 4                8045.62A   39.208    0.0061
nFnu                2.32440m   41.710    1.9331      Ca A                1215.13A   41.009    0.3848      Fe10                6374.54A   38.523    0.0013
nInu                2.32440m   43.161   54.6208      Ca A                1084.94A   40.677    0.1791      Fe 4                3095.77A   40.843    0.2624
nFnu                1.64313m   41.847    2.6484      Ca A                1025.27A   40.420    0.0991      Fe 4                3094.96A   40.658    0.1712
nInu                1.64313m   43.006   38.2021      Ca A                992.360A   40.210    0.0611      Fe 4                3094.53A   40.515    0.1234
nFnu                1.48022m   41.872    2.8052      Ca A                972.108A   40.031    0.0405      Fe 4                2835.74A   40.819    0.2483
nInu                1.48022m   42.974   35.4528      Ca A                958.694A   39.876    0.0283      Fe 4                2829.36A   40.472    0.1116
nFnu                1.43649m   41.964    3.4657      Ca A                949.324A   39.738    0.0206      Fe 4                2823.50A   40.305    0.0760
nInu                1.43649m   42.967   34.9248      Ca A                942.508A   39.614    0.0155      Fe 4                2577.92A   38.984    0.0036
nFnu                1.11867m   42.020    3.9402      Ca A                937.389A   39.501    0.0119      Fe 4                2.83562m   39.462    0.0109
nInu                1.11867m   42.961   34.4074      Ca A                933.444A   39.398    0.0094      Fe 4                2.80554m   38.851    0.0027
nFnu                8329.68A   42.077    4.4925      Ca A                930.337A   39.302    0.0075      Fe 4                2.86447m   39.055    0.0043
nInu                8329.68A   43.025   39.9085      Ca A                927.846A   39.213    0.0062      Fe 4                2567.61A   39.849    0.0266
nFnu                8078.61A   42.272    7.0386      Ca A                925.817A   39.130    0.0051      Fe 4                2.71569m   38.732    0.0020
nInu                8078.61A   43.028   40.1750      Ca A                924.142A   39.052    0.0042      Fe 4                2567.40A   39.075    0.0045
nFnu                6209.66A   42.307    7.6295      Ca A                922.743A   38.978    0.0036      Fe 4                2.77325m   38.503    0.0012
nInu                6209.66A   43.090   46.2861      Ca A                921.562A   38.909    0.0031      Fe 4                6739.82A   39.276    0.0071
nFnu                4885.36A   42.336    8.1705      Ca A                920.556A   38.843    0.0026      Fe 4                6761.38A   38.775    0.0022
nInu                4885.36A   43.351   84.4505      Ca A                919.693A   38.780    0.0023      Fe 4                6734.42A   38.570    0.0014
nFnu                3704.34A   42.377    8.9820      Ca A                918.945A   38.720    0.0020      Fe 4                6997.10A   38.442    0.0010
nInu                3704.34A   43.267   69.6501      Ca A                918.295A   38.663    0.0017      Fe 4                5233.76A   38.745    0.0021
nFnu                3587.67A   42.847   26.4606      Ca A                917.724A   38.608    0.0015      Fe 4                4906.56A   39.391    0.0093
nInu                3587.67A   43.283   72.3357      Ca A                4685.64A   40.715    0.1954      Fe 4                4917.98A   38.882    0.0029
nFnu                2430.05A   42.793   23.3565      Ca A                3203.04A   40.367    0.0878      Fe 4                7222.76A   38.908    0.0030
nInu                2430.05A   43.406   95.9184      Ca A                2733.24A   40.098    0.0472      Fe 4                4899.97A   38.942    0.0033
nFnu                2392.03A   42.791   23.2481      Ca A                2511.15A   39.879    0.0285      Fe 4                4903.07A   38.962    0.0034
nInu                2392.03A   43.392   92.8606      Ca A                2385.35A   39.695    0.0187      Fe 4                7183.99A   38.613    0.0015
nFnu                2071.34A   42.785   22.9543      Ca A                2306.15A   39.536    0.0129      Fe 4                4868.16A   38.772    0.0022
nInu                2071.34A   43.409   96.5308      Ca A                2252.64A   39.395    0.0093      Fe 4                4869.23A   38.426    0.0010
nFnu                2052.68A   42.792   23.3022      Ca A                2214.62A   39.268    0.0070      Fe 4                7191.23A   38.524    0.0013
nInu                2052.68A   43.399   94.4454      Ca A                2186.56A   39.154    0.0054      Fe 4                4867.95A   38.650    0.0017
nFnu                1793.44A   42.821   24.9497      Ca A                2165.20A   39.049    0.0042      Fe 4                4206.59A   38.602    0.0015
nInu                1793.44A   43.426  100.5312      Ca A                2148.55A   38.952    0.0034      Fe 4                4208.88A   38.569    0.0014
nFnu                1585.12A   42.831   25.5357      Ca A                2135.31A   38.862    0.0027      Fe 5                70.3538m   39.297    0.0075
nInu                1585.12A   43.496  118.1330      Ca A                2124.58A   38.778    0.0023      Fe 5                36.3273m   39.337    0.0082
nFnu                1458.33A   42.820   24.8787      Ca A                2115.78A   38.700    0.0019      Fe 5                25.9131m   39.272    0.0071
nInu                1458.33A   43.438  103.1542      Ca A                2108.46A   38.626    0.0016      Fe 5                20.8407m   39.077    0.0045
nFnu                1356.96A   42.771   22.2098      Ca A                2102.30A   38.555    0.0014      Fe 5                4180.59A   39.134    0.0051
nInu                1356.96A   43.472  111.7398      Ca A                2097.07A   38.489    0.0012      Fe 5                4143.15A   39.447    0.0105
nFnu                1297.29A   42.667   17.4822      Ca A                2092.59A   38.426    0.0010      Fe 5                4227.19A   40.156    0.0539
nInu                1297.29A   43.500  119.1398      Ca A                1.01233m   40.132    0.0510      Fe 5                4003.21A   38.448    0.0011
nFnu                1262.79A   42.518   12.4231      Ca A                6559.91A   39.861    0.0273      Fe 5                4071.24A   39.380    0.0090
nInu                1262.79A   43.585  144.7070      Ca A                5411.37A   39.636    0.0163      Fe 5                3895.22A   39.081    0.0045
nFnu                1218.08A   41.832    2.5565      Ca A                4859.18A   39.446    0.0105      Fe 5                3851.34A   38.868    0.0028
nInu                1218.08A   43.930  320.6539      Ca A                4541.46A   39.283    0.0072      Fe 5                3794.94A   39.457    0.0108
nFnu                1196.33A   41.812    2.4431      Ca A                4338.55A   39.139    0.0052      Fe 5                3755.70A   39.176    0.0056
nInu                1196.33A   43.773  223.3027      Ca A                4199.71A   39.010    0.0039      Fe 5                3911.33A   38.598    0.0015
nFnu                1175.06A   41.793    2.3373      Ca A                4099.92A   38.894    0.0030      Fe 5                3839.27A   39.466    0.0110
nInu                1175.06A   43.615  155.3366      Ca A                4025.48A   38.788    0.0023      Fe 5                3783.22A   39.054    0.0043
nFnu                1143.64A   41.760    2.1652      Ca A                3968.32A   38.690    0.0018      Fe 5                3891.28A   39.243    0.0066
nInu                1143.64A   43.529  127.2640      Ca A                3923.37A   38.599    0.0015      Fe 5                3819.95A   38.572    0.0014
nFnu                1113.22A   41.732    2.0313      Ca A                3887.33A   38.514    0.0012      Fe 5                3445.62A   38.797    0.0024
nInu                1113.22A   43.519  124.5386      Ca A                3857.96A   38.435    0.0010      Fe 5                3400.41A   38.429    0.0010
nFnu                1103.23A   41.725    2.0005      Ca A                1.86362m   39.654    0.0170      Fe 5                3463.51A   38.813    0.0024
nInu                1103.23A   43.507  121.0366      Ca A                1.16260m   39.437    0.0103      Fe 5                2828.24A   39.004    0.0038
nFnu                1073.86A   41.700    1.8878      Ca A                9344.62A   39.245    0.0066      Fe 5                2780.40A   38.471    0.0011
nInu                1073.86A   43.530  127.7308      Ca A                8236.51A   39.078    0.0045      Fe 5                2750.88A   38.659    0.0017
nFnu                1064.34A   41.691    1.8495      Ca A                7592.50A   38.932    0.0032      Fe 5                2730.21A   38.750    0.0021
nInu                1064.34A   43.534  128.8355      Ca A                7177.28A   38.802    0.0024      Fe 5                2717.82A   38.744    0.0021
nFnu                1035.92A   41.669    1.7579      Ca A                6890.67A   38.684    0.0018      Fe 5                2707.36A   38.795    0.0023
nInu                1035.92A   43.602  150.5596      Ca A                6682.98A   38.576    0.0014      Fe 6                19.5527m   39.977    0.0357
nFnu                1000.00A   41.643    1.6554      Ca A                6526.88A   38.478    0.0011      Fe 6                5335.19A   39.628    0.0160
nInu                1000.00A   43.537  129.6045      Ca A                3.09074m   39.247    0.0067      Fe 6                5277.81A   39.110    0.0049
nFnu                925.144A   41.606    1.5185      Ca A                1.87427m   39.070    0.0044      Fe 6                3813.55A   38.824    0.0025
nInu                925.144A   43.504  120.2377      Ca A                1.47599m   38.904    0.0030      Fe 6                3492.10A   39.114    0.0049
nFnu                897.800A   39.968    0.0350      Ca A                1.28124m   38.757    0.0022      Fe 6                2145.08A   38.964    0.0035
nFnu                760.023A   39.122    0.0050      Ca A                1.16728m   38.625    0.0016      Fe 6                14.7670m   39.823    0.0250
nFnu                701.514A   38.660    0.0017      Ca A                1.09332m   38.506    0.0012      Fe 6                5484.85A   39.374    0.0089
nFnu                496.874A   40.393    0.0932      Ca A                4.76203m   38.894    0.0029      Fe 6                5424.23A   39.442    0.0104
RRC............................................      Ca A                2.82513m   38.747    0.0021      Fe 6                5234.29A   38.677    0.0018
H  1                911.753A   42.967   34.9137      Ca A                2.18843m   38.602    0.0015      Fe 6                4972.48A   39.928    0.0319
H  1                3645.98A   41.876    2.8298      Ca A                1.87567m   38.470    0.0011      Fe 6                3889.41A   39.026    0.0040
H  1                3645.98A   42.159    5.4278      Ca A                6.94582m   38.580    0.0014      Fe 6                3555.61A   39.423    0.0100
H  1                8203.53A   41.182    0.5724      Ca A                4.04934m   38.458    0.0011      Fe 6                3573.86A   38.560    0.0014
H  1                8203.53A   41.506    1.2083      Ca B                1640.43A   41.646    1.6670      Fe 6                12.3074m   39.557    0.0136
H  1                8203.53A   41.321    0.7882      Ca B                1215.13A   41.174    0.5619      Fe 6                5631.08A   39.462    0.0109
H  1                1.45841m   40.725    0.2001      Ca B                1084.94A   40.839    0.2601      Fe 6                5426.65A   39.210    0.0061
H  1                1.45841m   41.054    0.4263      Ca B                1025.27A   40.580    0.1432      Fe 6                5145.76A   39.944    0.0331
H  1                1.45841m   40.970    0.3513      Ca B                992.360A   40.368    0.0878      Fe 6                4967.15A   39.554    0.0135
H  1                1.45841m   40.553    0.1345      Ca B                972.108A   40.187    0.0580      Fe 6                3662.50A   39.440    0.0104
H  1                2.27876m   40.389    0.0923      Ca B                958.694A   40.030    0.0404      Fe 6                5676.96A   39.540    0.0131
H  1                2.27876m   40.716    0.1959      Ca B                949.324A   39.891    0.0293      Fe 6                5370.30A   38.686    0.0018
H  1                2.27876m   40.662    0.1728      Ca B                942.508A   39.766    0.0220      Fe 6                5176.05A   39.925    0.0317
H  1                2.27876m   40.387    0.0918      Ca B                937.389A   39.653    0.0169      Fe 6                2260.89A   38.704    0.0019
H  1                2.27876m   39.833    0.0256      Ca B                933.444A   39.548    0.0133      Fe 6                1.28877m   38.900    0.0030
H  1                3.28142m   40.124    0.0501      Ca B                930.337A   39.452    0.0107      Fe 6                1.23303m   39.102    0.0048
H  1                3.28142m   40.449    0.1059      Ca B                927.846A   39.363    0.0087      Fe 6                3846.95A   38.856    0.0027
H  1                3.28142m   40.406    0.0958      Ca B                925.817A   39.279    0.0072      Fe 6                3905.01A   38.504    0.0012
H  1                3.28142m   40.182    0.0573      Ca B                924.142A   39.200    0.0060      Fe 6                1944.30A   38.533    0.0013
H  1                3.28142m   39.798    0.0236      Ca B                922.743A   39.126    0.0050      Fe 6                1.34929m   39.297    0.0075
H  1                3.28142m   39.158    0.0054      Ca B                921.562A   39.057    0.0043      Fe 6                1.26742m   38.851    0.0027
H  1                4.46637m   39.905    0.0303      Ca B                920.556A   38.990    0.0037      Fe 6                4014.57A   38.473    0.0011
H  1                4.46637m   40.229    0.0637      Ca B                919.693A   38.927    0.0032      Fe 6                1984.42A   38.508    0.0012
H  1                4.46637m   40.190    0.0583      Ca B                918.945A   38.867    0.0028      Mg 2                2802.71A   40.685    0.1824
H  1                4.46637m   39.990    0.0368      Ca B                918.295A   38.810    0.0024      Mg 2                2795.53A   40.985    0.3634
H  1                4.46637m   39.674    0.0178      Ca B                917.724A   38.755    0.0021      Mg 2                2936.51A   38.501    0.0012
H  1                4.46637m   39.224    0.0063      Ca B                4685.64A   40.754    0.2135      Mg 2                2798.00A   38.760    0.0022
H  1                4.46637m   38.527    0.0013      Ca B                3203.04A   40.417    0.0983      Mg 2                2790.78A   38.507    0.0012
H  1                5.83363m   39.719    0.0197      Ca B                2733.24A   40.152    0.0534      Mg 4                4.48712m   39.659    0.0172
H  1                5.83363m   40.041    0.0414      Ca B                2511.15A   39.936    0.0325      Mg 5                5.60700m   39.962    0.0345
H  1                5.83363m   40.004    0.0380      Ca B                2385.35A   39.753    0.0213      Mg 5                2782.76A   40.132    0.0510
H  1                5.83363m   39.817    0.0247      Ca B                2306.15A   39.594    0.0148      Mg 5                13.5464m   38.870    0.0028
H  1                5.83363m   39.536    0.0129      Ca B                2252.64A   39.454    0.0107      Mg 5                2928.09A   39.567    0.0139
H  1                5.83363m   39.167    0.0055      Ca B                2214.62A   39.327    0.0080      Mg 5                1324.43A   38.638    0.0016
H  1                5.83363m   38.675    0.0018      Ca B                2186.56A   39.213    0.0061      Mg 6                1806.00A   39.621    0.0157
H  1                7.38319m   39.557    0.0136      Ca B                2165.20A   39.108    0.0048      Mg 6                1806.43A   39.722    0.0199
H  1                7.38319m   39.878    0.0284      Ca B                2148.55A   39.011    0.0039      Mg 6                1190.12A   38.691    0.0018
H  1                7.38319m   39.842    0.0262      Ca B                2135.31A   38.921    0.0031      Mg 7                9.00655m   39.462    0.0109
H  1                7.38319m   39.662    0.0173      Ca B                2124.58A   38.837    0.0026      Mg 7                5.50177m   39.358    0.0086
H  1                7.38319m   39.400    0.0095      Ca B                2115.78A   38.759    0.0022      Mg 7                2508.99A   38.773    0.0022
H  1                7.38319m   39.076    0.0045      Ca B                2108.46A   38.685    0.0018      Mg 7                2628.89A   39.177    0.0057
H  1                7.38319m   38.676    0.0018      Ca B                2102.30A   38.614    0.0015      Mg 8                3.02765m   38.826    0.0025
H  1                9.11505m   39.414    0.0098      Ca B                2097.07A   38.548    0.0013      N  2                205.244m   39.156    0.0054
H  1                9.11505m   39.733    0.0204      Ca B                2092.59A   38.485    0.0011      N  2                121.767m   39.063    0.0044
H  1                9.11505m   39.698    0.0188      Ca B                2088.73A   38.425    0.0010      N  2                6548.05A   39.924    0.0316
H  1                9.11505m   39.523    0.0126      Ca B                1.01233m   40.148    0.0530      N  2                6583.45A   40.393    0.0931
H  1                9.11505m   39.273    0.0071      Ca B                6559.91A   39.883    0.0288      N  2                5754.61A   38.853    0.0027
H  1                9.11505m   38.974    0.0035      Ca B                5411.37A   39.661    0.0173      N  2                2139.01A   38.727    0.0020
H  1                9.11505m   38.627    0.0016      Ca B                4859.18A   39.474    0.0112      N  2                2142.78A   39.118    0.0049
H  1                11.0292m   40.173    0.0561      Ca B                4541.46A   39.312    0.0077      N  3                57.3238m   40.572    0.1406
H  1                13.1257m   40.060    0.0433      Ca B                4338.55A   39.168    0.0056      N  3                1748.65A   39.847    0.0265
H  1                15.4044m   39.957    0.0341      Ca B                4199.71A   39.041    0.0041      N  3                1753.99A   39.862    0.0274
H  1                17.8655m   39.861    0.0273      Ca B                4099.92A   38.925    0.0032      N  3                1746.82A   39.434    0.0102
H  1                20.5089m   39.771    0.0222      Ca B                4025.48A   38.819    0.0025      N  3                1752.16A   40.274    0.0708
H  1                23.3345m   39.688    0.0183      Ca B                3968.32A   38.721    0.0020      N  3                1749.67A   40.330    0.0806
H  1                26.3425m   39.609    0.0153      Ca B                3923.37A   38.630    0.0016      N  3                989.799A   39.982    0.0361
H  1                29.5328m   39.535    0.0129      Ca B                3887.33A   38.546    0.0013      N  3                991.511A   39.272    0.0071
H  1                32.9053m   39.464    0.0110      Ca B                3857.96A   38.467    0.0011      N  3                991.577A   39.496    0.0118
H  1                36.4602m   39.398    0.0094      Ca B                1.86362m   39.663    0.0174      N  3                763.334A   38.500    0.0012
H  1                40.1974m   39.334    0.0081      Ca B                1.16260m   39.450    0.0106      N  3                764.351A   38.785    0.0023
H  1                44.1168m   39.274    0.0071      Ca B                9344.62A   39.260    0.0068      N  3                685.515A   38.879    0.0029
H  1                48.2186m   39.216    0.0062      Ca B                8236.51A   39.095    0.0047      N  3                686.336A   38.585    0.0014
H  1                52.5027m   39.161    0.0055      Ca B                7592.50A   38.950    0.0034      N  3                685.817A   38.725    0.0020
H  1                56.9691m   40.317    0.0781      Ca B                7177.28A   38.820    0.0025      N  4                1486.50A   40.774    0.2238
He 2                227.838A   42.349    8.4183      Ca B                6890.67A   38.703    0.0019      N  4                1483.32A   40.952    0.3375
He 2                911.351A   41.113    0.4891      Ca B                6682.98A   38.595    0.0015      N  4                765.147A   40.498    0.1186
He 2                911.351A   41.482    1.1431      Ca B                6526.88A   38.497    0.0012      Na 3                7.31706m   39.087    0.0046
He 2                2049.88A   40.445    0.1050      Ca B                3.09074m   39.255    0.0068      Na 4                9.03098m   38.558    0.0014
He 2                2049.88A   40.869    0.2783      Ca B                1.87427m   39.079    0.0045      Na 4                3241.51A   38.890    0.0029
He 2                2049.88A   40.807    0.2415      Ca B                1.47599m   38.914    0.0031      Na 5                2067.25A   38.841    0.0026
He 2                3644.36A   39.945    0.0332      Ca B                1.28124m   38.768    0.0022      Na 5                2069.09A   38.924    0.0032
He 2                3644.36A   40.375    0.0894      Ca B                1.16728m   38.637    0.0016      Na 6                14.3228m   38.594    0.0015
He 2                3644.36A   40.422    0.0995      Ca B                1.09332m   38.518    0.0012      Na 6                2971.08A   38.513    0.0012
He 2                3644.36A   40.124    0.0501      Ca B                4.76203m   38.900    0.0030      Ne 4                2421.66A   40.432    0.1017
He 2                5694.36A   39.575    0.0142      Ca B                2.82513m   38.754    0.0021      Ne 4                2424.28A   40.592    0.1471
He 2                5694.36A   40.005    0.0381      Ca B                2.18843m   38.610    0.0015      Ne 4                1601.61A   39.222    0.0063
He 2                5694.36A   40.085    0.0459      Ca B                1.87567m   38.478    0.0011      Ne 4                4725.58A   38.623    0.0016
He 2                5694.36A   39.935    0.0324      Ca B                6.94582m   38.587    0.0015      Ne 4                1601.45A   39.599    0.0150
He 2                5694.36A   39.477    0.0113      Ca B                4.04934m   38.464    0.0011      Ne 4                4724.17A   38.657    0.0017
He 2                8199.90A   39.286    0.0073      He 2                607.567A   41.776    2.2504      Ne 4                4714.23A   38.614    0.0015
He 2                8199.90A   39.714    0.0195      He 2                303.784A   42.495   11.7850      Ne 5                24.2065m   40.643    0.1656
He 2                8199.90A   39.807    0.0241      He 2                256.317A   41.858    2.7144      Ne 5                14.3228m   40.554    0.1348
He 2                8199.90A   39.712    0.0194      He 2                243.027A   41.446    1.0509      Ne 5                3345.99A   40.283    0.0723
He 2                8199.90A   39.429    0.0101      He 2                237.331A   41.141    0.5213      Ne 5                3426.03A   40.730    0.2024
He 2                8199.90A   38.859    0.0027      He 2                234.347A   40.899    0.2982      Ne 5                1574.76A   39.345    0.0083
He 2                1.11610m   39.049    0.0042      He 2                232.584A   40.696    0.1871      Ne 5                2973.20A   38.920    0.0031
He 2                1.11610m   39.476    0.0113      He 2                231.454A   40.522    0.1254      Ne 5                1136.51A   39.260    0.0069
He 2                1.11610m   39.574    0.0141      He 2                230.686A   40.369    0.0882      Ne 5                1145.60A   39.713    0.0194
He 2                1.11610m   39.505    0.0120      He 2                230.139A   40.233    0.0644      Ne 5                568.422A   38.622    0.0016
He 2                1.11610m   39.293    0.0074      He 2                229.736A   40.644    0.1661      Ne 5                569.759A   38.465    0.0011
He 2                1.11610m   38.917    0.0031      He 2                229.431A   40.549    0.1334      Ne 6                7.64318m   40.440    0.1036
He 2                1.45776m   38.849    0.0027      He 2                229.194A   40.461    0.1090      Ne 6                997.031A   38.701    0.0019
He 2                1.45776m   39.274    0.0071      He 2                229.006A   40.380    0.0903      Ne 6                558.685A   38.731    0.0020
He 2                1.45776m   39.375    0.0089      He 2                228.855A   40.304    0.0759      Ne 6                1010.21A   38.649    0.0017
He 2                1.45776m   39.319    0.0079      He 2                228.731A   40.234    0.0646      Ne 6                1005.69A   39.088    0.0046
He 2                1.45776m   39.144    0.0053      He 2                228.629A   40.169    0.0555      Ne 6                999.183A   39.055    0.0043
He 2                1.45776m   38.853    0.0027      He 2                228.543A   40.108    0.0483      Ne 7                895.174A   38.519    0.0012
He 2                1.84498m   38.677    0.0018      He 2                228.471A   40.053    0.0426      Ne 7                887.279A   38.664    0.0017
He 2                1.84498m   39.101    0.0048      He 2                228.409A   40.004    0.0380      Ne 7                465.220A   38.549    0.0013
He 2                1.84498m   39.202    0.0060      He 2                228.356A   39.963    0.0346      Ne 8                780.325A   38.701    0.0019
He 2                1.84498m   39.154    0.0054      He 2                228.309A   39.932    0.0322      Ne 8                770.410A   38.960    0.0034
He 2                1.84498m   39.000    0.0038      He 2                228.269A   39.923    0.0315      Ni 2                1.19102m   39.189    0.0058
He 2                1.84498m   38.755    0.0021      He 2                228.234A   39.964    0.0347      Ni 2                6.63416m   38.458    0.0011
He 2                2.27776m   38.525    0.0013      He 2                228.203A   40.776    0.2247      Ni 2                7377.83A   38.495    0.0012
He 2                2.27776m   38.948    0.0033      He 2                1640.43A   41.420    0.9915      O  4                25.8832m   41.054    0.4267
He 2                2.27776m   39.050    0.0042      He 2                1215.13A   40.989    0.3672      O  4                1399.77A   40.162    0.0547
He 2                2.27776m   39.007    0.0038      He 2                1084.94A   40.668    0.1754      O  4                1407.38A   40.152    0.0534
He 2                2.27776m   38.866    0.0028      He 2                1025.27A   40.416    0.0982      O  4                1397.20A   39.709    0.0193
He 2                2.27776m   38.647    0.0017      He 2                992.360A   40.209    0.0609      O  4                1404.78A   40.595    0.1482
He 2                2.75608m   39.566    0.0139      He 2                972.108A   40.032    0.0406      O  4                1401.16A   40.591    0.1467
He 2                3.27997m   39.454    0.0107      He 2                958.694A   39.878    0.0284      O  4                787.710A   40.442    0.1043
He 2                3.84941m   39.351    0.0084      He 2                949.324A   39.741    0.0208      O  4                790.114A   39.724    0.0200
He 2                4.46440m   39.255    0.0068      He 2                942.508A   39.781    0.0227      O  4                790.201A   40.032    0.0405
He 2                5.12495m   39.166    0.0055      He 2                937.389A   39.686    0.0183      O  4                608.397A   38.998    0.0037
He 2                5.83106m   39.082    0.0046      He 2                933.444A   39.598    0.0149      O  4                609.830A   39.266    0.0069
He 2                6.58272m   39.004    0.0038      He 2                930.337A   39.517    0.0124      O  4                554.076A   39.258    0.0068
He 2                7.37993m   38.930    0.0032      He 2                927.846A   39.441    0.0104      O  4                555.264A   38.972    0.0035
He 2                8.22270m   38.860    0.0027      He 2                925.817A   39.371    0.0089      O  4                554.514A   39.091    0.0046
He 2                9.11102m   38.793    0.0023      He 2                924.142A   39.306    0.0076      O  6                1037.62A   40.654    0.1699
He 2                10.0449m   38.730    0.0020      He 2                922.743A   39.246    0.0066      O  6                1031.91A   40.947    0.3331
He 2                11.0243m   38.670    0.0018      He 2                921.562A   39.191    0.0058      S  4                10.5076m   41.285    0.7262
He 2                12.0493m   38.612    0.0015      He 2                920.556A   39.142    0.0052      S  4                1404.81A   39.508    0.0121
He 2                13.1199m   38.557    0.0014      He 2                919.693A   39.100    0.0047      S  4                1423.84A   39.371    0.0089
He 2                14.2360m   39.736    0.0205      He 2                918.945A   39.070    0.0044      S  4                1398.04A   38.658    0.0017
He 1                504.259A   42.182    5.7199      He 2                918.295A   39.060    0.0043      S  4                1416.89A   39.967    0.0349
He 1                2599.69A   40.782    0.2281      He 2                917.724A   39.102    0.0048      S  4                1406.02A   40.029    0.0402
He 1                3120.85A   40.258    0.0682      He 2                917.221A   39.913    0.0308      S  4                1062.66A   39.779    0.0227
He 1                3421.00A   40.204    0.0603      He 2                4685.64A   40.607    0.1524      S  4                1073.52A   38.962    0.0034
He 1                3420.88A   40.681    0.1808      He 2                3203.04A   40.313    0.0773      S  4                1072.97A   39.753    0.0213
He 1                3420.88A   40.903    0.3013      He 2                2733.24A   40.061    0.0434      S  4                809.656A   38.628    0.0016
He 1                3678.70A   40.465    0.1099      He 2                2511.15A   39.851    0.0267      S  4                815.941A   38.777    0.0023
He 1                6632.16A   39.935    0.0324      He 2                2385.35A   39.672    0.0177      S  4                748.393A   38.976    0.0036
He 1                7435.20A   39.488    0.0116      He 2                2306.15A   39.516    0.0123      S  4                753.760A   38.722    0.0020
He 1                7843.44A   40.463    0.1093      He 2                2252.64A   39.377    0.0090      S  4                750.221A   38.893    0.0029
He 1                8188.36A   40.151    0.0533      He 2                2214.62A   39.265    0.0069      S  4                657.319A   38.897    0.0030
He 1                8190.64A   39.660    0.0172      He 2                2186.56A   39.171    0.0056      S  5                1199.14A   38.812    0.0024
He 1                8261.30A   39.825    0.0252      He 2                2165.20A   39.084    0.0046      S  5                1188.28A   38.950    0.0034
He 1                1.24779m   39.422    0.0099      He 2                2148.55A   39.003    0.0038      S  5                786.470A   39.518    0.0124
He 1                1.35647m   39.004    0.0038      He 2                2135.31A   38.927    0.0032      S  6                944.524A   39.429    0.0101
He 1                1.40934m   39.992    0.0370      He 2                2124.58A   38.857    0.0027      S  6                933.380A   39.704    0.0191
He 1                1.45602m   39.800    0.0238      He 2                2115.78A   38.792    0.0023      S  8                9914.00A   38.930    0.0032
He 1                1.45643m   39.306    0.0076      He 2                2108.46A   38.732    0.0020      Si 6                1.96247m   39.866    0.0277
He 1                1.45759m   39.374    0.0089      He 2                2102.30A   38.677    0.0018      Si 8                1445.74A   38.646    0.0017
He 1                1.45759m   38.897    0.0030      He 2                2097.07A   38.628    0.0016      Si 8                1440.51A   38.800    0.0024
He 1                1.46631m   39.377    0.0090      He 2                2092.59A   38.586    0.0015      level 1 lines..................................
He 1                2.01409m   39.056    0.0043      He 2                2088.73A   38.556    0.0014      recombination..................................
He 1                2.15127m   38.652    0.0017      He 2                2085.37A   38.547    0.0013      C  2                1335.00A   39.552    0.0134
He 1                2.21672m   39.644    0.0166      He 2                2082.42A   38.588    0.0015      C  3                1923.00A   38.508    0.0012
He 1                2.27546m   39.492    0.0117      He 2                2079.84A   39.400    0.0095      C  4                1549.00A   38.884    0.0029
He 1                2.27605m   38.997    0.0037      He 2                1.01233m   39.979    0.0359      C  2                1092.50A   38.466    0.0011
He 1                2.27752m   39.207    0.0061      He 2                6559.91A   39.769    0.0221      C  2                1036.80A   38.992    0.0037
He 1                2.27752m   38.730    0.0020      He 2                5411.37A   39.567    0.0139      C  2                946.100A   38.795    0.0023
He 1                2.27778m   38.658    0.0017      He 2                4859.18A   39.389    0.0092      C  2                799.800A   39.632    0.0162
He 1                2.28864m   39.041    0.0041      He 2                4541.46A   39.233    0.0064      C  3                2296.90A   38.895    0.0030
He 1                2.96255m   38.782    0.0023      He 2                4338.55A   39.094    0.0047      C  3                1828.00A   38.776    0.0022
He 1                3.20640m   39.373    0.0089      He 2                4199.71A   38.896    0.0030      C  3                1577.10A   38.853    0.0027
He 1                3.27715m   39.236    0.0065      He 2                4099.92A   38.802    0.0024      C  3                1247.40A   38.489    0.0012
He 1                3.27790m   38.737    0.0021      He 2                4025.48A   38.715    0.0020      C  3                1175.70A   39.074    0.0045
He 1                3.27968m   39.002    0.0038      He 2                3968.32A   38.634    0.0016      C  3                977.000A   39.435    0.0102
He 1                3.27969m   38.525    0.0013      He 2                3923.37A   38.559    0.0014      C  3                538.200A   38.499    0.0012
He 1                3.28001m   38.622    0.0016      He 2                3887.33A   38.489    0.0012      C  3                493.500A   38.669    0.0018
He 1                3.29317m   38.773    0.0022      He 2                3857.96A   38.424    0.0010      C  3                492.600A   38.500    0.0012
He 1                4.46460m   39.684    0.0182      He 2                3740.11A   39.033    0.0041      C  3                483.700A   38.510    0.0012
He 1                5.83132m   39.512    0.0123      He 2                1.86362m   39.461    0.0109      C  3                476.000A   38.684    0.0018
He 1                7.38026m   39.361    0.0086      He 2                1.16260m   39.307    0.0076      C  3                459.600A   39.563    0.0138
He 1                9.11143m   39.225    0.0063      He 2                9344.62A   39.143    0.0052      C  3                411.700A   39.454    0.0107
He 1                11.0248m   39.101    0.0048      He 2                8236.51A   38.992    0.0037      C  3                398.400A   39.263    0.0069
He 1                13.1205m   38.989    0.0037      He 2                7592.50A   38.855    0.0027      C  3                371.700A   38.704    0.0019
He 1                15.3983m   38.885    0.0029      He 2                7177.28A   38.607    0.0015      N  2                1085.10A   38.684    0.0018
He 1                17.8584m   38.789    0.0023      He 2                6890.67A   38.514    0.0012      N  2                646.400A   38.520    0.0012
He 1                20.5007m   38.700    0.0019      He 2                6682.98A   38.427    0.0010      N  3                991.000A   39.667    0.0175
He 1                23.3253m   38.616    0.0016      He 2                5931.63A   38.747    0.0021      N  3                782.900A   38.731    0.0020
He 1                26.3321m   38.537    0.0013      He 2                3.09074m   39.018    0.0039      N  3                764.000A   39.134    0.0051
He 1                29.5211m   38.463    0.0011      He 2                1.87427m   38.905    0.0030      N  3                685.700A   38.988    0.0037
He 1                61.5933m   39.232    0.0064      He 2                1.47599m   38.770    0.0022      N  3                472.300A   38.485    0.0012
C  5                31.6244A   39.109    0.0048      He 2                1.28124m   38.640    0.0016      N  3                418.800A   39.059    0.0043
O  7                16.7725A   38.577    0.0014      He 2                8701.09A   38.512    0.0012      N  3                411.300A   38.490    0.0012
C  2                508.611A   38.845    0.0026      He 2                4.76203m   38.634    0.0016      N  3                391.300A   38.975    0.0036
C  3                258.925A   38.466    0.0011      He 2                2.82513m   38.549    0.0013      N  3                387.400A   39.118    0.0049
C  4                192.277A   38.468    0.0011      He 2                2.18843m   38.437    0.0010      N  3                374.400A   39.204    0.0060
N  3                261.326A   38.867    0.0028      Ca A                33.7359A   38.475    0.0011      N  3                348.700A   39.673    0.0177
O  2                353.073A   40.398    0.0942      He-like iso-sequence...........................      N  3                340.200A   39.524    0.0126
O  3                225.699A   38.637    0.0016      He 1                1202.81A   40.891    0.2931      N  3                323.300A   39.291    0.0074
O  4                160.185A   39.039    0.0041      He 1                584.334A   41.552    1.3417      N  3                311.600A   38.631    0.0016
O  6                89.7895A   38.601    0.0015      He 1                537.030A   40.977    0.3575      N  4                283.500A   38.456    0.0011
Ne 2                302.733A   39.137    0.0052      He 1                522.213A   40.590    0.1465      O  2                386.300A   39.265    0.0069
Ne 3                195.397A   38.485    0.0011      He 1                515.617A   40.297    0.0745      O  2                385.700A   39.097    0.0047
Ne 4                127.676A   39.598    0.0149      He 1                512.099A   40.055    0.0428      O  3                834.500A   39.434    0.0102
Ne 5                98.2561A   38.437    0.0010      He 1                625.563A   42.286    7.2719      O  3                703.400A   39.181    0.0057
Mg 4                113.449A   38.785    0.0023      He 1                510.018A   40.688    0.1834      O  3                599.600A   38.693    0.0019
Mg 5                87.7560A   38.947    0.0033      He 1                508.657A   40.536    0.1293      O  3                541.600A   38.536    0.0013
Mg 6                66.4875A   38.982    0.0036      He 1                507.727A   40.401    0.0947      O  3                374.100A   38.971    0.0035
Si 5                74.3401A   38.612    0.0015      He 1                507.065A   40.279    0.0716      O  3                320.700A   38.914    0.0031
Si 6                60.4579A   38.668    0.0018      He 1                506.576A   40.170    0.0557      O  3                300.500A   39.509    0.0122
Fe 4                226.276A   38.581    0.0014      He 1                506.204A   40.068    0.0441      O  3                299.300A   39.142    0.0052
Fe 6                125.176A   38.462    0.0011      He 1                505.916A   39.975    0.0355      O  4                922.700A   38.590    0.0015
grains.........................................      He 1                505.687A   39.888    0.0291      O  4                789.400A   39.867    0.0277
H-like iso-sequence............................      He 1                505.502A   39.808    0.0242      O  4                779.900A   39.356    0.0085
Cool                1215.67A   42.582   14.3936      He 1                505.352A   39.733    0.0204      O  4                617.000A   39.104    0.0048
Crst                960.000A   42.440   10.3608      He 1                505.227A   39.663    0.0173      O  4                609.400A   39.053    0.0043
CION                      0    41.251    0.6715      He 1                505.122A   39.599    0.0149      O  4                554.400A   39.364    0.0087
Q(H)                4861.33A   41.608    1.5282      He 1                505.033A   39.539    0.0130      O  4                379.800A   38.448    0.0011
Q(H)                1215.67A   43.145   52.5720      He 1                504.958A   39.485    0.0115      O  4                288.500A   38.694    0.0019
CaBo                4861.33A   41.600    1.4984      He 1                504.893A   39.436    0.0103      O  4                285.800A   38.751    0.0021
CaBo                1640.00A   41.666    1.7436      He 1                504.836A   39.395    0.0094      O  4                276.100A   39.058    0.0043
CaBo                4685.64A   40.744    0.2091      He 1                504.787A   39.366    0.0087      O  4                273.500A   39.110    0.0049
Ca A                937.804A   41.377    0.8966      He 1                504.744A   39.357    0.0086      O  4                267.000A   38.858    0.0027
Ca A                930.748A   41.174    0.5618      He 1                504.706A   39.401    0.0095      O  4                265.500A   39.454    0.0107
Ca A                926.226A   40.999    0.3755      He 1                504.672A   40.222    0.0627      O  4                260.500A   39.238    0.0065
Ca A                923.150A   40.845    0.2635      TOTL                1.08303m   40.877    0.2840      O  4                258.600A   38.814    0.0025
Ca A                920.963A   40.708    0.1921      He 1                1.08303m   40.877    0.2840      O  4                252.500A   39.137    0.0052
Ca A                919.351A   40.583    0.1443      He 1                3888.63A   40.636    0.1627      O  4                250.300A   39.249    0.0067
Ca A                918.129A   40.470    0.1112      He 1                3187.74A   40.255    0.0677      O  4                238.500A   38.781    0.0023
Ca A                917.181A   40.366    0.0875      He 1                2945.10A   39.942    0.0330      O  4                224.100A   38.931    0.0032
Ca A                916.429A   40.270    0.0701      He 1                2829.08A   39.688    0.0183      O  4                213.000A   38.782    0.0023
Ca A                915.824A   40.181    0.0571      He 1                2760.44A   38.864    0.0028      O  4                211.300A   38.926    0.0032
Ca A                915.329A   40.097    0.0471      He 1                2721.00A   38.722    0.0020      O  4                207.200A   38.938    0.0033
Ca A                914.919A   40.019    0.0393      He 1                2694.61A   38.594    0.0015      O  4                203.000A   38.468    0.0011
Ca A                914.576A   39.945    0.0332      He 1                2676.05A   38.477    0.0011      O  4                200.800A   39.538    0.0130
Ca A                914.286A   39.876    0.0283      He 1                2610.71A   38.431    0.0010      O  4                196.400A   39.554    0.0135
Ca A                914.039A   39.811    0.0244      He 1                7065.22A   39.964    0.0347      O  4                188.200A   39.300    0.0075
Ca A                913.826A   39.750    0.0212      He 1                5875.64A   40.544    0.1318      O  4                184.200A   39.012    0.0039
Ca A                913.641A   39.692    0.0185      He 1                4713.03A   39.324    0.0079      O  4                182.800A   38.569    0.0014
Ca A                913.480A   39.638    0.0164      He 1                4471.49A   40.164    0.0550      O  4                158.600A   39.384    0.0091
Ca A                913.339A   39.587    0.0145      He 1                4120.82A   38.919    0.0031      O  5                760.400A   38.452    0.0011
Ca A                3970.07A   40.635    0.1626      He 1                4026.20A   39.858    0.0272      O  5                629.700A   38.806    0.0024
Ca A                3889.05A   40.458    0.1080      He 1                3867.48A   38.629    0.0016      O  5                202.300A   38.465    0.0011
Ca A                3835.38A   40.302    0.0755      He 1                3819.61A   39.606    0.0152      O  5                192.900A   38.961    0.0034
Ca A                3797.89A   40.164    0.0549      He 1                3704.76A   39.489    0.0116      O  5                168.000A   38.850    0.0027
Ca A                3770.63A   40.039    0.0412      He 1                3634.08A   39.336    0.0082      O  5                141.300A   38.820    0.0025
Ca A                3750.15A   39.925    0.0317      He 1                3587.16A   39.200    0.0060      level2 lines...................................
Ca A                3734.36A   39.821    0.0249      He 1                3554.34A   39.078    0.0045      S  3                667.049A   39.188    0.0058
Ca A                3721.93A   39.725    0.0200      He 1                3530.43A   38.966    0.0035      S  3                691.219A   38.474    0.0011
Ca A                3711.97A   39.635    0.0162      He 1                3512.47A   38.865    0.0028      S  3                704.220A   38.741    0.0021
Ca A                3703.85A   39.551    0.0134      He 1                3498.61A   38.771    0.0022      hyperfine structure............................
Ca A                3697.15A   39.472    0.0112      He 1                3487.70A   38.685    0.0018      inner shell....................................
Ca A                3691.55A   39.398    0.0094      He 1                3478.94A   38.605    0.0015      O  5                1215.53A   38.576    0.0014
Ca A                3686.83A   39.328    0.0080      He 1                3471.80A   38.530    0.0013      Si 5                119.791A   38.994    0.0037
Ca A                3682.80A   39.261    0.0069      He 1                3465.91A   38.460    0.0011      Si 5                120.490A   38.992    0.0037
Ca A                3679.35A   39.198    0.0059      He 1                3439.99A   39.019    0.0039      S  6                488.127A   38.523    0.0013
Ca A                3676.36A   39.137    0.0052      He 1                7281.35A   39.251    0.0067      S  7                72.4207A   38.738    0.0021
Ca A                3673.75A   39.079    0.0045      He 1                6678.15A   39.985    0.0364      S  7                72.9319A   38.735    0.0020
Ca A                3671.47A   39.024    0.0040      He 1                5047.64A   38.810    0.0024      Fe 6                167.773A   38.777    0.0023
Ca A                9545.93A   40.063    0.0436      He 1                4921.93A   39.585    0.0145      Fe 6                172.200A   38.766    0.0022
Ca A                9228.97A   39.907    0.0304      He 1                4437.55A   38.484    0.0011      Fe 7                172.440A   39.007    0.0038
Ca A                9014.87A   39.767    0.0220      He 1                4387.93A   39.279    0.0072      Fe 7                177.120A   38.995    0.0037
Ca A                8862.74A   39.642    0.0165      He 1                4143.76A   39.032    0.0041      Fe 8                185.328A   39.156    0.0054
Ca A                8750.43A   39.528    0.0127      He 1                4009.05A   38.852    0.0027      Fe 8                190.745A   39.144    0.0052
Ca A                8664.98A   39.423    0.0100      He 1                3926.41A   38.697    0.0019      Fe 9                194.333A   38.903    0.0030
Ca A                8598.35A   39.326    0.0080      He 1                3871.69A   38.560    0.0014      Fe 9                200.622A   38.890    0.0029
Ca A                8545.34A   39.236    0.0065      He 1                3833.48A   38.437    0.0010      molecules......................................
Ca A                8502.44A   39.152    0.0053      He 1                4.29459m   38.647    0.0017      H-FB                      0    38.762    0.0022
Ca A                8467.21A   39.073    0.0045      He 1                1.25274m   38.760    0.0022      H-FF                      0    38.487    0.0012
Ca A                8437.91A   38.999    0.0038      He 1                9463.57A   38.685    0.0018      H- H                      0    38.494    0.0012
Ca A                8413.28A   38.928    0.0032      He 1                8361.73A   38.511    0.0012      blends.........................................
Ca A                8392.35A   38.861    0.0027      He 1                2.11180m   38.508    0.0012      Blnd                2798.00A   41.161    0.5458
Ca A                8374.43A   38.798    0.0024      He 1                1.70027m   39.014    0.0039      Blnd                6720.00A   40.471    0.1115
Ca A                8358.96A   38.737    0.0021      He 1                1.19692m   38.862    0.0027      Blnd                4074.00A   39.334    0.0081
Ca A                8345.51A   38.679    0.0018      He 1                1.03113m   38.666    0.0017      Blnd                1.03300m   39.225    0.0063
Ca A                8333.74A   38.623    0.0016      He 1                9515.06A   38.602    0.0015      Blnd                1256.00A   38.483    0.0011
Ca A                1.81740m   39.608    0.0153      He 1                9062.39A   38.465    0.0011      Blnd                1198.00A   39.726    0.0201
Ca A                1.73620m   39.468    0.0111      He 1                1.95430m   38.526    0.0013      Blnd                1720.00A   39.977    0.0357
Ca A                1.68064m   39.342    0.0083      He 1                1.86854m   39.555    0.0135      Blnd                3722.00A   39.675    0.0178
Ca A                1.64071m   39.228    0.0064      He 1                1.27849m   39.250    0.0067      Blnd                1406.00A   40.414    0.0978
Ca A                1.61092m   39.122    0.0050      He 1                1.09130m   38.995    0.0037      Blnd                1199.00A   39.187    0.0058
Ca A                1.58804m   39.025    0.0040      He 1                1.00275m   38.673    0.0018      Blnd                2665.00A   40.111    0.0486
Ca A                1.57006m   38.935    0.0032      He 1                9526.01A   38.511    0.0012      Blnd                1860.00A   39.907    0.0304
Ca A                1.55563m   38.851    0.0027      He 1                1.86972m   39.078    0.0045      Blnd                4725.00A   40.295    0.0742
Ca A                1.54388m   38.771    0.0022      He 1                1.27905m   38.772    0.0022      Blnd                2860.00A   39.624    0.0158
Ca A                1.53417m   38.697    0.0019      He 1                1.09171m   38.517    0.0012      Blnd                7250.00A   39.055    0.0043
Ca A                1.52604m   38.626    0.0016      He 1                1.90894m   38.551    0.0013      Blnd                2335.00A   40.036    0.0409
Ca A                1.51917m   38.559    0.0014      He 1                4.03664m   38.503    0.0012      Blnd                1888.00A   41.391    0.9267
Ca A                1.51331m   38.495    0.0012      He 1                4.04791m   38.802    0.0024      Blnd                1397.00A   40.972    0.3528
Ca A                1.50827m   38.434    0.0010      He 1                2.62338m   38.530    0.0013      Blnd                2424.00A   40.820    0.2488
Ca A                3.03835m   39.226    0.0063      Ca B                2945.10A   39.940    0.0328      Blnd                4720.00A   39.147    0.0053
Ca A                2.87219m   39.100    0.0047      Ca B                3187.74A   40.256    0.0679      Blnd                895.000A   38.898    0.0030
Ca A                2.75749m   38.985    0.0036      Ca B                3613.64A   39.332    0.0081      Blnd                774.000A   39.151    0.0053
Ca A                2.67438m   38.880    0.0029      Ca B                3888.63A   40.644    0.1658      Blnd                5525.00A   39.224    0.0063
Ca A                2.61191m   38.782    0.0023      Ca B                3964.73A   39.639    0.0164      Blnd                7306.00A   38.886    0.0029
Ca A                2.56361m   38.692    0.0019      Ca B                4026.20A   39.906    0.0303      Blnd                3933.00A   39.027    0.0040
Ca A                2.52538m   38.607    0.0015      Ca B                4120.82A   38.964    0.0035      Blnd                2326.00A   40.344    0.0831
Ca A                2.49455m   38.528    0.0013      Ca B                4387.93A   39.326    0.0080      Blnd                1335.00A   39.989    0.0367
Ca A                2.46929m   38.453    0.0011      Ca B                4437.55A   38.557    0.0014      C 2R                1335.00A   39.552    0.0134
Ca A                12.3684m   39.463    0.0109      Ca B                4471.49A   40.219    0.0624      Blnd                977.000A   41.252    0.6732
Ca A                7.50038m   39.312    0.0077      Ca B                4713.03A   39.367    0.0088      C 3R                977.000A   39.435    0.0102
Ca A                5.90655m   39.160    0.0054      Ca B                4921.93A   39.647    0.0167      Blnd                1909.00A   41.796    2.3571
Ca A                5.12722m   39.022    0.0040      Ca B                5015.68A   40.032    0.0406      C 3R                1909.00A   39.275    0.0071
Ca A                4.67119m   38.896    0.0030      Ca B                5047.64A   38.932    0.0032      Blnd                1176.00A   39.266    0.0069
Ca A                4.37522m   38.781    0.0023      Ca B                5875.64A   40.637    0.1631      C 3R                1175.00A   39.074    0.0045
Ca A                4.16962m   38.675    0.0018      Ca B                6678.15A   40.087    0.0460      Blnd                1549.00A   42.184    5.7524
Ca A                4.01974m   38.578    0.0014      Ca B                7065.22A   40.001    0.0377      C 4R                1549.00A   38.884    0.0029
Ca A                3.90645m   38.487    0.0012      Ca B                7281.35A   39.477    0.0113      Blnd                5199.00A   38.673    0.0018
Ca A                19.0565m   39.098    0.0047      Ca B                9463.57A   38.683    0.0018      Blnd                5755.00A   38.857    0.0027
Ca A                11.3055m   38.973    0.0035      Ca B                1.08303m   40.930    0.3208      Blnd                1085.00A   38.859    0.0027
Ca A                8.75760m   38.841    0.0026      Ca B                1.19692m   38.909    0.0031      N 2R                1085.00A   38.684    0.0018
Ca A                7.50599m   38.717    0.0020      Ca B                1.25274m   38.761    0.0022      Blnd                2141.00A   39.266    0.0069
Ca A                6.77008m   38.603    0.0015      Ca B                1.27849m   39.362    0.0087      Blnd                1750.00A   40.758    0.2155
Ca A                6.29014m   38.498    0.0012      Ca B                1.27905m   38.885    0.0029      Blnd                990.000A   40.284    0.0725
Ca A                27.7955m   38.776    0.0023      Ca B                1.29684m   38.428    0.0010      N 3R                990.000A   39.667    0.0175
Ca A                16.2045m   38.672    0.0018      Ca B                1.70027m   39.069    0.0044      Blnd                765.000A   40.501    0.1193
Ca A                12.3837m   38.556    0.0014      Ca B                1.86854m   39.718    0.0197      Blnd                1486.00A   41.173    0.5613
Ca A                10.5005m   38.444    0.0010      Ca B                1.86972m   39.242    0.0066      Blnd                1240.00A   40.913    0.3082
Ca A                38.8589m   38.489    0.0012      Ca B                1.90894m   38.612    0.0015      Blnd                6300.00A   39.453    0.0107
Ca B                3970.07A   40.811    0.2439      Ca B                1.95430m   38.527    0.0013      Blnd                2471.00A   39.459    0.0108
Ca B                3889.05A   40.631    0.1610      Ca B                2.05813m   40.067    0.0439      Blnd                3726.00A   40.692    0.1852
Ca B                3835.38A   40.473    0.1120      Ca B                2.11180m   38.551    0.0013      Blnd                3729.00A   40.865    0.2762
Ca B                3797.89A   40.333    0.0811      C  5                40.2678A   38.815    0.0025      Blnd                7323.00A   39.292    0.0074
Ca B                3770.63A   40.207    0.0606      C  5                41.4721A   39.462    0.0109      Blnd                7332.00A   39.210    0.0061
Ca B                3750.15A   40.092    0.0465      C  5                31.9011A   38.474    0.0011      Blnd                833.000A   38.905    0.0030
Ca B                3734.36A   39.987    0.0365      N  6                29.5343A   38.579    0.0014      O 2R                3726.00A   38.620    0.0016
Ca B                3721.93A   39.889    0.0292      O  7                22.1012A   38.887    0.0029      O 2R                3729.00A   38.792    0.0023
Ca B                3711.97A   39.799    0.0237      Pho+                3889.00A   41.184    0.5756      Blnd                3727.00A   41.092    0.4659
Ca B                3703.85A   39.715    0.0195      extra Lyman....................................      Blnd                7325.00A   39.554    0.0135
Ca B                3697.15A   39.635    0.0163      database lines.................................      Blnd                1666.00A   41.313    0.7734
Ca B                3691.55A   39.561    0.0137      Al 3                1854.72A   39.729    0.0202      Blnd                5007.00A   42.474   11.2198
Ca B                3686.83A   39.490    0.0116      Al 3                1862.79A   39.434    0.0102      Blnd                4363.00A   40.813    0.2446
Ca B                3682.80A   39.424    0.0100      Al 6                2428.39A   38.954    0.0034      Blnd                835.000A   40.700    0.1888
Ca B                3679.35A   39.360    0.0086      Al 6                3.65932m   39.569    0.0140      O 3R                835.000A   39.434    0.0102
Ca B                3676.36A   39.300    0.0075      Al 6                9.11329m   38.522    0.0013      Blnd                1402.00A   41.050    0.4224
Ca B                3673.75A   39.243    0.0066      Ar 3                3109.18A   38.766    0.0022      Blnd                789.000A   40.708    0.1924
Ca B                3671.47A   39.188    0.0058      Ar 3                5191.82A   38.430    0.0010      O 4R                789.000A   39.867    0.0277
Ca B                9545.93A   40.137    0.0516      Ar 3                7135.79A   40.044    0.0417      Blnd                630.000A   40.365    0.0873
Ca B                9228.97A   39.980    0.0360      Ar 3                7751.11A   39.420    0.0099      O 5R                630.000A   38.806    0.0024
Ca B                9014.87A   39.841    0.0261      Ar 3                8.98898m   39.717    0.0196      Blnd                1218.00A   41.092    0.4652
Ca B                8862.74A   39.715    0.0196      Ar 3                21.8253m   38.568    0.0014      Blnd                1035.00A   41.126    0.5029
Ca B                8750.43A   39.601    0.0150      Ar 4                2853.66A   39.463    0.0109

                                                    Emergent line intensities
 Caution: emergent intensities are not reliable on the first iteration.
general properties.............................      He 1                505.687A   39.355    0.0085      Ca 5                2412.87A   38.509    0.0012
continua.......................................      He 1                505.502A   39.274    0.0071      Ca 8                2.32117m   38.734    0.0020
FIR                 83.0000m   42.667   17.4960      He 1                505.352A   39.199    0.0060      Cl 3                5537.87A   38.846    0.0026
TIR                 1800.00m   39.751    0.0212      He 1                505.227A   39.129    0.0051      Cl 3                5517.71A   38.988    0.0037
NIRa                2.85000m   43.771  222.3374      He 1                505.122A   39.064    0.0044      Cl 4                20.3197m   39.053    0.0043
NIRb                3.00000m   43.365   87.2316      He 1                505.033A   39.004    0.0038      Cl 4                11.7629m   38.979    0.0036
MIRa                15.0000m   43.419   98.7747      He 1                504.958A   38.950    0.0034      Cl 4                7530.54A   38.844    0.0026
MIRb                22.5000m   43.495  117.6537      He 1                504.893A   38.901    0.0030      Cl 4                8045.62A   39.208    0.0061
NMIR                21.7500m   43.771  222.3374      He 1                504.836A   38.861    0.0027      Fe10                6374.54A   38.523    0.0013
TFIR                611.250m   40.412    0.0973      He 1                504.787A   38.831    0.0026      Fe 4                3095.77A   40.843    0.2624
TALL                10000.0A   44.198  594.4372      He 1                504.744A   38.823    0.0025      Fe 4                3094.96A   40.658    0.1712
F12                 12.0000m   42.980   35.9948      He 1                504.706A   38.867    0.0028      Fe 4                3094.53A   40.515    0.1234
F25                 25.0000m   42.766   21.9697      He 1                504.672A   39.688    0.0184      Fe 4                2835.74A   40.819    0.2483
F60                 60.0000m   42.602   15.0541      He 1                1.08303m   40.877    0.2840      Fe 4                2829.36A   40.472    0.1116
F100                100.000m   41.724    1.9963      He 1                3888.63A   40.636    0.1627      Fe 4                2823.50A   40.305    0.0760
MIPS                24.0000m   42.480   11.3818      He 1                3187.74A   40.255    0.0677      Fe 4                2577.92A   38.984    0.0036
MIPS                70.0000m   42.010    3.8518      He 1                2945.10A   39.942    0.0330      Fe 4                2.83562m   39.462    0.0109
MIPS                160.000m   39.908    0.0305      He 1                2829.08A   39.688    0.0183      Fe 4                2.80554m   38.851    0.0027
IRAC                3.60000m   42.579   14.2835      He 1                2760.44A   38.864    0.0028      Fe 4                2.86447m   39.055    0.0043
IRAC                4.50000m   42.614   15.4888      He 1                2721.00A   38.722    0.0020      Fe 4                2567.61A   39.849    0.0266
IRAC                5.80000m   42.648   16.7285      He 1                2694.61A   38.594    0.0015      Fe 4                2.71569m   38.732    0.0020
IRAC                8.00000m   42.804   23.9837      He 1                2676.05A   38.477    0.0011      Fe 4                2567.40A   39.075    0.0045
SPR1                250.000m   39.528    0.0127      He 1                2610.71A   38.431    0.0010      Fe 4                2.77325m   38.503    0.0012
SPR2                350.000m   39.412    0.0097      He 1                7065.22A   39.964    0.0347      Fe 4                6739.82A   39.276    0.0071
SPR3                500.000m   39.356    0.0086      He 1                5875.64A   40.544    0.1318      Fe 4                6761.38A   38.775    0.0022
PAC1                70.0000m   42.068    4.4021      He 1                4713.03A   39.324    0.0079      Fe 4                6734.42A   38.570    0.0014
PAC2                100.000m   41.701    1.8936      He 1                4471.49A   40.164    0.0550      Fe 4                6997.10A   38.442    0.0010
PAC3                160.000m   40.052    0.0424      He 1                4120.82A   38.919    0.0031      Fe 4                5233.76A   38.745    0.0021
PAH                 3.30000m   41.722    1.9834      He 1                4026.20A   39.858    0.0272      Fe 4                4906.56A   39.391    0.0093
PAHC                3.23000m   41.438    1.0322      He 1                3867.48A   38.629    0.0016      Fe 4                4917.98A   38.882    0.0029
PAHC                3.37000m   41.414    0.9770      He 1                3819.61A   39.606    0.0152      Fe 4                7222.76A   38.908    0.0030
PAH                 6.20000m   42.164    5.4884      He 1                3704.76A   39.489    0.0116      Fe 4                4899.97A   38.942    0.0033
PAHC                5.65000m   42.203    6.0163      He 1                3634.08A   39.336    0.0082      Fe 4                4903.07A   38.962    0.0034
PAH                 7.90000m   42.356    8.5388      He 1                3587.16A   39.200    0.0060      Fe 4                7183.99A   38.613    0.0015
PAHC                6.90000m   42.415    9.7838      He 1                3554.34A   39.078    0.0045      Fe 4                4868.16A   38.772    0.0022
PAH                 11.3000m   41.763    2.1802      He 1                3530.43A   38.966    0.0035      Fe 4                4869.23A   38.426    0.0010
PAHC                10.9000m   41.785    2.2932      He 1                3512.47A   38.865    0.0028      Fe 4                7191.23A   38.524    0.0013
PAH                 11.8000m   41.978    3.5814      He 1                3498.61A   38.771    0.0022      Fe 4                4867.95A   38.650    0.0017
PAHC                12.6500m   41.946    3.3277      He 1                3487.70A   38.685    0.0018      Fe 4                4206.59A   38.602    0.0015
PAH                 13.3000m   41.979    3.5849      He 1                3478.94A   38.605    0.0015      Fe 4                4208.88A   38.569    0.0014
PAHC                14.1000m   41.960    3.4369      He 1                3471.80A   38.530    0.0013      Fe 5                70.3538m   39.297    0.0075
Bcon                3640.00A   43.841  261.4332      He 1                3465.91A   38.460    0.0011      Fe 5                36.3273m   39.337    0.0082
Pcon                5000.00A   43.279   71.6511      He 1                3439.99A   39.019    0.0039      Fe 5                25.9131m   39.272    0.0071
O3bn                5007.00A   42.394    9.3259      He 1                7281.35A   39.251    0.0067      Fe 5                20.8407m   39.077    0.0045
SX                  25.0000A   42.366    8.7470      He 1                6678.15A   39.985    0.0364      Fe 5                4180.59A   39.134    0.0051
HX                  4.70000A   42.301    7.5342      He 1                5047.64A   38.810    0.0024      Fe 5                4143.15A   39.447    0.0105
RRC............................................      He 1                4921.93A   39.585    0.0145      Fe 5                4227.19A   40.156    0.0539
grains.........................................      He 1                4437.55A   38.484    0.0011      Fe 5                4003.21A   38.448    0.0011
H-like iso-sequence............................      He 1                4387.93A   39.279    0.0072      Fe 5                4071.24A   39.380    0.0090
H  1                1215.67A   43.109   48.3969      He 1                4143.76A   39.032    0.0041      Fe 5                3895.22A   39.081    0.0045
H  1                1025.72A   42.381    9.0582      He 1                4009.05A   38.852    0.0027      Fe 5                3851.34A   38.868    0.0028
H  1                972.537A   41.959    3.4288      He 1                3926.41A   38.697    0.0019      Fe 5                3794.94A   39.457    0.0108
H  1                949.743A   41.654    1.6981      He 1                3871.69A   38.560    0.0014      Fe 5                3755.70A   39.176    0.0056
H  1                937.804A   41.381    0.9045      He 1                3833.48A   38.437    0.0010      Fe 5                3911.33A   38.598    0.0015
H  1                930.748A   41.176    0.5646      He 1                4.29459m   38.647    0.0017      Fe 5                3839.27A   39.466    0.0110
H  1                926.226A   40.999    0.3759      He 1                1.25274m   38.760    0.0022      Fe 5                3783.22A   39.054    0.0043
H  1                923.150A   40.843    0.2626      He 1                9463.57A   38.685    0.0018      Fe 5                3891.28A   39.243    0.0066
H  1                920.963A   40.704    0.1904      He 1                8361.73A   38.511    0.0012      Fe 5                3819.95A   38.572    0.0014
H  1                919.351A   40.984    0.3630      He 1                2.11180m   38.508    0.0012      Fe 5                3445.62A   38.797    0.0024
H  1                918.129A   40.882    0.2871      He 1                1.70027m   39.014    0.0039      Fe 5                3400.41A   38.429    0.0010
H  1                917.181A   40.788    0.2314      He 1                1.19692m   38.862    0.0027      Fe 5                3463.51A   38.813    0.0024
H  1                916.429A   40.702    0.1895      He 1                1.03113m   38.666    0.0017      Fe 5                2828.24A   39.004    0.0038
H  1                915.824A   40.621    0.1575      He 1                9515.06A   38.602    0.0015      Fe 5                2780.40A   38.471    0.0011
H  1                915.329A   40.547    0.1326      He 1                9062.39A   38.465    0.0011      Fe 5                2750.88A   38.659    0.0017
H  1                914.919A   40.477    0.1130      He 1                1.95430m   38.526    0.0013      Fe 5                2730.21A   38.750    0.0021
H  1                914.576A   40.413    0.0975      He 1                1.86854m   39.555    0.0135      Fe 5                2717.82A   38.744    0.0021
H  1                914.286A   40.354    0.0852      He 1                1.27849m   39.250    0.0067      Fe 5                2707.36A   38.795    0.0023
H  1                914.039A   40.302    0.0755      He 1                1.09130m   38.995    0.0037      Fe 6                19.5527m   39.977    0.0357
H  1                913.826A   40.257    0.0680      He 1                1.00275m   38.673    0.0018      Fe 6                5335.19A   39.628    0.0160
H  1                913.641A   40.223    0.0629      He 1                9526.01A   38.511    0.0012      Fe 6                5277.81A   39.110    0.0049
H  1                913.480A   40.209    0.0610      He 1                1.86972m   39.078    0.0045      Fe 6                3813.55A   38.824    0.0025
H  1                913.339A   40.246    0.0664      He 1                1.27905m   38.772    0.0022      Fe 6                3492.10A   39.114    0.0049
H  1                913.215A   41.046    0.4189      He 1                1.09171m   38.517    0.0012      Fe 6                2145.08A   38.964    0.0035
H  1                6562.81A   41.845    2.6328      He 1                1.90894m   38.551    0.0013      Fe 6                14.7670m   39.823    0.0250
H  1                4861.33A   41.424    1.0000      He 1                4.03664m   38.503    0.0012      Fe 6                5484.85A   39.374    0.0089
H  1                4340.46A   41.113    0.4886      He 1                4.04791m   38.802    0.0024      Fe 6                5424.23A   39.442    0.0104
H  1                4101.73A   40.843    0.2626      He 1                2.62338m   38.530    0.0013      Fe 6                5234.29A   38.677    0.0018
H  1                3970.07A   40.637    0.1633      C  5                40.2678A   38.767    0.0022      Fe 6                4972.48A   39.928    0.0319
H  1                3889.05A   40.460    0.1087      C  5                41.4721A   39.412    0.0097      Fe 6                3889.41A   39.026    0.0040
H  1                3835.38A   40.305    0.0761      C  5                31.9011A   38.437    0.0010      Fe 6                3555.61A   39.423    0.0100
H  1                3797.89A   40.168    0.0554      N  6                29.5343A   38.557    0.0014      Fe 6                3573.86A   38.560    0.0014
H  1                3770.63A   40.120    0.0497      O  7                22.1012A   38.878    0.0028      Fe 6                12.3074m   39.557    0.0136
H  1                3750.15A   40.019    0.0393      extra Lyman....................................      Fe 6                5631.08A   39.462    0.0109
H  1                3734.36A   39.925    0.0317      database lines.................................      Fe 6                5426.65A   39.210    0.0061
H  1                3721.93A   39.839    0.0260      Al 3                1854.72A   39.729    0.0202      Fe 6                5145.76A   39.944    0.0331
H  1                3711.97A   39.758    0.0216      Al 3                1862.79A   39.434    0.0102      Fe 6                4967.15A   39.554    0.0135
H  1                3703.85A   39.684    0.0182      Al 6                2428.39A   38.954    0.0034      Fe 6                3662.50A   39.440    0.0104
H  1                3697.15A   39.614    0.0155      Al 6                3.65932m   39.569    0.0140      Fe 6                5676.96A   39.540    0.0131
H  1                3691.55A   39.550    0.0134      Al 6                9.11329m   38.522    0.0013      Fe 6                5370.30A   38.686    0.0018
H  1                3686.83A   39.492    0.0117      Ar 3                3109.18A   38.766    0.0022      Fe 6                5176.05A   39.925    0.0317
H  1                3682.80A   39.439    0.0104      Ar 3                5191.82A   38.430    0.0010      Fe 6                2260.89A   38.704    0.0019
H  1                3679.35A   39.394    0.0093      Ar 3                7135.79A   40.044    0.0417      Fe 6                1.28877m   38.900    0.0030
H  1                3676.36A   39.360    0.0086      Ar 3                7751.11A   39.420    0.0099      Fe 6                1.23303m   39.102    0.0048
H  1                3673.75A   39.347    0.0084      Ar 3                8.98898m   39.717    0.0196      Fe 6                3846.95A   38.856    0.0027
H  1                3671.47A   39.384    0.0091      Ar 3                21.8253m   38.568    0.0014      Fe 6                3905.01A   38.504    0.0012
H  1                3669.46A   40.184    0.0575      Ar 4                2853.66A   39.463    0.0109      Fe 6                1944.30A   38.533    0.0013
H  1                1.87510m   40.961    0.3445      Ar 4                2868.22A   39.114    0.0049      Fe 6                1.34929m   39.297    0.0075
H  1                1.28180m   40.687    0.1831      Ar 4                4711.26A   40.053    0.0426      Fe 6                1.26742m   38.851    0.0027
H  1                1.09380m   40.433    0.1020      Ar 4                4740.12A   39.924    0.0316      Fe 6                4014.57A   38.473    0.0011
H  1                1.00493m   40.228    0.0637      Ar 4                7170.70A   38.615    0.0016      Fe 6                1984.42A   38.508    0.0012
H  1                9545.93A   40.051    0.0424      Ar 4                7237.77A   38.479    0.0011      Mg 2                2802.71A   40.685    0.1824
H  1                9228.97A   39.897    0.0297      Ar 4                7263.33A   38.555    0.0014      Mg 2                2795.53A   40.985    0.3634
H  1                9014.87A   39.759    0.0216      Ar 5                822.174A   38.638    0.0016      Mg 2                2936.51A   38.501    0.0012
H  1                8862.74A   39.605    0.0152      Ar 5                827.366A   38.483    0.0011      Mg 2                2798.00A   38.760    0.0022
H  1                8750.43A   39.504    0.0120      Ar 5                2691.05A   38.537    0.0013      Mg 2                2790.78A   38.507    0.0012
H  1                8664.98A   39.411    0.0097      Ar 5                6435.12A   39.124    0.0050      Mg 4                4.48712m   39.659    0.0172
H  1                8598.35A   39.324    0.0079      Ar 5                7005.83A   39.456    0.0108      Mg 5                5.60700m   39.962    0.0345
H  1                8545.34A   39.244    0.0066      Ar 5                7.89971m   39.535    0.0129      Mg 5                2782.76A   40.132    0.0510
H  1                8502.44A   39.170    0.0056      Ar 5                13.0985m   39.718    0.0197      Mg 5                13.5464m   38.870    0.0028
H  1                8467.21A   39.100    0.0047      Ar 6                4.52800m   39.595    0.0148      Mg 5                2928.09A   39.567    0.0139
H  1                8437.91A   39.037    0.0041      C  2                1037.02A   38.508    0.0012      Mg 5                1324.43A   38.638    0.0016
H  1                8413.28A   38.978    0.0036      C  2                1334.53A   39.564    0.0138      Mg 6                1806.00A   39.621    0.0157
H  1                8392.35A   38.926    0.0032      C  2                1335.66A   38.859    0.0027      Mg 6                1806.43A   39.722    0.0199
H  1                8374.43A   38.881    0.0029      C  2                1335.71A   39.253    0.0067      Mg 6                1190.12A   38.691    0.0018
H  1                8358.96A   38.847    0.0026      C  2                2323.50A   39.132    0.0051      Mg 7                9.00655m   39.462    0.0109
H  1                8345.51A   38.833    0.0026      C  2                2324.69A   39.476    0.0113      Mg 7                5.50177m   39.358    0.0086
H  1                8333.74A   38.870    0.0028      C  2                2325.40A   39.787    0.0230      Mg 7                2508.99A   38.773    0.0022
H  1                8323.38A   39.670    0.0176      C  2                2326.93A   39.914    0.0309      Mg 7                2628.89A   39.177    0.0057
H  1                4.05113m   40.307    0.0763      C  2                2328.12A   39.529    0.0127      Mg 8                3.02765m   38.826    0.0025
H  1                2.62513m   40.099    0.0473      C  2                157.636m   39.673    0.0177      N  2                205.244m   39.156    0.0054
H  1                2.16551m   39.905    0.0303      C  3                1908.73A   41.390    0.9242      N  2                121.767m   39.063    0.0044
H  1                1.94454m   39.733    0.0204      C  3                1906.68A   41.578    1.4258      N  2                6548.05A   39.924    0.0316
H  1                1.81740m   39.579    0.0143      C  3                977.020A   41.246    0.6629      N  2                6583.45A   40.393    0.0931
H  1                1.73620m   39.442    0.0104      C  3                2296.87A   38.727    0.0020      N  2                5754.61A   38.853    0.0027
H  1                1.68064m   39.236    0.0065      Ca 4                3.20610m   39.835    0.0257      N  2                2139.01A   38.727    0.0020
H  1                1.64071m   39.135    0.0051      Fe 2                25.9811m   39.190    0.0058      N  2                2142.78A   39.118    0.0049
H  1                1.61092m   39.042    0.0041      Fe 2                5.33881m   39.776    0.0225      N  3                57.3238m   40.572    0.1406
H  1                1.58804m   38.956    0.0034      Fe 2                1.25668m   39.745    0.0209      N  3                1748.65A   39.847    0.0265
H  1                1.57006m   38.876    0.0028      Fe 2                2599.40A   39.669    0.0176      N  3                1753.99A   39.862    0.0274
H  1                1.55563m   38.802    0.0024      Fe 2                2585.88A   38.697    0.0019      N  3                1746.82A   39.434    0.0102
H  1                1.54388m   38.733    0.0020      Fe 2                2382.04A   39.694    0.0186      N  3                1752.16A   40.274    0.0708
H  1                1.53417m   38.669    0.0018      Fe 2                2343.50A   39.114    0.0049      N  3                1749.67A   40.330    0.0806
H  1                1.52604m   38.611    0.0015      Fe 2                35.3394m   38.558    0.0014      N  3                989.799A   39.982    0.0361
H  1                1.51917m   38.558    0.0014      Fe 2                1.32055m   39.167    0.0055      N  3                991.511A   39.272    0.0071
H  1                1.51331m   38.513    0.0012      Fe 2                2625.67A   38.805    0.0024      N  3                991.577A   39.496    0.0118
H  1                1.50827m   38.480    0.0011      Fe 2                2611.87A   38.832    0.0026      N  3                685.515A   38.604    0.0015
H  1                1.50389m   38.466    0.0011      Fe 2                2395.63A   38.861    0.0027      N  3                685.817A   38.450    0.0011
H  1                1.50008m   38.503    0.0012      Fe 2                2364.83A   38.630    0.0016      N  4                1486.50A   40.774    0.2238
H  1                1.49672m   39.303    0.0076      Fe 2                1.37182m   38.943    0.0033      N  4                1483.32A   40.952    0.3375
H  1                7.45777m   39.770    0.0222      Fe 2                2631.32A   38.517    0.0012      N  4                765.147A   40.230    0.0640
H  1                4.65247m   39.621    0.0157      Fe 2                17.9314m   38.748    0.0021      Na 3                7.31706m   39.087    0.0046
H  1                3.73951m   39.462    0.0109      Fe 2                1.64355m   39.672    0.0177      Na 4                9.03098m   38.558    0.0014
H  1                3.29607m   39.314    0.0078      Fe 2                8616.95A   38.844    0.0026      Na 4                3241.51A   38.890    0.0029
H  1                3.03835m   39.180    0.0057      Fe 2                5158.78A   38.699    0.0019      Na 5                2067.25A   38.841    0.0026
H  1                2.87219m   38.947    0.0033      Fe 2                1.80939m   38.969    0.0035      Na 5                2069.09A   38.924    0.0032
H  1                2.75749m   38.847    0.0026      Fe 3                22.9190m   39.465    0.0110      Na 6                14.3228m   38.594    0.0015
H  1                2.67438m   38.754    0.0021      Fe 3                4881.12A   38.990    0.0037      Na 6                2971.08A   38.513    0.0012
H  1                2.61191m   38.669    0.0018      Fe 3                4658.01A   39.686    0.0183      Ne 4                2421.66A   40.432    0.1017
H  1                2.56361m   38.589    0.0015      Fe 3                4607.11A   38.437    0.0010      Ne 4                2424.28A   40.592    0.1471
H  1                2.52538m   38.515    0.0012      Fe 3                33.0270m   38.910    0.0031      Ne 4                1601.61A   39.222    0.0063
H  1                2.49455m   38.446    0.0011      Fe 3                5270.40A   39.547    0.0133      Ne 4                4725.58A   38.623    0.0016
H  1                2.37371m   39.017    0.0039      Fe 3                4754.64A   38.948    0.0033      Ne 4                1601.45A   39.599    0.0150
H  1                12.3684m   39.325    0.0080      Fe 3                4701.62A   39.203    0.0060      Ne 4                4724.17A   38.657    0.0017
H  1                7.50038m   39.210    0.0061      Fe 3                5011.16A   38.776    0.0022      Ne 4                4714.23A   38.614    0.0015
H  1                5.90655m   39.077    0.0045      Fe 3                4769.52A   38.729    0.0020      Ne 5                24.2065m   40.643    0.1656
H  1                5.12722m   38.949    0.0034      Fe 3                4733.84A   38.612    0.0015      Ne 5                14.3228m   40.554    0.1348
H  1                4.67119m   38.708    0.0019      Fe 3                5411.98A   38.503    0.0012      Ne 5                3345.99A   40.283    0.0723
H  1                4.37522m   38.609    0.0015      Fe 7                9.50763m   40.108    0.0483      Ne 5                3426.03A   40.730    0.2024
H  1                4.16962m   38.518    0.0012      Fe 7                5720.71A   39.928    0.0319      Ne 5                1574.76A   39.345    0.0083
H  1                4.01974m   38.433    0.0010      Fe 7                4988.55A   39.738    0.0206      Ne 5                2973.20A   38.920    0.0031
H  1                3.48198m   38.783    0.0023      Fe 7                4893.37A   39.484    0.0115      Ne 5                1136.51A   39.260    0.0069
H  1                19.0565m   38.940    0.0033      Fe 7                4698.24A   38.614    0.0015      Ne 5                1145.60A   39.713    0.0194
H  1                11.3055m   38.851    0.0027      Fe 7                7.81037m   39.584    0.0145      Ne 5                568.422A   38.534    0.0013
H  1                8.75760m   38.738    0.0021      Fe 7                6086.97A   40.103    0.0477      Ne 6                7.64318m   40.440    0.1036
H  1                7.50599m   38.504    0.0012      Fe 7                5158.89A   39.617    0.0156      Ne 6                997.031A   38.701    0.0019
H  1                4.84633m   38.584    0.0014      Fe 7                4942.48A   39.216    0.0062      Ne 6                558.685A   38.698    0.0019
H  1                27.7955m   38.603    0.0015      Fe 7                3586.32A   39.874    0.0282      Ne 6                1010.21A   38.649    0.0017
H  1                16.2045m   38.532    0.0013      Fe 7                5276.38A   39.051    0.0042      Ne 6                1005.69A   39.088    0.0046
He 2                303.784A   42.476   11.2772      Fe 7                3758.92A   40.028    0.0402      Ne 6                999.183A   39.055    0.0043
He 2                256.317A   41.842    2.6158      Fe 7                3.38363m   38.739    0.0021      Ne 7                895.174A   38.475    0.0011
He 2                243.027A   41.431    1.0158      Fe 7                2.62872m   38.896    0.0030      Ne 7                887.279A   38.621    0.0016
He 2                237.331A   41.127    0.5045      Fe 7                2015.36A   38.545    0.0013      Ne 7                465.220A   38.545    0.0013
He 2                234.347A   40.885    0.2888      K  3                4.61683m   38.655    0.0017      Ne 8                780.325A   38.691    0.0018
He 2                232.584A   40.683    0.1813      K  4                5.98030m   38.578    0.0014      Ne 8                770.410A   38.951    0.0034
He 2                231.454A   40.509    0.1215      Mg 1                2852.13A   39.265    0.0069      Ni 2                1.19102m   39.189    0.0058
He 2                230.686A   40.356    0.0854      Mg 1                4562.60A   39.181    0.0057      Ni 2                6.63416m   38.458    0.0011
He 2                230.139A   40.219    0.0624      Mg 1                4571.10A   38.749    0.0021      Ni 2                7377.83A   38.495    0.0012
He 2                229.736A   40.630    0.1608      N  1                5200.26A   38.449    0.0011      O  4                25.8832m   41.054    0.4267
He 2                229.431A   40.535    0.1291      N  5                1238.82A   40.735    0.2047      O  4                1399.77A   40.162    0.0547
He 2                229.194A   40.447    0.1055      N  5                1242.80A   40.439    0.1035      O  4                1407.38A   40.152    0.0534
He 2                229.006A   40.366    0.0875      Ne 2                12.8101m   38.714    0.0019      O  4                1397.20A   39.709    0.0193
He 2                228.855A   40.290    0.0735      Ne 3                15.5509m   40.737    0.2055      O  4                1404.78A   40.595    0.1482
He 2                228.731A   40.220    0.0625      Ne 3                3868.76A   41.187    0.5795      O  4                1401.16A   40.591    0.1467
He 2                228.629A   40.154    0.0537      Ne 3                36.0036m   39.692    0.0185      O  4                787.710A   40.200    0.0598
He 2                228.543A   40.094    0.0468      Ne 3                3967.47A   40.669    0.1759      O  4                790.114A   39.481    0.0114
He 2                228.471A   40.039    0.0412      Ne 3                1814.56A   39.526    0.0127      O  4                790.201A   39.788    0.0231
He 2                228.409A   39.990    0.0368      Ne 3                3342.18A   39.044    0.0042      O  4                608.397A   38.859    0.0027
He 2                228.356A   39.948    0.0334      O  1                6300.30A   39.333    0.0081      O  4                609.830A   39.126    0.0050
He 2                228.309A   39.918    0.0312      O  1                6363.78A   38.837    0.0026      O  4                554.076A   39.146    0.0053
He 2                228.269A   39.908    0.0305      O  1                63.1679m   38.571    0.0014      O  4                555.264A   38.860    0.0027
He 2                228.234A   39.950    0.0336      O  2                2470.22A   38.765    0.0022      O  4                554.514A   38.979    0.0036
He 2                228.203A   40.761    0.2173      O  2                2470.34A   39.338    0.0082      O  6                1037.62A   40.654    0.1699
He 2                1640.43A   41.420    0.9915      O  2                7318.92A   38.683    0.0018      O  6                1031.91A   40.947    0.3331
He 2                1215.13A   40.989    0.3672      O  2                7319.99A   39.144    0.0052      S  4                10.5076m   41.285    0.7262
He 2                1084.94A   40.668    0.1754      O  2                7329.67A   38.905    0.0030      S  4                1404.81A   39.508    0.0121
He 2                1025.27A   40.416    0.0982      O  2                7330.73A   38.875    0.0028      S  4                1423.84A   39.371    0.0089
He 2                992.360A   40.209    0.0609      O  2                3728.81A   40.865    0.2762      S  4                1398.04A   38.658    0.0017
He 2                972.108A   40.032    0.0406      O  2                3726.03A   40.692    0.1852      S  4                1416.89A   39.967    0.0349
He 2                958.694A   39.878    0.0284      O  3                88.3323m   41.444    1.0470      S  4                1406.02A   40.029    0.0402
He 2                949.324A   39.741    0.0208      O  3                51.8004m   41.222    0.6279      S  4                1062.66A   39.779    0.0227
He 2                942.508A   39.781    0.0227      O  3                4958.91A   41.874    2.8163      S  4                1073.52A   38.962    0.0034
He 2                937.389A   39.686    0.0183      O  3                5006.84A   42.349    8.4026      S  4                1072.97A   39.753    0.0213
He 2                933.444A   39.598    0.0149      O  3                2320.95A   40.213    0.0615      S  4                748.393A   38.681    0.0018
He 2                930.337A   39.517    0.0124      O  3                4363.21A   40.812    0.2445      S  4                750.221A   38.596    0.0015
He 2                927.846A   39.441    0.0104      O  3                1660.81A   40.718    0.1969      S  4                657.319A   38.680    0.0018
He 2                925.817A   39.371    0.0089      O  3                1666.15A   41.185    0.5765      S  5                1199.14A   38.812    0.0024
He 2                924.142A   39.306    0.0076      O  3                835.289A   39.228    0.0064      S  5                1188.28A   38.950    0.0034
He 2                922.743A   39.246    0.0066      O  3                833.749A   39.101    0.0048      S  5                786.470A   39.269    0.0070
He 2                921.562A   39.191    0.0058      O  3                835.092A   38.595    0.0015      S  6                944.524A   39.429    0.0101
He 2                920.556A   39.142    0.0052      O  3                832.929A   39.846    0.0264      S  6                933.380A   39.704    0.0191
He 2                919.693A   39.100    0.0047      O  3                833.715A   39.703    0.0190      S  8                9914.00A   38.930    0.0032
He 2                918.945A   39.070    0.0044      O  3                835.059A   38.499    0.0012      Si 6                1.96247m   39.866    0.0277
He 2                918.295A   39.060    0.0043      O  3                702.337A   39.169    0.0056      Si 8                1445.74A   38.646    0.0017
He 2                917.724A   39.102    0.0048      O  3                702.896A   39.055    0.0043      Si 8                1440.51A   38.800    0.0024
He 2                917.221A   39.913    0.0308      O  3                703.851A   39.262    0.0069      level 1 lines..................................
He 2                4685.64A   40.607    0.1524      O  5                1218.34A   40.696    0.1871      recombination..................................
He 2                3203.04A   40.313    0.0773      O  5                1213.81A   40.868    0.2781      level2 lines...................................
He 2                2733.24A   40.061    0.0434      O  5                629.732A   40.270    0.0702      S  3                667.049A   38.944    0.0033
He 2                2511.15A   39.851    0.0267      P  2                1.18828m   38.807    0.0024      S  3                704.220A   38.441    0.0010
He 2                2385.35A   39.672    0.0177      P  3                17.8797m   38.579    0.0014      hyperfine structure............................
He 2                2306.15A   39.516    0.0123      P  4                950.657A   38.650    0.0017      inner shell....................................
He 2                2252.64A   39.377    0.0090      S  2                6730.82A   40.085    0.0458      molecules......................................
He 2                2214.62A   39.265    0.0069      S  2                6716.44A   40.242    0.0657      blends.........................................
He 2                2186.56A   39.171    0.0056      S  2                4076.35A   38.721    0.0020      Blnd                2798.00A   41.161    0.5458
He 2                2165.20A   39.084    0.0046      S  2                4068.60A   39.212    0.0061      Blnd                6720.00A   40.471    0.1115
He 2                2148.55A   39.003    0.0038      S  2                1.03364m   38.583    0.0014      Blnd                4074.00A   39.334    0.0081
He 2                2135.31A   38.927    0.0032      S  2                1.02867m   38.586    0.0015      Blnd                1.03300m   39.225    0.0063
He 2                2124.58A   38.857    0.0027      S  2                1.03205m   38.719    0.0020      Blnd                1256.00A   38.483    0.0011
He 2                2115.78A   38.792    0.0023      S  3                33.4704m   40.728    0.2014      Blnd                1198.00A   39.726    0.0201
He 2                2108.46A   38.732    0.0020      S  3                18.7078m   40.546    0.1325      Blnd                1720.00A   39.977    0.0357
He 2                2102.30A   38.677    0.0018      S  3                9068.62A   40.672    0.1769      Blnd                3722.00A   39.675    0.0178
He 2                2097.07A   38.628    0.0016      S  3                9530.62A   41.072    0.4443      Blnd                1406.00A   40.414    0.0978
He 2                2092.59A   38.586    0.0015      S  3                3721.63A   39.669    0.0176      Blnd                1199.00A   39.187    0.0058
He 2                2088.73A   38.556    0.0014      S  3                6312.06A   39.943    0.0330      Blnd                2665.00A   40.111    0.0486
He 2                2085.37A   38.547    0.0013      S  3                1713.11A   39.394    0.0093      Blnd                1860.00A   39.907    0.0304
He 2                2082.42A   38.588    0.0015      S  3                1728.94A   39.845    0.0264      Blnd                4725.00A   40.295    0.0742
He 2                2079.84A   39.400    0.0095      S  3                1190.20A   39.093    0.0047      Blnd                2860.00A   39.624    0.0158
He 2                1.01233m   39.979    0.0359      S  3                1194.45A   38.912    0.0031      Blnd                7250.00A   39.055    0.0043
He 2                6559.91A   39.769    0.0221      S  3                1194.06A   39.151    0.0053      Blnd                2335.00A   40.036    0.0409
He 2                5411.37A   39.567    0.0139      S  3                1201.73A   38.560    0.0014      Blnd                1888.00A   41.391    0.9267
He 2                4859.18A   39.389    0.0092      S  3                1200.97A   39.161    0.0055      Blnd                1397.00A   40.972    0.3528
He 2                4541.46A   39.233    0.0064      S  3                1021.11A   38.499    0.0012      Blnd                2424.00A   40.820    0.2488
He 2                4338.55A   39.094    0.0047      S  3                1021.32A   38.615    0.0016      Blnd                4720.00A   39.147    0.0053
He 2                4199.71A   38.896    0.0030      S  3                1077.16A   38.750    0.0021      Blnd                895.000A   38.855    0.0027
He 2                4099.92A   38.802    0.0024      Si 2                34.8046m   40.186    0.0578      Blnd                774.000A   39.141    0.0052
He 2                4025.48A   38.715    0.0020      Si 2                2334.41A   39.101    0.0048      Blnd                5525.00A   39.224    0.0063
He 2                3968.32A   38.634    0.0016      Si 2                2328.52A   38.480    0.0011      Blnd                7306.00A   38.886    0.0029
He 2                3923.37A   38.559    0.0014      Si 2                1808.01A   39.488    0.0116      Blnd                3933.00A   39.027    0.0040
He 2                3887.33A   38.489    0.0012      Si 2                1526.71A   38.732    0.0020      Blnd                1335.00A   39.989    0.0367
He 2                3857.96A   38.424    0.0010      Si 2                1260.42A   38.921    0.0031      C 2R                1335.00A   39.552    0.0134
He 2                3740.11A   39.033    0.0041      Si 2                1193.29A   38.582    0.0014      Blnd                977.000A   41.252    0.6732
He 2                1.86362m   39.461    0.0109      Si 2                2350.17A   39.226    0.0063      C 3R                977.000A   39.435    0.0102
He 2                1.16260m   39.307    0.0076      Si 2                2344.20A   39.629    0.0160      Blnd                1909.00A   41.796    2.3570
He 2                9344.62A   39.143    0.0052      Si 2                2334.60A   39.527    0.0127      C 3R                1909.00A   39.275    0.0071
He 2                8236.51A   38.992    0.0037      Si 2                1817.45A   39.202    0.0060      Blnd                1176.00A   39.266    0.0069
He 2                7592.50A   38.855    0.0027      Si 2                1816.93A   39.758    0.0216      C 3R                1175.00A   39.074    0.0045
He 2                7177.28A   38.607    0.0015      Si 2                1533.43A   39.027    0.0040      Blnd                1549.00A   42.184    5.7524
He 2                6890.67A   38.514    0.0012      Si 2                1309.28A   38.456    0.0011      C 4R                1549.00A   38.884    0.0029
He 2                6682.98A   38.427    0.0010      Si 2                1264.74A   38.479    0.0011      Blnd                1085.00A   38.859    0.0027
He 2                5931.63A   38.747    0.0021      Si 2                1194.50A   38.466    0.0011      N 2R                1085.00A   38.684    0.0018
He 2                3.09074m   39.018    0.0039      Si 3                1892.03A   40.986    0.3650      Blnd                2141.00A   39.266    0.0069
He 2                1.87427m   38.905    0.0030      Si 3                1882.71A   41.174    0.5617      Blnd                1750.00A   40.758    0.2155
He 2                1.47599m   38.770    0.0022      Si 3                1206.50A   40.662    0.1729      Blnd                990.000A   40.284    0.0725
He 2                1.28124m   38.640    0.0016      Si 4                1393.75A   40.791    0.2328      N 3R                990.000A   39.667    0.0175
He 2                8701.09A   38.512    0.0012      Si 4                1402.77A   40.503    0.1199      Blnd                765.000A   40.234    0.0645
He 2                4.76203m   38.634    0.0016      Si 7                2146.64A   39.633    0.0162      Blnd                1486.00A   41.173    0.5613
He 2                2.82513m   38.549    0.0013      Si 7                2350.02A   38.998    0.0037      Blnd                1240.00A   40.913    0.3082
He 2                2.18843m   38.437    0.0010      Si 7                2.48071m   39.705    0.0191      Blnd                6300.00A   39.453    0.0107
He-like iso-sequence...........................      Si 7                6.51288m   38.537    0.0013      Blnd                3726.00A   40.692    0.1852
He 1                584.334A   40.893    0.2943      Al 2                2669.15A   39.704    0.0191      Blnd                3729.00A   40.865    0.2762
He 1                537.030A   40.404    0.0955      Al 2                2660.35A   39.894    0.0295      O 2R                3729.00A   38.792    0.0023
He 1                522.213A   40.041    0.0414      Al 2                1670.79A   39.822    0.0250      Blnd                5007.00A   42.474   11.2198
He 1                515.617A   39.759    0.0216      Al 5                2.90450m   38.852    0.0027      Blnd                835.000A   40.248    0.0667
He 1                512.099A   39.523    0.0126      C  4                1550.78A   41.708    1.9228      O 3R                835.000A   39.299    0.0075
He 1                625.563A   41.562    1.3736      C  4                1548.19A   42.007    3.8238      Blnd                789.000A   40.493    0.1171
He 1                510.018A   40.150    0.0533      Ca 2                7323.89A   38.492    0.0012      O 4R                789.000A   39.783    0.0229
He 1                508.657A   40.000    0.0376      Ca 2                7291.47A   38.661    0.0017      Blnd                630.000A   40.284    0.0724
He 1                507.727A   39.864    0.0275      Ca 2                3968.47A   38.552    0.0013      O 5R                630.000A   38.768    0.0022
He 1                507.065A   39.745    0.0209      Ca 2                3933.66A   38.850    0.0027      Blnd                1218.00A   41.092    0.4652
He 1                506.576A   39.635    0.0162      Ca 5                4.15739m   39.291    0.0074      Blnd                1035.00A   41.126    0.5029
He 1                506.204A   39.533    0.0128      Ca 5                5309.11A   39.423    0.0100
He 1                505.916A   39.442    0.0104      Ca 5                6086.37A   38.712    0.0019



 CIV QSO  
 Cooling:  HFBc                      0 :0.083 H  1c                     0 :0.323 O  3c                     0 :0.185 C  4c                     0 :0.075 HFFc                      0 :0.086  
 Heating:  BFH1                      0 :0.585 BFHe                      0 :0.399  

 These are some of the most important databases used by Cloudy:
 Many recombination coefficients were taken from http://amdpp.phys.strath.ac.uk/tamoc/RR/ and http://amdpp.phys.strath.ac.uk/tamoc/DR/
      and are based on the following papers:
        Badnell N. R., et al., A&A 406, 1151 (2003) [http://adsabs.harvard.edu/abs/2003A%26A...406.1151B]
        Badnell N. R., ApJS 167, 334 (2006) [http://adsabs.harvard.edu/abs/2006ApJS..167..334B]
 Much of the molecular emission data is from LAMDA as accessed on June 30, 2015. This database is described in:
        Schoeier F.L., et al., A&A 432, 369 (2005) [http://adsabs.harvard.edu/abs/2005A%26A...432..369S]
      This database is in part based on the work of the following groups:
        JPL: Pickett H. M. et al., JQSRT, 60, 883 (1998). [http://adsabs.harvard.edu/abs/1998JQSRT..60..883P]
        CDMS: Mueller H. S. et al., A&A 370, L49 (2001). [http://adsabs.harvard.edu/abs/2001A%26A...370L..49M]
              Mueller H. S. et al., J. Mol. Struct. 742, 215 (2005). [http://adsabs.harvard.edu/abs/2005JMoSt.742..215M]
 Some of the ionic emission data is from version 7.1.4 of CHIANTI. CHIANTI is a collaborative project involving the NRL (USA), the
      Universities of Florence (Italy) and Cambridge (UK), and George Mason University (USA). These papers describe Chianti:
        Dere K. P., et al., A&AS, 125, 149 (1997) [http://adsabs.harvard.edu/abs/1997A%26AS..125..149D]
        Landi E., et al., ApJ, 744, 99 (2012) [http://adsabs.harvard.edu/abs/2012ApJ...744...99L]
 Much of the H_2 data is from this web site: http://molat.obspm.fr/index.php?page=pages/Molecules/H2/H2can94.php. These data are
      described in:
        Abgrall H. et al., Can. J. Phys., 72, 856 (1994) [http://adsabs.harvard.edu/abs/1994CaJPh..72..856A]
        Wrathmall S. A. & Flower D. R., J. Phys. B, 40, 3221 (2007) [http://adsabs.harvard.edu/abs/2007JPhB...40.3221W]
 The Case A and Case B recombination predictions for one-electron systems are from
	Storey, P.J. & Hummer, D.G., 1995, MNRAS 272, 41 http://adsabs.harvard.edu/abs/1995MNRAS.272...41S
 The He I recombination predictions are from
	Porter, R. L.; Ferland, G. J.; Storey, P. J.; Detisch, M. J., 2012, MNRAS, 425, 28p http://adsabs.harvard.edu/abs/2012MNRAS.425L..28P
		http://adsabs.harvard.edu/abs/2013MNRAS.433L..89P

 If you find some process or data set to be particularly critical to a result, please follow the trail of references back to the
 original source and cite that.  This will support and encourage atomic, molecular, and chemical physicists to continue their
 valuable work.

 IONIZE PARMET:  U(1-)  0.9745  U(4-): -0.0483  U(sp): -2.14  Q(ion):   51.673  L(ion) 42.901    Q(low): 56.653    L(low) 44.175
 ENERGY BUDGET:  Heat:  43.309  Coolg:  43.309  Error:  0.0%  Rec Lin:  42.688  F-F  H  0.000    P(rad/tot)max     0.00E+00    R(F Con):1.737e+05

     Col(Heff):      3.639E+20  snd travl time  1.94E+17 sec  Te-low: 1.08E+04  Te-hi: 9.77E+04  G0TH85: 1.34E+02  G0DB96:1.30E+02
  Emiss Measure    n(e)n(p) dl       5.062E+19  n(e)n(He+)dl         1.386E+18  En(e)n(He++) dl         3.678E+18  ne nC+:7.22E+12
 He/Ha:1.09E-01  =   1.09*true  Lthin:8.29E+07  itr/zn: 5.77  H2 itr/zn:  0.00  File Opacity: F  MassTot 1.77e+45  (gm)
   Temps(21 cm)   T(21cm/Ly a)  2.37E+03        T(<nH/Tkin>)  1.26E+04          T(<nH/Tspin>)    2.55E+03          TB21cm:3.38E-01
                   N(H0/Tspin)  6.09E+15        N(OH/Tkin)    4.56E+02          B(21cm)          0.00E+00
   <a>:1.98E-12  erdeFe1.9E+25  Tcompt1.69E+13  Tthr6.18E+14  <Tden>: 2.74E+04  <dens>:2.39E-26  <MolWgt>6.28E-01
     Mean Jeans  l(cm)1.29E+23  M(sun)4.20E+09  smallest:     len(cm):6.62E+22  M(sun):1.03E+09  a_ox tran: -1.54
 Rion:3.154E+23  Dist:0.00E+00  Diam:0.000E+00
 Hatom level 70  HatomType: add  HInducImp  F  He tot level: 63  He2 level:   70  ExecTime    72.8
 ConvrgError(%)  <eden>  0.024  MaxEden  0.344  <H-C>   0.07  Max(H-C)    0.43  <Press>   0.000  MaxPrs er  0.000
  Continuity(%)  chng Te   2.6  elec den   5.2  n(H2)    0.0  n(CO)        0.0

                                                        Averaged Quantities
             Te      Te(Ne)   Te(NeNp)  Te(NeHe+)Te(NeHe2+) Te(NeO+)  Te(NeO2+)  Te(H2)     N(H)     Ne(O2+)   Ne(Np)
 Radius:  2.22e+04  2.79e+04  3.28e+04  1.97e+04  3.77e+04  1.53e+04  2.01e+04  1.16e+04  1.02e-02  9.54e-03  1.59e-02
   Area:  1.76e+04  2.03e+04  2.35e+04  1.85e+04  3.05e+04  1.46e+04  1.89e+04  1.16e+04  7.01e-03  8.35e-03  1.05e-02
 Volume:  1.62e+04  1.77e+04  1.96e+04  1.76e+04  2.81e+04  1.42e+04  1.79e+04  1.16e+04  5.69e-03  7.35e-03  7.84e-03
 
 Peimbert T(OIIIr)1.58E+04 T(Bac)8.45E+03 T(Hth)0.00E+00 t2(Hstrc) 7.02e-02 T(O3-BAC)0.00E+00 t2(O3-BC) 0.00e+00 t2(O3str) 2.85e-02

 Contin Optical Depths: COMP: 2.44e-03    H-: 1.32e-05 R(1300): 1.04e-04  H2+: 2.35e-07  Bra:1.22E-03
                          Pa: 1.22e-03    Ba: 1.23e-03      Hb: 1.22e-03   La: 1.30e-01     1r:5.004E+07  1.8:1.18E+07 4.:1.715E+06

 Old, new H  1 continuum optical depths:
     1 1.00e+08     2 0.00e+00     3 0.00e+00     4 0.00e+00     5 0.00e+00     6 0.00e+00     7 0.00e+00     8 0.00e+00
     9 0.00e+00    10 0.00e+00    11 0.00e+00    12 0.00e+00    13 0.00e+00    14 0.00e+00    15 0.00e+00    16 0.00e+00
    17 0.00e+00    18 0.00e+00    19 0.00e+00    20 0.00e+00    21 0.00e+00    22 0.00e+00    23 0.00e+00    24 0.00e+00
    25 0.00e+00    26 0.00e+00    27 0.00e+00    28 0.00e+00    29 0.00e+00    30 0.00e+00    31 0.00e+00    32 0.00e+00
    33 0.00e+00    34 0.00e+00    35 0.00e+00    36 0.00e+00    37 0.00e+00    38 0.00e+00    39 0.00e+00    40 0.00e+00
    41 0.00e+00    42 0.00e+00    43 0.00e+00    44 0.00e+00    45 0.00e+00    46 0.00e+00    47 0.00e+00    48 0.00e+00
    49 0.00e+00    50 0.00e+00    51 0.00e+00    52 0.00e+00    53 0.00e+00    54 0.00e+00
     1 5.00e+07     2 3.42e-06     3 6.70e-06     4 6.70e-06     5 6.70e-06     6 1.71e-06     7 1.71e-06     8 1.71e-06
     9 1.71e-06    10 1.82e-17    11 1.82e-17    12 1.82e-17    13 1.82e-17    14 1.82e-17    15 4.18e-17    16 4.18e-17
    17 4.18e-17    18 4.18e-17    19 4.18e-17    20 4.18e-17    21 8.57e-17    22 8.57e-17    23 8.57e-17    24 8.57e-17
    25 8.57e-17    26 8.57e-17    27 8.57e-17    28 1.62e-16    29 1.62e-16    30 1.62e-16    31 1.62e-16    32 1.62e-16
    33 1.62e-16    34 1.62e-16    35 1.62e-16    36 2.89e-16    37 2.89e-16    38 2.89e-16    39 2.89e-16    40 2.89e-16
    41 2.89e-16    42 2.89e-16    43 2.89e-16    44 2.89e-16    45 4.86e-16    46 4.86e-16    47 4.86e-16    48 4.86e-16
    49 4.86e-16    50 4.86e-16    51 4.86e-16    52 4.86e-16    53 4.86e-16    54 4.86e-16

 Old, new H  1 mean line optical depths:
  2- 1 1.61e+20  3- 2 2.72e-03  4- 3 0.00e+00  5- 4 0.00e+00  6- 5 0.00e+00  7- 6 0.00e+00  8- 7 0.00e+00
  9- 8 0.00e+00 10- 9 0.00e+00 11-10 0.00e+00 12-11 0.00e+00 13-12 0.00e+00 14-13 0.00e+00 15-14 0.00e+00 16-15 0.00e+00
 17-16 0.00e+00 18-17 0.00e+00 19-18 0.00e+00 20-19 0.00e+00 21-20 0.00e+00 22-21 0.00e+00 23-22 0.00e+00 24-23 0.00e+00
 25-24 0.00e+00
  2- 1 1.45e+06  3- 2 5.62e-08  4- 3 3.40e-14  5- 4 2.74e-14  6- 5 5.67e-14  7- 6 8.12e-14  8- 7 1.93e-13
  9- 8 3.93e-13 10- 9 6.90e-13 11-10 6.56e-12 12-11 0.00e+00 13-12 0.00e+00 14-13 0.00e+00 15-14 0.00e+00 16-15 0.00e+00
 17-16 0.00e+00 18-17 0.00e+00 19-18 0.00e+00 20-19 0.00e+00 21-20 0.00e+00 22-21 0.00e+00 23-22 0.00e+00 24-23 0.00e+00
 25-24 0.00e+00

 Old, new He 2 continuum optical depths:
     1 3.43e+06     2 9.96e+07     3 0.00e+00     4 0.00e+00     5 0.00e+00     6 0.00e+00     7 0.00e+00     8 0.00e+00
     9 0.00e+00    10 0.00e+00    11 0.00e+00    12 0.00e+00    13 0.00e+00    14 0.00e+00    15 0.00e+00    16 0.00e+00
    17 0.00e+00    18 0.00e+00    19 0.00e+00    20 0.00e+00    21 0.00e+00    22 0.00e+00    23 0.00e+00    24 0.00e+00
    25 0.00e+00    26 0.00e+00    27 0.00e+00    28 0.00e+00    29 0.00e+00    30 0.00e+00    31 0.00e+00    32 0.00e+00
    33 0.00e+00    34 0.00e+00    35 0.00e+00    36 0.00e+00    37 0.00e+00    38 0.00e+00    39 0.00e+00    40 0.00e+00
    41 0.00e+00    42 0.00e+00    43 0.00e+00    44 0.00e+00    45 0.00e+00    46 0.00e+00    47 0.00e+00    48 0.00e+00
    49 0.00e+00    50 0.00e+00    51 0.00e+00    52 0.00e+00    53 0.00e+00    54 0.00e+00
     1 1.72e+06     2 4.98e+07     3 2.57e-06     4 2.57e-06     5 2.57e-06     6 3.42e-06     7 3.42e-06     8 3.42e-06
     9 3.42e-06    10 5.44e-06    11 5.44e-06    12 5.44e-06    13 5.44e-06    14 5.44e-06    15 6.70e-06    16 6.70e-06
    17 6.70e-06    18 6.70e-06    19 6.70e-06    20 6.70e-06    21 5.59e-06    22 5.59e-06    23 5.59e-06    24 5.59e-06
    25 5.59e-06    26 5.59e-06    27 5.59e-06    28 1.71e-06    29 1.71e-06    30 1.71e-06    31 1.71e-06    32 1.71e-06
    33 1.71e-06    34 1.71e-06    35 1.71e-06    36 1.07e-17    37 1.07e-17    38 1.07e-17    39 1.07e-17    40 1.07e-17
    41 1.07e-17    42 1.07e-17    43 1.07e-17    44 1.07e-17    45 1.82e-17    46 1.82e-17    47 1.82e-17    48 1.82e-17
    49 1.82e-17    50 1.82e-17    51 1.82e-17    52 1.82e-17    53 1.82e-17    54 1.82e-17

 Old, new He 2 mean line optical depths:
  2- 1 1.61e+19  3- 2 2.72e-04  4- 3 0.00e+00  5- 4 0.00e+00  6- 5 0.00e+00  7- 6 0.00e+00  8- 7 0.00e+00
  9- 8 0.00e+00 10- 9 0.00e+00 11-10 0.00e+00 12-11 0.00e+00 13-12 0.00e+00 14-13 0.00e+00 15-14 0.00e+00 16-15 0.00e+00
 17-16 0.00e+00 18-17 0.00e+00 19-18 0.00e+00 20-19 0.00e+00 21-20 0.00e+00 22-21 0.00e+00 23-22 0.00e+00 24-23 0.00e+00
 25-24 0.00e+00
  2- 1 5.92e+06  3- 2 8.13e-11  4- 3 7.34e-17  5- 4 5.28e-16  6- 5 8.83e-16  7- 6 1.07e-15  8- 7 1.86e-15
  9- 8 5.80e-15 10- 9 1.20e-14 11-10 1.54e-13 12-11 0.00e+00 13-12 0.00e+00 14-13 0.00e+00 15-14 0.00e+00 16-15 0.00e+00
 17-16 0.00e+00 18-17 0.00e+00 19-18 0.00e+00 20-19 0.00e+00 21-20 0.00e+00 22-21 0.00e+00 23-22 0.00e+00 24-23 0.00e+00
 25-24 0.00e+00

 Old He Is optical depths:    1 2.36e+07    2 0.00e+00    3 0.00e+00    4 0.00e+00    5 0.00e+00
 New He Is optical depths:    1 1.18e+07    2 2.25e-06    3 2.84e-06    4 3.17e-06    5 3.17e-06
          Old He Is Lines:  584 0.00e+00 3889 0.00e+00 5016 0.00e+00 5876 0.00e+00
          New He Is Lines:  584 2.80e+04 3889 9.87e-05 5016 9.87e-05 5876 9.87e-05
CIV QSO  


          Start Iteration Number 2                                                                     CIV QSO  


 ####  1  Te:9.834E+04 Hden:2.404E-02 Ne:2.887E-02 R:3.178E+21 R-R0:1.581E+19 dR:3.162E+19 NTR:  6 Htot:1.814E-27 T912: 9.86e+01###
 Hydrogen      1.23e-07 1.00e+00 H+o/Hden 1.00e+00 9.50e-18 H-    H2 1.35e-28 5.55e-19 H2+ HeH+ 1.74e-22 Ho+ ColD 9.39e+10 7.60e+17
 Helium        3.12e-11 3.20e-05 1.00e+00 HeI 2s3S 2.40e-15 Comp H,C 4.33e-29 1.60e-30 Fill Fac 1.00e+00 Gam1/tot 9.94e-01
 He singlet n  3.12e-11 9.84e-23 3.59e-29 9.98e-29 2.68e-29 1.82e-28 He tripl 2.40e-15 1.02e-26 3.38e-28 2.12e-27 4.97e-28
 Pressure      NgasTgas 5.44e+03 P(total) 7.51e-13 P( gas ) 7.51e-13 P(Radtn) 0.00e+00 Rad accl 2.37e-11 ForceMul 1.65e+00
 Texc(La)      3.28e+03 T(I con) 8.61e+00 T(D con) 2.15e-01 T(U tot) 8.61e+00 nT (c+d) 2.13e+06 Prad/Gas 0.00e+00 Pmag/Gas 0.00e+00
 Molecules     CH/Ctot: 1.38e-37 CH+/Ctot 5.82e-31 CO/Ctot: 5.29e-56 CO+/Ctot 1.94e-47 H2O/Otot 4.54e-62 OH/Ototl 1.03e-40
 Lithium       9.07e-16 2.48e-08 7.81e-04 9.99e-01 Berylliu 1.68e-16 8.20e-12 4.23e-06 7.37e-03 9.93e-01 sec ion: 0.00e+00
 Boron         6.16e-18 2.05e-12 6.66e-09 1.92e-04 4.03e-02 9.60e-01
 Carbon        6.21e-19 2.44e-13 1.86e-09 1.02e-06 3.62e-03 1.45e-01 8.51e-01 H2O+/O   2.05e-60 OH+/Otot 8.95e-40 Hex(tot) 0.00e+00
 Nitrogen      6.92e-20 2.94e-14 3.70e-10 3.69e-07 4.94e-05 3.29e-02 3.44e-01 6.23e-01 O2/Ototl 2.60e-55 O2+/Otot 1.25e-53
 Oxygen        5.44e-21 2.36e-15 5.04e-11 8.71e-08 2.02e-05 8.98e-04 1.53e-01 5.11e-01 3.35e-01
 Fluorine      4.79e-22 2.07e-16 4.62e-12 1.53e-08 6.31e-06 4.46e-04 7.22e-03 3.86e-01 4.78e-01 1.28e-01
 Neon          1.60e-23 1.18e-17 4.68e-13 1.69e-09 1.35e-06 1.76e-04 4.12e-03 3.13e-02 6.08e-01 3.17e-01 3.89e-02
 Sodium        0.00e+00 4.54e-19 4.40e-14 3.59e-10 3.31e-07 6.82e-05 2.92e-03 2.49e-02 8.71e-02 7.03e-01 1.71e-01 1.06e-02
 Magnesium     1.04e-25 1.41e-21 7.75e-16 1.75e-11 4.00e-08 1.06e-05 8.62e-04 1.67e-02 8.93e-02 1.72e-01 6.39e-01 7.95e-02 2.73e-03
 Aluminium  1  8.86e-21 1.06e-17 9.05e-13 5.00e-09 4.95e-06 4.10e-04 1.32e-02 1.10e-01 2.33e-01 2.11e-01 4.03e-01 2.89e-02 6.00e-04
 Silicon    2  1.80e-16 5.53e-14 8.00e-10 1.24e-06 3.29e-04 1.41e-02 1.12e-01 2.98e-01 2.47e-01 1.57e-01 1.64e-01 7.09e-03 9.24e-05
 Phosphorus 3  2.42e-13 2.61e-11 8.58e-08 4.36e-05 3.43e-03 4.71e-02 2.80e-01 3.66e-01 1.93e-01 6.56e-02 4.25e-02 1.16e-03 9.75e-06
 Sulphur    4  8.98e-11 3.80e-09 3.64e-06 7.22e-04 2.28e-02 1.13e-01 3.15e-01 3.83e-01 1.27e-01 2.68e-02 1.16e-02 2.06e-04 1.16e-06
 Chlorine   4  3.24e-10 1.57e-08 3.20e-07 1.08e-04 6.91e-03 1.17e-01 3.73e-01 3.27e-01 1.47e-01 2.40e-02 4.17e-03 1.20e-03 1.42e-05
 Argon      5  3.99e-08 8.19e-07 8.53e-06 1.18e-03 3.12e-02 1.91e-01 3.68e-01 3.25e-01 7.51e-02 7.35e-03 8.43e-04 1.87e-04 1.51e-06
 Potassium  5  9.40e-08 2.56e-06 2.48e-05 1.45e-04 9.24e-03 1.44e-01 4.32e-01 3.14e-01 9.08e-02 8.90e-03 8.75e-04 6.84e-05 1.25e-05
 Calcium    6  3.98e-06 5.54e-05 2.75e-04 9.60e-04 3.10e-02 2.34e-01 4.07e-01 2.46e-01 7.08e-02 9.75e-03 5.60e-04 3.22e-05 4.94e-06
 Scandium   6  3.57e-06 1.72e-04 1.04e-03 2.48e-03 5.07e-03 9.21e-02 3.39e-01 4.39e-01 1.07e-01 1.24e-02 1.04e-03 4.70e-05 2.55e-06
 Titanium   6  4.40e-06 2.47e-04 2.97e-03 9.75e-03 1.37e-02 2.39e-02 2.42e-01 4.03e-01 2.54e-01 4.74e-02 2.36e-03 1.26e-04 3.50e-06
 Vanadium   6  3.62e-06 1.99e-04 2.81e-03 2.68e-02 3.87e-02 5.67e-02 6.05e-02 4.00e-01 3.21e-01 8.40e-02 9.21e-03 2.55e-04 8.45e-06
 Chromium   7  1.64e-04 2.33e-03 2.62e-02 5.82e-02 5.40e-02 1.26e-01 6.49e-02 3.48e-01 2.75e-01 4.26e-02 2.46e-03 9.58e-05 1.57e-06
 Manganese  7  3.28e-04 4.71e-03 5.36e-02 1.39e-01 3.54e-01 1.61e-01 7.33e-02 3.32e-02 1.17e-01 5.70e-02 7.38e-03 3.78e-04 7.98e-06
 Iron       7  3.43e-03 4.66e-02 1.89e-01 2.98e-01 2.26e-01 1.26e-01 5.17e-02 1.83e-02 1.21e-02 2.18e-02 6.42e-03 8.65e-04 2.97e-05
 Cobalt     8  2.61e-03 2.60e-02 7.13e-02 2.14e-01 3.80e-01 2.21e-01 5.22e-02 1.54e-02 6.38e-03 9.50e-03 1.82e-03 1.58e-04 3.85e-06
 Nickel     8  1.16e-03 2.12e-02 6.25e-02 1.89e-01 3.50e-01 2.33e-01 1.12e-01 2.27e-02 4.66e-03 1.55e-03 1.78e-03 1.86e-04 1.11e-05
 Copper     8  1.22e-03 2.85e-02 1.15e-01 1.54e-01 2.99e-01 2.09e-01 1.12e-01 7.14e-02 7.12e-03 1.31e-03 2.62e-04 3.13e-04 2.05e-05
 Zinc       9  9.15e-03 4.58e-02 2.00e-01 2.95e-01 2.14e-01 1.19e-01 8.27e-02 3.17e-02 2.41e-03 4.94e-04 6.27e-05 7.63e-05 2.85e-06
 ####245  Te:1.080E+04 Hden:3.159E-03 Ne:1.703E-03 R:3.161E+23 R-R0:3.129E+23 dR:2.434E+20 NTR:  5 Htot:3.620E-29 T912: 1.93e+02###
 Hydrogen      5.46e-01 4.54e-01 H+o/Hden 1.00e+00 8.55e-09 H-    H2 1.36e-08 1.21e-09 H2+ HeH+ 7.63e-08 Ho+ ColD 1.50e+19 3.18e+21
 Helium        1.67e-01 8.30e-01 2.63e-03 HeI 2s3S 4.25e-12 Comp H,C 2.54e-34 1.03e-36 Fill Fac 1.00e+00 Gam1/tot 9.84e-01
 He singlet n  1.67e-01 1.92e-19 5.50e-26 1.41e-25 4.02e-26 2.65e-25 He tripl 4.25e-12 1.84e-23 4.74e-25 3.91e-24 7.53e-25
 Pressure      NgasTgas 5.59e+01 P(total) 7.72e-15 P( gas ) 7.72e-15 P(Radtn) 0.00e+00 Rad accl 1.51e-12 ForceMul 2.32e+03
 Texc(La)      2.72e+03 T(I con) 8.05e-01 T(D con) 6.03e-01 T(U tot) 8.62e-01 nT (c+d) 3.40e+05 Prad/Gas 0.00e+00 Pmag/Gas 0.00e+00
 Molecules     CH/Ctot: 2.69e-13 CH+/Ctot 4.00e-10 CO/Ctot: 2.76e-13 CO+/Ctot 3.27e-14 H2O/Otot 9.87e-18 OH/Ototl 1.01e-08
 Lithium       8.66e-05 1.00e+00 1.02e-05 0.00e+00 Berylliu 5.01e-03 7.52e-01 2.38e-01 4.66e-03 0.00e+00 sec ion: 1.60e-18
 Boron         5.55e-05 9.07e-01 3.54e-02 5.76e-02 4.43e-06 0.00e+00
 Carbon        1.43e-04 7.70e-01 2.29e-01 1.52e-04 2.59e-05 0.00e+00 0.00e+00 H2O+/O   3.82e-18 OH+/Otot 5.95e-09 Hex(tot) 0.00e+00
 Nitrogen      2.57e-01 7.39e-01 3.11e-03 4.29e-05 0.00e+00 0.00e+00 0.00e+00 0.00e+00 O2/Ototl 5.23e-14 O2+/Otot 3.00e-14
 Oxygen        5.95e-01 4.02e-01 3.00e-03 1.13e-05 8.83e-07 0.00e+00 0.00e+00 0.00e+00 0.00e+00
 Fluorine      1.15e-02 3.31e-01 6.57e-01 1.34e-05 6.53e-05 0.00e+00 0.00e+00 0.00e+00 0.00e+00 0.00e+00
 Neon          5.00e-03 2.06e-01 7.89e-01 2.65e-05 3.99e-06 0.00e+00 0.00e+00 0.00e+00 0.00e+00 0.00e+00 0.00e+00
 Sodium        5.18e-05 1.90e-01 8.10e-01 7.77e-05 1.24e-04 0.00e+00 0.00e+00 0.00e+00 0.00e+00 0.00e+00 0.00e+00 0.00e+00
 Magnesium     1.12e-02 6.67e-01 3.22e-01 2.77e-05 1.14e-06 0.00e+00 0.00e+00 0.00e+00 0.00e+00 0.00e+00 0.00e+00 0.00e+00 0.00e+00
 Aluminium  0  7.43e-05 7.92e-01 6.60e-02 1.41e-01 1.00e-04 0.00e+00 0.00e+00 0.00e+00 0.00e+00 0.00e+00 0.00e+00 0.00e+00 0.00e+00
 Silicon    0  4.89e-05 9.82e-01 1.67e-02 1.33e-03 1.91e-05 0.00e+00 0.00e+00 0.00e+00 0.00e+00 0.00e+00 0.00e+00 0.00e+00 0.00e+00
 Phosphorus 0  1.14e-04 8.70e-01 1.22e-01 6.96e-03 4.34e-05 2.97e-06 0.00e+00 0.00e+00 0.00e+00 0.00e+00 0.00e+00 0.00e+00 0.00e+00
 Sulphur    0  4.29e-05 7.03e-01 2.96e-01 5.12e-04 6.20e-05 5.48e-06 0.00e+00 0.00e+00 0.00e+00 0.00e+00 0.00e+00 0.00e+00 0.00e+00
 Chlorine   0  7.09e-05 5.37e-01 4.62e-01 8.22e-04 8.21e-05 8.02e-06 0.00e+00 0.00e+00 0.00e+00 0.00e+00 0.00e+00 0.00e+00 0.00e+00
 Argon      0  5.37e-02 2.51e-01 6.94e-01 3.73e-04 1.25e-04 1.06e-05 0.00e+00 0.00e+00 0.00e+00 0.00e+00 0.00e+00 0.00e+00 0.00e+00
 Potassium  0  3.12e-05 5.25e-01 4.49e-01 3.91e-04 2.60e-02 8.55e-06 1.98e-06 0.00e+00 0.00e+00 0.00e+00 0.00e+00 0.00e+00 0.00e+00
 Calcium    0  1.79e-06 1.24e-02 9.76e-01 1.12e-02 3.44e-04 1.10e-05 0.00e+00 0.00e+00 0.00e+00 0.00e+00 0.00e+00 0.00e+00 0.00e+00
 Scandium   0  1.19e-05 9.39e-02 7.20e-01 1.81e-01 5.06e-03 1.99e-05 1.35e-06 0.00e+00 0.00e+00 0.00e+00 0.00e+00 0.00e+00 0.00e+00
 Titanium   0  4.24e-05 5.64e-01 4.23e-01 3.69e-03 8.89e-03 7.71e-06 1.27e-06 0.00e+00 0.00e+00 0.00e+00 0.00e+00 0.00e+00 0.00e+00
 Vanadium   0  2.18e-04 4.40e-01 5.56e-01 7.69e-04 3.25e-03 9.14e-06 0.00e+00 0.00e+00 0.00e+00 0.00e+00 0.00e+00 0.00e+00 0.00e+00
 Chromium   0  4.82e-05 7.55e-01 2.44e-01 1.98e-04 4.12e-04 2.94e-05 2.05e-06 0.00e+00 0.00e+00 0.00e+00 0.00e+00 0.00e+00 0.00e+00
 Manganese  0  1.49e-04 8.29e-01 1.70e-01 1.48e-04 7.98e-04 2.24e-05 4.80e-06 0.00e+00 0.00e+00 0.00e+00 0.00e+00 0.00e+00 0.00e+00
 Iron       0  1.60e-04 9.13e-01 8.59e-02 4.11e-04 5.58e-05 1.50e-05 2.89e-06 0.00e+00 0.00e+00 0.00e+00 0.00e+00 0.00e+00 0.00e+00
 Cobalt     0  1.21e-03 9.93e-01 5.09e-03 1.86e-04 3.59e-04 8.53e-06 1.76e-06 0.00e+00 0.00e+00 0.00e+00 0.00e+00 0.00e+00 0.00e+00
 Nickel     0  2.12e-04 9.95e-01 4.78e-03 6.28e-05 7.31e-05 6.16e-06 1.14e-06 0.00e+00 0.00e+00 0.00e+00 0.00e+00 0.00e+00 0.00e+00
 Copper     0  2.35e-04 6.59e-01 3.41e-01 3.65e-04 2.61e-05 8.77e-06 1.67e-06 0.00e+00 0.00e+00 0.00e+00 0.00e+00 0.00e+00 0.00e+00
 Zinc       0  1.42e-04 1.21e-01 5.45e-01 3.10e-01 2.43e-02 3.04e-05 4.19e-06 9.27e-07 0.00e+00 0.00e+00 0.00e+00 0.00e+00 0.00e+00
   CIV QSO  
   Calculation stopped because outer radius reached. Iteration 2 of 10
   The geometry is spherical.
 C-Continuum zero at some energies.
  !Background cosmic rays are not included - is this physical?  It affects the chemistry.
  !Some input lines contained underscores, these were changed to spaces.
  !Charge transfer H => H+ reached 40.4% of the local H ionization rate.
  !AGE: Cloud age was not set.  Longest timescale was 2.49e+15 s = 7.89e+07 years.
  !The CMB was not included.  This is added with the CMB command.
   Iteration not converged because Converged!.
   Thermal collisional ionization of H reached 3.04% of the local ionization rate.
   Te-ne bounds of Case B lookup table exceeded, H I Case B line intensities set to zero.
   The density is too low to l-mix the lowest H  I collapsed level.  More resolved levels are needed for accurate line ratios.
   The density is too low to l-mix the lowest He I collapsed level.  More resolved levels are needed for accurate line ratios.
   Grains were not present but might survive in this environment (energy density temperature was 8.67e+00K)
   Cloud thicker than smallest Jeans length=6.62e+22cm; stability problems? (smallest Jeans mass=1.05e+09Mo)
   Is an outer radius of 3.16e+23 reasonable?

                       *********************************> Cloudy 17.03 <**********************************
                       * title CIV QSO                                                                   *
                       * set punch prefix "CIV_QSO"                                                      *
                       * radius = 21.500 23.500                                                          *
                       * iterate to convergence                                                          *
                       * sphere                                                                          *
                       * init "dlaw_HI_exp.ini"                                                          *
                       * table SED "QSO.sed"                                                             *
                       * no line transfer                                                                *
                       * nuL(nu) = 43.5 at 1 Ryd                                                         *
                       * stop temperature off                                                            *
                       * metals 0.1                                                                      *
                       * save last radius ".rad"                                                         *
                       * save last continuum ".cont"                                                     *
                       * save last physical conditions ".phy"                                            *
                       * save last overview ".ovr"                                                       *
                       * save last heating ".heat"                                                       *
                       * save last cooling ".cool"                                                       *
                       * save last optical depth ".opd"                                                  *
                       * save last element hydrogen ".ele_H"                                             *
                       * save last element helium ".ele_He"                                              *
                       * save last element carbon ".ele_C"                                               *
                       * save last element nitrogen ".ele_N"                                             *
                       * save last element oxygen ".ele_O"                                               *
                       * save last element argon ".ele_Ar"                                               *
                       * save last element neon ".ele_Ne"                                                *
                       * save last element sulphur ".ele_S"                                              *
                       * save last element chlorin ".ele_Cl"                                             *
                       * save last element iron ".ele_Fe"                                                *
                       * save last element silicon ".ele_Si"                                             *
                       * save last lines emissivity  ".emis"                                             *
                       * H  1  1215.67A                                                                  *
                       * H  1  1025.72A                                                                  *
                       * H  1  4861.33A                                                                  *
                       * H  1  6562.81A                                                                  *
                       * O  6  1031.91A                                                                  *
                       * O  6  1037.62A                                                                  *
                       * He 2  949.31A                                                                   *
                       * He 2  972.108A                                                                  *
                       * He 2  1025.27A                                                                  *
                       * He 2  1640.43A                                                                  *
                       * He 2  4859A                                                                     *
                       * He 2  4339A                                                                     *
                       * He 2  6527A                                                                     *
                       * He 2  6560A                                                                     *
                       * C  4  1550.78                                                                   *
                       * O  3  5006.84A                                                                  *
                       * N  5  1238.82                                                                   *
                       * N  5  1242.80                                                                   *
                       * c  4  1548.19                                                                   *
                       * c  4  1550.78                                                                   *
                       * mg 2  2795.53                                                                   *
                       * mg 2  2802.71                                                                   *
                       * end of lines                                                                    *
                       *********************************> Log(U):  0.97 <*********************************
                       >>>>>>>>>> Cautions are present.

                     Emission Line Spectrum.  Special Density Lw Model.  Closed geometry.  Iteration 2 of 10.
                                    Luminosity (erg/s) emitted by a shell with full coverage.


                                                   Intrinsic line intensities
general properties.............................      Ca B                1.73620m   39.510    0.0111      Ar 4                4740.12A   39.925    0.0289
Inci                      0    44.207  553.1628      Ca B                1.68064m   39.384    0.0083      Ar 4                7170.70A   38.615    0.0014
TotH                      0    43.306   69.5327      Ca B                1.64071m   39.270    0.0064      Ar 4                7237.77A   38.479    0.0010
TotC                      0    43.306   69.5244      Ca B                1.61092m   39.165    0.0050      Ar 4                7263.33A   38.555    0.0012
BFH1                      0    43.073   40.6210      Ca B                1.58804m   39.068    0.0040      Ar 5                822.174A   38.716    0.0018
BFHe                      0    42.908   27.8030      Ca B                1.57006m   38.978    0.0033      Ar 5                827.366A   38.847    0.0024
TotM                      0    41.485    1.0499      Ca B                1.55563m   38.893    0.0027      Ar 5                2691.05A   38.538    0.0012
ComH                      0    38.842    0.0024      Ca B                1.54388m   38.814    0.0022      Ar 5                6435.12A   39.125    0.0046
CT H                      0    40.207    0.0553      Ca B                1.53417m   38.740    0.0019      Ar 5                7005.83A   39.456    0.0098
H FB                      0    42.227    5.7930      Ca B                1.52604m   38.669    0.0016      Ar 5                7.89971m   39.535    0.0118
HFBc                      0    42.227    5.7930      Ca B                1.51917m   38.602    0.0014      Ar 5                13.0985m   39.718    0.0180
H  1c                     0    42.811   22.2450      Ca B                1.51331m   38.539    0.0012      Ar 6                4.52800m   39.595    0.0135
He 2c                     0    38.948    0.0030      Ca B                1.50827m   38.478    0.0010      C  2                1037.02A   38.598    0.0014
He 1c                     0    38.837    0.0024      Ca B                3.03835m   39.253    0.0062      C  2                1334.53A   39.509    0.0111
Al 3c                     0    39.908    0.0278      Ca B                2.87219m   39.128    0.0046      C  2                1335.66A   39.099    0.0043
Al 6c                     0    39.715    0.0178      Ca B                2.75749m   39.013    0.0035      C  2                1335.71A   39.262    0.0063
Ar 3c                     0    40.305    0.0693      Ca B                2.67438m   38.908    0.0028      C  2                2323.50A   39.138    0.0047
Ar 4c                     0    40.404    0.0870      Ca B                2.61191m   38.811    0.0022      C  2                2324.69A   39.482    0.0104
Ar 5c                     0    40.164    0.0501      Ca B                2.56361m   38.721    0.0018      C  2                2325.40A   39.792    0.0213
Ar 6c                     0    39.635    0.0148      Ca B                2.52538m   38.636    0.0015      C  2                2326.93A   39.920    0.0286
C  2c                     0    40.540    0.1191      Ca B                2.49455m   38.557    0.0012      C  2                2328.12A   39.535    0.0118
C  3c                     0    41.917    2.8375      Ca B                2.46929m   38.482    0.0010      C  2                157.636m   39.673    0.0162
Ca 4c                     0    39.832    0.0233      Ca B                12.3684m   39.478    0.0103      C  3                1908.73A   41.403    0.8680
Ca 6c                     0    38.472    0.0010      Ca B                7.50038m   39.328    0.0073      C  3                1906.68A   41.591    1.3392
Fe 2c                     0    40.625    0.1449      Ca B                5.90655m   39.178    0.0052      C  3                977.020A   41.261    0.6258
Fe 3c                     0    40.274    0.0645      Ca B                5.12722m   39.041    0.0038      C  3                2296.87A   38.743    0.0019
Fe 7c                     0    40.868    0.2532      Ca B                4.67119m   38.915    0.0028      Ca 4                3.20610m   39.823    0.0228
K  3c                     0    38.664    0.0016      Ca B                4.37522m   38.801    0.0022      Fe 2                25.9811m   39.182    0.0052
K  4c                     0    38.567    0.0013      Ca B                4.16962m   38.696    0.0017      Fe 2                5.33881m   39.766    0.0200
Mg 1c                     0    39.626    0.0145      Ca B                4.01974m   38.599    0.0014      Fe 2                1.25668m   39.734    0.0186
N  1c                     0    38.677    0.0016      Ca B                3.90645m   38.509    0.0011      Fe 2                2599.40A   39.612    0.0140
N  5c                     0    40.912    0.2804      Ca B                19.0565m   39.112    0.0044      Fe 2                2585.88A   38.490    0.0011
Ne 2c                     0    38.732    0.0019      Ca B                11.3055m   38.986    0.0033      Fe 2                2382.04A   39.685    0.0166
Ne 3c                     0    41.422    0.9084      Ca B                8.75760m   38.855    0.0025      Fe 2                2343.50A   38.986    0.0033
O  1c                     0    39.511    0.0111      Ca B                7.50599m   38.732    0.0019      Fe 2                35.3394m   38.549    0.0012
O  2c                     0    41.110    0.4422      Ca B                6.77008m   38.619    0.0014      Fe 2                1.32055m   39.157    0.0049
O  3c                     0    42.577   12.9539      Ca B                6.29014m   38.514    0.0011      Fe 2                2625.67A   39.039    0.0038
O  5c                     0    41.165    0.5023      Ca B                27.7955m   38.790    0.0021      Fe 2                2611.87A   38.894    0.0027
P  2c                     0    39.148    0.0048      Ca B                16.2045m   38.684    0.0017      Fe 2                2395.63A   38.874    0.0026
P  3c                     0    38.635    0.0015      Ca B                12.3837m   38.568    0.0013      Fe 2                2364.83A   38.783    0.0021
P  4c                     0    38.698    0.0017      Ca B                38.8589m   38.503    0.0011      Fe 2                1.37182m   38.933    0.0029
S  2c                     0    40.529    0.1162      H  1                2431.34A   42.646   15.1921      Fe 2                2631.32A   38.579    0.0013
S  3c                     0    41.459    0.9885      H  1                1215.67A   43.114   44.6965      Fe 2                2380.76A   38.506    0.0011
Si 2c                     0    40.609    0.1398      H  1                1025.72A   42.338    7.4812      Fe 2                17.9314m   38.737    0.0019
Si 3c                     0    41.470    1.0139      H  1                972.537A   41.899    2.7232      Fe 2                1.64355m   39.662    0.0158
Si 4c                     0    40.974    0.3236      H  1                949.743A   41.586    1.3230      Fe 2                8616.95A   38.834    0.0023
Si 7c                     0    40.034    0.0372      H  1                937.804A   41.308    0.6981      Fe 2                5158.78A   38.689    0.0017
Si 9c                     0    38.616    0.0014      H  1                930.748A   41.100    0.4328      Fe 2                1.80939m   38.959    0.0031
Al 2c                     0    40.294    0.0676      H  1                926.226A   40.922    0.2869      Fe 3                22.9190m   39.465    0.0100
Al 5c                     0    38.852    0.0024      H  1                923.150A   40.765    0.1998      Fe 3                4881.12A   38.990    0.0034
C  4c                     0    42.170    5.0823      H  1                920.963A   40.624    0.1446      Fe 3                4658.01A   39.686    0.0167
Ca 2c                     0    39.316    0.0071      H  1                919.351A   40.759    0.1970      Fe 3                33.0270m   38.909    0.0028
Ca 5c                     0    39.749    0.0193      H  1                918.129A   40.654    0.1548      Fe 3                5270.40A   39.547    0.0121
Ca 7c                     0    38.623    0.0014      H  1                917.181A   40.558    0.1241      Fe 3                4754.64A   38.948    0.0030
Ca 8c                     0    38.755    0.0020      H  1                916.429A   40.469    0.1012      Fe 3                4701.62A   39.203    0.0055
Cl 3c                     0    39.306    0.0070      H  1                915.824A   40.387    0.0837      Fe 3                5011.16A   38.776    0.0020
Cl 4c                     0    39.675    0.0163      H  1                915.329A   40.311    0.0703      Fe 3                4769.52A   38.728    0.0018
Fe10c                     0    38.528    0.0012      H  1                914.919A   40.240    0.0597      Fe 3                4733.84A   38.612    0.0014
Fe 4c                     0    41.468    1.0091      H  1                914.576A   40.175    0.0514      Fe 3                5411.98A   38.503    0.0011
Fe 5c                     0    40.688    0.1674      H  1                914.286A   40.116    0.0449      Fe 7                9.50763m   40.108    0.0440
Fe 6c                     0    40.945    0.3029      H  1                914.039A   40.063    0.0397      Fe 7                5720.71A   39.928    0.0291
K  5c                     0    38.785    0.0021      H  1                913.826A   40.018    0.0358      Fe 7                4988.55A   39.738    0.0188
K  6c                     0    38.672    0.0016      H  1                913.641A   39.984    0.0331      Fe 7                4893.37A   39.484    0.0105
Mg 2c                     0    41.163    0.5003      H  1                913.480A   39.971    0.0321      Fe 7                4698.24A   38.614    0.0014
Mg 4c                     0    39.660    0.0157      H  1                913.339A   40.009    0.0350      Fe 7                7.81037m   39.584    0.0132
Mg 5c                     0    40.442    0.0949      H  1                913.215A   40.787    0.2102      Fe 7                6086.97A   40.103    0.0435
Mg 6c                     0    40.016    0.0356      H  1                6562.81A   41.885    2.6345      Fe 7                5158.89A   39.617    0.0142
Mg 7c                     0    39.872    0.0256      H  1                4861.33A   41.464    1.0000      Fe 7                4942.48A   39.216    0.0057
Mg 8c                     0    38.883    0.0026      H  1                4340.46A   41.153    0.4887      Fe 7                3586.32A   39.875    0.0257
N  2c                     0    40.584    0.1318      H  1                4101.73A   40.884    0.2627      Fe 7                5276.38A   39.051    0.0039
N  3c                     0    41.066    0.3994      H  1                3970.07A   40.677    0.1633      Fe 7                3758.92A   40.028    0.0366
N  4c                     0    41.249    0.6098      H  1                3889.05A   40.500    0.1086      Fe 7                3.38363m   38.740    0.0019
Na 3c                     0    39.087    0.0042      H  1                3835.38A   40.345    0.0760      Fe 7                2.62872m   38.896    0.0027
Na 4c                     0    39.154    0.0049      H  1                3797.89A   40.207    0.0553      Fe 7                2015.36A   38.545    0.0012
Na 5c                     0    39.238    0.0059      H  1                3770.63A   40.195    0.0539      K  3                4.61683m   38.663    0.0016
Na 6c                     0    39.058    0.0039      H  1                3750.15A   40.091    0.0424      K  4                5.98030m   38.565    0.0013
Ne 4c                     0    40.867    0.2530      H  1                3734.36A   39.995    0.0340      Mg 1                2852.13A   39.263    0.0063
Ne 5c                     0    41.215    0.5629      H  1                3721.93A   39.907    0.0277      Mg 1                4562.60A   39.178    0.0052
Ne 6c                     0    40.503    0.1094      H  1                3711.97A   39.824    0.0229      Mg 1                4571.10A   38.747    0.0019
Ne 7c                     0    39.059    0.0039      H  1                3703.85A   39.748    0.0192      N  5                1238.82A   40.734    0.1862
Ne 8c                     0    39.151    0.0049      H  1                3697.15A   39.678    0.0164      N  5                1242.80A   40.438    0.0942
Ni 2c                     0    39.481    0.0104      H  1                3691.55A   39.613    0.0141      Ne 2                12.8101m   38.732    0.0019
O  4c                     0    41.442    0.9502      H  1                3686.83A   39.553    0.0123      Ne 3                15.5509m   40.737    0.1874
O  6c                     0    41.126    0.4588      H  1                3682.80A   39.500    0.0109      Ne 3                3868.76A   41.187    0.5283
S  4c                     0    41.372    0.8096      H  1                3679.35A   39.454    0.0098      Ne 3                36.0036m   39.692    0.0169
S  5c                     0    39.679    0.0164      H  1                3676.36A   39.420    0.0090      Ne 3                3967.47A   40.669    0.1603
S  6c                     0    39.890    0.0266      H  1                3673.75A   39.407    0.0088      Ne 3                1814.56A   39.526    0.0115
S  8c                     0    38.929    0.0029      H  1                3671.47A   39.445    0.0096      Ne 3                3342.18A   39.044    0.0038
Si 6c                     0    39.865    0.0252      H  1                3669.46A   40.222    0.0573      O  1                6300.30A   39.318    0.0071
Si 8c                     0    39.073    0.0041      H  1                1.87510m   40.989    0.3346      O  1                6363.78A   38.823    0.0023
continua.......................................      H  1                1.28180m   40.710    0.1762      O  1                63.1679m   38.555    0.0012
Bac                 3646.00A   42.659   15.6536      H  1                1.09380m   40.455    0.0979      O  2                834.465A   38.607    0.0014
nFnu                3645.00A   42.854   24.5289      H  1                1.00493m   40.250    0.0611      O  2                2470.22A   38.763    0.0020
nFnu                3647.00A   42.412    8.8753      H  1                9545.93A   40.073    0.0407      O  2                2470.34A   39.335    0.0074
cout                3646.00A   42.659   15.6536      H  1                9228.97A   39.918    0.0285      O  2                7318.92A   38.680    0.0016
thin                3646.00A   42.659   15.6606      H  1                9014.87A   39.780    0.0207      O  2                7319.99A   39.142    0.0048
Inci                4860.00A   43.447   96.0951      H  1                8862.74A   39.680    0.0164      O  2                7329.67A   38.903    0.0027
Inci                1215.00A   43.936  296.4805      H  1                8750.43A   39.576    0.0129      O  2                7330.73A   38.873    0.0026
Ba C                      0    42.202    5.4681      H  1                8664.98A   39.481    0.0104      O  2                3728.81A   40.863    0.2503
PA C                      0    41.759    1.9699      H  1                8598.35A   39.392    0.0085      O  2                3726.03A   40.689    0.1679
FIR                 83.0000m   42.667   15.9624      H  1                8545.34A   39.310    0.0070      O  3                88.3323m   41.445    0.9560
TIR                 1800.00m   39.752    0.0194      H  1                8502.44A   39.234    0.0059      O  3                51.8004m   41.223    0.5733
NIRa                2.85000m   43.771  202.9099      H  1                8467.21A   39.164    0.0050      O  3                4958.91A   41.874    2.5703
NIRb                3.00000m   43.365   79.6417      H  1                8437.91A   39.099    0.0043      O  3                5006.84A   42.349    7.6687
MIRa                15.0000m   43.419   90.0871      H  1                8413.28A   39.039    0.0038      O  3                2320.95A   40.213    0.0561
MIRb                22.5000m   43.495  107.3057      H  1                8392.35A   38.986    0.0033      O  3                4363.21A   40.813    0.2231
NMIR                21.7500m   43.771  202.9099      H  1                8374.43A   38.941    0.0030      O  3                1660.81A   40.719    0.1797
TFIR                611.250m   40.412    0.0888      H  1                8358.96A   38.907    0.0028      O  3                1666.15A   41.185    0.5263
TALL                10000.0A   44.198  542.1068      H  1                8345.51A   38.894    0.0027      O  3                835.289A   39.718    0.0180
F12                 12.0000m   42.980   32.8272      H  1                8333.74A   38.931    0.0029      O  3                833.749A   39.586    0.0132
F25                 25.0000m   42.766   20.0359      H  1                8323.38A   39.709    0.0176      O  3                835.092A   39.080    0.0041
F60                 60.0000m   42.602   13.7341      H  1                4.05113m   40.336    0.0745      O  3                832.929A   40.167    0.0505
F100                100.000m   41.725    1.8218      H  1                2.62513m   40.122    0.0455      O  3                833.715A   40.328    0.0732
MIPS                24.0000m   42.480   10.3793      H  1                2.16551m   39.926    0.0290      O  3                835.059A   39.124    0.0046
MIPS                70.0000m   42.010    3.5128      H  1                1.94454m   39.753    0.0194      O  3                703.854A   38.530    0.0012
MIPS                160.000m   39.908    0.0278      H  1                1.81740m   39.599    0.0136      O  3                702.337A   39.262    0.0063
IRAC                3.60000m   42.579   13.0282      H  1                1.73620m   39.461    0.0099      O  3                702.896A   39.450    0.0097
IRAC                4.50000m   42.614   14.1332      H  1                1.68064m   39.311    0.0070      O  3                703.851A   39.658    0.0156
IRAC                5.80000m   42.648   15.2570      H  1                1.64071m   39.207    0.0055      O  5                1218.34A   40.696    0.1708
IRAC                8.00000m   42.804   21.8760      H  1                1.61092m   39.112    0.0044      O  5                1213.81A   40.869    0.2538
SPR1                250.000m   39.529    0.0116      H  1                1.58804m   39.024    0.0036      O  5                629.732A   40.354    0.0775
SPR2                350.000m   39.412    0.0089      H  1                1.57006m   38.942    0.0030      P  2                1.18828m   38.808    0.0022
SPR3                500.000m   39.357    0.0078      H  1                1.55563m   38.866    0.0025      P  3                17.8797m   38.583    0.0013
PAC1                70.0000m   42.068    4.0147      H  1                1.54388m   38.796    0.0021      P  4                950.657A   38.603    0.0014
PAC2                100.000m   41.702    1.7282      H  1                1.53417m   38.731    0.0018      S  2                6730.82A   40.088    0.0421
PAC3                160.000m   40.052    0.0387      H  1                1.52604m   38.672    0.0016      S  2                6716.44A   40.245    0.0603
PAH                 3.30000m   41.722    1.8093      H  1                1.51917m   38.619    0.0014      S  2                4076.35A   38.725    0.0018
PAHC                3.23000m   41.438    0.9408      H  1                1.51331m   38.574    0.0013      S  2                4068.60A   39.216    0.0056
PAHC                3.37000m   41.414    0.8911      H  1                1.50827m   38.540    0.0012      S  2                1.03364m   38.587    0.0013
PAH                 6.20000m   42.164    5.0059      H  1                1.50389m   38.526    0.0012      S  2                1.02867m   38.590    0.0013
PAHC                5.65000m   42.203    5.4870      H  1                1.50008m   38.564    0.0013      S  2                1.03205m   38.723    0.0018
PAH                 7.90000m   42.356    7.7895      H  1                1.49672m   39.342    0.0075      S  3                33.4704m   40.733    0.1857
PAHC                6.90000m   42.415    8.9233      H  1                7.45777m   39.805    0.0219      S  3                18.7078m   40.551    0.1222
PAH                 11.3000m   41.763    1.9886      H  1                4.65247m   39.647    0.0152      S  3                9068.62A   40.677    0.1632
PAHC                10.9000m   41.785    2.0915      H  1                3.73951m   39.485    0.0105      S  3                9530.62A   41.077    0.4099
PAH                 11.8000m   41.978    3.2662      H  1                3.29607m   39.335    0.0074      S  3                3721.63A   39.675    0.0162
PAHC                12.6500m   41.946    3.0358      H  1                3.03835m   39.200    0.0054      S  3                6312.06A   39.948    0.0305
PAH                 13.3000m   41.979    3.2695      H  1                2.87219m   39.022    0.0036      S  3                1713.11A   39.401    0.0086
PAHC                14.1000m   41.960    3.1342      H  1                2.75749m   38.919    0.0029      S  3                1728.94A   39.852    0.0244
Bcon                3640.00A   43.840  237.7670      H  1                2.67438m   38.824    0.0023      S  3                1190.20A   38.964    0.0032
Pcon                5000.00A   43.283   65.9533      H  1                2.61191m   38.737    0.0019      S  3                1194.45A   39.061    0.0040
O3bn                5007.00A   42.394    8.5172      H  1                2.56361m   38.655    0.0016      S  3                1194.06A   39.159    0.0050
SX                  25.0000A   42.549   12.1681      H  1                2.52538m   38.580    0.0013      S  3                1201.73A   38.568    0.0013
HX                  4.70000A   42.307    6.9692      H  1                2.49455m   38.509    0.0011      S  3                1200.97A   39.169    0.0051
HFFc                      0    42.242    5.9967      H  1                2.37371m   39.056    0.0039      S  3                1021.11A   38.582    0.0013
H FF                      0    42.176    5.1455      H  1                12.3684m   39.364    0.0079      S  3                1021.32A   38.623    0.0014
HeFF                      0    41.392    0.8465      H  1                7.50038m   39.241    0.0060      S  3                1077.16A   38.758    0.0020
MeFB                      0    39.621    0.0143      H  1                5.90655m   39.104    0.0044      Si 2                34.8046m   40.181    0.0521
MeFF                      0    39.029    0.0037      H  1                5.12722m   38.974    0.0032      Si 2                2334.41A   39.099    0.0043
ToFF                      0    42.242    5.9957      H  1                4.67119m   38.783    0.0021      Si 2                2328.52A   38.478    0.0010
nFnu                1.33478c   38.549    0.0012      H  1                4.37522m   38.682    0.0017      Si 2                1808.01A   39.486    0.0105
nFnu                9993.08m   38.661    0.0016      H  1                4.16962m   38.588    0.0013      Si 2                1526.71A   38.518    0.0011
nFnu                6917.22m   38.801    0.0022      H  1                4.01974m   38.501    0.0011      Si 2                1260.42A   38.855    0.0025
nFnu                122.400m   40.292    0.0672      H  1                3.48198m   38.821    0.0023      Si 2                2350.17A   39.223    0.0057
nFnu                60.8322m   40.539    0.1188      H  1                19.0565m   38.985    0.0033      Si 2                2344.20A   39.627    0.0145
nInu                60.8322m   42.685   16.6342      H  1                11.3055m   38.886    0.0026      Si 2                2334.60A   39.524    0.0115
nFnu                41.2152m   40.680    0.1645      H  1                8.75760m   38.769    0.0020      Si 2                1817.45A   39.200    0.0054
nInu                41.2152m   42.908   27.8118      H  1                7.50599m   38.579    0.0013      Si 2                1816.93A   39.756    0.0196
nFnu                30.8695m   40.783    0.2086      H  1                6.77008m   38.479    0.0010      Si 2                1533.43A   39.103    0.0044
nInu                30.8695m   43.021   36.0071      H  1                4.84633m   38.623    0.0014      Si 2                1309.28A   38.536    0.0012
nFnu                24.7829m   40.862    0.2497      H  1                27.7955m   38.651    0.0015      Si 2                1264.74A   38.478    0.0010
nInu                24.7829m   43.080   41.2756      H  1                16.2045m   38.572    0.0013      Si 2                1194.50A   38.502    0.0011
nFnu                24.2998m   40.869    0.2538      Ca A                303.784A   42.523   11.4482      Si 3                1892.03A   40.991    0.3360
nInu                24.2998m   43.089   42.1093      Ca A                256.317A   41.856    2.4636      Si 3                1882.71A   41.178    0.5172
nFnu                22.8302m   40.890    0.2668      Ca A                243.027A   41.439    0.9439      Si 3                1206.50A   40.666    0.1593
nInu                22.8302m   43.106   43.8051      Ca A                237.331A   41.134    0.4674      Si 4                1393.75A   40.793    0.2134
nFnu                21.4199m   40.912    0.2807      Ca A                234.347A   40.892    0.2677      Si 4                1402.77A   40.505    0.1100
nInu                21.4199m   43.119   45.2143      Ca A                232.584A   40.690    0.1684      Si 7                2146.64A   39.633    0.0147
nFnu                21.1235m   40.918    0.2845      Ca A                231.454A   40.517    0.1131      Si 7                2350.02A   38.998    0.0034
nInu                21.1235m   43.123   45.5927      Ca A                230.686A   40.366    0.0797      Si 7                2.48071m   39.705    0.0174
nFnu                19.6199m   40.945    0.3025      Ca A                230.139A   40.231    0.0584      Si 7                6.51288m   38.537    0.0012
nInu                19.6199m   43.129   46.2188      Ca A                229.736A   40.108    0.0441      Al 2                2669.15A   39.705    0.0174
nFnu                17.6534m   40.982    0.3296      Ca A                229.431A   39.997    0.0341      Al 2                2660.35A   39.894    0.0269
nInu                17.6534m   43.151   48.6691      Ca A                229.194A   39.894    0.0269      Al 2                1670.79A   39.822    0.0228
nFnu                17.3700m   40.988    0.3340      Ca A                229.006A   39.800    0.0217      Al 5                2.90450m   38.852    0.0024
nInu                17.3700m   43.155   49.0764      Ca A                228.855A   39.711    0.0177      C  4                1550.78A   41.695    1.7005
nFnu                15.6901m   41.024    0.3626      Ca A                228.731A   39.629    0.0146      C  4                1548.19A   41.993    3.3818
nInu                15.6901m   43.167   50.5017      Ca A                228.629A   39.551    0.0122      Ca 2                7323.89A   38.531    0.0012
nFnu                14.6036m   41.050    0.3850      Ca A                228.543A   39.478    0.0103      Ca 2                7291.47A   38.702    0.0017
nInu                14.6036m   43.183   52.3006      Ca A                228.471A   39.408    0.0088      Ca 2                3968.47A   38.591    0.0013
nFnu                12.4300m   41.109    0.4414      Ca A                228.409A   39.343    0.0076      Ca 2                3933.66A   38.887    0.0026
nInu                12.4300m   43.198   54.1964      Ca A                228.356A   39.280    0.0065      Ca 5                4.15739m   39.290    0.0067
nFnu                11.4000m   41.139    0.4726      Ca A                228.309A   39.220    0.0057      Ca 5                5309.11A   39.423    0.0091
nInu                11.4000m   43.207   55.3078      Ca A                228.269A   39.163    0.0050      Ca 5                6086.37A   38.711    0.0018
nFnu                10.4600m   41.171    0.5098      Ca A                228.234A   39.109    0.0044      Ca 5                2412.87A   38.509    0.0011
nInu                10.4600m   43.217   56.5733      Ca A                1640.43A   41.481    1.0385      Ca 8                2.32117m   38.734    0.0019
nFnu                9.48002m   41.204    0.5498      Ca A                1215.13A   41.009    0.3509      Cl 3                5537.87A   38.853    0.0024
nInu                9.48002m   43.227   57.8914      Ca A                1084.94A   40.677    0.1633      Cl 3                5517.71A   38.995    0.0034
nFnu                9.32488m   41.210    0.5570      Ca A                1025.27A   40.420    0.0904      Cl 4                20.3197m   39.051    0.0039
nInu                9.32488m   43.230   58.3728      Ca A                992.360A   40.210    0.0557      Cl 4                11.7629m   38.977    0.0033
nFnu                8.21035m   41.257    0.6213      Ca A                972.108A   40.031    0.0369      Cl 4                7530.54A   38.842    0.0024
nInu                8.21035m   43.237   59.2396      Ca A                958.694A   39.876    0.0258      Cl 4                8045.62A   39.206    0.0055
nFnu                7.58000m   41.284    0.6608      Ca A                949.324A   39.738    0.0188      Fe10                6374.54A   38.523    0.0011
nInu                7.58000m   43.245   60.4066      Ca A                942.508A   39.614    0.0141      Fe 4                3095.77A   40.843    0.2394
nFnu                7.05026m   41.315    0.7097      Ca A                937.389A   39.501    0.0109      Fe 4                3094.96A   40.658    0.1562
nInu                7.05026m   43.247   60.6199      Ca A                933.444A   39.398    0.0086      Fe 4                3094.53A   40.516    0.1126
nFnu                4.11370m   41.515    1.1250      Ca A                930.337A   39.302    0.0069      Fe 4                2835.74A   40.819    0.2266
nInu                4.11370m   43.245   60.3914      Ca A                927.846A   39.213    0.0056      Fe 4                2829.36A   40.472    0.1018
nFnu                2.32440m   41.711    1.7670      Ca A                925.817A   39.130    0.0046      Fe 4                2823.50A   40.305    0.0693
nInu                2.32440m   43.161   49.7982      Ca A                924.142A   39.052    0.0039      Fe 4                2577.92A   38.984    0.0033
nFnu                1.64313m   41.849    2.4249      Ca A                922.743A   38.978    0.0033      Fe 4                2.83562m   39.462    0.0099
nInu                1.64313m   43.006   34.8292      Ca A                921.562A   38.909    0.0028      Fe 4                2.80554m   38.851    0.0024
nFnu                1.48022m   41.874    2.5706      Ca A                920.556A   38.843    0.0024      Fe 4                2.86447m   39.055    0.0039
nInu                1.48022m   42.974   32.3227      Ca A                919.693A   38.780    0.0021      Fe 4                2567.61A   39.849    0.0242
nFnu                1.43649m   41.966    3.1742      Ca A                918.945A   38.720    0.0018      Fe 4                2.71569m   38.732    0.0019
nInu                1.43649m   42.967   31.8414      Ca A                918.295A   38.663    0.0016      Fe 4                2567.40A   39.075    0.0041
nFnu                1.11867m   42.023    3.6181      Ca A                917.724A   38.608    0.0014      Fe 4                2.77325m   38.503    0.0011
nInu                1.11867m   42.961   31.3695      Ca A                4685.64A   40.715    0.1782      Fe 4                6739.82A   39.276    0.0065
nFnu                8329.68A   42.082    4.1475      Ca A                3203.04A   40.367    0.0800      Fe 4                6761.38A   38.775    0.0020
nInu                8329.68A   43.025   36.3850      Ca A                2733.24A   40.098    0.0430      Fe 4                6734.42A   38.570    0.0013
nFnu                8078.61A   42.275    6.4747      Ca A                2511.15A   39.879    0.0260      Fe 4                5233.76A   38.745    0.0019
nInu                8078.61A   43.028   36.6279      Ca A                2385.35A   39.695    0.0170      Fe 4                4906.56A   39.391    0.0084
nFnu                6209.66A   42.313    7.0613      Ca A                2306.15A   39.536    0.0118      Fe 4                4917.98A   38.882    0.0026
nInu                6209.66A   43.089   42.1996      Ca A                2252.64A   39.395    0.0085      Fe 4                7222.76A   38.908    0.0028
nFnu                4885.36A   42.347    7.6312      Ca A                2214.62A   39.268    0.0064      Fe 4                4899.97A   38.942    0.0030
nInu                4885.36A   43.351   76.9943      Ca A                2186.56A   39.154    0.0049      Fe 4                4903.07A   38.962    0.0031
nFnu                3704.34A   42.395    8.5270      Ca A                2165.20A   39.049    0.0038      Fe 4                7183.99A   38.613    0.0014
nInu                3704.34A   43.267   63.5006      Ca A                2148.55A   38.952    0.0031      Fe 4                4868.16A   38.772    0.0020
nFnu                3587.67A   42.853   24.5008      Ca A                2135.31A   38.862    0.0025      Fe 4                7191.23A   38.524    0.0011
nInu                3587.67A   43.283   65.9492      Ca A                2124.58A   38.778    0.0021      Fe 4                4867.95A   38.650    0.0015
nFnu                2430.05A   42.809   22.1246      Ca A                2115.78A   38.700    0.0017      Fe 4                4206.59A   38.602    0.0014
nInu                2430.05A   43.406   87.4496      Ca A                2108.46A   38.625    0.0014      Fe 4                4208.88A   38.569    0.0013
nFnu                2392.03A   42.808   22.0529      Ca A                2102.30A   38.555    0.0012      Fe 5                70.3538m   39.297    0.0068
nInu                2392.03A   43.392   84.6620      Ca A                2097.07A   38.489    0.0011      Fe 5                36.3273m   39.338    0.0075
nFnu                2071.34A   42.808   22.0518      Ca A                1.01233m   40.132    0.0465      Fe 5                25.9131m   39.273    0.0064
nInu                2071.34A   43.409   88.0081      Ca A                6559.91A   39.861    0.0249      Fe 5                20.8407m   39.078    0.0041
nFnu                2052.68A   42.814   22.3895      Ca A                5411.37A   39.635    0.0148      Fe 5                4180.59A   39.135    0.0047
nInu                2052.68A   43.399   86.1068      Ca A                4859.18A   39.446    0.0096      Fe 5                4143.15A   39.448    0.0096
nFnu                1793.44A   42.848   24.1776      Ca A                4541.46A   39.283    0.0066      Fe 5                4227.19A   40.156    0.0492
nInu                1793.44A   43.426   91.6554      Ca A                4338.55A   39.139    0.0047      Fe 5                4071.24A   39.380    0.0082
nFnu                1585.12A   42.861   24.9557      Ca A                4199.71A   39.010    0.0035      Fe 5                3895.22A   39.081    0.0041
nInu                1585.12A   43.496  107.7029      Ca A                4099.92A   38.894    0.0027      Fe 5                3851.34A   38.868    0.0025
nFnu                1458.33A   42.852   24.4082      Ca A                4025.48A   38.788    0.0021      Fe 5                3794.94A   39.458    0.0099
nInu                1458.33A   43.437   94.0467      Ca A                3968.32A   38.690    0.0017      Fe 5                3755.70A   39.176    0.0052
nFnu                1356.96A   42.803   21.8317      Ca A                3923.37A   38.599    0.0014      Fe 5                3911.33A   38.598    0.0014
nInu                1356.96A   43.472  101.8744      Ca A                3887.33A   38.514    0.0011      Fe 5                3839.27A   39.466    0.0100
nFnu                1297.29A   42.699   17.1790      Ca A                1.86362m   39.654    0.0155      Fe 5                3783.22A   39.055    0.0039
nInu                1297.29A   43.500  108.6209      Ca A                1.16260m   39.437    0.0094      Fe 5                3891.28A   39.244    0.0060
nFnu                1262.79A   42.550   12.1766      Ca A                9344.62A   39.245    0.0060      Fe 5                3819.95A   38.573    0.0013
nInu                1262.79A   43.584  131.9308      Ca A                8236.51A   39.078    0.0041      Fe 5                3445.62A   38.798    0.0022
nFnu                1218.08A   41.845    2.4052      Ca A                7592.50A   38.932    0.0029      Fe 5                3463.51A   38.813    0.0022
nInu                1218.08A   43.930  292.3435      Ca A                7177.28A   38.802    0.0022      Fe 5                2828.24A   39.004    0.0035
nFnu                1196.33A   41.827    2.3046      Ca A                6890.67A   38.684    0.0017      Fe 5                2780.40A   38.471    0.0010
nInu                1196.33A   43.773  203.5873      Ca A                6682.98A   38.576    0.0013      Fe 5                2750.88A   38.660    0.0016
nFnu                1175.06A   41.809    2.2110      Ca A                6526.88A   38.477    0.0010      Fe 5                2730.21A   38.750    0.0019
nInu                1175.06A   43.615  141.6221      Ca A                3.09074m   39.247    0.0061      Fe 5                2717.82A   38.744    0.0019
nFnu                1143.64A   41.778    2.0595      Ca A                1.87427m   39.070    0.0040      Fe 5                2707.36A   38.795    0.0021
nInu                1143.64A   43.529  116.0276      Ca A                1.47599m   38.904    0.0028      Fe 6                19.5527m   39.977    0.0325
nFnu                1113.22A   41.752    1.9425      Ca A                1.28124m   38.757    0.0020      Fe 6                5335.19A   39.628    0.0146
nInu                1113.22A   43.519  113.5431      Ca A                1.16728m   38.625    0.0014      Fe 6                5277.81A   39.111    0.0044
nFnu                1103.23A   41.746    1.9157      Ca A                1.09332m   38.506    0.0011      Fe 6                3813.55A   38.824    0.0023
nInu                1103.23A   43.507  110.3502      Ca A                4.76203m   38.894    0.0027      Fe 6                3492.10A   39.114    0.0045
nFnu                1073.86A   41.724    1.8183      Ca A                2.82513m   38.747    0.0019      Fe 6                2145.08A   38.965    0.0032
nInu                1073.86A   43.530  116.4534      Ca A                2.18843m   38.602    0.0014      Fe 6                14.7670m   39.823    0.0228
nFnu                1064.34A   41.716    1.7856      Ca A                1.87567m   38.470    0.0010      Fe 6                5484.85A   39.374    0.0081
nInu                1064.34A   43.534  117.4606      Ca A                6.94582m   38.580    0.0013      Fe 6                5424.23A   39.442    0.0095
nFnu                1035.92A   41.697    1.7079      Ca B                1640.43A   41.646    1.5201      Fe 6                5234.29A   38.678    0.0016
nInu                1035.92A   43.602  137.2668      Ca B                1215.13A   41.174    0.5124      Fe 6                4972.48A   39.929    0.0291
nFnu                1000.00A   41.674    1.6230      Ca B                1084.94A   40.839    0.2372      Fe 6                3889.41A   39.027    0.0037
nInu                1000.00A   43.537  118.1615      Ca B                1025.27A   40.580    0.1305      Fe 6                3555.61A   39.423    0.0091
nFnu                925.144A   41.645    1.5181      Ca B                992.360A   40.368    0.0801      Fe 6                3573.86A   38.560    0.0012
nInu                925.144A   43.504  109.6220      Ca B                972.108A   40.187    0.0529      Fe 6                12.3074m   39.557    0.0124
nFnu                897.800A   39.993    0.0338      Ca B                958.694A   40.030    0.0368      Fe 6                5631.08A   39.462    0.0100
nFnu                760.023A   39.151    0.0049      Ca B                949.324A   39.891    0.0267      Fe 6                5426.65A   39.210    0.0056
nFnu                701.514A   38.694    0.0017      Ca B                942.508A   39.766    0.0200      Fe 6                5145.76A   39.945    0.0302
nFnu                496.874A   40.419    0.0901      Ca B                937.389A   39.653    0.0154      Fe 6                4967.15A   39.554    0.0123
RRC............................................      Ca B                933.444A   39.548    0.0121      Fe 6                3662.50A   39.440    0.0095
H  1                3645.98A   41.874    2.5667      Ca B                930.337A   39.452    0.0097      Fe 6                5676.96A   39.540    0.0119
H  1                3645.98A   42.158    4.9432      Ca B                927.846A   39.362    0.0079      Fe 6                5370.30A   38.686    0.0017
H  1                8203.53A   41.180    0.5203      Ca B                925.817A   39.279    0.0065      Fe 6                5176.05A   39.925    0.0289
H  1                8203.53A   41.506    1.1012      Ca B                924.142A   39.200    0.0054      Fe 6                2260.89A   38.705    0.0017
H  1                8203.53A   41.321    0.7190      Ca B                922.743A   39.126    0.0046      Fe 6                1.28877m   38.901    0.0027
H  1                1.45841m   40.724    0.1819      Ca B                921.562A   39.057    0.0039      Fe 6                1.23303m   39.102    0.0043
H  1                1.45841m   41.054    0.3885      Ca B                920.556A   38.990    0.0034      Fe 6                3846.95A   38.857    0.0025
H  1                1.45841m   40.970    0.3205      Ca B                919.693A   38.927    0.0029      Fe 6                3905.01A   38.505    0.0011
H  1                1.45841m   40.553    0.1227      Ca B                918.945A   38.867    0.0025      Fe 6                1944.30A   38.534    0.0012
H  1                2.27876m   40.388    0.0839      Ca B                918.295A   38.810    0.0022      Fe 6                1.34929m   39.297    0.0068
H  1                2.27876m   40.716    0.1786      Ca B                917.724A   38.755    0.0020      Fe 6                1.26742m   38.851    0.0024
H  1                2.27876m   40.662    0.1577      Ca B                4685.64A   40.753    0.1947      Fe 6                4014.57A   38.474    0.0010
H  1                2.27876m   40.387    0.0838      Ca B                3203.04A   40.417    0.0897      Fe 6                1984.42A   38.509    0.0011
H  1                2.27876m   39.833    0.0234      Ca B                2733.24A   40.152    0.0487      Mg 2                2802.71A   40.683    0.1654
H  1                3.28142m   40.123    0.0456      Ca B                2511.15A   39.936    0.0296      Mg 2                2795.53A   40.982    0.3296
H  1                3.28142m   40.449    0.0965      Ca B                2385.35A   39.753    0.0194      Mg 2                2936.51A   38.499    0.0011
H  1                3.28142m   40.406    0.0874      Ca B                2306.15A   39.594    0.0135      Mg 2                2798.00A   38.758    0.0020
H  1                3.28142m   40.183    0.0523      Ca B                2252.64A   39.453    0.0098      Mg 2                2790.78A   38.505    0.0011
H  1                3.28142m   39.798    0.0216      Ca B                2214.62A   39.327    0.0073      Mg 4                4.48712m   39.660    0.0157
H  1                3.28142m   39.158    0.0049      Ca B                2186.56A   39.213    0.0056      Mg 5                5.60700m   39.962    0.0314
H  1                4.46637m   39.904    0.0275      Ca B                2165.20A   39.108    0.0044      Mg 5                2782.76A   40.133    0.0466
H  1                4.46637m   40.228    0.0581      Ca B                2148.55A   39.011    0.0035      Mg 5                13.5464m   38.870    0.0025
H  1                4.46637m   40.190    0.0532      Ca B                2135.31A   38.921    0.0029      Mg 5                2928.09A   39.567    0.0127
H  1                4.46637m   39.991    0.0336      Ca B                2124.58A   38.837    0.0024      Mg 5                1324.43A   38.639    0.0015
H  1                4.46637m   39.674    0.0162      Ca B                2115.78A   38.759    0.0020      Mg 6                1806.00A   39.621    0.0144
H  1                4.46637m   39.224    0.0058      Ca B                2108.46A   38.684    0.0017      Mg 6                1806.43A   39.722    0.0181
H  1                4.46637m   38.527    0.0012      Ca B                2102.30A   38.614    0.0014      Mg 6                1190.12A   38.691    0.0017
H  1                5.83363m   39.718    0.0179      Ca B                2097.07A   38.548    0.0012      Mg 7                9.00655m   39.462    0.0100
H  1                5.83363m   40.041    0.0377      Ca B                2092.59A   38.485    0.0010      Mg 7                5.50177m   39.359    0.0078
H  1                5.83363m   40.004    0.0347      Ca B                1.01233m   40.148    0.0483      Mg 7                2508.99A   38.773    0.0020
H  1                5.83363m   39.818    0.0226      Ca B                6559.91A   39.883    0.0262      Mg 7                2628.89A   39.177    0.0052
H  1                5.83363m   39.536    0.0118      Ca B                5411.37A   39.661    0.0157      Mg 8                3.02765m   38.826    0.0023
H  1                5.83363m   39.167    0.0050      Ca B                4859.18A   39.474    0.0102      N  2                205.244m   39.152    0.0049
H  1                5.83363m   38.675    0.0016      Ca B                4541.46A   39.312    0.0070      N  2                121.767m   39.060    0.0039
H  1                7.38319m   39.556    0.0124      Ca B                4338.55A   39.168    0.0051      N  2                6548.05A   39.921    0.0286
H  1                7.38319m   39.877    0.0259      Ca B                4199.71A   39.041    0.0038      N  2                6583.45A   40.390    0.0844
H  1                7.38319m   39.842    0.0239      Ca B                4099.92A   38.925    0.0029      N  2                5754.61A   38.852    0.0024
H  1                7.38319m   39.663    0.0158      Ca B                4025.48A   38.819    0.0023      N  2                2139.01A   38.727    0.0018
H  1                7.38319m   39.400    0.0086      Ca B                3968.32A   38.721    0.0018      N  2                2142.78A   39.118    0.0045
H  1                7.38319m   39.076    0.0041      Ca B                3923.37A   38.630    0.0015      N  3                57.3238m   40.587    0.1327
H  1                7.38319m   38.677    0.0016      Ca B                3887.33A   38.546    0.0012      N  3                1748.65A   39.864    0.0251
H  1                9.11505m   39.412    0.0089      Ca B                3857.96A   38.466    0.0010      N  3                1753.99A   39.879    0.0260
H  1                9.11505m   39.733    0.0186      Ca B                1.86362m   39.663    0.0158      N  3                1746.82A   39.451    0.0097
H  1                9.11505m   39.698    0.0171      Ca B                1.16260m   39.449    0.0097      N  3                1752.16A   40.291    0.0671
H  1                9.11505m   39.523    0.0115      Ca B                9344.62A   39.260    0.0062      N  3                1749.67A   40.348    0.0765
H  1                9.11505m   39.273    0.0064      Ca B                8236.51A   39.095    0.0043      N  3                989.799A   39.936    0.0297
H  1                9.11505m   38.974    0.0032      Ca B                7592.50A   38.949    0.0031      N  3                991.511A   39.526    0.0115
H  1                9.11505m   38.627    0.0015      Ca B                7177.28A   38.820    0.0023      N  3                991.577A   39.515    0.0113
H  1                11.0292m   40.173    0.0511      Ca B                6890.67A   38.702    0.0017      N  3                764.351A   38.886    0.0026
H  1                13.1257m   40.060    0.0395      Ca B                6682.98A   38.595    0.0014      N  3                685.515A   38.775    0.0020
H  1                15.4044m   39.957    0.0311      Ca B                6526.88A   38.497    0.0011      N  3                686.336A   38.781    0.0021
H  1                17.8655m   39.861    0.0249      Ca B                3.09074m   39.255    0.0062      N  3                685.817A   38.784    0.0021
H  1                20.5089m   39.771    0.0203      Ca B                1.87427m   39.079    0.0041      N  4                1486.50A   40.766    0.2002
H  1                23.3345m   39.687    0.0167      Ca B                1.47599m   38.914    0.0028      N  4                1483.32A   40.944    0.3020
H  1                26.3425m   39.609    0.0140      Ca B                1.28124m   38.768    0.0020      N  4                765.147A   40.495    0.1073
H  1                29.5328m   39.535    0.0118      Ca B                1.16728m   38.637    0.0015      Na 3                7.31706m   39.087    0.0042
H  1                32.9053m   39.464    0.0100      Ca B                1.09332m   38.518    0.0011      Na 4                9.03098m   38.558    0.0012
H  1                36.4602m   39.398    0.0086      Ca B                4.76203m   38.900    0.0027      Na 4                3241.51A   38.891    0.0027
H  1                40.1974m   39.334    0.0074      Ca B                2.82513m   38.754    0.0019      Na 5                2067.25A   38.841    0.0024
H  1                44.1168m   39.274    0.0065      Ca B                2.18843m   38.610    0.0014      Na 5                2069.09A   38.925    0.0029
H  1                48.2186m   39.216    0.0056      Ca B                1.87567m   38.478    0.0010      Na 6                14.3228m   38.594    0.0013
H  1                52.5027m   39.161    0.0050      Ca B                6.94582m   38.587    0.0013      Na 6                2971.08A   38.513    0.0011
H  1                56.9691m   40.317    0.0712      He 2                607.567A   41.858    2.4756      Ne 4                2421.66A   40.432    0.0929
He 2                2049.88A   40.417    0.0896      He 2                303.784A   42.509   11.0787      Ne 4                2424.28A   40.592    0.1343
He 2                2049.88A   40.849    0.2424      He 2                256.317A   41.818    2.2585      Ne 4                1601.61A   39.223    0.0057
He 2                2049.88A   40.797    0.2153      He 2                243.027A   41.388    0.8396      Ne 4                4725.58A   38.624    0.0014
He 2                3644.36A   39.932    0.0293      He 2                237.331A   41.075    0.4085      Ne 4                1601.45A   39.600    0.0137
He 2                3644.36A   40.367    0.0799      He 2                234.347A   40.828    0.2311      Ne 4                4724.17A   38.657    0.0016
He 2                3644.36A   40.418    0.0900      He 2                232.584A   40.623    0.1441      Ne 4                4714.23A   38.615    0.0014
He 2                3644.36A   40.122    0.0455      He 2                231.454A   40.447    0.0961      Ne 5                24.2065m   40.643    0.1511
He 2                5694.36A   39.565    0.0126      He 2                230.686A   40.293    0.0674      Ne 5                14.3228m   40.554    0.1229
He 2                5694.36A   39.999    0.0343      He 2                230.139A   40.155    0.0491      Ne 5                3345.99A   40.283    0.0660
He 2                5694.36A   40.083    0.0416      He 2                229.736A   40.420    0.0903      Ne 5                3426.03A   40.731    0.1847
He 2                5694.36A   39.934    0.0295      He 2                229.431A   40.322    0.0721      Ne 5                1574.76A   39.346    0.0076
He 2                5694.36A   39.477    0.0103      He 2                229.194A   40.231    0.0585      Ne 5                2973.20A   38.921    0.0029
He 2                8199.90A   39.277    0.0065      He 2                229.006A   40.148    0.0483      Ne 5                1136.51A   39.261    0.0063
He 2                8199.90A   39.709    0.0176      He 2                228.855A   40.070    0.0404      Ne 5                1145.60A   39.714    0.0178
He 2                8199.90A   39.805    0.0219      He 2                228.731A   39.999    0.0342      Ne 5                568.422A   38.472    0.0010
He 2                8199.90A   39.711    0.0177      He 2                228.629A   39.932    0.0294      Ne 5                569.759A   38.612    0.0014
He 2                8199.90A   39.428    0.0092      He 2                228.543A   39.870    0.0255      Ne 6                7.64318m   40.440    0.0945
He 2                8199.90A   38.859    0.0025      He 2                228.471A   39.815    0.0224      Ne 6                997.031A   38.702    0.0017
He 2                1.11610m   39.041    0.0038      He 2                228.409A   39.765    0.0200      Ne 6                558.685A   38.671    0.0016
He 2                1.11610m   39.471    0.0101      He 2                228.356A   39.723    0.0181      Ne 6                1010.21A   38.649    0.0015
He 2                1.11610m   39.572    0.0128      He 2                228.309A   39.692    0.0169      Ne 6                1005.69A   39.088    0.0042
He 2                1.11610m   39.504    0.0110      He 2                228.269A   39.683    0.0165      Ne 6                999.183A   39.056    0.0039
He 2                1.11610m   39.293    0.0067      He 2                228.234A   39.725    0.0183      Ne 7                895.174A   38.519    0.0011
He 2                1.11610m   38.917    0.0028      He 2                228.203A   40.514    0.1121      Ne 7                887.279A   38.664    0.0016
He 2                1.45776m   38.841    0.0024      He 2                1640.43A   41.458    0.9865      Ne 7                465.220A   38.549    0.0012
He 2                1.45776m   39.270    0.0064      He 2                1215.13A   41.026    0.3649      Ne 8                780.325A   38.701    0.0017
He 2                1.45776m   39.373    0.0081      He 2                1084.94A   40.706    0.1745      Ne 8                770.410A   38.960    0.0031
He 2                1.45776m   39.319    0.0072      He 2                1025.27A   40.454    0.0977      Ni 2                1.19102m   39.183    0.0052
He 2                1.45776m   39.144    0.0048      He 2                992.360A   40.247    0.0606      Ni 2                7377.83A   38.489    0.0011
He 2                1.45776m   38.853    0.0024      He 2                972.108A   40.070    0.0404      O  4                25.8832m   41.054    0.3892
He 2                1.84498m   38.669    0.0016      He 2                958.694A   39.916    0.0283      O  4                1399.77A   40.163    0.0500
He 2                1.84498m   39.096    0.0043      He 2                949.324A   39.779    0.0207      O  4                1407.38A   40.153    0.0488
He 2                1.84498m   39.200    0.0054      He 2                942.508A   39.857    0.0247      O  4                1397.20A   39.710    0.0176
He 2                1.84498m   39.154    0.0049      He 2                937.389A   39.759    0.0197      O  4                1404.78A   40.596    0.1354
He 2                1.84498m   39.000    0.0034      He 2                933.444A   39.669    0.0160      O  4                1401.16A   40.591    0.1340
He 2                1.84498m   38.755    0.0020      He 2                930.337A   39.586    0.0132      O  4                787.710A   40.379    0.0822
He 2                2.27776m   38.518    0.0011      He 2                927.846A   39.508    0.0111      O  4                790.114A   39.961    0.0314
He 2                2.27776m   38.944    0.0030      He 2                925.817A   39.436    0.0094      O  4                790.201A   40.033    0.0371
He 2                2.27776m   39.048    0.0038      He 2                924.142A   39.370    0.0080      O  4                608.397A   38.783    0.0021
He 2                2.27776m   39.006    0.0035      He 2                922.743A   39.308    0.0070      O  4                609.830A   39.350    0.0077
He 2                2.27776m   38.865    0.0025      He 2                921.562A   39.253    0.0061      O  4                554.076A   39.133    0.0047
He 2                2.27776m   38.647    0.0015      He 2                920.556A   39.203    0.0055      O  4                555.264A   39.147    0.0048
He 2                2.75608m   39.564    0.0126      He 2                919.693A   39.161    0.0050      O  4                554.514A   39.131    0.0046
He 2                3.27997m   39.452    0.0097      He 2                918.945A   39.130    0.0046      O  6                1037.62A   40.654    0.1550
He 2                3.84941m   39.349    0.0077      He 2                918.295A   39.121    0.0045      O  6                1031.91A   40.947    0.3039
He 2                4.46440m   39.253    0.0062      He 2                917.724A   39.163    0.0050      S  4                10.5076m   41.284    0.6606
He 2                5.12495m   39.164    0.0050      He 2                917.221A   39.952    0.0307      S  4                1404.81A   39.510    0.0111
He 2                5.83106m   39.081    0.0041      He 2                4685.64A   40.633    0.1476      S  4                1423.84A   39.373    0.0081
He 2                6.58272m   39.002    0.0035      He 2                3203.04A   40.334    0.0742      S  4                1398.04A   38.660    0.0016
He 2                7.37993m   38.928    0.0029      He 2                2733.24A   40.082    0.0415      S  4                1416.89A   39.968    0.0319
He 2                8.22270m   38.858    0.0025      He 2                2511.15A   39.872    0.0256      S  4                1406.02A   40.030    0.0368
He 2                9.11102m   38.792    0.0021      He 2                2385.35A   39.692    0.0169      S  4                1062.66A   39.730    0.0185
He 2                10.0449m   38.728    0.0018      He 2                2306.15A   39.536    0.0118      S  4                1073.52A   39.203    0.0055
He 2                11.0243m   38.668    0.0016      He 2                2252.64A   39.398    0.0086      S  4                1072.97A   39.756    0.0196
He 2                12.0493m   38.610    0.0014      He 2                2214.62A   39.342    0.0075      S  4                815.941A   38.880    0.0026
He 2                13.1199m   38.555    0.0012      He 2                2186.56A   39.244    0.0060      S  4                748.393A   38.848    0.0024
He 2                14.2360m   39.735    0.0186      He 2                2165.20A   39.155    0.0049      S  4                753.760A   38.893    0.0027
He 1                2599.69A   40.779    0.2065      He 2                2148.55A   39.071    0.0040      S  4                750.221A   38.937    0.0030
He 1                3120.85A   40.256    0.0620      He 2                2135.31A   38.994    0.0034      S  4                657.319A   38.833    0.0023
He 1                3421.00A   40.204    0.0549      He 2                2124.58A   38.922    0.0029      S  5                1199.14A   38.804    0.0022
He 1                3420.88A   40.681    0.1647      He 2                2115.78A   38.856    0.0025      S  5                1188.28A   38.942    0.0030
He 1                3420.88A   40.903    0.2745      He 2                2108.46A   38.795    0.0021      S  5                786.470A   39.513    0.0112
He 1                3678.70A   40.465    0.1002      He 2                2102.30A   38.739    0.0019      S  6                944.524A   39.429    0.0092
He 1                6632.16A   39.934    0.0295      He 2                2097.07A   38.689    0.0017      S  6                933.380A   39.705    0.0174
He 1                7435.20A   39.488    0.0106      He 2                2092.59A   38.647    0.0015      S  8                9914.00A   38.929    0.0029
He 1                7843.44A   40.463    0.0997      He 2                2088.73A   38.617    0.0014      Si 6                1.96247m   39.865    0.0252
He 1                8188.36A   40.151    0.0486      He 2                2085.37A   38.607    0.0014      Si 8                1445.74A   38.646    0.0015
He 1                8190.64A   39.660    0.0157      He 2                2082.42A   38.650    0.0015      Si 8                1440.51A   38.800    0.0022
He 1                8261.30A   39.825    0.0230      He 2                2079.84A   39.438    0.0094      level 1 lines..................................
He 1                1.24779m   39.421    0.0091      He 2                1.01233m   40.008    0.0349      recombination..................................
He 1                1.35647m   39.003    0.0035      He 2                6559.91A   39.790    0.0212      C  2                1335.00A   39.563    0.0126
He 1                1.40934m   39.992    0.0337      He 2                5411.37A   39.586    0.0133      C  3                1923.00A   38.489    0.0011
He 1                1.45602m   39.801    0.0217      He 2                4859.18A   39.408    0.0088      C  4                1549.00A   38.883    0.0026
He 1                1.45643m   39.306    0.0069      He 2                4541.46A   39.252    0.0061      C  2                1092.50A   38.476    0.0010
He 1                1.45759m   39.374    0.0081      He 2                4338.55A   39.113    0.0045      C  2                1036.80A   39.003    0.0035
He 1                1.45759m   38.897    0.0027      He 2                4199.71A   38.973    0.0032      C  2                946.100A   38.805    0.0022
He 1                1.46631m   39.377    0.0082      He 2                4099.92A   38.876    0.0026      C  2                799.800A   39.643    0.0151
He 1                2.01409m   39.055    0.0039      He 2                4025.48A   38.786    0.0021      C  3                2296.90A   38.876    0.0026
He 1                2.15127m   38.652    0.0015      He 2                3968.32A   38.703    0.0017      C  3                1828.00A   38.756    0.0020
He 1                2.21672m   39.644    0.0151      He 2                3923.37A   38.626    0.0015      C  3                1577.10A   38.833    0.0023
He 1                2.27546m   39.492    0.0107      He 2                3887.33A   38.555    0.0012      C  3                1247.40A   38.470    0.0010
He 1                2.27605m   38.997    0.0034      He 2                3857.96A   38.488    0.0011      C  3                1175.70A   39.054    0.0039
He 1                2.27752m   39.208    0.0055      He 2                3740.11A   39.071    0.0040      C  3                977.000A   39.415    0.0089
He 1                2.27752m   38.730    0.0018      He 2                1.86362m   39.493    0.0107      C  3                538.200A   38.480    0.0010
He 1                2.27778m   38.658    0.0016      He 2                1.16260m   39.332    0.0074      C  3                493.500A   38.650    0.0015
He 1                2.28864m   39.041    0.0038      He 2                9344.62A   39.165    0.0050      C  3                492.600A   38.480    0.0010
He 1                2.96255m   38.781    0.0021      He 2                8236.51A   39.012    0.0035      C  3                483.700A   38.490    0.0011
He 1                3.20640m   39.372    0.0081      He 2                7592.50A   38.874    0.0026      C  3                476.000A   38.664    0.0016
He 1                3.27715m   39.236    0.0059      He 2                7177.28A   38.684    0.0017      C  3                459.600A   39.543    0.0120
He 1                3.27790m   38.737    0.0019      He 2                6890.67A   38.587    0.0013      C  3                411.700A   39.435    0.0093
He 1                3.27968m   39.002    0.0035      He 2                6682.98A   38.498    0.0011      C  3                398.400A   39.244    0.0060
He 1                3.27969m   38.525    0.0011      He 2                5931.63A   38.785    0.0021      C  3                371.700A   38.684    0.0017
He 1                3.28001m   38.623    0.0014      He 2                3.09074m   39.056    0.0039      N  2                1085.10A   38.698    0.0017
He 1                3.29317m   38.773    0.0020      He 2                1.87427m   38.934    0.0029      N  2                646.400A   38.534    0.0012
He 1                4.46460m   39.684    0.0166      He 2                1.47599m   38.795    0.0021      N  3                991.000A   39.652    0.0154
He 1                5.83132m   39.512    0.0112      He 2                1.28124m   38.663    0.0016      N  3                782.900A   38.716    0.0018
He 1                7.38026m   39.361    0.0079      He 2                8701.09A   38.551    0.0012      N  3                764.000A   39.119    0.0045
He 1                9.11143m   39.225    0.0058      He 2                4.76203m   38.676    0.0016      N  3                685.700A   38.973    0.0032
He 1                11.0248m   39.101    0.0043      He 2                2.82513m   38.582    0.0013      N  3                472.300A   38.470    0.0010
He 1                13.1205m   38.989    0.0033      He 2                2.18843m   38.465    0.0010      N  3                418.800A   39.044    0.0038
He 1                15.3983m   38.885    0.0026      Ca A                33.7359A   38.475    0.0010      N  3                411.300A   38.474    0.0010
He 1                17.8584m   38.789    0.0021      He-like iso-sequence...........................      N  3                391.300A   38.960    0.0031
He 1                20.5007m   38.700    0.0017      He 1                1202.81A   40.920    0.2854      N  3                387.400A   39.103    0.0043
He 1                23.3253m   38.616    0.0014      He 1                584.334A   41.568    1.2702      N  3                374.400A   39.189    0.0053
He 1                26.3321m   38.538    0.0012      He 1                537.030A   40.979    0.3274      N  3                348.700A   39.657    0.0156
He 1                61.5933m   39.232    0.0059      He 1                522.213A   40.586    0.1324      N  3                340.200A   39.509    0.0111
grains.........................................      He 1                515.617A   40.290    0.0670      N  3                323.300A   39.277    0.0065
H-like iso-sequence............................      He 1                512.099A   40.048    0.0383      N  3                311.600A   38.616    0.0014
Cool                1215.67A   42.576   12.9328      He 1                625.563A   42.298    6.8234      O  2                386.300A   39.266    0.0063
Crst                960.000A   42.433    9.3122      He 1                510.018A   40.476    0.1028      O  2                385.700A   39.097    0.0043
CION                      0    41.248    0.6075      He 1                508.657A   40.319    0.0715      O  3                834.500A   39.435    0.0093
Q(H)                4861.33A   41.608    1.3937      He 1                507.727A   40.180    0.0519      O  3                703.400A   39.181    0.0052
Q(H)                1215.67A   43.145   47.9452      He 1                507.065A   40.056    0.0390      O  3                599.600A   38.693    0.0017
CaBo                4861.33A   41.600    1.3673      He 1                506.576A   39.944    0.0302      O  3                541.600A   38.536    0.0012
CaBo                1640.00A   41.666    1.5900      He 1                506.204A   39.841    0.0238      O  3                374.100A   38.971    0.0032
CaBo                4685.64A   40.744    0.1906      He 1                505.916A   39.747    0.0192      O  3                320.700A   38.914    0.0028
Ca A                937.804A   41.377    0.8184      He 1                505.687A   39.661    0.0157      O  3                300.500A   39.509    0.0111
Ca A                930.748A   41.174    0.5127      He 1                505.502A   39.582    0.0131      O  3                299.300A   39.142    0.0048
Ca A                926.226A   40.999    0.3427      He 1                505.352A   39.508    0.0111      O  4                922.700A   38.590    0.0013
Ca A                923.150A   40.845    0.2405      He 1                505.227A   39.441    0.0095      O  4                789.400A   39.867    0.0253
Ca A                920.963A   40.708    0.1753      He 1                505.122A   39.379    0.0082      O  4                779.900A   39.356    0.0078
Ca A                919.351A   40.584    0.1317      He 1                505.033A   39.322    0.0072      O  4                617.000A   39.104    0.0044
Ca A                918.129A   40.471    0.1015      He 1                504.958A   39.271    0.0064      O  4                609.400A   39.053    0.0039
Ca A                917.181A   40.367    0.0799      He 1                504.893A   39.227    0.0058      O  4                554.400A   39.364    0.0079
Ca A                916.429A   40.270    0.0640      He 1                504.836A   39.191    0.0053      O  4                288.500A   38.694    0.0017
Ca A                915.824A   40.181    0.0521      He 1                504.787A   39.168    0.0051      O  4                285.800A   38.751    0.0019
Ca A                915.329A   40.098    0.0430      He 1                504.744A   39.166    0.0050      O  4                276.100A   39.058    0.0039
Ca A                914.919A   40.019    0.0359      He 1                504.706A   39.217    0.0057      O  4                273.500A   39.110    0.0044
Ca A                914.576A   39.946    0.0303      He 1                504.672A   40.027    0.0365      O  4                267.000A   38.858    0.0025
Ca A                914.286A   39.877    0.0259      TOTL                1.08303m   40.892    0.2676      O  4                265.500A   39.454    0.0098
Ca A                914.039A   39.812    0.0223      He 1                1.08303m   40.892    0.2676      O  4                260.500A   39.238    0.0059
Ca A                913.826A   39.750    0.0193      He 1                3888.63A   40.646    0.1519      O  4                258.600A   38.814    0.0022
Ca A                913.641A   39.692    0.0169      He 1                3187.74A   40.264    0.0631      O  4                252.500A   39.137    0.0047
Ca A                913.480A   39.638    0.0149      He 1                2945.10A   39.952    0.0307      O  4                250.300A   39.249    0.0061
Ca A                913.339A   39.587    0.0133      He 1                2829.08A   39.697    0.0171      O  4                238.500A   38.781    0.0021
Ca A                3970.07A   40.636    0.1484      He 1                2760.44A   38.952    0.0031      O  4                224.100A   38.931    0.0029
Ca A                3889.05A   40.458    0.0986      He 1                2721.00A   38.803    0.0022      O  4                213.000A   38.782    0.0021
Ca A                3835.38A   40.302    0.0689      He 1                2694.61A   38.670    0.0016      O  4                211.300A   38.926    0.0029
Ca A                3797.89A   40.164    0.0501      He 1                2676.05A   38.549    0.0012      O  4                207.200A   38.938    0.0030
Ca A                3770.63A   40.039    0.0376      He 1                5015.68A   38.683    0.0017      O  4                203.000A   38.468    0.0010
Ca A                3750.15A   39.926    0.0289      He 1                7065.22A   39.972    0.0322      O  4                200.800A   39.538    0.0118
Ca A                3734.36A   39.821    0.0228      He 1                5875.64A   40.569    0.1274      O  4                196.400A   39.554    0.0123
Ca A                3721.93A   39.725    0.0182      He 1                4713.03A   39.330    0.0073      O  4                188.200A   39.300    0.0069
Ca A                3711.97A   39.635    0.0148      He 1                4471.49A   40.182    0.0523      O  4                184.200A   39.012    0.0035
Ca A                3703.85A   39.551    0.0122      He 1                4120.82A   38.924    0.0029      O  4                182.800A   38.569    0.0013
Ca A                3697.15A   39.473    0.0102      He 1                4026.20A   39.874    0.0257      O  4                158.600A   39.384    0.0083
Ca A                3691.55A   39.398    0.0086      He 1                3867.48A   38.631    0.0015      O  5                629.700A   38.806    0.0022
Ca A                3686.83A   39.328    0.0073      He 1                3819.61A   39.622    0.0144      O  5                202.300A   38.465    0.0010
Ca A                3682.80A   39.261    0.0063      He 1                3704.76A   39.577    0.0130      O  5                192.900A   38.960    0.0031
Ca A                3679.35A   39.198    0.0054      He 1                3634.08A   39.418    0.0090      O  5                168.000A   38.850    0.0024
Ca A                3676.36A   39.137    0.0047      He 1                3587.16A   39.277    0.0065      O  5                141.300A   38.820    0.0023
Ca A                3673.75A   39.079    0.0041      He 1                3554.34A   39.151    0.0049      level2 lines...................................
Ca A                3671.47A   39.024    0.0036      He 1                3530.43A   39.035    0.0037      S  3                667.049A   39.199    0.0054
Ca A                9545.93A   40.064    0.0398      He 1                3512.47A   38.931    0.0029      S  3                691.219A   38.485    0.0010
Ca A                9228.97A   39.907    0.0277      He 1                3498.61A   38.835    0.0023      S  3                704.220A   38.752    0.0019
Ca A                9014.87A   39.768    0.0201      He 1                3487.70A   38.746    0.0019      hyperfine structure............................
Ca A                8862.74A   39.642    0.0151      He 1                3478.94A   38.664    0.0016      inner shell....................................
Ca A                8750.43A   39.528    0.0116      He 1                3471.80A   38.587    0.0013      O  5                1215.53A   38.577    0.0013
Ca A                8664.98A   39.423    0.0091      He 1                3465.91A   38.516    0.0011      Si 5                119.791A   38.997    0.0034
Ca A                8598.35A   39.327    0.0073      He 1                3439.99A   39.048    0.0038      Si 5                120.490A   38.995    0.0034
Ca A                8545.34A   39.237    0.0059      He 1                7281.35A   39.265    0.0063      S  6                488.127A   38.525    0.0011
Ca A                8502.44A   39.152    0.0049      He 1                6678.15A   40.011    0.0352      S  7                72.4207A   38.737    0.0019
Ca A                8467.21A   39.073    0.0041      He 1                5047.64A   38.819    0.0023      S  7                72.9319A   38.734    0.0019
Ca A                8437.91A   38.999    0.0034      He 1                4921.93A   39.604    0.0138      Fe 6                167.773A   38.777    0.0021
Ca A                8413.28A   38.928    0.0029      He 1                4437.55A   38.490    0.0011      Fe 6                172.200A   38.766    0.0020
Ca A                8392.35A   38.862    0.0025      He 1                4387.93A   39.295    0.0068      Fe 7                172.440A   39.007    0.0035
Ca A                8374.43A   38.798    0.0022      He 1                4143.76A   39.047    0.0038      Fe 7                177.120A   38.995    0.0034
Ca A                8358.96A   38.737    0.0019      He 1                4009.05A   38.940    0.0030      Fe 8                185.328A   39.156    0.0049
Ca A                8345.51A   38.679    0.0016      He 1                3926.41A   38.779    0.0021      Fe 8                190.745A   39.144    0.0048
Ca A                8333.74A   38.623    0.0014      He 1                3871.69A   38.637    0.0015      Fe 9                194.333A   38.903    0.0027
Ca A                1.81740m   39.609    0.0139      He 1                3833.48A   38.510    0.0011      Fe 9                200.622A   38.890    0.0027
Ca A                1.73620m   39.469    0.0101      He 1                4.29459m   38.657    0.0016      molecules......................................
Ca A                1.68064m   39.343    0.0076      He 1                1.25274m   38.770    0.0020      H-FB                      0    38.750    0.0019
Ca A                1.64071m   39.228    0.0058      He 1                9463.57A   38.694    0.0017      H-FF                      0    38.476    0.0010
Ca A                1.61092m   39.123    0.0046      He 1                8361.73A   38.520    0.0011      H- H                      0    38.481    0.0010
Ca A                1.58804m   39.026    0.0036      He 1                2.11180m   38.513    0.0011      blends.........................................
Ca A                1.57006m   38.935    0.0030      He 1                1.70027m   39.032    0.0037      Blnd                2798.00A   41.159    0.4950
Ca A                1.55563m   38.851    0.0024      He 1                1.19692m   38.878    0.0026      Blnd                6720.00A   40.475    0.1024
Ca A                1.54388m   38.772    0.0020      He 1                1.03113m   38.682    0.0017      Blnd                4074.00A   39.338    0.0075
Ca A                1.53417m   38.697    0.0017      He 1                9515.06A   38.690    0.0017      Blnd                1.03300m   39.229    0.0058
Ca A                1.52604m   38.626    0.0015      He 1                9062.39A   38.546    0.0012      Blnd                1256.00A   38.489    0.0011
Ca A                1.51917m   38.559    0.0012      He 1                1.95430m   38.535    0.0012      Blnd                1198.00A   39.734    0.0186
Ca A                1.51331m   38.495    0.0011      He 1                1.86854m   39.594    0.0135      Blnd                1720.00A   39.983    0.0331
Ca A                3.03835m   39.227    0.0058      He 1                1.27849m   39.279    0.0065      Blnd                3722.00A   39.681    0.0165
Ca A                2.87219m   39.101    0.0043      He 1                1.09130m   39.020    0.0036      Blnd                1406.00A   40.416    0.0895
Ca A                2.75749m   38.986    0.0033      He 1                1.00275m   38.761    0.0020      Blnd                1199.00A   39.180    0.0052
Ca A                2.67438m   38.880    0.0026      He 1                9526.01A   38.593    0.0013      Blnd                2665.00A   40.111    0.0443
Ca A                2.61191m   38.783    0.0021      He 1                1.86972m   39.117    0.0045      Blnd                1860.00A   39.907    0.0277
Ca A                2.56361m   38.692    0.0017      He 1                1.27905m   38.802    0.0022      Blnd                4725.00A   40.295    0.0677
Ca A                2.52538m   38.607    0.0014      He 1                1.09171m   38.543    0.0012      Blnd                2860.00A   39.624    0.0145
Ca A                2.49455m   38.528    0.0012      He 1                1.90894m   38.570    0.0013      Blnd                7250.00A   39.056    0.0039
Ca A                12.3684m   39.464    0.0100      He 1                4.03664m   38.532    0.0012      Blnd                2335.00A   40.034    0.0371
Ca A                7.50038m   39.312    0.0070      He 1                4.04791m   38.856    0.0025      Blnd                1888.00A   41.395    0.8532
Ca A                5.90655m   39.160    0.0050      He 1                2.62338m   38.573    0.0013      Blnd                1397.00A   40.974    0.3234
Ca A                5.12722m   39.022    0.0036      Ca B                2945.10A   39.941    0.0300      Blnd                2424.00A   40.821    0.2272
Ca A                4.67119m   38.896    0.0027      Ca B                3187.74A   40.256    0.0619      Blnd                4720.00A   39.148    0.0048
Ca A                4.37522m   38.781    0.0021      Ca B                3613.64A   39.332    0.0074      Blnd                895.000A   38.899    0.0027
Ca A                4.16962m   38.676    0.0016      Ca B                3888.63A   40.644    0.1512      Blnd                774.000A   39.151    0.0049
Ca A                4.01974m   38.578    0.0013      Ca B                3964.73A   39.640    0.0150      Blnd                5525.00A   39.231    0.0058
Ca A                3.90645m   38.488    0.0011      Ca B                4026.20A   39.906    0.0276      Blnd                7306.00A   38.926    0.0029
Ca A                19.0565m   39.099    0.0043      Ca B                4120.82A   38.964    0.0032      Blnd                3933.00A   39.065    0.0040
Ca A                11.3055m   38.973    0.0032      Ca B                4387.93A   39.326    0.0073      Blnd                2326.00A   40.349    0.0768
Ca A                8.75760m   38.841    0.0024      Ca B                4437.55A   38.558    0.0012      Blnd                1335.00A   39.999    0.0342
Ca A                7.50599m   38.717    0.0018      Ca B                4471.49A   40.219    0.0569      C 2R                1335.00A   39.563    0.0126
Ca A                6.77008m   38.603    0.0014      Ca B                4713.03A   39.367    0.0080      Blnd                977.000A   41.267    0.6347
Ca A                6.29014m   38.498    0.0011      Ca B                4921.93A   39.647    0.0152      C 3R                977.000A   39.415    0.0089
Ca A                27.7955m   38.777    0.0021      Ca B                5015.68A   40.032    0.0370      Blnd                1909.00A   41.809    2.2134
Ca A                16.2045m   38.673    0.0016      Ca B                5047.64A   38.932    0.0029      C 3R                1909.00A   39.256    0.0062
Ca A                12.3837m   38.556    0.0012      Ca B                5875.64A   40.637    0.1488      Blnd                1176.00A   39.259    0.0062
Ca A                38.8589m   38.489    0.0011      Ca B                6678.15A   40.087    0.0420      C 3R                1175.00A   39.054    0.0039
Ca B                3970.07A   40.812    0.2226      Ca B                7065.22A   40.001    0.0344      Blnd                1549.00A   42.171    5.0876
Ca B                3889.05A   40.631    0.1469      Ca B                7281.35A   39.478    0.0103      C 4R                1549.00A   38.883    0.0026
Ca B                3835.38A   40.474    0.1022      Ca B                9463.57A   38.683    0.0017      Blnd                5199.00A   38.657    0.0016
Ca B                3797.89A   40.333    0.0740      Ca B                1.08303m   40.930    0.2927      Blnd                5755.00A   38.856    0.0025
Ca B                3770.63A   40.207    0.0553      Ca B                1.19692m   38.910    0.0028      Blnd                1085.00A   38.871    0.0026
Ca B                3750.15A   40.092    0.0425      Ca B                1.25274m   38.762    0.0020      N 2R                1085.00A   38.698    0.0017
Ca B                3734.36A   39.987    0.0333      Ca B                1.27849m   39.362    0.0079      Blnd                2141.00A   39.266    0.0063
Ca B                3721.93A   39.890    0.0266      Ca B                1.27905m   38.885    0.0026      Blnd                1750.00A   40.775    0.2044
Ca B                3711.97A   39.799    0.0216      Ca B                1.70027m   39.069    0.0040      Blnd                990.000A   40.296    0.0679
Ca B                3703.85A   39.715    0.0178      Ca B                1.86854m   39.718    0.0179      N 3R                990.000A   39.652    0.0154
Ca B                3697.15A   39.636    0.0148      Ca B                1.86972m   39.242    0.0060      Blnd                765.000A   40.497    0.1079
Ca B                3691.55A   39.561    0.0125      Ca B                1.90894m   38.612    0.0014      Blnd                1486.00A   41.165    0.5022
Ca B                3686.83A   39.491    0.0106      Ca B                1.95430m   38.527    0.0012      Blnd                1240.00A   40.912    0.2804
Ca B                3682.80A   39.424    0.0091      Ca B                2.05813m   40.067    0.0401      Blnd                6300.00A   39.439    0.0094
Ca B                3679.35A   39.361    0.0079      Ca B                2.11180m   38.551    0.0012      Blnd                2471.00A   39.457    0.0098
Ca B                3676.36A   39.300    0.0069      C  5                40.2678A   38.821    0.0023      Blnd                3726.00A   40.689    0.1679
Ca B                3673.75A   39.243    0.0060      C  5                41.4721A   39.479    0.0104      Blnd                3729.00A   40.863    0.2503
Ca B                3671.47A   39.189    0.0053      C  5                31.9011A   38.474    0.0010      Blnd                7323.00A   39.289    0.0067
Ca B                9545.93A   40.137    0.0471      N  6                29.5343A   38.597    0.0014      Blnd                7332.00A   39.208    0.0055
Ca B                9228.97A   39.981    0.0329      O  7                22.1012A   38.901    0.0027      Blnd                833.000A   38.906    0.0028
Ca B                9014.87A   39.841    0.0238      Pho+                3889.00A   41.205    0.5501      O 2R                3726.00A   38.620    0.0014
Ca B                8862.74A   39.716    0.0179      extra Lyman....................................      O 2R                3729.00A   38.792    0.0021
Ca B                8750.43A   39.601    0.0137      database lines.................................      Blnd                3727.00A   41.090    0.4224
Ca B                8664.98A   39.497    0.0108      Al 3                1854.72A   39.729    0.0184      Blnd                7325.00A   39.551    0.0122
Ca B                8598.35A   39.400    0.0086      Al 3                1862.79A   39.434    0.0093      Blnd                1666.00A   41.313    0.7060
Ca B                8545.34A   39.309    0.0070      Al 6                2428.39A   38.954    0.0031      Blnd                5007.00A   42.474   10.2399
Ca B                8502.44A   39.225    0.0058      Al 6                3.65932m   39.569    0.0127      Blnd                4363.00A   40.813    0.2232
Ca B                8467.21A   39.146    0.0048      Al 6                9.11329m   38.522    0.0011      Blnd                835.000A   40.702    0.1729
Ca B                8437.91A   39.071    0.0040      Ar 3                3109.18A   38.766    0.0020      O 3R                835.000A   39.435    0.0093
Ca B                8413.28A   39.001    0.0034      Ar 3                7135.79A   40.044    0.0380      Blnd                1402.00A   41.051    0.3859
Ca B                8392.35A   38.934    0.0030      Ar 3                7751.11A   39.420    0.0090      Blnd                789.000A   40.709    0.1759
Ca B                8374.43A   38.871    0.0026      Ar 3                8.98898m   39.717    0.0179      O 4R                789.000A   39.867    0.0253
Ca B                8358.96A   38.811    0.0022      Ar 3                21.8253m   38.568    0.0013      Blnd                630.000A   40.366    0.0797
Ca B                8345.51A   38.753    0.0019      Ar 4                2853.66A   39.464    0.0100      O 5R                630.000A   38.806    0.0022
Ca B                8333.74A   38.698    0.0017      Ar 4                2868.22A   39.115    0.0045      Blnd                1218.00A   41.092    0.4246
Ca B                1.81740m   39.649    0.0153      Ar 4                4711.26A   40.054    0.0388      Blnd                1035.00A   41.126    0.4588

                                                    Emergent line intensities
general properties.............................      He 2                8701.09A   38.550    0.0012      Ca 2                7291.47A   38.702    0.0017
continua.......................................      He 2                4.76203m   38.676    0.0016      Ca 2                3968.47A   38.591    0.0013
FIR                 83.0000m   42.667   15.9642      He 2                2.82513m   38.582    0.0013      Ca 2                3933.66A   38.887    0.0026
TIR                 1800.00m   39.752    0.0194      He 2                2.18843m   38.465    0.0010      Ca 5                4.15739m   39.290    0.0067
NIRa                2.85000m   43.771  202.9328      He-like iso-sequence...........................      Ca 5                5309.11A   39.423    0.0091
NIRb                3.00000m   43.365   79.6507      He 1                1.08303m   40.892    0.2676      Ca 5                6086.37A   38.711    0.0018
MIRa                15.0000m   43.419   90.0973      He 1                3888.63A   40.646    0.1519      Ca 5                2412.87A   38.509    0.0011
MIRb                22.5000m   43.495  107.3179      He 1                3187.74A   40.264    0.0631      Ca 8                2.32117m   38.734    0.0019
NMIR                21.7500m   43.771  202.9328      He 1                2945.10A   39.952    0.0307      Cl 3                5537.87A   38.853    0.0024
TFIR                611.250m   40.412    0.0888      He 1                2829.08A   39.697    0.0171      Cl 3                5517.71A   38.995    0.0034
TALL                10000.0A   44.198  542.0839      He 1                2760.44A   38.952    0.0031      Cl 4                20.3197m   39.051    0.0039
F12                 12.0000m   42.980   32.8309      He 1                2721.00A   38.803    0.0022      Cl 4                11.7629m   38.977    0.0033
F25                 25.0000m   42.766   20.0382      He 1                2694.61A   38.670    0.0016      Cl 4                7530.54A   38.842    0.0024
F60                 60.0000m   42.602   13.7356      He 1                2676.05A   38.549    0.0012      Cl 4                8045.62A   39.206    0.0055
F100                100.000m   41.725    1.8220      He 1                5015.68A   38.683    0.0017      Fe10                6374.54A   38.523    0.0011
MIPS                24.0000m   42.480   10.3805      He 1                7065.22A   39.972    0.0322      Fe 4                3095.77A   40.843    0.2395
MIPS                70.0000m   42.010    3.5132      He 1                5875.64A   40.569    0.1274      Fe 4                3094.96A   40.658    0.1562
MIPS                160.000m   39.908    0.0278      He 1                4713.03A   39.330    0.0073      Fe 4                3094.53A   40.516    0.1126
IRAC                3.60000m   42.579   13.0297      He 1                4471.49A   40.182    0.0523      Fe 4                2835.74A   40.819    0.2266
IRAC                4.50000m   42.614   14.1348      He 1                4120.82A   38.924    0.0029      Fe 4                2829.36A   40.472    0.1018
IRAC                5.80000m   42.648   15.2587      He 1                4026.20A   39.874    0.0257      Fe 4                2823.50A   40.305    0.0693
IRAC                8.00000m   42.804   21.8785      He 1                3867.48A   38.631    0.0015      Fe 4                2577.92A   38.984    0.0033
SPR1                250.000m   39.529    0.0116      He 1                3819.61A   39.622    0.0144      Fe 4                2.83562m   39.462    0.0099
SPR2                350.000m   39.412    0.0089      He 1                3704.76A   39.577    0.0130      Fe 4                2.80554m   38.851    0.0024
SPR3                500.000m   39.357    0.0078      He 1                3634.08A   39.418    0.0090      Fe 4                2.86447m   39.055    0.0039
PAC1                70.0000m   42.068    4.0152      He 1                3587.16A   39.277    0.0065      Fe 4                2567.61A   39.849    0.0242
PAC2                100.000m   41.702    1.7284      He 1                3554.34A   39.151    0.0049      Fe 4                2.71569m   38.732    0.0019
PAC3                160.000m   40.052    0.0387      He 1                3530.43A   39.035    0.0037      Fe 4                2567.40A   39.075    0.0041
PAH                 3.30000m   41.722    1.8095      He 1                3512.47A   38.931    0.0029      Fe 4                2.77325m   38.503    0.0011
PAHC                3.23000m   41.438    0.9409      He 1                3498.61A   38.835    0.0023      Fe 4                6739.82A   39.276    0.0065
PAHC                3.37000m   41.414    0.8912      He 1                3487.70A   38.746    0.0019      Fe 4                6761.38A   38.775    0.0020
PAH                 6.20000m   42.164    5.0064      He 1                3478.94A   38.664    0.0016      Fe 4                6734.42A   38.570    0.0013
PAHC                5.65000m   42.203    5.4877      He 1                3471.80A   38.587    0.0013      Fe 4                5233.76A   38.745    0.0019
PAH                 7.90000m   42.356    7.7904      He 1                3465.91A   38.516    0.0011      Fe 4                4906.56A   39.391    0.0084
PAHC                6.90000m   42.415    8.9243      He 1                3439.99A   39.048    0.0038      Fe 4                4917.98A   38.882    0.0026
PAH                 11.3000m   41.763    1.9888      He 1                7281.35A   39.265    0.0063      Fe 4                7222.76A   38.908    0.0028
PAHC                10.9000m   41.785    2.0917      He 1                6678.15A   40.011    0.0352      Fe 4                4899.97A   38.942    0.0030
PAH                 11.8000m   41.978    3.2666      He 1                5047.64A   38.819    0.0023      Fe 4                4903.07A   38.962    0.0031
PAHC                12.6500m   41.946    3.0361      He 1                4921.93A   39.604    0.0138      Fe 4                7183.99A   38.613    0.0014
PAH                 13.3000m   41.979    3.2698      He 1                4437.55A   38.490    0.0011      Fe 4                4868.16A   38.772    0.0020
PAHC                14.1000m   41.960    3.1346      He 1                4387.93A   39.295    0.0068      Fe 4                7191.23A   38.524    0.0011
Bcon                3640.00A   43.840  237.7811      He 1                4143.76A   39.047    0.0038      Fe 4                4867.95A   38.650    0.0015
Pcon                5000.00A   43.283   65.9525      He 1                4009.05A   38.940    0.0030      Fe 4                4206.59A   38.602    0.0014
O3bn                5007.00A   42.394    8.5171      He 1                3926.41A   38.779    0.0021      Fe 4                4208.88A   38.569    0.0013
SX                  25.0000A   42.366    7.9716      He 1                3871.69A   38.637    0.0015      Fe 5                70.3538m   39.297    0.0068
HX                  4.70000A   42.301    6.8718      He 1                3833.48A   38.510    0.0011      Fe 5                36.3273m   39.338    0.0075
RRC............................................      He 1                4.29459m   38.657    0.0016      Fe 5                25.9131m   39.273    0.0064
grains.........................................      He 1                1.25274m   38.770    0.0020      Fe 5                20.8407m   39.078    0.0041
H-like iso-sequence............................      He 1                9463.57A   38.694    0.0017      Fe 5                4180.59A   39.135    0.0047
H  1                1215.67A   43.114   44.6972      He 1                8361.73A   38.520    0.0011      Fe 5                4143.15A   39.447    0.0096
H  1                1025.72A   42.338    7.4808      He 1                2.11180m   38.513    0.0011      Fe 5                4227.19A   40.156    0.0492
H  1                972.537A   41.899    2.7231      He 1                1.70027m   39.032    0.0037      Fe 5                4071.24A   39.380    0.0082
H  1                949.743A   41.586    1.3229      He 1                1.19692m   38.878    0.0026      Fe 5                3895.22A   39.081    0.0041
H  1                937.804A   41.308    0.6981      He 1                1.03113m   38.682    0.0017      Fe 5                3851.34A   38.868    0.0025
H  1                930.748A   41.100    0.4328      He 1                9515.06A   38.690    0.0017      Fe 5                3794.94A   39.458    0.0099
H  1                926.226A   40.922    0.2869      He 1                9062.39A   38.546    0.0012      Fe 5                3755.70A   39.176    0.0052
H  1                923.150A   40.765    0.1998      He 1                1.95430m   38.535    0.0012      Fe 5                3911.33A   38.598    0.0014
H  1                920.963A   40.624    0.1446      He 1                1.86854m   39.594    0.0135      Fe 5                3839.27A   39.466    0.0100
H  1                919.351A   40.759    0.1970      He 1                1.27849m   39.279    0.0065      Fe 5                3783.22A   39.055    0.0039
H  1                918.129A   40.654    0.1548      He 1                1.09130m   39.020    0.0036      Fe 5                3891.28A   39.244    0.0060
H  1                917.181A   40.558    0.1241      He 1                1.00275m   38.761    0.0020      Fe 5                3819.95A   38.573    0.0013
H  1                916.429A   40.469    0.1012      He 1                9526.01A   38.592    0.0013      Fe 5                3445.62A   38.798    0.0022
H  1                915.824A   40.387    0.0837      He 1                1.86972m   39.117    0.0045      Fe 5                3463.51A   38.813    0.0022
H  1                915.329A   40.311    0.0703      He 1                1.27905m   38.802    0.0022      Fe 5                2828.24A   39.004    0.0035
H  1                914.919A   40.240    0.0597      He 1                1.09171m   38.543    0.0012      Fe 5                2780.40A   38.471    0.0010
H  1                914.576A   40.175    0.0514      He 1                1.90894m   38.570    0.0013      Fe 5                2750.88A   38.660    0.0016
H  1                914.286A   40.116    0.0449      He 1                4.03664m   38.532    0.0012      Fe 5                2730.21A   38.750    0.0019
H  1                914.039A   40.063    0.0397      He 1                4.04791m   38.856    0.0025      Fe 5                2717.82A   38.744    0.0019
H  1                913.826A   40.018    0.0358      He 1                2.62338m   38.573    0.0013      Fe 5                2707.36A   38.795    0.0021
H  1                913.641A   39.984    0.0331      O  7                22.1012A   38.557    0.0012      Fe 6                19.5527m   39.977    0.0325
H  1                913.480A   39.971    0.0321      extra Lyman....................................      Fe 6                5335.19A   39.628    0.0146
H  1                913.339A   40.009    0.0350      database lines.................................      Fe 6                5277.81A   39.111    0.0044
H  1                913.215A   40.787    0.2102      Al 3                1854.72A   39.729    0.0184      Fe 6                3813.55A   38.824    0.0023
H  1                6562.81A   41.885    2.6344      Al 3                1862.79A   39.434    0.0093      Fe 6                3492.10A   39.114    0.0045
H  1                4861.33A   41.464    1.0000      Al 6                2428.39A   38.954    0.0031      Fe 6                2145.08A   38.965    0.0032
H  1                4340.46A   41.153    0.4887      Al 6                3.65932m   39.569    0.0127      Fe 6                14.7670m   39.823    0.0228
H  1                4101.73A   40.884    0.2627      Al 6                9.11329m   38.522    0.0011      Fe 6                5484.85A   39.374    0.0081
H  1                3970.07A   40.677    0.1633      Ar 3                3109.18A   38.766    0.0020      Fe 6                5424.23A   39.442    0.0095
H  1                3889.05A   40.500    0.1086      Ar 3                7135.79A   40.044    0.0380      Fe 6                5234.29A   38.677    0.0016
H  1                3835.38A   40.345    0.0760      Ar 3                7751.11A   39.420    0.0090      Fe 6                4972.48A   39.929    0.0291
H  1                3797.89A   40.207    0.0553      Ar 3                8.98898m   39.717    0.0179      Fe 6                3889.41A   39.027    0.0037
H  1                3770.63A   40.195    0.0539      Ar 3                21.8253m   38.568    0.0013      Fe 6                3555.61A   39.423    0.0091
H  1                3750.15A   40.091    0.0424      Ar 4                2853.66A   39.464    0.0100      Fe 6                3573.86A   38.560    0.0012
H  1                3734.36A   39.995    0.0340      Ar 4                2868.22A   39.114    0.0045      Fe 6                12.3074m   39.557    0.0124
H  1                3721.93A   39.906    0.0277      Ar 4                4711.26A   40.053    0.0388      Fe 6                5631.08A   39.462    0.0100
H  1                3711.97A   39.824    0.0229      Ar 4                4740.12A   39.925    0.0289      Fe 6                5426.65A   39.210    0.0056
H  1                3703.85A   39.748    0.0192      Ar 4                7170.70A   38.615    0.0014      Fe 6                5145.76A   39.945    0.0302
H  1                3697.15A   39.678    0.0164      Ar 4                7237.77A   38.479    0.0010      Fe 6                4967.15A   39.554    0.0123
H  1                3691.55A   39.612    0.0141      Ar 4                7263.33A   38.555    0.0012      Fe 6                3662.50A   39.440    0.0095
H  1                3686.83A   39.553    0.0123      Ar 5                2691.05A   38.538    0.0012      Fe 6                5676.96A   39.540    0.0119
H  1                3682.80A   39.500    0.0109      Ar 5                6435.12A   39.125    0.0046      Fe 6                5370.30A   38.686    0.0017
H  1                3679.35A   39.454    0.0098      Ar 5                7005.83A   39.456    0.0098      Fe 6                5176.05A   39.925    0.0289
H  1                3676.36A   39.420    0.0090      Ar 5                7.89971m   39.535    0.0118      Fe 6                2260.89A   38.705    0.0017
H  1                3673.75A   39.407    0.0088      Ar 5                13.0985m   39.718    0.0180      Fe 6                1.28877m   38.901    0.0027
H  1                3671.47A   39.445    0.0096      Ar 6                4.52800m   39.595    0.0135      Fe 6                1.23303m   39.102    0.0043
H  1                3669.46A   40.222    0.0573      C  2                1037.02A   38.598    0.0014      Fe 6                3846.95A   38.857    0.0025
H  1                1.87510m   40.989    0.3347      C  2                1334.53A   39.509    0.0111      Fe 6                3905.01A   38.505    0.0011
H  1                1.28180m   40.710    0.1762      C  2                1335.66A   39.099    0.0043      Fe 6                1944.30A   38.534    0.0012
H  1                1.09380m   40.455    0.0979      C  2                1335.71A   39.262    0.0063      Fe 6                1.34929m   39.297    0.0068
H  1                1.00493m   40.250    0.0611      C  2                2323.50A   39.138    0.0047      Fe 6                1.26742m   38.851    0.0024
H  1                9545.93A   40.073    0.0407      C  2                2324.69A   39.482    0.0104      Fe 6                4014.57A   38.474    0.0010
H  1                9228.97A   39.918    0.0285      C  2                2325.40A   39.792    0.0213      Fe 6                1984.42A   38.509    0.0011
H  1                9014.87A   39.780    0.0207      C  2                2326.93A   39.920    0.0286      Mg 2                2802.71A   40.683    0.1655
H  1                8862.74A   39.680    0.0164      C  2                2328.12A   39.535    0.0118      Mg 2                2795.53A   40.982    0.3296
H  1                8750.43A   39.576    0.0129      C  2                157.636m   39.673    0.0162      Mg 2                2936.51A   38.499    0.0011
H  1                8664.98A   39.481    0.0104      C  3                1908.73A   41.403    0.8681      Mg 2                2798.00A   38.758    0.0020
H  1                8598.35A   39.392    0.0085      C  3                1906.68A   41.591    1.3393      Mg 2                2790.78A   38.505    0.0011
H  1                8545.34A   39.310    0.0070      C  3                977.020A   41.260    0.6258      Mg 4                4.48712m   39.660    0.0157
H  1                8502.44A   39.234    0.0059      C  3                2296.87A   38.743    0.0019      Mg 5                5.60700m   39.962    0.0314
H  1                8467.21A   39.164    0.0050      Ca 4                3.20610m   39.823    0.0228      Mg 5                2782.76A   40.133    0.0466
H  1                8437.91A   39.099    0.0043      Fe 2                25.9811m   39.182    0.0052      Mg 5                13.5464m   38.870    0.0025
H  1                8413.28A   39.039    0.0038      Fe 2                5.33881m   39.766    0.0200      Mg 5                2928.09A   39.567    0.0127
H  1                8392.35A   38.986    0.0033      Fe 2                1.25668m   39.734    0.0186      Mg 5                1324.43A   38.639    0.0015
H  1                8374.43A   38.941    0.0030      Fe 2                2599.40A   39.612    0.0140      Mg 6                1806.00A   39.621    0.0144
H  1                8358.96A   38.907    0.0028      Fe 2                2585.88A   38.490    0.0011      Mg 6                1806.43A   39.722    0.0181
H  1                8345.51A   38.893    0.0027      Fe 2                2382.04A   39.685    0.0166      Mg 6                1190.12A   38.691    0.0017
H  1                8333.74A   38.931    0.0029      Fe 2                2343.50A   38.986    0.0033      Mg 7                9.00655m   39.462    0.0100
H  1                8323.38A   39.709    0.0176      Fe 2                35.3394m   38.549    0.0012      Mg 7                5.50177m   39.359    0.0078
H  1                4.05113m   40.336    0.0745      Fe 2                1.32055m   39.157    0.0049      Mg 7                2508.99A   38.773    0.0020
H  1                2.62513m   40.122    0.0455      Fe 2                2625.67A   39.039    0.0038      Mg 7                2628.89A   39.177    0.0052
H  1                2.16551m   39.926    0.0290      Fe 2                2611.87A   38.894    0.0027      Mg 8                3.02765m   38.826    0.0023
H  1                1.94454m   39.753    0.0194      Fe 2                2395.63A   38.873    0.0026      N  2                205.244m   39.152    0.0049
H  1                1.81740m   39.599    0.0136      Fe 2                2364.83A   38.783    0.0021      N  2                121.767m   39.060    0.0039
H  1                1.73620m   39.461    0.0099      Fe 2                1.37182m   38.933    0.0029      N  2                6548.05A   39.921    0.0286
H  1                1.68064m   39.311    0.0070      Fe 2                2631.32A   38.579    0.0013      N  2                6583.45A   40.390    0.0844
H  1                1.64071m   39.207    0.0055      Fe 2                2380.76A   38.506    0.0011      N  2                5754.61A   38.852    0.0024
H  1                1.61092m   39.112    0.0044      Fe 2                17.9314m   38.737    0.0019      N  2                2139.01A   38.727    0.0018
H  1                1.58804m   39.024    0.0036      Fe 2                1.64355m   39.662    0.0158      N  2                2142.78A   39.118    0.0045
H  1                1.57006m   38.942    0.0030      Fe 2                8616.95A   38.834    0.0023      N  3                57.3238m   40.587    0.1327
H  1                1.55563m   38.866    0.0025      Fe 2                5158.78A   38.689    0.0017      N  3                1748.65A   39.864    0.0251
H  1                1.54388m   38.796    0.0021      Fe 2                1.80939m   38.959    0.0031      N  3                1753.99A   39.879    0.0260
H  1                1.53417m   38.731    0.0018      Fe 3                22.9190m   39.465    0.0100      N  3                1746.82A   39.451    0.0097
H  1                1.52604m   38.672    0.0016      Fe 3                4881.12A   38.990    0.0034      N  3                1752.16A   40.291    0.0672
H  1                1.51917m   38.619    0.0014      Fe 3                4658.01A   39.686    0.0167      N  3                1749.67A   40.348    0.0765
H  1                1.51331m   38.574    0.0013      Fe 3                33.0270m   38.909    0.0028      N  3                989.799A   39.936    0.0297
H  1                1.50827m   38.540    0.0012      Fe 3                5270.40A   39.547    0.0121      N  3                991.511A   39.526    0.0115
H  1                1.50389m   38.526    0.0012      Fe 3                4754.64A   38.948    0.0030      N  3                991.577A   39.515    0.0113
H  1                1.50008m   38.564    0.0013      Fe 3                4701.62A   39.203    0.0055      N  4                1486.50A   40.765    0.2002
H  1                1.49672m   39.342    0.0075      Fe 3                5011.16A   38.776    0.0020      N  4                1483.32A   40.944    0.3020
H  1                7.45777m   39.805    0.0219      Fe 3                4769.52A   38.728    0.0018      Na 3                7.31706m   39.087    0.0042
H  1                4.65247m   39.647    0.0152      Fe 3                4733.84A   38.612    0.0014      Na 4                9.03098m   38.558    0.0012
H  1                3.73951m   39.485    0.0105      Fe 3                5411.98A   38.503    0.0011      Na 4                3241.51A   38.891    0.0027
H  1                3.29607m   39.335    0.0074      Fe 7                9.50763m   40.108    0.0440      Na 5                2067.25A   38.841    0.0024
H  1                3.03835m   39.200    0.0054      Fe 7                5720.71A   39.928    0.0291      Na 5                2069.09A   38.925    0.0029
H  1                2.87219m   39.022    0.0036      Fe 7                4988.55A   39.738    0.0188      Na 6                14.3228m   38.594    0.0013
H  1                2.75749m   38.919    0.0029      Fe 7                4893.37A   39.484    0.0105      Na 6                2971.08A   38.513    0.0011
H  1                2.67438m   38.824    0.0023      Fe 7                4698.24A   38.614    0.0014      Ne 4                2421.66A   40.432    0.0929
H  1                2.61191m   38.737    0.0019      Fe 7                7.81037m   39.584    0.0132      Ne 4                2424.28A   40.592    0.1343
H  1                2.56361m   38.655    0.0016      Fe 7                6086.97A   40.103    0.0435      Ne 4                1601.61A   39.223    0.0057
H  1                2.52538m   38.580    0.0013      Fe 7                5158.89A   39.617    0.0142      Ne 4                4725.58A   38.624    0.0014
H  1                2.49455m   38.509    0.0011      Fe 7                4942.48A   39.216    0.0057      Ne 4                1601.45A   39.600    0.0137
H  1                2.37371m   39.056    0.0039      Fe 7                3586.32A   39.874    0.0257      Ne 4                4724.17A   38.657    0.0016
H  1                12.3684m   39.364    0.0079      Fe 7                5276.38A   39.051    0.0039      Ne 4                4714.23A   38.615    0.0014
H  1                7.50038m   39.241    0.0060      Fe 7                3758.92A   40.028    0.0366      Ne 5                24.2065m   40.643    0.1511
H  1                5.90655m   39.104    0.0044      Fe 7                3.38363m   38.740    0.0019      Ne 5                14.3228m   40.554    0.1229
H  1                5.12722m   38.974    0.0032      Fe 7                2.62872m   38.896    0.0027      Ne 5                3345.99A   40.283    0.0660
H  1                4.67119m   38.783    0.0021      Fe 7                2015.36A   38.545    0.0012      Ne 5                3426.03A   40.731    0.1847
H  1                4.37522m   38.682    0.0017      K  3                4.61683m   38.663    0.0016      Ne 5                1574.76A   39.346    0.0076
H  1                4.16962m   38.588    0.0013      K  4                5.98030m   38.565    0.0013      Ne 5                2973.20A   38.921    0.0029
H  1                4.01974m   38.501    0.0011      Mg 1                2852.13A   39.263    0.0063      Ne 5                1136.51A   39.261    0.0063
H  1                3.48198m   38.821    0.0023      Mg 1                4562.60A   39.178    0.0052      Ne 5                1145.60A   39.714    0.0178
H  1                19.0565m   38.985    0.0033      Mg 1                4571.10A   38.747    0.0019      Ne 6                7.64318m   40.440    0.0945
H  1                11.3055m   38.886    0.0026      N  5                1238.82A   40.734    0.1862      Ne 6                997.031A   38.701    0.0017
H  1                8.75760m   38.769    0.0020      N  5                1242.80A   40.438    0.0942      Ne 6                1010.21A   38.649    0.0015
H  1                7.50599m   38.579    0.0013      Ne 2                12.8101m   38.732    0.0019      Ne 6                1005.69A   39.088    0.0042
H  1                6.77008m   38.479    0.0010      Ne 3                15.5509m   40.737    0.1874      Ne 6                999.183A   39.056    0.0039
H  1                4.84633m   38.623    0.0014      Ne 3                3868.76A   41.187    0.5283      Ni 2                1.19102m   39.183    0.0052
H  1                27.7955m   38.651    0.0015      Ne 3                36.0036m   39.692    0.0169      Ni 2                7377.83A   38.489    0.0011
H  1                16.2045m   38.572    0.0013      Ne 3                3967.47A   40.669    0.1603      O  4                25.8832m   41.054    0.3893
He 2                303.784A   38.965    0.0032      Ne 3                1814.56A   39.526    0.0115      O  4                1399.77A   40.163    0.0500
He 2                256.317A   39.353    0.0077      Ne 3                3342.18A   39.044    0.0038      O  4                1407.38A   40.153    0.0488
He 2                243.027A   39.188    0.0053      O  1                6300.30A   39.318    0.0071      O  4                1397.20A   39.710    0.0176
He 2                237.331A   38.980    0.0033      O  1                6363.78A   38.823    0.0023      O  4                1404.78A   40.596    0.1354
He 2                234.347A   38.788    0.0021      O  1                63.1679m   38.555    0.0012      O  4                1401.16A   40.591    0.1340
He 2                232.584A   38.622    0.0014      O  2                2470.22A   38.763    0.0020      O  6                1037.62A   40.654    0.1550
He 2                229.736A   38.469    0.0010      O  2                2470.34A   39.335    0.0074      O  6                1031.91A   40.947    0.3039
He 2                228.203A   38.587    0.0013      O  2                7318.92A   38.680    0.0016      S  4                10.5076m   41.284    0.6607
He 2                1640.43A   41.458    0.9866      O  2                7319.99A   39.142    0.0048      S  4                1404.81A   39.510    0.0111
He 2                1215.13A   41.026    0.3649      O  2                7329.67A   38.903    0.0027      S  4                1423.84A   39.373    0.0081
He 2                1084.94A   40.706    0.1745      O  2                7330.73A   38.873    0.0026      S  4                1398.04A   38.660    0.0016
He 2                1025.27A   40.454    0.0977      O  2                3728.81A   40.863    0.2503      S  4                1416.89A   39.968    0.0319
He 2                992.360A   40.247    0.0606      O  2                3726.03A   40.689    0.1679      S  4                1406.02A   40.030    0.0368
He 2                972.108A   40.070    0.0404      O  3                88.3323m   41.445    0.9561      S  4                1062.66A   39.730    0.0185
He 2                958.694A   39.916    0.0283      O  3                51.8004m   41.223    0.5734      S  4                1073.52A   39.203    0.0055
He 2                949.324A   39.779    0.0207      O  3                4958.91A   41.874    2.5703      S  4                1072.97A   39.756    0.0196
He 2                942.508A   39.857    0.0247      O  3                5006.84A   42.349    7.6687      S  5                1199.14A   38.804    0.0022
He 2                937.389A   39.759    0.0197      O  3                2320.95A   40.213    0.0561      S  5                1188.28A   38.942    0.0030
He 2                933.444A   39.669    0.0160      O  3                4363.21A   40.813    0.2231      S  6                944.524A   39.429    0.0092
He 2                930.337A   39.586    0.0132      O  3                1660.81A   40.719    0.1797      S  6                933.380A   39.705    0.0174
He 2                927.846A   39.508    0.0111      O  3                1666.15A   41.185    0.5263      S  8                9914.00A   38.929    0.0029
He 2                925.817A   39.436    0.0094      O  5                1218.34A   40.696    0.1708      Si 6                1.96247m   39.865    0.0252
He 2                924.142A   39.370    0.0080      O  5                1213.81A   40.869    0.2538      Si 8                1445.74A   38.646    0.0015
He 2                922.743A   39.308    0.0070      P  2                1.18828m   38.808    0.0022      Si 8                1440.51A   38.800    0.0022
He 2                921.562A   39.252    0.0061      P  3                17.8797m   38.583    0.0013      level 1 lines..................................
He 2                920.556A   39.203    0.0055      P  4                950.657A   38.603    0.0014      recombination..................................
He 2                919.693A   39.161    0.0050      S  2                6730.82A   40.088    0.0421      level2 lines...................................
He 2                918.945A   39.130    0.0046      S  2                6716.44A   40.245    0.0603      hyperfine structure............................
He 2                918.295A   39.121    0.0045      S  2                4076.35A   38.725    0.0018      inner shell....................................
He 2                917.724A   39.163    0.0050      S  2                4068.60A   39.216    0.0056      molecules......................................
He 2                917.221A   39.952    0.0307      S  2                1.03364m   38.587    0.0013      blends.........................................
He 2                4685.64A   40.633    0.1476      S  2                1.02867m   38.590    0.0013      Blnd                2798.00A   41.159    0.4951
He 2                3203.04A   40.334    0.0742      S  2                1.03205m   38.723    0.0018      Blnd                6720.00A   40.475    0.1024
He 2                2733.24A   40.082    0.0415      S  3                33.4704m   40.733    0.1857      Blnd                4074.00A   39.337    0.0075
He 2                2511.15A   39.872    0.0256      S  3                18.7078m   40.551    0.1222      Blnd                1.03300m   39.229    0.0058
He 2                2385.35A   39.692    0.0169      S  3                9068.62A   40.677    0.1632      Blnd                1256.00A   38.489    0.0011
He 2                2306.15A   39.536    0.0118      S  3                9530.62A   41.077    0.4099      Blnd                1198.00A   39.734    0.0186
He 2                2252.64A   39.398    0.0086      S  3                3721.63A   39.675    0.0162      Blnd                1720.00A   39.983    0.0331
He 2                2214.62A   39.342    0.0075      S  3                6312.06A   39.948    0.0305      Blnd                3722.00A   39.681    0.0165
He 2                2186.56A   39.244    0.0060      S  3                1713.11A   39.401    0.0086      Blnd                1406.00A   40.416    0.0895
He 2                2165.20A   39.154    0.0049      S  3                1728.94A   39.852    0.0244      Blnd                1199.00A   39.180    0.0052
He 2                2148.55A   39.071    0.0040      S  3                1190.20A   38.964    0.0032      Blnd                2665.00A   40.111    0.0443
He 2                2135.31A   38.994    0.0034      S  3                1194.45A   39.061    0.0040      Blnd                1860.00A   39.907    0.0277
He 2                2124.58A   38.922    0.0029      S  3                1194.06A   39.159    0.0050      Blnd                4725.00A   40.295    0.0677
He 2                2115.78A   38.856    0.0025      S  3                1201.73A   38.568    0.0013      Blnd                2860.00A   39.624    0.0145
He 2                2108.46A   38.795    0.0021      S  3                1200.97A   39.169    0.0051      Blnd                7250.00A   39.056    0.0039
He 2                2102.30A   38.739    0.0019      S  3                1021.11A   38.581    0.0013      Blnd                2335.00A   40.034    0.0371
He 2                2097.07A   38.689    0.0017      S  3                1021.32A   38.623    0.0014      Blnd                1888.00A   41.395    0.8533
He 2                2092.59A   38.647    0.0015      S  3                1077.16A   38.758    0.0020      Blnd                1397.00A   40.974    0.3234
He 2                2088.73A   38.617    0.0014      Si 2                34.8046m   40.181    0.0522      Blnd                2424.00A   40.821    0.2272
He 2                2085.37A   38.607    0.0014      Si 2                2334.41A   39.099    0.0043      Blnd                4720.00A   39.148    0.0048
He 2                2082.42A   38.650    0.0015      Si 2                2328.52A   38.478    0.0010      Blnd                5525.00A   39.231    0.0058
He 2                2079.84A   39.438    0.0094      Si 2                1808.01A   39.486    0.0105      Blnd                7306.00A   38.926    0.0029
He 2                1.01233m   40.008    0.0349      Si 2                1526.71A   38.518    0.0011      Blnd                3933.00A   39.065    0.0040
He 2                6559.91A   39.790    0.0212      Si 2                1260.42A   38.855    0.0025      Blnd                1335.00A   39.999    0.0342
He 2                5411.37A   39.586    0.0133      Si 2                2350.17A   39.223    0.0057      C 2R                1335.00A   39.563    0.0126
He 2                4859.18A   39.408    0.0088      Si 2                2344.20A   39.627    0.0145      Blnd                977.000A   41.267    0.6347
He 2                4541.46A   39.251    0.0061      Si 2                2334.60A   39.524    0.0115      C 3R                977.000A   39.415    0.0089
He 2                4338.55A   39.112    0.0045      Si 2                1817.45A   39.200    0.0054      Blnd                1909.00A   41.809    2.2135
He 2                4199.71A   38.972    0.0032      Si 2                1816.93A   39.756    0.0196      C 3R                1909.00A   39.256    0.0062
He 2                4099.92A   38.875    0.0026      Si 2                1533.43A   39.103    0.0044      Blnd                1176.00A   39.259    0.0062
He 2                4025.48A   38.786    0.0021      Si 2                1309.28A   38.536    0.0012      C 3R                1175.00A   39.054    0.0039
He 2                3968.32A   38.703    0.0017      Si 2                1264.74A   38.478    0.0010      Blnd                1549.00A   42.171    5.0872
He 2                3923.37A   38.626    0.0015      Si 2                1194.50A   38.502    0.0011      C 4R                1549.00A   38.883    0.0026
He 2                3887.33A   38.555    0.0012      Si 3                1892.03A   40.990    0.3361      Blnd                1085.00A   38.871    0.0026
He 2                3857.96A   38.488    0.0011      Si 3                1882.71A   41.178    0.5172      N 2R                1085.00A   38.698    0.0017
He 2                3740.11A   39.071    0.0040      Si 3                1206.50A   40.666    0.1593      Blnd                2141.00A   39.266    0.0063
He 2                1.86362m   39.493    0.0107      Si 4                1393.75A   40.793    0.2134      Blnd                1750.00A   40.775    0.2045
He 2                1.16260m   39.332    0.0074      Si 4                1402.77A   40.505    0.1100      Blnd                990.000A   40.296    0.0679
He 2                9344.62A   39.165    0.0050      Si 7                2146.64A   39.633    0.0147      N 3R                990.000A   39.652    0.0154
He 2                8236.51A   39.012    0.0035      Si 7                2350.02A   38.998    0.0034      Blnd                1486.00A   41.165    0.5021
He 2                7592.50A   38.874    0.0026      Si 7                2.48071m   39.705    0.0174      Blnd                1240.00A   40.912    0.2804
He 2                7177.28A   38.683    0.0017      Si 7                6.51288m   38.537    0.0012      Blnd                6300.00A   39.439    0.0094
He 2                6890.67A   38.587    0.0013      Al 2                2669.15A   39.705    0.0174      Blnd                3726.00A   40.689    0.1679
He 2                6682.98A   38.498    0.0011      Al 2                2660.35A   39.894    0.0269      Blnd                3729.00A   40.863    0.2503
He 2                5931.63A   38.785    0.0021      Al 2                1670.79A   39.822    0.0228      O 2R                3729.00A   38.792    0.0021
He 2                3.09074m   39.056    0.0039      Al 5                2.90450m   38.852    0.0024      Blnd                5007.00A   42.474   10.2399
He 2                1.87427m   38.934    0.0029      C  4                1550.78A   41.695    1.7004      Blnd                1218.00A   41.092    0.4246
He 2                1.47599m   38.795    0.0021      C  4                1548.19A   41.993    3.3816      Blnd                1035.00A   41.126    0.4588
He 2                1.28124m   38.663    0.0016      Ca 2                7323.89A   38.531    0.0012



 CIV QSO  
 Cooling:  HFBc                      0 :0.083 H  1c                     0 :0.320 O  3c                     0 :0.186 C  4c                     0 :0.073 HFFc                      0 :0.086  
 Heating:  BFH1                      0 :0.584 BFHe                      0 :0.400  

 These are some of the most important databases used by Cloudy:
 Many recombination coefficients were taken from http://amdpp.phys.strath.ac.uk/tamoc/RR/ and http://amdpp.phys.strath.ac.uk/tamoc/DR/
      and are based on the following papers:
        Badnell N. R., et al., A&A 406, 1151 (2003) [http://adsabs.harvard.edu/abs/2003A%26A...406.1151B]
        Badnell N. R., ApJS 167, 334 (2006) [http://adsabs.harvard.edu/abs/2006ApJS..167..334B]
 Much of the molecular emission data is from LAMDA as accessed on June 30, 2015. This database is described in:
        Schoeier F.L., et al., A&A 432, 369 (2005) [http://adsabs.harvard.edu/abs/2005A%26A...432..369S]
      This database is in part based on the work of the following groups:
        JPL: Pickett H. M. et al., JQSRT, 60, 883 (1998). [http://adsabs.harvard.edu/abs/1998JQSRT..60..883P]
        CDMS: Mueller H. S. et al., A&A 370, L49 (2001). [http://adsabs.harvard.edu/abs/2001A%26A...370L..49M]
              Mueller H. S. et al., J. Mol. Struct. 742, 215 (2005). [http://adsabs.harvard.edu/abs/2005JMoSt.742..215M]
 Some of the ionic emission data is from version 7.1.4 of CHIANTI. CHIANTI is a collaborative project involving the NRL (USA), the
      Universities of Florence (Italy) and Cambridge (UK), and George Mason University (USA). These papers describe Chianti:
        Dere K. P., et al., A&AS, 125, 149 (1997) [http://adsabs.harvard.edu/abs/1997A%26AS..125..149D]
        Landi E., et al., ApJ, 744, 99 (2012) [http://adsabs.harvard.edu/abs/2012ApJ...744...99L]
 Much of the H_2 data is from this web site: http://molat.obspm.fr/index.php?page=pages/Molecules/H2/H2can94.php. These data are
      described in:
        Abgrall H. et al., Can. J. Phys., 72, 856 (1994) [http://adsabs.harvard.edu/abs/1994CaJPh..72..856A]
        Wrathmall S. A. & Flower D. R., J. Phys. B, 40, 3221 (2007) [http://adsabs.harvard.edu/abs/2007JPhB...40.3221W]
 The Case A and Case B recombination predictions for one-electron systems are from
	Storey, P.J. & Hummer, D.G., 1995, MNRAS 272, 41 http://adsabs.harvard.edu/abs/1995MNRAS.272...41S
 The He I recombination predictions are from
	Porter, R. L.; Ferland, G. J.; Storey, P. J.; Detisch, M. J., 2012, MNRAS, 425, 28p http://adsabs.harvard.edu/abs/2012MNRAS.425L..28P
		http://adsabs.harvard.edu/abs/2013MNRAS.433L..89P

 If you find some process or data set to be particularly critical to a result, please follow the trail of references back to the
 original source and cite that.  This will support and encourage atomic, molecular, and chemical physicists to continue their
 valuable work.

 IONIZE PARMET:  U(1-)  0.9745  U(4-): -0.0483  U(sp): -2.14  Q(ion):   51.683  L(ion) 42.902    Q(low): 56.653    L(low) 44.175
 ENERGY BUDGET:  Heat:  43.306  Coolg:  43.306  Error:  0.0%  Rec Lin:  42.730  F-F  H  0.000    P(rad/tot)max     0.00E+00    R(F Con):1.737e+05

     Col(Heff):      3.813E+20  snd travl time  1.94E+17 sec  Te-low: 1.08E+04  Te-hi: 9.83E+04  G0TH85: 1.38E+02  G0DB96:1.30E+02
  Emiss Measure    n(e)n(p) dl       5.061E+19  n(e)n(He+)dl         1.386E+18  En(e)n(He++) dl         3.678E+18  ne nC+:7.30E+12
 He/Ha:1.06E-01  =   1.06*true  Lthin:8.11E+07  itr/zn: 5.40  H2 itr/zn:  0.00  File Opacity: F  MassTot 1.77e+45  (gm)
   Temps(21 cm)   T(21cm/Ly a)  1.86E+03        T(<nH/Tkin>)  1.26E+04          T(<nH/Tspin>)    2.03E+03          TB21cm:3.28E-01
                   N(H0/Tspin)  7.37E+15        N(OH/Tkin)    4.19E+02          B(21cm)          0.00E+00
   <a>:1.98E-12  erdeFe1.9E+25  Tcompt1.69E+13  Tthr6.21E+14  <Tden>: 2.74E+04  <dens>:2.39E-26  <MolWgt>6.28E-01
     Mean Jeans  l(cm)1.30E+23  M(sun)4.27E+09  smallest:     len(cm):6.62E+22  M(sun):1.05E+09  a_ox tran: -1.54
 Rion:3.157E+23  Dist:0.00E+00  Diam:0.000E+00
 Hatom level 70  HatomType: add  HInducImp  F  He tot level: 63  He2 level:   70  ExecTime   182.7
 ConvrgError(%)  <eden>  0.032  MaxEden  0.474  <H-C>   0.07  Max(H-C)    0.46  <Press>   0.000  MaxPrs er  0.000
  Continuity(%)  chng Te   2.7  elec den   5.1  n(H2)    0.0  n(CO)        0.0

                                                        Averaged Quantities
             Te      Te(Ne)   Te(NeNp)  Te(NeHe+)Te(NeHe2+) Te(NeO+)  Te(NeO2+)  Te(H2)     N(H)     Ne(O2+)   Ne(Np)
 Radius:  2.22e+04  2.79e+04  3.28e+04  1.97e+04  3.77e+04  1.53e+04  2.01e+04  1.16e+04  1.02e-02  9.53e-03  1.59e-02
   Area:  1.76e+04  2.03e+04  2.35e+04  1.85e+04  3.05e+04  1.46e+04  1.89e+04  1.16e+04  7.01e-03  8.34e-03  1.05e-02
 Volume:  1.62e+04  1.77e+04  1.96e+04  1.76e+04  2.81e+04  1.42e+04  1.79e+04  1.16e+04  5.69e-03  7.35e-03  7.83e-03
 
 Peimbert T(OIIIr)1.58E+04 T(Bac)9.85E+03 T(Hth)0.00E+00 t2(Hstrc) 7.03e-02 T(O3-BAC)0.00E+00 t2(O3-BC) 0.00e+00 t2(O3str) 2.87e-02

 Contin Optical Depths: COMP: 2.44e-03    H-: 1.27e-05 R(1300): 1.00e-04  H2+: 2.26e-07  Bra:2.44E-03
                          Pa: 2.44e-03    Ba: 2.45e-03      Hb: 2.45e-03   La: 2.54e-01     1r:9.673E+01  1.8:2.24E+01 4.:2.436E+02

 Old, new H  1 continuum optical depths:
     1 9.86e+01     2 6.83e-06     3 1.34e-05     4 1.34e-05     5 1.34e-05     6 3.43e-06     7 3.43e-06     8 3.43e-06
     9 3.43e-06    10 3.64e-17    11 3.64e-17    12 3.64e-17    13 3.64e-17    14 3.64e-17    15 8.35e-17    16 8.35e-17
    17 8.35e-17    18 8.35e-17    19 8.35e-17    20 8.35e-17    21 1.71e-16    22 1.71e-16    23 1.71e-16    24 1.71e-16
    25 1.71e-16    26 1.71e-16    27 1.71e-16    28 3.25e-16    29 3.25e-16    30 3.25e-16    31 3.25e-16    32 3.25e-16
    33 3.25e-16    34 3.25e-16    35 3.25e-16    36 5.78e-16    37 5.78e-16    38 5.78e-16    39 5.78e-16    40 5.78e-16
    41 5.78e-16    42 5.78e-16    43 5.78e-16    44 5.78e-16    45 9.72e-16    46 9.72e-16    47 9.72e-16    48 9.72e-16
    49 9.72e-16    50 9.72e-16    51 9.72e-16    52 9.72e-16    53 9.72e-16    54 9.72e-16
     1 9.67e+01     2 6.71e-06     3 1.32e-05     4 1.32e-05     5 1.32e-05     6 3.37e-06     7 3.37e-06     8 3.37e-06
     9 3.37e-06    10 3.73e-17    11 3.73e-17    12 3.73e-17    13 3.73e-17    14 3.73e-17    15 8.56e-17    16 8.56e-17
    17 8.56e-17    18 8.56e-17    19 8.56e-17    20 8.56e-17    21 1.76e-16    22 1.76e-16    23 1.76e-16    24 1.76e-16
    25 1.76e-16    26 1.76e-16    27 1.76e-16    28 3.34e-16    29 3.34e-16    30 3.34e-16    31 3.34e-16    32 3.34e-16
    33 3.34e-16    34 3.34e-16    35 3.34e-16    36 5.95e-16    37 5.95e-16    38 5.95e-16    39 5.95e-16    40 5.95e-16
    41 5.95e-16    42 5.95e-16    43 5.95e-16    44 5.95e-16    45 1.00e-15    46 1.00e-15    47 1.00e-15    48 1.00e-15
    49 1.00e-15    50 1.00e-15    51 1.00e-15    52 1.00e-15    53 1.00e-15    54 1.00e-15

 Old, new H  1 mean line optical depths:
  2- 1 1.45e+06  3- 2 5.62e-08  4- 3 3.40e-14  5- 4 2.74e-14  6- 5 5.67e-14  7- 6 8.12e-14  8- 7 1.93e-13
  9- 8 3.93e-13 10- 9 6.90e-13 11-10 6.56e-12 12-11 0.00e+00 13-12 0.00e+00 14-13 0.00e+00 15-14 0.00e+00 16-15 0.00e+00
 17-16 0.00e+00 18-17 0.00e+00 19-18 0.00e+00 20-19 0.00e+00 21-20 0.00e+00 22-21 0.00e+00 23-22 0.00e+00 24-23 0.00e+00
 25-24 0.00e+00
  2- 1 1.39e+06  3- 2 6.25e-08  4- 3 4.06e-14  5- 4 3.08e-14  6- 5 5.02e-14  7- 6 4.93e-14  8- 7 1.15e-13
  9- 8 2.43e-13 10- 9 4.39e-13 11-10 4.94e-12 12-11 0.00e+00 13-12 0.00e+00 14-13 0.00e+00 15-14 0.00e+00 16-15 0.00e+00
 17-16 0.00e+00 18-17 0.00e+00 19-18 0.00e+00 20-19 0.00e+00 21-20 0.00e+00 22-21 0.00e+00 23-22 0.00e+00 24-23 0.00e+00
 25-24 0.00e+00

 Old, new He 2 continuum optical depths:
     1 2.44e+02     2 9.81e+01     3 5.14e-06     4 5.14e-06     5 5.14e-06     6 6.83e-06     7 6.83e-06     8 6.83e-06
     9 6.83e-06    10 1.09e-05    11 1.09e-05    12 1.09e-05    13 1.09e-05    14 1.09e-05    15 1.34e-05    16 1.34e-05
    17 1.34e-05    18 1.34e-05    19 1.34e-05    20 1.34e-05    21 1.12e-05    22 1.12e-05    23 1.12e-05    24 1.12e-05
    25 1.12e-05    26 1.12e-05    27 1.12e-05    28 3.43e-06    29 3.43e-06    30 3.43e-06    31 3.43e-06    32 3.43e-06
    33 3.43e-06    34 3.43e-06    35 3.43e-06    36 2.14e-17    37 2.14e-17    38 2.14e-17    39 2.14e-17    40 2.14e-17
    41 2.14e-17    42 2.14e-17    43 2.14e-17    44 2.14e-17    45 3.64e-17    46 3.64e-17    47 3.64e-17    48 3.64e-17
    49 3.64e-17    50 3.64e-17    51 3.64e-17    52 3.64e-17    53 3.64e-17    54 3.64e-17
     1 2.44e+02     2 9.62e+01     3 5.07e-06     4 5.07e-06     5 5.07e-06     6 6.71e-06     7 6.71e-06     8 6.71e-06
     9 6.71e-06    10 1.07e-05    11 1.07e-05    12 1.07e-05    13 1.07e-05    14 1.07e-05    15 1.32e-05    16 1.32e-05
    17 1.32e-05    18 1.32e-05    19 1.32e-05    20 1.32e-05    21 1.10e-05    22 1.10e-05    23 1.10e-05    24 1.10e-05
    25 1.10e-05    26 1.10e-05    27 1.10e-05    28 3.37e-06    29 3.37e-06    30 3.37e-06    31 3.37e-06    32 3.37e-06
    33 3.37e-06    34 3.37e-06    35 3.37e-06    36 2.19e-17    37 2.19e-17    38 2.19e-17    39 2.19e-17    40 2.19e-17
    41 2.19e-17    42 2.19e-17    43 2.19e-17    44 2.19e-17    45 3.73e-17    46 3.73e-17    47 3.73e-17    48 3.73e-17
    49 3.73e-17    50 3.73e-17    51 3.73e-17    52 3.73e-17    53 3.73e-17    54 3.73e-17

 Old, new He 2 mean line optical depths:
  2- 1 5.92e+06  3- 2 8.13e-11  4- 3 7.34e-17  5- 4 5.28e-16  6- 5 8.83e-16  7- 6 1.07e-15  8- 7 1.86e-15
  9- 8 5.80e-15 10- 9 1.20e-14 11-10 1.54e-13 12-11 0.00e+00 13-12 0.00e+00 14-13 0.00e+00 15-14 0.00e+00 16-15 0.00e+00
 17-16 0.00e+00 18-17 0.00e+00 19-18 0.00e+00 20-19 0.00e+00 21-20 0.00e+00 22-21 0.00e+00 23-22 0.00e+00 24-23 0.00e+00
 25-24 0.00e+00
  2- 1 5.92e+06  3- 2 9.76e-11  4- 3 1.27e-16  5- 4 5.37e-16  6- 5 8.95e-16  7- 6 1.41e-15  8- 7 5.46e-16
  9- 8 3.30e-15 10- 9 7.92e-15 11-10 1.31e-13 12-11 0.00e+00 13-12 0.00e+00 14-13 0.00e+00 15-14 0.00e+00 16-15 0.00e+00
 17-16 0.00e+00 18-17 0.00e+00 19-18 0.00e+00 20-19 0.00e+00 21-20 0.00e+00 22-21 0.00e+00 23-22 0.00e+00 24-23 0.00e+00
 25-24 0.00e+00

 Old He Is optical depths:    1 2.28e+01    2 4.50e-06    3 5.68e-06    4 6.34e-06    5 6.34e-06
 New He Is optical depths:    1 2.24e+01    2 4.42e-06    3 5.58e-06    4 6.23e-06    5 6.23e-06
          Old He Is Lines:  584 2.80e+04 3889 9.87e-05 5016 9.87e-05 5876 9.87e-05
          New He Is Lines:  584 2.71e+04 3889 2.03e-04 5016 2.03e-04 5876 2.03e-04
CIV QSO  


          Start Iteration Number 3                                                                     CIV QSO  


WARNING: no exact matching lines found for "HE 2" 949.310A
Taking best match as "He 2                949.324A"
WARNING: no exact matching lines found for "HE 2" 4859.00A
Taking best match as "He 2                4859.18A"
WARNING: no exact matching lines found for "HE 2" 4339.00A
WARNING: Line with incorrect label found close "O  2                4339.00A"
Taking best match as "He 2                4338.55A"
WARNING: no exact matching lines found for "HE 2" 6527.00A
Taking best match as "He 2                6526.88A"
WARNING: no exact matching lines found for "HE 2" 6560.00A
Taking best match as "He 2                6559.91A"
 ####  1  Te:9.834E+04 Hden:2.404E-02 Ne:2.887E-02 R:3.178E+21 R-R0:1.581E+19 dR:3.162E+19 NTR:  6 Htot:1.814E-27 T912: 9.49e+01###
 Hydrogen      1.23e-07 1.00e+00 H+o/Hden 1.00e+00 9.50e-18 H-    H2 1.35e-28 5.55e-19 H2+ HeH+ 1.74e-22 Ho+ ColD 9.39e+10 7.60e+17
 Helium        3.12e-11 3.20e-05 1.00e+00 HeI 2s3S 2.40e-15 Comp H,C 4.33e-29 1.60e-30 Fill Fac 1.00e+00 Gam1/tot 9.94e-01
 He singlet n  3.12e-11 9.84e-23 3.59e-29 9.98e-29 2.68e-29 1.82e-28 He tripl 2.40e-15 1.02e-26 3.38e-28 2.12e-27 4.97e-28
 Pressure      NgasTgas 5.44e+03 P(total) 7.51e-13 P( gas ) 7.51e-13 P(Radtn) 0.00e+00 Rad accl 2.37e-11 ForceMul 1.65e+00
 Texc(La)      3.28e+03 T(I con) 8.61e+00 T(D con) 2.15e-01 T(U tot) 8.61e+00 nT (c+d) 2.13e+06 Prad/Gas 0.00e+00 Pmag/Gas 0.00e+00
 Molecules     CH/Ctot: 1.38e-37 CH+/Ctot 5.82e-31 CO/Ctot: 5.29e-56 CO+/Ctot 1.94e-47 H2O/Otot 4.54e-62 OH/Ototl 1.03e-40
 Lithium       9.07e-16 2.48e-08 7.81e-04 9.99e-01 Berylliu 1.68e-16 8.20e-12 4.23e-06 7.37e-03 9.93e-01 sec ion: 0.00e+00
 Boron         6.16e-18 2.05e-12 6.66e-09 1.92e-04 4.03e-02 9.60e-01
 Carbon        6.21e-19 2.44e-13 1.86e-09 1.02e-06 3.62e-03 1.45e-01 8.51e-01 H2O+/O   2.05e-60 OH+/Otot 8.95e-40 Hex(tot) 0.00e+00
 Nitrogen      6.92e-20 2.94e-14 3.70e-10 3.69e-07 4.94e-05 3.29e-02 3.44e-01 6.23e-01 O2/Ototl 2.60e-55 O2+/Otot 1.25e-53
 Oxygen        5.44e-21 2.36e-15 5.04e-11 8.71e-08 2.02e-05 8.98e-04 1.53e-01 5.11e-01 3.35e-01
 Fluorine      4.79e-22 2.07e-16 4.62e-12 1.53e-08 6.31e-06 4.46e-04 7.22e-03 3.86e-01 4.78e-01 1.28e-01
 Neon          1.60e-23 1.18e-17 4.68e-13 1.69e-09 1.35e-06 1.76e-04 4.12e-03 3.13e-02 6.08e-01 3.17e-01 3.89e-02
 Sodium        0.00e+00 4.54e-19 4.40e-14 3.59e-10 3.31e-07 6.82e-05 2.92e-03 2.49e-02 8.71e-02 7.03e-01 1.71e-01 1.06e-02
 Magnesium     1.04e-25 1.41e-21 7.75e-16 1.75e-11 4.00e-08 1.06e-05 8.62e-04 1.67e-02 8.93e-02 1.72e-01 6.39e-01 7.95e-02 2.73e-03
 Aluminium  1  8.86e-21 1.06e-17 9.05e-13 5.00e-09 4.95e-06 4.10e-04 1.32e-02 1.10e-01 2.33e-01 2.11e-01 4.03e-01 2.89e-02 6.00e-04
 Silicon    2  1.80e-16 5.53e-14 8.00e-10 1.24e-06 3.29e-04 1.41e-02 1.12e-01 2.98e-01 2.47e-01 1.57e-01 1.64e-01 7.09e-03 9.24e-05
 Phosphorus 3  2.42e-13 2.61e-11 8.58e-08 4.36e-05 3.43e-03 4.71e-02 2.80e-01 3.66e-01 1.93e-01 6.56e-02 4.25e-02 1.16e-03 9.75e-06
 Sulphur    4  8.98e-11 3.80e-09 3.64e-06 7.22e-04 2.28e-02 1.13e-01 3.15e-01 3.83e-01 1.27e-01 2.68e-02 1.16e-02 2.06e-04 1.16e-06
 Chlorine   4  3.24e-10 1.57e-08 3.20e-07 1.08e-04 6.91e-03 1.17e-01 3.73e-01 3.27e-01 1.47e-01 2.40e-02 4.17e-03 1.20e-03 1.42e-05
 Argon      5  3.99e-08 8.19e-07 8.53e-06 1.18e-03 3.12e-02 1.91e-01 3.68e-01 3.25e-01 7.51e-02 7.35e-03 8.43e-04 1.87e-04 1.51e-06
 Potassium  5  9.40e-08 2.56e-06 2.48e-05 1.45e-04 9.24e-03 1.44e-01 4.32e-01 3.14e-01 9.08e-02 8.90e-03 8.75e-04 6.84e-05 1.25e-05
 Calcium    6  3.98e-06 5.54e-05 2.75e-04 9.60e-04 3.10e-02 2.34e-01 4.07e-01 2.46e-01 7.08e-02 9.75e-03 5.60e-04 3.22e-05 4.94e-06
 Scandium   6  3.57e-06 1.72e-04 1.04e-03 2.48e-03 5.07e-03 9.21e-02 3.39e-01 4.39e-01 1.07e-01 1.24e-02 1.04e-03 4.70e-05 2.55e-06
 Titanium   6  4.40e-06 2.47e-04 2.97e-03 9.75e-03 1.37e-02 2.39e-02 2.42e-01 4.03e-01 2.54e-01 4.74e-02 2.36e-03 1.26e-04 3.50e-06
 Vanadium   6  3.62e-06 1.99e-04 2.81e-03 2.68e-02 3.87e-02 5.67e-02 6.05e-02 4.00e-01 3.21e-01 8.40e-02 9.21e-03 2.55e-04 8.45e-06
 Chromium   7  1.64e-04 2.33e-03 2.62e-02 5.82e-02 5.40e-02 1.26e-01 6.49e-02 3.48e-01 2.75e-01 4.26e-02 2.46e-03 9.58e-05 1.57e-06
 Manganese  7  3.28e-04 4.71e-03 5.36e-02 1.39e-01 3.54e-01 1.61e-01 7.33e-02 3.32e-02 1.17e-01 5.70e-02 7.38e-03 3.78e-04 7.98e-06
 Iron       7  3.43e-03 4.66e-02 1.89e-01 2.98e-01 2.26e-01 1.26e-01 5.17e-02 1.83e-02 1.21e-02 2.18e-02 6.42e-03 8.65e-04 2.97e-05
 Cobalt     8  2.61e-03 2.60e-02 7.13e-02 2.14e-01 3.80e-01 2.21e-01 5.22e-02 1.54e-02 6.38e-03 9.50e-03 1.82e-03 1.58e-04 3.85e-06
 Nickel     8  1.16e-03 2.12e-02 6.25e-02 1.89e-01 3.50e-01 2.33e-01 1.12e-01 2.27e-02 4.66e-03 1.55e-03 1.78e-03 1.86e-04 1.11e-05
 Copper     8  1.22e-03 2.85e-02 1.15e-01 1.54e-01 2.99e-01 2.09e-01 1.12e-01 7.14e-02 7.12e-03 1.31e-03 2.62e-04 3.13e-04 2.05e-05
 Zinc       9  9.15e-03 4.58e-02 2.00e-01 2.95e-01 2.14e-01 1.19e-01 8.27e-02 3.17e-02 2.41e-03 4.94e-04 6.27e-05 7.63e-05 2.85e-06
 ####245  Te:1.080E+04 Hden:3.159E-03 Ne:1.702E-03 R:3.161E+23 R-R0:3.129E+23 dR:2.405E+20 NTR:  5 Htot:3.619E-29 T912: 1.90e+02###
 Hydrogen      5.46e-01 4.54e-01 H+o/Hden 1.00e+00 8.55e-09 H-    H2 1.36e-08 1.21e-09 H2+ HeH+ 7.63e-08 Ho+ ColD 1.50e+19 3.18e+21
 Helium        1.67e-01 8.30e-01 2.63e-03 HeI 2s3S 4.25e-12 Comp H,C 2.54e-34 1.03e-36 Fill Fac 1.00e+00 Gam1/tot 9.84e-01
 He singlet n  1.67e-01 1.91e-19 5.49e-26 1.41e-25 4.02e-26 2.65e-25 He tripl 4.25e-12 1.84e-23 4.73e-25 3.91e-24 7.53e-25
 Pressure      NgasTgas 5.59e+01 P(total) 7.72e-15 P( gas ) 7.72e-15 P(Radtn) 0.00e+00 Rad accl 1.51e-12 ForceMul 2.32e+03
 Texc(La)      2.68e+03 T(I con) 8.05e-01 T(D con) 6.03e-01 T(U tot) 8.62e-01 nT (c+d) 3.40e+05 Prad/Gas 0.00e+00 Pmag/Gas 0.00e+00
 Molecules     CH/Ctot: 2.69e-13 CH+/Ctot 4.00e-10 CO/Ctot: 2.76e-13 CO+/Ctot 3.27e-14 H2O/Otot 9.87e-18 OH/Ototl 1.01e-08
 Lithium       8.66e-05 1.00e+00 1.02e-05 0.00e+00 Berylliu 5.01e-03 7.52e-01 2.38e-01 4.66e-03 0.00e+00 sec ion: 1.60e-18
 Boron         5.55e-05 9.07e-01 3.53e-02 5.76e-02 4.43e-06 0.00e+00
 Carbon        1.43e-04 7.70e-01 2.29e-01 1.52e-04 2.59e-05 0.00e+00 0.00e+00 H2O+/O   3.82e-18 OH+/Otot 5.95e-09 Hex(tot) 0.00e+00
 Nitrogen      2.57e-01 7.39e-01 3.11e-03 4.29e-05 0.00e+00 0.00e+00 0.00e+00 0.00e+00 O2/Ototl 5.23e-14 O2+/Otot 3.00e-14
 Oxygen        5.95e-01 4.02e-01 3.00e-03 1.13e-05 8.82e-07 0.00e+00 0.00e+00 0.00e+00 0.00e+00
 Fluorine      1.15e-02 3.32e-01 6.57e-01 1.34e-05 6.53e-05 0.00e+00 0.00e+00 0.00e+00 0.00e+00 0.00e+00
 Neon          5.00e-03 2.06e-01 7.89e-01 2.65e-05 3.99e-06 0.00e+00 0.00e+00 0.00e+00 0.00e+00 0.00e+00 0.00e+00
 Sodium        5.18e-05 1.90e-01 8.10e-01 7.77e-05 1.24e-04 0.00e+00 0.00e+00 0.00e+00 0.00e+00 0.00e+00 0.00e+00 0.00e+00
 Magnesium     1.12e-02 6.67e-01 3.22e-01 2.77e-05 1.14e-06 0.00e+00 0.00e+00 0.00e+00 0.00e+00 0.00e+00 0.00e+00 0.00e+00 0.00e+00
 Aluminium  0  7.43e-05 7.92e-01 6.60e-02 1.41e-01 1.00e-04 0.00e+00 0.00e+00 0.00e+00 0.00e+00 0.00e+00 0.00e+00 0.00e+00 0.00e+00
 Silicon    0  4.89e-05 9.82e-01 1.67e-02 1.33e-03 1.91e-05 0.00e+00 0.00e+00 0.00e+00 0.00e+00 0.00e+00 0.00e+00 0.00e+00 0.00e+00
 Phosphorus 0  1.14e-04 8.70e-01 1.22e-01 6.96e-03 4.34e-05 2.96e-06 0.00e+00 0.00e+00 0.00e+00 0.00e+00 0.00e+00 0.00e+00 0.00e+00
 Sulphur    0  4.29e-05 7.03e-01 2.96e-01 5.11e-04 6.20e-05 5.48e-06 0.00e+00 0.00e+00 0.00e+00 0.00e+00 0.00e+00 0.00e+00 0.00e+00
 Chlorine   0  7.09e-05 5.37e-01 4.62e-01 8.22e-04 8.21e-05 8.02e-06 0.00e+00 0.00e+00 0.00e+00 0.00e+00 0.00e+00 0.00e+00 0.00e+00
 Argon      0  5.37e-02 2.51e-01 6.94e-01 3.72e-04 1.25e-04 1.06e-05 0.00e+00 0.00e+00 0.00e+00 0.00e+00 0.00e+00 0.00e+00 0.00e+00
 Potassium  0  3.12e-05 5.25e-01 4.49e-01 3.91e-04 2.60e-02 8.55e-06 1.98e-06 0.00e+00 0.00e+00 0.00e+00 0.00e+00 0.00e+00 0.00e+00
 Calcium    0  1.79e-06 1.24e-02 9.76e-01 1.11e-02 3.44e-04 1.10e-05 0.00e+00 0.00e+00 0.00e+00 0.00e+00 0.00e+00 0.00e+00 0.00e+00
 Scandium   0  1.19e-05 9.39e-02 7.21e-01 1.80e-01 5.06e-03 1.98e-05 1.35e-06 0.00e+00 0.00e+00 0.00e+00 0.00e+00 0.00e+00 0.00e+00
 Titanium   0  4.24e-05 5.65e-01 4.23e-01 3.69e-03 8.89e-03 7.71e-06 1.27e-06 0.00e+00 0.00e+00 0.00e+00 0.00e+00 0.00e+00 0.00e+00
 Vanadium   0  2.18e-04 4.40e-01 5.56e-01 7.68e-04 3.24e-03 9.14e-06 0.00e+00 0.00e+00 0.00e+00 0.00e+00 0.00e+00 0.00e+00 0.00e+00
 Chromium   0  4.82e-05 7.55e-01 2.44e-01 1.98e-04 4.12e-04 2.93e-05 2.05e-06 0.00e+00 0.00e+00 0.00e+00 0.00e+00 0.00e+00 0.00e+00
 Manganese  0  1.49e-04 8.29e-01 1.70e-01 1.47e-04 7.98e-04 2.24e-05 4.80e-06 0.00e+00 0.00e+00 0.00e+00 0.00e+00 0.00e+00 0.00e+00
 Iron       0  1.60e-04 9.13e-01 8.59e-02 4.10e-04 5.58e-05 1.50e-05 2.89e-06 0.00e+00 0.00e+00 0.00e+00 0.00e+00 0.00e+00 0.00e+00
 Cobalt     0  1.21e-03 9.93e-01 5.08e-03 1.86e-04 3.59e-04 8.53e-06 1.76e-06 0.00e+00 0.00e+00 0.00e+00 0.00e+00 0.00e+00 0.00e+00
 Nickel     0  2.12e-04 9.95e-01 4.78e-03 6.28e-05 7.31e-05 6.15e-06 1.14e-06 0.00e+00 0.00e+00 0.00e+00 0.00e+00 0.00e+00 0.00e+00
 Copper     0  2.35e-04 6.59e-01 3.40e-01 3.65e-04 2.61e-05 8.76e-06 1.67e-06 0.00e+00 0.00e+00 0.00e+00 0.00e+00 0.00e+00 0.00e+00
 Zinc       0  1.42e-04 1.21e-01 5.45e-01 3.10e-01 2.43e-02 3.04e-05 4.19e-06 9.27e-07 0.00e+00 0.00e+00 0.00e+00 0.00e+00 0.00e+00
   CIV QSO  
   Calculation stopped because outer radius reached. Iteration 3 of 3
   The geometry is spherical.
 C-Continuum zero at some energies.
  !Background cosmic rays are not included - is this physical?  It affects the chemistry.
  !Some input lines contained underscores, these were changed to spaces.
  !Charge transfer H => H+ reached 40.4% of the local H ionization rate.
  !AGE: Cloud age was not set.  Longest timescale was 2.49e+15 s = 7.89e+07 years.
  !The CMB was not included.  This is added with the CMB command.
   Thermal collisional ionization of H reached 3.04% of the local ionization rate.
   Te-ne bounds of Case B lookup table exceeded, H I Case B line intensities set to zero.
   The density is too low to l-mix the lowest H  I collapsed level.  More resolved levels are needed for accurate line ratios.
   The density is too low to l-mix the lowest He I collapsed level.  More resolved levels are needed for accurate line ratios.
   Grains were not present but might survive in this environment (energy density temperature was 8.67e+00K)
   Cloud thicker than smallest Jeans length=6.62e+22cm; stability problems? (smallest Jeans mass=1.05e+09Mo)
   Is an outer radius of 3.16e+23 reasonable?

                       *********************************> Cloudy 17.03 <**********************************
                       * title CIV QSO                                                                   *
                       * set punch prefix "CIV_QSO"                                                      *
                       * radius = 21.500 23.500                                                          *
                       * iterate to convergence                                                          *
                       * sphere                                                                          *
                       * init "dlaw_HI_exp.ini"                                                          *
                       * table SED "QSO.sed"                                                             *
                       * no line transfer                                                                *
                       * nuL(nu) = 43.5 at 1 Ryd                                                         *
                       * stop temperature off                                                            *
                       * metals 0.1                                                                      *
                       * save last radius ".rad"                                                         *
                       * save last continuum ".cont"                                                     *
                       * save last physical conditions ".phy"                                            *
                       * save last overview ".ovr"                                                       *
                       * save last heating ".heat"                                                       *
                       * save last cooling ".cool"                                                       *
                       * save last optical depth ".opd"                                                  *
                       * save last element hydrogen ".ele_H"                                             *
                       * save last element helium ".ele_He"                                              *
                       * save last element carbon ".ele_C"                                               *
                       * save last element nitrogen ".ele_N"                                             *
                       * save last element oxygen ".ele_O"                                               *
                       * save last element argon ".ele_Ar"                                               *
                       * save last element neon ".ele_Ne"                                                *
                       * save last element sulphur ".ele_S"                                              *
                       * save last element chlorin ".ele_Cl"                                             *
                       * save last element iron ".ele_Fe"                                                *
                       * save last element silicon ".ele_Si"                                             *
                       * save last lines emissivity  ".emis"                                             *
                       * H  1  1215.67A                                                                  *
                       * H  1  1025.72A                                                                  *
                       * H  1  4861.33A                                                                  *
                       * H  1  6562.81A                                                                  *
                       * O  6  1031.91A                                                                  *
                       * O  6  1037.62A                                                                  *
                       * He 2  949.31A                                                                   *
                       * He 2  972.108A                                                                  *
                       * He 2  1025.27A                                                                  *
                       * He 2  1640.43A                                                                  *
                       * He 2  4859A                                                                     *
                       * He 2  4339A                                                                     *
                       * He 2  6527A                                                                     *
                       * He 2  6560A                                                                     *
                       * C  4  1550.78                                                                   *
                       * O  3  5006.84A                                                                  *
                       * N  5  1238.82                                                                   *
                       * N  5  1242.80                                                                   *
                       * c  4  1548.19                                                                   *
                       * c  4  1550.78                                                                   *
                       * mg 2  2795.53                                                                   *
                       * mg 2  2802.71                                                                   *
                       * end of lines                                                                    *
                       *********************************> Log(U):  0.97 <*********************************
                       >>>>>>>>>> Cautions are present.

                     Emission Line Spectrum.  Special Density Lw Model.  Closed geometry.  Iteration 3 of 3.
                                    Luminosity (erg/s) emitted by a shell with full coverage.


                                                   Intrinsic line intensities
general properties.............................      Ca B                1.73620m   39.510    0.0111      Ar 4                4740.12A   39.925    0.0289
Inci                      0    44.207  553.1653      Ca B                1.68064m   39.384    0.0083      Ar 4                7170.70A   38.615    0.0014
TotH                      0    43.306   69.5329      Ca B                1.64071m   39.270    0.0064      Ar 4                7237.77A   38.479    0.0010
TotC                      0    43.306   69.5241      Ca B                1.61092m   39.165    0.0050      Ar 4                7263.33A   38.555    0.0012
BFH1                      0    43.073   40.6212      Ca B                1.58804m   39.068    0.0040      Ar 5                822.174A   38.716    0.0018
BFHe                      0    42.908   27.8031      Ca B                1.57006m   38.978    0.0033      Ar 5                827.366A   38.847    0.0024
TotM                      0    41.485    1.0499      Ca B                1.55563m   38.893    0.0027      Ar 5                2691.05A   38.538    0.0012
ComH                      0    38.842    0.0024      Ca B                1.54388m   38.814    0.0022      Ar 5                6435.12A   39.125    0.0046
CT H                      0    40.207    0.0553      Ca B                1.53417m   38.740    0.0019      Ar 5                7005.83A   39.456    0.0098
H FB                      0    42.227    5.7930      Ca B                1.52604m   38.669    0.0016      Ar 5                7.89971m   39.535    0.0118
HFBc                      0    42.227    5.7930      Ca B                1.51917m   38.602    0.0014      Ar 5                13.0985m   39.718    0.0180
H  1c                     0    42.811   22.2451      Ca B                1.51331m   38.539    0.0012      Ar 6                4.52800m   39.595    0.0135
He 2c                     0    38.948    0.0030      Ca B                1.50827m   38.478    0.0010      C  2                1037.02A   38.598    0.0014
He 1c                     0    38.837    0.0024      Ca B                3.03835m   39.253    0.0062      C  2                1334.53A   39.509    0.0111
Al 3c                     0    39.908    0.0278      Ca B                2.87219m   39.128    0.0046      C  2                1335.66A   39.099    0.0043
Al 6c                     0    39.715    0.0178      Ca B                2.75749m   39.013    0.0035      C  2                1335.71A   39.262    0.0063
Ar 3c                     0    40.305    0.0693      Ca B                2.67438m   38.908    0.0028      C  2                2323.50A   39.138    0.0047
Ar 4c                     0    40.404    0.0870      Ca B                2.61191m   38.811    0.0022      C  2                2324.69A   39.482    0.0104
Ar 5c                     0    40.164    0.0501      Ca B                2.56361m   38.721    0.0018      C  2                2325.40A   39.792    0.0213
Ar 6c                     0    39.635    0.0148      Ca B                2.52538m   38.636    0.0015      C  2                2326.93A   39.920    0.0286
C  2c                     0    40.540    0.1191      Ca B                2.49455m   38.557    0.0012      C  2                2328.12A   39.535    0.0118
C  3c                     0    41.917    2.8374      Ca B                2.46929m   38.482    0.0010      C  2                157.636m   39.673    0.0162
Ca 4c                     0    39.832    0.0233      Ca B                12.3684m   39.478    0.0103      C  3                1908.73A   41.403    0.8680
Ca 6c                     0    38.472    0.0010      Ca B                7.50038m   39.328    0.0073      C  3                1906.68A   41.591    1.3392
Fe 2c                     0    40.625    0.1449      Ca B                5.90655m   39.178    0.0052      C  3                977.020A   41.261    0.6258
Fe 3c                     0    40.274    0.0645      Ca B                5.12722m   39.041    0.0038      C  3                2296.87A   38.743    0.0019
Fe 7c                     0    40.868    0.2532      Ca B                4.67119m   38.915    0.0028      Ca 4                3.20610m   39.823    0.0228
K  3c                     0    38.664    0.0016      Ca B                4.37522m   38.801    0.0022      Fe 2                25.9811m   39.182    0.0052
K  4c                     0    38.567    0.0013      Ca B                4.16962m   38.696    0.0017      Fe 2                5.33881m   39.766    0.0200
Mg 1c                     0    39.626    0.0145      Ca B                4.01974m   38.599    0.0014      Fe 2                1.25668m   39.734    0.0186
N  1c                     0    38.677    0.0016      Ca B                3.90645m   38.509    0.0011      Fe 2                2599.40A   39.612    0.0141
N  5c                     0    40.912    0.2804      Ca B                19.0565m   39.112    0.0044      Fe 2                2585.88A   38.491    0.0011
Ne 2c                     0    38.732    0.0019      Ca B                11.3055m   38.986    0.0033      Fe 2                2382.04A   39.685    0.0166
Ne 3c                     0    41.422    0.9084      Ca B                8.75760m   38.855    0.0025      Fe 2                2343.50A   38.986    0.0033
O  1c                     0    39.511    0.0111      Ca B                7.50599m   38.732    0.0019      Fe 2                35.3394m   38.549    0.0012
O  2c                     0    41.110    0.4422      Ca B                6.77008m   38.619    0.0014      Fe 2                1.32055m   39.157    0.0049
O  3c                     0    42.577   12.9538      Ca B                6.29014m   38.514    0.0011      Fe 2                2625.67A   39.039    0.0038
O  5c                     0    41.165    0.5023      Ca B                27.7955m   38.790    0.0021      Fe 2                2611.87A   38.894    0.0027
P  2c                     0    39.148    0.0048      Ca B                16.2045m   38.684    0.0017      Fe 2                2395.63A   38.873    0.0026
P  3c                     0    38.635    0.0015      Ca B                12.3837m   38.568    0.0013      Fe 2                2364.83A   38.783    0.0021
P  4c                     0    38.698    0.0017      Ca B                38.8589m   38.503    0.0011      Fe 2                1.37182m   38.933    0.0029
S  2c                     0    40.529    0.1162      H  1                2431.34A   42.646   15.1921      Fe 2                2631.32A   38.579    0.0013
S  3c                     0    41.459    0.9885      H  1                1215.67A   43.114   44.6965      Fe 2                2380.76A   38.505    0.0011
Si 2c                     0    40.609    0.1398      H  1                1025.72A   42.338    7.4812      Fe 2                17.9314m   38.737    0.0019
Si 3c                     0    41.470    1.0139      H  1                972.537A   41.899    2.7232      Fe 2                1.64355m   39.662    0.0158
Si 4c                     0    40.974    0.3235      H  1                949.743A   41.586    1.3230      Fe 2                8616.95A   38.834    0.0023
Si 7c                     0    40.034    0.0372      H  1                937.804A   41.308    0.6981      Fe 2                5158.78A   38.689    0.0017
Si 9c                     0    38.616    0.0014      H  1                930.748A   41.100    0.4328      Fe 2                1.80939m   38.959    0.0031
Al 2c                     0    40.294    0.0676      H  1                926.226A   40.922    0.2869      Fe 3                22.9190m   39.465    0.0100
Al 5c                     0    38.852    0.0024      H  1                923.150A   40.765    0.1998      Fe 3                4881.12A   38.990    0.0034
C  4c                     0    42.170    5.0822      H  1                920.963A   40.624    0.1446      Fe 3                4658.01A   39.686    0.0167
Ca 2c                     0    39.316    0.0071      H  1                919.351A   40.759    0.1970      Fe 3                33.0270m   38.909    0.0028
Ca 5c                     0    39.749    0.0193      H  1                918.129A   40.654    0.1548      Fe 3                5270.40A   39.547    0.0121
Ca 7c                     0    38.623    0.0014      H  1                917.181A   40.558    0.1241      Fe 3                4754.64A   38.948    0.0030
Ca 8c                     0    38.755    0.0020      H  1                916.429A   40.469    0.1012      Fe 3                4701.62A   39.203    0.0055
Cl 3c                     0    39.306    0.0070      H  1                915.824A   40.387    0.0837      Fe 3                5011.16A   38.776    0.0020
Cl 4c                     0    39.675    0.0163      H  1                915.329A   40.311    0.0703      Fe 3                4769.52A   38.728    0.0018
Fe10c                     0    38.528    0.0012      H  1                914.919A   40.240    0.0597      Fe 3                4733.84A   38.612    0.0014
Fe 4c                     0    41.468    1.0091      H  1                914.576A   40.175    0.0514      Fe 3                5411.98A   38.503    0.0011
Fe 5c                     0    40.688    0.1674      H  1                914.286A   40.116    0.0449      Fe 7                9.50763m   40.108    0.0440
Fe 6c                     0    40.945    0.3029      H  1                914.039A   40.063    0.0397      Fe 7                5720.71A   39.928    0.0291
K  5c                     0    38.785    0.0021      H  1                913.826A   40.018    0.0358      Fe 7                4988.55A   39.738    0.0188
K  6c                     0    38.672    0.0016      H  1                913.641A   39.984    0.0331      Fe 7                4893.37A   39.484    0.0105
Mg 2c                     0    41.163    0.5003      H  1                913.480A   39.971    0.0321      Fe 7                4698.24A   38.614    0.0014
Mg 4c                     0    39.660    0.0157      H  1                913.339A   40.009    0.0351      Fe 7                7.81037m   39.584    0.0132
Mg 5c                     0    40.442    0.0949      H  1                913.215A   40.787    0.2102      Fe 7                6086.97A   40.103    0.0435
Mg 6c                     0    40.016    0.0356      H  1                6562.81A   41.885    2.6345      Fe 7                5158.89A   39.617    0.0142
Mg 7c                     0    39.872    0.0256      H  1                4861.33A   41.464    1.0000      Fe 7                4942.48A   39.216    0.0057
Mg 8c                     0    38.883    0.0026      H  1                4340.46A   41.153    0.4887      Fe 7                3586.32A   39.875    0.0257
N  2c                     0    40.584    0.1318      H  1                4101.73A   40.884    0.2627      Fe 7                5276.38A   39.051    0.0039
N  3c                     0    41.066    0.3994      H  1                3970.07A   40.677    0.1633      Fe 7                3758.92A   40.028    0.0366
N  4c                     0    41.249    0.6098      H  1                3889.05A   40.500    0.1086      Fe 7                3.38363m   38.740    0.0019
Na 3c                     0    39.087    0.0042      H  1                3835.38A   40.345    0.0760      Fe 7                2.62872m   38.896    0.0027
Na 4c                     0    39.154    0.0049      H  1                3797.89A   40.207    0.0553      Fe 7                2015.36A   38.545    0.0012
Na 5c                     0    39.238    0.0059      H  1                3770.63A   40.195    0.0539      K  3                4.61683m   38.663    0.0016
Na 6c                     0    39.058    0.0039      H  1                3750.15A   40.091    0.0424      K  4                5.98030m   38.565    0.0013
Ne 4c                     0    40.867    0.2530      H  1                3734.36A   39.995    0.0340      Mg 1                2852.13A   39.263    0.0063
Ne 5c                     0    41.215    0.5629      H  1                3721.93A   39.907    0.0277      Mg 1                4562.60A   39.178    0.0052
Ne 6c                     0    40.503    0.1094      H  1                3711.97A   39.824    0.0229      Mg 1                4571.10A   38.747    0.0019
Ne 7c                     0    39.059    0.0039      H  1                3703.85A   39.748    0.0192      N  5                1238.82A   40.734    0.1862
Ne 8c                     0    39.151    0.0049      H  1                3697.15A   39.678    0.0164      N  5                1242.80A   40.438    0.0942
Ni 2c                     0    39.481    0.0104      H  1                3691.55A   39.613    0.0141      Ne 2                12.8101m   38.732    0.0019
O  4c                     0    41.442    0.9502      H  1                3686.83A   39.553    0.0123      Ne 3                15.5509m   40.737    0.1874
O  6c                     0    41.126    0.4588      H  1                3682.80A   39.500    0.0109      Ne 3                3868.76A   41.187    0.5283
S  4c                     0    41.372    0.8096      H  1                3679.35A   39.454    0.0098      Ne 3                36.0036m   39.692    0.0169
S  5c                     0    39.679    0.0164      H  1                3676.36A   39.420    0.0090      Ne 3                3967.47A   40.669    0.1603
S  6c                     0    39.890    0.0266      H  1                3673.75A   39.407    0.0088      Ne 3                1814.56A   39.526    0.0115
S  8c                     0    38.929    0.0029      H  1                3671.47A   39.445    0.0096      Ne 3                3342.18A   39.044    0.0038
Si 6c                     0    39.865    0.0252      H  1                3669.46A   40.222    0.0573      O  1                6300.30A   39.318    0.0071
Si 8c                     0    39.073    0.0041      H  1                1.87510m   40.989    0.3346      O  1                6363.78A   38.823    0.0023
continua.......................................      H  1                1.28180m   40.710    0.1762      O  1                63.1679m   38.555    0.0012
Bac                 3646.00A   42.659   15.6536      H  1                1.09380m   40.455    0.0979      O  2                834.465A   38.607    0.0014
nFnu                3645.00A   42.854   24.5289      H  1                1.00493m   40.250    0.0611      O  2                2470.22A   38.763    0.0020
nFnu                3647.00A   42.412    8.8753      H  1                9545.93A   40.073    0.0407      O  2                2470.34A   39.335    0.0074
cout                3646.00A   42.659   15.6536      H  1                9228.97A   39.918    0.0285      O  2                7318.92A   38.680    0.0016
thin                3646.00A   42.659   15.6607      H  1                9014.87A   39.780    0.0207      O  2                7319.99A   39.142    0.0048
Inci                4860.00A   43.447   96.0956      H  1                8862.74A   39.680    0.0164      O  2                7329.67A   38.903    0.0027
Inci                1215.00A   43.936  296.4818      H  1                8750.43A   39.576    0.0129      O  2                7330.73A   38.873    0.0026
Ba C                      0    42.202    5.4681      H  1                8664.98A   39.481    0.0104      O  2                3728.81A   40.863    0.2503
PA C                      0    41.759    1.9699      H  1                8598.35A   39.392    0.0085      O  2                3726.03A   40.689    0.1679
FIR                 83.0000m   42.667   15.9624      H  1                8545.34A   39.310    0.0070      O  3                88.3323m   41.445    0.9560
TIR                 1800.00m   39.752    0.0194      H  1                8502.44A   39.234    0.0059      O  3                51.8004m   41.223    0.5733
NIRa                2.85000m   43.771  202.9107      H  1                8467.21A   39.164    0.0050      O  3                4958.91A   41.874    2.5703
NIRb                3.00000m   43.365   79.6420      H  1                8437.91A   39.099    0.0043      O  3                5006.84A   42.349    7.6687
MIRa                15.0000m   43.419   90.0874      H  1                8413.28A   39.039    0.0038      O  3                2320.95A   40.213    0.0561
MIRb                22.5000m   43.495  107.3061      H  1                8392.35A   38.986    0.0033      O  3                4363.21A   40.813    0.2231
NMIR                21.7500m   43.771  202.9107      H  1                8374.43A   38.941    0.0030      O  3                1660.81A   40.719    0.1797
TFIR                611.250m   40.412    0.0888      H  1                8358.96A   38.907    0.0028      O  3                1666.15A   41.185    0.5262
TALL                10000.0A   44.198  542.2964      H  1                8345.51A   38.894    0.0027      O  3                835.289A   39.718    0.0180
F12                 12.0000m   42.980   32.8273      H  1                8333.74A   38.931    0.0029      O  3                833.749A   39.586    0.0132
F25                 25.0000m   42.766   20.0360      H  1                8323.38A   39.709    0.0176      O  3                835.092A   39.080    0.0041
F60                 60.0000m   42.602   13.7341      H  1                4.05113m   40.336    0.0745      O  3                832.929A   40.167    0.0505
F100                100.000m   41.725    1.8218      H  1                2.62513m   40.122    0.0455      O  3                833.715A   40.328    0.0732
MIPS                24.0000m   42.480   10.3793      H  1                2.16551m   39.926    0.0290      O  3                835.059A   39.124    0.0046
MIPS                70.0000m   42.010    3.5128      H  1                1.94454m   39.753    0.0194      O  3                703.854A   38.530    0.0012
MIPS                160.000m   39.908    0.0278      H  1                1.81740m   39.599    0.0136      O  3                702.337A   39.262    0.0063
IRAC                3.60000m   42.579   13.0283      H  1                1.73620m   39.461    0.0099      O  3                702.896A   39.450    0.0097
IRAC                4.50000m   42.614   14.1333      H  1                1.68064m   39.311    0.0070      O  3                703.851A   39.658    0.0156
IRAC                5.80000m   42.648   15.2571      H  1                1.64071m   39.207    0.0055      O  5                1218.34A   40.696    0.1708
IRAC                8.00000m   42.804   21.8761      H  1                1.61092m   39.112    0.0044      O  5                1213.81A   40.869    0.2538
SPR1                250.000m   39.529    0.0116      H  1                1.58804m   39.024    0.0036      O  5                629.732A   40.354    0.0775
SPR2                350.000m   39.412    0.0089      H  1                1.57006m   38.942    0.0030      P  2                1.18828m   38.808    0.0022
SPR3                500.000m   39.357    0.0078      H  1                1.55563m   38.866    0.0025      P  3                17.8797m   38.583    0.0013
PAC1                70.0000m   42.068    4.0147      H  1                1.54388m   38.796    0.0021      P  4                950.657A   38.603    0.0014
PAC2                100.000m   41.702    1.7281      H  1                1.53417m   38.731    0.0018      S  2                6730.82A   40.088    0.0421
PAC3                160.000m   40.052    0.0387      H  1                1.52604m   38.672    0.0016      S  2                6716.44A   40.245    0.0603
PAH                 3.30000m   41.722    1.8093      H  1                1.51917m   38.619    0.0014      S  2                4076.35A   38.725    0.0018
PAHC                3.23000m   41.438    0.9408      H  1                1.51331m   38.574    0.0013      S  2                4068.60A   39.216    0.0056
PAHC                3.37000m   41.414    0.8911      H  1                1.50827m   38.540    0.0012      S  2                1.03364m   38.587    0.0013
PAH                 6.20000m   42.164    5.0059      H  1                1.50389m   38.526    0.0012      S  2                1.02867m   38.590    0.0013
PAHC                5.65000m   42.203    5.4871      H  1                1.50008m   38.564    0.0013      S  2                1.03205m   38.723    0.0018
PAH                 7.90000m   42.356    7.7896      H  1                1.49672m   39.342    0.0075      S  3                33.4704m   40.733    0.1857
PAHC                6.90000m   42.415    8.9233      H  1                7.45777m   39.805    0.0219      S  3                18.7078m   40.551    0.1222
PAH                 11.3000m   41.763    1.9886      H  1                4.65247m   39.647    0.0152      S  3                9068.62A   40.677    0.1632
PAHC                10.9000m   41.785    2.0915      H  1                3.73951m   39.485    0.0105      S  3                9530.62A   41.077    0.4099
PAH                 11.8000m   41.978    3.2662      H  1                3.29607m   39.335    0.0074      S  3                3721.63A   39.675    0.0162
PAHC                12.6500m   41.946    3.0358      H  1                3.03835m   39.200    0.0054      S  3                6312.06A   39.948    0.0305
PAH                 13.3000m   41.979    3.2695      H  1                2.87219m   39.022    0.0036      S  3                1713.11A   39.401    0.0086
PAHC                14.1000m   41.960    3.1342      H  1                2.75749m   38.919    0.0029      S  3                1728.94A   39.852    0.0244
Bcon                3640.00A   43.840  237.7659      H  1                2.67438m   38.824    0.0023      S  3                1190.20A   38.964    0.0032
Pcon                5000.00A   43.283   65.9529      H  1                2.61191m   38.737    0.0019      S  3                1194.45A   39.061    0.0040
O3bn                5007.00A   42.394    8.5169      H  1                2.56361m   38.655    0.0016      S  3                1194.06A   39.159    0.0050
SX                  25.0000A   42.550   12.1727      H  1                2.52538m   38.580    0.0013      S  3                1201.73A   38.568    0.0013
HX                  4.70000A   42.307    6.9693      H  1                2.49455m   38.509    0.0011      S  3                1200.97A   39.169    0.0051
HFFc                      0    42.242    5.9967      H  1                2.37371m   39.056    0.0039      S  3                1021.11A   38.582    0.0013
H FF                      0    42.176    5.1455      H  1                12.3684m   39.364    0.0079      S  3                1021.32A   38.623    0.0014
HeFF                      0    41.392    0.8465      H  1                7.50038m   39.241    0.0060      S  3                1077.16A   38.758    0.0020
MeFB                      0    39.621    0.0143      H  1                5.90655m   39.104    0.0044      Si 2                34.8046m   40.181    0.0521
MeFF                      0    39.029    0.0037      H  1                5.12722m   38.974    0.0032      Si 2                2334.41A   39.099    0.0043
ToFF                      0    42.242    5.9957      H  1                4.67119m   38.783    0.0021      Si 2                2328.52A   38.478    0.0010
nFnu                1.33478c   38.549    0.0012      H  1                4.37522m   38.682    0.0017      Si 2                1808.01A   39.486    0.0105
nFnu                9993.08m   38.661    0.0016      H  1                4.16962m   38.588    0.0013      Si 2                1526.71A   38.518    0.0011
nFnu                6917.22m   38.801    0.0022      H  1                4.01974m   38.501    0.0011      Si 2                1260.42A   38.855    0.0025
nFnu                122.400m   40.292    0.0672      H  1                3.48198m   38.821    0.0023      Si 2                2350.17A   39.223    0.0057
nFnu                60.8322m   40.539    0.1188      H  1                19.0565m   38.985    0.0033      Si 2                2344.20A   39.627    0.0145
nInu                60.8322m   42.685   16.6345      H  1                11.3055m   38.886    0.0026      Si 2                2334.60A   39.524    0.0115
nFnu                41.2152m   40.680    0.1645      H  1                8.75760m   38.769    0.0020      Si 2                1817.45A   39.200    0.0054
nInu                41.2152m   42.908   27.8122      H  1                7.50599m   38.579    0.0013      Si 2                1816.93A   39.756    0.0196
nFnu                30.8695m   40.783    0.2086      H  1                6.77008m   38.479    0.0010      Si 2                1533.43A   39.103    0.0044
nInu                30.8695m   43.021   36.0075      H  1                4.84633m   38.623    0.0014      Si 2                1309.28A   38.536    0.0012
nFnu                24.7829m   40.862    0.2497      H  1                27.7955m   38.651    0.0015      Si 2                1264.74A   38.478    0.0010
nInu                24.7829m   43.080   41.2761      H  1                16.2045m   38.572    0.0013      Si 2                1194.50A   38.502    0.0011
nFnu                24.2998m   40.869    0.2538      Ca A                303.784A   42.523   11.4482      Si 3                1892.03A   40.991    0.3360
nInu                24.2998m   43.089   42.1099      Ca A                256.317A   41.856    2.4636      Si 3                1882.71A   41.178    0.5172
nFnu                22.8302m   40.890    0.2668      Ca A                243.027A   41.439    0.9439      Si 3                1206.50A   40.666    0.1593
nInu                22.8302m   43.106   43.8057      Ca A                237.331A   41.134    0.4674      Si 4                1393.75A   40.793    0.2134
nFnu                21.4199m   40.912    0.2807      Ca A                234.347A   40.892    0.2677      Si 4                1402.77A   40.505    0.1100
nInu                21.4199m   43.119   45.2149      Ca A                232.584A   40.690    0.1684      Si 7                2146.64A   39.633    0.0147
nFnu                21.1235m   40.918    0.2845      Ca A                231.454A   40.517    0.1131      Si 7                2350.02A   38.998    0.0034
nInu                21.1235m   43.123   45.5933      Ca A                230.686A   40.366    0.0797      Si 7                2.48071m   39.705    0.0174
nFnu                19.6199m   40.945    0.3025      Ca A                230.139A   40.231    0.0584      Si 7                6.51288m   38.537    0.0012
nInu                19.6199m   43.129   46.2194      Ca A                229.736A   40.108    0.0441      Al 2                2669.15A   39.705    0.0174
nFnu                17.6534m   40.982    0.3296      Ca A                229.431A   39.997    0.0341      Al 2                2660.35A   39.894    0.0269
nInu                17.6534m   43.151   48.6697      Ca A                229.194A   39.894    0.0269      Al 2                1670.79A   39.822    0.0228
nFnu                17.3700m   40.988    0.3340      Ca A                229.006A   39.800    0.0217      Al 5                2.90450m   38.852    0.0024
nInu                17.3700m   43.155   49.0770      Ca A                228.855A   39.711    0.0177      C  4                1550.78A   41.695    1.7005
nFnu                15.6901m   41.024    0.3626      Ca A                228.731A   39.629    0.0146      C  4                1548.19A   41.993    3.3818
nInu                15.6901m   43.167   50.5024      Ca A                228.629A   39.551    0.0122      Ca 2                7323.89A   38.531    0.0012
nFnu                14.6036m   41.050    0.3850      Ca A                228.543A   39.478    0.0103      Ca 2                7291.47A   38.703    0.0017
nInu                14.6036m   43.183   52.3013      Ca A                228.471A   39.408    0.0088      Ca 2                3968.47A   38.591    0.0013
nFnu                12.4300m   41.109    0.4414      Ca A                228.409A   39.343    0.0076      Ca 2                3933.66A   38.885    0.0026
nInu                12.4300m   43.198   54.1971      Ca A                228.356A   39.280    0.0065      Ca 5                4.15739m   39.290    0.0067
nFnu                11.4000m   41.139    0.4726      Ca A                228.309A   39.220    0.0057      Ca 5                5309.11A   39.423    0.0091
nInu                11.4000m   43.207   55.3085      Ca A                228.269A   39.163    0.0050      Ca 5                6086.37A   38.711    0.0018
nFnu                10.4600m   41.171    0.5098      Ca A                228.234A   39.109    0.0044      Ca 5                2412.87A   38.509    0.0011
nInu                10.4600m   43.217   56.5741      Ca A                1640.43A   41.481    1.0385      Ca 8                2.32117m   38.734    0.0019
nFnu                9.48002m   41.204    0.5498      Ca A                1215.13A   41.009    0.3509      Cl 3                5537.87A   38.853    0.0024
nInu                9.48002m   43.227   57.8922      Ca A                1084.94A   40.677    0.1633      Cl 3                5517.71A   38.995    0.0034
nFnu                9.32488m   41.210    0.5570      Ca A                1025.27A   40.420    0.0904      Cl 4                20.3197m   39.051    0.0039
nInu                9.32488m   43.230   58.3736      Ca A                992.360A   40.210    0.0557      Cl 4                11.7629m   38.977    0.0033
nFnu                8.21035m   41.257    0.6213      Ca A                972.108A   40.031    0.0369      Cl 4                7530.54A   38.842    0.0024
nInu                8.21035m   43.237   59.2403      Ca A                958.694A   39.876    0.0258      Cl 4                8045.62A   39.206    0.0055
nFnu                7.58000m   41.284    0.6608      Ca A                949.324A   39.738    0.0188      Fe10                6374.54A   38.523    0.0011
nInu                7.58000m   43.245   60.4075      Ca A                942.508A   39.614    0.0141      Fe 4                3095.77A   40.843    0.2394
nFnu                7.05026m   41.315    0.7097      Ca A                937.389A   39.501    0.0109      Fe 4                3094.96A   40.658    0.1562
nInu                7.05026m   43.247   60.6207      Ca A                933.444A   39.398    0.0086      Fe 4                3094.53A   40.516    0.1126
nFnu                4.11370m   41.515    1.1250      Ca A                930.337A   39.302    0.0069      Fe 4                2835.74A   40.819    0.2266
nInu                4.11370m   43.245   60.3922      Ca A                927.846A   39.213    0.0056      Fe 4                2829.36A   40.472    0.1018
nFnu                2.32440m   41.711    1.7670      Ca A                925.817A   39.130    0.0046      Fe 4                2823.50A   40.305    0.0693
nInu                2.32440m   43.161   49.7989      Ca A                924.142A   39.052    0.0039      Fe 4                2577.92A   38.984    0.0033
nFnu                1.64313m   41.849    2.4249      Ca A                922.743A   38.978    0.0033      Fe 4                2.83562m   39.462    0.0099
nInu                1.64313m   43.006   34.8296      Ca A                921.562A   38.909    0.0028      Fe 4                2.80554m   38.851    0.0024
nFnu                1.48022m   41.874    2.5706      Ca A                920.556A   38.843    0.0024      Fe 4                2.86447m   39.055    0.0039
nInu                1.48022m   42.974   32.3231      Ca A                919.693A   38.780    0.0021      Fe 4                2567.61A   39.849    0.0242
nFnu                1.43649m   41.966    3.1742      Ca A                918.945A   38.720    0.0018      Fe 4                2.71569m   38.732    0.0019
nInu                1.43649m   42.967   31.8418      Ca A                918.295A   38.663    0.0016      Fe 4                2567.40A   39.075    0.0041
nFnu                1.11867m   42.023    3.6181      Ca A                917.724A   38.608    0.0014      Fe 4                2.77325m   38.503    0.0011
nInu                1.11867m   42.961   31.3700      Ca A                4685.64A   40.715    0.1782      Fe 4                6739.82A   39.276    0.0065
nFnu                8329.68A   42.082    4.1475      Ca A                3203.04A   40.367    0.0800      Fe 4                6761.38A   38.775    0.0020
nInu                8329.68A   43.025   36.3854      Ca A                2733.24A   40.098    0.0430      Fe 4                6734.42A   38.570    0.0013
nFnu                8078.61A   42.275    6.4747      Ca A                2511.15A   39.879    0.0260      Fe 4                5233.76A   38.745    0.0019
nInu                8078.61A   43.028   36.6284      Ca A                2385.35A   39.695    0.0170      Fe 4                4906.56A   39.391    0.0084
nFnu                6209.66A   42.313    7.0613      Ca A                2306.15A   39.536    0.0118      Fe 4                4917.98A   38.882    0.0026
nInu                6209.66A   43.089   42.2002      Ca A                2252.64A   39.395    0.0085      Fe 4                7222.76A   38.908    0.0028
nFnu                4885.36A   42.347    7.6312      Ca A                2214.62A   39.268    0.0064      Fe 4                4899.97A   38.942    0.0030
nInu                4885.36A   43.351   76.9954      Ca A                2186.56A   39.154    0.0049      Fe 4                4903.07A   38.962    0.0031
nFnu                3704.34A   42.395    8.5270      Ca A                2165.20A   39.049    0.0038      Fe 4                7183.99A   38.613    0.0014
nInu                3704.34A   43.267   63.5016      Ca A                2148.55A   38.952    0.0031      Fe 4                4868.16A   38.772    0.0020
nFnu                3587.67A   42.853   24.5008      Ca A                2135.31A   38.862    0.0025      Fe 4                7191.23A   38.524    0.0011
nInu                3587.67A   43.283   65.9500      Ca A                2124.58A   38.778    0.0021      Fe 4                4867.95A   38.650    0.0015
nFnu                2430.05A   42.809   22.1246      Ca A                2115.78A   38.700    0.0017      Fe 4                4206.59A   38.602    0.0014
nInu                2430.05A   43.406   87.4508      Ca A                2108.46A   38.625    0.0014      Fe 4                4208.88A   38.569    0.0013
nFnu                2392.03A   42.808   22.0529      Ca A                2102.30A   38.555    0.0012      Fe 5                70.3538m   39.297    0.0068
nInu                2392.03A   43.392   84.6630      Ca A                2097.07A   38.489    0.0011      Fe 5                36.3273m   39.338    0.0075
nFnu                2071.34A   42.808   22.0518      Ca A                1.01233m   40.132    0.0465      Fe 5                25.9131m   39.273    0.0064
nInu                2071.34A   43.409   88.0093      Ca A                6559.91A   39.861    0.0249      Fe 5                20.8407m   39.078    0.0041
nFnu                2052.68A   42.814   22.3895      Ca A                5411.37A   39.635    0.0148      Fe 5                4180.59A   39.135    0.0047
nInu                2052.68A   43.399   86.1080      Ca A                4859.18A   39.446    0.0096      Fe 5                4143.15A   39.448    0.0096
nFnu                1793.44A   42.848   24.1776      Ca A                4541.46A   39.283    0.0066      Fe 5                4227.19A   40.156    0.0492
nInu                1793.44A   43.426   91.6568      Ca A                4338.55A   39.139    0.0047      Fe 5                4071.24A   39.380    0.0082
nFnu                1585.12A   42.861   24.9557      Ca A                4199.71A   39.010    0.0035      Fe 5                3895.22A   39.081    0.0041
nInu                1585.12A   43.496  107.7045      Ca A                4099.92A   38.894    0.0027      Fe 5                3851.34A   38.868    0.0025
nFnu                1458.33A   42.852   24.4082      Ca A                4025.48A   38.788    0.0021      Fe 5                3794.94A   39.458    0.0099
nInu                1458.33A   43.437   94.0479      Ca A                3968.32A   38.690    0.0017      Fe 5                3755.70A   39.176    0.0052
nFnu                1356.96A   42.803   21.8317      Ca A                3923.37A   38.599    0.0014      Fe 5                3911.33A   38.598    0.0014
nInu                1356.96A   43.472  101.8758      Ca A                3887.33A   38.514    0.0011      Fe 5                3839.27A   39.466    0.0100
nFnu                1297.29A   42.699   17.1790      Ca A                1.86362m   39.654    0.0155      Fe 5                3783.22A   39.055    0.0039
nInu                1297.29A   43.500  108.6224      Ca A                1.16260m   39.437    0.0094      Fe 5                3891.28A   39.244    0.0060
nFnu                1262.79A   42.550   12.1766      Ca A                9344.62A   39.245    0.0060      Fe 5                3819.95A   38.573    0.0013
nInu                1262.79A   43.584  131.9326      Ca A                8236.51A   39.078    0.0041      Fe 5                3445.62A   38.798    0.0022
nFnu                1218.08A   41.845    2.4052      Ca A                7592.50A   38.932    0.0029      Fe 5                3463.51A   38.813    0.0022
nInu                1218.08A   43.930  292.3471      Ca A                7177.28A   38.802    0.0022      Fe 5                2828.24A   39.004    0.0035
nFnu                1196.33A   41.827    2.3045      Ca A                6890.67A   38.684    0.0017      Fe 5                2780.40A   38.471    0.0010
nInu                1196.33A   43.773  203.5902      Ca A                6682.98A   38.576    0.0013      Fe 5                2750.88A   38.660    0.0016
nFnu                1175.06A   41.809    2.2110      Ca A                6526.88A   38.477    0.0010      Fe 5                2730.21A   38.750    0.0019
nInu                1175.06A   43.615  141.6239      Ca A                3.09074m   39.247    0.0061      Fe 5                2717.82A   38.744    0.0019
nFnu                1143.64A   41.778    2.0595      Ca A                1.87427m   39.070    0.0040      Fe 5                2707.36A   38.795    0.0021
nInu                1143.64A   43.529  116.0291      Ca A                1.47599m   38.904    0.0028      Fe 6                19.5527m   39.977    0.0325
nFnu                1113.22A   41.752    1.9425      Ca A                1.28124m   38.757    0.0020      Fe 6                5335.19A   39.628    0.0146
nInu                1113.22A   43.519  113.5446      Ca A                1.16728m   38.625    0.0014      Fe 6                5277.81A   39.111    0.0044
nFnu                1103.23A   41.746    1.9157      Ca A                1.09332m   38.506    0.0011      Fe 6                3813.55A   38.824    0.0023
nInu                1103.23A   43.507  110.3516      Ca A                4.76203m   38.894    0.0027      Fe 6                3492.10A   39.114    0.0045
nFnu                1073.86A   41.724    1.8183      Ca A                2.82513m   38.747    0.0019      Fe 6                2145.08A   38.965    0.0032
nInu                1073.86A   43.530  116.4550      Ca A                2.18843m   38.602    0.0014      Fe 6                14.7670m   39.823    0.0228
nFnu                1064.34A   41.716    1.7856      Ca A                1.87567m   38.470    0.0010      Fe 6                5484.85A   39.374    0.0081
nInu                1064.34A   43.534  117.4622      Ca A                6.94582m   38.580    0.0013      Fe 6                5424.23A   39.442    0.0095
nFnu                1035.92A   41.697    1.7079      Ca B                1640.43A   41.646    1.5201      Fe 6                5234.29A   38.678    0.0016
nInu                1035.92A   43.602  137.2687      Ca B                1215.13A   41.174    0.5124      Fe 6                4972.48A   39.929    0.0291
nFnu                1000.00A   41.674    1.6230      Ca B                1084.94A   40.839    0.2372      Fe 6                3889.41A   39.027    0.0037
nInu                1000.00A   43.537  118.1632      Ca B                1025.27A   40.580    0.1305      Fe 6                3555.61A   39.423    0.0091
nFnu                925.144A   41.645    1.5181      Ca B                992.360A   40.368    0.0801      Fe 6                3573.86A   38.560    0.0012
nInu                925.144A   43.504  109.6234      Ca B                972.108A   40.187    0.0529      Fe 6                12.3074m   39.557    0.0124
nFnu                897.800A   39.993    0.0338      Ca B                958.694A   40.030    0.0368      Fe 6                5631.08A   39.462    0.0100
nFnu                760.023A   39.152    0.0049      Ca B                949.324A   39.891    0.0267      Fe 6                5426.65A   39.210    0.0056
nFnu                701.514A   38.694    0.0017      Ca B                942.508A   39.766    0.0200      Fe 6                5145.76A   39.945    0.0302
nFnu                496.874A   40.419    0.0901      Ca B                937.389A   39.653    0.0154      Fe 6                4967.15A   39.554    0.0123
RRC............................................      Ca B                933.444A   39.548    0.0121      Fe 6                3662.50A   39.440    0.0095
H  1                3645.98A   41.874    2.5667      Ca B                930.337A   39.452    0.0097      Fe 6                5676.96A   39.540    0.0119
H  1                3645.98A   42.158    4.9433      Ca B                927.846A   39.362    0.0079      Fe 6                5370.30A   38.686    0.0017
H  1                8203.53A   41.180    0.5203      Ca B                925.817A   39.279    0.0065      Fe 6                5176.05A   39.925    0.0289
H  1                8203.53A   41.506    1.1012      Ca B                924.142A   39.200    0.0054      Fe 6                2260.89A   38.705    0.0017
H  1                8203.53A   41.321    0.7190      Ca B                922.743A   39.126    0.0046      Fe 6                1.28877m   38.901    0.0027
H  1                1.45841m   40.724    0.1819      Ca B                921.562A   39.057    0.0039      Fe 6                1.23303m   39.102    0.0043
H  1                1.45841m   41.054    0.3885      Ca B                920.556A   38.990    0.0034      Fe 6                3846.95A   38.857    0.0025
H  1                1.45841m   40.970    0.3205      Ca B                919.693A   38.927    0.0029      Fe 6                3905.01A   38.505    0.0011
H  1                1.45841m   40.553    0.1227      Ca B                918.945A   38.867    0.0025      Fe 6                1944.30A   38.534    0.0012
H  1                2.27876m   40.388    0.0839      Ca B                918.295A   38.810    0.0022      Fe 6                1.34929m   39.297    0.0068
H  1                2.27876m   40.716    0.1786      Ca B                917.724A   38.755    0.0020      Fe 6                1.26742m   38.851    0.0024
H  1                2.27876m   40.662    0.1577      Ca B                4685.64A   40.753    0.1947      Fe 6                4014.57A   38.474    0.0010
H  1                2.27876m   40.387    0.0838      Ca B                3203.04A   40.417    0.0897      Fe 6                1984.42A   38.509    0.0011
H  1                2.27876m   39.833    0.0234      Ca B                2733.24A   40.152    0.0487      Mg 2                2802.71A   40.683    0.1654
H  1                3.28142m   40.123    0.0456      Ca B                2511.15A   39.936    0.0296      Mg 2                2795.53A   40.982    0.3296
H  1                3.28142m   40.449    0.0965      Ca B                2385.35A   39.753    0.0194      Mg 2                2936.51A   38.499    0.0011
H  1                3.28142m   40.406    0.0874      Ca B                2306.15A   39.594    0.0135      Mg 2                2798.00A   38.758    0.0020
H  1                3.28142m   40.183    0.0523      Ca B                2252.64A   39.453    0.0098      Mg 2                2790.78A   38.505    0.0011
H  1                3.28142m   39.798    0.0216      Ca B                2214.62A   39.327    0.0073      Mg 4                4.48712m   39.660    0.0157
H  1                3.28142m   39.158    0.0049      Ca B                2186.56A   39.213    0.0056      Mg 5                5.60700m   39.962    0.0314
H  1                4.46637m   39.904    0.0275      Ca B                2165.20A   39.108    0.0044      Mg 5                2782.76A   40.133    0.0466
H  1                4.46637m   40.228    0.0581      Ca B                2148.55A   39.011    0.0035      Mg 5                13.5464m   38.870    0.0025
H  1                4.46637m   40.190    0.0532      Ca B                2135.31A   38.921    0.0029      Mg 5                2928.09A   39.567    0.0127
H  1                4.46637m   39.991    0.0336      Ca B                2124.58A   38.837    0.0024      Mg 5                1324.43A   38.639    0.0015
H  1                4.46637m   39.674    0.0162      Ca B                2115.78A   38.759    0.0020      Mg 6                1806.00A   39.621    0.0144
H  1                4.46637m   39.224    0.0058      Ca B                2108.46A   38.684    0.0017      Mg 6                1806.43A   39.722    0.0181
H  1                4.46637m   38.527    0.0012      Ca B                2102.30A   38.614    0.0014      Mg 6                1190.12A   38.691    0.0017
H  1                5.83363m   39.718    0.0179      Ca B                2097.07A   38.548    0.0012      Mg 7                9.00655m   39.462    0.0100
H  1                5.83363m   40.041    0.0377      Ca B                2092.59A   38.485    0.0010      Mg 7                5.50177m   39.359    0.0078
H  1                5.83363m   40.004    0.0347      Ca B                1.01233m   40.148    0.0483      Mg 7                2508.99A   38.773    0.0020
H  1                5.83363m   39.818    0.0226      Ca B                6559.91A   39.883    0.0262      Mg 7                2628.89A   39.177    0.0052
H  1                5.83363m   39.536    0.0118      Ca B                5411.37A   39.661    0.0157      Mg 8                3.02765m   38.826    0.0023
H  1                5.83363m   39.167    0.0050      Ca B                4859.18A   39.474    0.0102      N  2                205.244m   39.152    0.0049
H  1                5.83363m   38.675    0.0016      Ca B                4541.46A   39.312    0.0070      N  2                121.767m   39.060    0.0039
H  1                7.38319m   39.556    0.0124      Ca B                4338.55A   39.168    0.0051      N  2                6548.05A   39.921    0.0286
H  1                7.38319m   39.877    0.0259      Ca B                4199.71A   39.041    0.0038      N  2                6583.45A   40.390    0.0844
H  1                7.38319m   39.842    0.0239      Ca B                4099.92A   38.925    0.0029      N  2                5754.61A   38.852    0.0024
H  1                7.38319m   39.663    0.0158      Ca B                4025.48A   38.819    0.0023      N  2                2139.01A   38.727    0.0018
H  1                7.38319m   39.400    0.0086      Ca B                3968.32A   38.721    0.0018      N  2                2142.78A   39.118    0.0045
H  1                7.38319m   39.076    0.0041      Ca B                3923.37A   38.630    0.0015      N  3                57.3238m   40.587    0.1327
H  1                7.38319m   38.677    0.0016      Ca B                3887.33A   38.546    0.0012      N  3                1748.65A   39.864    0.0251
H  1                9.11505m   39.412    0.0089      Ca B                3857.96A   38.466    0.0010      N  3                1753.99A   39.879    0.0260
H  1                9.11505m   39.733    0.0186      Ca B                1.86362m   39.663    0.0158      N  3                1746.82A   39.451    0.0097
H  1                9.11505m   39.698    0.0171      Ca B                1.16260m   39.449    0.0097      N  3                1752.16A   40.291    0.0671
H  1                9.11505m   39.523    0.0115      Ca B                9344.62A   39.260    0.0062      N  3                1749.67A   40.348    0.0765
H  1                9.11505m   39.273    0.0064      Ca B                8236.51A   39.095    0.0043      N  3                989.799A   39.936    0.0297
H  1                9.11505m   38.974    0.0032      Ca B                7592.50A   38.949    0.0031      N  3                991.511A   39.526    0.0115
H  1                9.11505m   38.627    0.0015      Ca B                7177.28A   38.820    0.0023      N  3                991.577A   39.515    0.0113
H  1                11.0292m   40.173    0.0511      Ca B                6890.67A   38.702    0.0017      N  3                764.351A   38.886    0.0026
H  1                13.1257m   40.060    0.0395      Ca B                6682.98A   38.595    0.0014      N  3                685.515A   38.775    0.0020
H  1                15.4044m   39.957    0.0311      Ca B                6526.88A   38.497    0.0011      N  3                686.336A   38.781    0.0021
H  1                17.8655m   39.861    0.0249      Ca B                3.09074m   39.255    0.0062      N  3                685.817A   38.784    0.0021
H  1                20.5089m   39.771    0.0203      Ca B                1.87427m   39.079    0.0041      N  4                1486.50A   40.766    0.2002
H  1                23.3345m   39.687    0.0167      Ca B                1.47599m   38.914    0.0028      N  4                1483.32A   40.944    0.3020
H  1                26.3425m   39.609    0.0140      Ca B                1.28124m   38.768    0.0020      N  4                765.147A   40.495    0.1073
H  1                29.5328m   39.535    0.0118      Ca B                1.16728m   38.637    0.0015      Na 3                7.31706m   39.087    0.0042
H  1                32.9053m   39.464    0.0100      Ca B                1.09332m   38.518    0.0011      Na 4                9.03098m   38.558    0.0012
H  1                36.4602m   39.398    0.0086      Ca B                4.76203m   38.900    0.0027      Na 4                3241.51A   38.891    0.0027
H  1                40.1974m   39.334    0.0074      Ca B                2.82513m   38.754    0.0019      Na 5                2067.25A   38.841    0.0024
H  1                44.1168m   39.274    0.0065      Ca B                2.18843m   38.610    0.0014      Na 5                2069.09A   38.925    0.0029
H  1                48.2186m   39.216    0.0056      Ca B                1.87567m   38.478    0.0010      Na 6                14.3228m   38.594    0.0013
H  1                52.5027m   39.161    0.0050      Ca B                6.94582m   38.587    0.0013      Na 6                2971.08A   38.513    0.0011
H  1                56.9691m   40.317    0.0712      He 2                607.567A   41.858    2.4757      Ne 4                2421.66A   40.432    0.0929
He 2                2049.88A   40.417    0.0896      He 2                303.784A   42.509   11.0787      Ne 4                2424.28A   40.592    0.1343
He 2                2049.88A   40.849    0.2424      He 2                256.317A   41.818    2.2585      Ne 4                1601.61A   39.223    0.0057
He 2                2049.88A   40.797    0.2153      He 2                243.027A   41.388    0.8396      Ne 4                4725.58A   38.624    0.0014
He 2                3644.36A   39.932    0.0293      He 2                237.331A   41.075    0.4085      Ne 4                1601.45A   39.600    0.0137
He 2                3644.36A   40.367    0.0799      He 2                234.347A   40.828    0.2311      Ne 4                4724.17A   38.657    0.0016
He 2                3644.36A   40.418    0.0900      He 2                232.584A   40.623    0.1441      Ne 4                4714.23A   38.615    0.0014
He 2                3644.36A   40.122    0.0455      He 2                231.454A   40.447    0.0961      Ne 5                24.2065m   40.643    0.1511
He 2                5694.36A   39.565    0.0126      He 2                230.686A   40.293    0.0674      Ne 5                14.3228m   40.554    0.1229
He 2                5694.36A   39.999    0.0343      He 2                230.139A   40.155    0.0491      Ne 5                3345.99A   40.283    0.0660
He 2                5694.36A   40.083    0.0416      He 2                229.736A   40.420    0.0903      Ne 5                3426.03A   40.731    0.1847
He 2                5694.36A   39.934    0.0295      He 2                229.431A   40.322    0.0721      Ne 5                1574.76A   39.346    0.0076
He 2                5694.36A   39.477    0.0103      He 2                229.194A   40.231    0.0585      Ne 5                2973.20A   38.921    0.0029
He 2                8199.90A   39.277    0.0065      He 2                229.006A   40.148    0.0483      Ne 5                1136.51A   39.261    0.0063
He 2                8199.90A   39.709    0.0176      He 2                228.855A   40.070    0.0404      Ne 5                1145.60A   39.714    0.0178
He 2                8199.90A   39.805    0.0219      He 2                228.731A   39.999    0.0342      Ne 5                568.422A   38.472    0.0010
He 2                8199.90A   39.711    0.0177      He 2                228.629A   39.932    0.0294      Ne 5                569.759A   38.612    0.0014
He 2                8199.90A   39.428    0.0092      He 2                228.543A   39.870    0.0255      Ne 6                7.64318m   40.440    0.0945
He 2                8199.90A   38.859    0.0025      He 2                228.471A   39.815    0.0224      Ne 6                997.031A   38.702    0.0017
He 2                1.11610m   39.041    0.0038      He 2                228.409A   39.765    0.0200      Ne 6                558.685A   38.671    0.0016
He 2                1.11610m   39.471    0.0101      He 2                228.356A   39.723    0.0181      Ne 6                1010.21A   38.649    0.0015
He 2                1.11610m   39.572    0.0128      He 2                228.309A   39.692    0.0169      Ne 6                1005.69A   39.088    0.0042
He 2                1.11610m   39.504    0.0110      He 2                228.269A   39.683    0.0165      Ne 6                999.183A   39.056    0.0039
He 2                1.11610m   39.293    0.0067      He 2                228.234A   39.725    0.0183      Ne 7                895.174A   38.519    0.0011
He 2                1.11610m   38.917    0.0028      He 2                228.203A   40.514    0.1121      Ne 7                887.279A   38.664    0.0016
He 2                1.45776m   38.841    0.0024      He 2                1640.43A   41.458    0.9865      Ne 7                465.220A   38.549    0.0012
He 2                1.45776m   39.270    0.0064      He 2                1215.13A   41.026    0.3649      Ne 8                780.325A   38.701    0.0017
He 2                1.45776m   39.373    0.0081      He 2                1084.94A   40.706    0.1745      Ne 8                770.410A   38.960    0.0031
He 2                1.45776m   39.319    0.0072      He 2                1025.27A   40.454    0.0977      Ni 2                1.19102m   39.183    0.0052
He 2                1.45776m   39.144    0.0048      He 2                992.360A   40.247    0.0606      Ni 2                7377.83A   38.489    0.0011
He 2                1.45776m   38.853    0.0024      He 2                972.108A   40.070    0.0404      O  4                25.8832m   41.054    0.3892
He 2                1.84498m   38.669    0.0016      He 2                958.694A   39.916    0.0283      O  4                1399.77A   40.163    0.0500
He 2                1.84498m   39.096    0.0043      He 2                949.324A   39.779    0.0207      O  4                1407.38A   40.153    0.0488
He 2                1.84498m   39.200    0.0054      He 2                942.508A   39.857    0.0247      O  4                1397.20A   39.710    0.0176
He 2                1.84498m   39.154    0.0049      He 2                937.389A   39.759    0.0197      O  4                1404.78A   40.596    0.1354
He 2                1.84498m   39.000    0.0034      He 2                933.444A   39.669    0.0160      O  4                1401.16A   40.591    0.1340
He 2                1.84498m   38.755    0.0020      He 2                930.337A   39.586    0.0132      O  4                787.710A   40.379    0.0822
He 2                2.27776m   38.518    0.0011      He 2                927.846A   39.508    0.0111      O  4                790.114A   39.961    0.0314
He 2                2.27776m   38.944    0.0030      He 2                925.817A   39.436    0.0094      O  4                790.201A   40.033    0.0371
He 2                2.27776m   39.048    0.0038      He 2                924.142A   39.370    0.0080      O  4                608.397A   38.783    0.0021
He 2                2.27776m   39.006    0.0035      He 2                922.743A   39.308    0.0070      O  4                609.830A   39.350    0.0077
He 2                2.27776m   38.865    0.0025      He 2                921.562A   39.253    0.0061      O  4                554.076A   39.133    0.0047
He 2                2.27776m   38.647    0.0015      He 2                920.556A   39.203    0.0055      O  4                555.264A   39.147    0.0048
He 2                2.75608m   39.564    0.0126      He 2                919.693A   39.161    0.0050      O  4                554.514A   39.131    0.0046
He 2                3.27997m   39.452    0.0097      He 2                918.945A   39.130    0.0046      O  6                1037.62A   40.654    0.1550
He 2                3.84941m   39.349    0.0077      He 2                918.295A   39.121    0.0045      O  6                1031.91A   40.947    0.3039
He 2                4.46440m   39.253    0.0062      He 2                917.724A   39.163    0.0050      S  4                10.5076m   41.284    0.6606
He 2                5.12495m   39.164    0.0050      He 2                917.221A   39.952    0.0307      S  4                1404.81A   39.510    0.0111
He 2                5.83106m   39.081    0.0041      He 2                4685.64A   40.633    0.1476      S  4                1423.84A   39.373    0.0081
He 2                6.58272m   39.002    0.0035      He 2                3203.04A   40.334    0.0742      S  4                1398.04A   38.660    0.0016
He 2                7.37993m   38.928    0.0029      He 2                2733.24A   40.082    0.0415      S  4                1416.89A   39.968    0.0319
He 2                8.22270m   38.858    0.0025      He 2                2511.15A   39.872    0.0256      S  4                1406.02A   40.030    0.0368
He 2                9.11102m   38.792    0.0021      He 2                2385.35A   39.692    0.0169      S  4                1062.66A   39.730    0.0185
He 2                10.0449m   38.728    0.0018      He 2                2306.15A   39.536    0.0118      S  4                1073.52A   39.203    0.0055
He 2                11.0243m   38.668    0.0016      He 2                2252.64A   39.398    0.0086      S  4                1072.97A   39.756    0.0196
He 2                12.0493m   38.610    0.0014      He 2                2214.62A   39.342    0.0075      S  4                815.941A   38.880    0.0026
He 2                13.1199m   38.555    0.0012      He 2                2186.56A   39.244    0.0060      S  4                748.393A   38.848    0.0024
He 2                14.2360m   39.735    0.0186      He 2                2165.20A   39.155    0.0049      S  4                753.760A   38.893    0.0027
He 1                2599.69A   40.779    0.2065      He 2                2148.55A   39.071    0.0040      S  4                750.221A   38.937    0.0030
He 1                3120.85A   40.256    0.0620      He 2                2135.31A   38.994    0.0034      S  4                657.319A   38.833    0.0023
He 1                3421.00A   40.204    0.0549      He 2                2124.58A   38.922    0.0029      S  5                1199.14A   38.804    0.0022
He 1                3420.88A   40.681    0.1647      He 2                2115.78A   38.856    0.0025      S  5                1188.28A   38.942    0.0030
He 1                3420.88A   40.903    0.2745      He 2                2108.46A   38.795    0.0021      S  5                786.470A   39.513    0.0112
He 1                3678.70A   40.465    0.1002      He 2                2102.30A   38.739    0.0019      S  6                944.524A   39.429    0.0092
He 1                6632.16A   39.934    0.0295      He 2                2097.07A   38.689    0.0017      S  6                933.380A   39.705    0.0174
He 1                7435.20A   39.488    0.0106      He 2                2092.59A   38.647    0.0015      S  8                9914.00A   38.929    0.0029
He 1                7843.44A   40.463    0.0997      He 2                2088.73A   38.617    0.0014      Si 6                1.96247m   39.865    0.0252
He 1                8188.36A   40.151    0.0486      He 2                2085.37A   38.607    0.0014      Si 8                1445.74A   38.646    0.0015
He 1                8190.64A   39.660    0.0157      He 2                2082.42A   38.650    0.0015      Si 8                1440.51A   38.800    0.0022
He 1                8261.30A   39.825    0.0230      He 2                2079.84A   39.438    0.0094      level 1 lines..................................
He 1                1.24779m   39.421    0.0091      He 2                1.01233m   40.008    0.0349      recombination..................................
He 1                1.35647m   39.003    0.0035      He 2                6559.91A   39.790    0.0212      C  2                1335.00A   39.563    0.0126
He 1                1.40934m   39.992    0.0337      He 2                5411.37A   39.586    0.0133      C  3                1923.00A   38.489    0.0011
He 1                1.45602m   39.801    0.0217      He 2                4859.18A   39.408    0.0088      C  4                1549.00A   38.883    0.0026
He 1                1.45643m   39.306    0.0069      He 2                4541.46A   39.252    0.0061      C  2                1092.50A   38.476    0.0010
He 1                1.45759m   39.374    0.0081      He 2                4338.55A   39.113    0.0045      C  2                1036.80A   39.003    0.0035
He 1                1.45759m   38.897    0.0027      He 2                4199.71A   38.973    0.0032      C  2                946.100A   38.805    0.0022
He 1                1.46631m   39.377    0.0082      He 2                4099.92A   38.876    0.0026      C  2                799.800A   39.643    0.0151
He 1                2.01409m   39.055    0.0039      He 2                4025.48A   38.786    0.0021      C  3                2296.90A   38.876    0.0026
He 1                2.15127m   38.652    0.0015      He 2                3968.32A   38.703    0.0017      C  3                1828.00A   38.756    0.0020
He 1                2.21672m   39.644    0.0151      He 2                3923.37A   38.626    0.0015      C  3                1577.10A   38.833    0.0023
He 1                2.27546m   39.492    0.0107      He 2                3887.33A   38.555    0.0012      C  3                1247.40A   38.470    0.0010
He 1                2.27605m   38.997    0.0034      He 2                3857.96A   38.488    0.0011      C  3                1175.70A   39.054    0.0039
He 1                2.27752m   39.208    0.0055      He 2                3740.11A   39.071    0.0040      C  3                977.000A   39.415    0.0089
He 1                2.27752m   38.730    0.0018      He 2                1.86362m   39.493    0.0107      C  3                538.200A   38.480    0.0010
He 1                2.27778m   38.658    0.0016      He 2                1.16260m   39.332    0.0074      C  3                493.500A   38.650    0.0015
He 1                2.28864m   39.041    0.0038      He 2                9344.62A   39.165    0.0050      C  3                492.600A   38.480    0.0010
He 1                2.96255m   38.781    0.0021      He 2                8236.51A   39.012    0.0035      C  3                483.700A   38.490    0.0011
He 1                3.20640m   39.372    0.0081      He 2                7592.50A   38.874    0.0026      C  3                476.000A   38.664    0.0016
He 1                3.27715m   39.236    0.0059      He 2                7177.28A   38.684    0.0017      C  3                459.600A   39.543    0.0120
He 1                3.27790m   38.737    0.0019      He 2                6890.67A   38.587    0.0013      C  3                411.700A   39.435    0.0093
He 1                3.27968m   39.002    0.0035      He 2                6682.98A   38.498    0.0011      C  3                398.400A   39.244    0.0060
He 1                3.27969m   38.525    0.0011      He 2                5931.63A   38.785    0.0021      C  3                371.700A   38.684    0.0017
He 1                3.28001m   38.623    0.0014      He 2                3.09074m   39.056    0.0039      N  2                1085.10A   38.698    0.0017
He 1                3.29317m   38.773    0.0020      He 2                1.87427m   38.934    0.0029      N  2                646.400A   38.534    0.0012
He 1                4.46460m   39.684    0.0166      He 2                1.47599m   38.795    0.0021      N  3                991.000A   39.652    0.0154
He 1                5.83132m   39.512    0.0112      He 2                1.28124m   38.663    0.0016      N  3                782.900A   38.716    0.0018
He 1                7.38026m   39.361    0.0079      He 2                8701.09A   38.551    0.0012      N  3                764.000A   39.119    0.0045
He 1                9.11143m   39.225    0.0058      He 2                4.76203m   38.676    0.0016      N  3                685.700A   38.973    0.0032
He 1                11.0248m   39.101    0.0043      He 2                2.82513m   38.582    0.0013      N  3                472.300A   38.470    0.0010
He 1                13.1205m   38.989    0.0033      He 2                2.18843m   38.465    0.0010      N  3                418.800A   39.044    0.0038
He 1                15.3983m   38.885    0.0026      Ca A                33.7359A   38.475    0.0010      N  3                411.300A   38.474    0.0010
He 1                17.8584m   38.789    0.0021      He-like iso-sequence...........................      N  3                391.300A   38.960    0.0031
He 1                20.5007m   38.700    0.0017      He 1                1202.81A   40.920    0.2854      N  3                387.400A   39.103    0.0043
He 1                23.3253m   38.616    0.0014      He 1                584.334A   41.568    1.2702      N  3                374.400A   39.189    0.0053
He 1                26.3321m   38.538    0.0012      He 1                537.030A   40.979    0.3273      N  3                348.700A   39.657    0.0156
He 1                61.5933m   39.232    0.0059      He 1                522.213A   40.586    0.1324      N  3                340.200A   39.509    0.0111
grains.........................................      He 1                515.617A   40.290    0.0670      N  3                323.300A   39.277    0.0065
H-like iso-sequence............................      He 1                512.099A   40.047    0.0383      N  3                311.600A   38.616    0.0014
Cool                1215.67A   42.576   12.9328      He 1                625.563A   42.298    6.8231      O  2                386.300A   39.266    0.0063
Crst                960.000A   42.433    9.3122      He 1                510.018A   40.476    0.1028      O  2                385.700A   39.097    0.0043
CION                      0    41.248    0.6075      He 1                508.657A   40.319    0.0715      O  3                834.500A   39.435    0.0093
Q(H)                4861.33A   41.608    1.3937      He 1                507.727A   40.180    0.0519      O  3                703.400A   39.181    0.0052
Q(H)                1215.67A   43.145   47.9454      He 1                507.065A   40.056    0.0390      O  3                599.600A   38.693    0.0017
CaBo                4861.33A   41.600    1.3673      He 1                506.576A   39.944    0.0302      O  3                541.600A   38.536    0.0012
CaBo                1640.00A   41.666    1.5900      He 1                506.204A   39.842    0.0238      O  3                374.100A   38.971    0.0032
CaBo                4685.64A   40.744    0.1906      He 1                505.916A   39.748    0.0192      O  3                320.700A   38.914    0.0028
Ca A                937.804A   41.377    0.8184      He 1                505.687A   39.661    0.0157      O  3                300.500A   39.509    0.0111
Ca A                930.748A   41.174    0.5127      He 1                505.502A   39.582    0.0131      O  3                299.300A   39.142    0.0048
Ca A                926.226A   40.999    0.3427      He 1                505.352A   39.509    0.0111      O  4                922.700A   38.590    0.0013
Ca A                923.150A   40.845    0.2405      He 1                505.227A   39.441    0.0095      O  4                789.400A   39.867    0.0253
Ca A                920.963A   40.708    0.1753      He 1                505.122A   39.379    0.0082      O  4                779.900A   39.356    0.0078
Ca A                919.351A   40.584    0.1317      He 1                505.033A   39.323    0.0072      O  4                617.000A   39.104    0.0044
Ca A                918.129A   40.471    0.1015      He 1                504.958A   39.272    0.0064      O  4                609.400A   39.053    0.0039
Ca A                917.181A   40.367    0.0799      He 1                504.893A   39.228    0.0058      O  4                554.400A   39.364    0.0079
Ca A                916.429A   40.270    0.0640      He 1                504.836A   39.193    0.0054      O  4                288.500A   38.694    0.0017
Ca A                915.824A   40.181    0.0521      He 1                504.787A   39.169    0.0051      O  4                285.800A   38.751    0.0019
Ca A                915.329A   40.098    0.0430      He 1                504.744A   39.167    0.0050      O  4                276.100A   39.058    0.0039
Ca A                914.919A   40.019    0.0359      He 1                504.706A   39.218    0.0057      O  4                273.500A   39.110    0.0044
Ca A                914.576A   39.946    0.0303      He 1                504.672A   40.029    0.0367      O  4                267.000A   38.858    0.0025
Ca A                914.286A   39.877    0.0259      TOTL                1.08303m   40.892    0.2676      O  4                265.500A   39.454    0.0098
Ca A                914.039A   39.812    0.0223      He 1                1.08303m   40.892    0.2676      O  4                260.500A   39.238    0.0059
Ca A                913.826A   39.750    0.0193      He 1                3888.63A   40.646    0.1519      O  4                258.600A   38.814    0.0022
Ca A                913.641A   39.692    0.0169      He 1                3187.74A   40.264    0.0631      O  4                252.500A   39.137    0.0047
Ca A                913.480A   39.638    0.0149      He 1                2945.10A   39.952    0.0307      O  4                250.300A   39.249    0.0061
Ca A                913.339A   39.587    0.0133      He 1                2829.08A   39.697    0.0171      O  4                238.500A   38.781    0.0021
Ca A                3970.07A   40.636    0.1484      He 1                2760.44A   38.952    0.0031      O  4                224.100A   38.931    0.0029
Ca A                3889.05A   40.458    0.0986      He 1                2721.00A   38.803    0.0022      O  4                213.000A   38.782    0.0021
Ca A                3835.38A   40.302    0.0689      He 1                2694.61A   38.670    0.0016      O  4                211.300A   38.926    0.0029
Ca A                3797.89A   40.164    0.0501      He 1                2676.05A   38.549    0.0012      O  4                207.200A   38.938    0.0030
Ca A                3770.63A   40.039    0.0376      He 1                5015.68A   38.683    0.0017      O  4                203.000A   38.468    0.0010
Ca A                3750.15A   39.926    0.0289      He 1                7065.22A   39.972    0.0322      O  4                200.800A   39.538    0.0118
Ca A                3734.36A   39.821    0.0228      He 1                5875.64A   40.569    0.1274      O  4                196.400A   39.554    0.0123
Ca A                3721.93A   39.725    0.0182      He 1                4713.03A   39.330    0.0073      O  4                188.200A   39.300    0.0069
Ca A                3711.97A   39.635    0.0148      He 1                4471.49A   40.182    0.0523      O  4                184.200A   39.012    0.0035
Ca A                3703.85A   39.551    0.0122      He 1                4120.82A   38.924    0.0029      O  4                182.800A   38.569    0.0013
Ca A                3697.15A   39.473    0.0102      He 1                4026.20A   39.874    0.0257      O  4                158.600A   39.384    0.0083
Ca A                3691.55A   39.398    0.0086      He 1                3867.48A   38.631    0.0015      O  5                629.700A   38.806    0.0022
Ca A                3686.83A   39.328    0.0073      He 1                3819.61A   39.622    0.0144      O  5                202.300A   38.465    0.0010
Ca A                3682.80A   39.261    0.0063      He 1                3704.76A   39.577    0.0130      O  5                192.900A   38.960    0.0031
Ca A                3679.35A   39.198    0.0054      He 1                3634.08A   39.418    0.0090      O  5                168.000A   38.850    0.0024
Ca A                3676.36A   39.137    0.0047      He 1                3587.16A   39.277    0.0065      O  5                141.300A   38.820    0.0023
Ca A                3673.75A   39.079    0.0041      He 1                3554.34A   39.151    0.0049      level2 lines...................................
Ca A                3671.47A   39.024    0.0036      He 1                3530.43A   39.035    0.0037      S  3                667.049A   39.199    0.0054
Ca A                9545.93A   40.064    0.0398      He 1                3512.47A   38.931    0.0029      S  3                691.219A   38.485    0.0010
Ca A                9228.97A   39.907    0.0277      He 1                3498.61A   38.835    0.0023      S  3                704.220A   38.752    0.0019
Ca A                9014.87A   39.768    0.0201      He 1                3487.70A   38.746    0.0019      hyperfine structure............................
Ca A                8862.74A   39.642    0.0151      He 1                3478.94A   38.664    0.0016      inner shell....................................
Ca A                8750.43A   39.528    0.0116      He 1                3471.80A   38.587    0.0013      O  5                1215.53A   38.577    0.0013
Ca A                8664.98A   39.423    0.0091      He 1                3465.91A   38.516    0.0011      Si 5                119.791A   38.997    0.0034
Ca A                8598.35A   39.327    0.0073      He 1                3439.99A   39.048    0.0038      Si 5                120.490A   38.995    0.0034
Ca A                8545.34A   39.237    0.0059      He 1                7281.35A   39.265    0.0063      S  6                488.127A   38.525    0.0011
Ca A                8502.44A   39.152    0.0049      He 1                6678.15A   40.011    0.0352      S  7                72.4207A   38.737    0.0019
Ca A                8467.21A   39.073    0.0041      He 1                5047.64A   38.819    0.0023      S  7                72.9319A   38.734    0.0019
Ca A                8437.91A   38.999    0.0034      He 1                4921.93A   39.604    0.0138      Fe 6                167.773A   38.777    0.0021
Ca A                8413.28A   38.928    0.0029      He 1                4437.55A   38.490    0.0011      Fe 6                172.200A   38.766    0.0020
Ca A                8392.35A   38.862    0.0025      He 1                4387.93A   39.295    0.0068      Fe 7                172.440A   39.007    0.0035
Ca A                8374.43A   38.798    0.0022      He 1                4143.76A   39.047    0.0038      Fe 7                177.120A   38.995    0.0034
Ca A                8358.96A   38.737    0.0019      He 1                4009.05A   38.940    0.0030      Fe 8                185.328A   39.156    0.0049
Ca A                8345.51A   38.679    0.0016      He 1                3926.41A   38.779    0.0021      Fe 8                190.745A   39.144    0.0048
Ca A                8333.74A   38.623    0.0014      He 1                3871.69A   38.637    0.0015      Fe 9                194.333A   38.903    0.0027
Ca A                1.81740m   39.609    0.0139      He 1                3833.48A   38.510    0.0011      Fe 9                200.622A   38.890    0.0027
Ca A                1.73620m   39.469    0.0101      He 1                4.29459m   38.657    0.0016      molecules......................................
Ca A                1.68064m   39.343    0.0076      He 1                1.25274m   38.770    0.0020      H-FB                      0    38.750    0.0019
Ca A                1.64071m   39.228    0.0058      He 1                9463.57A   38.694    0.0017      H-FF                      0    38.476    0.0010
Ca A                1.61092m   39.123    0.0046      He 1                8361.73A   38.520    0.0011      H- H                      0    38.481    0.0010
Ca A                1.58804m   39.026    0.0036      He 1                2.11180m   38.513    0.0011      blends.........................................
Ca A                1.57006m   38.935    0.0030      He 1                1.70027m   39.032    0.0037      Blnd                2798.00A   41.159    0.4950
Ca A                1.55563m   38.851    0.0024      He 1                1.19692m   38.878    0.0026      Blnd                6720.00A   40.475    0.1024
Ca A                1.54388m   38.772    0.0020      He 1                1.03113m   38.682    0.0017      Blnd                4074.00A   39.338    0.0075
Ca A                1.53417m   38.697    0.0017      He 1                9515.06A   38.690    0.0017      Blnd                1.03300m   39.229    0.0058
Ca A                1.52604m   38.626    0.0015      He 1                9062.39A   38.546    0.0012      Blnd                1256.00A   38.489    0.0011
Ca A                1.51917m   38.559    0.0012      He 1                1.95430m   38.535    0.0012      Blnd                1198.00A   39.734    0.0186
Ca A                1.51331m   38.495    0.0011      He 1                1.86854m   39.594    0.0135      Blnd                1720.00A   39.983    0.0331
Ca A                3.03835m   39.227    0.0058      He 1                1.27849m   39.279    0.0065      Blnd                3722.00A   39.681    0.0165
Ca A                2.87219m   39.101    0.0043      He 1                1.09130m   39.020    0.0036      Blnd                1406.00A   40.416    0.0895
Ca A                2.75749m   38.986    0.0033      He 1                1.00275m   38.761    0.0020      Blnd                1199.00A   39.180    0.0052
Ca A                2.67438m   38.880    0.0026      He 1                9526.01A   38.592    0.0013      Blnd                2665.00A   40.111    0.0443
Ca A                2.61191m   38.783    0.0021      He 1                1.86972m   39.117    0.0045      Blnd                1860.00A   39.907    0.0277
Ca A                2.56361m   38.692    0.0017      He 1                1.27905m   38.802    0.0022      Blnd                4725.00A   40.295    0.0677
Ca A                2.52538m   38.607    0.0014      He 1                1.09171m   38.543    0.0012      Blnd                2860.00A   39.624    0.0145
Ca A                2.49455m   38.528    0.0012      He 1                1.90894m   38.570    0.0013      Blnd                7250.00A   39.056    0.0039
Ca A                12.3684m   39.464    0.0100      He 1                4.03664m   38.532    0.0012      Blnd                2335.00A   40.034    0.0371
Ca A                7.50038m   39.312    0.0070      He 1                4.04791m   38.856    0.0025      Blnd                1888.00A   41.395    0.8532
Ca A                5.90655m   39.160    0.0050      He 1                2.62338m   38.573    0.0013      Blnd                1397.00A   40.974    0.3234
Ca A                5.12722m   39.022    0.0036      Ca B                2945.10A   39.941    0.0300      Blnd                2424.00A   40.821    0.2272
Ca A                4.67119m   38.896    0.0027      Ca B                3187.74A   40.256    0.0619      Blnd                4720.00A   39.148    0.0048
Ca A                4.37522m   38.781    0.0021      Ca B                3613.64A   39.332    0.0074      Blnd                895.000A   38.899    0.0027
Ca A                4.16962m   38.676    0.0016      Ca B                3888.63A   40.644    0.1512      Blnd                774.000A   39.151    0.0049
Ca A                4.01974m   38.578    0.0013      Ca B                3964.73A   39.640    0.0150      Blnd                5525.00A   39.231    0.0058
Ca A                3.90645m   38.488    0.0011      Ca B                4026.20A   39.906    0.0276      Blnd                7306.00A   38.927    0.0029
Ca A                19.0565m   39.099    0.0043      Ca B                4120.82A   38.964    0.0032      Blnd                3933.00A   39.064    0.0040
Ca A                11.3055m   38.973    0.0032      Ca B                4387.93A   39.326    0.0073      Blnd                2326.00A   40.349    0.0768
Ca A                8.75760m   38.841    0.0024      Ca B                4437.55A   38.558    0.0012      Blnd                1335.00A   39.999    0.0342
Ca A                7.50599m   38.717    0.0018      Ca B                4471.49A   40.219    0.0569      C 2R                1335.00A   39.563    0.0126
Ca A                6.77008m   38.603    0.0014      Ca B                4713.03A   39.367    0.0080      Blnd                977.000A   41.267    0.6347
Ca A                6.29014m   38.498    0.0011      Ca B                4921.93A   39.647    0.0152      C 3R                977.000A   39.415    0.0089
Ca A                27.7955m   38.777    0.0021      Ca B                5015.68A   40.032    0.0370      Blnd                1909.00A   41.809    2.2134
Ca A                16.2045m   38.673    0.0016      Ca B                5047.64A   38.932    0.0029      C 3R                1909.00A   39.256    0.0062
Ca A                12.3837m   38.556    0.0012      Ca B                5875.64A   40.637    0.1488      Blnd                1176.00A   39.259    0.0062
Ca A                38.8589m   38.489    0.0011      Ca B                6678.15A   40.087    0.0420      C 3R                1175.00A   39.054    0.0039
Ca B                3970.07A   40.812    0.2226      Ca B                7065.22A   40.001    0.0344      Blnd                1549.00A   42.171    5.0875
Ca B                3889.05A   40.631    0.1469      Ca B                7281.35A   39.478    0.0103      C 4R                1549.00A   38.883    0.0026
Ca B                3835.38A   40.474    0.1022      Ca B                9463.57A   38.683    0.0017      Blnd                5199.00A   38.657    0.0016
Ca B                3797.89A   40.333    0.0740      Ca B                1.08303m   40.930    0.2927      Blnd                5755.00A   38.856    0.0025
Ca B                3770.63A   40.207    0.0553      Ca B                1.19692m   38.910    0.0028      Blnd                1085.00A   38.871    0.0026
Ca B                3750.15A   40.092    0.0425      Ca B                1.25274m   38.762    0.0020      N 2R                1085.00A   38.698    0.0017
Ca B                3734.36A   39.987    0.0333      Ca B                1.27849m   39.362    0.0079      Blnd                2141.00A   39.266    0.0063
Ca B                3721.93A   39.890    0.0266      Ca B                1.27905m   38.885    0.0026      Blnd                1750.00A   40.775    0.2044
Ca B                3711.97A   39.799    0.0216      Ca B                1.70027m   39.069    0.0040      Blnd                990.000A   40.296    0.0679
Ca B                3703.85A   39.715    0.0178      Ca B                1.86854m   39.718    0.0179      N 3R                990.000A   39.652    0.0154
Ca B                3697.15A   39.636    0.0148      Ca B                1.86972m   39.242    0.0060      Blnd                765.000A   40.497    0.1079
Ca B                3691.55A   39.561    0.0125      Ca B                1.90894m   38.612    0.0014      Blnd                1486.00A   41.165    0.5021
Ca B                3686.83A   39.491    0.0106      Ca B                1.95430m   38.527    0.0012      Blnd                1240.00A   40.912    0.2804
Ca B                3682.80A   39.424    0.0091      Ca B                2.05813m   40.067    0.0401      Blnd                6300.00A   39.439    0.0094
Ca B                3679.35A   39.361    0.0079      Ca B                2.11180m   38.551    0.0012      Blnd                2471.00A   39.457    0.0098
Ca B                3676.36A   39.300    0.0069      C  5                40.2678A   38.821    0.0023      Blnd                3726.00A   40.689    0.1679
Ca B                3673.75A   39.243    0.0060      C  5                41.4721A   39.479    0.0104      Blnd                3729.00A   40.863    0.2503
Ca B                3671.47A   39.188    0.0053      C  5                31.9011A   38.474    0.0010      Blnd                7323.00A   39.289    0.0067
Ca B                9545.93A   40.137    0.0471      N  6                29.5343A   38.597    0.0014      Blnd                7332.00A   39.208    0.0055
Ca B                9228.97A   39.981    0.0329      O  7                22.1012A   38.901    0.0027      Blnd                833.000A   38.906    0.0028
Ca B                9014.87A   39.841    0.0238      Pho+                3889.00A   41.205    0.5501      O 2R                3726.00A   38.620    0.0014
Ca B                8862.74A   39.716    0.0179      extra Lyman....................................      O 2R                3729.00A   38.792    0.0021
Ca B                8750.43A   39.601    0.0137      database lines.................................      Blnd                3727.00A   41.090    0.4224
Ca B                8664.98A   39.497    0.0108      Al 3                1854.72A   39.729    0.0184      Blnd                7325.00A   39.551    0.0122
Ca B                8598.35A   39.400    0.0086      Al 3                1862.79A   39.434    0.0093      Blnd                1666.00A   41.313    0.7059
Ca B                8545.34A   39.309    0.0070      Al 6                2428.39A   38.954    0.0031      Blnd                5007.00A   42.474   10.2398
Ca B                8502.44A   39.225    0.0058      Al 6                3.65932m   39.569    0.0127      Blnd                4363.00A   40.813    0.2232
Ca B                8467.21A   39.146    0.0048      Al 6                9.11329m   38.522    0.0011      Blnd                835.000A   40.702    0.1729
Ca B                8437.91A   39.071    0.0040      Ar 3                3109.18A   38.766    0.0020      O 3R                835.000A   39.435    0.0093
Ca B                8413.28A   39.001    0.0034      Ar 3                7135.79A   40.044    0.0380      Blnd                1402.00A   41.051    0.3859
Ca B                8392.35A   38.934    0.0030      Ar 3                7751.11A   39.420    0.0090      Blnd                789.000A   40.709    0.1759
Ca B                8374.43A   38.871    0.0026      Ar 3                8.98898m   39.717    0.0179      O 4R                789.000A   39.867    0.0253
Ca B                8358.96A   38.811    0.0022      Ar 3                21.8253m   38.568    0.0013      Blnd                630.000A   40.366    0.0797
Ca B                8345.51A   38.753    0.0019      Ar 4                2853.66A   39.464    0.0100      O 5R                630.000A   38.806    0.0022
Ca B                8333.74A   38.698    0.0017      Ar 4                2868.22A   39.114    0.0045      Blnd                1218.00A   41.092    0.4246
Ca B                1.81740m   39.649    0.0153      Ar 4                4711.26A   40.054    0.0388      Blnd                1035.00A   41.126    0.4588

                                                    Emergent line intensities
general properties.............................      He 2                1.28124m   38.663    0.0016      Ca 2                7323.89A   38.531    0.0012
continua.......................................      He 2                8701.09A   38.550    0.0012      Ca 2                7291.47A   38.703    0.0017
FIR                 83.0000m   42.667   15.9641      He 2                4.76203m   38.676    0.0016      Ca 2                3968.47A   38.591    0.0013
TIR                 1800.00m   39.752    0.0194      He 2                2.82513m   38.582    0.0013      Ca 2                3933.66A   38.885    0.0026
NIRa                2.85000m   43.771  202.9329      He 2                2.18843m   38.465    0.0010      Ca 5                4.15739m   39.290    0.0067
NIRb                3.00000m   43.365   79.6507      He-like iso-sequence...........................      Ca 5                5309.11A   39.423    0.0091
MIRa                15.0000m   43.419   90.0973      He 1                1.08303m   40.892    0.2676      Ca 5                6086.37A   38.711    0.0018
MIRb                22.5000m   43.495  107.3179      He 1                3888.63A   40.646    0.1519      Ca 5                2412.87A   38.509    0.0011
NMIR                21.7500m   43.771  202.9329      He 1                3187.74A   40.264    0.0631      Ca 8                2.32117m   38.734    0.0019
TFIR                611.250m   40.412    0.0888      He 1                2945.10A   39.952    0.0307      Cl 3                5537.87A   38.853    0.0024
TALL                10000.0A   44.198  542.2747      He 1                2829.08A   39.697    0.0171      Cl 3                5517.71A   38.995    0.0034
F12                 12.0000m   42.980   32.8309      He 1                2760.44A   38.952    0.0031      Cl 4                20.3197m   39.051    0.0039
F25                 25.0000m   42.766   20.0382      He 1                2721.00A   38.803    0.0022      Cl 4                11.7629m   38.977    0.0033
F60                 60.0000m   42.602   13.7356      He 1                2694.61A   38.670    0.0016      Cl 4                7530.54A   38.842    0.0024
F100                100.000m   41.725    1.8220      He 1                2676.05A   38.549    0.0012      Cl 4                8045.62A   39.206    0.0055
MIPS                24.0000m   42.480   10.3805      He 1                5015.68A   38.683    0.0017      Fe10                6374.54A   38.523    0.0011
MIPS                70.0000m   42.010    3.5132      He 1                7065.22A   39.972    0.0322      Fe 4                3095.77A   40.843    0.2394
MIPS                160.000m   39.908    0.0278      He 1                5875.64A   40.569    0.1274      Fe 4                3094.96A   40.658    0.1562
IRAC                3.60000m   42.579   13.0297      He 1                4713.03A   39.330    0.0073      Fe 4                3094.53A   40.516    0.1126
IRAC                4.50000m   42.614   14.1348      He 1                4471.49A   40.182    0.0523      Fe 4                2835.74A   40.819    0.2266
IRAC                5.80000m   42.648   15.2587      He 1                4120.82A   38.924    0.0029      Fe 4                2829.36A   40.472    0.1018
IRAC                8.00000m   42.804   21.8785      He 1                4026.20A   39.874    0.0257      Fe 4                2823.50A   40.305    0.0693
SPR1                250.000m   39.529    0.0116      He 1                3867.48A   38.631    0.0015      Fe 4                2577.92A   38.984    0.0033
SPR2                350.000m   39.412    0.0089      He 1                3819.61A   39.622    0.0144      Fe 4                2.83562m   39.462    0.0099
SPR3                500.000m   39.357    0.0078      He 1                3704.76A   39.577    0.0130      Fe 4                2.80554m   38.851    0.0024
PAC1                70.0000m   42.068    4.0152      He 1                3634.08A   39.418    0.0090      Fe 4                2.86447m   39.055    0.0039
PAC2                100.000m   41.702    1.7283      He 1                3587.16A   39.277    0.0065      Fe 4                2567.61A   39.849    0.0242
PAC3                160.000m   40.052    0.0387      He 1                3554.34A   39.151    0.0049      Fe 4                2.71569m   38.732    0.0019
PAH                 3.30000m   41.722    1.8095      He 1                3530.43A   39.035    0.0037      Fe 4                2567.40A   39.075    0.0041
PAHC                3.23000m   41.438    0.9409      He 1                3512.47A   38.931    0.0029      Fe 4                2.77325m   38.503    0.0011
PAHC                3.37000m   41.414    0.8912      He 1                3498.61A   38.835    0.0023      Fe 4                6739.82A   39.276    0.0065
PAH                 6.20000m   42.164    5.0064      He 1                3487.70A   38.746    0.0019      Fe 4                6761.38A   38.775    0.0020
PAHC                5.65000m   42.203    5.4877      He 1                3478.94A   38.664    0.0016      Fe 4                6734.42A   38.570    0.0013
PAH                 7.90000m   42.356    7.7904      He 1                3471.80A   38.587    0.0013      Fe 4                5233.76A   38.745    0.0019
PAHC                6.90000m   42.415    8.9243      He 1                3465.91A   38.516    0.0011      Fe 4                4906.56A   39.391    0.0084
PAH                 11.3000m   41.763    1.9888      He 1                3439.99A   39.047    0.0038      Fe 4                4917.98A   38.882    0.0026
PAHC                10.9000m   41.785    2.0917      He 1                7281.35A   39.265    0.0063      Fe 4                7222.76A   38.908    0.0028
PAH                 11.8000m   41.978    3.2666      He 1                6678.15A   40.011    0.0352      Fe 4                4899.97A   38.942    0.0030
PAHC                12.6500m   41.946    3.0361      He 1                5047.64A   38.819    0.0023      Fe 4                4903.07A   38.962    0.0031
PAH                 13.3000m   41.979    3.2698      He 1                4921.93A   39.604    0.0138      Fe 4                7183.99A   38.613    0.0014
PAHC                14.1000m   41.960    3.1346      He 1                4437.55A   38.490    0.0011      Fe 4                4868.16A   38.772    0.0020
Bcon                3640.00A   43.840  237.7796      He 1                4387.93A   39.295    0.0068      Fe 4                7191.23A   38.524    0.0011
Pcon                5000.00A   43.283   65.9522      He 1                4143.76A   39.047    0.0038      Fe 4                4867.95A   38.650    0.0015
O3bn                5007.00A   42.394    8.5169      He 1                4009.05A   38.940    0.0030      Fe 4                4206.59A   38.602    0.0014
SX                  25.0000A   42.366    7.9786      He 1                3926.41A   38.779    0.0021      Fe 4                4208.88A   38.569    0.0013
HX                  4.70000A   42.301    6.8719      He 1                3871.69A   38.637    0.0015      Fe 5                70.3538m   39.297    0.0068
RRC............................................      He 1                3833.48A   38.510    0.0011      Fe 5                36.3273m   39.338    0.0075
grains.........................................      He 1                4.29459m   38.657    0.0016      Fe 5                25.9131m   39.273    0.0064
H-like iso-sequence............................      He 1                1.25274m   38.770    0.0020      Fe 5                20.8407m   39.078    0.0041
H  1                1215.67A   43.114   44.6971      He 1                9463.57A   38.694    0.0017      Fe 5                4180.59A   39.135    0.0047
H  1                1025.72A   42.338    7.4807      He 1                8361.73A   38.520    0.0011      Fe 5                4143.15A   39.447    0.0096
H  1                972.537A   41.899    2.7230      He 1                2.11180m   38.513    0.0011      Fe 5                4227.19A   40.156    0.0492
H  1                949.743A   41.586    1.3229      He 1                1.70027m   39.032    0.0037      Fe 5                4071.24A   39.380    0.0082
H  1                937.804A   41.308    0.6981      He 1                1.19692m   38.878    0.0026      Fe 5                3895.22A   39.081    0.0041
H  1                930.748A   41.100    0.4328      He 1                1.03113m   38.682    0.0017      Fe 5                3851.34A   38.868    0.0025
H  1                926.226A   40.922    0.2869      He 1                9515.06A   38.690    0.0017      Fe 5                3794.94A   39.458    0.0099
H  1                923.150A   40.765    0.1998      He 1                9062.39A   38.546    0.0012      Fe 5                3755.70A   39.176    0.0052
H  1                920.963A   40.624    0.1446      He 1                1.95430m   38.535    0.0012      Fe 5                3911.33A   38.598    0.0014
H  1                919.351A   40.759    0.1970      He 1                1.86854m   39.594    0.0135      Fe 5                3839.27A   39.466    0.0100
H  1                918.129A   40.654    0.1548      He 1                1.27849m   39.279    0.0065      Fe 5                3783.22A   39.055    0.0039
H  1                917.181A   40.558    0.1241      He 1                1.09130m   39.020    0.0036      Fe 5                3891.28A   39.244    0.0060
H  1                916.429A   40.469    0.1012      He 1                1.00275m   38.761    0.0020      Fe 5                3819.95A   38.573    0.0013
H  1                915.824A   40.387    0.0837      He 1                9526.01A   38.592    0.0013      Fe 5                3445.62A   38.798    0.0022
H  1                915.329A   40.311    0.0703      He 1                1.86972m   39.117    0.0045      Fe 5                3463.51A   38.813    0.0022
H  1                914.919A   40.240    0.0597      He 1                1.27905m   38.802    0.0022      Fe 5                2828.24A   39.004    0.0035
H  1                914.576A   40.175    0.0514      He 1                1.09171m   38.542    0.0012      Fe 5                2780.40A   38.471    0.0010
H  1                914.286A   40.116    0.0449      He 1                1.90894m   38.570    0.0013      Fe 5                2750.88A   38.660    0.0016
H  1                914.039A   40.063    0.0397      He 1                4.03664m   38.532    0.0012      Fe 5                2730.21A   38.750    0.0019
H  1                913.826A   40.018    0.0358      He 1                4.04791m   38.856    0.0025      Fe 5                2717.82A   38.744    0.0019
H  1                913.641A   39.984    0.0331      He 1                2.62338m   38.573    0.0013      Fe 5                2707.36A   38.795    0.0021
H  1                913.480A   39.971    0.0321      O  7                22.1012A   38.557    0.0012      Fe 6                19.5527m   39.977    0.0325
H  1                913.339A   40.009    0.0351      extra Lyman....................................      Fe 6                5335.19A   39.628    0.0146
H  1                913.215A   40.787    0.2102      database lines.................................      Fe 6                5277.81A   39.111    0.0044
H  1                6562.81A   41.885    2.6344      Al 3                1854.72A   39.729    0.0184      Fe 6                3813.55A   38.824    0.0023
H  1                4861.33A   41.464    1.0000      Al 3                1862.79A   39.434    0.0093      Fe 6                3492.10A   39.114    0.0045
H  1                4340.46A   41.153    0.4887      Al 6                2428.39A   38.954    0.0031      Fe 6                2145.08A   38.965    0.0032
H  1                4101.73A   40.884    0.2627      Al 6                3.65932m   39.569    0.0127      Fe 6                14.7670m   39.823    0.0228
H  1                3970.07A   40.677    0.1633      Al 6                9.11329m   38.522    0.0011      Fe 6                5484.85A   39.374    0.0081
H  1                3889.05A   40.500    0.1086      Ar 3                3109.18A   38.766    0.0020      Fe 6                5424.23A   39.442    0.0095
H  1                3835.38A   40.345    0.0760      Ar 3                7135.79A   40.044    0.0380      Fe 6                5234.29A   38.677    0.0016
H  1                3797.89A   40.207    0.0553      Ar 3                7751.11A   39.420    0.0090      Fe 6                4972.48A   39.929    0.0291
H  1                3770.63A   40.195    0.0539      Ar 3                8.98898m   39.717    0.0179      Fe 6                3889.41A   39.027    0.0037
H  1                3750.15A   40.091    0.0424      Ar 3                21.8253m   38.568    0.0013      Fe 6                3555.61A   39.423    0.0091
H  1                3734.36A   39.995    0.0340      Ar 4                2853.66A   39.464    0.0100      Fe 6                3573.86A   38.560    0.0012
H  1                3721.93A   39.906    0.0277      Ar 4                2868.22A   39.114    0.0045      Fe 6                12.3074m   39.557    0.0124
H  1                3711.97A   39.824    0.0229      Ar 4                4711.26A   40.053    0.0388      Fe 6                5631.08A   39.462    0.0100
H  1                3703.85A   39.748    0.0192      Ar 4                4740.12A   39.925    0.0289      Fe 6                5426.65A   39.210    0.0056
H  1                3697.15A   39.678    0.0164      Ar 4                7170.70A   38.615    0.0014      Fe 6                5145.76A   39.945    0.0302
H  1                3691.55A   39.612    0.0141      Ar 4                7237.77A   38.479    0.0010      Fe 6                4967.15A   39.554    0.0123
H  1                3686.83A   39.553    0.0123      Ar 4                7263.33A   38.555    0.0012      Fe 6                3662.50A   39.440    0.0095
H  1                3682.80A   39.500    0.0109      Ar 5                2691.05A   38.538    0.0012      Fe 6                5676.96A   39.540    0.0119
H  1                3679.35A   39.454    0.0098      Ar 5                6435.12A   39.125    0.0046      Fe 6                5370.30A   38.686    0.0017
H  1                3676.36A   39.420    0.0090      Ar 5                7005.83A   39.456    0.0098      Fe 6                5176.05A   39.925    0.0289
H  1                3673.75A   39.407    0.0088      Ar 5                7.89971m   39.535    0.0118      Fe 6                2260.89A   38.705    0.0017
H  1                3671.47A   39.445    0.0096      Ar 5                13.0985m   39.718    0.0180      Fe 6                1.28877m   38.901    0.0027
H  1                3669.46A   40.222    0.0573      Ar 6                4.52800m   39.595    0.0135      Fe 6                1.23303m   39.102    0.0043
H  1                1.87510m   40.989    0.3347      C  2                1037.02A   38.598    0.0014      Fe 6                3846.95A   38.857    0.0025
H  1                1.28180m   40.710    0.1762      C  2                1334.53A   39.509    0.0111      Fe 6                3905.01A   38.505    0.0011
H  1                1.09380m   40.455    0.0979      C  2                1335.66A   39.099    0.0043      Fe 6                1944.30A   38.534    0.0012
H  1                1.00493m   40.250    0.0611      C  2                1335.71A   39.262    0.0063      Fe 6                1.34929m   39.297    0.0068
H  1                9545.93A   40.073    0.0407      C  2                2323.50A   39.138    0.0047      Fe 6                1.26742m   38.851    0.0024
H  1                9228.97A   39.918    0.0285      C  2                2324.69A   39.482    0.0104      Fe 6                4014.57A   38.474    0.0010
H  1                9014.87A   39.780    0.0207      C  2                2325.40A   39.792    0.0213      Fe 6                1984.42A   38.509    0.0011
H  1                8862.74A   39.680    0.0164      C  2                2326.93A   39.920    0.0286      Mg 2                2802.71A   40.683    0.1655
H  1                8750.43A   39.576    0.0129      C  2                2328.12A   39.535    0.0118      Mg 2                2795.53A   40.982    0.3296
H  1                8664.98A   39.481    0.0104      C  2                157.636m   39.673    0.0162      Mg 2                2936.51A   38.499    0.0011
H  1                8598.35A   39.392    0.0085      C  3                1908.73A   41.403    0.8681      Mg 2                2798.00A   38.758    0.0020
H  1                8545.34A   39.310    0.0070      C  3                1906.68A   41.591    1.3392      Mg 2                2790.78A   38.505    0.0011
H  1                8502.44A   39.234    0.0059      C  3                977.020A   41.260    0.6257      Mg 4                4.48712m   39.660    0.0157
H  1                8467.21A   39.164    0.0050      C  3                2296.87A   38.743    0.0019      Mg 5                5.60700m   39.962    0.0314
H  1                8437.91A   39.099    0.0043      Ca 4                3.20610m   39.823    0.0228      Mg 5                2782.76A   40.133    0.0466
H  1                8413.28A   39.039    0.0038      Fe 2                25.9811m   39.182    0.0052      Mg 5                13.5464m   38.870    0.0025
H  1                8392.35A   38.986    0.0033      Fe 2                5.33881m   39.766    0.0200      Mg 5                2928.09A   39.567    0.0127
H  1                8374.43A   38.941    0.0030      Fe 2                1.25668m   39.734    0.0186      Mg 5                1324.43A   38.639    0.0015
H  1                8358.96A   38.907    0.0028      Fe 2                2599.40A   39.612    0.0141      Mg 6                1806.00A   39.621    0.0144
H  1                8345.51A   38.893    0.0027      Fe 2                2585.88A   38.491    0.0011      Mg 6                1806.43A   39.722    0.0181
H  1                8333.74A   38.931    0.0029      Fe 2                2382.04A   39.685    0.0166      Mg 6                1190.12A   38.691    0.0017
H  1                8323.38A   39.709    0.0176      Fe 2                2343.50A   38.986    0.0033      Mg 7                9.00655m   39.462    0.0100
H  1                4.05113m   40.336    0.0745      Fe 2                35.3394m   38.549    0.0012      Mg 7                5.50177m   39.359    0.0078
H  1                2.62513m   40.122    0.0455      Fe 2                1.32055m   39.157    0.0049      Mg 7                2508.99A   38.773    0.0020
H  1                2.16551m   39.926    0.0290      Fe 2                2625.67A   39.039    0.0038      Mg 7                2628.89A   39.177    0.0052
H  1                1.94454m   39.753    0.0194      Fe 2                2611.87A   38.894    0.0027      Mg 8                3.02765m   38.826    0.0023
H  1                1.81740m   39.599    0.0136      Fe 2                2395.63A   38.873    0.0026      N  2                205.244m   39.152    0.0049
H  1                1.73620m   39.461    0.0099      Fe 2                2364.83A   38.783    0.0021      N  2                121.767m   39.060    0.0039
H  1                1.68064m   39.311    0.0070      Fe 2                1.37182m   38.933    0.0029      N  2                6548.05A   39.921    0.0286
H  1                1.64071m   39.207    0.0055      Fe 2                2631.32A   38.579    0.0013      N  2                6583.45A   40.390    0.0844
H  1                1.61092m   39.112    0.0044      Fe 2                2380.76A   38.505    0.0011      N  2                5754.61A   38.852    0.0024
H  1                1.58804m   39.024    0.0036      Fe 2                17.9314m   38.737    0.0019      N  2                2139.01A   38.727    0.0018
H  1                1.57006m   38.942    0.0030      Fe 2                1.64355m   39.662    0.0158      N  2                2142.78A   39.118    0.0045
H  1                1.55563m   38.866    0.0025      Fe 2                8616.95A   38.834    0.0023      N  3                57.3238m   40.587    0.1327
H  1                1.54388m   38.796    0.0021      Fe 2                5158.78A   38.689    0.0017      N  3                1748.65A   39.864    0.0251
H  1                1.53417m   38.731    0.0018      Fe 2                1.80939m   38.959    0.0031      N  3                1753.99A   39.879    0.0260
H  1                1.52604m   38.672    0.0016      Fe 3                22.9190m   39.465    0.0100      N  3                1746.82A   39.451    0.0097
H  1                1.51917m   38.619    0.0014      Fe 3                4881.12A   38.990    0.0034      N  3                1752.16A   40.291    0.0671
H  1                1.51331m   38.574    0.0013      Fe 3                4658.01A   39.686    0.0167      N  3                1749.67A   40.348    0.0765
H  1                1.50827m   38.540    0.0012      Fe 3                33.0270m   38.909    0.0028      N  3                989.799A   39.936    0.0297
H  1                1.50389m   38.526    0.0012      Fe 3                5270.40A   39.547    0.0121      N  3                991.511A   39.526    0.0115
H  1                1.50008m   38.564    0.0013      Fe 3                4754.64A   38.948    0.0030      N  3                991.577A   39.515    0.0113
H  1                1.49672m   39.342    0.0075      Fe 3                4701.62A   39.203    0.0055      N  4                1486.50A   40.765    0.2002
H  1                7.45777m   39.805    0.0219      Fe 3                5011.16A   38.776    0.0020      N  4                1483.32A   40.944    0.3019
H  1                4.65247m   39.647    0.0152      Fe 3                4769.52A   38.728    0.0018      Na 3                7.31706m   39.087    0.0042
H  1                3.73951m   39.485    0.0105      Fe 3                4733.84A   38.612    0.0014      Na 4                9.03098m   38.558    0.0012
H  1                3.29607m   39.335    0.0074      Fe 3                5411.98A   38.503    0.0011      Na 4                3241.51A   38.891    0.0027
H  1                3.03835m   39.200    0.0054      Fe 7                9.50763m   40.108    0.0440      Na 5                2067.25A   38.841    0.0024
H  1                2.87219m   39.022    0.0036      Fe 7                5720.71A   39.928    0.0291      Na 5                2069.09A   38.925    0.0029
H  1                2.75749m   38.919    0.0029      Fe 7                4988.55A   39.738    0.0188      Na 6                14.3228m   38.594    0.0013
H  1                2.67438m   38.824    0.0023      Fe 7                4893.37A   39.484    0.0105      Na 6                2971.08A   38.513    0.0011
H  1                2.61191m   38.737    0.0019      Fe 7                4698.24A   38.614    0.0014      Ne 4                2421.66A   40.432    0.0929
H  1                2.56361m   38.655    0.0016      Fe 7                7.81037m   39.584    0.0132      Ne 4                2424.28A   40.592    0.1343
H  1                2.52538m   38.580    0.0013      Fe 7                6086.97A   40.103    0.0435      Ne 4                1601.61A   39.223    0.0057
H  1                2.49455m   38.509    0.0011      Fe 7                5158.89A   39.617    0.0142      Ne 4                4725.58A   38.624    0.0014
H  1                2.37371m   39.056    0.0039      Fe 7                4942.48A   39.216    0.0057      Ne 4                1601.45A   39.600    0.0137
H  1                12.3684m   39.364    0.0079      Fe 7                3586.32A   39.874    0.0257      Ne 4                4724.17A   38.657    0.0016
H  1                7.50038m   39.241    0.0060      Fe 7                5276.38A   39.051    0.0039      Ne 4                4714.23A   38.615    0.0014
H  1                5.90655m   39.104    0.0044      Fe 7                3758.92A   40.028    0.0366      Ne 5                24.2065m   40.643    0.1511
H  1                5.12722m   38.974    0.0032      Fe 7                3.38363m   38.740    0.0019      Ne 5                14.3228m   40.554    0.1229
H  1                4.67119m   38.783    0.0021      Fe 7                2.62872m   38.896    0.0027      Ne 5                3345.99A   40.283    0.0660
H  1                4.37522m   38.682    0.0017      Fe 7                2015.36A   38.545    0.0012      Ne 5                3426.03A   40.731    0.1847
H  1                4.16962m   38.588    0.0013      K  3                4.61683m   38.663    0.0016      Ne 5                1574.76A   39.346    0.0076
H  1                4.01974m   38.501    0.0011      K  4                5.98030m   38.565    0.0013      Ne 5                2973.20A   38.921    0.0029
H  1                3.48198m   38.821    0.0023      Mg 1                2852.13A   39.263    0.0063      Ne 5                1136.51A   39.261    0.0063
H  1                19.0565m   38.985    0.0033      Mg 1                4562.60A   39.178    0.0052      Ne 5                1145.60A   39.714    0.0178
H  1                11.3055m   38.886    0.0026      Mg 1                4571.10A   38.747    0.0019      Ne 6                7.64318m   40.440    0.0945
H  1                8.75760m   38.769    0.0020      N  5                1238.82A   40.734    0.1862      Ne 6                997.031A   38.701    0.0017
H  1                7.50599m   38.579    0.0013      N  5                1242.80A   40.438    0.0942      Ne 6                1010.21A   38.649    0.0015
H  1                6.77008m   38.479    0.0010      Ne 2                12.8101m   38.732    0.0019      Ne 6                1005.69A   39.088    0.0042
H  1                4.84633m   38.623    0.0014      Ne 3                15.5509m   40.737    0.1874      Ne 6                999.183A   39.056    0.0039
H  1                27.7955m   38.651    0.0015      Ne 3                3868.76A   41.187    0.5283      Ni 2                1.19102m   39.183    0.0052
H  1                16.2045m   38.572    0.0013      Ne 3                36.0036m   39.692    0.0169      Ni 2                7377.83A   38.489    0.0011
He 2                303.784A   39.069    0.0040      Ne 3                3967.47A   40.669    0.1603      O  4                25.8832m   41.054    0.3893
He 2                256.317A   39.421    0.0091      Ne 3                1814.56A   39.526    0.0115      O  4                1399.77A   40.163    0.0500
He 2                243.027A   39.247    0.0061      Ne 3                3342.18A   39.044    0.0038      O  4                1407.38A   40.153    0.0488
He 2                237.331A   39.036    0.0037      O  1                6300.30A   39.318    0.0071      O  4                1397.20A   39.710    0.0176
He 2                234.347A   38.843    0.0024      O  1                6363.78A   38.823    0.0023      O  4                1404.78A   40.596    0.1354
He 2                232.584A   38.675    0.0016      O  1                63.1679m   38.555    0.0012      O  4                1401.16A   40.591    0.1340
He 2                231.454A   38.512    0.0011      O  2                2470.22A   38.763    0.0020      O  6                1037.62A   40.654    0.1550
He 2                229.736A   38.521    0.0011      O  2                2470.34A   39.335    0.0074      O  6                1031.91A   40.947    0.3039
He 2                228.203A   38.638    0.0015      O  2                7318.92A   38.680    0.0016      S  4                10.5076m   41.284    0.6607
He 2                1640.43A   41.458    0.9866      O  2                7319.99A   39.142    0.0048      S  4                1404.81A   39.510    0.0111
He 2                1215.13A   41.026    0.3649      O  2                7329.67A   38.903    0.0027      S  4                1423.84A   39.373    0.0081
He 2                1084.94A   40.706    0.1745      O  2                7330.73A   38.873    0.0026      S  4                1398.04A   38.660    0.0016
He 2                1025.27A   40.454    0.0977      O  2                3728.81A   40.863    0.2503      S  4                1416.89A   39.968    0.0319
He 2                992.360A   40.247    0.0606      O  2                3726.03A   40.689    0.1679      S  4                1406.02A   40.030    0.0368
He 2                972.108A   40.070    0.0404      O  3                88.3323m   41.445    0.9561      S  4                1062.66A   39.730    0.0185
He 2                958.694A   39.916    0.0283      O  3                51.8004m   41.223    0.5734      S  4                1073.52A   39.203    0.0055
He 2                949.324A   39.779    0.0207      O  3                4958.91A   41.874    2.5703      S  4                1072.97A   39.756    0.0196
He 2                942.508A   39.857    0.0247      O  3                5006.84A   42.349    7.6686      S  5                1199.14A   38.804    0.0022
He 2                937.389A   39.759    0.0197      O  3                2320.95A   40.213    0.0561      S  5                1188.28A   38.942    0.0030
He 2                933.444A   39.669    0.0160      O  3                4363.21A   40.813    0.2231      S  6                944.524A   39.429    0.0092
He 2                930.337A   39.586    0.0132      O  3                1660.81A   40.719    0.1797      S  6                933.380A   39.705    0.0174
He 2                927.846A   39.508    0.0111      O  3                1666.15A   41.185    0.5263      S  8                9914.00A   38.929    0.0029
He 2                925.817A   39.436    0.0094      O  5                1218.34A   40.696    0.1708      Si 6                1.96247m   39.865    0.0252
He 2                924.142A   39.370    0.0080      O  5                1213.81A   40.869    0.2538      Si 8                1445.74A   38.646    0.0015
He 2                922.743A   39.308    0.0070      P  2                1.18828m   38.808    0.0022      Si 8                1440.51A   38.800    0.0022
He 2                921.562A   39.252    0.0061      P  3                17.8797m   38.583    0.0013      level 1 lines..................................
He 2                920.556A   39.203    0.0055      P  4                950.657A   38.603    0.0014      recombination..................................
He 2                919.693A   39.161    0.0050      S  2                6730.82A   40.088    0.0421      level2 lines...................................
He 2                918.945A   39.130    0.0046      S  2                6716.44A   40.245    0.0603      hyperfine structure............................
He 2                918.295A   39.121    0.0045      S  2                4076.35A   38.725    0.0018      inner shell....................................
He 2                917.724A   39.163    0.0050      S  2                4068.60A   39.216    0.0056      molecules......................................
He 2                917.221A   39.952    0.0307      S  2                1.03364m   38.587    0.0013      blends.........................................
He 2                4685.64A   40.633    0.1476      S  2                1.02867m   38.590    0.0013      Blnd                2798.00A   41.159    0.4951
He 2                3203.04A   40.334    0.0742      S  2                1.03205m   38.723    0.0018      Blnd                6720.00A   40.475    0.1024
He 2                2733.24A   40.082    0.0415      S  3                33.4704m   40.733    0.1857      Blnd                4074.00A   39.337    0.0075
He 2                2511.15A   39.872    0.0256      S  3                18.7078m   40.551    0.1222      Blnd                1.03300m   39.229    0.0058
He 2                2385.35A   39.692    0.0169      S  3                9068.62A   40.677    0.1632      Blnd                1256.00A   38.489    0.0011
He 2                2306.15A   39.536    0.0118      S  3                9530.62A   41.077    0.4099      Blnd                1198.00A   39.734    0.0186
He 2                2252.64A   39.398    0.0086      S  3                3721.63A   39.675    0.0162      Blnd                1720.00A   39.983    0.0331
He 2                2214.62A   39.342    0.0075      S  3                6312.06A   39.948    0.0305      Blnd                3722.00A   39.681    0.0165
He 2                2186.56A   39.244    0.0060      S  3                1713.11A   39.401    0.0086      Blnd                1406.00A   40.416    0.0895
He 2                2165.20A   39.154    0.0049      S  3                1728.94A   39.852    0.0244      Blnd                1199.00A   39.180    0.0052
He 2                2148.55A   39.071    0.0040      S  3                1190.20A   38.964    0.0032      Blnd                2665.00A   40.111    0.0443
He 2                2135.31A   38.994    0.0034      S  3                1194.45A   39.061    0.0040      Blnd                1860.00A   39.907    0.0277
He 2                2124.58A   38.922    0.0029      S  3                1194.06A   39.159    0.0050      Blnd                4725.00A   40.295    0.0677
He 2                2115.78A   38.856    0.0025      S  3                1201.73A   38.568    0.0013      Blnd                2860.00A   39.624    0.0145
He 2                2108.46A   38.795    0.0021      S  3                1200.97A   39.169    0.0051      Blnd                7250.00A   39.056    0.0039
He 2                2102.30A   38.739    0.0019      S  3                1021.11A   38.582    0.0013      Blnd                2335.00A   40.034    0.0371
He 2                2097.07A   38.689    0.0017      S  3                1021.32A   38.623    0.0014      Blnd                1888.00A   41.395    0.8532
He 2                2092.59A   38.647    0.0015      S  3                1077.16A   38.758    0.0020      Blnd                1397.00A   40.974    0.3234
He 2                2088.73A   38.617    0.0014      Si 2                34.8046m   40.181    0.0522      Blnd                2424.00A   40.821    0.2272
He 2                2085.37A   38.607    0.0014      Si 2                2334.41A   39.099    0.0043      Blnd                4720.00A   39.148    0.0048
He 2                2082.42A   38.650    0.0015      Si 2                2328.52A   38.478    0.0010      Blnd                5525.00A   39.231    0.0058
He 2                2079.84A   39.438    0.0094      Si 2                1808.01A   39.486    0.0105      Blnd                7306.00A   38.927    0.0029
He 2                1.01233m   40.008    0.0349      Si 2                1526.71A   38.518    0.0011      Blnd                3933.00A   39.064    0.0040
He 2                6559.91A   39.790    0.0212      Si 2                1260.42A   38.855    0.0025      Blnd                1335.00A   39.999    0.0342
He 2                5411.37A   39.586    0.0133      Si 2                2350.17A   39.223    0.0057      C 2R                1335.00A   39.563    0.0126
He 2                4859.18A   39.408    0.0088      Si 2                2344.20A   39.627    0.0145      Blnd                977.000A   41.267    0.6347
He 2                4541.46A   39.251    0.0061      Si 2                2334.60A   39.524    0.0115      C 3R                977.000A   39.415    0.0089
He 2                4338.55A   39.112    0.0045      Si 2                1817.45A   39.200    0.0054      Blnd                1909.00A   41.809    2.2135
He 2                4199.71A   38.972    0.0032      Si 2                1816.93A   39.756    0.0196      C 3R                1909.00A   39.256    0.0062
He 2                4099.92A   38.875    0.0026      Si 2                1533.43A   39.103    0.0044      Blnd                1176.00A   39.259    0.0062
He 2                4025.48A   38.786    0.0021      Si 2                1309.28A   38.535    0.0012      C 3R                1175.00A   39.054    0.0039
He 2                3968.32A   38.703    0.0017      Si 2                1264.74A   38.478    0.0010      Blnd                1549.00A   42.171    5.0871
He 2                3923.37A   38.626    0.0015      Si 2                1194.50A   38.502    0.0011      C 4R                1549.00A   38.883    0.0026
He 2                3887.33A   38.555    0.0012      Si 3                1892.03A   40.990    0.3361      Blnd                1085.00A   38.871    0.0026
He 2                3857.96A   38.488    0.0011      Si 3                1882.71A   41.178    0.5172      N 2R                1085.00A   38.698    0.0017
He 2                3740.11A   39.071    0.0040      Si 3                1206.50A   40.666    0.1593      Blnd                2141.00A   39.266    0.0063
He 2                1.86362m   39.493    0.0107      Si 4                1393.75A   40.793    0.2134      Blnd                1750.00A   40.775    0.2045
He 2                1.16260m   39.332    0.0074      Si 4                1402.77A   40.505    0.1099      Blnd                990.000A   40.296    0.0679
He 2                9344.62A   39.165    0.0050      Si 7                2146.64A   39.633    0.0147      N 3R                990.000A   39.652    0.0154
He 2                8236.51A   39.012    0.0035      Si 7                2350.02A   38.998    0.0034      Blnd                1486.00A   41.165    0.5021
He 2                7592.50A   38.874    0.0026      Si 7                2.48071m   39.705    0.0174      Blnd                1240.00A   40.912    0.2804
He 2                7177.28A   38.683    0.0017      Si 7                6.51288m   38.537    0.0012      Blnd                6300.00A   39.439    0.0094
He 2                6890.67A   38.587    0.0013      Al 2                2669.15A   39.705    0.0174      Blnd                3726.00A   40.689    0.1679
He 2                6682.98A   38.498    0.0011      Al 2                2660.35A   39.894    0.0269      Blnd                3729.00A   40.863    0.2503
He 2                5931.63A   38.785    0.0021      Al 2                1670.79A   39.822    0.0228      O 2R                3729.00A   38.792    0.0021
He 2                3.09074m   39.056    0.0039      Al 5                2.90450m   38.852    0.0024      Blnd                5007.00A   42.474   10.2398
He 2                1.87427m   38.934    0.0029      C  4                1550.78A   41.695    1.7004      Blnd                1218.00A   41.092    0.4246
He 2                1.47599m   38.795    0.0021      C  4                1548.19A   41.993    3.3815      Blnd                1035.00A   41.126    0.4588



 CIV QSO  
 Cooling:  HFBc                      0 :0.083 H  1c                     0 :0.320 O  3c                     0 :0.186 C  4c                     0 :0.073 HFFc                      0 :0.086  
 Heating:  BFH1                      0 :0.584 BFHe                      0 :0.400  

 These are some of the most important databases used by Cloudy:
 Many recombination coefficients were taken from http://amdpp.phys.strath.ac.uk/tamoc/RR/ and http://amdpp.phys.strath.ac.uk/tamoc/DR/
      and are based on the following papers:
        Badnell N. R., et al., A&A 406, 1151 (2003) [http://adsabs.harvard.edu/abs/2003A%26A...406.1151B]
        Badnell N. R., ApJS 167, 334 (2006) [http://adsabs.harvard.edu/abs/2006ApJS..167..334B]
 Much of the molecular emission data is from LAMDA as accessed on June 30, 2015. This database is described in:
        Schoeier F.L., et al., A&A 432, 369 (2005) [http://adsabs.harvard.edu/abs/2005A%26A...432..369S]
      This database is in part based on the work of the following groups:
        JPL: Pickett H. M. et al., JQSRT, 60, 883 (1998). [http://adsabs.harvard.edu/abs/1998JQSRT..60..883P]
        CDMS: Mueller H. S. et al., A&A 370, L49 (2001). [http://adsabs.harvard.edu/abs/2001A%26A...370L..49M]
              Mueller H. S. et al., J. Mol. Struct. 742, 215 (2005). [http://adsabs.harvard.edu/abs/2005JMoSt.742..215M]
 Some of the ionic emission data is from version 7.1.4 of CHIANTI. CHIANTI is a collaborative project involving the NRL (USA), the
      Universities of Florence (Italy) and Cambridge (UK), and George Mason University (USA). These papers describe Chianti:
        Dere K. P., et al., A&AS, 125, 149 (1997) [http://adsabs.harvard.edu/abs/1997A%26AS..125..149D]
        Landi E., et al., ApJ, 744, 99 (2012) [http://adsabs.harvard.edu/abs/2012ApJ...744...99L]
 Much of the H_2 data is from this web site: http://molat.obspm.fr/index.php?page=pages/Molecules/H2/H2can94.php. These data are
      described in:
        Abgrall H. et al., Can. J. Phys., 72, 856 (1994) [http://adsabs.harvard.edu/abs/1994CaJPh..72..856A]
        Wrathmall S. A. & Flower D. R., J. Phys. B, 40, 3221 (2007) [http://adsabs.harvard.edu/abs/2007JPhB...40.3221W]
 The Case A and Case B recombination predictions for one-electron systems are from
	Storey, P.J. & Hummer, D.G., 1995, MNRAS 272, 41 http://adsabs.harvard.edu/abs/1995MNRAS.272...41S
 The He I recombination predictions are from
	Porter, R. L.; Ferland, G. J.; Storey, P. J.; Detisch, M. J., 2012, MNRAS, 425, 28p http://adsabs.harvard.edu/abs/2012MNRAS.425L..28P
		http://adsabs.harvard.edu/abs/2013MNRAS.433L..89P

 If you find some process or data set to be particularly critical to a result, please follow the trail of references back to the
 original source and cite that.  This will support and encourage atomic, molecular, and chemical physicists to continue their
 valuable work.

 IONIZE PARMET:  U(1-)  0.9745  U(4-): -0.0483  U(sp): -2.14  Q(ion):   51.683  L(ion) 42.902    Q(low): 56.653    L(low) 44.175
 ENERGY BUDGET:  Heat:  43.306  Coolg:  43.306  Error:  0.0%  Rec Lin:  42.730  F-F  H  0.000    P(rad/tot)max     0.00E+00    R(F Con):1.737e+05

     Col(Heff):      3.813E+20  snd travl time  1.94E+17 sec  Te-low: 1.08E+04  Te-hi: 9.83E+04  G0TH85: 1.38E+02  G0DB96:1.30E+02
  Emiss Measure    n(e)n(p) dl       5.061E+19  n(e)n(He+)dl         1.386E+18  En(e)n(He++) dl         3.678E+18  ne nC+:7.30E+12
 He/Ha:1.06E-01  =   1.06*true  Lthin:8.11E+07  itr/zn: 5.49  H2 itr/zn:  0.00  File Opacity: F  MassTot 1.77e+45  (gm)
   Temps(21 cm)   T(21cm/Ly a)  1.78E+03        T(<nH/Tkin>)  1.26E+04          T(<nH/Tspin>)    1.94E+03          TB21cm:3.29E-01
                   N(H0/Tspin)  7.70E+15        N(OH/Tkin)    4.19E+02          B(21cm)          0.00E+00
   <a>:1.98E-12  erdeFe1.9E+25  Tcompt1.69E+13  Tthr6.21E+14  <Tden>: 2.74E+04  <dens>:2.39E-26  <MolWgt>6.28E-01
     Mean Jeans  l(cm)1.30E+23  M(sun)4.27E+09  smallest:     len(cm):6.62E+22  M(sun):1.05E+09  a_ox tran: -1.54
 Rion:3.157E+23  Dist:0.00E+00  Diam:0.000E+00
 Hatom level 70  HatomType: add  HInducImp  F  He tot level: 63  He2 level:   70  ExecTime   300.2
 ConvrgError(%)  <eden>  0.032  MaxEden  0.474  <H-C>   0.07  Max(H-C)    0.46  <Press>   0.000  MaxPrs er  0.000
  Continuity(%)  chng Te   2.7  elec den   5.2  n(H2)    0.0  n(CO)        0.0

                                                        Averaged Quantities
             Te      Te(Ne)   Te(NeNp)  Te(NeHe+)Te(NeHe2+) Te(NeO+)  Te(NeO2+)  Te(H2)     N(H)     Ne(O2+)   Ne(Np)
 Radius:  2.22e+04  2.79e+04  3.28e+04  1.97e+04  3.77e+04  1.53e+04  2.01e+04  1.16e+04  1.02e-02  9.53e-03  1.59e-02
   Area:  1.76e+04  2.03e+04  2.35e+04  1.85e+04  3.05e+04  1.46e+04  1.89e+04  1.16e+04  7.01e-03  8.34e-03  1.05e-02
 Volume:  1.62e+04  1.77e+04  1.96e+04  1.76e+04  2.81e+04  1.42e+04  1.79e+04  1.16e+04  5.69e-03  7.35e-03  7.83e-03
 
 Peimbert T(OIIIr)1.58E+04 T(Bac)9.85E+03 T(Hth)0.00E+00 t2(Hstrc) 7.03e-02 T(O3-BAC)0.00E+00 t2(O3-BC) 0.00e+00 t2(O3str) 2.87e-02

 Contin Optical Depths: COMP: 2.44e-03    H-: 1.27e-05 R(1300): 1.00e-04  H2+: 2.26e-07  Bra:2.44E-03
                          Pa: 2.44e-03    Ba: 2.45e-03      Hb: 2.45e-03   La: 2.50e-01     1r:9.489E+01  1.8:2.20E+01 4.:2.436E+02

 Old, new H  1 continuum optical depths:
     1 9.49e+01     2 6.59e-06     3 1.29e-05     4 1.29e-05     5 1.29e-05     6 3.31e-06     7 3.31e-06     8 3.31e-06
     9 3.31e-06    10 3.81e-17    11 3.81e-17    12 3.81e-17    13 3.81e-17    14 3.81e-17    15 8.76e-17    16 8.76e-17
    17 8.76e-17    18 8.76e-17    19 8.76e-17    20 8.76e-17    21 1.80e-16    22 1.80e-16    23 1.80e-16    24 1.80e-16
    25 1.80e-16    26 1.80e-16    27 1.80e-16    28 3.43e-16    29 3.43e-16    30 3.43e-16    31 3.43e-16    32 3.43e-16
    33 3.43e-16    34 3.43e-16    35 3.43e-16    36 6.12e-16    37 6.12e-16    38 6.12e-16    39 6.12e-16    40 6.12e-16
    41 6.12e-16    42 6.12e-16    43 6.12e-16    44 6.12e-16    45 1.03e-15    46 1.03e-15    47 1.03e-15    48 1.03e-15
    49 1.03e-15    50 1.03e-15    51 1.03e-15    52 1.03e-15    53 1.03e-15    54 1.03e-15
     1 9.49e+01     2 6.59e-06     3 1.29e-05     4 1.29e-05     5 1.29e-05     6 3.31e-06     7 3.31e-06     8 3.31e-06
     9 3.31e-06    10 3.81e-17    11 3.81e-17    12 3.81e-17    13 3.81e-17    14 3.81e-17    15 8.76e-17    16 8.76e-17
    17 8.76e-17    18 8.76e-17    19 8.76e-17    20 8.76e-17    21 1.80e-16    22 1.80e-16    23 1.80e-16    24 1.80e-16
    25 1.80e-16    26 1.80e-16    27 1.80e-16    28 3.43e-16    29 3.43e-16    30 3.43e-16    31 3.43e-16    32 3.43e-16
    33 3.43e-16    34 3.43e-16    35 3.43e-16    36 6.12e-16    37 6.12e-16    38 6.12e-16    39 6.12e-16    40 6.12e-16
    41 6.12e-16    42 6.12e-16    43 6.12e-16    44 6.12e-16    45 1.03e-15    46 1.03e-15    47 1.03e-15    48 1.03e-15
    49 1.03e-15    50 1.03e-15    51 1.03e-15    52 1.03e-15    53 1.03e-15    54 1.03e-15

 Old, new H  1 mean line optical depths:
  2- 1 1.39e+06  3- 2 6.25e-08  4- 3 4.06e-14  5- 4 3.08e-14  6- 5 5.02e-14  7- 6 4.93e-14  8- 7 1.15e-13
  9- 8 2.43e-13 10- 9 4.39e-13 11-10 4.94e-12 12-11 0.00e+00 13-12 0.00e+00 14-13 0.00e+00 15-14 0.00e+00 16-15 0.00e+00
 17-16 0.00e+00 18-17 0.00e+00 19-18 0.00e+00 20-19 0.00e+00 21-20 0.00e+00 22-21 0.00e+00 23-22 0.00e+00 24-23 0.00e+00
 25-24 0.00e+00
  2- 1 1.39e+06  3- 2 6.25e-08  4- 3 4.06e-14  5- 4 3.08e-14  6- 5 5.02e-14  7- 6 4.93e-14  8- 7 1.15e-13
  9- 8 2.43e-13 10- 9 4.39e-13 11-10 4.94e-12 12-11 0.00e+00 13-12 0.00e+00 14-13 0.00e+00 15-14 0.00e+00 16-15 0.00e+00
 17-16 0.00e+00 18-17 0.00e+00 19-18 0.00e+00 20-19 0.00e+00 21-20 0.00e+00 22-21 0.00e+00 23-22 0.00e+00 24-23 0.00e+00
 25-24 0.00e+00

 Old, new He 2 continuum optical depths:
     1 2.44e+02     2 9.44e+01     3 5.01e-06     4 5.01e-06     5 5.01e-06     6 6.59e-06     7 6.59e-06     8 6.59e-06
     9 6.59e-06    10 1.05e-05    11 1.05e-05    12 1.05e-05    13 1.05e-05    14 1.05e-05    15 1.29e-05    16 1.29e-05
    17 1.29e-05    18 1.29e-05    19 1.29e-05    20 1.29e-05    21 1.08e-05    22 1.08e-05    23 1.08e-05    24 1.08e-05
    25 1.08e-05    26 1.08e-05    27 1.08e-05    28 3.31e-06    29 3.31e-06    30 3.31e-06    31 3.31e-06    32 3.31e-06
    33 3.31e-06    34 3.31e-06    35 3.31e-06    36 2.24e-17    37 2.24e-17    38 2.24e-17    39 2.24e-17    40 2.24e-17
    41 2.24e-17    42 2.24e-17    43 2.24e-17    44 2.24e-17    45 3.81e-17    46 3.81e-17    47 3.81e-17    48 3.81e-17
    49 3.81e-17    50 3.81e-17    51 3.81e-17    52 3.81e-17    53 3.81e-17    54 3.81e-17
     1 2.44e+02     2 9.44e+01     3 5.01e-06     4 5.01e-06     5 5.01e-06     6 6.59e-06     7 6.59e-06     8 6.59e-06
     9 6.59e-06    10 1.05e-05    11 1.05e-05    12 1.05e-05    13 1.05e-05    14 1.05e-05    15 1.29e-05    16 1.29e-05
    17 1.29e-05    18 1.29e-05    19 1.29e-05    20 1.29e-05    21 1.08e-05    22 1.08e-05    23 1.08e-05    24 1.08e-05
    25 1.08e-05    26 1.08e-05    27 1.08e-05    28 3.31e-06    29 3.31e-06    30 3.31e-06    31 3.31e-06    32 3.31e-06
    33 3.31e-06    34 3.31e-06    35 3.31e-06    36 2.24e-17    37 2.24e-17    38 2.24e-17    39 2.24e-17    40 2.24e-17
    41 2.24e-17    42 2.24e-17    43 2.24e-17    44 2.24e-17    45 3.81e-17    46 3.81e-17    47 3.81e-17    48 3.81e-17
    49 3.81e-17    50 3.81e-17    51 3.81e-17    52 3.81e-17    53 3.81e-17    54 3.81e-17

 Old, new He 2 mean line optical depths:
  2- 1 5.92e+06  3- 2 9.76e-11  4- 3 1.27e-16  5- 4 5.37e-16  6- 5 8.95e-16  7- 6 1.41e-15  8- 7 5.46e-16
  9- 8 3.30e-15 10- 9 7.92e-15 11-10 1.31e-13 12-11 0.00e+00 13-12 0.00e+00 14-13 0.00e+00 15-14 0.00e+00 16-15 0.00e+00
 17-16 0.00e+00 18-17 0.00e+00 19-18 0.00e+00 20-19 0.00e+00 21-20 0.00e+00 22-21 0.00e+00 23-22 0.00e+00 24-23 0.00e+00
 25-24 0.00e+00
  2- 1 5.92e+06  3- 2 9.76e-11  4- 3 1.27e-16  5- 4 5.37e-16  6- 5 8.95e-16  7- 6 1.41e-15  8- 7 5.46e-16
  9- 8 3.30e-15 10- 9 7.92e-15 11-10 1.31e-13 12-11 0.00e+00 13-12 0.00e+00 14-13 0.00e+00 15-14 0.00e+00 16-15 0.00e+00
 17-16 0.00e+00 18-17 0.00e+00 19-18 0.00e+00 20-19 0.00e+00 21-20 0.00e+00 22-21 0.00e+00 23-22 0.00e+00 24-23 0.00e+00
 25-24 0.00e+00

 Old He Is optical depths:    1 2.20e+01    2 4.35e-06    3 5.48e-06    4 6.12e-06    5 6.12e-06
 New He Is optical depths:    1 2.20e+01    2 4.35e-06    3 5.48e-06    4 6.12e-06    5 6.12e-06
          Old He Is Lines:  584 2.71e+04 3889 2.03e-04 5016 2.03e-04 5876 2.03e-04
          New He Is Lines:  584 2.71e+04 3889 2.03e-04 5016 2.03e-04 5876 2.03e-04

==== H      compounds ====           Log10 column densities [cm^-2]
   H2        : 11.238   H2*       :  6.817   H2+       : 10.509   H3+       :  4.148
==== He     compounds ====
   HeH+      : 12.194
==== Li     compounds ====
   LiH       : -2.702   LiH+      :  0.193
==== C      compounds ====
   CH        :  2.165   CH+       :  5.039   CH2       : -6.199   CH2+      : -2.423   CH3       :-14.563   CH3+      :-12.114
   CH4       :-23.305   CH4+      :-24.953   CH5+      :-28.886   C2        : -5.518   C2+       : -3.334   C2H       :-14.171
   C2H+      :-12.043   C2H2      :-24.498   C2H2+     :-20.848   C2H3+     :-29.681   C3        :-29.727   C3+       :-20.504
   C3H       :-34.477   C3H+      :-29.593
==== N      compounds ====
   NH        :  4.800   NH+       :  5.428   NH2       : -4.858   NH2+      : -4.049   NH3       :-13.314   NH3+      :-13.986
   NH4+      :-27.484   CN        : -3.207   CN+       : -1.562   HCN       :-11.146   HCN+      :-10.091   HNC       :-15.765
   HCNH+     :-19.651   N2        : -1.733   N2+       : -0.378   N2H+      :-17.503
==== O      compounds ====
   OH        :  6.678   OH+       :  6.529   H2O       : -2.545   H2O+      : -2.966   H3O+      :-12.420   CO        :  1.718
   CO+       :  0.768   HCO+      : -4.784   NO        : -1.247   NO+       : -1.233   HNO       : -9.714   HNO+      :-10.750
   OCN       :-16.159   OCN+      :-13.834   N2O       :-16.787   O2        :  1.456   O2+       :  1.113   NO2       :-16.931
   NO2+      :-15.267
==== Ne     compounds ====
   NeH+      :  3.403
==== Si     compounds ====
   SiH       : -4.471   SiH2+     : -4.533   SiN       :-11.190   SiN+      : -2.016   SiO       : -2.884   SiO+      :  0.082
   SiOH+     : -9.753
==== S      compounds ====
   HS        :  0.940   HS+       :  3.621   CS        : -8.722   CS+       : -4.939   HCS+      :-12.626   NS        : -6.286
   NS+       : -2.624   SO        : -5.549   SO+       : -0.797   OCS       :-19.800   OCS+      :-20.610   S2        :-17.296
   S2+       :-18.393
==== Cl     compounds ====
   HCl       : -9.128   HCl+      :  1.641   H2Cl+     : -7.797   CCl       :-35.930   CCl+      :-15.324   H2CCl+    :-35.930
   ClO       :-35.930   ClO+      :-35.930
==== Ar     compounds ====
   ArH+      :  5.821


               1      2      3      4      5      6      7      8      9     10     11     12     13     14     15     16     17

 Hydrogen   19.175 21.502 11.238 (H2)                Log10 Column density (cm^-2)
 Helium     17.677 20.183 20.222
 Lithium     7.266 11.459 11.007 11.419
 Beryllium   6.407  8.109  9.617  9.397  9.215
 Boron       6.126  9.799 10.007 11.105 10.571 10.209
 Carbon     11.629 15.146 16.406 16.243 16.381 15.858 15.428
 Nitrogen   13.460 14.828 15.844 15.981 15.381 15.767 15.123 14.555
 Oxygen     14.779 15.537 16.860 16.333 16.331 16.085 16.307 15.596 14.829
 Fluorine    8.501 10.821 12.642 12.040 12.278 12.024 11.553 11.824 11.056 10.053
 Neon       11.699 14.281 16.155 15.463 15.768 15.682 15.234 14.872 15.106 14.205 12.955
 Sodium      8.442 12.654 14.434 13.905 14.134 13.972 13.750 13.259 12.891 13.135 12.101 10.633
 Magnesium  12.931 14.431 15.592 15.044 15.281 15.262 15.023 14.710 14.418 14.010 14.078 12.847 11.173
 Aluminium  10.582 13.812 13.594 14.423 14.185 14.353 13.964 13.718 13.502 13.060 12.550 12.533 11.164  9.325
 Silicon    10.682 14.573 15.284 15.140 15.270 15.320 15.285 15.019 14.465 14.120 13.599 13.167 12.995 11.474  9.467
 Phosphorus  8.887 12.628 13.251 13.294 12.752 13.306 13.236 12.995 12.607 12.391 11.885 11.268 10.604 10.275  8.574  6.360
 Sulphur     9.988 14.013 15.079 15.210 14.633 14.519 14.946 14.896 14.497 14.038 13.803 13.500 12.750 11.911 11.436  9.556  6.816
 Chlorine    8.107 11.864 13.025 13.358 12.855 12.552 12.335 12.761 12.621 12.429 12.027 11.446 10.819  9.848  8.986  8.355  6.295
  3.360
 Argon      11.225 12.456 14.140 14.444 14.159 13.943 13.330 13.292 13.667 13.539 13.255 12.906 12.454 11.569 10.400  9.375  8.639
  6.242  3.346
 Potassium   7.204 11.869 13.027 12.984 12.770 12.899 12.379 11.902 11.684 12.157 12.143 11.817 11.220 10.395  9.205  8.101  6.908
  6.087  3.315-30.000
 Calcium     8.170 11.962 14.011 14.418 13.935 14.070 13.922 13.431 12.862 12.733 13.200 13.185 12.809 12.235 11.470 10.462  9.117
  7.802  6.857  4.001-30.000
 Scandium    4.804  8.618  9.766 11.357 10.761 10.833 10.657 10.591  9.989  9.457  9.178  9.786  9.740  9.443  8.561  7.438  6.247
  4.808  3.347  1.981-30.000-30.000
 Titanium    7.187 11.246 12.013 13.042 12.921 12.685 12.468 12.420 12.119 11.615 11.095 11.004 11.513 11.315 10.840  9.918  8.467
  7.115  5.361  3.669-30.000-30.000-30.000
 Vanadium    6.784 10.069 11.079 11.644 12.022 11.869 11.507 11.367 11.060 10.979 10.301 10.043  9.804 10.316  9.923  9.148  8.052
  6.381  4.810  2.603-30.000-30.000-30.000-30.000
 Chromium    7.902 11.933 12.869 13.424 13.621 13.342 13.389 13.108 12.730 12.663 12.226 11.660 11.746 11.186 11.751 11.420 10.441
  9.080  7.585  5.534  3.762-30.000-30.000-30.000-30.000
 Manganese   8.039 11.814 12.683 13.254 13.390 13.204 13.209 12.653 12.402 12.388 12.053 11.980 11.265 10.775 10.280 10.720 10.264
  9.265  7.893  6.105  3.959-30.000-30.000-30.000-30.000-30.000
 Iron       10.376 13.943 14.474 15.542 14.769 14.966 15.225 15.122 14.552 14.229 13.839 13.362 12.894 12.366 11.822 11.592 11.754
 11.131 10.185  8.647  6.412-30.000-30.000-30.000-30.000-30.000-30.000
 Cobalt      8.874 11.715 11.726 12.627 12.870 12.560 12.558 12.532 12.177 11.962 11.503 11.395 11.245 10.752  9.947  9.331  8.866
  8.949  8.122  6.972  5.208  2.932-30.000-30.000-30.000-30.000-30.000-30.000
 Nickel      9.392 13.078 13.398 14.284 13.616 13.855 13.857 13.874 13.551 13.416 12.854 12.730 12.578 12.128 11.641 10.807 10.049
  9.507  9.494  8.412  7.088  4.868-30.000-30.000-30.000-30.000-30.000-30.000-30.000
 Copper      6.991 10.305 11.494 12.240 11.529 11.740 11.816 11.870 11.543 11.454 11.058 10.491 10.414  9.997  9.560  9.239  8.123
  7.347  6.587  6.628  5.339  3.443-30.000-30.000-30.000-30.000-30.000-30.000-30.000-30.000
 Zinc        7.018  9.859 11.364 12.662 11.998 12.114 12.165 12.290 11.939 11.847 11.421 11.289 10.981 10.519 10.054  9.746  9.211
  8.001  7.273  6.322  6.373  4.768  2.809-30.000-30.000-30.000-30.000-30.000-30.000-30.000-30.000
 Exc state                  He[2]  9.428                 C+[2] 11.362                  C[1] 11.623                  C[2]  9.712
                             C[3]  9.069                  O[1] 14.779                  O[2]  8.030                  O[3]  8.092
                           Si+[1] 14.573                C+2[2] 13.454                C+2[3]  3.074                C+2[4]  7.565


 Hydrogen   -1.649 -0.010 -9.249 (H2)                 Log10 Mean Ionisation (over volume)
 Helium     -2.204 -0.041 -1.080
 Lithium    -4.156 -0.048 -1.248 -1.324
 Beryllium  -2.924 -1.199 -0.078 -1.050 -1.951
 Boron      -4.648 -0.919 -0.922 -0.139 -1.493 -2.837
 Carbon     -4.670 -1.167 -0.206 -0.610 -1.218 -2.416 -3.721
 Nitrogen   -2.263 -0.951 -0.293 -0.474 -1.747 -1.738 -3.138 -4.463
 Oxygen     -1.706 -1.026 -0.094 -1.340 -1.640 -2.137 -2.375 -3.823 -5.152
 Fluorine   -3.775 -1.635 -0.054 -1.352 -1.434 -2.016 -2.890 -3.129 -4.480 -5.842
 Neon       -4.105 -1.726 -0.054 -1.393 -1.410 -1.807 -2.712 -3.493 -3.737 -5.054 -6.536
 Sodium     -5.759 -1.686 -0.074 -1.159 -1.324 -1.808 -2.485 -3.509 -4.288 -4.373 -5.651 -7.253
 Magnesium  -2.520 -1.019 -0.128 -1.145 -1.289 -1.581 -2.220 -3.065 -3.795 -4.556 -4.774 -6.194 -7.964
 Aluminium  -3.898 -0.621 -0.977 -0.301 -1.034 -1.280 -2.064 -2.849 -3.563 -4.432 -5.230 -5.413 -6.890 -8.788
 Silicon    -4.778 -0.852 -0.390 -0.638 -0.865 -1.238 -1.626 -2.429 -3.718 -4.545 -5.329 -5.875 -6.130 -7.707 -9.752
 Phosphorus -4.545 -0.826 -0.409 -0.526 -1.308 -1.096 -1.556 -2.273 -3.236 -3.986 -4.884 -5.700 -6.459 -6.844 -8.591-10.853
 Sulphur    -5.135 -1.123 -0.334 -0.456 -1.367 -1.581 -1.514 -2.002 -2.997 -4.009 -4.630 -5.153 -6.036 -6.942 -7.457 -9.379-12.206
 Chlorine   -5.029 -1.293 -0.370 -0.348 -1.366 -1.820 -2.230 -2.121 -2.682 -3.365 -4.258 -5.184 -5.975 -7.030 -7.928 -8.588-10.693
           -13.673
 Argon      -2.964 -1.796 -0.335 -0.365 -1.199 -1.719 -2.623 -2.790 -2.765 -3.296 -3.996 -4.690 -5.377 -6.386 -7.618 -8.671 -9.433
           -11.902-14.806
 Potassium  -5.770 -1.189 -0.244 -0.587 -1.183 -1.469 -2.379 -3.075 -3.517 -3.339 -3.729 -4.416 -5.280 -6.263 -7.531 -8.667 -9.891
           -10.739-13.558
 Calcium    -6.118 -2.361 -0.438 -0.272 -1.287 -1.475 -2.010 -2.882 -3.750 -4.024 -3.868 -4.192 -4.844 -5.596 -6.462 -7.524 -8.903
           -10.246-11.227-14.111
 Scandium   -6.168 -2.358 -1.306 -0.073 -1.253 -1.495 -2.038 -2.484 -3.534 -4.310 -4.806 -4.404 -4.685 -5.154 -6.148 -7.340 -8.567
           -10.040-11.555-12.941
 Titanium   -5.641 -1.582 -0.937 -0.237 -0.635 -1.479 -2.026 -2.473 -3.194 -4.078 -4.839 -5.067 -4.761 -5.133 -5.714 -6.704 -8.200
            -9.575-11.387-13.105
 Vanadium   -5.016 -1.737 -0.809 -0.552 -0.335 -1.182 -1.879 -2.407 -3.163 -3.624 -4.684 -5.094 -5.470 -5.096 -5.616 -6.458 -7.593
            -9.294-10.897-13.149
 Chromium   -5.571 -1.538 -0.708 -0.468 -0.449 -1.327 -1.590 -2.260 -3.077 -3.568 -4.362 -5.173 -5.220 -5.908 -5.410 -5.831 -6.862
            -8.255 -9.772-11.881-13.660
 Manganese  -5.222 -1.448 -0.693 -0.441 -0.487 -1.308 -1.663 -2.648 -3.304 -3.723 -4.383 -4.686 -5.610 -6.167 -6.738 -6.336 -6.844
            -7.873 -9.264-11.083-13.253
 Iron       -4.882 -1.309 -0.905 -0.153 -1.372 -1.417 -1.502 -1.990 -3.204 -4.041 -4.829 -5.517 -6.092 -6.680 -7.256 -7.503 -7.366
            -8.011 -8.972-10.525-12.791
 Cobalt     -3.855 -1.016 -1.121 -0.479 -0.397 -1.284 -1.553 -1.922 -2.713 -3.370 -4.243 -4.644 -5.015 -5.638 -6.524 -7.174 -7.669
            -7.615 -8.474 -9.645-11.447-13.741
 Nickel     -4.673 -0.989 -0.824 -0.221 -1.257 -1.319 -1.593 -1.859 -2.579 -3.181 -4.199 -4.616 -5.001 -5.587 -6.151 -7.041 -7.822
            -8.386 -8.418 -9.529-10.880-13.135
 Copper     -5.020 -1.706 -0.642 -0.216 -1.306 -1.348 -1.561 -1.737 -2.442 -3.012 -3.892 -4.858 -5.140 -5.703 -6.212 -6.581 -7.734
            -8.522 -9.297 -9.264-10.582-12.519
 Zinc       -5.392 -2.562 -1.229 -0.119 -1.111 -1.338 -1.569 -1.672 -2.374 -2.911 -3.782 -4.286 -4.858 -5.498 -6.065 -6.438 -7.016
            -8.255 -8.994 -9.964 -9.919-11.566-13.544

               1      2      3      4      5      6      7      8      9     10     11     12     13     14     15     16     17
              18     19     20     21     22     23     24     25     26     27     28     29     30

 Hydrogen   -1.896 -0.006 -9.511 (H2)                 Log10 Mean Ionisation (over area)
 Helium     -2.429 -0.110 -0.659
 Lithium    -4.272 -0.127 -0.961 -0.842
 Beryllium  -3.132 -1.419 -0.131 -0.754 -1.347
 Boron      -4.826 -1.123 -1.035 -0.128 -1.116 -1.990
 Carbon     -4.880 -1.374 -0.281 -0.571 -0.839 -1.730 -2.586
 Nitrogen   -2.522 -1.186 -0.371 -0.411 -1.349 -1.180 -2.231 -3.135
 Oxygen     -1.964 -1.251 -0.142 -1.031 -1.189 -1.570 -1.610 -2.699 -3.701
 Fluorine   -4.034 -1.819 -0.125 -1.076 -1.006 -1.441 -2.125 -2.119 -3.162 -4.315
 Neon       -4.360 -1.895 -0.128 -1.144 -1.004 -1.267 -1.960 -2.528 -2.526 -3.615 -4.963
 Sodium     -5.987 -1.852 -0.160 -0.973 -0.944 -1.287 -1.756 -2.508 -3.067 -2.974 -4.116 -5.641
 Magnesium  -2.727 -1.228 -0.211 -0.995 -0.954 -1.125 -1.586 -2.169 -2.670 -3.242 -3.302 -4.613 -6.328
 Aluminium  -4.058 -0.804 -1.096 -0.349 -0.849 -0.893 -1.502 -2.027 -2.482 -3.123 -3.759 -3.847 -5.262 -7.126
 Silicon    -4.982 -1.072 -0.494 -0.692 -0.752 -0.919 -1.151 -1.712 -2.621 -3.179 -3.812 -4.293 -4.501 -6.047 -8.070
 Phosphorus -4.745 -1.019 -0.507 -0.550 -1.220 -0.843 -1.118 -1.618 -2.293 -2.758 -3.439 -4.142 -4.846 -5.199 -6.920 -9.156
 Sulphur    -5.365 -1.349 -0.439 -0.443 -1.202 -1.368 -1.121 -1.403 -2.109 -2.829 -3.236 -3.636 -4.443 -5.311 -5.804 -7.702-10.484
 Chlorine   -5.260 -1.517 -0.492 -0.327 -1.103 -1.490 -1.798 -1.526 -1.881 -2.323 -2.959 -3.692 -4.388 -5.395 -6.272 -6.916 -8.996
           -11.953
 Argon      -3.225 -2.030 -0.473 -0.346 -0.926 -1.302 -2.058 -2.155 -1.952 -2.281 -2.772 -3.281 -3.836 -4.774 -5.970 -7.008 -7.755
           -10.186-13.086
 Potassium  -6.003 -1.387 -0.346 -0.546 -0.983 -1.055 -1.771 -2.362 -2.681 -2.351 -2.549 -3.052 -3.770 -4.662 -5.886 -7.003 -8.209
            -9.043-11.838
 Calcium    -6.317 -2.546 -0.571 -0.292 -1.058 -1.093 -1.438 -2.124 -2.836 -3.030 -2.707 -2.870 -3.377 -4.031 -4.841 -5.872 -7.232
            -8.559 -9.521-12.390
 Scandium   -6.423 -2.612 -1.522 -0.128 -1.036 -1.124 -1.485 -1.752 -2.573 -3.220 -3.592 -3.080 -3.236 -3.612 -4.544 -5.698 -6.905
            -8.359 -9.845-11.221
 Titanium   -5.894 -1.836 -1.140 -0.291 -0.572 -1.112 -1.503 -1.755 -2.267 -2.950 -3.580 -3.731 -3.314 -3.590 -4.113 -5.065 -6.537
            -7.899 -9.680-11.384
 Vanadium   -5.272 -1.990 -1.027 -0.630 -0.343 -0.855 -1.398 -1.744 -2.272 -2.536 -3.387 -3.716 -4.014 -3.563 -4.012 -4.816 -5.930
            -7.614 -9.200-11.429
 Chromium   -5.826 -1.793 -0.916 -0.532 -0.434 -1.023 -1.139 -1.629 -2.234 -2.504 -3.104 -3.781 -3.753 -4.369 -3.833 -4.203 -5.206
            -6.581 -8.086-10.165-11.940
 Manganese  -5.477 -1.703 -0.896 -0.498 -0.465 -0.978 -1.164 -1.947 -2.402 -2.604 -3.091 -3.272 -4.078 -4.597 -5.125 -4.701 -5.179
            -6.192 -7.572 -9.375-11.532
 Iron       -5.134 -1.564 -1.106 -0.206 -1.206 -1.139 -1.054 -1.379 -2.289 -2.855 -3.412 -3.978 -4.492 -5.045 -5.603 -5.841 -5.690
            -6.323 -7.276 -8.821-11.070
 Cobalt     -4.107 -1.267 -1.319 -0.560 -0.404 -1.011 -1.155 -1.363 -1.951 -2.385 -3.037 -3.279 -3.525 -4.075 -4.915 -5.545 -6.024
            -5.953 -6.794 -7.954 -9.736-12.020
 Nickel     -4.921 -1.237 -1.002 -0.267 -1.125 -1.043 -1.181 -1.320 -1.857 -2.227 -3.004 -3.264 -3.518 -4.026 -4.547 -5.405 -6.173
            -6.725 -6.746 -7.841 -9.178-11.415
 Copper     -5.275 -1.961 -0.842 -0.265 -1.169 -1.093 -1.161 -1.239 -1.773 -2.108 -2.737 -3.484 -3.650 -4.128 -4.596 -4.938 -6.070
            -6.851 -7.618 -7.580 -8.883-10.798
 Zinc       -5.644 -2.810 -1.403 -0.203 -1.041 -1.095 -1.185 -1.188 -1.731 -2.051 -2.692 -2.999 -3.425 -3.965 -4.474 -4.810 -5.364
            -6.587 -7.319 -8.278 -8.230 -9.855-11.823

               1      2      3      4      5      6      7      8      9     10     11     12     13     14     15     16     17
              18     19     20     21     22     23     24     25     26     27     28     29     30

 Hydrogen   -2.330 -0.002 -9.965 (H2)                 Log10 Mean Ionisation (over radius)
 Helium     -2.828 -0.322 -0.283
 Lithium    -4.548 -0.355 -0.807 -0.395
 Beryllium  -3.518 -1.815 -0.308 -0.528 -0.709
 Boron      -5.168 -1.496 -1.288 -0.190 -0.724 -1.086
 Carbon     -5.264 -1.748 -0.488 -0.651 -0.512 -1.036 -1.466
 Nitrogen   -2.975 -1.607 -0.590 -0.454 -1.054 -0.667 -1.312 -1.879
 Oxygen     -2.416 -1.658 -0.334 -0.861 -0.864 -1.110 -0.888 -1.598 -2.365
 Fluorine   -4.484 -2.164 -0.342 -0.945 -0.707 -0.961 -1.431 -1.160 -1.928 -2.932
 Neon       -4.805 -2.223 -0.350 -1.042 -0.736 -0.823 -1.271 -1.633 -1.398 -2.300 -3.550
 Sodium     -6.393 -2.181 -0.400 -0.930 -0.701 -0.863 -1.085 -1.576 -1.944 -1.700 -2.734 -4.202
 Magnesium  -3.114 -1.614 -0.453 -1.000 -0.764 -0.783 -1.022 -1.335 -1.627 -2.035 -1.967 -3.198 -4.872
 Aluminium  -4.392 -1.162 -1.381 -0.551 -0.789 -0.621 -1.010 -1.256 -1.472 -1.915 -2.424 -2.441 -3.810 -5.649
 Silicon    -5.363 -1.471 -0.760 -0.905 -0.775 -0.725 -0.760 -1.026 -1.580 -1.925 -2.446 -2.877 -3.050 -4.571 -6.578
 Phosphorus -5.123 -1.382 -0.758 -0.716 -1.257 -0.704 -0.773 -1.015 -1.403 -1.618 -2.125 -2.741 -3.406 -3.734 -5.435 -7.650
 Sulphur    -5.781 -1.756 -0.690 -0.559 -1.136 -1.250 -0.823 -0.874 -1.272 -1.732 -1.967 -2.270 -3.019 -3.858 -4.334 -6.213 -8.953
 Chlorine   -5.679 -1.922 -0.761 -0.428 -0.930 -1.233 -1.451 -1.025 -1.165 -1.357 -1.758 -2.339 -2.967 -3.938 -4.799 -5.430 -7.490
           -10.425
 Argon      -3.679 -2.448 -0.764 -0.460 -0.746 -0.961 -1.574 -1.613 -1.237 -1.365 -1.649 -1.998 -2.450 -3.335 -4.504 -5.529 -6.265
            -8.662-11.558
 Potassium  -6.421 -1.756 -0.598 -0.641 -0.855 -0.726 -1.246 -1.723 -1.941 -1.468 -1.482 -1.808 -2.405 -3.230 -4.421 -5.524 -6.717
            -7.538-10.310
 Calcium    -6.694 -2.902 -0.853 -0.446 -0.930 -0.795 -0.943 -1.434 -2.003 -2.132 -1.664 -1.679 -2.055 -2.629 -3.395 -4.402 -5.748
            -7.062 -8.007-10.863
 Scandium   -6.870 -3.056 -1.909 -0.318 -0.914 -0.842 -1.018 -1.083 -1.686 -2.218 -2.497 -1.888 -1.935 -2.232 -3.114 -4.237 -5.428
            -6.867 -8.328 -9.694
 Titanium   -6.339 -2.280 -1.513 -0.483 -0.604 -0.841 -1.058 -1.106 -1.407 -1.910 -2.430 -2.522 -2.013 -2.211 -2.685 -3.607 -5.059
            -6.411 -8.164 -9.857
 Vanadium   -5.720 -2.435 -1.426 -0.861 -0.483 -0.636 -0.997 -1.137 -1.445 -1.526 -2.203 -2.462 -2.701 -2.188 -2.582 -3.356 -4.452
            -6.124 -7.694 -9.901
 Chromium   -6.273 -2.242 -1.306 -0.750 -0.554 -0.833 -0.786 -1.066 -1.445 -1.512 -1.949 -2.515 -2.428 -2.989 -2.423 -2.755 -3.734
            -5.095 -6.590 -8.641-10.413
 Manganese  -5.925 -2.150 -1.281 -0.709 -0.574 -0.760 -0.755 -1.310 -1.561 -1.576 -1.911 -1.984 -2.699 -3.189 -3.684 -3.244 -3.700
            -4.699 -6.071 -7.859-10.005
 Iron       -5.579 -2.012 -1.481 -0.413 -1.186 -0.989 -0.730 -0.833 -1.403 -1.726 -2.116 -2.592 -3.061 -3.589 -4.132 -4.363 -4.200
            -4.824 -5.770 -7.307 -9.543
 Cobalt     -4.551 -1.710 -1.698 -0.798 -0.554 -0.865 -0.867 -0.892 -1.248 -1.463 -1.921 -2.029 -2.179 -2.672 -3.477 -4.093 -4.558
            -4.475 -5.303 -6.452 -8.217-10.493
 Nickel     -5.362 -1.677 -1.357 -0.471 -1.139 -0.899 -0.898 -0.881 -1.204 -1.338 -1.901 -2.025 -2.177 -2.626 -3.114 -3.948 -4.706
            -5.248 -5.260 -6.343 -7.667 -9.887
 Copper     -5.723 -2.409 -1.220 -0.474 -1.185 -0.974 -0.898 -0.844 -1.171 -1.260 -1.656 -2.223 -2.300 -2.717 -3.154 -3.475 -4.591
            -5.367 -6.127 -6.086 -7.375 -9.271
 Zinc       -6.087 -3.245 -1.741 -0.442 -1.106 -0.990 -0.939 -0.814 -1.166 -1.257 -1.683 -1.815 -2.123 -2.586 -3.050 -3.359 -3.893
            -5.104 -5.831 -6.783 -6.731 -8.336-10.296

               1      2      3      4      5      6      7      8      9     10     11     12     13     14     15     16     17
              18     19     20     21     22     23     24     25     26     27     28     29     30

 Hydrogen   -2.061 -0.004 -9.759 (H2)         Log10 Mean Ionisation (over volume*electron density)
 Helium     -2.559 -0.093 -0.721
 Lithium    -4.270 -0.112 -0.954 -0.935
 Beryllium  -3.201 -1.521 -0.112 -0.774 -1.537
 Boron      -4.863 -1.196 -1.034 -0.110 -1.193 -2.372
 Carbon     -4.959 -1.461 -0.268 -0.540 -0.899 -1.976 -3.196
 Nitrogen   -2.754 -1.294 -0.353 -0.381 -1.401 -1.333 -2.647 -3.915
 Oxygen     -2.173 -1.342 -0.116 -1.030 -1.255 -1.707 -1.902 -3.296 -4.593
 Fluorine   -4.284 -1.885 -0.108 -1.062 -1.057 -1.587 -2.415 -2.613 -3.930 -5.277
 Neon       -4.593 -1.942 -0.111 -1.123 -1.040 -1.390 -2.241 -2.982 -3.195 -4.494 -5.969
 Sodium     -6.127 -1.893 -0.146 -0.941 -0.969 -1.398 -2.021 -2.994 -3.745 -3.815 -5.086 -6.684
 Magnesium  -2.792 -1.302 -0.191 -0.955 -0.959 -1.194 -1.779 -2.566 -3.262 -4.005 -4.212 -5.626 -7.394
 Aluminium  -4.072 -0.843 -1.089 -0.319 -0.824 -0.929 -1.648 -2.367 -3.036 -3.882 -4.668 -4.846 -6.321 -8.217
 Silicon    -5.042 -1.158 -0.479 -0.661 -0.714 -0.926 -1.240 -1.974 -3.192 -3.990 -4.764 -5.307 -5.561 -7.136 -9.180
 Phosphorus -4.803 -1.076 -0.495 -0.519 -1.185 -0.835 -1.187 -1.832 -2.731 -3.442 -4.324 -5.134 -5.890 -6.274 -8.020-10.282
 Sulphur    -5.462 -1.450 -0.434 -0.410 -1.184 -1.359 -1.172 -1.574 -2.502 -3.471 -4.073 -4.588 -5.468 -6.372 -6.887 -8.808-11.634
 Chlorine   -5.363 -1.618 -0.495 -0.295 -1.112 -1.529 -1.877 -1.691 -2.197 -2.841 -3.708 -4.620 -5.407 -6.461 -7.357 -8.017-10.121
           -13.101
 Argon      -3.474 -2.156 -0.483 -0.312 -0.936 -1.378 -2.213 -2.349 -2.276 -2.773 -3.451 -4.131 -4.811 -5.817 -7.048 -8.100 -8.862
           -11.330-14.234
 Potassium  -6.138 -1.455 -0.338 -0.509 -0.984 -1.122 -1.949 -2.617 -3.026 -2.820 -3.186 -3.860 -4.716 -5.695 -6.961 -8.096 -9.320
           -10.168-12.986
 Calcium    -6.371 -2.588 -0.583 -0.263 -1.052 -1.147 -1.592 -2.413 -3.248 -3.506 -3.328 -3.638 -4.281 -5.029 -5.893 -6.953 -8.332
            -9.674-10.655-13.538
 Scandium   -6.609 -2.796 -1.628 -0.108 -1.030 -1.172 -1.625 -2.020 -3.024 -3.782 -4.261 -3.850 -4.123 -4.587 -5.579 -6.770 -7.996
            -9.469-10.983-12.369
 Titanium   -6.067 -2.012 -1.205 -0.269 -0.548 -1.153 -1.630 -2.011 -2.690 -3.545 -4.291 -4.513 -4.200 -4.567 -5.145 -6.134 -7.629
            -9.004-10.815-12.533
 Vanadium   -5.459 -2.167 -1.100 -0.609 -0.311 -0.874 -1.498 -1.966 -2.666 -3.096 -4.133 -4.537 -4.908 -4.530 -5.047 -5.888 -7.022
            -8.723-10.325-12.577
 Chromium   -6.003 -1.986 -0.970 -0.506 -0.400 -1.032 -1.216 -1.822 -2.591 -3.045 -3.815 -4.616 -4.658 -5.342 -4.843 -5.261 -6.292
            -7.684 -9.200-11.309-13.088
 Manganese  -5.668 -1.888 -0.944 -0.470 -0.431 -0.996 -1.267 -2.191 -2.807 -3.190 -3.832 -4.127 -5.045 -5.600 -6.169 -5.767 -6.273
            -7.302 -8.692-10.511-12.681
 Iron       -5.291 -1.742 -1.153 -0.178 -1.172 -1.134 -1.116 -1.555 -2.707 -3.508 -4.271 -4.951 -5.524 -6.110 -6.685 -6.932 -6.795
            -7.440 -8.400 -9.954-12.218
 Cobalt     -4.251 -1.407 -1.356 -0.538 -0.370 -1.005 -1.202 -1.502 -2.241 -2.857 -3.701 -4.089 -4.452 -5.071 -5.956 -6.605 -7.099
            -7.045 -7.903 -9.074-10.875-13.168
 Nickel     -5.058 -1.370 -1.023 -0.235 -1.087 -1.035 -1.224 -1.443 -2.114 -2.672 -3.658 -4.061 -4.438 -5.021 -5.582 -6.471 -7.252
            -7.815 -7.847 -8.957-10.308-12.563
 Copper     -5.467 -2.164 -0.891 -0.234 -1.128 -1.078 -1.197 -1.336 -1.991 -2.512 -3.356 -4.303 -4.577 -5.136 -5.643 -6.011 -7.163
            -7.951 -8.726 -8.693-10.011-11.946
 Zinc       -5.842 -3.008 -1.453 -0.187 -1.006 -1.077 -1.212 -1.275 -1.929 -2.418 -3.253 -3.737 -4.298 -4.932 -5.497 -5.869 -6.446
            -7.685 -8.423 -9.392 -9.347-10.994-12.971

               1      2      3      4      5      6      7      8      9     10     11     12     13     14     15     16     17
              18     19     20     21     22     23     24     25     26     27     28     29     30

 Hydrogen   -2.422 -0.002-10.148 (H2)         Log10 Mean Ionisation (over area*electron density)
 Helium     -2.872 -0.230 -0.387
 Lithium    -4.468 -0.265 -0.763 -0.546
 Beryllium  -3.509 -1.836 -0.223 -0.539 -1.011
 Boron      -5.127 -1.488 -1.214 -0.130 -0.855 -1.604
 Carbon     -5.263 -1.750 -0.402 -0.563 -0.579 -1.374 -2.168
 Nitrogen   -3.140 -1.642 -0.502 -0.373 -1.085 -0.857 -1.837 -2.705
 Oxygen     -2.558 -1.673 -0.237 -0.816 -0.906 -1.247 -1.239 -2.282 -3.266
 Fluorine   -4.665 -2.142 -0.251 -0.884 -0.733 -1.115 -1.755 -1.714 -2.733 -3.877
 Neon       -4.966 -2.184 -0.258 -0.970 -0.742 -0.952 -1.591 -2.128 -2.103 -3.180 -4.523
 Sodium     -6.448 -2.138 -0.311 -0.845 -0.694 -0.979 -1.392 -2.104 -2.643 -2.541 -3.677 -5.200
 Magnesium  -3.102 -1.609 -0.360 -0.903 -0.729 -0.840 -1.244 -1.777 -2.254 -2.813 -2.866 -4.174 -5.887
 Aluminium  -4.331 -1.124 -1.300 -0.452 -0.717 -0.639 -1.180 -1.646 -2.069 -2.694 -3.323 -3.408 -4.821 -6.684
 Silicon    -5.346 -1.481 -0.674 -0.806 -0.683 -0.701 -0.858 -1.350 -2.207 -2.747 -3.375 -3.854 -4.060 -5.605 -7.628
 Phosphorus -5.103 -1.358 -0.672 -0.618 -1.169 -0.661 -0.840 -1.270 -1.895 -2.334 -3.004 -3.702 -4.405 -4.757 -6.478 -8.713
 Sulphur    -5.805 -1.781 -0.610 -0.464 -1.076 -1.208 -0.861 -1.070 -1.719 -2.408 -2.803 -3.198 -4.003 -4.870 -5.362 -7.260-10.040
 Chlorine   -5.709 -1.945 -0.687 -0.336 -0.906 -1.255 -1.519 -1.194 -1.504 -1.914 -2.531 -3.255 -3.948 -4.954 -5.830 -6.474 -8.553
           -11.509
 Argon      -3.863 -2.498 -0.697 -0.364 -0.724 -1.028 -1.734 -1.812 -1.573 -1.875 -2.348 -2.848 -3.397 -4.333 -5.529 -6.566 -7.313
            -9.742-12.642
 Potassium  -6.477 -1.742 -0.515 -0.542 -0.820 -0.784 -1.435 -2.001 -2.298 -1.948 -2.129 -2.620 -3.332 -4.222 -5.444 -6.561 -7.767
            -8.600-11.395
 Calcium    -6.671 -2.866 -0.785 -0.350 -0.884 -0.835 -1.111 -1.754 -2.442 -2.626 -2.287 -2.441 -2.941 -3.592 -4.400 -5.430 -6.790
            -8.117 -9.078-11.947
 Scandium   -6.989 -3.172 -1.930 -0.226 -0.866 -0.870 -1.165 -1.387 -2.172 -2.807 -3.169 -2.650 -2.800 -3.173 -4.104 -5.257 -6.463
            -7.917 -9.402-10.778
 Titanium   -6.444 -2.388 -1.497 -0.391 -0.529 -0.861 -1.191 -1.393 -1.871 -2.533 -3.154 -3.301 -2.879 -3.152 -3.672 -4.624 -6.095
            -7.457 -9.237-10.941
 Vanadium   -5.841 -2.544 -1.424 -0.768 -0.387 -0.628 -1.101 -1.393 -1.881 -2.123 -2.959 -3.284 -3.579 -3.125 -3.571 -4.375 -5.488
            -7.172 -8.757-10.986
 Chromium   -6.384 -2.367 -1.287 -0.654 -0.456 -0.808 -0.855 -1.287 -1.850 -2.093 -2.678 -3.348 -3.317 -3.930 -3.393 -3.762 -4.764
            -6.139 -7.643 -9.721-11.497
 Manganese  -6.049 -2.267 -1.256 -0.612 -0.478 -0.749 -0.862 -1.589 -2.009 -2.188 -2.663 -2.838 -3.640 -4.158 -4.684 -4.260 -4.737
            -5.749 -7.130 -8.932-11.089
 Iron       -5.669 -2.123 -1.453 -0.314 -1.093 -0.940 -0.774 -1.043 -1.894 -2.434 -2.978 -3.540 -4.051 -4.604 -5.161 -5.399 -5.247
            -5.880 -6.833 -8.377-10.627
 Cobalt     -4.629 -1.784 -1.663 -0.705 -0.454 -0.817 -0.893 -1.042 -1.580 -1.982 -2.614 -2.847 -3.088 -3.635 -4.474 -5.104 -5.582
            -5.511 -6.352 -7.511 -9.293-11.577
 Nickel     -5.432 -1.744 -1.306 -0.370 -1.041 -0.847 -0.915 -1.006 -1.495 -1.828 -2.583 -2.833 -3.081 -3.587 -4.106 -4.964 -5.732
            -6.283 -6.304 -7.399 -8.735-10.971
 Copper     -5.847 -2.544 -1.193 -0.373 -1.085 -0.912 -0.902 -0.938 -1.422 -1.715 -2.318 -3.052 -3.213 -3.688 -4.155 -4.496 -5.628
            -6.409 -7.175 -7.138 -8.440-10.355
 Zinc       -6.213 -3.366 -1.705 -0.352 -1.006 -0.923 -0.933 -0.893 -1.387 -1.665 -2.279 -2.571 -2.991 -3.527 -4.034 -4.369 -4.922
            -6.145 -6.877 -7.836 -7.787 -9.412-11.380

               1      2      3      4      5      6      7      8      9     10     11     12     13     14     15     16     17
              18     19     20     21     22     23     24     25     26     27     28     29     30

 Hydrogen   -3.011 -0.000-10.785 (H2)         Log10 Mean Ionisation (over radius*electron density)
 Helium     -3.395 -0.563 -0.139
 Lithium    -4.877 -0.621 -0.757 -0.232
 Beryllium  -4.037 -2.362 -0.495 -0.437 -0.509
 Boron      -5.590 -1.982 -1.561 -0.255 -0.573 -0.855
 Carbon     -5.775 -2.230 -0.710 -0.751 -0.384 -0.828 -1.220
 Nitrogen   -3.774 -2.218 -0.832 -0.520 -0.939 -0.491 -1.079 -1.627
 Oxygen     -3.191 -2.225 -0.555 -0.803 -0.740 -0.947 -0.676 -1.354 -2.111
 Fluorine   -5.289 -2.599 -0.593 -0.909 -0.592 -0.793 -1.224 -0.925 -1.677 -2.675
 Neon       -5.578 -2.630 -0.606 -1.023 -0.634 -0.664 -1.064 -1.403 -1.152 -2.046 -3.292
 Sodium     -6.989 -2.592 -0.683 -0.950 -0.609 -0.709 -0.881 -1.343 -1.699 -1.447 -2.478 -3.944
 Magnesium  -3.637 -2.139 -0.742 -1.060 -0.697 -0.654 -0.836 -1.111 -1.386 -1.785 -1.712 -2.941 -4.613
 Aluminium  -4.812 -1.625 -1.727 -0.792 -0.792 -0.516 -0.839 -1.039 -1.233 -1.665 -2.169 -2.184 -3.552 -5.390
 Silicon    -5.866 -2.026 -1.079 -1.161 -0.841 -0.655 -0.614 -0.819 -1.338 -1.673 -2.190 -2.620 -2.792 -4.312 -6.318
 Phosphorus -5.626 -1.850 -1.048 -0.907 -1.328 -0.659 -0.642 -0.821 -1.173 -1.372 -1.870 -2.485 -3.148 -3.476 -5.176 -7.390
 Sulphur    -6.384 -2.333 -0.971 -0.695 -1.129 -1.214 -0.708 -0.695 -1.048 -1.487 -1.714 -2.014 -2.762 -3.600 -4.075 -5.954 -8.693
 Chlorine   -6.293 -2.494 -1.064 -0.547 -0.865 -1.131 -1.318 -0.852 -0.955 -1.121 -1.508 -2.084 -2.709 -3.680 -4.541 -5.171 -7.231
           -10.165
 Argon      -4.499 -3.069 -1.101 -0.597 -0.677 -0.831 -1.405 -1.432 -1.027 -1.133 -1.403 -1.745 -2.193 -3.077 -4.246 -5.270 -6.006
            -8.402-11.298
 Potassium  -7.043 -2.240 -0.887 -0.764 -0.809 -0.599 -1.068 -1.524 -1.728 -1.239 -1.239 -1.556 -2.150 -2.972 -4.162 -5.265 -6.457
            -7.279-10.051
 Calcium    -7.196 -3.359 -1.179 -0.620 -0.887 -0.678 -0.771 -1.227 -1.779 -1.902 -1.423 -1.430 -1.801 -2.373 -3.136 -4.143 -5.489
            -6.803 -7.748-10.603
 Scandium   -7.615 -3.791 -2.435 -0.526 -0.875 -0.731 -0.853 -0.880 -1.457 -1.980 -2.252 -1.639 -1.681 -1.976 -2.856 -3.979 -5.169
            -6.608 -8.068 -9.434
 Titanium   -7.067 -3.009 -1.994 -0.694 -0.658 -0.734 -0.898 -0.906 -1.180 -1.669 -2.183 -2.272 -1.760 -1.955 -2.428 -3.349 -4.800
            -6.151 -7.905 -9.597
 Vanadium   -6.470 -3.168 -1.974 -1.127 -0.643 -0.551 -0.849 -0.943 -1.222 -1.287 -1.954 -2.210 -2.447 -1.932 -2.324 -3.098 -4.193
            -5.864 -7.435 -9.642
 Chromium   -7.010 -2.995 -1.831 -1.005 -0.698 -0.762 -0.651 -0.881 -1.225 -1.274 -1.701 -2.263 -2.174 -2.732 -2.166 -2.497 -3.475
            -4.836 -6.330 -8.381-10.153
 Manganese  -6.676 -2.892 -1.793 -0.957 -0.706 -0.677 -0.605 -1.112 -1.337 -1.335 -1.662 -1.731 -2.443 -2.932 -3.426 -2.985 -3.441
            -4.439 -5.811 -7.600 -9.745
 Iron       -6.293 -2.751 -1.970 -0.658 -1.221 -0.939 -0.606 -0.650 -1.174 -1.479 -1.862 -2.336 -2.803 -3.330 -3.874 -4.104 -3.941
            -4.564 -5.510 -7.048 -9.283
 Cobalt     -5.255 -2.407 -2.196 -1.077 -0.731 -0.817 -0.756 -0.726 -1.039 -1.230 -1.676 -1.778 -1.924 -2.416 -3.220 -3.835 -4.300
            -4.216 -5.043 -6.193 -7.957-10.233
 Nickel     -6.053 -2.363 -1.810 -0.717 -1.201 -0.854 -0.790 -0.723 -1.003 -1.109 -1.656 -1.774 -1.922 -2.370 -2.857 -3.690 -4.447
            -4.989 -5.001 -6.084 -7.407 -9.627
 Copper     -6.473 -3.168 -1.719 -0.724 -1.253 -0.942 -0.797 -0.698 -0.979 -1.034 -1.413 -1.971 -2.044 -2.460 -2.896 -3.217 -4.332
            -5.108 -5.867 -5.826 -7.116 -9.011
 Zinc       -6.825 -3.957 -2.165 -0.725 -1.208 -0.967 -0.846 -0.674 -0.980 -1.037 -1.444 -1.567 -1.870 -2.329 -2.793 -3.100 -3.635
            -4.845 -5.572 -6.523 -6.472 -8.076-10.036

               1      2      3      4      5      6      7      8      9     10     11     12     13     14     15     16     17
              18     19     20     21     22     23     24     25     26     27     28     29     30

 Hydrogen    4.098  4.245  4.064 (H2)                  Log10 Mean Temperature (over volume)
 Helium      4.116  4.220  4.437
 Lithium     4.200  4.215  4.399  4.456
 Beryllium   4.151  4.130  4.228  4.380  4.477
 Boron       4.175  4.149  4.206  4.253  4.392  4.551
 Carbon      4.146  4.140  4.222  4.265  4.402  4.498  4.675
 Nitrogen    4.070  4.126  4.224  4.277  4.418  4.457  4.576  4.774
 Oxygen      4.077  4.135  4.233  4.409  4.442  4.469  4.526  4.671  4.841
 Fluorine    4.066  4.151  4.220  4.400  4.442  4.473  4.527  4.622  4.770  4.883
 Neon        4.072  4.164  4.218  4.387  4.443  4.466  4.523  4.603  4.718  4.836  4.909
 Sodium      4.110  4.168  4.213  4.346  4.436  4.463  4.516  4.619  4.725  4.817  4.890  4.931
 Magnesium   4.153  4.148  4.217  4.321  4.424  4.451  4.488  4.575  4.677  4.772  4.855  4.914  4.944
 Aluminium   4.193  4.172  4.206  4.229  4.338  4.431  4.470  4.547  4.655  4.769  4.854  4.906  4.940  4.958
 Silicon     4.157  4.139  4.214  4.229  4.296  4.405  4.450  4.512  4.661  4.798  4.880  4.915  4.940  4.957  4.968
 Phosphorus  4.159  4.159  4.214  4.240  4.282  4.368  4.438  4.493  4.594  4.726  4.841  4.902  4.931  4.949  4.962  4.976
 Sulphur     4.134  4.131  4.210  4.257  4.322  4.339  4.416  4.476  4.571  4.703  4.814  4.880  4.921  4.941  4.953  4.966  4.989
 Chlorine    4.131  4.132  4.202  4.261  4.363  4.381  4.418  4.472  4.539  4.638  4.763  4.865  4.917  4.943  4.954  4.963  4.976
             4.988
 Argon       4.064  4.118  4.195  4.259  4.369  4.412  4.460  4.483  4.544  4.627  4.727  4.822  4.893  4.931  4.950  4.959  4.966
             4.986  4.988
 Potassium   4.113  4.151  4.210  4.267  4.337  4.417  4.476  4.508  4.552  4.615  4.706  4.799  4.876  4.925  4.949  4.959  4.968
             4.976  4.988
 Calcium     4.161  4.169  4.192  4.244  4.357  4.406  4.466  4.523  4.583  4.618  4.698  4.779  4.854  4.906  4.936  4.952  4.962
             4.971  4.981  4.988
 Scandium    4.086  4.088  4.127  4.228  4.353  4.404  4.461  4.515  4.602  4.661  4.723  4.780  4.846  4.894  4.927  4.947  4.958
             4.968  4.983  4.988
 Titanium    4.092  4.091  4.152  4.231  4.277  4.408  4.450  4.511  4.587  4.678  4.745  4.786  4.844  4.895  4.926  4.946  4.959
             4.965  4.982  4.988
 Vanadium    4.086  4.092  4.148  4.224  4.249  4.400  4.441  4.492  4.573  4.659  4.764  4.806  4.847  4.889  4.927  4.947  4.958
             4.967  4.976  4.988
 Chromium    4.090  4.085  4.163  4.229  4.258  4.394  4.436  4.485  4.554  4.647  4.743  4.814  4.854  4.893  4.913  4.940  4.955
             4.964  4.970  4.986  4.988
 Manganese   4.085  4.088  4.168  4.231  4.260  4.404  4.451  4.505  4.577  4.675  4.761  4.825  4.888  4.908  4.932  4.943  4.959
             4.968  4.973  4.982  4.988
 Iron        4.099  4.090  4.165  4.231  4.340  4.390  4.447  4.481  4.581  4.703  4.825  4.891  4.925  4.943  4.953  4.958  4.965
             4.972  4.976  4.980  4.988
 Cobalt      4.104  4.107  4.176  4.224  4.248  4.386  4.425  4.467  4.526  4.612  4.716  4.799  4.865  4.905  4.930  4.940  4.949
             4.958  4.967  4.973  4.983  4.988
 Nickel      4.110  4.112  4.189  4.233  4.318  4.391  4.438  4.464  4.513  4.599  4.711  4.791  4.862  4.904  4.927  4.944  4.951
             4.957  4.963  4.971  4.979  4.988
 Copper      4.086  4.082  4.166  4.231  4.319  4.384  4.437  4.455  4.497  4.578  4.690  4.802  4.865  4.911  4.933  4.948  4.959
             4.962  4.967  4.969  4.977  4.988
 Zinc        4.084  4.085  4.162  4.215  4.283  4.378  4.434  4.452  4.490  4.561  4.660  4.758  4.834  4.888  4.920  4.940  4.953
             4.961  4.965  4.970  4.972  4.983  4.988

               1      2      3      4      5      6      7      8      9     10     11     12     13     14     15     16     17
              18     19     20     21     22     23     24     25     26     27     28     29     30

 Hydrogen    4.102  4.304  4.064 (H2)                  Log10 Mean Temperature (over area)
 Helium      4.126  4.240  4.470
 Lithium     4.212  4.231  4.418  4.490
 Beryllium   4.159  4.140  4.253  4.422  4.546
 Boron       4.187  4.160  4.225  4.295  4.459  4.656
 Carbon      4.157  4.154  4.246  4.296  4.448  4.568  4.766
 Nitrogen    4.071  4.131  4.242  4.313  4.446  4.504  4.665  4.839
 Oxygen      4.078  4.142  4.252  4.426  4.457  4.491  4.581  4.756  4.884
 Fluorine    4.068  4.167  4.237  4.417  4.455  4.498  4.571  4.687  4.828  4.911
 Neon        4.075  4.179  4.235  4.407  4.451  4.488  4.570  4.659  4.774  4.874  4.927
 Sodium      4.120  4.182  4.226  4.371  4.446  4.484  4.563  4.677  4.774  4.853  4.911  4.942
 Magnesium   4.161  4.156  4.226  4.342  4.434  4.465  4.524  4.631  4.732  4.817  4.886  4.929  4.951
 Aluminium   4.199  4.181  4.214  4.242  4.369  4.447  4.502  4.603  4.715  4.817  4.886  4.924  4.949  4.962
 Silicon     4.165  4.147  4.223  4.238  4.324  4.425  4.474  4.568  4.730  4.842  4.903  4.929  4.949  4.961  4.970
 Phosphorus  4.167  4.170  4.228  4.260  4.312  4.398  4.461  4.537  4.656  4.781  4.874  4.921  4.942  4.955  4.966  4.977
 Sulphur     4.139  4.138  4.228  4.283  4.362  4.379  4.445  4.512  4.632  4.759  4.851  4.903  4.934  4.949  4.959  4.968  4.989
 Chlorine    4.136  4.140  4.219  4.290  4.404  4.425  4.455  4.502  4.581  4.693  4.813  4.895  4.932  4.951  4.960  4.966  4.977
             4.988
 Argon       4.064  4.124  4.210  4.284  4.408  4.452  4.497  4.516  4.581  4.670  4.773  4.858  4.913  4.942  4.956  4.963  4.969
             4.986  4.988
 Potassium   4.120  4.163  4.226  4.293  4.388  4.451  4.511  4.551  4.592  4.656  4.746  4.837  4.901  4.938  4.956  4.963  4.970
             4.977  4.988
 Calcium     4.168  4.179  4.209  4.268  4.396  4.443  4.501  4.571  4.633  4.663  4.735  4.811  4.879  4.922  4.946  4.958  4.966
             4.972  4.981  4.988
 Scandium    4.088  4.090  4.139  4.251  4.395  4.440  4.493  4.561  4.656  4.713  4.762  4.812  4.869  4.911  4.937  4.954  4.962
             4.970  4.983  4.988
 Titanium    4.094  4.093  4.163  4.252  4.317  4.439  4.485  4.554  4.643  4.732  4.789  4.820  4.869  4.911  4.936  4.952  4.963
             4.968  4.982  4.988
 Vanadium    4.087  4.094  4.155  4.237  4.272  4.428  4.474  4.538  4.628  4.716  4.806  4.843  4.875  4.908  4.937  4.953  4.962
             4.969  4.977  4.988
 Chromium    4.091  4.086  4.168  4.242  4.282  4.421  4.462  4.523  4.611  4.707  4.791  4.849  4.881  4.911  4.926  4.947  4.960
             4.967  4.972  4.986  4.988
 Manganese   4.087  4.089  4.173  4.244  4.287  4.429  4.477  4.550  4.635  4.725  4.804  4.860  4.909  4.925  4.943  4.952  4.963
             4.970  4.975  4.982  4.988
 Iron        4.100  4.091  4.172  4.244  4.368  4.415  4.460  4.518  4.653  4.775  4.865  4.913  4.937  4.951  4.959  4.962  4.968
             4.974  4.977  4.981  4.988
 Cobalt      4.105  4.108  4.181  4.234  4.268  4.411  4.447  4.495  4.575  4.672  4.769  4.840  4.892  4.922  4.941  4.949  4.956
             4.962  4.970  4.975  4.984  4.988
 Nickel      4.111  4.113  4.195  4.243  4.345  4.414  4.451  4.486  4.555  4.656  4.763  4.834  4.889  4.921  4.938  4.951  4.957
             4.962  4.967  4.973  4.979  4.988
 Copper      4.087  4.083  4.173  4.241  4.343  4.407  4.448  4.475  4.537  4.637  4.750  4.846  4.894  4.927  4.943  4.954  4.963
             4.966  4.969  4.971  4.978  4.988
 Zinc        4.087  4.090  4.176  4.228  4.314  4.403  4.445  4.470  4.525  4.613  4.715  4.805  4.868  4.910  4.934  4.948  4.958
             4.965  4.968  4.972  4.973  4.983  4.988

               1      2      3      4      5      6      7      8      9     10     11     12     13     14     15     16     17
              18     19     20     21     22     23     24     25     26     27     28     29     30

 Hydrogen    4.110  4.440  4.065 (H2)                  Log10 Mean Temperature (over radius)
 Helium      4.143  4.264  4.554
 Lithium     4.225  4.250  4.439  4.580
 Beryllium   4.170  4.155  4.291  4.466  4.660
 Boron       4.207  4.179  4.256  4.359  4.541  4.758
 Carbon      4.175  4.178  4.280  4.337  4.495  4.657  4.834
 Nitrogen    4.072  4.139  4.270  4.357  4.471  4.566  4.754  4.883
 Oxygen      4.079  4.152  4.275  4.439  4.476  4.525  4.654  4.825  4.912
 Fluorine    4.070  4.188  4.259  4.431  4.472  4.534  4.623  4.753  4.873  4.930
 Neon        4.079  4.199  4.255  4.422  4.465  4.523  4.622  4.714  4.824  4.902  4.940
 Sodium      4.133  4.198  4.242  4.394  4.459  4.517  4.617  4.730  4.815  4.883  4.927  4.950
 Magnesium   4.170  4.166  4.238  4.364  4.446  4.488  4.571  4.687  4.781  4.854  4.908  4.940  4.957
 Aluminium   4.208  4.191  4.223  4.257  4.399  4.470  4.547  4.661  4.769  4.856  4.908  4.937  4.955  4.965
 Silicon     4.177  4.157  4.235  4.251  4.355  4.446  4.512  4.635  4.786  4.874  4.920  4.940  4.955  4.965  4.972
 Phosphorus  4.178  4.186  4.247  4.286  4.348  4.426  4.493  4.592  4.717  4.827  4.900  4.934  4.951  4.961  4.969  4.978
 Sulphur     4.145  4.150  4.254  4.317  4.400  4.416  4.474  4.559  4.692  4.806  4.880  4.920  4.944  4.956  4.963  4.971  4.989
 Chlorine    4.142  4.151  4.245  4.327  4.434  4.459  4.484  4.536  4.628  4.748  4.854  4.916  4.943  4.958  4.964  4.969  4.978
             4.988
 Argon       4.065  4.133  4.233  4.317  4.438  4.483  4.530  4.549  4.619  4.716  4.816  4.887  4.928  4.950  4.961  4.966  4.971
             4.986  4.988
 Potassium   4.129  4.178  4.248  4.325  4.427  4.482  4.546  4.592  4.629  4.695  4.786  4.870  4.920  4.947  4.961  4.967  4.972
             4.977  4.988
 Calcium     4.178  4.191  4.233  4.299  4.426  4.474  4.540  4.616  4.675  4.702  4.769  4.841  4.901  4.935  4.953  4.963  4.969
             4.974  4.981  4.988
 Scandium    4.089  4.093  4.159  4.282  4.425  4.468  4.530  4.612  4.703  4.755  4.794  4.839  4.889  4.924  4.946  4.959  4.966
             4.972  4.983  4.988
 Titanium    4.096  4.095  4.180  4.281  4.365  4.465  4.522  4.603  4.696  4.775  4.823  4.849  4.889  4.924  4.944  4.957  4.966
             4.970  4.982  4.988
 Vanadium    4.088  4.096  4.163  4.256  4.304  4.452  4.508  4.588  4.681  4.764  4.840  4.872  4.896  4.922  4.945  4.958  4.966
             4.971  4.978  4.988
 Chromium    4.093  4.087  4.176  4.260  4.314  4.444  4.492  4.571  4.667  4.757  4.829  4.877  4.901  4.924  4.937  4.953  4.963
             4.969  4.974  4.986  4.988
 Manganese   4.088  4.091  4.181  4.262  4.320  4.452  4.511  4.599  4.686  4.770  4.840  4.888  4.925  4.938  4.951  4.958  4.967
             4.972  4.976  4.982  4.988
 Iron        4.101  4.092  4.183  4.260  4.390  4.434  4.482  4.572  4.722  4.826  4.893  4.929  4.947  4.957  4.963  4.966  4.971
             4.975  4.978  4.981  4.988
 Cobalt      4.106  4.109  4.188  4.249  4.295  4.431  4.470  4.533  4.630  4.727  4.813  4.871  4.912  4.935  4.949  4.955  4.961
             4.966  4.972  4.976  4.984  4.988
 Nickel      4.113  4.115  4.202  4.257  4.370  4.431  4.467  4.519  4.607  4.711  4.808  4.867  4.909  4.934  4.947  4.957  4.962
             4.965  4.969  4.974  4.980  4.988
 Copper      4.089  4.085  4.182  4.254  4.365  4.425  4.462  4.505  4.587  4.697  4.801  4.878  4.914  4.938  4.951  4.960  4.966
             4.969  4.972  4.973  4.979  4.988
 Zinc        4.091  4.097  4.193  4.242  4.343  4.421  4.457  4.496  4.570  4.668  4.765  4.843  4.894  4.926  4.944  4.955  4.963
             4.968  4.970  4.973  4.975  4.984  4.988

               1      2      3      4      5      6      7      8      9     10     11     12     13     14     15     16     17
              18     19     20     21     22     23     24     25     26     27     28     29     30

 Hydrogen    4.116  4.292  4.070 (H2)          Log10 Mean Temperature (over volume*electron density)
 Helium      4.147  4.245  4.449
 Lithium     4.218  4.236  4.413  4.463
 Beryllium   4.170  4.155  4.255  4.409  4.492
 Boron       4.197  4.174  4.229  4.291  4.427  4.571
 Carbon      4.170  4.171  4.250  4.294  4.430  4.514  4.687
 Nitrogen    4.079  4.141  4.245  4.309  4.436  4.474  4.589  4.780
 Oxygen      4.085  4.152  4.254  4.423  4.450  4.474  4.535  4.680  4.844
 Fluorine    4.078  4.185  4.242  4.414  4.448  4.478  4.535  4.630  4.775  4.885
 Neon        4.089  4.195  4.240  4.404  4.446  4.471  4.532  4.612  4.723  4.838  4.910
 Sodium      4.141  4.195  4.231  4.368  4.441  4.468  4.525  4.627  4.729  4.819  4.891  4.931
 Magnesium   4.171  4.168  4.230  4.340  4.430  4.455  4.496  4.584  4.683  4.775  4.857  4.914  4.944
 Aluminium   4.204  4.190  4.218  4.243  4.365  4.439  4.478  4.557  4.662  4.772  4.856  4.906  4.940  4.958
 Silicon     4.175  4.158  4.226  4.240  4.320  4.418  4.458  4.523  4.670  4.802  4.881  4.915  4.940  4.957  4.968
 Phosphorus  4.178  4.183  4.231  4.260  4.309  4.391  4.448  4.503  4.603  4.731  4.843  4.903  4.932  4.949  4.963  4.976
 Sulphur     4.149  4.151  4.233  4.282  4.356  4.370  4.433  4.486  4.581  4.709  4.816  4.881  4.921  4.941  4.953  4.966  4.989
 Chlorine    4.147  4.153  4.225  4.289  4.395  4.412  4.440  4.482  4.547  4.644  4.767  4.867  4.918  4.944  4.954  4.963  4.976
             4.988
 Argon       4.070  4.139  4.217  4.283  4.400  4.437  4.476  4.494  4.551  4.632  4.730  4.824  4.894  4.931  4.950  4.959  4.966
             4.986  4.988
 Potassium   4.136  4.177  4.231  4.292  4.382  4.438  4.487  4.519  4.560  4.621  4.709  4.801  4.877  4.925  4.949  4.959  4.968
             4.976  4.988
 Calcium     4.178  4.188  4.218  4.269  4.390  4.431  4.478  4.534  4.592  4.625  4.701  4.781  4.855  4.906  4.937  4.953  4.963
             4.971  4.981  4.988
 Scandium    4.096  4.100  4.158  4.254  4.390  4.429  4.473  4.525  4.611  4.668  4.727  4.782  4.847  4.895  4.927  4.947  4.958
             4.968  4.983  4.988
 Titanium    4.103  4.103  4.174  4.254  4.314  4.429  4.466  4.520  4.596  4.685  4.749  4.788  4.846  4.896  4.926  4.946  4.959
             4.965  4.982  4.988
 Vanadium    4.095  4.104  4.164  4.239  4.272  4.420  4.457  4.505  4.583  4.666  4.767  4.808  4.849  4.890  4.928  4.947  4.958
             4.967  4.976  4.988
 Chromium    4.100  4.095  4.175  4.243  4.281  4.415  4.449  4.494  4.565  4.655  4.747  4.816  4.855  4.894  4.914  4.940  4.955
             4.964  4.970  4.986  4.988
 Manganese   4.096  4.099  4.180  4.246  4.286  4.422  4.461  4.515  4.588  4.681  4.764  4.827  4.889  4.909  4.932  4.944  4.959
             4.968  4.973  4.982  4.988
 Iron        4.107  4.098  4.179  4.245  4.366  4.411  4.451  4.489  4.592  4.712  4.827  4.892  4.925  4.943  4.953  4.958  4.965
             4.972  4.976  4.980  4.988
 Cobalt      4.111  4.115  4.185  4.236  4.269  4.407  4.438  4.475  4.535  4.621  4.722  4.802  4.867  4.906  4.930  4.940  4.949
             4.958  4.967  4.973  4.983  4.988
 Nickel      4.119  4.121  4.198  4.245  4.343  4.410  4.444  4.470  4.521  4.607  4.716  4.795  4.864  4.904  4.927  4.944  4.951
             4.957  4.963  4.971  4.979  4.988
 Copper      4.097  4.094  4.181  4.243  4.342  4.404  4.443  4.462  4.505  4.587  4.697  4.805  4.866  4.912  4.934  4.948  4.959
             4.962  4.967  4.969  4.977  4.988
 Zinc        4.101  4.107  4.191  4.232  4.315  4.399  4.440  4.458  4.497  4.570  4.666  4.762  4.836  4.889  4.920  4.940  4.953
             4.961  4.965  4.970  4.972  4.983  4.988

               1      2      3      4      5      6      7      8      9     10     11     12     13     14     15     16     17
              18     19     20     21     22     23     24     25     26     27     28     29     30

 Hydrogen    4.126  4.370  4.070 (H2)          Log10 Mean Temperature (over area*electron density)
 Helium      4.166  4.267  4.485
 Lithium     4.230  4.254  4.429  4.503
 Beryllium   4.182  4.171  4.289  4.442  4.564
 Boron       4.217  4.193  4.258  4.344  4.487  4.670
 Carbon      4.189  4.197  4.282  4.330  4.466  4.583  4.772
 Nitrogen    4.080  4.151  4.271  4.349  4.456  4.517  4.676  4.843
 Oxygen      4.086  4.164  4.277  4.435  4.463  4.498  4.590  4.762  4.886
 Fluorine    4.082  4.205  4.262  4.427  4.460  4.505  4.579  4.694  4.831  4.912
 Neon        4.095  4.212  4.259  4.418  4.455  4.496  4.578  4.666  4.778  4.876  4.928
 Sodium      4.155  4.210  4.245  4.389  4.450  4.491  4.572  4.683  4.777  4.855  4.911  4.942
 Magnesium   4.180  4.179  4.240  4.360  4.440  4.471  4.533  4.638  4.736  4.820  4.887  4.929  4.951
 Aluminium   4.212  4.199  4.227  4.258  4.392  4.455  4.512  4.611  4.720  4.820  4.887  4.924  4.949  4.962
 Silicon     4.187  4.170  4.237  4.252  4.349  4.435  4.484  4.579  4.735  4.844  4.904  4.930  4.949  4.962  4.970
 Phosphorus  4.188  4.199  4.250  4.285  4.342  4.416  4.471  4.548  4.663  4.784  4.876  4.921  4.943  4.956  4.966  4.977
 Sulphur     4.156  4.164  4.258  4.314  4.392  4.405  4.457  4.522  4.640  4.763  4.853  4.903  4.934  4.950  4.959  4.968  4.989
 Chlorine    4.153  4.166  4.250  4.324  4.425  4.444  4.467  4.510  4.587  4.698  4.816  4.896  4.933  4.952  4.960  4.967  4.977
             4.988
 Argon       4.071  4.149  4.239  4.314  4.428  4.466  4.506  4.524  4.587  4.675  4.776  4.859  4.914  4.942  4.956  4.963  4.969
             4.986  4.988
 Potassium   4.147  4.192  4.252  4.322  4.417  4.464  4.519  4.559  4.598  4.660  4.749  4.839  4.902  4.938  4.956  4.963  4.970
             4.977  4.988
 Calcium     4.187  4.200  4.240  4.298  4.418  4.457  4.510  4.579  4.639  4.668  4.738  4.813  4.880  4.922  4.946  4.958  4.966
             4.972  4.981  4.988
 Scandium    4.098  4.104  4.178  4.283  4.418  4.454  4.502  4.570  4.662  4.718  4.764  4.814  4.870  4.911  4.938  4.954  4.962
             4.970  4.983  4.988
 Titanium    4.105  4.106  4.192  4.281  4.357  4.452  4.495  4.563  4.650  4.736  4.791  4.822  4.870  4.911  4.936  4.952  4.963
             4.968  4.982  4.988
 Vanadium    4.097  4.106  4.173  4.258  4.302  4.441  4.484  4.548  4.635  4.721  4.808  4.845  4.876  4.908  4.938  4.953  4.962
             4.969  4.977  4.988
 Chromium    4.101  4.096  4.183  4.261  4.311  4.435  4.472  4.533  4.619  4.712  4.794  4.851  4.882  4.911  4.927  4.947  4.960
             4.967  4.972  4.986  4.988
 Manganese   4.098  4.101  4.188  4.263  4.317  4.441  4.486  4.559  4.642  4.729  4.806  4.862  4.910  4.926  4.943  4.952  4.963
             4.970  4.975  4.982  4.988
 Iron        4.109  4.100  4.191  4.261  4.388  4.428  4.465  4.528  4.662  4.779  4.866  4.914  4.938  4.951  4.959  4.963  4.969
             4.974  4.977  4.981  4.988
 Cobalt      4.112  4.116  4.193  4.251  4.294  4.425  4.456  4.503  4.584  4.678  4.773  4.842  4.893  4.923  4.941  4.949  4.956
             4.962  4.970  4.975  4.984  4.988
 Nickel      4.120  4.122  4.206  4.258  4.367  4.426  4.456  4.494  4.564  4.663  4.767  4.836  4.890  4.921  4.939  4.952  4.957
             4.962  4.967  4.973  4.979  4.988
 Copper      4.099  4.097  4.190  4.255  4.363  4.421  4.453  4.482  4.546  4.644  4.754  4.848  4.895  4.927  4.944  4.955  4.963
             4.966  4.970  4.971  4.978  4.988
 Zinc        4.106  4.117  4.207  4.246  4.342  4.417  4.449  4.477  4.533  4.621  4.720  4.807  4.869  4.910  4.934  4.949  4.959
             4.965  4.968  4.972  4.973  4.983  4.988

               1      2      3      4      5      6      7      8      9     10     11     12     13     14     15     16     17
              18     19     20     21     22     23     24     25     26     27     28     29     30

 Hydrogen    4.148  4.516  4.071 (H2)          Log10 Mean Temperature (over radius*electron density)
 Helium      4.192  4.294  4.577
 Lithium     4.243  4.274  4.450  4.601
 Beryllium   4.198  4.198  4.335  4.483  4.675
 Boron       4.247  4.226  4.303  4.407  4.561  4.766
 Carbon      4.221  4.239  4.321  4.372  4.510  4.669  4.837
 Nitrogen    4.081  4.168  4.306  4.390  4.480  4.578  4.761  4.884
 Oxygen      4.087  4.184  4.303  4.445  4.483  4.533  4.663  4.829  4.913
 Fluorine    4.088  4.230  4.285  4.439  4.478  4.542  4.630  4.758  4.875  4.930
 Neon        4.105  4.233  4.280  4.431  4.470  4.532  4.629  4.719  4.826  4.903  4.941
 Sodium      4.173  4.226  4.261  4.409  4.464  4.526  4.625  4.734  4.817  4.884  4.927  4.950
 Magnesium   4.191  4.192  4.252  4.381  4.452  4.495  4.580  4.692  4.784  4.856  4.909  4.941  4.957
 Aluminium   4.222  4.211  4.237  4.278  4.417  4.478  4.556  4.668  4.773  4.858  4.909  4.937  4.955  4.966
 Silicon     4.206  4.186  4.252  4.268  4.379  4.455  4.523  4.643  4.790  4.876  4.921  4.941  4.955  4.965  4.972
 Phosphorus  4.202  4.222  4.275  4.317  4.377  4.441  4.503  4.601  4.722  4.829  4.901  4.935  4.951  4.961  4.969  4.978
 Sulphur     4.166  4.185  4.292  4.351  4.421  4.435  4.484  4.568  4.698  4.809  4.881  4.920  4.944  4.956  4.963  4.971  4.989
 Chlorine    4.162  4.185  4.284  4.362  4.446  4.471  4.493  4.543  4.634  4.752  4.856  4.916  4.944  4.958  4.964  4.969  4.978
             4.988
 Argon       4.072  4.164  4.270  4.349  4.451  4.492  4.537  4.555  4.624  4.720  4.818  4.888  4.929  4.950  4.961  4.966  4.971
             4.986  4.988
 Potassium   4.162  4.214  4.278  4.354  4.443  4.492  4.553  4.598  4.634  4.698  4.789  4.871  4.921  4.948  4.961  4.967  4.972
             4.977  4.988
 Calcium     4.198  4.216  4.269  4.332  4.440  4.484  4.548  4.622  4.679  4.706  4.771  4.843  4.902  4.935  4.953  4.963  4.969
             4.974  4.981  4.988
 Scandium    4.101  4.108  4.210  4.318  4.438  4.478  4.538  4.619  4.707  4.757  4.796  4.840  4.890  4.925  4.946  4.959  4.966
             4.972  4.983  4.988
 Titanium    4.108  4.110  4.220  4.317  4.398  4.474  4.530  4.611  4.701  4.777  4.825  4.850  4.890  4.924  4.944  4.957  4.966
             4.970  4.982  4.988
 Vanadium    4.098  4.109  4.188  4.282  4.338  4.462  4.518  4.596  4.686  4.767  4.841  4.873  4.897  4.923  4.946  4.958  4.966
             4.971  4.978  4.988
 Chromium    4.103  4.098  4.195  4.284  4.345  4.454  4.500  4.579  4.673  4.761  4.831  4.878  4.902  4.925  4.937  4.953  4.963
             4.970  4.974  4.986  4.988
 Manganese   4.100  4.104  4.200  4.285  4.352  4.461  4.520  4.606  4.691  4.773  4.842  4.889  4.926  4.938  4.951  4.958  4.967
             4.973  4.976  4.982  4.988
 Iron        4.111  4.101  4.207  4.280  4.405  4.442  4.489  4.582  4.727  4.828  4.894  4.929  4.947  4.957  4.963  4.966  4.971
             4.975  4.978  4.981  4.988
 Cobalt      4.113  4.118  4.204  4.270  4.323  4.441  4.478  4.542  4.637  4.732  4.815  4.873  4.912  4.935  4.949  4.955  4.961
             4.966  4.972  4.976  4.984  4.988
 Nickel      4.122  4.124  4.217  4.273  4.388  4.440  4.473  4.527  4.614  4.716  4.810  4.868  4.910  4.934  4.947  4.957  4.962
             4.966  4.969  4.975  4.980  4.988
 Copper      4.101  4.100  4.202  4.270  4.382  4.435  4.468  4.513  4.595  4.703  4.804  4.879  4.915  4.939  4.951  4.960  4.966
             4.969  4.972  4.973  4.979  4.988
 Zinc        4.114  4.131  4.225  4.261  4.365  4.431  4.463  4.504  4.578  4.673  4.768  4.845  4.895  4.926  4.944  4.955  4.963
             4.968  4.970  4.974  4.975  4.984  4.988

               1      2      3      4      5      6      7      8      9     10     11     12     13     14     15     16     17
              18     19     20     21     22     23     24     25     26     27     28     29     30
CIV QSO  

---------------Convergence statistics---------------
      1.65 mean iterations/state convergence
      2.03 mean cx acceleration loops/iteration
      1.42 mean iso convergence loops/ion solve
         1 mean steps/chemistry solve
         1 mean step length searches/chemistry step
----------------------------------------------------

 Cloudy ends: 245 zones, 3 iterations, 1 caution. (single thread) ExecTime(s) 300.16
 [Stop in cdMain at maincl.cpp:496, Cloudy exited OK]
